ID,描述
ID,Desc
1,Cannot sleep in current status
2,Can’t sleep here. You need a bed
3,Can’t sleep during the day
4,Too far from the sleeping bag
5,It's too hot to pour water here
6,The sleeping bed is unavailable in the Flamas
7,Need More Ammo
8,Uploading/Downloading map. Please try again later
9,Downloading map. Please try again later
10,Archive limit reached. Please delete some unused maps.
11,Your map is shared successfully. Tell your friends to download it!
12,Network interrupted. Sharing function is stopped. Please reconnect and try again
13,Please select the map to enter!
14,Your request is being processed. You cannot enter the map until you finish uploading it.
15,The map has not been downloaded. You cannot enter it
16,Remove the map you are downloading now?
17,Are you sure you want to permanently delete this map?#cef2d2d (The backup of the map will also be deleted and you cannot undo this action)#n
18,Network Disconnected. Please share the map via WIFI
19,Network Disconnected. Please download the map via WIFI
20,Network Disconnected. Please update the map via WIFI
21,You’re currently using mobile data. Playing the game or use voice chat uses cellular data. Do you wish to continue?
22,Download interrupted due to an unstable network. Please reconnect and try again.
23,Seems like there’re no more maps. Come and share yours.
24,No more followed maps
25,Max number of follows reached. Unfollow some maps before following new ones
26,Map added successfully. View in My Follows
27,Do you wish to unfollow?
28,Max download number reached. Please delete some saved maps before adding new ones
29,Map download failed. Please check your network connection and try again
30,You have already rated this map today. You can rate once per day
31,You used all your Likes for today. Please try again tomorrow
32,"Limited map: create a fixed-size random terrain map, suitable for devices with average performance"
33,"Ultra-large map: create an infinite-size terrain map, suitable for higher performance devices"
34,"Flat terriain map: create a flat-terrain map, suitable for building buildings"
35,Select an item to craft.
36,Are you sure you want to remove your friend?
37,Poor network connection. Please try again later
38,Already friends
39,Max number of friends reached
40,You cannot add yourself
41,Failed to add friend. Please try again later
42,Friend removed successfully
43,The archived map cannot be downloaded in the game. Please try again at the main menu
44,No friends nearby. Please try again later
45,Enter name (can be numbers. letters or characters)
46,Name already exists (Tap the text to enter)
47,High-end
48,Mid-range
49,Low-end
50,Third Person
51,Back View
52,First Person
53,Vision
54,Vision
55,Vision (Near)
56,Storage is full!
57,Task points:
58,None
59,(Survival)
60,(Creation)
61,need @1
62,created @1×@2
63,Remove friend
64,@1 became your friend
65,Left the enchantment menu
66,Need more stars to enchant
67,No enchantment properties
68,Random Property
69,This item is enchanted
70,Sub-item will disappear after fusion
71,Please put in the sub-items
72,Select the item you want to enchant
73,Stars
74,Mini Coins
75,Available to enchant:
76,Available as the main items
77,Available as the sub-items
78,No suitable properties
79,@1 is successfully enchanted
80,Please put in items to enchant
81,Placed in the backpack from the enchantment screen
82,"Collect resources, build tools, shelters and explore the world"
83,You have infinite resources to build anything you can think of
84,Create a new save\n Start your adventure now
85,You have no new saves yet. #cfa7a0fCreate#n one now
86,Here are more maps to #cfa7a0fdownload! #n
87,Are you new to the game? We recommend starting with a tutorial for beginners
88,Select a character\n
89,Please select a character
90,Tutorial is not completed yet. Continue?
91,If you’re new. We recommend that you play #c0aaa1aguide map#n.
92,Tutorial Map
93,Arrived: Under World
94,Arrived: Above World
95,You lost the fight against @other
96,@self please pay attention to the oxygen consumption
97,@self stay away from high temperature objects
98,Higher ground is full of danger! Watch out!
99,You need a space suit
100,Look out for cactus!
101,So lucky! You should go buy lottery today.
102,You are poisoned. Cure it by drinking some fresh milk
103,@self decayed like a flower.
104,You are in Running mode
105,You are in Sneaking mode
106,Come to my adventure room now! We are waiting for you!
107,This adventure room is cool! I just can't stop
108,Who wants to come to my adventure room now?
109,Let’s be friends! Come to my adventure room now!
110,Who can help me gather some ores? Come to my adventure room now!
111,Come to my creation room now! Lots of fun here
112,Come to my creation room now!  Let’s party!
113,I spent lots of effort to build this creation room! Everyone is welcome
114,My creation room is wating for you!
115,I have a big house in my creation room. Come and have a look!
116,It’s a full moon. A special night indeed...
117,"The moon has disappeared, this is a special night’"
118,Here are so many goodies. What do you need? Maybe you can go search for my brothers and sisters in the desert and the ice-field.
119,I grow up in a desert. I want to turn my hometown into an oasis!
120,It’s cold in the ice field. I need lots of goodies. Can you give some to me?
121,Inappropriate words detected. Please reenter
122,This is the host’s storage box . You can’t open it.
123,Enter a new name
124,Need
125,Name cannot be changed in archives
126,Congratulations! The name is successfully changed to
127,Failed to change the name. Please check the network and try again
128,Purchased items are stored in Pack
129,Tap the item in the save to withdraw it into the Backpack. Mount shards have been moved to the mount shard warehouse. #cfa7a0fTap to view.#n
130,Only the host can use this item
131,Purchased successfully. Please go to the warehouse at the bottom left to check your purchase
132,successfully taken out. Please have a look in the backpack
133,Extreme adventure score:
134,"You're quit from game, please try other (0)"
135,Connection failed. The host has closed down multiplayer room
136,The room is closed.
137,Unable to enter. Failed to download the map or the map is damaged (please backup before sharing).
138,Activity level:
139,Achievements unlocked:
140,Information
141,Avatar
142,Usage
143,Unlock
144,Enter the author’s UID
145,UID
146,Poor network connection. Please try again later
147,Select a category
148,Normal
149,Good
150,Excellent
151,Room owners you followed are taking a rest right now...
152,"Sorry, please refresh the map list and try again."
153,Name
154,Player
155,Sort
156,Description
157,Update now
158,Game version is too low. Please update to newest one
159,This saved map cannot be downloaded for recovered because the map was not shared
160,You have to re-download the archive. Are you sure you want to download it now?
161,Uploading/downloading stopped due to unstable network. Please check the network and try again
162,No followed maps. Check what others are sharing
163,Save data will be converted when entering the game. It may take a moment. Please do not exit the game.
164,Room entered last time
165,You are cheating. The consequences are serious
166,Title
167,Tag
168,Type
169,Intro
170,Public
171,Private
172,A well-writen description can attract more\n people to download the map\n (Up to 60 characters)
173,Share the update
174,My followers
175,Enter UID
176,My sharing
177,Back
178,This is a fun map!
179,"If you like the map, please rate it!"
180,Confirm
181,Archive name cannot be blank
182,Mount’s Power
183,Incubation time
184,Snapshot
185,Get
186,Use
187,Upgrade
188,You have not shared the archive
189,This player has no shared maps
190,Ranking by default
191,HOT
192,Rating
193,Hot Topic
194,Latest
195,Rankings
196,Activate
197,Speed up
198,Harvest
199,People who helped you:
200,The plant #c0aba1dgrows well#n
201,The plant is #cffda0athirsty#n
202,The plant is #cff3d2bexhausted#n
203,Possible to get:
204,Countdown:
205,(Speed up)
206,Activate
207,Visit Friend's Home
208,Scoreboard
209,Friends
210,Fans
211,Avatar
212,Name
213,Defeat
214,Friend
215,Mount
216,(Preview)
217,Wait for respawn
218,"Switch Account, please note:#r1. Don’t forget to upload important save files to prevent losses#r2. If you encounter a password error message, try to switch and login again"
219,The room is closed due to unstable network
220,Closing the game room will kick all players out
221,Exiting game will kick all players out
222,Start game: 3
223,Start game: 2
224,Start game: 1
225,Go!
226,Got it
227,Default
228,News
229,@self gives @other a heavy blow!
230,@self’s strike hits @other accurately!
231,@self sends @other back to the respawn point!
232,@self scored a double hit!
233,@self scored a triple hit!
234,@self is so sharp!
235,@self cannot be stopped!
236,@self is dominating the game!
237,@self is carrying the team to victory!
238,@self went berserk! Who can stop that?
239,@self is godlike!
240,@self is beyond godlike! Can anyone stop that?
241,Version update
242,No News Yet
243,@self finishes @other’s triple combo!
244,@self finishes @other’s sharpness!
245,@self finishes @other’s unstoppable state!
246,@self finishes @other’s domination of game!
247,@self finishes @other’s way to surpass god!
248,@self finishes @other’s craziness!
249,@self finishes @other’s god-like state!
250,@self finishes @other’s god-surpassing state!
251,Your current mount is ready to summon young mount now!
252,The horse can only be born after @num days in the game
253,You cannot sit down at current status
254,Too far to sit down
255,Travelling Trader
256,(New arrivals)
257,Welcome! May I help you?\n
258,leaving
259,Remaining:
260,Sold out
261,Street merchant
262,Street merchant leaving
263,Blueprint
264,"Ooh, ooh, ooh,What do you want?"
265,@Null@
266,"Failed to purchase, please try later"
267,The version is too low to update the skin
268,Get shards in Home or Events. Can be used after being unlocked in Home-Collect.
269,Unable to save due to insufficient space. Please clear the storage space and try again
270,Victory
271,Failures
272,Draw
273,Redeem code
274,Redeem code for gift bag
275,Activated!
276,Check rewards in Mall
277,Pack
278,@Null@
279,Please enter the redeem code to redeem gift pack.
280,@Null@
281,Redeem Codes!
282,"The network is unstable, please check the network connection"
283,The redeem code has been used. You can only receive same gifts once
284,The redeem code you entered is wrong
285,Congratulations! You have redeemed a gift pack
286,The network is unstable / the platform is incorrect or the same kind of gift package has been received
287,Long-press
288,Tap the ground to place the crafting table!
289,My Maps
290,Online
291,Common
292,Construction
293,Machinery
294,Backpack
295,Tools
296,Crops
297,Sundries
298,Blocks
299,Edit
300,"Lack #cfa7a0fTimber#n, dig wood to collect Timber"
301,"Select #cfa7a0fCrafting Table#n icon, then click the #cfa7a0fCraft#n button on the right"
302,"Lack of materials to craft #cfa7a0fStone Pickaxe#n, please cut down the tree to get#cfa7a0fTimbers#n"
303,"Select #cfa7a0fWood Pickaxe#n, then click the #cfa7a0fCraft#n button on the right"
304,Welcome to Mini World. Let's#cfa7a0ffamiliar with the operation#n. #cfa7a0fClick#n the screen
305,#cfa7a0fSwipe the screen#n to turn the view and face forward
306,#cfa7a0fSlide#n the joystick to #cfa7a0fmove#n. Try to walk forward
307,"#cfa7a0fLong press the block#n (where the arrow is pointing), keep collecting until you #cfa7a0fdestroy the block#n"
308,Excellent! All blocks can be damaged and collected. Click to #cfa7a0fClaim#n rewards
309,Follow the arrow to find trees. #cfa7a0fLong press#n tree Blocks (Finger) to get #cfa7a0fTimber#n
310,Excellent. Cut trees with an axe to #cfa7a0fcollect Timber#n faster
311,Now open the #cfa7a0fbackpack#n and craft a #cfa7a0fCrafting Table#n using #cfa7a0fTimber#n
312,Click #cfa7a0fCraft#n tag
313,#cfa7a0fCrafting Table#n can help you craft many advanced items. It's essential to your adventures
314,Put the new #cfa7a0fCrafting Table#n into the #cfa7a0fShortcut Bar#n and select it
315,Click ground to place the #cfa7a0fCrafting Table#n
316,#cfa7a0fClick#n to open the Crafting Table (Finger)
317,Create successfully. You can collect lower level ores with the #cfa7a0fwood pickaxe#n in game
318,"Click #cfa7a0fBread#n (put into the Shortcut Bar), and the #cfa7a0fUse button#n will appear"
319,#cfa7a0fLong press#n the #cfa7a0fUse button#n on the right to eat the bread
320,The #cfa7a0fUse button#n only appears when selecting usable items in the Item Shortcut Bar
321,Let’s learn how to put on the #cfa7a0fhelmet#n you just got. Open the backpack first
322,Tap the #cfa7a0fEquipment#n tag
323,Tap the #cfa7a0fhelmet#nto wear it
324,Description and properties of #cfa7a0fhelmet#n appear here. Tap the#cfa7a0fEquip#n button
325,Excellent！ Let’s fight some #cfa7a0fmonsters#n! Tap #cfa7a0f×#n on the upper left to close the menu
326,"Caution! A monster is approaching, #cfa7a0fSwipe the screen#n to left or right to face the monster. #cfa7a0fTap#n the monster to attack"
327,Congratulations! You have completed the new player training\n New Adventures are waiting for you! Let’s begin!
328,Name
329,Current task: #cfa7a0fGet familiar with the basic control#n
330,Cut trees and collect #cfa7a0fTimber#n
331,Task: Craft a #cfa7a0fCrafting Table#n
332,Make a #cfa7a0fwood pickaxe#n
333,Task: Eat some #cfa7a0fNoodles#n
334,Defeat a #cfa7a0fmonster#n
335,This map has been updated. Please download the latest version.
336,@Null@
337,@Null@
338,@Null@
339,System in maintenance! Cannot share maps temporarily.
340,Need more players to start a game
341,@Null@
342,Home level hasn't reached 2. Map sharing is only visible to you.
343,Account created less than 7 days. Map sharing is only visible to you.
344,The map only visible to you. Cannot be shared.
345,The author has not opened the download permission and cannot download
346,@Null@
347,@Null@
348,@Null@
349,Facebook
350,Active
351,Name
352,Author
353,login Failed - some functions will not be avaliable
354,"Updating,please wait"
355,@Null@
356,@Null@
357,Cannot log in across platforms
358,name contains invalid symbols
359,UID:
360,Current time:
361,Current version:
362,Free
363,(Ripe)
364,(Get 1)
365,(Get 10)
366,You’re in this friend’s Garden
367,@Null@
368,Summon Mount
369,Reward Received
370,Open again
371,10 more times
372,Mini Beans
373,Experience
374,Skills:
375,Effects:
376,Insufficient amount. You can get more via Garden fruits
377,Insufficient amount. You can get it via Garden fruits
378,Recipe
379,Materials from:
380,Unlocking progress
381,Confirm
382,It is not the time to get a mount yet
383,Fireworks(Free #c1b9e1eMini Beans#n as bonus)
384,This friend has not adopted a plant. Try others
385,"Insufficient Mini Beans,please purchase"
386,Server is busy. Please restart the game and try again
387,Recycle all
388,Recycle 1
389,Unlocked
390,"At Home - My Garden - Garden Fruit- Handbook unlocks, use it for fragments from activities or Garden Fruits"
391,You can’t summon a Prime Mount here!
392,Got a Prime Mount successfully
393,Watered successfully. Got EXP*@1 and Mini Beans *@2
394,Caught insects successfully. Got EXP*@1 and Mini Beans *@2
395,Garden
396,Add some friends now
397,Please go to the saves and tap the Mount button on the right of the screen to use it
398,Your plant feels much better!
399,Tap to check the rules for Garden fruits
400,Mini Beans:
401,Fruits:
402,Watering:
403,You only get a bonus once when you adopt a plant for the 1st time!
404,Sign in and help friends to water plants. You have a chance to get Mini Beans when the fruit is ripe. Adopt a plant for 1st time allows to get #c0aaa1aMini Beans x 200#n.
405,Wait for the fruits to mature naturally or grow them with Mini Beans. Ripe fruits will grant you shards to unlock mounts/character/skin and blocks.
406,Water the plants and they’ll grow faster. Help friends water plants and you’ll have a chance to gain Mini Beans and EXP.
407,Got it
408,Shards
409,Reward limit reached for today
410,Inconvenient tool
411,Room owner has set a protection rule. Visitors can ask the owner for permission
412,Access
413,Free
414,Visitor
415,Can damage and place blocks\n(can be disabled in game)
416,Cannot damage or place blocks\n(can be allowed during game)
417,Collect
418,Survival
419,Creation
420,Fight
421,Circuit
422,Puzzle
423,Parkour
424,Map size:
425,Downloads:
426,Your version is too old. Please update
427,General
428,Tutorial
429,Skip
430,Continue
431,Continue
432,Activate
433,Retry
434,Continue downloading
435,Purchase
436,Activate
437,Minute(s)
438,Sign-in reward
439,Can enter a worldterrain code
440,Commented successfully!
441,"Melee defense: @1, reduces melee and blast damages taken by @2%"
442,Unavailable
443,Cannot be re-opened at the same time
444,[Defense points would be affected by current durability ratio]
445,[Physical damage includes melee/long-range strike/blast]
446,kick #c0aaa1a@1#n out of room?
447,Kick out?
448,Failed to kick out!
449,Respawn in #cffda0a@1#n seconds
450,Show status
451,The host bans this item
452,You have successfully redeemed stars
453,Insufficient Coins. Buy #cfa7a0f@2 Mini Coins#n with #c0aaa1a$@1?#n
454,US$
455,Mini Coins
456,Insufficient Coins
457,US$
458,Purchase successful. Please check smile fireworks and Mini Beans in your pack.
459,Own
460,Redeem
461,Explore the Unknown
462,Create anything you want
463,Advanced Settings
464,Oh. Field adventure is always a little dangerous...
465,Unknown creatures
466,You still need #c0aaa1a@1 star#n. Do you want to spend #cfa7a0f@2 Mini Coins #nto make up the difference?
467,Use
468,to make up?
469,No enough stars
470,Respawn
471,Drop off all the items and respawn at respawning point
472,Resume
473,#c5aea0a1☆Respawn on the spot without losing items#n
474,Put items in
475,Primary items
476,Secondary items
477,Smelting
478,This enchantment will upgrade this attribute to Level @1
479,Level
480,More than 5 attributes. Tap Enchant to select
481,This attribute conflicts with others
482,Select
483,attributes
484,@1 attributes can be kept after smelting. Please select:
485,attributes. Please select:
486,Please select all @1 attributes
487,Got @1 @2
488,@Null@
489,Put in items to start smelting
490,Please take out smelted items first
491,Congratulations! You have completed the tutorial
492,Receive
493,New
494,Highest level
495,Cannot make 10 draws continuously without a golden fruit
496,Flamas
497,Dragon Scale Monument
498,Remove favorite
499,Added to Favorite successfully
500,Kicked @1 out of room
501,Kick out of room
502,times
503,Can be updated
504,You have downloaded this save
505,Enter his/her UID
506,Not connected to room server
507,Click the button on the right side to delete the save
508,Downloading:
509,Wait for download to start
510,Pause Download
511,Last login
512,Never logged in
513,Yesterday
514,days ago
515,This save cancelled upload
516,Logged in
517,Enter notes for map
518,World Exploration
519,Creation of World
520,Enter
521,Unfollow
522,Maps shared with fellows
523,Share this map to get
524,Default
525,Account does not exist
526,Account is frozen
527,Repeated Account name
528,Ver. Num
529,Creation Time (days)
530,Survived
531,Time:
532,Coordinates:
533,Altitude:
534,Purchasing in process
535,Acquire
536,(Enough acquired)
537,(Sold out)
538,Sell
539,Exchange
540,I have acquired all goods. Please refresh
541,I have sold all goods. Please refresh
542,Succeed
543,Redeem
544,You don't have enough items to exchange
545,Purchased successfully
546,All goods have been refreshed. Please select
547,Refresh
548,Consume
549,Shelf
550,Need
551,Tracking Tasks
552,@1 repaired successfully!
553,Please put in items to repair
554,Please put in repair materials
555,No enough stars
556,No repair needed
557,Durability:
558,hour(s)
559,seconds
560,Cooling time for laying eggs
561,Your mount is sleeping. Please wait for @1 seconds
562,Update Needed
563,You have no saved maps. So you cannot create a room
564,You haven’t added any games to Favorite
565,Limit reached. Please refresh
566,The room is full
567,Incorrect room password
568,Room has been closed by owner
569,No more room
570,Current network
571,Latest version
572,Client version not compatible with room version
573,Failed to connect
574,Enter the host’s UID
575,Tap to create a game
576,No games currently
577,Search results
578,Refresh
579,Select a save map first
580,Available Tags
581,Password
582,Please enter room password
583,Failed to create a character. Please check network
584,Basic
585,Control
586,Advanced
587,Basic
588,Control
589,Advanced
590,Name
591,Brightness
592,Hide UI
593,Peace mode
594,Music
595,Sound
596,Volume
597,Sensitivity
598,Invert Y-Axis
599,Left-hand mode
600,Crosshair
601,Auto Jump
602,Vibration
603,More games
604,Purchase Successful
605,More #c0aaa1a@2×@3 are needed for this @1 mount. You can use #cfa7a0fMini Coins#n to make up the difference
606,This mount still requires
607,You can also use
608,to  make up the difference
609,Insufficient
610,Go to Buy Coins?
611,Permanent
612,Time-limited offer: #cfa7a0f@1#n Day(s) #cfa7a0f@2#n Hour(s) #cfa7a0f@3#n Min(s) left
613,Failed to purchase. Please check the network
614,Cancel Use
615,@1 used successfully
616,Skills
617,Upgrade Skill
618,Activate
619,Upgrade talent
620,Used
621,Another#c0aaa1a @1×@2#n are required to activate this skill. You can spend #f7770f@2Mini Coins#n to  make up the difference.
622,More#c0aaa1a @1×@2#n are needed for upgrading this talent. You can also use #cfa7a0f@2Mini Coins#n  make up the difference
623,need
624,Time-limited: #cfa7a0f@1#n Day(s) #cfa7a0f@2#nHour(s) #cfa7a0f@3#n Min(s) left
625,Another #c0aaa1a@1×@2#n are required to upgrade this skill. You can also spend #cfa7a0f@2Mini Coins#n to  make up the difference
626,Discount
627,Purchased successfully
628,Sure to withdraw #cfa7a0f@1×1#n to put in your backpack?
629,Update Needed
630,Congratulations! You have unlocked @1
631,Cannot purchase due to network error
632,Unlock new mount:
633,Mount upgrade:
634,(Permanent)
635,@1 skin can be used for another @2 days!
636,Update Needed
637,Activated
638,Unlock
639,Buy now
640,Place
641,Store
642,Withdraw
643,Take off
644,Default Name
645,No enough shards for unlocking
646,See details in store
647,In backpack now
648,Task Completed！
649,Get items!
650,Picked up @2 @1
651,Moved @1 @2
652,Dropped @2 @1
653,Collection rewards:
654,Feedback
655,Feedback
656,"Wanna send feedback or screenshot?
Please send to : miniwantech@gmail.com"
657,QQ:
658,Mobile:
659,(Enter your QQ number)
660,(Enter your mobile phone number)
661,Submit
662,Recommendations submition limit reached today
663,Please enter you feedback before submitting
664,Feedback submitted successfully
665,Too many players submitting feedback now. Please try again later
666,(Locked)
667,Unlock
668,Reclaim
669,Reclaim
670,More #c0aaa1a@1×@2#n are needed for unlocking this item. You can also use #cfa7a0f@3#n to make up the difference
671,Rewards received successfully
672,Customize rules
673,Custom
674,’s Map
675,Create Map Settings
676,Default
677,Length
678,Size: (1 long block=16 blocks)
679,Width
680,Unlimited
681,Terrain
682,Default
683,Flat
684,Island
685,Create a map
686,Landform
687,Grassland
688,Desert
689,Forest
690,Ice field
691,Ocean
692,Cliff
693,Pine Forest
694,Jungle
695,Spawn:
696,Animals
697,Monsters
698,This landform is unavailable under this terrain
699,Enter code
700,#cfa7a0fThe Host kicks#n@1#cfa7a0f out of room#n
701,#cfa7a0fis kicked out of room#n
702,Need more @ItemName
703,Need more replacement items
704,Creative Custom Mode
705,Basic settings
706,Restore\nDefaults
707,Confirm saving
708,Time
709,Failed to pay!
710,Please enter numeric values!
711,Team
712,Score
713,Red team
714,Blue team
715,Green team
716,Purple team
717,Yellow team
718,Orange team
719,Trial
720,Edit Map
721,Failed to purchase. Please choose an other payment method
722,Payment in progress. Please wait
723,Help
724,Please check your network connection. Refresh a couple times may fix the problem.
725,Please update to the latest version
726,"If you have any problems or concerns about your purchase, please contact us using the infomation below. We will try to solve the issue as soon as we can. 

1. Click on the gear icon in the upper-right corner and tap Feedback button.
 
 2. Facebook: 
https://www.facebook.com/miniworldcreata
 
 3. Twitter: 
https://twitter.com/MiniWorld_EN

Note: Please provide your UID and attach screenshots to help us locate the problem. Thank you!"
727,Failed to charge. Please check network. If an amount has been deducted from your account. Please retry.
728,Shards owned
729,Enough Players Joined. Starting Game
730,Swamp
731,Share to get Mini Beans!
732,How to get Mini Beans
733,1. Share your dedicated link\n2. You will receive 20 Mini Beans when others click your link\n3. You can receive up to Mini Beans 5 times a day and 20 times a week.
734,Available now
735,This week
736,Copy link
737,Received rewards!
738,My dedicated link:
739,Copied to clipboard!
740,Choose one landform at least
741,Preparing
742,Starter supply chest
743,Revival supply chest
744,Starter supply chest: items players carry when starting the game
745,Revival supply chest: player get these items after respawn
746,Creation
747,Play mode
748,No team
749,Game over
750,Recommended settings
751,Default map settings can help you setup map faster
752,Parkour recommendation
753,Fight recommendation
754,Default
755,(Games)
756,Upper limit for rewards reached today
757,Reached this week’s reward limit
758,Received successfully
759,Incorrect data
760,You don’t have a UID yet
761,Failed to connect. Please open this page again
762,This UID is banned
763,Info
764,Comments
765,Tap or pull upwards to see more comments
766,No comment
767,Write your feedback on this map to help author improve (110 characters at most)
768,Failed to comment. Please try again
769,No comments yet
770,No more comments
771,Please check your internet connection and try again
772,Comments deleted successfully!
773,Failed to delete
774,(Higher Configuration)
775,Unable to view yourself
776,"Are you sure you want to cancel sharing？
#cef2d2d(Delete a file after canceling sharing will make this file unrestorable)"
777,You will get rewarded when someone clicks on your dedicated link.
778,Switching UID is disabled
779,Encrypting UID is disabled
780,Garden is closed
781,SMS charging is disabled
782,SDK charging is disabled
783,WeChat Payment
784,Alipay Payment
785,WeChat Payment is disabled
786,Alipay Payment is disabled
787,Cancel order
788,Issues
789,"Payment is in progress. If there is no response within 1 minute, there should be a network problem."
790,Buy 1
791,Buy 10
792,Double!
793,Time: #cfa7a0fNov 15 - Dec 15#n#rEvent: when certain number of #cfa7a0ftotal sign-in#n is reached during the event. You will receive some great rewards here.
794,Thanksgiving feedback
795,Happy Thanksgiving Gifts
796,1 day
797,2 days
798,3 days
799,4 days
800,5 days
801,6 days
802,7 days
803,8 days
804,9 days
805,10 days
806,Happy Thanksgiving Gifts
807,Character
808,Craft
809,Enchant
810,DEF
811,Arrange
812,Sort
813,All
814,Equip
815,Tools
816,Blocks
817,Materials
818,Test description of cream buns has 4 rows in total. Each with 12 characters Test description of cream buns has 4 rows in total. Each with 12 characters
819,Please swipe the screen to turn to @name
820,Ka Ka
821,Ni Ni
822,Use the joystick to move your character.
823,Tutorial
824,Please Swipe joystick to move
825,"Please swpie the screen to turn around 
while moving."
826,"Please swipe the screen 
to look around"
827,"This is the Task Tracking bar. 
A new task is available."
828,Please go beside the Celesthium block
829,Press and hold on the Celesthium block to break it
830,Approach the Celesthium block to pick it up
831,Task completed
832,You are given a backpack to store items
833,Tap the item
834,Drop the item on the ground.
835,Long press to break it and recycle.
836,Pick up the ingredients with @name
837,"When the Shortcut bar is full.
New items will be stored in your Backpack."
838,Tap the backpack to open it
839,Look. Other items are in the backpack.
840,Tap the selected item
841,Then tap the Shortcut bar
842,Look. Items are switched
843,Please collect all ingredients
844,Camera Shake
845,New task
846,Task completed
847,Joining the World:
848,News
849,Congrats!
850,#c373631Congratulations you finish the newbie tutorial! Start your#n #cfa7a0f new adventure#n #c373631now!#n
851,New Adventure
852,Walk
853,Walk around
854,Vision (Further)
855,Vision (Farthest)
856,Wide vision (High configuration required)
857,"Ultra-wide vision, higher configuration required (Recommended for screenshot)"
858,Most fluent performance (Suitable for low-memory device)
859,Balanced between fluency and vision (Suitable for most devices)
860,Graphics-focused (Suitable for mid-to-high device)
861,Fog Effect
862,"(All behaviors are allowed, except for using banned items and attacking players)"
863,"(Unable to destroy placed blocks and attack players, only allowed to visit)"
864,(Gunpowder barrel. Flint stone. Magma barrel and Big firecracker are prohibited to use except the Host)
865,Invite your friends on iOS!
866,"1 Invite your friends to download the iOS version and enter your UID in the Inviter’s UID field below. You will both get rewarded with cool bonuses!
2 A successful invitation reward requires that the invited user #cfa7a0flinks an email to his/her UID within the next 24 hours#n.
3 Each newly registering player can only enter ONE Inviter’s UID"
867,Share and book IOS version!
868,Invite iOS Friends
869,Select member rights
870,Current rights of members
871,Room rights (#c0aaa1aFree#n)
872,Room rights (#c0aaa1aVisitor#n)
873,Disable dangerous items (#cef2d2dOff#n)
874,Disable dangerous items(#c0aaa1aOn#n)
875,Fog (Off)
876,Fog (Thin)
877,Fog (Dense)
878,@1 prohibited
879,@1 cancel prohibition
880,Auto purchase when#c0aaa1a Mini Beans#n are not enough
881,Home
882,Plant lv@level rewards
883,Next
884,"1. Each 1 level up of plants you can get Mini Beans and 1 save slot.
2. Level 5/10/15 unlocks extra fruit slots."
885,SMS payment is not supported. Please try another payment method
886,Confirm to recycle
887,You’ll obtain
888,Download
889,Name:
890,Mode:
891,New World
892,Filter
893,Invite
894,Buy Items
895,Warehouse
896,Refresh
897,Fav.
898,Filter by tag
899,Standard settings
900,Worldterrain code:
901,Create Map
902,Survived:
903,Copy
904,How to disable blocks:
905,"1. Tap the item bar, tap the red button on the left by the item name to disable it
2. Repeat the steps above to enable"
906,Map sharing
907,Got new skin: @1 dress-up!
908,Unlock new characters:
909,Skill upgrade:
910,Items redeem
911,11 days
912,12 days
913,13 days
914,14 days
915,15 days
916,16 days
917,17 days
918,18 days
919,19 days
920,20 days
921,21 days
922,22 days
923,23 days
924,24 days
925,25 days
926,26 days
927,27 days
928,28 days
929,29 days
930,30 days
931,hours before daily reset
932,minutes before daily reset
933,Mini captain: Please secure your account and personal information.Don’t share your password with anyone.#rWe will never ask your password information.
934,Lv
935,Bless
936,You now have enough power to grow
937,Event Info:
938,Task
939,Event Info
940,Please enter the invitee’s UID:
941,Call Back
942,"Invite all players who hasn’t been playing for over 25 days and you have a chacne to win big!
How to call them back?
1. Tell them to login in
2. Tell him to open the bonus page,typing in your uid(you can only get this one chance, don’t type a wrong code!)"
943,"If your were called back, type the UID of the player who send you the invitation:"
944,Save the Earth
945,Earth Protector
946,@Null@
947,"Need more energy. Come on, you can do this!"
948,Join
949,How to get it
950,On Sale
951,On Sale 1
952,On Sale 2
953,On Sale 3
954,On Sale 4
955,On Sale 5
956,On Sale 6
957,On Sale 7
958,@Null@
959,Update Needed
960,@Null@
961,Name
962,No Attack.(#c0aaa1aOn#n)
963,No Attack.(#cef2d2dOff#n)
964,(Players can attack each other)
965,(Players cannot attack each other)
966,Editor Pick
967,"Cannot detect a sim card, purchase failed"
968,Are you sure to wake up at respawning point?
969,Confirm
970,Cancel
971,Redeem Count
972,Redeemed
973,"You had played this map before, how about try again?"
974,Click here to create a new save
975,ภาษาไทย
976,Español
977,Português
978,Français
979,日本語
980,العربية
981,한국어
982,Tiếng Việt
983,Русский
984,Türkçe
985,Italiano
986,Deutsch
987,Indonesia
988,Malay
989,Update Needed
990,Update Needed
991,Update Needed
992,Update Needed
993,Update Needed
994,Update Needed
995,Update Needed
996,Update Needed
997,Update Needed
998,Update Needed
999,Update Needed
1000,"You, punny human, prove your strength. Broken Flame Sword won't acknowledge the weak!"
1001,Taste my wraith!
1002,Connecting to punch server
1003,Connecting to fowarding server
1004,Attempting to connect to the target directly
1005,Attempting to punch holes
1006,Connected to fowarding server successfully. Host computer logs into fowarding server.
1007,Connected to fowarding server successfully. Guest computer logs into fowarding server.
1008,Punching failure. Attempting to forward via server
1009,Punching failure. Unable to connect with homeowner
1010,Connected to server successfully. Authentication request is being sent to the host computer
1011,Joined the host computer successfully. The first data block is being retrieved.
1012,Mod loaded successfully. Attempting to send a request to the host computer
1013,"——Destroy, annihilate, eradicate everything! ——"
1014,"——Central control has lost primary authority, destruction command cannot be stopped.——"
1015,"——Destruct order...canceled, thank you...——"
1016,"——Desperation, destruction——"
1017,Update Needed
1018,"Previous order topup successfully, Mini coins increase @1"
1019,The previous order is being processed. Please try again later
1020,Other payment methods
1021,Get double bonus in Garden!
1022,Bonus: Double Finebird mount!
1023,"Grow fruits to collect energy and claim bonus, more fruits means more energy collected."
1024,You have sent your blessing.
1025,Confirm
1026,View event maps
1027,Share my Public Welfare event
1028,Edit blessings
1029,@Null@
1030,@Null@
1031,@Null@
1032,@Null@
1033,@Null@
1034,@Null@
1035,@Null@
1036,@Null@
1037,@Null@
1038,@Null@
1039,@Null@
1040,@Null@
1041,@Null@
1042,@Null@
1043,@Null@
1044,Set a password
1045,Confirm the password
1046,Type in the password
1047,Reset
1048,"The password has not been set,you are not able to open it."
1049,Invalid password
1050,Select a map
1051,History
1052,Sort
1053,Survival
1054,Pin
1055,There is only #cef2d2d@1 chances to submit. Please enter correct information
1056,Watch the ads #c0aaa1a for free respawning! \n no losing of the items!
1057,Expired
1058,Search
1059,Elite maps
1060,Nothing
1061,Feature
1062,Create
1063,Popular
1064,The traffic is busy now. Please go to an existing room of this map or line up to download it.
1065,Existing room
1066,Line up
1067,SensorCube
1068,Attack(allowed): can attack players
1069,Attack(prohibited): cannot attack players
1070,Share
1071,I am playing Mini World
1072,Let’s go play!
1073,Log in failed. Please check your network connection
1074,Failed to find the room. Please check your network connection
1075,The player has not created a room yet
1076,There’s something wrong with the player’s room
1077,The client version failed to match the version of the room.
1078,Failed to connect to the room
1079,The room is already full!
1080,@Null@
1081,@Null@
1082,@Null@
1083,@Null@
1084,@Null@
1085,@Null@
1086,@Null@
1087,@Null@
1088,@Null@
1089,Backpack capacity
1090,Satiety Consumption
1091,Tap to change name
1092,Reset command
1093,Analyzing speed
1094,Signal Resolver
1095,Select a chip
1096,Insert command chips and switch on to start the analysis from left to right.
1097,"How to edit the command?#r
There are 8 channels on the command chip,and so is the Analyst. Each channel is a command,each command has two phases.
The blue one is for activation, the gray one is deactivation, for example, if the first command in the first line is activated, when analysing, the Analyst in the first channel will be activated. You can set up the analyzing speed to 0.2 to 0.6 second.#r#r
How to use the command chips?#r Insert the chips in the Analyst, and when there is electric energy, Analyst will broadcast the signals to the command sensor."
1098,Tap to get the New Year Red Envelope
1099,Reseting commands will wipe off all the commands of the chip.
1100,The room has been closed.
1101,Failed to connect to the room. Please check the network connection.
1102,Failed to enter the room.
1103,You are now entering the room.
1104,look
1105,Attribute
1106,Please create a character first
1107,Creature Type
1108,Please select a creature type below
1109,The UID or Password you have entered is incorrect.
1110,Global Edition
1111,Sign in
1112,Failed to switch accounts
1113,"UID switch failed to login, you can try the following solution:
1.The #cef2d2d password error is #n. Please check the password and re-enter it
2.#cef2d2d forgot password #n, if you tried binding your email before, please click email to retrieve it"
1114,"The UID you entered does not exist, probably for the following reasons:
1. Input the error, please check the UID reentry
2. Do not belong to the current service area, please #cef2d2dswitch server#n."
1115,switch service area
1116,"You’re switching to #cef2d2d @1 #n,current uid and data will remain in current server and avaliable when you switch back,you will get a brand new uid.
Tap OK to confirm and quit the game,settings will be applied when restart."
1117,Mainland China
1118,International Zone
1119,亲爱的用户，您正在使用的版本无法在当前地区使用，请您关闭并重启游戏，我们将为您切换到可以进行游戏的对应服务器。
1120,"Live broadcast and share your best gaming moments on Omlet. You can share your videos to Facebook,YouTube and Twitch simultaneously.#r#rNotice: Omlet only supports Android 5 or above version."
1121,@Null@
1122,@Null@
1123,@Null@
1124,"There are too many errors, please try again later."
1125,Redeem
1126,"Unmatched password,please type in again"
1127,Command Chip
1128,Type in password in 4 characters.
1129,You speak so fast! Please try later!
1130,Basic attribute
1131,Advanced attributes
1132,Movement characteristics
1133,Multiple features can be selected for mobile mode
1134,Please select the attack type of creature below
1135,Please select the biological attack mode below
1136,Attack?
1137,Attack collateral effect
1138,Selected effect
1139,Attack characteristics
1140,You can choose to open multiple combat features
1141,Projection
1142,Attack Effect
1143,Default
1144,Canvas
1145,Waters
1146,Grassland
1147,@Null@
1148,@Null@
1149,@Null@
1150,Harmful effect
1151,Beneficial effect
1152,Neutral effect
1153,Confirm to share
1154,Floating Island
1155,@Null@
1156,@Null@
1157,@Null@
1158,@Null@
1159,@Null@
1160,@Null@
1161,@Null@
1162,@Null@
1163,@Null@
1164,@Null@
1165,@Null@
1166,@Null@
1167,@Null@
1168,@Null@
1169,@Null@
1170,@Null@
1171,Max requests
1172,Rooms Info
1173,Guest list
1174,Invite a friend
1175,Informations
1176,Voice Chatting Off
1177,Voice Chatting On
1178,Voice Permission On
1179,Voice Permission Off
1180,Permission Off
1181,Permission On
1182,Team Drafting
1183,Mic Contention
1184,Apply for Authorities
1185,Confirmed
1186,Denied
1187,Autorities applying sent to the host
1188,Room voice function #c0a7fef(general voice chatting)#n
1189,Micphone
1190,Player Voice Chatting
1191,"Free mode:All behaviors unlimited,except item limits and attacking limit.
Guest mode:Players cannot break blocks or attack players,all limits on."
1192,"Items such like powder barrel,lighter,lava barrel,huge crackers are forbidden,the host is not restricted"
1193,"On:Players cannot cause damages to each other
Off:Players can cause damages to each other"
1194,"On:Random respawn point for adventure mode
Off:Fixed respawn point for adventure mode"
1195,Friend Inviting
1196,All Online Friends
1197,"Your friend @1 invites you to join the game room @2,but your game is in a low version,please update to the latest version to join your friends."
1198,#cfa7a0f@1#n invites you to join
1199,Room name:@1
1200,Room number:#c0aaa1a@1#n
1201,Player number:#c0aaa1a@1#n
1202,Room version:
1203,Play
1204,Please exit the current map before entering other maps
1205,"Joining the world,please wait."
1206,Failed to set voice authority.
1207,"Failed to turn on the micphone,invalid mic autority."
1208,Room voice function #c0a7fef (Mic Taking) #n
1209,Room voice function
1210,Voice Chatting permissed
1211,No more voice autorities
1212,Failed to take hold of the mic
1213,Please join the voice server
1214,Succeed to take hold of the mic
1215,#cffda0a Happy Fireworks #n
1216,(@1 Mini Beans #n*300 as bonus gift)
1217,Using: Set off the firework of a smiling face
1218,"Beret,Primitive wrister,Bear bomb,BoneHairpin,BoneNecklace,Feather Hairwear,TransferScroll,Safe，Mini beans,Exp,Skin cards"
1219,WaitressSweety、LipPrint、ExplorerHat、Bowknot、Beret、Primitive wrister、Bear bomb、BoneHairpin、BoneNecklace、Feather Hairwear、TransferScroll、Safe、Mini beans、Exp、dress-up cards
1220,"Kylin, Laosaurus, Little Elephant, George, Anna, WaitressSweety, LipPrint, ExplorerHat, Bowknot,Beret, Primitive wrister, Bear bomb, BoneHairpin, BoneNecklace, Feather Hairwear, TransferScroll, Safe,Mini beans, Exp, skin cards"
1221,#LTotal Rewards#n
1222,Total Rewards
1223,Map name:@1\nCreator:@2\nHost:@3
1224,The host shuts your authorities in room
1225,The host gives you authorities in room
1226,Room Limite:Free Mode
1227,Room Limite:Guest Mode
1228,Danger Prevention(on):Unable to use dangerous items
1229,Danger Prevention(off):Able to use dangerous items
1230,Smelting
1231,Recipes
1232,Recipe
1233,Materials Required
1234,Craft items
1235,No crafting table required
1236,Recipes Type
1237,Please selet recipe types
1238,Produce
1239,Please select an item to craft
1240,Please select at least one crafting material
1241,Random Supplyment Case
1242,"Get mutiple items in editing mode,get random one in custome mode."
1243,Basin
1244,Smelting materials
1245,Smelting product
1246,Smelting attributes
1247,Burnable
1248,Smelting time
1249,Select materials
1250,Sec
1251,Room invitation
1252,Map：@1
1253,Author：@1(@2)
1254,@1(@2)
1255,"Failed to pull a third party applications,check if it’s installed"
1256,Start the test
1257,Critic
1258,Following Critic
1259,Invite a Critic
1260,Check critics' status you followed
1261,Check Critic invite you receive here
1262,Comments
1263,Works
1264,No collection of this player
1265,Private upload
1266,What is Critic
1267,"#cfa7a0fWhat is a Critic?#n#r Critic can post reviews to help other players to find good maps.Players can follow multiple Critics.#r#r#cfa7a0fHow to be a Critic?#n#r MiniCaptain will invite the most potential players to be Critic.#r#r#cfa7a0f What can a Critic do?#n#r Trainee Critic:Posting reviews/checking maps/promote maps/exclusive badge.#n#r Regular Critic:Posting reviews/checking maps/promote maps/exclusive badge/personal review areas/comments pinning up/testing official promoted maps.#r#r #cfa7a0fCredit Points#n#r 1.A trainee Critic need to gain 100 Credit Point to level up as Critic.#n#r 2.Reviews for new maps/comments/downloads of the map/hot map will influnce the points.#r#r#cfa7a0f Growth Points#n#r 1.Trainee Critic will have 12 Growth Points,when deducted to 0,you will lose the role.#n#r 2.Reviews got reported/no reviews posted for long time will cause the deduction."
1268,Prev
1269,Next
1270,Please choose
1271,Are you sure to abandon?
1272,"Congratulations, you become a qualified Critic."
1273,Trainee Critic
1274,You post your evaluation to promote the map
1275,You have failed @1 answers
1276,Please return to correct your answers
1277,Cancel
1278,Return to correct
1279,You have not received a invitation as a Critic.
1280,You have already joined tested.
1281,Growth Points:
1282,Credit Points:
1283,"Upload backups of maps,other players can view them by searching."
1284,Upload a private backups
1285,Tap to view more collections.
1286,Tap to view more reviews.
1287,Post a Review
1288,Post
1289,"If you like this map,try thumb up for it,this will increase the chance of this map been reached by Critics and get promoted!"
1290,"Critic recommending review will be shown in personal center,and may be possible to get on the gallery front page,and more people will know this map via your review!"
1291,Edit review.
1292,Today thumb-ups#c0aaa1a@1#n/@2
1293,Today recommendings#c0aaa1a@1#n/@2
1294,@Null@
1295,Please give a mark
1296,Please give your reviews with consciention(24 words at minimum)
1297,Max thumb-ups for today.
1298,Max recommendings for today.
1299,"Failed to get the room list,please check the net condition."
1300,This room has been shut.
1301,Invalid info
1302,Unmatched version
1303,Failed to connect to this room
1304,Critic's Choice
1305,Report
1306,#cfa7a0f@1#nInvite you for review.
1307,#cfa7a0fMiniCaptain invites you for review.
1308,Approved by @1
1309,Critic testing
1310,"MiniCaptain invite you to join the #c0aaa1aCritic testing,join more,get more followers.#r#L#cfa7a0fWhat is a Critic@@connoisseur_ins#n"
1311,Invitation sent
1312,Group invitation sent
1313,Invitation Pop-ups
1314,"Too far vision will cause the lag,better use for screenshots"
1315,Level @1 Critic
1316,Accept
1317,Critic's tips
1318,"Current Growth Point is #c0aaa1a30#n,well done! You are on the way to level up as #c0aaa1aCritic!#r#L#cfa7a0fWhat is a Critic@@conhecedor_ins#n"
1319,"Current Growth Points is #c0aaa1a30#n,Come on!Get #c0aaa1a100#n points more and you can level up as #c0aaa1aCritic!#r#L#cfa7a0fWhat is a Critic@@connoisseur_ins#n"
1320,Congratulations!You have became a #c0aaa1aCritic#n!View the introduction to learn more about your privilege#r#L#cfa7a0fWhat is a Critic@@connoisseur_ins#n
1321,"Current Credit Point is #c0aaa1a6#n,you will lose the #c0aaa1aCritic#n role if it’s less than #c0aaa1a0#n.Go find more interesting maps and post your reviews,go forward!#r#L#cfa7a0fWhat is a Critic@@connoisseur_ins#n"
1322,"Sorry,since your Credit Point is lower than #c0a7fef0#n,you have lost #c0a7fefCritic#n role,you need to wait for the next invite.#r#L#cfa7a0fWhat is a Critic@@connoisseur_ins#n"
1323,You are invited to room:@1
1324,#c0aba1d@1#n/@2
1325,Invitation denied.
1326,@Null@
1327,@Null@
1328,@Null@
1329,@Null@
1330,Please exit the current map before accessing other interfaces
1331,"Failed to use,you have lost the Critic role"
1332,@Null@
1333,Are you sure to delete this comment?
1334,"No content,please view other pages"
1335,Map name:@1
1336,@1 Critics Approval
1337,Map will be uploaded to Gallery and let everyone discover your work
1338,Hotkeys
1339,Min Players:#c0aba1d@1#n
1340,Players：#c0aba1d@1#n/@2
1341,Prepare for battle
1342,Start in @1 seconds
1343,Preparing
1344,Counting
1345,For host only
1346,Turn base
1347,Score reset
1348,Right click:Steal/pass;left click:shoot/intercept
1349,Caster
1350,N/A
1351,Not enough beans.
1352,Recipe unlocked
1353,Credit Point
1354,"#cfa7a0f What is credit point?#n#rCredit point is tied to players' behavior in game.#r#r#cfa7a0fWhat do we do with Credit point?#n#rWith a high level of Credit point, you can have the normal authority in game,when your Credit point is below a certain point,you will be limited for some functionalities of the game #r#r#cfa7a0f How to get Credit points?#n#rKeep a good manner in game and not getting reported,you will gain Credit points gradually."
1355,Storyline Completed
1356,Free SpeedUp
1357,@Null@
1358,@Null@
1359,@Null@
1360,"Update file detected, #r do you want to download update file now?"
1361,"Update file downloaded, #r do you want to restart game now?"
1362,"Update file downloaded, #r The game needs to be restarted immediately"
1363,You're about to exit the game and go to [System Settings]. Proceed?
1364,Unable to grant permissions on the computer. Please try another task.
1500,Mini world popular featured maps#r @1，there are @2 friends downloaded already! Try it and enjoy the free creation of Mini World: Block art!
1501,Mini world popular featured maps#r@1，there are@2friends downloaded already!！And@3connoisseurs recommend! Try it and enjoy the free creation of Mini World: Block art!
1502,Yay! I got @1 in Mini World: Block art! Check it out!
1503,Yay! I became @1 in Mini World: Block art! Check it out!
1504,Wow! I got @1 in Mini World: Block art! Do you want to try how overpowering it is together with me!
1505,Wow! This map is AMAZING! Lets play Mini World: Block art together!
1506,Having great fun in @1 ! Come and join me now!
1507,"You have been blacklisted by the host, cannot join multiplayer room"
1508,@1，in map #cfa7a0f@2#n is super awesome! Come and play together!
1509,@1，in map #cfa7a0f@2#n is being defeated! Help him now!
1510,Share
1511,Wow! I turn into #cfa7a0f@1#n !
1512,Wow! I got the amazing character #cfa7a0f@1#n !
1513,Wow! I got this awesome mount #cfa7a0f@1#n !
1514,This is the best match! How cool!
1515,This is the best match for me! How cool!
1516,I am super awesome in #cfa7a0f@1#n ! Let us play together!
1517,"I am losing in #cfa7a0f@1#n, come help me!"
1518,Are you sure to reset DIY avatar?
1519,Yay! I got this awesome mount #cfa7a0f@1#n in Mini World! Check it out!
1520,Please update to check your friend's share content
1521,"This is my No.@1avatar, would you want one too?"
1522,"This is my No.@1 character friend, create a mini world together with me!"
1523,"This is my No.@1 mount, i am riding it for an adventure!"
1524,Share Succeeded
1525,Share Failed
1526,Share Cancelled
1527,"●Multiplayer Room Info
 
Room List: A list of players in multiplayer room. Can check players and team info. Also interactions with other players.
 
Room Settings: Allow host to set the rules of the room. 

Invitation code: Other player can use QR code scan fuction in Multiplayer, scan room QR code to fast join."
1528,Please enter the Multiplayer and click the  join  button to join room.
1551,Target product
1552,Minimum required\nCrafting tools
1553,Crafting tool library
1554,Crafting Table
1555,Pot
1556,Smelting materials
1557,Use as fuel
1558,Allow
1559,Prohibit
1560,Smelting output
1561,Low temperature products
1562,Medium temperature products
1563,High temperature products
1564,Add stamina
1565,Increase stamina recovery speed
1566,Stamina
1567,Stamina recovery speed
1568,Original crafted items cannot be modified.
1569,The original smelting materials cannot be modified.
1570,Switch
1571,Insufficient stamina!
1572,Raw material melting time
1573,Burning temp per sec
1574,Degree
1600,Vistors this week: <font size='24'>[color=#FF903C]%d[/color]</font>
1601,Recent Visitors: <font size='24'>[color=#FF903C]%d[/color]</font>
1602,The visitor records will keep track of those who have visited the Light Chaser Project within the past week.
1603,Progress increased by @1
1604,Progress increased by [color=#3DAC0B]@1[/color]
1605,Default Sort
1606,Ascending Sequence of Collection
1607,Descending Sequence of Collection
1608,Visitor Records
1609,"Total collection progress reached [color=#FFDD41]%d/%d[/color], already surpassing [color=#FFDD41]%.2f%%[/color] of players."
1610,Your operation is too frequent. Please try again later.
1611,Feature Description
1612,Unlock the Light Chaser Project skins to open the corresponding Dawn Chest and obtain Light Spirits.
1613,Tap the Light Spirit to move freely
1614,Tap the Dawn Chest to view skin info
1615,Reach certain collection progress to get a lot of rewards
1616,Your collection progress has exceeded @1% of players
1617,Collection Progress
1618,Weekly Progress List
1619,Friends Ranking
1620,Progress increased by [color=#3DAC0B]@1[/color]
1621,Progress increased by @1
1622,Walk around
1623,Light Chaser Project
1624,[color=#3F3B50]Total Collection Progress[/color] @1/@2
1625,All Collected
1626,%d years ago
1627,%d months ago
1628,%d days ago
1629,%dh ago
1630,%dm ago
1631,Light Chaser Project Permission
1632,Not on the list
1633,(7 days)
1634,(30 days)
1635,(Permanent)
1636,"Insufficient Stars of Radiance, unable to redeem."
1637,"You already have all the current rewards, unable to redeem."
1638,Max number of Lucky Draw attempts reached. Please come back tomorrow.
1639,Skip
1640,Throw x5
1641,Stars guaranteed
1642,Redeem with Points
1643,Get one of the following rewards that you do not currently own at random
1644,Timed
1645,New Items
1646,Hot
1647,Limited
1648,@1 days left
1649,Help
1650,"1. Adventurers can use Mini Beans to participate in the ""Starlight Adventure"" event. During the first Lucky Draw of the week, players will enjoy an additional discount.
2. Each participation guarantees the ""Star of Radiance"" reward, which can be used to redeem a variety of in-game items such as skins, custom items, and spray paints in the shop.
3. The Redemption Shop will be updated irregularly, and permanent items cannot be repeatedly obtained. ""Stars of Radiance"" will not be reset when rewards are updated, so players can rest assured.
4. The max daily participation limit for the Starlight Adventure is 500 times.
5. Notice of Chances
Golden Grid-""Star of Radiance"" (1-50): 8%
Purple Grid: 22%
White Grid: 70%
Golden Grid - ""Star of Radiance"" Notice of Chances
50 Stars: 0.01%
25 Stars: 0.1%
20 Stars: 0.3%
15 Stars: 0.6%
10 Stars: 1.1%
1-8 Stars: 97.9%
Purple Grid Rewards Notice
Battle Pass EXP Items: 20%
Friend Items: 80%
White Grid Rewards Notice
Can randomly receive one of the following rewards: Teleport Scrolls, Planet Teleport Scrolls, Skill Shards, Coffers, Small Lockboxes, Star Giftboxes, Little Star Fireworks, Trial Cards, etc."
1651,Sending limit reached. Please contact customer service to remove the restriction.
1652,The purchase limit for friendship gifts has been reached. Please contact customer service to remove the restriction.
1653,The QR code has expired. Please refresh it.
1654,Tap to refresh
1655,Attack increased!
1656,"After completing the exchange, you can directly get the reward."
1657,Default @1
1658,About Action
1659,Solo Custom Actions can be used by tapping the icon in the Action Interface while within the map
1660,"Advanced Actions can be used by accessing the Warehouse. After use, default actions will be replaced"
1661,Trial Card is in effect:
1662,Not owned
1663,"You don’t have this action yet, go pick some from the Store"
1664,Solo Custom Action
1665,Timed Sales:
1666,Available for @1 day(s)
1667,Custom Action
1668,Advanced Action
1669,Action
1670,Advanced @1 Action
1671,Comprehensive
1672,Casual
1673,Running
1674,Sit Down
1675,Lie Down
1676,Swim
1677,Respawn
1678,Victory
1679,Failed
1680,Version is too low
1681,Permanent
1682,Day
1800,
2000,"It is said that ""Broken Flame Sword"", one of the ""Three Relics"", is sealed on the Dragon Island  in Flamas. It is a symbol of the long-standing partnership between  Miras people ""Ancient"" and the Black Dragon."
2001,1. Find the Relic-Broken Flame Sword
2002,"After the victory in the ""invasion of the Void"", the Black Dragon made a pact with ""Ancient"" to defend the safety of ""Broken Flame Sword"" at all costs. One who proves his strength and is acknowledged by the Black Dragon can obtain the Sword. Beware of Dragon's fiery breath!"
2003,2. Defeat the Black Dragon!
2004,"The hero is acknowledged by Black Dragon, and the protective spell on the sword began to fade. Then, an egg-shaped Lava Stone appears on the ground."
2005,3. Pick up the Flamas Sword and check the Magma Stone
2006,The Black Dragon wakes up as the sound of the Lava Horn echoes throughout the  Flamas. A new trial begins! Show your strength to the Dragon!
2007,4. Defeat the Magma Black Dragon!
2008,"The flames dissipated into the sky, and the Dragon becomes intrigued by the brave man before it. Then, an egg-shaped Chaos Stone appears on the ground, marking the beginning of a new trial."
2009,3. Check the Chaos Stone
2010,"The black dragon enveloped itself in blue-purple flames, a terrifying color that resembled the power of the void, but gave a vastly different impression. Get ready to face the final trial!"
2011,6. Defeat Black Dragon of Chaos
2012,Magma Stone
2013,"A whisper as scorching as flame: #rBrave man, blow the Lava Horn and accept the trial! #r#r#c0aba1dLava Horn = Life Crystal + Rock Crystal #rLife Crystal = Kindling + Others, Rock Crystal = Kyanite Block + Others. Hold the Horn and click the Stone to face the challenge. #n"
2014,Chaos Stone
2015,A chaotic and complicated reminder: #rBlow the Chaos Horn and prove yourself in the final trial!#r#r#c0aba1dChaos Horn = Chaos Crystal + Gem Crystal#rChaos Crystal = Sulfur Crystal Sand + Others. Gem Crystal = Diamond Block + Malachite Block + Others#r Hold the Horn and click the Stone to summon the Black Dragon. #r
2016,"Hahaha, punny human, \ntremble in the flames!"
2017,Feel the wrath of the flames!
2018,My fire is eternal!
2019,"Are you afraid, man? It's impossible for you to pass the Trial of Chaos!"
2020,Burn in the flames!
2021,You have passed the Trial of Chaos! \nBut this is not the end.
2022,Ancient Stone
2023,A chaotic and tedious droning: #rBlow the horn and prove yourself in the Final Trial!#r#r#c0aba1dHolding the Ancient Horn click this stone to summon the Ancient Black Dragon.#rHolding the Horn of Chaos click this stone to summon the Black Dragon of Chaos.#rHolding the Horn of Lava click this stone to summon the Black Dragon of Lava.#n
2024,@Null@
2025,Find the Relic-Broken Flame Sword
2026,Defeat the Black Dragon!
2027,Remove the seal
2028,Defeat the Magma Black Dragon!
2029,Revive the Magma Black Dragon!
2030,Defeat the Black Dragon of Chaos
2031,Please insert the correct offerings
2032,Insufficient offerings
2033,Altar is in use.
2035,You must agree on Terms of Use and Privacy Policy to continue the game
2036,"Facebook not installed, share failed"
2037,Translate failed
2038,Translate
2039,Copy
2040,Translated from @1
2041,Chinese (Simplified)
2042,English
2043,Chinese (Traditional)
2044,Thai
2045,Spanish
2046,Portuguese
2047,French
2048,Japanese
2049,Arabic
2050,Korean
2051,Vietnamese
2052,Russian
2053,Turkish
2054,Italian
2055,German
2056,Indonesian
2057,Malay
2058,@Null@
2070,Altar
2071,Offering
2072,Sacrifice
2073,@self has been burned to ashes
2074,You have been burned to ashes by the wrath of Quetzalcoatl
2075,Rainforest
2076,Monkey Backpack
2077,Low temperature
2078,Medium temperature
2079,High temperature
2080,Temperature
2081,Please unlock a more advanced furnace
2082,Need to put in two cells of fuel
2083,Need to put in three cells of fuel
2084,Producing
2085,Rune stones with the same attributes are already on the equipment and cannot be engraved
2086,Please put it in the correct slot
2087,Stone pot
2088,Mithril Pan
2089,Please stop the ongoing cooking first
2090,"Attribute conflicts, cannot be engraved"
2091,Rune Engraving
2092,Rune Crafting
2093,Tool repair
2094,Please take out the upgraded rune stone first
2095,The rune has been appraised
2096,Rune Stones
2097,Craft
2098,Please put in rune stones of the same level
2099,Please add fuel to the bonfire
2100,Reclaiming
2101,Craft in the backpack
2102,Craft by stone or more advanced creation hammer
2103,Craft by brass or more advanced creation hammer
2104,Craft by mithril or more advanced creation hammer
2105,Craft by Titanium Creation Hammer
2106,Cook with Stone Pot
2107,Cook with Mithril Pot
2108,Comics
2109,Screenshots
2110,Other
2111,Fuel
2112,Raw material
2113,Output
2114,No output
2115,Rune Appraisal
2116,Insufficient Rune Appraisal Stones
2117,Appraisal
2118,The remaining number of Rune Appraisal Stones
2119,Backpack is full
2120,New unlock recipe
2121,"A long time ago, the Origin Cube gave birth to a mini universe, one of which is called Miras"
2122,The people of Miras prayed devoutly and finally got a response from Origin Cube
2123,"A mysterious power poured into their bodies, that is the power of creation"
2124,"They use this power to gather, build...make life better"
2125,"However, this force has also attracted the coveting of the void, and the turmoil of the world has caused..."
2126,No items are produced at this temperature
2127,Need to be set up above a lit campfire to cook
2128,(To be continued)
2129,Origin story
2130,Please select the recipe to craft
2131,The Void Legion has been lead by the phantom to disrupt the peace of Miras
2132,"Heroes assembly! The heroes of the Mini universe gathered in Miras, vow to defeat the invasion"
2133,"The war is eminent, after a fierce battle, the purple threat is finally eliminated"
2134,"Miras has regained peace, but the hostility of the void will return. Are you ready?"
2135,Basic
2136,Equipment
2137,Tools
2138,Material
2139,Construction
2140,Decoration
2141,Machinery
2142,Activating using the Rune Stones will produce powerful rune effects. Adding secondary materials will produce more activatable runes.
2143,This item is fully activated. #c9a9a9aPlease choose one of the activation effects to replace!#n
2144,No items were placed. Unable to activate.
2145,No Rune Stones were placed. Unable to activated.
2146,#cef2d2d@1#n seems to have played a role in this activation
2147,#cef2d2d@1#n doesn't seems to work this time
2148,Main material
2149,Secondary material
2150,Activate
2151,Secondary material choices
2152,Activatable
2153,Inactivated
2154,A rune of the same type already exists
2155,Battle
2156,Tool
2157,Lacking necessary materials
2158,Cooking
2159,Please take out the food from the pot before cooking
2160,Please add more fuel
2161,Cooked @1×@2
2162,Place the offering into item slots below manually
3000,@Null@
3001,Enchant
3002,Create a new world
3003,Item bar
3004,Storage box
3005,Survival
3006,Creation
3007,Current materials can make:
3008,Item
3009,Skip this. I want to start playing what’s next.
3010,Confirm
3011,START
3012,Available Equipment
3013,Equip
3014,Game Modes
3015,Quest
3016,Enter a cool name
3017,Delete
3018,Cancel
3019,Condition
3020,Rewards
3021,Limited map
3022,Ultra-large map
3023,Flat terrain
3024,Mainline
3025,Craft
3026,Battle
3027,Others
3028,Get bonus
3029,Received
3030,Select materials
3031,Select fuels
3032,Track task
3033,Unlock
3034,Check
3035,Add friends
3036,Send
3037,Send invitation
3038,Add as friends
3039,Search friends\n nearby
3040,Select to enchant
3041,Select to dis-enchant
3042,Share map
3043,Can select enchanting materials
3044,Select
3045,Purchase
3046,Select to repair
3047,Continue uploading
3048,Create your map now
3049,Share your map now
3050,Back to game
3051,Settings
3052,Leave
3053,Exit
3054,Go upgrade
3055,Gifts stored
3056,Pack
3057,Login rewards in May
3058,Purchase
3059,Purchase
3060,Purchase
3061,Receive gifts
3062,Starter gifts
3063,Task rewards
3064,Weekly rewards
3065,You have unlocked a new character!
3066,You have activated a new talent!
3067,Select a character you like
3068,Play
3069,UID encryption
3070,UID
3071,Set Password
3072,Switch UID
3073,Password
3074,Log in
3075,Enter Password
3076,Reenter Password
3077,On
3078,"You can use password to log in on another device
without losing friends/Coins/items."
3079,Directional keys setting
3080,Classic mode
3081,Joystick Mode
3082,Terrain Code
3083,Arrange
3084,Make
3085,Repair
3086,WIFI
3087,Hotspot
3088,Buy 3 days
3089,Buy 7 days
3090,Buy 30 days
3091,Room Host’s UID
3092,Chat
3093,Settings
3094,Tap to enter messages
3095,Today you can also get
3096,Add
3097,UID cannot be blank
3098,Tap below to add friends. Looking for fellows to play together.
3099,Not connected to network
3100,Add friends below
3101,(Do Not Forget It!)
3102,Mismatch
3103,Password set successfully
3104,UID cannot be blank ！
3105,Cannot be blank
3106,@Null@
3107,Incorrect device ID
3108,UID or Password is incorrect
3109,Account is frozen
3110,Account is bound
3111,Need to set password
3112,Failed to update data
3113,Repeated name
3114,UID data updated successfully
3115,UID or password is incorrect.
3116,Need to authenticate the account and password
3117,Permanent
3118,day(s)
3119,Permanently owned. No need to purchase
3120,Shared maps
3123,Download
3124,Add friends now
3125,No save shared
3126,Skin
3127,Character
3128,Item
3129,Pack
3130,Purchase
3131,Switch
3132,Please enter his/her UID first
3133,@Null@
3134,Buy with Coins
3135,Please add the UID to secure your Mini Coins
3136,Can be opened only in multi-player connection mode
3137,Event is opening soon. Stay tuned
3138,Purchase successful. Unable to issue currency due to network problems. Please refresh and try again
3139,7-day login reward
3140,Weekly login reward
3141,Login reward
3142,Mini Treasure Vault newly online and redeem new avatars!
3143,Get Mini Beans
3144,Bonus
3145,Achievements
3146,1 day
3147,2 days
3148,3 days
3149,4 days
3150,5 days
3151,6 days
3152,7 days
3153,Stay tuned
3154,Receive
3155,You got 5 stars
3156,Limited
3157,Time-limited purchase: over now
3158,Not received
3159,Log in for 7 days to unlock me - The Chief #r and get the weekly login reward!
3160,Rewards
3161,Use Mini Coins to redeem stars
3162,#c0aba1djoined#n
3163,#cfa7a0f has left the room#n
3164,Note: A password makes your Mini Coins more secure
3165,Encrypted
3166,1st day
3167,2nd day
3168,3rd day
3169,4th day
3170,5th day
3171,6th day
3172,7th day
3173,Hardcore
3174,Extremity of
3175,New record
3176,Score of this time
3177,Highest score
3178,(Rescue will fail if the time is exceeded)
3179,Countdown
3180,Extreme adventure
3181,Extreme connection
3182,Features of HardcoreMode: #r 1. Game over when you are defeated#r 2. Monsters are stronger#r 3. Hunger will cause damage to 0#r#r #cfa7a0fBring on the extreme challenge!#r (Online play is not available now)#n
3183,Hardcore Multiplayer Mode: #r1.You have only 1 life but can be revived by your team member after a period of time#r2. Monsters are much stronger#r3. Hunger can kill you#r4. No task completion and star points#r#rTry your best to survive as long as possible in this ultimate adventure!#rTap a downed team member to revive them.
3184,Save file is locked. Can’t enter
3185,SMS Payment
3186,Other payment methods
3187,Extreme
3188,Collecter Transmitter
3189,Launcher
3190,Play again
3191,Game over
3192,Extreme score:
3193,Change Mode
3194,Creation Mode
3195,Switched to adventure mode successfully
3196,Switched to creation mode successfully
3197,Search
3198,Search results
3199,Backup
3200,Backup
3201,Tips:
3202,Try grabbing #cffda0aA Handful of Weeds#n to attract the attention of the Wowomons and Antlered Deers
3203,"Feed Antlered Deer with #cffda0aHollyhock#n, then click it with Small Glass Bottle to get fresh milk"
3204,"If you want crops to grow fast, you can use #cffda0ashower#n for irrigation"
3205,When a #cffda0aBoom egg#n is about to explode. Stay away to stop it
3206,(Adventure Mode) Equipment can now be repaired with materials or stars alone!
3207,#cffda0aGiant Scaly Fruit#n can be found in the Redwood Forest
3208,"If you stare at #cffda0aVoid Apostles#n, they will stand still"
3209,When you are #cffda0aon fire#n. Jump into the water to save yourself
3210,Feed Fox #cffda0aDodo Eggs#n for a chance to tame it
3211,"When you encounter a problem, talk to your family and friends, as there are always more solutions than difficulties!"
3212,"(Survival Mode) The night is dangerous, you can build a house or dig a cave to protect yourself"
3213,"After the rain, everything is full of vitality. Weeds may emerge from the soil, then the soil become grass block"
3214,"(Survival Mode) Danger lurks in the dark, better to keep bright enough"
3215,"Lava will melt most of the items, watch your steps when digging down"
3216,"(Survival mode) If the stamina is too low you will become exhausted: you cannot run, and the collection speed is reduced"
3217,Feed two penguins with Redwood Fruit for a chance to get little penguins
3218,Control of movement can be switched in the settings
3219,Switch #cffda0aBack View#n (default shortcut F5) to see your character in settings
3220,You can adjust brightness in Settings if the screen is too dark.
3221,A mixture of two different dyes in the #c0aba1dColor Palette#n can get more different dye
3222,"If you created something cool, share it with others!"
3223,Remember to create a #cffda0acloud backup#n of your saved map regularly so that your progress can be saved on the server! You will not lose it!
3224,Do your homework first. And then enjoy yourself in Mini World
3225,Boom Egg will give you a nasty surprise if don’t run fast enough
3226,There are infinite resources in the Creation Mode.
3227,You can save your Home location with a #cffda0aStone statue#n or #cffda0aStar Station#n
3228,Collecting gravel and splitting rock can get stones. Stones and #cffda0aTimbers#n are common in crafting tools
3229,Craft more tools and items on Crafting Table
3230,If you want to explore in ocean you need a #cffda0aDiving Suit#n
3231,Rain will douse a burning torch. Flame can light the torch again.
3232,Pay attention to the brightness of corners when building a house (viewable on the map). Dangerous creatures may hidden in the dark
3233,Aliens may enter your world if you have an unstable network!
3234,"Don't play mobile phone for a long time, but also rest and exercise"
3235,Shared saves can be downloaded by others
3236,"Enter friend's room, #cffda0abuilding together#n is better than destroying"
3237,Be sure to click the Like button for good maps
3238,"Game Settings - Advanced, shorten the vision to improve fluency"
3239,Enter Host’s UID to locate a game room quickly!
3240,Switched to play mode successfully
3241,Switched to edit mode successfully
3242,Activate
3243,Sensor
3244,10 characters at most for the title.
3245,"Your inventory is full, failed to extract"
3246,Input description
3247,Are you sure to delete these miniatures?
3248,"Incorrect plugin files, please login again"
3249,Update needed
3250,Account server doesn’t respond. Please check network connection and try again
3251,No network connection. Please check the network and try again or contact the service provider
3252,Please try again later (zh)
3253,Trying to connect to the network. Please check your internet connection and try again
3254,Trying to connect to network. Try again later (zh)
3255,Saves server unresponsive. Please check your internet connection and try again
3256,No network connection. Please check your internet connection and try again or contact the Service Center
3257,Saves data error. Please try again later or contact the Service Center
3258,Abnormal saves data. Please try again later or contact the Service Center
3259,Please check the network and try again later (cd)
3260,Trying to connect to network. Check the network and try again (fz)
3261,Trying to connect to network. Check the network and try again (fz)
3262,Trying to connect to network. Try again later (fz)
3263,Trying to connect to network. Try again later (fz)
3264,Please check the network and try again later. Or contact the Service Center (fz)
3265,Trying to connect to network. Check the network and try again (jy)
3266,Trying to connect network. Please check your internet connection and try again or contact the Service Center (jy)
3267,Incorrect Garden data. Please check network and time on mobile phone and then try again or contact the Service Center
3268,Abnormal Garden data. Please check network and time on mobile phone and then try again or contact the Service Center
3269,Please check the network and try again later (jy)
3270,Logged in successfully (bhxs)
3271,Incorrect password. Please check if the UID or password is correct
3272,Unstable network. Please check if the network or UID is normal
3273,Secure your UID. Don’t share your password
3274,Account name is repeated. Please change the name
3275,Please complete your profile and authenticate the account password
3276,This UID is logged in somewhere else. Please accumulate activeness before switching it to this device
3277,Unable to switch between different platforms. Please contact the Service Center to inquire your platform
3278,Reserved
3279,Reserved
3280,Unable to claim. Please try again later
3281,Insufficient coins. Please purchase first
3282,Purchase is restricted. Please select other items
3283,Account is not activated. Please activate it.
3284,Insufficient
3285,We are not at the limited puchase event time yet
3286,Wrong redeem code
3287,The redeem code has been used
3288,Invalid redeem code
3289,Rewards received. Don’t use it repeatedly
3290,Please check the network and try again later. miniworldcustomerservice@gmail.com (feedbacks on purchase issues)
3291,Please check your balance and try again (failed to purchase)
3292,Incorrect version. Please download the latest version or contact the Service Center
3293,No remaining times
3294,"If you have any problems or concerns about your purchase, please contact us using the infomation below. We will try to solve the issue as soon as we can. 
1. Customer Service Email: miniworldcustomerservice@gmail.com

2. Facebook: 
https://www.facebook.com/miniworldtech/

3. Twitter: 
https://twitter.com/miniwantech
Note: Please provide your UID and attach screenshots to help us locate the problem. Thank you!"
3295,reserved
3296,Incorrect fruit data. Please check network and time on mobile phone and then try again or contact the Service Center
3297,Incorrect fruit position. Please reboot your device and try again or contact the Service Center
3298,Incorrect fruit status
3299,Failed to buy Mini Beans
3300,No corresponding definitions for treasure chests
3301,No corresponding definitions for treasure chests
3302,reserved
3303,reserved
3304,Archiving in progress. No other operation is allowed now
3305,Please check the network and try again later or contact the Service Center
3306,You are doing it too fast. Take it easy and slow down a little (cx)
3307,Incorrect data. Please contact the Service Center (cx)
3308,Reward Limit has reached today. Try again tomorrow
3401,Rewards received successfully. Check your backpack
3402,Failed to receive rewards. Please try again later
3403,Congrats!
3410,Official Website
3411,Received
3412,Overdue
3413,Mobile phone
3414,Email
3415,Link
3416,Linked successfully
3417,Get Verification Code
3418,Send
3419,Incorrect mobile number
3420,Incorrect email
3421,Incorrect verification code
3422,Manage UID
3423,Link
3424,Linkphone
3425,Bind Email
3426,Link email to your UID and claim rewards in Bonus!
3427,Verification code is sent
3428,Linked successfully
3429,This number/email has been bound with other UIDs
3430,Send
3431,Verification code is sent
3432,Don’t get verification codes too frequently
3433,Unable to get
3434,Not linked
3435,This account has been bound before
3436,Failed to link
3437,Update needed
3438,Update needed
3439,Update needed
3440,Verification is expired. Please regain it
3441,Time-limited purchase: over now
3442,Enter
3443,Multiplayer
3444,Garden
3445,Account
3446,Please leave the current game first.
3447,Profile
3448,FAQ
3449,News
3450,Bonus
3451,Events
3452,Jump to
3453,Announcement
3454,Profile
3455,Album
3456,Profile
3457,Posts:
3458,Title:
3459,Guild:
3460,Unavailable
3461,Manage
3462,Default
3463,Connection lost
3464,"My Profile is available now! 
Features:
1. You can see your friends and followers in the setting
2. Unlock your avatar custmization using coins
3. You can use 3 slots for free in the Album. Each added slot costs 5 coins to unlock
4. You can edit your profile"
3465,Male
3466,Female
3467,Other
3468,Check failed
3469,UnChecked
3470,Upload
3471,Locked
3472,Unlock avatar-uploading?
3473,You have unlocked avatar-portrait!
3474,Unlock failed. Please try it later.
3475,Want to unlock a new album page?
3476,You have unlocked a new album page!
3477,You are using MiniWorld Exclusive Streamer Avatar Frame!
3478,This is exclusive to streamers.
3479,Part not open yet.
3480,No pictures are uploaded.
3481,Check
3482,Upload
3483,Change
3484,Delete
3485,Cancel
3486,Confirm
3487,Name
3488,Gender
3489,Avatar
3490,Streamer Exclusive Avatar Frame
3491,Streamer
3492,Default
3493,Inviters UID
3494,Help
3495,简体中文
3496,English
3497,繁體中文
3498,"Close and restart the game to switch language. (iOS users need to do it manually.)
切換遊戲語言會關閉遊戲，重啓遊戲後生效（IOS用戶需手動關閉進程後重啟遊戲）"
3499,Language
3500,Crafting Table
3501,Smelting furnace
3502,Anvil
3503,Mount Attribute
3504,Task
3505,Cooldown
3506,Summon
3507,Room QR Code
3508,Scan and join multiplayer room
3509,QR invite Code
3510,Share link
3511,Ho ho ho~Merry Christmas. Kids! Come to see my items
3512,Happy new year.Kung Hei Fat Choy! Come to see my items!
3513,More maps
3514,There is nothing here.
3515,You have not followed any maps yet
3516,Unstable network. Please try again later
3517,Look. A new task is available!
3518,(Free)
3519,Newbie Issues
3520,Advanced Issue
3521,Contact us
3522,Mini Captain
3523,@10%
3524,Original price:
3525,Crops
3526,Tools
3527,Sundries
3528,Blocks
3529,Edit
3530,Please move your #cef2d2dmouse#n to turn to @name
3531,Use #cef2d2d W A S D #n to move
3532,Press #cef2d2d W #n to move forward
3533,Press #cef2d2d S #n to move backward
3534,Press key #cef2d2d A #n to move left
3535,Press #cef2d2d D #n to move right
3536,Off
3537,Press #cef2d2d 1 #n to select Celesthium block
3538,Your Game Version is not up to date
3539,#cef2d2dRight Click#n to drop it to the ground
3540,Collect food with @name
3541,Press #cef2d2d B #n to open your backpack
3542,Click #cef2d2dleft mouse button#n to select an item
3543,Left-click to select items in Shortcut.
3544,Clicks today:
3545,Press Alt key to show more
3546,Forbid
3547,Allow
3548,LAN connection
3549,Network connection
3550,Ultra-far draw distance (High-end devices)
3551,Far draw distance (Mid to High-end devices)
3552,Good draw distance. Good for most devices
3553,Balanced. Good for most devices
3554,Best Performance. Good for devices with low RAM
3555,Press TAB key to open/close
3556,Spring Festival Event
3557,Spring Festival Sharing Event
3558,1. Share your dedicated link. If another player click your links to open the page \n2. One can only click once with his/her IP\n3. You will receive rewards when the link is clicked 2/12/25/58 times during the event.
3559,Hold the Jump button to swim upwards
3560,Hold the Space key to swim upwards
3561,Sign in
3562,Retrieve Password
3563,Mobile
3564,Enter Code
3565,Log In
3566,You are switching UID @1 to other devices. Please verify with your mobile phone first:
3567,"Notice:\n1.Retrieve UID if you forgot\n2. Reset password by validating code which send to your email whe password lost.\nIf you don't receive the email, please check the trash box."
3568,You retrieving your account/resetting your password via mobile phone verification
3569,Retrieve Password
3570,Incorrect verification code
3571,"We strongly recommend that you link your email to your UID, so that you can retrieve your password via email and log into your account from other devices."
3572,Total during activity:
3573,Sell all the
3574,(Check if it’s unlocked)
3575,Please reset password
3576,QQ Wallet
3577,This mobile phone is notlinked to anyUID
3578,QQ Wallet payment is closed now
3579,QR code expired
3580,Minia. Workbench
3581,Name
3582,Happy Spring Festival! Wish you best luck and great fortune!
3583,Unable to purchase. Please make a purchase in the mobile QQ Game Hall
3584,Hotkeys
3585,Blank
3586,Unable to bind it to this key
3587,Key conflict:
3588,(Closing in @1 sec)
3589,Wait
3590,Are you sure you want to quit? Exciting adventures await!
3591,Please enter new keys
3592,Enter map to viewterrain code
3593,Day @1
3594,Sold @1×@2 successfully
3595,Purchased @1×@2 successfully
3596,Redeem @1×@2 successfully
3597,You need another #cfa7a0f@1Mini Coins#n. Buy More Coins?
3598,Buy @1 days
3599,@1(@2) used successfully
3600,https://mnweb.miniworldgame.com/web/icon/share/logo.png
3601,MiniWorld - Create your dream world
3602,I am in Mini World! Where are you?
3603,Create your own world here
3604,Where are you now? Come and join me
3605,Such a great game. I recommend @MiniWorld to you
3606,Move forward
3607,Move backward
3608,Move leftward
3609,Move rightward
3610,Use items/place blocks
3611,Attack/dig
3612,Sneak
3613,Sprint
3614,Jump
3615,Drop selected items
3616,Open/close backpack
3617,Open/close map
3618,Open/close Achievement
3619,Open Shop
3620,List of Friends
3621,Mount
3622,Arrange backpack
3623,List of players
3624,View scores
3625,View status
3626,Play mode settings
3627,Miniature
3628,Screenshot saved as
3629,Do you want to save the current camera setting as default?
3630,"This map involved of violations, cannot enter room"
3631,"This map involved of violations, cannot search room"
3632,"This map involved of violations, cannot enter game"
3633,"This map involved of violations, cannot open multiplayer room"
3634,"The map is suspected of violations, share prohibited"
3635,Violation
3636,"This map involved of violations, cannot check comments"
3637,"Inappropriate content is strictly prohibited,such as violence. #rThe game is a virtual world, do not imitate any behaviors in the game."
3638,Warm Tips from Mini Captain
3639,"Pornography, politics, violence and other related content are strictly prohibited to make and share, and those who violate will be banned and investigated for legal responsibilities"
3640,Select Template
3641,Failed to connect to server
3642,Please enter the name
3643,Please select a model
3644,Existing \n@1 template
3645,Skill
3646,Trait
3647,Change
3648,Size
3649,Speed
3650,Drop
3651,Dropped items
3652,Drop Star EXP
3653,Kill to score
3654,Select a model
3655,Automatically attack
3656,Group
3657,Score
3658,Select a model
3659,Select an item
3660,Movable
3661,Attack range
3662,Please select a model
3663,Default
3664,1.Red team
3665,2.Blue team
3666,Hostile to the Host
3667,Friendly to the Host
3668,Automatically attack
3669,Skill Library
3670,Damage Library
3671,Stun Library
3672,Special Library
3673,Mob egg
3674,Traits Library
3675,Failed to join in the chat room (@1)
3676,You entered a chat room
3677,Back to Multiplayer
3678,Failed to take. Please check if the backpack is full
3679,Tip: Eggs of new creatures can be found in  Backpack - Edit
3680,Select Projectile Model
3681,Projectile Model
3682,Please select a projectile model
3683,Target in use
3684,Target description
3685,General use
3686,Use bow
3687,Use projectile
3688,Stored in Pack
3689,@Null@
3690,@Null@
3691,@Null@
3692,@Null@
3693,@Null@
3694,Confirm
3695,Updating saves data...
3696,Data updated. Please restart the game
3697,"Map sharing, cannot backup right now"
3698,Miniature Blocks
3699,Version too low
3700,"Blue Diamond Nobles enjoy #cef2d2d8#n discounts, various privileges, and various gift packages!"
3701,"For more blue diamond privileges, please follow #L#cfa7a0f blue diamond official website#n"
3702,Claim
3703,Cannot be claimed
3704,Blue Diamond Noble Privilege
3705,Blue Diamond Noble Daily Pack
3706,Extra Blue Diamond Deluxe Edition
3707,Annual fee blue diamond nobles get extra
3708,One-click collect
3709,Blue Diamond Noble Novice Gift Pack
3710,Receive
3711,Blue Diamond users can enjoy the following privileges:
3712,1. Blue Diamond Starter Pack
3713,2. Blue Diamond Daily Pack
3714,3. Enjoy 20% off recharge discount
3715,4. Exclusive logo for blue diamonds
3716,Withdraw the received items by tapping the Store->Pack in the saves
3717,Received successfully. Take a look in your warehouse
3718,Receive failed. Please try again later
3719,"Mobile phone security management tips: 
Unable to start due to conflicts with modification software in the mobile phone"
3720,Received
3721,BBS
3722,"A modification software has been detected, which may affect the operation of the game. Please delete the modification software"
3723,Player’s Saves
3724,"Aliens have detected that you are using the plug-in, please stop using it. Your account may be banned permanently if you use plug-in."
3725,Description
3726,#cef2d2dLeft-click#n the Celesthium block to break it.
3727,Move to Celesthium block to pick it up
3728,Choose a bag of Sandy Soil
3729,Max items. Please delete and try again.
3730,"Deleted,please re-enter map"
3731,Normal Backup
3732,Online Backup
3733,Online savebackup
3734,Can be used to restore saves which are broken.
3735,There is only one slot. Previous backup will be overwritten directly.
3736,The room is in free mode now. Pleasepress the Confirm buttonto auto backup the graphic against damage.
3737,Miniature Workbench only available in Creation Mode and Dev Mode.
3738,Miniature Manage unavailable in multiplayer mode or others’ saves.
3739,Add Folder
3740,Login failed. Please check network. Account number or password!
3741,@Null@
3742,@Null@
3743,@Null@
3744,This 4399 account has been bound to a Mini number
3745,Mall
3746,Community
3747,Guild
3748,Help
3749,Hotspot connection#rYou can play with friends in LAN or mobile phone hotspots #r#rWifi Connection#rYou can connect with more people online anytime anywhere!
3750,Switch 4399 account
3751,This UID has been bound to a 4399 account
3752,Timeout . Please check the Internet
3753,Delete
3754,Create a new item
3755,Tool
3756,Weapon
3757,Food
3758,Not selectable
3759,Select an item model
3760,Save&Return
3761,Resume
3762,Quit Tutorial
3763,Do you really want to leave the tutorial?
3764,If you wanna learn more. Please click  continue
3765,Unavailable
3766,You are looking for yourself！
3767,Singleplayer
3768,Multiplayer
3769,Tips
3770,You don’t currently have an \n saved map.
3771,Create map
3772,Next step
3773,[Start] There are several different modes (Survival/Creation/Custom) that you can choose from. You can save your maps here.
3774,You can play with your friends via WIFI!
3775,[Gallery] Players’ masterpieces are being showcased here and you can upload yours too
3776,Log in every day to get items and mounts!
3777,Complete
3778,Play in LAN with your friends
3779,Connect to online gamers
3780,Switch mode
3781,Current mode
3782,@Null@
3783,Are you sure to spend 288 Mini Beans to ripen a golden fruit?
3784,Tap the button below to continue
3785,Failed to turn on the mic
3786,Failed to turn off the mic
3787,Failed to turn on the speaker
3788,Failed to turn off the speaker
3789,Mic turned on
3790,Mic turned off
3791,Speaker turned on
3792,Speaker turned off
3793,"Press [ button to turn the mic on, use ] to turn it off"
3794,Real-time communication
3795,Create Room
3796,@Null@
3797,@Null@
3798,Select All
3799,Select the folder you want to move to
3800,"Recycle shards, @1×@2"
3801,Use #c0aaa1a@1×@2#n to unlock #cfa7a0f@3#n?
3802,Purchase
3803,Are you sure to use #c0aaa1a@1×@2#n to upgrade #cfa7a0f@3#n?
3804,Confirm upgrade
3805,You are recycling #c0aaa1a@1 shard#n! Please confirm
3806,Gameplay
3807,Dev Mode
3808,Note: \n1. You cannot upload and open room on the map loaded with plugin at the moment\n2. Plugin edit and upload functions will be launched in the next update stay tuned!
3809,Map loaded with plugin is not allowed to upload now
3810,Map loaded with plugin is not allowed to create rooms right now
3811,Your friend @1 is online
3812,Your friend @1 is offline
3813,Speak longer
3814,Sound
3815,More Worlds
3816,Featured
3817,Players
3818,Search
3819,Category
3820,All
3821,Sort
3822,Newest
3823,#RAnimal Mounts: you can ride the lovely animals to travel around the world!
3824,#RDangerous World: Zombies Attack. (I heard that the Boarmen here like amber)
3825,#RCartoon texture: Don’t launch now. You need to uncheck the option.
3826,"#RReversed World: animals are ferocious, while savages are very gentle."
3827,#RAttacking Monsters: welcome to the world of giant creatures!
3828,Coming soon
3829,Birthday party at MiniWorld
3830,"Tips: Press ESC for settings, Press F1 to show hotkeys"
3831,This user did't share any Map
3832,Help
3833,"1. Map Save has moved to the Gallery! Faster uploading and downloading speed and more content! 
2. From now on, by sharing and uploading Maps, you can automatically enter the Player Zone of Gallery, and thousands of Mini players can see your works! You can also enjoy top-speed downloading! 
3. You can find uploaded Maps in the Gallery by searching
4. After reaching popularity, Maps shared by players will automatically enter the Parajudge Zone to be reviewed by other players, and have a potential to become a Players Choice and gets even more popular!"
3834,1. You can get more novice tutorials made by players in the Mini Workshop\n2. Swipe left on the archive to share the map to the workshop player area for display. \n3. Choose the map you like to download!
3835,I have read in detail and agree to #L#cfa7a0f《Game License and Service Agreement》#n、#L#cfa7a0f Privacy Policy #n、#L#cfa7a0f Youth Privacy Policy #n
3836,@Null@
3837,Please read the agreement below and tap the checkbox first.
3838,Upload Rules
3839,Tips: Press ESC or ` to return to crosshair mode
3840,Pause
3841,0k
3842,Popularity
3843,Feature
3844,Newest
3845,Downloads:
3846,Hot Topic
3847,Rating
3848,Random
3849,Refresh
3850,The Map has been deleted by the author
3851,Failed to download Map
3852,Default
3853,Refresh
3854,Tap or swipe up more Maps
3855,Fav.
3856,Cancel favorite
3857,Cancel favorite
3858,Fav.
3859,Home
3860,"If you enjoy the Map, please write a review of it!"
3861,Rate
3862,Quit
3863,Download
3864,All
3865,Failed to use. Check network
3866,#L#cfa7a0fGame Licensing and Service Agreement
3867,Please play some more before writing comments
3868,#L#cfa7a0fPrivacy Policies
3869,Your comments will help the author improve the Map
3870,Parajudge
3871,Topic
3872,Fav.
3873,Anniversary Celebratio\n On Sale
3874,More Topic
3875,Note: Shared Maps will be uploaded to the Player Zone of the Gallery
3876,Sort by
3877,Sort
3878,Coming soon
3879,character talent is max
3880,This character has been unlocked
3881,This skin is off-shelf
3882,"You already have this skin (permanent), no purchase needed."
3883,This skin has expired. Renewal needed.
3884,Item already unlocked
3885,Your backpack is full
3886,Locked. Get shards from Events or Garden
3887,character created
3888,Edit Folder Name
3889,@Null@
3890,Added to Favorite successfully
3891,Unfavorite
3892,Failed to add to Favorite
3893,Action failed. Network error
3894,No more new content. Please refresh
3895,Show mouse
3896,Controls
3897,Backpack
3898,Tap botton on the right to delete world
3899,Settings will take effect after restarting the Map. Restart now?
3900,Edit
3901,Plugin selection (pre-emptive version):
3902,Animal Mounts
3903,Dangerous World
3904,Cartoon texture
3905,Reversed World
3906,Attack of the Monster
3907,Fixed N
3908,Direction Rotatable
3909,Player Rotatable
3910,Move Files
3911,"The following files already exist in other folders. After confirmation, they will be moved to the target folder #cfa7a0f@1#n"
3912,#c0aaa1a@1#nExisted#cfa7a0f@2#n
3913,Default folder cannot be modified.
3914,Please select the miniatures to move.
3915,Please select the miniatures to delete.
3916,Are you sure to delete the folders?
3917,Plugin Library
3918,Help
3919,Create a new plug-in
3920,Plugin
3921,Selected
3922,Upload
3923,Plugin library - #cfffde9plugin editing#n
3924,Click to replace
3925,Input plug-in name
3926,Input description
3927,Open editing
3928,Allow only individual loading
3929,Basic
3930,All
3931,Blocks
3932,Creature
3933,Items
3934,Save
3935,Play
3936,Please enter the plugin name.
3937,Plugin NOT saved. Do you want to exit?
3938,Please create a plugin first.
3939,Enter a name
3940,Saved successfully
3941,Failed to save
3942,Tap here to create a new plugin
3943,Deleting the folder will move the miniature file to default folder.
3944,Only available to the host
3945,Only available in single player mode
3946,The folder name already exists.
3947,Resource Center
3948,Miniature file not added
3949,Please enter the folder name
3950,Buy 10 golden fruits with 2880 Mini Beans?
3951,Stop showing this
3952,Edit
3953,New Block
3954,New/Modify
3955,Original @1
3956,New @1
3957,Tap on option title to see more info!
3958,Create
3959,Tap to enter description
3960,Select a @1
3961,General
3962,Color
3963,Others
3964,Animals
3965,Monsters
3966,Others
3967,Delete
3968,New Creature
3969,Exit Delete
3970,No plugin can be deleted
3971,Select a plugin to have a try!
3972,#cfa7a0f@1#n kinds of materials required
3973,Edit @1
3974,Automatic craft
3975,Resume
3976,Tutorial
3977,TestServer
3978,Miniature block
3979,"For a better experience, the support for the XP system has been suspended. Please update the system and try again."
3980,"#cfa7a0fWhat is plugin pack:#nThe plugin pack is a pack integrating multiple plugins. 

How to use: 
When building a new Map, select Plugin → select Plugin Pack → tap the  +  button to select the plugin pack on the right side. Enter the game. All the changes in plugin pack will be loaded and take effect!"
3981,"#cfa7a0fHow to edit plugins?#n
1. Enter the plugin library, and tap Edit. 
2. Select a block or a creature, and create a new modification item. (Now you can only modify the original items of game)3. Adjust the name or configuration attributes of the modified item. 
4. Save and return to main interface of the game, and go to Create New World to select plugin."
3982,"#cfa7a0fHow to load plugins?#n
1. Select the plugin to load from the left, and tap the  +  button. 
2. Tap OK to return to create Map rules, and then tap Start to Play. Then the created Map will have the plugin effect."
3983,Help
3984,Plugin is created successfully. You can start editing now!
3985,Please select a picture less than 1M
3986,Display chart
3987,Custom display image will be available in following updates. Stay tuned!
3988,Open Edit option
3989,Open Edit Instruction
3990,Modification of @1 created
3991,Delete this plugin?
3992,Deleted successfully
3993,Attach Textures
3994,"Custom texture will be available in the next update, stay tuned."
3995,Not available. Stay tuned.
3996,Please tap the New button to create a new plugin!
3997,New plugin editing function is developed. Tap here to try
3998,Here is help information for plugin packs!
3999,Please read Help. Knowledge is power!
4000,Backup/Restore
4001,Backup
4002,Delete
4003,Restore
4004,Reminder:
4005,Update game-client or start game\nafter backup can reduce the risk of damage to your saves.
4006,Loading plugin may damage the saves. \nBack up so it can be restored if damaged.
4007,Remember to backup!
4008,Confirm to restore
4009,The current save progress will be covered with backup @1
4010,Continue?
4011,(You’ll lose current progress)
4012,Confirm
4013,Cancel
4014,Sure to delete this backup?
4015,(Cannot be recovered once deleted!)
4016,Backup succeeded
4017,Backup failed
4018,Restored successfully
4019,Failed to restore
4020,You can only create up to 3 backups. Please delete one and back up again
4021,Tap to enter a backup name
4022,Tips
4023,Create backup
4024,Load directly
4025,Back up and continue
4026,Backing up
4027,Restoring
4028,Please upgrade to the latest client version
4029,(Not backed up)
4030,Backed up
4031,Backup
4032,Save can be backed up. Open and check!
4033,Tap to open Saves Backup Management
4034,Cannot enter room (@1)
4035,Sure to delete the mail?
4036,The Online Backup is created before making a multiplayer room according to the reminder. Only one Online Backup can be saved. The latest one will overwrite the previous.
4037,This event is ended
4038,Opening soon
4039,Download
4040,Hot Today
4041,Yellow Diamond users can enjoy the following privileges:
4042,"Yellow diamond aristocratic exclusive item #cef2d2d8#n discount, various privileges, various gift packages!"
4043,"For more yellow diamond privileges, please follow #L#cfa7a0f yellow diamond official website#n"
4044,Yellow Diamond Noble Privileges
4045,Yellow Diamond Noble Daily Pack
4046,Yellow Diamond Deluxe Edition Extra Get
4047,Annual fee yellow diamond nobles get extra
4048,Yellow Diamond Noble Novice Gift Pack
4049,Yellow Diamond Gift Pack
4050,1. Yellow Diamond Novice Pack
4051,2. Yellow Diamond Daily Pack
4052,3. Enjoy 20% off recharge discount
4053,4. Exclusive logo for yellow diamonds
4054,Display chart:
4055,Plugin Name:
4056,Summary:
4057,’s Plugin
4058,Plugin Pack
4059,Confirm
4060,Plugin pack
4061,Plugin Library
4062,Add
4063,Plugin Editing
4064,Plugin Library
4065,Select Plugin
4066,Add Plugins
4067,Plugin Library
4068,"How to edit plugin pack: 
1. Add a plugin. 
2. Rename plugin pack and change the description. 
3. Return to create a Map or go to the Map plugin interface to use it."
4069,"What is a plugin?
It’s a tool with which you can change original blocks/creatures/items on a Map and add custom content. Plugins are stored in the Plugin Library in the form of blocks/creatures/items

How to create a plugin?
Enter the Plugin Library→Click on the Create button→Save

How to use a plugin?
A plug-in is valid only in the Map that is loaded.
1. Select the plugins when creating a new world to load the plugins.
2. Select the plugins in the Plugin Menu to load the plugins and let it take effect."
4070,"#cfa7a0fHow to load plugins?#n
1. Tap Add Plugin → Select the plugin to load → Confirm to add → the plugin needing to be loaded is selected. 
2. Tap OK to confirm and return to create a New World. 
3. Tap Start to Play, and the selected plugin has been loaded and taken effect!"
4071,"#cfa7a0fHow to load plugins?#n
1. Tap Add Plugin → Select the plugin to load → Confirm to add → the plugin needing to be loaded is selected. 
2. Tap OK to confirm and return to the saves list. 
3. Enter the game, and the selected plugin has been loaded and taken effect!"
4072,"#cfa7a0fHow to add plugins?#n
1. Tap to check the O at the top right of the plugin to select the plugin you want to add. 
2. Tap OK to add the plugin selected. 
3. Then start the game to play in the Map changed by the plugin!"
4073,Submit
4074,None
4075,I have read and agreed #L#cfa7a0fUser Agreement
4076,"Terms of Use for the Gallery

If you have any questions about, or if you wish to send us any notices in relation to, this Term of Use for the Gallery (hereinafter referred as “Agreement”), please contact us at miniwantech@gmail.com.

1. Acceptance of the Agreement 
Unless expressly defined otherwise this Agreement, all capitalized terms in this Agreement shall have the same meaning as defined in the Terms of Use and the Privacy Policy. 

You agree to be bound by the the Agreement, the Terms of Use, the Privacy Policy and any other agreements entered by you with Miniwan related to the software“Miniworld: Block Art” (Collectively referred as the “Terms”). Anything not agreed in this Agreement shall be executed as agreed in the Terms.

2. Intellectual Property
With the elements, tools, functions and other contents in or of our software “Miniworld: Block Art”, our Services may allow you to communicate, submit, upload or otherwise make available text, images, audio, video, competition entries or other content, which may be accessible and viewable by the public (“User modified Contents”). You may not submit or upload User modified Contents that is defamatory, harassing, threatening, bigoted, hateful, violent, vulgar, obscene, pornographic, or otherwise offensive or that harms or can reasonably be expected to harm any person or entity, whether or not such material is protected by law. 

Ownership of the Intellectual Property. The visual interfaces, graphics, design, compilation, information, data, computer code (including source code or object code), products, software, services, all other elements of the Service and the User modified Contents (-Intellectual Property- or -IP-) are protected by law. All IP contained in the Service is our property or third-party licensors’ property. Except as expressly authorized by us in these Terms, you may not make use of any IP contained in the Service. We reserve all rights to the IP not granted expressly in these Terms. 

You are solely responsible for the User modified Contents you have made and you represent and warrant that: (i)You have the necessary licenses, rights, consents, and permissions, to communicate, submit, upload or make the User modified Contents Representations; and (2) the User modified Contents, and the use of your User modified Contents, does not and will not: (i) infringe, violate, or misappropriate any third-party right, including any copyright, trademark, patent, trade secret, moral right, privacy right, right of publicity, or any other intellectual property or proprietary right; (ii) slander, defame, libel, or invade the right of privacy, publicity or other property rights of any other person; (iii) require Miniwan to obtain any further licenses from or pay royalties or compensation or other amounts or provide any attribution to any third parties; (iv) result in a breach of contract between you and a third party; or (v) cause us to violate any law or regulation. You agree to pay all monies owing to any person as a result of providing the User modified Contents. 

You agree to indemnify and hold us and our subsidiary and affiliated companies, and each of their respective employees and officers, harmless from any demands, loss, liability, claims or expenses (including attorneys' fees), made against us by any third party arising out of or in connection with our use and exploitation of the User Generated Content. You also agree not to enforce any moral rights, ancillary rights or similar rights in or to the User Generated Content against us or our licensees, distributors, agents, representatives and other authorized users, and agree to procure the same agreement not to enforce from others who may possess such rights. 

We have the right but not the obligation to monitor, screen, post, remove, modify, store and review User modified Content or communications sent through Service, at any time and for any reason, including to ensure that the User Modified Content or communication conforms to the Terms, without prior notice to you. We are not responsible for, and do not endorse or guarantee, the opinions, views, advice or recommendations posted or sent by users. 

3. MONITORING AND PROHIBITED ACTIVITIES
We have no obligation to monitor the User modified Content and we are not responsible for monitoring the Service for inappropriate or illegal Content or conduct by other players. However, we do reserve the right, in our sole discretion, to monitor and/or record your interactions with the Services and other players (including chat text and voice communications) when you are using the Services.

You agree not to engage in any of the following prohibited activities on or in relation to our services, or allow any person to use Your Account with us to do the same:
•        send any unsolicited, unauthorised spam (such as spam comments in our social media services), advertising or promotional messages, or any other commercial communications;
•        submit, upload, transmit or display, through our services, any content (whether displayed publicly or not, and whether displayed directly or indirect to any other users) which in fact or in our reasonable opinion:
o        breaches any laws or regulations (or may result in a breach of any laws or regulations when used in a manner permitted by this Terms of Use);
o        creates a risk of loss or damage to any person or property;
o        is fraudulent, false, misleading or deceptive;
o        harms or exploits any person (whether adult or minor) in any way, including via bullying, harassment or threats of violence;
o        is hateful, harassing, abusive, racially or ethnically offensive, defamatory, humiliating to other people (publicly or otherwise), threatening, profane or otherwise objectionable;
o        promotes or encourages self-harming;
o        infringes our rights or any third party’s rights, including any intellectual property rights, contractual rights, confidentiality rights or privacy rights;
o        is pornographic, sexually explicit, violent or otherwise of an indecent or offensive nature; or
o        encourages or is likely to encourage any of the above;
•        violate any applicable laws or regulations, including credit card fraud or bank account fraud;
•        engage in any illegal or potentially illegal (as determined by us) activities or transactions, including sale of any illicit drugs or money laundering;
•        gamble, provide gambling information or entice others to engage in gambling through any method;
•        use or exploit any of our intellectual property rights (including our trademarks, brand name, logo, any other of our proprietary information or the layout or design of any page), or otherwise infringe on any of our intellectual property rights (including attempting to reverse engineer any applications or software used to access our services);
•        access any of our services, collect or process any content made available through our services, send or redirect any communications through our services, in each case, through the use any automated bots, software, engines, crawlers, scrapers, data mining tools or the like, or attempt to do any of the foregoing, including using any automated means to artificially promote any content;
•        engage in any “framing”, “mirroring,” or other techniques directed at simulating the appearance or function of our services;
•        interfere with, or attempt to interfere with, any user’s or any other party’s access to our services;
•        intentionally distribute viruses, worms, Trojan horses, corrupted files or other malicious code or items;
•        share or publish any other person’s personally identifiable information using our services without their express consent;
•        probe or test the vulnerability of, or otherwise circumvent (or attempt to circumvent) any security features on, our services, our systems or the systems of other users;
•        create multiple accounts for disruptive or abusive purposes; or
•        engage in any other activity that encourages any person or entity to breach this Terms of Use.

4. Indemnity
You agree that you will be responsible for your use of the Service, and you agree to defend and indemnify us and our officers, directors, employees, consultants, affiliates, investors, business partners, subsidiaries and agents (together, the -Affiliated Parties-) from and against every claim, liability, damage, loss, and expense, including reasonable attorneys’ fees and costs, arising out of or in any way connected with: (a) your access to, use of, or alleged use of the Service; (b) your violation of any portion of these Terms, any representation, warranty, or agreement referenced in these Terms, or any applicable law or regulation; (c) your violation of any third-party right, including any intellectual property or proprietary right, publicity or privacy right, property right, or confidentiality obligation; or (d) any dispute or issue between you and any third party. We reserve the right, at our own expense, to assume the exclusive defense and control of any matter otherwise subject to indemnification by you (without limiting your indemnification obligations with respect to that matter), and in that case, you agree to cooperate with our defense of that claim.

YOU AGREE TO INDEMNIFY US, OUR PARTNERS AND OUR AFFILIATE COMPANIES FROM AND AGAINST ANY CLAIM, SUIT, ACTION, DEMAND, DAMAGE, DEBT, LOSS, COST, EXPENSE (INCLUDING LITIGATION COSTS AND ATTORNEYS’ FEES) AND LIABILITY ARISING FROM: (I) YOUR USE OF OUR SERVICES OR SOFTWARE; OR (II) YOUR BREACH OF THIS TERMS OF USE."
4077,Tap to add plugin
4078,Got it
4079,Added successfully
4080,Mail
4081,Select a mail
4082,Mini World Team
4083,Receive
4084,Go to
4085,Unstable network connection. Please try again later
4086,Validity:
4087,Day
4088,hour(s)
4089,Failed to receive. Please try again later
4090,Receive mail items
4091,Received
4092,No new mail yet
4093,New
4094,Add
4095,Restart game to make newly loaded plugin take effect.
4096,"Selected plugin: @1, and plugin pack: @2"
4097,Confirm
4098,Tip: Tap O to select plugin to load.
4099,Selected plugin: @1
4100,Plugin package: @1
4101,Plugins loaded
4102,Enter Game
4130,Tools
4131,Weapons
4132,Other Categories
4133,Equipments
4134,Show Verification Code
4135,Hide Verification Code
4150,No
4151,Yes
4152,Melee
4153,Remote
4154,Explosion
4155,Biology
4156,Block
4157,Biology and Block
4158,Tap Shoot
4159,Explosion
4200,Blast resistance
4201,"Blast-resist ability of blocks. Larger number means it’s harder to blow up the blocks.
(For example: soil is 5, and stone is 55, so stone is more blast-resistant, -1 means it’s indestructible)"
4202,Hardness
4203,"Time required for collecting blocks. Larger number means longer time.
(For example: wood board is 3, and stone is 7, so it takes longer time to collect stones, -1 means it’s indestructible)"
4204,Sliding accel.
4205,"Acceleration value when walking on blocks. Larger number means it’s more difficult to stop. 
(For example: ice acceleration value is big because walking on the ice will become slippery)"
4206,Burning Speed
4207,"Burning speed of blocks. Larger number means higher burning speed. 
(For example: wood is 1, leaf is 5, leaf will burn faster)"
4208,Odds of burning
4209,Larger number means the blocks is more easily to be ignited by burning cubes nearby.
4210,Light intensity
4211,"When the number is greater than 1, the block will glow. Larger number means higher brightness."
4300,Health
4301,"Life value of creature. When it drops to 0, the creature dies."
4302,Attack
4303,ATK of creature. 1 point reduces 1 lattice of life of target.
4304,View field
4305,"Visual range of creature. The greater the value, the greater distance it can see target. 
(For example: 10 means the creature can found targets within 10 lattices)"
4306,Number of occurrences
4307,The maximum number of creatures of same kind appearing nearby at the same time.
4308,Creature zooms
4309,"Size changing times of creature. The greater the value, the greater the creature model."
4310,Speed
4311,"Moving speed of creature. The greater the value, the faster it moves. 
(Standard speed is 400)"
4312,Melee defense
4313,Every 1 point of melee defense reduces 4%melee damage.
4314,Long-range armor
4315,Every 1 point of long-range defense reduces 4%of long-range damage.
4316,Explosion armor
4317,Every 1 point of explosion defense reduces 4%of explosion damage.
4400,Max No. of stacks
4401,The maximum stacking number of itmes in the backpack.
4402,Make it a Tool?
4403,Has access of functions and attributes as a tool
4404,Make it food?
4405,Has access of functions and attributes as food
4406,Make it projectile
4407,Has access of functions and attributes as a projectile
4408,Efficiency buff
4409,Efficiency bonus stacks for for blocks collecting tools. Only for the tool category.
4410,ATK type
4411,Attack type of the tool.
4412,Physical Attack
4413,Tool Damage. 1 point reduces 1 life of the target.
4414,Durability
4415,"Tool durability. When it reduces to 0, the tool will be damaged."
4416,gravity
4417,"The gravity force applied to a flying projectile. The smaller the value, the farther it flies."
4418,Initial speed
4419,"Initial velocity of a flying projectile. The greater the value, the farther it flies."
4420,Velocity attenuation
4421,"Speed reduction of a flying projectile. The smaller the value, the farther it flies."
4422,Recyclable
4423,Whether the projectile can be picked up and reused after falling on the ground.
4424,Hit target
4425,Controls the target types the projectile can hit.
4426,Trigger delay
4427,How long projectile needs to take effect after hitting target
4428,Projectile ATK
4429,Damage of a projectile. 1 point reduces 1 life of target.
4430,Attack type
4431,Two attack type of projectile: regular or explosion.
4432,use time
4433,time needed to consume food.
4434,Food Meter
4435,Food Meter it increases after using.
4436,Hunger resistence
4437,Hunger resistence increases after using.
4438,Heal HP
4439,Life value recoveres after using.
4440,Charge time
4441,Time needed for long-range charge weapon.
4442,Use type
4443,"Controls how to use tools. Only takes effect when tool type matches use type. 
For example, long-range weapons should match long-range charge weapons or firearms. Apple should match food."
4444,Physical Attack
4445,Firearm Damage. 1 point reduces 1 life of a target.
4446,Fire Rate Interval
4447,"Time interval between each shot. The greater the value, the lower the firing speed."
4448,Full-Auto
4449,Controls whether the firearms is fully automatic.
4450,Bullets
4451,Number of bullets in one magazine. You need to reload to fire again if the magzine is empty.
4452,Firing mode
4453,Whether shooting or reloading consumes ammo items
4454,Ammo
4455,Ammo description
4456,Consumption quantity
4457,Consumption quantity description
4458,Gravity
4459,Gravity description
4460,Drop Items
4461,Drop Items Description
4462,Collision
4463,Control whether a block can be passed through: Air-passable; Solid-impassable; Liquid-passable （will slow down speed）or can be passed through by projectiles only.
4464,Air
4465,Passable
4466,Solid
4467,Impassable
4468,Liquid
4469,Passable but will slow down speed
4470,Will not stop projectiles
4471,Pass through by projectiles only
4472,Infinite mag
4473,Reload doesn’t consume magazine
4474,Finite ammo
4475,Need ammo to fire
4476,Infinite ammo
4477,Shooting doesn’t reduce ammo
4478,Item type
4479,Block
4480,Misc
4481,Tools
4482,A set of items
4483,Monsters
4484,UID
4485,Bow
4486,Ammo/Projectile
4487,Equipment
4488,Firearm
4489,Food
4490,Tools&Projectiles
4491,Tools&Foods
4492,Blocks&Foods
4493,Item15
4494,Item16
4495,Item17
4496,Item18
4497,Item19
4498,Item20
4499,Item21
4500,No
4501,Yes
4502,Melee
4503,Range
4504,Explosion
4505,Collision(creature)
4506,Collision(Block)
4507,Creatures and Blocks
4508,Single Shot
4509,Explosion
4510,Regular  tools
4511,Tap block
4512,Tap liquid block
4513,Tap use button
4514,Ranged weapon(Bow)
4515,Food
4516,Use backpack
4517,Use in warehouse
4518,Ranged weapon (firearm)
4519,The shop is temporarily closed. Please go to Google Play Store/App Store to download the mobile version.
4520,Store is coming soon
4521,You’ve been playing for 2 hours.
4522,"Take a rest, or maybe try some multiplayer games?"
4523,Please read the User Agreement on Uploading Works for the Gallery first
4530,Short
4531,Medium
4532,Long
4533,Less
4534,Medium
4535,More
4536,Low
4537,Medium
4538,High
4539,Slow
4540,Medium
4541,Fast
4542,Select ammo
4543,Default
4544,Custom
4545,Select ammo
4546,Default
4547,Custom
4548,Tip: new custom  items can be found in Edit Mode -- Backpack -- Edit
4549,Select blocks’ appearance
4550,Max number for stack
4551,Attacking will cost durability
4552,Tools type
4553,None
4554,Axe
4555,Pickaxe
4556,Shovel
4557,Scissor
4558,Tool6
4559,Tool7
4560,Tool8
4561,Tool9
4562,Tool10
4563,Tool Lv.
4564,Collecting will cost durability
4565,Repair materials
4566,Restoring value
4567,Initialspeed bonus
4568,Throwable
4569,Charging mode
4570,Normal Charge
4571,Max charge only
4572,No charge
4573,Throwing interval
4574,Firearm type
4575,Pistol
4576,Submachine gun
4577,Sniper
4578,Machine gun
4579,Shotgun
4580,Firearm6
4581,Firearm7
4582,Firearm8
4583,Firearm9
4584,Firearm10
4585,Weight
4586,Basic attribute
4587,Collecting attribute
4588,Duration attribute
4589,Projectile attribute
4590,Create custom item
4591,Select an item type
4592,Select an item type
4593,Throwing interval
4594,"The firearm type affects recoil, sound and fire effects."
4595,"The tool type and its level can affect the kinds of blocks it collects, e.g., pickaxe, level 1 can collect stones, level 2 iron ores, level 3 gold ores."
4596,Broken by Projectile
4597,Break block
4598,Shooting mode info
4599,Manual
4600,Half-Auto
4601,Full-Auto
4602,Collect
4603,"When hunger point>=#c0aaa1a%s#n,there is a rate of #c0aaa1a%s#n to collect #c0aaa1a%s#n nearby"
4604,Execution rate
4605,Exploring range
4606,Collecting target
4607,Whether target is ripe
4608,Movement speed
4609,Hunger point detecting
4610,Satiety Consumption
4611,points/sec
4612,Pick Up
4613,"When hunger point>=#c0aaa1a%s#n,there is a rate of #c0aaa1a%s#n to pick #c0aaa1a%s#n nearby,until collected #c0aaa1a%s#n"
4614,Pick up target
4615,Holding quantity
4616,Storage
4617,"When hunger point>=#c0aaa1a%s#n,and the quantity of #c0aaa1a%s#n is over #c0aaa1a%s#n,there is a rate of #c0aaa1a%s#n to save them into the #c0aaa1a%s#n"
4618,Item to store
4619,Item number
4620,Storing target
4621,Container select
4622,@Null@
4623,@Null@
4624,@Null@
4625,@Null@
4626,Plant
4627,"When hunger point>=#c0aaa1a%s#n, there is a #c0aaa1a%s#n of chance to target #c0aaa1a%s#n and use #c0aaa1a%s#n"
4628,Target block
4629,Use item
4630,Item select
4631,Use item
4632,@Null@
4633,@Null@
4634,@Null@
4635,Guard
4636,"When hunger point>#c0aaa1a%s#n,there is a rate of #c0aaa1a%s#n to guard on #c0aaa1a%s#n"
4637,Guarding block
4638,Take
4639,"When hunger point>=#c0aaa1a%s#n, there is a #c0aaa1a%s#n of chance: from #c0aaa1a%s#n neaby, take out #c0aaa1a%s#n,until you have #c0aaa1a%s#n"
4640,Container select
4641,Taking item
4642,Item quantity
4643,Craft
4644,"When hunger point>=#c0aaa1a%s#n,there is a rate of #c0aaa1a%s#n to craft #c0aaa1a%s#n"
4645,Recipe select
4646,Crafting time
4647,Recipe select
4648,Sleep
4649,"There's a rate of #c0aaa1a%s#n to sleep at the time of #c0aaa1a%s#n,and sleeping will last for #c0aaa1a%s#n hours"
4650,Sleeping time
4651,Sleeping duration
4652,Sleeping location
4653,o'clock
4654,Hungry
4655,"When hunger point<#c0aaa1a%s#n,sit down still."
4656,Hunger pt detecting
4657,Duration
4658,Picky eater
4659,Food needed
4660,Food select
4661,@Null@
4662,@Null@
4663,@Null@
4664,@Null@
4665,Eat
4666,"When hunger point less than <#c0aaa1a%s#n, if there are food in inventory, eat the food, if no food in inventory, sad and sigh"
4667,Picky eater
4668,Food select
4669,Attack
4670,"When hunger point>#c0aaa1a%s#n,in a rate of #c0aaa1a%s#n to attack #c0aaa1a%s#n until the number belows #c0aaa1a%s#n"
4671,Target select
4672,Number
4673,Whether bred
4674,Breed
4675,"When hunger point >#c0aaa1a%s#n,in a rate of #c0aaa1a%s#n to feed #c0aaa1a%s#n with #c0aaa1a%s#n"
4676,Target select
4677,Whether target can breed
4678,Use item
4679,Item select
4680,Use item
4681,@Null@
4682,@Null@
4683,@Null@
4684,Container select
4685,Container
4686,Block select
4687,Block
4688,@Null@
4689,@Null@
4690,@Null@
4691,Recipe select recipe
4692,Trigger Immediately
4693,Not Trigger
4694,Craft the following items on Crafting Table
4699,@Null@
4700,Delete these plugins?
4701,General (all)
4702,Survival
4703,Creation
4704,Fight
4705,Circuit
4706,Puzzle
4707,Parkour
4708,Others
4709,Model
4710,Friend
4711,In game
4712,Online
4713,Disconnecting...
4714,UID: @1
4715,Online
4716,Offline
4717,Send
4718,#c49463FPlease do not share your password and personal information
4719,Mini friends
4720,Friends on mobile device
4721,Nearby
4722,My Follow
4723,@Null@
4724,View
4725,My QR code
4726,Scan
4727,Message: @1
4728,Friend request sent.
4729,Action failed. Please try again later
4730,Now you are friends
4731,Clear All
4732,Clear all?
4733,You have no messages
4734,Friend request
4735,Mini Captain
4736,Failed to send. Please try again later
4737,Wrong number
4738,Follow
4739,User does not exist
4740,He/she is already your friend
4741,Number of friends reaches limit
4742,Submit
4743,Inappropriate Icon
4744,Inappropriate content published
4745,Report successfully
4746,Function is coming soon
4747,Search
4748,Distance: about @1
4749,No nearby players
4750,Load more
4751,Start failed
4752,Followed successfully
4753,Unfollowed successfully
4754,You haven’t followed anyone
4755,Unfollow
4756,View details
4757,UID: unavailable
4758,Many players are waiting for you in MiniWorld! http://miniworldgame.com/
4759,No recent playmates
4760,"Permission request
To use the functionality of mobile friends, please allow the app to use your contant by giving permission in Settings-Apps-MiniWorld-Contacts"
4761,"Permission request
To use the Mobile Contacts, please give permission of to access contacts in Settings-MiniWorld"
4762,"Permission request
To use the Nearby functionality, please turn on the permission in Settings-Apps-MiniWorld-Your location"
4763,"Permission request
To use the Nearby functionality, please give permission to use your location in Settings-Mini World"
4764,"●The Friend system feature has been updated!#r#r 1. Added the feature to search for friends by nickname.#r#r 2. Added the feature to quickly find friends by entering keywords.#r#r 3. Added the feature to visit a friend's garden. Visiting friends is more convenient now. #r#r 4. To help you establish effective social relationships, you can send up to 300 friend requests within two days.#r#r"
4765,Help
4766,I find it amazing! I guess you’ll like it too.http://miniworldgame.com/
4767,MiniWorld
4768,I find it amazing! I guess you’ll like it.
4769,Pause
4770,Texture Pack
4771,Unlock
4772,Go
4773,Unlocked
4774,Failed to unlock
4775,Need more Mini Beans
4776,Texture Setting
4777,Texture
4778,Enter
4779,Default Style
4780,MiniWorld Authority
4781,Texture pack is locked. Please go to the Gallery to unlock
4782,Texture pack is locked. Default texture pack will be used
4783,You cannot modify the texture pack of downloaded Maps
4784,Tap here to select texture packs!
4785,Plugin uploading failed.
4786,Character
4787,Skin
4788,Mount
4789,Update needed
4790,Update needed
4791,Update needed
4792,Update needed
4793,Update needed
4794,Update needed
4795,Update needed
4796,Update needed
4797,Update needed
4798,Update needed
4799,Read
4800,Crop
4801,Tool
4802,Misc
4803,Blocks
4804,Battle
4805,Tiny
4806,Small
4807,Normal
4808,Big
4809,Large
4810,Very slow
4811,Slow
4812,Fast
4813,Extremely fast
4814,Melee
4815,Mid-range
4816,Long-range
4817,Close
4818,Middle
4819,Far
4820,Attack preference
4821,Bonus Property
4822,3. Green Team
4823,4. Yellow Team
4824,5. Orange Team
4825,6. Purple Team
4826,Change attack mode
4827,Update needed
4828,Update needed
4829,Update needed
4830,Update needed
4831,Update needed
4832,Update needed
4833,Choose a alignment for this creature. It will not attack creatures/players in the same team nor deal damage to them. The host is in Red Team by default.
4834,Update needed
4835,@Null@
4836,@Null@
4837,@Null@
4838,Cancel
4839,Extract
4840,Your birthday
4841,Tips:Please take care of your personal informations.
4842,This is not avaliable for you since your set age is under 13
4843,Year
4844,Month
4845,"(It cannot be changed after confirmation, please fill it in carefully)"
4846,Terrain blocks cannot use miniature blocks
4847,Not during event time. Cannot be used
4848,@Null@
4849,The shop is temporarily closed
4850,Jan
4851,Feb
4852,Mar
4853,Apr
4854,May
4855,June
4856,July
4857,Aug
4858,Sep
4859,Oct
4860,Nov
4861,Dec
4862,<
4863,@Null@
4864,@Null@
4865,@Null@
4866,Use @1 to redeem @2 x @3. Are you sure to redeem?
4867,Mini Treasury
4868,Own:
4869,Record
4870,Redeem times
4871,Item
4872,Time
4873,Qty
4874,Cost
4875,Qty Confirm
4876,Available
4877,Redeem
4878,Redeem Confirmation
4879,Obtain
4880,Please Choose
4881,Skill cooldown
4882,Login
4883,Quit
4884,Apply for UID
4885,Please enter an integer
4886,One more game
4887,Join
4888,The host invites you to play one more game.
4889,"The host is re-opening the room, please wait"
4890,Note: #c0aaa1a Mini Beans #n can be used to make fruits ripe instantly in the Garden and you will get great rewards in return.
4891,Added to account
4892,Unlock successful
4893,Need more shards
4894,"Ranged defense: @1, reduces ranged damage by @2%"
4895,"Elemental defense: @1, reduces elemental damage by @2%"
4896,Unknown
4897,camera locked
4898,Captain prepared a chest for you
4899,Update needed
4900,Play
4901,Cancel
4902,#cef2d2dToo many players.#n Please wait before the download starts(@1s)
4903,Gallery Status (@1@2#n)
4904,Available
4905,Busy
4906,Full
4907,@Null@
4908,"The code you enter is incorrect, please try again."
4909,"The redeem code is unavailable for the current platform, please check the notes about the gift."
4910,"The redeem code is unavailable for the current version, please check the instruction on how to get the gift."
4911,This gift pack can be redeemed ONLY ONCE.
4912,The redeem code has expired.
4913,The gift pack has expired.
4914,Limit reached for the amount of gift packs can be redeemed today.
4915,Limit reached for the amount of gift packs can be redeemed.
4916,Limit reached for the amount of gift packs can be redeemed.
4917,Limit reached for the amount of gift packs can be redeemed.
4918,"The gift pack is unavailable for current platform, please check the notes for the gift pack."
4919,"The gift pack is unavailable for current version, please check the notes for the gift pack."
4920,You can’t claim this kind of gift pack anymore. Please try again tomorrow
4921,You can’t claim this kind of gift pack anymore.
4922,You can’t claim this kind of gift pack anymore. Please try again tomorrow
4923,You can’t claim this kind of gift pack anymore.
4924,Incorrect redeem code
4925,This redeem code has been used by another user. Please enter a new code
4926,Unavailable on this platform
4927,Limit reached for the amount of gift packs can be redeemed.
4928,Mini Captain’s is helping you. You can continue this adventure #c0aaa1afor free this time#n !
4929,Mini Captain has prepared a small gift for you
4930,Get Rewards
4931,Refresh
4932,Refresh for free
4933,Free
4934,Network environment confirmation
4935,You’re currently connected to cellular data. Watching ads will use your data. Are you sure you want to continue?
4936,Watch Ad
4937,Once
4938,1: Basic settings
4939,Move\n #cFFFFFFForward#n
4940,#cFFFFFFMove mouse#n
4941,Left
4942,Right
4943,Backward
4944,(Left mouse)Attack/Break
4945,(Right mouse)Drop
4946,Look \n Rotate
4947,Look \nRotate
4948,2: Advanced settings
4949,(B) Open the backpack
4950,shortcut 1 - 8
4951,(Left mouse) Select item
4952,(Right mouse) Use item
4953,3: Other settings
4954,to turn the page
4955,F1: Help
4956,Esc: Skip
4957,Spacebar: continue
4958,Key bindings(Default)
4959,#c1affda[~]#cbdefe7 Switch between target and mouse #c1affda[Left Click]#cbdefe7 Attack; Long press to break the Blocks #c1affda[Right Click]#cbdefe7 Place Blocks; Interact with Blocks/NPC #c1affda[Mouse Wheel]#cbdefe7 Select Blocks from the Item Bar #c1affda[Mouse]#cbdefe7 Move camera #c1affda[W A S D]#cbdefe7 Move the character #cfae52f[L-Shift]#cefe2bd Stealth
4960,Select a character you like
4961,Tap to Continue
4962,Press [Space] to continue
4963,Skip
4964,New task available
4965,Shared
4966,#cf1cfff[ESC]#n Open/Close Settings #cf1cfff[Tab]#n Player List #cf1cfff[J]#n Developer Tools #cf1cfff[V]#n Auto Sort (Backpack Slot) #cf1cfff[F1]#n Help #cf1cfff[F2]#n Start/Stop Recording #cf1cfff[F5]#n Switch View #cf1cfff[F9]#n Hide Interface #cf1cfff[F10]#n Screenshot #cf1cfff[F11]#n Fullscreen #cf1cfff[C]#n Status Check #cf1cfff[Enter]#n Chat #cf1cfff[R]#n Reload
4967,#cf1cfff[H]#n Summon Mount #cf1cfff[M]#n Minimap  #cf1cfff[L]#n Tasks  #cf1cfff\[I]#n Warehouse  #cf1cfff[O]#n Skin  #cf1cfff[P]#n Store  #cf1cfff[[]#n Voice Chat #cf1cfff[F]#n Friends #cf1cfff[X]#n Actions #cf1cfff[Y]#n Resource Library #cf1cfff[Z]#n Transform
4968,Advanced Editing Mode Shortcut #cfae52f[F4]#cefe2bd Run/Edit #cfae52f[Ctrl+Z]#cefe2bd Undo #cfae52f[Ctrl+Y]#cefe2bd Restore #cfae52f[J]#cefe2bd Play Mode #cfae52f[T]#cefe2bd Trigger #cfae52f\[U]#cefe2bd Interface #cfae52f[Y]#cefe2bd Resource Library/Resource Workshop #cfae52f[L]#cefe2bd LUA Script #cfae52f[Tab]#cefe2bd Toggle Creation/Brush/Select Tool #cfae52f [Ctrl+1]#cefe2bd Tool - Create #cfae52f[Ctrl+2]#cefe2bd Tool - Brush #cfae52f[Ctrl+3]#cefe2bd Tool - Select #cf1cfff Brush Mode for Quick Color Pick #n#cfae52f[Press Mouse Wheel] #cefe2bd Pick Color
4969,This custom Map has been reset. All permissions are invalid
4970,More Maps
4971,You will be redirected to Gallery#r#c0aaa1aMany great Maps there!#n
4972,Failed to display the ad. No reward.
4973,Ads configuration error
4974,Fruit ripening time shortens @1
4975,min(s)
4976,s
4977,The advertisement is not ready.
4978,Free mode detected. We recommend that you #c0aaa1aback up#n the saves to prevent potential damage. Do you want to back it up and create a room now?
4979,Speed Up
4980,The ads are not prepared yet.
4981,Request permission
4982,The host has received your request. Please try later
4983,Your request has been approved.
4984,Your request has been rejected.
4985,"Maybe the host is on the phone or something, please wait"
4986,@Null@
4987,@Null@
4988,@Null@
4989,@Null@
4990,@Null@
4991,@Null@
4992,@Null@
4993,@Null@
4994,Refuse
4995,Accept
4996,Request permission
4997,#RVisitor
4998,Free
4999,Access:
5000,Unable to switch platforms. Please go to #c0aaa1a@1#n and download the game.
5001,@Null@
5002,@Null@
5003,@Null@
5004,@Null@
5005,@Null@
5006,@Null@
5007,@Null@
5008,@Null@
5009,@Null@
5010,@Null@
5011,@Null@
5012,@Null@
5013,@Null@
5014,@Null@
5015,@Null@
5016,@Null@
5017,@Null@
5018,@Null@
5019,@Null@
5020,@Null@
5021,@Null@
5022,@Null@
5023,@Null@
5024,@Null@
5025,@Null@
5026,@Null@
5027,@Null@
5028,@Null@
5029,@Null@
5030,@Null@
5031,@Null@
5032,@Null@
5033,@Null@
5034,@Null@
5035,@Null@
5036,@Null@
5037,@Null@
5038,@Null@
5039,@Null@
5040,@Null@
5041,@Null@
5042,@Null@
5043,Google
5044,@Null@
5045,@Null@
5046,@Null@
5047,@Null@
5048,@Null@
5049,@Null@
5050,@Null@
5051,@Null@
5052,@Null@
5053,@Null@
5054,@Null@
5055,@Null@
5056,@Null@
5057,@Null@
5058,@Null@
5059,@Null@
5060,@Null@
5061,@Null@
5062,@Null@
5063,@Null@
5064,@Null@
5065,@Null@
5066,@Null@
5067,@Null@
5068,@Null@
5069,@Null@
5070,@Null@
5071,@Null@
5072,@Null@
5073,@Null@
5074,@Null@
5075,@Null@
5076,@Null@
5077,@Null@
5078,@Null@
5079,@Null@
5080,@Null@
5081,@Null@
5082,@Null@
5083,@Null@
5084,@Null@
5085,@Null@
5086,@Null@
5087,@Null@
5088,@Null@
5089,@Null@
5090,@Null@
5091,@Null@
5092,@Null@
5093,@Null@
5094,@Null@
5095,@Null@
5096,@Null@
5097,@Null@
5098,@Null@
5099,@Null@
5100,@Null@
5101,@Null@
5102,@Null@
5103,@Null@
5104,@Null@
5105,@Null@
5106,@Null@
5107,@Null@
5108,@Null@
5109,@Null@
5110,@Null@
5111,@Null@
5112,@Null@
5113,@Null@
5114,@Null@
5115,@Null@
5116,@Null@
5117,@Null@
5118,@Null@
5119,@Null@
5120,@Null@
5121,@Null@
5122,@Null@
5123,@Null@
5124,@Null@
5125,@Null@
5126,@Null@
5127,@Null@
5128,@Null@
5129,@Null@
5130,@Null@
5131,@Null@
5132,@Null@
5133,@Null@
5134,@Null@
5135,@Null@
5136,@Null@
5137,@Null@
5138,@Null@
5139,@Null@
5140,@Null@
5141,@Null@
5142,@Null@
5143,@Null@
5144,@Null@
5145,@Null@
5146,@Null@
5147,@Null@
5148,@Null@
5149,@Null@
5150,@Null@
5151,@Null@
5152,@Null@
5153,@Null@
5154,@Null@
5155,@Null@
5156,@Null@
5157,@Null@
5158,@Null@
5159,@Null@
5160,@Null@
5161,@Null@
5162,@Null@
5163,@Null@
5164,@Null@
5165,@Null@
5166,@Null@
5167,@Null@
5168,@Null@
5169,@Null@
5170,@Null@
5171,@Null@
5172,@Null@
5173,@Null@
5174,@Null@
5175,@Null@
5176,@Null@
5177,@Null@
5178,@Null@
5179,@Null@
5180,@Null@
5181,@Null@
5182,@Null@
5183,@Null@
5184,@Null@
5185,@Null@
5186,@Null@
5187,@Null@
5188,@Null@
5189,@Null@
5190,@Null@
5191,@Null@
5192,@Null@
5193,@Null@
5194,@Null@
5195,@Null@
5196,@Null@
5197,@Null@
5198,@Null@
5199,@Null@
5200,@Null@
5201,Seach
5202,Resume
5203,(Enter your Email)
5204,@Null@
5205,@Null@
5206,@Null@
5207,@Null@
5208,@Null@
5209,@Null@
5210,@Null@
5211,@Null@
5212,@Null@
5213,@Null@
5214,@Null@
5215,@Null@
5216,@Null@
5217,@Null@
5218,@Null@
5219,@Null@
5220,@Null@
5221,@Null@
5222,@Null@
5223,@Null@
5224,Last page(←)
5225,(→)Next page
5226,You’re less than @1 m away
5227,You’re more than @1m away
5228,His/Her friend list is full
5229,His/Her requests are full
5230,@Null@
5231,@Null@
5232,@Null@
5233,@Null@
5234,@Null@
5235,@Null@
5236,Show off
5237,Unlocking items are accessible from Garden fruits.
5238,Real-time Shade
5239,Reflection
5240,Re-enter to take effect
5241,Go to
5242,Setting
5243,Standard
5244,High
5245,Ultimate
5246,Custom
5247,Effect
5248,Fog Effect
5249,Caustic
5250,Godray
5251,Dynamic Sky
5252,Manually adjust screen settings
5253,Dynamic Plant
5254,Filter
5255,Glossy
5256,FPS
5257,Show FPS
5258,Your configuration will cause lag if you switch the settings. Are you sure to switch?
5259,Unlimited
5260,Low
5261,High
5262,Shadow
5263,Water Reflection
5264,Dynamic Light
5295,Unlocked successfully. Bonus: you get @1 Mini Beans
5296,Avatar frame unlocked successfully
5297,Avatar frame changed successfully
5298,This avatar frame is already in use.
5299,You need to get this avatar frame first.
5300,Default avatar frame
5301,Google
5302,Google
5303,Google
5307,@Null@
5310,@Null@
5312,@Null@
5313,@Null@
5336,@Null@
5344,APP Store
5345,@Null@
5346,@Null@
5347,@Null@
5348,@Null@
5349,Steam
5402,@Null@
5410,@Null@
5411,@Null@
5993,@Null@
5994,@Null@
5995,@Null@
5996,@Null@
5997,@Null@
5998,@Null@
5999,@Null@
6000,Get fruits and claim rewards. small/large/golden fruits can claim 1/5/10 times.
6001,Limited purchase
6002,No initial golden fruit reward
6003,No garden gift box. Level’s not high enough.
6004,Garden gift box is already claimed.
6005,Need more ripe fruits
6006,Garden street vendor does not exist.
6007,The items of garden street vendor do not exist.
6008,The item limit streen vendor is reached.
6009,Current progress
6010,#RThe bonus has doubled
6011,Tree(Square)
6012,Tree(Oval)
6013,Internal network verification success
6014,Online
6015,Binding IP error
6016,Device num error
6017,Login error
6018,The account cannot have Spaces
6019,@Null@
6020,@Null@
6021,@Null@
6022,@Null@
6023,@Null@
6024,@Null@
6025,Save
6026,This player hasn’t shared anything for the moment
6027,Line
6028,Color selection
6029,Recently used colors
6030,Map
6031,Mine
6032,Official
6033,Players
6034,Current color
6035,Red
6036,Pink
6037,Magenta
6038,Violet
6039,Prussian blue
6040,Blue
6041,Light blue
6042,Sky blue
6043,Cyan
6044,Green
6045,Grass green
6046,Light green
6047,Yellow
6048,Orange yellow
6049,Orange
6050,Vermilion
6051,Brown
6052,Grey
6053,Black
6054,White
6055,Color
6056,Color number
6057,Map sharing
6058,Summary
6059,The Creator hasn’t written an introduction yet
6060,No comments
6061,Featured comments
6062,New comments
6063,Events
6064,Skill
6065,(Map Admin@CN)
6066,My works
6067,My subscriptions
6068,My Purchases
6069,Creator’s Home
6070,Check your shared Map status
6071,Check subscribed players' Map status
6072,Check the Maps you unlocked with coins
6073,Apply for official certification to gain more
6074,Skin
6075,Click here to create a title
6076,Click here to write
6077,Creator
6078,The title cannot exceed 40 characters
6079,The content cannot exceed 800 characters
6080,Click the middle mouse button to copy the color in PC version
6081,Aim at the block and then tap to copy the color in mobile version of the game.
6082,Tap here to enter creator’s introduction
6083,Find password
6084,Email Verification
6085,Enter the code through the binding email to recover your account
6086,Email
6087,Incorrect email address
6088,This Email is not linked to any UID
6089,Incorrect validation code
6090,Big game room in PC version
6091,At least @num players are required to start this Map. Please modify the settings.
6092,We recommend that you set the number of players to @num according to your computer performance.
6093,Testing network performance
6094,Performance test
6095,View attribute
6096,Back view (Third-person viewpoint)
6097,2D View
6098,Top down view
6099,Crosshair
6100,Center
6101,TPS
6102,Moving
6103,Left&Right only
6104,Up&down only
6105,UDLR only
6106,All-direction
6107,Mode
6108,Follow character
6109,Free Mode
6110,View rotation
6111,Both
6112,Neither
6113,Character turns(fixed view)
6114,View rotates(fixed character)
6115,Rotation limit
6116,Move follow-up
6117,Character doesn’t turn with movements
6118,Character turns with movements
6119,Testing view
6120,Default
6121,View
6122,Enable random spawn points in survival Maps
6123,Disable random spawn points in survival Maps
6124,Random spawn point(#c0aaa1aOn#n)
6125,Random spawn point(#cef2d2dOff#n)
6126,(Random spawn points in survival Maps)
6127,(Nonrandom spawn points in survival Maps)
6128,World setting
6129,Initial setting
6130,Goal
6131,Team setting
6132,Display setting
6133,Map time
6134,Current time
6135,Fixed timer
6136,Placement permission
6137,Usage permission
6138,Destruction permission
6139,Weather
6140,Options
6141,Sun&rain
6142,Sunny
6143,Rainy
6144,Spawn
6145,Monster spawn
6146,Animals spawn
6147,Gravity setting
6148,Gravity multiplier
6149,Player limit
6150,Current players
6151,Player
6152,Start
6153,Grant permission
6154,Host opens
6155,When enough players joined
6156,Auto start
6157,Playtime
6158,Limited Time
6159,Session time
6160,Winning condition
6161,Score
6162,Team victory
6163,Team defeat
6164,Scoring setting
6165,Score on players defeat
6166,Score on monsters defeat
6167,Score on collecting stars
6168,Goal
6169,Reach score to win
6170,Score requirement
6171,Reset after exiting the game
6172,Reset
6173,Number of teams
6174,Current number
6175,Assault mode
6176,Team Battle
6177,Attack Restricted
6178,Free Attack
6179,View setting
6180,Main View
6181,Rear View
6182,Front
6183,Fixed camera
6184,Custom camera
6185,Camera locking
6186,Map display
6187,Visible to DT
6188,Invisible to DT
6189,Name display
6190,Visible to all
6191,For team use only
6192,Only visible to ennemy teams
6193,Invisible to all
6194,Crosshair
6195,Display
6196,Score and time
6197,Enable battle tips
6198,Background music
6199,Defeat Penalty
6200,Drop
6201,Empty backpack
6202,Keep items
6203,Limit lives
6204,Current number of lives
6205,Revival interval
6206,Revival protection
6207,Spawn point Instruction
6208,Respawn at a random team point
6209,Respawn at the nearest team point
6210,Revival setting
6211,Minimum players
6212,Other Settings
6213,Move the view to a desired location. Press the tilde key ~ to switch to the mouse
6214,Click the return button to save it after the test. Press the tilde key ~ to switch to the mouse
6215,Please add at least 1 friend before sharing
6216,Edit your introduction here.
6217,Invalid validation code
6218,Zoom in
6219,Zoom in
6220,None
6221,Crawl on ceiling
6222,"Seek shadow, avoid sunlight"
6223,Avoid sunlight
6224,can swim
6225,Avoid water
6226,Flight
6227,Can pass the closed doors
6228,Jump on the head of the target
6229,Jumping attack
6230,avoid attack chance
6231,Immune to fire
6232,Find hiden places
6233,Receive damage under the sun
6234,Hold creatures up
6235,Attracted by blocks
6236,Night stalking
6237,Spectate
6238,Shall we dance?
6239,Go away!
6240,React to blocks
6241,Can escape
6242,Like sleeping
6243,Beat it!
6244,Follow food
6245,Stare at you
6246,Passive attack
6247,Unique creature feature
6248,Creature select
6249,Holding up rate
6250,Block select
6251,Approching rate
6252,Approching speed
6253,Stalking rate
6254,Block eye-sight
6255,Following speed
6256,Food select
6257,Attracting range
6258,Dancing range
6259,Party Number
6260,Dance Interval
6261,Dance duration
6262,Creature select
6263,Kick rate
6264,Kick force
6265,Block select
6266,Reacting rate
6267,Approching speed
6268,Searching range
6269,Destory/use
6270,Trigger HP
6271,Sleeping rate
6272,Sleeping time
6273,Creature select
6274,Attacking rate
6275,Following speed
6276,Food select
6277,Provoked by movements
6278,Searching range
6279,Times
6280,Yes
6281,No
6282,Piece
6283,Sec.
6284,Break
6285,Use
6286,There is a #c0aaa1a%s#n chance that it will pick up the #c0aaa1a%s#n nearby
6287,Like #c0aaa1a%s#n. Chance to approach: #c0aaa1a%s#n
6288,Will stalk player at night at a certain distance
6289,Will stare at players who’s holding a #c0aaa1a%s#n
6290,Will dance if the number of its kin exceeds #c0aaa1a%s#n within a range of #c0aaa1a%s#n
6291,kick #c0aaa1a%s#n away. Trigger chance: #c0aaa1a%s#n
6292,"#c0aaa1a%s#nchance, between #c0aaa1a%s#n#c0aaa1a%s#n of #c0aaa1a%s#n"
6293,Run away when HP is lower than #c0aaa1a%s#n
6294,Sleep trigger rate #c0aaa1a%s#n
6295,Attack #c0aaa1a%s#ntrigger rate:#c0aaa1a%s#n
6296,Will follow player who’s holding #c0aaa1a%s#n
6297,Will stare at players in an area of #c0aaa1a%s#n
6298,Fleeing speed
6299,The number of AI features cannot exceed 20.
6300,Creature Features
6301,Features
6302,Parameter settings
6303,Developer
6304,Terrain ID
6305,Terrain
6306,Type
6307,Generated randomly without code
6308,Classic
6309,Adventure
6310,Creation mode
6311,Classic
6312,Hardcore
6313,Random
6314,Large
6315,Flat
6316,Please select blocks
6317,Please select creatures
6318,Please select foods
6319,Save Name
6320,Size Setting
6321,Select Terrian
6322,Select Landform
6323,Plugin
6324,New features
6325,Plants blocks
6326,Functional blocks
6327,Solid block
6328,Plugin Library
6329,Plugin
6330,After the player dies
6331,Life restriction
6332,"Invite your iOS friends!
1 Invite your friends to download the iOS version and enter your UID in the Inviter’s UID field below. Both you and your friend will get rewarded with great rewards! 2 A successful invitation reward requires that the invited user #cfa7a0flinks an email to his/her UID within the next 24 hours#n. 3 Each newly registering player can only enter ONE UID"
6333,Each player has only one life in the extreme dangerous Hardcore Mode. Please be careful!
6334,Subscribe
6335,Subscribed
6336,Terrain ID
6337,Classic
6338,Mini Cloud
6339,You can download this map and start a room
6340,Cannot place more than 6 roller coasters
6350,You’re not a new iOS player
6351,You’ve entered a wrong UID
6352,Please enter the your friend’s UID instead of yours
6353,"The UID you entered is@1, do you want to submit?"
6354,Request sent successfully. Please redeem the bonus later
6355,"Sorry, you’re not a new player"
6356,You’ve not linked to any email yet
6357,You’ve already redeemed this bonus
6358,You’ve entered a wrong UID
6359,The server is kidnapped by ET. Please try again later
6360,Please log into an iOS device
6361,The UID you entered has been recalled by other players
6362,The UID you entered has returned for more than 24 hours
6363,You don’t meet the requirements of being recalled.
6364,"Please don’t apply colors to texts,remove color effects and you can send again"
6365,Critical strike
6366,Double strike
6367,Triple strike
6368,Mega strike
6369,Unstoppable
6370,Dominating
6371,Monster strike
6372,Rampage
6373,Godlike
6374,Legendary
6375,Block Projectiles but not players
6376,Description
6377,Function
6378,Thunder
6379,Bad Weather
6380,Snow
6381,Dust Storm
6382,Tempest
6383,Blizzard
6500,Melee
6501,Melee Description
6502,Dig(hands)
6503,Description Dig(hands)
6504,Drill
6505,Description for Drill
6506,Set on fire
6507,Description for Set on fire
6508,Plough
6509,Description for Plough
6510,Power Hit
6511,Description for Power Hit
6512,Summon Dog
6513,Description for Summon Dog
6514,Ignite
6515,Description for Ignite
6516,Shoot arrow
6517,Description for Shoot arrow
6518,Heal
6519,Description for Heal
6520,Teleport
6521,Description for Teleport
6522,Produce bread
6523,Description for Produce bread
6524,Defeat Creatures
6525,Description for Defeat Creatures
6526,Low durability
6527,Low hunger pt
6528,Not enough!
6529,@Null@
6530,@Null@
6531,@Null@
6532,@Null@
6533,@Null@
6534,@Null@
6535,@Null@
6536,@Null@
6537,@Null@
6538,@Null@
6539,@Null@
6540,@Null@
6541,@Null@
6542,@Null@
6543,@Null@
6544,@Null@
6545,@Null@
6546,@Null@
6547,@Null@
6548,@Null@
6549,@Null@
6550,@Null@
6551,Creatures
6552,Blocks
6553,Etc.
6554,FaceBook
6555,FaceBook Account
6556,"Please note:#r1.When you forget your password or UID,you can use FaceBook account#r2. Only allow to bind 1 UID to 1 Facebook account, please unbind if you wish to bind anouther UID"
6557,Switch FaceBook account
6558,"1. Make sure to set a password for this UID before continuing, or you may lose access to this account!#r2. If the Facebook account is not linked to any UID, a new UID will be linked to your Facebook account"""
6559,FB login
6560,UID/Email
6561,Invalid UID/Email
6562,FaceBook login success
6563,FaceBook login canceled
6564,FaceBook Login failed
6565,This FaceBook account is already being used
6566,Log in
6567,@Null@
6568,"Initializing failed,please check your internet connection and Google Play payment settings"
6569,"Purchase failed,please chech your Google Play payment settings"
6570,Network
6571,Pet
6572,Advanced
6573,Have fun exploring the MiniWorld!
6574,You have only one chance for this extreme challenge!
6575,Create your own world
6576,"Random world, a new experience for each entry"
6577,"Boundless flat world,boundless land settings"
6578,Plugin
6579,Load plugin
6580,Advanced Physics
6581,Advanced Physics Title
6582,Advanced Physics Description
6583,Advanced Physics Setting
6584,"Max Blocks,Creatures and Items plugin is 300 per map"
6585,Sensor Block
6586,Physics Trigger Block
6587,Map Stability
6588,Too many items with physical characteristics can cause game lag.(Can disable display in Settings)
6599,"Failed to delete,items are using this texture"
6600,Equip Library
6975,Bookmaking Workbench
6976,Breakdown
6977,Disassemble Book
6978,Select book to put in the box below
6979,Click Breakdown to disassemble book
6980,Craft
6981,Book Info
6982,@Null@
6983,@Null@
6984,@1's Book
6985,@Null@
6986,Name
6987,Author
6988,Intro
6989,Cover
6990,Craft Book
6991,Craft
6992,Please select leather scrolls and place them in order from left to right
6993,Please clear out leather scrolls in the disintegration page
6994,select book and put in the box on right
6995,No space available in backpack or shortcut bar
6996,Put previous crafted book in your backpack
6997,Input book name and author info in Book Info
6998,Input author info in Book Info
6999,Input book info in Book Info
7000,Please place two or more leather scrolls in the crafting page
7001,You have joined the all member voice channel
7002,You have joined the team voice channel
7300,Return to Game
7301,"Your inventory is full,please clean up for the reward."
7302,Cancel
7303,Go clean up
7304,"Your inventory is full,some of the reward will be sent via mail"
7305,All
7306,Function
7307,Shards
7308,Extractable
7309,Inventory capacity
7310,"Max mounts,please wait for the new update"
7311,"Max characters,please wait for the new update"
7312,"Max skins,please wait for the new update"
7313,"Max collections,please wait for the new update"
7314,Succeed to reclaim
7315,Added in account
7316,Reclaiming income
7317,Following items will be reclaimed (Only unlocked items)
7318,Your inventory is full
7319,"Your inventory is full,the extra reward will be sent to you via mail,please redeem after cleaning up your inventory"
7320,"Your inventory is full,please organize your items."
7321,Failed to connect to the server.
7322,"Failed to search maps, please check the connection"
7323,Failed to get gallery info
7324,Verification Code
7325,"Your verification code is:@1,Verification Code valid within 5 mins."
7500,Record Settings
7501,"You are not the map host, record function disabled"
7502,"Record saves full, please clean up first"
7503,Record Saved
7504,"Record saves full, record function disabled"
7505,"Data storage is full, record function disabled"
7506,Data storage less than 50 Mb
7507,The remaining recording time is less than 1 minute
7508,"Record space is full, record saved"
7509,Playing Review
7510,Play Speed
7511,"Camera setting not saved, you will lose the setting if close, are you sure to continue?"
7512,"Subtitle setting not saved, you will lose the setting if close, are you sure to continue?"
7513,"Music setting not saved, you will lose the setting if close, are you sure to continue?"
7514,My Videos
7515,Downloaded Records
7516,All Records
7517,Edit Record
7518,Play Record
7520,Play
7521,Pause
7522,Record Starts
7523,Are you sure to stop and save record? #r(Record files in Record Saves)
7524,Camera Settings Saved
7525,Edit Camera Settings
7526,Linked Cameras
7527,Please make camera settings before edit camera settings
7528,Direction
7529,Start Time
7530,Please make subtitle settings before edit camera settings
7531,Please make music settings before edit camera settings
7532,@Null@
7533,"Delete camera will erase all settings of this camera, are you sure to delete?"
7534,Record Starts
7535,"Record ends, saved successfully"
7536,Are you sure to exit record edit?
7537,Record Save function is closed for now
7538,Record Save function is open
7539,@Null@
7540,Edit Subtitles
7541,Text
7542,Font Size
7543,Degree
7544,Top Centered
7545,Middle Centered
7546,Bottom Centered
7547,Large
7548,Middle
7549,Small
7550,To
7551,Are you sure to delete this subtitle?
7552,Music Edit
7553,Music
7554,Repeat
7555,Are you sure to exit preview?
7556,Select Music
7557,Please select music below
7558,Are you sure to delete this music?
7559,Playing Preview
7560,"Preview ends, do you want to replay?"
7561,"Improper text input, please try again"
7562,View Map
7563,Record Creator
7564,Map Creator
7565,Enable camera function to other players
7566,Map creator disabled camera function
7570,Record
7571,"Record saves full, please delete some records."
7572,Play
7573,Preview
7574,Add camera
7575,Edit Effect
7576,Effect
7577,Photographic Film
7578,Bubble
7579,Cloud
7580,Galaxy
7581,Shaking
7582,Petals
7583,"Effect edit not save, closing will lose all current edit, are you sure to close?"
7584,Are you sure to convert @1 record into video file and save to device video folder #r estimated storage for video is @2 #r estimated convert time needs @3
7585,(Note:the length of the conversion is related to the length of the record. Please wait.)
7586,Are you sure to cancel record export? Click Confirm to end to record export.
7587,"Record converting, expected to take @1"
7588,"Record exported successfully, saved to @1 folder, please close export interface"
7589,This Record already exists
7590,Export Record
7591,Please make camera settings before edit camera settings
7592,Do you want to stop recording and save the video file? #r (the video file is saved in the start game - map library)
7999,@Null@
8000,polluted area
8001,First round safe area radius
8002,First-run safe time
8003,Jump into
8004,Polluted area settings
8005,Area
8006,Deactivated
8007,"1. Set map size, settings, and life counts. Restart game to let new rules take effect.2. Outside the red circle is the polluted area. Inside the white circle is the safe area. People who are in the polluted area will continiously take damage. 3. After the safe timer resets, the polluted area will shrink from the red circle to the white circle and a new safe area will be created. The safe time will be increasingly shorter while the damage will increase in the polluted area."
8008,Owned
8009,Buy Mount
8010,Upgrade Mount
8011,Post-polluted area is zooming out
8012,Post-polluted area finished zooming out
8013,Survive
8014,In use
8015,polluted area is zooming out
8016,Skin Shop
8017,On sale!
8018,General
8019,Post-generated safe area
8020,Safearea decreased to the minimum
8021,New safe area generated
8022,polluted area is shrinking
8023,Human Survived!
8024,Savage Victory!
8025,"You are the chosen one,please wait for the respawn. You will rise again as a savage.Other players, please run for your lives!"
8026,"Turned into savage,go hunt the lucky ones!"
8027,Team shares HP
8028,"Winner Winner, Sweet dinner"
8029,Keep going!
8030,Ranking
8031,Defeat
8032,Rank
8033,"Join mid-game is not allowed for this room,please try other rooms."
8034,Fallen outside of safe zone.
8035,Random Supplyment Crate
8036,Fallen.
8037,Spectate
8038,Chase Cam
8039,Switchable
8040,Spectator mode
8041,Quit
8042,Spectate
8043,@self has been melted in the laser...
8044,Reset Mode: Prohibition does not take effect
8045,Shortcut bar is full
8046,@Null@
8047,@Null@
8048,Light Chasing Project
8200,@Null@
8499,@Null@
8500,@Null@
8501,Skill settings
8502,Skills
8503,:
8504,Edit
8505,New item skill
8506,Select an item skill
8507,Common
8508,Projectile
8509,Type 3
8510,Type 4
8511,Type 5
8512,Item skills setting
8520,Skill type
8521,Target pointing
8522,No target
8523,Projectile triggle
8524,Hotkey
8525,Left click/tap
8526,Right click/tap
8527,Right long click/using icon
8528,Charge mode
8529,None-charge mode
8530,Cast after charge
8531,Max charge only
8532,Auto cast after max charge
8533,Movement speed while charging
8534,Cool Down
8535,Cast range
8536,Consumption type
8537,Durability
8538,Hunger level
8539,Ammo
8540,Consume number
8541,Ammo
8542,Target type
8543,Creature
8544,Block
8545,Target Category
8546,All creatures
8547,Monsters
8548,Animals
8549,Rare animals
8550,Aquatic creatures
8551,Moving tools
8552,Villagers
8553,Boss
8554,NPC
8555,Flying creatures
8556,All blocks
8557,Wood
8558,Stone
8559,Dirt
8560,Leaves and cotton
8561,Precise target
8562,Target team
8563,Unlimited
8564,Same team
8565,Different team
8566,Special mark
8567,Range type
8568,Length
8569,Width
8570,Length
8571,Width
8572,Height
8573,Effect type
8574,Destroy
8575,Place
8576,Replace
8577,Item Drop
8578,No Drop
8579,Drop
8580,Block
8581,Damage type
8582,Melee
8583,Range
8584,Explode
8585,Burn
8586,Poison
8587,Chaos
8588,Damage
8589,Knock back
8590,Blow up force
8591,Summon creature
8592,Summon number
8593,Following
8594,Do not follow
8595,Follow
8596,Duration
8597,Buff
8598,Duration
8599,Rate
8600,Projectile
8601,Acceleration
8602,Healing type
8603,HP
8604,Hunger pt
8605,Hunger resistance
8606,Single target
8607,Beam
8608,Area
8609,Oxigen
8610,Healing value
8611,Charging time
8612,Item skill info
8613,Select a projectile
8614,Select an effect
8615,Item drop
8616,Charge mode
8617,Select skill type
8618,select block
8619,Skill Effect
8620,Skill Type
8621,Damage Type
8622,Weather Summoned Creature protects host
8623,Team size
8624,Natural blocks
8625,Select an item
8626,"1 There can be different effect of item skills such like damage of area,knock back etc
2 Each item can only have 1 skill，but projectiles can have 10 skills at most
3 More hiden ways waiting for your to explore!"
8627,Effect
8628,Use
8629,Target
8630,Range
8631,Consume
8650,React block
8651,#c0aaa1a%s#n to #c0aaa1a%s#n which is within a certain range
8652,Attack
8653,Cause #c0aaa1a%d#n damage and send the target flying
8654,Power Strike
8655,Knockback creatures or physical characteristics items
8656,Summon creature
8657,Summon #c0aaa1a%s#nx#c0aaa1a%d#n to fight for you for #c0aaa1a%d#n seconds
8658,Buff
8659,The #c0aaa1a%d%%#n probability gives the target #c0aaa1a%s#n status for #c0aaa1a%d#n seconds.
8660,shoot projectiles
8661,Shoot target with #c0aaa1a%s#n
8662,Heal
8663,Heal target for #c0aaa1a%s#nx#c0aaa1a%d#n
8664,Operating blocks(projectile)
8665,Attack(projectile)
8666,Knock off(projectile)
8667,Summon creatures(projectile)
8668,Buff up(projectile)
8669,Heal(projectile)
8999,@Null@
9001,Default Skin
9002,"Activating totem will wipe of the former mark,and set a new mark on the current location."
9003,Hot
9004,Classic
9005,Escape Pollution
9006,Classic Mode
9007,Creator Mode
9008,Settings
9009,@1 days left
9010,Load preset plugin
9011,Numbers and letters can be used to create your password
9012,Password
9013,Input characters
9014,Repeat password
9015,Text Password
9016,Choose Question
9017,Input number and letter
9018,Most impressive person
9019,Your favourite food
9020,Your favourite animal
9021,The most special place
9022,Your first present
9023,Your lucky number
9024,#L Text password login #n
9025,#L Number and letter password login #n
9026,Answer
9027,Question
9028,Most impressive person
9029,Your favourite food
9030,Your favourite animal
9031,The most special place
9032,Your first present
9033,Your lucky number
9034,"Setting failed. Please set 8-12 digits (Letters, Numbers and punctuation marks are available.)"
9035,"For your account safety, please re-enter the passwort(8-12 digits)"
9048,Web page payment
9049,Please click the tab above and go to webpage payment
9050,Top up not supported
9051,@Null@
9052,@Null@
9053,@Null@
9054,@Null@
9055,Load official plugins by default
9056,Skin Effects:
9057,Mount list
9058,Character list
9059,Create Server
9060,Crops
9061,Tools
9062,Etc.
9063,Block
9064,Totem can’t be placed in Flamas
9065,Room
9066,Spectator settings
9067,Spectator on
9068,All rooms
9069,Players’ room
9070,Official room
9071,Creator’s map
9072,Room hosting
9073,Prev Player
9074,Next Player
9075,Switch
9076,Block placeable/breakable
9077,Block unplaceable/unbreakable
9078,Spectating
9079,Comments
9080,Room Type
9081,Map select
9082,Room settings
9083,Switch Server
9084,Hot
9085,No maps for now
9086,WIFI
9087,Hotspot
9088,Drop chest
9089,Judge
9090,Map files damaged: failed to verify
9091,Map files damaged: failed to extract
9092,Map files damaged: failed to check the content
9093,Failed to download: map file does not exist
9094,Failed to download: unable to find the files
9095,Creat your own world using your imagination!
9096,Setting
9097,Setting
9098,Terrain
9099,Surface
9100,Creature
9101,Mineral
9102,Height
9103,Random height
9104,Average height
9105,Max height
9106,Surface block
9107,Filling block
9108,Filling thickness
9109,Generating rate
9110,Block Name
9111,Grid
9112,Iceberg
9113,Basin
9114,Bamboo Forest basin
9115,Peach Forest basin
9116,Edge basin
9117,Plant
9118,Architecture
9119,Item
9120,Select plant
9121,Plant density
9122,Block selecting
9123,Thin
9124,Normal
9125,Animal
9126,Rare animal
9127,Flying animal
9128,Monster
9129,Select animals to add
9130,Animal generating preview
9131,Max number in total
9132,@Null@
9133,Minerals
9134,Mineral generating height
9135,Add a new mineral type
9136,Replace blocks
9137,@Null@
9138,Generate
9139,"It’s been long since you last shared your map,sharing maps can help you prevent the save data loss!"
9140,Skip and start
9141,Share
9142,@1 at most
9143,Spawn rate
9144,Number of ore in mineral veins
9145,Density of mineral vein
9146,Advanced attribute of ore
9147,Ice ocean
9148,Ice river
9149,Red soil
9150,Red soil coast
9151,Dune
9152,Forest highland
9153,Pine woods highland
9154,Woodland Highlands
9155,Rivers
9156,Beach
9157,Cliff
9158,Rare
9159,Few
9160,Normal
9161,Many
9162,A lot
9163,"You have set the Password; please use it to login next time; #r1.Save in #cfa7a0f local #n check when you forget；#r2. please do not tell your password to other guys,do not save on #cfa7a0f public device #n . #r Save your password on #cfa7a0f desktop #n ?"
9164,"1.Save in #cfa7a0f mobile phone #n check when you forget；#r2.Please don’t tell your password to others,don’t save on #cfa7a0f public device #n. #r#rSave your account and password in #cfa7a0f album #n ?"
9165,Account and password saved on #cfa7a0fPC-Desktop #n
9166,Account and password saved on #cfa7a0f album #n
9167,Info of account and password
9168,Fast Join
9169,View maps
9170,The world is not uploaded or unavailable for download
9171,Later
9172,Download
9173,Update resources downloaded
9174,"Recommend to download resource pack @1 for better gaming experience. It won't influence your experience if not download. #r(You are using data, download will consume your data. Re open game if you want to download another time)"
9175,DIY Gallery
9176,Are you sure to delete the display of this collocation?
9177,Save current DIY avatar?
9178,Save Avatar
9179,Add to wishlist
9180,Buy all
9181,"Some avatar is not purchased, please purchase before saving."
9182,"This will cost #c0aaa1a@1×@2#nto purchase.#cfa7a0f@3#nconfirm to go on.#r(Enjoy the joy,purchase rantionally)"
9183,"Are you sure to save the purchased avatars as your image? Will cover the current one, please backup first."
9184,"This will cost #c0aaa1a@1×@2#n to unlock the No. #cfa7a0f@3#n slot, please confirm.#r(Purchase rantionally)"
9185,Obtained pernament
9186,More sets
9187,Save and back to the DIY page?
9188,Size
9189,Small
9190,Normal
9191,Large
9192,Save
9193,Walk
9194,Jump
9195,Standby
9196,Casual
9197,Girl
9198,Boy
9199,Little kid
9200,Big guy
9201,Costume
9202,Color
9203,Male
9204,Female
9205,Not purchased
9206,Purchased
9207,Price↑
9208,Price↓
9209,Latest
9210,Complex
9211,Save on server and quit?
9212,No
9213,Save and quit
9214,Terms of Use and Privacy Policy
9215,"Terms of Use and Privacy Policy
 We have recently updated our #LTerms of Use@@1#n and #LPrivacy Policy@@2#n:
 
 By tapping Agree below, you acknowledge and agree that you have read and understood the Miniwan’s Terms of Use and Privacy Policy, and agree to be bound thereby. 
 
 If you have any questions, comments or complaints, please contact us at miniwantech@gmail.com."
9216,Quit
9217,I Agree
9218,Uid Deleted
9219,Deleted account. Can't login
9220,You have agreed with the Terms of Use and Privacy Policy
9221,Delete Account
9222,"1.If you want to delete your account (Warning：All information, items,mini coins and maps will be deleted permanently), please send a mail to: MiniworldCustomerService@gmail.com #cef2d2d You need to offer your personal information such as account and password, store history (If have). #n
2. Your requirement will be processed within 14 working days. Please check your email to get the specific result."
9223,@Null@
9224,The UID is deleted
9225,Privacy Policy
9226,#L#cfa7a0fPrivacy Policy
9227,Your account has been deleted.
9228,Quit
9229,@1×@2#n unlock
9230,Size
9231,Gesture
9232,Name
9233,Tap to enter name
9234,Filters
9235,Head
9236,Face
9237,Accessory
9238,Top
9239,Pants
9240,Shoes
9241,back decoration
9242,Effect
9243,Applique
9244,Wish list
9245,Type
9246,DIY Avatar
9247,#c0aafff@1 day(s) @2 hour(s) @3 min(s) left for the try-on
9248,#cda6fffLimited purchasing:@1 day(s) @2 hour(s) @3 min(s) left#n
9249,Purchasing list:#r@1#n
9250,Custom
9251,Saved successfully
9252,Slot +1
9253,Try-on
9254,#cfa7a0f@1#n #c0aaa1a@2x@3#n#r
9255,Edit
9256,New item:@1 dress up!
9257,Unlock
9258,Downloading
9259,"Failed to save,no custome equiped"
9260,Tap DIY Avatar model below to enter edit mode
9261,"Loading failed,please try again later"
9262,"Loading,please wait"
9263,Loading...
9264,Body
9265,Color
9266,Hue
9267,Saturation
9268,Brightness
9269,Color area @1
9270,Please equip this part and try again
9271,Not purchased
9272,Wish list is full
9273,All the wish avatar will be in here
9274,Wish list
9275,Add to wish list
9276,Name
9277,All
9278,Hand
9279,Footprint
9280,Invalid wish list
9281,This is in wish list already
9282,Added to wish list
9283,Try-on
9284,DIY Avatar Applied
9285,Hot
9286,Purchase failed
9287,Purchase failed. Please check your internet connection.
9288,You already owned this set. Please open this page again
9289,"Are you sure to save the purchased avatars as your image? Will cover the current one, please backup first."
9290,Failed to save. Please check your network connection.
9291,Please put the materials in first
9292,Please remove the products first
9293,Front
9294,Back
9295,Left
9296,Right
9297,Up
9298,Down
9299,Blueprint Workbench
9300,Select material
9301,Blueprint Plan Name
9302,"Blueprint Plan Implementation#r#r
Hold Blueprint Plan and tap on the ground. Confirm building area, then connect with energy to initiate building. The stronger energy is, the faster it will build#r#r#r
Blueprint Plan Building Direction#r#r
Building Direction is determined by the positioning direction of you. Use Wrench to adjust it into its mirror position"
9303,Required items
9304,Blueprint plan info
9305,Put all
9306,Duplicate Zone
9307,(Reviewing)
9308,The skin nickname is under review!
9309,The player who played in @1 room with you liked you
9310,Delete
9311,Block
9312,Track
9313,Blocked
9314,Block Cancelled
9315,Community
9316,Digging through Mini World in single player mode
9317,Set all messages to 'Read'?
9318,In @1 multiplayer mode (@2)
9319,"Your friend is in Single Player mode, cannot track multiplayer room."
9320,Please wait @1 seconds then try refreshing again
9321,Played together in #cfa7a0f@1#n multiplayer room
9322,The recent playmate list is empty
9323,Are you sure to blacklist the player?
9324,Blacklist is full
9325,Blacklist
9326,Recent
9327,Share map to Gallery in order to share
9328,Requests
9329,Blacklist is empty
9330,Follow Permit
9331,This player does not permit to follow
9332,More
9333,Please wait @1 seconds then try invite again
9334,Nearby
9335,Invite Other Players
9336,"Mini World,brings out infinite creativity"
9337,Your friend @1(@2) invites you create together in Mini World!
9338,Post in status
9339,Updated save@1
9340,Defeat Boss @1 times in Survival Mode
9341,Discover treasure @1 times in Survival mode
9342,Survived @1 days in extreme mode
9343,Defeat BOSS in Hardcore Mode @1 time(s)
9344,Received in game event rewards @1 times
9345,Create popular or featured maps @1 times
9346,The level of critic reached Lv.@1
9347,Number of friends reached @1
9348,Number of followers reached @1
9349,Get @1 Likes in my status
9350,Watering plants @1 times
9351,Deworming @1 times
9352,Unlock @1 collection(s)
9353,Harvested @1 fruits
9354,Level of Garden reached Lv.@1
9355,"The number of original characters (Chief, Chief's Wife, Kaka, Nini, Bearly, Tom, Laura, Cindy, Peter, Stephen) you own has reached @1."
9356,The Character's talent reaches Lv.@1
9357,Unlock @1 permanent skin(s)
9358,Unlock @1 mount(s)
9359,Unlock @1 DIY Avatar(s)
9360,Completed the identity check
9361,The continuous login reached @1 days
9362,Mob Hunter
9363,Treasure Hunter
9364,Survival Master
9365,God of Battle
9366,Mysterious Gifts
9367,Map Master
9368,Review Experts
9369,Happy Friends
9370,Superstar
9371,Renowned
9372,Green Gardener
9373,Bug Buster
9374,Master Collector
9375,Big Harvest
9376,Thriving
9377,Full Assembly
9378,I am so strong
9379,Transformation
9380,Taming Master
9381,Luxury Wardrobe
9382,Who am I?
9383,Login Daily
9384,Scam Defender
9385,Complete Mini Class on anti-scam lesson
9386,Star of Creativity
9387,Star of Video
9388,Star of Community
9389,Star of the Year
9390,Fired Up
9391,Mini World Popular Creator of the Year
9392,Mini World Popular Video Creator of the Year
9393,Mini World Popular Star of Community of the Year
9394,Mini World Annual Selection Nominee
9395,Unlocked @1 weapon skin
9396,Special Star
9397,Activate any Silver Pass
9398,Skin Color
9399,Aotu Contestant
9400,Mini World Aotu Contest level reached @1
9500,Mine
9501,Fav./History
9502,Mini Cloud
9503,Rent Server
9504,Please select saved map
9505,Setting
9506,Players Management
9507,Backups Management
9508,Server Status
9509,Reset Server
9510,Upgrade
9511,Server ID
9512,Login History
9513,Basic
9514,Advanced
9515,Plus
9516,Premium
9517,Maximum capacity: 6 people#rSuitable for maps in normal mode and developer mode
9518,Maximum capacity: 10 people#rSuitable for maps in normal mode and developer mode
9519,Maximum capacity: 20 people#rSuitable for maps in normal mode and developer mode
9520,Maximum capacity: 30 people#rSuitable for maps in normal mode and developer mode
9521,#L[Mini Cloud Privacy&Terms]#n
9522,Rent Mini Cloud
9523,Auto-Renew
9524,"After ticking, it is deemed to authorize the [Mini Cloud] to automatically deduct the corresponding mini coin for renewal for one month before the expiration date."
9525,Duration
9526,@1 Day
9527,The purchase function is not available now.
9528,"You are in the blacklist, cannot join this server."
9529,"Sorry, you cannot join the server, please ask server owner for authority."
9530,Total:
9531,Buy
9532,Non-Renew
9533,Upgrade: #cda5b0a@1#n(Remaining @2 Days)
9534,"Renew: #cda5b0a@1#n(After purchase, remaining @2 Days)"
9535,#c0aaa0f@1×@2#n
9536,Please check and agree the [Mini Cloud Privacy&Terms] first
9537,Build Server
9538,Friends only
9539,Whitelist only
9540,Purchase Mini Cloud success. Select saved map to build server.
9541,"Upgrading Mini Cloud will close your server temporarily, after upgrade it will open automatically."
9542,Close server will kick out all players! #cef2d2d@1#n players are in server now.
9543,Close and upgrade
9544,Close later
9545,Upgrade success! The server has opened.
9546,Server closed
9547,Server maintenance
9548,Mini Cloud built successfully. Open the server now?(Open to play in server)
9549,Server Setting
9550,Status
9551,Whitelist
9552,Playing in server
9553,Admin
9554,Set as whitelist
9555,Set as blacklist
9556,Set as Admin(S)
9557,Set as Admin
9558,Remove
9559,Add to blacklist
9560,Import data
9561,Remove
9562,Add from friends
9563,administrator(Super)
9564,Admin
9565,Empty Admins
9566,Empty Admins(S)
9567,Search UID
9568,"Added failed, @1 reach the limit"
9569,Remove
9570,Administrators(Super) have the following permissions:
9571,Administrators have the following permissions:
9572,#c0aaa1a is using
9573,Space used: #cfa7a0f@1#n/@2
9574,Buy Space
9575,#LServer Status
9576,#L Maintenance
9577,Server Notice
9578,Please select the data source that needs to be imported from the following server
9579,Purchase storage space
9580,Please select the type of storage space
9581,One-key add
9582,Private Blacklist
9583,"The backup saves are full, please clean the saves before you operate"
9584,There is not enough space in your Mini Cloud. Please Buy space or delete the backup.
9585,"After close server, #cfa7a0fthe server stops to work and no player can join it.#n Available operations during closed status: Backup saves, Backup restore, upgrade and reset the server."
9586,"After click [Maintenance], #cfa7a0fthe server still works, but not to the public.#n All normal players in the server will be kicked out, only Administrators/(ALL) can join the server, regular players need to be invited to enter."
9587,Maintaining the server will kick out all players except Administrators(ALL)! There are #cef2d2d@1#n players in the server now.
9588,Prompt only once
9589,Post
9590,Mini Cloud expired
9591,"Mini Cloud expired, please renew."
9592,Please close the server before operate.
9593,"Server has closed, players cannot join."
9594,"Server is in Maintenance, players cannot join."
9595,Start the server now?
9596,Renew the Server
9597,Reset server(Irreversible)#cef2d2d Clear all backup saves and setting information.#n Please be careful.
9598,"Save reduction(Irreversible)#cef2d2d Overwrite the current save, #n please be careful."
9599,"The save in this server is illegal, please reset the server and use other saves to build."
9600,"Dear players: #r we will deduct @3 Mini Coins on @1.@2(MM/DD) to renew your Mini Cloud(@4).  After successful deduction, the validity period of server will be extended by 30 days. To cancel the automatic renewal function, please go to the Mini Cloud renewal upgrade page to cancel it.#r (From: Mini Captain)"
9601,"Dear players: Your Mini Cloud(@1) has been successfully renewed and the validity period has been extended to @2.@3 (MM/DD). Thank you for your support, and enjoy with Mini World.
  #r (From: Mini Captain)"
9602,"Dear players: #r Your account balance is not enough and cannot be automatically renewed. The Mini Cloud will automatically close when it expires on @1.@2 (MM/DD). If necessary, please renew the Mini Cloud manually after Recharge. #r (From: Mini Captain)"
9603,"Dear players: #r Your storage space usage has exceeded @1. When the space usage reaches 100%, the game will not work properly. #nYou can choose to buy storage space or delete backup saves to reduce storage space usage. #r (From: Mini Captain)"
9604,"Dear player: #r Your Mini Cloud has expired, and the server has been automatically closed. If you want to continue using the server, please go to the relevant interface to renew the Mini Cloud. #r (From: Mini Captain)"
9605,"Dear player: #r The Mini Cloud you have will expire on @2.@3 (mm/dd), and the Mini Cloud will be automatically closed after expiration. If you need to continue to use the service of the Mini Cloud, please go to the Mini Cloud renewal upgrade interface and purchase the renewal. #r (From: Mini Captain)"
9606,Maintenance
9607,Please build server before operate.
9608,Damage Block
9609,Place Block
9610,Collect Items
9611,Attack Player
9612,Use Item
9613,Game permissions
9614,Renew successfully
9615,Server Backup
9616,The server is full
9617,The validity period of server is over 180 days
9618,"Error, please try again."
9619,The player is in Whitelist
9620,The player is in Blacklist
9621,Player deleted
9622,The quota of Administrators(Super) is full
9623,The quota of Administrators is full
9624,Server data error
9625,The player has left the server.
9626,"The server is consuming time, time remaining @1"
9627,This player is the Server Administrator. The Administrator will be cancelled after adding to the blacklist.
9628,"Upload maps error, please reset the server and try again."
9629,"Backup error, please try again."
9630,"Reset room error, please contact customer service for help."
9631,You do not own this server
9632,You have reached the maximum number of servers.
9633,Purchase or Upgrade Server failed.
9634,Server Information
9635,Server List
9636,Server Setting
9637,Kick Out
9638,Do you confirm to delete the backup save?
9639,Your game permission: @1 has been cancelled; please ask server owner or administrator(Super) for it.
9640,The server owner/administrator(Super) has cancelled your game permission: @1
9641,The server-owner/administrator(Super) assign the permission(@1) to you.
9642,You have become the @1 of the server.
9643,Game permissions: @1(Off)
9644,Game permissions: @1(On)
9645,Current using saves
9646,The server is only available for owner's friends. Please add the server owner as a friend to join.
9647,@1's Mini Cloud
9648,Please enter notice
9649,Basic Setting Instructions
9650,"#cfa7a0f Server Name: #n
  The name of this server displays in the Multiplayer lobby.
#cfa7a0f Introduction: #n
  The introduction of the server can check in the Multiplayer lobby-detailed introduction.
 #cfa7a0f Password: #n
  After setting the password, the player needs to enter the correct password to join the server (the server owner, administrator(Super) and administrators do not need the password.
 #cfa7a0f Permissions: #n
  Friends Available: Only the server owner's friends can enter the server.
  Whitelist Available: Only players in server whitelist can enter the server. 
  Note: If both [Friends Available] and [Whitelist Available] are selected, both friends and the whitelist players can enter the server. If not click any options, all players can join this server. 
  #cfa7a0fSave:#n
  You must click Save in order to set successfully."
9651,Player Setting Instructions
9652,"#cfa7a0f Player: #n
The player list records the players who have entered this server and displays the player's last login time or login status (Click Setting button to set)
#cfa7a0f Whitelist: #n
Only players in the whitelist can enter this server when you select [Whitelist Available] in server management-basic setting-permissions.
Click [Invite Friends] to open the friends-list to add friends to the white list. Copy data is used to synchronize the list data of multiple servers conveniently. One-key clearing will delete all players in the list.
#cfa7a0f Blacklist: #n
Players on the blacklist cannot enter this server.
Click [Add Blacklist] to open the personal blacklist of the server owner, and add the player to the blacklist of the server.
#cfa7a0f Admin: #n
The server owner can set the player as an administrator (Normal or Super), and administrators can only use their permissions within the server (for details, please check [Administrator Super] [Administrator]).
#cfa7a0f Search: #n
Enter a UID and click search. The UID will display in the list."
9653,Backup Setting Instructions
9654,"#cfa7a0f Current Save: #n
  The save in the first place is the current save in use by the server.
  Click the setting to back up save (The backup operation needs to close the server before operate).
#cfa7a0f Backup Saves: #n
  There are four backup saves slots(Excluding the current save). When you build the server, the uploaded map will automatically back up. The remaining slots need to be manually backed up by the owner.
  Click the setting to restore, download, rename, and delete. 
Restore: Overwrite the backup to the current save (This operation needs server status: close); 
Download: Download the backup to the local saves; 
Rename: Modify the name of the backup saves; 
Delete: Delete this backup and remove from the list.
#cfa7a0f Expansion: #n
  The storage space of each server is limited. When the space usage reaches 100%, players cannot play in the server. Server owners can choose to purchase storage space plan or delete backup saves to reduce storage space usage.
#cfa7a0f Upload: #n
You can select a local map save and upload it to the Mini service backup. After the upload is successful, you can operate the backup."
9655,Status Setting Instructions
9656,"#cfa7a0f Server Status: #n
  Server has two status: On/Off (Click the switch button to switch the state).
  On: The Server is running normally, and players can join (Excluding maintenance status);
  Off: The Server stops running, and all players cannot enter. When the Server status is off, you can operate the following options: Back up, Restore, Upgrade Server, and Reset Server.
#cfa7a0f Maintenance Status: #n
 The maintenance status can be set when the Server is running only.
  Normal: The Server is running normally, and players can join according to the conditions (Conditions: Password in the basic settings, friends available, whitelist available, and blacklist unavailable);
  Maintenance: The Server in maintenance. Other players will be moved out of the Server except for server owner and administrators. The owner can invite other players to join the maintenance server.
#cfa7a0f Server Notice: #n
  The server owner and  Administrators(Super) can post three notices per day for each Server. After publishment, all players in the Server will be notified immediately. (Select [Prompt only once] the announcement only appears once, and you will not receive it again when you enter the Server.) or this announcement will pop up every time you enter the Server."
9657,#L Permissions instructions#n
9658,"#cfa7a0f Permissions operation rules #n
The owner can set all players individual permissions and whole game permissions(All) of the Server.
Administrator(Super) can set all players individual permissions and whole game permissions(All) of the Server except for server owner and other Administrators.
Other players can view their individual game permissions and whole game permissions(All), but cannot adjust them.
#cfa7a0f Individual Game Permissions and Game Permissions(All) #n
When the players game permissions are not changed (the players game permissions button is blue), the player will use the game permissions(All). 
When the players game permissions are changed (the players game permissions button turns yellow), the player will use individual game permissions and is not affected by the game permissions(All).
#cfa7a0f How to restore a players individual game permissions #n
Server owner or Administrator(Super) click the restore icon next to the players game permissions.  The players [Game Permissions] button returns to blue from yellow), and the player will use Game Permissions(All)."
9659,Restore player's permissions successfully. All permissions reset as Game Permissions(All).
9660,Game Permissions(All)
9661,"When the game permissions of players are not changed (the game permissions button is blue), the player will use the game permissions(All). 
When the game permissions of players are changed (the game permissions button turns yellow), the player will use individual game permissions and is not affected by the game permissions(All)."
9662,Damage Block（#c0aaa1aOn#n）
9663,Damage Block（#cef2d2dOff#n）
9664,Place Block（#c0aaa1aOn#n）
9665,Place Block（#cef2d2dOff#n）
9666,Collect Items（#c0aaa1aOn#n）
9667,Collect Items（#cef2d2dOff#n）
9668,Use Item（#c0aaa1aOn#n）
9669,Use Item（#cef2d2dOff#n）
9670,Attack Player（#c0aaa1aOn#n）
9671,Attack Player（#cef2d2dOff#n）
9672,Attack Creature（#c0aaa1aOn#n）
9673,Attack Creature（#cef2d2dOff#n）
9674,Attack creatures
9675,Setting has been changed. Confirm to save?
9676,#cfa7a0f【@1】@2#n kicks out @3#cfa7a0f of the room.
9677,Administrator has banned the item.
9678,#cfa7a0fOwner#n closed the server.  Network disconnected.
9679,"The server is unavailable, please try other servers"
9680,Renew
9681,Total
9682,"Sorry, the Server can not degrade"
9683,Select upgrade type or renewal plan
9684,Whole room chat banned(On): Cannot send messages
9685,"Sorry, the server reaches the limit for notices."
9686,You were kicked out of the current server by @1
9687,Server Owner
9688,You have been banned chat.
9689,You are enabled to send the message.
9690,Description of permissions
9691,No black list
9692,#cffffff——————◆◆ ◇ ◆◆——————#n#r#cfa7a0f【News】@1：#n#c5aea0a@2#n#r#cfa7a0f【@3】@4@5#n#r#cffffff——————◆◆ ◇ ◆◆——————
9693,Your title @1 in server has been cancelled
9694,@1 of server will cover your current local save.(Not cloud server)#r#cef2d2d(You will lose your local save after covering)
9695,Create server backup
9696,Backup downloaded successfully. Check it in#ryour save or corresponding world Server Backup.
9697,Check
9698,"Sorry, you do not have any server."
9699,"The player is on the blacklist, cannot be set as Admin"
9700,This Backup from: @1
9701,The limit of favorites has been reached
9702,Do you confirm to use Backup [@1] to cover the current save?#r#r#cef2d2d (Warning! The operation is irreversible)
9703,Backup Capacity(@1/@2)
9704,Upload to server Backup
9705,Please select local save to upload
9706,Current
9707,Uploaded Successfully
9708,Added failed
9709,Expansion
9710,Owner:
9711,"Sorry, the backup is full,Please delete and try again."
9712,Download
9713,The Save is from server: @1
9714,Game Permissions(#c0aaa1a Free#n)
9715,Game Permissions(#c0aaa1a Guest#n)
9716,"#cfa7a0f Administrator operation rules #n
The owner can set all players individual permissions and whole game permissions(All) of the Room.
Administrator(Super) can set all players' individual permissions and whole game permissions(All) of the room except for server owner and other Administrators.
Other players can view their individual game permissions and whole game permissions(All), but cannot adjust them.
#cfa7a0f Individual Game Permissions and Game Permissions(All) #n
When the players game permissions are not changed (the player's game permissions button is blue), the player will use the game permissions(All). 
When the players game permissions are changed (the player's game permissions button turns yellow), the player will use individual game permissions and is not affected by the game permissions(All).
#cfa7a0f How to restore a players individual game permissions #n
Room owner click the restore icon next to the player's game permissions.  The players [Game Permissions] button returns to blue from yellow), and the player will use Game Permissions(All)."
9717,Apply for Permissions
9718,Your permission is disabled: @1
9719,Your permission is enabled: @1
9720,Your permission: @1 is disabled. Please ask the host for permission
9721,Turn off Voice Permission
9722,Voice Permission off
9723,Listening Shielded
9724,Message Shielded
9725,Your game permission: @1 has been banned
9726,"1. Add Blacklist
2. Kick out player of the server
3. Set permissions(all and private)
4. Set banned item
5. Set team
6. Edit Notice
7. Ban Chat
8. Turn On/Off the Voice Chatting 
9. Turn On/Off Micphone
10. Turn On/Off Speaker"
9727,"1. Add Blacklist
2. Kick out player of the server
3. Set team
4. Ban Chat
5. Turn On/Off the Voice Chatting 
6. Turn On/Off Micphone
7. Turn On/Off Speaker"
9728,Mini Cloud Notification
9729,Update
9730,Confirm to update
9731,Latest server #c0aaa1a@1#n     (Current version@2@3#n)
9732,Auto Update
9733,Update the selected server?
9734,#cef2d2dNotice: Your game version is too low. Please update to the latest version to enter server.#n
9735,"Auto Update: After the new version is released, the official will update the server version(The specific time will be notified on the day of update)"
9736,It's the latest version
9737,Reboot
9738,"If you reboot the server, all players will be kicked out! Now #cef2d2d@1#n players are in this server"
9739,Notice!#cfa7a0fserver is about to shut down#n
9740,Notice!#cfa7a0fserver is about to reboot#n
9741,Notice!#cfa7a0fserver is about to reboot and upgrade#n
9742,#cef2d2d@1#n Player is banned chat for 5 minutes
9743,@1 gives your permission back
9744,@1 sets that spam will be automatically banned(@2@3#n)
9745,Host
9746,You have all game permissions now
9747,Close after @1 seconds
9748,Reboot after @1 seconds
9749,Server is closing. Please retry after refreshing
9750,Server Status:
9751,Open
9752,Closing
9753,Close
9754,The members of server:
9755,Remaining time of server:
9756,Creating time of server:
9757,#LStatus Setting
9758,Description of server Update
9759,"1. Only closed low-level server that has not expired can be updated.
2. If the server is not closed, please go to server Setting-Status, and then close the server before updating.
3. If server has expired, please update after renewing.
4. The server can only be updated but not reverted."
9760,"Failed to import data, exceeding the maximum players"
9761,"@1 server updated!
Open server now?"
9762,@1 server opened successfully
9763,No data to import in selected server. Please confirm and try again
9764,Server starting. Please try again later
9765,Import failed. The imported blacklist conflicts with the white list or administrator
9766,Import failed. The imported list conflicts with the existing blacklist.
9767,Update server
9768,"The backup saves are full, please delete some"
9769,Are you sure to cancel the renew?
9770,Share link
9771,"Link copied successfully, please share"
9772,Please select the server that needs to be updated
9773,The number of server has reached the upper limit. Cannot apply and purchase
9774,@Null@
9775,Server Report
9776,Upload Screenshot
9777,The screenshot was taken successfully.
9778,To be modified
9779,Appealing
9780,"The illegal server will be changed to #cDA5B0A Pending Modification#n status.
In the pending state, you can modify the map and information of the server. After confirming that there is no violation content, you can submit an appeal, and the violation status will not be removed until the appeal is passed."
9781,Appeal
9782,"1. Before you appeal, please make sure no illegal content in server maps. And read the #L#cDA5B0AContent Instructions#n carefully
2. After you submit your appeal, please wait until it passes.
3. If the appeal is not approved, it will be returned to the status to be modified."
9783,"Notice: If your server has been reported for violation for many times, it may no longer provide server for your account. If the case is serious, your account will be blocked."
9784,"Please read ""Content Instruction"" first"
9785,"The remaining time of the server, which you appeal for, should be more than 5 days"
9786,It is impossible to do any operation on server during the appeal. Please wait for the result patiently
9787,You can't open the illegal server
9788,The announcement has been reported illegal. The function is banned for @1 days
9789,Your chat has been reported illegal. The function is banned for @1 days
9790,It will be visible after the name and introduction of server are approved
9791,The number of modification has reached the upper limit
9792,Please fill in the reasons for appeal before submitting
9793,"Please read the ""Content Instruction"" carefully and fill in the reasons for appeal before submitting"
9794,Please enter your reason for appeal (12-60 characters)
9795,Appeal submitted successfully
9796,What do you want to report?
9797,Player
9798,Player Voice
9799,Submission failed
9800,The current pass expires. Can't enter the room!
9801,Server name and introduction haven't passed the review
9802,"Because your chat is reported as a violation, the function is permanently disabled"
9803,"Because your server is reported as a violation, the function is permanently disabled"
9804,Report
9805,The name and introduction of the server can only be modified after approval.
9806,The server announcement has been reported so many times. Can't edit now. Please wait for the review result
9807,Illegal map. Can't open the server.
9808,This map is of secondary creation. You can't create the server.
9809,Multiple server creation
9810,Batch processing
9811,All servers
9812,Loading
9813,No map
9814,Expired
9815,Confirm execution
9816,Please choose an operation
9817,Open server
9818,Close server
9819,Reset server
9820,Update server
9821,Upload map
9822,Please select the server for batch processing
9823,There is no server that can be opened
9824,There is no server that can be closed
9825,"Closing down #cfff000@1#n servers, closing servers will result in all players being kicked out!"
9826,No server to reset
9827,"Reset #cfff000@1#n servers. Server reset is #cfff000Irreversible#n and will clear all current saved files, server settings and other information, please be cautious!"
9828,There is no available server for uploading maps
9829,No server to update
9830,Please select batch processing type
9831,Server is opened
9832,Server is closed
9833,Server has been reset
9834,Server has been updated
9835,Server batch management
9836,#c3D4546 Total number of servers: #n#c01C210@1#n#c3D4546 is open: #n#c01C210@2#n#c3D4546 is closed: #n#c01C210@3#n#c3D4546 has expired: #n#c01C210@4#n
9837,#c3D4546 Selected #n#cFF723A@1#n #c3D4546servers
9838,Close and update
9839,A total of #cFF0000@1#n servers updated (the latest version@2)
9840,"You need to close the servers during update. #cFF0000Closing servers will kick out all players!#n After the update is complete, the server will be turned on automatically."
9841,Please select the server type before operating
9842,Please go to the relevant page to renew before operating
9843,Unselect all
9844,"Cloud server failed to start, please try again later (@1)"
9845,Cloud server room owner
9846,"The map has suspected violations, the system will close the room within @1s"
9847,"The room has suspected violations, the system will close the room within @1s"
9848,Return to the lobby
9900,@Null@
9901,@Null@
9902,@Null@
9903,@Null@
9904,@Null@
9905,@Null@
9906,@Null@
9907,@Null@
9908,@Null@
9909,@Null@
9910,@Null@
9911,@Null@
9912,Redeem code redeemed successfully
9913,Operating too frequently. Please try again later
9914,The redeem code has been used
9915,Error times have reached an upper limit. Please try tomorrow
9916,The redeem code doesn't exist
9917,Redeem failed. Please try again later
9918,This code is still ineffective now
9919,Please update to the latest version
9920,Redeem times have reached an upper limit. Please try tomorrow
9921,Redeem codes of this batch have reached an upper limit
9922,Please scan the code on client-side to enter
9923,Activate failed. Please contact customer service
9924,Server error. Please try again
9925,@Null@
10000,Why do Critics post reviews?
10001,Finding the true hero to defeat the evil black dragon
10002,Find the Red Soil Land
10003,Discover more fun maps
10004,Which of the following is Critics' exclusive power?
10005,Create a map in Dev Mode
10006,Water a friend’s garden
10007,Post reviews as critic
10008,Which of the following is the correct description about Critics' power?
10009,Critics can post reviews to critic recommend section
10010,Critics’ review will be pinned at the top of the map comments
10011,The other two are both right
10012,What is a Critic’s mission?
10013,To find the desert merchant
10014,To build a super trap with electric particles
10015,To find more interesting new maps and share with others
10016,Are all Critic recommendations are exactly what players like?
10017,"Yes,Critics are the law"
10018,"No,players will only play their own maps"
10019,"Not always,everyone has their own taste for maps"
10020,Where will the recommended maps be?
10021,Multiplayer
10022,Gallery - Featured Zone
10023,Gallery Recommended Maps
10024,Which camera view is the best for 2D platformer game maps?
10025,3rd-person camera view
10026,1st-person camera view
10027,Side-scrolling camera view
10028,Which of the following is the fastest way to find interesting new maps?
10029,Search by downloads
10030,Find in gallery
10031,Find via friends’ recommending and Parajudge area
10032,Which of the following is the best kind of maps that’s worth recommending?
10033,Complicated and dull maps
10034,Maps without a goal
10035,Maps that can bring players joy
10036,What features do officially featured maps have?
10037,Inspiring
10038,Unique
10039,Both
10040,How to report if you think a map is inappropriate?
10041,Discuss in community
10042,Give a low rating
10043,"Tap the report button in rating area,and state the reason"
10044,Which of the following comments deserve a thumb-up?
10045,Meaningless comments
10046,Irrelevant comments
10047,Meaningful comments that help others to enjoy the map
10048,What kind of comments do MiniCaptain prefer?
10049,Comment before playing
10050,One star or five stars for no reason
10051,Reasonable and proper comments
10052,Which of the following reviews is more professional?
10053,A lot of words but no point
10054,meaningless words
10055,Comments that are short and easy to understand
10056,"System will push the popular maps to Critics,what should they do with the maps?"
10057,Cover their eyes and run away
10058,Favourite it after playing
10059,Post reviews and share with other players
10060,How should you write reviews if you don’t like a map?
10061,Scold without a reason
10062,Post negative comments
10063,Comment politely and write the reasons. Provide constructive feedback
10064,What if your review is deleted?
10065,Do it again and write the same thing
10066,Get mad and rage quit
10067,"Think carefully about the reason,and improve"
10068,Which of the following comments is the most helpful?
10069,"Oh it’s so good,come and play!"
10070,Thumb up if you agree with me
10071,Share your thoughts and feedback about the map
10072,What if you see a rude comment?
10073,Also post a rude comment
10074,Put a curse on the person
10075,Report and write the reason
10076,Which of the following is inappropriate comment
10077,"Take care when playing this map,there are many traps here"
10078,"This is a good map. Come and play, guys!"
10079,Those who don’t play this map are all nerds
10080,@Null@
10081,@Null@
10082,@Null@
10500,@Null@
10501,Dense
10502,Intensive
10503,Very much
10504,Landform
10505,Height of sea level is:63
10506,Minimum
10507,Maximum
10508,Already existed
10509,Restored default
10510,Credit
10511,Good
10512,Great
10513,Awful
10514,Author Credit
10515,Personal Credit
10516,#LCredit info
10517,Why would you report
10518,Reporting Statement
10519,Reporting Reason
10520,#L#cfa7a0fPrev
10521,Hack
10522,Malicious trouble-makers
10523,Post Pornographic or illegal images in Display Center
10524,Post political sensitive or illegal images in Display Center
10525,Use pornographic profile picture
10526,Use political sensitive profile picture
10527,Use hack technique in maps
10528,Improper saves thumbnails
10529,Improper map title/describtion
10530,Steal other player's saves
10531,Pornographic content
10532,Political sensitive content
10533,Paid content not matched with description
10534,Paid content not matched with description
10535,Report
10536,Post political sensitive contents
10537,Do not report repeatedly
10538,@Null@
10539,@Null@
10540,@Null@
10541,Motions
10542,@Null@
10543,@Null@
10544,@Null@
10545,This stauts has unhealthy contents. Invisible for the moment.
10546,"Please maintain the health environment in games, please enter again."
10547,"This map has unhealthy content, cannot be downloaded now."
10548,"Please maintain the health environment in games, create room failed."
10549,"This map has unhealthy content, cannot join the room."
10550,Insults or harassment
10551,Including advertising
10552,Meaningless content
10553,Report
10554,Select the reason for reporting
10555,Please enter your reasons for reporting(12-200 characters)
10556,this save
10557,this status
10558,this comment
10559,"This map is reported multiple times in short times, currently under review, cannot download"
10560,"This map is reported multiple times in a short time, currently under review, cannot enter multiplayer room"
10561,"This map is reported multiple times in a short time, currently under review, cannot enter map"
10562,"This map is reported multiple times in a short time, currently under review, cannot open multiplayer room"
10563,"This map is reported multiple times in a short time, currently under review, cannot be searched"
10564,"This map is reported multiple times in a short time, currently under review, cannot share"
10565,"This map is reported multiple times in a short time, currently under review, cannot check comments"
10566,@Null@
10567,"You have been reported multiple times recently, cannot open multiplayer room temporarily"
10568,"This multiplayer room has been reported for improper content, cannot be searched"
10569,Current Room
10570,"Map under review, operation fail"
10571,Violent and terror content
10572,"You have been reported multiple times recently, cannot open multiplayer room until @1"
10573,Unable to perform operation on comments under review
10574,Unable to perform operation on status under review
10575,"Dear Player:
 According to“#c0aaa1a Say no to unhealth content#n”,you have been reported multiple times that you #cef2d2d@2#n in #cef2d2d@1#n, and it is verified by system. We are sorry to inform that you will be punish by #cef2d2d@3#n.We hope you will follow the rules and build health and fair gaming environment.(From Mini Captain)"
10576,"Dear Player:
 You reported #cef2d2d@1#n's behaviour #cef2d2d@3#n in #cef2d2d@2#n is verified by system. A punishment of #cef2d2d@5#n has been imposed on this player. Thank you for following “#c0aaa1a Say no to unhealth content#n”and offer your support to build a health and fair gaming environment.(From Mini Captain)"
10577,"You have been reported multiple times recently, map share disabled until @1"
10578,"You have been reported multiple times recently, map share disabled permanently"
10579,"You have been reported multiple times recently, picture upload disabled until @1"
10580,"You have been reported multiple times recently, picture upload disabled permanently"
10581,"You have been reported multiple times recently, room chat disabled until @1"
10582,"You have been reported multiple times recently, room chat disabled permanently"
10583,"You have been reported multiple times recently, map comment disabled until @1"
10584,"You have been reported multiple times recently, map comment disabled permanently"
10585,"You have been reported multiple times recently, post status disabled until @1"
10586,"You have been reported multiple times recently, post status disabled permanently"
10587,"You have been reported multiple times recently, status comment disabled until @1"
10588,"You have been reported multiple times recently, status comment disabled permanently"
10589,"Due to multiple violations recently, all online function in game are disabled until @1"
10590,"Due to multiple violations recently, all online function in game are disabled permanently"
10591,You are log off compulsively
10592,"You have been reported multiple times recently, cannot open multiplayer room permanently"
10593,This player's account is blocked that cannot%s
10594,Saves
10595,Profile
10596,Multiplayer room
10597,Comments in Saves
10598,Status
10599,Status comments
10600,Map sharing disabled until @1
10601,Map sharing disabled permanently
10602,Pictures uploading disabled until @1
10603,Pictures uploading disabled permanently
10604,Multiplayer room creating disabled until @1
10605,Multiplayer room creating disabled permanently
10606,Room chatting disabled until @1
10607,Room chatting disabled permanently
10608,Map comment disabled until @1
10609,Map comment disabled permanently
10610,Status posting disabled until @1
10611,Status posting disabled permanently
10612,Status comment disabled until @1
10613,Status comment disabled permanently
10614,@Null@
10615,@Null@
10616,@Null@
10617,@Null@
10618,@Null@
10619,@Null@
10620,@Null@
10621,@Null@
10622,@Null@
10623,@Null@
10624,@Null@
10625,@Null@
10626,@Null@
10627,@Null@
10628,@Null@
10629,@Null@
10630,Appeal
10631,"In order to improve the success rate of appeal, please fill in the reason carefully"
10632,Please enter the reason for appeal in no less than 100 characters
10633,You have submitted an appeal and the staff will review it within 90 days
10634,Your appeal is being reviewed
10635,"Your appeal has been reviewed.Your map has been found illegal due to high-risk content. The platform prohibits the generation and dissemination of any illegal content. Please abide by the national laws and regulations, otherwise you will be held accountable"
10636,Please enter the reason for appeal in no less than 100 characters
10637,Please enter the reason for appeal in no more than 500 characters
10638,This map may be illegal and is unavailable now. Please click the appeal button in the upper right corner to appeal
10639,The map is being reviewed. Cannot create the multiplayer room. Please wait
10640,This map may be illegal and cannot create the multiplayer room
10641,You can only create the multiplayer room after uploading the map
10642,You can't create the multiplayer room with the map only visible to you
10643,@Null@
10644,@Null@
10645,@Null@
10646,Click here to write
10647,"Post illegal information, social software and sharing scam information will lead to getting banned"
10648,This map may have sensitive contents. Cannot create multiplayer room
10649,Current map hasn't been reviewed. Please download the lastest reviewed map
10650,Map state changes. Please re-login
10651,Cancel the review
10652,Cancelled successfully
10653,Cancel failed. Please check your network and try again
10654,Are you sure to cancel the review? #cef2d2d(You need to queue again after canceling the review)
10655,Reviewing. Cannot cancel
10656,Reviewing
10657,This map is being reviewed. Cannot join multiplayer room
10658,Current map has expired. Cannot join multiplayer room. Please update to the latest version.
10659,"Commented successfully! Due to the risky content of this map, it will not be displayed in Critics' Choice"
10660,@Null@
10700,Cheat
10701,Hacker
10702,Illegal advertisement
10703,Bully/Harrassment
10704,Wrong values
10705,Unfair gameplay
10706,Plagiarism
10720,@Null@
10721,"You've been given a warning due to a voice violation previously. If you continue to trigger voice violations, you will be punished by having voice feature disabled."
10722,@Null@
10723,@Null@
10724,You've received multiple voice-related warnings in the past and have been banned. Ends in: @1
10725,@Null@
10726,@Null@
10727,@Null@
10728,Xingqi Project - Notice of Map Quality Assessment Results
10729,Click me to change coloring
10730,Tournament Signature
10731,Ban publishing Tournament Signature until @1
10732,Permanently ban publishing Tournament Signature
10800,@Null@
10801,Talk to Wowomon
10802,"Walk to Wowomon, he will tell you some secrets"
10803,Ok.
10804,Go.
10805,Ok.
10806,What？
10807,Yes.
10808,Finally you come.
10809,Wait long？
10810,Hunt chicken
10811,Help me hunt a chicken
10812,Leave it to me
10813,Why not do it yourself？
10814,Look for your target
10815,Ok.
10816,See me after hunting chicken.
10817,Ok.
10818,Nice.
10819,…
10820,Collect Cherry Wood
10821,I want 10 Cherry Wood
10822,Leave it to me
10823,Bye.
10824,Collect some woods!
10825,Ok.
10826,Where are woods?
10827,Give me more time
10828,Where are woods?
10829,Here.
10830,Go.
10831,Ok.
10832,Task finished?
10833,Not yet.
10834,Task finished?
10835,Yes.
10836,Welcome to Mini World!
11000,@Null@
11001,Adventure Note
11002,Progress:
11003,Rewards:
11004,Deliver Object
11005,Interaction
11006,Storyline
11007,Storyline Setting
11008,Task List
11009,Delivery Task
11010,Default Dialogue
11011,Interaction Setting
11012,Trigger Function Options
11013,"Continue Dialogue: Skip to next dialogue 
Redirect Dialogue:  Skip to specific dialogue
End Dialogue: Quit the conversation
Accept Task: Accept a task"
11014,Continue Dialogue
11015,Redirect Dialogue
11016,End Dialogue
11017,Accept Task
11018,Edit Original Storyline
11019,Create Storyline
11020,Select storyline to edit
11021,Default
11022,Category 2
11023,Category 3
11024,Choose Existing Template
11025,Edit Storyline
11026,Storyline Name
11027,Click to edit
11028,Storyline Dialogue
11029,Trigger Target
11030,Interaction Option created automatically in target
11031,Preconditions
11032,Start Time
11033,End Time
11034,Precondition Task 1
11035,Precondition Task 2
11036,Precondition Task 3
11037,Select Item
11038,Obtain Number
11039,Storyline Edit Info
11040,"Storyline Setup Steps:
1.Setup name/icon/dialogue of storyline;
2.Choose trigger target;
3.Select storyline plugin into map;
4.Find trigger target in map, right click it to trigger storyline.
 
Options Info:
Icon:Storyline display in plugin library.
Preconditions:In what condition to trigger certain storyline.
Storyline Dialogue:Click to set up dialogue.
Trigger Target:Select trigger target as wish, enter map and find the trigger target, right click on the target to trigger storyline.
Task List:Display all tasks setup in the storyline.
 
Note:Task can only added in Storyline Dialogue-Answer Settings-Trigger Function

P.S.: The Storyline Dialogue can only be added in Storyline Dialogue-Answer Settings-Trigger Function.
#cfa7a0fPartial trigger:#n Different from the developer tool, partial trigger is only for the event which is triggered by this plugin event and provides more possibilities for plugins.
 #cfa7a0fPartial script: #nDifferent from the developer tool, partial trigger is only for the event which is triggered by this plugin event
 P.S.:If this plugin has used the built-in triggers or scripts, you can click the new version switch in the upper right corner of the partial trigger or partial script option bar to switch back to the old built-in triggers and scripts for editing, but the old version doesn't support the new content, please understand."
11041,Select Icon
11042,Creature
11043,Item
11044,Storyline Dialogue only show up when fulfill requirements set in precondition
11045,None
11046,Precondition Task
11047,World Time
11048,Obtain Item
11049,Select Task
11050,Are you sure to clear all storyline settings to default?
11051,Confirm
11052,Cancel
11053,Storyline Dialogue Settings
11054,Dialogue Content
11055,Answer 1
11056,Answer 2
11057,Answer 3
11058,Answer 4
11059,Delete
11060,Insert
11061,Answer Settings
11062,Answer Content
11063,Trigger Function
11064,Select Dialogue
11065,Select Task
11066,Select dialogue to redirect
11067,Select and accept task
11068,Create Task
11069,Are you sure to delete this dialogue?
11070,Add tasks in Storyline Dialogue-Answer Settings
11071,Task Settings
11072,Task Name
11073,Task Category
11074,Task Reward
11075,Experience Reward
11076,Storyline Dialogue(task accepted)
11077,Required for task deliver
11078,Deliver Object
11079,Interaction Option created automatically in target
11080,Task Deliver Dialogue(Task Incomplete)
11081,Task Deliver Dialogue(Task Completed)
11082,Show in Adventure Note
11083,Select Task Goal
11084,"None:Auto-complete task when task accepted
Defeat Creature:defeat creature
Deliver Item:Deliver task items when task completed"
11085,None
11086,Defeat Creature
11087,Deliver Item
11088,Task Goal
11089,Are you sure to delete this task?
11090,Please input dialogue content
11091,Loop Task
11092,Show in adventure note
11093,Enable task receive/deliver UI
11094,Icon
11095,Click and input dialogue content
11096,"Disabled, click to edit"
11097,@Null@
11098,Dialogue Settings Info
11099,"Dialogue Rules:
1.Dialogue starts when right click on trigger target.
2.Dialogue proceed from top down.
3.If answers are setup, choose one to continue dialogue.
 
Options Info：
Dialogue Content:What NPC said。
Answer1-4:Answers for players to choose, trigger functions can be setup for each answers.
+tab in the left:Add in new dialogue.
Delete:Delete selected dialogue.
Insert:Insert a new dialogue above selected dialogue
 
note:Clear out answer content, this answer will not show in dialogue"
11100,",auto-deliver when task completed"
11101,Strongly recommend to check the Storyline info before you start.
11102,Task Settings Info
11103,"Task Settings Info:
 
Storyline Dialogue(task accepted):Dialogue with NPC when accept task.
Required for task deliver:Decide if deliver task is necessary, if not, task will auto-deliver when completed.
Deliver Object:Deliver task to which creature.
Task Deliver Dialogue(Task Incomplete):Dialogue with NPC when task is incomplete.
Task Deliver Dialogue(Task Completed):Dialogue with NPC when task is completed.
Loop Task:Whether task can be complete repetitively.
Enable task receive/deliver UI:Task info UI will show up when accept/deliver task."
11200,@Null@
11201,Set up Interaction Function in Storyline Settings
11202,Interaction Function Description
11203,"In this interface, it auto-show all tasks and dialogue that sets creature as trigger target. #r
【Edit】To design storyline and task.#r
【New Interactive】To edit store and product.#r  
Note: Create or edit storyline in plugin, and setup storyline trigger target."
11204,Are you sure to save current settings and redirect to Storyline edit?
11205,Adventure Note Updated
11206,Are you sure to give up this task?
11207,Adventure Note is empty
11208,Complete!
11209,Find and talk to @1
11210,Can be delivered
11211,Defeat creature
11212,Collect items
11213,", then report to @1"
11214,", then deliver to @1"
11215,Defeat
11216,Collect
11217,Auto deliver once complete
11218,Accept Task
11219,Deliver Task
11220,Click and select
11221,Auto-finish after accept task
11222,Only show craftable
11301,@Null@
11500,@Null@
11501,Physical Attributes
11502,About Physical Attributes
11503,"Turn on Advanced Physics:
1.For more realistic physical effects,such as falling,bouncing,collision.
2.Related physical attributes can be adjusted for different collision effects."
11504,#LTurn on Advanced Physics
11505,Turn on for more realistic physical effects
11506,#LPhysical texture
11507,Physical texture influence friction force and elasticity.
11508,#LResistance
11509,"The greater the resistance, the faster the object's velocity decays."
11510,#LAngular Drag
11511,"The greater the angular drag, the faster the rotation velocity of the object decays."
11512,#LQuality
11513,"The greater the quality, lessly likely for items to not be knocked off or pushed."
11514,#LGravity
11515,"Turn off,floating items will not fall on ground"
11516,Select Physical texture
11517,Please select physical texture.Or create or modify custom physical texture
11518,Select Texture Template
11519,"After select,current attribute data will be replaced.Sound effects of previous texture effect will not change."
11520,#LTemplate
11521,Tap to select texture template
11522,Custom Texture
11523,Texture Name
11524,@Null@
11525,#LKinetic Friction Force
11526,"The greater the kinetic friction force,the faster the object will decelerate as it slides along the ground."
11527,#LStatic Frictional Force
11528,"The greater the static frictional force,the less easy for items to be pushed"
11529,#LElasticity
11530,"The greater the elasticity, the farther the object bounces after impact."
11531,Item Size
11532,@Null@
11533,High elasticity (preset)
11534,No elasticity (preset)
11535,Metal
11540,Add Texture
11541,Small
11542,Middle
11543,Large
11544,Are you sure to delete this physical texture?
11545,Smooth(preset)
11546,General(preset)
11547,Rough(preset)
12001,Machine Workshop
12002,"Ⅰ. Generate:
1. Place the machine workshop and building area will appear.
2. Connect the driver seat, engine, wheels and car body block in building area. 
3. Right click the machine workshop, click Generate to generate the machine.

Ⅱ. Notes:
1. #c0aaa1aArrow direction in building area#n is the front of the machine.
2. Units limit: 1 mechanical core(Driver Seat), 1 engine, 20 wheels and 39 passenger seats at most per machine. 1000 Car body blocks at most.
3. Generate place: In survival mode, blocks will turn #c0aaa1adirectly into machine#n. In creation mode, machine will be generated on the right side of the building area.
4. Car weight will influence driving experience: Wooden car is light and unstable. Iron car is heavy and drives slowly.
5. Car shape will influence the driving experience: Four wheel is more stable than the two wheel.
6. Car body blocks: Most #c0aaa1ablocks#n and #c0aaa1aminiature blocks#n can be used to build a machine. When the character #c0aaa1aenters building area#n, physical attributes can be seen at item tips.
  

Ⅲ. Load machinery
1. Hold #c0aaa1awrench#n in hand and use it against the machine. The machine will be turned into mechanical capsule. Please make sure there are #c0aaa1aspace in shortcut bar#n when you pick it up.
2. Place machanical capsule on the ground to re-generate the machine.
3. Mechanical capsule can be loaded in machine workshop and re-generate the machine as blocks.
 
Ⅳ. Interaction
1. Can collide other physical items. 
2. Can activate physics trigger block, wooden transducer, stone transducer and Shiny Star.
3. Can be grasped with gravity claw and plunger crossbow.

Ⅴ. About fighting
1. Unit destroy: Units have HP. HP will decrease after being attack. Unit will be destroyed when HP is 0.
2. Collision damage: Machine will be damaged when crach into things. The greater the crash, the higher the damage.
3. Damage switch: Machine damage can be set up in playmode setting- Machine damage switch."
12003,Generate machine
12004,Load machine
12005,Generate
12006,Load
12007,Please choose mechanical capsule
12008,Blocks exist in the area. Can not load
12010,Left
12011,Right
12012,Km/h
12013,Passengers in the car. Mechanical capsule cannot be generated
12014,Saved in Resource Library
12015,Show Centroid
12016,Kg
12017,One mechanical core at most
12018,Insufficient Electricity
12019,This block can not be used to assemble machines
12020,One engine at most
12021,No mechanical core(Driver Seat). Can not generate
12022,More than one mechanical core. Can not generate
12023,Too many machines in map. Please reduce for smooth gaming experience
12024,Please input mechanical capsule
12025,Reach the upper limit
12026,Exceed the upper limit
12027,Loading
12028,HP
12029,Cost Electricity
12030,Weight
12031,Machine Name
12032,Machine Description
12033,Damage Setup
12034,Car can be destroyed
12051,Structure Unit
12081,Shifter Unit
12082,Wheel
12083,Mechanical Foot
12084,Propeller
12085,Wing
12086,Levitron
12111,Power Plant
12112,Engine
12113,Impeller
12114,Energy
12115,Spiral Thruster
12141,Seat
12142,Driver Seat
12143,Passenger Seat
12144,Rudder
12171,Weapon
12172,Melee weapon
12173,Machine Gun
12174,Cannon
12175,Howitzer
12176,Rocket Missile
12177,Flamethrower
12178,Firebomb
12179,Electromagnetic Cannon
12180,Bolt
12201,Functional Unit
12202,Power
12203,Circuit Machinery
12204,Controller
12205,Joint
12206,Support Device
12231,Joint Device
12300,Sequence Editor
12301,Operation time for each line
12302,Execute in loop
12303,All reset
12304,"Ⅰ. Instruction
1. Used to assemble machine. When the power is on, #c0aaa1aconnected rotor and sliding block#n will operate following the sequence.
2.After installed on machine, click to open.#c0aaa1aInterface of Sequence Editor.#n
Ⅱ. Interface
 1. Up to 8 joint units can be connected(Rotor or sliding block)
 2. Press on the number button on the left side to switch on/off the action.#c0aaa1aWhen it is off, that action will not be played.#n
 3. Click every action. You can set the angle of rotation of the rotor block and whether the sliding block is on power.
 4. Operation time for each line: Set the operation time for action on each line.
 5. Execute in loop: When the actions are all executed, #c0aaa1ait starts all over again#n. When the power is off, it will stop at current location
 6. All reset: Reset all the interface setting.
 7. Save: It takes effect after you save the interface settings."
12305,Angle
12310,The unit can control at most @1 units
12311,This unit can be controlled by at most @1 units
12312,Connection failed
12313,The fuel is too full to add
12314,Mechanical fuel is needed in order to fuel up
12315,Infrared Sensing Block
12316,Distance detecting
12317,Light Sensor
12318,Height Sensor
12319,Speed Sensor
12320,Light Detecting Range
12321,Height Detecting Range
12322,Speed Detecting Range
12323,Detecting Range
12324,Detecting Range
12325,Detecting Range
12326,Front
12327,Back
12328,Please use the vehicle in the workshop
12329,Stretch Distance
12330,Target Angle
12331,Rotation Angle
12332,Need Fuel
12333,Need to install engine
12334,Placement out of range
12500,Mob model in edit
12501,Continue editing
12502,Unit
12503,Human-shaped
12504,Create Mob Model
12505,Select Animation Template
12506,Head
12507,Body
12508,Right Arm
12509,Left Arm
12510,Right Leg
12511,left Leg
12512,Select Unit Template
12513,Generate
12514,Generate in Map
12515,Stand(Standby mode of creature)
12516,Run
12517,Lie Down
12518,Sit
12519,Swim
12520,Attack
12521,Dead
12522,Striked
12523,Delete Unit Model
12524,"Other players are editing, please try later"
12525,Import mob model
12526,Import
12527,Free View
12528,Side view
12529,Front View
12530,Vertical view
12531,Four-footed
12532,Simple Shape
12533,Unit Quantity Limit
12534,"The number of units exceed the upper limit, please delete some and try again"
12535,Mirrored Flip
12536,"No available mob, please make one first"
12537,Mob Miniature
12538,Can only use the corresponding plugins of miniature model or custom model
12539,@Null@
12540,@Null@
12541,@Null@
12542,@Null@
12543,@Null@
12544,@Null@
12545,@Null@
12546,@Null@
12547,@Null@
12548,@Null@
12549,@Null@
12550,Select model type
12551,Sample model
12552,Custom model
12553,Create sample model has basic model and Animation. Perfect for newbies.
12554,"Create new model on blocks, props and creature appearance using miniature models. Edit the Animation."
12555,Confirm
12556,Model
12557,Animation
12558,Create
12559,Copy
12560,Create a new unit
12561,Select model
12562,Enter the name of unit
12563,Please enter the text
12564,The name already exists
12565,Exceed the character limits
12566,Copy the unit
12567,Name
12568,Copy all the sub-units
12569,Mirror Image
12570,Modify units
12571,Reorder levels
12572,Hide
12573,Display
12574,Delete
12575,Modify units
12576,Units deleting. The sub-units will be also deleted.
12577,Move the units as the same level
12578,Move as sub-unit
12579,Of the same level
12580,Cannot be moved as the sub-unit of the same level
12581,Cannot be moved as the sub-unit of the sub-unit
12582,Cancel
12583,"Default(Block, Prop standby)"
12584,Frame
12585,Frame number setting
12586,Upper limit 300 frames. 0.1s/frame
12587,Wrong
12588,Exceed the max frame
12589,Please select the unit
12590,"In animation editing mode, model parameter cannot be modified."
12591,Reach the max frame
12592,Generate custom model
12593,Description
12594,Generate
12595,Block
12596,Prop
12597,Creature
12598,"Generated custom model will be saved in resource library. Appearance  of blocks, prop and creature in plugin library appearance can use the custom model in resource library."
12599,No type selected yet
12600,Saved
12601,Sample model saved
12602,Data downloading
12603,Loading...Please wait.
12604,Download failed
12605,"Data downloading failed, please try again."
12606,Try again
12607,Save the data
12608,"Saving the data, please wait."
12609,Save failed.
12610,Fail to sava data. Please try again. Data will not be saved if you exit.
12611,Exit
12612,Are you sure to quit? Data will not be saved.
12613,It's already sub-unit.
12614,"After moving, the target sub-unit will exceed the limit. Cannot move."
12615,Working
12616,Import units
12617,Please select the unit and copy
12618,Bone Parameter
12619,Model Parameter
12620,Custom model
12621,"Custom models can be used as appearance of block, items, and creature plugins."
12622,Key frame of this selected unit is being deleted
12623,Delete all the key frames of other units
12624,No model. Cannot generate
12625,The number of sub-units reaches upper limit
12626,Key frame in this position already exists. Cannot move
12627,Key frames of all the units under this frame are being deleted
12628,Select the type of sample model
12629,Insert the key frame
12630,Copy
12631,Paste
12632,Delete the key frame
12633,Key frame is copied
12634,You are pasting key frame. Are you sure to cover the existing data?
12635,Please create a new unit
12636,Please create new units in model editing
12637,Help for custom model
12638,"#cfa7a0fWhat is custom model?#n
Custom model is an appearance which blocks, items and creatures can use. Players can make bones, which are made from miniature model, with custom model editor. Then edit the animation on timer shaft. After you finish a model, you can generate it into a block, items or creature. 
 
#cfa7a0fHow to enter the editing interface?#n
1. Place the custom model editor on the ground.
2. Select #c0aaa1asample model#n, or choose #c0aaa1acustom model#n to start from scratch.
3. Click the #c0aaa1aimport button#n on select mode type interface. Import the custom model, which is made before. Modify and save.
 
#cfa7a0fHow to edit a model?#n
1. Click the create button to create a new unit. Select the unit and create the sub-unit.
2. Drag the 3D coordinate axis or change the bone and model parameter. (Notice: The blue point is the center point. The rotation of the model is relative to the position of the center point)
 
#cfa7a0fHow to edit animation?#n
1. After you finish a model, click animation.
2. Click the first button below to edit the duration. 
3. Select the unit that you want to adjust. Click on the timer shaft to place the pointer at the point in time you want to change, click + to add a keyframe, or directly adjust the widget, and the keyframe will be automatically inserted.
4. After the keyframe is selected, you can adjust the position of it above the timer shaft or copy, paste, delete.
 
#cfa7a0fHow to generate a model?#n
1. Click the #c0aaa1abutton#n on the top left corner to generate block, items or creature.
2. The generated custom model will be added in resource library.
3. Blocks in plugin library, items and creature appearance can all use the custom model in resource library. 
 
#cfa7a0fHow to use sample model?#n
1. Select a sample model you like.
2. Select a loaded model on the right side.
3. Click the manage button. Select #c0aaa1aModify#n and choose a miniature model. Adjust the #c0aaa1amodel parameter#n.
4.Enter the animation editing interface. We've set some animations. You can adjust them as you like.

#cfa7a0fWhat's the difference between bone parameter and model parameter?#n
1. Use #c0aaa1abone parameter#n or #c0aaa1amodel parameter#n to adjust the units.
2. Bone parameter: Adjust the whole unit and the displacement, rotation, scaling of sub-unit. Sub-units are influenced as the main units change.
3. Model parameter: Will not affect the center point of the bone or parameter of sub-units.
4. You can only adjust bone parameter in animation editing.
 
#cfa7a0fWhat're the unit and sub-unit?#n
1. After selecting a unit, click to create a sub-unit of it. The newly created unit becomes the sub-unit of the selected unit. 
2. When you adjust the bone parameter of the main unit, the sub-unit will also change with it."
12639,Create a sub-unit of the selected unit
12640,Select the target unit which needs to be adjusted in the list
12641,Root
12642,Upper Body
12643,Chest
12644,Head
12645,Right Upper Arm
12646,Right Forearm
12647,Right Hand
12648,Left Upper Arm
12649,Left Forearm
12650,Left Hand
12651,Lower Body
12652,Left Thigh
12653,Left Leg
12654,Left Feet
12655,Right Thigh
12656,Right Leg
12657,Right Feet
12658,Left Front Leg
12659,Right Front Leg
12660,Left Rear Leg
12661,Right Rear Leg
12662,Tail
12663,Body
12664,Left Wing
12665,Right Wing
12666,Petal
12667,Stem
12668,Leaf
12669,Main Body
12670,Axis
12671,Whirl Wing1
12672,Whirl Wing2
12673,Whirl Wing3
12674,Whirl Wing4
12675,Human-shaped
12676,Animal-shaped
12677,Decoration
12678,Standard Human
12679,Simple Human
12680,Four-footed Creature
12681,Flying Creature
12682,Simple Creature
12683,Flower
12684,Windmill
12685,Leaf2
12686,Copy
12687,Paste
12688,Clear
12689,Copied
12690,Pasting. Will cover the previous data
12691,Clearing the data
12692,@Null@
12693,@Null@
12694,@Null@
12695,@Null@
12696,@Null@
12697,@Null@
12698,@Null@
12699,@Null@
12700,@Null@
13000,Developer Tools
13001,Trigger
13002,Script
13003,Please select trigger
13004,Please create new trigger
13005,New Trigger Set
13006,New Trigger
13007,Variable
13008,Trigger Switch
13009,Add notes for current trigger
13010,Trigger Set
13011,Trigger
13012,Event
13013,Condition
13014,Action
13015,Add @1
13016,Add Condition
13017,Add Action
13018,Toggle Control
13019,Select @1
13020,Input
13021,Function Library
13022,Template Library
13023,Options
13024,Choose target
13025,Variable
13026,New Variable
13027,Choose from World Objects
13028,Event Position
13029,Default Spawn Point
13030,Players in Trigger Event
13031,Target Players in Event
13032,Air Block
13033,Item Type in Event
13034,Projectile in Event
13035,Drop Item in Event
13036,Creature in Event
13037,Target Creature in Event
13038,Add Function
13039,Rename
13040,Rearrange
13041,Copy
13042,Move
13043,Insert New Event
13044,Insert New Condition
13045,Insert New Action
13046,Delete
13047,Name
13048,Confirm Delete
13049,Confirm
13050,Cancel
13051,Global Trigger
13052,Block(Plugin)
13053,Creature(Plugin)
13054,No Plugins
13055,Limit Reached
13056,Parameter
13057,Instruction
13058,Notice
13059,#cef2d2dRed parameter#n is missing. Please fill again.
13060,#cfa7a0fOrange parameter#n cannot be found in event.
13061,Copy success
13062,Paste success
13063,#cef2d2dCopy failed#n
13064,#cef2d2dPaste failed#n
13065,Please select the trigger on the left
13066,"#cef2d2dPaste failed#n. General trigger, plugin pack and plugin library can't be copied and pasted from one another"
13067,No Trigger found
13068,Confirm replicate Trigger group
13069,Please select a group first
13070,Add value
13071,Value of ID:@1
13072,TRUE
13073,FALSE
13074,The values ​​has reached the upper limit
13075,To modify please click on the triangle
13076,Link cannot be use
13077,Please choose an UI first
13078,Search results for [color=#fa7a0f]@1[/color]
13079,Please select a song
13080,Sort order
13081,Ascending
13082,Descending
13083,"Names can only use numbers, letters and partial symbols"
13084,Click to enter
13090,Function under maintenance
13200,@Null@
13201,Please select script set
13202,Please create new script set
13203,Script
13204,Script Set
13205,Script
13206,New Script
13207,Script Edit
13208,Saved
13209,API
13210,Search
13211,Check examples and tutorials
13212,Employ
13213,Attribute and Type:
13214,Returned Value and Type
13215,Function:
13216,Case:
13217,Detect unsaved text. It will be covered if you continue importing.
13218,Unnamed Script
13219,Clearing current script
13220,@Null@
13400,@Null@
13999,@Null@
14000,Immovable
14001,Block Implaceable
14002,Block Uninteractable
14003,Block Indestructible
14004,Item Unusuable
14005,Unattackable
14006,Object Unattackable
14007,Object Undefeatable
14008,Item Uncollectable
14009,Can't be discarded
14010,@Null@
14011,@Null@
14012,@Null@
14013,@Null@
14014,@Null@
14015,@Null@
14499,@Null@
14500,Tool Mode
14501,Back to Edit Mode
14502,Regional Tools
14503,Location Tool
14504,Creature Tool
14505,Object Library
14506,L:
14507,W:
14508,H:
14509,X:
14510,Y:
14511,Z：
14512,Please place #c5aea0athe starting point#n
14513,Please place #c5aea0athe end point#n
14514,Please place #c5aea0athe location point#n
14515,Please place#c5aea0a the creature#n
14516,Please select #c5aea0a any creature in the scene #n
14517,Select
14518,New
14519,"Region @1 created, added to Object Library"
14520,"Location Point @1 created, added to Object Library"
14521,"Creature @1 created, added to Object Library"
14522,Region
14523,Location
14524,Creature
14525,Rename
14526,Relocate
14527,Delete
14528,Are you sure to delete @1?
14529,Currently Selected
14530,The size of region exceeds the limit and cannot be created
14531,@1 reset successfully
14532,You haven't created a region
14533,You haven't created a location point
14534,You haven't created any creatures
14535,Please reset #c5aea0astart point#n
14536,Please reset #c5aea0aend point#n
14537,Object in object library is hidden in map
14538,Object in object library is shown in map
14539,Display
14540,Display window size
14541,The display window @1 was created successfully and has been added to the object library
14542,The display window width or height exceeds 64 squares and cannot be created
14543,You have not created a display window
14544,Display window creation failed
14545,"The distance exceeds 64 squares, and the display window fails to reposition"
14546,The display window has exceeded the bounds of the map
14547,"The distance is too far, the deletion of the display window failed"
14548,Both side of the display board is blocked. Cannot teleport
14549,Number of display board has reached upper limit @1
14550,Only video links which ends with mp4 is available
14551,Only video links which begins with https is available
14552,Agora
14553,Failed to load the video
14554,Link unavailable
14555,Play Mode
14556,Loop
14557,Single play
14558,Online Video
14559,Failed to play the video. The format of the video doesn't match the requirement.
14560,"Video cannot be played, video resolution cannot exceed 1280 * 720, video frame rate cannot exceed 25 frames, video audio sampling rate must be 44.100kHz or 48.000kHz"
14999,@Null@
15000,Global Variable
15001,Private Variable
15002,Please create variable first
15003,New Variable
15004,Variable Type
15005,Variable Name
15006,Default Values
15007,Select Variable Type
15008,Copy
15009,Edit
15010,Delete
15011,Edit Variable
15012,Are you sure to delete variable?
15013,Click to Select
15014,No Default Value
15015,"Variable Name Repeat, please check again"
15016,Variable creation failed
15017,Ranking
15018,Table
15021,Script reference name
15022,"1. The variable name used in the script on support letters, numbers, underscores, and asterisks.
2. After deleting the variable, script with the same name can get back the deleted data."
15023,Leaderboard variable numbers have reached the @1 limit
15024,Table variable numbers have reached the @1 limit
15025,"Script reference only support letters, numbers, underscores, and asterisks"
15026,"1. Leaderboard variable can store the data of the top 1000 players on the map. Full map leaderboard function.
2. The default sorting method of the leaderboard is in ascending order (from small to large). When taking a value, you can use a negative number to take the value from the top of the leaderboard from large to small.
3. Leaderboard variables can only store integers. The integer part can be stored in decimals.
4. After canceling the upload of the map, the leaderboard data will be retained for 30 days. Data will be cleared after 30 days."
15027,"1. Table variables can store the data of all players on the map.
2. After canceling the upload of the map, the leaderboard data will be retained for 30 days. Data will be cleared after 30 days."
15028,Unable to copy leaderboard or table variable
15029,Save Blueprint
15030,Custom
15031,Official
15032,New Blueprint
15033,Keyword
15034,Add
15035,Resource
15036,Library
15037,Reset
15038,Save
15039,Loading this blueprint
15040,Cannot switch Blueprints while placing the block
15041,Right click again to start building
15042,"When selecting unselected blocks within the box, it cannot be saved as a blueprint."
15043,Start crafting blueprints
15044,Saved
15045,Sync the blueprint to the Main Library
15046,The selected blueprint will be permanently deleted
15047,"The current map already has the same blueprint, and will be overwritten after importing."
15048,It can still be used after changing the device after uploading
15049,Max number of blueprints reached (256). Please clear some before saving!
15050,Chinese Style
15051,European Style
15052,Gardening
15053,Cartoon
15054,Science
15199,@Null@
15200,Detailed Edit
15201,Attribute Edit
15202,New Trigger
15203,New Script
15204,Drop
15205,Enable Drop
15206,No Drop
15207,Unavailable
15208,This creature/block is unavailable for edit
15209,Save as new template
15210,Are you sure discard current edit?Discard current edit will not be saved.
15211,Model ID
15212,Type
15213,Ball Type
15249,@Null@
15250,Greeting
15251,Think
15252,Cry
15253,Angry
15254,Stretch
15255,Victory(Happy)
15256,Gratitude
15257,Casual
15258,Fall Down
15259,Pose
15260,Stand
15261,Run
15262,Sleep
15263,Sit
15264,Swim
15265,Attack
15266,Die
15267,Striked
15268,Relaxed
15269,Jump
15270,@Null@
15271,Hello!#A101
15272,Thank you#A106
15273,Sorry#A105
15274,"Wow, so happy#A112"
15275,"Hey, play with me#A102"
15276,Follow me!
15277,I'm on the way
15278,#A116Watch out! Monster!
15279,Where are you?
15280,"I'm here at @1! Coordinate(@2), Height@3"
15281,Quick Phrases
15282,I'm here! (Coordinate)
15283,There are no players nearby to interact
15284,"Invitation sent, please wait"
15285,The current status of you or the other party is unable to interact
15286,"The current space is too small, please go to an open area to interact"
15287,The opponent is too far away
15288,Something is blocking it
15289,The other party did not accept the invitation
15290,Interaction invitation is expired
15291,No longer receive invitations from this player within 3 hours
15292,Receive interaction invitation
15293,Invitation list
15294,Accept
15295,Reject
15296,Invite
15297,Add a friend! #A101
15298,Wait for me #A105
15299,Awesome! #A109
15300,Let's play together next time!
15301,Goodbye~#A118
15302,Dress-up
15303,Go to Select
15304,"By purchasing more custom skins, you can unlock a wider variety of dress-up skins!"
15305,My Skin
15306,"Preparing for dress-up action, %d seconds remaining."
15307,Dress-up failed due to network connection issues. Please try again.
15349,@Null@
15350,Block Library
15351,Plant
15352,Liquid
15353,Nature
15354,Decorative
15355,Functional
15356,Items
15357,Consumables
15358,Material
15359,Weapon
15360,Equipment
15361,Tool
15362,Spawn Egg
15363,Projectiles
15364,Projectiles Library
15365,Creature
15366,Creature
15367,Mob
15368,Mount
15369,Villager
15370,Vehicle
15371,General Buff Lib.
15372,Debuff
15373,Buff
15374,Neutral Buff
15375,Face Library
15376,Character Action
15377,Mob Action
15378,General Action
15379,Smoke
15380,Explosion
15381,Light Effect
15382,Particle
15383,Flame
15384,Environment
15385,Mark
15386,Special Effects Library
15387,Special effects file doesn't exist
15388,Sound effect library
15389,Footstep
15390,Behavior
15391,Attacked
15392,Standby
15393,Skill
15394,Environment
15395,Music
15396,Sound effect file doesn't exist
15397,Listen
15398,Stop
15399,Others
15400,Loop
15401,@Null@
15402,@Null@
15403,@Null@
15449,@Null@
15450,Test
15451,Operation info
15452,Variable
15453,Trigger filter
15454,Event-
15455,Condition-
15456,Action-
15457,#cef2d2dMissing parameter@1 Please fill in#n
15458,#cef2d2dCannot find@1 in event#n
15459,Execute @1 script
15460,Trigger
15461,Script
15462,Script filtering
15463,No operation information of trigger
15464,Please select the operation information of trigger
15465,No script print information
15466,Please select script print information
15467,Clear Log
15468,@Null@
15469,@Null@
15499,@Null@
15500,@Null@
15501,@Null@
15502,Follow
15503,Followed
16000,Miniature block mode
16001,Miniature combination mode
16002,Please set the starting point
16003,Batch miniaturize #c5aea0ablocks#n in area.
16004,Combine #c5aea0ablocks#n in area.
16005,Generate miniature combination
16006,Generate
16007,Save the generated miniature combination in resource center. Place it on the ground to generate.
16008,Shortcut bars are full. Miniature combination has been saved in #cfa7a0fResource center#n
16009,Reach the border
16010,Obstacle. Cannot place it
16011,No blocks in the current scope
16012,Generation failed
16013,Miniature combination
16014,Unit
16015,"Hey, this is direction reference block"
16016,Only used in creation and edit mode
16017,Miniature Block
16018,Miniature Item
16019,Miniature Creature
16020,Custom Mode
16021,Miniature Combination
16022,Timeout. Please generate again
16099,Version is too low
16100,Now
16101,Main
16102,Model
16103,Blueprint
16104,Machinery
16105,Picture
16106,Special Effect
16107,Audio
16108,Action
16109,Logic
16110,Resource
16111,More Resources
16112,Enter the name to search
16113,Please create resource in game
16114,Please select a file
16115,Move
16116,Delete
16117,Upload
16118,Cancel
16119,Download
16120,Upload to resource gallery
16121,Put goods on the shelf in resource gallery after uploading
16122,#c3d4546I agree to#n #L#cfa7a0fUpload Rules
16123,Upload failed
16124,The following creation uses others' resource. It is forbidden to upload resources of secondary creation
16125,Cancel uploading failed
16126,"The following resource exists in resource gallery. Please remove it from the shelf and delete the good, then cancel uploading"
16127,"Are you sure to cancel uploading?
 #cfa7a0f(The server will clear data after cancelling uploading and cannnot recover. Local files still exist)#n"
16128,Back
16129,The search result of #cfa7a0f@1#n
16130,"Current unit uses downloaded resources, will be saved as resource of secondary creation. Cannot be uploaded to resource center. Continue?"
16131,#c0aaa1a@1#c657476 files
16132,Please upload resource to resource center
16133,This resource is already selling in other item
16134,Resources of secondary creation cannot be put on the shelf
16135,Downloaded resources cannot be put on the shelf
16136,Please download the resource in resource center
16137,"Terms of Use for the Gallery

If you have any questions about, or if you wish to send us any notices in relation to, this Term of Use for the Gallery (hereinafter referred as “Agreement”), please contact us at miniwantech@gmail.com.

1. Acceptance of the Agreement 
Unless expressly defined otherwise this Agreement, all capitalized terms in this Agreement shall have the same meaning as defined in the Terms of Use and the Privacy Policy. 

You agree to be bound by the the Agreement, the Terms of Use, the Privacy Policy and any other agreements entered by you with Miniwan related to the software“Miniworld: Block Art” (Collectively referred as the “Terms”). Anything not agreed in this Agreement shall be executed as agreed in the Terms.

2. Intellectual Property
With the elements, tools, functions and other contents in or of our software “Miniworld: Block Art”, our Services may allow you to communicate, submit, upload or otherwise make available text, images, audio, video, competition entries or other content, which may be accessible and viewable by the public (“User modified Contents”). You may not submit or upload User modified Contents that is defamatory, harassing, threatening, bigoted, hateful, violent, vulgar, obscene, pornographic, or otherwise offensive or that harms or can reasonably be expected to harm any person or entity, whether or not such material is protected by law. 

Ownership of the Intellectual Property. The visual interfaces, graphics, design, compilation, information, data, computer code (including source code or object code), products, software, services, all other elements of the Service and the User modified Contents (-Intellectual Property- or -IP-) are protected by law. All IP contained in the Service is our property or third-party licensors’ property. Except as expressly authorized by us in these Terms, you may not make use of any IP contained in the Service. We reserve all rights to the IP not granted expressly in these Terms. 

You are solely responsible for the User modified Contents you have made and you represent and warrant that: (i)You have the necessary licenses, rights, consents, and permissions, to communicate, submit, upload or make the User modified Contents Representations; and (2) the User modified Contents, and the use of your User modified Contents, does not and will not: (i) infringe, violate, or misappropriate any third-party right, including any copyright, trademark, patent, trade secret, moral right, privacy right, right of publicity, or any other intellectual property or proprietary right; (ii) slander, defame, libel, or invade the right of privacy, publicity or other property rights of any other person; (iii) require Miniwan to obtain any further licenses from or pay royalties or compensation or other amounts or provide any attribution to any third parties; (iv) result in a breach of contract between you and a third party; or (v) cause us to violate any law or regulation. You agree to pay all monies owing to any person as a result of providing the User modified Contents. 

You agree to indemnify and hold us and our subsidiary and affiliated companies, and each of their respective employees and officers, harmless from any demands, loss, liability, claims or expenses (including attorneys' fees), made against us by any third party arising out of or in connection with our use and exploitation of the User Generated Content. You also agree not to enforce any moral rights, ancillary rights or similar rights in or to the User Generated Content against us or our licensees, distributors, agents, representatives and other authorized users, and agree to procure the same agreement not to enforce from others who may possess such rights. 

We have the right but not the obligation to monitor, screen, post, remove, modify, store and review User modified Content or communications sent through Service, at any time and for any reason, including to ensure that the User Modified Content or communication conforms to the Terms, without prior notice to you. We are not responsible for, and do not endorse or guarantee, the opinions, views, advice or recommendations posted or sent by users. 

3. MONITORING AND PROHIBITED ACTIVITIES
We have no obligation to monitor the User modified Content and we are not responsible for monitoring the Service for inappropriate or illegal Content or conduct by other players. However, we do reserve the right, in our sole discretion, to monitor and/or record your interactions with the Services and other players (including chat text and voice communications) when you are using the Services.

You agree not to engage in any of the following prohibited activities on or in relation to our services, or allow any person to use Your Account with us to do the same:
•        send any unsolicited, unauthorised spam (such as spam comments in our social media services), advertising or promotional messages, or any other commercial communications;
•        submit, upload, transmit or display, through our services, any content (whether displayed publicly or not, and whether displayed directly or indirect to any other users) which in fact or in our reasonable opinion:
o        breaches any laws or regulations (or may result in a breach of any laws or regulations when used in a manner permitted by this Terms of Use);
o        creates a risk of loss or damage to any person or property;
o        is fraudulent, false, misleading or deceptive;
o        harms or exploits any person (whether adult or minor) in any way, including via bullying, harassment or threats of violence;
o        is hateful, harassing, abusive, racially or ethnically offensive, defamatory, humiliating to other people (publicly or otherwise), threatening, profane or otherwise objectionable;
o        promotes or encourages self-harming;
o        infringes our rights or any third party’s rights, including any intellectual property rights, contractual rights, confidentiality rights or privacy rights;
o        is pornographic, sexually explicit, violent or otherwise of an indecent or offensive nature; or
o        encourages or is likely to encourage any of the above;
•        violate any applicable laws or regulations, including credit card fraud or bank account fraud;
•        engage in any illegal or potentially illegal (as determined by us) activities or transactions, including sale of any illicit drugs or money laundering;
•        gamble, provide gambling information or entice others to engage in gambling through any method;
•        use or exploit any of our intellectual property rights (including our trademarks, brand name, logo, any other of our proprietary information or the layout or design of any page), or otherwise infringe on any of our intellectual property rights (including attempting to reverse engineer any applications or software used to access our services);
•        access any of our services, collect or process any content made available through our services, send or redirect any communications through our services, in each case, through the use any automated bots, software, engines, crawlers, scrapers, data mining tools or the like, or attempt to do any of the foregoing, including using any automated means to artificially promote any content;
•        engage in any “framing”, “mirroring,” or other techniques directed at simulating the appearance or function of our services;
•        interfere with, or attempt to interfere with, any user’s or any other party’s access to our services;
•        intentionally distribute viruses, worms, Trojan horses, corrupted files or other malicious code or items;
•        share or publish any other person’s personally identifiable information using our services without their express consent;
•        probe or test the vulnerability of, or otherwise circumvent (or attempt to circumvent) any security features on, our services, our systems or the systems of other users;
•        create multiple accounts for disruptive or abusive purposes; or
•        engage in any other activity that encourages any person or entity to breach this Terms of Use.

4. Indemnity
You agree that you will be responsible for your use of the Service, and you agree to defend and indemnify us and our officers, directors, employees, consultants, affiliates, investors, business partners, subsidiaries and agents (together, the -Affiliated Parties-) from and against every claim, liability, damage, loss, and expense, including reasonable attorneys’ fees and costs, arising out of or in any way connected with: (a) your access to, use of, or alleged use of the Service; (b) your violation of any portion of these Terms, any representation, warranty, or agreement referenced in these Terms, or any applicable law or regulation; (c) your violation of any third-party right, including any intellectual property or proprietary right, publicity or privacy right, property right, or confidentiality obligation; or (d) any dispute or issue between you and any third party. We reserve the right, at our own expense, to assume the exclusive defense and control of any matter otherwise subject to indemnification by you (without limiting your indemnification obligations with respect to that matter), and in that case, you agree to cooperate with our defense of that claim.

YOU AGREE TO INDEMNIFY US, OUR PARTNERS AND OUR AFFILIATE COMPANIES FROM AND AGAINST ANY CLAIM, SUIT, ACTION, DEMAND, DAMAGE, DEBT, LOSS, COST, EXPENSE (INCLUDING LITIGATION COSTS AND ATTORNEYS’ FEES) AND LIABILITY ARISING FROM: (I) YOUR USE OF OUR SERVICES OR SOFTWARE; OR (II) YOUR BREACH OF THIS TERMS OF USE."
16138,Notice
16139,Cancel the uploading. Local files will not be affected if files on server are deleted
16140,Following resources are in goods of resource gallery. Please remove and delete it then cancel uploading
16141,Delete the resource
16142,The following resource will be deleted and cannot be recovered
16143,The following resource are uploaded and cannot be deleted. Please cancel uploading first
16144,Upload resource
16145,Please move or download resources here
16146,"Upload size @1/@3, upload number @2/@4"
16147,Help
16148,"#cfa7a0fWhat is Resource Center?#n
Resource Center is where players manage their resources(such as miniature models).
 
 #cfa7a0fResource Center-What is current map used for?#n
 1.The resources that players create in map will be saved in Resource Center-Current map. You can only use these resources in this map.
 2.You can sort, move, delete these resources in Resource Center-Current map.
 3. You can copy the resources to Main Library by moving the resources in current map. You can visit the main library in other maps.
 
 #cfa7a0fWhat is Resource Center-Main Library used for?#n
 1. You can only visit resources of current map in this map. But you can visit resources of Main Library in all maps. The Main Library is like the transfer station of all maps.
 2. You can move/copy the resources of current map to the Main Library. Also save the resources in Main Library which are downloaded in Resource Gallery. 
 3. You can sort, move, upload, cancel uploading, download, delete resources in Resource Center-Main Library.
 
 #cfa7a0fHow to use the resources?#n
 1. Click resource to use it in shortcut bar.
 2. Click resources in Main Library, then the resources will be copied in current map automatically.
 3. Select a folder and manage it in corresponding resources list. Batch select resources and move it to current map.
 4. Rresources in Resource Center can be used to make plugin's appearance.
 5. Creature model block, custom model eidtor can use the resources in Resource Center.
 
 #cfa7a0fHow to upload resources?#n
 1. Click manage to select resources which are not uploaded. Click upload. Successfully uploaded resources will have a cloud icon on the top left corner.
 2. Notice: The number of uploaded resources and size will be limited.
 
 #cfa7a0fWhat is uploaded resource used for?#n
 1. If you change devices, you can still download resources which are uploaded before.
 2. Already uploaded resources can be shared. Others can download and use.

 #cfa7a0fHow to cancel uploading?#n
 1. Click manage to select uploaded resources and cancel uploading.
 2. Notice: You can't cancel uploading if resources are already on the shelf(Already used in items. You need to remove it from the shelf to cancel uploading.
 
 #cfa7a0f What is resource of secondary creation?#n
 1. If you use resources downloaded in Resource Gallery in creature model blocks or custom model editor, the generated resources will be resources of secondary resources.
 2. You cannot upload resources of secondary creation. Can only use it locally."
16149,Cannnot copy resources in multiplayer
16150,Cannot upload old resources. Please generate again
16151,It's downloaded resource. Model made with this resource will be saved as secondary creation. Cannot upload to resource center. Are you sure to continue?
16152,"Number of files in main library @1/@2,"
16153,Insufficient space in main library. Please delete some files and try again
16154,Select@1 (@2/@3)
16155,Mini creation board synchronization
16156,"The mini creation board has been published to the mini world file, click to download it to #cfa7a0f default folder#n"
16157,Download all
16158,"This map is suspected of rule violation, unable to open resource center"
16159,Audio library
16160,Enter Audio Title.
16161,Please select audio
16162,Please upload audio on the computer
16163,"Network connection failed, please try again"
16164,Unable to upload. Audio file must not exceed @1 Mb
16165,"Server connection failed, please try again later"
16166,Audio upload successfully
16167,"Resource uploading, please wait"
16168,Are you sure you want to delete this audio?
16169,Please enter the image name
16170,Tap to upload image
16171,Please upload an image first
16172,Image added!
16173,Upload limit reached
16174,This model is already in use. Deleting it will cause the referenced model to be lost. Are you sure to delete it?
16175,New Folder
16176,Entity
16177,Base
16178,New Create
16179,Import from other maps
16180,Import external resources
16181,Import resources
16182,"Import temporarily only supports external models imported after revision, entity prefabrication"
16183,The new resource format cannot be moved to Mine
16184,The use of the new image resource format is temporarily not supported.
16185,How to play
16186,Decoration
16199,Version is too low
16200,Resource Gallery
16201,Home
16202,Category
16203,Model
16204,Search
16205,Topic
16206,Mine
16207,Product
16208,Purchased
16209,Favorite
16210,Lastest Feature
16211,More
16212,Enter search content
16213,Most Recent
16214,Popularity
16215,Filter
16216,Tag
16217,Selection
16218,Currency
16219,Reset
16220,Contain resource(#cfa7a0f@1#n)
16221,Description
16222,Please unlock the item first
16223,Download
16224,Downloading
16225,Downloaded
16226,"Resource has been downloaded, please check in Resource Center - Main Library"
16227,Downloading: #cfa7a0f@1#n
16228,The times of free downloads today: @1
16229,Add to Favorite
16230,Copy item ID
16231,Steal others' resources
16232,Top Searches
16233,Item Name
16234,User Name
16235,Item
16236,All Resources
16237,Search by  item name #cfa7a0f@1#n: #cfa7a0f@2#n results
16238,Search by author #cfa7a0f@1#n: #cfa7a0f@2#n results
16239,#cfa7a0f@2#n results returned from searching #cfa7a0f@1#n item
16240,All Topics
16241,Model
16242,Add an Item
16243,Create a Item
16244,Select the item type you want to create
16245,Please add resources first
16246,Enter the title
16247,Add Resources
16248,Currency Type
16249,Please add resource
16250,This resource is already selling in other item
16251,Resources of secondary creation cannot be uploaded
16252,Selected(@1/10)
16253,The number reaches upper limit
16254,Enter the description(240 characters)
16255,Select a tag
16256,Select a proper tag for other players to find your item easily
16257,"The item are about to be put on the shelf. The item information cannot be modified once it's on the shelf. After being removed from the shelf, only the name description can be modified.
The production and sharing of pornographic, political, violent and other illegal content is strictly prohibited"
16258,Put on Shelf
16259,Please finish the description before put it on the sell
16260,Uploading
16261,Upload failed
16262,Uploaded successfully
16263,"Are you sure to delete this item
 #cef2d2d(All selling data will be deleted, including download numbers)#n"
16264,Reviewing
16265,Check
16266,Violation
16267,To be on shelf
16268,Off shelf
16269,On shelf
16270,Back on shelf
16271,"Are you sure to remove this item from the shelf? #cef2d2d(Only visible to you. All data reserved, such as downloads. You can put it back on shelf again)#n"
16272,"Are you sure to delete this item? #cef2d2d(All data, including downloads will be deleted. If it is free, it cannot be downloaded again after deleting)#n"
16273,Unlock Item Slots
16274,Remove
16275,Deleted
16276,This item has been deleted. Please remove
16277,"Notice: Free items will be saved to your local device, instead of server"
16278,Please unlock the items first
16279,Items
16280,Image
16281,Scene
16282,Weapon
16283,Firearms
16284,Tool
16285,Equipment
16286,Toy
16287,Food
16288,Sundry
16289,Figure
16290,Animal
16291,Monster
16292,Robot
16293,Building
16294,Block
16295,Plant
16296,Decoration
16297,Furniture
16298,Vehicle
16299,Machinery
16300,General
16301,All Items
16302,The number of items
16303,Please comment after downloading
16304,You can not comment yourself
16305,You've already commented
16306,Nothing. Please change the filter
16307,Nothing here. Please download an item first.
16308,Nothing here. Please favorite an item first.
16309,Remove from the shelf
16310,"#cfa7a0fWhat is Resource Gallery?#n
 Resource Gallery is where players share and download resources(such as miniature models).
 
 #cfa7a0fHow to upload resources?#n
 1.Click Mine - Product to add items.
 2. Add uploaded resources in Resource Center-Main library. Fill in the information and select the tag.
 3. Click Put on Shelf, item will enter review mode. When it gets passed, it will be displayed in Resource Gallery.
 4. Excellent resources may be featured. 
 
 #cfa7a0fHow to download resources?#n
 1. You can check item details in Resource Gallery. Click to download. Notice: The number of free items downloading is limited.
 2. Downloaded resources will be saved in Resource Center-Main Library. 
 3. Downloaded items can be found in Resource Gallery-Purchased. Notice: Free items will not be saved in server. If you change the devices, the list of downloaded items will be lost. Already downloaded resources will not be affected.
 
 #cfa7a0fWhat can downloaded resources used for?#n
 1. Downloaded resources can be used in maps and create objects, such as blocks, items and creatures.
 2. Can use the appearance of plugins.
 3. Used in creature models, custom model editors. Notice: If you use downloaded resources to create, the finished resources will be secondary creation and cannot be uploaded to Main Library.
 
 #cfa7a0fHow to delete the items already on the shelf?#n
 1. Click items on the shelf in Mine-Product, remove it from shelf in item detail page. Notice: The items which are removed from the shelf is only visible to you. All the datas are saved. Can be put on shelf again.
 2. Click the items which is already removed from shelf. Delete it in item detail page. Notice: The data will also be deleted and other players cannot download.
 
 #cfa7a0fWhat is item ID?#n
 1. Click More in bottom right corner in detail page. Click copy item ID. This is the only ID of item.
 2. Search item ID to find the corresponding items and you can share it to others.

#cfa7a0fOfficial guidelines of featured resources#n
1. Fineness: It is exquisitely made and can show the people, animals or items expressed reasonably and delicately, or it has a unique artistic style.The final work has a relatively excellent in-game performance.
2. Originality: It is an original work.
3. Simulation: If the model refers to real life items or other prototypical items.
4. Complete information: When uploading, please fill in the detailed and true title of the model items, not less than 16 letters of description, and choose 1-3 appropriate labels.

#cfa7a0fCriteria for Featured Resources#n
1) High quality production. The resource shall be exquisite and with particular art style. The design and production of the characters, animals or tools shall be able to show the idea of the creator. And the resource shall be able to perform smoothly in the game.
2) Must be Original Works. The resource must be original by the creator, which means they cannot be duplicated from other creators' resources.
3) Replica of realistic objects. If the resources in the item refer to objects from reality or other art works, they shall be highly similar to the original objects.
4) Integrity of information. The item must be uploaded with information including: ① a title which is true, detailed and can precisely describe the item; ② a description with more than 8 words for the item; ③ 1-3 suitable tags. An item with more than three tags will be selected preferentially."
16311,Help
16312,You can't follow yourself
16313,Failed to pack the resource
16314,Parameter error
16315,Download 10 items at most at the same time
16316,Item Downloading
16317,Timeout
16318,Try Again
16319,The item has reached an upper limit
16320,Please agree to the Terms of Service first
16321,The UID hasn't been created for 7 days. Cannot create item
16322,"After real-name authentication, products can be created, and the products can be put on the shelves of the uploaded resources in the total library of the resource center"
16323,Not logged in
16324,Resource too small
16325,Resource too large
16326,The number of resources reaches an upper limit
16327,The resource slots reaches an upper limit
16328,Resource ID error
16329,Resource uploading. Cannot cancel
16330,This resource doesn't exist
16331,Item type error
16332,The name can't be empty
16333,The number of items has reached an upper limit
16334,The resource parameter error
16335,This resource is already selling in other item
16336,The details information is empty
16337,Item ID error
16338,Item don't exist. Cannot submit
16339,The review hasn't finished. Cannot submit
16340,This item does not belong to you. Cannot operate
16341,UID is wrong
16342,Report parameter error
16343,You can't rate your own items
16344,You've already rated the items
16345,No item name. Cannot rate.
16346,No item information. Cannot rate.
16347,System busy. Cannot display rate
16348,System busy. Cannot add to favorite
16349,You can upload items after finishing real-name authentication
16350,You are operating too fast. Please slow down(@1s)
16351,"Filter result: #cfa7a0f@1#n Tag, #cfa7a0f@2#n Mark,#cfa7a0f@3#n Currency"
16352,Name is too long
16353,Description is too long
16354,Does not meet the shelf conditions
16355,Item name check timeout
16356,Illegal item name
16357,Item description check timeout
16358,Illegal item description
16359,Illegal resources. Cannot choose
16360,Please add tag
16361,Download Confirm
16362,Parts of resources download failed. Please check the downloaded resources in Resource Center-Main Library
16363,Resources can't be found
16364,Plagiarize other's work
16365,You can't favorite your own item
16366,Insufficient downloading times
16367,The item has been removed from shelf. Cannot download
16368,Illegal item. Cannot download
16369,Cannot download
16370,Item review failed
16371,Your permission for Resource Gallery has been cancelled
16372,No Permission
16373,"It will cost #c01aa10@1×@2#n to get #cf7770f@3#n, please confirm"
16374,Ads
16375,Please enter the price
16376,#cf4b225Attention: Your item has unlocked resources of other items. Continue?#n
16377,Recommended
16378,Name
16379,Function
16380,Pixel
16381,Male
16382,Female
16383,Partner
16384,Fighter
16385,Mage
16386,Priest
16387,Marksman
16388,Anime
16389,Environment
16390,Automation
16391,Life
16392,Entertainment
16393,Portable
16394,Animation
16395,Literature
16396,Sound
16397,Learning
16398,Collection
16399,Fight
16400,Production
16401,Magic
16402,Trap
16403,Texture
16404,Item
16405,UID
16406,Keywords
16407,Unable to upload. Audio file must not exceed @1s
16500,Version is too old
16501,@Null@
16502,@Null@
16503,@Null@
16504,@Null@
16505,@Null@
16506,Blueprint
16550,@Null@
16551,@Null@
16552,@Null@
16553,@Null@
16554,@Null@
16555,@Null@
16556,@Null@
16600,@Null@
16601,Partial Trigger
16602,Partial Script
16603,"If this variable is binded to the plugin, then this variable will be selected automatically when the current plugin is packed into the plugin pack"
16604,No more tips
16605,Link
16606,Unlink
16607,#cF62D2DAttention: Current variable is referred by a parameter of partial trigger. Can't unbind!#n
16608,New version
16609,Old version
16610,Edit the old version
16611,It is detected that this plugin used trigger of the old version. Do you want to switch to old version to edit?
16612,(#cF62D2DAttention: Old trigger can't be added and packed into the plugin pack#n)
16613,It is detected that this plugin used trigger of the old version. Do you want to switch to old version to edit?
16614,(#RAttention: Old script can't be added and packed into the plugin pack#n)
16615,Cancel
16616,Partial Variable
17000,@Null@
19990,Block Plugin Edit
19991,"Block Plugin:
 #cfa7a0fAppearance:#nThe name, description and model of blocks can be changed. Model can be changed into some other block appearance or using miniature model in resource center.
 #cfa7a0fAttributes:#nBasic attribute, drops and collision type can be adjusted."
19992,Creature Plugin Edit
19993,"Creature Plugin:
 #cfa7a0fAppearance:#nThe name, description, model and the size of creature can be adjust. Model can be changed into some other creature appearance, using miniature model in resource center, or purchased skins and avatars.
 #cfa7a0fAttributes and battle#nThe type, attributes and fighting capability can be set.
 #cfa7a0fAdvanced#nBehavior of creature can be created and edited.
 #cfa7a0fInteraction#nShop can be created and edited and attatch on creatures. Storyline can be edited but not newly created.
Note: Storyline can only be created through storyline plugin. Then set the target creature as the trigger target so the story will be displayed during the interaction.

#cfa7a0fPartial trigger:#n Different from the developer tool, partial trigger is only for the event which is triggered by this plugin event and provides more possibilitie
#cfa7a0fPartial script: #nDifferent from the developer tool, partial trigger is only for the event which is triggered by this plugin event
 P.S.:If this plugin has used the built-in triggers or scripts, you can click the new version switch in the upper right corner of the partial trigger or partial script option bar to switch back to the old built-in triggers and scripts for editing, but the old version doesn't support the new content, please understand."
19994,Props Plugin Edit
19995,"Props Plugin:
 #cfa7a0fAppearance:#nThe name, description and model of props can be changed. Model can be changed into other some item appearance or using miniature model in resource center.
 #cfa7a0fAttribute:#nAccording to different items types, attributes can be adjusted.
 #cfa7a0fSkill:#nSkills and effects of items can be created and edited.
 #cfa7a0fItems#nCreate new or edit the items, the number of items and probability of items in Lucky Bag.
Note: The type of item can not be modified. Type can only be set up when creating new or editing the original items(Item Type: Sundries, tools, bow, ammo/Projectile, firearm, food and package).

#cfa7a0fPartial trigger:#n Different from the developer tool, partial trigger is only for the event which is triggered by this plugin event and provides more possibilitie
#cfa7a0fPartial script: #nDifferent from the developer tool, partial trigger is only for the event which is triggered by this plugin event
 P.S.:If this plugin has used the built-in triggers or scripts, you can click the new version switch in the upper right corner of the partial trigger or partial script option bar to switch back to the old built-in triggers and scripts for editing, but the old version doesn't support the new content, please understand."
19996,Recipes Plugin Edit
19997,"Recipe Plugin: 
1. Recipe Plugin is available to some items, blocks and item plugins. 
2. Click No Crafting Table needed, then the recipe can be crafted in the interface of backpack. 
3. Recipe type consistent with the item crafted in Crafting Table. 
4. Production quantity is the number of items crafted.
5. Materials required for up to 6 items.

#cfa7a0fPartial trigger:#n Different from the developer tool, partial trigger is only for the event which is triggered by this plugin event and provides more possibilitie
#cfa7a0fPartial script: #nDifferent from the developer tool, partial trigger is only for the event which is triggered by this plugin event
 P.S.: If this plugin has used the built-in triggers or scripts, you can click the new version switch in the upper right corner of the partial trigger or partial script option bar to switch back to the old built-in triggers and scripts for editing, but the old version doesn't support the new content, please understand."
19998,Smelting Plugin Edit
19999,"Smelting Plugin:
1.Smelting materials and produced items support some items, blocks and item plugins. 
2. Switch on [Burnable] to set up smelting materials as smelting fuel.  Smelting time is duration required to smelt down item. 
Note: If [Burnable] is switched on and not set up produced items, the smelting material is only used as fuel. 
It takes a fixed time 10s to smelt down the items.

#cfa7a0fPartial trigger:#n Different from the developer tool, partial trigger is only for the event which is triggered by this plugin event and provides more possibilitie
#cfa7a0fPartial script: #nDifferent from the developer tool, partial trigger is only for the event which is triggered by this plugin event
 P.S.:If this plugin has used the built-in triggers or scripts, you can click the new version switch in the upper right corner of the partial trigger or partial script option bar to switch back to the old built-in triggers and scripts for editing, but the old version doesn't support the new content, please understand."
20101,Dev Tips
20102,"Your Dev Credit Points has reached @1, you became Lv @2 Dev. Congratulations!"
20103,"Due to violations of regulation,your Dev credit points has decreased to @1,you have been demoted to Lv @2 dev. Please note."
20104,Junior
20105,LV1. Mini Stardust
20106,LV2. Mini Nebula
20107,LV3. Jumbo Stellar
20108,LV4. Red Giant
20109,LV5. Supergiant
20110,LV6. Hyper Neutron
20111,LV7. Black Hole
20112,Developer
20113,Creation Settings
20114,Become a Developer
20115,Object Library
20116,Plugin Library
20117,Resource Centre
20118,Trigger
20119,Script
20120,Shop Settings
20121,Quick Access Toolbar
20122,(Click to switch all tools in the Quick Access Toolbar)
20123,Model Creation
20124,Instant Build
20125,Circuit Design
20126,Gameplay Design
20127,Developer Handbook
20128,Quick Access Toolbar is switched to Common Model Making Tools
20129,Quick Access Toolbar is switched to Instant Build Tools
20130,Quick Access Toolbar is switched to Common Gameplay Design Tools
20131,Quick Access Toolbar is switched to Common Circuit Design Tools
20132,"Detected Informational tools (Blueprint, Leather Scroll etc) in your shortcut bar. Continuing will replace all items in the shortcut bar."
20133,Certified Developer
20134,Cancel
20135,Developer
20136,Model Resource
20137,Trigger Resource
20138,X number of triggers has not been activated
20139,Restart map
20140,"Publishing resource requires it to be uploaded to the server. Detected that resource has not been uploaded, we will proceed to upload resource to the server."
20141,Publishing resource requires it to be moved into the Main Library and uploaded to the server. We will proceed to move resource to Main Library and upload to the server.
20142,#c0aaa1a@1#c657476 documents (including downloads)
20143,Developer Tool Window
20200,Exploring for
20201,Sleeping bags cannot be placed on Horas
20202,Oxygen pump
20203,Put fuel and materials to generate Oxygen
20204,Pump Oxygen when the Oxygen bar is full
20205,Energy critical
20206,Welcome to Horas!
20207,"Horas is dangerous. How to survive in a planet lacking Oxygen?#rCollect Oxy, create Oxygen Zone, find more blueprints, craft Oxygen Backpack...#r#rBe cautious! You will respawn to the surface!#r#r#cfa7a0fGo take your adventure!#n"
20208,@self please pay attention to the oxygen comsuption
20209,Peach wood totem cannot stand up on Horas!
20210,Tips:Please take care of your private infomation
20211,This is not avaliable for you according to your age.
20212,Please type in at least 6 characters.
20213,Mini Star Runway
20214,Animation
20215,Style
20216,Vintage
20217,Energetic
20218,Entry Pose
20219,Walk
20220,Sit
20221,Play Cool
20222,Dance
20223,Save
20224,Save in Skin-Owned
20225,"Skin not saved yet, are you sure to exit?"
20226,Exit current saves to enter Mini Star Runway
20227,Control#cfa7a0fcharacter rotate and zoom#n，click character to interact
20228,"Click to open the Skin Shop, use accessories in the DIY Gallery#cfa7a0fto dress up#n！"
20229,Click and switch to animation list，make your character#cfa7a0fmove#n！
20230,"Click and switch to style list, you can pick your favourite#cfa7a0f skin style#n！"
20231,Finally#cfa7a0fremember to save#n！You can share it to friends！
20232,Mini Star Skin
20233,(Please upload manually. It can be used after passing the review)
20234,Mini Star Runway
20235,"Custom AR Avatar is full, please delete some then enter Mini Star Runway"
20236,Please include black border of drawing in camera frame
20237,Authorization of camera access is needed for Mini World:Block Art to enable Mini Star Runway
20238,Enter
20239,Empty Slot ×@1
20240,Gratitude
20241,Wave
20242,Mini Star Runway Creation Steps
20243,Go and download #L#cffda0a official drawing card #n check tutorial
20244,Print drawing card in A4 size paper#L#cffda0aclick to save drawing card to album#n
20245,Use your tool and draw a skin
20246,Include the black border of drawing card in camera frame
20247,Do not remind again
20248,Open camera
20249,Retake photo
20250,Thinking
20251,Crying
20252,Angry
20253,Happy
20254,Fell Down
20255,Pose
20256,Are you sure to go back to Camera?
20257,Sharpen
20258,3D
20259,@Null@
20260,@Null@
20261,@Null@
20262,@Null@
20263,@Null@
20264,@Null@
20265,@Null@
20266,@Null@
20267,@Null@
20268,@Null@
20269,@Null@
20270,@Null@
20271,@Null@
20272,@Null@
20273,@Null@
20274,@Null@
20275,@Null@
20276,@Null@
20277,@Null@
20278,@Null@
20279,@Null@
20280,@Null@
20281,@Null@
20282,@Null@
20283,@Null@
20284,@Null@
20285,Bearly
20286,@Null@
20287,@Null@
20288,@Null@
20289,@Null@
20290,@Null@
20291,Score
20292,outstrip over @1% of the players
20293,Coloring
20294,"All AR content is free and original creation of players, have no relations to game developer."
20295,Image saving
20296,Saved
20297,"Photo does not meet the requitements, retake"
20298,Detail
20299,Collection
20300,Save drawing card to album
20301,Invalid redeem code
20302,Redeem code used!
20303,Redeem code expired
20304,"You have this skin, do not claim repeatedly"
20305,Congratulations on unlocking Ruby and Azure Chameleonie. Mini Captain will send you Chameleonie as a gift!
20306,Download Failed
20307,Download success and saved to album
20308,Redeem Skin
20309,Reviewing
20310,Violated
20311,This skin violated regulations.Would you like to delete?
20312,"In current version,function only available for mobile devices"
20313,Cannot share DIY skin before passing review
20314,Mini Star Runway(Take Photos of Drawing Card)
20315,Mini Star Runway(Shoot in Steps and Parts)
20316,No card?
20317,Unit:cm
20318,"According to the size tips, draw the DIY skin on any blank paper, and colour it with pencils, #L#cfa7a0fView the tutorial in Steps#n"
20319,Draw #cffda0aHead#n
20320,Draw Body #cffda0aFront#n
20321,Draw Body #cffda0aBack#n
20322,Shoot in Steps:Include the drawing area within camera frame. Shoot in 3 steps to generate the DIY skin.
20323,Take Photo of Drawing Card
20324,Shoot in Steps
20325,Include the black border of drawing area within camera
20326,Scan QR Code
20327,Back
20328,No Preview
20329,Head Preview
20330,Front Body Preview
20331,Head
20332,Front Body
20333,Back Body
20334,Finish Preview
20335,DIY skin will be review now(can be seen in multiplayer when pass review)
20336,Please include QR code in camera frame
20337,Upload
20338,Upload instruction
20339,"#cfa7a0fPreparation before uploading#n
Download official drawing card, and finish you work in drawing area.
  
  #cfa7a0fHow to upload?#n
  Click Upload. Find the drawing card and click.
  #cef2d2dNotice: The size of uploaded drawing card must be the same as the official version(Standard A4). #n
  
  #cfa7a0fPreview and Save#n
  After uploading, you work will be displayed in editing interface of Mini Star Skin.
  Upload it after saving. When it gets approved, it can be seen in multiplayer room."
20340,Reupload
20341,"Notice: If the generated model is wrong, please make sure that the size and direction are right. Check #L#cfa7a0fUpload instruction#n）"
20342,The content hasn't been reviewed and cannot be used. Please upload to review
20343,The content is being reviewed and cannot be used
20344,Illegal content. Can't use and edit
20345,Star Emote
20346,Star Emote
20347,Star Skin
20348,Star Skin
20349,My Workshop
20350,Stay tuned
20351,Setting
20352,Dynamic Effect
20353,Estar Emote Display
20354,Choose a skin
20355,Choose an action
20356,#cffffffPlease show your action in front of the rear camera#n
20357,#cffffffPlease record #cfa7a0f@1#nan action#n
20358,#cffffffSwitch to action @1#n
20359,#cffffffStart recording#n
20360,Time-lapse recording(5s)
20361,Model management(@1/3
20362,Star Emote Introduction
20363,"Star Emote matches the human action to the model by bone recognition. The player only needs to show the human body in front of the camera, and the dressed role in the picture can match the player's action in real time.
The player can also record the action and save it."
20364,Welcome to Mini Star Runway! You can try different kinds of high tech here to connect the Mini World with the real world! Use your imagination and ideas to make it come true!
20365,[Star Emote]
20366,Single shot
20367,Double Shot
20368,Let the model swing with you and record your own actions!
20369,Detailed tutorial
20370,#LCan't play?#n
20371,#cef2d2dAttention: Please pay attention to the people or things around you during the use of the function. Be careful!
20372,The phone is perpendicular to the ground
20373,Distance 1-2 meters
20374,Action application
20375,Help of action application
20376,"#cfa7a0fWhat is action application?#n
Use the action application to change the model's action.
Players use it and enter the game. The actions (including: stand, run, lie down, attack, defeated, attacked,)  will be replaced.

#cfa7a0fWhich skins support the action application?#n
Avatars @1(More skins will be available for later version)"
20377,Action combination (Action application)
20378,Action Name
20379,#cffffff@1@2#nSet as #cfa7a0f@3#n action
20380,Saved successfully
20381,Saved successfully. Check in the resource gallery
20382,Basic action
20383,Emoticon
20384,Save as
20385,#L#cffffffResource
20386,Configure at least one action to save
20387,Name the resource(action combination)
20388,Standard Figure
20389,General Figure
20390,The action made by this bone can be used on star emote
20391,Action combination will be saved in resource center. Default action won't be saved in action combination
20392,You can save the action combination in resource center
20393,#L#cfa7a0fSave action combination
20394,Generate standard figure
20395,Load the action
20396,Save the action
20397,#cfa7a0f@1#n Action will be saved in resource center
20398,Model Center
20399,Action Center
20400,Map Action
20401,Action resource: File @1/@2
20402,Model resource: File @1/@2
20403,Resource details
20404,Name
20405,Resource type
20406,Action tag
20407,UID
20408,File size
20409,Model type
20410,General Figure
20411,Combination
20412,Single
20413,Miniature Block
20414,Miniature Combination
20415,Miniature item
20416,Miniature creature
20417,Custom model
20418,It will cost #c0aaa1a@1×@2#n to open #cfa7a0f@3#n slot. Please confirm#r
20419,Head
20420,Neck
20421,Upper body
20422,Belly
20423,Pelvis
20424,Root bone
20425,Shoulder
20426,Right shoulder
20427,Right big arm
20428,Right forearm arm
20429,Right palm
20430,Left shoulder
20431,Left big arm
20432,Left forearm arm
20433,Left palm
20434,Right thigh
20435,Right shank
20436,Right feet
20437,Left thigh
20438,Left shank
20439,Left feet
20440,Can't check#rResource is not downloaded
20441,No modification supported
20442,Turn the head
20443,Whirl
20444,Akimbo
20445,Lift up the leg
20446,Opening animation
20447,Name the action
20448,Max 100 frames. 0.1 frame/s
20449,Standard human shape figure
20450,Standard human shape model editing. Can't change the bone parameter
20451,No modificatio. Save failed
20452,Load success
20453,Load failed
20454,Your skin doesn't support action application
20455,General
20456,Official action
20457,Custom action
20458,Star emote action
20459,No action data. Can't be saved as action combination
20460,Only default action.Can't be saved as action combination
20461,The number of action files has reached the upper limit
20462,Are you sure to clear the action application plan?
20463,You can't edit official action
20464,Displacement Control
20465,Can only adjust displacement
20466,This bone doesn't support model editing
20467,Your phone doesn't support this function
20468,Attention: You can upload at most 5 times daily
20469,You've uploaded more than 5 times. Please try again tomorrow
20470,Make a pose and I will follow you
20471,"Click the record button. Countdown 3,2,1 GO!"
20472,Your following poses will all be recorded!
20473,Recording done! Let's have a look!
20474,"After saving, you can use the skin on character and edit!"
20475,@Null@
20476,The action is going to be reviewed(It will be displayed after reviewing)
20477,Star emote | What's it?
20478,Star emote | How to use?
20479,Star emote | What can it do?
20480,Turn
20481,Like
20482,Shy
20483,Awkward
20484,Daze
20485,"Welcome to the Star Dance (Motion Capture) feature introduction, we will begin with the tutorial on this feature."
20486,End of Tutorial
20487,"Upload fail, missing local file (Please select another action)"
20488,(It can only be seen online after the review is completed)
20489,@Null@
20500,Failed to take pictures
20501,@Null@
20502,@Null@
20503,@Null@
20508,@Null@
20509,Please wait
20510,Post
20511,Insert image
20512,Posts Management
20513,Submit
20514,Friend's Feeds
20515,My Status
20516,Latest Reply
20517,Edit
20518,Post feelings
20519,"Click to input content, 15 words limit"
20520,My Space
20521,Priority Displayed Channels
20522,Allow others to comment
20523,My feelings
20524,Maps
20525,Status
20526,Album
20527,Settings Saved
20528,Hide
20529,Cancel hide
20530,Pinned
20531,Recommendations
20532,"Recommendations not set,please edit in map channel"
20533,Recommendations not set
20534,Map Channel
20535,Popularity
20536,Display Center
20537,"- Personal Profile function is updated! #r #r 1. Add a display center, you can recommend your favorite game content in your own space. #r #r 2. Add a personal mood to update your mood text at any time. #r #r 3. Add popularity system, people value = friends * 10 + fans + map download quantity + status engagement points. #r #r 4. Add a image lock that you can lock the image of your personal profile and do not change according to the skin you use. #r #r 5. Add a status update system that you can publish real-time status to friends and fans to share interesting stories in the game. #r #r 6. New medal system, you can complete the achievements of the game to get the cool medal."
20538,Figure Lock Function Off
20539,"The map display is empty, go to share"
20540,No displayed map
20541,"Click to input content, 100 words limit"
20542,Non-permanent avatar cannot be locked
20543,"This player's account is banned, check unavailable"
20544,Figure Lock Function On(Locked)
20545,"You clicked like for this image today, please come back tomorrow."
20546,Number of Likes
20547,More
20548,#b#cffda0aOriginal
20549,From My Status
20550,From Friends' Status
20551,My Follow's Status
20552,Reviewing
20553,Review Passed
20554,Review Failed
20555,Private
20556,Deleted
20557,Pinned
20558,Close Comment
20559,Hide
20560,Delete
20561,Post Failed
20562,Input Content
20563,Comment Failed
20564,Failed to Receive Status
20565,Failed to Delete Status
20566,Replyed
20567,Cancel Pinned
20568,Open Comments
20569,Cancel Hide
20570,All
20571,Friends
20572,Followers&Friends
20573,Reply Unable
20574,Private
20575,Status Reply
20576,Custom Skin Permission
20577,Pinned
20578,Cancel Pinned
20579,Comments Locked
20580,Comments Unlocked
20581,Hide
20582,Cancel Hide
20583,Deleted
20584,Please do not pin the hidden Status
20585,The player has closed the comment
20586,The player set comment permission
20587,minutes ago
20588,hour(s) ago
20589,No status
20590,No comments
20591,Post success! It's visible after passing the review
20592,No pop-up invitations within 5 minutes
20593,Badges
20594,Score
20595,Wear
20596,The player has not received the badge yet!
20597,Congratulations on unlocking the new badge!
20598,Badge Score
20599,@1 Badge Scores
20600,@1
20601,Badge @1 successfully set! Check it out now!
20602,Cancel badge @1 wearing
20603,Complete badge tasks and get rewards!
20604,Rewards
20605,Incomplete
20606,Check it out! I unlocked a new @1 badge
20607,Unlock Conditions
20608,Share Badge
20609,Reply
20610,Group
20611,@1's Group
20612,Direct to
20613,Block Messages
20614,Ban Chat
20615,Kick Out Group
20616,Transfer Group
20617,Allow Invite
20618,Invite friends to group
20619,"No members in group, invite your friend in now!"
20620,Group Info
20621,Friend Chat
20622,"You are banned from chat, cannot send messages"
20623,Cancel ban
20624,No friends to invite
20625,Transfer successed
20626,Wear badge fail
20627,Only host have this permit
20628,"Group chat will be dismissed if host leave, transfer host role can keep this chat. Are you sure to dismiss this chat?"
20629,@1 is banned to join this chat
20630,Invite Fail
20631,Allow group chat invite
20632,"Group member max, cannot invite more"
20633,"Group chat reach upper limit, cannot create new group chat"
20634,Group chat created! Current member: @1
20635,"Welcome player @1, invited by @2"
20636,Invite successful
20637,Leave
20638,Dismiss
20639,You do not have any group chat history. Create group chat with your friends now!
20640,Create Group
20641,"Many players has reported your inappropriate comments, you are banned from group chat function. Please contact group host to cancel ban."
20642,"Many players has reported your inappropriate comments, you are banned from group chat function.Please wait till @1 and try again."
20643,The group number of this player has reached the upper limit.
20644,"Badge load timeout,please try later"
20645,Player @1 is the host now
20646,"Exist group member, please do not add repeatedly"
20647,"Reported more than @1 time within a day, cancel ban is not allow"
20648,"Do not make any posts that contain violation content, or Mini Captain will make punishment"
20649,@1 away to upgrade the badge
20650,Badge upgraded to max
20651,From Fav.
20652,Made by the owner of My Profile
20653,Status
20654,My Works
20655,My Fav.
20656,Their Works
20657,Their Fav.
20658,Please do not pin the hidden maps
20659,Please don't hide the pinned maps
20660,Scan the QR Code to add me as Mini friend
20661,Scann the QR Code and add me as your friend
20662,QR Code
20663,@Null@
20664,This name is already in use. Please enter again
20665,Comment successfully. It's visible after passing the review
20666,Set up successfully. It's visible after passing the review
20667,Post success!
20668,The name is being reviewed. You can check in Profile
20669,(The new name is being reviewed)
20670,Cannot rename. The name is under review
20671,@Null@
20672,Try Again
20673,Your network is experiencing some issues. Please check your internet connection and tap the retry button.
20674,Hot
20675,Nearby
20676,Follow
20677,You can @ up to five persons
20678,Current Link:
20679,@ My Friends
20680,Visible to friends and followers only
20681,Private
20682,Post to official team
20683,Set to visible to friends and followers only
20684,The Moment feature has been updated. Come and check it out!
20685,View more messages
20686,@1 @ you
20687,@1 comments in total
20688,You've reached the end!
20689,Official
20690,Featured
20691,Set to visible to all
20692,Do you want to clear all notifications?
20693,Image in violation
20694,You cannot comment on the other person's moment
20695,"Cloud gaming can not use the local album, please use the client side operation."
20700,@Null@
20994,Award for Mini School
20995,Congratulations! You got great grades on Quiz. Please claim the following rewards!
20996,@Null@
20997,@Null@
20998,@Null@
20999,@Null@
21000,Merry Christmas
21001,Congratulations on winning the rewards! Remember to claim your rewards before they expire!
21002,@Null@
21003,@Null@
21004,The attachment bonus in mail is not claimed yet. Please claim it before delete mail.
21005,@Null@
21006,@Null@
21007,Happy Easter!
21008,Congratulations! You have won the following prize from Easter Egg event. Please receive soon in game mail before expire day
21009,Award Notification
21010,"Dear Mini Gamer, we are sincerely grateful for your participation and congrations for your amazing performance on this Mini Garena event. Kindly please click [Jump] button to enter the event page and click
 [Receive Award] to get the reward."
21011,Happy Summer Lucky Gifts
21012,"Congratulations! You have received summer gift pack, please claim before mail expires! Ultra-low cost for gorgeous avatars and gift packs free to claim! Custom your own avatar!"
21013,"Dear players, you have successfully purchased the mini cloud servers, please go to [Online Lobby - My Mini Cloud Servers] to setup relevant settings. For more info on setting, please click the [Direct to] button"
21030,Access Request
21031,"In order to use the voice chat function within ""Mini World"", permission to access your phone's mic function is required."
21050,@Null@
21051,"The game is a virtual world, do not imitate any game behaviors."
21052,"The game is a virtual world, do not imitate any game behaviors."
21053,"The game is a virtual world, do not imitate any game behaviors."
21054,"The game is a virtual world, do not imitate any game behaviors."
21055,"The game is a virtual world, do not imitate any game behaviors."
21056,@Null@
21057,@Null@
21058,@Null@
21059,Only use the recognised Official Website and beware of fake websites and refrain from logging in.
21060,"Only communicate with the recognized Official Customer Service channels, beware of scammers and refrain from doing any fund transfers."
21061,@Null@
21062,@Null@
21063,@Null@
21064,@Null@
21065,@Null@
21066,@Null@
21067,@Null@
21068,@Null@
21069,@Null@
21070,@Null@
21071,"If using the wrong tool, more stamina is expended. When stamina is exhausted, HP are lost."
21072,Can be stacked to change the thickness. Triangular board can be stacked into different shapes
21073,It is said that someone found a treasure map in a clay jar buried in yellow sand
21074,Black Hat Captain Teach brought back treasures through the storm on #cffda0aa huge ship built by machine shop#n
21075,Voyagers brought back exotic treasures and started the trade of #cffda0aIsland merchants#n. The Great Age of Sail
21076,Coconut trees planted in #cffda0ared clay pits #n will mutate. #cffda0aMutated Coconut#n is a necessary weapon on a sailing ship
21077,The water pressure increases with the depth of the ocean. The higher the water pressure the faster the stamina is consumed. Even crushing blocks that are not hard enough
21078,(Adventure Mode) The Special Night is available once every 4 days. Go around and you may encounter a Serendipity
21079,"Through extensive scientific research, we've made advancements in crop growth! Now, your crops can thrive independently without requiring constant monitoring. They'll grow at their own natural pace"
21080,"Your animals won't be idle when it comes to breeding! As long as they have enough food and meet the living conditions, they'll grow up over time!"
21081,"Under the influence of void energy, plants and creatures will exhibit void-based characteristics"
21082,"As Void Night concludes, the radiant sunshine will once again grace the earth, restoring nature to its original state"
21083,"Plants possess their own unique temperaments. For instance, the Void Tree only bears fruit during darkness"
21084,"When descending from a great height, landing on a resilient Void Glowshroom will prevent any damage"
21085,The Captain noticed that Dango's flavor remained unchanged despite acquiring void-based characteristics. It still has a fondness for Bubble Gum and has unlocked a new ability: absorbing nearby energy to create a swirl for short-distance teleportation
21086,(Adventure Mode) Lumi received some additional information that the main quest will guide you to Void Night more quickly
21087,"(Adventure Mode) At [0] O’clock during Void Night, the Void Invasion will be triggered when your Energy Field and the Respawn Stele interact."
21088,Void Invasion will not be triggered if there is an Ancient Black Dragon's dragon head statue nearby.
21089,"If you pass the Void Night by sleeping, you will wake up extremely fatigued the next day."
21090,Place the [Respawn Stele] on the [Void Crystal] and activate it to increase the difficulty of the Void Invasion
21091,"(Adventure Mode) If you find the monsters and survival difficulty too challenging, you can lower it in the Map Settings Interface"
21092,"Beware of Boarmen wielding picks, axes, shovels, and other tools! They have acquired the ability to destroy corresponding blocks!"
21093,Void Apostles typically emerge at night. There have been reports of encountering one of them in a serene underground cave
21094,"The sword slashes wide, and the spear thrusts long, so be mindful of your movements and avoid harming our friends! This is especially important when there is a battle pet nearby!"
21095,"The Captain observed that using the [Fusion Bench] allows you to combine two weapons or tools, creating akimbo weapons with amazing abilities!"
21096,"The Captain witnessed the benefits of sleeping early and waking up early for one's health. Resting not only restores stamina but also keeps you energized during the daytime, increasing overall efficiency!"
21097,"A wise adventurer always keeps track of their stamina! When Stamina is above 85, your HP will be restored"
21098,"To show gratitude for your hospitality, the Traveling Merchant presents their finest collection each day you wake up!"
21099,"During the Traveling Merchant's journeys, they record the terrains and sceneries encountered along the way. Based on their mood, they decide which ecosystem deserves deeper exploration and bring back specialties from that ecosystem."
21100,"The Traveling Merchant's most prized creation is the Terrain Map, which provides location information of nearby terrains and ecosystems."
21101,Blue Signal Generator
21102,Green Signal Generator
21103,Yellow Signal Generator
21104,Orange Signal Generator
21105,Purple Signal Generator
21106,Red Signal Receiver
21107,Blue Signal Receiver
21108,Green Signal Receiver
21109,Yellow Signal Receiver
21110,Orange Signal Receiver
21111,Purple Signal Receiver
21112,Red Signal Resolver
21113,Blue Signal Resolver
21114,Green Signal Resolver
21115,Yellow Signal Resolver
21116,Orange Signal Resolver
21117,Purple Signal Resolver
21118,Signal Generator
21119,Signal Receiver
21120,Signal Resolver
21121,Public Respawn Point
21122,Team 1: Red Team Respawn Point
21123,Team 2:Blue Team Respawn Point
21124,Team 3:Green Team Respawn Point
21125,Team 4:Yellow Team Respawn Point
21126,Team 5:Orange Team Respawn Point
21127,Team 6:Purple Team Respawn Point
21128,Public Initial Spawn Point
21129,Team 1: Red Team Initial Spawn Point
21130,Team 2:Blue Team Initial Spawn Point
21131,Team 3:Green Team Initial Spawn Point
21132,Team 4:Yellow Team Initial Spawn Point
21133,Team 5:Orange Team Initial Spawn Point
21134,Team 6:Purple Team Initial Spawn Point
21135,Current map is unavailable. Cannot be used in map store.
21136,The map store is locked. Please contact the author to update the store
21137,Saved products' types exceed the limits. Can't be saved.
21138,Product price exceeds the limited. Can't be saved.
21139,Cannot purchase until the garden level reaches @1.
21140,The map is not uploaded. Can't save shop.
21200,Mob Generator Block
21201,Number Setting
21202,Number of mobs generated each time
21203,Max Number in range
21204,Generate Range
21205,Generate Altitude
21206,Generation Interval
21207,Time Interval of Mob Generation
21208,Number Detection
21209,"Number Detection initiated,Mob Generator Block will detect the number of mobs generated within the setting range."
21210,"Limit the number of mobs in setting range. If the number of mobs exceed the setting number, Mob Generator Block will not generate more mobs."
21211,Claim All
21212,Attachments:
21213,Claim all attachments?
21214,Feed
21215,Building
21216,Furniture
21217,Decorations
21218,Special
21219,Basic
21220,Material
21226,"The save slot is empty, click the button below to create a map."
21227,Limit time sales
21228,You have not added any plugins yet.
21229,Are you sure to delete these DIY Avatars?
21230,DIY Avatar model
21231,No name yet
21232,new
21486,@Null@
21487,"Prohibited props in the backpack.【#cff3d2b@1#n】,cannot be trasferred."
21488,"No passing props【#cff3d2b@1#n】@2, cannot be transferred."
21489,The team does not meet the requirement of transfer. Cannot be transferred.
21490,The transfer point【#cff3d2b@1#n】has not been activated. Can not be transferred.
21491,Please select the transfer destination
21492,You have arrived.【#cff3d2b@1#n】
21493,Settings are not saved. Are you sure to close it?
21494,Transfer failed!
21495,Transfer route added successfully
21496,Adding transfer route failed
21497,No available transfer destination
21498,No team can pass.
21499,This name is already in use!
21500,SetStartPoint
21501,#LNotify
21502,#LShow inactivated points
21503,Passable:
21504,Consume
21505,ProhibitedItem
21506,PassableTeam
21507,Status
21508,Add Transfer Destinations
21509,Edit Transfer
21510,Details
21511,Summarization
21512,Select Transfer Destination
21513,NotNeeded
21514,Unrestricted
21515,Transfer Rules
21516,Teams Check
21517,#LTeams Check
21518,Passing Team
21519,Item Check
21520,#L Passing props
21521,#L Passing prohibited props
21522,Are you sure to delete the transfer line?
21523,Transfer Point
21524,Click to edit the arrival notify
21525,Props Selection
21526,Consume props or not
21527,Transfer
21528,Notify for arrive the transfer point
21529,"After turned on, display all non-energy actived transfer points when selecting transfer points, turn off to hide non-energy actived transfer points."
21530,"After turned on, only the set teams can use the transfer points. Turn off for all teams to pass."
21531,"After turned on, only the props set in the backpack can pass the transfer points."
21532,"After turned on, the prohibited props in the backpack cannot pass the transfer points."
21533,@Null@
21534,@Null@
21535,@Null@
21536,@Null@
21537,@Null@
21538,@Null@
21539,@Null@
21540,@Null@
21541,@Null@
21542,@Null@
21543,@Null@
21544,@Null@
21545,@Null@
21546,@Null@
21547,@Null@
21548,@Null@
21549,@Null@
21550,@Null@
21551,@Null@
21552,@Null@
21553,@Null@
21554,@Null@
21555,@Null@
21556,Name:
21557,@Null@
21558,@Null@
21559,@Null@
21560,@Null@
21561,Official event
21562,大山的琴声
21563,"孩子们在烈日下排起了整齐的长队。他们看起来很腼腆，眼睛里闪着喜悦的光。来自各地的爱心礼物纷纷被急切的孩子们打开，很快操场上便此起彼伏地响起了稚嫩的口琴声，空气中伴随着风声传来了欣喜的气息。
  以志愿者的身份来到这片土地之前，我一直想象不到自己与这里的孩子们生活环境如此截然不同。这里的人们凭借着自己的双手努力生活着，孩子们红扑扑的脸上也写满了坚定。
  在一片琴声笑声中，有个光着脑袋的小男孩跑过来对我轻声说了句“谢谢”。他咧着嘴告诉我，他想好好念书，长大后去更远的地方，看看外面的世界。我看着他的双眼，身体的疲惫也烟消云散。像他这样的小孩有很多，我可能无法帮助到他们中的大多数人，但只要能让一个孩子露出笑容，一切努力都值得了。"
21564,彩色的自白
21565,我是一个“魔法师”。我能用自己的身体，涂抹出世界上最鲜艳美丽的色彩。我的出生，伴随着许多人爱心的凝聚。这些互不相识的人们，送来了许许多多像我一样的小伙伴。我们来到这里的使命，就是奉献出他们的一片热忱。  有一天，我和我的小伙伴们都被放进了一个精致的“小房子”里，经历了万里旅途，来到了遥远陌生的山区。在这里，我们被陈列在一群衣着朴素，眼睛里却有着星光的孩子们面前。很快，我有了新朋友，一位扎着马尾辫的、脸上红扑扑的小女孩。她牵着我的手，在白纸上描绘出了我见过最好看的画作。小女孩看着我，再看看自己的作品，开心地笑了起来。  在这个瞬间，我才意识到，她的笑容才是世界上最美的色彩。
21566,小小的异世界旅人
21567,"一年前，我家附近来了位陌生的朋友。它身材小小的，身体深深地扎进砂土里。我每天都会去原野里看他。它告诉我，它来自另一个世界，那里有很多跟它一样的兄弟姐妹们，与它一起旅行到了这里。
  很快，它的兄弟姐妹们也来了，小小的绿色脑袋站满了整片土地。我对它们的世界很好奇，每次过来都会问很多的问题。它们给我讲了好多奇妙生物的传说，我也跟它们讲了很多的故事，关于我、关于朋友、关于我生活的这片土地。它们会留在这里，一起让这里变得更加生机勃勃。
  看着它们一天天地长高，我心里特别高兴。它们说自己很快就能比我还高了。哼，我也在长高，才不会输给它们呢。"
21568,梦境中的华尔兹
21569,今天的梦，是一个开心的梦。在梦中，我跳起了最爱的舞，周围绽放了漫山遍野的粉红色樱花，散发着迷人的香味。我很喜欢这里，因为这儿有我的梦。  我喜欢跳舞，喜欢舞蹈时自由自在的感觉。可我却没有一双属于自己的舞鞋，直到我遇见了一群美丽的大哥哥大姐姐。  哥哥姐姐们来自很遥远的地方，他们给我们带来了希望。看着大家脸上洋溢的笑容，我仿佛也找寻到了希望。  “我想当舞蹈家！”，我坚定地看着哥哥姐姐们。  有一个大哥哥走过来摸了摸我的头。  “哥哥帮你实现这个愿望！”说完，他便递给了我一双红色的舞鞋。  我太开心了。双手捧过鞋子的时候，我感觉离梦境中的自己越来越近了。  我的希望，我的梦想，我的未来，我来了。
21570,星星的笑脸
21571,今天是一个美妙的夜晚，大山寂静地沉睡着，只有树林里传来轻轻的鸟叫声。我抬起头看着天空，看到了天上的点点繁星，它们仿佛在对着我微笑，这让我不禁想起来那群人。  听老师说，有一群从很遥远的地方来的大哥哥大姐姐，给我们带来我们需要的东西。我高兴极了。他们就像天上的星星一样，带着笑脸，给需要帮助的人们带来希望。  一颗星星的力量，是微不足道的，可是漫天的星星，却拥有巨大的能量。  我希望我长大了也能成为像他们一样的人，就像天上的星星一般，带着笑容的力量，一直闪耀下去。
21572,我最喜欢的东西
21573,"奶奶总说我把废纸浪费了
 留着还能擦鼻涕呢
 哼，其实我是要把他们变成我最喜欢的东西
 全都保护起来
 千纸鹤
 大飞机
 长钢琴
 小帆船
 还有两三颗星星
 但它们好久都没再新增成员了
 好像是奶奶把所有的废纸都藏起来了吧"
21574,迷梭梭与安吉洛斯 Ⅰ
21575,"清晰地记得她当时说“在来到阿拉善之前，我从未看过如此湛蓝的天空，也未看过晚上八九点还不下山的太阳，更从未见过一望无际的黄土与荒漠……”然后我好奇地问她外面的世界长什么样的？我听着她将外面世界的美好娓娓道来……
  后来我们一起在这片荒芜中挖坑，种上一株一株梭梭树，并在树林中立了一块标志牌。她一直非常担心，这些梭梭树苗在这么恶劣的环境中，它们能存活下来吗？荒漠能再现生机吗？哈哈哈，最后还是由我来安抚她焦灼不安的心情呢。在离开之前，她拿出相机，拍下这一片黄土和我们满带笑容充满希望的瞬间。
  哦对了，忘了告诉你，她是安吉洛斯，是一名爱心志愿者，嘻嘻。"
21576,迷梭梭与安吉洛斯 Ⅱ
21577,"前几天我翻看日记的时候，翻出那张与迷梭梭在阿拉善合影的照片，背景看上去满目荒凉，再次勾起了我对梭梭树苗的担心。我终于按捺不住内心的冲动，想亲眼去看一看那片土地上的梭梭树苗，它们还在吗？还是绿油油的样子吗？
  又是迷梭梭带我来到阿拉善。哇！眼前的一切我简直不敢相信，这一片曾经的荒漠，现在远远望去已经泛起了绿色，除了当时种下的梭梭树，竟然还有稀疏的野草。我直觉反应是来错了地方，直到看见不远处那块我们亲手安放的标志牌。算起来，距离我们上次来阿拉善才半年多而已，这里的主色调竟然从土黄变成了青黄相接。我无法形容内心的震撼，于是站在同样的位置，我们又拍了一张照片。"
21578,美好的祝福
21579,今天看到了一篇文章《多亏中印，地球比20年前更绿了》里面说“过去20年来地球新增绿化面积相当于整个亚马逊雨林覆盖的面积”，我又想起了我们在阿拉善种下的梭梭林，心中无比骄傲和自豪，阿拉善的梭梭树苗已经长高，它们改善了阿拉善的生态环境。  这一切都要感谢在迷你世界里参加公益的可爱孩子们，真心地祝愿你们永远健康、快乐成长！也感谢那些为了公益而贡献己力的人们，因为有了你们，这个世界才变得更加可爱、美好。
21580,@Null@
21581,@Null@
21582,Score by dyeing
21583,胡胡
21584,牛牛
21585,包包
21586,小白
21587,小茜
21588,小康
21589,迷梭梭
21590,安吉洛斯
21591,The transfer consume【#cff3d2b@1#n】@2
21595,The creator hasn't opened store
21596,Purchase time has reached the daily upper limited.
21597,Purchase failed! Current map doesn't exist.
21598,Purchase failed! Please try again.
21599,Purchase failed! Map Pass data error.
21600,Purchase failed! Exceed the max pass card duration.
21601,Purchase failed! Map data error.
21602,Purchase failed! You can't buy pass card of your own shop
21603,The validity of pass card can't be longer than the maximum owning duration. Please reset.
21604,Failed to open the room. Please purchase pass first
21605,Congratulations! Purchase success
21606,"Dear player, you need to have Pass Card and get access of this map by watching ads for free or consume Mini Coins. Take effect immediately after purchase! Purchase now?"
21607,Discount price cannot larger than original price. Please set again
21608,Item
21609,Shop Info saved successfully
21610,@1 Days
21611,None
21612,Please select a tag
21613,Please select a product
21614,Please select a currency
21615,@1 Days left
21616,Only support in network mode
21617,"Dear player, you need to have #cfa7a0fPass Card#n and get access of this map by #c0aaa1awatching ads for free#n or #c0aaa1aconsume Mini Coins#n. Take effect immediately after purchase! Purchase now?"
21618,Daily purchase limit times
21619,Maximum owning duration
21620,Time setting for purchasing pop-up Window
21621,Pass Card Duration
21622,Price
21623,#L Selling Time
21624,"When the selling ends, the item you set will be removed. But you can put it back on sale again."
21625,Add Tag
21626,Purchase By
21627,Original Price
21628,The number of views has been used up
21629,Featured
21630,HOT
21631,Limited
21632,Discount
21633,#LDiscount Price
21634,"Once the discount price is set, the player's actual purchase price will be counted based on the discount price"
21635,#LDiscount Duration
21636,It will return to the original price after the discount.
21637,Duration
21638,Please set duration. Players can't purchase again after the discount duration is over.
21639,Ads
21640,Free
21641,#LAds Mode
21642,"When you turn on the ads mode, players can get #cfa7a0fitems for free#n by watching ads. You will get #cfa7a0fads revenue share#n."
21643,Set display lang.【#cff3d2b@1#n】fail
21644,Set display lang.【#c5aea0a@1#n】succeed
21645,Set display lang.
21646,Overwrite existing translations?
21647,Language
21648,"#cfa7a0fWhat is the use of language support?#n#rAfter you use lang. support, a translation edit button will show up to all place that inputs text in the map. Click the button to translate the language input to any other language you wish online.#rWhen other people enter the map, they can choose to play under one of the languages the map builder set up."
21649,Supported Lang.
21650,Edit Translation
21651,Supported Lang.
21652,Translate All
21653,Original text [#cfa7a0f@1#n]
21654,Translation [#cfa7a0f@1#n]
21655,Exceed Limitation
21656,Empty
21657,"Detected that original text has been modified, click Confirm to auto-translate all text(#cfa7a0fNote:Previous translation will be overwrite#n)"
21658,@1's Store
21659,Map Storage
21660,1. Purchased creator store items go directly to inventory.
21661,2. Purchased items usable in any saved game on the current map.
21662,Shelf Capacity:
21663,Product Configs
21664,Purchase By
21665,Add Tag
21666,Selling Price
21667,Quantity for Each
21668,Select From
21669,Exceed the Limit
21670,Trending
21671,New
21672,Select Tag
21673,Map Version Unavailable
21674,The backpack is full. Extract @1 successfully.
21675,Are you sure to extract @1 to backpack in current saves?
21676,Extract
21677,Are you sure to extract this item to backpack in current saves which version is unavailable to use?
21678,Network Failed
21679,Information saved successfully
21680,You need to be verified as developer to use this function. Click the button to go to the Developer Center for verification
21681,You need to be verified as developer to use this function.
21682,Verify Now
21683,#c0aaa1a@1#n/@2
21684,Insufficient book crafting bar
21685,Break down bar occupied
21686,Celesthium Screen
21687,"Destination【#cff3d2b@1#n】 inactivated, cannot transfer"
21688,Overwrite
21689,do not Overwrite
21690,"Translating,please wait..."
21691,Translation Succeed
21692,Translation Timeout
21693,"Content not saved, are you sure to exit?"
21694,Craft completed
21695,Break down completed
21696,Slots full
21697,No more content
21698,Store:@1
21699,New Interactive
21700,Create New Store
21701,Edit Store
21702,Store Setup
21703,Store Name
21704,Store Info
21705,Product Setup
21706,Product Name
21707,Remaining Purchases
21708,Replenishment time:
21709,Requirements:
21710,New Products
21711,Product Detail Setup
21712,Purchase with Items
21713,Purchase with Stars
21714,Purchase with Token
21715,Quantity Per Purchase
21716,Remaining Purchases
21717,Replenishment
21718,Replenishment time:
21719,Remaining:@1
21720,Sold Out
21721,Purchase Product
21722,Quantity
21723,Insufficient Token
21724,Purchase Requirements:
21725,Select Leather Scroll
21726,Select Book
21727,Limited Time Sale
21728,Cancel limited avatars you don't have to save this dress up
21729,Obtain from event
21730,You can only save the avatar after you cancel the event avatar
21731,"Backpack full,purchase #cfa7a0f@1#n@2 successful"
21732,Purchase #cfa7a0f@1#n@2 successful
21733,"Inventory full, purchase fail"
21734,Are you sure to delete this store?
21735,Are you sure to reset to default setting?
21736,Input item name
21737,Search result of#cfa7a0f  @1  #n
21738,Item not found
21739,Search content cannot be empty
21740,Create Store Fail
21741,Store Updated
21742,On
21743,Off
21744,Vision
21745,Near
21746,Medium
21747,Far
21748,Farther
21749,Farthest
21750,UI Style
21751,Misra Green
21752,Mecha Yellow
21753,Mermale Blue
21754,Lucky Bag
21755,Contain Items
21756,Type
21757,Fixed Drop
21758,Open Condition
21759,Please select gift bag type
21760,Random Drop
21761,#LNumber of item drop
21762,#LAllow Repeat
21763,Quantity Requirement
21764,Item Consumption
21765,Item Selection
21766,Probability (%)
21767,Add Items
21768,Please add contain items
21769,Probability is @1 (Can't be saved until 100%)
21770,Obtain all items below
21771,"Consume @1 to open, and obtain all items below"
21772,You may obtain @1 items from the bag below
21773,Consume @1 to open. You may obtain @2 items from the bag below
21774,Open
21775,Check Details>
21776,Item Setup
21777,Quantity per bag
21778,Donate
21779,Have donated a block
21780,Donate
21781,"Support a #cfa7a0f@1#n, Map #c0aaa1aReward Score+@2#n"
21782,Return ce48100@1#n
21783,Note: Each map can be supported only once in 30 days
21784,You have donated a block for this map
21785,Donate
21786,Donate a block for this map if you like it
21787,Your @1 is not enough. Go to Bonus and receive
21788,Reward Score
21789,Send Gratitude Gift
21790,Thank you for your support!
21791,Donate a block for #c0aba1d@1#n map
21792,"#cfa7a0fWhat is donate a block?#n
  Donate a block is to make players express their likes for maps. All the donation behaviors are voluntary.
  #cfa7a0fWhat is reward score?#n
  Players donate blocks to increase reward score. The higher reward score gets, the more popular the map is. The sum reward score of all shared maps will be displayed at display center. 
  #cfa7a0fWhat are the differences of donating different blocks?#n
 Different blocks mean different reward score. You can get gifts in return if the donated blocks are purchase by mini coins. Your name will be highlighted in the comment area."
21793,Rating
21794,Recommend(Increases the chances to be discovered by critic)
21795,Recommend it (Map recommended by critics can to be seen by more people.)
21796,Comment
21797,Leave
21798,Open Fail
21799,You don't have enough item to open this
21800,"Backpack almost full, please clean up"
21801,Obtain
21802,Input store name
21803,Input store intro
21804,Set the quantity of items can be obtained after open
21805,"Open [Allow Repeat] option, players will obtain the same items according to the probability as set"
21806,Type:@1
21807,"This Lucky Bag contains total of @1 items, open to have the chance to obtain @2 items."
21808,"This Lucky Bag contains total of @1 items, open to obtain all."
21809,Open
21810,Insufficient items required!
21811,Thank you for your support to map creator!
21812,Thank you for your support of my works! Your support is my motivation to create!
21816,Limited Purchase
21817,Creator
21818,Map
21819,Enter creator's name/UID
21820,Enter the map name
21821,Recent
21822,Are you sure to clear all search history?
21823,Trending
21824,No results found
21825,@Null@
21826,The keyword is too short to search
21827,Current items in storage can be used in any saves of this map
21828,No items yet. Go to map store to purchase.
21829,The store is empty
21830,Donate failed. The map isn't uploaded.
21831,Blacklist
21832,Delete
21833,Delete successfully
21834,Are you sure to delete this comment?
21835,Delete all comments
21836,Are you sure to delete all comments in this status of #c0aaa1a@1(@2)#n ?
21837,Are you sure to add #c0aaa1a@1(@2)#n to blacklist so that he/she can't comment under your status.
21838,Added to blacklist
21839,You're prohibited to leave comments under #c0aaa1a@1#n status.
21840,Failed to send. Please try again later
21841,@1#r replied @2:
21842,This player is already in the blacklist
21843,Illumination:
21844,Official Status
21845,Insert the link
21846,Enter the link
21847,Enter succesfully
21848,Current link:
21849,Fail to show the status. Please check the internet.
21850,Text to display (T)
21851,Enter the hyperlink address (E)
21852,Clear
21853,Popular map search
21854,"Try another search type? You can also search by ""Creator"" or ""Multiplayer"""
21855,There is no such creator
21856,You can only search for the host ID of the online room
21857,"Player, map, room"
21858,Try another keyword
21859,Result
21860,General
21861,Player
21862,Room
21863,Resources
21864,Creator
21865,Map
21866,"Enter the creator ID, resource ID and name"
21867,More>>
21868,Game
21869,Template
21901,Event
21902,Time
22000,@Null@
22001,@Null@
22002,@Null@
22003,@Null@
22004,@Null@
22005,@Null@
22006,@Null@
22007,@Null@
22008,@Null@
22009,@Null@
22010,@Null@
22011,@Null@
22012,@Null@
22013,@Null@
22014,@Null@
22015,@Null@
22016,@Null@
22017,@Null@
22018,@Null@
22019,@Null@
22020,@Null@
22021,@Null@
22022,@Null@
22023,@Null@
22024,@Null@
22025,@Null@
22026,@Null@
22027,@Null@
22028,@Null@
22029,@Null@
22030,@Null@
22031,@Null@
22032,@Null@
22033,@Null@
22034,@Null@
22035,@Null@
22036,@Null@
22037,@Null@
22038,@Null@
22039,@Null@
22040,@Null@
22041,@Null@
22042,@Null@
22043,@Null@
22044,@Null@
22045,@Null@
22046,Binding rewards:
22047,Successfully bind email to receive generous rewards
22050,@Null@
23000,@Null@
23001,Store
23002,This item is unavailable for this map version. Please download the map of latest version and purchase again.
23003,Please enter the number
23004,This item cannot be extracted
23005,This item cannot be purchased
23006,Same product exists. Please choose again
23007,Item Name
23008,Insufficient Mini coins/beans. Please redeem and try again
23009,The map creator is not developer
23010,Successfully purchased. Time has been automatically accumulated.
23011,Item Category
23012,Weapon
23013,Equipment
23014,Food
23015,Item
23016,Consumable
23017,Others
23018,Mount
23019,Tool
23020,Gift Pack
23021,Enter the name
23022,All items in the category will be deleted in the meantime. Do you want to delete this category?
23023,The creator hasn't opened the developer store
23024,Notice
23025,Rename
23026,Sort
23027,Delete
23028,Renamed successfully
23029,Sort successfully
23030,Delete successfully
23031,"Characters are too long, please try again"
23032,Have sensitive contents. Please try again
23033,Select category
23034,Please select or create a category
23035,Please enter a category title within 10 characters
23036,New Category
23037,Reached the upper limit
23038,Data error. Please reopen the store
23039,The name is too long
23040,Remaining
23041,The remaining @1 days @2
23042,Mini Point
23043,Mini Coin Price
23044,Mini Point Price
23045,Insufficient Mini Points. Please get more on mobile devices
23046,The room is closed. Please choose again
23047,All
23048,"The map has not been uploaded, and shop items cannot be purchased now."
23049,"The map has been saved, but since it hasn't been published or uploaded, you can only view or modify the shop items in developer mode."
23050,Discount Duration
23051,Discount Price
23052,Price
23053,Benefits Preview
23054,Mini World Membership Benefits
23055,Purchase 1 month of Mini World Membership for this map
23056,Purchase 3 months or more of Mini World Membership for this map
23057,"Note: The privileges related to the map are designed and published by the developer. Users are advised to carefully read the relevant content before making purchases. If you have any questions, please contact us or submit a request."
23058,/month
23059,Purchase Now
23060,Preview
23061,Benefits Configuration
23062,Note: Please ensure that the described benefits are configured with the corresponding trigger rules.
23063,List Item
23064,Ordinary Membership Benefits
23065,Purchase 1 month of Mini World Membership
23066,Purchase 3 months of Mini World Membership
23067,"Players who purchased a Mini World Membership can enjoy the following additional benefits in this map. (Tap to enter, limited to 100 characters)"
23068,Tap to enter (0-16 characters)
23069,Configuration of items to be redeemed
23070,Mini Point Price
23071,Prize Content
23072,Prize Number
23073,Delete Item
23074,Claiming Condition
23075,Free Prize Configuration
23076,Hourly Log-in
23077,Daily Log-in
23078,Weekly Log-in
23079,Monthly Log-in
23080,Confirm
23081,The shelf is empty
23082,"If you add items, they'll become available in the map shop, generating income and profits to share."
23083,Mini World Membership Benefits
23084,Reviewing
23085,The review did not pass
23086,List
23087,Off the Shelf
23088,On shelf
23089,Redemption Condition @1
23090,Claim
23091,Mini Points Required: @1
23092,"Note: There is a limit to the number of times you can watch ads. By watching once, you'll get one redemption ticket. Redemption tickets are only valid for the current day and will be reset on the next day."
23093,Mini Points Required: @1
23094,Claiming Condition: @1
23095,Claim Rewards
23096,Hourly Bonus
23097,Daily Bonus
23098,Weekly Bonus
23099,Monthly Bonus
23100,Membership
23101,Ad
23102,Bonus
23103,Number of Redemption Tickets: @1
23104,Redeem
23105,Year
23106,Moon
23107,d
23108,Hour
23109,m
23110,Sec
23111,Claim in @1
23112,Ads in preparation
23113,Attempts
23114,Redeemed! @1 has been issued to the Warehouse
23115,You can watch ads for up to @1 times per day
23116,You can only watch ads in the mobile version of Mini World!
23117,Playback failed
23150,Players who purchased a Mini World Membership can enjoy the following additional benefits in this map.
23151,"Once deleted, it cannot be restored. Are you sure to delete it?"
23152,"After taking the item off the shelf, it will no longer appear in the user's shop. Continue?"
23153,@1's Shop
23154,Bonus for Rating
23155,Bonus for Commenting
23156,Purchase
23157,Redeem
23158,Bonus for Adding to Favorites
23159,Rate the Map
23160,Comment
23161,Add the map to favorites
23162,Claimed
23163,Claim by rating the map
23164,Claim by leaving comments
23165,Claim by adding the map to favorites
23166,Exceeds 5 characters
23167,Rewarded Video Ads Refresh Time: @1
23168,Please watch ads on the Mini World mobile app to earn Mini Points.
23169,"#cfa7a0f—What's the Creator Shop?#n
The Creator Shop is a platform for creators to sell map items within their own maps. It's one of the channels for creators to earn income from their maps.

#cfa7a0f—What are the tokens that can be used for sales?#n
1. Sales can be settled with Mini Coins, Mini Points, Mini Beans, and through ads.
 2. Mini Coins: Players can only acquire Mini Coins through top-up.
 3. Mini Points: Tokens obtained by players through watching ads.
 4. Mini Beans: Tokens obtained by players through home tasks or platform events.
 5. Ads: Income generated by players through the ads you've set up.
 6. Whenever a player spends the above tokens within your map, you can earn a certain percentage of the income. As for the specific income rules, you can visit the Creator Services platform."
23170,Creator Shop Rules
23171,Item Sales Configuration Tutorial
23172,"#cfa7a0f—Token Types#n
1. Items will be sold with the token type you've configured. You will receive corresponding income after players make purchases. As for the specific income rules, you can visit the Creator Services platform.
 2. Mini Coins: Players can only acquire Mini Coins through top-up.
 3. Mini Points: Tokens obtained by players through watching ads.
 4. Mini Beans: Tokens obtained by players through home tasks or platform events.

#cfa7a0f—Item Categories#n
You can create custom item categories to allow players to find items based on categories.

#cfa7a0f—Item Events#n
1. During timed and discount events, item prices can be adjusted, while the other options are only recommended marks.
 2. Timed Event: Restricts the sale of the item for a certain number of days and quantity. Once the event ends, the item will be off the shelf. But it could be relisted.
 3. Ad Mode: After activating the ad mode, players can choose to either watch ads directly to obtain rewards or purchase them using the tokens you have set. Both modes can be activated at the same time. After players watch the ads, you can earn a share of the ad income.
 4. Hide Items: After hiding the item, players will not be able to see it in the Creator Shop, but you can still access it through triggers.
 5. List Item: When an item is off the shelf, players will be unable to purchase it."
23173,"If you add items, players can redeem them by watching ads. After a successful redemption, you can earn corresponding income."
23174,"If you add items, players can redeem them by playing on the map or leaving comments."
23175,"There are no custom items in the current map, you can create custom items in the plugin."
23176,Bonus Claim Configuration Rules
23177,"When players meet the conditions you've set, they can obtain items in the Bonus Shop. The conditions for claiming items are as follows:
1. Purchase to Claim: Players can obtain items when their total spending in the Developer Shop reaches a certain amount within the specified period.
 2. Novice Bonus: All players can claim it once.
 3. Hourly Log-in: Players can claim rewards for logging in during the current hour. The refresh time is at the start of each hour.
 4. Daily Log-in: Players can claim rewards for logging in during the current day. The refresh time is at the start of each day.
 5. Weekly Log-in: Players can claim rewards for logging in during the current week. The refresh time is every Monday.
 6. Monthly Log-in: Players can claim rewards for logging in during the current month. The refresh time is on the 1st day of each month.
 7. Rate the Map: Players can claim rewards after interacting with the map by liking or disliking it.
 8. Leave Comments: Players can claim rewards after leaving comments on the map.
 9. Add the map to favorites: Players can claim rewards after adding the map to favorites."
23178,Redemption Shop Configuration Rules
23179,"After players use Mini Points to redeem your items, you can earn a corresponding share of the income.
 Players can obtain Mini Points by watching ads in the Redemption Shop. Each ad grants around 5 points."
23180,"Purchase failed, please try again."
23181,The item has been taken off the shelf and cannot be purchased.
23182,"Max purchase attempts reached, unable to purchase more."
23183,The item has been sold out and cannot be purchased.
23184,This item does not have a description.
23185,The timed sale has ended.
23186,Timed Sale: @1 days
23187,The discount has ended
23188,Discount: @1 days
23189,Purchase Limit
23190,@Null@
23191,Remaining
23192,Enable Limited Purchase
23193,List Item
23194,"When an item is off the shelf, players will be unable to purchase it. Are you sure to remove it from the shelf?"
23195,Hide Item
23196,Basic Info
23197,Expand Configuration
23198,Limited Sale Number
23199,Limited Amount
23200,Event Remaining
23201,In-map Spending
23202,Claim in
23203,Mini Coins
23204,Mini Bean
23205,Add
23206,"Purchasing the item, please do not operate too frequently."
23207,Name
23208,Description
23209,Trial Price
23210,Sale Details
23211,Permanent Skin Price
23212,d
23213,Reupload
23214,Purchase @1 days
23215,Purchase
23216,Validity: Permanent
23217,Validity: @1
23218,My Item
23219,My Skin
23220,In use
23221,"#cfa7a0f—Item Info Description#n
1. Skin name limit: 16 characters (Required).
2. Description is mandatory (Required).
 3. Skin prices are divided into permanent and trial prices.
 -After purchasing with the permanent price, as long as the creator does not delete the skin item, it will remain in the player's warehouse.
 -Creators can set a trial period. After purchasing with the trial price, players can enjoy the skin within the specified period. Once it expires, they can purchase it again.
 4. On/Off the Shelf: When an item is off the shelf, players will be unable to purchase it, but those who have already purchased it can still use it.
#cef2d2d5. Reupload: It will overwrite the original model, including models owned by players who have already purchased it, which will be replaced with the new model.
#cef2d2d6. Delete Skin: Deleting a skin will affect the sale in the shop, but it won't affect players who have already purchased it. (Deleting the local model will affect players)
7. Hide Item: The item will not be displayed in the player's Creator Shop, but the creator can still access it through triggers or other methods.
 8. Item Events
- During timed and discount events, item price can be adjusted, while the other options are only recommended marks.
 - Timed Event: Restricts the sale of the item for a certain number of days. Once the event ends, the item will be off the shelf. But it could be relisted.
 -Discount Event: During a specified period of time, the item will be sold at a discounted price. It only affects the permanent skin price, and will return to the original price once the event ends.

#cfa7a0f—Please strictly control your creative content#n
Item names, descriptions, and model info should not infringe on the rights of others.
It is strictly forbidden to create, upload, or publish any sensitive, terrorist, pornographic, or other illegal content.
 Once detected, the account will be banned immediately. In severe cases, the matter will be directly handed over to legal authorities for investigation."
23222,"It will cost @1x@2 to purchase @3, please confirm it."
23223,"It will cost #c0aaa1a@1×@2#n to purchase #cfa7a0f@3#n, please confirm it.#r(The skin is only available on this map)"
23224,The trial skin price must not exceed the permanent skin price
23225,Map Skin Details
23226,Please complete the item's basic info
23227,The skin is only available on this map
23228,This skin is not available in the current map version. Please update your map.
23229,"Are you sure to permanently delete this skin from the map?
#cef2d2d(After deleting the skin, it will no longer be available for purchase.)
(If not necessary, you can choose to take it off the shelf instead.)#n"
23230,Purchased successfully. The item has been placed in the Creator Shop Warehouse. Please go to the Warehouse at the bottom left to check it.
23231,There are no available models. You can use miniature creative models or download them from the workshop.
23232,The skin item you list contains illegal content. Please submit it again.
23233,Changes cannot be made during the review. Please wait for the review to be completed before editing.
23234,The skin will enter the review state after updating the released map
23235,The skin needs to be updated and the map released before it can be sold.
23236,"The product contains sensitive content and is temporarily unavailable, waiting for the developer to modify it and use it."
23237,The product contains sensitive content
23300,
24000,@Null@
24001,@Null@
24002,@Null@
24003,@Null@
24100,@Null@
25000,Zone Selecting Infos
25001,Length
25002,Width
25003,Height
25004,Cancel zone selecting
25005,Cancel endpoint
25006,Brush
25007,Filler
25008,Zoom
25009,Hollow
25010,Paste
25011,Pile
25012,Replace Block
25013,Replaceable Block
25014,Current:
25015,Brush Mode
25016,Zone Selecting Mode
25017,Switch to zone selecting mode
25018,Switch to brush mode
25019,Select filling block
25020,Only fill the hollow part
25021,Radius:
25022,Cube
25023,Cylinder
25024,Sphere
25025,Planar Quadrilateral
25026,Planar Circular
25027,Point-point
25028,Two points form a surface
25029,X Axis Mode:
25030,Y Axis Mode:
25031,Z Axis Mode:
25032,Succession:
25033,Shape
25034,#c5aea0aFill Brush
25035,#c5aea0aClear Brush
25036,#c5aea0aReplace Brush
25037,#c5aea0aSmoothing Brush
25038,Use block to #c5aea0afill the selected area
25039,#c5aea0aClear #nblocks in the selected area
25040,#c5aea0aCopy #nblock in selected area
25041,#c5aea0aPaste #nblock in selected area
25042,#c5aea0aMove #nblock in selected area
25043,#c5aea0aReplace #nblock in selected area
25044,#c5aea0aPile #nblock in selected area
25045,Switched to #c5aea0aarea selecting mode
25046,Switched to #c5aea0abrush mode
25047,Block in selected area is moved successfully
25048,#cffda0a@1#n in selected area has been changed into #c5aea0a@2
25049,Cancel the selected area
25050,Block in selected area is cleared
25051,Fill successfully
25052,Paste successfully
25053,Pile successfully
25054,Selected area copied successfully
25055,Redo successfully
25056,Undo successfully
25101,Open developer store
25102,"Your backpack is full, items are stored into #YDeveloper Shop-Warehouse#n"
25103,Purchase#Y@1#n successfully and placed into backpack
25104,"You have not setup any products, please proceed to setup in the Developer Shop"
25200,Latest Feature
25201,Recommended
25202,Downloading
25203,Waiting
25204,Default
25205,Downloads
25206,Rating
25207,Hot
25208,Featured time
25209,Sharing time
25210,@1 Critics Approval
25211,Network failed
25212,Load failed
25213,@1 maps are loaded
25214,"Sorry, network error"
25215,More
25216,Check All
25217,Template
25218,Code
25219,Check Code
25220,Your changes will not be saved
25221,Expand more
25222,Keep
25223,This guy is lazy and left no description
25224,Maps
25225,Downloads
25226,Popularity
25227,Update:
25228,Favourites
25229,Votes
25230,Favourited
25231,Voted
25232,Ratings
25233,Quick Join
25234,"Join failed, click the icon on the right to view the online room status"
25235,Only for learning template map
25236,Buy license of template map
25237,Cover image violation
25238,Followed
25239,Topic
25240,Recommend
25241,Ranking
25242,Latest
25243,Mine
25244,Current ranking:
25245,Creation
25246,Hot topic
25247,Topic details
25248,Follow
25249,Followed
25250,Map
25251,Most download
25252,Latest upload
25253,Earliest upload
25254,I want \n to upload
25255,Pending
25256,Topic has not been verified
25257,"The topic is reviewed to be in violation, please return to check other topics!"
25258,Loading…
25259,Like
25260,Dislike
25261,Share
25262,"The connection failed, please try again"
25263,The cover image has not been uploaded or is damaged
25264,No mode switching options available
25265,Settings
25266,Exit
25267,Create Room
25268,Add @1 to favorite?
25269,@1 likes
25270,Positive
25271,Please leave your comment on @1!
25272,Cannot comment on the game yet
25300,@Null@
25301,The avatar is in default
25400,General Effect
25401,Special Effect
25402,Effect Library
25403,Appearance
25404,Effect
25405,Attribute
25406,Edit Status
25407,Name
25408,Description
25409,Icon
25410,Special Effect
25411,Sound Effect
25412,Demonstration
25413,Duration
25414,Continuous Mode
25415,Unlimited
25416,Limited
25417,Time
25418,Status Mode
25419,Positive Status
25420,Negative Status
25421,Priority
25422,Cover
25423,Coexist
25424,Don't remove after death
25425,Second
25426,Add Effect
25427,Active attack to clear up state
25428,Be injured to clear up state
25429,Speed Type
25430,Change the Ratio
25431,Digging Speed
25432,Injury Type
25433,Change the Value
25434,Attribute Type
25435,Time Interval
25436,Injured Type
25437,Luck Type
25438,Repel Blocks
25439,Body Part
25440,Select a model
25441,Back view when converting
25442,Can't use items when converting
25443,Environment
25444,Absorb
25445,Attack Type
25446,Knock up Blocks
25447,Probability of trigger
25448,Duration
25449,Defense Type
25450,Fight Back Damage
25451,Edit Effect
25452,"Cover: When the same state is obtained, the existing same state will be covered.
Coexistence: When the same state is obtained, it will coexist with the same state already obtained."
25453,Set your state type
25454,Can't edit current effect
25455,Additional State
25456,Change Volume
25457,Drop Multiple
25458,狀態庫
25459,Stamina type
25460,Character behavior
25461,Character status
25462,Trigger limit
25463,Item drops
25464,Trigger timing
25465,Play sound when completed
25466,On cooldown
25467,Toxin
25468,Bleed
25469,Flame
25470,Cold
25471,Chaos
25472,Transform
25473,Frozen
25474,Image Resource
25475,Temperature effects transparency
25476,Special Effect Size
25477,Temperature effects size
25478,Buff Type
25479,Limited Buff Cap
25480,Accumulated value of a single movement operation
25481,Movement Interval Tick
25482,Infinite Buff Limit
25483,Damage Value
25484,Can exceed the recommended temperature
25485,Range
25486,Generate Blocks
25487,Food Type
25488,Attribute Restoration
25489,@Null@
25490,@Null@
25491,@Null@
25492,@Null@
25493,@Null@
25494,@Null@
25495,@Null@
25496,@Null@
25497,@Null@
25498,@Null@
25499,State Editing Description
25500,"State plugin description:
 #cfa7a0fAppearance:#nThe name, description, icon, special effects of the state can be changed.
 #cfa7a0fEffect:#nThe effect of state can be changed. One state can have at most 5 effects.
 #cfa7a0fAttribute#nSet the continuous mode and attribute parameters of the state.

#cfa7a0fPartial trigger:#n Different from the developer tool, partial trigger is only for the event which is triggered by this plugin event and provides more possibilitie
#cfa7a0fPartial script: #nDifferent from the developer tool, partial trigger is only for the event which is triggered by this plugin event
 P.S.:If this plugin has used the built-in triggers or scripts, you can click the new version switch in the upper right corner of the partial trigger or partial script option bar to switch back to the old built-in triggers and scripts for editing, but the old version doesn't support the new content, please understand."
25601,Status Icon
25602,Skill Icon
25603,Action Icon
25604,Face Icon
25605,@Null@
25606,@Null@
25607,@Null@
25608,@Null@
25609,@Null@
25610,
25750,Map
25751,Type:
25752,Description
25753,Cover Image
25754,Dimension
25755,Size
25756,I agree to the #L#cfa7a0fuser agreement#n and #L#cfa7a0fcontent release notice#n
25757,Please select map type
25758,Please enter a  description of the map
25759,Custom cover
25760,Add more
25761,"Sorry, this feature is currently only available to developers."
25762,"Sorry, this feature is currently only available to developers above Nebula rank."
25763,"After the cover image is deleted, it will change to the original in-game screenshot as the cover. Are you sure to delete it?"
25764,The image dimension or size does not meet the upload requirements
25765,"By selecting this type, the map will switch to gameplay mode."
25766,"By selecting this type, the map will switch to edit mode."
25767,The number of introduction pictures cannot be greater than @1
25768,Not synced to the cloud
25769,Switch cover image to map screenshot? The original custom cover will be deleted after the switch.
25770,Change cover image
25771,Are you sure you want to cancel upload?
25772,Add topic
25773,Map topic
25774,Select hot topics
25775,"Custom topics, enter up to 30 characters"
25776,Add topic success
25777,Maps created after July 1 can add a topic.
25778,Pending review
25779,Participate in the National Creation Festival to win rewards
25780,No topics have not been entered
25781,Loading...
25782,"If the topic is not verified, please re-enter"
25783,"Map with topic cannot be held locally, please modify the relevant information and upload"
25784,"Topic binding failed, please check that the relevant information is filled in correctly."
25785,Click to go to Gallery Topic
25798,Upload failed. Please check file path and file name:
25799,"The current content is up to date, don't have to upload again"
25800,Upload map
25801,Upload
25802,Upload
25803,Cloud Backup
25804,Public
25805,Private
25806,Cancel Uploading
25807,Uploaded
25808,"After the review passed, your map will be uploaded to Gallery"
25809,Back up the map to the cloud. Only visible to you
25810,The map is being reviewd. Cannot upload
25811,To be modified
25812,This save may have sensitive contents. Please modify it before creating the multiplayer room
25813,This save may have sensitive contents. Please modify it before uploading
25814,This save is illegal and cannot be uploaded. Please update it after enabling
25815,@Null@
25816,"A false is false (as long as one of the two Booleans is false, the result of the condition is false)"
25817,"A true is true (as long as one of the two Booleans is true, the result of the condition is true)"
25818,Logical inversion (the result is the opposite of the input Boolean)
25819,The current mini password has expired. Please log in with the latest password
25820,（Collaboration Mode）
25821,"Collaboration mode will open soon. Can only invite friends, others cannot join!"
25822,"In Collaboration mode, only the friends of host can join the game"
25823,"If there is any violation in the room, please report it! The secure network environment needs everyone's protection!"
25824,You have been reported for illegal content in the Collaboration Mode. You are now prohibited from using this function till @1
25825,Collaboration Mode
25826,"You have to be friends over @1, if you want to Invite friends to join the collaboration mode. You've been friends for only @2 and cannot join"
25827,You have to be friends with the host over @1 days to join the collaboration mode. You've been friends for only @2 days and cannot join
25828,Can't enter the room. Please refresh and try again
25830,@Null@
25831,Offline Mode
25832,You can't use this function under single player mode
25833,Single player mode now. Click the button to switch
25834,Connection failed. Switch to single player mode?
25835,Some information is not saved. Please re-enter the game when it's connected to the internent
25836,Network condition is good
25837,Network condition is normal
25838,Network condition is unstable
25839,Network condition is unstable. The experience might be poor. Are you sure to enter the multiplayer room?
25840,Network condition is unstable. The experience might be poor.
25841,Network condition is unstable. Are you sure to enter the multiplayer room?
25880,@Null@
26000,"There is no room to join right now, try Quick Join"
26001,Download the map to build a house
26002,Version not matched
26003,Quick Match
26004,Matching...
26005,"No other room was found, try to create a room!"
26006,"Time for the host to go grab some bites, and the room is closed~"
26007,"The host kick you out of the room, please check out the other rooms~"
26008,"The host was aducted by aliens, let’s go to other rooms to see~"
26009,"You have been disconnected for too long, the room has been closed, please recreate the room"
26010,"The room is disconnected, please try to reconnect"
26011,Quick room change
26012,Map change
26013,"#cd9001bYou has exceeded @1times of kicking players#r To maintain a friendly game environment, kicking players repeatedly is not recommended~"
26014,"The server has been closed, let's continue exploring in other rooms~"
26015,"You were kicked out of the current server by @1, please continue to explore in other rooms~"
26016,Team
26017,Invitation Code
26018,Send a message
26019,Select map to play games
26020,Select map
26021,Recommended map
26022,The captain has not selected a map
26023,Ready
26024,Team currently in game
26025,Go to Multiplayer
26026,"No member currently, go to Multiplayer to meet more friends"
26027,Transfer
26028,Kick out
26029,You become the new captain
26030,You have been kicked from the team
26031,Are you sure to transfer the captain to player @1?
26032,Are you sure to kick player @1 out of the team?
26033,Are you sure to leave the team?
26034,Stay
26035,Player @1 invited you to join the team
26036,Don't remind again
26037,The team is full
26038,"The invitation code has been copied, go paste it."
26039,My game library
26040,"The captain did not upload the map, and it could not be viewed."
26041,"The game is about to start, come back and get ready."
26042,Ignore
26043,Return to team
26044,"Get ready, the game will start right away."
26045,Teaming up. Can't enter the game.
26046,There are still teammates not ready. Tell them to get ready.
26047,"Due to your past violations, you can't join team game."
26048,Friends
26049,Recent
26050,Play
26051,Profile
26052,Cancel
26053,Confirm
26054,Invite friends
26055,My Game Library
26056,Create New World
26057,Online
26058,Offline
26059,Teaming up
26060,Back to team
26061,Send
26062,No members. Please go to Multiplayer
26063,Get to know more friends
26064,Invite
26065,Player @1 invited you to join the team. Copy this message and open Mini World to play together! @2
26066,Not in a team. Can't operate.
26067,Cancel Preparation
26068,No longer receive this reminder for 5 min
26069,Only the captain can use the preparation reminder feature
26070,#cFFDC0DSelect Map
26071,#c373632The captain has not#r selected a map
26072,Haven't selected a map. Cannot start the game.
26073,No map currently. Go create or download one.
26074,"If you exit the game, you'll return to the team home page with other friends."
26075,Other teammates are still in the game. Are you sure to quit?
26076,Invitation failed
26077,The captain has exited the game and closed the room.
26078,Join the game
26079,Game loading
26080,"The captain tells you to get ready, the game will start right away."
26081,The game is going to start
26082,New
26083,Players
26084,Room Permission
26085,Game Style
26086,Room Password
26087,Map backup
26088,Make friends
26089,Cooperation
26090,Competition
26091,Please enter the password within 4 characters(numbers and letters)
26092,Guests can't destroy or place blocks.
26093,No map yet. Do you want to create a new one?
26094,Please download the map first
26095,"There is no room to join, you can create a room or try again."
26096,Team invitation pop-up
26097,No map created
26098,Haven't played the map recently
26099,Failed to join. Please try again.
26100,The connection to the server has been lost
26101,Rematching
26102,There are too many participants in the current event. Please try again later.
26103,Open team is available. Let's play together~
26104,Create team
26105,Team
26106,Member
26107,2 players
26108,3 players
26109,4 players
26110,Public
26111,Create
26112,No history~
26113,Enter team captain UID
26114,'s team
26115,No team available. Create a team now!
26116,#n@1 invited your to join the team to play together
26117,Player invited your to join the team to play together
26118,Invitation Time:#c0aaa1a@1#n
26119,Team Size:#c0aaa1a@1#n
26120,"The game has started, cannot join now"
26121,"Inconsistent client version, cannot join"
26122,"Your map has not been updated for a while.
Create and update it now!"
26123,Continue to Create
26124,Map Name:
26125,Copied
26126,Created the team successfully
26127,Joined the team successfully
26201,Played by friends
26202,Played by @1 friends
26203,Played by @1
26204,Playing by friends
26205,Playing by @1 friends
26206,Playing by @1
26207,Recently played something similar
26208,Popular Games
26209,Pro Favorites and Reviews
26210,Playing by a lot of people
26211,New Game Online
26212,Popular Maps among Friends
26213,Popular Maps
26214,Popular Keywords
26215,(The team name is being reviewed)
28600,It's a ranking competition. Veterans are welcomed!
28601,Place for Newbies
28602,Master is ready
28603,Room name is under review
28604,"Room name violated rules, please try again"
28605,Review failed
28606,Are you sure to exit the current map?
28607,Me
28608,Application in progress
28609,Switch the zone
28610,"%s players are in the current zone, and there are %s players in the Mini World now."
28611,Your friend %s just created a team.
28612,Invite
28613,Room acquisition failed. Please try again.
28614,Initiate a team
28615,Game type
28616,Initiate
28617,New function online~Go and experience it now.
28618,"Dear player, welcome to Party Zone.  Here, you can meet new companions, engage in conversations, and team up for thrilling adventures together~"
28619,Click on the screen to close
28620,The original Team-up Lobby has moved here.
28621,Chatting with %s
28622,"I have created a team of %s players. Is anyone willing to join me in playing ""%s?"
28623,Click here to join my team
28624,Zone
28625,World
28626,Team
28627,Sending team messages too frequently
28628,World chat limit reached
28629,You have received %s new friend messages.
28630,Your friend has shared joy with you. Please open the friend page to check.
28631,You can send %s more world messages today.
28632,There are %s players in the same Mini World as you right now.
28633,Settings
28634,Message Bubble
28635,On
28636,Off for 5 minutes
28637,Off for 30 minutes
28638,Off for 1 hour
28639,Team invitation from a stranger
28640,Off
28641,Chat Window Position
28642,Locked
28643,Movable
28644,Position Information
28645,Visible locally
28646,Hide
28647,Player
28648,Team
28649,Players you may know in the zone
28650,Zone with local players
28651,Friends in the zone(%s players)
28652,All players (%s online)
28653,%s people including %s here
28654,Friends here
28655,%s here
28656,Zone %s(%s players online)
28657,Zone where friends are
28658,Your friend %s is in this zone
28659,Choose any of the following types of zones
28660,Players you may know
28661,Local players
28662,Random
28663,Played together recently
28664,People you may know
28665,You are playing in this zone
28666,There are currently no teams in the Party Zone
28667,There are currently no players you may know in the Party Zone
28668,There are currently no local players in the Party Zone
28669,Tap here to see other players in the lobby.
28788,Initializing...
28789,Uploading data...
28790,Server Debugging
28791,"The original public map will be modified into a private map. After debugging, please manually upload it for review."
28792,This feature is only available on the domestic network
28793,Are you sure to exit the server debugging room?
28794,Current Debugging Map Name
28795,Tips
28796,Failed to request debugging
28797,Local map index lost
28798,Connecting to server...
28799,Request successful
28800,Permission
28801,Roomowner only
28802,All
28803,Public
28804,Visible for searching
28805,Visible for friends
28806,Players
28807,@1
28808,Private
28809,Create Room
28810,Multiplayer
28811,Playing in singleplayer
28812,Playing in multiplayer
28813,Private
28814,The invitation has expired
28815,Cloud server
28816,Rooms and invitations can be set here
28817,4 digits or letters
28818,Focus
28819,@1 wants to join the room. Do you accept?
28820,Join room
28821,Ignore
28822,@1 accepts your application. Do you want to join?
28823,Welcome to single-player mode. Would you like to allow friends to join the room and play together?
28824,Do not disturb
28825,Allow following
28826,"Do you want to disable friends from following you?#c0aaa1aTap here#n to set it as ""Do not disturb""."
28827,"Do you want to disable friends from following you and switch to single-player mode?#c0aaa1aTap here#n to cancel ""Do not disturb""."
28828,"After enabling ""Do not disturb"", friends will be unable to send following requests to you.#r#n(The ""Do not disturb"" setting will be automatically turned off when you switch to single-player mode)"
28829,"After disabling ""Do not disturb"", friends will be able to send following requests to you.#r#n(The ""Do not disturb"" setting will be automatically turned off when you switch to single-player mode)"
28830,"Enable ""Do not disturb"""
28831,"Disable ""Do not disturb"""
28832,Please wait for the host to approve your following request.
28833,The host has declined your request.
28834,The room no longer allows tracking.
28835,Your following request has been sent.
28836,This feature is not available in multiplayer mode.
28837,Room
28838,@2 Room of @1's
28839,Mini Captain
28840,Single
28850,Party Zone
28900,Loading failed
28901,Refresh
28902,Home Page
28903,Recommendation
28904,Types
28905,Following
28906,Favorites
28907,Likes
28908,Playing
28909,Friends playing
28910,Loading...
28911,Release to refresh
28912,Scroll down to refresh
28913,Getting data...
28914,Refreshed
28915,Swipe up for more data
28916,Loading...
28917,Release to get data
28918,Loading successful
28919,Loading failed. Please try again.
28920,Recent
28921,Played yesterday
28922,Played @1 days ago
28923,Played a week ago
28924,Just played
28925,Played today
28926,No world for now
28927,@1 user(s) played
28928,Sport
28929,Race
28930,No topic yet~
28931,HOT
28932,Lobby
28933,Frequently played
28934,Special Topic
28935,Event Map
28936,Event
28937,Event
28938,Tag
28939,Are you sure to clear all favorite maps?
28940,You haven't added any map to favorites
28941,Visible Range
28942,Converted to Public Room
28943,Converted to Single-player Mode
28944,Convert to Public Mode
28945,Convert to Single-player Mode
28946,Start Private Server
28947,Map Tag
28948,Add Tag
28949,Choose appropriate tags to make your work seen by more people.
28950,Loading...
28951,Binding...
28952,Blocked
28953,Play Mode
28954,Too many tags
28955,Please enter the tag
28956,Times:
28957,Private Server
28958,Tag Rules
28959,"1. You can add up to @1 tags.
2. Tags related to violence, blood, gambling, and other prohibited content may lead to the rejection of your work during the review process.
3. The official team has the right to delete or modify tags that contain false information or malicious clout-chasing, and severe violations will be penalized.
4. Recommended tags jump to topic pages, while custom tags jump to searches. Custom tags that gain a certain level of popularity may have the chance to become recommended tags.
5. Choose tags that fit your work to make it more visible to others. Go ahead and fill them in!"
28960,Custom
28961,"Custom tags, up to 12 characters."
28962,Add
28963,Online:
28964,"Selecting ""All"" allows all players in the room to invite others to join the game. Selecting ""Only Host"" means that only the host can send invitations."
28965,You can only add the same tag once.
28966,"After switching to public mode, other players can see the room you've created and join it."
28967,"After switching to single-player mode, other players cannot see your room. You can choose to play in single-player mode or invite friends to join the game."
28968,Do you want to exit the game and start a private server?
28969,More Tags
28970,Successfully added to favorites. You can check it in the online multiplayer lobby under [Mine - Favorites - Tags].
28971,Played %s times cumulatively
28972,Tag Collection
28973,The current work doesn't meet the participation condition.
28974,View Details>>
28975,"The selected ""@1"" map type doesn't meet the participation condition for the ""@2"" event. Changing the map type will remove the selected ""@3"" tag!"
28976,Modify
28977,Note
28978,Please exit the map before proceeding.
28979,"Your friend is not in the map currently, so you cannot follow them."
28980,Server Map
28981,Download
28982,Mine
28983,Manage
28984,Game Library
28985,Game Record
28986,Today
28987,Single
28988,Current Game Duration
28989,Current Number of Players
28990,Unable to request map info. Please try again later.
28991,From
28992,Add to Library
28993,Download and add to Library
28994,"Once a save that hasn't been uploaded is deleted, it cannot be restored.
Are you sure to delete it?"
28995,"Local saves that haven't been backed up [color=#FF0000]cannot be restored[/color] once deleted.
Are you sure to delete it from the library?"
28996,Add to Library
28997,Deleting
28998,Do you want to delete this game record?
28999,@1 players online
29000,@Null@
29001,Delete Save
29002,Post Map
29003,"No need to
Download"
29004,No one can write comments after you close the comment section. Are you sure to continue?
29005,Close Comments
29006,Local Saves Limit
29007,500MB
29008,1GB
29009,3GB
29010,5 GB
29011,8 GB
29012,10 GB
29013,Local saves limit reached. Remember to clean up unnecessary saves or adjust the capacity limit in settings.
29014,Earlier
29015,A week ago
29016,Maps you've played will be automatically added to your game library. You can find and manage them in the start menu.
29017,Got it
29018,The map ID: @1 has been copied to the clipboard.
29019,Cloud backup deleted successfully
29020,Downloading from the cloud
29021,Backup uploaded successfully
29022,Your request is being processed. You cannot operate until you finish uploading it.
29023,The map has not been downloaded. You cannot operate.
29024,Cloud Backup
29025,Local Backup
29026,No backups available. Do you want to create a new one?
29027,Create backup
29028,Restore and Synchronize
29029,Do you want to upload this save to the cloud?
29030,"Cloud Capacity: %s available, total %s."
29031,Uploading to the cloud
29032,Insufficient remaining cloud capacity.
29033,Created
29034,The Soul Pianist has attached itself to your body. Please enjoy the music it brings to you.
29035,"The Soul Pianist has left, you'll be the one in charge."
29036,My Saves
29037,Download Save
29038,[color=#FF0000]The selected content includes the save for a map you created. Do you want to delete it?[/color]
29039,Edit Mode
29040,"You haven't debugged yet. To ensure a good gaming experience,
please debug on the server before uploading. Excellent maps
have a chance to get more recommendations!"
29041,"You haven't debugged yet. To ensure a good gaming experience,
please try it before uploading. Excellent maps
have a chance to get more recommendations!"
29042,Continue to Post
29043,Server Debugging
29044,Trial
29045,"The current map is in [Server Mode].
Once uploaded, it cannot be changed to [Save Mode]."
29046,Edit Game
29992,Third Person2
29993,Steal
29994,Hinder
29995,Block
29996,Pass
29997,Shoot
29998,Sprint
29999,Right click: Hinder/Shoot. Left click: Steal/Pass. Space: Block/Spring
30000,Delete
30001,Cancel Upload
30002,Pause Upload
30003,Cancel Share
30004,Pause Download
30005,Update
30006,Record Saves
30007,UI style switched. Restart game to use
30008,Download list is empty. Find more fun map from Gallery and Multiplayer
30009,Loading
30010,View
30011,Contests
30012,Click Confirm to download UI resource pack
30013,"UI resource pack download failed, please try again later"
30014,UI resource pack downloading
30015,Unable to obtain resource pack. Please try again later.
30016,Newbie Tutorial
30017,Whole room chat banned
30018,Spam: automatically chat banned
30019,Unlimited
30020,5 Minutes
30021,Whole room chat banned(On): Cannot send messages
30022,Whole room chat banned(Off): Can send messages
30023,The host bans chatting（@1）
30024,Ban chat is canceled.
30025,You speak so fast that you are automatically banned chatting（@1）
30026,The host bans chatting. Cannot send messages.
30027,Whole room chat banned: Nobody can send message except host.
30028,Automatically chat banned: Players who spam more than 5 time will be banned chatting for a while.
30029,Chat banned
30030,Cancel ban
30031,The Latest
30032,Newest
30033,Price high to low
30034,Price low to high
30035,Male Priority
30036,Female Priority
30037,UI resources updated#L#c03ddda(Download)#n#n
30038,%s UI Style has updates
30039,%s resource pack downloading
30040,The downloaded resource pack is the latest version
30041,@Null@
30042,No avatars yet. Come and choose some.
30043,Festival Only
30044,Lunar New Year Only
30045,Journey of Xiaolou and Jinyi
30046,Mini Universe
30047,Cute Zoo
30048,Magical Castle
30049,Future Science
30050,Classic
30051,No result for a matching avatar
30052,Total price:
30053,FPS Limit
30054,Update
30055,Lang
30056,Check in Shop
30057,Gift Pack page is Loading Now
30058,Gift Pack
30059,Limited
30060,Limited purchase @1 time
30061,Limited purchase @1 time/day
30062,Limited purchase @1 time/week
30063,Limited purchase @1 time/month
30064,Limited purchase @2 times in @1 days
30065,Refresh after @1 days
30066,Refresh after @1 hour(s)
30067,Expired in @1 day(s)
30068,Expired in @1 hour(s)
30069,Gashapon
30070,Award
30071,Draw x 1
30072,Draw x 5
30073,More
30074,Award Preview
30075,Shard Shop
30076,Unlock Skin
30077,Draw x 1
30078,Draw x 5
30079,Awards are already put in Pack
30080,Congratulation player @1 receives @2
30081,Owned:
30082,Are you sure to redeem @1?
30083,Consume shards: @1
30084,Congratulations! You've got @1. Can be used in the Shop
30085,"Rules:
1. Consume 20 mini coins to draw once. 100 mini coins for 5 times. Have the chance to claim permanent skin, skin shards and skin for days. Awards will be updated periodically.
2. Redeem skin with skin shards in Shard Shop. The Shard Shop will be updated periodically.
3. You won't get skin which you already had.
4. The right to interpret the event belongs to Mini World official."
30086,Preview
30087,Insufficient shards. Please join the event to get
30088,Permanent
30089,3 Days
30090,7 Days
30091,Limited
30092,@1
30093,Restart the game to claim
30094,Your Pack is full. The giftpack will be sent to your mail. Please claim in time(The mail will be kept for 30 days)
30095,Thank you for purchasing giftpack. Your Pack is full. Please clean up your Pack and claim again(The mail will be kept for 30 days)
30096,"Rules:
1. Have the chance to claim permanent skin, skin shards and skin for days. Awards will be updated periodically.
2. Redeem skin with shards in Shard Shop. 
3. You won't get skin which you already had.
4. The right to interpret the event belongs to Mini World official."
30097,Draw failed. Please try again later
30098,Do you want to watch ads to receive additional rewards? This is the only chance!
30099,Receive extra rewards
30100,Refresh Time: @1
30101,1 Day
30102,7 Days
30103,@1
30104,Skin
30105,Avatar
30106,Mount
30107,Role
30108,Item
30109,Try on
30110,Take off
30111,Mini Points Shop Help
30112,Remaining times today: #c0aaa1a@1/@2#n
30113,Insufficient Mini Points. Please watch advertisement
30114,Tips
30115,Are you sure to consume @1 Mini Points to purchase following items?
30116,Watch advertisement to get Mini Points. Redeem fantastic skins and items. You can also redeem items in developer maps!
30117,What are Mini Points?Fulfill tasks in Mini World to get Mini Points. You can redeem items in Mini Point Shop or developer maps.How to get Mini Points?Watch advertisements to get Mini Points. The number of mini-points you get may vary from time to time.
30118,Watch advertisement to get Mini Points. Redeem fantastic skins and items.
30119,"What is Mini Points?
Complete tasks in Mini World to get Mini Points. You can redeem items with Mini Points in Bonus Shop.
How to get Mini Points?
Watch advertisements to get Mini Points. The amount of Mini Points you get may vary from time to time."
30120,You've watched enough advertisements. Please come back tomorrow!
30121,#cef2d2dThe advertisement will be refreshed every day#n
30122,Watch Ad
30123,Insufficient Mini Points
30124,Browse more
30125,Bonus Store
30126,Bonus Raffle
30127,Watch ad to get more Mini points to participate in the raffle.
30128,Consume
30129,Watch ad to get more Mini points
30130,Reward
30131,Go
30132,Free
30133,"Successfully watched ad and received Mini Points, please go to the Shop to check"
30134,"To provide better game service, please turn on App request for data"
30135,Don't show this again
30136,Insufficient tickets
30140,@Null@
30150,@Null@
30151,Send
30152,Enter UID/Name to search for friends
30153,No result
30154,You can send gifts when garden level is higher than #cfa7a0f 3#n and you have been friends for #cfa7a0f5 days#n
30155,Your friend can only receive gifts when his/her garden level is higher than 3
30156,Can only receive gifts when you have been friends for more than 5 days
30157,Can only send gifts when the garden fruit level is higher than 3
30158,Choose the blessing
30159,From @1
30160,Confirm
30161,Have a nice day!
30162,Hope we can be good friends forever!
30163,Happy holiday! Have a nice day!
30164,You will cost  #c0aaa1aMini Coins×@1#n to purchase #cfa7a0f@2#n. Please confirm
30165,@1 Confirm
30166,Insufficient mini coins. Please top-up first(The gifted mini coins can't be used to send gifts to friends)
30167,Sent success. Gift sending...
30168,Gift received
30169,Receive gift from @1(@2): @3. Blessing: @4
30170,Period of validity: Permanent
30171,Please take skin on then click send
30172,You can only send or request Custom Skins purchased with Mini Coins.
30173,"List:
Total price: #c0aaa1aMini coins×@1#n
#cfa7a0f@2#n #c0aaa1aMini coins×@3#n
#cfa7a0f@4#n #c0aaa1aMini coins×@5#n"
30174,Please bind the account then send gifts
30175,Maximum send 20 gifts per day
30176,Can only send gifts max 5 times to the same player per day
30177,You can only send or request gifts when you cancel the skin obtained from events.
30178,"Among the top-up amount you have selected, the part of the gifted mini coins cannot be used for sending avatars and skins. Continue?"
30179,#L#c0aaa1aClick to check the Top-up Notice#n
30180,"1. The Mini Coins received as gifts cannot be used for the Collection Market, sending red packets, or gifting functions.#r
2. There will be no requirements for money transfer from the official staff.#r
3. Do not believe in any cracked version or strangers pretending to be the staff of customer service."
30181,Top-up
30182,Top-up Notice
30183,"All rewards have been sent to your Warehouse, if Warehouse is full, rewards will be sent via mail."
30184,Request
30185,Skin Request
30186,WeChat/QQ Request
30187,Added friend for @1 days before you can send request
30188,Choose message
30189,"Birthday is celebrated only once a year, I wonder if I will receive any presents @1"
30190,"In a bad mood, urgent request for a @1 to make me happy >_<"
30191,Won't it be great to have a @1 during this festive season!
30192,"Your best friend wishes to have a @1, thank you!"
30193,Sent success!
30194,Your request has been successfully sent to #cfa7a0f@1#n
30195,"Adnormal network, please try again later"
30196,Reject and delete
30197,Proceed to gift
30198,Dear #cfa7a0f@1#n #r@2
30199,"Sorry, your request to #cfa7a0f@1#n for #cfa7a0f@2#nskin has been rejected，why don't you try asking someone else?"
30200,Your Skin Request has been rejected
30201,Add friend first before you can make a Request
30202,Shard
30203,Discount
30204,Redeem
30205,Top-up to Claim exclusive skin - @1! (Each player can only claim once!)
30206,Item List
30207,#cfa7a0f@1——Not owned#n
30208,@1——Owned
30209,Still need @1 shards to redeem this item. Are you sure to continue?
30210,@1 Gashapon ticket
30211,5 Gashapon tickets
30212,Gift ticket x1
30213,Insufficient gashapon ticket. Will automatically purchase
30214,Purchase @1
30215,P.S. You can use gashapon ticket to draw in Shop. Have the chance to obtain skins!
30216,@1 Activity ticket
30217,10 Activity tickets
30218,1 Fruit ticket
30219,Send Acticity ticketx1
30220,Insufficient activity ticket. Will automatically purchase
30221,P.S. You can use activity ticket to join the activity in Garden. Have the chance to obtain skins!
30222,Purchase firework(Send #cffda0agashapon ticket#n)
30223,Purchase firework(Send #cffda0aactivity ticket#n)
30224,Purchase success! @1 already in the pack. send @2
30225,@Null@
30226,Gashapon only
30227,Redeem only
30228,Gashapon & Redeem
30229,You've already owned this skin. Can't redeem
30230,You've already owned this avatar. Can't redeem
30231,Operation failed. Please try again later
30232,Item redeeming failed. Please contact the Mini World Official:  miniworldcustomerservice@gmail.com
30233,Item reveiving failed. Please contact the Mini World Official:  miniworldcustomerservice@gmail.com
30250,Your image will be cleared. Continue? Tips: You can backup your match on other slot
30251,Your current image will be covered by the avatars you select. Please back up first.
30252,Avatar Privilege Card
30253,You can use most avatars freely for 30 days. Effective immediately after purchase
30254,@1 Days
30255,You've owned Avatar Privilege Card. Most avatars can be used freely for 30 days. You can save the dressing or purchase permanent avatars.
30256,Avatar Privilege Card Exclusive
30257,Your avatar privilege card will expire soon. Your not owned avatars will be cleared. Do you want to renew?
30258,Renew
30259,Save
30260,Purchase succeeded. Now match your own avatars!
30261,"You have already gifted this skin to @1, please do not give it again."
30262,The skin has been given to @1 via mail. There may be a delay in the mail. You can remind your friend to check it after logging in again.
30270,Item list
30271,#cfa7a0f@1——Not owned#n
30272,@1——Already owned
30273,@1 shards are still needed before redeeming this item. Are you sure you want to continue to draw the gashapon?
30274,Confirm
30275,Please select the purchase quantity
30276,Owned
30277,"Already owned, don’t repeat purchase~"
30278,Ask for skin@1
30279,Paid by friend
30280,Scan the QR code to pay:
30281,Share link
30282,Save image
30283,Reminder: Applicable paying users are over 18 years old
30284,Share to WeChat
30285,Share to QQ
30286,The QR code screenshot has been saved to the album
30287,Link copied to pasteboard
30288,"Dear buddy, scan the QR code and send me a skin@1"
30289,Daily request limit @1 times
30290,You can only ask the same player @1 times a day
30291,Skin request
30292,The monthly request amount has reached the upper limit
30293,Gifted
30294,Cannot accept requests from this friend for @1days
30295,From mystery friend
30296,Receive the gift @1 requested from a friend!
30297,The screenshot of the QR code has been saved to the desktop
30298,"1. The task will be refreshed after the reward countdown ends, and the current task progress will also be cleared. Unclaimed rewards will not be able to be obtained again. Please remember to collect the task rewards in time~
2. The tasks are divided into Mini Point consumption tasks and viewing advertisement tasks. Remember to understand the task conditions before completing them!"
30299,The mini captain reminds you: the real-name top-up amount limit has been reached
30300,@Null@
30301,@Null@
30302,Recharge limit this month: @1/@2
30303,Recharge is about to reach the upper limit
30304,"Your recharge this month will reach the upper limit, please select another gear to recharge"
30305,Request Mini Coins
30306,Share to your friends to help topup
30307,Request Amount
30308,Request
30309,Received Mini Coins
30310,The @1 Mini Coins given by friends has arrived
30311,From Mini Official
30312,Send me some Mini Coins will make me happy to play.
30313,One of the happiest things is to receive the Mini Coin you sent me.
30314,"You don't need alot of Mini Coin, just be satisfied."
30315,"After the payment is successful, please go to the email."
30316,"Dear partner, sweep the QR code, send me #cfa7a0f @1 Mini Coins"
30317,Scan to pay
30318,The player has rejected your request. Try asking other friends!
30319,"Your friend wishes to have a @1, thank you!"
30320,"I'm in a bad mood, waiting for a @1 to make me happy!"
30321,@1 @2
30322,Wouldn't it be great to have a @1 during this festive season?
30323,Friend's Request
30324,Purchase @1
30325,Notification of Declined Request
30326,"Sorry, your request to @1 for @2 @3 has been rejected. Why don't you try asking someone else?"
30327,"Sorry, your request to @1 for @2 has been rejected. Why don't you try asking someone else?"
30328,You need to cancel the custom skin you already own before requesting.
30329,Time of sale for the skin has ended.
30330,"The Mini Coins obtained through top-up bonuses, the Collection Market, and grabbing red packets cannot be used for %s.
 Current available Mini Coins for %s: [color=#FA7A0F]%s[/color]"
30331,"The Mini Coins obtained through top-up bonuses, the Collection Market, and grabbing red packets cannot be used for %s."
30350,@Null@
30351,Can't convert. Please choose a flat position
30352,Can't convert. There is already a creature at the target position
30353,Can't convert in the air or water. Please choose a position on the ground
30354,The convert permission is recalled
30355,Cancel converting
30356,Cooling down. Please try again after @1 seconds
30357,You need to cancel current skin
30358,Converted skin has been recalled
30359,Redeem %d ordinary mount exclusive shards to obtain %d ordinary mount universal shards.
30360,Redeem %d advanced mount exclusive shards to obtain %d advanced mount universal shards.
30361,Redeem %d ordinary mount universal shards to obtain %d advanced mount universal shards.
30362,Please select the mount shard you want to redeem from the list on the right.
30363,Default
30364,Ordinary Mount Exclusive Shard
30365,Advanced Mount Exclusive Shard
30366,Ordinary Mount Universal Shard
30367,"You can use ordinary mount exclusive shards to redeem ordinary mount universal shards
at a ratio of 10:1.
You can also use advanced mount exclusive shards to redeem advanced mount universal shards
at a ratio of 3:1.
Furthermore, ordinary mount universal shards can be redeemed for advanced mount universal shards
at a ratio of 5:1."
30368,Redeem All
30369,Confirm to Redeem
30370,The next level of skill upgrade is at @1.
30371,Obtain @1 to unlock
30372,Mount Library
30373,Owned
30374,Shard Redemption
30375,Level Preview
30376,Not purchased
30377,Level Preview
30378,Mount Development
30379,Do you want to redeem %s advanced %s shards for %s mount universal shards?
30380,Ordinary
30381,Advanced
30382,Unlocking items can be obtained by purchasing packs in the Store - Special Offer.
30383,Mount
30384,Consume
30385,Item and Universal Shards
30386,Unlock
30387,Upgrade
30388,Default Sort
30389,Ascending sequence of online time
30390,Descending sequence of online time
30391,Quality from high to low
30392,Quality from low to high
30393,Mounts that can be directly sold preferred
30394,Mounts that cannot be directly sold preferred
30395,Collection Progress from high to low
30396,Collection Progress from low to high
30397,
30398,
30399,
30400,@Null@
30401,Premium ID:
30500,@Null@
30501,Require @1 Skin to unlock @2. Purchase #c0AAA1A@3(Permanent)#n?
30502,Gift me a @1 skin and we are still good friends
30503,Receiving the @1 skin from you is the happiest thing for me
30504,I really like this @1 skin. Can you gift it to me?
30505,Friend Payment Request
30506,Scan the QR code and send me @1.
30507,"Dear partner, scan the QR code, send me @1"
30508,Send me a Battle Pass and happily play together.
30509,"One of the most happy things, is to receive the Battle Pass from you."
30510,"Not much is needed, send me a Battle Pass and I'm satisfied."
30511,@1 skin is required to unlock @2. Do you want to go to Giftbox to get #c0AAA1A@3 (Permanent)#n now?
30512,Go to Giftbox
30513,Need to have @1 skin to buy @2 buy #c0AAA1A@3 (permanent) #n now?
30514,Need to have @1 skin to use @2 Do you want to buy now #c0AAA1A@3(permanent)#n?
30515,Cancel the summoned creature
30516,Cancel summoning
30600,@Null@
30601,Parameter error
30602,Unable to get configuration
30603,Failed to delete graffiti
30604,Already have a permanent sticker
30605,Abnormal validity period
30606,Compensation failure using graffiti
30607,Failed to purchase graffiti by consuming Mini coins
30608,Failed to calculate validity period
30609,Not within the purchase period
30610,Does not have a graffiti pattern
30611,Pattern selection
30612,Current pattern
30613,Graffiti
30614,"Don’t have spray paint yet, go pick it out"
30615,"Graffiti play instructions

1. The spray paint cans can be moved to the prop bar for use in the equipment bar of the in-game character interface, and the props replaced by the spray paint cans will be automatically moved to the backpack
2. The purchased pattern can be used directly in the game map
3. The graffiti pattern will automatically disappear after a certain period of time in the game map"
30616,Pattern size @1*@2
30617,The content successfully displayed in the mall using props
30618,Get new graffiti paint: @1
30619,Use graffiti to compensate successfully
30620,Current pattern
30621,Patterns used
30622,The operation is too fast
30623,You already have spray paint can in the backpack
30700,@Null@
30701,Mini World
30702,Obtain from event
30703,Remaining: [color=#fa7a0f]@1[/color] days [color=#fa7a0f]@2[/color] hours [color=#fa7a0f]@3[/color] min
30704,Default Bubble
30705,#c0aaa1a@1×@2#nand#c0aaa1a@3×@4#n will be used to purchase #cfa7a0f@5#n. Please be sure.
30706,Insufficient shards
30707,Redeem
30708,Default sort
30709,General exclusive
30710,Premium exclusive
30711,Shards amount
30712,Successfully redeem
30713,"1. When any mount is unlocked, its surplus mount shards can be converted into mount general shards proportionally. The mount general shards can replace any mount shards to unlock the mount（#cfa7a0fExcept for：Hawkstrider, Cool Mini Hopter and Cuckoo#n）

2. General shards use: If you want to unlock a mount, the number of mount shards+the number of general shards should meets the number of mount shards to unlocked, then you can use both mount shards and general shards to unlock the mount

3. Two types of shards: general shards and advanced shards. #cfa7a0f5 general shards can be exchanged for 1 advanced shard#n

4. The following mount shards can be used to exchange for mount general shards, and the exchange ratio is #cfa7a0f10:1#n
Laosaurus Shard, Flying Squirrel Shard, Kylin Shard, Hawkstrider Shard, Little Elephant Shard, Seal Shard, Tuk Tuk Shard, Fortune Cow Shard, Cool Mini Hopter Shard, Grey Swan Shard, Invincible Whirlwind Shard, Cuckoo Shard, Sand Rider Shard, Skateboard Shard, Cat Car Shard
Other mount shards can be used to redeem for mount advanced shards, and the exchange ratio is #cfa7a0f3:1#n"
30714,There are no mount shards yet. [color=#fa7a0f] Click to get it! [/color]
30715,There are no redeemable mount shards. [color=#fa7a0f] Click to get it! [/color]
30716,Silver Pass Season Pack
30717,Silver Pass Combo Pack
30718,Silver Pass 6-month Pack
30719,Go to View
30720,Go to Purchase
30721,Claim
30722,"Silver Pass Rules:
1. After purchasing the Silver Pass, you need to scan and activate it in the game. Once activated, you can immediately claim the rewards for the current month, and subsequent rewards will be issued on the 1st of each following month.
2. After activation, you can claim rewards for up to 5 years. After 5 years, the Silver Pass will expire, and you won't be able to claim rewards anymore. So please make sure to claim your rewards in time.
3. Each type of Silver Pass has an activation limit. The max number of activations varies for different types of Silver Passes. Once you reach the activation limit, you won't be able to activate new Silver Passes temporarily. You can only activate a new Silver Pass after you have claimed all the rewards from any previously activated Silver Pass."
30723,Scan
30724,Activation Time:
30725,Remaining Claiming Attempts:
30726,@1
30727,Available Rewards Now:
30728,"Monthly Rewards:  \n@1*@2, @3*@4, lasting @5 months!"
30729,The specific physical card style may vary and is subject to the actual item received.
30730,Next Claim Time:
30731,All rewards have been claimed!
30732,The Silver Pass has been used
30733,Illegal Silver Pass
30734,Max activation limit reached
30735,Failed to use the card
30736,Silver Pass not activated
30737,Silver Pass reactivated
30738,Silver Pass reward count calculation failed
30739,Failed to add avatar frame
30740,Failed to activate the badge
30741,Failed to save Silver Pass data
30742,It's not time to claim rewards yet
30743,Quick Claim
30744,Activated
30745,Silver Pass
30746,Tap to claim Silver Pass rewards
30747,Silver Pass Rules
30748,Invalid title
30750,
30751,"There is an obstacle ahead, cannot open the dream space."
30752,You are too far away to open the dream space.
30753,There is already a teleportation circle at your current location.
30754,Year of the Rabbit Special Offer
30755,Fortune Charging
30756,Purchase Now
30757,Event Time
30758,"During the event, every 1 Mini Coin spent will earn you 1 charging point. Reach the specified charging level to receive corresponding rewards."
30759,Cumulative charging points reached
30760,Purchase Skin
30761,Purchase
30762,Back
30763,Stay tuned
30764,Go to View
30765,"1. Purchase Conditions:
-If the adventurer does not own any items in the pack, they will need to purchase the entire pack at full price.
-If the adventurer already has some items such as skins, custom skins, or avatar frames from the pack, the cost will be deducted based on the Mini Coin price of the owned items. Purchasing the entire pack will not be at full price (and of course, items already owned in the pack will not be given again).
-If the adventurer already owns all the items in the pack, they will not be able to purchase the pack again.
 2. Reward Distribution:
-For skins/custom skins, please check them in the game at Shop - Custom Skin.
-For avatar frames, please check them in the game in the Warehouse or My Profile.
 3. Due to the large number of rewards being distributed, there may be delays. Please don't worry, your rewards are on their way!
 4. Event Time: From January 21, 2023 to February 15, 2023.
 5. The final interpretation of this event belongs to Mini World's official team."
30766,Purchased
30767,%s/%s/%s-%s/%s
30768,"Event Time: March 16, 2023-March 31, 2023.

Event Details:
(1). Complete anniversary tasks to increase your codex level and get a lot of rewards.
(2). The ordinary codex will be unlocked automatically. During the event, top up any amount (only include top-up in the shop and direct top-up in the official website) to unlock the Premium Codex.
3. After unlocking the Premium Codex, you can start cumulative top-up tasks. Top-up up to the specified amount to claim rewards.
4. Codex rewards need to be manually claimed. Rewards of each level can only be claimed once."
30769,"Event Time: March 16, 2023 - March 31, 2023.

Event Details:
1. Anniversary Tickets are required to participate in the event. Anniversary Tickets can be obtained through the ""7th Anniversary Codex"" event or purchased with Mini Coins. Each Anniversary ticket requires 20 Mini Coins.
(2). Spending 1/10 Anniversary Tickets allows you to draw 1/10 times. You can randomly receive a corresponding number of rewards from the prize pool. Receiving a unique reward will remove it from the prize pool.
3. Draw for a specified number of times to claim progress rewards and additional Anniversary Coins. Anniversary Coins can be used to redeem rare anniversary gifts.
(4). After the event ends, Anniversary Tickets and Anniversary Coins will expire, so please use them in time.

Initial Chance of Lucky Draw:
-Celebration Book (Mount) 0.01%
-Limited Skin Custom Giftbox 0.06%
-Boom Boom Star Assault Rifle (Weapon) 0.19%
-Balloon Backpack (Custom Skin) 0.51%
-Happy 7th Birthday (Spray Paint) 0.89%
-Over the Moon (Spray Paint) 0.89%
-Celebration Hall (Active Avatar Frame) 1.08%
-Cute Bunny Handbag (Custom Skin) 1.27%
-Star Code, Dreamer Code, and Event Tickets 16.50%
-Mini Beans 29.80%
-Anniversary Coins 48.80%."
30770,"During the event, top up any amount to unlock the Premium Codex, and claim the [color=#F58A00]permanent skin ""Hua Qiqi""[/color]."
30771,"Top up any amount to unlock the Premium Codex, and claim the [color=#F58A00]permanent skin ""Hua Qiqi""[/color] and other [color=#06BB17]rewards worth $100[/color]."
30772,Confirm the purchase
30773,Confirm the redemption
30774,Event Time
30775,You've reached the end
30776,Current Progress: %d/%d
30777,Max level reached
30778,Continue Once
30779,Continue Ten Times
30780,Draw Now
30781,Max purchase limit for Anniversary Tickets reached
30782,Permanent Limited Purchase:
30783,The remaining number is insufficient
30784,Insufficient number of Anniversary Coins
30785,Remaining:
30786,Redeemed
30787,Redeem
30788,"Already owned this item, unable to redeem"
30789,Owned
30790,"Event time: April 1, 2023 - April 16, 2023

Event details
(1) To participate in the event, you need to consume crystal gift certificates. Crystal gift certificates can be purchased with mini coins, and each gift certificate needs to consume 20 mini coins.
(2) Consuming 1/10 crystal gift certificates can enter 1/10 draws, and the corresponding number of rewards can be randomly obtained from the prize pool. The only reward content obtained will be removed from the prize pool
(3) Accumulated participation in the lottery to reach the specified number of times, you can receive progress rewards, and get additional magic coins. Magic coins can be used to exchange for rare gifts
(4) After the event, the crystal gift certificate and magic coin will be invalid, please use it in time

Initial probability of lottery draw:
Limited Dress Up (Ding Ding, Lilith) 0.52%
Weapon Outfit (Crescent Moon Flowing Cloud Axe, Yogu Cloud Wave Shovel) 3.14%
Custom Dress Up (Slow Feather, Marshmallow) 4.36%
Dream Building Code and Activity Voucher 11.84%
Tacit gift 29.62%
Magic Coin 50.52%"
30791,Max purchase limit for Crystal Tickets reached
30792,Insufficient number of Magic Coins
30793,Preview
30794,Guide
30795,Start
30796,Redeem
30797,Forge and randomly obtain 1-3 Star Chest
30798,Claim
30799,"The star won't decrease when using Advanced Forging, using @1 times will definitely make star increased."
30800,"Gameplay Introduction:
(1) You can embark on the magic forging journey after activating the chest and claim corresponding rewards according to the final star level of the chest.
(2) You can use Wish Code to activate or forge the chest. Wish Codes are priced at 10 Mini Coins each.
(3) In the initial stage, you can use 1 Wish Code to start forging and randomly obtain a chest with a star rating of 1 to 3. After activating the chest, you can choose to claim the rewards directly or continue to forge the chest.
(4) In the forging stage, you can upgrade the chest by free forging or advanced forging. The higher the star level, the richer the rewards.
(5) You can claim corresponding rewards according to the chest level you reach. When you reach 6-Star, you can claim the ultimate grand prize. After claiming the rewards from the chest of the corresponding star rating, you need to reactivate the chest to initiate the next round of forging.
(6) Rewards obtained from the event  including weapon skin and mount can be used in the Pack. 

Advanced Forging Rules:
(1) When advanced forging fails, the chest level will not be reduced. You can continue to forge at the current level.
(2) When you use Advanced forging 3 times at the current level, the chest will definitely upgrade.
(3) Advanced forging requires a certain amount of Wish Codes. The higher the chest level, the more Wish Codes are required for advanced forging. (1-Star: Wish Code*3 per forging; 2-Star Wish Code*6 per forging; 3-Star Wish Code*10 per forging; 4-Star Wish Code*30 per forging; 5-Star Wish Code*120 per forging)

Free Forging Rules:
(1) Nothing required. If you draw the ""star decrease"" option, the forging process will end.
(2) The chest will upgrade/downgrade according to the drawing result.
(3) If you draw the ""star increase"" option, you can claim the corresponding reward.
(4)If you draw the ""star decrease"" option, you can claim basic reward.

Probability Announcement：
(1) Activate the chest: 1-Star  80%; 2-Star 19.5%; 3-Star 0.5%
(2) Forge the chest: increase 1 star-16%; increase 2 stars-3.9%; increase 3 stars-0.1%; decrease 1 star-70%; decrease 2 stars-10%

Redemption Rules：
(1) The Wish Coin obtained from the event can be used to redeem rewards in the event mall.
(2) Wish Codes and Wish Coins will expire after the event ends. Please use them in a timely manner."
30801,Insufficient remaining quantity
30802,Insufficient Wish Coin
30803,Upgrade the chest level to claim the ultimate mount reward
30804,Mount reward
30805,Forging finished
30806,Free forging
30807,Advanced forging
30808,Sold out
30809,Forging successful! Star level +@1
30810,Redemption limit:
30811,"Drawing ""star decrease"" option will end the current forging round. If you want to continue forging, you need to reactivate the chest. Would you like to use free forging?"
30812,Insufficient Mini Coins. Do you want to spend $[color=#FF903C]%s[/color] to purchase [color=#FF903C]%s[/color] Mini Coins?
30813,"The star won't decrease when using Advanced Forging, Star increase guaranteed for this time."
30814,"The Magic Forging Bench rewards include mount [Aroma of Zongzi], skin [Prime of Youth], weapon [Grass Shovel] and more. The grand prizes like mounts, skins or weapons can only be obtained once."
30815,"Use Wish Code to activate or upgrade the chest. The higher the star level, the richer the rewards."
30816,The Wish Coins obtained from the chest can be redeemed at the redemption center for rich rewards.
30817,You've already purchased the current pack and cannot purchase it again.
30818,Purchase to get
30819,Please select the pack to purchase
30820,The season ends in:
30821,Season Pass Reward
30822,Season Pass Task
30823,Season Pass Event
30824,Purchase Level
30825,Free
30826,Quick Claim
30827,Redeem
30828,Purchase Battle Pass
30829,Purchase Pack
30830,Battle Pass Unlocked
30831,Purchase and upgrade Battle Pass to Lvl @1 to get
30832,Upgrade to Lvl @1 to get
30833,Current Level: @1
30834,Battle Pass Level Combo Pack
30835,Battle Pass
30836,Upgrade Pack
30837,Unlock the following rewards immediately
30838,Unlock the qualification to claim the following rewards immediately
30839,Send
30840,Request
30841,Unlock the qualification to claim the following rewards
30842,Season Pass Task
30843,Battle Pass task completed. It can be upgraded from Lvl @1 to Lvl @2!
30844,Tips: Keep leveling up Battle Pass to claim bountiful rewards!
30845,No more reminders today
30846,Tip
30847,@1 Mini Coins will be spent to purchase @2 levels.
30848,Confirm
30849,Weekly Task
30850,Season Pass Challenge
30851,Week @1
30852,Claim the rewards by completing all the tasks for this week.
30853,Claim the rewards by completing all Season Pass challenges.
30854,Claim
30855,Go to
30856,Watch Ads
30857,Unlock Condition:
30858,The tasks for this week will unlock on @1.
30859,Up to 3 weeks' tasks can be stored
30860,Redemption Shop
30861,Redeemable: @1/@2
30862,Max
30863,Sold out
30864,"Insufficient Season Pass points, unable to redeem."
30865,Your operation is too frequent. Please try again later.
30866,The number of redemptions has reached the limit
30867,Purchase Level
30868,You can receive the following rewards after purchase
30869,Purchase to upgrade from Lvl @1 to Lvl @2
30870,Season Pass Reward
30871,Free Reward
30872,Purchase Battle Pass to unlock
30873,Battle Pass Reward
30874,Season Limited
30875,"[About Claiming Rewards]
1. Rewards are categorized as Free Rewards and Battle Pass Rewards. Adventurers without the Season Pass can only claim Free Rewards. To qualify for Season Pass Rewards, purchase the Season Pass. 
2. Rewards can be claimed upon reaching the corresponding level. 

[About Upgrade]
1. Earn experience by completing tasks and events in the Season Pass, which increases your Season Pass level and unlocks amazing rewards. 
2. Adventurers who have purchased the Season Pass can directly purchase levels to level up. 
3. The maximum level for the Season Pass is Lv.80. Any experience gained beyond the maximum level will be converted into Season Pass Points at a ratio of 50:1. 

[About Tasks]
1. Season Pass Tasks consist of Weekly Tasks and Challenges. 
2. Each week, a group of weekly tasks will be unlocked. Complete all sub-tasks under the weekly tasks to mark them as complete. Each adventurer can save tasks for up to 3 weeks. 
3. Season Pass challenges can only be completed once. 

[About Deadline]
At the end of the current season, access to all content will be disabled. Unclaimed rewards, Season Pass Points, and tasks will be lost. Make sure to claim all rewards before the season concludes. 

[About Ludo]
1. Reach the Lucky Slot tile on the board to participate in the Lucky Draw. Complete each game by passing the orange starting tile to obtain corresponding rewards. 
2. There are three ways to obtain chances to roll the die each season:
Exchange die chances with Mini Beans, regardless of whether you have purchased a Season Pass;
Exchange die chances with Season Pass Points after reaching the maximum level, provided you have purchased a Season Pass;
Invite friends to play Ludo to receive die chances, regardless of whether you have purchased a Season Pass. The invitation is deemed successful only when your friend clicks [Go] in your invitation letter."
30876,New Season Starts
30877,Rewards to be Claimed
30878,EXP to be Claimed
30879,Ends in @1 days
30880,Coming to a close!
30881,Congratulations on completing the Battle Pass Tasks. Please go to Season Pass to claim it.
30882,Max level reached
30883,Ad Bonus
30884,Finished watching the ad! You've earned @1 Season Pass EXP (@2 more times left).
30885,Finished watching the ad! You've reached the max EXP for watching ads this week.
30886,Tap anywhere to close
30887,Unlocked the qualification to claim Season Pass rewards
30888,Lvl @1 Reward
30889,Can be claimed once you've reached the corresponding level
30890,Purchase Battle Pass to get the following generous rewards
30891,Max Season Pass level reached
30892,Insufficient EXP items
30893,Task claimed
30894,Task not completed
30895,This set of tasks is currently unavailable
30896,Reward for completing the set of tasks has already been claimed
30897,You have not met the condition to claim the reward for completing this set of tasks
30898,Parameter Error
30899,System Error
30900,Purchase a Battle Pass to unlock the qualification for redemption
30901,Season Pass level increased!
30902,Season Pass Exclusive
30903,Season Pass
30904,You've reached the max usage limit for EXP Card this week. Please try again next week.
30905,"Tips: Season Pass Points can be used to redeem Season Pass Giftboxes, which might contain permanent skins or weapons!"
30906,Go to Battle Pass
30907,Collection Paradise
30908,Lucky Paradise
30909,Top-up Paradise
30910,Summer Song-Mengran
30911,Open
30912,Currently Owned: @1
30913,Paradise Treasure: [Summer Song-Mengran] will be guaranteed to drop after you open the treasures 100 times!
30914,Absolute strength! Obtained [Summer Song-Mengran]
30915,Completing the tasks on the right side will grant you the unlocking qualification.
30916,Can be claimed once you own any @1 items from the Sanrio Family series skins (@2/@3)
30917,Go to Collect
30918,Claimed
30919,Max attempts of opening reached
30920,Reward Preview
30921,Share
30922,@1 will be spent to purchase @2. Please confirm it.
30923,Purchase failed due to insufficient Mini Coins.
30924,Insufficient number of Paradise Tickets.
30925,Go to Top-up
30926,"If the level is reduced after the draw, the current forging round will end, and you will need to reactivate it.\nDo you want to continue ordinary forging?"
30927,Start Forging
30928,"Once you claim the rewards, the current forging round will end. Are you sure to proceed?"
30929,Current Reward
30930,Reward of the Next Level
30931,Redeem
30932,To be Activated
30933,Skip
30934,Randomly receive Lvl.1 to Lvl.3 rewards.
30935,"The level will not be reduced, and an upgrade is guaranteed every @1 times."
30936,Claim Rewards
30937,Event Time
30938,"The [Summer Fairytale Paradise] event is now available, enjoy your fantasy time.

[Collection Paradise]
Introduction:
(1) To participate, you need to own a specific number of items from the Sanrio family series skins, such as 2, 4, 6, and 8 items, to receive rewards.
(2) Complete collection tasks to get Paradise Treasures. Opening Paradise Treasures has a chance to get [Summer Song-Mengran] (permanent), which will be guaranteed to drop after you open the treasures for 100 times! (Complete all collection tasks, and Paradise Treasure x100 will be guaranteed!)

 [Lucky Paradise]
Introduction:
(1) Activate forging to embark on a magical forging journey, and receive rewards based on your final level.
(2) Open or forge rewards by purchasing Paradise Tickets. Each ticket costs 10 Mini Coins.
(3) In the initial stage, you can unlock forging with 1 Paradise Ticket, and receive initial rewards of 1 to 3 stars at random. After activation, you can choose to directly claim the rewards or continue forging the reward level.
(4). During the forging stage, you can increase the reward level through free or advanced forging. The higher the level, the richer the rewards.
(5) You can claim the corresponding level reward when you reach that level. When you reach lvl 6, you can claim the final grand prize. After claiming the reward for a specific level, you need to reactivate to start the next forging round.

Advanced Forging Rules:
(1) When advanced forging fails, it won't reduce the reward level, and you can continue forging.
(2) By adding 3 advanced forges at the current level, you'll be guaranteed to increase the reward level.
(3) Advanced forging requires a certain amount of Paradise Tickets. The higher the reward level, the more Paradise Tickets are required for advanced forging (Lvl 1-Paradise Tickets*3/time, Lvl 2-Paradise Tickets*6/time, Lvl 3-Paradise Tickets*10/time, Lvl.4-Paradise Tickets*30/time, Lvl.5-Paradise Tickets*120/time).

Free Forging Rules:
(1) It does not consume any items. If you get a negative result, the forging process ends.
(2) The result will determine an increase or reduction in the corresponding level.
(3) If the forging result is greater than 0, you can claim the corresponding level reward.
(4) If the forging result is less than or equal to 0, you can claim the minimum guaranteed reward.

Notice of Chances:
(1) Starting Forging: Lvl.1-80%; Lvl.2-19.5%; Lvl.3-0.5%.
(2) Additional Forging: Add 1 level-16%; Add 2 levels-3.9%; Add 3 levels-0.1%; Deduct 1 level-70%; Deduct 2 levels-10%.

Redemption Shop Rules:
(1) Paradise Points obtained from the event can be used in the Redemption Shop to redeem the desired rewards.
(2) Paradise Tickets and Paradise Points will expire after the event, so please use them in time.

[Top-up Paradise]
Play Mode Introduction:
(1) Having specific skins allows you to claim Paradise Tickets and participate in [Lucky Paradise].
(2) Cumulative top-up tasks to claim rewards when your top-up reaches the specified amount."
30939,The remaining number is insufficient
30940,Insufficient number of Paradise Points.
30941,Redeemed
30942,Tap to Redeem
30943,You already owned this item. Can't redeem.
30944,Owned
30945,Forging ends
30946,Advanced Forging
30947,Ordinary Forging
30948,Free
30949,Sold out
30950,Absolute strength!/nCongratulations on unlocking the grand prize!
30951,Purchase
30952,Redemption Shop
30953,Limited Purchase: @1/@2
30954,Min
30955,Max
30956,Can be claimed if you own Belinda
30957,Go to Obtain
30958,Go to Top-up
30959,Can be claimed once your cumulative top-up reaches $@1.
30960,You can get it by recharging any amount.
30961,"Will consume #cff0000@1 minicoins #n purchase #cff0000@2 #n, please confirm"
30962,"Mini coins are insufficient, please recharge"
30963,Insufficient number of forged coins
30964,Other amounts
30965,Recharge #cff0000@1 #n
30966,buy
30967,exchange
30968,Insufficient mini coins
30969,exchange store
30970,exchange
30971,Sold out.
30972,already have
30973,Hot Sale
30974,new product
30975,@1 day left
30976,Purchase limit @1/@2
30977,Single purchase limit 999
30978,maximum
30979,prompt
30980,"After receiving the reward, this round of forging will end. Do you want to receive it now?"
30981,current reward
30982,Next Level Reward
30983,Receive rewards
30984,Advanced Forging
30985,Receive @Level 1 Reward
30986,Please choose a reward to receive.
30987,"If you draw #cff0000 -1, -2 #n, will end this round of forging.
Whether to continue to use free forging"
30988,Free forging
30989,"How to play:
(1) Activate Forging to start the magic forging journey and receive rewards according to the final level
(2) Open or forge rewards by purchasing forged coins, the forged coins are priced at 10 mini coins/piece
(3) In the initial stage, start forging through forging coins * 1, and randomly obtain initial reward levels of 1 to 3 levels. After activation, you can choose to directly receive rewards or continue forging reward levels
(4) In the forging stage, the reward level is increased through free or advanced forging. The higher the level, the richer the reward.
(5) If you upgrade to the corresponding level, you can receive the corresponding level reward, that is, when the reward level is 6, you can choose to receive one of the contents in the 6-level reward. After receiving the reward of the corresponding level, you need to reactivate to start the next round of forging

Advanced Forging Rules:
(1) When the advanced forging fails, the reward level will not be reduced, and the forging can continue
(2) Adding 3 advanced forges to the current level will definitely increase the reward level
(3) Advanced forging requires a certain amount of forged coins, and the higher the reward level, the more forged coins are required (Level 1 - Forged Coins * 3/time, Level 2 - Forged Coins * 6/time, Level 3 - Forged Coins * 10/time, Level 4 - Forged Coins * 30/time, Level 5 - Forged Coins * 120/time)

Free rules:
(1) Does not consume any props. If the forging fails (i.e. draws -1 and -2 results), the forging will end and needs to be reactivated.
(2) The corresponding level will be upgraded or lowered according to the extraction results
(3) If the forging result is greater than 0, you will receive the corresponding level reward
(4) If the forging result is less than or equal to 0, the guaranteed reward will be received

Probability announcement:
(1) Open forging: + 1 (80%); + 2 (19.5%); + 3 (0.5%)
(2) Additional forging: + 1 (16%); + 2 (3.9%); + 3 (0.1%); -1 (70%); -2 (10%)

Exchange store rules:
The exchange coupon obtained by forging can be redeemed at the exchange store for the desired reward.

Inheritance instructions for reward levels:
When the Magic Forging Table updates the reward content, the Adventurer's current reward level will be inherited, and the Adventurer can choose or continue to forge the current reward level"
30990,Insufficient remaining quantity
30991,Insufficient number of exchange coupons
30992,The item is already owned and cannot be exchanged.
30993,Forging is over
30994,Successfully reached the summit
30995,"absolute strength
Congratulations on reaching the summit"
30996,"No downgrade, #cff0000@1 #n must upgrade"
30997,You can also use #cff0000@1 this week #n
30998,Start forging
30999,
31000,@Null@
31001,My Group
31002,@1/@2 online
31003,Select Group Avatar
31004,Role
31005,Skin
31006,Creature
31007,Host
31008,Group member
31009,Invitation list successfully added
31010,Are you sure to leave the group?
31011,Group invitation: @1(@2 members)
31012,Inviter: @1 (@2)
31013,Host: @1 (@2)
31014,The host removed you from the group #cfa7a0f@1
31015,The host has disbanded the group #cfa7a0f@1
31016,Enter the group automatically
31017,Group invitation is sent. Please wait for reply.
31018,You have joined too many groups. Unable to join.
31019,The group is full. Unable to join.
31020,You invite @1 to join the group
31021,@1 invites you to join the group
31022,Current players in the group: @1
31023,Player @1 is removed from the group by the host
31024,Player @1 is banned from chatting by the host
31025,@1 members in total
31026,Pin
31027,Pinned
31028,Sorry. Please try again later.
31029,Group Name
31030,Open the option to accept all the group invitation. Are you sure to open?
31031,You are reported multiple times recently. Can't chat in group. Please contact the Host.
31032,You are reported multiple times recently and under review. Can't chat in the group.
31033,You are reported multiple times recently. Can't chat in the group until @1.
31034,Pinned cancelled.
31035,The host changes the group name to @1
31036,Are you sure to transfer the group?
31037,You have been reported too many times. Cannot create a group.
31038,Player @1 leaves the group
31039,Are you sure to kick this player out of the group?
31040,Successfully joined
31041,Ivitation refused
31042,You're already in this group
31043,No group yet. Please create or join a group then to share.
31044,Application expires
31045,Content Release Announcement
31046,"Please do not publish or disseminate information that violates the rules in the game. Violators will be severely dealt with.
Violation content includes but is not limited to--
1. Personal privacy information: such as account password, real name, etc.
2. Inducing information: such as recharge purchases, link downloads, etc.
3. Social information: such as social platforms, contact information, website links, etc.
4. Content that violates national laws and regulations:
 (1) Violating the basic principles established by the Constitution;
 (2) Endangering national security, leaking state secrets, subverting state power, and undermining national unity;
 (3) Damage to national honor and interests;
 (4) Inciting ethnic hatred, ethnic discrimination, and undermining ethnic unity;
 (5) Undermining the state's religious policies and promoting cults and feudal superstitions;
 (6) Spreading rumors, disturbing social order, and undermining social stability;
 (7) Spreading obscenity, pornography, gambling, violence, terror or instigating crime;
 (8) Insulting or slandering others, infringing on the lawful rights and interests of others;
 (9) Inciting illegal assemblies, associations, processions, demonstrations, gathering crowds to disrupt social order;
 (10) Acting in the name of an illegal civil organization;
 (11) Those that do not comply with the ""Interim Provisions on the Development and Management of Public Information Services for Instant Messaging Tools"" and comply with the ""seven bottom lines"" requirements of laws and regulations, the socialist system, national interests, legal interests of citizens, public order, social morality and information authenticity, etc. ；
 (12) Containing other content prohibited by laws and administrative regulations.
5. Other content that does not comply with laws, regulations and platform requirements"
31047,"Do not spread or publish information that violates the rules within the group, including but not limited to-
Personal privacy information, violence and terrorism, pornographic and political information, social media information, consumption inducement information, and other content that does not meet the requirements of laws, regulations and platforms."
31048,#c3D4546I have agreed to ceate a Group
31049,Confirm and Create
31050,"Please do not disseminate illegal information such as personal privacy, violent content, pornography, and consumption inducement in the group"
31051,#L#c49463F Please do not post illegal content and disseminate inappropriate info
31052,The group has been dismissed. Can't operate
31053,You are not in the group. Invalid operation
31100,"Mini Captain recommends using #cff723a Sogou input method #n, chatting with your friends! #r Go to #cFF723A ""Language and Input Method"" #n to start"
31101,Understood
31102,View Guide
32000,@Null@
32001,"Dear player, you will receive @1 by watching advertisement. Are you sure to play?"
32002,"Dear player, the advertising data acquisition failed. Please try again."
32003,The number of views for your ads today has reached the upper limit. Please try again tomorrow.
32004,"Dear player, the advertisement only supports the mobile version."
32005,@Null@
32006,Instruction
32007,"#cfa7a0fHow to expand the save slot?#n
Only #c0aaa1aMine#n can be expanded. You can expand save slot by garden upgrading, verified as developer or save purchasing.
 
#cfa7a0fCurrent Save Slot#n
 Reward slot from Garden: #c0aaa1a@1#n
 Reward slot from Developer: #c0aaa1a@2#n
 Reward slot from save purchasing: #c0aaa1a@3#n"
32008,Go to Garden
32009,Developer Verification
32010,Purchase Save Slot
32011,Confirm the purchase
32012,You will spend #c0aaa1a@1×@2#n purchasing #cfa7a0f@3 save slots#n. Please confirm.
32013,"Current save number:@1
Save number after purchasing: @2"
32014,Confirm
32015,#cfa7a0fMy#n save changes:
32016,Mine
32017,Download
32018,Save slot has reached the upper limit!
32019,1 save slot unlocked
32020,The number of slots has reached the upper limit. Please purchase or unlock more
32021,@Null@
32022,@Null@
32023,@Null@
32024,@Null@
32025,@Null@
32026,Not uploaded
32027,Uploaded
32028,Downloaded
32029,History
32030,Maps
32031,Expand
32032,Details
32033,Data
32034,Comment
32035,Creation Date:
32036,Uploaded
32037,Reviewing
32038,Rechecking
32039,To be modified
32040,Saved
32041,Illegal
32042,Blocked
32043,Share
32044,Upload
32045,Update
32046,Download
32047,New downloads yesterday
32048,Current rate
32049,Data
32050,Sum
32051,Downloads
32052,Critics recommend
32053,Comments
32054,Donates
32055,Favorites
32056,Date until @1
32057,Map status
32058,#c0AAFFFReviewing#n
32059,#c0AAFFFRechecking#n
32060,#cFA7A0FTo be modified#n
32061,#cFF3D2BIllegal#n
32062,#cFF3D2BBlocked#n
32063,The map is being reviewed. It will be displayed in Gallery after passing the review.
32064,Illegal content in the game. Please modify and upload again.
32065,The map which has passed the reviewed will be rechecked.It will be displayed in Gallery after passing the recheck.
32066,"Illegal content in the map. The map will be unavailable, and accounts with multiple violations will be banned."
32067,Illegal content in the map. The map will be unavailable.
32068,Click More to download your first map in Gallery!
32069,No recent played maps
32070,Fantastic
32071,Popularity value
32072,Plugin
32073,Score
32074,Person
32075,@Null@
32076,@Null@
32077,@Null@
32078,N/A
32099,@Null@
32100,@Null@
32101,"Dear player, the update is being prepared. File size: #cfa7a0f@1MB#n. Please confirm.(You are recommended to update under WI-FI)"
32102,Downloading new files. Please keep your Internet connected
32103,Download progress: #cfa7a0f@1%
32104,There is not enough storage space on your phone to complete the update. Please clean up the storage space and try again.
32105,This function cannot be used in the multiplayer room.
32106,Only map creator can use this function
32107,Renamed to: @1
32108,"Hack detected,please stop the hacking and relaunch game,or your account may be kidnapped by ET!"
32109,"Please behave well here. If you violate the rules several times, your account will be blocked"
32110,Setting failed. Text password must be 8-12 characters.
32111,"Setting failed. Please use at least two combinations (letters, numbers or English symbols)"
32112,Update your password regularly to improve security.
32113,Please bind your email to the account before changing password
32114,"Supported password format:
1. Character length: 8-12 bits
2. Support input letters (case sensitive), numbers, English symbols. Please choose at least two combinations 
3. Do not use Spaces, Chinese characters or special symbols"
32115,"Supported text password format:
1. Character length: 8-15 bits (one Chinese character takes 3 bits)
2. Supports input of letters, numbers, Chinese characters and punctuation marks"
32116,Must have 2 kinds of characters - number/letter/symbol
32117,Password too short or combination error. Please reset
32118,Password Strength: #cda5b0aMid
32119,Password Strength: #c0aaa0fHigh
32120,Password too short
32121,Change Password
32122,#LSwitch to cellphone verification
32123,#LSwitch to E-mail verification
32124,"Setting failed. Space, Chinese characters or special symbols can't be used as password"
32125,This account is not bound to a mobile phone number
32126,This account is not bound to the email
32127,Current UID
32150,@Null@
32151,@Null@
32152,@Null@
32153,@Null@
32154,@Null@
32155,@Null@
32156,@Null@
32157,@Null@
32158,@Null@
32159,@Null@
32160,@Null@
32161,@Null@
32162,@Null@
32163,@Null@
32164,@Null@
32165,@Null@
32166,@Null@
32167,@Null@
32168,@Null@
32169,@Null@
32170,"Sorry, your Facebook login has expired, please re-login"
32210,@Null@
32211,@Null@
32212,@Null@
32213,"The version is too low, please download the latest version."
32214,"A new version is detected, please go to @1 to download the game."
32215,"A new version of the game is detected, it's suggested to download via Wi-Fi network,"
32216,Patch size: @1M
32217,Downloaded @1MB. @2 we are trying to update. Please wait with patience
32218,Network error please check the network and try to update
32219,Unpacking the resource...@1%
32220,Loading...@1%
32221,"The download failed, please update the game again."
32222,"Decompression failed, please restart the game."
32223,"Insufficient storage, please clear the space."
32224,"The update is complete, please restart the game."
32250,@Null@
32251,Real Name
32252,Return
32253,Event
32254,Star Runway
32255,"[Resource Gallery] You can import the models, plugins and other game resources into the game."
32256,@Null@
32260,@Null@
32300,@Null@
32301,Bunny Pink
32350,@Null@
32500,@Null@
32501,@Null@
32502,Contest
32503,Events
32504,Hot
32505,Xiaolou
32506,Live
32507,News
32508,Map
32509,Product
32510,Bonus
32511,Limited
32512,Maintain
32513,System
32514,Packs
32515,Featured News
32520,Sign In
32521,Event
32522,Gift Pack
32523,Gashapon
32524,Bonus
32525,Mini Treasure Vault
32526,Real Name Authentication
32527,Returning Rewards
32528,Watch
32529,More
32530,Mini Lucky Box Draw>>
32531,There is a new product available!
32532,Gashapon has refreshed!
32533,"There is a new special gift pack available, come and check it out."
32534,Can be redeem
32535,The festival is refreshed
32536,Fruit is about to be ready for harvest
32537,"The fruit is mature, come and harvest."
32538,"Wandering trader is here, go check it out."
32550,@Null@
32551,
32552,small town
32553,camera
32569,
33000,Classic Survival
33001,Advanced Survival
33002,Simulated Survival
33003,Creation
33004,Edit
33005,@Null@
33006,@Null@
33007,@Null@
33008,@Null@
33009,@Null@
33010,@Null@
33011,Recent
33012,Hide Figure Model
33013,Equipment Type
33014,Add Models
33015,Add Models()
33016,Helmet
33017,Cuirass
33018,Legguard
33019,Boot
33020,Back (Special)
33021,Select
33022,The equipment type determines which part of the equipment it belongs to when it's worn
33023,Unit 1
33024,Unit 2
33025,Unit 3
33026,Model
33027,Hanging Position
33028,Head
33029,Chest
33030,Special
33031,Right Hand
33032,Left Hand
33033,Crotch
33034,Right Leg
33035,Left Leg
33036,Right Foot
33037,Left Foot
33038,Select where to hang the unit
33039,Action
33040,Unselected type
33041,Equipment
33042,The unit will be restored to the previous position. Proceed?
33043,Please select equipment type
33044,Physical DEF
33045,Melee Physical Defense
33046,Ranged Physical Defense
33047,Explosion Defense
33048,Element Defense
33049,Burning Resistance
33050,Poison Resistance
33051,Chaos Resistance
33052,Equipment Effect Setting
33053,Equipment Effect Description
33054,Add Effect
33055,Avatars are displayed
33056,Avatars are blocked
33057,"1. Add effects to the equipment, which can affect the attributes, such as attack in air and fly, increase movement speed, etc.2. you can add up to 5 effects per equipment, and all of them will work.3. More functions to use are waiting for you to discover!"
33058,Are you sure to delete this unit?
33059,Original items can't be modified. Try to make a new one!
33060,Frozen Resistance
33061,Defensive Attribute
33100,@Null@
33101,Create plugin pack
33102,Tips: Click and select the plugin to be added to the plugin package
33103,It is detected that some plugins refer to other plugins. Add these plugins to the plugin package?
33104,Need
33105,No Need
33106,"It is detected that some plugins use the models from resource gallery. After packing, #cEF2D2Dthis plugin can't be uploaded#n. Continue?"
33107,Confirm to add
33108,Confirm the variable
33109,The following  variables will be packed in plugin packs. Please confirm
33110,Information of Plugin Pack
33111,Flat Pattern
33112,Name:
33113,Description:
33114,#LOpen Editing:
33115,ON
33116,OFF
33117,Size:
33118,Author:
33119,Current game version:
33120,Last modification time:
33121,"When opened, it allows other players to re-edit the contents of the plug-in pack"
33122,Reselect
33123,Create
33124,Plugin pack name
33125,There are still unsolved problems with plugins.#cEF2D2DThe expected effect of the generated plugin pack may not be achieved#n. You can solve this problems accroding to the tips.
33126,Do you want to save this creating?
33127,"(The next time the plug-in package is created in this save, the creation process will continue)"
33128,Save
33129,Cancel
33130,ALL
33131,My creation
33132,I purchased
33133,Official
33134,No plugin packs now. Create one in map!
33135,No plugin packs now. Check the gallery!
33136,Uploaded
33137,On the shelf
33138,Download
33139,Not downloaded
33140,Do you want to download this plugin pack?
33141,Plugin pack name
33142,Please select the plugin pack
33143,Import
33144,Upload
33145,Cancel uploading
33146,Disenable
33147,Enable
33148,Delete
33149,Restore
33150,Are you sure to delete the plug-in pack?
33151,#cEF2D2D(You can only delete the edit history of official plugin pack. The plugin pack won't be deleted)#n
33152,#cEF2D2D(Content which is edited in save may not be retrieved)#n
33153,The plugin pack will work after reentering the map. Please reenter the map.
33154,Reenter later
33155,#cEF2D2DWarning: Current block plugin has reached the upper limit! The excess will be replaced by soil block.#n
33156,The following plugin packs already exist in the current map. These plugin packs can be overwritten or skipped in batches.
33157,Last edited version of the game:
33158,Exit managing
33159,This plugin pack has upload history. Do you want to upload the editing record to server?
33160,Don't upload
33161,The plugin pack will work after reentering the map. Reenter now?
33162,Please select the item type
33163,Please select the plugin pack that you want to add
33164,Inner plugin
33165,Edit plugin pack
33166,Cover
33167,Skip
33168,The following plugin packs need latest version to support. Can't import maps. Please update to the latest version!
33169,#cEF2D2DNotice: You can't edit the individual plugin in main library!#n
33170,The following plugin packs need latest version to support. Please update to the latest version!
33171,Please select a plugin
33172,#cEF2D2DThe author of current plugin pack doesn't allow others to modify this content!#n
33173,Help for creating plugin pack
33174,"#cfa7a0fHow to create a plugin pack?#n

1.  Select the plugin you want to pack. Please [add].
2. Confirm the variable of the packing.
3. Edit your information of the plugin pack, such as the name and description. 
4. Confirm the condition of the selected plugin. If there is something wrong with a plugin, there will be a notice: Red spot - The plugin has a problem with its triggers. Exclamation mark - That plugin has a model downloaded from the resource gallery.
5. Click [Create]. Then a plugin pack is done! You can find it in current map and main library.

Notice: The plugin pack will work after re-entering the map!"
33175,Help for creating plugin pack
33176,"#cfa7a0fCurrent Map:#nIn the current map, you can edit imported plugin packs, including:       1. Modify the display, name and other information of the plugin packs.      2. Modify individual plugins in plugin packs, such as appearance, attribute, and partial triggers.      3. The edited plugin pack will work after saving and re-entering the map.      #cfa7a0fMain Library:    Content that can be edited in the Main Library:     1. Modify the name and other basic information of the plugin packs     2. Modify individual plugins in plugin packs, such as appearance and attribute.     3. You can't modify the display picture and triggers, or scripts of individual plugins. Note: Downloaded plugin packs cannot be modified if the author has not enabled the editing function, and you won't be able to view the plugin contents."
33177,You don't have plugin pack which can be put on shelf. Back to main library!
33178,Plugin Pack topic
33179,The plugin pack will work after reentering the map. Please reenter the map.
33180,Synchronize
33181,Synchronize selected plugins to main library? Current plugins in main library will be covered
33182,The last modification time:
33183,The following plugin packs have been uploaded in the main library. Do you want to synchronize them to the main library and upload to the server?
33184,Synchronize and upload
33185,Synchronize only
33186,Deletion will work after reentering the map. Please reenter the map.
33187,The operation will work after reentering the map. Do you want to reenter the map?
33188,The ban will work after reentering the map. Do you want to reenter the map?
33189,Download to check more plugins!
33190,Would you like to synchronize these modifications with products already on the shelf?
33191,Update the shelf
33192,Main library: @1
33193,Current map: @2
33194,The selected plugins have reached the upper limit!
33195,The number of selected plugin packs has reached the upper limit! Import failed!
33196,Edit the item information
33197,Save the editing
33198,Current block plugin has reached the upper limit! The excess will be replaced by soil block.
33199,Uploading
33200,The following plug-ins contain contents of other plug-ins packages. These plug-ins cannot be added to the new plug-in package and have been unchecked.
33201,To be updated
33202,Updated! The item will be displayed at Resource Gallery after passing the review
33203,This plugin pack has upload history. It will be back on shelf and synchronize to the latest version so that you can update information of this item.
33204,Cancel update
33205,This plugin pack has been edited but not updated in local. Please upload again to put it on the shelf again.
33206,This plugin pack is being reviewed. Can't be updated
33207,Plugin pack which contains model downloaded from Resource Gallery will be filtered!
33208,Uploaded successfully
33209,This item has been deleted by author!
33210,Banned plugin pack can't be edited!
33211,The item which is being reviewed can't be put on shelf. Please retry after passing the review
33212,You can't create an empty plugin pack!
33213,Select the plugin you want to add
33214,You can't use illegal plugin pack
33215,You can't edit illegal plugin pack
33216,Current plugin pack has already been imported to the map. Do you want to cover it?
33217,You must choose a map!
33218,Items under review cannot be edited!
33219,"Items in the review cannot be deleted, please wait for the review to pass before deleting!"
33220,Illegal plugin packs can't be on the shelf!
33221,Plugin extraction failed. Please reload.
33222,"The current number of map plugin packs has reached the upper limit, and the new packhas been saved to the main library."
33223,This storyline is not in the plugin pack. Can't edit
33224,"If the plugin is saved as the new template, partial trigger and partial script can be copied when you reenter the map. Please reenter the map."
33225,Current plugin pack content cannot be added into the new plugin pack.
33226,Enter current map?
33227,Import success
33228,Import failed
33229,"The plugin pack is currently being added, please remove product from the Resource Centre and try again"
33230,Please edit plugin pack and re-upload again
33231,Some models referenced by the plug-in have been lost. Do you want to continue packaging?
33350,@Null@
33351,Miniature models loading...
33352,Miniature models are successfully loaded...
33353,Plugin pack loading...
33354,Plugin pack is successfully loaded...
33355,Audio loading...
33356,Audio loading is complete!
33357,Image loading...
33358,Image loading is complete!
33399,@Null@
34000,Ignore
34001,Enchantment Library
34002,Insert ID
34003,Edit Mode is on
34100,@Null@
34101,World Setting
34102,Time
34103,Weather
34104,Spawn
34105,Gravity
34106,Machinery
34107,Falling Damage Switch
34108,Map Rules
34109,Start Setting
34110,Game Target
34111,Team Setting
34112,Start Introduction
34113,Start the Introduction
34114,Start
34115,Player Setting
34116,Player Behavior
34117,Respawn Setting
34118,Number of Life
34119,Skill
34120,Allow skill to take effect
34121,Player Operations
34122,Double Jump
34123,Moveable
34124,Mount Operation
34125,Summon Allowed
34126,Respawn Rules
34127,Respawn Way
34128,Auto Rebirth
34129,Respawn Manually
34130,Defeat Punishment
34131,Display Setting
34132,Notification Setting
34133,Version Setting
34134,Player Attribute
34135,Initial Attribute
34136,Initial Items
34137,Initial Appearance
34138,Experience Mode
34139,Drop Boxes
34140,Set the Start Introduction
34141,Add New Introduction
34142,Display Picture
34143,Introduction
34144,Screenshots
34145,Team Setting
34146,Start the Team
34147,Team Color
34148,Team
34149,Max Members
34150,Max Members: @1/40
34151,No Team
34152,Team 1
34153,Team 2
34154,Team 3
34155,Team 4
34156,Team 5
34157,Team 6
34158,Team Assignment
34159,Assignment Method
34160,Order Assignment
34161,Random Assignment
34162,No Assigned Team
34163,Choose a Team
34164,Basic Setting
34165,Permission Setting
34166,Initial Attribute
34167,Initial Items
34168,Initial Appearance
34169,Custom Configuration
34170,Edit Custom Permission
34171,Assaultable
34172,Can be injured
34173,Beatable
34174,Pickup Items
34175,Disposable items
34176,Basic Attribute
34177,HP
34178,Hunger pt
34179,Attack
34180,Physical ATK
34181,Element ATK
34182,Defense
34183,Physical DEF
34184,Element Defense
34185,Moveable
34186,Moving Speed
34187,Items in Shortcut Bar
34188,Items in Bag
34189,Initial Model
34190,Write a cool introduction...
34191,Initial Model of Character
34192,Use Custom Model
34193,Choose a Model
34194,Star Setting
34195,Max Stars
34196,Level Mode
34197,Start Level Mode
34198,Max Level
34199,Experience Growth
34200,Current Experience: @1
34201,Quick Setting
34202,Level Range
34203,Experience Range
34204,Growth Curve
34205,Standard
34206,Earlier Stage
34207,Later Stage
34208,"The level upgrade speed is relatively average, and the experience required for upgrading in each stage is relatively balanced"
34209,"The upgrade in earlier stage is relatively rapid, and the later upgrade requires more experience"
34210,"The upgrade in earlier stage is relatively slow, and the later upgrade requires less experience"
34211,Can use items
34212,Can't summon mount in current map
34213,Choose automatically after @1 seconds
34214,Initial Items
34215,Initial Items in Shortcut Bar
34216,Initial Items in Bag
34217,Initial Equipments
34218,Set the initial items in shortcut bar
34219,Choose items
34220,Set the initial items in bag
34221,Number
34222,Choose a @1
34223,Original
34224,Custom
34225,Set initial equipment
34226,"Setting failed, please set the correct level range"
34227,"Setting failed, please set the correct experience range"
34228,"The total number of people can be set to reach the upper limit, and the maximum number of people in the team has been set to @1"
34229,Image not set
34230,Output level experience
34231,Only work in maps which have level mode. EXP can upgrade players' level
34232,Details
34233,Melee Physical Attack
34234,Ranged Physical Attack
34235,Explosion Attack
34236,Burning Attack
34237,Poison Attack
34238,Chaos Attack
34239,Melee Physical Defense
34240,Ranged Physical Defense
34241,Explosion Defense
34242,Burning Resistance
34243,Poison Resistance
34244,Chaos Resistance
34245,Join the team successfully!
34246,This team is full. Please select another team
34247,Choose Your Team
34248,Level upgraded to lv.@1!
34249,Switch view
34250,Show Damage
34251,Don't show damage
34252,Only show own damage
34253,Show team DMG
34254,Show all damage
34255,Activation failed. Map has switched off show damage
34256,Health Bar
34257,Activation failed. Map has switched off show health bar
34258,Set the maximum number of players
34259,The number of players recommended by the system
34260,The system will recommend the number of fast join games based on the classification of map gameplay.
34261,By number of team members
34262,(@1 person)
34263,Fill in according to the number of people set by the team.
34264,Custom player count
34265,(@1 person)
34266,"#cfa7a0f Description of maximum number of players #n
The upper limit setting of the number of players controls the number of online games. For players to have a better gaming experience, the upper limit of the number of online players is determined by the map developer.

#cfa7a0f Introduction #n
1. The number of players recommended by the system: The system will recommend the number of fast-connected games based on the map gameplay classification.
2. Number of team members: Fill in according to the number of people set by your team. (Maximum 40 people, minimum 2 people)
3. Customize the number of players: generally applicable to gameplay maps without teams. (Maximum 40 people, minimum 2 people)
4. If the number of team members and the number of custom members is greater than 20, it needs to be set by certified developers.

#cfa7a0f Gentle reminder #n
It is not necessary to set player count to as many as possible, you need to adapt to your map gameplay and map size."
34267,"Non-certified developers can set up to 20 people, and your setting exceeds the limit"
34268,Cancel
34269,Become a certified developer
34270,"The team must be at least 2 people or more, and the ""system recommendation"" option will be selected for you."
34271,OK
34272,The number of players to start is 1 or without any restriction. Unable to disable midgame join.
34273,Cannot disable mid-game join when skip and start
34274,Please re-enter the level range
34275,Weather
34276,Temperature System
34277,Bad Weather
34278,Snow
34279,Dust Storm
34280,Tempest
34281,Blizzard
34282,Freezing Attack
34283,Knockback Resistance
34284,Physical Damage
34285,Elemental Damage
34286,Burning Damage
34287,Poison Damage
34288,Chaos Damage
34289,Lightning Damage
34290,Freezing Damage
34300,Import model
34301,Confirm
34302,Please enter the name
34303,Please enter the description
34304,@Null@
34305,@Null@
34306,@Null@
34307,@Null@
34308,@Null@
34309,@Null@
34310,@Null@
34311,@Null@
34400,@Null@
34401,Upload Setting
34402,Permission Setting
34403,Upload as #L#cfa7a0fMap Template#n
34404,Template Setting
34405,Template Mode
34406,Buy-out
34407,Only for Study
34408,Charge Method
34409,You can't upload template map
34410,You can add commercial content
34411,Set charge method
34412,"If you upload a template map, it will be automatically uploaded as the template map"
34413,You can't add commercial content
34414,Can't set charge method
34415,Secondary Creation
34416,Use Template
34417,Search template map only
34418,Create a template map
34419,The list of saves is full. Please use after clearing
34420,This map is only for study. You can't set developer store
34421,The following resources belong to the authors. You can't move them to main library.
34422,This resource is not original. You need to unlock it in Resource Gallery. Unlock?
34423,See the original
34424,Template information
34425,Original
34426,This map is unavailable. The author put it off the shelf or it's illegal
34427,Author:
34428,Publish time:
34429,"This map is template map. You can edit it after generating.

This template is #cfa7a0fonly for study#n. You can only modify it but can't #c01c21badd commercial content#n. Maps published after editing need to be forced to enable the template function.

Click confirm to enter an editable map in #cfa7a0fsave list#n. Continue?"
34430,Current template map doesn't support trigger
34431,Recommended Template
34432,Free
34433,"This map is template map. You can edit it after generating.

This template is #cfa7a0fbuy-out#n. You can only modify it but can't #c01c21badd commercial content#n. Maps published after editing need to be forced to enable the template function.

Click confirm to enter an editable map in #cfa7a0fsave list#n. Continue?"
34434,Developer commercial content is unavailable for this map
34435,You can't create template for your own map
34436,The map contains non-original resources. Can't be uploaded as buy-out template map
34437,No template information
34438,Failed! The map isn't reviewed
34439,Failed! The map isn't template map
34440,Failed! Template type error
34441,Use Failed!
34442,You can't create new plugin pack in template maps
34600,@Null@
34601,Save player's data
34602,Detailed settings
34603,Select the data you want to save
34604,Item
34605,Character Attribute
34606,Status
34607,Currency
34608,Pack Item
34609,Shortcut Bar Item
34610,Equipment
34611,HP
34612,Hunger pt
34613,Bacis Speed
34614,ATK/DEF
34615,Current level/EXP
34616,Current Status Effect
34617,No. of stars
34618,My Progress
34619,"Are you sure to delete the progress
(#cfa7a0fUploaded progress will be cancelled uploading and deleted#n)"
34620,"Are you sure to upload the progress?(#cfa7a0fAfter uploading, the progress can be synchronized across devices#n) [The current save is only applicable for single-player and common online games]"
34621,Manage
34622,Upload
34623,Cancel Uploading
34624,Delete
34625,"The progress this time has been saved in ""My Progress"""
34626,Uploaded
34627,Uploading has reached the upper limit. Can't upload
34628,Play Time
34629,Latest Play
34630,Upload Cloud Variable
34631,Uploaded cloud variable has reached the upper limit. Can't create new ones.
34632,Upload cloud variable to server. Then it will be a long-term preservation
34633,This variable is cloud variable. Player will lose data if it's deleted. Continue?
34634,Quit Play Mode
34635,Reset the Map
34636,Do not reset the map
34637,Players who play this map will share the same data when entering different rooms.
34638,"#cfa7a0fWhat is saving data?#n
Players who play this map will share the same data when entering different rooms.
That means when player enter different rooms playing the same map, the data will be synchronized.

#cfa7a0fWhich kinds of data will be saved?#n
You can select the data you want to save in detailed information
1. Item information: You can save item information in pack, shortcut bar and equipment bar.
2. Character attribute: HP, hunger point, basic speed, attack/defense, current level/EXP can be saved.
3. Status: Current status effect and lasting time can be saved.
4. Currency: The number of stars and progress can be saved."
34639,"Are you sure to cancel the progress uploading?
(#cfa7a0fIt can't be synchronized after cancelling#n)"
34640,Played for #c01c21b@1 hour(s)
34641,Do you want to upload the progress of this game to prevent loss of progress?
34642,No progress
34643,Uploading failed
34644,Cancel uploading failed
34645,Upload game progress successfully
34646,Cancel uploading
34647,"Cloud variable data storage is too large, unable to save Please keep the number of cloud variable values below 1000"
34648,The game progress has been saved to the server
34800,@Null@
35000,@Null@
35001,Write to my friend @1
35002,"Goodbye, my dear @1"
35003,A letter to @1
35010,@Null@
35011,I know you helped me remove the mask. I always felt dizzy when wearing it before. Now I am much smarter!
35012,"I can't remember anything about the past, just remember that you helped me and took me home."
35013,You are my best friend. I'm quite happy everytime I see you
35020,@Null@
35021,"Life here is great, but maybe it's time to go now. Next I might go to find my tribe-Although I still can't remember who I used to be, where my family and friends are"
35022,"Although I like to live with you, I have always wanted to travel. Now I finally make up my mind to take on adventures! Thank you, good bye!"
35023,It's feeling great to be with you. But I also want a free life. I decide to live alone. Thank you for taking care of me!
35030,@Null@
35031,"#rRight, there is too little food at home. Remember to save more"
35032,#rI always get hungry. It'll be great if I can have more food!  I'm already drooling just thinking about it
35033,"#rThere should be a lot of delicious food outside? Grilled meat, wild vegetables, bread... I can't wait!"
35040,@Null@
35041,"#rBy the way, it'll be great if there was a soft bed in the village. The stone on the ground hurt my butt when I was sleeping"
35042,#rEverything here is fine except for a soft bed. I may get sick sleeping outside.
35043,"#r P.S.: I have never found a place to sleep before, so I always doze off in front of you. Don't be mad at me"
35049,@Null@
35050,Monument
35051,"@1 @3 ,who is a @2, lives in village of @4 for @5 days and left the village because of @6

@7"
35052,-In memory of @1
35053,getting seriously injured after falling accidentally from a height
35054,getting burned by high temperature by accident
35055,not being treated properly when sick
35056,forgetting to warm up before swimming and getting cramped in the water
35057,getting hurt when fighting with enemies
35058,unfortunately getting hit by arrows in a battle
35059,seriously getting injured in an accident
35065,@Null@
35066,making up the mind to find food
35067,often getting hungry
35070,@Null@
35071,sleepwalking to a place where no one could find
35072,often getting tired and suddenly making up the mind
35075,@Null@
35076,We sigh for losing this precious companion
35077,Don't call me. I won't wake up!
35078,It will happen anyway
35080,@Null@
35081,The brave left the fearless back
35082,"That voice is blowing like wind, resounding through the mountains and rivers"
35083,May his beloved animals and the natural land accompany him forever
35084,Let us be touched. There was a kind person around us
35085,He is free like wind and light-hearted like flowing water
35090,@Null@
35091,I wish this companion a smooth journey in the future
35092,Looking forward to a moment of reunion with this friendly partner
35093,All good things must come to an end. Goodbye my friend!
35095,@Null@
35096,Farmer
35097,Woodman
35098,Guardian
35099,Shooter
35100,Helper
35101,Villagers
35102,Hunter
35103,Worker
35105,@Null@
35106,Silent
35107,Brave
35108,Talktive
35109,Animal-loving
35110,Helpful
35111,Light-hearted
35120,@Null@
35121,Members:
35200,@Null@
35201,@Null@
35202,@Null@
35203,@Null@
35204,@Null@
35205,@Null@
35206,@Null@
35207,@Null@
35208,@Null@
35209,@Null@
35210,@Null@
35211,@Null@
35212,@Null@
35213,@Null@
35214,@Null@
35215,@Null@
35216,@Null@
35217,@Null@
35218,@Null@
35219,@Null@
35220,@Null@
35221,@Null@
35222,@Null@
35223,@Null@
35224,@Null@
35225,@Null@
35226,@Null@
35227,@Null@
35228,@Null@
35391,@Null@
35392,@Null@
35393,@Null@
35394,@Null@
35395,@Null@
35396,@Null@
35397,@Null@
35398,@Null@
35399,@Null@
35400,@Null@
35401,Next time!
35402,"Dear player, nobody has created a multiplayer room of this map. Do you want to create one?(You can create the room only after downloading the map)"
35403,New Player
35404,The tutorial will help you to learn how to survival in the game easily.
35405,Experienced Player
35406,Start Game Directly. I am a pro gamer!
35407,#cffda0aWelcome to Survival Mode#n
35408,How to Collect
35409,How to Build
35410,How to Attack
35411,"Tips: Craft #cef2d2d a bed #n to sleep at night, or hide in a #cef2d2d bright cave#n"
35412,#cccea4aDo your best to survive!#n
35450,@Null@
35500,@Null@
35501,UID Deleted
35502,"After deleted, your UID won't be able to login Mini World and its related products. All content related to this UID will disappear eternally."
35503,We'll make following verification to ensure safety of your account and asset before delete
35504,#c3D4546I've agreed#n#L#cfa7a0f<UID deleted Instructions>
35505,"Your UID is deleted, please exit game."
35506,UID deleted
35507,UID deleted failed
35508,UID deleted failed due to the following reasons:
35509,QQ
35510,Wechat
35511,
35512,OK
35513,Please enter DELETED below
35514,Confirm
35515,We found you're creator. Please note there will be no creator related rights after deleted. Are you sure to delete?
35516,OK
35517,Cancel
35518,Your UID@1has been deleted.
35519,OK
35520,UID Deleted
35521,This UID has been deleted.
35522,The current UID@1has been deleted. Would you like to login new UID?
35523,Keep unchanged
35524,Create new UID
35525,Please agree and check UID deleted Instructions
35526,The account is safe
35527,No password change history in recent 15 days. (No restriction set within 15 days)
35528,The account has been unbound
35529,"Mobile, E-mail and others have been unbound."
35530,Relevant balance has been settled
35531,Creator's balance should be settled.
35532,The account is unsafe
35533,There's the password change history in recent 15 days
35534,The account is not unbound
35535,Mobile
35536,E-mail
35537,Not unbound
35538,Relevant balance is not settled
35539,Creator's balance is not settled
35540,DELETED
35541,Please enter DELETED
35542,UID Deleted Instructions
35543,"With your comprehension and agreement, you will undertake all results once Mini UID is logged off, in which such results include but not limited to:
1. Your UID will not be able to login Mini World and its related product and UID cannot be retrieved after logoff.
2. Your UID data including all items, coins and balance will be cleared out after logoff. With your comprehension and agreement, the generated but not consumed benefits and possible generating benefits of this UID will be abandoned via logoff.
3. Published maps and resources will be deleted or managed by cryptonym after logoff (unless there is relevant laws and regulations). You will not be able to search, visit, transfer, acquire, use, retrieve and request official to retrieve after foresaid contents are deleted or managed by cryptonym.
4. Other (possible) results due to UID logoff"
35544,Sure to delete UID?
35545,OK
35546,Cancel
35547,Failed to delete your UID
35548,Failed to delete UID due to the following reasons:
35549,Please enter DELETE UID below
35550,I agree to delete the UID
35551,PRESS START
35552,Guest Mode
35553,Account Login
35554,#LForgot Password#n
35555,Login Method
35556,UID:
35557,Account
35558,Switch Account
35559,Account Recovery
35560,#LMore login options#n
35561,Delete
35562,Confirm
35563,Are you sure to delete the login history?
35564,Recovery Account/Password
35565,Account Security
35566,Verification Method
35567,Deleting the current login account will exit the game. Are you sure to continue?
35568,Account Security
35569,Account Deleted
35570,Security
35571,Switch login mode
35572,"If you can't find the code, please check your junk mail box."
35573,Link your account so you can reset your password or retrieve your UID when forgotten.
35574,Please set PW first
35575,Deleted Successfully
35576,Bind Information is not available
35577,UID Retrieve is not available
35578,I agree to delete
35579,#c3D4546 Please read the #n#L#cfa7a0f UID Deleted Rules carefully #c3D4546 before continuing
35580,Account Deletion
35581,I agree to delete
35582,Please check to agree to the UID deletion instructions
35583,Please enter DELETE UID
35584,Confirm Deletion
35585,"Are you sure to delete your UID? Once deleted, all your account info and data will be deleted."
35586,It is detected that you're a developer. Please note that there will be no developer related benefits after deleting the UID. Are you sure to continue?
35587,"Your UID is deleted, please exit the game."
35588,Your UID @1 is deleted.
35589,UID Deletion Instructions
35590,"With your comprehension and agreement, you will undertake all results once Mini UID is deleted, which such results include but are not limited to:
1. Your UID will not be able to log in to Mini World and its related product and UID cannot be retrieved after that.
 2. Once deleted, your account data including all items, tokens and balance will be cleared out. With your comprehension and agreement, the generated but not consumed benefits and possible generating benefits of this UID will be abandoned once deleted.
 3. Published maps and resources will be deleted or managed by cryptonym once deleted (unless there are relevant laws and regulations). You will not be able to search, visit, transfer, acquire, use, retrieve or request the team to retrieve them after foresaid contents are deleted or managed by cryptonym.
 4. Other (possible) results due to UID deletion."
35591,Verification
35592,Switch Verification Method
35800,@Null@
35801,Login or game speed issues
35802,The game crashes or has no response
35803,Unable to play multiplayer
35804,Map Download lagging and errors
35805,The survival mode is too difficult
35806,Developer function
35807,Map or saves is missing
35808,Trigger or API
35809,Recharge issue
35810,Please the problem you've encountered(12-400 charatcters)
35811,"Recharge time:
The recharge amount:
Order number:"
35812,"The trigger consists of three types: events, conditions, and actions. Please provide specific details about which type of issue you're encountering and the steps you've taken:"
35813,What problem do you get?
35814,Detailed description
35815,(Please enter your email)
35816,Please select your problem
35817,Please provide a detailed description and resubmit
35818,"Sorry, we are currently dealing with the feedback you have submitted, please submit new questions later, thank you."
35819,"We have received your feedback, thank you for your support to Mini World!"
35820,Bug
35821,Please provide specific details about the bug you're encountering and the steps you've taken:
35830,@Null@
35850,@Null@
35851,Returning Gifts
35852,"Welcome back adventurers! 
1. Returning players can claim rewards and unlock permanent avatars by completing tasks.
2. The tasks have time limitation. Please complete the tasks in time!"
35853,Countdown:
35854,Welcome Back!
35855,Hot Maps
35856,Latest
35857,Returning Value:
35858,Remaining Returning Value: @1
35859,Returning Value: @1
35860,Rewards
35861,Tasks
35862,History
35863,Complete the tasks and redeem rewards!
35864,The tasks countdown: @1
35865,The time is over. The tasks end
35866,Returning Value+@1
35867,Redeem
35868,Redeem times @1
35869,Redeem Item
35870,Consume Returning Value
35871,Redeem Number
35872,Redeem Time
35873,Select the rewards you want
35874,Confirm
35875,You will receive @1. Please confirm
35876,Featured
35877,More
35878,Hot Sale
35879,Welcome Back
35880,"Dear Adventureres,
Hey, Haven't seen you for a long time! It has been @1 days since last time you logged in! We are so glad that you come back! We've prepared some gifts for you! Hope you will like it~"
35881,Join multiplayer room to claim rewards(The rewards will be sent via mails)
35882,Join Multiplayer
35883,Reselect
35884,Insufficient Returning Value. Can't redeem
35885,Redeem failed. Please try again later
35886,Complete the task! Returning value+@1
35887,You will consume  @1 to redeem @2. Please confirm
35888,Overloaded. Please try again later
35889,Returning Value
35890,Days
35950,Work Together to Win Rewards!
35951,Activity Time:
35952,Rewards
35953,Bind Friend
35954,View Request
35955,Find Friend
35956,Apply
35957,Applied
35958,"You don’t have any friends yet, go find a friend nearby."
35959,Leave a message:
35960,Unbind
35961,Daily Quest
35962,Event Quest
35963,Edit application content
35964,Wait for approval after application
35965,Event Rules
35966,Enter the map online with friends
35967,Download @1/1map
35968,Complete @1/@2 daily quests
35969,Connect with friends @1 times
35970,Watched @1 ads during the event
35971,Topup 1 time
35972,Kill @1-@2 times
35973,Warning!
35974,"Unbinding is an irreversible operation.
You will not be able to claim the rewards again, the accumulated points will be cleared and the quest list will be reset."
35975,Are you sure to bind this friend?
35976,Application success
35977,Application failed
35978,Sucessfully unbind
35979,Harvest crops once in new home
35980,Harvest livestock once in new home
35981,"Sorry, selected friend has been binded to another player, please select another friend"
36000,@Null@
36001,Please select the map to import
36002,You can only create the plugin pack after entering the save
36003,You can't create a plugin pack in creation mode
36004,You have to save before you can edit the plugin pack
36005,You cannot edit the plugin pack in Creation Mode!
36020,@Null@
37000,@Null@
37001,Music player
37002,No on-demand
37003,Deletion failed: song id does not exist
37004,"There is no playable song in the current list, please add a song list"
37005,"#cfa7a0f About Music Management Function #n
-In online games, only the host or server has the authority to exercise management operations in the music player, such as pause, next song, delete song, etc.;

#cfa7a0f About music content that can be played on demand #n
-For the time being, only some of the songs authorized by QQ Music are supported. Currently, we are striving for more song-on-demand permissions, so stay tuned;

#cfa7a0f About on-demand restrictions in online mode #n
-Music already in the to-be-played list cannot be added repeatedly on demand;
-Non-homeowners can only add three songs to the waiting list at the same time. After reaching the upper limit, they need to wait for the songs that have been ordered to finish or be deleted by the homeowner before they can re-order them;

#cfa7a0f About music playback mode #n
-Queue play: Play in the order of the play queue, and the song will be removed from the queue after it has been played.
-Loop play: play in the order of the play queue, and the song will remain in the waiting list after playing.

#cfa7a0f About the full playback function #n
-When it is turned on, all players in the game can add songs to the play queue.
-When closed, only the host or server in the game can add songs to the play queue."
37006,"The upper limit of the music to be played is up, it can’t be added any more"
37007,The track has already been added
37008,Unable to play on-demand
37009,Account on-demand limit
37010,Successfully added to pending music
37011,Playback failed
37012,Pending music
37013,Recommended music
37014,Recently played
37015,There are no more tracks~
37016,No recommended music
37017,No recent on-demand
37018,"Did not find the relevant content, try another word"
37019,Play in sequence
37020,Loop
37021,The room has been opened for all members on-demand
37022,Confirm to delete the song
37023,Please enter the keywords to search
37024,Allow all on-demand
37025,"The operation is too frequent, please try again later"
37026,The room has been opened for all members on-demand
37027,The room is closed for all members on demand
37028,Song failed to load
37029,No on-demand
37030,The room owner turned off the music player
37031,Option status cannot be modified temporarily
37032,"Please enter the song, artist name..."
37033,On demand
37034,The song is provided by QQ Music
37035,Music library
37036,Enter search content
37037,"The list is empty, please select a song to play"
37038,Music Player (#cef2d2dOff#n)
37039,Music Player (#c0aaa1aOn#n)
37040,The host hasn't opened the room
37041,Music player is not available for this map
37200,Open the music player by default
37201,Open the chat bubble by default
37202,Interactive tool
37203,Open by default
37204,Off by default
37205,Chat bubble
37206,Chat Bubble (#cef2d2dOff#n)
37207,Chat Bubble (#c0aaa1aOn#n)
39987,"1. Obtain #c0ABA1D1#n random furniture or pet for each purchase. #r2. For every #c0ABA1D10#n purchases, guaranteed one or more #cDA6FFFrare#n furniture or pets. #r3. For each draw, increase the probability of rare rewards. Probability is reset after."
39988,@Null@
39989,@Null@
39990,@Null@
39991,@Null@
39992,#cE0DCCANormal               57%
39993,#c0AAFFFRare               30%
39994,#cDA6FFFSuper Rare               11%
39995,#cFA7A0FLegendary               2%
39996,#cE0DCCANormal               78%
39997,#c0AAFFFRare               19%
39998,#cDA6FFFSuper Rare               3%
39999,@Null@
40000,"1. Obtain #c0ABA1D 1 #n random pet for each purchase.#r2. For every #c0ABA1D 10 #n purchases, guaranteed one or more #cDA6FFFsuper rare#n pets.#r3. For each draw, increase the probability of rare rewards. Probability is reset after super rare reward has appeared."
40001,Construction Block
40002,Home
40003,Materials
40004,Features
40005,Decoration
40006,Block
40007,Environment
40021,Blueprint
40022,Blueprint subclass 1
40023,Blueprint subclass 2
40024,Blueprint 3 subclasses
40025,Blueprint subclass 4
40041,Interactive props
40042,Interactive props subclass 1
40043,Interactive props subclass 2
40044,Interactive props subclass 3
40045,Interactive props subclass 4
40061,Surroundings
40062,Style
40063,Skybox
40064,Weather
40065,Background music
40081,Farm
40082,Seed
40083,Creature egg
40084,Crops
40085,Fertilizer
40086,Agriculture
40087,Farm - Animals
40088,Feed
40101,Food
40102,Meal
40103,Dessert
40104,Beverage
40105,Ingredient
40106,Ingredient
40107,Dish
40121,Resources
40122,Tools
40123,Resources subclass 2
40124,Resources subclass 3
40125,Resources subclass 4
40126,Material
40127,Tools
40141,Pet
40142,Training tools
40143,Breakthrough tools
40144,Adventure tools
40145,Fragment tools
40146,Get tools
40147,Pet
40161,Recipe
40162,Recipe subclass 1
40163,Recipe subclass 2
40164,Recipe subclass 3
40165,Recipe subclass 4
40301,Furniture
40302,Blueprint
40303,Home Expansion
40304,Furniture
40305,Purchase Pet
40306,Crops for sale
40307,Props
40308,Fertilizer
40309,Feed
40310,Expand Farmland
40311,Upgrade Ranch
40312,Construction
40351,"Home Level is required for upgrading your farm, ranch, construction area expansion, increase the limits for your pet home and the ability to purchase high-level seeds. 
How to level up: Harvest mature crops and livestocks"
40352,"The maximum amount of farmland: 4
The maximum number of ranch: 2"
40353,"The maximum amount of farmland: 5
The maximum number of ranch: 2"
40354,"The maximum amount of farmland: 6
The maximum number of ranch: 2"
40355,"The maximum amount of farmland: 7
The maximum number of ranch: 2"
40356,"The maximum amount of farmland: 8
The maximum number of ranch: 4"
40357,"The maximum amount of farmland: 9
The maximum number of ranch: 4"
40358,"The maximum amount of farmland: 10
The maximum number of ranch: 4"
40359,"The maximum amount of farmland: 11
The maximum number of ranch: 4"
40360,"The maximum amount of farmland: 12
The maximum number of ranch: 4"
40361,"The maximum amount of farmland: 13
The maximum number of ranch: 6"
40362,"The maximum amount of farmland: 14
The maximum number of ranch: 6"
40363,"The maximum amount of farmland: 15
The maximum number of ranch: 6"
40364,"The maximum amount of farmland: 16
The maximum number of ranch: 6"
40365,"The maximum amount of farmland: 17
The maximum number of ranch: 6"
40366,"The maximum amount of farmland: 18
The maximum number of ranch: 8"
40367,"The maximum amount of farmland: 19
The maximum number of ranch: 8"
40368,"The maximum amount of farmland: 20
The maximum number of ranch: 8"
40369,"The maximum amount of farmland: 21
The maximum number of ranch: 8"
40370,"The maximum amount of farmland: 22
The maximum number of ranch: 8"
40401,Simple Furniture Set
40402,Simple yet practical. A minimalistic furniture set that is challenging to create
40403,Furniture Set 1 Instructions
40404,Oriental Furniture Set
40405,"Traditional Oriental-style furniture set, rustic yet elegant"
40406,Furniture Set 2 Instructions
40407,Modern Furniture Set
40408,"Sleek yet sofisticated, the moden-style furniture set is a fashion statement"
40409,Furniture Set 3 Instructions
40410,Fairytale Furniture Set
40411,"Cute and lovely, the fairytale furniture set is bound to fulfil your dream and fantasy"
40412,Furniture Set 4 Instructions
40413,Sci-fi Furniture Set
40414,"Using futuristic technology, this Sci-fi style furniture set is simple and practical with a touch of trendy fashion"
40415,Furniture Set 5 Instructions
40416,European Furniture Set
40417,"Elegant yet homely, the European-style furniture is suitable to build your lovely dream home"
40418,Furniture Set 6 Instructions
40419,Western Regions style furniture
40420,Series Furniture 7 Description
40421,Magical furniture
40701,Mini Cute Pets
40702,Cute mini pets are your best companions at Home
40703,Pet Series 1 Description
40704,Pet Series 2
40705,Pet Series 2 Description
40706,Pet Series 2 Description
40707,Pet Series 3
40708,Pet Series 3 Description
40709,Pet Series 3 Description
40710,Pet Series 4
40711,Pet Series 4 Description
40712,Pet Series 4 Description
40713,Pet Series 5
40714,Pet Series 5 Description
40715,Pet Series 5 Description
40800,Exotic Set
40801,Exotic furniture and pets hailing from the art museum of the East
40802,@Null@
40803,Balala Guardian Spirit
40804,Newly added 2 Balala Little Magic Fairy's Miracle Dance Guardian Spirit
40805,"Ah, you are already a little magic fairy"
40806,"Currently don't own Balala Little Magic Fairy #cfa7a0f Little Blue #n skin, can't change into a corresponding little magic fairy"
40807,"Currently don't own Balala Little Magic Fairy #cfa7a0f Maggi #n skin, can't change into a corresponding little magic fairy"
40808,"Currently don't own Balala Little Magic Fairy #cfa7a0f Snowy #n skin, can't change into a corresponding little magic fairy"
40809,"Currently don't own Balala Little Magic Fairy #cfa7a0f Prince Amusement #n skin, can't change into a corresponding little magic fairy"
40810,"Currently don't own Balala Little Magic Fairy #cfa7a0f Alyssa #n skin, can't change into a corresponding little magic fairy"
40811,"Currently don't own Balala Little Magic Fairy #cfa7a0f Jessi #n skin, can't change into a corresponding little magic fairy"
40812,"Currently don't own Balala Little Magic Fairy #cfa7a0f Amy #n skin, can't change into a corresponding little magic fairy"
40851,Welcome to the new home
40852,Tap anywhere on the screen to continue
40853,"Garden has upgraded! You are free to build your own home, with new features such as growing crops, grazing pastures and owning pets."
40854,"The new Home features many regions and in each region there are different functions, let us introduce them to you one by one."
40855,"Here is the entrance to your Home, the Home Fruit, Home Shop and Pet Home are all located here."
40856,"Farm and ranch are the main sources of Home Coins, you can obtained Home Coins while harvesting your crops! I heard that there is a mysterious trader that occasionally appears to buy crops for a high price!"
40857,"This is the constructable area within your home. For now, your home is relatively small, but it can be expanded bigger through your efforts!"
40858,"Come, let us go directly to experience your new home!"
40859,"Growing crops are the main avenues to obtaining Home Coins, a new day starts from growing crops!"
40870,@Null@
40900,@Null@
40901,"Home exclusive furniture, click to interact with the furniture"
40902,"Home decorations can be placed at Home, increase the aesthetics of the Home"
40903,"Home construction blocks, can be placed at Home, click to interact"
40904,"Home construction blocks, can be used to build Home building"
40905,"Home furniture, can be placed at Home"
40906,"Furniture set from Oriental style, elegant and comfortable bed #r can be made of walnut wood board, cotton cloth and other building materials"
40907,"Furniture set from Oriental style, elegant and comfortable sofa #r can be made of walnut wood board, cotton cloth, paint box and other building materials"
40908,"Furniture set from Oriental style, elegant and practical desk #r can be made of walnut wood board and other building materials"
40909,"Furniture set from Oriental style, elegant and practical dining table #r can be made of walnut wood board and other building materials"
40910,"Furniture set from Oriental style, elegant and practical coffee table #r can be made of walnut wood board and other building materials"
40911,"Furniture set from Oriental style, elegant and practical sink #r can be made of walnut wood board, ceramic adobe, paint box and other building materials"
40912,"Furniture set from Oriental style, elegant and practical chair #r can be made of walnut wood board and other building materials"
40913,"Furniture set from Oriental style, elegant and practical toilet #r can be made of walnut wood board, ceramic adobe and other building materials"
40914,"Furniture set from Oriental style, elegant and practical bathtub #r can be made of walnut wood board, paint box and other building materials"
40915,"Furnishing sets from Oriental style, home owners can display and share their skins in the closet #r can be made of walnut wood boards and other building materials"
40916,"Furniture set from Oriental style, beautiful and practical cabinets #r can be made of walnut wood board and other building materials"
40917,"Furniture set from Oriental style, beautiful and practical half-grid cabinet #r can be made of walnut wood board and other building materials"
40918,"Furniture set from Oriental style, beautiful and practical combination cabinet #r can be made of walnut wood board and other building materials"
40919,"Furniture set from Oriental style, beautiful and practical screen #r can be made of walnut wood board, paper and other building materials"
40920,"Furniture set from Oriental style, beautiful and practical three-dimensional lamp #r can be made of walnut wood, paper and other building materials"
40921,"Furniture set from Oriental style, beautiful and practical chandeliers #r can be made of walnut wood, paper and other building materials"
40922,"Furniture set from Oriental style, beautiful and practical wall lamp #r can be made of walnut wood board, paper and other building materials"
40923,"Furniture set from Oriental style, beautiful and practical wooden door #r can be made of walnut wood board, paper and other building materials"
40924,"Furniture sets from Oriental style, beautiful and practical wooden windows #r can be made of walnut wood board, paper and other building materials"
40925,"Furniture set from Oriental style, beautiful and practical stairs #r can be made of walnut wood board, cotton cloth and other building materials"
40926,"Furniture set from Oriental style, beautiful and strong wall tiles #r can be made of building materials such as polished stone tiles"
40927,"Furniture set from the Oriental style, beautiful and solid bricks #r can be made of building materials such as polished stone bricks"
40928,"Furniture set from Oriental style, beautiful and solid half brick #r can be made of building materials such as polished stone bricks"
40929,"Furniture set from Oriental style, beautiful and strong fence #r can be made of walnut wood board and other building materials"
40930,@Null@
40950,Currency type ID related configuration error
40951,Not gameplay backpack item
40952,Not creation backpack item
41000,@Null@
41001,Sort by general
41002,Sort by set
41003,Sort by quality
41004,Oh no
41005,N
41006,R
41007,SR
41008,UR
41011,Insufficient Mini Coins
41012,Insufficient Home Coins
41013,Insufficient Mini Beans
41014,Insufficient Mini Points
41015,"Insufficient props, unable to purchase"
41016,Home Coins
41017,Skip>>
41051,Produce
41052,Quality:
41053,Set:
41054,Materials:
41055,Produce
41056,Obtainable Quantity:
41057,[@1] Production completed successfully
41058,"Insufficient material, cannot be produced"
41059,Item has not been unlocked
41060,Require Home Level @1 to unlock
41061,Sale Period:
41062,", has not started"
41063,", completed after @1 day(s)"
41064,", completed after @1 hour(s)"
41065,", completed after @1 minute(s)"
41066,", completed after @1 second(s)"
41067,", completed"
41068,Purchase @1 and get a guaranteed rare (@2/@3)
41069,View All
41070,Buy @1
41071,@1% off
41072,Rules
41073,"Congratulations, you have been awarded the following rewards"
41074,Reward has been added to the Home Creation Backpack
41075,"Congratulations [@1], you have rolled for @2 ! ! !"
41076,- Click to browse next -
41077,Obtained furniture
41078,Obtained pet
41079,"Sales period has not started, purchase failed"
41080,"Sales period has expired, purchase failed"
41081,"Purchase completed, obtained @1x@2"
41082,Name:
41083,Quality:
41084,Set:
41085,Create Heading 1
41086,Create Heading 2
41087,Create Heading 3
41088,Create Heading 4
41089,3x2 Block
41090,3x3 Block
41091,5x3 Block
41092,5x5 Block
41093,Home Expansion
41094,"You will be spending @1x@2 for the expansion of your home, please confirm"
41095,Require Home Level @1
41096,Expansion completed. The current size of your construction area is @1. (Exit and enter Home again to take effect)
41097,"Sales are not available in this region, purchase failed"
41098,"The version number is too low, purchase failed"
41099,Purchase @1 and get a guaranteed super rare (@2/@3)
41100,Recipe
41101,Stove
41102,Current recipes
41103,Materials
41104,Home Level
41105,Level up your Home to obtain different perks
41106,Home Upgrade
41107,Lv:
41108,Upgrade Rewards
41109,Current Level:
41110,Level @1
41111,Next Level:
41112,Home Level Effect Description 1
41113,Home Level Effect Description 2
41114,Home Level Effect Description 3
41115,Home Level Effect Description 4
41116,Home Level Effect Description 5
41117,Home Level Effect Description 6
41118,Home Level Effect Description 7
41119,Home Level Effect Description 8
41120,Home Level Effect Description 9
41121,Home Level Effect Description 10
41122,Home Level Effect Description 11
41123,Home Level Effect Description 12
41124,Home Level Effect Description 13
41125,Home Level Effect Description 14
41126,Home Level Effect Description 15
41127,Unit Effect Description 1
41128,Unit Effect Description 2
41129,Unit Effect Description 3
41130,Unit Effect Description 4
41131,Unit Effect Description 5
41132,Unit Effect Description 6
41133,Unit Effect Description 7
41134,Unit Effect Description 8
41135,Unit Effect Description 9
41136,Unit Effect Description 10
41137,Reward has been added into your Home Creation Backpack
41138,Reward has been added into your Home Gameplay Backpack
41139,"1. Obtain #c0ABA1D 1 #n random furniture for each purchase. #r2. For every #c0ABA1D 10 #n purchases, guaranteed one or more #c0AAFFFrare#n furniture.#r3. For each draw, increase the probability of super rare rewards. Probability is reset after."
41140,Collection Album
41141,Collection points
41142,Collected amount
41143,Total amount
41144,Item Name
41145,Price
41146,Item description
41147,How to obtain
41148,Description for how to obtain
41149,Name
41150,Specification
41151,Quality
41152,Set
41153,Brand
41154,Initial Stamina
41155,Initial Speed
41156,Initial Luck
41157,Characteristics
41158,Fruit
41159,Shop
41160,Events
41161,Edit
41162,More
41163,System
41164,Home
41165,Room
41166,Warehouse
41167,Archive
41168,Share
41169,Team Multiplayer
41170,Party
41171,Exit
41172,Return Home
41173,Report Home
41174,Visitors Today
41175,Visitors History
41176,Record event
41177,just
41178,@1 minutes ago
41179,@1 hour(s) ago
41180,@1 days ago
41181,Report
41182,Hide news
41183,Lv. @1
41184,/
41185,UID
41186,Access
41187,Environment
41188,Access
41189,Anyone can enter
41190,Only friends can enter
41191,Customize
41192,Password
41193,Answer the correct password to enter
41194,Visit Friend's Home
41195,Explore
41196,Party
41197,Friends
41198,Groups
41199,Room
41200,Home
41201,World
41202,QQ Friends
41203,Mini Friends
41204,Resources
41205,Props
41206,Crops
41207,Seeds
41208,Level #@1 #n
41209,Original Price
41210,Block
41211,Blueprint
41212,Furniture
41213,Features
41214,Decoration
41215,All
41216,Go to obtain
41217,How to obtain
41218,Sell
41219,All Selection
41220,Cancel all
41221,Save Home
41222,Save and Upload
41223,Do not save
41224,"Current Home Map is unsaved, would you like to save and upload it?"
41225,Share to Profile Status
41226,Enter Home
41227,"Selected Home is currenyly full, would you like to enter the selected Home
in offline mode?"
41228,Cancel Enter
41229,Enter Offline Home
41230,Music Box
41231,Background Music
41232,bgm (Chinese style)
41233,bgm4 (Battle!)
41234,bgm5 {Almighty God)
41235,bgm6 (Decryption Ambience)
41236,bgm7(Bomb!)
41237,bgm8 (Soccer Field)
41238,Gravity Machine
41239,Gravity Multiplier
41240,Weather Controller
41241,Options
41242,Honor frame
41243,Stove
41244,Pizza
41245,Dessert
41246,Beverage
41247,Materials
41248,Blueprint Workdesk
41249,Drawing Information
41250,Construction Area
41251,Author
41252,Build
41253,Learning farming
41254,Expanding this land requires
41255,Learn
41256,@1h@2m
41257,Farm Shop
41258,Mysterious Trader
41259,Pet Home
41260,Number of pets
41261,Synthesize Pet
41262,Pet Adventure
41263,Attributes
41264,Evolve
41265,Train
41266,@1 rating
41267,Adventure completed
41268,Tired:  @1 hour(s) @2 min(s)
41269,/
41270,Infant stage
41271,Youth stage
41272,Developing stage
41273,Mature stage
41274,Complete stage
41275,Stamina
41276,Speed
41277,Luck
41278,Characteristic
41279,Description
41280,Release
41281,Release Confirmation
41282,Confirm releasing pet #@1 #n? Released pet will be removed from your pet home.
41283,Release
41284,Purchase Confirmation
41285,"You're left with only one pet, and it cannot be released"
41286,"You will be spending 100 Mini Coins to unlock a pet slot,
please confirm."
41287,Training Function Description
41288,Crafting completed
41289,Insufficient craft material
41290,Equip props
41291,Adventure Period: #c3D4546 @1 #n hour(s) #c3D4546 @2 #n min(s)
41292,Start
41293,@1/ @2（+ @3）
41294,Select a prop
41295,Adventure earnings
41296,Adventure route
41297,Obtained earnings
41298,Event Review
41299,"Discover a bunch of food during your adventure, Stamina increased!"
41300,"Wishing tree is still growing, expected time required: @1"
41301,Begin praying for @1 seconds
41302,Would you like to exit the current home
41303,Praying success
41304,Praying time has ended
41305,Start praying at Wishing tree
41306,Wishing Tree has disappeared
41307,Wishing Tree Generation Tips
41308,"Abnormal network, operation has failed"
41309,Current farm animal count: @1/@2
41310,Insufficient ranch space
41311,Max level
41312,Upgrade Ranch completed
41313,Level
41314,Ranch
41315,Current level:
41316,Number of animals on ranch allowed:
41317,Upgrading requires Home Level @1
41318,Upgrade
41319,Collected @1x@2
41320,"Obtained @1x@2, gain @3 experience"
41321,Expanding this farmland requires Level @1 Home
41322,with
41323,Farmland Expansion
41324,"Today, the price of @1 has increased by @2"
41325,Maturation:
41326,Yield:
41327,Produce a variety of basic ingredients. Using #c0AAA1A @2 #n on #c0AAA1A @1 #n gives the #c0AAA1A @3 #n status. Obtained from planting Wheat on farmland.
41328,@Null@
41329,Owned:
41330,Total:
41331,Blueprint Workbench
41332,Materials required
41333,Construction Area: #c4D7075 @1 #nx #c4D7075 @2 #nx #c4D7075 @3 #n
41334,Author: #c4D7075 @1 #n
41335,"Insufficient materials, cannot build"
41336,"Exceeded construction area, please retry"
41337,@Null@
41338,@1 visited your home
41339,@1 has traded @2 times with the mysterious trader in your home
41340,@1 has prayed to the Wishing Tree in your home
41341,Wishing Tree has appeared in your home
41342,Wishing Tree has disappeared from your home
41343,Pet has returned from @1
41344,Mysterious Trade @1 has visited your home
41345,Wishing Tree has been activated for Praying
41346,@Null@
41347,Current stage:
41348,Select training materials
41349,Select pet for adventure
41350,Required characteristic:
41351,Pet craft
41352,Adventure
41353,#c3d4546Adventure time remaining: #n#cFA7A0F@1 hour(s) @2 min(s) #n
41354,Please add training material
41355,Craft
41356,Adventure earnings
41357,Home Level
41358,Pet has started its adventure to @1
41359,"Unable to match adventure condition, unable to proceed with adventure"
41360,Please select a pet for adventure
41361,Reward has been added to the Home Creation Backpack
41362,Obtained furniture
41363,Obtained pet
41364,- Click to browse next -
41365,#cFDAEF1@1#n
41366,Gashapon
41367,"Pet home is full, please view in backpack"
41368,"Pet home is full, remaining rewards can be viewed in backpack"
41369,Head to Pet home to view
41370,Head to Creation Backpack to view
41371,Ranch upgraded successfully
41372,Display
41373,Registration Success
41374,The parameter is incorrect
41375,Signature is incorrect
41376,Insufficient number of items
41377,"ID error, reading failed"
41378,Item configuration error
41379,Item ID error
41380,Unknown consumption type
41381,Insufficient Home Level
41382,Insufficient number of items in the gameplay backpack
41383,Creation Backpack failed to read backpack data
41384,Items locked
41385,Items have been unlocked
41386,Set unlock bonus cannot be redeemed
41387,Set unlock bonus can be redeemed
41388,Set unlock bonus has been redeemed
41389,Farm Unlock failed
41390,Farm_Home Level insufficient
41391,Farm is occupied
41392,Ranch upgrade error
41393,Ranch_pet eggs data error
41394,Ranch upgrade error level insufficient
41395,Ranch_animal data error
41396,Ranch_animal corresponding food ID error
41397,Ranch_animals are hungry
41398,Ranch_animal did not enter the starvation state
41399,Ranch_animals are matured
41400,Ranch_animals are immatured
41401,Ranch_animals are not hungry
41402,Ranch_mature stage has yet to come
41403,Ranch_ unknown reason given
41404,Ranch_animals are in infant stage
41405,Ranch-ranch configuration data error
41406,Ranch-the number of animals corresponding to the ranch level is incorrect
41407,Wishing tree data error
41408,Unlock data error
41409,The ballot interval time has yet to arrive
41410,Random intervals has yet to arrive
41411,No ballot
41412,Prayer data error
41413,Wishing Tree exist
41414,Wishing Tree is not at mature stage
41415,Wishing Tree is not at the starting stage
41416,Wishing Tree configuration data error
41417,"After prayer unlcoks, praying time has not ended"
41418,Player has prayed already
41419,Wishing Tree repeat unlocks
41420,Insufficient evolution experience
41421,Insufficient number of craft
41422,Pet bar has been unlocked
41423,Pet evolution highest level
41424,Adventure map configuration error
41425,Adventure Map Event Configuration error
41426,Adventure Map Event Pack configuration error
41427,Adventure Map Adventure Number
41428,"Pet Home number exceeds the upper limit, please increase Home Level"
41429,Pet fatigue
41430,The adventure has begun
41431,Home Max Level
41432,Item has been unlocked
41433,Item has not been unlocked
41434,Max. Level for personal construction reached
41435,Do not touch anything of someone elses' items
41436,Gameplay Backpack data error
41437,Multiple configuration with the same settings are in the Gameplay Backpack
41438,Gameplay Backpack Item ID corresponding item data does not exist
41439,Items do not need to unlock
41440,Farm configuration table ID error
41441,Farm ID is locked
41442,Farm planting information not found
41443,Incorrect crop status
41444,Ranch upgrade configuration table ID
41445,Creature egg ID error
41446,The owner of the Wishing Tree is incorrect
41447,Pet grid configuration data is incorrect
41448,Pet data does not exist
41449,Pet configuration data does not exist
41450,Create pet data failed
41451,Adventure map data does not exist
41452,Not within the lottery time period
41453,Version number incorrect
41454,Environment does not meet the conditions (open_server server)
41455,Home Lottery costitems parameter error
41456,Home upgrade level configuration data does not exist
41457,"Items do not need to be unlocked, free"
41458,Self costitems parameter error
41459,Inadequate items in account server
41460,Account server request failed
41461,Feeding pets
41462,Training success
41463,Evolution success
41464,draw configuration table error
41465,sid is empty
41466,Fertilizer type error
41467,Seed type error
41468,Falling fertilizer data error
41469,Creature egg type error
41470,Adventure time duration has not ended
41471,Adventure No. Error
41472,Read production data failed
41473,Expansion failed
41474,Configuration table error
41475,Channel error
41476,（@1/@2）
41477,More Blueprint
41478,Extended home success
41479,Increasing currency on account server is prohibited
41480,Backpack
41481,"While in Home Edit mode, current operations is not allowed"
41482,Probability List
41483,Only allowed by Home owner
41484,"Insufficient evolve material, unable to evolve"
41485,"Insufficient @1, unable to expand farmland"
41486,"Insufficient @1, unable to purchase"
41487,"Purchase completed, item has been added into your backpack"
41488,"No available pets for adventure, please check in Pet home"
41489,Sold successfully!
41490,"Obtain pet @1, please check in Pet home"
41491,"Spend #cffa500 @1 x @2 #n to purchase #c0aaa1a @3 #n, confirm purchase?"
41492,Home Event
41493,System
41494,Available:
41495,Please leave sufficient space between tree for planting
41496,Display Success
41497,Cancel Display Success
41498,"You don't have anything the Trader needs, come back after you have more to offer."
41499,"Insufficient Home Level, unable to purchase"
41500,"Too frequent interaction, please slow down your pace"
41501,Please go into your edit backpack to check the items you have purchased
41502,Welcome to the home of @1!
41503,Home Edit mode
41504,Please use while in the Home Edit mode
41505,Please use while in the Home mode
41506,Price:
41507,"@1 was successfully recovered, and it has been put into the backpack"
41508,Welcome to my home
41509,Visit the Farm Trader to expand #cef2d2d@1 #n blocks of farmland.
41510,"Small animals have been well fed, please try again after @1 seconds"
41511,"Fertilization is successful, crop growth is accelerated"
41512,This service is not available in others' home
41513,"Feeding success, creatures growth is accelerated"
41514,Please use fertilizer to fertilize crops
41515,Please feed animal with feed
41516,This place has been expanded
41517,This place has been restored
41518,"The expanded land has reached the upper limit, go to the Farm Trader to expand more land!"
41519,Already full!
41520,Unnecessary
41521,Accelerating
41522,"Expansion success, you can still expand #cef2d2d@1 #n blocks of farmland"
41523,"Restore success, now you can still expand #cef2d2d@1 #n blocks of farmland"
41524,Creatures has been taken away by the farm owner
41525,"You don't have any food needed for the chef's dishes, please go to the stove to cook some!"
41550,Plains
41551,Desert
41552,Forest
41553,Basin
41554,Rainforest
41555,"Pet Adventure in progress, unable to proceed"
41556,@Null@
41557,"Insufficient Pet evolution points, unable to evolve"
41558,Creature egg can only be placed in the Ranch
41559,"It does not eat this, please feed @1"
41560,Please select the items you want to sell
41561,"You will consume shard @1, to synthesize @2 pet, please confirm."
41562,"You do not have a pet, proceed to the Pet Trader to get one"
41563,Please select background music
41564,Consumed materials:
41565,Total Expandable Farmland:
41566,Home Level:
41567,Level @1 Home can be unlocked
41568,Level @1 Home can be upgraded
41569,Level: @1
41570,"Currently under renovation, stay tuned"
41571,Ranch Level:
41572,"Ranch successfully upgraded, please re-enter Home to view"
41573,Total Purchase: @1
41574,The backpack has @2 of @1 currently
41575,You have reached the limit
41576,How to obtain
41577,Purchase #cfa7a0f @1 #n more to get guaranteed @2
41578,@1 guaranteed in next purchase
41579,"Successfully purchased @1 of @2, go to Home and check backpack"
41580,"Home network is unstable, connection lost. Please try again later."
41581,Return to main menu
41582,"Insufficient @1, cannot upgrade ranch"
41583,I have learned this dish!
41584,"I haven’t learned how to make this dish, please update the client to the latest version!"
41585,Learn @1 production method!
41586,"Please update the game first, then try to expand the land."
41587,Need to Home Lvl @1 to buy
41588,This is empty here
41589,"This land is already very fertile, you can't use any more fertilizer."
41590,Need to use on empty farmland
41591,You have #cFFD700 crop #n waiting for you to harvest!
41592,You have already #cffd700 mature creatures #n waiting for you to get!
41593,"We have given you #cffd700 @1 new land #n, go to the farmland to expand!"
41594,You have #cffd700 crop and creature #n is waiting for you to harvest!
41595,"You are too slow, this set of furniture has been grabbed by others!"
41600,Default Home
41601,Beginner Home
41602,Intermediate Home
41603,Advanced Home
41604,Home Level reach @1 to expand
41605,"After expansion, increase area by @1 blocks"
41606,Expansion Successful
41607,This region is expanded successfully! Enter Edit Mode to customize your Home (re-enter Home to take effect)
41608,Re-enter Home
41609,Can be built after expanding Home
41610,Non-Construction area can not be edited
41611,You have exceed the area limit
41614,Name is allowed with alphanumeric and Chinese characters
41615,"Nickname submitted successfully, it will take effect after the review is passed"
41616,"The submitted nickname is too long, please shorten it and resubmit"
41617,(Nickname approval failed)
41618,"Sensitive words were detected in the submitted nickname hence review failed, please modify and submit again"
41619,"Name change limit has been reached for today, please try again tomorrow"
41620,Experience
41621,(Return)
41622,Successfully completed the final challenge of @1 and completion of the entire map adventure! Received a reward
41623,The pet was recalled in advance during adventure and will return home soon
41624,"Failed the challenge for @1 times, adventure has ended early. Train or evolve your pets to strengthen their abilities and increase the success rate of the challenge."
41625,"After running out of food, your pet no longer have the energy to continue the adventure. Returning home now."
41626,"Successfully completed the challenge @1 times, obtained rewards"
41627,Food preference:
41628,Prop abilities do not match the the map requirements
41629,"The requirements for the current map are fulfiled, and you can start exploring without carrying props. Are you sure you want to bring this prop?"
41630,Prop ability: @1
41631,Map requirements: @1
41632,Final challenge
41633,Obtain rich rewards after completing the challenge at the end of the adventure.
41634,"Some maps require pets' special abilities to challenge. If you do not own pets with such abilities, you can bring props instead."
41635,Confirm release pet @1#n? Released pet will be removed from your backpack.
41636,Pet with high weight capacity can carry more stuff during adventure
41637,Pet with high speed can shorten adventure completion time
41638,Pet with high endurance consume less food during adventure
41639,"There is no training props in backpack, hurry and dispatch your pet for adventure"
41640,"Unfortunately, you have failed the challenge"
41641,Training your pet to increase their skill points will increase the chance for a success challenge
41642,"You do not own any pets or your pets are currently in the adventure/exhausted state, proceed to the Pet Trader to get a new pet"
41643,Adventure Pet
41644,Unlock @1
41645,View Journey
41646,"No items in your Backpack, go make some items at the workdesk"
41647,"No food in your Backpack, go cook some food at the stove"
41648,Unlock after clearing @1
41649,Probability for the following rewards:
41650,Skill Points:
41651,Adventuring
41652,Ended
41653,Following
41654,Return from Adventure
41655,Summon
41656,Cancel Summon
41657,Select one to bring to others' Home
41658,Unlock at Home Level @1
41659,#LView Journey
41660,Check out what gifts your pet has brought back
41661,Each training will have grant current pet a random attribute
41662,Journey Distance:@1
41663,Advanced Reward Preview
41664,This area has not been explored
41665,Select Pet to start Adventure
41666,Insert Adventure Food
41667,Adventure Food
41668,Food determines your pet travel distance
41669,Level @1 Home unlocked
41670,Adventure in progress
41671,Recall
41672,Remaining time
41673,"About to halt this adventure, all adventure items and consumed food items will be lost, confirm recall?"
41674,Reward
41675,Current pet food can allow pet to travel @1% distance
41676,Please choose a pet to participate in adventure
41677,It has reached the highest stage
41678,Has returned
41679,Load
41680,Endurance
41681,Skill Requirement:
41682,Please select a pet
41683,At least bring one food before departure
41684,"Did not met the skill/item requirement for adventure, unable to start"
41685,Next stage: @1
41686,Weight: @1/each
41687,Pet Carry Load:@1/@2
41688,"Food is too heavy, unable to be carried by pet"
41689,"Insufficient Home Level, unable to start adventure"
41690,"Unable to start adventure, you need to complete adventure on other maps"
41691,Please select a training material
41692,"Pet on following mode cannot be released, please cancel summon."
41693,Pet Gift
41694,"Summoned @1 pets successfully, following pet will not participate in adventure"
41695,"Provides @1 energy for adventuring, weighs @2"
41696,@1 ‘s Pet
41697,Adventure Challenge
41698,Reaching @1 skill points will grant a higher chance to complete
41699,Adventure Challenge completed! Obtained rewards
41700,Energy: @1 each
41701,"We are just a small business, so don't bargain anymore. Believe me, my prices are definitely fair!"
41702,"My prices are higher than the average trader, sell me your goods and you'll not regret it!"
41703,Please leave your goods with me! I know a great sales channel that will definitely help you fetch a good price.
41704,"Although not as generous as Darwin, but I can also offer reasonable prices. Deal or no deal?"
41705,You'll never find a higher price than what I can offer! It's now or never!
41730,@Null@
41750,Heat-resistant
41751,"Good heat dissipation ability, resistance to dehydration, great for traveling over warm terrain"
41752,Cold-resistant
41753,"Immune to cold, great for traveling over cold terrain"
41754,Flight
41755,"Born with the ability to fly, great for traversing across mountainous terrain"
41756,Excavation
41757,Mighty strength allows for cuttling through hard rock
41758,Diving
41759,"Moves freely under water, great for explore uncharted waters that requires diving"
41760,Load 1
41761,Load 2
41762,"Physically strong, gains the ability to carry heavy loads, allow more items to be carried during adventure."
41763,Speed ​​1
41764,Speed ​​2
41765,"Physically agile, gain speed bonus, reduces time duration of adventure"
41766,Stamina 1
41767,Stamina 2
41768,"Physically strong, gain stamina bonus, consume less food during adventure"
41769,Pet Experience
41770,"Ability to learn fast, gain more experience during adventure"
41771,Skill Points 1
41772,Skill Points 2
41773,"Excellent overall quality, grants overall stat boost"
41774,Adventurous
41775,"Born adventurer, chance to overcome challenges during adventure even when there is insufficient skill points."
41800,@Null@
41801,Hill
41802,Coast
41803,Mine
41804,Floating Island
41805,"Today, do you bring any pets for a walk?"
41806,Your pet is in an adventure
41807,Your pet completed the adventure. Hey! Take a look at what it brought back.
41808,Adventure materials obtained:
41809,Adventure expected time \n @1: @2: @3
41810,Food energy: @1
41811,"Add more food, the current adventure is not enough to reach the first node."
41812,"% ... & * @(Tsk, almost succeeded! If only the ability value is abit higher.)"
41813,¥% ~~~ @#@¥ *% * #¥ ... (so hungry ~~~ out of energy to continue adventure.)
41814,Please choose @1 type of food
41815,Food backpack
41816,Please select quantity
41817,Has selected: @1
41818,Prepared food determines how far you can adventure.
41819,"Current food supply allows pets to go to @1% of the journey, minimally clearing node @2."
41820,& *! * ...%! (Oh yeah! Cleared!)
41821,Please select the amount to deduct
41850,@Null@
41851,No pet. Go to your Home to get a pet.
41852,Go to Home
41853,Go to Shop
41854,Summoned
41855,Adventure in progress
41856,About to exit the current map and go to your home
41857,Summon was cancelled successfully and the pet has returned to the pet home
41858,Click to cancel summon
41859,"Don’t have a mount yet, go to shop to get a new mount"
41860,"About to exit the current map and go to your home
(Note: if the host leaves the room, all players in the room will be kicked out)"
41861,Learn
41862,Material
41863,Tools
41900,Ranch Shop
41901,Home Kitchen
41902,Material Shop
41903,Home Craftsman
41904,Home Chef
41905,Dismantle furniture
41906,Dismantle!
41907,Furniture Promotion
41908,Dismantle to obtain
41909,Number of copies
42000,@Null@
42001,#cfa7a0f @1 #n invite you into their homes
42002,Home of @1
42003,@1of@2
42004,Available to everyone
42005,Available only to friends
42006,Only available to you
42007,Available after entering the password
42008,Wardrobe password
42009,Enter the 4-digit password to open
42010,"The homeowner has set up the wardrobe sharing permission, please contact the homeowner for permission to use"
42011,"There is no pet in the home, please contact the owner and go to the store to get it"
42012,"There is no pet in the home, please contact the owner and go to the store to get it"
42013,"There is no pet in the home, please contact the owner and go to the store to get it"
42014,Interaction permission
42015,"Changing successful, do you want to save the current outfit?"
42016,The outfit you are currently wearing has not been saved and will be restored after you exit the home. Do you want to save the custom outfit?
42300,@Null@
42301,Task configuration does not exist
42302,Task cannot be accepted
42303,Task not accepted
42304,Task not completed
42305,Task reward not collected
42306,Task completed
42307,Task reward collected
42308,Task general error code
42309,Tutorial
42310,In tutorial
43000,"Howdy! I sell ​​seeds, and teach farming!"
43001,"Hello, what do you need to know about the farm? \n By the way, don't forget to use the hoe to plough the land before planting the seeds."
43002,Shop
43003,I want to process fertilizer
43004,Increase farmland upper limit
43005,"I sell the most affordable seeds, all for you to pick."
43006,Don't worry! I can take any excess crops from you. The price is absolutely fair
43007,"Want to grow faster crops, fertilizer is indispensable. Speed of growth will be accelerated after using fertilizer."
43008,"As long as your Home lvl reaches #cfa7a0f @1 #n, I can teach you how to expand more farmland. Of course, it comes with a fee."
43009,Do you want to breed an animal?\nExpansion is no problem.
43010,"Hey, buddy! Any request to make?"
43011,Shop
43012,Can you help me process feed?
43013,I want to expand my ranch
43014,Do you want to buy a creature egg? Just pick anything.
43015,"Don't worry, my rates are at market price, won't take advantage of you, rest assured."
43016,"Good feed helps animal grow, come to me to process feed, guaranteed that it is better than directly feed."
43017,"As long as your Home lvl reaches #cfa7a0f @1 #n, you can find me to expand the ranch! As for the fees, hope you understand that it is not easy to feed the construction team, won't you say so."
43018,Please use a stove to cook ~ \n excess crops can be sold to me.
43019,"Hey ~ I am very glad that you visit my humble shop. Is there anything you need? \n If you want to cook food, please use the stove next to me ~"
43020,Shop
43021,Is there any new recipe today?
43022,"To make a good dish, ingredients are essential! I just ordered a lot of ingredients here, welcome to purchase~"
43023,"Today #cfa7a0f @1 #n, you can sell them at a higher price for the first ten amount, then will be recovered to original price."
43024,"Today, the opportunity for special purchase has been used, come take a look tomorrow ~"
43025,"Today's recommended recipe is #cfa7a0f @1 #n,
Excess recipes can be kept, maybe there is other uses for them~"
43026,Try using the workbench!\nI can also provide some materials!
43027,"What help do you need? \n If you want to make furniture or materials, try the workbench next to me."
43028,Purchase material
43029,Dismantle homemade furniture
43030,I want to see special promotion furniture
43031,"Little things unattended may grow into major problems. These materials here are carefully selected by me, feel free to take a look."
43032,"With my craftmanship, I can help you dismantle excess homemade furniture into raw materials, but some materials will definitely get damaged, be prepared."
43033,"You don't seems to have any homemade furniture in your backpack, go to the workbench and make some."
43034,"With my network, you can find a few special affordable furniture every day. Come by to shop every day."
43035,Cook
43036,"You have fully learned how to farm, I have nothing else to teach you."
43037,"Brother, the ranch has expanded to the limit, can't continue to expand!"
43038,"This furniture has material left after dismantling, there's nothing I can do to savage."
43039,Dismantle to obtain #cfa7a0f @1 #n
43040,New furniture is here!
43041,Has purchased #cfa7a0f @1 #n
43042,"This batch of furniture has been sold, come take a look tomorrow."
43043,"Want to grow faster crops, fertilizer is indispensable. Come to me, buy some fertilizers back to use, and guarantee that crops are growing fast again."
43044,"Good feed is great for creature growth, come here to buy some to ensure that animals in the ranch grow rapidly."
43300,@Null@
43301,"There is a blockade in front of the stove, unable to cook."
43302,"Other players are using a stove, temporarily unable to cook"
43303,Successful production #cE0DCCA @1 × @2
43304,Successful production #c0aafff @1 × @2
43305,Successful production #CDA6FFF @1 × @2
43306,Successful production #cFA7A0F @1 × @2
43307,"Due to multiple reported violations of your pet's nickname, the pet nickname modification feature has been disabled until @1."
44000,@Null@
44001,Daily recipe
44002,Purchase success!
44003,Owned: @1
44004,Material required
44005,Sold out
44006,"There is no more recipes, come take a look tomorrow ~"
44007,Learned
45000,Edit Home
45001,Exit Edit Mode
45002,Editting home ...
45003,Empty
45004,Save plan
45005,Replace plan
45006,Crash lag
45007,Construction plan @1
45008,Save construction plan
45009,Save
45010,"The number of construction plans is full, please save again after clearing"
45011,Replace construction plan
45012,Save time: @1
45013,You have not yet saved any construction plan
45014,Apply this construction plan? \n (The current home building will be replaced with this building)
45015,Delete this construction plan?
45016,#G* You have enough building materials to apply construction plan directly
45017,"#R* Currently, you have insufficient building materials, the missing parts will be replaced with soil blocks when applying the construction plan."
45018,"You have insufficient building materials, which has been replaced by soil blocks."
45019,"Used roo frequently, please try again after @1 second"
45020,Do you want to empty the current home construction? \n (recommended to save the current construction plan first to prevent loss)
45021,Don't mess with the home of others.
45022,@Null@
45023,@Null@
45024,@Null@
45025,@Null@
45026,@Null@
45027,@Null@
45028,@Null@
46000,@Null@
46001,@Null@
46002,Home XP
46003,#L#cFA7A0F How to level up
46004,Current level:
46005,@1 XP required to level up
46006,Reached
46007,Not yet reached
46008,Current
46009,Next level
46010,Redeem
46011,Redeemed
46012,New
46013,Pet quantity limit
46014,Farmland quantity upper limit
46015,Creatures quantity upper limit
46016,Expansion area upper limit
46017,Seed types available for purchase
46018,Creature type available for purchase
46019,Adventure map count
46020,Home level up!
46021,The upper limit is increased!
46022,Unlock function!
46023,Redeem reward
46024,Show off
46025,"Insufficient Home lvl, increase the maximum amount of pets after level up"
46026,Level requirements: #cef2d2d @1 #n / @2
46027,Unlock next level
46028,Go to breed creatures
46029,Send pet adventure
46030,Train/evolve pets
46031,Go to farmland
46032,(Gain experience during harvest)
46033,(Gain experience during completion)
46034,"Buy a creature egg from the Ranch Trader, place it in the rance area; feeding them with their favourite feed type can accelerate their growth"
46035,"After acquiring pets from the pet shop, send pets on an adventure at the Adventure Captain (preparing the pet favorite food in advance)"
46036,Want to challenge more difficult adventures? Want to get a different pet look? Go to the pet nest to train your pet.
46037,"After using the hoe to plough the farmland, buy seeds from Farm Trader, plant seeds on the farm; use fertilizer to accelerate"
46038,How to level up
46039,"The pet nest has been upgraded to max level, can't take in anymore pets."
46040,Level reward
46041,Has been upgraded to max level!
46042,Congratulations to receiving level up reward
46043,I am @1! Home lvl increased to level @2
46100,Pioneer
46101,Experienced Pioneer
46102,Pioneer Expert
46103,Trainee Gardener
46104,Experienced Gardener
46105,All-around Gardener
46106,Home Craftsman
46107,Advanced Craftsman
46108,All-around Craftsman
46109,Gardening Master
46110,Gardening Expert
46111,Gardening Guru
46112,New Home Owner
46113,Bustling Home Owner
46114,Rich Home Owner
46115,Manor
46116,Great Manor
46117,Legendary Manor
46118,Earth Messenger
46200,@Null@
50000,@Null@
50001,Please select translation language
50002,"Letters, blackboard"
50003,Plug-in
50004,"Map name, description"
50005,Map launch introduction
50006,Team
50007,Trigger text
50008,Sucessfully translated
50009,Translation failed
50100,@Null@
50101,Popular Map Recommendation
50102,Hide for today
50103,Map
50104,There's no trending keywords right now
50105,Search history is empty
50106,You don't have any group. Go create one now.
50107,Please select the issue you are having
50108,Mini World need your phone's signal and network status permissions to provide you a better services and contents.
50109,Allow Mini World to get your phone status information?
50110,"Since you refused to give us the permission of mobile phone status, the game will not be able to provide you with more accurate content recommendations and services. Would you like to reconsider it?"
50111,"To get more accurate content recommendations and services, please go to settings and change the collection status permission settings."
50112,"The game needs to know your location in order to better provide you with game content and services, so we need to obtain location information permissions."
50113,Allow Mini World to get your location information?
50114,"Since you refused to give us location information permission, the game will not be able to provide you with more accurate content recommendations and services. Would you like to reconsider it?"
50115,"To get more accurate content recommendations and services, please go to settings and change location settings."
50116,"The game requires the use of a camera to enable the function of scanning code to add friends, so we need to obtain camera permissions."
50117,Allow Mini World to use your camera?
50118,"Since you refused to give us camera permission, the scan code to add friends function will not be available. Would you like to reconsider it?"
50119,"To use the scan code to add friends function, please go to settings and change the camera permission settings."
50120,"The game needs to use the photo album to open the function of customizing the cover, so we need to obtain the permission of the photo album."
50121,Allow Mini World to access your photo album?
50122,"Since you refused to give us the album permission, the function of uploading custom covers will not be available. Would you like to reconsider it?"
50123,"To use the function of uploading a custom cover, please go to settings and change the album permission settings."
50124,"The game needs to use McFun to open the voice chat function, so we need to obtain microphone permissions."
50125,Are microphones allowed in Mini World?
50126,"Since you refused to give us microphone access, the voice chat function will not be available. Would you like to reconsider it?"
50127,"To use the voice chat function, go to settings and change the microphone permission settings."
50128,"Sorry, the service is temporarily unavailable in your region."
50129,@Null@
50130,@Null@
50131,@Null@
50132,@Null@
50133,@Null@
50134,Use all
50135,Continue game
50136,Request permission again
50137,Continue
50138,Request again
50139,Request permission
50140,Permission denied
50141,Seven days
50142,Novice
50143,Task countdown:
50144,The event has ended~
50145,Complete n tasks (n/n) to receive permanent custom avatar set (choose one of three)
50146,Task props:
50147,Custom model type error
50148,"The task is refreshed every day, hurry up and do the task"
50149,Countdown #c1b9e1e %s day(s) %s hour(s) %s min(s)#n
50150,Skin task error
50151,Completed #cda5b0a%s #n tasks (%s/%s)
50152,%s days remaining
50153,%s hour(s) remaining
50154,Get free set
50155,Progress
50156,Abnormal
50157,Priority ensemble
50158,Unable to create. The avatar that you selected is invalid. Please enter the game using the official version.
50159,This nickname is taken. Please change to a new one.
50160,This nickname is too long. Please shorten it and try again.
50161,Nickname is invalid. Please try again.
50162,Please insert nickname
50163,You still have rewards to be claimed~
50164,"Congratulations, you have completed the accumulative mission. Get your avatar now!"
50165,Skin reward
50166,The current network is abnormal. Unable to join the map. Head back to the multiplayer and try again.
50167,Updating
50168,Error receiving reward
50169,"The current operation is frequent, please try again later~"
50170,Mission reward claiming parameter request error
50171,Data error
50172,Mission finished
50173,Claim reward
50174,Avatar slots are full. Unable to save avatar.
50175,Claim
50176,Download paused...
50177,"Downloading, please be patient..."
50178,Map download complete
50179,The player task configuration return data is empty
50180,Tutorial quest time expired
50181,Error task ordering error
50182,Return task
50183,Tutorial task
50184,Congratulations on completing the tutorial task
50185,(Only for learning template map)
50186,(Buy out template map)
50187,The connection has timed out. Please try again later.
50188,This is the world that you just created
50189,New world can be found here
50190,You can create your world here
50191,No friends
50192,No visit from friend
50193,No news
50194,No favorites
50195,No groups
50196,@Null@
50197,@Null@
50198,@Null@
50199,@Null@
50200,@Null@
50201,Network delay
50202,Dear @1
50203,We recommended an interesting map for you. Try it now! (This map will be saved automatically)
50204,Click to join more games
50205,@1 invites you to play @2 together!
50206,@1 shares you an interesting map. Come let's play Mini World!
50207,@1 invites you to play game.
50208,Your friend is playing @2 in Mini World. Join now!
50209,Many are playing! Join them now!
50210,Service
50211,Single player mode only supports single player maps. Please connect to the internet and restart the game to use all functions.
50212,"Exiting single player mode will restart the game. Please make sure you're connected to the internet.
Are you sure you want to exit? (iOS devices need to close manually)"
50213,"Sorry, you cannot save without the album access. You can copy and paste the password by yoursef."
50214,Event time: x x - x x
50215,Limited: xx min xx sec
50216,Watch ads
50217,Claim now
50218,"After claiming, the total income will be accumulated again. Remember to come back to Mini Point tomorrow!"
50219,Failed to join the map. Please check your network and try again.
50220,Map is full. Please try again later.
50221,Unable to join the room. Host has blacklisted you.
50222,Host has kicked you out of the room.
50223,Activate Battle Pass
50224,Activate Battle Pass to get season-limited rewards. Do you want to activate it?
50225,Activate Battle Pass + Level-up Pack
50226,Activate Battle Pass + Level-up Pack to get limited rewards and more EXPs. Are you sure to activate now?
50227,Buy Level-up Pack
50228,Buy Level-up Pack to instantly level up to 40 and claim lots of rewards. Are you sure to activate now?
50229,Current guest account
50230,Linked email
50231,Third-party accounts can use the linked email and password to log in.
50232,Please link your email before setting a password
50233,Clear
50234,Deleting downloaded maps can save up to %s M space
50235,(You can still play these maps through the map list)
50236,Are you sure you want to delete map data and game progress?
50237,Login failed. Action failed.
50238,Login failed. Please check your network and try again.
50239,Login successful
50240,Login failed
50241,Login failed. Login information expired. Please login again.
50242,Account verification failed
50243,Sign up failed
50244,Initialization failed
50245,Login timed out. Please login again.
50246,Failed to send verification code
50247,Failed to set password
50248,Third-party sign up failed
50249,Third-party login failed
50250,Task
50251,Redeem
50252,History
50253,Incomplete
50254,GO
50255,Sleeping...
50280,Searching map for you. Please try again later.
50281,Map has been deleted by the creator. Please select again.
50282,Login failed. Unable to connect to the server. Do you want to enter single player mode? (Some functions aren't available in single player mode)
50283,Failed to send the avatar. You will get it in your next login.
50284,Vietnam
50285,Brazil
50286,Mexico
50287,Thailand
50288,Argentina
50289,Colombia
50290,Indonesia
50291,Peru
50292,Chile
50293,Taiwan Region
50294,Malaysia
50295,Turkey
50296,China
50297,Italy
50298,Hong Kong (China)
50299,Spain
50300,Republic of the Philippines
50301,Ecuador
50302,Japan
50303,Bolivia
50304,Germany
50305,Dominica
50306,Costa Rica
50307,Portugal
50308,Venezuela
50309,France
50310,South Korea
50311,Australia
50312,Macau (China)
50313,Azerbaijan
50314,Paraguay
50315,Panama
50316,Poland
50317,Honduras
50318,Cambodia
50319,Laos
50320,Romania
50321,Myanmar
50322,Nicaragua
50323,Salvador
50324,Guatemala
50325,Ukraine
50326,Uruguay
50327,United Kingdom
50328,Singapore
50329,Iraq
50330,India
50331,Network Test completed
50332,Network Test is about to begin. It will take a few minutes. Are you sure you want to continue?
50333,Testing your network. Please wait.
50334,"Network Status: No Network
Please try to connect to the internet and restart the game."
50335,"Network Status: Weak
Please try to switch to another network and restart the game.

In case of failure, please contact our customer service. We shall further solve the problem for you."
50336,"Network Status: Normal
Please try to restart the game and login again.

In case of failure, please contact our customer service. We shall further solve the problem for you."
50337,"Network Status: Good
Please try to restart the game and login again.

In case of failure, please contact our customer service. We shall further solve the problem for you."
50338,"Login failed. Your network may have a problem.
Network Test is about to begin. It will take a few minutes.
Are you sure you want to continue?"
50339,"Network Test is about to begin. It will take a few minutes.
You can still continue your game during this testing.
Are you sure you want to continue?"
50340,"Network Test is about to begin. It will take a few minutes.
You can still continue your game during this testing.
Are you sure you want to continue?"
50341,"Network Status: Weak
Current network is suitable for single player survival mode or creation mode. You can also switch to another network and restart the game.

In case of failure, please contact our customer service. We shall further solve the problem for you."
50342,"Network Status: Normal
You can play any content with this network.

In case of failure, please contact our customer service. We shall further solve the problem for you."
50343,"Network Status: Good
You can play any content smoothly with this network.

In case of failure, please contact our customer service. We shall further solve the problem for you."
50344,Create Account
50345,Trial avatar has been used successfully. Complete the task to get permanent avatar.
50346,Claimed
50347,Claim
50348,Current progress
50349,Go
50350,Welcome to Mini World. Here's a small welcoming gift!
50351,Finish the tasks to win the permanent avatar
50352,Choose 1 from 3
50353,Tutorial Task
50354,Stay tuned
50355,Battle Pass
50356,Battle Pass + Level-up Pack
50357,Buy Level-up Pack
50358,Level UP
50359,"1. The task is divided into weekly tasks and season challenge tasks. After completing the tasks you can get experience to improve the season pass level, and receive corresponding rewards. #r 2. Purchase Battle Pass to unlock more rewards. #r 3. After the end of the season, the Season Pass level will be cleared. Please redeem the rewards within the season, once expired, you will not be able to receive them. #r 4. Points can be redeemed in the shop for rewards. After the end of the season, points will not be cleared, and they can be accumulated until the next season to continue the redeem."
50360,Recommendation
50361,Click to view the task progress
50362,Only existing accounts support single-player mode. Please create an account first and then play the single-player mode.
50363,Evelyn
50364,Woods Butterfly
50365,Successful
50366,Fail
50367,Timeout
50368,Parsing failed
50369,Failed to own
50370,Database error
50371,Configuration error
50372,Parameter error
50373,Region or region server error
50374,Event isn't available
50375,Exceeded event's limit
50376,Failed to add props
50377,Card does not exist
50378,Prop does not exist
50379,Rewards reclaimed
50380,Group configuration error
50381,Gold is not enough
50382,Diamond is not enough
50383,Ramadan event team does not exist
50384,Ramadan event country region error
50385,Tap to choose the map you like
50386,Drag to refresh the map list
50387,Role's avatar can be found in the Mall-Custom section
50388,Clicking START/Login indicates your agreement to our
50389,Terms of Privacy Policy
50390,I know
50391,"Mini World: CREATA collects approximate location info, app activity (including page views, taps in app, installed apps), other app performance data, device or other identifiers for supporting advertising and marketing when the app is in use."
50392,Please read carefully and agree
50393,", you can click Game Settings - Other Settings to check again."
50394,Verification failed. Please check the phone number and verification code.
50395,Account does not meet requirement
50396,"Sorry, account only supports 8~16 characters. Please try again."
50397,Custom View
50398,Deleting downloaded maps %s
50399,"To avoid problems, do not close the game during the deletion process"
50400,Interrupt
50401,Facebook account successfully linked
50402,Google account successfully linked
50403,Apple ID successfully linked
50404,Facebook account successfully unlinked
50405,Google account successfully unlinked
50406,Apple ID successfully unlinked
50407,Fail to link. This account is linked to another UID.
50408,Link phone
50409,"After linking, you log in using the phone verification code"
50410,This phone is linked to another UID
50411,Unlink phone
50412,Unlink phone requires verification from the original phone
50413,Phone successfully unlinked
50414,"To prevent account loss, please set a password before unlinking"
50415,"After unlinking, you can log in using your UID and password.
UID: @1
Please operate with caution."
50416,Continue
50500,Battle of the Crystal Lion
50501,Aqua Carnival
50502,Gift Bazaar
50503,Sniper Gods Beach
50504,Aqua Carnival Stage
50505,Happy Summer
50506,Time：%s/%s-%s/%s
50507,Enter the carnival
50508,Help
50509,"- Enter the map and experience the coolest summer water carnival！
- Play the map to complete the mission! Redeem Summer Rewards!
- The longer you spend on the Water Carnival map, the more rewarding you will get!
- Let's start the summer carnival together!"
50510,Go
50511,Receive
50512,Received
50513,Process
50514,Reward Preview
50515,OK
50516,Reward Preview
50517,View Probability
50518,Probability Publicity
50519,Reward Name
50520,Probability
50521,Gift Bazaar
50522,Time：04/27-05/08
50523,Owned
50524,"Loading, please wait."
50525,Time：04/27-05/08
50526,Let's start the summer carnival together!
50527,Sniper Gods Beach
50528,The coolest water carnival theme event！
50529,Time：04/27-05/08
50530,"- Enter the map and experience the water gun battle!
- There is a chance to get a miracle water gun by defeating other players, and it will be randomly refreshed in the map also. 
- The miracle water gun can shoot water bombs, which could be used to shoot down coconuts.  You can receive great rewards from coconuts."
50531,Shoot Coconut
50532,Fighting Together!
50533,Defeat the Crystal Lion
50534,Enter
50535,Go
50536,Receive
50537,Received
50538,Click Enter
50539,Bonus
50540,"- Enter the map to challenge the ultimate Boss Crystal Lion!
- Challenge the ultimate Boss Crystal Lion, the damage value reaches the top three to complete the task and get rewards!
- Play with your friends! Find mysterious weapons in the map, level up, defeat the ultimate Boss Crystal Lion with friends step by step and receive rewards!
- This summer, fight together and play cool together!"
50541,Carnival
50542,Surfing Card is not enough.
50543,Get the miracle water gun on the map. The miracle water gun can shoot down coconuts by water booms.
50544,Redeemed
50545,Go Activate
50546,Owned
50547,"The number of water bombs is not enough, go to the map to get more water bombs."
50548,"- Playing the maps in the Water Carnival will give you a chance to get Surfing Card!
- Surfing Card can be exchanged for various mysterious rewards in the Gift Bazaar, including a grand prize Mount!
- Invite friends and experience the joyous Water Carnival together! Play games to get rewards, and have a refreshing summer!"
50549,"- Mount reward could be redeemed once only
- After redeem, mount shards will be sent to your backpack
- You can't redeem mount if you already have them"
50550,"Paper cranes represent good wishes. Every paper crane carries small pieces of wishes, which finally converge into a beautiful dream. Ride on this Star Crane and make a wish, and may where your dream lies be full of flowers of hope"
50551,Number of water bombs you can get today:
50552,
50561,Please click Refresh to check on unreceived charge
50562,Refresh
50563,Rewards are drawn into mail
50564,My Ranking
50565,My Score
50566,Times In
50567,Kill Score
50568,Win/Lose/Draw
50569,Time of the Last
50570,GO Now
50571,Ranking
50572,Ranking
50573,Nickname
50574,Mini No.
50575,Total Score
50576,Last game
50577,Data loading
50578,Inform
50579,Ended
50580,Inform Fraud
50581,Mini No. of Fraud
50582,Fraud
50583,Max 3 pcs.
50584,Upload
50585,Display country logo
50586,Yes
50587,No
50588,"Sorry there is a unfinished transaction, please switch to previous account and click 'Refresh' in Notice. You could continue purchasing while the transaction status is done. Or you could cancel transaction in Googleplay and purchase via another account. Thanks for your understanding."
50589,Input UID
50590,Please input fraud
50591,Confirm
50592,Cancel
50593,Win
50594,Lose
50595,Draw
50596,Star Score
50597,Facebook
50598,Remove
50599,Password length>=8
50600,Password should include letter and number
50601,Login Verification
50602,Please bund email to recover your account&password.
50603,Please input phone number
50604,1. Used to set and recover your password
50605,2. Used to recover the UID
50606,Unbunding email box requires verifiying email code. Re-bunding could be done after unbunding
50607,Unbund email
50608,1. Verify bunding info to reset password
50609,2. Used to retrieve UID
50610,Unbunding email box requires verifiying email code. Re-bunding could be done after unbunding
50611,Modification is done
50612,Password
50613,"Please set UID: Question-required password of |@1|
Question-required password and password are all workable to login"
50614,Tips
50615,"1. After changing your password, please use your phone to take photos, pen and paper to record your UID and password
2. You can use your UID and password to log in on other devices (friends, account currency/props will be retained, and the save will be retained only after sharing)
3. Third party accounts can use the bound email and password to log in!"
50616,UID and Password allows to login after unbunding. Please pay attention UID @1 is the unique login certification!
50617,Current UID
50618,You can login with your mobile after bunding
50619,Unbunding requires verification via phone number
50620,Continue unbunding
50621,Caution: you will be unable to login or retrieve password after unbunding on the phone
50622,"Phone numer is bund with UID. Nex step is to unbund previous UID, would you like to continue?"
50623,Continue
50624,Cancel
50625,Password:
50626,Saved on clipboard
50627,@1 Online Room(s)
50628,Get out of bed
50629,Please input email binded with account
50630,Applying for resetting password
50631,The App is binded with other account
50632,This number is binded with other account
50633,This email box is binded with other account
50634,Email doesn't match with UID
50635,Choose method to retrieve
50636,"To avoid losing account, please set password for releasing bind"
50650,Your client version is low and cannot join in room. Would you like to update?
50651,Mini Beans
50652,Not in tops
50653,Welcome to be in my room
50654,Rewards obtained
50655,Failed to obtain
50656,Times up-limit reached
50657,Report Done
50658,Report Failed
50659,Draw Time:
50660,"Cannot find friend in room, please try later (code)"
50661,"Game disappears, please change another one. (code)"
50662,"Cannot enter game, please try later (code)"
50663,"The client version is too low to play the game, please update. (code)"
50664,"Room connection is time out, please try later. (code)"
50665,"Google pay fails, please check network and if Google store is logged in"
50666,Here you can join the exclusive rooms created by your friendes!
50667,Limited skin-Griffita
50668,Limited avatar frame-Doodle
50669,Limited dress up-Avery dress
50670,Limited dress up-sea salt candy blue hair
50671,123
50672,Please re-enter the name\ nNote: Do not enter the space bar
50673,Limited Skin· Lucia
50674,Limited Avatar Frame· Shining Star
50675,Limited Skin· Bunny Doll
50676,Limited Skin· Bunny Helmet
50677,Limited Skin· Eternal Pureness
50678,Limited Avatar Frame· Snowdress Holiness
50679,Liminted Custom Set· Basket Panda
50680,Limited Custom Set· Agate Bracelet
50681,Limited Skin Mechanical Wing
50682,Limited Avatar Frame Time Tour
50683,Limited Custom Glowing Cloak
50684,Limited Custom Time of Wind
50685,Unlockable
50686,Redeem Mount Shard
50687,Remaining Validity:
50688,Purchase Confirmation
50689,You have a skin coupon that is about to expire!
50690,Get Coupon
50691,Custom Wardrobe
50692,Refresh
50693,Nice Shot
50694,Double Kill
50695,Triple Kill
50696,Killing Spree
50697,Unstoppable
50698,Dominating
50699,Maniac
50700,Rampage
50701,Godlike
50702,Legendary
50703,Keep exploring for extra rewards.
50704,Watch ads for free respawn
55000,@Null@
55001,The address of the overseas request to pull the data is wrong
55002,The domestic request to set the data address is wrong
55003,There are currently no search terms
55004,No search history
55005,"There is no group at the moment, go and create it"
55006,Please select the question you want to know
55007,"The game needs to know your signal and network status in order to better provide you with game content and services, so we need to obtain mobile phone status permission."
55008,Allow Mini World to get your phone status information?
55009,"Since you refused to give us mobile status permission, the game will not be able to provide you with more accurate content recommendations and services. Are you willing to reconsider?"
55010,"For more accurate content recommendations and services, go to Settings and change the Collection Status permission settings."
55011,"Games need to know your location in order to better provide you with game content and services, so we need to obtain location information permission."
55012,Allow Mini World to get your location information?
55013,"Since you refused to give us location information permission, the game will not be able to provide you with more accurate content recommendations and services. Are you willing to reconsider?"
55014,"For more accurate content recommendations and services, go to Settings and change location settings."
55015,"The game needs to use the camera to enable the function of scanning the code to add friends, so we need to obtain the camera permission."
55016,Allow Mini World to use your camera?
55017,"Since you refused to give us camera permission, the scan code to add friends function will not be available, would you like to reconsider?"
55018,"To use the scan code to add friends, go to Settings and change the camera permission settings."
55019,"The game needs to use albums to open the ability to customize covers, so we need to get album permissions."
55020,Allow Mini World to get your albums?
55021,"Since you refused to give us album permission, the ability to upload custom covers will not be available, would you like to reconsider?"
55022,"To use the ability to upload custom covers, go to Settings and change album permission settings."
55023,"The game needs to use McFone to open up voice chat, so we need to get microphone access."
55024,Is the mini world allowed to use the microphone?
55025,"Since you refused to give us access to the microphone, the voice chat feature will not be available, would you like to reconsider?"
55026,"To use the voice chat feature, go to Settings and change the microphone permission settings."
55027,"Sorry, service is temporarily unavailable in your area."
55028,Clear cache
55029,Clean up
55030,"Calculating storage space, it may take a long time, please wait"
55031,Mini world data storage usage
55032,Cached data
55033,The cache is temporary data generated when playing Mini world. Cleaning the cache does not affect the normal use of Mini world.
55034,Skin and avatar data
55035,"Skin and avatar data are mainly from the skin and avatar in the mall. If you clean it up, you will not be able to see your own or others' skin and  avatar normally in the short term."
55036,Map data
55037,"Map data mainly comes from maps you download or maps you build and play. If you need to clean up, please delete it in the start game interface."
55038,"It may take a while to clean up the cached data, please be patient during the cleaning process."
55039,"Cleaning the skin and avatar data may take some time, please be patient！"
55040,"To avoid damaging data, please don't close the game during cleaning."
55041,Cache data cleaned
55042,Skin and avatar data cleaning has completed
55043,I don't like it
55044,Map author:
55045,Too much similar content
55046,Not interested
55047,it will reduce such content recommendations
55048,Revocation
55049,Cancel authorization
55050,The map must be uploaded publicly to support the creation of multi-person rooms. Do you want to continue creating room?
55051,Upload and continue
55052,Help
55053,Notice
55054,Item
55055,Time
55056,Item Consumed
55057,Prequel
55058,Time-limited Collab
55059,Recommend
55060,RCMD level
55061,"Void Legion of Bibidong is approaching, Seven MNini Monsters has returned to their peak state!"
55062,Final Battle is imminent!
55063,Enter Battlefield
55064,Don't you know that there are also golden phoenixes in the grass nest?
55065,Iron Medal
55066,Copper Medal
55067,Silver Medal
55068,Golden Medal
55069,Purple Medal
55070,Ruby Medal
55071,Diamond Medal
55072,Extreme hot land
55073,Extreme cold land
55074,Rewards will be refreshed at @1
55075,"Today's cap: 0/500, will be refreshed at @1-@2 @3: @4"
55076,Refresh at @1
55077,Battle Point
55078,"Pre-registration starts! Mini Soul Land will be online on Aug.4th, don't forget to login Mini World, raise your level and defeat evil Bibidong!"
55079,Mini World Electronic Music Party is about to start
55080,"Mini World: Divide millions of mini coins, and the God of Wealth will come to the Tang Dynasty"
55081,Registration Starts! Don't hesitate!
55082,Need access to calendar to get registrated
55083,"Sorry, recharge failed, please update the google services API version and try again"
55084,Reserved not translated
55085,Reserved not translated
55086,Reserved not translated
55087,Reserved not translated
55088,Reserved not translated
55089,Reserved not translated
55090,Reserved not translated
55091,Reserved not translated
55092,Reserved not translated
55093,Reserved not translated
55094,Reserved not translated
55095,Reserved not translated
55096,FAQ
55097,The number of redemptions has reached the upper limit
55098,"No enough redeem items, check Task List and complete the task to get more redeem items"
55099,I declined the other party's invitation
55100,The downloaded installation package is incomplete and you need to re-download this installation package!
55101,"The downloaded installation package does not exist, you need to re-download this installation package!"
55102,There was a download error and you need to re-download this installation package!
55103,"Network abnormalities, please check the network!"
55104,Server exception!
55105,Parameter error!
55106,No difference between packages!
55107,There is no first pack!
55108,The input of the decompressed resource package is abnormal! This installation package needs to be decompressed again!
55109,The output file of the decompressed resource package is abnormal! You need to decompress the installation package again!
55110,"Disk space is less than 200MB, please clean up the memory to re-enter the game!"
55111,Downloading resources:
55112,Extracting resources for you
55113,Wait for unzip..
55114,"It is detected that the current version of the game is too low, and the client needs to be updated. \n[color=#FF0000](It is recommended to download the installation package in a WIFI environment)[/color]"
55115,Error unzipping package! Need to re-download and unzip!
55116,Network timeout! Please try again!
55117,"When a client exception occurs, you can try to fix it with this feature. Clicking Confirm will purge all local update files. Are you sure you want to fix it?"
55118,Merging game resource packs for you...
55119,"The update is complete, entering the game..."
55120,Not enough phone space!
55121,"Mobile phone space is not enough! 
 Cache cleaning frees up some of the used phone space. 
 Do you want to do cache cleaning?"
55122,"No more reminders, you can clean up later by setting - other - clean up cache"
55123,redeem coupon
55124,Permanent/Limited
55125,Mini Bean
55126,Skin Shard
55127,Mount Shard
55128,New Limited
55129,Limited Return
55130,Weapon Skin
55131,Mini Coin
55132,Avatar Shard
55133,EXP Card
55134,The room is full and cannot be joined.
55135,The game is in progress
55136,This room is not allowed to join in midway
55137,The game is settling
55138,"The game is settling, cannot be joined"
55139,Remember Password
55140,The size of this map is [color=#ff0000]@1[/color] MB. There may be additional charges for using the cellular network. We will automatically upload it for you after you connect to the WiFi.
55141,Using cellular network
55142,Use later on WIFI
55143,Upload Note
55144,Auto-Upload
55145,Automatic upload using cellular network
55146,Upload List
55147,Uploading...
55148,Waiting for upload
55149,The map upload queue is full. Please be patient and wait for the map upload to complete and try again
55150,"Currently you have [color=#ff0000]@1[/color] map that has not been uploaded. Do you want to upload all of them? (Uploaded maps update automatically. To modify the map upload information, please click on map details to modify it in the upload interface. The map size that is over [color=#ff0000]@2[/color]MB need click uplaod button manually）"
55151,Skip
55152,Please save the map first
55153,Do you want to quit the game?
55154,"More content is loading, please wait."
55155,Build Time
55156,Add All Maps
55157,Cloud archive
55158,Name
55159,Introduction
55160,Please enter the description of this Cloud Archive
55161,Permission
55162,Allow my friends to see and play
55163,Allow players to invite others
55164,Setting
55165,Allow everyone to destruct or construct blocks
55166,Allow only my friends to destruct or construct blocks
55167,Create
55168,Description
55169,"Cloud archive is another save backup on the server. You can authorize your friends to play with your save, but pay attention to the following:
1. Cloud archives and your local archives are independent progress, and they do not affect each other. When a archive is converted to a cloud archive, you automatically back up an original local archive.
2. There can be multiple cloud archives, but only activated cloud archives can play. The number of cloud archives that can be activated is limited to% s.
3. Each player who enters the cloud archive for the first time has independent progress, and the prop bar and backpack items are in the initial state.
4. Only players who have obtained permission or been invited can play your activated cloud archive, even if you are not online.
5. When deleting the cloud archive, all game progress on the cloud archive will be lost."
55170,Cloud archive - Active
55171,Deactivate
55172,Freeze
55173,Cloud archive settings
55174,Change
55175,Activate
55176,"The number of activated cloud archive has reached the maximum. Please freeze at least one of them to activate this cloud archive. Note that when the archive is frozen, the player playing the game will be forced out."
55177,Concurrent users
55178,You are deleting the cloud archive. All game progress will be lost. Confirm to delete?
55179,Cloud gaming
55180,Get it
55181,Delete cloud archive
55182,%s's cloud archive
55183,Join
55184,Cloud archive password
55185,Please type password
55186,Some players are playing a cloud archive game. Confirm to change to inactive status? (players will be kicked out of the game)
55187,"The cloud archive owner has frozen the cloud archive, and the game exits"
55188,Start with cloud archive
55189,Your list is empty
55190,"1. Click to batch upload maps: Automatically add all unuploaded maps to the upload list for you
2. Maps with a certain amount of game time will be automatically uploaded and saved (not public)
3. You can turn off the automatic upload function in the game-settings or turn on cellular data upload"
55191,Start
55192,The current configuration does not support turning on shadow.
55193,Friends' Playing
55194,Friends Played
55195,Recommended
55196,Hot
55197,New
55198,Qualified
55199,Played
55200,1K Liked
55201,Followed
55202,Data abnomaly
55203,Quest not started
55204,Quest ended
55205,Nonexistent quest
55206,"The quest was closed, please try again later."
55207,Related quest not claimed
55208,Related quest claimed
55209,Related quest completed
55210,Quest rewards claimed
55211,Quest not completed
55212,Quest not started or ended
55213,"Sorry, this function is not currently supported in your region"
55214,"Sorry, the client you are using does not currently support this function"
55215,"Sorry, your client version does not currently support this function"
55216,"Sorry, this function is not currently supported in your language"
55217,This function is currently unavailable
55218,Parameter missed
55219,Data missed
55220,Invalid parameter
55221,No corresponding configuration
55222,Configuration expired
55223,Configuration resolution failed
55224,Authentication failed
55225,Expired
55226,Not enough items
55227,Data abnomaly
55228,Server Error
55229,"Network error, please try again later"
55230,Search for player info. or map info.
55231,Ranking
55232,Votes available today:
55233,Vote 3 times to get today's draw!
55234,Popular Ranking
55235,Ranking
55236,Player
55237,Map Info.
55238,Total Ballot
55239,Invite your friends to vote together!
55240,"Mates, let's vote for your favorite works from the MWGT to draw!"
55241,Come and canvass for the MWGT author% s!
55242,Friends
55243,Status
55244,Save picture
55245,"Mate, it is a great work%s! Please vote for %s  for me!"
55246,Picture loading
55247,You have voted the work
55248,"Sorry, you have reached the maximum votes today! Come back tomorrow!"
55249,Please vote for 3 works and draw!
55250,You have drawn today. Come again tomorrow!
55251,Share links
55252,"The link successfully copied, please share it with your friends for canvassing!"
55253,Other's Survival
55254,Freeze the cloud archive before operating it
55255,Cloud archive backup/restore
55256,Backup cloud archives can be restored even if the archives are maliciously damaged!
55257,Get by watching ad
55258,Creation canceled
55259,"Cloud archive is being created, please wait"
55260,The owner has shut the invitation down
55261,"You have survival tutorials unfinished, do you want to continue to complete the tutorials?"
55262,Tutorial
55263,Continue
55264,Recent
55265,Last %s maps you played
55266,Click Refresh to view more maps
55267,You need to download the archive before creating a cloud archive
55268,Unable to load the cloud archive list temporarily. It's trying again
55269,"The cloud archive has been frozen, please wait for the owner to activate"
55270,Resource gallery
55271,Full audio package
55272,Unlock more music and sound effects
55273,Full effects package
55274,Unlock more effects
55275,Full model package
55276,Unlock more models
55277,Functional resource package
55278,Unlock more additional features
55279,You have to download '@1' to unlock the content
55280,Resume
55281,Quit
55282,Survival tutorial
55283,Period：%s/%s - %s/%s
55284,Today's limit: %s/%s
55285,Ends in %shrs %smins
55286,Event Mall
55287,Daily sharing
55288,Watch ads to obtain more（%s/%s）
55289,The ranking will end in %s:%s
55290,Event rewards
55291,Previous
55292,Next
55293,Draw x%s
55294,Reward Preview
55295,Operation failed (- 1)
55296,"Unstable network, please try again later (- 2)"
55297,Data parsing failed (- 3)
55298,Nonexistent relevant information(- 4)
55299,Abnormal data (- 5)
55300,Abnormal configuration (- 6)
55301,Parameter error (- 7)
55302,This activity is not yet available in your area (- 8)
55303,The activity is not open (- 10001)
55304,Exceeds the limit (- 10002)
55305,Failed to add props (- 10003)
55306,Item does not exist (- 10004)
55307,Item does not exist (- 10004)
55308,"You have received the reward (- 10,006)"
55309,Configuration error (- 10007)
55310,Insufficient props (- 10008)
55311,Insufficient props (-10008)
55312,Team does not exist (-10010)
55313,This event is not yet available in your area (-10011)
55314,Please follow the prompts
55315,No server for now. Click the button below to create a new one
55316,"You can select a downloaded or created survival and creation map to create a server room, or select an existed archive"
55317,Create server
55318,Name
55319,Description
55320,Players
55321,4 digits or letters
55322,Only the server owner can invite
55323,You haven't downloaded or created a world yet. You can:
55324,Server created successfully
55325,1. You can manage your server in Multiplayer - Server
55326,Information
55327,Reset
55328,ID: @1
55329,Date: @1
55330,Online: @1
55331,Status: @1
55332,Whitelist only
55333,Friends only
55334,Invitation permission
55335,Only the server owner can invite
55336,Save
55337,Players
55338,Add to whitelist
55339,Add to blacklist
55340,Empty
55341,Admin(S) (@1/5)
55342,Admin (@1/5)
55343,Last updated:
55344,Backup
55345,More
55346,Backups (@1/4)
55347,Status
55348,Switch
55349,Status
55350,Normal
55351,Maintenance
55352,Announcement
55353,Duration: @1
55354,@1 day(s) @2 hour(s)
55355,Created: @1
55356,@1 year(s) @2 month(s) @3 day(s)
55357,Resetting the server will reset the save and settings. Please download the backup before resetting.
55358,Download
55359,Reset
55360,My World
55361,More Worlds
55362,Play with friends
55363,Play Time
55364,Last Played
55365,"The current game is being settled, please wait"
55366,"The server is under maintenance, need to turn on the server to enter"
55367,"The server is off, need to turn on the server to enter"
55368,1. Download the worlds in Multiplayer
55369,2. Create a world and upload it
55370,2. You can set the server permission in Server - Settings
55371,Fail to create server
55372,Fail to create server. Please check the current network or retry to create
55373,Retry
55374,Status can only be changed when the server is on
55375,Maintaining the server will kick out all players (Online Players: @1). Are you sure to maintain?
55376,The server is under maintenance and cannot be joined temporarily
55377,The server is off
55378,Material resource package
55379,Unlock more material packs
55380,This download cannot be completed temporarily
55381,"The Pack Drawer is being prepared, please wait patiently"
55382,"The Mount Card Drawer is being prepared, please wait patiently"
55383,"Network error, download paused"
55384,Inclusion size: @1
55385,Using cellular networks may incur additional costs
55386,Remaining size: @1
55387,Multiplayer
55388,All downloads paused
55389,Worlds
55390,Server
55391,A great name can attract more players to join
55392,Backup time:
55393,Room permission:
55394,Password entry
55395,Server management
55396,Server status: @1
55397,Sever players: @1
55398,Duration:
55399,Quick join
55400,No need \n to download
55401,@1's Server
55402,This cloud archive has been blocked and cannot be activated
55403,Insufficient items (-10005)
55404,"Welcome to Mini World! You can adventure, explore and create your dream world with your friends here. Come and have a look with me!"
55405,Click [My World] to start this wonderful adventure!
55406,Congrats! Now you have the first world of your own
55407,Look! This is the world you just created.
55408,Click here can create more worlds
55409,Excuse me first. I'll wait for you on the homepage. Now enjoy yourself with your friends!
55410,[Multiplayer] Available
55411,Hey! Survivors are in here!
55412,"In [Multiplayer], you can explore with other survivors and experience more fun games. Let me show you first!"
55413,Follow me. Let's go ahead with other survivors!
55414,[Mine] Available
55415,Here are the games you recently played. Click here to play again.
55416,You can create an exclusive world here for yourself and your friends.
55417,[More Worlds] Available
55418,[More Worlds] Here you can find many excellent worlds created by other survivors. You can also download your favorite ones to play!
55419,Tips
55420,Exit [More Worlds]
55421,Enter [My World]
55422,Find the [Download]
55423,You may have your ideas on how to create and explore the world now. I will always be here with you and contact me if you are in need. Go enjoy yourself~
55424,Congratulations on your completion of the Adventurer's Tutotials!
55425,Hey! All your downloaded worlds can be found in [More Worlds]
55426,Skip
55427,Are you sure to skip the tutorial?
55428,Yes
55429,No
55430,"Welcome back, dear survivor. Contact me if you have any questions."
55431,"Hi, dear survivor. I'll always be here to solve your questions."
55432,"Enter [My World], you can start a new survival world, or continue the unfinished one. Let me show you how to explore!"
55433,Here you can show your full imagination! Create a new world as you wish.
55434,Can't wait to try? Let's go!
55435,"Welcome to the Mini World! You can explore and create freely here, and also experience various games. Are you ready? Let me take you to have a look!"
55436,Here is [My World]. You can create your own new world or continue your previous ones. Let me show you how to explore!
55437,This is a music map. Please download full audio package for the best experience
55438,Weekly limit: %s/%s
55439,Monthly limit: %s/%s
55440,From: @1
55441,No result found
55442,minutes
55443,Hour(s)
55444,Please create a world and upload it in [My world] before creating a server.
55445,You can select a uploaded survival/creation world to create a server
55446,Games
55447,No corresponding room found
55448,"No world for now, you can download worlds in [More Worlds]"
55449,Room is off
55450,Download
55451,From:
55452,Misra
55453,Click [More Worlds] to explore more selected content!
55454,Let's start your first game here with your friends!
55455,Canceling the download will lose all the downloaded resources. Do you want to cancel?
55456,This is an excellent world!
55457,[My World] Available
55458,It's the mode of exploring in the sandbox world and trying to survive.
55459,Click [Multiplayer] to view different games first!
55460,It's unavailable. Please explore the available functions!
55461,Comments has reached the maximum
55462,"The Cloud Archive is a 24-hour online server. Players are able to join at any time, no matter the owner is online. The progress is saved in the cloud."
55463,The event has ended
55464,"The event has ended, rewards cannot be claimed."
55465,All rewards have been unlocked
55466,Recharge any amount of Mini Coins to obtain:
55467,Recharge
55468,You have the unclaimed Mini Coin recharge rewards
55469,Congratulations! You have new rewards to claim!
55470,Claim
55471,Recharge
55472,Consume
55473,The current UID is bound to this device
55474,Please set the password or bind a third-party account before attempting the operation
55475,"Are you sure you want to unbind the current UID from this device? It's irreversible, please think twice!"
55476,The current UID has been unbound
55477,"Sorry, username must be between 6 and 16 characters."
55478,"Congratulations, account registered successfully."
55479,Username:
55480,Password:
55481,"For the security of your account, we suggest you bind an email address to your account."
55482,Bind Now
55483,Create Username
55484,Password Verification
55485,"For the security of your account, creating a username requires verification of your current password."
55486,"1. Each UID has only one chance to register a username, which cannot be modified after successful registration.
2. Players can use their username and password to log in, or continue to use UID and password or other bound email and password for login."
55487,3. Create a username for your UID to log in more conveniently.
55488,Next Rewards need recharge:
55489,Total Recharge:
55490,"The event is downloading, please wait."
55491,Require:
55492,Total Consumption:
55493,Next reward need to consume:
55494,Please enter your age first
55495,Please enter your age
55496,"Please enter your age, so that we can recommend better content to you"
55497,Done
55498,@1 years old
55499,Age
55500,
55501,"The username must start with a character, character/number/underscore is supported"
55502,Cloud archive is available
55503,Now you can create a cloud archive to create world with your friends. It's a new multiplayer mode. Give it a try
55504,Select a map and click the button to create a cloud archive
55505,Invite
55506,"Save the map to cloud archive for a better gaming experience:
1. This is a cloud map, your friends can play when you are offline
2. More stable network connection experience"
55507,"You have friends online, invite them to play"
55508,@1 entered your cloud archive
55509,Invite all
55510,Activate Battle Pass to get
55511,and other exclusive rewards
55512,Buy to get
55513,Season Pass level @1 to get
55514,BP
55515,Gold BP
55516,"Need a little more EXP to move up to the next level! Go to the task list, complete it and gain EXP!"
55517,"Too far away from your friends to connect, the Internet is unstable"
55518,Update Required
55519,MiniWord needs update to continue. (@1)
55520,MiniWord has an update.  Would you like to update now？(@1)
55521,Not Now
55522,Update Failed
55523,An error has occurred. Please check your network connection and try updating it again.
55524,Try Again
55525,Decompressing Failed
55526,An error has occurred. Please click fix to check the integrity of the update package.
55527,Please input your username/UID/Email
55528,Username/UID/Email
55529,The cloud archive is downloading. Functions are unavailable.
55530,"Sorry, Network Error: (@1,@2)"
55531,Insufficient redemption items. Please complete the task to get more.
55532,You haven't redeemed anything in this Treasury.
55533,The cloud archive version is low. Please freeze it and try to activate again.
55534,Your game version is too low to join the cloud archive. Do you want to update now?
55535,The cloud archive owner has not updated the game. Failed to  join.
55536,"Sorry, you cannot register more UIDs(@1)"
55537,"Sorry, your email has been bound to another UID"
55538,The cloud archive version has been upgraded. Please freeze and reactivate it.
55539,"Sorry, due to too many login attempts on the current device, the login function has been disabled. Please try again in 5 minutes. (@1)"
55540,Do you want to save it as the default set？
55541,Continue sending
55542,Cancel
55543,"No empty slot available, do you want to spend @1 to unlock the @1 slot to save your current set?"
55544,Tip
55545,Are you sure to switch to the current avatar?
55546,Don't show again
55547,Confirm
55548,Cancel
55549,Purchase with Mini Beans
55550,The currently set will be replaced. Do you want to continue?
55551,The current avatar will be removed. Do you want to continue?
55552,Don't show again
55553,Confirm
55554,Cancel
55555,Wardrobe
55556,Purchase with Mini Points
55557,Obtained by watching ads
55558,Insufficient Mini Points. Please watch ads.
55559,Already owned
55560,Current avatar
55561,Save
55562,"Sorry, your device has been disabled from logging in. Please try again later."
55563,"Sorry, your IP has been disabled from logging in. Please try again later."
55564,This account has no text password set.
55565,Unknown error: error code@1
55566,Please delete the avatar [obtained from ads] before making a purchase.
55567,Avatar [Obtained from ads] can be obtained through watching ads in the custom page.
55568,The cloud archive is still being backed up. Please try again later.
55569,The current UID has been bound to another device.
55570,"For your account security, please verify the password of current UID."
55571,"This operation is irreversible, please think carefully."
55572,Equip
55573,Obtained by watching ads
55574,Binding Information
55575,Garden has been moved here.
55576,"Sorry, the email addresses do not match.(@1)"
55577,"Sorry, failed to get verification code.(@1)"
55578,Verification code expired(@1)
55579,"Sorry, an unexpected error occurred.(@1)"
55580,Season not started
55581,You will return to the login page. Are you sure to continue?
55582,"You are currently using the Mini Star Skin, please modify your skin in the Mini Star Skin slot."
55583,Not set
55584,"You are currently using the Mini Star Skin, custom face is not supported."
55585,You have joined the Party Zone voice channel.
55586,You have switched to the team voice channel.
55587,You have switched to the Party Zone voice channel.
55588,Click this button to switch between team voice channel and Party Zone voice channel.
55589,Online Friends
55590,No friends online now.
55591,Go meet some new friends.
55592,View current zone information
55593,Nobody has spoken yet.
55594,Return to team and play now
55595,Welcome to join the team
55596,Click anywhere to continue
55597,New area is open
55598,Message
55599,Official
55600,Friend
55601,Read All
55602,Delete Read
55603,No notifications yet
55604,No mails yet
55605,@1 day(s) ago
55606,@1 min ago
55607,@1 hour(s) ago
55608,View
55609,Delete
55610,Mentioned me
55611,Liked my map
55612,Commented on my map
55613,The author pinned my comment
55614,New area unlocked.
55615,New function unlocked.
55616,Settings
55617,Notifications
55618,Red Dots
55619,Collect jigsaw
55620,Collected: %s/%s(Duplicate: %s)
55621,Progress
55622,Collect moonlight gala jigsaw
55623,Win Permanent Avatar
55624,Event Time: %s - %s
55625,Collect all pieces to win rewards
55626,"1. You can enter Party Zone and complete corresponding tasks to claim jigsaw pieces in the event page.\n
2. Pieces are randomly dropped, so there is a chance of receiving duplicate pieces.\n
3. Obtained pieces will be filled in the picture automatically. You can claim permanent avatar when you collect certain unique pieces.\n"
55627,Matching
55628,Match found! Get ready
55629,Join the timed game and battle it out for the top spot in the mini-games. Earn your well-deserved rewards and bask in glory!
55630,"Welcome to the fashion shop! I'm Amanda, your friendly shop assistant. Feel free to try on any outfit you like. If something catches your eye, simply hit the shopping cart button to make it yours. Let your beauty shines bright!"
55631,"Welcome to the Beach of Creation! Let the soft sand ignite your boundless creativity and unleash your creative potential! If you need a break, kick back on a lounge chair. And if hunger strikes, go ahead and savor some delicious grilled meat."
55632,"Hey, craving some barbecue? Hook a fish and you can exchange it for a juicy piece of meat!"
55633,Here's a fish for you.
55634,Now go ahead and give it a try!
55635,Here's the meat. See that bonfire nearby? Toss it on and let it sizzle to perfection!
55636,"Alright, I'll be here waiting for you, young one."
55637,Take the stage and belt out a tune! Tickling the ivories on the piano will also garner attention.
55638,"Lob the mysterious transformation potion at other players and watch the magic unfold! They might grow, shrink, turn into a cherry, or even morph into a chicken. Expect some wild surprises!"
55639,Throw the love potion at other players and send them a signal of your affection.
55640,Throw in a specified direction and launch nearby players a certain distance away.
55641,"Landmines that can be quickly set up, sending players flying when triggered!"
55642,Throw it at a player to make them float for a while.
55643,Throw it at a player to reduce their Movement Speed for 5 seconds (doesn't stack).
55644,Not available yet. Go check somewhere else!
55645,"Tap the ""Join Match"" button to jump straight into the party game. Don't forget to bring back your earned points for a chance to win exciting rewards!"
55646,This is for lucky draws.
55647,This section shows your personal rank.
55648,Welcome to the gift shop! Try your luck by drawing a prize!
55649,Nature Block
55650,Wood Block
55651,Stone Block
55652,Colorful Block
55653,Illumination Block
55654,Furniture
55655,Glass Block/Other
55656,Tool
55657,Score
55658,Back
55659,Play
55660,Winner
55661,Yes
55662,No
55663,Transformation Potion
55664,Love Potion
55665,Firecracker
55666,Landmine
55667,Bubble Ball
55668,Snow Ball
55669,The previous undo operation is in progress. Please wait.
55670,Team List
55671,Click to switch the Party Zone
55672,Click to send a team invitation to players
55673,Cloud archive backup or restore is in progress. Please wait before performing other operations.
55674,Open Jolly Shop
55675,Only @1 left
55676,d
55677,h
55678,m
55679,Less than 1 min left until the end of the event
55680,One more
55681,Draw limit reached
55682,Confirm
55683,Are you sure to spend #ce7494d@1#n on #ce7494d@2#n?
55684,#ce7494d You cannot buy skins from other groups if you buy a skin from this group.#n
55685,Take another look
55686,Group locked. You can continue to buy other skins from this group.
55687,You still have unopened mystery boxes
55688,You've reached the draw limit
55689,The function is not available now
55690,Show off your luck~
55691,Failed to enter Party Zone (@1)
55692,Fail to find the right Party Zone (@1)
55693,Failed to enter Party Zone (@1)
55694,Open All
55695,Room
55696,Players
55697,Name
55698,Version
55699,User Agreement
55700,I agree to the #L#cfa7a0fuser agreement#n
55701,and #L#cfa7a0fContent Release Notice#n
55702,Room version: #cEE5012@1#
55703,Room version: #c268F2E@1#
55704,"Failed to post, please do not post the same content consecutively."
55705,"Cloud archive backup has started. The process will last a while, during which other operations will not be responded."
55706,"Cloud archive restore has started. The process will last a while, during which other operations will not be responded."
55707,Time:
55708,Players：
55709,The number of times you watch ads to obtain avatar today has reached the upper limit. Please try again tomorrow.
55710,"The content is too short, please edit and repost！"
55711,Watch ads to get Battle Pass EXP
55712,Limited to one purchase per season
55713,Gold BP
55714,Gold Pass + Upgrade Pack
55715,Reach a certain level to unlock rewards
55716,Get Now
55717,Level up to get
55718,"Please use appropriate words to set your nickname. Click ""Confirm"" to modify it again."
55719,Color filter
55720,Continue
55721,"You already owned all the rewards in the Prize Pool, continue to play you will only get the basic rewards, do you want to continue?"
55722,Continue
55723,"Claim the rewards will end this round of forging, do you want to claim now?"
55724,"Magic Forge rewards include mount [Grunt Beast], avatar [Grainne], and weapon [Bat Sickle]. The mount, avatar or weapon rewards can only be won once, and cannot be won repeatedly"
55725,Select one reward
55726,@1 star(s) reward
55727,Basic reward
55728,Forging
55729,Star forging
55730,Failed. Forge over.
55731,"Stars in effect, level of protection"
55732,Dynamic View
55733,Respawn
55734,Show up
55735,Sleep
55736,"In the map, the lighting changes with time and the environment"
55737,Click the interface at the upper right corner to open the map
55738,You can check lighting and other information at the bottom left of the map
55739,"Hello, we've become friends, you can start chatting now!"
55740,We're already friends. Let's chat.
55741,"Finally become friends, remember to share funny maps with me!"
55742,Expansion requires a home level of
55743,Obtained:
55744,"Saved as official template successfully, please check in the template interface"
55745,"Saved as template successfully, please check in the template interface"
55746,Open comment
55747,Look at this! It's my new unlocked achievement medal!
55748,Top 100 players ranked by Charisma
55749,Top @1 players ranked by Charisma
55750,Players ranked below the top 20% by Charisma
55751,Players' Charisma reach @1
55752,Level
55753,To next level: @1 Charisma
55754,Current Charisma:
55755,Skin Charisma:
55756,Custom Charisma:
55757,Mount Charisma:
55758,Weapon Charisma:
55759,Friends Charisma:
55760,Followers Charisma (10%):
55761,Popularity Charisma (5%):
55762,Battle Pass Charisma:
55763,Presented:
55764,Other:
55765,Increases Charisma by @1 when owned
55766,Charisma +@1
55767,Charisma increased!
55768,Obtained:
55769,Total Charisma:
55770,Current Charisma Level:
55771,To next level: @1 Charisma
55772,Inconsistent version.\nUnable to invite
55773,Played
55774,The room is currently offline
55775,Popular
55776,Grossing
55777,Enter name
55778,Expired in @1 days
55779,The mail has expired and cannot be claimed
55780,Recommended
55781,Calendar
55782,Daily
55783,Ended
55784,Coming up
55785,Join
55786,reserve
55787,Battle Pass has expired
55788,"The version is too low, please update the new version"
55789,"Congratulations on successfully publishing your map and entering the path of growth as a creator! Now you are a trainee creator! You can learn more about how to create, view map data, and experience the fun of creating in MiniWorld through [Creator Centre]. Feel free to use your imagination in Mini World! (Please check the official mail to learn how to become the regular creator)"
55790,Event Center
55791,"Sorry, your account is under security protection, please contact customer service to release it."
55792,Retrieve room information
55793,"Login status abnormal, please try again"
55794,Allow Mimi to use the microphone?
55795,"Dear player, Mimi currently does not support watching advertisements!"
55796,"Creating local backup now, will enter game once completed."
55797,Automatic backup
55798,"Sorry, you have reached the follow limit."
55799,Your friend is currently offline and cannot be tracked.
55800,Update Friend List
55801,Your friend is not currently in a game and cannot be tracked.
60000,@Null@
60001,Studio Head
60002,Manager
60003,Member
60004,"Your application has been sent, please pay attention to the mail notification"
60005,You have successfully joined the studio!
60006,"The studio is full, let’s check out other studios"
60007,"You have already joined the studio, you cannot join other studios"
60008,Rejection succeed
60009,Member successfully kicked out
60010,The withdrawal application is successfully cancelled
60011,"Studio information has been submitted, please wait for review"
60012,Failed to modify studio information
60013,The invitation letter was sent successfully by studio member
60014,Failed to send invitation letter by studio member
60015,Studio
60016,Apply to join
60017,Member management
60018,Studio setup
60019,Leave studio
60020,Cancel withdrawal application
60021,List of works
60022,Member list
60023,Studio Head
60024,Remaining withdrawal time: @1day(s) @2hour(s)
60025,Approved
60026,Rejected
60027,Operate
60028,Check data
60029,Agree
60030,Reject
60031,View application
60032,One-click clear
60033,List is empty
60034,Apply to join
60035,Apply to withdraw
60036,Invite UID
60037,Invitation letter
60038,Fill in the UID of the invited player
60039,"If you do not enter any content, the introduction of the studio will be displayed (do not post illegal content, prohibit the spread of inducement information and social software related information)"
60040,The player has joined another studio and cannot be invited
60041,Player account is abnormal and cannot be invited
60042,The player is already a member of the studio
60043,UID error
60044,Studio member invitation
60045,Confirm invitation
60046,UID cannot be empty
60047,Creator's UID
60048,Invite
60049,Studio information
60050,Studio introduction
60051,Allow application to join
60052,"After the background review is passed, the modification will take effect"
60053,Studio setup
60054,Confirm changes
60055,Please enter the studio name
60056,The studio name cannot be empty!
60057,Studio profile
60058,Studio announcement
60059,"Click to enter the content (do not post illegal content, prohibit the dissemination of inducement information and social software related information)"
60060,Confirm to join the studio
60061,Leave studio
60062,Delete member
60063,Confirm Delete
60064,"You are applying to join @1studio, please confirm that you know and agree to the following terms"
60065,"1. After joining the studio, the works you upload will be bound to the studio;"
60066,"2. After you quit the studio, the works produced during your stay in the studio will still maintain a binding relationship with the studio;"
60067,"3. Please read the ""Mini World Studio Operating Regulations"" and confirm that you recognize and agree to abide by the operating regulations;"
60068,"You have joined @1studio@2days, are you sure you want to leave the studio?"
60069,"Click confirm, you can cancel your withdrawal application within 7 days"
60070,Remaining times this month:
60071,Are you sure to delete member@1 (UID@2)
60072,Apply to join the studio
60073,Reason for application
60074,Please read and agree
60075,Please read the terms
60076,Please enter the reason
60077,Failed to get avatar!
60078,Avatar selection failed!
60079,View
60080,All studios
60081,Create now
60082,Search studio
60083,Failed to search studio
60084,Already at the bottom! No more content
60085,"No data, please refresh or create a studio later"
60086,Studio creation
60087,Studio avatar
60088,Studio name
60089,Studio description
60090,Contact details
60091,Submit application
60092,No avatar selected
60093,"Your application has been successfully submitted, please pay attention to the mail notification"
60094,Unknown error
60095,Please fill out completely and submit
60096,Please choose an avatar
60097,"Please read and agree to the ""Mini World Studio Operating Regulations"""
60098,Submit application confirmation
60099,Confirm application
60100,Please enter the studio ID or name
60101,"No result found, please check before entering"
60102,#How to become a certified studio>>#n
60103,"Enter the name of the studio, no more than 8 characters"
60104,"Briefly introduce your studio, so that other friends can get to know you more quickly~"
60105,"Please enter your contact information, such as QQ number or mobile phone number"
60106,Then successfully leave the studio
60107,You have accepted the studio’s invitation
60108,You have declined the studio’s invitation
60109,Expired
60110,"1. By submitting an application, you are deemed to agree and comply with the ""Mini World Studio Operating Regulations""#r2. The operation staff will review your application within 3 days. Please pay attention to the email notification. For more studio management, please go to the content service platform#r3. After creating a studio, you will not be able to dissolve or join other people’s studios, please confirm before operating#r4. For more details, please go to the developer community"
60111,"After leaving the studio, you will not be able to join other studios within 24 hours"
60112,"For example: We are a studio focusing on gameplay, join us and have fun together!#r If you do not enter the content, the introduction of the studio will be displayed (do not post illegal content, prohibit the spread of inducement information and social software related information)"
60113,"Contract members temporarily unable to apply for exit, please contact the room owner"
60114,You have been kicked from the studio
60115,Creator Service Platform>>
60116,"Failed to upload map information, do you want to upload it again?"
60117,Search
60118,"No results found,"
60119,Try another keyword
60120,Are you sure you want to leave the studio?
60121,"After tapping ""confirm to leave"", you won't be able to join another studio for #cFF723Aseven days#n."
60122,My Studio
60123,Successfully joined the studio
60124,Cancel Studio
60125,"1. After canceling the studio, you will be unbound from the studio and become the owner of all the works produced during your time in the studio.
2. After canceling the studio, you won't be able to create a new studio for 30 days.
3. Canceling the studio will have all studio-related information deleted.
4. You can cancel the application within 3 days. If not canceled within 3 days, the studio will be successfully canceled.
5. Please read the ""Mini World Studio Operation Regulations"". Confirming cancellation implies that you agree to abide by these operation regulations."
60126,I Agree
60127,Withdraw Cancellation Application
60128,#c3D4546Remaining withdrawal time:  #cEF2D2D@1d @2h
60129,Are you sure to withdraw the cancellation application of studio @1?
60130,"#c3D4546Remaining cancellation withdrawal time: 
#cEF2D2D@1d @2h"
60131,"""Mini World Studio Operation Regulations"""
60132,"You are applying to cancel the studio, please confirm that you know and agree to the following terms:"
60133,Are you sure to withdraw the cancellation of studio @1?
60134,Please complete the invitation information.
60135,This person is already in the studio. Please do not send the invitation again.
70000,Spring Blossom Season
70001,Season #c0ABA1D@1 days#n left
70002,S1 season starts. We've prepared tons of gifts!
70003,Level UP
70004,Upgrade
70005,Bonus
70006,Task
70007,Lottery
70008,Clearing
70009,Receive
70010,You are going to #c0AAA1A@1 levels#n. Need #cFA7A0F@2#n mini coins
70011,Purchase success
70012,You need to spend #cfa7a0f@1#n @2
70013,Purchase @1
70014,Clearing date: #cFFEE92@1 Days#n left
70015,"1. Complete the tasks to obtain the relevant points, Season Pass tasks will refresh weekly, season tasks can only be completed once each season.
2. Level up for every 300 points obtained and unlock the respective reward for each level.
3. Purchase Pass Card to obtain exclusive rewards.
4. Unclaimed rewards will be kept for three months before they are deleted.
5. When the Pass card reaches the highest level, the surplus scores can be used for lottery to obtain more rare rewards.
6. You can upgrade by purchasing levels. And consumed Mini Coins can't be refunded.
7. Event Duration: @1-@2, do your best to complete the tasks and win the final prize!
8. The rights of interpretation of the event belongs to the officials of Mini World"
70016,Go
70017,Cooling down
70018,Next task: @1 minutes
70019,Finished @1 times
70020,New season hasn't started
70021,Clearing and claim
70022,The score will be reset after clearing. Unclaimed awards will be sent to your pack.
70023,First Meet
70024,Laughter
70025,My domain
70026,Contact way
70027,Handsome
70028,Play together
70029,Gardener
70030,Ads King
70031,Universe Creator
70032,Endless Joy
70033,Collector
70034,Customer
70035,Investigator
70036,Solidarity
70037,Nini is our Queen!
70038,Wood Tycoon
70039,Show Off
70040,Login @1/1
70041,Join Room @1/1
70042,Create Room @1/1
70043,Real-name Verification
70044,Phone Number Verification
70045,Email Verification
70046,Water your friend's garden @1/1
70047,Watch Advertisements @1/1
70048,Play a creation game for 30 minutes @1/1
70049,Play a fight map and win@1/1
70050,Favorite a map @1/1
70051,Donate a map @1/1
70052,Check badges @1/1
70053,Add a friend @1/1
70054,Use Nini to play a game @1/1
70055,Get @1/40 pieces of wood
70056,Post a status @1/1
70057,Purchase
70058,#cFFDA0A@1 Lv@2-->#n#c5AEA0ALv@3#n
70059,Congratulation! You've got the Pass rewards #cff871b@1#n
70060,Congratulations! You've got Pass rewards #cff871b@1#n
70061,Congratulations! you've won Pass Card(Gold) awards #cff871b@1#n
70062,BP
70063,Season Details
70064,Task Details
70065,Lucy Draw
70066,Clear
70067,"1. You can get 2000 task score weekly.
2. You can get scores after fulfilling tasks.
3. Before the Battle Pass reaches the highest level, the score can only be used to upgrade. After it reaches the highest level, you can use surplus score to join the lucky draw.
4. Daily tasks will cool down when it's finished. And it will refresh for the next day."
70068,"1. When the Battle Pass reaches the highest level, you can use surplus score to join the lucky draw
2. After the season ends, unused scores will be cleared."
70069,"1. After clearing, unused scores will be reset.
2. After clearing, the unclaimed awards will be sent via in-game mail. Please make sure there is space for it
3. Click to check the unclaimed awards"
70070,Your score has reached the upper limit @1/@2 of this week. Keep trying!
70071,Your score has reached the upper limit @1/@2 of this month. Keep trying!
70072,"Dear Mini Explorers, the current season has ended, you have purchase @1 during the previous season, the rewards have been sent to your inbox, please redeem them before they expire. You may continue with other activities to win bigger rewards."
70073,You do no have enough points to participate
70074,"Incorrect version number, please update your game to the latest version."
70075,"Tally completed, has been sent to your email"
70076,Points
70077,Roll x @1
70078,Tally Treasure Chest
70079,Battle Pass task
70080,Season task
70101,Rainforest Killer
70102,Shaman Reaper
70103,Great Adventurer
70104,Fruit Tree Farmer
70105,Go visiting
70106,Bug Exterminator
70107,Let's be friends
70108,Look! Gashapon
70109,Gift of Love
70110,Power of Friendship
70111,Season of Harvest
70199,Change of Luck
70201,Kill Quetzalcoatl x 1
70202,Defeat Rainforest Shaman x 2
70203,Pet Adventure x 1
70204,"Plant ""Fruit Tree"" in your Home x 1"
70205,View other player's home x 1
70206,Help others remove Garden pest x 1
70207,Like another player's profile x 1
70208,Gashapon Draw x 1
70209,Gift Skin x 1
70210,Gift Custom DIY x 1
70211,Gold Fruit Draw x 1
70299,@Null@
70301,Kill Quetzalcoatl#r @1/1 times
70302,Pet Adventure @1/10 times
70303,Win @1/10 matches in Fight Mode games
70304,Place blocks in map#r @1/10 times
70305,Small fruit draw @1/10 times
70306,Ranking
70307,Rank
70308,Nickname
70309,Rank
70310,EXP
70311,Friends Ranking
70312,Today's EXP Ranking
70313,Time until the next refresh: [color=#FFEB97]%s min[/color].
70314,"EXP from tasks that were not completed last week will be carried over to the next week, up to 4400 EXP."
70315,(Including carry-over EXP @1)
70316,Go to Claim
70317,View Friends Ranking
70318,View Server Ranking
70319,Max weekly EXP reached
70320,Current Friends Ranking
70321,Rewards to be Claimed
70322,Current Server Ranking
70323,No.@1
70324,"Explore the maps or go on various adventures to increase your Battle Pass level. The higher the level, the more rewards you can receive!"
70399,@Null@
70400,Unlock rewards worth $#cFFF000688#cFFFFFF
70401,Obtain #cFFF000200+#cFFFFFF Mini Coins
70402,Redeem now
70403,Permanent Skin-Nepro
70404,Avatar Frame-Gala Dance
70405,Custom Skin-Lucky Frog
70406,Custom Skin-Wilderness Holiday
70407,$18
70408,$68
70409,$118
70410,6
70411,Discount
70412,Season Pass level +
70413,40
70414,$50
70415,Purchase Season Promotion once
70416,Upgrade
70417,Buy Battle Pass and
70418,Upgrade to level @1 to redeem
70419,Claim all
70420,Free!
70421,Expired in @1
70422,Challenge
70423,Time left for this week: @1
70424,Seanson Pass level +40
70425,You can immediately receive the following rewards after purchase:
70426,Limited
70427,Today's Promotion
70428,Season Promotion
70429,GO
70430,Time to unlock task:
70431,Upgrade to
70432,Buy Battle Pass to get rewards worth
70433,@Null@
70434,Go to reward
70435,EXP
70436,Day(s)
70437,Hour
70438,Minute
70439,Second
70440,Redeem this product requires the purchase of Battle Pass for the current season
70441,"Today's redeem has reached the upper limit, please come back tomorrow."
70442,"The number of exchanges this season has reached the upper limit, please come again next season."
70443,"Insufficient points, redemption failed"
70444,"The new season has started, please re-enter"
70445,Spend @1 points to exchange
70446,"[Tasks]
1. Tasks are divided into weekly tasks and seasonal challenge tasks. Complete tasks to get EXP, level up your Battle Pass, and receive corresponding item rewards.
2. Weekly tasks can be completed repeatedly, and the EXP will be automatically issued after completion.
3. Weekly tasks have an EXP limit. If your weekly EXP does not reach the limit, the remaining EXP will be carried over to the next week (up to 8000).
4. Season challenge tasks cannot be repeated. After completing them, you need to manually claim the EXP.

 [Rewards]
1. At the end of the season, Season Pass levels and rewards will be reset. Please claim your rewards in time. Once expired, you will not be able to claim them.
2. Season Pass Points can be redeemed for items in the Redemption Shop. At the end of the season, Season Pass points will not be cleared, and they can be accumulated until the next season.

 [Purchase Season Pass & Levels]
1. Purchase the Season Pass to unlock more rewards; purchase EXP pack to directly upgrade to level 40.
2. The max level for the Season Pass is 300. After reaching the max level, you won't be able to gain or purchase EXP.

 [Ranking List]
1. The Friends Ranking List is based on the level of the Season Pass. Players of the same level will be ranked by their accumulated EXP.
2. The Daily EXP Ranking List is based on the Season Pass EXP gained by all players in the server on the current day.
3. When there are too many players checking the Ranking List, there may be a slight delay in data refresh. You can check again later."
70447,"Redeemed success, obtained @1 experience"
70448,Ten thousand
70449,Obtain more experience
70450,Watch an advertisement to obtain 50 experience
70451,Cruel refusal
70452,Watch now
70453,This login is no longer prompted
70454,#c31f474 Owned #n
70455,System maintenance
70456,"The operation failed, please check the time setting of the machine, if it still cannot be solved, please contact customer service."
70457,"You have successfully activated the service, please do not repeat the purchase."
70458,Permanent Skin-Valena
70459,Avatar Frame - Natural Rhythm
70460,Custom Skin-White Floral Note
70461,Exclusive Spray Paint-Good Boy
70462,Battle Pass can be upgraded to Lvl [color=#F9FFAD]@1[/color]!
70463,Max level of Battle Pass reached. Please try again in the next season.
70464,The new season has started. Please update your client version and try again.
70465,Max level reached
70501,"Use succesful, Battle Pass experience increased by @1"
70502,Oh wow ~ there's rewards to be collected
70503,Complete tasks to obtain more rewards
70504,"Now, go complete a task"
70505,Reward
70506,Click to continue >>
70551,Bonus amount are not calculated into the topup amount
70552,Already topup: #cFFD71C@1#n/@2 Mini Coins
70553,Exclusive rewards
70554,"Topup any amount, get exclusive permanent skin"
70555,"Accumulated topup @1/@2 amount of Mini Coins, get exclusive custom set"
70556,Gift
70557,Topup now
70558,Go collect
70559,Custom set
70560,"Collection success, reward will be sent to your inbox, delay expected, please check and verify promptly"
70561,Wish Trader
70562,Next refresh time
70563,Count reset after @1 days
70564,Accumulated purchase rewards
70565,Shop refresh
70566,Refresh Wish Shop items now
70567,Watch ads to obtain Mini Points
70568,Remaining Ad watch count: @1
70569,All rewards (Reward pool will be refreshed in: @1)
70570,Pick your rewards
70571,Capture 1 time
70572,Capture 10 times
70573,Current prizes to select
70574,Prizes will be refreshed in @1
70575,Congratulations! You obtain the following rewards
70576,Mini Points rewards
70577,Watch ads rewards
70578,Spend @1 points
70579,Watch @1 times
70580,Refresh time:
70581,Confirm
70582,Collect
70583,Collected
70584,"You are blessed by the Goddess of Luck, you hit the jackpot"
70585,"Accumulate a specific number of item exchanges in the Wish Shop to obtain additional rewards. Purchase count and additional rewards will be reset regularly, to avoid unexpected loss, please collect your rewards promptly."
70586,New
70587,Limited
70588,Selected
70589,Owned
70590,Cannot be collected repeatedly
70591,Unable to find corresponding reward
70592,"Collect reward successfully, please head to the Shop to verify"
70593,No rewards selected
70594,Mini Coin subscription product
70595,#L#c0aaa1a Privacy Policy #n
70596,#L#c0aaa1a Automatic Renewal Agreement #n
70597,Subscribed
70598,Unsubscribed
70599,Redeem each time
70600,Remaining: @1 time
70601,Next time: @1
70602,Subscription expiration: @1
70603,First subscription bonus
70604,Mini Coin subscription promotion
70605,@1 dollars
70606,@1 dollars
70607,@1 dollars
70608,Subscribe
70609,Redeem
70610,0.2
70611,Receive @1 Mini Coins every 30 days
70612,Monthly Subscription
70613,@1 dollars / 30 days
70614,Season Subscription
70615,@1 dollars / 90 days
70616,Half-yearly Subscription
70617,@1 dollars / 180 days
70618,"Season subscription, Half-yearly subscription limited-time discount"
70619,Confirm
70620,Choose
70621,Original price
70622,Subscription details
70623,"#cff3d2b You are about to activate the automatic renewal service. After the activation, you agree that before the end of the time period for the product you select, you agree that we will deduct the renewal fee from your designated account without confirmation. #n specifically includes the following: #n After subscribing, you can immediately receive one month's mini coins. And get mini coins every 30 days thereafter."
70624,#cfa7a0f Subscription Products: #n
70625,#cfa7a0f Each time receive: #n
70626,#cfa7a0f Payment: #n #CE0DCCA Similar to other in-app purchases. #n
70627,#cfa7a0f Cancel Subscription: #n #CE0DCCA You can view your subscription status in the app at any time and modify your subscriptions that you want to cancel.
70628,"#cfa7a0f Renewal: #n #CE0DCCA The automatic renewal fee at the end of the validity period, the subscription cycle will extend for another subscription cycle after the renewal fee is successfully paid."
70629,#cfa7a0f Cancel Subscription: #n #CE0DCCA View Subscription from your selected payment app and select the subscription you want to cancel.
70630,#L#c5aea0a Privacy Policy #n
70631,#L#c5aea0a Read and agree to the automatic renewal agreement #N
70632,Close
70633,Purchase
70634,Payment method
70635,WeChat
70636,You need to check the automatic renewal agreement first and check to agree.
70637,Subscribe success
70638,"You successfully subscribe to Mini Coin Subscription, the first month of Mini Coins can be redeemed. If you are temporarily unable to redeem due to network delays, please re-refresh it later."
70639,The first month of Mini Coins can be redeemed
70640,Confirm
70641,Mini Coin subscription expiration reminder
70642,Your Mini Coin subscription service has expired. Go and renew for more mini coins.
70643,Renew now
70644,Subscribe to Mini Coin
70645,Alipay
70646,#ceeeaff Advanced #n
70647,#cfffde1 Super #n
70648,Original price: @1 dollars / 90 days
70649,Original price: @1 dollars / 180 days
70650,@1 Mini Coins
70651,"There is an abnormality in the network, please restart."
70652,"When you open a subscription ready to the WeChat or a third-party platform, WeChat or third-party platform will automatically use the product cycle according to the product cycle, this renewal will not need you. Reconfirm again. If you need to unuse the automatic renewal service, please refer to the following process: #R WeChat: Open ""WeChat"" mobile client → click ""I"" → select ""Payment"" → click ""..."" → Select ""deduction fee in the upper right corner Services → Click on the service to cancel the automatic renewal fee → Select Close Service. #r Apple mobile phone user manually open iPhone or iPad ""Settings"" → Go to ""iTunes Store and App Store"" → Click ""Apple ID"", select ""View Apple ID"", enter the Account Settings page, click ""Subscribe"", select "" Need to cancel the subscription, cancel the corresponding subscription. #r Huawei app store users Click ""Settings"" → Click Huawei Account Center → Click ""Payment and Bill"" → Click ""Auto Delivery / Free Payment"". Select ""Need to cancel Subscribe service, turn the sliding button to the left. #r Bonus Details: #r For 18 dollars subscription, each time you get 207 Mini Coins, with a bonus of 15%. #r For 38 dollars subscription, each time you get 456 Mini Coins, with a bonus of 20%. #r"
70653,@1 Subscription Expiration Reminder
70654,"Your subscription has expired, please renew your subscription to get more Mini Coins."
70655,Head to Home - Pet backpack to view
70656,Mini Miracle
70657,Limited time offer
70658,Mystery box
70659,How to play
70660,After recovery
70661,Continue
70662,Free
70663,Start
70664,Claim
70665,@1 more stages for rewards!
70666,Oops! Encountered a little monkey!
70667,Give up rewards
70668,Play with monkey
70669,Give monkey Mini beans
70670,@Null@
70671,times left
70672,"The little monkey was very happy, returned all the rewards!"
70673,And give you an extra reward
70674,Continue
70675,Wow! It's Eva's blessing!
70676,It can be used to drive away the little monkey in the next level
70677,Continue
70678,Eva's blessing is in effect
70679,Help you drive away the little monkey
70680,Leave a reward
70681,Continue
70682,Are you sure you want to quit?
70683,@Null@
70684,more level(s) to get the mystery box!
70685,Leave with rewards
70686,Continue
70687,The little monkey was very happy and returned all the rewards!
70688,And give you an extra reward
70689,Continue
70690,Little monkey took away all the rewards
70691,Play again
70692,Congratulations!
70693,You opened all the boxes!
70694,Claim
70695,Again
70696,Insufficient stamina. Watch Ad to participate in the event for free!
70697,Insufficient stamina
70698,Free (@1/@2)
70699,Mystery Box
70700,You can get rewards or blessings after opening
70701,Careful!
70702,A little monkey will appear in the mystery box
70703,It will take away all your rewards!
70704,Drive away the little monkey
70705,You can keep all the rewards
70706,Parameter error
70707,Signature error
70708,System error
70709,Operation error
70710,No data
70711,Configuration error
70712,Failed to add item
70713,Authentication failed
70714,Insufficient items
70715,Insufficient times
70716,Insufficient stamina
70717,Reached the final level
70718,Feed bananas to the little monkey to skip the level
70719,No respawn times
70720,Stamina is full
70721,Not in time range
70722,Mystery box event increases stamina by 1
70723,"The operation is too frequent, please try again later"
70724,Request timed out
70725,Already owned reward
70726,The number of purchases has reached the limit
70727,"The current level is a bonus level, the little monkey won't appear!"
70728,Surprise exclusive
70729,#c90205D Refresh time: #n#cffe3dd@1#n
70730,Watch ads
70731,Play x1
70732,Play x10
70733,Spend @1
70734,@1 or @2
70735,1 or 10 sheets
70736,"Insufficient account balance, gift pack purchase failed"
70737,Failed to purchase gift pack
70738,Special offer countdown:
70739,"1. Adventurers have the opportunity to trigger a surprise gift pack when they complete various game actions;
2. Each triggered event gift pack can only be purchased once, and the gift pack disappears after the purchase is completed;
3. Each surprise gift pack has a separate countdown timer. After the countdown, the gift pack disappears. Don't miss it, every adventurer!"
70740,Reward preview
70741,Draw x1
70742,Draw x10
70743,Collect progress increases!
70744,Select a mount
70745,Owned
70746,Time
70747,Purchase event coupons
70748,Gift Energetic Firework x
70749,Get mounts
70750,Please get @1 first
70751,Obtained unlocked items
70752,Unlock now
70753,Merge immediately
70754,Unlock items can be obtained in the Mount Card Drawer. (Moderate entertainment rational consumption)
70755,Open successfully
70756,Parameter error
70757,Unable to fetch configuration
70758,The validity of your membership is long enough. Don't waste your money...
70759,Consumption failed
70760,Failed to add expiration date
70761,No corresponding data processor found
70762,Privileged object not found
70763,Unknown privilege type
70764,Not enough ads coupons
70765,Failed to create data management object
70766,Failed to create order
70767,Oder repeat callback
70768,Failed to save order
70769,Failed to delete trial card
70770,Unable to join the group. You are already a member.
70771,Network error. Please try again.
70772,Respectable Status
70773,Red Nickname
70774,Member Icon
70775,Friends Pinned
70776,Exclusive Skin
70777,Custom Avatar Frame
70778,Custom Chat Bubble
70779,Member Face
70780,Exclusive Skin
70781,"Mini Membership Instructions:

1. During the Mini Membership period, you can enjoy the following services:
    Respectable Status:
    ①Membership Badge
    ②Friends Pinned (Pin some friends on the top of your friend list)
    ③Cool entry broadcasts
    Exclusive Skins:
    ①Unique Avatar Frame (View and use in the Avatar Frame feature)
    ②Unique Chat Bubbles (View and use in the chat interface)
    ③Member-exclusive Faces (View and use in the chat interface)
    ④Exclusive Skin - ""Cang Hong"" (View and use in the Store - Skin section)
    ⑤Exclusive Skin - ""Yun Yan"" (View and use in the Store - Skin section)
    Exclusive Functional Privileges
    ①Additional 50 Warehouse Slots
    ②Extra 5 Custom Skin Slots
    ③Voting to Kick Players in Server Rooms
    ④10% Reduction in Garden Fruit Ripening Time
    ⑤Guaranteed appearance of a Golden Fruit every 48 hours in your Garden

2. Membership Duration Calculation: Calculated from the day of subscription, based on natural days as the billing cycle.

3. Pricing and Duration
      1 Month: 99 Mini Coins, adds 31 days of validity immediately upon purchase.
      3 Months: 297 Mini Coins, adds 93 days of validity immediately upon purchase.
      6 Months: 594 Mini Coins, adds 186 days of validity immediately upon purchase.
      12 Months: 1188 Mini Coins, adds 372 days of validity immediately upon purchase.

4. When the membership validity period is less than or equal to 365 days, you can choose to renew your membership."
70782,Mini Membership
70783,Member
70784,You are not a Mini member yet. Please go to subscribe.
70785,Membership is valid until
70786,Renew Now
70787,Purchase Now
70788,You are not a Mini member yet.
70789,Avatar Frame Locked
70790,Skin Locked
70791,This event has not started yet
70792,@1 d(s)
70793,@1 hr(s)
70794,@1 min(s)
70795,@1 sec(s)
70796,This event has ended
70797,The event has not been started yet.  Please check the start time of the event
70798,The event has ended.  Please check the end time of the event
70799,Event left time:
70800,Double the first reward after receiving blessings
70801,Amazing! It's the double blessing from Popo!
70802,This season has ended. Please restart the new season after receiving rewards
70803,"The game version is too low, please update to the latest version to experience"
70804,Event Time: @1/@2-@3/@4
70805,Ordinary Claim
70806,Watch Ads
70807,Timed: @1
70808,"After claiming, the cumulative income will be accumulated again. Remember to come back to Bonus Store tomorrow!"
70809,Mini Points offline income reserved
70810,Mini Points offline income reserved
70811,Mini Points offline income reserved
70812,Mini Points offline income reserved
70813,Mini Points offline income reserved
70814,Mini Points offline income reserved
70815,Lucky Block reserved
70816,Lucky Block reserved
70817,Lucky Block reserved
70818,Lucky Block reserved
70819,Lucky Block reserved
70820,Lucky Block reserved
70821,Available during the membership period
70822,Trial Card successfully used
70823,Usage limit for the Membership trial card reached.
70824,"Your membership is about to expire, remember to renew it!"
70825,Member Exclusive faces require Mini membership
70826,Rules
70827,Mini Coin Payment
70828,RMB Payment
70829,@1 <font size='26'>months</font>
70830,"Your membership will expire on @1. After renewal, the validity will be extended."
70831,"To unlock this item, #c0aaa1a@1×@2#nare still required. You can redeem them with #cfa7a0fMini Beans#n or #cfa7a0fMini Points#n."
70832,Grand Privilege
70833,Request/Send
70834,Tips
70835,Congratulations on becoming a Mini Member! Would you like to automatically use the following related Member benefits?\n\n1. Member Exclusive Avatar Frame.\n2. Member Custom Chat Bubble.\n3. Member Exclusive Skin.
70836,￥
70837,Receive additional @1 Mini Coins as a bonus
70838,Discount
70839,The Mini Membership has been sent to @1 via mail. There may be a delay in the mail. You can remind your friend to check it after logging in again.
70840,Member Request
70841,You'll be the most dazzling star in Mini World.
70842,Hope you will like my gift.
70843,Be happy forever!
70844,I'd like @1 as my birthday gift!
70845,Please send me @1 as a gift!
70846,"I really like @1, hope you can help me make this wish come true."
70847,"My dear friend, can you send me a @1?"
70848,Notification of Declined Member Request
70849,"Sorry, your request to @1 for @2 has been rejected. Why don't you try asking someone else?"
70850,"#r(After claiming, please go to your Warehouse to check and use it.)"
70851,"You have already sent @1 to your friend, please do not give it again."
70852,"Warehouse capacity can be expanded by purchasing with Mini Coins or by subscribing to Membership.

Current default warehouse capacity: #c0aaa1a@1#n slots.
Warehouse capacity unlocked by purchasing: #c0aaa1a@2#n slots.
Member exclusive warehouse capacity: #cD13B3B@3#n slots."
70853,Warehouse Capacity Description
70854,Your warehouse capacity has reached its limit and cannot be expanded.
70855,Custom Skin Slot Description
70856,"The number of custom skin slots can be expanded by unlocking with Mini Beans/Mini Coins or by subscribing to Membership.

Current default skin slots: #c0aaa1a@1#n.
Skin slots unlocked by purchasing: #c0aaa1a@2#n slots.
Member exclusive skin slots: #cD13B3B@3#n slots."
70857,Subscribe to Membership
70858,Purchase Skin Slots
70859,Your membership has expired and needs to be renewed before using it.
70860,The number of skin slots has reached its limit and cannot be expanded.
70861,"It will cost #c0aaa1a@1×@2#n to purchase #cfa7a0f@3 warehouse slots#n, please confirm it.#r"
70862,"Current warehouse capacity: #c0aaa1a@1#n slots.
Warehouse capacity after purchase: #c0aaa1a@2#n slots."
70863,Changes in #cfa7a0fMy#n Warehouse Capacity:
70871,Changes in #cfa7a0fMy#n Skin Slots:
70872,"Current skin slots: #c0aaa1a@1#n slots.
Skin slots after purchase: #c0aaa1a@2#n slots."
70873,Purchase Warehouse Slots
70874,Invalid VIP
70875,The feature of kicking players is on cooldown
70876,Max attempts of kicking players reached
70877,Purchase to get the [color=#ef2d2d]Premium Membership Pack[/color] and [color=#ef2d2d]4GB exclusive data/month[/color].
70878,25 CNY Subscription
70879,Monthly Subscription
70880,Member access to carrier billing reserved
70881,The remaining duration of the pack you purchased is already long enough. Unable to purchase it again.
70882,Remaining Validity
70883,#rRemaining Validity: #c0ABA1D@1#n
70884,"You have a skin coupon that will expire soon, please don't waste it."
70885,Heading to the carrier page for payment...
70886,"Successfully subscribed, please check your mail to claim it."
70887,Encountered an issue with your subscription?
70888,Subscription
70889,"1. Subscribe to the Mini Membership Super Value Pack for 25 CNY in mobile credit. During the subscription, you'll receive a Mini Membership Monthly Pass (31 days), Mini Coinsx200, Event Ticketx1, a Cheery Pack, a China Unicom-exclusive Avatar Frame (30 days), and 4GB of Mini World-exclusive data traffic each month.
2. After a successful subscription, 200 Mini Coins will be directly issued to your Mini account. The remaining rewards will be sent to you via mail. Please check your mailbox.
3. Currently, this subscription is only available for users with China Unicom mobile phone numbers. For more details, please contact 10010."
70900,Send Red Packet
70901,Please select the Red Packet type
70902,Red Packet Blessing
70903,"Look up, find luck, and may your Mini journey be smooth."
70904,"In the wind and rain, Mini awaits you."
70905,"Good luck always stays, fortune and love come your way."
70906,"Happy New Year, everyone!"
70907,[Friend's Name]
70908,"Happy Birthday, @1"
70909,"Happy New Year, @1"
70910,Send Red Packet
70911,Tap to select friend
70912,I got it!
70913,Waaah
70914,The Red Packet is gone
70915,Select Friend
70916,"No friends yet, please choose another blessing."
70917,"Please wait a moment, other users are sending red packets now."
70918,"1. All users can send red packets to other users in the room.
2. Each red packet contains a random amount of money based on the specified number, which can be viewed in the red packet selection interface.
3. Red packet blessings can be specified for certain friends, but the red packet is still available for all users to grab.
4. Rewards obtained from grabbing red packets are issued directly to your account and do not require to be claimed manually.
5. Any remaining rewards in the red packet will be returned directly to the sender.
You can check the return details in the system messages.
6. Mini Coins obtained from grabbing red packets cannot be used for gifting, sending red packets, or other functions.
7. Mini Coins obtained from system gifts, selling collectibles, or claiming red packets cannot be used for sending red packets."
70919,@1 grabbed @2 @3
70920,You've reached the max limit for grabbing red packets. Please try again tomorrow.
70921,You've sent too many red packets today. Let's continue tomorrow.
70922,The Red Packet is gone
70923,The current Red Packet has expired.
70924,Opening the Red Packet...
70925,Lucky Red Packet
70926,Timed Bonus
70927,Even Distribution
70928,Fortune Pack
70929,Promising Future
70930,In the room
70931,Your Mini Coins are insufficient. Top up to continue sending red packets. (Mini Coins received from the system or red packets cannot be used to send red packets.)
70932,Red Packet from @1
70933,@1 Red Packets
70934,Red Packet Description
70935,Successfully sent
70936,Operation failed. Please try again later.
70937,Endless Wealth
70938,Head up High
70939,Spurt of Progress
70940,All good things come true in 2023
70941,Wish you wealth and blessings
70942,Crest of Success
70951,Send Gifts
70952,Free
70953,Watch Ads
70954,x@1
70955,Mini Coin x@1
70956,Mini Bean x@1
70957,Send
70958,Charm Description
70959,"After receiving friendship gifts, your charm can increase. Different gifts correspond to different charm values."
70960,The player's charm @1
70961,Current Charm: @1
70962,You're amazing! Here's a little flower for you.
70963,Wish you a safe and prosperous New Year!
70964,Holding the milk tea in the palm of my hand.
70965,View Effect
70966,"You sent #c0aaa1a@2*「@3」#n to #c0a7fef「@1」#n, friendship #c0aaa1a+@4#n."
70967,"#c0a7fef「@1」#n sends you #c0aaa1a@2*「@3」#n, friendship #c0aaa1a+@4#n, charm #c0aaa1a+@5#n."
70968,Return Gifts
70969,You've reached the daily limit for increasing your friendship with 「@1」. Sending a gift at this time will not increase the friendship between you two. Are you sure to continue sending the gift?
70970,Continue to Send
70971,Cancel
70972,You've received #c0aaa1a「@2」#n x@1.
70973,"#c0aaa1a「@1」#n sends you #c0aaa1a@2*「@3」#n, charm #c0aaa1a+@4#n, friendship #c0aaa1a+@5#n. You can view the gift details on the chat page."
70974,You've received a friendship gift from #c0a7fef「@1」#n. Please upgrade to version 1.23.0 or higher to view it.
70975,Friendship Gift
70976,"1. Sending friendship gifts can increase the friendship between two people. The user who receives the gift can also accumulate charm.
2. The user's profile will display their charm and the friendship gifts they've received."
70977,Friendship @1
70978,Send Gifts
70979,Friendship +@1 after use
70980,The red packet amount sent for this month has reached the limit
70981,The player has claimed the max amount of red packets for this month
70982,Tip
70983,"Insufficient friendship, please increase it and come back later."
70984,You sent @2*@3 to @1
70985,Select Red Packet
70986,Select the Red Packet for @1
70987,The @2*@3 that @1 sent you has been issued to your account. Please check it.
70988,Red Packet successfully sent
70989,Cannot send red packets at the moment. Please try again later.
70990,Scan the QR code and send @1@2 Mini Coins.
70991,You haven't been registered for enough time to use the Red Packet feature.
70992,@1 sent you @2*@3
70993,Only You
70994,Fortune with You
70995,Grateful for Our Encouter
70996,Crazy Thursday
70997,Rich and Willful
70998,Safety and Joy
70999,Smooth Journey
71000,Good Health
71001,Surprise! Share and win rewards
71002,#c657476Event Period: #n#c0aaa1aResets every Monday#n
71003,Total shares this week: #c0aaa1a@1day(s)#n
71004,Share with friends and receive daily bonus
71005,"1. Event resets at the end of each week: Resets on Monday #r2. Your first share daily will be added to the Daily Share Count, once it reaches the required counts, you will unlock the relevant rewards. Progress will reset every Monday.#r3. Obtain 7 Daily Share Count for the week to unlock the final reward."
71006,First share
71007,Notification
71008,@Null@
71009,@Null@
71010,@Null@
71011,@Null@
71012,@Null@
71013,@Null@
71014,Beginner's bonus
71015,Limited time discounts
71016,Common Gifts
71017,"Classic skin, limited time offer"
71018,Benefit: Valid for 9 days for new account creation players
71019,"Popular mounts, exclusive discounts"
71020,Benefit: Valid for 9 days for new account creation players
71021,(Countdown to event: #c03fea@1#n)
71022,"Classic skin, limited time offer"
71023,Benefit: Valid during the event period
71024,"Popular mounts, exclusive discounts"
71025,Benefit: Valid during the event period
71026,Grand prize
71027,1 day
71028,3 days
71029,5 days
71030,7 days
71031,"@1mount@2 has expired, the mount has been deleted"
71032,Watch ads for free revive
71033,Obtain superb survival items
71034,Continue to explore without dropping any items
71035,Hot
71036,New
71037,Please enter the mobile phone number bound to the account
71038,Please enter the email address bound to the account
71039,Rules
71040,"1. For players participating in the event, some skins in the shop will have limited time offers;#r
2. After the event is over, the discounted skin will reset to the original price, don't miss out on the offer;#r
3. More exciting bonuses will be available in the future, so stay tuned!"
71041,"Guaranteed Skin Shard x 1 and one random reward from below: Permanent Skin or Skin Trial Card x 1 (@1, @2, @3, @4)"
71042,Open Giftpack?
71043,Amount #c0aaa1a @1#n
71044,(additional reward #c0aaa1a@1#n)
71045,One time purchase #c0aaa1a@1 and get @2#n
71046,Guaranteed
71047,Permanent
71048,Trial
71049,Use now
71050,Open later
71051,Please get a low-level mount first
71052,@1: already owned
71053,Luck value
71054,"The higher the luck value, the greater the chance of getting a permanent skin; when the luck value is full, you will surely get a permanent skin."
72002,[color=#657476]Event Time:[/color] [color=#0aaa1a]Every Monday to Sunday[/color]
72003,Total shares this week: [color=#0aaa1a]@1 days[/color]
75000,@Null@
75001,Weekend Gift
75002,Interaction Drama
75003,No Interaction Drama data
75101,Be happy
75102,May all your wishes come true.
75103,May we always be together.
75104,Smooth journey and good health.
75105,"Wishing you much joy, peace, and longevity."
75106,May you be loved all your life.
75107,Be happy and carefree always
75108,Cheer up and be happy.
75109,"Mini Coin Discount Purchase Event:
(1). Event Time:  @1-@2
2. Claim Red Packets:  After tapping the ""Claim"" button, you will be directed to the Alipay event page to claim a red packet, with the max value of 6 yuan. The red packet you receive will be saved in your Alipay account.
3. Purchase Mini Coins:  When selecting a Mini Coin pack to purchase within the game, the red packet will be automatically deducted from your payment. The amount after deduction will not be a negative number. For example, if you receive a 6 yuan red packet and then purchase a 1 yuan item, the actual amount you pay will still be 0 yuan.
4. Red Packet Usage Rules:  After setting up Alipay as the payment method on App Store, the red packet can take effect.
(5). This event is exclusive to App Store.
(6). This event requires that the Alipay account is real-name authenticated and the user is at least 18 years old."
75200,
80000,@Null@
80001,@Null@
80002,Star travel
80003,Miras
80004,Flamas
80005,Horas
80006,Current
80007,Star introduction
80008,"A beautiful planet with diverse ecology and abundant resources; #r#rDanger level: #c0aaa1aLow#n#rTeleporter requirement: #c0a7fefLvl 1#n#r#rAfter activating the control console, you can board the nearby teleporter to start your interstellar journey."
80009,"Due to its close proximity to the star, the scorching planet is filled with lava, and its harsh living environment has given birth to extremely dangerous ""creatures"". The ""Broken Flame Sword"", one of the ""Three Relics"", is sealed here and guarded by a giant flying dragon. #r#rDanger level: #cfa7a0fMedium#n#rTeleporter requirement:#cfa7a0fLvl 2#n#rTravel suggestions: #cef2d2dHot climate#n, it is recommended to prepare a Fireproof Backpack.#r#r.You also need to use#c0aaa1aUpgrade Part A-Type#n to upgrade the teleporter (it is said that crafting materials can be found on the Floating Island of Miras)."
80010,"The only satellite of Miras, with thin atmosphere and perpetual darkness. #rThe planet has scarce biological resources, but is abundant in hard and advanced minerals.#r#rDanger Level: #cef2d2dHigh#n#rTeleporter Requirement:#cfa7a0fLvl 2#n#rTravel Suggestions:#cef2d2dAs the oxygen is scarce#n, it is recommended to prepare an Oxygen Mask#r#r. You also need to use#c0aaa1aUpgrade Part A-Type#n to upgrade the teleporter (it is said that crafting materials can be found on the Floating Island of Miras)."
80011,Set off!
80012,Please take the nearby teleporter to start the star journey
80013,@1-@2@3station
80014,Select the destination of the teleportation
80015,"Location: @1, height@2"
80016,Cost:
80017,Switch star
80018,Send
80019,Star station is activated
80020,Please select the destination
80021,Select site
80022,Teleportation in progress
80023,Destination: @1
80024,Countdown: @1
80025,Teleportation paused
80026,Close Starlink
80027,Continue teleporting
80028,Star station energy is not activated
80029,"Missing activated console, please use the energy core to activate the nearby console"
80030,Starlink is abnormal and teleportation is interrupted
80031,The destination site is not activated and the teleportation failed
80032,"Teleporter level is insufficient, please upgrade the teleporter by upgrade part first"
80033,You have successfully arrived at @1
80034,You were transmitted by Starlink to the unknown location of @1
80035,update successed! You can travel to more stars in the teleportation pod!
80036,Triangle door
80037,Unknown location
80038,Unknown
80039,"The teleporter is in use, please try again later"
80040,"The activation is successful, you can start traveling in the nearby teleporter~"
80041,This action cannot be performed in the teleporter
80100,@Null@
80101,Heroes' Stele
80102,"Sacred Fruit from Miras Rainforest#r
Hero's Sword from Flamas#r
Wisdom Stone Eye from Horas#r
Three Relics gather, and the seal is broken. The devil reveals its true self."
80103,Stele of Courage
80104,"The ancient heroes fought against evil to defend their homeland in peace. #r
The symbol of victory turned into relics, stored in the land of flames. #r
Remembering their vows, the behemoth awaits the return of the brave."
80105,Stele of Wisdom
80106,"The heroes seal the Void Trio, and the shadows of evil scattered and escaped.#r
Ancient Colossus stands guard over the Relic of Wisdom#r
Place Tungsten, Malachite, Horas Copper, and Purple Fluorite Block around the Horas Stone Statue to confront  Ancient Colossus"
80107,Looking for the Ancient City of Flames
80200,@Null@
80201,"Coordinates: (#ca16b00@1, @2)"
80202,Altitude: #ca16b00@1
80203,Day #ca16b00@1#n
80204,Placed marker #ca16b00@1/@2
80205,Visible to other players
80206,Other players can see your location on the map
80207,Other players can't see your location on the map
80208,Marker
80209,Add marker
80210,Name
80211,Cave
80212,Ingridient
80213,Material
80214,Plant
80215,Ore
80216,Bed
80217,Home
80218,Pattern
80219,Track
80220,Delete
80221,Cancel tracking
80222,OK
80223,Respawn point
80224,Last defeated point
80225,Activated star station
80226,Horas marker
80227,Boss
80228,Portal
80229,Broken Flame Sword
80230,Player location
80231,How to add marker
80232,Click any blank area to pop up the marker page. You can set the pattern and name of the marker.
80233,You have reached the marker limit. Delete another marker to add another one.
80234,Marked point @1/@2
80235,3D map
80236,"Initial respawn point. After being defeated, click Respawn to back there. Using stone statues can move the respawn point"
80237,Defeated location
80238,"Activated star station, you can venture to other planets through star station"
80239,Boss
80240,"Dangerous creatures here, please stay away if you are not strong to fight"
80241,Magical portal. You can use it to teleport to a set location
80242,Broken Flame Sword
80243,"The memorial symbol of the long-standing partnership between the ancient residents and the Black Dragon, which is one of the three key segments that sealed the Void Phantom after the victory of the ""invasion of the Void""."
80244,Lost Crystal
80245,Items you dropped will be stored in Lost Crystal
80300,
80301,There are monsters nearby and can't sleep!
80302,Free View
80303,Sorting Items
80304,Physical DEF
80305,Elemental Defense
80306,Movement Speed Bonus
80307,Walking Speed
80308,Stealth Speed
80309,Running Speed
80310,Swimming Speed
80311,Reclaiming Speed
80312,HP
80313,Stamina
80314,Shield
80315,Energy
80316,Oxygen
80317,Celesthium
80318,Vehicle
80319,Food
80320,Weapon
80321,Creation
80322,Acquisition Method
80323,Attribute
80324,Smelting Material
80325,Attack
80326,Temperature
80327,Low Temperature Defense
80328,High Temperature Defense
85000,@Null@
85001,@Null@
85002,Offer stars*1
85003,Leave
85004,Respawn point saved successfully
85005,Insufficient number of stars
85006,Mystery statue
85007,"The stronghold location has been saved, no need to activate again."
85010,Star Station Console
85011,"Beep...Beep..., hello, this is the Star Station Console. You can select the desired service from the menu on the right."
85012,Check the condition of the equipment
85013,record the stronghold position
85014,View Stars travel guide
85015,"Current console state——————————@1
The number of teleporter currently connected is ——————@2
Map location marking function—————————@3"
85016,Activated
85017,Not activated
85018,Turn on
85019,Turn off
85020,@1Map location marking function
85021,Back to main menu
85022,"Beep...! The map marker function has been @1!
The star station marking status has been updated in your minimap.
Note: Up to ten star stations can be marked on the minimap."
85023,"Beep...boop...! By consuming one star, you can record the position coordinates in our station."
85024,[Consume Star*1] to record the stronghold position
85025,"Boop...! Thanks for your Star, the stronghold position has been recorded successfully!"
85026,Broadcast star station's location information
85027,"I’m at Star Station@1, the coordinates (@2) height@3"
85030,Respawn statue
85031,"The patterns on the stone statue resemble both text and artwork. The font is unfamiliar, as if it belongs to a language from another world. However, you can't help but hear a voice in your head, as if describing the intricate connection between the statue and the ""star."""
85032,"""Do you have any extra stars left? I can exchange them with my power."" -- A voice of the Black Dragon resonated in your mind as you touched the statue."
85033,"""Do you have any extra stars left? I can exchange them with my power."" -- A voice of the Black Dragon resonated in your mind as you touched the statue."
85034,"""Do you have any extra stars left? I can exchange them with my power."" -- A voice of the Black Dragon resonated in your mind as you touched the statue."
85035,"""Offer me stars, and may the power of creation guide you forever. ""
 ---When I touched the statue, I felt the power of the Giant."
85036,Offer a star
85037,Let me think again
85038,"After offering the stars, you feel the connection with the statue, and the voice in your mind gradually fades away...
In future, your adventure will restart from the location of this statue."
85039,Leave
85500,@Null@
85600,@Null@
85601,Defeat Void Phantom - Haste
85602,Volcano Altar
85603,"The seal is broken! Void Phantom is really weak now, hurry and defeat it！"
85604,Pursue the fleeing Void Phantom
85605,Volcanic Plain
85606,"Void Phantom is injured and flees, to hide again and regain strength, quickly take advantage of this and pursue!"
85607,Who dares to disrupt my plans!
85608,For the time being... Retreat...
85609,Give up! Challenger! I will not leave!
85610,"All is but an phantom! Lord of Flames, obey me!"
85611,"All is but an phantom! Ancient Colossus, obey me!"
85612,"""Argh...has my plan...failed? But the Void...will return...hahaha..."""
85613,Defeat the Void Phantom - Power
85614,Volcanic Plain
85615,The Void Phantom is attempting to infiltrate the underground and absorb the planet's energy for a comeback. Stop it quickly!
85616,"Give me your energy, challenger"
85617,Offer me the power of creation! My believers!
86000,@Null@
86001,The feed trough is full!
86002,Only fill with corresponding feed
86003,Feed trough can only be filled with grass feed or meat feed
86004,"Miras is really a rich planet, you can come to my planet if you have a chance"
86005,Floating Plain
86006,"The power of light is too strong, and the human body cannot withstand too much light power in a short period of time."
86007,Festival Mall
86008,Festival Mall #c0aba1d (@1-@2 Limited time open) #n
86009,How to get the festive flower ball?
86010,"·In the adventure, find #c0aba1d Lantern Riddle Bird #n, guess its riddles, and get festive flower balls #r#r·eat #c0aba1d Festive Mooncake #n, there is a certain chance to get festive flower balls #r#r·Light up #c0aba1d Festive Lantern #n Disable the Lunar Eclipse event, get a festive flower ball"
86011,Festive flower ball
86012,"Tengu will devour the moon tonight, use the lantern to drive him away!"
86013,"Successfully scared away Tengu with the festive lantern, you received the reward from the moon god"
86014,"Tengu successfully ate the moon, you spent a dark night"
86015,Lantern Riddle Bird happily left and left the festive flower ball
86016,Some friends are guessing lantern riddles
86017,The Lantern Riddle Bird turned into a cloud of smoke and left
86018,Hey! A Berli drove away your bird waiting for you.
86019,"Affected by the tengu eclipse moon, temporarily unable to sleep"
86020,"Hush hush, your friend is answering the question, don't disturb him."
86021,Get off the bed
86022,Ha-ha Can I help you with something
86023,La-di-da Look at goods of absolute cheap price
86024,Square shape
86025,Round corner
86026,Right angle
86027,Anonymous
86028,"Fishing by the sea can always calm people down, and fishing by boat is another scenery"
86029,These are furniture made of fine materials. Which do you want to buy?
86030,It's all here. Take a look yourself. Don't bother me!
86031,Beware of ferns!
86032,#c0aba1dDiving suit#n is immune to the effects of water pressure and reduces oxygen consumption.
86033,Watch out the falling coconuts!
86034,Are you sure to exit the tutorial?
86035,(Damaged)
86036,The current weapon/tool is damaged and cannot be used for skills. Please repair it!
86038,Charge
86039,@self has lost consciousness in the cold...
86040,@self has been frostbitten during the battle.
86041,@self is burning up in the high temperature.
86042,Right-click: Form Snowballs. Left-click: Charge. Spacebar: Jump/Detach
86043,Lock Minimap
86044,Room Invitation Pop-up
86045,Allow friends to track
86046,Display Frame Rate
86047,Chat Bubble
86048,Streak Timer
86049,"Due to the impact of a mystery#rpower,selecting [Resume]#rrequires an increase in#rthe stars of (#c0aaa1a stars ×@1#n).#rWill be resumed to the normal#rstate  at the end of the timer"
86050,Remove
86051,"Removing the current timer requires #c0aaa1a stars × @1#n to be consumed, proceed?"
86052,Mode:
86053,Difficulty:
86054,Easy
86055,Ordinary
86056,Are you experiencing too many deaths? Would you like to lower the difficulty to [Easy]? You can modify the difficulty at any time in the [Map Settings]
86057,The item jar you lost has been destroyed by [@1]
86058,Switched successfully
86059,Easy
86060,Normal
86061,"After switching to [Normal Difficulty], the game's difficulty will be slightly increased, affecting only the monster's strength and Stamina cost. Proceed?"
86062,"After switching to [Easy Difficulty], you can enjoy a leisurely adventure as only the monster's strength and Stamina cost will be affected. Proceed?"
86063,The difficulty level will impact the strength of monsters and your Stamina cost
86064,Hello! I'm an apprentice Traveling Merchant bringing back goods. Can I stay here and use a bed?
86065,"While I was fleeing for my life as a Traveling Merchant, I encountered a large group of boarmen chasing me through the rainforest! To make matters worse, a winged serpent started swooping down, curses!"
86066,That was close! That bug in the desert nearly devoured the merchandise I brought from the Oasis!
86067,"Amber, I must admit that I can no longer endure this frigid icefield. I even witnessed a giant gorilla attacking a village. This is no place for civilized beings!"
86068,"Hey, how did you find out that I caught golden fish on the beach?"
86069,Freezing Attack
86070,Knockback Resistance
86071,The game difficulty can be adjusted. Would you like to lower it to [Easy Difficulty]? You can modify the difficulty at any time in the [Map Settings]
90000,@Null@
90001,Completed
90002,In progress
90003,Not unlocked
90004,Prerequisite: @1
90005,Reward:
90006,Follow
90007,Click the task button on the right to receive the reward
90008,Reward has been automatically issued
90009,You obtained @1
90010,Completed
90011,Collect
90012,Follow
90013,Reach
90014,Target
90015,Task
90016,Claim All
90017,Track Task
90018,Target Reached
90019,Main Task
90020,Produce
90021,Battle
90022,Explore
90023,Prerequisite Task:
90024,Tap to claim
90025,Lamy
90100,@Null@
90101,Lamy-027
90200,
100001,Item
100002,Bows
100003,Projectiles
100004,Firearms
100005,Weapons
100006,Equipment
100007,Food
100008,Feed
100009,Plant
100010,Resource
100011,Construction
100012,Materials
100013,Furniture
100014,Decoration
100015,Block
100016,Terrian
100017,Celesthium Device
100018,Special Block
100019,Special Sundry
100020,Special Crops
100021,Gameplay
100022,Creature
100023,Machine
100100,@Null@
100101,Collect shards from Garden Fruits
100102,Craft by collecting shards from event
100103,Collect shards from Lantern Event
100104,Collect shards from Thanksgiving Event
100105,Collect shards from Spring Festival Event
100106,Purchase with Mini Beans
100107,Obtained recipe for crafting
100200,@Null@
100201,#L2-Steps Verify
100202,Open after setting the password
100203,"Sorry, you need to bind an email address to use this function."
100204,"After turning on 2-Steps Verify, you need to verify in one of the linked options when you log in for the first time on other devices."
100205,Login Verification
100206,Please verify the login to make sure your account is safe.
100207,Mobile Verification
100208,Email Verification
100209,Unlink
100210,Email Unlink
100211,Mobile Unlink
100212,You need to verify your email to unlink. You can bind another email after unlinking.
100213,You need to verify your mobile to unlink. You can bind another mobile after unlinking.
100214,Unlink successfully
100215,Unlink failed. Please check your email and verification code.
100216,Unlink failed. Please check your mobile number and verification code.
100217,Verification failed. Please check your email and verification code.
100218,Verification failed. Please check your mobile number and verification code.
100219,Mini World Verification code for login
100220,"[Mini World] Verification code: @1. You are conducting login verification, the verification code is valid for 1 hour. Don't share your the account information to others to ensure safety. If it is not your operation, please change it in time.



--------------------------------------
If you need help, please contact customer service: miniworldcustomerservice@gmail.com"
100221,"[Mini World] Verification code: @1. You are conducting login verification, the verification code is valid for 1 hour. Don't share your the account information to others to ensure safety. If it is not your operation, please change it in time.



--------------------------------------
If you need help, please contact customer service: miniworldcustomerservice@gmail.com"
100222,Mini World: Bond verification code
100223,"[Mini World] Verification code: @1. You are conducting login verification, the verification code is valid for 1 hour. Please verify again if the verification code expires.


--------------------------------------
If you need help, please contact customer service: miniworldcustomerservice@gmail.com"
100224,[Mini World] Verification code: @1. You are binding your mobile. The verification code is valid for 1 hour. Please verify again if the verification code expires.
100225,Mini World verification code for unlink
100226,"[Mini World] Verification code: @1. You are unbinding your email. The verification code is valid for 1 hour. Don't share your the account information to others to ensure safety. If it is not your operation, please change it in time.
--------------------------------------
If you need help, please contact customer service: miniworldcustomerservice@gmail.com"
100227,"[Mini World] Verification code: @1. You are unbinding your mobile. The verification code is valid for 1 hour. Don't share your the account information to others to ensure safety. If it is not your operation, please change it in time."
100228,2-Steps Verify
100229,"To ensure your account's safety, please verify first."
100230,"[Mini World] Verification code: @1. You are verifying. The verification code is valid for 1 hour. Don't share your the account information to others to ensure safety. If it is not your operation, please change it in time."
100231,Verification code from Mini World
100232,"[Mini World] Verification code: @1. You are binding your email. The verification code is valid for 1 hour. Don't share your the account information to others to ensure safety. If it is not your operation, please change it in time.
--------------------------------------
If you need help, please contact customer service: miniworldcustomerservice@gmail.com"
100233,UID and phone number don't match
100234,UID and email address don't match
100235,Verifacation failed. Please verify again to login
100236,Email verification code from Mini World
100237,"[Mini World] Verification code is: {1}. You are linking the email. The verification code is valid within 1 hour. Don't share your the account information to others to ensure safety. If it is not your operation, please change it in time.



--------------------------------------
If you need help, please contact customer service: miniworldcustomerservice@gmail.com"
100238,Retrieve password verification code from Mini World
100239,"[Mini World] Verification code is: {1}. You are retrieving your password. The verification code is valid within 1 hour. Don't share your the account information to others to ensure safety. If it is not your operation, please change it in time.



--------------------------------------
If you need help, please contact customer service: miniworldcustomerservice@gmail.com"
100240,You've linked your account to email. Please refresh and restart the game
100241,You've linked your account to your phone number. Please refresh and restart the game
100242,The account hasn't been linked to email. Please refresh and restart the game
100243,The account hasn't been linked to phone number. Please refresh and restart the game
100250,(Notice: Case-sensitive)
100251,@Null@
100252,@Null@
100253,@Null@
100254,@Null@
100255,@Null@
100256,@Null@
100257,@Null@
100258,@Null@
100259,@Null@
100260,"Transform state under repair, still need @1 seconds"
100261,The current state cannot be transformed
100262,Cool down
100263,@Null@
100264,@Null@
100265,@Null@
100266,@Null@
100267,@Null@
100268,@Null@
100269,@Null@
100270,@Null@
100271,@Null@
100272,@Null@
100273,@Null@
100274,@Null@
100275,@Null@
100276,@Null@
100277,The function is currently under maintenance. Cannot change the team name for now.
100278,"The avatar you've chosen is invalid, cannot create the character. Please use the official client to play the game."
100300,@Null@
100499,@Null@
100500,Trial by Mini Captain
100501,@Null@
100502,@Null@
100503,@Null@
100504,@Null@
100505,@Null@
100506,@Null@
100507,@Null@
100508,@Null@
100509,@Null@
100510,@Null@
100511,"Topup is unavailable currently, kindly wait for subsequent version update, thank you for your support!"
100512,"Currently, the new version of HarmonyOS is in the experience stage, and the ads cannot be played temporarily."
100597,@Null@
100598,Bonus for ads
100599,@Null@
100600,#LProbability#n
100601,(Harvest 10!)
100602,(Harvest 1)
100603,Probability
100604,Reward
100605,Confirm
100606,Name
100607,Probability
100608,"Rules:
1. During the activity, spend Mini Coins to harvest a fruit. Have chance to get mount shards and precious items
2. You can certainly get mount shard if you harvest 10 times. If you get mount shards within 10 times, the times will be reset.
3. The right to interpret the activity belongs to Mini World Official."
100609,Skip
100610,Harvest
100611,Congratulations! Player @1 wins @2*@3
100612,Remaining:@1
100613,Farming Tutorial
100614,Ranching Tutorial
100615,Pet Tutorial
100616,Cooking Tutorial
100617,Edit Home Tutorial
100618,"Hello, welcome to your new home, let me guide you around~"
100619,"In your home, you can experience the fun of growing crops, raising animals, training pets, and customize the look of your home. You can go to the relevant home NPC to learn more about the respective gameplay."
100620,Let's head over to the Farm Trader to learn more about growing crops!
100621,"Hello, I will teach you how to plant crops! First of all, you have to buy the seed, then go to the farm, and experience the fun of farming."
100622,"After buying the seed, go behind me and #cfa7a0f plant it at the farm #n! Now there are not many farmland, but as long as you work hard, you can unlock more farmland."
100623,"Harvested #cfa7a0f crop #n can be sold to me, I heard that there will be a #cfa7a0f mysterious trader #n that appears and #cfa7a0f acquire crops at high prices #n, sell it to him to make more money, but you can never know when he appears, unlike me, I will always be there for you ..."
100624,"Enough said, let's go plant the 3 Wheat Seeds."
100625,Talk with the Farm Trader
100626,Buy 3 Wheat Seeds from Farm Trader
100627,Plant 3 Wheat Seeds in the farm
100628,Harvest 3 Wheats and sell them to Farm Trader
100629,"Hey! Pleasure meeting you, here's two chicks for you as a gift! You can bring these chicks to the #cfa7a0f Ranch #n to rear them."
100630,Feed them with their favorite food to accelerate their growth
100631,Talk with the Ranch Trader
100632,Raise 2 Chickens in the ranch
100633,Talk to Pet Adventure Captain
100634,Obtain 1 pet
100635,Train any pets in the Pet Home to obtain an attribute
100636,Start Pet Adventure once
100637,"Hi, new adventurer! Prepare your pet to go on an adventure with me!"
100638,"Choose the maps and pets you'd like adventuring with. Prepare some food for your pets and be ready for your adventure! Go, let's embark!"
100639,"You can also go to the #cfa7a0f pet shop #n to buy a higher quality pet, there is rare pets and legendary pets, but pay attention to moderate consumption! Ah, the legendary level of pet this captain has never seen it ..."
100640,"Pet adventure needs to prepare for them #cfa7a0f adventure props #n and #cfa7a0f adventure food #n, if you don't know what can be brought back from adventure, you can view #cfa7a0f local specialty #n in each map, these can be viewed before heading out, the higher the power of the pet, the higher the probability of successful adventures, good luck!"
100641,"Hello ~ If you want to cook food, you can use the stoves next to me ~"
100642,"The ingredients can be obtained through farming and breeding animals, come and learn how to cook!"
100643,Make a #cfa7a0f wheat bread #n try it.
100644,Talk to Home Cook
100645,Make a Wheat Bread
100646,Talk to Home Craftsman
100647,Craft any furniture
100648,Enter the Edit Home mode and put the furniture you just made into it.
100649,Save the edited home and return to play mode
100650,"If you want to make furniture or resources, you can prepare materials for me to process, you can also use the workdesk next to me!"
100651,Try to make furniture first using the workdesk on the side!
100652,"You can purchase #cfa7a0f furniture #n and #cfa7a0f blueprints #n from #cfa7a0f Home Trader #n, after buying blueprints, prepare the required materials and you can build a house with just a single press of a button!"
100653,"If you want to #cfa7a0f make a furniture #n or #cfa7a0f resource #n, you can prepare the #cfa7a0f material and home currency #n for me to process, you can also use the workdesk next to me!"
100654,First use the #cfa7a0f workdesk #n and try #cfa7a0f making furniture #n!
100655,"Description: Click on the Farm Trader, go to the ""Purchase"", select ""Wheat Seed"", set purchase amount to 3 and click the 'Purchase' button to successfully purchase."
100656,"Description: Buy 3 wheat seeds at the Farm Trader, click on the home Backpack - Resources - Seeds, select the wheat seeds and click to drag into the item column, then go to an empty space in the farm and plant them."
100657,"Description: Click on the Farm Trader, click the ""Sell"" tab, select ""Wheat"", set the amount to sell to 3, and click ""Sell"", if you don't have wheat in the backpack, you can go to the farm to plant wheat seeds and harvest wheat."
100658,"Description: Click Homes Backpack - Resources - Creature Eggs, select the chicken and click to drag to the item column and go to the empty ground of the ranch to breed."
100659,"Description: Click Home Backpack - Pet Tab - Select any pet egg, drag and drop to the item column, right click to use the pet egg to get a pet"
100660,"Description: Right-click the Pet Home, click Train, select any pet, add training materials, and click the Train button. [This training guarantees increase in pet abilities.]"
100661,"Description: Right-click the pet adventure captain to open the adventure menu, select a adventure map, add adventure pets and adventure food (if necessary, add carrying props), and you can start the adventure."
100662,Description: Right-click the Home Craftsman to open the crafting menu to build and manufacture furniture and resources
100663,"Description: Only when you enter the Edit Home mode, you can freely build a home."
100664,"Now that you have learnt everything you need to know about Home, it's up to you how you want to build your very own exclusive home!"
100665,Bunny Beauty
100666,Under 8 years old
100667,9-12 years old
100668,"Hey, have you played ""Mini World""?"
100669,I am a newbie who needs some guidance
100670,Please teach me how to play
100671,Know how to play a little
100672,Have played similar games and know the basic operation
100673,I am an expert
100674,Let me create a world!
100675,Try multiplayer mode! Playing together will be more fun
100676,Click on Multiplayer
100677,Choose a map you like and start playing!
100678,Play this
100679,%s is playing
100680,"Congratulations for completing the tutorial! Next, play your favorite game!"
100681,Click on the screen to continue %ds
100682,Create map instructions
100683,"Here you can create a map, you can choose from three modes"
100684,Survival Mode
100685,Dig resources by yourself
100686,Get creative
100687,Unlimited resources
100688,Store can be set
100689,More quick creation tools
100690,Initiate my save file: %d
100691,Downloadable save files: %d
100692,Use mini coins to buy more save slots
100693,There is a limit on the number of map you can save
100694,"After creating the map, you can upload and share it with other players"
100695,Share your creation
100696,Get player feedback
100697,High-quality maps can get income and traffic support
100698,I understand
100699,Please fill in your basic information
100700,13-16 years old
100701,17 years old and above
100702,Age
100703,"#cFF0000If the conversation involves leading to add friends, account passwords, payment transfers, free gifts and other related content, please be vigilant and pay attention to protecting the safety of your property"
100704,"#L#c0000FFClick to view fraud cases, learn knowledge, and beware of being deceived!"
100705,Please choose the skin you like to try
100706,Please choose the type of game you like
100707,We will recommend to you according to your preferences
100708,Please choose the skin you like
100709,Congratulations on getting the trial skin
100710,Simulation
100711,Adventure survival
100712,Role-playing
100713,Racing
100714,Sports
100715,Reluctantly give up
100716,Begin answer
100717,"In order to better understand your preferences and recommend high-quality content, please answer a few small questions and the demo skin is yours!"
100718,%s-Try for %s days
100719,%s (permanent)
100721,@Null@
100722,@Null@
100723,@Null@
100724,@Null@
100725,@Null@
100726,@Null@
100727,@Null@
100728,@Null@
100729,@Null@
100730,The network is unstable. Please try using the skin again in the warehouse later.
100731,"A passionate young warrior from the tribe, straightforward and fearless."
100732,"The daughter of the tribal chief, gentle and powerful."
100733,A ton of games that you'll love await! Have a go now!
100734,Novice Exclusive Rewards
100735,Complete the challenge to get the [color=#ce7400]mystery giftbox[/color].
100736,Play
100737,Claim Rewards
100738,Challenge Again
100739,"*After completing it, remember to come back and claim your reward!"
100740,You've claimed this reward!
100741,Nini is lost?!
100742,"Adventurer, you've finally arrived!
Can you please help me find Nini?"
100743,Set off Now
100744,Later
100745,Novice Exclusive Bonus
100746,"Adventurer, thank you for your help! Here's a little gift for you!"
100747,Claim and start the task
100748,*Complete the task to upgrade it to a [color=#b565d9]permanent[/color] custom skin.
100800,Detected an anomaly. Please do not use illegal third-party plugins for fair game.
100801,"Dear player, please open the store by tapping the upper right corner!"
100802,"Dear player, ad rewards [@1] have been issued!"
100803,"Dear player, rewards [@1] have been issued!"
100934,@Null@
100935,Page settings
100936,Call mouse on trigger
100937,Mobile version releases player control
100938,Close when new page opens
100939,Level
100940,Page status
100941,Content
100942,Change pattern
100943,Align
100944,Align with parent component
100945,Font format
100946,Font color
100947,Font size
100948,Layer
100949,Transparency
100950,Display a subset exceeding the component frame
100951,Associate
100952,Set up association
100953,Associate with parent component
100954,Zoom method
100955,Component page status settings
100956,Synchronization status
100957,Shortcut key
100958,Input restrictions
100959,Level settings
100960,Save as template
100961,Adjust to the bottom of the component
100962,Adjust to the top of the component
100963,Become a subset of
100964,Save
100965,Auto save complete
100966,Add trigger
100967,Select component
100968,Sub-components added as selected components or base components
100969,Quick add entry
100970,Input box
100971,Receive player input
100972,Please save the template in the base panel
100973,Are you sure to delete this template?
100974,Add components
100975,Official template
100976,Custom template
100977,Basic components
100978,Convey text messages
100979,Comes with interactive feedback
100980,The operation is too frequent
100981,top-right menu
100982,Duplicate naming of page status is not supported! Please rename.
100983,"Imported successfully, please view in the current map"
100984,"Confirm selected items to be copied (currently unable to copy triggers, will be supported in future version)"
100985,Status synchronization success
100986,New Page Status
100987,Fixed Horizontal Spacing
100988,Fixed Left Spacing
100989,Fixed Right Spacing
100990,Fixed Vertical Spacing
100991,Fixed Top Spacing
100992,Fixed Bottom Spacing
100993,Delete current page status and return to the previous page status
100994,No text input
100995,In-game Interface
100996,Noted
100997,Basic page
100998,"Delete components, any child components will be deleted together"
100999,Interface Editor
101000,Interface
101001,Please enter the interface name
101002,No interface now. Create one in the map!
101003,Please select the interface first
101004,#c515555 Select: #n #cff0000 @1 #n
101005,"If the main library has the existing selected interface, it will be overwritten. If not, it will be added to the library."
101006,The following interface already exists in the current map. You may choose to overwrite or skip these UI libraries in batches.
101007,Default sorting
101008,Recently modified
101009,Are you sure to delete this interface?
101010,Please assess the modification under the current map
101011,Need to enter a save to create an interface
101012,You cannot create a new interface in Creation Mode!
101013,Need to enter a save to edit the interface!
101014,You cannot edit the interface in Creation Mode!
101015,Cannot create new interface in the template map
101016,Components
101017,Window
101018,Please select the component!
101019,Health bar
101020,Mini map
101021,Inventory
101022,Control panel
101023,Pattern
101024,Text
101025,Button
101026,Base Template
101027,Background Image
101028,Word
101029,Border
101030,(Pet evolution can improve attribute limit)
101031,Do you wish to save this training result?
101032,"The training results are not saved by default, remember to save the attributes you liked."
101033,Try again
101034,Attribute replacement success!
101035,"The current training result is below the original attributes, are you sure you want to save?"
101036,"Current training result increases the pet's skill points, are you sure you want to try again?"
101037,Skill Points
101038,No records of previous pet training
101039,Operation error
101040,Attributes are full
101041,Planting wheat in the farm
101042,Planting rice in farm
101043,Harvesting wheat on the farm
101044,Planting and harvest carrots in the farm
101045,Breeding cow in the ranch
101046,Breeding pig in the ranch
101047,Feeding small animals in the ranch
101048,Go to the ranch and get the chicken
101049,Go to the stove to make rice
101050,Go to the stove to make watermelon juice
101051,Go to the workdesk to make fruitwood board using fruit wood
101052,Go to the workdesk to make paper using sugarcane
101053,"Enter the edit home mode, place furniture"
101054,Adventure to the forest map
101055,Adventure to the plain map
101056,Go visit the home of your friends
101057,Find the Ranch Trader to purchase cow
101058,Sell ​​orange to any trader
101059,Sell ​​milk to Ranch Trader
101060,Find Farm Trader to buy watermelon seeds
101061,Find Home Cook to buy some salt
101062,Play 5 minutes in your home
101063,Play 10 minutes in your home
101064,Use fairy candy to train pet attribute
101065,Use fairy candy to train pet attribute
101066,Planting fruit tree in farm
101067,Planting sugar cane in the farm
101068,Planting and harvesting watermelon in the farm
101069,Planting and harvesting fruit trees in the farm
101070,Find Ranch Trader to purchase pig
101071,Breed pig in the ranch
101072,Feeding small animals in the ranch
101073,Help the Home Cook to get the flying chicken at the ranch
101074,Go to the stove to make roast steak
101075,Go to the workdesk to make glass using sand
101076,"Enter the edit home mode, place furniture"
101077,Adventure to the hill map
101078,Go visit the home of your friends
101079,Find Farm Trader to buy watermelon seeds
101080,"Ranch Trader, please help him buy some salt"
101081,Play 15 minutes in home
101082,"Get 3,000 home coins by selling crops"
101083,Selling a steak to Ranch Trader
101084,Adopt a new pet partner!
101085,Buy a series of furniture in the home shop
101086,Buy a furniture in the home shop
101087,Clear a plains map within 8 hours!
101088,Clear a forest map within 16 hours!
101089,Increase 50 points of attribute of any pet
101090,"Farm Trader wants to drink coffee, help him make a cup in the stove"
101091,Produce any two pieces of home / building materials
101092,"Get 10,000 home coins by selling crops"
101093,Sold 10 oranges to Darwin
101094,Daily task
101095,"Tip: Refresh daily task @1 times every day, currently completed (#c0aaa1a @2 #n / @3) times, have abandoned (#c0aaa1a @4 #n / @5) times"
101096,Track
101097,Abandon task
101098,"Do you want to abandon this task? After abandoning, the task will disappear."
101099,Continue task
101100,This task cannot be abandoned
101101,This task has been abandoned
101102,Daily tasks completed have reachedupper limit
101103,Abandon limit exceeded
101104,Congratulations! Today's tasks has been completed!
101201,@Null@
101202,Reward pool countdown
101203,Lottery record
101204,Current reward pool fragment
101205,Reward
101206,Select a list
101207,Reward name
101208,Reward time
101250,@Null@
101251,Parade Bonus
101252,Venting Station
101253,Mysterious Action
101300,@Null@
101301,Guardian Giftpack
101302,Assisted today
101303,Assist Guard
101304,Activate Guard
101305,Collect Reward
101306,Sky
101307,Currently unable to assist
101308,Earn Reward
101309,Event Rules
101310,"1: The growth guard event will last for 7 days after launch, and you can receive a large number of rewards after 7 days \n 2: Every Friday, Saturday, and Sunday you can assist with guarding \n 3: After successfully assisting, you can get more rewards"
101311,Star Power:
101312,Congratulations on getting the following rewards
101313,"Start the guardian plan, you can get a lot of rewards after 7 days"
101314,Guarding growing up????????????????????????????
101315,"Every Friday, Saturday, Sunday can help guard"
101316,The guardian plan is over
101317,"Help guard, get more rewards"
101318,"Start the growth guard, \n will get a lot of rewards after the guard ends"
101350,@Null@
101351,National Treasure Reinstated
101400,@Null@
101401,Carnival
101402,@Null@
101403,@Null@
101404,@Null@
101405,@Null@
101406,Incorrect password. Please enter the correct music password.
101407,Cannot use your own music password.
101450,Reserved ID: 101351-101400
101451,Annual Selection
101550,Reserved ID: 101451-101550
102000,Reserved ID: 102000-102499
102001,"- The game starts when there are 30 players in the map.
- The game lasts for 20 minutes. Knock back the Nian Beast within the time limit to 
win the game.
- Server tasks require all players to complete them together."
102002,"- Clean the room to get corresponding points.
- Opening storage boxes to pick up peach symbol items. Post them at the front door to get 
a large number of points.
- After the game time ends, your rank is determined based on the points you've earned."
102003,Multiplayer Server Grand Battle: Drive away the Nian Beast for grand prizes!
102004,One
102005,Two
102006,Three
102007,Four
102008,Five
102009,Six
102010,Seven
102011,Eight
102012,Nine
102013,Ten
102014,Day
102015,Moon
102016,The whole server has completed the challenge for %d times cumulatively.
102017,([color=#4d9f4c]%d[/color]/%d)
102018,([color=#4d9f4c]%d[/color]/[color=#4d9f4c]%d[/color])
102019,Challenge the Nian Beast
102020,"Traditional Chinese customs in full swing, celebrating the ancient and modern Chinese New Year!"
102021,Event Time: %s/%s-%s/%s
102022,Reward:
102023,Claim
102024,Enter the Map
102025,The event is not available yet
102026,%s/%s-%s/%s
102027,"A master of the outer worlds who is extremely handsome, like an exiled immortal. He often transforms into a crane to escape the world. It seems that he has another mysterious identity unknown to outsiders. He is very close to Moon Fairy, and is most afraid of her getting angry."
102028,
102029,The God of Wealth will arrive in
102030,Claim after pre-registration
102031,The prize winners will be announced in
102032,"Visit the God of Wealth Square to pay your respects and receive ""God of Wealth Tickets"" to get Mini Coins."
102033,Qualification for the Prize: [color=#D62C2C]Not obtained[/color]
102034,Qualification for the Prize: [color=#378e35]Obtained[/color]
102035,Remaining Prizes
102036,Invite friends to assist and claim the full reward.
102037,Gather to Battle the Nian Beast
102038,Celebrate to Welcome the Chinese New Year
102039,Bustling with Tang People
102040,Enjoy the Lantern Festival
102041,Welcome the God of Wealth
102042,Red Packet Market
102043,Ended
102044,Available in %s/%s
102045,"- Participate in all the Chinese New Year events to receive red packet rewards.
- You can redeem various rewards with red packets at the Red Packet Market.
- Come and check the New Year customs!"
102046,"Complete the tasks
to welcome the Chinese New Year"
102047,Successfully assisted
102048,New users cannot participate in assistance.
102049,You've already assisted others.
102050,Assistance code is empty.
102051,Arrival of the God of Wealth: Millions of Mini Coins are waiting for you
102052,Event Time:
102053,"-Pre-registration Stage: During the pre-registration stage, you can claim red packet rewards every day.
-Event Stage: Enter the God of Wealth Square, worship the five Gods of Wealth to obtain five kinds
 of God of Wealth Ticket shards. Craft these shards to get God of Wealth Tickets and win 
millions of Mini Coins.
-Prize Stage: Engage in the lottery to win the Mini Coin prize. The lottery ends when all the prizes are issued.
-Chance to get Mini Coins: 35%
; Chance to get Red Packets: 65%."
102054,This user has already provided the max amount of assistance.
102055,You cannot assist yourself.
102056,Incorrect assistance code. Please enter the correct assistance code to help your friend claim generous rewards.
102057,Obtain rewards
102058,Sec
102059,Minute
102060,Hour
102061,d
102062,Claim
102063,Claimed
102064,Successfully pre-registered
102065,Failed to pre-register
102066,Participate in the Lantern Festival to get       . Today's limit: @1/@2.
102067,Insufficient amount of Fire of Hope. Hurry and participate in the Lantern Festival event!
102068,"-Enter the event map to experience the Lantern Festival.
-Find NPCs within the map to participate in lantern riddle guessing events. If you guess correctly, you'll get Lantern Festival Giftboxes.
-Obtaining Lantern Festival Giftboxes allows you to acquire Fire of Hope.
-Hurry and collect Fire of Hope to light up flower lanterns. You can earn up to 20 per day."
102069,Remaining Number:
102070,The remaining number is insufficient
102071,Skin
102072,Shard
102073,Item
102074,Insufficient number of Red Packets
102075,Come to Mini World and celebrate the Chinese New Year together!
102076,Incorrect password. Please enter the correct New Year's Secret Message.
102077,The sharing code has expired.
102078,Cannot use your own New Year's Secret Message.
102079,The redemption limit has been exceeded.
102080,Repeated redemption.
102081,Mini World Chinese New Year Event
102082,Come and test your luck for the new year! There's a chance to win generous red packets!
102083,Assistance from the God of Wealth
102084,Prize Pool
102085,The God of Wealth has arrived. Millions of Mini Coins are waiting for you!
102086,You can only help 1 player.
102087,Invite for Assistance
102088,Share your assistance code and invite your friends to help you claim grand prizes.
102089,Let's journey back to the prosperous Tang Dynasty and experience the life back then!
102090,Arrival of the God of Wealth
102091,Loading data
102092,"-Complete daily tasks to get red packet rewards, which can be redeemed for
 various rewards at the Red Packet Market.
-New Year's Secret Message Series: Share your New Year's secret message with friends.
When they enter the game and input this secret message, both of you can get a substantial amount of red packet rewards.
-Explore the city of Chang'an and have fun with your friends!"
102093,%d days left
102094,%d hours left
102095,%d minutes left
102096,%d seconds left
102097,"Open Mini World to claim the red packet, and copy the secret message:"
102098,You are about to open WeChat. Please select a contact and paste the secret message.
102099,You are about to open QQ. Please select a contact and paste the secret message.
102100,"Please install WeChat first, or tap the input box to copy the secret message."
102101,"Please install QQ first, or tap the input box to copy the secret message."
102498,Spring Festival Red Packet
102499,Reserved ID: 102000-102499
102500,Xiaolou's Album
102501,Item Description
102502,Obtain rewards
102503,Unlock Xiaolou's Album to claim luxury rewards
102504,Number Unlocked
102505,"1. Enter the event map, choose the corresponding digital album, and listen to the whole song to unlock it.
  2. Unlock the required number of albums to claim your rewards.
  3. Please make sure to claim your rewards during the event!"
102506,Help
102507,The event is not available yet
102508,The configuration returned empty data.
102550,Reserved ID: 102500-102550
102600,Anniversary Bonus
102601,Anniversary Celebration
102602,Today %s/%s
102603,Event Time:
102604,Moon
102605,Day
102606,"Enter the Mini Party map, find ingredients, and make a delicious birthday cake!"
102607,Enter the Party
102608,Cook Cake
102609,Total Number of Constructions in the Server:
102610,Participate in building the Great Wall (%d/%d)
102611,Participate in building together to unlock the comics. The server goal is 40 million times. The official team will convert the actual total number of constructions into RMB donations to the China Great Wall Society at a ratio of 100:1. Let's protect the Great Wall together!
102612,"-Enter the party map and search for six different cake ingredients.
-You can only obtain one of each ingredient per day.
-Once you have all six ingredients, you can craft a cake.
-Each time you successfully craft a cake, you'll get ""Star Wishes"" as a reward."
102613,Help
102614,"-The tasks refresh at 24:00 every day.
-After entering the Great Wall, search for building materials.
-Use the materials to repair the damaged Great Wall and see who can be the first."
102615,"We've received urgent information that the [size=24][color=#ff9750]Void Legion[/color][/size] is planning to infiltrate
and disrupt the [size=24][color=#ff9750]Mini World 6th Anniversary[/color][/size] celebration.
      Adventurers must rely on defensive structures, the [size=24][color=#ff9750]Great Wall[/color][/size],
to [size=24][color=#ff9750]knock back[/color][/size] the incoming Void Legion!"
102616,Available in the Map
102617,Today's Limit:
102618,"-Defeat monsters to get Star Wishes.
-The daily max limit for Star Wishes is 40.
-Successfully Knock back the Void Legion to achieve victory.
-Hurry and join forces with your friends to defend against the Void Legion!"
102619,"Failed to match, please try again."
102620,Would you like to switch to multiplayer matching room?\nCurrent Players:
102621,"Currently, there are %d players in the multiplayer match party."
102622,Please select at least one scene to match.
102623,Quick Room Change
102624,Event Time:
102625,Building the Great Wall
102626,Birthday Party
102627,Void Invasion
102628,Creative Challenge
102629,$1 Skin
102630,Wishing Pool
102631,Event Shop
102632,Party Square
102633,Invite your friends in game to form the Great Wall Guard Team and claim daily rewards to redeem Great Wall-themed skins.
102634,The team doesn't have enough members. Hurry and invite your friends to join the team!
102635,Invitation message sent
102636,Please do not invite repeatedly
102637,Time of Invitation: #c0aaa1a@1#n
102638,Joined the Guard Team
102639,This event is over
102640,"The drums of war are raging. Where is my enemy?
The beacon fires are in the sky, guarding the homeland without fear of death or injury.
 Anger turns into fighting intent. Faith is always in my heart, and the circling dragon will come again eventually!"
102641,Tap here to claim Star Wishes every day. Gather Star Wishes to redeem generous rewards.
102642,Join the Mini Birthday Party and make cakes to collect more Star Wishes!
102643,Invite
102644,Add
102645,Insufficient number of Star Wishes.
102646,Dear friends:
102647,"In gratitude for your six years of companionship, ""Mini World"" has prepared multiple anniversary bonuses for the sixth-anniversary celebration, and"
102648,brand new collaborative free skins are waiting for you!
102649,Invite your friends to play together!
102650,The Great Wall Guard team is already full.
102651,You already joined the Guard team.
102652,Come and join me in the Great Wall Guard team. Please update to the latest version.
102653,You're invited to join the Great Wall Guard team to defend the Great Wall.
102654,Version Number:
102655,Number of players in the team: #c0aaa1a@1#n
102656,"Matching, please wait..."
102657,Failed to load the ad
102658,Free attempts today: @1
102659,Today's Limit: [color=#ff491a]@1[/color]/@2
102699,Reserved ID: 102600-102699
102700,Awakening Trial
102703,Movie Tickets in Stock: [color=#FFE79E]%d[/color]
102704,"First come, first served. Event ends when all items are redeemed."
102705,Obtain rewards
102710,You are about to open WeChat. Please select a contact and paste the secret code.
102711,You are about to open QQ. Please select a contact and paste the secret code.
102712,"Please install WeChat first, or tap the input box to copy the secret code."
102713,"Please install QQ first, or tap the input box to copy the secret code."
102714,Copied successfully. Now go ahead and share it.
102715,Please enter the correct awakening code.
102716,Cannot use your own awakening code.
102717,"Unveil all the secrets of the fantastic and mysterious Miras! Besides, there are exciting and intense battles among your favorite streamers. Special guest Xiaolou will also be there the whole time. And don't miss the debut of the brand-new music video!"
102718,I heard that the Mystical Stone Tribe in Miras has some big news. Go check it out!
102719,"Get up early for training, improve your skills, and you won't get instantly killed by the boss in the future!"
102720,"In martial arts, speed is key. Only through crazy maneuvers can you reach the pinnacle."
102721,"Search for strength, warriors of the tribe!"
102722,"Before reaching the pinnacle of life, you'll have to traverse a rugged path."
102737,Insufficient stock of redemption codes
102738,Number of Redemptions: [color=#AC4E20]%d[/color]
102739,"Congratulations on receiving the ""Mini World: Awakening"" movie redemption code."
102740,Insufficient stock of movie tickets
102741,View Record
102742,Congratulations on receiving the XXX movie discount coupon.
102743,Redemption Code: %s
102744,Tap the redemption code to copy it.
102745,View how to redeem it.
102746,%s/%s-%s/%s
102747,Insufficient mystical shards
102748,Movie Ticket Redemption Code
102749,Fight for Awakening
102750,Raise your Awakening level and embark on a fantastical adventure!
102751,Event Time:
102752,Redeem Rewards
102753,Ranking
102754,Press Conference
102755,Claim
102756,Holy Tree Square
102757,Brawl Training Ground
102758,Dragon Tower
102759,Black Dragon Territory
102760,Underground Palace
102761,Power of Origins
102762,Awakening Level: @1
102763,Power of the Void
102764,Awakening Code
102765,Level up
102766,Purchase Movie Tickets
102767,Share
102768,Use
102769,Claimed
102770,Something's going on with the tribe!
102771,Chief Baragon is looking for you. Go take a look!
102772,Opening Time: @1
102773,@1 is available in the map
102774,Today's Limit: @1
102775,You can receive rewards by using a secret code shared by your friend.
102776,Awakening Code shared by your friend
102777,View Details
102778,Share today's Awakening Code
102779,Share with friends to fill out and get the power of the void.
102780,Obtain rewards
102781,Confirm
102782,Become friends with the sharer and embark on an awakening adventure together!
102783,Successfully entered Awakening Code
102784,Congratulations on obtaining the Power of Origins!
102785,Share my code
102786,Use Awakening Code
102787,Ranking
102788,Ranking
102789,Game Nickname
102790,Wins
102791,"""Mini World: Awakening"" Press Conference Time: @1"
102792,Join Now
102793,Tip: Turn on the sound for a better experience.
102794,Rewards will be automatically issued once completed.
102795,Issued
102796,Log in every day to get a substantial number of mystical shards.
102797,Enter the trial and increase your awakening level to get mystical shards.
102798,Reward:
102799,@1/@2
102800,Go Now
102801,Awakening Code cannot be empty.
102802,Cannot use your own awakening code.
102803,Event Time:
102804,Rewards will be automatically issued once completed.
102805,Incomplete
102806,Claimed
102807,Tip: Turn on the sound for a better experience.
102808,The Press Conference of the movie is on.
102809,"""Mini World: Awakening"""
102810,Share today's Awakening Code
102811,Share with friends to fill out and get the power of the void.
102812,Awakening Code shared by your friend
102813,You can receive rewards by using a secret code shared by your friend.
102814,Awakening Code
102815,Use Awakening Code
102816,Become friends with the sharer and embark on an awakening adventure together!
102817,Open Mini World and participate in the Awakening event!
102818,Copy Code:
102819,Successfully entered Awakening Code
102820,Congratulations on obtaining the Power of Origins!
102821,Share my code
102822,Confirm
102823,The Awakening Code has expired.
102824,Back
102825,Please try other valid Awakening Codes.
102826,View Details
102827,Claim
102828,Go Now
102829,Join Now
102830,Outside
102831,Time of Clearance
102832,Number of Treasures
102833,Number of Bosses Defeated
102834,Press Conference
102835,Max level reached
102836,The Ranking data refreshes every 5 min.
102837,Rank
102838,Player Name
102899,Reserved ID: 102700-102899
102900,Joyful Town
102901,1. You can claim Redemption Coupons by logging in to the game every day.\n2. Redemption Coupons can be used in the Redemption Shop to redeem valuable game items.\n3. Earn gold by visiting the town to complete event tasks.\n4. The task of accumulating coins can only be completed once.\n
102902,Mini Joyful Town
102903,Complete tasks to earn gold and become a shopkeeper for the May Day holiday.
102904,Complete tasks to receive Redemption Coupons to redeem great rewards.
102905,"The event is about to end, please redeem your rewards as soon as possible."
102906,Event Task
102907,Redemption Shop
102908,Go Now
102909,Event Time:
102910,Claimed
102911,Claim
102912,Go to
102913,"Insufficient Redemption Coupons, please complete event tasks to earn more."
102914,"You can claim a large number of Redemption Coupons every day, which can redeem generous rewards. Don't miss out!"
102915,Network connection failed. Please check your network connection and try again.
102916,This event is over.
103099,Reserved ID: 102900-103099
103100,Reserved ID: 103100-103299
103101,"1. You can claim ""Zongzi"" rewards by logging in to the game every day.\n2. Zongzi can be used in the Redemption Shop to redeem valuable game items.\n3. Earn Zongzi by completing event tasks.\n4. Event tasks refresh at 24:00 every day. Please make sure to claim your rewards in time.\n5. Open the Ranking List to witness the spectacular performances of various experts."
103102,Zongzi Rewards
103103,Bind the phone
103104,Claim Zongzi
103105,"Experience Dragonboat Racing and the customs of Dragon Boat Festival, and get rewards for collecting Zongzi!"
103106,Enjoy Dragon Boat Festival!
103107,Claim Zongzi
103108,You are about to open WeChat. Please select a contact and paste the secret message.
103109,You are about to open QQ. Please select a contact and paste the secret message.
103110,"Please install WeChat first, or tap the input box to copy the secret message."
103111,"Please install QQ first, or tap the input box to copy the secret message."
103112,Cannot use your own Dragon Boat Festival Secret Message.
103113,Incorrect password. Please enter the correct Dragon Boat Festival Secret Message.
103114,Copied successfully. Now go ahead and share it.
103115,The secret message cannot be empty.
103116,Cannot use your own secret message.
103117,Dragon Boat Festival Folk Village
103118,Dragon Boat Racing
103119,Join Now
103120,Enter Village
103121,Use Dragon Boat Festival Secret Message
103122,"After checking this option, a friend request will be sent to the sharer."
103123,Enter your friend's Dragon Boat Festival secret message to receive a Zongzi reward (limited to one for a single person).
103124,Dragon Boat Festival Secret Message
103125,Dragon Boat Festival Secret Message shared by your friend
103126,You can receive Zongzi rewards by using the Dragon Boat Festival Secret Message shared by your friend.
103127,The secret message has expired.
103128,Please try other valid Dragon Boat Festival secret message.
103129,Share today's secret message
103130,Share with friends to fill out and get Zongzi rewards.
103131,Confirm
103132,View Details
103133,Share my secret message
103134,Back
103135,"Visit here every day to claim Zongzi, which can redeem generous rewards at the Redemption Shop."
103136,"After claiming, head over to the event map and have some fun."
103137,You've claimed this reward
103138,Claim [color=#E46417]%d[/color]
103139,"Insufficient Zongzi, please complete event tasks to earn more."
103140,Number of Zongzi
103141,Game Duration
103142,a
103143,Minute
103144,Sec
103145,Outside of top 100
103146,Sent (@1s)
103147,Number of Redemptions: [color=#46AD6F]@1
103148,Insufficient redemption attempts
103149,Owned
103150,"Matching, please wait..."
103151,This event is over.
103152,No results yet
103299,Reserved ID: 103100-103299
103300,Soul Land: preserved ID103300-103499
103301,Coming expectedly
103302,Reserve now
103303,Draw after reservation is made
103304,Draw rewards
103305,Drawn
103306,Martial spirit: Power of creation
103307,Creation: Spirit scholar
103308,Creation: Spirit master
103309,Creation: Spirit grand master
103310,Creation: Spirit honor
103311,Creation: Spirit ancestor
103312,Creation: Spirit king
103313,Creation: Spirit emperor
103314,Creation: Spirit saint
103315,Creation: Spirit great master
103316,Creation: Titled great master
103317,God
103318,Mini Masters Team Up
103319,Mobile bind
103320,Login reward
103321,Group-up reward
103322,Member privilege
103323,Event store
103324,Event time:
103325,Stage 1: World of Ice and Fire
103326,Stage 2: Become Titled Master
103327,Final: Decisive Battle
103328,Fight! Become Grand Master
103329,Recommend maps for level-up
103330,Drop gold spirit coin
103331,Start
103332,Congrats
103333,Redeem
103334,Confirm
103335,Bind mobile to draw a massive of spirit coins
103336,Bind
103337,Wrong mobile number
103338,Group up
103339,Finish grouping up 7 Mini masters to draw a lot of spirit coins
103340,Group up
103341,Draw
103342,Help
103343,"-Leveling maps can help you increase your level and earn Soul Rings. There's a chance to obtain Soul Bones by defeating the boss.
-Equipping Soul Rings allows you to randomly acquire Spirit Skills. Higher-grade Soul Rings have a better chance of getting powerful Spirit Skills.
-You can replace Soul Rings, but each replacement will overwrite the old Spirit Skills.
-Some Soul Bones also grant powerful skills.
-Once you reach the map's max level, you can no longer gain EXP.
-You can obtain Golden Spirit Coins in the Spirit Arena, which can be used to redeem items in the shop. There are also mysterious grand prizes waiting for you. Go check it out!"
103344,Mini membership
103345,License Mini membership to enjoy Spirit master boons
103346,Promote exp. drops on monster
103347,Daily gifted spirit coins
103348,Promote spirit ring drop probability
103349,/ license
103350,More member privileges
103351,Draw gold spirit coins
103352,Finish grouping up to draw a lot of spirit coins
103353,Friend
103354,Recent
103355,Add
103356,Invite
103357,Invitation message is sent
103358,Invite you to join Soul land team and fight against evil Bibi Dong
103359,"For inviting you to join Soul land team, please update version to the latest one"
103360,This team is full
103361,Team joined
103362,This event is over
103363,This side is your existing friend
103364,"7 Shrek monsters arrived,but their spirit power is sealed. Help themto get power back for saving Xiaolou infected by the void!"
103365,Video
103366,Go now
103367,Extreme hot land
103368,Extreme cold land
103369,Recommended level: @1-@2
103370,Recommended level: @1-@2
103371,"For restoring spirit power,7 Mini monsters go for legendary land to practice sandhana. What waiting there will be much more challenge..."
103372,Bibi Dong leads hollow legion to reach here. Expect 7 Mini monsters to reach the peak. Let's see this final battle!
103373,Enter battle
103374,Today's battle
103375,Rank
103376,Player's nickname
103377,Wins
103378,Spirit score rank
103379,Score
103380,Preliminary spirit arena
103381,Advanced spirit arena
103382,Superior spirit arena
103383,12 players melee
103384,Win: score[color=#[color=#F6D14A]+%d[/color] / Spirit Coin[color=#F6D14A]+%d[/color]
103385,Lose: score[color=#[color=#F6D14A]+%d[/color] / Spirit Coin[color=#F6D14A]+%d[/color]
103386,Lose: score[color=#[color=#F6D14A]+%d[/color] / Spirit Coin[color=#F6D14A]+%d[/color]
103387,Score rank
103388,Avatar
103389,Fragment
103390,Items
103391,Cancel usage
103392,Used
103393,Exchange times
103394,Spirit boons
103395,Event time: @1
103396,Tips
103397,"Mobile number is bind with Mini number, the next step is to unbind previous Mini number. Confirm to continue?"
103398,This account cannot login after unbinding mobile number or cannot retrieve password via mobile number
103399,Cancel
103400,Send verification code
103401,Next step
103402,Cannot verify? Have a try
103403,Appeal account
103404,Verification code(%s)
103405,You've drawn this reward
103406,Sent(%ss)
103407,Today's upper limit:[color=#5E9D4A]%d[/color]/%d
103408,Pre-Bibi Dong visits
103409,"Reserve successfully to draw
[color=#F6D14A]%s"
103410,Time-limited collaborated version will be online on %s/%s
103411,Loading video...
103412,Exclusive boons in effect
103413,Mini coin/month
103414,"Participate in spirit arena to get
[color=#F02D00]spirit coins
 [/color]as reward"
103415,Draw spirit coins daily and exchange[color=#F02D00]permanent avatar for free
103416,Go to extreme land to defeat spirit beast for promoting power up to [color=#F02D00]level[/color]!
103417,Participate spirit arena to get[color=#F02D00]spirit coins[/color].
103418,Congrats
103419,Redeem
103420,Time-limited Collab: @1
103421,"For restoring more spirit power, 7 Mini monsters go for [color=#FFDC6D]legendary land to practice sandhana[/color]. What waiting there will be much more challenge..."
103422,Map is not open yet
103423,Open on %s/%s
103424,Join the team
103425,You already joined a team
103426,Battle Points
103427,No enough gold spirit coin
103428,Go and obtain some?
103429,Haven't you heard that there are also golden phoenixes in the grass nest?
103430,Entry is only possible if the level reaches @1 level
103431,Exchange index does not exist
103432,The remaining exchange times are insufficient
103433,Operable only when not scheduled
103434,The lottery configuration is wrong.
103435,currency shortage
103436,The current time cannot be reserved.
103437,This function is not turned on.
103438,You have opened an appointment
103439,task configuration error
103440,Please use your mobile device for appointment reminders
103441,appointment reminder
103442,reserved
103443,Number of people reserved: @1
103444,Insufficient currency cannot be exchanged!
103445,@1 Click to draw
103446,The lottery must win the display reward.
103447,Insufficient currency cannot be exchanged!
103448,"If the currency is insufficient, you can't draw a lottery!"
103499,Reserved ID: 103300-103499
103600,Chat about the new version
103601,Expectations for the new version:
103602,Open an appointment
103603,not achieved
103604,pick up
103605,Received
103606,version reservation
103607,"The version reservation is successful, go and get your reservation reward."
103608,Appointment failed
103609,You can only pick it up after opening the reservation.
103610,activity time
103611,"The check-in has been completed today, come back tomorrow."
103612,Currently owns
103613,sold out
103614,Smoke once
103615,"After completing the version update, you can participate in the welfare activities."
103616,Rewards don't exist.
103617,The current non-scheduled time cannot be reserved
103618,The module is not turned on
103619,repeat appointment
103620,Reservation required
103621,Signed in today
103622,Reservation value is too low
103623,version is too low
103624,Today's likes have reached the limit.
103625,"The reward has been drawn, come back next time"
103626,103600-103699
104000,104000-105000
104001,Share my Friend Code
104002,Add me as a friend without verification.
104003,Paste the friend code on WeChat/QQ and invite friends to add me.
104004,Your Friends
104005,[color=#EF8012]%s[/color] is playing
104006,Go Chat
104007,Join
104008,You and [color=#EF8012]%s[/color] are now friends.<br/>Start chatting now!
104009,Go Chat
104010,Failed to check friend status.
104011,Checking friend status for you.
104012,Please wait...
104013,Copied successfully. Now go ahead and share it.
104014,You are about to open WeChat. Please select a contact and paste the friend code.
104015,You are about to open QQ. Please select a contact and paste the friend code.
104016,"Please install WeChat first, or tap the input box to copy the friend code."
104017,"Please install QQ first, or tap the input box to copy the friend code."
104018,The request has been sent. Please inform your friend to approve it!
104019,Friend code is empty.
104020,"Incorrect friend code, the user cannot be found."
104021,This friend code has expired. Please inform your friend to share it again.
104022,This friend code has reached the usage limit today.
104023,Adding friend
104024,Cannot use your own friend code.
104025,You have already sent a friend request.
104026,"You or the player's friends list is full, cannot add more friends at the moment."
104027,The number of applications has reached the limit.
104028,The number of requests received has reached the limit.
104029,The request has timed out. Please try again later.
104030,Confirm
104031,Copy the friend code and open Mini World to add me as a friend:
104032,The friend code has already been used.
104033,Invalid friend code
105000,104000-105000
106000,106000-107000
106001,"Incorrect invitation code, the user cannot be found."
106002,This invitation code has expired. Please inform your friend to share it again.
106003,This invitation code has reached the usage limit today.
106004,The room has been disbanded. Let's go check out other maps!
106005,The sharer is currently not in the map.
106006,Cannot use your own invitation code.
106007,Invalid invitation code
106008,Share with friends and invite them to join the room!
106009,"After checking this option, other players can add you as a friend without verification."
106010,Share to Moments
106011,Copy link
106012,Share to QQ
106013,Share to WeChat
106014,"Please install WeChat first, or tap the input box to copy the invitation code."
106015,You are about to open WeChat. Please select a contact and paste the invitation code.
106016,The invitation code is empty.
106017,"Please install QQ first, or tap the input box to copy the invitation code."
106018,You are about to open QQ. Please select a contact and paste the invitation code.
106019,"Copied successfully, go paste it on WeChat/QQ."
106020,[color=#9177D6]%s[/color] is playing
106021,Sharer
106022,Failed to check the sharer's status.
106023,Checking sharer's status for you.
106024,The friend request has been sent. Please inform the sharer to approve it!
106025,Each invitation code can only be used %d times by each user.
106026,Share the Mini code and invite your friends to play the map together!
106027,This Mini code has expired. Please inform your friend to share it again.
106028,This Mini code has reached the usage limit today.
106029,Cannot use your own Mini code.
106030,"Incorrect Mini code, the user cannot be found."
106031,Invalid Mini code
106032,Each Mini code can only be used %d times by each user.
106033,The map was not found or not available yet
106034,"Sorry, the user was not found."
106035,"Please install WeChat first, or tap the input box to copy the Mini code."
106036,You are about to open WeChat. Please select a contact and paste the Mini code.
106037,"Please install QQ first, or tap the input box to copy the Mini code."
106038,You are about to open QQ. Please select a contact and paste the Mini code.
106039,Mini code is empty.
107000,106000-107000
110000,Creation Festival
110001,Please update to the latest version
110002,National Creation Festival - Summer Party Season
110003,Create a blessing bag
110004,Rules
110005,More exciting maps
110006,Current task:
110007,Task refresh countdown
110008,Lottery end countdown
110009,"Draw the blessing bag, get a full set of #cffdd00 permanent skin #n"
110010,There is no lottery today!
110011,The task has ended
110012,Count
110013,Event duration
110014,How to get a lot of draw
110015,"Log in the game during the event period, complete the corresponding task in the specified time \n Complete 3 tasks every day, refresh at 00:00 daily"
110016,Event Reward
110017,"Rewards include full range of permanent skins, mini coins, mount shards and character shards"
110018,How to submit
110019,Visit event official website to participant and submit
110020,Go now
110021,Complete the task to get a lottery ticket
110022,Complete the task to get a lottery ticket
110050,Reserve
110051,Skin name
110052,Click to receive
110053,"Fill in your birthdate to participate in the birthday party! Participate in the event to get permanent seasonal skins! Not only will you receive exclusive birthday gifts, but you can also celebrate with friends. It's said that the rewards for birthdays get richer every year! Come join us. Please select the correct birthdate! Because each birthday gift is unique!"
110054,Aquarius
110055,Pisces
110056,Aries
110057,Taurus
110058,Sonot
110059,Cancer
110060,Leo
110061,Virgo
110062,Libra
110063,Scorpio
110064,Sagittarius
110065,Capricorn
110066,Moon
110067,"Confirm the selection #cf9d881 @1 #n, as a reward for your participation?"
110068,Need to complete real-name verification to participate in the event
110069,Please select your true birthdate!
110070,Birthday blessing invitation
110071,"Congratulations! Successfully participated in the birthday blessing party ~
We will send you exclusive blessings at a special time!"
110072,"#cff8c00 @1 #n month #cff8c00 @2 #n day is a special day, Mini World prepared a exclusive gift for you! I hope you can spend an unforgettable and happy birthday party in Mini World!
 Click on the button below to collect your #cff8c00 exclusive gift #n!"
110073,"Dear @1 @2: Mini World Wish you a happy birthday! Please accept your #cff8c00 exclusive gift #n, let's share this joy with your friends!"
110074,Birthday celebration with friends
110075,Can be given to friends @1 / @2
110076,Gift Cake
110077,Enter UID Find friends
110078,"The friend has received a cake blessing on the same day, please give another friend!"
110079,Birthday cake has all been gifted ~ your friends have received the cakes!
110080,Received the exclusive birthday gift from the Mini World! Remember to participate in the birthday party!
110081,Gifted
110082,"You already have the skin, please re-select other skin"
110083,Birthday party
110084,Wardrobe
110085,Custom Skin
110086,Personal Medal
110087,More medals
110088,Go to the gift pack
110089,Go to the bonus
110090,Go to the gashapon
110091,Unlock props can be obtained in the shope gift pack. (Consume moderately for entertainment)
110092,Unlock props can be obtained in bonus draw. (Consume moderately for entertainment)
110093,The unlock props can be obtained in gashapon. (Consume moderately for entertainment)
110094,You have successfully participated in the birthday party! Please wait patiently for your exclusive special day~
110095,Feeling
110096,Unlock display slot
110097,Add image
110098,"Do not own any skin yet, go to the mall to pick it up."
110099,Do you confirm to delete image from the current display slot?
110100,Delete image
110101,"You will spend #c01c210 mini beans @1 #n to unlock #cff6d25 @2 #n display slots, please confirm.
 #cff6d25 (Consume moderately for entertainment) #n"
110102,Public Account
110103,Please check on the mobile device
110104,#cfa7a0f@1#n who have played games with you previously invites you to go to the Mini Base to play together!
110105,"Recently popular map #cfa7a0f@1#n, go to the Mini Base to try it out first!"
110106,Try it first
110107,"I sent you a new message, go to the Mini Base to check"
110108,"I have initiated a game invitation to you, go to the Mini Base to play together"
110109,Check
110110,"Previously playing with you in the #cfa7a0f@1#n room, head to the Mini Base to play together!"
110111,The other party uses the Mini Base and becomes a friend after installation
110112,The group owner uses the Mini Base and joins the group chat after installation
110113,"Share and get free Mini beans, come and gather wool together!"
110114,"I'm playing the super fun sandbox game ""Mini World"", come and create a new map together!"
110115,Watch ads for free resurrection + receive mysterious rewards
110116,You can’t play the piano while sitting on a pet~
110117,Mutate
110118,Skill
110119,Avatar
110120,Photo frame
110121,Special effects
110122,Footprint
110123,Action
110124,Flight
110125,Background
110126,Trial use
110127,Limited time purchase
110128,@1 day(s) @2 hour(s) @3 min(s)
110129,Remaining: #cfa7a0f@1#n day(s) #cfa7a0f@2#n hour(s) #cfa7a0f@3#n min(s)
110130,Effect
110131,Skin
110132,Surrounding
110133,Map
110134,Transform
110135,Skin purchase
110136,Method of purchase
110137,Use time
110138,Permanent
110139,30 days
110140,7 days
110141,Gift to friend
110142,Request from friend
110160,Skin details page reserved
110161,Map
110162,Current map custom introduction
110163,Map
110164,"The super fun sandbox game is in ""Mini World"", come and play together!"
110165,"I created an awesome map, come and play together!"
110166,"Open ""Mini World"" and create your own map!"
110167,"I found a fun map, come and try it!"
110168,"@1 type maps, downloads @2. You must like it!"
110169,Remember to visit Garden often
110170,"The super fun sandbox game is in ""Mini World"", come and play together!"
110171,Purchase 3 peach saplings
110172,Buy 5 beetroot seeds
110173,Buy 10 tomato seeds
110174,Plant 2 peach saplings
110175,Plant 5 beetroot seeds
110176,Plant 10 tomato seeds
110177,Sell 3 peaches
110178,Sell 80 sorghum
110179,Sell ​​10 milk
110180,Raise 2 cows
110181,Raise 4 tontons
110182,Raise 12 chickens
110183,Train attributes for any pet once
110184,Train attributes for any pet 3 times
110185,Set out to explore the plains
110186,Set out to explore the forest
110187,Set out to explore the hills
110188,Making wheat bread on the stove
110189,Make a cheese on the stove
110190,Making a cup of coffee on the stove
110191,Make a fruitwood plank at the workdesk
110192,Make 3 small wooden sticks at the workdesk
110193,Make a rough stone brick at the workdesk
110194,Harvest 4 peaches
110195,Harvest 90 beetroots
110196,Harvest 200 sorghum
110197,Buy 3 salt
110198,Buy 4 cows
110199,Purchase 20 bottles of energy water
110200,Feed the small animals in the ranch 4 times
110201,Feed the small animals in the ranch 8 times
110202,Feed the small animals in the ranch 12 times
110203,Harvest 2 raw chicken leg
110204,Harvest 2 of raw tonton
110205,Go to friends' home 3 times
110206,Go to a friend's home 5 times
110207,Play for 6 minutes at home
110208,Play for 15 minutes at home
110209,Play for 30 minutes at home
110210,Adopt a new pet buddy!
110211,Buy any block building materials in the home shop
110212,Purchase any piece of home furniture in the home shop
110213,Buy any furniture series in the home shop
110214,Buy 10 green pepper seeds
110215,Buy 5 radish seeds
110216,Purchase 10 tiny earthstar seeds
110217,Plant 10 green pepper seeds
110218,Plant 5 radish seeds
110219,Plant 10 tiny earthstar seeds
110220,Sell ​​60 green peppers
110221,Sell ​​80 radishes
110222,Sell ​​10 milk
110223,Raise 2 cows
110224,Raise 4 tontons
110225,Raise 12 chickens
110226,Train attributes for any pet once
110227,Train attributes for any pet 3 times
110228,Set out to explore the plains
110229,Set out to explore the forest
110230,Set out to explore the hills
110231,Making wheat bread on the stove
110232,Make a cheese on the stove
110233,Making a cup of coffee on the stove
110234,Make a fruitwood plank at the workdesk
110235,Make 3 small wooden sticks at the workdesk
110236,Make a rough stone brick at the workdesk
110237,Harvest 100 green peppers
110238,Harvest 90 radishes
110239,Harvest 500 cauliflowers
110240,Buy 3 salt
110241,Buy 4 cows
110242,Purchase 20 bottles of energy water
110243,Feed the small animals in the ranch 4 times
110244,Feed the small animals in the ranch 8 times
110245,Feed the small animals in the ranch 12 times
110246,Harvest 5 raw chicken leg
110247,Harvest 4 of raw tonton
110248,Go to a friend's home 3 times
110249,Go to a friend's home 5 times
110250,Play for 6 minutes at home
110251,Play for 15 minutes at home
110252,Play for 30 minutes at home
110253,Adopt a new pet buddy!
110254,Buy any block building materials in the home shop
110255,Purchase any piece of home furniture in the home shop
110256,Buy any furniture series in the home shop
110257,Buy 15 barley seeds
110258,Buy 5 rapeseed seeds
110259,Buy 10 tiny earthstar seeds
110260,Plant 15 barley seeds
110261,Plant 5 rapeseed seeds
110262,Plant 10 tiny earthstar seeds
110263,Sell ​​60 green peppers
110264,Sell ​​80 radishes
110265,Sell ​​10 milk
110266,Harvest 200 barley
110267,Harvest 100 rapeseed
110268,Harvest 500 cauliflowers
110269,Raise 4 tontons
110270,Raise 4 cows
110271,Raise 12 chickens
110272,Train attributes for any pet once
110273,Train attributes for any pet 3 times
110274,Set out to explore the forest
110275,Set out to explore the hills
110276,Set out to explore the coast
110277,Making wheat bread on the stove
110278,Make a beef burger on the stove
110279,Making a cup of coffee on the stove
110280,Make 2 fruitwood planks at the workdesk
110281,Make 2 simple stairs at the workdesk
110282,Make a ceramic adobe at the workdesk
110283,Buy 5 salt
110284,Buy 6 cows
110285,Purchase 20 bottles of energy water
110286,Feed the small animals in the ranch 4 times
110287,Feed the small animals in the ranch 8 times
110288,Feed the small animals in the ranch 12 times
110289,Harvest 5 raw chicken leg
110290,Harvest 4 pieces of raw tonton
110291,Go to friends' homes 3 times
110292,Go to a friend's home 5 times
110293,Play for 6 minutes at home
110294,Play for 15 minutes at home
110295,Play for 30 minutes at home
110296,Adopt a new pet buddy!
110297,Buy any block building materials in the home shop
110298,Purchase any piece of home furniture in the home shop
110299,Buy any piece of furniture series in the home shop
110300,Buy 10 canistel tree seeds
110301,Buy 10 red sorghum seeds
110302,Buy 12 raspberry seeds
110303,Plant 10 red sorghum seeds
110304,Plant 6 canistel tree seeds
110305,Plant 12 raspberry seeds
110306,Sell ​​60 canistel
110307,Sell ​​200 peas
110308,Sell ​​10 milk
110309,Harvest 30 canistel
110310,Harvest 200 peas
110311,Harvest 400 peas
110312,Raise 4 tontons
110313,Raise 4 cows
110314,Raise 12 chickens
110315,Train attributes for any pet once
110316,Train attributes for any pet 3 times
110317,Set out to explore the forest
110318,Set out to explore the hills
110319,Set out to explore the mine
110320,Making wheat bread on the stove
110321,Make a fruit platter on the stove
110322,Making a cup of coffee on the stove
110323,Make two fruitwood planks at the workdesk
110324,Make 2 simple stairs in the workdesk
110325,Make a ceramic adobe at the workdesk
110326,Buy 5 salt
110327,Buy 6 cows
110328,Buy 30 glutinous rice balls
110329,Feed the small animals in the ranch 4 times
110330,Feed the small animals in the ranch 8 times
110331,Feed the small animals in the ranch 12 times
110332,Harvest 5 raw chicken leg
110333,Harvest 4 pieces of raw tonton
110334,Go to friends' homes 3 times
110335,Go to a friend's home 5 times
110336,Play for 6 minutes at home
110337,Play for 15 minutes at home
110338,Play for 30 minutes at home
110339,Adopt a new pet buddy!
110340,Buy any block building materials in the home shop
110341,Purchase any piece of home furniture in the home shop
110342,Buy any furniture series in the home shop
110343,Buy 10 cherry tree seeds
110344,Buy 10 blueberry tree seeds
110345,Buy 12 vine seeds
110346,Plant 6 cherry tree seeds
110347,Plant 6 blueberry tree seeds
110348,Plant 12 cherry tree seeds
110349,Sell ​​90 cherries
110350,Sell ​​100 blueberries
110351,Sell ​​10 raw tonton
110352,Harvest 90 cherries
110353,Harvest 200 strawberries
110354,Harvest 400 strawberries
110355,Raise 4 tontons
110356,Raise 4 cows
110357,Raise 12 chickens
110358,Train attributes for any pet 1 time
110359,Train attributes for any pet 3 times
110360,Set out to explore the forest
110361,Set out to explore the coast
110362,Set out to explore the sky island
110363,Making wheat bread on the stove
110364,Make a fruit platter on the stove
110365,Making a cup of coffee on the stove
110366,Make 2 fruitwood planks at the workdesk
110367,Make 2 simple stairs in the workdesk
110368,Make a rough stone brick at the workdesk
110369,Buy 5 salt
110370,Buy 6 cows
110371,Purchase 30 steamed buns
110372,Feed the small animals in the ranch 4 times
110373,Feed the small animals in the ranch 8 times
110374,Feed the small animals in the ranch 12 times
110375,Harvest 5 raw chicken leg
110376,Harvest 4 pieces of raw tonton
110377,Go to friends' homes 3 times
110378,Go to a friend's home 5 times
110379,Play for 6 minutes at home
110380,Play for 15 minutes at home
110381,Play for 30 minutes at home
110382,Adopt a new pet buddy!
110383,Buy any block building materials in the home shop
110384,Purchase any piece of home furniture in the home shop
110385,Buy any furniture series in the home shop
110386,Planting sesame seeds on the farm
110387,Planting lettuce seeds on the farm
110388,Planting beet seeds on the farm
110389,Planting barley seeds on the farm
110390,Planting sorghum on the farm
110391,Planting cabbage seeds on the farm
110392,Planting green pepper seeds on the farm
110393,Planting cauliflower seeds on the farm
110394,Planting leek seeds on the farm
110395,Planting red date tree seeds on the farm
110396,Planting cucumber seeds on the farm
110397,Planting barley seeds on the farm
110398,Planting coconut tree seeds on the farm
110399,Planting canistel tree seeds on the farm
110400,Planting pea seeds on the farm
110401,Planting blueberry tree seeds on the farm
110402,Planting strawberry seeds on the farm
110403,Planting pineapple tree seeds on the farm
110404,Planting cherry tree seeds on the farm
110405,Planting lingzhi seeds on the farm
110406,Planting colorful pepper seeds on the farm
110407,Harvest wheat on the farm
110408,Harvest aloe on the farm
110409,Harvest peanuts on the farm
110410,Harvest carrots on the farm
110411,Harvest sunflowers on the farm
110412,Harvest tea on the farm
110413,Harvesting sesame seeds on the farm
110414,Harvest lettuce on the farm
110415,Harvesting barley on the farm
110416,Harvesting sorghum on the farm
110417,Harvest green peppers on the farm
110418,Harvest cauliflower on the farm
110419,Harvest red dates on the farm
110420,Harvest barley on the farm
110421,Harvest canistel on the farm
110422,Harvest peas on the farm
110423,Harvest strawberries on the farm
110424,Harvest cherries on the farm
110425,Harvest colorful peppers at the farm
110426,Sell ​​wheat at any trader
110427,Sell ​​aloe vera at any trader
110428,Sell ​​peanuts at any trader
110429,Sell ​​carrots at any trader
110430,Sell ​​sunflowers at any trader
110431,Sell ​​mangoes at any trader
110432,Sell ​​sugar cane at any trader
110433,Sell ​​rice at any trader
110434,Sell ​​orange at any trader
110435,Sell ​​potatoes at any trader
110436,Sell ​​pumpkins at any trader
110437,Sell ​​tea at any trader
110438,Sell ​​watermelons at any trader
110439,Sell ​​feverfew at any trader
110440,Sell ​​pears at any trader
110441,Sell ​​peaches at any trader
110442,Sell ​​sesame seeds at any trader
110443,Sell ​​lettuce at any trader
110444,Sell ​​beetroot at any trader
110445,Sell ​​barley at any trader
110446,Sell ​​sorghum from any trader
110447,Sell ​​cabbage at any trader
110448,Sell ​​green peppers at any trader
110449,Sell ​​cauliflower at any trader
110450,Sell ​​leeks at any trader
110451,Sell ​​red dates at any trader
110452,Sell ​​cucumbers at any trader
110453,Sell​ barley at any trader
110454,Sell ​​coconuts at any trader
110455,Sell ​​canistel at any trader
110456,Sell ​​peas at any trader
110457,Sell ​​blueberries at any trader
110458,Sell ​​strawberries at any trader
110459,Sell ​​pineapples at any trader
110460,Sell ​​cherries at any trader
110461,Sell ​​lingzhi at any trader
110462,Sell ​​colorful peppers at any trader
110463,Raising chicken on the ranch
110464,Raising redchisk on the ranch
110465,Raising cow in the ranch
110466,Raising sheep in the ranch
110467,Raising tonton on the ranch
110468,Feeding the small animals in the ranch
110469,Go to the ranch to harvest chickens
110470,Go to the ranch to harvest raw steaks
110471,Go to the ranch to harvest raw lamb leg
110472,Go to the ranch to harvest raw tonton
110473,Find Farm Trader to buy sugar cane seeds
110474,Find Farm Trader to buy tomato seeds
110475,Find Farm Trader to buy tiny earthstar seeds
110476,Find Farm Trader to buy rapeseed seeds
110477,Find Farm Trader to buy bell pepper seeds
110478,Find Farm Trader to buy grape seeds
110479,Find Ranch Trader to buy chicken
110480,Find Ranch Trader to buy redchisk
110481,Find Ranch Trader to buy cow
110482,Find Ranch Trader to buy cow
110483,Find Ranch Trader to buy sheep
110484,Find Ranch Trader to buy tonton
110485,Buy energy water from Home Cook
110486,Buy energy water from Home Cook
110487,Buy salt from Home Cook
110488,Buy cane sugar from Home Cook
110489,Buy sunflower seeds from Home Cook
110490,Buy rice from Home Cook
110491,Go to the stove and use wheat to make flour
110492,Go to the stove and use sunflower to make sunflower seeds
110493,Go to the stove and use rice to make rice
110494,Go to the stove and use sugar cane to make cane sugar
110495,Go to the tool table and use sugar cane to make paper
110496,Go to the tool table and use feathers to make down cotton
110497,Go to the tool table and use fruit tree logs to make fruitwood planks
110498,Go to the tool table and use wool to make flannel
110499,Go to the tool table and use cotton to make cotton cloth
110500,Go to the tool table and use sand to make glass pieces
110501,Go to the tool table and use clay to make ceramic adobes
110502,Use fairy candy to help pets train attributes
110503,Set out to explore the plains
110504,Set out to explore the forest
110505,Set out to explore the hills
110506,Make any 1 piece of furniture/building materials
110507,Enter the edit home mode and place the furniture
110508,Go to your friend’s home
110509,Let's play at home for 5 minutes
110510,Let's play at home for 10 minutes
110511,Let's play at home for 10 minutes
110512,Let's play at home for 15 minutes
110513,Let's play at home for 15 minutes
110514,Let's play at home for 20 minutes
110515,Adopt a new pet buddy!
111000,@Null@
111001,Shop purchase
111200,@Null@
111201,Abnormal
111202,There are no downloaded maps
111203,Go ahead and create your first map
111204,No pending uploaded maps
111205,You haven't uploaded a map yet
111206,Progress
111207,No bookmarked maps
111208,Upload after modification
111209,Go download
111210,"Your game version is too low, please update the game."
111270,Team voice chat disabled(On): Voice chat is unavailable
111271,Team voice chat disabled(Off): Voice chat is available
111272,Team voice chat disabled: Players in the room other than the host are not allowed to use voice chat
111273,You've been banned from chatting
111274,You've been unbanned from chatting
111275,Room voice chat disabled(On)
111276,Room voice chat disabled(Off)
111277,Block voice
111278,Voice blocked
111279,Turn off team voice
111280,Turn on team voice
111281,"Your team has access to voice chat, invite your friends now!"
111282,The voice function is temporarily unavailable as your registration time is less than 7 days.
111283,All
111284,Team
111285,Close
111286,"#c3d4546Team voice chat is now active, allowing communication within the same team. #c0aaa1aTap here#c3d4546 to enable it."
111287,Open
111288,Voice listening and microphone are turned off.
111289,Voice listening in team channel is now open.
111290,Voice listening in all channels is now open.
111291,The microphone is turned off.
111292,Microphone and speaker in team channel are now open.
111293,Microphone and speaker in all channels are now open.
111301,"The current version is too old, please update to the latest version."
111302,Ask parents for help
111303,Skill
111304,"Here, you can manage your skills."
111305,This is the list of skills. Tap a skill to jump to its corresponding management interface.
111306,"Here, you can activate, upgrade, unequip and equip skills."
111307,View Skill
111308,View Character Skin
111309,"The character skins have been moved here. Skills have been fully developed. Adventurers, you can go to My Profile to use your skills."
111310,Character System Upgrade
111311,"""My Profile"" has added a management entry for skills."
111312,"Character skills are no longer bound to the skins. Adventurers, you can go to My Profile and use your skills while equipping any skin!"
111313,Character Skin Migration
111314,The original character skins will be merged into Skin-Adventure Series. Adventurers can go to the store and dress up.
111315,"—Skills have been revamped and upgraded, along with a comprehensive explanation!"
111316,"1. Skills: When adventurers equip skills, they can increase additional attributes. Skills allow adventurers to gain certain attribute bonuses in the game. Skills are divided into two levels. The higher the level, the greater attribute bonuses. 2. How to Unlock: Adventurers can activate skills with universal skill shards. 3. How to Upgrade: Adventurers can upgrade skills with universal skill shards. 4. How to Equip and Use: In My Profile - Skill, on activated skills interface, tap [Equip] to successfully equip them. After entering the game, adventurers will receive the attribute bonuses from that skill."
111317,2. How to Unlock: Adventurers can activate skills with universal skill shards.
111318,3. How to Upgrade: Adventurers can upgrade skills with universal skill shards.
111319,"4. How to Equip and Use: In My Profile - Skill, on activated skills interface, tap [Equip] to successfully equip them. After entering the game, adventurers will receive the attribute bonuses from that skill."
111320,Not activated
111321,Lvl 1
111322,Lvl 2
111323,Current Level Bonus
111324,Next Level Bonus
111325,Skill Shards Consumption for Unlocking
111326,Item Consumption during upgrade
111327,Redeem Skill Shard
111328,Redemption Material
111329,"Due to version upgrade, the above items are no longer effective. Can redeem Skill Shards"
111330,Redeem to Obtain
111331,Skill Shard
111332,Owned @1
111333,Redeem to obtain [color=#FA7A0F]@1[/color]
111334,Redemption Rate Notice
111335,Redeem
111336,Item Name
111337,You do not have any items available for redemption.
111338,Rate
111339,Upgrade Skill
111340,Activate Skill
111341,Upgrade
111342,Unlock
111343,Equipment
111344,Unequip
111345,#cfa7a0fRedeem with original character shards#n
111346,No character shards to redeem
111347,Character
111348,Redeem All
111349,The current map creator has disabled skills.
111350,Insufficient skill shards
111351,Item Consumption during Activation
111352,"Oops, failed to sync skill data. Please try again."
111353,His room is full and temporarily unavailable to join
111354,"He is in the process of game settlement, temporarily unavailable to join."
111355,The game has started and is unavailable to join
111356,"The opponent's game version is too low, please remind him to update the game~"
111357,His team is full and temporarily unavailable to join
111358,You are in the game. Please exit the current game to enter other rooms.
111359,The game versions of both parties do not match
111360,The room is temporarily unavailable to join
111361,The team is full
111362,The team has started the game. You cannot join now.
111363,Your friend @1 entered the game
111364,Initiate a team invitation
111365,Team invitation has been initiated
111366,In team game
111367,His team is full and temporarily unavailable to join
111368,The team is temporarily unavailable to join
111369,Unable to initiate a team invitation now
111370,Team Code:
111371,Team up face to face
111372,"Unauthorized use of positioning, please go to the mobile phone settings page to open"
111373,Enter the same four numbers as your friends to join the same team
111374,"In a team, you cannot join the team again."
111375,Gifts for teaming up face to face
111376,Gifts for inviting new players to team up face to face
111377,Players who [color = #FE5656]team up face to face[color = #3D4546] with new users who register on the same day and enter the game will be rewarded (only for players who team up face to face)
111378,Invited: [b] [size = 30] @1 people [size] [b]
111379,Event time: @2/@3/@1 - @5/@6/@4
111380,Reward received
111381,Invite @1 people
111382,"Beware of online fraud, please do not share any personal privacy information, including name, address, contact information, bank account number, payment software password, mobile phone verification code, etc."
111383,Team is public
111384,Team undisclosed
111385,Team is ready
111386,In the zone
111387,In game
111388,You and your friends are in the same Party Zone
111389,Invitations are too frequent
111390,Your friend [color=#0AAA1A]%s[/color] is online
111391,Your friend [color=#0AAA1A]%s[/color] is in game
111392,Your friend [color=#0AAA1A]%s[/color] is teaming up
111393,You cannot follow while in a team state
111400,Check Credit Score Rules
111401,Tip
111402,"Due to your violation of the game rules, your credit score is below @1 points, and you are banned from using voice chat. You can follow the credit score rules and engage in fair gameplay to restore your credit score."
111403,"Due to your violation of the game rules, your credit score is below @1 points, and you are banned from using chat. You can follow the credit score rules and engage in fair gameplay to restore your credit score."
111404,Credit Score: @1
111405,"Due to your violation of the game rules, your credit score is below @1 points, and you are banned from using the feature [Mentor-Disciple: Be a Master]. You can follow the credit score rules and engage in fair gameplay to restore your credit score."
111500,Dance hall settings
111501,Site range
111502,Select
111503,"There is no selected area, the gameplay does not take effect"
111504,Participation rewards
111505,Add to
111506,Save
111507,Region settings
111508,New
111509,Edit rewards
111510,Ways to win
111511,Single game ranking
111512,Score in a single game
111513,Award conditions
111514,TOP1
111515,TOP2
111516,TOP3
111517,TOP4
111518,TOP5
111519,TOP6
111520,TOP7
111521,TOP8
111522,TOP9
111523,TOP10
111524,Please enter a value
111525,(Obtained when the value is greater than or equal to the value you set)
111526,Select items
111527,Select
111528,Please set up rewards and corresponding conditions
111529,MiniClub dance hall help
111530,"#cfa7a0fIntroduction:#n - The Dance Hall MiniClub is a musical item. Place it in Developer Mode and set the area with the area tool first, then you can change the map into Play Mode and try the dancing features. It supports multiplayer gameplay.#n#n#cfa7a0fSettings:#n - In developer mode, clicking on the Dance Hall item allows you to access the Dance Hall settings interface. - Area Range Selection: You can use the object library's area feature to choose the size of the Dance Hall and then build the scene around this selected area. #cfa7a0f(Tip: Dancing with skin sets is not supported within the area. Only characters with custom skins can dance.) It is suggested that you build a dress-up area at the entrance of the scene for players to change custom skins.)#n - Participant Rewards Settings: You can reward players in the game through ranks and points with game items you've set. - Pre-order Settings: Developers can pre-set the songs for the Dance Hall. The loop playback position can be set to turn off all players' song requests.#n#n#cfa7a0fPlay Mode:#n - When players enter the Dance Hall area, the game's GUI will transform into the Dance Hall GUI. After players select a song through the music player, the game will automatically start when the song begins to play. - When the music starts, mid-game joining will not be supported. Players will need to wait until the next song starts."
111531,Score
111532,Current Ranking
111533,@1 point
111534,Closing in (@1s)
111535,No one is currently ordering a song. Come order a song.
111536,In preparation···(@1sec)
111537,You have left the dance hall area and return to play mode.
111538,"The game has started, please wait for the next game..."
111539,"You have entered the dance hall area, where you can dance to the music!"
111540,You got 【@2】*@3 in song @1.
111541,"There is still @2 seconds before the next music ""@1"" is played."
111542,"Your current skin does not support dance hall gameplay, and will switch to a custom avatar for you."
111543,Set up to 10 rewards
111544,"The area has been deleted, please select again!"
111545,The upper limit of points is 7-digits!
111546,Mounts are not allowed in the dance hall area
111547,Prizes have been issued
111548,@Null@
111549,Pre-set Dance Hall music
111550,Selected
111551,Pre-select
111552,Pre-set up to 15 songs. You can tap the selected songs list to remove the songs you don't need.
111553,The song is selected
111554,"Are you sure to delete ""@1""?"
111555,Whether to turn off the player's song request
111556,"Do you want to disable player song request permission? Once checked, players in the Dance Hall can only play the songs you have pre-set."
111557,Confirm
111558,Cancel
111600,Chat bubble
111601,"Chat bubble: After opening, the information entered by the players in the room in the chat window will appear above the character's head."
111602,The chat bubble is closed
111603,Chat bubble (open): Chat information will appear on the character's head simultaneously.
111700,Jump map settings
111701,Map target
111702,Map
111703,Teleport coordinates
111704,View list
111705,My map
111706,Confirm teleport
111707,Invite team members
111708,Send to @1?
111709,Enter a map ID or select from the list
111710,Auto acquire. No need to fill in.
111711,"x, y, z such as 10,7,12"
111712,Select map
111713,Housekeeper list
111714,Unable to teleport. Map ID is @1
111715,Map status error. Please fill in publicly uploaded map ID.
111716,The target map is not open
111717,Host is preparing teleport
111718,Failed to get map information
111719,[color=#E0DCCA]Player[/color][color=#FFDA0A] @1 [/color][color=#E0DCCA] invites you to the [/color][color=#FFDA0A] @2 [/color]map.
111720,Invited
111721,Please wait @1 sec to resend invitation
111722,The current device does not support live streaming
111723,This event is available for adult users only
111724,This item is not available in the current app.
111800,Custom image
111801,Recently Used
111802,Custom Image Library
111803,Basic
111804,(1. The uploaded image size exceeds 3M.
111805,"2. The total number of images has reached the upper limit, please delete some before uploading. 3. The upload image format is wrong, please upload JPG and PNG images."
111806,4. Resolution exceeds 1920x1080.)
111807,Upload failed. The file format does not meet the upload rules.
111808,Do not upload the same file
111809,Please select an image file
111810,png file (*.png)\0*.png\0All files (*.*)\0*.*\0
111811,"The following resources will be deleted, but maps that have already been used will not be affected. After deletion, local files cannot be retrieved."
111900,@Null@
111901,Property setting
111902,Name
111903,Display content
111904,Select Image
111905,Select interface
111906,Select video
111907,Select fit
111908,Alignment
111909,Floor setting
111910,Opacity
111911,Colour
111912,Collision switch
111913,Display priority
111914,Image
111915,Video
111916,Interface
111917,Fill
111918,Adaptive
111919,Stretch
111920,Tiled
111921,Centered
111922,Center point coordinates
111923,X coordinate
111924,Y coordinate
111925,Z coordinate
111926,Rotate
111927,X axis
111928,Y axis
111929,Z axis
111930,iQIYI
111931,Display window size
111932,Width
111933,Height
111934,Video link
111935,"The display window is more than 1000 squares away from you, so I can’t fly over there."
111936,Add image
120000,111900~120000 reserved for display board
120001,Background color
120002,Light grey
120003,Dark gray
120004,White
120005,Pattern color
120006,Button settings
120007,Input settings
120008,Unlimited
120009,Numbers only
120010,Letters only
120011,dual display
120012,Display on PC only
120013,Display on Mobile only
120014,Free zoom
120015,Proportional
120016,"Each page can be set with multiple page states (the upper limit is 6), and the same element can have different attributes (whether to display, position, size, color, transparency, rotation, text content, pattern, font, etc.) in different page states. Size.), the page status can be switched through the trigger, and the corresponding attributes of other page statuses will not be affected during adjustment. If you need to synchronize the attributes, you can synchronize through the synchronization button in the component settings."
120017,How to use association
120018,"The left button is selected: when the parent element changes, the distance between the child element and the left border of the parent element does not change;
-The button on the right is selected: when the parent element changes, the distance between the child element and the right border of the parent element does not change;
-Upper button is selected: when the parent element changes, the distance between the child element and the upper border of the parent element does not change;
-The bottom button is selected: when the parent element changes, the distance between the child element and the lower border of the parent element does not change;
-The left and right buttons are selected at the same time: when the parent element changes, the horizontal distance between the child element and the center point of the parent element does not change;
-Up and down buttons are selected at the same time: when the parent element changes, the vertical distance between the child element and the center point of the parent element does not change;"
120019,@Null@
120020,@Null@
120100,@Null@
120101,Not available for non-whitelisted users
120102,Violation of pornography
120103,"Your connection has left the surface of the earth, please try again.."
120104,"Oops, the file cannot be parsed normally.."
120105,Light up
120106,"Mark a track as the main melody. When using the instrument, the first track will be played first"
120107,Play all
120108,MIDI upload
120109,"MIDI is a special audio file,"
120110,Click here to learn more
120111,Normal audio
120112,MIDI audio
120113,What is MIDI?
120114,File upload successfully
120115,"The number has reached the upper limit, delete unnecessary files and try again"
120116,Can’t upload files other than your own
120117,"Invalid audio track, currently does not support playing and changing instruments"
120118,(Not currently supported)
120119,Audio track
120120,@Null@
120121,The MIDI file exceeds @1MB. Loading failed.
120122,@Null@
120123,Switch bind
120124,Add account
120125,Password
120126,Question 1
120127,Answer
120128,Question 2
120129,Register UID
120130,Save to computer desktop
120131,Privacy agreement
120132,Account does not exist!
120133,"Dear adventurer:
 The user does not exist, please register!"
120134,Register
120135,Failed to login
120136,"The function is temporarily unavailable, please wait for the upgraded version!"
120137,"Failed to log in to the cloud game, please restart the game"
120138,Not enough storage space
120139,Forgot password
120140,"Dear adventurer:
Your password hasn't been set up. It is recommended to create a password to secure account."
120141,Are you sure you want to unbind the original UID?
120142,"The email has been bound with a UID and is the only binding account, please enter a new email"
120143,Phone bind swap
120144,email bind swap
120145,The bound mobile phone number can be used to log in or retrieve the account password
120146,The bound email can be used to retrieve the account password
120147,Your phone number is bound with @1. The next step is to unbind previous @2. Confirm to continue?
120148,"After you unbind the phone, you will not be able to use that to log in or retrieve your account password through your phone number"
120149,"After unbinding the email, the account password cannot be retrieved by that email"
120150,The UID %s is successfully bound to the mobile phone
120151,The UID %s successfully changed to a mobile phone
120152,Your email is bound with @1. The next step is to unbind previous @2. Confirm to continue?
120153,"Before swapping, please enter the verification code to confirm your identity"
120154,The UID %s is successfully bound to the email
120155,The mini account %s successfully changed the email
120156,Please enter a new phone number
120157,Please enter a new email
120158,Bind UID
120159,"Associating your UID with a channel account can enhance the security. Once the association is established, it [color=#DF6C77]cannot be unbound or changed. [/color]"
120160,Already bound with another channel account.
120161,UID successfully bound.
120162,Failed to bind UID. Please try again or choose another UID for binding.
120163,Saved on clipboard
120164,The channel log-in has failed multiple times. Please exit the game.
120165,Channel authentication failed. Please log in to the channel again and retry.
120166,The current UID is already bound to another channel account. Please switch to another UID or channel account.
120167,Binding failed too many times. Binding interface will be closed.
120168,UID %s has already been logged in!
120169,Please log in to your channel account to enter the next step!
120170,Log in with another phone number
120171,"I have read and agree to Mini World's [color=#76b04a]""%s""[/color]."
120172,Please check the authentication agreement.
120173,
120174,Real-name data failed to be retrieved multiple times.
120175,China Mobile
120176,China Unicom
120177,China Telecom
120178,Authentication service provided by %s.
120179,Too many consecutive log-in attempts to the channel. Please exit the game and check your network or channel account!
120180,Other Log-in Methods
120181,UID @1 has been cancelled. Do you want to switch to UID @2?
120182,Switch Log-in
120183,UID @1 has been cancelled. Do you want to create a new one?
120184,Banned
120185,Cancelled
120186,Failed to log in to @1 account. Please try again and log in before proceeding to the next step.
120187,UID @1 is not bound to the currently logged-in @2 account. Please go to @3-[Settings] to switch account or log in with another UID.
120198,Security Reminder
120199,Log-in authentication failed. Please enter your password again!
120200,Weapon
120201,Armory
120202,Custom Skin
120203,Limited time sales: @day(s) @hour(s) @min(s)
120204,Trial
120205,@day(s) @hour(s) @min(s)
120206,Limited time
120207,Hot selling
120208,Special offer
120209,Details
120210,Ascending online sequence
120211,Descending online sequence
120212,Price from high to low
120213,Price from low to high
120214,Please enter a name
120215,Buy
120216,Unlock
120217,Use
120218,Cancel
120219,Obtain from event
120220,Successfully used @1
120221,Cancel use
120222,"You will spend Mini coins×@1 to buy @2, please confirm. (Appropriate entertainment and rational consumption)"
120223,"You will spend @1 to purchase @2, please confirm. (Appropriate entertainment and rational consumption)"
120224,Get a new skin: @1
120225,Unlock new skin: @1
120226,Show off
120227,Sure
120228,Overall
120229,Submachine gun
120230,Sniper rifle
120231,Heavy machine gun
120232,Handgun
120233,Sword
120234,Bow and arrow
120235,Game version is too low
120236,Game version is too low
120237,Game version is too low
120238,Game version is too low
120239,Game version is too low
120240,Game version is too low
120241,Game version is too low
120242,Game version is too low
120243,Game version is too low
120244,Weapon skin details
120245,This weapon skin contains the following effects:
120246,Display skin first
120247,"Closed, display miniatures first"
120248,"Opened, display weapon skins first"
120249,Next page
120250,How to use weapon skins
120251,1. Armory: purchase skins
120252,2. Already owned: use
120253,"In the game, everyone can see your cool weapon skin"
120254,1. Before using weapon skins
120255,2. After using the weapon skin
120256,The skin will be displayed for the same weapon type
120257,Item type
120258,Skin
120259,Obtain method
120260,Bad request parameter
120261,Invalid client version
120262,Invalid configuration
120263,Wrong item
120264,Deduction failed
120265,Failed to delete item
120266,Failed to add item
120267,Failed to write data
120268,Limit purchase
120269,Delivery failed
120270,Permanent items do not need to be renewed
120271,Item has expired
120272,Can't find the skin
120273,Weapon skin
120274,@Null@
120275,Wow! I got weapon skin#cfa7a0f@1#n！
120276,Available: Pistol
120277,Available: Submachine Gun
120278,Available: Sniffle Gun
120279,Available: Heavy Machine Gun
120280,Available: Swords
120281,Applicable Tool: Pickaxes
120282,Applicable Tool: Axes
120283,Applicable Tool: Shovels
120284,Pickaxe
120285,Axe
120286,Shovel
120287,The weapon skin bonus for this map has been turned off
120288,Character's holding
120289,Character's mount
120290,Go purchase a weapon skin!
120291,"You have already given this weapon skin to @1, please do not repeat the gift."
120292,Weapon skin operation
120293,Allow bonus
120294,Already given away
120295,Failed to send message
120296,The weapon skin has been given to @1 via email. There may be a delay in the email. You can remind your friends to check them after logging in again.
120297,Blacksmith Shop
120298,Unlock when weapon proficiency reaches Lvl %d
120299,"Event Rules
1. The Blacksmith Shop can only enhance permanent weapons.
2. Each enhancement will draw additional attributes based on chance from the quality level.
3. Players can tap the ""Continue Enhancement"" or ""Retain Attributes"" button to refresh or update weapon attributes."
120300,Notice of Chances
120301,Quality Type
120302,Legendary
120303,Precious
120304,Rare
120305,Ordinary
120306,Chance
120307,What's the use of weapon proficiency?
120308,How can I increase weapon proficiency?
120309,"1. Increasing proficiency can unlock weapon star levels. After enhancing at the Blacksmith Shop, star levels can provide attribute bonuses."
120310,1. Using weapon skins in any map and defeating players or creatures will grant proficiency bonuses.
120311,"1. Using weapon skins in any map and defeating players or creatures will grant proficiency bonuses.

2. Using weapon skins in any map and charging to unleash skills will also grant proficiency bonuses."
120312,"1. Using weapon skins in any map and breaking unit blocks will grant proficiency bonuses.

2. Using weapon skins in any map and charging to unleash skills will also grant proficiency bonuses."
120313,Recasting Tip
120314,The current recasting attribute is of high quality. Do you want to continue recasting?
120315,Insufficient item quantity for consumption.
120316,No weapon owned yet.
120317,Tap to Enhance
120318,Save Attribute
120319,1. Using weapon skins in any map and breaking unit blocks will grant proficiency bonuses.
120399,#cfa7a0f%s#n day(s) #cfa7a0f%s#n hour(s) #cfa7a0f%s#n min(s)
120400,@Null@
130000,Enter free play
130001,Music library
130002,Official resources
130003,Resource Library
130004,Genre
130005,Sheet music
130006,Author
130007,Recommended
130008,Duration
130009,Use the recommended instrument to play the main melody the effect is better
130010,Import/manage
130011,Save as a score
130012,Confirm
130013,Free play
130014,G
130015,C
130016,F
130017,"Due to musical scale limitations, some notes cannot be played"
130018,"The production is too fast, can be produced again in @1 second"
130019,"The production failed, your backpack can't hold this score"
130020,"The score of the song #G【@1】#n was successfully produced, and it has been put in the backpack"
130021,"You have learned how to play the song #G【@1】#n, try it"
130022,"You have learned this, share it with other friends"
130023,"Due to the limitation of the range of the instrument, playing F %s notes is not supported"
130024,official
130025,Cannot switch to free play mode while mounting
130026,Cannot play in transformed state
130027,The score of the song [resource name] was successfully produced and it has been put in the backpack
130028,Score for %s
130029,"A score that records the way the song %s is played. You can learn the score after using it, produced by %s"
130030,"You have learned this, share it with other friends"
130031,"It was made too fast, it can be made in %s seconds"
130032,Not available for non-whitelisted users
130033,"You learned how to play the song [%s], try it"
130034,"After enabling Priority Ensemble, if there are players nearby playing, the same music will be matched first to ensemble with others."
130035,Priority Ensemble
140000,Move the position and perspective to find the best camera angle!
140001,Main view
140002,Front
140003,Back view
140004,"The current room is full, adding a new room?"
140005,"Failed to join the cloud service room, are you joining a new room?"
140006,"Failed to join room, please try again?"
140007,"This map is super fun, hurry up and try it out!"
140008,"I heard that your operation 666, come and try this map!"
140009,"The super high-quality map you have never played, come and play with friends!"
140010,God! I have been watching you for a long time! Come and play in the dark with me!
140011,"In my map, no one can surpass me, if you don't believe me, come and try it!"
140012,Come to my adventure room! My friends and I are waiting for you!
140013,This adventure room is cool! Can't stop at all!
140014,I took a super nice photo at Mini World!
140015,"This picture is super fun, I also took a super nice photo, come and play with me!"
140016,"The picture is being uploaded, please wait?"
140017,"Image upload failed, please try again!"
140018,This must be a super fun map! You are invited to play along!
170001,Happy Year of the Tiger
170002,Event Highlights
170003,Mini Theater
170004,Mini Beans Only
170005,Or
170011,Exclusive Data Package
170012,Unicom 5G data+150 Mini Coins
170013,Mobile 5G data+150 Mini Coins
170014,Available Soon
170015,Subscribe
170016,reserve
170017,reserve
170018,reserve
170019,reserve
170020,reserve
170111,Gift good luck fireworks x
170112,DreamerPack
170113,StarPack
170114,MountDrawer
170115,"1. Star Pack: Use 1 Star Code to open it, and have a chance to get #cfa7a0f Star skin exchange coupon#n.

2. Dreamer Pack: Use 1 Dreamer Code to open it, and have a chance to get #cfa7a0f Dreamer skin exchange coupon#n.

3. Star skin exchange and dreamer skin exchange coupon can be exchanged for exclusive skins in the exchange store. The exchange store will be updated from time to time, and the number of exchange coupons will not be cleared.

4. When opened packs reach a specified number, you can receive additional rewards. #cfa7a0fThe cumulative number of times and rewards will be reset at 0:00 every Monday#n. Please claim your rewards in time.

5. Every time you opening a pack will add some lucky points for you. The more lucky points you have, the better chance of getting the exchange coupon. When the lucky points is full, the next time you open a pack, you will get a exchange coupon. After you get an exchange coupon, the lucky points will be reset to 0 and then re-accumulated.

6. If you have Star / Dreamer Code in your account, the Star / Dreamer Code will be deducted first when you open packs.

7. You can spend 20 Mini Coins to get the Dreamer Code and also can use Mini Coins to open packs directly. There will be a discount if you open 5 times in a row. It only spend 88 Mini Coins. #cfa7a0fThe first time you spend Mini coins every day to open the Dreamer Pack is free, the second time it is half price #n, and the third time it will be restored to the original price.

8. You can spend 68 Mini Coins to get the Star Code and also can use Mini Coins to open packs directly. There will be a discount if you open 5 times in a row. It only spend 318 Mini Coins. 

9. Star Pack Reward List and Probability
Weapon Skin (Permanent) 4.36%
Dress Up (Permanent) 3.33%
Weapon Skin (Limited Time) 27.99%
Dress Up (Limited Time) 27.99%
Dress Up Shard 10.51%
Mini Coin 6.32%
Mini Bean 9.58%
Premium Mounts Universal Shard 6.57%
Experience Card 7.71%
Star Skin exchange coupon Initial probability is 0.001%. The more lucky points, the higher probability.

10. Dreamer Pack Reward List and Probability
Painting (permanent) 3.93%
Dress Up (Permanent) 3.12%
Painting (limited) 30.21%
Dress Up (Limited) 30.21%
Dress Up Shards 10.07%
Mini Coin 3.93%
Mini Bean 10.07%
Normal Mount Universal Shard 7.35%
Experience Card 5.04%
Dreamer Skin exchange coupon Initial probability 0.001%. The more lucky points, the higher probability."
170116,Times
170117,Draw times reward (Cleared at 00:00 GMT+8 every Monday)
170118,Draw x1
170119,Draw x5
170120,Daily free draw
170121,Redeem
170122,Owned
170123,Preview
170124,Shard
170125,Redeem
170126,Draw to win rewards!
170127,Purchase Dreamer Code
170128,Purchase Star Code
170129,"The operation is too fast, please slow down"
170130,Ends in @1
170131,The shop has been updated. Please try again later.
170132,Starlight Adventure
170133,Tips
170134,The current content of the Redemption Shop has been updated. Please download the latest version to experience it. Do you still want to redeem the current reward?
170135,Redeem the current reward
170136,No more tips
170199,New Gachapon Interface
170200,Coupon obtained
170201,Congratulations on unlocking it!
170202,Collectible Name
170203,Collectible Pricing
170204,Remaining Time
170205,Trading Result
170206,Trading Actions
170207,Collectible Listing Instructions
170208,"1. Adventurers can list certain collectibles for sale, setting the item price, sale duration, and whether the sale is anonymous. Tips: You can check recent transaction records to get to know the current average selling price of collectibles.

2. Before listing a collectible for sale, it must be in a non-used status. Once listed, the collectible's status will be hidden, and cannot be used during the listing period. If adventurers wish to restore the use of a collectible, they must take it off the shelf.

3. If the sale duration expires and the collectible has not been sold, it will no longer be displayed in the free market. Players need to relist it.

4. Transaction fees for collectibles will be deducted after a successful transaction. Fees will not be deducted for collectibles that do not sell. After a successful transaction, adventurers can go to ""My Collectibles"" to claim the corresponding token.

5. Collectible transaction fees are calculated at 8% of the listed price and will be deducted after a successful transaction.

6. It may take about 5 minutes for a collectible to appear in the free market after listing. Please be patient.

7. Mini Coins obtained from selling collectibles cannot be used to purchase collectibles, send red packets, or for gifting functions."
170209,Free Market
170210,My Transaction
170211,Price Trend
170212,Ascending Sequence of Price
170213,Descending Sequence of Price
170214,Ascending Sequence of Collection
170215,Descending Sequence of Collection
170216,View Unowned Items
170217,All
170218,Skin
170219,Custom
170220,Bubble
170221,Broadcast
170222,Favorite
170223,Cancel Favorite
170224,Purchase
170225,View Collectible
170226,My Collectibles
170227,My Favorite
170228,Trading Record
170229,Take Collectible Off Shelf
170230,Relist
170231,Claim Token
170232,Recent Transaction Records
170233,Sale
170234,Mini Coin x@1
170235,Current Price:
170236,Seller:
170237,Remaining Time:
170238,Mysterious Adventurer
170239,In progress
170240,Sold
170241,Off the shelf
170242,Ended
170243,"Tap ""Sell Collectible"", @1 slots remaining."
170244,Become a Mini member to unlock @1 slots
170245,Collectible Price
170246,Time of Sale
170247,@1h
170248,Anonymous Sale
170249,Transaction Fee:
170250,(Price Range: 10-9999)
170251,Highest Closing Price:
170252,Lowest Closing Price:
170253,Average Closing Price:
170254,Please bind your email/phone number first.
170255,"You already have @1, go check out other collectibles!"
170256,"This collectible is @1, go check out other collectibles!"
170257,Your favorite collectible storage capacity is already full!
170258,Please select the collectible you want to sell first.
170259,Skins that are currently in use cannot be sold.
170260,Please enter an appropriate price (price range: 10-9999).
170261,Already the last page
170262,Already the first page
170263,@1 successfully [color=#32B82F]purchased[/color] @2 [color=#32B82F]with[/color] Mini Coinx@3.
170264,@1 successfully [color=#E88149]sold[/color] @2 and [color=#E88149]got[/color] Mini Coinx@3.
170265,Clear invalid collectibles
170266,Collection Market
170267,Sell Collectible
170268,Average Transaction Price
170269,Date
170270,"Insufficient token, unable to purchase."
170271,Currently no items available for sale.
170272,The current tab does not have any collectibles available for sale.
170273,No listing information available for this collectible.
170274,You didn't have any collectibles yet. Go check out the free market!
170275,"You haven't purchased or sold any collectibles. Go to ""My Collectibles"" and tap to list one!"
170276,You've subscribed to Mini membership. Refresh the interface to view the listing slots.
170277,Additional collectible listing slots are only available to Mini members. Adventurers can go to the Mini Membership interface to become a member and unlock listing slots.
170278,Are you sure to take the collectible off the shelf?
170279,"To ensure the security of your assets, please bind your phone number or email first."
170280,No transaction data yet.
170281,Failed to put the collectible off the shelf.
170282,Collectible sale time has ended.
170283,Failed to purchase the collectible.
170284,Invalid collectible.
170285,Invalid collectible sale time.
170286,The collectible you're listing already exists.
170287,The collectible cannot be found.
170288,You already own the collectible you are trying to purchase.
170289,You do not own the collectible.
170290,"The same collectible is already listed for sale, unable to purchase it."
170291,Failed to claim. Please try again later.
170292,Successfully verified! You can now list your collectibles.
170293,"To ensure the security of your assets, please go through phone/email security verification first."
170294,Please proceed with phone security verification.
170295,#LSwitch to Email verification
170296,Please proceed with email security verification.
170297,#LSwitch to phone verification
170298,Are you sure to list the collectible?
170299,Sell Collectible
170300,The collectible is sold out. Please select another one.
170301,Sending limit for this month reached.
170302,Sending @2 function is only available after @1 days of creating your account.
170303,Your Mini Coins are insufficient. Top up to continue purchasing collectibles. (Mini Coins received from the system or red packets cannot be used to purchase collectibles.)
170304,In Cooldown
170305,Number of collectibles you can list for sale this week: @1
170306,"The current collectible is in cooldown, remaining time: @1. Cannot be sold."
170307,"Your account hasn't been registered for @1 days, failed to sell collectibles."
170308,Max number of collectibles you can list for sale this week reached.
170309,The Collection Market is open for trading from @1 to @2. Please trade during the specified time.
170310,The same item has already been listed. You can only relist it.
170311,"The same collectible is already listed for sale, unable to list it."
171001,Broadcast
171002,Bubble
171003,Successfully used! You can view it in the chat interface.
171004,Successfully used! You can view it in the multiplayer map.
171005,The distinguished member arrives on a rainbow cloud!
171006,The splendid Feathered Attire arrives gracefully in a flurry of colors!
171007,New Broadcast: @1!
171008,New Bubble: @1!
171009,The adventurer from Fairytale Town shines on debut!
171010,The artist who paints rainbows has made a stunning appearance!
171011,Welcome %s's [%s]!
171012,The Radiant Spirit of the Heavenly Palace descends from the sky!
171013,The messenger from the Dream Island has arrived as promised!
171014,The chivalrous heroes have arrived with the wind!
171015,The fearless Transformers arrive!
171016,The artist who decorates rainbows arrives with the wind!
171017,The Yao Guang Xuanling fell from the sky!
171018,The hardworking florists of the four seasons are coming quietly!
171019,A friend from the Sheep Village demonstrated their courage by exploring the void!
171100,Member Party
171101,Point Task
171102,Team-up Subscription
171103,Member Lucky Gift
171104,Log in to the event page every day to get 2 points.
171105,Share the event for the first time every day to get 2 points.
171106,Complete a multiplayer match to get 3 points.
171107,Consume 50 Mini Beans to get 3 points.
171108,Reward Upgrade
171109,Quick Claim
171110,Ordinary Rewards
171111,Advanced Rewards
171112,Purchase reward upgrades to claim advanced rewards.
171113,Purchase Now
171114,"Congratulations, you have received the following rewards"
171115,Member Lucky Gift
171116,Prize History
171117,Reward Details
171118,"For each one-month subscription, you can get one chance of Draw x5."
171119,Subscribe Now
171120,Mini Coin x99/month
171121,Another @1 draws guarantee an S or SS-grade reward.
171122,Free this time
171123,Draw x5
171124,Draw x1
171125,Free for Members
171126,Members will get an additional gift once per day.
171127,Lucky draw!
171128,What a draw! Congratulations on winning @1!
171129,You have also received the following rewards
171130,Confirm
171131,Draw x5
171132,"Congratulations, you have received the following rewards"
171133,Possible Drop
171134,Chance to Obtain
171135,Content Details
171136,SS-grade includes the following content
171137,S-grade includes the following content
171138,A-grade includes the following content
171139,B-grade includes the following content
171140,C-grade includes the following content
171141,Limited Skin (SS)
171142,Permanent Skin (S)
171143,Permanent Custom Skin (A)
171144,Precious Item (B)
171145,Ordinary Item (C)
171146,Event Rules
171147,"1. Event Time: July 6, 2022-July 31, 2022.
2. During the event, adventurers can purchase lottery tickets with Mini Coins to get a chance to draw prizes.
3. Spending 1 lottery ticket allows you to draw once, and 5 to draw five times.
4. Adventurers have one free drawing attempt by logging in to the event page every day. Remember to visit it every day! Distinguished Mini Members have an additional free chance on top of this.
5. Subscribing to membership during the event will grant you the free chance of Draw x5.
6. The final interpretation of this event belongs to Mini World's official team."
171148,Prize Record
171149,Subscribe to Membership
171150,You will spend 99 Mini Coins to subscribe to a 1-month membership. Please confirm.
171151,Welcome to join Mini Membership!
171152,Welcome to join Mini Membership! You've successfully subscribed to a one-month membership.
171153,Draw x1
171154,Purchase Lottery Tickets
171155,Mini Coin ×20 per ticket
171156,Please select the number to purchase.
171157,Max
171158,@2 Mini Coins are required to purchase @1
171159,Purchased
171160,Purchase failed
171161,Successfully purchased @1 lottery tickets.
171162,Insufficient Mini Coins
171163,Top-up Now
171164,"During the event, teaming up with friends to subscribe to the membership will grant you a timed discount. You can also receive additional rewards based on the number of members in your group! Each person can only participate in the team-up event once!"
171165,Enjoy a discount of @1% with two persons
171166,Enjoy a discount of @1% with three persons
171167,Enjoy a discount of @1% with five persons
171168,Each player can receive an additional @1.
171169,Light of Friendship
171170,"Subscribe to a three-month membership on the event page, and you'll be able to send a one-month membership to a friend for free."
171171,Team-up Subscription
171172,Confirm to Team up
171173,Host:
171174,UID:
171175,Game Nickname:
171176,Team Members:
171177,Please fill in or select the UID of the members you want to team up with.
171178,Select Game Friends
171179,Tip: Provide the information to complete the payment. Subscribe/renew membership for the UID above
171180,Next Step
171181,Confirm to Team up
171182,The following members will participate in the team-up subscription event. Please confirm:
171183,Back
171184,You need to pay @1 Mini Coins.
171185,Successfully teamed up
171186,"The following members have successfully subscribed/renewed their memberships! For more member privileges, please check them in the game!"
171187,Confirm Subscription
171188,"Dear adventurer, you will subscribe to a three-month membership. After subscribing, you will have the chance to send a one-month membership to a friend for free."
171189,Reset
171190,Please select
171191,Welcome to join Mini Membership!
171192,Welcome to join Mini Membership! You've successfully subscribed to a three-month membership. And you've sent your friend @1 (UID: @2) a one-month membership!
171193,Tip: The gift notification has been sent to your friend's email! Join him now to experience the membership privileges in Mini World!
171194,Select at least one friend.
171195,Max number of players reached.
171196,Please enter the UID.
171197,Cannot enter your own name.
171198,Confirm
171199,You have already participated in the team-up event!
171200,You have reached the participation limit for this event!
171201,Event is opening soon. Stay tuned!
171202,Mini Coin x@1
171203,May our friendship lasts forever!
171204,Event Time:
171205,06.22-07.17
171206,"Member theme event is now available! Join the event with me by tapping the ""Member Party"" entrance in the upper right corner of the homepage!"
171207,Successfully teamed up
171208,Welcome to join Mini Membership! Start the game now and experience all the privileges of being a member!
171209,Sent successfully
171210,Gift for @1: One-month Membership Successfully sent to your friend's game account.
171211,Gift received
171212,Gift from @1: One-month Membership
171213,"Team-up subscription has reached the limit, subscription failed."
171214,The event is over!
171215,06.22-07.31
171301,Membership benefits are in effect
171302,Accelerating Membership benefits
171303,Members can unlock it for free.
171304,Time until the next free unlocking:
171305,Membership activation has reached the limit.
171306,You have already participated in the team-up event.
171307,Team-up failed.
171308,Insufficient free attempts.
171309,Insufficient lottery tickets
171310,"1. Event Time: From July 6, 2022 to July 31, 2022."
171311,"2. All adventurers of Mini World (i.e., all users of Mini World) could participate in the event."
171312,"3. Adventurers have one free Lucky Draw attempt by logging in to the event page every day. Remember to visit it every day! Additionally, distinguished Mini members can get one extra free Lucky Draw attempt every day."
171313,"4. Adventurers can purchase lottery tickets with Mini Coins to get a chance to draw prizes. Each lottery ticket costs 20 Mini Coins and allows one draw (spending 1 lottery ticket allows you to draw once, and 5 to draw five times)."
171314,"5. During the event, for each one-month subscription to Mini Membership, you can get one free chance of Draw x5, up to 10 times."
171315,"6. In this Lucky Draw, the chance of winning is 100%. The prizes include limited skins (0.33%), permanent skins (1.34%), permanent custom skins (8.33%), item shards (34%), and ordinary game items (56%). For specific details about each prize category, please tap ""Item Details"" to view."
171316,"7. Limited skins, permanent skins, and permanent custom skins will be sent directly to your account. Please go to the shop to check."
171317,8. Item shards and ordinary item rewards will be sent directly to your warehouse. Please go to your warehouse to check.
171318,9. The final interpretation of this event belongs to Mini World's official team.
171319,Free Draw x5
171320,An S or SS-grade reward is guaranteed the next time.
171321,Fantasy Promise
171322,Sanrio
171323,Dream Island
171400,Generous gifts await
171401,Tang San
171402,Xiao Wu
171403,Ning Rongrong
171404,Snow Princess Meowphy
171405,Fluffy Clouds Nym
171406,Bibi Dong
171407,"1. During the event, obtain specified permanent skins to receive exclusive rewards.
 2. Each skin's event duration will be separate. Be sure to claim your rewards in time."
171408,Claim Rewards
171409,Claimed
171410,Owned
171411,"During the event, obtain the permanent skin @1 to claim the following rewards."
171412,Rewards claimed
171413,Please go obtain the permanent skin first.
171414,Bonus gifts included
171500,Cumulative Top-up Bonus
171501,All rewards claimed!
171502,"1. During the event, you can claim rewards by reaching a specified amount of Mini Coins top-up.

2. This event only supports Mini Coins obtained through purchases in the game store and direct purchases from the official website. Mini Coins received as bonuses from the top-up do not count, as well as those obtained through other methods.

3. You need to manually claim event rewards. So, please make sure to claim the rewards in time."
171503,The event is not available yet.
171504,Send
171505,Tap to Subscribe
171506,Top-up Rewards
171507,"Moderate entertainment, rational consumption, do not trust any unofficial recharge channels."
171508,View more instructions
171509,Monthly Pass
171510,Subscribe
171511,Renew
171512,Subscribe for $@1
171521,Featured
171522,Avatar Frame
171523,Skin
171524,Custom
171525,Mount
171526,Title
171527,Weapon
171528,Bubble
171529,Broadcast
171530,Spray Paint
171531,Friend's Profile
171532,Sticker
171533,Mini Point
171534,Point Shop
171535,Point Shop Description
171536,Pop-up Content
171537,"Mini Points Store Rules:

1. Players can acquire Mini Points through various methods such as direct Mini Coin top-up, Friends Payment (where the recipient gains points), Membership direct purchase, web top-up center, Battle Pass top-up, Monthly Pass top-up, and third-party e-commerce platforms. These third-party platforms include Pinduoduo (Mini World flagship store), Taobao (Mini World merchandise store), Tmall (Mini World flagship store), and JD.com (Mini World flagship store).

2. The redemption rate for Mini Points is 1:10. This means that 1 RMB can earn you 10 Mini Points.

3. Mini Points have an expiration date. If the Mini Points obtained by a player in the current month remain unused after 6 months, they will be cleared. Please pay attention to the expiration date of the Mini Points and use them in time."
171538,Top-up Center
172001,Daily Task
172002,Special Task
172003,Event Store
172004,Redeem
172005,Redemption is over
172006,Go to
172007,Claim
172008,Claimed
172009,Insufficient @1. Complete tasks to earn more.
172010,"1. During the event, you can collect Super Stars by completing specific tasks. You can also automatically receive an equal amount of Super Stars when you spend any amount of Mini Coins (excluding spending Mini Coins on sending red packets or purchasing items in your published maps).

2. You can use Super Stars to participate in the Lucky Draw. Every 7 draws make up one round. In the first 6 draws, you'll receive ordinary rewards from the inner circle. On the 7th draw, you're guaranteed to get a rare reward from the outer circle. After completing one round, the rewards in the inner circle will refresh randomly.

 3. Rare rewards in the outer circle have a limited number of drawing attempts. When the number of attempts reaches 0, you will no longer receive the reward. After obtaining all the rare rewards in the outer circle, you cannot continue to draw.

 4. All Super Stars will be cleared after the event ends, so please use them in time.

 5. The inner circle rewards have an equal chance of being drawn, while the outer circle rewards list and their chances are as follows:"
172011,Redeem Mini Beans
172012,Redeem
172013,Max
172014,Already the minimum value.
172015,Insufficient balance.
172016,"Insufficient Mini Coin balance, you are short of @1 Mini Coins. It's recommended to top-up $@2 (equal to @3 Mini Coins)."
172017,Mini Coin x@1
172018,Other Amount
172019,Top up $@1
172020,Insufficient Mini Bean balance. Would you like to make up the difference with @1 Mini Coins?
172021,Unlock with Mini Beans
172022,Redeem with Redemption Coupons
172023,Skip
172024,1 in @1
172025,To be Activated
172026,"Tap ""Activate""
to start the forging journey"
172027,Free forging in progress...
172028,Advanced forging in progress...
172029,"Forging failed, protection enabled!"
172030,"Forging failed, this round is over."
172031,Forging successful!
172032,Play Mode Description
172033,Magic Forging
172034,Randomly receive #cff0000Lvl.1 to Lvl.3#n rewards.
172999,172001-172999 reserved for commercial map-related events
173000,Edit Image
173001,Edit Mood
173002,Display Unowned Items
173003,You haven't saved a custom image yet. Go create your own set of custom images now!
173004,You don't own a mount now. Go meet your adventure companion!
173005,Go to Match
173006,"Unfortunately, this skin cannot be purchased directly. Please go to the skin details page to check the acquisition method."
173007,"Unfortunately, this skin is not available for sale at the moment."
173008,Purchase
173009,Use
173010,Successfully used!
173011,You're being too fast! Please try again.
173012,Custom
173500,173000-173500 reserved for commercial events
179999,170001-179999 reserved for commercial use
180001,The user has set up privacy permissions and cannot be viewed for the time being
180002,You haven't owned mounts yet. Go to the shop and pick it out.
180003,You haven't owned weapons yet. Go to the shop and pick it out.
180004,Sensitive contents contained. Please try again.
180005,"Characters are too long, please try again."
180006,Default Nickname
181001,Official Mail
181002,Friends Mail
181003,Mail Instructions
181004,1. Mail expired
181005,2. Claim the attachment
181006,Mail Mark
181007,3. Mail Contents
181008,Unclaimed mails will not be removed but might be expired. Please claim it in time.
181009,The claimed items are automatically put into your Warehouse. Please contact customer service if the items are not there.
181010,Marked mails will be noticed without being deleted. They are sorted by time from up\nto down.
181011,"The system will only show a part of mails while there are over 30 unread ones. However, remaining emails will be shown\nafter tapping Read."
181012,Delete Read
181013,Are you sure to delete read and claimed mails?
181014,No read mails to delete
181015,"Dear adventurer, please notice:"
181016,"Appeal time has elapsed, unable to file an appeal."
181017,Gold
181018,Best Result
181019,Not on the list
181020,Not participated.
181021,No results yet
181022,Latest Result
181023,Feedback
181024,Simulated Experience
181025,Please select the map category.
181026,Feedback submitted successfully.
181027,"Detected that someone had taken screenshots, please be cautious of your personal information security!"
181040,Visible only to friends
181041,Password in 8 characters (numbers or letters)
181100,Add Screenshots
181101,Post Map
181102,Update released
181103,Post as #L#cfa7a0fTemplate Map#n
181104,"Are you sure you want to take this save off the shelf?
 #cef2d2d (Deleting or clearing the data after being taken off the shelf will make the saves unrestorable)"
181105,"After the reset, the cover will be changed to an in-game screenshot. Continue?"
181106,Reset
182001,Server Room does not exist
182002,Cannot create server rooms in the map
182003,The map has suspected violations. Cannot create server room.
182004,The map has been taken off the shelf. Let's try a different one!
182005,"The map is too crowded, please try again later!"
182006,Client and server versions do not match.
182007,Server room matching timed out.
182008,"Room allocation is restricted, please try again later."
182009,Failed to start
182010,Joining the room halfway is not allowed.
182011,"It's a private room, unable to enter."
182012,Startup timeout.
182013,The room is full
182014,Room save does not exist.
182015,"Illegal request, please do not use any third-party plugin."
182016,"It's a private map, unable to enter."
182017,Please do not enter again.
182018,Room matching exception.
182019,Request timed out
182020,Please use the official channels to download the game as there seems to be an issue with your current version.
182021,Service error! Please try again later.
182022,This map can only be entered through event matching.
182023,You can only access this map by participating in the event matchmaking
182024,This map requires a higher version than the one currently installed on your client
182025,Creating a Private Server Room is not permitted
182100,"The account is already on the cloud server, so please avoid logging in repeatedly"
182101,Unable to enter the map due to an error occurring within the team
182102,Failed to connect to the host
182103,Connection lost
189999,180001-189999 reserved for the main end
190000,Home Page
190001,Add Friend
190002,Private Chat
190003,The account is abnormal and cannot be used to add friends.
190004,@1 invited you to join @2
190005,Accept
190006,Ignore (@1)
190007,#cfa7a0f@1#n applied to add you as a friend
190008,You're in map now. Are you sure to go into the new room?
190009,Confirm
190010,No more reminders today
190011,Invitation sent
190012,@1 is inviting you
190014,"[Game version is too old, please upgrade it.]"
191013,Friend Request Pop-up
192001,Violations
192002,Map Content
192003,Plagiarized Map
192004,The title or cover does not match the content.
192005,Please enter the map ID that was plagiarized.
192006,How to get map ID
192007,Please describe the copied content in terms of play mode and scenarios. Providing image evidence will help speed up the report review process (6-100 words)
192008,"Modification has been made, please review it again."
192009,Report Map Description
192010,"Step 1: Find the sharing function of the map that has been plagiarized and tap ""Share""."
192011,"Step 2: Share the number string in the bottom right corner of the sharing window, this is your map ID!"
192012,"Step 3: Tap the number string, and when you see the ""Copied successfully"" prompt, you can return to paste it!"
192013,"Focuses on building, hunting, fighting, and other events with the goal of maintaining HP and Hunger levels. Applicable for Classic Adventures."
192014,"Use blocks to construct buildings, scenes, and other structures. The default category for Creation Mode is ""Creation"". Applicable for building houses and more."
192015,"Defeating other players or NPCs within the map with attacks and similar methods as the victory condition. Applicable for Who's the sharpshooter, level up by defeating monsters, build quickly to avoid monsters, hide and seek, musical chairs, the Boarmen are coming, Pictionary."
192016,"Use component blocks in the circuit module to connect and assemble circuits, machines and scenes. Applicable for Music circuits, circuits computers, circuits game consoles and more."
192017,"The main goal is to explore the map for clues, solve various puzzles, and find the exit. Applicable for find switches in room escape."
192018,"Using various movement methods to dodge obstacles and reach the finish line. Applicable for Water Cube, Unity, and all sorts of Running Man type games."
192021,"Simulate the environment in reality, or substitute the events and characters in reality. Applicable for acting, part-time jobs, paradise, drawing items, spending a billion, raising a baby, etc."
192022,"Reach the destination as quickly as possible with the help of mounts or vehicles. Applicable for drawing mounts, testing your apm, and more."
192023,"The main play mode involves participating in events related to sports themes. Applicable for sports themes like basketball, soccer, and more."
192024,Invalid map ID.
192025,"Massively multiplayer online role-playing game, players play roles, improve their skills and abilities by performing tasks, exploring the world with other players, etc.; it is applicable to fight monsters and upgrade, eat pills to become stronger, etc."
192026,"The types of gameplay include circuit music, decryption and clearance, filming simulation, roller coaster, parkour, etc. This category can be selected for gameplay-related maps."
192029,Are you sure you want to delete the selected game history?
192030,"It has been detected that your map uses reset and indestructible logic, and it is recommended that you publish it as a game."
192031,Still publishing the map
192032,Publish as a game
192033,"It is detected that your map does not use reset and indestructible logic, and it is recommended that you publish it as a map."
192034,Still publishing games
192035,Publish as map
192041,Cloud Backup (Trial)
192042,"Cloud Capacity (Trial):% s Available, of% s"
192043,Cloud Backup Expansion (Trial)
192044,Cloud Backup
192045,No backup yet
192046,Temporarily no map to use backup
192047,Map List:
192048,Backup restore
192049,The map is suspected of violating the rules and cannot use this function
192050,Sandbox Workshop
192051,The rules of the sandbox workshop
192052,
192053,Download leaderboard
192054,weekly ranking
192055,monthly ranking
192056,overall ranking
192060,"Check that there is a local map, back it up first or download it directly."
192061,"There is a new version, is it updated to enter the game again?\ n #cef2d2d (This update will overwrite local game data)"
192062,"There is a new version, which will be updated soon\ n #cef2d2d (this update will overwrite local game data)"
192063,"No room yet, create one yourself!"
192064,Abandon the forced update and cancel the game
192065,direct download
192066,Map size:
192067,Map Type:
192070,first charge
192071,game
192072,"(@1), the shape is good!"
192073,Click on the online lobby to enter.
192074,Here you can play a variety of fun online games!
192075,
192076,You can click on the character to replace it!
192077,"Here you can find adventure, architecture, miniatures, and other sandbox works!"
192078,This is a mini town where you can play various roles and find many interesting friends
192090,Author:
192091,Map ID:
192092,Recently played:
192093,Original map:
192094,Restore and backup
192095,Open map
192096,Start game help
192097,"[color = #D0773C] Map Gallery
[/color]
[Color = #514E45] The map library contains all player-created and downloaded maps.
If you want to play other people's maps, you can go to the Sandbox Workshop to obtain and download them.
[/color]
[Color = #D0773C] Game library
[/color]
[Color = #514E45] The library contains all the games that players have played.
If you want to play more games, you can go to the online lobby to find and play.
In the game, players need to play the game according to the rules set by the game developer.
[/color]"
192098,Single player
192099,In multiplayer games
192100,Visible range of the room
192101,Room access
192102,
192103,"If you choose to apply to enter, other players need to apply to enter the room and will not enter directly; if you choose the homeowner's consent through the application followed by your friends, the homeowner will process the application uniformly; if you choose the friend's consent, the application will be processed by the person being followed.
If you choose to enter directly, other players can directly join the room.
Select the password to enter, the homeowner sets the password, and other players need to enter the correct password to enter the room."
192104,Apply for entry
192105,password to enter
192106,Friend agrees
192107,Homeowner agrees
192108,
192109,
192110,"The link is invalid, you can re-search the work with id."
192111,Game Works
192112,cumulative download count
192113,develop
192114,map library
192115,game library
192116,all
192117,My Map
192118,Download the map
192119,collection
192120,I have played
192121,Studio
192122,Published
192123,Reviewed & Failed
192124,"There is a map being uploaded, please wait a moment!"
192125,The work has been published and is under review. It cannot be published any further!
192126,"The map has been banned, appeal for unblocking in the map work"
192127,"The game has been banned, appeal for unblocking in the game work"
192128,Editing
192129,local map
192130,"My friend is busy, set untrackable, leave her a message."
192131,Your friends are on the local map
192132,"The game settings cannot be added to the game halfway through, let's play together in the next game."
192133,Current room settings are invited only by the homeowner
192134,The game does not allow players to join halfway through
192135,The current room is full and cannot be invited.
192136,You chose
192137,Your room application has been sent.
192138,"Ask to join a team to play together, do you agree?"
192139,"Ask to join the room to play together, do you agree?"
192140,Friend follow application
192141,public release
192142,unpublished
192143,Downloaded
192144,Favorite
192145,"The operation interval is too fast, please (@1 second) try again later"
192146,Stranger
192147,The player's application will no longer be accepted within 5 minutes
192148,Personal map
192149,idle
192150,Cloud server online data may be inconsistent with single-player games
200000,Event Time
200001,Tap to Purchase
200002,Dream Island is under construction.
200003,Help
200004,"1. Mini World x Sanrio Characters Timed Collaboration starts! New companions Nym and Meowphy will make a debut soon!
 2. Purchase Conditions:
	 ①If the adventurer does not own any items in the pack, they will need to purchase the entire pack at full price.
	②If the adventurer already has some items such as skins, custom skins, spray paints or avatar frames from the pack, the cost will be deducted based on the Mini Coin price of the owned items. Purchasing the entire pack will not be at full price (and of course, items already owned in the pack will not be given again).
	③If the adventurer already owns all the items in the pack, they will not be able to purchase the pack again.
 3. Reward Distribution:
	 ① For skins/custom skins/spray paints, please check them in the game at Shop - Custom Skin.
	② For avatar frames, please check them in the game in the Warehouse or My Profile.
	 ③ Due to the large number of rewards being distributed, there may be delays. Please don't worry, your rewards are on their way!
 4. Event Time: From August 4, 2022 to September 9, 2022.
 5. The final interpretation of this event belongs to Mini World's official team."
200005,Purchase Now
200006,Purchased
200007,Insufficient Mini Coins
200008,Confirm the purchase
200009,Insufficient Mini Coins. Do you want to go top up?
200010,Go Now
200011,Cost
200012,"To purchase [color=#F58A00]@1[/color], please confirm:"
200013,Purchase List:
200014,The total price has been deducted by the value of the items you already own.
200015,(Owned)
200016,(Obtained only from purchasing packs)
200017,New companions are on the way!
200018,Dream Island is under construction. Stay tuned!
200019,(Moderate entertainment and rational consumption)
200020,Price:
200021,Fantasy Dream Island
200022,Purchase successful! Go claim your reward!
200023,No rewards to claim now. Go get some points!
200099,Dream Island reserved
200100,Mid-Autumn Celebration
200101,You have unclaimed mooncake rewards.
200102,@1 gifts are waiting for you
200103,Come and choose your favorite gift!
200104,Please select the grand prize for this round.
200105,Insufficient number of mooncakes.
200106,Round @1
200107,Mooncake
200108,Options for Round @1
200109,Go to
200110,Mooncake x@1
200111,Member Privilege Mooncake x@1
200112,Options for this round
200113,Bind your phone to claim a lot of mooncakes!
200114,"1. Purchase Conditions:
     -If the adventurer does not own any items in the pack, they will need to purchase the entire pack at full price.
-If the adventurer already has some items such as skins, custom skins, or avatar frames from the pack, the cost will be deducted based on the Mini Coin price of the owned items. Purchasing the entire pack will not be at full price (and of course, items already owned in the pack will not be given again).
-If the adventurer already owns all the items in the pack, they will not be able to purchase the pack again.
 2. Reward Distribution:
     -For skins/custom skins, please check them in the game at Shop - Custom Skin.
-For avatar frames, please check them in the game in the Warehouse or My Profile.
 3. Due to the large number of rewards being distributed, there may be delays. Please don't worry, your rewards are on their way!
 4. Event Time: From September 10, 2022 to September 30, 2022.
 5. The final interpretation of this event belongs to Mini World's official team."
200115,"Loading, please wait..."
200116,Tap to Purchase
200117,Dream of the Bright Moon
200118,Save
200119,Mooncake obtained
200120,View Privileges
200121,Daily Task
200122,Challenge Task
200123,Become a Mini member to enjoy exclusive Dream Island bonuses!
200124,EXP acquisition speed increased.
200125,Claim Mooncake for free every day
200126,Gold acquisition speed increased.
200127,Claim Mooncake
200128,Please select the grand prize for this round.
200129,Select Grand Prize
200130,Change Grand Prize
200131,Requirement for each light-up
200132,Light up
200199,200100~200199 reserved
200200,Encounter in Dream City
200201,Mini Paradise - Dream City
200202,Sign in at various sights of Mini Dream City to redeem bonuses
200203,Event Time:
200204,Ranking
200205,My Rank:
200206,You haven't made it onto the Ranking List. Keep up the good work and strive for it!
200207,Treeheart Park
200208,Service Center
200209,Treeheart Flower Shop
200210,Boom Egg Restaurant
200211,Hot Springs Hotel
200212,Commercial District
200213,Stellar Cottage
200214,Gift Shop
200215,Bunny Ice Cream
200216,Minimoe Lobby
200217,Minimoe Community
200218,Panda Radio Station
200219,Honey Factory
200220,Misra Home
200221,Boarman Hut
200222,House of Bunny Beauty
200223,Signed in
200224,Enter Now
200225,Event Task
200226,Redemption Shop
200227,Complete tasks to claim Joy of Stars to redeem great rewards.
200228,Go to
200229,Claim
200230,Claimed
200231,The event is over. Thank you for participating.
200232,Claimed successfully
200233,Go to Redeem
200234,Event Rules
200235,"1. You can claim Joy of Stars by logging in to the game every day.
2. Joy of Stars can be used to redeem valuable game items in the Redemption Shop.
3. Head to Mini Dream City to complete sign-in tasks and earn more Joy of Stars.
4. Sign-in tasks can only be completed once.
5. Open the Ranking List to view the Dream City Celebrity List and see who made it to the list!"
200236,"Matching, please wait..."
200237,Mini Dream City Popularity Ranking
200238,Rank
200239,Player's Nickname
200240,Popularity
200241,Outside of top 100
200242,The Ranking data refreshes every 5 min.
200243,"Insufficient Joy of Stars, please complete event tasks."
200244,Redemption is over
200245,Owned
200246,Redeemed
200247,Confirm
200248,Tap to enter and find out what interesting things are happening in the Dream City!
200249,Complete event tasks here to claim Joy of Stars to redeem great rewards.
200250,My Ranking: No.@1
200251,Number of Redemptions:
200252,Share today's Paradise secret message
200253,"Share with friends to fill out, and both of you can receive Joy of Stars."
200254,Use Paradise Secret Message
200255,Enter your friend's Paradise secret message to receive Joy of Stars (limited to one for a single person).
200256,Use Paradise Secret Message
200257,Paradise Secret Message
200258,Paradise secret message shared by your friend:
200259,You can receive rewards by using the secret message shared by your friend.
200260,The Paradise secret message has expired.
200261,Please try other valid Paradise secret message.
200262,Successfully entered paradise secret message
200263,Congratulations on obtaining Joy of Stars!
200264,Joy of Star
200299,Reserve 200200~200299
200300,Reserve 200300~200399
200301,"1. To participate in the challenge and have your map scores counted, you need to tap [Challenge Now] on the event page.
2. Challenges are normally available on weekends, and adjustments may be made to the event schedule during holidays.
3. You can practice on the map as soon as it's published. But please note that practice scores do not count as the official challenge score.
4. After completing event tasks, rewards will be automatically sent to you via mail. Please remember to check it.
5. It's not allowed to use scripts, cheats, or other auxiliary tools during the challenge. Once detected, your abnormal scores may be canceled, and there is a risk of being banned."
200310,Who's the king of racing?
200311,"The map will be released one day before the challenge, so that you can practice ahead of time."
200312,Challenge starts in: @1
200313,Grand Prize of This Week: @1
200314,Pre-registration Challenge
200315,Reward
200316,Ranking
200317,"Successfully pre-registered! Currently, there are <font size='36'>[color=#FFF29D]@1 people[/color]</font> registered for the challenge."
200318,Unlocks after the first challenge.
200319,Refresh
200320,Your operation is too frequent. Please try again later.
200321,Start Practice
200322,Challenge Map: [@1]
200323,Complete the first challenge to get bountiful gifts immediately.
200324,Challenge Now
200325,"You haven't downloaded the map, unable to challenge. Do you want to download the map?"
200326,Download
200327,Cancel
200328,Best Result:
200329,Server Rank:
200330,Next Reward
200331,Claiming Condition: Complete @1 challenges
200332,Claiming Condition: Clear in @1
200333,Current Progress: @1/@2
200334,Current number of qualified players: @1
200335,Mystery Giftbox
200336,Skin Giftbox
200337,"You have already obtained all the rewards for this week.
Keep challenging and aim for the Ranking List!"
200338,Challenge Now
200339,First Challenge
200340,Challenge Task
200341,Achievement Reward
200342,Game version is too low. Please update to the latest one.
200343,The event is not available yet. Please stay tuned.
200344,Challenge ends in: @1
200345,Claiming Condition: Kill @1 persons
200346,"You haven't downloaded the map, unable to challenge. Do you want to download the map?"
200347,Kill @1 persons
200348,Go to Practice
200349,Rules
200350,Your operation is too frequent. Please try again later.
200351,The rewards above will be automatically sent to you via mail. Please check your mailbox in time.
200352,Not cleared yet
200353,You need to make a pre-registration on your phone.
200354,"""Mini World"" would like to access your calendar"
200355,Are you sure to allow Mini World to access the calendar? Permissions will be used to remind you of weekly bonuses/events.
200356,"""Mini World"" would like to access your calendar"
200357,"Specifically includes reading, writing, or deleting schedules, and permissions will be used to remind you of weekly bonuses/events."
200358,Remaining Lucky Draw Attempts
200359,Unlocks after the first challenge.
200360,No more draws left.
200361,Friends Ranking List
200362,Server Ranking List
200363,Rank
200364,Nickname
200365,Completion Count
200366,Best Record
200367,@1 times
200368,Add Friends
200369,"You don't have any friends yet, unable participate in the Friends Ranking List!"
200370,The server is busy. Cannot search at the moment.
200371,"#cff9c33@1#n invites you to join the weekend challenge event!
#n
My challenge score: #cff3c43@2#n
#n
Let's see if you can beat me!"
200372,"#cff9c33@1#n invites you to join the weekend challenge event!
#n
Please update to the latest version"
200373,"Abnormal data, unable to draw for now."
200374,"Congratulations, you've won @1x@2!"
200375,No.@1
200376,"[Tasks]
1. Tasks are divided into weekly tasks and seasonal challenge tasks. Complete tasks to get EXP, level up your Battle Pass, and receive corresponding item rewards.
2. Weekly tasks can be completed repeatedly, and the EXP will be automatically issued after completion.
3. Weekly tasks have an EXP limit. If your weekly EXP does not reach the limit, the remaining EXP will be carried over to the next week (up to 8000).
4. Season challenge tasks cannot be repeated. After completing them, you need to manually claim the EXP.

 [Rewards]
1. At the end of the season, Season Pass levels and rewards will be reset. Please claim your rewards in time. Once expired, you will not be able to claim them.
2. Season Pass Points can be redeemed for items in the Redemption Shop. At the end of the season, Season Pass points will not be cleared, and they can be accumulated until the next season.

 [Purchase Season Pass & Levels]
1. Purchase the Season Pass to unlock more rewards; purchase EXP pack to directly upgrade to level 40.
2. The max level for the Season Pass is 300. After reaching the max level, you won't be able to gain or purchase EXP.

 [Ranking List]
1. The Friends Ranking List is based on the level of the Season Pass. Players of the same level will be ranked by their accumulated EXP.
2. The Daily EXP Ranking List is based on the Season Pass EXP gained by all players in the server on the current day.
3. When there are too many players checking the Ranking List, there may be a slight delay in data refresh. You can check again later."
200377,@1 points
200378,Win @1 times
200379,Not completed yet
200380,Claiming Condition: Reach @1 points
200381,Claiming Condition: Survive @1
200382,Claiming Condition: Win @1 times
200399,Reserve 200300~200399
200400,The event is over. Thank you for participating!
200401,Available at @3 on @1/@2
200402,Current Cumulative Log-in: [color=#fffb78]@1 days[/color]
200403,Can be claimed at Lvl @1
200404,Unlock after logging in for @1 days
200405,Recall @1 teammates
200406,The Lucky Draw has not started yet!
200407,No Lucky Draw attempts!
200408,Next Match Time: [color=#FAF041]@1/@2 @3:@4-@5:@6[/color]
200409,The next stage will begin on [color=#FAF041]@1/@2[/color]. Please stay tuned.
200410,@1/@2-@3/@4
200411,Outside of the top 10000
200412,"Loading, please wait..."
200413,Stage 1:
200414,Bustling Brawl: Millions of Mini Coins are waiting for you
200415,Event Points:
200416,Chance of winning:
200417,"The higher your event point, the greater the chance of winning a large amount of Mini Coins."
200418,Lucky Draw
200419,Remaining Attempts:
200420,Start Lucky Draw
200421,My Points:
200422,Current Rank:
200423,Point Rank
200424,Reward
200425,Stage 2:
200426,Try to challenge the Ranking List and get Mini Coins as rewards
200427,Glory Point
200428,Glory Rank
200429,Player's Nickname
200430,You didn't make it onto the Ranking List.
200431,"During the event, you can receive rewards by accumulating specified log-in days and reaching a certain energy level."
200432,Energy Level
200500,"You're a step late, someone has already helped. Please refresh the list!"
200501,Insufficient number of character cards!
200502,Someone has already helped!
200503,Number of Redemptions: @1/@2
200504,"Matching timeout, please try again!"
200505,Max attempts of help provided today have been reached. Please come back tomorrow.
200506,Please enter the correct player ID.
200507,Please select the character card you need help with!
200508,Today's Number of Requests: [color=#FFF10F]@1[/color]/@2
200509,"After receiving help, you can obtain 1 character card. Tap this button to cancel the help."
200510,Today's help attempts: [color=#FFF10F]@1/@2[/color]. You will receive 1 new character after providing help.
200511,@3/@2/@1 @4
200512,No help info received yet. Let's check out the anniversary party first.
200513,No help info found
200514,No help record yet.
200515,No help records found
200516,Join Party
200517,Claim Character Card
200518,"Requesting for help
can also earn you character cards"
200519,My Character Card:
200520,Request for Help
200521,One Required
200522,Please help me. I appreciate it.
200523,Provide Help
200524,Cancel Help
200525,"1. Collect a sufficient number of character cards to redeem generous rewards.
2. Redemptions can only be made during the event. Please make sure to redeem them in time.
3. You can claim character cards every day by tapping the [Claim Character Card] button.
4. After a successful redemption, rewards will be directly issued to your warehouse.
5. There are many mini-games at the anniversary party. Be sure to check them out!"
200526,"1. You can collect character cards by logging in every day.
2. If you're missing character cards, you can request help from other adventurers to complete your collection.
3. Having more friends or encountering more adventurers will help you get help more quickly.
4. The mutual assistance list will display the most recent 20 messages, which can be searched by UID.
5. You can also provide help to other adventurers and receive character cards in return.
6. In the mutual assistance records, you can check who has helped you recently. The most recent 20 records will be displayed."
200600,
200601,"Insufficient badges, please complete event tasks to earn more."
200602,Remaining Attempts:
200603,Insufficient remaining attempts
200604,Event Time:
200605,%s([color=#64BE50]%d[/color]/%d)
200620,Dinosaur Crisis
200621,%s([color=#64BE50]%d[/color]/%d)
200622,You haven't bound the Mini Shooter character yet.
200623,Character ID cannot be empty.
200624,Event Time:
200625,Successfully used!
200626,"If you haven't installed ""Mini Shooter"" yet
you can tap the button to download and play it!"
200627,Download Mini Shooter
200628,Rewards have been issued. Please go to the Dinosaur Crisis series maps to claim them.
200629,Bound successfully
200630,Cancelled
200631,%s[color=#9CE8F8](%d/%d)[/color]
200632,You haven't completed the collab task yet. Head over to Mini Shooter and check it out!
200699,Reserve 200600~200700
200700,Reserve 200620~200700
200800,Select Mode
200801,Matching
200802,Team Match
200803,Quick Match
200804,players are currently playing
200805,Mode Selection Help
200806,Start Matching
200807,Cancel Matching
200808,Ready Reminder
200809,The captain reminds you to get ready
200810,You've been removed from the team
200811,"1. Pick your preferred mode. Once selected, you can opt for team match or quick match.
 2. Team Match: Invite friends to join the match.
 3. Quick Match: Instantly join the game with players from the current interface.
 4. All modes are set by the creator. Achievements and items can be shared."
200812,Wins
200813,Kills
200814,Match Canceled
200815,Back to Lobby
200816,Back to Team
200817,Can't invite players while matching
200818,We noticed you exited the game unusually. Would you like to reconnect?
200819,[OMG]
200820,[Nice]
200821,[Impressive]
200822,[Awesome]
200823,Invites you to team up: #cFA7A0F@1#n
200824,This map is for competitions. Please go to map details for direct matching
200825,"Matching timeout, please try again!"
201000,Reserve 201000~201100
201001,Event Task
201002,Available Points: @1
201003,Event Info
201004,Event Remaining: @1
201005,START
201006,Redeem Map Item
201007,Go Complete
201008,Claimed
201009,Claim
201010,Play event maps to complete tasks and earn points for item redemption and bonus lottery tickets!
201011,"2023 Spring Festival Map Carnival Event Info: 
1. Purchase Conditions:
2. If the adventurer does not own any items in the pack, they will need to purchase the entire pack at full price.
3. If the adventurer already has some items such as skins, custom skins, spray paints, or avatar frames from the pack, the cost will be deducted based on the price of the owned items. 4. Purchasing the entire pack will not be at full price (and of course, items already owned in the pack will not be given again).
5. Reward List & Chances:
   Mini Bean+Custom Pack: 20%
   Mini Bean+Custom Pack: 20%
   Mini Bean, Custom Pack, Dreamer Code: 100%"
201012,Item Redemption History
201013,Item Overview
201014,Item Name
201015,Redemption Time
201016,Event is over
201017,Redeem Item
201018,Slide the map or tap here to select other maps!
201019,You can choose different maps to enter the game!
201020,Tap to enter the currently showcased map
201021,"Complete specific tasks to earn points, which can be used to redeem rewards"
201022,Tap to redeem map items and lottery tickets
201023,Exclusive Item Redemption
201024,Not during event time
201025,Outdated Version
201026,The event is not available yet
201027,Current channel not activated
201028,Redeem Rewards
201029,Partake in the carnival event maps
201030,Attempts
201031,"Insufficient points, play event map games to earn more!"
201032,Start a game on the current map?
201033,Are you sure you want to use @1 points to redeem @2?
201034,Points after redemption: @1 -> @2
201035,Congratulations on getting @1!
201036,"Item claimed, tap the map game to check"
201037,Ended
201038,Event is over. No more task points by entering the game
201039,Redemption History
201040,Redeem
201041,Confirm
201042,Cancel
201043,Please select the item combination you want to redeem
201044,Points after redemption
201045,Are you sure you want to use
201046,x@1 to redeem @2?
201047,You can choose different maps to enter the game!
201048,Slide the map or tap the switch button to select other maps!
201049,"Tap here to enter the currently showcased
 map"
201050,"Complete specific tasks to earn 
points, which can be used to redeem rewards"
201051,"Tap to redeem map items
 and lottery tickets"
201052,"Exclusive map items you redeemed will be given when you enter that map.
This page shows only the most recent 20 exchange records"
201053,Tips
201054,Daily Repeat Remaining Time: @1s
201055,Not Limited
201056,Completed: %d
201057,Daily Repeat
201058,Once Only
201059,Insufficient lucky draw points
201060,Obtain Point x@1
201061,Tap the screen to continue
201062,Pre-registration Rewards
201063,Number of Pre-registrations:
201064,Pre-registration is successful and added to favorites
201065,You haven't set your Wished Rewards. Please set one first
201066,Wished Rewards
201067,Select your Wished Rewards for a chance to obtain them from Points Draw
201068,The exclusive Map Items you exchanged will be provided when you enter the map
201069,Prize Pool
201070,Check all rewards
201100,Reserve 201000~201100
233001,Event Reviewing:
233002,Awaiting Event Review
233003,Event to be modified:
233004,Entry doesn't meet event rules. Please try modifying it before resubmitting
233005,In Preliminary Round:
233006,"Reviewed, advancing to the preliminary round"
233007,In Finals:
233008,Your entry has made it to the finals
233009,Select Event
233010,Fill in the required info for a smoother game!
233011,Entry Screenshots
233012,10-600 characters required
233013,QQ Number
233014,Please enter your QQ number (optional)
233015,(3~5 images)
233016,Do you wish to withdraw from the event?
233017,Map creation date should be after @1/@2/@3
233018,Details>>
233019,Confirm to partake
233020,Your entry has been submitted. You can modify it again when the event is over
233046,Let me lead you to start playing
233060,"Click on the items in the backpack, and then click the box in the shortcut bar, you can carry the items with you to place and use."
233064,Casual | Battle | Parkour | Decryption and other game maps
233065,Experience sandbox adventure and creative mode
233066,Very familiar with sandbox gameplay
300000,
300001,Resource
300002,Project
300003,Mine
300004,Store
300005,Tap to search
300006,Switch to Survival
300007,Default Category
300008,Please move or download resources here first
300009,KB
300010,MB
300011,Can't put in shortcut bar
300012,Cannot edit resources when online
300013,Cannot manage resources when online
300014,Cannot edit resources when playing other people's maps
300015,Cannot manage resources when playing other people's maps
300016,Selected by source
300017,Selected by type
300018,Preview
300019,File Information
300020,Add Shortcut Bar
300021,Select a folder to move to
300022,New folder
300023,Item
300024,Move succeeded
300025,Synchronization succeeded
300026,Download succeeded
300027,The imported plug-in will take effect only after you re-enter the map. Please re-enter the map.
300028,New menu
300029,Import external model
300030,Props Intro.
300031,Don't remind the next pop-up in the last seven days
300032,Developer College Hyperlink
300033,Item Description
300034,"Place it on the ground, tap to create actions, and use standard human figures to create any animation. At last, you can use the completed action in the Star Factory!"
300035,Don't remind the next pop-up in the last seven days
300036,Developer College Hyperlink
300037,Can't View. Resource is not downloaded.
300038,Minimum Crafting tool
300039,Image Size
300040,:
300041,Tap to search
300042,Recent Searches
300043,None
300044,New!
300045,Please select the resource
300046,New
300047,MultiSelect
300048,Action combination
300049,Unnamed
300050,This resource is temporarily unavailable for editing
300051,"Exceeded the maximum number of shortcut bars, and the first 8 items have been added to the current shortcut bar"
300052,Resource not downloaded
300053,Successfully added
300054,The resources in the plug-in package cannot be deleted
300055,Instructions
300056,"Welcome to the brand new Resource Backpack! In the new version, the original plugin library, resource center, and backpack have been integrated into the resource backpack, making it more convenient to find, use, edit, and manage resources. 1. The left tab can be #cfa7a0fdragged up and down to switch pages#n, with the interface on the second page and the model on the third page. 2. Three libraries can be switched at the top center: Projects, Mine, and Resource Workshop. 3. On mobile devices, after #cfa7a0fselecting the resource and tapping it#n, you can enter edit mode. Long press the resource to quickly manage it. 4. On PC, you can enter edit mode by #cfa7a0fselecting the resource and clicking the pen icon#n or #cfa7a0fright clicking without selecting the resource#n. 5. On PC, place the mouse over the resource and press the corresponding key on the Quick Bar to quickly place it. Hold Shift and click to quickly pick up multiple resources. 6. Among the color bars beneath the resource card, green indicates official editable content, purple indicates modified, gray indicates uneditable content, orange indicates custom content, and blue indicates downloaded resources. If you have any suggestions, feel free to use the feedback feature in the map settings to submit your feedback."
300057,Intend to import the following resources into the map:
300058,Intend  to import the following plug-in packages into the map:
300059,You need to re-enter the map to take effect when deleting or restoring the plug-in.
300060,"You need to re-enter the map to take effect when importing plug-in resources,"
300061,Please select the prop you want to add
300062,Upload maps
300063,Revoke approval
300101,Unable to edit currently selected target!
300102,Target does not support scaling and cannot be operated!
300103,Run
300104,Edit
300105,Box Selection
300106,Choose
300107,Switch function
300108,Brush shape
300109,Brush settings
300110,Toggle fill
300111,Line of sight settings
300112,Fill
300113,Delete
300114,Replace
300115,Smooth
300116,Three-Dimensional
300117,Cylinder
300118,Sphere
300119,Plane Quadrilateral
300120,Flat Circle
300121,Two Point Connection
300122,Two-Point Connection
300123,Expand
300124,Resource library selection
300125,Object list
300126,Object not displayed
300127,Object Display
300128,Rearrange
300129,Smooth
300130,Constituency
300131,Will convert to advanced editing mode
300132,Will convert to basic edit mode
300133,Basic Edit Mode
300134,Advanced editing mode
300135,Basic editing mode is the original editing tool
300136,Advanced editing mode is a more powerful editing mode
300137,Edit mode Convert online mode and others' maps cannot be used
300138,Online and others maps are not available
300139,Deselect
300140,Canvas
300141,Number of codes
300142,123
300143,You
300144,Hello!
300151,value
300152,Game logic
300153,mathematics
300154,group
300155,timer
300156,interface
300157,Graphic information
300158,organize
300159,Add notes
300160,empty
300161,paste
300162,C&P
300163,Copy
300164,Add notes
300165,Remove comments
300166,delete
300167,trigger
300168,Add Template
300169,Add code
300170,Digital input
300171,Character input
300172,store
300173,Block type
300174,Type of projectile
300175,Animated Face
300176,Effect Type
300177,Sound Effects
300178,Homemade
300179,numerical value
300180,String
300181,code description
300182,Jump definition
300183,"This code has a reference relationship with the following code, please delete it carefully:"
300184,block reference code
300185,Confirm emptying the canvas?
300186,Activate
300187,Closing Instructions
300188,Homemade code name cannot be repeated
300189,Homemade code name cannot be empty
300190,Parameter name cannot be empty
300191,Parameter names cannot be repeated
300192,programming code
300193,Please select the code to view the operation information
300194,code filtering
300195,"When any event fires, if all conditions are met, the actions are executed in sequence."
300196,message
300197,broadcast
300198,Hello
300199,Disabled
300201,% D (% d/% d)
300202,Stack:
300203,Advanced
300204,Advanced Mode
300205,Return
300206,Build
300207,Delete mode
300208,Click to delete directly
300209,zoom
300210,Create area
300211,Create location
300212,Create a creature
300213,Create a dashboard
300214,Press and hold to swipe to create an area
300215,Click on the ground to create a location
300216,Click on the ground to create a creature
300217,global trigger
300218,Developer Store
300219,Reset shape
300220,2D
300221,straight line
300222,surface
300223,solid
300224,X-axis mode
300225,Z-axis mode
300226,Y-axis mode
300227,point
300228,line
300229,face
300230,stairs
300231,Long press continuous operation
300232,Long press to pull out a straight line
300233,Tap the screen again to switch vertically
300234,Keyboard R switchable vertical
300235,Long press the surface of the square and drag it.
300236,Long press to create cube
300237,Long press and drag the brush shape to adjust the size.
300238,
300239,Long press to create sphere
300240,Long press to create cylinder
300241,Long press to create cylinder
300242,magic wand
300243,Cancel the constituency
300244,Stack:
300245,Start playing
300246,Reset mode
300247,Reset shape
300248,color
300249,geometry
300250,Number of layers:
300251,trigger
300252,No search results
300253,Please select the interface to set first
300254,NPC
300255,"Deletion failed, you must keep at least one visible trigger group."
300256,Not found in the event
300257,Missing parameters need to be filled in
300258,"No search results, please try different keywords."
300259,Please add the event code before selecting
300260,Assignment
300261,data storage
300262,"#cF63D3D ""!"" red parameter #n missing needs to be filled in"
300263,"#cFF9900 ""!"" The orange parameter #n not found in the event"
300264,Return value
300265,local trigger
300266,comment
300267,global annotation
300268,Please enter a comment...
300269,Code Description
300270,Resource not found
300271,Trigger: @1%
300272,Trigger Number
300273,"Deletion failed, you must keep at least one trigger group."
300274,No tips
300275,No tutorial
300276,New Blank Group
300277,Tap to reload
300278,My Template
300279,Recommended Template
300280,Modified
300281,Template Name
300282,Description
300283,Trigger Structure
300284,Place it into scenario to create tangibles.
300300,Click or long press and drag to build
300301,Click or long press drag to delete
300302,Undo successful
300303,Recovery successful
300304,Click to get scene target
300305,Brush mode
300306,Select scene object for editing
300307,Click to select multiple similar targets
300308,Drag and drop to create in the scene
300309,Click Create in the scene
300310,Hide areas/locations/biological points in the scene
300311,Display areas/locations/biological points in the scene
300312,Reset mode
300313,"Control the character to run the game from a first-person perspective!
Triggers and script logic will be executed!
Click Stop in the lower left corner to return to continue editing the map!"
300314,Long press the box to select the area
300315,biological properties
300316,Demo mode description
300317,Long press and drag the curve
300318,Long press and drag a straight line
300319,Long press and drag the same plane
300320,Long press and drag to connect the plane.
300321,Long press the drag shape
300322,Click the screen to switch to vertical drag and drop
300323,R key toggle vertical drag
300324,"Drag and drop the shape to adjust the size, click the shape to confirm."
300325,Fill mode
300326,Alternative mode
300327,Long press and drag to select the selection
300328,Select the square that needs to be replaced and click Shape Replace
300329,"Click on the shape to copy, drag and drop the surface to stack"
300330,"Drag the shaft to move, click Shape Confirm"
300331,"Click to select the model workbench, which can be placed on the ground to edit the miniature model"
300332,"Click to select the prop model workbench, which can be placed on the ground to edit the prop model"
300333,"Click to select the biological model box, which can be placed on the ground to make a biological model"
300334,"Click to select the custom model maker, which can be placed on the ground to make custom models"
300335,"Click to select the miniature combiner, use combinable blocks, and miniatures"
300336,Non-reset mode
300337,Reset map
300338,Do not reset map
300339,Function
300340,All
300341,Filtered
300342,Convert to object
300343,Currently no object point + add object
300344,Global
300345,Partial
300346,Interface
300347,Block Answer
300348,Programming Object
300349,Hidden
300350,The original author has been hidden
300351,No permission to switch
300352,Generate Answers
300353,Tip
300354,View Tutorial
300355,Tap to try again
300356,Tap to replay
300357,Loading failed
300358,Please select the object and place it
300359,Audio Type
300360,@Null@
300361,Develop
300362,Drops
300363,Convert to Develop Mode
300364,"Maps can be opened in Develop Mode after being converted. The conversion will overwrite the original map, please backup first."
300365,Select Initial Map
300366,All Templates
300367,Terrain Template
300368,Gameplay Template
300369,Converted
300370,Convert
300371,Random Terrain
300372,Randomly generated terrain
300373,Canvas
300374,White Flat Terrain
300375,Waters
300376,Vast Ocean
300377,Flat Grassland
300378,Flat Grassland Terrain
300379,Floating Island
300380,Only a small open ground
300381,Floating Island Forest
300382,Adventure Floating Island Terrain
300383,"Conversion failed, please back up the map first."
300384,Island
300385,Island Map
300386,Forest
300387,Forest Map
300388,Party Game
300389,Party Map
300390,Guard the Vegetable Garden
300391,Vegetable Garden Map
300392,Tree Parkour
300393,Parkour Map
300394,View References
300395,Please select the left page
300396,Selected @1 categories
300397,Select at least 1 page
300398,Natural
300399,Dev Mode(Ori.)
300400,"This shape cannot be used to place creatures, please switch to [Drop-down Box]"
300401,"This shape cannot be used to place drops, please switch to [Drop-down Box]"
300402,Dev Mode(Ori.)
300403,Fill Brush
300404,Delete Brush
300405,Replace Brush
300406,Frame Brush
300407,Drop-down Box
300408,Curve
300409,Straight Line
300410,Shape:  Ball
300411,Shape:  Hollow Ball
300412,Shape:  Cube
300413,Shape:  Hollow Cube
300414,Shape:  Cylinder
300415,Shape:  Hollow Cylinder
300416,Shape:  X Axis Stair
300417,Shape:  Y Axis Stair
300418,Shape:  Z Axis Stair
300419,Stretch Surface:  Color
300420,Stretch Surface:  Geometry
300421,"This shape cannot be used to place Miniature Combination, please click to place it"
300422,Send broadcast
300423,Parameter
300424,The message name cannot be repeated
300425,The message name cannot be empty
300426,Whether to enter the room with ID @1
300427,The room is full. Failed to enter the room.
300428,Unable to teleport. You are already in this map.
300429,"Server request failed, please try again later."
300430,You're being too fast! Please retry after @1s
300431,Unable to teleport. You are already in this room.
300432,The map was not found
300433,Or
300434,And
300435,And
300436,Pixel
300437,Select
300438,Selected ID
300439,Save new template
300440,Apply to Instance
300441,Restore to template
300442,Edit template
300443,Apply to template
300444,Entity
300445,
300446,
300447,
300448,
300449,
300450,
300451,
300452,foundation
300453,decoration
300454,how to play
300455,
300456,
300457,
300458,
300459,
300460,
300461,
300462,
300463,
300464,
300465,
300466,
300467,
300468,
300469,
300470,
300471,
300472,
300473,
300474,
300475,
300476,
300477,
300478,
300479,
300480,
300481,
300482,
300483,
300484,
300485,
300486,
300487,
300488,
300489,
300490,
300491,
300492,
300493,
300494,
300495,
300500,Motion Device
300501,Motion Preview
300502,Stop Preview
300503,Gravity
300504,Edit
300505,Edit Gravity
300506,Mover Name
300507,Sports Type
300508,Straight Line
300509,Circumference
300510,Swing
300511,X-axis Speed
300512,Y-axis Speed
300513,Z-axis Speed
300514,X-axis Angle
300515,Y-axis Angle
300516,Z-axis Angle
300517,Running Time
300518,Running Distance
300519,Initial Waiting
300520,Loop
300521,Return the same way
300522,Wait after arrival.
300523,Wait after return
300524,Received broadcast start
300525,Received broadcast ends
300526,Start
300527,Start now
300528,Received broadcast start
300529,Start of the last motion
300530,The last motion ended
300531,Trampoline
300532,Air cushion
300533,Elasticity
300534,Motion Set
300535,Rebound
300536,Speed
300537,Center
300538,Are you sure you want to delete the motion device?
300539,This component cannot be deleted
300540,"Component already exists, add repeatedly"
300541,"Enumeration data error, quantity 0"
300542,The component is full and cannot continue to be added.
300543,Quick settings
300544,Whole model
300545,X-axis front
300546,X-axis opposite
300547,Y-axis front
300548,Y-axis opposite
300549,Z-axis front
300550,Z-axis opposite
300551,Restore to default
300552,Relative Space
300553,Partial
300554,World
300555,Return
300556,Don’t Return
300557,Return to Starting Point
300558,Time of Returning to Starting Point
300559,Connect the Start with the End
300560,Copy
300561,Delete
300562,Bind
300563,Unbind
300564,Combination
300565,Disassemble
300566,Edit
300567,Adjust to the bottom of the node
300568,Adjust to above the node
300569,Become its sub-node
300570,Please select the object to bind
300571,Can't bind yourself
300572,The parent node has added components. Do you need to keep the parent node?
300573,Saved as a new template
300574,Template saved successfully
300575,Empty template
300576,New template
300577,Cannot loop over the entity template itself
300578,Composite entity
300601,Physics
300602,Physical Type
300603,Movable Object
300604,Static Object
300605,Region
300606,No Physical Effect
300607,Collision box
300608,Follow Model
300609,Cube
300610,Sphere
300611,Capsule
300612,reduced surface
300613,Physical material
300614,Quality
300615,Resistance
300616,Angular drag
300617,Enable Gravity
300618,Static Friction
300619,Dynamic Friction
300620,Elasticity
300621,Collision box size
300622,Central location
300623,Radius
300624,Height
300625,Collision event
300626,Collision message
300627,Enter message
300628,Quit message
300629,"You need to turn on the player's advanced physics to make the player collide with the moving entity. Do you want to turn it on? (In the early experience, it can be turned off in the gameplay settings - player)"
300630,Physical Settings
300631,Player Advanced Physics
300632,"After turning it on, the player will collide with the moving entity, and more gameplay can be done (in the early experience, there may be some instability)"
300633,Please turn off the Player Advanced Physics first
300634,Please turn on the player-to-player collision first.
300640,Free Zooming
300641,Overall Zooming
300642,Zoom
300643,X-axis Zoom
300644,Y-axis Zoom
300645,Z-axis Zoom
300646,Multi-Path
300647,Path
300648,The number of waypoints has exceeded the limit
300649,Confirm deletion of this waypoint?
300650,Solid color
300651,Material group
300652,Material
300653,Color group
300654,color
300655,model
300656,
300657,
300658,
300659,
300660,
300661,
300662,
300663,
300664,
300665,move
300666,zoom
300667,spin
300668,isometric scaling
300669,
300670,
300671,
300999,
301000,Edit
301001,World
301002,Player
301003,Rules
301004,Interface
301005,Data
301006,Falling Damage
301007,Auto spawn monsters
301008,Reset the Map
301009,"1. If you leave [Reset] map, the map will be restored to its original status the next time you return. 2. If you leave [non-resettable] map, the next time you return to the same save or the same host room, the map will remain as it was."
301010,Speed-up World
301011,Little Elf
301012,Chinese Style
301013,Battle
301014,Lonely God
301015,Puzzle Time
301016,Blast
301017,Soccer Field
301018,Top-down View
301019,Custom View
301020,Use Item
301021,Can take damage
301022,Collect Items
301023,Drop Items
301024,Mount
301025,Weapon Skin Bonus
301026,Allow skill to take effect
301027,Display All
301028,Show images only
301029,Show texts only
301030,Unlock Method
301031,Start
301032,Cannot disable mid-game join when start
301033,Countdown
301034,End Settings
301035,Time Mode
301036,Time Limit
301037,When time is up
301038,High-scoring team wins
301039,All Win
301040,All Lose
301041,Score Mode
301042,Score Requirement
301043,HP Mode
301044,Limited HP
301045,Close Spectator
301046,Round Settings
301047,Respawn Time
301048,Respawn Protection
301049,Respawn Location
301050,Random Team Spawn Point
301051,Nearest Team Spawn Point
301052,Polluted Area Mode
301053,Initial Safe Radius
301054,Initial Safety Time
301055,Team Settings
301056,Number of Teams
301057,Team Assignment
301058,Server Room Players
301059,System Recommendation
301060,Team Permissions
301061,Team Initial Attribute
301062,Team Initial Items
301063,Team Initial Appearance
301064,Interface Info
301065,Players on mini-map
301066,Display Crosshair
301067,Defeat Broadcast
301068,Display HP Bar
301069,As server map
301070,"1. When this option is enabled, the map will become a server map. Players can only play through server rooms. They cannot download the map or create rooms to play. 2. When this option is enabled, the save list outside the map will display the ""Server Debug"" option. Before publishing the map, it's necessary to use this feature to test the proper functioning of triggers and other features on the server."
301071,Default Music
301072,No music
301073,Up to 10 parameters can be used
301074,"Once enabled, there is no way to go back. Players can only play through server rooms. They won't be able to download or host their own rooms. Please choose with caution"
301075,Scene Info
301076,Quick Bar
301077,ATK/DEF
301078,Level/EXP
301079,SE
301080,Unlock when enough players joined
301081,Visible to your team
301082,Visible to the enemy team
301083,Display Your Damage
301084,Team Damage
301085,Interaction between Players
301086,Attribute Bonus
301087,Save Map Data
301088,Ranking List
301089,Display Ranking List
301090,Set Ranking List
301091,Name
301092,Applicable Range
301093,The Ranking List data in the room is refreshed in real time. The server Ranking List is refreshed every 10 min.
301094,In the room
301095,All Servers
301096,Sort By
301097,Score
301098,Defeat Count
301099,Be Defeated Count
301100,Private Variable
301101,Sort By
301102,Large to Small
301103,Small to Large
301104,Not Sorted
301105,Classification basis
301106,Individual
301107,Team
301108,Team plus Individual
301109,Select Icon
301110,You can only select server variables for the server Ranking List
301111,The number of ranking list has reached the limit of @1
301112,Select Variable
301113,Value Private Variable
301114,Scores can be customized in the rules scoring settings. Scoring can be based on defeating a certain number of creatures or players. Players will be automatically scored when they are defeated.
301115,Please set the Ranking List in Gameplay - Ranking List
301116,Total Members
301117,No one's made it onto the Ranking List yet
301118,Loading the Ranking List...
301119,Please switch to gameplay mode and open again
301120,Only show yourself
301121,Individual Ranking List can be unlocked
301122,Map Type
301123,Server Map
301124,General Map
301125,"#cff0000Once a server map is publicly uploaded, this option cannot be modified.#nOnce a server map is selected, the map will be distributed to players in an online server. Players do not need to download the map to play it. When the map is updated, players will automatically play the latest version. The gaming experience will be more stable when playing. All players will play in server rooms without any hosts."
301126,"Select a general map. The map will be distributed as a save file. Players can download the map, and their data will be stored locally. If the map is updated, players need to manually re-download it to view the changes. Players can also use the saved local map to create custom rooms and become the host."
301127,Learn more>
301128,Maps cannot be modified after being uploaded
301129,Hit Protection
301130,Global Shadow
301131,Auto Shoot
301132,"When enabled, players on this map will have assisted aiming, auto shooting, and auto reloading functions as long as they're equipped with a gun (only for mobile devices)"
301133,"After closing, players and creatures on this map will be exposed to damage, and the injury rate will increase significantly."
301134,"After closing, you can turn off character shadows for the entire map, including real-time shade."
301135,"The distance is too far, unable to connect."
301136,This configuration is only effective when published as a map
301137,Cost of Continued Exploration
301138,Incrementing
301139,Not Incrementing
301140,Drop Package
301200,
301201,Skybox Settings
301202,Template
301203,Sky Texture
301204,Sun Texture
301205,Moon Texture
301206,Time Lapse Multiplier
301207,Sky (@1)
301208,Sky Illumination Color
301209,Ambient Light Color
301210,Sun (@1)
301211,Size
301212,Illumination Color
301213,Moon (@1)
301214,Star (@1)
301215,Density
301216,Cloud (@1)
301217,Movement Speed
301218,Height
301219,Color
301220,Fog (@1)
301221,Closest Distance
301222,Furthest Distance
301223,Environmental Particle Settings
301224,Particle Texture
301225,Range
301226,Intensity
301227,Speed
301228,Direction
301229,X
301230,Y
301231,Irregularity
301232,Filter Settings
301233,Color
301234,Color
301235,Contrast
301236,Saturation
301237,Color Correction
301238,Floodlight
301239,Exposure
301240,Volume Light
301241,Gamma
301242,DOF
301243,Color Plate
301244,RGB
301245,Hexadecimal
301246,Favorite
301247,Sky Top Color
301248,Sky Mid Color
301249,Sky Bottom Color
301250,Sun Color
301251,Moon Color
301252,Edit
301253,Modified
301254,Advanced Settings
301255,Template Name
301256,Critical Time
301257,Default Sky
301258,Default Filter
301259,Default
301260,"After resetting, all current template data will be restored to default values. Proceed?"
301261,"After selecting the sky texture, the modification of the color parameters of stars, clouds and sky will be invalid."
301262,Select Image
301263,Dreamy Pink
301264,Ice Blue
301265,Crimson
301266,Poison Green
301267,Wasteland Yellow
301268,Sci-fi Gray
301269,Cartoon Style
301270,Natural Transition
301271,Cold Tone
301272,Warm Tone
301273,Cartoon
301274,Night Vision
301275,Reverse
301276,Cartoon
301277,Night Vision
301278,Sunrise Yellow
301279,Haze Blue
301280,Light Red
301281,Memory Gray
301282,Monochrome
301283,Cyan
301284,You need to turn on Active Sky in the settings for it to take effect
301285,Skybox
301286,Filter
301287,Enabling volume lighting may lead to performance issues. Please use it with caution.
301288,Film
301289,Image Brightness
301290,Dark
301291,Bright
301292,Black Tone
301293,Sound Effect
301294,Player Steps
301295,The player is attacked
301296,Creature
301297,Item
301298,Durability
301299,None
301300,Repository
301301,Processing
301302,Stealth
301303,Sprint
301304,Collide
301305,EXP
301306,None
301307,Battle Settings
301308,Knockback
301309,Star Mode
301310,Level Mode
301311,Charging Special Effect
301312,Unleashing Special Effect
301313,Target hit special effect
301314,Unleashing Sound Effect
301315,Hit Sound Effect
301316,Hide Projectile
301317,Hide
301318,Open One
301319,Open All
301320,Resources cannot be synchronised to the repository in the learning only template
301325,"The detail page shows the entrance of single player game, the data of single player mode is not interoperable with the data of server room"
301326,Detail page shows the single player game entrance
301327,Allow single player mode
301328,Mode Settings
301329,"More tools, new gameplay."
301330,Allow to turn on recording
301331,Players can turn on the video recording function in this map to generate a video save.
301332,Click to continue viewing the tutorial
301333,Battle Mode
301334,Old
301335,New
301336,New Version Battle
301500,
305000,
305001,Room Button
305002,Chat Button
305003,Photo Button
305004,Share Button
305005,Red Packet
305006,Display Animations
305007,Hide Animation
305008,Animation
305009,Text Animation
305010,Text Style
305011,Unit Template
305012,Select
305013,Selected @1
305014,Style
305015,Sort
305016,Logic
305017,Template
305018,Interact
305019,Font Size
305020,Stroke
305021,Shadow
305022,Opacity
305023,Align Texts
305024,Advanced
305025,Distance
305026,Angle
305027,Center
305028,Upper Left
305029,Center Left
305030,Lower Left
305031,Upper Middle
305032,Center
305033,Lower Middle
305034,Upper Right
305035,Center Right
305036,Lower Right
305037,Foremost
305038,At last
305039,Forward
305040,Backward
305041,Move to back/front
305042,Alignment and Distribution
305043,Fixed Horizontal Spacing
305044,Fixed Vertical Spacing
305045,Rotate
305046,Angle
305047,Horizontal Flip
305048,Vertical Flip
305049,Zoom Mode
305050,"When deleting a unit, its subunit will also be deleted"
305051,Have
305052,None
305053,Thick
305054,Thin
305055,Width
305056,Height
305057,Colorful
305058,Default
305059,Title
305060,Subtitle
305061,Text
305062,Colorful Text
305063,Mini World
305064,Horizontal
305065,Vertical
305066,All
305067,Linear Transformation
305068,Up
305069,Down
305070,Left
305071,Right
305072,Scaling
305073,Nine-grid Slicing
305074,Margin
305075,Absolute Size
305076,Parent element dimensions
305077,Parent Unit Width
305078,Parent Unit Height
305079,Absolute Location
305080,Relative Parent Unit
305081,Centered
305082,Left
305083,Right
305084,Up
305085,Down
305086,Switch to Snap Mode
305087,Enable Moving Canvas Mode
305088,Add a block
305089,Add a block template
305090,Save as a template
305091,Trigger Group Template
305092,"Once saved, you can use them in ""Custom - My Template,"" for higher programming efficiency"
305093,"Save successful, click ""Add Group"""
305094,View
305095,My Template
305096,Are you sure to delete this template?
305097,Delete
305098,Cancel
305099,Template is empty
305100,"You can save in ""Trigger Group - More - Save Template"""
305101,Description
305102,The template name cannot be empty
305103,Detailed Info
305104,Image Violation
305105,Status
305106,HP
305107,Status Bar
305108,Hunger
305109,Oxygen
305110,Item
305111,EXP
305112,Item Bar
305113,Operation Panel
305114,Joystick
305115,Jump
305116,Stealth
305117,Interactivity
305118,Mount
305119,Sight Bead
305120,Score Area
305121,Scoreboard
305122,Time
305123,"Network connection poor, please re-enter."
305124,"Words violation, please re-enter."
305125,Translucent Mask
305126,Click on Mask to close the interface
305127,Close
305128,No effect
305129,Edit
305130,The template has been changed. Is it applied to all objects?
305131,Else if
305132,Else
306000,
306001,"Once all players have joined the game, the countdown to the start of the game begins. When the timer runs out, the game officially commences and this event is triggered."
306002,"Detect if new players have entered the map; as soon as a new player arrives, this event gets triggered."
306003,"Whenever a player clicks on any block, this event is triggered, and it provides the coordinates of the clicked block. This can be used for features like golden touch, changing skins, or marking blocks."
306004,"When a character tosses a projectile, the event is triggered. Note that simply switching the held item to a projectile does not activate this event."
306005,"After a designated creature is spawned, this event is triggered. This can be used to create entrance effects. For instance, summoning an Ice Spirit Guard could trigger a snowy weather effect."
306006,"When a player enters a specified area, this event is triggered. This is often utilized for crafting horror or monster-infested maps, triggering creature spawn events. Entering and leaving area events cannot trigger developer-related actions, such as playing ads, displaying the item purchase window, or opening the Developer Shop."
306007,"When players exit the designated area, the event is triggered. Please note that entering and leaving area events cannot trigger developer-related actions, such as playing ads, displaying the item purchase window, or opening the Developer Shop."
306008,"The event is triggered after a specified amount of time has passed. This can be used to create time-related features, like horror games in Ring or hourly chimes."
306009,"Switching between different movement statuses triggers the event. For instance, transitioning from a static position to movement, or performing a jump while moving, will trigger the event."
306010,"Pressing the ""W"" key on the keyboard triggers the event. This event is only effective on PC since it detects only the 26 alphabetical keys, the space bar, and the Shift key."
306011,"Throwing projectiles, attacking creatures with weapons, or engaging in hand-to-hand combat with creatures triggers the event. Note that swinging or throwing objects into the air or hitting creatures with basketballs, soccer, or bombs will not trigger the event."
306012,"The event can be triggered by actions such as throwing projectiles (including bombs) to hit creatures or engaging in melee combat. Note: Using basketballs, soccer, or bombs to hit creatures won't trigger this event."
306013,"Player getting attacked by monsters, burning in lava, experiencing suffocation, or taking fall damage will trigger the event. This event can be utilized to create impact effects."
306014,"Regardless of the type of drops, adding it to the player's quick bar or backpack will trigger the event."
306015,"Players using projectiles, firearms, food, or books can trigger the event. Note: Using basketballs or soccer won't trigger the event."
306016,Digging or using bombs to destroy blocks will trigger this event.
306017,"Used in the code for message delivery and coordinating the execution of different triggers. ""Receive Broadcast"" should be used in conjunction with ""Send Broadcast"" in the ""Action - Game Logic"" section. Once the ""Send Broadcast"" block is executed, the ""Receive Broadcast"" event will be triggered."
306018,"After the game starts, this event will be triggered every 2 seconds."
306019,The event triggers 5 seconds after the start of the game.
306020,"When the weather changes from one status to another, this event will be triggered. Because there are various weather conditions, combining conditional statements allows different actions to be taken under different weather types."
306021,"The term ""interface"" refers to UI elements. When the specified UI interface is opened, this event is triggered."
306022,Detect whether the specified button in the UI interface has been pressed and then released.
306023,Detect whether the specified button in the UI interface has been pressed.
306024,Triggered when a specified item is used. Can be used to give new combination abilities to items.
306025,"Triggered after sending specific texts in the chat box. Can be used to create in-game ""cheat codes"" like teleportation, healing, or weapon-related cheats."
306026,"This event is triggered whenever a creature is created. When combined with conditional statements, it can initialize the basic attributes of the creature."
306027,"When a creature collides with a player/creature, this event can be triggered. Combining it with special effect blocks can create collision effects."
306028,"When a player collides with another player or creature, this event can be triggered, returning the coordinates of the collided object. Combining it with special effect blocks can create collision effects."
306029,"When a player uses an emote, the event is triggered. By using conditional statements, different emotes can possess various fun abilities, such as summoning creatures or unleashing ULTs."
306030,"After a projectile hits a player, creature, or block, the event is triggered and returns the coordinates of the hit object. This can be used to create a ""spear teleportation."""
306031,"Used to set value attributes such as HP, stamina, speed, size, and ATK for specified players. This allows adjusting player attributes based on different play modes, such as increasing health or movement speed."
306032,"Can generate a specific number of creatures at a designated location, and their team color or lack thereof can be set."
306033,"Used to configure the weather conditions within the game world. While crafting your game, experiment with different weather combinations for surprising effects."
306034,"Controls the time within the game world, affecting lighting and sun position at different times."
306035,"Add a specified quantity of items to the player's quick bar or backpack, with priority given to the quick bar if there's an available slot."
306036,Teleports players to designated locations.
306037,Adjusts the gravity multiplier within the game world.
306038,"Assigns values to numerical variables, game attributes, player attributes, and creature attributes."
306039,"Sends text messages to specified players, displaying them in the form of floating windows."
306040,"Sends text messages to designated player groups, displaying them as floating windows. Player groups can consist of players within the same area, players on the same team, or even all players within the same map."
306041,"Enables the application of harmful, beneficial, neutral, or custom status to specific players. Examples include granting Lvl 5 Night Vision, inflicting Lvl 2 Freeze, or inducing Lvl 2 Polymorph."
306042,Used to control the speed of time passage within the game world.
306043,"Used for sending messages in conjunction with the ""Receive Broadcast"" event. The ""Receive Broadcast"" event is triggered once the ""Send Broadcast"" block is executed."
306044,Creates a specific projectile at location A and launches it toward location B.
306045,"Enables assigning values to ""Player Variables,"" saving the player ID triggering an event or obtaining a player ID from the function library."
306046,"Enables distinct weather conditions in different terrains simultaneously. For example, causing a dust storm in the forest, sunny weather in the plains, and snowfall in the desert at the same time."
306047,"Controls permissions such as player mobility, attacking, and vulnerability to damage."
306048,"Plays special effects at specified positions or areas, often used to create attack effects or scene guidance."
306049,"Generates specific block types at designated positions or areas, with the option to specify their orientation. For instance, creating sulfur crystal sand at position A with its jet facing east."
306050,"Immediately defeats a specified creature. For instance, when a player's attack hits a creature, the targeted creature is defeated instantly."
306051,"Sets value attributes like HP, speed, size, and attack power for specific creatures."
306052,"Allows players to open the designated UI interface, typically used for starting UI interfaces or in scenarios with multiple interfaces."
306053,Allows players to close the specified UI interface.
306054,"Sets the text content of ""Text"" and ""Input Box"" units in a UI interface. Needs to be used in conjunction with the ""Open Interface"" block. The text is displayed when the element's interface is open."
306055,Sets the orientation of player objects.
306056,Modifies the appearance of player objects.
306057,Restores the appearance of player objects.
306058,"Clears all items from the player object’s quick bar, backpack, or equipment bar."
306059,Causes players' camera to shake.
306060,"Set a destination point and make a creature object move there automatically, controlling the creature. This function has a distance limit; exceeding a certain range (about 32 blocks) will prevent it from triggering."
306061,"Replace all blocks within a specified area with a designated block, and the orientation of the blocks can be set."
306062,"Replace a specific type of block within a designated area with a specified block, and the orientation of the blocks can be set."
306063,"Clear all blocks within a specified area, without generating any drops."
306064,"Destroy all blocks within a specified area, generating drops."
306065,"Creates a blueprint building at a specified location, with the option to rotate the generated building."
306066,"Used to control the looping execution of triggers. By utilizing the ""Repeat Execution"" block, we can simplify the program and reuse code blocks, enhancing programming efficiency."
306067,"Decides whether to execute contained code blocks based on the truth or falsehood of a given condition. If the condition is true, the code blocks are executed; if false, the code blocks are skipped and execution continues downward."
306068,"Controls the runtime of triggers. Triggers generally follow a sequential structure, executing from top to bottom. When encountering a ""Wait"" block, the trigger pauses for a specified time before continuing execution."
306069,"Controls the specified number of iterations for trigger looping. If a loop contains an ""Abort"" block and the abort condition is met, the loop is prematurely terminated."
306070,"The block contains ""If"" and ""Else"" branches and executes the branch based on the provided condition. If the condition is true, the code blocks under ""If"" are executed; if false, the code blocks under ""Else"" are executed. You can add multiple condition branches by clicking the plus icon."
306071,"This block only takes effect for programs using ""Trigger Events."" It checks the truth or falsehood of the condition part within the trigger structure. If the condition aligns with the check, the program proceeds to execute the actions within the trigger."
306072,"Used to control the runtime of a program. When the program reaches this block, it waits for the conditions within the block to become true before continuing execution."
306073,"Used to terminate loop execution programs, usually used in conjunction with ""If... Then..."" blocks. In a loop, if the condition is met, the loop structure will ""Exit Loop."""
306074,"Controls whether the monitoring state of a trigger is enabled, as shown in the diagram below. If a trigger is still running while in the closed status, it won't immediately stop; it will wait until it finishes running before being closed."
306075,Can halt the execution of a segment of a trigger.
306076,Allows calling existing triggers based on event names and setting the number of times they're called.
306077,"Controls whether the monitoring status of all triggers within a trigger group is enabled. If a trigger is still running while in the closed status, it won't immediately stop; it will wait until it finishes running before being closed."
306078,Used to determine if the current in-game world time falls within a certain range or is equal to a specific value. This can be used to create time-based mechanics like clocks or controlling monster spawns based on time.
306079,Used to determine if the obtained item object belongs to a specific item type. This can be used to identify which weapon a player is using and design attack special effects accordingly.
306080,"Used for comparing values on both sides, checking if a value falls within a certain range or equals a specific value. This can be applied to numerical values, variables, and objects."
306081,Used to determine if the current weather status within the game world matches a specific weather condition. This can be combined with different skyboxes to create different atmospheres.
306082,"Used to determine if the obtained block object belongs to a specific item type. Often used to create edible miniatures, vending machines, and more."
306083,Used to determine if the current number of players in the game world falls within a certain range or equals a specific value.
306084,"Can obtain creature objects through various means and check if the obtained creature object belongs to a specific creature type. Different scores can be awarded for defeating different creatures, or distinct high attack power can be set for different creatures."
306085,Used to determine if the current gravity multiplier within the game world falls within a certain range or equals a specific value.
306086,Checks the item type the triggering player is holding when an event occurs. This can be used to create functionality where specific items need to be held to progress through designated areas.
306087,Obtains the player from the event and determines if it's a specific player object. This can be used in scenarios with multiple players to designate a player to complete a task.
306088,"Checks if a player's attributes such as HP, stamina, level, speed, and attack power fall within a certain range or equal a specific value."
306089,"Determines whether the player's quick bar, backpack, or equipment bars contain a specified item. Used in treasure hunt games to check if players have completed tasks."
306090,Checks if the emote in the event is a specific emote.
306091,Evaluates the relationship between two boolean values.
306092,Determines if a player object’s status effects are in a specific status.
306093,"Compares two strings for equality, used for creating decryption games within the game."
306094,"Checks if a creature's model size, jumping force, defense, attack power, and other attributes fall within a certain range."
306095,Verifies if the quantity of a specific item in a player's quick bar or backpack falls within a certain range or equals a specific value. Used to enable the equipment crafting feature.
306096,Obtains status effects from the event and determine if they belong to a specific state.
306097,"Compares the values of a specific coordinate's X, Y, or Z in a 3D space to check if they fall within a certain range or equal a specific value."
306098,Determines whether a unit object in the event belongs to the interface's units.
306099,"Checks if the player's team belongs to a specific camp, used to create the feature that allows teammates to take zero damage."
306100,Can access the appearance of players who are not in the current room.
307000,physics
307001,Model
307002,transform
307003,move
307004,mobile testing
307005,Motion Device
307006,components_init
307007,Demo
307008,MyDemo
307009,Spin
307010,Speak
307011,Tips
307012,Please enter characters within length @1
307013,Binding successful
307014,Bind Cancellation
307015,Fill
307016,Delete
307017,Replace
307018,Box selection
307019,Pull frame
307020,Line
307021,Shape
307022,Stretch
307023,Round
307024,Round (empty)
307025,Square
307026,Square (empty)
307027,Cylinder
307028,Cylinder (empty)
307029,Stairs (X)
307030,Stairs (Y)
307031,Stairs (Z)
307032,Color
307033,Geometry
307034,Curve
307035,Straight line
307036,Fill
307037,Replace
307038,Copy
307039,Move
307040,Delete
307041,Play Animation
307042,Start upon receiving Broadcast
307043,End upon receiving Broadcast
307044,Special effect
307045,Follow
307046,Loop
307047,Time Limit
307048,Set offset
307049,Offset
307050,X
307051,Y
307052,Z
307053,Rotate
307054,X
307055,Y
307056,Z
307057,Zoom
307058,X
307059,Y
307060,Z
307061,Special effect
307062,Special effect
307063,Loop
307064,World
307065,Partial
307066,Free
307067,15 degree
307068,90 degree
307069,Equal ratio
307070,XY-axis
307071,XZ-axis
307072,YZ-axis
307073,Attach
307074,Grid lines
307075,Align
307076,Multiple selection disabled
307999,
319999,
320000,Simulation
320001,Race
320002,Sport
320003,RPG
321000,Make sure you're using the latest game version. And please note that unreviewed text won't be displayed
321001,*
500001,Community Bonus
500002,Guess for Rewards
500003,Base Event
500004,Base Bonus
500005,Community Creator
500006,Task Center
500007,Task Bonus
500008,Stream Bonus
500009,Video Bonus
500010,Official Video
500011,Exciting Content
500012,Stream Event
500013,Thrilling Video
500014,Stream Video
500015,Streamer Event
500016,Weibo Event
500017,Weibo Sign-in
500018,Xiaolou Stream
500019,Official Stream
500020,WeChat Event
500021,WeChat Search
500022,All Events
500023,Theme Event
500024,Skin Event
500025,Free Bonus
500026,New Mount Arrival
500027,New Skin Event
500028,Party Play Mode
500029,Selection Entry
500030,New Version Event
500031,Map Event
500032,Newsflash
500033,Update Bonus
500034,Newcomer Exclusive
500035,Merchandise Bonus
500036,New Merchandise
500037,Merchandise Event
500038,Merchandise Giveaway
500039,Merchandise Discount
500040,New Novel
500041,Novel Bonus
500042,Book
500043,Book Bonus
500044,New Book
500045,Radio Drama
500046,Animation Update
500047,Animation News
500048,Comic Update
500049,Character Profile
500050,Coding Event
500051,Cool Mini Giveaway
500052,Coding Course
500053,Coding
500054,Newbie Bonus
500055,Questionnaire
500056,Mini Base
500057,System Notification
500058,Film Premiere
500059,Official Film Site
500060,Film News
500061,Press Conference
500062,Press Conference
500063,Film Bonus
500064,Special Offer Ticket
500065,Film Map
500066,Purchase Movie Ticket
500067,Film Story
500068,Film Fan Art
500069,Send Movie Ticket
500070,Watch & Lucky Draw
500071,Viewing Bonus
500072,Film Event
500073,Awakening Saga
500074,Get Ticket
500075,Book Film Ticket
500076,Film
500077,Awaken
500078,Awakening Film
500079,Film Sneak Peek
500080,Server Debugging
500081,As server map
500082,"Once you activate Server Map, you can't go back to online multiplayer mode"
500083,"Be aware that once you activate Server Map, you can't turn it off, so think it through!

 Enabling this option allows you to use the cloud server for debugging"
500084,"All newcomers here, let's go on this adventure together!"
500085,"This dude's got some pro moves, let's check it out!"
500086,A pro player with flashy skins is inviting you to play along!
500087,This map is a blast! Let's give it a go!
500088,Reject
500089,Play Together
500090,Explicit Content
500091,Inappropriate Social Behavior
500092,Violence or Terrorism
500093,Blood or Horror
500094,Other
500095,Avatar/Star Skin Model
500096,Nickname
500097,My Feelings
500098,Custom Skin Name
500099,Please select a reporting category (choose one)
500100,You have been reported multiple times recently. Feelings posting disabled until @1.
500101,You have been reported multiple times recently. Feelings posting disabled permanently.
500102,You have been reported multiple times recently. Unable to change custom skin name until @1.
500103,You have been reported multiple times recently. Unable to change custom skin name permanently.
500104,Welcome back! Invite a friend to join in the fun!
500200,Backup limit reached
500201,Backup failed
500202,Backup query failed
500203,Rename failed. Please try again later
500204,Backup doesn't exist
500205,Failed to delete backup
500206,Failed to reset backup
500207,Failed to restore backup
500208,Previous backup operation in progress. Unable to operate repeatedly
500209,Operation failed
500210,
500211,
500212,
500213,
500214,
500215,
500216,
500217,
500218,Failed to enter due to network error. Please try again later
500219,Unable to enter an illegal map. Please reset
500220,
500301,Initiate a vote to kick them out
500302,At least 3 room members required to initiate a vote
500303,Vote to kick out is currently in progress. Please try again later
500304,This week's membership vote limit has been reached. Unable to initiate a vote at the moment
500305,Voting too frequent. Please try again later
500306,Remaining initiations this week: [color=#0AAA1A]@1
500307,[color=#D13B3B]@1[/color] has initiated a vote to remove the following user. Do you agree?
500308,Time Remaining : @1s
500309,"Unfortunately, other players have voted you out of the current room Automatically exits in [color=#CCE945]@1s[/color]."
500310,Kick-out vote passed. [color=#FA7A0F]@1[/color]'ll be removed from the current room in [color=#CCE945]@2s[/color].
500311,"Sorry, this feature is currently only available for Mini Members."
500401,Currently Playing
500402,Your friend @1 has joined the room. Go say hello!
500500,You have been reported multiple times recently. Unable to change team name until @1.
500501,You have been reported multiple times recently. Unable to change team name permanently.
600000,Authentication failed. #cFF0000This document has reached its verification limit#n. You have only #cFF0000@1 more chance#n for today's verification.
600001,Authentication failed due to #cFF0000incorrect document info#n. Please provide your real identity info. You have only #cFF0000@1 more chance#n for today's verification.
600010,The plant [color=#0aba1d]grows well[/color]
600011,The plant is [color=#ffda0a]thirsty[/color]
600012,The plant is [color=#ff3d2b]exhausted[/color]
600013,<a href='@1'>[color=#E0F61E]@2[/color]</a>
600014,Current Progress: [color=#52c8ff]@1[/color]/[color=#f7e3a6]@2[/color]
600015,Max waterings for today.
600016,Max pest controls for today.
600020,Send to [color=#5aea0a]@1[/color]
600021,From [color=#5aea0a]@1[/color]
600022,[color=#5aea0a]@1[/color] gifted [color=#5aea0a]@2[/color]
600023,@1#c5aea0a sent #n@2#c5aea0a@3X@4#n
600024,Gift Special Effects (#c0aaa1aOn#n)
600025,Gift Special Effects (#cef2d2dOff#n)
600030,Other adventurers are currently playing these maps. Give it a go now!
600031,Plenty of exciting maps here. Join other adventurers and make friends in the online multiplayer mode!
600040,You must be registered for at least 3 months
600041,Your credit score must be at least 90 points
600042,"1. Players with a credit score greater than or equal to 90 and a registration duration of more than 3 months can take on the Master's Trial. Succeeding in this trial earns them the title of Master and the privilege to mentor apprentices. Completing daily tasks with apprentices grants corresponding points and rewards.
 2. As masters level up, they can expand their mentorship, taking on up to a maximum of 3 apprentices.
 3. Once an apprentice successfully becomes an apprentice, a mentor-disciple bond forms, and they can jointly tackle tasks to earn rewards."
600043,"1. When apprentices complete mentor-disciple tasks and accumulate the required points, they'll earn unique titles and a stash of Mini Beans.
 2. When masters complete mentor-disciple tasks and accumulate the required points, they'll earn unique titles badges, Mini Beans, custom skins, and spray paints."
600044,Today's trial chances left: [color=#FFDB35]@1[/color]
600045,Master Point: @1
600046,Apprentice: @1/@2
600047,Failed to fetch mentor-disciple data
600048,"1. You have 5 chances to partake in the Master's Trial every day.
 2. If you end the trial here, you won't be able to participate in the master's trials for the next 24 hours."
600049,You can have @1 apprentices
600050,I
600051,Ⅱ
600052,Ⅲ
600053,Ⅳ
600054,Ⅴ
600055,Ⅵ
600056,Ⅶ
600057,Ⅷ
600058,Ⅸ
600059,Ⅹ
600060,Required Points: @1
600061,@1-@2
600062,Maximum number of disciples: @1
600063,Given upon upgrading
600070,Junior Master
600071,Intermediate Master
600072,Advanced Master
600073,Supreme Master
600074,Grandmaster
600080,Junior Apprentice
600081,Intermediate Apprentice
600082,Advanced Apprentice
600083,Supreme Apprentice
600090,Established Relationship: @1d
600091,Apprentice Level: @1
600092,Master Level: @1
600093,Master Point: @1
600094,Mentorship Tips
600095,You've already graduated. Further mentorship won't earn you points
600096,At least one apprentice required to claim
600097,Can be claimed after having a master
600098,Daily limit reached
600099,Mentor-disciple System
600100,Got it
600101,Trial Results
600102,"Challenge failed
@1 chances left today"
600103,Try Again
600104,End Mentorship
600105,Ending mentorship will cancel all previous mentorship requests
600106,Confirm
600107,End Relationship
600108,Are you sure you want to end your mentorship with [color=#2E89B7]@1[/color]?
600109,No mentorship allowed within 24 hours
600110,Can't become a master within 24 hours
600111,Graduate
600112,"Please choose whether to graduate or not. No more points will be earned if you don't graduate.
 If you graduate, you can either seek another master or become a master yourself"
600113,Do Not Graduate
600114,Graduation Challenge
600115,"Unfortunately, you have failed the challenge"
600116,Challenge Again
600117,Congratulations! You've passed the challenge
600118,Graduate Now
600126,Handling Mentorship Requests: Request does not exist
600127,Handling Mentorship Requests: Request has timed out
600128,Currently under a penalty cooldown for becoming a master
600129,Master challenge limit reached
600130,Insufficient credit score to become a master
600131,Insufficient registration time to become a master
600132,Apprentice Graduation: Graduation Challenge not completed
600133,Identity Exceptions
600134,Free status required for this operation
600135,Apprentice doesn't exist
600136,Handling Mentorship Requests: This player is not seeking mentorship
600137,Rewards claimed
600138,Duration too short. Unable to end the relationship
600139,"Identity status has changed, re-fetching data"
600140,Insufficient points to claim rewards
600141,Level not high enough. Unable to take the graduation test
600142,This master can't have more apprentices
600143,Unable to send more mentorship requests today
600144,One-sided relationship ending penalty: Unable to take on disciples temporarily
600145,Under penalty: Can't seek mentorship
600146,Anti-cheat: Token mismatch when clearing the stage
600150,My Points: @1
600151,Upgraded
600152,Player not found. Please verify the UID
600153,This player hasn't completed the Master's Trial. Unable to become a master
600154,Unable to take this user as an apprentice currently
600155,IP: @1
600156,"Mentorship request sent. Once this player accepts it, you'll become their apprentice."
600157,End the trial now?
600160,Event Dates: @1 - @2
800501,Creation Festival
800502,Get creative now!
800503,Event Time: 07/13-08/31
800504,Community Track
800505,Creative Track
800506,Submit Your Entry
800507,Discover more creations in the Multiplayer Lobby
800508,Community Sharing
800509,Lucky Prize Pool
800510,Million Mini Coins
800511,Merchandise Grand Prizes
800512,Seven Divisions
800513,10k Prize
800514,Streamer Support
800515,Honorary Trophy
800516,Discover more creations in the Multiplayer Lobby
800517,Award-Winning Works
800518,The winners of the 2022 Creation Festival's Creative Track have been announced! Let's congratulate the talented winners together! Tap the button below to check out these fantastic works!
800519,Check Award-Winning Creations
800520,Awards Ceremony Live Stream
800521,Community Track Submission Open
800522,Creative Track Submission Open
800523,Creative Track Submission Deadline
800524,Creative Track Results Announcement Community Track Submission Deadline
800525,Creative Track Awards Ceremony
800526,Community Track Rewards Display
800527,Creation Tasks
800528,Redemption Shop
800529,Complete creation tasks to earn Creativity and win amazing rewards! (07/13—08/24)
800530,Creation Festival Creation Tasks
800531,Event Rules
800532,"Welcome to the Creation Festival, where we live by the motto Creativity for All. It's the ultimate annual celebration of all things creative for our incredible user community. It's all about providing a platform for young minds to chase their dreams and showcase their creativity. Here's what's in store for this event:
1. On the event page, you can keep tabs on the various nodes and current progress of this year's Creation Festival. Complete creation tasks to earn Creativity Points, which can be used to redeem fantastic shop items. These tasks reset daily at midnight and wrap up on August 24th at 24:00. So be sure to claim your rewards on time!
 2. This year's Creation Festival has two major tracks. The Creative Track includes seven categories: Gameplay, Building, Circuits, Models, Art, Videos, and Literature. Our official judging panel will evaluate entries based on quality, and the top creators can compete for a grand prize of up to 30,000 CNY. With a total prize pool exceeding 700,000 CNY, there are also honorary trophies and an awards ceremony. The next Star of Creativity could be you!
 3. The Community Track is exclusively for map submissions. As long as your work meets the condition, you can join other creators in sharing a prize pool of five million Mini Coins at different stages. There are exclusive popularity bonuses, daily-refreshing Luckystar Prize Pools, as well as daily giveaways of merchandise mystery boxes and book series. There's something here for everyone!
 4. Got more than one ace up your sleeve? You can jump into both tracks at once. For all the nitty-gritty rules and what qualifies as a legit entry in each track, just hit up the guidelines on the event page."
800533,Congratulations
800534,Creativity
800535,Claim
800536,Go Complete
800537,Claim Rewards
800538,Claimed
800539,Redeemed
800540,Creation Festival Avatar Frame
800541,Expired. Please tap again
800542,"Insufficient Creativity, please complete event tasks to earn more"
800543,Single Task
800544,Daily Task
800545,You're currently in a map and can't jump to this page. Please exit the map and try again!
1000001,Please select translation type:
1000002,"Letter, Blackboard"
1000003,Plugin
1000004,"Map name, description"
1000005,Map Activation Introduction
1000006,Team Name
1000007,Trigger Text
1000008,Translation Completed:
1000009,Translation Failed:
1000010,Downloading the game...
1000011,Loading game...
1000012,Entering game...
1000013,You're not in WiFi environment now. It's estimated to consume @1 MB to download and enter the game.
1000014,Loading notice. Please wait..
1000015,The game is initializing...
1000016,Automatically adjust view
1000017,PLAY TOGETHER
1000018,Similar Maps
1000019,@1 Critics recommended this
1000020,@1 players are playing
1000021,Join
1000022,"You have not turned on notifications and might miss out on your friends' messages, invitations, map recommendation and event bonus announcements!"
1000023,Turn on Now
1000024,Turn on push notifications to avoid missing out on your friends' important messages!
1000025,Ignore
1000026,Turn on now
1000027,Message Notification
1000028,"(If you do not receive message notification after turning on, you may check in ""Settings"")"
1000029,Room Invitation
1000030,Friends Message
1000031,Map Message
1000032,Personal Message Notifications
1000033,Pull down to refresh
1000034,Pull up to refresh
1000035,Release to refresh
1000036,Release to view more
1000037,Time to sleep
1000038,Sleep to skip the night and replenish Stamina.
1000039,Prepare to sleep
1000040,Interface Style
1000041,Classic Style
1000042,CREATA Style
1000043,Restart the game to make the settings take effect. Tap OK to restart.
1000044,The settings will take effect after restarting the game next time
1000045,Your client version is too low to join the room. Would you like to update?
1000046,No UI Mode
1000047,Tap the area at the top of the screen to show the settings button and exit the no UI mode
1000048,Confirm
1000049,No more tips
1000050,Possible Attributes
1000051,Call failed
1000052,Cancel Log-in
1000053,"Congratulations, the UID was successfully created."
1000054,Switch
1000055,Facebook Log-in
1000056,Google Log-in
1000057,Apple ID Log-in
1000058,Account Binding
1000059,"What are the benefits of binding my account? 1. You can use it to recover your UID if you forget it. 2. If you forget your password, you can reset it though a bound email. 3. You can log in to the game directly through the bound third-party account, which is very convenient."
1000060,Binding Rewards
1000061,You can receive generous rewards after successfully binding your account
1000062,"Sorry, your account has been bound to another UID."
1000063,Guest
1000064,Or
1000065,Other UID
1000066,Select Log-in Method
1000067,Other Log in
1000068,Account Log-in
1000069,Log in with your phone number
1000070,No account?
1000071,Log in with Email
1000072,Please enter your email address
1000073,Enter the verification code here
1000074,Please enter your phone number
1000075,Accept
1000076,Enter your account/email/UIN here
1000077,Log in
1000078,Password
1000079,Security Q&A
1000080,Please enter the UID/email
1000081,Please enter your password
1000082,Retrieve account and password
1000083,Retrieve with Email
1000084,Retrieve by Phone
1000085,You are resetting your password via bound information
1000086,Register a new UID
1000087,Set Password
1000088,Set up Security Questions
1000089,Submitted
1000090,"8~12 characters, with numbers and letters"
1000091,Confirm Password
1000092,Please enter the above password again
1000093,Username
1000094,Please do not use your real name
1000095,Question 1:
1000096,Answer 1:
1000097,Question 2:
1000098,Answer 2:
1000099,Dear Adventurer
1000100,"Dear Adventurer, 
         You have successfully registered your UID [color=#00cc33]%s[/color]. Please remember your UID and password [color=#00cc33]%s[/color]. You can write it down on a paper or save a screenshot to your phone album."
1000101,"No, thanks"
1000102,Save to Phone Album
1000103,START
1000104,"Sorry, the password can only contain numbers and letters."
1000105,"Sorry, wrong password for the second confirmation. Please try again."
1000106,"Sorry, the password or UID/email is wrong."
1000107,"Sorry, the answer to the question or the UID/email is wrong."
1000108,"Timed out, please re-register."
1000109,"Sorry, you can only register up to 3 UID per day."
1000110,"Sorry, you can only register up to 10 UID."
1000111,"Sorry, the username is unavailable."
1000112,Log in with UID
1000113,(Please remember your UID and password)
1000114,Bind WeChat
1000115,(SMS verification)
1000116,Password Issue
1000117,User agreement and privacy policy reminder
1000118,"Please read the user agreement and privacy policy carefully, and you can use this product after you tap agree. When you tap agree, it means that you have understood and agreed to the terms and conditions, which will be legally binding on you."
1000119,Tap to read the full text of the agreement:
1000120,Game License and Service Agreement
1000121,Privacy Policy
1000122,Please check your network and log in again
1000123,Scan to download
1000124,Send verification code
1000125,Binding your phone is an important way to retrieve your password and ensure the security of your account. Please fill in your phone number carefully to prevent security risks.
1000126,Fill in phone number
1000127,Bind the phone
1000128,Unbind phone number
1000129,"This phone number has been registered in the ""QQ channel"", please download Mini World in the ""QQ channel"" and log in again."
1000130,OK
1000131,Age-appropriate Tips
1000132,"1. Mini World is a highly free 3D sandbox game, suitable for users aged 12 and above. It is recommended that minors play this game under parental supervision.
 2. This game is based on a virtual background and lore. The storyline is simple and positive with no adaptation based on real history or events. The gameplay is based on the theme of creation. Players can explore or create new worlds, or build exquisite and magnificent buildings. The game has a competitive confrontation gameplay to encourage players to improve and challenge themselves. There is a social system based on text and voice in the game.
 3. This game has a real-name authentication system for users. Users who are authenticated as minors will be subject to the following restrictions: users under 8 years old cannot top up; minor users over 8 years old but under 16 years old have a single recharge amount no more than RMB 50, and the cumulative monthly recharge amount shall not exceed RMB 200; for minor users over 16 years old, the single recharge amount shall not exceed RMB 100, and the cumulative monthly recharge amount shall not exceed RMB 400.
 4. Minors can only play games from 20:00 to 21:00 every day on Friday, Saturday, Sunday and during holidays."
1000133,"To switch the UID, please note: 
1. Please upload important saves first to prevent loss. 
2. When playing in the game and encountering an incorrect password, you can try to switch the log-in method to solve the issue."
1000134,Mobile phone is bound successfully
1000135,Account Security Reminder
1000136,Account Security Upgrade
1000137,Please wait
1000138,You've already bound it
1000139,"Warning: After unbinding the original UID from your mobile number, you will not be able to use the phone number to log in and retrieve the original UID account or password."
1000140,Unbind the original UID
1000141,"Dear Adventurer, 
You have successfully bound your phone number! Afterwards, you can directly use this phone number to log in to Mini World. If you want to change your phone number, you can modify it in Settings-Account Management."
1000142,Set number password
1000143,Set text password
1000144,Answer
1000145,Account Upgrade
1000146,Bind QQ
1000147,"Dear Adventurer,"
1000148,"Dear Adventurer, 
         You have successfully registered your UID [color=#00cc33]%s[/color]. Please remember your UID and password [color=#00cc33]%s[/color]. You can write it down on a paper or save a screenshot to your desktop."
1000149,
1000150,
1000151,Play Now
1000152,View More
1000153,Status Description
1000154,No map to upload
1000155,You haven't uploaded a map yet
1000156,Network error.
1000157,Tap to try again
1000158,Reselect
1000159,Delete
1000160,No one is currently ordering a song
1000161,Come order a song
1000162,"Enter player name, room and map"
1000163,Novice Exclusive
1000164,@1 days left
1000165,Novice Exclusive Tasks
1000166,Countdown: @1:@2:@3
1000167,The task is refreshed every day. Hurry up and complete it.
1000168,Claim
1000169,Go to Task
1000170,Claimed
1000171,Go to Equip
1000172,Complete @1 tasks (@2/@3)
1000173,You can claim permanent custom skin (choose one of three)
1000174,Free Skin
1000175,@1d
1000176,Complete the tasks to win permanent skins. Available the next day.
1000177,Event Limited
1000178,Permanent
1000179,Choose 1 from 3 to claim
1000180,Current Progress
1000181,Refresh every day. Please claim your rewards in time!
1000182,New skins available. Don't miss it!
1000183,@1 room(s) available
1000184,Many people are playing this map. Come in and have a look!
1000185,Your friend calls you to go Garden to harvest the fruits!
1000186,"Sorry, your third-party account has been bound to another UID."
1000187,Group Hall
1000201,Prize pool this week
1000202,"Event Time: Starts every Friday, Saturday, and Sunday evening from 20: 00 to 21: 00."
1000203,First Prize
1000204,Second Prize
1000205,Third Prize
1000206,Set the calendar to enable [color=#FFFF00]Skin Shards[/color]
1000207,Claimed this week
1000208,Event Rules
1000209,Stored in Warehouse
1000210,Congratulations
1000211,Share Now
1000212,(Turn on the calendar reminder and you'll never miss a reward)
1000213,Your operation is too frequent. Please try again later.
1000214,Calendar access required
1000215,The event has not yet started
1000216,Not during event time
1000217,No draws
1000218,"1. Draw Time: Every Friday, Saturday, Sunday evening from 20:00 to 21:00. \\n;2. Participation Conditions: All users can participate. A maximum of 3 prizes can be drawn in a week. If the calendar reminder is checked, you can also get an extra subscription pack every week.\\n;3. Prize Pool: 3 prizes will be randomly selected every week to form a prize pool, which is divided into the first, second and third prize. The prize pool is refreshed every week.\\n;4. Lucky Draw Chances: You can log in on Friday, Saturday, and Sunday to get 1 chance to draw, up to 3 chances a week. The Lucky Draw chances need to be used in the current week, which will be reset next week.\\n;5. How to Participate: Click the [Draw Now] button to draw rewards. The prizes that have been drawn will no longer be returned to the prize pool. If you draw for three days in a row, you can receive all the prizes this week.\\n;6. The Chances of Winning:\\n;? ?1st Prize-20%\\n;? ?2nd Prize-35%\\n;? ?3rd Prize-45%\\n;7. Subscription Gift: Set a calendar reminder every week to unlock the subscription gift once. After opening it, you will randomly receive one of the following rewards: Primal Pack, [Leonardo] Skin Shard, [Lynn] Skin Shard, [Little Seal] Mount Shard, and Lucky Cat Avatar Frame. The chances of winning the 5 prizes is all 20%. After the conditions are met, click the giftbox on the right to claim it\\n\\n;[Set Calendar Reminder]\\n;1. Check ""Set Calendar Reminder"" and complete the authorization, then you can record the activities in the system calendar, and get an extra subscription gift every week.\\n;2. After checking ""Set Calendar Reminder"", when you receive the subscription pack, the events of the next two weeks will be recorded in the system calendar.\\n;3. Unchecking ""Set Calendar Reminder"" will not delete the recorded events. You can go to the calendar to delete them yourself."
1000219,Share the weekend gifts on weekends with your friends
1000220,"[color=#fa7a0f][Event Time][/color]\n0:00 on every Friday-24:00 on every Sunday\n \n[color=#fa7a0f][Conditions][/color]\nAll Mini World users can take part in [color=#fa7a0f][Weekend Gifts][/color] Event (referred to as ""this event"") \n \n[color=#fa7a0f][Participation][/color]\nLog in to Mini World and tap the event page to participate during the event time. \n \n[color=#fa7a0f][Chest Upgrade][/color]\n1. There are 3 levels of chests during the event. The chest level upgrades as the number of ""Reminder"" checked increases (including ""Push Reminder"" and ""Calendar Reminder""). Only Lvl 1 chest can be unlocked with no ""Reminder"" checked; Lvl 2 chest can be unlocked with 1 checked ""Reminder""; Lvl 3 chest can be unlocked with 2 checked ""Reminder"".\n2. The higher the level of chest is, the more rewards there will be. There are 3 different items for each level of chest. One of the rewards can be claimed at random.\n3. Each user can unlock only one chest every week.\n \n[color=#fa7a0f][Rewards and Chances][/color]\nLvl 1: Wood Chest\nA Stack of Teleport Scrolls×1  Chance: 33.3%\nLockbox×1  Chance: 33.3%\nSkin Card×3  Chance: 33.3%\n \nLvl 2: Silver Chest\nSkin Trial Pack×3  Chance: 33.3%\nPrimal Pack×1  Chance: 33.3%\nLittle Seal-Shard×30  Chance: 33.3%\n \nLvl 3: Gold Chest\nLeonardo Shard×15  Chance: 33.3%\nLynn Shard×15  Chance: 33.3%\nEva Shard×15  Chance: 33.3%\n \n[color=#fa7a0f][Delivery and Use][/color]\nItems shall be delivered to your warehouse or mailbox automatically after winning. Go to [color=#fa7a0f][My Profile][/color]-[color=#fa7a0f][Warehouse][/color] to check and use.\n\n[color=#fa7a0f][Authority][/color]\n1. Access to calendar allows us to remind you on in-game bonuses and events.\n2. Notification allows us to remind you on in-game rewards and events. \n \n[color=#fa7a0f][Event Feedback][/color]\nFor suggestions on events, you're welcome to leave your comments in [color=#fa7a0f][Settings][/color]-[color=#fa7a0f][Feedback][/color] in the home page.\n"
1000221,Weekend Gifts
1000222,Notification is off. Would you like to turn it on? This allows us to remind you in-game bonuses and events.
1000223,Calendar access turned off. Would you like to turn it on? This allows us to remind you in-game bonuses and events.
1000224,There is Reminder unchecked yet. Check message reminder to upgrade the chest!
1000225,Turn on push alerts to upgrade the chest again! Are you sure to claim rewards without upgrading the chest?
1000226,Continue Claiming
1000227,Upgrade Chest
1000228,Turn on calendar reminders to upgrade the chest! Are you sure to claim rewards without upgrading the chest?
1000229,Turn on push alerts to upgrade the chest again!
1000230,Turn on calendar reminders to upgrade the chest again!
1000231,Max chest level reached. Let's open it!
1000232,Rewards are claimed for this week. Let's wait until next week.
1000233,Only mobile users can check the reminder
1000234,Event Rules
1000235,Claim Time: Friday 0:00-Sunday 24:00
1000236,Chest of this level
1000237,Chest of next level
1000238,Check Reminder\nUpgrade Chest
1000239,Push Reminder
1000240,Calendar Reminder
1000241,Enable Message reminder to avoid missing the lucky draw
1000242,Lucky Draw Countdown
1000243,Max level reached
1000244,Check enabling status>
1000245,Claimed this week
1000246,%d:%02d:%02d
1000247,[An error occurred. Please try again or contact customer service for feedback]
1000261,Friends
1000262,Moment
1000263,Save Image
1000264,This map has been shared by more than
1000265,players
1000266,WeChat
1000267,QQ
1000268,Share to get
1000269,Mini Bean
1000270,Share to get Mini Beans. Huge rewards are waiting for you!
1000271,Scan to enter Mini World
1000272,Your taste is amazing! This map has been liked by
1000273,players
1000274,Download
1000275,@1 invited you to go on an adventure
1000276,Come to your Garden and check if someone waters for you!
1000277,Share to get Mini Beans. Huge rewards are waiting for you!
1000278,Over @1 players have experienced @2 maps. Come and check it out!
1000279,"Open ""Mini World"" and create your own exclusive map!"
1000280,Your friend calls you to go Garden to harvest the fruits!
1000281,Get Mini Beans at ease every day! @1 players have already claimed it.
1000282,Hold to identify the QR code and play in Mini World together!
1000283,Your taste is amazing! This map has been liked by
1000284,Player's Download
1000400,
1000401,Basic Settings Tutorial
1000402,Trigger Tutorial
1000403,Script Tutorial
1000404,Plugin Library Tutorial
1000405,Item Encyclopedia
1000406,Developer Academy
1000500,
1000501,
1000502,Downloader
1000503,Cancel Download
1000504,Pause
1000505,Continue
1000506,Install Now
1000507,(Downloading... @1)
1000508,"(@1 has been downloaded, but the network connection is interrupted. Please check the network and start again)"
1000509,(Download completed)
1000510,There are currently no available download tasks
1000511,"By deleting the task, the downloaded local files will be deleted at the same time. Are you sure to continue?"
1000512,Confirm
1000513,Confirm Deletion
1000514,Keep Downloads
1000515,There are unfinished tasks in the downloader list. Do you want to continue downloading before completing?
1000516,No
1000517,Yes
1000518,Go to <Mini Base> to experience the new map
1000519,(@1 downloaded. But there's not enough space. Please make some room and try again)
1000600,
1000601,Children's Privacy Policy
1000602,Allow Mini World to access location
1000603,Allow Mini World to access album
1000604,Allow Mini World to access camera
1000605,Allow Mini World to access address book
1000606,Allow Mini World to access microphone
1000607,Allow Mini World to access calendar
1000608,Custom Recommendation
1000609,View Detailed Rules
1000610,Turn on
1000611,Tap
1000612,Privacy Policy
1000613,Read
1000614,Why is my location permission required?
1000615,Why is my album permission required?
1000616,Why is my camera permission required?
1000617,Why is my address list permission required?
1000618,Why is my microphone permission required?
1000619,Why is my calendar permission required?
1000620,How to set permissions? Can I stop authorization?
1000621,How to keep my information safe
1000622,Read Privacy Policy
1000623,"We access your location to help discover your friends nearby, team up with your friends nearby, and discover interesting maps nearby."
1000624,"We access your album to save the password to the album, select the image you want from the album as the avatar, save the highlight moments in your game to the album, and save the shared picture to the album when sharing this app."
1000625,"We access your camera to use the functions of scanning the QR code to add friends, team up, take avatars to upload, and post images in the community."
1000626,We access your address book to help find your game friends on your phone.
1000627,We access your microphone for better voice chatting function.
1000628,We access your calendar to remind you to participate in events in time and claim rewards.
1000629,"The ways we make personalized recommendations are:\n(1) Recommend personalized gameplay according to game records.\nTo provide you with more convenient and personalized gameplay\n(2) Personalized map recommendation\nTo provide you with more convenient and personalized maps that meet your individual needs.\n(3) Personalized recommendation events\nTo provide you with more convenient and personalized marketing events that meet your individual needs\n(4) Personalized recommendation service button enabled\nIf you do not want us to recommend personalized services according to your relevant information, you can enter Mini World-My Profile-Settings and disable it.\nIn addition, we also use personalized recommendations in order to continuously improve and optimize the above functions."
1000630,1. Open the phone settings.\n2. Find the app in the app list\n3. Tap to enter and view or modify the permission settings.
1000631,"We adopt industry-standard security protection measures to protect your personal information from unauthorized access, public disclosure, use, modification, damage or loss. We strive to use a variety of reasonable systems, technologies, procedures, and physical measures to protect your personal information, including but not limited to firewalls, encryption (such as SSL), de-identification or anonymization, and access control measures."
1000632,"Used to recommend algorithms, events, etc. according to your preferences"
1000633,Opened>
1000634,Go to Settings>
1000635,#L#cfa7a0fChildren's Privacy Policy
1000636,Personal Information Collection Checklist
1000637,Third-Party Information Sharing Checklist
1000638,*We will review the reported issues promptly and respond within 15 days of receiving your feedback.
1000639,Contact Customer Service
1000640,#L#cfa7a0fPrivacy Policy Summary
1000641,Privacy Policy Summary
1000642,Single Player Status
1000643,Friend Test Status
1000644,Multiplayer Status
1000700,Entrance Reserved for 1000700~1000800
1000701,Developer Mode
1000702,Be in control and create your own gameplay.
1000703,Create with Template
1000704,Download Template
1000705,Developer Template
1000706,Delete
1000707,Downloading  @1%
1000708,Start
1000709,Improvise
1000710,No template yet
1000711,Continue to Create
1000712,Select Template
1000800,Entrance Reserved for 1000700~1000801
1000802,Copy
1000901,Monday
1000902,Tuesday
1000903,Wednesday
1000904,Thursday
1000905,Friday
1000906,Saturday
1000907,Sunday
1000908,Signed in
1000909,Skin Trial Pack
1000910,Randomly get
1000911,Sign in now
1000912,Sign in for 7 days to get the Skin Trial Pack.
1000913,You have [color=#fff21e] %d [/color] late-sign chances
1000914,Signed in
1000915,Re-sign in
1000916,Event Time:
1000917,Check out these maps that you may be interested~
1000918,Sent to your account
1000919,Re-signed in
1000920,Are you sure to spend %d Mini Beans?
1000921,"2. You can sign in once a day when you log in. If you miss a day during the week, you can use Mini Beans for a\n Late-Sign. You have [color=#fff21e] %d [/color]late-sign chances per week. Late-sign chances reset every Monday."
1000922,Confirm
1000923,Sign-in Rules:
1000924,"1. Sign-ins are based on a weekly schedule, resetting every Monday at midnight."
1000925,3. Daily rewards will be updated from time to time.
1000926,Make up for missed days?
1000927,Late-sign chances of this week exhausted
1000928,
1000929,
1000930,
1000931,"Dear adventurer, the @1 account, which you've authorized for logging in to this game, has passed the real-name authentication. You can now access the game without any issues."
1000932,You've completed the real-name authentication and can access the game now.
1000933,"Your @1 account, authorized for logging in to this game, has been real-name authenticated. You can now access the game without any issues."
1000934,Real-Name Authenticated
1000935,Sync Channel Real-Name Authenticated
1000936,Real-Name Authentication Reminder
1001000,Reserved for New Comments 1001000-1001100
1001001,Select the friend you want to @
1001002,Enter user UID or nickname
1001003,Recommended for Critics
1001004,Pin this comment
1001005,Already have a comment topped. Are you sure you want to replace it?
1001006,Thanks for commenting!\nYour comment will be displayed after review.
1001007,What do you think of the map @1?
1001008,"As the creator of @1, what do you want to say?"
1001009,Liked by creator
1001010,Tap to comment
1001011,Comment
1001012,@1 replies in total
1001013,Are you sure to delete the comment?
1001014,Not delete
1001015,Sorry. Currently unable to comment.
1001016,Pinned on top successful
1001017,Fail to pin on top. Please try again.
1001018,Comment deleted
1001019,Failed to delete. Please try again.
1001020,Comment no longer exists
1001021,By time
1001022,Failed to post. Please try again.
1001023,This player is a bit lazy. There's no description.
1001024,Comment will be displayed after review
1001025,Removed from top
1001026,Failed to remove from top. Please try again.
1001027,The creator has closed the comment section
1001028,Comment section is temporarily closed
1001029,Unable to comment
1001030,"Currently under review, please try again later"
1001031,Your comment has been posted and will be publicly displayed after review
1001032,Failed to post. Please try again.
1001033,Up to @1 characters
1001034,Recommend
1001035,Played for less than @1m
1001036,Played for @1m
1001037,liked this map
1001038,disliked this map
1001039,Your comment has been submitted and will be publicly displayed after review
1001040,Reply
1001041,No playing data yet
1001042,Copy
1001043,Paste
1001100,Reserved for New Comments 1001000-1001100
1001200,Claim now
1001201,Give up
1001202,The following rewards will expire soon. Claim them now.
1001203,No more reminders
1001204,Please select the custom skin you want to claim
1001205,Claim and start the task
1001206,Novice Exclusive Bonus
1001207,You have a permanent custom skin to claim
1001208,You have rewards to claim
1001209,*Complete the task to get this [color=#b565d9]exclusive permanent custom skin[/color]
1001210,This event is over
1001211,Claimed
1001212,Insufficient slots for Custom Skins. Failed to save the skin.
1001213,(Task Countdown: [color=#0aba1d]@1:@2:@3[/color])
1001214,This event is over
1001215,Go to Equip
1001216,Novice Exclusive Bonus
1001217,Available the next day
1001218,Novice Exclusive
1001219,Permanent
1001220,The daily task will refresh everyday at 0
1001221,Claim custom skin
1001222,Claim All
1001223,Send Custom Skin
1001224,Remaining
1001225,(Task Countdown: [color=#FF0000]@1:@2:@3[/color])
1001226,Congratulations on getting @1 x@2!
1001227,Collecting fruits also earns you Mini Beans!
1001228,Tap to check out more awesome weapon skins!
1001229,Unlock various privileges right away!
1001230,Tap to open the Dreamer Giftbox and earn a chance to obtain rare skins!
1001231,Tap to play the gashapon and win awesome mounts!
1001232,"1. These tasks are designed exclusively for novices.\n
2. During the task period, rewards for completed but unclaimed tasks will be delivered upon your next log-in.\n
3. You must tap Sign In to receive sign-in rewards. Failing to do so will prevent you from unlocking new rewards.\n
4. The task will be valid for 10 days. After it expires, you won't be able to continue or receive any unclaimed rewards.\n
Novice Exclusive Sign-ins are only available in the latest version. Update your game to claim your rewards now!"
1001233,Tap to check more skins!
1001234,Novice Sign-in
1001235,Exclusive Sign-in
1001236,"Here are 300 Mini Beans, go redeem the skins you like!"
1001237,Claim and go
1001238,You've already claimed this reward
1001239,Failed to use the item. Try again in the warehouse!
1001240,"1. These tasks are designed exclusively for novices.\n
2. During the task period, rewards for completed but unclaimed tasks will be kept for a period.\n
3. The task will be valid for 10 days. After it expires, you won't be able to continue or receive any unclaimed rewards."
1001241,Task yet to be unlocked
1001242,Day [color=#FF9933]@1[/color] Schedule
1001243,More Season Pass bonuses are waiting for ya!
1001299,Reserve
1001300,"Please don't use third-party plugin. If you use it several times, the account will be blocked(@num)"
1001350,Reserve
1001400,Default
1001401,HOT
1001402,Voting Time: @1
1001403,Popular Creator of 2021 Selection
1001404,Popular Video Creator of 2021 Selection
1001405,Community Star of 2021 Selection
1001406,Followed
1001407,Vote to win rewards
1001408,Vote now to earn lottery tickets. Go ahead and cast your votes!
1001409,Lottery Tickets Owned:
1001410,Vote Ticket Owned:
1001411,Explore the best works of the year
1001412,Announcement Time: @1
1001413,Top 10 Popular Creators of 2021
1001414,Outstanding Creator of 2021
1001415,Top 10 Popular Video Creators of 2021
1001416,Outstanding Video Creator of 2021
1001417,Top 10 Community Stars of 2021
1001418,Outstanding Community Star of 2021
1001419,Remaining Redemption Coupons:
1001420,Behold the ascension of the Creator of the Year!
1001421,Candidate Intro
1001422,Event Rules
1001423,Vote Ticket Acquisition
1001424,Complete daily tasks to earn Vote Tickets and support your favorite creator!
1001425,Redemption Shop
1001426,Remaining Redemption Coupons:
1001427,Tap here to get 1 Vote Ticket
1001428,Earn vote tickets by completing tasks. Use them to vote for your favorite creators and get lottery tickets and win rewards!
1001429,Congratulations on getting a vote ticket! Go ahead and vote for your favorite creators!
1001430,"Tap the Vote button to give 1 vote to your favorite creator. After a successful vote, you'll receive lottery tickets. Don't forget to redeem your prizes!"
1001431,"1. Event runs from January 5, 2022, to January 19, 2022.\n
2. During the event, completing daily tasks scores you Vote Tickets. Tasks reset daily at midnight.\n
3. Ready to make someone's dreams come true? Hit that ""Vote"" button and let your voice be heard. You've got one shot per ticket, so choose wisely!\n
4. After a successful vote, you'll earn reward vouchers based on the number of votes you've cast. During the event, you can exchange these vouchers for awesome rewards in the Redemption Shop.\n
5. Selection Criteria: The top 30 contenders for the Popular Creator of the Year title are handpicked by the pros, considering factors like their popularity, creativity, and the impact of their work.\n
6. The final list will be determined by player votes. The top 10 creators with the most votes will be crowned Popular Creator of 2021 and score some sweet rewards.\n
7. The top picks in the Annual Art Gallery are handpicked by the officials based on the quality and popularity. There are ten different categories to explore."
1001432,Vote: @1
1001433,"1. Event runs from February 16, 2022, to February 26, 2022.\n
2. During the event, completing daily tasks scores you Vote Tickets. Tasks reset daily at midnight.\n
3. Ready to make someone's dreams come true? Hit that ""Vote"" button and let your voice be heard. You've got one shot per ticket, so choose wisely!\n
4. After a successful vote, you'll earn reward vouchers based on the number of votes you've cast. During the event, you can exchange these vouchers for awesome rewards in the Redemption Shop.\n
5. Selection Criteria: The top 30 contenders for the Popular Creator of the Year title are handpicked by the pros, considering factors like their popularity, creativity, and the impact of their work.\n
6. The final list will be determined by player votes. The top 10 creators with the most votes will be crowned Popular Video Creator of 2021 and score some sweet rewards."
1001434,"1. Event runs from March 1, 2022, to March 11, 2022.\n
3. During the event, completing daily tasks scores you Vote Tickets. Tasks reset daily at midnight.\n
3. Ready to make someone's dreams come true? Hit that ""Vote"" button and let your voice be heard. You've got one shot per ticket, so choose wisely!\n
4. After a successful vote, you'll earn reward vouchers based on the number of votes you've cast. During the event, you can exchange these vouchers for awesome rewards in the Redemption Shop.\n
5. Selection Criteria: The top 30 contenders for the Popular Creator of the Year title are handpicked by the pros, considering factors like their popularity, creativity, and the impact of their work.\n
6. The final list will be determined by player votes. The top 10 creators with the most votes will be crowned Community Star of 2021 and score some sweet rewards.\n"
1001435,Insufficient vote tickets. Go get some first!
1001436,Vote Successful
1001437,Voting Time: @1
1001438,Insufficient lottery tickets. Go complete tasks and cast your vote first!
1001439,Insufficient lottery tickets. Unable to redeem
1001440,Go to Redeem
1001441,Annual Selection Results
1001442,Annual Art Gallery
1001443,Watch & Win
1001461,"Hi everyone, this is Cherry! Holding these colorful blocks and carrying dreams that shine bright, we're here to work our magic together in the Mini World. A new challenge is looming, and we won't back down. A fresh adventure is on the horizon, and I'll keep grinding to create more of what you all adore. Draw a circle, splash on the red, and boom! You've got yourself a cherry!"
1001462,"Hey folks, I'm Xiaolongbao from Candy Studio. I hope all you Mini pals have a blast exploring my maps, just like you would savoring candy – sweet and heartwarming. Your joy powers my map-making spirit, and I wish you endless fun in the Mini World every day!"
1001463,"I'm Lovelock, the head honcho at Lovelock Studio, and it's a privilege to be part of the 2021 Mini World Creator Selection Event. Our maps may not be top-tier, but we put our hearts into every one of them. Moving forward, we'll double down on crafting more maps for your enjoyment. We also welcome your suggestions and feedback, as they help us understand your needs better and keep improving. Our motto is ""Diverse tastes, all cherished!"""
1001464,"Thinking of planting peach trees? I'll hand you some soil blocks. Craving sugar cane? Here's a bunch of sand blocks. Feeling hungry? I'll whip up some tasty baguettes for you. Thirsty? I'll track down the purest springwater deep within the rainforest. Hey, what else do you fancy? Share it with Honey Pomelo! Let's use our blocks to craft vast star oceans and chase our dreams into the realms of poetry and beyond. Over in the distant, uncharted lands of Mira Star, there are stories waiting to unfold, and both you and I are part of them."
1001465,"I'm Tear Nine, leading the Blissful Studio. Our studio may be small, with only seven members, just enough for games like Charades. However, it's an elite squad armed with the 2020 Creation Festival Gameplay Champion, the 2021 Creation Festival Building Champion, the 2021 Creation Festival Miniature Champion, an officially certified developer mentor, a popular Huya livestreamer, and a genius in ancient-style architecture! With this talented lineup, Blissful Studio can make anything happen!"
1001466,"As a veteran Mini player and map creator, I've been delivering endless joy to Mini players. I've seen the love between Mini players and creators grow over the years. Discovering the best game and encountering the most amazing players has been my driving force and ambition. Let's collaborate, and together, we'll witness a bright tomorrow. I believe you'll come to appreciate this creator more and more."
1001467,"I've been a devoted Mini World player for a solid six years now! Fondly reminiscing about the times when my buddies and I crafted our own unique worlds in Mini World, those memories are pure childhood nostalgia! Over the years, my gaming crew has grown up, and finding pals to play with has become a bit of a rarity. But now, as developers, Mini World has brought us back together once again! We go by ""The Alliance."" And our passion for Mini World, constant innovation, and creating top-notch game maps that bring players joy is what fuels us!"
1001468,"Hey, folks! I go by NineBlocksTwo, and I've been exploring Mini World since 2016. I'm also a map creator with five years of experience under my belt. It's a real honor to be part of the 2021 Mini World Creator of the Year selection event. I'm committed to putting even more effort and heart into crafting top-quality works that players will truly enjoy. My hope is that my creations bring joy to the adventurers who explore them."
1001469,"Greetings, everyone! I'm Li Yuki from Lemon Studio, and I'm thrilled to be part of the event. 2021 has flown by, and 2022 is right around the corner. Without realizing it, I'm entering my third year in Mini World. In the upcoming year, I'll continue creating maps that are fun and enjoyable for all of you. In the new year, I wish you all happiness, a fresh start in life, embarking on new journeys, embracing new hopes, carrying new dreams, and here's to Mini World becoming even better!"
1001470,"Greetings, gamers! I'm General, the brains behind General's Mansion Studio, now living the dream as a full-time developer. As a kid, I molded mud tanks and sketched arcade games on paper. Fast forward to today, and I can craft any gaming map I dream up in Mini World. It's not just a game — it's where dreams come to life. Thanks to this amazing platform, I hope to keep playing Mini World even when I'm rocking my golden years."
1001471,"Back in 2015, a friend introduced me to Mini World, and I've been in and out of it for nearly six epic years. This game's been my loyal sidekick, and it's connected me with loads of like-minded pals. I thrive on creativity — building fantastical structures block by block, capturing screenshots to show off to my buddies. Even though I'm not a gaming whiz, I pour my heart into crafting unique gameplay maps. Every map is a fresh adventure and a whole new world."
1001472,"Hey, gamers of the realm! I'm Benefactor, and I want to kick things off by thanking the official team for this awesome chance. Moving forward, I'm cranking up the heat on map-making, chasing better and better, because there's no limit to awesome!"
1001473,"Hello, hello! Can you hear me loud and clear? Hey there, gamers! It's ChillyWind￥, but you can just call me Windy! I'm all about role-playing and surviving in style. Feel free to dive into my content! If you enjoy it, show some love and support! And don't forget to explore my other works — it's all good fun!"
1001474,"What's up, everyone! I go by Drunk Qilin, representing Lovelock Studio. It's a major honor to be part of the 2021 Mini World Creator of the Year selection. I'm the gaming map guru here, and I want to shout out a big thanks for your awesome support. I'm cranking up the creativity to bring you fresh maps while enhancing the player experience!"
1001475,"We had a blast together in the joyous moments of 2021. As we step into 2022, I'm committed to crafting maps that tickle your fancy. So you and your best buddies can keep having a blast in my creations every day! Remember, happiness and hardships come and go, but it's the laughter and adventure we find in these maps that truly make life epic. I'm CraneMistMoon, and my maps speak for themselves!"
1001476,"Hey, Mini World explorers! It's Pomelo Tea, your seasoned Mini World developer and top-tier critic, leading the charge at TeaTalk Studio. I've been at this for 5 amazing years, crafting countless maps! I'm pretty sure many of you have had a blast with my works, and I'm beyond grateful for your support. Brace yourselves for more epic maps coming your way soon!"
1001477,"Greetings, fellow adventurers! I'm Lone Whisper, a seasoned Mini World player turned developer and critic. My journey started as a gaming buddy for my little brother, just trying to be a good role model. But who knew, I'd fall head over heels for this sandbox gem? And that's when my map-making adventure began. My goal? To spread joy among the Mini World players, especially those as young as my brother. I'm here to inspire them to dive into map-making and hone those spatial skills!"
1001478,"Hello, Mini World enthusiasts! I'm Semi-Immortal, not just a Mini World video creator but also an ardent player and map maker. My love for this game runs deep, and thanks to my amazing buddies' support, I'm proudly repping Mini World. Sure, my talents have their limits, but I'm determined to give back to the Mini World community. So, if you're a fan of Semi-Immortal's vids and support my work, I'd be honored if you joined me on this journey. And I promise, there's a lot more exciting content in store!"
1001479,"Hey there, I'm Tenten! I'm all about RPGs, and I've got a real soft spot for Mini World! I've been diving into Mini World for around 4 years now, and I know the game inside out. I've got my favorite game modes, and this one here is a real gem! If you're a fan, why not drop a vote my way?"
1001480,"I'm Gladie, the free-range city architect of Mini World. You might have strolled through my City Life series maps, or maybe we're total strangers, and that's cool too! What counts is my laser focus — I'm all about city maps until our paths inevitably cross. I might not know how many city map enthusiasts are out there, but I'm committed to pumping out those urban-themed creations. So, if you're a fellow city map lover, cast your vote my way!"
1001481,"Howdy, folks! I go by Bissasa! My creation Color Hop, which hit the scene earlier this year, has been a real hit with players, racking up a whopping 15 million downloads. A big shoutout to all of you for your amazing support! If you're a fan of Color Hop and what I do, how about tossing a vote my way?"
1001482,"Hello, hello, everyone! I'm Qiao Wan, your map maestro! I specialize in trigger-packed maps, and I've got a boatload of everyday-life-themed maps in the works. Ready to make my day? Give me your vote!"
1001483,"By day, I'm a tech whiz, but when the sun sets, I'm a gaming fiend! I dabble in all sorts of game genres during my spare time, and I'm a big fan of anime. Mini World has been my digital playground for a solid three years now. Crafting innovative maps is my jam, and I've covered the whole spectrum. From curated gems to earning the title of Critics in just a month, I've got over 20 handpicked maps in my portfolio. I'm a pro with all the developer tools, and I'm the go-to guy for tackling tech snags!"
1001484,"For nearly half a decade now, I've been knee-deep in Mini World adventures. Initially, a buddy lured me into Mini World's survival mode, but as the game evolved with updates, creation mode stole my heart. While I do enjoy diving into others' maps, there's nothing quite like the thrill of crafting my own. Building games is my passion, and it trumps playing any day. I've got a soft spot for vehicles, so you'll find most of my maps revolve around them. If you're feeling the vibe, how about a vote to rev up my engine?"
1001485,"I'm Chichi, your Mini World Architect Extraordinaire and sci-fi fanatic! I started as a total rookie but grew alongside Mini World, evolving into a versatile map creator specializing in chinoiserie, sci-fi, and cyberpunk genres. I'm a hardcore architect, never straying, all in pursuit of my dream to be a top-notch designer! I believe every player can shine in Mini World and put chinoiserie design on the global map!"
1001486,"I'm part of the FunBuzz Studio crew, and I've been immersed in the Mini World universe for over 2 years now. I thrive on diving into official events, clinching a few awards along the way. In my free time, I'm all about exploring creative gameplay. My Bear Baby map series has already seen two successful chapters, earning praise and love from fellow players. That's the rocket fuel for my creativity, and I've got more exciting maps lined up. I'm on a mission to turn Bear Baby into a real sensation!"
1001487,"Hey, gamers of the realm! Greetings, fellow gamers! I'm Yumo, a developer and a loyal Mini World enthusiast. I'm stoked to introduce myself through this platform. It's a true honor to be part of the 2021 Mini World Creator of the Year selection event, so don't forget to show your support! Every bit of encouragement fuels my passion for crafting top-notch content. I'm committed to delivering high-quality work and can't wait for a brighter future with Mini World. Stay tuned for more!"
1001488,"Greetings, folks! I'm Crow, the map magician from Horas Studio. We're on an endless quest to explore new horizons in the realm of gaming maps. Some of my standout creations include the classic Mini Special Ops, Blade of Swift Strikes, Douluo Continent, and our recent hit, Let's Cultivate Together. If you're loving our work, a little vote love from you would be epic! Thanks, fam!"
1001489,"Hey! I'm Demilow, a veteran player of 4 glorious years. I particularly enjoy crafting whimsical and fun gaming maps. So, lend a hand, or better yet, a vote, to keep the fun rolling. Thanks in advance!"
1001490,"I'm Jin World, a developer extraordinaire repping the General's Mansion Studio. I'm all about savoring life, with a motto that goes like this: ""Crafting worlds like no other, living lives like no other!"" Hope you dig my creations!"
1001491,"Hello, Mini World enthusiasts! I'm Semi-Immortal, not just a Mini World video creator but also an ardent player and map maker. My love for this game runs deep, and thanks to my amazing buddies' support, I'm proudly repping Mini World. I'm determined to give back to the Mini World community. So, if you're a fan of Semi-Immortal's vids and support my work, I'd be honored if you joined me on this journey. And I promise, there's a lot more exciting content in store!"
1001492,"Spinning Mini World tales with a dash of humor, spreading joy to viewers. Scored Top 10 spots in the Watermelon Play Finals for both 2020 and 2021!"
1001493,A hilarious content creator who can't go a day without cracking jokes. Boasts a massive fanbase of over 9 million and loves to team up with fellow Mini World adventurers for some online multiplayer shenanigans.
1001494,"A seasoned gaming commentator with over three years in the game and a follower following that's soared into the double digits. Crowned Mini World's Popularity Creator of 2020, and some videos have hit over 20 million views!"
1001495,"A life-loving, kid-friendly 'big kid' excelling at crafting funny, adorable, and storyline Mini World videos. He's the 2021 Mini World Ambassador, spreading positivity and promising even more entertaining content."
1001496,A video creator journeying through the galactic expanse of Mini World. Turning my passion into my profession is the happiest gig on Earth. My mission is to share this boundless joy with as many folks as possible!
1001497,"No heartthrob looks here, but with a passion for creativity and a love for Mini World that's off the charts, I promise to keep that initial spark alive and deliver heaps of thrilling content daily. If you're a fan of my videos, join the cheer squad and fuel my fire!"
1001498,"I'm Memories, you might also know me as the No-Show King. I'm born as a wanderer, always itching for epic adventures. Yet, I stumbled upon Mini World and left my sword behind, becoming an adventurer within this pixelated realm. Here, I find solace, boundless freedom, and the quest for poetry and distant horizons."
1001499,"I'm a cousin of Memories, you can call me Lil' Cousin. I'm into crafting all sorts of quirky survival maps and have a knack for playfulness. I enjoy creating stunning buildings and sometimes pulling pranks on my big cousin."
1001500,"Introducing Para, the darling of Mini World's storytelling theater. As a member of the Watermelon Video Gaming Pros and a Mini World ambassador, she captures the whimsical tales, quirky voiceovers, and electrifying gaming moments that keep us all entertained."
1001501,"Meet the Mini World maestro of original, uproarious videos. I've perfected the art of turning our wild gaming escapades into sidesplitting content. Join me in the gaming realm for endless laughter and adventure!"
1001502,"Greetings, folks! I go by SheepScroll, the mapper who takes on daily challenges from followers. With a comedic flair, you can catch my antics on Snack Video – just search for 'SheepScroll' for more laughs!"
1001503,It's YinoSis in the house! My followers fondly call me the Survival Queen or the Survival Pixie. Brace yourselves for a wild ride through diverse survival streams that have everyone talking. Ready to join the party? Just look up Yino Mini World on Snack Video!
1001504,"Meet Emperor! I'm Mini World's not-so-lucky Super Lucky Star. Why, you ask? Because I've got a knack for unearthing the unfindable in mines!"
1001505,"I'm your friendly gaming commentator, and I've been keeping the iQiyi platform buzzing for four awesome years. My specialty? Delving into thrilling storyline maps and immersive puzzle-solving adventures. If you're up for a wild ride, hit that follow button now!"
1001506,"Hey there, it's Sister Xiao Yu! I've got a knack for spinning intriguing tales within the colorful world of Mini World."
1001507,"As a Mini storyline video creator, I whip up captivating stories that dive deep into the heart of the game. Join me in exploring fantastic gameplay and weaving them into unforgettable story videos."
1001508,"I'm the Daredevil Wang, but most folks call me Old Wang! I'm the master of zany live commentary that's anything but ordinary. With over 3 million followers and a staggering 1 billion video views, I'm a real deal sensation. I even made it to the top influencers list in Q3 2021. Ready to laugh your heart out with me?"
1001509,"Hey there, it's SpicySnack, your friendly Mini World comedy creator! I've got a real Mini World passion, and I'm truly thankful for all your support and love. From zero to where I am now, it's been a rollercoaster journey filled with challenges and joys. It's all thanks to viewers like you. So, if you're a fan, don't forget to hit me with your vote — your support means the world!"
1001510,"Meet the talkative Pink Little Sheep, the entertainer who combines charm with mad gaming skills!"
1001511,"I'm the ultimate Mini World sensation, known for adding that extra flavor to the game. Crowned as the 2020 Mini World Creator of the Year,"
1001512,I've got a whopping 2.29 million followers on TikTok who can't get enough of my hilarious videos and live streams.
1001513,"Greetings, everyone! I'm Honey, a Mini World streamer, and I've come a long way from zero to a staggering 6 million followers. It's all thanks to your encouragement and support that I'm here today. Being nominated as a Mini World Creator of the Year is a dream come true, and I hope you'll keep cheering me on. I'll continue spreading boundless energy and joy!"
1001514,"It's the upbeat, fun-loving Honey Melody here! Hailing from Chongqing, she's your fiery game commentator with a knack for comedy and soothing vibes. You'll find her crafting fantastic house-building and survival videos. Feeling a bit down? She's here to brighten your gaming days!"
1001515,"Get ready to chuckle with ChickenJuiceBro, your game commentary pal in the Mini World! He's a Mini World game creator who's whipped up several animated Mini World adventures. ChickenJuiceBro's committed to bringing you even more valuable and heartwarming content in the future. Stay tuned for more exciting and heartwarming shows!"
1001516,"Greetings from Meow Planet! I'm Cat, your sweet and funny streamer. Thrilled to meet you in Mini World, where every vote you cast means a world of joy to me! My mission is to spread smiles everywhere! Catch me on Tiktok by searching for Cat Gaming. Thanks a million!"
1001517,"Greetings, fellow gamers! Anny here, your daily gaming companion. Gold-tier commentary is my jam, and Minis are my playground. Wanna join the fun? Hop over to Snack Video and search for Mini World Anny to catch me streaming!"
1001518,"The Mini World maestro of hardcore survival, known for boundless imagination. With reflexes as sharp as a razor, he's conquered all Mini World bosses in just 10 days. Ready to take on the ultimate survival challenge?"
1001519,"Hello, everyone! I'm your friendly neighborhood Geigei, a connoisseur of all kinds of follower-made maps that truly get my adrenaline pumping. And you know what? They've even dubbed me the Scream Streamer. My followers may always tease me, but I treat them like first loves. With hilarious voice-changing antics, I'll take you on a Mini adventure like no other!"
1001520,"Little Swallow's an original commentator and content creator with over 2.4 million followers across all platforms. He's your go-to source for top-notch gaming content that's fun, vibrant, and full of positivity."
1001521,"Meet Bin, your friendly storyteller in the gaming universe. I turn thoughts into epic tales to share. We all have our inner sun, and mine is my personality, shining through with all its quirks. Perfection isn't real, but I'm on a journey to get as close as possible, filling those invisible gaps one step at a time. They say I'm the right choice. Join the fun now and you won't regret it!"
1001522,"Howdy, it's Brother Moon, your guide to gaming greatness in the community. While I might be a procrastinator (food is my top priority!), I'm dedicated to bringing you the best. Writing guides is my way of helping you out. I specialize in trigger tutorials and I'm your go-to when you need answers. When I discover something intriguing or unique in triggers, I'll write it up and share it with all of you. In the future, I'll continue delivering even better content to enhance our gaming community. If you're voting, remember to cast your vote for Brother Moon!"
1001523,"Hey there, folks! I'm Joyce, an avid adventurer in the Mini World. I set foot in this land back on May 28, 2016, and it's been a journey filled with laughter, tears, and countless discoveries. The original Mini World was like an endless, uncharted island, waiting for adventurers to explore. In 2020, thanks to the Developer Center, I stumbled upon the Mini World Box app, which opened up a whole new world of Mini knowledge for me. From fan art to master writer and brainstorming, I decided to put down roots and create my own corner here. Through continuous effort, I've achieved what I am today! Your vote means the world to me, and together, we can spread the joy to more players!"
1001524,"Hello there, everyone! I'm a content creator in the community, working on various aspects such as map reviews, game walkthroughes, Mini interviews, and answering questions as part of the Think Tank. I'm dedicated to excelling in all areas because I love the community. My map review skills stand out, and I hope to discover more shining maps through my words, contributing to the growth of the creative community. I might be relatively new to the community, and you might not know me well, but that's okay. Just explore my posts and drop a comment — I'll be sure to reply! Vote for me and make my day!"
1001525,"Hello everyone, I'm MuShi, a community organizer and a map storyteller. It's a pleasure to share my story with you all. I'm a map creator and a developer with a passion for music, building, and various modes. When I first delved into the world of story-based map creation, I was quite clueless. Thanks to the guidance of my dear friends, Candy and Joyce, I found my way into this realm of storytelling. As I immersed myself in the world of story restoration, I began to understand the challenges faced by Candy. And with her patient support, I gradually learned the ropes. I want to express my heartfelt thanks to Candy for her unwavering assistance. Together, we aim to reach new heights!"
1001526,"Hey there, I'm SouthTan, a walkthrough creator and contributor to the guidebook Creative World. I've also been nurturing talents within the community. If you've ever applied to become a verified content creator, chances are we've crossed paths! From April 2020 till now, it's been a wild ride of ups and downs, but we've also cultivated top-tier creators along the way. It's not just mentorship; it's a journey of mutual growth and discovery! Give me your vote, and thanks a million!"
1001527,"Your fan creator here! If my art floats your boat, give me a vote for the win!"
1001528,"Hello, everyone! I'm a content creator within the community, specializing in crafting captivating stories and providing walkthroughs. I love sharing knowledge and weaving intriguing narratives to enhance fellow players' gaming experience. You'll often find me in the comment section of those well-written stories and brilliant walkthroughs. In a gaming world filled with visually appealing avatars, I invite you to explore the captivating stories that lie beneath the surface!"
1001529,"I go by the name Artisan Fish, a dedicated verified content creator. My passion lies in crafting and drawing. Gimme your vote if you want to see more of my works!"
1001530,"My expertise lies in meticulously crafted maps. On February 28, 2020, I earned the title of a verified content creator. Since then, I've been consistently delivering top-notch map reviews and walkthroughs to players. I've also had the privilege of contributing to the development of official guidebook. Thank you for your support. I'll always remember why I began!"
1001531,"Without realizing it, I've been a part of this community for about three years now. I've come a long way to get where I am now, and I'm grateful for the support of all my fellow gamers. To all you art enthusiasts out there, keep up the good work! And I'm committed to crafting each piece with care, striving to bring you even better artwork!"
1001532,"Hey, I'm QiYuan, a verified artist. It was Mini World that sparked my interest in drawing. As long as I'm enjoying myself and have your support, that's all that matters. But your vote will still make my day!"
1001533,"You can call me Heart, a verified content creator in the fan art creation world. Over the past few years, I've churned out over two hundred pieces for Mini World. Among there works, many have clinched awards in various competitions, including excellence, creativity, third place, second place, and even first place. I've also been a part of the Creation Festival several times, achieving remarkable results. Moving forward, I'll continue to strive for even better results in the upcoming Creation Festival. Thanks to all of you for your support!"
1001534,"I once served as a disciplinary committee member in 2020, conducting inspections of Workshop maps to assist in addressing misconduct. As a verified content creator, I didn't hesitate to share my experience. While continually honing my skills, I also created several event pieces. I've also held the position of studio critics and contributed to the community as a senior inspector, actively countering fraud attempts. I was promoted to a Level Three Senior Inspector and received recognition for exceptional contributions. In 2021, I was invited to be part of the Shining Stars and participated in official online Mini World interviews. Currently, I serve as the discipline team leader, providing guidance to disciplinary team members and overseeing the inaugural galaxy inspection project, focused on enhancing the developer community."
1001535,"Hey everyone, I'm Fishy, a spirited gal known as Lil' Fish among my friends. I came across Mini World back in 2019, and that first encounter left me brimming with curiosity. Fast forward to 2021, I stumbled upon the community and decided to become a content creator, focusing on miniatures and reviews. Crafting content often involves some serious brainstorming, but I'm committed to delivering top-notch stuff for all you players out there. I'll keep pushing myself to create the best content for the community! A big shoutout to everyone who's supported and encouraged me along the way. If you don't know me yet, just remember my ID Fishy!"
1001536,"Hey, gamers of the realm! Greetings, folks! I'm Sugar, and it's a real honor to be a nominee (first time and feeling quite flattered, to be honest). My passion lies in painting, and my dream is to become a full-fledged artist. I'll continue working diligently to create more fanart in the future and make Mini World a better place for everyone! It's a privilege if you enjoy what I do, so let's give it our all together!"
1001537,"I'm Yumi, a dedicated member of the community. I started my journey in Mini World back in 2017 and stumbled upon the Mini Community in 2019. It all began when I wanted to participate in the Stories with Prizes. Little did I know it would mark the start of my creative adventure. From May to December 2021, I penned nearly 170 posts, earning countless views, likes, and comments. I don't like to brag, but that's quite an achievement. I'll continue to put in the effort to give back to the community!"
1001538,"Hey, everyone! I'm Jelly, your average chatterbox who's also a bit obsessed with all things random. I'm a proud member of the Candy Crew. Yep, that's me! Give me your vote, and do it fast! Just vote for me! You won't regret it! Voting for me is the right choice, trust me!"
1001539,"Hello, folks! I'm Jinna, a quirky gal known as Pomelo among my buddies in the Sharing Community (the mystery of the nickname remains unsolved). I love reading, listening to music, and doing bullet journaling, just to name a few. When I first stumbled into this community, it was the mysterious roles and enticing rewards that hooked me. So, I rolled up my sleeves, worked tirelessly, and posted numerous map-sharing threads. Eventually, I earned the appreciation of Mecha Meow and became a manager in the community, guiding newcomers, maintaining harmony within the group, and consistently showcasing diverse map creations. My goal is to help the Mini World community thrive!"
1001540,"Hey, gamers of the realm! Hey there, everyone! I'm part of the management team in Sharing Community Group 1. I love to greet everyone with a smile and share my joy with the world. My interests are quite diverse, ranging from globetrotting to music, painting, and various sports. It's hard to believe that almost a year has passed since I joined the Sharing Community family. I started as a newbie, but I've grown into a team leader. I'm thrilled and honored that Sharing Community has provided me with this opportunity. In the days ahead, I'm committed to crafting top-notch maps, contributing my humble part to the community's prosperity!"
1001541,"Hello, everyone! I'm the dashing and charming HunterFox. I'm a devoted gamer, specializing in sandbox and action titles. With four years of Mini World under my belt, I excel in organizational leadership, taking responsibility and getting things done. I've served in multiple official Mini World organizations, spearheading various events. I value player feedback and strive to maintain a positive image in every gamer's heart. Wherever there's action, wherever there's Mini World chatter, you'll find me. Join me on this adventure, spread your wings of dreams, and let's explore Mini World together!"
1001542,"Hi, I'm Milk, and I have a confession to make: I'm a chronic procrastinator when it comes to posting my artwork ( ????`). It's quite surprising, even to me, that I made it here. I love to mess up with my cat (even though I often end up getting scratched), beat rhythm games, and create art. I can be a bit shy, usually opening up only to those I'm familiar with. But I'm determined to become more sociable and outgoing!"
1001543,"I'd like to express my sincere gratitude for being invited as a Star of Community candidate. I joined the Mini World Sharing Community as a content creator right from its inception. Eventually, I was appointed as a leader, and together with the official team, we crafted systems and tutorials to make it easier for newcomers. The community has blossomed with diverse cultures and rich content. I'm captivated by Mini World's limitless creativity. And my aim is to do my part and make our community shine even brighter."
1001544,"Hey, fellow gamers! I go by the name Pomelo , and I'm your walkthrough guru within the Mini World community. But deep down, I'm just a player like you. In my spare time, I'm all about art and drawing. It's truly an honor to be nominated as the Community Star of the Year. Let me share my journey, from a total novice to a verified content creator I am today! It all began on June 5, 2020, when I first dipped my toes into the Mini World, thanks to a friend's recommendation. At first, I was clueless, but then I stumbled upon Mini Box, and that's when I discovered the coveted V badge. Guided by a friend, I embarked on the path to become a verified content creator. Through continuous experimentation and learning how to craft articles, I finally became an intern by the end of 2020. And after putting in dedicated effort, on March 1, 2021 , I officially became a verified content creator. This is the story of my journey to becoming who I am today. Fellow gamers, don't hesitate to reach out and join the fun! To all the interns on the path to the V badge, may you get there soon! And for those aspiring to become a creator, keep up the great work! You've got this!"
1001545,"Hello, everyone! I'm Nono, a senior inspector within the Mini World community. I also wear hats as a journalist, a walkthrough creator, and even lead a team in the developer community's think tank! I've always wanted to contribute my bit to the community. I'm a responsible and slightly goofy gamer, and folks have given me various nicknames like NonoPig and Chubby Nono. My passion lies in drawing, and I've never given up on it. I entered the Mini World in January 2018, and by June of the same year, I discovered Mini Box. From being a complete novice to where I stand now, there's a tapestry of stories to share. But first and foremost, I want to express my gratitude to Mini World and all the friends who've supported me throughout. Special thanks to Candy, for her care and guidance!"
1001546,"I'm a verified writer in the community, also doubling as a journalist. I have a deep passion for writing, and being part of this community has not only introduced me to many friends but also honed my writing skills. I've even got the chance to unearth numerous stories behind the scene. Most importantly, I get firsthand information about Mini World. I love the feeling of sharing happiness, and I'll keep giving it my all!"
1001547,"I'm a verified clay modeling enthusiast, specializing in crafting Mini World characters. If you ask me which creation is my favorite, the answer is simple: I love each and every one of them! Looking forward to creating more high-quality works for the community in 2021!"
1001548,"Hey there, folks! I go by the name Rainbloom, and it's a pleasant surprise to find myself among the candidates! This year, I got lucky enough to join the ranks of the community's artistry team as a verified content creator. Art is an ever-evolving journey, and during this past year, I've had the privilege of crossing paths with many verified skilled artists. I look forward to progressing together with all of you and contributing my bit to the community. And as for my hobby... Guess what it is?"
1001549,"Greetings, everyone! I'm YunChen, a verified content creator for a year and a half now. Time really flies, and I've gained so much within this community. I love to discuss about writing and share the joys of life with all of you. This is an organization filled with love. This is a community filled with passion. While my work may have its flaws, I hope those who enjoy it will continue to do so! I'll keep pushing forward to bring you even better pieces!"
1001550,"I'm a fresh face here, and I won't bore you with the challenges of my journey. My favorite pastime is crafting guides for various miniature scenes. I get a real kick out of bringing real-world items into the Mini World. I hope you all enjoy my works, and I'll keep exploring new avenues of creativity in the future!"
1001551,Annual Selection
1001552,Annual Selection is over. Re-enter to check the final rankings
1001553,Tap too fast. Please redeem again in @1s
1001554,Tap too fast. Please vote again in @1s
1001555,Failed to load the event. Please try again later
1001556,Armor Hero
1001557,Snowy Party
1001600,Reserve
1006001,"Congratulations on upgrade!
You've received the exclusive rewards for Electrifying Player Lvl @1"
1006002,@1 days left
1006003,Lvl @1 Electrifying Player
1006004,Lvl @1 Electrifying Player
1006005,"Log in for @1 more days
 this month to become a Lvl @2 Electrifying Player next month"
1006006,Congratulations on getting the exclusive rewards for Electrifying Player Lvl @1
1006007,Reached
1006008,"The requirements of [@Level 1 High Energy Player] have been met, and you can upgrade after @2 days"
1006101,Invite new users to win permanent skin
1006102,Cumulative Invitations: [color=#EF8012]@1[/color]
1006103,Event Time: [color=#EF8012]@1-@2[/color]
1006104,The inviter will receive rewards only after the invited new player plays one public map for 3 minutes
1006105,Invite @1 New Players
1006106,Invite @1 More New Players
1006201,Go to Obtain
1006301,#c060606 [A friend sent a Pat message. Please update to the latest version to check it out.]#n
1006302,%s patted %s
1006303,Myself
1006304,You can't pat a captain
1010001,Voice modulation parameters are not configured
1010002,Voice modulation parameters are configured incorrectly
1010003,"Voice modulation error, ret = @1"
1010004,Original
1010005,Agent Laura
1010006,Nini
1010007,Captain Tom
1010008,Kaka
1010009,Bearly
1010010,Cindy
1010050,You have submitted an appeal and the staff will review it within 1-3 days.
1010051,Please enter the reason for appeal in no less than 10 characters
1010052,Check Review Rules
1100001,Exclusive Rewards
1100002,Recommendations
1100003,Play
1100004,Create a new world together
1100005,Lobby
1100006,Multiplayer Online Mode
1100007,Mini Gallery
1100008,Resource
1100009,Mini Shop
1100010,Bonus
1100011,Membership
1100012,Battle Pass
1100013,Fruit
1100014,Community
1100015,Garden
1100016,Friends
1100017,Your friend is playing
1100018,You have @1 new messages
1100019,You have @1 new requests
1100020,Events
1100021,Send Custom Skin
1100022,Free Set
1100023,Played d ago
1100024,Played h ago
1100025,Played m ago
1100026,Just played
1100027,Operation successful. Thanks for your feedback. This will reduce similar content
1100028,Operation successful. Thanks for your feedback
1100029,Function disabled
1100030,Add friends to play together
1110001,"Dear Adventurer,"
1110002,Start
1110003,Welcome to the all-new version of Mini World! Let's kick off our exploration together!
1110004,"Here, you'll find the tools to build your world and unleash your creative game-making skills."
1110005,Can't wait to start a game? A ton of games that you'll love await! Have a go now!
1110006,"This is the creators' hub! We've got expert guides to take you from zero to hero, plus a treasure trove of materials for you to delve into!"
1110007,"Cool skins, gachapon shards, lucky packs... You name it! And there are bonuses waiting to be claimed!"
1110008,"Stay updated with the latest news! From official announcements to sneak peeks of upcoming versions, mysterious rewards, and friend moments – it's all right here!"
1110009,The [Garden] feature has moved to this spot! Don't get lost on your way back home!
1110010,Skip
1110100,Your birthday falls on [color=#ffed21]@1/@2[/color]. The party hasn't started yet!
1110101,Birthday Countdown:
1110102,d
1110103,"Fill in your birthdate to participate in the birthday party! Participate in the event to get permanent seasonal skins! Not only will you receive exclusive birthday gifts, but you can also celebrate with friends. It's said that the rewards for birthdays get richer every year! Come join us. Please select the correct birthdate! Because each birthday gift is unique!"
1110104,I'm currently partying it up in Mini World. Come join me!
1110105,"Celebrate your birthday, share some cake, and score limited-time skins while having a blast with your buddies!"
1110106,The Mini World Birthday Party is here! Get a free birthday-exclusive avatar frame and put on your birthday skin!
1110107,The Mini World Birthday Party is here! Get a free birthday-exclusive avatar frame and put on your birthday skin!
1110108,Only mobile users can set reminders!
1110109,Your operation is too frequent. Please try again later.
1110110,Calendar writing permissions turned off. Would you like to turn it on?
1110500,Privilege
1112000,Password Management
1112001,Security Validation
1112002,"Before changing your password, select a bound phone/email for security verification."
1112003,%s Verification
1112004,You're using a bound and verified %s to change your password.
1112005,Please enter the %s verification code.
1112006,Enter the email verification code.
1112007,Having trouble verifying? Try
1112008,Account Appeal
1112009,Set the password for @1: @2
1112010,Please set question-required password of UID %s. Question-required password and password can both be used for log-in.
1112011,Tips:
1112012,"1. You can use your UID and password to log in on other devices (friends, token and items will be retained, but the saves will be retained only after sharing)"
1112013,Password should be between @1 and @2 characters in length
1112014,Password should have at least @1 characters
1112015,"Between @1 and @2 characters and include a mix of letters, numbers, and symbols (at least two types)"
1112016,Please provide an answer with a minimum of @1 characters
1112017,Answer
1112018,Please enter the above password again
1112019,Set a security question password
1112020,Your current account isn't bound to a mobile number. Please link one before proceeding
1112021,Your current account isn't bound to an email address. Please link an email address first
1112022,Select the method to retrieve
1112023,%s Retrieval
1112024,Please enter the %s bound to the account to be retrieved
1112025,Please bind your phone or email to retrieve your account and password.
1112026,UID Cancellation
1112027,"Once cancelled, your UID can't be logged in anymore, and all your account data, including items, token, maps, resources, and other content, will be permanently deleted"
1112028,We'll perform the following verification to ensure the safety of your account and asset before cancellation:
1112029,Please read the [color=#76b04a]UID Cancellation Agreement[/color] carefully before continuing
1112030,More log-in options
1112031,Please enter the answer
1112032,"Password must include at least two of the following: letters, numbers, symbols (e.g., a, 2, ?)"
1112033,Please create a security question
1112034,"To ensure your account's security, please bind a mobile number or email before changing your password"
1112035,Bind Now
1112036,Later
1112037,%s Binding
1112038,%s Rebinding
1112039,You've already bound a mobile number
1112040,You've already bound an email address
1112041,"Password can't be all the same digit, letter, or symbol"
1112042,"%s unbinding requires verification of the bound %s. Please input the verification code to unbind, and then you can rebind %s"
1112043,%s rebinding requires verification of the original %s. Please enter the verification code to confirm your identity
1112044,%s Unbinding
1112045,Please enter the %s to bind
1112046,Please enter the %s to rebind
1112047,Password can't be consecutive numbers or letters
1112048,Please enter the UID
1112049,%s Retrieval Successful
1112050,%s Binding Successful
1112051,%s Rebinding Successful
1112052,Reset Password
1112053,We've successfully recovered @1: @2 for you. Please set a new password to ensure the security of your account
1112054,Password:
1112055,Security Question:
1112056,Answer:
1112057,Your UID isn't at risk of theft or bans
1112058,The balance for developer-related token in your UID will be settle to zero
1112059,There's a security concern associated with this account
1112060,"Sensitive operations, such as changing your password, have been performed on your UID within the last 15 days. Please ensure the security of your account"
1112061,The balance for developer-related currency hasn't been settled yet
1112062,Please visit the creator services platform to settle the related balance before cancelling your UID
1112063,Device Management
1112064,Log-in Device Management:
1112065,"When activated, you can check the device details associated with this UID."
1112066,Recently Used Devices:
1112067,Local Device
1112068,You need to bind a mobile phone to this UID before you can access %s device management
1112069,"Are you sure you want to turn off device management?
              Once disabled, the list of recently used devices won't be displayed anymore"
1112070,Retrieve UID
1112071,Register a New UID
1112072,Submit Registration
1112073,Reminder: Please keep your account and password secure to protect your account information
1112074,You've successfully registered an UID! Please make sure to securely store the following UID and password. You can jot them down on paper or save them as an image in your gallery
1112075,Password:
1112076,Log-in with Another UID
1112077,Log-in with Security Question
1112078,UID Deletion
1112079,"Once deleted, your UID can't be logged in anymore, and all your account data, including items, token, maps, resources, and other content, will be permanently deleted"
1112080,We'll perform the following verification to ensure the safety of your account and asset before deletion:
1112081,Please read the [color=#76b04a]UID Deletion Agreement[/color] carefully before continuing
1112082,"Your account verification information has expired. For the security of your account, please re-enter your password to log in"
1112083,Save Directly
1112084,%s currently not available
1112085,Please complete the account verification first:
1112086,Log-in with Another Account
1112087,Security Questions
1112088,Please enter your account
1112089,Please select a security question
1112090,Please enter the answer to the question.
1112091,@1 consists of @2 to @3 characters.
1112092,@1 should be less than or equal to @2 characters.
1112093,@1 must include @2.
1112094,Number
1112095,Letter
1112096,"Please enter a @1-@2 character account, including letters."
1112097,"Please enter a @1-@2 character password, including numbers and letters."
1112098,Please enter your password again.
1112099,@1 cannot contain special characters.
1112100,@1 cannot contain illegal characters.
1112101,Already have an account? Go ahead and log in.
1112102,Your new account has been successfully registered. You can use your username and password to log in next time.
1112103,@1 cannot be empty.
1112104,Currently logged in as @1:
1112105,Complete your account information for account recovery and to ensure the security of your account.
1112106,Account Binding
1112107,Complete your account information for account recovery and to ensure the security of your account.
1112108,Verify your phone number
1112109,Verify your email
1112110,Log-in Verification
1112111,Authentication is required when logging in on a new device.
1112112,"Once deleted, the account records in the list cannot be restored. Are you sure to delete it?"
1112113,"Set an account password to switch devices for log-in (friends, account tokens/items will be retained). Please ensure the confidentiality of your account information and be cautious not to leak your password."
1112114,Retrieve Account
1112115,"Retrieve the following account via @1, please select the account to set a new password."
1112116,Apple
1112117,Logged in successfully with UID @3 bound to @1 account @2.
1112118,UID created successfully with @1 account @2.
1112119,Log-in information expired. Please log in again.
1112120,Failed to log out @1.
1112121,UID @1 has been cancelled. You can create a new one to enter the game.
1112122,UID @1 has been banned. You can file an appeal to learn more about it.
1112123,Log in with another account
1112124,Enter Account
1112125,Create Account
1112126,Account: [color=#76B04A]@1[/color]
1112127,Password: [color=#76B04A]@1[/color]
1112128,"Requesting your storage permission: This is used to access local log-in account information and map saves resources. If denied, we won't be able to access your historical game accounts or saves."
1112129,"To switch to @1@2 you want to log in, you need to change the save file. Tap restart to change it!"
1112130,Switch Directory
1112131,"Reminder: After switching, you need to restart the client."
1112132,Directory @1: @2
1112133,In use
1112134,Use Today
1112135,Use before @1@2
1112136,The save directory @1 you selected to switch to requires restarting the game for the data to be refreshed.
1112137,"Your current account has map saves in different directories. Directory @1 is being used. If any saves are not displayed, you can try"
1112138,Restart the Game
1112139,You can't switch the currently used directory!
1112140,"If you want to retrieve all save files again, please go to system settings-permissions and allow Mini World access to storage permission!"
1112141,Please enter the verification code for security verification
1112142,Change one
1112499,-1112499
1112500,1112500
1112501,Account:
1112502,Desktop
1112503,@1 has been saved to @2. Please pay attention to your account security!
1112504,Apple Log-in
1112505,Account Name
1112506,Checking the configuration...
1112507,Loading the resources of world blocks...
1112508,The current network is disconnected. It's recommended to check your network connection or switch to another network before reloading.
1112509,The current network is unstable. It's recommended to check your network connection or switch to another network before reloading.
1112510,Reload
1112511,"Log in to the mobile phone and change the tie @1 time a year. Before changing the tie of the mobile phone, you need to verify the original mobile phone. Please enter the verification code to confirm your identity:"
1112512,"The binding failed, and the mobile phone number has been bound to another account. If the binding is not your account, it can be processed by retrieving the account or the account appeal function."
1112513,"The binding is successful, the current account verification mobile phone is @1, and the mobile phone will be used for account verification and retrieval in the future."
1112514,"The binding is successful, and the current account login mobile phone is @1. For the security of your account, please log in again."
1112515,"Dear adventurer, the number of times your logged in mobile phone has been used up. If the current logged in mobile phone cannot be used, please contact customer service for an account appeal."
1112800,1112800-1112899
1112801,Abnormal business
1112802,Illegal data format
1112803,Illegal signature
1112804,Missing required parameters
1112805,Illegal parameter
1112806,Parameter Error
1112807,Login failed. Please check your account or password!
1112808,The system is busy. Please try again later!
1112809,This account has been banned.
1112810,Account already existed
1112811,Account does not exist
1112812,Invalid verification code
1112813,The account is already bound to a phone number. Please unbind it first!
1112814,The account is already bound to an email. Please unbind it first!
1112815,Phone-based accounts are not allowed to unbind phone numbers.
1112816,Email-based accounts are not allowed to unbind email addresses.
1112817,Failed to send verification code
1112818,This phone number is bound with another account
1112819,This email is bound with another account
1112820,This phone number is not bound to any account
1112821,This email is not bound to any account
1112822,This account is not bound to a phone number
1112823,This account is not bound to an email
1112824,Incorrect account or password
1112825,Incorrect phone number or verification code
1112826,Password does not meet the rule
1112827,Account length does not meet the rule
1112828,Account does not meet the rule
1112829,The international dialing code for the phone cannot be empty
1112830,Incorrect email or verification code
1112831,Invalid channel number
1112832,Third-party channel failed
1112833,The password has not been set yet. Please use the password reset function!
1112834,Binding failed. This third-party account has already been bound!
1112835,The max attempts for sending SMS verification codes have been reached.
1112836,This account is not a quick registration user.
1112837,The phone number has already been bound.
1112838,The email has already been bound.
1112839,The number of accounts registered from your IP address has reached the limit.
1112840,The number of accounts registered from your device has reached the limit.
1112841,The mobile phone number has been bound to another account.
1112842,The number of times the logged-in mobile phone can be changed every year has been used up
1112900,Application List
1112901,Search Friends
1112902,Enter UID or nickname to be added
1112903,Scan to add
1112904,Possible interested player:
1112905,There are %s friends application(s)
1112906,View Main Page
1112907,Remove Follower
1112908,Following/Followers
1112909,Mutual Following
1112910,Follow
1112911,"Confirm to remove %s from your followers? Once removed, the player will no longer follow you, and you don't receive notifications."
1112912,Confirm to unfollow %s?
1112913,Unfollow
1112914,Visited Today
1112915,Visited %sd ago
1112916,Visited %sm ago
1112917,Visited %sy ago
1112918,In Single Player Mode
1112919,In Multiplayer Mode
1112920,In the %s map
1112921,No recommendation yet
1112922,Try another keyword
1112923,"Failed to search for friend, please tap the button below to add friends."
1112924,Follow %s to enter %s map and play together?
1112925,There are %s group application(s)
1112926,There are %s friends/group application(s)
1112927,Max number of friends reached
1112928,The player's friends list is full
1112929,Friend Request Notice
1112930,In-game Friend Request Pop-up
1112931,Clear Requests
1112932,*Keep friend requests for up to 7 days
1112933,Got too many friend requests? You can turn off reminders.
1112934,<<Go to Settings
1112935,You've hit the friend request limit. Please try again in %s
1112936,Hour
1112937,d
1112938,Week
1112939,Moon
1112940,This player does not allow tracking
1112941,Allow Friend Requests
1112942,This user rejects all friend requests
1113000,
1113001,"I have read and agreed to [color=#76b04a]<html><a href='1'>Game License and Service Agreement</a></html>[color], [color=#76b04a]<html><a href='2'>Privacy Policy</a></html>[color], [color=#76b04a]<html><a href='3'>Privacy Policy Summary</a></html>[color], and [color=#76b04a]<html><a href='4'>Children's Privacy Policy</a></html>[color]"
1113002,"I have read and agreed to #L#cfa7a0fGame License and Service Agreement@@1#n, #L#cfa7a0fPrivacy Policy@@2#n, #L#cfa7a0fPrivacy Policy Summary@@3#n, and #L#cfa7a0fChildren's Privacy Policy@@4#n"
1113003,Game License and Service Agreement
1113004,Privacy
1113005,Policy
1113006,Children's Privacy Policy
1113007,"I have read and agreed to [color=#76b04a]<html><a href='0'>%s</a></html>[color], [color=#76b04a]<html><a href='1'>Game License and Service Agreement</a></html>[color], [color=#76b04a]<html><a href='2'>Privacy Policy</a></html>[color], [color=#76b04a]<html><a href='3'>Privacy Policy Summary</a></html>[color], and [color=#76b04a]<html><a href='4'>Children's Privacy Policy</a></html>[color]"
1119999,
6660001,Creation Center
6660002,Creation Center Help
6660003,Welcome to the Creation Center! The Creation Center will assist you with all aspects of your creative journey in Mini World. Stay tuned for exciting updates!
6660004,Works Management
6660005,You haven't created anything yet. Give it a go now!
6660006,No map exceptions found
6660201,Become a verified creator
6660202,Claim Limited Novice Pack
6660203,Go complete Novice Tasks
6660204,Get verified
6660205,Claim Rewards
6660206,Rewards not claimed
6660207,You've been a creator for @1d
6660208,Creator Lvl
6660209,Go get verified
6660210,My Novice Tasks
6660211,Daily Growth Tasks
6660212,Daily Task
6660213,Weekly Task
6660214,Single Task
6660215,Activity
6660216,Creative Point
6660217,Level Benefits
6660218,Not verified yet. Complete Novice Tasks to get verified now!
6660219,Task Progress
6660220,Compared to Last Week
6660221,Activity Rewards
6660222,This Week's Activity:
6660223,Novice Help
6660224,Creator Help
6660225,Creator Level Info
6660226,Novice Pack Details
6660227,Congratulations on completing the task!
6660228,Rewards have been sent to your warehouse!
6660229,Got it
6660230,Level Benefits
6660231,Creator Benefits
6660232,Level Up Rewards
6660233,Activity Rewards
6660234,Level Benefits
6660235,Creator Benefits
6660236,Level Up Rewards
6660237,Activity Rewards
6660238,Congratulations on reaching your target!
6660239,Rewards have been sent to your warehouse!
6660240,"Q: What's the Creator Level?
 A: Think of Creator Levels as the showcase of a creator's talents in Mini World. The higher your level, the more impressive your creative skills. Plus, we'll even throw in some sweet benefits based on your Creator Level, like extra save slots and access to higher-level tools.
 Creator Levels are determined by your Creative Points."
6660241,"Q: What's Creative Point? How to boost Creative Point and Creator Level?
 A: Creative Points measure your creative prowess from every angle.
 To boost your Creative Points, focus on crafting high-quality maps, and keep an eye on key data, like how well your maps perform and how much they're loved by the Mini World community. We evaluate your recent creative endeavors and data on a weekly basis. If your work shines, you'll be racking up those Creative Points in no time!"
6660242,"Q: What are Creator Tasks?
 A: By completing Creator Tasks, your in-game actions have a chance to generate Creative Points. Additionally, some Creator Tasks offer up Creative Points and Activity Points right on the spot. Rack up enough Activity Points in a week, and you'll be able to claim some exclusive weekly pack rewards!"
6660243,Completed
6660244,"Q: What are Novice Tasks?\nA: Novice Tasks are your ticket to getting cozy with the basics as a creator. Once you've aced all the Novice Tasks, you'll earn the coveted title of Verified Creator, unlocking a vault of pack rewards and creator benefits."
6660245,Complete the other two tasks to unlock
6660246,"Congratulations, you become a Verified Creator!"
6660247,Novice Pack has been sent to your warehouse!
6660248,Basic Activity Pack
6660249,Advanced Activity Pack
6660250,With a chance to get Skin Shards and Mini Beans!
6660397,Total Playtime
6660398,Most Commented
6660399,Work Data
6660400,Market
6660401,Search Resource
6660402,Statistical Period
6660403,View Data
6660404,Developer Academy
6660405,Help & Guidelines
6660406,Data Overview
6660407,Work Data
6660408,Get certified as a developer on the Creator Service Platform to unlock more data!
6660409,"Total Views: The cumulative number of times players have checked out your map details page (whether in the workshop or the lobby).
Downloads: How many times players have downloaded your map.
Total Plays: The total number of times players have jumped into your map.
Total Playtime (minutes): The combined time players have spent in your map.
Average Playtime per Player (minutes): The average time each player spends in your map.
Player Count: The total number of players who have entered your map.
Comments: The total number of comments left by players on your map. 
Favorites: How many times players have added your map to their favorites.
Blocks Given: The total number of blocks your map has received.
Likes: The total number of likes your map has received from players.
Total Ad Revenue: The earnings generated from players watching ads within your map.
Ad Impressions: The number of times players tapped to watch ads within your map.
Contribution Points: The points players have spent using Mini Coins on your creations or items.
Mini Points: The points players have used to purchase your creations or resources.
Mini Beans: The beans players have used to buy your creations or resources.
Special Note: If you're part of a certified studio, the income data for maps belonging to the studio won't be displayed."
6660410,No new messages for now
6660411,Latest Work Data
6660412,You haven't shared any of your creations yet. Get started by uploading now!
6660413,Upload Now
6660414,Play Count
6660415,Total Playtime
6660416,Average Playtime
6660417,Latest Comment
6660418,No comments yet
6660419,Latest Comments Page
6660420,Number of Creations
6660421,Times Played
6660422,Like:
6660423,Favorite:
6660424,Comment:
6660425,Block:
6660426,Recently Edited
6660427,Recently Created
6660428,Earliest Created
6660429,Most Played
6660430,Edit Map
6660431,Edited
6660432,Claimed
6660433,Not activated
6660434,Get certified as a creator on the Creator Service Platform to unlock more data!
6660435,Novice Task
6660436,"Craft a new map and start your 
creative journey"
6660437,"Tap Start to kick off your 
creative adventure"
6660438,Creation Messages
6660439,Creator Community
6660440,Creator Service Platform
6660441,Create a New Map
6660442,Backup/Restore
6660443,Take the Map Off the Shelf
6660444,Map Deleted
6660445,Message lost. Possibly deleted or couldn't be located
6660446,Like
6660447,Last Week's Follower Interaction Rankings
6660448,"1. This ranking only shows the top three players.
2. Active follower ranking is determined by followers' comments, blocks given, and likes within the map."
6660449,Cumulative Playtime Rankings
6660450,Cumulative Play Count Ranking
6660451,Active Follower Rankings
6660452,No data
6660453,Inspiration
6660454,Hot Tags
6660455,Get Creating
6660456,Recent Event
6660457,Upcoming Events
6660458,Related Links
6660459,@1/@2
6660460,Event is over
6660461,Submission Deadline
6660462,Event Started
6660463,No more pop-ups
6660464,Official Updates
6660465,View All
6660466,Creator Rules
6660467,Works
6660468,Play Count
6660469,Creation Tips
6660470,Join the ranks of creators!
6660471,Upload a map and kickstart your creative journey
6660472,Trainee Creator
6660473,Reach 100 play counts on your creations or pass the test to level up.
6660474,Take the Test
6660475,Creator
6660476,Milestones
6660477,Visit My Milestones
6660478,Cumulative Play Count
6660479,Go Pro
6660480,Check Milestones
6660481,Creation Management upgraded! Visit [color=#0A7FEF]Play - Post Map[/color] to manage your creations!
6660482,Congratulations on successfully uploading a map! You're a Trainee Creator now! Dive into the world of creativity in Mini World through the [Creation Center]. Let your imagination run wild!
6660483,Upload a map now and become a creator!
7000001,Get the Mini World Exclusive Data Pack and grab 150 Mini Coins
7000002,Subscribe
7001000,"Sorry, you can't download this map"
8000001,Room
8000002,Friends
8000003,Quick
8000004,Send
8000005,Tap here to chat
8000006,Friend List
8000007,Cancel
8000008,Done
8000009,Check out my owned character
8000010,Check out the weapon skin I've unlocked @1
8000011,Take a peek at my mount
8000012,Check my custom avatar
8000013,Whoa! I've unlocked the @1 badge!
8000014,Check out the skin I've got
8000015,Check this map downloaded by @1 players! @2
8000016,@1 invited you to join room @2
8000017,@1 invited you to team up
8000018,@1 just shared a map they've played
8000019,View
8000020,More
8000021,Enter
8000022,Enter the Room
8000023,Joined the Team
8000024,Download Map
8000025,Hold to drag
8000026,Tap to open the chat box
8000027,@1 New Messages
8000028,Recording @1s
8000029,Not available in the current mode
8000030,Recording time too short
8000031,Identifying
8000032,Microphone access not granted. Please enable it in the settings
8000033,No voice content detected
8000034,Please check your network connection and try again
9000001,Victory for Team @1
9000002,Share
9000003,Spectate
9000004,One more game
9000005,Join
9000006,Room @1
9000007,[color=#fa7a0f]Player Name[/color]
9000008,[color=#fa7a0f]Score[/color]
9000009,"@1, @2, gave you a thumbs up!"
9000010,The host invites you to play one more game.
9000011,Billion
9000012,Please select a game mode before submitting
9000013,"If you enjoy this map, you can follow, like, add to your favorites, and share it with your friends to support the creator!"
9000014,Save Recording
9000015,Only applicable to the current map
9000016,"Upload and Exit the Map

#cfa7a0f(The production and sharing of pornographic, political, violent and other illegal content are strictly prohibited.)#n"
9000017,"Uploading the map will close the room and remove all players within

#cfa7a0f(The production and sharing of pornographic, political, violent and other illegal content are strictly prohibited.)#n"
9100000,Hide all player titles
9100001,Show only titles from friends
9100002,Show all player titles
9100003,Edit Title
9100004,All
9100005,Limited
9100006,Event
9100007,Ordinary
9100008,Title Info
9100009,Acquisition
9100010,Use
9100011,Unequip
9100012,Go to Unlock
9100013,Not obtained
9100014,Title Display Settings
9100015,Title
9100016,No Title
9100017,Head to My Profile - Settings - Title to manage your titles
9100200,Show only titles from friends
9200000,Daily Task
9200001,Resets at 00:00 every day
9200002,"@1 tasks completed, earning @2 EXP"
9200003,Claim All EXP
9200004,Recommended Task:
9200005,Reward: @1 EXP
9200006,All weekly tasks completed!
9200007,Lvl @1
9200008,Lvl @1 and above
9200009,Novice
9200010,Trainee
9200011,Junior
9200012,Intermediate
9200013,Advanced
9200014,Honorary
9200015,Royal
9200016,Adventurer
9200017,@1m
9200018,Lvl
9200019,Novice Adventurer
9200020,Trainee Adventurer
9200021,Junior Adventurer
9200022,Intermediate Adventurer
9200023,Advanced Adventurer
9200024,Honorary Adventurer
9200025,Royal Adventurer
9200026,Go to Upgrade
9200027,You're just [color=#0AAA1A]@1 level[/color] away from the next rank. Upgrade with the [Battle Pass] now!
9200099,Reserve
9200100,Text contains inappropriate words. Please review and try again
9200101,No relevant results found
9200102,IP Location: @1
9200103,"IP location is based on the information from your internet service provider. If you have any questions, feel free to reach out to customer service"
9200104,Posted on @1
9200105,[color=#FFFFFF]Friend [/color][color=#FF6D25]@1[/color][color=#FFFFFF] is currently playing[/color]
9200106,[color=#FF6D25]@1[/color][color=#FFFFFF] friends are playing[/color]
9200107,[color=#FF6D25]@1[/color][color=#FFFFFF] and other friends are playing[/color]
9200198,"You can earn a base EXP of 3600 per week, along with additional EXP and retrievable progress from last week"
9200199,(Including carry-over EXP @1)
9200200,Adventurer! This week's tasks haven't started yet. The tasks for #cFFEB98Week @1#n are still ongoing. Keep up the momentum!
9200201,Weekly Sign-in
9200202,Signed in
9200203,Ended
9200204,Not started
9200205,This Week's Task EXP: #cFFEB98@1#n/@2
9200206,Completed: #cFFEB98@1#n
9200207,(Limit: @1)
9200208,Are you sure you want to refresh this task?
9200209,(Weekly Refreshes: @1)
9200210,This Week: [color=#0AAA1A]@1[/color]/@2
9200211,Weekly refresh limit reached
9200212,Not yet reached
9200213,View more tasks
9200214,Go to Claim Rewards
9200215,You've earned a total of [color=#FFEA39]@1[/color] EXP!
9200216,Unable to earn more task EXP this week
9200217,Reserve
9200218,Friend Request
9200219,invites you to join the team!
9200220,invites you to join: #cFA7A0F@1#n
9200221,requests to be your friend
9200222,#c01c210@1#n/@2
9200223,invites you to join: #cFA7A0F@1's garden#n
9200224,You're in your garden now. Are you sure to enter a new room?
9200225,You're in your Garden now. Are you sure to visit your friend's Garden?
9200226,You're in the middle of a game now. Are you sure to visit your friend's Garden?
9200301,Complete tasks to get the key first!
9200302,You've got the key. Tap the Claim button to claim your custom skin!
9200303,One Cheery Pack
9200304,A Bag of Mini Beans
9200305,Meet the requirement to claim a custom skin
9200399,Reserve
9200400,"To use this feature, you'll need to enable location sharing to provide your location information. When it's on, you can see nearby players, and they can see you on their nearby players list. You can send friend requests and join each other's public online multiplayer rooms. If location sharing is turned off, you can enable it in your phone's settings."
9200401,Agree to activate
9200402,Scanning...
9200403,Enabe location sharing
9200404,Allow friend requests from nearby players
9200405,There are @1 players nearby
9200406,Refresh
9200407,@1m
9200408,@1km
9200409,Map Name
9200410,Player Name
9200411,Playing: @1
9200412,This player doesn't allow friend requests from nearby players
9200413,No nearby player info found. Please try again in 5 minutes
9200414,"1. Once you enable the Players Nearby feature, you can see other Mini World players near your location.

 2. If you want to add nearby players to your friend list, simply tap the Add Friend button on their avatar frame, and a friend request will be sent automatically.

 3. If a nearby player is playing in a public online multiplayer map, you can view their map room info. Simply tap Follow to join them and play along.

 3. Tap the avatar of a nearby player to enter their Profile page.

 4. Tap Refresh to see a different group of nearby players if there are many in your vicinity.

 5. If you uncheck Allow Friend Requests From Nearby Players, other players won't be able to add you as a friend from the Players Nearby page. However, they can still send a friend request if they visit your Profile.

 6. To disable the Players Nearby feature, you can turn off Location Access in your mobile device's settings."
9310001,No message notifications at the moment
9310002,System Messages
9310003,Interaction Messages
9310004,"By disabling message notifications, you won't receive push notifications for this message. Enabling Do Not Disturb mode will remove the red dot notification for this message."
9310005,Fold
9310006,Tap to unfold
9310007,Tap to view
9310008,commented on my map
9310009,replied to my comment
9310010,liked my comment
9310011,liked my map
9310012,and [color=#FF6D25]%s[/color] players
9310013,The creator pinned your comment
9310014,mentioned me
9310015,Title:
9310016,Content:
9310017,Item list is empty
9310018,Are you sure you want to delete all read messages under {%s}? This action cannot be undone.
9310019,"By unchecking this, you won't receive notifications for [Secondary Category] messages anymore. Are you sure you want to turn off message notifications?"
9310020,"Are you sure you want to delete? Once deleted, this message can't be restored. Confirm to delete the corresponding message."
9310021,sent me @2 x@1
9311000,Unable to pin more friends
9311001,Friend pinned
9311002,Removed from top
9311003,Friend already pinned
9311004,Edit Remark
9311005,Nickname: @1
9311006,Tap to enter a remark (up to 14 characters)
9311007,Remark updated successfully
9311008,Remark update failed
9311009,Remark has been revoked
9311010,Remark revocation failed
9311011,Please enter a remark
9312000,Best Partner
9312001,Best Partner Display
9312002,Display or hide your Best Partner on your profile
9312003,Complete
9312004,Manage
9312005,Are you sure you want to end your relationship with %s regarding %s? #r1. Shared benefits with your friend will be removed.#r2. Your close friendship record will be deleted.#r3. A message about ending the relationship will be sent to them via the message center.
9312006,Failed to end the relationship
9312007,Relationship successfully ended
9312008,No Best Partners to manage
9312009,Become a Partner with %s
9312010,You can still have %s types of partners
9312011,Add Partner (%s/%s)
9312012,Please select a partner type first
9312013,Application failed
9312014,Application sent
9312015,Friendship: %s/%s
9312016,Not met
9312017,Applied
9312018,Add
9312019,"Application submitted, waiting for the response"
9312020,Friendship not high enough
9312021,Level 1 Reward: Your friends list and friend info cards will display different [color=#FF6D25]relationship icons and values[/color].
9312022,"Level 2 Reward: You'll receive [color=#FF6D25]room entry broadcasts[/color] for friends, and you can customize them in the store announcement settings."
9312023,Level 3 Reward: You'll have your friends [color=#FF6D25]featured together[/color] in the My Profile
9312024,"1) Friendship Point Acquisition#L2#1. You can earn up to 20 Friendship Points daily. Any points earned beyond 20 won't count.
 2. Team up with friends and play games for at least 3 minutes to earn 1 point each. Daily max: 10 points.
 3. Have a one-on-one chat with a friend and exchange at least 2 messages (both of you must send messages; invites and shared messages don't count) to earn 1 point each. Daily max: 2 points.
 4. Share a map with a friend, and you both pocket 1 point. Daily max: 2 points.
 5. Sending a free Red Flower item to a friend will earn you 2 points each time. Daily max: 6 points.
 6. Exchange store items with friends and score friendship points based on the item value. Get 1 point for every 20 Mini Coins' worth of items exchanged. Daily max: 10 points. #L1#2) Best Partners#L2#1. When your friendship points reach 100, you can establish special relationships with up to 4 friends, including close friends, confidants, bros, sises, and more.
 2. Once you've established a relationship, you can't switch to a different type unless you break the current one and start anew.#L1#3) Benefits#L2#1. When you reach a certain level of intimacy after establishing a close relationship, you'll unlock corresponding benefits. The higher your level, the more perks you'll unlock.
 2. Benefits will no longer be available when you end the relationship.#L1#4) Friendship Point Deduction#L2#1. Ending a relationship won't dent your friendship points.
 2. If you delete a friend, both parties' friendship points reset to zero, and your relationship ends.
 3. If you and your friend go 30 days without interacting, starting on day 31, your friendship points drop by 7 points daily. Friends with an established relationship hit a minimum of 100 friendship points, while those without drop to zero until you reconnect."
9312025,Best Partner
9312026,#c0AAA1A requests to be #cFA7A0F%s
9312027,Expires in: %s
9312028,This player has hidden the best partners
9312029,Lvl
9312030,Remaining Slots [color=#52BF51]x %s[/color]
9312031,[color=#961A1A]%s[/color]
9312032,[color=#D37E7E]Days in Partnership: [/color][color=#961A1A]%s[/color]
9312033,[color=#DC3A3A]%s[/color]
9312034,[color=#96401A]%s[/color]
9312035,[color=#D29E61]Days in Partnership: [/color][color=#96401A]%s[/color]
9312036,[color=#F79B2F]%s[/color]
9312037,[color=#961A5D]%s[/color]
9312038,[color=#C680CC]Days in Partnership: [/color][color=#961A5D]%s[/color]
9312039,[color=#C938DA]%s[/color]
9312040,[color=#1A6696]%s[/color]
9312041,[color=#67A3CD]Days in Partnership: [/color][color=#1A6696]%s[/color]
9312042,[color=#3899DD]%s[/color]
9312043,This player has sent you a partnership request
9312044,*Partnership requests are only kept for 7 days
9312045,You've reached the maximum number of partnerships and can't send more requests
9312046,"Maximum number of partnerships reached, unable to establish more"
9312047,"Maximum number of partnerships reached for this player, unable to establish more"
9312100,
9312200,"#L#cFDE642This map allows you to save player items, which means you won't need to empty your wallet!#n"
9312201,This map allows you to save player items. Items purchased from the in-game shop can be used in the same type of online multiplayer room or in single-player mode
9312202,#L#cFA7A0FItem saving support#n
9312300,@1 has become the new captain
9312301,@1 has left the team
9312302,@1 has been removed from the team
9312303,@1 has joined the team
9312304,Tap to return to the team
9312305,Already in a team
9312306,Team-up Successful
9312307,Only the captain can set the map
9312308,Only the captain can start the game
9312309,The server's busy right now. Please try again later
9312310,@1's Team-up
9312311,"#c373631Hey @1, learn the ropes of team-up and fight alongside your friends!"
9312312,#c16AE25Tap here#c373631 to invite friends to join your team
9312313,#c16AE25Tap here#c373631 to pick a map
9312314,#c16AE25Choose#c373631 favorite map
9312315,#c373631 Click here to summon teammates #r#c16AE25Tap to continue
9312316,#c373631Do you want to choose more maps? #r#c16AE25Click here #c373631 to minimize team play. Eenter the Multiplayer #r or More Worlds to download them.
9312317,#c16AE25Click here #c373631 to return to the team and start the game
9312318,The current map supports matching mode
9312319,"Oh no, where are my buddies?"
9312320,Unable to chance the current mode
9312321,Can't hop into a matching game in progress
9312400,I'm a novice
9312401,Game Feedback
9312402,"Hello, dear adventurer! I'm the captain. What would you like to know?"
9312403,#L#c373631Check out the new hotlist#n
9312500,Claim a top @1 spot in points this week to earn
9312501,This week's event theme: @1
9312502,This week's points: @1
9312503,Next week's event theme: @1
9312504,Countdown: @1d @2h
9312505,No points earned
9312506,"This Week's Event Title: @1
Validity: @2
1. The top @3 players in this week's event points will receive the title. The title will be automatically sent when the event is over.
 2. The first title will be automatically equipped and displayed before your nickname when you're in a map.
 3. You can view or equip your owned titles in the Title Management section.
 4. Event titles have a limited duration and expire after the validity period. So equip them in time!"
9312507,No more historical season data available at the moment!
9312508,Valid Until @1/@2/@3
9312509,"#cff9c33@1#n invites you to join the Season Pass Event
#n
My points this week:#cff3c43@2#n
#n
See if you can beat me!"
9312510,"#cff9c33@1#n invites you to join the Season Pass Event
#n
Please update to the latest version"
9312511,@1/@2/@3-@4/@5/@6
9312512,Next Rank: @1/@2
9312513,Top @1 players in the server will receive a timed title
9312600,Dynamic lobby
9312601,My dynamic
9312602,send news
9312603,@1 month ago
9312604,@1 year ago
9312605,Sync to dynamic topics
9312606,heat
9312607,"During the dynamic review, interaction is not allowed for the time being"
9312608,Select the associated map
9312609,No friends yet
9312610,Enter the player's nickname or ID.
9312611,input topic
9312612,Choose a topic
9312613,No topic
9312614,Share with friends
9312615,Enter a nickname or mini number that is too long
9312616,Please control the number of words in the topic to less than 20
9312617,The user was not found
9312618,I posted it.
9312619,My favorite
9312620,"You haven't entered the map yet, you can search for maps/games of interest"
9312621,"You haven't published a map yet, you can search for maps/games of interest"
9312622,"You haven't collected a map yet, you can search for maps/games of interest"
9312623,Please control the number of map words within 20
9312624,Enter map name
9312625,The map was not found
9312626,Maximum word count exceeded
9312627,"The release copy is too short, publish more content to get more attention"
9312628,Some pictures were not uploaded successfully.
9312629,Pictures are being uploaded.
9312630,The review status of the work is abnormal and cannot be shared.
9312631,"To upload pictures, you need to authorize album access. Please go to the personal center--open it in the settings."
9312632,"The size of the uploaded picture exceeds the limit, please control it within 5M."
9312633,#Publish news
9312634,vote
9312635,#Dynamic settings
9312636,both parties
9312637,multi-party
9312638,Voting title
9312639,Please enter (within 1 word)
9312640,Option @1
9312641,Deadline
9312642,The deadline should be 30 minutes after the current time.
9312643,Add options
9312644,Voting restrictions
9312645,radio only
9312646,multiple choices only
9312647,#time checkbox
9312648,Do not set yet
9312649,#Dynamic list card voting component
9312650,Click the button above to vote (radio)
9312651,Click the button above to vote (multiple choices)
9312652,People participate
9312653,Share voting opinions
9312654,Countdown @1 minute
9312655,Countdown @1 hour
9312656,Swipe left and right to see more pictures
9312657,interactive message
9312658,Add new fans
9312659,event news
9312660,No news yet~
9312661,Followed you
9312662,"The result of the vote ""@1"" you participated in has been released, come and have a look!"
9312663,This comment: @1
9312664,I replied to you: @1
9312665,In the comments @you: @1
9312666,In the dynamic @you: @1
9312667,Commenting on this post: @1
9312668,More n topics
9312669,"The picture is illegal, please change the picture and try again."
9312670,"You are concerned about #cEF8012 @@1 #n and other #cEF8012@2 #n released a new dynamic, come and see!"
9312671,This dynamic: @1
9312672,mutual attention
9312673,The map cannot be recommended without uploading it. Please complete the release of the map first.
9312674,Voting has expired
9312675,red square
9312676,blue square
9312677,Initiate a vote
9312678,Please enter a title
9312679,Please enter the voting options
9312680,"Your #cEF8012 @@1 #n released a new dynamic, come and see!"
9312681,The original dynamic has been deleted
9312682,@1 replies in total
9312683,Insert link
9312684,Delete message
9312685,Enter the link name
9312686,Link name
9312687,Link address
9312688,This comment has been deleted
9312689,This reply has been deleted
9312690,Are you sure to delete #c0aaa1a@1(@2)#n Including all messages under the comment?
9312691,Please enter the link address
9312692,Share picture
9312693,Dynamic ID copied
9315000,Only the captain can initiate recruitment
9315001,Only homeowners can initiate recruitment
9315002,Team recruitment
9315003,Team Recruitment @1s
9315004,The recruitment information has expired!
9315005,"Whether to cancel the password and open the room, continue to post recruitment"
9315006,"The room is not open, whether to open the room and continue to post recruitment"
9315007,"Set a password for the room, whether to cancel the password and continue to post recruitment"
9315008,Room recruitment
9315009,Room recruitment @1s
9315010,Successful recruitment
9315011,Recruit teammates to play together
9315012,No members yet
9315013,Post a Recruitment
9315014,Team size:
9315015,Team Label:
9315016,"Recruitment information will be posted to the ""Recruitment Hall"""
9315017,Room Name:
9315018,Room label:
9315019,Random map
9315020,Please select a map
9315021,Are you sure to quite the map?
9315022,"After quitting, Event Points of all games will be settled. If no duel has been completed, no event points will be gained."
9400001,Behavior Tree
9400002,Bind Behavior Tree
9400003,Create Behavior Tree
9400004,Rename
9400005,Copy
9400006,Delete
9400007,Confirm
9400008,Confirm Deletion
9400009,The behavior tree is bound to multiple classes. Deleting it will automatically unbind other classes.
9400010,Confirm
9400011,Cancel
9400012,Change
9400013,Unbind
9400014,The file name already exists. Please enter a different name!
9400015,File name cannot be left empty.
9400016,"Once deleted, this behavior tree cannot be recovered. Continue?"
9400017,Classic Card Ability
9400018,Advanced Editing for Behavior Tree
9400019,Not yet available
9400020,Edit Advanced Options
9400021,Please select a method for Advanced Editing.
9400022,Open and Close Debug Menu
9400023,Choose Debug Creature
9400024,Resume and Pause
9400025,Play Through Frames
9400026,Move Canvas
9400027,Tap
9400028,Please select a creature for debugging.
9400029,Debugging feature has been enabled.
9400030,Debugging feature has been disabled.
9400031,Official templates cannot be deleted.
9400032,Advanced Editing Options
9400033,Advanced Creature Characteristic
9400034,Advanced Editing Method
9400035,Are you sure you want to completely delete [color=#FF0000]@1[/color]?
9400036,The behavior tree is bound to @1. Deleting it will automatically unbind other classes.
9400037,Multiple Classes
9400038,Dungeon
9400039,Reset
9400040,"After reset, it will become an official behavior tree, and the change cannot be undone."
9400041,Please use in Advanced Creation Mode.
9400100,Copy
9400101,Copy Subtree
9400102,Disconnect
9400103,Delete
9400104,Delete Subtree
9400105,Add Comment
9400106,Enable Explanation
9400107,Paste
9400108,Clear
9400109,Add Comment
9400110,Private Variable
9400111,Private
9400112,Global Variable
9400113,Content
9400114,This node is referenced by the following nodes. Please be cautious when deleting.
9400115,Block Reference Node
9400116,Delete
9400130,Overall movement node mode enabled
9400150,Please select a creature for debugging.
9400151,Debugging is not supported for this creature. Please select another one.
9400152,Null
9401001,"When this unit is attacked, the attacker is stored in the ""Object Variable"".\nIt can be used to implement logic for targets of counterattacks or follow, and so on."
9401002,"When this unit interacts with a specific item, the interacting object is stored in the ""Object Variable""."
9401003,Messages from the behavior tree interact with trigger messages.\nComplex logic can be achieved through message communication.
9401004,"When a specific audio is played in the vicinity of the unit, the position of the audio is stored in the ""Position Variable"".\nPlease note that only audio files provided by the official source can be received."
9401005,"If the return value of the decorated node is ""success"", it returns ""failure"". If the return value is ""failure"", it returns ""success"".\nPlease note that it only influences the node's return value and does not impact the node's logic."
9401006,"The decorated node executes only once, and subsequent executions are skipped."
9401007,The decorated node loops several times per execution.
9401008,"The decorated node always returns ""success"".\nPlease note that it only influences the node's return value and does not impact the node's logic."
9401009,"The decorated node always returns ""failure"".\nPlease note that it only influences the node's return value and does not impact the node's logic."
9401010,"The following child nodes connected to this node are executed from top to bottom.\nIf any child node returns ""failure"", the sequence node immediately returns ""failure"".\nThe sequence node returns ""success"" only when all child nodes return ""success""."
9401011,"The following child nodes connected to this node are executed from top to bottom.\nIf any child node returns ""success"", the selector node immediately returns ""success"".\nThe selector node returns ""failure"" only when all child nodes return ""failure""."
9401012,"The following nodes connected to this node are executed simultaneously, and conditions for success and failure can be configured by tapping on the parallel node.\nBe cautious as simultaneous execution of certain action nodes with behavioral logic may lead to conflicts."
9401013,"Evaluate the current in-game time.\nUseful for implementing logic to perform specific actions at certain times.\nReturn ""success"" if the condition is met; otherwise, return ""failure""."
9401014,"Determine if the location is within a specific area.\nUseful for implementing logic to perform special actions within a specific area.\nReturn ""success"" if within a specific area.\nReturn ""failure"" if not within a specific area."
9401015,"Evaluate the distance between two positions.\nReturn ""success"" if the condition is met.\nReturn ""failure"" if the condition is not met."
9401016,"Check if the object variable is null.\nReturn ""success"" if it is not null.\nReturn ""failure"" if it is null."
9401017,"Evaluate the team relationship between two objects.\nUseful for implementing logic where objects attack each other only if they have specific camp relationships.\nReturn ""success"" if the condition for addition is met.\nReturn ""failure"" if the condition is not met."
9401018,"Determine the object type as player/creature/specific creature type/specific item type.\nReturn ""success"" if the condition for addition is met.\nReturn ""failure"" if the condition is not met."
9401019,"\nPrerequisite: The object is a player. Evaluate the object's player attributes.\nReturn ""success"" if the condition for addition is met.\nReturn ""failure"" if the condition is not met."
9401020,"Check if there are players in the vicinity.\nReturn ""success"" if a player is detected.\nReturn ""failure"" if no players are detected.\nUseful for implementing logic to perform pathfinding or attacking when a target is present."
9401021,"\nPrerequisite: The object is a creature. Evaluate the object's creature attributes.\nReturn ""success"" if the condition is met.\nReturn ""failure"" if the condition is not met."
9401022,"Check if there is a block in the vicinity.\nUseful for implementing logic to destroy blocks when a specific type of block is present.\nReturn ""success"" if a block is detected.\nReturn ""failure"" if no blocks are detected."
9401023,"Check if a specific type of block is present at the specified location.\nReturn ""success"" if the condition is met.\nReturn ""failure"" if the condition is not met."
9401024,"\nPrerequisite: The object is an item. Evaluate the object's item attributes.\nReturn ""success"" if the condition is met.\nReturn ""failure"" if the condition is not met."
9401025,Determine the facing direction of a particular object.\nUseful for ensuring that an object always faces the player.
9401026,Broadcast messages; this node can communicate with triggers.
9401027,Instruct AI to remain stationary for several seconds.
9401028,Assign a team to an object.
9401029,Change the appearance of an object.
9401030,"Replace an object with another, and its attributes will be updated accordingly."
9401031,Ride on a particular object.
9401032,Instruct a particular object to play an animation with a specified ID.
9401033,\nPrerequisite: The object is a player.\nChange the object's player attributes.
9401034,\nPrerequisite: The object is a creature.\nChange the object's creature attributes.
9401035,Approach the vicinity of a specified location and break its block.
9401036,Approach the vicinity of a specified location and deploy a block at that location.
9401037,Approach the vicinity of a specified location and replace its block.
9401038,Deposit a designated number of items at a particular location.
9401039,\nPrerequisite: There is a specific item in the Backpack.\nAction: Retrieve the item from the Backpack and put it in hand.
9401040,Generate a specific item and place it directly into the Backpack.
9401041,Pick up specific items in the vicinity and put them directly into the Backpack.
9401042,"Move to a designated location.\nNote: A valid path is required, and the distance should not exceed 50 slots."
9401043,"Move randomly within a defined area.\nNote: A valid path is required, and the distance should not exceed 50 slots."
9401044,"Follow a designated target.\nNote: A valid path is required, and the distance should not exceed 50 slots."
9401045,"Sequentially move through a group of locations, starting from the first location.\nUseful for implementing patrol logic for specific locations.\nNote: A valid path is required, and the distance should not exceed 50 slots."
9401046,"Move away from a designated location.\nNote: A valid path is required, and the distance should not exceed 50 slots."
9401047,"Consistently move in a random manner within a defined area.\nNote: A valid path is required, and the distance should not exceed 50 slots."
9401048,Determine the movement mode for an object.\nUseful for implementing movement logic for specific aerial locations. Be aware that it may traverse through blocks.
9401049,"Navigate to the target's vicinity first, then launch an attack using the currently equipped item.\n"
9401050,"Navigate to the target's vicinity first, then throw a designated type of item.\n"
9401051,"Navigate to the target's vicinity first, then throw a designated type of item.\n"
9401052,Bestow an effect from the library of effects upon an object.
9401053,Remove specific effects from an object.
9401054,Remove a particular effect from an object and replace it with another.
9401055,Cause the object to vanish.
9401056,Instantly remove a singular object.
9401057,The object currently engaged in this AI process.
9402000,Perform actions from this point on every frame.
9403000,
9403001,Mithril Pan
9403002,Recipe
9403003,Fuel
9403004,Required Materials
9403005,Recipe
9403006,Menu
9403007,Ingredient
9403008,Attribute:
9403009,
9403101,Current
9403102,Items to be launched will be consumed in the order from left to right
