ID,任务名,任务描述,任务追踪
ID,Name,Desc,TrackDesc
1001001,عرض الفاكهة المقدسة,"ضع على طاولة الحياة العنصر @item_587#@1#r ( "" الفاكهة المقدسة"" يعبر عن "" الزمن السابق"" أكثر تقنيات التعديل الوراثي ذكاءً على الإطلاق)",ضع على طاولة الحياة العنصر @item_587#
1001002,ضع السيف المكسور الملتهب,"ضعها في حجرة الشجاعة @item_588#@1#r ( "" السيف المكسور الملتهب"" يمثل "" أيام ماضية "" تعاون التنين الأسود)",ضع @item_588# على طاولة الشجاعة
1001003,ضع عين الرجل الحجري,"ضعها في طاولة الحكمة @item_589#@1#r ( "" عين الرجل الحجري"" يمثل "" الرجل الماضي"" الذكاء الاصطناعي الذي كان يفخر به ذات يوم)",ضعها في طاولة الحكمة @item_589#
1001004,معركة الفراغ الوهمية!,اهزم معرك الفراغ الوهمي! #r ( لا يمكن العودة، من أجل أن تكون صغير),اهزم معرك الفراغ الوهمي!
1001005,احتك بالفراغ,احصل على @item_11333##r ( هذا ... بداية جديدة؟...),احصل على @item_11333##r
1002001,العودة إلى كوكب ميرا,وصلت أخيرا إلى كوكب ميرا بأمان. #r لكن عند احتراق حصار سلسلة النجوم، تم تفكيك الفريق بأكمله، لا أعرف ما إذا كان هنالك شركاء آخرون وصلوا الى كوكب ميرا؟,الوصول إلى كوكب ميرا
1002002,أنا أحتاج بعض الأحجار,اجمع @item_110# للحصول على @item_11627#@1#r ( انقر باستمرار على الأحجار للجمع، ايضا يمكن فتح لوحة التحكم، وقم بمعالجتها في الواجهة @item_104# للحصول على @item_11627#),اجمع @item_110# للحصول على @item_11627#@1
1002003,العديد من المواد,اجمع الجذور من@item_11006#@1#r ( انقر على جذع الشجرة، لكن يوجد بعض الجذوع تنمو في اماكن كبيرة),احصل على الأشجار من@item_11006#@1
1002004,بداية عيشة جميلة,استخدم@item_11627# و@item_11006# وعالجها@item_11002#@1#r (يمكن للأدوات اليدوية جمع الموارد بشكل أسرع),قم بفتح لوحة التحكم لمعالجة@item_11002#@1
1002005,حطاب,في حالة تملك@item_11002# جمع جذوع الشجرة للحصول على @item_11323#@1#r(@item_11323# و حاسمة لبقية الرحلة,جمع الأشجار المقطوعة@item_11323#@1
1002006,خبير البناء,استخدم @item_11323# لمعالجة @item_206#@1#r ( ما عدا @item_206# ، اغلب العناصر تحتاج بعضا من @item_11323# عند المعالجة  قم بتجميع المزيد ),عالج @item_206#@1
1002007,مَأوىً,ضع @item_206#@1#r ( يبدو أن هناك منزلًا متهدمًا بالقرب من محطة النجوم التي تم الإبلاغ عنها للتو ، ربما يمكن استخدامه @item_206# عالجه ولا تقلق ),ضع @item_206#@1
1002008,Arm Yourself,"Use @item_11323# and @item_11627# to craft @item_12012#@1#r (Surviving in the wilderness can be dangerous, so having a handy weapon is essential!)",Craft @item_12012#@1
1002009,استخدم يدك,اهزم اي مخلوق @1#r #r ( افضل حل للدفاع هو الهجوم؟ جرب كيف يشعر السلاح المصنوع حديثًا),اهزم أي مخلوق @1
1002010,النور في الظلام,استخدم@item_11006# و@item_11226# عالج@item_298#@1#r ( ملاحظة: يلاحظ! تتمتع الشعلة الصغيرة بوقت احتراق محدود وتحتاج إلى إعادة إشعالها إذا خرجت ، لكنها جيدة تمامًا كأداة إضاءة مؤقتة),عالج@item_298#@1
1002011,نار المعسكر,استخدم @item_298# لايقاد @item_1200#@1#r ( قد تكون هناك منازل جاهزة في المنزل المكسور بالقرب من محطة النجوم @item_1200#، قم بعمل معالجة بنفسك),اوقد@item_1200#@1
1002012,الحرفي,استخدم @item_11323# و @item_11627 وعالج @item_800#@1#r ( طاولة الحرفيين ، ضرورية للسفر والمنزل! نجاح باهر ~ يمكن معالجة المزيد من العناصر),عالج@item_800#@1
1002013,ضروري للبقاء,استخدم @item_12600# و @item_11226# عالج @item_828#@1#r عند استخدامها سوف تحتاج لـ @item_800# بعد المعالجة اذكر @item_828# قم بوضعه في مكان امن ، لا يمكنك النوم إذا كان هناك تهديد قريب!),عالج@item_828#@1
1002014,استريح,استخدم @item_828# نام #r ( انقر @item_828# واستلقي ، لكن لا تنام صباحا، يحتاج للانتظار الى المساء ، كوكب ميرا يبدا من 20:00 تأكد من الوقت ),بالنقر عليه سوف يتم وضع @item_828# نام
1003001,مشاوي لحم,خذ @item_12513# مطبوخ على نار المخيم ، احصل عليه @item_12514#@1#r ( يمكن تحميص اللحوم التي تسقطها معظم الحيوانات ، ومن الخطورة جدًا تناول اللحوم النيئة في البرية ، يرجى تحميصها قبل تناولها.),استخدم @item_1200# خبز للحصول عليها @item_12514#@1
1003002,عزاها اللشواء,تناول @item_12514# من أجل استعادة الطاقة @1#r ( بعد تناولها سوف تفعم بالطاقة والحيوية),تناول @item_12514#@1
1003003,المعدن المنحوس,استخدم@item_11627# و@item_11006# عالجها بـ@item_11012#@1#r ( عند امتلاك@item_11012# سوف تتمكن من تجميع العديد من المعادن ، التعدين بأيدي عارية مؤلم للغاية!),عالج@item_11012#@1
1003004,الطاقة الجديدة؟,احمل بيدك @item_11012# ونقب عن @item_402# للحصول على @item_11201#@1#r(@item_11201# ( @item_11201# إنه وقود الصهر الأكثر شيوعًا في ميرا ، وهو شائع سواء على الأرض أو تحت الأرض ، لذلك تذكر أن تنتبه.),جمع@item_402#@1
1003005,معدن جديد بالكامل,احمل بيدك @item_11012# ونقب عن @item_451#@1#r ( @item_451# يوجد متوزع في  كوكب ميرا، ينتج الكثير في الأسفل والأعلى),اجمع @item_451#@1
1003006,معالج المصهر,استخدم @item_11226# و @item_101# عالج @item_802#@1 #r ( بعد امتلاك @item_802# يمكنك صهر المعدن ، فقد حان الوقت لترقية الأدوات باستخدام المنجم بأكمله),عالج@item_802#@1
1003007,Metal smelting: Brass,Use fuel to smelt @item_451# in @item_802# to refine @item_11329#@1#r (@item_11329# is a very basic metal with a wide range of uses. It can be used to upgrade tools to improve efficiency),Smelt to get @item_11329#@1
1003008,المزيد من الأدوات اليدوية,استخدم@item_11329# و@item_11006# عالج@item_11011#@1#r ( عند المعالجة  سوف تحتاج@item_800# ، لا يمكن أن تكون سرعة التعدين هي نفسها),عالج@item_11011#@1
1003009,البقاء على قيد الحياة في البرية الدرس الأول,"انجزالأهداف في المهمات الخاصة بـ "" المستكشف المبتدئ"" #r ( بعد أن تعلمت أهم الوسائل الأساسية للبقاء في البرية ، حان الوقت لاستخلاص الاستنتاجات من حالة واحدة. لم تتحطم حيل الفراغ الوهمية ، فلنعمل بجد أكثر!)",أكمل جميع المهام في هدف المستكشفين المبتدئين
1004001,بداية الزراعة,استخدم@item_11627# و@item_11006# عالج@item_11032#@1#r ( مع ذلك ، يمكننا استصلاح الأراضي الصالحة للزراعة),عالج@item_11032#@1
1004002,زراعة الأراضي الصالحة للزراعة,امتلك @item_11032# مقابل @item_100# أو @item_101# استخدم تحويلها إلى أرض صالحة للزراعة @1#r ( عن طريق PC صوب إلى المربع واضغط على الزر الأيمن لفترة طويلة ، واضغط مع الاستمرار على المربع الموجود على المحطة المتنقلة لاستعادة الأرض المزروعة),احمل بيدك @item_11032# لزراعة الأراضي  الزراعية @1
1004003,ملك الطعام,خذ بـ @item_11400#   في@item_102# فوق @1#r ( احمل بيدك @item_11400# انقر على @item_102# فسوف يكون من الممكن الزراعة),
1004004,سماد,للاستخدام على المحاصيل استخدم @item_11311#@1#r ( @item_11311# يمكن أن يسرع من نمو معظم النباتات ، ولكن لن تنجح كل عملية إخصاب ),تستخدم في المحاصيل@item_11311#@1
1004005,المحاصيل !,المحصول الناضج @item_229#@1#r ( الحصاد الأول دائمًا لا يُنسى),احصل على@item_229#@1
1004006,The first step to be a chef,"Use @item_104# to craft @item_200108#@1#r (@item_800# will be needed when crafting. You can also ignite the bonfire with @item_298#, remember? Place @item_200108# on the @item_1200# you ignited to make more delicious food)",Craft @item_200108#@1
1004007,تحضير المواد الخام,استخدم @item_229# عالج @item_344#@1#r ( عند المعالجة ستحتاج إلى @item_800# . @item_344# يعتبر العديد من المواد كمواد أساسية),عالج@item_344#@1
1004008,Delicious Dish,Cook @item_12502#@1#r (Use @item_344# in @item_200108# and wait for the delicious dish to be prepared),Cook @item_12502#@1 in @item_200108#
1004009,تتغذى على,تناول @item_12502#@1#r ( فقط عندما تشبع يمكنك أن تعمل بشكل جيد !),تناول@item_12502#@1
1004010,لا يمكن تغليفه,استخدم@item_11323#  و@item_11006# عالج@item_1180#@1#r ( يمكن تخزين العناصر التي لا يمكن وضعها في حقيبة الظهر في صندوق التخزين),عالج@item_1180#@1
1004011,الدفاع ضد الأعداء الأقوياء,استخدم@item_11323# و@item_11006# وعالج@item_812# وقم بوضعه@1#r ( بعد تجهيز المنزل بباب ، لا يمكن فقط تسهيل الدخول والخروج ، ولكن أيضًا منع الوحوش من دخول المنزل. لكن كن حذرا@item_812# قد يدمرها المتوحشون! ),عالجه وضعه في@item_812#@1
1004012,العمل الدفاعي,استخدم @item_11323# عالج @item_821# وضعها في @1#r ( قم باخذ @item_821# قام بوضعه بشكل جيد  @item_821# فقد يكون من المحتمل الارتباط),عالجها وضعها في@item_821#@1
1004013,مدخل دفاع المدينة,استخدم@item_11323#،@item_11006# و@item_11227# عالج@item_535# ومن ثم ضعه في@1#r ( @item_535# يمكن توصيله بأوتاد خشبية حتى لا تتمكن الوحوش من دخول معقلك كما تشاء),عالجها وقن بوضعها في@item_535#@1
1004014,تمثال غامض,استخدم @item_104# و عالجها @item_596# وقم بوضعها في @1#r ( التمثال الحجري الغريب له شعور غريب بمجرد النظر إليه ، وقد يحدث شيء ما عند لمسه),عالجها وضعها في@item_596#@1
1004015,ابدأ من جديد,"باتجاه @item_596# تبرع بالنجوم @1#r ( بعد النقر على @item_596#، اختر ""تبرع بالنجوم"" يمكن أن يقودك رامي إلى هنا عندما تواجه حادثًا في البرية)",اتجه إلى@item_596# تبرع بالنجمات @1
1004016,البقاء على قيد الحياة في البرية الدرس 2,"أكمل جميع المهام في هدف ""تعلم عدم التوقف أبدًا"" #r ( تعلمت المزيد من معرفة البقاء على قيد الحياة ، حان الوقت للمضي قدمًا)","أكمل جميع المهام في هدف ""تعلم عدم التوقف أبدًا"""
1004017,مصدر الضوء الطبيعي,اصنع @item_905# أو @item_907#@1#r مع @item_837# (مصدر ضوء طبيعي دائم ، ربما بديل للمشاعل التي يمكن أن تنطفئ),حرفة @item_905# أو @item_907#@1
1005001,صعوبة اللباس,تم الحصول عليها عن طريق الصيد @item_11307#@1#r ( تحتاج إلى هزيمة وحيد القرن، للحصول على @item_11307# يجب عليك ان تبحث بتدقيق ),احصل على@item_11307#@1
1005002,معدات نحاسية!,اصنع وارتدي أي معدات نحاسية ، مثل@item_12216#@1#r (بعد التغيير إلى المعدات النحاسية ، ستكون أكثر مقاومة للضرب),اصنع وارتدي أي معدات نحاسية@1
1005003,Sharper Weapon,"Use @item_11329# and @item_11323# to craft @item_12004#@1#r (With @item_12004#, your combat ability will increase significantly)",Craft @item_12004#@1
1005004,القبض على اللص,عند هزيمة رسول الفراغ @item_11911#@1#r ( يعتمد قوة الفراغ على هؤلاء الرسل لسرقة قوة الخلق في كل مكان ، يجب إيقافهم!),تم الحصول عليها بهزيمة رسول الفراغ@item_11911#@1
1005005,قم بترقية طاولة الحرفيين!,أخذ @item_800# رقي @item_797#@1#r ( احمل بيديك @item_11911# عند النقر عليه سوف يأخذ @item_800# ليكن من الممكن ترقية @item_797# لتتمكن من مشاهدة جميع المواصفات),احمل بيدك@item_11911# عند النقر على@item_800#
1005006,مظهر جديد,"عند القيام بعمل أداة او عمل زينة @1#r ( استخدم @item_797# أو @item_800# كلاهما من الممكن ، انقر على طاولة الحرفيين لفتح الصفحة في الخلف، اختر "" اصلاح الأداة"" قم بإصلاح العناصر التي تحتاجها)",قم بإجراء إصلاح للأداة أو المعدات@1
1005007,زيد قوة الصهر,استخدم@item_11329# وعالج@item_799#@1#r ( بعد الاستبدال بمنصة صهر أكثر تقدمًا ، يمكن صهر مجموعات متعددة من المعادن في وقت واحد ، مما يضاعف الكفاءة),قم بمعالجة@item_799#@1
1005008,معدن موثوق,قم بتجميع @item_401#@1#r ( @item_401# نسبة الملمس @item_451# هو أقوى ، توزيع المعادن أعمق أيضًا ، فأنت بحاجة إلى حفر بضع طبقات أخرى تحت الأرض للعثور عليها ، لكن لا تحفر عميقًا),قم بتجميع@item_401#@1
1005009,صهر المعادن: ميثريل,عند الصهر يمكن الحصول على @item_11209#@1#r ( امتلك على @item_11209# بعد ذلك ، يمكن معالجة الأدوات والمعدات الأكثر متانة ، ويمكن معالجة المزيد من الكتل ، ويوصى بحجز المزيد),تم الحصول عليها بالصهر@item_11209#@1
1005010,أداة الميرثيل,عالج @item_11013#@1#r ( @item_11013# التعدين أسرع بكثير من @item_11011# ويمكنك استخدام حشوات الرون للحصول على قدرات أكثر كفاءة),عند معالجة@item_11013#@1
1005011,قوة الطبيعة,عالج @item_785#@1#r ( استخدم @item_785# يمكنك ترصيع الأحرف الرونية على الأدوات أو الأسلحة أو المعدات. هناك أنواع عديدة من أحجار الطلاسم. دعنا نستكشفها تحت الأرض.),عالج@item_785#@1
1005012,إلهام قوة الطلاسم,قم بعمل الطلاسم #r ( انقر على @item_785# افتح على الصفحة، يمكنك الاختيار بحرية من بين الأدوات وأحجار الرون على اليسار. جربها عدة مرات ، فسيفساء الطلاسم  ليست ناجحة دائمًا. ومع ذلك ، يجب الانتباه إلى الأدوات ذات القوة فوق الميرثيل لتضمين الأحرف الطلاسمية.),استخدم@item_785# نفذ ترصيعا من الطلاسم
1005013,قم بالتقدم خطوة واحدة !,"عند انهاء "" المستكشف الماهر"" جميع مهمات الهدف #r ( أنت قادر بالفعل على الوقوف بمفردك ، والاستمرار في تقوية نفسك وهزيمة شبح الفراغ!)","انجاز "" مستكشف ماهر "" جميع مهمات الهدف"
1006001,شظايا من الماضي,قم بجمعها من البدروم @item_598# للحصول على @item_11205#@1#r ( @item_11331# يمكن @item_11205# بتكوين يملك العديد @item_598# لقد دفنت في أعماق كوكب ميرا منذ زمن طويل.),قم بجمعها من البدروم@item_598#@1
1006002,طاقة خطوط النجم,استخدم @item_11205# عالج @item_11331#@1#r ( حسب الاسم المقترح @item_11331# إنه دعامة رئيسية لإمداد الطاقة لمحطة النجوم),عالج@item_11331#@1
1006003,هل الجزيرة في السماء ؟!,في كوكب ميرا يمكنك الدخول على الجزيرة الفارغة #r ( يوجد في كوكب ميرا بيئة مميزة ، انفصل سطح الأرض عن المعلق إلى السماء ، لكنها بقيت في حالة مستقرة جدًا),خطوة إلى علم بيئة جزيرة السماء
1006004,التجارة الخارجية,يمكنك القيام بشراء الجزيرة الفارغة @item_11334#@1#r ( لقد اعتاد شعب أنجيلو على جمع الكنوز في كل مكان في الكون ، وفي نفس الوقت يحبون الأماكن المرتفعة كثيرًا. يجب العثور عليها في الجزيرة الفارغة. يجب أن يكونوا قد خزنوا الكثير @item_11334#),تم شراؤها من تجارجزيرة السماء@item_11334#@1
1006005,اكتمل التجميع!,عالج @item_11335#@1#r ( تم تدمير محطات النجوم في ميرا بشكل أساسي بواسطة الفراغ. حتى بعد تنشيطها ، لا يمكن نقلها إلا داخل الكوكب. يجب عليك استخدام @item_11335# استعادة وحدة النقل عن بعد الخاصة به),عالج@item_11335#@1
1006006,استعادة محطة النجوم,استخدم @item_11331# انقر على @item_594#@1 سوف يقوم بتفعيلها من جديد #r (بعد التنشيط ، يمكن إعادة توصيل محطات النجوم بشبكة خيط النجوم. طالما قمت بتنشيط المزيد من محطات النجوم ، ستكون الرحلة أسهل بكثير),استخدام@item_11331# انقر على@item_594#@1
1006007,ترقية محطة النجوم,استخدم @item_11335# انقر على @item_595#@1 سوف يقوم بترقية #r ( قم بترقيته إلى @item_597# وبعد ذلك يمكن الانتقال الفوري بين الكواكب المجاورة ),استخدم @item_11335# انقر على @item_595#
1006008,خطوة كبيرة في كوكب النجوم,"انجز "" مهندس النجوم الخطي "" وجميع مهمات الهدف #r ( بعد إصلاح محطة النجمة ، يمكنك الذهاب إلى نجمة اللهب ونجمة العين اللطيفة ، وهي على بعد خطوة واحدة من هزيمة شبح الفراغ)","انجز "" مهندس النجوم الخطي "" وجميع مهمات الهدف"
1007001,خطوة في الغابة المطيرة,ادخل إلى بيئة الغابات المطيرة في ميرا #r ( أشجار الغابات المطيرة في ميرا ستار طويلة وكثيفة ومليئة بالمخاطر في كل مكان. من الأفضل عدم الخروج أثناء عاصفة رعدية في الغابة المطيرة ، فالإصابة ببرق ليس مزحة!),بيئة الغابة المطيرة
1007002,قلب الغابات المطيرة,عند تدمير @item_396# ستحصل على @item_11601#@1#r ( من حين لآخر ، يتم ترسيب بعض البلورات على جذوع الأشجار في الغابة المطيرة ، وتحتاج إلى الهدوء والبحث عنها بعناية),احصل على@item_11601#@1
1007003,المفتاح القديم,"استخدم @item_11601# و @item_11329# عالجها واحصل على @item_11597#@1#r ( @item_11597# نقش عليها لغة نجوم ميرا القديمة ، مسجلة طريقة فتح ""معبد الغابات المطيرة"")",عالج واحصل على@item_11597#@1
1007004,معبد الغابات المطيرة!,جد في الغابات الممطرة @item_578# وبعد ذلك استخدم @item_11597# بعد النقر عليها وتفعيلها قم باستدعاء الغابة الممطرة #r ( اله الافعى الريشية),استدعي معبد الغابات المطيرة!
1007005,أفعى الريش,"قم بهزيمة الأفعى الريشية #r ( ولد الثعبان ذو الريش عن طريق الصدفة. ""الثمرة المقدسة"" مخبأة في أعماق جسدها ، وقد مرت بفترة زمنية غير معروفة)",قم بهزيمة أفعى الريشية
1007006,ثمار مقدسة,"احصل على @item_591#@1#r ( "" الثمار المقدسة"" يتم تمرير المفتاح المختوم المخزن في الكمبيوتر من جيل إلى جيل من خلال علم الوراثة)",احصل على@item_591#@1
1007007,معجزة الحياة,خذ @item_591# وقم وازرعة في داخل الحفرة، من أجل أن ينمو شجرة المقدسة@1#r ( الشجرة المقدسة تختلف على النباتات الأخرى، لا يمكن استعمال @item_11311# لتسريع نموها يمكن فقط الانتظار ),ازرع@item_591#@1
1007008,"مفتاح رمز "" الحياة""",يمكن تجميع والحصول على @item_587#@1#r في أعلى الشجرة المقدسة ( ترتفع الشجرة المقدسة في السماء ، وتنمو الثمار في الجذع العلوي. عملية الانتقاء خطيرة للغاية ، عليك توخي الحذر),احصل على@item_587#@1
1007009,افرد جناحيك وحلق,عالجه وارتدي @item_11591#@1#r ( ريش جناح الثعبان المصنوع من الريش قوي جدًا ولكنه خفيف بشكل غير عادي @item_11591# يمكنك الانزلاق معها على ظهرك),عالجة وارتديه@item_11591#@1
1007010,أوراق لامعة,اجمع أوراق الأشجار المتوهجة في الغابات المطيرة ليلاً واحصل على @item_11596#@1#r ( تذكر أن غبار النجوم على الأوراق سوف يتبدد بمجرد حلول النهار),احصل على@item_11596#@1
1007011,السحر؟,عالج @item_11569#@1#r ( إذا لم يتم تضمين الصاري ، فهو مجرد عصا),عالجه@item_11569#@1
1007012,السحر! ! !,عالج أي من طاقم العمل @1 مثل @item_11580##r ( هناك عدة أنواع من الأحجار الكريستالية ، ويعتمد الكهنة المتوحشون على هذه الأحجار الكريستالية لتتمتع بقدرات مختلفة),معالجة أي من طاقم العمل @1
1007013,"خذ القوس! ""فصل من الحياة""","أنجز "" مراقبة الضياع في الغابات المطيرة"" جميع المهام في الهدف","أنجز "" مراقبة الضياع في الغابات المطيرة"" جميع المهام في الهدف"
1008001,وصل الى نجمة اللهب,اركب محطة النجوم للوصول إلى نجمة اللهب #r ( يعتبر نجم اللهب أقرب نجم إلى كواكب المجرة ودرجة حرارة سطحه مرتفعة ويكاد يكون مغطى بالحمم البركانية قبل الذهاب الى نجمة اللهب يجب أن تقوم بعمل الاستعداد الكافي),ركوب محطة النجوم للوصول الى نجمة اللهب
1008002,تدريب التنين الأسودⅠ,"انتصر على التنين الأسود القديم! #r ( لا أعرف عدد السنوات والأيام التي مضت منذ أن حرس التنين الأسود السيف المكسور ، لكنه لم ينس الاتفاقية  التي أبرمها مع "" السالف"" إذا كنت ترغب في الحصول على "" السيف المكسور"" فيجب عليك أولاً اجتياز تجربته وإثبات قوتك للتنين الأسود.",انتصر على التنين الأسود القديم
1008003,"يمثل""الشجاعة"" المفتاح السري",احصل على @item_588##r ( يتم تخزين جزء من مفتاح الختم في السيف المكسور اللهبي وهو أمر ضروري لرفع ختم البركان),احصل على@item_588#
1008004,ترقية الصعوبة!,عالج@item_11215# ، لتفعيل@item_740# ، لاستدعاء التنين الأسود للحمم,استدعاء التنين الأسود الحمم
1008005,تدريب التنين الأسودⅡ,انتصر على تنين الحمم البركانية الأسود #r ( يتحول التنين الأسود إلى شكل حمم بركانية ليبدأ التجربة الثانية ويهزمها ويصبح أقوى),انتصر على تنين الحمم البركانية الأسود!
1008006,الصعوبة ممتلئة!,عالج@item_11216# وفعل@item_741# ، لاستدعاء التنين الفوضوي الأسود,استدعاء الفوضى التنين الأسود
1008007,تدريب التنين الأسود∞,انتصر على التنين الفوضوي الأسود #r ( تحول التنين الاسود الى شكل فوضوي ليفتح المستوى الثالث من التجارب وهذا اصعب اختبار ويتطلب اعدادا كافيا),انتصر على التنين الفوضوي الأسود!
1008008,احصل على قذيفة السلطعون,اهزم قذيفة السلطعون للحصول على @item_12605#@1#r ( قضيفة السلطعون البقاء على قيد الحياة في مثل هذه درجة الحرارة المرتفعة على النجم المحترق ، وحتى القدرة على السباحة في الصهارة ، لا ينفصلان عن غلافه الصلب السحري),احصل على@item_12605#@1
1008009,حقيبة ظهر مقاومة للحريق,عالج وراتدي @item_12277#@1#r ( بعد امتلاك @item_12277# يمكن أن تصمد أمام درجة الحرارة العالية لنجم اللهب),عالج وارتدي@item_12277#@1
1008010,"""شارة الشجاعة""","أكمل جميع المهام في هدف ""محاكمة القدماء""","أكمل جميع المهام في هدف ""محاكمة القدماء"""
1009001,الوصول على كوكب اللطافة,اركب محطة النجوم للوصول إلى كوكب اللطافة #r ( كوكب اللطافة هو القمر الاصطناعي الوحيد لكوكب ميرا، قوة الجاذبية أصغر بكثير من قوة ميرا. هناك مجموعة من الكائنات المحلية ذات المظهر الفريد تعيش على هذا الكوكب ، ويبدو التواصل صعبًا بعض الشيء ...),اركب محطة النجوم للوصول الى الكوكب اللطيف
1009002,تبديد التآكل الفراغي,ساعد العملاق القديم في تأكل الفراغ #r ( العملاق القديم أفسده الفراغ بعمق ، ولا يمكن إصلاحه. الطريقة الوحيدة هي تدميره #r يحتاج لايجاد المعبد بجانب @item_1042# اربع كتل ضع @item_408#، @item_409#، @item_449#،@item_450# حتى تتمكن من استدعاء الرجل العملاق القديم),مساعدة العملاق القديم للهروب من تآكل الفراغ
1009003,"يمثل ""الحكمة"" مقتاح سري",احصل على @item_589#@1#r ( @item_589# لقد كان إنجازًا كبيرًا في مجال الحياة الاصطناعية بواسطة نجوم ميرا القديمة ، وتم تخزين أحد المفاتيح الثلاثة للختم البركاني فيه.),احصل على@item_589#@1
1009004,"""مغامرات القصدير""","اهزم مغامرات القصدير، يحصل على @item_11077#@1#r ( طريقة تمييز الكائنات ذات العيون اللطيفة هي النظر إلى ألوانها. لون ""دينغ العيون اللطيفة"" أبيض ، وهو أمر مخيف للغاية ، لكن احذر من القنابل التي يبصقونها)",احصل على@item_11077#@1
1009005,النجمة الحجرية,استخدم @item_11077# عالجها واحصل على @item_11075#@1#r ( في @item_11075# وقبل ذلك يجب أن تحصل عليها في كوكب اللطافة @item_11090# حتى يكون ممكن),احصل على@item_11075#@1
1009006,تنشيط الطلاسم نجمة العين لطيف,استخدم @item_11075# واحصل على @item_1042#@1#r ( بعد تفعيلها سوف تنتج الأكسجين ، لا داعي للقلق بشأن نقص الأكسجة في منطقة الأكسجين),فعل@item_1042#@1
1009007,منجم النحاس الخام,تجميع @item_445# واحصل على @item_11073#@1#r ( @item_445# إنه أحد المعادن الفريدة في Mengyanxing ، ونسيجه أصعب بكثير من النحاس الأصفر),جمع @item_445# واحصل على @item_11073#@1
1009008,رأس نجمة النحاس,عالج @item_11016#@1#r ( اريد معالجة @item_11016# يجب الحصول أولا على @item_11087#),عالج@item_11016#
1009009,المنجم البنفسجي,كما أنه أحد المعادن الفريدة لنجم مينجيان ، ولكن العائد منخفض للغاية ، ونادراً ما يوجد في جزيرة مينجيان ستار.,اجمع @item_446# واحصل على @item_11074#@1
1009010,تطير للهروب!,عالج @item_12006#@1#r ( اذا اردت معالجة @item_12006# يجب عليك الحصول على @item_11088#),عالج@item_12006#@1
1009011,"""شارة الحكمة""","أكمل جميع المهام في هدف ""الإنقاذ الشديد""","أكمل جميع المهام في هدف ""الإنقاذ الشديد"""
2001001,فأس الحجر الأول,Processing@item_11002#@1#r (تتم معالجتها بشكل أساسي من المواد الاستهلاكية@item_11323# و@item_11627#),الآلات@item_11002#@1
2001002,المعول الحجريⅡ,معالجة@item_11002#@1#r ( عبر@item_796# أو@item_797# استهلك المواد وعالج),عالجitem_11002#@1
2001003,فأس نحاسيⅠ,معالجة@item_11001#@1#r ( عبر@item_796# أو@item_797# استهلك المواد وعالج),معالجةitem_11001#@1
2001004,فأس نحاسيⅡ,معالجة@item_11001#@1#r ( عبر@item_796# أو@item_797# استهلك المواد وعالج),معالجة@item_11001#@1
2001005,فأس ميرثيلⅠ,معالجة@item_11003#@1#r ( عبر@item_796# أو@item_797# استهلك المواد وعالج),معالجة@item_11003#@1
2001006,فأس ميرثيلⅡ,معالجة@item_11003#@1#r ( عبر@item_796# أو@item_797# استهلك المواد وعالج),معالجة@item_11003#@1
2001007,فأس التيتانيومⅠ,معالجة@item_11004#@1#r ( عبر@item_796# أو@item_797# استهلك المواد وعالج),معالجة@item_11004#@1
2001008,فأس التيتانيومⅡ,معالجة@item_11004#@1#r ( عبر@item_796# أو@item_797# استهلك المواد وعالج),معالجة@item_11004#@1
2001009,Chainsaw Ⅰ,Craft @item_11005#@1#r (Crafted by consuming @item_11203# and @item_11911# mainly),Craft @item_11005#@1
2001010,Chainsaw Ⅱ,Craft @item_11005#@1#r (Crafted by consuming @item_11203# and @item_11911# mainly),Craft @item_11005#@1
2001011,المجرفة الحجريةⅠ,معالجة@item_11022#@1#r ( عبر@item_796# أو@item_797# استهلك المواد وعالج),معالجة@item_11022#@1
2001012,المجرفة الحجريةⅡ,معالجة@item_11022#@1#r ( عبر@item_796# أو@item_797# استهلك المواد وعالج),معالجة@item_11022#@1
2001013,المجرفة النحاسيةⅠ,معالجة@item_11021#@1#r ( عبر@item_796# أو@item_797# استهلك المواد وعالج),معالجة@item_11021#@1
2001014,المجرفة النحاسيةⅡ,معالجة@item_11021#@1#r ( عبر@item_796# أو@item_797# استهلك المواد وعالج),معالجة@item_11021#@1
2001015,مجرفة ميرثيلⅠ,معالجة@item_11023#@1#r ( عبر@item_796# أو@item_797# استهلك المواد وعالج),معالجة@item_11023#@1
2001016,مجرفة ميرثيلⅡ,معالجة@item_11023#@1#r ( عبر@item_796# أو@item_797# استهلك المواد وعالج),معالجة@item_11023#@1
2001017,مجرفة التيتانيومⅠ,معالجة@item_11024#@1#r ( عبر@item_796# أو@item_797# استهلك المواد وعالج),معالجة@item_11024#@1
2001018,مجرفة التيتانيومⅡ,معالجة@item_11024#@1#r ( عبر@item_796# أو@item_797# استهلك المواد وعالج),معالجة@item_11024#@1
2001019,Tungsten Shovel Ⅰ,Craft @item_11025#@1#r (Crafted by consuming @item_11203# and @item_11911# mainly),Craft @item_11025#@1
2001020,Tungsten Shovel Ⅱ,Craft @item_11025#@1#r (Crafted by consuming @item_11203# and @item_11911# mainly),Craft @item_11025#@1
2001021,مجرفة حجريةⅠ,معالجة@item_11032#@1#r ( عبر@item_796# أو@item_797# استهلك المواد وعالج),معالجة@item_11032#@1
2001022,مجرفة حجرية Ⅱ,معالجة@item_11032#@1#r ( عبر@item_796# أو@item_797# استهلك المواد وعالج),معالجة@item_11032#@1
2001023,مجرفة النحاسية Ⅰ,معالجة@item_11031#@1#r ( عبر@item_796# أو@item_797# استهلك المواد وعالج),معالجة@item_11031#@1
2001024,مجرفة النحاسية Ⅱ,معالجة@item_11031#@1#r ( عبر@item_796# أو@item_797# استهلك المواد وعالج),معالجة@item_11031#@1
2001025,مجرفة الميرثيلⅠ,معالجة@item_11033#@1#r ( عبر@item_796# أو@item_797# استهلك المواد وعالج),معالجة@item_11033#@1
2001026,مجرفة الميرثيلⅡ,معالجة@item_11033#@1#r ( عبر@item_796# أو@item_797# استهلك المواد وعالج),معالجة@item_11033#@1
2001027,مجرفة التيتانيومⅠ,معالجة@item_11034#@1#r ( عبر@item_796# أو@item_797# استهلك المواد وعالج),معالجة@item_11034#@1
2001028,مجرفة التيتانيومⅡ,معالجة@item_11034#@1#r ( عبر@item_796# أو@item_797# استهلك المواد وعالج),معالجة@item_11034#@1
2001029,Tungsten Rake Ⅰ,Craft @item_11035#@1#r (Crafted by consuming @item_11203# and @item_11911# mainly),Craft @item_11035#@1
2001030,Tungsten Rake Ⅱ,Craft @item_11035#@1#r (Crafted by consuming @item_11203# and @item_11911# mainly),Craft @item_11035#@1
2001031,معول حجريⅠ,معالجة@item_11012#@1#r ( عبر@item_796# أو@item_797# استهلك المواد وعالج),معالجة@item_11012#@1
2001032,معول حجريⅡ,معالجة@item_11012#@1#r ( عبر@item_796# أو@item_797# استهلك المواد وعالج),معالجة@item_11012#@1
2001033,المعول النحاسيⅠ,معالجة@item_11011#@1#r ( عبر@item_796# أو@item_797# استهلك المواد وعالج),معالجة@item_11011#@1
2001034,المعول النحاسيⅡ,معالجة@item_11011#@1#r ( عبر@item_796# أو@item_797# استهلك المواد وعالج),معالجة@item_11011#@1
2001035,معول الميرثيلⅠ,معالجة@item_11013#@1#r ( عبر@item_796# أو@item_797# استهلك المواد وعالج),معالجة@item_11013#@1
2001036,معول الميرثلⅡ,معالجة@item_11013#@1#r ( عبر@item_796# أو@item_797# استهلك المواد وعالج),معالجة@item_11013#@1
2001037,سبائك التيتانيوم معول I,Processing@item_11014#@1#r (تتم معالجتها بشكل أساسي من المواد الاستهلاكية@item_11323# و@item_11330#),الآلات@item_11014#@1
2001038,معول سبائك التيتانيومⅡ,معالجة@item_11014#@1#r ( عبر@item_796# أو@item_797# استهلك المواد وعالج),معالجة@item_11014#@1
2001039,Tungsten Drill Ⅰ,Craft @item_11015#@1#r (Crafted by consuming @item_11203# and @item_11911# mainly),Craft @item_11015#@1
2001040,Tungsten Drill Ⅱ,Craft @item_11015#@1#r (Crafted by consuming @item_11203# and @item_11911# mainly),Craft @item_11015#@1
2001041,دريل النجم النحاسيⅠ,معالجة @item_11016#@1#r ( عبر @item_796# أو @item_797# استهلك المواد وعالج),معالجة @item_11016#@1
2001042,دريل النجم النحاسي,معالجة @item_11016#@1#r ( عبر @item_796# أو @item_797# استهلك المواد وعالج),معالجة @item_11016#@1
2002001,حفرة خصبة,استخدم المجارف لحفر @item_103#@1#r ( أدوات مجرفة يدوية مثل @item_11022#، وقنص @item_101# و @item_100# انقر للاستخدام ( انقر باستمرار عبر PC) يمكن الحفر ),استخدام المجارف لحفر@item_103#@1
2002002,التربة الرطبة,,استخدم @item_11628# لسقي المياه إلى @item_103# @1
2002003,شجرة الكرزⅠ,في @item_103# ازرع @item_11405#@1#r ( في الغالب تنمو على الأعشاب),ازرع@item_11405#@1
2002004,شجرة الكرزⅡ,في @item_103# ازرع @item_11405#@1#r ( في الغالب تنمو على الأعشاب),ازرع@item_11405#@1
2002005,شجرة الكرزⅢ,في @item_103# ازرع @item_11405#@1#r ( في الغالب تنمو على الأعشاب),ازرع@item_11405#@1
2002006,شجرة الصنوبرⅠ,في @item_103# ازرع @item_11406#@1#r ( ينمو عادة في بيئة الغابات الصنوبرية في جبال الألب),ازرع@item_11406#@1
2002007,شجرة الصنوبرⅡ,في @item_103# ازرع @item_11406#@1#r ( ينمو عادة في بيئة الغابات الصنوبرية في جبال الألب),ازرع @item_11406#@1
2002008,شجرة الصنوبر,في @item_103# ازرع @item_11406#@1#r ( ينمو عادة في بيئة الغابات الصنوبرية في جبال الألب),ازرع @item_11406#@1
2002009,شياقⅠ,في @item_103# ازرع @item_11407#@1#r ( في الغالب تنمو في الغابات الممطرة),ازرع @item_11407#@1
2002010,شياقⅡ,في @item_103# ازرع @item_11407#@1#r ( في الغالب تنمو في الغابات الممطرة),ازرع @item_11407#@1
2002011,شياقⅢ,في @item_103# ازرع @item_11407#@1#r ( في الغالب تنمو في الغابة الممطرة),
2002012,خوخⅠ,في @item_103# ازرع @item_11409#@1#r ( يزرع عادة في حوض الزهور بيئة الخوخ ),ازرع @item_11409#@1
2002013,خوخⅡ,في @item_103# ازرع @item_11409#@1#r ( يزرع عادة في حوض الزهور بيئة الخوخ ),ازرع @item_11409#@1
2002014,خوخⅢ,في @item_103# ازرع @item_11409#@1#r ( يزرع عادة في حوض الزهور بيئة الخوخ ),ازرع @item_11409#@1
2002015,خشب الحورⅠ,في @item_103# ازرع @item_11410#@1#r ( في الغالب ينمو في الغابات الممطرة، بيئة الغابات),ازرع @item_11410#@1
2002016,خشب الحورⅡ,في @item_103# ازرع @item_11410#@1#r ( في الغالب ينمو في الغابات الممطرة، بيئة الغابات),ازرع @item_11410#@1
2002017,خشب الحورⅢ,في @item_103# ازرع @item_11410#@1#r ( في الغالب ينمو في الغابات الممطرة، بيئة الغابات),ازرع @item_11410#@1
2002018,خشب الجوزⅠ,في @item_103# ازرع @item_11411#@1#r ( في الغالب ينمو في الجزيرة الخاوية),ازرع @item_11411#@1
2002019,خشب الجوزⅡ,في @item_103# ازرع @item_11411#@1#r ( في الغالب ينمو في الجزيرة الخاوية),ازرع @item_11411#@1
2002020,خشب الجوزⅢ,في @item_103# ازرع @item_11411#@1#r ( في الغالب ينمو في الجزيرة الخاوية),ازرع @item_11411#@1
2002021,الخشب الأحمرⅠ,في @item_103# ازرع @item_11412#@1#r ( في الغالب ينمو بيئة غابات الخشب الأحمر),ازرع @item_11412#@1
2002022,الخشب الأحمرⅡ,في @item_103# ازرع @item_11412#@1#r ( في الغالب ينمو بيئة غابات الخشب الأحمر),ازرع @item_11412#@1
2002023,الخشب الأحمرⅢ,في @item_103# ازرع @item_11412#@1#r ( في الغالب ينمو بيئة غابات الخشب الأحمر),ازرع @item_11412#@1
2002024,شعب الفراتⅠ,في @item_103# ازرع @item_11421#@1#r ( في الغالب ينمو في البيئة الصحراوية),ازرع @item_11421#@1
2002025,شعب الفراتⅡ,في @item_103# ازرع @item_11421#@1#r ( في الغالب ينمو في البيئة الصحراوية),ازرع @item_11421#@1
2002026,شعب الفراتⅢ,في @item_103# ازرع @item_11421#@1#r ( في الغالب ينمو في البيئة الصحراوية),ازرع @item_11421#@1
2002027,خشب جلينⅠ,في @item_103# ازرع @item_11408#@1#r ( في الغالب ينمو في الكوكب اللطيف),ازرع @item_11408#@1
2002028,خشب جلينⅡ,في @item_103# ازرع @item_11408#@1#r ( في الغالب ينمو في الكوكب اللطيف),ازرع @item_11408#@1
2002029,خشب جلينⅢ,في @item_103# ازرع @item_11408#@1#r ( في الغالب ينمو في الكوكب اللطيف),ازرع @item_11408#@1
2002030,شجرة الموزⅠ,في @item_103# ازرع @item_383#@1#r  ( في الغالب ينمو في بيئة ممطرة),ازرع @item_383#@1
2002031,شجرة الموزⅡ,في @item_103# ازرع @item_383#@1#r  ( في الغالب ينمو في بيئة ممطرة),ازرع @item_383#@1
2002032,شجرة الموزⅢ,في @item_103# ازرع @item_383#@1#r  ( في الغالب ينمو في بيئة ممطرة),ازرع @item_383#@1
2002033,شجرة جوز الهندⅠ,في @item_103# ازرع @item_295#@1#r ( في الغالب ينمو في البيئة الشاطئية),ازرع @item_295#@1
2002034,شجرة جوز الهندⅡ,في @item_103# ازرع @item_295#@1#r ( في الغالب ينمو في البيئة الشاطئية),ازرع @item_295#@1
2002035,شجرة جوز الهندⅢ,في @item_103# ازرع @item_295#@1#r ( في الغالب ينمو في البيئة الشاطئية),ازرع @item_295#@1
2002036,شتلات الصبارⅠ,في @item_103# ازرع @item_11420#@1#r ( في الغالب ينمو في البيئة الصحراوية),ازرع @item_11420#@1
2002037,شتلات الصبارⅡ,في @item_103# ازرع @item_11420#@1#r ( في الغالب ينمو في البيئة الصحراوية),ازرع @item_11420#@1
2002038,شتلات الصبارⅢ,في @item_103# ازرع @item_11420#@1#r ( في الغالب ينمو في البيئة الصحراوية),ازرع @item_11420#@1
2003001,زهرة الجرس Ⅰ,في @item_103# ازرع @item_431#@1#r ( @item_300# ينمو في الغالب  على الأعشاب حوض شجرة الخوخ ومناطق بيئية أخرى),ازرع @item_431#@1
2003002,زهرة الجرس Ⅱ,في @item_103# ازرع @item_431#@1#r ( @item_300# ينمو في الغالب  على الأعشاب حوض شجرة الخوخ ومناطق بيئية أخرى),ازرع @item_431#@1
2003003,زهرة الجرسⅢ,في @item_103# ازرع @item_431#@1#r ( @item_300# ينمو في الغالب  على الأعشاب حوض شجرة الخوخ ومناطق بيئية أخرى),ازرع @item_431#@1
2003004,رولان Ⅰ,في @item_103# ازرع @item_432#@1#r ( @item_301# ينمو عادة في الغابات والغابات الصنوبرية وغيرها من البيئة),ازرع @item_432#@1
2003005,رولان Ⅱ,في @item_103# ازرع @item_432#@1#r ( @item_301# ينمو عادة في الغابات والغابات الصنوبرية وغيرها من البيئة),ازرع @item_432#@1
2003006,رولان Ⅲ,في @item_103# ازرع @item_432#@1#r ( @item_301# ينمو عادة في الغابات والغابات الصنوبرية وغيرها من البيئة),ازرع @item_432#@1
2003007,زهرة النجمة Ⅰ,في @item_103# ازرع @item_433#@1#r ( @item_302# ينمو عادة في الغابات والغابات الصنوبرية وغيرها من البيئة),ازرع @item_433#@1
2003008,زهرة النجمة Ⅱ,في @item_103# ازرع @item_433#@1#r ( @item_302# ينمو عادة في الغابات والغابات الصنوبرية وغيرها من البيئة),ازرع @item_433#@1
2003009,زهرة النجمة Ⅲ,في @item_103# ازرع @item_433#@1#r ( @item_302# ينمو عادة في الغابات والغابات الصنوبرية وغيرها من البيئة),ازرع @item_433#@1
2003010,زهرة دم التنين Ⅰ,في @item_103# ازرع @item_434#@1#r ( @item_303# ينمو عادة في البيئة مثل حوض غابات الخيزران وحوض شجرة الخوخ),ازرع @item_434#@1
2003011,زهرة دم التنين Ⅱ,في @item_103# ازرع @item_434#@1#r ( @item_303# ينمو عادة في البيئة مثل حوض غابات الخيزران وحوض شجرة الخوخ),ازرع @item_434#@1
2003012,زهرة دم التنين Ⅲ,في @item_103# ازرع @item_434#@1#r ( @item_303# ينمو عادة في البيئة مثل حوض غابات الخيزران وحوض شجرة الخوخ),ازرع @item_434#@1
2003013,الصفير الشرقي Ⅰ,في @item_103# ازرع @item_435#@1#r ( @item_304# ينمو عادة في الأدغال والغابات وبيئة أخرى),ازرع @item_435#@1
2003014,الصفير الشرقي Ⅱ,في @item_103# ازرع @item_435#@1#r ( @item_304# ينمو عادة في الأدغال والغابات وبيئة أخرى),ازرع @item_435#@1
2003015,الصفير الشرقي Ⅲ,في @item_103# ازرع @item_435#@1#r ( @item_304# ينمو عادة في الأدغال والغابات وبيئة أخرى),ازرع @item_435#@1
2003016,مخلب التنين Ⅰ,في @item_103# ازرع @item_436#@1#r ( @item_305# ينمو عادة في المناطق الأحيائية في الجرف),ازرع @item_436#@1
2003017,مخلب التنين Ⅱ,في @item_103# ازرع @item_436#@1#r ( @item_305# ينمو عادة في المناطق الأحيائية في الجرف),ازرع @item_436#@1
2003018,مخلب التنين Ⅲ,في @item_103# ازرع @item_436#@1#r ( @item_305# ينمو عادة في المناطق الأحيائية في الجرف),ازرع @item_436#@1
2003019,زهرة الجرس الأصفر Ⅰ,في @item_103# ازرع @item_443#@1#r ( @item_312# ينمو عادة على الأعشاب وبيئة الغابات),ازرع @item_443#@1
2003020,زهرة الجرس الأصفر Ⅱ,في @item_103# ازرع @item_443#@1#r ( @item_312# ينمو عادة على الأعشاب وبيئة الغابات),ازرع @item_443#@1
2003021,زهرة الجرس الأصفر Ⅲ,في @item_103# ازرع @item_443#@1#r ( @item_312# ينمو عادة على الأعشاب وبيئة الغابات),ازرع @item_443#@1
2003022,شجرة دم التنينⅠ,في @item_103# ازرع @item_437#@1#r ( @item_306# ينمو عادة في المستنقعات والغابات المطيرة وبيئة أخرى),ازرع @item_437#@1
2003023,شجرة دم التنينⅡ,في @item_103# ازرع @item_437#@1#r ( @item_306# ينمو عادة في المستنقعات والغابات المطيرة وبيئة أخرى),ازرع @item_437#@1
2003024,شجرة دم التنين Ⅲ,في @item_103# ازرع @item_437#@1#r ( @item_306# ينمو عادة في المستنقعات والغابات المطيرة وبيئة أخرى),ازرع @item_437#@1
2003025,الصبار الأحمرⅠ,في @item_103# ازرع @item_438#@1#r ( @item_307# ينمو عادة في االجزيرة الفارغة والتربة الحمراء وأخرى),ازرع @item_438#@1
2003026,الصبار الأحمر Ⅱ,في @item_103# ازرع @item_438#@1#r ( @item_307# ينمو عادة في االجزيرة الفارغة والتربة الحمراء وأخرى),ازرع @item_438#@1
2003027,الصبار الأحمر Ⅲ,في @item_103# ازرع @item_438#@1#r ( @item_307# ينمو عادة في االجزيرة الفارغة والتربة الحمراء وأخرى),ازرع @item_438#@1
2003028,الصبار البرتقالي Ⅰ,في @item_103# ازرع @item_439#@1#r ( @item_308# ينمو عادة في أحواض غابات الخيزران والتربة الحمراء وأخرى),ازرع @item_439#@1
2003029,الصبار البرتقالي Ⅱ,في @item_103# ازرع @item_439#@1#r ( @item_308# ينمو عادة في أحواض غابات الخيزران والتربة الحمراء وأخرى),ازرع @item_439#@1
2003030,الصبار البرتقالي Ⅲ,في @item_103# ازرع @item_439#@1#r ( @item_308# ينمو عادة في أحواض غابات الخيزران والتربة الحمراء وأخرى),ازرع @item_439#@1
2003031,الصبار الرمادي Ⅰ,في @item_103# ازرع @item_440#@1#r ( @item_309# ينمو عادة على المنحدرات والتربة الحمراء وأخرى),ازرع @item_440#@1
2003032,الصبار الرمادي Ⅱ,في @item_103# ازرع @item_440#@1#r ( @item_309# ينمو عادة على المنحدرات والتربة الحمراء وأخرى),ازرع @item_440#@1
2003033,الصبار الرمادي Ⅲ,في @item_103# ازرع @item_440#@1#r ( @item_309# ينمو عادة على المنحدرات والتربة الحمراء وأخرى),ازرع @item_440#@1
2003034,الصبار الوردي,في @item_103# ازرع @item_441#@1#r ( @item_310# ينمو عادة في أحواض أشجار الخوخ والتربة الحمراء وأخرى),ازرع @item_441#@1
2003035,الصبار الوردي Ⅱ,في @item_103# ازرع @item_441#@1#r ( @item_310# ينمو عادة في أحواض أشجار الخوخ والتربة الحمراء وأخرى),ازرع @item_441#@1
2003036,الصبار الوردي Ⅲ,في @item_103# ازرع @item_441#@1#r ( @item_310# ينمو عادة في أحواض أشجار الخوخ والتربة الحمراء وأخرى),ازرع @item_441#@1
2003037,زهرة جوز الهند البيضاء Ⅰ,في @item_103# ازرع @item_442#@1#r ( @item_311# ينمو عادة في بيئة الغابات الصنوبرية),ازرع @item_442#@1
2003038,زهرة جوز الهند البيضاء Ⅱ,في @item_103# ازرع @item_442#@1#r ( @item_311# ينمو عادة في بيئة الغابات الصنوبرية),ازرع @item_442#@1
2003039,زهرة جوز الهند البيضاء Ⅲ,في @item_103# ازرع @item_442#@1#r ( @item_311# ينمو عادة في بيئة الغابات الصنوبرية),ازرع @item_442#@1
2003040,الورد البري Ⅰ,في @item_103# ازرع @item_444#@1#r ( @item_313# ينمو عادة في المستنقعات والغابات وبيئة أخرى),ازرع @item_444#@1
2003041,الورد البري Ⅱ,في @item_103# ازرع @item_444#@1#r ( @item_313# ينمو عادة في المستنقعات والغابات وبيئة أخرى),ازرع @item_444#@1
2003042,الورد البري Ⅲ,في @item_103# ازرع @item_444#@1#r ( @item_313# ينمو عادة في المستنقعات والغابات وبيئة أخرى),ازرع @item_444#@1
2003043,حشيشة السعال الأول.,النبات @item_760#@1#r في @item_121# (@item_761# يزدهر عادة في حقل الجليد),@item_760 النبات#@1
2003044,حشيشة السعال الثاني.,النبات @item_760#@1#r في @item_121# (@item_761# يزدهر عادة في حقل الجليد),@item_760 النبات#@1
2003045,حشيشة السعال الثالث.,النبات @item_760#@1#r في @item_121# (@item_761# يزدهر عادة في حقل الجليد),@item_760 النبات#@1
2004001,الذرةⅠ,في @item_11400# ازرع @item_444#@1#r (خذ @item_11400# وازرعه في @item_102# ، انتظر لنضجه من أجل التجميع والحصول على @item_229# ),ازرع @item_11400#@1
2004002,الذرة Ⅱ,في @item_11400# ازرع @item_444#@1#r (خذ @item_11400# وازرعه في @item_102# ، انتظر لنضجه من أجل التجميع والحصول على @item_229# ),ازرع @item_11400#@1
2004003,الذرة Ⅲ,في @item_11400# ازرع @item_444#@1#r (خذ @item_11400# وازرعه في @item_102# ، انتظر لنضجه من أجل التجميع والحصول على @item_229# ),ازرع @item_11400#@1
2004004,الطماطم Ⅰ,ازرع @item_241#@1#r (خذ @item_241# وازرعه في @item_102# ، انتظر لنضجه من أجل التجميع والحصول على @item_241# ),ازرع @item_241#@1
2004005,الطماطم Ⅱ,ازرع @item_241#@1#r (خذ @item_241# وازرعه في @item_102# ، انتظر لنضجه من أجل التجميع والحصول على @item_241# ),ازرع @item_241#@1
2004006,الطماطم Ⅲ,ازرع @item_241#@1#r (خذ @item_241# وازرعه في @item_102# ، انتظر لنضجه من أجل التجميع والحصول على @item_241# ),ازرع @item_241#@1
2004007,القطن Ⅰ,ازرع @item_11419#@1#r (خذ @item_11419# وازرعه في @item_102# ، انتظر لنضجه من أجل التجميع والحصول على @item_12600# ),ازرع @item_11419#@1
2004008,القطن Ⅱ,ازرع @item_11419#@1#r (خذ @item_11419# وازرعه في @item_102# ، انتظر لنضجه من أجل التجميع والحصول على @item_12600# ),ازرع @item_11419#@1
2004009,القطن Ⅲ,ازرع @item_11419#@1#r (خذ @item_11419# وازرعه في @item_102# ، انتظر لنضجه من أجل التجميع والحصول على @item_12600# ),ازرع @item_11419#@1
2004010,ريشة المقياس العملاق Ⅰ,ازرع @item_11402#@1#r (خذ @item_11402# وازرعه في @item_102# ، انتظر لنضجه من أجل التجميع والحصول على @item_239# ),ازرع @item_11402#@1
2004011,ريشة المقياس العملاق Ⅱ,ازرع @item_11402#@1#r (خذ @item_11402# وازرعه في @item_102# ، انتظر لنضجه من أجل التجميع والحصول على @item_239# ),ازرع @item_11402#@1
2004013,العملاق بروغو Ⅰ,ازرع @item_11401#@1#r (خذ @item_11401# وازرعه في @item_102# ، انتظر لنضجه من أجل التجميع والحصول على @item_230# ),ازرع @item_11401#@1
2004014,العملاق بروغو Ⅱ,ازرع @item_11401#@1#r (خذ @item_11401# وازرعه في @item_102# ، انتظر لنضجه من أجل التجميع والحصول على @item_230# ),ازرع @item_11401#@1
2004015,العملاق بروغو Ⅲ,ازرع @item_11401#@1#r (خذ @item_11401# وازرعه في @item_102# ، انتظر لنضجه من أجل التجميع والحصول على @item_230# ),ازرع @item_11401#@1
2004016,الخيار Ⅰ,ازرع @item_236#@1#r (خذ @item_236# وازرعه في @item_102# ، انتظر لنضجه من أجل التجميع والحصول على @item_236# ),ازرع @item_236#@1
2004017,الخيار Ⅱ,ازرع @item_236#@1#r (خذ @item_236# وازرعه في @item_102# ، انتظر لنضجه من أجل التجميع والحصول على @item_236# ),ازرع @item_236#@1
2004018,الخيار Ⅲ,ازرع @item_236#@1#r (خذ @item_236# وازرعه في @item_102# ، انتظر لنضجه من أجل التجميع والحصول على @item_236# ),ازرع @item_236#@1
2004019,أرز أسيوي Ⅰ,ازرع @item_234#@1#r (خذ @item_11404# وازرعه في في مياه عالية ، انتظر لنضجه من أجل التجميع والحصول على @item_234# ),ازرع @item_234#@1
2004020,أرز أسيوي Ⅱ,ازرع @item_234#@1#r (خذ @item_11404# وازرعه في في مياه عالية ، انتظر لنضجه من أجل التجميع والحصول على @item_234# ),ازرع @item_234#@1
2004021,أرز أسيوي Ⅲ,ازرع @item_234#@1#r (خذ @item_11404# وازرعه في في مياه عالية ، انتظر لنضجه من أجل التجميع والحصول على @item_234# ),ازرع @item_234#@1
2004022,اناناس الجانب الآخر Ⅰ,ازرع @item_11654#@1#r ( خذ @item_1194# وازرعها في @item_150#، انتظر لنضجه من أجل التجميع والحصول على @item_11654#),قم بزراعة @item_1194#@1 في @item_150#
2004023,اناناس الجانب الآخر Ⅱ,ازرع @item_11654#@1#r ( خذ @item_1194# وازرعها في @item_150#، انتظر لنضجه من أجل التجميع والحصول على @item_11654#),قم بزراعة @item_1194#@1 في @item_150#
2004024,اناناس الجانب الآخر Ⅲ,ازرع @item_11654#@1#r ( خذ @item_1194# وازرعها في @item_150#، انتظر لنضجه من أجل التجميع والحصول على @item_11654#),قم بزراعة @item_1194#@1 في @item_150#
2004025,المرجانⅠ,قم بزراعة @item_11915#@1 في @item_25# #r ( يجب أن يكون المرجان متواجد داخل المياه، ما عدا @item_25#، @item_29#، و @item_128# من الممكن ايضا ان يتم زراعة المرجان),ازرع @item_11915#@1
2004026,المرجان Ⅱ,قم بزراعة @item_11915#@1 في @item_25# #r ( يجب أن يكون المرجان متواجد داخل المياه، ما عدا @item_25#، @item_29#، و @item_128# من الممكن ايضا ان يتم زراعة المرجان),ازرع @item_11915#@1
2004027,المرجان Ⅲ,قم بزراعة @item_11915#@1 في @item_25# #r ( يجب أن يكون المرجان متواجد داخل المياه، ما عدا @item_25#، @item_29#، و @item_128# من الممكن ايضا ان يتم زراعة المرجان),ازرع @item_11915#@1
2004028,طحالب قضيب الفلورسنت Ⅰ,في @item_23# قم بزراعة @item_11658#@1#r ( قم بإلقاء @item_11658# يجب أن تكون في منتصف @item_23# للانبات ممكن فقط على السطح العلوي),ازرع @item_11658#@1
2004029,طحالب قضيب الفلورسنت Ⅱ,في @item_23# قم بزراعة @item_11658#@1#r ( قم بإلقاء @item_11658# يجب أن تكون في منتصف @item_23# للانبات ممكن فقط على السطح العلوي),ازرع @item_11658#@1
2004030,طحالب قضيب الفلورسنت Ⅲ,في @item_23# قم بزراعة @item_11658#@1#r ( قم بإلقاء @item_11658# يجب أن تكون في منتصف @item_23# للانبات ممكن فقط على السطح العلوي),ازرع @item_11658#@1
2005001,تغذية الحوض الصغير,قم بمعالجة @item_1753#@1,قم بمعالجة @item_1753#@1
2005002,إطعام,قم بمعالجة @item_11534#@1#r ( الطعام ينقسم لأنواع، الحيوانات ذات العادات الغذائية المختلفة سوف تأكل فقط العلف الذي تريده),قم بمعالجة @item_11534#@1
2005003,ملء الحوض الصغير,قم بأخذ @item_11534# وضعه في منتصف @item_1753# @1#r ( بعد ملء الحوض الصغير، الحيوانات المحتجزة في الأسر تأكل من تلقاء نفسها عندما تكون جائعة),استخدم @item_11534# لتعبئة @item_1753#@1
2005004,كومة قش,قم بمعالجة@item_822#@1#r  (  تحتاج الثدييات إلى ذلك بالقرب من @item_822# حتى تتمكن من الزراعة ),قم بمعالجة@item_822#@1
2005005,تربية طيور خربش Ⅰ,تربية طيور خربش @1#r ( تحتاج طيور دودو لتواجد @item_1019# حتى تتمكن من نزول البيضة),تربية طيور خربش @1
2005006,تربية طيور خربش Ⅱ,تربية طيور خربش @1#r ( تحتاج طيور دودو لتواجد @item_1019# حتى تتمكن من نزول البيضة),تربية طيور خربش @1
2005007,تربية طيور خربش Ⅲ,تربية طيور خربش @1#r ( تحتاج طيور دودو لتواجد @item_1019# حتى تتمكن من نزول البيضة),تربية طيور خربش @1
2005008,انتاج وحيد القرن Ⅰ,انتاج وحيد القرن @1#r ( يحتاج وحيد القرن لتواجد @item_822# في المحيط المجاور حتى تتمكن من اعادة الانتاج),انتاج وحيد القرن @1
2005009,انتاج وحيد القرنⅡ,انتاج وحيد القرن @1#r ( يحتاج وحيد القرن لتواجد @item_822# في المحيط المجاور حتى تتمكن من اعادة الانتاج),انتاج وحيد القرن @1
2005010,انتاج وحيد القرن Ⅲ,انتاج وحيد القرن @1#r ( يحتاج وحيد القرن لتواجد @item_822# في المحيط المجاور حتى تتمكن من اعادة الانتاج),انتاج وحيد القرن @1
2005011,انتاج التون تون Ⅰ,انتاج التون تون @1#r ( يحتاج التون تون لتواجد @item_822# في المحيط المجاور حتى تتمكن من اعادة الانتاج),انتاج التون تون @1
2005012,انتاج التون تون Ⅱ,انتاج التون تون @1#r ( يحتاج التون تون لتواجد @item_822# في المحيط المجاور حتى تتمكن من اعادة الانتاج),انتاج التون تون @1
2005013,انتاج التون تون Ⅲ,انتاج التون تون @1#r ( يحتاج التون تون لتواجد @item_822# في المحيط المجاور حتى تتمكن من اعادة الانتاج),انتاج التون تون @1
2005014,انتاج غزال مقرن Ⅰ,انتاج غزال مقرن @1#r ( يحتاج الغزال مقرن لتواجد @item_822# في المحيط المجاور حتى تتمكن من اعادة الانتاج),انتاج غزال مقرن @1
2005015,انتاج غزال مقرن Ⅱ,انتاج غزال مقرن @1#r ( يحتاج الغزال مقرن لتواجد @item_822# في المحيط المجاور حتى تتمكن من اعادة الانتاج),انتاج غزال مقرن @1
2005016,انتاج غزال مقرن Ⅲ,انتاج غزال مقرن @1#r ( يحتاج الغزال مقرن لتواجد @item_822# في المحيط المجاور حتى تتمكن من اعادة الانتاج),انتاج غزال مقرن @1
2005017,انتاج الثعلب Ⅰ,انتاج الثعلب @1#r ( يحتاج الثعلب لتواجد @item_822# في المحيط المجاور حتى تتمكن من اعادة الانتاج),انتاج الثعلب @1
2005018,انتاج الثعلب Ⅱ,انتاج الثعلب @1#r ( يحتاج الثعلب لتواجد @item_822# في المحيط المجاور حتى تتمكن من اعادة الانتاج),انتاج الثعلب @1
2005019,انتاج الثعلب Ⅲ,انتاج الثعلب @1#r ( يحتاج الثعلب لتواجد @item_822# في المحيط المجاور حتى تتمكن من اعادة الانتاج),انتاج الثعلب @1
2005020,انتاج البطريق Ⅰ,انتاج البطريق @1,انتاج البطريق @1
2005021,انتاج البطريق Ⅱ,انتاج البطريق@1,انتاج البطريق @1
2005022,انتاج البطريق Ⅲ,انتاج البطريق @1,انتاج البطريق @1
2005023,انتاج النعام البري Ⅰ,لانتاج النعام البري @1#r ( يحتاج النعام البري ان يكون هنالك @item_1019# في المحيط المجاور حتى يتمكن من انزال البيض),انتاج النعام البري @1
2005024,انتاج النعام البري Ⅱ,لانتاج النعام البري @1#r ( يحتاج النعام البري ان يكون هنالك @item_1019# في المحيط المجاور حتى يتمكن من انزال البيض),انتاج النعام البري @1
2005025,انتاج النعام البري Ⅲ,لانتاج النعام البري @1#r ( يحتاج النعام البري ان يكون هنالك @item_1019# في المحيط المجاور حتى يتمكن من انزال البيض),انتاج النعام البري @1
2005026,انتاج الدب الجليدي Ⅰ,لانتاج الدب الجليدي @1#r ( يجب أن يتواجد بجانبه @item_822# ليتم اعادة الانتاج),انتاج الدب الجليدي @1
2005027,انتاج الدب الجليدي Ⅱ,لانتاج الدب الجليدي @1#r ( يجب أن يتواجد بجانبه @item_822# ليتم اعادة الانتاج),انتاج الدب الجليدي @1
2005028,انتاج الدب الجليدي Ⅲ,لانتاج الدب الجليدي @1#r ( يجب أن يتواجد بجانبه @item_822# ليتم اعادة الانتاج),انتاج الدب الجليدي @1
2005029,انتاج الدجاج الطائر Ⅰ,انتاج الدجاج الطائر @1,انتاج الدجاج الطائر @1
2005030,انتاج الدجاج الطائر Ⅱ,انتاج الدجاج الطائر @1,انتاج الدجاج الطائر @1
2005031,انتاج الدجاج الطائر Ⅲ,انتاج الدجاج الطائر @1,انتاج الدجاج الطائر @1
2005032,انتاج الدجاج المحارب Ⅰ,انتاج الدجاج المحارب @1,انتاج الدجاج المحارب @1
2005033,انتاج الدجاج المحارب Ⅱ,انتاج الدجاج المحارب @1,انتاج الدجاج المحارب @1
2005034,انتاج الدجاج المحارب Ⅲ,انتاج الدجاج المحارب @1,انتاج الدجاج المحارب @1
2005035,انتاج القرد البري Ⅰ,انتاج القرد البري @1,انتاج القرد البري @1
2005036,انتاج القرد البري Ⅱ,انتاج القرد البري @1,انتاج القرد البري @1
2005037,انتاج القرد البري Ⅲ,انتاج القرد البري @1,انتاج القرد البري @1
2005038,تولد أرنب الثلج الأول.,تولد أرنب الثلج @ 1,تولد أرنب الثلج @ 1
2005039,تولد أرنب الثلج الثاني.,تولد أرنب الثلج @ 1,تولد أرنب الثلج @ 1
2005040,تولد سنو أرنب الثالث.,تولد أرنب الثلج @ 1,تولد أرنب الثلج @ 1
2005041,تولد ياك الأول.,تولد ياك @ 1,تولد ياك @ 1
2005042,تولد ياك الثاني.,تولد ياك @ 1,تولد ياك @ 1
2005043,تولد ياك الثالث.,تولد ياك @ 1,تولد ياك @ 1
2006001,ترويض وحيد القرن Ⅰ,استخدم @item_12500#  لترويض وحيد القرن @1,استخدم @item_12500#  لترويض وحيد القرن @1
2006002,ترويض وحيد القرن Ⅱ,استخدم @item_12500#  لترويض وحيد القرن @1,استخدم @item_12500#  لترويض وحيد القرن @1
2006003,ترويض وحيد القرن Ⅲ,استخدم @item_12500#  لترويض وحيد القرن @1,استخدم @item_12500#  لترويض وحيد القرن @1
2006004,ترويض الثعلب Ⅰ,استخدم @item_12052#  لترويض الثعلب @1,استخدم @item_12052#  لترويض وحيد القرن @1
2006005,ترويض الثعلب Ⅱ,استخدم @item_12052#  لترويض الثعلب @1,استخدم @item_12052#  لترويض وحيد القرن @1
2006006,ترويض الثعلب Ⅲ,استخدم @item_12052#  لترويض الثعلب @1,استخدم @item_12052#  لترويض وحيد القرن @1
2006007,ترويض النعام البري Ⅰ,استخدم @item_12508#  لترويض النعام البري @1,استخدم @item_12508#  لترويض النعام البري @1
2006008,ترويض النعام البري Ⅱ,استخدم @item_12508#  لترويض النعام البري @1,استخدم @item_12508#  لترويض النعام البري @1
2006009,ترويض النعام البري Ⅲ,استخدم @item_12508#  لترويض النعام البري @1,استخدم @item_12508#  لترويض النعام البري @1
2006010,ترويض الدب الجليدي Ⅰ,استخدم @item_12520#  لترويض الدب الجليدي @1,استخدم @item_12520#  لترويض الدب الجليدي @1
2006011,ترويض الدب الجليديⅡ,استخدم @item_12520#  لترويض الدب الجليدي @1,استخدم @item_12520#  لترويض الدب الجليدي @1
2006012,ترويض الدب الجليدي Ⅲ,استخدم @item_12520#  لترويض الدب الجليدي @1,استخدم @item_12520#  لترويض الدب الجليدي @1
2006013,ترويض التنين السريع Ⅰ,استخدم @item_12543#  لترويض التنين السريع @1,استخدم @item_12543#  لترويض التنين السريع @1
2006014,ترويض التنين السريع Ⅱ,استخدم @item_12543#  لترويض التنين السريع @1,استخدم @item_12543#  لترويض التنين السريع @1
2006015,ترويض التنين السريع Ⅲ,استخدم @item_12543#  لترويض التنين السريع @1,استخدم @item_12543#  لترويض التنين السريع @1
2006016,ترويض الكفت,استخدم @item_12576#  لترويض الكفت @1,استخدم @item_12576#  لترويض الكفت @1
2006017,ترويض الكفت Ⅱ,استخدم @item_12576#  لترويض الكفت @1,استخدم @item_12576#  لترويض الكفت @1
2006018,ترويض الكفت Ⅲ,استخدم @item_12576#  لترويض الكفت @1,استخدم @item_12576#  لترويض الكفت @1
2006019,ترويض الباندا البريد Ⅰ,,
2006020,ترويض الباندا البريد Ⅱ,,
2006021,ترويض الباندا البريد Ⅲ,استخدم @item_251#  لترويض الباندا البريد @1,استخدم @item_251#  لترويض الباندا البريد @1
2006022,ترويض الدجاج الطائر Ⅰ,استخدم @item_12601#  لترويض الدجاج الطائر @1,استخدم @item_12601#  لترويض الدجاج الطائر @1
2006023,ترويض الدجاج الطائر Ⅱ,استخدم @item_12601#  لترويض الدجاج الطائر @1,استخدم @item_12601#  لترويض الدجاج الطائر @1
2006024,ترويض الدجاج الطائر Ⅲ,استخدم @item_12601#  لترويض الدجاج الطائر @1,استخدم @item_12601#  لترويض الدجاج الطائر @1
2006025,ترويض القرد البري Ⅰ,استخدم @item_11599#  لترويض القرد البري @1,استخدم @item_11599#  لترويض القرد البري @1
2006026,ترويض القرد البري Ⅱ,استخدم @item_11599#  لترويض القرد البري @1,استخدم @item_11599#  لترويض القرد البري @1
2006027,ترويض القرد البري,استخدم @item_11599#  لترويض القرد البري @1,استخدم @item_11599#  لترويض القرد البري @1
2006028,ترويض السلطعون Ⅰ,استخدم @item_12521#  لترويض القرد البري @1,استخدم @item_12521#  لترويض القرد البري @1
2006029,ترويض السلطعون Ⅱ,استخدم @item_12521#  لترويض القرد البري @1,استخدم @item_12521#  لترويض القرد البري @1
2006030,ترويض السلطعون Ⅲ,استخدم @item_12521#  لترويض القرد البري @1,استخدم @item_12521#  لترويض القرد البري @1
2006031,ترويض عصفور الدخلة Ⅰ,استخدم @item_12603#  لترويض عصفور الدخلة @1,استخدم @item_12603#  لترويض عصفور الدخلة @1
2006032,ترويض عصفور الدخلة Ⅱ,استخدم @item_12603#  لترويض عصفور الدخلة @1,استخدم @item_12603#  لترويض عصفور الدخلة @1
2006033,ترويض عصفور الدخلة Ⅲ,استخدم @item_12603#  لترويض عصفور الدخلة @1,استخدم @item_12603#  لترويض عصفور الدخلة @1
2006034,ترويض الإبل Ⅰ,استخدم @item_12613#  لترويض الإبل @1,استخدم @item_12613#  لترويض الإبل @1
2006035,ترويض الإبل Ⅱ,استخدم @item_12613#  لترويض الإبل @1,استخدم @item_12613#  لترويض الإبل @1
2006036,ترويض الإبل Ⅲ,استخدم @item_12613#  لترويض الإبل @1,استخدم @item_12613#  لترويض الإبل @1
2007001,لحم وحيد القرن المشوي Ⅰ,في @item_1200# قم بأخذ @item_12516# واشوية ليصبح @item_12517#@1,اشوي @item_12516#@1
2007002,لحم وحيد القرن المشوي Ⅱ,في @item_1200# قم بأخذ @item_12516# واشوية ليصبح @item_12517#@1,اشوي @item_12516#@1
2007003,لحم وحيد القرن المشوي Ⅲ,في @item_1200# قم بأخذ @item_12516# واشوية ليصبح @item_12517#@1,اشوي @item_12516#@1
2007004,لحم طائر الدو دو المشوي Ⅰ,في @item_1200# قم بأخذ @item_12518# واشوية ليصبح @item_12519#@1,اشوي @item_12518#@1
2007005,لحم طائر الدو دو المشوي Ⅱ,في @item_1200# قم بأخذ @item_12518# واشوية ليصبح @item_12519#@1,اشوي @item_12518#@1
2007006,لحم طائر الدو دو المشوي Ⅲ,في @item_1200# قم بأخذ @item_12518# واشوية ليصبح @item_12519#@1,اشوي @item_12518#@1
2007007,لحم الغزال المقرن المشوي Ⅰ,في @item_1200# قم بأخذ @item_12530# واشوية ليصبح @item_12531#@1,اشوي @item_12530#@1
2007008,لحم الغزال المقرن المشوي Ⅱ,في @item_1200# قم بأخذ @item_12530# واشوية ليصبح @item_12531#@1,اشوي @item_12530#@1
2007009,لحم الغزال المقرن المشوي Ⅲ,في @item_1200# قم بأخذ @item_12530# واشوية ليصبح @item_12531#@1,اشوي @item_12530#@1
2007010,لحم التون تون المشوي Ⅰ,في @item_1200# قم بأخذ @item_12522# واشوية ليصبح @item_12523#@1,اشوي @item_12522#@1
2007011,لحم التون تون المشوي,في @item_1200# قم بأخذ @item_12522# واشوية ليصبح @item_12523#@1,اشوي @item_12522#@1
2007012,لحم التون تون المشوي Ⅲ,في @item_1200# قم بأخذ @item_12522# واشوية ليصبح @item_12523#@1,اشوي @item_12522#@1
2007013,شواء أرجل النعام Ⅰ,في @item_1200# قم بأخذ @item_12607# واشوية ليصبح @item_12608#@1,اشوي @item_12607#@1
2007014,شواء أرجل النعام Ⅱ,في @item_1200# قم بأخذ @item_12607# واشوية ليصبح @item_12608#@1,اشوي @item_12607#@1
2007015,شواء أرجل النعام Ⅲ,في @item_1200# قم بأخذ @item_12607# واشوية ليصبح @item_12608#@1,اشوي @item_12607#@1
2007016,شواء سمك جوجو Ⅰ,في @item_1200# قم بأخذ @item_12520# واشوية ليصبح @item_12521#@1,اشوي @item_12520#@1
2007017,شواء سمك جوجو Ⅱ,في @item_1200# قم بأخذ @item_12520# واشوية ليصبح @item_12521#@1,اشوي @item_12520#@1
2007018,شواء سمك جوجو Ⅲ,في @item_1200# قم بأخذ @item_12520# واشوية ليصبح @item_12521#@1,اشوي @item_12520#@1
2007019,شواء السمك القبيح,في @item_1200# قم بأخذ @item_12703# واشوية ليصبح @item_12705#@1,اشوي @item_12705#@1
2007020,شواء السمك القبيح Ⅱ,في @item_1200# قم بأخذ @item_12703# واشوية ليصبح @item_12705#@1,اشوي @item_12703#@1
2007021,شواء السمك القبيح Ⅲ,في @item_1200# قم بأخذ @item_12703# واشوية ليصبح @item_12705#@1,اشوي @item_12703#@1
2007022,شواء سمك الكي كي Ⅰ,في @item_1200# قم بأخذ @item_12704# واشوية ليصبح @item_12706#@1,اشوي @item_12704#@1
2007023,شواء سمك الكي كي Ⅱ,في @item_1200# قم بأخذ @item_12704# واشوية ليصبح @item_12706#@1,اشوي @item_12704#@1
2007024,شواء سمك الكي كي Ⅲ,في @item_1200# قم بأخذ @item_12704# واشوية ليصبح @item_12706#@1,اشوي @item_12704#@1
2008001,Skewered Bamboo Shoots Ⅰ,Cook @item_11229#@1 in @item_200108#,Cook @item_11229#@1
2008002,Skewered Bamboo Shoots Ⅱ,Cook @item_11229#@1 in @item_200108#,Cook @item_11229#@1
2008003,Skewered Bamboo Shoots Ⅲ,Cook @item_11229#@1 in @item_200108#,Cook @item_11229#@1
2008004,Noodles Ⅰ,Cook @item_12502#@1 in @item_200108#,Cook @item_12502#@1
2008005,Noodles Ⅱ,Cook @item_12502#@1 in @item_200108#,Cook @item_12502#@1
2008006,Noodles Ⅲ,Cook @item_12502#@1 in @item_200108#,Cook @item_12502#@1
2008007,Corn Snack Ⅰ,Cook @item_12507#@1 in @item_200108#,Cook @item_12507#@1
2008008,Corn Snack Ⅱ,Cook @item_12507#@1 in @item_200108#,Cook @item_12507#@1
2008009,Corn Snack Ⅲ,Cook @item_12507#@1 in @item_200108#,Cook @item_12507#@1
2008010,Stewed Dodo with Soil-shoots Ⅰ,Cook @item_12510#@1 in @item_200108#,Cook @item_12510#@1
2008011,Stewed Dodo with Soil-shoots Ⅱ,Cook @item_12510#@1 in @item_200108#,Cook @item_12510#@1
2008012,Stewed Dodo with Soil-shoots Ⅲ,Cook @item_12510#@1 in @item_200108#,Cook @item_12510#@1
2008013,Mashed Sweetpotato Ⅰ,Cook @item_12512#@1 in @item_200108#,Cook @item_12512#@1
2008014,Mashed Sweetpotato Ⅱ,Cook @item_12512#@1 in @item_200108#,Cook @item_12512#@1
2008015,Mashed Sweetpotato Ⅲ,Cook @item_12512#@1 in @item_200108#,Cook @item_12512#@1
2008016,Cooked Rice Ⅰ,Cook @item_12529#@1 in @item_200108#,Cook @item_12529#@1
2008017,Cooked Rice Ⅱ,Cook @item_12529#@1 in @item_200108#,Cook @item_12529#@1
2008018,Cooked Rice Ⅲ,Cook @item_12529#@1 in @item_200108#,Cook @item_12529#@1
2008019,Fried Ostrich Egg Ⅰ,Cook @item_12609#@1 in @item_200108#,Cook @item_12609#@1
2008020,Fried Ostrich Egg Ⅱ,Cook @item_12609#@1 in @item_200108#,Cook @item_12609#@1
2008021,Fried Ostrich Egg Ⅲ,Cook @item_12609#@1 in @item_200108#,Cook @item_12609#@1
2008022,Noodles with Fried Eggs Ⅰ,Cook @item_12540#@1 in @item_200108#,Cook @item_12540#@1
2008023,Noodles with Fried Eggs Ⅱ,Cook @item_12540#@1 in @item_200108#,Cook @item_12540#@1
2008024,Noodles with Fried Eggs Ⅲ,Cook @item_12540#@1 in @item_200108#,Cook @item_12540#@1
2008025,Baked Fries Ⅰ,Cook @item_12541#@1 in @item_200108#,Cook @item_12541#@1
2008026,Baked Fries Ⅱ,Cook @item_12541#@1 in @item_200108#,Cook @item_12541#@1
2008027,Baked Fries Ⅲ,Cook @item_12541#@1 in @item_200108#,Cook @item_12541#@1
2008028,Vegetable Soup I,Cook @item_12542#@1 in @item_200108#,Cook @item_12542#@1
2008029,Vegetable Soup Ⅱ,Cook @item_12542#@1 in @item_200108#,Cook @item_12542#@1
2008030,Vegetable Soup Ⅲ,Cook @item_12542#@1 in @item_200108#,Cook @item_12542#@1
2008031,Roast Dodo Family Bucket Ⅰ,Cook @item_12543#@1 in @item_200108#,Cook @item_12543#@1
2008032,Roast Dodo Family Bucket Ⅱ,Cook @item_12543#@1 in @item_200108#,Cook @item_12543#@1
2008033,Roast Dodo Family Bucket Ⅲ,Cook @item_12543#@1 in @item_200108#,Cook @item_12543#@1
2008034,Barbecue Noodles Ⅰ,Cook @item_12544#@1 in @item_200108#,Cook @item_12544#@1
2008035,Barbecue Noodles Ⅱ,Cook @item_12544#@1 in @item_200108#,Cook @item_12544#@1
2008036,Barbecue Noodles Ⅲ,Cook @item_12544#@1 in @item_200108#,Cook @item_12544#@1
2008037,Antlered Deer Meat Stew Ⅰ,Cook @item_12545#@1 in @item_200108#,Cook @item_12545#@1
2008038,Antlered Deer Meat Stew Ⅱ,Cook @item_12545#@1 in @item_200108#,Cook @item_12545#@1
2008039,Antlered Deer Meat Stew Ⅲ,Cook @item_12545#@1 in @item_200108#,Cook @item_12545#@1
2008040,Ham Ⅰ,Cook @item_12546#@1 in @item_200108#,Cook @item_12546#@1
2008041,Ham Ⅱ,Cook @item_12546#@1 in @item_200108#,Cook @item_12546#@1
2008042,Ham Ⅲ,Cook @item_12546#@1 in @item_200108#,Cook @item_12546#@1
2008043,Condensed Milk Candy Ⅰ,Cook @item_12549#@1 in @item_200108#,Cook @item_12549#@1
2008044,Condensed Milk Candy Ⅱ,Cook @item_12549#@1 in @item_200108#,Cook @item_12549#@1
2008045,Condensed Milk Candy Ⅲ,Cook @item_12549#@1 in @item_200108#,Cook @item_12549#@1
2009001,Chef’s Advancement,Craft @item_200109#@1#r (You need to place @item_200109# on the burning @item_1200# to cook food with a more delicious taste),Craft @item_200109#@1
2009002,Barbecue Pizza Ⅰ,Cook @item_830#@1 in @item_200109#,Cook @item_830#@1
2009003,Barbecue Pizza Ⅱ,Cook @item_830#@1 in @item_200109#,Cook @item_830#@1
2009004,Barbecue Pizza Ⅲ,Cook @item_830#@1 in @item_200109#,Cook @item_830#@1
2009005,Vege Pizza Ⅰ,Cook @item_831#@1 in @item_200109#,Cook @item_831#@1
2009006,Vege Pizza Ⅱ,Cook @item_831#@1 in @item_200109#,Cook @item_831#@1
2009007,Vege Pizza Ⅲ,Cook @item_831#@1 in @item_200109#,Cook @item_831#@1
2009008,Giant Buru Stripe Ⅰ,Cook @item_12515#@1 in @item_200109#,Cook @item_12515#@1
2009009,Giant Buru Stripe Ⅱ,Cook @item_12515#@1 in @item_200109#,Cook @item_12515#@1
2009010,Giant Buru Stripe Ⅲ,Cook @item_12515#@1 in @item_200109#,Cook @item_12515#@1
2009011,Smelly Ham Ⅰ,Cook @item_12547#@1 in @item_200109#,Cook @item_12547#@1
2009012,Smelly Ham Ⅱ,Cook @item_12547#@1 in @item_200109#,Cook @item_12547#@1
2009013,Smelly Ham Ⅲ,Cook @item_12547#@1 in @item_200109#,Cook @item_12547#@1
2009014,Crab Stick Ham Ⅰ,Cook @item_12548#@1 in @item_200109#,Cook @item_12548#@1
2009015,Crab Stick Ham Ⅱ,Cook @item_12548#@1 in @item_200109#,Cook @item_12548#@1
2009016,Crab Stick Ham Ⅲ,Cook @item_12548#@1 in @item_200109#,Cook @item_12548#@1
2009017,Yummy Fried Egg Noodles Ⅰ,Cook @item_12550#@1 in @item_200109#,Cook @item_12550#@1
2009018,Yummy Fried Egg Noodles Ⅱ,Cook @item_12550#@1 in @item_200109#,Cook @item_12550#@1
2009019,Yummy Fried Egg Noodles Ⅲ,Cook @item_12550#@1 in @item_200109#,Cook @item_12550#@1
2009020,Yummy Fries Ⅰ,Cook @item_12551#@1 in @item_200109#,Cook @item_12551#@1
2009021,Yummy Fries Ⅱ,Cook @item_12551#@1 in @item_200109#,Cook @item_12551#@1
2009022,Yummy Fries Ⅲ,Cook @item_12551#@1 in @item_200109#,Cook @item_12551#@1
2009023,Yummy Giant Buru Pie Ⅰ,Cook @item_12552#@1 in @item_200109#,Cook @item_12552#@1
2009024,Yummy Giant Buru Pie Ⅱ,Cook @item_12552#@1 in @item_200109#,Cook @item_12552#@1
2009025,Yummy Giant Buru Pie Ⅲ,Cook @item_12552#@1 in @item_200109#,Cook @item_12552#@1
2009026,Yummy Corn Snake Ⅰ,Cook @item_12553#@1 in @item_200109#,Cook @item_12553#@1
2009027,Yummy Corn Snake Ⅱ,Cook @item_12553#@1 in @item_200109#,Cook @item_12553#@1
2009028,Yummy Corn Snake Ⅲ,Cook @item_12553#@1 in @item_200109#,Cook @item_12553#@1
2009029,Yummy Vegetable Soup Ⅰ,Cook @item_12554#@1 in @item_200109#,Cook @item_12554#@1
2009030,Yummy Vegetable Soup Ⅱ,Cook @item_12554#@1 in @item_200109#,Cook @item_12554#@1
2009031,Yummy Vegetable Soup Ⅲ,Cook @item_12554#@1 in @item_200109#,Cook @item_12554#@1
2009032,Yummy Roast Dodo Meat Ⅰ,Cook @item_12558#@1 in @item_200109#,Cook @item_12558#@1
2009033,Yummy Roast Dodo Meat Ⅱ,Cook @item_12558#@1 in @item_200109#,Cook @item_12558#@1
2009034,Yummy Roast Dodo Meat Ⅲ,Cook @item_12558#@1 in @item_200109#,Cook @item_12558#@1
2009035,Yummy Barbecue Noodles Ⅰ,Cook @item_12559#@1 in @item_200109#,Cook @item_12559#@1
2009036,Yummy Barbecue Noodles Ⅱ,Cook @item_12559#@1 in @item_200109#,Cook @item_12559#@1
2009037,Yummy Barbecue Noodles Ⅲ,Cook @item_12559#@1 in @item_200109#,Cook @item_12559#@1
2009038,Yummy Antlered Deer Meat Stew Ⅰ,Cook @item_12560#@1 in @item_200109#,Cook @item_12560#@1
2009039,Yummy Antlered Deer Meat Stew Ⅱ,Cook @item_12560#@1 in @item_200109#,Cook @item_12560#@1
2009040,Yummy Antlered Deer Meat Stew Ⅲ,Cook @item_12560#@1 in @item_200109#,Cook @item_12560#@1
2009041,Yummy Ham Ⅰ,Cook @item_12561#@1 in @item_200109#,Cook @item_12561#@1
2009042,Yummy Ham Ⅱ,Cook @item_12561#@1 in @item_200109#,Cook @item_12561#@1
2009043,Yummy Ham Ⅲ,Cook @item_12561#@1 in @item_200109#,Cook @item_12561#@1
2009044,Yummy Smelly Ham Ⅰ,Cook @item_12562#@1 in @item_200109#,Cook @item_12562#@1
2009045,Yummy Smelly Ham Ⅱ,Cook @item_12562#@1 in @item_200109#,Cook @item_12562#@1
2009046,Yummy Smelly Ham Ⅲ,Cook @item_12562#@1 in @item_200109#,Cook @item_12562#@1
2009047,Yummy Crab Stick Ⅰ,Cook @item_12563#@1 in @item_200109#,Cook @item_12563#@1
2009048,Yummy Crab Stick Ⅱ,Cook @item_12563#@1 in @item_200109#,Cook @item_12563#@1
2009049,Yummy Crab Stick Ⅲ,Cook @item_12563#@1 in @item_200109#,Cook @item_12563#@1
2010001,الأرهو,عالجه وإبدا اللعب @item_11900#@1#r ( عند استخدام الـ PC انقر بشكل مطول على الزر الأيمن، عند النقر على الزر الأيمن والتحرك من الممكن ان تقوم باللعب),العب @item_11900#@1
2010002,suona,عالجه وإبدا اللعب @item_11906#@1#r ( عند استخدام الـ PC انقر بشكل مطول على الزر الأيمن، عند النقر على الزر الأيمن والتحرك من الممكن ان تقوم باللعب),العبitem_11906#@1
2010003,العود,قم بمعالجة ولعب @item_11907#@1#r ( في PC انقر بشكل مطول على الزر الأيمن ، وفي الجوال قم بالنقر على الزر بشكل مطول لتتمكن من اللعب),العب@item_11907#@1
2010004,الفلوت,قم بمعالجة ولعب @item_11908#@1#r ( في PC انقر بشكل مطول على الزر الأيمن ، وفي الجوال قم بالنقر على الزر بشكل مطول لتتمكن من اللعب),العب@item_11908#@1
2010005,الطبل,قم بمعالجة ولعب @item_11909#@1#r ( في PC انقر بشكل مطول على الزر الأيمن ، وفي الجوال قم بالنقر على الزر بشكل مطول لتتمكن من اللعب),العب @item_11909#@1#r
2010006,القانون آلة موسيقية,قم بمعالجة ولعب @item_11905#@1#r ( في PC انقر بشكل مطول على الزر الأيمن ، وفي الجوال قم بالنقر على الزر بشكل مطول لتتمكن من اللعب),العب @item_11905#@1
2010007,التمرير الجلدي,عالج @item_11806#@1#r ( @item_11806# يمكنه تسجيل النصوص),عالج@item_11806#@1
2010008,مكتب الكتاب,عالج @item_1143#@1#r ( يمكن استخدامها لربط معلومات نصية من صفحة واحدة في كتاب ),عالج@item_1143#@1
2010009,كتابة الكتاب,استخدم @item_1143# تأليف كتاب ( في @item_1143# يمكنك كتابة مافيه نصوص @item_11806# وتغليفه ككتيب),استخدم@item_1143# لكتابة كتاب@1
2010010,فتح الكتاب,استخدم @item_1143# لفتح كتيب @1#r ( في 在@item_1143# يمكن تفريق الكتاب إلى صفحات),استخدم @item_1143# لفتح الكتيب @1
2010011,متلون,عالج @item_498#@1#r ( قم بافراغ زجاجة الألوان إلى @item_498# لتتمكن من تعديل التلوين),عالج@item_498#@1
2010012,ريشة صفراء,استخدم @item_378# و @item_11320# لمعالجة @item_11504#@1,عالج@item_11504#@1
2010013,أحمر,استخدم @item_12500# و @item_11320# لمعالجة @item_11514#@1,عالج@item_11514#@1
2010014,الياقوت الأزرق,استخدم @item_12583# و @item_11320# لمعالجة @item_11532#@1,عالج@item_11532#@1
2010015,مزج الصباغ Ⅰ,خذ @item_11504# و @item_11514# وعبئه في @item_498# وبعد المزج ، استخدم @item_11320# للتجميع واحصل على @item_11501#@1#r ( وقم بتجربة مزج لون آخر ),اجمعها بعد خلط الطلاء @item_11501#@1
2010016,مزج الصباغ Ⅱ,خذ @item_11504# و @item_11532# وعبئه في @item_498# وبعد المزج ، استخدم @item_11320# للتجميع واحصل على @item_11513#@1#r ( وقم بتجربة مزج لون آخر ),بعد خلط الألوان جمع@item_11513#@1
2010017,مزج الصباغ Ⅲ,خذ @item_11504# و @item_11532# وعبئه في @item_498# وبعد المزج ، استخدم @item_11320# للتجميع واحصل على @item_11510#@1#r ( وقم بتجربة مزج لون آخر ),بعد مزج الصباغ والألوان جمع@item_11510#@1
2010018,اللوحة القماشية؟,عالج @item_600#@1#r ( بعد استخدم زجاجة الألوان خذ @item_600# واصبغه باللون المفضل لديك، ويمكن ايضا صبغ الكتل @item_666#، @item_632# وأخرى),عالج@item_600#@1
2011001,قصبة الصيد العادية,عالج @item_12721#@1#r ( استخدم قصبة الصيد لتتمكن من اصطياد سمك حي ، احرص على ترقب الوقت المناسب للانقضاض),عالج@item_12721#@1
2011002,قصبة صيد قرن المرجان,عالج @item_12722#@1#r ( يوجد في ريف شاطئ البحر للصيادين صياد ماهر، يمكنك أن تحصل منه على @item_11937#),عالج@item_12722#@1
2011003,قصية صيد فقاعات قرن المرجان,عالج @item_12723#@1#r ( يوجد في ريف شاطئ البحر للصيادين صياد ماهر، يمكنك أن تحصل منه على @item_11938#),عالج@item_12723#@1
2011004,قصبة القرص المرجاني للصيد,عالج @item_12724#@1#r ( يوجد في ريف شاطئ البحر للصيادين صياد ماهر، يمكنك أن تحصل منه على @item_11939#),عالج@item_12724#@1
2011005,شجرة قصبة الصيد المرجانية,عالج @item_12725#@1#r ( يوجد في ريف شاطئ البحر للصيادين صياد ماهر، يمكنك أن تحصل منه على @item_11940#),عالج@item_12725#@1
2011006,سمكة جوجو الذهبية I,لاصطياد @item_13609#@1#r ( استخدم قصبة الصيد المرجانية حتى تتمكن من الاصطياد),قم باصطياد@item_13609#@1
2011007,سمكة جوجو الذهبية Ⅱ,لاصطياد @item_13609#@1#r ( استخدم قصبة الصيد المرجانية حتى تتمكن من الاصطياد),قم باصطياد@item_13609#@1
2011008,سمك كي كي الذهبية I,لاصطياد @item_13610#@1#r ( استخدم قصبة الصيد المرجانية حتى تتمكن من الاصطياد),قم باصطياد @item_13610#@1
2011009,سمك كي كي الذهبية Ⅱ,لاصطياد @item_13610#@1#r ( استخدم قصبة الصيد المرجانية حتى تتمكن من الاصطياد),قم باصطياد @item_13610#@
2011010,السمكة الذهبية القبيحة I,لاصطياد @item_13611#@1#r ( استخدم قصبة الصيد المرجانية حتى تتمكن من الاصطياد),قم باصطياد @item_13611#@1
2011011,السمكة الذهبية القبيحة Ⅱ,لاصطياد @item_13611#@1#r ( استخدم قصبة الصيد المرجانية حتى تتمكن من الاصطياد),قم باصطياد @item_13611#@1
2011012,تزلج I,اصطاد @item_13602#@1,اصطاد @item_13602#@1
2011013,تزلج Ⅱ,اصطاد @item_13602#@1,اصطاد @item_13602#@1
2011014,سمك جوجو الأحمر I,اصطاد @item_13618#@1,اصطاد@item_13618#@1
2011015,سمك جوجو الأحمرⅡ,اصطاد @item_13618#@1,اصطاد@item_13618#@1
2011016,سمك كي كي الأحمر I,اصطاد @item_13617#@1,اصطاد @item_13617#@1
2011017,سمك كي كي الأحمر Ⅱ,اصطاد @item_13617#@1,اصطاد @item_13617#@1
2011018,السمك القبيح البنفسجي I,اصطاد @item_13614#@1,اصطاد @item_13614#@1
2011019,السمك القبيح البنفسجي Ⅱ,اصطاد @item_13614#@1,اصطاد @item_13614#@1
2011020,فرس النهر الصغير,قم باصطياد @item_13624#@1#r ( استخدم قصبة الصيد المرجاني، وقم بوضعها داخل المحيط حتى تتمكن من الاصطياد),اصطاد@item_13624#@1
2011021,فرس النهر,قم باصطياد @item_13623#@1#r ( استخدم قصبة الصيد المرجاني، وقم بوضعها داخل المحيط حتى تتمكن من الاصطياد),اصطاد @item_13623#@1
2011022,سمك جوجو السماوي I,اصطاد@item_13604#@1,اصطاد@item_13604#@1
2011023,سمك جوجو السماوي Ⅱ,اصطاد@item_13604#@1,اصطاد@item_13604#@1
2011024,سمك كي كي السماوي I,اصطاد @item_13607#@1,اصطاد @item_13607#@1
2011025,سمك كي كي السماوي Ⅱ,اصطاد @item_13607#@1,اصطاد @item_13607#@1
2011026,سمك البرتقالي القبيح I,اصطاد @item_13619#@1,اصطاد @item_13619#@1
2011027,سمك البرتقالي القبيح Ⅱ,اصطاد @item_13619#@1,اصطاد @item_13619#@1
2011028,السلطعون I,اصطاد @item_13621#@1,اصطاد @item_13621#@1
2011029,السلطعون Ⅱ,اصطاد @item_13621#@1,اصطاد @item_13621#@1
2011030,سمكة جوجو ازرق غامقI,اصطاد @item_13605#@1,اصطاد @item_13605#@1
2011031,سمكة جوجو ازرق غامق Ⅱ,اصطاد@item_13605#@1,اصطاد@item_13605#@1
2011032,سمكة كي كي الصفراء I,اصطاد @item_13613#@1,اصطاد @item_13613#@1
2011033,سمكة كي كي الصفراء Ⅱ,اصطاد @item_13613#@1,اصطاد @item_13613#@1
2011034,السمكة القبيحة المخططة I,اصطاد @item_13616#@1,اصطاد @item_13616#@1
2011035,السمكة القبيحة المخططة Ⅱ,اصطاد @item_13616#@1,اصطاد @item_13616#@1
2011036,قنديل I,اصطاد@item_13626#@1,اصطاد@item_13626#@1
2011037,قنديل Ⅱ,اصطاد @item_13626#@1,اصطاد @item_13626#@1
2011038,سمك جوجو الوردية I,اصطاد @item_13612#@1,اصطاد @item_13612#@1
2011039,سمكة جوجو الوردية Ⅱ,اصطاد@item_13612#@1,اصطاد@item_13612#@1
2011040,سمكة كي كي الخضراء I,اصطاد@item_13615#@1,اصطاد@item_13615#@1
2011041,سمكة كي كي الخضراء Ⅱ,اصطاد @item_13615#@1,اصطاد @item_13615#@1
2011042,السمكة القبيحة الوردية I,اصطاد @item_13608#@1,اصطاد @item_13608#@1
2011043,السمكة القبيحة الوردية Ⅱ,اصطاد @item_13608#@1,اصطاد @item_13608#@1
2011044,سمكة الفانوس I,اصطاد @item_13600#@1,اصطاد @item_13600#@1
2011045,سمكة الفانوس Ⅱ,اصطاد @item_13600#@1,اصطاد @item_13600#@1
2011046,سمكة جوجو السوداء I,اصطاد @item_13606#@1,اصطاد @item_13606#@1
2011047,سمكة جوجو السوداء Ⅱ,اصطاد @item_13606#@1,اصطاد @item_13606#@1
2011048,سمكة الشيطان I,اصطاد @item_13629#@1,اصطاد @item_13629#@1
2011049,سمكة الشيطان Ⅱ,اصطاد @item_13629#@1,اصطاد @item_13629#@1
2011050,أسماك الطحالب الخفيفة العصا I,اصطاد @item_13630#@1,اصطاد @item_13630#@1
2011051,أسماك الطحالب الخفيفة العصا Ⅱ,اصطاد @item_13630#@1,اصطاد @item_13630#@1
2011052,السمك الطائر I,اصطاد @item_13627#@1,اصطاد @item_13627#@1
2011053,السمك الطائر Ⅱ,قم باصطياد @item_13627#@1,قم باصطياد @item_13627#@1
2011054,زجاجة الانجراف البعيدة,قم باصطياد @item_27#@1,قم باصطياد @item_27#@1
2011055,زجاجة خريطة الكنز,قم باصطياد @item_12616#@1#r ( يجب عليك استخدام قصبة الصيد المرجانية لتتمكن من اصطيادها),قم باصطياد @item_12616#@1
2011056,عشب البحر,قم باصطياد @item_12615#@1,قم باصطياد @item_12615#@1
2011057,غائط,قبض @item_11311#@1,قبض @item_11311#@1
2011058,العشب المائي,قم باصطياد @item_245#@1,قم باصطياد @item_245#@1
2011059,الألواح العائمة,قم باصطياد @item_248#@1,قم باصطياد @item_248#@1
2011060,سمك القرش I,قم باصطياد @item_13628#@1#r ( استخدم قصبة الصيد المرجانية داخل أعماق المحيط حتى تتمكن من الاصطياد),قم باصطياد @item_13628#@1
2011061,سمك القرش Ⅱ,قم باصطياد @item_13628#@1#r ( استخدم قصبة الصيد المرجانية داخل أعماق المحيط حتى تتمكن من الاصطياد),قم باصطياد @item_13628#@1
2012001,الصخور Ⅰ,اجمع @item_104#@1#r ( يمكن مشاهدته في كوكب ميسرا),اجمع @item_104#@1
2012002,الصخور Ⅱ,اجمع @item_104#@1#r ( يمكن مشاهدته في كوكب ميسرا),اجمع @item_104#@1
2012003,منجم سبائك النحاس Ⅰ,صهر @item_451#@1#r ( ينتج كوكب ميسرا العديد منه),صهر @item_451#@1#r
2012004,منجم سبائك النحاس Ⅱ,صهر @item_451#@1#r ( ينتج كوكب ميسرا العديد منه),صهر @item_451#@1#r
2012005,منجم سبائك الميرثيل,صهر @item_401#@1#r (يتواجد في قاع بحر كوكب ميسرا),صهر @item_401#@1#r
2012006,منجم سبائك الميرثيل Ⅱ,صهر @item_401#@1#r (يتواجد في قاع بحر كوكب ميسرا),صهر @item_401#@1#r
2012007,منجم سبائك التيتانيوم Ⅰ,صهر @item_452#@1#r ( يتواجد في اعماق اراضي كوكب ميسرا ويتواجد في الجزر الفاضية بشكل طفيف),صهر @item_452#@1#r
2012008,منجم سبائك التيتانيوم,صهر @item_452#@1#r ( يتواجد في اعماق اراضي كوكب ميسرا ويتواجد في الجزر الفاضية بشكل طفيف),صهر @item_452#@1#r
2012009,منجم الذهب Ⅰ,صهر @item_404#@1#r (يتواجد بشكل طفيف في الكوكب اللطيف),صهر @item_404#@1#r
2012010,منجم الذهب Ⅱ,صهر @item_404#@1#r (يتواجد بشكل طفيف في الكوكب اللطيف),صهر @item_404#@1#r
2012011,منجم محترق Ⅰ,صهر @item_400#@1#r ( يتواجد بشكل طفيف في الكوكب الملتهب),صهر @item_400#@1#r
2012012,منجم محترق Ⅱ,صهر @item_400#@1#r ( يتواجد بشكل طفيف في الكوكب الملتهب),صهر @item_400#@1#r
2012013,منجم العنبر Ⅰ,صهر @item_406#@1#r ( يتواجد في قاع بحر كوكب ميسرا),صهر @item_406#@1#r
2012014,منجم العنبر Ⅱ,صهر @item_406#@1#r ( يتواجد في قاع بحر كوكب ميسرا),صهر @item_406#@1#r
2012015,منجم عقيق الحرير Ⅰ,اجمع @item_403#@1#r ( يتواجد في منتصف واسفل بحار كوكب ميسرا),تجميع @item_403#@1
2012016,منجم عقيق الحرير Ⅱ,اجمع @item_403#@1#r ( يتواجد في منتصف واسفل بحار كوكب ميسرا),تجميع @item_403#@1
2012017,منجم الميكا Ⅰ,اجمع @item_407#@1#r ( ينتج الكوكب المشتعل الكثير من المناجم),تجميع @item_407#@1
2012018,منجم الميكا Ⅱ,اجمع @item_407#@1#r ( ينتج الكوكب المشتعل الكثير من المناجم),تجميع @item_407#@1
2012019,منجم الخام النجمي Ⅰ,تجميع @item_445#@1#r ( نادرًا ما تتوزع على السطح أو الجزر الفارغة لنجم العين اللطيف ),تجميع @item_445#@1
2012020,منجم الخام النجمي,تجميع @item_445#@1#r ( نادرًا ما تتوزع على السطح أو الجزر الفارغة لنجم العين اللطيف ),تجميع@item_445#@1
2012021,خام الحجر البنفسجي Ⅰ,تجميع @item_446#@1#r ( من النادر  وجودة على الكوكب اللطيف),تجميع @item_446#@1#r
2012022,خام الحجر البنفسجي Ⅱ,تجميع @item_446#@1#r ( من النادر  وجودة على الكوكب اللطيف),تجميع @item_446#@1#r
2012023,طلاسم منجم الهجوم Ⅰ,تجميع @item_453#@1#r (يتم توزيع المناطق الجوفية والبركانية في Mira Star على نطاق واسع ، ومنطقة المستنقعات لها إنتاج كبير),تجميع @item_453#@1#r
2012024,طلاسم منجم الهجوم Ⅱ,تجميع @item_453#@1#r (يتم توزيع المناطق الجوفية والبركانية في Mira Star على نطاق واسع ، ومنطقة المستنقعات لها إنتاج كبير),تجميع @item_453#@1#r
2012025,مناجم طلاسم الدفاع Ⅰ,تجميع @item_454#@1#r (تنتشر المناطق الجوفية والبركانية في ميرا ستار على نطاق واسع ، والإنتاج في منطقة الغابات المطيرة كبير نسبيًا),تجميع @item_454#@1#r
2012026,مناجم طلاسم الدفاع Ⅱ,تجميع @item_454#@1#r (تنتشر المناطق الجوفية والبركانية في ميرا ستار على نطاق واسع ، والإنتاج في منطقة الغابات المطيرة كبير نسبيًا),تجميع @item_454#@1#r
2012027,طلاسم الفعالية Ⅰ,تجميع @item_455#@1#r (يتم توزيع المناطق الجوفية والبركانية في Mira Star على نطاق واسع ، ومنطقة حقل الجليد لها إنتاج كبيرا),تجميع @item_455#@1#r
2012028,طلاسم الفعالية Ⅱ,تجميع @item_455#@1#r (يتم توزيع المناطق الجوفية والبركانية في Mira Star على نطاق واسع ، ومنطقة حقل الجليد لها إنتاج كبيرا),تجميع @item_455#@1#r
2012029,الزجاج Ⅰ,صهر @item_11305#@1#r ( يحتاج لأن تبدأ تستخدم @item_29# لمعالجة @item_11305#),صهر @item_11305#@1
2012030,الزجاج Ⅱ,صهر @item_11305#@1#r ( يحتاج لأن تبدأ تستخدم @item_29# لمعالجة @item_11305#),صهر @item_11305#@1#r
2012031,الطين Ⅰ,صهر @item_11200#@1#r ( يحتاج لأن تبدأ تستخدم @item_305# لمعالجة @item_11200#),صهر @item_11200#@1
2012032,الطين Ⅱ,صهر @item_11200#@1#r ( يحتاج لأن تبدأ تستخدم @item_305# لمعالجة @item_11200#),صهر @item_11200#@1
2012033,الآلات المدفونة Ⅰ,صهر @item_598#@1#r ( نادرًا ما يتم توزيعها تحت الأرض على Mira Star),تجميع @item_598#@1
2012034,الآلات المدفونة Ⅱ,تجميع @item_598#@1#r ( نادرًا ما يتم توزيعها تحت الأرض على Mira Star),تجميع @item_598#@1
2012035,فجر الحجر Ⅰ,تجميع @item_536#@1#r ( يتوزع في الكوكب المشتعل ),تجميع @item_536#@1
2012036,فجر الحجر Ⅱ,تجميع @item_536#@1#r ( يتوزع في الكوكب المشتعل ),تجميع @item_536#@1
2012037,عقيدات المنغنيز Ⅰ,تجميع @item_24#@1#r ( نادرًا ما يتم توزيع نجمة ميرا في أعماق البحار),تجميع @item_24#@1
2012038,عقيدات المنغنيز Ⅱ,تجميع @item_24#@1#r ( نادرًا ما يتم توزيع نجمة ميرا في أعماق البحار),تجميع @item_24#@1
2012039,الحجر الكبريتي Ⅰ,صهر @item_124#@1#r ( مكون من مكونات الكوكب الملتهب),صهر@item_124#@1
2012040,الحجر الكبريتي Ⅱ,صهر @item_124#@1#r ( مكون من مكونات الكوكب الملتهب),صهر @item_124#@1
2012041,منجم التكثيف Ⅰ,تجميع @item_402#@1#r ( يتواجد على كوكب ميسرا بشكل واسع),تجميع @item_402#@1
2012042,منجم التكثيف Ⅱ,تجميع @item_402#@1#r ( يتواجد على كوكب ميسرا بشكل واسع),تجميع @item_402#@1
2012043,منجم السيليثيوم Ⅰ,صهر @item_405#@1#r ( يتم توزيع الخام الذي يكثف كمية كبيرة من طاقة النجم على نطاق واسع في نجم اللهب),صهر @item_405#@1
2012044,منجم السيليثيوم Ⅱ,صهر @item_405#@1#r ( يتم توزيع الخام الذي يكثف كمية كبيرة من طاقة النجم على نطاق واسع في نجم اللهب),صهر @item_405#@1
2012045,خام اللهب الصقيع الأول.,جمع @item_34#@1#r (نادرا ما توجد في كهوف جبال الثلج في ميراس),جمع @item_34#@1
2012046,خام فروستفليم الثاني.,جمع @item_34#@1#r (نادرا ما توجد في كهوف جبال الثلج في ميراس),جمع @item_34#@1
2012047,خام الكريستال الأساسي العادي I.,جمع @item_33#@1#r (نادرا ما توجد تحت الأرض في ميراس),جمع @item_33#@1
2012048,خام الكريستال الأساسي العادي II.,جمع @item_33#@1#r (نادرا ما توجد تحت الأرض في ميراس),جمع @item_33#@1
3001001,اللازق Ⅰ,معالجة@item_12001#@1,معالجة@item_12001#@1
3001002,اللازق Ⅱ,معالجة@item_12001#@1,معالجة@item_12001#@1
3001003,المطرقة الوفيرة Ⅰ,معالجة @item_11230#@1#r ( واحدة من مواد @item_242# يجب أن تذهب للصحراء كي تتمكن من ايجادها),معالجة @item_11230#@1
3001004,المطرقة الوفيرة Ⅱ,معالجة @item_11230#@1#r ( واحدة من مواد @item_242# يجب أن تذهب للصحراء كي تتمكن من ايجادها),معالجة@item_11230#@1
3001005,الرمح الحجري Ⅰ,معالجة @item_12002#@1,معالجة @item_12002#@1
3001006,الرمح الحجري Ⅱ,معالجة @item_12002#@1,معالجة @item_12002#@1
3001007,طعن الرمح Ⅰ,معالجة@item_12004#@1,معالجة@item_12004#@1
3001008,طعن الرمح Ⅱ,معالجة @item_12004#@1,معالجة @item_12004#@1
3001009,السيف القصير Ⅰ,معالجة @item_12003#@1,معالجة @item_12003#@1
3001010,السيف القصير Ⅱ,معالجة @item_12003#@1,معالجة @item_12003#@1
3001011,سيف الطاقة Ⅰ,معالجة@item_12005#@1,معالجة@item_12005#@1
3001012,سيف الطاقة Ⅱ,معالجة@item_12005#@1,معالجة@item_12005#@1
3001013,الحصاد Ⅰ,معالجة @item_12009#@1,معالجة @item_12009#@1
3001014,الحصاد Ⅱ,معالجة @item_12009#@1,معالجة @item_12009#@1
3001015,مطرقة التيتانيوم Ⅰ,معالجة @item_12010#@1,معالجة @item_12010#@1
3001016,مطرقة التيتانيوم Ⅱ,معالجة @item_12010#@1,معالجة @item_12010#@1
3001017,حربة الشيطان Ⅰ,معالجة @item_12063#@1#r ( يجب الذهاب إلى أعماق البحار من أجل الحصول على سمك الشيطان),معالجة @item_12063#@1
3001018,حربة الشيطان Ⅱ,معالجة @item_12063#@1#r ( يجب الذهاب إلى أعماق البحار من أجل الحصول على سمك الشيطان),معالجة @item_12063#@1
3001019,درع العقرب Ⅰ,معالجة  @item_12309#@1#r ( @item_11632# تحتاج إلى استخدام سلاح غير حاد لمهاجمة العقرب السام العملاق للحصول عليه),معالجة @item_12309#@1
3001020,درع العقرب Ⅱ,معالجة  @item_12309#@1#r ( @item_11632# تحتاج إلى استخدام سلاح غير حاد لمهاجمة العقرب السام العملاق للحصول عليه),معالجة @item_12309#@1
3001021,درع العقرب Ⅰ,معالجة  @item_12310#@1#r ( @item_11633# تحتاج إلى استخدام سلاح غير حاد لمهاجمة العقرب السام العملاق للحصول عليه),معالجة @item_12310#@1
3001022,درع العقرب Ⅱ,معالجة  @item_12310#@1#r ( @item_11633# تحتاج إلى استخدام سلاح غير حاد لمهاجمة العقرب السام العملاق للحصول عليه),معالجة @item_12310#@1
3001023,القطعة الملوية Ⅰ,معالجة @item_11592#@1,معالجة @item_11592#@1
3001024,القطعة الملوية Ⅱ,معالجة @item_11592#@1,معالجة @item_11592#@1
3001025,موظفين عاديين,معالجة @item_11580#@1,معالجة @item_11580#@1
3001027,الطاقم المضيء,معالجة @item_11582#@1,معالجة @item_11582#@1
3001028,طاقم اخماد السم,معالجة @item_11583#@1,معالجة @item_11583#@1
3001029,طاقم الانتقام,معالجة @item_11584#@1,معالجة @item_11584#@1
3001030,طاقم الاستدعاء,معالجة @item_11585#@1#r ( @item_11575# مختبي في اجواف الصحراء ),معالجة @item_11585#@1
3001031,قوس ميرثيل قصير Ⅰ,معالجة @item_12050#@1,معالجة @item_12050#@1
3001032,قوس ميرثيل قصير Ⅱ,معالجة @item_12050#@1,معالجة @item_12050#@1
3001033,قوس حجري Ⅰ,معالجة @item_12051#@1,معالجة @item_12051#@1
3001034,قوس حجري Ⅱ,معالجة @item_12051#@1,معالجة @item_12051#@1
3001035,قوس عارضيⅠ,معالجة @item_12056#@1#r ( @item_11221# يجب عليك الفوز على التنين الأسود كي تحصل عليها),معالجة @item_12056#@1
3001036,قوس عارضي Ⅱ,معالجة @item_12056#@1#r ( @item_11221# يجب عليك الفوز على التنين الأسود كي تحصل عليها),معالجة @item_12056#@1
3001037,ضربة السهم Ⅰ,معالجة @item_12288#@1#r( @item_251# بحاجة إلى العثور في حوض غابة الخيزران),معالجة @item_12288#@1
3001038,ضربة السهم Ⅱ,معالجة @item_12288#@1#r( @item_251# بحاجة إلى العثور في حوض غابة الخيزران),معالجة @item_12288#@1
3001039,نبلة لدغة النحل Ⅰ,معالجة @item_12289#@1,معالجة @item_12289#@1
3001040,نبلة لدغة النحل Ⅱ,معالجة @item_12289#@1,معالجة @item_12289#@1
3001041,مدفع ضغط الماء Ⅰ,معالجة @item_ 11649#@1,معالجة @item_ 11649#@1
3001042,مدفع ضغط الماء Ⅱ,معالجة @item_ 11649#@1,معالجة @item_ 11649#@1
3001043,قوس القرش Ⅰ,معالجة @item_ 12061#@1,معالجة @item_ 12061#@1
3001044,قوس القرش Ⅱ,معالجة @item_ 12061#@1,معالجة @item_ 12061#@1
3001045,سهم المحيط Ⅰ,معالجة @item_12062#@1,معالجة @item_12062#@1
3001046,سهم المحيط Ⅱ,معالجة @item_12062#@1,معالجة @item_12062#@1
3002001,خوذة جلدية Ⅰ,معالجة @item_ 12201#@1,معالجة @item_ 12201#@1
3002002,خوذة جلدية Ⅱ,معالجة @item_ 12201#@1,معالجة @item_ 12201#@1
3002003,درع صدر جلدي,معالجة @item_12202#@1,معالجة @item_12202#@1
3002004,درع صدر جلدي Ⅱ,معالجة @item_12202#@1,معالجة @item_12202#@1
3002005,درع ساق جلدي Ⅰ,معالجة @item_12203#@1,معالجة @item_12203#@1
3002006,درع ساق جلدي Ⅱ,معالجة @item_12203#@1,معالجة @item_12203#@1
3002007,حذاء جلدي Ⅰ,معالجة @item_12204#@1,معالجة @item_12204#@1
3002008,حذاء جلدي Ⅱ,معالجة @item_12204#@1,معالجة @item_12204#@1
3002009,خوذة نحاسية Ⅰ,معالجة @item_12216#@1,معالجة @item_12216#@1
3002010,خوذة نحاسية Ⅱ,معالجة @item_12216#@1,معالجة @item_12216#@1
3002011,درع نحاسي Ⅰ,معالجة @item_12217#@1,معالجة @item_12217#@1
3002012,درع نحاسي Ⅱ,معالجة @item_12217#@1,معالجة @item_12217#@1
3002013,درع ساق نحاسي Ⅰ,معالجة @item_12218#@1,معالجة @item_12218#@1
3002014,درع ساق نحاسي Ⅱ,معالجة @item_12218#@1,معالجة @item_12218#@1
3002015,حذاء نحاسي Ⅰ,معالجة @item_12219#@1,معالجة @item_12219#@1
3002016,حذاء نحاسي Ⅱ,معالجة @item_12219#@1,معالجة @item_12219#@1
3002017,خوذة الميرثيل Ⅰ,معالجة @item_12221#@1,معالجة @item_12221#@1
3002018,خوذة الميرثيل Ⅱ,معالجة @item_12221#@1,معالجة @item_12221#@1
3002019,درع الميرثيل Ⅰ,معالجة @item_12222#@1,معالجة @item_12222#@1
3002020,درع الميرثيل Ⅱ,معالجة @item_12222#@1,معالجة @item_12222#@1
3002021,درع ساق ميرثيلⅠ,معالجة @item_12223#@1,معالجة @item_12223#@1
3002022,درع ساق ميرثيل Ⅱ,معالجة @item_12223#@1,معالجة @item_12223#@1
3002023,أحذية ميثريل Ⅰ,معالجة @item_12224#@1,معالجة @item_12224#@1
3002024,أحذية ميثريل Ⅱ,معالجة @item_12224#@1,معالجة @item_12224#@1
3002025,خوذة السلسة Ⅰ,معالجة @item_12211#@1,معالجة @item_12211#@1
3002026,خوذة السلسة Ⅱ,معالجة @item_12211#@1,معالجة @item_12211#@1
3002027,درع السلسلة Ⅰ,معالجة @item_12212#@1,معالجة @item_12212#@1
3002028,درع السلسلة Ⅱ,معالجة @item_12212#@1,معالجة @item_12212#@1
3002029,درع ساق سلسلة Ⅰ,معالجة @item_12213#@1,معالجة @item_12213#@1
3002030,درع ساق سلسلة Ⅱ,معالجة @item_12213#@1,معالجة @item_12213#@1
3002031,أحذية سلسلة Ⅰ,معالجة @item_12214#@1,معالجة @item_12214#@1
3002032,أحذية سلسلة Ⅱ,معالجة @item_12214#@1,معالجة @item_12214#@1
3002033,خوذة التيتانيوم Ⅰ,معالجة @item_12231#@1,معالجة @item_12231#@1
3002034,خوذة التيتانيوم Ⅱ,معالجة @item_12231#@1,معالجة @item_12231#@1
3002035,درع التيتانيوم Ⅰ,معالجة @item_12232#@1,معالجة @item_12232#@1
3002036,درع التيتانيوم Ⅱ,معالجة @item_12232#@1,معالجة @item_12232#@1
3002037,درع ساق التيتانيوم Ⅰ,معالجة @item_12233#@1,معالجة @item_12233#@1
3002038,درع ساق التيتانيوم Ⅱ,معالجة @item_12233#@1,معالجة @item_12233#@1
3002039,حذاء التيتانيوم Ⅰ,معالجة @item_12234#@1,معالجة @item_12234#@1
3002040,حذاء التيتانيوم Ⅱ,معالجة @item_12234#@1,معالجة @item_12234#@1
3002041,خوذة الذهب التنجنست,معالجة @item_12241#@1,معالجة @item_12241#@1
3002042,خوذة الذهب التنجنست Ⅱ,معالجة @item_12241#@1,معالجة @item_12241#@1
3002043,درع الذهب التنجنست Ⅰ,معالجة @item_12242#@1,معالجة @item_12242#@1
3002044,درع الذهب التنجنست Ⅱ,معالجة @item_12242#@1,معالجة @item_12242#@1
3002045,درع ساق ذهبي Ⅰ,معالجة @item_12243#@1,معالجة @item_12243#@1
3002046,درع ساق ذهبي Ⅱ,معالجة @item_12243#@1,معالجة @item_12243#@1
3002047,حذاء ذهبي Ⅰ,معالجة @item_12244#@1,معالجة @item_12244#@1
3002048,حذاء ذهبي Ⅱ,معالجة @item_12244#@1,معالجة @item_12244#@1
3002049,قناع الغطس Ⅰ,معالجة @item_11642#@1,معالجة @item_11642#@1
3002050,قناع الغطس Ⅱ,معالجة @item_11642#@1,معالجة @item_11642#@1
3002051,زي الغطس Ⅰ,معالجة @item_11643#@1,معالجة @item_11643#@1
3002052,زي الغطس Ⅱ,معالجة @item_11643#@1,معالجة @item_11643#@1
3002053,زعانف الغوص Ⅰ,معالجة @item_11644#@1,معالجة @item_11644#@1
3002054,زعانف الغوص Ⅱ,معالجة @item_11644#@1,معالجة @item_11644#@1
3002055,قناع الأوكسجين Ⅰ,معالجة @item_12276#@1,معالجة @item_12276#@1
3002056,قناع الأوكسجين Ⅱ,معالجة @item_12276#@1,
3002057,قناع الغطس المتقدم Ⅰ,معالجة @item_ 11645#@1,معالجة @item_ 11645#@1
3002058,قناع الغطس المتقدم Ⅱ,معالجة @item_ 11645#@1,معالجة @item_ 11645#@1
3002059,زي الغطس المتقدم Ⅰ,معالجة @item_ 11646#@1,معالجة @item_ 11646#@1
3002060,زي الغطس المتقدم Ⅱ,معالجة @item_ 11646#@1,معالجة @item_ 11646#@1
3002061,.زعانف الغطس المتقدم Ⅰ,معالجة @item_ 11647#@1,معالجة @item_ 11647#@1
3002062,.زعانف الغطس المتقدم Ⅱ,معالجة @item_ 11647#@1,معالجة @item_ 11647#@1
3002063,حقيبة الأوكسجين Ⅰ,معالجة @item_ 12275#@1,معالجة @item_ 12275#@1
3002064,حقيبة الأوكسجين Ⅱ,معالجة @item_ 12275#@1,معالجة @item_ 12275#@1
3002065,كورولا Ⅰ,معالجة @item_ 11228#@1,معالجة @item_ 11228#@1
3002066,كورولا Ⅱ,معالجة @item_ 11228#@1,معالجة @item_ 11228#@1
3002067,التاج المحظوظ Ⅰ,معالجة @item_11650#@1#r ( يمكن العثور عليها في جزيرة الأرض الحمراء في البحر @item_1186#),معالجة@item_11650#@1
3002068,التاج المحظوظ Ⅱ,معالجة @item_11650#@1#r ( يمكن العثور عليها في جزيرة الأرض الحمراء في البحر @item_1186#),معالجة@item_11650#@1
3002069,عباءة جلدية Ⅰ,معالجة @item_12205#@1,معالجة @item_12205#@1
3002070,عباءة جلدية,معالجة @item_12205#@1,معالجة @item_12205#@1
3002071,عباءة نارية Ⅰ,معالجة@item_12206#@1,معالجة@item_12206#@1
3002072,عباءة نارية Ⅱ,معالجة @item_12206#@1,معالجة @item_12206#@1
3002073,العباءة الذهبية Ⅰ,معالجة @item_12207#@1,معالجة @item_12207#@1
3002074,العباءة الذهبية Ⅱ,معالجة @item_12207#@1,معالجة @item_12207#@1
3002075,العباءة الحريرية Ⅰ,معالجة @item_12208#@1,معالجة @item_12208#@1
3002076,العباءة الحريرية Ⅱ,معالجة @item_12208#@1,معالجة @item_12208#@1
3002077,عباءة الميرثيل Ⅰ,معالجة @item_12209#@1,معالجة @item_12209#@1
3002078,عباءة الميرثيل Ⅱ,معالجة @item_12209#@1,معالجة @item_12209#@1
3002079,عباءة الحمم البركانية Ⅰ,معالجة @item_12210#@1#r ( @item_11222# تحتاج إلى هزيمة الحمم السوداء التنين للحصول عليها),معالجة @item_12210#@1
3002080,عباءة الحمم البركانية Ⅱ,معالجة @item_12210#@1#r ( @item_11222# تحتاج إلى هزيمة الحمم السوداء التنين للحصول عليها),معالجة @item_12210#@1
3002081,عباءة حماية الرمال,معالجة @item_11639#@1#r ( من المحتمل جدًا أنك ستواجه عواصف رملية في الصحراء. إذا كنت تريد المشي في العواصف الرملية ، فهذا أمر لا بد منه @item_11639#),معالجة @item_11639#@1
3002082,حقيبة الحماية  من النار,معالجة @item_12277#@1#r ( تريد التكيف مع درجة الحرارة العالية لـ Blazing Star @item_12277# مهم جدا),معالجة @item_12277#@1
3003001,طلاسم هجوم منخفضة Ⅰ,في @item_785# اعطي اي فسيفساء@item_11603#@1,فسيفاء @item_11603#@1
3003002,طلاسم هجوم منخفضة Ⅱ,في @item_785# اعطي اي فسيفساء@item_11603#@1,فسيفاء @item_11603#@1
3003003,طلاسم هجوم متوسطة Ⅰ,في @item_785# اعطي اي فسيفساء@item_11604#@1,فسيفاء @item_11604#@1
3003004,طلاسم هجوم متوسطة Ⅱ,في @item_785# اعطي اي فسيفساء@item_11604#@1,فسيفاء @item_11604#@1
3003005,طلاسم هجوم مرتفعة Ⅰ,في @item_785# اعطي اي فسيفساء@item_11605#@1,فسيفاء @item_11605#@1
3003006,طلاسم هجوم مرتفعة Ⅱ,في @item_785# اعطي اي فسيفساء@item_11605#@1,فسيفاء @item_11605#@1
3003007,طلاسم الدفاع المنخفضة Ⅰ,في @item_785# اعطي اي فسيفساء@item_11606#@1,فسيفاء @item_11606#@1
3003008,طلاسم الدفاع المنخفضة Ⅱ,في @item_785# اعطي اي فسيفساء@item_11606#@1,فسيفاء @item_11606#@1
3003009,طلاسم الدفاع المتوسطة Ⅰ,في @item_785# اعطي اي فسيفساء@item_11607#@1,فسيفاء @item_11607#@1
3003010,طلاسم الدفاع المتوسطة Ⅱ,في @item_785# اعطي اي فسيفساء@item_11607#@1,فسيفاء @item_11607#@1
3003011,طلاسم الدفاع المرتفعة Ⅰ,في @item_785# اعطي اي فسيفساء@item_11608#@1,فسيفاء @item_11608#@1
3003012,طلاسم الدفاع المرتفعة Ⅱ,في @item_785# اعطي اي فسيفساء@item_11608#@1,فسيفاء @item_11608#@1
3003013,طلاسم الفاعلية المنخفض Ⅰ,في @item_785# ترصيع أي أداة @item_11609#@1,ترصيع @item_11609#@1
3003014,طلاسم الفاعلية المنخفض Ⅱ,في @item_785# ترصيع أي أداة @item_11609#@1,ترصيع @item_11609#@1
3003015,طلاسم الفاعلية المتوسطة Ⅰ,في @item_785# ترصيع أي أداة @item_11610#@1,ترصيع @item_11610#@1
3003016,طلاسم الفاعلية المتوسطة Ⅱ,في @item_785# ترصيع أي أداة @item_11610#@1,ترصيع @item_11610#@1
3003017,طلاسم الفاعلية المرتفعة Ⅰ,في @item_785# ترصيع أي أداة @item_11611#@1,ترصيع @item_11611#@1
3003018,طلاسم الفاعلية المرتفعة Ⅱ,في @item_785# ترصيع أي أداة @item_11611#@1,ترصيع @item_11611#@1
3003019,حجر التنشيط العالمي Ⅰ,في @item_785# قم بترصيع أي سلاح أو أداة @item_11612#@1,ترصيع @item_11612#@1
3003020,حجر التنشيط العالمي Ⅱ,في @item_785# قم بترصيع أي سلاح أو أداة @item_11612#@1,ترصيع @item_11612#@1
3004001,بوارمان واريور باني الأول.,اهزم Boarman Warrior @1# r (ينشط Boarman Warriors بشكل استثنائي في الليل ويأخذون قيلولة أثناء النهار),هزيمة بوارمان المحارب @ 1
3004002,لعنة بوارمان واريور الثاني.,اهزم Boarman Warrior @1# r (ينشط Boarman Warriors بشكل استثنائي في الليل ويأخذون قيلولة أثناء النهار),هزيمة بوارمان المحارب @ 1
3004003,لعنة بوارمان واريور الثالث.,اهزم Boarman Warrior @1# r (ينشط Boarman Warriors بشكل استثنائي في الليل ويأخذون قيلولة أثناء النهار),هزيمة بوارمان المحارب @ 1
3004004,لعنة بوارمان سبيرمان I.,اهزم بوارمان سبيرمان @1# r (يتصرف Boarman Spearmen مثل Boarman Warriors ، لكن احترس من رماحهم. ابحث عن غطاء عند الحاجة!),هزيمة بوارمان سبيرمان @ 1
3004005,لعنة بوارمان سبيرمان الثانية.,اهزم بوارمان سبيرمان @1# r (يتصرف Boarman Spearmen مثل Boarman Warriors ، لكن احترس من رماحهم. ابحث عن غطاء عند الحاجة!),هزيمة بوارمان سبيرمان @ 1
3004006,لعنة بوارمان سبيرمان الثالث.,اهزم بوارمان سبيرمان @1# r (يتصرف Boarman Spearmen مثل Boarman Warriors ، لكن احترس من رماحهم. ابحث عن غطاء عند الحاجة!),هزيمة بوارمان سبيرمان @ 1
3004007,العدو اللطيف البري,اهزم اللطيف البري  @1#r ( اللطيف البري مشاغب ، غالبا سيتم الفتح والاغلاق تدمير المحاصيل),اهزم اللطيف البري @1
3004008,العدو اللطيف البري Ⅱ,اهزم اللطيف البري  @1#r ( اللطيف البري مشاغب ، غالبا سيتم الفتح والاغلاق تدمير المحاصيل),اهزم اللطيف البري @1
3004009,العدو اللطيف البري Ⅲ,اهزم اللطيف البري  @1#r ( اللطيف البري مشاغب ، غالبا سيتم الفتح والاغلاق تدمير المحاصيل),اهزم اللطيف البري @1
3004010,عدو الكهنة البري Ⅰ,اهزم عدو الكهنة البري @1#r ( الكاهن البري يعيش في الغابات الممطرة، قادرة على الطيران في السماء دون قيود الجاذبية ، يمكن للموظفين في اليد إطلاق الكرات السحرية ، والاهتمام بالبحث عن غطاء عند التعامل معها),اهزم الكاهن البري @1
3004011,عدو الكهنة البري Ⅱ,اهزم عدو الكهنة البري @1#r ( الكاهن البري يعيش في الغابات الممطرة، قادرة على الطيران في السماء دون قيود الجاذبية ، يمكن للموظفين في اليد إطلاق الكرات السحرية ، والاهتمام بالبحث عن غطاء عند التعامل معها),اهزم الكاهن البري @1
3004012,عدو الكهنة البري Ⅲ,اهزم عدو الكهنة البري @1#r ( الكاهن البري يعيش في الغابات الممطرة، قادرة على الطيران في السماء دون قيود الجاذبية ، يمكن للموظفين في اليد إطلاق الكرات السحرية ، والاهتمام بالبحث عن غطاء عند التعامل معها),اهزم الكاهن البري @1
3004013,عدو سم الكاهن البري Ⅰ,اهزم سم الكاهن البري   @1#r ( العادات هي نفس عادات الكهنة الآخرين ، ولكن إذا أصبت بكرة سحرية ، فسوف تتسمم ، فكن حذرًا.),اهزم سم الكاهن البري@1
3004014,عدو سم الكاهن البري Ⅱ,اهزم سم الكاهن البري   @1#r ( العادات هي نفس عادات الكهنة الآخرين ، ولكن إذا أصبت بكرة سحرية ، فسوف تتسمم ، فكن حذرًا.),اهزم سم الكاهن البري@1
3004015,عدو سم الكاهن البري Ⅲ,اهزم سم الكاهن البري   @1#r ( العادات هي نفس عادات الكهنة الآخرين ، ولكن إذا أصبت بكرة سحرية ، فسوف تتسمم ، فكن حذرًا.),اهزم سم الكاهن البري@1
3004016,شفاء الكهنة المتوحشين Ⅰ,اهزم الكاهن الشفاء الهمجي@1,اهزم الكاهن الشفاء الهمجي@1
3004017,شفاء الكهنة المتوحشين Ⅱ,اهزم الكاهن الشفاء الهمجي@1,اهزم الكاهن الشفاء الهمجي@1
3004018,شفاء الكهنة المتوحشين Ⅲ,اهزم الكاهن الشفاء الهمجي@1,اهزم الكاهن الشفاء الهمجي@1
3004019,كاهن عدو الصاعقة Ⅰ,اهزم كاهن الصاعقة @1#r ( العادات هي مثل الكهنة الآخرين ، لكن الجرم السماوي سيطلق البرق ، لذا كن حذرًا جدًا),اهزم كاهن الصاعقة@1
3004020,كاهن عدو الصاعقة Ⅱ,اهزم كاهن الصاعقة @1#r ( العادات هي مثل الكهنة الآخرين ، لكن الجرم السماوي سيطلق البرق ، لذا كن حذرًا جدًا),اهزم كاهن الصاعقة@1
3004021,كاهن عدو الصاعقة Ⅲ,اهزم كاهن الصاعقة @1#r ( العادات هي مثل الكهنة الآخرين ، لكن الجرم السماوي سيطلق البرق ، لذا كن حذرًا جدًا),اهزم كاهن الصاعقة@1
3004022,الكاهن الناري العام Ⅰ,اهزم الكاهن الشعلة@1#r (العادات هي نفس عادات الكهنة الآخرين ، لكن الكرة السحرية ستشعل النار ، احذر من أن تحترق),اهزم الكاهن الناري @1
3004023,الكاهن الناري العام Ⅱ,اهزم الكاهن الشعلة@1#r (العادات هي نفس عادات الكهنة الآخرين ، لكن الكرة السحرية ستشعل النار ، احذر من أن تحترق),اهزم الكاهن الناري @1
3004024,الكاهن الناري العامⅢ,اهزم الكاهن الشعلة@1#r (العادات هي نفس عادات الكهنة الآخرين ، لكن الكرة السحرية ستشعل النار ، احذر من أن تحترق),اهزم الكاهن الناري @1
3004025,العدو الخفاش Ⅰ,اهزم الخفاش @1#r ( الخفاش صغير وسريع الحركة ، من الأفضل انتظاره ليقترب منه واستخدام أسلحة المشاجرة للتعامل معه بسرعة),اهزم الخفاش @1
3004026,العدو الخفاش Ⅱ,اهزم الخفاش @1#r ( الخفاش صغير وسريع الحركة ، من الأفضل انتظاره ليقترب منه واستخدام أسلحة المشاجرة للتعامل معه بسرعة),اهزم الخفاش  @1
3004027,العدو الخفاش Ⅲ,اهزم الخفاش @1#r ( الخفاش صغير وسريع الحركة ، من الأفضل انتظاره ليقترب منه واستخدام أسلحة المشاجرة للتعامل معه بسرعة),اهزم الخفاش @1
3004028,طلاسم وحوش العدو Ⅰ,اهزم طلاسم وحوش العدو @1#r ( سوف تختبئ وحوش الطلاسم في خام الطلاسم ، لذا كن حذرًا عند تعدين خام الطلاسم),اهزم طلاسم الوحوش @1
3004029,طلاسم وحوش العدو Ⅱ,اهزم طلاسم وحوش العدو @1#r ( سوف تختبئ وحوش الطلاسم في خام الطلاسم ، لذا كن حذرًا عند تعدين خام الطلاسم),اهزم طلاسم الوحوش @1
3004030,طلاسم وحوش العدوⅢ,اهزم طلاسم وحوش العدو @1#r ( سوف تختبئ وحوش الطلاسم في خام الطلاسم ، لذا كن حذرًا عند تعدين خام الطلاسم),اهزم طلاسم الوحوش @1
3004031,عدو الفراغ Ⅰ,اهزم عدو الفراغ @1#r ( سوف يسرق رسول الفراغ القوة الخلاقة لجميع المخلوقات ، فلا تدير ظهرك لها),اهزم عدو الفراغ @1
3004032,عدو الفراغⅡ,اهزم عدو الفراغ @1#r ( سوف يسرق رسول الفراغ القوة الخلاقة لجميع المخلوقات ، فلا تدير ظهرك لها),اهزم عدو الفراغ @1
3004033,عدو الفراغⅢ,اهزم عدو الفراغ @1#r ( سوف يسرق رسول الفراغ القوة الخلاقة لجميع المخلوقات ، فلا تدير ظهرك لها),اهزم عدو الفراغ @1
3004034,عدو القراصنةⅠ,اهزم القراصنة اللصوص @1#r ( يتمركز القراصنة دائمًا على الجزر في مجموعات),اهزم القراصنة اللصوص @1
3004035,عدو القراصنة Ⅱ,اهزم القراصنة اللصوص @1#r ( يتمركز القراصنة دائمًا على الجزر في مجموعات),اهزم القراصنة اللصوص @1
3004036,عدو القراصنة Ⅲ,اهزم القراصنة اللصوص @1#r ( يتمركز القراصنة دائمًا على الجزر في مجموعات),اهزم القراصنة اللصوص @1
3004037,عدو قناص القراصنةⅠ,اهزم عدو قناص القراصنة @1#r( إذا غرقت سفينة القراصنة ، فمن الممكن أن تصادفهم!),اهزم قناص القراصنة @1
3004038,عدو قناص القراصنة Ⅱ,اهزم عدو قناص القراصنة @1#r( إذا غرقت سفينة القراصنة ، فمن الممكن أن تصادفهم!),اهزم قناص القراصنة @1
3004039,عدو قناص القراصنة Ⅲ,اهزم عدو قناص القراصنة @1#r( إذا غرقت سفينة القراصنة ، فمن الممكن أن تصادفهم!),اهزم قناص القراصنة @1
3004040,العدو العام لسفينة القراصنة Ⅰ,اهزم العدو العام لسفينة القراصنة @1#r ( سفن القراصنة الصغيرة أسرع لكنها أسهل في الهزيمة),اهزم سفينة القراصنة @1
3004041,العدو العام لسفينة القراصنة Ⅱ,اهزم العدو العام لسفينة القراصنة @1#r ( سفن القراصنة الصغيرة أسرع لكنها أسهل في الهزيمة),اهزم سفينة القراصنة @1
3004042,العدو العام لسفينة القراصنةⅢ,اهزم العدو العام لسفينة القراصنة @1#r ( سفن القراصنة الصغيرة أسرع لكنها أسهل في الهزيمة),اهزم سفينة القراصنة @1
3004043,العدو لسفينة القراصنة المتوسطةⅠ,اهزم سفينة القراصنة المتوسطة @1#r ( سفن القراصنة المتوسطة أسرع لكنها أسهل في الهزيمة),اهزم سفينة القراصنة المتوسطة @1
3004044,العدو لسفينة القراصنة المتوسطة Ⅱ,اهزم سفينة القراصنة المتوسطة @1#r ( سفن القراصنة المتوسطة أسرع لكنها أسهل في الهزيمة),اهزم سفينة القراصنة المتوسطة @1
3004045,العدو لسفينة القراصنة المتوسطة Ⅲ,اهزم سفينة القراصنة المتوسطة @1#r ( سفن القراصنة المتوسطة أسرع لكنها أسهل في الهزيمة),اهزم سفينة القراصنة المتوسطة @1
3004046,العدو لسفينة القراصنة الكبيرة Ⅰ,اهزم سفينة القراصنة الكبيرة @1#r (ستطلق سفن القراصنة الكبيرة قوارب القنابل عندما تتضرر بشدة ، احرص على عدم تعرضها للقصف),اهزم سفينة القراصنة الكبيرة @1
3004047,العدو لسفينة القراصنة الكبيرة Ⅱ,اهزم سفينة القراصنة الكبيرة @1#r (ستطلق سفن القراصنة الكبيرة قوارب القنابل عندما تتضرر بشدة ، احرص على عدم تعرضها للقصف),اهزم سفينة القراصنة الكبيرة @1
3004048,العدو لسفينة القراصنة الكبيرة Ⅲ,اهزم سفينة القراصنة الكبيرة @1#r (ستطلق سفن القراصنة الكبيرة قوارب القنابل عندما تتضرر بشدة ، احرص على عدم تعرضها للقصف),اهزم سفينة القراصنة الكبيرة @1
3004049,عدو تفرقع البيض Ⅰ,اهزم تفرقع البيض @1#r( تفرقع البيض أكثر شيوعًا في المناطق البركانية ، ولكن تمامًا مثل اسمه ، قد ينفجر في أي وقت),اهزم عدو تفرقع البيض @1
3004050,عدو تفرقع البيض Ⅱ,اهزم تفرقع البيض @1#r( تفرقع البيض أكثر شيوعًا في المناطق البركانية ، ولكن تمامًا مثل اسمه ، قد ينفجر في أي وقت),اهزم عدو تفرقع البيض @1
3004051,عدو تفرقع البيض Ⅲ,اهزم تفرقع البيض @1#r( تفرقع البيض أكثر شيوعًا في المناطق البركانية ، ولكن تمامًا مثل اسمه ، قد ينفجر في أي وقت),اهزم عدو تفرقع البيض @1
3004052,سم العقرب العدو Ⅰ,اهزم العقرب @1#r ( في الصحراء ، إذا واجهت مجموعات من العقارب السامة الذيل ، فحاول ألا تحملها بقوة. إذا أصبت بالشلل عن طريق الخطأ ، فهذه ليست مزحة.),اهزم سم العقرب العام @1
3004053,سم العقرب العدو Ⅱ,اهزم العقرب @1#r ( في الصحراء ، إذا واجهت مجموعات من العقارب السامة الذيل ، فحاول ألا تحملها بقوة. إذا أصبت بالشلل عن طريق الخطأ ، فهذه ليست مزحة.),اهزم سم العقرب @1
3004054,سم العقرب العدو Ⅲ,اهزم العقرب @1#r ( في الصحراء ، إذا واجهت مجموعات من العقارب السامة الذيل ، فحاول ألا تحملها بقوة. إذا أصبت بالشلل عن طريق الخطأ ، فهذه ليست مزحة.),اهزم سم العقرب @1
3004055,حرس روح البحر Ⅰ,حرس روح البحر@1#r ( يمكن العثور على مجموعات من حراس الروح البحرية بالقرب من السفن الغارقة في قاع المحيط),اهزم حرس روح البحر @1
3004056,حرس روح البحر Ⅱ,حرس روح البحر@1#r ( يمكن العثور على مجموعات من حراس الروح البحرية بالقرب من السفن الغارقة في قاع المحيط),اهزم حرس روح البحر @1
3004057,حرس روح البحر Ⅲ,حرس روح البحر@1#r ( يمكن العثور على مجموعات من حراس الروح البحرية بالقرب من السفن الغارقة في قاع المحيط),اهزم حرس روح البحر @1
3004058,حرس روح الرمال Ⅰ,اهزم حرس الرمال @1#r ( يمكن أن تجد حرس روح الرمال في واحة الرمال ),اهزم حرس الرمال @1
3004059,حرس روح الرمال Ⅱ,اهزم حرس الرمال @1#r ( يمكن أن تجد حرس روح الرمال في واحة الرمال ),اهزم حرس الرمال @1
3004060,حرس روح الرمال Ⅲ,اهزم حرس الرمال @1#r ( يمكن أن تجد حرس روح الرمال في واحة الرمال ),اهزم حرس الرمال @1
3004061,العدو العام لعملاق الحمم البركانيةⅠ,اهزم عملاق الحمم البركانية @1#r ( يحدث عادة في الأماكن الحارة مثل: البراكين والنجوم المشتعلة),اهزم عملاق الحمم البركانية @1
3004062,العدو العام لعملاق الحمم البركانية Ⅱ,اهزم عملاق الحمم البركانية @1#r ( يحدث عادة في الأماكن الحارة مثل: البراكين والنجوم المشتعلة),اهزم عملاق الحمم البركانية @1
3004063,العدو العام لعملاق الحمم البركانية Ⅲ,اهزم عملاق الحمم البركانية @1#r ( يحدث عادة في الأماكن الحارة مثل: البراكين والنجوم المشتعلة),اهزم عملاق الحمم البركانية @1
3004064,العدو القوس الكبريتيⅠ,اهزم القوس الكبريتي  @1#r ( عادة ما توجد على النجم الناري),اهزم القوس الكبريتي@1
3004065,العدو القوس الكبريتي Ⅱ,اهزم القوس الكبريتي  @1#r ( عادة ما توجد على النجم الناري),اهزم القوس الكبريتي@1
3004066,العدو القوس الكبريتيⅢ,اهزم القوس الكبريتي  @1#r ( عادة ما توجد على النجم الناري),اهزم القوس الكبريتي @1
3004067,العدو ذو العين اللطيفة Ⅰ,اهزم العدو ذو العين اللطيفة @1#r ( كن حذرا للانفجارات!),اهزم العدو ذو العين اللطيفة@1
3004068,العدو ذو العين اللطيفةⅡ,اهزم العدو ذو العين اللطيفة @1#r ( كن حذرا للانفجارات!),اهزم العدو ذو العين اللطيفة@1
3004069,العدو ذو العين اللطيفةⅢ,اهزم العدو ذو العين اللطيفة @1#r ( كن حذرا للانفجارات!),اهزم العدو ذو العين اللطيفة@1
3004070,العدو دونع لطيف العينⅠ,اهزم العدو دونع لطيف العين @1#r ( احترس من بلورات الجليد),اهزم العدو دونع لطيف العين@1
3004071,العدو دونع لطيف العينⅡ,اهزم العدو دونع لطيف العين @1#r ( احترس من بلورات الجليد),اهزم العدو دونع لطيف العين@1
3004072,العدو دونع لطيف العين Ⅲ,اهزم العدو دونع لطيف العين @1#r ( احترس من بلورات الجليد),اهزم العدو دونع لطيف العين@1
3004073,العدو دانغ لطيف العينⅠ,اهزم العدو دانغ لطيف العين @1#r ( احترس من التصادمات الدقيقة),اهزم العدو دانغ لطيف العين@1
3004074,العدو دانغ لطيف العينⅡ,اهزم العدو دانغ لطيف العين @1#r ( احترس من التصادمات الدقيقة),اهزم العدو دانغ لطيف العين@1
3004075,العدو دانغ لطيف العينⅢ,اهزم العدو دانغ لطيف العين @1#r ( احترس من التصادمات الدقيقة),اهزم العدو دانغ لطيف العين@1
3004076,العدو شيو شيو لطيف العين,اهزم العدو شيو شيو لطيف العين @1#r (لا يمكنك العبث بالعيون اللطيفة ، حاول ألا تعبث بها),اهزم العدو شيو شيو لطيف العين@1
3004077,العدو شيو شيو لطيف العين Ⅱ,اهزم العدو شيو شيو لطيف العين @1#r (لا يمكنك العبث بالعيون اللطيفة ، حاول ألا تعبث بها),اهزم العدو شيو شيو لطيف العين@1
3004078,العدو شيو شيو لطيف العين Ⅲ,اهزم العدو شيو شيو لطيف العين @1#r (لا يمكنك العبث بالعيون اللطيفة ، حاول ألا تعبث بها),اهزم العدو شيو شيو لطيف العين@1
3004079,لعنة حارس روح الجليد I.,هزيمة حارس روح الجليد @1# r (احترس ، يمكن لبعض حراس روح الجليد استحضار طاقم التجميد. حافظ على مسافتك!),هزيمة حارس روح الجليد @ 1
3004080,لعنة حارس روح الجليد الثاني.,هزيمة حارس روح الجليد @1# r (احترس ، يمكن لبعض حراس روح الجليد استحضار طاقم التجميد. حافظ على مسافتك!),هزيمة حارس روح الجليد @ 1
3004081,لعنة حارس روح الجليد الثالث.,هزيمة حارس روح الجليد @1# r (احترس ، يمكن لبعض حراس روح الجليد استحضار طاقم التجميد. حافظ على مسافتك!),هزيمة حارس روح الجليد @ 1
3004082,فروست بوارمان شامان باني أنا.,هزيمة فروست بوارمان شامان @1# r (فروست بوارمان الشامان مخلوقات منعزلة ، تفضل الكهوف القطبية على الغابات المطيرة الحارة والرطبة.),هزيمة فروست بوارمان شامان @ 1
3004083,فروست بوارمان شامان لعنة الثاني.,هزيمة فروست بوارمان شامان @1# r (فروست بوارمان الشامان مخلوقات منعزلة ، تفضل الكهوف القطبية على الغابات المطيرة الحارة والرطبة.),هزيمة فروست بوارمان شامان @ 1
3004084,فروست بوارمان شامان لعنة الثالث.,هزيمة فروست بوارمان شامان @1# r (فروست بوارمان الشامان مخلوقات منعزلة ، تفضل الكهوف القطبية على الغابات المطيرة الحارة والرطبة.),هزيمة فروست بوارمان شامان @ 1
3005001,صياد الطائر دودوⅠ,اهزم صياد الطائر دودو @1#r ( تعد الطيور دودو أحد المصادر الرئيسية للطعام والريش),اهزم صياد الطائر دودو @1
3005002,صياد الطائر دودوⅡ,اهزم صياد الطائر دودو @1#r ( تعد الطيور دودو أحد المصادر الرئيسية للطعام والريش),اهزم صياد الطائر دودو @1
3005003,صياد الطائر دودوⅢ,اهزم صياد الطائر دودو @1#r ( تعد الطيور دودو أحد المصادر الرئيسية للطعام والريش),اهزم صياد الطائر دودو @1
3005004,صياد وحيد القرنⅠ,اهزم صياد وحيد القرن @1#r ( يعد وحيد القرن أحد المصادر الرئيسية للطعام والجلد ، فاحذر لأنه سيقاوم),اهزم صياد وحيد القرن @1
3005005,صياد وحيد القرنⅡ,اهزم صياد وحيد القرن @1#r ( يعد وحيد القرن أحد المصادر الرئيسية للطعام والجلد ، فاحذر لأنه سيقاوم),اهزم صياد وحيد القرن @1
3005006,صياد وحيد القرنⅢ,اهزم صياد وحيد القرن @1#r ( يعد وحيد القرن أحد المصادر الرئيسية للطعام والجلد ، فاحذر لأنه سيقاوم),اهزم صياد وحيد القرن @1
3005007,دوين هنتر الأول.,هزيمة Dwen @1# r (تعمل Dwens كمصدر غذائي أساسي. كما أنها تمنحك الضربات من وقت لآخر.),هزيمة دوين @ 1
3005008,دوين هنتر الثاني.,هزيمة Dwen @1# r (تعمل Dwens كمصدر غذائي أساسي. كما أنها تمنحك الضربات من وقت لآخر.),هزيمة دوين @ 1
3005009,دوين هنتر الثالث.,هزيمة Dwen @1# r (تعمل Dwens كمصدر غذائي أساسي. كما أنها تمنحك الضربات من وقت لآخر.),هزيمة دوين @ 1
3005010,صياد قرن الغزال Ⅰ,اهزم صياد قرن الغزال @1#r ( تعتبر الغزلان ذات القرون أحد المصادر الرئيسية للطعام),اهزم قرن الغزال
3005011,صياد قرن الغزالⅡ,اهزم صياد قرن الغزال @1#r ( تعتبر الغزلان ذات القرون أحد المصادر الرئيسية للطعام),اهزم قرن الغزال @1
3005012,صياد قرن الغزال Ⅲ,اهزم صياد قرن الغزال @1#r ( تعتبر الغزلان ذات القرون أحد المصادر الرئيسية للطعام),اهزم قرن الغزال  @1
3005013,اهزم صياد الثعلب Ⅰ,اهزم صياد الثعلب @1#r ( الثعلب هو أحد المصادر الرئيسية للجلد ، احذر من أنه سيقاوم),اهزم صياد الثعلب @1
3005014,اهزم صياد الثعلب Ⅱ,اهزم صياد الثعلب @1#r ( الثعلب هو أحد المصادر الرئيسية للجلد ، احذر من أنه سيقاوم),اهزم صياد الثعلب @1
3005015,اهزم صياد الثعلب,اهزم صياد الثعلب @1#r ( الثعلب هو أحد المصادر الرئيسية للجلد ، احذر من أنه سيقاوم),اهزم صياد الثعلب @1
3005016,صياد ذئب الصحراء Ⅰ,اهزم صياد ذئب الصحراء   @1#r ( ذئب الصحراء هو أحد المصادر الرئيسية للجلد ، احذر من أنه سيقاوم),اهزم صياد ذئب الصحراء @1
3005017,صياد ذئب الصحراء Ⅱ,اهزم صياد ذئب الصحراء   @1#r ( ذئب الصحراء هو أحد المصادر الرئيسية للجلد ، احذر من أنه سيقاوم),اهزم صياد ذئب الصحراء @1
3005018,صياد ذئب الصحراء Ⅲ,اهزم صياد ذئب الصحراء   @1#r ( ذئب الصحراء هو أحد المصادر الرئيسية للجلد ، احذر من أنه سيقاوم),اهزم صياد ذئب الصحراء @1
3005019,صياد النعام البري Ⅰ,اهزم صياد النعام البري @1#r ( @item_12607# مصدر غذاء نادر في الصحراء),اهزم صياد النعام البري @1
3005020,صياد النعام البري Ⅱ,اهزم صياد النعام البري @1#r ( @item_12607# مصدر غذاء نادر في الصحراء),اهزم صياد النعام البري @1
3005021,صياد النعام البري Ⅲ,اهزم صياد النعام البري @1#r ( @item_12607# مصدر غذاء نادر في الصحراء),اهزم صياد النعام البري @1
3005022,صياد النمر Ⅰ,اهزم صياد النمر  @1#r (احذر من كمائن النمر في الغابات المطيرة),اهزم صياد النمر@1
3005023,صياد النمر Ⅱ,اهزم صياد النمر  @1#r (احذر من كمائن النمر في الغابات المطيرة),اهزم صياد النمر@1
3005024,صياد النمر Ⅲ,اهزم صياد النمر  @1#r (احذر من كمائن النمر في الغابات المطيرة),اهزم صياد النمر@1
3005025,صياد الدجاج الطائر Ⅰ,اهزم الدجاج الطائر  @1#r ( يمكن مواجهتها في الجزر الفارغة في السهول ، والدجاج الطائر هو أحد المصادر الرئيسية للريش),اهزم الدجاج الطائر @1
3005026,صياد الدجاج الطائر Ⅱ,اهزم الدجاج الطائر  @1#r ( يمكن مواجهتها في الجزر الفارغة في السهول ، والدجاج الطائر هو أحد المصادر الرئيسية للريش),اهزم الدجاج الطائر @1
3005027,صياد الدجاج الطائر Ⅲ,اهزم الدجاج الطائر  @1#r ( يمكن مواجهتها في الجزر الفارغة في السهول ، والدجاج الطائر هو أحد المصادر الرئيسية للريش),اهزم الدجاج الطائر @1
3005028,صياد الدجاج المحارب Ⅰ,اهزم الدجاج المحارب @1#r ( إن قتال الدجاج شرس ، لذا كن حذرًا في جزر الطين الأحمر),اهزم الدجاج المحارب @1
3005029,صياد الدجاج المحارب Ⅱ,اهزم الدجاج المحارب @1#r ( إن قتال الدجاج شرس ، لذا كن حذرًا في جزر الطين الأحمر),اهزم الدجاج المحارب @1
3005030,صياد الدجاج المحارب Ⅲ,اهزم الدجاج المحارب @1#r ( إن قتال الدجاج شرس ، لذا كن حذرًا في جزر الطين الأحمر),اهزم الدجاج المحارب  @1
3005031,صراخ صياد الدجاج Ⅰ,اهزم صراخ صياد الدجاج @1#r ( الأنواع المميزة على نجمة العين اللطيفة ، المسقطة، @item_11069# يمكن استخدامها كمواد لبعض الدعائم),اهزم صراخ صياد الدجاج @1
3005032,صراخ صياد الدجاج Ⅱ,اهزم صراخ صياد الدجاج @1#r ( الأنواع المميزة على نجمة العين اللطيفة ، المسقطة، @item_11069# يمكن استخدامها كمواد لبعض الدعائم),اهزم صراخ صياد الدجاج  @1
3005033,صراخ صياد الدجاج Ⅲ,اهزم صراخ صياد الدجاج @1#r ( الأنواع المميزة على نجمة العين اللطيفة ، المسقطة، @item_11069# يمكن استخدامها كمواد لبعض الدعائم),اهزم صراخ صياد الدجاج
3005034,صياد النورس Ⅰ,اهزم النورس @1#r ( يمكن استخدام ريش النورس في صنع الأقواس والسهام التي تطير عادة تحت الماء),اهزم النورس@1
3005035,صياد النورس Ⅱ,اهزم النورس @1#r ( يمكن استخدام ريش النورس في صنع الأقواس والسهام التي تطير عادة تحت الماء),اهزم النورس@1
3005036,صياد النورس Ⅲ,اهزم النورس @1#r ( يمكن استخدام ريش النورس في صنع الأقواس والسهام التي تطير عادة تحت الماء),اهزم النورس@1
3005037,صياد السلطعون Ⅰ,اهزم السلطعون @1#r ( كن حذرًا من السلطعون التي تقبض على يديك. إذا تم القبض عليك للأسف ، فهاجمها عدة مرات لرميها بعيدًا),اهزم السلطعون @1
3005038,صياد السلطعون Ⅱ,اهزم السلطعون @1#r ( كن حذرًا من السلطعون التي تقبض على يديك. إذا تم القبض عليك للأسف ، فهاجمها عدة مرات لرميها بعيدًا),اهزم السلطعون @1
3005039,صياد السلطعون Ⅲ,اهزم السلطعون @1#r ( كن حذرًا من السلطعون التي تقبض على يديك. إذا تم القبض عليك للأسف ، فهاجمها عدة مرات لرميها بعيدًا),اهزم السلطعون @1
3005040,صياد السلطعون الفاتح Ⅰ,اهزم السلطعون الفاتح @1#r ( انتظر حتى يصبح سلطعون الفاتح على الشاطئ قبل إطلاق النار ، فلا أحد يريد أن ينقع في الصهارة),اهزم السلطعون الفاتح@1
3005041,صياد السلطعون الفاتح Ⅱ,اهزم السلطعون الفاتح @1#r ( انتظر حتى يصبح سلطعون الفاتح على الشاطئ قبل إطلاق النار ، فلا أحد يريد أن ينقع في الصهارة),اهزم السلطعون الفاتح@1
3005042,صياد السلطعون الفاتح Ⅲ,اهزم السلطعون الفاتح @1#r ( انتظر حتى يصبح سلطعون الفاتح على الشاطئ قبل إطلاق النار ، فلا أحد يريد أن ينقع في الصهارة),اهزم السلطعون الفاتح@1
3005043,صائد اليراعة Ⅰ,استخدم @item_11320# اقبض  على اليراعات @1#r ( ظهر عادةً في بيئة حوضية ),اقبض على اليراعات@1
3005044,صائد اليراعة Ⅱ,استخدم @item_11320# اقبض  على اليراعات @1#r ( ظهر عادةً في بيئة حوضية ),اقبض على اليراعات
3005045,صائد اليراعة Ⅲ,استخدم @item_11320# اقبض  على اليراعات @1#r ( ظهر عادةً في بيئة حوضية ),اقبض على اليراعات @1
3005046,ماسك الفراشة الحمراء Ⅰ,استخدم @item_11320# ماسك الفراشة الحمراء @1#r ( تظهر عادة بالقرب من الجزر الفارغة في الأراضي العشبية),ماسك الفراشة الحمراء @1
3005047,ماسك الفراشة الحمراء Ⅱ,استخدم @item_11320# ماسك الفراشة الحمراء @1#r ( تظهر عادة بالقرب من الجزر الفارغة في الأراضي العشبية),ماسك الفراشة الحمراء @1
3005048,ماسك الفراشة الحمراء Ⅲ,استخدم @item_11320# ماسك الفراشة الحمراء @1#r ( تظهر عادة بالقرب من الجزر الفارغة في الأراضي العشبية),ماسك الفراشة الحمراء @1
3005049,ماسك الفراشة الزرقاء Ⅰ,استخدم @item_11320# ماسك الفراشة الزرقاء @1#r ( تظهر عادة بالقرب من الجزر الفارغة في الأراضي العشبية),ماسك الفراشة الزرقاء @1
3005050,ماسك الفراشة الزرقاء Ⅱ,استخدم @item_11320# ماسك الفراشة الزرقاء @1#r ( تظهر عادة بالقرب من الجزر الفارغة في الأراضي العشبية),ماسك الفراشة الزرقاء @1
3005051,ماسك الفراشة الزرقاء,استخدم @item_11320# ماسك الفراشة الزرقاء @1#r ( تظهر عادة بالقرب من الجزر الفارغة في الأراضي العشبية),ماسك الفراشة الزرقاء @1
3005052,ماسك الفراشة المبودر,استخدم @item_11320# ماسك الفراشة المبودرة @1#r ( تظهر عادة بالقرب من الجزر الفارغة في الأراضي العشبية),ماسك الفراشة المبودر @
3005053,ماسك الفراشة المبودر Ⅱ,استخدم @item_11320# ماسك الفراشة المبودرة @1#r ( تظهر عادة بالقرب من الجزر الفارغة في الأراضي العشبية),ماسك الفراشة المبودر @
3005054,ماسك الفراشة المبودر Ⅲ,استخدم @item_11320# ماسك الفراشة المبودرة @1#r ( تظهر عادة بالقرب من الجزر الفارغة في الأراضي العشبية),ماسك الفراشة المبودر @
3005055,ماسك الفراشة البيضاء Ⅰ,استخدم @item_11320# ماسك الفراشة البيضاء  @1#r ( تظهر عادة بالقرب من الجزر الفارغة في الأراضي العشبية),ماسك الفراشة البيضاء @1
3005056,ماسك الفراشة البيضاء Ⅱ,استخدم @item_11320# ماسك الفراشة البيضاء  @1#r ( تظهر عادة بالقرب من الجزر الفارغة في الأراضي العشبية),ماسك الفراشة البيضاء @1
3005057,ماسك الفراشة البيضاء Ⅲ,استخدم @item_11320# ماسك الفراشة البيضاء  @1#r ( تظهر عادة بالقرب من الجزر الفارغة في الأراضي العشبية),ماسك الفراشة البيضاء @1
3005058,ماسك الفراشات التنين Ⅰ,استخدم @item_11320# ماسك الفراشات التنين  @1#r ( تظهر عادة بالقرب من الجزر الفارغة في الأراضي العشبية),ماسك الفراشات التنين @1
3005059,ماسك الفراشات التنين Ⅱ,استخدم @item_11320# ماسك الفراشات التنين  @1#r ( تظهر عادة بالقرب من الجزر الفارغة في الأراضي العشبية),ماسك الفراشات التنين @1
3005060,ماسك الفراشات التنين Ⅲ,استخدم @item_11320# ماسك الفراشات التنين  @1#r ( تظهر عادة بالقرب من الجزر الفارغة في الأراضي العشبية),ماسك الفراشات التنين @1
3005061,ماسك الفراشة الجرس Ⅰ,استخدم @item_11320# ماسك الفراشات التنين  @1#r ( تظهر عادة بالقرب من الجزر الفارغة في الأراضي العشبية),ماسك الفراشة الجرس @1
3005062,ماسك الفراشة الجرس Ⅱ,استخدم @item_11320# ماسك الفراشات التنين  @1#r ( تظهر عادة بالقرب من الجزر الفارغة في الأراضي العشبية),ماسك الفراشة الجرس @1
3005063,ماسك الفراشة الجرس Ⅲ,استخدم @item_11320# ماسك الفراشات التنين  @1#r ( تظهر عادة بالقرب من الجزر الفارغة في الأراضي العشبية),ماسك الفراشة الجرس @1
3005064,سنو أرنب هنتر الأول.,هزيمة أرنب الثلج @1# r (أرانب الثلج هي المخلوقات الأكثر شيوعا في حقل الجليد ومورد حاسم للبقاء على قيد الحياة.),هزيمة سنو أرنب @ 1
3005065,سنو أرنب هنتر الثاني.,هزيمة أرنب الثلج @1# r (أرانب الثلج هي المخلوقات الأكثر شيوعا في حقل الجليد ومورد حاسم للبقاء على قيد الحياة.),هزيمة سنو أرنب @ 1
3005066,سنو أرنب هنتر الثالث.,هزيمة أرنب الثلج @1# r (أرانب الثلج هي المخلوقات الأكثر شيوعا في حقل الجليد ومورد حاسم للبقاء على قيد الحياة.),هزيمة سنو أرنب @ 1
4001001,ضوء مبهر,قم بهزيمة سمك الفانوس  في أعماق البحر، توهج سمكة الطحالب عصا واحصل على@item_11318#@1#r ( سمك الفانوس، عصا الطحالب، تظهر في أعماق البحر),احصل على@item_11318#@1
4001002,طرد الظلام,عالجها واحصل على @item_12599#@1#r ( تحتاج لاستخدام @item_797# كي تتمكن من المعالجة),عالجها واحصل على@item_12599#@1
4001003,لعنة الرفع - رفيق بوارمان,استخدم @item_12599# لإيقاظ محارب بوارمان النائم ورفع لعنته ، ثم عامله ببعض @item_12502#.#r (الشواء مع @item_1200# في الليل لإغراء بوارمان ووريورز. سوف يأخذون قيلولة بجانب النار بعد ملئهم.),حفظ بوارمان المحارب @ 1
4001004,مهنة الحطاب,خذ @item_11003#@1 إلى البرية ( احمل في يدك @item_11003# انقر على الشريك المتوحش لمنحه),خذ @item_11003#@1 واعطه إلى المتوحشين
4001005,وظيفة الحارس,خذ @item_12003#@1 وسلمه إلى المتوحشون البريين  #r ( احمل في يدك @item_12003# انقر على البري المتوحش سيصبح من الممكن ان تسلمه ),خذ@item_12003#@1 وسلمه إلى المتوحش البري
4001006,ازرع الاشجار,خذ @item_11023#@1 وسلمه إلى المتوحش البري @1#r ( احمل في يدك @item_12003# انقر على البري المتوحش سيصبح من الممكن ان تسلمه),خذ@item_11023#@1 وسلمه الى المتوحش البري
4001007,مساحة عمل الحطاب,ضع @item_1204#@1#r ( وبعد ذلك الحطاب في@item_1204# المنطقة المجاورة لفتح الاعمال ),ضع@item_1204#@1
4001008,لعنة الرفع - رفيق الصياد,استخدم @item_12599# لإيقاظ Boarman Spearman النائم ورفع لعنته ، ثم عامله ببعض @item_12502#.#r (الشواء مع @item_1200# في الليل لإغراء بوارمان سبيرمين. سوف يأخذون قيلولة بجانب النار بعد ملئهم.),حفظ بوارمان سبيرمان @ 1
4001009,تغيير الفئة إلى آرتشر,تسليم @item_12050#@1 إلى رفيق هنتر الخاص بك.#r (اضغط مع الاستمرار على @item_12050# وانقر فوق رفيق الصياد لتسليمه.),تسليم @item_12050#@1 إلى رفيق الصياد
4001010,مكان عمل الحارس,ضع @item_1205#@1#r ( وبعد ذلك الحارس سيكون متواجد في @item_1205# مجاوره للعمل),ضع@item_1205#@1
4001011,مهنة المزارع,خذ @item_11033#@1 وسلمها للصياد #r ( يملك في يده @item_11033# انقر على الصياد لتتمكن من تسليمها),خذ@item_11033#@1 وقدمها لصياد
4001012,مكان عمل الفلاحين,ضع@item_1203#@1#r ( ومن ثم سيقوم الفلاح بفتح@item_1203# والعمل في المنطقة المحيطة),ضع@item_1203#@1
4001013,تبديد اللعنة - رفيق محبوب,استخدم @item_12599# انقر على رفيق محبوب لتبديد اللعنة، وادعوه للأكل @item_12502# #r ( استخدم في الظلام @item_1200# يمكن أن يجذب الرفيق المحبوب ، في حالة شباع الرفيق المحبوب سينام على نار المخيم..),قم بانقاذ الرفيق المحبوب @1
4001014,مهنة المساعد,خذ @item_800#@1 سلمه إلى الرفيق المحبوب #r ( املك في يدك @item_800# انقر على الرفيق المحبوب لتتمكن من تسليمه لها),خذ @item_800#@1 وسلمه إلى الرفيق المحبوب
4001015,أنشئ العشيرة,ضع @item_1202#@1#r ( سوف تصبح هذه المنطقة مكان تجمع الرفاق، وسيقوم الرفاق بتجميع المواد بجانب @item_1202# والمناطق المحيطة ),ضعitem_1202#@1
4002001,بذل جهود دؤوبة Ⅰ,هزائم متكررة @1#r ( لا تفقد الأمل، ابذل جهد دؤوب),هزائم متكررة@1
4002002,بذل جهود دؤوبة Ⅱ,هزائم متكررة @1#r ( لا تفقد الأمل، ابذل جهد دؤوب),هزائم متكررة @1
4002003,بذل جهود دؤوبةⅢ,هزائم متكررة @1#r ( لا تفقد الأمل، ابذل جهد دؤوب),هزائم متكررة@1
4002004,منطقة الأكسجين Ⅰ,استخدم @item_11075# وفعل @item_1042#@1#r ( بعد التنشيط ، يمكن إنشاء منطقة أكسجين كبيرة ، ولا داعي للقلق بشأن نقص الأكسجة في منطقة الأكسجين),تنشيط @item_1042#@1
4002005,منطقة الأكسجين Ⅱ,استخدم @item_11075# وفعل @item_1042#@1#r ( بعد التنشيط ، يمكن إنشاء منطقة أكسجين كبيرة ، ولا داعي للقلق بشأن نقص الأكسجة في منطقة الأكسجين),تنشيط @item_1042#@1
4002006,منطقة الأكسجين Ⅲ,استخدم @item_11075# وفعل @item_1042#@1#r ( بعد التنشيط ، يمكن إنشاء منطقة أكسجين كبيرة ، ولا داعي للقلق بشأن نقص الأكسجة في منطقة الأكسجين),تنشيط @item_1042#@1
4002007,ضع علامة المكان Ⅰ,استخدم @item_11076# أشعل @item_1042#@1#r (يمكن إنشاء علامات على الخريطة عند الإضاءة),أشعل @item_1042#@1
4002008,ضع علامة المكان Ⅱ,استخدم @item_11076# أشعل @item_1042#@1#r (يمكن إنشاء علامات على الخريطة عند الإضاءة),أشعل @item_1042#@1
4002009,ضع علامة المكان Ⅲ,استخدم @item_11076# أشعل @item_1042#@1#r (يمكن إنشاء علامات على الخريطة عند الإضاءة),أشعل @item_1042#@1
4002010,النجاة على كوكب ميرا Ⅰ,البقاء على قيد الحياة في كوكب ميرا@1 يوم,البقاء على قيد الحياة في كوكب ميرا@1 يوم
4002011,النجاة على كوكب ميرا Ⅱ,البقاء على قيد الحياة في كوكب ميرا@1 يوم,البقاء على قيد الحياة في كوكب ميرا@1 يوم
4002012,النجاة على كوكب ميراⅢ,البقاء على قيد الحياة في كوكب ميرا@1 يوم,البقاء على قيد الحياة في كوكب ميرا@1 يوم
4002013,النجاة على الكوكب المشتعل Ⅰ,البقاء على قيد الحياة في الكوكب المشتعل @1 يوم,البقاء على قيد الحياة في الكوكب المشتعل @1 يوم
4002014,النجاة على الكوكب المشتعل Ⅱ,البقاء على قيد الحياة في الكوكب المشتعل @1 يوم,البقاء على قيد الحياة في الكوكب المشتعل @1 يوم
4002015,النجاة على الكوكب المشتعل Ⅲ,البقاء على قيد الحياة في الكوكب المشتعل @1 يوم,البقاء على قيد الحياة في الكوكب المشتعل @1 يوم
4002016,النجاة على الكوكب اللطيف Ⅰ,البقاء على قيد الحياة في الكوكب اللطيف @1 يوم,البقاء على قيد الحياة في الكوكب اللطيف @1 يوم
4002017,النجاة على الكوكب اللطيفⅡ,البقاء على قيد الحياة في الكوكب اللطيف @1 يوم,البقاء على قيد الحياة في الكوكب اللطيف @1 يوم
4002018,النجاة على الكوكب اللطيف Ⅲ,البقاء على قيد الحياة في الكوكب اللطيف @1 يوم,البقاء على قيد الحياة في الكوكب اللطيف @1 يوم
4003001,استكشاف الصحراء !,انغمس في البيئة الصحراوية في كوكب ميرا,قم بالبحث عن الصحراء في كوكب ميرا
4003002,اكتشف الواحة الخضراء !,قم بالبحث عن بيئة الواحة الخضراء في صحراء كوكب ميرا,ابحث عن الواحة الخضراء في الصحراء
4003003,الطريق التجاري – الصحراء Ⅰ,تداول مع التجار الودودين في مخيم الواحة @1#r ( التجار هنا يبيعون @item_11637# اشياء، يشاع أنه عنصر رئيسي لدخول أنقاض الصحراء),تداول مع التجار الودودين في مخيم الواحة@1
4003004,الطريق التجاري – الصحراء Ⅱ,تداول مع التجار الودودين في مخيم الواحة @1#r ( السعر مماثل لشكل التجار),تداول مع التجار الودودين في مخيم الواحة@1
4003005,الطريق التجاري – الصحراء Ⅲ,تداول مع التجار الودودين في مخيم الواحة @1#r ( يوجد رجل أعمال في القافلة يرتدي ملابس مختلفة تمامًا ويتاجر بشكل مختلف عن الأشخاص العاديين. يفعل ما يشاء ولا يحب التحدث مع الآخرين.),تداول مع التجار الودودين في مخيم الواحة@1
4003006,كبير جدا,اهزم العقرب العملاق @1#r ( هناك العديد من العقارب السامة الذيل مخبأة في الصحراء ، وبعد هزيمة رقم معين ، سوف يستدعي أخيهم الأكبر للمساعدة.),اهزم@item_13829#@1
4003007,تتدفق الرمال الصفراء,اطلق @item_29# ارمي @item_11637#@1#r( @item_11637# يمكن تغيير بعض الكتل من صلبة إلى سائلة ، فقط تحتاج إلى الشحن ورمي كتلة الضربة),ارمي @item_11637#@1
4003008,اوه ! انه ملكي!,تم الحصول عليه في أطلال الصحراء @item_11575#@1#r( في وسط الأطلال تحت واحة الصحراء ، توجد تقنية حياة قديمة),وجدت في أطلال الصحراء@item_11575#
4003009,معركة ضد حاكم الصحراء,اهزم حاكم الصحراء واحصل على @item_12311# #r ( عادة ما تأتي مصحوبة بعاصفة ترابية),اهزم حاكم الصحراء واحصل على @item_12311#
4003010,قهر الصحراء!,"أنجز "" مسافر القفر"" جميع المهام في الهدف","أنجز "" مسافر القفر"" جميع المهام في الهدف"
4004001,استكشاف البحر الضحل,انغمس في البحر الضحل على كوكب ميرا #r ( تكثر الحيوانات والنباتات في المناطق البحرية الضحلة ، وضغط المياه منخفض نسبيًا ، مما يجعلها أكثر أمانًا),ابحث عن البحر الضحل في كوكب ميرا
4004002,مصفاة أكسجين,معالجة @item_1045#@1#r ( يمكن استخلاص الأكسجين عن طريق ملء الجهاز بمواد مولدة للأكسجين),معالجة@item_1045#@1
4004003,تجميع الأكسجين,احصل على @item_1048#@1#r (  خذ @item_1047# وضع في @item_1045# واحصل على الأكسجين),احصل على@item_1048#@1
4004004,حقيبة الأكسجين,عالج وارتدي @item_12275#@1#r ( جهز المزيد من العلب @item_1048# اذهب للغوص مرة أخرى ، فالأمر أكثر أمانًا),عالج وارتدي@item_12275#@1
4004005,معدات الغطس 1,عالج وارتدي @item_11642#@1#r ( @item_11642# للإضاءة تحت الماء),عالج وارتدي @item_11642#@1
4004006,معدات الغطس 2,عالج وارتدي @item_11643#@1#r ( @item_11643# للإضاءة تحت الماء),عالج وارتدي @item_11643#@1
4004007,معدات الغطس 3,عالج وارتدي @item_11644#@1#r ( @item_11644# للإضاءة تحت الماء),عالج وارتدي @item_11644#@1
4004008,الصياد الأسطوري,التجارة مع الصيادين الأسطوريين في قرية صيد على شاطئ البحر #r ( هناك شخصية قاسية مع تاج على رأسه في قرية الصيد. مهارات الصيد الرائعة لشخص واحد فقط يمكنها دعم الإمدادات الغذائية للقرية بأكملها),التجارة مع الصيادون الأسطوريون عن طريق البحر
4004009,تمثال بوسيدون,ترميم قرية صيد على شاطئ البحر @item_11655# تعديل @item_1193#@1#r ( تماثيل بوسيدون كلها في المنارة ، دعنا نتجول في قرية الصيد ، وننقر على تمثال بوسيدون مرة أخرى بعد الإصلاح ، سيحدث شيء جيد),ترميم قرية صيد على شاطئ البحر @item_1193#@1
4004010,مغامرة أعماق البحار!,انغمس في كوكب ميرا في البيئة الصحراوية #r( أعماق البحار مليئة بالمخاطر. كلما تعمقت كلما زاد ضغط الماء. بدون معدات الغوص ، يصعب على الناس العاديين البقاء على قيد الحياة),ستحصل عليه في كوكب ميرا
4004011,الوصول إلى الجزيرة الصحراوية,انغمس في كوكب ميرا في البيئة الجزيرة الصحراوية #r( يحب القراصنة التمركز في جزر مهجورة ، وفي بعض الأحيان يمكنهم العثور على كنوز تركها القراصنة),جد الجزيرة الصحراوية في كوكب ميرا
4004012,التاجر القراصنة,قم بعمل صفقة تجارية مع التاجر القرصان #r ( تجار القراصنة يتنمرون على الضعيف ويخافون الأقوياء ، ولن يتاجر إلا مع من هم أقوى منه ، قبل أن يتاجروا معه ، ارتدوا أقوى المعدات قبل الذهاب.),قم بعمل صفقة تجارية مع القراصنة
4004013,الوصول إلى جزيرة التربة الحمراء,اغمس رجلك في التربة الحمراء في كوكب ميرا #r( تحتوي تربة التربة الحمراء على مادة غريبة ، ولا يمكن للحيوانات والنباتات العادية البقاء على قيد الحياة في هذه البيئة ، لكن الكائنات الحية الباقية خضعت لبعض التغييرات الرائعة),استكشف  التربة الحمراء في كوكب ميرا
4004014,أناناس على الجانب الآخر,استخدم @item_1187#@1#r ( لا تأكل النباتات الخاصة بجزيرة التربة الحمراء ، فبمجرد استنشاق الغبار منها ، ستعاني فجأة من مرض شديد واضطراب عقلي.(,استخدم@item_1187#@1
4004015,الوصول إلى جزيرة المرجان,انغمس في البيئة المرجانية في كوكب ميرا #r( يمكن للرمل الأحمر المنتشر في جميع أنحاء الجزيرة المرجانية أن يحافظ على الشعاب المرجانية على قيد الحياة ، حتى تتمكن من البقاء على قيد الحياة حتى خارج الماء. يمكن العثور على مصمم أثاث في بعض الجزر المرجانية),استكشف جزيرة المرجان في كوكب ميرا
4004016,تاجر الجزيرة,قم بعمل صفقة مع تاجر الجزيرة#r(هناك دائمًا شيء جديد في تصميمات أثاثها),قم بعمل صفقة مع تاجر الجزيرة
4004017,قهر الجزر,ابحث عن جميع الجزر #r ( أرض على جزر صحراوية وجزر مرجانية وجزر طينية حمراء),ابحث عن جميع أنواع الجزر
4004018,صاعقة,احصل على @item_11648#@1#r ( انظر إلى السفينة الغارقة في قاع أعماق البحار),احصل على @item_11648#@1
4004019,قوة البرق!,"قم بالقيام بعمل طلاسم على الأسلحة تحصل على ""قوة البرق"" #r( أضف المواد الثانوية عندما يتم ترصيع الأحرف الرونية @item_11648# فرصة للحصول على دخول "" قوة البرق"")","مآخذ رون تحصل على دخول ""سوط البرق"""
4004020,قلب الحارس,تم الحصول عليها بهزيمة حرس روح البحر @item_11640#@1#r ( كن حذرًا جدًا عند محاربة حراس روح البحر في أعماق البحار),احصل على@item_11640#@1
4004021,تحول إلى روح البحر,استخدم @item_11641# تحول إلى #r ( تتخلل قوة الطلاسم الجسم كله),استخدم@item_11641# تحويل
4004022,اقهر المحيط!,"أنجز "" 30 الف خطوة في المحيط"" جميع المهام في الهدف.","أنجز "" 30 الف خطوة في المحيط"" جميع المهام في الهدف."
4005001,الوصول إلى حقل الجليد,ادخل إلى النظام البيئي القطبي في#r ميراس (منطقة حقل الجليد مغطاة بالثلوج على مدار السنة ، والموارد السطحية نادرة. لكن النفوس المرنة لا تزال تسميها المنزل ...),ابحث عن حقل الجليد في ميراس
4005002,مجموعة مقاومة للبرد,اصنع وارتدي أي معدات مقاومة للبرد ، مثل @item_12312#@1#r (منطقة حقل الجليد لديها درجات حرارة منخفضة للغاية. حافظ على دفء!),اصنع وارتد أي معدات مقاومة للبرد
4005003,الوصول إلى قاعدة جبل الثلج,أدخل قاعدة جبل الثلج على Miras#r(استعد للتسلق! من المحتمل أن توجد الكهوف حول قاعدة جبل الثلج. حاول تحديد موقعهم أثناء صعودك!),أدخل قاعدة جبل الثلج في ميراس
4005004,توسيع نطاق الذروة,ادخل إلى قمة جبل الثلج في Miras#r (احصل على نظرة شاملة لكل شيء),ادخل إلى قمة جبل الثلج في ميراس
4005005,زائر خارج كوكب الأرض؟,اهزم القزم الجليدي الذي يسكن قمة قمة جبل الثلج# r (يعاني القرويون في Icefield باستمرار من مضايقات Icefall Troll. إذا تمكنت من هزيمته ، فسيكونون ممتنين بالتأكيد.),هزيمة القزم الجليدي
4005006,تبديد البرد,إطعام @item_12534# إلى قرويين آيسفيلد المذابين @1# r (استهلاك @item_12534# يساعد المخلوقات على تنظيم درجة حرارة أجسامهم),إطعام القرويين الجليديين البرية @item_12534#@1
4005007,الإشراف على البناء,اطلب من القرويين بناء المنازل#r (بعد وضع @item_150005# ، أدخل مخططات البناء في @item_150005# وقدم المواد اللازمة. ثم اطلب من عمال القرية أو عمال البورمان بناء المنازل.),توجيه القرويين لبناء المنازل
4005008,يحترق بحماس,تعزيز @item_1389# على @item_150001# أو @item_150000##r (عندما يمر القرويون بطوطم مزين ب @item_1389# ، فإنه يغذي حماسهم ويحسن كفاءة العمل بشكل كبير.),تعزيز @item_1389# على @item_150000#
4005009,توسيع نطاق الذروة الثانوية,ادخل إلى قمة جبل الثلج الثانوية في ميراس# r (مقارنة بالتلال الجبلية الأخرى في ميراس ، فإن جبال الثلج طويلة بشكل ملحوظ.),ادخل إلى قمة جبل الثلج الثانوية في ميراس
4005010,نعمة الثلج,جمع @item_764#@1#r (مع قليل من الحظ ، قد تجد @item_764# على قمة جبل الثلج الثانوية. إنه بمثابة مادة ثانوية لنقش الرون ويقدم تأثيرات مباركة.),جمع @item_764#@1
4005011,قفازات البوليمر,حرفة @item_11231#@1#r (مع @item_11231# ، يمكنك الاستمتاع ببعض كرات الثلج المتدحرجة.),حرفة @item_11231#@1
4005012,بناء رجل الثلج,استخدم @item_11231# لدحرجة كرات الثلج وإنشاء رجل ثلج#r (عندما تقوم بتكديس كرتي ثلج معا ، يمكنك بناء رجل ثلج.),استخدم @item_11231# لدحرجة كرات الثلج وتوليد رجل ثلج
4005013,منح الحياة,قم بتنشيط رجل ثلج باستخدام @item_12710##r (لا يزال @item_12710# الذي تم الحصول عليه بعد هزيمة Ice Spirit Guards يحتفظ ببعض قوة الحياة. وضعه داخل رجل ثلج سيجعله ينبض بالحياة.),تنشيط رجل ثلج مع @item_12710#
4005014,قهر المنطقة القطبية,أكمل جميع مهام البعثة القطبية,أكمل جميع مهام البعثة القطبية
