ID,名字,描述,购买提示,特别效果1描述,特别效果2描述,特别效果3描述,特别效果4描述,特别效果5描述,特别效果6描述
ID,Name,Desc,BuyTips,EffectDesc1,EffectDesc2,EffectDesc3,EffectDesc4,EffectDesc5,EffectDesc6
1,Панда,"Гордый малыш-панда, который просто обожает бамбук!",Карту скина можно получить из садовых плодов.,Следы: оставляет после себя отпечатки лапок панды,Аватар: разблокировать аватар Панды.,@Null@,,,
2,Король Обезьян,Ограниченная распродажа в честь Весеннего Фестиваля и года Обезьяны! Маленький Король Обезьян станет твоим верным компаньоном по время празднования Фестиваля Весны!,Карту скина можно получить из садовых плодов.,Следы: оставляет узор из маленьких облачков после своих шагов,Аватар: разблокировать аватар Короля Обезьян.,@Null@,,,
3,Банни,Банни - это милый и ласковый кролик. Оставляет следы из маленьких редисок куда бы она ни пошла.,Карту скина можно получить из садовых плодов.,Следы: оставляет узор из маленьких редисок после своих шагов,Аватар: разблокировать аватар Банни.,@Null@,,,
4,Мисра,"Ого! Остерегайтесь отважного Мисры, попавшего в Мини Мир из Доисторического Периода!",Карту скина можно получить из садовых плодов.,Следы: оставляет следы лапок динозавра после своих шагов,Аватар: разблокировать аватар Мисры.,@Null@,,,
5,Милая Официантка,Дзинь! Добро пожаловать в Мяу-Кафе!,Карту скина можно получить из садовых плодов.,Следы: оставляет следы кошачьих лапок после своих шагов,Аватар: разблокировать аватар Милой Официантки.,@Null@,,,
6,Джордж,"Жизнерадостный юноша, который любит музыку и спорт.",Карту скина можно получить из садовых плодов.,Следы: оставляет узор из голубых сердечек после своих шагов,Аватар: разблокировать аватар Джорджа.,@Null@,,,
7,Энни,"Энергетичная девушка, которая обожает сладости и танцы до утра.",Карту скина можно получить из садовых плодов.,Следы: оставляет узор из красных сердечек после своих шагов,Аватар: разблокировать аватар Энни.,@Null@,,,
8,Семья Мо Сяофэй,"Член древней семьи Мо, он мастер производственного механизма.",Еще не доступен.,"Ходячие следы: Крылья ветра останутся там, где вы идете.",Фото профиля: Разблокируйте фотографию профиля разделения механизма.,Создать режим специального полета,Создание эффектов полета режима,,
9,Дракула VI,"Потомок первородных вампиров, всегда элегантный и мрачный.",Карту скина можно получить из садовых плодов.,Эффект: в окружении тумана и черных летучих мышей,Аватар: разблокировать аватар Дракулы,@Null@,,,
10,Оленёнок,"Маленький оленёнок, который живет в Рождественской долине. Озорная и милая.",@Null@,Эффект: в окружении Ауры Рождества,Аватар: разблокировать аватар Оленёнка,Следы: оставляет отпечатки копыт Рождественского оленя,,,
11,Дикий охотник Сноу,"Бравый охотник Сноу добрался в Мини Мир с Северного Полюса, его лучшие друзья - дикие орлы.",@Null@,Эффект: в окружении холодных снежинок,Аватар: разблокировать аватар Сноу,Следы: оставляет отпечатки снежков после своих шагов,,,
12,Фиалка,"Сказочная фея, будто сотканная из фиалковых лепестков.",@Null@,Эффект: в окружении лепестков,Аватар: разблокировать аватар Фиалки,@Null@,,,
13,Муронг,Жизнь живущего в горах отшельника Муронга изменяется навсегда когда он случайно встречает фею Фиалку.,@Null@,Эффект: клубы тумана,Аватар: разблокировать аватар Муронга,Следы: оставляет отпечатки ног после своих шагов,,,
14,Шериф Джоуи,"Ой, извини, похоже ты совсем не нравишься моему револьверу.",@Null@,Эффект: дым и пыль вокруг тела ковбоя,Аватар: разблокировать аватар Офицера Джоуи.,Следы: оставляет отпечатки полицейских звёзд после своих шагов,,,
15,Баскетболист Лукас,"Превосходный интеллект, летящая походка, великолепные подачи, он - звезда баскетбольной площадки.",@Null@,@Null@,Аватар: разблокировать аватар Баскетболиста Лукаса.,Следы: оставляет отпечатки баскетбольных мячей после своих шагов,,,
16,Чирлидерша Клэр,"Как и Лукас, она привлекает взгляды всех вокруг, излучая обаяние.",@Null@,@Null@,Аватар: разблокировать аватар Чирлидерши Клэр,Следы: оставляет отпечатки ленточек после своих шагов,,,
17,Роуз,"Ну что, кто-нибудь хочет отправиться со мной в опасное путешествие  по далеким странам?",@Null@,Эффект: в окружении красных сердечек,Аватар: разблокировать аватар Роуз,@Null@,,,
18,Капитан Дик,Я хочу стать самым известным предводителем пиратов и искать таинственные сокровища в глубинах океанов!,@Null@,@Null@,Аватар: разблокировать аватар Капитана,Следы: оставляет отпечатки ног после своих шагов,,,
19,Крошка Мэри,"Ах, так? Тогда я хочу стать самым известным помощником предводителя пиратов!",@Null@,Эффект: излучает аромат розового моря,Аватар: разблокировать аватар,@Null@,,,
20,Бродяга Блэйд,"Много лет Блэйд скитается по Мини Миру, никогда не задерживаясь на одном месте. Если где-то появился страшный монстр, будьте уверенны, Блэйд уже спешит туда.",@Null@,Следы: ветер под ногами,Аватар: разблокировать аватар,@Null@,,,
21,Дюймовочка,"Для такой маленькой и хрупкой девочки, Дюймовочка невероятно храбрая! Когда-то она сама была ростом с персиковую косточку, но теперь задаст трёпку любому, кто встанет у неё на пути!",@Null@,Эффект: порхающие цветы персика,Аватар: разблокировать аватар,@Null@,,,
22,Лилит,Ну-ка отдавай-ка мне все конфеты! Иначе я за себя не ручаюсь!,@Null@,Эффект: излучает атмосферу колдовства,Аватар: разблокировать аватар,@Null@,,,
23,Шани,"Эту барышню не так то просто обидеть, она супер крутая!",@Null@,Эффект: в окружении синих цветов,Аватар: разблокировать аватар Шани,@Null@,,,
24,Драко,Я буду охранять ваш Мини Мир чего бы мне это ни стоило!,@Null@,Следы: оставляет черный дым после своих шагов,Аватар: разблокировать аватар Драко,@Null@,,,
25,Лорд Эрланг,"Раз уж существует такое прекрасное место как Мини Мир, я буду оберегать его!",@Null@,Эффект: излучает вибрации Полярной Звезды,Аватар: разблокировать аватар Лорда Эрланга.,@Null@,,,
26,Халфиш,"Мама всегда говорила мне, что главное мечтать, и когда-нибудь все мои мечты исполнятся! Я, например, мечтаю стать рыбкой, а ты?",@Null@,Эффект: в окружении мечтательной дымки,Аватар: разблокировать аватар Халфиш.,@Null@,,,
27,Мисосо,"Главный защитник экологии и основатель программы Мини Мир Мечты. Борется за то, чтобы сделать мир лучше.",Получить фрагменты скина можно с помощью ивента Защитник Мира,Эффект: благословение природы,Аватар: разблокировать аватар Мисосо.,@Null@,,,
28,Мини-Икс,"Главный защитник времени Мини Мира. Ты любитель опаздывать? О, тогда тебе лучше не стоять у Мини-Икс на пути!",@Null@,Эффект: в окружении электронных частиц,Аватар: разблокировать аватар Мини-Икс,@Null@,,,
29,Мини-Ти,"Под его холодной железной оболочкой живёт горячая душа, одержимая одной только целью - путешествием к звёздам!",@Null@,Эффект: в окружении электронных частиц,Аватар: разблокировать аватар Мини-Ти,@Null@,,,
30,Лунная Фея,Она танцует в свете луны.,@Null@,Эффект: очертания полумесяца вокруг её тела,Аватар: разблокировать аватар,@Null@,,,
31,Тыковка,"Пускай тебя не смущает её странная и казалось бы, бесполезная шляпа! Тыковка - таинственная и могущественная колдунья. В её магической книге полно разнообразных заклинаний, от телепортации до превращении тебя в шоколадную ватрушку!",@Null@,Эффект: источает магическую ауру,Аватар: разблокировать аватар Тыковки,@Null@,,,
32,Шелли,"Маленькая принцесса из таинственного подводного царства потерялась в Мини Мире. Тот, кто однажды завоюет её сердце, сможет услышать ее чарующее пение и забыть все тревоги.",@Null@,Эффект: в окружении пузырьков,Аватар: разблокировать аватар Шелли,Следы: оставляет отпечатки ракушек после своих шагов,,,
33,Кристофер,"Секрет зимы в том, что каждая снежинка жива сама по себе, а во время снегопада они объединяются, защищая друг друга.",@Null@,Эффект: в окружении парящих снежинок,Аватар: разблокировать аватар Кристофера,@Null@,,,
34,Popo,"Додо и Бобо являются лучшими друзьями с Мишра. Они имеют очень низкую самооценку, поскольку они являются слабыми. Они устанавливаются на путешествие, чтобы найти планету, где они могут получить цветовую Магию с надеждой стать сильнее.",@Null@,Тело эффекты: Изменение его цвет смеси в окружающую среду,Аватар: разблокировать аватар,@Null@,,,
35,дронт,"Додо и Бобо являются лучшими друзьями с Мишра. Они имеют очень низкую самооценку, поскольку они являются слабыми. Они устанавливаются на путешествие, чтобы найти планету, где они могут получить цветовую Магию с надеждой стать сильнее.",@Null@,Аватар: разблокировать аватар,@Null@,@Null@,,,
36,Бобо,"Додо и Бобо являются лучшими друзьями с Мишра. Они имеют очень низкую самооценку, поскольку они являются слабыми. Они устанавливаются на путешествие, чтобы найти планету, где они могут получить цветовую Магию с надеждой стать сильнее.",@Null@,Аватар: разблокировать аватар,@Null@,@Null@,,,
37,Сакура,"Сакура - это девушка, которая оставила свои мечты о будущем, чтобы путешествовать по Мини Миру. Не только ради весёлых приключений, но и ради того чтобы жить так, как она сама захочет.",@Null@,Аватар: разблокировать аватар,Следы: оставляет лепестки после своих шагов,@Null@,,,
38,Маршал Лан,Маршал прошел через много войн. Теперь он великий главнокомандующий Военно-Морскими Силами Рая.,@Null@,Эффект: в окружении водяной пены,Аватар: разблокировать аватар,Следы: оставляет следы воды после своих шагов,,,
39,Ева,Добрая и справедливая Ева с помощью своего магического скипетра несёт любовь в каждый уголок Мини Мира (Скин может быть получен только через ивент).,Разблокировать через ивент,Эффект: в окружении летающих пёрышек,Аватар: разблокировать аватар,@Null@,,,
40,Мини-Бит,"Диджей Пустоты и фанат электронной рок-музыки. Мини-Бит - самая ослепительная звезда сцены, и к тому же, с отличным чувством ритма.",@Null@,Эффект: в окружении молний,Аватар: разблокировать аватар,Следы: оставляет отпечатки музыкальных нот после своих шагов,,,
41,Ланселот,"Что такое рыцарство? Куда укажет остриё меча, там и воцарится справедливость!",@Null@,Эффект: в окружении звездного света,Аватар: разблокировать аватар,@Null@,,,
42,Робокоша,"Биу-биу. Сетевое подключение проверено. Электромагнитная турель готова. Называешь меня чудачкой? Нет-нет, я всего лишь продукт романа науки и техники! Ах? Низка мощность. Где тут можно зарядиться?",@Null@,@Null@,Аватар: разблокировать аватар,Следы: оставляет электронные частицы после своих шагов,,,
43,Самурай Сэнбэй,"Неплохой ход! Но ты уверен, что выстоишь со мной в сражении один на один?",@Null@,@Null@,Аватар: разблокировать аватар,Следы: оставляет клубы пыли после своих шагов,,,
44,Мини Гонщица,Чемпионский трофей - это её подарок на день рождения! Мини Гонщица обожает жизнь большого города и вот она снова на гоночной трассе. Для неё победить красиво намного важнее чем просто победить!,@Null@,@Null@,Аватар: разблокировать аватар,Следы: оставляет отпечатки сердечек после своих шагов,,,
45,Ассасин Ли,"Ли - это ассасин-непоседа! Она всегда найдет чем себя занять. Например, она очень любит вязать разные вещи для своих друзей.",@Null@,@Null@,Аватар: разблокировать аватар,Следы: оставляет отпечатки пушистых шариков после своих шагов,,,
46,Ассасин Ан,Он хочет выглядеть крутым и хладнокровным в глазах других людей. Однако из-за своей холодности часто сам портит отношения с дорогими ему людьми.,@Null@,@Null@,Аватар: разблокировать аватар,Следы: оставляет отпечатки дротиков после своих шагов,,,
47,Попугай Йойо,"А вы люите облака так, как люблю их я? Я стану вашими верными крыльями и унесу вас в самые прекрасные места в Мини Мире! Мы обязательно подружимся!",@Null@,Особый эффект: золотой свет на короне,Аватар: разблокировать аватар,@Null@,,,
48,Мини-Эс,Мой долг - охранять покой моих друзей и родного дома!,@Null@,Специальный эффект: Mecha на спине горит золотыми лучами.,Аватар: разблокировать аватар,@Null@,,,
49,@Null@,@Null@,@Null@,@Null@,@Null@,@Null@,,,
50,Джокер,"Эй, дорогой путешественник, не хочешь ли взглянуть на удивительное магическое шоу? Все фантастические выступления собраны здесь!",@Null@,@Null@,Аватар: разблокировать аватар,Следы: оставляет магический узор после своих шагов,,,
51,Кана,"Я пришла сюда, чтобы нарушать правила! Выбирайте, что больше хотите попробовать на вкус, конфеты или удар моего молота?",@Null@,@Null@,Аватар: разблокировать аватар,Следы: оставляет узор из леденцов после своих шагов,,,
52,Optimus Prime,"I am Optimus Prime, and I send this message so that our pasts will always be remembered, for in those memories we live on.",@Null@,Body effect: Can transform in game and switch the form,Avatar:unlock profile picture,Footprint: Leaving Camp pattern when he goes by.,"#cda5b0a Деформация: Нажмите кнопку Деформация слева, чтобы переключить форму робота / транспортного средства! #n",#cda5b0a Трансформеры эксклюзивные навыки: Автоботы атака и защита! #n,
53,Megatron,I do this only for the benefit of my deceptions. It grieves me that you may also profit.,@Null@,Body effect: Can transform in game and switch the form,Avatar:unlock profile picture,Footprint: Leaving Camp pattern when he goes by.,"#cda5b0a Деформация: Нажмите кнопку Деформация слева, чтобы переключить форму робота / транспортного средства! #n",#cda5b0a Трансформеры эксклюзивное мастерство: Fusion Cannon! #n,
54,Конфетка,"Что самое главное в канун Рождества? Снегопад за окном, вкусные пирожные, волшебство и чудесная ты!",@Null@,@Null@,Аватар: разблокировать аватар,Следы: оставляет клубничный узор после своих шагов,,,
55,Бельчонок,"Один из милых близнецов, которые только что появились в Мини Мире. Близнецы приехали из богатого места. Бельчонок любит собирать фрукты и опадающие листья, а также мастерить разные вещи для других. По его словам, делиться с ближними и является главным секретом богатства!",@Null@,@Null@,Аватар: разблокировать аватар,Следы: оставляет каштановый узор после своих шагов,,,
56,Мышка,"Одна из милых близнецов, которые только что появились в Мини Мире. Близнецы приехали из богатого места. Но трудолюбивая Мышка всегда готова помочь нуждающимся. Мышка надеется, что она сможет завести много новых друзей в Мини Мире и передать им сокровенную тайну богатства.",@Null@,Эффект: в окружении цветов,Аватар: разблокировать аватар,Следы: оставляет китайский узор после своих шагов,,,
57,Дедушка Лин,"Кажется, что это просто неряшливый старикашка. Но на самом деле, он могущественный повелитель Северного Города, а также мудрый учитель Бродяги Блэйда, ассасина Ли и Ана. После стольких лет, проведённых в сражениях, дедушку Лина теперь совершенно не заботят мирские дела.",Разблокировать через ивент,@Null@,Аватар: разблокировать аватар,Следы: оставляет узор из винных тыкв после своих шагов,,,
58,Bumblebee,"I am Bumblebee, your best friend. Optimus Prime, I was willing to make any sacrifice for peace.",@Null@,Body Effects: Can convert in game and switch the form,Аватар: разблокировать аватар,Footprint: Leaving Camp pattern when he goes by.,"#cda5b0aДеформация: Нажмите кнопку Деформация слева, чтобы переключить форму робота / транспортного средства! #n",#cda5b0aTransformers Exclusive Skill: Wasp Stab! #n,
59,Цветочная Фея,"Цветочная Фея любит бродить по саду и сажать красивые цветы вокруг своего дома. Никто не может устоять перед этим головокружительным цветочным ароматом! Но что-то странное происходит там, на Магической Звезде... Фея чувствует, что сила Хораса может изменить цветы навсегда!",@Null@,Эффект: в окружении звездного света,Аватар: разблокировать аватар,@Null@,,,
60,Арелл,"Арелл - это сверкающая звёздочка с небосклона, которая может воплотить все твои мечты в жизнь. Когда кто-то загадывает желание, Арелл слышит это и создает для мечтателя новый сказочный мир!",@Null@,Эффект: в окружении радуги,Аватар: разблокировать аватар,@Null@,,,
61,Снежный Барс,"Снежный Барс родилась далеко, в заснеженных горах, а когда выросла, была израна главным защитником плато. Она мягкая, но показывает большое мужество защищая свой дом.",Разблокировать через ивент,Эффект: окруженная снегом,Аватар: разблокировать аватар,@Null@,,,
62,Алиса,"Игральная карта утащила Алису в Страну Чудес. Похоже, это будет самое загадочное приключение в её жизни! Но господин Кролик её верный спутник. Он ни за что не оставит Алису одну!",@Null@,Эффект: в окружении цветов,Аватар: разблокировать аватар,@Null@,,,
63,Фроги,"Лягушонок Фроги начал изучать искусство нинзя еще в юном возрасте. Теперь он стал мастером, но всё равно иногда скучает по безмятежному лежанию у пруда.",Разблокировать через ивент,@Null@,Аватар: разблокировать аватар,Следы: оставляет узор из маленьких лягушек после своих шагов,,,
64,Starscream,Starscream thinks that he is born to be the leader of Decepticon. He has a sharp tongue and often contends for power and profit with Megatron. His behavior often makes Megatron really annoyed,@Null@,Body Effects: Can convert in game and switch the form,Аватар: разблокировать аватар,Footprint: Leaving Camp pattern when he goes by.,"#cda5b0aДеформация: Нажмите кнопку Деформация слева, чтобы переключить форму робота / транспортного средства! #n",#cda5b0a Exclusive Skills: Aerial Alert! #n,
65,Hot Rod,"He is calm and full of responsibility. He is the future leader of the Autobot, the new hope of peace in the universe. No matter how dangerous the situation is, he will act immediately without hesitation.",@Null@,Body Effects: Can convert in game and switch the form,Аватар: разблокировать аватар,Footprint: Leaving Camp pattern when he goes by.,"#cda5b0aДеформация: Нажмите кнопку Деформация слева, чтобы переключить форму робота / транспортного средства! #n",#cda5b0aTransformers Exclusive Skill: Red Lightning! #n,
66,Galvatron,He is stronger and more cruel than the Megatron. His self-confidence and ambition of conquest and rule are unmatched. He is the embodiment of power. The entire universe cannot satisfy the appetite of this ruthless tyrant.,@Null@,Body Effects: Can convert in game and switch the form,Аватар: разблокировать аватар,Footprint: Leaving Camp pattern when he goes by.,"#cda5b0aДеформация: Нажмите кнопку Деформация слева, чтобы переключить форму робота / транспортного средства! #n",#cda5b0aExclusive Skills: Fusion Laser! #n,
67,Рауль,"Путешествуя между виртуальным и реальным миром, Рауль привык решать все жизненные проблемы как отдельные уровни в игре. Если чтобы пройти новый уровень удачи и силы не достаточно, то дайте тогда немного времени! Не было еще ни одного навыка который нельзя отсовершенствовать благодаря времени!",Разблокировать через ивент,Эффект: в окружении символов,Аватар: разблокировать аватар,@Null@,,,
68,Лин,"Непоседа Лин обожает таскать своего маленького друга Кубика из реального мира в виртуальный и обратно. Исследовать всё вокруг и веселиться от души — вот её кредо! Она всегда там, где светит неон и начинаются самые незабываемые приключения.",Разблокировать через ивент,Эффект: в окружении фиолетовых частиц,Аватар: разблокировать аватар,@Null@,,,
69,Сайен,"Сайен - наследница мастерской по изготовлению Рисовых Пирожков. Но её заветная мечта - стать звездой игры на Гучжене (древний инструмент вроде арфы). Получить в наследство мастерскую и стать известным музыкантом, - Сайен не кажется это недостижимым. Она точно сможет достичь всего, чего пожелает!",@Null@,Эффект: в окружении листьев,Аватар: разблокировать фото профиля,@Null@,,,
70,Твайлайт Спаркл,"Твайлайт Спаркл - настоящая всезнайка. Она любит читать, а еще она прирождённый лидер. Принцесса Селестия помогает ей учиться магии дружбы и творить волшебство.",@Null@,Эффект: в окружении волшебной пыльцы,Аватар: разблокировать фото профиля,@Null@,,,
71,Принцесса Селестия,"Селестия, правительница Королевства Эквестрии, обладает великой магической силой. Но сама она - милая и очень покладистая девушка, которая просто обожает сладости!",@Null@,Эффект: в окружении золотой пыльцы,Аватар: разблокировать фото профиля,@Null@,,,
72,Флаттершай,Fluttershy lives lives in a wooden hut on the edge of Pony Valley and befriends a variety of animals. She often directs them to act together as the symbol of kindness in harmony,@Null@,Эффект: в окружении золотой пыльцы,Аватар: разблокировать фото профиля,@Null@,,,
73,Принцесса Луна,"Princess Luna is the sister of Princess Celestia. The second ruler of Equestria who takes charge of the night, dream and moon rising. She often saves the ponies in nightmares. She seems mysterious and distant but she is kind indeed.",Разблокировать через ивент,Body Effects: Surrounded by moon pattern,Аватар: разблокировать фото профиля,@Null@,,,
74,Гримлок,Grimlock is the commander of the dinobots and also the most powerful one. His reckless personality makes autobos very anxious. But he also leads the dinobots and save the autobots many times.,Разблокировать через ивент,Body Effects: Electromagnetic sparks,Аватар: разблокировать фото профиля,Footprint: Leaving Camp pattern when he goes by.,"#cda5b0aДеформация: Нажмите кнопку Деформация слева, чтобы переключить форму робота / механического динозавра! #n",#cda5b0aTransformers Exclusive Skill: Tyrannosaurus Roar! #n,
75,Свуп,Swoop’s simple thoughts and reckless behavior are really annoying. But he is a kind-hearted warrior. He plays a huge role in the dinobots team and shoulders the important missions.,@Null@,Body Effects: Electromagnetic sparks,Аватар: разблокировать фото профиля,Footprint: Leaving Camp pattern when he goes by.,"#cda5b0aДеформация: Нажмите кнопку Деформация слева, чтобы переключить форму робота / механического динозавра! #n",#cda5b0aTransformers Exclusive Skill: Swift Wings! #n,
76,Снарл,Snarl is an out-of-group guy. He likes to let others deal with strategic matters. He only needs to follow Grimlock's dispatch and attend the war. This also makes him the most powerful fighter of Grimlock on the battlefield,@Null@,Body Effects: Electromagnetic sparks,Аватар: разблокировать фото профиля,Footprint: Leaving Camp pattern when he goes by.,"#cda5b0aДеформация: Нажмите кнопку Деформация слева, чтобы переключить форму робота / механического динозавра! #n",#cda5b0aTransformers Exclusive Skill: Bone Spurs Sweep! #n,
77,Леонардо,"Говорят, что он странствующий художник, который использует магию цвета чтобы раскрасить весь мир. Теплые цвета изменчивы, а холодные - спокойны. То же самое верно и для Леонардо: сочетание оранжевого и синего отражает его характер, полный спокойствия и неукротимого энтузиазма!",Разблокировать через ивент,@Null@,Аватар: разблокировать фото профиля,Следы: оставляет голубые пятнышки после своих шагов,,,
78,Талия,"Обменять ценные вещи со мной! Я дам вам все, что вы мечтаете! Однажды, письмо, подписанный Thalia направляется к людям, которые любят магию в мини Вселенной. Существует также плавучий остров и красивый, таинственный Королева Thalia на Офф планете!",Получено в гасяпон,Эффект тела: в окружении фиолетового цветка,Аватар: разблокировать фото профиля,"Footprint: Оставляя розы пигмент, когда он идет",,,
79,Ута,"Редко может кто-нибудь найти Ута. Он всегда прячется глубоко в лесу, общение с животными и эльфами. В определенные сезоны, он появится и использовать магию, чтобы вылечить племени недуги и изгонит nightmares.His гадание и медицина были настолько эффективны, и все же так mysterious.He был отшельником и достойным сыном леса.",@Null@,Эффект тела: в окружении колдовства характера,Аватар: разблокировать фото профиля,@Null@,,,
80,Г-н Кролик Laby,"Самая большая радость The Лабири является его способность путешествовать с планеты на планету, как г-н Rabbit.But Ellie, кажется, быть в состоянии видеть сквозь его disguise.A карта упала случайно их сближает и начинается удивительное приключение. Является ли это магия покер? Нет, это магия судьбы!",Разблокировать через ивент,Эффект кузова: окружен рисунком кролика,Аватар: разблокировать фото профиля,@Null@,"#cd65b00Деформация: Нажмите кнопку Деформация слева, чтобы переключить форму кролика / гуманоида! #n",#cd65b00Mr. Rabbit Exclusive Skill: Время на исходе! #n,
81,Пинки Пай,Pinkie Pie is the most famous “party pony” and has extraordinary energy. She loves pranks and singing and has a cheerful character. She represents “laughter” in the element of harmony.,@Null@,Эффект тела: в окружении розовых сердец,Аватар: разблокировать фото профиля,@Null@,,,
82,Кэрол,"Кэрол любит конфеты, потому что конфеты всегда приносит ей удачу. Когда она бродяги на улице, владелец кондитерского берет ее. Она также встречает маленький призрак и узнает там магию. Возьмите конфету! сахар горшок Кэрол, безусловно, удивит вас!",@Null@,Эффект тела: в окружении светлой магии,Аватар: разблокировать фото профиля,@Null@,,,
83,Джерри,"Почему beancurd желе либо сладкое или соленое? Почему это не может быть сладким и соленым? Немного лимонный сок, кажется, чтобы быть полезными. Джерри полна причудливых идей, всегда можно комбинировать различные ингредиенты, чтобы произвести самые неожиданные продукты питания. Это заставило ее брат Mermale страдать. Каждый вкус является наиболее серьезной проблемой для желудка.",Получено в гасяпон,@Null@,Аватар: разблокировать фото профиля,Следы: оставляет отпечатки ног после своих шагов,,,
84,Кальмар,"В качестве члена своей семьи, Squid не хочет жить в море навсегда. Море огромен, но он предпочитает плавать на поверхности и наблюдает за яркой stars.Though он не имеет крыльев, он может сделать ракету к звездам с помощью своих друзей.",Получено в гасяпон,Эффект тела: Окруженные звуковой волны,Аватар: разблокировать фото профиля,@Null@,,,
85,Gigi медведь,"Жизнь это приключение, а также вызов. Опасность может помочь вам itendify себя. Вы не будете отказаться от времени, если вы продолжаете работать. Если вы хотите, чтобы бросить вызов невозможно, пойти на приключение с Гиги Медведя.",Получено в гасяпон,@Null@,Аватар: разблокировать фото профиля,"СЛЕД: Оставив след медведя, когда он идет",,,
86,Starlight Glimmer,"She possesses a powerful magical ability no less than Twilight Sparkle, trying to establish a Utopian town. She now becomes a friend of the other ponies and the principal of Friendship School.",@Null@,Эффект тела: окруженный голубым светом звезд,Аватар: разблокировать фото профиля,@Null@,,,
87,Рэйнбоу,Рэйнбоу храбр и вне собирается. Она является большим поклонником приключений и шалости. Она летит очень быстро и имеет радужные хвостохранилища. Она представляет собой «лояльность» в элемент гармонии.,@Null@,Эффект тела: Есть радуги хвостохранилища,Аватар: разблокировать фото профиля,@Null@,,,
88,Принцесса Cadence,"She used to be the beautiful, kind and considerate student of Princess Celestia. She becomes the guardian of the Crystal Empire by defeating King Sombra.",@Null@,Эффект корпуса: в окружении кристалла,Аватар: разблокировать фото профиля,@Null@,,,
89,Одри,Приезжайте и изучать магию природы! Одри из магической школы всегда пожалеет усилий не рекомендовать магии о насекомых. Ее трудолюбие помогает ей выиграть пользу Мисию.,@Null@,Эффект тела: Окруженный блестящей бабочкой,Аватар: разблокировать фото профиля,"СЛЕД: Оставляя бабочку след, когда она проходит",,,
90,Predaking,"Predaking является свирепым слиянием всех пяти предаконов с превосходными способностями и deadilest военной машиной десептиконов. Как воин, он непобедим, как оружие, он не поддается разрушению.",@Null@,Body effect: Can transform in game and switch the form,Avatar:unlock profile picture,Footprint: Leaving Camp pattern when he goes by.,"#cda5b0aДеформация: Нажмите кнопку Деформация слева, чтобы переключить режим многопользовательской комбинации! #n",#cda5b0aTransformers Exclusive Skill: Hideous Power! #n,
91,Razorclaw,@Null@,@Null@,Body effect: Can transform in game and switch the form,Avatar:unlock profile picture,Footprint: Leaving Camp pattern when he goes by.,,,
92,Headstrong,@Null@,@Null@,Body effect: Can transform in game and switch the form,Avatar:unlock profile picture,Footprint: Leaving Camp pattern when he goes by.,,,
93,Tantrum,@Null@,@Null@,Body effect: Can transform in game and switch the form,Avatar:unlock profile picture,Footprint: Leaving Camp pattern when he goes by.,,,
94,Rampage,@Null@,@Null@,Body effect: Can transform in game and switch the form,Avatar:unlock profile picture,Footprint: Leaving Camp pattern when he goes by.,,,
95,Divebomb,@Null@,@Null@,Body effect: Can transform in game and switch the form,Avatar:unlock profile picture,Footprint: Leaving Camp pattern when he goes by.,,,
96,Superion,"Superion является первым автоботов объединитель, cлагающими из Aerialbots. Он действует на двух принципах: уничтожить десептиконов и защищать Невинных.",@Null@,Body effect: Can transform in game and switch the form,Avatar:unlock profile picture,Footprint: Leaving Camp pattern when he goes by.,"#cda5b0aДеформация: Нажмите кнопку Деформация слева, чтобы переключить режим многопользовательской комбинации! #n",#cda5b0aTransformers Exclusive Skill: Fearless! #n,
97,Silverbolt,@Null@,@Null@,Body effect: Can transform in game and switch the form,Avatar:unlock profile picture,Footprint: Leaving Camp pattern when he goes by.,,,
98,Slingshot,@Null@,@Null@,Body effect: Can transform in game and switch the form,Avatar:unlock profile picture,Footprint: Leaving Camp pattern when he goes by.,,,
99,Skydive,@Null@,@Null@,Body effect: Can transform in game and switch the form,Avatar:unlock profile picture,Footprint: Leaving Camp pattern when he goes by.,,,
100,Air Raid,@Null@,@Null@,Body effect: Can transform in game and switch the form,Avatar:unlock profile picture,Footprint: Leaving Camp pattern when he goes by.,,,
101,Fireflight,@Null@,@Null@,Body effect: Can transform in game and switch the form,Avatar:unlock profile picture,Footprint: Leaving Camp pattern when he goes by.,,,
102,Shengying,"Я номер один улан во всей небесной зоне. Приходите сражение со мной, если вы не верите.",Получено в гасяпон,Footprint: оставляет гигантский след,Avatar:unlock profile picture,@Null@,,,
103,Пламя демона,"Я, я Повелитель Огня! Вулкан Ветрового Леса - мое кредо!",,Эффекты тела: Воздух короля демонов парит вокруг тела,Фотография профиля: разблокировать фотографию профиля.,,"#cd65b00 деформации: Нажмите кнопку деформации слева, чтобы переключить форму коровы / гуманоида! #n",#cd65b00 Пламя Демона Эксклюзивный навык: Сила Быка! #n,
104,Lingyao,"Легенды говорят, что в пределах дворца Ветер Бога, жил beauitful и элегантная дама. О, это должно быть мне.",@Null@,Тело эффекты: Золотые лепестки цветов плавает вокруг вас,Avatar:unlock profile picture,@Null@,,,
105,Ash,"Ash убеждается, что ее внешность в рабочем состоянии каждое утро, чтобы соответствовать благородному статусу ее Единорог. В последнее время, многие из них имеют свои глаза на единороге, она никогда не сдаст этот драгоценный подарок на день рождения Вольфа никому!",@Null@,Footprint: Оставляя следы след Красной Шапочки,Avatar:unlock profile picture,@Null@,,,
106,Cool Mini,"Инструктор Mini Coding, оснащенный магическими силами программирования.",Получено в гасяпон,"Эффекты тела: Научно-фантастические частицы, плавающие вокруг вас",Avatar:unlock profile picture,Следы: оставляет отпечатки ног после своих шагов,,,
107,волк,"Поделитесь секретом с вами, бабушка Волк реально! Любимые сказки Волк и Ash. Сегодня, одетый в волчьем наряде и фартуке бабушкина, замаскированный как Big Bad Wolf шалости Ash, который любит действовать. Так как все проклято, почему не мы создаем нашу собственную приключения сказки!",@Null@,Footprint: Оставляя следы след Вольфа,Avatar:unlock profile picture,@Null@,,,
108,Celestial Fairy - Я,"Процветание Поднебесной мира привлекает глаза Ya. Вооруженный с ней четыре-струнным инструментом, она путешествует по всему миру, выполняя бесчисленные песни с неизменным спокойным сердцем и отношениями.",@Null@,Тело эффекты: Золотые частицы плавает вокруг вас,Avatar:unlock profile picture,@Null@,,,
109,Dragon Prince - Песня,"После того, как опыт бесчисленных болей в мире смертных, он решил последовать его сердце и пребывания на Небесном мире с драконами, как его компаньоны, далеко от бренного мира.",Разблокировать через ивент,Avatar: разблокирование изображение профиля,"СЛЕД: Оставляя след дракона, когда он идет",@Null@,,,
110,Розель,"На летних ночах волшебный сад держит большой шар. Розель был удивлен, обнаружив, что синий, который появился во сне, шел к центру сцены. То, что пришло с ним было то же самое, что падшие лепестки она обнаружила-голубая гортензия.",@Null@,Avatar: разблокирование изображение профиля,"Следы: Оставляя розовые розы след везде, где она идет",@Null@,,,
111,Tangerine Полосатый,"«! Гений гурман, я просто хочу, чтобы есть пищу из повсюду Несмотря на то, что есть очень много лакомства в мире, мой любимый до сих пор вкус Taiyaki приготовленного родителями.», - сказал мандарин Полосатый после интервью с Mini Daily.",Разблокирована подарочные пакеты или события,Avatar: разблокирование изображение профиля,Следы: Оставляя цветок pawprint куда он идет,@Null@,,,
112,Гортензия Чарльз,"Мяч вне дворца такой же красочный, как звезды и фейерверки. Когда князь Чарльз увидел Розель, он не мог скрыть свою внутреннюю радость, и осторожно достал тонкие розы, которые он взял.",Сезонный билет,Avatar: разблокирование изображение профиля,Тело эффекты: Голубые частицы плавает вокруг вас,@Null@,,,
113,Пузыри,"«Вы слышали легенду о синем море?» Хорошо информированный Пузыри рождается исследователем. Он любит наблюдать за миром через пузыри и могут найти детали, которые все не могут видеть.",Разблокирована подарочные пакеты или события,Avatar: разблокирование изображение профиля,"Следы: Оставляя dophin отпечатки, куда он идет",@Null@,,,
114,цветок Dewie,Xiaolou Первой Замена кожи,@Null@,Avatar: разблокирование изображение профиля,Эффекты тела: цветок частицы поплавков вокруг вас,@Null@,,,
115,Принцесса мороз,"Принцесса, которая была с момента рождения Желоли Чудес, живущая в ледяном хрустальном дворце, богине мороза и льда. Из-за ее ледяной холодной личности у нее никогда не было никаких друзей, но ее сердце чисто и добрые, не может повредить никому.",@Null@,Avatar: разблокирование изображение профиля,"Эффекты тела: кристаллы льда, плавающие вокруг вас",@Null@,,,
116,Rore.,"Принцесса Желоли Чувала, имеет магические силы исцеления и любви. После трансформированного в куклу королевой она встретилась с принцем, что они сделали пакт вместе и восстановили свою форму и волшебные силы. Добрым добрым счастливым, что любит клубнику.",@Null@,Avatar: разблокирование изображение профиля,"Эффекты тела: частицы сердца, плавающие вокруг вас",@Null@,,,
117,Световой мерцание,"Точно так же, как свет, ее форма определяется тем, кто вызывает ее, похоже на существование тени, ее истинное я еще предстоит известно, что привело к ее глубокому желанию свободы.",@Null@,Avatar: разблокирование изображение профиля,"Эффекты тела: золотые частицы, плавающие вокруг вас",@Null@,,,
118,Cinderella,"«С властью воображения, чудеса не невозможны» - это девиз оптимистической Золушки. Даже во время деловых хлопот она воображает себя красивую сказочную принцессу, и ее сказочный друг превращает ее волю в реальность во время королевского мяча.",@Null@,Avatar: разблокирование изображение профиля,"Следы: оставляя розовые розы след, где она идет",@Null@,,,
119,Принцесса души,"Член павильона Линси, фея священного уровня, нежный и дружелюбный, она живет на храме цветов, когда она обожает их и лелеет всю жизнь и душу, охраняя мир всей ее любовью и сердцем.",@Null@,Avatar: разблокирование изображение профиля,Следы: оставляет кристаллические пятки следы,@Null@,,,
120,Драгонию - чешуйчатый,"Scaly никогда не покинул океаны: из-за историй наза, он разработал фобию земель. В этом приключении он становится намного храбрее и обнаруживает, что земли не так страшны, как он думал. Все это просто тест своего отца, чтобы позволить ему стать преемником серфинговых вод.",@Null@,Avatar: разблокирование изображение профиля,"Эффекты тела: волшебные кристаллы льда, плавающие на теле.",@Null@,,,
121,Meow Meow,"Что ты имеешь в виду, я мало! Угадайте, когда эта рыба появится на вашем диване? Livory и Free, Meow Meow любит показывать свои дротики навыками рыбными костями. Не будьте оскорблены его милыми появлениями, так как он является печально известным королем вреда.",@Null@,Avatar: разблокирование изображение профиля,Следы: оставляет кошачьего следа,@Null@,,,
122,Белый лебедь - Одетта,"Поскольку день встречает ночь, мечты и реальность пересекает путь. Но кто я среди всех?",@Null@,Avatar: разблокирование изображение профиля,"Эффекты тела: белые перья лебедя, плавающие вокруг вас!",@Null@,,,
123,Сесил,"Один из восьми членов павильона Линси, живет в святых основаниях Yeloli Conlludland - четырех часов, при этом власть контролировать время и бесчисленные личности. С серебряными длинными волосами и глазами, как галактики, благородные и элегантные, сохраняют спокойствие и продолжайте.",@Null@,Avatar: разблокирование изображение профиля,Следы: оставляет часы след,@Null@,,,
124,Джесси,"Джесси и Джерри любит, которые выросли вместе. Раньше она была робкой, но под влиянием бравады Джерри, она научилась использовать ее колокольчики, чтобы вызвать маленькую медузу для помощи, и она больше никогда не боится. Потому что самое мощное тайное оружие - это сила храбрости и дружбы!",@Null@,Avatar: разблокирование изображение профиля,Следы: оставляет след медуз,@Null@,,,
125,Скоростной Swirly,"Speedy Swirly - нетерпеливый парень с бесконечной энергией, которую он не мог остановиться даже на мгновение. Он хотел бы собирать маленькие мелочи, поэтому, если вам когда-нибудь что-нибудь нужно, просто спросите быстрый Swirly! У него может быть просто то, что вам нужно.",@Null@,Avatar: разблокирование изображение профиля,Следы: оставляет след улитки,@Null@,,,
126,@Null@,@Null@,@Null@,@Null@,@Null@,@Null@,,,
127,Черный лебедь - Одетта,"Реальность и мечты, разделенные, днем ​​и ночью имеют свое уникальное существование, и я просто сам.",@Null@,Avatar: разблокирование изображение профиля,"Эффекты тела: фиолетовые перья, плавающие вокруг вас",@Null@,,,
128,Лягушка принц - кроак,"Повесьте немного больше, и вы можете выполнить свое обещание с ней. #R Исследователь болота обитания, всегда глядя на золотой маленький мяч в его ладонях, чтобы поощрить себя. В этом мокрое болоте лежит его симмерная надежда.",@Null@,Avatar: разблокирование изображение профиля,Следы: оставляет листья лотоса,@Null@,,,
129,@Null@,@Null@,@Null@,@Null@,@Null@,@Null@,,,
130,Белоснежка - София,"Это мои лучшие друзья, всего 7 из них. Игрушечный магазин #r Sophia имеет много изысканных кукол. Она часто шепчет в кукол, как будто они были живы. Чтобы получить свои куклы, вы не можете использовать деньги, но вместо этого вы должны обменять его с чем-то очень важно для вас. Что это может быть?",@Null@,Avatar: разблокирование изображение профиля,Следы: оставляет след яблока,@Null@,,,
131,Hansel.,"Мальчик, который был вдумчивым и заботился о своей сестре. Он и его сестра были потеряны в густом лесу более месяца, но чудесным образом вернулись вместе. Он редко упоминал свой опыт в плотном лесу, но с тех пор он несла багета. Говорят, что птица на плече была поднята в то время.",@Null@,Avatar: разблокирование изображение профиля,Следы: оставляет след хлеба,@Null@,,,
132,Боевик,"Грете очень доверяют своему брату, любит собирать и готовить, особенно хорошо для выпечки и делать десерты. Она утверждает, что эти навыки изучены, когда она потеряна. Как она узнала эти навыки в пустынном густом лесу?",@Null@,Avatar: разблокирование изображение профиля,Следы: оставляет персиковый цветущий след,@Null@,,,
133,@Null@,@Null@,@Null@,@Null@,@Null@,@Null@,,,
134,@Null@,@Null@,@Null@,@Null@,@Null@,@Null@,,,
135,@Null@,@Null@,@Null@,@Null@,@Null@,@Null@,,,
136,Вой,"Кто узнает больше о силе эмоций, чем я? #R Как босс компаний счастливый грузчиков, дружелюбный вой, может что-то перемещать, и его настроение отражено непосредственно на его выражении. Если вы видите шаблон на его сковороде, не волнуйтесь, это просто HOWL, готовясь развязать силу его эмоций!",@Null@,Avatar: разблокирование изображение профиля,Следы: оставляет головной след,@Null@,,,
137,@Null@,@Null@,@Null@,@Null@,@Null@,@Null@,,,
138,Весна,"Вам нравится слушать звук дождя? #R как один из приношений сезонов, весна - экологический исследователь
Альфазной звезды представляет силу возрождения. Она любит ехать на своих гигантских четырех листах клевера, манипулируя облаками и дождем. Хотя это чувствует себя комфортно, проводить время с ней, ее характер может быть волатильным, похожим на печенье во время весны. Пожалуйста, поддерживайте мягкие как можно больше.",@Null@,Avatar: разблокирование изображение профиля,Эффекты тела: бабочки расточитывают вокруг вас,@Null@,,,
139,Летом,"Как мою улицу можно остановить эту погоду? #R После того, как став приносятыми сезонами, летом становятся более обессоленными миром, не затронутыми сильной взрывающейся тепловой волной. Также как летний ветерок, вы просто не можете предсказать, если он будет прохладный ветерок или волокна в ближайшее время.",@Null@,Avatar: разблокирование изображение профиля,Следы: оставляет водяную рябь Foorprint,@Null@,,,
140,Осенние фрукты,"У меня есть сок! Это не я, кто контролирует сезон, сила природы выбрала меня. #R В отличие от летучего лета и зимы, осенние фрукты предпочитают тихую успокаивающую силу Земли, используя ее экономно. Это путешествие не только для спасения наших домов, но для поддержки обязанностей, которые приходят с моими силами.",@Null@,Avatar: разблокирование изображение профиля,"Эффекты тела: кленовые лист, плавающие вокруг тела!",@Null@,,,
141,Маленький синий,"Маленький синий - это волшебная фея Guardian Magic Fairess Fairy Fairy, под приказами волшебной феи королевы, она проникла в мир человеческого мира как няня в пределах Лин семьи, также лучший друг и магический наставник Og Maggi и Snowy.",@Null@,Avatar: разблокирование изображение профиля,След: оставьте маленький желтый цветочный след.,@Null@,,,
142,Базами,Skap Swap для Сакуры,@Null@,Avatar: разблокирование изображение профиля,"Эффекты тела: кролики, плавающие вокруг тела!",@Null@,,,
143,Магги,"Maggi - старшая сестра Лин-сестров, маленькая волшебная фея человеческого мира. Праведный, оптимистичный, активный и добрый с прикосновением к острому. Иногда высокомерный, другой раз озорных и с талантом для живописи, но очень нетерпелив и не стремиться к участию.",@Null@,Avatar: разблокирование изображение профиля,След: оставьте маленький синий цветочный след.,@Null@,,,
144,Снежно,"Снежная - младшая сестра Лин-сестров, маленькая волшебная фея человеческого мира. Щедрый и зрелый, умный и спокойный, делает вещи методологически. Наслаждайтесь изучением и чтением с большими результатами и очень аналитическими. Хотя она моложе, она в конечном итовам, будучи тем, кто заботится о старшей сестре Maggi.",@Null@,Avatar: разблокирование изображение профиля,След: оставьте следы пузыря,@Null@,,,
145,Принц развлечен,"Развлечения - это принц волшебной феи крепости, с голубыми волосами, он покинул крепость из-за недоразумения с волшебной феей королевой. Хотя он может выглядеть круто на улице, он на самом деле является гребленным старшим братом, наполненным праведностью и маленькой гордостью.",@Null@,Avatar: разблокирование изображение профиля,"Эффекты тела: звезды, сияющие вокруг тела!",@Null@,,,
146,Цветы,"Сакура расцветает на пути, поскольку зеленая ива растут рядом с прудом, когда проглотит чистота, но еще один год пропавшей любви прошел. #R Как наследник садовой империи, цветет тщательно охранять величественные цветочные кровати Nioh Star. Поскольку сезон цветов заканчивается, она осторожно прикасается к горшечному заводу с молнией и прошептала: если бы вы все еще были вокруг ... Все было бы лучше.",@Null@,Avatar: разблокирование изображение профиля,Эффекты тела: плавающие с лепестками вокруг тела!,@Null@,,,
147,Молния,"То, что лежат за пределами облаков, которые вы спросили, ничего, кроме дождя, грома, ветра и молнии и мысли снега. #R молния любит гулять среди облаков. Он часто использует свою магию, чтобы летать на небе, просмотра по всему городу людей, грубия через дождь и снег. На данный момент он вспоминает встречу на NioH Star: эта очаровательная леди и красивые цветочные кровати ее родного города.",@Null@,Avatar: разблокирование изображение профиля,След: листья воды капельки.,@Null@,,,
148,Зима,"Ничто не сравнится с красотой северного сияния здесь, кроме вас. #R Одинокие звездные путешественники, проклятые пустоты, чтобы защитить свою родину. Как один из опекунов сезона, он вызвался стать оружием для звездной планеты, приведя гнев на своих врагов, против его нежной природы. Самая страшная метель шторма вы можете себе представить.",@Null@,Avatar: разблокирование изображение профиля,След: оставляет небольшую вселенную след.,@Null@,,,
149,Редкость,"Она - дива из Понивилля, красивого и элегантного, уверенного и полного очарования, является гениальным дизайнером моды с собственным магазином моды. Она любит видеть пони, одетые в костюмы, которые она спроектировала и сделана.",@Null@,Avatar: разблокирование изображение профиля,Физические эффекты: маленький бриллиант!,@Null@,,,
150,Applejack,"Applejack имеет хорошее качество честного и полезного, часто поддерживает и защищает своих друзей. Она в основном несет ответственность за уборку яблок в сладком яблоневом саду, а домашняя собака начнется ее хорошим партнером. Applejack представляет «честный».",@Null@,Avatar: разблокирование изображение профиля,"Эффект тела: маленькое яблоко, плавающее вокруг тела!",@Null@,,,
151,Aladdin.,"«Продолжить след Кусьи, отправляйтесь на сокровище лунного песка, Аладдин ...»
Используется таинственным волшебником, я получил безразложенную волшебную книгу «одна тысяча одна ночь» в лунном руине песка, который полон ловушек. Он полон решимости сопротивляться, поэтому он приступил к путешествию в поисках сокровищ лунного песка.",@Null@,Avatar: разблокирование изображение профиля,"Эффект тела: Таинственные символы, плавающие вокруг тела!",@Null@,,,
152,Pinocchio,"Несмотря на то, что из дерева, чтобы чувствовать тепло, он охотно обнимает горящее пламя.",@Null@,Avatar: разблокирование изображение профиля,След: оставляет след боути.,@Null@,,,
153,Таша,"Жизнь - это тесные часы, люди устали от его вращения, но боится, что он остановится в лучший момент.",@Null@,Avatar: разблокирование изображение профиля,"Эффекты тела: сияющие перья, плавающие вокруг тела!",@Null@,,,
154,Эми,"Эми, Джесси и Алисса - лучшие и вместе бороются с черным демоном Господом. Чувство запаха Эми особенно чувствительно. После того, как став волшебной феей, часто обнаружил врага со своим чувством запаха, что много помогает. Хотя она нежная, легко плачет, но она жестче она выглядит и очень спокоена, когда неприятности находят ее.",@Null@,Avatar: разблокирование изображение профиля,След: оставляет след звезд на след.,@Null@,,,
155,Джесси,"Эми, Джесси и Алисса - лучшие и вместе бороются с черным демоном Господом. Джесси чувствительна к цветам, и ее воображение превышает простых людей. Она редкая роспись гения. Хотя она редко говорит много, но она очень добрая, хотя ее личность несколько постоянно и упрямая.",@Null@,Avatar: разблокирование изображение профиля,"Эффект тела: розовый гламур, плавающий вокруг тела!",@Null@,,,
156,Alyssa,"Алисса - это принцесса Королевства Фортского Королевства Форт. У нее красивые светлые волосы, с двойным хвостом, носящим корону. Ее персонаж живой и веселый, люблю говорить и авантюристым, бесстрашным, но и импульсивно. Краски с волшебными цветами, когда она не счастлива.",@Null@,Avatar: разблокирование изображение профиля,"Эффекты тела: волшебная энергия, плавающая вокруг тела!",@Null@,,,
157,@Null@,@Null@,@Null@,@Null@,@Null@,@Null@,,,
158,Vampiric Magician Lotte,"Свисток, снежный перо сыч летал, остановился в плечах подростка.
Бледно-белый кожный подросток берет письмо от совы, подмигивая зелеными глазами, он наклонил голову, чтобы спросить,
""Вы видели это вампир, который знает магию?""",@Null@,Avatar: разблокирование изображение профиля,"Эффекты тела: волшебные звезды, плавающие вокруг вас!",@Null@,,,
159,Лунная фея,@Null@,@Null@,Avatar: разблокирование изображение профиля,"Эффекты тела: Цветы и белые зайчики принты, плавающие вокруг вас!",@Null@,,,
160,Нефрита,"Lotus Paste или Jujube Paste? Заварной крем или матча? У нас все!
Маленькие луновые пирожные, в его круглой внешней коже, лежит чудеса внутри, полна сюрпризов.
Эта леди шеф-повар будет эксплуатироваться неограниченное творчество, приведя десерты в китайском стиле на целый новый уровень, который связан с трендом во вселенной! А ты, готов принять этот сладкий небесный вкус?",@Null@,Avatar: разблокирование изображение профиля,"Эффекты тела: маленькие бабочки, плавающие вокруг вас!",@Null@,,,
161,Трубач нита,"Нита изначально была фарфоровой куклотой кролика в саду дома Розель. Она свидетелем ситуации, когда Розель пыталась практиковать магию в саду каждую ночь, потому что она пропустила свою мать, и ей дала жизнь магией. Проходя через джунгли и отталкивая шипы, она просто хотела позволить волшебному саду снова цвести.",@Null@,Avatar: разблокирование изображение профиля,"Эффекты тела: музыкальные ноты, плавающие вокруг вас!",#cda5b0a ограничено выходом подарочной коробки Dream Building #n,,,
162,Барабанщик Ник,"Ник и его сестра Нита - пара кроличьих керамических украшений, что проводник дал в саду розель дома. В отличие от Nita, которая хочет остаться в саду, Ник тайно чувствует, что он важнее для проводника и хочет вернуться к оркестру.",@Null@,Avatar: разблокирование изображение профиля,"Эффекты тела: музыкальные ноты, плавающие вокруг вас!",#cda5b0a ограничено выходом подарочной коробки Dream Building #n,,,
163,Драконбелл,@Null@,@Null@,Avatar: разблокирование изображение профиля,Следы: паровые плиты оружия остаются куда угодно.,@Null@,,,
164,Девятнадцать,"Эй, он выглядит как ребенок, но он является фактическим мастером. При наличии Мастера Ванли и его братьев убийца «Летающий дракон» не будет легко раскрываться. Конечно, я все еще люблю играть в игры с моими братьями больше всего! Если вы проиграете ... Я заплачу за тебя!",@Null@,Avatar: разблокирование изображение профиля,"Эффекты тела: частицы энергии, плавающие на голове!",@Null@,,,
165,Милая Тедди,"Мягкость мягких конфет и жесткость твердых конфет с точки зрения наследства. Просто с мягкостью посередине, мягкой и жесткой в ​​пакете, с точки зрения инноваций, медведь конфеты является лучшим. Тысяча слов, сердце маленького медведя - сладкое.",@Null@,Avatar: разблокирование изображение профиля,"Следы: Конфеты будут сброшены, и медведь следы останутся, где бы вы ни ходили.",#cda5b0a ограничено выходом подарочной коробки Dream Building #n,,,
166,Мечтательно,"Знание - это мое подпись действий. Каждый звонит мне день мечтателя. Солнце, звезды и луна в моей мягкой подушке. Положить повязку и сразу заснуть. День и ночь, приходите и мечтайте со мной!",@Null@,Avatar: разблокирование изображение профиля,"Эффекты тела: сонные пузыри, плавающие на теле!",#cda5b0a ограничено выходом подарочной коробки Dream Building #n,,,
167,Полли,"Когда туманы жизни раскрыты, вы смеете подходить к тому, что скрытая дверь скрывает правду?
Она - королева «замка, которая командовала командой, и техникой, которая была заключена в тюфячке, которая была заключена в тюрьме на дому. Вы это слышали? Как она громко говорит:« Тот, кто скорбит меня, наверняка станет неудачниками под моей юбкой! »",@Null@,Avatar: разблокирование изображение профиля,"Ходячие следы: оставляя следы светящихся пузырьков, где бы вы ни ходили.",@Null@,,,
168,@Null@,@Null@,@Null@,@Null@,@Null@,@Null@,,,
169,Сирена,"Как птицы поют и танцуют, как это связано с чем-то о сердцах людей. Как прошло время, и ветерок был слабым, появится ли правитель мира. Она понимает свою судьбу и убеждения. Потому что то, что нужно охранять, более ценными, чем золотые и украшения.",@Null@,Avatar: разблокирование изображение профиля,"Эффекты тела: Золотые листья гинкго, плавающие на теле!",#cda5b0a Interactive: Вы можете запустить интерактивное действие с пустым Hou! #n,,,
170,@Null@,@Null@,@Null@,@Null@,@Null@,@Null@,,,
171,Небо маркиз,"Император, в ловушке в кошмаре борются, чтобы найти затянувшуюся славу. Пока он услышал крик души ... Ты слышал пение ...? Следуйте и оставайтесь в живых!",@Null@,Avatar: разблокирование изображение профиля,Тело спецэффекты: Циан энергии частицы плавают на теле!,#cda5b0a взаимодействие: вы можете запустить интерактивные движения с началом камышевки! #n,,,
172,Ни Ю 'ер,"Танцующие юбки и поющие фанаты, неоновая одежда и перья, 
 Нравится мой вентилятор и одежда? 
 Просто найдите эту девушку!",,Фотография профиля: разблокировать фотографию профиля.,Эффекты тела: вокруг плавают зеленые цветы!,,,,
173,Се Чжили,"В начале человека природа по своей сути хороша. Секс близок, а привычка далека. 
 Если вы хотите, чтобы я сказал, драться и убивать - это совсем не круто.",,Фотография профиля: разблокировать фотографию профиля.,Эффекты тела: китайские иероглифы плавают вокруг тела!,,,,
174,Каспен,"Ручной фонарь, с вороном на плече, который является опекуном ночи?
Тело наделено способностью разгонять тьму, но только жаждут мирных и хороших сна.
Если кто-то не хорошо, позвольте ему попробовать мой крест!",@Null@,Avatar: разблокирование изображение профиля,"Следы: черное пламя осталось везде, где вы ходили.",@Null@,,,
175,Оливия,"Ночь украшена юбкой пряжей, никто не бощается за букеты. Бессмертный цветок, который не живет и не умирает, не умирает, не хочет, не может сказать мне, кто спас меня поднять ворону?",@Null@,Avatar: разблокирование изображение профиля,"Следы: розы остаются везде, где вы ходили.",@Null@,,,
176,Юна,"Сегодня вечером превращайтесь в милый черный кот и пойдете к людям, чтобы осуществлять права этой ведьмы!",@Null@,Avatar: разблокирование изображение профиля,Эффекты тела: загадочные летучие мыши окружают тело!,@Null@,,,
177,Эндрю,"Поскольку ночь упала, тьма постепенно окутала мир. Пауки формируют сеть, летучие мыши путешествия, я таинственный и красивый дух Хэллоуина.",@Null@,Avatar: разблокирование изображение профиля,Эффекты тела: загадочные летучие мыши окружают тело!,@Null@,,,
178,Extreme Beast Agent Wolf Silver,"Волк Серебро родился в бело-клане Wolf, родился Agile, спокойный и решающий. Он является членом Специальной агентской организации High Manda Star - «Атака зверя». Оружие, используемое столкновением, - это лезвие пистолета, с помощью Mecha Meow. В команде он действует как нападающий в бою в середине до закрытия. Роторный дрон, как правило, скрытый в перчатке, может быть использован для помощи атака.",@Null@,Avatar: разблокирование изображение профиля,"Следы: иконы агента остаются везде, где вы ходили.",@Null@,,,
179,Принцесса души,"Наименное имя - HUA Ling, и большинство людей называют душой принцессы. Она богиня, которая охраняет жизнь. Она живет в красивом и великолепном цветочном храме, уважающей жизнь и душу. Охраняя мировые существа с любовью, не только дает людям чувство близости снаружи, но также очень нежно внутри.",@Null@,Avatar: разблокирование изображение профиля,"Эффекты тела: есть цветы и бабочки, плавающие на теле!",@Null@,,,
180,Драгонский,"Затворная девушка FairyLand Dragon, но имеет сердце, полное воображения и стремление к свободе. Случайно встретил чешуйчатую, маленький драгонку и сформировал дружбу для обмена закусками. Я набрал много знаний о внешнем мире от чешуйчатых, надеясь пригодиться один день.",@Null@,Avatar: разблокирование изображение профиля,"Прогулка по следам: оставляя костные следы, куда бы вы ни ходили.",#cda5b0a ограничено выходом подарочной коробки Dream Building #n,,,
181,Экспертный крутящий момент Турции,"Крутящий момент - таинственный шеф-повар приготовления звезды. Владеет магазином Турции, который открывается только при приближении благодарения в течение года. И каждый раз, когда он кажется, он неизбежно принесет свою подпись блюдо-жаркую индейку.",@Null@,Avatar: разблокирование изображение профиля,"Следы: следы индейки остаются везде, где вы ходили.",#cda5b0a ограничено выходом подарочной коробки Dream Building #n,,,
182,Клубничное варенье ягоды,"Ягода - это человек, который знает клубнику лучше всего. Она наслаждается каждым аспектом клубники, от посадки и основания к цвету и плодоношению, от выбора в поле для обслуживания стола, Берри наслаждается этим.",@Null@,Avatar: разблокирование изображение профиля,"Следы: клубничные следы остаются везде, где вы ходили.",#cda5b0a ограничено выходом подарочной коробки Dream Building #n,,,
183,Ганеш,"Ганеш сочетает в себе мудрость и искусство, чтобы разрушить препятствия и приносить успех и счастье. В мире не будет совершенной и идеальной судьбы. Все, кто хочет добиться успеха, приобретают знания или мудрость, должны прилагать усилия и жертвы.",@Null@,Avatar: разблокирование изображение профиля,"Эффекты тела: лепестки лотоса, плавающие на теле!",@Null@,,,
184,Эдм Queen Sasha.,"Саша является самым популярным певцом в Террастаре, но ее популярность также вызвала свои основные проблемы, а музыка Саши некоторое застоялась. Пока она не встретила мини-бита случайно, этот чрезвычайно талантливый DJ вдохновил ее и начал экспериментировать с электронным созданием музыки, что привело Сашу в вершину своей карьеры в качестве певицы снова ...",@Null@,Avatar: разблокирование изображение профиля,"Эффекты тела: красочные ноты, плавающие на теле!",@Null@,,,
185,Небесного опекуна Юни,"В волшебном лесу звезды сказки, где последняя группа единорогов в домене Phoenix жила. В эпоху, когда магия все чаще скудна, единороги также сталкиваются с исчезновением. Будучи самым молодым в группе, Юни вызвался и вступил в неровное путешествие, чтобы использовать специальность лесов «Magic Pearl» в обмен на волшебную силу волшебника ...",@Null@,Avatar: разблокирование изображение профиля,Следы: оставляет след в виде галстука-бабочки.,@Null@,,,
186,Юнь Шан,"Она является дизайнером костюма с полными практическими возможностями и воображением, а также межзвездочный путешественник, который обращает внимание на творчество и наследство.
Она заслонялась между различными планетами на территории звезды дракона, изучая различные стили одежды.
Если вы хотите попробовать различные стили-одежды, ищите ее!",@Null@,Avatar: разблокирование изображение профиля,"Эффекты тела: розовые цветы, плавающие на теле!",@Null@,,,
187,Сян Эр,"Xiang Er - приготовление зимнего посла Звезды, и она работает днем ​​и ночью, чтобы организовать зимний фестиваль. От зимнего солнцестояния до Нового года она всегда занята, и прежде чем она поймет ее, новый год был здесь снова!",@Null@,Avatar: разблокирование изображение профиля,"Следы: следы ягненка остаются везде, где вы ходили.",@Null@,,,
188,Ting Huai,"Большое ожидаемое детское вунгидное талант, стало просвещенным, когда он собирался приземлиться свою мечту, и встал на дорогу как блуждающий босиком ученый. Помогая ученикам Stargate случайно, он смог войти в сказку и начал путешествие фантастической версии «Peach Blossom Spring» ...",@Null@,Avatar: разблокирование изображение профиля,"Эффекты тела: бамбуковые листья, плавающие на теле!",@Null@,,,
189,Лев танцовщица драконее,@Null@,@Null@,Avatar: разблокирование изображение профиля,"Следы: оставьте следы гортензии, куда бы вы ни ходили.",@Null@,,,
190,Соты,"Из неба нет дождь меда! Это мантра сота. Как новый член в городе, ее усердие впечатлила всех. Каждый понедельник в девять часов утра всегда есть банку свежего меда на пороге каждого. Все говорят, что это лучший мед, который они когда-либо ели.",Получено в гасяпон,Avatar: разблокирование изображение профиля,"Следы: оставляет медовые следы, куда бы вы ни гуляли.",#cda5b0a ограничено выходом подарочной коробки Dream Building #n,,,
191,Божество Шен,"Мастер внешних миров, который чрезвычайно красивый, как изгнанный бессмертный. Хорошо в иллюзиях, он часто превращается в кран, чтобы избежать мира. Похоже, что есть загадочная идентичность, неизвестная для посторонних, которые очень близко к Луне Фея, и больше всего боится, что она злится.",Получено в гасяпон,Avatar: разблокирование изображение профиля,"Эффекты тела: есть голубая аура, плавающая вокруг!",@Null@,,,
192,Юнь Ян,"Самая молодая дочка клана лисы и Cang Hong, меча туманности, - это долгосрочный друг. Под влиянием Cang Hong, она не любит волшебные и технологии, и любит скрипки со всеми видами механических гаджетов, что заставляет ее выглядеть как выброс в клане. Однако Юнь Ян не заботится, другие люди не знают о технологиях и насколько это удивительно!",@Null@,Avatar: разблокирование изображение профиля,Эффекты тела: розовые сердца плавают вокруг!,#cda5b0a ограничено выходом подарочной коробки Dream Building #n,,,
193,Cang Hong.,"Величайший загадочный «меч Бессмертный», в дополнение к имени Cang Hong циркулирует на арене, никто не знает своего возраста, происхождения и проживания. Говорят, что его меч - бессмертный меч. При рассмотрении меча тела сияет бессмертным светом, который может все вырезать. Но что малоизвестно, что этот меч фактически пришел из Звезды Гоманды ...",@Null@,Avatar: разблокирование изображение профиля,Эффекты тела: тело сияет со сказочным светом!,#cda5b0a ограничено выходом подарочной коробки Dream Building #n,,,
194,Катрина,"Сколько времени вам понадобилось, чтобы забыть человека, которого однажды любил?
Она потратила 500 лет воплощенным в качестве посланника тьмы, ожидая его прибытия в бесчисленные пропасть днем ​​и ночью. В каждой одинокой ночи она превратилась в танцовщицу Нежити, просто чтобы увидеть его в последний раз.",@Null@,Avatar: разблокирование изображение профиля,Эффекты тела: Вокруг летают бабочки!,@Null@,,,
195,Паук,"Мне нравится ставить себя в глазу быка, потому что в следующем секунду умный охотник не может никуда добраться.
Нет надежды на побегу, лучше отказаться от сопротивления. В конце концов, самая сладкая мечта в мире - это веб-сайт, который я пью.",@Null@,Avatar: разблокирование изображение профиля,"Следы: оставляет паучьи следы везде, где вы идете.",@Null@,,,
196,Миранда,"Золотая лавровая корона дает мне мудрость и силу. Огненно-красное солнце питает все, что нужно расти. Я, которую все называют Музой Солнца, искренне молюсь, чтобы свет жизни никогда не погас.",,Эффекты тела: Игра может осуществить функцию деформации и переключить форму!,Фотография профиля: разблокировать фотографию профиля.,Эффекты тела: Солнце светит на ваше тело!,"#cda5b0a деформации: Нажмите кнопку деформации слева, чтобы переключить нормальную / лучистую форму! #n",,
197,Император Герой,Самая крепкая броня в бесконечной вселенной — это император. Он выше короля. Тот самый и первый бронированный зверь.,@Null@,Эффекты тела: можно конвертировать в игре и менять форму,Аватар: Разблокировать изображение профиля,"Следы: Оставляйте следы тотема императора, где бы вы ни шли.","#cda5b0aПреобразовать: Нажмите кнопку Преобразовать слева, чтобы переключиться на нормальную / конечную форму! #n",,
198,Ху Синьюй,"Мастер боевых искусств, который наносит удары и собирает сверкающие сокровища!
Все они мои любимые, от больших слитков и медных монет до маленьких стеклянных раковин.
Покажи мне свою искренность, и я поделюсь своим блеском!",@Null@,Аватар: Разблокировать изображение профиля,"Следы: везде, где вы идете, остаются следы кошелька.",@Null@,,,
199,Ху Сяофэн,"Ветер пронзил воздух. Кровь волновала сердце. Испытай себя. Не бойся! Испытай себя! Зацепите пальцы, тысячи ходов, поехали!",@Null@,Аватар: Разблокировать изображение профиля,"Следы: везде, где вы идете, остаются следы тигра.",@Null@,,,
200,Эвелин,"Пересекать ручей, гулять по горам, слушать пение птиц, вдыхать аромат полевых цветов. Если в мой карман залетит бабочка, не бойся! Я освобожу тебя.",@Null@,Аватар: Разблокировать изображение профиля,"Эффекты тела: Розовые бабочки, парящие по телу.",@Null@,,,
201,Тайринн,"Истина скрыта в джунглях. Тайна прячется за холмами. Знания приходят из умного мозга, но мудрость сияет через практику!",@Null@,Аватар: Разблокировать изображение профиля,"Эффекты тела: Оранжевые бабочки, парящие по телу.",@Null@,,,
202,Мороз,"Пушистые волосы, похожие на облака, сверкающие глаза, похожие на драгоценные камни, яркие шпильки, похожие на бабочки. Ты сладкая, как сахарная вата! Приди, предайся со мной радости в этом светлом и мягком облачном море.",@Null@,Аватар: Разблокировать изображение профиля,Эффекты тела: Зефир плавает на теле.,#cda5b0a ограничено выходом подарочной коробки Dream Building #n,,,
203,бабочка цветочная фея,@Null@,@Null@,Аватар: Разблокировать изображение профиля,"Эффекты тела: Пурпурные бабочки, плавающие по телу.",@Null@,,,
204,Огненный герой,"Пятый элемент, огонь, обладает наибольшими способностями и потенциалом.
Единственная броня, позволяющая призывать двух человек одновременно. Это броня с самым медленным потреблением способностей.",@Null@,Аватар: Разблокировать изображение профиля,"Следы: везде, где вы идете, остаются следы огненного героя.",@Null@,,,
205,Карнавальная королева,"Танцевальные платья, инкрустированные бесчисленными бриллиантами и блестками, сияющими золотом на ярком солнце; Королева карнавала была в резких духах, поющих и танцах с танцевальной музыкой. Как танцоры, и зрители забывают все свои неприятности в пении и танцах карнавала.",@Null@,Avatar: разблокирование изображение профиля,"Следы: оставьте красочные ленты следы, куда бы вы ни ходили.",@Null@,,,
206,Бамбук Двен,"Черное и белое — идеальное сочетание. Ты мне нравишься и твой зеленый бамбук! Не пойми меня неправильно, я не буду тебя есть~",@Null@,Avatar: разблокирование изображение профиля,@Null@,@Null@,,,
207,Герой бейсбола,"«На поле бейсбола« тесто »и« кувшин »являются удивительными.
Известный как «самый сильный двухместный поток в истории». """,@Null@,Avatar: разблокирование изображение профиля,"Следы: оставьте следы бейсбола, куда бы вы ни ходили.",@Null@,,,
208,Мота,"Свободно плывите по морским глубинам.
Я летчик в океане. Я самый быстрый пловец в небе.
Найди меня, и ты узнаешь правду.",@Null@,Avatar: разблокирование изображение профиля,"Воздействие на тело: Пузыри, выпадающие из тела.",#cda5b0a ограничено выходом подарочной коробки Dream Building #n,,,
209,Огненный цветок,"Приближается весенний праздник, и звук фейерверка будет звучать весь день и ночь.
Смотри, это фейерверк! Загадай со мной желание!",@Null@,Avatar: разблокирование изображение профиля,"Эффекты тела: Розовые цветы, парящие над телом.",@Null@,,,
210,Вспышка,"Выполняйте фокусы и исполняйте свои желания. Звезда, пожалуйста, продолжай сиять. Услышьте наши пожелания!",@Null@,Avatar: разблокирование изображение профиля,"Следы: оставляйте звездные следы, где бы вы ни шли.",@Null@,,,
211,Маяк,"Бушуют барабаны войны. Где мой враг? Огни маяков в небе, охраняя Родину, не боясь смерти и увечий. Гнев превращается в боевое намерение. Вера всегда в моем сердце, и в конце концов кружащийся дракон вернется!",Разблокировка предмета может быть приобретен в мероприятии,Avatar: разблокирование изображение профиля,Воздействие на тело: От тела исходят искры.,@Null@,,,
212,Мечтательный поэт,"Ву умеет кататься на лошадях и махать мечами. Вэнь умеет рисовать и читать стихи.
Она просто непобедима!",@Null@,Avatar: разблокирование изображение профиля,"Эффекты тела: Розовые цветы, парящие над телом.",@Null@,,,
213,Футбольный капитан,"Мальчик, который когда-то играл босиком на улице, теперь превратился в неудержимого орла на зеленом поле, ведя мяч, постоянно превосходя и сильно бросая. Создавая историю, ведя свою команду к очередной победе.",@Null@,Avatar: разблокирование изображение профиля,@Null@,@Null@,,,
214,Ширли,"Тысячи лет ветра и снега обдувают не холодное, а теплое сердце. Это удача иметь снеговика в качестве компаньона. Все, что я хочу, это чтобы снег не таял.",@Null@,Avatar: разблокирование изображение профиля,"Следы: Оставляйте следы снежинок, где бы вы ни шли.",@Null@,,,
215,Буди,"Буди живет в прекрасной Юго-Восточной Азии. Мода для него синонимична.
Его любимое занятие — кататься на мотоцикле по побережью и наслаждаться морским бризом с друзьями",@Null@,Avatar: разблокирование изображение профиля,@Null@,@Null@,,,
216,богиня,"Деви танцует так, как научила ее бабушка, когда она была ребенком. Танцы возвращают ей старые воспоминания о солнце, морском бризе и свежем запахе пальмовых листьев.",@Null@,Avatar: разблокирование изображение профиля,@Null@,@Null@,,,
217,Shadowbringer,"Быстрый и точный танцор, скрытый в тенях. Ее ловкость и темно-зеленый капюшон - ее отличительные черты. Люди не знают ее имени. Они знают только, что под сенью звезд и луны будет таинственная женщина, которая карает злых.",@Null@,Avatar: разблокирование изображение профиля,@Null@,@Null@,,,
218,Лотосовая принцесса,"Дизайн Princess Lotus поступает из работы чемпиона по дизайну одежды вьетнамского мира. Пересекая древние и современные, шаг за шагом, обнимайте Джин Суй, просто чтобы встретиться с вами.",@Null@,Avatar: разблокирование изображение профиля,Физические спецэффекты: лотос разбросан на тело!,@Null@,,,
219,Кошмарная Луна,"Ее конфликты с сестрой сделали ее кошмарной лунной принцессой. После того, как на нее повлияла какая-то гармоничная энергия, она решила вернуться к своей сестре. Она очень нежная и боится одиночества. Она близка к людям своего королевства.",@Null@,Avatar: разблокирование изображение профиля,Эффекты тела: Звездный свет исходит от тела.,@Null@,,,
220,Глицита,Угол улицы показывает мои следы. Граффити записывают мои воспоминания. За каждым моим искусством стоит любовь.,@Null@,Avatar: разблокирование изображение профиля,"Следы: оставляйте следы граффити, где бы вы ни шли.",@Null@,,,
221,Лико,"Граффити было моей страстью. Я выражал свои чувства через свои работы. Граффити — моя любовь. Распылите его, это стрит-арт.",@Null@,Avatar: разблокирование изображение профиля,"Следы: оставляйте следы граффити, где бы вы ни шли.",@Null@,,,
222,Пробужденный Нини,Орлиное перо рассекло небо. Скипетр обвел территорию. Для меня честь защищать безопасность моего племени!,@Null@,Avatar: разблокирование изображение профиля,Эффекты тела: Частицы энергии вылетают из тела.,@Null@,,,
223,Пробужденный Кака,Без огня свеча гаснет. Может ли амбиция остаться после всех трудностей? Молодой человек всегда ходит один!,@Null@,Avatar: разблокирование изображение профиля,Эффекты тела: Частицы энергии вылетают из тела.,@Null@,,,
224,Серебряный колокол,Своим умным умом и упорными исследованиями Иньлин решила феномен ядовитой ландыши и стала магическим ученым по сохранению растений и символом хранителя платиновой лилии. долины в сердцах людей. Теперь она исследует больше тайн волшебных растений Arcane Star с Hua Youyou!,,Фотография профиля: разблокировать фотографию профиля.,"Прогулочные следы: Платиновые следы ландыша остаются там, где вы идете.",,,,
225,Крил,"Попробуйте ледяные продукты Baiwei и узнайте секреты на кончике языка. 
 Гениальные вкусовые рецепторы, превращающиеся в волшебство. 
 Многочисленные эксперименты достигли перфекционизма.",,Фотография профиля: разблокировать фотографию профиля.,Эффекты для тела: листья лимона и мяты плавают вокруг!,#cda5b0a ограничено выходом подарочной коробки Dream Building #n,,,
226,Син Тянься,"Xingtian Armor хорошо сражается ладонью, поэтому большинство его трюков с боевыми искусствами - это пальмовые приемы. Среди трех доспехов он обладает средними способностями и обладает как наступательными, так и оборонительными способностями. Он также является специальной броней капитана бронепатрульной команды и играет ключевую роль в броневой команде.",,Фотография профиля: разблокировать фотографию профиля.,"Ходячие следы: оставьте следы тотема Xingtian там, где вы идете.",,,,
227,Орёл ветра,"Броня орла ветра - бронированный воин с синим в качестве основного цвета и орлом в качестве тотема. Воин, образованный комбинацией доспехов призывателя и орла ветра из дерева. Среди пяти элементов он принадлежит дереву, самый быстрый среди пяти воинов, и это быстрый воин.",,Фотография профиля: разблокировать фотографию профиля.,"Прогулки следы: оставить ветер орла тотемные следы, где вы идете.",#cda5b0a только для #n,,,
228,"Рапунцель, Лола.","Плач на высоком здании, звук в ушах, но всем наплевать 
 Суровый упрек Богу легко получить, и быть суровым по-прежнему неизбежно 
 Пока чудо не исчезло, и ангел уходит 
 Оставшись один и бесплодный, я не знаю, сколько лет перевоплощения",,Фотография профиля: разблокировать фотографию профиля.,"Эффекты тела: Лепестки и листья, отходящие от тела!",,,,
229,Мэйцзя,"Мэй Цзя, классный производитель оружия и мехов из таинственного времени и пространства, полон высокотехнологичных точных инструментов: ткань куртки особенная и кажется неуязвимой. , время от времени на линзах очков мелькают плотно освещенные слова, а странное устройство, стоящее за ним, как говорят, содержит мощную энергию. Его также можно использовать в качестве пушки в случае необходимости или... замахнулся, чтобы отбить плохих парней!",,Фотография профиля: разблокировать фотографию профиля.,Body Effects: Механические вспышки на теле!,,,,
230,Qimeng Linghu · Хуаян,"Незабываемые кошмары укрывают солнце, непостоянство разбивает молодость. Прикоснитесь к струнам фортепиано, чтобы послать мелодии и мысли, идет дождь, и люди в конце концов расходятся, и с тех пор мы никогда не виделись.",,"Специальные изменения: Игра может реализовать функцию изменения цвета, изменение формы и состояния!","Аватарная рамка и эффекты тела: эксклюзивная аватарная рамка со светло-красными камелиями, плавающими вокруг!","#cda5b0a изменение цвета: нажмите левую кнопку изменения цвета, чтобы переключить лису в непослушное наивное состояние #n.","#cda5b0a изменение цвета: нажмите левую кнопку изменения цвета, вы можете переключить лису в гламурное великолепное состояние. #n",#cda5b0a ограничено выходом подарочной коробки Xinghui #n,
231,Qimeng Linghu · Хуаян,"Я помню, что цветы цветут по всем горам, а песня полна благоденствия. Прошли годы мимо дома тории, когда был смех и шум, а весенний свет расцвел в иенах.",,"Специальные изменения: Игра может реализовать функцию изменения цвета, изменение формы и состояния!","Аватарная рамка и эффекты тела: эксклюзивная аватарная рамка с большими красными камелиями, плавающими вокруг!","#cda5b0a изменение цвета: Нажмите левую кнопку изменения цвета, чтобы переключить лису в мягкое и сильное состояние #n.","#cda5b0a изменение цвета: нажмите левую кнопку изменения цвета, вы можете переключить лису в гламурное великолепное состояние. #n",#cda5b0a ограничено выходом подарочной коробки Xinghui #n,
232,Qimeng Linghu · Хуаян,"На высоте тысячи футов в мире цветут сакуры, и кровь восстанавливается. В поисках весеннего свечения, чтобы пробиться сквозь облака и туман, мечтая вернуться на край зеленых волн, зеленый пояс отражает молодое лицо.",,"Специальные изменения: Игра может реализовать функцию изменения цвета, изменение формы и состояния!","Аватарная рамка и эффекты тела: эксклюзивная аватарная рамка с темно-красными камелиями, плавающими вокруг!","#cda5b0a изменение цвета: Нажмите левую кнопку изменения цвета, чтобы переключить лису в мягкое и сильное состояние #n.","#cda5b0a изменение цвета: нажмите левую кнопку изменения цвета, чтобы переключить лису в непослушное наивное состояние #n.",#cda5b0a ограничено выходом подарочной коробки Xinghui #n,
233,Послесвечение девушки,"Когда-то она была ученицей Принцессы Вселенной. Хотя она пошла в объезд, она, наконец, исправилась, отбросила свои старые обиды и подружилась со своими бывшими противниками. Она олицетворяет сочувствие в Юане Гармонии.",,Фотография профиля: разблокировать фотографию профиля.,"Эффекты тела: апертура послесвечения, плавающая вокруг тела!",,,,
234,Трикси девушка,"Трикси - путешествующий волшебник, который владеет всеми видами сценической магии и творит чудесную магию для пони по всей стране. Ее прекрасный символ - Волшебная палочка со звездами и лунами, что означает ""трюк"", поэтому она может научиться любой магии.",,Фотография профиля: разблокировать фотографию профиля.,Эффекты тела: Волшебная энергия течет по вашему телу!,,,,
235,Сияющий броня мальчик,"Сияющий Доспех - старший брат Сумерек. Он связал себя узами брака с принцессой Инь Юнь. Он спокоен и ответственен. Теперь он правит Хрустальной империей с принцессой Инь Юнь. Его прекрасные символы - щиты и рассеянные звезды, а его волшебная сила сильна.",,Фотография профиля: разблокировать фотографию профиля.,"Эффекты тела: Сияющие звезды, дрейфующие от вашего тела!",,,,
236,Лумир,"Попробуйте сливочное мороженое и наблюдайте, как сияют огни. 
 Катайтесь на карусели, смейтесь и кричите вместе. 
 Фотоэлектрическое переплетение, отражающее радость времени в данный момент!",,Фотография профиля: разблокировать фотографию профиля.,Эффекты тела: Звезды плавают вокруг!,,,,
237,Люсия,"Понюхайте попкорн, гонитесь и играйте вместе. 
 Катайся на колесе обозрения и ты поймаешь солнце! 
 По душам, не бойтесь палящей жары и солнца перед вами!",,Фотография профиля: разблокировать фотографию профиля.,Эффекты тела: Звезды плавают вокруг!,,,,
238,"Дюймовочка, Тини","Маленькое тело, большое мужество. 
 Ловите сусликов и ловите птиц, следите за рыбой и гонитесь за козами. 
 Смотрите, как я иду по лесу и раскрываю секреты исцеления!",,Фотография профиля: разблокировать фотографию профиля.,Эффекты тела: Исцеляющая энергия течет по телу!,#cda5b0a ограничено выходом подарочной коробки Dream Building #n,,,
239,Лонг Сяобао,"Широкая улыбка - фирменное оружие Сяобао. 
 Мягкие молочные пельмени устраняют неприятности одним щелчком мыши. 
 Талисманы - это не то, чем вы можете быть, если хотите. 
 Во-первых, у вас не может быть меньше пустышек... Эй, ты не можешь быть соской, если ограбишь меня!",,Фотография профиля: разблокировать фотографию профиля.,"Эффекты тела: Золотые точки света, трепещущие на теле!",,,,
240,Танг Сан,"Нет никаких пустых духов, только мастера пустых духов!",,Фотография профиля: разблокировать фотографию профиля.,"Ходячие следы: Молниеносные следы остаются там, где вы идете.",#cda5b0a Douluo Continent Linkage Dress Up эксклюзивное действие: показать боевой дух! #n,,,
241,Маленький танец,"Привет, меня зовут Сяо Ву, танец танца.",,Фотография профиля: разблокировать фотографию профиля.,Эффекты тела: Розовые лепестки плавают вокруг!,#cda5b0a Douluo Continent Linkage Dress Up эксклюзивное действие: показать боевой дух! #n,,,
242,Сравните один с востоком,"Сильному мужчине, если вы не можете заставить его сдаться, лучше позволить ему спать вечно.",,Фотография профиля: разблокировать фотографию профиля.,Эффекты тела: вокруг плавают перья!,#cda5b0a Douluo Continent Linkage Dress Up эксклюзивное действие: показать боевой дух! #n,,,
243,Оскар,"Истинный гений получает высшую славу с рождения, и я просто провожу свою жизнь, приближаясь к этому свету.",,Фотография профиля: разблокировать фотографию профиля.,"Прогулочные следы: Оставляйте колбасные следы там, где идете.",#cda5b0a Douluo Continent Linkage Dress Up Exclusive Action: Release Soul Skill! #n,#cda5b0a только для #n,,
244,Ma Hongjun - аккорды,"Разве вы не слышали, что в травяном гнезде есть золотые фениксы?",Незаблокированные предметы можно получить через событие,Фотография профиля: Разблокировать фотографию профиля.,"Следы ходьбы: Оставляйте следы огня там, где вы идете.",#cda5b0a Douluo Continent linkage dress up exclusive action: show martial spirit! #n,,,
245,Киро,"Весенние волосы красиво висят в облаках и деревьях, а зимой розы закапывают, а ветки с нетерпением ждут возвращения ласточек. 
 Небеса уходят на землю, зима уходит в весну, 
 Вы хотите присоединиться к этому человеческому опыту?",,Фотография профиля: разблокировать фотографию профиля.,Эффекты тела: цветы глицинии плавают вокруг!,,,,
246,Дай Мубай,"Я хочу стать сильнее, достаточно сильным, чтобы защитить тебя и защитить больше людей.",@Null@,Фотография профиля: Разблокировать фотографию профиля.,Эффекты тела: Молния будет испускаться из тела!,#cda5b0a Douluo Continent linkage dress up exclusive action: show martial spirit! #n,,,
247,Чжу Чжуцин,"Я не хочу жить жизнью, устроенной другими, я хочу вырваться на свободу, поэтому я должен стать сильнее.",@Null@,Фотография профиля: Разблокировать фотографию профиля.,Особые эффекты для тела: фиолетовые светлые пятна разбросаны по телу!,#cda5b0a Douluo Continent linkage dress up exclusive action: show martial spirit! #n,,,
248,Нинг Ронгронг,"Прошлое не изменить, даже если я проведу всю свою жизнь, я оживлю тот свет!",@Null@,Фотография профиля: Разблокировать фотографию профиля.,Эффекты тела: Голубые точки света валят над телом!,#cda5b0a Douluo Continent linkage dress up exclusive action: show martial spirit! #n,,,
249,Версия слишком низкая,,,,,,,,
250,Версия слишком низкая,,,,,,,,
251,"Призрак тропического леса, Хуаньси","Слушайте голос от всего сердца, отпустите свою привязанность к совершенству, 
 Будьте в центре внимания толпы и фантома в глубине тропического леса. 
 Под хвостовым экраном в этот момент я возродился из пепла.",,"Изменения освещения: форма с окружающим освещением на карте, нажмите кнопку слева, чтобы просмотреть инструкции.","Фантом: когда окружающий свет больше 9, он превратится в сумеречный закат, нажмите кнопку слева для предварительного просмотра.","Эксклюзивные действия: на карте есть несколько эксклюзивных действий, нажмите кнопку слева, чтобы просмотреть связанные действия.",Avatar Frame: автоматически разблокировать динамический Avatar Frame при получении.,,
252,МакКормик,"Девушка-стимпанк, которая верит в технологии для изменения жизни и любит изобретать. Живая и милая в будние дни, но имеет абсолютную серьезность и преданность науке. Самая большая мечта - создать механические крылья, которые могут позволить человеческим существам свободно летать.",@Null@,Фотография профиля: Разблокировать фотографию профиля.,Эффекты для тела: золотые пятна света развеваются над телом!,@Null@,,,
253,"Уайт, Эрик","Строгий и серьезный характер заставляет его доверять только строгой теории и контролируемым практическим результатам. После многих расчетов и экспериментов Эрубай твердо верит, что летательный аппарат является эффективным средством для достижения полета, и насмехается над дикой идеей Мэй Кьюэна.",@Null@,Фотография профиля: Разблокировать фотографию профиля.,Эффекты тела: шестерни плавают вокруг!,@Null@,,,
254,Мечта,"Принять ванну в небе и говорить со звездами. 
 Искать тысячи цивилизаций и исследовать тайны вселенной. 
 Кто-то спросил, что такое конец света? 
 Я думаю, звездное небо - это чудо творения.",@Null@,Фотография профиля: Разблокировать фотографию профиля.,Эффекты тела: Космическая энергия исходит из тела!,@Null@,@Null@,@Null@,@Null@
255,Племенной орел кака,"Орлиное перо поразило небо, и скипетр облетел территорию. 
 Защита безопасности племени - моя заслуженная миссия!",@Null@,Фотография профиля: Разблокировать фотографию профиля.,Эффекты для тела: зеленая флуоресценция выходит из тела!,@Null@,@Null@,@Null@,@Null@
256,Вождь племени Нини,"Свеча гаснет без огня, и воск исчезает. 
 Все виды трудностей, амбиций все еще существуют? 
 Даже если дует ветер, мальчик ходит один!",@Null@,Фотография профиля: Разблокировать фотографию профиля.,Эффекты для тела: на теле плавают звезды!,@Null@,@Null@,@Null@,@Null@
257,Версия слишком низкая,,,,,,,,
258,Версия слишком низкая,,,,,,,,
259,Версия слишком низкая,,,,,,,,
260,Версия слишком низкая,,,,,,,,
261,Версия слишком низкая,,,,,,,,
262,Версия слишком низкая,,,,,,,,
263,Версия слишком низкая,,,,,,,,
264,Версия слишком низкая,,,,,,,,
265,Версия слишком низкая,,,,,,,,
266,Версия слишком низкая,,,,,,,,
267,Версия слишком низкая,,,,,,,,
268,Версия слишком низкая,,,,,,,,
269,Версия слишком низкая,"Летом бескрайний снег ищут, а в зимнее солнцестояние Суодзи прыгает с фейерверком. 
 Я слышал бурные аплодисменты тысяч людей и какое-то время не боялся освистывать и насмехаться. 
 За сумерками это я, танцую с закатом.",,"Изменения освещения: форма с окружающим освещением на карте, нажмите кнопку слева, чтобы просмотреть инструкции.","Phantom: Превратитесь в Phantom of the Rainforest, когда окружающий свет меньше или равен 9, нажмите кнопку слева для предварительного просмотра.","Эксклюзивные действия: на карте есть несколько эксклюзивных действий, нажмите кнопку слева, чтобы просмотреть связанные действия.",Avatar Frame: автоматически разблокировать динамический Avatar Frame при получении.,,
270,Гудонг,"Красная грязевая печь вьется с ароматом, неся все виды фейерверков в мире. 
 Используйте ингредиенты, чтобы исцелить тело и разум, и успокоить эмоции с помощью дыма. 
 Прекрасный вкус, который не остановить, заставляет людей кричать: 
 Такой свежий, такой острый, леди-босс добавляет овощи!",@Null@,Фотография профиля: Разблокировать фотографию профиля.,Специальные эффекты для тела: на теле плавают ингредиенты!,@Null@,@Null@,@Null@,@Null@
271,"Сливки Сладкий апельсин, Хизер",,,,,,,,
272,"Пруд в середине лета, раскрашенные бутоны",,,,,,,,
273,Михе,"Слегка кислое дыхание стимулирует кончики вкусовых рецепторов, 
 Зеленая мякоть образует сладкие гранулы. 
 Вы спрашиваете меня, это кисло? Это сладко? 
 Я думаю, это изменения в природе.",,Фотография профиля: разблокировать фотографию профиля.,Эффекты тела: Киви плавает вокруг!,,,,
274,Хурма азуса,"Осенний ветер закатывает золотые листья, 
 Аромат зарылся в носы пешеходов. 
 Всякий раз, когда возникает такая ситуация, 
 Это сезон созревания хурмы.",,Фотография профиля: разблокировать фотографию профиля.,Эффекты тела: Листья хурмы плавают по всему телу!,,,,
275,Келли,,,,,,,,
276,Снежное платье,"Белая пряжа летает, юбка цветет, 
 Завеса летающих в лесу бактерий, рассеянная споруляция, 
 Это все вкус счастья.",,Фотография профиля: разблокировать фотографию профиля.,Эффекты тела: Белые цветы и перья дрейфуют!,,,,
277,Бамбуковый шэн,"Ложь измучена, иллюзии пронизывают, 
 Улыбка под белым занавесом, интимное объятие, 
 Это как бы реально и как бы в маске.",,Фотография профиля: разблокировать фотографию профиля.,Эффекты тела: Белые цветы и перья дрейфуют!,,,,
278,Демон-дракон - Карпер,"Раньше он был героем убийцы драконов, но после долгой борьбы с драконами он превратился в дракона, став наполовину человеком и наполовину драконом. Он сопротивлялся искушению силы в крови дракона и придерживался своей собственной природы, но изменения в его теле по-прежнему вызывали страх среди жителей деревни. С новой жизнью Карпер начал искать новый дом.",,Эффекты тела: Игра может осуществить функцию деформации и переключить форму!,Фотография профиля: разблокировать фотографию профиля.,Эффекты тела: фиолетовый звездный свет исходит от вашего тела!,"#cda5b0a деформации: Нажмите кнопку деформации слева, чтобы превратиться в звездного дракона на экране неба! #n",#cda5b0a ограничено выходом подарочной коробки Dream Building #n,
279,Охотник за привидениями - Дэймон,"На Хэллоуин, когда путешествуют призраки, всегда есть злые духи с дурными намерениями. Со вспышкой света ножа все злые духи убиты под синим крючком и серпом. Помимо шума повсюду, он наблюдает за покоем фестиваля светящимся светом души.",,Фотография профиля: разблокировать фотографию профиля.,Эффекты тела: Синий огонь души вытекает из тела!,,,,
280,Орион,"""Джингл, джингл, джингл белс..."" 
 Напевая знакомые песни, развешивая светлые шары и ленты на высокой рождественской елке и самая большая звезда наверху, пусть Орион зажжет ее!",,Фотография профиля: разблокировать фотографию профиля.,Эффекты тела: Звезды плавают вокруг!,,,,
281,Фейфей,"Шаги светлее, чем тихие падающие снежинки, а неглубокие следы цветов сливы позади них еще прекраснее. 
 Одетая в специально подготовленные праздничные наряды, поведение Фейфея при ходьбе по снегу может быть более элегантным!",Разблокированные предметы могут быть получены через деятельность,Фотография профиля: разблокировать фотографию профиля.,"Ходячие следы: оставляйте отпечатки кошачьих лап там, где ходите.",,,,
282,Версия слишком низкая,"У Чжу Иня, солиста электрической рок-группы, есть два совершенно разных стиля исполнения: нежный и холодный, как бриз, ласкающий бамбуковые листья, или яростный и жестокий, как бамбуковые тени, дико танцующие под дождём.
Тот факт, что в теле есть две души, не может быть известен другим!",,Фотография профиля ： разблокировать фотографию профиля 。,#cda5b0a изменение цвета ： нажмите кнопку изменения цвета слева ， можете переключиться на состояние зеленого бамбука 。 #n,"#cda5b0a изменение цвета: Нажмите кнопку изменения цвета слева, чтобы переключиться в состояние сумерек. #n",,,
283,Версия слишком низкая,"У Чжу Иня, солиста электрической рок-группы, есть два совершенно разных стиля исполнения: нежный и холодный, как бриз, ласкающий бамбуковые листья, или яростный и жестокий, как бамбуковые тени, дико танцующие под дождём.
Тот факт, что в теле есть две души, не может быть известен другим!",,Фотография профиля ： разблокировать фотографию профиля 。,#cda5b0a изменение цвета ： нажмите кнопку изменения цвета слева ， можете переключиться на состояние ночной вишни 。 #n,"#cda5b0a изменение цвета: Нажмите кнопку изменения цвета слева, чтобы переключиться в утреннее состояние #n.",,,
284,Каштаны,"Нежная и робкая маленькая белочка отлично играет на скрипке в Музыкальной консерватории Акиба. Обычно она очень застенчива, но когда она играет на скрипке, кажется, что золотые музыкальные ноты мигают по всему ее телу.",,Фотография профиля: разблокировать фотографию профиля.,Эффекты тела: вокруг плавают золотые музыкальные ноты!,,,,
285,"Экстремальный Зверь Агент, Ло Цзе Цин","Элита клана Снежных Кроликов, безжалостная и гордая, является членом организации звездных агентов Гоманды - ""Экстремальная атака зверей"". Оружие представляет собой гелиевое орудие, сделанное кланом Snow Rabbit, с суперскоростным прицелом и хорошо стреляющее на большие расстояния.",,Фотография профиля: разблокировать фотографию профиля.,"Ходячие следы: Следы снежинки остаются там, где вы идете.",,,,
286,Рейна,"Абсолютный главный барабанщик электророк-группы, яростный барабанщик, как буря, - любимый стиль Рейны. Что касается электрического и легкого грома, который время от времени происходит во время выступления... Это действительно просто сценический спецэффект? 
 Неважно! Давайте вместе поедим вкусный рамен после шоу!",,Фотография профиля: разблокировать фотографию профиля.,Эффекты тела: Молния вспыхнет на теле!,#cda5b0a ограничено выходом подарочной коробки Dream Building #n,,,
287,Мэри Лу,"""Джингл, джингл, джингл белс..."" 
 На улицах звучат знакомые и веселые песни, рождественская вечеринка Мэрилу, хочешь прийти?",,Фотография профиля: разблокировать фотографию профиля.,Эффекты тела: Звезды плавают вокруг!,,,,
288,Алиса,"День обернут серебром, ожидая цветения морозных цветов. 
 Когда все тихо, ныряйте с китообразными. 
 Нет конца говорить о волшебстве зимы ~",,Фотография профиля: разблокировать фотографию профиля.,"Ходячие следы: кристаллы льда и снежинки остаются там, где вы идете.",#cda5b0a ограничено выходом подарочной коробки Dream Building #n,,,
289,Версия слишком низкая,,,,,,,,
290,Версия слишком низкая,,,,,,,,
291,Снег круглый,"Отправляйте подарки, радуйте и получайте красные конверты. 
 Не снег плывет, а новая зимняя одежда для всего!",,Фотография профиля: разблокировать фотографию профиля.,Эффекты для тела: Снежинки падают на ваше тело!,,,,
292,Бамбуковый взрыв,"писк, писк,
 Взорвались не петарды, а новый год и новая погода!",,Фотография профиля: разблокировать фотографию профиля.,"Специальные эффекты тела: китайские узлы, представляющие удачу, разбросаны по телу!",,,,
293,"Лорд Эгейского дворца, Канор","Папоротники гуляют по ночи под звук фортепиано, 
 Линмяо Чжоу Син разбросал спекулятивные звуки флейты. 
 Хвост рыбы и овечий рог называются рациональной логикой, 
 Хаос реконструирует оборонительные крепости.",,Фотография профиля: разблокировать фотографию профиля.,Эффекты для тела: Окружите себя силой Козерога!,,,,
294,"Ариас, Повелитель Серебряной Вазы","Высушенное воздухом вдохновение летит в страну фантазий, 
 Мечты и странные мысли бродят по галактике. 
 Подобно росе пузырей, зреющей в эфирной галактике, 
 Положите виноград в серебряную бутылку и выпейте сладкий агар.",,Фотография профиля: разблокировать фотографию профиля.,Эффекты для тела: Окружите себя силой Водолея!,,,,
295,Тан Кексин,"Золотую ложку взмахивают, сироп бросают, а снежного кролика энергично раскрашивают. 
 Гуду гуду, сладкий медный горшок, выпрыгивай из сказочного зверя-хранителя!",,Фотография профиля: разблокировать фотографию профиля.,Эффекты тела: вокруг плавают картины с сахаром!,,,,
296,Тан Кейи,"Цзинь Мо размахивал волосами, летели ножницы, а зверь, дующий сахар, был живым. 
 Замешивая и вытягивая, призывая к бессмертию, трепещущие искры и призывая к миру!",,Фотография профиля: разблокировать фотографию профиля.,Эффекты тела: вокруг плавают картины с сахаром!,,,,
297,Перо,"Говорят, что таинственная девочка, выросшая в рыбацкой деревне, обладает силой бога и в одиночку охраняет идолов и сокровища. Она добросердечна и добросердечна и смеется весь день, но она всегда очень спокойна перед лицом опасности, и ничто, кажется, не злит ее или не раздражает. Страшно.",,Фотография профиля: разблокировать фотографию профиля.,,,,,
298,Роннус,"Подросток, выросший в глубинке, с детства стремился к приключениям и любил исследовать неизвестное и нарушать правила. Следуйте по стопам четырех сыновей Мименга и капитана Тома на легендарный остров, где существует сокровище морского бога, решив найти сокровище и прославиться. по всему миру.",Разблокированные предметы можно получить через событие,Фотография профиля: разблокировать фотографию профиля.,,,,,
299,Soundwave,"Персонал разведки десептиконов владеет всеми разведывательными обменами десептиконов, и его лояльность и способности были подтверждены Мегатроном. Соник привел армию ленты: собаку-робота, лазерную птицу, растерянного духа летучей мыши и т. д. и получил автоботов. Разведка по многим важным планам действий.",,Фотография профиля: разблокировать фотографию профиля.,"Ходячие следы: следы логотипа лагеря останутся там, где вы идете.","#cda5b0a Summon: вы можете вызвать легион ленты и получить эффект усиления, нажмите левую кнопку для предварительного просмотра! #n",,,
300,Мунго,"Мягкие сливки выкладывают на дно чашки, а круглые фрукты срывают с веток. 
 Увлажняющий вкус и ароматные губы и зубы, золотистый цвет приносит сладость!",,Фотография профиля: разблокировать фотографию профиля.,Эффекты тела: Зерна манго плавают вокруг!,,,,
301,Сяо Юанер,"Исполняющий обязанности вице-президента Food Fun Star Dim Sum Association, помимо управления собственным магазином yuanxiao, также любит посещать другие магазины dim Sum. Как только будет найдено лучшее сырье, этой ночью он проведет исследования и разработки, а на следующий день запустит мероприятие по производству нового продукта. Что касается мероприятия, сколько это будет скидка? Извините, можно получить еще два, скидка? Это не сработает!",,Фотография профиля: разблокировать фотографию профиля.,Эффекты тела: Tangyuan плавают вокруг!,,,,
302,Версия слишком низкая,"Энергичная атака ， битва возбуждает хвостик и раскачивается ， ускоряющейся бомбардировки ， звук пули вызывает смех больше, чем 。 не ожидал ， маленькая лоли также может нести пушку ， спасти мир!",,Фотография профиля ： разблокировать фотографию профиля 。,Эффекты тела ： тело с любовью!,,,,
303,Версия слишком низкая,"Тщательный расчет ， 。 сзади сидит ， выигрывает тысячи миль 。 Ха? Сжатые кулаки ， потный лоб? Оказывается, холодный командир тоже неуверен 。",,Фотография профиля ： разблокировать фотографию профиля 。,Эффекты тела ： тела с боевой энергией!,,,,
304,Ребекка,"Белые бархатные кроличьи уши дрожали, а милая юбка раскачивалась. 
 Стеклянная конфетная бумага блестящая, и приходит молочное чудо. 
 Jingling Jingling ~ Волшебная девушка-кролик, трансформируйся!",,Фотография профиля: разблокировать фотографию профиля.,Эффекты тела: вокруг плавают кроличьи тюлени!,,,,
305,Версия слишком низкая,,,,,,,,
306,"Священный путеводитель по волшебной лозе, Фелиция","Когда желанна красота, жадные лица грабят жизнь, 
 Когда цветы отвергаются, необузданная грязь оскверняет страну чудес. 
 Приветствуйте возвращение цветочного духа и омолодите тысячу цветов. 
 Когда цветы в полном расцвете, бабочки стоят.",,"Изменения освещения: форма с окружающим освещением на карте, нажмите кнопку слева, чтобы просмотреть инструкции.","#cda5b0a Transform: Преобразуйтесь в секретный дух, когда окружающий свет больше 9, нажмите кнопку слева для предварительного просмотра #n.","#cda5b0a эксклюзивный автомобиль: Нажмите кнопку слева, чтобы использовать эксклюзивный автомобиль-мастер #n.","#cda5b0a Эксклюзивное действие выражения: на небо падает лепестковый дождь, нажмите левую кнопку для предварительного просмотра #n.",#cda5b0a ограничено выходом подарочной коробки Xinghui #n,
307,"Загадочный эльф, Фелиция","Цветы полны шипов, чтобы перестать жаждать в глубине моего сердца, 
 Только когда он богат и содержит токсичность, он может иметь способность сопротивляться. 
 Во вспышке вдохновения превратите атаку в помощь. 
 Несколько дней размышлений, создание новой эры магии.",,"Изменения освещения: форма с окружающим освещением на карте, нажмите кнопку слева, чтобы просмотреть инструкции.","Преобразование #cda5b0a: когда окружающий свет меньше или равен 9, превратитесь в направляющую Magic Vine Saint, нажмите кнопку слева для предварительного просмотра #n.","#cda5b0a эксклюзивный автомобиль: Нажмите кнопку слева, чтобы использовать эксклюзивный автомобиль-мастер #n.","#cda5b0a Эксклюзивное действие выражения: на небо падает лепестковый дождь, нажмите левую кнопку для предварительного просмотра #n.",#cda5b0a ограничено выходом подарочной коробки Xinghui #n,
308,Валена,"Дыши и чувствуй ритм ветра,
Прикоснитесь к природным реликвиям своими руками.
Рискуйте и пишите бесплатные главы.",,Фотография профиля: разблокировать фотографию профиля.,"Ходячие следы: оставьте кошачьи следы там, где вы идете.",,,,
309,Отмечайте,"Прислушайся к голосу леса,
Шаг в ничейную землю под луной.
Идите против толпы и исследуйте секреты природы.",,Фотография профиля: разблокировать фотографию профиля.,"Ходячие следы: оставляйте следы щенков там, где ходите.",,,,
310,Эрин,"Роса поднималась по травинкам и качалась на ветру.
Земля стряхивает морозные зерна, и весна распускается!",,Фотография профиля: разблокировать фотографию профиля.,Эффекты тела: редиска порхает по телу!,,,,
311,Элтон,"Солнце светило на ферме, а птицы щебетали.
Лопата переворачивает почву, а пот порождает надежду!",,Фотография профиля: разблокировать фотографию профиля.,Эффекты тела: редиска порхает по телу!,,,,
312,Цинюнь,"Сгущающая кисть живопись растяжка, тонкая цветная живопись эмалью.
Дверь печи сжигает новую рифму, а экспозиция - Чжу Жун Фан.",,Фотография профиля: разблокировать фотографию профиля.,"Эффекты тела: Пятно света, трепетающее на теле!",,,,
313,Версия слишком низкая,,,,,,,,
314,Версия слишком низкая,,,,,,,,
315,му му му,"Пой на ветру и танцуй в метель.
Имейте самые мягкие волосы и играйте с самым острым кинжалом.
Привет со снежного плато, мой друг.",,Фотография профиля: разблокировать фотографию профиля.,Эффекты тела: Снежинки порхают по телу!,,,,
316,Хуа Цици,"Уф ~ Уф ~ Взорвите все желания, которые хотите реализовать, в воздушный шар.
В ближайшие дни мы также должны играть вместе ~
В конце концов... каждый день с тобой мое желание сбывается.",,Фотография профиля: разблокировать фотографию профиля.,Эффекты тела: Звездный свет порхает на теле!,,,,
317,чистая вода зеленая,"Бесконечное небо и вода голубые, а маленькие горы зеленые.
Волны дыма содержат зеленый цвет, и Ши Цзянь шокирован фотографиями.",,Фотография профиля: разблокировать фотографию профиля.,Эффекты тела: Золотые треугольники разбросаны по телу!,,,,
318,тортик,"Теплая вечеринка, горячая вечеринка. Мименг Коала, передай счастье!
С тортом, со сладкой мелодией, спой на сегодня ~",,Фотография профиля: разблокировать фотографию профиля.,Эффекты тела: Звездный свет порхает на теле!,,,,
319,Рисовая фасоль,"Кашель кашель, интервью,
У кого из друзей болит зуб от употребления слишком большого количества сахара?
Шоколадные чипсы - это хорошо, но больше нельзя есть ~",,Фотография профиля: разблокировать фотографию профиля.,Эффекты для тела: Шоколадные чипсы плавают вокруг!,,,,
320,Побег,"Убийство - не мое намерение.
Грех, реки и озера будут судить по себе.
Ветер холодный, как лезвие, и меч проходит бесследно.
Сегодня разборки!",,Фотография профиля: разблокировать фотографию профиля.,"Эффекты тела: пятна зеленого света, развевающиеся на теле!",,,,
321,Нипро,"Мягкие волосы очаровательны для глаз и похожи на падающую вишню.
Не спрашивайте мое кодовое имя, я Роуг Фея № 1.
Демон или рыцарь? Моя личность зависит от вас.",,Фотография профиля: разблокировать фотографию профиля.,Эффекты тела: Звездный свет уходит из тела!,,,,
322,Бофилл,"Превратить камень в золото не сложно, у добра и зла долгие взлеты и падения, белая бумага становится черными персонажами, а магия не меняет мораль. Если милота не может сдвинуть вас с места, то я разыграю магию. Перемены!
Это хорошая карта, а не для плохого парня.",,Фотография профиля: разблокировать фотографию профиля.,Эффекты тела: карты плавают вокруг!,,,,
323,"Император моря, Линси","Мрачно чувствуя тепло зимой, я поднял голову к озеру.
Идите играть с цветными ракушками и повсюду слушайте звук нового лотоса.",,"Специальные изменения: Игра может реализовать функцию преобразования, изменить форму и состояние!","#cda5b0a трансформация: вы можете превратиться в форму русалки в воде, нажмите кнопку слева для предварительного просмотра! #n",Талант: Может стимулировать специальные родословные и свободно дышать под водой!,Avatar Frame: автоматически разблокировать динамический Avatar Frame при получении.,#cda5b0a Ограничено производством Звездного Пака#n.,
324,"Плачущая жемчужина Бессмертная, Линси","Пить ночью, чтобы растворить луну, и подвешивать флуоресцентные шарики.
Бог пожалел трусость Фендая, и слезы превратились в Джинзе Дью.",,"Специальные изменения: Игра может реализовать функцию преобразования, изменить форму и состояние!","#cda5b0a трансформация: его можно преобразовать в естественную форму на суше, нажмите кнопку слева для предварительного просмотра! #n",Талант: Может стимулировать специальные родословные и свободно дышать под водой!,,#cda5b0a Ограничено производством Звездного Пака#n.,
325,Хайн,"Танцуя на ветру, как шелк,
Дно моря скрыто, как нефрит.
Излучая легкость морским бризом,
Нет никаких следов каких-либо блужданий.",,Фотография профиля: разблокировать фотографию профиля.,Эффекты тела: Пузыри плавают вокруг!,#cda5b0a Ограничено производством Dreamer Pack#n.,,,
326,Халви,"Прогуливаясь по границе жизни и смерти, душа плавает в тысячах нежити.
Крылья храбрости расцветают блестяще, злые мысли поднимаются, и они ревут прочь.
Сломанные раны требуют исцеления доверия.
Это пронзительное разочарование уже проникло в мои легкие и застонало тихим голосом.",,Фотография профиля: разблокировать фотографию профиля.,Эффекты тела: Черные перья порхают из тела!,,,,
327,Гленни,"Протрите плечо черной розой, откройте Пандору, кость летучей мыши татуировки души, и улыбка сгорит на черепе.
Рожденный в сумерках, скрытый под утро - темнота - моя судьба.
Сакура красная и пронзительная побелка, скелет и панк сосуществуют.",,Фотография профиля: разблокировать фотографию профиля.,Эффекты тела: Летучие мыши и розовые сердца порхают вокруг!,"Настройка: после получения, вы можете свободно соответствовать задней украшения, украшения лица, ювелирные изделия и другие части в [Настройка]!",,,
328,Большой Марс,"Круговорот судьбы, шестерни никогда не вращаются непроизвольно, но он предпочитает издеваться над этим нелепым будущим.
Бит - это лезвие, лирика - пули, а ""головорезы"", которые никогда не сражаются, используют музыку, чтобы разбудить оцепеневший город.
Может сны всегда проснутся, но сейчас не время",,Фотография профиля: разблокировать фотографию профиля.,"Ходячие следы: оставьте следы звездного света там, где вы идете.",,,,
329,Марлен,"Под великолепным прожектором разрешено петь только одни и те же гимны, а улицы бродят, а ее кричащая электрогитара ревет истинную боль и красоту жизни.
Так что, если его не признают? Мятежную и свободную душу наверняка привлечет пение Марлен, и она разорвет оковы.",,Фотография профиля: разблокировать фотографию профиля.,"Ходячие следы: оставьте следы звездного света там, где вы идете.",,,,
330,Человек-лист Xiaomi,"Надев любимую форму супергероя, человек-лист Сяоми, который остается верен справедливости, отправляется в путь!",,Аватар: Разблокировать Аватар,Эффект тела: Золотые световые пятна вокруг вас!,,,,
331,Ангел,"Ангел, отягощенный мутировавшими крыльями, был спасен механизированным солдатом. Вместе они боролись за защиту последнего оплота человечества, символизирующего надежду.",,Аватар: Разблокировать Аватар,Эффект на теле: Белые перья вокруг тела!,,#cda5b0a Взаимодействие: Можно вызвать интерактивные действия с Исаией!#n,,
332,Исайя,"Вовлеченный в постоянные сражения с существами-мутантами круглый год, Исайя борется с тем же вирусом, который разъедает его тело и даже разум...",,Аватар: Разблокировать Аватар,Эффект на теле: Кубики энергии вокруг тела!,,#cda5b0a Взаимодействие: Можно вызвать интерактивные действия с Ангелом!#n,,
333,Barricade,"Баррикейд - боец-десептикон, который с первого взгляда может видеть сквозь людей и использовать доверие людей, чтобы обмануть их. Он также любит рвать противников в клочья мощным оружием и гидравлическими руками.",,Фотография профиля: разблокировать фотографию профиля.,Эффекты тела: Молния порхает на теле!,"#cda5b0a деформации: Нажмите кнопку деформации слева, чтобы переключить форму робота / автомобиля! #n",,,
334,Кекси Сияющая Девушка,"Кекси Гуанхуэй имеет прекрасный внешний вид, а шахматная тележка - ее прекрасный символ. Амбициозная, она манипулирует дружбой как силой и в конце концов терпит поражение и превращается в каменную статую.",,Фотография профиля: разблокировать фотографию профиля.,Эффекты тела: Пламя развевается!,,,,
335,Apple Lili Girl,"Apple Lili - сестра Apple Jia 'er и один из основателей Cute Legion. Помимо помощи в сборе яблок в сладком яблочном саду, она также будет усердно работать над милым логотипом вместе с милым ребенком и привлекательной Лулу.",,Фотография профиля: разблокировать фотографию профиля.,Эффекты тела: Цветы разбросаны по телу!,,,,
336,Девушка из снежного сердца,"Сердце Снега - дочь принцессы Сияющей Брони и Фонологии, названная в честь хрустальной церемонии, когда она криком разбила хрустальное сердце. После этого ее магия стабилизировалась, и этого больше не повторилось.",,Фотография профиля: разблокировать фотографию профиля.,Эффекты тела: Розовые точки света развеваются на теле!,,,,
337,"Принц Акайя, Ляньшэн","В этом хаотичном мире
Не бойтесь раненых детей
Кто хочет снова навредить людям
Над рекой и над морем его не пощадят!",,"Специальные изменения: Игра может реализовать функцию преобразования, изменить форму и состояние!","#cda5b0a обесцвечивание: Божественная способность: переключаемая ювенильная форма, нажмите кнопку слева для предварительного просмотра #n.",,,,
338,"Lingze Мальчик, Liansheng","Все существа смотрят на меня
Невежественный и беззаботный
Цветок лотоса позади меня цветет
Осенний ветер и волны всколыхнули много ветра и облаков.",,"Специальные изменения: Игра может реализовать функцию преобразования, изменить форму и состояние!","#cda5b0a можете переключить взрослую форму, нажмите кнопку слева для предварительного просмотра #n.",,,,
339,Шаохуа,"Пучок мокса мягко дергает орхидеи, и цветы Цзяяна внезапно размножаются.
Yuelang Dragon Boat Dragon Boat Festival Tour, пять шелковых пельменей и прозрачная яшма.
Удерживайте вентилятор Хуаньси, чтобы рассеять тепло, и красное солнце спускается, чтобы вспомнить древние равнины.",,Фотография профиля: разблокировать фотографию профиля.,Эффекты тела: Зеленые листья развеваются на теле!,,,,
340,Дорис,"Пробираясь по улицам с посланиями издалека, мне нужна лишь улыбка адресата в качестве поддержки.",,Аватар: Разблокировать,Эффект тела: Конверты вокруг вас!,,,,
341,Доле,"Музыка радостей и печалей достигла каждой семьи.
Послания доставлялись вовремя со звоном колокола.
Как носильщик, мой долг - бережно хранить каждое письмо.",,Аватар: Разблокировка,Эффект тела: Конверты вокруг вас!,,,,
342,Ламберт,"С помощью звезд и силы воли астрология начинает работать.
Колеса судьбы переплетаются, предсказывая круговорот судьбы.
Легенды о будущем никогда не исчезают. И я, в поисках того, что было потеряно.",,Аватар: Разблокировать,Эффект тела: Звездные огни вокруг вас!,,,,
343,Мартини,"Когда Мартини впервые стал охотником за головами, его первоначальным намерением было защищать тех, кто не мог защитить себя сам. Во время сражения с генетически модифицированным динозавром он получил серьезные повреждения суставов. Однако череп динозавра, который он носит с собой, вселяет страх в сердца самых отъявленных преступников.",Разблокируемые предметы через мероприятия,Аватар: Разблокировать,Эффект тела: Светлые пятна вокруг вас!,,,,
344,Священное небо,"Священный Небосвод - лидер отряда Гигантской Неукротимости, победил Тираннозавра, справедлив и храбр.",,Аватар: Разблокировать.,Эффект для тела: из-за спины вспыхивают пламя！,"#cda5b0aПреобразование: Кнопка слева, робот/транспорт! #n",,,
345,"Летняя песня, Сон","Летний ветер сквозь одежду и волосы, встречая красоту неожиданно.",,Аватар: Разблокировать.,Вокруг тела цветы!,,,,
346,Танцующие звезды Белинда,"На скейте под музыку, в небе над землей!",,Аватар: Разблокировать.,Эффект для тела: Вокруг тела парят ноты!,,,,
347,"Ленивое теплое, Пани","Устал, хочу в постель.",,Аватар: Разблокировать.,Пузырьки сонливости вокруг!,,,,
348,"Привет, Китти Лорна",Лента нравится? Не в подарок!,,Аватар: Разблокировать.,Эффект для тела: Вокруг тела летают лепестки!,Цветочные следы ходьбы.,,,
349,Синнаморолл Нимо,"Парящие лепестки, остановленное время.",,Аватар: Разблокировать.,Вокруг тела цветы!,Следы сладких конфет при ходьбе.,,,
350,Галан,"Прошлые пещеры, принц преодолел, страдания пройдены, удивительный сон.",,Аватар: Разблокировать.,Эффект для тела: Вокруг тела парят ноты!,"На заказ: После покупки можно комбинировать украшения для спины, лица и руки.",,,
351,Клубника Тентен,"Три волны жары - лето, без свежести. Зеленая кожура, красная груша, сладкий песок. Аромат фруктов смягчает жару, входит, сверкая.",,Аватар: Разблокировать.,Эффект на теле: вокруг распространяется запах арбуза!,,,,
352,Эйден,"Командир ведёт, лояльность не контролирует. Смел, стремится к победе. Контратака или преследование, судьбу меняют мгновенно.",Разблокированные предметы можно получить по событию,Аватар: Разблокировать.,Эффект на теле: светящиеся точки вокруг тела!,,,,
353,Tylnos,"Полупородный потомок плотоядного тираннозавра рекс обладает величественной внешностью и одиноким сердцем. Когда компаньон читает его сердце, он также покажет очень нежную сторону ~",,Аватар: разблокировать аватар.,Эффекты тела: Аромат барбекю распространяется по телу!,,,,
354,Трисно,"Травоядная девочка-динозавр смешанной расы, простой и слабый характер, не любит споров и начинает смело бороться за то, что хочет, при поддержке своего компаньона Теноса.",,Аватар: разблокировать аватар.,Эффекты тела: Зеленые листья развеваются на теле!,,,,
355,"Капитан Хён Ю, Янь Жуй","Ветер уносит лес и начинается заклинание,
Тюлень сна в конце концов проснется.
Послушайте, капитан Сюань Е Сяо.
Смыть боль лета и лета.",,"#cda5b0a Transformation: Функция преобразования может быть реализована в игре, нажмите кнопку слева для предварительного просмотра! #n","Эффекты тела: Кленовые листья разбросаны по телу, оставляя следы в масках там, где вы идете!",Талант: Может пробудить запечатанную духовную силу и противостоять ледяному урону!,Avatar Frame: автоматически разблокировать динамический Avatar Frame при получении.,,
356,"Кленовый лис Красная ночь, Яньруи","Ванли Фэнхоу пьет ледяную росу.
Кусок траура,
Зимние дикие холодные кости.
Не более чем мысль о спасении жизней!",,"#cda5b0a Transformation: Функция преобразования может быть реализована в игре, нажмите кнопку слева для предварительного просмотра! #n","Эффекты тела: Кленовые листья разбросаны по телу, оставляя следы в масках там, где вы идете!",Талант: Может пробудить запечатанную духовную силу и противостоять ледяному урону!,Avatar Frame: автоматически разблокировать динамический Avatar Frame при получении.,,
357,Синтия,"Дирижер звезды и луны, который использует магию лунного света, - новый маг королевской церемонии. Когда она машет скипетром со звездами и лунами в руке, музыкальные ноты звезд и лун, которые она читает, будут окружать сторону платья. Она из города за пределами королевства. Она целый день со звездами и лунами, а ее облачные пушистые волосы - символ ее сладости.",,Аватар: разблокировать аватар.,Эффекты тела: Звездный свет уходит из тела!,Аватар-кадр: Разблокируется автоматически.,,,
358,Сколл,"Сколл всегда мечтал исследовать вселенную. Сегодня он наконец осуществил свою мечту. Он подобрал космический корабль, отремонтировал космический корабль с помощью превосходных технологий, а затем сразу же отвез космический корабль во вселенную. В тот момент, когда он прорвался по небу, он увидел звезды и почувствовал прекрасный свет, и все это его взволновало.",,Аватар: разблокировать аватар.,Эффекты тела: Звезды плавают вокруг!,,,,
359,Скарлетт,"Крутая девушка Sunshine с яркими рыжими волосами в форме осьминога, которые головокружительно светятся на солнце. Она любит исследовать все виды спорта в мире, особенно скейтбординг. Она умеет умело кататься на скейтборде и плавать между различными препятствиями. Она самая крутая девушка на скейтборде в квартале.",,Аватар: разблокировать аватар.,Эффекты тела: Осьминог плавает вокруг!,,,,
360,"Лето, Фиона","Фиона, выросшая у моря, солнечная и свободная, любит играть с водяными пистолетами, но под ее милой внешностью - фанатичное сердце
Я... наконец-то могу играть в свое удовольствие!
Ты... хотите со мной тоже поиграть?",,Аватар: разблокировать аватар.,Эффекты тела: Пузыри плавают вокруг тела!,,,,
361,Бонни,"Ниже красивой внешности скрываются опасности, не путайте.",,Аватар: разблокировать аватар.,Эффекты тела: В окружении великолепного света!,,,,
362,Red Devil Yami,"Маленький красный дьяволенок Генки очень любит спорт. Не боится холода, поэтому является самым активным посетителем клубов, только в возбужденном состоянии может извергать пламя.",,Аватар: разблокировать аватар.,Body FX: В окружении чистых белых снежинок!,,,,
363,Снежный эльф,"Эльфы, живущие в глубине ледяного и снежного леса, робкие и завернутые в белоснежный пух, и мало кто может увидеть их истинное лицо.",,"Специальное преобразование: Опыт морфинга в игре, изменение вашего внешнего вида и статуса!","#cda5b0a Маскировка: Переключитесь на зимний облик эльфа, нажмите на левую кнопку для предварительного просмотра. #n",Характеристика: Неуязвимость к морозу!,Специальный материал: одежда с сияющими ледяными кристаллами.,Аватар-кадр: Разблокируется автоматически.,
364,Зимний эльф,"Благословенный маленький ледяной кристалл превращается в прекрасного зимнего эльфа, несущего сумку, полную маленьких снежинок, посыпая мягкими снежинками мир, добавляя нотку веселья к монотонным зимним цветам.",,"Специальное преобразование: Опыт морфинга в игре, изменение вашего внешнего вида и статуса!",#cda5b0a Трансформация: Нажмите левую кнопку для предварительного просмотра формы ледяного духа. #n,Особенность: Зимний эльф не поддается морозу!,Специальный материал: одежда с сияющими ледяными кристаллами.,Аватар-кадр: Разблокируется автоматически.,
365,Розовый,"Принцесса страны темной ночи всегда окружена кроваво-красными лепестками, сок роз красит юбку в красный цвет, она танцует в лунном свете с ароматом цветов и обладает таинственной силой вечной жизни.",,Аватар: разблокировать аватар.,Эффекты тела: Розы разбросаны по телу!,,,,
366,Валентина,"Мальчик, убивающий драконов, которого много лет контролируют демоны, всегда жил вдали от людей и в одиночестве, чтобы не навредить невинным. Всякий раз, когда он чувствует запах крови, он не может контролировать демоническую энергию в своем теле. Придя в сознание, он всегда очень раздражен, но с ростом и постепенной победой над демонами мальчик, убивающий драконов, в конце концов стал драконом.",Разблокированные предметы можно получить по событию,Аватар: разблокировать аватар.,Эффекты тела: Перья развеваются по телу!,,,,
367,высокое соотношение,"Таинственная карта желаний, призывающая мага Гоби исследовать неизвестную магию. Чтобы войти в этот романтический и таинственный новый мир, Гоби начинает путешествие к морю звезд.",,Аватар: разблокировать аватар.,Эффекты тела: Звездный свет уходит из тела!,,,,
368,,,,,,,,,
369,"Алое небо броня, Хуа Мулан","Серебряные и железные лошади, боевые барабаны, шипы лошадей и люди кипят, мечи и мечи.
На поле битвы из плоти и крови я никогда не боялся, только потому, что я несу свою семью и страну на спине, только бесчисленными поздними ночами одиночество и тоска будут капать из уголков моих глаз слезами.",,"Специальные изменения: Игра может реализовать функцию преобразования, изменяя форму и состояние!","#cda5b0a переодевание: вы можете переключить форму будуара, нажмите кнопку слева для предварительного просмотра #n.","#cda5b0a эксклюзивный голос: эксклюзивный голос будет воспроизводиться на карте, нажмите кнопку слева, чтобы прослушать! #n",Avatar Frame: автоматически разблокирует Dynamic Avatar Frame при получении.,,
370,"Юэ Джин Ду Мэн, Хуа Мулан","Кто сказал, что дочь не так хороша, как Ланг? Дочь семьи Хуа от природы женщина, которая не позволяет мужчине! Жесткая женщина может пойти более трудным путем, чем обычная женщина, но ради своей семьи и страны все того стоит",,"Специальные изменения: Игра может реализовать функцию преобразования, изменяя форму и состояние!","#cda5b0a переодевание: вы можете переключить военную форму, нажмите кнопку слева для предварительного просмотра #n.","#cda5b0a эксклюзивный голос: эксклюзивный голос будет воспроизводиться на карте, нажмите кнопку слева, чтобы прослушать! #n",Avatar Frame: автоматически разблокирует Dynamic Avatar Frame при получении.,,
371,Простая пшеница,"Dessert Planet Trainee Magician. Он лучше готовит щелочной хлеб на водной основе, а также является поклонником ханьфу. В настоящее время качество еды, приготовленной с помощью заклинаний, нестабильно, и часто бывают неожиданные сюрпризы.",Разблокировать через ивент,Аватар: разблокировать аватар.,Эффекты тела: тело дрейфует с щелочными водными узлами!,,,,
372,Взрыв,"Хит каждый выстрел!
Посмотрите внимательно, вам точно понравится этот шарик!",,Аватар: разблокировать аватар.,Эффекты тела: Пламя развевается из тела!,,,,
373,Саралина,"Безрезультатный боулер!
Возьми, это мой подарок тебе!",,Аватар: разблокировать аватар.,Эффекты тела: Искры вырываются из головы!,,,,
374,Милая девочка,"Милая - редкая сестра, которая всегда помогает ей, но в девяти случаях из десяти она ошибается. Она является одним из основателей ""Прекрасного легиона"" и обычно ищет свои таланты с Эппл Лили и привлекательной Лулу, но ее самое большое желание - жить счастливо со своей сестрой.",,Аватар: разблокировать аватар.,Эффекты тела: плавающие музыкальные ноты тела!,,,,
375,Поразительная девушка Лулу,"Более предприимчивая, чем эмоциональные истории, Лулу всегда энергична и мальчишеска. Хотя ее летные навыки очень ограничены, она может умело использовать свои крылья, чтобы помочь ей продвигать флайборд и выполнять серию сложных движений.",,Аватар: разблокировать аватар.,"Эффекты тела: Пятно света, трепетающее на теле!",,,,
376,,,,,,,,,
377,,,,,,,,,
378,Шанжу,"Круглая, пухлая
Фиолетовое красное пальто с белоснежной мякотью,
Кисло-сладкое вплетается в сердце,
Это аромат природы.",,Аватар: разблокировать аватар.,Боди-эффект: по телу разбросаны цветы Мангхута!,,,,
379,Мяу Менг Кухня,"Шеф-повар Мяу Мэн, происходящий из известной кулинарной семьи, будет радовать гурманов, пока он появляется. Его знаменитая поговорка: ""Всю рыбу в моих руках можно превратить во вкусные блюда"".",,Аватар: разблокировать аватар.,Следы кошачьих лапок везде.,,,,
380,"Экстрим Зверь Агент, Няня","Элитная медицинская команда из семейства коз, ее технологическая доска может видеть всех агентов, которых необходимо лечить. Когда возникает ненормальная ситуация, они немедленно отправляются и лечат ее, распыляя восстановительный раствор.",,Аватар: разблокировать аватар.,,,,,
381,SENRO,"Таинственный посланник пустоты, необъятности вселенной имеет свои убеждения, и по этой причине он предпочел бы пожертвовать собой тьме. Бесплодная планета - его одинокая тюрьма, но она не может удержать его от любопытства в мире. Не пытайтесь поймать его, потому что то, что вы видите, всегда просто его призрак.",,Аватар: разблокировать аватар.,Эффект на теле: Энергия пустоты.,,,,
382,Принцесса льда - Алина,"Алина - принцесса, окруженная ледяными снежинками. Она имеет открытый и мягкий характер и любима лесными эльфами. Она является душой леса, излучает тепло и доброту, становится лидером в сердцах людей.",,Аватар: разблокировка аватара.,Оптические эффекты тела: она окружена белоснежными снежинками!,Особенности: принцесса льда не подвержена никаким морозам!,Кадр аватара: автоматически разблокируется после получения.,Следы: за собой оставляет множество разноцветных следов.,
383,Ледяная принцесса · Эвелин,"Ивелин - ледяной рыцарь, как младшая сестра, она скрытная и устойчивая личность, которая любит скрываться в лесу. Она является надежной опорой для своей старшей сестры Элены только в кризисных ситуациях.",,Аватар: разблокировать аватар.,Эффект особенности: всё тело покрыто белоснежной снежинкой!,Особенности: ледяная принцесса не подвержена влиянию заморозки!,Кадр аватара: автоматически разблокируется динамический кадр аватара.,,
384,Господин Близнецовых Рыб Исид.,"Водный стих - легенда о любви. Тотем Звездного моря, где кричат души. Этот древний страж океанов одновременно является и освободителем, и мучеником.",,Аватар: Разблокировать Аватар,Эффект на тело: тело окутано энергией Рыбы!,,,,
385,Владычица Двойной Рыбы Хелена,"Рожденная в Рыбах, посланник моря.
Слезы падают в огромный океан, где рыбы ощущают горе.
Среди огромного звездного пространства она танцует под шепот рыб.",,Avatar: Разблокировать аватар,Эффект тела: тело окутано энергией Рыб!,,,,
386,Страж Пустоты Серина,"В эту ночь космической пустоты колоду перетасовывают. 
Время циклически, наводнили кошмары, и злое война приближается. 
Мое нападение быстрое и мимолетное, как тень во тьме.",,Особое преобразование: Измените внешность и статус в игре!,"#cda5b0aСмена костюма: Переключитесь на наряд ""Пустота Тени"". Нажмите левую кнопку для предварительного просмотра.#n","Превращение: Нажмите кнопку слева, чтобы превратиться в зверя.","#cda5b0aЭксклюзивное озвучивание: Эксклюзивное озвучивание воспроизводится на карте. Нажмите левую кнопку, чтобы прослушать!#n","Аватар-кадр: Разблокируйте скин, чтобы получить эксклюзивный аватар-кадр!",
387,Воид Шадоу Серина,"Разбросанные по ночному небу звезды пропитаны энергией пустоты.
Стела на ночном небе прошептывает заклинание воскрешения.
Танцующие длинные волосы ткут мою броню из теней.",,"Особое преобразование: Сделайте морфинг внутри игры, измените свой внешний вид и статус!",#cda5b0a Смена костюма: Переключитесь на наряд хранителя пустоты. Нажмите левую кнопку для предварительного просмотра. #n,"Преобразование: Нажмите на кнопку слева, чтобы превратиться в зверя.","#cda5b0a Эксклюзивная озвучка: Эксклюзивная озвучка будет играть на карте. Нажмите левую кнопку, чтобы прослушать! #n","Аватар-фрейм: Разблокируйте скин, чтобы получить эксклюзивный аватар-фрейм!",
388,Изысканные цветы,"Перевод:
Меняю судьбу в спектакле, защищаю Родину в реальной жизни.
Я - Принцесса Цветов, танцующая внутри павильона.
- Совместный скин ""Принцесса Цветов"" из оперы Хунань",,Аватар: Разблокировать Аватар,Эффект тела: Вокруг вас цветы!,,,,
389,Long Yu,"Понимать все на экзаменах, всегда угадывать правильно, всегда сдавать, сияют удачные звезды~",,Аватар: Разблокированный аватар.,Спецэффект для тела: вокруг тела летают золотые монеты!,,,,
390,Ли Яо,"Кто сказал, что у рыбы только семь секунд памяти! Эй, кто только что дал этот красный конверт?",,Аватар: Разблокировать аватар.,Эффект тела: золотые точки плавают вокруг тела!,,,,
391,,,,,,,,,
392,,,,,,,,,
393,,,,,,,,,
394,Берри Свитхарт,"Истинная личность Берри Свитхарт заключается в ее роли эльфа-пирог с ягодами. Она удовольствуется скрывая свои таланты, раскрывая их только тогда, когда никого нет поблизости. В тайне она создает сладкие пироги на длинной скамье с помощью магии.",,Аватар: Разблокировать аватар,Эффект на теле: Ягоды окружают тело!,,,,
395,Анжелика,Анжелика выступает в качестве посланницы из небесной сферы. Её задача - передавать сообщения любви и надежды смертным. Своими целительными способностями она лечит раны людей и приносит тепло и свет в их сердца.,,Аватар: Разблокировать аватар,Эффект тела: Вокруг вас циркулирует целебная энергия!,,,,
396,Мини - Багровый Военный Самолет,"Механический формат жизни, который приоритезирует скорость и огневую мощь. Его весь багровый корпус напоминает истребитель высокой скорости. Четыре энергетических клинка интегрированы по обе стороны от его фюзеляжа, готовые порезать врагов.",,Аватар: Разблокировать аватар,Эффект на тело: Пламя танцует вокруг тела!,"Преобразование: Нажмите на кнопку, чтобы превратиться в режим истребителя.",,,
397,Драконья мода,"Как непривычный авангардист, он несет мечты через земли, принося возможности тем, кто ищет инновации.",,Аватар: Разблокировать аватар,Эффект кожи: душ из золотых монет обрушивается вокруг!,,,,
398,Фиттер,"Отец Фиттера возглавляет клан убийц на континенте Норланд. Когда его родители пропали в битве с монстрами Пустоты, Фиттер начал путешествие в таинственное пространство Пустоты, чтобы найти их.",,Аватар: Разблокировка аватара,Эффект на тело: Сила Пустоты витает вокруг тела!,,,,
399,Эйло,"Изначально хорошая ученица в школе Норланд и ""маленькая принцесса"", защищаемая своими родителями, Эйло неожиданно обнаружила способность входить в Район Пустоты. Под руководством Фиттера она стала опытной женской убийцей, охотящейся за существами Пустоты вместе с Фиттером.",,Аватар: Разблокированный аватар,Эффект тела: Сила Пустоты витает вокруг тела!,,,,
400,Девушка Фонарщица,"Девушка Фонарщица, родившаяся и выросшая в загородной деревне, унаследовала мастерство изготовления фонарей, переданное по наследству через несколько поколений ее семьи. С самого юного возраста она была наставницей своего деда, углубляясь в искусство создания фонарей. Ее мастерство в этом деле без преувеличения непревзойдено, она искусно сочетает разнообразные материалы и техники, создавая уникальные фонари. С непоколебимым усердием она вдохновляет каждое свое творение эмоциями, наделяя их захватывающим присутствием.",,Avatar: Откройте Аватар,Body Effect: Вокруг вас желтые цветы!,,,,
401,СтарСпид,"СтарСпид, сотрудник межзвездной курьерской службы ""Стар Экспресс"", несет на себе ответственную задачу доставки посылок между планетами. Он пересекает космические пространства, веря, что его работа играет важную роль в поддержании гармонии и процветания вселенной. Оценивая уникальность каждой планетной экосистемы, он детально следует протоколам компании, чтобы гарантировать безопасную и своевременную доставку каждой посылки.",,Avatar: Откройте Аватар,"Следы: Оставляет межзвездные следы там, где вы ходите.",,,,
402,Девушка Оранжевого цвета,"Девушка Оранжевого цвета - чувствительная душа, легко возмущаемая миром вокруг нее. Ее слезы текут свободно, когда она выражает свои эмоции, но они не являются признаком слабости; наоборот, они раскрывают ее подлинные чувства. Она таит в себе глубокую доброту и относится ко всем с искренностью и любовью. Хотя она может казаться застенчивой, ее мужество и устойчивость сияют ярко, когда сталкивается с препятствиями.",,Avatar: Откройте Аватар,"Отпечаток: Оставляет следы краба там, где вы идете.",,,,
403,Инк Бамбу (Постоянный),"Инк Бамбу - это фея, живущая в черно-белой картине. Она ведет уединенный образ жизни, имея только бамбук в качестве верного спутника и чернила в качестве доверенного советчика. Её картины проявляют непрерывную и величественную красоту, убедительно передавая грацию и неустрашимость, присущие бамбуку.",,Avatar: Откройте Аватар,,,,,
404,Комета,"Комета гордится исключительными навыками пилотирования и продвинутыми способностями по навигации в межзвездном пространстве. Ее космический корабль быстро скользит по необъятности межзвездного пространства, всегда прибывая в пункт назначения с высокой точностью. Кроме того, она отличается умением работать в качестве механика, способной ремонтировать и обслуживать различные космические суда и механическое оборудование.",,Avatar: Откройте Аватар,Эффект тела: Вокруг вас звездные света!,,,,
405,Crimson Guardian,"В китайской традиционной культуре дракон давно символизирует силу и удачу. Созданный специально Hasbro ко дню дракона, лимитированное издание [Crimson Guardian] приглашает вас бесстрашно сталкиваться с препятствиями и преодолевать препятствия в этом благоприятном году!",,Avatar: Откройте Аватар,Эффект тела: Вокруг вас огненные пламя!,"Конвертация: Нажмите на кнопку справа, чтобы переключиться между формами робота и транспортного средства!","След лапы: Оставляет следы лап дракона, где бы вы ни ходили.",,
406,Черри Инсайт,"Черри Инсайт - это мягкий и чистосердечный мальчик, воплощающий качества цветущих вишен. Он верит в то, что каждый цветок вишни имеет свою уникальную историю, и он готов выслушать эти рассказы.",,Avatar: Откройте Аватар,Следы: Оставляет следы цветущих листьев за собой при ходьбе.,,,,
407,Весенняя Вишня,"Живя в живописном городке, окруженном цветущими вишневыми деревьями, Весенняя Вишня с нетерпением ждет каждый год возможности встретить свою предначертанную судьбу, когда цветут вишневые цветы, словно поэтическая картина.",,Avatar: Откройте Аватар,Следы: Оставляйте цветочные следы где бы вы ни ходили.,,,,
408,Фрей,"Фрей, бог, который наблюдает за солнечным светом и урожаем, наполняет землю жизненной силой и энергией. Он также возглавляет своих товарищей в битвах. Через эти напряженные конфликты он неуклонно раскрывает свою блеск и честь как великий божественный воин.",,Avatar: Откройте Аватар,Эффект тела: Вокруг вас священные руны!,"Оставляет следы солнца там, где вы проходите.",,,
409,Божественное благословение Линь Юн,"Линь Юн, покровительница, которой поручено победить зловещие силы, несет торжественный долг защиты мирского мира. Вооруженная мудростью и смелостью как ее оружием и направляемая добротой и правосудием как ее принципами, она обеспечивает гармонию и спокойствие мира.",,Avatar: Откройте Аватар,Эффект на тело: Земляника окружает тело!,,,,
410,Кролик-пончик Юэ По,"Юэ По, кролик необычайных навыков и огромного богатства, сохраняет жажду исследований неизведанного мира. Она с удовольствием передвигается по всей земле, ища новые и увлекательные приключения.",,Avatar: Откройте Аватар,Эффект на тело: Тело покрывается сливочным сыром!,,,,
411,,,,,,,,,
