ID,任务名,任务描述,任务追踪
ID,Name,Desc,TrackDesc
1001001,Coloca la fruta sagrada,"Coloca @item_587#@1#r (""Fruto Sagrado"" representa la tecnología de modificación genética más gloriosa de los ""antiguos"") en el Trono de Piedra de Vida",Coloca @item_587# en el Trono de Piedra de Vida
1001002,Coloca la espada Rota en Llamas,"Coloca @item_588# en el trono de la Piedra del Valor@1#r (""La Espada Rota en Llamas"" representa la larga alianza entre los ""antiguos"" y el ""Dragón Negro"").",Coloca @item_588# en el trono de la Piedra del Valor
1001003,Coloca el Ojo del Hombre de Piedra,"Coloca @item_589# en el Trono de Piedra de la Sabiduría @1#r (""Ojo del Hombre de Piedra"" representa la sabiduría artificial de los ""antiguos"").",Coloca @item_589# en el Trono de Piedra de la Sabiduría
1001004,¡Duelo de fantasma del vacío!,"¡Derrota al Fantasma del Vacío! #r (¡No hay vuelta atrás, para el mini-universo!)",¡Derrota al Fantasma del Vacío!
1001005,Contactar con el vacío,Consigue @item_11333##r (¿es un nuevo comienzo para ...?),Consigue @item_11333#
1002001,Volver a Mira,"Por fin hemos llegado sanos a Mira. #r Pero todo el equipo se dispersó al atravesar el bloqueo de la cadena estelar, algún otro compañero ha llegado ya a Mira?",Llegado a Mira
1002002,Necesito piedras,"Recoge @item_110# para obtener @item_11627#@1#r (pulsa prolongadamente la piedra para recogerla, o puedes abrir el panel de control y procesar @item_104# en la interfaz de procesamiento para obtener @item_11627#).",Capturar @item_110# para obtener @item_11627#@1
1002003,más materiales,"Colecta ramas para obtener @item_11006#@1#r (presione prolongadamente las ramas para capturar, algunas ramas de árboles crecen en un lugar relativamente alto, ¿de qué manera puede empujarse hacia arriba?)",Obtener @item_11006#@1 del árbol
1002004,Comienza una buena vida,Use @item_11627# y @item_11006# para procesar @item_11002#@1#r (las herramientas útiles pueden recopilar recursos más rápido),Abre el Panel de control para editar @item_11002#@1
1002005,Leñador,Coge @item_11002# y colecta ramas de árboles para obtener @item_11323#@1#r (@item_11323# es crucial en el viaje por delante),Talar árboles para colectar @item_11323#@1
1002006,Experto de construcción,"Usa @item_11323# para procesar @item_206#@1#r (excepto @item_206#, para la mayoría de procesamientos de madera se necesita @item_11323#, así que puedes hacer más)",Procesar @item_206#@1
1002007,Lugar para vivir,"Coloca @item_206#@1#r (parece que hay una casa rota cerca de la estación estelar, tal vez se pueda reparar con @item_206# para vivir)",Colocar @item_206#@1
1002008,Ármate,"Usa @item_11323# y @item_11627# para elaborar @item_12012#@1#r(Sobrevivir en la naturaleza puede ser peligroso, así que tener un arma útil es esencial).",Crea @item_11015#@1
1002009,Vamos!,Derrota a cualquier criatura @1#r (¿La mejor defensa es la ofensiva? Prueba el arma recién hecha. ¿Cómo se siente?),Derrota a cualquier criatura @1
1002010,¡Luz en la oscuridad!,"Use @item_11006# y @item_11226# para procesar @item_298#@1#r (¡Nota! La pequeña antorcha tiene un tiempo de combustión limitado y debe volver a encenderse si se apaga, pero no es ningún problema actuar como una herramienta de iluminación temporal)",Procesar @item_298#@1
1002011,Fiesta de Hoguera,"Use @item_298# para iluminar @item_1200#@1#r (puede haber @item_1200# listo para usar en la casa rota cerca de la estación estelar, o puedes procesar uno tu mismo).",Encender @item_1200#@1
1002012,Artesano,"Use @item_11323# y @item_11627# para procesar @item_800#@1#r (mesa de artesano, ¡imprescindible para la adventura! Wow ~ puede procesar más artículos)",Procesar @item_800#@1
1002013,Imprescindible para la supervivencia,"Use @item_12600# y @item_11226# para procesar @item_828#@1#r (debe usar @item_800# al procesar. Después de tener @item_828#, recuerde ponerlo en un lugar seguro, si hay una amenaza cerca, ¡no puedes dormir!)",Procesar @item_828#@1
1002014,Descanza bien,"Use @item_828# para dormir#r (haga clic en @item_828# para acostarte, pero debes esperar hasta la noche. La noche en Mira comienza a las 20: 00, presta atención a la hora)",Haga clic en @item_828# puesto para dormirte
1003001,"¡Barbacoa, sabroso!","Ponga @item_12513# en la fogata para cocinar @item_12514#@1#r (la mayor parte de la carne de los animales se puede asar,  es muy peligroso comer carne cruda directamente en la naturaleza!)",Usa @item_1200# para cocinar @item_12514#@1
1003002,El encanto de la barbacoa,Come @item_12514# para recuperar tu fuerza@1#r,Comer @item_12514#@1
1003003,Némesis mineral,"Procesar @item_11012# con @item_11627# y @item_11006#@1#r (con @item_11012# puedes recolectar minerales más rápido, ¡la minería con las manos vacías es demasiado dolorosa!)",Procesar @item_11012#@1
1003004,¿Nueva energía?,"Excava @item_402# con @item_11012# para conseguir @item_11201#@1#r (@item_11201# es el combustible más común en Mira, tanto por encima como por debajo del suelo.)",Colectar @item_402#@1
1003005,¡Minerales nuevos!,"Excava @item_451# con @item_11012# @1#r(@item_451# se distribuye ampliamente en Mira, y hay mucha producción por encima y por debajo del suelo)",Colectar @item_451#@1
1003006,Procesador de mesa de fundición,"Usa @item_11226# y @item_101# para procesar @item_802#@1#r (con @item_802# puedes procesar metal, es hora para conseguir unos minerales!)",Procesar @item_802#@1
1003007,Fundición de metal: Bronce,Usa combustible para fundir @item_451# en @item_802# y refina @item_11329#@1#r (@item_11329# es un metal básico con una amplia variedad de usos. Puede usarse para mejorar herramientas y aumentar la eficiencia),Funde para obtener @item_11329#@1
1003008,Herramientas más útiles,"Usa @item_11329# y @item_11006# para procesar @item_11011#@1#r (debes usar @item_800# al procesar. Con @item_11011#, ¡la velocidad de minería será increíble!)",Procesar @item_11011#@1
1003009,La primera lección de supervivencia en la naturaleza,"Completa todas las tareas en el objetivo ""Nuevo Explorador"". #r (Has aprendido los medios más básicos de supervivencia en la naturaleza, es hora de practicar! Los trucos del fantasma del vacío no se han terminados, ¡así que trabaja más duro!)","Completa todas las tareas en el objetivo ""Nuevo Explorador"""
1004001,El comienzo de la agricultura,Usa @item_11627# y @item_11006# para procesar @item_11032#@1#r (con él puedes cultivar tierras de cultivo),Procesar @item_11032#@1
1004002,Cultivar de tierras,"Usa @item_11032# en @item_100# o @item_101# para convertirlo en tierra cultivada @1#r (Para cultivar la tierra, pulsa prolongadamente  con el botón derecho sobre el bloque en PC y pulsa prolongadamente sobre el bloque en móvil)",usar @item_11032# para cultivar la tierra@1
1004003,Rey del grano,Siembra @item_11400# en @item_102#@1#r (Haz clic a @item_102# con @item_11400# para plantar),Sembrar @item_11400#@1
1004004,Fertilización,"Usa @item_11311# en cultivos@1#r (@item_11311# puede acelerar el crecimiento de la mayoría de las plantas, pero no todas las fertilizaciones funcionan...)",Usar @item_11311# en cultivos@1
1004005,¡Gran cosecha!,Recoge madura @item_229#@1#r(la primera cosecha siempre es inolvidable),Recoge @item_229#@1
1004006,El primer paso para un chef,"Usa @item_104# para elaborar @item_200108#@1#r (@item_800# será necesario al elaborar. También puedes encender la fogata con @item_298#, ¿recuerdas? Coloca @item_200108# en el @item_1200# que encendiste para hacer alimentos más deliciosos)",Crea @item_200108#@1
1004007,Preparar materias primas,Usa @item_229# para procesar @item_344#@1#r(se necesita @item_800# al procesar. @item_344# es la materia prima básica de muchos platos),procesar @item_344#@1
1004008,¡Plato delicioso listo!,Cocina @item_12502#@1#r (Usa @item_344# en @item_200108# y espera a que se prepare el delicioso plato),Cocina @item_12502#@1 en @item_200108#
1004009,Que disfrutes!,Come @item_12502#@1#r (¡Solo cuando estás lleno puedes trabajar duro!),Comer @item_12502#@1
1004010,¡La mochila ya está llena!,Usa @item_11323# y @item_11006# para procesar @item_1180#@1#r(los artículos que no caben en la mochila se pueden guardar en la caja de almacenamiento),Procesar @item_1180#@1
1004011,Defiéndete de enemigos fuertes,"Usa @item_11323# y @item_11006# para procesar @item_812# y colocarlo@1#r (Después de instalar la puerta en casa, no solo facilita la entrada y salida, sino también evitar que los monstruos ingresen a la casa. ¡Pero tenga cuidado, @item_812# puede ser destruido por salvajes!)",Procesar y colocar @item_812#@1
1004012,Fortificaciones defensivas,Usa @item_11323# para procesar @item_821# y colocarlo@1#r (haz clic a @item_821# ya colocado con @item_821# para conectarlos),Procesar y colocar @item_821#@1
1004013,Entrada y salida de la ciudad,"Usa @item_11323#, @item_11006# y @item_11227# para procesar @item_535# y colocarlo @1#r(@item_535# se puede conectar con estacas de madera, para que los monstruos no puedan entrar)",procesar y colocar @item_535#@1
1004014,Estatua de piedra misteriosa,"Usa @item_104# para procesar @item_596# y colocarlo@1#r (la extraña estatua de piedra tiene una sensación extraña, tocarla puede que suceda algo)",Procesar y colocar @item_596#@1
1004015,"Aquí, empieza de nuevo","Dar estrellas a @item_596#@1#r (haga clic en @item_596# y selecciona ""Dar una estrella"", Ramey puede llevarte de vuelta aquí en caso de un accidente en la naturaleza)",Ofrecer estrella a @item_596#@1
1004016,Supervivencia en la naturaleza Lección 2,"Completa todas las tareas en el objetivo ""Aprendizaje sin fin"". #r (Aprendiste más sobre la supervivencia, es hora de ir más lejos.)","Completa todas las tareas en el objetivo ""Aprendizaje sin fin"""
1004017,Fuente de Luz Natural,"Crea @item_905# o @item_907#@1#r con @item_837# (una fuente permanente de luz natural, quizás un remplazo de las antorchas que pueden apagarse)",Crear @item_905# o @item_907#@1
1005001,Piel dura,Caza para conseguir @item_11307#@1#r (necesitas derrotar a Rinoceronte o Zorro para conseguir @item_11307#),Obtener @item_11307#@1
1005002,¡Equipamiento de latón!,"Procesa y usa cualquier equipo de latón, como @item_12216#@1#r (con el equipo de latón, estás más resistente a los golpes, jaja!)",Procesar y poner cualquier equipamiento de latón
1005003,Arma más afilada,"Usa @item_11329# y @item_11323# para elaborar @item_12004#@1#r (Con @item_12004#, tu habilidad de combate aumentará significativamente)",Crea @item_12004#@1
1005004,Atrapar al ladrón,"Derrota a los apóstoles del Fantasma del Vacío para conseguir @item_11911#@1#r (ellos roban el poder de la creación para el Fantasma del Vacío, ¡hay que detenerlos!)",Derrota al apóstol del Fantasma de Vacío para conseguir @item_11911#@1
1005005,¡Actualiza la mesa del artesano!,"Actualiza @item_800# a @item_797#@1#r (haz clic en @item_800# localizado con @item_11911# para actualizar, con @item_797# puedes ver directamente todas las recetas de procesamiento)",haz clic en @item_800# con @item_11911#
1005006,Totalmente nuevo!,"Realizar una reparación de herramientas o equipos (usa item_797# o @item_800#, haz clic en mesa del artesano para abrir la página, selecciona ""reparación de herramientas"" a la izquierda y pon lo que necesitas reparar).",Realizar un reparo de herramientas o equipamientos
1005007,Mejorar la eficiencia de fundición,"Procesar @item_799# con @item_11329#@1#r (después de reemplazar con una mesa de fundición más avanzada, se pueden fundir varios grupos de minerales a la vez)",Procesar @item_799#@1
1005008,Minerales más duros,"Colectar @item_401#@1#r (@item_401# es más duro que @item_451#, y la distribución mineral es más profunda.)",Colectar @item_401#@1
1005009,Fundición de metales: Hierro,"Procesar @item_11209#@1#r (con @item_11209#, se pueden procesar herramientas y equipos más resistentes y se pueden procesar más bloques. Se recomienda reservar más).",Procesar @item_11209#@1
1005010,¡Herramienta de hierro!,"Procesar @item_11013#@1#r (@item_11013# minas mucho más rápido que @item_11011#, y puede usar mosaicos de runas para habilidades más eficientes)",Procesar @item_785#@1
1005011,El poder de la naturaleza,"Procesar @item_785#@1#r (Usa @item_785# para dar herramientas, armas o equipos con incrustaciones de runas, hay muchos tipos de piedras rúnicas, explóralas bajo tierra.)",Procesar @item_785#@1
1005012,Estimula el poder de las runas,"Hacer un mosaico de runas #r (haz clic en @item_785# para abrir la página, puedes elegir entre las herramientas y las piedras rúnicas de la izquierda. El mosaico de runas no tendrá éxito cada vez. Solo herramientas de hierro o aún más duras pueden incrustar runas)",Hacer un mosaico de runas usando @item_785#
1005013,¡Va más lejos!,"Completa todas las misiones en el objetivo ""Explorador Avanzado"". #r (¡Ya eres fuerte, continúa fortaleciéndote y derrota al fantasma del vacío!)","Completa todas las misiones en el objetivo ""Explorador Avanzado"""
1006001,Fragmentos del pasado,"Colectar @item_598# para obtener @item_11205#@1#r (item_11331# se compone de @item_11205#, hay un gran número de @item_598# en las profundidades de Mira hace mucho tiempo)",Colectar @item_598#@1
1006002,Energía Starlink,"Usar @item_11205# para procesar @item_11331#@1#r (como su nombre indica, @item_11331# es el accesorio clave para la fuente de alimentación de la estación estelar)",Procesar @item_11331#@1
1006003,¡¿Isla en el cielo?!,"Pasar en la isla flotante en Mira #r(una increíble ecología en Mira, la superficie se separa de la suspensión al cielo, pero se mantiene en un estado muy estable)",Entrar a isla flotante
1006004,Comercio exterior,"Comprar @item_11334# con el Comerciante de la Isla Flotante @1#r (La gente de Angelo tiene la costumbre de coleccionar tesoros en todas partes del universo, y les gustan lugares con buenas alturas, a lo mejor se pueden encontrar en la Isla Flotante para comprarles @item_11334#)",Comprar @item_11334# con el Comerciante de Isla Flotante@1
1006005,¡El montaje está completo!,"Procesar @item_11335#@1#r (las estaciones estelares en Mira son básicamente destruidas por el Vacío, incluso después de la activación, solo pueden transmitirse dentro del planeta, y deben usar @item_11335# para transformación a larga distancia)",Procesar @item_11335#@1
1006006,Reparar la Estación Estelar,"Haz clic en @item_594#@1 con @item_11331# para reactivarlo #r (después de la activación, la estación estelar puede volver a conectarse a la red de cadena estelar, siempre que active más estaciones estelares, el viaje será mucho más fácil)",Haz clic en @item_594# con @item_11331#@1
1006007,Actualizar la estación estelar,Haz clic a @item_595#@1 con @item_11335# para actualizarlo#r (después de actualiza @item_597# ya se puede transferir entre planetas vecinos),Haz clic a @item_595# con @item_11335#
1006008,Un gran paso en el viaje por el planeta,"Completa todas las misiones en el objetivo ""Ingeniero Starlink"". #r (Después de reparar la estación estelar, puedes ir a Llama y Horas, y estás un paso más cerca de derrotar al fantasma del vacío.)","Completar todas las misiones en el objetivo ""Ingeniero Starlink"""
1007001,Entrar en la selva tropical,"Entrar en la selva tropical en Mira #r (los árboles de la selva tropical en Mira son altos y muy densos, y está llena de peligro. Es mejor no salir durante las tormentas, y ser alcanzado por un rayo no es una broma!)",Entrar en la selva tropical
1007002,Núcleo de la selva tropical,Destruir @item_396# para conseguir @item_11601#@1#r (algunos cristales ocasionalmente se precipitan en el tronco de los árboles de la selva tropical),Conseguir @item_11601#@1
1007003,Clave antigua,"Procesar @item_11597# con @item_11601#和@item_11329#@1#r (@item_11597# está grabado con el idioma del antiguo pueblo Mira, registrando el método de apertura del ""Templo de la Selva Tropical"")",procesar @item_11597#@1
1007004,¡Templo de la selva tropical!,"Después de encontrar @item_578# en la selva tropical, haz clic con @item_11597# para activar y convocar el templo de la selva tropical #r (¡Quetzalcóatl está dentro!)",convocar el templo de la selva tropical
1007005,Quétzalcoatl,"Derrota al Quétzalcoatl #r (El nacimiento del Quétzalcoatl se originó de un accidente. La ""Fruta Sagrada"" está escondida profundamente en su cuerpo y ha pasado por un número desconocido de años...)",Derrotar al Quétzalcoatl
1007006,Semilla sagrada,"Obtener @item_591#@1#r (La llave del sello depositado en el ""Fruto Sagrado"" se transmite de generación en generación a través de la genética...)",Obtener @item_591#@1
1007007,Milagro de vida,"Plantar @item_591# en el pozo del suelo para que crezca el árbol sagrado @1#r (el árbol sagrado es diferente de otras plantas, no  se puede usar @item_11311# para acelerar su crecimiento)",Plantar @item_591#@1
1007008,"La clave que simboliza la ""vida""","Recoger a la altura del Árbol Sagrado y obtener @item_587#@1#r (El Árbol Sagrado se eleva sobre las nubes, y la fruta crece dentro del tronco a la altura. El proceso de recolección es muy peligroso y requiere cuidado)",Obtener @item_587#@1
1007009,Extiende tus alas y vuela,"Procesar y vestirte de @item_11591#@1#r (Las plumas de alas de Quétzalcoatl son muy fuertes pero ligeras, y puedes deslizarte llevando a @item_11591# en tu espalda)",Procesar y vestirte de @item_11591#@1
1007010,Hojas brillantes,"Recolectar hojas brillantes en la selva tropical por la noche para obtener @item_11596#@1#r (recuerda, una vez que sea de día, el polvo de la luz de las estrellas en las hojas se disipará)",Obtener @item_11596#@1
1007011,¿Brujería?,"Procesando @item_11569#@1#r(si no hay cristal incrustado, es solo un palo de madera)",Procesar @item_11569#@1
1007012,¡¡¡Brujería!!!,"Procesar cualquier Bastón @1, como @item_11580##r (Hay varios tipos de cristales, y los sacerdotes salvajes tienen habilidades diversas gracias a estos cristales)",Procesar cualquier Bastón@1
1007013,"""Capítulo de la Vida""","Completa todas las misiones en el objetivo ""Perdidos en la selva tropical""","Completa todas las misiones en el objetivo ""Perdidos en la selva tropical"""
1008001,Llegado a Llamas,Tome la estación estelar para llegar a Llamas #r (la estrella de Llamas  es el planeta más cercano a la estrella en la galaxia. La temperatura en la superficie es extremadamente alta y está casi completamente cubierta por lava. Es necesario estar bien preparado antes de ir allá),Toma la estación estelar para llegar a Llamas
1008002,Prueba de Dragón Negro I,"¡Derrota al antiguo dragón negro! #r (El dragón negro ha estado protegiendo la espada rota en llamas durante años, pero no ha olvidado el acuerdo que hizo con el ""antiguo"". Si deseas obtener la ""espada rota en llamas"", ¡demuestra tu fuerza al dragón negro!)",Derrota al antiguo dragón negro
1008003,"La clave que representa el ""coraje""","Obtener @item_588##r (Espada Rota en Llamas ha almacenado una de las llaves del sello, es esencial para quitar el sello del volcán)",Obtener @item_588#
1008004,¡Aumento de dificultad!,"Procesar @item_588#, activar @item_740#, convocar Dragón Negro de Lava",convocar Dragón Negro de Lava
1008005,Prueba del Dragón Negro II,"¡Derrota al Dragón Negro de Lava! #r (¡El Dragón Negro encarna en forma de lava para abrir la segunda prueba, derrotalo y vuélvete más fuerte!)",¡Derrotar al Dragón Negro de Lava!
1008006,¡Dificultad completa!,"Procesar @item_11216#, activar @item_741#, convocar al Dragón Negro del Caos",convocar al Dragón Negro del Caos
1008007,Prueba del Dragón Negro ∞,"¡Derrota al Dragón Negro del Caos! #r (El dragón negro encarna en una forma caótica para abrir la prueba de tercer nivel, que es la prueba más difícil y requiere una preparación adecuada.)",Derrotat al Dragón Negro del Caos
1008008,Obtener conchas de cangrejo de Lava,"Derrotar al cangrejo de Lava y obtener  (El cangrejo de Lava puede sobrevivir a una temperatura tan alta de Flamas, e incluso nadar en magma, es inseparable de este caparazón duro)",Obtener @item_12605#@1
1008009,Equipar con mochila ignífuga,Procesar y usar @item_12277#@1#r (con @item_12277# puedes soportar el calor de Flamas),Procesar y usar @item_12277#@1
1008010,"Fin del espectáculo! ""Capítulo de coraje""","Completar todas las misiones en el objetivo ""Prueba Antigua""","Completar todas las misiones en el objetivo ""Prueba Antigua"""
1009001,Llegar a Horas,"Toma la estación estelar para llegar a Horas #r (Horas es el único satélite de Mira, y la fuerza atractiva es mucho menor que la de Mira. Parece un poco difícil comunicarnos con los criaturas indígenas de aspecto único que viven en este planeta...)",Tomar la estación estelar para llegar a Horas
1009002,Disipar la erosión del vacío,"Ayuda a los antiguos gigantes a deshacerse de la erosión del vacío #r (el Gigante Antiguo está corroído demasiado profundamente por el vacío y no puede ser recuperado, la única forma es destruirlo. #r necesitas encontrar el altar, colocar el @item_1042# en los 4 bloques al lado el @item_408# , @item_409# , @item_449# , @item_450# para convocar el Gigante Antiguo)",Ayudar al Gigante Antiguo a escapar de la erosión del vacío
1009003,"La clave que representa ""inteligencia""",Obtener @item_589#@1#r(@item_589# fue un gran avance en el campo de la vida artificial para los antiguos habitantes del planeta Mira. Contiene una de las tres claves necesarias para desbloquear el sello volcánico.),Obtener @item_589#@1
1009004,,"Derrota a Ding Ding de Horas y obtén @item_11077#@1#r (La forma de distinguir las criaturas de Horas es por su color. Los ""Ding Ding de Horas"" son blancos y muy temerosos de los humanos, pero ten cuidado con las bombas que escupen).",Obtener @item_11077#@1
1009005,Piedra del Comienzo Estelar,"Obtén @item_11075# procesándolo con @item_11077#@1#r(antes de obtener @item_11075#, debes encontrar @item_11090# en Planeta Horas",Procesar @item_11075#@1
1009006,Activar el tótem de la planeta Horas,"Usa @item_11075 para activar @item_1042#@1#r(una vez activado, podrás generar una gran zona de oxígeno donde no tendrás que preocuparte por la falta de aire)",Activar @item_1042#@1
1009007,Mineral de cobre estelar,"Recoger @item_445# y obtener @item_11073#@1#r(@item_445# es uno de los minerales exclusivos del planeta Horas, su textura es mucho más dura que la del latón)",Colectar @item_445# para obtener @item_11073#@1
1009008,Broca de cobre estelar,Procesar @item_11016#@1#r(Para procesar @item_11016# es necesario obtener primero @item_11087#),Procesar @item_11016#
1009009,Mineral púrpura,"Recoger @item_446 para obtener @item_11074. @1#r(@item_446 es uno de los minerales exclusivos de la planeta Horas, pero su producción es extremadamente baja y solo se encuentra en pocas islas flotantes en Horas.)",Colectar @item_446# para obtener @item_11074#@1
1009010,¡Volando por los cielos y corriendo por la tierra!,"Procesar @item_12006#@1#r (Para procesar @item_12006#, primero debes obtener @item_11088#)",Procesar @item_12006#@1
1009011,"¡Cortina! ""Capítulo de la Sabiduría""","Completar todas las misiones del objetivo ""Rescate en el espacio 'Stone'"".","Completar todas las misiones del objetivo ""Rescate en el espacio 'Stone'""."
2001001,Hacha de piedra I,Procesar @item_11002# @1#r (principalmente procesado consumiendo materiales como @item_11006# y @item_11627#),Procesar @item_11002#@1
2001002,Hacha de piedra II,Procesar @item_11002#@1#r (principalmente procesado consumiendo materiales como @item_11006# y @item_11627#),Procesar @item_11002#@1
2001003,Hacha de Latón I,Procesar @item_11001#@1#r (principalmente procesado consumiendo materiales como @item_11006# y @item_11329#),Procesar @item_11001#@1
2001004,Hacha de Latón II,Procesar @item_11001#@1#r (principalmente procesado consumiendo materiales como @item_11006# y @item_11329#),Procesar @item_11001#@1
2001005,Hacha de Hierro I,Procesar @item_11003#@1#r (principalmente procesado consumiendo materiales como @item_11006# y @item_11209#),Procesar @item_11003#@1
2001006,Hacha de Hierro Ⅱ,Procesar @item_11003#@1#r (principalmente procesado consumiendo materiales como @item_11006# y @item_11209#),Procesar @item_11003#@1
2001007,Hacha de titanio I,Procesar @item_11004#@1#r (principalmente procesado consumiendo materiales como @item_11006# y @item_11330#),Procesar @item_11004#@1
2001008,Hacha de titanio II,Procesar @item_11004#@1#r (principalmente procesado consumiendo materiales como @item_11006# y @item_11330#),Procesar @item_11004#@1
2001009,Motosierra Ⅰ,Crea @item_11005#@1#r (Creado consumiendo principalmente @item_11203# y @item_11911#),Crea @item_11005#@1
2001010,Motosierra Ⅱ,Crea @item_11005#@1#r (Creado consumiendo principalmente @item_11203# y @item_11911#),Crea @item_11005#@1
2001011,Pala de piedra I,Procesar @item_11022#@1#r (principalmente procesado consumiendo materiales como @item_11006# y @item_11627#),Procesar @item_11022#@1
2001012,Pala de Piedra II,Procesar @item_11022#@1#r (principalmente procesado consumiendo materiales como @item_11006# y @item_11627#),Procesar @item_11022#@1
2001013,Pala de latón I,Procesar @item_11021#@1#r (principalmente procesado consumiendo materiales como @item_11006# y @item_11329#),Procesar @item_11021#@1
2001014,Pala de latón Ⅱ,Procesar @item_11021#@1#r (principalmente procesado consumiendo materiales como @item_11006# y @item_11329#),Procesar @item_11021#@1
2001015,Pala de Hierro I,Procesar @item_11023#@1#r (principalmente procesado consumiendo materiales como @item_11006# y @item_11209#),Procesar @item_11023#@1
2001016,Pala de Hierro II,Procesar @item_11023#@1#r (principalmente procesado consumiendo materiales como @item_11006# y @item_11209#),Procesar @item_11023#@1
2001017,Pala de titanio I,Procesar @item_11024#@1#r (principalmente procesado consumiendo materiales como @item_11006# y @item_11330#),Procesar @item_11024#@1
2001018,Pala de titanio Ⅱ,Procesar @item_11024#@1#r (principalmente procesado consumiendo materiales como @item_11006# y @item_11330#),Procesar @item_11024#@1
2001019,Pala de oro tungsteno I,Crea @item_11025#@1#r (principalmente procesado consumiendo como @item_11203# y @item_11074#),Crea @item_11025#@1
2001020,Pala de oro de tungsteno Ⅱ,Crea @item_11025#@1#r (principalmente procesado consumiendo como @item_11203# y @item_11074#),Crea @item_11025#@1
2001021,Rastrillo de Piedra I,Procesar @item_11032#@1#r (principalmente procesado consumiendo materiales como @item_11006# y @item_11627#),Procesar @item_11032#@1
2001022,Rastrillo de piedra II,Procesar @item_11032#@1#r (principalmente procesado consumiendo materiales como @item_11006# y @item_11627#),Procesar @item_11032#@1
2001023,Rastrillo de latón I,Procesar @item_11031#@1#r (principalmente procesado consumiendo materiales como @item_11006# y @item_11329#),Procesar @item_11031#@1
2001024,Rastrillo de latón II,Procesar @item_11031#@1#r (principalmente procesado consumiendo materiales como @item_11006# y @item_11329#),Procesar @item_11031#@1
2001025,Rastrillo de Hierro I,Procesar @item_11033#@1#r (principalmente procesado consumiendo materiales como @item_11006# y @item_11209#),Procesar @item_11033#@1
2001026,Rastrillo de Hierro II,Procesar @item_11033#@1#r (principalmente procesado consumiendo materiales como @item_11006# y @item_11209#),Procesar @item_11033#@1
2001027,Rastrillo de titanio I,Procesar @item_11034#@1#r (principalmente procesado consumiendo materiales como @item_11006# y @item_11330#),Procesar @item_11034#@1
2001028,Rastrillo de titanio Ⅱ,Procesar @item_11034#@1#r (principalmente procesado consumiendo materiales como @item_11006# y @item_11330#),Procesar @item_11034#@1
2001029,Rastrillo de oro de tungsteno I,Crea @item_11035#@1#r (Elaborado consumiendo principalmente @item_11203# y @item_11911#),Crea @item_11035#@1
2001030,Rastrillo de oro de tungsteno II,Crea @item_11035#@1#r (Elaborado consumiendo principalmente @item_11203# y @item_11911#),Crea @item_11035#@1
2001031,Pico de piedraⅠ,Procesar @item_11012#@1#r(principalmente procesado consumiendo materiales como @item_11006#和@item_11627#),Procesar @item_11012#@1
2001032,Pico de piedra II,Procesar @item_11012#@1#r (principalmente procesado consumiendo materiales como @item_11006# y@item_11627#),Procesar @item_11012#@1
2001033,Pico de latón I,Procesar @item_11011#@1#r (principalmente procesado consumiendo materiales como @item_11006# y @item_11329#),Procesar @item_11011#@1
2001034,Pico de latón II,Procesar @item_11001#@1#r (principalmente procesado consumiendo materiales como @item_11006# y @item_11329#),Procesar @item_11011#@1
2001035,Pico de Hierro I,Procesar @item_11013#@1#r (principalmente procesado consumiendo materiales como @item_11006# y @item_11209#),Procesar @item_11013#@1
2001036,Pico de Hierro II,Procesar @item_11013#@1#r (principalmente procesado consumiendo materiales como @item_11006# y @item_11209#),Procesar @item_11013#@1
2001037,Pico de titanio I,Procesar @item_11014#@1#r (principalmente procesado consumiendo materiales como @item_11006# y @item_11330#),Procesar @item_11014#@1
2001038,Pico de titanio Ⅱ,"Procesar @item_11014#@1#r (principalmente procesado consumiendo materiales como @item_11006# y @item_11330#
)",Procesar @item_11014#@1
2001039,Broca Ⅰ,Crea @item_11005#@1#r (Creado consumiendo principalmente @item_11203# y @item_11911#),Crea @item_11015#@1
2001040,Broca Ⅱ,Crea @item_11005#@1#r (Creado consumiendo principalmente @item_11203# y @item_11911#),Crea @item_11015#@1
2001041,Broca de cobre estelar I,Procesar @item_11016#@1#r (principalmente procesado consumiendo material de @item_11073#),Procesar @item_11016#@1
2001042,Broca de cobres estelar Ⅱ,Procesar @item_11016#@1#r (principalmente procesado consumiendo material de @item_11073#),Procesar @item_11016#@1
2002001,Fosa fértil,"Usar herramientas de pala para excavar @item_103#@1#r(sostener una herramienta de pala, como @item_11022#, apuntar a @item_101# o @item_100# y hacer clic en el botón de uso (mantener presionado el botón derecho en la versión PC) para cavar un agujero)",Usar herramientas de pala para excavar @item_103#@1
2002002,Suelo húmedo,"Regar a @item_103# con @item_11628# @1#r(usando @item_11617# para llenar el bloque de agua, y luego usando @item_11628# en @item_103# o @item_102# para humedecerlo)",Regar a @item_103# con @item_11628# @1
2002003,Árbol de Cerezo I,Plantar @item_11405# en @item_103#@1#r (generalmente crece en praderas y bosques).,Plantar @item_11405#@1
2002004,Árbol de Cerezo II,Plantar @item_11405# en @item_103#@1#r (generalmente crece en praderas y bosques).,Plantar @item_11405#@1
2002005,Árbol de Cerezo Ⅲ,Plantar @item_11405# en @item_103#@1#r (generalmente crece en praderas y bosques).,Plantar @item_11405# @1
2002006,Pino Ⅰ,Plantar @item_11406# en @item_103# @1#r (generalmente se encuentra en ecosistemas de bosques de coníferas de montaña),Plantar @item_11406#@1
2002007,Pino II,Plantar @item_11406# en @item_103# @1#r (generalmente se encuentra en ecosistemas de bosques de coníferas de montaña).,Plantar @item_11406#@1
2002008,Pino III,Plantar @item_11406# en @item_103# @1#r (generalmente se encuentra en ecosistemas de bosques de coníferas de montaña),Plantar @item_11406#@1
2002009,Árbol I,Plantar @item_11407# en @item_103#@1#r (que normalmente crece en un entorno de selva tropical),Plantar @item_11407#@1
2002010,Árbol Ⅱ,Plantar @item_11407# en @item_103#@1#r (que normalmente crece en un entorno de selva tropical),Plantar @item_11407#@1
2002011,Árbol Ⅲ,Plantar @item_11407# en @item_103#@1#r (que normalmente crece en un entorno de selva tropical),Plantar @item_11407#@1
2002012,Durazno I,Plantar @item_11409# en @item_103@1#r (generalmente crece en el ecosistema de la cuenca del durazno),Plantar @item_11409#@1
2002013,Durazno Ⅱ,Plantar @item_11409# en @item_103@1#r (generalmente crece en el ecosistema de la cuenca del durazno),Plantar @item_11409#@1
2002014,Durazno Ⅲ,Plantar @item_11409# en @item_103@1#r (generalmente crece en el ecosistema de la cuenca del durazno),Plantar @item_11409#@1
2002015,Álamo I,,
2002016,Álamo II,Plantar @item_11410# en @item_103#@1#r (generalmente crece en praderas y bosques),Plantar @item_11410#@1
2002017,Álamo III,Plantar @item_11410# en @item_103#@1#r (generalmente crece en praderas y bosques),Plantar @item_11410#@1
2002018,árbol de nogal,Plantar @item_11411# en @item_103#@1#r (generalmente crece en islas flotantes),Plantar @item_11411#@1
2002019,árbol de nogal II,Plantar @item_11411# en @item_103#@1#r (generalmente crece en islas flotantes),Plantar @item_11411#@1
2002020,árbol de nogal Ⅲ,Plantar @item_11411# en @item_103#@1#r (generalmente crece en islas flotantes),Plantar @item_11411#@1
2002021,árbol de cedro rojo occidental I,Plantar @item_11412# en @item_103#@1#r (generalmente crece en el ecosistema de manglares),Plantar @item_11412#@1
2002022,árbol de cedro rojo occidental Ⅱ,Plantar @item_11412# en @item_103#@1#r (generalmente crece en el ecosistema de manglares),Plantar @item_11412#@1
2002023,árbol de cedro rojo occidental Ⅲ,Plantar @item_11412# en @item_103#@1#r (generalmente crece en el ecosistema de manglares),Plantar @item_11412#@1
2002024,Populus euphratica I,Plantar @item_11421# en @item_103#@1#r(generalmente en ecosistemas desérticos),Plantar @item_11421#@1
2002025,Populus euphratica II,Plantar @item_11421# en @item_103#@1#r(generalmente crece en ecosistemas desérticos),Plantar @item_11421#@1
2002026,Populus euphratica III,Plantar @item_11421# en @item_103#@1#r(generalmente crece  en ecosistemas desérticos),Plantar @item_11421#@1
2002027,árbol preciosoⅠ,Plantar @item_11408# en @item_137#@1#r(generalmente crece en Horas),Plantar @item_11408#@1
2002028,árbol preciosoⅡ,Plantar @item_11408# en @item_137#@1#r(generalmente crece en Horas),Plantar @item_11408#@1
2002029,árbol precioso Ⅲ,Plantar @item_11408# en @item_137#@1#r(generalmente crece en Horas),Plantar @item_11408#@1
2002030,Árbol de Plátano I,Plantar @item_383# en @item_103#@1#r (que normalmente crece en un entorno de selva tropical),Plantar @item_383#@1
2002031,Árbol de Plátano Ⅱ,Plantar @item_383# en @item_103#@1#r (que normalmente crece en un entorno de selva tropical),Plantar @item_383#@1
2002032,Árbol de Plátano Ⅲ,Plantar @item_383# en @item_103#@1#r (que normalmente crece en un entorno de selva tropical),Plantar @item_383#@1
2002033,Coco I,Plantar @item_295# en @item_103#@1#r(generalmente crece en ecosistemas desérticos),Plantar @item_295#@1
2002034,Coco II,Plantar @item_295# en @item_103#@1#r(generalmente crece en ecosistemas desérticos),Plantar @item_295#@1
2002035,Coco III,Plantar @item_295# en @item_103#@1#r(generalmente crece en ecosistemas desérticos),Plantar @item_295#@1
2002036,CactusⅠ,Plantar @item_11420# en @item_103#@1#r(generalmente crece en ecosistemas desérticos),Plantar @item_11420#@1
2002037,Cactus II,Plantar @item_11420# en @item_103#@1#r(generalmente crece en ecosistemas desérticos),Plantar @item_11420#@1
2002038,Cactus III,Plantar @item_11420# en @item_103#@1#r(generalmente crece en ecosistemas desérticos),Plantar @item_11420#@1
2003001,Campanilla I,Plantar @item_431# en @item_103# @1#r(@item_300# normalmente crece en ecosistemas como praderas y cuencas de duraznos),Plantar @item_431#@1
2003002,Campanilla II,Plantar @item_431# en @item_103# @1#r(@item_300# normalmente crece en ecosistemas como praderas y cuencas de duraznos),Plantar @item_431#@1
2003003,Campanilla III,Plantar @item_431# en @item_103# @1#r(@item_300# normalmente crece en ecosistemas como praderas y cuencas de duraznos),Plantar @item_431#@1
2003004,Orquídea de Phalaenopsis I,Plantar @item_432# en @item_103#@1#r(@item_301# normalmente crece en bosques de coníferas),Plantar @item_432#@1
2003005,Orquídea de Phalaenopsis Ⅱ,Plantar @item_432# en @item_103#@1#r(@item_301# normalmente crece en bosques de coníferas),Plantar @item_432#@1
2003006,Orquídea de Phalaenopsis Ⅲ,Plantar @item_432# en @item_103#@1#r(@item_301# normalmente crece en bosques de coníferas),Plantar @item_432# @1
2003007,Flor de estrella I,Plantar @item_433# en @item_103#r (@item_302# normalmente crece en ecosistemas como islas flotantes y acantilados),Plantar @item_433# @1
2003008,Flor de estrella II,Plantar @item_433# en @item_103#r (@item_302# normalmente crece en ecosistemas como islas flotantes y acantilados),Plantar @item_433# @1
2003009,Flor de estrella III,Plantar @item_433# en @item_103#r (@item_302# normalmente crece en ecosistemas como islas flotantes y acantilados),Plantar @item_433# @1
2003010,Flor de DracaenaⅠ,Plantar @item_434# en @item_103#@1#r (@item_303# normalmente crece en ecosistemas como valles de bambú y valles de duraznos),Plantar @item_434#@1
2003011,Flor de Dracaena II,Plantar @item_434# en @item_103#@1#r (@item_303# normalmente crece en ecosistemas como valles de bambú y valles de duraznos),Plantar @item_434# @1
2003012,Flor de Dracaena Ⅲ,Plantar @item_434# en @item_103#@1#r (@item_303# normalmente crece en ecosistemas como valles de bambú y valles de duraznos),Plantar @item_434# @1
2003013,Jacinto I,Plantar @item_435# en @item_103# @1#r(@item_304# normalmente crece en ecosistemas como selvas y bosques),Plantar @item_435# @1
2003014,Jacinto II,Plantar @item_435# en @item_103# @1#r(@item_304# normalmente crece en ecosistemas como selvas y bosques),Plantar @item_435# @1
2003015,Jacinto III,Plantar @item_435# en @item_103# @1#r(@item_304# normalmente crece en ecosistemas como selvas y bosques),Plantar @item_435# @1
2003016,Garra de dragón I,Plantar @item_436# en @item_103# @1#r(@item_305# normalmente crece en ecosistemas acantilados),Plantar @item_436# @1
2003017,Garra de dragón II,Plantar @item_436# en @item_103# @1#r(@item_305# normalmente crece en ecosistemas acantilados),Plantar @item_436#@1
2003018,Garra de dragón III,Plantar @item_436# en @item_103# @1#r(@item_305# normalmente crece en ecosistemas acantilados),Plantar @item_436#@1
2003019,Weigela florida I,Plantar @item_433# en @item_103#@1#r (@item_312# generalmente crece en praderas y selvas),Plantar @item_433#@1
2003020,Weigela florida II,Plantar @item_433# en @item_103#@1#r (@item_312# generalmente crece en praderas y selvas),Plantar @item_433#@1
2003021,Weigela florida III,Plantar @item_433# en @item_103#@1#r (@item_312# generalmente crece en praderas y selvas),Plantar @item_433# @1
2003022,DracaenaⅠ,Plantar @item_437# en @item_103# @1#r(@item_306# normalmente crece en hábitats como pantanos y selvas tropicales),Plantar @item_437# @1
2003023,Dracaena II,Plantar @item_437# en @item_103# @1#r(@item_306# normalmente crece en hábitats como pantanos y selvas tropicales),Plantar @item_437# @1
2003024,Dracaena III,Plantar @item_437# en @item_103# @1#r(@item_306# normalmente crece en hábitats como pantanos y selvas tropicales),Plantar @item_437# @1
2003025,Agave rojo I,Plantar @item_438# en @item_103# @1#r(@item_307# suele crecer en ecosistemas como islas flotantes y tierras rojas),Plantar @item_438# @1
2003026,Agave rojo II,Plantar @item_438# en @item_103# @1#r(@item_307# suele crecer en ecosistemas como islas flotantes y tierras rojas),Plantar @item_438# @1
2003027,Agave rojo III,Plantar @item_438# en @item_103# @1#r(@item_307# suele crecer en ecosistemas como islas flotantes y tierras rojas),Plantar @item_438#@1
2003028,Agave naranja I,Plantar @item_439# en @item_103# @1#r(@item_308# suele crecer en ecosistemas como valles de bambú y tierras rojas),Plantar @item_439# @1
2003029,Agave naranja II,Plantar @item_439# en @item_103# @1#r(@item_308# suele crecer en ecosistemas como valles de bambú y tierras rojas),Plantar @item_439# @1
2003030,Agave naranja III,Plantar @item_439# en @item_103# @1#r(@item_308# suele crecer en ecosistemas como valles de bambú y tierras rojas),Plantar @item_439# @1
2003031,Agave gris I,Plantar @item_440# en @item_103# @1#r(@item_309# suele crecer en ecosistemas como acantilados y tierras rojas),Plantar @item_440# @1
2003032,Agave Gris II,Plantar @item_440# en @item_103# @1#r(@item_309# suele crecer en ecosistemas como acantilados y tierras rojas),Plantar @item_440# @1
2003033,Agave gris III,Plantar @item_440# en @item_103# @1#r(@item_309# suele crecer en ecosistemas como acantilados y tierras rojas),Plantar @item_440# @1
2003034,Agave rosa I,Plantar @item_441# en @item_103# @1#r(@item_310# normalmente crece en ecosistemas como cuencas de duraznos y tierras rojas),Plantar @item_441# @1
2003035,Agave Rosa II,Plantar @item_441# en @item_103# @1#r(@item_310# normalmente crece en ecosistemas como cuencas de duraznos y tierras rojas),Plantar @item_441# @1
2003036,Agave rosa III,Plantar @item_441# en @item_103# @1#r(@item_310# normalmente crece en ecosistemas como cuencas de duraznos y tierras rojas),Plantar @item_441# @1
2003037,MargaritaⅠ,Plantar @item_442# en @item_103#@1#r(@item_311# normalmente crece en bosques de coníferas),Plantar @item_442# @1
2003038,Margarita II,Plantar @item_442# en @item_103#@1#r(@item_311# normalmente crece en bosques de coníferas),Plantar @item_442# @1
2003039,Margarita III,Plantar @item_442# en @item_103#@1#r(@item_311# normalmente crece en bosques de coníferas),Plantar @item_442#@1
2003040,Rosal I,Plantar @item_444# en @item_103# @1#r(@item_313# normalmente crece en hábitats como pantanos y selvas),Plantar @item_444# @1
2003041,Rosal II,Plantar @item_444# en @item_103# @1#r(@item_313# normalmente crece en hábitats como pantanos y selvas),Plantar @item_444# @1
2003042,Rosal III,Plantar @item_444# en @item_103# @1#r(@item_313# normalmente crece en hábitats como pantanos y selvas),Plantar @item_444# @1
2003043,Tusilago Ⅰ,Plantar @item_760#@1#r en @item_121# (@item_761# normalmente crece bien en el campo de hielo),Plantar @item_760#@1
2003044,Tusilago Ⅱ,Plantar @item_760#@1#r en @item_121# (@item_761# normalmente crece bien en el campo de hielo),Plantar @item_760#@1
2003045,Tusilago Ⅲ,Plantar @item_760#@1#r en @item_121# (@item_761# normalmente crece bien en el campo de hielo),Plantar @item_760#@1
2004001,Maíz I,"Cultivar @item_11400#@1#r(Plantar @item_11400# en @item_102#, y recolectar cuando esté maduro para obtener @item_229#)",Cultivar @item_11400#@1
2004002,Maíz II,"Cultivar @item_11400#@1#r(Plantar @item_11400# en @item_102#, y recolectar cuando esté maduro para obtener @item_229#)",Cultivar @item_11400#@1
2004003,Maíz III,"Cultivar @item_11400#@1#r(Plantar @item_11400# en @item_102#, y recolectar cuando esté maduro para obtener @item_229#)",Cultivar @item_11400#@1
2004004,Batata I,"Cultivar @item_241#@1#r(Plantar @item_241# en @item_102#, y recolectarlo cuando esté maduro para obtener @item_241#)",Cultivar @item_241#@1
2004005,Batata II,"Cultivar @item_241#@1#r(Plantar @item_241# en @item_102#, y recolectarlo cuando esté maduro para obtener @item_241#)",Cultivar @item_241#@1
2004006,Batata III,"Cultivar @item_241#@1#r(Plantar @item_241# en @item_102#, y recolectarlo cuando esté maduro para obtener @item_241#)",Cultivar @item_241#@1
2004007,Algodón I,"Cultivar @item_11419#@1#r(Plantar @item_11419# en @item_102#, y recolectarlo cuando esté maduro para obtener @item_12600#)",
2004008,Algodón II,"Cultivar @item_11419#@1#r(Plantar @item_11419# en @item_102#, y recolectarlo cuando esté maduro para obtener @item_12600#)",Cultivar @item_11419#@1
2004009,Algodón III,"Cultivar @item_11419#@1#r(Plantar @item_11419# en @item_102#, y recolectarlo cuando esté maduro para obtener @item_12600#)",Cultivar @item_11419#@1
2004010,Sandía I,"Cultivar @item_11402#@1#r(Plantar @item_11402# en @item_102#, y recolectarlo cuando esté maduro para obtener @item_239#)",Cultivar @item_11402#@1
2004011,Sandía II,"Cultivar @item_11402#@1#r(Plantar @item_11402# en @item_102#, y recolectarlo cuando esté maduro para obtener @item_239#)",Cultivar @item_11402#@1
2004012,Sandía III,"Cultivar @item_11402#@1#r(Plantar @item_11402# en @item_102#, y recolectarlo cuando esté maduro para obtener @item_239#)",Cultivar @item_11402#@1
2004013,Fruto azul gigante I,"Cultivar @item_11401#@1#r(Plantar @item_11401# en @item_102#, y recolectarlo cuando esté maduro para obtener @item_230#)",Cultivar @item_11401#@1
2004014,Fruto azul gigante II,"Cultivar @item_11401#@1#r(Plantar @item_11401# en @item_102#, y recolectarlo cuando esté maduro para obtener @item_230#)",Cultivar @item_11401#@1
2004015,Fruto azul gigante III,"Cultivar @item_11401#@1#r(Plantar @item_11401# en @item_102#, y recolectarlo cuando esté maduro para obtener @item_230#)",Cultivar @item_11401#@1
2004016,Pepino I,"Cultivar @item_236#@1#r(Plantar @item_236# en @item_102#, y recolectarlo cuando esté maduro para obtener @item_236#)",Cultivar @item_236#@1
2004017,Pepino II,"Cultivar @item_236#@1#r(Plantar @item_236# en @item_102#, y recolectarlo cuando esté maduro para obtener @item_236#)",Cultivar @item_236#@1
2004018,Pepino III,"Cultivar @item_236#@1#r(Plantar @item_236# en @item_102#, y recolectarlo cuando esté maduro para obtener @item_236#)",Cultivar @item_236#@1
2004019,Arroz I,"Cultivar @item_234#@1#r(Plantar @item_11404# en agua de un bloque de profundidad, y recolectarlo cuando esté maduro para obtener @item_234#)",Cultivar @item_234#@1
2004020,Arroz II,"Cultivar @item_234#@1#r(Plantar @item_11404# en agua de un bloque de profundidad, y recolectarlo cuando esté maduro para obtener @item_234#)",Cultivar @item_234#@1
2004021,Arroz III,"Cultivar @item_234#@1#r(Plantar @item_11404# en agua de un bloque de profundidad, y recolectarlo cuando esté maduro para obtener @item_234#)",Cultivar @item_234#@1
2004022,Piña de equinoccio I,Cultivar @item_11654#@1#r(Plantar @item_1194# en @item_150# y recolectar una vez maduro para obtener @item_11654#),Cultivar @item_11654#@1
2004023,Piña de equinoccio II,Cultivar @item_11654#@1#r(Plantar @item_1194# en @item_150# y recolectar una vez maduro para obtener @item_11654#),Cultivar @item_11654#@1
2004024,Piña de equinoccio III,Cultivar @item_11654#@1#r(Plantar @item_1194# en @item_150# y recolectar una vez maduro para obtener @item_11654#),Cultivar @item_11654#@1
2004025,Coral I,"Plantar @item_11915# en @item_25#@1#r (Los corales deben ser plantados en agua, además de @item_25#, también se pueden plantar en @item_29# y @item_128#)",Plantar @item_11915# @1
2004026,Coral II,"Plantar @item_11915# en @item_25#@1#r (Los corales deben ser plantados en agua, además de @item_25#, también se pueden plantar en @item_29# y @item_128#)",Plantar @item_11915# @1
2004027,Coral III,"Plantar @item_11915# en @item_25#@1#r (Los corales deben ser plantados en agua, además de @item_25#, también se pueden plantar en @item_29# y @item_128#)",Plantar @item_11915# @1
2004028,Algas luminosas I,Plantar @item_11658# en @item_23# (las semillas lanzadas necesitan caer en la parte superior de @item_23# para poder germinar),Plantar @item_11658#@1
2004029,Algas luminosas II,Plantar @item_11658# en @item_23# (las semillas lanzadas necesitan caer en la parte superior de @item_23# para poder germinar),Plantar @item_11658# @1
2004030,Algas luminosas III,Plantar @item_11658# en @item_23# (las semillas lanzadas necesitan caer en la parte superior de @item_23# para poder germinar),Plantar @item_11658# @1
2005001,Canal de alimentación,,Procesar @item_1753#@1
2005002,Alimento,"Procesar @item_11534#@1#r(Los alimentos para animales se dividen en diferentes tipos, y los animales con diferentes hábitos alimenticios solo comerán el alimento que les gusta)",Procesar @item_11534#@1
2005003,llenar el canal de alimentación,"Poner @item_11534# en @item_1753#@1#r (después de llenar el canal de alimentación, los animales cautivos circundantes comerán solos cuando tengan hambre)",llenar @item_1753# con @item_11534#
2005004,Alpaca,Procesar @item_822 # @1#r (los mamíferos necesitan estar cerca de @item_822 para reproducirse),Procesar @item_822 # @1
2005005,Reproducir pájaro dodo I,Reproducir pájaro dodo @1#r (pájaro Dodo necesita tener @item_1019# en su entorno para poner huevos),Reproducir pájaro dodo @1
2005006,Reproducir pájaro dodo II,Reproducir pájaro dodo @1#r (pájaro Dodo necesita tener @item_1019# en su entorno para poner huevos),Reproducir pájaro dodo @1
2005007,Reproducir pájaro dodo III,Reproducir pájaro dodo @1#r (pájaro Dodo necesita tener @item_1019# en su entorno para poner huevos),Reproducir pájaro dodo @1
2005008,Reproducir rinoceronte I,Reproducir rinoceronte @1#r (rinoceronte necesita tener @item_822# en su entorno para reproducirse),Reproducir rinoceronte @1
2005009,Reproducir rinoceronte Ⅱ,Reproducir rinoceronte @1#r (rinoceronte necesita tener @item_822# en su entorno para reproducirse),Reproducir rinoceronte @1
2005010,Reproducir rinoceronte Ⅲ,Reproducir rinoceronte @1#r (rinoceronte necesita tener @item_822# en su entorno para reproducirse),Reproducir rinoceronte @1
2005011,Reproducir Tonton Ⅰ,Reproducir Tonton@1#r (Tonton necesita tener @item_822# en su entorno para reproducirse),Reproducir Tonton@1
2005012,Reproducir Tonton II,Reproducir Tonton@1#r (Tonton necesita tener @item_822# en su entorno para reproducirse),Reproducir Tonton@1
2005013,Reproducir Tonton III,Reproducir Tonton@1#r (Tonton necesita tener @item_822# en su entorno para reproducirse),Reproducir Tonton@1
2005014,Reproducir VenanoⅠ,Reproducir Venano @1#r (Venano necesita tener @item_822# en su entorno para reproducirse),Reproducir Venano @1
2005015,Reproducir Venano II,Reproducir Venano @1#r (Venano necesita tener @item_822# en su entorno para reproducirse),Reproducir Venano @1
2005016,Reproducir Venano III,Reproducir Venano @1#r (Venano necesita tener @item_822# en su entorno para reproducirse),Reproducir Venano @1
2005017,Reproducir zorro I,Reproducir Zorro@1#r (zorros necesita tener @item_822# en su entorno para reproducirse),Reproducir Zorro@1
2005018,Reproducir zorro II,Reproducir Zorro@1#r (zorros necesita tener @item_822# en su entorno para reproducirse),Reproducir Zorro@1
2005019,Reproducir zorro III,Reproducir Zorro@1#r (zorros necesita tener @item_822# en su entorno para reproducirse),Reproducir Zorro@1
2005020,Reproducir pingüinos I,Reproducir pingüinos@1,Reproducir pingüinos@1
2005021,Reproducir pingüinos II,Reproducir pingüinos@1,Reproducir pingüinos@1
2005022,Reproducir pingüinos III,Reproducir pingüinos@1,Reproducir pingüinos@1
2005023,Reproducir avestruz salvajeⅠ,Reproducir avestruz salvaje @1#r (avestruz salvaje necesita tener @item_1019# en su entorno para poner huevos),Reproducir avestruz salvaje @1
2005024,Reproducir avestruz salvaje II,Reproducir avestruz salvaje @1#r (avestruz salvaje necesita tener @item_1019# en su entorno para poner huevos),Reproducir avestruz salvaje @1
2005025,Reproducir avestruz salvaje III,Reproducir avestruz salvaje @1#r (avestruz salvaje necesita tener @item_1019# en su entorno para poner huevos),Reproducir avestruz salvaje @1
2005026,Reproducir oso polar salvajeⅠ,Reproducir oso polar salvaje @1#r (oso polar salvaje necesita tener @item_822# en su entorno para reproducirse),Reproducir oso polar salvaje @1
2005027,Reproducir oso polar salvaje Ⅱ,Reproducir oso polar salvaje @1#r (oso polar salvaje necesita tener @item_822# en su entorno para reproducirse),Reproducir oso polar salvaje @1
2005028,Reproducir oso polar salvaje III,Reproducir oso polar salvaje @1#r (oso polar salvaje necesita tener @item_822# en su entorno para reproducirse),Reproducir oso polar salvaje @1
2005029,Reproducir PolloⅠ,Reproducir Pollo@1,Reproducir Pollo@1
2005030,Reproducir Pollo Ⅱ,Reproducir Pollo@1,Reproducir Pollo@1
2005031,Reproducir Pollo Ⅲ,Reproducir Pollo@1,Reproducir Pollo@1
2005032,Reproducir Pollo volador Ⅰ,Reproducir Pollo volador@1,Reproducir Pollo volador@1
2005033,Reproducir Pollo volador Ⅱ,Reproducir Pollo volador@1,Reproducir Pollo volador@1
2005034,Reproducir Pollo volador Ⅲ,Reproducir Pollo volador@1,Reproducir Pollo volador@1
2005035,Reproducir Mono SalvajeⅠ,Reproducir Mono Salvaje@1,Reproducir Mono Salvaje@1
2005036,Reproducir Mono Salvaje Ⅱ,Reproducir Mono Salvaje@1,Reproducir Mono Salvaje@1
2005037,Reproducir Mono Salvaje Ⅲ,Reproducir Mono Salvaje@1,Reproducir Mono Salvaje@1
2005038,Criar Conejo de Nieve Ⅰ,Criar Conejo de Nieve @1,Criar Conejo de Nieve @1
2005039,Criar Conejo de Nieve Ⅱ,Criar Conejo de Nieve @1,Criar Conejo de Nieve @1
2005040,Criar Conejo de Nieve Ⅲ,Criar Conejo de Nieve @1,Criar Conejo de Nieve @1
2005041,Criar Yak Ⅰ,Criar Yak @1,Criar Yak @1
2005042,Criar Yak Ⅱ,Criar Yak @1,Criar Yak @1
2005043,Criar Yak Ⅲ,Criar Yak @1,Criar Yak @1
2006001,Domesticar rinoceronte I,Domesticar rinoceronte con @item_12500#@1,Domesticar rinoceronte con @item_12500#@1
2006002,Domesticar rinoceronte Ⅱ,Domesticar rinoceronte con @item_12500#@1,Domesticar rinoceronte con @item_12500#@1
2006003,Domesticar rinoceronte Ⅲ,Domesticar rinoceronte con @item_12500#@1,Domesticar rinoceronte con @item_12500#@1
2006004,Domesticar zorroⅠ,Domesticar zorro con @item_12052#@1,Domesticar zorro con @item_12052#@1
2006005,Domesticar zorro Ⅱ,Domesticar zorro con @item_12052#@1,Domesticar zorro con @item_12052#@1
2006006,Domesticar zorro Ⅲ,Domesticar zorro con @item_12052#@1,Domesticar zorro con @item_12052#@1
2006007,Domesticar avestruz salvaje I,Domesticar avestruz salvaje@1,Domesticar avestruz salvaje@1
2006008,Domesticar avestruz salvaje II,Domesticar avestruz salvaje@1,Domesticar avestruz salvaje@1
2006009,Domesticar avestruz salvaje III,Domesticar avestruz salvaje@1,Domesticar avestruz salvaje@1
2006010,Domesticar oso polar salvaje I,Domesticar oso polar salvaje@1,Domesticar oso polar salvaje@1
2006011,Domesticar oso polar salvaje II,Domesticar oso polar salvaje@1,Domesticar oso polar salvaje@1
2006012,Domesticar oso III,Domesticar oso polar salvaje@1,Domesticar oso polar salvaje@1
2006013,Domesticar velocirraptor salvaje I,Domesticar velocirraptor salvaje con @item_12543#@1,Domesticar velocirraptor salvaje con @item_12543# @1
2006014,Domesticar velocirraptor salvaje II,Domesticar velocirraptor salvaje con @item_12543# @1,Domesticar velocirraptor salvaje con @item_12543# @1
2006015,Domesticar velocirraptor salvaje III,Domesticar velocirraptor salvaje con @item_12543# @1,Domesticar velocirraptor salvaje con @item_12543# @1
2006016,Domesticar monstruo salvaje I,Domesticar monstruo salvaje con @item_12576# @1,Domesticar monstruo salvaje con @item_12576# @1
2006017,Domesticar monstruo salvaje II,Domesticar monstruo salvaje con @item_12576# @1,Domesticar monstruo salvaje con @item_12576# @1
2006018,Domesticar monstruo salvaje III,Domesticar monstruo salvaje con @item_12576# @1,Domesticar monstruo salvaje con @item_12576# @1
2006019,Domesticar panda salvaje I,Domesticar panda salvaje con @item_251#@1,Domesticar panda salvaje con @item_251#@1
2006020,Domesticar panda salvaje II,Domesticar panda salvaje con @item_251#@1,Domesticar panda salvaje con @item_251#@1
2006021,Domesticar panda salvaje III,Domesticar panda salvaje con @item_251#@1,Domesticar panda salvaje con @item_251#@1
2006022,Domesticar pollo volador I,Domesticar pollo volador con @item_12601#@1,Domesticar pollo volador con @item_12601#@1
2006023,Domesticar pollo volador II,Domesticar pollo volador con @item_12601#@1,Domesticar pollo volador con @item_12601#@1
2006024,Domesticar pollo volador III,Domesticar pollo volador con @item_12601#@1,Domesticar pollo volador con @item_12601#@1
2006025,Domesticar mono salvaje I,Domesticar mono salvaje con @item_11599# @1,Domesticar mono salvaje con @item_11599# @1
2006026,Domesticar mono salvaje II,Domesticar mono salvaje con @item_11599# @1,Domesticar mono salvaje con @item_11599# @1
2006027,Domesticar mono salvaje III,Domesticar mono salvaje con @item_11599# @1,Domesticar mono salvaje con @item_11599# @1
2006028,Domesticar cangrejo de Lava I,Domesticar cangrejo de Lava con @item_12521# @1,Domesticar cangrejo de Lava con @item_12521# @1
2006029,Domesticar cangrejo de Lava II,Domesticar cangrejo de Lava con @item_12521# @1,Domesticar cangrejo de Lava con @item_12521# @1
2006030,Domesticar cangrejo de Lava III,Domesticar cangrejo de Lava con @item_12521# @1,Domesticar cangrejo de Lava con @item_12521# @1
2006031,Domesticar gorrión I,Domesticar gorrión con @item_12603# @1,Domesticar gorrión con @item_12603# @1
2006032,Domesticar gorrión II,Domesticar gorrión con @item_12603# @1,Domesticar gorrión con @item_12603# @1
2006033,Domesticar gorrión III,Domesticar gorrión con @item_12603# @1,Domesticar gorrión con @item_12603# @1
2006034,Domesticar el camello I,Domesticar el camello con @item_12613#@1,Domesticar el camello con @item_12613#@1
2006035,Domesticar el camello II,Domesticar el camello con @item_12613#@1,Domesticar el camello con @item_12613#@1
2006036,Domesticar el camello III,Domesticar el camello con @item_12613#@1,Domesticar el camello con @item_12613#@1
2007001,Asar carne de rinoceronte I,Cocinar @item_12516# en @item_1200# hasta que esté cocido y se convierta en @item_12517#@1,Asar @item_12516#@1
2007002,Asar carne de rinoceronte II,Cocinar @item_12516# en @item_1200# hasta que esté cocido y se convierta en @item_12517#@1,Asar @item_12516#@1
2007003,Asar carne de rinoceronte III,Cocinar @item_12516# en @item_1200# hasta que esté cocido y se convierta en @item_12517#@1,Asar @item_12516#@1
2007004,Asar carne de pájaro dodo I,Cocinar @item_12518# en @item_1200# hasta que esté cocido y se convierta en @item_12519#@1,Asar @item_12518#@1
2007005,Asar carne de pájaro dodo II,Cocinar @item_12518# en @item_1200# hasta que esté cocido y se convierta en @item_12519#@1,Asar @item_12518#@1
2007006,Asar carne de pájaro dodo III,Cocinar @item_12518# en @item_1200# hasta que esté cocido y se convierta en @item_12519#@1,Asar @item_12518#@1
2007007,Asar carne de venano I,Cocinar @item_12530# en @item_1200# hasta que esté cocido y se convierta en @item_12531#@1,Asar @item_12530#@1
2007008,Asar carne de venano II,Cocinar @item_12530# en @item_1200# hasta que esté cocido y se convierta en @item_12531#@1,Asar @item_12530#@1
2007009,Asar carne de venano Ⅲ,Cocinar @item_12530# en @item_1200# hasta que esté cocido y se convierta en @item_12531#@1,Asar @item_12530#@1
2007010,Asar carne de tonton I,Cocinar @item_12522# en @item_1200# hasta que esté cocido y se convierta en @item_12523#@1,Asar @item_12522#@1
2007011,Asar carne de Tonton II,Cocinar @item_12522# en @item_1200# hasta que esté cocido y se convierta en @item_12523#@1,Asar @item_12522#@1
2007012,Asar carne de Tonton III,Cocinar @item_12522# en @item_1200# hasta que esté cocido y se convierta en @item_12523#@1,Asar @item_12522#@1
2007013,Asar pierna de avestruz I,Cocinar @item_12607# en @item_1200# hasta que esté cocido y se convierta en @item_12608#@1,Asar @item_12607#@1
2007014,Asar pierna de avestruz II,Cocinar @item_12607# en @item_1200# hasta que esté cocido y se convierta en @item_12608#@1,Asar @item_12607#@1
2007015,Asar pierna de avestruz III,Cocinar @item_12607# en @item_1200# hasta que esté cocido y se convierta en @item_12608#@1,Asar @item_12607#@1
2007016,Asar Pez gugu I,Cocinar @item_12520# en @item_1200# hasta que esté cocido y se convierta en @item_12521#@1,Asar @item_12520#@1
2007017,Asar Pez gugu II,Cocinar @item_12520# en @item_1200# hasta que esté cocido y se convierta en @item_12521#@1,Asar @item_12520#@1
2007018,Asar Pez gugu  III,Cocinar @item_12520# en @item_1200# hasta que esté cocido y se convierta en @item_12521#@1,Asar @item_12520#@1
2007019,Asar pez payasoⅠ,Cocinar @item_12703# en @item_1200# hasta que esté cocido y se convierta en @item_12705#@1,Asar @item_12703#@1
2007020,Asar pez payaso II,Cocinar @item_12703# en @item_1200# hasta que esté cocido y se convierta en @item_12705#@1,Asar @item_12703#@1
2007021,Asar pez payaso III,Cocinar @item_12703# en @item_1200# hasta que esté cocido y se convierta en @item_12705#@1,Asar @item_12703#@1
2007022,Asar pez Kuku I,Cocinar @item_12704# en @item_1200# hasta que esté cocido y se convierta en @item_12706#@1,Asar @item_12704#@1
2007023,Asar pez Kuku Ⅱ,Cocinar @item_12704# en @item_1200# hasta que esté cocido y se convierta en @item_12706#@1,Asar @item_12704#@1
2007024,Asar pez Kuku III,Cocinar @item_12704# en @item_1200# hasta que esté cocido y se convierta en @item_12706#@1,Asar @item_12704#@1
2008001,Brochetas de brotes de bambúⅠ,Cocina @item_11229#@1 en @item_794#,Cocinar @item_11229#@1
2008002,Brochetas de brotes de bambú II,Cocina @item_11229#@1 en @item_794#,Cocinar @item_11229#@1
2008003,Brochetas de brotes de bambú III,Cocina @item_11229#@1 en @item_794#,Cocinar @item_11229#@1
2008004,Fideos I,Cocina @item_12502#@1 en @item_200108#,Cocinar @item_12502#@1
2008005,Fideos II,Cocina @item_12502#@1 en @item_200108#,Cocinar @item_12502#@1
2008006,Fideos III,Cocina @item_12502#@1 en @item_200108#,Cocinar @item_12502#@1
2008007,Bocadillos de maíz I,Cocina @item_12507#@1 en @item_200108#,Cocinar @item_12507#@1
2008008,Bocadillos de maíz II,Cocina @item_12507#@1 en @item_200108#,Cocinar @item_12507#@1
2008009,Bocadillos de maíz III,Cocina @item_12507#@1 en @item_200108#,Cocinar @item_12507#@1
2008010,Carne de Pájaro Dodo cocinado con brotes de bambú I,Cocina @item_12510#@1 en @item_200108#,Cocinar @item_12510#@1
2008011,Carne de Pájaro Dodo cocinado con brotes de bambú II,Cocina @item_12510#@1 en @item_200108#,Cocinar @item_12510#@1
2008012,Carne de Pájaro Dodo cocinado con brotes de bambú III,Cocina @item_12510#@1 en @item_200108#,Cocinar @item_12510#@1
2008013,Puré de batata I,Cocina @item_12512#@1 en @item_200108#,Cocinar @item_12512#@1
2008014,Puré de batata II,Cocina @item_12512#@1 en @item_200108#,Cocinar @item_12512#@1
2008015,Puré de batata III,Cocina @item_12512#@1 en @item_200108#,Cocinar @item_12512#@1
2008016,Arroz cocinado I,Cocina @item_12529#@1 en @item_200108#,Cocinar @item_12529#@1
2008017,Arroz cocinado II,Cocina @item_12529#@1 en @item_200108#,Cocinar @item_12529#@1
2008018,Arroz cocinado III,Cocina @item_12529#@1 en @item_200108#,Cocinar @item_12529#@1
2008019,Huevos de avestruz fritos,Cocina @item_12609#@1 en @item_200108#,Cocinar @item_12609#@1
2008020,Huevos de avestruz fritos II,Cocina @item_12609#@1 en @item_200108#,Cocinar @item_12609#@1
2008021,Huevos de avestruz fritos III,Cocina @item_12609#@1 en @item_200108#,Cocinar @item_12609#@1
2008022,Fideos con huevo frito I,Cocina @item_12540#@1 en @item_200108#,Cocinar @item_12540# @1
2008023,Fideos con huevo frito II,Cocina @item_12540#@1 en @item_200108#,Cocinar @item_12540# @1
2008024,Fideos con huevo frito III,Cocina @item_12540#@1 en @item_200108#,Cocinar @item_12540# @1
2008025,Papas fritas I,Cocina @item_12541#@1 en @item_200108#,Cocinar @item_12541#1@1
2008026,Papas fritas II,Cocina @item_12541#@1 en @item_200108#,Cocinar @item_12541#1@1
2008027,Papas fritas III,Cocina @item_12541#@1 en @item_200108#,Cocinar @item_12541#1@1
2008028,Guiso vegetal I,Cocina @item_12542#@1 en @item_200108#,Cocinar @item_12542# @1
2008029,Guiso vegetal II,Cocina @item_12542#@1 en @item_200108#,Cocinar @item_12542# @1
2008030,Guiso vegetal III,Cocina @item_12542#@1 en @item_200108#,Cocinar @item_12542# @1
2008031,Cubeta de Dodo asado familiar Ⅰ,Cocina @item_12543#@1 en @item_200108#,Cocinando @item_12543# @1
2008032,Cubeta de Dodo asado familiar Ⅱ,Cocina @item_12543#@1 en @item_200108#,Cocinando @item_12543# @1
2008033,Cubeta de Dodo asado familiar Ⅲ,Cocina @item_12543#@1 en @item_200108#,Cocinando @item_12543# @1
2008034,Fideos con carne asada Ⅰ,Cocina @item_12544#@1 en @item_200108#,Cocinando @item_12544# @1
2008035,Fideos con carne asada Ⅱ,Cocina @item_12544#@1 en @item_200108#,Cocinando @item_12544# @1
2008036,Fideos con carne asada Ⅲ,Cocina @item_12544#@1 en @item_200108#,Cocinando @item_12544# @1
2008037,Cazuela de Venado Ⅰ,Cocina @item_12545#@1 en @item_200108#,Cocinando @item_12545# @1
2008038,Cazuela de Venado Ⅱ,Cocina @item_12545#@1 en @item_200108#,Cocinando @item_12545# @1
2008039,Cazuela de Venado Ⅲ,Cocina @item_12545#@1 en @item_200108#,Cocinando @item_12545# @1
2008040,Jamón Ⅰ,Cocina @item_12546#@1 en @item_200108#,Cocinando @item_12546# @1
2008041,Jamón Ⅱ,Cocina @item_12546#@1 en @item_200108#,Cocinando @item_12546# @1
2008042,Jamón Ⅲ,Cocina @item_12546#@1 en @item_200108#,Cocinando @item_12546# @1
2008043,Dulce de leche Ⅰ,Cocina @item_12549#@1 en @item_200108#,Cocinando @item_12549# @1
2008044,Dulce de leche Ⅱ,Cocina @item_12549#@1 en @item_200108#,Cocinando @item_12549# @1
2008045,Dulce de leche Ⅲ,Cocina @item_12549#@1 en @item_200108#,Cocinando @item_12549# @1
2009001,Progreso del chef,Crea @item_200109#@1#r (Debes colocar @item_200109# sobre la @item_1200# encendida para cocinar alimentos con un sabor más delicioso),Crea @item_200109#@1
2009002,Pizza a la parrilla Ⅰ,Cocina @item_830#@1 en @item_200109#,Cocinando @item_830# @1
2009003,Pizza a la parrilla Ⅱ,Cocina @item_830#@1 en @item_200109#,Cocinando @item_830# @1
2009004,Pizza a la parrilla Ⅲ,Cocina @item_830#@1 en @item_200109#,Cocinando @item_830# @1
2009005,Pizza vegetariana Ⅰ,Cocina @item_831#@1 en @item_200109#,Cocinando @item_831# @1
2009006,Pizza vegetariana Ⅱ,Cocina @item_831#@1 en @item_200109#,Cocinando @item_831# @1
2009007,Pizza vegetariana Ⅲ,Cocina @item_831#@1 en @item_200109#,Cocinando @item_831# @1
2009008,Tiras de fruto azul Ⅰ,Cocina @item_12515#@1 en @item_200109#,Cocinando @item_12515# @1
2009009,Tiras de fruto azul Ⅱ,Cocina @item_12515#@1 en @item_200109#,Cocinando @item_12515# @1
2009010,Tiras de fruto azul Ⅲ,Cocina @item_12515#@1 en @item_200109#,Cocinando @item_12515# @1
2009011,Jamón oloroso Ⅰ,Cocina @item_12547#@1 en @item_200109#,Cocinando @item_12547# @1
2009012,Jamón oloroso Ⅱ,Cocina @item_12547#@1 en @item_200109#,Cocinando @item_12547# @1
2009013,Jamón oloroso Ⅲ,Cocina @item_12547#@1 en @item_200109#,Cocinando @item_12547# @1
2009014,Jamón de cangrejo Ⅰ,Cocina @item_12548#@1 en @item_200109#,Cocinando @item_12548# @1
2009015,Jamón de cangrejo Ⅱ,Cocina @item_12548#@1 en @item_200109#,Cocinando @item_12548# @1
2009016,Jamón de cangrejo Ⅲ,Cocina @item_12548#@1 en @item_200109#,Cocinando @item_12548# @1
2009017,Deliciosos fideos con huevo Ⅰ,Cocina @item_12550#@1 en @item_200109#,Cocinando @item_12550# @1
2009018,Deliciosos fideos con huevo Ⅱ,Cocina @item_12550#@1 en @item_200109#,Cocinando @item_12550# @1
2009019,Deliciosos fideos con huevo Ⅲ,Cocina @item_12550#@1 en @item_200109#,Cocinando @item_12550# @1
2009020,Deliciosas papas fritas Ⅰ,Cocina @item_12551#@1 en @item_200109#,Cocinando @item_12551# @1
2009021,Deliciosas papas fritas Ⅱ,Cocina @item_12551#@1 en @item_200109#,Cocinando @item_12551# @1
2009022,Deliciosas papas fritas Ⅲ,Cocina @item_12551#@1 en @item_200109#,Cocinando @item_12551# @1
2009023,Exquisitas Tiras de fruta azul Ⅰ,Cocina @item_12552#@1 en @item_200109#,Cocinando @item_12552# @1
2009024,Exquisitas Tiras de fruta azul Ⅱ,Cocina @item_12552#@1 en @item_200109#,Cocinando @item_12552# @1
2009025,Exquisitas Tiras de fruta azul Ⅲ,Cocina @item_12552#@1 en @item_200109#,Cocinando @item_12552# @1
2009026,Delicioso gofre de maíz I,Cocina @item_12553#@1 en @item_200109#,Cocinando @item_12553# @1
2009027,Delicioso gofre de maíz Ⅱ,Cocina @item_12553#@1 en @item_200109#,Cocinando @item_12553# @1
2009028,Delicioso gofre de maíz Ⅲ,Cocina @item_12553#@1 en @item_200109#,Cocinando @item_12553# @1
2009029,Exquisito guiso vegetal Ⅰ,Cocina @item_12554#@1 en @item_200109#,Cocinando @item_12554# @1
2009030,Exquisito guiso vegetal Ⅱ,Cocina @item_12554#@1 en @item_200109#,Cocinando @item_12554# @1
2009031,Exquisito guiso vegetal Ⅲ,Cocina @item_12554#@1 en @item_200109#,Cocinando @item_12554# @1
2009032,Dodo asado delicioso Ⅰ,Cocina @item_12558#@1 en @item_200109#,Cocinando @item_12558# @1
2009033,Dodo asado delicioso Ⅱ,Cocina @item_12558#@1 en @item_200109#,Cocinando @item_12558# @1
2009034,Dodo asado delicioso Ⅲ,Cocina @item_12558#@1 en @item_200109#,Cocinando @item_12558# @1
2009035,Exquisitos fideos con carne asada Ⅰ,Cocina @item_12559#@1 en @item_200109#,Cocinando @item_12559# @1
2009036,Exquisitos fideos con carne asada Ⅱ,Cocina @item_12559#@1 en @item_200109#,Cocinando @item_12559# @1
2009037,Exquisitos fideos con carne asada Ⅲ,Cocina @item_12559#@1 en @item_200109#,Cocinando @item_12559# @1
2009038,Deliciosa cazuela de venado Ⅰ,Cocina @item_12560#@1 en @item_200109#,Cocinando @item_12560# @1
2009039,Deliciosa cazuela de venado Ⅱ,Cocina @item_12560#@1 en @item_200109#,Cocinando @item_12560# @1
2009040,Deliciosa cazuela de venado Ⅲ,Cocina @item_12560#@1 en @item_200109#,Cocinando @item_12560# @1
2009041,Jamón sabroso Ⅰ,Cocina @item_12561#@1 en @item_200109#,Cocinando @item_12561# @1
2009042,Jamón sabroso Ⅱ,Cocina @item_12561#@1 en @item_200109#,Cocinando @item_12561# @1
2009043,Jamón sabroso Ⅲ,Cocina @item_12561#@1 en @item_200109#,Cocinando @item_12561# @1
2009044,Sabroso jamón oloroso Ⅰ,Cocina @item_12562#@1 en @item_200109#,Cocinando @item_12562# @1
2009045,Sabroso jamón oloroso Ⅱ,Cocina @item_12562#@1 en @item_200109#,Cocinando @item_12562# @1
2009046,Sabroso jamón oloroso Ⅲ,Cocina @item_12562#@1 en @item_200109#,Cocinando @item_12562# @1
2009047,Sabroso jamón de cangrejo Ⅰ,Cocina @item_12563#@1 en @item_200109#,Cocinando @item_12563# @1
2009048,Sabroso jamón de cangrejo Ⅱ,Cocina @item_12563#@1 en @item_200109#,Cocinando @item_12563# @1
2009049,Sabroso jamón de cangrejo Ⅲ,Cocina @item_12563#@1 en @item_200109#,Cocinando @item_12563# @1
2010001,Erhu,Sintetiza y toca en tu @item_11900#@1#r (Presiona el botón derecho del mouse en PC o mantén el botón de acción en dispositivos móviles para tocar música),Tocar @item_11900#@1
2010002,Suona,Sintetiza y toca en tu @item_11906#@1#r (Presiona el botón derecho del mouse en PC o mantén el botón de acción en dispositivos móviles para tocar música),Tocar @item_11906#@1
2010003,Lute,Sintetiza y toca en tu @item_11907#@1#r (Presiona el botón derecho del mouse en PC o mantén el botón de acción en dispositivos móviles para tocar música),Tocar @item_11907#@1
2010004,Flauta,Sintetiza y toca en tu @item_11908#@1#r (Presiona el botón derecho del mouse en PC o mantén el botón de acción en dispositivos móviles para tocar música),Tocar @item_11908#@1
2010005,Tambor,Sintetiza y toca en tu @item_11909#@1#r (Presiona el botón derecho del mouse en PC o mantén el botón de acción en dispositivos móviles para tocar música),Tocar @item_11909#@1
2010006,Guzheng,Sintetiza y toca en tu @item_11905#@1#r (Presiona el botón derecho del mouse en PC o mantén el botón de acción en dispositivos móviles para tocar música),Tocar @item_11905#@1
2010007,Pergamino de cuero,Sintetiza un @item_11806#@1 #r (El @item_11806# puede almacenar texto),Sintetizar @item_11806#@1
2010008,Escritorio de encuadernación,Sintetiza un @item_1143#@1 #r (Puede ser utilizado para unir páginas con texto en un libro),Sintetizar @item_1143#@1
2010009,Escribir un libro,"Usa el @item_1143# para encuadernar un libro@1#r(Puedes unir tus @item_11806# que contengan texto, para escribir un libro usando @item_1143#)",Usa @item_1143# para encuadernar libros @1
2010010,Deshojar libro,Usa el @item_1143# para deshojar un libro @1#r(También puede ser usado para deshojar libros en páginas sueltas),Usa el @item_1143# para deshojar libros @1
2010011,Godete,Sintetiza un @item_498#@1#r(Puedes verter diferentes botellas de pintura para conseguir mezclas de colores en tu @item_498#),Sintetizar @item_498# @1
2010012,Tinte amarillo,Utiliza un @item_378# y un @item_11320# para sintetizar tu @item_11504#@1,Sintetizar @item_11504#@1
2010013,Tinte rojo,Utiliza un @item_12500# y un @item_11320# para sintetizar tu @item_11514#@1,Sintetizar @item_11514#@1
2010014,Tinte azul zafiro,Utiliza un @item_12583# y un @item_11320# para sintetizar tu @item_11532#@1,Sintetizar @item_11532#@1
2010015,Mezcla de color Ⅰ,Vierte @item_11504# y @item_11514# en tu @item_498# y junta la mezcla resultante con @item_11320# para obtener @item_11501#@1#r(Intenta mezclar los otros colores también!),Tras mezclar los pigmentos obtendrás @item_11501#@1
2010016,Mezcla de colores Ⅱ,Vierte @item_11504# y @item_11532# en tu @item_498# y junta la mezcla resultante con @item_11320# para obtener @item_11513#@1#r(Intenta mezclar los otros colores también!),Tras mezclar los pigmentos obtendrás @item_11513#@1
2010017,Mezcla de color Ⅲ,Vierte @item_11532# y @item_11514# en tu @item_498# y junta la mezcla resultante con @item_11320# para obtener @item_11510#@1#r(Intenta mezclar los otros colores también!),Tras mezclar los pigmentos obtendrás @item_11510#@1
2010018,Lienzo,"Sintetiza un @item_600#@1#r(Utilizando las botellas de pintura, puedes dar el color deseado a tu @item_600#, otros bloques como @item_666# o @item_632# funcionan de la misma manera)",Sintetizar @item_600#@1
2011001,Caña de pescar ordinaria,"Sintetiza @item_12721#@1#r (Podrás atrapar peces vivos con la caña de pescar, asegúrate de tirar de la caña a tiempo!)",Sintetizar @item_12721#@1
2011002,Caña de pescar de coral del cabo,"Sintetiza @item_12722#@1#r (En el pueblo pesquero, hay un pescador experto que viste una corona, puedes conseguir @item_11937# de el)",Sintetizar @item_12722#@1
2011003,Caña de pescar de coral de burbuja,"Sintetiza @item_12723#@1#r (En el pueblo pesquero, hay un pescador experto que viste una corona, puedes conseguir @item_11938# de el)",Sintetizar @item_12723#@1
2011004,Caña de pescar de coral de disco,"Sintetiza @item_12724#@1#r (En el pueblo pesquero, hay un pescador experto que viste una corona, puedes conseguir @item_11939# de el)",Sintetizar @item_12724#@1
2011005,Caña de pescar de coral de árbol,"Sintetiza @item_12725#@1#r (En el pueblo pesquero, hay un pescador experto que viste una corona, puedes conseguir @item_11940# de el)",Sintetizar @item_12725#@1
2011006,Pez Gugu dorado Ⅰ,Pesca @item_13609#@1#r(Solo puede ser atrapado con una caña de pescar de coral),Pesca @item_13609#@1
2011007,Pez Gugu dorado  Ⅱ,Pesca @item_13609#@1#r(Solo puede ser atrapado con una caña de pescar de coral),Pesca @item_13609#@1
2011008,Pez kuku oroⅠ,Pesca @item_13610#@1#r(Solo puede ser atrapado con una caña de pescar de coral),Pesca @item_13610#@1
2011009,Pez kuku oro Ⅱ,Pesca @item_13610#@1#r(Solo puede ser atrapado con una caña de pescar de coral),Pesca @item_13610#@1
2011010,Pez payaso oro Ⅰ,Pesca @item_13611#@1#r(Solo puede ser atrapado con una caña de pescar de coral),Pesca @item_13611#@1
2011011,Pez payaso oro Ⅱ,Pesca @item_13611#@1#r(Solo puede ser atrapado con una caña de pescar de coral),Pesca @item_13611#@1
2011012,Pez patinar Ⅰ,Pesca @item_13602#@1,Pesca @item_13602#@1
2011013,Pez patinar Ⅱ,Pesca @item_13602#@1,Pesca @item_13602#@1
2011014,Pez Gugu rojo Ⅰ,Pesca @item_13618#@1,Pesca @item_13618#@1
2011015,Pez Gugu rojo Ⅱ,Pesca @item_13618#@1,Pesca @item_13618#@1
2011016,Pez Kuku rojo Ⅰ,Pesca @item_13617#@1,Pesca @item_13617#@1
2011017,Pez Kuku rojo Ⅱ,Pesca @item_13617#@1,Pesca @item_13617#@1
2011018,Pez payaso violeta Ⅰ,Pesca @item_13614#@1,Pesca @item_13614#@1
2011019,Pez payaso violeta Ⅱ,Pesca @item_13614#@1,Pesca @item_13614#@1
2011020,Bebé caballito de mar,Pesca @item_13624#@1#r(Solo puede ser atrapado con una caña de pescar de coral),Pesca @item_13624#@1
2011021,Caballito de mar,Pesca @item_13623#@1#r(Solo puede ser atrapado con una caña de pescar de coral),Pesca @item_13623#@1
2011022,Pez Gugu azul claro Ⅰ,Pesca @item_13604#@1,Pesca @item_13604#@1
2011023,Pez Gugu azul claro Ⅱ,Pesca @item_13604#@1,Pesca @item_13604#@1
2011024,Pez Kuku azul claro Ⅰ,Pesca @item_13607#@1,Pesca @item_13607#@1
2011025,Pez Kuku azul claro Ⅱ,Pesca @item_13607#@1,Pesca @item_13607#@1
2011026,Pez payaso naranjo Ⅰ,Pesca @item_13619#@1,Pesca @item_13619#@1
2011027,Pez payaso naranjo Ⅱ,Pesca @item_13619#@1,Pesca @item_13619#@1
2011028,Cangrejo Ⅰ,Atrapa @item_13621#@1,Atrapa @item_13621#@1
2011029,Cangrejo Ⅱ,Atrapa @item_13621#@1,Atrapa @item_13621#@1
2011030,Pez Gugu azul oscuro Ⅰ,Pesca @item_13605#@1,Pesca @item_13605#@1
2011031,Pez Gugu azul oscuro Ⅱ,Pesca @item_13605#@1,Pesca @item_13605#@1
2011032,Pez Kuku amarillo Ⅰ,Pesca @item_13613#@1,Pesca @item_13613#@1
2011033,Pez Kuku amarillo Ⅱ,Pesca @item_13613#@1,Pesca @item_13613#@1
2011034,Pez payaso a rayas Ⅰ,Pesca @item_13616#@1,Pesca @item_13616#@1
2011035,Pez payaso a rayas Ⅱ,Pesca @item_13616#@1,Pesca @item_13616#@1
2011036,Medusa Ⅰ,Pesca @item_13626#@1,Pesca @item_13626#@1
2011037,Medusa Ⅱ,Pesca @item_13626#@1,Pesca @item_13626#@1
2011038,Pez Gugu rosa Ⅰ,Pesca @item_13612#@1,Pesca @item_13612#@1
2011039,Pez Gugu rosa Ⅱ,Pesca @item_13612#@1,Pesca @item_13612#@1
2011040,Pez Kuku verde Ⅰ,Pesca @item_13615#@1,Pesca @item_13615#@1
2011041,Pez Kuku verde Ⅱ,Pesca @item_13615#@1,Pesca @item_13615#@1
2011042,Pez payaso rosaⅠ,Pesca @item_13608#@1,Pesca @item_13608#@1
2011043,Pez payaso rosa Ⅱ,Pesca @item_13608#@1,Pesca @item_13608#@1
2011044,Pez linterna Ⅰ,Pesca @item_13600#@1,Pesca @item_13600#@1
2011045,Pez linterna Ⅱ,Pesca @item_13600#@1,Pesca @item_13600#@1
2011046,Pez Gugu negro Ⅰ,Pesca @item_13606#@1,Pesca @item_13606#@1
2011047,Pez Gugu negro Ⅱ,Pesca @item_13606#@1,Pesca @item_13606#@1
2011048,Pez diablo Ⅰ,Pesca @item_13629#@1,Pesca @item_13629#@1
2011049,Pez diablo Ⅱ,Pesca @item_13629#@1,Pesca @item_13629#@1
2011050,Pez fluorescente Ⅰ,Pesca @item_13630#@1,Pesca @item_13630#@1
2011051,Pes fluorescente Ⅱ,Pesca @item_13630#@1,Pesca @item_13630#@1
2011052,Pez volador Ⅰ,Pesca @item_13627#@1,Pesca @item_13627#@1
2011053,Pez volador Ⅱ,Pesca @item_13627#@1,Pesca @item_13627#@1
2011054,Botellas perdidas a la deriva,Pesca @item_27#@1,Pesca @item_27#@1
2011055,Botella con mapa del tesoro,Pesca @item_12616#@1#r(Solo puede ser pescado con una caña de pescar de coral),Pesca @item_12616#@1
2011056,Algas marinas crudas,Pesca @item_12615#@1,Pesca @item_12615#@1
2011057,Abono,Pesca @item_11311#@1,Pesca @item_11311#@1
2011058,Plantas marinas,Pesca @item_245#@1,Pesca @item_245#@1
2011059,Tablones flotantes,Pesca @item_248#@1,Pesca @item_248#@1
2011060,Tiburón Ⅰ,Pesca @item_13628#@1#r(Solo puede ser atrapado con una caña de pescar de coral y pescando a mar abierto),Pesca @item_13628#@1
2011061,Tiburón Ⅱ,Pesca @item_13628#@1#r(Solo puede ser atrapado con una caña de pescar de coral y pescando a mar abierto),Pesca @item_13628#@1
2012001,Roca Ⅰ,Recoge @item_104#@1#r (Puede ser encontrada en cualquier lugar de Miras),Recoge @item_104#@1
2012002,Roca Ⅱ,Recoge @item_104#@1#r (Puede ser encontrada en cualquier lugar de Miras),Recoge @item_104#@1
2012003,Mineral de cobre Ⅰ,Funde @item_451#@1#r (El cobre es un Mineral de alta abundancia en el mundo de Miras),Funde @item_451#@1
2012004,Mineral de cobre Ⅱ,Funde @item_451#@1#r (El cobre es un Mineral de alta abundancia en el mundo de Miras),Funde @item_451#@1
2012005,Mineral de hierro Ⅰ,Funde @item_401#@1#r (Mineral distribuido en cantidad moderada en el subsuelo de Miras),Funde @item_401#@1
2012006,Mineral de hierro Ⅱ,Funde @item_401#@1#r (Mineral distribuido en cantidad moderada en el subsuelo de Miras),Funde @item_401#@1
2012007,Mineral de titanio Ⅰ,"Funde @item_452#@1#r (Mineral escaso, visto en las profundidades o en las islas flotantes de Miras)",Funde @item_452#@1
2012008,Mineral de titanio Ⅱ,"Funde @item_452#@1#r (Mineral escaso, visto en las profundidades o en las islas flotantes de Miras)",Funde @item_452#@1
2012009,Mineral Tungsteno Ⅰ,Recoge @item_404#@1#r (Esparcido en la superficie de Horas),Recoge @item_404#@1
2012010,Mineral Tungsteno Ⅱ,Recoge @item_404#@1#r (Esparcido en la superficie de Horas),Recoge @item_404#@1
2012011,Mineral de Llama Ⅰ,Funde @item_400#@1#r (Encontrado rara vez en la superficie de Flamas),Funde @item_400#@1
2012012,Mineral de Llama Ⅱ,Funde @item_400#@1#r (Encontrado rara vez en la superficie de Flamas),Funde @item_400#@1
2012013,Piedra preciosa ámbar Ⅰ,Recoge @item_406#@1#r (Rara vez encontrado en el subsuelo medio y profundo de Miras),Recoge @item_406#@1
2012014,Piedra preciosa ámbar Ⅱ,Recoge @item_406#@1#r (Rara vez encontrado en el subsuelo medio y profundo de Miras),Recoge @item_406#@1
2012015,Mineral de ágata de seda Ⅰ,Recoge @item_403#@1#r (Rara vez encontrado en el subsuelo medio y profundo de Miras),Recoge @item_403#@1
2012016,Mineral de ágata de seda Ⅱ,Recoge @item_403#@1#r (Rara vez encontrado en el subsuelo medio y profundo de Miras),Recoge @item_403#@1
2012017,Mineral de mica Ⅰ,Recoge @item_407#@1#r (Mineral abundante en la superficie de Flamas),Recoge @item_407#@1
2012018,Mineral de mica Ⅱ,Recoge @item_407#@1#r (Mineral abundante en la superficie de Flamas),Recoge @item_407#@1
2012019,Mineral de cobre de Horas Ⅰ,Recoge @item_445#@1#r (Encontrado rara vez en la superficie de las islas flotantes de Horas),Recoge @item_445#@1
2012020,Mineral de cobre de Horas Ⅱ,Recoge @item_445#@1#r (Encontrado rara vez en la superficie de las islas flotantes de Horas),Recoge @item_445#@1
2012021,Bloque de mineral violeta Ⅰ,Recoge @item_446#@1 #r(Raramente encontrado en las islas flotantes de Horas),Recoge @item_446#@1
2012022,Bloque de mineral violeta Ⅱ,Recoge @item_446#@1 #r(Raramente encontrado en las islas flotantes de Horas),Recoge @item_446#@1
2012023,Mineral de runa de ataque Ⅰ,"Recoge @item_453#@1 #r(Comúnmente encontrado en áreas subterráneas y volcánicas, mas productivo en áreas pantanosas)",Recoge @item_453#@1
2012024,Mineral de runa de ataque Ⅱ,"Recoge @item_453#@1 #r(Comúnmente encontrado en áreas subterráneas y volcánicas, mas productivo en áreas pantanosas)",Recoge @item_453#@1
2012025,Mineral de runa de defensa Ⅰ,"Recoge @item_454#@1 #r(Comúnmente encontrado en áreas subterráneas y volcánicas, mas productivo en áreas de selva tropical)",Recoge @item_454#@1
2012026,Mineral de runa de defensa Ⅱ,"Recoge @item_454#@1 #r(Comúnmente encontrado en áreas subterráneas y volcánicas, mas productivo en áreas de selva tropical)",Recoge @item_454#@1
2012027,Mineral de runa de eficiencia Ⅰ,"Recoge @item_455#@1 #r(Comúnmente encontrado en áreas subterráneas y volcánicas, mas productivo en áreas de hielo)",Recoge @item_455#@1
2012028,Mineral de runa de eficiencia Ⅱ,"Recoge @item_455#@1 #r(Comúnmente encontrado en áreas subterráneas y volcánicas, mas productivo en áreas de hielo)",Recoge @item_455#@1
2012029,Vidrio Ⅰ,Funde @item_11305#@1 #r(Para conseguir @item_11305# necesitas procesar @item_29# primero),Funde @item_11305#@1
2012030,Vidrio Ⅱ,Funde @item_11305#@1 #r(Para conseguir @item_11305# necesitas procesar @item_29# primero),Funde @item_11305#@1
2012031,Cemento Ⅰ,Funde @item_11200#@1 #r(Para conseguir @item_11200# necesitas procesar @item_11305# primero),Funde @item_11200#@1
2012032,Cemento Ⅱ,Funde @item_11200#@1 #r(Para conseguir @item_11200# necesitas procesar @item_11305# primero),Funde @item_11200#@1
2012033,Maquina enterrada Ⅰ,Recoge @item_598#@1#r(raramente encontrada en las profundidades de Miras),Recoge @item_598#@1
2012034,Maquina enterrada Ⅱ,Recoge @item_598#@1#r(raramente encontrada en las profundidades de Miras),Recoge @item_598#@1
2012035,Piedra del amanecer Ⅰ,Recoge item_536#@1#r(Distribuido en grandes cantidades en la estrella de Flamas),Recoge 采集@item_536#@1
2012036,Piedra del amanecer Ⅱ,Recoge item_536#@1#r (Distribuido en grandes cantidades en la estrella de Flamas),Recoge item_536#@1
2012037,Nódulos de manganeso Ⅰ,Recoge @item_24#@1#r(Distribuido a lo largo del fondo del océano de Miras),Recoge @item_24#@1
2012038,Nódulos de manganeso Ⅱ,Recoge @item_24#@1#r(Distribuido a lo largo del fondo del océano de Miras),Recoge @item_24#@1
2012039,Roca de sulfuro Ⅰ,Funde @item_124#@1#r(Es el componente principal del suelo de flamas),Funde @item_124#@1
2012040,Roca de sulfuro Ⅱ,Funde @item_124#@1#r(Es el componente principal del suelo de flamas),Funde @item_124#@1
2012041,Mineral de hielo combustible Ⅰ,Recoge @item_402#@1#r(Distribuido ampliamente en la estrella de Miras),Recoge item_402#@1
2012042,Mineral de hielo combustible Ⅱ,Recoge @item_402#@1#r(Distribuido ampliamente en la estrella de Miras),Recoge @item_402#@1
2012043,Mineral de Celestio Ⅰ,Funde @item_405#@1#r(Un mineral que contiene enormes cantidades de energía estelar y es ampliamente distribuido en Flamas),Funde @item_405#@1
2012044,Mineral de Celestio Ⅱ,Funde @item_405#@1#r(Un mineral que contiene enormes cantidades de energía estelar y es ampliamente distribuido en Flamas),Funde @item_405#@1
2012045,Mineral de Fuego Helado Ⅰ,Recoge @item_34#@1#r (se encuentra con poca frecuencia en las cuevas de montañas nevadas de Miras),Recoger @item_34#@1
2012046,Mineral de Fuego Helado Ⅱ,Recoge @item_34#@1#r (se encuentra con poca frecuencia en las cuevas de montañas nevadas de Miras),Recoger @item_34#@1
2012047,Mineral de Gema Ordinaria Ⅰ,Recoge @item_33#@1#r (se encuentra con poca frecuencia bajo la tierra en Miras),Recoger @item_33#@1
2012048,Mineral de Gema Ordinaria ⅠⅠ,Recoge @item_33#@1#r (se encuentra con poca frecuencia bajo la tierra en Miras),Recoger @item_33#@1
3001001,Arma de madera Ⅰ,Sintetiza @item_12001#@1,Sintetiza @item_12001#@1
3001002,Arma de madera Ⅱ,Sintetiza @item_12001#@1,Sintetiza @item_12001#@1
3001003,Martillo Chikuchiku Ⅰ,"Sintetiza @item_11230#@1#r (El material @item_242#, necesita ser buscado en el desierto)",Sintetiza @item_11230#@1
3001004,Martillo Chikuchiku Ⅱ,"Sintetiza @item_11230#@1#r (El material @item_242#, necesita ser buscado en el desierto)",Sintetiza @item_11230#@1
3001005,Lanza de piedra Ⅰ,Sintetiza @item_12002#@1,Sintetiza @item_12002#@1
3001006,Lanza de piedra Ⅱ,Sintetiza @item_12002#@1,Sintetiza @item_12002#@1
3001007,Espada de oro Ⅰ,Sintetiza @item_12004#@1,Sintetiza @item_12004#@1
3001008,Espada de oro Ⅱ,Sintetiza @item_12004#@1,Sintetiza @item_12004#@1
3001009,Espada de hierro Ⅰ,Sintetiza @item_12003#@1,Sintetiza @item_12003#@1
3001010,Espada de hierro Ⅱ,Sintetiza @item_12003#@1,Sintetiza @item_12003#@1
3001011,Espada de tungsteno Ⅰ,Sintetiza @item_12005#@1,Sintetiza @item_12005#@1
3001012,Espada tungsteno Ⅱ,Sintetiza @item_12005#@1,Sintetiza @item_12005#@1
3001013,Segador Ⅰ,Sintetiza @item_12009#@1,Sintetiza @item_12009#@1
3001014,Segador Ⅱ,Sintetiza @item_12009#@1,Sintetiza @item_12009#@1
3001015,Martillo de guerra de titanio Ⅰ,Sintetiza @item_12010#@1,Sintetiza @item_12010#@1
3001016,Martillo de guerra de titanio Ⅱ,Sintetiza @item_12010#@1,Sintetiza @item_12010#@1
3001017,Arpón del diablo Ⅰ,Sintetiza @item_12063#@1#r(Necesitaras encontrar al pez diablo en el océano),Sintetiza @item_12063#@1
3001018,Arpón del diablo Ⅱ,Sintetiza @item_12063#@1#r(Necesitaras encontrar al pez diablo en el océano),Sintetiza @item_12063#@1
3001019,Escudo de cáscara de escorpión Ⅰ,"Sintetiza @item_12309#@1#r(Necesita conseguir una @item_11632# , obtenida al derrotar al escorpión gigante venenoso con armas contundentes)",Sintetiza @item_12309#@1
3001020,Escudo de cáscara de escorpión Ⅱ,"Sintetiza @item_12309#@1#r(Necesita conseguir una @item_11632# , obtenida al derrotar al escorpión gigante venenoso con armas contundentes)",Sintetiza @item_12309#@1
3001021,Escorpión escudo de picadura Ⅰ,"Sintetiza @item_12310#@1#r(Necesitaras una item_11633#, obtenida tras derrotar al escorpión gigante venenoso con armas contundentes)",Sintetiza @item_12310#@1
3001022,Escorpión escudo de picadura Ⅱ,"Sintetiza @item_12310#@1#r(Necesitaras una item_11633#, obtenida tras derrotar al escorpión gigante venenoso con armas contundentes)",Sintetiza @item_12310#@1
3001023,Bumerang Ⅰ,Sintetiza @item_11592#@1,Sintetiza @item_11592#@1
3001024,Bumerang Ⅱ,Sintetiza @item_11592#@1,Sintetiza @item_11592#@1
3001025,Bastón Ordinario,Sintetiza @item_11580#@1,Sintetiza @item_11580#@1
3001026,Bastón ardiente,Sintetizar @item_11581#@1,Sintetizar @item_11581#@1
3001027,Bastón Relámpago,Sintetiza @item_11582#@1,Sintetiza @item_11582#@1
3001028,Bastón de veneno,Sintetiza @item_11583#@1,Sintetiza @item_11583#@1
3001029,Bastón de Resurrección,Sintetiza @item_11584#@1,Sintetiza @item_11584#@1
3001030,Bastón de Invocación,"Sintetiza @item_11585#@1#r(Necesita @item_11575# para su elaboración, se encuentra en las ruinas del desierto)",Sintetiza @item_11585#@1
3001031,Arco corto de hierro Ⅰ,Sintetiza @item_12050#@1,Sintetiza @item_12050#@1
3001032,Arco corto de hierro Ⅱ,Sintetiza @item_12050#@1,Sintetiza @item_12050#@1
3001033,Flecha de piedra Ⅰ,Sintetiza @item_12051#@1,Sintetiza @item_12051#@1
3001034,Flecha de piedra Ⅱ,Sintetiza @item_12051#@1,Sintetiza @item_12051#@1
3001035,Arco de hueso de dragón Ⅰ,Sintetiza @item_12056#@1#r(El @item_11221# solo puede ser obtenido tras derrotar al Dragón negro),Sintetiza @item_12056#@1
3001036,Arco de hueso de dragón Ⅱ,Sintetiza @item_12056#@1#r(El @item_11221# solo puede ser obtenido tras derrotar al Dragón negro),Sintetiza @item_12056#@1
3001037,Cerbatana Ⅰ,"Sintetiza @item_12288#@1#r (Requiere @item_251# para ser sintetizado, búscalo en el bosque de Bambú)",Sintetiza @item_12288#@1
3001038,Cerbatana Ⅱ,"Sintetiza @item_12288#@1#r (Requiere @item_251# para ser sintetizado, búscalo en el bosque de Bambú)",Sintetiza @item_12288#@1
3001039,Dardo Ⅰ,Sintetiza @item_12289#@1,Sintetiza @item_12289#@1
3001040,Dardo Ⅱ,Sintetiza @item_12289#@1,Sintetiza @item_12289#@1
3001041,Cañón de agua Ⅰ,Sintetiza @item_11649#@1,Sintetiza @item_11649#@1
3001042,Cañón de agua Ⅱ,Sintetiza @item_11649#@1,Sintetiza @item_11649#@1
3001043,Arco de tiburón Ⅰ,Sintetiza @item_12061#@1,Sintetiza @item_12061#@1
3001044,Arco de tiburón Ⅱ,Sintetiza @item_12061#@1,Sintetiza @item_12061#@1
3001045,Flecha del océano Ⅰ,Sintetiza @item_12062#@1,Sintetiza @item_12062#@1
3001046,Flecha del océano Ⅱ,Sintetiza @item_12062#@1,Sintetiza @item_12062#@1
3002001,Casco de cuero Ⅰ,Sintetiza @item_12201#@1,Sintetiza @item_12201#@1
3002002,Casco de cuero Ⅱ,Sintetiza @item_12201#@1,Sintetiza @item_12201#@1
3002003,Armadura de cuero Ⅰ,Sintetiza @item_12202#@1,Sintetiza @item_12202#@1
3002004,Armadura de cuero Ⅱ,Sintetiza @item_12202#@1,Sintetiza @item_12202#@1
3002005,Pantalones de cuero Ⅰ,Sintetiza @item_12203#@1,Sintetiza @item_12203#@1
3002006,Pantalones de cuero Ⅱ,Sintetiza @item_12203#@1,Sintetiza @item_12203#@1
3002007,Botas de cuero Ⅰ,Sintetiza @item_12204#@1,Sintetiza @item_12204#@1
3002008,Botas de cuero Ⅱ,Sintetiza @item_12204#@1,Sintetiza @item_12204#@1
3002009,Casco de latón Ⅰ,Sintetiza @item_12216#@1,Sintetiza @item_12216#@1
3002010,Casco de latón Ⅱ,Sintetiza @item_12216#@1,Sintetiza @item_12216#@1
3002011,Coraza de latón Ⅰ,Sintetiza @item_12217#@1,Sintetiza @item_12217#@1
3002012,Coraza de latón Ⅱ,Sintetiza @item_12217#@1,Sintetiza @item_12217#@1
3002013,Leggings de latón Ⅰ,Sintetiza @item_12218#@1,Sintetiza @item_12218#@1
3002014,Leggings de latón Ⅱ,Sintetiza @item_12218#@1,Sintetiza @item_12218#@1
3002015,Botas de latón Ⅰ,Sintetiza @item_12219#@1,Sintetiza @item_12219#@1
3002016,Botas de latón Ⅱ,Sintetiza @item_12219#@1,Sintetiza @item_12219#@1
3002017,Casco de hierro Ⅰ,Sintetiza @item_12221#@1,Sintetiza @item_12221#@1
3002018,Casco de hierro Ⅱ,Sintetiza @item_12221#@1,Sintetiza @item_12221#@1
3002019,Armadura de hierro Ⅰ,Sintetiza @item_12222#@1,Sintetiza @item_12222#@1
3002020,Armadura de hierro Ⅱ,Sintetiza @item_12222#@1,Sintetiza @item_12222#@1
3002021,Pantalones de hierro Ⅰ,Sintetiza @item_12223#@1,Sintetiza @item_12223#@1
3002022,Pantalones de hierro Ⅱ,Sintetiza @item_12223#@1,Sintetiza @item_12223#@1
3002023,Botas de hierro Ⅰ,Sintetiza @item_12224#@1,Sintetiza @item_12224#@1
3002024,Botas de hierro Ⅱ,Sintetiza @item_12224#@1,Sintetiza @item_12224#@1
3002025,Casco de cadenas Ⅰ,Sintetiza @item_12211#@1,Sintetiza @item_12211#@1
3002026,Casco de cadenas Ⅱ,Sintetiza @item_12211#@1,Sintetiza @item_12211#@1
3002027,Armadura de cadenas Ⅰ,Sintetiza @item_12212#@1,Sintetiza @item_12212#@1
3002028,Armadura de cadenas Ⅱ,Sintetiza @item_12212#@1,Sintetiza @item_12212#@1
3002029,Pantalones de cadenas Ⅰ,Sintetiza @item_12213#@1,Sintetiza @item_12213#@1
3002030,Pantalones de cadenas Ⅱ,Sintetiza @item_12213#@1,Sintetiza @item_12213#@1
3002031,Botas de cadenas Ⅰ,Sintetiza @item_12214#@1,Sintetiza @item_12214#@1
3002032,Botas de cadenas Ⅱ,Sintetiza @item_12214#@1,Sintetiza @item_12214#@1
3002033,Casco de oro Ⅰ,Sintetiza @item_12231#@1,Sintetiza @item_12231#@1
3002034,Casco de oro Ⅱ,Sintetiza @item_12231#@1,Sintetiza @item_12231#@1
3002035,Armadura de oro Ⅰ,Sintetiza @item_12232#@1,Sintetiza @item_12232#@1
3002036,Armadura de Oro Ⅱ,Sintetiza @item_12232#@1,Sintetiza @item_12232#@1
3002037,Pantalones de oro Ⅰ,Sintetiza @item_12233#@1,Sintetiza @item_12233#@1
3002038,Pantalones de oro Ⅱ,Sintetiza @item_12233#@1,Sintetiza @item_12233#@1
3002039,Botas de oro Ⅰ,Sintetiza @item_12234#@1,Sintetiza @item_12234#@1
3002040,Botas de oro Ⅱ,Sintetiza @item_12234#@1,Sintetiza @item_12234#@1
3002041,Casco de tungsteno Ⅰ,Sintetiza @item_12241#@1,Sintetiza @item_12241#@1
3002042,Casco de tungsteno Ⅱ,Sintetiza @item_12241#@1,Sintetiza @item_12241#@1
3002043,Armadura de tungsteno Ⅰ,Sintetiza @item_12242#@1,Sintetiza @item_12242#@1
3002044,Armadura de tungsteno Ⅱ,Sintetiza @item_12242#@1,Sintetiza @item_12242#@1
3002045,Calzas de tungsteno Ⅰ,Sintetiza @item_12243#@1,Sintetiza @item_12243#@1
3002046,Calzas de tungsteno Ⅱ,Sintetiza @item_12243#@1,Sintetiza @item_12243#@1
3002047,Botas de tungsteno Ⅰ,Sintetiza @item_12244#@1,Sintetiza @item_12244#@1
3002048,Botas de tungsteno Ⅱ,Sintetiza @item_12244#@1,Sintetiza @item_12244#@1
3002049,Máscara de buceo Ⅰ,Sintetiza @item_11642#@1,Sintetiza @item_11642#@1
3002050,Máscara de buceo Ⅱ,Sintetiza @item_11642#@1,Sintetiza @item_11642#@1
3002051,Traje de buceo Ⅰ,Sintetiza @item_11643#@1,Sintetiza @item_11643#@1
3002052,Traje de buceo Ⅱ,Sintetiza @item_11643#@1,Sintetiza @item_11643#@1
3002053,Aletas de buceo Ⅰ,Sintetiza @item_11644#@1,Sintetiza @item_11644#@1
3002054,Aletas de buceo Ⅱ,Sintetiza @item_11644#@1,Sintetiza @item_11644#@1
3002055,Mascara de oxigeno Ⅰ,Sintetiza @item_12276#@1,Sintetiza @item_12276#@1
3002056,Mascara de oxigeno Ⅱ,Sintetiza @item_12276#@1,Sintetiza @item_12276#@1
3002057,Máscara de buceo avanzada Ⅰ,Sintetiza @item_11645#@1,Sintetiza @item_11645#@1
3002058,Máscara de buceo avanzada Ⅱ,Sintetiza @item_11645#@1,Sintetiza @item_11645#@1
3002059,Traje de buceo avanzado Ⅰ,Sintetiza @item_11646#@1,Sintetiza @item_11646#@1
3002060,Traje de buceo avanzado Ⅱ,Sintetiza @item_11646#@1,Sintetiza @item_11646#@1
3002061,Aletas de buceo Avanzados Ⅰ,Sintetiza @item_11647#@1,Sintetiza @item_11647#@1
3002062,Aletas de buceo Avanzados Ⅱ,Sintetiza @item_11647#@1,Sintetiza @item_11647#@1
3002063,Mochila de Oxígeno Ⅰ,Sintetiza @item_12275#@1,Sintetiza @item_12275#@1
3002064,Mochila de Oxígeno Ⅱ,Sintetiza @item_12275#@1,Sintetiza @item_12275#@1
3002065,Corona de Flores Ⅰ,Sintetiza @item_11228#@1,Sintetiza @item_11228#@1
3002066,Corona de Flores Ⅱ,Sintetiza @item_11228#@1,Sintetiza @item_11228#@1
3002067,Corolla de la Suerte Ⅰ,Sintetiza @item_11650#@1#r(@item_1186#se puede encontrar en la isla de arcilla roja en el mar),Sintetiza @item_11650#@1
3002068,Corolla de la Suerte Ⅱ,Sintetiza @item_11650#@1#r(@item_1186#se puede encontrar en la isla de arcilla roja en el mar),Sintetiza @item_11650#@1
3002069,Capa de Cuero Ⅰ,Sintetiza @item_12205#@1,Sintetiza @item_12205#@1
3002070,Capa de Cuero Ⅱ,Sintetiza @item_12205#@1,Sintetiza @item_12205#@1
3002071,Capa de Oro Ⅰ,Sintetiza @item_12206#@1,Sintetiza @item_12206#@1
3002072,Capa de Oro Ⅱ,Sintetiza @item_12206#@1,Sintetiza @item_12206#@1
3002073,Capa de Tungsteno Ⅰ,Sintetiza @item_12207#@1,Sintetiza @item_12207#@1
3002074,Capa de Tungsteno Ⅱ,Sintetiza @item_12207#@1,Sintetiza @item_12207#@1
3002075,Capa de SardónixⅠ,Sintetiza @item_12208#@1,Sintetiza @item_12208#@1
3002076,Capa de SardónixⅡ,Sintetiza @item_12208#@1,Sintetiza @item_12208#@1
3002077,Capa de Mitril Ⅰ,Sintetiza @item_12209#@1,Sintetiza @item_12209#@1
3002078,Capa de Mitril Ⅱ,Sintetiza @item_12209#@1,Sintetiza @item_12209#@1
3002079,Capa de lava Ⅰ,Sintetiza @item_12210#@1#r(Necesitas derrotar al Dragón negro de lava para obtener @item_11222#),Sintetiza @item_12210#@1
3002080,Capa de lava Ⅱ,Sintetiza @item_12210#@1(Necesitas derrotar al Dragón Negro de Lava para obtener @item_11222#),Sintetiza @item_12210#@1
3002081,Capa de Antiarena,Sintetiza @item_11639#@1#r(Es posible que necesite @item_11639# para caminar durante una tormenta de arena que es bastante común en el desierto),Sintetiza @item_11639#@1
3002082,Mochila Ignífuga,"Sintetiza @item_12277#@1#r(Para adaptarse a la alta temperatura de Flamas, es muy importante tener @item_12277#.)",Sintetiza @item_12277#@1
3003001,Runa de ataque de bajo nivel Ⅰ,Incrusta@item_11603# en cualquier arma en el @item_785#@1,Incrusta@item_11603#@1
3003002,Runa de ataque de bajo nivel Ⅱ,Incrusta@item_11603# en cualquier arma en el @item_785#@1,Incruste @item_11603#@1
3003003,Runa de Ataque IntermedioⅠ,Incrusta@item_11604# en cualquier arma en el @item_785#@1,Incruste @item_11604#@1
3003004,Runa de Ataque Intermedio Ⅱ,Incrusta@item_11604# en cualquier arma en el @item_785#@1,Incruste @item_11604#@1
3003005,Runa de Ataque Avanzada Ⅰ,Incrusta@item_11605# en cualquier arma en el @item_785#@1,Incruste @item_11605#@1
3003006,Runa de Ataque Avanzada Ⅱ,Incrusta@item_11605# en cualquier arma en el @item_785#@1,Incruste @item_11605#@1
3003007,Runa de defensa de bajo nivel Ⅰ,Incrusta@item_11606# en cualquier arma en el @item_785#@1,Incruste @item_11606#@1
3003008,Runa de defensa de bajo nivel Ⅱ,Incrusta@item_11606# en cualquier arma en el @item_785#@1,Incruste @item_11606#@1
3003009,Runa de Defensa IntermediaⅠ,Incrusta@item_11607# en cualquier arma en el @item_785#@1,Incruste @item_11606#@1
3003010,Runa de Defensa Intermedia Ⅱ,Incrusta@item_11607# en cualquier arma en el @item_785#@1,Incruste @item_11607#@1
3003011,Runa de Defensa AvanzadaⅠ,Incrusta@item_11608# en cualquier arma en el @item_785#@1,Incruste @item_11608#@1
3003012,Runa de Defensa Avanzada Ⅱ,Incrusta@item_11608# en cualquier arma en el @item_785#@1,Incruste @item_11608#@1
3003013,Runa de Eficiencia de Bajo Nivel Ⅰ,Incrusta@item_11609# en cualquier arma en el @item_785#@1,Incruste @item_11609#@1
3003014,Runa de Eficiencia de Bajo Nivel Ⅱ,Incrusta@item_11609# en cualquier arma en el @item_785#@1,Incruste @item_11609#@1
3003015,Runa de Eficiencia Intermedia Ⅰ,Incrusta@item_11610# en cualquier arma en el @item_785#@1,Incruste @item_11610#@1
3003016,Runa de Eficiencia Intermedia Ⅱ,Incrusta@item_11610# en cualquier arma en el @item_785#@1,Incruste @item_11610#@1
3003017,Runa de Eficiencia Avanzada Ⅰ,Incrusta@item_11611# en cualquier arma en el @item_785#@1,Incruste @item_11611#@1
3003018,Runa de Eficiencia Avanzada Ⅱ,Incrusta@item_11611# en cualquier arma en el @item_785#@1,Incruste @item_11611#@1
3003019,Piedra de Activación Universal Ⅰ,Incrusta@item_11612# en cualquier arma en el @item_785#@1,Incruste @item_11612#@1
3003020,Piedra de Activación Universal Ⅱ,Incrusta@item_11612# en cualquier arma en el @item_785#@1,Incruste @item_11612#@1
3004001,Flagelo de Guerrero Salvaje Ⅰ,Derrota a Guerrero Salvaje @1#r (Los Guerreros Salvajes son extremadamente activos por la noche y duermen la siesta durante el día),Derrotar a Guerrero Salvaje @1
3004002,Flagelo de Guerrero Salvaje Ⅱ,Derrota a Guerrero Salvaje @1#r (Los Guerreros Salvajes son extremadamente activos por la noche y duermen la siesta durante el día),Derrotar a Guerrero Salvaje @1
3004003,Flagelo de Guerrero Salvaje Ⅲ,Derrota a Guerrero Salvaje @1#r (Los Guerreros Salvajes son extremadamente activos por la noche y duermen la siesta durante el día),Derrotar a Guerrero Salvaje @1
3004004,Flagelo de Lancero Salvaje Ⅰ,"Derrota a Lancero Salvaje @1#r(Los Lanceros Salvajes actúan como los Guerreros Salvajes, pero cuidado con sus lanzas. ¡Busca cobertura cuando sea necesario!)",Derrotar a Lancero Salvaje @1
3004005,Flagelo de Lancero Salvaje Ⅱ,"Derrota a Lancero Salvaje @1#r(Los Lanceros Salvajes actúan como los Guerreros Salvajes, pero cuidado con sus lanzas. ¡Busca cobertura cuando sea necesario!)",Derrotar a Lancero Salvaje @1
3004006,Flagelo de Lancero Salvaje Ⅲ,"Derrota a Lancero Salvaje @1#r(Los Lanceros Salvajes actúan como los Guerreros Salvajes, pero cuidado con sus lanzas. ¡Busca cobertura cuando sea necesario!)",Derrotar a Lancero Salvaje @1
3004007,Enemigo de Bebé Jockey Salvaje Ⅰ,Derrota a Bebé Jockey Salvaje@1(Jockey es muy travieso y ocasionalmente puede presionar interruptores al azar y destruir cultivos),Derrota a Bebé Jockey Salvaje@1
3004008,Enemigo de Bebé Jockey Salvaje Ⅱ,Derrota a Bebé Jockey Salvaje@1(Jockey es muy travieso y ocasionalmente puede presionar interruptores al azar y destruir cultivos),Derrota a Bebé Jockey Salvaje@1
3004009,Enemigo de Bebé Jockey Salvaje Ⅲ,Derrota a Bebé Jockey Salvaje@1(Jockey es muy travieso y ocasionalmente puede presionar interruptores al azar y destruir cultivos),Derrota a Bebé Jockey Salvaje@1
3004010,Enemigo de Sacerdote Salvaje Ⅰ,Derrota a Sacerdote Salvaje@1#r(Sacerdote Salvaje suele vivir en la selva tropical y puede volar en el aire sin restricciones de gravedad. Puede usar un bastón para lanzar bolas mágicas. Ten cuidado y busca refugio cuando estés frente a él),Derrota a Sacerdote Salvaje@1
3004011,Enemigo de Sacerdote Salvaje Ⅱ,Derrota a Sacerdote Salvaje@1#r(Sacerdote Salvaje suele vivir en la selva tropical y puede volar en el aire sin restricciones de gravedad. Puede usar un bastón para lanzar bolas mágicas. Ten cuidado y busca refugio cuando estés frente a él),Derrota a Sacerdote Salvaje@1
3004012,Enemigo de Sacerdote Salvaje Ⅲ,Derrota a Sacerdote Salvaje@1#r(Sacerdote Salvaje suele vivir en la selva tropical y puede volar en el aire sin restricciones de gravedad. Puede usar un bastón para lanzar bolas mágicas. Ten cuidado y busca refugio cuando estés frente a él),Derrota a Sacerdote Salvaje@1
3004013,Enemigo de Sacerdote Salvaje VenenosoⅠ,"Derrota a Sacerdote Salvaje Venenoso@1#r(Sacerdote Salvaje Venenoso tiene el mismo comportamiento que otros sacerdote, pero te envenenarás cuando te golpee su bola mágica. Ten cuidado).",Derrota a Sacerdote Salvaje Venenoso@1
3004014,Enemigo de Sacerdote Salvaje Venenoso Ⅱ,"Derrota a Sacerdote Salvaje Venenoso@1#r(Sacerdote Salvaje Venenoso tiene el mismo comportamiento que otros sacerdote, pero te envenenarás cuando te golpee su bola mágica. Ten cuidado).",Derrota a Sacerdote Salvaje Venenoso@1
3004015,Enemigo de Sacerdote Salvaje Venenoso Ⅲ,"Derrota a Sacerdote Salvaje Venenoso@1#r(Sacerdote Salvaje Venenoso tiene el mismo comportamiento que otros sacerdote, pero te envenenarás cuando te golpee su bola mágica. Ten cuidado).",Derrota a Sacerdote Salvaje Venenoso@1
3004016,Enemigo de Sacerdote Salvaje CuranderoⅠ,Derrota al Sacerdote Salvaje Curandero@1,Derrota al Sacerdote Salvaje Curandero@1
3004017,Enemigo de Sacerdote Salvaje Curandero Ⅱ,Derrota al Sacerdote Salvaje Curandero@1,Derrota al Sacerdote Salvaje Curandero@1
3004018,Enemigo de Sacerdote Salvaje Curandero Ⅲ,Derrota al Sacerdote Salvaje Curandero@1,Derrota al Sacerdote Salvaje Curandero@1
3004019,Enemigo de Sacerdote Salvaje del RayoⅠ,"Derrota al Sacerdote Salvaje del Rayo@1#r(Sacerdote Salvaje del Rayo tiene el mismo comportamiento que otros Sacerdotes, pero la bola mágica que dispara generará un rayo. Ten mucho cuidado cuando te enfrentes a él. )",Derrota al Sacerdote Salvaje del Rayo@1
3004020,Enemigo de Sacerdote Salvaje del Rayo Ⅱ,"Derrota al Sacerdote Salvaje del Rayo@1#r(Sacerdote Salvaje del Rayo tiene el mismo comportamiento que otros Sacerdotes, pero la bola mágica que dispara generará un rayo. Ten mucho cuidado cuando te enfrentes a él. )",Derrota al Sacerdote Salvaje del Rayo@1
3004021,Enemigo de Sacerdote Salvaje del Rayo Ⅲ,"Derrota al Sacerdote Salvaje del Rayo@1#r(Sacerdote Salvaje del Rayo tiene el mismo comportamiento que otros Sacerdotes, pero la bola mágica que dispara generará un rayo. Ten mucho cuidado cuando te enfrentes a él. )",Derrota al Sacerdote Salvaje del Rayo@1
3004022,Enemigo de Sacerdote Salvaje del Fuego Ⅰ,"Derrota a Sacerdote Salvaje del Fuego@1#r(Sacerdote Salvaje del Fuego tiene el mismo comportamiento que otros sacerdotes, pero la bola mágica que dispara encenderá llamas. Ten cuidado de no quemarte).",Derrota a Sacerdote Salvaje del Fuego@1
3004023,Enemigo de Sacerdote Salvaje del Fuego Ⅱ,"Derrota a Sacerdote Salvaje del Fuego@1#r(Sacerdote Salvaje del Fuego tiene el mismo comportamiento que otros sacerdotes, pero la bola mágica que dispara encenderá llamas. Ten cuidado de no quemarte)",Derrota a Sacerdote Salvaje del Fuego@1
3004024,Enemigo de Sacerdote Salvaje del Fuego Ⅲ,"Derrota a Sacerdote Salvaje del Fuego@1#r(Sacerdote Salvaje del Fuego tiene el mismo comportamiento que otros sacerdotes, pero la bola mágica que dispara encenderá llamas. Ten cuidado de no quemarte)",Derrota a Sacerdote Salvaje del Fuego@1
3004025,Enemigo de Murciélago Ⅰ,"Derrota a Murciélago@1#r(Murciélago es pequeño y ágil, por lo que es mejor usar armas cuerpo a cuerpo para matarlo rápidamente cuando se acerque)",Derrota a Murciélago@1
3004026,Enemigo de Murciélago Ⅱ,"Derrota a Murciélago@1#r(Murciélago es pequeño y ágil, por lo que es mejor usar armas cuerpo a cuerpo para matarlo rápidamente cuando se acerque)",Derrota a Murciélago@1
3004027,Enemigo de Murciélago Ⅲ,"Derrota a Murciélago@1#r(Murciélago es pequeño y ágil, por lo que es mejor usar armas cuerpo a cuerpo para matarlo rápidamente cuando se acerque)",Derrota a Murciélago@1
3004028,Enemigo de Monstruo de RunaⅠ,Derrota a Monstruo de Runa@1#r(Monstruo de Runa puede esconderse dentro del mineral rúnico. Ten cuidado al minar),Derrota a Monstruo de Runa@1
3004029,Enemigo de Monstruo de Runa Ⅱ,Derrota a Monstruo de Runa@1#r(Monstruo de Runa puede esconderse dentro del mineral rúnico. Ten cuidado al minar),Derrota a Monstruo de Runa@1
3004030,Enemigo de Monstruo de Runa Ⅲ,Derrota a Monstruo de Runa@1#r(Monstruo de Runa puede esconderse dentro del mineral rúnico. Ten cuidado al minar),Derrota a Monstruo de Runa@1
3004031,Enemigo de Apóstol del VacíoⅠ,"Derrota a Apóstol del Vacío@1#r(Apóstol del Vacío robará el poder creativo de todas las criaturas vivientes, no le des la espalda).",Derrota a Apóstol del Vacío@1
3004032,Enemigo de Apóstol del Vacío Ⅱ,"Derrota a Apóstol del Vacío@1#r(Apóstol del Vacío robará el poder creativo de todas las criaturas vivientes, no le des la espalda).",Derrota a Apóstol del Vacío@1
3004033,Enemigo de Apóstol del Vacío Ⅲ,"Derrota a Apóstol del Vacío@1#r(Apóstol del Vacío robará el poder creativo de todas las criaturas vivientes, no le des la espalda).",Derrota a Apóstol del Vacío@1
3004034,Enemigo de Asaltante Pirata Ⅰ,Derrota a Enemigo de Asaltante Pirata@1#r(Siempre están estacionados en islas en grupos),Derrota a Enemigo de Asaltante Pirata@1
3004035,Enemigo de Asaltante Pirata Ⅱ,Derrota a Enemigo de Asaltante Pirata@1#r(Siempre están estacionados en islas en grupos),Derrota a Enemigo de Asaltante Pirata@1
3004036,Enemigo de Asaltante Pirata Ⅲ,Derrota a Enemigo de Asaltante Pirata@1#r(Siempre están estacionados en islas en grupos),Derrota a Enemigo de Asaltante Pirata@1
3004037,Enemigo de Cazador Pirata Ⅰ,"Derrota a Cazador Pirata@1#r(Si se hunde un barco pirata, ¡puedes encontrarte con ellos!)",Derrota a Cazador Pirata@1
3004038,Enemigo de Cazador Pirata Ⅱ,"Derrota a Cazador Pirata@1#r(Si se hunde un barco pirata, ¡puedes encontrarte con ellos!)",Derrota a Cazador Pirata@1
3004039,Enemigo de Cazador Pirata Ⅲ,"Derrota a Cazador Pirata@1#r(Si se hunde un barco pirata, ¡puedes encontrarte con ellos!)",Derrota a Cazador Pirata@1
3004040,Enemigo de Barco Pirata Pequeño Ⅰ,Derrota a Barco Pirata Pequeño@1#r(Barco Pirata Pequeño es ágil pero fácil de derrotar).,Derrota a Barco Pirata Pequeño@1
3004041,Enemigo de Barco Pirata Pequeño Ⅱ,Derrota a Barco Pirata Pequeño@1#r(Barco Pirata Pequeño es ágil pero fácil de derrotar).,Derrota a Barco Pirata Pequeño@1
3004042,Enemigo de Barco Pirata Pequeño Ⅲ,Derrota a Barco Pirata Pequeño@1#r(Barco Pirata Pequeño es ágil pero fácil de derrotar).,Derrota a Barco Pirata Pequeño@1
3004043,Enemigo de Barco Pirata Mediano Ⅰ,Derrota a Barco Pirata Mediano@1#r(El barco pirata mediano es promedio en todos los aspectos. Presta atención al cofre caído después de derrotarlo).,Derrota a Barco Pirata Mediano@1
3004044,Enemigo de Barco Pirata Mediano Ⅱ,Derrota a Barco Pirata Mediano@1#r(El barco pirata mediano es promedio en todos los aspectos. Presta atención al cofre caído después de derrotarlo).,Derrota a Barco Pirata Mediano@1
3004045,Enemigo de Barco Pirata Mediano Ⅲ,Derrota a Barco Pirata Mediano@1#r(El barco pirata mediano es promedio en todos los aspectos. Presta atención al cofre caído después de derrotarlo).,Derrota a Barco Pirata Mediano@1
3004046,Enemigo de Barco Pirata Grande Ⅰ,Derrota a Barco Pirata Grande@1#r(Un barco pirata grande enviará botes bomba cuando esté gravemente dañado. Tenga cuidado de no quedar atrapado en la explosión).,Derrota a Barco Pirata Grande@1
3004047,Enemigo de Barco Pirata Grande Ⅱ,Derrota a Barco Pirata Grande@1#r(Un barco pirata grande enviará botes bomba cuando esté gravemente dañado. Tenga cuidado de no quedar atrapado en la explosión).,Derrota a Barco Pirata Grande@1
3004048,Enemigo de Barco Pirata Grande Ⅲ,Derrota a Barco Pirata Grande@1#r(Un barco pirata grande enviará botes bomba cuando esté gravemente dañado. Tenga cuidado de no quedar atrapado en la explosión).,Derrota a Barco Pirata Grande@1
3004049,Enemigo de Huevo ExplosivoⅠ,"Derrota a Huevo Explosivo@1#r(Huevo Explosivo es bastante común en áreas volcánicas, pero al igual que su nombre, puede explotar en cualquier momento).",Derrota a Huevo Explosivo@1
3004050,Enemigo de Huevo Explosivo Ⅱ,"Derrota a Huevo Explosivo@1#r(Huevo Explosivo es bastante común en áreas volcánicas, pero al igual que su nombre, puede explotar en cualquier momento).",Derrota a Huevo Explosivo@1
3004051,Enemigo de Huevo Explosivo Ⅲ,"Derrota a Huevo Explosivo@1#r(Huevo Explosivo es bastante común en áreas volcánicas, pero al igual que su nombre, puede explotar en cualquier momento).",Derrota a Huevo Explosivo@1
3004052,Enemigo de EscorpiónⅠ,"Derrota a Escorpión@1#r(Si te encuentras con un grupo de escorpiones en el desierto, es mejor no pelear con ellos de frente. Será problemático si accidentalmente te quedas paralizado).",Derrota a Escorpión@1
3004053,Enemigo de Escorpión Ⅱ,"Derrota a Escorpión@1#r(Si te encuentras con un grupo de escorpiones en el desierto, es mejor no pelear con ellos de frente. Será problemático si accidentalmente te quedas paralizado).",Derrota a Escorpión@1
3004054,Enemigo de Escorpión Ⅲ,"Derrota a Escorpión@1#r(Si te encuentras con un grupo de escorpiones en el desierto, es mejor no pelear con ellos de frente. Será problemático si accidentalmente te quedas paralizado).",Derrota a Escorpión@1
3004055,Enemigo de Guardia del Espíritu OceánicoⅠ,Derrota a Guardia del Espíritu Oceánico@1#r (a menudo puedes encontrar grupos de Guardia del Espíritu Oceánico cerca de naufragios bajo el mar),Derrota a Guardia del Espíritu Oceánico@1
3004056,Enemigo de Guardia del Espíritu Oceánico Ⅱ,Derrota a Guardia del Espíritu Oceánico@1#r (a menudo puedes encontrar grupos de Guardia del Espíritu Oceánico cerca de naufragios bajo el mar),Derrota a Guardia del Espíritu Oceánico@1
3004057,Enemigo de Guardia del Espíritu Oceánico Ⅲ,Derrota a Guardia del Espíritu Oceánico@1#r (a menudo puedes encontrar grupos de Guardia del Espíritu Oceánico cerca de naufragios bajo el mar),Derrota a Guardia del Espíritu Oceánico@1
3004058,Enemigo de Guardia del Espíritu de Arena Ⅰ,Derrota a Guardia del Espíritu de Arena@1 #r (Puedes encontrar Guardia del Espíritu de Arena en Oasis del desierto),Derrota a Guardia del Espíritu de Arena@1
3004059,Enemigo de Guardia del Espíritu de Arena Ⅱ,Derrota a Guardia del Espíritu de Arena@1 #r (Puedes encontrar Guardia del Espíritu de Arena en Oasis del desierto),Derrota a Guardia del Espíritu de Arena@1
3004060,Enemigo de Guardia del Espíritu de Arena Ⅲ,Derrota a Guardia del Espíritu de Arena@1#r (Puedes encontrar Guardia del Espíritu de Arena en Oasis del desierto),Derrota a Guardia del Espíritu de Arena@1
3004061,Enemigo de Gigante de LavaⅠ,Derrota a Gigante de Lava@1#r (Puedes encontrar Gigante de Lava en lugares calientes como vocalno y flamas),Derrota a Gigante de Lava@1
3004062,Enemigo de Gigante de Lava Ⅱ,Derrota a Gigante de Lava@1#r (Puedes encontrar Gigante de Lava en lugares calientes como vocalno y flamas),Derrota a Gigante de Lava@1
3004063,Enemigo de Gigante de Lava Ⅲ,Derrota a Gigante de Lava@1#r (Puedes encontrar Gigante de Lava en lugares calientes como vocalno y flamas),Derrota a Gigante de Lava@1
3004064,Enemigo de Arquero de AzufreⅠ,Derrota a Arquero de Azufre@1#r (Normalmente se encuentra en Flames),Derrota a Arquero de Azufre@1
3004065,Enemigo de Arquero de Azufre Ⅱ,Derrota a Arquero de Azufre@1#r (Normalmente se encuentra en Flames),Derrota a Arquero de Azufre@1
3004066,Enemigo de Arquero de Azufre Ⅲ,Derrota a Arquero de Azufre@1#r (Normalmente se encuentra en Flames),Derrota a Arquero de Azufre@1
3004067,Enemigo de RockiⅠ,Derrota a Rocki@1#r(¡Cuidado con la bomba!),Derrota a Rocki@1
3004068,Enemigo de Rocki Ⅱ,Derrota a Rocki@1#r(¡Cuidado con la bomba!),Derrota a Rocki@1
3004069,Enemigo de Rocki Ⅲ,Derrota a Rocki@1#r(¡Cuidado con la bomba!),Derrota a Rocki@1
3004070,Enemigo de Frosti Ⅰ,,
3004071,Enemigo de Frosti Ⅱ,,
3004072,Enemigo de Frosti Ⅲ,,
3004073,Enemigo de Bulli Ⅰ,,
3004074,Enemigo de Bulli Ⅱ,,
3004075,Enemigo de Bulli Ⅲ,,
3004076,Enemigo de Gravidad Ⅰ,,
3004077,Enemigo de Gravidad Ⅱ,,
3004078,Enemigo de Gravidad Ⅲ,,
3004079,Flagelo de Guardia de Espíritu de Hielo Ⅰ,"Derrota al Guardia de Espíritu de Hielo @1#r(Cuidado, algunos Guardias de Espíritu de Hielo pueden conjurar un bastón congelante. ¡Mantén tu distancia!)",Derrotar a Guardia de Espíritu de Hielo @1
3004080,Flagelo de Guardia de Espíritu de Hielo Ⅱ,"Derrota al Guardia de Espíritu de Hielo @1#r(Cuidado, algunos Guardias de Espíritu de Hielo pueden conjurar un bastón congelante. ¡Mantén tu distancia!)",Derrotar a Guardia de Espíritu de Hielo @1
3004081,Flagelo de Guardia de Espíritu de Hielo Ⅲ,"Derrota al Guardia de Espíritu de Hielo @1#r(Cuidado, algunos Guardias de Espíritu de Hielo pueden conjurar un bastón congelante. ¡Mantén tu distancia!)",Derrotar a Guardia de Espíritu de Hielo @1
3004082,Flagelo de Chamán Salvaje de Escarcha Ⅰ,"Derrota a Chamán Salvaje de Escarcha @1#r(Los Chamanes Salvajes de Escarcha son criaturas solitarias, prefieren las cuevas polares antes que las selvas húmedas y calurosas).",Derrotar a Chamán Salvaje de Escarcha @1
3004083,Flagelo de Chamán Salvaje de Escarcha Ⅱ,"Derrota a Chamán Salvaje de Escarcha @1#r(Los Chamanes Salvajes de Escarcha son criaturas solitarias, prefieren las cuevas polares antes que las selvas húmedas y calurosas).",Derrotar a Chamán Salvaje de Escarcha @1
3004084,Flagelo de Chamán Salvaje de Escarcha Ⅲ,"Derrota a Chamán Salvaje de Escarcha @1#r(Los Chamanes Salvajes de Escarcha son criaturas solitarias, prefieren las cuevas polares antes que las selvas húmedas y calurosas).",Derrotar a Chamán Salvaje de Escarcha @1
3005001,Cazador de DodoⅠ,,
3005002,Cazador de Dodo Ⅱ,,
3005003,Cazador de Dodo Ⅲ,,
3005004,Cazador de  Rinoceronte Ⅰ,,
3005005,Cazador de  Rinoceronte Ⅱ,,
3005006,Cazador de  Rinoceronte Ⅲ,,
3005007,Cazador de Dwen Ⅰ,Derrotar Dwen @1#r(Los Dwen sirven de fuente de alimentación primaria. También brindan abono de vez en cuando).,Derrotar porco@1
3005008,Cazador de Dwen Ⅱ,Derrotar Dwen @1#r(Los Dwen sirven de fuente de alimentación primaria. También brindan abono de vez en cuando).,Derrotar a Dwen @1
3005009,Cazador de Dwen Ⅲ,Derrotar Dwen @1#r(Los Dwen sirven de fuente de alimentación primaria. También brindan abono de vez en cuando).,Derrotar a Dwen @1
3005010,Cazador de Ciervos Ⅰ,,
3005011,Cazador de Ciervos Ⅱ,,
3005012,Cazador de Ciervos Ⅲ,,
3005013,Cazador de Zorros Ⅰ,"Derrota a Zorros@1#r(es una fuente importante de cuero. Ten cuidado, puede contraatacar).",Derrota a Zorros@1
3005014,Cazador de Zorros Ⅱ,"Derrota a Zorros@1#r(es una fuente importante de cuero. Ten cuidado, puede contraatacar).",Derrota a Zorros@1
3005015,Cazador de Zorros Ⅲ,"Derrota a Zorros@1#r(es una fuente importante de cuero. Ten cuidado, puede contraatacar).",Derrota a Zorros@1
3005016,Cazador del Lobo de Desierto Ⅰ,"Derrota a Lobo de Desierto@1#r(es una fuente importante de cuero. Ten cuidado, puede contraatacar)",Derrota a Lobo de Desierto@1
3005017,Cazador del Lobo de Desierto Ⅱ,"Derrota a Lobo de Desierto@1#r(es una fuente importante de cuero. Ten cuidado, puede contraatacar)",Derrota a Lobo de Desierto@1
3005018,Cazador del Lobo de Desierto Ⅲ,"Derrota a Lobo de Desierto@1#r(es una fuente importante de cuero. Ten cuidado, puede contraatacar)",Derrota a Lobo de Desierto@1
3005019,Cazador de AvestruzⅠ,Derrota a Avestruz@1#r(@item_12607# es una fuente rara de alimento en el desierto),Derrota a Avestruz@1
3005020,Cazador de Avestruz Ⅱ,Derrota a Avestruz@1#r(@item_12607# es una fuente rara de alimento en el desierto),Derrota a Avestruz@1
3005021,Cazador de Avestruz Ⅲ,Derrota a Avestruz@1#r(@item_12607# es una fuente rara de alimento en el desierto),Derrota a Avestruz@1
3005022,Cazador de Leopardo Ⅰ,,
3005023,Cazador de Leopardo Ⅱ,,
3005024,Cazador de Leopardo Ⅲ,,
3005025,Cazador de Pollo Volador Ⅰ,"Derrota a Pollo Volador@1#r(Se puede encontrar en la isla flotante de Plano, es una fuente importante de plumas)",Derrota a Pollo Volador@1
3005026,Cazador de Pollo Volador Ⅱ,"Derrota a Pollo Volador@1#r(Se puede encontrar en la isla flotante de Plano, es una fuente importante de plumas)",Derrota a Pollo Volador@1
3005027,Cazador de Pollo Volador Ⅲ,"Derrota a Pollo Volador@1#r(Se puede encontrar en la isla flotante de Plano, es una fuente importante de plumas)",Derrota a Pollo Volador@1
3005028,Cazador de Super Gallo Ⅰ,Derrota a Super Gallo@1#r( Super Gallo es bastante feroz. Ten cuidado en la isla de arcilla roja),Derrota a Super Gallo@1
3005029,Cazador de Super Gallo Ⅱ,Derrota a Super Gallo@1#r( Super Gallo es bastante feroz. Ten cuidado en la isla de arcilla roja),Derrota a Super Gallo@1
3005030,Cazador de Super Gallo Ⅲ,Derrota a Super Gallo@1#r( Super Gallo es bastante feroz. Ten cuidado en la isla de arcilla roja),Derrota a Super Gallo@1
3005031,Cazador de Gallo GritónⅠ,Derrota a Gallo Gritón@1#r(es una criatura especial en Horas. @item_11069# arrojado por él puede usarse para fabricar algún objeto),Derrota a Gallo Gritón@1
3005032,Cazador de Gallo Gritón Ⅱ,Derrota a Gallo Gritón@1#r(es una criatura especial en Horas. @item_11069# arrojado por él puede usarse para fabricar algún objeto),Derrota a Gallo Gritón@1
3005033,Cazador de Gallo Gritón Ⅲ,Derrota a Gallo Gritón@1#r(es una criatura especial en Horas. @item_11069# arrojado por él puede usarse para fabricar algún objeto),Derrota a Gallo Gritón@1
3005034,Cazador de Gaviotas Ⅰ,Derrota a Gaviotas@1#r(Las plumas de Gaviotas se pueden usar para fabricar flechas que pueden volar normalmente bajo el agua),Derrota a Gaviotas@1
3005035,Cazador de Gaviotas Ⅱ,Derrota a Gaviotas@1#r(Las plumas de Gaviotas se pueden usar para fabricar flechas que pueden volar normalmente bajo el agua),Derrota a Gaviotas@1
3005036,Cazador de Gaviotas Ⅲ,Derrota a Gaviotas@1#r(Las plumas de Gaviotas se pueden usar para fabricar flechas que pueden volar normalmente bajo el agua),Derrota a Gaviotas@1
3005037,Cazador de Cangrejos Ⅰ,"Derrota a Cangrejo@1#r((Cuidado con las pinzas del cangrejo. Si te atrapan, atácalo varias veces para quitártelo de encima).",Derrota a Cangrejo@1
3005038,Cazador de Cangrejos Ⅱ,"Derrota a Cangrejo@1#r((Cuidado con las pinzas del cangrejo. Si te atrapan, atácalo varias veces para quitártelo de encima).",Derrota a Cangrejo@1
3005039,Cazador de Cangrejos Ⅲ,"Derrota a Cangrejo@1#r((Cuidado con las pinzas del cangrejo. Si te atrapan, atácalo varias veces para quitártelo de encima).",Derrota a Cangrejo@1
3005040,Cazador de Cangrejo de Lava Ⅰ,Derrota al Cangrejo de lava@1#r(Espera a que el Cangrejo de lava desembarque antes de atacar. Nadie quiere estar empapado en lava).,Derrota al Cangrejo de lava@1
3005041,Cazador de Cangrejo de Lava Ⅱ,Derrota al Cangrejo de lava@1#r(Espera a que el Cangrejo de lava desembarque antes de atacar. Nadie quiere estar empapado en lava).,Derrota al Cangrejo de lava@1
3005042,Cazador de Cangrejo de Lava Ⅲ,Derrota al Cangrejo de lava@1#r(Espera a que el Cangrejo de lava desembarque antes de atacar. Nadie quiere estar empapado en lava).,Derrota al Cangrejo de lava@1
3005043,Cazador de Luciérnagas Ⅰ,Use @item_11320#@1 para capturar la luciérnaga#r (Suele aparecer en la ecología de Taohuayuan en la cuenca),Capturar la luciérnaga@1
3005044,Cazador de Luciérnagas Ⅱ,Use @item_11320#@1 para capturar la luciérnaga#r (Suele aparecer en la ecología de Taohuayuan en la cuenca),Capturar la luciérnaga@1
3005045,Cazador de Luciérnagas Ⅲ,Use @item_11320#@1 para capturar la luciérnaga#r (Suele aparecer en la ecología de Taohuayuan en la cuenca),Capturar la luciérnaga@1
3005046,Cazador de Mariposa Carmesí Ⅰ,Use @item_11320 para #capturar Mariposa Carmesí@1 #r (se puede encontrar cerca de islas vacías en pastizales),Capturar Mariposa Carmesí@1
3005047,Cazador de Mariposa Carmesí Ⅱ,Use @item_11320 para #capturar Mariposa Carmesí@1 #r (se puede encontrar cerca de islas vacías en pastizales),Capturar Mariposa Carmesí@1
3005048,Cazador de Mariposa Carmesí Ⅲ,Use @item_11320 para #capturar Mariposa Carmesí@1 #r (se puede encontrar cerca de islas vacías en pastizales),Capturar Mariposa Carmesí@1
3005049,Cazador de Mariposas Cian Ⅰ,Use @item_11320 para #capturar Mariposas Cian@1 #r (se puede encontrar cerca de islas vacías en pastizales),Capturar Mariposas Cian@1
3005050,Cazador de Mariposas Cian Ⅱ,Use @item_11320# para capturar Mariposas Cian@1#r (generalmente se puede encontrar en la isla flotante de Pradera).,Capturar Mariposas Cian@1
3005051,Cazador de Mariposas Cian Ⅲ,Use @item_11320# para capturar Mariposas Cian@1#r (generalmente se puede encontrar en la isla flotante de Pradera).,Capturar Mariposas Cian@1
3005052,Cazador de Mariposa FraganteⅠ,Use @item_11320#para capturar Mariposa Fragante@1#r (generalmente se puede encontrar en la isla flotante de Pradera),Capturar Mariposa Fragante@1
3005053,Cazador de Mariposa Fragante Ⅱ,Use @item_11320#@1 para capturar Mariposa Fragante#r (generalmente se puede encontrar en la isla flotante de Pradera),Capturar Mariposa Fragante@1
3005054,Cazador de Mariposa Fragante Ⅲ,Use @item_11320#@1 para capturar Mariposa Fragante#r (generalmente se puede encontrar en la isla flotante de Pradera).,Capturar Mariposa Fragante@1
3005055,Cazador de Mariposa Blanca Ⅰ,Use @item_11320#@1 para capturar Mariposa Blanca#r (generalmente se puede encontrar en la isla flotante de Pradera).,Capturar Mariposa Blanca@1
3005056,Cazador de Mariposa Blanca Ⅱ,Use @item_11320#@1 para capturar Mariposa Blanca#r (generalmente se puede encontrar en la isla flotante de Pradera).,Capturar Mariposa Blanca@1
3005057,Cazador de Mariposa Blanca Ⅲ,Use @item_11320#@1 para capturar Mariposa Blanca#r (generalmente se puede encontrar en la isla flotante de Pradera).,Capturar Mariposa Blanca@1
3005058,Cazador de Mariposa Dragón Ⅰ,Use @item_11320#@1 para capturar Mariposa Dragón@1#r (generalmente se puede encontrar en la isla flotante de Pradera).,Capturar Mariposa Dragón@1
3005059,Cazador de Mariposa Dragón Ⅱ,Use @item_11320#@1 para capturar Mariposa Dragón@1#r (generalmente se puede encontrar en la isla flotante de Pradera).,Capturar Mariposa Dragón@1
3005060,Cazador de Mariposa Dragón Ⅲ,Use @item_11320#@1 para capturar Mariposa Dragón#r (generalmente se puede encontrar en la isla flotante de Pradera).,Capturar Mariposa Dragón@1
3005061,Cazador de Mariposa de Campana Ⅰ,Use @item_11320#@1 para capturar Mariposa de Campana#r (generalmente se puede encontrar en la isla flotante de Pradera),Capturar Mariposa de Campana@1
3005062,Cazador de Mariposa de Campana Ⅱ,Use @item_11320#@1 para capturar Mariposa de Campana#r (generalmente se puede encontrar en la isla flotante de Pradera),Capturar Mariposa de Campana@1
3005063,Cazador de Mariposa de Campana Ⅲ,Use @item_11320#@1 para capturar Mariposa de Campana#r (generalmente se puede encontrar en la isla flotante de Pradera),Capturar Mariposa de Campana@1
3005064,Cazador de Conejo de Nieve Ⅰ,Derrota a Conejo de Nieve @1#r(Los Conejos de Nieve son las criaturas más comunes en el campo de hielo y un recurso fundamental para la supervivencia).,Derrotar a Conejo de Nieve @1
3005065,Cazador de Conejo de Nieve Ⅱ,Derrota a Conejo de Nieve @1#r(Los Conejos de Nieve son las criaturas más comunes en el campo de hielo y un recurso fundamental para la supervivencia).,Derrotar a Conejo de Nieve @1
3005066,Cazador de Conejo de Nieve Ⅲ,Derrota a Conejo de Nieve @1#r(Los Conejos de Nieve son las criaturas más comunes en el campo de hielo y un recurso fundamental para la supervivencia).,Derrotar a Conejo de Nieve @1
4001001,Luz Deslumbrante,Obtenga @item_11318@1 al derrotar a Pez Linterna o Pez Brillante#r (Pez Linterna y Pez Brillante generalmente se pueden encontrar en las profundidades del mar).,Obtener @item_11318#@1
4001002,Dispersar el Poder Maligno,Elabora para obtener @item_12599#@1#r(Se requiere @item_797#),Elabora para obtener @item_12599#@1
4001003,Disipar la Maldición-Compañero Salvaje,"Utiliza @item_12599# para despertar a un Guerrero Salvaje durmiente y levantar su maldición, luego dale algo de @item_12502#. #r(Haz @item_1200# a la parrilla durante la noche para atraer Guerreros Salvajes. Tomarán una siesta cerca de la fogota luego de llenarse).",Salvar a Guerrero Salvaje @1
4001004,Convertirse en un leñador,"Dale @item_11003#@1 al Compañero Salvaje #r (si mantienes @item_11003# y haces clic en Compañero Salvaje, puedes dárselo)",Dale @item_11003#@1 al Compañero Salvaje
4001005,Convertirse en una guardia,"Dale @item_11003#@1 al Compañero Salvaje #r (si mantienes @item_11003# y haces clic en Compañero Salvaje, puedes dárselo)",Dale @item_11003#@1 al Compañero Salvaje
4001006,Ayuda para plantar árboles,"Dale @item_11003#@1 al Compañero Salvaje #r (si mantienes @item_11003# y haces clic en Compañero Salvaje, puedes dárselo)",Dale @item_11003#@1 al Compañero Salvaje
4001007,Área de trabajo del leñador,Coloque @item_1204#@1#r(Luego el leñador solucionará @item_1204#.),Coloque @item_1204#@1
4001008,Disipa al compañero cazador de maldiciones,"Utiliza @item_12599# para despertar a un Lancero Salvaje durmiente y levantar su maldición, luego dale algo de @item_12502#. #r(Haz @item_1200# a la parrilla durante la noche para atraer Lanceros Salvajes. Tomarán una siesta cerca de la fogota luego de llenarse).",Salvar a Lancero Salvaje @1
4001009,Convertirse en un arquero,"Dale @item_12050#@1 a Compañero Cazador #r (si mantienes @item_12050# y haces clic en Compañero Cazador, puedes dárselo).",Dale @item_12050#@1 a Compañero Cazador
4001010,Área de Trabajo del Guardia,"Coloque@item_1205#@1#r(Entonces, el guardia trabajará alrededor de @item_1205#.)",Coloque@item_1205#@1
4001011,Convertirse en el Agricultor,"Dale @item_11033#@1 a Compañero Cazador #r (si mantienes @item_11033# y haces clic en Compañero Cazador, puedes dárselo).",Dale @item_11033#@1 a Compañero Cazador
4001012,Área de trabajo del agricultor,"Coloque@item_1203#@1#r(Entonces, el agricultor trabajará alrededor de @item_1203#.)",Coloque@item_1203#@1
4001013,Disipar Maldición - Compañero Bebé Jockey,"Usa @item_12599 para golpear al Bebé Jockey Salvaje dormido y disipar la maldición, luego aliméntalo con @item_12502#. #r(Usar @item_1200# para asar la carne por la noche puede atraer al Bebé Jockey Salvaje. Después de que esté lleno, se dormirá junto a la hoguera...)",Salva al Bebé Jockey Salvaje
4001014,Convertirse en un Asistente,"Dale @item_800#@1 a Compañero Bebé Jockey#r (si mantienes @item_800# y haces clic en Compañero Bebé Jockey, puedes dárselo).",Dale @item_800#@1 a Compañero Bebé Jockey
4001015,Construir una Tribu,"Coloque @item_1202#@1#r(Esta área se convertirá en un lugar de reunión para los compañeros, y almacenarán materiales en las cajas alrededor de @item_1202#).",Coloque @item_1202#@1
4002001,Sigue Intentando Ⅰ,"Luchando a pesar de las repetidas derrotas@1#r(¡No te rindas, sigue intentándolo!)",Luchando a pesar de las repetidas derrotas@1
4002002,Sigue Intentando Ⅱ,"Luchando a pesar de las repetidas derrotas@1#r(¡No te rindas, sigue intentándolo!)",Luchando a pesar de las repetidas derrotas@1
4002003,Sigue Intentando Ⅲ,"Luchando a pesar de las repetidas derrotas@1#r(¡No te rindas, sigue intentándolo!)",Luchando a pesar de las repetidas derrotas@1
4002004,Zona de Oxígeno Ⅰ,"Use @item_11075# para activar @item_1042#@1#r (después de la activación, se generará una gran zona de oxígeno. No hay necesidad de preocuparse por la asfixia dentro de la zona).",Activar @item_1042#@1
4002005,Zona de Oxígeno Ⅱ,"Use @item_11075# para activar @item_1042#@1#r (después de la activación, se generará una gran zona de oxígeno. No hay necesidad de preocuparse por la asfixia dentro de la zona).",Activar @item_1042#@1
4002006,Zona de Oxígeno Ⅲ,"Use @item_11075# para activar @item_1042#@1#r (después de la activación, se generará una gran zona de oxígeno. No hay necesidad de preocuparse por la asfixia dentro de la zona).",Activar @item_1042#@1
4002007,Marque la Ubicación Ⅰ,Use @item_11076# para encender @item_1042#@1#r (las marcas se pueden generar en el mapa después de la iluminación),Iluminar @item_1042#@1
4002008,Marque la Ubicación Ⅱ,Use @item_11076# para encender @item_1042#@1#r (las marcas se pueden generar en el mapa después de la iluminación),Iluminar @item_1042#@1
4002009,Marque la Ubicación Ⅲ,Use @item_11076# para encender @item_1042#@1#r (las marcas se pueden generar en el mapa después de la iluminación),Iluminar @item_1042#@1
4002010,Supervivencia de Miras Ⅰ,Sobrevive 1 día(s) en Miras,Sobrevive 1 día(s) en Miras
4002011,Supervivencia de Miras Ⅱ,Sobrevive 1 día(s) en Miras,Sobrevive 1 día(s) en Miras
4002012,Supervivencia de Miras Ⅲ,Sobrevive 1 día(s) en Miras,Sobrevive 1 día(s) en Miras
4002013,Supervivencia de Flamas I,Sobrevive @1 día(s) en Flamas,Sobrevive @1 día(s) en Flamas
4002014,Supervivencia de Flamas Ⅱ,Sobrevive @1 día(s) en Flamas,Sobrevive @1 día(s) en Flamas
4002015,Supervivencia de Flamas Ⅲ,Sobrevive @1 día(s) en Flamas,Sobrevive @1 día(s) en Flamas
4002016,Supervivencia de Horas Ⅰ,Sobrevive @1 día(s) en Horas,Sobrevive @1 día(s) en Horas
4002017,Supervivencia de Horas Ⅱ,Sobrevive @1 día(s) en Horas,Sobrevive @1 día(s) en Horas
4002018,Supervivencia de Horas Ⅲ,Sobrevive @1 día(s) en Horas,Sobrevive @1 día(s) en Horas
4003001,¡Aventura en el desierto!,Entra en la ecología del desierto en Miras,Encuentra el desierto en Miras
4003002,¡Descubre el oasis!,Encuentra y adéntrate en la ecología del oasis del desierto en Miras,Encuentra un oasis en el desierto
4003003,Camino Comercial—Desierto Ⅰ,"Comercia con un comerciante amigo en el campamento oasis@1 #r(El comerciante aquí vende algo llamado @item_11637#, que se dice que es un artículo clave para entrar en las ruinas del desierto)",Comercia con un comerciante amigo en el campamento oasis@1
4003004,Camino Comercial—Desierto Ⅱ,Comercia con un mercader traicionero en el campamento oasis@1#r(¡Por el mismo precio que parece el mercader!),Comercia con el comerciante engañoso en el campamento oasis@1#r
4003005,Camino Comercial—Desierto III,"Comercia con el misterioso comerciante del campamento del oasis@1#r(Hay un comerciante en la caravana que viste de forma muy diferente, y su forma de comerciar también es distinta a la de la gente corriente. Hace lo que quiere y no le gusta decir tonterías a los demás).",Comercia con el mercader misterioso en el campamento oasis@1
4003006,Es muy grande,"Derrota al escorpión gigante de cola venenosa@1 #r(Hay muchos escorpiones de cola venenosa en el desierto, después de derrotar a cierto número, llamarán al jefe para pedir ayuda...)",Derrota a @item_13829#@1
4003007,Arena amarilla fluida,"Lanza @item_11637# a @item_29#@1 #r(@item_11637# puede cambiar algunos bloques de sólido a líquido, solo necesitas acumular energía y lanzar el bloque de impacto).",Lanza @item_11637#@1
4003008,¡Ajá! ¡Es mio!,"Obtenga @item_11575# en las ruinas del desierto@1 #r(En el centro de las ruinas bajo el oasis del desierto, hay una vieja tecnología de vida polvorienta...)",Encuentra @item_11575# en las ruinas del desierto
4003009,Batalla contra el Señor del desierto,Derrota al el Señor del desierto y obtén @item_12311# #r (generalmente viene con la tormenta de arena),Derrota al Señor del desierto de Arena y gana @item_12311#
4003010,¡Conquista el desierto!,"Completa todas las tareas en el objetivo ""Viajeros en la Selva""","Completa todas las tareas del objetivo ""Viajeros en la Selva""."
4004001,¡Explora el mar poco profundo!,"Entra en el mar poco profundo de Miras. #r(El mar poco profundo abunda en plantas y animales y tiene presión de agua, lo que lo hace relativamente seguro).",Encuentra el mar poco profundo en Miras
4004002,Dispositivo Refinador de Oxígeno,Procesa @item_1045#@1#r(Llene el dispositivo con materiales que producen oxígeno para refinar el oxígeno).,Procesa @item_1045#@1
4004003,Recoger Oxígeno,Obtenga @item_1048#@1#r (Ponga @item_1047# en el @item_1045# para recolectar oxígeno).,Obtener @item_1048#@1
4004005,Equipo de buceo 1,Procesa y usa @item_11642#@1#r(@item_11642#para proporcionar iluminación subacuática),Procesa y usa @item_11642#@1
4004006,Equipo de buceo 2,Procese y use @item_11643#@1#r(@item_11643#para reducir la presión bajo el agua),Procesa y usa @item_11643#@1
4004007,Equipo de buceo 3,Procesa y usa @item_11642#@1#r(@item_11642#para acelerar el movimiento bajo el agua),Procesa y usa @item_11642#@1
4004008,Pescador legendario,"Comercia con un legendario pescador en un pueblo pesquero costero #r(En el pueblo pesquero hay un chico duro con una corona en la cabeza, que puede mantener el suministro de alimentos de todo un pueblo con las excelentes habilidades pesqueras de una sola persona).",Comercie con un legendario pescador costero
4004009,Estatua del Dios del Mar,"Usa@item_11655# reparar@item_1193#@1#en el pueblo pesquero de la costa (Las estatuas están todas en el faro, camina por el pueblo pesquero, vuelve a hacer clic en la estatua después de repararla, algo bueno ocurrirá)",Reparación de @item_1193#@1 en el pueblo pesquero costero
4004010,Aventura en las profundidades marinas,"Adéntrate en la ecología de las profundidades marinas en Miras #r(Las profundidades marinas están llenas de peligros, cuanto más te adentras, más fuerte es la presión del agua y es difícil que la gente corriente sobreviva sin equipo de buceo).",Encuentra las profundidades del mar en Miras
4004011,Llega a la isla desierta,Ingrese a la ecología de la isla desierta en Miras #r (A los piratas les gusta estacionarse en islas desiertas y ocasionalmente pueden encontrar los informes financieros que dejan los piratas),Encuentra la isla desierta en Miras
4004012,Comerciante Pirata,"Comercia con el comerciante pirata#r (El comerciante pirata intimida a los débiles y teme a los fuertes, solo comerciará con personas más fuertes que él, así que ponte el equipo más fuerte antes de comerciar con ellos)",Comerciar con el Mercader Pirata
4004013,Llega a la isla de tierra roja,"Ingrese a la ecología de la isla de tierra roja en Miras #r (El suelo de la tierra roja contiene una sustancia extraña, los animales y plantas comunes no pueden sobrevivir en este entorno, y las criaturas sobrevivientes han sufrido algunos cambios maravillosos)",Encuentra la isla de tierra roja en Miras
4004014,Piña de Equinoccio,"Use @item_1187#@1 #r(No coma las plantas especiales de la isla de tierra roja, una vez que inhale el polvo, explotará, de repente sufrirá una enfermedad grave y locura)",Usa @item_1187#@1
4004015,Llega a la isla de coral,"Ingrese a la ecología de la isla de coral en Miras #r (La arena roja en toda la isla de coral puede mantener vivo al coral, por lo que puede sobrevivir incluso fuera del agua. Algunas islas de coral pueden encontrar un diseñador de muebles)",Encuentra la isla de coral en Miras
4004016,Comerciante de isla,Comercia con el comerciante de isla #r (sus diseños de muebles siempre pueden crear algo nuevo),Comercia con el comerciante de isla
4004017,¡Conquista las islas!,"Encuentra todo tipo de islas #r (isla desierta, isla de coral, isla de tierra roja)",Encuentra todo tipo de islas
4004018,Núcleo de relámpagos,Obtén @item_11648#@1 #r(Busca el barco hundido en el fondo del mar profundo),Obtener @item_11648#@1
4004019,Poder de relámpago,"Obtenga la entrada ""Látigo relámpago"" al incrustar runas en cualquier arma #r (agregando material secundario @item_11648# cuando incrustando runas tiene la posibilidad de obtener ""Látigo relámpago"")","Incrusta runas para obtener la entrada ""Látigo relámpago"""
4004020,Corazón de guardián,Derrota al guardia espíritu marino para conseguir @item_11640#@1 #r(ten cuidado al luchar contra el guardia espíritu marino en el fondo del mar).,Obtener @item_11640#@1
4004021,Transfórmate en Espíritu Oceánico,Use @item_11641#transforma#r (el poder de la runa se vierte en todo el cuerpo),Transforma utilizando @item_11641#
4004022,¡Conquista el océano!,"Completa todas las tareas del objetivo ""Treinta mil leguas de viaje submarino""","Completa todas las tareas del objetivo ""Treinta mil leguas de viaje submarino"""
4005001,Llegar al Campo de Hielo,"Adéntrate en el ecosistema polar en Miras #r(La región de campo de hielo está cubierta de nieve durante todo el año, y los recursos de la superficie son escasos. Pero hay seres aguerridos que lo llaman hogar...)",Encontrar el Campo de hielo de Miras
4005002,Conjunto de Resistencia al Frío,"Crea y equipa cualquier equipo de resistencia al frío, como @item_12312#@1#r(La región de campo de hielo tiene temperaturas extremadamente bajas. ¡Lleva abrigo!)",Crear y equipar cualquier equipo de resistencia al frío
4005003,Llegar a la Base de la Montaña nevada,Entra a la Base de la Montaña Nevada de Miras#r(¡Prepárate para trepar! Es probable encontrar cuevas en los alrededores de la base de la montaña nevada. ¡Intenta encontrarlas mientras subes!),Entrar a la Base de la Montaña Nevada de Miras
4005004,Escalar el Pico principal,Adéntrate en el Pico principal de la Montaña Nevada de Miras#r(Puedes ver todo desde las alturas),Adentrarte en el Pico principal de la Montaña Nevada de Miras
4005005,¿Visitante Extraterrestre?,"Derrota al Trol de Hielo Bajo o que habita en el Pico de la Montaña Nevada#r(Los Aldeanos de Campo de Hielo sufren ataques constantes del Trol de Campo de Hielo. Si puedes derrotarlo, seguramente estén agradecidos).",Derrotar a Trol de Hielo Bajo
4005006,Disipar el Frío,Alimenta @item_12534# a los demacrados Aldeanos de Campo de Hielo @1#r(Consumir @item_12534# ayuda a las criaturas a regular su temperatura corporal),Dar @item_12534#@1 a Aldeanos Salvajes de Campo de Hielo para comer
4005007,Supervisar la Construcción,"Ordena a los aldeanos que construyan casas #r(Luego de colocar @item_150005#, introduce planos en @item_150005# y proporciona los materiales necesarios. Luego, instruye a los trabajadores aldeanos o salvajes que construyan casas).",Ordenar a los aldeanos que construyan casas
4005008,Con Entusiasmo Exuberante,"Mejora @item_1389# en @item_150001# o @item_150000# #r(Siempre que los aldeanos pasan por un tótem adornado con @item_1389#, se potencia su entusiasmo y mejora su eficiencia de trabajo de manera significativa).",Mejorar @item_1389# en @item_150000#
4005009,Escalar el Pico secundario,"Adéntrate en el Pico Segundario de la Montaña Nevada de Miras#r(Comparadas a otros riscos montañosos de Miras, las Montañas Nevadas se destacan por su altura).",Adentrarte en Pico Secundario de Montaña Nevada de Miras
4005010,Bendición de la Nieve,"Recoge @item_764#@1#r(Con algo de suerte, puede que encuentres @item_764# en el Pico Segundario de la Montaña Nevada. Funciona como material secundario para el grabado de runas y proporciona efectos de bendición).",Recoger @item_764#@1
4005011,Guantes de polímero,"Crea @item_11231#@1#r(Con @item_11231#, puedes divertirte un poco al hacer rodar bolas de nieve).",Crear @item_11231#@1
4005012,Construir Muñeco de Nieve,"Usa @item_11231# para hacer rodas bolas de nieve y generar un muñeco de nieve #r(Si pones una bola de nieve arriba de otra, puedes crear un muñeco de nieve).",Usar @item_11231# para hacer rodar bolas de nieve y generar un muñeco de nieve
4005013,Primavera de la vida,Activa un muñeco de nieve con @item_12710# #r(El @item_12710# conseguido luego de derrotar a Guardias de Espíritu de Hielo retiene cierta energía vital. Colocarlo en un muñeco de nieve lo trae a la vida).,Activar un muñeco de nieve con @item_12710#
4005014,Conquistar la Región Polar,Completa todas las tareas de la Expedición Polar,Completa todas las tareas de la Expedición Polar
