ID,描述
ID,Desc
1,현재 상태에서는 잠을 잘 수 없습니다.
2,여기서 자시면 안됩니다. 침대가 필요합니다.
3,낮에 자시면 안됩니다.
4,침대와의 거리가 멉니다.
5,양동이를 사용하기에는 너무 뜨거움
6,침대는 플라즈에서 사용할 수 없습니다
7,탄약이 부족합니다.
8,맵을 전력으로 업로드/다운로드 중입니다. 잠시 후에 다시 시도해 주시기 바랍니다.
9,맵을 전력으로 다운로드 중입니다. 잠시 후에 다시 시도해 주시기 바랍니다.
10,"저장 파일 수량이 상한에 달하였으니, 필요 없는 저장된 맵을 삭제해 주십시오."
11,맵 공유가 성공적으로 처리되었습니다. 친구들에게 빨리 다운로드 받으라고 알리십시오!
12,네트워크가 끊겼습니다. 공유가 일시 정지됩니다. 네트워크 연결 후 다시 시도하십시오.
13,맵을 선택해서 들어가세요.
14,공유중입니다. 맵 업로드 완료후 진입 가능합니다.
15,이 맵은 다운로드가 완료되지 않아 들어갈 수 없습니다.
16,다운로드 중인 저장 파일을 삭제하시겠습니까?
17,"이 맵을 영구히 삭제하시겠습니까?
 #cef2d2d (맵의 백업도 삭제될 수도 있습니다.)
 (삭제 후 복구할 수 없습니다.) #n"
18,네트워크에 연결되지 않았습니다. 무선랜에서 지도를 공유하십시오.
19,네트워크에 연결되지 않았습니다. 무선랜에서 지도를 다운로드 하십시오.
20,네트워크에 연결되지 않았습니다. 무선랜에서 지도를 업데이트 하십시오.
21,"주의: 모바일 네트워크를 사용하고 있습니다. 게임과 음성이 데이터를 소모합니다. 계속 진행하시겠습니까?
 (무선랜 네트워크 접속을 권장합니다)"
22,네트워크가 불안정하여 다운로드가 중단되었습니다. 다시 무선랜에 접속해 보십시오.
23,더 이상의 맵이 없으니 어서 와서 당신의 맵을 공유해주십시오!
24,저장된 맵이 더 이상 없습니다.
25,저장 공간이 가득 찼습니다. 저장된 맵을 일부 삭제해 주세요.
26,맵을 성공적으로 추가하였으니 (내 팔로우)로 와보세요.
27,팔로우를 취소하시겠습니까?
28,"다운로드 저장소 수가 꽉 찼습니다, 필요 없는 저장소 맵을 삭제해 주십시오"
29,맵을 다운로드할 수 없습니다. 네트워크 상태를 확인하시고 다시 시도하십시오.
30,오늘 이미 이 맵에 대해 평가를 진행하였습니다. 평가는 하루에 한 번으로 제한합니다.
31,오늘의 좋아요는 이미 다 썼습니다. 내일 다시 시도해 보십시오.
32,제한된 맵의 설명: 고정된 크기의 무작위 지형 지도를 만듭니다. 일반적인 성능에 적합한 장치입니다.
33,슈퍼맵의 설명: 무한한 크기의 지형맵을 만들어서 보다 고성능 기기에 적합합니다.
34,평평한 지형의 설명: 평평한 지형의 맵을 만들면 건물을 짓기에 적합합니다.
35,만드실 물품을 선택하세요!
36,친구를 삭제하시겠습니까?
37,네트워크 연결이 불안정합니다. 잠시 후 다시 시도해 주십시오.
38,이 파트너는 이미 당신의 친구로 되었습니다.
39,친구 수가 이미 상한에 이르렀습니다.
40,자신을 친구로 추가할 수 없습니다.
41,친구를 추가할 수 없습니다. 잠시 후 다시 시도해 주십시오.
42,이 친구를 성공적으로 삭제되었습니다.
43,게임 내 저장된 맵을 다운로드할 수 없습니다. 메인 인터페이스에서 다시 시도해 보십시오.
44,근처에 있는 친구를 찾지 못했습니다. 잠시 후에 다시 검색해 주십시오.
45,"캐릭터명의 입력은 숫자, 알파벳, 혹은 한자를 사용할 수 있습니다."
46,캐릭터명이 이미 존재합니다(문자를 클릭하시면 입력 가능합니다)
47,고급 설정
48,중급 설정
49,저급 설정
50,뒷 시각
51,정 시각
52,주 시각
53,관찰시야 (멀리)
54,관찰시야( 가운데)
55,관찰시야 (근접)
56,사물함이 꽉 찼습니다!
57,작업 포인트 :
58,없음
59,의 모험
60,의 창조
61,@1이 부족함
62,@1×@2를 만들었습니다.
63,친구 삭제
64,@1이 당신의 친구가 되었습니다.
65,복마 인터페이스에서 해제되었습니다.
66,복마가 필요로 하는 별이 부족합니다.
67,아직 복마 속성이 없습니다.
68,임의로 악마의 속성을 부여합니다.
69,이 물품은 이미 복마되었습니다.
70,융합 후 부재는 사라집니다.
71,부물을 넣어주세요.
72,복마 물품을 선택해 주십시오.
73,별
74,미니 코인
75,복마 가능 물품
76,사용 가능한 메인 물품
77,사용 가능한 부품
78,속성 없음
79,@1 복마의 성공!
80,복마할 물건을 넣어주세요.
81,복마 인터페이스에서 백팩에 넣었습니다.
82,"야외에서 열심히 생존하십시오! 자원을 모으고, 세계를 탐구하십시오!"
83,각종 무한한 자원을 가지고 있어 어떠한 상상도 할 수 있습니다.
84,새 저장 파일을 만듭니다\n 모험을 시작하십시오.
85,파일이 저장되지 않았습니다. 빨리 #cfa7a0f로 가서 #n을 만드십시오
86,#cfa7a0f 다운로드 가능 맵을 더 많이 볼 수 있습니다! #n
87,"처음 게임에 들어가는 초보 수업 추천, 게임 기본 플레이 방법 알아보기!"
88,장면 속 인물 선택\n 캐릭터를 만듭니다.
89,캐릭터를 선택하세요.
90,초보 교육이 아직 끝나지 않았는데 계속 하시겠습니까?
91,만약 당신이 처음으로 미니월드에 들어간다면 #c0aaa1a 교수지도 (추천) #n에 들어갈 것을 강력히 권고합니다.
92,초보 교수 맵
93,도달함: 지하세계
94,도달함: 지상세계
95,당신은 @other와의 전투에서 부주의해서 실수하셨습니다.
96,@self 수영 중 산소소모에 주의하세요~
97,@self는 고온의 물체에서 멀리 떨어져 있습니다.
98,높은 곳은 위험하니 항상 안전에 주의하세요!
99,당신은 우주복이 한 벌 필요합니다.
100,선인장 조심!
101,복권을 살 수 있는 운이십니다.
102,당신은 독살되었습니다. 신선한 우유를 마시면 그것을 치료하십시오
103,@self 꽃처럼 졌습니다.
104,런닝모드 시작됩니다.
105,잠행 모드로 시작됩니다.
106,어서 저의 모험의 방으로 오세요!저희들이 당신을 기다리고 있어요.
107,이 모험방은 정말 멋져요!도저히 멈출 수 없어요.
108,누가 저의 모험방으로 빨리 오겠느냐?
109,베프면 저의 모험방으로 와주세요!
110,누가 저를 도와 광산을 캐줄 거예요? 어서 저의 모험의 방으로 와주세요!
111,어서 저 창조의 방으로 와주세요!여기는 재미있는 것이 많습니다.
112,어서 저 창조의 방에 와 다 같이 파티를 해요!
113,"제가 정성껏 만든 창조의 방, 여러분을 환영합니다."
114,저의 창조의 방은 이미 오래전부터 기다리고 있었습니다!
115,저의 창조의 방에 큰 집이 하나 있으니 어서 들어와 보십시오!
116,달이 둥근 특별한 밤...
117,달이 지는 특별한 밤...
118,여기에는 많은 물건이 있는데 당신은 무엇이 필요합니까? 당신은 사막과 빙원에 가서 내 남매를 찾을 수 있을지도 모릅니다.
119,"황사가 자욱한 내가 자란 곳, 나는 더 많은 물건을 원해서 그것을 오아시스로 변화시키겠다!"
120,빙원이 추워서 물자가 많이 필요해요. 저한테 제공해 주실 수 있어요?
121,규범에 맞지 않는 민감한 단어가 있습니다. 다시 입력해주세요.
122,이것은 호스트 전용 사물함이니 열어서는 안 됩니다.
123,변경된 이름을 입력하십시오.
124,비용이 필요합니다.
125,저장 파일에서 이름을 수정할 수 없습니다.
126,이름을 변경하신 것을 축하합니다.
127,이름 변경이 실패되었습니다. 인터넷 재시도를 점검하십시오.
128,구입한 도구는 왼쪽 하단의 창고에 보관할 것입니다.
129,아카이브에서 항목을 탭하여 배낭에 압축을 풉니다. 마운트 조각이 마운트 조각 저장소로 이동되었습니다. #cfa7a0f 클릭하면 #n
130,이런 도구는 호스트만이 추출하여 사용할 수 있습니다.
131,구매가 완료되었습니다. 왼쪽 하단부터 창고로 들어가 보시기 바랍니다.
132,"추출이 완료되었습니다, 백팩으로 확인하시기 바랍니다."
133,극한 모험 점수:
134,당신은 게임에서 그만 두었습니다. 다른 시도를 시도하십시오 (0)
135,호스트가 외계인에게 끌려가서 연결이 끊어졌습니다.
136,엄마가 호스트에게 밥을 먹이고 방을 닫았습니다.
137,"들어갈 수 없습니다, 지도 다운로드가 실패했거나 손상되었습니다(미리 공유 백업 권장)"
138,활성 단계:
139,잠금 해제됨:
140,메시지
141,프로필 사진
142,사용 가능한 메인 물품
143,잠금 해제제됨:
144,작성자 미니 계정 입력
145,미니 계정 입력
146,네트워크가 불안정합니다. 네트워크를 확인하십시오.
147,형식 선택
148,일반
149,양호
150,우수
151,당신이 팔로우하는 호스트들은 잠시 휴가를 보내고 있습니다.
152,죄송합니다. 지도 목록을 새로고침하고 다시 시도하십시오.
153,명칭
154,인수
155,형식 선택
156,묘사
157,바로 업데이트
158,게임 버전이 너무 낮습니다. 업데이트해주세요.
159,이 저장소 맵은 공유되지 않아서 맵을 다운로드하여 복구할 수 없습니다.
160,이 저장 파일을 다시 다운로드해야 합니다. 다운로드를 시작하시겠습니까?
161,네트워크가 불안정하여 업로드/다운로드 일시 정지하였습니다. 네트워크 점검 후 다시 시도하십시오.
162,맵을 저장하지 않았습니다. 다른 친구의 공유를 보십시오!
163,게임에 들어가면 데이터가 변환되므로 몇분이 걸릴 수 있으니 기다려 주십시오. 게임에서 나가시지 마십시오.
164,지난번에 들어갔던 방
165,부정행위를 하여 고친 것은 곰돌이에게 화가 나서 결과가 매우 심각합니다.
166,제목
167,라벨
168,형식 선택
169,소개
170,투고
171,나 혼자만 볼 수 있음
172,"재미있는 지도 소개로 더 많은 친구들의 다운로드 \n(클릭 입력, 30자 제한)을 유도할 수 있습니다."
173,업데이트 공유
174,나으 팔로우
175,작성자의 미니 계정을 입력하십시오
176,나의 공유
177,돌아가기
178,이놈은 게을러서 어떤 설명도 남기지 않았습니다~
179,만약 당신이 이 맵을 좋아한다면 평가를 열심히 해주십시오!
180,네
181,저장 파일 이름을 비워둘 수 없습니다.
182,탈것 능력
183,부화 시간
184,저장 파일 겉표지
185,획득
186,사용
187,업데이트
188,저장 파일을 공유하지 않았습니다.
189,이 플레이어는 공유할 맵이 없습니다.
190,기본 순위
191,추천
192,평점
193,금주 핫
194,최신
195,랭킹
196,성장개시
197,즉시 성숙
198,수확
199,물을 주고 벌레를 제거하러 온 친구
200,식물이 #c0aba1d 포만 #n 상태
201,식물은 #cffda0a에 물 부족 #n 상태
202,식물은 #cff3d2b 고갈 #n 상태
203,획득 가능:
204,성숙 카운트다운:
205,(바로 성숙)
206,성장하기 시작하다
207,친구의 집 보기
208,스코어보드
209,친구 삭제
210,팬
211,프로필 사진
212,명칭
213,격파하다
214,친구
215,탈것마 능력
216,미리 보기
217,재도전을 기다립니다.
218,미니 계정 전환시 주의: #r1. 중요한 저장 파일을 먼저 업로드하십시오 #r2. 게임 중 장난을 치다가 비밀번호 알림이 틀리면 로그인 해결을 시도할 수 있습니다.
219,네트워크가 불안정하여 방이 닫혔습니다.
220,방을 닫으면 모든 플레이어를 내보냅니다.
221,게임을 종료하면 모든 플레이어를 내보냅니다.
222,게임 시작: 3
223,게임 시작: 2
224,게임 시작: 1
225,시작
226,알겠습니다.
227,디폴트 복원
228,시스템 공지
229,@self @other 한 방!
230,@self의 공격은 정확히 @other를 명중시켰습니다!
231,"@self ""친절하게"" @other를 다시 활력소로!"
232,@self 더블 클릭!
233,@self 3연타!
234,@self 날카롭다!
235,@self 아무도 막지 못해요!
236,@self가 이 경기를 지배한다!
237,@self 초신의 길을 걷는다!
238,@self 폭주 중이니 누가 막아!
239,@self 신들린 듯!
240,"@self 이미 초신했다, 제발 누가 끝이나 내놔라!"
241,버전 업데이트
242,공지사항이 없습니다!!
243,@self @other의 3연타가 끝났다!
244,@self는 @other의 날카로움을 종식시킨다!
245,@self가 끝났어 @other는 아무도 막을 수 없어!
246,@self가 @other의 지배 레이스를 끝낸다!
247,@self는 @other의 신들린 길을 끝낸다!
248,@self가 @other의 폭주를 종식시켰다!
249,@self 끝 @other의 신들린 듯!
250,@self는 @other의 신을 끝낸다!
251,지금 부르면 탈것 아이를 낳을 수 있습니다!
252,게임시간 @num 날이 지나야 탈것 아기가 부화됩니다.
253,현재 상태는 앉을 수 없습니다.
254,거리가 너무 멀어서 앉을 수 없습니다.
255,떠돌이 상인
256,(상품 업데이트 완료)
257,어서 오십시오. 뭘 도와 드릴까요?\n 서둘러 주세요. 놓치면 다음을 기다려야 합니다!
258,후거
259,잔여:
260,매진
261,떠돌이 상인
262,떠돌이 상인이 떠났습니다.
263,도면
264,"헉, 헉, 헉, 당신은 무엇을 원하십니까?"
265,비품
266,충전할 수 없습니다. 나중에 다시 시도하십시오.
267,버전이 너무 낮아 업데이트 후 해당 피부가 정확하게 뜰 수 있습니다.
268,첫 화면-내 홈-도감에서 잠금해제 후 사용하며 이벤트와 집 열매는 파편을 얻을 수 있습니다.
269,저장 공간이 부족하여 저장 파일을 저장할 수 없습니다. 저장 공간을 치운 후 다시 시도하십시오.
270,승리
271,계속 노력하세요.
272,비김
273,코드 선물세트 활성화
274,선물세트 활성화 코드
275,활성화!
276,알림 : 획득한 보상은 숍
277,의 창고
278,에서 확인하십시오.
279,선물세트 활성화코드를 입력하세요
280,공식qq단톡방 교류(1방238888081，2방238888082，3방238888083）
281,활성화 코드를 입력하세요!
282,"네트워크가 불안정합니다, 네트워크 연결을 확인하십시오."
283,활성화 코드가 사용되어 중복 수령이 불가합니다.
284,입력하신 활성화 코드가 잘못되었습니다.
285,선물세트를 활성화하신 것을 축하합니다
286,네트워크 불안정/플랫폼이 올바르지 않음/같은 종류의 선물 꾸러미를 가져왔음
287,꾹 누르십시오
288,바닥에 클릭하여 툴박스 놓기!
289,나의 저장 파일
290,온라인
291,다용
292,건축물
293,기계적
294,배낭
295,툴
296,작물
297,잡동사니
298,네모
299,편집
300,"#cfa7a0f 널빤지 #n 부족, 나무 모아 널빤지 만들기"
301,#cfa7a0f 툴박스 #n 아이콘을 선택한 다음 오른쪽에 있는 #cfa7a0f 만들기 #n 버튼을 누르십시오
302,#cfa7a0f 곡괭이를 만들 재료가 부족하니#n 나무를 베어 #cfa7a0f 나무를 얻으세요#n
303,#cfa7a0f 목호 #n를 선택하고 오른쪽에 있는 #cfa7a0f 만들기 #n 버튼을 누르십시오.
304,미니월드에 오신 것을 환영합니다. #cfa7a0f로 #n을 먼저 익혀요. #cfa7a0f 클릭 #n스크린
305,"좌우 #cfa7a0f 슬라이딩스크린 #n, 앞을 향하여 시각 회전하십시오"
306,"#cfa7a0f 슬라이딩 #n흔들림 #cfa7a0f 이동 가능 #n, 앞으로 걸어보세요"
307,#cfa7a0f 네모 #n(화살이 가리키는 곳)를 눌러서 #cfa7a0f가 파괴될 때까지 계속 채취합니다 #n
308,매우 좋습니다. 모든 네모를 파괴하고 가져올 수 있습니다. #cfa7a0f를 클릭하시면 #n 보너스를 받으실 수 있습니다.
309,화살표 방향을 따라 나무를 찾으면 #cfa7a0f 키를 눌러 #cfa7a0f 우드 #n을 가져옵니다.
310,너무 좋아요. 도끼로 나무를 베면 #cfa7a0f로 더 빨리 나무를 얻을 수 있어요 #n
311,#cfa7a0f 배낭 #n을 열고 #cfa7a0f 널빤지 #n으로 #cfa7a0f 툴박스 #n을 합치자
312,#cfa7a0f 클릭으로 #n 태그 만들기
313,"#cfa7a0f 툴박스 #n 합성할 수 있는 고급물품, 홈스테이, 모험 필수"
314,#cfa7a0f 툴박스 #n을 #cfa7a0f 단축바 #n에 놓고 선택
315,바닥에 눌러서 #cfa7a0f 툴박스 #n
316,#cfa7a0f 클릭 #n 툴박스 열기 (손가락 알림)
317,"물품 제작 성공, 게임 중 #cfa7a0f 목호 #n을 이용하면 초보 광석 채굴 가능"
318,#cfa7a0f 밀빵 #n(빠른 물건 칸에 놓기)을 누르면 #cfa7a0f 사용 버튼 #n이 나타납니다
319,#cfa7a0f 꾹 누름 #n 오른쪽 #cfa7a0f 사용버튼 #n 밀빵을 먹을 수 있음
320,단축 물품바에서 사용할 물품을 선택해야만 #cfa7a0f 사용 버튼이 나타납니다 #n
321,방금 얻은 #cfa7a0f 헬멧 #n 장비를 착용하고 배낭을 먼저 열어봅시다.
322,#cfa7a0f 캐릭터 장치 #n 탭 클릭
323,#cfa7a0f헬멧 #n장비 클릭
324,#cfa7a0f 헬멧 #n의 설명과 등록정보가 나타나려면 #cfa7a0f 장치 #n 버튼을 누르십시오
325,너무 좋아요. 쉽죠?#cfa7a0f몬스터 #n을 때리자.왼쪽 상단 #cfa7a0f×#n 누르면 인터페이스 닫기
326,"주의! 몬스터가 다가와 좌우 #cfa7a0f 슬라이딩 화면 #n, 몬스터를 향해 #cfa7a0f 클릭 #n 몬스터를 공격합니다"
327,초보 수업 완성을 축하합니다 \n 아직 많이 남았습니다. 어서 새로운 모험을 시작하세요
328,명칭:
329,현재 작업: #cfa7a0f 숙지 작업 #n
330,현재 작업: 나무를 베어서 #cfa7a0f 나무 #n
331,현재 작업: #cfa7a0f 툴박스 만들기 #n
332,현재 작업: #cfa7a0f 목호 #n 만들기
333,현재 작업: #cfa7a0f 밀빵 먹어치우기 #n
334,현재 작업: #cfa7a0f 몬스터 격파 #n
335,현재 맵이 업데이트 되었으니 최신 버전을 다시 다운로드해 주세요.
336,비축
337,비축
338,비축
339,시스템 점검 중입니다. 지도를 당분간 공유할 수 없습니다.
340,인원수가 부족하여 게임을 시작할 수 없습니다
341,"#L#cef2d2d 내용 업로드에는 국가 관련 규정을 위반할 수 없으며, 국가가 명문화하여 금지한 내용을 포함할 수 없습니다. #n"
342,"세계 평화는 우리가 함께 지켜야 하고, 홈 등급은 2등급 미만일 때 맵 공유는 혼자서만 볼 수 있습니다."
343,"세계 평화는 우릭 함께 지켜야 하고, 미니계정은 만든 지 7일 미만까지 맵 공유는 혼자서만 볼 수 있습니다."
344,현재 맵 권한은 혼자 보기 때문에 공유할 수 없습니다
345,현재 맵 작성자가 다운로드 권한을 개방하지 않아 다운로드할 수 없습니다
346,@Null@
347,@Null@
348,@Null@
349,페이스북
350,활발하다
351,명칭
352,저자
353,로그인이 되지 않아 일부 기능을 사용할 수 없습니다
354,업데이트 중입니다. 잠시만 기다려 주세요.
355,비축
356,생방송
357,크로스 플랫폼은 로그인 할 수 없습니다.
358,이름 중의 부호는 규정에 부합하지 않는다.
359,미니계정:
360,현재 시간:
361,현재 버전:
362,무료
363,(성숙)
364,(1개 수확)
365,(10개 수확)
366,이미 친구 홈에 있습니다.
367,@Null@
368,탈것부름
369,보너스는 이미 창고에 넣었습니다.
370,다시 한 번 시도해 주십시오.
371,다시 열 번 시도해 주십시오.
372,미니빈
373,체험치
374,캐릭터 특기:
375,이 룩은 다음과 같은 특별한 변화를 포함하고 있습니다.
376,양이 부족합니다. 홈 안의 열매를 통해 얻을 수 있습니다.
377,양이 부족합니다. 홈 안의 열매를 통해 얻을 수 있습니다.
378,공예 요리법
379,파편 원본:
380,잠금 해제 진도
381,확인
382,아기 태우는 시간이 아직 안됐습니다
383,불꽃놀이 (#c1b9e1e미니빈 #n증정)
384,이 친구는 아직 식물을 입양하지 않았으니 다른 친구들을 둘러보십시오.
385,미니 콩이 부족하오니 구매부탁드립니다!
386,서버가 바쁘니 게임을 다시 시도해 보십시오
387,일괄 회수
388,1개 회수
389,잠금 해제됨
390,"Home-My Homestead-HomesteadFruits-Pokédex에서 잠금 해제 후 사용하며, 이벤트 또는 Homestead Fruits에 대한 조각을 얻을 수 있습니다."
391,이곳에 탈것용 아기를 생성하기에 적합하지 않습니다
392,탈것용 아기를 성공적으로 획득하였습니다!
393,"성공적인 물주기 경험x@1, 미니빈x@2"
394,"성공적인 벌레 제거 경험x@1, 미니빈x@2"
395,홈
396,친구 추가하면 홈을 보실 수 있습니다.
397,저장 파일 내에서 화면 오른쪽에 있는 탈것 버튼을 클릭하여 사용하십시오
398,당신의 식물은 현재 상태가 양호하다고 느끼고 있습니다.
399,클릭하여 홈 열매 규칙 보기
400,미니빈:
401,열매:
402,물주기:
403,비고:식물을 입양한 친구에게는 미니빈을 다시 받을 수 없습니다.
404,"출석체크를 하고, 좋은 식물에 물을 주고, 열매가 익으면 미니빈을 얻을 확률이 있습니다.1차 입양식물 시상 #c0aaa1a 미니빈 *200#n"
405,"열매는 성장을 열어두고 한동안 기다려 주거나 미니빈으로 직접 익혀주면 잠금해제 탈것, 캐릭터, 분장, 네모난 파편들을 켤 수 있습니다."
406,식물에 물을 주면 과일이 빨리 자랄 수 있고 물을 주면 미니빈과 성장치를 얻을 수 있는 홈을 자주 찾았던 기억이 납니다.
407,알겠습니다
408,파편 표시
409,오늘 획득한 보너스는 이미 상한에 이르렀습니다
410,툴이 손에 맞지 않습니다.
411,호스트가 보호를 설치하였습니다. 관광객은 호스트에게 권한을 요구할 수 있습니다.
412,권한
413,나름
414,관광객
415,네모를 파괴하고 배치할 수 있습니다 \n (게임 중 금지 가능)
416,네모를 파괴하고 배치할 수 없습니다 \n (게임 중 해제 가능)
417,도감
418,모험
419,창조
420,대적
421,회로
422,코드 해제
423,파쿠르
424,맵 크기:
425,다운로드 횟수:
426,게임 버전이 너무 낮습니다. 업데이트하십시오
427,종합
428,수업에 들어가다
429,"고수, 건너 뛰기"
430,계속
431,계속하기
432,활성화
433,재시도
434,계속 다운로드하기
435,구매하기
436,확성화
437,점수
438,체크 보너스
439,세계 지형 코드 입력 가능
440,리뷰 성공!
441,"근접전 방어: @1, @2% 근접전 및 폭발 피해 감소"
442,당분간 받을 혜택가 없습니다.
443,이 판본은 양립할 수 없다.
444,[방어점수는 현재 내구도의 비율에 영향을 받을 수 있습니다]
445,[물리적 상해는 근접전/원격/폭발 3가지]
446,#c0aaa1a@1#n 을 방에서 내보내시겠습니까?
447,내보내시겠습니까?
448,내보내시기에 실패하였습니다!
449,#cffda0a@1#n초 후 재도전
450,상태 표시
451,호스트가 이미 아이템 사용을 금지하였습니다.
452,별을 성공적으로 환전하셨습니다
453,미니코인이 부족합니다. #c0aaaa1a$@1 #n으로 #cfa7a0f@2개의 미니코인을 구입하시겠습니까? #n(적정 오락적이고 이성적인 소비)
454,US$
455,개 미니코인?
456,미니코인이 부족합니다.
457,US$
458,성공적으로 구매되었습니다. 해피불꽃 창고에 넣었고 미니빈 증정하였습니다.
459,소유:
460,태환
461,미지를 탐험하다
462,무한한 자원으로 모든 것을 창조하자
463,고급 설정
464,"어, 야외 모험은 항상 좀 위험해..."
465,미지 생물
466,"#c0aaa1a 별×@1#n, #cfa7a0f 미니코인×@2#n으로 보충하시겠습니까?"
467,사용하시겠습니까?
468,보충하시겠습니까?
469,별이 부족합니다:
470,다시 한번 시도해 주십시오
471,몸에 있는 아이템을 떨어뜨려 처음 위치로 되돌아갑니다.
472,탐험을 계속합니다.
473,#c5aea0a 탐험을 계속하며 몸에 걸치지 않는 소품 #n
474,물품을 넣다
475,메인 물품
476,부속품
477,통합
478,이번 복마는 이 속성을 @1 등급으로 올립니다
479,등급
480,등록정보가 5개 이상이면 복마 클릭 후 선택하십시오
481,이 등록정보는 다른 등록정보와 충돌합니다
482,최대 선택만 가능
483,줄 등록정보
484,통합 후 최대 @1가지 등록정보를 유지할 수 있습니다. 선택하세요:
485,줄 등록정보입니다. 선택하세요:
486,@1가지 속성을 충분히 선택하세요
487,@1개 @2 가져오기
488,개수
489,연료와 재료를 넣으면 자동으로 제련이 시작됩니다.
490,먼저 정련된 물건을 찾으십시오.
491,초보 수업 완료를 축하합니다
492,수령하기
493,new
494,최고 등급
495,비금과실위 10연속 추출 불가합니다
496,플라마
497,용린 기념비
498,즐겨찾기 취소
499,즐겨찾기에 성공함
500,@1을 내보내셨습니다.
501,내보내기
502,차수
503,업데이트 가능
504,이미 이 저장 파일을 다운로드 받았습니다.
505,상대방의 미니 계정을 입력하십시오.
506,룸 서버 연결이 되지 않았습니다
507,(오른쪽 버튼을 눌러 메뉴를 열면 저장 파일을 삭제할 수 있습니다)
508,다운로드 중:
509,다운로드 대기
510,다운로드 일시 정지:
511,마지막 로그인
512,로그인하지 않음
513,어제
514,엊그제
515,이 저장 파일 업로드 취소됨
516,로그인한 적 있음
517,맵 비고 입력하기
518,세계탐사
519,세계를 창조하기
520,들어가기
521,팔로우 취소
522,친구들에게 공유할 맵
523,이 맵을 공유하면 획득
524,디폴트
525,없는 계정입니다
526,동결된 계정입니다
527,중복된 계정 이름입니다
528,버전 번호
529,생성 시간 (일)
530,생존 일수
531,시간:
532,좌표:
533,높이:
534,충전 중입니다
535,수령
536,(완료됨)
537,(완판됨)
538,판매하기
539,교환하기
540,이 상품은 내가 다 사들였으니 새로 고치십시오
541,"그 상품은 내가 다 판매하였으니, 새로 고치십시오"
542,완료
543,교환하기
544,교환할 물건이 충분치 않습니다
545,구매 성공
546,화물은 이미 전부 새로 고쳤으니 고객님께서 고르십시오
547,새로고침
548,소모하기
549,진열대
550,필요하다
551,업적 추적
552,@1 수리 완료!
553,수리할 물품을 넣어주세요
554,수리재를 넣어주세요
555,별이 부족합니다
556,수리할 필요가 없습니다
557,내구도:
558,시간
559,초
560,알낳고 식히는 시간
561,당신의 탑승자는 지금 늦잠을 자고 있으니 소환하려면 @1초가 필요합니다
562,버전이 너무 낮습니다
563,저장 파일이 없어 방을 만들 수 없습니다
564,아직 찜한 방이 없습니다
565,상한에 도달했으니 새로 고침하십시오.
566,방이 이미 꽉 찼습니다.
567,방 비밀번호 오류가 발생하였습니다.
568,방은 이미 호스트에 의해 폐쇄되었습니다.
569,더 이상의 방이 없습니다.
570,현재 네트워크
571,최신 버전
572,클라이언트 버전이 룸 버전과 일치하지 않습니다.
573,방 연결이 실패되었습니다.
574,호스트 미니계정을 입력하십시오.
575,방을 만들기 위해 버튼을 누르십시오.
576,잠시 방이 없습니다.
577,검색 결과
578,새로고침
579,방을 열 저장 파일을 선택하십시오.
580,라벨 입력 가능
581,방 비밀번호
582,방 비밀번호를 입력하십시오.
583,캐릭터를 만들 수 없습니다. 네트워크를 확인하십시오.
584,기본 설정
585,설정 제어
586,고급 설정
587,기본
588,제어
589,고급
590,명칭
591,화면 밝기
592,숨겨진 인터페이스
593,평화 모드
594,뮤직
595,음향 효과
596,볼륨
597,감도
598,Y축 반전
599,왼손잡이 모드
600,표준 모드
601,자동점프
602,진동스위치
603,더 많은 게임
604,충전이 완료되었습니다.
605,@1타려면 #c0aaa1a@2×@3가 필요합니다. #cfa7a0f 미니코인 #n으로 보충할 수도 있습니다.(적정 오락 이성적 소비)
606,타려면 더 필요합니다.
607,사용하셔도 됩니다
608,보충하기
609,도구가 부족합니다.
610,미니코인을 사러 가시겠어요?(적정 오락 이성적 소비)
611,영구적
612,일시 구매: 남은 #cfa7a0f@1#n일 #cfa7a0f@2#n시 #cfa7a0f@3#n분
613,구매가 완료되지 않았습니다. 인터넷 접속을 확인하십시오.
614,사용 취소
615,@1사용 성공
616,특기
617,업그레이드
618,활성화
619,특기적성을 업그레이드 하십시오.
620,사용됨
621,이 기능을 활성화하려면 #c0aaa1a@1×@2#n이 필요합니다. #cfa7a0f미니코인 #n으로 보충할 수도 있습니다.(적정 오락 이성적 소비)
622,이 기능을 업그레이드하려면 #c0aaa1a@1×@2#n이 필요합니다. #cfa7a0f미니코인 #n으로 보충할 수도 있습니다.(적정 오락 이성적 소비)
623,더 필요합니다.
624,일시 체험: 남은 #cfa7a0f@1#n일 #cfa7a0f@2#n시 #cfa7a0f@3#n분
625,이 캐릭터를 잠금 해제하려면 #c0aaa1a@1×@2#n이 필요합니다. #cfa7a0f 미니코인 #n으로 보충할 수도 있습니다.(적정 오락 이성적 소비)
626,할인
627,구매 완료
628,#cfa7a0f를 @1#n 현재 저장되어 있는 배낭으로 가져갈까요?
629,버전이 너무 낮습니다.
630,@1잠금 해제된것을 축하합니다.
631,네트워크 오류가 발생하여 충전할 수 없습니다
632,새 탈것 잠금 해제:
633,탈것 업그레이드
634,(영구적)
635,@1 룩에 @2일 사용시간이 추가되었습니다!
636,버전이 너무 낮습니다.
637,활성화되었습니다.
638,터놓다
639,바로 구매하기
640,놓기
641,저축하기
642,꺼내기
643,벗기
644,부족한 이름
645,잠금 해제에 필요한 파편의 양이 부족합니다
646,상세한 상황은 스토어에서 확인하십시오.
647,배낭에 넣었습니다.
648,작업 완료!
649,아이템 획득!
650,@1×@2를 주웠습니다
651,이동 @1개@2
652,@1×@2 버림
653,보너스 모음
654,제안 피드백
655,제안 피드백
656,여기에 당신의 소중한 제안을 입력하십시오
657,QQ:
658,휴대폰 번호:
659,QQ계정을 입력하십시오
660,휴대폰 번호를 입력하십시오
661,제출하기
662,오늘 제안 제출 횟수가 이미 상한에 이르렀습니다
663,당신의 소중한 제의를 기입한 후 제출해 주십시오.
664,피드백 성공
665,현재 피드백 인원이 많으니 잠시 후에 다시 시도해 주십시오
666,(잠금 해제되지 않음)
667,잠금 해제 경로
668,파편 회수하기
669,회수하기
670,이 물품을 잠금 해제하려면 #c0aaa1a@1×@2#n이 필요합니다. #cfa7a0f@3#n으로 보충할 수도 있습니다.
671,보너스를 성공적으로 수령하였습니다!
672,사용자 정의 플레이와 규칙
673,플레이 모드
674,의 플레이
675,맵 규칙 만들기
676,디폴트 복원
677,길이
678,맵 크기:(1 블록 길이 = 16개의 사각형)
679,너비
680,무제한
681,지형:
682,랜덤
683,평탄하다
684,빈 섬
685,맵 만들기
686,지형:
687,초원
688,사막
689,숲
690,빙원
691,바다
692,높은 산
693,소나무 숲
694,임야
695,몬스터 생성:
696,동물
697,몬스터
698,그 지형 아래 이 땅의 모습은 쓸 수 없습니다
699,숫자를 입력해주세요
700,#cfa7a0f 호스트가 #n@1#cfa7a0f를 내보냈습니다 #n
701,#cfa7a0f 방에서 내보냈습니다 #n
702,@ItemName가 부족합니다.
703,필요한 교체 물품이 부족합니다
704,노림수 자작
705,기본 설정
706,디폴트 복원\n
707,저장 확인
708,시간
709,소비 실패!
710,수치를 입력하세요!
711,팀
712,점수
713,레드팀
714,블루팀
715,그린팀
716,퍼플팀
717,옐로우팀
718,오렌지팀
719,노력하다
720,맵 편집
721,충전할 수 없습니다. 다른 방법을 선택하여 충전하십시오.
722,충전 처리 중입니다. 잠시만 기다려 주세요!
723,충전 도우미
724,네트워크와 잔액을 체크하고 다시 시도하시고 결제하셨다면 재시도 버튼을 여러 번 눌러주세요.
725,최신 버전으로 업그레이드해주세요
726,"충전에 문제가 생기면 다음과 같은 경로로 고객 서비스에 연락할 수 있습니다. 
 1. 고객서비스 메일: GM@mini1.cn 
 2. #cfa7a0f QQ 일반번호: 800800864#n (줄 서야 할 듯) 
 3. 충전 전용선:0755-86953710、0755-66821978（10：00-20：00） 
 보다 효과적인 문제 해결을 위해, 당신의 미니계정을 제출하고 충전하십시오. 요금 공제 증빙 사진을 캡처하여 고객 서비스에 발송하십시오."
727,충전할 수 없습니다. 네트워크와 잔액을 확인한 후 다시 시도하십시오!
728,현재 파편을 가지고 있음
729,인원수 만족되었습니다. 이제 게임을 시작하십시오
730,소택지
731,공유하여 미니빈 얻기!
732,미니빈을 얻는 법!
733,"1. 나만의 링크 공유하기 \n2.다른 친구들은 링크 클릭 후 미니빈 20개 받기\n3. 하루 5회, 주 20회까지 받을 수 있음."
734,현재 수령 가능:
735,이번 주 누적:
736,링크 복사
737,보너스 수령!
738,나만의 링크:
739,붙여넣기판에 복사했습니다!
740,적어도 한 가지 지형을 택하십시오
741,준비 단계
742,초기 보급함
743,재도전 보급함
744,초기 보급함: 저장된 아이템은 플레이어가 처음 휴대하는 아이템이 됩니다
745,재도전 보급함:저장된 아이템은 플레이어가 재도전할 때 휴대하는 아이템이 됩니다.
746,편집 일수
747,방법 일수
748,노팀
749,게임 종료
750,추천 설정
751,게임 규칙을 더 빨리 만들 수 있도록 미리 설정합니다
752,러닝 쿨 추천
753,대전 추천
754,디폴트 복원
755,의 플레이
756,오늘 수령 보너스는 이미 상한에 이르렀습니다
757,금주 수령 보너스는 이미 상한에 이르렀습니다
758,성공적으로 수령하였습니다
759,데이터 오류
760,미니계정을 가져오지 못했습니다
761,연결에 실패했습니다. 페이지를 다시 열어 주십시오
762,이 미니계정은 이미 정지되었습니다.
763,상세 소개
764,플레이어 리뷰
765,더 많은 리뷰를 누르거나 위로 끌어오기
766,리뷰가 없습니다
767,당신의 리뷰는 저자가 맵을 더 잘 보완할 수 있도록 도울 것입니다. 열심히 작성하세요!(110자 한정)
768,리뷰가 실패했습니다. 다시 시도하십시오.
769,리뷰가 텅 비어있어요
770,더 이상 리뷰가 없습니다
771,네트워크를 확인한 후 다시 시도하십시오
772,리뷰가 성공적으로 삭제되었습니다.
773,삭제가 실패되었습니다.
774,(높은 설정이 필요함)
775,자신을 확인할 수 없습니다
776,"이 저장 파일을 공유하는 것을 취소하시겠습니까?
 #cef2d2d (공유 취소 나중에 삭제하거나 데이터를 삭제하면 이 저장 파일은 다시 복구할 수 없습니다.)"
777,"(나만의 링크를 Q그룹 등에 공유하고, 클릭 후 수상 횟수를 획득)"
778,미니계정 전환을 닫았습니다
779,암호화된 미니계정을 닫았습니다
780,홈을 닫았습니다
781,메시지 충전을 닫았습니다
782,SDK충전을 닫았습니다
783,위챗 결제
784,알리페이 결제
785,위챗 결제를 닫았습니다
786,알리페이 결제를 닫았습니다
787,주문 취소
788,문제에 봉착하였습니다
789,충전 중인데 1분 안에 반응이 없으면 네트워크에 문제가 생길 것 같습니다.
790,1회 구매
791,10회 구매
792,더블!
793,이벤트 시간: #cfa7a0f 11월 15일~12월 15일 #n#r 이벤트 내용: 이벤트 기간 #cfa7a0f 누적 로그인 #n 해당 일수만큼 이벤트 인터페이스에서 푸짐한 인센티브를 받을 수 있습니다
794,감사의 답례
795,감사의 답사
796,하루
797,이틀
798,사흘
799,나흘
800,닷새
801,육일
802,칠일
803,팔일
804,구일
805,십일
806,감사의 답례
807,캐릭터
808,합하기
809,복마
810,방어:
811,정리
812,분류
813,전부
814,장치
815,툴
816,네모
817,재료
818,@Null@
819,화면을 슬라이딩하십시오 @name
820,카카
821,니니
822,이것은 이동 스윙으로 캐릭터의 이동을 제어할 수 있습니다
823,조작 튜토리얼
824,스윙바를 밀어서 이동하십시오.
825,이동하면서 스크린을 움직여 뒤돌아보세요
826,화면을 위아래로 미끄러뜨려 하늘과 땅을 관찰하세요
827,이것은 작업 추적반입니다. 새로운 작업이 게시되었습니다
828,Celesthium 블록 옆에 가십시오
829,Celesthium 블록을 길게 누르면
830,셀레스트 히움 블록에 접근하여 가져옵니다
831,작업 완료
832,배낭을 주시겠습니다. 여기에 물품을 맡길 수 있습니다.
833,물품을 클릭하세요
834,물품을 땅에 내려놓으세요
835,격파 목표에 따라 자원을 회수합니다
836,@name과 함께 식재료를 집어들기
837,"단축바가 꽉 찼을 때, 새로 찾은 물품을 배낭에 넣습니다"
838,배낭을 클릭하여 열기
839,"봐, 단축창에 못 놓는 물건들이 배낭 안에 있어"
840,선택된 물건을 클릭하세요
841,단축바를 다시 클릭하세요
842,"봐, 물품을 치환했어요"
843,식재료를 모두 모아 주세요.
844,렌즈가 흔들리고 있습니다
845,새 작업
846,작업 완료
847,월드 테트리스는 지금 필사적으로 로딩 중입니다...
848,공고
849,통관을 축하합니다
850,#c373631 통관 축하합니다!이제 #n#cfa7a0f 새로운 모험 #n#c373631을 시작하세요 #n
851,새로운 모험
852,아무데나
853,들러보기
854,시야(더 멀리)
855,시야(제일 멀리)
856,넓은 시야는 높은 설정이 필요합니다
857,초거대 시야는 높은 설정 필요합니다. 스크린샷 추천합니다.
858,가장 매끈하고 메모리폰에 적합합니다
859,유려함과 시야를 겸비하여 대부분의 휴대폰에 적합합니다
860,화면 우선이고 프리미엄폰 적합합니다
861,안개효과
862,(모든 행위를 허용합니다. 금지된 물품과 때릴 수 없는 영향만 받습니다.
863,(네모와 사람을 때리는 파괴는 불가능하며 관람만 금지)
864,"(폭약통, 점화석, 마그마통, 대폭죽 등을 사용하지 마시오. 
 호스트 제한 없음)"
865,IOS 친구를 초대합니다!
866,"ios 플레이어 미니월드 초대, 각종 보너스 봇물 터지듯! 
 1.이벤트 기간동안 ios친구들을 초대해 미니월드를 다운로드하고, 패배자신의 미니 계정에 들어가면 양쪽 모두 날아다니는 쥐 파편과 푸짐한 미니빈을 줍니다. 
 2. ios 신규 가입자 #cfa7a0f 24 필요시간 내에 핸드폰 #n을 연동해야 초대장이 성공했다고 인정해야 보너스를 받을 수 있습니다 
 3. ios 신규가입자는 초대 플레이어 미니 계정을 입력하시면 획득할 수 있습니다.보너스, 새 플레이어는 초대 미니 계정만 입력할 수 있습니다."
867,공유 예약 IOS
868,IOS 친구를 초대합니다
869,세입자 선택 권한
870,현재 세입자 권한
871,룸 권한(#c0aaa1a 자유 #n)
872,룸 권한 (#c0aaa1a 관광객 #n)
873,위험물 사용 금지(#cef2d2d 끄기 #n)
874,위험물 사용 금지(#cef2d2d 켜기 #n)
875,안개효과(끄기)
876,안개효과(담무)
877,안개효과(농무)
878,@1 비활성화됨
879,@1 금지 해제됨
880,#c0aaa1a미니빈 #n부족 자동구매
881,홈으로 가기
882,식물lv@level보너스
883,다음 페이지
884,"1. 식물들은 리터당 1등급씩 미니빈과 1레벨을 얻을 수 있습니다. 
 2. 5/10/1등급 추가과실위 획득"
885,"모바일 문자결제는 지원 불가, 다른 결제방식을 시도하세요"
886,회수 확인
887,회수 획득
888,저장 파일 다운로드
889,명칭:
890,모드:
891,뉴월드 만들기
892,선별
893,초청상
894,소품 구매
895,소품 창고
896,새로고침
897,찜
898,선별 유형
899,일반 설정
900,월드지형코드
901,맵 규칙 만들기
902,생존 일수
903,복사하기
904,블록 비활성화 단계:
905,"1. 아이템 표시줄에 도구명이 나타나면 왼쪽에 있는 빨간색 버튼을 누른 후 사용하지 않기
 2. 위의 단계를 반복하여 비활성화 해제"
906,맵 공유하기
907,새로운 피부 획득 : @1룩!
908,새 캐릭터 잠금 해제:
909,특기적성 업그레이드:
910,물품교환
911,십일일
912,십이일
913,십삼일
914,십사일
915,십오일
916,십육일
917,십칠일
918,십팔일
919,십구일
920,이십일
921,이십일
922,이십이
923,이십삼
924,이십사
925,이십오
926,이십육
927,이십칠
928,이십팔
929,이십구
930,삼십
931,시간 후 일일 횟수 초기화
932,분 후 일일 횟수 초기화
933,"미니리더 : 1. 공식적으로는 계좌이체나 레드백을 요구하지 않고, 레드백을 보내달라는 건 사기꾼입니다!
 2. '파헤버전' 믿지 마시고, ' 고객 서비스 사칭' 낯선 사람 믿지 마세요!"
934,Lv
935,축복합니다
936,충분한 재배 에너지 획득을 축하합니다~
937,쏘쏘 이벤트 상세 안내
938,작업 완수하러 가기
939,이벤트 소개
940,초대자의 미니계정을 입력하십시오
941,올드 플레이어 리콜하기
942,"미니월드(25일 이상)에 접속하지 않은 이용자를 초대하여 복리후생을 받으세요! 리콜 보너스를 받으려면 몇 걸음 걸립니까? 1、오랜만에 접속한 친구들에게 컴백하면 보너스를 줍니다! 2、친구들은 미니월드에 접속하여 혜택 인터페이스를 열고 리콜을 찾아 당신의 미니계정을 입력합니다(한 번만 작성할 수 있으니 절대 틀리지 마세요~)3. 양쪽 모두 획득할 수 있습니다: 날다람쥐 파편*5, 미쏘쏘 파편*5! 비고: 이벤트 기간 동안 최대 50회까지 보너스를 받을 수 있습니다."
943,만약 리콜되셨다면 당신을 리콜할 미니계정을 기입하세요.
944,월드 수호 계획
945,환경보호축몽사
946,쏘쏘 명아주과 관목은 추위와 가뭄에 견디며 뿌리가 발달하여 한 그루가 10제곱미터의 황량한 사막을 고정시켜 사막의 확산을 방지합니다.
947,에너지가 부족하니 계속 힘내세요~
948,이벤트 참가하기
949,획득 방식
950,특혜
951,특혜1
952,특혜2
953,특혜3
954,특혜4
955,특혜5
956,특혜6
957,특혜7
958,먼저 '인터뷰홀' 인터페이스로 가셔서 '같이 놀자' 버튼을 클릭하셔야 방으로 바로 들어가실 수 있습니다.
959,버전이 너무 낮습니다
960,"여러분 단오날, 어린이날 즐겁게 보내세요"
961,명칭
962,서로 상처를 주지 않기 (#c0aaa1a열기 #n)
963,서로 상처를 주지 않기 (#cef2d2d끄기 #n)
964,(플레이어사이에 서로 공격할 수 있음)
965,(플레이어사이에 서로 공격할 수 없음)
966,공식 추천
967,모바일 카드가 감지되지 않아 충전 실패되었습니다
968,"다시 시도하면 초기 위치로 돌아갑니다, 확실합니까?"
969,네
970,취소
971,교환가능횟수
972,기환
973,이것은 당신이 이전에 놀았던 저장 파일입니다. 클릭하여 들어가 보십시오
974,새 저장 파일을 만들려면 여기를 누르십시오
975,ภาษาไทย
976,Español
977,Português
978,Français
979,日本語
980,العربية
981,한국어
982,Tiếng Việt
983,Русский
984,Türkçe
985,Italiano
986,Deutsch
987,Indonesia
988,Malay
989,버전이 너무 낮습니다
990,버전이 너무 낮습니다
991,버전이 너무 낮습니다
992,버전이 너무 낮습니다
993,버전이 너무 낮습니다
994,버전이 너무 낮습니다
995,버전이 너무 낮습니다
996,버전이 너무 낮습니다
997,버전이 너무 낮습니다
998,버전이 너무 낮습니다
999,버전이 너무 낮습니다
1000,누군가가 내 보물을 훔치려 고 노력하고 있습니다!
1001,불꽃의 세례를 받자!
1002,구멍 뚫는 서버 연결 중
1003,리트윗 서버 연결 중
1004,목표와 바로 연결을 시도하고 있습니다.
1005,스킨 드로잉을 시도하고 있습니다.
1006,연결 리트윗 성공하였습니다. 호스트 로그인 리트윗
1007,연결 리트윗 성공하였습니다. 여객기 로그인 리트윗
1008,구멍을 뚫을 수 없습니다. 서버를 통해 리트윗을 시도하는 중입니다.
1009,구멍을 뚫을 수 없습니다. 호스트에게 연결할 수 없습니다.
1010,서버 연결이 완료되었습니다. 호스트에 인증 요청 중입니다.
1011,호스트에 가입했습니다. 첫 번째 데이터 블록을 받는 중입니다.
1012,MOD 로딩이 완료되었습니다. 호스트에 가입 요청 중입니다.
1013,감히 내 잠을 어지럽히고 누가 내리지 않아!
1014,무효! 왜 나 구속력 있니?
1015,"나는 무료 .. 고마워, 전사."
1016,이것은 대지의 분노입니다!
1017,시동 걸러 가기
1018,이전 미수금 주문서 충전 완료되었습니다. 미니코인 총 @1 추가
1019,이전 주문은 처리 중입니다. 잠시 후에 다시 시도해 주시기 바랍니다
1020,기타 결제 방식
1021,"혜택주간 이벤트, 홈 두 배 수확!"
1022,보너스: 2인 육행조 탈것!
1023,열매를 열어서 에너지를 가득 모으면 보너스를 받을 수 있고 열매가 좋을수록 에너지가 더 많아집니다.
1024,이미 덕담을 썼습니다.
1025,제출 확인
1026,참여 이벤트 맵 보기
1027,나의 봉사활동 공유하기
1028,축복 편집하기
1029,@Null@
1030,@Null@
1031,@Null@
1032,@Null@
1033,@Null@
1034,@Null@
1035,@Null@
1036,@Null@
1037,@Null@
1038,@Null@
1039,@Null@
1040,@Null@
1041,@Null@
1042,@Null@
1043,@Null@
1044,암호화 박스 비밀번호 설정
1045,암호화 상자 비밀번호 확인
1046,암호화 상자 비밀번호 입력
1047,제로
1048,호스트가 비밀번호를 아직 설정하지 않아서 당신은 열 수 없습니다
1049,비밀번호 입력 오류
1050,맵 선택
1051,역사
1052,분류
1053,생존
1054,맨 위로 설정
1055,제출할 수있는 #CEF2D2D @1만이 있습니다. 올바른 정보를 입력하십시오
1056,광고보기 #c0aaa1a무료 계속탐험 #n오\n 아이템 떨어지지 않기!
1057,만료되었습니다
1058,맵 찾기
1059,작가 부티크 그림
1060,없습니다
1061,하이라이트 맵 추천
1062,생성하기
1063,현재 핫맵
1064,현재 공방인원이 많아 온라인으로 본 그림을 즐기거나 줄을 서서 다운받는 것을 추천합니다
1065,온라인 플레이
1066,줄서기
1067,센서 블록
1068,서로 상처주기 (허용) : 플레이어를 공격할 수 있음
1069,서로 상처주기 (금지) : 플레이어를 공격할 수 없음
1070,공유
1071,나는 미니월드에서 진흙놀이를 하고있습니다!
1072,함께 놀자!
1073,로그인 실패하였습니다. 네트워크를 확인하세요
1074,방을 찾을 수 없습니다. 네트워크를 확인하십시오
1075,위 플레이어는 아직 방을 오픈하지 않았습니다.
1076,위 플레이어가 오픈한 방의 정보가 이상합니다.
1077,클라이언트 버전이 방의 버전과 일치하지 않습니다
1078,방 연결이 실패하였습니다.
1079,방이 이미 꽉 찼습니다.
1080,@Null@
1081,@Null@
1082,@Null@
1083,@Null@
1084,@Null@
1085,@Null@
1086,@Null@
1087,@Null@
1088,@Null@
1089,배낭 용량
1090,기아도 소모
1091,클릭하여 명칭을 고치십시오
1092,명령어 초기화
1093,줄당 처리 속도:
1094,시그널해석기
1095,명령어 칩 선택
1096,명령어 칩을 넣고 전기가 들어오면 왼쪽에서 오른쪽 순으로 명령어 칩을 해석합니다
1097,"명령어 칩은 명령어를 어떻게 편집합니까? #r 
 명령어 칩 8개 채널이 있습니다. 신호 대응수신기의 8개 채널이 있습니다.채널 1은 1열 명령어로 각각의 명령어는 2가지 상태로 파란색이 켜지고 회색이 꺼집니다. 예를 들어 첫 번째 줄 채널 1의 명령이 켜진 상태라면 첫 번째 줄을 해석할 때 채널 1의 신호 수용기가 신호를 받아 통전 상태가 되며, 각 줄의 해석 속도를 0.2초에서 0.6초까지 조절할 수 있습니다 #r#r 
 명령어 칩은 어떻게 사용합니까? #r 
 명령어 칩을 시그널 해석기 안에 놓다신호해석기가 전기가 들어오면 순서대로 명령칩을 해석해 명령칩의 명령대로 수신기에 시그널을 보냅니다."
1098,미니월드 세뱃돈 수령 클릭하기
1099,명령어를 초기화하면 명령어 칩의 모든 명령어를 비웁니다
1100,방을 닫혔습니다
1101,"방에 연결할 수 없습니다, 네트워크를 확인하십시오"
1102,방 가입에 실패하였습니다
1103,방으로 가입하는 중입니다. 잠시만 기다려 주세요!
1104,겉모양
1105,속성
1106,캐릭터를 만드십시오
1107,생물 유형
1108,아래에서 생물의 유형을 선택하세요
1109,입력하신 미니계정이나 비밀번호가 틀렸습니다
1110,글로벌 버전
1111,로그인
1112,로그인 전환 실패하였습니다
1113,"미니계정 전환에 실패했습니다. 다음 방법을 시도해 보십시오: 
 1. #cef2d2d 비밀번호 오류 #n, 비밀번호를 확인하세요. 야드 후 재입력 
 2. #cef2d2d 비밀번호를 잊었습니다 #n. 설정할 때 이메일을 입력했다면 '이메일 찾기'를 클릭하세요."
1114,"입력하신 미니계정이 존재하지 않습니다. 다음과 같은 이유일 수 있습니다: 
 1. 미니계정 #cef2d2d 입력 오류 #n,미니계정을 체크해 다시 입력해주세요 
 2. 미니계정은 현재 서버에 속하지 않습니다, 먼저 '#ce' 하세요f2d2d 서버 전환 #n"""
1115,서버 전환하기
1116,"#cef2d2d @1 #n으로 전환하시겠습니까?현재 미니계정 및 데이터(아카이브, 소품, 미니코인, 미니빈 등)는 현재 서버에 남겨두고 필요할 경우 다시 한번 자르면 됩니다.전환 후 @1의 미니계정을 재할당합니다. 
 
 ""확정""을 누르면 게임이 종료되며 다시 시작하면 효력이 발생합니다."
1117,중국 대륙 구역
1118,글로벌 구역
1119,사랑하는 사용자님~ 사용 중인 버전은 현재 지역에서 사용할 수 없습니다. 게임을 종료하고 다시 시도 하십시오. 게임을 할 수 있는 서버로 전환해 드리겠습니다.
1120,"Omlet에 생방송하여 당신의 멀티플레이 하이라이트를 포착하고 공유합니다.유튜브, 트위치, 페이스북 등의 플랫폼에 동시에 생방송을 공유할 수 있습니다. #r#rOmlet 라이브 기능은 현재 안드로이드 5.0 이상의 모바일 시스템만 지원합니다."
1121,텍스트 암호
1122,#L텍스트 암호로 로그인 #n
1123,#L숫자 암호로 로그인#n
1124,비밀번호 오류 횟수가 너무 많아서 현재 장치가 잠겨졌습니다. 나중에 다시 시도해 주십시오
1125,광고
1126,두 번의 비밀번호 입력이 다릅니다. 다시 입력해주세요
1127,명령 칩
1128,네 자리 비밀번호를 입력하세요
1129,말이 너무 빨라요! 쉬었다 하세요~
1130,기본 등록 정보
1131,고급 등록 정보
1132,모바일 특성
1133,모바일 방식을 위한 다양한 특성 선택 가능
1134,아래에서 생물의 공격 유형을 선택하세요
1135,아래에서 생물의 공격 모드를 선택하세요
1136,공격하시겠습니까?
1137,공격 부대효과
1138,선택된 효과
1139,공격 특성
1140,다양한 전투 특성을 선택할 수 있습니다
1141,투사물
1142,공격 효과 라이브러리
1143,디폴트 복원
1144,순백 캔버스
1145,수역
1146,초지
1147,@Null@
1148,@Null@
1149,@Null@
1150,유해 효과
1151,유익 효과
1152,중립 효과
1153,공유 확인하기
1154,떠다니는 섬
1155,매주 화요일 지정된 날짜에 로그인하면 추가 보너스를 받을 수 있습니다
1156,매일 보너스
1157,지정한 날짜 추가 보너스
1158,@Null@
1159,@Null@
1160,@Null@
1161,@Null@
1162,@Null@
1163,@Null@
1164,@Null@
1165,@Null@
1166,@Null@
1167,@Null@
1168,@Null@
1169,@Null@
1170,@Null@
1171,신청 수량이 이미 상한에 이르렀습니다
1172,룸 정보
1173,룸 인원 목록
1174,친구 요청하기
1175,정보 보기
1176,음성 청취 금지
1177,음성 열기
1178,음성 권한 설정
1179,음성 권한 취소
1180,권한 닫기
1181,권한 열기
1182,팀 조정
1183,마이크 뺏기
1184,룸 권한 신청하기
1185,통과하였습니다
1186,거부하였습니다
1187,호스트에게 권한 신청을 보냈습니다.
1188,룸 통화 기능 #c0a7fef (전체 통화하기) #n
1189,마이크
1190,플레이어 통화
1191,"자유: 일체의 행위를 허용하며 금지 물품과 때리지 못하는 영향만 받습니다. 
 관람객: 네모 놓기를 파괴 및 때리기 불가합니다. 일체를 금지하고 관람만 가능합니다."
1192,"폭약통, 점화석, 마그마통, 대폭죽 등을 금지합니다. 
 호스트는 제한을 받지 않습니다."
1193,"켜기: 플레이어와 플레이어는 서로 공격할 수 없습니다 
 셧다운: 플레이어와 플레이어가 서로 공격할 수 있습니다"
1194,"켜기: 생존 맵 무작위 출생지 
 셧다운: 생존 맵 비무작위 출생지"
1195,친구 요청하기
1196,온라인 친구를 한 번에 초대하기
1197,"@1 플레이어가 당신이 그가 있는 방 @2에 가입할 것을 요청했지만, 당신의 버전이 너무 낮아서 이 소식을 처리할 수 없습니다. 버전을 업그레이드해 주십시오."
1198,#cfa7a0f@1#n 방으로 초대합니다
1199,룸 명칭: @1
1200,룸 번호: #c0aaa1a@1#n
1201,인수: #c0aaa1a@1#n
1202,룸 버전:
1203,들어가기
1204,다른 지도에 들어가기 전에 현재 지도를 종료하세요.
1205,들어가고 있습니다. 잠시만 기다려 주세요!
1206,통화 권한 설정 실패: @1
1207,마이크 권한이 없어서 마이크를 켤 수 없습니다.
1208,룸 통화 기능 #c0a7fef (마이크 뺏고 통화하기) #n
1209,룸 통화 기능
1210,통화 권한을 얻었습니다
1211,더 많은 통화 권한이 없습니다
1212,마이크 뺏기에 실패하였습니다:@1
1213,통화 룸으로 가입해주세요
1214,마이크 뺏기에 성공하였습니다!
1215,#cffda0a해피불꽃#n
1216,(@1 미니빈 #n×300 증정)
1217,사용: 웃는 모습의 불꽃을 하늘로 쏘아 올립니다
1218,"베레모 리더 톰, 원조 손목보호대-추장, 곰팡이 폭탄-곰아이, 뼈다귀 비녀-추장부인, 뼈목걸이-카카, 깃털머리 장식-니니, 컨베이어롤, 소형금고, 미니빈, 홈피 경험, 카드 분장"
1219,"분장-유리잼, 핫입술 자국-로라, 리본-피터, 탐험가 모자-스티븐, 원시 손목보호대-추장, 곰돌이아이, 뼈잠자국-추장부인, 뼈목걸이-카카, 깃털머리 장식-니, 도감파편, 미니빈, 홈피, 메이크업카드"
1220,"기린-라이딩, 화석룡-라이딩, 아기코끼리-라이딩, 조지룩, 애니-룩, 유리잼-룩, 베레모-리더톰, 핫입술인-로라, 고글-신디, 리본-피터, 탐험가모자-스티븐, 도감파편, 미니빈, 홈피 경험, 분장 카드"
1221,#L전체 보너스#n
1222,전체 보너스 일람
1223,맵 명칭：@1\n저자：@2\n호스트：@3
1224,호스트가 당신의 룸 권한을 닫았습니다
1225,호스트가 당신의 룸 권한을 열었습니다
1226,룸 권한: 자유 모드
1227,룸 권한: 관람객 모드
1228,비활성화 위험물(열림): 위험물을 사용할 수 없음
1229,비활성화 위험물(닫힘): 위험물을 사용할 수 있음
1230,정련하기
1231,포뮬러
1232,포뮬러 속성
1233,필요한 재료
1234,합성 물품
1235,툴박스 필요 없음
1236,포뮬러 타입
1237,아래에서 포뮬러 타입을 선택하세요
1238,생산 수량
1239,합성 물품을 선택하세요
1240,합성 재료 한 가지만 선택하세요
1241,임의공급탱크
1242,편집 모드는 여러 개의 아이템을 넣습니다. 플레이 모드에서 무작위로 가져옵니다.
1243,분지
1244,정련 재료
1245,정련하여 얻기
1246,정련 속성
1247,연소 가능
1248,연소 시간
1249,정련 재료를 선택하세요
1250,초
1251,룸 초대 정보
1252,맵 : @1
1253,저자：@1(@2)
1254,@1(@2)
1255,서드 파티를 끌어 올리는 데 실패하여 설치 여부를 검사해주세요
1256,테스트 시작
1257,검증가
1258,팔로우한 검증가
1259,초청 평가
1260,여기는 당신이 팔로우하는 검증가를 볼 수 있습니다.
1261,여기는 당신이 받은 초청 평가를 볼 수 있습니다.
1262,평가
1263,작품
1264,위 플레이어는 찜한 것이 없습니다
1265,업로드만
1266,검증가 설명
1267,"#cfa7a0f 검증가란 무엇일까요? #n#r 검증가들은 다른 이용자들이 재미있는 맵을 발견할 수 있도록 리뷰를 할 수 있습니다.다양한 검증가를 관찰해 리뷰를 팔로우 하게 할 수 있습니다. #r#r#cfa7a0f는 어떻게 검증가가 될 수 있을까요? #n#r 시스템은 잠재력 있는 플레이어를 테스트를 통해 검증가를 선별할 수 있습니다. #r#r#cfa7a0f검증가가 무엇을 할 수 있습니까? #n#r견습검증가는 맵을 측정할 수 있고, 맵 심사와 추천구역을 개방할 수 있으며 검증가의 직함을 가지고 있습니다. #n#r검증가는 맵을 평가하고 맵 심사와 추천구를 개방하며 검증가의 직함과 프로필, 개인중심 평가구역, 지도평정, 지도평정, 지도평정 등을 지정하고 지도평정도를 심사합니다. #r#r #cfa7a0f 성장 #n#r 1. 견습 검증가 초기 성장 0점, 100점 이상이면 감식가로, #n#r 2. 좋은 지도, 별점, 다운로드, 특선 맵이 되어도 감점됩니다. #r#cfa7a0f 성장 #n#r 1. 견습 검증가 초기 감점 #n#r 2. 견학 검증가 초기 감점 취소됩니다."
1268,이전 문제
1269,다음 문제
1270,정답을 고르십시오
1271,테스트를 포기하시겠습니까?
1272,합격을 축하합니다
1273,견습 검증가
1274,재미있는 맵을 리뷰를 통해 추천 구역에 배포할 수 있습니다
1275,총@1문제를 틀렸습니다
1276,[수정되돌리기]를 클릭하여 고쳐주세요
1277,포기
1278,수정되돌리기
1279,당신은 아직 검증가로 되는 초청을 받지 못하였습니다
1280,테스트를 하셨습니다
1281,성장치:
1282,명망치:
1283,맵 백업 업로드하여 다른 플레이어 검색으로 보기
1284,지도 백업 업로드하여 나 혼자 보기
1285,즐겨찾기를 클릭하거나 위로 끌어 올리기
1286,리뷰를 클릭하거나 위로 끌어오기
1287,평가 가기
1288,제출
1289,찜하면 이 맵은 검증가에게 추천받을 것입니다.
1290,검증가가 추천한 맵을 더 많은 사람들이 볼 수 있도록!
1291,평가 쓰기
1292,오늘 찜한 횟수#c0aaa1a@1#n/@2
1293,오늘 추천한 횟수#c0aaa1a@1#n/@2
1294,@Null@
1295,맵에 점수를 매겨 주십시오.
1296,리뷰(최소 24자)를 충실히 작성해주세요.
1297,오늘 찜 가능 횟수가 이미 상한에 이르렀다
1298,오늘 추천 가능 횟수가 이미 상한에 이르렀다
1299,룸을 찾을 수 없습니다. 네트워크를 확인하십시오
1300,이 룸은 이미 닫혔습니다.
1301,이 룸의 정보에 오류가 발생하였습니다.
1302,클라이언트 버전이 룸 버전과 일치하지 않음
1303,룸 연결 실패
1304,검증가 추천
1305,신고하기
1306,#cfa7a0f@1#n 심사 요청
1307,#cfa7a0f 미니리더 #n심사를 초청합니다
1308,@1 추천
1309,검증가 테스트
1310,미니 리더는 #c0aaa1a 검증가 테스트 #n에 초대합니다.재미있는 지도를 발견하여 더 많은 관심을 받습니다. #r#L#cfa7a0f 감상자 설명 @@connoisseur_ins#n
1311,초대장 보냈음
1312,원터치 초대장이 발송되었습니다
1313,초대 팝업
1314,시야가 너무 멀면 카드가 발생하므로 캡처 시에만 사용하시길 권장합니다.
1315,@1급검증가
1316,수락
1317,검증가 힌트
1318,"현재 성장치 #c0aaa1a30#n점, 빠르게 성장하고 있습니다!#c0aa1a 검증가 #n로 될 가능성이 높아요! #r#L#cfa7a0f 검증가 설명@@connoisseur_ins#n"
1319,"현재성장치#c0aaa1a60#n점, 화이팅!#c0aa1a100#n점이면#c0aa1a검증가#n!#r#l#cfa7a0f검증가 설명@@@connoisseur_ins#nnn#nh입니다"
1320,"#c0aaa1a 검증가가 되신 것을 축하합니다 #n!검증가 설명 보기, 더 많은 특권을 알 수 있습니다. #r#L#cfa7a0f 검증가 설명 @@connoisseur_ins#n"
1321,"현재 평판값 #c0aaa1a6#n점, #c0aaa1a0#n점 이하일 경우 #c0aaa1a 검증가 자격 #n을 잃습니다.재미있는 맵을 발견하고 평가하러 갑니다. 화이팅! #r#L#cfa7a0f 검증가 설명 @@connoisseur_ins#n"
1322,죄송합니다. #c0a7fef0#n보다 낮은 평판값으로 #c0a7fef 검증가 자격을 잃었습니다 #n. 다음 초대를 기대하십시오. #r#L#cfa7a0f 검증가 설명 @@connoisseur_ins#n
1323,룸으로 초대합니다: @1
1324,#c0aba1d@1#n/@2
1325,상대방이 당신의 초청을 거절하였습니다
1326,특권 사용
1327,"게임센터에서 미니월드를 가동하면 매일 1부씩 특권 혜택을 받을 수 있어요!
 비고: 게임센터에서 꼭 가동해야 보너스를 받을 수 있다."
1328,게임센터
1329,게임센터 작동하기
1330,다른 인터페이스에 액세스하려면 현재 지도를 종료하세요.
1331,사용이 실패되었습니다. 검증가 자격을 잃었습니다.
1332,"사랑하는 친구야, 충분히 쉬면 낮에 더욱 효율적으로 일하고 공부할 수 있습니다. 적당한 게임을 즐기며 휴식을 취하세요!"
1333,리뷰를 삭제하시겠습니까?
1334,맵이 없습니다. 다른 곳을 둘러보세요.
1335,맵 명칭: @1
1336,@1위 검증가 추천
1337,미니 공방에 당신의 작품을 발견할 수 있도록 투고하세요
1338,핫키 설정
1339,최소 시작자 수: #c0aba1d@1#n
1340,게임자수: #c0aba1d@1#n/@2
1341,호스트가 게임을 시작하기를 기다립니다...
1342,@1초후 시작합니다
1343,준비중
1344,카운트다운(초)
1345,이 도구는 호스트만 추출할 수 있습니다
1346,라운드 모드
1347,점수 리셋 위치에 도달하였습니다
1348,"오른쪽 버튼: 태클/핸들링, 왼쪽 버튼: 커트/슈팅"
1349,투척기
1350,N/A
1351,미니코인/미니빈 부족!환전해서 다시 시도해 보세요.
1352,포뮬러 잠금 해제하였습니다
1353,신용치설명
1354,#cfa7a0f 어떤 것이 신용치입니까? #n#r 신용치는 게임 이용자의 행동을 평가하는 데 사용됩니다. #r#r#cfa7a0f 신용은 무슨 소용이 있습니까? #n#r 신용을 높게 유지하면 게임 권한이 정상적으로 사용됩니다. 일정 신용을 밑돌면 게임 행동이 제한됩니다. #r#r#cfa7a0f는 어떻게 신용을 회복할 수 있습니까? #n#n#
1355,시나리오 완성됨
1356,무료 가속
1357,@Null@
1358,@Null@
1359,@Null@
1360,업데이트 가능한 파일이 있습니다. #r지금 다운로드하시겠습니까?
1361,업데이트 파일이 다운로드되었습니다. #r지금 게임 클라이언트를 다시 시작하시겠습니까?
1362,"업데이트가 완료되었으며, #r은 즉시 게임 클라이언트를 다시 시작해야 합니다."
1363,게임을 종료하려는 경우 [시스템 설정]으로 이동하여 이동 여부를 확인합니다.
1364,컴퓨터에서 사용 권한을 열 수 없는 경우 다른 작업을 시도합니다
1500,"미니 월드 베스트 추천 #r @1, 이미 @2 친구 다운로드 경험!미니 월드의 자유로운 창작의 즐거움을 느껴보세요."
1501,"미니 월드 베스트 추천 #r @1, 이미 @2 친구 다운로드 경험! @3명의 검증가가 총력 추천!미니 월드의 자유로운 창작의 즐거움을 느껴보세요."
1502,"예! 내가 미니월드에서 @1을 받았다니, 너 보러 오고 싶지 않니?"
1503,"예! 내가 미니월드에서 @1로 변신하다니, 너 보고 싶지 않니?"
1504,"와! 내가 @1을 얻다니, 위력 한번 보여줄래요?"
1505,와! 이 맵 정말 끝내준다!우리 함께 이 세상에 흙장난하자!
1506,나는 @1에서 놀고 있어!어서 와서 나랑 놀자!
1507,당신은 호스트에게 훼방꾼에 의해 블랙리스트에 가입되어 함께 놀 수 없습니다.
1508,"@1, 맵 #cfa7a0f@2#n에서 최고다!빨리 그가 너를 데리고 놀게 하세요."
1509,@1. 맵#cfa7a0f@2#n에서 맞은 낙화유수 빨리 구해주세요!
1510,공유
1511,와! 난 #cfa7a0f@1#n으로 변신할 수 있겠어요!
1512,와! 나는 캐릭터 #cfa7a0f@1#n을 얻었어요!
1513,와! 강력한 탈것 #cfa7a0f@1#n!를 얻었어요!
1514,이것은 나의 절묘한 배합이에요. 정말 멋집니다!
1515,이것은 나의 정성껏 꾸민 코디인데 정말 아름답기 그지없어요.
1516,나는 #cfa7a0f@1#n에서 대박 났어!빨리 와서 같이 놀자!
1517,내가 #cfa7a0f@1#n에서 뺑뺑이 맞았어. 도와줘!
1518,맞춤 코디를 다시 할까요?
1519,예! 내가 미니월드에서 신수 #cfa7a0f@1#n을 얻었다니. 구경하고 싶지 않아요?
1520,최신 버전 클라이언트로 업그레이드하여 친구들의 공유 정보를 확인하세요
1521,이게 내 @1번째 코디인데 너도 한번 해 볼래?
1522,제 @1번째 캐릭터 파트너니까 저와 미니월드를 만들어보세요.
1523,이것은 나의 @1번째 탈것예요.나는 그것을 타고 탐험하러 간다!
1524,공유가 성공하였습니다
1525,공유가 실패하였습니다
1526,공유가 취소되었습니다
1527,"● 룸 정보 
 
 룸 목록: 룸 안의 플레이어 명단과 팀 정보를 볼 수 있으며 다른 인원들에게도 교환이 가능합니다. 
 
 룸 설정: 호스트가 룸을 규칙적으로 설정할 수 있도록 하기 
 
 초대번호:다른 사람이 인터넷 홀의 청소기능을 이용하면 룸으로 바로 들어갈 수 있고 친구가 옆에 있을 때 전화 연결이 더 편리합니다.랄라!"
1528,"먼저 ""인터뷰홀"" 인터페이스로 가시고 페이지에 ""방 넣기"" 버튼을 클릭하셔야 룸으로 바로 들어가실 수 있습니다."
1551,목표 생산물
1552,최소 수요\n합성 툴
1553,공예 테이블
1554,공예 테이블
1555,냄비
1556,원료 정련하기
1557,연료로 삼다
1558,허가
1559,금지
1560,정련 산량
1561,저온 산물
1562,중온 산물
1563,고온 산물
1564,체력치 추가
1565,체력치 회복 속도 추가
1566,체력치
1567,체력치 회복 속도
1568,원판 합성 물품은 수정할 수 없습니다.
1569,원판 정련 원료는 수정할 수 없습니다.
1570,전환
1571,체력치 부족!
1572,원료 녹는 시간
1573,초당 연소 온도
1574,도
1600,금주의 방문자: <font size='24'>[color=#FF903C]%d[/color]</font>
1601,과거 방문자 : <font size='24'>[color=#FF903C]%d[/color]</font>
1602,방문자 기록은 지난주에 체이싱 라이트 플랜을 확인하러 온 친구들을 기록합니다 ~
1603,진행률 부스트 @ 1
1604,진행률 증가[color=#3DAC0B]@1[/color]
1605,기본 정렬
1606,긍정적 인 주문 수집
1607,역순으로 수집
1608,방문자 기록
1609,[color=#FFDD41]%d/%d[/color]을(를) 초과한 총 진행률 [color=#FFDD41]%.2f%%%[/color] 플레이어를 수집합니다.
1610,"너무 자주 클릭하고, 쉬세요~"
1611,기능 설명
1612,체이싱 라이트 프로젝트 테마 코스튬을 잠금 해제하여 해당 새벽 보물 상자를 열고 빛과 그림자의 정령을 획득하세요
1613,빛의 정령을 탭하면 위치를 자유롭게 이동할 수 있습니다.
1614,Dawning Box를 클릭하면 드레스 정보를 볼 수 있습니다.
1615,수집 진행 상황에 도달하면 수많은 보상을 얻을 수 있습니다
1616,수집 진행률이 @1%를 초과한 플레이어.
1617,진행률 수집
1618,주간 진행률 차트
1619,친구 순위표
1620,진행률 증가[color=#3DAC0B]@1[/color]
1621,진행률 부스트 @ 1
1622,산책
1623,빛을 쫓다 프로그램
1624,[color=#3F3B50]는 총 진행률 [/color]@1/@2를 수집합니다.
1625,모든 세트
1626,%d년 전
1627,%d개월 전
1628,%d일 전
1629,%d 시간 전
1630,%d분 전
1631,Chasing Light 프로그램 권한
1632,목록에 없음
1633,(7일)
1634,(30일)
1635,(영구)
1636,다채로운 별이 부족하여 사용할 수 없습니다.
1637,현재 보상을 모두 보유하고 있어 사용할 수 없습니다.
1638,당일 최대 추첨 횟수에 도달했으니 내일 다시 오세요~
1639,애니메이션 건너뛰기
1640,5번 던지기
1641,별을 얻을 수 있습니다
1642,포인트 사용
1643,무작위로 다음 소유하지 않은 보상 중 하나를 받아야 합니다.
1644,기간 한정
1645,새로운
1646,덥다
1647,한계
1648,남은 @ 1일
1649,도움말
1650,"1. 모험가는 미니 콩을 소비하여 ""별빛 모험"" 이벤트에 참여할 수 있으며, 자연 주간의 첫 번째 추첨은 추가 할인을 받을 수 있습니다. 2. 각 참여 후, 그들은 확실히 ""다채로운 별"" 보상을 받게 되며, 이 보상은 교환 상점에서 대량 드레싱, 커스터마이징 및 스프레이 페인트와 같은 많은 게임 내 아이템을 교환하는 데 사용할 수 있습니다. 3. 교환 상점은 수시로 업데이트되며 영구 아이템은 반복적으로 획득되지 않습니다. ""화려한 별"" 보상 업데이트로 클리어되지 않으며, 모험가는 안심하고 수집할 수 있습니다. 4. 스타라이트 어드벤처의 일일 최대 참여 횟수는 500회입니다.5. 확률 발표 황금 격자 - ""컬러풀 스타"" (1~50개): 8% 보라색 그리드: 22% 화이트 그리드: 70% 골든 그리드 - ""컬러풀 스타"" 확률 발표 50개:0.01% 25개:0.1% 20개:0.3% 15개:0.6% 10개:1.1% 1~8개:97.9% 보라색 격자 무늬 보상 발표 경험치 카드 경험치 아이템: 20% 친구 소품: 80% 흰색 격자 무늬 보상 발표는 순간이동 두루마리, 행성 순간이동 굴림, 특수 조각, 금고, 작은 자물쇠 상자, 별 선물 상자, 작은 별 불꽃놀이, 경험 카드 등 보상 중 하나를 무작위로 얻을 수 있습니다"
1651,"보너스 할당량이 상한선에 도달했습니다., 한도를 제거하려면 고객 서비스에 문의하십시오"
1652,암묵적 선물 구매 한도에 도달한 경우 고객 서비스에 연락하여 한도를 제거하십시오.
1653,QR코드가 만료되었으니 새로고침해주세요
1654,Refresh(새로 고침)를 클릭합니다
1655,공격력이 높아졌습니다!
1656,교환 완료 후 직접 보상을 받을 수 있습니다.
1657,기본값 @1
1658,액션에 대하여
1659,솔로 사용자 지정 작업은 지도 내에서 작업 인터페이스의 아이콘을 탭하여 사용할 수 있습니다.
1660,고급 액션은 창고에 접속하여 사용할 수 있습니다. 사용 후 기본 작업이 대체됩니다.
1661,평가판 카드가 유효합니다:
1662,소유하지 않음
1663,아직 이 작업이 없습니다. 가서 스토어에서 선택하세요.
1664,솔로 커스텀 액션
1665,정기 판매:
1666,@1일 동안 사용 가능
1667,맞춤 작업
1668,고급 동작
1669,행동
1670,고급 @1 액션
1671,포괄적인
1672,평상복
1673,달리기
1674,앉아
1675,누워
1676,수영
1677,부활
1678,승리
1679,실패한
1680,버전이 너무 낮습니다.
1681,영구적인
1682,낮
1800,
2000,"전설은 드래곤 섬에서 플라스에있는 드래곤 섬을 말하고, 악의 힘을 물리 치는 전사가 뒤에 남겨진 봉인 된 칼을 잃고, 신성한 유물을 찾아 세계를 정화하기 위해 사용하십시오!"
2001,1. 신성한 유물 - 플라마 칼을 찾으십시오
2002,플라즈에있는 고대 블랙 드래곤은 무효의 신비한 힘에 의해 소비되고 탐욕스럽게 신성한 relic을 압수했다. 고대 검은 용을 물리 치고 그 용의 호흡을 조심하십시오.
2003,2. 블랙 룡을 물리치자!
2004,"고대 블랙 드래곤은 어두운 방사선에 떨어지고, 사악한 오라가 깨진 칼에서 방출되고, 의심스러운 보이는 마그마 스톤이 땅에 나타납니다."
2005,3. 플라마 칼을 픽업하고 마그마 스톤을 확인하십시오.
2006,씰을 성공적으로 제거했습니다. 하지만 \na 새로운 검은 드래곤이 나타납니다. 새로운 전투가 시작됩니다!
2007,4. 용암 블랙 룡 격파!
2008,마그마 블랙 드래곤이 화염 내의 재로 감소되었습니다. 혼돈의 돌이 땅에 나타납니다. 이것에 대해 나쁜 느낌이 있습니다.
2009,5. 혼란의 돌 검사하기
2010,공극에서 혼란의 힘은 검은 용을 가지고 있습니다. 그러한 엄청난 힘의 얼굴에서도 우리는 악마가 우선적으로 이루어질 수는 없습니다.
2011,6. 혼란스러운 블랙 룡을 물리치자!
2012,용암지석
2013,"멀리서 들려오는 목소리:#r 나는 봉인된 플라마스의 군주다. 플라마를 정화하려면 봉인을 제거하십시오.#r#r#c0aba1d마그마 뿔 = 생명 수정 + 용암 수정 #r생명 수정 = 불 + 기타, 용암 수정 = 청색 수정 스톤 + 기타 #r 마그마 뿔로 돌을 탭하여 봉인을 제거하십시오.#n"
2014,혼란의 바위
2015,혼돈의 목소리: #r 나를 소생시키기 위해 혼돈의 뿔을 찾으세요...당신을 섬기겠습니다...내 주인으로! #r#r#c0aba1d 혼돈의 뿔 = 혼돈의 수정 + 보석 수정#r 혼돈의 수정 = 유황 수정 모래 + 기타. 보석 수정 = 다이아몬드 블록 + 말라카이트 블록 + 기타#r혼돈의 뿔을 손에 들고 이 돌을 탭하면 흑룡이 소환됩니다.#n
2016,"푸하하, 우둔한 인간아,\n파멸을 받아라!"
2017,잿더미로 변하자!
2018,"화염, 영원히 꺼지지 않는다!"
2019,"나는 void, \n의 선택을 하고이 장소에 파괴를 가져 오십시오!"
2020,무효의 분노를 받아 들인다!
2021,"무효의 혼돈의 힘은 퇴색했다, \nbut 이것은 끝이 아니다."
2022,고대의 돌
2023,혼란스럽고 복잡한 권고: #r 경적을 울리고 최종 재판에서 자신을 증명하십시오! #r#r#c0aba1d 고대의 뿔을 잡고 이 돌을 클릭하여 고대 흑룡을 소환합니다. 혼란스러운 뿔을 잡고 이 돌을 클릭하여 혼란스러운 흑룡을 소환합니다. #r 용암 뿔을 잡고 이 돌을 클릭하여 용암 흑룡을 소환합니다. #n
2024,@Null@
2025,신성한 유물 - 플라마 칼을 찾으십시오
2026,블랙 룡을 격파하기!
2027,봉인을 해제하기
2028,용암 블랙 룡을 격파하기!
2029,용암 블랙 룡을 살리기!
2030,혼란 블랙 룡을 격파하기!
2031,올바른 제물을 넣어주세요.
2032,제물의 수량이 부족합니다.
2033,제대는 이미 점용되었습니다
2035,이용약관 및 프라이버시 정책에 동의하셔야 게임을 계속할 수 있습니다.
2036,FaceBookAPP가 설치되지 않아서 공유가 실패되었습니다
2037,텍스트 번역에 실패했습니다.
2038,번역
2039,복사
2040,번역은 @1에서 시작됩니다.
2041,중국 간자체
2042,영어
2043,중국어 번체자
2044,태국어
2045,스페인어
2046,포르투갈어
2047,프랑스어
2048,일본어
2049,아랍어
2050,한국어
2051,베트남어
2052,러시아어
2053,터키어
2054,이탈리아어
2055,독일어
2056,인도네시아어
2057,말레이 사람
2058,@Null@
2070,제대
2071,제물
2072,제사 올리기
2073,@self 화염에 잿더미로 변하였습니다.
2074,너는 우사신의 노여움 속에서 먼지로 변하였습니다.
2075,우림
2076,원숭이 백팩
2077,저온
2078,중온
2079,고온
2080,온도
2081,더 고급스러운 난로를 잠가 주십시오.
2082,두 칸의 연료를 넣어야 합니다.
2083,세 칸의 연료를 넣어야 합니다.
2084,제작중
2085,장치에 같은 속성의 문자석이 이미 있습니다. 끼워넣을 수 없습니다
2086,홈 자리에 정확히 넣어주세요
2087,돌솥
2088,가마솥
2089,진행중인 요리를 먼저 종료해 주세요
2090,속성 충돌 발생 시 세팅할 수 없음
2091,부문 세팅
2092,부문 합성
2093,도구 수리
2094,업그레이드된 부적석을 먼저 꺼내십시오
2095,그 부문은 이미 검증되었습니다
2096,보유부문석
2097,합성
2098,같은 등급의 부적석을 넣으시오
2099,모닥불에 연료를 넣어 주세요
2100,개간 중
2101,배낭에서 합성
2102,석질 및 이상 창조해머 합성
2103,동질 및 이상 창조해머 합성
2104,쇠질 및 이상 창조해머 합성
2105,티타늄 금창조해머합성
2106,돌솥으로 조리하기
2107,가마솥으로 조리하다
2108,만화
2109,캡처
2110,기타
2111,연료
2112,원료
2113,산출
2114,무산출
2115,부문검증
2116,부문검증석 부족
2117,검증
2118,부문검증석 잔여 수량
2119,배낭이 꽉 찼어요
2120,포뮬러 새로 해제
2121,"오래전, 기원 큐브는 미니 우주를 잉태했는데 그중 한 별은 미라성이라고 불렀습니다"
2122,미라성 사람들이 경건하게 기도한 끝에 마침내 기원 큐브의 응답을 얻었습니다
2123,신비로운 힘이 그들의 몸으로 밀려들었는데 그것은 바로 창조의 힘이었습니다
2124,"그들은 이 힘을 이용하여 채집하고, 건축하고...생활을 아름답게 하였습니다"
2125,하지만 그 힘도 허공을 넘보고 세상이 요동쳤으니…
2126,도구는 이 온도에서 생산되지 않았습니다.
2127,피우는 모닥불 위에 올려놓아야만 조리할 수 있습니다.
2128,(미결)
2129,기원 이야기
2130,합성할 아이템의 포뮬러를 선택하세요
2131,"무효 군단은 팬텀의 지도자에 있었고, 달의 평화는 범람합니다."
2132,영웅 어셈블리! 미니 우주의 강한 사람들은 별을 끌어 ​​당기기 위해 모여 침입을 물리 칠 맹세합니다.
2133,전쟁은 치열한 전투가 끝나면 자주색 위협이 마지막으로 하늘로 옮겨졌습니다.
2134,별들이 퇴각되지만 무효의 적개심이 돌아올 것입니다. 준비 되었나요?
2135,기초
2136,장비
2137,도구
2138,재료
2139,건설
2140,장식
2141,기계
2142,룬스톤을 사용하여 활성화하면 강력한 룬 효과가 생성됩니다. 보조 재료를 추가하면 더 활성화 가능한 룬이 생성됩니다.
2143,이 항목은 완전히 활성화되었습니다. #c9a9a9a교체할 활성화 효과 중 하나를 선택하세요!#n
2144,배치된 항목이 없습니다. 활성화할 수 없습니다.
2145,룬스톤이 설치되지 않았습니다. 활성화할 수 없습니다.
2146,#cef2d2d@1#n 이 활성화에 역할을 한 것 같습니다
2147,#cef2d2d@1#n 이번에는 작동하지 않는 것 같습니다
2148,주재료
2149,2차 재료
2150,활성화
2151,2차 재료 선택
2152,활성화 가능
2153,비활성화됨
2154,동일 유형의 룬이 이미 있습니다.
2155,전투
2156,도구
2157,필수 재료가 부족합니다.
2158,요리 중에 있습니다.
2159,그릇에서 재료를 꺼내서 조리하십시오.
2160,연료를 추가해주세요.
2161,@1개를 조리했습니다.
2162,제물을 수동으로 아래의 아이템 슬롯에 넣으십시오.
3000,@Null@
3001,복마
3002,뉴월드 만들기
3003,물품란
3004,사물함
3005,모험 모드
3006,창조 모드
3007,현재 자료 작성 가능:
3008,물품
3009,"다음 단계를 건너뛰기, 직접 게임을 시작하기"
3010,확인
3011,게임에 들어가려면 클릭하십시오
3012,사용 가능한 장비
3013,장비
3014,게임 모드 선택하기
3015,설명:
3016,쿨한 이름 입력하세요
3017,삭제
3018,취소
3019,조건:
3020,보너스:
3021,유한한 맵
3022,슈퍼 맵
3023,평탄한 지형
3024,메인 라인
3025,생산
3026,전투
3027,기타
3028,보너스 받기
3029,수령 완료
3030,재료 선택하기
3031,연료 선택하기
3032,추적 임무
3033,잠금 해제
3034,보기
3035,친구 추가하기
3036,보내기
3037,요청 보내기
3038,친구로 추가하기
3039,가까운 곳에 있는\n의 파트너를 검색합니다.
3040,복마할 물건을 선택합니다
3041,복마의 물품을 꺼낼 것을 선택합니다
3042,맵 공유하기
3043,선택 가능 복마 재료
3044,선택
3045,구매하기
3046,수리할 물품을 선택하세요
3047,계속 업로드하기
3048,빨리 당신의 맵을 만드세요
3049,빨리 당신의 맵을 공유하세요
3050,돌아가기
3051,게임 설정
3052,홈 메뉴로 되돌리기
3053,게임 종료
3054,업그레이드 가기
3055,축적된 선물
3056,창고
3057,5월 로그인 보너스
3058,충전
3059,구매하기
3060,충전하러 가기
3061,선물 받기
3062,초보자 선물
3063,작업 보너스
3064,주간 보너스
3065,새로운 캐릭터를 잠금해제 하였습니다!
3066,새로운 천부적인 재능을 활성화시켰습니다
3067,좋아하는 캐릭터를 선택하세요
3068,게임 시작
3069,미니계정 암호화
3070,미니계정
3071,비밀번호 설정하기
3072,미니계정 전환하기
3073,비밀번호
3074,로그인
3075,비밀번호 입력하기
3076,중복된 비밀번호
3077,암호화
3078,"1. #cef2d2d를 사용하세요
 핸드폰 사진, 종이펜으로 미니계정과 비밀번화 #n
 2. 미니계정과 비밀번호는 다른 곳에서 사용할 수 있습니다.장치에 로그인(친구, 계좌번호 화폐/아이템은 유지됩니다), 파일을 저장하고 공유한 후에 저장합니다.)
 3. #cef2d2d 바인딩비밀번호, 이메일#n 비밀번호 찾기, 비밀번호 수정 가능"
3079,방향키 설정
3080,클래식 모드
3081,스윙 모드
3082,맵 지형코드
3083,정리하기
3084,만들기
3085,수리하기
3086,와이파이 인터랙티브
3087,핫스팟 온라인
3088,구매 3일
3089,구매 7일
3090,구매 30일
3091,호스트 미니계정
3092,룸 채팅
3093,룸 설정
3094,클릭하여 채팅할 내용을 입력하세요
3095,오늘 또 얻을 수 있어요
3096,추가하기
3097,미니계정을 비우면 안됩니다
3098,파트너를 찾으려면 아래 를 클릭하십시오
3099,네트워크가 연결되지 않았습니다
3100,친구 추가하기
3101,(비밀번호를 기억하세요)
3102,비밀번호가 일치하지 않습니다
3103,비밀번호가 설정되었습니다!
3104,미니계정을 비우면 안됩니다!
3105,비밀번호를 비우면 안됩니다!
3106,@Null@
3107,아이디가 정확하지 않습니다
3108,미니계정이나 비밀번호가 올바르지 않습니다!
3109,계정이 이미 동결되었습니다
3110,계정이 바인딩되었습니다
3111,비밀번호 설정이 필요합니다
3112,데이터 업데이트에 실패하였습니다
3113,중복된 명칭입니다
3114,미니계정 데이터 업데이트되었습니다
3115,미니계정이나 비밀번호가 올바르지 않습니다
3116,비밀번호 인증이 필요합니다
3117,영구 구매
3118,일
3119,영구히 획득되었으므로 재구매 필요 없습니다
3120,그가 공유한 맵
3123,다운로드
3124,친구를 추가하세요
3125,그는 공유한 저장 파일이 없습니다
3126,코디
3127,캐릭터
3128,도구
3129,창고
3130,충전
3131,전환
3132,상대방의 미니계정을 먼저 입력하세요
3133,@Null@
3134,미니코인 구매하기
3135,먼저 미니코인을 암호화해서 당신의 미니코인의 안전을 보장해 주십시오.
3136,멀티플렉스에서만 열 수 있습니다
3137,곧 이벤트 시작이니 기대해주세요.
3138,충전이 성공했습니다. 네트워크 사정으로 인해 입금할 수 없습니다. 다시 시도해 보십시오.
3139,7일 로그인 보너스
3140,매주 로그인 보너스
3141,로그인 보너스
3142,"미니 보물창고 올인원, 신규 맞춤코디 교환가능"
3143,미니빈 받기
3144,이벤트
3145,성과
3146,누계 1일
3147,누계 2일
3148,누계 3일
3149,누계 4일
3150,누계 5일
3151,누계 6일
3152,누계 7일
3153,기대하세요
3154,수령하기
3155,5개의 별을 땄습니다!
3156,시한부
3157,시한부 구매: 완료
3158,미수령
3159,누적 로그인 7일 만에 토탈해제! #r및 주간 로그인 시작 보너서!
3160,보너스 받기
3161,미니코인으로 별을 교환하였습니다
3162,#c0aba1d룸으로 들어왔습니다#n
3163,#cfa7a0f룸을 나갔습니다#n
3164,비고: 비밀번호 설정이 미니코인 보안에 도움됩니다
3165,암호화됨
3166,첫날
3167,다음 날
3168,셋째날
3169,넷째날
3170,다섯째날
3171,여섯째날
3172,일곱째날
3173,극한 모드
3174,의 극한
3175,신기록
3176,이번 점수
3177,최고 점수
3178,(시간을 넘겨 구조에 실패하였습니다)
3179,잉여 시간
3180,극한 모험
3181,극한 온라인
3182,"#c3f4f4f 우리는 모두 한 번의 생명이 있습니다. #n 
 #c9a9a9a(현실세계는 게임보다 더 중요하므로 생명을 소중히 여겨요!) #n 
 #c3f4f4f 세상은 위험천만한데! #n 
 #c9a9a9a(배고픔, 익사, 화상, 낙상,폭력...) #n 
 #c3f4f4f 똑똑함 발휘, 위험 속에서 배운다자신을 보호하기 #n#r 
 #cfa7a0f 과감하게 극한에 도전합시다! 
 (접속 불가) #n"
3183,하드코어 멀티플레이어 모드: #r1.생명은 1개지만 일정 시간#r2 후에 팀원이 소생할 수 있습니다. 몬스터가 훨씬 강합니다#r3. 굶주림은 당신을 죽일 수 있습니다#r4. 작업 완료 및 별점 없음#r#r이 궁극의 모험에서 최대한 오래 살아남기 위해 최선을 다하십시오!#r다운된 팀원을 눌러 소생시키십시오.
3184,저장 파일이 잠겨져 들어갈 수 없습니다
3185,메시지 결제
3186,기타 결제
3187,극한
3188,수집전송기
3189,송신기
3190,다시 놀기
3191,게임 종료
3192,극한 점수:
3193,아날로그 모험 전환
3194,창조 모드 전환
3195,아날로그 모험 전환이 되었습니다
3196,창조 모드 전환이 되었습니다
3197,검색하기
3198,검색 결과
3199,백업
3200,백업
3201,팁:
3202,#cffda0a 위드 #n 한 움큼 들고 소와 양의 시선을 사로잡으세요
3203,소에게 #cffda0a 사탕수수 #n을 먹이고 작은 유리병을 사용하여 신선한 우유를 얻으세요.
3204,"한 칸의 물은 주위의 네 칸 안에 있는 #cffda0a의 경작지, 구덩이에 관개할 수 있다. #n"
3205,#cffda0a 폭발알 #n폭발 직전 멀어지면 폭발 중지합니다
3206,(모험 모드) 이제 장비를 수리할 때 자원만 사용하거나 별을 사용할 수 있습니다!
3207,#cffda0a수박#n은 삼나무 숲에서 찾을 수 있습니다.
3208,낮에 #cffda0aFlamasian#n 쳐다보면 꼼짝도 하지
3209,"#cffda0a에 불이 났을 때 #n, 물에 뛰어들어 불을 끄십시오"
3210,"이상한 팔꿈치를 먹고, 남은 #cffda0a 짐승뼈 #n점늑대로 길들일 확률이 있습니다"
3211,문제가 발생하면 항상 어려움보다 해결책이 더 많으므로 가족이나 친구와 이야기하십시오!
3212,모험적인 저녁에는 집을 짓거나 구멍을 파서 몬스터의 공격을 막으십시오
3213,같은 무선랜 네트워크에서 #cffda0a 핫스팟을 사용할 수 있습니다 #n
3214,어두운 곳에 몬스터이 나타날 수 있으니 충분한 밝기를 유지해야 합니다
3215,지하에서 광물을 찾을 때 발밑의 마그마를 주의하세요
3216,생존 모드에서 체력이 너무 낮 으면 피곤한 상태로 들어가면 운전 할 수 없으며 하프렛 속도가 줄어 듭니다.
3217,공 과일로 두 개의 펭귄을 먹이고 그들은 작은 펭귄을 만들 수 있습니다.
3218,설정 안에서 이동 전환할 수 있는 제어 방법
3219,설정에서 시각을 바꿔 자신의 캐릭터를 볼 수 있도록 설정할수 있어요
3220,화면이 어둡다고 생각되면 화면 밝기를 조절하도록 설정하세요
3221,4G는 룸 통화와 음성 채팅이 가능하지만 데이터가 소모됩니다
3222,멋진 건물을 만들었다면 저장 파일을 공유해서 보여드릴 수 있어요.
3223,진행 상황이 서버에 저장될 수 있도록 저장된 지도의 #cffda0a클라우드 백업#n을 정기적으로 생성하는 것을 잊지 마세요! 당신은 그것을 잃지 않을 것입니다!
3224,숙제부터 마치고 미니게임하면 더 즐거워요
3225,"빵꾸가 소리를 내면 이벤트가 있어요, 빨리 뛰세요!"
3226,창조 모델은 무한한 자원이 있어 건축에 더 적합합니다
3227,돌 동상이나 스타 역을 사용하여 홈 위치를 저장할 수 있습니다.
3228,"부서진 돌을 굴착하고 바위를 쪼개고 돌, 돌, #cffda0a 목재를 구하여 일반적인 도구로 가공할 수 있습니다."
3229,툴박스는 더 많은 툴과 물품을 합성할 수 있습니다.
3230,맵 안에서 배낭을 열면 왼쪽 버튼이 장비 인터페이스를 열 수 있습니다
3231,맵 저장 파일이 오른쪽으로 미끄러지면 삭제 및 공유 버튼이 나타납니다
3232,"지은 집은 구석의 밝기에 주의하세요, 어두운 곳에 작은 몬스터이 생길 수 있습니다"
3233,인터넷의 네트워크가 불안정하면 외계인이 난입합니다
3234,핸드폰을 적당히 하시고 휴식과 운동도 해주세요
3235,공유된 저장 파일은 다른 친구들이 다운받을 수 있어요
3236,"친구들의 룸으로 가입하세요, 함께 건설하는 것이 파괴보다 좋을듯합니다"
3237,괜찮은 맵과 저장 파일을 만나면 좋아요를 눌러주세요
3238,고급 설정 안의 시야 범위가 낮아져 매끈함을 높일 수 있어요
3239,룸이 많을 때는 호스트의 미니계정을 입력하면 빠르게 위치를 파악할 수 있습니다
3240,플레이 모드로 성공적으로 전환되었습니다
3241,편집 모드로 성공적으로 전환되었습니다
3242,활성화
3243,센서
3244,제목은 최대 10글자 가능합니다
3245,물품바가 이미 꽉 차서 꺼낼 수 없다
3246,설명을 입력하십시오
3247,이 모델들을 삭제하시겠습니까?
3248,플러그인 라이브러리 파일이 잘못되었습니다. 다시 로그인하십시오.
3249,버전이 낮습니다
3250,계정 서버가 응답하지 않습니다. 네트워크를 검사한 후 다시 시도하십시오.
3251,네트워크 연결이 없습니다. 네트워크를 점검 후 재시도 하시거나 고객 서비스에 연락해 주십시오
3252,네트워크 연결을 시도 중입니다. 나중에 다시 시도하십시오( zh)
3253,네트워크 연결을 시도하고 있습니다. 네트워크를 검사한 후 다시 시도하십시오( zh).
3254,네트워크 연결을 시도 중입니다. 나중에 다시 시도하십시오( zh)
3255,저장 파일 서버가 응답하지 않습니다. 네트워크를 검사한 후 다시 시도하십시오.
3256,네트워크 연결이 없습니다. 네트워크를 점검 후 재시도 하시거나 고객 서비스에 연락해 주십시오
3257,저장 데이터가 잘못되었습니다. 나중에 다시 시도하거나 고객 서비스에 연락하십시오
3258,저장 데이터가 이상합니다. 나중에 다시 시도하거나 고객 서비스에 연락하십시오
3259,네트워크가 정상인지 확인하시고 나중에 다시 시도하시기 바랍니다.(cd)
3260,네트워크 연결을 시도하고 있습니다. 네트워크를 검사한 후 다시 시도하십시오( fz).
3261,네트워크 연결을 시도하고 있습니다. 네트워크를 검사한 후 다시 시도하십시오( fz).
3262,네트워크 연결을 시도하고 있습니다. 나중에 다시 시도하십시오(fz)
3263,네트워크 연결을 시도하고 있습니다. 나중에 다시 시도하십시오(fz)
3264,"네트워크가 정상인지 확인하시고, 나중에 다시 시도하시거나 고객서비스에 연락하시기 바랍니다.(fz)"
3265,네트워크 연결 시도 중입니다. 네트워크 점검 후 재시도하십시오(jy)
3266,네트워크 연결을 시도중입니다. 네트워크를 점검하시고 재시도 하시거나 고객서비스로 연락해 주시기 바랍니다.(jy)
3267,"홈피 데이터 오류는 인터넷, 모바일 시간을 체크한 후 다시 시도하거나 고객 서비스에 연락해 주십시오"
3268,"홈피 데이터 오류는 인터넷, 모바일 시간을 체크한 후 다시 시도하거나 고객 서비스에 연락해 주십시오"
3269,"네트워크가 정상인지 확인하시고, 나중에 재시도 해주시기 바랍니다.(jy)"
3270,로그인 성공 (bhxs)
3271,비밀번호가 틀렸습니다. 미니계정 및 비밀번호가 맞는지 확인해주세요
3272,네트워크가 불안정하니 인터넷 및 미니계정이 정상인지 확인 바랍니다.
3273,미니계정을 소중히 여기고 수정과 해체를 멀리하세요!
3274,계정 이름이 중복되었습니다. 이름을 변경해 주십시오
3275,"먼저 인적사항, 계좌번호 및 비밀번호 인증해주세요"
3276,@Null@
3277,@Null@
3278,@Null@
3279,@Null@
3280,수령할 수 없습니다. 잠시 후에 다시 시도해 주시기 바랍니다.
3281,미니코인이 부족하니 먼저 충전해 주세요
3282,구매 제한입니다. 다른 상품 선택해주세요.
3283,계정이 비활성화되었습니다. 계정을 먼저 활성화하십시오
3284,수량이 부족합니다
3285,구매 제한 이벤트 기간에 없음
3286,잘못된 활성화 코드입니다
3287,사용중인 활성화 코드입니다
3288,잘못된 활성화 코드입니다 (def)
3289,보너스는 이미 수령하였으니 중복 사용하지 마십시오.
3290,네트워크를 검사한 후 다시 시도하십시오. 고객 서비스Q:800800864 - 피드백 충전 문제
3291,잔액 검사 후 다시 시도하십시오(결제실패)
3292,버전이 잘못되었습니다. 최신 버전을 다시 다운로드하거나 고객 서비스에 연락해 주십시오
3293,남은 횟수 없음
3294,"충전에 문제가 생기면 다음과 같은 경로로 고객 서비스에 연락할 수 있습니다. 
 1. 고객 메일: miniworldcustomerservice@gmail.com 
 
 2、Facebook : 
 https://www.facebook. com/miniworldtech /
 
 3 . Twitter : 
 https://twitter.com/miniwantech 
 보다 효과적인 문제 해결을 위해, 당신의 미니계정을 제출하고 충전하십시오. 요금 공제 증빙 사진을 캡처하여 고객 서비스에 발송하세요"
3295,보류하기
3296,"과실 데이터 오류는 인터넷, 모바일 시간을 체크한 후 재시도하거나 고객서비스에 연락해 주십시오"
3297,과실위치가 잘못되었습니다. 휴대폰을 재시작하거나 고객서비스에 연락해 주십시오
3298,"과실 상태 오류는 인터넷, 모바일 시간을 체크한 후 재시도하거나 고객서비스에 연락해 주십시오"
3299,미니빈 공제 실패
3300,일치하는 보물 상자 정의되지 않음
3301,일치하는 보물 상자 정의되지 않음
3302,보류하기
3303,보류하기
3304,저장 파일이 전력으로 진행 중이어서 다른 작업을 할 수 없습니다
3305,"네트워크가 정상인지 확인하시고, 나중에 다시 시도하거나 고객 서비스에 연락하십시오."
3306,"교제가 너무 잦아요, 편하게, 천천히하십시오 (cx)"
3307,데이터 오류가 발생하였습니다. 고객서비스(cx)로 연락 주세요.
3308,오늘 수령 상한선이 지났으니 내일 다시 오세요~
3401,수령이 완료되었습니다. 창고에 가서 확인하십시오.
3402,보너스를 받을 수 없습니다. 나중에 다시 시도해 주십시오.
3403,보너스 수령하기
3410,공식 웹사이트
3411,수령함
3412,기한이 지났습니다
3413,휴대폰
3414,이메일
3415,인증하기
3416,인증완료
3417,인증번호 받기
3418,인증번호
3419,잘못된 휴대폰번호입니다
3420,잘못된 이메일입니다
3421,인증번호가 틀렸습니다
3422,미니계정 관리하기
3423,인증하기
3424,휴대폰번호 인증하기
3425,이메일 인증하기
3426,휴대폰 또는 이메일 연동하여 미스터리 대상 수상! 혜택 인터페이스에 자세한 설명이 있습니다.
3427,인증번호가 전송되었습니다
3428,인증되었습니다
3429,이 휴대폰/이메일번호는 이미 다른 미니계정을 인증하였습니다. 다시 인증할 수 없습니다.
3430,전송하기
3431,인증번호가 전송되었습니다
3432,인증번호를 자주 받지 마세요
3433,수령할 수 없습니다
3434,인증되지 않았습니다
3435,이 계정은 이미 인증되었습니다
3436,인증 실패
3437,버전이 낮습니다
3438,버전이 낮습니다
3439,버전이 낮습니다
3440,인증번호가 만료되었습니다. 다시 받아보십시오.
3441,시한부 구매 : 완료됨
3442,게임 시작
3443,온라인 홀
3444,마이 홈
3445,계정 설정
3446,저장 파일 밖에서 설정하세요
3447,프로필
3448,FAQ
3449,게시
3450,혜택
3451,이벤트
3452,회전
3453,게시
3454,자료
3455,앨범
3456,자료 편집
3457,게시물:
3458,명칭:
3459,조합:
3460,아직 오픈하지 않았습니다.
3461,관리
3462,기본 폴더
3463,현재 네트워크가 존재하지 않습니다!
3464,"----개인센터가 탄생했어요! 
 
 1. 현재 친구과 팬의 수량회개인 센터에 보이기 
 
 2.플레이어는 미니코인을 통해 잠금 해제 프로필 기능을 영구히 사용할 수 있습니다 
 
 3. 앨범은 3칸까지 무료 사용 가능, 남은 나머지 칸마다 5개의 미니코인을 써서 잠금을 풀어야 합니다 
 
 4. 플레이어는 편집 버튼을 통해 자신의 상세 자료 카드를 설정할 수 있습니다."
3465,남자
3466,여자
3467,비밀
3468,심사 실패
3469,미심사
3470,프로필 사진 업로드
3471,잠금 해제되지 않음
3472,사용자 정의 프로필을 지금 시작하시겠습니까?
3473,당신은 프로필 사진 업로드 잠금 해제기능을 가졌습니다!
3474,잠금 해제가 실패하였습니다. 잠시후 다시 시도하세요
3475,새 앨범의 위치를 잠그시겠습니까?
3476,새 앨범의 위치를 잠그셨습니다!
3477,미니 월드 캐스터만의 프로필 액자를 사용하셨습니다!
3478,미니 월드 캐스터만 사용 가능
3479,이 기능은 아직 개방되지 않았습니다.
3480,아직 그림을 올리지 않았으니 빨리 가보세요!
3481,가보기
3482,업로드하기
3483,수정
3484,삭제
3485,취소
3486,확인
3487,명칭
3488,성별
3489,프로필 사진 편집
3490,미니 월드 캐스터 전용 프레임
3491,캐스터
3492,디폴트 복원
3493,친구의 미니계정
3494,도움말 보이기
3495,简体中文
3496,English
3497,繁體中文
3498,"언어를 전환하려면 게임을 닫았다가 다시 시작하세요. (iOS 사용자는 수동으로 해야 합니다.)
Close and restart the game to switch language. (iOS users need to do it manually.)"
3499,언어 전환
3500,툴박스
3501,용광로
3502,수리대
3503,탈것 등록정보
3504,일
3505,냉각
3506,부를 수 있음
3507,룸 코드
3508,코드 체크하고 룸으로 들어가기
3509,요청 코드
3510,링크 공유
3511,"헉헉헉~ 얘들아, 메리 크리스마스! 빨리 나의 물품을 보거라!"
3512,"설날을 축하합니다, 재원이 많이 늘겠습니다!어서 와서 나의 물건품을 좀 보아라."
3513,더 많은 맵
3514,창고가 비었습니다!
3515,아직 맵을 찜하지 않았습니다
3516,네트워크가 불안정합니다. 나중에 다시 시도하십시오
3517,"봐, 또 새로운 임무가 게시되었어!"
3518,(무료)
3519,초보자 문제
3520,단계별 문제
3521,연락하기
3522,미니리더
3523,@1% 할인
3524,원가:
3525,작물
3526,툴
3527,잡물
3528,네모
3529,편집
3530,#cef2d2d 마우스를 이동하세요 #n 스티어링 @name
3531,"#cef2d2d ""WSA D"" #n 키를 눌러 캐릭터 이동 제어"
3532,#cef2d2d 'W' #n키를 눌러서 캐릭터를 앞으로 이동시킵니다
3533,#cef2d2d 'S' #n키를 눌러서 캐릭터를 뒤로 이동시킵니다
3534,#cef2d2d 'A' #n키를 눌러서 캐릭터를 왼쪽으로 이동시킵니다
3535,#cef2d2d 'D' #n키를 눌러서 캐릭터를 오른쪽으로 이동시킵니다
3536,닫기
3537,#cef2d2d 1 #n을 눌러 Celesthium 블록을 선택하십시오.
3538,버전이 낮습니다
3539,#cef2d 2d 마우스 오른쪽 버튼 클릭 #n 타깃 맞추기
3540,@name과 함께 음식을 모읍니다
3541,#cef2d2d 'B' 키를 눌러 배낭 열기
3542,#cef2d2d 마우스 왼쪽 버튼 #n으로 물품 선택
3543,#cef2d 2d 마우스 왼쪽 버튼 사용 #n 단축바에 있는 물건 선택
3544,오늘 클릭:
3545,Alt 키 클릭하여 더 보기
3546,비활성화
3547,금지 해제
3548,온라인 랜
3549,네트워크 온라인
3550,"초거대 시야, 제일 고급 설정이 필요"
3551,"넓은 시야, 더 고급 설정이 필요"
3552,"화면 우선, 대부분의 장치에 적합"
3553,유려함과 시야를 동시에 고려하여 다수의 설비에 적합합니다
3554,"가장 매끄럽고, 작은 메모리 장치에 적합합니다."
3555,TAB열림/닫힘
3556,새해 이벤트
3557,새해 공유 이벤트!
3558,"1. 나만의 링크를 공유하고 다른 친구들은 링크 클릭, 페이지 열기\n2.활동기간 동안 1명의 아이피는 1번, 여러 명의 클릭은 무효\n3.활동기간 누적 2/12/25/58번 클릭하면 각각 1번씩 받을 수 있음."
3559,점프 버튼을 누르면 위로 올라갈 수 있어요
3560,빈칸 버튼을 누르면 위로 올라갈 수 있어요
3561,출석 체크
3562,휴대폰 인증
3563,휴대폰 번호
3564,인증번호 입력하기
3565,로그인
3566,미니 사이즈 @1 을 다른 장치로 전환하고 있습니다. 핸드폰 인증부터 진행하십시오:
3567,이메일을 인증하면 어떤 점이 있습니까?\n1. 미니계정을 잊어버렸을 때 미니계정을 찾을 수 있습니다.\n2. 비밀번호를 잊어버렸을 때 인증된 이메일을 통해 비밀번호를 다시 설정할 수 있습니다.\n 인증 후 이메일을 받지 못했을 경우 휴지통에 있는지 확인하십시오.
3568,인증된 휴태폰을 통해 미니 번호를 찾고 있습니다/비밀번호 재설정
3569,휴대폰 찾기
3570,인증번호 오류
3571,휴대폰 인증 기능:\n1. 비밀번호를 잊어버렸을 때 비밀번호를 찾고 변경할 수 있습니다.\n2.미니계정을 잊어버렸을 때 미니계정을 조회할 수 있습니다.
3572,이벤트 누적:
3573,회수 중
3574,(잠금이 해제되었는지 확인해 주세요)
3575,비밀번호를 다시 설정해 주세요
3576,QQ지갑
3577,이 휴대폰은 아직 미니계정을 인증하지 않았습니다
3578,QQ 지갑 결제 잠시 닫힘
3579,코드가 무효합니다!
3580,모형 작업대
3581,모형 명칭
3582,새해 복 많이 받으십시오!
3583,"잠시 충전할 수 없습니다, QQ 로비로 이동하여 충전하십시오."
3584,핫키
3585,Null
3586,이 키로 바꿀 수 없습니다
3587,키 충돌:
3588,(@1s 후 자동 꺼짐)
3589,좀 더 생각해보기
3590,"자기야~진짜 가는 거임?아직 많은 모험이 기다리고 있어요, 일찍 돌아와요!"
3591,새 키를 입력하십시오
3592,맵에 들어가서 지형코드 보기
3593,@1번째 날
3594,성공적으로 판매됨 @1×@2
3595,성공적으로 구매됨 @1×@2
3596,성공적으로 @1×@2를 바꾸었습니다.
3597,미니코인 × @1#n이 필요한데 미니코인을 사러 가시겠습니까?
3598,@1일 구매
3599,@1(@2)사용 성공
3600,https://mnweb.mini1.cn/icon/share/logo.png
3601,"미니월드, 너만의 월드를 만들기"
3602,"나는 미니월드에서 흙장난을 하고 있어요, 당신은 어디에 있어요?"
3603,"미니월드, 너만의 월드를 만들기"
3604,"나는 미니월드에서 흙장난을 하고 있어요, 당신은 어디에 있어요?"
3605,왜 무릎 꿇고 게임하느냐고? 강추@미니 세상
3606,앞으로 움직이기
3607,뒤로 움직이기
3608,왼쪽으로 움직이기
3609,오른쪽으로 움직이기
3610,사용물품/네모 설치
3611,공격/발굴
3612,잠행
3613,빨리 뛰기
3614,점프하기
3615,선택된 물건 버리기
3616,배낭 열기/닫기
3617,맵 열기/닫기
3618,성취 열기/닫기
3619,스토어 열기
3620,친구 리스트
3621,탈것
3622,배낭 정리
3623,플레이어 리스트
3624,점수 보기
3625,캐릭터 상태 보기
3626,플레이 설정
3627,자원 라이브러리
3628,캡처한 그림을 저장했습니다
3629,현재 시각을 사용자 정의 시각으로 저장하시겠습니까?플레이 모드로 전환한 후 맵 재진입 시에는 기본적으로 사용자 정의 시각이 사용됩니다
3630,이 맵은 규정 위반 혐의 때문에 룸으로 들어갈 수 없습니다
3631,이 룸의 맵은 규정 위반 혐의로 검색이 안 됩니다
3632,이 맵은 규정 위반 혐의로 게임에 들어갈 수 없습니다
3633,이 맵은 규정 위반 혐의로 룸을 개설할 수 없습니다
3634,이 맵은 규정 위반 혐의로 공유할 수 없습니다
3635,규정 위반
3636,이 룸은 규정 위반 협의로 리뷰를 볼 수 없습니다
3637,"알림: 공동으로 건전한 게임 환경을 보호하고 게임 내 어떠한 가상 행위도 모방하지 마십시오. 허위 정보, 불량 정보가 발견되면 관청에 신고할 수 있습니다! #r 성인 내용, 정치, 폭력 등의 내용 제작을 엄금하고 위반자는 법에 따라 법적 책임을 물을 것입니다."
3638,미니리더 따뜻한 알림
3639,성인 내용·정치·폭력 등의 위반 내용을 만드는 것을 금지합니다. 위반자는 호봉 처리되고 법에 따라 법적 책임을 묻습니다
3640,템플릿 선택
3641,서버 연결이 되지 않았습니다
3642,명칭을 입력하세요
3643,모델을 선택하세요
3644,기존\n@1 템플릿 선택
3645,기능
3646,특성
3647,재선정
3648,모델 크기
3649,이동 속도
3650,하락
3651,하락 아이템
3652,별 하락 경험
3653,승점
3654,모델 선택하기
3655,능동공격
3656,바이오 캠프
3657,점수
3658,바이오 모델을 선택하세요
3659,아이템을 선정하세요
3660,이동 가능 여부
3661,공격 거리
3662,모델을 선택하세요
3663,기본(몬스터)
3664,1. 레드 팀
3665,2. 블루 팀
3666,호스트와의 관계: 적대적
3667,호스트와의 관계: 우호적
3668,능동공격
3669,기능 라이브러리
3670,상해류
3671,통제류
3672,특수류
3673,바이오알
3674,특성 라이브러리
3675,통화 룸 가입에 실패하였습니다(@1)
3676,통화 룸으로 가입하였습니다
3677,온라인 홀로 돌아가기
3678,추출에 실패했습니다. 배낭이 꽉 찼는지 확인하십시오
3679,"힌트: 새로운 몬스터의 알을 ""배낭- 편집"" 에서 찾을 수 있습니다."
3680,투사물 모델을 선택하세요
3681,투사물 모델
3682,투사물 모델을 선택하세요
3683,미션 사용하기
3684,미션 설명 사용하기
3685,보통 사용하기
3686,활 사용하기
3687,투사물 사용하기
3688,창고에 저장되었습니다
3689,블루 다이아몬드 세트
3690,누적 온라인 시간이 1시간 이상되었습니다.
3691,"누적 온라인 시간이 이미 3시간이 지났습니다. 게임 수익이 0이 될 것입니다. 당신의 건강을 위해 가능한 한 빨리 휴식을 취하고, 적절한 활동을 하며 학습 생활을 합리적으로 지배하십시오."
3692,건강하지 않은 게임 시간에 들어갔습니다. 건강을 위해 즉시 휴식을 취하십시오.만약 휴식을 취하지 않으면 당신의 신체에 손상을 입게 됩니다. 당신의 수익은 이미 제로(0)로 떨어졌습니다. 당신의 누적 오프라인 시간이 5시간 이상 지난 후에야 정상으로 회복될 수 있습니다.
3693,건강하지 않은 게임 시간에 들어갔습니다. 건강을 위해 즉시 휴식을 취하십시오.만약 휴식을 취하지 않으면 당신의 신체에 손상을 입게 됩니다. 당신의 수익은 이미 제로(0)로 떨어졌습니다. 당신의 누적 오프라인 시간이 5시간 이상 지난 후에야 정상으로 회복될 수 있습니다.
3694,확인
3695,저장 파일 데이터 업그레이드 중...
3696,데이터 업그레이드가 완료되었으니 게임을 다시 시작하세요
3697,맵을 공유하고 있습니다. 백업할 수 없습니다.
3698,맵 모델
3699,버전이 낮습니다
3700,"블루 다이아몬드 vip향유 #cef2d2d8#n 할인, 각종 특권, 각종 선물세트!"
3701,"더 많은 블루 다이아몬드 특권, #L#cfa7a0f 블루 다이아몬드 홈페이지 #n"
3702,주장하다
3703,수령 불가
3704,블루 다이아몬드 vip 특권
3705,블루 다이아몬드 vip 매일 세트
3706,블루 다이아몬드 디럭스 추가 획득
3707,연비 블루 다이아몬드 vip 추가 획득
3708,클릭 수령
3709,블루 다이아몬드 vip 초보자 세트
3710,수령하기
3711,블루 다이아몬드 사용자는 다음과 같은 특권을 누릴 수 있습니다.
3712,1. 블루 다이아몬드 초보자 세트
3713,2. 블루 다이아몬드 매일 세트
3714,3. 80%할인 충전 혜택
3715,4. 블루 다이아몬드 전속표시
3716,획득한 아이템은 저장 파일에서 쇼핑몰 -> 창고를 열어 추출할 수 있습니다.
3717,수령이 완료되었습니다. 창고에 가서 확인하십시오.
3718,수령이 실패되었습니다. 창고에 가서 확인하십시오.
3719,"모바일 보안 관리 도움말: 
 핸드폰 부분 수정 앱과 연동 충돌이 되어 부팅할 수 없습니다."
3720,수령하였습니다
3721,포럼
3722,"시스템에서 ""@1"" 에 대한 수정 프로그램이 설치되어 있어 게임의 정상 작동에 지장을 줄 수 있으니 수정 소프트웨어를 삭제하고 들어가십시오."
3723,플레이어 저장 파일
3724,외계인이 당신이 외장(@1)을 사용하는 것을 알아냈습니다. 닫고 게임을 진행하십시오.외장용으로는 영구히 번호표기가 될 수 있습니다. 미니계정을 사랑하세요!
3725,모델 설명
3726,Celesthium 블록을 #cef2d2d왼쪽 클릭#n하여 부수세요.
3727,셀레스트 히크 블록으로 이동하여 가져옵니다
3728,모래 한 포대를 선택하십시오
3729,아이템이 상한선을 초과하였으니 일부 삭제 후 다시 시도하여 주십시오.
3730,삭제되었습니다. 저장 파일을 다시 실행할 수 있게 되었습니다.
3731,보통 백업
3732,온라인 백업
3733,온라인 저장 파일 백업
3734,온라인으로 룸을 열기 전에 자동으로 백업합니다. 저장 파일이 깨졌을 때 이곳에 와서 복원할 수 있습니다.
3735,백업 위치 1개만 있습니다. 이전 백업 바로 덮어쓰기
3736,룸이 자유 모드로 있을 때 곰 베이비가 맵을 훼손하지 않도록 확인하시려면 먼저 클릭하시고 자동으로 저장 파일을 백업하십시오.
3737,"현재 모델 작업대 사용은 창조, 편집 모드만 가능합니다"
3738,온라인 혹은 다른 사람의 맵에서는 관리 기능을 사용할 수 없습니다.
3739,폴더 추가하기
3740,"로그인 실패하였습니다. 인터넷, 아이디, 비밀번호를 확인하세요!"
3741,4399 계정 연동하기
3742,4399 계정 연동의 장점: #r 미니월드 4399 PC에서 이 계정에 접근할 수 있는 미니계정 #cef2d2d#r4399 계정: @1 이미 미니계정: @2 연동 #n#r 비고: 잠시 동안 연동을 지원하지 않음
3743,연동이 더 안전하고 편리합니다. 앞으로 4399 계정으로 미니계정을 찾을 수 있습니다 #r#r4399 계정: #cef2d2d@1 #n 계정: #cef2d@2 #n 연동 #B#r 비고: 연동을 지원하지 않습니다. 계정 정보를 확인하십시오.
3744,이 4399번호는 이미 미니계정이 연동되어 있습니다
3745,스토어
3746,커뮤니티
3747,맬프랙티스
3748,온라인 홀 도우미
3749,"핫스팟 #r 랜덤에 있는 친구들, 혹은 모바일 핫스팟에 있는 친구들과 함께 게임할 수 있어요 #r#r와이파이 연결 #r은 언제 어디서나 인터넷상에서 더 많은 사람들과 연결이 가능합니다!"
3750,4399 계정 전환
3751,이 미니계정은 이미 4399계정이 연동되었습니다
3752,시간 초과하였습니다. 네트워크를 확인하세요
3753,삭제
3754,새 아이템
3755,툴
3756,무기
3757,푸드
3758,선택할 것이 없습니다
3759,아이템 모델 선택하기
3760,저장하고 되돌리기
3761,레슨 계속하기
3762,레슨 퇴출하기
3763,초보자 레슨이 끝나지 않았습니다. 나가시겠습니까?
3764,"자세한 레슨 내용을 알아보려면 ""튜터리얼 계속하기""를 클릭하세요"
3765,테스트 코디는 충전하지 않고 매일 이벤트-혜택 인터페이스를 통해 미니코인을 받을 수 있습니다.
3766,자신을 검색하고 있습니다!
3767,싱글 게임
3768,급속 온라인
3769,알림
3770,맵 저장 파일이 없습니다! \n 바로 새 맵을 만드시겠습니까?
3771,맵 만들기
3772,다음
3773,"【게임 시작】 
 ""모험""과 ""창조"" 같은 플레이 방식을 선택할 수 있습니다. 맵 저장 파일은 모두 여기에 있습니다."
3774,"【온라인 로비】
 '와이파이 연동'은 언제 어디서나 더 많은 친구들과 함께 놀 수 있습니다."
3775,"【미니 공방】
 무수한 재미있는 플레이어의 맵이 다운로드되어도 당신은 자신의 지도를 공유할 수 있습니다"
3776,"【마이 홈】
 희망을 심어 수확이 있을 텐데 각종 희유한 아이템과 피부, 멋진 탈것을 얻을 수 있습니다."
3777,완성
3778,랜속의 친구랑 함께 놀기
3779,기타 플레이어들과 수시로 연락하세요
3780,모드 전환하기
3781,현재 모드: @1
3782,@Null@
3783,288 미니빈으로 금과실 하나를 사서 수확할까요?(적정으로 오락하시고 이성적으로 소비하세요)
3784,방금 미니월드에서 시선을 떼었습니다. 아래 버튼을 눌러서 게임으로 돌아갑니다.
3785,마이크 켜기 실패(@1)
3786,마이크 끄기 실패(@1)
3787,스피커 열기 실패(@1)
3788,스피커 끄기 실패(@1)
3789,마이크를 열었습니다
3790,마이크를 껐습니다
3791,스피커를 열었습니다
3792,스피커를 껐습니다
3793,[마이크를 켜고] 음성 끄기
3794,여기서 실시로 통화할 수 있습니다
3795,다인 룸 열기
3796,"미니리더 따뜻한 알림: 건강한 오락, 이성적인 소비"
3797,"미니리더 따뜻한 알림: 건강한 오락, 이성적인 소비! #R 미성년자는 보호자의 동의를 받고 소비해주세요"
3798,전부 선택하기
3799,이동할 폴더 선택하기
3800,"파편 회수하기, @1×@2"
3801,#c0aaa1a@1×@2#n을 사용해서 #cfa7a0f@3#n을 구매할 것입니다. #r (적정으로 오락하시고 이성적으로 소비하세요)
3802,구매 확인
3803,#c0aaa1a@1×@2#n을 써서 #cfa7a0f@3#n을 업그레이드 할 것입니다. 확인하십시오.
3804,업그레이드 확인하기
3805,회수할 것은 #c0aaa1a@1 파편 #n입니다!확인해주세요
3806,플레이
3807,개발
3808,"주의: \n1, 플러그인이 마운트된 맵은 당분간 업로드하거나 방을 열 수 없습니다. \n2, 플러그인 편집 및 업로드 기능은 후속 버전에 출시될 것입니다. 기다려 주십시오!"
3809,플러그인이 로딩한 맵은 당분간 업로드할 수 없습니다
3810,플러그인을 로딩한 맵은 당분간 룸을 열 수 없습니다
3811,당신의 친구@1이 접속되었습니다
3812,당신의 친구@1이 탈퇴하였습니다
3813,말을 하는 시간이 너무 짧아요
3814,통화
3815,미니 공방
3816,베스트
3817,플레이어
3818,검색
3819,유형:
3820,전부
3821,정렬:
3822,최신
3823,#R 동물탈것: 귀여운 동물들을 타고 세계일주를 할 수 있게 됐습니다!
3824,#R위험월드: 좀비가 온다.(이곳 야인들은 공작석을 좋아한다고 합니다.)
3825,#R캐릭터 소재 : 잠시 넣지 않고 옵션을 제거합니다.
3826,#R 흑백전도: 동물은 사납고 야인은 부드럽다.
3827,#R 진격 거수: 빅 바이오 월드에 오신 것을 환영합니다!
3828,곧 다가올 테니 기대해 주세요.
3829,미니월드 생일파티
3830,힌트: ESC 설정 인터페이스를 열면 F1이 키 위치를 표시합니다
3831,저자는 맵을 공유하지 않았습니다
3832,공방 도우미
3833,"1.저장파일을 다운받아 미니 공방으로 이사했습니다! 더 풍부한 콘텐츠! 더 빠른 업로드와 다운로드 속도!
 2.즉각부터 지도를 공유하고 올리면 자동으로 미니 공방의 플레이존에 들어가 친구들을 만나게 됩니다.만천 친구들이 당신의 작품을 보았습니다!또한 빠른 다운로드 경험이 생깁니다!
 3.여러분이 올린 맵은 미니 공방 검색에서도 검색할 수 있습니다.
 4. 플레이어가 공유하는 지도는 플레이존에서 일정 열에 도달하면 자동으로 조심구역으로 들어가게 됩니다.다른 플레이어의 검열을 받을 것이며, 일정 열기에 도달하면 특선 저장 파일이 될 것입니다!"
3834,1.당신은 미니 공방에서 더 많은 초보 튜토리얼을 얻을 수 있습니다\n2.레인지 레지스터를 공방 플레이존에 공유할 수 있습니다.\n3.좋아하는 맵을 선택해서 다운로드 받을 수 있습니다!
3835,"나는 자세히 읽고 #L#cfa7a0f ""게임 라이센스 및 서비스 계약""#n, #L#cfa7a0f 개인 정보 보호 정책 #n, #L#cfa7a0f 청소년 개인 정보 보호 정책 #n"
3836,@Null@
3837,동의 아래 #cfa7a0f 서비스 약정 #n을 클릭하시면 게임에 들어가실 수 있습니다
3838,게임 약정
3839,힌트: ESC 또는 ~ 준심 모드로 돌아가기
3840,타임
3841,만
3842,인기
3843,베스트
3844,최신
3845,다운로드 횟수
3846,금주 핫
3847,평점
3848,랜덤
3849,바꾸기
3850,맵이 저자에게 삭제되었습니다
3851,맵 다운로드가 실패하였습니다
3852,기본값
3853,새로 고침
3854,클릭하거나 위로 끌어 더 많은 맵을 얻기
3855,찜
3856,찜 취소
3857,찜 취소
3858,찜
3859,메인 화면
3860,만약 이 맵을 좋아하시면 진지하게 리뷰를 써주십시오.
3861,평점하러 가기
3862,탈퇴하기
3863,다운로드
3864,종합
3865,사용이 실패하였습니다. 네트워크를 검사하십시오
3866,#L#cfa7a0f게임 라이선스 및 서비스 협약
3867,좀 더 체험해보시고 리뷰해보세요. 더 멋진 디자인도 있을거에요~
3868,#L#cfa7a0f프라이버시 협약
3869,당신의 리뷰는 저자가 맵을 더 잘 보완하는 것을 도울 것입니다.
3870,재판 도우미
3871,프로젝트
3872,찜
3873,페스티벌\n특혜
3874,기타 프로젝트
3875,비고: 공유하는 맵은 미니 공방 플레이존에 업로드됩니다
3876,정렬
3877,타입
3878,인테리어 중이니 기대해주세요
3879,캐릭터 천재성은 이미 최대 등급입니다
3880,이 케릭터는 이미 잠금 해제되었습니다
3881,이 피부는 이미 철수되었습니다
3882,당신은 영구적인 피부를 가졌습니다. 더 이상 구매하실 필요가 없습니다
3883,이 피부는 기한이 지났습니다. 추가 비용을 들여 구매해야 합니다
3884,아이템은 이미 잠금을 해제했으니 다시 잠금을 해제할 필요가 없습니다
3885,배낭이 꽉 찼습니다
3886,당신은 아직 캐릭터의 잠금을 해제하지 않았습니다. 메인 화면-마이 홈-도감에서 잠금을 해제합니다. 이벤트와 과실은 파편을 얻을 수 있습니다.
3887,새 캐릭터를 만들었습니다
3888,폴더 명칭을 입력하세요
3889,모델 이동이 성공하였습니다
3890,성공적으로 찜하였습니다
3891,찜을 취소하였습니다
3892,찜에 실패하였습니다
3893,실행이 실패하였습니다. 네트워크 이상합니다
3894,끝입니다. 새로 고치십시오
3895,마우스 불러오기
3896,버튼 설명
3897,배낭 열기
3898,오른쪽 설정 버튼을 클릭하면 저장 파일을 삭제할 수 있습니다
3899,저장 파일에 다시 들어가셔야 생성합니다. 다시 진행하시겠습니까?
3900,편집
3901,플러그인 선택 (선착순 체험판):
3902,동물 탈것
3903,위험 월드
3904,캐릭터 소재
3905,흑백전도
3906,거수를 진격하기
3907,N방향 고정하기
3908,"방향은 돌고, 인물은 돌지 않기"
3909,"방향은 돌지않고, 인물은 돌기"
3910,파일 이동
3911,다음 파일이 다른 폴더에 존재합니다. 선택하면 대상 폴더로 이동합니다 #cfa7a0f@1#n
3912,#c0aaa1a@1#n 이미 존재 #cfa7a0f@2#n
3913,기본 폴더는 수정할 수 없습니다
3914,이동할 모델을 선택하세요
3915,삭제할 모델을 선택하세요
3916,폴더를 삭제하시겠습니까?
3917,플러그인
3918,플러그인 라이브러리 도우미
3919,새 플러그인 만들기
3920,플러그인 선택하기
3921,선택하였습니다
3922,업로드
3923,플러그인 라이브러리-#cfffde9플러그인 편집#n
3924,클릭하여 교체하기
3925,플러그인 명칭을 입력하기
3926,플러그인 설명을 입력하기
3927,편집 오픈하기
3928,독자 로딩만 허용
3929,플러그인 정보
3930,전부
3931,네모
3932,바이오
3933,아이템
3934,저장
3935,생성 확인
3936,플러그인 명을 입력하십시오
3937,플러그인 저장하지 않았습니다. 나가시겠습니까?
3938,우선 플러그인을 생성해 주십시오
3939,이름을 입력하십시오
3940,저장에 성공하였습니다
3941,저장에 실패하였습니다
3942,이곳을 탭하여 새로운 플러그인을 생성하십시오
3943,폴더를 삭제하면 축소판 파일이 기본 폴더로 이동합니다.
3944,호스트에서만 사용 가능
3945,싱글 플레이어 모드에서만 사용 가능
3946,폴더 이름이 이미 있습니다.
3947,자원 센터
3948,소형 파일이 추가되지 않았습니다
3949,폴더 이름을 입력하십시오
3950,큰 수확을 위해 미니 코인2880미니 콩 황금 과일 10개를 구매하시겠습니까?
3951,나는 걱정 마십시오
3952,편집하다
3953,새로운 큐브
3954,신규/변경
3955,기발한 @1
3956,새로운 @1
3957,우측의 주제를 탭하여 세부 정보를 확인하십시오!
3958,만들기
3959,탭하여 설명을 입력하십시오
3960,@1 선택
3961,일반
3962,색상
3963,기타
3964,동물
3965,몬스터
3966,기타
3967,삭제
3968,새로운 생명체
3969,삭제 나가기
3970,플러그인이 삭제 되지 않았습니다
3971,사용할 플러그인을 선택하십시오
3972,#cfa7a0f@1#n의 재료가 필요합니다
3973,편집 @1
3974,제조사 자동으로 구성
3975,계속
3976,투토리얼
3977,테스트서버
3978,소형 블록
3979,더 나은 경험을 위해 XP 시스템 지원이 일시 중단되었습니다. 시스템을 갱신하십시오.
3980,"#cfa7a0f플러그인 팩은 무엇인가요:#n 플러그인 패근 다양한 플러그인을 통합한 것입니다 사용방법: 새로운 맵 건설 시, 플러그인 선택 →플러그인 팩 선택 → +  버튼을 탭하여 우측 플러그인 팩 선택 이후 게임시작. 이후 플러그인 팩의 모든 인터페이스들을 로딩하여 적용합니다!"
3981,#cfa7a0f플러그인 편집방법?#n 1.플러그인 자료실 2. 큐브나 생명체를 선택하고 새로운 조정 아이템을 생성하십시오 (이제 게임의 원래 아이템만 변경할 수있습니다) 3. 변경 아이템의 이름이나 구성 속성을 조정할 수 있습니다. 4. 저장 후 게임의 메인 인터페이스로 돌아가 새로운 세계 생성에서 플러그인을 선택합니다.
3982,#cfa7a0f플러그인 로딩 방법?#n 1. 좌측에서 로딩할 플러그인을 선택하고  +  버튼을 탭합니다. 2. OK를 탭하여 맵 규정 생성으로 돌아간 후 게임 시작을 탭합니다. 이후 생성된 맵에 플러그인 효과를 적용합니다.
3983,도움말
3984,플러그인 생성에 성공하였습니다 이제 편집을 시작합니다!
3985,1M 이하의 그림을 선택하십시오
3986,표시 차트
3987,커스텀 표시 차트의 기능은 다음 버전에서 열립니다. 곧 출시!
3988,편집 옵션 열기
3989,편집 지시 사항 열기
3990,생성된 @1의 변경
3991,해당 플러그인을 삭제하시겠습니까?
3992,삭제에 성공하였습니다
3993,차트
3994,커스텀 표시 차트의 기능은 다음 버전에서 열립니다. 곧 출시!
3995,기능이 아직 열리지 않았습니다 곧 새로운 버전이 출시됩니다
3996,신규 버튼을 탭하여 새로운 플러그인을 생성합니다!
3997,새로운 플러그인 편집 기능을 개발하였습니다. 이곳을 탭하여 이용해 보십시오
3998,이곳은 플러그인 팩에 대한 도움말 정보입니다
3999,도움말 내용을 읽고 나면 당신이 만든 플러그인에 부족한 부분이 상당히 많다는 것을 깨닫게 됩니다!
4000,백업/복원
4001,백업
4002,삭제
4003,복구
4004,주의:
4005,백업 후 게임-클라이언트를 업데이트 하거나 게임\n을 시작하면 보관소 손상 위험을 줄일 수 있습니다.
4006,플러그인 로딩은 보관소에 손상을 줄 수 있습니다. 손상 시 복구할 수 있도록 \n백업을 수행하십시오
4007,백업을 반드시 명심하십시오!
4008,복원 확인
4009,현재 보관소 상황은  @1 에 저장되어 있습니다
4010,계속 하시겠습니까?
4011,(현재 과정을 손실하게 됩니다)
4012,확인
4013,취소
4014,해당 백업을 삭제하시겠습니까?
4015,(삭제 후 복원은 불가능합니다!)
4016,백업에 성공하였습니다
4017,백업에 실패하였습니다
4018,복원에 성공하였습니다
4019,복원에 실패하였습니다
4020,최대 3개 백업 생성이 가능합니다. 한 개를 삭제 후 백업하십시오
4021,탭하여 백업 명을 입명하십시오
4022,팁
4023,백업 생성
4024,직접 로딩
4025,백업 후 계속
4026,배겁’
4027,복원
4028,최신 클라이언트 버전으로 업그레이드하십시오
4029,(백업되지 않았습니다)
4030,백업 되었습니다
4031,맵 백업
4032,보관소를 백업할 수 있습니다. 열고 이를 확인하십시오!
4033,탭하여 보관소 백업 관리를 여십시오
4034,방(@1)에 들어갈 수 없습니다
4035,메일을 삭제하시겠습니까?
4036,"방을 생성하기 전에 이를 백업하십시오, 온라인 백업을 최대 1개가 가능하며 새로운 백업 내용은 가장 오래된 내용을 겹쳐 씁니다."
4037,활동이 만료되었습니다.
4038,해당 구역은 장식 중입니다. 곧 출시됩니다
4039,다운로드
4040,오늘의 인기도
4041,Yellow Diamond 사용자는 다음과 같은 권한을 누릴 수 있습니다.
4042,"노란색 다이아몬드 귀족 독점 품목 #CEF2D2D8 #n 할인, 다양한 특권, 다양한 선물 패키지!"
4043,"더 많은 노란색 다이아몬드 특권을 위해, #l #cfa7a0f 노란색 다이아몬드 공식 웹 사이트 #n을 따르십시오."
4044,노란색 다이아몬드 고귀한 특권
4045,노란색 다이아몬드 고귀한 일일 팩
4046,노란색 다이아몬드 디럭스 에디션 추가 Get
4047,연간 요금 옐로우 다이아몬드 귀족이 추가됩니다
4048,노란색 다이아몬드 고귀한 초심자 선물 팩
4049,노란색 다이아몬드 선물 팩
4050,1. 노란색 다이아몬드 초보자 팩
4051,2. 노란색 다이아몬드 데일리 팩
4052,3. 재충전 할인 20 % 할인을 즐기십시오
4053,4. 노란색 다이아몬드의 독점 로고
4054,차트 표시:
4055,플러그인 명:
4056,요약:
4057,님의 플러그인
4058,플러그인 팩
4059,확인
4060,플러그인 팩
4061,플러그인
4062,추가
4063,플러그인 편집
4064,플러그인
4065,플러그인 선택
4066,플러그인 추가
4067,플러그인
4068,플러그인 팩 편집 방법: 1. 사용할 플러그인을 추가합니다. 2. 플러그인 팩 이름을 재설정하고 설명을 변경합니다. 3. 맵 생성으로 돌아가거나 맵 플러그인 인터페이스로 이동하여 이를 사용합니다.
4069,플러그인이란 무엇입니까? 맵에 있는 원래의 큐브/생명체/도구를 변경하고 커스텀 컨텐츠를 추가하는 도구입니다. 큐브/생명체/도구의 형태로 플러그인 자료실에 플러그인을 보관합니다. 플러그인 생성 방법? 플러그인 자료실에 들어갑니다 →생성 버튼을 클릭합니다→저장합니다 플러그인 사용방법? 플러그인 로딩한 맵에서만 유효합니다. 1. 플러그인을 적용한 새로운 세계 생성 시 플러그인을 선택합니다. 2. 플러그이늘 적용한 플러그인 관리 인터페이스에서 플러그인을 선택합니다
4070,#cfa7a0f 플러그인 로딩 방법?#n 1.플러그인을 추가 탭합니다 →로딩할 플러그인을 선택합니다→추가를 확인합니다.→로딩할 플러그인을 선택합니다 2. OK를 탭하여 확인한 후 새로운 세계 생성으로 돌아갑니다 3. 게임 시작을 탭하고 플러그인을 로딩하면 해당 내용을 적용합니다!
4071,#cfa7a0f 플러그인 로딩 방법?#n 1.플러그인을 추가 탭합니다 →로딩할 플러그인을 선택합니다→추가를 확인합니다.→로딩할 플러그인을 선택합니다 2. OK를 탭하여 확인한 후 새로운 세계 생성으로 돌아갑니다 3. 게임 시작을 탭하고 플러그인을 로딩하면 해당 내용을 적용합니다!
4072,"#cfa7a0f 플러그인 추가 방법?#n 1. 추가하고자 하는 플러그인 선택을 위해, 플러그인 우측 상부의 O을 탭하여 체크합니다 2. OK를 탭하여 선택한 플러그인을 추가합니다 3.이후 플러그인으로 변경된 맵으로 즐겁게 게임을 진행합니다!"
4073,제출
4074,없음
4075,나는 #L#cfa7a0f사용자 약관을 읽고 이에 동의합니다
4076,"Terms of Use for the Gallery

If you have any questions about, or if you wish to send us any notices in relation to, this Term of Use for the Gallery (hereinafter referred as “Agreement”), please contact us at miniwantech@gmail.com.

1. Acceptance of the Agreement 
Unless expressly defined otherwise this Agreement, all capitalized terms in this Agreement shall have the same meaning as defined in the Terms of Use and the Privacy Policy. 

You agree to be bound by the the Agreement, the Terms of Use, the Privacy Policy and any other agreements entered by you with Miniwan related to the software“Miniworld: Block Art” (Collectively referred as the “Terms”). Anything not agreed in this Agreement shall be executed as agreed in the Terms.

2. Intellectual Property
With the elements, tools, functions and other contents in or of our software “Miniworld: Block Art”, our Services may allow you to communicate, submit, upload or otherwise make available text, images, audio, video, competition entries or other content, which may be accessible and viewable by the public (“User modified Contents”). You may not submit or upload User modified Contents that is defamatory, harassing, threatening, bigoted, hateful, violent, vulgar, obscene, pornographic, or otherwise offensive or that harms or can reasonably be expected to harm any person or entity, whether or not such material is protected by law. 

Ownership of the Intellectual Property. The visual interfaces, graphics, design, compilation, information, data, computer code (including source code or object code), products, software, services, all other elements of the Service and the User modified Contents (-Intellectual Property- or -IP-) are protected by law. All IP contained in the Service is our property or third-party licensors’ property. Except as expressly authorized by us in these Terms, you may not make use of any IP contained in the Service. We reserve all rights to the IP not granted expressly in these Terms. 

You are solely responsible for the User modified Contents you have made and you represent and warrant that: (i)You have the necessary licenses, rights, consents, and permissions, to communicate, submit, upload or make the User modified Contents Representations; and (2) the User modified Contents, and the use of your User modified Contents, does not and will not: (i) infringe, violate, or misappropriate any third-party right, including any copyright, trademark, patent, trade secret, moral right, privacy right, right of publicity, or any other intellectual property or proprietary right; (ii) slander, defame, libel, or invade the right of privacy, publicity or other property rights of any other person; (iii) require Miniwan to obtain any further licenses from or pay royalties or compensation or other amounts or provide any attribution to any third parties; (iv) result in a breach of contract between you and a third party; or (v) cause us to violate any law or regulation. You agree to pay all monies owing to any person as a result of providing the User modified Contents. 

You agree to indemnify and hold us and our subsidiary and affiliated companies, and each of their respective employees and officers, harmless from any demands, loss, liability, claims or expenses (including attorneys' fees), made against us by any third party arising out of or in connection with our use and exploitation of the User Generated Content. You also agree not to enforce any moral rights, ancillary rights or similar rights in or to the User Generated Content against us or our licensees, distributors, agents, representatives and other authorized users, and agree to procure the same agreement not to enforce from others who may possess such rights. 

We have the right but not the obligation to monitor, screen, post, remove, modify, store and review User modified Content or communications sent through Service, at any time and for any reason, including to ensure that the User Modified Content or communication conforms to the Terms, without prior notice to you. We are not responsible for, and do not endorse or guarantee, the opinions, views, advice or recommendations posted or sent by users. 

3. MONITORING AND PROHIBITED ACTIVITIES
We have no obligation to monitor the User modified Content and we are not responsible for monitoring the Service for inappropriate or illegal Content or conduct by other players. However, we do reserve the right, in our sole discretion, to monitor and/or record your interactions with the Services and other players (including chat text and voice communications) when you are using the Services.

You agree not to engage in any of the following prohibited activities on or in relation to our services, or allow any person to use Your Account with us to do the same:
•        send any unsolicited, unauthorised spam (such as spam comments in our social media services), advertising or promotional messages, or any other commercial communications;
•        submit, upload, transmit or display, through our services, any content (whether displayed publicly or not, and whether displayed directly or indirect to any other users) which in fact or in our reasonable opinion:
o        breaches any laws or regulations (or may result in a breach of any laws or regulations when used in a manner permitted by this Terms of Use);
o        creates a risk of loss or damage to any person or property;
o        is fraudulent, false, misleading or deceptive;
o        harms or exploits any person (whether adult or minor) in any way, including via bullying, harassment or threats of violence;
o        is hateful, harassing, abusive, racially or ethnically offensive, defamatory, humiliating to other people (publicly or otherwise), threatening, profane or otherwise objectionable;
o        promotes or encourages self-harming;
o        infringes our rights or any third party’s rights, including any intellectual property rights, contractual rights, confidentiality rights or privacy rights;
o        is pornographic, sexually explicit, violent or otherwise of an indecent or offensive nature; or
o        encourages or is likely to encourage any of the above;
•        violate any applicable laws or regulations, including credit card fraud or bank account fraud;
•        engage in any illegal or potentially illegal (as determined by us) activities or transactions, including sale of any illicit drugs or money laundering;
•        gamble, provide gambling information or entice others to engage in gambling through any method;
•        use or exploit any of our intellectual property rights (including our trademarks, brand name, logo, any other of our proprietary information or the layout or design of any page), or otherwise infringe on any of our intellectual property rights (including attempting to reverse engineer any applications or software used to access our services);
•        access any of our services, collect or process any content made available through our services, send or redirect any communications through our services, in each case, through the use any automated bots, software, engines, crawlers, scrapers, data mining tools or the like, or attempt to do any of the foregoing, including using any automated means to artificially promote any content;
•        engage in any “framing”, “mirroring,” or other techniques directed at simulating the appearance or function of our services;
•        interfere with, or attempt to interfere with, any user’s or any other party’s access to our services;
•        intentionally distribute viruses, worms, Trojan horses, corrupted files or other malicious code or items;
•        share or publish any other person’s personally identifiable information using our services without their express consent;
•        probe or test the vulnerability of, or otherwise circumvent (or attempt to circumvent) any security features on, our services, our systems or the systems of other users;
•        create multiple accounts for disruptive or abusive purposes; or
•        engage in any other activity that encourages any person or entity to breach this Terms of Use.

4. Indemnity
You agree that you will be responsible for your use of the Service, and you agree to defend and indemnify us and our officers, directors, employees, consultants, affiliates, investors, business partners, subsidiaries and agents (together, the -Affiliated Parties-) from and against every claim, liability, damage, loss, and expense, including reasonable attorneys’ fees and costs, arising out of or in any way connected with: (a) your access to, use of, or alleged use of the Service; (b) your violation of any portion of these Terms, any representation, warranty, or agreement referenced in these Terms, or any applicable law or regulation; (c) your violation of any third-party right, including any intellectual property or proprietary right, publicity or privacy right, property right, or confidentiality obligation; or (d) any dispute or issue between you and any third party. We reserve the right, at our own expense, to assume the exclusive defense and control of any matter otherwise subject to indemnification by you (without limiting your indemnification obligations with respect to that matter), and in that case, you agree to cooperate with our defense of that claim.

YOU AGREE TO INDEMNIFY US, OUR PARTNERS AND OUR AFFILIATE COMPANIES FROM AND AGAINST ANY CLAIM, SUIT, ACTION, DEMAND, DAMAGE, DEBT, LOSS, COST, EXPENSE (INCLUDING LITIGATION COSTS AND ATTORNEYS’ FEES) AND LIABILITY ARISING FROM: (I) YOUR USE OF OUR SERVICES OR SOFTWARE; OR (II) YOUR BREACH OF THIS TERMS OF USE."
4077,탭하여 플러그인을 추가합니다
4078,획득하였습니다
4079,추가에 성공하였습니다
4080,메일
4081,메일을 선택하십시오
4082,미니 월드 팀
4083,수령
4084,점프
4085,불안정한 네트워크 연결 다시 한 번 시도하십시오
4086,유효성:
4087,일
4088,시간:
4089,수령에 실패하였습니다 이후 다시 한 번 시도하십시오
4090,메일 아이템을 받습니다
4091,수령
4092,아직 새로운 메일이 도착하지 않았습니다
4093,신규
4094,추가
4095,게임을 재시작하여 새로 로딩한 플러그인을 적용합니다
4096,"선택 플러그인: @1, 및 플러그인팩: @2"
4097,확인
4098,팁: O를 탭하여 로딩할 플러그인을 선택하십시오
4099,선택 플러그인: @1
4100,선택 플러그인 팩: @1
4101,로딩 플러그인
4102,게임 시작
4130,공구
4131,무기
4132,기타 카테고리
4133,장비
4134,인증 코드 표시
4135,인증 코드 숨기기
4150,아니오
4151,예
4152,근접
4153,원격
4154,폭발
4155,생물학
4156,차단
4157,생물학 및 차단
4158,발사를 탭하십시오
4159,폭발
4200,폭발 저항
4201,"큐브의 폭발 저항 역량 더 큰 숫자를 큐브를 폭파시키기 어려움을 의미합니다 (예:흙 5, 돌은 55, 따라서 돌이 더 높은 폭발-저항을 가지며-1은 파괴가 불가능 함을 의미합니다)"
4202,강도
4203,"큐브 수집에 필요한 시간 더 큰 숫자는 더 오랜 시간을 의미합니다. (예: 나무 판자는3, 돌은 7, 따라서 돌의 수집에 더 많은 시간이 필요하며 -1은 파괴가 불가능함을 의미합니다)"
4204,미끄러짐 관성
4205,"큐브의 걷기 관성. 더 큰 숫자는 걸음을 멈추기 어려움을 의미합니다. (예: 얼음의 관성은 큽니다, 따라서 얼음 위에서의 걸음은 미끄러지게 됩니다)"
4206,타는 속도
4207,"큐브의 타는 속도 큰 숫자는 더 높은 타는 속도를 의미합니다. (예: 나무는 1, 이파리는 5, 이파리가 더 빠르게 탑니다)"
4208,탈가능성
4209,더 큰 숫자는 근처의 연소된 큐브에 의해 큐브가 더욱 쉽게 점화됨을 의미합니다.
4210,빛의 세기
4211,"숫자가 1보다 클 경우, 큐브는 빛을 냅니다. 더 큰 숫자는 더 높은 밝기를 의미합니다"
4300,건강
4301,"생명체의 생명력 0으로 떨어지면, 생명체가 죽습니다"
4302,공격
4303,"생명체의 공격, 1포인트 감소는 대상의 생명을 1격자 감소시킵니다"
4304,시야
4305,생명체의 시각 범위 값이 클수록 대상을 볼 수 있는 거리가 멀어집니다. (예: 10은 생명체가 10격자 내의 대상을 파악할 수 있음을 의미합니다)
4306,발생 횟수
4307,동일한 종류의 생명체가 동시에 근처에 나타나는 최대 숫자.
4308,생명체 줌
4309,생명체의 크리 변경시간. 값이 커질수록 생명체 모델도 커집니다.
4310,속도
4311,생명체의 이동 속도 값이 커질수록 더 빠르게 움직입니다. (표준 속도는 400)
4312,근접 방어
4313,"근접 방어 1포인트는 근거리 대미지 4%,를 감소시킵니다"
4314,원거리 방어
4315,"원거리 방어 1포인트는 원거리 대미지 4%,감소 시킵니다"
4316,폭파 방어
4317,폭파 방어 1포인트는 폭파 대미지 4%를 감소시킵니다
4400,최대 쌓기
4401,가방 내구도 를 최대로 쌓을 수 있는 숫자
4402,도구
4403,툴은 툴의 기능 및 속성으로 이를 구성할 수 있습니다
4404,식품
4405,식품은 식품의 기능 및 속성으로 이를 구성할 수 있습니다
4406,발사 무기
4407,발사 무기는 발사 무기의 기능 및 속성으로 이를 구성할 수 있습니다
4408,효율성 버프
4409,도구를 이용한 큐브 수집의 효율성 보너스 계수 도구 카테고리에서만 유효합니다.
4410,공격 유형
4411,도구의 공격 유령
4412,물리적 공격
4413,도구의 1포인트 감소는 대상의 생명을 1격자 감소시킵니다
4414,내구성
4415,"도구의 내구성 0으로 감소되면, 도구가 손상됩니다"
4416,중력
4417,공중 발사 무기에 대한 중력 값이 작을 수록 더 멀리 날아갑니다
4418,선단 속도
4419,공중 발사 무기의 초기 속도. 값이 클 수록 더 멀리 날아갑니다.
4420,유속 둔화
4421,공중 발사 무기의 속도 감소 값이 작을 수록 더 멀리 날아갑니다.
4422,채활용 가능 여부
4423,발사무기가 땅에 떨어진 후 이를 수집하여 재사용할 수 있는지의 여부.
4424,목표 공격
4425,발사 무기가 공격할 수 있는 목표 유형을 제어합니다.
4426,계기 지연
4427,목표 타격 후 발사 무기의 재사용 시까지 걸리는 시간
4428,발사 무기 공격
4429,발사 무기의 공격 1포인트 감소는 대상의 생명을 1격자 감소시킵니다
4430,공격 유형
4431,발사 무기 공격 유형 2가지: 지점 공격 및 폭파.
4432,서비스 시간
4433,식품의 사용 시간
4434,포만감 회복
4435,사용후 배고픔 증가.
4436,체력회복
4437,사용 후 배고픔 견딤 증가.
4438,HP 회복
4439,사용 후 생명 값 회복
4440,충전 시간
4441,원거리 축적 무기의 축적 시간
4442,사용유형
4443,"도구 사용 방법 제어, 도구 유형과 사용 유형이 일치할 때에 만 효과 발생. 예, 원거리 무기는 축적 무기나 화기가 일치시켜야 합니다. 사과는 식품과 일치시켜야 합니다."
4444,물리적 공격
4445,화기의 공격 1 포인트 감소는 대상의 생명을 1격자 감소시킵니다.
4446,발포 간격
4447,"화기 발포 간격 값이 클수록, 지속되는 발포 속도를 낮춥니다."
4448,지속발포
4449,화기가 지속적으로 발포할 수 있는지를 제어.
4450,총알
4451,탄창의 총알 수. 빈 탄창을교환한 후에만 계속에 발포할 수 있습니다
4452,사격 모드
4453,발포 제어나 소비한 총알의 재장전 여부
4454,탄약
4455,탄약에 대한 설명
4456,사용량
4457,사용량의 대한 설명
4458,중력 떨어짐
4459,중력 떨어짐에 대한 설명
4460,큐브 드롭
4461,큐브 드롭에 대한 설명
4462,충돌 유형
4463,큐브가 통과할 수 있는지의 여부 제어: 기체-통과; 고체-통과 불가; 액체-통과 하지만 속도가 느려짐; 발사 무기에 의해서만 통과 가능
4464,공기
4465,통과 가능
4466,고체
4467,통과 불가
4468,액체
4469,통과 가능하지만 속도가 느려짐
4470,발사 무기를 막을 수 없습니다
4471,발사 무기에 의해서만 통과가 가능합니다
4472,소비없음
4473,재장전에는 소비가 없습니다
4474,소비
4475,재장전에는 재료를 소비합니다
4476,무제한 총쏘기
4477,발포에는 소비가 없습니다
4478,아이템 유형
4479,큐브
4480,잡화
4481,도구
4482,한 쌍으로 된 아이템
4483,몬스터
4484,UID
4485,활
4486,탄약/미사일
4487,장비
4488,총
4489,식품
4490,도구&발사 무기
4491,도구&식품
4492,큐브&식품
4493,@Null@
4494,@Null@
4495,@Null@
4496,@Null@
4497,@Null@
4498,@Null@
4499,@Null@
4500,아니오
4501,예
4502,근접
4503,원격
4504,폭발
4505,충돌 생명체
4506,충돌 큐브
4507,생명체 및 큐브
4508,발사를 탭하십시오
4509,폭발
4510,일반 도구
4511,목표 큐브를 탭하십시오
4512,액체 큐브를 탭하십시오
4513,사용 버튼을 탭하십시오
4514,원거리 무기(활)
4515,식품
4516,가방 사용
4517,팩에서 사용
4518,원거리 무기(총)
4519,샵이일시적으로폐쇄되었습니다.구글플레이를이용해주십시오.
4520,재충전이 곧 열립니다
4521,@Null@
4522,산책 후 피곤함 휴식하십시오. 온라인의 더 많은 사람들과 산책할 것을 권장합니다
4523,우선 업로드 작업 및 갤러리에 관한 사용자 약관의 동의 여부를 확인하십시오
4530,짧음
4531,중간
4532,김
4533,적음
4534,중간
4535,많음
4536,낮음
4537,중간
4538,높음
4539,느림
4540,중간
4541,빠름
4542,탄약을 선택하십시오
4543,사전 설정
4544,커스텀
4545,탄약을 선택하십시오
4546,사전 설정
4547,커스텀
4548,팁: 새로운 도구 커스텀은 팩을 클릭하여 확인할 수 있으며 이후 편집 모드에서 편집할 수 있습니다
4549,큐브의 외형을 선택하십시오
4550,최대 적재 수
4551,공격에 내구성이 소모됩니다
4552,도구 유형
4553,없음
4554,도끼
4555,곡괭이
4556,삽
4557,가위
4558,@Null@
4559,@Null@
4560,@Null@
4561,@Null@
4562,@Null@
4563,도구레벨
4564,수집에는 내구성이 소모됩니다
4565,복원재료
4566,복원값
4567,초기 속도 보너스
4568,던지기 가능
4569,충전 모드
4570,일반 충전
4571,최대 충전 시 사용
4572,충전할 필요 없음
4573,던지기 간격
4574,총 유형
4575,권총
4576,경기관총
4577,스나이퍼총
4578,기관총
4579,샷건
4580,@Null@
4581,@Null@
4582,@Null@
4583,@Null@
4584,@Null@
4585,중량
4586,기본 속성
4587,수집 속성
4588,지속성
4589,비행 물채 속성
4590,커스텀 아이템 생성
4591,생성할 아이템 유형을 선택하십시오
4592,아이템 유형을 선택하십시오
4593,던지기 간격
4594,"총 유형은 반동, 음향효과, 화력에 영향을 줍니다."
4595,"도구 유형 및 단계는 이것이 수집하는 큐브 종류에 영향을 줄 수 있습니다. 예, 곡괭이, 1단계는 돌을 수집할수 있으며 2단계는 철광, 3단계는 금광을 수집할 수 있습니다."
4596,발사체에 의해 부서진
4597,브레이크 블록
4598,촬영 모드 정보
4599,조작
4600,하프 자동
4601,완전 자동
4602,큐브 수집
4603,"굶주림의 포인트>= #c0aaa1a %s#n, #c0aaa1a %s#n의 비율로 수집 #c0aaa1a %s#n 클로즈업"
4604,실행 가능성
4605,검색 범위
4606,취득 목표
4607,목표가 성숙하면
4608,이동 속도
4609,굶주림 판사
4610,기아 소비
4611,포인트 /초
4612,픽업
4613,"기아 포인트>= #c0aaa1a %s#n 일 때, 수집 될 때까지 #c0aaa1a %s#n의 속도로 #c0aaa1a %s#n을 골라 내야합니다. #c0aaa1a %s#n"
4614,목표물 줍기
4615,보유 수량
4616,저장
4617,기아 포인트>= #c0aaa1a%s#n 인벤토리 #c0aaa1a%s#n 수량이>= #c0aaa1a%s#n 인 경우 #c0aaa1a%s#n의 요금이 #c0aaa1a%s#n
4618,저장 항목
4619,품목 번호
4620,저장 대상
4621,컨테이너 선택
4622,@Null@
4623,@Null@
4624,@Null@
4625,@Null@
4626,식물
4627,"기아 포인트>= #c0aaa1a %s#n, #c0aaa1a %s#n의 비율로 #c0aaa1a %s#n ~ #c0aaa1a %s#n을 사용합니다."
4628,대상 블록
4629,항목 사용
4630,항목 선택
4631,항목 사용
4632,@Null@
4633,@Null@
4634,@Null@
4635,가드
4636,"굶주림 점> #c0aaa1a %s#n이면, #c0aaa1a %s#n을 (를) 경비하는 #c0aaa1a %s#n의 비율이 있습니다."
4637,보호 구역
4638,가져 가라
4639,굶주림 점>= #c0aaa1a %s#n 인 경우 보유 수량이 #c0aaa1a %s#n에 도달 할 때까지 #c0aaa1a %s#n neaby에서 #c0aaa1a %s#n의 속도가 #c0aaa1a %s#n 걸립니다
4640,컨테이너 선택
4641,아이템 가져 오기
4642,품목 수량
4643,공예
4644,"기아 포인트>= #c0aaa1a %s#n 일 때, #c0aaa1a %s#n의 공예품 #c0aaa1a %s#n의 비율이 있습니다."
4645,래서 피 선택
4646,제작 시간
4647,래서 피 선택
4648,자다
4649,#c0aaa1a %s#n 시간에 #c0aaa1a %s#n의 수면 시간이 있으며 #c0aaa1a %s#n 시간 동안 수면 지속됩니다.
4650,자는 시간
4651,수면 시간
4652,수면 위치
4653,시
4654,배고픈
4655,"기아가 <#c0aaa1a %s#n을 가리킬 때, 아직도 앉으십시오."
4656,기근 점 탐지
4657,지속
4658,까다로운 먹는 사람
4659,음식 필요
4660,식품 선택
4661,@Null@
4662,@Null@
4663,@Null@
4664,@Null@
4665,먹는다
4666,"기아가 <=#c0aaa1a %s#n 일 때, 음식을 음식으로 먹습니다, 재고 있음, 슬픔과 한숨에 음식이 없다면."
4667,까다로운 먹는 사람
4668,식품 선택
4669,공격
4670,기아 포인트> #c0aaa1a %s#n의 속도로 #c0aaa1a %s#n의 공격 #c0aaa1a %s#n까지 #c0aaa1a %s#n의 숫자가 될 때까지
4671,대상 선택
4672,번호
4673,자란 여부
4674,일으키다
4675,"굶주림이> #c0aaa1a %s#n, #c0aaa1a %s#n, #c0aaa1a %s#n, #c0aaa1a %s#n을 먹일 때"
4676,대상 선택
4677,타겟이 번식 할 수 있는지 여부
4678,항목 사용
4679,품목 선택
4680,항목 사용
4681,@Null@
4682,@Null@
4683,@Null@
4684,컨테이너 선택
4685,컨테이너
4686,블록 선택
4687,블록
4688,@Null@
4689,@Null@
4690,@Null@
4691,래서 피 선택
4692,즉시 트리거
4693,방아쇠를 당하지 않는다.
4694,도구 상자에서 다음 항목 작성
4699,@Null@
4700,해당 플러그인을 삭제하시겠습니까?
4701,일반(전체)
4702,부활
4703,생성
4704,전투
4705,순환
4706,퍼즐
4707,파쿠르
4708,기타
4709,모델
4710,친구
4711,게임중
4712,온라인
4713,연결 해제 ...
4714,UID: @1
4715,온라인
4716,오프라인
4717,전송
4718,#c49463F추가 광고 및 잘못된 정보에 주의하십시오!
4719,작은 친구들
4720,모바일 폰의 친구들
4721,근처
4722,나의 팔로우
4723,친구
4724,보기
4725,나의 QR 코드
4726,스캔
4727,메시지: @1
4728,친구의 요청이 전달되었습니다
4729,조작 실패 이후 다시 한 번 시도하십시오
4730,이제 친구입니다
4731,전체 삭제
4732,전체 삭제하시겠습니까?
4733,현제 메시지가 없습니다
4734,친구 요청
4735,미니 캡틴
4736,전송 실패 이후 다시 한 번 시도하십시오
4737,잘못된 번호
4738,팔로우
4739,사용자가 존재하지 없습니다
4740,이미 친구 입니다
4741,제한에 도달한 친구 수
4742,제출
4743,침해 아바타
4744,출간된 콘텐츠 침해
4745,보고에 성공하였습니다
4746,기능이 곧 출시됩니다
4747,검색
4748,@1m 이내에 있습니다
4749,근처에 플레이어가 없습니다
4750,추가 로딩
4751,시작 실패
4752,팔로우에 성공하였습니다
4753,팔로우 취소에 성공하였습니다
4754,아무도 팔로우하지 않고 있습니다
4755,팔로우 취소
4756,세부사항 확인
4757,UID: 이용 불가
4758,지금 미니 월드에서 많은 플레이어들이 당신을 기다리고 있습니다! http://miniworldgame.com/
4759,최근에 플레이 메이트 없음
4760,"허가 요청 모바일 친구의 기능 사용을 위해, 설정-앱-미니 월드- 연락처에서 허가로 바꿔 주시기 바랍니다"
4761,"허가 요청 모바일 친구의 기능 사용을 위해, 설정-미니 월드에서 연락처 허가로 바꿔 주시기 바랍니다"
4762,"허가 요청 주변 기능의 사용을 위해, 설정-앱-미니 월드-위치에서 허가로 바꿔 주시기 바랍니다"
4763,"허가 요청 주변 기능의 사용을 위해, 설정-미니 월드에서 위치 허가로 바꿔 주시기 바랍니다"
4764,●친구 시스템 기능 업데이트!#r#r 1. 닉네임 검색을 지원하기 위해 친구를 추가했습니다. #r#r 2입니다. 친구를 빠르게 찾을 수 있도록 입력 키워드를 추가했습니다. #r#r 3입니다. 친구의 집에 들어갈 수 있는 지원이 추가되었습니다. 방문 문이 더 편리합니다.#r#r 4. 효과적인 사회적 관계를 구축하는 데 도움이 되도록 이틀 동안 300개의 친구 요청을 보낼 수 있습니다. #r#r
4765,도움말
4766,놀랍군요! 당신이 좋아할 것입니다. http://miniworldgame.com/
4767,미니월드
4768,놀랍군요! 당신이 좋아할 것입니다. Http://en.mini1.cn/
4769,중지
4770,재료
4771,잠금 해제
4772,사용하기
4773,잠금 해제를 성공하였습니다
4774,잠금 해제를 실패하였습니다
4775,작은 콩이 충분치 않습니다
4776,질감
4777,질감
4778,입장
4779,기본 질감 팩
4780,미니 월드 권한
4781,질감 팩은 잠금 해제되지 않습니다. 갤러리에서 잠금을 해제하십시오
4782,질감 팩은 잠금 해제되지 않습니다. 기본 질감 팩을 사용합니다
4783,다운로드 한 맵의 질감 팩을 변경할 수 없습니다
4784,이곳에 탭하여 질감 팩을 선택하십시오!
4785,플러그인 업로드에 실패하였습니다
4786,캐릭터
4787,피부
4788,산
4789,@Null@
4790,@Null@
4791,@Null@
4792,@Null@
4793,@Null@
4794,@Null@
4795,@Null@
4796,@Null@
4797,@Null@
4798,@Null@
4799,읽기
4800,농작물
4801,도구
4802,물건
4803,큐브
4804,전투
4805,아주 작은
4806,작은
4807,일반
4808,큰
4809,거대한
4810,매우 느린
4811,느린
4812,빠른
4813,매우 빠른
4814,근접
4815,중거리
4816,원거리
4817,근처
4818,중간
4819,먼
4820,공격 성향
4821,측명 공격
4822,3.그린 팀
4823,4. 엘로우 팀
4824,5. 오렌지 팀
4825,6. 퍼플 팀
4826,공격모드 변경
4827,@Null@
4828,@Null@
4829,@Null@
4830,@Null@
4831,@Null@
4832,@Null@
4833,해당 생명체 그룹을 선택하십시오. 동일한 그룹의 생명체/플레이어를 공격하지 않으며 이들에게 대미지를 주지도 않습니다. 집주인 기본 사항으로 레드 팀에 속합니다.
4834,@Null@
4835,@Null@
4836,@Null@
4837,@Null@
4838,취소
4839,추출
4840,생일
4841,팁 : 개인 정보를 잘 관리하십시오.
4842,이 기능은 사용할 수 없습니다.
4843,년
4844,달
4845,(확인 후 재 작성할 수 없다. 잘 확인하시기 바랍니다.)
4846,지형 블록은 소형 블록을 사용할 수 없습니다.
4847,이벤트 시간이 아니다. 사용할 수없는
4848,@Null@
4849,상점이 일시적으로 폐쇄되었습니다
4850,1 월
4851,2 월
4852,3 월
4853,4 월
4854,5 월
4855,6월
4856,7월
4857,8 월
4858,9 월
4859,10 월
4860,11 월
4861,12 월
4862,<
4863,@Null@
4864,@Null@
4865,@Null@
4866,@2 × @3  교환 @1 사용합니다. 확인?
4867,미니보고
4868,소유
4869,상환 기록
4870,상환 횟수
4871,아이템
4872,시간
4873,수량
4874,소모
4875,수량 확인
4876,상환 가능
4877,상환
4878,상환 확인
4879,받을
4880,선택해 주십시오
4881,스킬 쿨당둔
4882,로그인
4883,나가기
4884,UID 신청
4885,숫자를 입력하십시오
4886,한 게임 더
4887,참여
4888,집주인이 한 게임을 더 하기 위해 당신을 초청합니다.
4889,집주인이 방을 재개설 중입니다. 잠시 기다려주십시오
4890,참고: 정원의 과일 속성에 #c0aaa1a 작은 콩 #n을 사용할 수 있으며 이를 통해 보너스를 받고 수집한 큐브의 잠금을 해제할 수 있습니다.
4891,계정에 추가
4892,잠금 해제를 성공하였습니다
4893,파편이 충분치 않습니다
4894,"원거리 방어: @1, @2%가 받는 원거리 대미지를 감소시킵니다"
4895,"요소 방어: @1, @2%가 받는 요소 대미지를 감소시킵니다"
4896,알 수 없음
4897,현재 시각이 잠겨 있습니다
4898,선장이 가슴을 준비 했어.
4899,@Null@
4900,진행
4901,나가기
4902,#cef2d2d많은#n 사람들이 맵 다운로드를 위해 대기 중입니다(@1s)
4903,갤러리 상태(@1 @2#n)
4904,이용 가능
4905,혼잡
4906,가득
4907,@Null@
4908,"입력한 활성화 코드가 정확하지 않습니다, 이를 확인해 주십시오."
4909,"현재 플랫폼에서 이용이 불가능한 활성화 코드입니다, 선물 팩에 대한 내용을 확인해 주십시오."
4910,"현재 버번에서 이용이 불가능한 활성화 코드입니다, 선물 팩에 대한 내용을 확인해 주십시오."
4911,해당 선물 팩은 한 번만 교환이 가능합니다.
4912,활성화 코드가 만료되었습니다.
4913,선물 팩이 만료되었습니다.
4914,오늘 교환할 선물 팩의 수가 최대 제한에 도달하였습니다.
4915,교환할 선물 팩의 수가 최대 제한에 도달하였습니다.
4916,오늘 교환할 선물 팩의 수가 최대 제한에 도달하였습니다.
4917,교환할 선물 팩의 수가 최대 제한에 도달하였습니다.
4918,"현재 플랫폼에서 이용이불가능한 선물 팩입니다, 선물 팩에 대한 내용을 확인해 주십시오."
4919,"현재 버전에서 이용이 불가능한 선물 팩입니다, 선물 팩에 대한 내용을 확인해 주십시오."
4920,해당 선물 팩을 더 이상 요청할 수 없습니다. 내일 다시 시도하십시오
4921,해당 선물 팩을 더 이상 요청할 수 없습니다
4922,해당 선물 팩을 더 이상 요청할 수 없습니다. 내일 다시 시도하십시오
4923,해당 선물 팩을 더 이상 요청할 수 없습니다
4924,잘못된 인증 코드
4925,해당 활성화 코드는 다른 사용자가 사용 중입니다. 새로운 코드를 입력하십시오
4926,해당 플랫폼에서는 이용이 불가능합니다
4927,교환할 선물 팩의 수가 최대 제한에 도달하였습니다.
4928,미니 캠틴의 도움말 #c0aaa1a지불 없이#n 모험을 계속할 수 있습니다!
4929,미니 캡틴이 당신을 위해 작은 선물을 준비하였습니다
4930,선물 팩 교환
4931,재충전
4932,무료 재충전
4933,무료로 얻으십시오
4934,네트워크 환경 확인
4935,현재 모바일 데이터 네트워크에 연결되어 있습니다. 광고 확인은 모바일 데이터를 사용하게 됩니다. 계속하시겠습니까?
4936,지금 실행
4937,1회
4938,1: 기본 설정
4939,#cFFFFFF앞으로#n 이동\n
4940,#cFFFFFF마우스 슬라이드#n
4941,좌측으로
4942,우측으로
4943,뒤로
4944,(좌측 마우스) 공격/파괴
4945,(우측 마우스) 아이템 사용
4946,시야\n 회전
4947,시야\n 회전
4948,2: 고급 설정
4949,(B) 가방 열기
4950,1-8의 빠른 슬롯
4951,(좌측 마우스) 아이템 선택
4952,(우측 마우스) 아이템 사용
4953,3: 기타 설정
4954,페이지 전환
4955,도움말 F3 탭
4956,생략 ESC 탭
4957,계속 스페이스 바 탭
4958,키 설명(기본)
4959,"#cbdefe7[~] #cefe2bd 조준경과 마우스 #cfae52f[마우스 왼쪽 버튼] #cefe2bd 공격, 길게 눌러 블록을 파괴합니다#cfae52f[마우스 오른쪽 버튼] #cefe2bd 블록을 배치하고 블록/NPC와 상호 작용합니다 #c1affda[마우스 휠] #cbdefe7 소품 막대 블록 선택 #c1affda [마우스 움직임] #cbdefe7 카메라 이동 #c1affda[W A S D] #cbdefe7 캐릭터가 좌우로 앞뒤로 움직입니다#cfae52f[L-Shift] 스텔스, 마운트, 플라이, 하강 #cfae52f[Space] #cefe2bd점프, 상승(플라이, 수영) #cfae52f[두 번 클릭 Space] 비행 #cefe2bd(생성 모드) #cfae52f[1~8] 소품 #cefe2bd 바로 가기 막대 1 - 8 #c1affda [L-Ctrl] #cfae52f"
4960,원하는 캐릭터를 선택하세요
4961,계속을 클릭합니다
4962,계속할 수 있는 공간
4963,거르다
4964,새 작업이 있습니다.
4965,공유
4966,#cf1cfff[ESC]#n온/오프 설정 인터페이스#cf1cfff[탭]#n플레이어 목록#cf1cfff[J]#n개발자 도구 #cf1cfff[V]#n자동 정렬(백팩 바)#cf1cfff[F1]#n도움말 #cf1cfff[F2]#n온/오프 녹화 #cf1cfff[F5]#n스위치 보기 각도 #cf1cfff[F9]#n인터페이스 숨기기 #cf1cfff[F10] #n스크린샷 #cf1cfff[F11]#n전체 화면#cf1cfff[C]#n상태 보기#cf1cfff[입력]#n채팅#cf1cfff[R]#n변경 매거진
4967,#cf1cfff[H]#n 마운트 #cf1cfff[M]#n 미니맵#cf1cfff[L] #n 임무#cf1cfff\[I]#n창고#cf1cfff[O]#n[P]#n[[[]]#n 음성 채팅#cf1cfff[F] #n 친구 #cf1cfff[X] #n 액션 #cf1cfff[Y] #n라이브러리#cf1cfff[Z] #n변형
4968,고급 편집 모드 바로 가기#cfae52f[F4]#cefe2bd실행/편집#cfae52f[Ctrl+Z]#cefe2bd실행 취소#cf1cfff[Ctrl+Y]#cefe2bd복원#cfae52f[J]#cefe2bd게임 플레이#cfae52f[T]#cefe2bd#cfae52f[U]#cefe2bd인터페이스 #cfae52f[Y]#cefe2bd라이브러리/리소스 워크샵#cfae52f[L]#cefe2bdLUA 스크립트 #cfae52f[탭]#cefe2bd 도구 만들기/브러시/선택 도구 #cfae52f[Ctrl+1]#cefe2bd도구 - 생성#cfae52f[Ctrl+2]#cefe2bd도구 - 브러시 #cfae52f[Ctrl+3]#cefe2bd도구 - 빠른 색상을 위해 브러시 모드를 선택합니다#n[#cfae52f마우스 휠]#cefe2bd색상
4969,커스텀 맵을 재설정 하였습니다. 모든 허가가 유효합니다
4970,더 많은 지도
4971,다양한 재미있는 맵들이 있는 갤러리#R#c0aaa1a를 살펴보게 될 것입니다
4972,광고 재생이 실패 보너스는 受取ら 않는다
4973,광고 구성 오류
4974,과일 숙성 시간을 단축합니다 @1
4975,m
4976,s
4977,광고는 준비중
4978,자유 모드가 확인되었습니다. 손상 방지를 위해 보관소 #c0aaa1a백업#n을 권장합니다. 백업 후 지금 방을 생성하시겠습니까?
4979,속도 증가
4980,고아고가 아직 준비되지 않았습니다.
4981,허가를 요청합니다
4982,지붖인이 요청을 수령하였습니다. 이후 다시 시도하십시오.
4983,요청을 승인하였습니다.
4984,요청을 거절하였습니다.
4985,주인이 전화를하거나 기다리고 있습니다.
4986,@Null@
4987,@Null@
4988,@Null@
4989,@Null@
4990,@Null@
4991,@Null@
4992,@Null@
4993,@Null@
4994,거부
4995,수용
4996,허가를 요청합니다
4997,#R방문자
4998,무료
4999,접속:
5000,플랩폼을 전환할 수 없습니다. #c0aaa1a@1#n으로 가서 게임을 다운로드 받으십시오.
5001,@Null@
5002,@Null@
5003,@Null@
5004,@Null@
5005,@Null@
5006,@Null@
5007,@Null@
5008,@Null@
5009,@Null@
5010,@Null@
5011,@Null@
5012,@Null@
5013,@Null@
5014,@Null@
5015,@Null@
5016,@Null@
5017,@Null@
5018,@Null@
5019,@Null@
5020,@Null@
5021,@Null@
5022,@Null@
5023,@Null@
5024,@Null@
5025,@Null@
5026,@Null@
5027,@Null@
5028,@Null@
5029,@Null@
5030,@Null@
5031,@Null@
5032,@Null@
5033,@Null@
5034,@Null@
5035,@Null@
5036,@Null@
5037,@Null@
5038,@Null@
5039,@Null@
5040,@Null@
5041,@Null@
5042,@Null@
5043,Google
5044,@Null@
5045,@Null@
5046,@Null@
5047,@Null@
5048,@Null@
5049,@Null@
5050,@Null@
5051,@Null@
5052,@Null@
5053,@Null@
5054,@Null@
5055,@Null@
5056,@Null@
5057,@Null@
5058,@Null@
5059,@Null@
5060,@Null@
5061,@Null@
5062,@Null@
5063,@Null@
5064,@Null@
5065,@Null@
5066,@Null@
5067,@Null@
5068,@Null@
5069,@Null@
5070,@Null@
5071,@Null@
5072,@Null@
5073,@Null@
5074,@Null@
5075,@Null@
5076,@Null@
5077,@Null@
5078,@Null@
5079,@Null@
5080,@Null@
5081,@Null@
5082,@Null@
5083,@Null@
5084,@Null@
5085,@Null@
5086,@Null@
5087,@Null@
5088,@Null@
5089,@Null@
5090,@Null@
5091,@Null@
5092,@Null@
5093,@Null@
5094,@Null@
5095,@Null@
5096,@Null@
5097,@Null@
5098,@Null@
5099,@Null@
5100,@Null@
5101,@Null@
5102,@Null@
5103,@Null@
5104,@Null@
5105,@Null@
5106,@Null@
5107,@Null@
5108,@Null@
5109,@Null@
5110,@Null@
5111,@Null@
5112,@Null@
5113,@Null@
5114,@Null@
5115,@Null@
5116,@Null@
5117,@Null@
5118,@Null@
5119,@Null@
5120,@Null@
5121,@Null@
5122,@Null@
5123,@Null@
5124,@Null@
5125,@Null@
5126,@Null@
5127,@Null@
5128,@Null@
5129,@Null@
5130,@Null@
5131,@Null@
5132,@Null@
5133,@Null@
5134,@Null@
5135,@Null@
5136,@Null@
5137,@Null@
5138,@Null@
5139,@Null@
5140,@Null@
5141,@Null@
5142,@Null@
5143,@Null@
5144,@Null@
5145,@Null@
5146,@Null@
5147,@Null@
5148,@Null@
5149,@Null@
5150,@Null@
5151,@Null@
5152,@Null@
5153,@Null@
5154,@Null@
5155,@Null@
5156,@Null@
5157,@Null@
5158,@Null@
5159,@Null@
5160,@Null@
5161,@Null@
5162,@Null@
5163,@Null@
5164,@Null@
5165,@Null@
5166,@Null@
5167,@Null@
5168,@Null@
5169,@Null@
5170,@Null@
5171,@Null@
5172,@Null@
5173,@Null@
5174,@Null@
5175,@Null@
5176,@Null@
5177,@Null@
5178,@Null@
5179,@Null@
5180,@Null@
5181,@Null@
5182,@Null@
5183,@Null@
5184,@Null@
5185,@Null@
5186,@Null@
5187,@Null@
5188,@Null@
5189,@Null@
5190,@Null@
5191,@Null@
5192,@Null@
5193,@Null@
5194,@Null@
5195,@Null@
5196,@Null@
5197,@Null@
5198,@Null@
5199,@Null@
5200,@Null@
5201,데이터 조회
5202,게임을 계속합니다
5203,(이메일을 입력하십시오)
5204,@Null@
5205,@Null@
5206,@Null@
5207,@Null@
5208,@Null@
5209,@Null@
5210,@Null@
5211,@Null@
5212,@Null@
5213,@Null@
5214,@Null@
5215,@Null@
5216,@Null@
5217,@Null@
5218,@Null@
5219,@Null@
5220,@Null@
5221,@Null@
5222,@Null@
5223,@Null@
5224,이전 페이지(←)
5225,(→)다음 페이지
5226,@1m 이내에 있습니다
5227,@1m를 벗어나 있습니다
5228,해당 친구가 제한에 도달하였습니다
5229,해당 칭구의 요청이 제한에 도달하였습니다
5230,@Null@
5231,@Null@
5232,@Null@
5233,@Null@
5234,@Null@
5235,@Null@
5236,보여주기
5237,도구의 잠금 해제는 과채에서 가능합니다
5238,그림자
5239,반사
5240,다시 불러오기
5241,보기
5242,화면 설정
5243,표준
5244,고화질
5245,극단적
5246,커스텀
5247,효과 옵션
5248,안개 효과
5249,수중 가성
5250,체적 광선
5251,다이나믹 스카이
5252,수동으로 화면 설정 조정
5253,다이나믹 플랜트
5254,컬러 필터
5255,투광 조명
5256,프레임률
5257,프레임 속도 표시
5258,구성 스위치 설정이 감지되면 카드가 전환됩니까?
5259,무제한
5260,부드러운
5261,높은
5262,그림자
5263,물의 반영
5264,다이내믹 라이트
5295,잠금 해제에 성공하였습니다 작은 콩 보너스 @1을 받습니다
5296,아바타 프레임 잠금 해제에 성공하였습니다
5297,아바타 프레임 변경에 성공하였습니다
5298,해당 아바타 프레임을 이미 사용 중입니다
5299,우선 해당 아바타 프레임을 얻어야 합니다
5300,기본 아바타 프레임
5301,Google
5302,Google
5303,Google
5307,@Null@
5310,@Null@
5312,@Null@
5313,@Null@
5336,@Null@
5344,APP Store
5345,@Null@
5346,@Null@
5347,@Null@
5348,@Null@
5349,Steam
5402,@Null@
5410,@Null@
5411,@Null@
5993,@Null@
5994,@Null@
5995,@Null@
5996,@Null@
5997,@Null@
5998,@Null@
5999,@Null@
6000,작은/큰/황금 과일 숙성은 1/5/10 진행을 증가시킵니다
6001,제한된 구매
6002,초기 황금 과일 보상이 없습니다
6003,정원 선물 상자가 없습니다. 레벨이 충분하지 않습니다.
6004,정원 선물 상자를 요구하였습니다
6005,더 많은 과일을 숙성시켜야 합니다
6006,정원 노점이 존재하지 않습니다
6007,정원 노점 상품이 존재하지 않습니다
6008,노점 상품이 최대 제한에 도달하였습니다
6009,현재 과정
6010,#R보너스가 두배 입니다
6011,나무(사각)
6012,나무(원형)
6013,Internal network verification success
6014,Online
6015,Binding IP error
6016,Device num error
6017,Login error
6018,The account cannot have Spaces
6019,@Null@
6020,@Null@
6021,@Null@
6022,@Null@
6023,@Null@
6024,@Null@
6025,보관소
6026,해당 플레이어는 현재 공유하고 있는 내용이 없습니다
6027,선
6028,색상 선택
6029,최근 사용한 색상
6030,맵
6031,최근의
6032,공식
6033,플레이어
6034,현재 색상
6035,빨간색
6036,핑크색
6037,자홍색
6038,자주색
6039,감청색
6040,파란색
6041,담청색
6042,하늘색
6043,청록색
6044,녹색
6045,연두색
6046,옅은 녹색
6047,노란색
6048,치자색
6049,오렌지색
6050,주색
6051,갈색
6052,회색
6053,검정색
6054,흰색
6055,색상
6056,색상 번호
6057,맵 공유
6058,요약
6059,저작자는 본인을 소개하지 않았습니다
6060,평가 없음
6061,평가 선택
6062,새로운 평가
6063,이벤트
6064,기술
6065,(맵 관리@CN)
6066,나의 작업
6067,나의 구독
6068,나의 구매
6069,나의 지갑
6070,이곳을 클릭하여 최신 작업 내용을 살펴보십시오
6071,당신이 가입한 저작자의 상태를 확인하십시오
6072,코인으로 잠금을 해제한 맵을 확인하십시오
6073,추가 내용을 위한 공인 인증 적용
6074,드레스 업
6075,이곳을 클릭하여 주제를 입력하십시오
6076,이곳을 클릭하여 내용을 입력하십시오
6077,저작자
6078,주제는 40자를 초과하여서는 안 됩니다
6079,내용은 800자를 초과하여서는 안 됩니다
6080,마우스 중간 버튼을 클릭하여 PC 버전의 색상을 복사하십시오
6081,큐브를 지정한 후 즉시 탭하여 모바일 버전의 색상을 복사하십시오
6082,이 곳을 탭하여 저작자의 자기 소개를 확인하십시오
6083,패스워드 찾기
6084,이메일 확인
6085,패스워드 재설정을 요구하였습니다. 우선 이메일 주소를 확인해 주십시오
6086,이메일
6087,이메일 주소가 잘못되었습니다
6088,해당 이메일은 어떠한 UID에도 연결되어 있지 않습니다
6089,잘못된 캡차
6090,PC 버전의 커다란 방
6091,해당 맵을 열기 위해서는 @명 이상의 플레이어가 필요합니다. 설정을 변경하십시오
6092,컴퓨터 사양에 따라 플레이어 수는 @명으로 설정할 것을 권장합니다
6093,현재 네트워크 성능을 검사 중입니다
6094,검사 수행
6095,속성 확인
6096,백뷰(제 3자 관점)
6097,사이드 뷰
6098,쿼터 뷰
6099,십자선 참조
6100,화면 중앙 십자선
6101,캐릭터 얼굴 방향
6102,이동 제한
6103,좌&우만
6104,위&아래만
6105,UDLR만
6106,전방향
6107,모드
6108,캐릭터 추적
6109,자유 모드
6110,뷰 회전
6111,양자 모두
6112,어느 쪽이든
6113,캐릭터 회전(뷰는 회전하지 않음)
6114,뷰 회전(캐릭터는 회전하지 않음)
6115,회전 제한
6116,추적 이동
6117,이동 시 캐릭터는 회전하지 않습니다
6118,이동 시 캐릭터가 회전합니다
6119,뷰 검사
6120,태만
6121,뷰
6122,생존 모드에서 무작위 산란 가능
6123,생존 모드에서 무작위 산란 불가
6124,무작위 산란 포인트(#c0aaa1a켬#n)
6125,무작위 산란 포인트(#cef2d2d끔#n)
6126,(생존 맵의 무작위 산란 지점)
6127,(생존 맵의 비무작위 산란 지점)
6128,세계 설정
6129,초기 설정
6130,게임 목표
6131,팀 설정
6132,디스플레이 설정
6133,맵 시간
6134,현재 시간
6135,잠금 시간
6136,배치 허가
6137,사용 허가
6138,파괴 허가
6139,날씨
6140,옵션
6141,해&비 교차
6142,해&비 교차
6143,비
6144,몬스터 생성
6145,몬스터 생성
6146,동물 생성 여부
6147,중력 설정
6148,복합 중력
6149,참여 제한
6150,현재 게이머
6151,구성원
6152,시작
6153,승인 허가
6154,집주인 개방
6155,선수는 충분하다
6156,자동 개방
6157,게임 시간
6158,시간 제한 여부
6159,현재 시간
6160,승리 조건
6161,점수
6162,팀 승리
6163,팀 패배
6164,점수 설정
6165,플레이어를 죽일 때 점수
6166,몬스터를 죽일 때 점수
6167,별을 수집할 때 점수
6168,목표 점수
6169,도달 점수
6170,현재 점수
6171,커스텀 모드에서 재설정 후 나가기
6172,재설정 여부
6173,팀 수
6174,현재 수
6175,공격 모드
6176,팀들 간 공격
6177,플레이어 공격 금지
6178,자유 공격
6179,뷰 설정
6180,메인 뷰
6181,뒷면 뷰
6182,전면 뷰
6183,쿼터 뷰 잠금
6184,커스텀 뷰 잠금
6185,뷰 잠금
6186,맵 표시
6187,다른 팀 확인 가능
6188,다른 팀 확인 불가
6189,이름 표시
6190,모두 확인 가능
6191,자기 팀만 확인 가능
6192,적 팀만 확인 가능
6193,모두 확인 불가
6194,십자선
6195,표시
6196,점수 및 시간
6197,가능한 배틀 팁
6198,배경 음악
6199,사망 시 드롭
6200,일반 드롭
6201,가방 비우기
6202,아이템 보유
6203,생명 제한 여부
6204,현재 생명 수
6205,부활 간격
6206,부활 보호
6207,산란 포인트 규정
6208,무작위 팀 지점으로 부활
6209,근처 팀 지점으로 부활
6210,부활 설정
6211,최소 플레이어 수
6212,기타 설정
6213,원하는 위치로 뷰 이동 ~ 키를 눌러 마우스로 변환하십시오
6214,복귀 버튼을 클릭하여 검사 후 저장하십시오. ~ 키를 눌러 마우스로 변환하십시오
6215,공유 전에 친구를 1명 이상 추가하십시오
6216,이곳에서 자기 소개를 변경하십시오
6217,유효하지 않은 활성화 코드
6218,확대
6219,확대
6220,없음
6221,천장을 기어 가십시오
6222,태양에서 나오는 그림자를 향해 가십시오
6223,태양으로 가는 길을 찾으십시오
6224,수영 가능
6225,물로 가는 길을 찾으십시오
6226,비행
6227,가까운 문 통과 가능
6228,목표의머리 위로 점프하십시오
6229,점프 공격
6230,회피율
6231,불에 대한 면역
6232,숨겨진 장소를 찾으십시오
6233,태양 아래 있을 때 대미지를 받습니다
6234,생명체를 받쳐 주십시오
6235,블록으로 유인
6236,밤의 스토킹
6237,구경꾼
6238,한 곡 추시겠습니가?
6239,행진을 시작하십시오!
6240,블록에 대한 반응
6241,대미지 후 달아나기
6242,항상 졸립습니다
6243,이기십시오!
6244,식품을 따라가십시오
6245,공유하십시오
6246,소극적
6247,생명체의 독특한 특징
6248,생명체 선택
6249,지지율
6250,블록 선택
6251,접근율
6252,접근 속도
6253,스토킹 비율
6254,시야 차단
6255,쫓아가는 속도
6256,식품 선택
6257,유인 범위
6258,춤 범위
6259,친구 수
6260,춤을 추는 비율
6261,춤을 추는 시간
6262,생명체 선택
6263,추방률
6264,추방력
6265,블록 선택
6266,반응률
6267,접근 속도
6268,검색 범위
6269,파괴나 사용
6270,트리글 HP
6271,취침률
6272,취침 시간
6273,생명체 선택
6274,공격률
6275,쫓아가는 속도
6276,식품 선택
6277,이동을 통한 도발
6278,검색 범위
6279,시간
6280,예
6281,아니오
6282,조각
6283,초
6284,휴식
6285,사용
6286,있다#c0aaa1a%s#n확률이 가까워요#c0aaa1a%s#n
6287,매우 좋아한다#c0aaa1a%s#n，있다#c0aaa1a%s#n확률이 다가오다
6288,"저녁에 만약 노리개를 만나면, 한토막 거리를 따라간다"
6289,손에 들고 있을 거예요#c0aaa1a%s#n의 노리개
6290,"만약#c0aaa1a%s#n범위 내의 동종 수가 초과되다#c0aaa1a%s#n자, 같이 춤 출 수 있다"
6291,있다#c0aaa1a%s#n확률 이 근근 이다#c0aaa1a%s#n발로 차라!
6292,있다#c0aaa1a%s#n확률#c0aaa1a%s#n#c0aaa1a%s#n범위 내적#c0aaa1a%s#n
6293,생명이 되다#c0aaa1a%s#n도망가다
6294,있다#c0aaa1a%s#n확률 조금 자요
6295,있다#c0aaa1a%s#n확률 이 맞다#c0aaa1a%s#n공격 을 발기 하다
6296,손에 들고 있을 거예요#c0aaa1a%s#n적플레이어가다
6297,노려보다#c0aaa1a%s#n범위 내의 플레이어 가 보다
6298,느끼는 속도
6299,AI 특징의 수는 20이하여야 합니다.
6300,생명체 특징
6301,특징
6302,매개변수 설정
6303,Dev 모드
6304,지역 모드
6305,지형
6306,유형
6307,"코드를 잊어버릴 경우, 무작위로 재생"
6308,일반 모드
6309,모험 모드
6310,생성 모드
6311,고전
6312,하드코어
6313,무작위
6314,방대한
6315,평야
6316,블록을 선택해 주십시오
6317,생명체를 선택해 주십시오
6318,식품을 선택해 주십시오
6319,저장 파일 명
6320,크기 설정
6321,지형 선택
6322,풍경 선택
6323,플러그인 선택
6324,새로운 기능
6325,식물 블록
6326,기능성 블록:
6327,고체 블록
6328,플러그인
6329,플러그인 선택
6330,플레이어가 죽은 후
6331,생명 제한
6332,iOS 친구를 초대하십시오!1친구들이 iOS버전을 다운로드 받도록 초대하고 아래의 초대자 UID란에 당신의 UDI를 입력하도록 하십시오. 보상과 멋진 보너스를 받을 것입니다!2 성공적인 초대 보상을 위해 초대받은 사용자는 #cfa7a0f24시간 이내에 링크된 이메일로 본인의 UID를 전송해야 합니다#n.3 새로 등록한 플레이어는 하나의 초대자 UID만 입력할 수 있습니다
6333,각플레이어는 목숨을 한 개 가지고 있지만 죽기는 수천 번 죽습니다. 당신의 삶을 소중히 여기십시오!
6334,가입
6335,가입
6336,지역 모드
6337,고전적입니다!
6338,공식서버
6339,본 맵을 다운받아 방을 개설할 수 있습니다
6340,최대 6개 롤러 코스터를 놓을 수 있습니다
6350,당신은 iOS 버전의 초보자가 아닙니다
6351,잘못된 UID를 입력하였습니다
6352,당신의 UID를 입력해 주십시오
6353,"당신이 입력한 UID는 @1 입니다, 이를 제출하시겠습니까?"
6354,요청 전송 완료 보너스를 나중에 찾아가십시오
6355,죄송하지만 당신은 초보자가 아닙니다
6356,아직 어떠한 이메일에도 연결하지 않았습니다
6357,이미 본 보너스를 교환해 갔습니다
6358,잘못된 UID를 입력하였습니다
6359,ET가 서버를 납치했습니다. 이후 다시 한 번 시도하십시오
6360,Ios 장치에 로그인 하십시오
6361,입력한 UID를 다른 플레이어가 요청하였습니다
6362,입력한 UID가 24시간 후에 반환됩니다
6363,관련 요구사항을 충족시키지 못하였습니다
6364,문자에 색상을 적용하지 않도록 합니다. 색상 효과를 제거한 후 다시 전송할 수 잇습니다
6365,치명타
6366,2중 공격
6367,3중 공격
6368,엄청난 공겨
6369,멈출 수 없는 공격
6370,우세적
6371,몬스터 공격
6372,광란
6373,신과 같음
6374,엄청남
6375,플레이어가 아닌 발사 무기 차단
6376,설명
6377,기능
6378,뇌우
6379,나쁜 날씨
6380,눈
6381,모래폭풍
6382,폭풍
6383,눈보라
6500,손으로 치기
6501,손으로 치기에 대한 설명
6502,손으로 파기
6503,손으로 파기에 대한 설명
6504,드릴 파기
6505,드릴 파기에 대한 설명
6506,불지르기
6507,불지르기에 대한 설명
6508,쟁기질
6509,쟁기질에 대한 설명
6510,강력한 공격
6511,강력한 공격에 대한 설명
6512,개 소환
6513,개 소환에 대한 설명
6514,점화
6515,점화에 대한 설명
6516,화살 쏘기
6517,화살 쏘기에 대한 설명
6518,치료
6519,치료에 대한 설명
6520,텔레포트
6521,텔레포트에 대한 설명
6522,빵 생산
6523,빵 생산에 대한 설명
6524,생명체 테이크 다운
6525,생명체 테이크 다운에 대한 설명
6526,내구성이 충분하지 않습니다!
6527,굶주림이 충분하지 않습니다!
6528,불충분!
6529,@Null@
6530,@Null@
6531,@Null@
6532,@Null@
6533,@Null@
6534,@Null@
6535,@Null@
6536,@Null@
6537,@Null@
6538,@Null@
6539,@Null@
6540,@Null@
6541,@Null@
6542,@Null@
6543,@Null@
6544,@Null@
6545,@Null@
6546,@Null@
6547,@Null@
6548,@Null@
6549,@Null@
6550,@Null@
6551,생명체
6552,큐브
6553,기타
6554,페이스북 연결
6555,페이스북 계정
6556,"주의#r1.패스원드나 UID를 잊어버렸을 경우, 페이스북 계정으로 전환할 수 있습니다#r2.1 UID를 1 개의 Facebook 계정으로 바인딩 할 수 있도록 허용하십시오. AnoTher UID를 바인딩하려는 경우 바인딩하십시오"
6557,페이스북 계정 전환
6558,"1진행 전, 현재 UID에 대한 패스워드를 설정해야 하며 그렇지 않을 경우 계정을 잃게 됩니다!#r2로그인 할 해당 페이스북 계정이 UID와 연결되지 않을 경우, 페이스북 계정에 자동으로 연결되는 UID를 받습니다"
6559,FB 로그인
6560,UID/이메일
6561,유효하지 않은 UID/이메일
6562,페이스북 로그인 성공
6563,페이스북 로그인 취소
6564,페이스북 로그인 실패
6565,해당 페이스북 계정을 이미 사용 중입니다
6566,로그인
6567,@Null@
6568,초기화하지 못했습니다. 모바일 네트워크 및 Google Play 결제 설정을 확인하십시오.
6569,"충전 실패, Google Play 결제 설정 확인"
6570,회로망
6571,팻
6572,고급 모드
6573,미니 월드를 즐겨주십시오!
6574,극하느이 도전을 위한 기회는 한 번 뿐입니다
6575,당신만의 세계를 만드십시오
6576,"무작위 세계, 모든 세계에서의 새로운 경험"
6577,경계가 없는 세계 및 지역 설정
6578,플러그임 선택
6579,플러그인 로등
6580,고급 물리학
6581,고급 물리학 타이틀
6582,고급 물리학 설명
6583,고급 물리학 설정
6584,"Max Blocks, Creatures and Items Plugin은지도 당 300 개입니다."
6585,센서 블록
6586,수퍼 트리거 블록
6587,지도 안정성
6588,물리적 특성이 너무 많은 항목은 게임 지연을 유발할 수 있습니다 (설정에서 표시를 사용 중지 할 수 있음).
6599,항목을 삭제하는 데 실패했습니다.
6600,장비 라이브러리
6975,북 메이킹 워크 벤치
6976,고장
6977,도서 분해
6978,이 상자에 선택한 책 놓기
6979,분류를 클릭하여 책을 분해합니다.
6980,선박
6981,도서 정보
6982,@Null@
6983,@Null@
6984,@1의 책
6985,@Null@
6986,도서 이름
6987,저자
6988,소개
6989,외관
6990,공예 도서
6991,시작
6992,가죽 스크롤을 선택하고 왼쪽에서 오른쪽 순서대로 배치합니다.
6993,책 분류에서 가죽 스크롤 지우기
6994,책을 선택하고 오른쪽 상자에 넣으십시오.
6995,배낭이나 단축 바에 사용 가능한 공간이 없습니다.
6996,이전에 만들어진 책을 배낭에 넣어 라.
6997,도서 정보의 도서 이름 및 저자 정보 입력
6998,도서 정보의 저자 정보 입력
6999,도서 정보에 도서 이름 입력
7000,가죽 두루마리 두 개 이상 입력하여 책 제작
7001,@Null@
7002,@Null@
7300,돌아 가기
7301,창고가 가득차면 정리하고 보상을 받으십시오.
7302,취소
7303,청소를하려고합니다.
7304,귀하의 창고가 가득 차고 일부 보상은 이메일로 발송됩니다.
7305,모두
7306,특징
7307,파편
7308,추출 가능
7309,창고 용량 :
7310,마운트가 한계에 도달했습니다. 업데이트가 완료 될 때까지 기다려주십시오.
7311,최대 문자 수에 도달했습니다. 버전 업데이트가 완료 될 때까지 기다려주십시오.
7312,최대 드레스 수에 도달했습니다. 업데이트가 완료 될 때까지 기다려주십시오.
7313,삽화가 들어있는 책의 수가 제한에 도달했습니다. 버전 업데이트가 완료 될 때까지 기다려주세요.
7314,성공적으로 복구 됨
7315,계정에 추가됨
7316,복구 총 수입 :
7317,다음 항목은 재생됩니다 (잠금 해제 된 항목 만).
7318,인벤토리가 가득 찼습니다.
7319,재고가 가득 찼습니다. 추가 보상이 우편으로 발송됩니다. 재고 정리 후 사용할 수 있습니다.
7320,창고가 가득 차 있습니다. 청소하십시오.
7321,네트워크에 연결할 수 없습니다.
7322,일시적으로지도를 검색했습니다. 네트워크 상태를 확인한 후 다시 시도하십시오.
7323,워크샵의 온라인 상태를 가져 오지 못함
7324,확인 코드
7325,"인증 코드는 '입니다.확인 코드 유효 기간 :@1, 5 분 이내."
7500,기록 설정
7501,지도 호스트가 아니며 레코드 기능을 사용할 수 없습니다.
7502,보관 파일이 가득 차면 먼저 정리하십시오.
7503,저장된 레코드
7504,"기록 보관소 가득 차있, 기록 기능은 무능하게했다"
7505,데이터 저장 공간이 가득 찼습니다. 레코드 기능이 비활성화되었습니다.
7506,50Mb 미만의 데이터 저장 용량
7507,남은 녹음 시간은 1 분 미만입니다.
7508,"아카이브 전체 기록, 저장된 레코드"
7509,재생 검토 중
7510,재생 속도
7511,카메라 설정이 저장되지 않았 으면 닫으면 설정을 잃게됩니다. 계속 하시겠습니까?
7512,자막 설정이 저장되지 않았 으면 닫으면 설정을 잃게됩니다. 계속 하시겠습니까?
7513,음악 설정이 저장되지 않았 으면 닫으면 설정을 잃어 버릴 것입니다. 계속 하시겠습니까?
7514,내 비디오
7515,다운로드 된 레코드
7516,모든 자료실
7517,레코드 편집
7518,재생 기록
7520,놀이
7521,중지
7522,기록 시작
7523,기록을 중지하고 저장 하시겠습니까? #r(레코드 아카이브에 레코드 저장)
7524,저장된 카메라 설정
7525,카메라 설정 편집
7526,연결된 카메라
7527,카메라 설정을 편집하기 전에 카메라 설정을하십시오.
7528,방향
7529,시작 시간
7530,카메라 설정을 편집하기 전에 자막을 설정하십시오.
7531,카메라 설정을 편집하기 전에 음악 설정을하십시오.
7532,@Null@
7533,카메라를 삭제하면이 카메라의 모든 설정이 지워지므로 삭제 하시겠습니까?
7534,기록 시작
7535,"기록 종료, 저장 완료"
7536,레코드 편집을 종료 하시겠습니까?
7537,레코드 보관 기능이 현재 닫혀 있습니다.
7538,레코드 보관 기능이 열려 있습니다.
7539,@Null@
7540,자막 편집
7541,본문
7542,글자 크기
7543,정도
7544,탑 센터 정렬
7545,중앙 정렬
7546,하단 맞춤
7547,큰
7548,중간
7549,작은
7550,에
7551,이 자막을 삭제 하시겠습니까?
7552,음악 편집
7553,음악
7554,반복
7555,미리보기를 종료 하시겠습니까?
7556,음악 선택
7557,아래 음악을 선택하십시오.
7558,이 음악을 삭제 하시겠습니까?
7559,미리보기 재생 중
7560,미리보기가 끝났습니다. 다시 재생 하시겠습니까?
7561,텍스트 입력이 잘못되었습니다. 다시 시도하십시오.
7562,지도보기
7563,기록 작성자
7564,지도 작성기
7565,다른 플레이어에게 카메라 기능 사용 가능
7566,지도 제작자가 카메라 기능을 사용 중지했습니다.
7570,기록
7571,보관 파일이 가득 차면 일부 레코드를 삭제하십시오.
7572,놀이
7573,시사
7574,카메라 추가
7575,효과 편집
7576,효과
7577,사진 필름
7578,거품
7579,구름
7580,은하
7581,흔들리는
7582,꽃잎
7583,"효과 편집 저장 안 함, 닫기 현재 편집을 모두 잃게됩니다, 닫으시겠습니까?"
7584,@1 레코드를 비디오 파일로 변환하고 장치 비디오 폴더에 저장 하시겠습니까? #비디오에 대한 예상 저장 용량은 @2입니다. 예상 변환 시간은 @3입니다.
7585,(참고 : 전환 기간은 레코드 길이와 관련이 있습니다. 잠시 기다려주십시오.)
7586,레코드 내보내기를 취소 하시겠습니까? 확인을 클릭하여 내보내기 기록을 종료합니다.
7587,"레코드 변환, @1이 걸릴 것으로 예상 됨"
7588,녹화 파일을 성공적으로 내보내고 비디오 폴더에 저장했습니다@1. 내보내기 인터페이스를 닫으십시오.
7589,이 기록은 이미 있습니다.
7590,수출 기록
7591,카메라 설정을 편집하기 전에 카메라 설정을하십시오.
7592,녹화를 중지하고 비디오 파일을 저장하시겠습니까? #r(비디오 파일은 시작 게임 - 지도 라이브러리에 저장됨)
7999,@Null@
8000,오염 지역
8001,첫 번째 게임은 안전 지역에서
8002,첫 번째 달리기는 안전한 시간으로
8003,게임에 참여하십시오
8004,오염 지역 설정
8005,지역
8006,비활성화
8007,"1. 고정 크기의 맵과 살기 위한 규칙을 적용합니다! 효과 적용을 위해 재로그인을 필요로 합니다.2. 빨간색 원 바깥쪽은 오염 지역이며 내부 흰색 원은 안전 지역입니다. 오염 지역에있는 사람들은 대미지를 받습니다. 3. 안전 시간 동안의 각 라운드 후, 오염 지역은 빨간색 원에서 흰색 원으로 옮겨가 새로운 안전 지역을 만듭니다. 안전 시간은 더욱 더 짧아지고 오염 지역에서의 대미지는 증가합니다."
8008,소유
8009,마운트 구매
8010,마운트 업그레이드
8011,다음 오염 지역을 축소합니다
8012,다음 오염 지역 축소를 완료합니다
8013,생존
8014,사용
8015,오염 지역을 축소합니다
8016,스킨 상점
8017,판매중!
8018,일반
8019,다음에 생성될 안전 지역
8020,안전 지역을 최소화합니다
8021,새로운 안전 지역을 형성합니다
8022,오염 지역을 축소합니다
8023,인간이 살아남았습니다!
8024,야만인이 통치하고 있습니다!
8025,"당신은 선택 받았습니다, 부활을 기다리시면, 야만인과 같이 다시 일서게 될 것입니다. 다른 플레이어들은 달릴 수 있다면 달리십시오!"
8026,"야만인으로 변신, 행운의 승자가 되기 위해 돌진하십시오!"
8027,팀원들은 생명 포인트를 공융합니다
8028,승자가 되어서 나는 만찬을 즐기리라.
8029,계속 노력하자!
8030,순위
8031,패배
8032,순위
8033,"본 방의 중간 참여는 불가능 합니다, 다른 방을 찾아보십시오."
8034,안전 지역 밖에서는 무릎을 꿇게 됩니다.
8035,무작위 공급의 경우
8036,테이크 다운.
8037,볼 자유
8038,화면을 따르십시오.
8039,전환 가능
8040,시계 유형
8041,떠나는
8042,보고있는
8043,@self 레이저로 녹아서 ...
8044,리셋 모드에서는 비활성화는 적용되지 않습니다
8045,シ ョ ー ト カ ッ ト バ ー が い っ ぱ い
8046,@Null@
8047,@Null@
8048,라이트 체이스 프로그램
8200,@Null@
8499,@Null@
8500,@Null@
8501,기술 매개 변수 설정
8502,소품 기술
8503,:
8504,편집 중
8505,새로운 소품 기술
8506,소품 능력 선택
8507,유니버설
8508,미사일
8509,카테고리 3
8510,카테고리 4
8511,카테고리 5
8512,소품 기술 세트
8520,스킬 종류
8521,목표를 클릭
8522,어떤 대상 없습니다
8523,미사일 트리거
8524,키를 사용
8525,왼쪽 /포인트 ’화면
8526,오른쪽 /포인트 ’화면
8527,오른쪽 /버튼 사용
8528,충전 모드
8529,충전되지 않음
8530,충전이 해제 될 수 있습니다
8531,해제 채 웁니다
8532,자동으로 해제 채우기
8533,전하 이동 속도
8534,냉각 시간
8535,거리의 사용
8536,소비자 스타일
8537,내구성
8538,기아 값
8539,탄약
8540,소비 가치
8541,탄약
8542,대상 유형
8543,생물
8544,상자
8545,대상 종
8546,모든 생물
8547,괴물
8548,동물
8549,희귀 동물
8550,수생
8551,이동 도구
8552,마을 사람
8553,보스
8554,NPC가
8555,날짐승
8556,모든 사각형
8557,나무
8558,돌
8559,토양
8560,잎과 울
8561,정확한 목표
8562,대상 팀
8563,모든
8564,같은 팀
8565,다른 팀
8566,마크의 특수 유형
8567,범위 유형
8568,길이 범위
8569,폭 범위
8570,길이 범위
8571,폭 범위
8572,높이 범위
8573,효과 유형
8574,파괴
8575,장소
8576,교체
8577,떨어지는 여부
8578,빠지지 말라
8579,방울
8580,상자
8581,부상의 유형
8582,난투
8583,원격
8584,폭발
8585,불타는
8586,중독
8587,어둠
8588,손상 값
8589,노력을 격퇴
8590,강도를 노크
8591,소환
8592,전화 번호
8593,수행할지 여부
8594,따라하지 마세요
8595,팔로우
8596,기간
8597,상태 추가
8598,기간
8599,의 기회를 추가
8600,미사일
8601,초기 속도 보너스
8602,치료의 종류
8603,건강
8604,굶주림
8605,기아 지구력
8606,단위체
8607,광선
8608,3 차원
8609,산소 값
8610,수치 처리
8611,충전 시간
8612,소품 기술에 대한 설명입니다.
8613,発射体を選択する
8614,エフェクトを選択
8615,アイテムドロップ
8616,充電モード
8617,スキルタイプを選択
8618,ブロックを選択
8619,スキル効果
8620,スキルタイプ
8621,ダメージタイプ
8622,天候の召喚されたクリーチャーがホストを保護する
8623,チームサイズ
8624,자연 상자
8625,소품을 선택하십시오.
8626,"1プロップスキルは、幅広い破壊ブロック、グループストライクなど、さまざまな効果を生み出すことができます。
2通常アイテムはアイテムスキルを1つまで追加できます。投げアイテムは10個追加でき、すべて有効になります。
3あなたが掘り起こすのを待っています！"
8627,효과
8628,사용
8629,목표
8630,범위
8631,소비
8650,박스 작업
8651,대내적#c0aaa1a%s#n진행하다#c0aaa1a%s#n
8652,공격
8653,목표에 조성하다#c0aaa1a%d#n지점을 찍고 날아가
8654,노크
8655,넉백 생물 또는 신체적 특성 항목
8656,소환
8657,소환하다#c0aaa1a%s#nx#c0aaa1a%d#n당신을 위해 작전을 합니다#c0aaa1a%d#n초 초
8658,플러스 상태
8659,"#c0aaa1a%d%%#n확률，목표를 주다#c0aaa1a%s#n상태, 상태，지속되다#c0aaa1a%d#n초 초"
8660,미사일을 발사
8661,목표를 향해 발사하다#c0aaa1a%s#n
8662,치료
8663,회복하다#c0aaa1a%s#nx#c0aaa1a%d#n
8664,운영 블록 (발사체)
8665,공격 (발사체)
8666,녹아웃 (발사체)
8667,생물을 소환합니다 (발사체).
8668,버프 업 (발사체)
8669,치유 (발사체)
8999,@Null@
9001,기본 드레스 업
9002,토템을 활성화 하면 이전 마크를 없애고 현재 위치에서 새로운 마크를 설정합니다.
9003,격렬합니다!
9004,고전적입니다!
9005,오염 지역에서 벗어나십시오
9006,고전 모드
9007,생성
9008,설정
9009,@1일 남았습니다
9010,이전 구성 플러그인 로딩
9011,알파벳 숫자 암호를 문자 암호도 게임의 로그인에 사용할 수 있습니다
9012,비밀번호
9013,알파벳과 숫자의 조합 비밀번호를 입력하십시오
9014,암호 반복
9015,문자 암호
9016,질문을 선택하십시오
9017,"문자, 숫자 또는 알파벳 암호를 입력 할 수 있습니다"
9018,가장 인상적인 사람
9019,좋아하는 음식
9020,좋아하는 동물
9021,가장 열광하는 방문 장소
9022,당신의 첫 선물
9023,당신의 행운의 숫자
9024,#L텍스트 비밀번호 로그인#n
9025,#L 알파벳 숫자 암호로 로그인 #n
9026,대답
9027,의문
9028,가장 인상적인 사람
9029,좋아하는 음식
9030,좋아하는 동물
9031,가장 열광하는 방문 장소
9032,당신의 첫 선물
9033,당신의 행운의 숫자
9034,설정에 실패했다. 4-6 자리를 설정하십시오 (영문 및 숫자)
9035,보안을 위해 4-6 자리를 설정하십시오. 다시 입력하십시오.
9048,웹 페이지 지불
9049,위의 탭을 클릭하고 웹 페이지 결제로 이동하십시오.
9050,지원되지 않는 탑업
9051,@Null@
9052,@Null@
9053,@Null@
9054,@Null@
9055,기본 사항으로 커스텀 플러그인 로딩
9056,드레스 업 효과
9057,마운트 목록
9058,캐릭터 목록
9059,미니 클라우드
9060,농작물
9061,도구
9062,잡화
9063,큐브
9064,토템은 플라즈에 배치 될 수 없습니다
9065,방생성
9066,관찰설정
9067,관찰가능
9068,모든방
9069,플레이어방
9070,공식방
9071,제작자맵
9072,방개설
9073,이전플레이어
9074,다음플레이어
9075,전환
9076,블록배치가능/파괴가능
9077,블록배치불가/파괴불가
9078,관찰
9079,축성
9080,방유형
9081,맵선택
9082,방설정
9083,스위치 서버
9084,인기맵
9085,사용가능맵없음
9086,와이파이
9087,핫스팟
9088,드롭 상자
9089,심판
9090,지도 파일이 손상되었습니다 : 오류 확인
9091,지도 파일이 손상되었습니다 : 압축 해제 오류
9092,지도 파일이 손상되었습니다 : 콘텐츠 감지 오류
9093,다운로드 실패 :지도 파일이 존재하지 않습니다.
9094,다운로드 실패 :지도 파일을 찾을 수 없습니다.
9095,상상력으로 너의 자신의 세계를 창조하는 자유
9096,지형 설정
9097,지형 편집
9098,지형 생성
9099,표면 생성
9100,생물 공학
9101,광물 생성
9102,지형 높이
9103,임의 높이
9104,평균 신장
9105,최대 높이
9106,표면 블록
9107,필러 박스
9108,필러 두께
9109,지형 생성 확률
9110,차단 이름
9111,래티스
9112,빙산
9113,분지
9114,주린 분지
9115,타 올린 분지
9116,유역 가장자리
9117,식물
9118,건축
9119,소품
9120,식물 선택
9121,식생 밀도
9122,선택 상자
9123,드문 드문
9124,정상
9125,동물
9126,희귀 동물
9127,날짐승
9128,괴물
9129,추가 할 생물을 선택하십시오.
9130,생체 인식 비율 미리보기
9131,총 최대 금액은입니다.
9132,오직
9133,광석
9134,광석의 높이가 나타납니다.
9135,새로운 미네랄
9136,상자 바꾸기
9137,@Null@
9138,직접 생성
9139,보관 파일이 오랫동안 공유되지 않았기 때문에 정기적으로 공유하면 보관 파일이 손실되는 것을 방지 할 수 있습니다.
9140,직접 시작
9141,공유로 이동
9142,최대 @1
9143,발생 확률
9144,광석 광석 수
9145,광산 밀도
9146,광물 고급 속성
9147,얼음 바다
9148,빙하
9149,라 타이트
9150,레드 클레이 코스트
9151,모래 언덕
9152,Forest Heights
9153,파인 그 로브 하이랜드
9154,우드랜드 하이랜드
9155,강
9156,해변
9157,알파인 가장자리
9158,극소수
9159,덜
9160,정상
9161,기타
9162,대단히
9163,당신은 암호를 설정; 다음 번에 로그인 할 때 사용하십시오; 아르 자형 #r1.#cfa7a0fに保存するローカル#nパスワードを忘れた場合は表示するのが便利です。#r2。他の人には知らせないでください。#cfa7a0f公開デバイスに#nを保存しないでください。 #r#rアカウントのパスワードを#cfa7a0f Desktop #nに保存しますか？
9164,1.#cfa7a0fに保存する電話番号n簡単に閲覧できるようにパスワードを設定する#r2。他の人には知らせないでください。#cfa7a0fパブリックデバイスに#nを保存しないでください。 #r#rアカウントのパスワードを#cfa7a0f phone album #nに保存しますか？
9165,#cfa7a0fに保存されたアカウントパスワード情報コンピュータ - デスクトップ#n
9166,アカウントのパスワード情報が#cfa7a0f phone album #nに保存されました...
9167,계정 및 암호 정보
9168,즉시 입력
9169,지도보기
9170,업로드되지 않았거나 다운로드 할 수 없음
9171,후에
9172,다운로드
9173,업데이트 다운로드가 종료되었습니다.
9174,더 나은 게임 경험을 위해 리소스 팩 @1을 다운로드하도록 권장합니다. 다운로드하지 않으면 귀하의 경험에 영향을 미치지 않습니다. #r (데이터를 사용 중이면 다운로드는 데이터를 소비합니다. 다른 시간을 다운로드하려면 다시 게임을 엽니 다.)
9175,DIY 갤러리
9176,이 DIY 아바타를 삭제 하시겠습니까?
9177,현재 DIY 아바타를 저장 하시겠습니까?
9178,DIY 아바타 저장하기
9179,위시리스트에 추가
9180,모두 구입
9181,저장하지 않은 상태에서 저장하기 전에 구입하십시오.
9182,"이것은 #c0aaa1a @1 × @2 #구매에 비용이 소요됩니다. #cfa7a0f@3#nconfirm #r (기쁨을 즐기고, 낙천적으로 구매하십시오)"
9183,구입 한 아바타를 현재 이미지로 저장 하시겠습니까? 기존의 이미지를 덮어 씁니다. 먼저 백업하는 것이 좋습니다.
9184,에스키그 #c0aaa1a@1×@2#n 번호를  #cfa7a0f@3#n 풀려면 비용이들 것입니다. 그것을 확인하십시오 #r(구매는 합리적이어야합니다)
9185,영주권 획득
9186,세트 더보기
9187,DIY 페이지를 저장하고 다시 보시겠습니까?
9188,크기
9189,작은
9190,일반
9191,큰
9192,구하다
9193,산책
9194,도약
9195,대기
9196,평상복
9197,소녀
9198,소년
9199,작은 아이
9200,큰 녀석
9201,복장
9202,색깔
9203,남성
9204,여자
9205,소유하지 않은
9206,소유
9207,상품↑
9208,상품↓
9209,최근
9210,복잡한
9211,서버에 저장하고 종료 하시겠습니까?
9212,아니
9213,저장하고 종료하십시오.
9214,이용 약관 및 개인 정보 보호 정책
9215,"이용 약관 및 개인 정보 보호 정책
우리는 #L이용 약관@@1#n및#L개인 정보 보호 정책@@2#n:

아래의 동의 (Agree)를 탭하면, 귀하는 귀하가 Miniwan의 이용 약관 및 개인 정보 보호 정책을 읽고 이해했으며 이에 동의한다는 데 동의하고 이에 동의합니다.

질문, 의견 또는 불만 사항이 있으시면 miniwantech@gmail.com으로 문의하십시오."
9216,떠나다
9217,나는 동의한다
9218,uid를 삭제하려면 성공
9219,삭제 된 계정
9220,귀하는 이용 약관 및 개인 정보 보호 정책에 동의했습니다.
9221,서버에서 계정 삭제
9222,"1. 계정을 삭제해야하는 경우 (경고 : 모든 정보 항목, 미니코인지도는 완전히 제거된다), 다음 주소로 이메일을 보내 주시기 바랍니다 : MiniworldCustomerService@gmail.com. #cef2d2d 메일에는 개인 정보, 게임 계정과 암호가 필요합니다. 청구 한 적이있는 경우, 스토어 구매 내역 스크린 샷이 필요합니다. #n 
2. 요구 사항은 14 일 이내에 처리됩니다. 전체 결과를 얻으려면 메일을 확인하시기 바랍니다."
9223,@Null@
9224,이 미니 ID는 이미 삭제되었습니다.
9225,Privacy Policy
9226,#L#cfa7a0fPrivacy Policy
9227,귀하의 계정이 삭제되었습니다.
9228,떠나다
9229,@1×@2#n 잠금해제
9230,크기
9231,몸짓
9232,이름
9233,이름을 입력하려면 살짝 누르십시오.
9234,필터
9235,머리
9236,표현
9237,얼굴
9238,탑스
9239,바지
9240,구두
9241,뒷면 장식
9242,효과
9243,아플리케
9244,희망 목록
9245,유형
9246,맞춤 설정
9247,#c0aafff @1 일 @2 시간 @3 분 남았습니다.
9248,#cda6fff 한정 구매 : @1 일 @2 시간 @3 분 남음 #n
9249,구매 목록 : #r @1 #n
9250,관습
9251,성공적으로 저장되었다
9252,용량 +1
9253,입어보세요
9254,#cfa7a0f@1#n #c0aaa1a@2x@3#n#r
9255,편집하다
9256,새 항목 : @1 정장!
9257,잠금 해제
9258,다운로드 중
9259,저장하지 못했습니다. 맞춤식 장비가 없습니다.
9260,편집 모드를 시작하려면 누르십시오.
9261,로드 실패. 나중에 다시 시도하십시오.
9262,로딩 중 기다려주세요
9263,로드 중 ...
9264,신체
9265,색깔
9266,색조
9267,포화
9268,명도
9269,색상 영역 @1
9270,이 부분을 장비하고 다시 시도하십시오.
9271,구매하지 않음
9272,WIshlist가 꽉 찼습니다.
9273,모든 소원 고객이 여기있을거야.
9274,희망 목록
9275,위시리스트에 추가
9276,이름
9277,장식
9278,손
9279,발자국
9280,잘못된 위시리스트
9281,이미 희망 목록에 있습니다.
9282,위시리스트에 추가됨
9283,입어보세요
9284,의상 적용
9285,격렬합니다!
9286,구매 실패
9287,구매에 실패했습니다. 네트워크 연결을 확인하십시오.
9288,이미이 세트를 소유하셨습니다. 이 페이지를 다시 열어주세요.
9289,구입 한 아바타를 현재 이미지로 저장 하시겠습니까? 기존의 이미지를 덮어 씁니다. 먼저 백업하는 것이 좋습니다.
9290,저장하지 못했습니다. 네트워크 연결을 확인하십시오.
9291,먼저 자료를 넣으십시오.
9292,먼저 제품을 제거하십시오.
9293,앞
9294,뒤로
9295,왼쪽
9296,권리
9297,쪽으로
9298,내려가는
9299,청사진 워크 벤치
9300,재료 선택
9301,청사진 계획 이름
9302,"청사진 계획 시행#r#r
청사진 계획을 잡고 땅을 두드립니다. 건물 면적을 확인한 다음 에너지로 연결하여 건물을 시작하십시오. 에너지가 강하면 빠를수록#r#r#r
청사진 계획 건물 방향#r#r
건물 방향은 사용자의 위치 지정 방향에 따라 결정됩니다. 렌치를 사용하여 미러 위치로 조정하십시오"
9303,필수 항목
9304,청사진 계획 정보
9305,모두 넣으십시오.
9306,중복 영역
9307,(검토 중)
9308,드레스 업 닉네임 리뷰!
9309,전에 @ 1 방에서 함께 놀고 나서 엄지 손가락을 줘
9310,지우다
9311,블록
9312,선로
9313,막힌
9314,블록 취소됨
9315,커뮤니티
9316,싱글 플레이어 모드에서 미니 월드를 파헤 치다.
9317,모든 메시지를 '읽음'으로 설정 하시겠습니까?
9318,@1 멀티 플레이 모드 (@2)
9319,친구가 싱글 플레이어 모드에 있으며 멀티 플레이어 룸을 추적 할 수 없습니다.
9320,새로 고침을 시도하기 전에 @1초 동안 기다려 주세요.
9321,#cfa7a0f@1#n 멀티 플레이 룸에서 함께 플레이
9322,최근의 친구 목록이 비어 있습니다.
9323,플레이어를 블랙리스트에 올리시겠습니까?
9324,블랙리스트가 가득 찼습니다.
9325,블랙리스트
9326,최근의 친구
9327,공유하기 위해지도를 갤러리에 공유하십시오.
9328,수표 요청
9329,블랙리스트가 비어 있습니다.
9330,따르도록 허용
9331,이 플레이어는 팔로우 할 수 없습니다.
9332,더
9333,@1 초 동안 기다린 다음 다시 초대하십시오.
9334,주변
9335,다른 플레이어 초대
9336,"미니 월드, 무한한 창조성을 불러옵니다"
9337,친구 @1 (@2)가 미니 월드에서 함께 초대합니다!
9338,상태도 게시
9339,업데이트 된 보관 파일 @1
9340,서바이벌 모드는 BOSS@1 번 이깁니다.
9341,보물을 얻는 서바이벌 모드 @ 1 시간
9342,익스트림 모드에서 @1일 생존
9343,극단적 인 모드에서 몬스터 보스를 @1번 패배
9344,게임 이벤트 보상으로 @1 번 받음
9345,한 번에 인기있는지도 또는 지형지 @1물지도 만들기
9346,평론가는 Lv. @1에 이른다.
9347,친구 수가 @1에 도달했습니다.
9348,팬 수는 @1에 이릅니다.
9349,내 상태에서 @1 개의 좋아요를 얻으세요.
9350,@1 번 급수 꽃
9351,Deworming @1 times
9352,잠금 해제 @1 수집
9353,수확 된 과일 @1 개
9354,가든의 레벨이 Lv @1에 도달했습니다.
9355,"오리지널 캐릭터(치프, 레이디 치프, 카카, 니니, 베어 차일드, 톰, 롤라, 신디, 피터, 스티븐)의 수가 @1에 도달합니다."
9356,캐릭터의 재능은 Lv @1에 이릅니다.
9357,@1 개의 영구 스킨 잠금 해제
9358,@1 마운트 해제
9359,@1 영구 맞춤형 아바타 잠금 해제
9360,실제 이름 시스템 정보 완성
9361,가장 긴 연속 로그인 시간은 @1 일에 도달합니다.
9362,몹 헌터
9363,보물 사냥꾼
9364,서바이벌 마스터
9365,전투의 신
9366,신비한 선물
9367,지도 마스터
9368,전문가 검토
9369,행복한 친구들
9370,슈퍼 스타
9371,유명한
9372,녹색 정원사
9373,마스터 디 웰링
9374,마스터 수집기
9375,거대한 추수
9376,열매 수준
9377,전체 어셈블리
9378,나는 너무 강하다.
9379,화려한 변화
9380,길들인 마스터
9381,화려한 옷장
9382,나는 누구인가?
9383,매일 로그인
9384,사기 수비수
9385,Anti-SCAM 수업에 미니 클래스를 완료하십시오
9386,크리에이티브 스타
9387,비디오 스타
9388,커뮤니티 스타
9389,올해의 스타
9390,화력으로 가득 차 있습니다
9391,Mini World의 올해의 인기 크리에이터
9392,올해의 미니 월드 인기 비디오 작가
9393,올해의 미니 월드 인기 커뮤니티 스타
9394,미니 월드 애뉴얼 파이널리스트
9395,@1 무기를 잠금 해제하여 옷을 입으세요
9396,프리빌리지 스타
9397,실버 카드 중 하나를 활성화하십시오.
9398,안색
9399,범프 참가자
9400,미니 범프 콘테스트 레벨이 @1에 도달했습니다.
9500,사유물
9501,소장 /역사
9502,미니 클라우드
9503,클라우드 서버 구입
9504,아카이브를 선택하여 클라우드 서버를여십시오
9505,기본 설정
9506,플레이어 관리
9507,백업 관리
9508,클라우드 서버 상태
9509,클라우드 서버를 재설정
9510,계속 비용을 지불하고 업그레이드
9511,클라우드 서버 번호
9512,최근 로그인
9513,보통 클라우드 서버
9514,중급 클라우드 서버
9515,고급 클라우드 서버
9516,슈퍼 클라우드 서버
9517,최대 용량 : 일반 모드와 개발자 모드의 맵 육명#rSuitable을
9518,최대 용량 : 일반 모드와 개발자 모드의 맵 십명#rSuitable을
9519,최대 용량 : 일반 모드와 개발자 모드의 맵 20명#rSuitable을
9520,최대 용량 : 일반 모드와 개발자 모드의 맵 30명#rSuitable을
9521,#L[미니 구름 개인 정보 및 조건]#n
9522,임대 미니 클라우드
9523,자동으로 계속 비용을 지불
9524,똑딱 후에는 자동으로 만료 날짜 이전에 한 달 동안 갱신 해당 미니 동전을 공제하는 [미니 클라우드] 권한을 부여하는 것으로 간주됩니다.
9525,기간
9526,@1 일
9527,클라우드 서버의 구매 기능은 아직 활성화되어 있지 않습니다
9528,이 클라우드 서버에 의해 블랙리스트에 등록되어 있기 때문에이 클라우드 서버에 참여할 수 없습니다.
9529,클라우드 서버는 화이트리스트가 있습니다. 서버 소유자로부터 화이트리스트 허가를받은 후 들어갑니다.
9530,총 :
9531,구매
9532,계속 지불하지
9533,업그레이드 : #cda5b0a@1#n (후@2일)
9534,비용을 끄는 계속 지불 : #cda5b0a @1 #n (구입 후 총의 나머지는 @2 일)
9535,#c0aaa0f@1×@2#n
9536,확인하고 [미니 클라우드 개인 정보 보호 및 약관] 첫째 동의하십시오
9537,빌드 서버
9538,친구가 들어간다
9539,화이트리스트가 액세스 가능
9540,구매 미니 클라우드 성공. 빌드 서버에 저장된 맵을 선택합니다.
9541,"업그레이드 미니 클라우드 후, 일시적으로 서버를 닫고 자동으로 열립니다으로 업그레이드됩니다."
9542,"클라우드 서버를 닫으면 모든 플레이어가 쫓겨 있어요!
현재 #cef2d2d@1#n 인명 플레이어가이 클라우드 서비스에서 플레이하고 있어요."
9543,닫으면 업그레이드
9544,나중에 닫기
9545,클라우드 서버 업그레이드 완료! 클라우드 서버가 다시 시작되었습니다.
9546,클라우드 서버는 폐쇄되어있었습니다
9547,클라우드 서버가 관리되고 있습니다
9548,미니 클라우드를 성공적으로 구축. 이제 서버를 열고? (열기 서버에서 재생)
9549,클라우드 서버 관리
9550,상태
9551,화이트리스트
9552,서버에서 재생
9553,관리인
9554,화이트리스트로 이동
9555,블랙리스트로 이동
9556,슈퍼 관리자가 설정
9557,관리 설정
9558,블랙리스트에서 삭제
9559,블랙리스트 추가
9560,데이터를 복사
9561,화이트리스트에서 삭제
9562,친구 추가
9563,슈퍼 관리자
9564,관리인
9565,관리를 클리어
9566,슈퍼 관리를 클리어
9567,다른 미니 번호를 검색
9568,추가에 실패했습니다. @1의 인원수가 최대이다
9569,허가를 취소
9570,슈퍼 관리자는 다음 룸 권한이 있습니다 :
9571,관리자는 다음 룸 권한이 있습니다 :
9572,#c0aaa1a 사용 중입니다
9573,사용한 공간 : #cfa7a0f@1#n/@2
9574,구매 공간
9575,#L 클라우드 서버 상황
9576,#L 유지 관리 상태
9577,클라우드 서버 공고
9578,다음과 같은 서버에서 수입해야하는 데이터 소스를 선택하세요
9579,스토리지를 구입
9580,구입해야하는 스토리지 용량을 선택하십시오
9581,한 번의 클릭으로 추가
9582,개인 블랙리스트
9583,백업 아카이브 비트가 가득합니다. 조작하기 전에 취소하십시오
9584,귀하의 미니 클라우드 공간이 부족합니다. 판매 공간을 문의하거나 백업을 삭제합니다.
9585,"클라우드 서버가 닫힌 후 #cfa7a0f클라우드 서버의 실행이 중지되고 모든 플레이어가 참가할 수 없습니다.#n 닫은 상태에서 다음 작업을 수행 할 수 있습니다 : 아카이브의 백업, 백업 복원 클라우드 서버 업그레이드 및 클라우드 서버를 재설정합니다."
9586,유지 보수 를 체크하고 #cfa7a0f클라우드 서버가 아직 제대로 실행되는 클라우드 서버가 공개되어 있지 않다.#n 이미 클라우드 서버에 참여하고있는 다른 플레이어는 클라우드 서버 룸에서 쫓겨 있습니다. 서버 소유자와 슈퍼 관리자 만이 입장하고 다른 플레이어는 초대부터 들어가 있습니다.
9587,관리자를 제외한 모든 플레이어를 쫓아 할 서버 (ALL)을 유지! #cef2d2d@1#n이 있습니다 이제 서버 플레이어.
9588,한 번만 공고
9589,발표
9590,미니 클라우드가 만료
9591,"미니 클라우드, 갱신하시기 바랍니다 만료되었습니다."
9592,계속하기 전에 클라우드 서버를 닫으십시오.
9593,서버 닫힌 선수는 참가할 수 없습니다.
9594,"서버 유지 관리에서, 플레이어가 참가할 수 없습니다입니다."
9595,이제 서버를 시작?
9596,비용을 지불 간다
9597,리셋 서버 (돌이킬 수없는) #모든 백업이 저장하고 설정 정보. #는 N주의하시기 바랍니다 지우기를 cef2d2d.
9598,아카이브 복원은 돌이킬 #cef2d2d 현재 아카이브를 덮어 씁니다. #n주의하십시오!
9599,이 서버가 불법에 저장 서버를 재설정하고 다른 빌드 저장 사용하십시오.
9600,"친애하는 선수 :#r 우리는 @3에  개 미니 동전 공제됩니다 @1.@2(MM /DD)는 (@4) 귀하의 미니 클라우드를 갱신합니다. 성공적으로 공제 한 후, 미니 서버의 유효 기간을 30 일까지 연장됩니다. 자동 갱신 기능을 취소하려면 취소 미니 클라우드 갱신 업그레이드 페이지로 이동하시기 바랍니다#r (에서 : 미니 선장)."
9601,"친애하는 선수 : (@1) 귀하의 미니 클라우드를 성공적으로 갱신되었으며 유효 기간은 확장되었습니다 @2.@3(MM /DD). 귀하의 지원에 감사드립니다, 미니 세계로 즐길 수 있습니다.#r (에서 : 미니 선장)"
9602,"친애하는 선수 :#r 귀하의 계정 잔액이 충분하지 않습니다 자동으로 갱신 할 수 없습니다 . 미니 클라우드 자동으로 닫힙니다되면 에 만료 될 때 @1.@2(MM /DD). 필요한 경우, 수동으로 충전 후 미니 클라우드를 갱신하시기 바랍니다.#r (에서 : 미니 선장)"
9603,알림 : #r 저장 공간 사용량이 @1을 초과했습니다. 공간 사용량이 100 %에 도달하면 게임을 정상적으로 재생할 수 없습니다. #n 저장 공간의 사용을 줄이기 위해 저장 공간을 구입하거나 백업 아카이브를 삭제할지 여부를 선택할 수 있습니다. #r (Mini Captain에서)
9604,"친애하는 선수 :#r 귀하의 미니 클라우드 만료, 서버가 자동으로 종료되었습니다. 서버를 계속 사용하려면 미니 클라우드를 갱신 관련 인터페이스로 이동하시기 바랍니다.#r (에서 : 미니 선장)"
9605,"친애하는 선수 :#r 당신이 에 만료가 미니 클라우드 @2.@3(월 /일) 및 미니 클라우드는 자동으로 만료 후 종료됩니다. 당신이 미니 클라우드의 서비스를 계속 사용할 필요가 있다면, 미니 클라우드 갱신 업그레이드 인터페이스로 이동하여 갱신을 구입하시기 바랍니다.#r (에서 : 미니 선장)"
9606,유지 보수
9607,계속하기 전에 클라우드 서버를 선택하십시오.
9608,블록 파괴
9609,블록 배치
9610,아이템 데리러
9611,플레이어 공격
9612,소품을 사용
9613,게임 허용
9614,계속 비용을 지불했다
9615,클라우드 서버 백업
9616,클라우드 서버가 가득하다
9617,서버의 유효 기간 동안 180일입니다
9618,비용 정보가 올바르지 않습니다. 인터페이스를 다시 열어서 작업하십시오
9619,이 플레이어는 이미 화이트리스트에 있습니다
9620,이 플레이어는 이미 블랙리스트에 있습니다
9621,플레이어를 삭제 한
9622,슈퍼 관리 인원이 가득하다
9623,관리 인원이 가득하다
9624,클라우드 서버의 데이터 오류
9625,플레이어는 클라우드 서버 떨어져
9626,이 클라우드 서버는 시간이 걸려 있습니다. 나머지 @1
9627,이 플레이어는 클라우드 서버의 관리자입니다. 블랙리스트에 넣으면 관리자의 신분이 삭제됩니다.
9628,맵 업로드 중 오류가 발생했습니다. 클라우드 서버를 재설정하고 다시지도를 업로드합니다
9629,백업에 실패했습니다. 다시 시도해주십시오
9630,룸 초기화 오류. 공식 고객 센터로 연락 주시기 바랍니다
9631,당신은이 서버를 보유하고 있지 않습니다
9632,당신은 서버의 최대 수에 도달했습니다.
9633,클라우드 서버 룸 업그레이드에 실패했습니다. 고객 서비스에 문의하십시오
9634,클라우드 서버 정보
9635,클라우드 서버 목록
9636,클라우드 서버 설정
9637,클라우드 서버에서 쫓아
9638,이 아카이브 백업을 삭제 하시겠습니까?
9639,게임 허용 : @1이 비활성화되어 있습니다. 서버의 소유자 또는 슈퍼 관리자에게 권한을 요청하십시오
9640,소유자/관리자가 당신의 게임의 권한을 해제 한 : @1
9641,소유자/관리자가 당신의 게임의 권한을 설정 한 : @1
9642,당신은 서버 1 @을하게되었다.
9643,게임 허용 : @1 (닫기)
9644,게임 허용 : @1 (열)
9645,현재 사용중인 아카이브
9646,서버는 소유자의 친구 만 사용할 수 있습니다. 가입 친구로 서버 소유자를 추가하십시오.
9647,@1 인 클라우드 서버
9648,공지 사항을 입력하십시오
9649,기초 설정 설명
9650,"#cfa7a0f 서버 이름 : #n
  멀티 플레이어 로비에서이 서버 표시의 이름입니다.
#cfa7a0f 소개 : #n
  서버의 도입은 멀티 로비 상세한 소개에서 확인할 수 있습니다.
#cfa7a0f 암호 : #n
  암호를 설정 한 후, 플레이어는 서버 (서버 소유자, 관리자 (슈퍼)에 가입 할 수있는 올바른 암호를 입력해야하고 관리자는 암호를 입력 할 필요가 없습니다.
#cfa7a0f 권한 : #n
  가능한 친구 : 만 서버 소유자의 친구가 서버를 입력 할 수 있습니다.
  사용 가능한 화이트리스트 : 서버를 입력 할 수있는 화이트리스트 서버에있는 플레이어 만.
  참고 : 모두 사용 가능 [친구]를 선택 [화이트리스트 사용 가능, 친구 모두와 화이트리스트 플레이어가 서버를 입력 할 수 있습니다. 어떤 옵션을 클릭하지 않으면, 모든 플레이어는이 서버를 가입 할 수 있습니다.
 #cfa7a0fSave : #n
  성공적으로 설정하려면 저장을 클릭해야합니다."
9651,플레이어 설정에 대한 설명
9652,"#cfa7a0f 플레이어 : #n
플레이어 목록이 클라우드 서버에 참가한 선수가 기록되어 플레이어의 마지막 로그인 시간이 표시되거나 혹은 게임 중입니다 (플레이어의 오른쪽에있는 설정 버튼을 클릭하여 플레이어를 설정합니다 )
#cfa7a0f 화이트리스트 : #n
클라우드 서버 관리 - 기본 - 권한에서 허용 된 사이트 목록이 들어간다을 선택하면 화이트리스트의 선수 만이 클라우드 서버에 입력 할 수 있습니다.
[친구 초대]를 클릭하여 친구 목록을 열고 친구를 화이트리스트에 추가합니다. 복사 데이터는 여러 클라우드 서버 목록 데이터를 편리하게 동기화하는 데 사용합니다.
#cfa7a0f 블랙리스트 : #n
블랙리스트 플레이어는이 클라우드 서비스에 참여할 수 없습니다.
[블랙리스트 추가를 클릭하여 서버 소유자의 개인 블랙리스트를 열고 클라우드 서버 블랙리스트에 플레이어를 추가합니다.
#cfa7a0f 관리자 : #n
서버 소유자는 플레이어를 관리인으로 설정할 수 있습니다 (슈퍼 관리자와 관리자의 두 가지 프로그램이 있습니다). 소유자 이외의 관리자는 클라우드 서버에 자신의 권한 만 사용할 수 있습니다 (구체적인 권한은 [슈퍼 관리  관리자 를 체크합시다).
#cfa7a0f 검색 상자 : #n
미니 ID를 입력하고 [검색]을 클릭하면 미니 플레이어가 목록에 표시되고 설정할 수 있습니다."
9653,백업 설정에 대한 설명
9654,"#cfa7a0f 현재 사용중인 아카이브 : #n
상단의 아카이브 비트는 클라우드 서버에서 현재 사용되는 아카이브입니다.
설정 버튼을 클릭하여 백업 아카이브 작업을 수행합니다. 즉,이 아카이브 목록 아래에 백업 아카이브를 추가합니다 (클라우드 서버를 닫은 후 백업 작업을 실행해야합니다).
#cfa7a0f 백업 된 아카이브 : #n
4 개의 백업 아카이브가 있습니다 (현재 사용중인 아카이브 제외). 클라우드 서버가 생성되면 업로드 된 맵은 자동으로 백업 아카이브를 백업합니다. 나머지 백업 아카이브는 소유자가 수동으로 백업해야합니다.
설정 버튼을 클릭하여 복원, 다운로드, 이름 바꾸기, 삭제합니다. 복원 : 현재 사용중인 백업 아카이브를 덮어 씁니다 (클라우드 서버를 닫은 후 복원 작업을 수행해야합니다); 다운로드 : 백업 아카이브를 서버의 소유자에 다운로드합니다; 이름 바꾸기 : 백업 아카이브 이름을 변경합니다; 삭제 : 백업 아카이브 목록에서 삭제합니다.
#cfa7a0f 확장 : #n
각 클라우드 서버의 저장 공간은 한정되어 있기 때문에 공간의 사용률이 100 %에 도달하면 게임을 정상적으로 재생할 수 없습니다. 서버 소유자는 저장 공간의 구입 또는 백업 아카이브 삭제를 선택하여 저장 공간 사용량을 줄일 수 있습니다.
#cfa7a0f 업로드 : #n
로컬 맵 저장을 선택하고이를 미니 서비스 백업에 업로드 할 수 있습니다. 업로드에 성공하면 백업을 운영 할 수 있습니다."
9655,상태 설정에 대한 설명
9656,"#cfa7a0f 클라우드 서버 상태 : #n
온 상태와 오프 상태로 나뉩니다 (상태를 전환하려면 전환 버튼을 클릭합니다).
ON : 클라우드 서버가 정상적으로 실행되고 있으며, 플레이어는 (유지 관리 상태에 따라) 입력 할 수 있습니다.
오프 : 클라우드 서버는 실행을 중지하고 모든 선수는 참가할 수 없습니다. 클라우드 서버가 종료되면 다음 작업을 수행 할 수 있습니다. 아카이브 백업, 백업 복원 클라우드 서버 업그레이드 및 클라우드 서버를 재설정합니다.
#cfa7a0f 유지 관리 상태 : #n
정상 상태 및 유지 보수 상태로 나눌 수 있습니다 (유지 관리 상태는 클라우드 서버가 켜져있는 경우에만 조정할 수 있습니다).
보통 : 클라우드 서버는 외부에 공개되어 있으며, 자격을 갖춘 플레이어가 들어갈 수 있습니다 (조건은 기본 설정 암호, 친구가 들어가는 화이트리스트가 들어가는 블랙리스트도 참조하십시오).
유지 보수 : 클라우드 서버는 공개되지 않습니다. 이미 클라우드 서버에 참여하고있는 다른 플레이어는 클라우드 서비스 룸에서 쫓겨 있습니다. 서버 소유자와 슈퍼 관리자 만 클라우드 서버에 참가할 수 있습니다.
#cfa7a0f 클라우드 서버 공지 사항 : #n
서버 소유자와 슈퍼 관리자는 발표를 할 수 클라우드 서버는 하루에 3 개의 발표를 할 수 있습니다. 발표 후 모든 선수에게 즉시 통지됩니다. (  한 번만 프롬프트 의 체크를 해제하면 클라우드 서버에 들어갈 때마다이 공지가 팝업됩니다. 체크 한 후 발표 한 번만 표시됩니다 클라우드 서버에 들어갈 때 다시 메시지가 표시되지 않습니다 .)"
9657,#L 권리 설명 #n
9658,"#cfa7a0f 관리자의 작업 규칙 #n
서버 소유자는 자신과 모든 선수의 개인적인 게임 허가 및 클라우드 서버의 전체적인 게임 허가를 조정할 수 있습니다.
슈퍼 관리자는 자신과 다른 플레이어의 개인 게임의 권한 (슈퍼 관리자는 서버의 소유자와 관리자의 권한을 조정할 수 없습니다) 및 클라우드 서버 게임 전체의 권한을 조정할 수 있습니다.
다른 플레이어는 자신의 게임 허가 및 클라우드 서비스 게임 전체의 권한을 볼 수 있지만 조정할 수 없습니다.

#cfa7a0f 개별 게임 허가 및 게임 전체 허가 #n
선수 개인 게임 권한이 변경되지 않은 경우 (플레이어  게임 허용 버튼은 기본적으로 파란색), 플레이어는 클라우드 정장의 전체적인 게임 허가 스위치에 따릅니다.
선수 개인 게임 권한이 변경되면 (플레이어의 게임 허용 버튼이 노란색으로 바뀝니다) 선수는 개인적인 게임 권한 만 따라 클라우드 서버의 전체적인 게임 허가 제한과 효과의 영향 을받지 않습니다.

#cfa7a0f 선수의 개인적인 게임 허가를 변경되지 않은 상태로 되 돌리는 방법 #n
서버 소유자 또는 슈퍼 관리자 해당 플레이어의 게임 허용 옆에있는 복원 아이콘을 클릭합니다 -  권한에 대한 설명 선수 개인의 게임 권한은 변경되지 않은 상태로 복귀 (플레이어의 게임 허용 버튼은 파란색으로 돌아갑니다) 클라우드 게임 전체 권한의 전환에 따릅니다."
9659,이 플레이어의 개인 권한이 성공적으로 복원 된 게임 전체의 권한을 따르십시오
9660,게임 제한 (전체)
9661,"선수 개인 게임 권한이 변경되지 않은 경우 (플레이어  게임 허용 버튼은 기본적으로 파란색), 플레이어는 클라우드 서버의 전체적인 게임 제한 스위치에 따릅니다.
선수 개인 게임 권한이 변경되면 (이 플레이어의 게임 허용 버튼이 노란색으로 바뀝니다) 선수는 개인적인 게임 권한 만 따라 게임 전체 허가 제한과 클라우드 서버의 영향을받지 없습니다."
9662,벽돌을 깨는 (#c0aaa1a 온 #n)
9663,벽돌을 깨는 (#cef2d2d 오프 #n)
9664,블록을 넣어 (#c0aaa1a 온 #n)
9665,블록을 넣어 (#cef2d2d 오프 #n)
9666,소품을 들고 (#c0aaa1a온 #n)
9667,소품을 들고 (#cef2d2d 오프 #n)
9668,소품을 사용 (#c0aaa1a 온 #n)
9669,소품을 사용 (#cef2d2d 오프 #n)
9670,공격 플레이어 (#c0aaa1a 온 #n)
9671,공격 플레이어 (#cef2d2d 오프 #n)
9672,공격 생물 (#c0aaa1a 온 #n)
9673,공격 생물 (#cef2d2d 오프 #n)
9674,공격 생물
9675,기본 설정이 변경되었다. 저장 하시겠습니까?
9676,#cfa7a0f [@1] @2 #n은 @3 #cfa7a0f 룸에서 쫓아 냈다
9677,관리자가 항목을 비활성화했습니다
9678,#cfa7a0f 서버의 오너가 #n 클라우드 서버를 닫고 종료했습니다
9679,클라우드 서버가 닫히고 연결되지 않는다
9680,유료 업데이트
9681,총
9682,클라우드 서버를 업그레이드 할 다운 그레이드 할 수 없습니다
9683,업그레이드의 종류 또는 추가 비용을 계속 지불 기간을 선택하십시오
9684,룸 발언 금지는 모든 켜져 있고 메시지를 보낼 수 없습니다
9685,클라우드 서버는 오늘 공고의 최대 수에 도달
9686,당신은 @ 1에 의해 현재 클라우드 슈트에서 벗어났습니다.
9687,서버의 소유자
9688,발언 금지되었습니다
9689,발언 금지를 해제했다
9690,권한에 대한 설명
9691,아니 블랙리스트 없습니다
9692,#cffffff ------ ◆◆ ◇ ◆◆ ------#n#r#cfa7a0f [광고]@1 :#n#c5aea0a@2#n#r#cfa7a0f [@3]@4@5#n#r#cffffff ------ ◆◆ ◇ ◆◆ ------
9693,서버 @1 제목이 취소되었습니다
9694,@1 서버의 이 저장 현재의 지역을 커버합니다. (하지 클라우드 서버) #r #cef2d2d (당신은 취재 후 저장 지역을 잃게됩니다)
9695,서버 백업 만들기
9696,백업이 성공적으로 다운로드. 당신의 저장 또는 클라우드 서버를 해당를 확인합니다.
9697,검사
9698,"죄송합니다, 당신은 모든 서버가 없습니다."
9699,"플레이어는 블랙리스트에, 관리자로 설정할 수 없습니다"
9700,이 백업에서 : @1
9701,즐겨 찾기의 한계에 도달했습니다
9702,[@1] 백업을 사용하는 확인합니까? #r#r#cef2d2d저장 현재 충당하기 위해 (경고! 작업은 되돌릴 수)
9703,백업 수 (@1 /@2)
9704,클라우드 서버의 백업을 업로드
9705,로컬 아카이브 업로드를 선택하십시오
9706,당시
9707,백업을 업로드
9708,추가 실패
9709,확장
9710,소유자 :
9711,클라우드 서버에서 다운로드 된 로컬 백업이 가득합니다. 삭제하고 다시 다운로드하십시오
9712,맵 다운로드
9713,저장은 서버에서입니다 : @1
9714,게임 허가 (#c0aaa1a 자유 #n)
9715,게임 허가 (#c0aaa1a 게스트 #n)
9716,"#cfa7a0f 관리자의 작업 규칙 #n
서버 소유자는 자신과 모든 선수의 개인적인 게임 허가 및 클라우드 서버의 전체적인 게임 허가를 조정할 수 있습니다.
슈퍼 관리자는 자신과 다른 플레이어의 개인 게임의 권한 (슈퍼 관리자는 서버의 소유자와 관리자의 권한을 조정할 수 없습니다) 및 클라우드 서버 게임 전체의 권한을 조정할 수 있습니다.
다른 플레이어는 자신의 게임 허가 및 클라우드 서비스 게임 전체의 권한을 볼 수 있지만 조정할 수 없습니다.

#cfa7a0f 개별 게임 허가 및 게임 전체 허가 #n
선수 개인 게임 권한이 변경되지 않은 경우 (플레이어  게임 허용 버튼은 기본적으로 파란색), 플레이어는 클라우드 정장의 전체적인 게임 허가 스위치에 따릅니다.
선수 개인 게임 권한이 변경되면 (플레이어의 게임 허용 버튼이 노란색으로 바뀝니다) 선수는 개인적인 게임 권한 만 따라 클라우드 서버의 전체적인 게임 허가 제한과 효과의 영향 을받지 않습니다.

#cfa7a0f 선수의 개인적인 게임 허가를 변경되지 않은 상태로 되 돌리는 방법 #n
방 주인 서버 소유자 또는 슈퍼 관리자 해당 플레이어의 게임 허용 옆에있는 복원 아이콘을 클릭합니다 -  권한에 대한 설명 선수 개인의 게임 권한은 변경되지 않은 상태로 복귀 (플레이어의 게임 허용 버튼은 파란색으로 돌아갑니다) 클라우드 게임 전체 권한의 전환에 따릅니다."
9717,권한 신청
9718,귀하의 권한을 사용할 수 없습니다 : @1
9719,귀하의 권한은 사용할 수 있습니다 : @1
9720,귀하의 허락 : @1 사용할 수 없습니다. 허가 호스트에게 문의하시기 바랍니다
9721,음성 권한 떨어져십시오
9722,음성 권한 해제
9723,차폐 듣기
9724,메시지 차폐
9725,게임의 권한 : @1은 비활성화되어 있습니다
9726,"1 블랙리스트를 추가 
2지형 파괴 권한을 변경 
3 위험물 권한을 변경 
4 팀 권한을 변경 
5 상호 손해 권한을 변경 
6 룸 음성을 ON/OFF하는 기능 
7 플레이어의 발언을 금지 
8 플레이어를 방에서 쫓아 
9 공지 사항의 변경 
10 마이크의 온/오프 
11 스피커 켜기/끄기
12룸에 초대"
9727,"1 블랙리스트를 추가 
2 팀 권한을 변경 
3 상호 손해 권한을 변경 
4 룸 음성을 ON/OFF하는 기능 
5 플레이어의 발언 금지 
6 플레이어를 방에서 쫓아 
7 마이크 On/Off 
8 스피커 켜기/끄기 
9 룸에 초대"
9728,미니 클라우드 알림
9729,업그레이드
9730,업그레이드 확인
9731,최근 서버 #1c0aaa1a@#1n (현재 버전@2@3#n)
9732,자동 업그레이드
9733,선택한 서버를 업데이트?
9734,#cef2d2dNotice : 귀하의 게임 버전이 너무 낮습니다. 최신 버전으로 업데이트 서버를 입력하십시오.#n
9735,"자동 업데이트 : 새로운 버전이 출시 된 후, 서버 버전을 업데이트 할 공식이 (특정 시간이 업데이트의 일에 통보를받을 것)"
9736,최신 버전이다
9737,다시 시작
9738,"클라우드 서버를 다시 시작하면 모든 플레이어가 쫓겨 있습니다.
현재이 클라우드 서버에서 플레이하고있는 플레이어는 #cef2d2d @1 #n 이름이 있습니다."
9739,주의! #cfa7a0f 서버는 곧 종료 #n
9740,주의! #cfa7a0f 서버를 다시 시작하려고합니다 #n
9741,주의! #cfa7a0f 서버를 다시 시작하고 버전을 업그레이드하려고합니다 #n
9742,#cef2d2d @1 #n 플레이어는 5 분 내에 채팅 금지됩니다
9743,@1가 당신의 게임 권한을 복원했습니다
9744,@1은 스팸이 자동으로 금지되는 것을 설정 (@2 @3 #n)
9745,호스트
9746,현재 모든 게임 권한이 있습니다
9747,@1 초 후에 닫기
9748,@1 초 후에 다시 시작
9749,서버가 종료됩니다. 새로 고침 후 다시 시도하십시오
9750,서버 상태 :
9751,연
9752,폐쇄 중
9753,폐쇄
9754,인원수 :
9755,남은 시간 :
9756,작성 시간 :
9757,#L 상태 설정
9758,클라우드 서버 업그레이드 설명
9759,"1. 만료되지 않은만 폐쇄 낮은 수준의 서버를 업데이트 할 수 있습니다.
2. 서버가 종료되지 않은 경우 업데이트하기 전에 가까운 다음 서버를 서버 설정-상태로 이동하시기 바랍니다.
3. 서버가 만료 된 경우 갱신 후 업데이트하십시오.
4. 서버는 업데이트 만 되돌릴 수는 없습니다."
9760,데이터 가져 오기에 실패했습니다. 최대 인원을 초과했다.
9761,"@1 클라우드 서버의 버전이 업그레이드되었습니다.
바로여시겠습니까?"
9762,@1 클라우드 서버가 열렸습니다
9763,선택한 클라우드 서버에 가져올 데이터가 없습니다. 확인하고 다시 시도해주세요
9764,클라우드 서버 부팅시. 잠시 후 다시 시도하세요
9765,가져 오기 실패! 가져온 블랙리스트가 화이트리스트 또는 관리자와 모순 있기 때문에.
9766,가져 오기 실패! 가져온 목록은 블랙리스트와 일치하고 있기 때문에.
9767,서버 업데이트
9768,클라우드 서버 백업의 수가 상한이다. 하나를 삭제하고 백업하십시오
9769,자동으로 비용을 지불하는 것을 취소 하시겠습니까?
9770,링크 공유
9771,링크를 복사했다. 공유하십시오
9772,업데이트가 필요하는 서버를 선택하세요
9773,서버의 수는 상한에 도달했습니다. 적용 및 구매 할 수 없습니다
9774,@Null@
9775,클라우드 서버 보고서
9776,스쿠쇼 업로드
9777,스쿠쇼 성공
9778,고칠 생각
9779,호소하고있다
9780,"불법 서버는 #cDA5B0A 보류 수정#n 상태로 변경됩니다.
보류중인 상태에서, 당신은지도와 서버의 정보를 수정할 수 있습니다. 어떤 위반 내용이없는 것을 확인한 후, 당신은 이의 신청을 할 수 있으며, 이의 신청이 통과 될 때까지 위반 상태는 제거되지 않습니다."
9781,이의를 제기 할
9782,"1. 이의를 제기하기 전에 서버 맵의 확인없이 불법 콘텐츠를 확인하시기 바랍니다. 그리고 #의 L 번호 cDA5B0AContent 지침 번호를 읽을 수 없음을주의 깊게
2. 당신이 당신의 이의를 제기 한 후가 통과 할 때까지 기다려주십시오.
3. 이의 신청이 승인되지 않으면이 상태로 돌아갑니다 수정할 수 있습니다."
9783,"공지 사항 : 서버가 여러 번 위반으로보고 된 경우, 더 이상 계정에 서버를 제공하지 않을 수 있습니다. 사건이 심각한 경우, 계정이 차단됩니다."
9784,"발표하기 전에 ""콘텐츠 게시""를 읽어보십시오"
9785,당신이 호소하는 서버의 나머지 시간은 5 일 이상이어야한다
9786,매력 동안 서버에서 모든 작업을 수행하는 것은 불가능합니다. 참을성 결과를 기다려주십시오
9787,당신은 불법 서버를 열 수 없습니다
9788,규칙 위반으로보고 된 위해 기능을 @1 일 비활성화되었습니다
9789,채팅은 규칙 위반으로보고 된 위해 기능을 @1 일 비활성화되었습니다
9790,이름과 서버의 도입이 승인 된 후에는 볼 수
9791,오늘의 변경의 수를 제한했다
9792,제출하기 전에 이의 신청의 이유를 기입하십시오
9793,제출하기 전에 내용 발표 통지」를 읽고 이의 신청의 이유를 기입 한 후 고소합니다.
9794,제기의 이유를 입력하십시오 (6~30 문자)
9795,호소했다
9796,무엇을보고 싶습니까
9797,플레이어
9798,플레이어의 목소리
9799,제출 실패
9800,"이 맵 경로가 만료하고, 방에 들어갈 수 없습니다!"
9801,서버 이름 및 도입 검토를 통과하지 않은
9802,채팅이 규칙 위반으로보고 되었기 때문에이 기능을 완전히 비활성화되어 있습니다
9803,"서버가 위반으로보고되기 때문에,이 함수는 영구적으로 사용할 수 없습니다"
9804,보고서
9805,이름과 서버의 도입은 승인 후 수정할 수 있습니다.
9806,서버 발표는 여러번보고되었다. 지금은 편집 할 수 없습니다. 검토 결과를 기다려주십시오
9807,이지도는 규칙을 위반하는 의심이 클라우드 서버를 열 수 없다
9808,"이지도는 이차 작성 맵이며, 클라우드 서버를 열 수 없습니다"
9809,여러 서버 생성
9810,일괄 처리
9811,모든 서버
9812,로드
9813,를지도하지
9814,만료
9815,확인 실행
9816,작업을 선택하십시오
9817,열기 서버
9818,닫기 서버
9819,리셋 서버
9820,업데이트 서버
9821,업로드지도
9822,일괄 처리를 위해 서버를 선택하세요
9823,열 수 수있는 서버가 없습니다
9824,폐쇄 할 수있는 서버가 없습니다
9825,#cfff000@1#n개의 서버를 폐쇄하고 서버를 폐쇄하면 모든 플레이어가 퇴장됩니다!
9826,어떤 서버는 다시 없습니다
9827,"#cfff000@1#n 서버를 재설정합니다. 서버 재설정은 #cfff000Irreversible#n이며 현재 저장된 모든 파일, 서버 설정 및 기타 정보를 지울 것이므로 주의하십시오!"
9828,업로드 맵에 대한 사용 가능한 서버가 없습니다
9829,업데이트 할 서버 없다
9830,일괄 처리 유형을 선택하세요
9831,서버가 열립니다
9832,서버 폐쇄
9833,서버가 재설정되었습니다
9834,서버가 업데이트되었습니다
9835,서버 배치 관리
9836,#c3D4546서버 총계#n #c01C210@1#n #c3D4546열려#n #c01C210@2#n #c3D4546닫을#n #c01C210@3#n #c3D4546가 만료을#n #c01C210@4#n
9837,#c3D4546선정#n #cFF723A@1#n #c3D4546서버
9838,닫기 및 업데이트
9839,총 #cFF0000@1#n 서버 업데이트 (최신 버전 @2)
9840,당신은 업데이트가 진행되는 동안 서버를 종료해야합니다. #cFF0000Closing 서버는 모든 플레이어를 쫓아 낼 것이다! 업데이트가 완료#n After 서버가 자동으로 켜집니다.
9841,작동하기 전에 서버 유형을 선택하세요
9842,운영하기 전에 갱신 관련 페이지로 이동하십시오
9843,모두 선택 해제
9844,클라우드 서버를 시작하지 못했습니다. 나중에 다시 시도하십시오 (@1)
9845,클라우드 서버 룸 소유자
9846,지도가 위반 한 의심을 겪었으며 시스템은 @1S에서 방을 닫습니다.
9847,"방은 위반 의심을 겪었으며, 시스템은 @1S에서 방을 닫습니다."
9848,로비로 돌아 가라
9900,@Null@
9901,@Null@
9902,@Null@
9903,@Null@
9904,@Null@
9905,@Null@
9906,@Null@
9907,@Null@
9908,@Null@
9909,@Null@
9910,@Null@
9911,@Null@
9912,활성화 코드가 사용 된
9913,조작이 자주습니다. 잠시 후 다시 시도하세요
9914,활성화 코드가 사용되었습니다
9915,오류의 수가 오늘의 한도에 도달했습니다. 내일 다시 시도해주세요
9916,이 코드는 존재하지 않는
9917,사용할 수 없습니다. 잠시 후 다시 시도하세요
9918,이 코드는 현재 사용할 수 없습니다
9919,게임을 최신 버전으로 업데이트하십시오
9920,오늘의 교체 횟수가 한계에 도달했습니다. 내일 다시 시도해주세요
9921,이 코드의 이용 시간이 제한하다
9922,페이지에 들어가려면 게임 클라이언트 코드를 스캔하십시오
9923,수령 할 수 없다. 고객 서비스에 문의하십시오
9924,서버 오류. 잠시 후 다시 시도하세요
9925,@Null@
10000,감정가가 평가를하는 이유는 무엇입니까?
10001,블랙 드래곤을 물리 친 전사를 찾아서
10002,게임에서 붉은 지구를 찾으려면
10003,더 재미있는 새로운지도를 발견하려면
10004,감정가의 독특한 힘은 다음 중 어느 것입니까?
10005,개발자 모드지도를 만들 수 있습니다.
10006,친구들의 집에서 물을 마실 수 있습니다.
10007,권장 영역에 평가를 게시 할 수 있습니다.
10008,다음 중 감정가에게 적합한 선택은 무엇입니까?
10009,평가자는 권장 사항 매핑에 대한 평가를 게시 할 수 있습니다.
10010,조찬가는지도 리뷰 위에 평가를 게시합니다.
10011,다른 두 가지 옵션은 괜찮습니다.
10012,감정가의 사명은 무엇입니까?
10013,사막 사업가 게임에서 발견
10014,정교한 회로 대행사 만들기
10015,더 재미있는지도를 발견하고 다른 사람들과 공유하십시오.
10016,감정가가 추천 한지도가 플레이어가 좋아하는가요?
10017,"예, 감정가의 말은 권위입니다."
10018,"아니요, 플레이어는 자신의지도 만 플레이합니다."
10019,각 플레이어의 취미는 다르며 반드시 좋아하지는 않습니다.
10020,감정가의 평가지도는 어디에 표시됩니까?
10021,온라인 로비
10022,Mini Workshop의 주요지도
10023,Mini Workshop의 권장지도
10024,어떤 관점이 수평 게임 플레이 맵에 적합한가?
10025,뒤쪽 각도
10026,주요 관점
10027,측면도
10028,재미있는 새로운지도를 더 빠르게 찾는 방법은 무엇입니까?
10029,찾으려면 다운로드를보십시오.
10030,워크샵의 플레이어 영역으로 이동
10031,친구 찾기 및 감사 영역으로 이동
10032,다음지도 중 어느 것이 좋습니다?
10033,복잡하고 지루한지도
10034,게임 플레이 목표를 찾을 수없는지도
10035,기쁨을 불러올지도
10036,공식지도의 특징은 무엇입니까?
10037,혁신을 유도 할 수있는지도
10038,독특한 게임 플레이로지도 만들기
10039,다른 두 가지 옵션은 괜찮습니다.
10040,건강에 좋지 않은지도를 생각하고 피드백이 얼마나 효과적입니까?
10041,지역 사회에서 토론하기
10042,점수 채점 인터페이스에서 낮은 점수
10043,지도 등급 화면에서 보고서를 클릭하고 이유를 설명하십시오
10044,어떤지도 리뷰가 ’좋아요’에 더 적합합니까?
10045,칭찬 할 이유가 없습니다.  이지도는 재미 있습니다. 모두가 와서 놀아요.
10046,일부 별은 매우 잘 생기고 오른쪽 측면을 지원합니다.’와 같이 게임 콘텐츠와 관련이없는 부분
10047,"이지도는 개방형 멀티 룸에 적합하며, 두 사람은 더 재미있게 협력합니다와 같은 참조 평가를 다른 플레이어에게 제공 할 수 있습니다."
10048,미니 선장은 어떤 종류의 점수를 환영합니까?
10049,첫 번째 점수를 재생하지 않음
10050,불합리한 별표 또는 별표 5 개 등급
10051,이유를 설명하고 적절하게 평가하십시오.
10052,어떤 종류의 평가가 더 전문적입니까?
10053,단어를 많이했지만 핵심은 말할 수 없었습니다.
10054,무작위로 몇 마디를 보냅니다.
10055,가장 짧은 문장을 사용하여 모든 사람이 이해하도록하십시오.
10056,감정가들에게 인기있는지도를 필터링합니다. 감정가들은 무엇을해야합니까?
10057,손과 얼굴을 돌아 보지 마라.
10058,재생 후 수집
10059,리뷰를 게시하여 다른 플레이어와 공유하십시오.
10060,지도에 댓글을 달려면 어떻게해야할까요?
10061,정크지도 같은 비합리적인 비판은 그것을 좋아하지 않는다.
10062,거부 할 이유가 없습니다. 예를 들어 ’이지도는 재미 없으며 추천되지 않습니다.’
10063,"당신이 그것을 좋아하지 않는 이유를 설명하는 문학적 주석,  레벨 설정이 비합리적이고 개선하기를 원합니다"
10064,평가가 삭제되면 어떻게 될까요?
10065,다시 보내기를 눌러 삭제하십시오.
10066,가출 표를 들어라!
10067,"삭제 이유를 생각하고, 다른 사람들과상의 한 후 수정하십시오."
10068,다음 중 더 이해하기 쉬운 것은?
10069,"너무 재미있어, 모두가 와서 놀아."
10070,내가 좋아하는 것처럼 느껴진다.
10071,지도 공유 후 경험
10072,미개한 의견을 만났을 때 어떻게해야합니까?
10073,정장을 따라라.
10074,그를 저주하는 작은 원 그리기
10075,보고서를 클릭하고 이유를 설명하십시오.
10076,다음 중 언어 적 폭력은 무엇입니까?
10077,"이지도 조심하고, 덫에 걸리지 마라."
10078,이지도는 아주 재미 있습니다. 함께 놀자!
10079,이지도를 재생하지 않는 사람들은 어리 석다 (> _ <) o
10080,@Null@
10081,@Null@
10082,@Null@
10500,@Null@
10501,밀도
10502,인텐시브
10503,대단히
10504,지형학
10505,해발 고도 : 63
10506,최소
10507,가장 큰
10508,이미 존재 함
10509,복원 된 기본값
10510,신용
10511,좋은
10512,큰
10513,무서운
10514,저자 신용
10515,개인 신용
10516,#신용 정보
10517,왜보고하고 싶습니까
10518,신고서
10519,보고 사유
10520,#L#cfa7a0f 이전
10521,마구 자르기
10522,곤경에 처한 사람
10523,에로 업로드
10524,정치적 업로드
10525,에로틱 프로필
10526,정치 프로필
10527,해킹 아카이브
10528,부적절한 아카이브 스크린 샷
10529,부적절한 아카이브 제목 /설명
10530,절도 보관
10531,포르노 내용
10532,정치적 내용
10533,유료 콘텐츠 및 설명이 일치하지 않습니다.
10534,유료 콘텐츠 및 설명이 일치하지 않습니다.
10535,보고서 센터
10536,정치 기둥
10537,반복해서보고하지 마세요.
10538,@Null@
10539,@Null@
10540,@Null@
10541,변
10542,@Null@
10543,@Null@
10544,@Null@
10545,이 stauts는 건강에 해로운 내용을 가지고있다. 그 순간에 보이지 않는.
10546,게이머 건강한 환경을 보호하기 위해 다시 입력하십시오!
10547,이지도에는 시스템에서 불량 내용이 감지되었습니다! 다운로드 할 수 없습니다.
10548,건전한 게이머의 환경을 보호하기 위해 세계를 만드는 것은 실패되었습니다!
10549,이지도에는 시스템에서 불량 내용이 감지되었습니다! 참가할 수 없습니다.
10550,모욕 또는 괴롭힘
10551,광고 포함
10552,무의미한 콘텐츠
10553,보고서 맵
10554,보고 이유 선택
10555,신고 이유를 입력하십시오 (12-200 자).
10556,이 아카이브
10557,이 상태
10558,이 덧글
10559,이지도는 여러 번보고되었으며 현재 검토 중이며 다운로드 할 수 없습니다.
10560,"이지도는 여러 번보고되었으며, 현재 검토 중이며 멀티 플레이 룸에 입장 할 수 없습니다."
10561,이지도는 여러 번보고되었으며 현재 검토 중이며지도에 입장 할 수 없습니다.
10562,"이지도는 여러 번보고되었으며, 현재 검토 중이며 멀티 플레이어 룸을 열 수 없습니다."
10563,이지도는 현재 검토중인 짧은 시간에 여러 번보고되며 검색 할 수 없습니다.
10564,현재 검토중인지도가 여러 번보고되어 공유 할 수 없습니다.
10565,이지도는 여러 번보고되었으며 현재 검토 중이며 메모를 확인할 수 없습니다.
10566,@Null@
10567,최근에 여러 번보고되었습니다. 멀티 룸을 사용할 수 없습니다.
10568,이 멀티 플레이 룸은 부적절한 콘텐츠로보고되었으며 검색 할 수 없습니다.
10569,현재 방
10570,"검토중인지도, 작업 실패"
10571,폭력과 테러 내용
10572,최근에 여러 번보고되었습니다. @1 까지는 멀티 플레이를 열 수 없습니다.
10573,검토에서 댓글을 조작 할 수 없습니다.
10574,검토중인 상태에서 작업을 수행 할 수 없습니다.
10575,"친애하는 선수 :
 #c0aaa1a unhealth content #n에게 말하지 않기 에 따르면 #cef2d2d@1#n 에 #cef2d2d@2#n이 여러 번보고되고 시스템에 의해 확인됩니다. #cef2d2d@3n으로 처벌을 받게됨을 알려 드리게되어서 죄송합니다. 규칙을 준수하고 건강과 공정한 게임 환경을 조성해 주시기 바랍니다. (미니 캡틴으로부터)"
10576,"친애하는 선수,
 #cef2d2d@2#n에서 #cef2d2d@1#n을 (를) 수행 한 #cef2d2d@3#n의 행동을보고 해 주셔서 감사합니다. 이것은 시스템에 의해보고되었습니다. #cef2d2d@5#n의 처벌이이 플레이어에게 부과되었습니다. 포르노 그라피 에 노골적인 말을하고 건강하고 공정한 커뮤니티를 구축 할 수 있도록 지원해 주셔서 감사합니다. (미니 캡틴에서)"
10577,최근에 여러 번 신고되었습니다.지도 공유가 @1까지 비활성화되었습니다.
10578,최근에 여러 번보고 된지도 공유가 영구적으로 사용 중지되었습니다.
10579,최근에 여러 번보고되었습니다. @1까지 사진 업로드가 비활성화되었습니다.
10580,최근에 여러 번보고되었습니다. 사진 업로드가 영구적으로 사용 중지되었습니다.
10581,최근에 여러 번보고되었습니다. @1까지 회의실 사용이 중지되었습니다.
10582,최근에 여러 번보고되었습니다. 객실 채팅이 영구적으로 사용 중지되었습니다.
10583,최근에 여러 번보고되었습니다. @1까지지도 주석이 비활성화되었습니다.
10584,최근에 여러 번보고 된지도 메모가 영구적으로 사용 중지되었습니다.
10585,최근에 여러 번보고되었습니다. 게시 상태는 @1까지 비활성화되었습니다.
10586,최근에 여러 번보고되었으며 상태가 영구적으로 사용 중지되었습니다.
10587,최근에 여러 번보고되었습니다. 상태 댓글은 @1까지 비활성화되었습니다.
10588,최근에 여러 번보고되었습니다. 상태 댓글이 영구적으로 사용 중지되었습니다.
10589,최근에 여러번의 위반으로 인해 게임의 모든 온라인 기능은 @1까지 비활성화됩니다.
10590,최근 여러 번의 위반으로 인해 게임의 모든 온라인 기능이 영구적으로 사용 중지됩니다.
10591,당신은 강제로 로그 오프됩니다.
10592,최근에 여러 번보고되었습니다. 멀티 플레이어 게임을 영구적으로 열 수 없습니다.
10593,이 플레이어의 계정이 차단 될 수없는 차단됩니다.
10594,아카이브
10595,내 프로필
10596,멀티 룸
10597,아카이브에 댓글
10598,지위
10599,상태 코멘트
10600,지도 공유 @1 일까지 사용할 수
10601,지도 공유는 영구적으로 사용할 수 없습니다
10602,사진 @1 일까지 사용할 수 업로드가
10603,사진은 영구적으로 사용할 수 업로드가
10604,@1 일까지 장애인 만드는 멀티 룸
10605,멀티 방은 영구적으로 비활성화 만들기
10606,룸 @1 일까지 사용할 채팅
10607,방은 영구적으로 비활성화 채팅
10608,지도 코멘트 @1 일까지 사용할 수
10609,지도 의견은 영구적으로 사용 중지
10610,상태 게시는 @1 일까지 사용할 수
10611,상태 게시 영구적으로 비활성화
10612,상태 코멘트 @1 일까지 사용할 수
10613,상태 주석이 영구적으로 비활성화
10614,@Null@
10615,@Null@
10616,@Null@
10617,@Null@
10618,@Null@
10619,@Null@
10620,@Null@
10621,@Null@
10622,@Null@
10623,@Null@
10624,@Null@
10625,@Null@
10626,@Null@
10627,@Null@
10628,@Null@
10629,@Null@
10630,제기
10631,주장의 성공률을 향상시키기 위해 제기의 이유를 기입하십시오
10632,적어도 50 문자의 신청 이유를 입력하십시오
10633,제기를 전송했습니다. 직원은 90 일 이내에 심사합니다.
10634,신청은 심사 중
10635,"제기를 검토 한 결과, 규칙 위반 또는 위험이 높은 콘텐츠로 인해지도가 위반하고있는 것을 발견했습니다. 플랫폼은 불법 콘텐츠의 생성 및 유포를 금지합니다 법규를 준수하십시오. 그렇지 않으면 플랫폼은 법적 책임을 추구합니다."
10636,적어도 50 문자의 이유를 입력하십시오
10637,500 자 이내의 이유를 입력하십시오
10638,이지도는 규칙 위반 혐의가 있기 때문에 사용할 수 없게되었습니다. 신청을하려면 오른쪽 상단의 신청 버튼을 클릭하십시오.
10639,지도는 심사 중이다. 일시적으로 연결할 수 없습니다. 심사를 기다립니다.
10640,이지도는 규칙 위반 혐의가 있기 때문에 일시적으로 사용할 수 없습니다.
10641,지도가 공유 된 후에 만 ​​정상적으로 연결할 수 있습니다. 그렇지 않으면 멀티 무드 수 없습니다.
10642,자신 만이 볼 수있는 맵을 사용하여 온라인 룸을 열 수 없습니다. 싱글 플레이 밖에 할 수 없습니다.
10643,@Null@
10644,@Null@
10645,@Null@
10646,이곳을 클릭하여 내용을 입력하십시오
10647,"친애하는 모험가 : 불법적 인 정보, 사회 소프트웨어 및 사기 정보 공유가 금지로 이어질 것입니다."
10648,이지도에는 불량 내용 포함 할지도 모른다. 멀티 수 없다.
10649,현재지도는 검토되지 않았습니다. 에게 최신 검토지도를 다운로드하세요
10650,맵의 상태가 변경되었다. 다시 게임을 로그인하십시오
10651,리뷰를 취소
10652,취소 된
10653,취소 실패. 연결을 확인하고 다시 시도해주세요
10654,"이 리뷰를 취소 하시겠습니까?
#cef2d2d (리뷰를 취소 한 후 리뷰를 다시 보내면 다시 대기 심사의 속도가 느려 져요)"
10655,검토. 취소 할 수 없습니다
10656,검토
10657,이지도는 검토되고있다. 멀티 룸에 가입 할 수 없습니다
10658,현재지도가 만료되었습니다. 멀티 룸에 가입 할 수 없습니다. 최신 버전으로 업데이트하시기 바랍니다.
10659,"성공적으로 댓글! 이지도의 위험 내용으로 인해, 그것은 비평가의 선택에 표시되지 않습니다"
10660,@Null@
10700,사기 /사기
10701,블랙 기술 플러그인
10702,불법 광고 포함
10703,왕따 /괴롭힘
10704,가치관이 부정
10705,불공평 한 게임 방법
10706,타인의 작품을 도용
10720,@Null@
10721,이전 음성 위반에 대해 한 번 경고를 받은 후 계속해서 음성 위반을 트리거하면 음성 기능을 비활성화하여 처벌을 받게 됩니다
10722,@Null@
10723,@Null@
10724,그는 전에도 여러 번 말했고 침묵으로 벌을 받았습니다. 거리 끝: @1
10725,@Null@
10726,@Null@
10727,@Null@
10728,Xingqi 프로젝트 - 지도 품질 평가 결과 공지
10729,채색을 변경하려면 나를 클릭하십시오
10730,토너먼트 서명
10731,@1까지 토너먼트 서명 게시 금지
10732,토너먼트 서명 게시를 영구적으로 금지합니다.
10800,@Null@
10801,젖소에게 말하기
10802,"암소로 걸어 가면, 그는 당신에게 몇 가지 비밀을 말할 것입니다."
10803,승인.
10804,가기.
10805,승인.
10806,뭐?
10807,예.
10808,마침내 당신이옵니다.
10809,기다려?
10810,닭 사냥
10811,닭 사냥을 도와주세요.
10812,나에게 맡겨
10813,왜 직접하지 않니?
10814,목표물을 찾으십시오.
10815,승인.
10816,닭 사냥 후에 나를 보아라.
10817,승인.
10818,좋은.
10819,...
10820,숲을 모으다
10821,나는 10 개의 숲을 원해.
10822,나에게 맡겨
10823,안녕.
10824,숲을 모아 라!
10825,승인.
10826,숲은 어디 있습니까?
10827,시간을 좀 더주세요.
10828,숲은 어디 있습니까?
10829,이리.
10830,가기.
10831,승인.
10832,작업이 완료 되었습니까?
10833,아직.
10834,작업이 완료 되었습니까?
10835,예.
10836,Mini World에 오신 것을 환영합니다!
11000,@Null@
11001,모험 노트
11002,진행:
11003,보상 :
11004,배달 개체
11005,상호 작용
11006,줄거리
11007,스토리 설정
11008,작업 목록
11009,배달 작업
11010,기본 대화 상자
11011,상호 작용 설정
11012,트리거 기능 옵션
11013,"계속 대화 : 다음 대화로 건너 뜁니다.
대화 리디렉션 : 특정 대화 건너 뛰기
대화 끝내기 : 대화 끝내기
작업 수락 : 작업 수락"
11014,계속 대화하기
11015,대화 리디렉션
11016,대화 끝내기
11017,작업 수락
11018,원본 스토리 편집
11019,스토리 라인 만들기
11020,편집 할 스토리를 선택하십시오.
11021,태만
11022,카테고리 2
11023,카테고리 3
11024,기존 템플릿 선택
11025,스토리 편집
11026,스토리 이름
11027,편집하려면 클릭
11028,스토리 라인 대화
11029,방아쇠 대상
11030,목표에 자동으로 생성 된 상호 작용 옵션
11031,전제 조건
11032,시작 시간
11033,종료 시간
11034,사전 조건 작업 1
11035,사전 조건 작업 2
11036,사전 조건 작업 3
11037,물품을 고르시 오
11038,번호 받기
11039,스토리 편집 정보
11040,"스토리 플러그인 설정 단계 :
스토리 라인의 이름/아이콘/대화를 설정한다;
2. 목표를 선택합니다.
3.지도에 스토리 라인 플러그인을 추가합니다.
4. 맵에서 트리거 대상을 찾아 마우스 오른쪽 클릭하여 스토리 라인을 트리거합니다.

옵션 정보 :
아이콘 : 플러그인 라이브러리의 스토리 라인 표시.
전제 조건 : 특정 스토리 라인을 일으키는 조건을 설정한다.
스토리 대화 : 클릭하여 대화 상자를 설정합니다.
트리거 타르 자 : 트리거 대상을 선택하고 맵을 입력하여 트리거 대상을 찾아 대상을 마우스 오른쪽 단추로 스토리 라인을 트리거합니다.
작업 목록 : 스토리 라인에 설정되어있는 모든 작업을 표시합니다.

참고 : 작업은 스토리 대화 - 답변 설정 - 트리거 기능 만 추가 할 수 있습니다
#cfa7a0f 부분 트리거 : #n 개발자 도구의 트리거와 달리 부분 트리거는 과거와는 달리,이 플러그인에 의해서만 트리거되는 일련의 이벤트가 있습니다. 그러면 플러그인의 가능성이 높아집니다.
#cfa7a0f 부분 스크립트 : #n 개발자 도구 스크립트와 달리 부분 스크립트의 이벤트는이 플러그인에 대해서만 트리거됩니다.
 PS :이 플러그인은 이전 버전의 플러그인 내장 트리거 또는 스크립트를 사용하면 부분 트리거 또는 일부 스크립트 옵션 막대의 오른쪽 상단에있는 새 버전 스위치를 눌러 편집 이전 버전의 내장 트리거와 스크립트 되돌릴 수 있지만 이전 버전 새로운 콘텐츠가 지원되지 않습니다 양해 바랍니다."
11041,아이콘 선택
11042,생물
11043,목
11044,스토리 보드 대화 상자는 fullfill 작업이 사전 조건으로 설정된 경우에만 표시됩니다.
11045,없음
11046,사전 조건 작업
11047,월드 타임
11048,아이템 획득
11049,할 일 선택
11050,모든 스토리 라인 설정을 기본값으로 지우시겠습니까?
11051,확인
11052,취소
11053,스토리 대화 상자 설정
11054,대화 내용
11055,답변 1
11056,답변 2
11057,답변 3
11058,답변 4
11059,지우다
11060,끼워 넣다
11061,답변 설정
11062,답변 됨 Content
11063,트리거 기능
11064,대화 선택
11065,할 일 선택
11066,리디렉션 할 대화를 선택하십시오.
11067,작업 선택 및 수락
11068,작업 만들기
11069,이 대화 상자를 삭제 하시겠습니까?
11070,스토리 대화 - 답변 설정에서 작업 추가
11071,작업 설정
11072,작업 이름
11073,작업 범주
11074,작업 보상
11075,체험 보상
11076,줄거리 대화 (수락 작업 후)
11077,배달 하시겠습니까?
11078,배달 개체
11079,목표에 자동으로 생성 된 상호 작용 옵션
11080,전달 (작업 미완료)
11081,전송 (작업 완료)
11082,모험 노트에 표시
11083,작업 목표 선택
11084,"없음 : 작업을 수락하면 자동 완성 작업
패배 생물 : 패배 생물
항목 전달 : 작업 완료시 작업 항목 전달"
11085,없음
11086,패배 생물
11087,상품 배달
11088,과제 목표
11089,이 작업을 삭제 하시겠습니까?
11090,대화 내용을 입력하십시오.
11091,루프 태스크
11092,모험 노트에 표시
11093,작업 수신 / 전달 UI 사용
11094,상
11095,대화 내용을 클릭하여 입력하십시오.
11096,"사용 중지됨, 수정하려면 클릭하십시오."
11097,@Null@
11098,대화 상자 설정 정보
11099,"대화 규칙 :
1. 트리거 대상을 오른쪽 클릭하면 대화 상자가 시작됩니다.
2. 대화는 위에서 아래로 진행합니다.
3. 답변이 설정되면 대화를 계속하기 위해 하나를 선택하십시오.
 
옵션 정보 :
대화 내용 : NPC가 말한 내용.
답변 1-4 : 플레이어가 선택할 수있는 대답, 각 응답마다 트리거 기능을 설정할 수 있습니다.
왼쪽의 + 탭 : 새 대화 상자에 추가하십시오.
삭제 : 선택한 대화 상자를 삭제합니다.
삽입 : 선택한 대화 위에 새 대화 상자 삽입
 
참고 : 답변 내용을 지우십시오.이 대답은 대화 상자에 표시되지 않습니다."
11100,", 작업 완료시 자동 전달"
11101,시작하기 전에 Storyline 정보를 확인하는 것이 좋습니다.
11102,작업 설정 정보
11103,"작업 설정 정보 :
 
Storyline Dialogue (작업 허용) : 작업을 수락 할 때 NPC와의 대화.
작업 전달에 필요 : 전달 작업이 필요한지 결정하고, 그렇지 않으면 완료시 작업을 자동 전달합니다.
Deliver Object : 생물을 배달하는 작업.
Task Deliver Dialogue (Task Incomplete) : 작업이 불완전한 경우 NPC와의 대화.
Task Deliver Dialogue (Task Completed) : 작업이 완료되면 NPC와의 대화.
루프 작업 : 작업을 반복적으로 완료 할 수 있는지 여부.
작업 수신 / 전달 UI 사용 : 작업 수락 / 전송 작업 정보 UI가 표시됩니다."
11200,@Null@
11201,스토리 라인 설정에서 상호 작용 기능 설정
11202,상호 작용 기능 설명
11203,"이 인터페이스에서 특정 생물을 정의하는 모든 작업과 대화 상자를 트리거 대상으로 자동 표시합니다.#r
【편집】 히스토리와 작업 편집 #r
【상호 작용 추가】 상점과 상품을 편집하십시오 #r주 : 플러그인에서 새 스토리를 작성하거나 히스토리를 편집하고 드라이브 오브젝트를 구성 할 수 있습니다."
11204,히스토리와 작업 편집
11205,상점과 상품을 편집하십시오
11206,주 : 플러그인에서 새 스토리를 작성하거나 히스토리를 편집하고 드라이브 오브젝트를 구성 할 수 있습니다.
11207,모험 노트가 비어 있습니다.
11208,완전한!
11209,@1 찾기 및 대화
11210,배달 가능
11211,패배 생물
11212,항목 수집
11213,", @1에보고하십시오."
11214,", @1로 배달"
11215,패배
11216,수집
11217,완료되면 자동 전달
11218,과제 수락
11219,태스크 전달
11220,클릭하고 선택하십시오.
11221,수락 작업 후 자동 완성
11222,만을 보여줍니다
11301,@Null@
11500,@Null@
11501,속성 물리
11502,프로포즈 데스티피의 실체
11503,"Activer la 체격 avancée :
1.Pour des effets physiques 플러스 réalistes, tels que chutes, rebondissements, collisions.
Les attributs physiques 2. 충돌 한 충돌은 서로 충돌을 일으킨다."
11504,#LActivez la physique avancée
11505,액티비어 플러스 레시피스트
11506,#L 교통 체증
11507,라 텍스처 체력 영향에 마찰 et l' élasticité.
11508,#LRésistance
11509,"플러스 라 레지스탕스 그란데, 플러스 라 vitesse 드 l' objet 감소 완화."
11510,#L 긴 앵귤러
11511,플러스 la traneee angulaire est grande 플러스 la vitesse de 회전 de l' objet diminue rapidement.
11512,#LQualité
11513,"양질의 플러스 할인 플러스, 예상보다 저렴한 가격의 상품"
11514,#L 그래 비테
11515,"Éteignez, les objets flottants에 오신걸 환영합니다"
11516,질감 체격에 대한 선택
11517,질감 체형에 대 한 선택입니다. 수정 자 및 질감 체격
11518,텍스처의 모델 선택기
11519,"4 월 4 일, 목요일, 목요일, 금요일 텍스처 효과를 느낄 수있는 효과"
11520,#LTemplate
11521,Appuyez 텍스처에 모델을 추가합니다
11522,Texture personnalisée
11523,놈 드 라 텍스처
11524,@Null@
11525,#L 동적 마찰력
11526,"플러스 라 강제로 연기 영화, 중요한 플러스, 난 레오 젤라틴 급격한 LISQUILL glisse sur sol."
11527,#L 마찰 통계 강화
11528,"플러스 마력의 마력 통계에 그려진, 마인과 비교해 쉽게 마주보고"
11529,#LElasticité
11530,"플러스의 전설적인 그랜드 플러스, 전성기의 리바운드가 영향을 미칩니다."
11531,탈 기사
11532,@Null@
11533,오트 엘라 스티 티 (préréglée)
11534,Pas d' élasticité (préréglé)
11535,금속
11540,질감에 감탄하다.
11541,쁘띠
11542,환경
11543,중요한
11544,대충 뚜렷한 질감 조직이 있습니까?
11545,Lisse (préréglé)
11546,제 네랄 (préréglé)
11547,Rugueux (préréglé)
12001,기계 작업장
12002,"Ⅰ. 일으키다:
1. 기계 작업장을 놓으면 건물 구역이 나타납니다.
2. 운전석, 엔진, 바퀴 및 차체 블록을 건물 구역에 연결하십시오.
3. 기계 작업장을 마우스 오른쪽 버튼으로 클릭하고 생성을 클릭하여 기계를 생성합니다.

Ⅱ. 노트:
1. #c0aaa1a 건축 면적#n의 방향은 기계의 전면입니다.
2. 한도 : 1 기계 코어 (운전석), 엔진 1 대, 바퀴 20 대, 승객석 39 개. 많아야 1000 대의 차체 블록.
3. 장소 생성 : 생존 모드에서 블록은 #c0aaa1a을 기계#n으로 직접 전환합니다. 생성 모드에서는 건물 영역의 오른쪽에 기계가 생성됩니다.
4. 차 무게는 운전 경험에 영향을 미칠 것입니다 : 나무 차는 가볍고 불안정합니다. 철차는 무겁고 천천히 움직입니다.
5. 자동차 모양이 주행 경험에 영향을 미칩니다 : 4 륜은 2 륜보다 안정적입니다.
6. 차체 블록 : 대부분의 #c0aaa1ablocks#n 및 #c0aaa1aminiature 블록 #n을 사용하여 기계를 제작할 수 있습니다. 캐릭터 #c0aaa1aenters building area#n이 있으면 아이템 정보에서 물리적 속성을 볼 수 있습니다.
  

Ⅲ. 적재 기계
1. #c0aaa1awrench#n을 잡고 컴퓨터에 사용하십시오. 기계가 기계 캡슐로 바뀝니다. #c0aaa1aspace가 바로 가기 모음 #n에 있는지 확인하십시오.
2. 기계를 다시 생성하려면 기계 캡슐을 바닥에 놓습니다.
3. 기계 캡슐을 기계 작업장에로드하고 기계를 블록으로 다시 생성 할 수 있습니다.
 
Ⅳ. 상호 작용
1. 다른 물리적 인 물건을 충돌시킬 수 있습니다.
2. 물리학 트리거 블록, 나무 변환기, 돌 변환기 및 반짝 스타 활성화 할 수 있습니다.
3. 중력 발톱과 플런저 석궁으로 움츠러들 수 있습니다.

Ⅴ. 싸움에 관하여
1. 유닛 파괴 : 유닛에는 HP가 있습니다. HP는 공격 후에 감소합니다. 유닛이 HP가 0 일 때 파괴됩니다.
2. 충돌 손상 : 사물에 갈 때 기계가 손상됩니다. 충돌이 클수록 손상이 커집니다.
3. 손상 스위치 : 기계 손상은 플레이 모드 설정에서 설정할 수 있습니다 - 기계 손상 스위치."
12003,기계 생성
12004,기계로드
12005,일으키다
12006,하중
12007,기계 캡슐을 선택하십시오.
12008,해당 지역에 블록이 있습니다. 로드 할 수 없습니다.
12010,왼쪽
12011,권리
12012,Km / h
12013,차에 탑승 한 승객들. 기계 캡슐을 생성 할 수 없습니다.
12014,@Null@
12015,중심보기
12016,킬로그램
12017,최대 하나의 기계 코어
12018,불충분 한 전기
12019,이 블록은 기계를 조립하는 데 사용할 수 없습니다.
12020,하나의 엔진
12021,기계 코어가 없습니다 (운전석). 생성 할 수 없음
12022,하나 이상의 기계 코어. 생성 할 수 없음
12023,지도에 기계가 너무 많습니다. 원활한 게임 경험을 위해 줄여주세요.
12024,기계 캡슐을 입력하십시오.
12025,상한에 도달
12026,상한선을 초과한다.
12027,로드 중
12028,HP
12029,비용 전기
12030,무게
12031,컴퓨터 이름
12032,기계 설명
12033,손상 설정
12034,차량은 깨지지
12051,차체 블록
12081,쉬프터
12082,바퀴
12083,기계식 발
12084,추진자
12085,비행
12086,레비 트론
12111,발전소
12112,엔진
12113,임펠러
12114,Energy
12115,나사 스러스터
12141,좌석
12142,운전석
12143,승객석
12144,러더
12171,무기
12172,근접 무기
12173,기관총
12174,대포
12175,곡사포
12176,로켓 미사일
12177,화염 방사기
12178,파이어 폭탄
12179,전자기 캐논
12180,볼트
12201,보조 장치
12202,전원
12203,회로 기계
12204,컨트롤러
12205,관절
12206,보조 장비
12231,공동 장치
12300,운동 서열화
12301,각 행의 실행 시간
12302,루프 실행
12303,재설정
12304,"한 사용 소개
1. 조립 기계의 경우 전원이 켜지면#c0aaa1a 연결된 샤프트와 슬라이드 블록 #n을 설정 한 순서대로 움직일 수있다. 
2. 머신에로드 한 후 클릭하여#c0aaa1a 동작 서열 설정 화면 #n
에 들어간다. 두 화면 조작
1. 최대 8 개의 관절 부품 (샤프트 블록 또는 슬라이드 블록)를 연결할 수있다.
2. 왼쪽 상단의 숫자 버튼 인 줄 동작의 온/오프를 전환 할 수있다.#c0aaa1a 취소하면 그 행의 동작은 생략되고 실행되지 않는다. #n
3. 각 동작을 클릭하여 샤프트 블록이 회전하는 각도 또는 슬라이드 블록에 통전 여부를 설정한다.
4. 각 행의 실행 시간 : 각 행의 실행 시간을 설정한다.
5. 순환 실행 : 모든 동작 서열이 실행 된 후#c0aaa1a 처음부터 계속 실행 #n 전원을 끄면 현재 위치에서 정지.
6. 재설정 : 모든 설정을 초기화한다.
7. 저장 : 설정을 저장하고 사용하기 전에 저장할 필요가있다."
12305,각도
12310,이 부분은 가장 @1 개의 부분만을 제어 할 수 있습니다
12311,이 부품은 최대 @1 개의 부품으로 만 제어 할 수 있습니다
12312,연결에 실패
12313,연료가 가득 추가 할 필요가 없습니다
12314,급유는 기계 연료가 필요합니다
12315,적외선 센서 상자
12316,검출 거리
12317,광 센서
12318,높이 센서
12319,스피드 센서
12320,빛 감지 범위
12321,높이 감지 범위
12322,속도 감지 범위
12323,검사 범위
12324,검사 범위
12325,검사 범위
12326,긍정적
12327,뒷면
12328,워크숍에서 차량에 사용하십시오
12329,신축의 거리
12330,목표 각도
12331,회전 각도
12332,연료가 필요
12333,엔진을 설치해야
12334,범위를 벗어납니다.
12500,편집시 Mob 모델
12501,계속 편집
12502,단위
12503,남자 모양의
12504,Mob 모델 생성
12505,작업 템플릿 선택
12506,머리
12507,신체
12508,오른팔
12509,왼쪽 팔
12510,오른쪽 다리
12511,왼쪽 다리
12512,단위 템플릿 선택
12513,일으키다
12514,지도에서 생성
12515,서 (생물 대기)
12516,운영
12517,누워 라.
12518,앉다
12519,수영
12520,공격
12521,죽은
12522,파업
12523,단위 모델 삭제
12524,다른 플레이어가 편집 중입니다. 나중에 시도하십시오.
12525,수입품 모형
12526,넣다
12527,무료보기
12528,측면보기
12529,전면보기
12530,세로보기
12531,사지의 생물
12532,단순한 생물
12533,최대 예비 부품
12534,너무 많은 예비 부품 일부를 삭제하십시오.
12535,대칭성
12536,사용할 수있는 폭도가 없습니다. 먼저 만들어주세요.
12537,생물 모델
12538,해당 플러그인 타입의 소형 모델 또는 사용자 정의 모델의 모델만을 사용할 수
12539,@Null@
12540,@Null@
12541,@Null@
12542,@Null@
12543,@Null@
12544,@Null@
12545,@Null@
12546,@Null@
12547,@Null@
12548,@Null@
12549,@Null@
12550,모델 유형을 선택
12551,샘플 모델
12552,사용자 정의 모델
12553,샘플 모델을 생성한다. 기본 모델과 액션이있다. 초보자.
12554,"미니어처 모델에서 새로운 모델을 만들고 작업을 편집하고, 블록, 소품 및 생물의 모양에 사용합니다"
12555,확인
12556,모델
12557,액션
12558,새로 만들기
12559,복사
12560,부품을 만드는
12561,모델 선택
12562,부품 이름을 입력
12563,텍스트를 입력
12564,이 부품의 이름은 기존
12565,문자 제한을 초과했습니다
12566,파트 복사
12567,이름
12568,모든 자식 요소를 동시에 복사합니다
12569,경상
12570,부품 변경
12571,레벨을 변경
12572,숨기기
12573,디스플레이
12574,삭제
12575,부품을 수정
12576,부품은 제거되어 있습니다. 자식 부품이있는 경우 함께 삭제됩니다
12577,동급 부품으로 이동
12578,자식 부품으로 이동
12579,이미 동일한 수준의 관계에있다
12580,자식 부품과 동일한 수준으로 이동할 수 없습니다
12581,자식 부품의 자식 부품에 이동 할 수 없습니다
12582,취소하기
12583,기본 (블록 항목 대기 중)
12584,프레임
12585,프레임 번호 설정
12586,"최대 300 프레임,0.1s/f"
12587,입력 것이 잘못된 것입니다
12588,최대 프레임 수를 초과했습니다
12589,먼저 부품을 선택하십시오
12590,애니메이션 편집 모드에서 모델 매개 변수는 수정할 수 없습니다.
12591,최대 프레임 수에 도달
12592,커스텀 모델을 생성하는
12593,설명
12594,생성
12595,블록
12596,아이템
12597,생물학적
12598,생성 된 사용자 정의 모델은 자원 센터에 저장됩니다. 플러그인 라이브러리 블록 항목 및 생물 플러그인 외관은 모든 자원 창고의 커스텀 모델을 사용할 수있다.
12599,유형은 선택되지 않았다
12600,저장된
12601,샘플 모델을 저장
12602,데이터를 다운로드하는
12603,데이터를 필사적으로로드합니다. 기다려주십시오
12604,다운로드에 실패했습니다
12605,데이터 다운로드에 실패했습니다. 다시 시도해주십시오
12606,다시 해보
12607,데이터를 저장
12608,데이터를 저장 중입니다. 기다려주십시오
12609,저장 실패
12610,데이터의 저장에 실패했습니다. 다시 시도해주세요. 벗어나면 데이터는 저장하지 않습니다
12611,떠나
12612,종료 하시겠습니까? 종료하면 데이터는 저장되지 않습니다.
12613,既に子 부품의 관계에있다
12614,"이동 한 후, 목표 서브 유닛은 상기 제한을 초과한다. 이동할 수 없습니다."
12615,일
12616,가져 오기 단위
12617,단위를 선택하고 복사하세요
12618,뼈 매개 변수
12619,모델 매개 변수
12620,사용자 정의 모델
12621,"커스텀 모델은 블록, 소품, 생물 플러그인의 모양으로 사용할 수 있습니다."
12622,프레임의 선택된 부분의 키 프레임이 삭제되어 있습니다
12623,프레임 아래에있는 다른 모든 구성 요소의 키 프레임을 삭제합니다
12624,모델은 없음. 생성 할 수 없습니다.
12625,하위 구성 요소의 수를 제한하다
12626,여기에 키 프레임이 이동하지
12627,이 프레임에 모든 부품의 키 프레임을 삭제합니다
12628,샘플 모델 유형을 선택
12629,키 프레임을 삽입
12630,복사
12631,붙여 넣기
12632,키 프레임 삭제
12633,키 프레임을 복사 한
12634,"키 프레임이 부착되어 있습니다 만, 키 프레임에 이미 데이터가 있습니다. 위 씁니까?"
12635,먼저 새 부품을 작성하십시오
12636,먼저 모델 편집에서 새 부품을 작성하십시오.
12637,커스텀 모델 도움말
12638,"#cfa7a0f 커스텀 모델과 #n
커스텀 모델은 블록, 소품, 동물 등의 모양입니다. 플레이어는 커스텀 모델 제조 업체에서 부모 - 자식 관계를 가진 뼈를 만들고 그 뼈에 소형 모델을 사용하여 좋아하는 모델을 만들 수 있습니다. 다음 작업 편집을 사용하여 동작 액션을 선택하고 시간 축상의 다양한 시점에서 좋아하는 모양을 배치하고, 마지막으로, 시점 사이의 형상을 자동으로 액션에 연결합니다. 모델을 만든 후 사용자 정의 모델을 사용하여 블록, 소품 및 생물 생성 할 수 있습니다.

#cfa7a0f 편집 인터페이스에 들어가는 방법 #n
1. 사용자 정의 모델 메이커를 바닥에두고 열립니다
2. #c0aaa1a 예 모델 #n을 선택하거나 혹은 #c0aaa1a 사용자 #n을 직접 선택하여 모델을 처음부터 작성합니다.
3. 모델 타입 선택 인터페이스 아래에있는 #c0aaa1a 가져 오기 버튼 #n를 클릭하여 준비된 맞춤형 모델을 가져 와서 새 모델로 저장할 수 있습니다.

#cfa7a0f 모델을 만드는 방법 #n
1. 오른쪽 상단의 새로 만들기 버튼을 클릭하여 만듭니다. 부품을 선택한 후 그것을 만들 수있는 새로운 서브 파트를 만듭니다
2. 장면의 3D 좌표를 드래그하거나 혹은 왼쪽 드래그 바를 사용하여 부품의 뼈와 모델의 변위, 회전, 크기 조정 매개 변수를 변경합니다. (참고 : 부품 하늘색 점은 중심점이며, 모델의 회전 중심점의 위치에 상대적입니다. 끝은 일반적으로 모델의 시작점에 있으며, 끝은 하위 수준의 중심점에 연결된 후 관절의 운동을 흉내 더 편리합니다)

 #cfa7a0f 액션 편집 화면으로 들어가려면 #n
1. 모델이 만들어지면 위의 작업을 클릭하고 작업 편집 인터페이스로 전환합니다. 지금 편집 할 작업을 선택합니다. 기본 id는 0입니다. 이것은 생성 된 블록, 휴대용 도구, 분실물, 投げ物도 재생됩니다.
 2. 아래의 첫 번째 프레임 번호 버튼은 액션의 지속 시간 재생 중지 이전 프레임 다음 프레임 및 순환 버튼을 변경할 수 있습니다 (참고 : 순환 재생 순환 용이며 작업이 순환 작업 논리인지 여부는 변경할 수 없습니다)
 3. 조정하는 부품을 선택한 후 타임 라인을 클릭하여 변경 지점에 포인터를 놓고 더하기 기호를 클릭하여 키 프레임을 추가하거나 혹은 부품을 직접 조정하면 키 프레임이 자동으로 삽입됩니다. 편집 작업의 개념은 진자와 유사하며 원하는 모양이 시간축에서 서로 다른 시점에 배치되고, 마지막으로 시점 (키 프레임) 사이의 모델링 연결이 자동으로 조치로 변환됩니다.
 4. 키 프레임을 선택한 후 타임 라인의 오른쪽에 키 프레임의 위치를 ​​조정하거나 복사하여 붙여 넣으 키 프레임을 삭제할 수 있습니다.
 
 #cfa7a0f 모델을 생성하려면? #n
 1. 왼쪽의 #c0aaa1a 생성 버튼 #n을 클릭하여 블록, 도구, 또는 생물을 선택하여 생성합니다.
 2. 생성 된 사용자 정의 모델 미니어처 모델과 마찬가지로 자원보고에 추가됩니다.
 3. 플러그인보고 블록 도구 및 생물 플러그인은 미니어처 모델과 같은 형식 제한을 가지지 않고 자원보고의 커스텀 모델의 모양을 호출 할 수 있습니다.
 
  #cfa7a0f 샘플 모델의 사용 방법 #n
 1. 샘플 모델 템플릿을 선택합니다
 2. 편집 인터페이스로 들어갑니다. 선택한 샘플 모델 뼈가 오른쪽 부품 목록에로드되어 있습니다.
 3. 부품의 오른쪽에있는 관리 버튼을 클릭하고 #c0aaa1a 부품을 변경 #n을 선택하고 교체 미니어처 모델을 선택하고 #c0aaa1a 모델 매개 변수 #n에서 변위, 회전, 스케일링 등의 매개 변수를 조정て 원하는 효과를 제공합니다.
 4. 액션 편집 인터페이스에 들어가 어떤 행동을 미리하고 있습니다. 물론 부품과 액션을 변경하여 원하는 효과를 얻을 수 있습니다. 요약하면, 샘플 모델은 기본 모델의 구축과 액션의 일부 편집에 도움 부품을 소형 모델로 교체 만하면 간단한 조정 후 모델의 효과를 확인할 수 있습니다.
 
  #cfa7a0f 뼈 매개 변수 및 모델 매개 변수의 차이점은 무엇입니까? #n
 1. 부품 매개 변수를 조정하는 경우 왼쪽 하단에 #c0aaa1a 뼈 파라미터 #n 또는 #c0aaa1a 모델 파라미터 #n을 조정할 수 있습니다.
 2. 뼈 매개 변수 : 전체 부품 및 하위 부품의 변위, 회전, 크기 조정 매개 변수를 조정합니다. 친 컴퍼넌트가 조정되면 아이 컴퍼넌트가 조정됩니다
 3. 모델 파라미터 : 뼈 관련 부분 모델의 매개 변수 만 조정되고 뼈의 중심점은 영향을받지 않고 자식 요소 매개 변수는 영향을받지 않습니다. 견본 모델은 부품의 뼈가 기본적으로 생성되어 있기 때문에, 소형 모델을 교체 한 후 모델 파라미터를 조정하고 뼈 관련 모델의 매개 변수를 조정하기 만하면됩니다.
 4. 액션 편집은 뼈 변수 만 조정할 수 있습니다.
 
#cfa7a0f 부품의 친자 관계는 무엇입니까? #n
 1. 부품을 선택한 후 새로 만들면 자식 부품을 만들 수 있습니다. 이때 새로 생성 된 부품은 선택한 부품의 자식이 선택 된 부품은 새로 생성 된 부품의 부모가 계층은 그들 사이의 선으로 표시됩니다.
 2. 부모와 자식 관계는 조정 및 액션 편집에서 널리 사용되고 있습니다. 부모의 부품 뼈 매개 변수를 조정하는 경우, 그 아이 부품은 부모의 변경에 대해 상대적으로 변화합니다."
12639,선택한 부품의 하위 구성 요소로 만들기
12640,목록에서 조정 대상 부품을 선택
12641,뿌리 뼈
12642,상반신
12643,가슴
12644,머리
12645,오른쪽 팔
12646,오른쪽 팔뚝
12647,오른손
12648,왼쪽 팔
12649,왼쪽 팔뚝
12650,왼손
12651,하체
12652,왼쪽 허벅지
12653,왼쪽 다리
12654,왼발
12655,오른쪽 허벅지
12656,오른쪽 다리
12657,오른발
12658,左前脚
12659,右前脚
12660,左後脚
12661,右後脚
12662,꼬리
12663,신체
12664,좌익
12665,우익
12666,꽃
12667,줄기
12668,잎
12669,주체
12670,축
12671,도는 날개 1
12672,도는 날개 2
12673,도는 날개 3
12674,도는 날개 4
12675,사람 모양
12676,동물
12677,장식
12678,표준 사람의 형태
12679,쉽게적인 사람 모양
12680,사지 동물
12681,비행 생물
12682,쉽게적인 생물
12683,꽃
12684,풍차
12685,잎 2
12686,복사
12687,붙여 넣기
12688,취소하기
12689,복사 한
12690,복사 작업을 붙여 넣으면 현재 작업 데이터를 덮어 씁니다
12691,현재 작업 데이터를 지우
12692,@Null@
12693,@Null@
12694,@Null@
12695,@Null@
12696,@Null@
12697,@Null@
12698,@Null@
12699,@Null@
12700,@Null@
13000,개발자 도구
13001,방아쇠
13002,스크립트
13003,트리거를 선택하십시오.
13004,새 트리거를 생성하십시오.
13005,새 트리거 세트
13006,새 트리거
13007,변하기 쉬운
13008,트리거 스위치
13009,현재 트리거에 대한 메모 추가
13010,트리거 세트
13011,방아쇠
13012,행사
13013,조건
13014,동작
13015,@1 추가
13016,조건 추가
13017,액션 추가
13018,토글 컨트롤
13019,@1 선택
13020,입력
13021,함수 라이브러리
13022,템플릿 라이브러리
13023,옵션
13024,목표 선택
13025,변하기 쉬운
13026,새로운 변수
13027,세계 객체 중에서 선택하십시오.
13028,행사 위치
13029,기본 스폰 지점
13030,트리거 이벤트의 플레이어
13031,이벤트 대상 플레이어
13032,공기 차단
13033,이벤트의 항목 유형
13034,이벤트 발사체
13035,이벤트 항목 삭제
13036,생물의 사건
13037,이벤트의 대상 생물
13038,기능 추가
13039,이름 바꾸기
13040,재정렬
13041,부
13042,움직임
13043,새 이벤트 삽입
13044,새로운 조건 삽입
13045,새 액션 삽입
13046,지우다
13047,이름
13048,삭제 확인
13049,확인
13050,취소
13051,글로벌 트리거
13052,차단 플러그인)
13053,생물 (플러그인)
13054,어떤 플러그인 없습니다
13055,한계에 도달
13056,매개 변수
13057,기타
13058,팁
13059,#cef2d2d 빨간 매개 변수 #n이 없다. 입력 할 필요가있다
13060,#cfa7a0f 오렌지 파라미터 #n이 이벤트를 찾을 수 없습니다
13061,복사 성공
13062,성공을 붙여 넣기
13063,Copy는  실패
13064,#cef2d2dPaste는#n 실패
13065,왼쪽 트리거를 선택하세요
13066,"#Cef2d2dPaste는 #n 실패했습니다. 일반 트리거, 팩 플러그인과 플러그인 라이브러리를 복사하여 서로 붙여 넣을 수 없습니다"
13067,트리거의 발견
13068,확인 복제 트리거 그룹
13069,먼저 그룹을 선택하세요
13070,값을 추가
13071,ID의 값 :@1
13072,진실
13073,그릇된
13074,값이 상한에 도달
13075,수정하려면 삼각형을 클릭하십시오
13076,링크는 사용할 수 없습니다
13077,UI를 먼저 선택하십시오
13078,[color=#fa7a0f]@1[/color]에 대한 검색 결과
13079,노래를 선택하십시오
13080,정렬 기준
13081,오름차순
13082,내림차순
13083,"이름은 숫자, 문자 및 부분 기호만 사용할 수 있습니다."
13084,Enter를 클릭합니다.
13090,유지 관리 중인 기능
13200,@Null@
13201,스크립트 세트를 선택하십시오.
13202,새 스크립트 세트를 만드십시오.
13203,대본
13204,스크립트 세트
13205,스크립트
13206,새 스크립트
13207,스크립트 편집
13208,저장 됨
13209,API
13210,수색
13211,예제 및 자습서 확인
13212,고용
13213,특성 및 유형 :
13214,값 및 유형 반환
13215,기능:
13216,케이스:
13217,저장되지 않은 텍스트를 검색하고 있습니다. 가져 오기를 계속하면 커버됩니다.
13218,이름이없는 스크립트
13219,지우기 현재 스크립트
13220,@Null@
13400,@Null@
13999,@Null@
14000,움직일 수 없는
14001,대체물 차단
14002,Uninteractable 차단
14003,불멸의 블록
14004,사용할 수없는 항목
14005,무적
14006,무적의 물건
14007,불변의 대상
14008,수집 할 수없는 항목
14009,폐기 할 수 없음
14010,@Null@
14011,@Null@
14012,@Null@
14013,@Null@
14014,@Null@
14015,@Null@
14499,@Null@
14500,도구 모드
14501,편집 모드로 돌아 가기
14502,지역 도구
14503,위치 도구
14504,창조물 도구
14505,객체 라이브러리
14506,길이:
14507,폭:
14508,신장:
14509,엑스:
14510,와이:
14511,지:
14512,#c5aea0athe 포인트을 시작 의#n 을 배치하십시오
14513,#c5aea0athe 엔드 포인트#n을 배치하십시오
14514,#c5aea0athe 위치 점#n을 배치하십시오
14515,생물을 #c5aea0a을 배치하십시오 #n
14516,#c5aea0a 장면#n에서 아무 생물이나 선택하세요.
14517,고르다
14518,새로운
14519,"Region @1 생성, 개체 라이브러리에 추가"
14520,"위치 @1 생성, 개체 라이브러리에 추가됨"
14521,"창조물 @1 생성, 개체 라이브러리에 추가됨"
14522,부위
14523,위치
14524,생물
14525,이름 바꾸기
14526,고쳐 놓다
14527,지우다
14528,@1을 (를) 삭제 하시겠습니까?
14529,현재 선택됨
14530,지역 크기가 한도를 초과합니다. 만들 수 없습니다.
14531,@1 성공적으로 재설정
14532,당신은 영역을 작성하지 않은
14533,당신은 위치에 포인트를 작성하지 않은
14534,당신은 어떤 생물을 작성하지 않은
14535,의 #c5aea0astart 포인트 #n을을 다시 설정하시기 바랍니다
14536,의 #c5aea0aend 포인트 #n을을 다시 설정하시기 바랍니다
14537,개체 라이브러리의 객체가 맵에 숨겨져
14538,개체 라이브러리의 개체지도에 표시됩니다
14539,디스플레이 창
14540,디스플레이 창 크기
14541,디스플레이 창 @1이 성공적으로 생성되었으며 객체 라이브러리에 추가되었습니다.
14542,디스플레이 창 너비 또는 높이가 64 개의 제곱을 초과하여 만들 수 없습니다.
14543,디스플레이 창을 만들지 않았습니다
14544,디스플레이 창 생성에 실패했습니다
14545,거리가 64 개의 제곱을 초과하면 디스플레이 창이 위치를 변경하지 못합니다.
14546,디스플레이 창이지도의 경계를 초과했습니다.
14547,"거리가 너무 멀리, 디스플레이 창의 삭제가 실패했습니다."
14548,디스플레이 패널의 양쪽이 차단되어 전송할 수 없습니다.
14549,비디오 디스플레이 보드 수가 @1한계에 도달했습니다.
14550,비디오 링크는 현재 mp4 형식 엔딩만 지원합니다.
14551,비디오 링크는 시작만 지원합니다https
14552,사운드 네트워크
14553,비디오 로드 실패
14554,링크를 사용할 수 없습니다.
14555,재생 모드
14556,루핑
14557,싱글 플레이
14558,네트워크 비디오
14559,재생이 실패했습니다. 비디오 형식이 재생 규칙을 충족하지 않습니다.
14560,"비디오 재생 불가, 비디오 해상도 1280*720, 비디오 프레임 속도는 25 프레임을 초과할 수 없음, 비디오 오디오 샘플링 속도는 44.100kHz 또는 48.000kHz여야 함"
14999,@Null@
15000,전역 변수
15001,개인 변수
15002,변수를 먼저 생성하십시오.
15003,새로운 변수
15004,변수 유형
15005,변수 이름
15006,기본값
15007,변수 유형 선택
15008,부
15009,편집하다
15010,지우다
15011,변수 수정
15012,변수를 삭제 하시겠습니까?
15013,클릭하여 선택하십시오.
15014,기본값 없음
15015,변수 이름 반복하십시오. 다시 확인하십시오.
15016,변수 창고
15017,리더보드
15018,테이블
15021,스크립트 참조 이름
15022,"1. 스크립트에서 지원 문자, 숫자, 밑줄 및 별표에 사용되는 변수 이름.
2. 변수 삭제 후 같은 이름의 스크립트는 삭제된 데이터를 되돌릴 수 있습니다."
15023,리더보드 변수 수가 @1 제한에 도달했습니다.
15024,테이블 변수 번호가 @1 제한에 도달했습니다.
15025,"스크립트 참조는 문자, 숫자, 밑줄 및 별표만 지원합니다."
15026,"1. Leaderboard 변수는 지도상의 상위 1000명의 플레이어의 데이터를 저장할 수 있습니다. 전체 지도 리더보드 기능.
2. 리더보드의 기본 정렬 방법은 오름차순(작은 것부터 큰 것)입니다. 값을 가져올 때 음수를 사용하여 리더보드 상단의 값을 큰 값에서 작은 값으로 가져올 수 있습니다.
3. 리더보드 변수는 정수만 저장할 수 있습니다. 정수 부분은 소수로 저장할 수 있습니다.
4. 지도 업로드를 취소한 후 리더보드 데이터는 30일 동안 보관됩니다. 데이터는 30일 후에 삭제됩니다."
15027,"1. 테이블 변수는 맵에 있는 모든 플레이어의 데이터를 저장할 수 있습니다.
2. 지도 업로드 취소 후 리더보드 데이터는 30일 동안 보관됩니다. 데이터는 30일 후에 삭제됩니다."
15028,리더보드 또는 테이블 변수를 복사할 수 없습니다.
15029,청사진 저장
15030,커스텀
15031,공식
15032,새로운 청사진
15033,키워드
15034,추가
15035,리소스 라이브러리
15036,블루 갤러리
15037,재설정
15038,저장
15039,이 Blueprint 로드
15040,블록에 배치되어 Blueprint를 전환할 수 없습니다.
15041,건물을 시작하려면 다시 마우스 오른쪽 버튼을 클릭하십시오.
15042,"선택되지 않은 상자, Blueprint로 저장할 수 없습니다."
15043,청사진 만들기 시작
15044,성공적으로 저장
15045,청사진을 마스터 라이브러리에 동기화
15046,선택한 Blueprint가 영구적으로 삭제됩니다.
15047,현재 맵에는 이미 동일한 Blueprint가 있으며 가져오기 후 동일한 Blueprint가 덮어씁니다.
15048,업로드 후 장치를 교체하는 데도 사용할 수 있습니다.
15049,청사진 수가 상한 256개에 도달했습니다. 정리하고 저장하십시오!
15050,중국 스타일
15051,유럽 스타일
15052,정원 가꾸기
15053,만화
15054,기술
15199,@Null@
15200,세부 편집
15201,속성 편집
15202,새 트리거
15203,새 스크립트
15204,방울
15205,드롭 사용
15206,방울 없음
15207,사용할 수 없음
15208,이 생물 / 블럭은 편집에 사용할 수 없습니다.
15209,새 템플릿으로 저장
15210,현재 편집을 취소 하시겠습니까? 현재 편집을 취소하면 저장되지 않습니다.
15211,모델 ID
15212,종류
15213,볼 유형
15249,@Null@
15250,인사
15251,생각한다
15252,울음 소리
15253,성난
15254,뻗기
15255,승리 (해피)
15256,감사
15257,평상복
15258,떨어지다
15259,자세
15260,대
15261,운영
15262,자다
15263,앉다
15264,수영
15265,공격
15266,주사위
15267,파업
15268,편안한
15269,도약
15270,@Null@
15271,안녕하세요! #A101
15272,감사합니다! #A106
15273,죄송합니다#A105
15274,와 너무 행복해#A112
15275,함께 놀자 #A102
15276,날 따라와!
15277,안녕! 곧.
15278,#A116주의! 몬스터가
15279,어디에 있나요?
15280,"@1에 있어요! 좌표 (@2), 높이 @3."
15281,빠른 문구
15282,나는 여기 있어요! (동등 어구)
15283,상호 작용할 때 근처에 선수가 없습니다
15284,초대장을 보내 주시기 바랍니다
15285,현재 또는 상대방의 현재 상태가 상호 작용할 수 없습니다.
15286,현재 공간이 너무 작아서 개방 된 영역으로 가서 상호 작용하십시오.
15287,상대방이 너무 멀리 있습니다
15288,뭔가가 차단하고 있습니다
15289,상대방은 초청을 받아들이지 않았습니다
15290,상호 작용 초대장이 만료되었습니다
15291,더 이상이 플레이어에서 3 시간 이내에 초대장을받지 못한다.
15292,상호 작용 초대를받습니다
15293,초대장 목록
15294,수용하다
15295,거부하다
15296,초대
15297,친구를 추가하십시오! #A101.
15298,나를 기다리십시오 #A105.
15299,엄청난! #A109.
15300,다음 번에 함께 놀자!
15301,작별 인사 ~ #A118.
15302,여장
15303,선택으로 이동
15304,더 많은 의상을 구매하여 더 많은 드래그 의상을 잠금 해제하세요!
15305,내 개인 복장
15306,"끌기 동작 준비, %d초 남음"
15307,네트워크 속도 때문에 여장을 하지 못했습니다. 다시 시도하십시오.
15349,@Null@
15350,블록 라이브러리
15351,식물 블록
15352,액체 차단
15353,자연 차단
15354,장식 블록
15355,기능 블록
15356,항목
15357,소모품
15358,자료
15359,무기
15360,장비
15361,수단
15362,알을 낳다
15363,발사체
15364,Projectiles 도서관
15365,생물
15366,생물
15367,폭도
15368,산
15369,마을 사람
15370,차량
15371,효과 라이브러리
15372,Debuff
15373,버프
15374,중립 버프
15375,표현 라이브러리
15376,캐릭터 액션
15377,폭도 행동
15378,일반 행동
15379,연기
15380,폭발
15381,조명 효과
15382,입자
15383,불꽃
15384,환경
15385,팁
15386,특수 효과 도서관
15387,특수 효과 파일이 존재하지 않습니다
15388,사운드 효과 창고
15389,발자국
15390,행동
15391,공격하는
15392,대기 중
15393,스킬
15394,환경
15395,음악
15396,음성 파일이 존재하지 않습니다
15397,시청
15398,정지
15399,기타
15400,순환 방송
15401,@Null@
15402,@Null@
15403,@Null@
15449,@Null@
15450,테스트
15451,운행 정보
15452,변수
15453,트리거 선택
15454,이벤트 -
15455,조건 -
15456,액션 -
15457,#cef2d2d @1 매개 변수가없는 다 쓸 필요가있다 #n
15458,#cef2d2d 이벤트 @1 찾을 수 없습니다 #n
15459,스크립트 @1을 실행하는
15460,도리가
15461,스프린트
15462,스프린트 선택
15463,도리가 운행 정보는 없다
15464,도리가 운행 정보를 선택하십시오
15465,스프린트 인쇄 정보는 없다
15466,스프린트 인쇄 정보를 선택하십시오
15467,깨끗한 로그
15468,@Null@
15469,@Null@
15499,@Null@
15500,@Null@
15501,@Null@
15502,따르다
15503,따라
16000,블록 미니어처 모드
16001,소형 혼합 모드
16002,첫 포인트를 놓으십시오
16003,이동 영역을 결정하고 지역의#c5aea0a 블록 #n을 줄입니다.
16004,이동 영역을 결정하고 지역의#c5aea0a 소형 블록 #n을 조합합니다.
16005,미니어처의 조합을 생성
16006,생성
16007,"생성 한 소형의 조합은 자원 센터에 저장됩니다. 지상에두고, 조합의 소형 블록을 생성합니다."
16008,도구 모음이 꽉 차서 미니어처 조합이 오른쪽 상단의#cfa7a0f 资源 중심 #n에 저장됩니다.
16009,범위의 경계이다
16010,장애물이 있고 둘 수없는
16011,현재 범위에 차단하지
16012,외계인의 공격 생성 실패
16013,미니어처 조합
16014,부품
16015,안녕하세요. 여기가 방향 참조 블록입니다.
16016,작성 모드와 편집 모드에서만 사용 가능
16017,소형 블록
16018,소형 도구
16019,소형 생물
16020,사용자 정의 모델
16021,미니어처 조합
16022,생성 시간. 다시 생성하십시오
16099,버전이 너무 낮습니다
16100,지금
16101,주요
16102,모델
16103,설계도
16104,기계
16105,이미지
16106,특수 효과
16107,음성
16108,액션
16109,로직
16110,자원 공방
16111,더 많은 자원을 수취!
16112,이름으로 검색
16113,먼저 게임 내에서 자원을 창조하십시오
16114,우선 파일을 선택하십시오
16115,이동
16116,삭제
16117,업로드
16118,업로드 취소
16119,다운로드
16120,자원 공방에 업로드
16121,업로드 후 자원 공방에 제품을 둘 수 있습니다.
16122,#L#cfa7a0f 작품 업로드 및 자원 공방의 사용자 계약에 동의합니다
16123,업로드에 실패
16124,다음 자원 제작 과정에서 다운로드 한 다른 사람의 자원을 사용하여 이차 만들기 자원은 업로드 할 수 없습니다
16125,업로드 취소 실패
16126,자원 공방의 제품은 다음의 자원이 존재하고 있습니다. 업로드를 취소하기 전에 제품을 떨어 뜨려 제거하십시오
16127,"업로드를 취소 하시겠습니까?
#cfa7a0f (서버 업로드 취소 후 데이터를 삭제합니다. 자원이 복원되지 않습니다. 로컬 파일에 계속 존재합니다) #n"
16128,돌아 가기
16129,#cfa7a0f @1#n을 찾는다 결과
16130,"일부 구성 요소는 현재 다운로드 된 자원을 사용하고 있으며, 2 차 창작 자원으로 저장됩니다. 자원 센터에 업로드 할 수 없습니다. 생성을 계속 하시겠습니까?"
16131,#c0aaa1a @1#c657476 파일
16132,자원 스웨터에 자원을 업로드하십시오
16133,이 자원은 다른 상품에두고 있습니다
16134,다운로드 한 자원에서 2 차 창작의 자원은 사용할 수 없습니다
16135,다운로드 한 자원은 사용할 수 없습니다
16136,우선 자원 센터에서 자원을 다운로드하십시오
16137,"Terms of Use for the Gallery

If you have any questions about, or if you wish to send us any notices in relation to, this Term of Use for the Gallery (hereinafter referred as “Agreement”), please contact us at miniwantech@gmail.com.

1. Acceptance of the Agreement 
Unless expressly defined otherwise this Agreement, all capitalized terms in this Agreement shall have the same meaning as defined in the Terms of Use and the Privacy Policy. 

You agree to be bound by the the Agreement, the Terms of Use, the Privacy Policy and any other agreements entered by you with Miniwan related to the software“Miniworld: Block Art” (Collectively referred as the “Terms”). Anything not agreed in this Agreement shall be executed as agreed in the Terms.

2. Intellectual Property
With the elements, tools, functions and other contents in or of our software “Miniworld: Block Art”, our Services may allow you to communicate, submit, upload or otherwise make available text, images, audio, video, competition entries or other content, which may be accessible and viewable by the public (“User modified Contents”). You may not submit or upload User modified Contents that is defamatory, harassing, threatening, bigoted, hateful, violent, vulgar, obscene, pornographic, or otherwise offensive or that harms or can reasonably be expected to harm any person or entity, whether or not such material is protected by law. 

Ownership of the Intellectual Property. The visual interfaces, graphics, design, compilation, information, data, computer code (including source code or object code), products, software, services, all other elements of the Service and the User modified Contents (-Intellectual Property- or -IP-) are protected by law. All IP contained in the Service is our property or third-party licensors’ property. Except as expressly authorized by us in these Terms, you may not make use of any IP contained in the Service. We reserve all rights to the IP not granted expressly in these Terms. 

You are solely responsible for the User modified Contents you have made and you represent and warrant that: (i)You have the necessary licenses, rights, consents, and permissions, to communicate, submit, upload or make the User modified Contents Representations; and (2) the User modified Contents, and the use of your User modified Contents, does not and will not: (i) infringe, violate, or misappropriate any third-party right, including any copyright, trademark, patent, trade secret, moral right, privacy right, right of publicity, or any other intellectual property or proprietary right; (ii) slander, defame, libel, or invade the right of privacy, publicity or other property rights of any other person; (iii) require Miniwan to obtain any further licenses from or pay royalties or compensation or other amounts or provide any attribution to any third parties; (iv) result in a breach of contract between you and a third party; or (v) cause us to violate any law or regulation. You agree to pay all monies owing to any person as a result of providing the User modified Contents. 

You agree to indemnify and hold us and our subsidiary and affiliated companies, and each of their respective employees and officers, harmless from any demands, loss, liability, claims or expenses (including attorneys' fees), made against us by any third party arising out of or in connection with our use and exploitation of the User Generated Content. You also agree not to enforce any moral rights, ancillary rights or similar rights in or to the User Generated Content against us or our licensees, distributors, agents, representatives and other authorized users, and agree to procure the same agreement not to enforce from others who may possess such rights. 

We have the right but not the obligation to monitor, screen, post, remove, modify, store and review User modified Content or communications sent through Service, at any time and for any reason, including to ensure that the User Modified Content or communication conforms to the Terms, without prior notice to you. We are not responsible for, and do not endorse or guarantee, the opinions, views, advice or recommendations posted or sent by users. 

3. MONITORING AND PROHIBITED ACTIVITIES
We have no obligation to monitor the User modified Content and we are not responsible for monitoring the Service for inappropriate or illegal Content or conduct by other players. However, we do reserve the right, in our sole discretion, to monitor and/or record your interactions with the Services and other players (including chat text and voice communications) when you are using the Services.

You agree not to engage in any of the following prohibited activities on or in relation to our services, or allow any person to use Your Account with us to do the same:
•        send any unsolicited, unauthorised spam (such as spam comments in our social media services), advertising or promotional messages, or any other commercial communications;
•        submit, upload, transmit or display, through our services, any content (whether displayed publicly or not, and whether displayed directly or indirect to any other users) which in fact or in our reasonable opinion:
o        breaches any laws or regulations (or may result in a breach of any laws or regulations when used in a manner permitted by this Terms of Use);
o        creates a risk of loss or damage to any person or property;
o        is fraudulent, false, misleading or deceptive;
o        harms or exploits any person (whether adult or minor) in any way, including via bullying, harassment or threats of violence;
o        is hateful, harassing, abusive, racially or ethnically offensive, defamatory, humiliating to other people (publicly or otherwise), threatening, profane or otherwise objectionable;
o        promotes or encourages self-harming;
o        infringes our rights or any third party’s rights, including any intellectual property rights, contractual rights, confidentiality rights or privacy rights;
o        is pornographic, sexually explicit, violent or otherwise of an indecent or offensive nature; or
o        encourages or is likely to encourage any of the above;
•        violate any applicable laws or regulations, including credit card fraud or bank account fraud;
•        engage in any illegal or potentially illegal (as determined by us) activities or transactions, including sale of any illicit drugs or money laundering;
•        gamble, provide gambling information or entice others to engage in gambling through any method;
•        use or exploit any of our intellectual property rights (including our trademarks, brand name, logo, any other of our proprietary information or the layout or design of any page), or otherwise infringe on any of our intellectual property rights (including attempting to reverse engineer any applications or software used to access our services);
•        access any of our services, collect or process any content made available through our services, send or redirect any communications through our services, in each case, through the use any automated bots, software, engines, crawlers, scrapers, data mining tools or the like, or attempt to do any of the foregoing, including using any automated means to artificially promote any content;
•        engage in any “framing”, “mirroring,” or other techniques directed at simulating the appearance or function of our services;
•        interfere with, or attempt to interfere with, any user’s or any other party’s access to our services;
•        intentionally distribute viruses, worms, Trojan horses, corrupted files or other malicious code or items;
•        share or publish any other person’s personally identifiable information using our services without their express consent;
•        probe or test the vulnerability of, or otherwise circumvent (or attempt to circumvent) any security features on, our services, our systems or the systems of other users;
•        create multiple accounts for disruptive or abusive purposes; or
•        engage in any other activity that encourages any person or entity to breach this Terms of Use.

4. Indemnity
You agree that you will be responsible for your use of the Service, and you agree to defend and indemnify us and our officers, directors, employees, consultants, affiliates, investors, business partners, subsidiaries and agents (together, the -Affiliated Parties-) from and against every claim, liability, damage, loss, and expense, including reasonable attorneys’ fees and costs, arising out of or in any way connected with: (a) your access to, use of, or alleged use of the Service; (b) your violation of any portion of these Terms, any representation, warranty, or agreement referenced in these Terms, or any applicable law or regulation; (c) your violation of any third-party right, including any intellectual property or proprietary right, publicity or privacy right, property right, or confidentiality obligation; or (d) any dispute or issue between you and any third party. We reserve the right, at our own expense, to assume the exclusive defense and control of any matter otherwise subject to indemnification by you (without limiting your indemnification obligations with respect to that matter), and in that case, you agree to cooperate with our defense of that claim.

YOU AGREE TO INDEMNIFY US, OUR PARTNERS AND OUR AFFILIATE COMPANIES FROM AND AGAINST ANY CLAIM, SUIT, ACTION, DEMAND, DAMAGE, DEBT, LOSS, COST, EXPENSE (INCLUDING LITIGATION COSTS AND ATTORNEYS’ FEES) AND LIABILITY ARISING FROM: (I) YOUR USE OF OUR SERVICES OR SOFTWARE; OR (II) YOUR BREACH OF THIS TERMS OF USE."
16138,주의
16139,다음 자원은 업로드를 취소하고 서버의 파일을 삭제합니다. 로컬 파일은 영향을받지 않습니다
16140,자원 공방 제품에는 다음 자원이 존재합니다. 업로드를 취소하기 전에 제품 복용 후 삭제하십시오
16141,자원 삭제
16142,다음 자원은 제거되고 로컬 파일은 삭제 후 검색되지 않습니다
16143,다음 자원이 업로드 되었기 때문에 삭제할 수 없습니다. 먼저 업로드를 취소하십시오
16144,자원을 업로드
16145,#VALUE!
16146,"업로드 크기 @ 1 / @ 3, 업로드 수 @ 2 / @ 4"
16147,도움말
16148,"#cfa7a0f 자원 센터는#n
 리소스 센터는 플레이어가 만든 리소스 (미니어처 모델 등)을 관리하는 장소이다.

#cfa7a0f 자원 센터 -이 맵의 목적#n
1. 플레이어가 맵에서 만든 자원은 자원 센터의지도에 저장됩니다. 자원이 부분은이 맵에서만 사용할 수 있습니다.
2. 자원 센터는 현재 맵을 사용하여 자원을 분류, 이동, 삭제 등 수 있습니다.
3. 본 맵의 자원을 총 라이브러리로 이동하여 자원을 총 라이브러리에 복사 할 수 있습니다. 다른 맵에서 총 라이브러리에 액세스 할 수 있습니다.

#cfa7a0f 자원 센터 - 총 라이브러리의 용도는 무엇입니까?#n
1.지도에서이 맵 리소스에만 액세스 할 수 있지만 총 라이브러리 리소스는 모든 맵에 액세스 할 수 있습니다. 이것은 모든 맵의 전송 스테이션에 해당합니다.
2.지도는이 맵의 자원을 일반 라이브러리로 이동 (복사) 할 자원 워크숍에서 다운로드 한 다른 플레이어의 자원을 총 라이브러리에 저장되기 때문에 다른 맵도 일반 라이브러리를 통해 자원을 이동 ( 복사) 할 수 있습니다.
3. 자원 센터 - 총 라이브러리 폴더 분류, 이동, 업로드, 업로드 취소 리소스 다운로드, 삭제 등의 작업을 수행 할 수 있습니다.

#cfa7a0f 리소스 사용#n
1. 본 맵에서 자원을 클릭하고 도구 모음에서 사용합니다.
2. 총 라이브러리 자원을 직접 클릭하여 총 라이브러리의 자원을이 맵에 자동으로 복사하여 사용합니다.
3. 총 라이브러리 폴더를 선택하고 해당 자원 목록에서 관리를 클릭하고 리소스를 일괄 적으로 확인하고 이동을 클릭하여이 맵으로 이동 할 수 있습니다. 이지도에서 사용.
4. 플러그인 라이브러리 플러그인의 외관은 자원 센터의 자원을 사용할 수 있습니다.
5. 자원 센터의 자원 생물학적 모델 블록, 사용자 정의 모델 메이커 등 모델이 호출되는 곳에서 사용할 수 있습니다.

#cfa7a0f 자원을 업로드하는 방법은?#n
1. 총 라이브러리에서 관리를 클릭하여 로컬에 업로드되지 않은 자원을 확인하고 업로드 버튼을 클릭하여 업로드합니다. 자원이 성공적으로 업로드되면 아이콘의 왼쪽 상단 모서리에 구름 아이콘이 있습니다.
2. 참고 : 업로드 된 자원의 수와 전체 파일 크기는 제한됩니다.

#cfa7a0f 업로드 자원의 기능#n
1. 총 라이브러리에 업로드 된 자원 계정에 따릅니다. 장치가 교체 된 경우에도 업로드 된 리소스는 로컬에 다운로드 할 수 있습니다.
2. 총 라이브러리에 업로드 된 자원은 자원 워크숍에서 공유하기 위해 선반에 넣을 수 있고 다른 사용자는 로컬에서 사용하는 리소스를 다운로드 할 수 있습니다. 나열되어있는 자원의 경우 아이콘의 왼쪽 상단 모서리에 특별한 구름 아이콘이 있습니다.

#cfa7a0f 자원 업로드를 어떻게 취소 하시겠습니까?#n
1. 총 라이브러리에서 관리를 클릭하여 업로드 된 자원을 확인하고 취소를 클릭하여 업로드합니다.
2. 참고 : 업로드 된 자원 (업로드 된 특정 제품에 사용되는)는 취소 할 수 없습니다. 업로드를 취소하기 전에 해당 제품을 제거해야합니다.

#cfa7a0f 이차적 인 창조 자원은?#n
1. 생물학적 모델 블록과 커스텀 모델 제조 업체의 자원 워크숍에서 다운로드 한 자원을 사용하는 경우, 생성 된 자원은 이차 만들기 자원입니다.
2. 이차 만들기 자원은 총 라이브러리에 업로드 할 수 없으며, 로컬에서만 사용할 수 있습니다."
16149,온라인 동안 자원을 복사 할 수 없습니다
16150,이 자원은 오래된 업로드 할 수 없습니다. 다시 생성하십시오.
16151,이 파트는 다운로드 된 자원입니다. 이 파트에서 작성된 모델은 이차 만들기 자원으로 저장됩니다. 자원 센터에 업로드 할 수 없습니다. 추가를 계속 하시겠습니까?
16152,"총 라이브러리 파일 수 @ 1 / @ 2,"
16153,중앙 도서관의 공간이 부족합니다. 일부 파일을 삭제하고 다시 시도하십시오
16154,선택 @1 (@2/@3)
16155,미니 생성 보드 동기화
16156,미니 생성 보드가 미니 세계 파일에 게시되고 #cfa7a0f 기본 폴더 #n으로 다운로드 할 수 있습니다.
16157,모두 다운로드하십시오
16158,이 맵은 규칙 위반으로 의심되며 리소스 센터를 열 수 없습니다.
16159,오디오 라이브러리
16160,오디오 제목 입력。
16161,오디오를 선택하십시오
16162,컴퓨터에 오디오를 업로드하십시오
16163,"네트워크 연결 실패, 다시 시도하십시오"
16164,업로드할 수 없습니다. 오디오 파일은 @1Mb를 초과할 수 없습니다.
16165,"서버 연결 실패, 나중에 다시 시도하십시오"
16166,오디오 업로드 성공적으로
16167,"리소스 업로드, 기다려주십시오"
16168,이 오디오를 삭제 하시겠습니까?
16169,사진 이름을 입력하십시오
16170,이미지를 업로드하려면 클릭하십시오
16171,먼저 사진을 올려주세요.
16172,성공적으로 사진을 추가했습니다!
16173,업로드 수가 가득 찼습니다.
16174,모델이 사용되었습니다. 삭제로 인해 참조된 모델이 손실됩니다. 삭제를 확인합니까?
16175,새 폴더
16176,엔티티
16177,파운데이션
16178,새 만들기
16179,다른 지도에서 가져오기
16180,외부 리소스 가져오기
16181,리소스 가져오기
16182,"가져오기는 수정, 엔티티 사전 제작 후 가져온 외부 모델만 일시적으로 지원합니다."
16183,새 리소스 형식을 내 것으로 이동할 수 없습니다.
16184,새 이미지 리소스 형식 사용은 일시적으로 지원되지 않습니다.
16185,플레이하는 방법
16186,장식
16199,@Null@
16200,자원 공방
16201,홈
16202,분류
16203,모델
16204,자원 찾기
16205,테마
16206,내
16207,나의 판매
16208,내 주문
16209,내 소장
16210,최근 추천
16211,더
16212,검색 대상을 입력
16213,최근 업데이트
16214,인기도
16215,선택
16216,태그
16217,마크
16218,통화
16219,재설정
16220,자원을 포함 (#cfa7a0f @1 #n)
16221,설명
16222,우선 제품의 잠금을 해제하십시오
16223,다운로드
16224,다운로드 중
16225,다운로드 된
16226,자원이 다운로드되었다. 자원 센터에서 확인하십시오
16227,#c0aaa1a 무료 #n 제품 #cfa7a0f @1 #n을 다운로드합니다. 확인하십시오!
16228,무료 다운로드의 시간 오늘 : @1
16229,이 상품도 소장
16230,제품 ID를 복사
16231,타인의 상품의 부정 사용
16232,인기 검색
16233,상품명을 검색
16234,저자 검색
16235,제품 로 검색
16236,모든 자원
16237,상품명 #cfa7a0f @1 #n : #cfa7a0f @2 #n 개의 결과
16238,저자 #cfa7a0f @1 #n : #cfa7a0f @2 #n 개의 결과
16239,"""#cfa7a0f@1#n""cfa7a0f@2#n 결과 검색"
16240,모든 주제
16241,모델 주제
16242,상품 추가
16243,상품 만들기
16244,만드는 제품 유형을 선택하십시오
16245,우선 자원을 추가하십시오
16246,제목 7 문자를 입력하십시오
16247,자원을 추가
16248,통화 종류
16249,추가 자원을 선택하십시오
16250,이 자원은 다른 상품에 나열되어 있습니다
16251,다운로드 된 자원으로 만드는 차 만들기 자원은 업로드 할 수 없습니다
16252,선택한 (@1 / 10)
16253,수량은 제한이다
16254,설명을 입력하십시오 (120 단어)
16255,태그를 선택
16256,적절한 태그를 선택하면 플레이어는 더 쉽게 제품을 찾습니다
16257,"상품은 선반에 놓여 있습니다. 선반에 둔 후 정보를 변경할 수 없습니다. 선반에서 복용 후 이름 만 바꿔 없습니다.
포르노 정치, 폭력, 기타 불법 콘텐츠의 제작 및 공유는 금지되어 있습니다. 범죄자는 제목에 대해 다루고 법적 책임을 질 수 있습니다."
16258,판매 중
16259,우선 상품 정보를 기입하십시오
16260,업로드 중
16261,업로드 실패
16262,성공적으로 나열했습니다!
16263,"이 상품을 삭제 하시겠습니까
#cef2d2d (상품을 삭제하면, 다운로드 등의 제품에 의해 생성 된 통계 데이터가 삭제됩니다) #n"
16264,심사 중
16265,체크
16266,위반
16267,미발매
16268,발매 종료
16269,발매
16270,재발매
16271,"이 상품을 삭제 하시겠습니까?
#cef2d2d (제품을 제거하고 자신 밖에 볼 수 없습니다. 다운로드 등의 모든 데이터를 보관하고 삭제 후 재 출시 할 수 있습니다) #n"
16272,"이 상품을 삭제 하시겠습니까?
#cef2d2d (상품을 삭제하면 다운로드 등 생성 된 통계 데이터가 삭제됩니다. 배송 상품의 경우 삭제 후 상품은 다운로드되지 않습니다) #n"
16273,상품 모음 잠금 해제
16274,삭제
16275,삭제
16276,이 제품은 작성자에 의해 삭제되었습니다. 삭제하십시오
16277,참고 : 무료로 입수 한 아이템은 서버에 기록되지 않습니다
16278,우선 제품의 잠금을 해제하십시오
16279,아이템
16280,形像
16281,장면
16282,무기
16283,총기
16284,도구
16285,장비
16286,장난감
16287,음식
16288,잡화
16289,사람
16290,동물
16291,몬스터
16292,로봇
16293,건물
16294,블록
16295,식물
16296,장식물
16297,가구
16298,놀이기구
16299,기계
16300,종합 랭킹
16301,전체 상품
16302,제품 수
16303,코멘트하기 전에 다운로드
16304,자신은 말씀 드릴 수 없습니다
16305,이미 언급 한
16306,뭐든지 않습니다. 다른 필터를 시도하십시오
16307,뭐든지 않습니다. 먼저 제품을 다운로드하십시오
16308,뭐든지 않습니다. 먼저 작품을 소장하세요
16309,선반에서 꺼내
16310,"#cfa7a0f 자원 공방은 #n
자원 공방에서는 플레이어에 의해 생성 된 자원 (미니어처 모델 등)가 공유 및 다운로드됩니다.

#cfa7a0f 자원을 나열하려면 어떻게해야합니까? #n
1. 내 - 내 판매에서 클릭하여 제품을 추가.
2. 자원 센터의 총 라이브러리에 업로드 된 자원을 폼에 추가. 여러 리소스를 추가 할 정보를 입력하고 라벨을 선택할 수 있습니다.
3. 나열된 제품을 클릭하면 제품 리뷰 상태가되며 리뷰가 성공하면 자원 공방에 정식으로 나열됩니다.
4. 우수한 자원은 엄선 작품으로 선정되는 기회가 홈페이지와 특별 주제 등의 표시 기회가 있습니다.

#cfa7a0f 자원을 다운로드하는 방법 #n
1. 자원 공방 중 하나의 인터페이스로 상품이 표시되면 클릭하여 제품 상세 정보를 표시하고 클릭하여 다운로드 할 수 있습니다. 참고 : 무료 제품에는 하루 다운로드 횟수에 제한이 있습니다.
2. 제품에서 다운로드 된 자원은 자원 센터의 총 라이브러리에 저장되고 자원은 자원 센터의 총 라이브러리의 맵에서 사용할 수 있습니다.
3. 다운로드 한 상품은 자원 공방에서 구입할 수 있습니다. (내 구매) 참고 : 무료로 획득 한 제품은 서버가 아닌 로컬에만 기록됩니다. 단말기가 변경되면 다운로드 된 자원은 영향을받지 않습니다.

#cfa7a0f 다운로드 한 자원은 어디에 사용할 수 있습니까? #n
1. 다운로드 한 자원을 직접지도로 사용하여 블록, 소품, 생물 등의 자원에 대응하는 것을 만들 수 있습니다.
2. 플러그인 라이브러리의 외관을 사용할 수있다.
3. 생물학적 모델 블록 및 커스텀 모델 제조에 사용됩니다. 참고 : 다운로드 한 자원을 사용하여 만든 경우, 생성 된 자원은 2 차 만드는 자원이 총 라이브러리에 업로드 할 수 없습니다.

#cfa7a0f 기재되어있는 제품을 제거하려면 #n
1. 내 - 내 판매에서 선반에 놓인 상품을 클릭하여 상품 상세 페이지에서 선반에 놓인 제품을 클릭합니다. 참고 : 기성 제품은 당신에만 표시되도록 설정되어 있습니다. 모든 통계 데이터는 유지되고 다시 시작할 수 있습니다.
2. 기성 제품을 클릭하고 제품 상세 페이지 하단에있는 삭제 버튼을 클릭합니다. 참고 : 제품을 제거하면 제품이 선반에 놓인 후 생성 된 통계 데이터가 삭제됩니다. 제품을 제거하면 다른 플레이어는 그것을 다운로드 할 수 없습니다

#cfa7a0f 제품 ID는 #n
1. 제품 상세 정보 페이지의 오른쪽 아래에있는 고급 버튼을 클릭 한 다음 제품 ID를 복사를 클릭하여 숫자의 문자열을 복사합니다. 이것은 제품의 고유 ID입니다
2. 검색에서 제품 ID를 검색하도록 선택할 수 복사 된 제품 ID를 검색하여 해당 제품을 직접 검색 할 수 있습니다. 제품 ID를 다른 작은 파트너와 공유하여 자원을 신속하게 찾을 수 있습니다.

#cfa7a0f자원 엄선 설명 :#n
(1) 작품은 세세한 곳에서도 고안되었다. 매우 미세하고 정교하게 제작 된 독특한 예술 스타일을 가지고 표현 된 캐릭터, 동물, 소품을 합리적이고 섬세하게 표현 할 수 있습니다. 마지막 작품은 게임의 성능이 훌륭합니다.
(2) 원본입니다. 표절이 아니라 다른 개발자가 만든 캐릭터, 동물, 소품을 복제하지 않는 오리지널 작품.
(3) 현실적인 개체 복제. 실제 개체 또는 다른 기존의 프로토 타입을 참조하는 모델과 매우 유사합니다.
(4) 상품 정보가 전부입니다. 상품을 업로드 할 때 다음 정보를 포함해야합니다 : ① 모델 항목과 일치하는 상세하고 정확한 제목; ②8 자 이상 모델의 설명; ③1~3 개의 적절한 태그를 선택합니다. 3 개 이상의 모델 컬렉션이 추천입니다."
16311,도움말
16312,자신을 팔로우 할 수 없다
16313,자원을 압축 할 수 없습니다
16314,파라미터 오류
16315,동시에 최대 10 개의 상품을 다운로드
16316,이 제품을 다운로드합니다
16317,시간
16318,재시도
16319,상품이 상한이다
16320,우선 계약에 동의합니다
16321,"UID가 7 일 이내에 작성된 경우, 상품을 만들 수 없습니다"
16322,실수 인증 후 제품을 만들 수 있으며 제품은 리소스 센터의 전체 라이브러리에 업로드 된 리소스의 선반에 넣을 수 있습니다.
16323,로그인하지 않음
16324,자원이 너무 작아서
16325,자원이 너무
16326,자원 수가 제한이다
16327,자원 공간이 제한하다
16328,잘못된 자원 ID
16329,자원이 제품에 추가되어 있습니다. 취소 할 수 없다.
16330,자원은 존재하지 않는다
16331,잘못된 상품 유형
16332,상품명을 추가하십시오
16333,상품수가 상한이다
16334,상품의 자원 매개 변수는 실수
16335,자원은 다른 상품에 나열되어 있습니다
16336,자원에 대한 자세한 없었다
16337,제품 ID 잘못된
16338,"상품은 존재하지 않고, 리뷰 수 없다"
16339,상품 리뷰는 완료되지 않습니다. 다시 보낼 수 없습니다
16340,이것은 당신의 상품이 아니라 조작 할 수없는
16341,UID가 잘못
16342,잘못된 보고서 매개 변수
16343,자신의 제품을 평가할 수없는
16344,이 제품은 이미 평가 된
16345,상품명 비어 평가 수없는
16346,상품 정보가 비어 평가 수없는
16347,시스템이 사용 중이 어서 자세한 평가를 찾을 수 없습니다
16348,시스템은 바쁜 수장 수 없다
16349,상품을 업로드하려면 먼저 실명 인증이 필요합니다.
16350,조작이 너무 빨리 속도를 늦출 (@1 초)
16351,필터 결과 : #cd73800 @1 #n 태그 #cd73800 @2 #n 태그 #cd73800 @3 #n 통화
16352,제품 이름이 너무 깁니다
16353,상품 설명이 너무 깁니다
16354,선반에 놓는다 제품의 조건을 충족하지
16355,상품명 검증 시간
16356,상품명이 지원되지 않음
16357,상품 설명의 검증은 시간 제한
16358,상품 설명이 규칙에 맞지 않은
16359,불법 자원 선택할 수 없습니다
16360,태그를 추가하십시오
16361,다운로드 확인
16362,자원의 일부는 실패 다운로드합니다. 리소스 센터 - 중앙 도서관에서 다운로드 한 자료를 확인하시기 바랍니다
16363,자료를 찾을 수 없습니다
16364,표절 기타의 작품
16365,당신이 할 수 좋아하지 자신의 항목
16366,부족 다운로드 시간
16367,항목은 선반에서 제거되었습니다. 다운로드 할 수 없습니다
16368,불법 아이템입니다. 다운로드 할 수 없습니다
16369,다운로드 할 수 없습니다
16370,상품 리뷰 실패
16371,자원 공방 권한이 금지 된
16372,허가없이
16373,#c01aa10 @1×@2 #n으로 #cf7770f @3 #n을 삽니다. 확인해주십시오.
16374,광고
16375,가격 인력하십시오
16376,#cf4b225 참고 :이 제품은 다른 제품에서 잠금 해제 된 리소스가 포함되어 있습니다. 계속 하시겠습니까? #n
16377,추천
16378,이름
16379,함수
16380,픽셀
16381,남성
16382,여자
16383,파트너
16384,전투기
16385,마술사
16386,성직자
16387,사격의 명수
16388,애니메이션
16389,환경
16390,오토메이션
16391,생명
16392,환대
16393,가지고 다닐 수 있는
16394,생기
16395,문학
16396,소리
16397,배우기
16398,수집
16399,싸움
16400,생산
16401,마법
16402,덫
16403,조직
16404,안건
16405,uid.
16406,키워드
16407,업로드할 수 없습니다. 오디오 파일은 @1s를 초과할 수 없습니다.
16500,버전이 너무 낮습니다
16501,@Null@
16502,@Null@
16503,@Null@
16504,@Null@
16505,@Null@
16506,청사진
16550,@Null@
16551,@Null@
16552,@Null@
16553,@Null@
16554,@Null@
16555,@Null@
16556,@Null@
16600,@Null@
16601,부분적인 트리거
16602,부분적인 스크립트
16603,"이 변수가 현재의 플러그인에 연계되어있는 경우, 현재의 플러그인이 플러그인 패키지에 들어갈 때 변수의 선택 단계에서 변수는 자동으로 확인됩니다."
16604,다시는 나오지 않는
16605,제휴
16606,제휴 해결
16607,#cF62D2D 경고 : 현재의 변수는 부분적인 트리거 매개 변수에 의해 참조되어있어 연계를 해제 할 수 없습니다. #n
16608,새로운 버전
16609,이전 버전
16610,이전 버전을 편집
16611,이 플러그인은 이전 버전의 트리거를 사용하고있는 것으로 확인되었습니다. 편집을 위해 이전 버전으로 되돌릴 필요가 있나요?
16612,(#CF62D2D 경고 : 이전 버전의 트리거를 추가 할 수 없으며 플러그인 패키지로 구성 할 수 없습니다 #n)
16613,이 플러그인은 이전 버전의 스크립트를 사용하고있는 것으로 확인되었습니다. 편집을 위해 이전 버전으로 되돌릴 필요가 있나요?
16614,(#R주의 : 이전 버전의 스크립트를 추가하거나 플러그인 패키지에 포장 할 수 없습니다 #n)
16615,취소
16616,부분적인 변수
17000,@Null@
19990,블록 플러그인 편집
19991,"차단 플러그인:
 #cfa7a0f 출연 : #n블록의 이름, 설명 및 모델을 변경할 수 있습니다. 모델을 다른 블록 모양으로 변경하거나 자원 센터의 소형 모델을 사용하여 변경할 수 있습니다.
 #cfa7a0fAttributes : #n기본 속성, 낙하 및 충돌 유형을 조정할 수 있습니다."
19992,크리쳐 플러그인 편집
19993,"Creature Plugin :
 #cfa7a0f 출연 : #n생물의 이름, 설명, 모델 및 크기를 조정할 수 있습니다. 모델은 리소스 센터에서 미니어처 모델을 사용하거나 스킨과 아바타를 구입하여 다른 생물의 모습으로 변경할 수 있습니다.
 #cfa7a0fAttributes and battle #n유형, 속성 및 전투 능력을 설정할 수 있습니다.
 #cfa7a0fAdvanced #n생물의 행동을 생성하고 편집 할 수 있습니다.
 #cfa7a0f 상호 작용 #nShop을 작성하고 편집하여 생물에 첨부 할 수 있습니다. 줄거리를 편집 할 수는 있지만 새로 만들지는 못합니다.
참고 : Storyline은 Storyline Plugin을 통해서만 만들 수 있습니다. 그런 다음 대상 생물을 트리거 대상으로 설정하여 상호 작용 중에 스토리가 표시되도록하십시오."
19994,소품 플러그인 편집
19995,"소품 플러그인 :
 #cfa7a0f 출연 : #n 소품의 이름, 설명 및 모델을 변경할 수 있습니다. 모델을 다른 항목 모양으로 변경하거나 자원 센터의 소형 모델을 사용하여 변경할 수 있습니다.
 #cfa7a0fAttribute : #n다른 항목 유형에 따라 속성을 조정할 수 있습니다.
 #cfa7a0fSkill : #n아이템의 효과와 효과를 생성하고 편집 할 수 있습니다.
 #cfa7a0fItems #n새 항목을 만들거나 행운의 가방에있는 항목의 수, 항목 수 및 항목 확률을 편집합니다.
참고 : 항목 유형은 수정할 수 없습니다. 유형은 새 아이템을 만들거나 원래 아이템을 편집 할 때만 설정할 수 있습니다 (항목 유형 : 잡화, 도구, 활, 탄약 / 발사체, 무기, 음식 및 패키지).
레시피 플러그인 편집
레시피 플러그인 :"
19996,"1. 레시피 플러그인은 일부 항목, 블록 및 항목 플러그인에서 사용할 수 있습니다."
19997,"레시피 플러그인 :
1. 레시피 플러그인은 일부 항목, 블록 및 항목 플러그인에서 사용할 수 있습니다.
2. 도구 상자 없음을 클릭하면 배낭의 인터페이스에서 제조법을 만들 수 있습니다.
3. 도구 상자에서 만들어진 항목과 일치하는 래서 피 유형.
4. 생산은 플러그인 제조법을 따를 때 생산되는 품목의 양입니다.
5. 각 항목의 제작법으로 최대 6 개 항목을 선택할 수 있습니다."
19998,3. 도구 상자에서 만들어진 항목과 일치하는 래서 피 유형.
19999,"Smelting Plugin :
1. 재료 및 생산 된 제품을 지원하는 것은 일부 품목, 블록 및 품목 플러그인을 지원합니다.
2. [Burnable]을 켜서 제련 원료를 제련 연료로 설정합니다. 제련 시간은 물품을 제련하는 데 필요한 소요 시간입니다.
참고 : [연소 가능]이 켜져 있고 생산 된 품목을 설정하지 않으면 제련 재료는 연료로만 사용됩니다.
아이템을 뽑는 데 10 초의 시간이 걸립니다."
20101,5. 각 항목의 제작법으로 최대 6 개 항목을 선택할 수 있습니다.
20102,Smelting Plugin 편집
20103,"Smelting Plugin :
1. 재료 및 생산 된 제품을 지원하는 것은 일부 품목, 블록 및 품목 플러그인을 지원합니다.
2. [Burnable]을 켜서 제련 원료를 제련 연료로 설정합니다. 제련 시간은 물품을 제련하는 데 필요한 소요 시간입니다.
참고 : [연소 가능]이 켜져 있고 생산 된 품목을 설정하지 않으면 제련 재료는 연료로만 사용됩니다.
아이템을 뽑는 데 10 초의 시간이 걸립니다."
20104,후진
20105,LV1. 星埃
20106,LV2. 성운
20107,LV3. 별
20108,LV4 빨간색 거성
20109,LV5. 초거성
20110,LV6. 슈퍼 스타
20111,LV7. 블랙홀
20112,개발자
20113,생성 설정
20114,개발자가 되십시오
20115,개체 라이브러리
20116,플러그인
20117,리소스 센터
20118,방아쇠
20119,스크립트
20120,숍 설정
20121,인벤토리를 고속으로
20122,(빨리 모든 재고 항목 전환 클릭 것이다)
20123,모형 제작
20124,신속한 건설
20125,회로 설계
20126,규칙 디자인
20127,개발자의 핸드북
20128,빠른 인벤토리는 일반적인 모델 소품으로 전환 된
20129,인벤토리에 빠르게 스위치를 신속하게 빌드 소품으로 사용되어왔다
20130,빠른 인벤토리는 보통의 게임 플레이 디자인 소품으로 전환 된
20131,빠른 인벤토리는 회로 설계에 사용 소품으로 전환 된
20132,"클래스 소품 빠른 인벤토리 정보 (청사진, 문구 등)을 감지, 신속하게 작동하는 모든 인벤토리 항목을 대체 할 것"
20133,공인 개발자
20134,취소
20135,개발자
20136,모델 자원
20137,플러그 자원
20138,X 플러그인이 적용되지 않습니다
20139,다시지도
20140,"게시 된 리소스가 서버 리소스에 업로드해야, 자원이 업로드되지 않은 것을 감지, 자원이 당신을 위해 업로드됩니다."
20141,"자원, 곧 풀 리소스 업로드로 이동합니다 리소스 풀에 방출하고 서버에 업로드해야합니다."
20142,#c0aaa1a@1#c657476 파일 (다운로드 포함)
20143,개발자 도구 부동 창
20200,탐험
20201,엄마의 허가 없이는 다른 행성에서 자지 못한다!
20202,산소 펌프
20203,산소를 생성하기 위해 연료와 물질을 넣으십시오.
20204,산소 바가 가득 차면 산소 펌프
20205,에너지 위험
20206,Horas에 오신 것을 환영합니다!
20207,"외계인의 위험과 산소 부족으로 가득 찬 환경에서 살아남는 방법? #r收集氧气果, 산소 구역을 만들고, 공식 도면을 수집하고, 산소 배낭을 만들고... #r#r 주의! 리스폰이 수면으로 돌아온다!#r#r#cfa7a0f 용감하게 모험을 떠나세요! #n"
20208,@self자신이 우주에서 질식 한 ...
20209,복숭아 나무 토템은 Horas에 일어 서서 수 없습니다!
20210,팁 : 개인 정보를 잘 관리하십시오.
20211,나이에 따라 이용하실 수 없습니다.
20212,6 자 이상 입력하십시오.
20213,미니 스타 활주로
20214,생기
20215,스타일
20216,포도 수확
20217,활기찬
20218,입구 이동
20219,산책
20220,앉다
20221,Play Cool
20222,댄스
20223,구하다
20224,스킨 소유로 저장
20225,스킨이 아직 저장되지 않았습니다. 종료 하시겠습니까?
20226,현재 아카이브를 종료하여 Mini Star 활주로에 입장
20227,"제어 #cfa7a0f 문자 회전 및 확대 #n, 상호 작용할 문자 클릭"
20228,SkinShop을 열려면 클릭하십시오. DIY 갤러리 #cfa7a0f에서 액세서리를 사용하여 #n 복장을하십시오!
20229,클릭하고 애니메이션 목록으로 전환하여 캐릭터를 움직이십시오!
20230,클릭하고 스타일 목록으로 전환하면 좋아하는 #cfa7a0f 스킨 스타일 #n을 고를 수 있습니다!
20231,마침내 #cfa7a0f회원님을 구해 내세요#n! 친구들과 공유 할 수 있습니다!
20232,미니 스타 아바타
20233,(수동으로 업로드하여 검토 받으십시오. 심사 합격 후 사용할 수 있습니다)
20234,미니 스타 활주로
20235,맞춤 AR 아바타가 가득 찼습니다. 일부를 삭제 한 다음 Mini Star Runway에 들어가십시오.
20236,카메라 프레임에 검은 색 테두리를 그려 넣으십시오.
20237,미니 액티비티에 카메라 액세스 권한이 필요합니다. 미니 스타 활주로를 사용하려면 블록 아트
20238,들어가다
20239,빈 슬롯 ×@1
20240,감사
20241,웨이브
20242,미니 스타 활주로 창조 단계
20243,Go 및 다운로드 #L#cffda0a 공식 카드 #n 확인 자습서
20244,A4 크기 용지에 그림 카드 인쇄#L#cffda0a앨범 #n에 그림 카드 저장
20245,도구를 사용하여 피부를 그립니다.
20246,카메라 프레임에 그림 카드의 검정 테두리를 넣습니다.
20247,다시 생각 나지 마라.
20248,오픈 카메라
20249,다시 찍다
20250,생각
20251,외치는
20252,성난
20253,행복
20254,떨어졌다
20255,포즈를 취하십시오.
20256,카메라로 돌아 가실 수 있습니까?
20257,갈다
20258,3D
20259,@Null@
20260,@Null@
20261,@Null@
20262,@Null@
20263,@Null@
20264,@Null@
20265,@Null@
20266,@Null@
20267,@Null@
20268,@Null@
20269,@Null@
20270,@Null@
20271,@Null@
20272,@Null@
20273,@Null@
20274,@Null@
20275,@Null@
20276,@Null@
20277,@Null@
20278,@Null@
20279,@Null@
20280,@Null@
20281,@Null@
20282,@Null@
20283,@Null@
20284,@Null@
20285,곰 소년
20286,@Null@
20287,@Null@
20288,@Null@
20289,@Null@
20290,@Null@
20291,점수
20292,@1 %의 선수를 능가한다.
20293,색깔
20294,모든 AR 컨텐츠는 무료이며 원래의 플레이어 생성은 게임 개발자와 아무런 관련이 없습니다.
20295,이미지 저장
20296,저장 됨
20297,사진이 요구 사항을 충족하지 못했다면 다시 찍으십시오.
20298,세부
20299,컬렉션
20300,그림 카드를 앨범에 저장
20301,사용 코드가 잘못되었습니다.
20302,사용 코드 사용
20303,코드 사용 기한이 만료되었습니다.
20304,당신은이 피부를 가지고 반복적으로 주장하지 않습니다.
20305,Ruby와 Azure Chameleonie의 축하 행사를 축하합니다. 미니 캡틴이 카멜레온을 선물로 보내드립니다!
20306,다운로드 실패
20307,성공 다운로드 및 앨범에 저장
20308,피부 수령
20309,검토 중
20310,비뚤어진
20311,이 피부가 규칙을 어겼습니다. 지우시겠습니까?
20312,현재 버전에서는 휴대 기기에서만 사용할 수 있습니다.
20313,리뷰를 전달하기 전에 DIY 스킨을 공유 할 수 없습니다.
20314,미니 스타 런웨이 (드로잉 카드 사진 찍기)
20315,미니 스타 활주로 (계단 및 부분에서 촬영)
20316,카드가 없습니까?
20317,단위 : cm
20318,크기 팁에 따라 모든 빈 종이에 DIY 스킨을 그리고 컬러 연필로 피부를 그립니다. #L#cfa7a0f#n 단계에서 자습서를 봅니다.
20319,#L#cffda0aHead #nDraw
20320,본문 #cffda0a 정면 #nDraw
20321,본문#L#cffda0aBack #nDraw
20322,단계별로 촬영 : 카메라 프레임 내에 그림 영역을 포함시킵니다. DIY 스킨을 생성하는 3 단계로 촬영하십시오.
20323,그림 카드 가져 오기
20324,단계별로 촬영
20325,카메라 안에 그림 영역의 검은 색 테두리 포함
20326,스캔 QR 코드
20327,뒤로
20328,미리보기 없음
20329,헤드 미리보기
20330,전신 미리보기
20331,머리
20332,앞길
20333,등 몸
20334,마침 미리보기
20335,DIY 스킨이 지금 검토됩니다 (리뷰를 통과하면 멀티 플레이어에서 볼 수 있음).
20336,카메라 프레임에 QR 코드를 포함하십시오.
20337,업로드
20338,업로드 설명
20339,"#cfa7a0f 업로드 전에 준비 #n
공식 그리기 카드를 다운로드하여 그리기 영역에서 작업을 종료합니다.

#cfa7a0f 업로드 방법 #n
업로드를 클릭합니다. 그리기 카드를 찾아 클릭합니다.
#cef2d2d주의 : 업로드 된 렌더링 카드의 크기는 공식 버전 (표준 A4)와 동일해야합니다. #n

#cfa7a0f 미리보기 및 저장 #n
업로드 후 작업은 미니 스타 스킨 편집 인터페이스에 표시됩니다.
저장 후 업로드합니다. 승인되면 멀티 플레이 룸에서 볼 수 있습니다."
20340,최대 업로드
20341,주의 : 생성 된 모델이 잘못된 경우 크기와 방향이 올바른지 확인하십시오. (#L #cfa7a0f 업로드 설명 #n를 확인하십시오)
20342,내용은 리뷰되어 있지 않고 사용할 수 없습니다. 수동으로 업로드하여 검토하십시오
20343,내용은 검토 지금은 사용할 수 없습니다
20344,"내용은 규칙 위반이며, 사용 또는 편집 할 수 없습니다"
20345,스타 에모토
20346,스타 에모토
20347,스타 스킨
20348,스타 스킨
20349,내 공장
20350,기대하자
20351,설정
20352,페이지 애니메이션
20353,에모토 쇼
20354,스킨 선택
20355,액션 선택
20356,#cffffff 후방 카메라 앞에서 액션을 보여주세요 #n
20357,#cffffff 찍어보세요! cf7770f #@1 #n 당신 동작 #n
20358,#cffffff 전환하는 @1 동작 #n
20359,#cffffff 동작의 기록을 시작 #n
20360,시간 경과 기록 (5 초)
20361,모델 관리 (@1 / 3)
20362,스타 에모토 설명
20363,"스타 댄스는 인간의 뼈 인식 기능을 사용하여 현실적인 인간의 움직임을 의상을 입은 캐릭터에 일치시킵니다.
플레이어는 카메라 앞에 인체를 표시하기 만하면 화면의 의상을 입은 캐릭터는 실시간으로 플레이어의 행동에 일치시킬 수 있습니다.
플레이어는 액션을 기록하고 저장하여 사용할 수 있습니다."
20364,"저기 미니 스타 공장. 여기에는 다양한 AR 기술을 사용하여 미니 월드와 현실 세계를 연결하고 있습니다.
여기에서는 가장 혁신적이고 흥미로운 게임 플레이를 체험 할 수 있습니다. 흥미로운 아이디어와 스토리를 모두 해석 할 수 있습니다."
20365,[스타 댄스]
20366,혼자 촬영
20367,두 촬영
20368,캐릭터와 함께 춤합시다! 당신의 행동을 기록하자!
20369,상세한 튜토리얼
20370,#L 놀 수없는? #n
20371,"#cef2d2d 참고 :이 기능을 사용하는 경우, 주위의 사람이나 물건에주의하고 안전에주의하십시오. #n"
20372,휴대폰을 수직 접지면
20373,거리 1-2 미터
20374,액션 프로그램
20375,액션 앱 도움말
20376,"#cf7770f 액션 앱이란? #n
이것을 사용하여 플레이어 캐릭터의 액션을 바꿀 수 있습니다.
게임에 참여하고 스킨 모델의 동작입니다. (시작, 달리는, 누워, 앉아, 수영, 공격, 사망, 공격을받을 수 등).

#cf7770f 지원하는 스킨이란? #n
Avatars@1"
20377,액션의 조합 (액션 앱)
20378,액션 앱 이름
20379,#cffffff @1 @2 #n #cfa7a0f @3 #n 작업으로 설정
20380,저장된
20381,저장된! 액션의 조합 리소스로 저장되어 자원 센터에 확인할 수 있습니다.
20382,기본 동작
20383,이모티콘
20384,저장에
20385,#L #cffffff 자원
20386,저장하려면 적어도 하나의 액션을 설정해야합니다
20387,자원의 이름을 붙이는 (액션의 조합)
20388,표준 인체
20389,보통 인체
20390,이 뼈에 의해 만들어진 액션 스타 에모토 사용됩니다
20391,액션의 조합은 자원 센터에 저장됩니다. 기본 동작은 동작의 조합에 저장되지 않습니다.
20392,액션의 조합으로 저장 자원은 자원 센터에 저장됩니다.
20393,#L#cfa7a0f 액션의 조합을 저장
20394,표준 인체 모델을 생성
20395,액션로드
20396,액션 저장
20397,#cfa7a0f @1 #n 작업은 자원 센터에 저장됩니다
20398,모델 센터
20399,액션 센터
20400,맵 액션
20401,작업 자원 : 파일 @1/@2
20402,모델 자원 : 라일 @1/@2
20403,리소스에 대한 자세한
20404,이름
20405,자원 유형
20406,액션 마크
20407,저자 UID
20408,파일 크기
20409,모델 유형
20410,종합
20411,조합
20412,싱글
20413,소형 블록
20414,미니어처 조합
20415,미니어처 소품
20416,소형 생물
20417,사용자 정의 모델
20418,#c0aaa1a @1×@2 #n으로 #cfa7a0f @3 #n 번째 액션 앱 비트를 선택합니다. 확인하십시오. #r
20419,머리
20420,목
20421,상반신
20422,배
20423,척추 뼈
20424,뿌리 뼈
20425,어깨
20426,우견
20427,오른쪽 팔
20428,오른쪽 팔뚝
20429,오른쪽 손바닥
20430,왼쪽 어깨
20431,왼쪽 팔
20432,왼쪽 팔뚝
20433,왼쪽 손바닥
20434,오른쪽 허벅지
20435,오른쪽 종아리
20436,오른발
20437,왼쪽 허벅지
20438,왼쪽 종아리
20439,왼발
20440,확인할 수 없습니다 #r 리소스 다운로드하지 못했습니다
20441,변경할 수 없다
20442,머리를 조준
20443,돌아가는
20444,아킨보
20445,다리를 올린다
20446,처음 애니메이션
20447,액션의 이름
20448,"최대 100 프레임, 프레임 당 0.1 초"
20449,표준 인체 액션
20450,표준 인체 모델의 편집 본 매개 변수는 변경할 수 없다
20451,변경되는 내용은 없다. 저장에 실패했습니다
20452,로드되었습니다
20453,로드 실패
20454,사용하는 캐릭터는 액션 응용 프로그램을 지원하지 않습니다
20455,종합
20456,공식 액션
20457,사용자 지정 작업
20458,스타 에모토 액션
20459,작업 데이터가 없기 때문에 액션의 조합으로 저장할 수 없습니다
20460,기본 동작만으로 액션의 조합으로 저장할 수 없습니다
20461,액션 파일 수가 한계에 도달했습니다
20462,이 작업 응용 프로그램을 삭제해도 좋습니까?
20463,공식 조치는 편집을 지원하지 않습니다
20464,변위 제어
20465,변위만을 조정할 수 있습니다
20466,이 뼈는 모델 편집을 지원하지 않습니다
20467,휴대 전화는 이제이 기능을 지원하지 않습니다.
20468,주의 : 당신은 매일 대부분의 5 배에 업로드 할 수 있습니다
20469,당신은 5 회 이상을 업로드했습니다. 내일 다시 시도하십시오
20470,그대 의해서 움직이면 나도 함께 운동 해요
20471,"녹음 버튼을 눌러 3,2,1, GO!"
20472,"와우, 당신의 움직임은 모두 기록되어 있어요"
20473,완료! 빨리 봅시다
20474,저장 후 스킨 캐릭터를 사용하거나 편집 조정할 수 있습니다
20475,@Null@
20476,앱이 감사 되려고합니다 (감사가 완료된 후에 만 ​​사용할 수 있습니다)
20477,스타 댄스 | 무엇입니까?
20478,스타 댄스 | 사용법은?
20479,스타 댄스 | 무엇을 할 수 있습니까?
20480,뒤돌아
20481,좋아
20482,당황
20483,어색한
20484,희미
20485,"스타 댄스 (모션 캡처) 기능 소개에 오신 것을 환영합니다, 우리는이 기능에 대한 튜토리얼을 시작합니다."
20486,튜토리얼의 끝
20487,"실패 업로드, 로컬 파일 누락 (다른 작업을 선택하세요)"
20488,(검토가 완료된 후에는 온라인으로 만 볼 수 있습니다)
20489,@Null@
20500,사진을 찍지 못했습니다.
20501,@Null@
20502,@Null@
20503,@Null@
20508,@Null@
20509,@Null@
20510,우편
20511,이미지 삽입
20512,게시물 관리
20513,제출
20514,Statut d'amis
20515,Mon statut
20516,Dernière réponse
20517,modifier
20518,Post sentiments
20519,"Cliquez pour entrer le contenu, limite de 15 mots"
20520,Mon espace
20521,Priorité des canaux affichés
20522,Autoriser les autres à commenter
20523,Mes sentiments
20524,Plans
20525,Statut
20526,Album
20527,paramètres sauvegardés
20528,Cacher
20529,숨기기 취소
20530,Épinglé
20531,Recommandations
20532,"Recommandations non définies, veuillez éditer dans le canal de la carte"
20533,Recommandations non définies
20534,Canal de la carte
20535,인기치
20536,Centre d'affichage
20537,"● 사용자 프로필이 업데이트되었습니다. #r1.New Display Center, 좋아하는 게임 콘텐츠를 보여줍니다. #r2. 내 생각에 언제든지 업데이트! #r3.Popularity 메커니즘, 인기 = 친구 수 * 10 + 팬 수 +지도 다운로드 수 + 앨범의 좋아요 수 #r4. 그림 잠금 기능을 추가하십시오. 이 기능을 켜면 캐릭터 또는 스킨을 변경하면 이미지가 변경되지 않습니다. #r5. 상태 시스템을 추가하십시오. 친구 또는 팬들과 함께 게임에서 재미있는 순간을 공유하십시오!#r6.배지 시스템 시스템, 게임에서 작업 완료 및 독점 배지 받기!"
20538,그림 잠금 기능 꺼짐
20539,지도 표시가 비어 있고 공유로 이동합니다.
20540,표시된지도 없음
20541,"콘텐츠, 100 단어 한도를 입력하려면 클릭하십시오"
20542,비 영구적 인 아바타는 잠글 수 없습니다.
20543,이 플레이어의 계정은 사용이 금지되어 있습니다.
20544,그림 잠금 기능 켜짐 (잠김)
20545,오늘이 이미지를 클릭하면 내일 다시 오십시오.
20546,좋아요 수
20547,더
20548,#b#cffda0a기발한
20549,내 상태에서
20550,친구의 상태에서
20551,내 팔로워의 상태
20552,확인 중
20553,합격 한 검토
20554,검토 실패
20555,은밀한
20556,삭제됨
20557,고정됨
20558,댓글 닫기
20559,숨는 장소
20560,지우다
20561,게시 실패
20562,입력 내용
20563,댓글 실패
20564,상태를 수신하지 못했습니다.
20565,상태를 삭제하지 못했습니다.
20566,대답했다
20567,고정됨 취소
20568,공개 댓글
20569,취소 숨기기
20570,모든
20571,친구
20572,추종자 + 친구
20573,응답 할 수 없음
20574,은밀한
20575,상태 응답 권한
20576,개인 설정 권한
20577,고정
20578,고정됨 취소
20579,댓글 잠김
20580,댓글 잠금 해제 됨
20581,숨는 장소
20582,취소 숨기기
20583,삭제됨
20584,숨겨진 상태로 고정시키지 마십시오.
20585,플레이어가 코멘트를 닫았습니다.
20586,플레이어가 댓글 권한을 설정했습니다.
20587,몇분 전에
20588,시간 전
20589,상태 없음
20590,댓글 없음
20591,포스트 성공! 그것은 검토를 통과 한 후 볼 수 있어요
20592,5 분 안에 팝업 초대장이 없습니다.
20593,배지
20594,점수
20595,입고 있다
20596,아직 배지를받지 못했습니다!
20597,새로운 메달을받는 것을 축하합니다!
20598,업적 점수
20599,@1 업적 점수
20600,@1 수신 된
20601,배지 @1착용 중! 확인해주십시오
20602,배지 @1착용을 취소하십시오
20603,배지 작업을 완료하고 보상을 받으십시오!
20604,보상
20605,불완전한
20606,확인 해봐! 새로운 업적 배지를 획득했습니다.@1
20607,잠금 해제 조건
20608,업적 공유
20609,댓글
20610,그룹
20611,그룹 @1
20612,직접
20613,메시지 차단
20614,금지 채팅
20615,걷어차 기 그룹
20616,전송 그룹
20617,초대 허용
20618,그룹에 친구 초대
20619,그룹에 회원이 없으므로 지금 친구를 초대하십시오!
20620,그룹 정보
20621,친구 채팅
20622,"채팅 금지, 메시지를 보낼 수 없음"
20623,금지 취소
20624,초대 할 친구가 없습니다.
20625,이전 성공
20626,착용 배지 실패
20627,호스트 만이 허가증을 가지고 있습니다.
20628,"호스트 탈퇴, 전송 호스트 역할이이 채팅을 유지할 수있는 경우 그룹 채팅이 해제됩니다. 이 채팅을 취소 하시겠습니까?"
20629,@1이 (가)이 채팅에 참여할 수 없습니다.
20630,초대 실패
20631,그룹 채팅 초대 허용
20632,"그룹 회원 최대, 더 초대 할 수 없음"
20633,"그룹 채팅 도달 상한선, 새 그룹 채팅을 생성 할 수 없음"
20634,그룹 구성이 완료되었습니다. 현재 그룹에 참여하고 있는 플레이어는 @1가 있습니다.
20635,@1 플레이어님은 @2를 그룹에 초대하는 것을 환영합니다.
20636,초청 성공
20637,떠나기
20638,해산
20639,현재 그룹 채팅 기록이 없습니다. 친구들에게 빨리 연락해서 그룹 채팅을 만들어 보십시오.
20640,만들기
20641,당신의 발언은 많은 플레이어들의 제보로 인해 그룹 채팅 사용이 불가능합니다. 그룹 사회자에게 연락하여 봉인을 해제해 주십시오
20642,당신의 발언은 많은 플레이어들의 제보로 인해 단체 채팅 사용이 불가능합니다. @1 까지 기다려 주십시오.
20643,상대방의 그룹 수량이 이미 상한에 이르렀습니다
20644,"훈장 데이터 로딩 시간이 초과되었습니다, 잠시 후에 다시 시도해 주시기 바랍니다."
20645,플레이어 @1가 새 사회자가 되었습니다
20646,"사용자가 그룹에 이미 있으므로, 중복 추가할 수 없습니다"
20647,같은 날 @1회 이상 신고되면 금언 취소 불가합니다
20648,위반 정보를 게시하지 마십시오. 그렇지 않으면 미니 리더의 엄중한 처벌을 받겠습니다
20649,다음 등급 훈장으로 업그레이드를 하려면 아직 @1이 필요합니다.
20650,훈장은 이미 최고에 이르렀습니다
20651,찜에서 나오기
20652,개인 센터 만든 작품
20653,TA의 움직임
20654,나의 작품
20655,나의 찜
20656,TA의 작품
20657,TA의 찜
20658,숨겨진 맵을 메인에 걸리지 마십시오.
20659,메인에 걸려있는 맵을 숨기지 마십시오
20660,@1의 추천: @2
20661,위에 있는 QR코드를 스캔하면 미니친구로 추가합니다
20662,QR코드
20663,"이름 안의 기호는 규정에 부합하지 않습니다(빈칸, 특수 기호 등은 사용 불가)"
20664,"닉네임 중복, 다시 입력해주세요"
20665,"리뷰 성공! 단, 심사를 통과해야만 다른 사람들이 볼 수 있습니다."
20666,"설정 성공! 단, 심사를 통과해야만 다른 사람이 볼 수 있습니다."
20667,발표 성공!
20668,"닉네임은 제출되어 검토중이며, 개인센터에서 확인할 수 있습니다"
20669,(신규 닉네임 심사중)
20670,"개명 불가, 닉네임 심사 중입니다"
20671,@Null@
20672,재시도
20673,네트워크가 끊어졌습니다. 네트워크 링크를 확인하고 재시도 버튼을 클릭하십시오.
20674,덥다
20675,같은 도시
20676,관심사
20677,당신은 @ 5 명을 할 수 있습니다
20678,현재 링크:
20679,@我的好友
20680,친구와 팔로워만 볼 수 있습니다.
20681,자신만 볼 수 있습니다.
20682,공식에 게시
20683,친구와 팔로워만 볼 수 있도록 설정
20684,동적 기능이 업데이트되었습니다.
20685,메시지 더 보기
20686,@1 @了你
20687,총 @1 코멘트
20688,끝이야!
20689,관
20690,선택한
20691,모든 사람이 볼 수 있습니다.
20692,모든 알림을 지울지 여부
20693,사진 위반
20694,다른 사람의 피드에 댓글을 달 수 없습니다.
20695,클라우드 게임은 로컬 앨범을 사용할 수 없습니다. 클라이언트 측 작업을 사용하십시오.
20700,@Null@
20994,미니 학당 이벤트 인센티브
20995,미니 학당 퀴즈 이벤트에서 좋은 성적을 거둔 것을 축하합니다. 다음은 이벤트 인센티브이고 최대한 빨리 받아보세요!
20996,@Null@
20997,@Null@
20998,@Null@
20999,@Null@
21000,메리 크리스마스
21001,크리스마스 돌림판에서 다음과 같은 상를 받은 것을 축하드립니다. 빠른 시일 내에 받아보세요.기한이 지나면 무효입니다.
21002,@Null@
21003,@Null@
21004,이메일에 첨부파일이 포함되어 있으니 수령 후 삭제해주세요
21005,@Null@
21006,@Null@
21007,부활절 축하합니다
21008,부활절 에그 이벤트에서 다음과 같은 상을 받은 것을 축하드립니다. 빠른 시일 내에 받아보세요.기한이 지나면 무효입니다.
21009,게임 대작전의 인센티브 수령 안내
21010,"친애하는 친구여,당신이 이번 호의 게임 대작전에 적극적으로 참여해 주셔서,또한 랭킹에서 상위권에 들어 우수한 성적을 거두게 되어 감사합니다.이벤트 인센티브는 [뛰기] 버튼을 클릭하여 웹페이지에 접속한 후 [인센티브 수령]을 클릭하시면 되오니 확인하시길 바랍니다."
21011,"화사한 여름 방학, 즐거운 선물세트"
21012,"여름 방학 선물세트 활동에서 아래와 같은 아이템을 얻었습니다. 빠른 시일 내에 받아보십시오. 기한이 지나면 무효입니다!
 여름 방학 카니발에 서프라이즈 끊이지 않겠습니다. 당신의 이미지는 더욱 개성적이고 단조롭지 않게 정성든 맞춤 코디 세트 한시적으로 출시하고 또한 무료 선물 세트를 많이 준비했습니다."
21013,"친애하는 플레이어님. 안녕하세요? 미니 클라우드 구매 성공하셨습니다. [온라인홀-마이-미니 클라우드]로 이동하여 관련 설정을 진행하시고, 더 많은 설정 노하우를 얻으시면 [뛰기] 버튼을 클릭하세요."
21030,권한 신청
21031,미니월드 음성 채팅 기능을 사용할 수 있도록 미니 플레이는 당신의 휴대전화 음성 권한을 신청하겠습니다.
21050,@Null@
21051,게임은 가상세계이므로 당신의 신체에 해를 끼치지 않도록 어떠한 게임 행위도 모방하지 마십시오.
21052,게임은 가상세계이므로 당신에게 피해를 끼치지 않도록 게임 내 어떠한 행위도 모방하지 마십시오.
21053,게임은 가상세계이므로 당신에게 피해를 끼치지 않도록 게임 내 어떠한 행위도 모방하지 마십시오.
21054,게임은 가상세계이므로 당신에게 피해를 끼치지 않도록 게임 내 어떠한 행위도 모방하지 마십시오.
21055,게임은 가상세계이므로 당신에게 피해를 끼치지 않도록 게임 내 어떠한 행위도 모방하지 마십시오.
21056,@Null@
21057,@Null@
21058,@Null@
21059,인정 된 공식 웹 사이트 만 사용하고 가짜 웹 사이트를 조심하고 로그인하지 마십시오.
21060,"인정 된 공식 고객 서비스 채널과 만 통신하고, 사기꾼을 조심하고 어떤 펀드 전송을하지 마십시오."
21061,@Null@
21062,@Null@
21063,@Null@
21064,@Null@
21065,@Null@
21066,@Null@
21067,@Null@
21068,@Null@
21069,@Null@
21070,@Null@
21071,"잘못된 도구를 사용하면 더 많은 체력이 소모되고, 체력이 소진되면 생명을 잃게 됩니다."
21072,쌓으면 베니어를 두껍게 하고 삼각형 경사 보드를 더 많은 모양으로 확장할 수 있습니다.
21073,누군가가 황사에 묻힌 진흙 냄비에서 보물 지도를 발견했다고 한다.
21074,검은 모자 선장 티치#cffda0a 보물을 되찾기 위해 폭풍을 뚫고 기계 가게#n에 의해 만들어진 거대한 배를 탑니다.
21075,"항해사들은 희귀한 보물들을 되찾았고, 또한 #cffda0a 섬 상인들의 거래를 폭파시켰다. 위대한 항해의 시대가 왔다."
21076,"붉은 흙 구덩이#cffda0a#n에 있는 코코넛 나무 종은 돌연변이를 일으킬 것이고, 변이된 코코넛 #n은 배에 필요한 무기라고 합니다."
21077,수압은 바다의 깊이에 따라 증가할 것입니다. 수압이 높을수록 물리적 노력이 빨라지고 경도가 부족한 사각형도 분쇄됩니다.
21078,"(모험 모드) 특별한 밤은 4일마다 한 번씩 일어나며, 외출하여 뜻밖의 발견을 할 수도 있습니다."
21079,"오랜 과학 연구 끝에 작물의 성장 방식이 개선되어, 더 이상 항상 사람이 감시할 필요가 없습니다. 그들은 자신의 리듬대로 자라게 됩니다."
21080,"기르는 작은 동물들도 게을리하지 않아요. 충분한 음식과 적절한 서식지 환경, 충분한 시간만 있다면, 그들도 자라날 거예요!"
21081,"공허 에너지의 영향을 받아, 식물 / 생물은 자신의 특성에 따라 공허화됩니다."
21082,허공의 밤이 끝나고 태양이 대지에 비추면 자연 세계는 다시 원래대로 회복됩니다.
21083,"식물도 각자의 성격이 있습니다. 예를 들어, 공허나무는 어두운 곳에서만 열매를 잘 익힙니다."
21084,높은 곳에서 떨어져도 탄력이 있는 공중 발광 버섯에 착지하면 부상을 입지 않습니다.
21085,"대장의 경험에 따르면, 팀이 공중에서 소멸 된 후에도 도넛을 그대로 즐길 수있었지만 새로운 능력을 발견했습니다. 주변 에너지를 흡수하고 소용돌이를 만들어 짧은 거리를 순간이동할 수 있게했습니다."
21086,(모험 모드) 라미는 소문을 듣고 메인 퀘스트를 따라가면 보다 빨리 황혼의 보이드에 접근할 수 있다고 하였다.
21087,"(모험 모드) 환공 밤 0시에, 당신의 에너지 필드와 부활 돌기가 상호 작용하면 환공 침략이 발생합니다."
21088,"주변에는 원시 검은 용의 용두 조각상이 있으며, 보이드 침공 이벤트가 발생하지 않습니다."
21089,"잠을 자면 공허한 밤을 보내게 되고, 다음 날 깨면 예기치 않게 피곤할 거예요."
21090,"[부활 석상]을 [공허의 크리스털 덩어리] 위에 놓고 활성화하면, 공허 침략의 난이도가 높아집니다."
21091,"(모험 모드) 몬스터 난이도나 생존 난이도가 너무 높을 때, 지도 설정 화면에서 난이도를 낮출 수 있습니다."
21092,"손에 삽, 도끼, 삽 등의 도구를 든 야만인에게 조심하세요! 그들은 해당 블록을 파괴하는 능력을 습득했습니다!"
21093,"虚空 사도는 자주 밤에 돌아다니며, 어둡고 깊은 동굴에서도 사람들이 그를 마주할 때가 있었습니다."
21094,"검은 넓은 지역을 휩쓸면 창은 선을 관통하고, 팀원을 잘못 치는 것에 주의하세요! 특히 전투 동물이 함께 있을 때입니다!"
21095,"대장이 직접 경험한 바로는, 두 가지 무기/도구가 [융합대]를 통해 합쳐져 만들어진 양손 무기는 신비한 능력을 가집니다!"
21096,팀장이 체험한 것처럼 일찍자고 일찍일어나면 건강에 좋습니다. 지금은 수면을 취하는 것뿐 아니라 낮에 상태가 특히 좋아지고 효율도 높아질 수 있습니다!
21097,뛰어난 모험가는 언제나 체력 상태를 주시할 겁니다! 체력 값이 85보다 클 경우 생명력이 회복됩니다.
21098,"감사의 마음을 전해드리고자, 유학회는 매일 일어나자마자 소중히 보관하고 있던 상품들을 진열할 것입니다!"
21099,여행하는 상인은 여행 동안 경치를 기록하고 기분에 따라 어떤 생태계에서 깊이 탐색을 할지 결정하며 해당 생태계의 특산품을 가져옵니다.
21100,"유통상인의 가장 자랑스러운 작품: 지형도, 근처 지형 생태의 위치 정보를 기록합니다."
21101,블루 신호 발생기
21102,그린 신호 발생기
21103,옐로우 신호 발생기
21104,오렌지 신호 발생기
21105,퍼플 신호 발생기
21106,레드 신호 접수기
21107,블루 신호 접수기
21108,그린 신호 접수기
21109,옐로우 신호 접수기
21110,오렌지 신호 접수기
21111,퍼플 신호 접수기
21112,레드 신호 해석기
21113,블루 신호 해석기
21114,그린 신호 해석기
21115,옐로우 신호 해석기
21116,오렌지 신호 해석기
21117,퍼플 신호 해석기
21118,신호 발생기
21119,신호 접수기
21120,신호 해석기
21121,공통 집합구역
21122,레드팀 집합점
21123,블루팀 집합점
21124,그린팀 집합점
21125,옐로우팀 집합점
21126,오렌지팀 집합점
21127,퍼플팀 집합점
21128,공통 초기 출생 지점
21129,1팀: 레드팀 초기 출생 지점
21130,2팀: 블루팀 초기 출생 지점
21131,3팀: 그린팀 초기 출생 지점
21132,4팀: 옐로우팀 초기 출생 지점
21133,5팀: 오렌지팀 로치 출생 지점
21134,6팀: 퍼플팀 초기 출생 지점
21135,해당 지도 현재 구매 불가
21136,해당 지도 스토어가 잠겼습니다. 개발자에게 업데이트를 요청하십시오.
21137,저장된 상품의 종류가 현재 설정 최대치를 초과하여 저장할 수 없습니다.
21138,상품 가격이 현재 설정 가능 상한선을 초과하여 저장할 수 없습니다.
21139,홈 레벨이 @1이 돼야 이용이 가능합니다.
21140,지도가 업로드되지 않습니다. 상점을 절약 할 수 없습니다.
21200,몬스터큐브
21201,수량 설정
21202,매번 생성 수량
21203,범위 내 최대 수량
21204,생성 범위
21205,생성 고도
21206,생성 간격
21207,매번 생성 간격
21208,수량 체크
21209,"수량 체크 설정 시, 몬스터큐브는 생성 범위 내의 생명체 수량을 측정합니다."
21210,생성 범위 내의 생물 수를 제한합니다. 범위 내의 생물 수가 최대 수량 제한을 초과하면 몬스터규브는 생명체를 생성하지 않습니다.
21211,다운받기
21212,첨부 파일:
21213,모든 첨부 파일을 다운받으시겠습니까?
21214,사료
21215,건축 자재
21216,가구
21217,웨어러블
21218,특수
21219,기초
21220,재료
21226,저장 파일이 비어 있습니다. 아래 버튼을 눌러 지도를 만듭니다.
21227,한정 판매
21228,플러그인이 추가되지 않았습니다
21229,이 커스텀 웨어러블 모델들을 삭제하시겠습니까?
21230,커스텀 웨어러블
21231,null
21232,new!
21486,@Null@
21487,배낭에는 통행금지 물품[#cff3d2b@1#n]이 있어 전송할 수 없습니다.
21488,통행물[#cff3d2b@1#n]@2가 없으면 전송할 수 없습니다.
21489,전송 조건에 맞지 않아 전송할 수 없습니다.
21490,전송 지점[#cff3d2b@1#n] 비활성화 상태입니다. 전송할 수 없습니다.
21491,전송 목표점을 선택하세요.
21492,[#cff3d2b@1#n]에 성공적으로 도착했습니다.
21493,변경된 설정이 저장되지 않았습니다. 종료하시겠습니까?
21494,전송 실패!
21495,전송 경로 추가 성공
21496,전송 경로 추가 실패
21497,선택 가능한 전송 목록이 없습니다.
21498,통과할 수 있는 대오가 없습니다.
21499,해당 이름은 사용중입니다!
21500,시작점 선택
21501,#L도착 알림
21502,#L전송 비활성화 알림
21503,통행물:
21504,소모량:
21505,통행금지 물품:
21506,통행 대오:
21507,상태:
21508,신규 전송 목표점 추가
21509,전송점 편집
21510,상세 내용
21511,개요
21512,전송 목표점 선택
21513,필요 없다
21514,무제한
21515,전송 규칙
21516,대열측정
21517,#L행렬 검출
21518,통행대
21519,물품측정
21520,#L통행물
21521,#L통행금지 물품
21522,이 전송선 삭제 확인길?
21523,전송점
21524,알림 정보 클릭하여 편집하기
21525,물품 선택
21526,소모 여부
21527,전송하다
21528,이 전송점으로 전송될 시의 알림
21529,켜면 비활성화 전송점이 표시됩니다. 끄면 표시되지 않습니다.
21530,켜면 설정한 대오만 전송점을 통과할 수 있으습니다. 끄면 제한이 없습니다.
21531,켜면 가방 안에 설정한 물건만 전송점을 통과할 수 있습니다.
21532,켜면 백팩 안에 금지 물품은 전송점을 통과할 수 없습니다.
21533,@Null@
21534,@Null@
21535,@Null@
21536,@Null@
21537,@Null@
21538,@Null@
21539,@Null@
21540,@Null@
21541,@Null@
21542,@Null@
21543,@Null@
21544,@Null@
21545,@Null@
21546,@Null@
21547,@Null@
21548,@Null@
21549,@Null@
21550,@Null@
21551,@Null@
21552,@Null@
21553,@Null@
21554,@Null@
21555,@Null@
21556,닉네임:
21557,@Null@
21558,@Null@
21559,@Null@
21560,@Null@
21561,공식 이벤트
21562,大山的琴声
21563,"孩子们在烈日下排起了整齐的长队。他们看起来很腼腆，眼睛里闪着喜悦的光。来自各地的爱心礼物纷纷被急切的孩子们打开，很快操场上便此起彼伏地响起了稚嫩的口琴声，空气中伴随着风声传来了欣喜的气息。
  以志愿者的身份来到这片土地之前，我一直想象不到自己与这里的孩子们生活环境如此截然不同。这里的人们凭借着自己的双手努力生活着，孩子们红扑扑的脸上也写满了坚定。
  在一片琴声笑声中，有个光着脑袋的小男孩跑过来对我轻声说了句“谢谢”。他咧着嘴告诉我，他想好好念书，长大后去更远的地方，看看外面的世界。我看着他的双眼，身体的疲惫也烟消云散。像他这样的小孩有很多，我可能无法帮助到他们中的大多数人，但只要能让一个孩子露出笑容，一切努力都值得了。"
21564,彩色的自白
21565,我是一个“魔法师”。我能用自己的身体，涂抹出世界上最鲜艳美丽的色彩。我的出生，伴随着许多人爱心的凝聚。这些互不相识的人们，送来了许许多多像我一样的小伙伴。我们来到这里的使命，就是奉献出他们的一片热忱。  有一天，我和我的小伙伴们都被放进了一个精致的“小房子”里，经历了万里旅途，来到了遥远陌生的山区。在这里，我们被陈列在一群衣着朴素，眼睛里却有着星光的孩子们面前。很快，我有了新朋友，一位扎着马尾辫的、脸上红扑扑的小女孩。她牵着我的手，在白纸上描绘出了我见过最好看的画作。小女孩看着我，再看看自己的作品，开心地笑了起来。  在这个瞬间，我才意识到，她的笑容才是世界上最美的色彩。
21566,小小的异世界旅人
21567,"一年前，我家附近来了位陌生的朋友。它身材小小的，身体深深地扎进砂土里。我每天都会去原野里看他。它告诉我，它来自另一个世界，那里有很多跟它一样的兄弟姐妹们，与它一起旅行到了这里。
  很快，它的兄弟姐妹们也来了，小小的绿色脑袋站满了整片土地。我对它们的世界很好奇，每次过来都会问很多的问题。它们给我讲了好多奇妙生物的传说，我也跟它们讲了很多的故事，关于我、关于朋友、关于我生活的这片土地。它们会留在这里，一起让这里变得更加生机勃勃。
  看着它们一天天地长高，我心里特别高兴。它们说自己很快就能比我还高了。哼，我也在长高，才不会输给它们呢。"
21568,梦境中的华尔兹
21569,今天的梦，是一个开心的梦。在梦中，我跳起了最爱的舞，周围绽放了漫山遍野的粉红色樱花，散发着迷人的香味。我很喜欢这里，因为这儿有我的梦。  我喜欢跳舞，喜欢舞蹈时自由自在的感觉。可我却没有一双属于自己的舞鞋，直到我遇见了一群美丽的大哥哥大姐姐。  哥哥姐姐们来自很遥远的地方，他们给我们带来了希望。看着大家脸上洋溢的笑容，我仿佛也找寻到了希望。  “我想当舞蹈家！”，我坚定地看着哥哥姐姐们。  有一个大哥哥走过来摸了摸我的头。  “哥哥帮你实现这个愿望！”说完，他便递给了我一双红色的舞鞋。  我太开心了。双手捧过鞋子的时候，我感觉离梦境中的自己越来越近了。  我的希望，我的梦想，我的未来，我来了。
21570,星星的笑脸
21571,今天是一个美妙的夜晚，大山寂静地沉睡着，只有树林里传来轻轻的鸟叫声。我抬起头看着天空，看到了天上的点点繁星，它们仿佛在对着我微笑，这让我不禁想起来那群人。  听老师说，有一群从很遥远的地方来的大哥哥大姐姐，给我们带来我们需要的东西。我高兴极了。他们就像天上的星星一样，带着笑脸，给需要帮助的人们带来希望。  一颗星星的力量，是微不足道的，可是漫天的星星，却拥有巨大的能量。  我希望我长大了也能成为像他们一样的人，就像天上的星星一般，带着笑容的力量，一直闪耀下去。
21572,我最喜欢的东西
21573,"奶奶总说我把废纸浪费了
 留着还能擦鼻涕呢
 哼，其实我是要把他们变成我最喜欢的东西
 全都保护起来
 千纸鹤
 大飞机
 长钢琴
 小帆船
 还有两三颗星星
 但它们好久都没再新增成员了
 好像是奶奶把所有的废纸都藏起来了吧"
21574,迷梭梭与安吉洛斯 Ⅰ
21575,"清晰地记得她当时说“在来到阿拉善之前，我从未看过如此湛蓝的天空，也未看过晚上八九点还不下山的太阳，更从未见过一望无际的黄土与荒漠……”然后我好奇地问她外面的世界长什么样的？我听着她将外面世界的美好娓娓道来……
  后来我们一起在这片荒芜中挖坑，种上一株一株梭梭树，并在树林中立了一块标志牌。她一直非常担心，这些梭梭树苗在这么恶劣的环境中，它们能存活下来吗？荒漠能再现生机吗？哈哈哈，最后还是由我来安抚她焦灼不安的心情呢。在离开之前，她拿出相机，拍下这一片黄土和我们满带笑容充满希望的瞬间。
  哦对了，忘了告诉你，她是安吉洛斯，是一名爱心志愿者，嘻嘻。"
21576,迷梭梭与安吉洛斯 Ⅱ
21577,"前几天我翻看日记的时候，翻出那张与迷梭梭在阿拉善合影的照片，背景看上去满目荒凉，再次勾起了我对梭梭树苗的担心。我终于按捺不住内心的冲动，想亲眼去看一看那片土地上的梭梭树苗，它们还在吗？还是绿油油的样子吗？
  又是迷梭梭带我来到阿拉善。哇！眼前的一切我简直不敢相信，这一片曾经的荒漠，现在远远望去已经泛起了绿色，除了当时种下的梭梭树，竟然还有稀疏的野草。我直觉反应是来错了地方，直到看见不远处那块我们亲手安放的标志牌。算起来，距离我们上次来阿拉善才半年多而已，这里的主色调竟然从土黄变成了青黄相接。我无法形容内心的震撼，于是站在同样的位置，我们又拍了一张照片。"
21578,美好的祝福
21579,今天看到了一篇文章《多亏中印，地球比20年前更绿了》里面说“过去20年来地球新增绿化面积相当于整个亚马逊雨林覆盖的面积”，我又想起了我们在阿拉善种下的梭梭林，心中无比骄傲和自豪，阿拉善的梭梭树苗已经长高，它们改善了阿拉善的生态环境。  这一切都要感谢在迷你世界里参加公益的可爱孩子们，真心地祝愿你们永远健康、快乐成长！也感谢那些为了公益而贡献己力的人们，因为有了你们，这个世界才变得更加可爱、美好。
21580,@Null@
21581,@Null@
21582,염색으로 점수
21583,胡胡
21584,牛牛
21585,包包
21586,小白
21587,小茜
21588,小康
21589,迷梭梭
21590,安吉洛斯
21591,전송 소모[#cff3d2b@1#n] @2
21595,해당 작가는 아직 스토어를 개설하지 않았습니다.
21596,구매 횟수가 이미 일 상한에 이르렀습니다.
21597,구매 실패! 현재 지도가 존재하지 않습니다.
21598,구매 실패! 잠시 후에 다시 시도해 주세요.
21599,구매 실패! 현재 통행증 아이템 데이터 오류
21600,구매 실패! 최대 통행증 시간 초과
21601,구매 실패! 현재 지도 데이터 오류
21602,구매 실패! 본인 스터어의 통행증 아이템 구매는 당분간 지원하지 않습니다.
21603,통행증 유효기간은 최대보유기간보다 클 수 없으므로 다시 설정해 주십시오.
21604,개임룸 만들기에 실패하셨다면 통행증부터 구매하시기 바랍니다.
21605,축하합니다! 성공적으로 통행증을 구매하였습니다.
21606,"친애하는 플레이어님, 현재 미니머니를 소비하는 방식으로 지도에서 게임 권한을 구매하계 될 것입니다. 구매 즉시 권한이 부여됩니다! 현재 아이템을 구매하시겠습니까?"
21607,할인가격은 원래 가격보다 클 수 없습니다. 다시 설정해 주세요.
21608,아이템
21609,스토어 정보 저장 성공
21610,@1일
21611,없음.
21612,아래 태그을 선택해 주세요.
21613,하나의 상품을 선택해주세요.
21614,아래 화폐를 선택하세요.
21615,잔여 @1일
21616,네트워크 모드에서만 사용 가능합니다.
21617,"친애하는 플레이어님, #c0aaa1a 광고 시청 #n 또는 #c0aaa1a 미니코인 #n 등으로 #cfa7a0f 권한을 구매할 수 있습니다 #n구매 후 즉시 권한이 부여됩니다! 바로 구매하시겠습니까?"
21618,일일 구매 제한 횟수
21619,플레이어 최대 보유 기간
21620,구매 알림 팝업 시간
21621,통행증 유효기간
21622,판매 가격
21623,#L 판매시간
21624,판매 기간이 끝나면 당신의 아이템은 스토어에서 판매 중지 됩니다. 그러나 재판매가 가능합니다.
21625,태그 추가
21626,화폐 유형
21627,원가
21628,현재 보기 횟수가 다 사용되었습니다.
21629,추천
21630,핫템
21631,타임세일
21632,할인
21633,#L할인가격
21634,할인가격 설정 후 실 구매가격은 할인률에 따라 측정됩니다.
21635,#L할인 유효기간
21636,할인기간이 끝나면 판매가격은 원가로 설정됩니다.
21637,판매시간
21638,스토아 판매 기간을 설정합니다. 판매 기간을 경과한 경우에는 더이상 거래가 불가합니다.
21639,광고
21640,무료
21641,#L 광고 모드
21642,광고 수익 모드를 시작하면 광고 시청을 통해 #cfa7a0f을 무료로 받을 수 있습니다 #n. 또한 광고 수익을#cfa7a0f #n얻을 수 있습니다.
21643,디스플레이 언어 [#cff3d2b@1#n] 을 설정하는 데 실패했습니다.
21644,디스플레이 언어[#c5aea0a@1#n]가 성공적 설정되었습니다.
21645,디스플레이 언어 설정
21646,기존 번역문을 덮어쓰시겠습니까?
21647,언어 형식:
21648,#cfa7a0f 지원 언어 버전을 선택하면 어떻게 되나요? #n#r 지원 언어 버전을 선택하면 이 지도에서 텍스트를 입력할 수 있는 곳에 번역 버튼이 나타나며 실시간 자동 번역을 지원합니다. #r기다른 사람이 지도에 들어가기 전에 작가를 선택하여 지원하는 언어를 설정한 후 게임을 시작할 수 있습니다.
21649,언어 버전 지원
21650,번역 편집
21651,번역문 지원 언어
21652,전체 번역
21653,원문[#cfa7a0f@1#n]
21654,번역문[#cfa7a0f@1#n]
21655,제한 초과
21656,빈자리
21657,원문 수정이 감지되었습니다. 확인 버튼을 클릭하면 자동 번역이 다시 시작됩니다. (#cfa7a0f 비고: 기존 번역문 #n을 덮어쓸 것입니다)
21658,@1의 스토어
21659,지도 창고
21660,1. 크리에이터 스토어에서 구매한 아이템은 백팩에 바로 넣어집니다.
21661,2. 배낭 공간이 부족할 경우 구매한 아이템은 왼쪽 하단 창고에 보관됩니다.
21662,진열대 용량:
21663,상품 설정
21664,화폐 유형
21665,태그 추가
21666,판매가격
21667,건당 수량
21668,화폐 선택
21669,입력 수량이 너무 큽니다.
21670,HOT
21671,NEW
21672,태그 선택
21673,지도 버전을 사용할 수 없습니다.
21674,배낭이 꽉 찼습니다. 추출에 성공하였습니다.@1개
21675,@1을 추출하여 현재 가방의 아카이브에 저장하시겠습니까?
21676,추출 확인
21677,현재 사용할 수 없는 지도를 가방 아카이브로 추출하시겠습니까?
21678,네트워크 오류
21679,상품 정보 저장 성공
21680,개발자 인증이 필요합니다. 버튼을 클릭하여 미니박스로 이동 후 인증해주세요.
21681,개발자 인증이 필요합니다.
21682,인증하러 가기
21683,#c0aaa1a@1#n/@2
21684,합성 공간 부족
21685,분해란이 이미 존재함
21686,게시판
21687,목적지[#cff3d]2b@1#n]가 비활성화되었습니다. 잠시 전송할 수 없습니다.
21688,덮어씌우기
21689,덮어쓰지 않음
21690,번역 중입니다. 잠시만 기다려 주십시오...
21691,번역 성공
21692,번역 시간 초과
21693,"저장되지 않은 내용이 있습니다, 로그아웃하시겠습니까?"
21694,제작 완료
21695,분리됨
21696,공간 부족
21697,더 이상 내용이 없습니다.
21698,스토어: @1
21699,새로운 상호작용
21700,신규 스토어
21701,스토어 편집자
21702,스토어 설정
21703,스토어 이름
21704,스토어 설명
21705,상품 설정
21706,상품명:
21707,구매 가능 횟수:
21708,추가 시간:
21709,구매 필요:
21710,신규상품
21711,상품 상세 설정
21712,상품 구매
21713,별 구매
21714,화폐 구매
21715,단위매입수량
21716,구매 가능 횟수
21717,상품 보충
21718,보충시간
21719,남은: @1
21720,이미 매진되다
21721,상품 구매
21722,구매수량
21723,화폐부족
21724,구매 필요
21725,편지지 선택
21726,서적 서택
21727,한정세일
21728,가지고 있지 웨어러블을 취소한 후 저장할 수 있습니다.
21729,이벤트 획득
21730,가지고 있지 웨어러블을 취소한 후 저장할 수 있습니다.
21731,가방이 꽉 찼습니다. 구매 성공#cfa7a0f@1#n@2개
21732,#cfa7a0f @1#n@2개 구매 성공
21733,보관함이 차서 구매할 수 없습니다.
21734,이 스토어를 삭제하시겠습니까?
21735,기본 설정 복원하시겠습니까?
21736,물품명을 입력해주세요
21737,검색 #cfa7a0f @1 #n의 결과
21738,물건을 찾지 못했습니다.
21739,검색 내용을 비워둘 수 없습니다.
21740,스토어 개설 실패
21741,스토어 업데이트 성공
21742,켜기
21743,끄기
21744,시야
21745,가까이
21746,가운데
21747,멀리
21748,더 멀리
21749,제일 멀리
21750,UI 스타일
21751,초록색
21752,보릿빛
21753,보석 블루
21754,소포
21755,포함 물품
21756,소포 종류
21757,고정산출
21758,오픈 조건
21759,소포 종류를 선택해주세요.
21760,랜덤
21761,#L산출 물품 수량
21762,#L 중복 허용
21763,소요 수량
21764,소모 아이템
21765,물품 선택
21766,확률(%)
21767,신규 물품
21768,포함 물품을 등록해주세요.
21769,확률 총합이 100%이여야만 저장할 수 있습니다. 현재 확률 총합이 @1
21770,모든 물품 갖기
21771,"소모 @1 켜짐, 전체 물품 갖기"
21772,아래 @1개 물품 획득
21773,"소모 @1 열림, 아래 @2개의 물품 획득"
21774,열기
21775,자세한 정보 보기 >
21776,물품 설정
21777,건당 수량
21778,큐브 증여하기
21779,큐브 증여 완료
21780,큐브 증여
21781,#cfa7a0f@1#n 1개 지원. 현재 지도 #c0aaa1a 큐브 + @2#n
21782,답례 #cfa7a 0f@1#n
21783,비고: 지도당 30일내 1회 사용 제한
21784,당신은 이미 이 지도에 블록을 증여하셨습니다
21785,하나 증여하기
21786,이 지도가 괜찮다면 큐브 증여하기!
21787,당신의 @1 수량이 부족합니다. 받으러 가기!
21788,큐브 값
21789,답례 리워드
21790,지지해주셔서 감사합니다!
21791,#c0aba1d@1#n에 큐브 증여하기!
21792,"#cfa7a0f 큐브 증여란? #n
 ""큐브 증여하기""는 지도에 대한 호감을 적극적으로 드러내기 위한 것으로 모든 플레이어의 개인적 판단에 의해 자발적으로 진행됩니다.
 
 #cfa7a0f 큐브 값이란? #n
 큐브 값은 플레이어의 큐브 증여 행위의 증가에 따라 커지는 값입니다. 지도의 큐브 값이 클 수록 해당 지도의 인기가 많다는 것을 의미합니다. 또한 플레이어의 개인 페이지에서는 큐브를 증여한 지도와 이에 대한 증여 큐브의 총합을 보여줍니다.
 
 #cfa7a0f 큐브 간의 차이는? #n
 서로 다른 큐브를 증여할 때마다 커지는 큐브 값은 달라집니다. 미니코인을 지불하여 구매한 큐브를 증여할 경우 답례를 받을 수 있습니다. 동시에 지도 리뷰에서 보이는 닉네임도 달르게 보여집니다."
21793,평점
21794,추천하기 (작품이 평가원에게 발견될 확률이 높아짐)
21795,추천하기(평가원이 추천한 지도는 더 많은 사람들이 볼 수 있음)
21796,리뷰 제출
21797,나가기
21798,실패
21799,오픈 물량이 부족합니다.
21800,가방 공간이 부족하니 백팩을 정리해 주세요.
21801,얻기
21802,스토어 이름을 입력하십시오.
21803,스토어 설명을 입력하십시오.
21804,소포를 열면 몇가지 물건을 얻을 수 있습니다.
21805,중복 허용을 켜면 소포를 열 때확률에 따라 중복된 물건을 얻을 확률이 있습니다.
21806,소포 종류: @1
21807,"소포에 포함된 물품 @1종, 오픈 후 랜덤 획득가능 @2개"
21808,"소포에 포함된 물품 @1종, 오픈하면 모든 물품을 가질 수 있습니다."
21809,오픈하기
21810,필요한 아이템이 부족해요!
21811,응원해 주셔서 감사합니다!
21812,제 작품을 응원해주셔서 감사합니다. 더 좋은 작품으로 보답하겠습니다.
21816,구매 제한
21817,작가
21818,지도
21819,작가명/미니계정을 입력해주세요.
21820,지도명을 입력해주세요.
21821,검색 기록
21822,검색 기록을 삭제하시겠습니까?
21823,추천 검색어
21824,결과를 찾지 못했습니다.
21825,@Null@
21826,키워드가 너무 짧아서 검색 결과가 없습니다.
21827,현재 지도의 창고 물품은 해당 지도의 임의 아카이브에서 추출하여 사용할 수 있습니다.
21828,아직 아무런 물품이 없습니다. 스토어에서 구입할 수 있습니다.
21829,구입 가능한 상품이 없습니다.
21830,큐브를 증여할 수 없습니다. 이 지도는 아직 업로드되지 않았습니다.
21831,블랙리스트
21832,삭제
21833,삭제 성공
21834,이 메모를 삭제하시겠습니까?
21835,해당 플레이어의 모든 메시지를 삭제합니다.
21836,#c0aaa1a@1 (@2) #n 이 모멘트에 있는 모든 메시지를 삭제하시겠습니까?
21837,"#c0aaa1a@1(@2)#n을 블랙리스트에 추가하시겠습니까? 추가 후, 해당 플레이어는 더이상 당신의 모멘트에 댓글을 남길 수 없습니다."
21838,블랙리스트 추가 성공
21839,너는 이미 #c에서 금지되었다.0aaa1a@1#n의 동태에 메모를 남깁니다
21840,전송에 실패했습니다. 잠시 후 다시 시도하십시오.
21841,"@1#r
 이 @2:에게 남긴 댓글"
21842,해당 플레이어는 이미 블랙리스트에 있습니다.
21843,조명:
21844,공식 모멘트
21845,링크 삽입
21846,링크 입력
21847,링크가 성공적으로 입력되었습니다
21848,해당 링크로 이동중:
21849,모멘트를 가져오는 데 실패했습니다.네트워크 연결을 체크하세요.
21850,표시할 텍스트( T)）
21851,링크 입력 클릭를 입력하세요 ( E)
21852,비우기
21853,핫한 지도
21854,검색 유형을 변경해 볼까요? '작가'나 '커넥션'도 검색할 수 있습니다.
21855,해당 작가가 없습니다.
21856,게임방 오너 아이디만 검색할 수 있습니다.
21857,"지도, 플레이어 및 객실을 검색하십시오"
21858,키워드를 변경해서 검색해 보십시오.
21859,검색 결과
21860,종합
21861,플레이어
21862,게임방
21863,자원
21864,작가
21865,지도
21866,"작성자 ID, 자원 ID 및 이름을 입력하십시오"
21867,@Null@
21868,작은 게임
21869,게임 템플릿
21901,제품 활동
21902,판매 시간
22000,@Null@
22001,@Null@
22002,@Null@
22003,@Null@
22004,@Null@
22005,@Null@
22006,@Null@
22007,@Null@
22008,@Null@
22009,@Null@
22010,@Null@
22011,@Null@
22012,@Null@
22013,@Null@
22014,@Null@
22015,@Null@
22016,@Null@
22017,@Null@
22018,@Null@
22019,@Null@
22020,@Null@
22021,@Null@
22022,@Null@
22023,@Null@
22024,@Null@
22025,@Null@
22026,@Null@
22027,@Null@
22028,@Null@
22029,@Null@
22030,@Null@
22031,@Null@
22032,@Null@
22033,@Null@
22034,@Null@
22035,@Null@
22036,@Null@
22037,@Null@
22038,@Null@
22039,@Null@
22040,@Null@
22041,@Null@
22042,@Null@
22043,@Null@
22044,@Null@
22045,@Null@
22046,연동 보너스:
22047,메일 연동 후 다양한 보너스를 받을 수 있습니다.
22050,@Null@
23000,@Null@
23001,스토어
23002,이 아이템은 현재 지도에서 사용할 수 없습니다. 최신 버전의 지도를 다운로드 후 구매하여 사용하십시오.
23003,숫자를 입력해주세요.
23004,현재 물품을 추출할 수 없습니다.
23005,현재 물품 구매 불가
23006,동일 상품이 존재하오니 재선택해주십시오.
23007,물품 명칭
23008,미니코인/미니빈이 부족합니다. 전환 후 다시 시도해 보십시오.
23009,지도 디자이너는 개발자가 아닙니다.
23010,"구매 완료, 시간이 자동 연장되었습니다."
23011,아이템 분류
23012,무기
23013,장비
23014,음식
23015,아이템
23016,소모품
23017,기타
23018,탈것
23019,아이템
23020,선물
23021,이름을 입력해 주세요.
23022,"카테고리의 상품도 함께 삭제되는데, 카테고리를 삭제하시겠습니까?"
23023,그 작가는 아직 개통하지 않았다가게
23024,안내
23025,이름 바꾸기
23026,순서를 바꾸기
23027,삭제
23028,이름 변경 성공
23029,순서 변경 성공
23030,삭제 성공
23031,입력 내용이 너무 많습니다. 다시 시도하십시오.
23032,"민감한 단어를 포함하고 있으니, 삭제 후 다시 시도 하십니다."
23033,분류 선택
23034,아래 구분을 선택하거나 분류 만들기
23035,카테고리 제목을 5자 이내로 입력해 주세요.
23036,분류 추가
23037,분류 수량 제한 초과
23038,오류. 다시 시도해 주십시오.
23039,입력 이름이 너무 깁니다.
23040,잔여
23041,잔여 @1일 @2
23042,미니닷
23043,미니코인 가격
23044,미니닷 가격
23045,미니닷 잔액이 부족합니다.체험하러 가기
23046,현재 게임방이 닫혔습니다. 로비로 돌아가서 다시 선택하세요!
23047,모두
23048,지도가 업로드되지 않았으며 현재 상점 아이템을 구매할 수 없습니다
23049,맵이 업로드를 위해 게시되지 않았기 때문에 맵이 성공적으로 저장되고 스토어는 개발자 모드에서만 맵을 보거나 수정할 수 있습니다
23050,할인 유효 기간
23051,할인된 가격
23052,판매 가격
23053,혜택 미리보기
23054,미니 월드 그랜드 멤버십 혜택
23055,이 맵은 미니 월드 그랜드 멤버십 1개월 혜택을 구매합니다.
23056,이 맵은 3개월 이상 미니 월드 그랜드 멤버십 혜택을 구매할 수 있습니다.
23057,팁: 관련 지도 권한은 개발자가 디자인하고 게시하므로 구매를 클릭하기 전에 관련 콘텐츠를 주의 깊게 읽고 질문이 있는 경우 당사에 문의하거나 제출할 수 있습니다
23058,/달
23059,지금 구입하기
23060,미리 보기
23061,복리후생 구성
23062,팁: 설명된 혜택이 실제로 해당 트리거 규칙으로 구성되었는지 확인하십시오
23063,제품 나열
23064,일반 회원 혜택
23065,1개월 멤버십 혜택 구매
23066,3개월 멤버십 구매
23067,"미니 월드 그랜드 멤버십을 활성화한 분들은 이 맵에서 다음과 같은 추가 특전을 누리실 수 있습니다. (입력하려면 클릭, 50단어로 제한)"
23068,클릭하여 입력(0-8단어)
23069,아이템 구성 사용
23070,미니 포인트 가격
23071,상금 내용
23072,상품 수
23073,리스팅 삭제
23074,청구 조건
23075,무료 상품 청구 구성
23076,시간별 로그인
23077,매일 로그인
23078,매주 로그인
23079,매월 로그인
23080,확실한가요
23081,선반이 비어 있습니다
23082,상품 아이템을 추가하면 맵샵을 돌아다니며 수익 배분을 창출할 수 있습니다~
23083,미니 월드 그랜드 멤버십 혜택
23084,검토 중
23085,검토에 실패했습니다.
23086,선반
23087,기습 작전
23088,선반 위에
23089,교환 조건 @1
23090,받다
23091,미니 도트 필요: @1
23092,"도움말: 광고를 시청할 수 있는 횟수에는 제한이 있으며, 1회 시청에 대해 1장의 사용 티켓을 받을 수 있습니다. 교환 티켓은 당일에만 사용할 수 있으며 다음날 삭제됩니다."
23093,미니 도트 필요: @1
23094,청구 조건: @1
23095,리워드 받기
23096,시간별 혜택
23097,일일 혜택
23098,주간 혜택
23099,월간 혜택
23100,큰 회원
23101,광고
23102,복지
23103,교환 티켓 수: @1
23104,교환
23105,년
23106,달
23107,하늘
23108,시
23109,분
23110,초
23111,@1后领取
23112,준비 중인 광고
23113,배
23114,상환 성공! @1已发放到仓库
23115,하루에 최대 @ 1 번 광고 시청
23116,모바일 미니 월드에서만 광고를 볼 수 있습니다!
23117,재생 실패
23150,미니 월드 그랜드 멤버십을 활성화한 분들은 이 맵에서 다음과 같은 추가 특전을 누리실 수 있습니다.
23151,삭제 후 복구 할 수 없으며 삭제를 확인합니까?
23152,제거 후 제품이 사용자 저장소에 나타나지 않고 제거됩니까?
23153,@1的商店
23154,혜택 평가
23155,혜택 검토
23156,사다
23157,교환
23158,징수 혜택
23159,지도 평가
23160,코멘트를 남겨주세요
23161,책갈피 맵
23162,주장
23163,지도 픽업 검토
23164,데리러 댓글을 남겨주세요
23165,픽업을 위해 지도 수집
23166,5 단어 이상
23167,시청 광고 보상 새로고침 시간: @1
23168,미니 월드 모바일 측의 광고를 시청하여 미니 포인트를 받으세요
23169,"#cfa7a0f- 크리에이터 스토어란 무엇입니까?#n
크리에이터 스토어는 크리에이터가 자신의 지도에서 지도 소품을 판매할 수 있는 매장입니다. 크리에이터가 지도에서 돈을 벌 수 있는 채널 중 하나입니다.

#cfa7a0f- 어떤 통화를 사용하여 판매할 수 #n
1. 판매는 미니 코인, 미니 도트, 미니 빈 및 광고로 해결할 수 있습니다.
2. 미니 코인: 플레이어는 재충전을 통해서만 미니 코인을 얻을 수 있습니다.
3. 미니 도트: 플레이어가 광고를 보고 번 통화.
4. 미니 빈: 플레이어는 홈 퀘스트나 플랫폼에서의 활동을 통해 콩을 얻습니다.
5. 광고: 플레이어가 설정한 광고를 통해 수익을 창출합니다.
6. 지도에서 위의 통화를 소비하는 플레이어는 소득의 일정 비율을 얻을 수 있습니다. 특정 소득 규칙은 창조 서비스 플랫폼에서 볼 수 있습니다."
23170,크리에이터 스토어 규칙
23171,품목 머천다이징 구성에 대한 도움말
23172,"#cfa7a0f - 통화 유형 #n1.상품은 설정한 통화 유형으로 판매되며, 플레이어는 구매 후 해당 수입을 얻을 수 있으며, 특정 수입 규칙은 생성 서비스 플랫폼에서 볼 수 있습니다. 2. 미니 코인: 플레이어는 미니 코인으로 얻은 통화만 충전할 수 있습니다. 3. 미니 포인트: 플레이어가 광고를 보고 얻는 통화입니다. 4. Mini Beans: 플레이어가 플랫폼에서 홈 미션이나 활동을 통해 얻는 통화입니다.   #cfa7a0f - 아이템 분류#n 커스텀 아이템 분류를 생성하여 플레이어가 분류에 따라 아이템을 찾을 수 있도록 할 수 있습니다.   #cfa7a0f - 제품 이벤트 #n1.기간 한정 및 할인은 구성 가능한 품목 가격 이벤트이며 나머지 옵션은 권장 코너 마크일 뿐입니다. 2. 기간 한정 이벤트: 판매되는 아이템의 일수와 수량을 제한하며, 기간 한정 수량이 종료된 후 아이템이 선반에서 제거됩니다. 다시 상장할 수 있습니다. 3. 광고 모드: 광고 모드를 켠 후 플레이어는 광고를 직접 보거나 설정한 통화를 사용하여 구매 및 획득할 수 있으며 두 가지 모드가 동시에 존재할 수 있습니다. 플레이어가 광고를 본 후 광고를 공유할 수 있습니다. 4. 아이템 숨기기: 아이템을 숨긴 후 플레이어는 크리에이터 스토어에서 아이템을 볼 수 없지만 트리거를 통해 아이템을 회수할 수 있습니다. 5. 나열된 제품: 제품이 제거된 후에는 플레이어가 구매할 수 없습니다."
23173,제품 소품 추가 플레이어는 광고를 보고 사용할 수 있으며 교환에 성공하면 해당 수입을 얻을 수 있습니다.
23174,상품 소품 추가 플레이어는 지도를 플레이하고 댓글을 달아 사용할 수 있습니다.
23175,현재 맵에는 커스텀 소품이 없으며 플러그인에서 커스텀 소품을 만들 수 있습니다.
23176,혜택 클레임 구성 규칙
23177,"플레이어가 설정한 조건을 충족하면 복지 상점에서 아이템을 받을 수 있으며, 수령 조건은 다음과 같습니다. 1. 소비 수집: 주기 동안 플레이어는 개발자 상점의 소비 금액이 도착한 후 아이템을 받을 수 있습니다. 2. 초보자 혜택: 모든 플레이어가 한 번 청구할 수 있습니다. 3. 시간별 로그인 : 현재 시간 내 로그인을 청구할 수 있으며, 새로고침 시간은 매시간 00초 00분입니다. 4. 일일 로그인 : 청구하려면 하루 안에 로그인하고, 매일 24:00:00 새로 고침 시간. 5. 주간 로그인 : 일주일 안에 로그인하여 수신, 매주 월요일 새로고침 시간. 6. 월간 로그인 : 해당 주에 로그인하여 수령하고, 매월 1일 갱신 시간을 갱신합니다. 7. 지도 검토: 지도의 대화형 평가를 좋아하거나 클릭한 후 얻을 수 있습니다. 8. 댓글 남기기: 지도에 댓글을 달고 픽업할 수 있습니다. 9. 즐겨찾기 맵 : 수집 후 맵을 수집할 수 있습니다."
23178,스토어 구성 규칙 사용
23179,플레이어가 미니 포인트로 아이템을 교환하면 해당 수익 몫을 얻을 수 있습니다. 플레이어는 교환 상점에서 광고를 시청하여 각 광고에 대해 약 5 미니 포인트를 얻을 수 있습니다.
23180,구매에 실패했습니다. 다시 시도하세요.
23181,상품이 선반에서 제거되어 구매할 수 없습니다.
23182,구매 한도에 도달하여 다시 구매할 수 없음
23183,상품이 품절되어 구매할 수 없습니다.
23184,항목에 대한 설명이 없습니다.
23185,기간 한정 판매 종료
23186,기간 한정 세일 @ 1 일
23187,오퍼 판매 종료
23188,오퍼 세일 @ 1일
23189,구매 한도
23190,@Null@
23191,남았어.
23192,구매 제한 켜기
23193,제품 나열
23194,제품이 제거되면 플레이어는 구매를 할 수 없으며 제거됩니까?
23195,숨겨진 물건
23196,기본 정보
23197,확장 구성
23198,수량 한정
23199,제한
23200,남은 활동
23201,지도 내 소비
23202,따기 후
23203,미니코인
23204,미니 콩
23205,추가
23206,제품을 구매할 때 자주 작동하지 마십시오
23207,이름
23208,묘사
23209,평가판 가격
23210,판매 세부 정보
23211,영구 스킨 가격
23212,하늘
23213,다시 업로드
23214,구매 @ 1 일
23215,영구 구매
23216,적시성: 퍼페츄얼
23217,적시성: @1
23218,내 소품
23219,내 피부
23220,사용 중
23221,"#cfa7a0f - 제품 정보 설명 #n1.스킨 이름 제한 8단어(필수 정보) 2. 설명은 필수 정보(필수 정보)입니다. 3. 스킨 가격은 영구 가격과 체험 가격으로 나뉩니다. - 영구 가격으로 구매하면 스킨은 제작자가 아이템을 삭제하지 않는 한 플레이어의 저장소에 남아 있습니다. - 크리에이터는 체험 기간을 설정할 수 있으며, 체험 가격으로 구매한 후 유효 기간 동안 스킨을 체험할 수 있으며, 유효기간이 지나면 재구매할 수 있습니다. 4. 상장 및 상장 취소: 상품 제거 후 플레이어는 상품을 구매할 수 없지만 구매한 플레이어는 계속 사용할 수 있습니다. #cef2d2d5. 다시 업로드: 구매한 플레이어의 모델을 포함하여 원본 모델을 덮어쓰고 모델이 새 모델로 교체됩니다. #cef2d2d6. 스킨  제거: 스킨을 삭제하면 매장 판매에 영향을 미치지만 구매한 플레이어의 사용에는 영향을 미치지 않습니다. (로컬 모델을 삭제하면 플레이어의 사용에 영향을 미칩니다) 7. 숨겨진 아이템: 이 아이템은 플레이어 측 크리에이터 스토어에 표시되지 않지만, 크리에이터는 트리거 및 기타 수단을 통해 불러올 수 있습니다. 8. 상품 이벤트 - 기간 한정 및 할인은 구성 가능한 품목 가격 이벤트이며 나머지 옵션은 권장 코너 라벨만 있습니다. - 기간 한정 이벤트: 아이템을 판매할 수 있는 일수를 제한하며, 기간 한정 기간이 만료되면 아이템이 제거됩니다. 다시 상장할 수 있습니다. - 프로모션 : 해당 기간 동안 할인된 가격으로 판매되며, 이는 영구 스킨의 가격에만 영향을 미치며, 기간 종료 후 원래 가격으로 복원됩니다.   #cfa7a0f - 창작 내용#n, 제품명, 설명, 모델 정보를 엄격히 통제하고, 타인의 권익을 침해하지 않으며, 민감한 내용, 테러 관련, 음란물 및 기타 불법적인 콘텐츠를 제작, 업로드 또는 게시하는 것을 엄격히 금지합니다. 일단 발견되면 직접 금지되며, 상황이 심각하면 조사 및 처리를 위해 사법 기관으로 직접 이송됩니다."
23222,@3을 구매하기 위해 @1x@2 지출합니다.
23223,"#c0aaa1a@1×@2#n을 사용하여 #cfa7a0f@3#n을 구매합니다. #r (적당한 오락 합리적 소비, 이 지도의 스킨만 해당)"
23224,트라이얼 스킨 가격은 영구 스킨 가격보다 높을 수 없습니다.
23225,맵 스킨 세부 정보 페이지
23226,제품의 기본 정보를 작성하십시오
23227,스킨은 이 맵 내에서만 사용할 수 있습니다
23228,현재 맵 버전에서는 스킨을 사용할 수 없습니다.
23229,이 맵에서 스킨을 영구적으로 삭제하시겠습니까? #cef2d2d (스킨이 삭제되면 스킨을 구매할 수 없습니다) (필요하지 않은 경우 제거하도록 선택할 수 있습니다) #n
23230,구매가 성공하면 제품이 크리에이터 스토어 창고에 보관되었으니 왼쪽 하단부터 창고로 들어가 보시기 바랍니다.
23231,사용할 모델이 없으며 미니어처 모델을 사용하거나 작업장에서 다운로드 할 수 있습니다.
23232,나열된 스킨 제품에 규정을 준수하지 않는 콘텐츠가 있는 경우 다시 제출해 주세요.
23233,검토 중에는 수정이 허용되지 않으므로 검토가 완료된 후 편집을 참을성 있게 기다려 주십시오.
23234,공개된 맵을 업데이트한 후 스킨이 리뷰 상태로 들어갑니다.
23235,판매하기 전에 스킨을 업데이트하고 지도를 공개해야 합니다.
23236,제품에는 중요한 콘텐츠가 포함되어 있으며 일시적으로 사용할 수 없으므로 개발자가 수정하고 사용할 때까지 기다립니다.
23237,제품에 민감한 콘텐츠가 포함되어 있습니다.
23300,
24000,@Null@
24001,@Null@
24002,@Null@
24003,@Null@
24100,@Null@
25000,구역 정보
25001,길이:
25002,너비:
25003,높이:
25004,선택 취소
25005,종결점 취소
25006,브러시
25007,필러
25008,크기 조정
25009,빈속
25010,붙여넣기
25011,중첩하기
25012,큐브 교체
25013,교체 가능 큐브
25014,현재:
25015,브러시 모드
25016,선택 모드
25017,선택 모드로 전환
25018,브러시 모드로 전환
25019,필러 선택
25020,공기 부분만 채우기
25021,반지름:
25022,입방체
25023,원기둥
25024,구체
25025,평면 사각형
25026,평면 원형
25027,선 연결
25028,면 연결
25029,X축 모드:
25030,Y축 모드:
25031,Z축 모드:
25032,연속 여부:
25033,모양
25034,#c5aea0a필러 브러시
25035,#c5aea0a브러시 지우기
25036,#c5aea0a리필 브러시
25037,#c5aea0a플랫 브러시
25038,큐브 #c5aea0a로 #n채우기
25039,#c5aea0a로 #n선택 영역 지우기
25040,#c5aea0a로#n선택 영역 복사
25041,#c5aea0a로#n복사된 선택 영역 붙여넣기
25042,#c5aea0a로#n선택 영역 이동
25043,#c5aea0a로#n선택 영역 바꾸기
25044,#c5aea0a로#n겹치기
25045,#c5aea0a선택 모드로 전환됨
25046,#c5aea0a브러시 모드로 전환됨
25047,선택 영역에 이동에 성공
25048,선택된 #cffda0a@1#n이 #c5aea0a@2로 대체됨
25049,현재 선택 해제되었습니다.
25050,선택 영역이 제거되었습니다.
25051,채워넣기 성공
25052,붙여넣기 성공
25053,레이어링 성공
25054,선택구역 복사 성공
25055,복원 성공
25056,취소 성공
25101,개발자 스토어 열기
25102,당신의 배낭은 이미 꽉 찼습니다. 물품은 #Y개발자 스토어 저장소 #n에 저장됨
25103,"#Y@1#n 구매성공, 배낭에 넣었습니다"
25104,상품을 아직 설정하지 않았습니다. 개발자 스토어로 가서 설정하세요.
25200,핫 추천
25201,맞춤형 추천
25202,다운로드 중
25203,기다리는 중
25204,기본 정렬
25205,다운로드 수에 따라
25206,별점에 따라
25207,인기도에 따라
25208,시간에 따라
25209,업로드 시간에 따라
25210,총 @1명의 평가원 추천
25211,"앗, 인터넷에 문제가 생겼군"
25212,"앗, 로딩에 실패"
25213,@1장 새로 업데이트되었습니다.
25214,"앗, 데이터를 잃어버림"
25215,더보기
25216,모두 보기
25217,템플릿
25218,코드
25219,코드 보기
25220,진행 중인 변경 사항을 저장할 수 없습니다.
25221,더 많이 펼치기
25222,접기
25223,"많이 게으른 분이군요, 아무런 흔적도 남기지 않았네요."
25224,지도 작품
25225,다운로드 수
25226,플레이 인기
25227,업데이트 시간
25228,찜
25229,큐브 증여
25230,찜 완료
25231,큐브 증여 완료
25232,평점
25233,온라인 모드로 플레이
25234,"가져오기 실패, 오른쪽 클릭사이드 아이콘으로 온라인 게임방 확인하기"
25235,학습용 템플릿 지도
25236,템플릿 지도 구매
25237,프로필 규정 위반
25238,이미 팔로우함
25239,주제
25240,추천하다
25241,순위
25242,최신
25243,내 거
25244,현재 순위 :
25245,창조
25246,뜨거운 주제
25247,주제 세부 사항
25248,따르다
25249,따라 가다
25250,지도
25251,대부분의 다운로드
25252,최근 업로드
25253,가장 빠른 업로드
25254,나는 ]n 업로드를 원한다
25255,보류 중
25256,주제는 확인되지 않았습니다
25257,주제를 위반 한 것으로 검토되어 다른 주제를 확인하십시오!
25258,...에 적재 ...
25259,좋다
25260,싫어함
25261,공유하다
25262,연결이 실패했습니다. 다시 시도하십시오
25263,표지가 업로드되지 않았거나 손상되었습니다.
25264,스위칭 모드를 사용할 수 없습니다.
25265,설립하다
25266,사임하다
25267,새 방 만들기
25268,좋아하는 @ 1?
25269,@1 좋아요
25270,좋은 리뷰
25271,@1 리뷰를 해보세요!
25272,이 맵은 아직 평가에 사용할 수 없습니다.
25300,@Null@
25301,현재 기본 프로필 사진
25400,일반 효과
25401,특수 효과
25402,특수효과 보관함
25403,외관
25404,효과
25405,속성
25406,상태 편집
25407,이름
25408,소개
25409,아이콘
25410,특수 효과
25411,음향 효과
25412,시연
25413,지속시간
25414,지속 모드
25415,무한
25416,유한
25417,장시간
25418,상태 종류
25419,유리한 상태
25420,불리한 상태
25421,우선 순위
25422,덮어씌우기
25423,병존
25424,사망 기록 삭제 하지 않기
25425,초
25426,효과 추가
25427,능동 공격 제거 상태
25428,데미지 제거 상태
25429,속도 종류
25430,배율변경
25431,굴착 속도
25432,상해 유형
25433,수치 변경
25434,속성 종류
25435,시간 간격
25436,부상 유형
25437,행운 종류
25438,격퇴격수
25439,신체 부위
25440,모델 선택
25441,변신 시 시각 변경
25442,변신 시 아이템을 사용할 수 없음
25443,환경
25444,데미지 흡수
25445,공격력 종류
25446,격수 격파
25447,촉발 확률
25448,상태 지속 시간
25449,방어값 종류
25450,역습 데미지
25451,효과 편집
25452,"덮어쓰기: 동일한 상태일 때 이미 존재하는 상태를 덮어 씁니다.
 병렬: 동일한 상태일 때는 이미 얻은 것과 병존합니다."
25453,상태 구분을 설정해 주세요.
25454,현재 효과에 변경 사항 없습니다.
25455,부가 상태
25456,부피 변경
25457,낙하배수
25458,상태 라이브러리
25459,체력 유형
25460,역할 행위
25461,캐릭터 상태
25462,촉발 제한
25463,낙하물 산출
25464,촉발 시기
25465,완료되면 사운드를 재생합니다
25466,쿨 다운
25467,독소
25468,출혈
25469,불꽃
25470,추운
25471,혼돈
25472,변환
25473,동결
25474,이미지 리소스
25475,온도는 투명도에 영향을 미칩니다.
25476,효과 크기
25477,온도 효과
25478,버프 타입
25479,제한된 버프 누적 상한
25480,단일 이동 작업의 누적 값
25481,이동 작업 간격 눈금
25482,무제한 버프 축적 캡
25483,손상 값
25484,적절한 온도를 초과할 수 있음
25485,범위 크기
25486,블록 생성
25487,음식 종류
25488,속성 유형 복구
25489,@Null@
25490,@Null@
25491,@Null@
25492,@Null@
25493,@Null@
25494,@Null@
25495,@Null@
25496,@Null@
25497,@Null@
25498,@Null@
25499,상태 편집 설명
25500,"상태 플러그인 옵션 설명:
 #cf4b225외관: #n는 상태의 이름, 소개, 아이콘, 효과, 음향 효과 등의 표시를 변경할 수 있습니다.
 #cf4b225효과: #n는 상태의 효과를 수정할 수 있습니다. 단일 상태에 대해 최대 5가지 효과를 설정할 수 있습니다.
 #cf4b225속성: #n는 상태의 지속 모드와 속성을 설정할 수 있습니다.
 #cfa7a0f부분 트리거: #n은 개발자 아이템 중에 있는 트리거와 다릅니다. 플러그인 전용으로 더 많은 기능을 갖고 있습니다.
 #cfa7a0f부분 스크립트: #n은 개발자 아이템 중의 스크립트와 다릅니다. 플러그인에 한해서만 발생합니다.
 추가 설명: 해당 플러그인이 이전 버전의 플러그인 내장 트리거나 스크립트를 사용하였었다면, 트리거나 스크립트 옵션의 전환 스위치를 클릭하여 이전 버전으로 되돌릴 수 있습니다. 그러나 예전 버전은 신규 콘텐츠를 지원하지 않습니다."
25601,상태 아이콘
25602,기능 아이콘
25603,행동 아이콘
25604,이모티콘
25605,@Null@
25606,@Null@
25607,@Null@
25608,@Null@
25609,@Null@
25610,
25750,지도 이름
25751,지도 형식
25752,지도 소개
25753,배경 이미지
25754,치수
25755,크기
25756,"#L#cfa7a0f사용자 약관 #n, #L#cfa7a0f 내용 공지 #n에 동의합니다."
25757,지도 종류를 선택하세요.
25758,지도에 대한 설명을 입력해 주세요.
25759,사용자 배경 설정
25760,더 추가하기
25761,죄송합니다. 이 기능은 개발자에게만 공개됩니다.
25762,죄송합니다. 이 기능은 개발자 Lv.2 이상 유저에게만 공개됩니다.
25763,배경 이미지을 삭제하면 게임 내 캡처 화면이 새로운 배경으로 설정됩니다. 삭제하시겠습니까?
25764,이미지 사이즈나 용량이 요구에 맞지 않습니다.
25765,"이 종류를 선택하면, 지도가 플레이 모드로 바뀝니다."
25766,"이 종류를 선택하면, 지도가 편집 모드로 바뀝니다."
25767,소개 이미지 수량이 @1장 보다 클 수 없습니다.
25768,클라우드에 동기화되지 않았습니다.
25769,지도 내 캡처 이미지를 배경으로 설정하시겠습니까? 전환 후 배경 이미지 설정이 초기화 됩니다.
25770,배경 이미지 변경
25771,업로드를 취소하시겠습니까?
25772,주제를 추가하십시오
25773,지도 주제
25774,뜨거운 주제를 선택하십시오
25775,"사용자 정의 주제, 최대 30 자까지 입력하십시오"
25776,주제 성공 추가
25777,7 월 1 일 이후에 만든지도는 주제를 추가 할 수 있습니다.
25778,검토를 보류하다
25779,국가 창조제에 참여하여 보상을이기십시오
25780,주제가 입력되지 않았습니다
25781,로드 중 ...
25782,주제가 확인되지 않은 경우 다시 입력하십시오.
25783,주제가있는지도 로컬로 보류 할 수 없으므로 관련 정보를 수정하고 업로드하십시오.
25784,주제 바인딩 실패 관련 정보가 올바르게 채워지는지 확인하십시오.
25785,갤러리 주제로 이동하려면 클릭하십시오
25798,지도 업로드에 실패했습니다. 다음 파일 경로와 이름을 확인:
25799,현재 이미 최신 내용입니다. 재업로드 필요가 없습니다.
25800,지도 업로드
25801,업로드
25802,지도 업로드
25803,클라우드 백업 지도
25804,공개
25805,비공개
25806,업로드 취소
25807,업로드 성공
25808,심사가 통과되면 미니 공방에 업로드되어 공개 처리됩니다.
25809,이 지도만 클라우드에 백업합니다. 비공개 처리됩니다.
25810,지도 검토 중입니다.업데이트할 수 없습니다.
25811,수정할 필요가 있다
25812,이 저장 파일은 민감한 내용을 포함하고 있습니다. 수정한 후 다시 업로드 해주세요.
25813,이 저장 파일은 민감한 내용을 포함하고 있습니다. 수정해서 올려주세요
25814,이 저장 파일은 규정을 위반하여 업로드 할 수 없습니다. 수정 반영 후 다시 시도할 수 있습니다.
25815,@Null@
25816,하나가 가짜면 모두 가짜(조건값 중 하나가 가짜면 결과는 모두 가짜)
25817,하나가 진짜면 모두 진짜(조건값 중 하나가 진짜면 결과는 모두 진짜)
25818,논리적 반대(결과는 입력 조건값과 반대)
25819,현재 미니계쩡 비밀번호가 만료되었습니다. 최신 비밀번호로 등록해주세요.
25820,(친구와 온라인으로 함께 하기)
25821,친구 온라인 연결 모드를 시작합니다. 이 모드에서는 친구만 초대할 수 있습니다. 또한 친구들의 온라인 게임방은 비공개로 처리됩니다.
25822,친구 온라인 모드에서는 게임방 주인의 친구만 게임에 참여할 수 있습니다.
25823,규칙에 위반한 행위를 적극 신고처리하여 개인의 권리를 보호하시기 바랍니다.
25824,"""친구 온라인 연결모드""에서 위반 내용이 신고 접수되어 해당 기능 사용이 @1까지 불가합니다."
25825,친구 온라인 모드
25826,친구들을 친구 온라인 모드에에 초대하려면 친구는 @1명 이상이여야 합니다. 현재 친구는 @2으로 친구를 요청할 수 없습니다.
25827,"친구가 된 지 #cef2d2d@1일 #n이상이어야 온라인 모드에 참여할 수 있습니다. 현재 친구가 된지 #cef2d2d@2일#n, #cef2d2d은 일시적으로 #n에 참여할 수 없습니다."
25828,게임방에 들어갈 수 없습니다. 친구 상태를 확인한 후 새로 고침하십시오.
25830,@Null@
25831,오프라인 모드
25832,현재 네트워크는 싱글 모드입니다.이 기능을 사용할 수 없습니다.
25833,현재 오프라인 모드입니다. 버튼을 클릭하여 수동으로 전환할 수 있습니다.
25834,현재 네트워크 연결에 실해했습니다. 오프라인 모드로 계속 하시겠습니까?
25835,"현재 계정 미분류, 부분저장된 파일 정보가 저장되지 않았습니다. 인터넷 연결을 추천합니다."
25836,현재 네트워크 상태 양호
25837,현재 네트워크 상태 일반
25838,현재 네트워크 상태가 나쁨
25839,"현재 온라인 룸 네트워크 선택상태가 비교적 나쁘니, 들어가면 된다온라인으로 체험할 수 있는 열악함, 들어갈지 말지이 온라인 방에 들어갈까요?"
25840,현재 네트워크 환경이 열악합니다. 체험 효과가 떨어질 수 있습니다.
25841,현재 네트워크 상태가 좋지 않습니다. 온라인 모드로 계속 진행하시겠습니까?
25880,@Null@
26000,지금은 가입할 수 있는 게임방이 없습니다. 게임방 개설을 추천합니다.
26001,지도를 내려받아 게임방 개설하기
26002,버전이 일치하지 않습니다.
26003,빠른 게임 배정
26004,개임방 배정 중...
26005,게임방 검색에 실패했습니다. 게임방 개설을 추천합니다.
26006,게임방 주인이 식사하러 갔나봅니다. 게임방 개설을 추천합니다.
26007,게임방 주인이 당신을 퇴출했습니다. 게임방 개설을 추천합니다.
26008,게임방 주인이 외계인에게 납치되었나 봅니다. 다른 게임방으로 가보세요~
26009,당신이 너무 오랫동안 인터넷 연결에 실패하여 게임방에 입장할 수 없습니다. 게임방 개설을 추천합니다.
26010,인터넷 연결 실패~ 다시 시도해 보세요.
26011,다른 게임방으로 가기
26012,다른 지도로 게임하기
26013,#cd9001b오늘 퇴출 @1회 초과했습니다. #r계속해서 퇴출을 시도한다면 게임방 배정이 힘들 수 있습니다.
26014,인터넷 클라우드 서비스 종료. 다른 게임방으로 이동하기~
26015,현재 @1 에 의해 인터넷 클라우드 서비스가 종료되었습니다. 다른 게임방으로 가기~
26016,팀 플레이
26017,초대 코드
26018,팀원과 채팅 할 메시지를 보냅니다
26019,팀을 팀 위로하고 게임을 할 수 있습니다
26020,지도를 선택하십시오
26021,추천지도
26022,선장은지도를 선택하지 않았습니다
26023,준비하다
26024,팀은 현재 게임에 있습니다
26025,멀티 플레이어로 이동하십시오
26026,현재 회원이 없으며 더 많은 친구를 만나기 위해 멀티 플레이어로 이동합니다.
26027,전송
26028,킥 회원
26029,당신은 새로운 캡틴이됩니다
26030,당신은 팀에서 쫓겨났습니다
26031,캡틴을 플레이어 @1로 옮기는 것을 확인하십시오.
26032,Player @1을 걷어차는 것을 확인하십시오.
26033,팀을 떠나는 것을 확인하십시오.
26034,머무르다
26035,Player @1 팀에 가입하도록 초대했습니다
26036,다시 생각 나지 마라
26037,팀은 가득 차 있습니다
26038,초대 코드가 복사되어 붙여 넣습니다.
26039,내 게임 라이브러리
26040,캡틴이지도를 업로드하지 않았으며 볼 수 없었습니다.
26041,"게임은 시작하고, 돌아오고 준비하고 준비합니다."
26042,무시하다
26043,팀으로 돌아 가기
26044,"준비, 게임이 시작됩니다"
26045,팀을 형성하는 것은 게임을 입력 할 수 없습니다.
26046,준비가되지 않고 서둘러서 모든 팀원을 준비하지 않는 팀원이 있습니다.
26047,당신이 과거의 위반이 있기 때문에 팀 게임에 가입 할 수 없습니다.
26048,친구
26049,최근의
26050,게임을 시작하다
26051,프로필
26052,취소
26053,확인하다
26054,친구를 초대
26055,내 게임 라이브러리
26056,새로운 세계를 만드십시오
26057,온라인으로
26058,오프라인
26059,성형 팀
26060,팀으로 돌아 가라
26061,보내다
26062,"회원이없고, 다중 플래시어로 가십시오"
26063,더 많은 친구를 알아라
26064,초대
26065,플레이어 @1 팀에 가입 하고이 메시지를 복사하고 미니 세계를 열어 함께 연주하십시오! @2.
26066,S 팀이 아니라 작동 할 수 없습니다
26067,준비 취소
26068,더 이상이 알림을 5 분 동안받지 않습니다
26069,캡틴만이 기능을 준비하려면 알림을 사용할 수 있습니다.
26070,#cffdc0d지도 선택#n
26071,#c373632 Captain은 아직 #r 선택지도를 선택합니다
26072,지도를 선택하지 않았습니다. 게임을 시작할 수 없습니다
26073,"현재지도 없음, 만들거나 다운로드하십시오 ~"
26074,게임을 종료하면 팀이 홈 페이지로 되돌아갑니다 ~
26075,다른 팀원들은 여전히 ​​게임에 종료되어 있는지 확인 하시겠습니까?
26076,초대장에 실패했습니다
26077,캡틴이 게임을 나가서 방을 닫았습니다.
26078,게임에 가입하십시오
26079,게임 로딩
26080,캡틴이 준비하라고 말하면 게임이 바로 시작됩니다.
26081,게임이 시작됩니다
26082,새로운
26083,최대한의 사람들 수
26084,객실 권한
26085,게임 스타일
26086,방 암호
26087,지도 백업
26088,친구를 사귀십시오
26089,협조
26090,경쟁
26091,4 자리 / 문자로 구성된 암호를 입력하십시오
26092,방문자는 파괴하고 블록을 배치 할 수 없습니다
26093,아직 맵이 없습니까? 새 하나를 만들고 싶습니까?
26094,지도를 먼저 다운로드하십시오
26095,가입 할 여지가 없습니다. 방을 만들거나 다시 시도 할 수 있습니다.
26096,팀 초대장 팝업
26097,지도 없음
26098,최근에지도를 연주하지 않았습니다
26099,"가입 실패, 다시 시도하십시오"
26100,서버 연결이 손실되었습니다
26101,재 매매
26102,현재 이벤트의 참가자 수가 너무 높아서 나중에 다시 시도하십시오.
26103,@Null@
26104,팀 생성
26105,팀 이름
26106,팀 크기
26107,@Null@
26108,@Null@
26109,@Null@
26110,팀 오픈
26111,만들기
26112,@Null@
26113,@Null@
26114,팀
26115,@Null@
26116,#n@1 팀에 합류하여 함께 게임을 하도록 초대합니다.
26117,플레이어가 팀에 합류하여 함께 게임을 하도록 초대합니다.
26118,초대 시간:#c0aaa1a@1#n
26119,팀 규모:#c0aaa1a@1#n
26120,게임에서 참여할 수 없습니다
26121,클라이언트 측 버전이 일관되지 않아 가입할 수 없습니다.
26122,맵 작업이 오랫동안 업데이트되지 않았으므로 지금 만들고 업데이트하세요
26123,계속 창조하세요
26124,지도 이름:
26125,복사에 성공했습니다
26126,파티가 성공적으로 만들어졌습니다.
26127,성공적으로 팀에 합류하세요
26201,친구들이 놀았다
26202,@1位好友玩过
26203,@1玩过
26204,친구가 놀고 있습니다
26205,@1位好友正在玩
26206,@1正在玩
26207,최근에 비슷하게 연주했습니다.
26208,요즘 모두가 놀고 있습니다
26209,Great God Collection 리뷰
26210,모두가 놀고 있습니다
26211,새로운 게임은 온라인입니다
26212,친구들은 핫맵을 플레이합니다
26213,웹에서 핫플레이하는 지도
26214,모두가 찾고 있습니다
26215,(팀명 리뷰)
28600,자격을 갖춘 경쟁 보스가 빨리 옵니다.
28601,신흥 수집 장소
28602,제자리에 아레스
28603,검토 중인 룸 이름
28604,객실 이름이 불법입니다. 다시 입력하십시오.
28605,검토가 승인되지 않았습니다.
28606,현재 지도에서 출구를 확인하시겠습니까?
28607,자신
28608,신청 진행 중
28609,스위치 로비
28610,"현재 홀 사용자 %s 사람, 미니 월드 총 %s 사람"
28611,당신의 친구 %s가 방금 팀을 만들었습니다.
28612,초대
28613,홀 룸 획득에 실패했습니다. 다시 시도하십시오.
28614,팀 시작
28615,게임 유형
28616,시작
28617,새로운 기능이 온라인입니다~ 가서 경험해보세요
28618,새로운 파트너를 만나 소통하고 팀을 이루어 모험을 할 수 있는 소셜 홀에 모험가를 환영합니다.
28619,화면을 탭하여 닫습니다.
28620,원래 팀 플레이 홀이 여기로 옮겨져 ~
28621,%s와 채팅
28622,"%s 사람들로 팀을 만들었는데, 저와 함께 놀고 싶은 사람이 있나요? [%s]"
28623,내 팀에 가입하려면 여기를 클릭하십시오.
28624,로비
28625,세계
28626,팀 업
28627,팀 메시지 너무 자주 보내기
28628,세상에 채팅이 부족합니다.
28629,%s의 새 친구 메시지를 받았습니다.
28630,나는 당신과 기쁨을 공유했습니다. 친구 인터페이스를 열어 보십시오.
28631,지금도 %s 세계 메시지를 보낼 수 있습니다.
28632,이제 당신과 같은 미니 세계에 %s 모험가가 있습니다.
28633,홀 설정
28634,로비 메시지 버블
28635,오픈
28636,5분 동안 닫기
28637,30분 동안 닫기
28638,1시간 휴무
28639,낯선 사람의 팀 초대
28640,꺼짐
28641,채팅 창 위치
28642,잠금
28643,움직일 수 있습니다
28644,위치 정보
28645,로컬에 표시
28646,숨다
28647,사용자
28648,팀
28649,아는 선수
28650,로비에 있는 도시 플레이어
28651,로비에 있는 친구(%s 사람)
28652,다른 모험가(%s)
28653,%s가 %s을 기다리고 있습니다
28654,친구는
28655,%s가 들어 있습니다
28656,로비 %s (%s 사람들이 놀고 있습니다)
28657,친구가 있는 로비
28658,당신의 친구 %s도 이 홀에 있습니다.
28659,아래 홀 유형 중 하나를 선택하십시오.
28660,아는 선수
28661,같은 도시에서 온 선수들과 함께하는 로비
28662,붐비는 홀에 무작위로 이동
28663,최근에 함께 놀았다
28664,당신이 알 수 있는 사람들
28665,당신은 이 홀에서 놀고 있습니다
28666,현재 소셜 홀에는 대기열이 없습니다.
28667,당신이 알지도 모르는 사람은 지금 소셜 홀에 없습니다.
28668,당분간 사교클럽에는 같은 도시에서 온 선수가 없다.
28669,로비에 있는 다른 사람들을 보려면 여기를 클릭하십시오.
28788,초기화. ..
28789,데이터 업로드. ..
28790,클라우드 서비스 디버깅
28791,원래 공개 맵은 개인 맵으로 수정됩니다. 디버깅 후 검토를 위해 수동으로 업로드하십시오.
28792,이 기능은 국내 네트워크에서만 사용할 수 있습니다.
28793,클라우드 서비스 디버깅 룸을 종료할 것이 확실합니까?
28794,현재 디버그 맵 이름
28795,따뜻한 알림
28796,요청 디버깅 실패
28797,로컬 맵 인덱스가 누락되었습니다.
28798,클라우드 서버 연결. ..
28799,요청 성공
28800,초대 권한
28801,주택소유자만
28802,모두
28803,룸 오픈
28804,검색 표시
28805,친구 보기
28806,방에 있는 사람 수
28807,@ 1인
28808,개인실
28809,공간 만들기
28810,온라인 게임
28811,친구들이 싱글 플레이어를 하고 있다.
28812,친구들은 멀티플레이어에 있다.
28813,비공개
28814,초대 메시지가 만료되었습니다.
28815,클라우드 슈트
28816,여기에 룸 및 초대장을 설정할 수 있습니다.
28817,"4자리, 영숫자 암호"
28818,방해하지 마십시오.
28819,"@ 1 룸게임 참여 요청, 승인됐나요?"
28820,방에 들어가세요.
28821,무시
28822,@ 1이 당신의 후속 요청을 통과했습니다. 게임에 참여해서 함께 플레이하시겠습니까?
28823,"싱글 플레이어 모드에 오신 것을 환영합니다, 당신은 친구가 당신과 함께 놀 수 있습니까?"
28824,방해 금지
28825,따르도록 허용
28826,친구 팔로우를 해제하고 싶으신가요?#c0aaa1aClick 방해 금지 설정 #n 여기에~
28827,친구가 팔로우할 수 없는 싱글 플레이어 게임을 하고 싶으신가요?#c0aaa1aClick 방해 금지 설정을 취소하는 #n 있습니다~
28828,방해 금지 모드를 켠 후 친구가 후속 요청을 보낼 수 없습니다.#r#n (싱글 플레이어 게임을 연 후 시스템은 방해 금지를 끄기 위해 기본값을 복원합니다)
28829,방해 금지 모드를 끈 후 친구가 후속 요청 #r#n을 보낼 수 있습니다(싱글 플레이어 게임을 연 후 시스템은 방해 금지를 끄기 위해 기본값을 복원합니다)
28830,방해 금지 켜기
28831,방해 금지 끄기
28832,집주인이 귀하의 요청을 승인할 때까지 기다려 주십시오.
28833,호스트가 참여 요청을 거절했습니다.
28834,방은 더 이상 추적을 허용하지 않습니다
28835,귀하의 요청이 전송되었습니다
28836,멀티플레이어에서는 이 기능을 사용할 수 없습니다.
28837,방 이름
28838,@12방
28839,미니 스쿼드 리더
28840,싱글룸
28850,소셜 홀
28900,로드 실패
28901,다시 새로고침
28902,홈페이지
28903,추천
28904,유형
28905,수행원
28906,즐겨찾기
28907,좋아요
28908,놀이
28909,놀고 있는 친구
28910,로드 중...
28911,새로 고침
28912,아래로 스크롤하여 새로 고침
28913,데이터 가져오는 중...
28914,새로고침
28915,더 많은 데이터를 보려면 위로 스와이프하세요.
28916,로드 중...
28917,데이터를 가져오기 위해 릴리스
28918,로드 성공
28919,로드하지 못했습니다. 다시 시도해 주세요.
28920,방금 연주
28921,어제 플레이함
28922,@1일 전에 플레이함
28923,일주일 전에 플레이함
28924,방금 플레이
28925,오늘 플레이함
28926,아직 경기기록이 없습니다~
28927,@1명이 플레이함
28928,스포츠
28929,경주
28930,아직 주제가 없습니다~
28931,더운
28932,로비
28933,자주 놀아요
28934,특별한
28935,활동 맵
28936,활동
28937,이벤트
28938,레이블
28939,좋아하는 지도를 모두 지우시겠습니까?
28940,지도를 저장하지 않았습니다 ~
28941,가시 범위
28942,공용 공간으로 개조되었습니다
28943,싱글 플레이어로 이동
28944,공개 모드로 이동
28945,싱글 플레이어 모드로 전환
28946,사설 클라우드 서버 시작
28947,지도 레이블
28948,태그 추가
28949,더 많은 사람들이 작품을 볼 수 있도록 올바른 태그를 선택하세요.
28950,로드...
28951,제본...
28952,금지
28953,놀다
28954,레이블이 너무 많습니다.
28955,라벨을 입력해 주세요
28956,게임 수
28957,프라이빗 클라우드 서비스
28958,레이블 규칙
28959,"1. @1 태그까지 추가할 수 있습니다. 2. 피비린내 나는 폭력, 음란물, 도박, 마약 및 기타 위반 사항이 포함된 라벨은 해당 작품이 심사를 통과할 수 없게 만듭니다~ 3. 공무원은 부정확하고 악의적으로 트래픽을 문지르는 라벨을 삭제하거나 수정할 권리가 있으며 심각한 라벨은 처벌됩니다. 4. 추천 태그 주제 페이지로 이동, 사용자 정의 태그 검색으로 이동합니다. 어느 정도의 인기에 도달한 커스텀 라벨은 추천 라벨이 될 수 있는 기회를 갖게 됩니다~5. 더 많은 사람들이 당신의 작품을 볼 수 있도록 스티커 제품 자체의 라벨을 선택하고 커스터마이징하세요~ 서둘러 채워주세요!"
28960,사용자화
28961,"사용자 지정 레이블, 최대 6단어"
28962,에 추가
28963,온라인 인원수
28964,모두를 선택하여 다른 플레이어를 룸 게임에 초대하고 호스트 및 다른 플레이어만 초대를 시작할 수 없음을 선택합니다
28965,같은 태그는 한 번만 추가할 수 있습니다~
28966,공개 모드로 전환하면 다른 플레이어가 내가 만든 방을 보고 참여할 수 있습니다
28967,싱글 플레이어 모드로 전환하면 다른 플레이어가 내 방을 볼 수 없으므로 혼자 플레이하거나 친구를 초대하여 함께 플레이할 수 있습니다
28968,게임을 종료하고 프라이빗 클라우드 서버를 시작하시겠습니까?
28969,더 많은 라벨
28970,수집에 성공하면 온라인 로비 [My-Favorites-Tab]로 이동할 수 있습니다.
28971,누적 재생 %s 시간
28972,레이블 모음
28973,현재 작품은 참가 대상에서 제외됩니다 ~
28974,자세한 내용은 >> 참조하세요.
28975,"선택한 ""@1"" 지도 유형은 ""@2"" 이벤트에 적합하지 않으며, 지도 유형을 수정하면 선택한 ""@3"" 태그가 제거됩니다!"
28976,복습하다
28977,말
28978,계속하기 전에 지도를 종료하십시오.
28979,제 친구는 지도에 없어서 당분간은 따라갈 수 없어요~
28980,클라우드 서비스 맵
28981,다운로드
28982,내 거에요
28983,관리하다
28984,게임 라이브러리
28985,게임 녹화
28986,오늘
28987,싱글
28988,재직 기간
28989,사무국의 인원수
28990,지도 정보를 요청할 수 없습니다. 나중에 다시 시도하세요.
28991,출신
28992,보관
28993,인바운드 다운로드
28994,업로드되지 않은 아카이브 삭제는 복원되지 않습니다아카이브 삭제를 확인하시겠습니까?
28995,삭제된 로컬 아카이브 [color=#FF0000]을(를) 복원할 수 없습니다[/color] 라이브러리에서 삭제를 확인하시겠습니까?
28996,적치방법 추가
28997,삭제 중
28998,이 게임 기록을 삭제하시겠습니까?
28999,@1人在线
29000,@Null@
29001,아카이브 삭제
29002,맵 발행
29003,다운로드가 필요하지 않습니다
29004,댓글 섹션을 닫은 후에는 아무도 댓글을 쓸 수 없습니다.
29005,댓글 섹션을 닫습니다
29006,로컬 아카이브 캡
29007,500메가바이트
29008,1기가바이트
29009,3기가바이트
29010,5기가바이트
29011,8기가바이트
29012,10기가바이트
29013,로컬 아카이브 크기가 한도에 도달한 경우 불필요한 아카이브를 정리하거나 설정에서 용량 제한을 조정해야 합니다
29014,이전
29015,일주일 전
29016,"플레이한 맵은 게임 라이브러리에 자동으로 추가되며, 게임을 시작할 때 찾아서 관리할 수 있습니다"
29017,알아요
29018,지도 ID: @1复制到剪切板가 설정되었습니다.
29019,클라우드 백업이 성공적으로 삭제되었습니다.
29020,클라우드에서 다운로드
29021,백업이 성공적으로 업로드되었습니다.
29022,"공유, 지도를 업로드할 때까지 이 작업을 수행할 수 없습니다."
29023,이 맵은 다운로드되지 않았으며 수행할 수 없습니다.
29024,클라우드 백업
29025,로컬 백업
29026,백업이 없는 경우 새 백업을 생성하시겠습니까?
29027,백업 만들기
29028,동기화 복원
29029,보관 파일이 클라우드에 업로드되나요?
29030,"클라우드 용량: 사용 가능한 %s, 총 %s"
29031,클라우드에 업로드
29032,클라우드에 남아 있는 용량이 부족합니다.
29033,만든
29034,소울 피아니스트는 당신의 몸에 붙어 있으니 그것이 가져다주는 연주를 즐기십시오
29035,소울 피아니스트가 떠나고 공연이 당신에게 돌아왔습니다~
29036,내 아카이브
29037,아카이브 다운로드
29038,[color=#FF0000] 선택 항목에는 [/color] 삭제 여부와 생성한 맵의 아카이브가 포함됩니다.
29039,편집 모드
29040,"아직 시도하지 않으셨으니 플레이어의 플레이 경험을 보장하기 위해 업로드하기 전에 클라우드 서버 디버깅을 해보시고, 우수한 맵은 더 많은 추천을 받을 수 있는 기회가 있습니다~"
29041,"아직 해보지 않으셨으니 플레이어의 플레이 경험을 보장하기 위해 업로드하기 전에 시도해 보시고, 우수한 맵은 더 많은 추천을 받을 수 있는 기회가 있습니다~"
29042,게시 계속
29043,클라우드 서버 디버깅
29044,노력하다
29045,"현재 맵은 클라우드 서버 모드이며, 업로드 후에는 아카이브 모드로 변경할 수 없습니다"
29046,게임 편집
29992,백워치 2
29993,가로채기
29994,가로막기
29995,블록슛
29996,패스
29997,슛
29998,스퍼트
29999,오른쪽 버튼: 블로킹/슛; 왼쪽키: 가로채기/ 패스; 공백: 블록슛/스퍼트
30000,지도 삭제
30001,업로드 취소
30002,파일 업로드 일시 중지
30003,공유 취소
30004,다운로드를 일시 정지
30005,업데이트 업로드
30006,비디오 파일
30007,"인터페이스 스타일 전환 성공, 다음 게임 시작될 때 적용됩니다."
30008,"다운로드 목록이 비어 있습니다, 미니어처방·인터넷 홀에 더 많은 좋은 점이 있다지도를 가지고 놀다"
30009,열심히 로딩중
30010,시각
30011,경기
30012,"확인 버튼 클릭 후, UI 리소스 패키지가 다운됩니다."
30013,UI 자원 패키지를 다운로드할 수 없습니다. 잠시 후에 다시 시도해 주세요.
30014,테마의 UI 패키지가 현재 다운로드 중
30015,일시적으로 자원 파일을 가져올 수 없습니다. 잠시 후에 다시 시도해 주십시오…
30016,초보자 참고 자료
30017,게임방 금언
30018,댓글 도배시 자동 금언 설정
30019,무기한
30020,5분
30021,게임방 금언(켜기): 없음발신법
30022,게임방 금언(끄기) : 메시지 전송 가능
30023,게임방 주인이 자동 금언으로 설정(@1)
30024,게임방 주인이 자동 금언으로 설정 취소
30025,짧은 시간에 너무 많은 메시지를 전송했습니다. 금언되었습니다. (@1)
30026,"호스트이 온 방의 금언을 열었다, 메시지를 보낼 수 없습니다."
30027,게임방 금언: 방주인 외 기타 플레이어의 발언을 금지합니다.
30028,자동 금언: 게임방 내 댓글 도배 5회 플레이어는 자동 금언 설정됩니다.
30029,금언 설정되었습니다.
30030,금언 설정이 취소되었습니다.
30031,시간 순
30032,시간 역순
30033,가격 높은 순
30034,가격 낮은 순
30035,남성룩 우선
30036,여성룩 우선
30037,다운로드된 UI가 업데이트되었습니다. #r#L#c03dda (다운로드하기)#n#n
30038,%s 스타일에 업데이트가 있습니다.
30039,%s 자원 패키지를 다운로드하는 중입니다.
30040,다운로드한 리소스 패키지가 모두 최대 상태입니다.
30041,@Null@
30042,웨어러블이 없습니다. 고르러 가기
30043,페스티벌 한정
30044,신춘 한정
30045,꽃말 코스
30046,미니강호
30047,귀염동물원
30048,기묘마법하우스
30049,미래 과학기술
30050,경전
30051,일치하는 웨어러블을 찾을 수 없습니다.
30052,총 가격:
30053,FPS 제한
30054,업데이트
30055,언어
30056,스토어로 가려면 누르십시오.
30057,현재 구매 가능한 선물세트 판매가 없습니다.
30058,선물
30059,한정
30060,구매 제한 @1회
30061,일일 구매 제한 @1회
30062,주1회 구매 제한 @1회
30063,월 1회 구매 제한 @1회
30064,@1일 이내 @2회 구매 제한
30065,@1 일 후 새로 고침
30066,@1시간 후 새로 고침
30067,@1일 후에 판매 중지
30068,@1시간 후에 판매 중지
30069,Gashapon
30070,대상
30071,한 번 뽑기
30072,다섯 번 뽑기
30073,더보기
30074,보너스 미리보기
30075,파편 스토어
30076,잠금 해제
30077,한 번 더 뽑기
30078,다섯 번 더 뽑기
30079,이미 창고에 넣었습니다.
30080,게이머 @1 행운을 빕니다. @2에 당첨되었습니다.
30081,이미 소유함:
30082,전환 확인 @1?
30083,파편수: @1
30084,@1를 획득하신 것을 축하합니다. 웨어러블 스토어에 가서 사용하기
30085,"이벤트 규칙:
 1. 1장의 알뽑기 쿠폰으로 1회 뽑기가 가능합니다. 5장의 알뽑기 쿠폰은 뽑기 5회가 가능하고 영구 웨어러브에 당첨되거나 희귀템을 뽑을 수 있습니다. 보너스는 비정기적으로 업데이트됩니다.
 2. 웨어러블 파편을 스토어세서 영구 웨어러블이나 아이템로 바꿀 수 있습니다. 파편스토어는 비정기적으로 업데이트됩니다.
 3. 이미 갖고 있는 웨어러블(영구 유효)은 알뽑기에서 중복 출현하지 않습니다.
 4. 이벤트에 대한 최종 설명 권한은 미니월드에 있습니다."
30086,등급 미리보기
30087,"구매에 필요한 파편이 부족합니다. 관련 이벤트, 보너스를 참고하셔서 획득하시기 바랍니다."
30088,영구
30089,3일
30090,7일
30091,한정
30092,@1개
30093,게임 다시 시작하여 획득하기
30094,당신의 창고가 꽉 찼습니다. 선물세트가 귀하의 우편함으로 전송되었으니 확인 부탁드립니다(30일간 유효 저장).
30095,선물세트를 구매해주셔서 감사합니다. 창고가 꽉 찼습니다. 창고를 정리하신 후 즉시 수령해 주시기 바랍니다(30일간 유효 저장).
30096,"이벤트 규칙:
 1.알뽑기 이벤트에 참여하면 영구 웨어러블, 파편 등 희귀템들을 획득할 수 있습니다. 보너스는 비정기적으로 업데이트됩니다.
 2. 파편으로 스토어에서 영구 웨어러블 등 아이템을 획득할 수 있습니다. 보너스는 비정기적으로 업데이트됩니다.
 3. 이미 갖고 있는 웨어러블(영구 유효)은 알뽑기에서 중복 출현하지 않습니다.
 4. 이벤트에 대한 최종 설명 권한은 미니월드에 있습니다."
30097,추첨에 실패했습니다. 잠시 후에 다시 시도해 주십시오.
30098,광고 시청을 통한 추가 보너스 수령을 원하십니까? 기회는 단 한번입니다!
30099,별도 보너스 받기
30100,새로 고침 시간: #c7daa0a@1#n
30101,1일
30102,7일
30103,@1개
30104,웨어러블
30105,커스텀
30106,탈컷
30107,역할
30108,아이템
30109,피팅
30110,벗기
30111,미니 포인트 가게 도움말
30112,오늘 남은 보너스 횟수: #c0aaa1a@1/@2#n
30113,"미니닷 부족, 광고 시청을 통해 수령하십시오."
30114,아내문
30115,@1 미니닷으로 해당 물품 구매하시겠습니까?
30116,인내심을 갖고 광고를 시청하면 미니닷을 획득할 수 있습니다. 미니닷 스토어에서 세련된 웨어러블과 아이템들을 구매할 수 있을 뿐만 아니라 미니닷으로 개발자 지도에서 상품을 교환할 수 있습니다.
30117,"미니 포인트 란 무엇입니까?
미니 세계에서 미니 포인트를 얻는 작업을 수행합니다. 미니 포인트 샵이나 개발자지도에서 항목을 사용하실 수 있습니다.
미니 포인트를 얻는 방법?
미니 포인트를 얻으려면 광고를 시청하십시오. 당신이받는 미니 포인트의 수는 때마다 다를 수 있습니다."
30118,인내심을 갖고 광고를 시청하면 미니닷을 획득할 수 있습니다. 미니닷 스토어에서 세련된 웨어러블과 아이템들을 구매할 수 있습니다.
30119,"미니 포인트 란 무엇입니까?
미니 세계에서 미니 포인트를 얻으려면 완벽한 작업을 완료하십시오. 보너스 샵에서 미니 포인트로 항목을 사용하실 수 있습니다.
미니 포인트를 얻는 방법?
미니 포인트를 얻으려면 광고를 시청하십시오. 받는 미니 포인트의 양은 때마다 다를 수 있습니다."
30120,오늘 광고 횟수 사용 완료! 내일 다시 시도하기!
30121,#cef2d2d 매일 광고 횟수는 업데이트됩니다. #n
30122,광고 시청
30123,미니닷 부족
30124,더 보기
30125,보너스 스토어
30126,보너스 추첨
30127,"광고 시청 후, 받은 미니닷으로 보너스 추첨에 참여하기"
30128,소비하기
30129,광고를 시청하고 미니닷을 더 많이 받기
30130,이번 보너스 미리보기
30131,시작
30132,무료 선물세트
30133,광고 시청으로 미니닷 획득 성공! 미니닷 스토어로 이동하여 확인하기
30134,더 나은 게임 서비스 제공을 위해 어플리케이션의 셀룰러 설정을 활성화해 주십시오.
30135,더 이상 보지 않기
30136,티켓이 불충분하다
30140,@Null@
30150,@Null@
30151,증정
30152,미니계정 입력/친구 이름을 입력하여 검색
30153,해당 플레이어를 찾을 수 없습니다.
30154,"홈레벨 #cfa7a0f3 3급 #n이상, 친구맺기 #cfa7a0f 5일 #n이면 증정할 수 있습니다."
30155,상대편의 홈레벨이 3급 이상이어야만 받을 수 있습니다.
30156,친구맺기 5일이 되어야 선물을 받을 수 있습니다.
30157,정원 과일 수준이 3보다 높을 때만 선물을 보낼 수 있습니다.
30158,축복 선택하기
30159,From @1
30160,증정하기 확인
30161,매일매일 행복하세요!
30162,우리가 항상 좋은 친구가 되었으면 좋겠어!
30163,즐거운 명절 보내세요!
30164,"#c0aaa1a 미니코인× @1#n을 지불하여 #cfa7a0f@2#n을 구매합니다. 확인.
 (이성적 소비를 권장합니다)"
30165,@1 확인
30166,미니코인이 부족합니다. 충전 후 증정해주세요.(첫 충전 보너스 코인은 증정할 수 없습니다)
30167,증정 성공. 선물 발송 중...
30168,선물 받기
30169,"@1(@2) 의 선물을 받았습니다. @3
 이 보낸 축복: @4"
30170,유효기간: 영구
30171,착용 후 증정
30172,커스텀 의상은 선물하거나 구매할 미니 코인만 요청할 수 있습니다.
30173,"증정명세서:
 총 가격: #c0aaa1a 미니코인×@1#n
 #cfa7a0f@2#n #c0aaa1a 미니코인×@3#n
 #cfa7a0f@4#n #c0aaa1a 미니코인×@5#n
 (적정 오락 이성적 소비)"""
30174,계좌번호 연동 후 증정해주세요
30175,일일증정 상한선 20회
30176,매일 같은 플레이어에게만 증정할 수 있습니다다섯 번 보내다
30177,이벤트에서 획득한 의상을 취소한 후 증정하거나 요청할 수 있습니다~
30178,선택한 충전 유형에서 증정분 미니코인은 웨어러블 또는 커스텀 증여에 참여할 수 없습니다. 충전을 확정하시겠습니까?
30179,적당한 오락과 이성적인 소비를 추천합니다. 공식적인 충전 방식외에는 충전이 불가합니다. #L#c0aa1a 더 많은 주의사항 보기
30180,"1. 나눠주는 미니 코인은 수집 바자회, 빨간 봉투 발송 및 선물 기능에 사용할 수 없습니다. #r2. 공무원은 빨간 봉투를 옮기고 보내는 데 아무런 요구 사항이 없으며 빨간 봉투를 옮기라고 요청하는 사람은 사기꾼입니다! #r3. ""금이 간 버전""을 믿지 말고 ""고객 서비스 인 척하는""낯선 사람을 믿지 마십시오!"
30181,계속 충전하기
30182,충전시 주의사항
30183,물품과 사은품은 모두 자동으로 창고로 발송됩니다. 창고가 가득 차면 메일로 발송됩니다.
30184,요구하다
30185,웨어러블 요구하기
30186,위챗/QQ 요구하기
30187,친구맺기 @1일 후에야 요구할 수 있습니다.
30188,메시지 선택
30189,일 년에 한 번뿐인 생일에 선물을 받을 수 있을까? @1
30190,"기분이 언짢으니, 급히 @1을 달라고 하기 >_<"
30191,명절을 지낼 때 @1 하나가 있다면 참 좋을텐데!
30192,친구는 @1을 원합니다. 대단히 감사합니다!
30193,보내기 성공!
30194,당신의 요구 요청이 성공적으로 발송되었습니다. #cfa7a0f@1#n
30195,네트워크 접속에 실패했습니다. 나중에 다시 시도해 주십시오.
30196,거부 및 삭제
30197,증정하러 가기
30198,친구! #cfa7a0f@1#n #r@2
30199,죄송합니다. #cfa7a0으로f@1#n에서 요청한 #cfa7a0f@2#n 웨어러블 요구 요청이 거부되었습니다. 다른 친구한테 부탁해 보세요!
30200,피부 요청이 거부되었습니다
30201,요청을하기 전에 먼저 친구를 추가하십시오
30202,파편
30203,특혜
30204,혜택
30205,임의 금액을 충전하면 연구 커스텀 웨어러블을 수령할 수 있습니다@1! ( 1인당 1회만 받을 수 있어요）
30206,물품 목록
30207,#cfa7a0f@1 ——소유하지 않음 #n
30208,@1—소유중
30209,이 물건을 교환하려면 파편 @1개가 더 필요합니다. 알뽑기를 진행하시겠습니까?
30210,알뽑기 쿠폰 @1장
30211,알뽑기 쿠폰 5장
30212,알뽑기 쿠폰×1 증정
30213,알뽑기 쿠폰 부족시 자동 구매
30214,@1회 구매
30215,비고: 알뽑기 쿠폰으로 스토어 이벤트에 참여하여 웨어러블을 받을 수 있습니다!
30216,이벤트 쿠폰 @1장
30217,이벤트권 10장
30218,열매권 1장
30219,이벤트 쿠폰×1 증정
30220,쿠폰 부족 시 자동구매
30221,비고: 이벤트 쿠폰으로 홈 이벤트에 참여할 수 있습니다. 탈것 파편을 획득할 수 있습니다.
30222,불꽃놀이 (#cffda0a 알뽑기쿠폰 증정 #n)
30223,불꽃놀이 (#cffda0a 이벤트 쿠폰 증정 #n)
30224,"구매 완료, @1 창고에 넣었습니다. @2 증정"
30225,@Null@
30226,경품만 추첨하기
30227,전환만하기
30228,추첨&전환
30229,이미 이 영구적인 웨어러블을 가지고 있습니다. 바꿀 수 없습니다.
30230,이미 이 영구적인 웨어러블을 가지고 있습니다. 바꿀 수 없습니다.
30231,파편 결제에 실패했습니다. 나중에 다시 시도해 주십시오.
30232,아이템 교환에 실패했습니다. 고객서비스센터로 연락 주세요.
30233,아이템 교환에 실패했습니다. 고객서비스센터로 연락 주세요.
30250,이 작업은 현재 분장 이미지를 대체합니다. 계속 진행하시겠습니까? 알림: 다른 빈 공간에 분장 이미지를 백업할 수 있습니다.
30251,현재 분장 이미지가 대체됩니다. 백업을 권장합니다.
30252,커스텀 웨어러블 아바타특권카드 만들기
30253,구매 후 대부분의 커스텀 웨어러블을 사용할 수 있으며 유효기간은 30일입니다. 구매 즉시 효력이 발생합니다.
30254,@1일
30255,아바타특권카드를 보유하고 있습니다. 유효기간 내에 대부분의 커스텀 웨어러블을 피팅할 수 있습니다. 또는 영구 사용권을 구매할 수 있습니다.
30256,특권카드 전용
30257,맞춤 스타일 특권카드가 곧 만기됩니다. 만료 후 보유하지 않은 커스텀은 제거됩니다. 연장하시기 위한 결제를 진행하시겠습니까?
30258,특권 연장하기
30259,피팅 저장하기
30260,구매 성공! 빨리 코디해보세요.
30261,이미 @1 에이 피부를 재능이 있었고 다시주지 마십시오.
30262,피부는 우편으로 @1에 주어졌습니다. 메일이 지연 될 수 있습니다. 로그인 후 친구가 다시 로그인 할 수 있습니다.
30270,물품 목록
30271,#cfa7a0f@1 ——소유하지 않음 #n
30272,@1—소유함
30273,이 물건을 교환하려면 파편 @1개가 더 필요합니다. 계속 알뽑기를 진행하시겠습니까?
30274,확인
30275,구매 수량을 선택하세요.
30276,소유함
30277,이미 소유하고 있으니 중복 구매하지 마세요~
30278,웨어러블 요구하기 @1
30279,친구 대신 결제
30280,QR코드 스캔 후 결제
30281,링크 공유
30282,이미지 저장
30283,알림: 대신 결제 사용자는 만 18세 이상이어야 합니다.
30284,Wechat으로 공유하기
30285,QQ로 공유하기
30286,QR코드 사진첩에 저장 완료
30287,링크가 복사되었습니다.
30288,친구! QR코드 스캔으로 웨어러블을 선물해줘@1
30289,일일 요구 상한 @1회
30290,매일 같은 플레이어에게 @1회 요구할 수 있습니다.
30291,웨어러블 요구하기
30292,매달 요구 금액이 이미 상한에 이르렀습니다.
30293,증정 완료
30294,@1일 이내에 해당 친구 요청을 받지 않겠습니다.
30295,비밀스런 친구로부터
30296,친구에게 요구한 선물을 받았습니다! @1
30297,QR코드 캡처 화면이 데스크에 저장되었습니다.
30298,"1. 리워드 카운트다운이 종료된 후 미션은 업데이트됩니다. 본 미션의 진행 내용도 초기화됩니다. 수령하지 않은 리워드는 다시 받을 수 없습니다. 즉시 미션 리워드를 수령하십시오.
 2. 미션은 미니닷 소모 미션과 광고 시청 미션으로 구분됩니다. 미션 조건을 꼭 확인하세요."
30299,미니 캡틴은 귀하에게 상기시켜줍니다 : 실제 이름의 탑 업 금액 한계에 도달했습니다
30300,@Null@
30301,@Null@
30302,이달의 충전 한도: @1/@2
30303,곧 충전 한도에 도달합니다.
30304,"이번 달 충전 한도가 곧 상한선에 도달합니다. 다른 충전 구간을 선택하여 충전을 진행하십시오,"
30305,미니 동전을 요청하십시오
30306,topup을 돕기 위해 친구들과 공유하십시오
30307,요청 금액
30308,요구
30309,미니 동전을 받았습니다
30310,친구가 제공 한 @1 미니 동전이 도착했습니다.
30311,미니 공무원에서
30312,미니 동전을 보내 드리면 나를 행복하게 해줄 것입니다.
30313,가장 행복한 일 중 하나는 당신이 보낸 미니 동전을받는 것입니다.
30314,"당신은 미니 코인의 많이 필요없고, 만족할 수 있습니다."
30315,지불이 성공한 후 이메일로 이동하십시오.
30316,"친애하는 파트너, QR 코드를 쓸어 버리고 #cfa7a0f @1 미니 동전 보내기"
30317,코드를 스캔하여 결제
30318,상대방이 귀하의 요청을 거부했습니다.
30319,"좋은 친구는 @ 1을 원합니다, 대단히 감사합니다!"
30320,"불쌍한 기분,이 아기를 행복하게 만들기 위해 긴급 @ 1!"
30321,@1 @2
30322,휴일 동안 @ 1 만 있었다면!
30323,친구들이 부탁합니다
30324,@1 구매
30325,거부 통지 요청
30326,"죄송합니다, @1에서 요청하신 @2 @3 신청이 거부되었으니 다른 파트너를 찾아 다시 시도하시면 됩니다~"
30327,"죄송합니다, @1의 @2 신청이 거부되었습니다, 다시 시도할 다른 파트너를 찾을 수 있습니다~"
30328,이미 가지고 있는 맞춤 의상 취소
30329,스킨 판매의 시대가 지났습니다
30330,"충전, 수집품, 빨간 봉투 획득으로 얻은 미니 코인은 %s에 사용할 수 없습니다. 현재 %s에 사용할 수 있는 미니 코인 잔액: [color=#FA7A0F]%s[/color]"
30331,"충전, 수집품, 빨간 봉투 획득으로 얻은 미니 코인은 %s에 사용할 수 없습니다."
30350,@Null@
30351,변신이 불가능합니다. 평탄한 위치를 찾으십시오.
30352,변신은 불가능합니다. 목표 위치에 타 생명체가 있습니다.
30353,우주에서는 변신이 불가능합니다. 육지를 찾으십시오.
30354,변신 사용 권한이 회수되었습니다.
30355,변신 취소됨.
30356,변신 냉각 중입니다. @1초 후 다시 사용하십시오.
30357,현재 분장을 취소해 주십시오.
30358,변신 부분장이 회수되었습니다.
30359,%d 일반 마운트 전용 프래그먼트 %d 일반 마운트 일반 프래그먼트 교환
30360,%d 프리미엄 마운트 전용 조각이 %d 프리미엄 마운트 범용 조각으로 교환되었습니다.
30361,%d 일반 마운트 일반 조각이 %d 프리미엄 마운트 일반 조각으로 교환되었습니다.
30362,오른쪽 목록에서 교환할 탈것 조각을 선택하세요.
30363,기본값
30364,일반 마운트 전용 파편
30365,프리미엄 마운트 전용 조각
30366,일반 마운트 범용 조각
30367,"일반 마운트 전용 조각은 10:1 비율의 일반 마운트 범용 조각으로 교환할 수 있으며, 프리미엄 마운트 전용 조각은 3:1 비율의 프리미엄 마운트 범용 조각으로 교환할 수 있습니다. 일반 마운트 일반 조각은 5:1 교환 비율로 프리미엄 마운트 일반 조각으로 교환할 수도 있습니다."
30368,모두 사용
30369,상환 확인
30370,다음 레벨 스킬이 @1로 업그레이드됩니다.
30371,@1 잠금 해제
30372,마운트 라이브러리
30373,이미 소유
30374,조각 상환
30375,레벨 미리보기
30376,구매하지 않음
30377,레벨 미리보기
30378,마운트 재배
30379,%s 고급 %s 프래그먼트를 %s 마운트 범용 프래그먼트로 교환합니까?
30380,일반
30381,선배
30382,"잠금 해제된 아이템은 마켓플레이스 스페셜, 구매 팩에서 얻을 수 있습니다."
30383,마운트
30384,고갈
30385,소품과 범용 조각
30386,잠금 해제
30387,업그레이드
30388,기본 정렬
30389,라이브 시간은 긍정적입니다
30390,시간 역순으로 생방송 시작
30391,높은 품질에서 낮은 품질
30392,낮은 품질에서 높은 품질까지
30393,직접 판매 마운트가 선호됩니다
30394,직접 장착이 아닌 장착이 선호됩니다
30395,높음에서 낮음으로 수집 진행
30396,낮은 수준에서 높은 수준으로 수집 진행률
30397,
30398,
30399,
30400,@Null@
30401,예약 ID:
30500,@Null@
30501,@1 피부를 가져야 잠금해제가 가능합니다. @2 바로 구매 여부#c0aaa1a@3 (영구) #n?
30502,@1 한 벌 보내주면 우린 여전히 좋은 친구
30503,가장 기쁜 일은 바로 너가 보내준 @1을 받은 것.
30504,이 @1이 마음에 들어요~ 저에게 선물로 줄 수 있을까요?
30505,친구 지불 요청
30506,QR 코드를 스캔하여 @1을 보내주세요.
30507,"친애하는 파트너, QR 코드를 스캔하고, 나에게 @1을 보냅니다."
30508,나에게 계절을 보내고 행복하게 놀아 라.
30509,가장 행복한 것 중 하나는 당신에게서 계절을 얻는 것입니다.
30510,별로 필요한 것이 아니라 시즌 패스를 보내주고 만족합니다.
30511,잠금 해제하려면 @1 스킨이 있어야 합니다. @2 #c0AAA1A@3(영구) #n 받기 위해 선물 상자로 이동하시겠습니까?
30512,선물 상자로 이동
30513,@1스킨을 구매해야 @2지금 #c0AAA1A@3(영구)#n를 구매하시겠습니까?
30514,@1스킨은 @2 지금 #c0AAA1A@3(영구)#n을 사고 싶으세요?
30515,소환사 취소
30516,통화 취소
30600,@Null@
30601,매개 변수 오류
30602,구성을 가져올 수 없습니다
30603,스프레이 페인트 소품을 삭제하지 못했습니다
30604,이미 영구적 인 스티커가 있습니다
30605,비정상적인 유효 기간
30606,스프레이 페인트 소품을 사용한 보상 실패
30607,미니 동전을 소비하여 스프레이 페인트를 구입하지 못했습니다
30608,유효 기간을 계산하지 못했습니다
30609,구매 기간 내에 있지 않습니다
30610,스프레이 페인트 패턴이 없습니다
30611,패턴 선택
30612,현재 패턴
30613,스프레이 페인트 소품
30614,"아직 스프레이 페인트가 없어, 가져 가라."
30615,"스프레이 페인트 재생 지침

1. 스프레이 페인트 캔은 게임 인 - 게임 캐릭터 인터페이스의 장비 바에 사용하기 위해 소품 막대로 이동할 수 있으며 스프레이 페인트 캔으로 대체 된 소품은 자동으로 배낭으로 이동합니다
2. 구입 한 패턴은 게임 맵에서 직접적으로 사용될 수 있습니다.
3. 게임지도에서 일정 기간 후에 스프레이 페인트 패턴이 자동으로 사라집니다."
30616,패턴 크기 @1 * @2.
30617,내용은 소품을 사용하여 쇼핑몰에 성공적으로 표시됩니다
30618,새로운 스프레이 페인트를 얻으십시오 : @1.
30619,스프레이 페인트 소품을 사용하여 성공적으로 보상하십시오
30620,현재 패턴
30621,사용 된 패턴
30622,수술이 너무 빨라집니다
30623,배낭에 스프레이 페인트 캔이 이미 있습니다.
30700,@Null@
30701,미니 월드
30702,이벤트에서 얻을 수 있습니다
30703,"나머지: [color=#fa7a0f]@1[/color]일[color=#fa7a0f]@2[/color], [color=#fa7a0f]@3[/color]분"
30704,기본 거품
30705,#c0aaa1a@1x@2#n와 #c0aaa1a@3x@4#n를 구매하실 수cfa7a0f@5#n 확인해주세요#r
30706,조각 수가 부족합니다.
30707,교환
30708,기본 정렬
30709,일반 독점
30710,프리미엄 전용
30711,조각 수
30712,교환 성공
30713,"1. 마운트가 잠금 해제된 후에는 과도한 마운트 조각을 비례적으로 마운트 범용 조각으로 교환할 수 있으며 마운트 범용 조각은 마운트 조각을 대체할 수 있습니다. 마운트 잠금 해제(#cfa7a0f제외: Swift Continental Bird, Source Spiral, #n) 
  
 2. 범용 샤드 사용: 마운트 잠금을 해제할 때 마운트 샤드 수 + 범용 샤드 수가 잠금 해제된 마운트 샤드 수를 만족하면 두 마운트를 모두 사용할 수 있습니다. 마운트를 동시에 잠금 해제할 수 있는 파편 및 범용 파편 
  
 3. 범용 조각은 두 가지 유형으로 나뉩니다. 일반 마운트 범용 조각, 고급 마운트 범용 조각, #cfa7a0f5 일반 마운트 범용 조각은 고급 마운트 범용 조각 1개로 교환할 수 있습니다#n  
  
 4. 다음 마운트 파편은 #cfa7a0f10:1의 교환 비율로 일반 마운트 범용 파편과 교환할 수 #n 
 화석 용 - 파편, 다람쥐 파편, 기린 파편, 대륙 새 파편, 작은 흰 코끼리 - 파편, 작은 물개 파편, 뚝뚝 파편, 행운의 니우 파편, 소스 나선 파편 , 그레이 스위트 벨벳 파편, 무적 사이클론 파편, 뻐꾸기 파편, 사막 보트 파편, 스케이트보드 파편, 고양이 자동차 파편 
 다른 마운트 조각은 프리미엄 마운트 범용 조각에 대해 #cfa7a0f3:1#n"
30714,아직 마운트 파편이 없습니다. [color=#fa7a0f] 클릭하세요! [/color]
30715,아직 컨버터블 마운트 파편이 없습니다. [color=#fa7a0f] 클릭해서 가져오세요! [/color]
30716,실버 시즌 팩
30717,실버 리워드 부스터 팩
30718,실버 엔조이 반년 팩
30719,보기로 이동
30720,구매로 이동
30721,받다
30722,"실버 카드 규칙 설명: 1. 실버 카드 구매 후 게임에서 코드를 스캔하여 활성화해야 하며, 실버 카드는 즉시 해당 월의 보상을 받을 수 있으며, 이후 보상 발급 시간은 다음 달 1일입니다. 2. 실버 카드는 활성화 후 5 년 이내에 보상을받을 수 있으며, 5 년 후에는 실버 카드가 만료되어 더 이상 보상을받을 수 없으므로 시간 내에 보상을 수령하십시오 ~ 3. 각 유형의 실버 카드에는 최대 활성화 횟수가 있으며, 실버 카드의 종류에 따라 한도가 다르며, 한도에 도달한 후에는 새 실버 카드를 일시적으로 활성화할 수 없으며, 활성화된 실버 카드의 모든 보상을 모은 후에만 새 실버 카드를 활성화할 수 있습니다"
30723,청소하다
30724,활성화 시간:
30725,나머지 컬렉션 수:
30726,@1 시간
30727,현재 보상을 받을 수 있는 경우:
30728,"월간 받기: @5개월 동안 \n@1*@2, @3*@4!"
30729,특정 실물 카드 스타일은 상품의 실제 수령에 따라 달라질 수 있습니다
30730,다음 픽업 시간 :
30731,모든 보상이 청구되었습니다!
30732,실버 카드가 사용되었습니다.
30733,불법 실버 출입 카드
30734,활성화 횟수가 최대값에 도달했습니다.
30735,카드를 사용하지 못했습니다.
30736,실버 카드가 활성화되지 않았습니다.
30737,실버 카드를 반복해서 활성화하십시오
30738,실버 리워드 보상 수를 계산하지 못했습니다.
30739,아바타 상자를 늘리지 못했습니다.
30740,정품 인증 배지 실패
30741,실버 카드 데이터를 저장하지 못했습니다.
30742,아직 보상을 받을 때가 아니에요~
30743,원클릭 청구
30744,성공적인 활성화
30745,실버 카드
30746,Silver Rewards 보상을 받으려면 클릭하십시오.
30747,실버 카드 규정
30748,잘못된 제목
30750,
30751,앞에 장애물이 있고 꿈의 공간을 열 수 없습니다
30752,꿈꾸는 공간을 열기에는 거리가 너무 멀다
30753,현재 위치에 이미 순간이동 배열이 있습니다
30754,토끼의 해 스페셜
30755,재충전된 축복
30756,지금 구매하기
30757,활동 시간
30758,"이벤트 기간 동안 미니 코인 1개를 사용할 때마다 1회 충전되며, 지정된 충전량에 도달하면 해당 보상을 받을 수 있습니다"
30759,누적 요금 수에 도달했습니다.
30760,드레스 업 구매
30761,사다
30762,돌아오다
30763,지켜
30764,보기로 이동
30765,"1. 구매 판단 : - 모험가는 패키지의 아이템을 소유하지 않으며 전체 패키지를 정가로 구매해야 합니다. - 모험가는 패키지에 개별 의상/커스텀 의상/아바타 프레임이 있으며 아이템에 해당하는 미니 코인의 가격이 차감되며 전체 패키지 구매가 정가일 필요는 없습니다. - 모험가가 패키지에 모든 아이템을 가지고 있다면 이 패키지를 다시 구매할 수 없습니다. 2. 보상 분배: - 의상 꾸미기/커스터마이징, 게임으로 이동하세요 - 상점 - 성격 매칭 보기; - 아바타 프레임을 보려면 게임 - 창고 또는 개인 센터로 이동하십시오. 3. 많은 양의 분배로 인해 지연이 발생할 수 있으니 보상이 빨리 손에 닿으니 걱정하지 마세요. 4. 활동 기간: 2023년 1월 21일부터 2023년 2월 15일까지. 5. 이벤트의 최종 해석권은 공식 미니 월드에 있습니다."
30766,구입
30767,%s 년%s 월 %s 일 - %s 월 %s 일
30768,"이벤트 기간: 2023년 3월 16일 - 2023년 3월 31일 이벤트   세부 정보 (1) 기념일 미션을 완료하면 보물 코드의 레벨을 올릴 수 있으며 많은 보상을 얻을 수 있습니다 (2) 일반 보물 코드는 자동으로 잠금 해제됩니다. 이벤트 기간 동안 수량을 충전(매장 충전 및 공식 사이트 직접 충전만 가능)하여 궁극의 보물 코덱스 잠금 해제 (3) 궁극의 보물 코덱스 잠금 해제 후 누적 충전 작업을 시작하고 지정된 금액만큼 충전하여 보상을 받을 수 있습니다(4) 보물책 보상은 수동으로 청구해야 하며, 보상의 각 레벨은 한 번만 청구할 수 있습니다"
30769,"이벤트 기간: 2023년 3월 16일 - 2023년 3월 31일 이벤트   내용 (1) 이벤트에 참여하려면 기념일 상품권이 필요합니다. 기념일 상품권은 「7주년 기념 도서」이벤트 또는 미니 코인 구입을 통해 획득할 수 있으며, 기념일 상품권은 각 미니 코인 20개입니다. (2) 1/10 기념일 상품권의 소비는 1/10 행운의 추첨을 실시할 수 있으며, 해당 보상의 수량은 상금 풀에서 랜덤으로 획득할 수 있습니다. 당첨된 고유 상품 콘텐츠는 상금 풀에서 제외됩니다(3) 행운의 추첨에 지정된 횟수만큼 참여한 경우, 진행 보상과 기념일 코인을 추가로 받을 수 있습니다. 기념일 코인은 기념일 희귀 선물을 교환하는 데 사용할 수 있습니다. (4) 이벤트 종료 후 기념일 상품권과 기념일 코인이 만료되므로,   추첨의 초기 확률을 제때에 사용하십시오. 축하의 책 (탈것) 0.01% 한정 코스튬 옵션 선물 상자 0.06% 폭발성 기관단총(무기) 0.19% 풍선 작은 학교 가방(맞춤 드레스) 0.51% 7번째 생일 축하 (스프레이 페인트) 0.89%. 바람과 함께 사라지다 (스프레이 페인트) 0.89% 강당 축하 (다이내믹 아바타 프레임) 1.08% 귀여운 토끼 핸드백 (커스텀 드레스) 1.27% 스타 위스퍼, 드림 빌딩 코드 및 이벤트 바우처 16.50% 미니빈 29.80% 기념일 코인 48.80%."
30770,이벤트 기간 동안 원하는 금액을 충전하여 궁극의 보물을 잠금 해제하고 [color=#F58A00] 영구 장식 Hua Qiqi[/color]를 받을 수 있습니다.
30771,원하는 금액을 충전하여 보물 책을 잠금 해제하고 [color=#F58A00] 영구 꽃 qiqi[/color] 및 100위안[/color] 상당의 기타 [color=#06BB17]를 받으세요.
30772,구매 확인
30773,교환 확인
30774,활동 시간
30775,끝이야
30776,현재 진행률: %d/%d
30777,레벨이 꽉 찼습니다.
30778,한 번 진행하세요
30779,10 번 계속
30780,지금 그리기
30781,기념일 상품권 구매 최대 횟수에 도달했습니다.
30782,영구 한도:
30783,남은 수량이 부족합니다
30784,기념일 코인의 수가 부족합니다
30785,나머지:
30786,상환됨
30787,상환하려면 클릭하십시오
30788,이미 아이템을 소유하고 있으며 상환할 수 없습니다.
30789,이미
30790,"이벤트 시간: 2023년 4월 1일 - 2023년 4월 16일

이벤트 세부 정보
(1) 이벤트에 참여하려면 크리스탈 상품권을 사용해야 합니다. 크리스탈 상품권은 미니 코인으로 구매할 수 있으며, 각 상품권은 미니 코인 20개를 소비해야 합니다.
(2) 1/10 크리스탈 상품권을 사용하여 1/10 추첨을 입력하면 경품 풀에서 해당 보상 횟수를 무작위로 받을 수 있습니다. 획득한 유일한 보상 콘텐츠는 경품 풀에서 제거됩니다.
(3) 복권에 대한 누적 참여는 지정된 횟수에 도달하고, 진행 보상을 받을 수 있으며, 추가 매직 코인을 받을 수 있습니다. 매직 코인은 희귀 선물로 교환하는 데 사용할 수 있습니다.
(4) 이벤트가 끝나면 크리스탈 상품권과 매직 코인이 무효가 됩니다. 제때에 사용하십시오.

복권 추첨의 초기 확률:
리미티드 드레스업(딩딩, 릴리스)0.52%
무기 의상(크레센트 문 클라우드 액스, 요구 클라우드 웨이브 삽)3.14%
커스텀 드레스업(라이트 페더 슬로우 송, 마시멜로)4.36%
드림 빌딩 코드 및 활동 바우처11.84%
암묵적인 선물29.62%
매직코인50.52%"
30791,Crystal 바우처의 최대 구매 매수에 도달했습니다.
30792,마법 동전이 충분하지 않습니다
30793,보상 미리보기
30794,활동 가이드
30795,단조 열기
30796,교환
30797,단조 여행을 시작하세요 무작위로 1~3개의 별을 얻으세요 보물 상자
30798,보상 받기
30799,별 단조는 별을 떨어뜨리지 않고 @1 시간을 사용한 후 별을 상승시킵니다.
30800,"게임 플레이 소개:
(1) 보물 상자를 활성화하여 마법 단조 여행을 시작하고 최종 보물 상자 별 등급에 따라 그에 상응하는 보상을 받습니다.
(2) 스타 위시 매직 볼을 구입하여 보물 상자를 열거나 위조할 수 있습니다. 스타 위시 매직 볼의 가격은 10개의 미니 코인/피스입니다.
(3) 초기 단계에서 스타 위시 매직 볼 * 1을 통해 단조를 시작하고 무작위로 초기 트레져 박스 별 등급을 1~3 개 받습니다. 트레져 박스를 활성화한 후 직접 보상을 받거나 트레져 박스 별 등급을 계속 위조하도록 선택할 수 있습니다.
(4) 단조 단계에서 무료 또는 별 단조를 통해 보물 상자 별 등급을 높입니다. 보물 상자 별 등급이 높을수록 보상이 풍부합니다.
(5) 해당 별에 오르면 해당 수준의 보상을 받을 수 있고, 별 6개에 오르면 최종 상을 받을 수 있다. 해당 별의 보물상자 보상을 받은 후에는 보물상자를 다시 활성화하여 다음 단조를 시작해야 합니다.
(6) 활동에서 얻은 보상: 무기 스킨, 마운트는 스스로 창고에 가서 활성화 후 사용해야 합니다.

별 단조 규칙:
(1) 별 단조가 실패하면 보물 상자 레벨이 감소하지 않고 단조를 계속할 수 있습니다.
(2) 현재 레벨에 별 3개 단조를 추가하면 보물 상자 레벨이 확실히 향상됩니다.
(3) 스타 단조는 일정 수의 스타 위시 마법 공을 소비해야 합니다. 트레저 박스 레벨이 높을수록 스타 위시 매직 볼이 스타 단조에 더 많이 필요합니다(별 1개 - 스타 위시 매직 볼 * 3/시간, 별 2개 - 스타 위시 매직 볼 * 6/시간, 별 3개 - 스타 위시 매직 볼 * 10/시간, 별 4개 - 스타 위시 매직 볼 * 30/시간, 별 마법의 공을 기원합니다 * 120/시간)

무료 규칙:
(1) 소품을 사용하지 말고 별이 떨어지는 결과에 무작위로 도달한 다음 단조를 종료합니다.
(2) 결과에 따라 해당 별 등급이 상승/하강됩니다.
(3) 별 공제 결과가 0보다 크면 해당 별 보상을 받습니다.
(4) 공제 결과가 0보다 작거나 같을 경우 기본 보상을 받습니다.

확률 발표:
(1) 보물상자 활성화 : 별 1개 -- 80%; 별 2개 -- 19.5%; 별 3개 -- 0.5%
(2) 단조 보물 상자: 별 1개 - 16%, 별 2개 추가 - 3.9%, 별 3개 추가 - 0.1%, 별 1개 감점 - 70%, 별 2개 감점 - 10%

교환 상점 규칙:
(1) 이벤트에서 얻은 스타 위시 코인은 교환 매장에서 필요한 보상으로 교환할 수 있습니다.
(2) 스타 위시 매직 볼 및 스타 위시 코인은 이벤트 후 만료됩니다. 시간 내에 사용하십시오."
30801,남은 수량 부족
30802,스타 위시 코인의 수가 부족합니다.
30803,궁극의 마운트 상을 받으려면 보물 상자 레벨을 업그레이드하십시오.
30804,마운트 대상
30805,단조는 끝났다
30806,무료 단조
30807,별 단조
30808,품절
30809,성공적으로 단조되었습니다! 별 + @1
30810,교환 한도:
30811,별을 그리면 이 단조가 끝납니다. 단조를 계속해야 하는 경우 보물 상자를 다시 활성화해야 합니다. 무료 단조를 사용하시겠습니까?
30812,"미니코인이 부족한데, [color=#FF903C]%s[/color] 위안을 사용하여 [color=#FF903C]%s[/color] 미니코인을 구매하시겠습니까?"
30813,별 단조는 별을 잃지 않습니다. 이 사용은 확실히 별을 올릴 것입니다.
30814,"매직 포지 테이블 보상에는 탈것 - [Zongxiang Shake], 의상 [Shaohua], 무기 [Grass Green Shovel] 등이 포함됩니다. 탈것, 의상, 무기 등과 같은 잭팟은 한 번만 이길 수 있으며 반복해서 이길 수 없습니다"
30815,스타 위시 매직 볼을 사용하면 트레저 박스 스타 등급을 활성화하거나 향상시킬 수 있습니다. 트레저 박스 스타 등급이 높을수록 보상이 풍부합니다.
30816,보물상자로 얻은 스타위시코인은 거래소에서 교환이 가능해 후한 보상을 받을 수 있다.
30817,현재 패키지를 이미 구매했으며 다시 구매할 수 없습니다.
30818,구매 후 획득
30819,구매하고자 하는 패키지를 선택해 주세요
30820,시즌 종료 왼쪽:
30821,보상을 즐기세요
30822,작업 즐기기
30823,이벤트를 즐기세요
30824,구매 수준
30825,무료
30826,원클릭 청구
30827,교환
30828,프리빌리지 카드 구매
30829,가스 팩을 구입하십시오
30830,프리빌리지 카드가 잠금 해제되었습니다.
30831,프리빌리지 카드 구매 시 @1로 업그레이드
30832,@1 레벨로 업그레이드
30833,현재 수준: @1级
30834,카드 레벨 팩을 즐기세요
30835,특전 카드
30836,가스 팩 업그레이드
30837,지금 다음 보상을 잠금 해제하세요
30838,오늘 다음 보상 자격을 잠금 해제하십시오.
30839,주다
30840,묻다
30841,다음 보상 자격을 잠금 해제하십시오.
30842,작업 즐기기
30843,보상 임무가 완료되고 보상 카드를 @1에서 @2로 업그레이드할 수 있습니다!
30844,팁: 프리빌리지 카드의 레벨을 지속적으로 업그레이드하면 풍부한 보상이 여러분을 기다리고 있습니다!
30845,오늘은 더 이상 팁이 없습니다
30846,프롬프트
30847,@ 1 미니 코인을 사용하여 @ 2 레벨을 구매합니다.
30848,확실한가요
30849,주간 작업
30850,도전을 즐기세요
30851,주 @1
30852,일주일 동안 모든 작업을 완료하면 받을 수 있습니다.
30853,모든 보상 챌린지를 완료하여 획득하세요
30854,받다
30855,머리
30856,광고 보기
30857,잠금 해제 조건:
30858,이번 주 퀘스트는 @1에서 잠금 해제됩니다.
30859,작업만 최대 3주 동안 저장할 수 있습니다
30860,교환 상점
30861,교환 가능: @1/@2
30862,최대한
30863,매진
30864,사용할 포인트가 부족합니다.
30865,작업이 너무 자주 발생하면 나중에 다시 시도하십시오.
30866,상환 한도에 도달했습니다.
30867,구매 수준
30868,구매 완료 후 다음과 같은 보상을 받을 수 있습니다.
30869,@ 레벨 1을 구매하여 @ 레벨 2로 업그레이드하세요.
30870,보상을 즐기세요
30871,무료 보상
30872,프리빌리지 카드를 구매하여 잠금 해제
30873,카드 리워드를 즐기세요
30874,이번 시즌 한정
30875,"[보상 수령 안내] 1. 보상은 무료 보상과 시즌패스 보상으로 구분됩니다. 시즌패스가 없는 모험가께서는 무료 보상만 받으실 수 있습니다. 시즌 패스 보상을 받으려면 시즌 패스를 구매하세요. 2. 해당 레벨 도달 시 보상을 받을 수 있습니다. [업그레이드 정보] 1. 시즌 패스에서 작업과 이벤트를 완료하여 경험치를 얻으세요. 그러면 시즌 패스 레벨이 올라가고 놀라운 보상이 잠금 해제됩니다. 2. 시즌패스를 구매하신 모험가님은 레벨업을 위해 직접 레벨을 구매하실 수 있습니다. 3. 시즌 패스의 최대 레벨은 Lv.80입니다. 최대 레벨 이상으로 획득한 경험치는 50:1 비율로 시즌 패스 포인트로 전환됩니다. [과제 정보] 1. 시즌 패스 과제는 주간 과제와 과제로 구성됩니다. 2. 매주 주간 작업 그룹이 잠금 해제됩니다. 주간 작업 아래의 모든 하위 작업을 완료하여 완료로 표시하세요. 각 모험가는 최대 3주 동안 작업을 저장할 수 있습니다. 3. 시즌 패스 챌린지는 한 번만 완료할 수 있습니다. [마감일 안내] 현재 시즌이 종료되면 모든 콘텐츠 이용이 불가능해집니다. 청구하지 않은 보상, 시즌 패스 포인트, 과제는 사라집니다. 시즌이 끝나기 전에 모든 보상을 획득하세요. [루도 소개] 1. 보드판의 럭키슬롯 타일에 도달하여 럭키드로우에 참여하세요. 해당 보상을 얻으려면 주황색 시작 타일을 전달하여 각 게임을 완료하세요. 2. 매 시즌마다 주사위를 굴릴 기회를 얻는 방법은 세 가지가 있습니다. 시즌 패스 구매 여부와 상관없이 미니빈으로 주사위 기회를 교환합니다. 시즌 패스를 구매했다면 최대 레벨에 도달한 후 시즌 패스 포인트로 주사위 기회를 교환하세요. 시즌 패스 구매 여부에 관계없이 친구를 초대하여 Ludo를 플레이하면 주사위 기회를 얻을 수 있습니다. 친구가 초대 편지에서 [이동]을 클릭해야만 초대가 성공한 것으로 간주됩니다."
30876,새 시즌이 시작됩니다
30877,청구 할 보상
30878,주장할 경험치
30879,카운트 다운 @ 1 일
30880,끝이 다가오고 있습니다!
30881,"보상 임무 완료를 축하하며, 보상 카드로 이동하세요."
30882,전체 수준
30883,광고 혜택
30884,"전체 시청, @1포인트 경험치 획득 축하(@2배 추가)"
30885,시계가 완성되었으며 이번 주 광고 시청 경험치 한도에 도달했습니다
30886,아무 곳이나 클릭하여 닫습니다.
30887,보상 자격 획득에 성공하세요
30888,@1级奖励
30889,해당 레벨로 업그레이드하여 받으세요
30890,포인트 카드를 구매하면 다음과 같은 푸짐한 보상을 즉시 받을 수 있습니다.
30891,권한 수준이 한도에 도달했습니다.
30892,경험치 부족 아이템
30893,작업이 청구되었습니다.
30894,작업이 완료되지 않았습니다
30895,태스크 포스가 열려 있지 않습니다
30896,작업 그룹 완료 보상이 청구되었습니다.
30897,작업 그룹 완료 보상 수집 조건이 충족되지 않습니다.
30898,매개 변수 오류
30899,시스템 오류
30900,프리빌리지 카드를 구매하여 교환 자격을 엽니다.
30901,레벨 업을 즐기세요!
30902,독점권을 누리세요
30903,누리다
30904,이번 주에 최대 XP 카드 수에 도달했으니 다음 주에 다시 사용하십시오
30905,"팁: 리워드 포인트는 리워드 선물 상자로 교환할 수 있으며, 이 상자에는 영구적인 의상이나 무기를 열 수 있는 기회가 있습니다!"
30906,포인트 카드로 이동
30907,공원을 모으십시오
30908,럭키 랜드
30909,공원에서 재충전
30910,여름 햇살 노래 꿈
30911,열다
30912,현재 보유 : @ 1
30913,공원의 비밀의 보물 : 총 100회 오픈 필수 획득 [여름 맑은 노래의 꿈]
30914,절대적인 힘! [여름 맑은 노래 꿈나라]를 획득했습니다
30915,오른쪽의 작업을 완료하면 오프닝 자격을 얻을 수 있습니다.
30916,@1 산리오 패밀리 컬렉션 드레스업 칼라 (@2/@3)
30917,수집하러 가기
30918,주장
30919,최대 개구부 수에 도달했습니다.
30920,보상 미리보기
30921,공유
30922,"@1 매입 @2를 소진하겠습니다만, 확인해 주세요"
30923,미니코인이 부족하여 구매에 실패했습니다.
30924,공원 티켓 매수가 부족합니다
30925,충전하러 가기
30926,드롭을 그리면 현재 단조 라운드가 종료되며 다시 활성화해야 합니다. \n일반 단조품을 계속 사용할지 여부
30927,단조 시작
30928,보상을 청구하면 현재 단조 라운드가 종료됩니다.
30929,현재 보상
30930,다음 단계 보상
30931,교환
30932,활성화를 기다립니다
30933,애니메이션 건너뛰기
30934,랜덤하게 레벨 1~3 보상을 획득하세요
30935,"다운그레이드 없음, @1次必定升级"
30936,리워드 받기
30937,활동 시간
30938,"【한여름 동화 천국】기간 한정 오픈, 당신과 함께 꿈의 시간을 보내  세요 [Collection Park]  게임 플레이 소개에 대해: (1) 지정된 산리오 패밀리 시리즈 2, 4, 6, 8 코스튬을 획득하면 보상을 받을 수 있습니다. (2) 수집 작업을 완료하여 공원의 비밀 보물을 얻고, 공원의 비밀 보물을 열면 영구 [Summer Clear Song Dreamland]를 얻을 수 있는 기회가 있으며, 총 100번을 획득해야 합니다!! (모든 수집 작업을 완료하면 공원 비밀 보물 100개를 얻을 수 있습니다. 오!)   [럭키랜드] 게임플레이 소개 소개: (1) 단조를 활성화하여 마법 단조 여정을 시작하고, 최종 레벨에 따른 보상을 받으세요 (2) 파크 티켓을 구매하여 오픈 또는 위조 보상, 파크 티켓은 10 미니 코인/개로 가격이 책정됩니다. (3) 초기 단계에서는 파크 쿠폰*1을 통해 오픈 단조를 진행하고, 랜덤하게 초기 보상 레벨인 1~3 스타를 획득합니다. 활성화 후 보상을 직접 받거나 보상 레벨을 계속 위조하도록 선택할 수 있습니다. (4) 단조 단계, 무료 또는 고급 단조를 통해 보상 레벨을 높이고, 레벨이 높을수록 보상이 풍부해집니다. (5) 해당 레벨로 업그레이드하여 해당 레벨 보상을 받고, 레벨 6으로 업그레이드하여 최종 상품을 받고, 해당 레벨의 보상을 받은 후 다음 단조 라운드를 열려면 다시 활성화해야   합니다.고급 단조 규칙: (1) 고급 단조가 실패해도 보상 레벨이 감소하지 않고 계속 위조할 수 있습니다. (2) 현재 레벨에 3개의 고급 단조를 추가하면 보상 레벨이 확실히 높아집니다 (3) 고급 단조는 일정 수의 공원 티켓을 소비해야 하며, 보상 레벨이 높을수록 고급 단조에 더 많은 공원 티켓이 필요합니다(레벨 1   - 파크 티켓 * 3/회, 레벨 2 - 파크 티켓 * 6/회, 레벨 3 - 파크 티켓 * 10/회, 레벨 4 - 파크 티켓 * 30/회, 레벨 5 - 파크 티켓 * 120/회).무료 규칙: (1) 소품을 소비하지 말고 무작위로 부정적인 결과를 얻은 다음 단조를 종료합니다. (2) 결과에 따라 해당 레벨을 높이거나 낮  춥니다. (3) 단조 결과가 0보다 크면 해당 레벨 보상을 받습니다. (4) 단조 결과가 0 이하일 때 보장된 보상을 받을 확률이 발표됩니다. (1) 오픈 단조: 레벨 1 - 80%; 레벨 2 - 19.5%; 레벨 3 - 0.5% (2) 추가 단조: 레벨 1 - 16% 추가; 레벨 2 추가 - 3.9%; 3단계 추가 - 0.1%; 1단계 공제 - 70%; 2단계 공제 - 10%   교환 상점 규칙: (1) 이벤트에서 획득한 파크 포인트는 교환 상점에서 필요한 보상으로 교환할 수 있습니다. (2) 파크 쿠폰과 파크 포인트는 이벤트 종료 후 소멸되오니 제때 이용해주세요. [  리차지 파크] 게임 플레이 소개: (1) 지정된 코스튬으로 파크 쿠폰을 받고 [럭키랜드]에 참가할 수 있습니다. (2) 누적 충전 작업, 지정된 금액까지 충전하면 보상 수령"
30939,남은 수량이 부족합니다
30940,파크 포인트가 부족합니다
30941,구속
30942,사용을 클릭합니다
30943,아이템을 이미 소유하고 있어 교환할 수 없습니다.
30944,이미 소유
30945,단조의 끝
30946,고급 단조
30947,일반 단조
30948,무료
30949,매진
30950,절대 강도/n 잭팟 잠금 해제를 축하합니다
30951,사다
30952,교환 상점
30953,구매 한도: @1/@2
30954,가장 적게
30955,최대한
30956,벨린다 픽업 받기
30957,얻으러 가다
30958,충전하러 가기
30959,누적 충전이 @1위안에 도달하면 받을 수 있습니다.
30960,아무 금액이나 재충전하면 얻을 수 있습니다.
30961,"미니코인cff0000@1 소비할 #n 구매 cff0000@2#n, 확인 부탁드립니다."
30962,미니 코인이 부족합니다. 재충전하십시오.
30963,위조 된 동전의 수가 부족합니다.
30964,기타금액
30965,충전 #cff0000@1#n
30966,구매
30967,교환
30968,미니 코인 부족
30969,교환 상점
30970,교환
30971,품절
30972,이미
30973,핫 세일
30974,신제품
30975,@ 1일 남았습니다
30976,구매제한@1/@2
30977,단일 구매 한도 999
30978,최대
30979,힌트
30980,보상을 받은 후 이 단조는 종료됩니다. 지금 받으시겠습니까?
30981,현재 보상
30982,다음 레벨 보상
30983,보상 받기
30984,고급 단조
30985,@ 레벨 1 보상 받기
30986,청구할 보상을 선택하십시오.
30987,"#cff0000-1,-2#n 그리면 이 단조가 끝납니다.
무료 단조를 계속 사용할지 여부"
30988,무료 단조
30989,"게임 플레이 소개:
(1) 단조를 활성화하여 마법 단조 여행을 시작하고 최종 수준에 따라 보상을 받습니다.
(2) 위조된 동전을 구입하여 보상을 열거나 위조합니다. 위조된 동전의 가격은 10개의 미니 동전/조각입니다.
(3) 초기 단계에서 동전 * 1을 통해 단조를 시작하고 무작위로 1~3단계의 초기 보상 수준을 얻습니다. 활성화 후 직접 보상을 받거나 보상 수준을 계속 위조하도록 선택할 수 있습니다.
(4) 단조 단계에서는 무료 또는 고급 단조를 통해 보상 수준을 높입니다. 레벨이 높을수록 보상이 풍부합니다.
(5) 해당 레벨로 업그레이드하면 해당 레벨 보상을 받을 수 있습니다. 즉, 보상 레벨이 6일 때 6레벨 보상의 내용 중 하나를 받을 수 있습니다. 해당 레벨의 보상을 받은 후 다시 활성화하여 다음 단조 작업을 시작해야 합니다.

고급 단조 규칙:
(1) 고급 단조가 실패하면 보상 수준이 낮아지지 않으며 단조를 계속할 수 있습니다.
(2) 현재 수준에 고급 단조 시간을 3회 추가하면 보상 수준이 확실히 높아집니다.
(3) 고급 단조에는 일정량의 단조 동전이 필요합니다. 보상 수준이 높을수록 더 많은 단조 동전이 필요합니다(레벨 1 - 단조 동전 * 3/시간, 레벨 2 - 단조 동전 * 6/시간, 레벨 3 - 단조 동전 * 10/시간, 레벨 4 - 단조 동전 * 30/시간, 레벨 5 - 단조 동전 * 120/시간).

무료 규칙:
(1) 소품을 사용하지 않습니다. 단조가 실패하면(즉, -1 및 -2 결과를 추첨) 단조가 종료되고 다시 활성화되어야 합니다.
(2) 추출 결과에 따라 해당 레벨이 업그레이드 또는 낮아집니다.
(3) 단조 결과가 0보다 크면 해당 수준의 보상을 받습니다.
(4) 단조 결과가 0보다 작거나 같을 경우 보장된 보상을 받습니다.

확률 발표:
(1) 단조 열기: +1(80%); +2(19.5%); +3(0.5%)
(2) 추가 단조: +1(16%); +2(3.9%); +3(0.1%); -1(70%); -2(10%)

교환 상점 규칙:
위조로 얻은 교환 쿠폰은 교환 매장에서 원하는 보상을 받을 수 있습니다.

보상 수준에 대한 상속 지침:
마법 단조 테이블이 보상 내용을 업데이트하면 모험가가 현재 도달한 보상 수준이 상속되며 모험가는 현재 보상 수준을 선택하거나 계속 위조할 수 있습니다."
30990,남은 수량 부족
30991,교환 바우처 수가 부족합니다.
30992,이미 아이템을 소유하고 있으며 상환할 수 없습니다.
30993,단조는 끝났다
30994,정상에 성공적으로 도달
30995,"절대 힘
정상에 오른 것을 축하합니다"
30996,"다운그레이드 없음, #cff0000@1#n 업그레이드해야 합니다."
30997,이번 주에도 #cff0000@1 사용할 수 있습니다#n
30998,단조 열기
30999,
31000,@Null@
31001,나의 그룹
31002,@1인 온라인/ @2명 멤버
31003,그룹 프로필 사진 선택
31004,역할
31005,꾸미기
31006,생명체
31007,사회자
31008,그룹 성원
31009,요청 리스트 추가 성공
31010,그룹을 탈퇴하시겠습니까?
31011,그룹 초대: @1 (@2명)）
31012,초대인: @1(@2)
31013,사회자:@1(@2)
31014,진행자에 의해 그룹 #cfa7a0f@1으로부터 탈퇴당했습니다.
31015,사회자가 그룹 #cfa7a0f@1을 해체했습니다.
31016,자동으로 그룹 가입
31017,그룹 가입 신청을 보냈습니다. 답장을 기다립시오.
31018,그룹 인원수가 상한선에 도달하여 가입할 수 없습니다.
31019,현재 해당 그룹 만원으로 더이상 가입할 수 없습니다
31020,@1을 그룹에 가입할 것을 요청했습니다.
31021,@1이 그룹에 초대했습니다.
31022,그룹에 참여하고 있는 플레이어는 다음과 같습니다: @1
31023,플레이어 @1 사회자에 의해 그룹에서 탈되당했습니다.
31024,플레이어 @1 은 사회자에 의해 금언 설정되었습니다.
31025,총 @1명의 구성원
31026,맨 위로
31027,맨 위로 설정됨
31028,교류가 너무 잦으니 좀 쉬었다가 다시 연락해봐요~
31029,그룹 이름
31030,모드을 켜면 모든 그룹 가입 요청을 자동으로 수락합니다. 해당 자동가입 모드를 활성화하시겠습니까?
31031,최근에 여러 차례 신고되어 잠시 그룹에서 채팅을 할 수 없습니다. 사회자에게 연락하세요.
31032,최근 여러 차례 신고되어 심사 중에 있습니다. 그룹 채팅을 사용할 수 없습니다.
31033,최근에 여러 번 신고되어 단체 채팅 기능을 사용할 수 없습니다. @1 까지 사용불가
31034,헤드업 설정 해제됨
31035,사회자가 그룹명을 @1로 수정하였습니다.
31036,사회자 권한을 이양을 하시겠습니까?
31037,당신의 발언은 여러 차례 신고 접수되어 그룹 채팅을 만들 수 없습니다.
31038,플레이어 @1는 그룹에서 강제 추방되었습니다.
31039,이 플레이어를 그룹에서 내보내시겠습니까?
31040,그룹에 성공적으로 가입했습니다.
31041,요청이 거부되었습니다.
31042,당신은 이미 해당 그룹에 속해 있습니다.
31043,그룹이 없습니다. 먼저 그룹을 만들거나 가입한 후 공유하십시오.
31044,신청 기한이 지났습니다.
31045,게시글 업로드 관련 안내사항
31046,"게임에서 위반 정보를 게시하거나 유포하지 마십시오. 위반자는 엄중하게 처벌됩니다.
 위반 내용은 다음과 같지만 이에 국한되지 않습니다.
 1. 개인 프라이버시 정보: 아이디 비밀번호, 실명 등.
 2. 유도 정보 : 충전구매, 기타 다운로드 등.
 3. 소셜 정보: 소셜 플랫폼, 연락처, 사이트 링크 등.
 4. 국가 법규 위반으로 금지되는 내용:
 (1) 헌법이 정한 기본원칙에 위배되는 것.
 (2) 국가 안보를 위협하고 국가 비밀을 누설하며 국가 정권을 전복하고 국가 통일을 파괴하는 경우.
 (3) 국가의 명예와 이익을 해치는 자.
 (4) 민족혐오, 민족차별을 선동하여 민족단결을 파괴한 자.
 (5) 국가 종교정책을 파괴하고 사이비·봉건 미신을 선양한 것.
 (6) 소문을 퍼뜨려 사회질서를 어지럽히고 사회적 안정을 해치는 것.
 (7) 외설, 음란, 도박, 폭력, 테러, 또는 범죄를 교사하는 행위.
 (8) 타인을 모욕하거나 비방하여 타인의 합법적인 권익을 침해하는 경우.
 (9) 불법 집회, 결사, 행진, 시위, 대중을 선동하여 사회 질서를 어지럽히는 경우.
 (10) 불법 민간조직 명의로 활동하는 경우.
 (11) '즉시통신도구 공중정보서비스 발전관리 잠정규정' 및 법률법규 준수, 사회주의제도, 국가이익, 공민적 합법이익, 공공질서, 사회도덕풍상과 정보진정성 등 '7가지 기본 원칙' 요건에 부합하지 않는 경우
 (12) 법률·행정법규가 금지하는 기타 내용을 담고 있는 경우.
 5. 법적 규정 및 플랫폼 요구 사항을 충족하지 않는 기타 컨텐츠 등."
31047,@Null@
31048,#c3D4546 읽었습니다 #n #L #cfa7a0f 채팅 그룹 사용 정보.
31049,확인 및 생성.
31050,"개인 프라이버시, 폭력테러, 성인물 배포, 소비유도 등 위반정보를 그룹 내에 유포하지 마십시오."
31051,#L#c49463F 불법적 인 콘텐츠를 게시하고 부적절한 정보를 유포하지 마십시오.
31052,현재 그룹이 해체되어 작동할 수 없습니다.
31053,현재 그룹에 없으므로 작업을 수행할 수 없습니다.
31100,"미니 캡틴 #cFF723A SOGOU 입력 방법 #n을 사용하는 것이 좋습니다. 친구와 채팅하십시오! #r #cFF723A ""언어 및 입력 방법""#n을 시작하십시오."
31101,이해했다
31102,가이드보기
32000,@Null@
32001,"친애하는 플레이어 여러분, 광고를 시청하는 방법으로 @1의 관련 혜택을 받을 수 있습니다. 광고를 재생하시겠습니까?"
32002,"사랑하는 플레이어, 현재 광고 데이터 획득에 실패했습니다. 나중에 다시 시도하십시오!"
32003,"친애하는 플레이어 여러분, 오늘 광고 시청 횟수가 꽉 찼으니 내일 다시 시도해 보세요!"
32004,"친애하는 플레이어 여러분, 현재 광고 재생은 모바일만 지원합니다!"
32005,@Null@
32006,아카이브 도움말
32007,"#cfa7a0f 저장 데이터 공간을 어떻게 확장합니까? #n
#c0aaa1a 내 #n 분류 저장 데이터 공간이 없으면 확충할 수 없습니다.
세이브 데이터 스페이스는 마이 가든의 레벨 업, 개발자의 인증, 세이브 데이터 스페이스의 언록을 구입하는 것으로 확충할 수 있습니다.
 
 
#cfa7a0f 현재 보상된 저장 데이터 공간 #n
마이 가든 보상 저장 데이터 공간 : #c0aaa1a@1#n
개발자 보상 저장 데이터 공간: #c0aaa1a@2#n
저장 데이터 공간 잠금 해제 구매: #c0aaa1a@3#n"
32008,정원로 이동
32009,개발자 확인
32010,구매 슬롯
32011,구매 확인
32012,당신은 #c0aaa1a @1 × @2 #n 구입 #cfa7a0f @3 아카이브 슬롯 #n을 보낼 것입니다. 확인 해주세요.
32013,"현재 아카이브 번호 : @1
구입 후 보관 번호 : @2"
32014,확인
32015,#cfa7a0f 내 #n 아카이브가 변화 :
32016,내
32017,다운로드
32018,아카이브 슬롯이 한도에 도달!
32019,1 개의 아카이브 슬롯의 잠금을 해제
32020,아카이브가 상한이다. 더 아카이브 로그 해제 또는 구매하십시오.
32021,@Null@
32022,@Null@
32023,@Null@
32024,@Null@
32025,@Null@
32026,업로드하지 않았다
32027,업로드
32028,다운로드
32029,역사 기록
32030,게임 맵
32031,확장
32032,지도의 상세
32033,데이터의 개요
32034,댓글
32035,작성 시간 :
32036,업로드
32037,리뷰 중
32038,두번 리뷰 중
32039,변경 예정
32040,저장된
32041,규칙 위반
32042,금지
32043,공유
32044,업로드
32045,업데이트
32046,다운로드
32047,어제 새 다운로드
32048,현재지도 평가
32049,데이터의 개요
32050,총
32051,다운로드
32052,감정사의 추천
32053,댓글 수
32054,블록 수
32055,즐겨 찾기 수
32056,위의 데이터는 1까지
32057,맵 상태에 대한 설명
32058,#c0AAFFF 리뷰 중 #n
32059,#c0AAFFF 두번 리뷰 중 #n
32060,#cFA7A0F 변경 될 #n
32061,#cFF3D2B 규칙 위반 #n
32062,#cFF3D2B 블록 #n
32063,지도는 리뷰 중입니다. 리뷰에 합격하면 미니 공방에지도가 표시됩니다.
32064,규칙 위반 내용이 맵에 발견. 수정하여 다시 업로드해야합니다.
32065,승인 된 맵은 다시 검토되고 평가에 합격하면 맵은 미니 공방에 표시됩니다.
32066,규칙 위반 내용이 맵에 발견. 지도는 사용할 수 없습니다 여러 위반 기록이있는 계정이 차단됩니다.
32067,규칙 위반 내용이 맵에 발견. 지도는 사용할 수 없습니다.
32068,아래의 [더] 버튼을 눌러 미니 공방에 가서 첫 번째 맵을 다운로드하십시오!
32069,놀고 않았다 맵
32070,멋진
32071,인기도
32072,플러그인
32073,점수
32074,사람
32075,@Null@
32076,@Null@
32077,@Null@
32078,N/A
32099,@Null@
32100,@Null@
32101,친애하는 플레이어 업데이트가 준비되고있다. 파일 크기 : #cfa7a0f  @1메가바이트 #n. 확인을하시기 바랍니다. (당신은 WI-FI에서 업데이트를하는 것이 좋습니다)
32102,새 파일을 다운로드. 연결된 인터넷을 보관하십시오
32103,다운로드 진행 : #cfa7a0f  @1 %
32104,업데이트를 완료하기 위해 휴대 전화에 충분한 저장 공간이 부족합니다. 저장 공간을 정리하고 다시 시도하십시오.
32105,멀티 모드이 기능은 사용할 수 없다
32106,맵 제작자 만이 기능은 사용할 수 없다
32107,@1 :로 상호 변경
32108,외계인이 사용자가 플러그인 [@1]을 사용하고 있음을 감지했습니다. 닫고 재생하십시오. 플러그인 영구 제목의 가능한 사용은 미니 번호를 소중히하시기 바랍니다!
32109,금지 내용을 많이 이야기하고 계정은 금지됩니다.
32110,설정할 수 없습니다. 텍스트 암호에 8-12 문자를 설정하십시오
32111,"설정할 수 없습니다. 암호는 적어도 두 가지 문자의 조합 (영어 알파벳, 숫자 또는 영어 구두점)을 선택하십시오"
32112,계정의 안전성을 확보하기 위해 계정의 손실을 방지하기 위해 정기적으로 암호를 업데이트 할 것을 권장합니다
32113,암호를 변경하기 전에 계정을 휴대하거나 이메일과 연계하십시오
32114,"지원되는 암호 형식 :
1. 문자 길이 8-12 문자
2. 알파벳 (대문자와 소문자가 구별됩니다), 숫자, 영어 구두점을 지원합니다. 조합은 적어도 2 개의 종류를 선택하십시오
3. 공간, 한자, 특수 문자는 사용하지 마십시오"
32115,"지원되는 텍스트 암호 :
1. 문자 길이는 8-15 자리 (하나의 문자가 3 자리를 차지)
2. 알파벳, 숫자, 한자, 구두점을 지원"
32116,암호로 두 가지 이상의 문자 조합 ー ー 숫자/영문/구두점을 입력하십시오
32117,암호 길이 또는 조합의 유형이 부족합니다. 리셋하십시오
32118,암호 강도 : #cda5b0a 중
32119,암호 강도 : #c0aaa0f 높은
32120,길이가 불충분
32121,암호
32122,#L 휴대 인증으로 전환
32123,#LSwitch 메일 인증으로 전환
32124,"설정 실패했다. 암호에는 공백, 한자, 특수 문자는 사용할 수 없습니다."
32125,현재 계정은 휴대 번호에 연계하지 않습니다
32126,현재 계정은 메일 작동하지 않는
32127,현재 UID
32150,@Null@
32151,@Null@
32152,@Null@
32153,@Null@
32154,@Null@
32155,@Null@
32156,@Null@
32157,@Null@
32158,@Null@
32159,@Null@
32160,@Null@
32161,@Null@
32162,@Null@
32163,@Null@
32164,@Null@
32165,@Null@
32166,@Null@
32167,@Null@
32168,@Null@
32169,@Null@
32170,@Null@
32210,@Null@
32211,@Null@
32212,@Null@
32213,버전이 너무 낮습니다. 최신 버전을 다운로드하십시오.
32214,새로운 버전이 감지되었습니다. @1까지 게임을 다운로드하십시오.
32215,게임의 새로운 버전이 감지되었습니다. Wi-Fi로 다운로드하는 것이 좋습니다.
32216,패치 크기 : @1M
32217,@1MB를 다운로드했습니다. @2를 업데이트하려고합니다. 기다려주십시오
32218,네트워크 오류. 네트워크를 확인하고 업데이트 해보세요
32219,자원을 풀기 ... 1 % @
32220,로드 중 ... @1 %
32221,다운로드 실패는 다시 게임을 업데이트하십시오.
32222,감압은 게임을 다시 시작하십시오 실패했습니다.
32223,부족 저장 공간을 취소하십시오.
32224,업데이트가 완료되면 게임을 다시 시작하십시오.
32250,@Null@
32251,실제 이름
32252,반환
32253,행사
32254,스타 활주로
32255,"[자원 갤러리] 당신은 게임에 모델, 플러그인 및 기타 게임 리소스를 가져올 수 있습니다."
32256,@Null@
32260,@Null@
32300,@Null@
32301,ロ マ ン チ ッ ク ピ ン ク
32350,@Null@
32500,@Null@
32501,@Null@
32502,행사
32503,보너스
32504,격렬합니다!
32505,샤오루우
32506,생방송
32507,뉴스
32508,지도
32509,상품
32510,이벤트
32511,제한
32512,유지 보수
32513,시스템
32514,선물 팩
32515,주목 정보
32520,로그인
32521,이벤트
32522,선물 팩
32523,가체
32524,보너스
32525,미니보고
32526,본명 확인 된
32527,돌아 가기 보너스
32528,계속
32529,더 선물
32530,미니 럭키 박스 그리기 >>
32531,새로운 제품이 있습니다!
32532,가스파가 새로 고쳐 졌어!
32533,"새로운 특별한 선물 팩이 있으며, 와서 확인하십시오."
32534,구속 될 수 있습니다
32535,축제가 새로 고쳐집니다
32536,과일은 수확을위한 준비가되어 있습니다
32537,과일은 성숙하고 와서 수확합니다.
32538,방황하는 상인이 여기에 있습니다. 확인하십시오.
32550,@Null@
32551,
32552,작은 마을
32553,카메라
32569,
33000,경전 모험
33001,고급 모험
33002,모의 모험
33003,생성
33004,수정
33005,@Null@
33006,@Null@
33007,@Null@
33008,@Null@
33009,@Null@
33010,@Null@
33011,충적세
33012,숨겨진 캐릭터 모델
33013,설비 유형
33014,모델 추가
33015,모델 추가 ()
33016,헬멧
33017,수도꼭지
33018,레깅스
33019,부츠
33020,뒤로 (특별)
33021,선택하세요
33022,장비 유형은 게임에 착용했을 때 어떤 장비 부품에 속하는 것을 결정합니다.
33023,1 부
33024,2 부
33025,3 부
33026,모델
33027,설치 위치
33028,머리
33029,가슴
33030,특별한
33031,오른손
33032,왼손
33033,가랑이
33034,오른쪽 다리
33035,왼쪽 다리
33036,오른발
33037,왼발
33038,설치 위치를 선택하십시오
33039,액션
33040,유형이 선택되지 않았다
33041,장비
33042,확인 후 부품은 마지막에 저장된 위치로 복원됩니다. 실행 하시겠습니까?
33043,장비 유형을 선택
33044,물리 방어
33045,근거리 물리 방어
33046,원격 물리 방어
33047,폭발 방지
33048,원소 방어
33049,연소 저항성
33050,독소 내성
33051,혼란 저항성
33052,장비 효과 설정
33053,장비 효과 설명
33054,효과를 추가
33055,아바타가 표시되는
33056,아바타는 차단 된
33057,"1. 장비에 효과를 추가합니다. 이것은 비행 공격, 이동 속도 증가 등 장비 착용자의 다양한 특성에 영향을 미칠 수 있습니다. 2. 장비 당 최대 5 개의 효과를 추가 할 모든 효과를 발휘할 수 있습니다. 3. 더 많은 방법이 기다리고 있어요!"
33058,이 부분을 삭제 하시겠습니까?
33059,オ リ ジ ナ ル 小 道具 は モ デ ル の 変 更 を サ ポ ー ト し て い ま せ ん. 新 し い も の を 作成 し て み て く だ さ い!
33060,얼음 내성
33061,방어 속성
33100,@Null@
33101,플러그인 팩 만들기
33102,팁 : [O]를 눌러 플러그인 팩에 추가하고 싶은 플러그인을 선택
33103,일부 플러그인이 다른 플러그인을 참조하는 것이 감지되었습니다. 이러한 플러그인을 플러그인 팩에 추가 하시겠습니까?
33104,필요
33105,필요없는
33106,일부 플러그인은 자원 공방에서 다운로드 한 모델을 참조하고있는 것으로 확인되었습니다. 포장이 완료되면 #cEF2D2D 플러그인 팩은 #n을 업로드 할 수 없습니다. 패키지를 계속 하시겠습니까?
33107,추가 확인
33108,변수 확인
33109,다음 변수가 플러그인 팩에 포함됩니다. 확인하십시오.
33110,플러그인 팩 정보
33111,전시 이미지
33112,이름 :
33113,설명 :
33114,#L 개방 편집 :
33115,온
33116,오프
33117,크기 :
33118,저자 :
33119,지금의 게임 버전 :
33120,최종 수정 시간 :
33121,연 후이 플러그인 팩을 사용하면 다른 플레이어가 내용을 다시 편집 할 수 있도록합니다
33122,재선
33123,만들기
33124,플러그인 팩 이름
33125,일부 플러그인은 아직 해결되지 않은 문제가 있습니다. #cEF2D2D 플러그인 팩은 생성 후 기대 한 결과를 얻지 못할 수 있습니다 #n. 포인트에 따라 이러한 문제를 찾아 해결할 수 있습니다.
33126,이 작성 작업을 저장해야합니까?
33127,(다음이 아카이브에 플러그인 팩을 만들 때 생성 프로세스는 계속됩니다)
33128,저장
33129,저장하지
33130,모든
33131,내 작품
33132,제가 구입
33133,공식
33134,지금 플러그인 팩은 없습니다. 맵에 새로 만듭시다!
33135,지금 플러그인 팩은 없습니다. 자원 공방에 봅시다!
33136,업로드
33137,선반에 추가
33138,다운로드
33139,다운로드 않았다
33140,이 플러그인 패키지를 다운로드해야합니까?
33141,플러그인 팩 이름
33142,먼저 플러그인 팩을 선택하십시오
33143,가져 오기
33144,업로드
33145,업로드 취소
33146,사용 안 함
33147,활성화
33148,삭제
33149,원상으로 복원
33150,이 플러그인 팩을 삭제 하시겠습니까?
33151,#cEF2D2D (공식 플러그인 팩이 제거 된 후 편집 레코드 만 삭제되고이 플러그인 팩은 완전히 제거되지 않습니다) #n
33152,#cEF2D2D (아카이브에서 편집 된 컨텐츠는 얻을 수없는 경우가 있습니다) #n
33153,가져온 플러그인 팩은지도에 다시 들어간 후에 만 ​​사용할 수 있습니다. 맵에 다시 들어갑니다.
33154,나중에
33155,#cEF2D2D 경고 : 현재 보관되어있는 블록 플러그인이 상한이다! 한도를 초과 한 플러그인 팩 블록 플러그인은 자동으로 블록으로 대체했습니다. #n
33156,다음 플러그인 팩은 현재 맵에 이미 이러한 플러그인 팩은 배치에 덮어 쓰거나 건너 뛸 수 있습니다.
33157,이 전에 편집 할 때 게임 버전 :
33158,퇴출 관리
33159,"이 플러그인 팩에 업로드 기록이 있지만, 이번 편집 작업을 서버에 동기화으로 업로드해야합니까?"
33160,업로드하지
33161,편집 된 플러그인 팩은지도에 다시 들어간 후에 만 ​​사용할 수 있습니다. 맵에 다시 들어가나요?
33162,제품 유형을 선택하십시오
33163,추가 플러그인 팩을 선택
33164,내장 플러그인
33165,플러그인 팩을 편집
33166,커버
33167,건너 뛰기
33168,"다음 플러그인 팩에는 더 높은 버전의 게임 버전이 필요하기 때문에, 맵을 가져올 수 없습니다. 게임을 최신 버전으로 업데이트하십시오."
33169,#cEF2D2D 경고 : 총 라이브러리는 단일 플러그인의 내용을 변경할 수 없습니다! #n
33170,"이 플러그인 팩에는 더 높은 버전의 게임 버전이 필요하기 때문에, 게임을 최신 버전으로 업데이트하십시오."
33171,먼저 플러그인을 선택하십시오
33172,#cEF2D2D이 플러그인 팩의 저자는 다른 사람이 팩의 내용을 변경하는 것을 허용하지 않습니다! #n
33173,플러그인 팩 도움말 만들기
33174,"#cfa7a0f 플러그인 팩을 만드는 방법은? #n

1. 포장하고 싶은 플러그인을 확인하고 OK를 눌러 추가합니다.
2. 포장 된 변수를 확인합니다.
3. 플러그인 팩의 이름과 설명 등 기본 정보를 편집합니다.
4. 선택한 플러그인을 다시 확인합니다. 문제가있는 경우 나타납니다 : 빨간 점 - 플러그인 트리거에 문제가 있습니다; 느낌표 - 플러그인은 자원 공방에서 다운로드 한 모델을 사용하고 있습니다.
5. 만들기를 클릭하면 당신의 플러그인 팩이 만들어집니다. 작성한 플러그인 패키지는 ""현재의지도 '와'총 라이브러리""에 저장됩니다.

참고 : 맵을 다시 들어간 후 생성 된 플러그인 팩을 사용할 수 있습니다!

꼭 플러그인 팩을 작성하십시오!"
33175,플러그인 패키지 도움말 편집
33176,"현재 지도#cfa7a0f: #n 현재 지도에서 가져온 플러그인 패키지를 편집할 수 있으며 내용은 다음과 같습니다. 1. 플러그인 패키지의 디스플레이 다이어그램, 이름 및 기타 기본 정보를 수정합니다. 2. 모양, 속성, 로컬 트리거 등과 같은 플러그인 패키지의 단일 플러그인 내용을 수정합니다. 3. 편집을 저장하고 지도를 다시 입력하면 편집된 플러그인 패키지가 적용됩니다. 일반 라이브러리#cfa7a0f: 일반 라이브러리의 편집 가능한 콘텐츠: 1. 플러그인 패키지 이름 및 기타 기본 정보 수정 2. 플러그인 패키지의 단일 플러그인 콘텐츠(예: 모양, 속성 등)를 수정할 수 없습니다. 3. 디스플레이 다이어그램과 단일 플러그인의 트리거 및 스크립트를 수정할 수 없습니다. 참고: 다운로드한 플러그인 패키지의 작성자가 열린 편집 기능을 가지고 있지 않으면 수정할 수 없으며 플러그인 콘텐츠를 볼 수 없습니다."
33177,선반에 넣을 수있는 플러그인 팩이 없습니다. 총 라이브러리에 업로드 해보십시오.
33178,플러그인 팩을 주제
33179,새로운 플러그인 패키지는 맵에 다시 들어간 후에 만 ​​사용할 수 있습니다. 맵에 다시 들어갑니다.
33180,동기화
33181,다음 선택한 플러그인 패키지를 총 라이브러리에 동기화 하시겠습니까? 그러면 총 라이브러리에서 기존 플러그인 패키지를 덮어 씁니다.
33182,최종 수정 시간 :
33183,"다음 플러그인 패키지가 총 라이브러리에 업로드되어 있습니다 만, 총 라이브러리에 동기화 된 서버에 업로드하고 위 씁니까?"
33184,동기화 업로드
33185,동기화 만
33186,삭제 작업은 맵에 다시 들어간 후 사용할 수 있습니다. 맵에 다시 들어갑니다.
33187,활성화 된 작업은 맵에 다시 들어간 후 사용할 수 있습니다. 맵에 다시 들어가나요?
33188,비활성화 된 작업은 맵에 다시 들어간 후 사용할 수 있습니다. 맵에 다시 들어가나요?
33189,다운로드 더 플러그인을 확인할 수 있습니다!
33190,이 변경을 이미 선반에있는 상품에 동기화 있습니까?
33191,업데이트
33192,총 라이브러리 : @1
33193,지금지도 : @2
33194,선택한 플러그인이 한계에 도달했습니다!
33195,선택한 플러그인 패키지의 수가 한계에 도달했습니다. 도입 실패!
33196,상품 정보 편집
33197,편집 저장
33198,"이 플러그인 패키지를 가져올 때, 지금의 맵 블록 플러그인의 수가 한계에 도달하여 플러그인 패키지의 블록 플러그인은 소일 블록으로 대체 사용할 수 없게되었습니다."
33199,업로드 중
33200,"기타의 다음 플러그인을 참조 컨텐츠 플러그 - 인 패키지, 이러한 플러그인은 새로운 플러그인을 선택하지 않으면에서 패키지에 추가 할 수 없습니다."
33201,업데이트합니다
33202,업데이트가 완료! 상품이 통과되면 자원 공방 자원됩니다.
33203,이 플러그인 패키지는 한때 자원 공방에 상품으로 나열했습니다. 우선 선반에 복원하고 최신 버전으로 동기화하고 나중에 제품 정보를 업데이트 할 수 있습니다.
33204,업데이트를 취소
33205,이 플러그인 패키지는 로컬에서 편집 된 수 있지만 업데이트가 업로드되지 않았습니다. 선반에 놓기 전에 플러그인 패키지를 다시 업로드하십시오.
33206,"이 플러그인 팩은 심사 중이며, 지금 업데이트 할 수 없습니다."
33207,자원 공방에서 다운로드 한 모델을 포함 플러그인 팩이 필터되었습니다!
33208,업로드
33209,이 제품은 작성자에 의해 삭제되었습니다!
33210,사용할 수있는 플러그인 팩은 편집 할 수 없습니다!
33211,심사중인 제품 업데이트 및 새출발 없습니다. 심사에 합격 한 후 다시 시도하십시오.
33212,당신은 빈 플러그인 팩을 만들 수 없습니다!
33213,추가 할 플러그인을 선택합니다
33214,불법 플러그인 팩
33215,당신은 불법 플러그인 팩을 편집 할 수 없습니다
33216,현재 플러그인 팩은 이미지도에 가져온. 당신은 그것을 커버 하시겠습니까?
33217,당신은지도를 선택해야합니다!
33218,검토중인 항목은 편집 할 수 없습니다!
33219,"검토의 항목은 삭제할 수 없습니다, 삭제하기 전에 통과 검토 기다려주십시오!"
33220,규칙 위반하는 플러그인 패키지를 나열하는 것은 허용되지 않습니다.
33221,플러그인의 추출에 실패했습니다. 다시 목록하십시오.
33222,맵 플러그인 패키지의 수가 상한이다. 새로운 패키지가 총 라이브러리에 저장되었습니다.
33223,"줄거리는 현재 플러그인 패키지에 포함되어 있지 않고, 편집 할 수 없습니다"
33224,"플러그인이 새 서식 파일로 저장되어 있으면지도를 다시 입력 할 때, 부분적인 트리거 및 부분 스크립트를 복사 할 수 있습니다. 지도를 다시 입력하십시오."
33225,호출 플러그 - 인 패키지 내용 플러그인은 새로운 플러그인 패키지에 추가 할 수 없습니다!
33226,당신은 현재의지도를 입력 할 필요가?
33227,가져 오기 성공
33228,가져 오기 실패
33229,"플러그인 패키지는 우리의 상태에 추가되어, 자원 매니아 상품을 삭제하고 다시 시도하십시오."
33230,선반의 내용을 업데이트 편집 한 후 패키지 플러그인주세요
33231,에 의해 참조 된 일부 모델 플러그 - 인 손실되었다. 당신은 포장을 계속 하시겠습니까?
33350,@Null@
33351,소형 모델로드 ...
33352,소형 모델이 성공적으로로드됩니다 ...
33353,팩로드 플러그인 ...
33354,플러그인 팩이 성공적으로로드 ...
33355,오디오로드 중 ...
33356,오디오로드가 완료되었습니다!
33357,이미지 로드...
33358,이미지 로드가 완료되었습니다!
33399,@Null@
34000,무시
34001,인챈트 창고
34002,ID를 삽입
34003,편집 모드 시작
34100,@Null@
34101,세계 설정
34102,시간
34103,날씨
34104,몬스터 생성
34105,중력
34106,실제 차량
34107,가을 부상 스위치
34108,맵 규칙
34109,게임 설정
34110,게임의 목표
34111,팀 구성
34112,기본 소개
34113,기본 소개 온
34114,게임을 시작
34115,플레이어 설정
34116,플레이어 행동
34117,재생 설정
34118,HP
34119,특기
34120,특수 효과 허용
34121,플레이어 조작
34122,2 단 점프있다
34123,움직일
34124,마운트 작업
34125,소환 할 수있다
34126,재생 규칙
34127,재생 방법
34128,자동 재생
34129,수동 재생
34130,실패의 처벌
34131,디스플레이 설정
34132,제시 설정
34133,시각 설정
34134,플레이어의 특성
34135,초기 특성
34136,첫 번째 항목
34137,첫 등장
34138,경험 모드
34139,상자는 낙하
34140,게임 설명을 설정
34141,새로운 소개 추가
34142,이미지보기
34143,소개문
34144,클릭 스쿠쇼하기
34145,팀 구성
34146,팀 선택
34147,팀의 색깔
34148,팀의 이름
34149,최대 인원
34150,최대 인원 : @1 / 40
34151,팀 없음
34152,팀 1
34153,팀 2
34154,팀 3
34155,팀 4
34156,팀 5
34157,팀 6
34158,팀 배정
34159,할당
34160,순차적으로 할당
34161,임의로 할당
34162,팀이 할당하지
34163,팀 선택
34164,기본 설정
34165,권한 설정
34166,초기 특성
34167,첫 번째 항목
34168,첫 등장
34169,사용자 정의 구성
34170,사용자 권한을 편집
34171,공격 가능
34172,손상된 가능
34173,처치 수있을
34174,소품을 선택할 수
34175,버려지는 아이템
34176,기본 속성
34177,HP
34178,기아도
34179,공격
34180,물리 공격
34181,엘레멘탈 공격
34182,방위
34183,물리적 방어
34184,엘리멘탈 방어
34185,이동
34186,기본 속도
34187,바로 가기 소품
34188,가방 소품
34189,초기 모델
34190,멋진 소개를 작성 ...
34191,문자의 초기 모델
34192,를 사용하여 사용자 정의 모델
34193,모델 선택
34194,스타 설정
34195,최대 별
34196,레벨 모드
34197,시작 레벨 모드
34198,최대 레벨
34199,경험 성장
34200,현재 경력 : @1
34201,빠른 설정
34202,레벨 범위
34203,경험 범위
34204,성장 곡선
34205,표준
34206,초기 단계
34207,나중에 무대
34208,"레벨 업그레이드 속도가 상대적으로 평균이며, 각 단계에서 업그레이드에 필요한 경험은 상대적으로 균형"
34209,"초기 단계의 업그레이드는 상대적으로 신속하게, 그리고 나중에 업그레이드가 더 많은 경험이 필요"
34210,"초기 단계의 업그레이드는 비교적 느린이며, 나중에 업그레이드를 덜 경험이 필요합니다"
34211,항목을 사용할 수
34212,소환 현재지도에 마운트 할 수 없습니다
34213,후 자동으로 선택 @일초를
34214,초기 항목
34215,도구 모음에서 초기 항목
34216,가방에서 초기 항목
34217,초기 장비
34218,단축 바의 초기 항목을 설정
34219,항목을 선택
34220,가방에 초기 항목을 설정
34221,번호
34222,@를 선택 (1)
34223,실물
34224,커스텀
34225,설정 초기 장비
34226,"실패 설정하면, 올바른 레벨의 범위를 설정하십시오"
34227,"실패 설정하면, 올바른 경험의 범위를 설정하십시오"
34228,"사람의 총 수는 상한에 도달하도록 설정할 수 있으며, 팀에있는 사람들의 최대 수는 @1로 설정을하고있다"
34229,이미지 설정되지 않음
34230,출력 레벨 경험
34231,레벨 모드를지도에서만 작동합니다. EXP는 플레이어의 레벨을 업그레이드 할 수 있습니다
34232,자세한
34233,근접 물리 공격
34234,원격 물리 공격
34235,폭발 공격
34236,연소 공격
34237,독 공격
34238,카오스 공격
34239,근접 물리 방어
34240,원격 물리 방어
34241,폭발 방지
34242,Burning Resistance
34243,독소 저항성
34244,혼란 저항력
34245,팀에 합류했다!
34246,팀이 가득합니다. 다른 팀을 선택하십시오
34247,팀을 선택
34248,@1 급 레벨 업!
34249,관점의 전환
34250,쇼 손상
34251,손상을 표시하지 않음
34252,오직 자신의 손상이
34253,만 팀 손상이
34254,모든 피해를보기
34255,정품 인증에 실패했습니다. 지도는 쇼 손상 꺼진
34256,건강 바
34257,정품 인증에 실패했습니다. 지도 표시 상태 표시 줄 꺼진
34258,최대 플레이어 수를 설정하십시오
34259,시스템에서 추천하는 플레이어 수
34260,시스템은지도 게임 플레이의 분류를 기반으로 빠른 가입 게임의 수를 권장합니다.
34261,팀 구성원 수
34262,(@1 명)
34263,팀이 설정 한 사람들의 수에 따라 채우십시오.
34264,맞춤 플레이어 수
34265,(@1 명)
34266,"#cfa7a0f 최대 플레이어 수의 최대 수에 대한 설명 #n.
플레이어 수의 상한 설정은 온라인 게임의 수를 제어합니다. 플레이어가 더 나은 게임 경험을 갖기 위해서는 온라인 플레이어 수의 상한이지도 개발자가 결정합니다.

#cfa7a0f 소개 #n.
1. 시스템에서 추천하는 플레이어 수 : 시스템은지도 게임 플레이 분류를 기반으로 빠른 연결된 게임의 수를 추천합니다.
2. 팀 구성원 수 : 팀이 설정 한 사람들의 수에 따라 채우십시오. (최대 40 명, 최소 2 명)
3. 플레이어 수를 사용자 정의하십시오 : 일반적으로 팀이없는 게임 플레이 맵에 적용 할 수 있습니다. (최대 40 명, 최소 2 명)
4. 팀 구성원 수와 사용자 정의 멤버 수가 20보다 큰 경우 인증 된 개발자가 설정해야합니다.

#cfa7a0f 부드러운 알림 #n.
플레이어 수를 가능한 한 많이 설정할 필요가 없으므로지도 게임 플레이 및 맵 크기에 적용해야합니다."
34267,인증되지 않은 개발자는 최대 20 명까지 설정할 수 있으며 설정이 한계를 초과합니다.
34268,취소
34269,인증 된 개발자가됩니다
34270,"팀은 최소한 2 명 이상이어야하며 ""시스템 권장 사항""옵션이 선택됩니다."
34271,좋아요
34272,시작할 플레이어의 수는 1 또는 제한이 없습니다. 게임 중 참여를 비활성화할 수 없습니다.
34273,직접 오프닝을 비활성화할 수 없습니다. 중간에 게임에 참여하십시오.
34274,레벨 범위를 다시 입력하십시오.
34275,날씨
34276,온도 시스템
34277,나쁜 날씨
34278,눈
34279,모래폭풍
34280,폭풍
34281,눈보라
34282,얼음 공격
34283,저항력 극복
34284,물리적인 피해
34285,요소 데미지
34286,Burning Damage
34287,독소 손상
34288,혼란 스킬 데미지
34289,번개로 인한 피해
34290,동상화상
34300,모델 가져 오기
34301,확정
34302,이름을 입력
34303,설명을 입력
34304,@Null@
34305,@Null@
34306,@Null@
34307,@Null@
34308,@Null@
34309,@Null@
34310,@Null@
34311,@Null@
34400,@Null@
34401,업로드 설정
34402,권한 설정
34403,#L #cfa7a0f 템플릿 맵 #n으로 업로드
34404,템플릿 설정
34405,템플릿 모드
34406,매입
34407,학습 만
34408,충전 방법
34409,다운로더는 그것을 템플릿 맵으로 다시 업로드 할 수 없습니다
34410,다운로더는 상용 콘텐츠를 추가 할 수 있습니다
34411,충전 방법을 설정할 수 있습니다
34412,템플릿을 사용하여 업로드하는 다운로더는 템플릿의지도로 업로드해야합니다
34413,다운로더는 상용 콘텐츠를 추가 할 수 없습니다
34414,충전 방법을 설정할 수 없습니다
34415,2 차 창작
34416,템플릿을 사용
34417,템플릿 맵만 검색
34418,템플릿 맵 만들기
34419,아카이브 목록이 가득하다. 우선 정리하십시오
34420,"이지도는 학습 전용이며, 개발자 저장소를 구성 할 수 없습니다"
34421,"다음 리소스 템플릿 맵 제작자이며, 총 라이브러리로 이동 할 수 없습니다."
34422,이 자원은 맵 제작자의 원래 리소스가 없습니다. 사용하기 전에 자원 공방에서 잠금을 해제해야합니다. 잠금 해제에 갑니까?
34423,원작을 볼
34424,템플릿 정보
34425,원작
34426,지도를 찾을 수 없습니다. 작성자가 맵을 삭제하거나 규칙을 위반했습니다
34427,저자 :
34428,발표 시간 :
34429,"이지도는 템플릿 맵입니다. 템플릿 맵이 생성되면 맵을 편집 할 수 있습니다.

지도 템플릿 모드는 #cfa7a0f 학습 전용 #n에서 변경은 맵 만 허용되며 #c01c21b은 모두 상용 콘텐츠 #n을 추가 할 수 없습니다. 편집 이후에 출시 된지도는 템플릿 기능을 강제로 열어야합니다.

OK를 클릭하면 #cfa7a0f 아카이브 목록 #n에서 편집 할 수있는 맵을 생성하여 입력 할 수 있습니다. 계속 하시겠습니까?"
34430,현재 템플릿 맵이 트리거의 사용을 지원하지 않습니다
34431,템플릿을 추천
34432,무료 사용
34433,"이지도는 템플릿 맵입니다. 템플릿 맵이 생성되면 맵을 편집 할 수 있습니다.

지도 템플릿 모드는 #cfa7a0f 매입 #n에서 변경은 맵 만 허용되며 #c01c21b은 모두 상용 콘텐츠 #n을 추가 할 수 있습니다. 편집 이후에 출시 된지도는 템플릿 기능을 열 수 없습니다.

OK를 클릭하면 #cfa7a0f 아카이브 목록 #n에서 편집 할 수있는 맵을 생성하여 입력 할 수 있습니다. 계속 하시겠습니까?"
34434,현재 맵은 개발자의 영업 기능을 사용할 수 없습니다
34435,자신의지도 템플릿을 만들 수 없습니다
34436,"맵은 원본이 아닌 자료가 포함되어 있으며, 매입 템플릿 맵으로 업로드 할 수 없습니다"
34437,템플릿 정보 없음
34438,사용에 실패했습니다! 지도는 리뷰되어 있지 않습니다
34439,사용에 실패했습니다! 이지도는 템플릿 맵이 없습니다
34440,사용에 실패했습니다! 템플릿 유형 오류
34441,사용 실패!
34442,템플릿 맵에 새로운 플러그인 팩을 만들 수 없다
34600,@Null@
34601,선수 데이터를 저장
34602,고급
34603,저장하고자하는 데이터를 선택하십시오
34604,소품
34605,캐릭터 특성
34606,상태
34607,통화
34608,배낭 소품
34609,도구 모음 소품
34610,장비 바
34611,HP
34612,옷걸이 값
34613,기본 속도
34614,공격력 / 방어력
34615,현재 등급 / EXP
34616,현재 상황의 효과
34617,별의 수
34618,게임의 진행
34619,"게임의 진행을 삭제해도 좋을까요
(#cfa7a0f 업로드 된 게임의 진행은 취소되고 삭제됩니다 #n)"
34620,게임 진행 상황을 업로드하십시오(업로드 후 장치 간에 진행 상황을 동기화할 수 #cfa7a0f) [현재 아카이브는 독립형 일반 온라인 게임에만 적용 가능]
34621,관리
34622,업로드
34623,업로드 취소
34624,삭제
34625,"이 게임의 진행은 ""내 게임 진행""에 저장할 수 있습니다"
34626,업로드
34627,업로드가 최대 값에 도달했기 때문에이 게임의 진행 상황을 업로드 할 수 없습니다
34628,게임 시간
34629,최근 놀았다
34630,클라우드 변수를 업로드
34631,지도에 업로드 된 클라우드 변수가 한계에 이르고있어 새로운 클라우드 변수를 만들 수 없습니다.
34632,클라우드 변수를 업로드 변수의 데이터를 서버에 업로드하면 데이터를 장기간 보존 할 수 있습니다.
34633,이 변수는 클라우드 변수입니다. 삭제하면 플레이어 데이터가 손실 될 수 있습니다. 삭제 하시겠습니까?
34634,게임 모드 종료 후
34635,맵을 재설정
34636,맵을 재설정하지
34637,맵을 플레이하고있는 플레이어는 다른 방에 들어갈 때 같은 캐릭터 데이터를 공유합니다.
34638,"@cfa7a0f 플레이어 데이터의 저장은 무엇입니까? #n
이지도 놀고있는 플레이어는 다른 방에 들어가, 플레이어는 같은 캐릭터 데이터를 공유합니다.
즉, 다른 방에 들어가 같은 맵을 플레이하면 캐릭터의 데이터를 계승 할 수 있습니다.

#cfa7a0f 어떤 선수의 데이터가 저장되어 있습니까? #n
저장 데이터는 고급 설정에서 확인할 수 있습니다
1. 상품 정보 : 배낭, 도구 모음, 장비 바 항목 정보를 설정하여 저장할 수 있습니다
2. 캐릭터의 특성 : 캐릭터의 HP, 옷걸이 값 기본 속도, 공격력 / 방어력 현재 레벨 / HP를 설정하여 저장할 수 있습니다.
3. 상태 : 캐릭터의 현재 상태 효과와 지속 시간을 설정하여 저장할 수 있습니다.
4. 통화 : 캐릭터 별 수와 검색의 진행 상황을 저장할 수 있습니다."
34639,"게임 진행의 업로드를 취소 할 수 있는지 확인합니다
(#cfa7a0f 업로드를 취소하면 #n을 동기화 할 수 없습니다)"
34640,#c01c21b@1 시간 놀았다
34641,진행의 손실을 방지하기 위해이 게임의 진행 상황을 업로드 하시겠습니까?
34642,진행 없음
34643,업로드 오류. 업로드 실패
34644,업로드 취소 실패
34645,게임의 진행 상황을 업로드했다.
34646,업로드를 취소했다
34647,클라우드 변수 데이터 스토리지가 너무 커서 스토리지가 실패합니다. 1000비트 미만의 클라우드 변수 값 수를 제어하십시오.
34648,게임 진행 상황이 클라우드 서버 아카이브에 저장되었습니다.
34800,@Null@
35000,@Null@
35001,친구 @1에
35002,안녕 ~ @1
35003,@1에 편지
35010,@Null@
35011,마스크를 제거를 도와 준 것은 알고있다. 지금 머리가 좋아 졌어!
35012,과거에 대해 아무것도 기억 나지. 당신이 나를 도와 집에 데려다 준 것을 기억 뿐이다.
35013,당신은 나의 가장 친한 친구입니다. 매번 너무 행복합니다.
35020,@Null@
35021,"여기에서의 생활은 화려한 것 같지만, 떠날 시간이되었다. 그런 자신의 부족을 찾아 갈 수도 있지만, 가족이나 친구가 어디에 있었는지 지금도 기억이 안 난다. ."
35022,"당신과 함께 살고 싶어하지만, 계속 여행하고 싶다. 드디어 결정했다. 혼자 탐험을! 감사합니다. 안녕!"
35023,함께 있으면 재미 있지만 역시 언제 어디서나 고기를 먹고 잠자는 자유로운 생활이 좋아. 지금까지 감사합니다!
35030,@Null@
35031,#r 것 같다! 집에서 음식이 너무 적습니다. 더 절약하는 것을 잊지 마십시오. 배고프 게하지 마십시오.
35032,#r 배고프다. . . 더 맛있는 것을 먹고 있으면 좋을 텐데. . 상상만으로 난 이미 침 흘리는있다. . .
35033,"#r 외에는 맛있는 음식이 많이있을! 불고기, 야채, 빵 ... 기다릴 수 없어!"
35040,@Null@
35041,#r 아! 마을에 부드러운 침대가 있으면 좋았다. 바닥 돌에 자고있을 때 아프다!
35042,#r 침대에서 잘 수 있다면 더 좋을 것이다. 밖에서 자면 병이 있어요.
35043,"#r이 전에 잠자리를 발견 할 수 없기 때문에, 항상 당신 앞에서 졸고 있습니다. 화 내지 말아주세요."
35049,@Null@
35050,기념비
35051,"@1 @2 @3은
@4 마을 @5 일에 살고 있었다.
@6에서 잠시 후 마을을 떠난

@7"
35052,- @1 기념
35053,고소에서 떨어지는 중상
35054,사고로 고온에 화상을 입은
35055,아플 때 빨리 치료되지 않는
35056,수영하기 전에 워밍업하는 것을 잊지 때문에 물에 경련
35057,적과의 전투에서 부상
35058,불행히도 전투에서 화살에 질린
35059,사고로 중상을 입었다
35065,@Null@
35066,어느 날 갑자기 음식을 찾아 여행을 떠나게되었습니다
35067,자주 뱃속에서 울리는 '음악'은 그의 열정을 자극했습니다
35070,@Null@
35071,어느 날 졸아 열중하고 아무도 찾을 수없는 곳으로 갔다.
35072,그는 잘 곰 하품을하고 갑자기 기분이 나쁜
35075,@Null@
35076,우리는이 소중한 동료를 잃고 한숨을 내 쉬었다.
35077,"""전화하지 않고 일어날 수 없다!"""
35078,"""때로는 이런 것도 있군요!"""
35080,@Null@
35081,용감한으로 가서 다시 그림자 만 남아
35082,목소리가 바람에 날려 산과 강을 울려 퍼진다
35083,그의 사랑하는 동물과 그가 살고있는 자연의 장소가 그와 함께 자고 있도록
35084,감동입니다. 우리 주위에 따뜻한 사람이있었습니다.
35085,바람처럼 태평 물처럼 깨끗한 흙처럼 조용
35090,@Null@
35091,이 친구는 앞으로도 원활하게 진행되도록
35092,이 파트너와의 재회의 순간을 기대하고 있습니다
35093,어떤 일이라도 끝이있다. 안녕. 건배!
35095,@Null@
35096,마을
35097,나무꾼
35098,보호자
35099,사수
35100,조수
35101,마을 사람
35102,사냥꾼
35103,노동자
35105,@Null@
35106,휴식
35107,용감한
35108,수다 씨
35109,동물 사랑
35110,항상 다른 사람을 돕는
35111,태평
35120,@Null@
35121,마을 회원 :
35200,@Null@
35201,@Null@
35202,@Null@
35203,@Null@
35204,@Null@
35205,@Null@
35206,@Null@
35207,@Null@
35208,@Null@
35209,@Null@
35210,@Null@
35211,@Null@
35212,@Null@
35213,@Null@
35214,@Null@
35215,@Null@
35216,@Null@
35217,@Null@
35218,@Null@
35219,@Null@
35220,@Null@
35221,@Null@
35222,@Null@
35223,@Null@
35224,@Null@
35225,@Null@
35226,@Null@
35227,@Null@
35228,@Null@
35391,@Null@
35392,@Null@
35393,@Null@
35394,@Null@
35395,@Null@
35396,@Null@
35397,@Null@
35398,@Null@
35399,@Null@
35400,@Null@
35401,다음 번에!
35402,친애하는 선수는 아무도이지도의 멀티 방을 만들어왔다. 당신이 하나를 만드시겠습니까? (당신은지도를 다운로드 한 후 방을 생성 할 수 있습니다)
35403,New Player
35404,The tutorial will help you to learn how to survival in the game easily.
35405,Experienced Player
35406,Start Game Directly. I am a pro gamer!
35407,#cffda0aWelcome 생존 모드#n
35408,수집하는 방법
35409,어떻게 작성하는 방법
35410,어떻게 공격하는 방법
35411,"팁 : 공예 #cef2d2d밤에 잠#n to 침대를, 또는 #cef2d2d에서 숨기기 밝은 동굴을.#엔"
35412,#cccea4aDo 최선을 살아 남기 위해!#n
35450,@Null@
35500,@Null@
35501,uid 삭제
35502,"UID는 삭제 된 후 Mini World 및 관련 제품을 로그인 할 수 없습니다. 계정 정보, 모든 항목, 동전, 게시 된지도, 자원 및 기타 내용은 영원히 사라집니다. 매우 조심하십시오."
35503,삭제하기 전에 귀하의 계정 및 자산의 안전을 보장하기 위해 다음 확인을 할 것입니다.
35504,#n#L <uid 삭제 지침에 동의했습니다>
35505,UID가 삭제되었습니다. 게임을 종료하십시오.
35506,uid 삭제
35507,UID 삭제가 실패했습니다
35508,다음과 같은 이유로 삭제 된 UID 삭제 실패.
35509,QQ
35510,Wechat
35511,
35512,확인
35513,아래에 삭제 된 DELETED
35514,확인하다
35515,우리는 당신이 제작자를 발견했습니다. 삭제 후 제작자 관련 권리가 없을 것입니다. 삭제 하시겠습니까?
35516,확인
35517,취소
35518,당신의 uid@1은 삭제되었습니다.
35519,확인
35520,uid 삭제
35521,이 UID가 삭제되었습니다.
35522,현재 UID@1은 삭제되었습니다. 새로운 UID 로그인 하시겠습니까?
35523,변하지 않은 상태로 유지하십시오
35524,새로운 UID를 만듭니다
35525,UID 삭제 된 지침에 동의하고 확인하십시오
35526,계정은 안전합니다
35527,최근 15 일 동안 암호를 변경하지 않습니다. (15 일 이내에 제한 없음)
35528,계정은 결합되지 않았습니다
35529,"모바일, 이메일 및 기타 사람들은 결론을받지 못했습니다."
35530,관련 균형이 해결되었습니다
35531,제작자의 균형이 해결되어야합니다.
35532,계정은 안전하지 않습니다
35533,최근 15 일 동안 암호 변경 기록이 있습니다.
35534,계정은 결합되지 않습니다
35535,이동하는
35536,이메일
35537,바운드하지 않음
35538,관련 균형은 해결되지 않습니다
35539,제작자의 균형은 해결되지 않습니다
35540,DELETED
35541,삭제 된 입력하십시오
35542,UID 삭제 지침
35543,"이해력과 합의를 통해 미니 UID가 로그 오프되면 모든 결과를 수행 할 수 있습니다. 그러한 결과에는 다음과 같은 결과가 포함되지 않습니다.
1. UID는 Mini World를 로그인 할 수 없으며 관련 제품 및 로그인 후 UID를 검색 할 수 없습니다.
2. 로그 오프 후 모든 항목, 코인 및 잔액을 포함한 UID 데이터가 지워집니다. 이해력과 합의에 따라 생성되었지만 소비되지 않은 혜택 과이 UID의 생성 혜택은 로그 오프를 통해 포기됩니다.
3. 게시 된지도 및 리소스는 로그 오프 후 암호화에 의해 삭제되거나 관리됩니다 (관련 법률 및 규정이없는 한). Cryptonym에 의해 ForesAid 컨텐츠를 삭제하거나 관리 한 후 검색, 방문, 획득, 획득, 사용, 검색 및 요청을받을 수 없습니다.
4. UID 로그 오프로 인한 기타 (가능한) 결과"
35544,UID 로그 오프 하시겠습니까?
35545,확인
35546,취소
35547,mini는 삭제할 수 없습니다.
35548,다음과 같은 이유로 올가미를 삭제할 수 없습니다.
35549,미니 삭제에 대한 동의서를 아래에 입력해 주세요.
35550,미니를 제거하는 데 동의합니다.
35551,게임에 들어가기
35552,관광객 모드
35553,계정 로그인
35554,#L 비밀번호를 잊어 #n
35555,로그인하는 방법
35556,미니 ID :
35557,계정 관리
35558,계정을 전환
35559,계정을 복구
35560,#L 더 방법으로 로그인 #n
35561,레코드 삭제
35562,완성
35563,이 계정의 로그인 기록을 삭제 하시겠습니까?
35564,계정 및 암호를 찾고 복구
35565,계정 보안
35566,검증 방법의 선택
35567,현재 로그인 한 계정을 삭제하면 게임이 종료됩니다. 삭제 하시겠습니까?
35568,정보 연계
35569,계정 삭제
35570,계정을 연계
35571,로그인 방법을 전환
35572,인증 코드가 없으면 휴지통을 확인하십시오.
35573,"1. Once you bind the information, you can reset your password when you forget it.
2. This function also can help you to retrieve the UID when forgetting it."
35574,Please set PW first
35575,Deleted Successfully
35576,Bind Information is not available
35577,UID Retrieve is not available
35578,동의한다
35579,#c3D4546 Please read the #n#L#cfa7a0f《UID Cancel Rules》 carefully #c3D4546 before continue
35580,계정 삭제
35581,계약에 동의하고 삭제로 이동합니다.
35582,미니 삭제 공지에 동의 를 체크해 주세요
35583,미니 삭제에 동의합니다를 입력해 주세요.
35584,삭제 확인
35585,mini를 삭제하시겠습니까? 삭제되면 계정 정보와 개인 데이터가 삭제됩니다.
35586,"개발자로 발각되면 mini를 삭제한 후 더 이상 다양한 개발자 관련 권한과 혜택을 받을 수 없게 되는데, 과연 삭제하시겠습니까?"
35587,미니넘버가 삭제되었으니 직접 게임을 종료해 주세요.
35588,mini-@1이(가) 삭제되었습니다.
35589,미니 삭제 지침
35590,"귀하는 미니 계정이 삭제되면 발생할 수 있는 모든 결과를 자발적으로 부담한다는 것을 이해하고 이에 동의하며, 여기에는 다음이 포함되나 이에 국한되지 않습니다: 1. 미니 계정이 삭제되면 미니 넘버는 Miniworld 및 관련 상품에 로그인할 수 없으며 미니 계정은 복원되지 않습니다. 2. mini가 삭제되면 계정 데이터와 모든 항목, 통화, 잔액 등이 삭제됩니다. 귀하는 미니 계정을 사용하는 동안 발생했지만 소비되지 않은 권리와 이익 및 Mini를 삭제함으로써 미래에 발생할 수 있는 기대 이익을 이해하고 포기하는 데 동의합니다. 3. 미니 계정이 삭제되면 계정을 통해 발행한 지도와 리소스는 삭제되거나 익명으로 처리됩니다(법률 및 규정에 달리 규정된 경우 제외). 앞서 언급한 콘텐츠가 삭제되거나 익명화된 후에는 더 이상 검색, 액세스, 전송, 획득, 계속 사용 및 검색할 수 없으며 당사에 검색을 요청할 권리가 없습니다. 4. 미니 삭제로 인한 기타 (가능한) 결과."
35591,확인
35592,인증 방법 전환
35800,@Null@
35801,로그인 힘든 &로드가 느린
35802,충돌 및 응답하지
35803,다중 연결 실패 및 액세스
35804,맵 다운로드가 느린 & 오류가 발생
35805,서바이벌 모드 너무 어렵다
35806,개발자에 대한 문제
35807,맵 또는 아카이브를 잃었다
35808,트리거 또는 API의 문제
35809,충전 버그
35810,문제를 자세히 입력하십시오 (6~200 문자)
35811,"충전 시간 :
충전 금액 :
주문 번호 :"
35812,"트리거에는 이벤트, 조건 및 작업의 세 가지 유형이 포함되며, 발생하는 문제 유형과 작업 단계를 구체적으로 설명하십시오."
35813,어떤 일을 당하셨습니까?
35814,전체 설명
35815,(이메일 주소를 입력)
35816,피드백하고 싶은 질문을 선택하십시오
35817,자세한 설명을 입력하고 다시 전송하십시오
35818,"죄송하지만, 현재 제출 된 의견을 처리하고 있습니다. 나중에 새 질문을 보내 주시기 바랍니다. 감사합니다."
35819,대단히 감사합니다. 피드백을 받았습니다. 미니 월드의 응원에 감사드립니다. 감사합니다
35820,버그 문제
35821,발생한 버그 문제 및 작업 단계를 설명하십시오.
35830,@Null@
35850,@Null@
35851,선물을 반환
35852,"다시 모험에 오신 것을 환영합니다!
1. 반환 선수는 보상을 주장하고 작업을 완료하여 영구적 인 아바타 잠금을 해제 할 수 있습니다.
2. 작업 시간 제한이있다. 시간에 작업을 완료하십시오!"
35853,카운트 다운 :
35854,위로 오신 것을 환영합니다!
35855,핫지도
35856,최신
35857,값을 반환 :
35858,값 반환 남은 @1
35859,값 반환 : @1
35860,보상을 반환
35861,작업을 반환
35862,역사 보너스
35863,작업을 완료하고 보상을 구속!
35864,태스크 카운트 다운 : @1
35865,시간이 끝났다. 작업은 종료
35866,반환 값 + @(1)
35867,도로 사다
35868,시간 보너스 @1
35869,항목 보너스
35870,값 반환 소비
35871,번호 보너스
35872,시간 보너스
35873,당신이 원하는 보상을 선택
35874,보상을 확인
35875,당신은 1 @받게됩니다. 확인 해주세요
35876,추천
35877,더
35878,뜨거운 판매
35879,에 오신 것을 환영합니다 돌아 가기
35880,"친애하는 Adventureres,
이봐, 오랜 시간 동안 당신을 보지 않았 느냐! 그것은 당신이 로그인 한 마지막 시간 이후 일일 @되었습니다! 우리는 당신이 다시 와서 너무 기쁘다! 우리는 당신을 위해 어떤 선물을 준비했습니다! ~ 당신이 그것을 좋아합니다 희망"
35881,청구 보상에 멀티 방 (사례금은 메일을 통해 전송됩니다) 가입
35882,멀티 방을 가입
35883,다시 선택
35884,부족 반환 값입니다. 구속 할 수 없습니다
35885,신청 실패했습니다. 나중에 다시 시도하십시오
35886,작업을 완료! 값을 반환 + @(1)
35887,당신은 2 @구속하기 위해 1 @소모합니다. 확인 해주세요
35888,오버로드되었습니다. 나중에 다시 시도하십시오
35889,반환 값
35890,일
35950,보상을 승리하기 위해 함께 작업!
35951,활동 시간 :
35952,이번 시즌의 대상
35953,바인딩 친구
35954,보기 요청
35955,친구를 찾다
35956,대다
35957,적용된
35958,당신은 아직 친구가 없습니다 근처에있는 친구를 찾아 이동합니다.
35959,메시지를 남겨주세요 :
35960,바인딩 해제
35961,일일 퀘스트
35962,이벤트 퀘스트
35963,편집 응용 프로그램 콘텐츠
35964,신청 후 승인을 기다립니다
35965,이벤트 규칙
35966,친구들과 온라인으로 입력
35967,다운로드 @1/1map
35968,완료 @1/@2  일 개 퀘스트 이벤트 기간 동안
35969,친구와 연결 @1 번
35970,이벤트 기간 동안 한 광고 @감시
35971,1 시간 TOPUP
35972,죽여 @1 @2 번
35973,경고!
35974,"바인딩 해제가 돌이킬 수없는 작업입니다.
당신은 다시 보상을 청구 할 수 없습니다, 누적 포인트가 삭제되고 퀘스트 목록이 초기화됩니다."
35975,이 친구를 결합 하시겠습니까?
35976,응용 프로그램의 성공
35977,응용 프로그램 실패
35978,성공적으로 바인딩을 해제
35979,수확은 새로운 가정에 한 번 작물
35980,새로운 가정에 한 번 수확 가축
35981,"죄송합니다, 그 친구가 이미 다른 플레이어가 결합되어, 친구를 변경하십시오"
36000,@Null@
36001,가져올지도를 선택하세요
36002,당신은 퇴피를 입력 한 후 플러그인 팩을 만들 수 있습니다
36003,당신은 창조 모드에서 플러그인 팩을 만들 수 없습니다
36004,당신은 패키지 플러그인 편집에 아카이브를 입력해야!
36005,모드에서 플러그인으로 만들 패키지를 편집 할 수 없습니다!
36020,@Null@
37000,@Null@
37001,음악 플레이어
37002,필요 없음
37003,삭제 실패 : 노래 ID가 없습니다
37004,현재 목록에는 재생 가능한 노래가 없으므로 노래 목록을 추가하십시오.
37005,"#cfa7a0f 음악 관리 기능에 대한 #n.
-in 온라인 게임, 호스트 또는 서버 만 일시 중지, 다음 곡, 삭제 삭제 등 음악 플레이어에서 관리 작업을 수행 할 수있는 권한이 있습니다.

#cfa7a0f DUMEND #N에서 재생할 수있는 음악 콘텐츠 정보
- 시간이 지남에 따라 QQ 음악이 승인 한 노래 만 지원됩니다. 현재, 우리는 더 많은 송 - 주문 권한을 위해 노력하고 있으므로 계속 지켜졌습니다.

#cfa7a0f 온라인 모드에서 온 디맨드 제한 사항 정보 #N
이미 재생할 수있는 목록에 이미 사용할 수 없습니다. 수요에 반복적으로 추가 할 수 없습니다.
-non-homeouners는 동시에 대기 목록에 3 개의 노래를 추가 할 수 있습니다. 상한에 도달 한 후에는 주택 소유자에 의해 완료되거나 삭제 된 노래를 기다려야합니다.

#cfa7a0f 음악 재생 모드에 대한 #n.
-queue 재생 : 재생 대기열의 순서 대기열의 순서로 재생되며 노래가 재생 된 후 대기열에서 제거됩니다.
-Loop Play : 재생 대기열의 순서 대기열의 순서로 재생되며 재생 후에는 대기자 목록에 남아 있습니다.

#cfa7a0f 전체 재생 기능에 대한 #n.
- 켜져 있으면 게임의 모든 플레이어가 노래를 재생 대기열에 추가 할 수 있습니다.
- 닫히면 게임의 호스트 또는 서버 만 플레이 대기열에 노래를 추가 할 수 있습니다."
37006,재생할 음악의 상한은 더 이상 추가 할 수 없습니다.
37007,트랙이 이미 추가되었습니다
37008,주문형을 재생할 수 없습니다
37009,주문형 제한 계정
37010,보류중인 음악에 성공적으로 추가되었습니다
37011,재생 실패
37012,보류중인 음악
37013,권장 음악
37014,최근에 재생 된
37015,더 이상 트랙이 없습니다 ~
37016,권장 음악이 아닙니다
37017,최근의 수요가 없음
37018,관련 콘텐츠를 찾지 못하고 다른 단어를 사용해보십시오.
37019,순서대로 재생하십시오
37020,고리
37021,모든 회원들이 주문형 회원을 위해 열린 방이 열렸습니다.
37022,곡을 삭제하는 것을 확인하십시오
37023,검색 할 키워드를 입력하십시오
37024,모든 주문을 허용합니다
37025,조작이 너무 자주 닫고 나중에 다시 시도하십시오.
37026,모든 회원들이 주문형 회원을 위해 열린 방이 열렸습니다.
37027,객실은 모든 회원들에게 폐쇄되었습니다
37028,노래가 적재되지 않았습니다
37029,필요 없음
37030,방 주인이 음악 플레이어를 껐습니다
37031,옵션 상태는 일시적으로 수정할 수 없습니다
37032,"노래, 아티스트 이름을 입력하십시오 ..."
37033,주문시
37034,이 노래는 QQ 음악이 제공합니다
37035,음악 라이브러리
37036,검색 내용을 입력하십시오
37037,목록이 비어 있으므로 재생할 노래를 선택하십시오.
37038,뮤직 플레이어(#cef2d2dOff#n)
37039,뮤직 플레이어(#c0aaa1aOn#n)
37040,집주인이 켜지지 않음
37041,이 지도에는 음악 플레이어를 사용할 수 없습니다.
37200,기본적으로 음악 플레이어를 엽니 다
37201,기본적으로 채팅 거품을 엽니 다
37202,대화 형 도구
37203,기본적으로 열려 있습니다
37204,기본적으로 꺼짐
37205,채팅 거품
37206,말풍선 (#cef2d2dOff#n)
37207,말풍선 (#c0aaa1aOn#n)
39987,1.각 구매에 대한 임의 가구 또는 애완 동물#c0ABA1D1#n 을 구하는 방법. #r2.모든 #c0ABA1D10#n 개 구매를 하나 이상의 #cDA6FFF 드문#n 가구 또는 애완 동물을 보장. #r3.각 무승부 희귀 보상의 확률을 높일 수 있습니다. 슈퍼 희귀 한 보상이 나타난 후 확률이 재설정됩니다.
39988,@Null@
39989,@Null@
39990,@Null@
39991,@Null@
39992,#cE0DCCA보통주               57%
39993,#c0AAFFF드문               30%
39994,#cDA6FFF귀한               11%
39995,#cFA7A0F전설               2%
39996,#cE0DCCA보통주               78%
39997,#c0AAFFF드문               19%
39998,#cDA6FFF귀한               3%
39999,@Null@
40000,"1, #c0ABA1D1 #n이 애완 동물에 대한 랜덤 액세스의 각 구매#r2, #c0ABA1D10#n의 모든 구매를 들어, #cDA6FFF  더 소중한 애완 동물해야합니다#n.#r3， 번 그린 각각 출현 후 계산 보상보다도 귀한 발생 확률을 증가시킬 수있다."
40001,건설 블록
40002,집
40003,건축 자재
40004,풍모
40005,장식
40006,박스 공사
40007,환경
40021,청사진
40022,청사진 서브 클래스 1.
40023,청사진 하위 클래스 2.
40024,청사진 3 서브 클래스
40025,청사진 서브 클래스 4.
40041,대화 형 소품
40042,대화 형 소품 서브 클래스 1
40043,대화 형 소품 서브 클래스 2
40044,대화 형 소품 서브 클래스 3.
40045,대화 형 소품 서브 클래스 4.
40061,주위
40062,스타일
40063,스카이 박스
40064,날씨
40065,배경 음악
40081,농장
40082,씨
40083,바이오 계란
40084,수확고
40085,비료
40086,농업 제품
40087,농장 동물
40088,먹이다
40101,음식
40102,식사
40103,디저트
40104,음주
40105,성분
40106,성분
40107,요리
40121,자원
40122,도구
40123,자원 서브 클래스 2
40124,자원 서브 클래스 3
40125,자원 서브 클래스 4
40126,건축 자재
40127,도구
40141,애완 동물
40142,교육 소품
40143,혁신 소품
40144,모험 소품
40145,파편 소품
40146,소품을 가져 오기
40147,애완 동물
40161,레시피
40162,레시피 서브 클래스 1
40163,레시피 서브 클래스 2
40164,레시피 서브 클래스 3
40165,레시피 서브 클래스 4
40301,홈 가구
40302,청사진
40303,홈 확장
40304,가구
40305,구매 애완 동물
40306,판매를위한 작물
40307,소품
40308,비료
40309,먹이다
40310,농지를 확장하십시오
40311,목장 업그레이드
40312,가정 건설
40351,"국토 등급 업그레이드 농장과 목장, 자기 건축 한 가정의 영역의 확장을위한 기본 조건, 또한 애완 동물 워털루 캡을 향상시킬 수있는, 고급 종자를 구입
취득 방법을 경험 : 수확 작물과 가축을 성숙"
40352,"농지의 최대 금액 : 4.
최대 목초지 수 : 2"
40353,"농지의 최대 금액 : 5.
최대 목초지 수 : 2"
40354,"최대 농지 : 6.
최대 목초지 수 : 2"
40355,"농지의 최대 금액 : 7.
최대 목초지 수 : 2"
40356,"최대 농지의 양 : 8.
최대 목초지 수 : 4."
40357,"최대 농지 : 9.
최대 목초지 수 : 4."
40358,"최대 농지 : 10.
최대 목초지 수 : 4."
40359,"농지의 최대 금액 : 11.
최대 목초지 수 : 4."
40360,"최대 농지 : 12.
최대 목초지 수 : 4."
40361,"최대 농지의 최대 금액 : 13.
최대 목초지 수 : 6."
40362,"농지의 최대 금액 : 14.
최대 목초지 수 : 6."
40363,"농지의 최대 금액 : 15.
최대 목초지 수 : 6."
40364,"최대 농지의 최대 금액 : 16.
최대 목초지 수 : 6."
40365,"최대 농지의 양 : 17.
최대 목초지 수 : 6."
40366,"최대 농지 : 18.
최대 목초지 수 : 8."
40367,"최대 농지 : 19.
최대 목초지 수 : 8."
40368,"최대 농지 : 20.
최대 목초지 수 : 8."
40369,"최대 농지의 최대 금액 : 21.
최대 목초지 수 : 8."
40370,"농지의 최대 금액 : 22.
최대 목초지 수 : 8."
40401,간단한 가구
40402,"테스트 스위트의 단순하고 실용적인, 간단하고 실용적인 기능"
40403,1 가구의 시리즈를 보여
40404,중국 가구
40405,"소박한과 우아함의 전체 전통적인 중국 스타일의 가구,"
40406,2 가구의 시리즈를 보여
40407,현대적인 스타일의 가구
40408,"간단하지만 간단하지, 세련되고 우아하고 현대적인 소송"
40409,3 가구의 시리즈를 보여
40410,동화 스타일의 가구
40411,"사랑스러운 활기찬, 당신의 동화 환상의 세계를 충족"
40412,4 가구의 시리즈를 보여
40413,공상 과학 스타일의 가구
40414,"미래 과학 기술, 미래, 간단하고 실용적인 가구 정장에서"
40415,5 가구의 시리즈를 보여
40416,대륙 가구
40417,"하지의 우아한 실패, 따뜻한 가정을 구축 와서"
40418,6 가구의 시리즈를 보여
40419,서부 지역 스타일 가구
40420,시리즈 가구 7 설명
40421,마법 가구
40701,미니 멩 종
40702,최고의 회사 멩 사랑스러운 미니 애완 동물 집.
40703,애완 동물 시리즈 1 명 설명
40704,애완 동물 시리즈 2
40705,애완 동물 시리즈 2 설명
40706,애완 동물 시리즈 2 설명
40707,애완 동물 시리즈 3
40708,애완 동물 시리즈 3 설명
40709,애완 동물 시리즈 3 설명
40710,애완 동물 시리즈 4
40711,애완 동물 시리즈 4 설명
40712,애완 동물 시리즈 4 설명
40713,애완 동물 시리즈 5
40714,애완 동물 시리즈 5 설명
40715,애완 동물 시리즈 5 설명
40800,이국적인 세트
40801,이국적인 가구와 동양의 미술관에서 환영 애완 동물
40802,@Null@
40803,Balala Guardian Spirit.
40804,새로 추가 된 2 발 갈라 리틀 마술 요정의 기적 댄스 가디언 정신
40805,"아, 당신은 이미 작은 마술 요정입니다"
40806,"현재 Balala Little Magic Fairy #cfa7a0f 작은 파란색 #n 피부, 해당 작은 마법의 요정으로 바꿀 수 없습니다."
40807,"현재 Balala Little Magic Fairy #cfa7a0f Maggi #n 피부, 해당 작은 마법의 요정으로 바꿀 수 없습니다."
40808,현재 Balala Little Magic Fairy #cfa7a0f 눈 덮인 #n 피부를 소유하지 마십시오. 해당 작은 마법의 요정으로 바꿀 수 없습니다.
40809,현재 Balala Little Magic Fairy #cfa7a0f Prince Amusement #n 피부를 소유하지 마십시오. 해당 작은 마법의 요정으로 바꿀 수 없습니다.
40810,현재 Balala Little Magic Fairy #cfa7a0f Alyssa #n 피부를 소유하지 마십시오. 해당 작은 마술 요정으로 바꿀 수 없습니다.
40811,현재 Balala Little Magic Fairy #cfa7a0f Jessi #n 피부를 소유하지 마십시오. 해당 작은 마술 요정으로 바꿀 수 없습니다.
40812,현재 Balala Little Magic Fairy #cfa7a0f Amy #n 피부를 소유하지 마십시오. 해당 작은 마술 요정으로 바꿀 수 없습니다.
40851,새로운 집에 오신 것을 환영합니다
40852,화면이 계속하려면 아무 탭
40853,"정원이 업그레이드되었습니다! 당신은 자유로 작물, 방목 목초지 및 애완 동물 소유와 같은 새로운 기능으로 자신의 집을 자유롭게 구축 할 수 있습니다."
40854,"새로운 가정이 지역의 번호를 가지고, 각 지역이 서로 다른 기능을 가지고, 그것을 소개하는 일에 의해 우리에게 하나를 보자."
40855,"여기에 오, 여기에서 그들의 가정, 가정 과일, 홈 상점, 애완 동물 침대의 입구입니다."
40856,"농장 및 목장 현지 통화의 메인 출력이있는 곳이며, 작은 친구는이 성장 수확에 돈을 얻을 수 있습니다! 나는 신비한 사업가 때때로 작물을 구입하는 것이 있다고 들었어요!"
40857,"아 ~! 여기에 제휴 오의 빌드 가정에 작은 영역이며, 원래의 집은 상대적으로 작지만 파트너 오 작은 범위의 노력을 통해 확장 할 수 있습니다!"
40858,"자, 그들의 가정이 그것을 경험에 우리가 직접 가자!"
40859,야채는 새로운 하루를 시작하는 야채에서 주요 통화 획득 경로에 집에있다!
40870,@Null@
40900,@Null@
40901,"독점 홈 가구, 가구와 상호 작용합니다"
40902,"홈 장식은 가정의 미학을 증가, 가정에 배치 될 수있다"
40903,"빌딩 블록 홈 집에 배치 할 수 있습니다, 당신은 대화를 클릭 할 수 있습니다"
40904,"빌딩 블록 홈, 홈 건물을 구축 할 수 있습니다"
40905,가정용 가구는 집에 배치 할 수 있습니다
40906,"동양 스타일, 우아하고 편안한 침대에서 설정하는 가구 #R은 호두 나무 보드, 면직물 및 기타 건축 자재로 만들 수 있습니다"
40907,"동양 스타일, 우아하고 편안한 소파 #R에서 설정하는 가구는 호두 나무 보드, 면직물, 페인트 박스 및 기타 건축 자재로 만들 수 있습니다"
40908,"동양 스타일, 우아하고 실용적인 책상 #r에서 설정하는 가구는 호두 나무 보드 및 기타 건축 자재로 만들 수 있습니다"
40909,"가구 동양 스타일, 우아하고 실용적인 식탁 #R은 호두 나무 보드 및 기타 건축 자재로 만들 수 있습니다"
40910,"동양 스타일, 우아하고 실용적인 커피 테이블에서 설정하는 가구 #R은 호두 나무 보드 및 기타 건축 자재로 만들 수 있습니다"
40911,"가구 동양 스타일, 우아하고 실용적인 싱크 #R는 호두 나무 보드, 세라믹 어도비, 페인트 박스 및 기타 건축 자재로 만들 수 있습니다"
40912,"동양 스타일, 우아하고 실용적인 의자로 설정된 가구 #R은 호두 나무 보드 및 기타 건축 자재로 만들 수 있습니다"
40913,"동양 스타일, 우아하고 실용적인 화장실에서 설정하는 가구 #R은 호두 나무 보드, 세라믹 어도비 및 기타 건축 자재로 만들 수 있습니다"
40914,"동양 스타일, 우아하고 실용적인 욕조 #R에서 설정하는 가구는 호두 나무 보드, 페인트 박스 및 기타 건축 자재로 만들 수 있습니다"
40915,"동양 스타일의 가구 세트, 주택 소유자는 벽장 #R에서 스킨을 디스플레이하고 공유 할 수 있습니다. #R 호두 나무 보드 및 기타 건축 자재로 만들 수 있습니다."
40916,"가구 동양 스타일, 아름답고 실용적인 캐비닛 #r은 호두 나무 보드 및 기타 건축 자재로 만들 수 있습니다"
40917,"가구 동양 스타일, 아름답고 실용적인 반 - 그리드 캐비닛 #r은 호두 나무 보드 및 기타 건축 자재로 만들 수 있습니다"
40918,"가구 동양 스타일, 아름답고 실용적인 조합 캐비닛 #R은 호두 나무 보드 및 기타 건축 자재로 만들 수 있습니다"
40919,"동양 스타일, 아름답고 실용적인 화면에서 설정하는 가구 #r 호두 나무 보드, 종이 및 기타 건축 자재로 만들 수 있습니다"
40920,"가구 동양 스타일, 아름답고 실용적인 3 차원 램프 #r은 호두 나무, 종이 및 기타 건축 자재로 만들 수 있습니다"
40921,"가구 동양 스타일, 아름답고 실용적인 샹들리에 #r은 호두 나무, 종이 및 기타 건축 자재로 만들 수 있습니다"
40922,"가구 동양 스타일, 아름답고 실용적인 벽 램프 #r는 호두 나무 보드, 종이 및 기타 건축 자재로 만들 수 있습니다"
40923,"가구 동양 스타일, 아름답고 실용적인 나무로되는 문 #R은 호두 나무 보드, 종이 및 기타 건축 자재로 만들 수 있습니다"
40924,"동양 스타일, 아름답고 실용적인 목재 Windows #R 가구 세트 월넛 나무 보드, 종이 및 기타 건축 자재로 만들 수 있습니다"
40925,"동양 스타일, 아름답고 실용적인 계단에서 설정하는 가구 #r는 호두 나무 보드, 면직물 및 기타 건축 자재로 만들 수 있습니다"
40926,"가구 동양 스타일, 아름답고 강한 벽 타일로부터 세트 #r은 세련된 돌 타일과 같은 건축 자재로 만들 수 있습니다"
40927,"동양 스타일, 아름답고 단단한 벽돌로 설정된 가구 #r은 세련된 돌 벽돌과 같은 건축 자재로 만들 수 있습니다."
40928,"가구 동양 스타일, 아름답고 단단한 반 벽돌 #R은 세련된 돌 벽돌과 같은 건축 자재로 만들 수 있습니다."
40929,"가구 동양 스타일, 아름답고 강한 울타리 #r은 호두 나무 보드 및 기타 건축 자재로 만들 수 있습니다"
40930,@Null@
40950,통화 유형 ID 관련 구성 오류
40951,게임 플레이 백팩 항목이 아닙니다
40952,창작물 배낭 항목이 아닙니다
41000,@Null@
41001,종합 정렬
41002,시리즈를 정렬
41003,정렬 품질
41004,죄송합니다
41005,보통주
41006,드문
41007,귀한
41008,전설
41011,미니 통화 부족
41012,"홈 통화 부족, 홈 통화는 농업 얻을 수 있습니다"
41013,미니 콩 부적절한
41014,미니 부족한 점
41015,"살 수없는, 소품의 부족"
41016,홈 통화
41017,건너 뛰기 >>
41051,하다
41052,품질:
41053,시리즈:
41054,기재:
41055,하다
41056,수량 확보 :
41057,[1] 성공을 @
41058,재료의 부족을 할 수 없습니다
41059,항목 잠금 해제
41060,잠금 해제에 필요한 수준의 홈 @1
41061,시간 판매 :
41062,시작되지 않은
41063,후 완료 @1 일일를
41064,이후 완성 @1 시간
41065,후 완료 @1 일분을
41066,후 완료 @1 일초를
41067,",위에"
41068,하나는 드문 @1 구입해야합니다 (@2/ @3)
41069,모두보기
41070,구입 @1
41071,오프 @1%
41072,지침
41073,축하 보너스
41074,보상은 가방 만드는 가정에 배치되었습니다
41075,[@1] 축하합니다 @2를 얻을 수! ! !
41076,- 다음 찾아보기를 클릭 -
41077,가구 받기
41078,애완 동물을 가져 오기
41079,"판매를 시작하지, 구매 실패"
41080,판매 시간은 구매자가 실패 만료
41081,"구매 성공, 원 @1 배 @2"
41082,이름:
41083,품질:
41084,시리즈:
41085,셀프 제목 1
41086,셀프 제목 2
41087,셀프 제목 3
41088,셀프 제목 4
41089,3 × 2 블록
41090,3x3 블록
41091,5x3 블록
41092,5x5 블록
41093,홈 확장
41094,"당신은 당신의 가정의 확장을 위해 @1 배 @2 지출 될 것입니다, 제발 확인"
41095,홈 레벨을 필요 @1
41096,확장이 완료되었습니다. 당신의 건축 면적의 현재 크기는 @1 입니다. (종료 및 입력 홈을 다시 적용합니다)
41097,"판매는이 지역에서 사용할 수없는, 구매 실패"
41098,"버전 번호, 구입이 너무 낮 실패"
41099,나중에 귀중한중 @1 (@2/@3)
41100,레시피
41101,난로
41102,현재 조리법
41103,기재
41104,홈 레벨
41105,홈 최대 레벨은 서로 다른 특권을 얻었다
41106,홈 업그레이드
41107,레벨 :
41108,업그레이드 보상
41109,현재 레벨:
41110,레벨 @1
41111,다음 레벨:
41112,홈 레벨 효과 설명 (1)
41113,홈 레벨 효과 설명 (2)
41114,홈 레벨 효과 설명 3
41115,홈 레벨 효과 설명 (4)
41116,홈 레벨 효과 설명 (5)
41117,홈 레벨 효과 설명 (6)
41118,홈 레벨 효과 설명 (7)
41119,홈 레벨 효과 설명 (8)
41120,홈 레벨 효과 설명 (9)
41121,홈 레벨 효과 설명 (10)
41122,홈 레벨 효과 설명 (11)
41123,홈 레벨 효과 설명 (12)
41124,홈 레벨 효과 설명 (13)
41125,홈 레벨 효과 설명 (14)
41126,홈 레벨 효과 설명 (15)
41127,수량 효과 설명 1
41128,단위 효과 설명 (2)
41129,단위 효과 설명 3
41130,수량 효과 설명 4
41131,단위 효과 설명 (5)
41132,수량 효과 설명 6
41133,수량 효과 설명 7
41134,단위 효과 설명 (8)
41135,단위 효과 설명 (9)
41136,단위 효과 설명 (10)
41137,보상은 홈 창조 배낭에 추가되었습니다
41138,보상은 홈 게임 플레이 배낭에 추가되었습니다
41139,"1. #c0ABA1D 1 #n 가구에 랜덤 액세스의 각 구매#r2. 모든 구매 #c0ABA1D 10 #n, 해야 #c0AAFFF 드문 #n 개 가구 이상.#r3. 번 그린 각각 출현 후 계산 보상보다도 귀한 발생 확률을 증가시킬 수있다."
41140,컬렉션
41141,컬렉포인트
41142,컬렉 수
41143,총 수량
41144,물품 명칭
41145,가격
41146,물품 설명
41147,획득 경로
41148,획득 경로 설명
41149,명칭
41150,규격
41151,품질
41152,시리즈
41153,브랜드
41154,초기 체력
41155,초기 속도
41156,초기 운세
41157,선처 특성
41158,홈 열매
41159,홈 스토어
41160,사건 기록
41161,편집
41162,더 많은 설정
41163,시스템 설정
41164,홈 설정
41165,구성원 설정
41166,창고
41167,도감
41168,공유
41169,온라인 팀 배틀
41170,파티
41171,나가기
41172,되돌아가기
41173,신고하기
41174,금일 방문객
41175,방문 히스토리
41176,사건 기록
41177,방금 전
41178,@1분전
41179,@1시간 전
41180,@1일 전
41181,신고
41182,차단
41183,Lv.@1
41184,/
41185,미니계정
41186,권한
41187,환경
41188,온라인 배틀 권한
41189,누구든 입장 가능
41190,친구만 입장 가능
41191,맞춤 설정
41192,암호
41193,암호를 맞추는 자는 입장 가능
41194,친구의 홈 보기
41195,둘러보기
41196,파티
41197,친구
41198,그룹
41199,게임방
41200,홈
41201,월드
41202,QQ친구
41203,미니친구
41204,소스
41205,도구
41206,농작물
41207,씨앗
41208,#@1n급
41209,정가
41210,큐브
41211,도면지
41212,가구
41213,기능
41214,장식
41215,전체
41216,가지러 가기
41217,획득 경로
41218,판매
41219,전체 선택
41220,전체 선택 취소
41221,저장
41222,저장 및 업로드
41223,저장하지 않음
41224,해당 지도는 저장되지 않았습니다. 저장하고 업로드하겠습니까?
41225,개인 모멘트로 공유하기
41226,들어가기
41227,만원입니다. 다른 홈을 둘러보시겠니까?
41228,입장 취소
41229,싱글게임 들어가기
41230,뮤직박스
41231,배경음악
41232,bgm(중국풍)
41233,bgm4(결투)
41234,bgm5{론리 갓)
41235,BGM6 (암호 해독 분위기)
41236,bgm7(Bomb!)
41237,bgm8(축구장)
41238,중력장치
41239,중력배수
41240,날씨 제어기
41241,선택사항
41242,오너벽
41243,화로구
41244,피자
41245,디저트
41246,드링크
41247,제작재료
41248,비전구성
41249,도면지 정보
41250,건축 범위
41251,작가
41252,건축하기
41253,학습 농업
41254,확장 필요 사항
41255,배우다
41256,@1h@2m
41257,농장 스토어
41258,시크릿 상인
41259,애완 하우스
41260,애완동물 수량
41261,애완동물 합성
41262,애완동물 탐험
41263,속성
41264,진화
41265,배양
41266,평점@1
41267,탐험 종료
41268,피로: @1기간 @2분
41269,/
41270,원시기
41271,유년기
41272,성장기
41273,성년기
41274,완전기
41275,체력
41276,속도
41277,운세
41278,특성
41279,묘사
41280,방생
41281,방생 확정
41282,@1방생을 확정하겠습니까? 방생한 애완동물은 당신의 애완 하우스에서 사라집니다.
41283,방생 확정하기
41284,구매 확정하기
41285,애완동물이 하나만 남았습니다. 더이상 방생할 수 없습니다.
41286,미니코인 100개로 애완동물 잠금을 해제합니다. 확인하십시오.
41287,기능 설명
41288,합성 성공
41289,합성 재료 부족
41290,도구 갖기
41291,탐험 시간: #c3D4546@1#n시간#c3D4546@2#n분
41292,탐험시작
41293,@1/ @2（+ @3）
41294,도구를 하나 선택해 주세요.
41295,탐험 수익
41296,탐험 노정
41297,수익
41298,다시 보기
41299,탐험하면서 많은 음식을 발견했습니다. 체력 업!
41300,"기원 트리 성장중, 남은 @1시간"
41301,"기원 활성화, @1초 소요"
41302,해당 홈을 나가겠습니까?
41303,기원 성공
41304,기원 시간 끝
41305,기원 트리 활성화됨
41306,기원 트리 사라짐
41307,기원 트리 알림
41308,인터넷 연결 오류
41309,기르고 있는 애완동물: @1/@2
41310,불충분 한 목초지 공간
41311,최대 레벨
41312,업그레이드 목장 완료
41313,수준
41314,농장
41315,현재 레벨:
41316,목장에서 허용되는 동물의 수:
41317,업그레이드하려면 홈 레벨 @1이 필요합니다.
41318,업그레이드
41319,수집 @1x@2
41320,"@1x@2 획득, @3 경험치 획득"
41321,이 농지를 확장하려면 레벨 @1 홈이 필요합니다.
41322,~와 함께
41323,농지 확장
41324,오늘 @1의 가격이 @2 인상되었습니다.
41325,성숙 기간:
41326,생산하다:
41327,다양한 기본 재료를 생산합니다. #c0AAA1A @1 #n에 #c0AAA1A @2 #n을 사용하면 #c0AAA1A @3 #n 상태가 됩니다. 농지에 밀을 재배하여 얻습니다.
41328,@Null@
41329,소유:
41330,총:
41331,청사진 작업대
41332,필요한 재료
41333,건설 지역: #c4D7075 @1 #nx #c4D7075 @2 #nx #c4D7075 @3 #n
41334,작성자: #c4D7075 @1 #n
41335,"재료 부족, 건설 불가"
41336,공사 면적을 초과했습니다. 다시 시도하십시오.
41337,@Null@
41338,@1이 집을 방문했습니다.
41339,@1님이 집에 있는 신비한 상인과 @2번 거래했습니다.
41340,@1 님이 집에 있는 소원나무에 기도했습니다.
41341,당신의 집에 소원나무가 나타났습니다
41342,소원나무가 집에서 사라졌다
41343,@1에서 애완동물이 돌아왔습니다.
41344,신비한 무역 @1이 당신의 집을 방문했습니다
41345,기도를 위해 소원나무가 활성화되었습니다.
41346,@Null@
41347,현재 단계:
41348,교육 자료 선택
41349,모험을 위한 애완동물 선택
41350,필수 특성:
41351,펫 합성
41352,모험
41353,#c3d4546모험 남은 시간: #n#cFA7A0F@1시간 @2분 #n
41354,교육 자료를 추가하십시오
41355,합성
41356,모험 수입
41357,홈 레벨
41358,애완동물이 @1(으)로 모험을 시작했습니다.
41359,"모험 조건 일치 불가, 모험 진행 불가"
41360,모험을 위한 애완동물을 선택하세요.
41361,리워드를 이미 홈메이드 백팩에 넣었습니다.
41362,가구 얻기
41363,애완동물 얻기
41364,-다음으로 이동하려면 클릭하십시오-
41365,#cFDAEF1 @1#n
41366,경품 추첨
41367,애완동물 보금자리가 꽉 찼으니 배낭에서 확인해주세요.
41368,애완동물의 보금자리가 꽉 차있으니 일부 리워드는 배낭에 넣어주세요.
41369,애완 동물의 보금자리로 가주세요.
41370,제너레이션 가방으로 가주세요.
41371,목장이 성공적으로 업그레이드되었습니다
41372,전시
41373,등록 성공
41374,데이터 오류
41375,잘못된 서명
41376,물품의 수량이 부족합니다.
41377,ID 오류! 데이터를 읽지 못했습니다.
41378,품목에 대한 구성 테이블 오류
41379,품목 ID 오류
41380,알 수 없는 소비 유형
41381,홈레벨이 부족합니다.
41382,플레이 가방에 해당하는 아이템의 수량이 부족합니다.
41383,가방 만들기 데이터 읽기 실패.
41384,잠금 해제 실패
41385,항목이 잠금 해제되었습니다.
41386,시리즈 잠금 해제 리워드를 받을 수 없습니다.
41387,시리즈 잠금 해제 리워드 수령 가능합니다.
41388,시리즈 잠금 해제 리워드 수령
41389,농장 잠금 해제 실패
41390,농장 홈레벨 등급이 부족합니다.
41391,농장이 점용되었습니다.
41392,Ranch 업그레이드 오류
41393,Ranch_PET 계란 데이터 오류
41394,목장 업그레이드 오류 수준이 충분하지 않습니다
41395,Ranch_Animal 데이터 오류
41396,Ranch_Animal 해당 식품 ID 오류
41397,Ranch_Animals는 배고픈 것입니다
41398,Ranch_Animal이 기아 상태를 입력하지 않았습니다
41399,Ranch_Animals가 성숙되었습니다
41400,Ranch_Animals가 부족합니다
41401,Ranch_Animals는 배가 고팠습니다
41402,ranch_mature 단계는 아직 오지 않았습니다
41403,Ranch_ 알 수없는 이유가 주어진 것입니다
41404,Ranch_Animals는 유아 무대에 있습니다
41405,목장 - 목초지 구성 데이터 오류
41406,목장 - 목장 수준에 해당하는 동물의 수가 잘못되었습니다.
41407,기원 트리 정보 이상.
41408,수신 이상 설정.
41409,아직은 시간이 아닙니다.
41410,임의 뽑기 시간이 아닙니다.
41411,미당첨
41412,데이터 오류
41413,기원 트리 존재
41414,기원 트리는 성숙 단계에 있지 않습니다
41415,기원 트리는 시작 단계에 있지 않습니다.
41416,기원 트리 데이터 이상
41417,"기원이 시작된 후, 기원 종료시간은 아직 되지 않았습니다."
41418,기원 완료
41419,기원 트리 다시 시작하기
41420,진화 경험이 부족합니다.
41421,합성 수량 부족
41422,애완동물 잠금이 해제되었습니다.
41423,애완동물의 최고 진화 레벨 달성
41424,탐험 지도 설정 데이터 오류
41425,탐험 지도 사건 데이터 오류
41426,탐험 지도 사건 데이터 패키지 오류
41427,탐험 지도 수
41428,애완 동물의 보금자리가 너무 비좁습니다. 홈례벨 업그레이드가 필요합니다.
41429,애완동물 피로상태
41430,이 탐험 지도 탐험은 이미 시작되었습니다.
41431,최고 홈레벨 달성
41432,항목이 잠금 해제되었습니다.
41433,항목이 잠금 해제되지 않았습니다.
41434,최대 자체 제작 수준 달성
41435,남의 집 물건을 함부로 움직이지 마세요.
41436,플레이 가방 데이터 오류
41437,플레이 가방에는 동일한 구성 ID가 여러 개 있습니다.
41438,플레이 가방 아이템 ID에 해당하는 아이템 정보는 존재하지 않습니다.
41439,아이템 잠금 해제 필요 없음.
41440,농장 ID 오류.
41441,농장 ID가 잠금 해제되지 않았습니다.
41442,농장 재배 정보 찾을 수 없습니다.
41443,농물 상태가 비정상입니다.
41444,Ranch 업그레이드 구성 테이블 ID.
41445,동물 알 ID 오류.
41446,기원 트리의 주인이 아닙니다.
41447,애완동물 체크무늬 구성 정보가 맞지 않습니다.
41448,애완동물 정보가 존재하지 않습니다.
41449,애완동물 구성 정보가 없습니다.
41450,애완동물 데이터를 만들지 못했습니다.
41451,탐험 지도 정보가 없습니다.
41452,추첨 시간 안에 없어요.
41453,버전이 부족합니다.
41454,환경 조건 미충족(open_server Zone).
41455,홈 경품 추첨 costitems 오류.
41456,홈 업그레이드 구성 정보가 없습니다.
41457,잠금 해제가 필요 없습니다. 무료입니다.
41458,costitems 데이터 오류.
41459,계정에 물품이 부족합니다.
41460,계정 서비스를 요청하지 못했습니다.
41461,애완동물을 먹이고 있습니다.
41462,기르기 성공
41463,진화 성공
41464,Draw 구성 테이블 오류
41465,Sid가 NULL입니다.
41466,비료 유형 이상
41467,시드 유형 이상
41468,떨어지는 비료 정보 오류.
41469,생물학적 알 종류 이상.
41470,탐험 시간이 끝나지 않았습니다.
41471,탐험 순번 오류.
41472,제작 데이터를 읽지 못했습니다.
41473,확장 실패.
41474,구성 테이블에 오류가 있습니다.
41475,통로에 오류가 있습니다.
41476,(@1/@2)
41477,더많은 비전
41478,터전 확장 성공.
41479,계정의 물품화폐의 증가는 금지되어 있습니다.
41480,배낭
41481,홈 모드 편집에서는 이 작업을 수행할 수 없습니다.
41482,확률 보기
41483,홈 주인만이 작동할 수 있습니다.
41484,진화 물질이 부족하여 진화할 수 없습니다.
41485,@1이 부족해 농경지를 증축할 수 없습니다.
41486,@1이 부족하여 구매할 수 없습니다.
41487,"구매 성공, 물품은 배낭에 넣어두었습니다."
41488,"탐험을 할 수 있는 애완 동물은 없으니, 애완 동물의 보금자리에서 확인해 주세요."
41489,판매 성공!
41490,애완동물 @1을 얻었으니 펫홈으로 가보세요.
41491,"#c0AAA1A @3 #n을 구입하려면 #cffa500 @1 X @2 #n, 구매 확인?"
41492,홈 뉴스
41493,시스템
41494,아래 아이템 획득 가능:
41495,너무 가까이 심었습니다. 2칸의 거리를 유지해 주십시오.
41496,전시 성공
41497,전시 취소
41498,상인이 필요로 하는 물건이 없으니 먼저 수확하시길 추천합니다.
41499,홈레벨이 부족해서 구입할 수 없습니다.
41500,소통이 너무 잦네요. 긴장을 풀고 천천히 템포를 맞춰주세요.
41501,가방 편집에 들어가 구입하신 소품을 확인해주세요.
41502,@1의 보금자리에 오신 것을 환영합니다.
41503,홈 편집 모드
41504,홈 편집 모드에서 사용하세요.
41505,홈 플레이 모드에서 사용해주세요.
41506,가격:
41507,@1*1 회수에 성공하여 플레이 가방에 넣었습니다.
41508,우리집에 온 것을 환영합니다
41509,#cef2d2d @1 #N BLOCK FARMBLAND \n의 #N 블록을 확장하여 팜 상인으로 이동하여 확장에 대해 자세히 알아보십시오!
41510,작은 동물은 잘 먹었습니다. @1 초 후에 다시 시도하십시오.
41511,수정이 성공적이며 작물 성장이 가속화됩니다
41512,이 서비스는 다른 곳에서는 사용할 수 없습니다
41513,"수유 성공, 생물 성장이 가속화됩니다"
41514,작물을 비옥하게하기 위해 비료를 사용하십시오
41515,피드와 동물에게 먹이를주십시오
41516,이 곳은 확장되었습니다
41517,이 곳은 회복되었습니다
41518,"확장 된 땅이 상한에 도달했고, 농장 상인으로 가서 더 많은 땅을 확장하십시오!"
41519,이미 가득 찼습니다!
41520,불필요한
41521,가속화
41522,"확장 성공, 당신은 여전히 ​​확장 될 수 있습니다 #cef2d2d @1 #n blocks farmland"
41523,"성공을 복원하십시오, 이제는 여전히 확장 할 수 있습니다 #cef2d2d @1 #N 블록의 농지"
41524,생물은 농장 소유자가 빼앗겼습니다
41525,"요리사의 요리에 필요한 음식이 없어, 일부를 요리하기 위해 스토브로 가십시오!"
41550,평원
41551,사막
41552,삼림
41553,분지
41554,우림
41555,"몬스터 탐험 중, 현재 조작을 진행할 수 없습니다."
41556,@Null@
41557,현재 몬스터 경험치 부족으로 진화를 할 수 없습니다.
41558,생물 계란은 목장에만 배치 할 수 있습니다
41559,이것을 먹을 수 없습니다. @1을 먹여보세요
41560,판매할 물건을 선택해 주세요
41561,@1 파편을 소모할 예정이며 @2 몬스터를 합성할 수 있습니다. 다시 한 번 확인바랍니다.
41562,"아직 몬스터가 없습니다, 몬스터 상인을 찾아가 획득하세요."
41563,배경음악을 선택해 주세요
41564,소모 재료:
41565,총 확장 가능한 농지 :
41566,정원 등급:
41567,@1급 정원을 해제 할 수 있습니다
41568,@1급 정원으로 업그레이드 할 수 있습니다
41569,등급: @1
41570,"인테리어 중, 곧 만나뵙겠습니다"
41571,목장 수준 :
41572,목장이 성공적으로 업그레이드되었습니다.
41573,구입 수량: @1
41574,가방에 @1 수량이 이미 @2개 있습니다.
41575,소유량 상한 도달
41576,획득 방식
41577,#cfa7a0f@1#n건 재구매 시 @2 필수로 지불
41578,다음 구매시 @1 필수로 지불
41579,"@1개 @2 구매 성공, 정원 가방을 확인해 보세요"
41580,"정원 인터넷 불안정, 네트워크와의 연결 끊김. 다시 정원으로 접속해 주세요."
41581,메인 화면으로 돌아가기
41582,@1이 충분하지 않고 목장을 업그레이드 할 수 없습니다
41583,이 요리는 조리법을 이미 익혔습니다!
41584,"이 요리의 조리법을 아직 익히지 않으셨네요, 최신 버전으로 업그레이드 해주세요!"
41585,@1 생산 방법을 배우십시오!
41586,게임을 먼저 업데이트 한 다음 땅을 확장하십시오.
41587,LVL @1을 구입해야합니다
41588,여기에 비어 있습니다
41589,"이 땅은 이미 매우 비옥했고, 더 이상 비료를 사용할 수 없습니다."
41590,빈 농지에서 사용할 필요가 있습니다
41591,당신은 수확을 위해 당신을 기다리고 #cffd700 자르기 #n이 있습니다!
41592,당신은 이미 #CFFD700 성숙한 생물을 기다리고 있습니다!
41593,"우리는 당신에게 #CFFD700 @1 새로운 토지 #n을 주었고, 농지로 가서 확장하십시오!"
41594,당신은 #CFFD700 자르기가 있고 생물 #n이 당신을 수확하기를 기다리고 있습니다!
41595,"당신은 너무 느립니다,이 가구 세트는 다른 사람들에 의해 움켜 쥐 었습니다!"
41600,초보 정원
41601,초급 정원
41602,중급 정원
41603,고급 정원
41604,정원 등급이 @1급에 달해야 만 확장 가능합니다
41605,확장 후 @1개 블록 확장
41606,확장 성공
41607,이 구역 확장 성공! 정원 편집 모델에 접속하여서 자유로운 배치를 진행하세요(정원 재입장 후 가능)
41608,정원 재입장
41609,정원 확장 후 배치 가능
41610,"배치 불가지역, 편집불가"
41611,방치 범위를 초과
41614,"닉네임은 숫자, 영어 문자 또는 한자로 구성 가능"
41615,"닉네임 재출 성공, 심의 후 사용 가능"
41616,"닉네임의 글자수가 너무 많습니다, 삭제 후 다시 제출해 주세요"
41617,(닉네임 심의 탈락)
41618,"제출한 이름에 민감한 단어가 포함되어 있기에 심의에서 탈락되었습니다, 다시 닉네임을 설정해 주세요"
41619,"하루 변경 횟수 도달, 내일 다시 진행해 주세요"
41620,경험치
41621,(반환)
41622,@1의 최종 도전을 통과하였습니다. 모든 맵의 탐험을 끝마쳤습니다! 보스너를 지급해 드립니다
41623,"미리 탐험 중에 있는 몬스터들을 불어오고 있습니다, 곧 정원에 도착할 예정입니다"
41624,"@1번째 도전을 실패했습니다, 탐험을 미리 마칩니다. 몬스터를 양성하거나 몬스터의 등급을 업그레이드시켜 능력을 키우세요. 성공확율이 현저히 늘어날 것입니다."
41625,"소지했던 음식을 다 먹었더니 배가 꼬르륵 소리 나네요, 힘 없어서 더 이상 탐험을 하지 못하겠습니다. 곧 정원으로 돌아갑니다."
41626,"@1번째 도전 성공, 보너스를 지급해 드립니다."
41627,음식 취향:
41628,도구 능력 및 맵 수요 특징이 부합되지 않습니다.
41629,맵의 특수 수요가 이미 만족되었을 때 도구를 소지하고 있지 않습니다.
41630,도구 능력: @1
41631,맵 수요: @1
41632,최종 도전
41633,"본 탐험의 종점, 끝까지 완성 시 풍성한 보너스 지급"
41634,일부 맵의 도전은 몬스터의 특수 능력을 필요로 합니다. 몬스터가 상응한 능력이 없다면 탐험도구를 소지하셔도 가능합니다
41635,몬스터 @1을 방생 하시겠습니까? 방생한 몬스터는 사용자님의 가방에서 없어집니다.
41636,짊어지는 속성이 높은 몬스터일수록 탐험 시 짊어질 수 있는 물건이 더 많습니다.
41637,속도 속성이 높은 몬스터일수록 탐험시 소비되는 시간이 더욱 짧습니다.
41638,인내 속성이 높은 몬스터일수록 탐험시 소모되는 식량이 더 적습니다.
41639,"가방에 아직 양성 도구가 없습니다, 몬스터를 꺼내서 탐험을 시작하세요!"
41640,"많이 아쉽네요, 도전에 실패하셨습니다."
41641,몬스터 양성과 능력치 제고는 도전 성공 기회를 높여줍니다.
41642,"아직 몬스터가 없습니다, 또는 몬스터가 팔로잉/탐험/피곤한 상태에 있습니다. 몬스터 상인을 찾아가서 새로운 몬스터를 획득하세요"
41643,탐험 몬스터
41644,@1 열기
41645,여행 발자국 보기
41646,"가방에 아직 탐험 도구가 없습니다, 빨리 작업대에서 제작해 주새요"
41647,"가방에 아직 몬스터가 좋아하는 음식이 없습니다, 빨리 조리대로 이동하세요."
41648,@1 완료 후 열기
41649,아래 보너스를 획득할 확률이 있음:
41650,능력치
41651,탐험중
41652,끝
41653,팔로잉 중
41654,탐험에서 돌아오기
41655,소환
41656,소환 취소
41657,방문 시에는 몬스터 한 마리만 동행할 수 있습니다
41658,정원등급 @1급 열기
41659,#L여행 발자국 보기
41660,몬스터가 선물을 가지고 왔는지 확인해 보세요
41661,매번 배양은 해양 몬스터 속성에 임의로 작용됩니다.
41662,여행 거리: @1
41663,고급 보상 미리보기
41664,이 구역은 아직 탐험되지 않았습니다
41665,탐험에 투입될 몬스터를 선택해 주세요
41666,탐험에 사용될 식품을 넣으세요
41667,탐험식품
41668,준비된 식품이 몬스터의 여행 거리를 결정합니다
41669,정원 @1급 열기
41670,탐험 진행 중
41671,소환
41672,남은 시간
41673,곧 이번 탐험을 끝내게 됩니다. 끝낼 시 소지하고 계신 음식은 되돌려드리지 않습니다. 그래도 소환하시겠습니까?
41674,수확
41675,해당 음식은 몬스터가 @1%의 노정을 갈 수 있게 돕습니다.
41676,탐험에 참여할 몬스터 한 마리를 선택해 주세요
41677,이미 최고 단계에 도달하였습니다
41678,이미 돌아왔습니다
41679,짊어지는 속성
41680,인내력
41681,능력수요:
41682,몬스터 한 마리를 선택해 주세요
41683,출발 전에는 최소 음식 하나를 소지하셔야 합니다
41684,탐험에 필요한 능력/도구 요구에 부합되지 않기에 시작을 할 수 없습니다
41685,다음 단계: @1
41686,재설정: @1/개
41687,몬스터 짊어지는 능력: @1 / @2
41688,너무 무거워서 몬스터가 가지고 갈 수 없습니다
41689,정원 등급이 낮습니다. 탐험을 시작할 수 없습니다.
41690,탐험을 시작할 수 없습니다. 먼저 다른 맵에서의 탐험을 완성해 주세요.
41691,먼저 양성 재료를 하나 선택해 주세요
41692,팔로잉 중에 있는 몬스터는 방생할 수 없습니다. 먼서 소환을 취소해주세요.
41693,몬스터의 선물
41694,"몬스터 @1 소환 성공, 팔로잉 중에 있는 몬스터는 몬스터 탐험에 참여하지 못합니다."
41695,"@1 탐험 에너지, @2 포인트 중량 제공 가능"
41696,@1의 몬스터
41697,도전 성공
41698,능력치 @1에 달할 시 통과 확률 대폭 상승
41699,탐험 도전에 성공하셨습니다! 보너스 획득
41700,에너지: @1/개
41701,"적은 마진으로 장사를 하니 좀 그만 깎으세요. 한 번만 믿어주세요, 저의 구입가격은 진짜로 괜찮다니깐요!"
41702,저의 구입가격은 다른 상인들 보다 더 높아요~ 저한테 판매하지 않으시면 후회하실껄요?
41703,저한테 상품을 주세요! 제가 유통을 훤히 꿰뚫고 있어서 좋은 가격에 판매할 수 있습니다!
41704,다윈처럼 돈은 많지 않지만 저도 꽤 괜찮은 가격을 드릴 수 있습니다. 어떠세요? 저랑 무역하실래요?
41705,여기보다 더 높은 가격을 찾아볼 수 없을거에요! 이 물건들을 저한테 다 파세요!
41730,@Null@
41750,내열
41751,"우수한 배열기능, 탈수 증상이 거의 없으며 무더운 환경을 통화할 수 있습니다."
41752,내한
41753,추위를 무서워 하지 않으며 추운 환경을 통과할 수 있습니다.
41754,비행
41755,몸이 가벼워서 비행능력을 갖고 있으며 하늘과 바다를 날아 넘을 수 있습니다.
41756,굴착
41757,막강한 힘을 보유하고 있어 돌과 같은 단단한 것을 부술 수 있습니다.
41758,잠수
41759,물 속에서 자유롭게 헤염을 칠 수 있으며 잠수가 필요한 구역을 지날 수 있습니다.
41760,짐을 짊어지는 능력1
41761,짐을 짊어지는 능력2
41762,건장한 몸은 태어날 때부터 짐을 짊어지는 능력을 갖고 있습니다. 탐험 시 더 많은 물건을 짊어질 수 있습니다.
41763,속도1
41764,속도2
41765,몸이 민첩하여 태어날 때부터 빠른 속도를 가지고 있습니다. 탐험 시 수요되는 시간을 축소할 수 있습니다.
41766,인내력1
41767,인내력2
41768,강인한 몸은 태어날 때부터 인내력을 지니고 있습니다. 탐험시 음식 소모가 적습니다.
41769,애완 동물 경험
41770,배우는 능력이 뛰어나 탐험을 함에 있어 경험을 쉽게 얻을 수 있습니다.
41771,능력치1
41772,능력치2
41773,전반적으로 능력이 뛰어나 태어날 때부터 능력치가 높습니다.
41774,모험정신
41775,"천생 모험가, 모험 시 능력이 부족한 상황 속에서도 도전을 성공할 수 있습니다."
41800,@Null@
41801,언덕
41802,해변가
41803,탄광
41804,섬
41805,"오늘, 당신은 산책을 위해 애완 동물을 가져 오는가?"
41806,당신의 애완 동물은 모험에 있습니다
41807,애완 동물이 모험을 완료했습니다. 이봐! 그것이 무엇을 가져 왔는지 살펴보십시오.
41808,취득한 모험 재료 :
41809,모험 예상 시간 \n @1 : @2 : @3
41810,식품 에너지 : @1.
41811,더 많은 음식을 추가하면 현재 모험은 첫 번째 노드에 도달 할만 큼 충분하지 않습니다.
41812,"% ... & * @(TSK, 거의 성공했습니다! 능력 가치 만 더 높은 경우)."
41813,¥ % ~~~ @#@¥ * % * #¥ ... (너무 배고픈 ~~~ 모험을 계속하기 위해 에너지가 꺼짐).
41814,@1 종류의 음식을 선택하십시오
41815,음식 배낭
41816,수량을 선택하십시오
41817,다음을 선택했습니다 : @1.
41818,준비된 음식은 당신이 얼마나 멀리 모험 할 수 있는지 결정합니다.
41819,"현재의 식량 공급을 통해 애완 동물은 여행의 @1 %, 최소한의 노드 @2를 삭제할 수 있습니다."
41820,"& *! * ... %! (오, 그래! 해제!)"
41821,공제 할 금액을 선택하십시오
41850,@Null@
41851,애완 동물이 없습니다. 애완 동물을 얻으려면 집으로 이동하십시오.
41852,정원 가기
41853,상점 가기
41854,이미 소환
41855,탐험 중
41856,곧 현재 맵에서 나가 정원으로 향하려고 합니다
41857,성공적으로 소환을 취소하셨습니다. 몬스터는 정원 몬스터 집으로 돌아갔습니다.
41858,클릭하여 소환 취소
41859,아직 탈것을 소유하고 있지 않습니다. 빨리 상점에 가서 새로운 탈것을 획득하세요
41860,곧 현재 맵에서 나가 정원으로 향하려고 합니다(주의: 방장일 경우 퇴출 시 다른 플레이어도 본 방에서 퇴출됩니다)
41861,배우다
41862,자료
41863,도구
41900,목장 상점
41901,홈 부엌
41902,재료 가게
41903,홈 장인
41904,홈 요리사
41905,해체 가구
41906,해체!
41907,가구 프로모션
41908,해체를 위해 해체하십시오
41909,복사본 수
42000,@Null@
42001,#cfa7a0f@1#n이 당신을 정원으로 요청합니다
42002,@1의 정원
42003,@1의 @2
42004,모든 사람 이용 가능
42005,친구만 이용 가능
42006,본인만 이용 가능
42007,비밀번호 입력 후 이용 가능
42008,옷장 비밀번호
42009,비밀번호 네 자리 입력 후 열기
42010,정원 주인이 옷장 공유 권한을 설정하였습니다. 정원 주인에 연락하여 권한 부여를 요청하세요.
42011,정원에 아직 몬스터가 없습니다. 정원 주인에 연락하여 상점에서 몬스터를 획득하세요
42012,옷장 공유
42013,일부 특별 장식을 소유하고 있지 않습니다. 정원에서 나가면 장식이 복구 됩니다. 구매하여 현재 장식을 저장하시겠습니까?
42014,소통 권한
42015,"착용 성공, 현재 장식을 저장하시겠습니까?"
42016,현재 착용 중인 장식이 저장되지 않았습니다. 정원에서 나가면 복구 됩니다. 현재 장식을 저장하시겠습니까?
42300,@Null@
42301,미션 없음
42302,미션 접수 불가
42303,미션 미접수
42304,미션 미완성
42305,미션 보너스 미수령
42306,미션 완성
42307,미션 보너스 수령 완료
42308,미션 일반 오류코드
42309,지도 시간
42310,튜토리얼에서
43000,씨앗을 팔고 농업을 가르쳐주세요!
43001,"안녕하세요, 농장에 대해 무엇을 알아야합니까? \n 그런데 씨앗을 심기 전에 땅을 쟁기를 쟁기로 사용하는 것을 잊지 마십시오."
43002,가게
43003,비료를 처리하고 싶습니다
43004,나는 농지의 상한을 늘리고 싶다.
43005,나는 당신이 선택하기 위해 가장 저렴한 씨앗을 판매합니다.
43006,"나는 당신이 가진 과도한 작물을 데려 갈 수 있고, 안심하고, 가격은 절대적으로 공평합니다."
43007,더 빠른 작물을 자라고 싶으면 비료가 필수 불가결합니다. 비료를 사용한 후에 성장 속도가 가속화됩니다.
43008,"집 LVL이 #cFA7A0F @1 #N에 도달하는 한, 더 많은 농지를 확장하는 방법을 가르쳐 줄 수 있습니다. 물론, 그것은 수수료가 제공됩니다."
43009,당신은 동물을 번식시키고 싶습니까? \n 확장은 문제가 없습니다!
43010,"이봐, 친구! 어떤 요청을합니까?"
43011,가게
43012,피드를 처리하도록 도와 줄 수 있습니까?
43013,나는 목장을 확장하고 싶다
43014,생물 달걀을 사고 싶니? 그냥 아무것도 선택하십시오.
43015,"걱정하지 마세요, 나의 요금은 시장 가격에 있으며, 당신을 이용하지 않고 안심하십시오."
43016,"좋은 사료는 동물이 성장하는 데 도움이되며, 나에게 사료를 처리하고 직접 먹이를주는 것보다 낫다는 것을 보장합니다."
43017,"집 LVL이 #cFA7A0F @1 #n에 도달하는 한, 목장을 확장하도록 찾을 수 있습니다! 수수료에 관해서는, 건설 팀을 먹이기 쉽지 않다는 것을 이해하기를 바랍니다. 그렇게하지 않을 것입니다."
43018,~ \n 초과 작물을 요리하여 스토브를 사용하십시오.
43019,"헤이 ~ 나는 겸손한 가게를 방문하는 데 매우 기쁩니다. 필요한 것이 있습니까? \n 음식을 요리하고 싶다면, 나 옆에 스토브를 사용하십시오 ~"
43020,가게
43021,오늘 새로운 조리법이 있습니까?
43022,"좋은 요리를 만들기 위해 재료가 필수적입니다! 나는 방금 많은 재료를 여기에서 주문하셨습니다, 구매에 오신 것을 환영합니다 ~"
43023,오늘 #cFA7A0F @1 #n은 제한된 10 금액 ~에 대해 높은 가격으로 구입하지만 10 개가 넘는 것 이상이 가격을 얻지 못하면 메모 ~
43024,오늘날 특별 구매 기회가 사용되었습니다.
43025,"오늘의 추천 조리법은 #cFA7A0F @1 #N,
과도한 요리법은 보관할 수 있습니다, 어쩌면 그들을 위해 다른 용도가 있습니다 ~"
43026,"워크 벤치를 사용할 수 있습니다. \n 나는 또한 일부 자료를 제공 할 수 있습니다, 아, 아 -"
43027,어떤 도움이 필요합니까? \n 가구 또는 재료를 만들고 싶다면 나 옆에있는 워크 벤치를 시도하십시오.
43028,구매 자료
43029,수제 가구를 해체하십시오
43030,나는 특별한 승진 가구를보고 싶다
43031,"그들이 성장하고 주요 문제를 일으킬 수 있으므로 거의 일을 무인하게하지 마십시오. 여기서는 여기에주의 깊게 선택하며, 자유롭게 봐주세요."
43032,"내 장인 정신으로 나는 당신이 과잉 수제 가구를 원료로 분해하는 데 도움이 될 수 있지만, 일부 재료는 확실히 손상 될 것이라고 준비 할 것입니다."
43033,"당신은 배낭에 집에서 만드는 가구가있는 것처럼 보이지 않으며, 워크 벤치에 가서 일부를 만드십시오."
43034,내 네트워크를 통해 매일 특별한 저렴한 가구를 찾을 수 있습니다. 매일 쇼핑하기 위해 오십시오.
43035,요리하다
43036,"당신은 농장을 어떻게 배웠는지, 나는 당신을 가르쳐야 할 다른 것이 없습니다."
43037,"형제, 목장이 한계로 확장되어 계속 확장 할 수 없습니다!"
43038,"이 가구는 해체 후에 남은 자료가 있으며, 내가 야만적으로 할 수있는 일이 없습니다."
43039,#cFA7A0F @1 #n을 얻으려면 해체하십시오
43040,새로운 가구가 여기에 있습니다!
43041,#cFA7A0F @1 #N을 구입했습니다
43042,이 가구 배치가 팔리고 내일 봐라.
43043,더 빠른 작물을 자라고 싶으면 비료가 필수 불가결합니다. 나에게 와서 비료를 다시 구입하여 작물이 다시 빨리 성장하고 있음을 보장합니다.
43044,"좋은 사료는 생물 성장에 좋으며, 목장에서 동물들이 빠르게 성장할 수 있도록하기 위해 여기에 오십시오."
43300,@Null@
43301,"스토브 앞에 봉쇄가 있으며, 요리 할 수 ​​없습니다."
43302,다른 플레이어는 스토브를 사용하고 일시적으로 요리 할 수 ​​없습니다.
43303,성공적인 생산 #cE0DCCA @1 × @2.
43304,성공적인 생산 #c0AAFFF @1 × @2.
43305,성공적인 생산 #cDA6FFF @1 × @2.
43306,성공적인 생산 #cFA7A0F @1 × @2.
43307,애완동물의 닉네임 위반 신고가 여러 건 접수되어 애완동물 닉네임 수정 기능이 @1로 비활성화됩니다.
44000,@Null@
44001,매일 조리법
44002,구매 성공!
44003,소유 : @1.
44004,재료가 필요합니다
44005,매진
44006,더 이상 요리법이 없으며 내일을 보아라 ~
44007,배웠다
45000,편집하십시오
45001,편집 모드 종료
45002,가정 편집 ...
45003,비어있는
45004,계획을 세우십시오
45005,교체 계획
45006,크래시 지연
45007,건설 계획 @1.
45008,건설 계획을 저장하십시오
45009,구하다
45010,건설 계획의 수는 가득 찼습니다. 청소 후 다시 저장하십시오.
45011,건설 계획을 교체하십시오
45012,시간 절약 : @1.
45013,아직 건설 계획을 저장하지 않았습니다
45014,이 건설 계획을 적용 하시겠습니까? \n (현재 가정 건물은이 건물로 대체됩니다)
45015,이 건설 계획을 삭제 하시겠습니까?
45016,#G* 당신은 건설 계획을 직접 적용 할 수있는 건축 자재가 충분합니다.
45017,#R* 현재 건축 자재가 충분하지 않은 경우 건설 계획을 적용 할 때 누락 된 부품이 토양 블록으로 대체됩니다.
45018,토양 블록으로 대체 된 건축 자재가 충분하지 않습니다.
45019,"Roo를 자주 사용하고, @1 초 후에 다시 시도하십시오."
45020,현재 홈 건설을 비우고 싶습니까? \n (현재의 건설 계획을 먼저 저장하여 손실을 예방하기 위해 권장)
45021,다른 사람들의 집을 괴롭히지 마십시오.
45022,@Null@
45023,@Null@
45024,@Null@
45025,@Null@
45026,@Null@
45027,@Null@
45028,@Null@
46000,@Null@
46001,@Null@
46002,홈 XP.
46003,#L#cFA7A0F 수평을 수평화하는 방법
46004,현재 레벨:
46005,@1 XP 레벨을 수평화해야합니다
46006,도달했다
46007,아직 도달하지 않았습니다
46008,현재의
46009,다음 레벨
46010,상환하다
46011,구속
46012,새로운
46013,애완 동물 수량 제한
46014,농지 수량 상한
46015,생물 수량 상한
46016,확장 영역 상한값
46017,구매할 수있는 시드 유형
46018,구매할 수있는 생물 유형
46019,모험지도 수
46020,홈 레벨 업!
46021,상한이 증가합니다!
46022,잠금 해제 기능!
46023,보상을 사용하십시오
46024,보여
46025,가정 LVL이 충분하지 않고 수준의 양의 애완 동물의 최대 양을 증가시킵니다.
46026,수준 요구 사항 : #cEF2D2D @1 #n / @2
46027,다음 단계로 잠금을 해제하십시오
46028,생물 번식에 가라
46029,애완 동물 어드벤처를 보내십시오
46030,열차 / 진화 애완 동물
46031,농지로 가십시오
46032,(수확하는 동안 경험을 얻으십시오)
46033,(완료시 경험 이익)
46034,목장 상인에서 생물 계란을 사고 홍역 지역에 넣으십시오. 그들이 좋아하는 피드 유형으로 그들을 먹이는 것은 그들의 성장을 가속화시킬 수 있습니다.
46035,애완 동물 가게에서 애완 동물을 인수 한 후 모험 캡틴 (PET 좋아하는 음식을 사전에 좋아하는 음식 준비)에서 애완 동물을 보내십시오.
46036,더 어려운 모험에 도전하고 싶습니까? 다른 애완 동물을 찾고 싶습니까? 애완 동물 둥지에 가서 애완 동물을 훈련 시키십시오.
46037,농지를 쟁점으로 쟁기를 쟁점으로 사용한 후 농장 상인에서 씨앗을 사고 농장에서 식물 씨앗; 비료를 사용하여 가속화하십시오
46038,수준을 높이는 방법
46039,애완 동물 둥지는 최대 수준으로 업그레이드되었으며 더 이상 애완 동물을 가져갈 수 없습니다.
46040,레벨 보상
46041,최대 수준으로 업그레이드되었습니다!
46042,레벨 업 보상을받는 것을 축하드립니다
46043,나는 @1! 홈 LVL은 @2의 수준으로 증가했습니다
46100,개척자
46101,숙련 된 개척자
46102,개척자 전문가
46103,연수생 정원사
46104,숙련 된 정원사
46105,모든 정원사
46106,홈 장인
46107,고급 장인
46108,모든 장인
46109,원예 주인
46110,원예 전문가
46111,원예 전문가
46112,새로운 주택 소유자
46113,근동 가정 주인
46114,리치 가정 주인
46115,장원
46116,위대한 매너
46117,전설적인 매너
46118,지구 메신저
46200,@Null@
50000,@Null@
50001,번역 언어를 선택하세요
50002,"편지, 칠판"
50003,플러그인
50004,"맵 이름, 설명"
50005,지도 출시 소개
50006,팀 이름
50007,트리거 텍스트
50008,성공적으로 번역
50009,번역 실패
50100,@Null@
50101,인기 맵 추천
50102,오늘 숨기기
50103,지도
50104,지금 트렌드 키워드가 없습니다
50105,검색 기록이 비어 있습니다
50106,어떤 그룹도 가지고 있지 않습니다. 지금 만들어라.
50107,귀하가 갖고있는 문제를 선택하십시오
50108,미니 세계는 휴대 전화의 신호 및 네트워크 상태 사용 권한이 필요합니다. 더 나은 서비스와 내용을 제공합니다.
50109,미니 세계가 휴대 전화 상태 정보를 얻을 수 있도록 허용 하시겠습니까?
50110,휴대 전화 상태의 허가를주기를 거부 한 이래로 게임은보다 정확한 콘텐츠 권장 사항 및 서비스를 제공 할 수 없습니다. 그것을 재검토하고 싶습니까?
50111,보다 정확한 콘텐츠 권장 사항 및 서비스를 얻으려면 설정으로 이동하여 컬렉션 상태 사용 권한 설정을 변경하십시오.
50112,게임은 게임 콘텐츠 및 서비스를보다 잘 제공하기 위해 위치를 알아야하므로 위치 정보 권한을 얻어야합니다.
50113,미니 세계가 귀하의 위치 정보를 얻을 수 있도록 허용 하시겠습니까?
50114,우리에게 위치 정보 허가를 제공하기를 거부 한 이래로 게임은보다 정확한 콘텐츠 권장 사항 및 서비스를 제공 할 수 없습니다. 그것을 재검토하고 싶습니까?
50115,보다 정확한 콘텐츠 권장 사항 및 서비스를 얻으려면 설정으로 이동하여 위치 설정을 변경하십시오.
50116,게임은 카메라를 사용하여 카메라를 사용하여 스캔 코드를 추가하여 친구를 추가 할 수 있으므로 카메라 사용 권한을 얻어야합니다.
50117,미니 세계가 카메라를 사용하도록 허용 하시겠습니까?
50118,카메라 허가를주기를 거부 했으므로 친구 기능을 추가하는 스캔 코드는 사용할 수 없습니다. 그것을 재검토하고 싶습니까?
50119,친구 기능을 추가하려면 스캔 코드를 사용하려면 설정으로 이동하여 카메라 사용 권한 설정을 변경하십시오.
50120,게임은 사진 앨범을 사용하여 덮개를 사용자 정의하는 기능을 열어 사진 앨범의 권한을 얻어야합니다.
50121,미니 세계가 사진 앨범에 액세스하도록 허용 하시겠습니까?
50122,앨범 권한을 제공하기를 거부했기 때문에 사용자 정의 커버를 업로드하는 기능을 사용할 수 없습니다. 그것을 재검토하고 싶습니까?
50123,사용자 정의 커버 업로드 기능을 사용하려면 설정으로 이동하여 앨범 권한 설정을 변경하십시오.
50124,게임은 MCFUN을 사용하여 음성 채팅 기능을 열어 마이크 사용 권한을 얻어야합니다.
50125,미니 세계에서 마이크가 허용됩니까?
50126,마이크 액세스를 제공하기를 거부 한 이래로 음성 채팅 기능을 사용할 수 없습니다. 그것을 재검토하고 싶습니까?
50127,음성 채팅 기능을 사용하려면 설정으로 이동하여 마이크 권한 설정을 변경하십시오.
50128,죄송합니다. 해당 지역에서는 서비스를 일시적으로 사용할 수 없습니다.
50129,@Null@
50130,@Null@
50131,@Null@
50132,@Null@
50133,@Null@
50134,모두를 사용하십시오
50135,게임을 계속하십시오
50136,요청 권한을 다시하십시오
50137,계속하다
50138,다시 요청하십시오
50139,요청 허가
50140,허가가 거부되었습니다
50141,칠일
50142,초심자
50143,작업 카운트 다운 :
50144,이벤트가 ~을 종료했습니다
50145,영구적 인 맞춤 아바타 세트를 수신하려면 N 작업 (N / N)을 완료하십시오 (3 중 하나를 선택하십시오)
50146,작업 소품 :
50147,사용자 정의 모델 유형 오류
50148,작업은 매일 0시에 새로 고쳐지고 서둘러서 작업을 수행합니다.
50149,카운트 다운 #c1b9e1e %s DAYS %s 시간 %s 분 #n
50150,스킨 태스크 오류
50151,#cda5b0a %s #n 태스크 (%s / %s)
50152,남은 일 %s 일
50153,%s 시간 남음
50154,무료 세트
50155,진전
50156,이상
50157,우선 순위 앙상블
50158,생성할 수 없습니다. 선택한 아바타가 잘못되었습니다. 공식 버전을 사용하여 게임에 접속하십시오.
50159,이 닉네임이 사용됩니다. 새걸로 바꿔주세요.
50160,닉네임이 너무 깁니다. 줄여서 다시 시도하십시오.
50161,닉네임이 잘못되었습니다. 다시 시도해 주세요.
50162,닉네임을 입력해주세요
50163,아직 보상을 받을 수 있습니다~
50164,축하합니다. 누적 임무를 완료했습니다. 지금 아바타를 받으세요!
50165,스킨 보상
50166,현재 네트워크가 비정상입니다. 지도에 참여할 수 없습니다. 멀티 플레이로 돌아가 다시 시도하십시오.
50167,업데이트 중
50168,보상을받는 중 오류가 발생했습니다
50169,현재 작업이 빈번합니다. 나중에 다시 시도하십시오 ~
50170,매개 변수 요청 오류를 주장하는 임무 보상
50171,데이터 오류
50172,선교사
50173,보상 청구
50174,맞춤 드레스를위한 공간이 충분하지 않고 자동 저장 드레스가 실패했습니다.
50175,주장하다
50176,일시 중지 된 다운로드 ...
50177,"다운로드, 참을성있게 해주세요 ..."
50178,지도 다운로드 완료
50179,플레이어 작업 구성 리턴 데이터가 비어 있습니다
50180,튜토리얼 퀘스트 시간이 만료되었습니다
50181,오류 작업 주문 오류
50182,복귀 작업
50183,자습서 작업
50184,튜토리얼 작업 완료 축하드립니다
50185,(학습 템플릿 맵에만 해당)
50186,(템플릿 맵을 사기)
50187,연결 시간이 초과되었습니다. 나중에 다시 시도 해주십시오.
50188,이것은 당신이 방금 만든 세계입니다.
50189,새로운 세계는 여기에서 찾을 수 있습니다
50190,당신은 여기에서 당신의 세계를 만들 수 있습니다
50191,친구가없는
50192,친구의 방문 없음
50193,무소식
50194,즐겨찾기 없음
50195,그룹 없음
50196,@Null@
50197,@Null@
50198,@Null@
50199,@Null@
50200,@Null@
50201,네트워크 지연
50202,친애하는 @1
50203,흥미로운 지도를 추천했습니다. 지금 시도하십시오! (이 지도는 자동으로 저장됩니다)
50204,더 많은 게임에 참여하려면 클릭하세요.
50205,@1이(가) @2을(를) 함께 플레이하도록 초대합니다!
50206,"@1이(가) 흥미로운 지도를 공유합니다. 자, Mini World를 플레이합시다!"
50207,@1님이 게임에 초대합니다.
50208,친구가 Mini World에서 @2을(를) 플레이하고 있습니다. 지금 가입하세요!
50209,많은 사람들이 게임을 하고 있습니다! 지금 참여하세요!
50210,서비스
50211,싱글 플레이어 모드는 싱글 플레이어 맵만 지원합니다. 모든 기능을 사용하려면 인터넷에 연결하고 게임을 다시 시작하세요.
50212,"싱글 플레이어 모드를 종료하면 게임이 다시 시작됩니다. 인터넷에 연결되어 있는지 확인하십시오.
종료하시겠습니까? (iOS 기기는 수동으로 닫아야 함)"
50213,저장할 수 없습니다. 갤러리 액세스 권한이 없습니다. 암호를 복사하여 안전한 위치에 붙여넣을 수 있습니다.
50214,이벤트 시간: x x - x x
50215,제한: xx분 xx초
50216,광고 보기
50217,지금 청구하세요
50218,청구 후 총 소득이 다시 누적됩니다. 내일 Mini Point로 돌아오는 것을 잊지 마세요!
50219,지도에 참여하지 못했습니다. 네트워크를 확인하고 다시 시도하십시오.
50220,지도가 가득 찼습니다. 나중에 다시 시도 해주십시오.
50221,채팅방에 참여할 수 없습니다. 호스트가 귀하를 블랙리스트에 추가했습니다.
50222,호스트가 당신을 방에서 쫓아냈습니다.
50223,시즌 패스 활성화
50224,시즌 한정 보상을 받으려면 골드 패스를 활성화하시겠습니까?
50225,시즌 패스 활성화 + 업그레이드 팩
50226,한정된 보상과 더 많은 경험치를 받으려면 Gold Pass + 레벨 업 팩을 활성화하시겠습니까? 지금 활성화하시겠습니까?
50227,업그레이드 팩 구매
50228,업그레이드 팩을 구매하여 즉시 레벨 40까지 올리고 많은 보상을 받으세요. 지금 활성화하시겠습니까?
50229,현재 게스트 계정
50230,연결된 이메일
50231,타사 계정은 연결된 이메일과 비밀번호를 사용하여 로그인할 수 있습니다.
50232,비밀번호를 설정하기 전에 이메일을 연결하세요
50233,분명한
50234,다운로드한 지도를 삭제하면 최대 %s M 의 공간을 절약할 수 있습니다.
50235,(지도 목록을 통해 이 지도를 계속 플레이할 수 있습니다.)
50236,@Null@
50237,로그인 실패. 작업이 실패했습니다.
50238,로그인 실패. 네트워크를 확인하고 다시 시도하십시오.
50239,성공적 로그인
50240,로그인 실패
50241,로그인 실패. 로그인 정보가 만료되었습니다. 다시 로그인하십시오.
50242,계정 확인 실패
50243,가입 실패
50244,초기화 실패
50245,로그인 시간이 초과되었습니다. 다시 로그인하십시오.
50246,인증 코드를 보내지 못했습니다.
50247,비밀번호 설정 실패
50248,타사 가입 실패
50249,타사 로그인 실패
50250,작업
50251,상환하다
50252,역사
50253,불완전한
50254,가다
50255,자고 있는...
50280,당신을 위해 지도를 찾고 있습니다. 나중에 다시 시도 해주십시오.
50281,작성자가 지도를 삭제했습니다. 다시 선택하십시오.
50282,로그인 실패. 서버에 연결할 수 없습니다. 싱글 플레이 모드로 들어가시겠습니까? (일부 기능은 싱글 플레이 모드에서 사용할 수 없습니다)
50283,아바타를 보내지 못했습니다. 다음 로그인 시 아바타를 받게 됩니다.
50284,베트남
50285,브라질
50286,멕시코
50287,태국
50288,아르헨티나
50289,콜롬비아
50290,인도네시아
50291,페루
50292,칠레
50293,대만(중국)
50294,말레이시아
50295,칠면조
50296,중국
50297,이탈리아
50298,홍콩(중국)
50299,스페인
50300,필리핀 공화국
50301,에콰도르
50302,일본
50303,볼리비아
50304,독일
50305,도미니카
50306,코스타리카
50307,포르투갈
50308,베네수엘라
50309,프랑스
50310,대한민국
50311,호주
50312,마카오(중국)
50313,아제르바이잔
50314,파라과이
50315,파나마
50316,폴란드
50317,온두라스
50318,캄보디아
50319,라오스
50320,루마니아
50321,미얀마
50322,니카라과
50323,살바도르
50324,과테말라
50325,우크라이나
50326,우루과이
50327,영국
50328,싱가포르
50329,이라크
50330,인도
50331,네트워크 테스트가 완료되었습니다
50332,네트워크 테스트가 시작됩니다. 몇 분이 걸릴 것입니다. 정말로 계속하기를 원하십니까?
50333,네트워크 테스트. 기다리세요.
50334,"네트워크 상태 : 네트워크 없음
인터넷에 연결하고 게임을 다시 시작하십시오."
50335,"네트워크 상태 : 약한
다른 네트워크로 전환하고 게임을 다시 시작하십시오.

실패의 경우 고객 서비스에 문의하십시오. 우리는 당신을 위해 문제를 더 해결할 것입니다."
50336,"네트워크 상태 : 일반
게임을 다시 시작하고 다시 로그인하십시오.

실패의 경우 고객 서비스에 문의하십시오. 우리는 당신을 위해 문제를 더 해결할 것입니다."
50337,"네트워크 상태 : GOOD.
게임을 다시 시작하고 다시 로그인하십시오.

실패의 경우 고객 서비스에 문의하십시오. 우리는 당신을 위해 문제를 더 해결할 것입니다."
50338,"로그인 실패. 네트워크에 문제가있을 수 있습니다.
네트워크 테스트가 시작됩니다. 몇 분이 걸릴 것입니다.
정말로 계속하기를 원하십니까?"
50339,"네트워크 테스트가 시작됩니다. 몇 분이 걸릴 것입니다.
이 테스트 중에도 게임을 계속할 수 있습니다.
정말로 계속하기를 원하십니까?"
50340,"네트워크 테스트가 시작됩니다. 몇 분이 걸릴 것입니다.
이 테스트 중에도 게임을 계속할 수 있습니다.
정말로 계속하기를 원하십니까?"
50341,"네트워크 상태 : 약한
현재 네트워크는 단일 플레이어 생존 모드 또는 생성 모드에 적합합니다. 다른 네트워크로 전환하고 게임을 다시 시작할 수도 있습니다.

실패의 경우 고객 서비스에 문의하십시오. 우리는 당신을 위해 문제를 더 해결할 것입니다."
50342,"네트워크 상태 : 일반
이 네트워크로 모든 콘텐츠를 재생할 수 있습니다.

실패의 경우 고객 서비스에 문의하십시오. 우리는 당신을 위해 문제를 더 해결할 것입니다."
50343,"네트워크 상태 : GOOD.
이 네트워크로 모든 콘텐츠를 원활하게 재생할 수 있습니다.

실패의 경우 고객 서비스에 문의하십시오. 우리는 당신을 위해 문제를 더 해결할 것입니다."
50344,계정 만들기
50345,평가판 아바타가 성공적으로 사용되었습니다. 영구 아바타를 얻으려면 작업을 완료하십시오.
50346,주장했다
50347,주장하다
50348,현재 진행 상황
50349,가다
50350,미니 세계에 오신 것을 환영합니다. 여기에 작은 환영 선물이 있습니다!
50351,영구 아바타를 얻으려면 작업을 완료하십시오.
50352,1에서 1을 선택하십시오
50353,자습서 작업
50354,계속 튜닝
50355,시즌 패스
50356,시즌 패스 + 업그레이드 팩
50357,업그레이드 팩 구매
50358,레벨 업
50359,"1. 작업은 주간 작업 및 계절 챌린지 작업으로 나누어 져서 작업을 완료하여 기쁨 카드 수준을 향상시키고 해당 보상을받을 수 있습니다. #r 2. 구매 시즌 패스를 통해 더 많은 보상을 해제하십시오. #r 3. 시즌이 끝난 후 계절 통과 수준이 지워지고, 시즌 내의 보상을 사용 해주세요. 한 번 만료되면받을 수 없습니다. #r 4. 포인트는 보상을 위해 가게에서 교환 할 수 있습니다. 계절이 끝나면 포인트가 없어지지 않으며 다음 시즌이 교환을 계속할 때까지 누적 될 수 있습니다."
50360,추천
50361,작업 진행을 보려면 클릭하십시오
50362,기존 계정 만 싱글 플레이어 모드를 지원합니다. 먼저 계정을 만들고 단일 플레이어 모드를 재생하십시오.
50363,에블린
50364,숲 나비
50365,Successful
50366,Fail
50367,Timeout
50368,Parsing failed
50369,Failed to own
50370,Database error
50371,Configuration error
50372,Parameter error
50373,Region or region server error
50374,Event isn't available
50375,Exceeded event's limit
50376,Failed to add props
50377,Card does not exist
50378,Prop does not exist
50379,Rewards reclaimed
50380,Group configuration error
50381,Gold is not enough
50382,Diamond is not enough
50383,Ramadan event team does not exist
50384,Ramadan event country region error
50385,탭하여 원하는 지도를 선택하세요.
50386,드래그하여 지도 목록 새로고침
50387,역할의 아바타는 Mall-Custom 섹션에서 찾을 수 있습니다.
50388,시작/로그인을 클릭하면 당사의
50389,개인정보 보호정책 약관
50390,알아요
50391,"MINI WORLD : CREATA는 대략적인 위치 정보, 앱 활동 (앱, 설치된 응용 프로그램의 페이지 뷰 포함), 기타 앱 성능 데이터, 장치 또는 기타 식별자를 앱이 사용 중일 때 광고 및 마케팅을 지원합니다."
50392,잘 읽어보시고 동의해주세요
50393,", 게임 설정 - 기타 설정을 클릭하여 다시 확인할 수 있습니다."
50394,확인에 실패했습니다. 전화번호와 인증번호를 확인해주세요.
50395,계정이 요구 사항을 충족하지 않음
50396,죄송합니다. 계정은 8~16자만 지원합니다. 다시 시도해 주세요.
50397,개인화 권한
50398,다운로드한 지도 %s 삭제 중
50399,문제를 방지하려면 삭제 과정에서 게임을 종료하지 마십시오.
50400,방해하다
50401,페이스북 계정이 성공적으로 연결되었습니다
50402,Google 계정이 성공적으로 연결되었습니다.
50403,Apple ID가 성공적으로 연결되었습니다.
50404,Facebook 계정 연결이 성공적으로 해제되었습니다.
50405,Google 계정 연결이 성공적으로 해제되었습니다.
50406,Apple ID가 성공적으로 연결 해제되었습니다.
50407,연결에 실패했습니다. 이 계정은 다른 UID에 연결되어 있습니다.
50408,전화 연결
50409,연결 후 전화인증번호로 로그인
50410,이 전화는 다른 UID에 연결되어 있습니다.
50411,전화 연결 해제
50412,전화 연결을 해제하려면 원래 전화에서 인증이 필요합니다.
50413,전화 연결이 성공적으로 해제되었습니다.
50414,계정 손실을 방지하기 위해 연결을 해제하기 전에 비밀번호를 설정하십시오
50415,"연결 해제 후 UID와 비밀번호를 사용하여 로그인할 수 있습니다.
UID: @1
조심히 작업해주세요."
50416,계속하다
50500,수정 사자의 전투
50501,워터 카니발
50502,기프트 바자회
50503,스나이퍼 갓 비치
50504,워터 카니발 스테이지
50505,행복한 여름
50506,시간：%s/%s-%s/%s
50507,카니발에 입장하다
50508,돕다
50509,"- 지도에 들어가 가장 시원한 여름 물 축제를 경험하세요!
- 지도를 플레이하여 미션을 완료하세요! 여름 보상을 사용하세요!
- 워터 카니발 맵에 오래 머물수록 더 많은 보상을 받을 수 있습니다!
- 함께 여름 카니발을 시작하자!"
50510,가다
50511,받다
50512,받았다
50513,프로세스
50514,보상 미리보기
50515,확인
50516,보상 미리보기
50517,확률 보기
50518,확률 홍보
50519,보상 이름
50520,개연성
50521,기프트 바자회
50522,시간：04/27-05/08
50523,소유
50524,로딩 중 기다려주세요.
50525,시간：04/27-05/08
50526,함께 여름 카니발을 시작합시다!
50527,스나이퍼 갓 비치
50528,가장 시원한 물 카니발 테마 이벤트!
50529,시간：04/27-05/08
50530,"- 맵에 입장하여 물총 전투를 경험하세요!
- 플레이어를 물리치면 기적의 물총을 얻을 수 있습니다. Tt는 맵에서도 무작위로 새로 고침됩니다.
- 기적의 물총은 코코넛을 격추하는 데 사용할 수 있는 물 폭탄을 쏠 수 있습니다. 코코넛에서 큰 보상을 받을 수 있습니다."
50531,코코넛을 쏘다
50532,함께 화이팅!
50533,수정 사자를 무찌르다
50534,입력하다
50535,가다
50536,받다
50537,받았다
50538,입력을 클릭하십시오
50539,보너스
50540,"- 맵에 입장하여 보스 크리스탈 라이언에 도전하세요!
- 보스 크리스탈 라이언에 도전하세요. 데미지 수치가 상위 3위까지 올라와 임무를 완수하고 보상을 받으세요!
- 친구들과 함께 플레이하세요! 신비한 무기를 찾고 레벨을 올리고 친구와 함께 보스 크리스탈 라이언을 물리치고 보상을 받으세요!
- 올 여름, 함께 화이팅하고 함께 시원하게 놀아요!"
50541,사육제
50542,서핑 카드로는 충분하지 않습니다.
50543,지도에서 기적의 물총을 얻으십시오. 기적의 물총은 워터붐으로 코코넛을 격추시킬 수 있습니다.
50544,구속됨
50545,활성화하기
50546,소유
50547,물 폭탄의 수가 충분하지 않습니다. 더 많은 물 폭탄을 얻으려면 지도로 이동하십시오.
50548,"- 워터 카니발에서 지도를 플레이하면 서핑 카드를 얻을 수 있는 기회가 주어집니다!
- 서핑 카드는 선물 바자회에서 대상 탈것 등 다양한 신비한 보상으로 교환할 수 있습니다!
- 친구를 초대하고 즐거운 워터 카니발을 함께 경험하세요! 게임을 플레이하여 보상을 받고 상쾌한 여름을 보내세요!"
50549,"- 탈것 보상은 한 번만 사용할 수 있습니다.
- 교환 후 탈것 파편이 배낭으로 보내집니다.
- 사용 후 다음을 수행할 수 있습니다."
50550,종이학은 좋은 소원을 나타냅니다. 모든 종이학에는 작은 소원이 들어 있으며 마침내 아름다운 꿈으로 수렴됩니다. 이 별학을 타고 소원을 빌고 당신의 꿈이 있는 곳에 희망의 꽃이 가득하길
50551,오늘 얻을 수 있는 물폭탄 수:
50552,
50561,"충전이 도착하지 않았습니다. ""새로 고침"" 버튼을 클릭하여 확인하십시오."
50562,새로 고침
50563,보상은 사서함에 성공적으로 수집되었습니다
50564,내 순위
50565,내 점수
50566,참여
50567,킬 스코어
50568,승리/실패
50569,마지막 게임 시간
50570,지금 이동
50571,순위
50572,계급
50573,별명
50574,미니
50575,총 점수
50576,최신 게임 시간
50577,로딩
50578,보고서
50579,~ 위에
50580,플레이어 부정 행위를보고합니다
50581,부정 행위 선수 미니 번호
50582,부정 행위
50583,최대 3 장의 사진
50584,업로드
50585,국가 로고 표시
50586,예
50587,아니요
50588,"죄송합니다. 현재 제품에는 완료되지 않은 주문이 있습니다. 이전 계정을 전환하고 메모에서 ""새로 고침""버튼을 클릭하십시오. 거래가 완료된 후에도 계속 구매할 수 있습니다. 새 계정을 계속 사용하여 Google 플랫폼에서 이전 주문을 구매할 수도 있습니다. 이해와 지원에 감사드립니다."
50589,미니 번호를 입력하십시오
50590,부정 행위 행동을 입력하십시오
50591,확인하다
50592,취소
50593,승리
50594,불합격
50595,그리다
50596,득점
50597,Facebook
50598,undind
50599,암호는 8 세 이상입니다
50600,"비밀번호에는 적어도 두 가지 형태의 글자, 숫자, 숫자에"
50601,안전 증명서
50602,계정 보안을 보장하기 위해 가능한 빨리 휴대 전화 및 사서함을 바인딩하는 것이 좋습니다.
50603,전화 번호를 입력하십시오
50604,1. 비밀번호를 잊을 때 바인딩 정보를 확인한 후 비밀번호를 재설정 할 수 있습니다.
50605,2. 미니 번호를 잊어 버렸을 때 미니 번호를 찾는 것을 잊었습니다.
50606,사서함 해제는 결합되지 않은 바인딩 사서함 확인 코드를 확인해야합니다. 차단 해제 후 사서함 작업을 다시 활성화 할 수 있습니다
50607,안정되지 않은 사서함
50608,1. 비밀번호를 잊을 때 바인딩 정보를 확인한 후 비밀번호를 재설정 할 수 있습니다.
50609,2. 미니 번호를 잊어 버렸을 때 미니 번호를 찾는 것을 잊었습니다.
50610,사서함 해제는 결합되지 않은 바인딩 사서함 확인 코드를 확인해야합니다. 차단 해제 후 사서함 작업을 다시 활성화 할 수 있습니다
50611,비밀번호가 업데이트되었습니다
50612,비밀번호 관리
50613,"미니 번호를 설정하십시오 : |@1 | 문제 비밀번호, 문제 비밀번호 및 비밀번호는 게임 로그인에 사용할 수 있습니다."
50614,팁
50615,"1. 비밀번호를 수정 한 후에는 미니 번호와 비밀번호를 기록하려면 휴대 전화 및 용지 사진을 찍어주세요.
2. 미니 번호와 비밀번호를 사용하여 다른 장치에 로그인합니다 (친구, 계정 통화/소품은 유지되며 아카이브 공유 후에 유지됩니다).
3. 제 3 자 계정은 바인딩 사서함 및 비밀번호로 로그인 할 수 있습니다."
50616,바인딩을 들어 올리면 비밀 번호와 이전에 설정된 비밀번호를 통해 로그인 할 수 있습니다. Mini@1은 유일한 로그인 인증서로 사용됩니다. 신중하게하십시오!
50617,현재 미니 번호로 로그인합니다
50618,휴대 전화 바인딩 후 휴대 전화 확인 코드를 통해 로그인 할 수 있습니다.
50619,바인딩을 제거하려면 원래 전화를 사용하여 확인해야합니다.
50620,계속 풀어주십시오
50621,경고 : 안내 해제 휴대 전화 후에는이 번호를 사용하여 휴대 전화 번호를 통해 계정 암호를 로그인하거나 검색 할 수 없습니다.
50622,"휴대폰 번호는 미니 번호에 구속되었으며, 다음 단계는 원래 미니 번호를 풀어 주실 것인가?"
50623,계속하다
50624,취소
50625,비밀번호:
50626,클립 보드에 저장하십시오
50627,@1실 이용 가능
50628,침대에서 나가십시오
50629,계정 바인딩에 대한 사서함을 입력하십시오
50630,교체 암호를 신청하고 있습니다
50631,이 앱은 다른 계정에 구속되었습니다
50632,전화는 다른 계정에 구속되었습니다
50633,사서함은 다른 계정에 구속되었습니다
50634,사서함 번호는 미니 번호와 일치하지 않습니다
50635,복구를 선택하십시오
50636,계정 손실을 방지하려면 바인딩을 들어 올리기 전에 계정의 비밀번호를 설정하십시오.
50650,클라이언트 버전은 룸 버전보다 낮고 객실에 가입 할 수 없습니다. 업데이트 된 버전으로 이동합니까?
50651,미니빈
50652,목록에 있지 않습니다
50653,내 방에 가입하는 데 오신 것을 환영합니다
50654,성공적으로 보상을받습니다
50655,보상을받지 못했습니다
50656,당신은 상한에 도달했습니다
50657,성공적으로보고합니다
50658,보고하지 못했습니다
50659,시간 받기 :
50660,방에서 친구를 찾을 수 없습니다. 나중에 시도하십시오 (코드)
50661,게임이 사라지고 다른 것을 변경하십시오. (암호)
50662,게임에 들어갈 수 없습니다. 나중에 시도하십시오 (코드)
50663,클라이언트 버전이 너무 낮아서 게임을 할 수 없습니다. 업데이트하십시오. (암호)
50664,객실 연결은 시간 초과입니다. 나중에 시도하십시오. (암호)
50665,Google Pay가 실패하고 네트워크를 확인하고 Google Store가 로그인 한 경우
50666,여기에서 당신은 당신의 친구가 만든 독점 객실에 가입 할 수 있습니다!
50667,제한된 피부-그리 ​​피타
50668,제한된 아바타 프레임-다이드
50669,제한된 드레스 업에 대한 드레스
50670,제한된 드레스 업 시아 소금 사탕 파란 머리
50671,123
50672,이름을 다시 입력하십시오\n참고: 스페이스바를 입력하지 마십시오
50673,리미티드 스킨 루시아
50674,제한된 아바타 프레임 · 빛나는 별빛
50675,한정 드레스업 토끼 인형
50676,제한된 드레스업 토끼 헬멧
50677,리미티드 스킨 · 스노우 스커트
50678,제한된 아바타 프레임 · 스노우 스커트 홀리
50679,제한된 드레스 업 · 촬영은 집입니다
50680,리미티드 드레스업 · 반지 착용 징글
50681,제한된 피부 · 메이 케웬
50682,제한된 아바타 프레임 · 타임 드림 여행
50683,리미티드 드레스 · 이글거리는 망토
50684,제한된 복장 업 · 덧없는 바람의 해
50685,잠금 해제 가능
50686,마운트 조각 환원
50687,남은 유효 기간：
50688,구매확인서
50689,"곧 만료될 드레스업 쿠폰이 ,낭비하지 마세요!"
50690,쿠폰 받기
50691,추천 착용
50692,배치 변경
50693,세게 때리다
50694,투 콤보
50695,트리플 히트
50696,매우 날카롭다
50697,아무도 멈출 수 없다
50698,게임을 지배하다
50699,슈퍼 신을 향해
50700,야생으로 달리다
50701,신처럼
50702,이미 슈퍼
50703,추가 보상
50704,무료 부활 광고 보기.
55000,@Null@
55001,해외 요청의 주소는 데이터를 끌어 올리고 있습니다.
55002,데이터 주소를 설정하는 국내 요청이 잘못되었습니다.
55003,현재 검색어가 없습니다.
55004,검색 기록이 없습니다.
55005,현재 그룹이 없습니다. 가서 만드십시오.
55006,알고 싶은 질문을 선택하십시오.
55007,게임 콘텐츠와 서비스를 더 잘 제공하기 위해서는 게임이 당신의 신호와 네트워크 상태를 알아야 하기 때문에 우리는 휴대폰 상태 허가를 받아야 합니다.
55008,Mini World에서 전화 상태 정보를 얻을 수 있습니까?
55009,"당신이 우리에게 모바일 상태 허가를 거부했기 때문에, 게임은 당신에게 더 정확한 콘텐츠 추천과 서비스를 제공할 수 없을 것입니다. 재고할 의향이 있습니까?"
55010,보다 정확한 콘텐츠 권장 및 서비스를 보려면 설정으로 이동하여 수집 상태 권한 설정을 변경합니다.
55011,게임 콘텐츠와 서비스를 더 잘 제공하기 위해서는 게임이 사용자의 위치를 알아야 하므로 위치 정보 허가를 받아야 합니다.
55012,Mini World에서 위치 정보를 얻을 수 있습니까?
55013,"당신이 우리에게 위치 정보 허가를 거부했기 때문에, 게임은 당신에게 더 정확한 콘텐츠 추천과 서비스를 제공할 수 없을 것입니다. 재고할 의향이 있습니까?"
55014,보다 정확한 콘텐츠 권장 및 서비스를 보려면 설정으로 이동하여 위치 설정을 변경하십시오.
55015,게임은 친구를 추가하기 위해 코드를 스캔하는 기능을 활성화하기 위해 카메라를 사용해야 하므로 카메라 허가를 받아야 합니다.
55016,Mini World에서 카메라 사용을 허용하시겠습니까?
55017,"당신이 우리에게 카메라 허가를 거부했기 때문에, 친구 기능을 추가하는 스캔 코드를 사용할 수 없을 텐데, 다시 생각해 보시겠어요?"
55018,스캔 코드를 사용하여 친구를 추가하려면 설정으로 이동하여 카메라 권한 설정을 변경합니다.
55019,게임은 앨범을 사용하여 커버를 사용자 지정할 수 있는 기능을 열어야 하므로 앨범 허가를 받아야 합니다.
55020,Mini World에서 앨범을 받을 수 있습니까?
55021,앨범 허가를 거부하셨기 때문에 커스텀 커버를 업로드할 수 없습니다. 다시 한 번 고려해 보시겠습니까?
55022,사용자 지정 커버를 업로드하는 기능을 사용하려면 설정으로 이동하여 앨범 권한 설정을 변경합니다.
55023,게임은 McFone을 사용하여 음성 채팅을 열어야 하므로 마이크에 액세스해야 합니다.
55024,미니 월드는 마이크를 사용할 수 있습니까?
55025,마이크에 대한 액세스를 거부했기 때문에 음성 채팅 기능을 사용할 수 없습니다. 다시 생각해 보시겠습니까?
55026,음성 채팅 기능을 사용하려면 설정으로 이동하여 마이크 권한 설정을 변경합니다.
55027,죄송합니다. 해당 지역에서 서비스를 일시적으로 사용할 수 없습니다.
55028,캐시 정리
55029,정리
55030,저장 공간을 계산하는 데 시간이 오래 걸릴 수 있습니다. 기다려 주십시오.
55031,미니 월드 데이터가 공간을 차지합니다.
55032,캐시 데이터
55033,"캐시는 미니 월드를 재생하는 과정에서 생성된 임시 데이터입니다. 캐시를 청소하는 것은 미니에 영향을 미치지 않습니다. 
 세상의 사용."
55034,피부 및avatar데이터
55035,스킨과 의상 데이터는 상점에서 옴. 정리 후 잠시 의상 안보임.
55036,지도 데이터
55037,"지도 데이터는 주로 다운로드한 지도 또는 만들고 재생한 지도에서 가져옵니다. 청소가 필요한 경우 
 게임 시작 인터페이스에서 삭제하십시오."
55038,캐시된 데이터를 정리하는 데 시간이 걸릴 수 있습니다. 정리하는 동안 인내심을 가지십시오.
55039,"피부 및 의상 데이터 정리 중, 기다려주세요."
55040,데이터를 청소할 때 데이터가 손상되지 않도록 청소 과정에서 게임을 닫지 마십시오.
55041,캐시 데이터 정리 완료
55042,스킨과 맞춤 옷차림 데이터 정리 완료.
55043,나는 그것을 좋아하지 않는다.
55044,지도 작성자:
55045,유사한 콘텐츠가 너무 많습니다.
55046,관심 없음
55047,이러한 콘텐츠 권장 사항이 줄어듭니다.
55048,해지
55049,권한 취소
55050,다인실 작성을 지원하려면 지도를 공개적으로 업로드해야 합니다. 방을 계속 만들고 싶으세요?
55051,업로드 및 계속
55052,도움말
55053,팁
55054,항목
55055,시간
55056,소비품목
55057,전주곡 뒤돌아보기
55058,시간 제한 연결
55059,권장
55060,권장 수준
55061,"동부의 보이드 군단과 비교했을 때, 미니 세븐 몬스터들은 그들의 전성기로 돌아왔습니다!"
55062,마지막 전투가 임박했습니다!
55063,전장 입력
55064,여러분은 풀 둥지에 황금 봉황이 있다는 것을 들어본 적이 없나요?
55065,철 배지
55066,청동 배지
55067,은색 배지
55068,골드 배지
55069,퍼플 골드 배지
55070,루비 배지
55071,다이아몬드 배지
55072,매우 더운 곳
55073,극심한 추위
55074,보상이 새로워집니다 @1
55075,오늘의 캡:0/500는 @1-@23:@4
55076,새로 고침 @1
55077,소울 파이팅 포인트
55078,"84, 미니 둘루오 대륙이 공식적으로 출범했습니다. 괴물과 싸우기 위해 제 시간에 온라인에 접속하고 악에 저항하기 위해 업그레이드하는 것을 잊지 마세요!"
55079,미니 월드 일렉트로닉 뮤직 파티가 곧 시작됩니다.
55080,미니 월드: 수백만 개의 미니 동전을 나누면 부의 신이 당나라에 올 것입니다.
55081,예약이 열려 있습니다! 주저하지 마세요!
55082,약속을 열려면 일정관리 관련 권한이 필요합니다.
55083,"Sorry, recharge failed, please update the google services API version and try again"
55084,번역을 위해 예약되었습니다.
55085,번역을 위해 예약되었습니다.
55086,번역을 위해 예약되었습니다.
55087,번역을 위해 예약되었습니다.
55088,번역을 위해 예약되었습니다.
55089,번역을 위해 예약되었습니다.
55090,번역을 위해 예약되었습니다.
55091,번역을 위해 예약되었습니다.
55092,예약되지 않은 번역
55093,예약되지 않은 번역
55094,예약되지 않은 번역
55095,예약되지 않은 번역
55096,비디오 레이더
55097,보상 수가 상한에 도달했습니다.
55098,교환 항목이 부족합니다. 작업 목록으로 이동하여 작업을 완료하여 더 많은 교환 항목을 가져옵니다.
55099,상대방의 초대를 거절했습니다.
55100,다운로드한 설치 패키지가 완료되지 않았습니다. 이 설치 패키지를 다시 다운로드해야 합니다!
55101,다운로드한 설치 패키지가 없습니다. 이 설치 패키지를 다시 다운로드해야 합니다!
55102,"다운로드 오류, 이 설치 패키지를 다시 다운로드해야 합니다!"
55103,네트워크를 사용할 수 없습니다. 네트워크를 확인하십시오!
55104,서버가 비정상적입니다!
55105,매개 변수 오류!
55106,차등 패키지가 없습니다!
55107,첫 번째 팩은 없습니다!
55108,효과 패키지 입력의 압축을 풉니다! 이 설치 패키지의 압축을 다시 풀어야 합니다!
55109,효과 패키지 출력 파일의 압축을 푸는 것은 비정상적입니다! 설치 패키지의 압축을 다시 풀어야 합니다!
55110,디스크 공간이 부족합니다200MB 메모리를 정리하고 게임에 다시 참여하십시오!
55111,이번에 다운로드한 게임 자산 확인/업데이트
55112,사용자를 위한 리소스 압축 풀기
55113,감압 대기 중..
55114,현재 구식 버전의 게임이 감지되어 클라이언트 측을 업데이트해야 합니다.\n[color=#FF0000](WIFI 환경에서 설치 패키지를 다운로드하는 것이 좋습니다.) [/color]
55115,패키지 압축을 푸는 중 오류가 발생했습니다! 다시 다운로드하고 압축을 풀어야 합니다!
55116,네트워크 시간 초과! 다시 시도하십시오!
55117,클라이언트 측 예외가 발생하면 이 기능을 통해 수정할 수 있습니다. 확인을 클릭하면 모든 로컬 업데이트 파일이 지워집니다. 수정하시겠습니까?
55118,게임 효과 패키지를 병합합니다...
55119,업데이트가 완료되었습니다. 게임을 입력하십시오...
55120,전화 공간이 충분하지 않습니다!
55121,"휴대 전화 공간은 %s달러 미만입니다! 
 캐시 정리는 사용된 전화 공간의 일부를 확보합니다. 
 캐시 정리를 하시겠습니까?"
55122,더 이상 알림이 없습니다. 나중에 - 기타 - 캐시 정리를 설정하여 정리할 수 있습니다.
55123,교환 바우처
55124,영구/제한된 시간
55125,미니 콩
55126,피부 조각
55127,장착된 조각
55128,최신 제한
55129,제한된 시간 반환
55130,무기 스킨
55131,미니 코인
55132,옷을 입혀라.
55133,체험카드
55134,방이 꽉 차서 가입할 수 없습니다.
55135,게임 진행 중
55136,이 방에는 미드웨이 조인이 허용되지 않습니다.
55137,게임 결제
55138,게임 결제 중에 가입할 수 없습니다.
55139,암호 기억하기
55140,이 지도는 크기 @1MB. 셀룰러 네트워크를 사용하면 추가 요금이 부과될 수 있습니다. WiFi 환경을 이용하시면 자동으로 업로드해 드리겠습니다.
55141,트래픽과 함께 업로드
55142,나중에WIFI
55143,주의 업로드
55144,자동 업로드
55145,셀룰러 네트워크를 이용한 자동 업로드
55146,업로드 목록
55147,업로드...
55148,업로드 대기 중
55149,지도 업로드 대기열이 가득 찼습니다. 지도 업로드가 완료된 후 인내심을 갖고 다시 시도하십시오.
55150,현재 업로드되지 않은 [color=#ff0000] @1[/color] 맵이 있습니다. 모두 업로드해야 하나요? (업로드된 지도는 자동으로 업데이트됩니다. 지도 업로드 정보를 수정하려면 지도 세부 정보를 클릭하여 업로드 인터페이스에서 수정하십시오. 지도 크기가 @2MB을 초과하면 업로드를 클릭해야 합니다.
55151,애니메이션 건너뛰기
55152,지도를 먼저 수집하십시오.
55153,정말 게임을 그만두고 싶으세요?
55154,더 많은 콘텐츠가 로드되고 있습니다. 기다려 주십시오.
55155,생성 시간
55156,모든 맵 추가
55157,클라우드 아카이브
55158,클라우드 아카이브 이름
55159,클라우드 아카이브 소개
55160,이 클라우드 아카이브에 대한 설명을 입력하십시오.
55161,재생 가능한 권한
55162,내 친구들은 모두 보고 놀 수 있다.
55163,플레이어가 다른 사람을 플레이하도록 초대할 수 있습니다.
55164,설정 삭제 및 빌드
55165,모든 사람이 블록을 파괴하거나 만들 수 있도록 허용
55166,내 친구만 블록을 파괴하거나 만들 수 있습니다.
55167,만들기
55168,클라우드 아카이브 지침
55169,"클라우드 아카이브는 서버에 있는 아카이브의 또 다른 백업이며, 친구에게 아카이브를 재생하도록 권한을 부여할 수 있지만 다음 사항에 유의하십시오. 
 1 클라우드 아카이브와 로컬 아카이브는 독립적인 일정이며 둘은 서로 영향을 미치지 않습니다. 아카이브가 클라우드 아카이브로 변환되면 원본 로컬 아카이브를 자동으로 백업합니다. 
 2 여러 개의 클라우드 아카이브가 있을 수 있지만 활성 클라우드 아카이브만 재생할 수 있습니다. 활성화할 수 있는 클라우드 아카이브 수는 %s로 제한됩니다. 
 3. 온라인 상태가 아니더라도 라이센스 또는 초대된 플레이어만 활성화된 클라우드 저장을 재생할 수 있습니다. 
 4. 클라우드 저장을 삭제하면 클라우드 저장의 모든 게임 진행률이 손실됩니다."
55170,클라우드- 활성화
55171,활성화되지 않음
55172,동결
55173,클라우드 아카이브 설정
55174,변경
55175,활성화
55176,활성화할 수 있는 클라우드 저장 수가 제한에 도달했습니다. 이 클라우드 저장을 활성화하려면 하나 이상을 중지하십시오. 세이브가 동결되면 플레이 중인 플레이어가 강제로 퇴출됩니다.
55177,현재 플레이어 수
55178,클라우드 저장을 삭제하고 있으며 모든 게임 진행률이 손실됩니다. 삭제가 확실합니까?
55179,클라우드 게임
55180,알겠습니다.
55181,클라우드 아카이브 삭제
55182,%s클라우드 아카이브
55183,가입
55184,클라우드 보관 암호
55185,암호를 입력하십시오.
55186,플레이어가 클라우드 저장 게임을 하고 있는데 비활성 상태로 전환하시겠습니까? (플레이어가 게임에서 쫓겨납니다.)
55187,"클라우드 저장 마스터는 클라우드 저장, 게임 종료를 중지합니다."
55188,클라우드 아카이브부터 시작
55189,현재 목록이 비어 있습니다.
55190,"1: 배치에 맵 추가 클릭: 업로드되지 않은 모든 맵을 업로드 목록에 자동으로 추가 
 2: 맵에 일정 시간의 게임 시간이 있는 맵이 자동으로 업로드되고 저장됩니다(비공개). 
 3: 게임 - 설정에서 자동 업로드를 해제하거나 트래픽 업로드 허용을 설정할 수 있습니다."
55191,게임 시작
55192,현재 구성이 그림자 사용을 지원하지 않습니다.
55193,친구들이 놀고 있다.
55194,친구들이 놀았습니다.
55195,권장
55196,인기
55197,새로운 브랜드
55198,품질
55199,역사가 재생되었습니다.
55200,1K
55201,팔로우
55202,비정상 데이터
55203,미션이 시작되지 않았습니다.
55204,임무는 끝났다.
55205,미션이 존재하지 않습니다.
55206,미션이 종료되었습니다.
55207,해당 작업이 수신되지 않았습니다.
55208,해당 작업이 수신되었습니다.
55209,해당 작업이 완료되었습니다.
55210,미션 보상을 받았습니다.
55211,미션이 완료되지 않았습니다.
55212,작업이 시작되지 않았거나 종료되었습니다.
55213,죄송합니다. 이 기능은 현재 해당 지역에서 지원되지 않습니다.
55214,죄송합니다. 사용 중인 클라이언트 측에서 당분간 이 기능을 지원하지 않습니다.
55215,죄송합니다. 클라이언트 측 버전이 당분간 이 기능을 지원하지 않습니다.
55216,죄송합니다. 이 기능은 현재 사용자의 언어에서 지원되지 않습니다.
55217,이 기능은 일시적으로 사용할 수 없습니다.
55218,매개 변수 누락
55219,데이터 누락
55220,잘못된 매개 변수
55221,해당 구성 없음
55222,구성이 만료되었습니다.
55223,구성 구문 분석 실패
55224,인증 실패
55225,만료되었습니다.
55226,항목의 수량이 부족합니다.
55227,비정상 데이터
55228,서버 오류
55229,네트워크 오류. 나중에 다시 시도하십시오.
55230,플레이어 정보 또는 지도 정보 검색
55231,인기 순위
55232,오늘 사용할 수 있는 투표 수:
55233,오늘의 복권 자격을 얻기 위해 3 번 투표하세요!
55234,인기 순위
55235,랭킹
55236,플레이어
55237,지도 정보
55238,누적 투표
55239,친구들이 투표하도록 하세요!
55240,"친구들, MWGT 이벤트에서 여러분이 가장 좋아하는 작품에 투표하세요! 여러분은 또한 복권에 들어갈 수 있습니다!"
55241,이 MWGT 이벤트 저자를 위해 %s!
55242,친구
55243,다이나믹
55244,사진 저장
55245,"친구, 이 작품%s정말 훌륭해요! %s 투표할 수 있게 도와주세요!"
55246,이미지 로드
55247,이 작업은 투표되었습니다.
55248,죄송합니다. 오늘 투표 한도에 도달했습니다! 내일 다시 오세요!
55249,3 응모 투표 후 복권을 입력하세요!
55250,"오늘 복권을 뽑았구나, 내일 돌아와!"
55251,링크 공유
55252,링크가 성공적으로 복사되었습니다. 유세를 위해 친구와 공유하십시오!
55253,타인의 모험
55254,작업하기 전에 클라우드 보관을 동결하십시오.
55255,클라우드 아카이브 백업/복원
55256,아카이브가 악의적으로 손상된 후 백업 클라우드 아카이브를 복원할 수 있습니다!
55257,무료로 광고 보기
55258,생성 취소
55259,"클라우드 아카이브 생성, 기다려 주십시오."
55260,집주인이 초대장을 껐습니다.
55261,아직 완료되지 않은 생존 튜토리얼이 있습니다. 튜토리얼을 계속 완료하시겠습니까?
55262,자습서
55263,계속
55264,최근에 재생되었습니다.
55265,최근에 재생된 %s지도만 표시
55266,지도를 보려면 새로 고침을 클릭하십시오.
55267,클라우드 아카이브를 생성하려면 먼저 아카이브를 다운로드해야 합니다.
55268,클라우드 보관 목록을 일시적으로 가져올 수 없습니다. 다시 시도하십시오.
55269,클라우드 아카이브가 중지되었습니다. 소유자가 활성화될 때까지 기다리십시오.
55270,리소스 다운로드 센터
55271,전체 오디오 패키지
55272,더 많은 음악 및 음향 효과 잠금 해제
55273,전체 효과 패키지
55274,더 많은 특수 효과 잠금 해제
55275,전체 모델 패키지
55276,더 많은 모델 잠금 해제
55277,기능 효과 패키지
55278,추가 기능 잠금 해제
55279,"이 콘텐츠의 잠금을 해제하려면 ""@1""를 다운로드해야 합니다."
55280,아니요
55281,네!
55282,어드벤처 튜토리얼
55283,시간:%s%s%s%s
55284,오늘의 한계:%s%s
55285,%s%s
55286,액티비티몰
55287,매일 공유
55288,자세한 %s(%s/%s)
55289,순위는 %s%s
55290,토너먼트 보상
55291,마지막 호
55292,다음 호
55293,%s
55294,경품 풀 미리보기
55295,작업 실패(1)
55296,네트워크가 불안정합니다. 나중에 다시 시도하십시오(2)
55297,데이터 구문 분석 실패(3)
55298,관련 정보가 존재하지 않습니다(4)
55299,데이터 예외(5)
55300,구성 예외(6)
55301,매개 변수 오류(7)
55302,이 이벤트는 해당 지역에서 아직 사용할 수 없습니다(8)
55303,활동이 열려 있지 않음(10001)
55304,제한 초과 횟수(10002)
55305,항목을 추가하지 못했습니다(10003)
55306,항목이 존재하지 않음(10004)
55307,항목이 존재하지 않음(10005)
55308,상을 받았다(-10006)
55309,구성 오류(10007)
55310,항목 부족(10008)
55311,항목 부족(10008)
55312,팀이 존재하지 않음(10010)
55313,이 이벤트는 해당 지역에서 아직 사용할 수 없습니다(10011)
55314,프롬프트를 따르십시오.
55315,아직 서버 룸이 없습니다. 아래 버튼을 클릭하여 하나를 만드십시오.
55316,다운로드하거나 만든 생존 및 생성 맵을 선택하여 서버 룸을 만들거나 기존 아카이브를 선택합니다.
55317,서버 만들기
55318,서버 이름
55319,서버 소개
55320,방에 있는 사람의 수
55321,4자리 또는 문자
55322,주님만이 초대할 수 있습니다
55323,아직 지도를 다운로드하거나 만들지 않았습니다. 다음을 수행할 수 있습니다.
55324,서버가 성공적으로 생성되었습니다.
55325,1. 온라인 로비 - 서버를 클릭하여 서버 룸을 관리합니다.
55326,서버 정보
55327,템플릿 교체
55328,서버 ID: @ 1
55329,만들어진 날짜: @ 1
55330,온라인 인원수 : @1
55331,상태: @ 1
55332,화이트리스트만 추가할 수 있습니다.
55333,친구만 가입 가능
55334,초대 권한
55335,주님만이 초대할 수 있습니다
55336,설정 저장
55337,플레이어 설정
55338,화이트리스트에 추가
55339,블랙리스트에 가입하세요
55340,목록 지우기
55341,슈퍼튜브(@ 1/5)
55342,관리(@ 1/5)
55343,마지막 업데이트:
55344,백업 보관
55345,더 많은 작업
55346,백업 수: @ 1/4
55347,상태 설정
55348,서버 스위치
55349,서버 유지 관리
55350,정상
55351,유지 관리
55352,클라우드 서비스 발표
55353,기간: @ 1
55354,@1일@2시간
55355,서버 생성 시간: @ 1
55356,@ 1년 @ 2월 @ 3일
55357,서버 맵을 바꾸려면 서버 아카이브 데이터 및 룸 설정을 재설정해야 합니다. 이후 재생을 위해 아카이브를 다운로드하는 것이 좋습니다.
55358,아카이브 다운로드
55359,직접 재설정
55360,내 게임
55361,더 많은 게임
55362,친구들과 놀기
55363,게임 시간
55364,마지막 게임
55365,당국 게임이 정착하고 있습니다. 기다려 주십시오.
55366,"서버 유지 관리, 게임에 들어가기 전에 서비스를 시작해야 합니다."
55367,서버가 다운되었습니다. 게임에 들어가기 전에 서비스를 시작해야 합니다.
55368,1. 온라인 로비에서 지도를 다운로드
55369,2. 지도를 만들어 업로드
55370,2. 객실에서 객실 정보를 클릭하여 객실 권한을 설정합니다.
55371,서버 생성 실패
55372,서버 생성에 실패했습니다. 현재 네트워크가 정상인지 확인하거나 다시 만들기를 클릭하여 다시 만들 수 있습니다.
55373,다시 만들기
55374,유지 관리 상태는 서버가 켜져 있을 때만 변경할 수 있습니다.
55375,서버 유지 보수는 현재 방에 있는 모든 플레이어를 쫓아냅니다(현재 플레이어 수는 @ 1). 작업을 확인하시겠습니까?
55376,서버가 유지 관리 중이며 일시적으로 액세스할 수 없습니다.
55377,서버가 다운되었습니다
55378,재료 효과 포장
55379,더 많은 텍스처 팩 잠금 해제
55380,현재 이 다운로드를 완료할 수 없습니다.
55381,기프트 박스 카드 추출기가 준비 중입니다. 조금만 참아주세요.
55382,마운트 카드 그리기 기계가 준비 중입니다. 조금만 참아주세요.
55383,네트워크 오류가 발생했습니다. 다운로드가 일시 중단되었습니다.
55384,패키지 크기: @1
55385,셀룰러 네트워크를 사용하면 추가 요금이 발생할 수 있습니다.
55386,나머지 크기: @1
55387,온라인 로비
55388,모든 다운로드가 일시 중단되었습니다.
55389,모험창조
55390,서버
55391,서버 이름을 개선하면 더 많은 플레이어가 참여할 수 있습니다.
55392,백업 시간:
55393,객실 액세스:
55394,입력할 암호
55395,서버 관리
55396,서버 상태: @ 1
55397,서버 수: @ 1
55398,템플릿 기간
55399,빨리 가입
55400,다운로드할 필요가 없습니다.
55401,@ 방 1개
55402,클라우드 아카이브가 차단되었으므로 활성화할 수 없습니다.
55403,항목이 부족합니다(-10005).
55404,"친구들과 함께 모험하고, 탐험하고, 꿈의 세계를 창조할 수 있는 미니월드에 오신 것을 환영합니다. 나와 함께 보러 와!"
55405,이 놀라운 모험에 들어가려면 [My Game]을 클릭하십시오!
55406,축하합니다! 당신만의 첫 세계를 가지세요.
55407,보세요! 이것이 당신이 방금 만든 세상입니다.
55408,더 많은 세계를 만들려면 여기를 클릭하십시오.
55409,"일시적으로 여기에 동행하세요, 만약 여러분이 재미가 부족하다고 느낀다면, 저는 홈페이지에서 여러분을 기다리고 있습니다, 함께 놀 파트너를 찾으세요!"
55410,[온라인 로비]가 열렸습니다.
55411,"여기, 여기! 모험가들이 여기에 모인다!"
55412,[온라인 로비]에서는 다른 모험가들과 함께 탐험하고 더 재미있는 게임 플레이를 경험할 수 있습니다. 먼저 체험해 보겠습니다!
55413,"어서, 다른 모험가들과 함께 가!"
55414,[내] 개봉
55415,여기 당신이 플레이한 지도가 있습니다. 아직 끝나지 않았다고 느끼면 가서 다른 게임을 하세요.
55416,여기서는 자신과 친구를 위한 독점적인 세상을 만들 수 있습니다.
55417,[워크샵] 오픈
55418,"[워크샵] 여러분은 다른 모험가들이 만든 많은 부티크 콘텐츠를 찾을 수 있고, 여러분이 좋아하는 콘텐츠를 다운받아 플레이할 수도 있습니다!"
55419,팁
55420,작업장 닫기
55421,[내 게임]을 입력하려면 클릭하십시오.
55422,[다운로드] 섹션 찾기
55423,저는 여러분이 세상을 창조하는 방법과 세상을 탐험하는 방법에 대한 여러분만의 생각을 가지고 있어야 한다고 믿습니다. 그리고 저는 항상 여러분과 동행하고 여러분을 위해 모든 문제를 해결하기 위해 여기 있을 것입니다. 자유롭게 탐험해 주세요~
55424,모험가의 성장 교육을 마친 것을 축하합니다!
55425,야! [워크샵]에서 다운로드한 지도는 여기에서 찾을 수 있습니다.
55426,건너뛰기
55427,스타터 가이드를 건너뛰시겠습니까?
55428,네!
55429,아니요
55430,"모험가님, 다시 오신 것을 환영합니다! 질문이 있으시면 저에게 물어보세요."
55431,"안녕하세요, 모험가님, 저는 당신의 질문에 답하기 위해 여기 왔습니다."
55432,[My Game] 관리 센터에 들어가면 새로운 모험을 시작하거나 완료되지 않은 모험 미션을 계속할 수 있습니다. 탐험을 위해 모시겠습니다!
55433,여기에서 상상력을 발휘하십시오! 원하는 대로 새로운 세상을 만드십시오.
55434,이 모험가는 이미 시도할 준비가 되었나요? 그럼 먼저 재미있게 놀아요!
55435,"미니 월드에 오신 것을 환영합니다! 여기에서는 다양한 게임 플레이를 자유롭게 탐색하고, 만들고, 경험할 수 있습니다. 준비됐나요, 제가 보여드릴게요!"
55436,이곳은 나만의 새로운 세상을 만들거나 오래된 모험을 계속할 수 있는 제 게임 관리 센터입니다. 먼저 탐험을 시작하겠습니다!
55437,"이 지도는 음악 지도이며, 최상의 경험을 위해 전체 오디오 패키지를 다운로드하는 것이 좋습니다."
55438,주간 상한선: %s/%s
55439,월별 한도: %s/%s
55440,출처 지도: @ 1
55441,결과를 찾을 수 없습니다
55442,분
55443,시간
55444,서버 룸을 만들기 전에 [My Game]에서 지도를 만들고 업로드하십시오.
55445,업로드된 생존 및 생성 맵을 선택하여 서버 룸을 만듭니다.
55446,작은 게임
55447,해당 객실 정보를 찾을 수 없습니다.
55448,아직 지도를 다운로드하지 않았습니다.
55449,방이 닫혔습니다
55450,게임 다운로드
55451,지도 출처:
55452,미스라
55453,[워크샵]을 클릭하면 더 많은 부티크 콘텐츠가 발견되기를 기다리고 있습니다!
55454,"여기 다른 친구들과 함께, 여러분의 첫 번째 작은 게임을 시작하세요!"
55455,다운로드를 취소하면 효과 패키지의 모든 다운로드 진행률이 손실됩니다. 정말 취소하시겠습니까?
55456,멋진 세상입니다!
55457,[내 게임]이 켜져 있습니다.
55458,샌드박스 세계를 탐험하고 게임 모드에서 살아남기 위해 최선을 다하십시오.
55459,풍부한 미니 게임을 보려면 [온라인 로비]를 먼저 클릭하십시오!
55460,아직 열리지 않았습니다. 먼저 열린 모듈을 살펴보십시오!
55461,댓글 수가 제한에 도달했습니다.
55462,"Cloud Archive는 24시간 온라인 서버 룸입니다. 집주인의 온라인 여부와 관계없이 플레이어가 가입할 수 있는 한 언제든지 가입할 수 있으며, 진행 상황은 다음에 저장됩니다. 구름."
55463,이벤트가 종료되었습니다.
55464,이벤트가 종료되었으며 보상을 청구할 수 없습니다.
55465,모든 보상이 잠금 해제되었습니다.
55466,모든 양의 미니 코인을 보충하여 얻을 수 있습니다.
55467,재충전
55468,청구되지 않은 미니 코인 재충전 보상이 있습니다.
55469,축하합니다! 청구해야 할 새로운 지출 보상이 있습니다!
55470,그것을 얻기 위해
55471,재충전하려면
55472,소비하려면
55473,현재 미니 번호가 이 장치에 바인딩되었습니다.
55474,이 작업을 시도하기 전에 암호를 설정하거나 타사 계정을 바인딩하십시오.
55475,이 장치에서 미니 번호의 바인딩을 해제하시겠습니까? 이 작업은 되돌릴 수 없는 작업입니다. 신중하게 선택하십시오!
55476,현재 미니 번호가 장치에서 바인딩되지 않았습니다.
55477,죄송합니다. 사용자 이름은 6자에서 16자 사이여야 합니다.
55478,축하합니다. 계정 등록이 성공했습니다.
55479,사용자 이름:
55480,암호:
55481,계정의 보안을 위해 이메일 주소를 계정에 바인딩하는 것이 좋습니다.
55482,지금 바인드
55483,사용자 이름 만들기
55484,비밀번호 확인
55485,계정 보안을 보호하려면 사용자 이름을 만들려면 현재 암호를 확인해야 합니다.
55486,"1. 각 미니 계정에는 사용자 이름을 등록할 수 있는 단 한 번의 기회가 있습니다. 등록에 성공한 후에는 등록할 수 없습니다. 수정. 
 2. 플레이어는 사용자 이름과 암호로 로그인하거나 팬을 계속 사용할 수 있습니다. 번호 및 암호, 바인딩된 전자 메일 주소 및 암호 등"
55487,3. 게임에 더 쉽게 로그인할 수 있는 미니 번호의 사용자 이름을 만듭니다.
55488,다음 보상부터 재충전해야 합니다.
55489,누적 재충전:
55490,이벤트가 다운로드 중입니다. 기다려 주십시오.
55491,또한 소비해야 합니다.
55492,누적 소비량:
55493,다음 보상까지 지출해야 합니다.
55494,나이를 먼저 입력해주세요~
55495,당신의 나이를 채워주세요.
55496,게임 콘텐츠를 더 잘 추천할 수 있도록 나이， 채워주세요.
55497,완료
55498,@1살
55499,나이
55500,
55501,"죄송합니다. 사용자 이름은 문자로 시작하며, 문자/숫자/밑줄 가능합니다."
55502,클라우드 아카이빙이 열려 있습니다.
55503,이제 클라우드 아카이브를 만들어 친구와 지도를 만들 수 ， 이것은 새로운 온라인 모드，가서 시도해 보세요。
55504,지도 ，를 선택하고 Cloud Archive 버튼을 클릭하여 생성을 시작합니다。
55505,클라우드 아카이브 초대
55506,"더 나은 게임 환경을 위해 이 맵을 클라우드 아카이브로 전환：
1. 이것은 클라우드 맵， 온라인 상태가 아닐 때 친구가 플레이하고 지도를 만들 수 있습니다。
2. 보다 안정적인 네트워크 연결 경험。"
55507,온라인 친구가 ， 게임을 하도록 초대합니다.
55508,@ 1이 클라우드 아카이브에 입력되었습니다.
55509,모든 초대장
55510,얻으려면 골드 패스를 활성화하세요
55511,기타 배타적 보상
55512,지금 사세요.
55513,구입하여 레벨 @1에 도달
55514,카드 즐기기
55515,디럭스 엔조이 카드
55516,다음 단계로 나아가려면 조금 더 많은 경험이 필요합니다! 작업 목록， 작업을 완료하고 경험 포인트를 얻으십시오!
55517,친구와 너무 멀리 떨어져 ， 인터넷 연결이 불안정하고，온라인에 접속할 수 없습니다.
55518,요구 사항 업데이트
55519,Mini World에 새로운 업데이트가 있습니다. (@1)
55520,Mini World에 새로운 업데이트가 있습니다. 업데이트 되었나요? (@1)
55521,아직.
55522,업데이트 실패
55523,오류가 발생했습니다. 네트워크를 확인하고 다시 업데이트하십시오.
55524,다시 시도
55525,압축 풀기 실패
55526,오류가 발생했습니다. 복구를 클릭하여 업데이트 패키지 무결성을 확인하십시오.
55527,사용자 이름/미니 번호/이메일을 입력하십시오.
55528,사용자 이름/미니/이메일
55529,클라우드 아카이브를 로컬로 다시 다운로드하고 기능을 사용할 수 없습니다.
55530,"죄송합니다. 네트워크 오류: (@1, @2)"
55531,"부족한 상환 소품, 더 많은 상환 소품을 얻기 위한 작업을 완료하십시오!"
55532,당신은 아직 이 보물 창고에서 아무것도 상환하지 않았습니다.
55533,클라우드 아카이브 현재 버전이 더 낮습니다. 동결 후 활성화 및 재시도하십시오.
55534,게임 버전이 너무 낮아서 클라우드 아카이브에 가입할 수 없습니다. 업데이트된 버전으로 이동하시겠습니까?
55535,Cloud Archive Master가 게임 버전을 업데이트하지 않았으며 입력할 수 없습니다.
55536,죄송합니다. 더 많은 미니 번호를 등록할 수 없습니다(@ 1)
55537,죄송합니다. 우편함이 다른 미니 번호로 바인딩되었습니다.
55538,클라우드 아카이브 버전이 업그레이드되었습니다. 동결 후 다시 활성화하십시오.
55539,죄송합니다. 현재 장치에서 로그인 시도가 너무 많아 로그인 기능이 비활성화되었습니다. 5분 후에 다시 시도하십시오
55540,현재 의상을 기본 의상으로 저장하시겠습니까?
55541,계속
55542,취소
55543,현재 빈 필드가 없습니다. @1을 사용하여 @1 장비 위치를 열어 현재 세트를 저장할 수 있습니다. 확인하십시오.
55544,힌트
55545,의상 변경?
55546,다음 번에는 더 이상 프롬프트 없음
55547,확인.
55548,취소
55549,미니 빈 구매
55550,"당신이 입고 있는 수트가 바뀔 텐데, 계속 하시겠습니까?"
55551,"현재 입고 있는 개성 있는 의상을 모두 벗을 예정인데, 계속 하시겠습니까?"
55552,다음 번에는 더 이상 프롬프트 없음
55553,확인.
55554,취소
55555,옷장
55556,미니 포인트 구매
55557,얻을 광고 보기
55558,미니 포인트가 부족합니다. 미니 포인트를 얻으려면 광고를 시청하십시오.
55559,이미
55560,현재 의상
55561,현재 의상 저장
55562,죄송합니다. 장치에 로그인이 비활성화되었습니다. 나중에 다시 시도하십시오.
55563,죄송합니다. IP 로그인이 비활성화되었습니다. 나중에 다시 시도하십시오.
55564,계정에 텍스트 암호가 설정되어 있지 않습니다.
55565,알 수 없는 오류: 오류 코드 @ 1
55566,광고 의상 삭제 후 구매하세요.
55567,광고로 얻은 맞춤 복장은 맞춤화 화면에서 얻음.
55568,클라우드 아카이브는 아직 백업 중입니다. 나중에 수행하십시오.
55569,현재 미니 번호는 다른 장치에 바인딩되었습니다.
55570,미니 번호의 보안을 보호하기 위해 현재 미니 번호의 암호를 확인하십시오.
55571,이 작업은 되돌릴 수 없는 작업입니다. 신중하게 결정하십시오.
55572,착용
55573,얻을 광고 보기
55574,바인딩 정보
55575,홈 입구가 여기로 옮겨졌습니다.
55576,죄송합니다. 우편함이 일관성이 없습니다(@1)
55577,죄송합니다. 체크 코드를 받지 못했습니다(@1)
55578,확인 코드가 만료되었습니다(@1)
55579,죄송합니다. 비정상적인 오류가 발생했습니다(@1)
55580,시즌이 시작되지 않음
55581,계정을 전환한 후 로그인 인터페이스로 돌아갑니다. 이 작업을 계속하시겠습니까?
55582,당신은 현재 미니 스타 드레스 업 스킨을 사용하고 있습니다. 미니 스타 드레스 업 필드에서 드레스를 변경하십시오.
55583,설정되지 않음
55584,현재 미니 스타를 사용하여 피부를 꾸미고 있으며 당분간 사용자 지정 표현이 지원되지 않습니다.
55585,소셜 홀 음성 채널에 가입했습니다.
55586,팀 음성 채널로 전환했습니다.
55587,소셜 홀 음성 채널로 전환했습니다.
55588,팀 음성 채널과 로비 음성 채널 사이를 전환하려면 이 버튼을 클릭하십시오.
55589,온라인 친구
55590,현재 온라인에는 친구가 없습니다.
55591,새로운 친구를 만나러 가십시오.
55592,현재 로비 정보 보기
55593,아직 아무도 말하지 않았습니다.
55594,팀으로 돌아가 게임을 시작하려면 여기를 클릭하십시오.
55595,팀 플레이에 오신 것을 환영합니다
55596,계속하려면 아무 곳이나 클릭
55597,여기에 새로운 영역이 열립니다.
55598,뉴스 센터
55599,공식 메일
55600,친구 이메일
55601,클릭 한 번 읽기
55602,읽기 삭제
55603,아직 뉴스 알림이 없습니다.
55604,새 이메일 없음
55605,@ 1일 전
55606,@ 1분 전
55607,@ 1시간 전
55608,보려면 클릭
55609,메시지 삭제
55610,나를 언급
55611,내 지도처럼
55612,내 지도에 댓글 달기
55613,저자가 내 댓글에서 1위를 차지했습니다.
55614,새 영역이 잠금 해제되었습니다.
55615,새 기능이 잠금 해제됩니다.
55616,메시지 설정
55617,푸시 알림 수락
55618,빨간 점 프롬프트
55619,수집
55620,수집됨: %s/%s(복제 퍼즐: %s)
55621,보상 진행
55622,직소를 모으세요
55623,영구 아바타 획득
55624,활성 시간: %s-%s
55625,보상을 받기 위해 모든 퍼즐을 수집하십시오.
55626,"1. 이벤트 중에 해당 임무를 완료하여 활동 페이지에서 퍼즐 조각을 얻으세요.\n
2. 퍼즐 조각은 무작위로 떨어지며 중복될 수 있습니다.\n
3. 중복되지 않은 조각을 충분히 모아 영구적인 아바타 보상을 받으세요.\n"
55627,매칭
55628,"성냥 발견, 준비 완료"
55629,제한된 시간 동안 게임에 참여하고 1등을 차지하기 위해 경쟁하세요. 나만의 보상과 명예를 얻으세요.
55630,"옷가게에 오신 것을 환영합니다, 저는 아만다입니다. 모든 옷을 입어보실 수 있으며, 원하시면 장바구니 버튼을 클릭하여 구매하실 수 있습니다. 아름다움을 즐기시길 바랍니다!"
55631,"크리에이션 비치에 오신 것을 환영합니다 부드러운 모래가 여러분의 무한한 창의력을 자극하길 바랍니다! 피곤하면 라운지 의자에 앉아 쉬고, 배가 고프면 그릴에 가서 식사를 할 수 있습니다."
55632,바비큐 드실래요? 물고기를 잡으면 고기 한 조각을 얻을 수 있습니다.
55633,여기 생선입니다.
55634,한 마리 잡기
55635,여기 고기입니다. 캠프파이어가 보이시나요? 고기를 올려놓고 구워 드세요!
55636,"좋아, 젊은이, 내가 여기 있네."
55637,와서 노래하거나 피아노를 연주하는 것도 좋은 평가를 받을 것입니다.
55638,신비한 변신 물약을 다른 플레이어에게 던지면 플레이어가 커지거나 작아지거나 체리나 닭으로 변하는 등 재미있는 일이 일어날 수 있습니다.
55639,따뜻한 물약을 다른 플레이어에게 던지면 상대방이 당신의 애정 신호를 받게 됩니다.
55640,따뜻한 물약을 다른 플레이어에게 던지면 상대방이 당신의 애정 신호를 받게 됩니다.
55641,지뢰(플레이어가 빠르게 설치할 수 있음)를 밟으면 일정 거리가 폭파됩니다.
55642,다른 플레이어에게 던지면 상대방이 잠시 떠다니게 됩니다.
55643,다른 플레이어에게 던져지면 해당 플레이어의 이동 속도가 5초 감소합니다(연속 적중 시 중첩되지 않음).
55644,아직 영업하지 않으니 다른 곳으로 가주세요. 다음에 뵙겠습니다!
55645,콘테스트 버튼을 클릭하면 바로 파티게임 게임에 참여할 수 있습니다. 획득한 포인트는 경품 추첨에 사용할 수 있습니다.
55646,여기에 그려
55647,여기에서 랭킹을 확인할 수 있습니다.
55648,기프트 스토어에 오신 것을 환영합니다!
55649,자연 큐브
55650,나무 큐브
55651,돌 큐브
55652,컬러풀 큐브
55653,조명 큐브
55654,가구
55655,유리 큐브/기타
55656,도구
55657,점수
55658,뒤로
55659,게임 시작
55660,승자
55661,예
55662,아니요
55663,변형 물약
55664,하트 포션
55665,큰 폭죽
55666,지뢰
55667,버블 볼
55668,눈덩이
55669,마지막 복원이 진행 중입니다. 잠시만 기다려 주세요.
55670,팀 목록
55671,클릭하여 파티 구역 전환
55672,클릭하여 플레이어에게 팀 초대 보내기
55673,클라우드 아카이브 백업 또는 복원이 진행 중입니다. 나중에 다른 작업을 시도하세요.
55674,미스터리 샵
55675,왼쪽 @1 끝
55676,일
55677,시간
55678,분
55679,1분도 채 남지 않음
55680,다시 그리기
55681,사용 완료
55682,확인
55683,#ce7494d@1#n을 #ce7494d@2#n에 사용하기로 확인하셨나요?
55684,#ce7494d 이 그룹에서 스킨을 구매하면 다른 그룹에서 스킨을 구매할 수 없습니다.#n
55685,다시 보기
55686,그룹이 잠겼습니다. 이 그룹에서 다른 스킨을 계속 구매할 수 있습니다.
55687,아직 개봉하지 않은 미스터리 박스가 있습니다.
55688,한도 도달
55689,기능 사용 불가
55690,행운을 뽐내세요~
55691,파티 구역 진입 실패 (@1)
55692,올바른 구역을 찾지 못함 (@1)
55693,파티 구역 진입 실패 (@1)
55694,모두 열기
55695,방 번호:
55696,숫자:
55697,이름:
55698,버전:
55699,사용자 동의서
55700,#L#cfa7a0f 사용자 동의합니다#n.
55701,#L#cfa7a0f 내용 게시 지침#n.
55702,방 버전: #cEE5012@1#
55703,방 버전: #c268F2E@1#
55704,"게시 실패, 반복 금지."
55705,"클라우드 백업이 시작되었습니다. 이 과정은 어느 정도의 시간이 걸릴 것이며, 백업 중에는 다른 클라우드 작업에 응답하지 않습니다."
55706,"클라우드 백업 복구가 시작되었습니다. 이 과정은 어느 정도의 시간이 걸릴 수 있으며, 복구 중에는 해당 클라우드 백업의 다른 작업에 응답하지 않을 수 있습니다."
55707,초대 시간.
55708,팀 규모.
55709,오늘 광고 횟수 제한. 내일 다시 시도하세요.
55710,내용이 너무 짧습니다. 편집 후 재게시 해주세요.
55711,광고를 보고 카드 경험 얻기.
55712,시즌 한 번 구매
55713,고급 카드
55714,고급 카드 + 업그레이드 패키지
55715,특정 등급 달성시 보상 해제
55716,지금 얻기
55717,업그레이드
55718,적절한 단어를 사용하여 별명을 설정하세요. 수정하려면 확인을 클릭하세요.
55719,컬러 필터
55720,계속 참여
55721,이미 대상상의 모든 항목을 획득하셨습니다. 활동에 계속 참여하면 기본 보상만 받을 수 있습니다. 계속 참여하시겠습니까?
55722,계속해서 제련하다
55723,상자 보상을 받고 현재 제작 라운드를 종료하시겠습니까?
55724,"마법 대장간 보상에는 탈것 - [뽀글이 생물], 의상 [그란니], 무기 [박쥐 낫] 등이 포함되어 있습니다. 탈것, 의상, 무기 등의 대상은 한 번만 획득할 수 있으며 다시 얻을 수 없습니다."
55725,보상을 선택하세요
55726,@1별 보상
55727,보장 보상
55728,제작 중...
55729,별급 중...
55730,"실패, 단조 완료"
55731,별과 보호
55732,동적 보기 권한
55733,부활 행동
55734,입장 동작
55735,자다
55736,지도에서 조명은 시간과 환경에 따라 변합니다.
55737,지도를 열려면 오른쪽 상단 모서리의 인터페이스를 클릭하세요
55738,지도 왼쪽 하단에서 조명 및 정보 확인 가능.
55739,"안녕하세요, 우리는 친구가 되었습니다. 채팅을 시작할 수 있습니다."
55740,"우리는 이미 친구입니다, 채팅을 시작합시다"
55741,친구가 되셨다면 저와 함께 나눌 수 있는 재미있는 장소가 있습니다~
55742,확장을 위해서는 홈 레벨에 도달해야 합니다.
55743,수량 받기:
55744,공식 템플릿으로 저장되었습니다. 템플릿 인터페이스에서 확인하십시오.
55745,템플릿이 성공적으로 저장되었습니다. 템플릿 인터페이스에서 확인하십시오.
55746,댓글 영역
55747,봐! 내 새로운 업적 메달이야!
55748,카리스마 탑 100 플레이어
55749,Charm Points Top @ 1 플레이어
55750,Charm Rank80%플레이어
55751,카리스마 포인트를 가진 선수 @1
55752,현재 수준
55753,다음 단계로: @ 1 카리스마
55754,현재 카리스마 가치 구성:
55755,피부 매력 가치:
55756,맞춤형 부품의 매력 가치:
55757,카리스마 산:
55758,무기 카리스마:
55759,친구 수 카리스마 값:
55760,팬 수 카리스마 값(10%):
55761,인기 카리스마(5%):
55762,카드 보너스 매력 가치 즐기기:
55763,받을 선물:
55764,기타 인수:
55765,소유는 매력을 @1까지 증가시킬 수 있습니다.
55766,매력 가치 + @ 1
55767,매력 가치 상승!
55768,이번에 획득:
55769,현재 총 매력:
55770,현재 카리스마 레벨:
55771,@1 다음 레벨에 도달하기 위해 필요한 매력 포인트
55772,버전 불일치. \n초대 불가.
55773,놀았어
55774,방은 오프라인 상태입니다
55775,뜨거운
55776,베스트셀러
55777,이름 입력
55778,@1일 후에 만료됩니다
55779,"이메일 만료, 수령불가."
55780,추천
55781,캘린더
55782,매일
55783,종료됨
55784,곧
55785,가입하다
55786,예비
55787,배틀 패스의 유효기간이 만료되었습니다
55788,업데이트 해주세요
55789,지도를 성공적으로 게시하여 축하합니다! 이제 당신은 수습 창작자입니다. [창작자 센터]에서 창작에 대해 더 배우고 미니월드의 즐거움을 누려보세요. （일반 크리에이터가 되는 방법은 공식 메일을 확인해주세요.）
55790,이벤트 센터
55791,계정 보호 상태. 해제하려면 고객 서비스에 문의.
55792,방 정보 검색
55793,로그인 상태 비정상입니다. 다시 시도하세요.
55794,Mimi에게 마이크 사용 권한을 부여하시겠습니까?
55795,"친애하는 플레이어, Mimi는 현재 광고 시청을 지원하지 않습니다!"
55796,"현재 로컬 백업을 생성 중이며, 완료되면 게임에 진입합니다"
55797,자동 백업
55798,"죄송합니다, 팔로우 한도에 도달했습니다."
55799,버디가 오프라인 상태이며 추적할 수 없습니다.
55800,친구 목록 업데이트
55801,버디가 게임에서 나가서 추적할 수 없습니다.
60000,@Null@
60001,스튜디오 머리
60002,매니저
60003,회원
60004,"귀하의 신청서가 발송되었습니다, 메일 알림에주의하십시오."
60005,스튜디오에 성공적으로 가입했습니다!
60006,스튜디오가 가득 찼습니다. 다른 스튜디오를 확인합시다.
60007,당신은 이미 스튜디오에 가입했습니다. 다른 스튜디오에 가입 할 수 없습니다.
60008,거부가 성공합니다
60009,회원이 성공적으로 퇴원했습니다
60010,인출 응용 프로그램이 성공적으로 취소되었습니다
60011,스튜디오 정보가 제출되었습니다. 리뷰를 기다리십시오.
60012,Studio 정보를 수정하지 못했습니다
60013,초대장은 Studio 멤버가 성공적으로 보냈습니다
60014,Studio 멤버가 초대장을 보내지 못했습니다
60015,사진관
60016,가입에 적용됩니다
60017,회원 관리
60018,스튜디오 설정
60019,스튜디오를 떠난다
60020,탈퇴 신청 취소
60021,작품 목록
60022,회원 목록
60023,스튜디오 머리
60024,남은 철수 시간 : @1day @2hours.
60025,승인 된 것
60026,거부당한 것
60027,조작
60028,데이터를 확인하십시오
60029,동의하다
60030,받지 않다
60031,응용 프로그램보기
60032,원 클릭 지우기
60033,목록은 비어 있습니다
60034,가입에 적용됩니다
60035,철수에 적용하십시오
60036,UID를 초대하십시오
60037,초청장
60038,초대 된 플레이어의 UID를 기입하십시오
60039,콘텐츠를 입력하지 않으면 스튜디오의 도입이 표시됩니다 (불법 콘텐츠를 게시하지 않고 유인 정보 및 소셜 소프트웨어 관련 정보의 확산 금지)
60040,플레이어가 다른 스튜디오에 가입했으며 초대받을 수 없습니다.
60041,플레이어 계정이 비정상적이며 초대받지 못합니다
60042,플레이어는 이미 스튜디오의 구성원입니다
60043,UID 오류
60044,스튜디오 멤버 초대장
60045,초대장을 확인하십시오
60046,UID는 비어있을 수 없습니다
60047,창조주의 UID.
60048,플레이어를 초대하십시오
60049,스튜디오 정보
60050,스튜디오 소개
60051,응용 프로그램이 가입하도록 허용합니다
60052,백그라운드 검토가 전달 된 후 수정이 적용됩니다.
60053,스튜디오 설정
60054,변경 사항 확인
60055,스튜디오 이름을 입력하십시오
60056,스튜디오 이름은 비어있을 수 없습니다!
60057,스튜디오 프로필
60058,스튜디오 발표
60059,클릭하여 불법적 인 콘텐츠를 게시하지 않고 유인물 정보 및 소셜 소프트웨어의 보급 금지)
60060,스튜디오에 가입하는 것을 확인하십시오
60061,스튜디오를 떠난다
60062,회원 삭제
60063,삭제 확인
60064,@1studio에 가입 하시려면 다음 조건에 대해 알고 동의하십시오.
60065,1. 스튜디오에 가입 한 후 업로드하는 작업은 스튜디오에 바인딩됩니다.
60066,2. 스튜디오를 종료 한 후에는 스튜디오에서의 체류 중에 생성 된 작품은 여전히 ​​스튜디오와의 바인딩 관계를 유지합니다.
60067,"3. ""미니 월드 스튜디오 운영 규정""을 읽고 운영 규정에 의해 준수하고 동의하는지 확인하십시오."
60068,@1studio @2days에 가입했습니다. 스튜디오를 떠나고 싶습니까?
60069,확인을 클릭하면 7 일 이내에 인출 응용 프로그램을 취소 할 수 있습니다.
60070,이번 달 남은 시간 :
60071,@1을 삭제할 수 있습니다 @1 (uid @2)
60072,스튜디오에 가입하는 데 적용됩니다
60073,신청 이유
60074,읽고 동의하십시오
60075,조건을 읽으십시오
60076,이유를 입력하십시오
60077,아바타를 얻지 못했습니다!
60078,아바타 선택이 실패했습니다!
60079,전망
60080,모든 스튜디오
60081,지금 만들어라
60082,검색 스튜디오
60083,스튜디오를 검색하지 못했습니다
60084,이미 바닥에! 더 이상 콘텐츠가 없습니다
60085,데이터가 없으므로 나중에 스튜디오를 새로 고침하거나 만들어주십시오.
60086,스튜디오 생성
60087,스튜디오 아바타
60088,스튜디오 이름
60089,스튜디오 설명
60090,연락처 세부 정보
60091,지원서 제출
60092,아바타가 선정되지 않았습니다
60093,귀하의 신청서가 성공적으로 제출되었으며 메일 알림에주의하십시오.
60094,알수없는 오류
60095,완전하게 작성하고 제출하십시오
60096,아바타를 선택하십시오
60097,미니 월드 스튜디오 운영 규정에 읽고 동의하십시오.
60098,신청 확인서 제출
60099,응용 프로그램을 확인하십시오
60100,스튜디오 ID 또는 스튜디오 이름을 입력합니다
60101,결과가 없습니다. 시작하기 전에 확인하십시오
60102,#인증 된 스튜디오가되는 것은 무엇입니까 >> #n.
60103,스튜디오의 이름을 입력하십시오. 8 자 이하
60104,당신의 스튜디오를 간단히 소개하므로 다른 친구들이 당신을 더 빨리 알게 될 수 있습니다 ~
60105,QQ 번호 또는 휴대 전화 번호와 같은 연락처 정보를 입력하십시오.
60106,그런 다음 스튜디오를 성공적으로 남겨 두십시오
60107,스튜디오의 초대장을 수락했습니다
60108,당신은 스튜디오의 초대장을 거부했습니다
60109,만료되었습니다
60110,"1. 신청서를 제출함으로써 귀하는 ""미니 월드 스튜디오 운영 규정""#r2에 동의하고 준수하는 것으로 간주됩니다. 운영 직원은 3 일 이내에 신청서를 검토합니다. 이메일 알림에주의하십시오. 더 많은 스튜디오 관리를 위해서는 콘텐츠 서비스 플랫폼 #r3로 이동하십시오. 스튜디오를 만든 후에는 다른 사람들의 스튜디오를 해산하거나 가입 할 수 없을 것입니다. #r4를 작동하기 전에 확인하십시오. 자세한 내용은 개발자 커뮤니티로 이동하십시오."
60111,스튜디오를 떠난 후 24 시간 이내에 다른 스튜디오에 가입 할 수 없을 것입니다.
60112,예 : 게임 플레이에 초점을 맞추고 함께 즐겁게 해주고 있습니다!#r 콘텐츠를 입력하지 않으면 스튜디오의 도입이 표시됩니다 (불법 콘텐츠를 게시하지 않고 유인 정보의 확산을 금지하고 소셜 소프트웨어 관련 정보)
60113,계약원 회원 일시적으로 출구를 신청할 수 없으므로 방 소유자에게 문의하십시오.
60114,당신은 스튜디오에서 쫓겨났습니다
60115,크리에이터 서비스 플랫폼 >>
60116,지도 정보를 업로드하지 못했습니다. 다시 업로드 하시겠습니까?
60117,묻다
60118,결과를 찾을 수 없습니다.
60119,다른 키워드 시도
60120,정말 스튜디오를 그만두시겠습니까?
60121,확인을 클릭하여 종료하면 #cFF723A 7일 동안 다른 스튜디오에 참여할 수 없습니다
60122,내 스튜디오
60123,스튜디오에 합류했습니다
60124,Studio 등록 취소
60125,"1. 스튜디오를 취소하면 스튜디오에서 풀리고 스튜디오 기간 동안 제작 된 모든 작품은 본인의 소유입니다. 2. 스튜디오 취소 후 30일 동안 스튜디오를 만들 수 없습니다. 3. 스튜디오 취소 후 스튜디오의 모든 정보가 삭제됩니다. 4. 취소 신청은 3일 이내에 취소할 수 있으며, 3일 이내에 취소하지 않으면 스튜디오를 성공적으로 취소하게 됩니다. 5. ""미니 월드 스튜디오 운영 사양""을 읽고 운영 사양을 준수하는 데 동의하는 것으로 간주하여 취소를 확인하십시오."
60126,동의해요
60127,취소 신청의 철회
60128,#c3D4546可撤销时间剩余: #cEF2D2D@1일 @ 2시간
60129,취소 신청 확인 @1 스튜디오 신청?
60130,#c3D4546注销申请可撤销时间剩余: #cEF2D2D@1일 @ 2시간
60131,"""미니 월드 스튜디오 운영 사양"""
60132,스튜디오 등록 취소를 신청하는 경우 다음 사항을 알고 동의하는지 확인하십시오.
60133,@1 스튜디오 응용 프로그램의 해지를 확인하시겠습니까?
60134,초대 정보를 입력해 주세요
60135,이 사람은 이미 스튜디오에 있으므로 반복적으로 초대하지 마십시오.
70000,봄 꽃 시즌
70001,후 #c0ABA1D@1 일 #n
70002,S1 이벤트가 시작 해요! 호화 선물이 받아보세요
70003,레벨을 구입
70004,업그레이드
70005,보너스
70006,작업
70007,행운 멍에
70008,결산
70009,받는
70010,#c0AAA1A@1 급 #n을 삽니다. #cFA7A0F @2 #n 미니코인을 지불 할 필요
70011,구입 한
70012,#cfa7a0f@1#n @2를 지불해야합니다
70013,@1을 샀습니다
70014,결산은 후 : #cFFEE92@1 일 #n
70015,"1. 과제를 완료하여 관련 포인트를 획득하세요. 시즌 패스 과제는 매주 새로고침되며, 시즌 과제는 각 시즌에 한 번만 완료할 수 있습니다.
2. 획득한 300포인트마다 레벨을 올리고 각 레벨에 대한 보상을 잠금 해제하세요.
3. 패스 카드를 구매하여 독점 보상을 받으세요.
4. 미수령 보상은 3개월간 보관 후 삭제됩니다.
5. 패스 카드가 최고 레벨에 도달하면 잉여 점수를 추첨에 사용하여 더 희귀한 보상을 얻을 수 있습니다.
6. 레벨을 구매하여 업그레이드할 수 있습니다. 그리고 소모된 미니코인은 환불이 되지 않습니다.
7. 이벤트 기간: @1-@2, 최선을 다해 과제를 완료하고 최종 상품을 받으세요!
8. 이벤트에 대한 해석권은 미니월드 관계자에게 있습니다."
70016,가다
70017,아래로 냉각
70018,다음 작업 : @1일분
70019,회 @1완료
70020,새로운 시즌이 시작되지 않은
70021,지우기 및 청구
70022,점수는 청소 후 재설정됩니다. 미 청구 시상식은 팩에 전송됩니다.
70023,첫 만남
70024,웃음
70025,내 도메인
70026,연락 방법
70027,멋진
70028,같이 놀다
70029,정원사
70030,광고 왕
70031,우주 창조주
70032,끝없는 기쁨
70033,수집기
70034,고객
70035,조사자
70036,연대
70037,니니는 우리의 여왕이다!
70038,목재 타이쿤
70039,보여
70040,로그인 @1/1
70041,룸 @1/1에 가입하십시오
70042,룸 @1/1을 만듭니다
70043,실제 이름 확인
70044,전화 번호 확인
70045,확인 이메일
70046,물 친구의 정원 @1/1
70047,시계 광고 @1/1
70048,30 분 동안 창조 게임을 @1/1
70049,싸움 맵을 플레이 우승 @1/1
70050,을 즐겨 찾기에지도 @1/1
70051,지도를 기부 @1/1
70052,확인 배지 @1/1
70053,친구 추가 @1/1
70054,니니 사용은 게임을하기 @1/1
70055,가져 오기 @나무의 40분의 1 개
70056,상태를 게시 @1/1
70057,구입
70058,#cFFDA0A@1 Lv@2-->#n#c5AEA0ALv@3#n
70059,"축하합니다, 당신은 무료로 상을 수상했습니다 #cff871b@1#n"
70060,축하합니다! 당신이 패스 카드 (실버) 상을 수상했습니다 #cff871b@1#n
70061,축하합니다! 당신이 패스 카드 (골드) 상을 수상했습니다 #cff871b@1#n
70062,시즌
70063,시즌 상세
70064,작업 상세 정보
70065,그리기 루시
70066,맑은
70067,"1. 2000 작업 점수 매주 얻을 수 있습니다.
2. 작업을 수행 한 후 점수를 얻을 수 있습니다.
패스 카드는 가장 높은 수준에 도달 3. 전에 점수 만 업그레이드 할 수 있습니다. 이 최고 수준에 도달 한 후에는 추첨에 참여 잉여 점수를 사용할 수 있습니다.
언제 마무리 4. 매일 작업은 냉각됩니다. 그리고 다음날 새로 고쳐집니다."
70068,"패스 카드는 가장 높은 수준에 도달 할 때 1. 당신은 추첨에 참여 잉여 점수를 사용할 수 있습니다
2. 시즌 종료 후, 사용되지 않은 점수는 삭제됩니다."
70069,"1. 제거한 후 사용되지 않는 점수가 재설정됩니다.
2. 청소 후, 미 청구상은 게임 내 우편을 통해 발송됩니다. 확실히 그것을위한 공간이 확인하십시오
미 청구 상을 확인하기 위해 클릭합니다"
70070,당신의 점수는 상한 금주의 @1/@2에 도달했습니다. 계속 시도!
70071,당신의 점수는 상한 @이달 @1/@2에 도달했습니다. 계속 시도!
70072,"친애하는 미니 모험가 : 시즌이 종료하면, 수상이 당신에 발행 된 @1 구입 한 지난 시즌, 당신은 활동에 계속 참여에 오신 것을 환영합니다, 오선택하는기억, 대상을 수상"
70073,현재 통합이 부족 추첨
70074,"버전 번호는 게임의 너무 낮은, 업그레이드 버전입니다"
70075,"성공적인 정착, 사서함에 전송 된"
70076,완전한
70077,펌프 @1
70078,탈리 보물 상자
70079,전투 패스 작업
70080,시즌 작업
70101,정글 킬러
70102,제사 수확자
70103,대탐험가
70104,과수재배자
70105,놀러가기
70106,벌레잡기 달인
70107,우리 친구하자
70108,봐! 뽑기
70109,사랑의 선물
70110,우정의 힘
70111,수확 시즌
70199,행운의 변경
70201,연속 케찰코아틀 x 1
70202,패배 열대 우림 샤먼 x 2
70203,애완 동물 모험 x 1
70204,"가정에서 ""과일 나무""식물 x 1"
70205,보기 다른 플레이어의 홈 x 1
70206,도움말 다른 정원 해충 x 1을 제거
70207,다른 플레이어의 프로필 x 1
70208,x 1 그리기 가샤폰
70209,선물 피부 x 1
70210,선물 사용자 정의 DIY x 1
70211,골드 과일 x 1 그리기
70299,@Null@
70301,quetzalcoatl #r@/ 1 번 죽이십시오
70302,애완 동물 어드벤처 @1/10 번
70303,@1/10 경기와 싸우는 모드 게임
70304,지도 #r@1/10 배에 블록을 배치하십시오.
70305,작은 과일 @1/10 번 그리십시오
70306,목록
70307,순위
70308,별명
70309,댄
70310,경험치
70311,친구 순위표
70312,오늘의 체험 목록
70313,다음 새로 고침까지 아직 시간이 있습니다: [color=#FFEB97]%s minutes[/color]
70314,"이월 경험은 이전 주에 완료되지 않은 작업의 경험 이월로, 최대 4400개의 경험입니다."
70315,(이월 경험 @1)
70316,픽업으로 이동
70317,친구의 순위 보기
70318,전체 서버 순위를 확인하세요
70319,이번 주 경험치가 한계에 도달했습니다.
70320,현재 친구 순위
70321,다음 보상이 보류 중입니다.
70322,현재 전체 서버 순위
70323,@1st 장소
70324,지도를 경험하거나 다양한 모험을 떠나 보상 카드의 레벨을 높이세요. 레벨이 높을수록 더 많은 보상을 받을 수 있습니다~
70399,@Null@
70400,#cFFF000688#cFFFFFF 메타 보상 가치 잠금 해제
70401,업그레이드 후 사용
70402,지금 사용
70403,영구 드레스 업 ·  니프로
70404,아바타 프레임 ·  의례 무도회
70405,커스텀 드레스 업 ·  행운의 개구리
70406,커스텀 드레스 업 ·  와일드 홀리데이즈
70407,$ 18.
70408,$ 68.
70409,$ 118.
70410,6
70411,할인
70412,즉시 업그레이드 :
70413,40
70414,$ 50.
70415,구매 시즌 프로모션을 한 번
70416,업그레이드
70417,구매 시즌 패스와
70418,수준 @1로 업그레이드하십시오
70419,모두 사용
70420,무료!
70421,남은 시간 : @1.
70422,도전
70423,이번 주에 시간이 남았습니다 : @1.
70424,즉시 레벨 40으로 업그레이드하십시오
70425,구매 후 즉시 다음 보상을받을 수 있습니다.
70426,제한된
70427,오늘의 승진
70428,시즌 프로모션
70429,이동
70430,작업 잠금 해제 시간 :
70431,업그레이드
70432,시즌 패스를 구매하여 가치 있는 보상을 받으세요
70433,@Null@
70434,보상으로 가십시오
70435,경험치
70436,일
70437,시간
70438,분
70439,두번째
70440,Exchange이 제품은 현재의 시즌을위한 계절 패스를 구입해야합니다.
70441,오늘의 교류가 상한선에 도달하면 내일 돌아와주세요.
70442,이번 시즌 교환의 수가 상한에 도달 했으므로 다음 시즌에 다시와주세요.
70443,"부족한 점, 구속 실패"
70444,새 시즌이 시작되었으므로 다시 입력하십시오.
70445,@1 포인트를 교환합니다
70446,"【미션 소개】1. 과제는 주간 미션과 시즌 챌린지 미션으로 나뉘며, 과제를 완료하여 경험치를 획득하고, 조이 카드 레벨을 올리고, 해당 소품 보상을 받을 수 있습니다. 2. 주간 작업은 반복적으로 완료 할 수 있으며 완료 후 경험이 자동으로 발행됩니다. 3. 주간 과제는 경험치 획득에 상한선이 있으며, 해당 주의 경험치가 상한선에 도달하지 않으면 남은 경험치가 다음 주 상한선으로 이월됩니다(상한선은 최대 8000). 4. 시즌 챌린지 과제는 반복 완료가 불가능하며, 완료 후 수동으로 경험치를 수집해야 합니다.   【리워드 정보】1.  시즌이 끝나면 리워드 카드 레벨과 리워드가 초기화되며, 리워드는 제때 수령할 수 있으며, 만료 후에는 보상을 받을 수 없습니다. 2. 리워드 포인트는 교환 상점에서 아이템으로 교환할 수 있습니다. 시즌이 종료되면 리워드 포인트는 소산되지 않으며 다음 시즌까지 적립될 수 있습니다.   【특전 카드 구입에 대해서& 레벨】1. 특전 카드를 구매하면 더 많은 보상을 잠금 해제할 수 있으며, 체험 연료 팩을 구매하면 레벨 40으로 바로 업그레이드할 수 있습니다. 2. 프리빌리지 카드의 전체 레벨은 레벨 300이며, 전체 레벨에 도달한 후에는 경험치 획득 또는 구매 경험치를 얻을 수 없습니다.   【순위표에 대하여】1. 친구 랭킹은 리워드 카드의 레벨에 따라 순위가 매겨지며, 레벨이 같을 경우 누적 경험치에 따라 순위가 매겨집니다. 2. 오늘의 체험 목록은 당일 모든 플레이어가 획득한 플레저 카드의 체험치에 따라 순위가 매겨집니다. 3. 리더보드를 쿼리하는 플레이어가 너무 많으면 리더보드 데이터를 새로 고치는 데 일정 지연이 발생하며 나중에 볼 수 있습니다."
70447,"구속 된 성공, @1 경험을 획득했습니다"
70448,만
70449,더 많은 경험을 얻으십시오
70450,50 경험을 얻으려면 광고를보십시오
70451,잔인 거절
70452,지금보기
70453,이 로그인은 더 이상 프롬프트되지 않습니다
70454,#c31F474 소유 #n.
70455,시스템 유지 보수
70456,작업이 실패한 경우 시스템의 시간 설정을 확인하십시오. 여전히 해결되지 않으면 고객 서비스에 문의하십시오.
70457,서비스를 성공적으로 활성화했습니다. 구매를 반복하지 마십시오.
70458,영구 드레스 업 ·  발레나
70459,아바타 프레임 ·  자연스러운 리듬
70460,커스텀 드레스 업 ·  새하얀 플라워 노트
70461,"독점 페인팅 ·  순종적이고, 예의 바르고, 분별력 있는"
70462,특전 카드는 [color=#F9FFAD]@1[/color]로 업그레이드할 수 있습니다!
70463,"이번 시즌의 리워드 카드 레벨이 최대 레벨에 도달했으니, 다음 시즌에 다시 시도해 주세요."
70464,"새 시즌이 시작되었습니다, 클라이언트 버전을 업데이트하고 다시 시도하세요"
70465,레벨이 상한선에 도달했습니다.
70501,@1의 성공적인 시즌 패스 경험을 사용하십시오.
70502,오 와우 ~ 수집 할 보상이 있습니다
70503,더 많은 보상을 얻으려면 완료된 작업을 완료하십시오
70504,이제 작업을 완료하십시오
70505,보상
70506,계속하려면 클릭하십시오. >>
70551,보너스 금액은 탑 업 금액으로 계산되지 않습니다
70552,이미 탑 업 : #cFFD71C@1#n/@2 미니 동전
70553,독점적 인 보상
70554,"TopUp 모든 금액, 독점적 인 영구적 인 피부를 얻으십시오"
70555,"누적 된 topup @1/@2 mini 동전의 양, 독점적 인 맞춤 설정"
70556,선물
70557,지금 탑 업
70558,수집하다
70559,맞춤 설정
70560,"컬렉션 성공, 보상이받은 편지함으로 보내지고, 지연 예상, 즉시 확인하고 확인하십시오"
70561,소원 상인
70562,다음 새로 고침 시간
70563,@1 일 후에 count 재설정
70564,누적 된 구매 보상
70565,상점 새로 고침
70566,지금 소원 상점을 새로 고침하십시오
70567,미니 포인트를 얻으려면 광고를 시청하십시오
70568,나머지 광고 시계 수 : @1
70569,모든 보상 (보상 풀이 새로 고쳐집니다 : @1)
70570,당신의 보상을 선택하십시오
70571,1 시간 캡처
70572,10 번 캡처하십시오
70573,현재 상품을 선택합니다
70574,@1에서 상금이 새로 고쳐집니다
70575,축하합니다! 당신은 다음과 같은 보상을 얻습니다
70576,미니 포인트 보상
70577,시계 광고 보상
70578,@1 포인트를 씁니다
70579,@1 회계
70580,새로 고침 시간 :
70581,확인하다
70582,수집
70583,모은
70584,"당신은 행운의 여신에 의해 축복 받고, 당신은 대성공을 쳤습니다."
70585,추가 보상을 얻기 위해 소원 가게에 특정 수의 항목 교환을 축적합니다. 예기치 않은 손실을 피하기 위해 구매 카운트 및 추가 보상이 정기적으로 재설정되므로 신속하게 보상을 수집하십시오.
70586,새로운 항목
70587,제한된
70588,선택된
70589,소유
70590,수집 할 수 없습니다
70591,해당 보상을 찾을 수 없습니다
70592,"보상을 성공적으로 수집하고, 가게로 가서 확인하십시오."
70593,보상이 없어
70594,미니 코인 가입 제품
70595,#L#c0AAA1A 개인 정보 보호 정책 #n.
70596,#L#c0AAA1A 자동 갱신 계약 #n.
70597,가입했다
70598,탈퇴
70599,매번 사용하십시오
70600,남은 : @1 시간
70601,다음 시간 : @1.
70602,가입 만료 : @1.
70603,첫 번째 가입 보너스
70604,미니 코인 구독 프로모션
70605,@1 달러
70606,@1 달러
70607,@1 달러
70608,구독하다
70609,상환하다
70610,0.2.
70611,30 일마다 @1 미니 동전을받습니다
70612,월간 구독
70613,@1 달러 / 30 일
70614,시즌 구독
70615,@1 달러 / 90 일
70616,반년 간 구독
70617,@1 달러 / 180 일
70618,"시즌 구독, 반년 간 구독 제한 시간 할인"
70619,확인하다
70620,선택하다
70621,원래 가격
70622,구독 세부 사항
70623,#cff3d2b 자동 갱신 서비스를 활성화하려합니다. 활성화 후에는 선택한 제품의 기간이 끝나기 전에 확인없이 지정된 계정에서 갱신 수수료를 공제 할 것에 동의합니다. #n 구체적으로 다음을 포함합니다. #n 가입 후 하나의 월의 미니 동전을 즉시받을 수 있습니다. 그 후 30 일마다 미니 코인을 얻으십시오.
70624,#cFA7A0F 구독 제품 : #n.
70625,#cFA7A0F 매번 수신 : #n.
70626,#cFA7A0F 지불 : #n #cE0DCCA 다른 인앱 구매와 유사합니다. #N
70627,#cFA7A0F 취소 구독 : #N #cE0DCCA 언제든지 앱에서 구독 상태를보고 취소 할 구독을 수정할 수 있습니다.
70628,#cFA7A0F 갱신 : #N #cE0DCCA 유효 기간이 끝나면 자동 갱신 수수료가 갱신 수수료가 성공적으로 지불 된 후 구독주기가 다른 가입 사이클을 확장합니다.
70629,#cFA7A0F 구독 취소 : #n #cE0DCCA 선택한 지불 앱에서 구독을 봅니다. 취소 할 구독을 선택하십시오.
70630,#L#c5aea0a 개인 정보 보호 정책 #n.
70631,#L#c5aea0a 읽기 및 동의 자동 갱신 계약 #n
70632,닫다
70633,구입
70634,지불 방법
70635,와베트
70636,먼저 자동 갱신 계약을 확인하고 동의하는 것을 확인해야합니다.
70637,성공을 구독하십시오
70638,Mini Coin Subscription에 성공적으로 가입하면 미니 동전 첫 달이 사용될 수 있습니다. 일시적으로 네트워크 지연으로 인해 사용할 수없는 경우 나중에 다시 새로 고침하십시오.
70639,미니 동전의 첫 달은 구속 될 수 있습니다
70640,확인하다
70641,미니 코인 가입 만료 알림
70642,미니 코인 가입 서비스가 만료되었습니다. 더 많은 미니 동전을 위해 가서 갱신하십시오.
70643,지금 갱신
70644,Mini Coin을 구독하십시오
70645,Alipay.
70646,#ceeeaff 고급 #n.
70647,#cFFFDE1 super #n.
70648,원래 가격 : @1 달러 / 90 일
70649,원래 가격 : @1 달러 / 180 일
70650,@1 미니 동전
70651,네트워크에 이상이 있으므로 다시 시작하십시오.
70652,"WeChat 또는 타사 플랫폼을 준비한 구독을 열면 WeChat 또는 타사 플랫폼은 제품주기에 따라 제품주기를 자동으로 사용합니다.이 갱신은 필요하지 않습니다. 다시 재확인하십시오. 자동 갱신 서비스를 사용하지 않아야하는 경우 다음 과정을 참조하십시오. #r WeChat : open ""wechat""모바일 클라이언트 → ""i""를 클릭하십시오 → ""지불""을 선택하십시오 → ""...""를 클릭하십시오 → ""공제 수수료를 선택하십시오. 오른쪽 상단 코너 서비스 → 자동 갱신 수수료를 취소하려면 서비스를 클릭하십시오. "",""Apple ID보기 ""를 선택하고 계정 설정 페이지를 선택하고""구독 ""을 클릭하고""구독을 취소해야 ""선택을 선택하여 해당 구독을 취소하십시오. #r Huawei App Store 사용자 ""설정""→ Huawei 계정 센터 → ""지불 및 청구서를 클릭하십시오. →""자동 배송 / 무료 지불 ""을 클릭하십시오. ""구독 서비스를 취소 할 필요가 없으므, 슬라이딩 버튼을 왼쪽으로 돌리십시오. #R 보너스 세부 사항 : 18 달러 구독을 위해 #r. 456 미니 동전을 얻을 때마다 20 %의 보너스가 있습니다. #r"
70653,@1 구독 만료 알림
70654,가입이 만료 된 경우 가입을 갱신하여 더 많은 미니 동전을 얻으십시오.
70655,집으로 가정 -보기 위해 애완 동물 배낭
70656,미니 기적
70657,제한된 시간 제안
70658,럭키 무승부 상자
70659,게임 방법
70660,회복 후
70661,계속 도전하십시오
70662,무료 입장
70663,도전을 시작하십시오
70664,지금을 위해 완료되었습니다
70665,보너스 레벨에 @1 레벨이 남아 있습니다.
70666,죄송합니다! 작은 원숭이가 발생했습니다!
70667,보상을 포기하십시오
70668,그것을 가지고 놀아 라
70669,미니 콩을 줘
70670,남은 것
70671,타임스
70672,작은 원숭이는 매우 행복했고 모든 보상을 반환했습니다!
70673,그리고 당신에게 여분의 보상을주십시오
70674,보상을 수집하고 계속하십시오
70675,우와! EVA의 축복입니다!
70676,그것은 다음 단계에서 작은 원숭이에 저항하는 데 사용할 수 있습니다 ~
70677,계속 도전하십시오
70678,EVA의 축복 효과가 촉발되었습니다!
70679,작은 원숭이를 버리게 도와주세요
70680,보상을 남겨주세요
70681,보상을 수집하고 계속하십시오
70682,그만두고 싶습니까?
70683,그리고 또한
70684,Rubuey Draw Box에 닫으십시오!
70685,보상을하고 떠나십시오
70686,계속 도전하십시오
70687,작은 원숭이는 매우 행복했고 모든 보상을 반환했습니다!
70688,그리고 당신에게 여분의 보상을주십시오
70689,보상을 수집하고 계속하십시오
70690,작은 원숭이는 모든 보상을 납치했습니다
70691,다시 놀아 라
70692,축하합니다!
70693,성공적으로 모든 행운의 무승부 상자를 열었습니다!
70694,보상을 받으십시오
70695,다시
70696,럭키 드로우 박스 이벤트에 참여할 수있는 체력이 충분하지 않습니다. 아래의 버튼을 클릭하여 광고를보고 무료 항목을 얻으십시오!
70697,불충분 한 체력
70698,무료 입국 (@1 / @2)
70699,럭키 무승부 상자
70700,개봉 후 보상이나 축복을받을 수 있습니다
70701,주의 깊은!
70702,조금 원숭이가 럭키 무승부 상자에 나타납니다.
70703,그것은 당신의 모든 보상을 모두 빼앗을 것입니다!
70704,작은 원숭이를 쫓아 낸다
70705,모든 보상을 유지할 수 있습니다 ~
70706,매개 변수 오류
70707,서명 오류
70708,시스템 오류
70709,작동 오류
70710,데이터 없음
70711,구성 오류
70712,항목을 추가하지 못했습니다
70713,인증 실패
70714,항목이 충분하지 않습니다
70715,불충분 한 시간
70716,불충분 한 체력
70717,최종 수준에 도달했습니다
70718,레벨을 건너 뛰기 위해 작은 원숭이에게 바나나를 먹이어야합니다.
70719,부활 시간 없음
70720,체력은 가득 차 있습니다
70721,시간 범위가 아닙니다
70722,Lucky Draw Box 이벤트는 체력을 1 시점으로 증가시킵니다
70723,조작이 너무 자주 닫고 나중에 다시 시도하십시오.
70724,요청 시간이 초과되었습니다
70725,이미 소유의 보상을 받았습니다
70726,구매 수가 한계에 도달했습니다
70727,현재 레벨은 보너스 수준이므로 작은 원숭이가 발생하지 않습니다!
70728,깜짝 전문
70729,#c90205D 새로 고침 시간 : #n#cffe3dd@1#n
70730,시계 광고
70731,하나를 잡아라
70732,10을 잡아라
70733,@1을 씁니다
70734,@1 또는 @2.
70735,1 또는 10 장
70736,"부족한 계정 잔액, 선물 팩 구매 실패"
70737,선물 팩을 구매하지 못했습니다
70738,특별 제공 카운트 다운 :
70739,"1. 모험가들은 다양한 게임 조치를 완료 할 때 깜짝 선물 팩을 유발할 수있는 기회가 있습니다.
2. 각 트리거 된 이벤트 선물 팩은 한 번만 구매할 수 있으며 구매가 완료된 후 선물 팩이 사라집니다.
3. 각 깜짝 선물 팩에는 별도의 카운트 다운 타이머가 있습니다. 카운트 다운 후 선물 팩이 사라집니다. 모든 모험가를 놓치지 마세요!"
70740,보상 미리보기
70741,1을 그립니다
70742,10
70743,컬렉션 진행 상황이 업데이트되었습니다!
70744,마운트를 선택하십시오
70745,컬렉션 진행 상황
70746,온라인 시간
70747,구매 이벤트 쿠폰
70748,선물 활기찬 불꽃 놀이 x
70749,마운트를 얻으십시오
70750,@1을 먼저 가져주세요
70751,잠금 해제 된 항목
70752,지금 잠금을 해제하십시오
70753,즉시 합성하십시오
70754,장착 카드 드로잉 기계에서 잠금 해제 소품을 얻을 수 있습니다. (적절한 엔터테인먼트 및 합리적인 소비)
70755,@Null@
70756,@Null@
70757,@Null@
70758,회원 자격은 충분히 오래 유효하며 작은 돈을 낭비하지 마십시오. . .
70759,@Null@
70760,@Null@
70761,@Null@
70762,@Null@
70763,@Null@
70764,@Null@
70765,@Null@
70766,@Null@
70767,@Null@
70768,@Null@
70769,@Null@
70770,@Null@
70771,@Null@
70772,고유 상태
70773,빨간색 별명
70774,구성원 아이콘
70775,친구가 고정되어 있습니다.
70776,독점 의상
70777,성격 아바타 프레임
70778,성격 채팅 거품
70779,회원 이모티콘
70780,익스클루시브 스킨
70781,"미니 회원 사용 지침  : 1. 미니 회원의 유효 기간 동안 다음과 같은 서비스를 이용할 수 있습니다. 고유 상태: (1) 회원 신원 확인 (2) 친구 고정(친구 목록에서 우선 순위) (3) 멋진 입학 방송 독점적인 드레스업 권리: (1) 개인화된 아바타 프레임(아바타 프레임 기능에서 보고 사용할 수 있음) (2) 개인화된 채팅 풍선(채팅 인터페이스에서 보고 사용할 수 있음) (3) 회원 이모티콘(채팅 인터페이스에서 보고 사용할 수 있음).     (4) 전용 드레스업 - Cang Hong (몰 - Dress Up에서 확인 및 사용 가능) (5) 전용 Dress Up - Cloud Rouge (몰 - Dress Up에서 확인 및 사용 가능) 독점적 기능 특전 (1) 창고 슬롯 50개 추가 획득 (2) 커스텀 드레스업 슬롯 5개 추가 획득 (3) 클라우드 서비스실에서 투표를 시작하여 사람들을 쫓아냅니다. (4) 가정용 과일의 숙성 시간이 10% 단축됩니다. (5) 가정 과일에는 48시간마다 황금 과일이 나타나야 합니다. 2  . 유효기간 산정 규칙 : 활성화일로부터 계산되며, 자연일을 정산주기로   3. 가격 및 기간에 대한 설명 1개월: 미니코인 99개, 구매 직후 31일 유효기간 3개월: 미니코인 297개, 구매 직후 93일 유효기간 6개월: 미니코인 594개, 구매 직후 186일 유효기간 12개월: 미니코인 1188개, 구매 직후 372일 유효기간4.   멤버십 유효기간이 365일≤ 경우 갱신 작업을 수행할 수 있습니다."
70782,미니 빅 멤버
70783,구성원
70784,아직 미니 회원이 아니시면 활성화로 이동하세요.
70785,회원 자격은 다음 기간까지 유효합니다.
70786,지금 갱신
70787,지금 구입하기
70788,아직 회원이 아닙니다.
70789,아바타 프레임이 잠금 해제되지 않았습니다.
70790,피부가 잠금 해제되지 않았습니다.
70791,이 이벤트는 아직 시작되지 않았습니다.
70792,@1일
70793,@1시간입니다
70794,@1분
70795,@1초
70796,이 이벤트는 종료되었습니다.
70797,아직 이벤트가 시작되지 않았으니 이벤트 오픈 시간에 유의해 주세요.
70798,이벤트가 종료되었으니 이벤트 오픈 시간에 유의해 주세요.
70799,이 이벤트의 남은 시간:
70800,축복을 받은 후 첫 번째 보상 항목을 두 배로 늘립니다.
70801,와! 두두보보의 이중 축복이에요!
70802,이번 시즌이 끝났으니 보상을 받고 새 시즌을 다시 시작해주세요.
70803,버전이 너무 낮습니다. 새 버전을 사용하여 경험해 보십시오.
70804,이벤트 시간 : @ 1 월 @ 2 - @ 3 월 @ 4
70805,일반 픽업
70806,치명타 청구
70807,기간 제한: @1
70808,수령 후 적립 수입은 다시 누적되니 내일 복지몰에 오셔서 받으시는 것을 잊지 마세요~
70809,미니 포인트 오프라인 수익 예약
70810,미니 포인트 오프라인 수익 예약
70811,미니 포인트 오프라인 수익 예약
70812,미니 포인트 오프라인 수익 예약
70813,미니 포인트 오프라인 수익 예약
70814,미니 포인트 오프라인 수익 예약
70815,럭키 블록 예약
70816,럭키 블록 예약
70817,럭키 블록 예약
70818,럭키 블록 예약
70819,럭키 블록 예약
70820,럭키 블록 예약
70821,멤버십 기간 동안 이용 가능
70822,체험 카드가 성공적으로 사용되었습니다.
70823,회원 경험 카드의 최대 개수에 도달했습니다.
70824,멤버십 만료가 임박했으니 꼭 갱신해주세요~
70825,회원 전용 이모티콘은 회원 사용을 위해 활성화해야 합니다.
70826,규칙 설명
70827,미니 코인 결제
70828,인민폐로 지불
70829,@1<font size='26'> month</font>
70830,@1到期 갱신 후 유효 기간이 연장됩니다.
70831,"아이템을 잠금 해제하려면 #c0aaa1a@1×@2#n이 필요하며, 이 아이템은 미니 빈 #n 또는 미니 도트 #n#cfa7a0f 통해 교환#cfa7a0f 수 있습니다"
70832,큰 특권
70833,요청/선물
70834,팁
70835,미니 회원이 되신 것을 축하드립니다!다음 회원 혜택의 자동 사용 여부\n\n1. 회원 전용 아바타 프레임 사용\n2.회원의 개성 채팅 버블 사용\n3.회원 전용 스킨 사용
70836,￥
70837,@1 미니 코인 추가
70838,겹
70839,"미니 회원은 이메일로 @1에게 선물되었으며, 이메일이 지연될 수 있으며, 친구에게 다시 로그인하여 확인하도록 상기시킬 수 있습니다."
70840,회원 요청
70841,당신을 미니 대륙의 가장 빛나는 존재로 만드십시오
70842,내가 준 선물을 즐기시기 바랍니다
70843,나는 당신이 항상 행복하기를 바랍니다!
70844,@1을 생일 선물로 받고 싶어요!
70845,@1을 주세요!
70846,@1이 너무 좋아서 이 소원을 이룰 수 있도록 도와주세요
70847,"내 가장 친한 친구, @1을 보내주시겠습니까?"
70848,회원이 거부 통지를 요청합니다.
70849,"죄송합니다, @1의 @2 신청이 거부되었습니다, 다시 시도할 다른 파트너를 찾을 수 있습니다~"
70850,#r (창고에 가서 확인 후 사용해주세요)
70851,@1을(를) 친구에게 성공적으로 선물했으니 반복해서 선물하지 마세요
70852,창고 용량은 미니코인을 구매하거나 대형 회원을 개설하여 확장할 수 있습니다  현재 기본 창고 용량: #c0aaa1a@1#n 창고 용량 잠금 해제를 위한 그리드 구매: #c0aaa1a@2#n 대형 회원 특전 창고 용량: #cD13B3B@3#n 그리드
70853,창고 용량 설명
70854,창고 용량이 확장 가능한 한도에 도달하여 더 이상 구매를 계속할 수 없습니다 ~
70855,맞춤 드레스업 위치 안내
70856,"커스텀 드레스업 슬롯의 수는 미니빈/미니코인으로 잠금 해제하거나 대규모 회원이 확장할 수 있도록 열 수 있으며  , 현재 기본 드레싱 슬롯: #c0aaa1a@1#n 구매하여 드레스업 슬롯 잠금 해제: #c0aaa1a@2#n그랜드 회원 특전 드레스업 슬롯: #cD13B3B@3#n"
70857,대규모 멤버십 개설
70858,드레스 업 비트 구매
70859,"큰 멤버십이 만료되었는데, 계속 이용하시려면 멤버십을 갱신하셔야 합니다~"
70860,옷 입히기 장소가 한도에 도달하여 더 이상 구매할 수 없습니다 ~
70861,"#c0aaa1a@1×@2#n을 사용하여 #cfa7a0f@3 창고 그리드 #n 구매합니다. #r (적당한 오락, 합리적인 소비)"
70862,현재 창고 용량: #c0aaa1a@1#n 구매 후 창고 용량: #c0aaa1a@2#n 그리드
70863,#n 창고 용량 변경에 #cfa7a0f:
70871,#cfa7a0f #n 옷 입히기 비트 변경 사항 :
70872,현재 드레스업 슬롯 수: #c0aaa1a@1#n구매 후 드레스업 슬롯 수: #c0aaa1a@2#n
70873,창고 슬롯 구매
70874,유효하지 않은 VIP
70875,냉각에서 사람들을 걷어차기
70876,킥 횟수가 소진되었습니다
70877,구매하면 [color=#ef2d2d] Value Member Package[/color]+[color=#ef2d2d]4GB 독점 트래픽/월[/color]을 얻을 수 있습니다.
70878,구독료 25 RMB
70879,지속적인 월간 구독
70880,회원 액세스 운영자가 예약 비용을 지불합니다.
70881,구매하신 패키지의 남은 기간은 구매를 계속할 수 있을 만큼 충분히 길다~
70882,남은 유효 기간
70883,#r剩余有效期: #c0ABA1D@1#n
70884,만료 예정인 드레스업 쿠폰이 있으니 낭비하지 마세요
70885,결제를 위해 이동통신사 페이지로 이동...
70886,주문이 성공하면 우편으로 가서 수령하십시오
70887,주문하는 데 문제가 있습니까?
70888,주문 지침
70889,"1. 25위안을 사용하여 미니 회원 부가가치 패키지를 주문하고 구독 기간 동안 미니 멤버십 월간 카드(31일), 미니 코인 x200, 활동 쿠폰 x1, 해피 기프트 패키지, 유니콤 너와 나 전용 아바타 프레임(30일), 4GB 미니 월드 독점 트래픽을 받을 수 있습니다. 2. 주문 성공 후 미니코인x200은 미니계정으로 직접 지급되며, 나머지 리워드는 이메일로 발송되오니 참고하시기 바랍니다. 3. 현재 유니콤 휴대폰 번호 사용만 지원 주문, 자세한 내용은 10010에 문의하시기 바랍니다."
70900,빨간 봉투 보내기
70901,빨간색 패킷 유형을 선택하십시오.
70902,빨간 봉투 축복
70903,"올려다봐, 미니 스무스"
70904,바람과 비 속에서 미니가 당신을 기다리고 있습니다
70905,행운은 항상 거기에 있고 부는 사랑 받고 있습니다
70906,"새해 복 많이 받으세요, 친구들!!"
70907,[친구 이름]
70908,@1生日快乐
70909,@1新年快乐
70910,빨간색 패킷 보내기
70911,친구 선택을 클릭합니다
70912,잡아
70913,우후
70914,빨간 봉투가 떠내려갔다
70915,친구 선택
70916,친구가 없다면 다른 축복을 선택하십시오
70917,"잠깐만요, 다른 유저들이 빨간 봉투를 나눠주고 있어요~"
70918,"1. 모든 사용자는 방의 다른 사람들에게 빨간 봉투를 배포 할 수 있습니다. 2. 각 빨간색 패킷은 지정된 사본 수에 따라 무작위로 수량이며, 특정 사본 수는 빨간색 패킷 선택 인터페이스에서 볼 수 있습니다. 3. 빨간 패킷 축복은 특정 친구를 지정할 수 있지만 빨간 봉투는 여전히 모든 사용자가 잡을 수 있습니다. 4. 빨간 봉투를 잡은 후 보상은 계정으로 직접 청구 할 필요가 없습니다. 5. 빨간 패킷의 나머지 보상은 빨간 봉투의 발신자에게 직접 반환되며, 특정 환불은 시스템 메시지에서 볼 수 있습니다. 6. 빨간 봉투를 움켜쥐고 얻은 미니 코인은 사용자가 줄 수 없으며, 빨간 봉투를 보내는 등의 기능 7. 시스템 선물, 컬렉션 판매, 레드 패킷으로 받은 미니 코인은 레드 패킷 분배에 사용할 수 없습니다."
70919,@1 잡음 @2 @3
70920,"빨간 봉투 강도 건수가 상한선에 도달했습니다, 내일 다시 오세요 ~"
70921,오늘은 빨간 봉투가 너무 많아서 내일 계속합시다 ~
70922,빨간 봉투가 미끄러졌어요~
70923,현재 빨간색 패킷이 만료되었습니다.
70924,빨간색 패킷 개봉:
70925,핸드 가스 빨간 봉투
70926,기간 한정 혜택
70927,비와 이슬이 젖어 있습니다
70928,블레싱 팩
70929,비단과 같은 돈 토끼
70930,방 안의
70931,"미니 코인이 부족한 경우 충전 후 빨간 봉투를 계속 배포할 수 있습니다(시스템 선물, 미니 코인을 받을 빨간 봉투는 빨간색 패킷 배포에 사용할 수 없습니다)"
70932,@1에서 빨간 봉투
70933,@1个红包
70934,빨간색 패킷 설명
70935,배포 성공
70936,"작업이 실패했습니다, 나중에 다시 시도하세요~"
70937,돈 토끼는 헤아릴 수 없습니다
70938,눈썹을 치켜 올리십시오
70939,토끼는 도약하고 경계합니다
70940,"2023년, 토끼에게 좋은 일이 찾아옵니다"
70941,좋은 것은 토끼가되어 축복 받고 축복받습니다
70942,큰
70951,선물 줘
70952,무료
70953,광고 보기
70954,x@1
70955,@1迷你币
70956,@1迷你豆
70957,주다
70958,참 값에 대한 설명
70959,"암묵적인 선물을 받은 후 매력 값을 높일 수 있으며, 선물에 따라 다른 매력 값이 다릅니다"
70960,상대의 매력 값 @ 1
70961,현재 참 값 : @ 1
70962,"넌 대단해, 너에게 작은 꽃을 줘"
70963,새해는 안전하고 매끄럽고 새해를 맞이하겠습니다
70964,밀크티를 손바닥에 쥐고
70965,효과 보기
70966,"당신은 #c0a7fef""@1""#n#c0aaa1a@2*""@3""#n, 암묵적 이해#c0aaa1a+@4#n을 제공합니다."
70967,"#c0a7fef ""@1""은 #c0aaa1a@2*""@3"" #n, 암묵적 정도#c0aaa1a+@4#n, 매력 값 #c0aaa1a+@5#n을 #n합니다."
70968,선물 반품
70969,"당신과 ""@ 1""사이의 암묵적인 이해의 증가는 그날의 상한선에 도달했으며,이 선물을주는 것은 선물을 계속 줄지 여부에 관계없이 양 당사자 간의 암묵적인 이해를 증가시킬 수 없습니다"
70970,계속 기부하세요
70971,취소
70972,"""@2"" #c0aaa1a @1을 받았습니다#n"
70973,"#c0aaa1a ""@1"" #n은 #c0aaa1a@2*""@3"" #n, 매력 값 #c0aaa1a+@4#n, 두 당사자 간의 암묵적인 이해#c0aaa1a+@5#n을 제공합니다. 선물에 대한 자세한 내용은 채팅 페이지에서 확인할 수 있습니다."
70974,"#c0a7fef""@1""에서 받은 #n的默契礼物 버전 1.23.0 이상으로 업그레이드하십시오."
70975,암묵적 선물
70976,"1. 암묵적 선물을 주면 두 사람의 암묵적 이해 가치를 높일 수 있으며, 선물을 받은 사용자는 추가 매력 포인트를 적립할 수 있습니다.2. 플레이어의 개인 센터에는 사용자의 매력 값과 받은 암묵적 선물이 표시됩니다"
70977,암묵적 이해 @ 1
70978,선물 줘
70979,사용 후 @1 포인트 암묵적 이해 추가
70980,이번 달에는 배포되는 빨간 봉투의 양이 상한선에 도달했습니다
70981,이번 달 상대방이받은 빨간 봉투의 양이 상한선에 도달했습니다
70982,프롬프트
70983,"암묵적인 이해 부족, 승진 후 다시 오자"
70984,당신은 @ 1 @ 2 * @ 3을 제공합니다
70985,빨간 봉투를 선택합니다
70986,@1에 지정된 빨간색 봉투를 선택합니다.
70987,@2*@3已经到账啦 @1Send 제 시간에 확인하십시오.
70988,선물은 성공적이었고 빨간 봉투가 배포되었습니다
70989,현재로서는 증정할 수 없으니 나중에 다시 시도해 주세요
70990,QR코드를 스캔하여 @1@2 미니 동전 빨간 봉투를 증정하세요.
70991,등록 시간이 부족하여 레드 패킷 기능을 사용할 수 없습니다.
70992,@1은 @2*@3을 보냅니다.
70993,유일한 너
70994,다섯 가지 축복이 함께 합니다
70995,추수 감사절이 만난다
70996,v 당신 50
70997,부유하고 변덕스러운
70998,평화와 기쁨
70999,흐름에 따라 이동
71000,축복해라
71001,미니 놀라움과 함께 공유하고 승리 보상
71002,#c657476Event 기간 :#n#c0aaa1afResets 매주 월요일을#n
71003,총 주식 이번 주 #c0aaa1a@일일(들)#n
71004,친구들과 공유하고 매일 보너스를받을
71005,"1. 활동의 고정 주기: 매주 월요일~일요일. 
 2. 일일 최초 공유는 공유 일수로 계산되며, 누적 진행률이 지정된 일수에 도달하면 해당 보너스의 잠금을 해제할 수 있습니다. 월요일에 새로운 라운드 이벤트가 진행되면 원래 진행 상태는 재설정됩니다. 
 3. 해당 주 누적 공유 일수가 7일에 도달하면 최대 보너스 획득 가능합니다."
71006,매일 먼저 얻을 수 있습니다
71007,공고
71008,@Null@
71009,@Null@
71010,@Null@
71011,@Null@
71012,@Null@
71013,@Null@
71014,초보자 보너스
71015,기간 한정 할인
71016,일반적인 선물
71017,"클래식 피부, 제한 시간 제공"
71018,장점 : 새로운 계정 생성 플레이어 9 일 동안 유효
71019,"인기있는 마운트, 전용 할인"
71020,장점 : 새로운 계정 생성 플레이어 9 일 동안 유효
71021,(이벤트 카운트 #1c03fea@#n)
71022,"클래식 피부, 제한 시간 제공"
71023,이점 : 이벤트 기간 동안 유효
71024,"인기있는 마운트, 전용 할인"
71025,이점 : 이벤트 기간 동안 유효
71026,큰 상
71027,누적 일일
71028,누적 삼일
71029,누적 오일
71030,누적 칠일
71031,@1임시 고정@2 이 만료 된 마운트이 삭제되었습니다
71032,무료 부흥을위한 시계 광고
71033,뛰어난 생존 아이템을 얻습니다
71034,모든 항목을 삭제하지 않고 계속 살펴보기
71035,뜨거운
71036,새로운
71037,계정에 바인딩 된 휴대 전화 번호를 입력 해주세요
71038,계정에 바인딩 이메일 주소를 입력하세요
71039,규칙
71040,"1. 행사에 참여하는 플레이어, 가게에서 몇 가지 스킨이 제한 시간을 제공해야합니다;#r
2. 을이벤트가 끝난 후, 할인 된 피부는 제안을 놓치지 않는, 원래 가격으로 다시 것이다#r
3. 을숙박 조정 있도록 더 흥미로운 보너스, 미래에 사용할 수 있습니다!"
71041,"개봉 후에는 조각*1과 다음 중 하나를 랜덤으로 입어야 합니다. 영구 스킨 또는 스킨 경험치 카드 1장(@1, @2, @3, @4)"
71042,선물팩을 바로 개봉하시겠습니까?
71043,금액 #c0aaa1a@1#n
71044,(추가 보상 #c0aaa1a@1#n)
71045,한 번 구매 #c0aaa1a@1을 구입하고 @2#n을 얻으십시오.
71046,~해야하다
71047,영구적 인
71048,경험
71049,즉시 사용
71050,나중에 열기
71051,먼저 로우 레벨 마운트를 받으십시오
71052,@1 : 이미 소유
71053,행운의 가치
71054,행운의 가치가 높을수록 영구적 인 피부를 얻을 수있는 기회가 커집니다. 행운의 가치가 가득 차면 분명히 영구적 인 피부를 얻을 것입니다.
72002,[색상 = # 657476] 활동 시간 : [/ 색상] [색상 = #0aaa1a] 매주 월요일부터 일요일까지 [/ 색상]
72003,이번 주 공유: [color=#0aaa1a]@1天[/color]
75000,@Null@
75001,주말 선물
75002,인터랙티브 드라마
75003,인터랙티브 드라마 데이터 없음~
75101,"행복해, 행복해, 행복해."
75102,사물에 대해 생각하는 것은 좋은 해입니다
75103,세월과 세월은 밀접한 관련이 있습니다
75104,매끄럽고 건강하게 지내십시오
75105,기쁨과 평화
75106,평생 사랑 받기를 바랍니다
75107,매일 즐거운 시간 보내세요
75108,완벽하고 행복하세요
75109,"미니 코인 최소 구매 활동 설명 (1) 이벤트 날짜: @1-@2 (2) 빨간 봉투 받기: 청구 버튼을 클릭하여 알리페이 활동 페이지로 들어가 빨간 봉투를 받고, 빨간 봉투는 최대 6위안이며, 받은 빨간 패킷은 알리페이 계정에 저장됩니다. (3) 미니 코인 구매: 게임에서 구매한 미니 코인 슬롯을 선택하면 결제 시 빨간색 패킷이 자동으로 차감되며 차감 후 금액은 마이너스가 될 수 없습니다. 6위안 빨간 봉투를 받으면 1위안 빨간 봉투를 구매할 때 실제 지불된 금액은 여전히 0위안입니다. (4) 빨간 패킷 사용 규칙: 빨간 봉투는 App Store에서 Alipay 결제를 설정한 후에만 적용됩니다. (5) 이 활동은 App Store 채널 전용 활동입니다. (6) 이 활동에는 Alipay 계정 실명 인증이 필요하며 만 18세 이상이어야 합니다."
75200,
80000,@Null@
80001,@Null@
80002,스타 여행
80003,미라
80004,플라마
80005,호라스
80006,흐름
80007,별 소개
80008,다양한 생태와 풍부한 자원을 가진 아름다운 별 오랜 역사를 가지고 있으며 고대부터 모험가들의 요람이었습니다. #r#r위험 수준 : #c0aaa1alow#n#r 텔레 포터 요구 사항 : #c0a7feflevel 1#n#r#r 콘솔을 활성화 한 후 근처의 텔레 포터를 타고 이동을 시작합니다.
80009,"마그마와 위험한 생물로 가득한 뜨거운 별. 전설에 따르면 거대한 괴물이 별의 중심을 차지합니다. #r#r 위험 수준 : #cfa7a0fmedium#n#r 텔레 포터 요구 사항 : #cfa7a0flevel 2#n#r 여행 제안 : #cef2d2d기후가 뜨겁습니다#n, 방화 배낭을 준비하는 것이 좋습니다 #r #r. 별로 이동하여 #c0aaa1a를 사용하여 텔레 포터를 업그레이드하려면 구성 요소 유형 A #n을 업그레이드해야합니다 (합성 재료는 떠 다니는 섬 평원에서 찾을 수 있다는 소문이 있습니다)"
80010,"얇은 분위기의 별, 일년 내내 밤. #r 별의 생물 자원은 부족하지만 단단한 고급 광물이 많이 묻혀 있다는 소문이 있습니다. #r#r 위험 수준 : #cef2d2dHigh#n#r 텔레 포터 요구 사항 : #cfa7a0flevel 2#n#r 여행 조언 : #cef2d2d 산소가 부족합니다 #n, 별에 가려면 산소 마스크#r#r을 준비하는 것이 좋습니다. #c0aaa1a 컴포넌트 유형 A#n을 업그레이드하여 텔레 포터를 업그레이드해야합니다 (합성 재료가 떠 다니는 섬 평원에서 발견)"
80011,끄기!
80012,Star Journey를 시작하기 위해 인근 텔레 포터를 타십시오.
80013,@1-@2@3station.
80014,순간 이동 대상을 선택하십시오
80015,"위치 : @1, 높이@2."
80016,비용:
80017,스위치 스타
80018,보내다
80019,스타 역이 활성화됩니다
80020,목적지를 선택하십시오
80021,사이트를 선택하십시오
80022,"스타링크 온라인, 전송 준비 중"
80023,목적지 : @1
80024,카운트 다운 : @1
80025,텔레 포티션 일시 중지되었습니다
80026,닫기 스타 링크
80027,텔레포트를 계속하십시오
80028,스타 역 에너지가 활성화되지 않습니다
80029,활성화 된 콘솔이 누락되어 에너지 코어를 사용하여 인근 콘솔을 활성화하십시오.
80030,스타 링크가 비정상이고 텔로 포팅이 중단됩니다
80031,대상 사이트가 활성화되지 않고 텔로 포팅이 실패했습니다.
80032,텔레 포터의 수준이 충분하지 않고 업그레이드 구성 요소를 사용하여 텔레 포터를 먼저 업그레이드하십시오
80033,@1에 성공적으로 도착했습니다
80034,스타 링크가 @1의 알 수없는 위치로 전송되었습니다.
80035,업데이트 성공했습니다! 텔레포트 포드에서 더 많은 별을 여행 할 수 있습니다!
80036,삼각형 도어
80037,알 수없는 위치
80038,알 수 없는
80039,텔레 포터가 사용 중이며 나중에 다시 시도하십시오.
80040,"활성화가 성공적이며, 근처의 텔레 포터에서 여행을 시작할 수 있습니다 ~"
80041,이 조치는 텔레 포터에서 수행 할 수 없습니다
80100,@Null@
80101,영웅의 십자가
80102,"미 라스 의 신성한 열매#r
Flamas 에서 영웅의 검#r
Horus 의 지혜 석 눈#r
이 세 개의 열쇠는 미라의 신성한 힘을 풀어주고 사악한 그림자가 진정한 자아를 드러냅니다."
80103,용기의 기초
80104,"두려움없는 영웅은 악을 싸우고 집을 보호합니다 #r
승리의 칼은 거룩하지 못하고 화염의 땅에서 떨어졌습니다 #r
Behemoths는 세계의 보물을 쥐고 점령합니다."
80105,지혜의 십자가
80106,"영웅은 무효의 트리오를 봉인하며, 악마의 그림자는 어디에서나 탈출했습니다. #r
현명한 사람은 마법의 눈을 배치하고 숨겨진 검은 그림자 #r을 검색하는 무인 광야를 모니터링합니다. #r
Horas Stone 동상 주위에 다이아몬드, 말라라이트, 호스 구리 및 Horas Graviti를 배치하여 마법의 눈을 소환합니다."
80107,화염의 고대 도시를 찾고 있습니다
80200,@Null@
80201,"좌표: (#ca16b00@1, @2)"
80202,고도: #ca16b00@1
80203,일 #ca16b00@1#n
80204,배치된 마커 #ca16b00@1/@2
80205,다른 플레이어에게 표시됨
80206,다른 플레이어는 지도에서 내 위치를 볼 수 있습니다.
80207,다른 플레이어는 지도에서 내 위치를 볼 수 없습니다.
80208,채점자
80209,마커 추가
80210,이름
80211,동굴
80212,성분
80213,재료
80214,식물
80215,광석
80216,침대
80217,집
80218,무늬
80219,길
80220,삭제
80221,추적 취소
80222,좋아요
80223,부활 지점
80224,마지막 패배 지점
80225,활성화된 스타 스테이션
80226,호라스 마커
80227,사장님
80228,문
80229,부서진 화염검
80230,플레이어 위치
80231,마커를 추가하는 방법
80232,빈 영역을 클릭하면 마커 페이지가 나타납니다. 마커의 패턴과 이름을 설정할 수 있습니다.
80233,마커 한도에 도달했습니다. 다른 마커를 삭제하려면 다른 마커를 추가하세요.
80234,마크 포인트 @1/@2
80235,3D 미니맵
80236,초기 출생 지점은 패배 후 재시도를 클릭하면 해당 출생 지점으로 부활합니다. 석상을 사용하면 출생 지점을 변경할 수 있습니다.
80237,패배한 위치
80238,"활성화된 별 관측소, 당신은 별 관측소를 통해 다른 행성으로 모험을 떠날 수 있습니다."
80239,사장님
80240,여기 위험한 생물들이 있습니다. 전투 효과가 부족할 때는 멀리하세요.
80241,설정된 위치로 순간이동할 수 있는 마법의 포털
80242,화염의 부서진 검
80243,"고대 영웅이 사악한 괴물과 싸울 때 남긴 부러진 칼은 용기의 마법과 얽혀 #r 전설에 따르면, 영웅의 칼은 미라 화산 제단의 신성한 물건 중 하나입니다."
80244,유실된 크리스털
80245,네가 떨어뜨린 아이템은 잃어버린 크리스탈 안에 저장됩니다.
80300,
80301,근처에 괴물들이 있어서 잠을 잘 수가 없어요!
80302,행동 관점
80303,항목 정렬
80304,물리 방어
80305,원소 방어
80306,이동 속도 보너스
80307,걷는 속도
80308,스텔스 속도
80309,달리는 속도
80310,수영 속도
80311,회수 속도
80312,HP
80313,체력
80314,방패
80315,인내
80316,산소
80317,별 에너지
80318,차량
80319,음식
80320,무기
80321,만들기
80322,얻는 방법
80323,속성
80324,제련 원료
80325,공격력
80326,온도
80327,극저온 방어
80328,고온 방어
85000,@Null@
85001,@Null@
85002,제공 별 * 1.
85003,떠나다
85004,부활 된 포인트가 성공적으로 저장되었습니다
85005,별 수가 불충분합니다
85006,미스터리 동상
85007,"홈 위치가 저장되었으며, 다시 활성화 할 필요가 없습니다."
85010,스타 역 콘솔
85011,"삑 소리 ... 삑하고 안녕하세요 모험가, 이것은 스타 역 콘솔입니다.
오른쪽 메뉴에서 원하는 서비스를 선택할 수 있습니다."
85012,장비의 상태를 확인하십시오
85013,홈 위치를 기록하십시오
85014,별보기 가이드보기
85015,"현재 콘솔 상태 -----------@1
현재 연결된 텔레 포터의 수는 -------@2
지도 위치 표시 기능 ---------@3."
85016,활성화 된 것
85017,활성화되지 않습니다
85018,켜다
85019,끄다
85020,@1map 위치 마킹 기능
85021,메인 메뉴로 돌아 가기
85022,"삑 하는 소리...! 맵 마커 기능은 @1되었습니다!
Star Station Marking 상태가 MinimaP에서 업데이트되었습니다.
참고 : 최대 10 개의 스타 스테이션은 최소 맵에 표시 할 수 있습니다."
85023,삑 ... 보 ... 이 사이트의 홈 위치의 좌표를 기록하기 위해 한 별 만 소비합니다.
85024,[별의 소비 * 1] 집의 위치를 ​​기록하십시오
85025,"악...! 별에 감사 드리며, 집의 위치 가이 역에 성공적으로 기록되었습니다!
미래에 고통 스러울 때이 역에서 어드벤처를 다시 시작할 수 있습니다."
85026,스타 역의 위치 정보를 방송합니다
85027,"Star Station @1, 좌표 (@2) 높이 @3"
85030,부활하는 동상
85031,"별을 제안하고 창의력의 힘은 당신의 길을 집으로 가게 할 것입니다. --- 조각상을 만질 때, 내 마음 속에 음성을 echoed."
85032,"""별이 있니? 별이 있니? 나는 너와 함께 내 힘을 교환 할거야.""
 --- 내가 동상을 만졌을 때, 고대 검은 용의 목소리가 내 마음 속에서 울렸다."
85033,"""빨리, 별을 줘! 실패 할 때 너를 도울 수있어.""
 --- 조각상을 만질 때, 나는 혼돈의 검은 용의 소리를 듣는 것처럼 보였습니다."
85034,"""별 ... 나는 별이 필요해.""
 --- 동상을 만질 때, 나는 마그마 블랙 드래곤의 갈망을 듣는 것처럼 보였다."
85035,"""별을 제안하고, 창조의 힘이 당신을 영원히 안내 할 수 있습니다.""
 --- 조각상을 만질 때, 나는 거인의 힘을 느꼈습니다."
85036,스타를 제공하십시오
85037,다시 생각해 보자
85038,"별을 제공 한 후, 당신은 동상과의 연결을 느낍니다. 그리고 마음 속의 목소리가 점차적으로 사라집니다 ...
앞으로이 동상의 위치에서 모험이 다시 시작됩니다."
85039,떠나다
85500,@Null@
85600,@Null@
85601,패배 공간 팬텀 - 서둘러
85602,화산 제단
85603,"무효 팬텀은 신성한 힘으로 나타나도록 강요되었고, 빨리 그것을 물리 쳤습니다!"
85604,도망가는 공극 팬텀을 추구하십시오
85605,화산 평야
85606,"void 팬텀은 부상 당하고, 도망, 다시 숨기고 힘을 회복하고, 이것을 빨리 활용하고 추구합니다!"
85607,내 계획을 방해하는 사람은 누구입니까!
85608,당분간 ... 퇴각 ...
85609,포기해라! 도전자! 나는 떠나지 않을 것이다!
85610,나에게 복종 해! 위대한 화염 주님!
85611,나에게 복종 해! 장엄한 고대 거상!
85612,결국 실패 했습니까? 내 무효의 힘 ...
85613,무효 팬텀을 물리 쳤습니다 - 파워
85614,화산 평야
85615,무효 팬텀은 더 많은 화산력을 흡수하고 다시 지상으로 잠수하고 행성의 에너지를 흡수 한 다음 컴백을했습니다. 그를 멈춰!
85616,"너의 에너지를 줘, 도전자"
85617,삶의 힘을주세요! 내 신자들!
86000,@Null@
86001,피드 트로프가 가득 찼습니다!
86002,해당 피드 만 채우십시오
86003,피드 트로프는 잔디 사료 또는 육류 사료로만 채울 수 있습니다.
86004,"미라는 정말로 리치 행성이며, 당신이 기회가 있으면 내 행성에 올 수 있습니다."
86005,떠있는 섬 평야
86006,"빛의 힘이 너무 강하고, 인체는 짧은 기간 동안 너무 많은 빛의 힘을 견딜 수 없습니다."
86007,축제 쇼핑몰
86008,축제 쇼핑몰 #c0aba1d (@1- @2 제한 시간 오픈 시간) #n
86009,축제 꽃 공을 얻는 방법?
86010,"· 모험에서 #c0aba1d 랜턴 수수께끼 조류 #n을 찾고, 수수께끼를 추측하고 축제 꽃 공을 얻으십시오 #r #r · #r #r · eat #c0aba1d festive mooncake #n, 축제 꽃 공을 얻을 수있는 어떤 기회가 있습니다. #r #r # · 밝게 #c0aba1d 축제 랜턴 #n 음력 이클립스 이벤트를 비활성화, 축제 꽃 공을 얻으십시오"
86011,축제 꽃 공입니다
86012,"Tengu는 오늘 밤에 달을 먹을 것입니다, 랜턴을 사용하여 그를 몰아냅니다!"
86013,"축제 랜턴으로 Tengu를 성공적으로 두려워하고, 당신은 달에서 보상을 받았습니다."
86014,"Tengu가 성공적으로 달을 먹었고, 당신은 어두운 밤을 보냈습니다."
86015,랜턴 수수께끼 조류가 행복하게 왼쪽으로 왼쪽으로 왼쪽으로 떠났어.
86016,어떤 친구들은 랜턴 수수께끼를 추측하고 있습니다
86017,랜턴 수수께끼 조류가 연기 구름으로 바뀌 었습니다.
86018,이봐! 베리가 당신을 기다리고있는 새를 몰아 냈습니다.
86019,Tengu Eclipse Moon의 영향을 받고 일시적으로 잠들 수 없음
86020,"Hush Hush, 당신의 친구가 질문에 답하고, 그를 방해하지 않습니다."
86021,침대에서 내려
86022,하하 나는 당신을 도와 드릴 수 있습니다
86023,la-di-da 절대 저렴한 가격의 상품을 봅니다
86024,사각형 모양
86025,둥근 모서리
86026,직각
86027,익명
86028,"바닷가에서 낚시를 하는 것은 항상 사람들을 진정시킬 수 있고, 배를 타고 낚시를 하는 것은 또 다른 풍경입니다."
86029,"좋은 재료로 만든 가구인데, 사고 싶나요?"
86030,"다 여기 있어, 빨리 팔아, 귀찮게 하지 마!"
86031,톱니 모양의 양치식물을 조심하세요!
86032,#c0aba1d수트#n는 수압의 영향을 받지 않고 산소 소비를 줄일 수 있습니다.
86033,코코넛이 머리를 때리는 것을 조심하세요!
86034,초보 부츠를 종료하고 싶습니까?
86035,(데미지)
86036,현재 무기/도구가 손상되어 스킬을 사용할 수 없으니 제때 수리해주세요!
86038,축적 전력
86039,@self 저온에서 의식을 잃는다 ...
86040,@self 전투 중 동상에 걸렸다.
86041,@self 더위에 타 버렸다.
86042,"오른쪽 버튼: Snowball, 왼쪽 버튼: 충전, 공간: 점프/중단"
86043,미니맵 고정
86044,회의실 초대 팝업
86045,친구 추적 허용
86046,프레임 속도 FPS를 표시합니다.
86047,채팅 거품
86048,단절 타이머
86049,"신비한 힘의 영향으로, #r탐험을 계속하려면#r별의 수가 늘어나야 합니다(#c0aaa1a별 # × @1#n). #r카운트다운이 끝나면 #r자동으로 회복됩니다."
86050,삭제
86051,현재 카운트다운을 지우려면 #c0aaa1a별×@1#n을 사용해야합니다. 사용하시겠습니까?
86052,종류:
86053,난이도:
86054,콘텐츠를
86055,일반적인
86056,현재 사망 횟수가 많습니다. [쉬움 난이도]로 난이도를 낮추시겠습니까? [맵 설정]에서 언제든지 난이도를 조정할 수 있습니다.
86057,당신이 잃어버린 물건 함은 [@1]에 의해 파괴되었습니다.
86058,난이도 변경 성공
86059,난이도 낮추기
86060,콘텐츠를 번역합니다.
86061,"[보통 난이도]로 전환하면 게임 난이도가 높아지며, 난이도는 몬스터 강도와 체력 소모만 영향을 미칩니다. 전환하시겠습니까?"
86062,"[간단 모드]로 전환하면 모험을 쉽게 즐길 수 있으며, 난이도는 몬스터 강도와 체력 소모에만 영향을 미칩니다. 전환하시겠습니까?"
86063,난이도가 몬스터의 강도와 체력 소모에 영향을 미칩니다.
86064,안녕하세요~ 모험가 여러분! 저는 근처를 돌아다니면서 상품을 가져오는 신참 상인입니다. 잠시 내려놓을 침대가 있다면 계속 머물다 가도 될까요?
86065,"여행 중에 비가 오기 시작해서 비를 피하다가 우거지나무 숲에서 비피함. 그 때, 비행하는 야인들이 내 뒤에서 쫓아왔어! 그리고 날개를 가진 큰 뱀이 내게 침을 뱉었어, 짜증나!"
86066,우여곡절 끝에 내가 사막 오아시스에서 가져온 상품을 먹어치우려던 모래사장의 벌레를 거의 피했다!
86067,"아칭~~~ 빙원이 정말 너무 추워요, 다음에는 더 이상 가고 싶지 않아요. 그리고 내가 멀리서 마을을 침공하는 큰 원숭이를 보았어요, 정말 예의 없는 것 같아요!"
86068,"안녕, 너가 해변에서 금색 물고기를 낚았다는 걸 어떻게 알았어?"
86069,얼음 공격
86070,저항력 극복
86071,게임 난이도는 변경 가능합니다. [간단한 난이도]로 낮추시겠습니까? 언제든지 [맵 설정]에서 난이도를 조정할 수 있습니다.
90000,@Null@
90001,완료
90002,진행중인 것
90003,잠금 해제되지 않았습니다
90004,전제 조건 : @1
90005,보상:
90006,따르다
90007,보상을 받으려면 오른쪽의 작업 버튼을 클릭하십시오.
90008,보상이 자동으로 발급되었습니다
90009,@1을 획득했습니다
90010,완료
90011,수집
90012,따르다
90013,범위
90014,대상
90015,작업
90016,다 가져와
90017,추적 작업
90018,목표 달성
90019,메인 라인
90020,생산
90021,전투
90022,탐색
90023,전제 조건:
90024,받으려면 클릭
90025,라미 로봇
90100,@Null@
90101,라미-027
90200,
100001,열다
100002,이물
100003,발사체
100004,총기류
100005,무기
100006,장비
100007,식품
100008,마초
100009,식물
100010,자원
100011,건설
100012,건축 자재
100013,가구
100014,장식물
100015,블록
100016,지형
100017,셀레스트 티움 장치
100018,특별 블록
100019,특별 잡화
100020,특별 작물
100021,게임 선택
100022,창조물
100023,기계
100100,@Null@
100101,가든 과일에서 파편 수집
100102,이벤트 획득 파편 합성
100103,@Null@
100104,감사제 혜택 이벤트 획특 파편 합성
100105,설날 혜택 이벤트 획득 파편 합성
100106,미니빈 구매
100107,레시피 잠금 해제 제작 받기
100200,@Null@
100201,#L안전 인증
100202,비밀번호 설정 후 열 수 있습니다.
100203,연동 성공 후 열 수 있습니다.
100204,보안 인증 설정 후 다른 장치에서 처음 로그인하여 연동된 항목 중 하나를 확인해야 합니다.
100205,@Null@
100206,계정이 안전한지 확인하려면 먼저 인증 로그인을 하십시오.
100207,휴대폰 인증
100208,메일 인증
100209,해제
100210,메일 해제
100211,휴대폰 해제
100212,"메일 연동을 해제하려면 연동된 메일 인증 코드를 확인하여 연동을 해제해야 합니다. 
 연동을 해제한 후 메일 연동을 다시 수행할 수 있습니다."
100213,"휴대폰 연동을 해제하려면 연동된 휴대폰 인증 코드를 확인하여 연동을 해제해야 합니다. 
 연동을 해제한 후 휴대폰 연동을 다시 수행할 수 있습니다."
100214,해제 성공
100215,"해제 실패, 메일에 발송된 인증번호를 다시 확인하세요"
100216,"해제 실패, 휴대폰에 발송된 인증번호를 다시 확인하세요"
100217,"인증 실패, 메일에 발송된 인증번호를 다시 확인하세요"
100218,"인증 실패, 메일에 발송된 인증번호를 다시 확인하세요"
100219,미니월드 로그인 인증번호
100220,"[미니월드] 인증번호는 @1입니다. 인증번호는 1시간 이내에 유효합니다. 미니번호 정보를 타인에게 알리지 말고 미니번호를 안전하게 유지하십시오. 본인 조작이 아닌 경우 미니번호 비밀번호를 즉시 수정해 주십시오. 
 -------------------------------------------------------------------------------------------
 도움이 필요하면 고객 서비스에 문의하십시오. 
 공식 고객 서비스 QQ: 800800864. 
 고객서비스 대기가 길 경우, 전화: 0755-86953710(10:00~20:00), 메일: gm@mini1.cn으로 연락주세요"
100221,"[미니월드] 인증번호는 @1이며, 인증 로그인을 진행 중이며 인증번호는 1시간 이내에 유효합니다. 미니번호 정보를 타인에게 알리지 말고 미니번호를 안전하게 유지하십시오. 본인 조작이 아닌 경우 미니번호 비밀번호를 즉시 수정해 주십시오."
100222,@Null@
100223,"[미니월드] 인증 코드는 @1입니다. 인증 로그인을 진행 중입니다. 인증 코드는 1시간 이내에 유효합니다. 인증 코드가 만료되면 게임 내에서 다시 작동하십시오! 
 -------------------------------------------------------------------------------------------
 도움이 필요하면 고객 서비스에 문의하십시오. 
 공식 고객 서비스 QQ: 800800864. 
 고객서비스 대기가 길 경우, 전화: 0755-86953710(10:00~20:00), 메일: gm@mini1.cn로 연락주세요"
100224,"[미니월드] 인증번호는 @1입니다. 현재 휴대폰 연동을 진행 중이며 인증번호는 1시간 이내에 유효합니다. 
 인증 코드 만료 시 게임 내에서 다시 작동하십시오!"
100225,미니월드 해제 인증번호
100226,"[미니월드] 인증 코드는 @1입니다. 메일 연동을 해제 중입니다. 인증 코드는 1시간 이내에 유효합니다. 인증 코드가 만료되면 게임 내에서 다시 작동하십시오! 
 -------------------------------------------------------------------------------------------
 도움이 필요하면 고객 서비스에 문의하십시오. 
 공식 고객 서비스 QQ: 800800864. 
 고객서비스 대기가 길 경우, 전화: 0755-86953710(10:00~20:00), 메일: gm@mini1.cn로 연락주세요"""
100227,[미니월드] 인증번호는 @1입니다. 휴대폰 연동을 해제 중입니다. 인증번호는 1시간 이내에 유효합니다. 미니번호 정보를 타인에게 알리지 말고 미니번호를 안전하게 유지하십시오. 본인 조작이 아닌 경우 미니번호 비밀번호를 즉시 수정해 주십시오.
100228,안정 인증
100229,귀하의 계정 안전을 위해 먼저 인증을 진행해 주세요.
100230,[미니월드] 인증번호는 @1입니다. 인증번호는 1시간 이내에 유효합니다. 미니번호 정보를 타인에게 알리지 말고 미니번호를 안전하게 유지하십시오. 본인 조작이 아닌 경우 미니번호 비밀번호를 즉시 수정해 주십시오.
100231,@Null@
100232,"[미니월드] 인증번호는 @1입니다. 인증번호는 1시간 이내에 유효합니다. 미니번호 정보를 타인에게 알리지 말고 미니번호를 안전하게 유지하십시오. 본인 조작이 아닌 경우 미니번호 비밀번호를 즉시 수정해 주십시오. 
 -------------------------------------------------------------------------------------------
 도움이 필요하면 고객 서비스에 문의하십시오. 
 공식 고객 서비스 QQ: 800800864. 
 고객서비스가 너무 오래 줄을 서는 경우, 전화 전용선: 0755-86953710(10:00~20:00), 연락처 우편함: gm@mini1.cn"
100233,미니 아이디와 휴대폰 번호가 매칭되지 않습니다.
100234,미니 아이디와 메일이 매칭되지 않습니다.
100235,"로그인 실패, 미니 아이디와 비밀번호를 다시 확인해주세요."
100236,미니월드 메일 연동 인증번호
100237,"[Mini World] 인증 코드는 {1}입니다. 이메일을 연결하고 있습니다. 인증 코드는 1시간 이내에 유효합니다. 안전을 위해 계정 정보를 다른 사람과 공유하지 마세요. 귀하의 작업이 아닌 경우 시간에 변경하십시오.



--------------------------------------
도움이 필요하면 고객 서비스에 문의하십시오: miniworldcustomerservice@gmail.com"
100238,미니월드 비밀번호 찾기 인증번호
100239,"""[미니월드] 인증번호는 {1}입니다. 인증번호는 1시간 이내에 유효합니다. 미니번호 정보를 타인에게 알리지 말고 미니번호를 안전하게 유지하십시오. 본인 조작이 아닌 경우 미니번호 비밀번호를 즉시 수정해 주십시오. 
 -------------------------------------------------------------------------------------------
 도움이 필요하면 고객 서비스에 문의하십시오. 
 공식 고객 서비스 QQ: 800800864. 
 고객서비스가 너무 오래 줄을 서는 경우, 전화 전용선: 0755-86953710(10:00~20:00), 연락처 우편함: gm@mini1.cn"
100240,계정을 이메일에 연결했습니다. 게임을 새로고침하고 다시 시작하세요
100241,미니 ID는 이미 휴대 전화 번호에 바인드되고 있습니다. 게임을 업데이트하거나 다시 로그인하십시오
100242,계정은 사서함에 바인딩되어 있지 않습니다. 게임을 업데이트하거나 다시 로그인하십시오
100243,계정은 휴대 전화 번호에 바인드되어 있지 않습니다. 게임을 업데이트하거나 다시 로그인하십시오
100250,(알파벳의 대문자와 소문자를 구별한다는 점에 유의하십시오)
100251,@Null@
100252,@Null@
100253,@Null@
100254,@Null@
100255,@Null@
100256,@Null@
100257,@Null@
100258,@Null@
100259,@Null@
100260,"Transform state under repair, still need @1 seconds"
100261,The current state cannot be transformed
100262,기능 냉각 중
100263,@Null@
100264,@Null@
100265,@Null@
100266,@Null@
100267,@Null@
100268,@Null@
100269,@Null@
100270,@Null@
100271,@Null@
100272,@Null@
100273,@Null@
100274,@Null@
100275,@Null@
100276,@Null@
100277,이 기능은 유지 보수 중이며 현재로서는 파티 이름을 수정할 수 없습니다
100278,선택하신 아바타가 불법이며 제네시스를 완료할 수 없으니 공식 클라이언트를 이용하셔서 게임을 플레이해주세요
100300,@Null@
100499,@Null@
100500,미니 대장의 시련
100501,@Null@
100502,@Null@
100503,@Null@
100504,@Null@
100505,@Null@
100506,@Null@
100507,@Null@
100508,@Null@
100509,@Null@
100510,@Null@
100511,"당분간, 후속 버전을 기다리십시오, 귀하의 지원에 감사드립니다!"
100512,현재 HarmonyOS의 새로운 버전이 경험 단계에 있으며 광고는 일시적으로 재생할 수 없습니다.
100597,@Null@
100598,광고 보너스
100599,@Null@
100600,#L확률 안내#n
100601,(10개 수확!)
100602,(1개 수확)
100603,확률 안내
100604,이번 보너스 보기
100605,확인
100606,보너스 명칭
100607,확률
100608,이벤트 규칙： 1. 이벤트 시간 내 이벤트권 1장을 소비하면 이벤트 열매 1개를 얻을 수 있으며 탈것 파편 등 희귀 아이뎀을 받을 수 있습니다. 2. 열 번 연속 추첨하거나 열 번 누적하면 무조건 탈것 파편을 얻을 수 있으며 만약 한 번에 탈것 파편을 얻을 경우 추첨 누적횟수는 다시 시작한다. 3. 본 이벤트의 해석 권리는 미디세계에 있다.
100609,건너뛰기
100610,다시 한 번
100611,"축하드립니다, 플레이어@1! @2@3을 획득하셨습니다."
100612,남은 아이템: @1
100613,재배 가이드
100614,기르기 가이드
100615,몬스터 가이드
100616,부뚜막 가이드
100617,홈 편집 가이드
100618,안녕하세요~ 새로운 홈에 오신 것을 환영합니다! 제가 소개해 드릴게요~
100619,"홈에서는 야채 재배, 몬스터 기르기, 몬스터 배양 및 홈 가꾸기 등을 즐길 수 있습니다. 구체적인 플레이 법은 관련 npc에 문의하세요~"
100620,그럼 지금 바로 농장 상인을 찾아가 어떻게 재배를 하는지 알아볼까요?
100621,"안녕하세요, 작물을 식사하는 방법을 가르쳐 줄 것입니다! 우선, 당신은 씨앗을 사고 농장에 가서 재미있는 놀이를 경험해야합니다."
100622,"씨앗을 사고 나서, 나 뒤에 가고 #cfa7a0f 농장 #n에서 공장하십시오! 이제는 많은 농지가 없지만 열심히 일하는 한 더 많은 농지를 열 수 있습니다."
100623,"수확 된 #cfa7a0f 자르기 #n은 나에게 팔릴 수 있습니다, #cfa7a0f 신비한 상인 #n이 나타나고 #cfa7a0f는 높은 가격 #n에서 작물을 획득하고, 더 많은 돈을 벌기 위해 그에게 그것을 팔아야합니다. 그가 언제 나타나는지 알지 못한다. 나는 항상 당신을 위해 거기에있을 것입니다 ..."
100624,말을 그만 하고 밀 3 개 심어보실래요?
100625,농장 상인과의 대화
100626,농장 상인한테서 밀 씨앗 3 개 구매하기
100627,농장가서 밀 씨앗 3 개 심기
100628,수확한 밀 3 개를 농장 상인한테 판매하기
100629,"이봐! 이 두 닭을 만날 때, 당신은 만날 것입니다! 그것을 보지 마십시오. 병아리는 옆에 #CFA7A0F 목초지 #n을 가져갈 수 있습니다!"
100630,작은 동물을 먹기 위해 어떤 것들을 먹이는 것이라고 가속화 할 수 있습니다.
100631,Ranch Trader와 이야기하십시오
100632,목장에서 2 닭을 키우십시오
100633,몬스터 대장과의 대화
100634,몬스터 한 마리 소유
100635,몬스터 한 마리 선택하여 속성을 양성해 보세요
100636,외출하여 탐험하기
100637,안녕하세요! 탐험은 초보시네요! 몬스터를 준비하여 저희와 같이 탐험 갑시다!
100638,"가고 싶은지도와 애완 동물을 선택하십시오. 애완 동물을 위해 탐험을 할 수 있습니다! 가자, 출발하자!"
100639,"#cfa7a0f 애완 동물 구매 저장소 #n에 가서 더 높은 품질의 애완 동물을 구입할 수도 있고 귀중한 레벨 애완 동물과 전설적인 애완 동물이 있지만 적당한 소비에주의를 기울일 수 있습니다! 아, 전설적인 애완 동물의 전설적인 수준이 선장은 그것을 본 적이 없었습니다 ..."
100640,"애완 동물 어드벤처는 그들을 준비해야합니다. 밖으로 나가기 전에, 애완 동물의 힘이 높을수록 성공적인 모험의 확률이 높아짐, 행운을 빕니다!"
100641,"안녕하세요 ~ 음식을 요리하고 싶다면, 당신은 나 옆에 스토브를 사용할 수 있습니다 ~"
100642,"재료는 농업 및 번식 동물을 통해 얻을 수 있으며, 요리하는 방법을 경험하십시오!"
100643,#cfa7a0f 밀 빵을 만들어 #n 시도해보십시오.
100644,정원 셰프와의 대화
100645,밀빵 하나 만들기
100646,정원 장인과의 대화
100647,임의로 가구 하나 제작하기
100648,정원 편집 모드에 들어가셔서 금방 제작한 가구를 배치해 주세요.
100649,편집 된 가정 및 재생 모드로 돌아가 저장
100650,가구를하거나 자원을하고 싶다면 자료를 준비하기 위해 자료를 준비 할 수 있습니다. 옆에 워크 벤치를 사용할 수도 있습니다!
100651,옆에 워크 스테이션을 사용하여 가구를 먼저 만들어보십시오!
100652,"#cfa7a0f 홈 사업가 #n은 #cfa7a0f 가구 #n과 #cfa7a0f 그리기 #n을 구입할 수 있습니다, 나는 도면을 샀다, 나는 단추가있는 집을 생성 할 준비가되어 있습니다, 그것은 매우 강력합니다!"
100653,"#cfa7a0f가 가구 #n 또는 #cfa7a0f를 원한다면 #cfa7a0f 자료 및 집 통화 #n을 준비하려면 #cfa7a0f 재료 및 홈 통화 #n을 준비 할 수 있습니다, 옆에 워크 벤치를 사용할 수도 있습니다!"
100654,처음에는 #cfa7a0f workbench #n의 측면을 사용하여 #cfa7a0f 가구 #n을 만들 수 있습니다!
100655,"설명 : 팜 사업가를 클릭하고 ""저장소""를 클릭하고 ""밀폐""을 선택하고 구매 수를 선택하고 버튼을 클릭하면 성공적으로 구입할 수 있습니다."
100656,"설명 : 농장 비즈니스에서 세 밀 씨앗을 구입하고, 홈 배낭을 클릭하십시오 - 자원 - 씨앗을 클릭하고 밀 씨앗을 확인하고 항목 열로 드래그하려면 팜의 공기 공간으로 이동하십시오."
100657,"설명 : 농장 사업가를 클릭하고 ""상점"", ""판매""탭을 클릭하고 ""밀""을 찾고, 판매를 선택하고, 판매 할 수 있습니다, 배낭에 밀이 없으면 판매 할 수 있습니다. 밀 씨를 심는 농장에 가서 밀을 수확하십시오."
100658,"설명 : 주택 배낭 - 자원 - 생물학적 계란, 닭고기를 확인하고 클릭하여 항목 열로 드래그하여 목초지의 빈 바닥으로 이동하십시오."
100659,설명 : 홈 배낭 - 애완 동물 막대를 클릭하십시오 - 애완 동물 계란을 선택하고 항목 열에 드래그 앤 드롭을 선택하고 애완 동물 계란을 사용하여 애완 동물을 얻으려면 클릭하십시오.
100660,"설명 : 어떤 애완 동물을 선택, 기차를 클릭 애완 동물 홈을 마우스 오른쪽 버튼으로 클릭 한 교육 자료를 추가하고, 기차 버튼을 클릭합니다. [이 교육을 보장 애완 동물의 능력에 향상시킬 수 있습니다.]"
100661,"설명 : 모험 메뉴를 열고 모험 맵을 선택, 모험 애완 동물과 모험의 음식을 추가 (필요한 경우, 휴대 소품을 추가)하는 애완 동물 모험 선장을 마우스 오른쪽 버튼으로 클릭하고 모험을 시작할 수 있습니다."
100662,설명 : 빌드 및 제조 가구와 자원에 공예 메뉴를 열려면 홈 장인을 마우스 오른쪽 단추로 클릭
100663,"설명 : 편집 홈 모드를 입력 할 경우에만, 당신은 자유롭게 가정을 구축 할 수 있습니다."
100664,"지금 당신은 당신이 집에 대해 알아야 할 모든 것을 배운 것을, 당신이 당신의 자신의 독점적 인 가정을 구축하는 방법을 당신이야!"
100665,버니 미용
100666,8 세 미만
100667,9-12 세
100668,"이봐, ""미니 세계""를 했니?"
100669,나는지도가 필요한 초보자입니다
100670,놀아라는 방법을 가르쳐주세요
100671,조금 재생하는 방법을 알아라
100672,비슷한 게임을하고 기본 조작을 알고있었습니다
100673,나는 전문가이다
100674,세상을 만들어 보겠습니다!
100675,멀티 플레이어 모드를 시도해보십시오! 함께 노는 것은 더 재미있을 것입니다
100676,멀티 플레이를 클릭하십시오
100677,좋아하는지도를 선택하고 재생을 시작하십시오!
100678,이걸 놀아 라
100679,%s 가 놀고있다
100680,튜토리얼을 완료하기위한 축하드립니다! 다음으로 좋아하는 게임을하십시오!
100681,%ds 를 계속하려면 화면을 클릭하십시오
100682,지도 지침을 만듭니다
100683,여기서지도를 만들 수 있습니다. 세 가지 모드 중에서 선택할 수 있습니다.
100684,생존 모드
100685,자원을 직접 파십시오
100686,창의력을 얻으십시오
100687,무제한 리소스
100688,저장소를 설정할 수 있습니다
100689,더 빠른 생성 도구
100690,내 저장 파일 시작 : %d
100691,파일 저장 파일 : %d
100692,더 많은 슬롯을 구입하려면 미니 동전을 사용하십시오
100693,저장할 수있는지도 수에는 한계가 있습니다.
100694,지도를 만든 후 다른 플레이어와 업로드하고 공유 할 수 있습니다.
100695,창조물을 공유하십시오
100696,플레이어 피드백을 얻으십시오
100697,고품질지도는 수입 및 교통 지원을받을 수 있습니다.
100698,이해 했어요
100699,기본 정보를 입력하십시오
100700,13-16 세
100701,17 세 이상
100702,나이
100703,"#cFF0000If 대화가 친구, 계정 암호, 지불 전송, 무료 선물 및 기타 관련 콘텐츠를 추가하기 위해 이어지는 것을 포함합니다."
100704,#L#c0000FFclick 사기 사건을보고 지식을 배우고 속이는 것을 조심하십시오!
100705,좋아하는 피부를 선택하여 체험해 보세요
100706,좋아하는 게임 스타일을 선택해 주세요
100707,저희가 취향에 따라 추천해 드리겠습니다
100708,좋아하는 스타일을 선택해 주세요
100709,"축하드립니다, 새로운 피부을 체험할 수 있습니다!"
100710,시뮬레이션
100711,모험생존
100712,롤플레잉
100713,레이싱
100714,스포츠
100715,아쉽지만 포기하기
100716,대답 시작하기
100717,귀하의 취향을 알아보고 맞춤형 콘텐츠를 제공할 수 있기 위해 몇 가지 문제에 대답해 주세요. 체험용 피부믄 귀하의 것이 됩니다.
100718,%s-%s일 체험하기
100719,%s（영구）
100721,@Null@
100722,@Null@
100723,@Null@
100724,@Null@
100725,@Null@
100726,@Null@
100727,@Null@
100728,@Null@
100729,@Null@
100730,"네트워크 환경이 불안정합니다>_<, 나중에 저장소의 스킨을 다시 사용하십시오."
100731,솔직한 성격과 날뛰는 열혈 부족 십대.
100732,부족 족장의 딸인 그녀는 온화한 성격과 무한한 힘을 가지고 있습니다.
100733,좋아하는 게임 선택!
100734,초보자를 위한 독점 보상
100735,챌린지를 완료하면 [color=#ce7400] 미스터리 선물 상자[/color]를 얻을 수 있습니다.
100736,게임 시작
100737,리워드 받기
100738,다시 도전하세요
100739,*완료되면 다시 돌아와 보상을 받는 것을 잊지 마십시오!
100740,이미 보상을 받았습니다!
100741,니니가 길을 잃었다?!
100742,"모험가님, 드디어 오셨군요, 니니를 찾도록 도와주세요, 알았죠?"
100743,지금 이동하기
100744,나중에 자세히 설명합니다
100745,초보자를 위한 특별 혜택
100746,"모험가님, 도와주셔서 감사합니다!"
100747,미션 획득 및 개봉
100748,* 미션을 완료하여 [color=#b565d9] 영구 [/color] 성격 의상으로 업그레이드
100800,"게임 감지 이상, 불법 타사 소프트웨어, 공정한 게임을 사용하지 마십시오"
100801,"친애하는 선수 여러분, 입장하려면 오른쪽 상단에 있는 매장을 열어주세요!"
100802,"친애하는 선수 여러분, 광고 [@1] 보상이 성공적으로 발행되었습니다!"
100803,"친애하는 선수 여러분, [@1] 보상이 성공적으로 발행되었습니다!"
100934,@Null@
100935,페이지 설정
100936,트리거에서 마우스 호출
100937,모바일 버전은 플레이어 제어를 해제합니다
100938,새 페이지가 열릴 때 닫습니다
100939,수준
100940,페이지 상태
100941,콘텐츠
100942,패턴 변경
100943,맞추다
100944,상위 구성 요소와 맞 춥니 다
100945,글꼴 형식
100946,글꼴 색상
100947,글꼴 크기
100948,층
100949,투명도
100950,구성 요소 프레임을 초과하는 하위 집합을 표시합니다
100951,연관 짓다
100952,협회 설정
100953,부모 구성 요소와 연결합니다
100954,줌 메서드
100955,구성 요소 페이지 상태 설정
100956,동기화 상태
100957,바로 가기 키
100958,입력 제한 사항
100959,레벨 설정
100960,템플릿으로 저장
100961,구성 요소의 맨 아래로 조정하십시오
100962,구성 요소의 맨 위로 조정하십시오
100963,서브 세트가된다
100964,저장
100965,자동 저장 완료
100966,트리거를 추가하십시오
100967,구성 요소를 선택하십시오
100968,선택된 구성 요소 또는 기본 구성 요소로 추가 된 하위 구성 요소
100969,빠른 항목 추가
100970,입력란
100971,플레이어 입력을받습니다
100972,기본 패널에 템플릿을 저장하십시오
100973,이 템플릿을 삭제 하시겠습니까?
100974,구성 요소를 추가하십시오
100975,공식 템플릿
100976,사용자 정의 템플릿
100977,기본 구성 요소
100978,문자 메시지를 전달하십시오
100979,대화식 피드백이 제공됩니다
100980,작업이 너무 빈번합니다
100981,오른쪽 상단의 기능
100982,페이지 상태의 중복 이름 지정은 지원되지 않습니다! 이름을 바꾸십시오.
100983,"성공적으로 가져 오기, 현재지도에서보십시오"
100984,선택한 항목을 복사 할 항목을 확인하십시오 (현재 트리거를 복사 할 수 없으며 향후 버전에서는 지원됩니다)
100985,상태 동기화 성공
100986,새 페이지 상태
100987,수평 간격을 고정시킵니다
100988,고정 왼쪽 간격
100989,고정 된 오른쪽 간격
100990,고정 수직 간격
100991,고정 상단 간격
100992,고정 된 바닥 간격
100993,현재 페이지 상태 삭제 및 이전 페이지 상태로 돌아갑니다.
100994,텍스트 없음
100995,게임 내 인터페이스
100996,유명한
100997,기본 페이지
100998,구성 요소를 삭제하면 모든 하위 구성 요소가 함께 삭제됩니다.
100999,인터페이스 편집기
101000,인터페이스
101001,인터페이스 이름을 입력하십시오
101002,당분간 인터페이스가 없습니다. 지도로 이동하여 볼 새 인터페이스를 만드십시오!
101003,먼저 인터페이스를 선택하십시오.
101004,#c515555 선택 : #n #cff0000 @1 #n
101005,기본 라이브러리에 이미 선택된 인터페이스가 있는 경우 덮어쓰고 그렇지 않은 경우 새 인터페이스가 추가됩니다.
101006,다음 인터페이스는 현재 맵에 이미 있으며 이러한 UI 라이브러리를 일괄적으로 덮어쓰거나 건너뛸 수 있습니다.
101007,기본 정렬
101008,최근 수정 된 것
101009,이 인터페이스를 삭제하시겠습니까?
101010,현재지도 아래의 수정을 평가하십시오
101011,인터페이스를 만들려면 아카이브를 입력해야 합니다.
101012,크리에이티브 모드에서는 새 인터페이스를 만들 수 없습니다!
101013,인터페이스를 편집하려면 아카이브를 입력해야 합니다!
101014,크리에이티브 모드에서는 인터페이스를 편집할 수 없습니다!
101015,템플릿 맵에서 새 인터페이스를 만들 수 없음
101016,구성 요소
101017,창문
101018,구성 요소를 선택하십시오!
101019,건강 바
101020,미니지도
101021,목록
101022,제어판
101023,무늬
101024,텍스트
101025,단추
101026,기본 템플릿
101027,배경 이미지
101028,단어
101029,국경
101030,(애완 동물 진화는 속성 한도를 향상시킬 수 있음)
101031,이 훈련 결과를 저장하고 싶습니까?
101032,"교육 결과는 기본적으로 저장되지 않고, 좋아하는 속성을 저장하는 것을 잊지 마십시오."
101033,다시 시도하십시오
101034,속성 교체 성공!
101035,현재 교육 결과는 원래 속성보다 낮으므로 저장 하시겠습니까?
101036,현재의 훈련 결과는 애완 동물의 기술 포인트를 증가시킵니다. 다시 시도하고 싶습니까?
101037,스킬 포인트
101038,이전 애완 동물 훈련의 기록은 없습니다
101039,작동 오류
101040,속성은 가득 차 있습니다
101041,농장에서 밀 심기
101042,농장에서 쌀 심기
101043,농장에서 밀을 수확하는 것
101044,농장에서 당근을 심고 수확하십시오
101045,목장에서 번식 암소
101046,목장에서 번식 돼지
101047,목장에서 작은 동물을 먹이십시오
101048,목장에 가서 닭고기를 얻으십시오
101049,쌀을 만들기 위해 난로에 가서
101050,수박 주스를 만들기 위해 스토브로 가십시오
101051,과일 나무를 사용하여 과일 우드 보드를 만드는 Workdesk에 가십시오.
101052,Sugarcane을 사용하여 종이를 만들기 위해 Workdesk로 가십시오
101053,편집 홈 모드를 입력하고 가구를 놓으십시오
101054,숲지도에 모험
101055,일반지도에 모험
101056,친구의 집을 방문하십시오
101057,암소를 구입하기 위해 목장 상인을 찾으십시오
101058,어떤 상인에게 주황색을 판매하십시오
101059,Ranch 상인에게 우유를 판매하십시오
101060,수박 씨앗을 사기 위해 팜 상인을 찾으십시오
101061,홈 요리사를 찾으려면 소금을 사십시오
101062,가정에서 5 분을 즐기십시오
101063,집에서 10 분을 연주하십시오
101064,Fairy Candy를 사용하여 PET 속성을 훈련시킵니다
101065,Fairy Candy를 사용하여 PET 속성을 훈련시킵니다
101066,농장에서 과일 나무 심기
101067,농장에서 설탕 지팡이 심기
101068,농장에서 수박 심기 및 수확
101069,농장에서 과일 나무 심기 및 수확
101070,돼지를 구입하기 위해 목장 상인을 찾으십시오
101071,목장에서 돼지 번식
101072,목장에서 작은 동물을 먹이십시오
101073,홈 요리사가 목장에서 비행 닭을 얻는 것을 돕는다.
101074,로스트 스테이크를 만들기 위해 스토브로 가십시오
101075,Workdesk에 가서 모래를 사용하여 유리를 만드십시오
101076,편집 홈 모드를 입력하고 가구를 놓으십시오
101077,언덕지도에 모험
101078,친구의 집을 방문하십시오
101079,수박 씨앗을 사기 위해 팜 상인을 찾으십시오
101080,"Ranch Trader, 그가 소금을 사는 것을 도와주세요"
101081,가정에서 15 분을 즐기십시오
101082,"작물을 판매하여 3,000 개의 가정 동전을 얻으십시오"
101083,스테이크를 Ranch Trader에게 판매
101084,새로운 애완 동물 파트너를 채택하십시오!
101085,가정 상점에서 일련의 가구를 구입하십시오
101086,가정 상점에서 가구를 구입하십시오
101087,8 시간 이내에 평야지도를 지우십시오!
101088,16 시간 이내에 숲지도를 지우십시오!
101089,모든 애완 동물의 속성 50 점을 늘리십시오
101090,"농장 상인은 커피를 마시고, 그를 스토브에 컵을 만드는 것을 도와주고 싶습니다."
101091,집 / 건축 자재의 두 조각을 생산합니다
101092,"작물을 판매하여 10,000 개의 홈 동전을 얻으십시오"
101093,Darwin에게 10 개의 오렌지를 판매했습니다
101094,일일 작업
101095,팁 : 매일 일일 작업을 @1 번 새로 고칩니다. 현재 완료되었습니다 (#c0aaa1a @2 #n / ​​@3) 번을 버려졌습니다 (#c0aaa1a @4 #n / ​​@5) 번
101096,길
101097,포기 작업
101098,"이 작업을 포기 하시겠습니까? 포기한 후, 작업은 사라집니다."
101099,작업을 계속하십시오
101100,이 작업은 버려 질 수 없습니다
101101,이 작업은 버려졌습니다
101102,일일 작업이 완료된 것으로 도달했습니다
101103,포기 한도를 초과했습니다
101104,축하합니다! 오늘의 작업이 완료되었습니다!
101201,@Null@
101202,보상 풀 카운트 다운
101203,복권 기록
101204,현재 보상 풀 조각
101205,보상
101206,목록을 선택하십시오
101207,보상 이름
101208,보상 시간
101250,@Null@
101251,퍼레이드 보너스
101252,통풍구
101253,신비한 행동
101300,@Null@
101301,Guardian Giftpack.
101302,오늘 도움
101303,지원자를 돕는다
101304,가드를 활성화하십시오
101305,보상을 수집하십시오
101306,하늘
101307,현재 도움을 줄 수 없습니다
101308,보상을 얻으십시오
101309,이벤트 규칙
101310,"1 : 성장 가드 이벤트는 발사 후 7 일 동안 지속될 것이며, 7 일 \n 2 : 매주 금요일, 토요일, 일요일에 많은 수의 보상을받을 수 있습니다. \n 3 : 성공적으로 지원 후, 더 많은 보상을받을 수 있습니다"
101311,스타 파워 :
101312,다음과 같은 보상을받는 것을 축하드립니다
101313,보호자 계획을 시작하십시오. 7 일 후에 많은 보상을받을 수 있습니다.
101314,지키는 자라는 성장 ??????????????????????????????????????????????????????????????
101315,"매주 금요일, 토요일, 일요일은 보호 할 수 있습니다"
101316,보호자의 계획은 끝났습니다
101317,"도움말 가드, 더 많은 보상을 받으십시오"
101318,"성장 가드, \n를 시작하십시오. 가드가 끝나면 많은 보상을받을 것입니다."
101350,@Null@
101351,국보 복직
101400,@Null@
101401,사육제
101402,@Null@
101403,@Null@
101404,@Null@
101405,@Null@
101406,"비밀번호가 잘못되었습니다, 올바른 음악 비밀번호를 입력해주세요"
101407,본인의 음악 암호는 사용할 수 없습니다
101450,예약 ID: 101351-101400
101451,연간 선택
101550,예약 ID: 101451-101550
102000,예약ID: 102000-102499
102001,"- 맵이 30명에 도달하면 게임을 시작합니다. - 게임 시간은 20분이며, 제 시간에 Nian Beast를 성공적으로 물리치면 승리할 수 있습니다. - 전체 서버 임무는 모든 플레이어가 함께 완료해야 합니다."
102002,- 방을 청소하면 해당 게임 포인트를 얻을 수 있습니다. -  보관함을 열어 복숭아 부적 아이템을 집어 들고 게이트로 이동하여 게시하면  많은 게임 포인트를 얻을 수 있습니다. - 게임 시간이 끝나면 포인트에 따라 해당 랭킹을 획득합니다.
102003,멀티플레이어 클라우드 슈트 팀 배틀 드라이브 새해 야수 상
102004,1
102005,2
102006,3
102007,4
102008,5
102009,6
102010,7
102011,8
102012,9
102013,10
102014,하루
102015,달
102016,모든 서버에서 성공한 총 챌린지 수는 %d번입니다.
102017,([색상=#4d9f4c]%d[/색상]/%d)
102018,([색상=#4d9f4c]%d[/색상]/[색상=#4d9f4c]%d[/색상])
102019,니안 비스트에게 도전하세요
102020,전통적인 당나라 풍습은 고대와 현대의 당나라 설날을 축하하기에 충분합니다
102021,활동 시간: %s월 %s일 - %s월 %s일
102022,보수:
102023,받다
102024,지도로 이동
102025,이벤트가 진행 중이 아닙니다.
102026,%s 월%s 일 - %s 월 %s 일
102027,"Datong Star의 세속적 인 주인은 불멸의 사람처럼 매우 잘 생기고 환상에 능숙하며 종종 불멸의 학으로 변신하여 세상에서 날아갑니다. 외부인에게는 알려지지 않은 신비한 정체가 있는 것 같고, 류셴얼과의 관계도 매우 가깝고, 류셴얼이 화를 낼까봐 가장 두렵다."
102028,
102029,부의 신이 오기까지는 아직 남아 있습니다
102030,예약이 가능하며 매일 수령할 수 있습니다.
102031,상금 풀을 공유하는 것과 멀지 않습니다
102032,"포르투나 광장으로 가서 부의 신을 숭배하고 ""부의 신 티켓""을 받아 미니 코인을 나눕니다."
102033,상금 풀 공유 자격: [color=#D62C2C] 획득하지 못함[/color]
102034,상금 풀 공유 자격: [color=#378e35] 획득[/color]
102035,남은 상금 풀
102036,친구를 초대하여 도움을 요청하고 전체 보상을 받으세요
102037,전쟁의 해 야수를 모으십시오
102038,새해를 축하합니다
102039,바쁜 작은 탕
102040,메타버스에서 등불을 즐기자
102041,부의 신을 기뻐하고 환영하십시오.
102042,빨간 봉투 바자
102043,끝난
102044,%s 월 %s 일 열기
102045,- 당나라 중국의 모든 활동에 참여하여 빨간 봉투 보상을 받으세요 - 빨간 봉투는 레드 패킷 마켓에서 다양한 보너스 아이템으로 교환할 수 있습니다. - 당나라의 새해 풍습을 보러 오세요
102046,"일을 하느라 바쁘고, 당나라 새해를 기뻐합니다"
102047,연료 성공
102048,신규 사용자는 부스트에 참여할 수 없습니다.
102049,도움을 주셨습니다
102050,부스터 코드가 비어 있습니다.
102051,부의 신이 내려와 수천만 개의 미니 코인을 나눕니다.
102052,개최 기간:
102053,"- 예약 단계 : 예약 개시 후 매일 빨간 봉투 보상을 받을 수 있습니다. - 활동 단계 : 포르투나 광장에 입장하여 부의 다섯 신을 숭배하고 다섯 가지 유형의 부의 신 쿠폰 조각을 God of Wealth 쿠폰으로 획득하면 수천만 개의 미니 코인 분할에 참여할 수 있습니다. - 공유 단계: 추첨을 통해 미니 코인 상금 풀을 나누고 재고가 소진되는 동안 - 미니 코인 확률: 35%, 레드 패킷 확률: 65%"
102054,이 사용자 부스트가 가득 찼습니다.
102055,너 자신을 도울 수 없다
102056,부스터 코드가 잘못된 경우 친구가 선물을 받을 수 있도록 올바른 부스터 코드를 입력하세요
102057,보상 받기
102058,초
102059,나누다
102060,시간
102061,하늘
102062,받다
102063,주장
102064,예약이 성공적이었습니다
102065,예약 실패
102066,"이전 메타버스에 참여 , 오늘의 한도: @1/@2"
102067,희망의 불꽃이 부족하니 메타버스 이벤트에 참여하세요
102068,- 이벤트 맵에 들어가 어퍼 메타버스를 직접 경험하세요 - 맵에서 NPC를 찾아 랜턴 수수께끼 활동을 추측하고 올바르게 추측하여 Shangyuan 선물 상자를 받으세요. - Shangyuan 선물 상자를 획득하여 희망의 불꽃을 얻으세요. - 희망의 불꽃을 모아 하루에 최대 20개까지 불을 켜세요.
102069,남은 수량:
102070,남은 수량이 부족합니다
102071,드레스
102072,나무 조각
102073,소품
102074,빨간색 패킷 수가 부족합니다.
102075,Mini World에 오셔서 당나라의 해를 함께 축하하세요!
102076,"비밀번호가 올바르지 않습니다, 올바른 구정 비밀 언어를 입력하십시오"
102077,공유 코드가 만료되었습니다.
102078,당신은 당신 자신의 구정 속삭임을 사용할 수 없습니다
102079,상환 초과분
102080,반복 사용
102081,미니 세계 당나라 중국 해
102082,큰 빨간 봉투를 받을 수 있는 기회를 얻기 위해 새해 행운을 시험해 보세요.
102083,Fortuna가 도와줍니다.
102084,총상금
102085,부의 신이 도착했으니 가서 미니 코인을 나눠주세요
102086,1명의 플레이어만 도울 수 있습니다.
102087,도움을 청한다
102088,부스터 코드를 공유하고 친구를 초대하여 상품을 받으세요
102089,즉시 Sheng Tang 왕조를 건너 Great Tang Dynasty가되자!
102090,부의 신이 강림한다
102091,데이터 로딩
102092,"- 일일 과제를 완료하여 빨간 봉투 보상을 받고, 빨간 봉투 시장에서 빨간 봉투를 다양한 보상으로 교환할 수 있습니다. - 중국 설날 비밀 단어 시리즈: 중국 설날 비밀 단어를 친구들과 공유하고 이 비밀 언어를 게임에 입력하면 양 당사자 모두 많은 빨간 봉투 보상을 받을 수 있습니다. - 장안시를 탐험하고 친구들과 장안시에 들어가 플레이하세요."
102093,%d일 남음
102094,%d시간 남음
102095,%d분 남음
102096,%d초 남음
102097,미니 월드를 열어 빨간 봉투를 받고 비밀 단어를 복사하세요.
102098,곧 WeChat을 열고 연락처를 선택하고 비밀 언어를 붙여넣습니다.
102099,곧 QQ를 열려면 연락처를 선택하고 비밀 단어를 붙여넣습니다.
102100,먼저 WeChat을 설치하거나 입력 상자를 클릭하여 비밀 언어를 복사하십시오.
102101,먼저 QQ를 설치하거나 입력 상자를 클릭하여 비밀 언어를 복사하십시오.
102498,중국 설날 빨간 봉투
102499,예약ID: 102000-102499
102500,Xiaolou 앨범
102501,아이템 소개
102502,보상 받기
102503,Xiaolou 앨범을 잠금 해제하여 호화로운 보상을 받으세요
102504,잠금 해제 횟수
102505,1. 이벤트 맵에 들어가 입장할 해당 디지털 앨범을 선택한 후 노래를 완전히 들으면 잠금 해제가 완료됩니다.  2. 해당 앨범 수를 잠금 해제하여 보상을 받으세요.  3. 프로모션 기간 내에 보상 수집을 완료하십시오!
102506,도움말
102507,이벤트가 진행 중이 아닙니다.
102508,구성이 빈 데이터를 반환합니다
102550,예약 ID: 102500-102550
102600,기념일 혜택
102601,기념일 축하 행사
102602,오늘 %s/%s
102603,개최 기간:
102604,달
102605,하루
102606,미니 파티 맵으로 이동하여 재료를 찾고 맛있는 생일 케이크를 만드세요!
102607,파티에 참여하세요
102608,케이크 만들기
102609,총 서버 빌드 수:
102610,만리장성 건설에 참여 (%d/%d)
102611,"만화 잠금을 해제하기 위해 공동 건축에 참여하고, 총 4000W 시간 건설 목표는 4000W이며, 관계자는 만리장성을 함께 보호하기 위해 실제 총 공동 건설 수에 따라 100 : 1로 만리장성 협회에 기부합니다!"
102612,"- 파티 맵으로 이동하여 케이크를 만드는 6가지 재료를 찾으세요. - 하루에 각 재료를 1개만 얻을 수 있습니다. - 6가지 재료를 넣으면 케이크를 만들 수 있습니다. - 성공한 각 케이크는 ""별 소원""으로 보상받을 수 있습니다."
102613,도움말
102614,- 미션은 매일 24시에 새로 고쳐집니다. - 만리장성에 들어간 후 건축 자재를 찾으십시오. - 재료를 사용하여 부서진 만리장성을 쌓고 누가 먼저 얻을 수 있는지 확인하세요.
102615,"긴급 정보와 함께 [size=24][color=#ff9750] 가상 항공 연대 [/color][/size]는 공허를 이용하여 [size=24][color=#ff9750] 미니 6주년 기념 행사를 파괴하려고 합니다.      모험가는 요새에 의존해야 합니다 - [크기=24][색상=#ff9750] 만리장성[/색상][/크기], [크기=24][색상=#ff9750] 들어오는 가상 항공 연대 [/색상][/크기]!"
102616,지도에서 사용 가능
102617,", 오늘의 모자 :"
102618,- 몬스터를 물리치고 별 소원을 얻으세요 - 일일 별 소원은 40으로 제한됩니다. - 가상 항공 연대를 성공적으로 물리치고 승리를 거두세요. - 서둘러 친구들과 가상 공군 연대에 맞서 싸우세요
102619,"매치 실패, 재매치 부탁드립니다"
102620,멀티플레이어 스피드 데이트룸을 변경하시겠습니까?\n현재 플레이어 수:
102621,%d 친구는 현재 멀티플레이어 스피드 데이트 파티에 있습니다.
102622,일치시킬 장면을 하나 이상 선택하십시오.
102623,빠른 방 변경
102624,개최 기간:
102625,함께 만리장성을 쌓으세요
102626,생일 파티
102627,공허 침공
102628,창조 도전
102629,단항 피부
102630,트레비 분수
102631,이벤트 저장소
102632,파티 광장
102633,게임 친구를 초대하여 만리장성 경비대를 결성하고 매일 보상을 받아 만리장성 연결 스킨을 교환하세요.
102634,팀이 부족하므로 친구를 파티에 초대하십시오.
102635,초대 메시지가 전송되었습니다.
102636,초대를 반복하지 마십시오
102637,초대 시간: #c0aaa1a@1#n
102638,호송대에 성공적으로 합류
102639,이벤트가 종료되었습니다
102640,"전쟁의 북소리가 울려 퍼지고, 적이있는 곳마다 불길이 치솟고 있으며, 나는 죽음과 부상을 두려워하지 않습니다. 분노는 싸우는 정신으로 바뀌고, 믿음은 내 마음 속에 있으며, 돌고있는 용이 마침내 다시 올 것입니다!"
102641,"여기를 클릭하여 매일 별 소원을 받고, 별 소원을 모아 풍성한 선물을 교환하세요~"
102642,"서둘러 미니 생일 파티에 참여하고, 케이크를 만들고, 더 많은 별 소원을 모으세요~"
102643,초대하다
102644,에 추가
102645,별의 소원의 수가 부족합니다
102646,"친애하는 파트너,"
102647,"6년간의 교제에 감사의 마음을 담아 ""미니월드""는 6주년 기념 행사와 함께 여러 기념일 특전을 준비했습니다."
102648,새로운 연동 프리 드레스업!
102649,친구를 만나 가자!
102650,만리장성 경비대가 가득 찼습니다
102651,호송대에 합류했습니다
102652,"저와 함께 만리장성 경비대를 구성하러 오세요, 최신 버전으로 업데이트하세요!"
102653,만리장성 경비대에 합류하여 함께 만리장성을 지키도록 초대되었습니다
102654,버전 번호:
102655,팀 규모: #c0aaa1a@1#n
102656,"매칭, 잠시만 기다려 주십시오..."
102657,광고 로드가 완료되지 않았습니다.
102658,오늘 무료 @ 1 시간
102659,오늘의 상한선: [color=#ff491a]@1[/color]/@2次
102699,예약번호: 102600-102699
102700,각성 시련
102703,영화 티켓 재고 수: [color=#FFE79E]%d[/color]
102704,"선착순, 선착순, 재고가 소진되는 동안."
102705,보상 받기
102710,곧 WeChat을 열고 연락처를 선택하고 치트를 붙여넣습니다.
102711,곧 QQ를 열고 연락처를 선택하고 치트를 붙여넣습니다.
102712,먼저 WeChat을 설치하거나 입력 상자를 클릭하여 치트를 복사하십시오.
102713,먼저 QQ를 설치하거나 입력 상자를 클릭하여 치트를 복사하십시오.
102714,성공적으로 복사되었으므로 이동하여 공유하십시오.
102715,올바른 Awakening Cheat를 입력하십시오.
102716,자신의 각성 요령을 사용할 수 없습니다.
102717,밀라스타의 신비하고 화려한 판타지 비밀을 완전히 밝혀내세요~ 난투 PK 매치에서 앵커들의 멋진 피비린내 나는 전투와 특별 게스트 Hua Xiaolou의 참여와 새로운 MV 발표도 있습니다~
102718,미라스타스톤 부족에 큰 일이 생겼다고 들었으니 알아보자~
102719,적극적으로 일찍 일어나 근력 기술을 훈련하고 향상시켜 미래에 보스가 되지 않도록 하십시오!
102720,"세계의 무술은 빨리 깨질 수 있고, 미친 위치는 정점에 도달 할 수 있습니다 ~"
102721,"수호자의 힘, 용사를 찾아라!"
102722,영광스러운 삶의 절정에 도달하기 전에 항상 거친 길을 걸어야합니다 ~
102737,상환 코드 재고 부족
102738,교환 횟수: [color=#AC4E20]%d[/color]
102739,Mini World Awakens 영화 교환 코드를 받으신 것을 축하드립니다
102740,영화 티켓이 품절되었습니다
102741,레코드 보기
102742,XXX 영화 쿠폰을 받으신 것을 축하합니다
102743,상환 코드: %s
102744,등록 코드를 클릭하여 복사합니다
102745,사용 방법 보기
102746,%s/%s-%s/%s
102747,퍼즐 조각의 수가 부족합니다.
102748,영화 티켓 교환 코드
102749,각성을 위해 싸워라
102750,각성 레벨을 올리고 판타지 모험을 시작하세요!
102751,개최 기간:
102752,보상 사용
102753,목록
102754,회의
102755,받다
102756,세이크리드 트리 스퀘어
102757,난투 훈련장
102758,용의 탑
102759,흑룡 영토
102760,지하 궁전
102761,기원의 힘
102762,각성 레벨: @1
102763,공허의 힘
102764,각성 요령
102765,레벨 업
102766,영화 티켓 찍기
102767,공유
102768,쓰다
102769,주장
102770,부족에 무슨 일이 일어났습니다!
102771,바라곤 족장이 당신을 찾고 있습니다.
102772,켜짐 시간: @1
102773,@1은(는) 맵에서 사용할 수 있습니다.
102774,오늘의 캡: @1
102775,친구의 공유 치트를 사용하여 보상을 받으세요~
102776,각성 치트 친구와 공유
102777,자세히 보기
102778,오늘의 각성 치트를 공유하십시오
102779,친구들과 공유하여 공허의 힘을 채우고 얻으십시오
102780,보상 받기
102781,확실한가요
102782,공유자와 친구가 되어 함께 모험을 깨우세요!
102783,Awakening Cheats를 성공적으로 입력하십시오
102784,근원의 힘을 획득하신 것을 축하드립니다!
102785,내 치트 공유
102786,각성 요령 사용
102787,목록
102788,순위
102789,게임 닉네임
102790,승리 횟수
102791,"""미니 월드 각성"" 기자회견 시간: @1"
102792,지금 참석하세요
102793,팁 : 소리를 켜서 시청하면 경험이 더 좋습니다 ~
102794,완료 시 보상이 자동으로 지급됩니다.
102795,출시
102796,매일 로그인하여 많은 퍼즐 샤드 보상을 받으세요
102797,트라이얼에 들어가 각성 레벨을 올리면 미로 조각도 얻을 수 있습니다~
102798,보수:
102799,@Jan@2nd
102800,지금 이동하기
102801,각성 치트는 비울 수 없습니다
102802,자신의 각성 요령을 사용할 수 없습니다.
102803,개최 기간:
102804,완료 시 보상이 자동으로 지급됩니다.
102805,계속 될
102806,주장
102807,팁 : 소리를 켜서 시청하면 경험이 더 좋습니다 ~
102808,영화 개봉이 한창입니다
102809,"""미니월드의 각성"""
102810,오늘의 각성 치트를 공유하십시오
102811,친구들과 공유하여 공허의 힘을 채우고 얻으십시오
102812,각성 치트 친구와 공유
102813,친구의 치트를 사용하여 보상을 받으세요~
102814,각성 요령
102815,각성 요령 사용
102816,공유자와 친구가 되어 함께 모험을 깨우세요!
102817,미니 월드를 열어 각성 이벤트에 참여하세요
102818,요령 복사:
102819,Awakening Cheats를 성공적으로 입력하십시오
102820,근원의 힘을 획득하신 것을 축하합니다~
102821,내 치트 공유
102822,확실한가요
102823,각성 요령은 더 이상 유효하지 않습니다
102824,돌아오다
102825,다른 효과적인 각성 치트를 시도하십시오
102826,자세히 보기
102827,가서 데리러
102828,지금 이동하기
102829,지금 참석하세요
102830,밖
102831,통관 시간
102832,보물 찾기 횟수
102833,패배한 보스의 수
102834,회의
102835,당신은 가장 높은 수준에 도달했습니다
102836,순위표 데이터는 5분마다 새로 고쳐집니다.
102837,순위
102838,플레이어 이름
102899,예약 ID: 102700-102899
102900,행복한 마을
102901,1. 매일 게임에 로그인하면 교환 쿠폰을 받을 수 있습니다.\n2.교환 쿠폰은 교환 상점에서 풍부한 게임 아이템으로 교환할 수 있습니다.\n3.마을로 이동하여 금화를 획득하여 이벤트 미션을 완료하세요.\n4.금화를 누적하여 획득하면 작업은 한 번만 완료할 수 있습니다.\n
102902,미니 해피 타운
102903,코인을 얻기 위해 작업을 수행하고 메이 데이의 매장 관리자가 되십시오.
102904,미션을 완료하고 바우처를 받아 선물을 교환하세요.
102905,이벤트가 곧 종료되므로 가능한 한 빨리 교환하십시오.
102906,활성 작업
102907,교환 상점
102908,지금 이동하기
102909,개최 기간:
102910,주장
102911,받다
102912,머리
102913,"바우처가 부족할 경우, 이벤트 미션을 완료하여 획득하세요."
102914,"매일 대량의 교환쿠폰을 받으실 수 있고, 교환쿠폰은 푸짐한 선물로 교환하실 수 있으니 놓치지 마세요~"
102915,네트워크 연결에 실패했습니다. 네트워크 상태를 확인하고 다시 시도하십시오.
102916,이벤트가 끝났습니다 ~
103099,예약번호: 102900-103099
103100,예약ID: 103100-103299
103101,"1. 매일 게임에 로그인하면 ""zongzi"" 보상을 받을 수 있습니다.\n2.  ""Zongzi""는 교환 상점에서 넉넉한 게임 아이템으로 교환할 수 있습니다. \n3입니다.  ""zongzi""를 얻기 위해 작업을 완료하십시오. \n4입니다.  이벤트 과제는 매일 24시에 새로 고쳐지며, 제 시간에 보상을 수령하십시오. \n5입니다.  리더보드를 열어 신들의 멋진 공연을 감상하세요."
103102,예의를 갖추어 쌀 만두를 모으십시오.
103103,휴대전화 바인딩
103104,칼라 zongzi
103105,"드래곤 보트 축제, 드래곤 보트 경주, 쌀 만두 수집의 풍습을 예의롭게 경험하십시오!"
103106,드래곤 보트 축제 축하
103107,칼라 zongzi
103108,곧 WeChat을 열고 연락처를 선택하고 비밀 언어를 붙여넣습니다.
103109,곧 QQ를 열려면 연락처를 선택하고 비밀 단어를 붙여넣습니다.
103110,먼저 WeChat을 설치하거나 입력 상자를 클릭하여 비밀 언어를 복사하십시오.
103111,먼저 QQ를 설치하거나 입력 상자를 클릭하여 비밀 언어를 복사하십시오.
103112,당신은 당신의 자신의 드래곤 보트 비밀 언어를 사용할 수 없습니다
103113,"비밀 언어가 잘못되었습니다, 올바른 드래곤 보트 비밀 언어를 입력하십시오"
103114,성공적으로 복사되었으므로 이동하여 공유하십시오.
103115,비밀 단어는 비워 둘 수 없습니다
103116,당신은 당신의 자신의 비밀 언어를 사용할 수 없습니다
103117,드래곤 보트 민속촌
103118,드래곤 보트 경주
103119,지금 바로 참여하세요
103120,마을에 들어가십시오
103121,드래곤 보트 비밀 언어 사용
103122,체크하면 친구 요청이 공유자에게 전송됩니다
103123,친구의 드래곤 보트 비밀 언어를 입력하면 쌀만두 보상을 받을 수 있습니다(1인당 1회 사용 제한).
103124,드래곤 보트 속삭임
103125,친구들이 드래곤 보트 속삭임을 공유합니다.
103126,친구의 비밀 언어를 사용하여 쌀만두 보상을 받으세요~
103127,코드 워드가 더 이상 유효하지 않습니다.
103128,다른 유효한 드래곤 보트 비밀 단어를 시도하십시오
103129,오늘의 비밀 단어 공유
103130,친구들과 공유하여 채우고 쌀만두 보상을 받으세요
103131,확실한가요
103132,자세히 보기
103133,내 비밀 단어 공유
103134,돌아오다
103135,"이곳에 오시면 매일 쌀만두를 받으실 수 있고, 교환소에서 푸짐한 보상으로 교환하실 수 있어요~"
103136,수집 후 이벤트 맵으로 이동하여 플레이하자~
103137,이미 보상을 청구했습니다.
103138,칼라 [색상 = #E46417] % D [/ 색상] PC
103139,쌀만두가 부족하니 이벤트 미션을 완료하세요
103140,쌀 만두의 수
103141,레이스 시간
103142,조각
103143,나누다
103144,초
103145,100 외부
103146,보냄 (@1s)
103147,교환 횟수: [color=#46AD6F]@1
103148,상환이 충분하지 않습니다.
103149,이미 소유
103150,"매칭, 잠시만 기다려 주십시오..."
103151,이벤트가 끝났습니다 ~
103152,결과 없음
103299,예약ID: 103100-103299
103300,소울 랜드 : 보존 ID103300-103499
103301,예상됩니다
103302,지금 예약하십시오
103303,예약 후 드로우하십시오
103304,보상을 그리십시오
103305,그어진
103306,무술 : 창조의 힘
103307,창조 : 정신 학자
103308,창조 : 정신 마스터
103309,창조 : 스피릿 그랜드 마스터
103310,창조 : 영의 명예
103311,창조 : 정신 조상
103312,창조 : 정신 왕
103313,창조 : 정신 황제
103314,창조 : Spirit Saint
103315,창조 : 영의 대가
103316,창조 : Great Master라는 제목
103317,하나님
103318,Seven Mini Masters Group
103319,모바일 바인드
103320,로그인 보상
103321,그룹 업 보상
103322,회원 특권
103323,이벤트 스토어
103324,이벤트 시간 :
103325,기간 1 : 얼음과 불 극대
103326,기간 2 : 그레이트 마스터 (Great Master)라는 크로스
103327,최종 : 선과 악의 결투
103328,Sandhana 재판은 모두 마스터가되게합니다
103329,레벨 업에 대한지도를 추천합니다
103330,금 스피릿 코인을 떨어 뜨립니다
103331,시작
103332,축하해요
103333,교환
103334,확인하다
103335,모바일을 묶어 거대한 정신 동전을 그립니다
103336,묶다
103337,잘못된 휴대폰 번호
103338,그룹 업
103339,많은 스피릿 코인을 그리기 위해 7 명의 미니 마스터 그룹을 그룹화
103340,그룹 업
103341,그리다
103342,돕다
103343,"- 맵을 레벨업하면 레벨이 올라가고, 소울링을 얻고, 보스를 죽이고, 소울본을 얻을 확률이 있습니다. - 소울링 착용 후 무작위로 소울 스킬을 획득할 수 있으며, 나이가 많은 소울링은 강력한 소울 스킬을 획득할 수 있는 기회가 주어집니다. - 소울 링은 교체할 수 있지만 교체할 때마다 새로운 소울 스킬을 덮어씁니다. - 일부 소울 본은 강력한 스킬도 얻을 수 있습니다. - 맵 레벨 제한에 도달하면 더 이상 경험치를 얻을 수 없습니다. - 소울 아레나에서는 상점 보상으로 교환할 수 있는 골드 소울 코인을 얻을 수 있으며, 미스터리 잭팟도 있으니 확인해보세요"
103344,미니 멤버십
103345,Spirit Master Boons를 즐기기위한 라이센스 미니 멤버십
103346,홍보 홍보. 몬스터에 떨어집니다
103347,매일 재능있는 정신 동전
103348,정신 링 드롭 확률을 홍보하십시오
103349,/ 라이센스
103350,더 많은 회원 특권
103351,금 정신 동전을 그립니다
103352,많은 정신 동전을 그리기 위해 그룹화를 마무리
103353,친구
103354,최근의
103355,추가하다
103356,초대
103357,초대 메시지가 전송됩니다
103358,Soul Land Team에 합류하여 Evil Bibi Dong과 싸우도록 초대하십시오.
103359,Soul Land Team에 가입하도록 초대하려면 최신 버전으로 버전을 업데이트하십시오.
103360,이 팀은 가득 차 있습니다
103361,팀에 합류했습니다
103362,이 이벤트는 끝났습니다
103363,이쪽은 기존 친구입니다
103364,7 Shrek Monsters가 시간과 공간을 만난다! 그러나 그들의 정신의 힘은 중공 힘에 감염된 꽃 Xiaolou를 구하기 위해 힘을 되찾고 싶어한다는 것을 인식합니다!
103365,동영상
103366,지금 이동
103367,극한의 뜨거운 땅
103368,극한의 추운 땅
103369,권장 레벨 : @1-@2
103370,권장 레벨 : @1-@2
103371,정신력을 회복하기 위해 7 개의 미니 괴물이 전설적인 땅으로 가서 Sandhana를 연습합니다. 기다리는 것이 훨씬 더 많은 도전이 될 것입니다 ...
103372,Bibi Dong은 Hollow Legion을 이끌고 여기에 도달합니다. 7 개의 미니 몬스터가 피크에 도달 할 것으로 예상됩니다. 이 마지막 전투를 보자!
103373,전투에 들어갑니다
103374,오늘의 전투
103375,계급
103376,플레이어의 별명
103377,승리
103378,정신 점수 순위
103379,점수
103380,예비 정신 분야
103381,고급 정신 분야
103382,우수한 정신 분야
103383,12 명의 플레이어 근접
103384,승리: 포인트[color#F6D14A]+%d[/color]/골든소울[color=#F6D14A]+%d[/color]
103385,실패: 포인트[color#F6D14A]+%d[/color]/골든소울[color=#F6D14A]+%d[/color]
103386,실패: 포인트[color#F6D14A]%d[/color]/골든소울[color=#F6D14A]+%d[/color]
103387,점수 순위
103388,화신
103389,파편
103390,항목
103391,사용을 취소하십시오
103392,사용된
103393,교환 시간
103394,정신 분
103395,이벤트 시간 : @1
103396,팁
103397,휴대폰 번호는 미니 번호로 바인딩되며 다음 단계는 이전 미니 번호를 해제하는 것입니다. 계속 확인 하시겠습니까?
103398,이 계정은 휴대폰 번호를 풀고 나면 로그인 할 수 없거나 휴대폰 번호를 통해 암호를 검색 할 수 없습니다.
103399,취소
103400,확인 코드를 보내십시오
103401,다음 단계
103402,확인할 수 없습니까? 시도해보십시오
103403,항소 계정
103404,검증 코드 (%s)
103405,당신은이 보상을 그렸습니다
103406,보낸 (%ss)
103407,오늘의 상한 :[컬러 =#5e9d4a]%d [/Color]/%d
103408,비비 전동 방문
103409,"성공적으로 그리기
[color =#f6d14a]%s"
103410,시간 제한 공동 작업 버전은 %s/ %s에서 온라인으로 진행됩니다.
103411,비디오로드 ...
103412,적용되는 독점적 인 BOON
103413,미니 코인/월
103414,"Spirit Arena에 참여하여 얻으십시오
[color=#f02d00] 스피릿 코인
 [/색상] 보상으로"
103415,스피릿 코인 매일 그리고 교환 [color=#f02d00] 영구 아바타 무료 무료
103416,[color=#f02d00] 레벨 [/color]까지 힘을 홍보하기 위해 Spirit Beast를 물리 치기 위해 Extreme Land로 가십시오!
103417,[color=#F02D00] Spirit Coins [/color]를 얻기 위해 Spirit Arena에 참여하십시오.
103418,축하해요
103419,교환
103420,제한된 연결 : @1
103421,"더 많은 정신력을 복원하기 위해, 7 개의 미니 몬스터는 [color=#fdc6d] 전설적인 땅을 사용하여 Sandhana [/color]를 연습합니다. 기다리는 것이 훨씬 더 많은 도전이 될 것입니다 ..."
103422,지도가 아직 열리지 않았습니다.
103423,%s/%s
103424,스쿼드에 합류하십시오.
103425,팀에 합류했다.
103426,소울 파이팅 포인트
103427,금 소울 코인이 부족합니다.
103428,가지러 갈지 여부
103429,여러분은 풀 둥지에 황금 봉황이 있다는 것을 들어본 적이 없나요?
103430,레벨이 @1 레벨에 도달한 경우에만 입력이 가능합니다.
103431,교환 인덱스가 존재하지 않습니다
103432,나머지 교환 시간이 부족합니다.
103433,예약되지 않은 시간에만 사용 가능
103434,잘못된 복권 구성
103435,통화 부족
103436,현재 시간은 예약할 수 없습니다.
103437,이 기능은 켜져 있지 않습니다.
103438,약속을 열었습니다
103439,작업 구성 오류
103440,예약 알림을 위해 모바일 장치를 사용하십시오.
103441,예약 알림
103442,예약됨
103443,예약한 사람 수: @ 1
103444,부족한 통화는 교환할 수 없습니다!
103445,@1 그림을 그리려면 클릭하세요
103446,복권은 디스플레이 보상에 당첨되어야 합니다.
103447,부족한 통화는 교환할 수 없습니다!
103448,통화가 부족하면 복권에 당첨될 수 없습니다!
103499,예약 ID : 103300-103499
103600,새 버전에 대해 채팅
103601,새 버전에 대한 기대:
103602,약속 열기
103603,달성되지 않음
103604,픽업
103605,받았습니다
103606,버전 예약
103607,버전 예약이 성공했습니다. 가서 예약 보상을 받으십시오.
103608,예약 실패
103609,예약을 연 후에만 픽업이 가능합니다.
103610,활동 시간
103611,오늘 체크인이 완료되었으니 내일 다시 오세요.
103612,현재 소유
103613,품절
103614,한 번 피워
103615,버전 업데이트를 완료하면 복지 활동에 참여할 수 있습니다.
103616,보상은 존재하지 않습니다.
103617,현재 예약되지 않은 시간은 예약할 수 없습니다.
103618,모듈이 켜져 있지 않습니다.
103619,반복 약속
103620,예약 필요
103621,오늘 서명
103622,예약 값이 너무 낮습니다.
103623,버전이 너무 낮습니다
103624,오늘의 좋아요가 한계에 도달했습니다.
103625,보상이 뽑혔습니다. 다음에 다시 오세요.
103626,103600-103699
104000,104000-105000
104001,내 친구 주문 공유
104002,나를 친구로 추가하기 위해 내가 인증받을 필요는 없습니다
104003,"위챗/QQ로 이동하여 친구 주문을 붙여넣고, 친구를 초대하여 나를 추가하세요~"
104004,당신의 친구
104005,[color=#EF8012] %s[/color]이(가) 재생 중입니다.
104006,채팅으로 이동
104007,잇다
104008,당신과 [color=#EF8012] %s [/color]이(가) 친구가 되었으니 <br/> 채팅을 시작하세요!
104009,채팅으로 이동
104010,친구 상태를 확인하지 못했습니다.
104011,친구 상태를 확인하는 중입니다.
104012,기다리세요...
104013,성공적으로 복사되었습니다.
104014,곧 WeChat을 열고 연락처를 선택하고 친구 주문을 붙여넣습니다.
104015,곧 QQ를 열고 연락처를 선택하고 친구 주문을 붙여넣습니다.
104016,먼저 WeChat을 설치하거나 입력 상자를 클릭하여 친구 주문을 복사하십시오.
104017,먼저 QQ를 설치하거나 입력 상자를 클릭하여 친구 주문을 복사하십시오.
104018,신청서가 전송되었으니 친구에게 확인을 통과했음을 알리십시오!
104019,친구 주문이 비어 있습니다.
104020,친구의 주문 오류로 인해 사용자를 찾을 수 없습니다.
104021,친구 주문이 만료되었으니 친구에게 다시 공유하라고 알리세요.
104022,친구 주문이 오늘의 사용 한도에 도달했습니다.
104023,친구 추가
104024,친구 주문을 사용할 수 없습니다.
104025,이미 친구를 신청했습니다.
104026,본인 또는 상대방이 최대 친구 수에 도달했으며 현재 친구를 추가할 수 없습니다.
104027,최대 응용 프로그램 수에 도달했습니다.
104028,신청 건수가 상한선에 도달했습니다
104029,요청 시간이 초과되었습니다. 나중에 다시 시도하세요.
104030,확실한가요
104031,친구 명령을 복사하고 미니 월드를 열고 나를 친구로 추가하십시오.
104032,친구 주문이 이미 사용되었습니다.
104033,친구 주문이 잘못되었습니다.
105000,104000-105000
106000,106000-107000
106001,초대 코드의 오류로 인해 사용자를 찾을 수 없습니다.
106002,초대 코드가 만료되었으므로 친구에게 다시 공유하도록 알리십시오
106003,초대 코드가 오늘의 사용 한도에 도달했습니다.
106004,방이 해체되었으니 다른 지도를 확인하러 가세요!
106005,공유자가 현재 지도에 없습니다.
106006,본인의 초대 코드를 사용할 수 없습니다
106007,잘못된 초대 코드
106008,친구들과 공유하고 방에 초대하세요!
106009,이 확인란을 선택하면 인증을 통과하지 않고도 나를 친구로 추가할 수 있습니다
106010,피드에 공유
106011,링크 복사
106012,QQ에 공유
106013,위챗에서 공유
106014,먼저 WeChat을 설치하거나 입력 상자를 클릭하여 초대 코드를 복사하십시오.
106015,곧 WeChat을 열고 연락처를 선택하고 초대 코드를 붙여넣습니다.
106016,초대 코드가 비어 있습니다.
106017,먼저 QQ를 설치하거나 입력 상자를 클릭하여 초대 코드를 복사하십시오.
106018,곧 QQ를 열고 연락처를 선택하고 초대 코드를 붙여넣습니다.
106019,성공적으로 복사되었으므로 WeChat/QQ로 이동하여 붙여넣습니다.
106020,[color=#9177D6]%s [/color]가 재생 중입니다.
106021,공유자
106022,공유자 상태를 쿼리하지 못했습니다.
106023,공유자의 상태를 확인하고 있습니다.
106024,친구 요청이 전송되었으니 공유자에게 확인되었음을 알리세요!
106025,각 초대 코드는 사용자당 %d번만 사용할 수 있습니다.
106026,미니 비밀번호를 공유하고 함께 지도를 플레이하도록 초대하세요!
106027,미니 비밀번호가 만료되었으니 친구에게 다시 공유하라고 알려주세요.
106028,이 미니 비밀번호는 오늘의 사용 한도에 도달했습니다.
106029,자신의 미니 비밀번호를 사용할 수 없습니다.
106030,미니 비밀번호가 잘못되어 사용자를 찾을 수 없습니다.
106031,잘못된 미니 비밀번호
106032,각 미니 암호는 사용자당 %d번만 사용할 수 있습니다.
106033,지도를 찾을 수 없거나 지도가 열려 있지 않습니다.
106034,"죄송 합니다, 사용자를 찾을 수 없습니다"
106035,먼저 WeChat을 설치하거나 입력 상자를 클릭하여 미니 비밀번호를 복사하십시오.
106036,곧 WeChat을 열고 연락처를 선택하고 미니 비밀번호를 붙여넣습니다.
106037,먼저 QQ를 설치하거나 입력 상자를 클릭하여 미니 비밀번호를 복사하십시오.
106038,QQ를 열려면 연락처를 선택하고 미니 비밀번호를 붙여넣습니다.
106039,미니 비밀번호가 비어 있습니다.
107000,106000-107000
110000,창조 축제
110001,최신 버전으로 업데이트하십시오
110002,국립 창조 축제 - 여름 파티 시즌
110003,축복 가방을 만드십시오
110004,규칙
110005,더 흥미로운지도
110006,현재 작업 :
110007,작업 새로 고침 카운트 다운
110008,복권 끝 카운트 다운
110009,축복 가방을 그립니다. #cffdd00 영구 피부 #n
110010,오늘 복권이 없습니다!
110011,작업이 끝났습니다
110012,세다
110013,이벤트 기간
110014,많은 무승부를 얻는 방법
110015,"이벤트 기간 동안 게임을 로그인 한 경우 지정된 시간에 해당 작업을 완료하십시오. \n 매일 3 가지 작업 완료, 매일 00:00에 새로 고침"
110016,이벤트 보상
110017,"보상에는 영구적 인 스킨, 미니 동전, 마운트 파편 및 캐릭터 파편이 있습니다."
110018,제출 방법
110019,이벤트 공식 웹 사이트를 방문하여 참가자 및 제출하십시오
110020,지금 이동
110021,복권 항공권을 얻으려면 작업을 완료하십시오
110022,복권 항공권을 얻으려면 작업을 완료하십시오
110050,예약하다
110051,피부 이름
110052,수신하려면 클릭하십시오
110053,"생일 파티에 참여하기 위해 생년월일을 기입하고, 성공적으로 참여하여 영구적 인 사계절 의상을 얻고, 독점적 인 생일 선물을 가질뿐만 아니라 친구들과 축하하십시오. 매년 생일에 받는 보상이 점점 더 풍성해진다고 들었으니 꼭 참가해 주세요~ 정확한 생년월일을 선택하세요! 생일 선물마다 다르니까~"
110054,물병 자리
110055,물고기
110056,양자리
110057,황소 자리
110058,소노
110059,암
110060,사자 별자리
110061,처녀 자리
110062,천칭
110063,천갈궁
110064,궁수
110065,염소 자리
110066,달
110067,선택 #cF9D881 @1 #n을 확인하십시오. 귀하의 참여에 대한 보상으로?
110068,이벤트에 참여하기 위해 실수 확인을 완료해야합니다.
110069,당신의 진정한 생년월일을 선택하십시오!
110070,생일 축복 초대장
110071,"축하합니다! 생일 축복 파티에 성공적으로 참여했습니다
우리는 당신에게 특별한 시간에 독점적 인 축복을 보내 드리겠습니다!"
110072,"#cFF8C00 @1 #n 달 #cFF8C00 @2 #n 일은 특별한 날입니다, 미니 세계는 당신을위한 독점 선물을 준비했습니다! 미니 세계에서 잊을 수없는 행복한 생일 파티를 보낼 수 있기를 바랍니다!
 아래 버튼을 클릭하여 #cFF8C00 독점 선물 #n을 수집하십시오!"
110073,"친애하는 @1 @2 : 미니 세계 당신에게 행복한 생일을 기원합니다! #cFF8C00 독점 선물 #n을 수락하십시오,이 기쁨을 친구와 공유합시다!"
110074,친구와 함께 생일 축하
110075,친구 @1 / @2에게 주어질 수 있습니다.
110076,선물 케이크
110077,미니 번호를 입력하십시오
110078,친구가 같은 날에 케이크를 축복 받았습니다. 다른 친구에게주세요!
110079,생일 케이크는 모두 재능이있었습니다 ~ 친구가 케이크를 받았습니다!
110080,미니 세계에서 독점적 인 생일 선물을 받았습니다! 생일 파티에 참여하는 것을 잊지 마십시오!
110081,영재
110082,이미 피부를 가지고 있으면 다른 피부를 다시 선택하십시오.
110083,생일 파티
110084,옷장
110085,인격
110086,개인적인 메달
110087,더 많은 메달
110088,선물 팩으로 가십시오
110089,bnous에 가라
110090,Gashapon으로 가십시오
110091,수송 선물 팩에서 잠금 해제 소품을 얻을 수 있습니다. (오락 용으로 적당히 소비)
110092,보너스 드로우에서 소품을 잠금 해제 할 수 있습니다. (오락 용으로 적당히 소비)
110093,잠금 해제 소품은 Gashapon에서 얻을 수 있습니다. (오락 용으로 적당히 소비)
110094,당신은 생일 파티에 성공적으로 참여했습니다! 독점적 인 특별한 날을 위해 참을성있게 기다려주십시오
110095,감정
110096,디스플레이 슬롯 잠금 해제
110097,이미지를 추가하십시오
110098,"나는 아직 피부를 소유하고 있지 않고, 쇼핑몰에 가서 그것을 집어 올리십시오."
110099,현재 디스플레이 슬롯에서 이미지를 삭제하는 것을 확인합니까?
110100,이미지 삭제
110101,"#c01C210 미니 Beans @1 #n을 소비 할 것입니다 #cFF6D25 @2 #n 디스플레이 슬롯 잠금 해제, 확인하십시오.
 #cFF6D25 (오락에 적합한 경우) #n."
110102,공개 계정
110103,모바일 장치를 확인하십시오
110104,#cfa7a0f@1#n 누가 당신과 게임을했던 사람은 이전에 미니베이스에 가서 함께 게임을하도록 초대합니다!
110105,"최근 인기있는지도 #cfa7a0f@1#n, 미니베이스로 이동하여 먼저 시도하십시오!"
110106,그것을 먼저 시도하십시오
110107,나는 당신에게 새로운 메시지를 보냈고 미니베이스로 가서 확인하십시오.
110108,"나는 당신에게 게임 초대장을 시작하고, 미니베이스로 가서 함께 연주하십시오."
110109,확인하다
110110,"이전에 #cfa7a0f@1#n room에서 당신과 놀고, 미니베이스로가는 것입니다!"
110111,상대방은 미니베이스를 사용하고 설치 후 친구가됩니다.
110112,그룹 소유자는 미니베이스를 사용하고 설치 후 그룹 채팅을 조인합니다.
110113,"공유하고 자유로운 미니 콩을 얻고, 모직을 함께 모으십시오!"
110114,"나는 슈퍼 재미있는 샌드 박스 게임 ""미니 세계""를하고 새로운지도를 함께 만드고 있습니다!"
110115,자유로운 부활을위한 광고 + 신비한 보상을받습니다
110116,애완 동물에 앉아있는 동안 피아노를 연주 할 수 없어 ~
110117,돌연변이
110118,기술
110119,화신
110120,사진 프레임
110121,특수 효과
110122,발자국
110123,동작
110124,비행
110125,배경
110126,평가판 사용
110127,제한된 시간 구매
110128,@1 일 @2 시간 @3 분
110129,남은 : #cfa7a0f@1#n 일 #cfa7a0f @2 #n 시간 #cfa7a0f @3 #n 분
110130,효과
110131,피부
110132,주변의
110133,지도
110134,변환
110135,피부 구매
110136,구매 방법
110137,시간을 사용하십시오
110138,영구적 인
110139,30 일
110140,7 일
110141,친구에게 선물
110142,친구로부터 요청하십시오
110160,피부 세부 정보 페이지 예약되었습니다
110161,지도 이름
110162,현재지도 사용자 정의 소개
110163,지도 이름
110164,"슈퍼 재미있는 샌드 박스 게임은 ""미니 세계""에 있습니다."
110165,"나는 멋진지도를 만들었고, 와서 함께 놀아 라!"
110166,미니 세계를 열고 자신의지도를 만드십시오!
110167,"나는 재미있는지도를 발견하고, 와서 시도해보십시오!"
110168,"@1 유형 맵, 다운로드 @2. 당신은 그것을 좋아해야합니다!"
110169,정원을 자주 방문하는 것을 잊지 마십시오
110170,"슈퍼 재미있는 샌드 박스 게임은 ""미니 세계""에 있습니다."
110171,구매 3 복숭아 묘목
110172,5 개의 부 끄 러운 씨앗을 구입하십시오
110173,10 토마토 씨앗을 구입하십시오
110174,공장 2 복숭아 묘목
110175,식물 5 부 끄 러운 씨앗
110176,식물 10 토마토 씨앗
110177,3 복숭아 판매
110178,80 개의 사탕 수수 판매
110179,10 우유를 팔아라
110180,2 암소를 올리십시오
110181,4 개의 송금을 올리십시오
110182,12 닭을 키우다
110183,애완 동물을 한 번 기차 속성을 훈련시킵니다
110184,애완 동물을위한 기차 속성을 3 번 기차
110185,평원을 탐험하기 위해 출발하십시오
110186,포리스트를 탐험하기 위해 준비했다
110187,언덕을 탐험하기 위해 준비했다
110188,스토브에 밀 빵 만들기
110189,스토브에 치즈를 만드십시오
110190,스토브에 커피 한잔 만드는 것
110191,Workdesk에서 과일 우드 판을 만드십시오
110192,Workdesk에서 3 개의 작은 나무 막대기를 만드십시오
110193,Workdesk에서 거친 돌 벽돌을 만드십시오
110194,수확 4 복숭아
110195,수확 90 eTrOTES.
110196,수확 200 수수
110197,3 개의 소금을 사다
110198,4 암소를 구입하십시오
110199,20 병 에너지 물을 구입하십시오
110200,목장에서 작은 동물에게 4 번 먹이십시오
110201,목장에서 작은 동물에게 8 번 먹이십시오
110202,목장에서 작은 동물에게 12 번 먹이십시오
110203,수확 2 원시 닭 다리
110204,원시 톤톤의 수확 2
110205,친구의 집에 3 번 간다
110206,친구의 집에 5 번 가자
110207,집에서 6 분 동안 놀아 라
110208,집에서 15 분 동안 놀아 라
110209,집에서 30 분 동안 놀아 라
110210,새로운 애완 동물 버디를 채택하십시오!
110211,가정 상점에서 모든 블록 건축 자재를 구입하십시오
110212,가정용 가게에서 가정용 가구를 구입하십시오.
110213,홈 상점에서 가구 시리즈를 구입하십시오
110214,10 개의 녹색 후추 씨앗을 구입하십시오
110215,5 개의 무 씨를 구입하십시오
110216,10 개의 작은 지구의 씨앗을 구입하십시오
110217,식물 10 녹색 후추 씨앗
110218,5 개의 무 씨앗을 공장하십시오
110219,10 개의 작은 지구의 씨앗을 공장하십시오
110220,60 개의 녹색 고추를 판매하십시오
110221,80 무리를 판매하십시오
110222,10 우유를 팔아라
110223,2 암소를 올리십시오
110224,4 개의 송금을 올리십시오
110225,12 닭을 키우다
110226,애완 동물을 한 번 기차 속성을 훈련시킵니다
110227,애완 동물을위한 기차 속성을 3 번 기차
110228,평원을 탐험하기 위해 출발하십시오
110229,포리스트를 탐험하기 위해 준비했다
110230,언덕을 탐험하기 위해 준비했다
110231,스토브에 밀 빵 만들기
110232,스토브에 치즈를 만드십시오
110233,스토브에 커피 한잔 만드는 것
110234,Workdesk에서 과일 우드 판을 만드십시오
110235,Workdesk에서 3 개의 작은 나무 막대기를 만드십시오
110236,Workdesk에서 거친 돌 벽돌을 만드십시오
110237,100 개의 녹색 고추를 수확하십시오
110238,수확 90 무
110239,수확 500 콜리 플로우스
110240,3 개의 소금을 사다
110241,4 암소를 구입하십시오
110242,20 병 에너지 물을 구입하십시오
110243,목장에서 작은 동물에게 4 번 먹이십시오
110244,목장에서 작은 동물에게 8 번 먹이십시오
110245,목장에서 작은 동물에게 12 번 먹이십시오
110246,수확 5 원시 닭 다리
110247,Raw Tonton의 수확 4
110248,친구의 집에 3 번
110249,친구의 집에 5 번 가자
110250,집에서 6 분 동안 놀아 라
110251,집에서 15 분 동안 놀아 라
110252,집에서 30 분 동안 놀아 라
110253,새로운 애완 동물 버디를 채택하십시오!
110254,가정 상점에서 모든 블록 건축 자재를 구입하십시오
110255,가정용 가게에서 가정용 가구를 구입하십시오.
110256,홈 상점에서 가구 시리즈를 구입하십시오
110257,15 보리 씨앗을 구입하십시오
110258,5 명의 유채 씨앗을 사십시오
110259,10 개의 작은 지구의 씨앗을 사십시오
110260,식물 15 보리 씨앗
110261,공장 5 유채 씨앗
110262,10 개의 작은 지구의 씨앗을 공장하십시오
110263,60 개의 녹색 고추를 판매하십시오
110264,80 무리를 판매하십시오
110265,10 우유를 팔아라
110266,수확 200 보리
110267,수확 100 유채
110268,수확 500 콜리 플로우스
110269,4 개의 송금을 올리십시오
110270,4 암소를 키우십시오
110271,12 닭을 키우다
110272,애완 동물을 한 번 기차 속성을 훈련시킵니다
110273,애완 동물을위한 기차 속성을 3 번 기차
110274,포리스트를 탐험하기 위해 준비했다
110275,언덕을 탐험하기 위해 준비했다
110276,해안을 탐험하기 위해 출발했습니다
110277,스토브에 밀 빵 만들기
110278,스토브에 쇠고기 햄버거를 만드십시오
110279,스토브에 커피 한잔 만드는 것
110280,Workdesk에서 2 개의 과일 우드 널빤지를 만드십시오
110281,Workdesk에서 2 개의 간단한 계단을 만드십시오
110282,Workdesk에서 세라믹 어도비를 만드십시오
110283,5 개의 소금을 사다
110284,6 개의 소를 구입하십시오
110285,20 병 에너지 물을 구입하십시오
110286,목장에서 작은 동물에게 4 번 먹이십시오
110287,목장에서 작은 동물에게 8 번 먹이십시오
110288,목장에서 작은 동물에게 12 번 먹이십시오
110289,수확 5 원시 닭 다리
110290,원시 Tonton 4 조각 수확
110291,친구의 집에 가서 3 번
110292,친구의 집에 5 번 가자
110293,집에서 6 분 동안 놀아 라
110294,집에서 15 분 동안 놀아 라
110295,집에서 30 분 동안 놀아 라
110296,새로운 애완 동물 버디를 채택하십시오!
110297,가정 상점에서 모든 블록 건축 자재를 구입하십시오
110298,가정용 가게에서 가정용 가구를 구입하십시오.
110299,가정 상점에서 가구 시리즈를 구입하십시오.
110300,10 개의 canistel 나무 씨앗을 사십시오
110301,10 개의 붉은 수수 씨앗을 사십시오
110302,12 라스베리 씨앗을 구입하십시오
110303,식물 10 붉은 수수 씨앗
110304,공장 6 Canistel 나무 씨앗
110305,식물 12 라스베리 씨앗
110306,60 개의 Canistel 판매
110307,200 개 완두콩을 판매하십시오
110308,10 우유를 팔아라
110309,수확 30 Canistel.
110310,수확 200 개 완두콩
110311,수확 400 완두콩
110312,4 개의 송금을 올리십시오
110313,4 암소를 키우십시오
110314,12 닭을 키우다
110315,애완 동물을 한 번 기차 속성을 훈련시킵니다
110316,애완 동물을위한 기차 속성을 3 번 기차
110317,포리스트를 탐험하기 위해 준비했다
110318,언덕을 탐험하기 위해 준비했다
110319,광산을 탐험하기 위해 출발하십시오
110320,스토브에 밀 빵 만들기
110321,스토브에 과일 플래터를 만드십시오
110322,스토브에 커피 한잔 만드는 것
110323,Workdesk에서 두 개의 과일 우드 널빤지를 만드십시오
110324,Workdesk에서 2 개의 간단한 계단을 만드십시오
110325,Workdesk에서 세라믹 어도비를 만드십시오
110326,5 개의 소금을 사다
110327,6 개의 소를 구입하십시오
110328,30 찹쌀 공을 구입하십시오
110329,목장에서 작은 동물에게 4 번 먹이십시오
110330,목장에서 작은 동물에게 8 번 먹이십시오
110331,목장에서 작은 동물에게 12 번 먹이십시오
110332,수확 5 원시 닭 다리
110333,원시 Tonton 4 조각 수확
110334,친구의 집에 가서 3 번
110335,친구의 집에 5 번 가자
110336,집에서 6 분 동안 놀아 라
110337,집에서 15 분 동안 놀아 라
110338,집에서 30 분 동안 놀아 라
110339,새로운 애완 동물 버디를 채택하십시오!
110340,가정 상점에서 모든 블록 건축 자재를 구입하십시오
110341,가정용 가게에서 가정용 가구를 구입하십시오.
110342,홈 상점에서 가구 시리즈를 구입하십시오
110343,10 벚나무 씨를 구입하십시오
110344,10 개의 블루 베리 나무 씨앗을 구입하십시오
110345,12 덩굴 씨앗을 구입하십시오
110346,식물 6 벚꽃 씨앗
110347,식물 6 블루 베리 나무 씨앗
110348,식물 12 벚꽃 씨앗
110349,90 체리 판매
110350,100 블루 베리 판매
110351,10 원시 Tonton을 판매하십시오
110352,수확 90 체리
110353,수확 200 딸기
110354,수확 400 딸기
110355,4 개의 송금을 올리십시오
110356,4 암소를 키우십시오
110357,12 닭을 키우다
110358,애완 동물 1 시간 동안 기차 속성을 기차
110359,애완 동물을위한 기차 속성을 3 번 기차
110360,포리스트를 탐험하기 위해 준비했다
110361,해안을 탐험하기 위해 출발했습니다
110362,하늘 섬을 탐험하기 위해 출발하십시오
110363,스토브에 밀 빵 만들기
110364,스토브에 과일 플래터를 만드십시오
110365,스토브에 커피 한잔 만드는 것
110366,Workdesk에서 2 개의 과일 우드 널빤지를 만드십시오
110367,Workdesk에서 2 개의 간단한 계단을 만드십시오
110368,Workdesk에서 거친 돌 벽돌을 만드십시오
110369,5 개의 소금을 사다
110370,6 개의 소를 구입하십시오
110371,구입 30 찐빵
110372,목장에서 작은 동물에게 4 번 먹이십시오
110373,목장에서 작은 동물에게 8 번 먹이십시오
110374,목장에서 작은 동물에게 12 번 먹이십시오
110375,수확 5 원시 닭 다리
110376,원시 Tonton 4 조각 수확
110377,친구의 집에 가서 3 번
110378,친구의 집에 5 번 가자
110379,집에서 6 분 동안 놀아 라
110380,집에서 15 분 동안 놀아 라
110381,집에서 30 분 동안 놀아 라
110382,새로운 애완 동물 버디를 채택하십시오!
110383,가정 상점에서 모든 블록 건축 자재를 구입하십시오
110384,가정용 가게에서 가정용 가구를 구입하십시오.
110385,홈 상점에서 가구 시리즈를 구입하십시오
110386,농장에 참깨 심기
110387,양상추 씨앗을 농장에 심기
110388,농장에 사탕 무우 씨를 심는
110389,농장에 보리 씨를 심는
110390,농장에 사탕 수수를 심어줍니다
110391,농장에 케일 씨를 심는
110392,농장에 녹색 후추 씨앗을 심는
110393,농장에 콜리 플라워 씨를 심기
110394,농장에 부추 씨를 심는
110395,농장에 빨간 날짜 나무 씨를 심기
110396,농장에 오이 씨를 심기
110397,농장에 보리 씨를 심는
110398,농장에 코코넛 나무 씨를 심기
110399,농장에 canistel 나무 씨를 심기
110400,농장에 완두콩 씨앗을 심는
110401,농장에서 블루 베리 나무 씨를 심기
110402,농장에 딸기 씨를 심기
110403,농장에 파인애플 나무 씨를 심기
110404,농장에 벚꽃 씨를 심기
110405,농장에 링제 씨를 심는
110406,농장에서 다채로운 고추 씨를 심는
110407,농장에서 수확 밀을 수확
110408,농장에서 추수 알로에
110409,농장에서 수확 땅콩
110410,농장에서 당근을 수확합니다
110411,농장에서 해바라기 수확
110412,농장에서 차를 추수합니다
110413,농장에서 참깨 씨앗을 수확합니다
110414,농장에서 수확 양상추
110415,농장에서 보리를 수확
110416,농장에서 수수를 수확합니다
110417,농장에서 녹색 고추를 수확
110418,농장에서 수확 콜리 플라워
110419,농장에서 빨간 날짜를 수확합니다
110420,농장에서 수확 보리
110421,농장에서 수확 할 수 있습니다
110422,농장에서 완두콩을 수확
110423,농장에서 딸기를 수확
110424,농장에서 수확 체리
110425,농장에서 다채로운 고추를 수확
110426,어떤 상인에서 밀을 팔아라
110427,어떤 상인에서 알로에 베라를 판매하십시오
110428,어떤 상인에서 땅콩을 팔아 라
110429,모든 상인에서 당근을 판매하십시오
110430,모든 상인에서 해바라기를 판매하십시오
110431,어떤 상인에서 망고를 판매하십시오
110432,어떤 상인에서 설탕 지팡이를 판매하십시오
110433,어떤 상인에서 쌀을 팔아라
110434,어떤 상인에서 오렌지를 판매하십시오
110435,어떤 상인에서 감자를 팔아 라
110436,어떤 상인에서 호박을 판매하십시오
110437,어떤 상인에서 차를 판매하십시오
110438,어떤 상인에서도 수박을 판매합니다
110439,어떤 상인에서 화온증을 판매하십시오
110440,어떤 상인에서 배를 팔아 라
110441,어떤 상인에서 복숭아를 판매하십시오
110442,어떤 상인에서 참깨를 팔아 라
110443,어떤 상인에서 양상추를 판매하십시오
110444,어떤 상인에서 비트 뿌리를 판매하십시오
110445,어떤 상인에서 보리를 판매하십시오
110446,모든 상인에서 사탕 수수를 판매하십시오
110447,어떤 상인에서도 케일을 판매하십시오
110448,어떤 상인에서 녹색 고추를 판매하십시오
110449,어떤 상인에서 콜리 플라워를 판매하십시오
110450,어떤 상인에서 부추를 판매하십시오
110451,어떤 상인에서도 빨간색 날짜를 판매하십시오
110452,어떤 상인에서도 오이를 팔아 라
110453,어떤 상인에서 보리를 판매하십시오
110454,어떤 상인에서 코코넛을 판매하십시오
110455,어떤 상인에서 canistel을 판매하십시오
110456,어떤 상인에서도 완두콩을 판매하십시오
110457,어떤 상인에서 블루 베리를 판매하십시오
110458,어떤 상인에서는 딸기를 판매합니다
110459,어떤 상인에서 파인애플을 판매하십시오
110460,모든 상인에서 체리를 판매하십시오
110461,어떤 상인에서도 Lingzhi를 판매하십시오
110462,어떤 상인에서 다채로운 고추를 판매하십시오
110463,목장에서 닭고기를 키우는 것
110464,목장에서 RedChisk를 올리는 것
110465,목장에서 암소를 키우는 것
110466,목장에서 양을 모으는 것
110467,목장에서 Tonton을 모으는 것
110468,목장에서 작은 동물을 먹이는 것
110469,닭을 수확하기 위해 목장에 가십시오
110470,RAIN Steaks를 수확하기 위해 목장에 가십시오
110471,튼튼한 양고기 다리를 수확하기 위해 목장에 가십시오
110472,RANT TONTON을 수확하기 위해 목장에 가십시오
110473,설탕 지팡이 씨를 사기 위해 농장 상인을 찾으십시오
110474,토마토 씨앗을 사기 위해 팜 상인을 찾으십시오
110475,작은 지구의 씨앗을 사기 위해 팜 상인을 찾으십시오
110476,유채 씨를 사기 위해 농장 상인을 찾으십시오
110477,피망 씨앗을 사기 위해 팜 상인을 찾으십시오
110478,포도 씨를 사기 위해 농장 상인을 찾으십시오
110479,Ranch Trader를 찾아 치킨을 구입하십시오
110480,RestChisk를 구입하려면 Ranch Trader를 찾으십시오
110481,암소를 사기 위해 Ranch Trader를 찾으십시오
110482,암소를 사기 위해 Ranch Trader를 찾으십시오
110483,양을 사기 위해 목장 상인을 찾으십시오
110484,Tonton을 사기 위해 Ranch Trader를 찾으십시오
110485,집 쿡에서 에너지 물을 구입하십시오
110486,집 쿡에서 에너지 물을 구입하십시오
110487,홈 요리사에서 소금을 구입하십시오
110488,가정 요리사에서 지팡이 설탕을 구입하십시오
110489,집 쿡에서 해바라기 씨를 구입하십시오
110490,홈 요리사에서 쌀을 구입하십시오
110491,스토브에 가서 밀을 사용하여 밀가루를 만드십시오.
110492,스토브로 가서 해바라기 씨를 만들기 위해 해바라기를 사용하십시오.
110493,스토브로 가서 쌀을 사용하여 쌀을 만드십시오.
110494,난로에 가서 설탕 지팡이를 사용하여 지팡이 설탕을 만들어라.
110495,도구 테이블에 가서 설탕 지팡이를 사용하여 종이 만들기
110496,도구 테이블에 가서 깃털을 사용하여면을 사용하십시오.
110497,공구 테이블로 이동하여 과일 나무 로그를 사용하여 루프 널빤지를 만드십시오.
110498,도구 테이블에 가서 양털을 사용하여 플란넬을 만드십시오.
110499,도구 테이블에 가서 면봉을 만들기 위해면을 사용하십시오.
110500,도구 테이블에 가서 유리 조각을 만들기 위해 모래를 사용하십시오.
110501,도구 테이블에 가서 점토를 사용하여 세라믹 adobes를 만드십시오.
110502,요정 캔디를 사용하여 애완 동물 기차 속성을 돕습니다
110503,평원을 탐험하기 위해 출발하십시오
110504,포리스트를 탐험하기 위해 준비했다
110505,언덕을 탐험하기 위해 준비했다
110506,가구 / 건축 자재 1 개를 만드십시오
110507,편집 홈 모드를 입력하고 가구를 넣으십시오
110508,친구의 집으로 가십시오
110509,5 분 동안 집에서 놀자
110510,10 분 동안 집에서 놀자
110511,10 분 동안 집에서 놀자
110512,15 분 동안 집에서 놀자
110513,15 분 동안 집에서 놀자
110514,20 분 동안 집에서 놀자
110515,새로운 애완 동물 버디를 채택하십시오!
111000,@Null@
111001,상점 구매
111200,@Null@
111201,이상
111202,당신은지도를 다운로드하지 않았습니다
111203,앞으로 나아가 첫 번째지도를 만드십시오
111204,업로드 된 맵을 보류하지 않습니다
111205,당신은지도를 아직 업로드하지 않았습니다
111206,진전
111207,당신은지도를 북마크하지 않았습니다
111208,수정 후 업로드
111209,다운로드 가세요
111210,게임 버전이 너무 낮으니 게임 업데이트 해주세요~
111270,팀 전체의 음성 비활성화(켜짐): 마이크 채팅이 불가능합니다.
111271,팀 전체의 음성 사용 금지(오프): 마이크 채팅 가능
111272,팀 전체의 음성 사용 금지: 방에 있는 집주인이 아닌 다른 플레이어는 음성으로 말할 수 없습니다.
111273,당신은 금지되었습니다
111274,당신은 금지에서 제거되었습니다
111275,방 전체에 목소리가 없습니다 (켜짐)
111276,방 전체에 목소리가 없음(꺼짐)
111277,차단 목소리
111278,음성 차단
111279,팀 목소리 끄기
111280,팀 목소리 켜기
111281,팀에는 음성 기능이 있습니다. 작은 파트너를 끌어당겨 함께 경험하세요!
111282,등록 시간이 7일 미만이며 음성 기능을 일시적으로 사용할 수 없습니다.
111283,모두
111284,파견
111285,끄세요
111286,#c3d4546队伍语音已生效 같은 팀이 음성으로 소통할 수 #c0aaa1a 여기를 클릭#c3d4546 선택할 수 있습니다.
111287,그거 여세요
111288,"음성 듣기, 마이크 꺼짐"
111289,팀 채널 음성 듣기가 켜져 있습니다.
111290,모든 채널 음성 듣기가 켜져 있습니다.
111291,마이크가 꺼져 있습니다.
111292,채널 마이크와 혼이 켜진 팀 구성
111293,모든 채널 마이크와 스피커가 켜져 있습니다.
111301,현재 버전이 너무 낮으니 새 버전으로 업그레이드하십시오.
111302,부모에게 도움을 요청하십시오
111303,전문
111304,여기에서 전문 분야를 관리할 수 있습니다
111305,다음은 전문 분야 목록이며 전문 분야를 클릭하여 해당 관리 인터페이스로 들어갑니다.
111306,"여기에서 특전을 활성화, 업그레이드, 제거, 장비 및 기타 작업을 수행할 수 있습니다."
111307,특전을 확인하세요
111308,캐릭터 의상을 확인하세요
111309,캐릭터 스킨이 여기로 마이그레이션되었습니다. 특산품도 완전히 개발되어 모험가들은 개인 센터에 가서 특기를 사용할 수 있습니다 ~
111310,~캐릭터 시스템 업그레이드~
111311,개인 센터에 관리 전문 포털 추가
111312,"캐릭터 특전은 더 이상 캐릭터 스킨에 얽매이지 않으며, 모험가는 스킨을 착용하면 개인 센터에 가서 특전을 사용할 수 있습니다~"
111313,캐릭터 의상 마이그레이션
111314,오리지널 캐릭터 의상은 Dress-Up 시리즈에 통합됩니다. 모험가들은 쇼핑몰에 가서 옷을 입고 옷을 입을 수 있습니다 ~
111315,- 특별 버전이 개정 및 업그레이드되었으며 모든 라운드 분석이 제공됩니다!
111316,"1. 특기: 모험가는 특전을 착용한 후 게임에 자신의 추가 속성을 추가할 수 있습니다. 모험가가 게임에서 특정 속성 보너스를 얻을 수 있습니다. 특전은 두 가지 레벨로 나뉘며, 레벨이 높을수록 제공되는 속성 보너스가 높아집니다. 2. 잠금 해제 방법: 모험가는 특성 범용 조각을 통해 특성을 활성화할 수 있습니다. 3. 레벨업 방법: 모험가는 특전 범용 조각을 통해 특전을 업그레이드할 수 있습니다. 4. 착용 및 사용 방법: 개인 센터 - 특산품의 활성화된 특산품 인터페이스에서 [장비]를 클릭하면 성공적으로 착용할 수 있습니다. 게임에 입장하면 모험가는 해당 특전에 대한 속성 보너스를 받게 됩니다."
111317,2. 잠금 해제 방법: 모험가는 특성 범용 조각을 통해 특성을 활성화할 수 있습니다.
111318,3. 레벨업 방법: 모험가는 특전 범용 조각을 통해 특전을 업그레이드할 수 있습니다.
111319,4. 착용 및 사용 방법: 개인 센터 - 특산품의 활성화된 특산품 인터페이스에서 [장비]를 클릭하면 성공적으로 착용할 수 있습니다. 게임에 입장하면 모험가는 해당 특전에 대한 속성 보너스를 받게 됩니다.
111320,활성화되지 않음
111321,1단계
111322,2단계
111323,현재 레벨 보너스
111324,다음 단계 보너스
111325,소비 전문 샤드 잠금 해제
111326,소모품 업그레이드
111327,특성 조각 교환
111328,재료 사용
111329,버전 업그레이드로 인해 위의 항목이 무효화되었습니다. 특수 조각으로 교환 가능
111330,교환하여 얻을 수 있습니다.
111331,매우 긴 조각
111332,이미 소유 @1
111333,교환 후 [color=#FA7A0F] @1[/color] 받기
111334,환율 발표
111335,교환
111336,항목 이름
111337,교환할 아이템이 없습니다.
111338,비율
111339,업그레이드 특전
111340,특전 활성화
111341,업그레이드
111342,잠금 해제
111343,장비하다
111344,언로드
111345,#CFA7A0F 원본 캐릭터 조각이 #N로 교환됩니다.
111346,교환할 수 있는 캐릭터 조각이 없습니다.
111347,숫자
111348,모두 사용
111349,현재 맵 작성자가 특전을 비활성화합니다.
111350,추가 길이를 위한 불충분한 파편
111351,소모품 활성화
111352,"이런, 너무 긴 데이터 동기화에 실패했습니다. 다시 시도하십시오"
111353,TA의 방이 꽉 차서 일시적으로 액세스할 수 없습니다.
111354,TA가 결제 중이며 당분간 입력할 수 없습니다.
111355,게임이 시작되어 일시적으로 액세스할 수 없습니다.
111356,상대의 게임 버전이 너무 낮습니다. 상대방에게 게임 업데이트를 상기시켜주세요~
111357,ta 그룹의 팀이 꽉 차서 당분간 들어갈 수 없습니다.
111358,게임 중입니다. 다른 방에 들어가려면 현재 게임에서 로그아웃해야 합니다.
111359,두 게임 버전이 일치하지 않습니다.
111360,객실에 일시적으로 액세스할 수 없습니다.
111361,현재 팀 크기가 꽉 찼습니다.
111362,현재 팀 게임이 켜져 있어 입력할 수 없습니다.
111363,당신의 친구 @1이 게임에 들어갔습니다.
111364,팀 초대 시작
111365,팀 초대가 시작되었습니다
111366,팀 게임
111367,ta 그룹의 팀 크기가 꽉 차서 당분간 가입할 수 없습니다.
111368,팀에 일시적으로 참여할 수 없습니다.
111369,당분간 팀 초대를 시작할 수 없습니다.
111370,팀 코드:
111371,대면 팀
111372,"무단 포지셔닝 사용, 휴대폰 설정 페이지로 이동하여 열기"
111373,친구와 같은 4개의 숫자를 입력하고 같은 팀에 들어갑니다.
111374,팀에서는 반복적으로 팀에 합류하는 것이 불가능합니다.
111375,대면 팀 예의
111376,새로운 플레이어를 직접 팀을 구성하도록 초대합니다.
111377,같은 날 등록한 신규 사용자와 [색상=#FE5656] 팀을 이루어 게임에 참여하는 플레이어는 보상을 받습니다(얼굴을 맞대고 입장하는 플레이어에 한함).
111378,초대: [b] [크기 = 30] @ 1인 [크기] [b]
111379,이벤트 시간: @ 1년 @ 2월 3일 -@4년 5월 6일
111380,받은 보상
111381,@ 1인 초대
111382,"온라인 사기에 주의하십시오. 이름, 주소, 연락처, 은행 계좌 번호, 결제 소프트웨어 암호, 휴대폰 확인 코드 등을 포함한 개인 정보 정보를 공유하지 마십시오."
111383,팀이 공개됨
111384,팀 미공개
111385,팀이 준비되었습니다
111386,홀에서
111387,게임에서
111388,당신과 당신의 친구들은 같은 사교 홀에 있습니다
111389,초대가 너무 빈번합니다.
111390,당신의 친구[색상=#0AAA1A] %s [/색상]이 온라인 상태입니다.
111391,당신의 친구[색상=#0AAA1A]%s[/색상]이 게임에 있습니다.
111392,당신의 친구[색상=#0AAA1A] %s [/색상]이 팀에 있습니다.
111393,팀 모드에서는 팔로우할 수 없습니다.
111400,신용 점수 규칙 확인
111401,프롬프트
111402,게임 내 위반 행위가 있고 신용 점수가 @1 미만이므로 음성 기능 사용을 금지합니다. 신용 규칙에 따라 올바른 게임을 플레이하여 신용을 회복할 수 있습니다.
111403,게임 내 위반 사항이 있고 신용 점수가 @1 미만이므로 채팅 기능 사용을 금지합니다. 신용 규칙에 따라 올바른 게임을 플레이하여 신용을 회복할 수 있습니다.
111404,크레딧: @1
111405,게임 내 규칙을 위반하고 신용 점수가 @1점 미만이므로 [마스터 및 견습생 - 마스터 되기] 기능을 사용할 수 없습니다. 크레딧 규칙에 따라 정상적인 게임 동작을 수행하여 크레딧을 복원할 수 있습니다.
111500,댄스 홀 설정
111501,사이트 범위
111502,선택하다
111503,선택한 영역이 없으며 게임 플레이는 적용되지 않습니다.
111504,참여 보상
111505,에 추가하십시오
111506,구하다
111507,지역 설정
111508,새로운
111509,보상을 편집하십시오
111510,승리하는 방법
111511,단일 게임 랭킹
111512,한 번의 게임에서 점수를냅니다
111513,보너스 조건
111514,TOP1
111515,TOP2
111516,TOP3
111517,TOP4
111518,TOP5
111519,TOP6
111520,TOP7
111521,TOP8
111522,TOP9
111523,TOP10
111524,값을 입력하세요
111525,(값이 설정 한 값보다 크거나 같으면 획득)
111526,항목을 선택하십시오
111527,선택하다
111528,보상과 해당 조건을 설정하십시오
111529,Miniclub Dance Hall 도움말
111530,"#cfa7a0f소개: #n- 댄스 홀 미니 클럽은 음악 게임 소품입니다. 개발자 모드로 배치한 다음 영역 도구를 사용하여 영역을 설정한 후 지도를 플레이 모드로 변환하여 음악 게임 댄스 게임 플레이를 경험합니다. 게임 플레이는 동시에 여러 사람을 지원합니다. #n#n#cfa7a0f설정 정보: #n - 개발자 모드에서 댄스 홀 소품을 클릭하여 댄스 홀 설정 인터페이스를 불러옵니다. - 영역 범위 선택: 개체 라이브러리 영역 기능을 통해 댄스 홀의 크기를 선택할 수 있으며, 장소 크기를 중심으로 장면을 구축할 수 있습니다. #cfa7a0f (팁: 영역에서는 정장 스킨의 춤을 지원하지 않고 커스텀 드레스의 플레이어에게 맞춤형 크로스 드레싱을 제공하기 위해 장면 입구에 크로스 드레싱 공간을 구축하는 것이 좋습니다.) #n - 참가자 보상 설정: 랭킹과 포인트로 게임 플레이어에게 줄 수 있으며, 보상으로 설정한 게임 소품을 발행할 수 있습니다. - 사전 노래 주문 설정: 개발자는 댄스 홀의 노래를 미리 설정할 수 있으며, 루프 재생 위치를 설정하여 모든 플레이어 노래 주문을 끌 수 있습니다. 게임 플레이에 대한 #n#cfa7a0f: #n - 플레이어가 댄스 홀 영역에 들어가고 게임 GUI가 댄스 홀이 됩니다. 플레이어가 음악 플레이어를 사용하여 노래를 선택한 후 노래가 재생되면 게임이 자동으로 시작됩니다. - 음악이 울리면"
111531,점수
111532,현재 순위
111533,@1 포인트
111534,폐쇄 (@1S)
111535,아무도 현재 노래를 주문하지 않습니다. 노래를 주문하십시오.
111536,준비 ········· @1 초
111537,당신은 댄스 홀 영역을 떠나 재생 모드로 돌아 왔습니다.
111538,게임이 시작되었습니다. 다음 게임을 기다려주십시오 ...
111539,당신은 음악에 춤을 추을 수있는 댄스 홀 영역에 들어갔다!
111540,노래 @1에 【@2】*@3이 있습니다.
111541,"다음 음악 ""@1""이 재생되기 @2 초 앞에 있습니다."
111542,현재의 피부는 댄스 홀 게임 플레이를 지원하지 않으며 사용자 정의 아바타로 전환합니다.
111543,최대 10 개의 보상을 설정합니다
111544,이 지역이 삭제되었습니다. 다시 선택하십시오!
111545,점의 상한선은 7 자리 숫자입니다!
111546,댄스 홀 지역에서는 마운트가 허용되지 않습니다
111547,상금이 발급되었습니다
111548,@Null@
111549,미리 설정된 볼룸 음악
111550,선택한
111551,사전 선택
111552,최대 15개의 노래를 미리 설정하면 선택한 노래 목록을 클릭하여 원하지 않는 노래를 삭제할 수 있습니다.
111553,선택한 노래
111554,@1을 삭제하시겠습니까?
111555,플레이어 노래 주문을 끌 것인지 여부
111556,플레이어의 노래 주문 권한을 해제할지 여부는 확인 후 플레이어가 댄스 홀에서만 미리 설정된 노래를 재생할 수 있습니다.
111557,확인.
111558,취소
111600,채팅 거품
111601,"채팅 거품 : 개봉 후, 채팅 창의 방에있는 플레이어가 입력 한 정보가 캐릭터의 머리 위에 나타납니다."
111602,채팅 거품이 닫힙니다
111603,채팅 거품 (열기) : 채팅 정보가 캐릭터의 머리에 동시에 나타납니다.
111700,점프 맵 설정
111701,지도 대상
111702,지도 이름
111703,텔레포트 좌표
111704,목록 보기
111705,내 지도
111706,텔레포트 확인
111707,팀원 초대
111708,@1에게 보내시겠습니까?
111709,지도 ID를 입력하거나 목록에서 선택
111710,자동 획득. 기입할 필요가 없습니다.
111711,"x, y, z(예: 10,7,12)"
111712,지도 선택
111713,가사도우미 목록
111714,텔레포트할 수 없습니다. 지도 ID는 @1입니다.
111715,지도 상태 오류입니다. 공개적으로 업로드된 지도 ID를 입력하세요.
111716,대상 맵이 열려 있지 않습니다.
111717,호스트가 텔레포트를 준비 중입니다.
111718,지도 정보를 가져오지 못했습니다.
111719,[color=#E0DCCA]Player[/color][color=#FFDA0A] @1 [/color][color=#E0DCCA]님이 [/color][color=#FFDA0A] @2 [/color]지도에 초대합니다. .
111720,초대됨
111721,초대장을 다시 보내려면 @1초 동안 기다리십시오.
111722,현재 장치는 당분간 라이브 방송 시작을 지원하지 않습니다.
111723,이 이벤트는 성인 고객 참여만 허용
111724,이 항목은 현재 앱에서 사용할 수 없습니다.
111800,사용자 정의 이미지
111801,최근에 사용한 것
111802,사용자 정의 이미지 라이브러리
111803,기본
111804,(1. 업로드 된 이미지 크기가 3m를 초과합니다.
111805,2. 총 사진 라이브러리 수가 상한에 도달했습니다. 업로드하기 전에 일부 사진을 삭제하십시오. 3. 업로드된 사진의 형식이 잘못되었습니다. JPG 및 PNG 사진을 업로드하십시오.
111806,4. 1920 * 1080에 대한 해상도)
111807,업로드에 실패했습니다. 파일 형식이 업로드 규칙을 충족하지 않습니다.
111808,같은 파일을 업로드하지 마십시오
111809,이미지 파일을 선택하십시오
111810,Png 파일(*.png) \0*.png\0모든 파일(*.*) \0*.*\0
111811,다음 리소스가 삭제되고 사용된 맵이 영향을 받지 않으며 삭제 후 로컬 파일이 검색되지 않습니다.
111900,@Null@
111901,속성 설정
111902,이름
111903,콘텐츠 표시
111904,이미지를 선택하십시오
111905,인터페이스를 선택하십시오
111906,비디오를 선택하십시오
111907,적합을 선택하십시오
111908,조정
111909,바닥 설정
111910,불투명
111911,색상
111912,충돌 스위치
111913,우선 순위를 표시합니다
111914,영상
111915,동영상
111916,인터페이스
111917,채우다
111918,적응력
111919,뻗기
111920,타일
111921,중심의
111922,중심점 좌표
111923,x 좌표
111924,Y 좌표
111925,Z 좌표
111926,회전
111927,x 축
111928,y 축
111929,z 축
111930,iqiyi.
111931,디스플레이 창 크기
111932,너비
111933,키
111934,비디오 링크
111935,디스플레이 창은 당신에게서 1000 개의 사각형이 넘칩니다. 그래서저기서 비행 할 수 없습니다.
111936,이미지를 추가하십시오
120000,111900 ~ 120000 디스플레이 보드 용으로 예약되어 있습니다
120001,배경색
120002,밝은 회색
120003,짙은 회색
120004,하얀
120005,패턴 색상
120006,버튼 설정
120007,입력 설정
120008,제한 없는
120009,숫자 만
120010,편지 만
120011,듀얼 디스플레이
120012,PC에만 표시됩니다
120013,모바일에만 표시됩니다
120014,무료 줌
120015,비례
120016,"각 페이지는 여러 페이지 상태로 설정할 수 있습니다 (상한은 6이며 동일한 요소가 표시, 위치, 크기, 색상, 투명도, 회전, 텍스트 내용, 패턴, 글꼴 등)을 가질 수 있습니다. 다른 페이지 상태에서. 크기.), 페이지 상태를 트리거를 통해 전환 할 수 있으며 다른 페이지 상태의 해당 속성은 조정 중에 영향을받지 않습니다. 속성을 동기화 해야하는 경우 구성 요소 설정의 동기화 단추를 동기화 할 수 있습니다."
120017,연관을 사용하는 방법
120018,"왼쪽 버튼이 선택됩니다. 상위 요소가 변경되면 자식 요소와 상위 요소의 왼쪽 테두리 사이의 거리가 변경되지 않습니다.
- 오른쪽의 버튼이 선택됩니다. 상위 요소가 변경되면 자식 요소와 상위 요소의 오른쪽 테두리 사이의 거리가 변경되지 않습니다.
-Upper 버튼이 선택됩니다. 상위 요소가 변경되면 자식 요소와 상위 요소의 상단 경계 간의 거리가 변경되지 않습니다.
- 하단 버튼이 선택됩니다. 상위 요소가 변경되면 자식 요소와 상위 요소의 하단 경계 사이의 거리가 변경되지 않습니다.
- 왼쪽 및 오른쪽 버튼이 동시에 선택됩니다. 상위 요소가 변경되면 자식 요소와 상위 요소의 중심점 사이의 수평 거리가 변경되지 않습니다.
-UP 및 DOWN 버튼이 동시에 선택됩니다. 상위 요소가 변경되면 자식 요소와 상위 요소의 중심점 사이의 세로 거리가 변경되지 않습니다."
120019,@Null@
120020,@Null@
120100,@Null@
120101,비 화금이 아닌 사용자가 사용할 수 없습니다
120102,포르노의 위반
120103,귀하의 연결이 지구 표면을 남겨 두었습니다. 다시 시도하십시오.
120104,죄송합니다. 파일은 정상적으로 구문 분석 할 수 없습니다.
120105,밝게 빛납니다
120106,트랙을 주 멜로디로 표시하십시오. 악기를 사용할 때 첫 번째 트랙이 먼저 재생됩니다.
120107,모두 재생
120108,MIDI 업로드
120109,MIDI는 특별한 오디오 파일입니다.
120110,자세한 내용은 여기를 클릭하십시오
120111,일반 오디오
120112,MIDI 오디오
120113,MIDI 란 무엇입니까?
120114,파일을 성공적으로 업로드합니다
120115,숫자가 상한에 도달하고 불필요한 파일을 삭제하고 다시 시도하십시오.
120116,자신이 아닌 다른 파일을 업로드 할 수 없습니다
120117,"잘못된 오디오 트랙, 현재 악기 재생 및 변경을 지원하지 않습니다."
120118,(현재 지원되지 않음)
120119,오디오 트랙
120120,@Null@
120121,MIDI 파일 크기가 @1M을 초과하여 로드 실패
120122,@Null@
120123,스위치 바인딩
120124,계정을 추가
120125,비밀번호
120126,질문 1
120127,답변
120128,질문 2.
120129,UID를 등록하십시오
120130,컴퓨터 바탕 화면에 저장하십시오
120131,개인 정보 보호 계약
120132,계정이 없습니다!
120133,"친애하는 모험가 :
 사용자가 존재하지 않으면 등록하십시오!"
120134,등록하다
120135,로그인 실패
120136,이 기능을 일시적으로 사용할 수 없으므로 업그레이드 된 버전을 기다리십시오!
120137,클라우드 게임에 로그인하지 못했습니다. 게임을 다시 시작하십시오.
120138,충분한 저장 공간이 충분하지 않습니다
120139,비밀번호 분실
120140,"친애하는 모험가 :
암호가 설정되지 않았습니다. 계정을 보안하기 위해 암호를 만드는 것이 좋습니다."
120141,원래의 UID를 바인딩하지 않으려고 확신합니까?
120142,이메일이 UID와 함께 바인딩되었으며 유일한 바인딩 계정이므로 새 이메일을 입력하십시오.
120143,전화 바인드 스왑
120144,이메일 바인드 스왑
120145,바운드 휴대 전화 번호를 사용하여 계정 암호를 로그인하거나 검색하는 데 사용할 수 있습니다.
120146,바운드 이메일을 사용하여 계정 암호를 검색 할 수 있습니다.
120147,"휴대 전화 번호가 @1에 바인딩되었습니다, 다음 단계는 원래 @2의 바인딩을 해제하는 것입니다, 계속하시겠습니까?"
120148,전화를 해제 한 후에는 전화 번호를 통해 로그인하거나 계정 암호를 검색 할 수 없게됩니다.
120149,이메일을 바인딩 해제 한 후에는 해당 이메일로 계정 암호를 검색 할 수 없습니다.
120150,UID %s이 휴대 전화에 성공적으로 바인딩됩니다.
120151,UID %s이 성공적으로 휴대 전화로 변경되었습니다.
120152,이메일 번호가 @1에 바인딩되었습니다. 다음 단계는 원래 @2의 바인딩을 해제하는 것입니다.
120153,스와핑하기 전에 확인 코드를 입력하여 신원을 확인하십시오.
120154,UID %s가 이메일에 성공적으로 바인딩됩니다.
120155,미니 계정 %s가 이메일을 성공적으로 변경했습니다
120156,새 전화 번호를 입력하십시오
120157,새 이메일을 입력하십시오
120158,미니 바인딩
120159,"미니 계정 연결 채널 계정은 미니 계정의 보안을 향상시킬 수 있으며, 연결이 설정되면 [color=#DF6C77]을(를) 바인딩 해제하거나 리바운드할 수 없습니다. [/색상]"
120160,다른 채널 계정이 연결되었습니다.
120161,미니 번호가 성공적으로 바인딩되었습니다.
120162,미니 바인딩에 실패했습니다. 다시 시도하거나 바인딩할 다른 미니 번호를 선택하세요.
120163,클립보드에 저장
120164,채널이 여러 번 로그인에 실패하고 게임을 종료했습니다.
120165,"채널 인증에 실패했습니다, 다시 채널에 로그인 후 다시 시도하세요!"
120166,미니 계정이 현재 다른 채널 계정에 묶여 있으니 미니 계정 또는 채널 계정을 전환하세요.
120167,바인딩 실패 횟수가 너무 많으면 바인딩 인터페이스를 닫습니다
120168,미니 번호 %s이(가) 이미 로그인되어 있습니다!
120169,채널 계정에 로그인하여 다음 단계로 진행하세요!
120170,다른 휴대전화로 로그인
120171,"미니 월드의 [color=#76b04a] ""%s"" [/color]를 읽고 동의합니다."
120172,인증 프로토콜을 확인하십시오.
120173,
120174,실명 데이터는 여러 번 얻을 수 없습니다.
120175,휴대폰
120176,차이나 유니콤
120177,차이나 텔레콤
120178,인증 서비스는 %s에서 제공합니다.
120179,채널에 너무 많은 연속 로그인이 있는 경우 게임을 종료하여 네트워크 또는 채널 계정을 확인하세요!
120180,로그인하는 다른 방법
120181,로그아웃한 Mini@1 mini@2로 전환하시겠습니까?
120182,로그인 전환
120183,"Mini-@1이 로그아웃되었는데, 새 번호를 만드시겠습니까?"
120184,금지
120185,로그아웃됨
120186,@1 계정에 로그인하지 못했습니다. 다음 단계로 진행하기 전에 다시 시도하십시오.
120187,mini@1는 현재 로그인 한 @ 2 계정에 바인딩되어 있지 않으므로 @ 3- [설정] 스위치 계정으로 이동하거나 다른 미니 계정으로 로그인하십시오.
120198,보안 팁
120199,"로그인 인증에 실패했습니다, 로그인하려면 비밀번호를 다시 입력해주세요!"
120200,무기
120201,병기고
120202,인격
120203,제한 시간 판매 : @days @hours @minutes.
120204,재판
120205,@days @hours @minutes.
120206,제한된 시간
120207,뜨거운 판매
120208,특별 메뉴
120209,세부
120210,온라인 시퀀스 오름차순
120211,온라인 시퀀스 내림차순
120212,가격에서 낮은 가격
120213,저렴한 가격
120214,이름을 입력하십시오
120215,구입
120216,터놓다
120217,사용하다
120218,취소
120219,이벤트에서 얻을 수 있습니다
120220,@1을 성공적으로 사용했습니다
120221,사용 취소
120222,@2를 구매하려면 미니 동전 × @1을 쓸 것입니다. (적절한 엔터테인먼트 및 합리적인 소비)
120223,@2를 구매하려면 @2를 보낼 것입니다. 확인하십시오. (적절한 엔터테인먼트 및 합리적인 소비)
120224,새로운 피부를 얻으십시오 : @1.
120225,새로운 피부의 잠금 해제 : @1
120226,보여
120227,확신하는
120228,전반적인
120229,기관단총
120230,저격 총
120231,무거운 기계 총
120232,권총
120233,검
120234,활과 화살
120235,게임 버전이 너무 낮습니다
120236,게임 버전이 너무 낮습니다
120237,게임 버전이 너무 낮습니다
120238,게임 버전이 너무 낮습니다
120239,게임 버전이 너무 낮습니다
120240,게임 버전이 너무 낮습니다
120241,게임 버전이 너무 낮습니다
120242,게임 버전이 너무 낮습니다
120243,게임 버전이 너무 낮습니다
120244,무기 피부 세부 사항
120245,이 무기 스킨에는 다음과 같은 효과가 포함되어 있습니다.
120246,먼저 피부를 표시하십시오
120247,"폐쇄, 디스플레이 미니어처 먼저"
120248,열린 무기 스킨을 열었습니다
120249,다음 페이지
120250,무기 스킨을 사용하는 방법
120251,1. 무기 : 구매 스킨
120252,2. 이미 소유 한 : 사용
120253,게임에서 모두가 멋진 무기를 볼 수 있습니다.
120254,1. 무기 스킨을 사용하기 전에
120255,2. 무기 스킨을 사용한 후
120256,동일한 무기 유형을 위해 피부가 표시됩니다.
120257,항목 형식
120258,피부
120259,방법을 얻으십시오
120260,나쁜 요청 매개 변수
120261,잘못된 클라이언트 버전
120262,구성이 잘못되었습니다
120263,잘못된 항목
120264,공제 실패
120265,항목을 삭제하지 못했습니다
120266,항목을 추가하지 못했습니다
120267,데이터를 쓰지 못했습니다
120268,구매 제한
120269,배송 실패
120270,영구 항목은 갱신 할 필요가 없습니다
120271,항목이 만료되었습니다
120272,피부를 찾을 수 없습니다
120273,무기 피부
120274,@Null@
120275,와! 나 무기 피부cfa7a0f@1#n!
120276,적용 가능한 무기: 권총
120277,적용 가능한 무기: 기관총
120278,적용 가능한 무기: 저격총
120279,적용 가능한 무기: 중기관총
120280,적용 가능한 무기: 검
120281,적용 가능한 도구: 곡괭이 하위 클래스
120282,적용 가능한 도구: 도끼 종류
120283,적용 가능한 공구: 삽 종류
120284,곡괭이
120285,도끼
120286,삽
120287,지도 무기 스킨 보너스가 꺼져 있습니다.
120288,캐릭터 핸드헬드
120289,캐릭터 라이드
120290,가서 무기 스킨을 사세요.
120291,"당신은 이미 무기 스킨을 @1, 다시는 주지 마세요."
120292,무기 피부 조작
120293,보너스 허용
120294,그것은 주어졌습니다.
120295,이메일을 보내지 못했습니다.
120296,무기 스킨은 이메일을 통해 @1에 제공되었습니다. 이메일이 지연될 수 있습니다. 반복적으로 로그인한 후 친구에게 확인하도록 알릴 수 있습니다.
120297,대장간 가게
120298,무기 숙련도 잠금 해제 최대 Lv%d
120299,"이벤트 규칙 1. 대장간은 영구 무기로만 강화할  수 있습니다 . 2. 각 강화는 확률에 따라 품질 아래에 속성 표시줄을 추출합니다. 3. 플레이어는 ""강화 계속"" 또는 ""속성 유지"" 버튼을 통해 무기 속성 표시줄을 새로 고치거나 업데이트할 수 있습니다."
120300,확률 홍보
120301,품질 유형
120302,전설 레벨
120303,귀중한
120304,희귀 레벨
120305,보통 학년
120306,확률
120307,무기 숙련도는 무엇을 합니까?
120308,무기 숙련도는 어떻게 높이나요?
120309,1. 숙련도가 높아짐에 따라 대장간에서 강화되는 무기 별이 잠금 해제됩니다.
120310,1. 모든 맵에서 무기 스킨을 사용하고 플레이어나 생물을 물리치고 숙련도 보너스를 받으세요.
120311,1. 숙련도 보너스는 모든 맵에서 무기 스킨을 사용하고 플레이어나 생물을 물리치면 부여됩니다.2. 숙련도 보너스는 모든 맵에서 무기 스킨을 사용하고   파워로 스킬을 해제하면 얻을 수 있습니다
120312,1. 숙련도 보너스는 모든 맵에서 무기 스킨을 사용하고 유닛 블록을 부수면 얻을 수 있습니다.2. 숙련도 보너스는 모든 맵에서 무기 스킨을 사용하고   파워로 스킬을 해제하면 얻을 수 있습니다
120313,리포지 팁
120314,현재 재구성 속성이 고품질 속성인데 재구성을 계속하시겠습니까?
120315,소모품의 수가 부족합니다
120316,무기는 아직 소유되지 않았습니다
120317,향상을 클릭합니다
120318,속성을 저장합니다
120319,1. 숙련도 보너스는 모든 맵에서 무기 스킨을 사용하고 유닛 블록을 부수면 수여됩니다.
120399,#cfa7a0f%s#n일#cfa7a0f%s#n시#cfa7a0f%s#n분
120400,@Null@
130000,무료 플레이를 입력하십시오
130001,음악 라이브러리
130002,공식 리소스
130003,리소스 라이브러리
130004,장르
130005,망할 음악
130006,작가
130007,권장 악기
130008,지속
130009,권장 악기를 사용하여 주요 멜로디를 재생하십시오. 효과가 더 좋습니다.
130010,가져 오기 / 관리
130011,점수로 저장하십시오
130012,확인하다
130013,무료 플레이
130014,G
130015,C
130016,F
130017,음악적 규모의 제한으로 인해 일부 노트는 재생할 수 없습니다.
130018,"생산이 너무 빨리, @1 초에서 다시 생산 될 수 있습니다."
130019,"생산 실패, 배낭 이이 점수를 보유 할 수 없습니다."
130020,#g 【@1】 #n이 성공적으로 생산되었으며 배낭에 넣어졌습니다.
130021,곡 #g 【@1】 #N을 재생하는 방법을 배웠습니다.
130022,당신은 이것을 배웠습니다. 다른 친구들과 공유하십시오.
130023,악기의 범위 제한으로 인해 F %s 음표 연주는 지원되지 않습니다
130024,공식적인
130025,장착하는 동안 무료 플레이 모드로 전환 할 수 없습니다
130026,변형 된 상태에서는 재생할 수 없습니다
130027,노래의 점수 [자원 이름]이 성공적으로 생산되었으며 배낭에 넣었습니다.
130028,%s에 대한 점수
130029,%s가 재생되는 방식을 기록하는 점수. %s에서 생성 한 후 점수를 배울 수 있습니다.
130030,당신은 이것을 배웠습니다. 다른 친구들과 공유하십시오.
130031,그것은 너무 빨리 만들어졌고 %s 초로 만들 수 있습니다.
130032,비 화금이 아닌 사용자가 사용할 수 없습니다
130033,"노래를 재생하는 방법을 배웠습니다. [%s], 시도해보십시오."
130034,"우선 순위 앙상블을 활성화 한 후 근처에있는 플레이어가있는 경우, 같은 음악이 다른 음악이 다른 사람들과 앙상블에 처음 일치 할 것입니다."
130035,우선 순위 앙상블
140000,위치와 원근법을 이동하여 최상의 사진 각도를 찾으십시오!
140001,기본 보기
140002,긍정적 관점
140003,백뷰
140004,"현재 방이 꽉 찼는데, 새 방을 추가하시겠습니까?"
140005,클라우드 서비스 룸에 가입하지 못했습니다. 새 룸에 가입하시겠습니까?
140006,룸에 가입하지 못했습니다. 다시 시도하십시오.
140007,"이 지도는 정말 재미있어요, 빨리 해보세요!"
140008,"네 작전666 들었어, 와서 이 지도를 써봐!"
140009,"당신은 초고품질 맵을 플레이하지 않았고, 함께 플레이할 친구입니다!"
140010,하느님! 나는 오랫동안 당신을 지켜봤어요! 나와 함께 어둠 속에서 놀자!
140011,"내 지도에서, 아무도 날 능가할 수 없어. 날 믿지 않는다면, 와서 해봐!"
140012,내 모험실로 와! 내 친구들과 나는 너를 기다리고 있어!
140013,이 모험 방은 멋져요! 전혀 멈출 수 없어!
140014,미니월드에서 정말 멋진 사진을 찍었어요!
140015,"이 사진은 정말 재미있어, 나도 정말 멋진 사진을 찍었어, 와서 나랑 놀아!"
140016,이미지가 업로드되고 있습니다. 기다려 주십시오.
140017,이미지 업로드에 실패했습니다. 다시 시도하십시오!
140018,정말 재미있는 지도일 거예요! 함께 놀도록 초대받았습니다!
170001,호랑이 새해
170002,행사 하이라이트
170003,미니 극장
170004,미니 콩을 보세요
170005,또는
170011,독점적인 교통 패키지
170012,유니콤 5G 트래픽 + 150 미니 코인
170013,모바일 5G 트래픽 + 150 미니코인
170014,오픈 예정
170015,주문
170016,예비
170017,예비
170018,예비
170019,예비
170020,예비
170111,불꽃놀이 행운x
170112,드림빌딩 선물상자
170113,별빛 선물 상자
170114,장착 카드 그리기 기계
170115,"1, 스타 선물 상자: 1 스타 코드를 사용하고, 1 열 수 있고, #cfa7a0f 스타 스킨 바우처를 받을 수 있는 기회를 갖습니다#n. 
  
 2, 드림빌딩 선물상자: 1 열 수 있는 드림빌딩 코드 워드를 사용하고, #cfa7a0f드림빌딩 스킨바우처를 받을 수 있는 기회를 갖습니다#n. 
  
 3, 별빛 스킨 교환, 드림빌딩 스킨 교환 바우처는 교환 매장에서 전용 스킨으로 교환할 수 있습니다. 교환 매장은 수시로 업데이트되며, 교환 바우처 수는 지워지지 않습니다. 
  
 4,선물상자를 여는 누적 횟수가 지정된 횟수에 도달하면 추가 보상도 받을 수 있습니다. 매주 월요일에 누적 횟수와 보상이 #n0로 재설정되므로 제때에 보상을 받으십시오. 
  
 5 선물 상자를 한 번 열면 일정 수의 행운의 가치가 증가하고, 행운의 가치가 높을수록 바우처를 받을 기회가 커지며, 행운의 가치가 가득 차면 다음에 선물 상자를 열면 바우처를 받을 수 있고, 바우처를 받을 수 있으며, 행운의 가치는 0로 재설정됩니다. 
  
 6, 계정에 스타/드림 빌딩 코드가 있을 때, 선물 상자를 열면 스타/드림 빌딩 코드를 차감하는 것이 우선입니다. 
  
 7, 드림빌딩 코드 워드는 미니코인20 쓰면 얻을 수 있고, 미니코인을 이용해 선물상자를 직접 열 수도 있고, 할인 5이 있고, 미니코인만 88 매일 미니코인을 사용해 드림빌딩 선물상자를 무료로 열고, 하반기 가격#n, 세 번째로 원래 가격을 복원할 수 있다. 
  
 8 스타코드는 미니코인을 68 쓰거나 미니코인을 이용해 선물상자를 직접 열 수 있으며, 미니코인만 5 할인이 318. 
  
 9, 별빛 선물 상자 보상 목록 및 확률 
 무기 피부(영구) 4.36% 
 복장(영구) 3.33% 
 무기 피부(제한 시간) 27.99% 
 드레스업(제한된 시간) 27.99% 
 드레스업 샤드 10.51% 
 미니코인 6.32% 
 미니 원두 9.58% 
 고급 마운트 범용 조각 6.57% 
 체험 카드 7.71% 즐기기 
 별빛 피부 바우처, 초기 확률은 0.001%, 행운의 값이 높을수록 행운의 값이 획득됩니다. 
  
 10, 드림빌딩 선물 상자 보상 목록 및 확률 
 스프레이 페인트(영구) 3.93% 
 복장(영구) 3.12% 
 스프레이 페인트(제한 시간) 30.21% 
 복장(한정시간) 30.21% 
 드레스업 샤드 10.07% 
 미니코인 3.93% 
 미니 원두 10.07% 
 일반 마운트 범용 조각 7.35% 
 체험 카드 5.04%를 즐기십시오. 
 드림 빌딩 스킨 바우처, 초기 확률은 0.001%, 행운의 값이 높을수록 행운의 값을 얻어야 합니다."
170116,누적 횟수
170117,복권 당첨 횟수(매주 월요일0 GMT+8 삭제)
170118,X 1
170119,X 5
170120,매일 처음으로 무료
170121,교환
170122,이미 소유
170123,보상 미리보기
170124,샤드 스토어
170125,교환 상점
170126,다음 보상을 받을 수 있는 기회를 위해 선물 상자 스위프 테이크에 참여하십시오!
170127,드림 빌딩 코드 구입
170128,별빛 코드 구입
170129,작업이 너무 빠릅니다. 속도를 줄이십시오.
170130,@1后下线
170131,스토어가 업데이트되었습니다. 나중에 다시 시도하세요.
170132,별빛 모험
170133,팁
170134,현재 상환 스토어 콘텐츠가 업데이트되었으며 최신 버전을 다운로드하여 사용해 볼 수 있습니다. 현재 리워드를 계속 사용해야 하나요?
170135,현재 리워드를 직접 사용
170136,더 이상 프롬프트가 없습니다.
170199,새로운 가챠 인터페이스 예약
170200,쿠폰 받기
170201,잠금 해제를 축하합니다
170202,컬렉션의 이름
170203,컬렉션 가격 책정
170204,남은 시간
170205,거래 결과
170206,거래 운영
170207,컬렉션 목록 지침
170208,"1. 모험가는 컬렉션 콘텐츠의 일부를 판매용 선반에 놓을 수 있으며 가격, 판매 시간 및 익명 판매 여부를 설정해야 합니다. 팁 : 최근 거래 내역을 확인하여 현재 컬렉션의 평균 거래 가격을 파악할 수 있습니다 ~   2. 컬렉션은 선반에 놓이기 전에 사용하지 않는 상태여야 하며, 컬렉션의 상태는 선반에 놓인 후 숨겨지며 컬렉션은 선반에서 사용할 수 없습니다. 모험가가 컬렉션의 사용을 복원해야 하는 경우 컬렉션을 선반에서 제거해야 합니다.   3. 판매 시간이 끝난 후 컬렉션은 판매되지 않으면 자유 시장에 표시되지 않으며 플레이어는 다시 나열해야   합니다. 4. 수금 수수료는 거래 성공 후 차감되며, 거래되지 않은 수금은 취급 수수료가 차감되지 않습니다. 거래가 성공한 후 모험가는 ""내 컬렉션""으로 이동하여 해당 통화 Oh~5를 받는 것을 잊지 않습니다. 징수 수수료는 징수 가격의 8%에 따라 부과되며, 거래 성공 후 취급 수수료가 차감  됩니다.6.   컬렉션은 선반에 올라간 후 약 5분 후에 자유 시장에 나타날 예정이니 모험가들에게 인내심을 가져주세요. 7.   컬렉션을 판매하여 얻은 미니 코인은 컬렉션 구매, 빨간 봉투 발송 및 기능 제공에 사용할 수 없습니다."
170209,자유 시장
170210,내 거래
170211,가격 조치
170212,가격은 양수 순서입니다
170213,역순으로 가격
170214,수집 가능한 학위 긍정적 인 주문
170215,수집 가능한 정도 역순
170216,소유하지 않은 보기
170217,모두
170218,드레스
170219,사용자 지정
170220,거품
170221,방송
170222,수집
170223,책갈피 해제
170224,사다
170225,컬렉션 보기
170226,내 컬렉션
170227,내 컬렉션
170228,트랜잭션을
170229,컬렉션 제거
170230,재상장
170231,화폐 수집
170232,최근 거래 기록
170233,판매
170234,@1迷你币
170235,현재 가격:
170236,판매 선수 :
170237,남은 시간:
170238,수수께끼의 모험가
170239,진행 중
170240,판매
170241,상장폐지
170242,끝난
170243,Sell Collection(컬렉션 판매)을 클릭하면 @1 슬롯이 남습니다.
170244,미니 그랜드 회원이 되어 @1 슬롯을 잠금 해제하세요
170245,컬렉션의 가격
170246,판매 시간
170247,@1小时
170248,익명 판매
170249,거래 수수료:
170250,(가격 범위: 10-9999)
170251,최고 거래 가격:
170252,최소 거래 가격:
170253,평균 거래 가격:
170254,먼저 이메일 주소 또는 휴대폰을 등록하십시오
170255,이미 @1이 있으니 다른 컬렉션도 확인해보세요!
170256,"이 컬렉션 @ 1, 다른 컬렉션을 확인하십시오!"
170257,좋아하는 체위가 꽉 찼습니다!
170258,먼저 판매할 컬렉션을 선택하세요.
170259,사용 중인 스킨은 판매할 수 없습니다
170260,적절한 가격을 입력하십시오 (가격 범위 : 10-9999)
170261,현재 마지막 페이지입니다
170262,이제 첫 번째 페이지입니다
170263,"[color=#32B82F]를 구매하기 위해 [color=]를 @1成功 [/color]@2, [color=#32B82F]는 [/color]를 사용합니다@3迷你币"
170264,"@1成功 [color=#E88149]는 [/color]@2, [color=#E88149]를 판매하여 [/color] @3迷你币 얻습니다."
170265,경과된 컬렉션 정리
170266,수집품 바자
170267,컬렉션 판매
170268,평균 거래 가격
170269,날짜
170270,구매할 통화가 충분하지 않습니다.
170271,현재 판매할 수 있는 콘텐츠가 없습니다
170272,현재 탭에서 판매할 수 있는 컬렉션이 없습니다
170273,이 컬렉션에 대한 목록 정보가 없습니다.
170274,아직 컬렉션이 없으니 무료 시장에서 확인하세요!
170275,컬렉션을 구매하거나 판매하지 않는 경우 내 컬렉션 페이지로 이동하여 컬렉션 게시를 클릭합니다!
170276,멤버십을 활성화하고 인터페이스를 새로 고치고 슬롯을 확인했습니다.
170277,"추가 수집 슬롯은 미니 회원만 사용할 수 있으며, 모험가는 미니 회원 인터페이스로 이동하여 멤버십을 열고 선반 슬롯을 잠금 해제할 수 있습니다"
170278,컬렉션 제거를 확인하시겠습니까?
170279,재산의 안전을 위해 먼저 휴대 전화 또는 이메일 주소를 바인딩하십시오
170280,거래 데이터 없음
170281,컬렉션 제거 실패
170282,컬렉션 판매 시간 종료
170283,컬렉션을 구입하지 못했습니다.
170284,잘못된 컬렉션
170285,컬렉션 판매 시간이 유효하지 않습니다.
170286,컬렉션이 이미 있습니다.
170287,컬렉션을 찾을 수 없습니다.
170288,이미 구매할 컬렉션이 있습니다.
170289,아직 컬렉션을 소유하지 않음
170290,동일한 컬렉션이 이미 선반에 있으며 구매할 수 없습니다
170291,"클레임 실패, 나중에 다시 시도"
170292,성공적으로 확인되면 컬렉션을 게시할 수 있습니다!
170293,숙소의 안전을 위해 휴대폰/이메일 보안 검사를 실시하시기 바랍니다.
170294,휴대전화 보안을 확인하세요.
170295,#L切换至邮箱验证
170296,이메일 보안을 확인하십시오.
170297,#L切换至手机验证
170298,선반에 있는 것으로 확인되었습니까?
170299,컬렉션 판매
170300,컬렉션이 매진되었으니 다시 선택해주세요
170301,이번 달의 신용 한도에 도달했습니다
170302,"계정 생성 후 @ 1 일, 선물 @ 2 기능을 사용할 수 있습니다 ~"
170303,"미니 코인이 부족한 경우 충전 후 컬렉션 구매를 계속할 수 있습니다(시스템 선물, 미니 코인을 받을 수 있는 빨간 봉투는 컬렉션 구매에 사용할 수 없습니다)"
170304,냉각 기간 동안
170305,이번 주 리스팅 수: @1
170306,현재 컬렉션은 냉각 기간에 있으며 남은 시간은 @1이며 판매할 수 없습니다
170307,계정 등록 일수가 @ 1일 미만인 경우 컬렉션을 판매할 수 없습니다
170308,이번 주에 등록할 수 있는 최대 수집품 수에 도달했습니다
170309,"컬렉션 마켓은 @1~@2부터 거래가 가능하며, 지정된 시간 내에 거래해주세요."
170310,동일한 제품이 이미 사용 가능하며 재등록만 가능합니다.
170311,동일한 컬렉션이 이미 선반에 있으며 나열할 수 없습니다
171001,방송
171002,거품
171003,"성공적인 사용, 채팅 인터페이스에서 볼 수 있습니다!"
171004,성공적으로 사용되었으며 온라인지도에서 볼 수 있습니다!
171005,저명한 회원들이 형형색색의 상서로운 구름을 타고 옵니다!
171006,화려한 깃털 의상이 날고 있습니다!
171007,새로운 방송 받기: @1播报!
171008,새로운 거품을 얻으십시오 : @1气泡!
171009,동화 마을의 모험가들이 여기 있습니다!
171010,무지개를 그린 화가가 화려한 모습을 연출했습니다!
171011,%s [%s]을(를) 환영합니다!
171012,하늘에서 내려온 천궁의 밝은 정령!
171013,꿈의 섬에서 온 전령이 약속대로 도착합니다!
171014,행복한 돌팔이의 기사도 남자가 바람과 함께 온다!
171015,용감한 트랜스포머가 하늘을 뚫고 나왔어요!
171016,무지개를 장식하는 예술가들이 바람을 탄다!
171017,야오 광 쉬안링이 하늘에서 떨어졌습니다!
171018,사계절의 열심히 일하는 꽃집들이 조용히 오고 있습니다!
171019,양 마을의 친구가 공허를 탐험하며 용기를 보여줬어요!
171100,회원의 파티
171101,포인트 작업
171102,그룹 구성원
171103,회원을 위한 행운의 선물
171104,캠페인 페이지에 매일 방문하면 2포인트가 부여됩니다.
171105,오늘의 첫 번째 나눔 활동에 대해 2점이 부여됩니다.
171106,완료된 각 라운드에 대해 3점이 부여됩니다.
171107,미니 콩 50개당 3점
171108,보상 업그레이드
171109,원클릭 청구
171110,일반 보상
171111,고급 보상
171112,보상 업그레이드를 구매하고 고급 보너스 콘텐츠를 받으세요
171113,지금 구입하기
171114,다음 보상을 축하합니다.
171115,회원을 위한 행운의 선물
171116,수상 내역
171117,보상 내역
171118,매달 멤버십을 구매하면 5회 연속 추첨을 받게 됩니다
171119,지금 활성화
171120,99 미니코인/월
171121,@ 1번 더 뽑으면 S 또는 SS 보상을 받을 수 있습니다.
171122,이 시간은 무료입니다
171123,다섯 번 그리기
171124,한 번 담배를 피우십시오
171125,회원은 무료입니다
171126,회원은 하루에 한 번 추가 보너스를 받게 됩니다.
171127,오우 황제가 소유했다!
171128,@1을 받으신 것을 축하합니다!
171129,다음과 같은 보상도 수여됩니다.
171130,확실한가요
171131,다섯 번 더 그리기
171132,다음 보상을 축하합니다.
171133,가능한 출력
171134,확률 얻기
171135,콘텐츠 세부 정보
171136,SS에는 다음이 포함됩니다.
171137,S에는 다음이 포함됩니다.
171138,A다음이 포함됩니다.
171139,B에는 다음이 포함됩니다.
171140,C에는 다음이 포함됩니다.
171141,한정 드레스 업 (SS)
171142,영구 드레스
171143,영구 맞춤 드레스 (A)
171144,귀중한 소품 (B)
171145,일반 소품 (C)
171146,활동 규칙
171147,"1. 프로모션 기간: 2022년 7월 6일부터 7월 31일까지 2. 이벤트 기간 동안 모험가는 미니 코인을 사용하여 추첨권을 구매하여 행운의 추첨 기회를 얻을 수 있습니다.3. 추첨권 1장을 사용하여 1회 추첨, 추첨권 5장을 사용하여 5회 추첨 4. 모험가는 매일 이벤트 페이지에 로그인하여 무료 추첨 기회를 얻을 수 있으며 매일 오는 것을 잊지 마십시오! 저명한 미니 회원은 이를 기준으로 또 다른 무료 기회를 얻을 수 있습니다.5.이벤트 기간 동안 회원을 열면 5연속 무료 기회를 얻을 수 있습니다. 6. 이벤트 해석 권한은 공식 미니 월드에 있습니다."
171148,수상 내역
171149,멤버십 개설
171150,99 미니 코인을 사용하여 1 개월 동안 멤버십을 개설 할 수 있습니다.
171151,미니 회원에 오신 것을 환영합니다
171152,"미니 회원 가족에 오신 것을 환영합니다, 당신은 성공적으로 1 개월 멤버십을 열었습니다."
171153,다시 그리기
171154,추첨 티켓 구매
171155,미니코인/티켓 20개
171156,구매하고자 하는 수량을 선택해 주세요
171157,최대한
171158,@1 티켓을 구매하려면 @2 미니코인을 사용해야 합니다.
171159,구매에 성공했습니다
171160,구매에 실패했습니다
171161,@ 1 추첨권 성공적으로 구매
171162,미니코인 부족
171163,지금 충전하기
171164,"이벤트 기간 동안 친구들과 그룹을 구성하여 기간 한정 멤버십 활성화 할인을 받을 수 있으며, 그룹 인원수에 따라 추가 보상도 받을 수 있습니다!"
171165,2인 복지 @ 1 할인
171166,3인 여행 혜택 @ 1 할인
171167,5인 여행 혜택 @ 1 할인
171168,추가 인원은 @1을 얻습니다.
171169,우정의 빛
171170,이 캠페인 페이지에서 3개월 멤버십을 활성화하면 친구에게 1개월 멤버십을 무료로 제공할 수 있습니다!
171171,그룹 구성원
171172,단체 확인
171173,스폰서:
171174,미니:
171175,게임 닉네임:
171176,그룹 구성원 :
171177,그룹 구성원의 미니 번호 정보를 입력하거나 선택하십시오.
171178,게임 친구 선택
171179,팁 : 정보를 작성하고 결제를 완료하십시오. 위의 미니넘버에 대한 멤버십을 활성화/갱신할 수 있습니다.
171180,다음
171181,단체 확인
171182,다음 회원이 회원 그룹 활동에 참여할 예정이니 확인하시기 바랍니다.
171183,이전 단계
171184,@1 미니 코인이 필요합니다.
171185,그룹은 성공적이었습니다
171186,다음 회원들이 성공적으로 멤버십을 오픈/갱신했습니다! 더 많은 멤버십 특전을 원하시면 게임으로 이동하여 시청하세요!
171187,활성화 확인
171188,"친애하는 모험가 여러분, 한 번에 3개월 멤버십을 활성화하고 활성화가 완료되면 친구에게 1개월 무료 멤버십을 제공할 수 있는 기회가 주어집니다."
171189,재설정
171190,선택해 주세요
171191,미니 멤버에 오신 것을 환영합니다!
171192,"미니 회원 가족이 되신 것을 환영합니다, 3개월 멤버십을 성공적으로 오픈하셨습니다. 그리고 친구에게 @1(mini: @2)에게 1개월 멤버십을 선물!"
171193,팁: 친구의 게임 이메일로 선물 알림이 전송되었습니다!
171194,적어도 한 명의 친구를 선택하십시오
171195,최대 인원 초과
171196,미니 번호를 기입해 주세요
171197,자신을 채울 수 없다.
171198,확실한가요
171199,이미 단체 활동에 참여하셨군요~!
171200,이벤트 최대 참여 한도에 도달했습니다~!
171201,이벤트가 곧 시작되니 계속 지켜봐 주세요!
171202,@1迷你币
171203,우리의 우정이 영원하기를!!
171204,개최 기간:
171205,06.22-07.17
171206,"회원 테마 활동은 온라인입니다! 저와 함께 홈페이지 오른쪽 상단의 ""Member Party"" 입구를 클릭하여 이벤트에 참여하세요!"
171207,그룹은 성공적이었습니다
171208,미니 회원 가입을 환영합니다! 게임을 시작하고 멤버십 특권을 경험하세요!!
171209,선물 성공
171210,@1을 위한 선물: 1개월 멤버십. 친구의 게임 계정으로 성공적으로 전송되었습니다.
171211,선물 받기
171212,@1: 1개월 멤버십에서 선물 받기
171213,그룹 구성원의 활성화 횟수가 상한에 도달 하 고 그룹이 실패 합니다
171214,이벤트 종료~!
171215,06.22-07.31
171301,멤버십 혜택이 적용됩니다.
171302,회원 혜택이 가속화되고 있습니다.
171303,회원은 무료로 열려 있습니다.
171304,다음 시간까지 무료:
171305,구성원 활성화 수가 한도에 도달했습니다.
171306,이미 그룹 활동에 참여한 적이 있습니다.
171307,그룹 실패
171308,자유 시간이 충분하지 않습니다.
171309,추첨 티켓 부족
171310,1. 프로모션 기간: 2022년 7월 6일부터 2022년 7월 31일까지.
171311,"2. 이벤트 참가자는 모두 미니 월드의 모험가(즉, 미니 월드의 모든 사용자)입니다."
171312,"3. 이벤트 기간 동안 모험가는 매일 이벤트 페이지에 로그인하여 1개의 무료 추첨 기회를 얻을 수 있으며, 매일 오시는 것을 잊지 마세요! 또한, 저명한 미니 빅 멤버들은 매일 추가 무료 추첨 기회를 얻을 수 있습니다."
171313,"4. 모험가는 미니 코인을 사용하여 추첨권을 구매하여 추첨에 당첨될 수 있는 기회를 얻을 수 있으며, 각 추첨권은 20개의 미니 코인이며 1회 추첨할 수 있습니다(즉, 1장의 추첨권을 사용하면 1회, 5장을 사용하면 5회 추첨 가능)."
171314,"5. 프로모션 기간 동안 미니 빅 회원 활성화 1개월마다 5회 연속 추첨 기회를 1회 무료로 받을 수 있으며, 최대 10회까지 프로모션을 즐길 수 있습니다."
171315,"6. 본 복권 당첨 확률은 100%이며, 당첨 상품은 한정 코스튬(0.33%), 영구 코스튬(1.34%), 퍼머넌트 커스텀 코스튬(8.33%), 소품 조각(34%), 일반 게임 소품(56%)입니다."
171316,"7. 한정 드레스업, 퍼페츄얼 드레스업, 퍼페츄얼 커스텀 드레스업 보상은 귀하의 계정으로 직접 전송되며, 매장에서 확인하시기 바랍니다."
171317,"8. 게임 아이템 조각과 일반 게임 아이템 보상은 창고로 직접 보내지며, 창고로 이동하여 보시기 바랍니다."
171318,9. 이벤트의 최종 해석은 공식 미니 월드에 속합니다.
171319,무료 5회 연속 추첨
171320,다음에는 S 또는 SS로 보상을 받게 됩니다.
171321,꿈의 언약
171322,산리오
171323,네 버 랜드
171400,훌륭한 선물
171401,탕산(Tang San)
171402,작은 춤
171403,닝 롱롱(Ning Rongrong)
171404,일광 눈 Ji Meow Fei
171405,클라우드 벨벳 Nim
171406,비비동
171407,1. 이벤트 기간 동안 지정된 영구 의상을 획득하면 한정된 보상을 받을 수 있습니다. 2. 각 드레스업 이벤트에는 독립적인 활동 시간이 있으니 제 시간에 보상을 받으세요~
171408,리워드 받기
171409,주장
171410,이미 소유
171411,캠페인 기간 동안 영구적인 의상을 획득하세요: @1 - 다음 보상을 받으세요
171412,보상이 청구되었습니다.
171413,먼저 영구 복장 구입으로 이동하십시오.
171414,좋은 선물
171500,누적 혜택
171501,모든 보상이 청구되었습니다!
171502,"1. 이벤트 기간 동안 미니 코인을 충전하여 지정된 금액에 도달하면 보상을 받을 수 있습니다. 2. 본 액티비티는 쇼핑몰에서 충전하고 공식 웹사이트에서 직접 충전하여 획득한 미니 코인만 지원하며, 충전을 통해 획득한 미니 코인은 활동에 포함되지 않으며,   다른 채널을 통해 획득한 미니 코인은 활동에 포함되지 않습니다.   3. 이벤트 보상은 수동으로 수령해야 하며, 제 시간에 보상을 수령하세요~"
171503,활동이 시작되지 않았습니다.
171504,주다
171505,활성화를 클릭합니다
171506,충전 보상
171507,"적당한 엔터테인먼트, 합리적인 소비, 비공식 충전 채널을 신뢰하지 마십시오."
171508,더 많은 고려 사항 보기
171509,월간카드
171510,구독
171511,갱신
171512,@1元开通
171521,선택한
171522,아바타 프레임
171523,드레스
171524,사용자 지정
171525,마운트
171526,타이틀
171527,무기
171528,거품
171529,방송
171530,스프레이 페인트
171531,친구 명함
171532,이모티콘
171533,미니 크레딧
171534,포인트 샵
171535,포인트 샵 소개
171536,팝업 콘텐츠
171537,"포인트 몰의 규칙에 대한 설명 : 1. 플레이어는 미니 코인 직접 충전, 지불 충전 (  영재 플레이어는 포인트 얻음), 회원 RMB 직접 구매, 웹 충전 센터, Yuexiang 카드 충전, 월간 카드 충전, 타사 전자 상거래 플랫폼 구매 등을 통해 미니 포인트를 얻을 수 있으며, 그 중 타사 전자 상거래 플랫폼에는 Pinduoduo (미니 월드 플래그십 스토어), Taobao (미니 월드 주변 쇼핑몰), Tmall (미니 월드 플래그십 스토어), Jingdong (미니 월드 플래그십 스토어)이 포함됩니다.  2. 미니 포인트의 교환 비율은 1:10, 즉 RMB 1을 충전하여 10 미니 포인트를 얻습니다. 3. 미니 포인트  는 적시에 진행되며, 이번 달에 플레이어가 획득한 미니 포인트가 6개월 후에도 남아 있으면 지워지므로 미니 포인트 사용 기한에 주의하고 가능한 한 빨리 사용하십시오."
171538,충전 센터
172001,일간지
172002,특별 작업
172003,이벤트 마켓플레이스
172004,교환
172005,구속
172006,머리
172007,받다
172008,주장
172009,@1不足 작업을 완료하면 얻을 수 있습니다 ~
172010,"1. 이벤트 기간 동안 지정된 작업을 완료하면 슈퍼스타를 받을 수 있습니다. 미니 코인을 얼마든지 사용하면 자동으로 같은 양의 슈퍼스타를 얻을 수 있습니다(출시한 맵에서 빨간 봉투를 보내고 소품을 구매하기 위한 미니 코인 소비량은 계산되지 않음) 2. 슈퍼스타  를 사용하여 복권에 참여하고, 복권은 7회마다 라운드이며, 처음 6회는 내부 서클의 일반 보상을 받을 수 있으며, 7회는 외부 서클에서 1개의 희귀 보상을 받아야 하며, 내부 서클 보상 콘텐츠는 각 라운드 추첨 후 무작위로 새로 고쳐집니다.    3. 바깥쪽 원 희귀 보상은 무승부 횟수가 있으며, 무승부 횟수가 0이면 보상을 다시 획득할 수 없으며, 바깥쪽 원 희귀 보상을 모두 획득한 후에는 더 이상 추첨을 계속할 수 없습니다.   4. 이벤트 종료 후 모든 슈퍼스타는 제거되오니 제때 이용해주세요.  5. 내부 원에서   보상을 그릴 확률은 동일하며 외부 원의 보상 목록과 확률은 다음과 같습니다."
172011,미니 콩 사용
172012,교환
172013,최대한
172014,이미 최소값입니다
172015,불충분 한 균형
172016,미니 코인의 잔액이 부족하고 @ 1 미니 코인의 차이가 있으므로 @ 2 위안 (@3迷你币)을 충전하는 것이 좋습니다.
172017,@1迷你币
172018,다른 금액
172019,충전 @ 1 위안
172020,미니빈의 잔고가 부족하면 @1 미니코인으로 채워질까요?
172021,미니 콩 오픈
172022,바우처 교환》
172023,애니메이션 건너뛰기
172024,@1选1
172025,활성화를 기다립니다
172026,활성화를 클릭하여 단조 여정을 시작합니다
172027,자유 단조 진행 중...
172028,고급 단조에서...
172029,"단조 실패, 보호 켜짐!"
172030,단조가 실패하고 라운드가 끝납니다.
172031,단조 성공!
172032,게임 플레이 소개
172033,마법 단조
172034,무작위로 #cff00001~레벨 3 #n 보상을 받으세요
172999,172001-172999 상업지도 지원 활동 예약
173000,이미지 편집
173001,분위기 편집
173002,소유되지 않은 쇼
173003,개인화 된 이미지를 아직 저장하지 않았으므로 자신 만의 개인화 된 이미지 세트를 만드십시오!
173004,아직 탈것을 소유하지 말고 나만의 모험 친구를 만나보세요!
173005,배열로 이동
173006,안타깝게도 이 스킨 의상은 직접 구매할 수 없습니다. 스킨 세부 정보 페이지로 이동하여 획득 방법을 확인하세요
173007,안타깝게도 이 스킨은 판매되지 않습니다
173008,사다
173009,쓰다
173010,성공적으로 사용
173011,작업이 너무 빠릅니다. 다시 시도하십시오.
173012,인격
173500,173000-173500 상업 활동 예약
179999,170001-179999 상업 준비
180001,사용자가 개인 정보 보호 권한을 설정했으며 볼 수 없습니다.
180002,아직 탈것이 없으니 쇼핑몰에 가서 픽업하자
180003,아직 무기가 없으니 쇼핑몰에 가서 주워가자
180004,입력한 내용에 민감한 단어가 포함되어 있으니 다시 시도해 주세요
180005,입력한 문자가 너무 깁니다. 다시 시도하세요.
180006,기본 닉네임
181001,공식 메일
181002,친구 메일
181003,이메일 설명
181004,1. 이메일이 만료됩니다.
181005,2. 첨부 파일 받기
181006,메시지 태깅
181007,3. 이메일 표시
181008,오랫동안 청구하지 않은 이메일 시스템은 자동으로 삭제되지 않지만 만료의 위험이 있으므로 모험가를 클릭하여 제 시간에 청구하십시오.
181009,"상품은 자동으로 창고에 넣어지며, 창고에 창고가 없으면 고객 서비스에 문의 할 수 있습니다."
181010,이메일 마킹은 소중한 이메일을 한 번의 클릭으로 삭제하지 않고 삭제를 읽을 수 있으며 마킹 시간에 따라 위에서 아래로 정렬됩니다.
181011,읽지 않은 이메일 수가 30개를 초과하면 시스템에 일부 이메일만 표시되므로 걱정하지 말고 읽기를 클릭하면 다른 나머지 이메일이 표시됩니다.
181012,읽기 삭제
181013,읽고 받은 메시지를 삭제하시겠습니까?
181014,읽은 메시지는 삭제할 수 없습니다.
181015,"모험가 여러분, 이메일에 대해 몇 가지 주의할 사항이 있습니다."
181016,공소시효가 만료되어 이의를 제기할 수 없습니다
181017,금
181018,최상의 결과
181019,목록에 없음
181020,입력되지 않음
181021,결과 없음
181022,최근 결과
181023,피드백
181024,시뮬레이션 경험
181025,지도 분류를 선택하세요.
181026,피드백이 성공적입니다.
181027,스크린샷 조작을 찾으시면 개인정보의 안전성에 유의해주세요!
181040,친구만 볼 수 있습니다.
181041,4자리 숫자 또는 영숫자 암호
181100,스크린샷 추가
181101,지도 발행
181102,릴리스 업데이트
181103,#L#cfa7a0f templated map #n로 게시됨
181104,"이 아카이브를 삭제하시겠습니까? #cef2d2d (상장 폐지 후 데이터 삭제 또는 제거, 아카이브는 복원되지 않음)"
181105,초기화 후 커버가 게임 내 스크린샷으로 바뀌는데 초기화를 확인하시나요?
181106,재설정
182001,클라우드 서비스실이 존재하지 않습니다.
182002,맵은 클라우드 룸 활성화를 지원하지 않습니다.
182003,맵이 위반 시 클라우드 서버실을 열 수 없습니다.
182004,지도가 제거되었으니 바꿔보자!
182005,지도가 너무 뜨거우니 나중에 다시 시도하세요!
182006,클라이언트가 클라우드 서비스의 버전과 일치하지 않습니다.
182007,클라우드 서버룸 매칭 타임아웃
182008,객실 배정이 제한되어 있으니 나중에 다시 시도하세요.
182009,시작 실패
182010,객실에 반쯤 입장할 수 없습니다.
182011,"개인실, 참가 불가"
182012,시작 시간 초과
182013,방이 꽉 찼습니다
182014,룸 아카이브가 존재하지 않습니다.
182015,"불법 요청, 타사 소프트웨어를 사용하지 마십시오."
182016,가입이 금지된 비공개 지도
182017,반복해서 입력하지 마십시오
182018,룸 매치 예외
182019,요청 시간이 초과되었습니다.
182020,게임 측이 비정상적일 경우 일반 채널 게임 터미널을 사용하십시오.
182021,서비스가 잘못되었습니다 ~ 나중에 다시 시도하십시오
182022,맵은 이벤트 매칭을 통해서만 접근할 수 있습니다
182023,이벤트 매치메이킹에 참여해야만 이 지도에 접근할 수 있습니다.
182024,이 지도에는 현재 클라이언트에 설치된 버전보다 높은 버전이 필요합니다.
182025,개인 서버실 생성은 허용되지 않습니다.
182100,해당 계정은 이미 클라우드 서버에 있으므로 반복적으로 로그인하지 마세요.
182101,팀 내 오류로 인해 맵에 입장할 수 없습니다
182102,호스트에 연결하지 못했습니다.
182103,연결 끊김
189999,180001-189999 메인 엔드 예약
190000,홈페이지
190001,친구 추가
190002,비공개 채팅
190003,현재 계정이 비정상이며 일시적으로 친구를 추가할 수 없습니다.
190004,@1은 함께 플레이할 수 있도록 @2에 초대합니다.
190005,동의하다
190006,무시(@1)
190007,#cfa7a0f@1#n 친구 추가 신청
190008,"현재 게임 중인데, 새로운 방에 들어가는 것을 확인합니까?"
190009,확인하다
190010,오늘은 더 이상 팁이 없습니다
190011,초대장이 전송되었습니다.
190012,@1이 당신을 초대합니다
190014,【버전이 너무 낮습니다. 업그레이드로 이동하십시오】
191013,친구 신청 팝업
192001,위반
192002,지도 내용
192003,지도 표절
192004,제목 또는 표지가 내용과 일치하지 않습니다.
192005,표절된 지도 ID를 입력하세요.
192006,지도 ID를 얻는 방법
192007,표절된 콘텐츠를 게임 플레이와 장면의 관점에서 간략하게 설명해 주세요. 사진 증거 회의는 보고서 검토를 더 빨리 완료하는 데 도움이 될 것입니다 ~ (6 ~ 100 단어)
192008,"수정, 다시 방문하십시오"
192009,보고서 맵 설명
192010,الخطوة 1 : 복사한 지도의 공유 기능을 찾고 공유를 클릭합니다.
192011,الخطوة 2 : 창의 오른쪽 하단 모서리에 있는 숫자 문자열을 공유하면 지도 ID가 있습니다!
192012,الخطوة 3 : 숫자 문자열을 클릭하고 프롬프트 복사가 성공하면 붙여넣기로 돌아갈 수 있습니다!
192013,"건설, 사냥, 전투 및 건강과 배고픔을 목표로 하는 기타 활동을 위한 게임 플레이. 클래식 어드벤처 게임 플레이가 적용됩니다."
192014,"게임 플레이의 주요 목적은 블록으로 건물, 장면 등을 만드는 것입니다. 크리에이티브 모드는 기본적으로 크리에이티브로 분류됩니다. 집을 짓는 것, 집을 짓는 것 등이 적용됩니다."
192015,"맵에서 다른 플레이어와 NPC를 물리치는 것이 공격 및 기타 방법을 통한 승리의 조건인 게임입니다. 저격수는 누구인가, 몬스터와 싸워 업그레이드하고, 몬스터로 집을 빠르게 짓고, 숨바꼭질하고, 의자를 잡고, 야생의 남자가 오고, 그림을 그리는 것 같아요."
192016,"회로 모듈의 구성 요소 블록을 사용하여 플레이의 주요 목적을 위해 건물 회로, 기계, 장면 등을 연결합니다. 음악 회로, 회로 컴퓨터, 회로 게임 콘솔 등이 적용됩니다."
192017,"지도에서 단서를 발견하고, 다양한 퍼즐을 풀고, 출구를 찾고, 게임 플레이의 기타 주요 목표를 찾으십시오. 방 탈출, 스위치 찾기 등이 적용됩니다."
192018,"끝까지 도달하기 위해 다양한 장애물을 피하기 위해 다양한 방식으로 움직여 플레이하십시오. 워터 큐브, 유니티, 그레이트 갓 파쿠르, 페어리 파쿠르, 소년 소녀 러쉬 포워드 등이 적용됩니다."
192021,"현실에 존재하는 환경 장면을 시뮬레이션하거나 현실에 존재하는 사건과 캐릭터를 놀이의 주요 목적으로 대체합니다. 촬영, 아르바이트, 낙원, 흡연, 1 억 지출, 아기 양육 등이 적용됩니다."
192022,"게임의 주요 목적은 가능한 한 빨리 결승선에 도달하는 것이며 탈것, 차량 등을 사용할 수 있습니다. 펌핑 마운트, 손 속도 측정 등을 적용할 수 있습니다."
192023,"스포츠 경기를 주목적으로 하거나 스포츠와 관련된 게임을 하는 행위. 농구, 축구 및 기타 스포츠 테마가 적용됩니다."
192024,잘못된 지도 ID
192025,"대규모 멀티플레이어 온라인 롤플레잉 게임, 플레이어 역할 수행, 작업 수행, 다른 플레이어와 함께 세계 탐험 등을 통해 기술과 능력을 향상시킵니다. 몬스터와 싸우고 업그레이드하고 약을 먹으면 강해집니다."
192026,"게임 플레이의 종류에는 회로 음악, 암호 해독 및 정리, 촬영 시뮬레이션, 롤러 코스터, 파쿠르 등이 있습니다. 이 카테고리는 게임 플레이 관련 맵에 대해 선택할 수 있습니다."
192029,선택한 게임 기록을 삭제하시겠습니까?
192030,지도에서 재설정 및 파괴 불가능한 논리를 사용하는 것으로 확인되었으며 게임으로 게시하는 것이 좋습니다.
192031,여전히 지도를 게시
192032,게임으로 게시
192033,지도에서 재설정 및 파괴 불가능한 논리를 사용하지 않는 것이 감지되며 지도로 게시하는 것이 좋습니다.
192034,여전히 게임 게시
192035,지도로 게시
192041,클라우드 백업(평가판)
192042,"클라우드 용량(평가판): %s 사용 가능, %s 사용 가능"
192043,클라우드 백업 확장(평가판)
192044,클라우드 백업
192045,아직 백업 없음
192046,백업을 사용할 지도가 일시적으로 없습니다.
192047,지도 목록:
192048,백업 복원
192049,지도는 규칙을 위반한 것으로 의심되며 이 기능을 사용할 수 없습니다.
192050,샌드박스 작업장
192051,샌드박스 작업장의 규칙
192052,
192053,리더보드 다운로드
192054,주간 순위
192055,월별 순위
192056,전체 순위
192060,로컬 맵이 있는지 확인하고 먼저 백업하거나 직접 다운로드하십시오.
192061,새 버전이 있는데 게임에 다시 들어가도록 업데이트 되었나요? \n#cef2d2d (이 업데이트는 로컬 게임 데이터를 덮어씁니다)
192062,곧 업데이트될 새 버전이 있습니다. n#cef2d2d(이 업데이트는 로컬 게임 데이터를 덮어씁니다)
192063,아직 공간이 없습니다. 직접 만드십시오!
192064,강제 업데이트를 포기하고 게임을 취소하십시오.
192065,직접 다운로드
192066,지도 크기:
192067,지도 유형:
192070,첫 번째 충전
192071,게임
192072,"(@1), 모양이 좋습니다!"
192073,온라인 로비를 클릭하여 입장합니다.
192074,여기에서 다양한 재미있는 온라인 게임을 할 수 있습니다!
192075,
192076,캐릭터를 클릭하여 바꿀 수 있습니다!
192077,"여기에서 모험, 건축, 미니어처 및 기타 샌드박스 작품을 찾을 수 있습니다!"
192078,다양한 역할을 하고 재미있는 친구들을 많이 찾을 수 있는 미니 타운입니다.
192090,작성자:
192091,지도 ID:
192092,최근 재생:
192093,원본 지도:
192094,복원 및 백업
192095,지도 열기
192096,게임 도움말 시작
192097,"[색상=#D0773C] 지도 갤러리
[/색상]
[색상=#514E45]지도 라이브러리에는 플레이어가 만들고 다운로드한 모든 지도가 포함되어 있습니다.
다른 사람의 지도를 재생하려면 샌드박스 워크샵으로 이동하여 지도를 가져와 다운로드할 수 있습니다.
[/색상]
[색상=#D0773C] 게임 라이브러리
[/색상]
[색상=#514E45] 라이브러리에는 플레이어가 플레이한 모든 게임이 포함되어 있습니다.
더 많은 게임을 하고 싶다면 온라인 로비로 이동하여 찾아서 플레이할 수 있습니다.
게임에서 플레이어는 게임 개발자가 정한 규칙에 따라 게임을 플레이해야 합니다.
[/색상]"
192098,싱글 플레이어
192099,멀티플레이어 게임에서
192100,방의 가시적 범위
192101,객실 액세스
192102,
192103,"입장을 신청하기로 선택한 경우 다른 플레이어가 방에 들어가려면 신청해야 하며 직접 입장하지 않습니다. 신청서에 이어 친구를 통해 집주인의 동의를 선택하면 집주인이 일률적으로 신청을 처리합니다. 친구의 동의를 선택하면 팔로우하는 사람이 신청을 처리합니다.
직접 입장할 경우 다른 플레이어가 직접 입장할 수 있습니다.
입력할 암호를 선택하고 집주인이 암호를 설정하며 다른 플레이어가 올바른 암호를 입력해야 방에 들어갈 수 있습니다."
192104,입력 신청
192105,입력할 암호
192106,친구 동의
192107,집주인이 동의합니다
192108,
192109,
192110,링크가 잘못되었습니다. ID로 작업을 다시 검색할 수 있습니다.
192111,게임 작동
192112,누적 다운로드 수
192113,개발
192114,지도 라이브러리
192115,게임 라이브러리
192116,모두
192117,내 지도
192118,지도 다운로드
192119,컬렉션
192120,나는 놀았다
192121,스튜디오
192122,게시
192123,검토 및 실패
192124,업로드 중인 지도가 있으니 잠시만 기다려주세요!
192125,작업이 게시되어 검토 중입니다. 더 이상 게시할 수 없습니다!
192126,지도가 금지되었습니다. 지도 작업에서 차단 해제를 호소합니다.
192127,게임이 금지되었습니다. 게임 작업에서 차단 해제를 호소합니다.
192128,편집
192129,지역 지도
192130,내 친구는 바쁘고 추적할 수 없게 설정하고 그녀에게 메시지를 남깁니다.
192131,당신의 친구들은 지역 지도에 있습니다
192132,게임 설정은 중간에 게임에 추가할 수 없습니다. 다음 게임에서 함께 플레이합시다.
192133,현재 객실 설정은 집주인만 초대합니다.
192134,게임은 플레이어가 중간에 합류하는 것을 허용하지 않습니다.
192135,현재 방이 꽉 차서 초대할 수 없습니다.
192136,당신은 선택했습니다
192137,객실 신청서가 발송되었습니다.
192138,함께 플레이하기 위해 팀에 합류하도록 요청하십시오. 동의하십니까?
192139,"함께 놀기 위해 방에 들어가라고 요청하세요, 동의하십니까?"
192140,친구 팔로우 어플
192141,공개
192142,미발표
192143,다운로드
192144,좋아하는
192145,작업 간격이 너무 빠릅니다. (@1초) 나중에 다시 시도하십시오.
192146,낯선 사람
192147,플레이어의 신청은 5분 이내에 더 이상 수락되지 않습니다.
192148,개인 지도
192149,유휴
192150,클라우드 서버 온라인 데이터가 단일 플레이어 게임과 일치하지 않을 수 있습니다.
200000,활동 시간
200001,구입을 클릭합니다
200002,네버랜드가 공사 중입니다
200003,도움말
200004,"1. 미니 월드 xSanrio 캐릭터 ""기간 한정 연동 개시! 새로운 파트너인 님과 야옹 페이가 손을 잡고 먼저 등장합니다! 2. 구매 판단 : (1) 모험가는 패키지의 아이템을 소유하지 않으며 전체 패키지를 정가로 구매해야 합니다. (2) 모험가는 개별 의상 / 맞춤 의상 / 스프레이 페인트 / 페인팅 / 아바타 프레임은 해당 소유 아이템의 미니 코인 가격을 차감하며, 전체 패키지를 구매하는 데 전체 가격이 필요하지 않습니다 (물론 패키지에 이미 들어있는 아이템은 배포되지 않습니다) ;(3) 모험가가 팩에 있는 모든 아이템을 가지고 있는 경우 이 팩을 다시 구매할 수 없습니다. 3. 보상 분배 : (1) 게임 - 상점 - 성격 매칭으로 이동하여 드레스 / 맞춤 드레스 / 그림을 확인하십시오. (2) 게임 창고 또는 개인 센터로 이동하여 아바타 프레임을 확인하십시오. (3) 대량의 분배로 인해 지연이 발생할 수 있으니 보상이 빨리 도착하니 걱정하지 마세요. 4. 활동 기간: 2022년 8월 4일부터 2022년 9월 9일까지. 5. 이벤트의 최종 해석권은 공식 미니 월드에 있습니다."
200005,지금 구입하기
200006,구입
200007,미니코인 부족
200008,구매 확인
200009,미니코인이 부족한데 충전하시겠습니까?
200010,지금 이동하기
200011,당신은 지출 할 것입니다
200012,[color=#F58A00]@1[/color]를 구매하려면 다음을 확인하십시오.
200013,구매 목록:
200014,총 가격은 소유 한 품목의 가치에서 공제됩니다
200015,(소유)
200016,(팩 구매 시에만 사용 가능)
200017,새로운 파트너가 온다!
200018,네버랜드가 공사 중이니 계속 지켜봐 주세요!
200019,(적당한 오락 합리적인 소비)
200020,판매 가격:
200021,원더풀 네버랜드
200022,구매가 성공적이니 가서 보상을 받으세요!
200023,청구할 보상이 없으니 가서 포인트를 받으세요!
200099,네버랜드 예약
200100,중추절 축하
200101,미수령 월병 보상이 있습니다.
200102,@1豪礼等您来点亮
200103,오셔서 희망찬 선물을 선택하세요
200104,이번 라운드의 대상을 선택하세요
200105,월병이 충분하지 않습니다
200106,라운드 @1
200107,월병
200108,라운드 @1은 선택 사항입니다.
200109,머리
200110,월병 x@1
200111,회원 특전 월병 x@1
200112,이 라운드는 선택 사항입니다
200113,휴대폰 바인딩을 완료하고 많은 월병 보상을 받으세요!
200114,"1. 구매 판단 : - 모험가가 패키지의 아이템을 소유하지 않은 경우 전체 패키지를 정가로 구매해야 합니다. - 모험가가 패키지에 개별 의상/커스텀 의상/아바타 프레임을 가지고 있는 경우, 아이템에 해당하는 미니 코인의 가격이 차감되며, 전체 패키지를 구매하는 데 전체 가격이 필요하지 않습니다(물론 패키지에 이미 있는 아이템은 배포되지 않습니다). - 모험가가 팩에 모든 아이템을 가지고 있다면 팩을 다시 구매할 수 없습니다. 2. 보상 분배: - 의상 꾸미기/커스터마이징, 게임-스토어-성격 매칭 보기로 이동하세요. - 게임 창고 또는 개인 센터로 이동하여 아바타 프레임을 확인하십시오. 3. 많은 양의 분배로 인해 지연이 발생할 수 있으니 보상이 빨리 손에 닿으니 걱정하지 마세요. 4. 활동 기간: 2022년 9월 10일부터 2022년 9월 30일까지. 5. 이벤트의 최종 해석권은 공식 미니 월드에 있습니다."
200115,"로딩 중, 잠시만 기다려 주십시오..."
200116,구입을 클릭합니다
200117,Haoyue 꿈
200118,선택 항목을 저장합니다
200119,월병 사세요
200120,보기 권한
200121,일간지
200122,과제 과제
200123,미니 회원을 가입하고 네버랜드 전용 혜택을 누려보세요!
200124,경험치 획득 속도 증가
200125,매일 무료 월병을 받으십시오
200126,코인 획득 속도 증가
200127,월병 줍기
200128,이번 라운드의 대상을 선택하세요
200129,대상 선택
200130,잭팟 변경
200131,불이 켜질 때마다 소비가 걸립니다
200132,밝히다
200199,예약금 200100~200199
200200,꿈의 도시를 만나보세요
200201,미니랜드 꿈의 도시
200202,미니 드림 시티를 체크인하여 어트랙션을 밝히고 혜택을 받으세요
200203,개최 기간:
200204,목록
200205,내 순위:
200206,아직 순위표에 오르지 못했으니 앞으로도 노력해주세요~
200207,트리 하트 공원
200208,서비스 센터
200209,나무 하트 꽃 가게
200210,팝핑 에그 레스토랑
200211,스파 호텔
200212,시내
200213,스타 스피릿 코티지
200214,기념품 가게
200215,래빗 뷰티 아이스 시티
200216,미스티 홀
200217,안개 낀 커뮤니티
200218,뚱뚱한 라디오 방송국
200219,꿀 공장
200220,미트라의 집
200221,새비지 로지
200222,토끼 메이 지아
200223,클럭 인
200224,지금 입력
200225,활성 작업
200226,교환 상점
200227,미션을 완료하고 Star Fun Redemption 보상을 받으세요
200228,머리
200229,받다
200230,주장
200231,"행사가 종료되었습니다, 참여해 주셔서 감사합니다"
200232,클레임 성공
200233,사용으로 이동
200234,활동 규칙
200235,1. 매일 게임에 로그인하면 스타펀을 받을 수 있습니다. 2. 스타펀은 교환소에서 풍부한 게임 소품으로 교환할 수 있습니다. 3. 미니 드림 시티로 이동하여 체크인 작업을 완료하고 더 많은 스타 펀을 받으세요 4. 체크인 작업은 1회까지만 완료할 수 있습니다. 5. 순위표를 열어 City of Dreams 유명인 목록을 보고 목록에 누가 있는지 확인하세요.
200236,"매칭, 잠시만 기다려 주십시오..."
200237,Mini City of Dreams 인기 목록
200238,순위
200239,선수 닉네임
200240,인기도 가치
200241,100 외부
200242,순위표 데이터는 5분마다 새로 고쳐집니다.
200243,스타펀만으로는 부족하니 이벤트 미션을 완료하러 가세요
200244,구속
200245,이미 소유
200246,교환 성공
200247,확실한가요
200248,클릭하여 입력하고 꿈의 도시에서 어떤 흥미로운 일이 일어나고 있는지 확인하십시오.
200249,여기에서 이벤트 과제를 완료하고 별의 기쁨을 받아 푸짐한 선물로 교환할 수 있습니다~
200250,내 순위: @1st
200251,교환 횟수:
200252,오늘의 낙원의 비밀을 공유하세요
200253,친구들과 공유하여 채우면 당신과 당신의 친구들은 별의 기쁨을 얻을 수 있습니다
200254,파라다이스 속삭임 사용
200255,친구의 공원 비밀 언어를 입력하여 별의 재미를 느껴보세요(1회 사용 1회까지)
200256,파라다이스 속삭임 사용
200257,파라다이스 위스퍼
200258,친구들이 당신과 공유하는 낙원의 비밀:
200259,친구의 비밀단어를 사용하여 보상을 받을 수 있어요~
200260,낙원의 비밀 말씀은 더 이상 유효하지 않습니다
200261,다른 유효한 공원의 비밀을 시도하십시오
200262,공원 비밀 언어를 성공적으로 입력하십시오.
200263,별의 기쁨을 얻은 것을 축하합니다 ~
200264,스타 조이
200299,예약 200200~200299
200300,예약 200300~200399
200301,"1. 챌린지하려면 활동 페이지에서 [지금 챌린지]를 클릭해야 하며, 맵 점수가 계산됩니다. 2. 챌린지는 보통 주말에 시작되며, 공휴일인 경우 그에 따라 액티비티 시간이 조정됩니다. 3. 연습은 지도가 발표된 후 진행될 수 있으며, 연습 결과는 공식 챌린지 결과에 포함되지 않습니다. 4. 활동 작업을 완료 한 후 보상은 이메일로 자동 분배되므로 시간을 확인하십시오. 5. 스크립트 및 플러그인과 같은 보조 도구는 챌린지에 참여하는 데 사용할 수 없으며, 발견되면 비정상적인 결과가 취소되고 금지의 위험이 있습니다."
200310,레이싱의 왕은 누구인가!
200311,"맵은 챌린지 1일 전에 공지되므로, 미리 연습할 수 있습니다"
200312,챌린지 시작 카운트다운: @1
200313,금주의 대상: @1
200314,챌린지 예약
200315,보수
200316,목록
200317,예약에 성공했으며 현재 <font size='36'>[color=#FFF29D]@1人[/color]</font> 예약 챌린지가 있습니다.
200318,첫 번째 챌린지 후에 볼 수 있습니다.
200319,플러시
200320,"너무 자주 새로 고침, 나중에 다시 시도하세요."
200321,연습 시작
200322,챌린지 맵: [@1]
200323,첫 번째 챌린지를 완료하고 즉시 보상을 받으세요
200324,지금 도전하세요
200325,"아직 지도를 다운로드하지 않았고, 챌린지를 플레이할 수 없습니다, 지도를 다운로드하시겠습니까?"
200326,다운로드
200327,취소
200328,최상의 결과:
200329,전체 서버 순위:
200330,다음 보상
200331,적임: @1 챌린지 완료
200332,자격 조건: @1内通关
200333,현재 진행 상황: @1/@2
200334,현재 받는 사람 수: @1人
200335,미스터리 선물 상자
200336,드레스 선물 상자
200337,"이번 주 보상은 모두 획득했으니, 스프린트 순위표에 계속 도전하세요!"
200338,지금 도전하세요
200339,첫 번째 도전
200340,과제 과제
200341,업적 보상
200342,버전 번호가 너무 낮으니 게임 버전을 업그레이드하세요
200343,이벤트가 아직 열리지 않았으니 계속 지켜봐 주시기 바랍니다
200344,챌린지 종료 카운트다운: @1
200345,클레임 조건 : kill @ 1 person
200346,"아직 지도를 다운로드하지 않았고, 챌린지를 플레이할 수 없습니다, 지도를 다운로드하시겠습니까?"
200347,@ 1 명을 죽여라
200348,연습 바로가기
200349,규칙
200350,너무 자주 클릭하니 나중에 다시 해주세요~
200351,위의 보상은 이메일로 자동 분배되오니 체크인 시간을 확인하시기 바랍니다.
200352,통관이 아직 완료되지 않았습니다.
200353,휴대폰으로 예약이 필요해요~
200354,Miniworld가 귀하의 캘린더에 액세스하려고 합니다.
200355,"Mini World에서 캘린더를 사용할 수 있도록 허용할지 여부, 권한은 주간 혜택/이벤트를 상기시키는 데 사용됩니다."
200356,Miniworld에는 일정 권한이 필요합니다.
200357,"여기에는 타임라인 읽기, 쓰기 또는 삭제가 포함되며 권한은 주간 혜택/이벤트를 상기시키는 데 사용됩니다"
200358,남은 추첨 횟수
200359,첫 번째 챌린지 후 잠금 해제~
200360,추첨 횟수가 소진되었습니다
200361,친구 순위표
200362,전체 서버 순위표
200363,순위
200364,별명
200365,완료 횟수
200366,최고의 실적
200367,@1次
200368,친구 추가
200369,아직 친구 랭킹에 참여할 친구가 없습니다!
200370,서버가 사용 중이며 일시적으로 쿼리할 수 없습니다.
200371,#cff9c33@1#n이 주말 챌린지에 여러분을 초대합니다!#n我的挑战成绩:#cff3c43@2#n#n 당신이 나를 이길 수 있는지 보십시오!
200372,#cff9c33@1#n이 주말 챌린지에 여러분을 초대합니다! #n请更新至最新版本
200373,데이터가 비정상적이며 일시적으로 추첨을 할 수 없습니다.
200374,"축하합니다, 추첨 @1x@2"
200375,@1st 장소
200376,"【미션 소개】1. 과제는 주간 미션과 시즌 챌린지 미션으로 나뉘며, 과제를 완료하여 경험치를 획득하고, 조이 카드 레벨을 올리고, 해당 소품 보상을 받을 수 있습니다. 2. 주간 작업은 반복적으로 완료 할 수 있으며 완료 후 경험이 자동으로 발행됩니다. 3. 주간 과제는 경험치 획득에 상한선이 있으며, 해당 주의 경험치가 상한선에 도달하지 않으면 남은 경험치가 다음 주 상한선으로 이월됩니다(상한선은 최대 8000). 4. 시즌 챌린지 과제는 반복 완료가 불가능하며, 완료 후 수동으로 경험치를 수집해야 합니다.   【리워드 정보】1. 시즌이 끝나면 리워드 카드 레벨과 리워드가 초기화되며, 리워드는 제때 수령할 수 있으며, 만료 후에는 보상을 받을 수 없습니다. 2. 리워드 포인트는 교환 상점에서 아이템으로 교환할 수 있습니다. 시즌이 종료되면 리워드 포인트는 소산되지 않으며 다음 시즌까지 적립될 수 있습니다.   【특전 카드 구입에 대해서& 레벨】1. 특전 카드를 구매하면  더 많은 보상을 잠금 해제할 수 있으며, 체험 연료 팩을 구매하면 레벨 40으로 바로 업그레이드할 수 있습니다. 2. 프리빌리지 카드의 전체 레벨은 레벨 300이며, 전체 레벨에 도달한 후에는 경험치 획득 또는 구매 경험치를 얻을 수 없습니다.   【순위표에 대하여】1. 친구 랭킹은 리워드 카드의 레벨에 따라 순위가 매겨지며, 레벨이 같을 경우 누적 경험치에 따라 순위가 매겨집니다. 2. 오늘의 체험 목록은 당일 모든 플레이어가 획득한 플레저 카드의 체험치에 따라 순위가 매겨집니다. 3. 리더보드를 쿼리하는 플레이어가 너무 많으면 리더보드 데이터를 새로 고치는 데 일정 지연이 발생하며 나중에 볼 수 있습니다."
200377,@1积分
200378,승리 @ 1 시간
200379,아직 완료되지 않았습니다.
200380,청구 조건: @1 포인트
200381,청구 조건: 생존 @ 1
200382,청구 조건 : 승리 @ 1 회
200399,예약 200300~200399
200400,"이벤트가 종료되었습니다, 참여해 주셔서 감사합니다!"
200401,@ 1 월 @ 2 @ 3시 영업
200402,현재 누적 로그인: [color=#fffb78]@1天[/color]
200403,@1级可领取
200404,로그인 @ 1 일 잠금 해제
200405,리콜 @ 팀원 1명
200406,추첨은 아직 시작되지 않았습니다!
200407,무승부가 없습니다!
200408,다음 시작 시간: [color=#FAF041]@Jan@2nd@3:@4-@5:@6[/color]
200409,다음 stage는 [color=#FAF041] @January @2 [/color]에서 시작되므로 계속 지켜봐 주십시오
200410,@Jan@2-@Mar@4
200411,"10,000 외부"
200412,"로딩 중, 잠시만 기다려 주십시오..."
200413,1단계:
200414,100명의 사람들이 싸우고 수천만 개의 미니 코인을 나눕니다.
200415,레이스 포인트:
200416,추첨 확률:
200417,이벤트 포인트가 높을수록 큰 미니코인을 획득할 확률이 높아집니다
200418,복권
200419,남은 횟수:
200420,추첨 열기
200421,내 포인트:
200422,현재 순위:
200423,포인트 랭킹
200424,보수
200425,2단계:
200426,리더보드를 치면 미니 코인이 멈추지 않습니다
200427,영광 포인트
200428,영광 순위
200429,선수 닉네임
200430,당신은 목록을 만들지 않았습니다
200431,이벤트 기간 동안 지정된 로그인 일수를 누적하고 위안 파워 레벨에 도달하면 보상을 청구할 수 있습니다
200432,메타 포스 수준
200500,당신은 한 걸음 더 느리고 누군가 이미 TA를 도왔으니 목록을 다시 새로 고쳐주세요!
200501,플래시 카드가 충분하지 않습니다!
200502,누군가 이미 도와줍니다!
200503,교환 횟수: @1/@2
200504,"매치 타임아웃, 다시 시도하세요!"
200505,"오늘 도움의 수가 한계에 도달했습니다, 내일 다시 오세요!"
200506,올바른 플레이어 ID를 입력하십시오.
200507,도움이 필요한 플래시 카드를 선택하십시오!
200508,오늘 요청 수: [color=#FFF10F]@1[/color]/@2
200509,"도움을 받으면 1단어 카드를 받게 되며, 이 버튼을 클릭하면 도움말이 취소됩니다."
200510,"오늘의 도움 [color=#FFF10F]@1/@2[/color], 도움을 주면 새로운 단어 1개를 얻을 수 있습니다."
200511,@1년 @ 2월 @ 3 @ 4
200512,아직 도움을받지 못했기 때문에 우선 기념일 파티에 가자
200513,ta에 대한 도움말 정보를 찾을 수 없습니다.
200514,아직 도움이 되는 기록이 없습니다
200515,TA의 도움말 레코드를 찾을 수 없습니다.
200516,파티에 참여하세요
200517,플래시 카드를 집어 들으십시오
200518,도움을 요청할 때 단어 카드를 받을 수도 있습니다
200519,내 워드 카드:
200520,도움 요청
200521,하나가 필요합니다
200522,"제발 도와주세요, 정말 고마워요"
200523,도와주세요
200524,도움말 취소
200525,"1. 충분한 수의 단어 카드를 모아 풍부한 보상을 받으세요 2. 이벤트 기간 동안에만 교환, 시간 내에 교환하세요. 3. 매일 워드카드를 받을 수 있으며, [워드카드 수집] 버튼을 클릭하여 수령 4. 교환 성공 후 보상은 창고로 직접 지급됩니다. 5. 기념일 파티에는 많은 미니 게임이 있습니다."
200526,1. 매일 로그인하여 워드 카드를 받으세요. 2. 사라진 단어 카드는 타의 모험가에게 도움을 요청할 수 있습니다. 3. 최근에 만난 친구가 많을수록 더 빨리 도움을 받을 수 있습니다. 4. 마지막 20 개의 상호 원조 메시지가 상호 원조 목록에 표시되며 미니 번호 5로 검색 할 수 있습니다. 동시에 모험가에게 도움을 주고 단어 카드를 되찾을 수도 있습니다 6. 공제 기록에서 당신을 도운 모험가를보고 최근 20 개의 기록을 보여줄 수 있습니다
200600,
200601,메달이 부족한 경우 먼저 활동 과제를 완료하십시오
200602,남은 횟수:
200603,남은 횟수가 충분하지 않습니다.
200604,개최 기간:
200605,%s([색상=#64BE50]%d[/색상]/%d)
200620,공룡 위기
200621,%s([색상=#64BE50]%d[/색상]/%d)
200622,아직 미니 총격전 엘리트 캐릭터를 묶지 않았습니다
200623,역할 ID는 비워 둘 수 없습니다
200624,개최 기간:
200625,성공적으로 사용
200626,Mini Shootout Elite를 아직 설치하지 않은 경우 버튼을 클릭하여 직접 다운로드하여 참여할 수 있습니다
200627,다운로드 Mini Shootout Elite
200628,보상이 지급되었으니 공룡 위기 시리즈 맵으로 이동하여 획득하세요
200629,바인딩 성공
200630,취소 성공
200631,%s[색상=#9CE8F8](%d/%d)[/색상]
200632,연계 미션은 아직 완료되지 않았으니 미니 슛아웃 엘리트로 가서 살펴보세요
200699,예약 200600~200700
200700,예약 200620~200700
200800,모드 선택
200801,매칭
200802,팀 매칭
200803,퀵 매칭
200804,사람들이 놀고 있습니다
200805,모드 도움말 선택
200806,매칭 시작
200807,일치하지 않음
200808,리마인더 준비
200809,선장은 준비하라는 메시지를 표시합니다.
200810,당신은 계급에서 제외되었습니다
200811,1. 원하는 모드를 선택합니다. 모드를 선택하면 팀 매치 또는 퀵 매치를 선택할 수 있습니다. 2. 팀 매칭 : 친구를 초대하여 함께 매칭하십시오. 3. 빠른 매칭: 현재 인터페이스는 사람들을 매칭하여 동시에 게임에 입장합니다. 4. 모든 모드는 작성자가 결정하며 업적과 소품을 상호 연결할 수 있습니다.
200812,승리 횟수
200813,처치 횟수
200814,경기가 취소되었습니다
200815,로비로 돌아가기
200816,파티로 돌아가기
200817,매치에서는 초대를 할 수 없습니다
200818,게임을 비정상적으로 종료했다가 다시 연결한 것을 감지하셨나요?
200819,【666】
200820,【멋지다】
200821,【매우 강력한】
200822,【멋지다】
200823,팀에 초대: #cFA7A0F@1#n
200824,이 지도는 경쟁력 있는 지도이므로 지도 세부 정보로 이동하여 직접 일치시키십시오.
200825,경기 시간이 초과되었으니 다시 시도하세요!
201000,예약 201000~201100
201001,활성 작업
201002,사용 가능한 포인트: @1
201003,활동에 대한 설명
201004,남은 활동: @1
201005,게임에 입장
201006,지도 아이템 사용
201007,끝으로 이동
201008,주장
201009,받다
201010,"이벤트 맵을 플레이하여 미션을 완료하고 포인트를 획득하고, 소품을 교환하면 추첨권을 받을 수 있습니다!"
201011,"2023 봄 축제 지도 카니발 이벤트 설명: 1. 구매 판단 : 2. 모험가는 패키지의 아이템을 소유하지 않으며 전체 패키지를 정가로 구매해야 합니다. 3. 모험가는 패키지에 개별 의상/커스텀 드레스/페인팅/아바타 프레임이 있으며 해당 소유권 가격이 차감된 후 4. 전체 패키지 구매에는 정가가 필요하지 않습니다. 오 (물론 패키지에 이미 소유 된 아이템은 배포되지 않습니다) 5. 보상 목록 및 확률 : 미니 빈 + 옵션 팩 20% 미니 빈 + 옵션 팩 20% 미니빈, 옵션 팩, 꿈 짓기 시크릿 워드  100%"
201012,항목 교환 기록
201013,항목 개요
201014,항목 이름
201015,교환 시간
201016,행사 종료
201017,아이템 교환
201018,대화형 지도를 클릭하고 여기로 전환을 클릭하여 다른 지도로 전환합니다.
201019,다른 맵을 선택하여 게임에 들어갈 수 있습니다
201020,클릭하여 현재 디스플레이 맵으로 들어가 게임을 플레이합니다.
201021,지정된 작업을 완료하기 위해 포인트를 모을 수 있으며 포인트는 보상으로 교환할 수 있습니다
201022,클릭하여 교환하여 지도 아이템과 추첨 티켓을 받으세요
201023,독점 아이템 교환
201024,이벤트 시작 시간이 아닙니다.
201025,버전이 너무 낮습니다.
201026,이벤트가 진행 중이 아닙니다.
201027,현재 채널이 열려 있지 않습니다.
201028,보상 사용
201029,카니발 이벤트 참여 맵
201030,배
201031,포인트가 부족하니 이벤트 맵 게임을 플레이하고 포인트를 획득하세요!
201032,현재 맵에서 게임을 시작하시겠습니까?
201033,@1 포인트를 @2로 교환 결정
201034,포인트 @1->@2 교환 후
201035,@1을 받은 것을 축하합니다
201036,아이템이 수집되어 맵 게임에서 볼 수 있습니다.
201037,끝난
201038,이벤트가 종료되었으며 게임에 입장할 때 더 이상 미션 포인트를 획득할 수 없습니다
201039,상환 내역
201040,교환
201041,확실한가요
201042,취소
201043,교환하려는 항목의 조합을 선택하십시오.
201044,교환 후 포인트
201045,확인 대상
201046,@2 x@1 사용하시겠습니까?
201047,다양한 맵을 선택하여 게임에 입장할 수 있습니다~
201048,지도를 스와이프하고 토글 버튼을 눌러 다른 지도 사이를 전환하세요~
201049,게임을 플레이하기 위해 현재 디스플레이 맵을 입력하려면 여기를 클릭하십시오.
201050,지정된 작업을 완료하기 위해 포인트를 모을 수 있으며 포인트는 보상으로 교환할 수 있습니다
201051,탭하여 교환하여 지도 아이템과 추첨권을 받으세요
201052,교환 맵 관련 아이템은 맵 게임에서 배포되며 이 페이지에는 최근 20개의 교환 기록만 표시됩니다
201053,팁
201054,일일 반복 남은 시간: @1
201055,하루 무제한 시간
201056,%d가 완료되었습니다.
201057,매일 반복하십시오
201058,1회 한정
201059,그리기 포인트가 충분하지 않습니다.
201060,포인트 적립 x@1
201061,계속하려면 화면을 클릭하십시오
201062,사전등록 리워드
201063,사전등록 수:
201064,사전등록이 완료되어 즐겨찾기에 추가되었습니다
201065,원하는 보상을 설정하지 않았습니다. 먼저 하나를 설정해 주세요.
201066,원하는 보상
201067,원하는 보상을 선택하면 포인트 추첨에서 획득할 수 있는 기회가 있습니다
201068,지도 입장 시 교환한 전용 지도 아이템이 지급됩니다.
201069,상금 풀
201070,모든 보상을 확인하세요
201100,예약 201000~201100
233001,행사 검토 중:
233002,이벤트가 검토될 때까지 기다립니다.
233003,수정할 이벤트:
233004,작품이 대회 규칙을 충족하지 않으면 다시 수정하여 다시 제출하십시오.
233005,예선 라운드에서:
233006,이 행사는 검토를 거쳐 예선 라운드에 참가했습니다
233007,결승전에서:
233008,이 작품은 결승에 진출했습니다
233009,일정 선택
233010,귀하의 작업이 더 원활하게 경쟁에 참여할 수 있도록 정보를 개선하십시오 ~
233011,작품의 스크린 샷
233012,필요한 단어 수는 5 ~ 300 단어입니다.
233013,QQ 번호
233014,QQ 번호를 입력하십시오 (선택 사항)
233015,(3~5장)
233016,응모를 취소하시겠습니까?
233017,맵은 @1년 @ 2월 @ 3일 후에 먼저 생성해야 합니다.
233018,세부 정보 >>
233019,참가 확인
233020,작품이 출품되었으니 공모전 후 원고를 수정해주세요~
233046,게임을 시작하도록 안내하겠습니다.
233060,백팩에 있는 항목을 클릭한 다음 바로 가기 표시줄에 있는 상자를 클릭하면 항목을 휴대하여 배치 및 사용할 수 있습니다.
233064,캐주얼 | 배틀 | 파쿠르 | 암호 해독 및 기타 게임 맵
233065,샌드박스 어드벤처 및 크리에이티브 모드 체험
233066,샌드박스 게임 플레이에 매우 익숙합니다.
300000,
300001,리소스 백팩
300002,프로젝트
300003,내 것
300004,상점
300005,검색을 입력하려면 클릭하십시오.
300006,생존 전환
300007,기본 분류
300008,먼저 여기에서 리소스를 이동하거나 다운로드하십시오.
300009,KB
300010,MB
300011,바로 가기 표시줄을 넣을 수 없습니다.
300012,온라인 상태에서 리소스를 편집할 수 없음
300013,온라인 상태에서 리소스를 관리할 수 없음
300014,다른 사용자의 맵을 재생하는 동안 리소스를 편집할 수 없습니다.
300015,다른 사용자의 맵을 재생하는 동안 리소스를 관리할 수 없습니다.
300016,소스 필터
300017,필터 입력
300018,세부 정보 미리보기
300019,파일 정보
300020,바로 가기 표시줄 추가
300021,이동할 폴더 선택
300022,폴더 추가
300023,프로젝트
300024,성공적으로 이동
300025,동기화 성공
300026,다운로드 성공
300027,가져온 플러그인은 맵을 다시 입력한 후에만 적용됩니다. 맵을 다시 입력하십시오.
300028,새 메뉴
300029,외부 모델 가져오기
300030,소품 소개
300031,지난 7일 동안 다음에 나타날 때 상기하지 마십시오.
300032,개발자 아카데미 하이퍼링크
300033,소품 소개
300034,바닥에 놓고 클릭하여 작업 생성을 시작하고 표준 휴머노이드를 사용하고 애니메이션을 만듭니다. 마지막으로 스타 팩토리에서 완료된 작업을 사용할 수 있습니다!!!
300035,지난 7일 동안 다음에 나타날 때 상기하지 마십시오.
300036,개발자 아카데미 하이퍼링크
300037,"볼 수 없음, 리소스가 다운로드되지 않음"
300038,최소 합성 도구
300039,이미지 크기
300040,:
300041,검색하려면 클릭
300042,최근 검색
300043,없이
300044,새로운!
300045,리소스를 선택하십시오.
300046,추가
300047,객관식
300048,작업 조합
300049,이름 없음
300050,이 리소스는 아직 열리지 않았습니다. 편집
300051,최대 바로 가기 표시줄 수를 초과하여 첫 8 항목이 현재 바로 가기 표시줄에 추가되었습니다.
300052,리소스가 다운로드되지 않음
300053,성공적으로 추가되었습니다.
300054,플러그인 패키지의 리소스를 삭제할 수 없습니다.
300055,사용 지침
300056,"새로운 리소스 백팩에 오신 것을 환영합니다! 새로운 버전의 Zhong 플러그인 라이브러리, 리소스 센터 및 백팩은 리소스 백팩에 통합되어 있어 리소스를 찾고, 사용하고, 편집하고, 관리하는 데 더 편리할 수 있습니다. 1. 왼쪽의 탭을 위아래로 드래그하여 페이지화 #n 사이를 전환할 수 있으며, 인터페이스는 두 번째 페이지에 있고 모델은 세 번째 페이지에 있습니다. 2. 위의 센터는 항목, 광산 및 리소스 워크샵의 세 가지 라이브러리를 전환할 수 있습니다. 3.mobile끝#cfa7a0f리소스를 선택한 후 #n을 클릭하여 편집을 입력하고 리소스를 길게 눌러 빠르게 관리합니다. 4. PC 측 #cfa7a0f리소스를 PC 쪽에서 마우스를 리소스에 놓고 바로 가기 표시줄에 해당하는 키를 눌러 빠르게 배치하고 Shift + 클릭하여 여러 개를 빠르게 선택합니다. 6. 리소스 카드 아래의 색상 막대, 녹색은 공식 편집 가능을 의미하고 보라색은 수정을 의미하며 회색은 편집 불가를 의미하며 주황색은 사용자 지정을 의미하며 파란색은 다운로드된 리소스를 의미합니다. 제안 사항이 있으면 지도 설정의 피드백 기능을 사용하여"
300057,다음 리소스를 지도로 가져올 준비를 합니다.
300058,다음 플러그인 패키지를 지도로 가져올 준비를 합니다.
300059,플러그인을 제거하거나 복원한 후 지도를 다시 입력해야 적용됩니다.
300060,플러그인 리소스를 가져온 후 지도를 다시 입력해야 적용됩니다.
300061,추가할 항목을 선택하십시오.
300062,지도 업로드
300063,감사 취소
300101,현재 선택한 대상을 편집할 수 없습니다!
300102,대상이 스케일링을 지원하지 않으므로 작동할 수 없습니다!
300103,실행
300104,편집
300105,상자 선택
300106,선택
300107,스위치 기능
300108,브러시 모양
300109,브러시 설정
300110,채우기 토글
300111,시선 설정
300112,채우기
300113,삭제
300114,교체
300115,매끄러운
300116,3차원
300117,실린더
300118,구
300119,평면 사각형
300120,플랫 서클
300121,2점 연결
300122,2점 연결
300123,확장
300124,리소스 라이브러리 선택
300125,개체 목록
300126,객체가 표시되지 않음
300127,객체 표시
300128,재배치
300129,매끄러운
300130,선거구
300131,고급 편집 모드로 변환됩니다.
300132,기본 편집 모드로 변환됩니다.
300133,기본 편집 모드
300134,고급 편집 모드
300135,기본 편집 모드는 원래 편집 도구입니다.
300136,고급 편집 모드는 보다 강력한 편집 모드입니다.
300137,편집 모드 온라인 모드 변환 및 기타 맵 사용 불가
300138,온라인 및 다른 사용자의 지도를 사용할 수 없습니다.
300139,선택 취소
300140,캔버스
300141,코드 수
300142,123
300143,너
300144,안녕하세요~
300151,값
300152,게임 논리
300153,수학
300154,그룹
300155,타이머
300156,인터페이스
300157,그래픽 정보
300158,정리하세요
300159,주석 추가
300160,클리어
300161,붙여넣기
300162,복사 및 붙여넣기
300163,복사
300164,주석 추가
300165,주석 제거
300166,삭제
300167,트리거
300168,템플릿 추가
300169,코드 추가
300170,디지털 입력
300171,문자 입력
300172,쇼핑
300173,블록 유형
300174,던지기 개체 유형
300175,애니메이션 이모티콘
300176,특수 효과 유형
300177,음향 효과
300178,홈메이드 코드
300179,값
300180,문자열
300181,코드 설명
300182,점프 정의
300183,이 코드는 다음 코드와 참조 관계가 있습니다. 주의 깊게 삭제하십시오.
300184,블록 참조 코드
300185,캔버스를 비우는 것을 확인하시겠습니까?
300186,시작 지침
300187,닫기 지침
300188,홈메이드 코드 이름을 반복할 수 없습니다.
300189,홈메이드 코드 이름을 비울 수 없습니다.
300190,매개 변수 이름을 비울 수 없습니다.
300191,매개 변수 이름을 반복할 수 없습니다.
300192,프로그래밍 코드
300193,작업 정보를 보려면 코드를 선택하십시오.
300194,코드 필터
300195,두 이벤트가 발생할 때 모든 조건이 충족되면 작업이 순차적으로 수행됩니다.
300196,메시지
300197,방송
300198,안녕하세요.
300199,비활성화됨
300201,%d%d%d)
300202,스택:
300203,고급 생성
300204,고급 모드
300205,뒤로
300206,빌드
300207,삭제 모드
300208,직접 삭제하려면 클릭하십시오.
300209,스케일링
300210,영역 만들기
300211,위치 만들기
300212,생물 만들기
300213,대시보드 만들기
300214,길게 누르면 스와이프 영역이 생성됩니다.
300215,위치를 만들려면 접지를 클릭하십시오.
300216,땅을 클릭하여 생물을 만듭니다.
300217,글로벌 트리거
300218,개발자 스토어
300219,모양 재설정
300220,2D
300221,직선
300222,표면
300223,솔리드
300224,X모드
300225,Z모드
300226,Y모드
300227,포인트
300228,선
300229,얼굴
300230,계단
300231,연속 작동을 위해 길게 누릅니다.
300232,길게 누르면 직선이 당겨집니다.
300233,화면을 다시 탭하여 수직으로 전환
300234,키보드R수직으로 전환 가능
300235,사각형 표면을 길게 누르고 끕니다.
300236,큐브를 만들려면 길게 누릅니다.
300237,브러시 모양을 길게 누르고 드래그하여 크기를 조정합니다.
300238,
300239,구를 만들려면 길게 누릅니다.
300240,길게 눌러 실린더를 만듭니다.
300241,길게 눌러 실린더를 만듭니다.
300242,마술 지팡이
300243,선거구 취소
300244,스택:
300245,재생 시작
300246,재설정 모드
300247,모양 재설정
300248,색상
300249,기하학
300250,레이어 수:
300251,트리거
300252,검색 결과가 없습니다.
300253,먼저 설정할 인터페이스를 선택하십시오.
300254,NPC
300255,"삭제 실패, 하나 이상의 가시적 트리거 그룹 유지"
300256,이벤트에서 찾을 수 없습니다.
300257,누락된 매개 변수를 입력해야 합니다.
300258,검색 결과가 없습니다. 다른 키워드로 다시 시도하십시오.
300259,선택하기 전에 이벤트 코드를 추가하십시오.
300260,할당
300261,데이터 저장
300262,"#cF63D3D""!"" 누락된 빨간색 파라미터#n 입력해야 합니다."
300263,"#cFF9900""!"" 이벤트에서 주황색 파라미터를 찾을 수 #n"
300264,반환 값
300265,로컬 트리거
300266,참고
300267,글로벌 주석
300268,댓글을 입력하십시오...
300269,코드 설명
300270,리소스를 찾을 수 없습니다
300271,트리거: @1%
300272,트리거 수
300273,"삭제 실패, 하나 이상의 트리거 그룹 유지"
300274,아직 힌트 없음
300275,아직 튜토리얼이 없습니다.
300276,새 빈 그룹 만들기
300277,다시 로드하려면 클릭하십시오
300278,내 템플릿
300279,권장 템플릿
300280,수정
300281,템플릿 이름
300282,소개
300283,트리거 구조
300284,이를 시나리오에 배치하여 유형의 자산을 생성합니다.
300300,클릭하거나 길게 누르고 드래그하여 빌드
300301,클릭하거나 길게 누르고 드래그하여 삭제
300302,실행 취소 성공
300303,복구 성공
300304,장면 대상을 가져오려면 클릭하십시오.
300305,브러시 모드
300306,편집할 장면 객체 선택
300307,유사한 대상을 여러 개 선택하려면 클릭하십시오.
300308,장면을 드래그 앤 드롭하여 작성
300309,장면에서 만들기를 클릭합니다.
300310,장면에서 영역/위치/생물 지점 숨기기
300311,장면에서 영역/위치/생물학적 점 표시
300312,재설정 모드
300313,"캐릭터를 제어하여 1인칭 관점에서 게임을 실행합니다! 
 트리거와 스크립트의 논리가 실행됩니다! 
 지도 편집을 계속하려면 왼쪽 아래 모서리에서 중지를 클릭하십시오!"
300314,영역을 선택하려면 상자를 길게 누릅니다.
300315,생물학적 특성
300316,데모 모드 설명
300317,곡선을 길게 누르고 끕니다.
300318,드래그 직선을 길게 누릅니다.
300319,동일한 평면을 길게 누르고 드래그합니다.
300320,길게 누르고 끌어서 평면을 연결합니다.
300321,모양을 길게 누르고 끕니다.
300322,화면을 클릭하여 수직 드래그 앤 드롭으로 전환
300323,R키 토글 수직 드래그
300324,모양을 드래그 앤 드롭하여 크기를 조정하고 모양을 클릭하여 확인합니다.
300325,채우기 모드
300326,대체 모드
300327,길게 누르고 끌어서 선택 항목 선택
300328,바꿀 블록을 선택하고 모양 바꾸기를 클릭합니다.
300329,"스택할 지표면을 복사, 드래그 및 드롭할 모양을 클릭합니다."
300330,이동할 축을 드래그하고 모양을 클릭하여 확인합니다.
300331,미니어처 모델을 편집하기 위해 지면에 배치할 수 있는 모델 작업대를 선택하려면 클릭하십시오.
300332,클릭하여 바닥에 배치하여 소품 모델을 편집할 수 있는 소품 모델 작업대를 선택합니다.
300333,생물학적 모형을 만들기 위해 지면을 배치하려면 생물학적 모형 선택 상자를 클릭합니다.
300334,사용자 정의 모델을 만들기 위해 바닥에 놓을 수 있는 사용자 정의 모델 메이커를 선택하려면 클릭하십시오.
300335,클릭하여 미니어처 결합기를 선택하고 결합 가능한 블록 및 미니어처를 사용합니다.
300336,재설정되지 않은 모드
300337,맵 재설정
300338,지도를 재설정하지 마십시오.
300339,기능 개체
300340,모든 개체
300341,필터링됨
300342,개체로 변환
300343,현재 개체 포인트 없음 + 개체 추가
300344,글로벌
300345,지역
300346,인터페이스
300347,빌딩 블록 답변
300348,프로그래밍 개체
300349,숨겨진
300350,원작자가 숨겨져 있다
300351,전환 권한이 없습니다.
300352,답변 생성
300353,힌트
300354,튜토리얼 보기
300355,다시 시도하려면 클릭하십시오
300356,재생하려면 클릭하십시오
300357,로드 실패
300358,개체를 선택하고 배치하십시오.
300359,오디오 유형
300360,@Null@
300361,개발
300362,떨어뜨린 물체
300363,개발 모드로 전환
300364,"지도 변환 후 개발 모드로 열기. 변환은 원래 지도를 덮어씁니다, 따라서 먼저 백업해 주세요."
300365,초기 맵 선택
300366,모든 템플릿
300367,지형 템플릿
300368,재생 템플릿
300369,변환 성공
300370,변환
300371,임의의 지형
300372,완전히 무작위로 생성된 지형
300373,캔버스
300374,순백의 평평한 지형
300375,물
300376,왕양다
300377,평평한 풀
300378,평평한 초원 지형
300379,떠다니는 섬
300380,작은 정리만
300381,스카이 아일랜드 숲
300382,어드벤처 스카이 아일랜드 지형
300383,변환이 실패했습니다. 먼저 지도를 백업하십시오.
300384,섬
300385,섬 지도
300386,삼림 지대
300387,삼림 지도
300388,파티 게임
300389,파티 맵
300390,채소밭을 지키다
300391,야채 정원 지도
300392,Shenshu Parkour
300393,파쿠르 지도
300394,인용문 보기
300395,왼쪽 페이지를 확인하십시오.
300396,선택한 @1 카테고리
300397,하나 이상의 페이지 선택
300398,자연
300399,오리지널 개발자 모드
300400,이 모양으로 생물을 배치하는 것은 당분간 지원되지 않습니다. [풀 박스]를 전환하십시오.
300401,이 모양은 당분간 떨어진 물체를 배치할 때 지원되지 않습니다. [풀 박스]를 전환하십시오.
300402,원래 개발자 모드
300403,채우기 브러시
300404,브러시 삭제
300405,브러시 교체
300406,상자 선택 브러시
300407,당김 프레임
300408,곡선
300409,직선
300410,모양: 공
300411,모양: 속이 빈 공
300412,모양: 큐브
300413,모양: 할로우 큐브
300414,모양: 실린더
300415,모양: 중공 실린더
300416,모양: X축 계단
300417,모양: Y축 계단
300418,모양: Z축 계단
300419,스트레치 표면: 색상
300420,인장 표면: 기하학
300421,이 모양은 당분간 미니어처 조합을 배치할 때 지원되지 않습니다. 한 지점에 배치하십시오.
300422,방송 보내기
300423,매개 변수
300424,메시지 이름을 반복할 수 없습니다
300425,메시지 이름은 비워 둘 수 없습니다
300426,아이디 @1로 방에 들어갈지 여부
300427,방이 꽉 찼습니다. 가입 실패
300428,전송할 수 없습니다. 이미 지도에 있습니다.
300429,서버 요청이 실패했습니다. 나중에 다시 시도하십시오.
300430,손의 속도가 너무 빠릅니다! 1초 후에 다시 시도하십시오
300431,전송할 수 없습니다. 이미 방에 있습니다.
300432,지도를 찾을 수 없습니다
300433,또는
300434,와 함께
300435,그리고
300436,픽셀
300437,선택
300438,선택한 번호
300439,새 템플릿 저장
300440,인스턴스에 적용
300441,템플릿으로 복원
300442,템플릿 편집
300443,템플릿에 적용
300444,엔티티
300445,
300446,
300447,
300448,
300449,
300450,
300451,
300452,파운데이션
300453,장식
300454,플레이하는 방법
300455,
300456,
300457,
300458,
300459,
300460,
300461,
300462,
300463,
300464,
300465,
300466,
300467,
300468,
300469,
300470,
300471,
300472,
300473,
300474,
300475,
300476,
300477,
300478,
300479,
300480,
300481,
300482,
300483,
300484,
300485,
300486,
300487,
300488,
300489,
300490,
300491,
300492,
300493,
300494,
300495,
300500,선수
300501,모션 미리보기
300502,미리보기 중지
300503,무게중심
300504,편집
300505,무게 중심 편집
300506,무버 이름
300507,스포츠 유형
300508,직선
300509,둘레
300510,스윙
300511,X축 속도
300512,Y축 속도
300513,Z축 속도
300514,X축 각도
300515,Y축 각도
300516,Z축 각도
300517,러닝 타임
300518,달리는 거리
300519,초기 대기
300520,루프
300521,같은 방법으로 반환
300522,도착 후 기다리십시오.
300523,귀국 후 기다림
300524,수신 방송 시작
300525,수신 방송 종료
300526,운동 시작
300527,지금 시작
300528,방송 시작 받기
300529,마지막 모션 시작
300530,마지막 동작이 끝났습니다.
300531,트램폴린
300532,에어쿠션
300533,탄력
300534,선수 세트
300535,리바운드
300536,속도
300537,중심점
300538,정말 무버를 삭제하시겠습니까?
300539,이 구성 요소를 삭제할 수 없습니다.
300540,구성 요소가 이미 있습니다. 반복적으로 추가
300541,"열거 데이터 오류, 수량 0"
300542,구성 요소가 가득 차서 계속 추가할 수 없습니다.
300543,빠른 설정
300544,전체 모델
300545,X축 전면
300546,X축 반대
300547,Y축 전면
300548,Y축 반대
300549,Z축 전면
300550,Z축 반대
300551,기본값으로 복원
300552,상대 공간
300553,부분
300554,세계
300555,반품
300556,돌아오지 마세요
300557,출발점으로 돌아가기
300558,출발지로 복귀하는 시간
300559,시작과 끝을 연결하라
300560,복사
300561,삭제
300562,바인드
300563,바인딩 해제
300564,조합
300565,언그룹
300566,편집
300567,노드 하단에 조정
300568,노드 위에서 조정
300569,하위 노드가 됨
300570,바인딩할 개체를 선택하십시오.
300571,자신을 묶을 수 없습니다
300572,상위 노드에 구성 요소가 추가되었습니다. 상위 노드를 유지해야 합니까?
300573,새 템플릿으로 저장
300574,템플릿 저장 성공
300575,빈 템플릿
300576,새 템플릿
300577,엔티티 템플릿 자체를 반복할 수 없습니다.
300578,합성 엔티티
300601,물리학
300602,물리적 유형
300603,움직이는 물체
300604,정적 개체
300605,지역
300606,물리적 효과 없음
300607,충돌 상자
300608,모델 팔로우
300609,큐브
300610,구
300611,캡슐 본체
300612,축소된 표면
300613,물리적 물질
300614,품질
300615,저항
300616,각도 드래그
300617,중력 활성화
300618,정적 마찰
300619,동적 마찰
300620,탄력
300621,충돌 상자 크기
300622,중앙 위치
300623,반지름
300624,높이
300625,충돌 이벤트
300626,충돌 메시지
300627,메시지 입력
300628,메시지 남기기
300629,플레이어가 움직이는 엔티티와 충돌하도록 하려면 플레이어의 고급 물리학을 켜야 합니다. 켜시겠습니까? (초기 경험에서는 게임 플레이 설정 - 플레이어의 집에서 끌 수 있습니다)
300630,물리적 설정
300631,플레이어 고급 물리학
300632,오픈 후 플레이어가 움직이는 엔티티와 충돌하여 더 많은 게임 플레이를 할 수 있습니다(초기 경험상 약간의 불안정성이 있을 수 있음).
300633,플레이어의 고급 물리학을 먼저 닫으십시오.
300634,플레이어 대 플레이어 충돌을 먼저 여십시오.
300640,무료 줌
300641,전반적인 확대/축소
300642,줌
300643,X축 줌
300644,Y축 줌
300645,Z축 줌
300646,다중 경로
300647,길
300648,웨이포인트 수가 한도를 초과했습니다.
300649,이 경유지 삭제를 확인하시겠습니까?
300650,단색
300651,재료 그룹
300652,재료
300653,컬러 그룹
300654,색상
300655,모델
300656,
300657,
300658,
300659,
300660,
300661,
300662,
300663,
300664,
300665,이동
300666,줌
300667,스핀
300668,등축 스케일링
300669,
300670,
300671,
300999,
301000,인터페이스 편집
301001,세상
301002,플레이어
301003,규칙
301004,인터페이스
301005,데이터
301006,추락 부상
301007,자동 생성 몬스터
301008,지도 재설정
301009,"1. [재설정] 맵을 그대로 두면 다음에 돌아올 때 맵이 원래 상태로 복원됩니다.
2. 동일한 아카이브 또는 동일한 호스트 룸에 [재설정하지 않음] 맵을 그대로 두면 다음에 돌아올 때 맵이 여전히 남아 있는 것처럼 보입니다."
301010,세상을 가속화
301011,기발한
301012,중국 스타일
301013,전투
301014,외로운 신
301015,암호 해독 분위기
301016,폭발
301017,축구 경기장
301018,상단 보기
301019,맞춤형 관점
301020,소품 사용
301021,아플 수 있다
301022,픽업 아이템
301023,항목 폐기
301024,마운트 펫
301025,무기 스킨 보너스
301026,특수 효과 허용
301027,모두 표시
301028,사진만 표시
301029,텍스트만 표시
301030,오프닝 방법
301031,직접 열기
301032,직접 켜면 중간에 게임 참여를 비활성화할 수 없습니다.
301033,시작 카운트다운
301034,종료 설정
301035,시간 모드
301036,게임 시간 제한
301037,시간이 다 되면
301038,고득점 팀 승리
301039,올 빅토리
301040,모두 실패했습니다
301041,점수를 달성하여 승리
301042,점수 요구 사항
301043,라이프 모드
301044,수명 제한
301045,게임 종료
301046,턴 설정
301047,부활 시간
301048,부활 보호
301049,부활 사이트
301050,랜덤 스쿼드 랠리 포인트
301051,가장 가까운 분대 랑데부 지점
301052,오염 지역 모델
301053,초기 안전 구역 반지름
301054,초기 안전 시간
301055,팀 설정
301056,팀 수
301057,팀 배정
301058,선수
301059,고객 후기
301060,팀 허가
301061,팀 초기 속성
301062,팀 초기 항목
301063,팀의 초기 모습
301064,인터페이스 정보
301065,미니 맵의 플레이어
301066,중앙 디스플레이
301067,방송을 이겨라
301068,블러드 스트립 디스플레이
301069,클라우드 서버 맵으로
301070,"1. 옵션을 켜면 맵이 클라우드 서버 맵이 됩니다. 플레이어는 클라우드 서버 룸에서만 플레이할 수 있으며 플레이할 룸을 다운로드하거나 열 수 없습니다.
2. 옵션을 켜면 지도 외부의 아카이브 목록에 ""클라우드 서비스 디버깅"" 옵션이 표시됩니다. 지도를 게시하기 전에 이 기능을 사용하여 클라우드 서비스에서 트리거 및 기타 기능의 정상 작동을 테스트해야 합니다."
301071,기본 음악
301072,음악 없음
301073,최대 10개의 파라미터 사용
301074,개봉 후에는 돌아갈 방법이 없습니다. 플레이어는 클라우드 서버 룸을 통해서만 플레이할 수 있으며 플레이할 룸을 다운로드하거나 열 수 없습니다. 신중하게 선택하십시오.
301075,장면 정보
301076,바로 가기 줄
301077,공격/방어
301078,레벨/경험
301079,상태 효과
301080,켜진 사람 수
301081,자신의 팀이 보입니다
301082,적 팀이 보입니다
301083,아픈 모습을 보여주세요
301084,자신의 팀 데미지
301085,플레이어 대 플레이어 상호 작용
301086,속성 보너스
301087,지도 데이터 저장
301088,리더보드
301089,리더보드 보이기
301090,리더보드 설정
301091,이름
301092,적용 범위
301093,"방의 리더보드 데이터가 실시간으로 새로 고쳐집니다.
서버 리더보드는 10분마다 새로 고쳐집니다."
301094,방에서
301095,풀 서비스
301096,정렬 기준
301097,분수
301098,비트 수
301099,패배 횟수
301100,개인 변수
301101,정렬 기준
301102,큰 것에서 작은 것으로
301103,작은 것에서 큰 것으로
301104,정렬하지 마십시오
301105,분류 기준
301106,개인
301107,팀
301108,팀 플러스 개인
301109,아이콘 선택
301110,서버 리더보드는 클라우드 변수만 선택할 수 있습니다.
301111,리더보드 수가 상한 @1에 도달했습니다.
301112,선택 변수
301113,수치 개인 변수
301114,"점수는 규칙 점수 설정에서 사용자 지정할 수 있습니다.
패배 카운트 패배 생물 또는 플레이어 득점
패배 플레이어가 패배할 때 자동으로 득점"
301115,먼저 gameplay-leaderboard에 리더보드를 설정해주세요.
301116,모든 직원의 합계
301117,아직 아무도 목록을 작성하지 않았습니다.
301118,리더보드 로딩. ..
301119,게임 플레이 모드로 전환하고 다시 열어주세요.
301120,자신을 보여주는 고정
301121,개인 리더보드만 열 수 있습니다.
301122,지도 유형
301123,클라우드 서버 게임
301124,일반 게임
301125,"#cFA4343 클라우드 서버 게임 출시 후 더 이상 게임 유형을 수정할 수 없습니다.#n
출시 후 플레이어는 다운로드할 필요가 없고 클라우드 서버 룸에 직접 들어가 플레이하며 룸에는 집주인이 없습니다.
클라우드 서버 게임은 #cFA4343 온라인 게임, 멀티플레이어 플레이 #n의 논리 개발을 기반으로 하고 데이터 저장 기능이나 테이블을 사용하여 플레이어 데이터를 저장해야 합니다."
301126,"일반 게임이 출시되면 플레이어 데이터가 로컬로 저장됩니다.
플레이어는 현지에서 방을 만들고 주택 소유자가 될 수 있습니다.
게임 업데이트가 출시되면 플레이어에게 업데이트된 콘텐츠를 다운로드할지 묻는 메시지가 표시됩니다."
301127,자세히 알아보기 >
301128,게임 업데이트가 출시되면 플레이어에게 업데이트된 콘텐츠를 다운로드할지 묻는 메시지가 표시됩니다.
301129,스트라이크 보호
301130,글로벌 섀도우
301131,자동 발사
301132,"개봉 후 이 맵의 플레이어는 총을 들고 보조 조준, 자동 사격 및 자동 폭탄 변경 기능(휴대폰 제한)을 가질 수 있습니다."
301133,이 지도를 닫은 후 플레이어는 공격으로부터 보호를 잃고 부상 빈도가 크게 증가합니다.
301134,닫은 후 실시간 조명을 포함하여 전체 맵의 캐릭터 그림자를 끌 수 있습니다.
301135,연결하기에는 너무 멀어요.
301136,이 구성은 게임으로 게시된 경우에만 적용됩니다.
301137,지속적인 탐사 비용
301138,증분
301139,증가하지 않음
301140,패키지 삭제
301200,
301201,Skybox 설정
301202,템플릿
301203,스카이맵
301204,선맵
301205,달 지도
301206,시간 경과 배수
301207,하늘 (@ 1시간)
301208,하늘색
301209,주변 밝은 색상
301210,태양 (@ 1시간)
301211,크기
301212,밝은 색
301213,달 (@ 1시간)
301214,별 (@ 1시간)
301215,밀도
301216,구름 (@ 1시간)
301217,이동 속도
301218,높이
301219,색상
301220,안개(@ 1시간)
301221,가장 가까운 거리
301222,가장 먼 거리
301223,주변 입자 설정
301224,입자 매핑
301225,범위
301226,힘
301227,속도
301228,방향
301229,X
301230,Y
301231,불규칙성
301232,필터 설정
301233,색상
301234,색상
301235,대비 비율
301236,포화
301237,색 보정
301238,투광 조명
301239,노출
301240,체적 조명
301241,감마
301242,필드 깊이
301243,컬러 보드
301244,RGB
301245,16진수
301246,컬렉션
301247,스카이 탑 컬러
301248,하늘 허리 색상
301249,하늘 밑바닥의 색
301250,태양색
301251,달색
301252,편집
301253,수정
301254,고급 설정
301255,템플릿 이름
301256,중요한 시간
301257,기본 하늘
301258,기본 필터
301259,기본값
301260,재설정 후 현재 템플릿의 모든 데이터가 기본값으로 복원됩니다. 확실합니까?
301261,"스카이 맵을 선택하면 별, 구름 및 스카이 색상 매개 변수의 수정이 잘못됩니다."
301262,이미지 선택
301263,드림파우더
301264,스노우 블루
301265,불타는 빨강
301266,포이즌 포그 그린
301267,황무지 노란색
301268,공상과학 회색
301269,만화 스타일
301270,자연 전환
301271,조용한 색상.
301272,따뜻한 색
301273,만화
301274,야간 시력
301275,반전
301276,만화
301277,야간 시력
301278,선라이즈 옐로우
301279,포그 블루
301280,라이트 레드
301281,메모리 그레이
301282,흑백
301283,청녹색
301284,게임 설정에서 Dynamic Sky를 켜야 효과를 볼 수 있습니다.
301285,스카이 박스
301286,필터
301287,볼륨 라이트를 켜면 카드가 발생할 수 있으므로 조심스럽게 엽니다.
301288,영화
301289,이미지 밝기
301290,어두운
301291,밝은 색
301292,블랙 톤
301293,음향 효과
301294,플레이어 발걸음
301295,플레이어 히트
301296,생물
301297,소품
301298,내구성
301299,없이
301300,창고
301301,처리
301302,스텔스
301303,스프린트
301304,충돌
301305,경험
301306,없이
301307,전투 설정
301308,격퇴
301309,스타 모드
301310,계층적 모드
301311,파워 효과
301312,릴리스 효과
301313,타겟 히트 효과
301314,릴리스 사운드
301315,히트 사운드 효과
301316,발사체 숨기기
301317,숨다
301318,하나를 엽니다.
301319,모두 열기
301320,학습 전용 템플릿의 마스터 라이브러리에 리소스를 동기화할 수 없습니다.
301325,세부 정보 페이지에는 단일 플레이어 게임 입구가 표시되며 단일 플레이어 모드 데이터는 클라우드 서비스 데이터와 상호 운용 할 수 없습니다.
301326,세부 정보 페이지에는 단일 플레이어 항목이 표시됩니다.
301327,단일 플레이어 플레이 허용
301328,모드 설정
301329,새로운 게임 방법을 만드는 더 많은 개발자 도구
301330,비디오 녹화 시작 허용
301331,플레이어는 이 지도에서 녹화 기능을 활성화하여 비디오 아카이브를 생성할 수 있습니다.
301332,튜토리얼을 계속 보려면 클릭하십시오.
301333,전투 모드
301334,콘텐츠를
301335,신규
301336,새로운 전투 버전입니다.
301500,
305000,
305001,방 버튼
305002,채팅 버튼
305003,사진 버튼 찍기
305004,공유 버튼
305005,빨간 봉투
305006,모션 그래픽 표시
305007,모션 그래픽 숨기기
305008,모션 그래픽
305009,텍스트 모션 그래픽
305010,텍스트 스타일
305011,구성 요소 템플릿
305012,선택
305013,@1 선택
305014,스타일
305015,배열
305016,논리
305017,템플릿
305018,상호 작용
305019,글꼴 크기
305020,스트로크
305021,그림자
305022,불투명도
305023,텍스트 정렬
305024,고급
305025,거리
305026,각도
305027,중심
305028,왼쪽 상단
305029,왼쪽 중앙
305030,왼쪽 아래
305031,중간 위
305032,센터
305033,중간과 아래
305034,오른쪽 상단
305035,오른쪽 중앙
305036,오른쪽 아래
305037,먼저
305038,드디어
305039,앞으로
305040,거꾸로
305041,뒤/앞으로 이동
305042,정렬 및 분포
305043,수평 간격
305044,수직 등거리
305045,회전
305046,각도
305047,수평으로 뒤집기
305048,수직으로 뒤집기
305049,확대/축소 방법
305050,구성 요소가 삭제되면 하위 구성 요소가 함께 삭제됩니다.
305051,예.
305052,없이
305053,거친
305054,얇은
305055,폭
305056,높이
305057,화려한
305058,기본값
305059,제목
305060,자막
305061,텍스트
305062,다채로운 텍스트
305063,미니 월드
305064,수평 방향
305065,수직 방향
305066,모두
305067,선형 변환
305068,위로
305069,다운
305070,왼쪽
305071,오른쪽
305072,스케일링
305073,주공 접선
305074,여백
305075,절대 크기
305076,부모 요소 크기
305077,부모 너비
305078,상위 구성 요소 높이
305079,절대 위치
305080,상대 부모 구성 요소
305081,중심
305082,왼쪽
305083,맞아
305084,상단
305085,머무르다
305086,깔끔한 모드 전환
305087,캔버스 모드 이동
305088,빌딩 블록 추가
305089,빌딩 블록 템플릿 추가
305090,템플릿으로 저장
305091,트리거 그룹 템플릿
305092,"저장 후 ""사용자 지정 - 내 템플릿""에서 사용하여 프로그래밍 효율성을 향상시킬 수 있습니다."
305093,"성공적으로 저장하고 ""그룹 추가""를 클릭합니다."
305094,보기
305095,내 템플릿
305096,이 템플릿을 삭제하시겠습니까?
305097,삭제
305098,취소
305099,템플릿이 비어 있습니다.
305100,"""트리거 그룹 - 추가 - 템플릿 저장""에 저장할 수 있습니다."
305101,설명
305102,템플릿 이름은 비워 둘 수 없습니다
305103,자세한 설명
305104,이미지 위반
305105,플레이어 상태
305106,건강 포인트
305107,상태 표시줄
305108,배고픔의 가치
305109,산소 값
305110,항목 영역
305111,경험 포인트
305112,재고
305113,조작 패널
305114,이동 레버
305115,점프
305116,스텔스
305117,상호 작용
305118,마운트
305119,시력
305120,득점 영역
305121,점수판
305122,시간
305123,네트워크 환경이 좋지 않습니다. 다시 입력하십시오.
305124,내용에 민감한 단어가 포함되어 있습니다. 다시 입력하십시오.
305125,반투명 마스크
305126,마스크를 클릭하여 인터페이스를 닫습니다.
305127,페이지 닫기
305128,효과 없음
305129,배경 편집
305130,템플릿이 변경되었습니다. 모든 개체에 적용됩니까?
305131,그렇지 않은 경우
305132,또 다른
306000,
306001,모든 플레이어가 게임에 들어가면 게임이 타이밍을 시작하고 타이밍이 끝난 후 게임이 공식적으로 시작되고 이벤트가 트리거됩니다.
306002,새 플레이어가 맵에 들어가는지 감지하고 새 플레이어가 들어가면 이벤트가 트리거됩니다.
306003,"플레이어가 정사각형을 클릭하면 이벤트가 트리거되고 클릭된 정사각형의 좌표가 반환됩니다. 돌을 금으로 바꾸는 것, 스킨 변경, 블록 표시 및 기타 기능과 같은 경우를 수행할 수 있습니다."
306004,캐릭터가 던질 때 이벤트가 트리거됩니다. 참고: 휴대용 항목을 던지기로 전환해도 이 이벤트가 트리거되지 않습니다.
306005,"지정된 생물이 생성되면 이 이벤트가 트리거됩니다. 외관 효과를 낼 수 있고, 얼음 정령 경비대가 만들어지면 눈과 얼음 날씨를 가져올 것입니다."
306006,"플레이어가 지정된 영역에 들어가면 이벤트가 한 번 트리거됩니다. 그것은 종종 공포 지도와 괴물 싸움 지도를 만드는 데 사용되며, 생물을 생성하는 이벤트를 촉발합니다. 지역 이벤트를 드나들면 광고 재생, 제품 구매 창 표시, 개발자 스토어 열기 등 개발자 관련 작업이 트리거될 수 없습니다."
306007,"플레이어가 지정된 영역을 벗어나면 이벤트가 한 번 트리거됩니다. 해당 영역에 진입하고 해당 영역 이벤트를 종료하면 광고 재생, 제품 구매 창 표시 및 개발자 스토어 열기와 같은 개발자 관련 작업이 트리거될 수 없습니다."
306008,"지정된 시간에 도달하면 이벤트가 트리거됩니다. 자정 종 공포 게임, 시간 등 시간 관련 기능을 만드는 데 사용할 수 있습니다."
306009,이 이벤트는 플레이어가 다른 모션 상태 사이를 전환할 때 트리거됩니다. 이벤트는 정지 상태에서 이동으로 점프할 때 또는 이동할 때 트리거될 수 있습니다.
306010,이 이벤트는 키보드의 W 키를 누르면 트리거됩니다. 이 이벤트는 키보드와 스페이스 바인 Shift 키에서만 감지되기 때문에 컴퓨터에서만 유효합니다.
306011,"발사체를 던지거나, 무기로 생물을 공격하거나, 맨손으로 생물을 공격하는 것은 모두 이 사건을 촉발시킬 수 있습니다. 참고: 손을 공중으로 흔들고 농구공, 축구공 또는 폭탄 폭발을 던지는 것은 이 사건을 촉발시키지 않습니다."
306012,"사건을 촉발하는 행동은 생물을 칠 때 발사체(폭탄 포함)를 던지거나 생물을 공격하는 근접전일 수 있습니다. 참고: 농구공, 축구공, 폭탄 폭발로 생물을 때리는 것은 사건을 촉발시키지 않습니다."
306013,"플레이어는 괴물의 공격을 받고, 용암에 화상을 입고, 산소를 빼앗기고, 추락으로 부상을 입으면 이벤트가 트리거됩니다. 이 이벤트는 스트라이크 효과를 생성하는 데 사용할 수 있습니다."
306014,드롭 유형에 관계없이 플레이어의 바로 가기 표시줄에 추가되는 한 백팩이 이벤트를 트리거합니다.
306015,"플레이어는 던지기, 총, 음식 및 책을 사용하여 이벤트를 트리거할 수 있습니다. 참고: 농구, 축구를 사용하고 이벤트를 트리거할 수 없습니다."
306016,이 이벤트는 폭탄으로 블록을 파거나 파괴함으로써 촉발됩니다.
306017,프로그램에서 메시지를 전달하여 다른 트리거의 실행을 조정하는 데 사용됩니다. [수신 방송]은 [액션-게임 논리]의 [송신 방송]과 함께 사용해야 합니다. [송신 방송] 빌딩 블록이 실행되면 [수신 방송] 이벤트가 트리거됩니다.
306018,게임이 시작되면 이 이벤트는 2초마다 트리거됩니다.
306019,이벤트는 게임이 공식적으로 시작된 지 5초 후에 트리거됩니다.
306020,이 이벤트는 날씨가 한 상태에서 다른 상태로 변경될 때 발생합니다. 하루에는 많은 종류의 날씨가 있기 때문에 조건부 진술을 결합하면 날씨에 따라 다른 행동을 할 수 있습니다.
306021,인터페이스는 UI 인터페이스를 나타냅니다. 지정된 UI 인터페이스가 열리면 이 이벤트가 트리거됩니다.
306022,UI 인터페이스에서 지정한 버튼을 누른 후 해제되는지 여부를 감지합니다.
306023,UI 인터페이스에서 지정된 버튼을 눌렀는지 여부를 감지합니다.
306024,이 이벤트는 지정된 항목을 사용할 때 트리거됩니다. 항목에 새로운 조합 기능을 제공하는 데 사용할 수 있습니다.
306025,"지정된 텍스트가 대화 상자에 전송되면 이 이벤트가 트리거됩니다. ""치트 코드""는 도시로 돌아가기 위한 ""치트 코드"", 혈액, 무기 등과 같이 게임에서 만들 수 있습니다."
306026,이벤트는 생물이 생성될 때 트리거됩니다. 판단 진술과 함께 생물의 기본 속성을 초기화할 수 있습니다.
306027,이 이벤트는 피조물이 플레이어/피조물과 충돌하여 특수 효과 빌딩 블록과 결합하여 충격 효과를 생성할 때 트리거될 수 있습니다.
306028,플레이어와 플레이어가 충돌하면 이벤트가 트리거될 수 있으며 영향을 받은 물체의 좌표가 반환됩니다. 특수 효과 빌딩 블록과 결합하여 충격 특수 효과를 만들 수 있습니다.
306029,"플레이어가 애니메이션 표현을 하면 이벤트가 트리거됩니다. 조건부 판단 진술과 함께 다양한 애니메이션 표현은 생물 소환, 트릭 증폭 등 다양한 재미있는 기술을 가질 수 있습니다."
306030,"이 이벤트는 발사체가 플레이어, 생물 또는 블록에 부딪힌 후 트리거되며 ""Spear Teleportation""을 만드는 데 사용할 수 있는 적중 물체의 좌표를 반환합니다."
306031,"지정된 플레이어의 상태 포인트, 신체 값, 속도, 크기, 공격력 및 기타 수치 속성을 설정하는 데 사용됩니다. 따라서 플레이어의 속성은 건강 포인트를 늘리거나 이동 속도를 높이는 등 다양한 게임 플레이에 따라 설정할 수 있습니다."
306032,지정된 위치에서 특정 수의 피조물을 생성할 수 있으며 팀 색상을 설정하거나 팀을 설정할 수 없습니다.
306033,게임 세계의 날씨 상태를 설정하는 데 사용됩니다. 게임을 만들 때 다양한 날씨 조합을 시도하면 예상치 못한 효과가 발생합니다.
306034,세상의 시간을 설정하고 빛과 태양의 위치가 서로 다릅니다.
306035,플레이어의 바로 가기 표시줄 또는 백팩에 지정된 항목 수를 추가하고 바로 가기 표시줄에 공백이 있을 때 바로 가기 표시줄에 항목을 추가하는 우선 순위를 지정합니다.
306036,플레이어를 지정된 위치로 순간 이동할 수 있습니다.
306037,게임 세계의 중력 요소를 설정할 수 있습니다.
306038,"값은 숫자 변수 또는 게임, 플레이어 속성 및 생물학적 속성에 할당할 수 있습니다."
306039,지정된 플레이어에게 텍스트를 보내고 베이 창 형태로 표시할 수 있습니다.
306040,베이 윈도우 형식으로 표시되는 지정된 플레이어 그룹으로 텍스트를 보낼 수 있습니다. 플레이어 그룹은 동일한 영역에 있는 플레이어 또는 동일한 팀의 플레이어가 될 수 있으며 동일한 맵에 있는 모든 플레이어를 참조할 수도 있습니다.
306041,"플레이어의 유해, 유익, 중립 또는 사용자 지정 상태를 설정할 수 있습니다. 예를 들어 야간 비전 레벨 5, 동결 레벨 2, 양 레벨 2 변경 등."
306042,게임 세계 내에서 시간이 변화하는 속도를 제어하는 데 사용할 수 있습니다.
306043,[수신 방송] 이벤트와 함께 사용되는 메시지를 보내는 데 사용됩니다. [송신 방송] 빌딩 블록이 실행되면 [수신 방송] 이벤트가 실행됩니다.
306044,특정 발사체는 지정된 위치 A에서 생성되고 지정된 위치 B에서 발사될 수 있습니다.
306045,[플레이어 변수]에 값을 할당하고 이벤트를 트리거한 플레이어 ID 또는 기능 라이브러리에서 얻은 플레이어 ID를 저장할 수 있습니다.
306046,"그것은 다른 지형에서 동시에 다른 날씨 조건을 나타내게 할 수 있습니다. 숲의 모래폭풍, 평야의 맑은 날, 사막의 눈과 같습니다."
306047,"플레이어의 이동식, 공격, 손상 및 기타 권한 스위치를 제어하는 데 사용됩니다."
306048,특수 효과는 일반적으로 공격 특수 효과 또는 장면 안내 효과를 만드는 데 사용되는 지정된 위치 또는 영역에서 재생할 수 있습니다.
306049,지정된 위치 또는 영역에서 특정 블록 유형을 생성할 수 있으며 방향을 지정할 수 있습니다. 위치 A에서 황 결정 모래를 생성할 수 있고 노즐이 동쪽을 향하고 있는 경우.
306050,생물이 즉시 패배하도록 지정합니다. 예를 들어 플레이어가 맞은 생물을 공격하면 즉시 맞은 생물을 물리칩니다.
306051,"지정된 생물의 상태 지점, 속도, 크기, 공격력 및 기타 수치 속성을 설정하는 데 사용됩니다."
306052,플레이어가 지정된 UI 인터페이스를 열 수 있습니다. 일반적으로 UI 인터페이스 열기 또는 인터페이스가 여러 개인 경우에 사용됩니다.
306053,플레이어가 지정된 UI 인터페이스를 닫을 수 있습니다.
306054,UI 인터페이스에서 [텍스트] 및 [텍스트 상자] 구성 요소의 텍스트 내용을 설정하는 데 사용됩니다. 텍스트를 표시하기 전에 구성 요소가 있는 인터페이스를 열려면 [개방형 인터페이스] 빌딩 블록과 함께 사용해야 합니다.
306055,플레이어 개체의 방향을 설정하는 데 사용됩니다.
306056,플레이어 개체의 모양을 수정합니다.
306057,플레이어 개체의 모양을 복원합니다.
306058,"플레이어 개체 바로 가기 바, 백팩 또는 기어 바의 모든 항목을 지웁니다."
306059,플레이어의 관점을 흔듭니다.
306060,"대상 위치를 설정하고, 생물학적 개체가 자동으로 지나가도록 설정하고, 생물학적 개체를 제어합니다. 이 함수에는 특정 범위(약 32제곱)를 초과하는 거리 제한이 있으며 트리거되지 않습니다."
306061,영역의 모든 블록을 지정된 블록으로 교체하면 블록 방향을 설정할 수 있습니다.
306062,지정된 영역에서 특정 블록이 지정된 블록으로 함께 대체되고 블록 방향을 설정할 수 있습니다.
306063,개체를 떨어뜨리지 않고 지정된 영역의 모든 사각형을 지웁니다.
306064,지정된 영역의 모든 사각형을 파괴하여 드롭이 발생합니다.
306065,지정된 위치에 청사진 건물을 만들고 결과 건물을 각도로 회전합니다.
306066,트리거의 루프 실행을 제어하는 데 사용됩니다. [반복 실행] 빌딩 블록을 사용하여 프로그램을 단순화하고 코드 블록의 용도를 변경하고 프로그래밍 효율성을 향상시킬 수 있습니다.
306067,조건이 참인지 거짓인지에 따라 포함된 코드 블록을 실행할지 결정합니다. 조건이 참이면 포함된 코드 블록이 실행되고 거짓이면 포함된 코드 블록을 건너뛰고 아래로 실행합니다.
306068,트리거의 실행 시간을 제어하는 데 사용됩니다. 트리거 구조는 일반적으로 위에서 아래로 빠르게 실행되는 순차 구조입니다. [대기] 빌딩 블록으로 실행할 때 지정된 시간을 기다렸다가 계속 실행합니다.
306069,트리거 루프가 실행되는 지정된 횟수를 제어합니다. 루프에 중단 빌딩 블록이 있고 중단 조건이 충족되면 루프가 일찍 중단됩니다.
306070,"빌딩 블록에는 두 개의 분기가 포함되어 있으며, 채워진 조건에 따라 어떤 분기가 실행되는지 결정합니다. 조건이 참이면 if 아래의 코드 블록이 실행되고 조건이 거짓이면 다른 조건의 코드 블록이 실행됩니다. 더하기 기호를 클릭하여 여러 개의 조건부 분기를 추가합니다."
306071,빌딩 블록은 [트리거 이벤트]를 사용하는 프로그램에만 효과적입니다. 트리거 구조에서 조건 부분의 진위를 확인합니다. 조건은 검사와 일치하며 트리거의 작업 부분을 실행하는 프로그램은 계속 실행할 수 있습니다.
306072,프로그램의 실행 시간을 제어하는 데 사용됩니다. 빌딩 블록으로 실행할 때 프로그램은 계속 실행하기 전에 빌딩 블록의 상태가 참일 때까지 기다립니다.
306073,"루프 실행을 중단하는 데 사용되는 프로그램으로, 일반적으로 [if]와 함께 사용됩니다. .. 그럼. ..], 조건이 루프에서 충족되면 루프 구조가 [루프를 종료]합니다."
306074,아래 그림과 같이 트리거의 모니터링 상태가 켜져 있는지 제어합니다. 트리거가 꺼졌을 때 여전히 작동 중인 경우 현재 트리거가 즉시 중지되지 않으며 작동이 종료된 후 상태가 꺼집니다.
306075,트리거 실행을 중단할 수 있습니다.
306076,이벤트 이름에 따라 기존 트리거를 호출할 수 있으며 호출 수를 설정할 수 있습니다.
306077,트리거 그룹의 모든 트리거의 모니터링 상태가 켜져 있는지 여부를 제어합니다. 트리거가 꺼졌을 때 트리거가 여전히 실행 중인 경우 현재 트리거가 즉시 중지되지 않으며 작동이 종료된 후 상태가 꺼집니다.
306078,현재 게임 세계의 시간이 특정 범위에 있는지 또는 특정 값과 같은지 확인하는 데 사용되며 타이머를 만들거나 시간을 사용하여 몬스터 생성을 제어할 수 있습니다.
306079,획득한 소품 개체가 특정 유형의 소품인지 확인하는 데 사용됩니다. 플레이어가 사용하는 무기 소품의 종류를 결정하고 다양한 무기에 대한 공격 특수 효과를 설계하는 데 사용할 수 있습니다.
306080,"양쪽의 값을 비교하고 값이 특정 간격에 있는지 또는 특정 값과 같은지 확인하고 값, 변수 및 개체를 비교하는 데 사용됩니다."
306081,"현재 게임 세계의 날씨 상태가 특정 날씨인지 판단하는 데 사용되며, 날씨 상태에 따라 다른 스카이 박스와 협력하여 분위기를 조성할 수 있습니다."
306082,"획득한 정사각형 개체가 특정 유형의 소품인지 확인하는 데 사용됩니다. 식용 미니어처, 자판기 등을 만드는 데 자주 사용됩니다."
306083,현재 게임 세계의 플레이어 수가 특정 범위에 있는지 또는 특정 값과 같은지 확인하는 데 사용됩니다.
306084,"생물학적 물체는 다양한 방법으로 얻을 수 있으며, 얻은 생물학적 물체가 특정 유형의 생물인지 판단됩니다. 다른 생물을 물리치는 것에 따라 다른 점수를 얻을 수 있거나 다른 생물이 다른 높은 공격력을 설정할 수 있습니다."
306085,현재 게임 세계의 중력 배수가 특정 범위에 있는지 또는 특정 값과 같은지 확인하는 데 사용됩니다.
306086,이벤트를 트리거한 플레이어가 들고 있는 소품의 종류와 특정 유형의 소품인지 확인합니다. 특정 소품을 들고 있어야 하는 기능을 만들어 지정된 영역에 들어가 레벨을 클리어할 수 있다.
306087,이벤트에서 플레이어를 가져와 플레이어 개체인지 확인합니다. 플레이어가 여러 명일 때 작업을 완료할 플레이어를 지정하는 데 사용할 수 있습니다.
306088,"플레이어의 건강 지점, 신체 값, 수준, 속도, 공격력 및 기타 수치 속성을 특정 범위에 있는지 또는 특정 값과 같은지 판단하는 데 사용됩니다."
306089,"게임에서 플레이어의 바로 가기 바, 백팩 및 장비 바에 지정된 항목이 있는지 확인합니다. 플레이어가 스캐빈저 사냥 게임에서 작업을 완료했는지 여부를 확인하는 데 사용할 수 있습니다."
306090,이벤트에서 애니메이션 표현식을 결정하고 애니메이션 표현식에 속하는지 여부를 결정합니다.
306091,양쪽의 부울 값 사이의 관계를 결정합니다.
306092,플레이어 개체의 상태 효과가 특정 상태인지 확인합니다.
306093,게임에서 암호 해독 게임을 만드는 데 사용할 수 있는 양쪽의 문자열이 동일한지 확인합니다.
306094,"모델 크기, 점프 능력, 방어력, 공격력 및 기타 생물의 속성 값이 특정 범위에 있는지 판단하는 데 사용됩니다."
306095,플레이어의 바로 가기 표시줄 또는 백팩에서 지정된 항목 수가 특정 범위에 있는지 또는 장비 합성 기능을 만드는 데 사용할 수 있는 특정 값과 같은지 확인합니다.
306096,이벤트에서 상태 효과를 얻고 특정 상태에 속하는지 확인합니다.
306097,"특정 간격에 있든 특정 값과 같든 3D 좌표 X, Y 또는 Z의 값을 비교하는 데 사용됩니다."
306098,이벤트의 구성 요소 개체가 인터페이스의 구성 요소인지 여부를 결정합니다.
306099,플레이어의 팀이 특정 파벌인지 여부를 판단하기 위해 부상 없이 팀원을 만드는 데 사용할 수 있습니다.
306100,방에 없는 플레이어의 모습을 얻을 수 있습니다.
307000,물리학
307001,모델
307002,변신
307003,이동
307004,모바일 테스트
307005,모션디바이스
307006,구성 요소
307007,데모
307008,마이 데모
307009,스핀
307010,말하기
307011,팁
307012,길이 @ 1의 문자를 입력하십시오.
307013,바인딩 성공
307014,바인드 취소
307015,채우기
307016,삭제
307017,교체
307018,상자 선택
307019,당김 프레임
307020,선
307021,모양
307022,스트레칭
307023,둥근
307024,라운드(비어 있음)
307025,정사각형
307026,정사각형(비어 있음)
307027,실린더
307028,실린더(비어 있음)
307029,계단(X)
307030,계단(Y)
307031,계단(Z)
307032,색상
307033,기하학
307034,곡선
307035,직선
307036,채우기
307037,교체
307038,복사
307039,이동
307040,삭제
307041,애니메이션 재생
307042,방송 수신 시 시작
307043,방송 수신 시 종료
307044,특수 효과
307045,따르다
307046,고리
307047,시간 제한
307048,오프셋 설정
307049,오프셋
307050,엑스
307051,와이
307052,지
307053,회전
307054,엑스
307055,와이
307056,지
307057,줌
307058,엑스
307059,와이
307060,지
307061,특수 효과
307062,특수 효과
307063,고리
307064,세계
307065,부분
307066,무료
307067,15도
307068,90도
307069,균등 비율
307070,XY축
307071,XZ축
307072,YZ축
307073,붙이다
307074,그리드 라인
307075,맞추다
307076,다중 선택이 비활성화되었습니다.
307999,
319999,
320000,비웃다
320001,경주
320002,체육
320003,RPG
321000,최신 게임 버전을 유지하고 검토되지 않은 텍스트는 지원하지 않습니다.
321001,*
500001,지역사회복지
500002,보상을 받기 위해 질문을 맞춰보세요
500003,기본 활동
500004,기지 복지
500005,커뮤니티 작성자
500006,미션 센터
500007,임무 혜택
500008,라이브 스트리밍의 이점
500009,동영상 혜택
500010,공식 동영상
500011,훌륭한 콘텐츠
500012,라이브 이벤트
500013,멋진 비디오
500014,라이브 방송
500015,스트리머 활동
500016,웨이보 활동
500017,웨이보 체크인
500018,Hua Xiaolou 생방송
500019,공식 라이브 스트림
500020,위챗 활동
500021,위챗 검색
500022,활동 수집
500023,테마 활동
500024,피부 활동
500025,무료 혜택
500026,새로운 탈것이 출시됩니다
500027,새로운 피부 활동
500028,파티 게임 플레이
500029,선택 입구
500030,새 버전 활동
500031,지도 활동
500032,인포메이션 익스프레스(Information
500033,업데이트 혜택
500034,신규 이민자 전용
500035,주변 장치의 이점
500036,경계가 새로워졌습니다
500037,부대활동
500038,주변기기 전달
500039,주변기기 할인
500040,새로운 소설
500041,소설 특전
500042,책
500043,예약 혜택
500044,이 책은 새롭다
500045,라디오
500046,애니메이션 업데이트
500047,애니메이션 정보
500048,만화 업데이트
500049,캐릭터 프로필
500050,프로그래밍 활동
500051,Fan Xiao 멋진 배달
500052,프로그래밍 수업
500053,프로그래밍
500054,모에 새로운 혜택
500055,설문지
500056,미니 베이스
500057,시스템 알림
500058,영화가 생중계됩니다
500059,영화의 공식 웹 사이트
500060,영화 정보
500061,회의
500062,영화 개봉
500063,영화 혜택
500064,특별 티켓 구매
500065,영화 지도
500066,영화 티켓 구매
500067,영화 스토리
500068,영화 팬덤
500069,무료 영화 티켓
500070,영화 추첨 보기
500071,영화 감상 혜택
500072,영화 행사
500073,일어나서 공격하라
500074,티켓 구매
500075,영화 예매
500076,영화
500077,흥분
500078,대각성 영화
500079,영화 살짝 엿보기
500080,클라우드 서버 디버깅
500081,클라우드 서비스 맵으로As a cloud service map
500082,맵을 클라우드 서버로 활성화한 후에는 인터넷으로 대체할 수 없습니다
500083,"""클라우드 서비스 맵으로""를 활성화 한 후에는 끌 수 없으므로 신중하게 고려하십시오!   사용하도록 설정한 후에는 디버깅에 클라우드 서비스를 사용할 수 있습니다"
500084,"모든 신규 플레이어 여러분, 함께 모험을 떠나자!"
500085,이 큰 신의 수술은 매우 멋지다.
500086,스킨 쇼의 신이 함께 놀자고 초대합니다!
500087,이 맵은 매우 재미있습니다.
500088,쓰레기
500089,함께 놀아요
500090,저속한 음란물
500091,부적절한 사회화
500092,테러 및 폭력 연루
500093,피 묻은 공포
500094,다른
500095,개인 아바타 / 스타 드레스 업 모델
500096,개인 닉네임
500097,개인적인 기분
500098,커스텀 드레스업 이름
500099,내부 고발 모듈을 선택하십시오 (단일 선택)
500100,최근에 여러 번 보고된 경우 @1에 대한 게시 기능을 비활성화합니다.
500101,최근에 여러 번 신고되어 사후 조치 기능이 영구적으로 비활성화되었습니다
500102,최근에 여러 번 보고된 경우 사용자 지정 드레스 이름을 @1로 변경하는 기능을 비활성화합니다.
500103,최근 맞춤 드레스 이름을 변경할 수 있는 기능을 영구적으로 비활성화하는 것으로 여러 번 보고되었습니다
500104,다시 오신 것을 환영하고 함께 놀 놀이 친구를 추가하세요!
500200,백업이 한도에 도달했습니다.
500201,백업 실패
500202,쿼리 백업 실패
500203,이름 바꾸기에 실패했습니다. 나중에 다시 시도하세요.
500204,백업이 존재하지 않습니다.
500205,백업을 삭제하지 못했습니다.
500206,백업 재설정 실패
500207,백업 복원 실패
500208,마지막 백업 작업이 진행 중이며 반복적으로 백업할 수 없습니다.
500209,작업이 실패했습니다.
500210,
500211,
500212,
500213,
500214,
500215,
500216,
500217,
500218,현재 네트워크 오류 항목이 실패했습니다. 다시 시도하십시오.
500219,지도 위반을 입력할 수 없습니다.
500220,
500301,TA를 쫓아내기 위한 투표 시작
500302,최소 3명의 룸 구성원만 투표를 시작할 수 있습니다.
500303,방에서 킥오프 투표가 진행 중이니 나중에 다시 시도하세요.
500304,이번 주 대규모 회원 투표가 소진되어 투표를 시작하는 것이 일시적으로 불가능합니다
500305,폴링 작업이 너무 빈번합니다. 나중에 다시 시도하세요.
500306,이번 주 남은 발사 횟수: [color=#0AAA1A] @1次
500307,[color=#D13B3B]@1[/color]님이 다음 사용자에 대한 킥오프 투표를 시작했는데 동의하십니까?
500308,남은 시간: @1秒
500309,안타깝게도 다른 친구들에 의해 현재 방에서 투표를 받았습니다. [color=#CCE945] @1秒 [/color] 후에 자동으로 종료됩니다.
500310,[color=#FA7A0F]@1[/color]는 [color=#CCE945] @2秒[/color] 이후에 방에서 나가야 합니다.
500311,이 기능은 현재 Mini Plus 사용자만 사용할 수 있습니다.
500401,지금 플레이 중
500402,친구 @1도 방에 있으니 가서 인사하세요!
500500,최근에 여러 번 신고된 경우 파티 이름을 @1로 변경하지 않도록 설정합니다.
500501,최근 파티 이름 변경을 영구적으로 비활성화하는 것으로 여러 번 보고되었습니다
600000,인증 실패 #cFF0000 인증서가 인증 제한 #n에 도달했습니다. 오늘날에는 #cFF0000@1 #n 인증 기회만 있으며 인증을 완료하기 전에 청소년 중독 방지 시스템에 포함됩니다.
600001,"인증 실패, #cFF0000 ID 정보가 올바르지 않습니다.#n, 실명 정보를 입력해 주세요. 오늘날에는 #cFF0000@1 #n 인증 기회만 있으며 인증을 완료하기 전에 청소년 중독 방지 시스템에 포함됩니다."
600010,식물은 [color=#0aba1d] 충만[/color] 상태입니다.
600011,식물은 [color=#ffda0a] 물 부족 [/color] 상태에 있습니다.
600012,플랜트가 [color=#ff3d2b]의 고갈된 [/color] 상태입니다.
600013,<a href='@1'>[color=#E0F61E]@2[/color]</a>
600014,현재 진행 상황: [color=#52c8ff]@1[/color]/[color=#f7e3a6]@2[/color]
600015,급수 횟수는 오늘 최대치에 도달했습니다
600016,오늘 최대 디웜 수에 도달했습니다
600020,[색상 = #5aea0a] @ 1 [/ 색상] 제공
600021,[color=#5aea0a]@1[/color]에서
600022,[color=#5aea0a]@1[/color]에서 [color=#5aea0a]@2[/color]
600023,@1#c5aea0a에서 #n@2#c5aea0a@3X@4#n
600024,선물 효과 (#n #c0aaa1a)
600025,선물 효과 (#cef2d2d off #n)
600030,다른 모험가들이 이 지도를 가지고 놀고 있으니 하나를 선택하여 사용해 보세요!
600031,온라인에서 다른 모험가들과 친구가 될 수 있는 재미있는 지도가 많이 있습니다!
600040,등록 일수는 3개월 이상이어야 합니다.
600041,신용 점수 90점이 필요합니다
600042,"1. 신용 점수가 90점 이상이고 등록 기간이 3개월 이상인 플레이어는 마스터 트라이얼에 참가할 수 있으며, 트라이얼이 성공하면 마스터가 되어 견습생을 받아들일 수 있는 자격을 갖게 됩니다. 견습생을 수락한 후 견습생과 함께 일일 임무를 완료하면 해당 포인트와 보상을 얻을 수 있습니다. 2. 마스터의 레벨이 올라감에 따라 견습생의 수도 늘어나고 최대 3 명의 견습생을 수용 할 수 있습니다. 3. 견습생이 주인을 성공적으로 숭배 한 후에, 그는 주인과 주인 - 견습생 관계를 형성 할 것이고, 함께 일을함으로써 상응하는 보상을받을 수 있습니다."
600043,"1. 마스터-견습생 과제를 완료하고 해당 포인트에 도달한 견습생은 칭호와 미니빈 보상을 받을 수 있습니다. 2. 마스터 및 견습생 과제를 완료하고 해당 포인트에 도달한 마스터는 칭호, 메달, 미니빈, 맞춤형 드레스업, 스프레이 페인트 보상을 받을 수 있습니다."
600044,오늘 [color=#FFDB35]@1[/color] 평가판이 남아 있습니다
600045,마스터 포인트: @1
600046,견습생: @1/@2
600047,실습생 데이터를 반환하지 못했습니다.
600048,1. 각 사람은 하루에 마스터가 될 수있는 5 번의 기회가 있습니다. 2. 여기서 트라이얼이 종료되면 24시간 이내에 마스터 트라이얼에 참여할 수 없습니다.
600049,@ 1 견습생을 청구 할 수 있습니다.
600050,클래스 I
600051,클래스 II
600052,학년 III
600053,클래스 IV
600054,클래스 V
600055,학년 VI
600056,등급 VII
600057,클래스 VIII
600058,클래스 IX
600059,클래스 X
600060,필요한 포인트: @1分
600061,@1-@2分
600062,최대 견습생 수: @1
600063,업그레이드 후 발급됨
600070,주니어 마스터
600071,중급 마스터
600072,시니어 마스터
600073,탑 마스터
600074,주
600080,주니어 견습생
600081,중급 견습
600082,고급 견습
600083,최고의 견습생
600090,관계 구축: @1天
600091,견습생 레벨: @1
600092,마스터 레벨: @1
600093,마스터 포인트: @1
600094,예배를 위한 팁
600095,이미 선생님을 성공적으로 졸업 한 경우 선생님을 다시 방문하면 포인트가 적립되지 않습니다
600096,이를 청구하려면 최소 한 명의 견습생이 필요합니다
600097,방문이 성공한 후에만 청구할 수 있습니다
600098,하루의 횟수가 소진되었습니다.
600099,멘토링 시스템
600100,알았어요
600101,임상시험 결과
600102,오늘 @1 기회가 남은 챌린지 실패
600103,재시도
600104,예배 종료
600105,방문이 종료되면 이전 신청은 무효가 됩니다
600106,확인하다
600107,관계의 해소
600108,[color=#2E89B7]@1[/color]와의 멘토링 관계 해소를 확인합니까?
600109,24시간 이내에는 예배가 불가능합니다.
600110,24시간 이내에 마스터 교사가 될 수 없습니다
600111,선생
600112,"선생님을 떠날지 여부를 선택하십시오, 그렇지 않으면 포인트가 적립되지 않습니다. 교사가되면 다른 사람을 교사로 숭배하거나 유명한 교사가 될 수 있습니다"
600113,당분간 부서에서 벗어나지 않습니다
600114,졸업 도전
600115,안타깝게도 도전은 실패했습니다
600116,다시 도전하세요
600117,"축하합니다, 도전은 성공적이었습니다"
600118,디비전에서 나가기
600126,방문자 요청을 처리할 때 요청이 존재하지 않습니다.
600127,방문자의 요청을 처리하는 동안 요청 시간이 초과되었습니다.
600128,"내가 마스터 선생님이되었을 때, 나는 처벌 CD에 있었다"
600129,마스터 챌린지의 최대 참가 횟수에 도달했습니다.
600130,유명한 선생님이 될 때 학점이 충분하지 않습니다.
600131,유명한 교사가 될 때 등록 할 시간이 부족합니다.
600132,견습생: 교사가 되기 위한 도전을 완료하지 못함
600133,ID 변칙
600134,작동하려면 자유 상태가 필요합니다.
600135,학생이 존재하지 않습니다.
600136,상대방은 교사 요청을 처리 할 때 공부 상태가 아닙니다
600137,보상이 청구되었습니다.
600138,관계를 해소하기에는 함께 시간이 너무 적습니다.
600139,ID 상태가 변경되면 데이터를 다시 가져옵니다.
600140,포인트를 획득할 수 없습니다.
600141,성적이 교사 시험에 응시하기에 충분하지 않습니다.
600142,이 주인의 견습생 수가 상한선에 도달했습니다
600143,오늘 교사 요청 건수가 한도에 도달했습니다
600144,"관계 처벌이 일방적으로 종료되는 경우, 견습생은 당분간 받아 들일 수 없습니다"
600145,징벌 행사에서는 학교에 갈 수 없습니다
600146,안티 플러그인: 레벨을 클리어할 때 토큰이 올바르지 않습니다.
600150,내 포인트: @1分
600151,업그레이드
600152,"플레이어를 찾을 수 없습니다, 미니 번호가 올바른지 확인하십시오"
600153,플레이어는 마스터 교사 시험을 통과하지 못했으며 교사를 숭배할 수 없습니다.
600154,현재 사용자는 견습생으로 받아들여질 수 없습니다
600155,IP:@1
600156,예배 신청서가 보내졌고 상대방이 통과 한 후 마스터와 견습생이 될 수 있습니다.
600157,평가판을 종료하시겠습니까?
600160,이벤트 날짜: @1 - @2
800501,모두를 위한 창조 축제
800502,지금 바로 만드세요!
800503,개최 기간: 07/13-08/31
800504,모두를 위한 레이스 트랙
800505,크리에이티브 트랙
800506,대회에 출품작 제출
800507,온라인 로비로 이동하여 더 많은 작품을 경험하세요
800508,온 백성이 그것을 나눕니다
800509,Imperial Prize Pool(제국 상금 풀)
800510,백만 개의 미니 코인
800511,주변기기 수상 내역
800512,7개 부문
800513,"10,000위안 보너스"
800514,플로우 지원
800515,명예 트로피
800516,온라인 로비로 이동하여 더 많은 작품을 경험하세요
800517,수상작 대상
800518,2022 내셔널 크리에이션 페스티벌 크리에이티브 트랙 우승자가 나왔으니 우승한 친구들을 축하합니다! 아래 버튼을 클릭하시면 불멸의 싸움을 보실 수 있습니다~
800519,수상작을 확인하세요
800520,시상식은 생중계되었습니다
800521,내셔널 트랙이 제출 가능합니다.
800522,크리에이티브 트랙 제출 가능
800523,크리에이티브 트랙 제출 마감일
800524,"크리에이티브 트랙의 결과가 발표되었고, 전국 트랙의 제출 마감일이 발표되었습니다"
800525,크리에이티브 트랙 시상식
800526,전국 육상 발표
800527,작업 만들기
800528,교환 상점
800529,창작 과제를 완료하고 창의성 교환의 풍성한 선물을 받으세요! (07/13—08/24)
800530,생성 섹션은 작업을 생성합니다.
800531,활동 규칙
800532,"""모두의 참여""를 목표로 미니 월드는 대다수의 사용자를 위한 연례 창의적이고 문화적인 축제입니다. 젊은이들이 자신의 꿈을 실현하고 자신을 표현할 수 있는 창의적인 플랫폼을 제공하는 것을 목표로 하는 이 활동의 내용은 다음과 같습니다.1. 게임 내 이벤트 페이지에서 올해 National Creation Festival의 다양한 시간 노드와 현재 진행 상황에 대해 알아볼 수 있습니다. 또한 창의적인 작업을 완료하여 창의력을 발휘하고 상점에서 풍부한 게임 소품을 교환할 수 있으며 이벤트 작업은 매일 24시에 새로 고쳐지며 마감일은 8월 24일 24:00이므로 제 시간에 보상을 받으십시오. 2. 올해의 National Creation Festival은 두 개의 트랙으로 나뉩니다. ""크리에이티브 트랙""에는 게임 플레이, 건축, 회로, 모델, 페인팅, 비디오 및 문학의 7 가지 경쟁 영역이 포함되며 공식 심사 위원은 작품의 품질에 따라 최종 우승 제작자를 선정하며 1 인당 최대 상금 30,000 위안, 총 70 만 위안 이상, 명예 트로피 및 시상식, 다음 크리에이티브 스타는 당신입니다. 3. ""내셔널 트랙""은 지도 작품 제출로 제한되며, 작품이 조건을 충족하는 한 다른 제작자와 다양한 단계에서 500만 개의 미니 코인 상금 풀을 공유할 수 있을 뿐만 아니라 독점 인기 보너스, 이벤트 기간 동안 매일 새로 고쳐지는 유럽 황제 상금 풀, 매일 발송되는 주변 블라인드 박스와 일련의 책이 있습니다. 4. 동일한 플레이어 또는 동일한 맵 작업이 동시에 두 개의 트랙에 참여할 수 있으며, 트랙의 특정 입장 규칙 및 유효한 작업에 대해서는 해당 페이지의 트랙 규칙을 참조하십시오."
800533,획득을 축하합니다
800534,창조성
800535,받다
800536,끝으로 이동
800537,리워드 받기
800538,주장
800539,구속
800540,섹션 아바타 프레임 만들기
800541,만료 된 경우 ~ 다시 클릭하십시오.
800542,"창의력이 부족합니다, 얻기 위해 활동 작업을 완료하십시오"
800543,단일 작업
800544,일간지
800545,"당신은 이미지도에 있고이 페이지로 이동할 수 없습니다,지도를 종료하고 가십시오!"
1000001,번역 유형을 선택하십시오.
1000002,"편지, 칠판"
1000003,플러그인
1000004,"지도 이름, 설명"
1000005,지도 실행 소개
1000006,팀 이름
1000007,트리거 텍스트
1000008,번역 성공:
1000009,번역 실패:
1000010,게임 다운로드 중...
1000011,게임 로딩 중...
1000012,게임에 들어가기...
1000013,현재 WI-FI가 아닌 상태에서 게임에 들어가는(다운로드) 경우 @1MB의 데이터를 소비할 것으로 예상됩니다.
1000014,공지 사항이 로드되고 있으니 나중에 부탁드립니다...
1000015,게임이 초기화 중입니다.
1000016,자동으로 보기 조정
1000017,함께 놀아요
1000018,같은 지도
1000019,@1名鉴赏家推荐
1000020,@1人在玩
1000021,잇다
1000022,"알림을 켜지 않았다면 친구 채팅, 친구 초대, 우수한 지도 푸시 및 이벤트 혜택 메시지를 놓쳤을 수 있습니다"
1000023,지금 켜기
1000024,푸시를 켜고 친구들이 보낸 중요한 메시지를 놓치지 마세요!
1000025,무시하다
1000026,열기로 이동
1000027,메시지 알림
1000028,"(전원을 켠 후 메시지 알림을받지 못하면 장치의 ""설정""에서 구성 할 수 있습니다)"
1000029,객실 초대
1000030,친구 메시지
1000031,메시지 매핑
1000032,개인 메시지
1000033,아래로 당겨 새로 고침
1000034,위로 당겨 새로 고침
1000035,릴리스 새로 고침
1000036,손을 떼면 더 많은 것을 볼 수 있습니다.
1000037,잠자리에 들 준비를 하세요~
1000038,수면은 밤을 건너 뛰고 힘을 보충 할 수 있습니다
1000039,사람들은 잠을 잘 준비가 되어 있습니다
1000040,인터페이스 스타일
1000041,클래식 스타일
1000042,크레아타 스타일
1000043,설정을 적용하려면 게임을 다시 시작하고 확인을 클릭하여 다시 시작합니다
1000044,이 설정은 다음에 게임을 다시 시작할 때 적용됩니다
1000045,클라이언트 버전이 너무 낮아 룸에 참여할 수 없는데 최신 버전으로 이동하시겠습니까?
1000046,UI 모드 없음
1000047,화면 상단을 눌러 설정 버튼을 불러오고 UI 프리 모드를 종료합니다.
1000048,확인하다
1000049,프롬프트가 더 이상 표시되지 않습니다
1000050,특성을 얻을 수 있습니다.
1000051,"죄송합니다, 통화에 실패했습니다"
1000052,로그인 취소
1000053,"축하합니다, 미니 넘버가 성공적으로 생성되었습니다"
1000054,전달
1000055,페이스북 로그인
1000056,Google 로그인
1000057,Apple ID로 로그인하기
1000058,계정 바인딩
1000059,계정을 연결하면 어떤 이점이 있습니까? 1. 미니를 잊어버렸을 때 미니를 회수하는 데 사용할 수 있습니다. 2. 비밀번호를 잊어버린 경우 바인딩된 이메일 주소를 확인하여 비밀번호를 재설정할 수 있습니다. 3. 바인딩된 타사 계정을 통해 직접 게임에 로그인할 수 있어 매우 편리합니다.
1000060,바인드 보상
1000061,계정을 성공적으로 바인딩하면 큰 보상을 받을 수 있습니다
1000062,죄송하지만 계정이 이미 다른 미니에 연결되어 있습니다.
1000063,방문자
1000064,또는
1000065,그 외의 미니 사이즈
1000066,로그인 방법을 선택합니다
1000067,로그인하는 다른 방법
1000068,계정 로그인
1000069,전화번호로 로그인하세요
1000070,계정이 없으신가요?
1000071,이메일 로그인
1000072,이메일 주소를 입력해 주세요
1000073,인증 코드를 입력합니다
1000074,로그인 전화번호를 입력해 주세요
1000075,동의하다
1000076,계좌번호/이메일/UIN을 입력합니다.
1000077,로그인
1000078,암호
1000079,보안 Q&A
1000080,mini/email을 입력해 주세요.
1000081,비밀번호를 입력해 주세요
1000082,계정 암호 검색
1000083,이메일 복구
1000084,전화 복구
1000085,바인딩한 정보로 암호를 재설정하고 있습니다.
1000086,새로운 미니에 가입하세요
1000087,비밀번호 설정
1000088,보안 Q&A 설정
1000089,제출 완료
1000090,"8~12자, 숫자와 문자 모두"
1000091,비밀번호 확인
1000092,위의 비밀번호를 다시 입력해 주세요
1000093,사용자 이름
1000094,실명을 사용하지 마십시오
1000095,질문 1:
1000096,답변 됨 1 :
1000097,질문 2:
1000098,답변 됨 2 :
1000099,"친애하는 모험가 여러분,"
1000100,"친애하는 모험가 여러분, Mini [color=#00cc33]%s[/color]가 성공적으로 등록되었습니다#00cc33."
1000101,저장하지 않음
1000102,휴대폰 앨범에 저장
1000103,게임에 입장
1000104,죄송하지만 비밀번호는 숫자와 문자만 사용할 수 있습니다
1000105,"죄송 합니다, 비밀번호 보조 확인 오류, 다시 시도 하십시오"
1000106,"죄송합니다, 비밀번호 또는 미니/이메일이 잘못되었습니다."
1000107,"죄송합니다, 질문 또는 미니/이메일에 대한 답변이 잘못되었습니다."
1000108,시간이 초과되었습니다. 다시 등록하십시오.
1000109,죄송하지만 하루에 최대 3개의 미니 번호만 등록할 수 있습니다
1000110,죄송하지만 미니넘버는 최대 10개까지만 등록할 수 있습니다.
1000111,"죄송 합니다, 사용자 이름을 사용할 수 없습니다"
1000112,미니 로그인
1000113,(미니 넘버와 비밀번호를 기억해 주세요)
1000114,위챗 바인딩
1000115,(SMS 인증)
1000116,비밀번호 문제
1000117,사용자 계약 및 개인 정보 보호 정책 고지
1000118,"사용자 계약 및 개인 정보 보호 정책을 주의 깊게 읽고 이 제품을 사용하기 전에 클릭하여 동의하고, 클릭하여 동의하면 약관의 내용을 이해하고 동의했음을 의미하며 이는 법적 구속력이 있습니다."
1000119,전체 계약서를 읽으려면 클릭하십시오.
1000120,게임 라이선스 및 서비스 계약
1000121,《개인 정보 보호 정책》
1000122,네트워크를 확인하고 다시 로그인하십시오.
1000123,코드를 스캔하여 다운로드
1000124,인증 코드 보내기
1000125,휴대 전화를 바인딩하는 것은 암호를 검색하고 계정의 보안을 보장하는 중요한 방법이므로 보안 위험을 제거하기 위해 휴대 전화 번호를 신중하게 입력하십시오.
1000126,휴대폰 번호를 입력합니다
1000127,휴대폰 번호 바인딩
1000128,전화번호 바인딩 해제
1000129,"""QQ 채널""에 휴대폰 번호가 등록되어 있으니 ""QQ 채널""에서 미니 월드를 다시 다운로드 받고 로그인하세요."
1000130,좋다
1000131,연령에 적합한 팁
1000132,"1. Mini World는 12세 이상의 사용자를 위한 무료 3D 샌드박스 게임이며, 미성년자는 부모의 감독하에 이 게임을 사용하는 것이 좋습니다. 2. 이 게임은 오버헤드 스토리 배경과 판타지 세계관을 기반으로 하며, 줄거리가 단순하고 긍정적이며, 실제 역사와 실제 사건을 기반으로 한 각색 콘텐츠가 없습니다. 창의적인 테마를 통해 플레이어는 새로운 세계를 탐험하거나 만들거나 정교하고 웅장한 건물을 지을 수 있으며, 게임은 플레이어가 자신을 개선하고 도전하도록 장려하는 게임 플레이와 경쟁을 특징으로 합니다. 이 게임에는 텍스트와 음성을 기반으로 하는 낯선 사회 시스템이 있습니다. 3. 본 게임에는 사용자를 위한 실명인증 시스템이 있으며, 미성년자로 인증된 사용자는 다음과 같은 제한 사항이 적용됩니다. 8세 미만 사용자는 충전할 수 없습니다. 8세 이상 16세 미만의 사용자는 충전당 50위안을 초과할 수 없으며 누적 월 충전 금액은 200위안을 초과할 수 없습니다. 16세 이상의 미성년자 사용자의 경우 1회 충전 금액은 100위안을 초과할 수 없으며 누적 월 충전 금액은 400위안을 초과할 수 없습니다. 4. 미성년자는 금요일, 토요일, 일요일, 공휴일 20:00부터 21:00까지만 플레이할 수 있습니다."
1000133,미니를 전환하려면 다음 사항에 유의하십시오. 1. 손실을 방지하기 위해 중요한 아카이브를 먼저 업로드하십시오. 2. 게임 플레이 중 비밀번호 오류가 발생하면 로그인을 전환하여 해결할 수 있습니다.
1000134,전화가 성공적으로 바인딩되었습니다.
1000135,계정 보안 경고
1000136,계정 보안 업그레이드
1000137,등등
1000138,중복 바인딩
1000139,경고: 원래 Mini 전화의 바인딩을 해제하면 로그인하여 원래 Mini 계정의 비밀번호를 검색할 수 없습니다
1000140,원래 미니의 바인딩을 해제합니다.
1000141,"친애하는 모험가: 휴대폰 번호를 성공적으로 바인딩했습니다! 그 후 이 휴대폰 번호를 직접 사용하여 미니 월드에 로그인할 수 있으며, 휴대폰 번호를 변경하려면 설정 - 계정 관리에서 수정할 수 있습니다."
1000142,숫자 암호 설정
1000143,리터럴 암호 설정
1000144,질문에 대한 답변
1000145,계정 업그레이드
1000146,QQ 바인딩
1000147,"친애하는 모험가님,"
1000148,"친애하는 모험가님, Mini [color=#00cc33]%s[/color]가 성공적으로 등록되었습니다, mini와 비밀번호 [color=#00cc33]%s[/color]를 기억하고 종이에 적어 두거나 파일을 컴퓨터 바탕 화면에 저장할 수 있습니다."
1000149,
1000150,
1000151,지금 플레이하기
1000152,더보기
1000153,상태 설명
1000154,업로드할 지도가 없습니다.
1000155,아직 지도를 업로드하지 않았습니다.
1000156,네트워크 오류
1000157,재시도를 클릭합니다
1000158,다시
1000159,삭제하다
1000160,현재 아무도 노래를 주문하고 있지 않습니다.
1000161,노래 좀 부르자
1000162,"플레이어, 방, 지도를 입력합니다."
1000163,초보자용
1000164,남은 @ 1일
1000165,초보자 전용 임무
1000166,카운트다운 @1일 @ 2시간 @ 3분
1000167,매일 작업을 새로 고치고 서둘러 작업을 수행하십시오!
1000168,받다
1000169,미션으로 이동
1000170,주장
1000171,착용하러 가기
1000172,@1 작업 완료(@2/@3)
1000173,영구적인 맞춤형 부품 받기(세 가지 중 하나 선택)
1000174,무료 스킨
1000175,@1天
1000176,퀘스트를 수행하여 영구 스킨을 획득하면 다음 날 바로 얻을 수 있습니다
1000177,활동 제한
1000178,영구
1000179,세 가지 중 하나를 선택하여 청구합니다.
1000180,현재 진행 상황
1000181,매일 새로고침하고 제 시간에 보상을 받으세요!
1000182,피부를 놓치지 마세요!
1000183,현재 @1 온라인 룸이 있습니다.
1000184,이 맵은 많은 사람들이 플레이하고 있으니 들어오셔서 살펴보세요!
1000185,친구들은 과일을 수확하기 위해 집에 간다고 외칩니다!
1000186,죄송하지만 타사 계정이 다른 미니에 연결되었습니다.
1000187,그룹 홀
1000201,금주의 상금 풀
1000202,"이벤트 시간 : 매주 금요일, 토요일, 일요일 20:00-21:00"
1000203,최우수상
1000204,상
1000205,세번째
1000206,[color=#FFFF00] 스킨 조각[/color]을 켜도록 달력을 설정합니다.
1000207,이번 주에 주장
1000208,활동 규칙
1000209,창고에 입금
1000210,획득을 축하합니다
1000211,지금 공유하기
1000212,(모든 보상을 놓치지 않도록 캘린더 알림을 켜십시오)
1000213,너무 자주 클릭하면 나중에 다시 시도하세요.
1000214,캘린더 액세스를 활성화하려면 휴대폰을 사용해야 합니다
1000215,아직 행사 시간이 아닙니다
1000216,활동 시간 중에는 그렇지 않습니다.
1000217,무승부 없음
1000218,"1. 추첨 시간 : 매주 금요일, 토요일, 일요일 저녁 20 : 00-21 : 00; 2. 참가 조건 : 모든 사용자가 참여할 수 있으며, 1주일에 최대 3개의 경품을 추첨할 수 있으며, 캘린더 리마인더를 성공적으로 설정하면 매주 1개의 추가 구독 패키지를 받을 수도 있습니다.\n;3. 상금 풀: 매주 3개의 상품이 무작위로 선택되어 1등, 2등, 3등으로 나뉩니다. 상금 풀은 매주 새로 고쳐집니다.\n;4. 행운권 추첨 기회: 금요일, 토요일, 일요일에 로그인하여 행운권 추첨 기회 1회와 주당 최대 3회의 기회를 얻으십시오. 추첨은 이번 주에 사용해야 하며, 추첨은 다음 주에 재설정됩니다.\n;5. 참여 방법: [지금 추첨] 버튼을 클릭하여 보상을 추첨하고, 추첨된 상품은 상금 풀에 다시 넣지 않으며, 해당 주의 모든 상품은 3일 연속으로 가져갈 수 있습니다.\\n;6. 당첨 확률: \\n; ?1등 - 20%\\n; ?2등 - 35%\\n; ?3등 - 45%\\n;7. 선물 구독: 매주 캘린더 알림을 설정하여 구독 선물 1개를 열면 개봉 후 오리지널 선물 팩, [컬러 트래블러 다키] 스킨 조각, [게임걸 벨톤] 스킨 조각, [작은 물개] 마운트 조각, 행운의 고양이 아바타 프레임 중 하나를 무작위로 받게 되며, 5가지 경품 당첨 확률은 20%이며, 조건을 충족한 후 오른쪽의 선물 상자를 클릭하여 받습니다. \\n;\\n;[캘린더 알림 설정]\\n;1. ""캘린더 알림 설정""을 선택합니다. 승인에 성공하면 시스템 달력에 이벤트 이벤트를 기록하고 매주 추가 구독 선물을 받을 수 있습니다.\n;2. ""캘린더 알림 설정""을 선택한 경우, 구독 패키지를 받을 때 다음 2주 동안의 이벤트 이벤트가 시스템 달력에 기록됩니다.\n; 3. ""캘린더 알림 설정""을 선택 취소해도 녹화된 이벤트는 삭제되지 않으며, 플레이어는 캘린더로 이동하여 직접 삭제할 수 있습니다."
1000219,주말 기간 한정 선물을 친구들과 공유하세요~
1000220,"[color=#fa7a0f][이벤트 시간][/color]\n매주 금요일 0시 - 매주 일요일 24시\n \n[color=#fa7a0f][참가 조건][/color]\n모든 Mini World 사용자는 [color=#fa7a0f][주말 기간 한정 선물][/color] 활동(이하 ""본 이벤트""라고 함)에 참여할 수 있습니다.\n \n[color=#fa7a0f][참가 방법][/ color]\n이벤트 기간 동안 ""미니 월드"" 앱에 로그인하면 이벤트 페이지에서 무료로 이벤트에 참여할 수 있습니다.\n \n[color=#fa7a0f][보물 상자 업그레이드] [/color]\n1, 이 이벤트에는 총 3개의 레벨 상자가 있으며, ""알림""(""푸시 알림"" 및 ""캘린더 알림 포함"")을 확인하는 사용자 수가 점진적으로 업그레이드되며, ""알림""을 확인하지 않고 레벨 1 보물 상자만 열 수 있으며, 레벨 2 보물 상자를 열려면 ""알림"" 1개를 선택하고, ""알림"" 2개를 선택합니다. 레벨 3 상자를 열 수 있습니다;\n2. 상자 레벨이 높을수록 보상이 풍부해지며, 각 레벨 상자에는 3개의 다른 게임 소품이 포함되어 있으며, 상자를 열면 무작위로 1을 뽑아 보상으로 받습니다.\n3. 한 명의 사용자는 일주일에 최대 하나의 상자만 열 수 있습니다. \n \n[color=#fa7a0f][상자 상금 및 추첨 확률] [/color]\n1 레벨 상자 = 나무 보물 상자 \n순간이동 두루마리 더미*1 당첨 확률 33.3%\nLockbox*1 당첨 확률 33.3%\n드레스 카드*3 당첨 확률 33.3%\n \n레벨 상자 = 은색 보물 상자\n옷 입히기 체험 패키지*3 당첨 확률 33.3%\n오리지널 맨 팩*1 당첨 확률 33.3%\n작은 바다표범 조각*30  당첨 확률 33.3%\n \n레벨 상자 = 황금 상자\n오리 조각*15 당첨 확률 33.3%\n벨소리 조각*15 당첨 확률 33.3%\nAngelos 조각*15 당첨 확률 33.3%\n \n[color=#fa7a0f][상금 분배 및 사용] [/색상]\n상품 아이템 획득 후 소품은 자동으로 개인 창고로 분배됩니다. [color=#fa7a0f][Personal Center][/color]-[color=#fa7a0f][Warehouse][/color]로 이동하여 보고 사용할 수 있습니다. \n \n[color=#fa7a0f][권한 목적][/color]\n1、캘린더 액세스 권한은 게임 내 혜택 또는 활동을 상기시키는 데 사용됩니다.\n2、알림 권한은 게임 내 혜택 또는 활동을 상기시키는 데 사용됩니다.\n \n[color=#fa7a0f][활동 피드백][/color]\n이 이벤트는 Shenzhen Mini Play Technology Co., Ltd.에서 주최하며, 참여 사용자가 이벤트에 대한 제안이나 의견이 있는 경우, APP [color=#fa7a0f] [Settings] [/color]-[color=#fa7a0f] [제안 피드백] [/color]의 홈 페이지에 소중한 의견을 남겨주세요. \n"
1000221,주말 기간 한정 선물
1000222,알림 권한이 꺼져 있고 알림을 켤 수 없는 경우 켜기로 이동하세요. 권한은 게임 내 특전이나 이벤트를 상기시키는 데 사용됩니다.
1000223,"캘린더 액세스가 꺼져 있고 알림을 켤 수 없는 경우, 켜시겠습니까? 권한은 게임 내 혜택이나 이벤트를 상기시키는 데 사용됩니다."
1000224,"아직 알림이 선택되어 있지 않습니다, 메시지 알림을 확인하여 상자를 업그레이드하세요!"
1000225,푸시 알림을 켜서 상자를 업그레이드하세요! 상자를 업그레이드하지 않고 바로 보상을 받을 수 있는지 확인하시겠습니까?
1000226,계속 픽업
1000227,상자 업그레이드
1000228,달력 알림을 켜서 상자를 업그레이드하세요! 상자를 업그레이드하지 않고 바로 보상을 받을 수 있는지 확인하시겠습니까?
1000229,푸시 리마인더를 켜서 보물상자를 업그레이드하세요~
1000230,달력 알림을 켜서 상자를 다시 업그레이드하세요~
1000231,상자가 최고 레벨에 도달했으니 지금 그려보세요!
1000232,이번 주 상품이 준비되어 있으니 다음 주에 다시 오세요!
1000233,휴대폰 사용자만 리마인더를 확인할 수 있습니다~
1000234,활동 규칙
1000235,경품 수령 시간: 금요일 0:00 - 일요일 24:00
1000236,이 레벨의 보물 상자
1000237,종속 상자
1000238,알림 확인\n상자 업그레이드
1000239,푸시 알림
1000240,일정 미리 알림
1000241,그리기 시간을 놓치지 않도록 메시지 알림 활성화
1000242,추첨 카운트다운
1000243,최고 수준에 도달했습니다.
1000244,> 상태 확인
1000245,이번 주에 수집
1000246,%d일%02d 시간%02d 분
1000247,【작은 오류가 발생했습니다. 다시 시도하거나 고객 서비스에 피드백을 문의하십시오 ~】
1000261,친구
1000262,동적인
1000263,사진 저장
1000264,지도에는 이미 Ultra가 있습니다.
1000265,공유할 플레이어 수
1000266,위챗
1000267,큐큐(QQ)
1000268,공유하고 얻기
1000269,미니 콩
1000270,"미니 콩을 공유하고 얻고, 와서 양모를 뿌린다."
1000271,코드를 스캔하여 미니 월드로 들어가세요
1000272,당신의 취향은 훌륭합니다! 지도는 이미 거기에 있습니다
1000273,다음과 같은 플레이어의 비율
1000274,다운로드
1000275,@1邀你一起去冒险
1000276,고국에 와서 누군가가 당신에게 물을 주었는지 확인하십시오
1000277,"미니 콩을 나눠주고 나눠주고, 와서 양모를 담그세요!"
1000278,슈퍼 @ 1 명이 @ 2 종류의 맵을 플레이했습니다.
1000279,미니 월드를 열고 나만의 지도를 만드세요!
1000280,친구들은 과일을 수확하기 위해 집에 간다고 외칩니다!
1000281,손가락 끝으로 매일 쉽게 미니 콩을 얻을 수 있습니다!
1000282,길게 누르면 QR 코드를 식별하고 함께 미니 월드를 플레이하세요!
1000283,당신의 취향은 훌륭합니다! 지도는 이미 거기에 있습니다
1000284,플레이어 다운로드
1000400,
1000401,기본 가르침
1000402,트리거 티칭
1000403,스크립팅 자습서
1000404,플러그인 라이브러리 교육
1000405,소품 백과사전
1000406,개발자 아카데미
1000500,
1000501,
1000502,다운로더
1000503,다운로드 취소
1000504,시간 초과
1000505,계속  해
1000506,지금 설치
1000507,(Downloading...@1)
1000508,"(다운로드 @ 1, 네트워크 연결 중단, 네트워크를 확인하고 다시 시작하십시오)"
1000509,(다운로드 완료)
1000510,현재 실행할 다운로드 작업이 없습니다
1000511,삭제 작업은 다운로드한 로컬 파일도 삭제합니다.
1000512,확실한가요
1000513,삭제 확인
1000514,다운로드 유지
1000515,다운로더 목록에 미해결 작업이 있는데 완료되기 전에 다운로드를 계속하시겠습니까?
1000516,안
1000517,예
1000518,미니 베이스< 플레이> 새로운 맵을 가장 먼저 플레이하세요
1000519,"(Downloaded@1, 디스크 공간이 부족합니다. 충분한 공간을 확보하고 다시 시도하십시오.)"
1000600,
1000601,아동 개인 정보 보호 정책
1000602,위치 정보에 대한 미니 월드 액세스 허용
1000603,Mini World가 앨범 권한에 액세스하도록 허용
1000604,카메라 권한에 대한 미니 월드 액세스 허용
1000605,Mini World가 주소록 권한에 액세스하도록 허용
1000606,마이크 권한에 대한 미니 월드 액세스 허용
1000607,Mini World가 일정 권한에 액세스하도록 허용
1000608,개인화된 추천
1000609,자세한 사용 규칙 보기
1000610,켜기로 이동
1000611,클릭
1000612,《개인 정보 보호 정책》
1000613,읽으려면
1000614,내 위치에 액세스해야 하는 이유는 무엇입니까?
1000615,앨범 권한을 얻어야 하는 이유는 무엇입니까?
1000616,카메라 허가를 받아야 하는 이유는 무엇입니까?
1000617,주소록 권한을 얻어야 하는 이유는 무엇입니까?
1000618,마이크 허가를 받아야 하는 이유는 무엇입니까?
1000619,내 일정 권한을 얻어야 하는 이유는 무엇입니까?
1000620,사용 권한을 설정하려면 어떻게 해야 합니까? 권한 부여를 중지할 수 있나요?
1000621,내 정보를 안전하게 지키는 방법
1000622,개인정보처리방침 읽기
1000623,"우리는 당신의 위치를 방문하여 당신 주변의 친구들을 더 잘 발견하고, 친구들과 팀을 구성하고, 당신 주변의 재미있는 지도를 발견합니다"
1000624,"앨범에 암호를 더 잘 저장하고, 앨범에서 아바타로 원하는 사진을 선택하고, 게임의 하이라이트를 앨범에 저장하고, 이 응용 프로그램을 공유할 때 공유 사진을 앨범에 더 잘 저장하기 위해 앨범에 액세스합니다"
1000625,"QR 코드를 스캔하여 친구를 추가하고, QR 코드를 스캔하여 팀을 구성하고, 아바타를 업로드하고, 커뮤니티에 사진을 게시하는 기능을 더 잘 사용하기 위해 카메라를 방문합니다"
1000626,휴대폰에서 게임 친구를 더 잘 찾을 수 있도록 연락처에 액세스합니다.
1000627,친구의 목소리를 더 잘 활용하기 위해 마이크에 액세스합니다.
1000628,이벤트에 참여하고 보상을 청구하도록 더 잘 상기시키기 위해 캘린더에 액세스합니다.
1000629,추천 방법은 다음과 같습니다.\n(1) 게임 기록을 기반으로 개인화된 게임 플레이 추천\n보다 편리하고 개인화된 게임 플레이 요구 사항을 제공하기 위해\n(2) 개인화된 지도 추천\n보다 편리하고 개인화된 지도를 제공하기 위해\n(3) 개인화된 추천 활동\n보다 편리하고 개인화된 비즈니스 활동을 제공하기 위해\n(4) 개인화된 추천 서비스 버튼 끄기\ n관련 정보를 기반으로 개인화된 서비스를 추천하지 않으려면 Mini World - 개인 센터 - 설정을 입력하여 이 기능을 끌 수 있습니다.\n또한 위의 기능을 지속적으로 개선하고 최적화하기 위해 개인화된 추천을 사용합니다
1000630,1. 휴대폰 설정을 엽니다.\n2.앱 목록에서 앱 찾기\n3.Enter 키를 눌러 권한 설정을 보거나 수정합니다.
1000631,"당사는 업계 표준 보안 조치를 사용하여 무단 액세스, 공개, 사용, 수정, 손상 또는 손실로부터 귀하의 개인 정보를 보호합니다. 당사는 귀하의 개인 정보를 보호하기 위해 방화벽, 암호화(예: SSL), 비식별화 또는 익명화, 액세스 제어 조치 등을 포함하되 이에 국한되지 않는 다양한 합리적인 시스템, 기술, 절차 및 물리적 조치를 사용하기 위해 노력합니다."
1000632,"선호도에 따라 알고리즘, 활동 등을 추천하는 데 사용됩니다."
1000633,> 켜짐
1000634,설정 >로 이동
1000635,#L#cfa7a0f 아동 개인정보처리방침
1000636,개인정보 수집 체크리스트
1000637,제3자 정보 공유 목록
1000638,*가능한 한 빨리 관련 문제를 검토하고 피드백을 받은 후 15일 이내에 답변해 드리겠습니다.
1000639,고객 서비스에 문의
1000640,#L#cfa7a0f 개인정보처리방침 요약
1000641,개인 정보 보호 정책 요약
1000642,싱글 플레이어 상태
1000643,버디 테스트 상태
1000644,멀티플레이어 존재
1000700,1000700~1000800 입장 예약
1000701,개발자 모드
1000702,제어하고 자신 만의 게임 플레이를 만드십시오.
1000703,템플릿을 사용하여 만들기
1000704,템플릿 다운로드Download the template
1000705,개발자 템플릿
1000706,삭제하다
1000707,다운로드 @1%
1000708,만들기 시작
1000709,창작의 자유
1000710,아직 템플릿이 없습니다
1000711,계속 창조하세요
1000712,템플릿 선택
1000800,1000700~1000801 입장 예약
1000802,암호를 복사합니다
1000901,월요일
1000902,화요일
1000903,수요일
1000904,목요일
1000905,금요일
1000906,토요일
1000907,일요일
1000908,체크 인됨
1000909,옷 입히기 체험 팩
1000910,무작위로 사용 가능
1000911,로그인을 클릭합니다
1000912,그것을 고수하면 7 일 연속 시계로 드레스 업 체험 패키지를 얻을 수 있습니다 ~
1000913,또한 [color=#fff21e] %d번 [/color]가 사임합니다.
1000914,체크 인됨
1000915,재서명 예정
1000916,개최 기간:
1000917,"오늘은 흥미로울 것 같은 지도, 방으로 들어가서 살펴보세요~"
1000918,귀하의 계정에 배치되었습니다
1000919,교체에 성공했습니다
1000920,지출 확인 %d 미니 콩
1000921,"2. 하루에 한 번 로그인하여 로그인하고, 일주일 이내에 비자를 놓친 경우 미니 빈을 사용하여 다시 서명할 수 있습니다. 주간 [color=#fff21e] %d번 [/color] 교체 기회, 매주 월요일 교체 기회 재설정."
1000922,그래
1000923,체크인 규칙:
1000924,1. 체크인은 주 단위로 진행되며 매주 월요일 자정에 재설정됩니다.
1000925,3. 일일 보상 콘텐츠는 수시로 업데이트됩니다.
1000926,재서명하셨나요?
1000927,이번 주에는 교체 기회가 다 떨어졌습니다
1000928,
1000929,
1000930,
1000931,"친애하는 모험가 여러분, 이 게임에 로그인할 수 있도록 승인한 @1 계정은 실명으로 인증되었으며 정상적으로 게임에 입장할 수 있습니다."
1000932,실명인증을 완료하여 정상적으로 플레이할 수 있습니다.
1000933,본 게임 로그인을 허가한 @1 계정은 실명으로 인증되어 정상적으로 게임을 플레이할 수 있습니다.
1000934,이 게임에는 실명이 있습니다.
1000935,채널 실명 동기화
1000936,실명인증 알림
1001000,1001000-1001100 새 버전 검토 예약
1001001,@하고 싶은 친구를 선택하세요.
1001002,사용자 닉네임 또는 ID를 입력합니다
1001003,감정가에게 추천
1001004,이 댓글 고정
1001005,상단에 이미 댓글이 있는데 교체하시겠습니까?
1001006,의견을 보내 주셔서 감사합니다!\n검토 후 의견 섹션에 표시됩니다.
1001007,이 지도의 @1에 대해 어떻게 생각하십니까?
1001008,@1의 저자로서 무엇을 말해야 합니까?
1001009,저자는 칭찬했다
1001010,리뷰 작성을 클릭합니다
1001011,리뷰 쓰기
1001012,총 @1 회신
1001013,댓글을 삭제하시겠습니까?
1001014,삭제 안 함
1001015,"죄송합니다, 지금은 댓글을 달 수 없습니다!"
1001016,고정에 성공했습니다
1001017,고정에 실패했습니다. 다시 시도하세요.
1001018,댓글이 삭제됨
1001019,"삭제 실패, 다시 시도하세요."
1001020,댓글이 더 이상 존재하지 않습니다.
1001021,시간별
1001022,게시에 실패했습니다. 다시 시도하세요.
1001023,이 사람은 게으르고 설명 할 것을 남기지 않았습니다
1001024,검토가 승인되면 댓글 영역에 표시됩니다
1001025,고정 해제 성공
1001026,고정 해제에 실패했습니다. 다시 시도하세요.
1001027,작성자는 댓글 섹션을 닫았습니다
1001028,댓글 섹션이 일시적으로 닫힙니다
1001029,아직 댓글을 달 수 없습니다
1001030,검토 과정에서 나중에 검토하십시오
1001031,"댓글을 달고, 검토하고, 공개적으로 표시함"
1001032,게시에 실패했습니다. 다시 시도하세요.
1001033,최대 @1 단어
1001034,그것을 추천하십시오
1001035,누적 재생 @ 1분 미만
1001036,누적 재생 @ 1분
1001037,지도가 마음에 들었습니다
1001038,지도가 마음에 들지 않습니다
1001039,검토 및 공개 표시
1001040,답장 쓰기
1001041,게임 플레이 데이터 없음
1001042,복사
1001043,스틱업
1001100,1001000-1001100 새 버전 검토 예약
1001200,지금 픽업하세요
1001201,고통에 포기
1001202,다음 보상이 곧 만료될 예정인 경우 지금 받기를 클릭합니다.
1001203,더 이상 미리 알림이 없습니다.
1001204,받고 싶은 맞춤 드레스를 선택하세요
1001205,미션 획득 및 개봉
1001206,초보자를 위한 특별 혜택
1001207,당신은 주장 할 영구적 인 성격 드레스가 있습니다
1001208,청구할 보상이 있습니다.
1001209,* 위의 [색상 = #b565d9] 전용 영구 성격 의상 [/ 색상]을 얻기 위해 임무를 완료하십시오.
1001210,이벤트 종료되었습니다~
1001211,당신은 그것을 성공적으로 주장했습니다
1001212,커스텀 의상을 위한 공간이 충분하지 않아 의상 자동 저장이 실패합니다
1001213,(작업 카운트다운: [color=#0aba1d]@1 day@2 hours@3분[/color])
1001214,이벤트 종료되었습니다~
1001215,착용하러 가기
1001216,초보자를 위한 특별 혜택
1001217,빠르면 다음날 이용 가능
1001218,초보자용
1001219,영구
1001220,일일 임무는 0시에 새로 고쳐집니다.
1001221,맞춤형 의상 받기
1001222,모두 수집하세요
1001223,개인 드레스 보내기
1001224,나머지
1001225,(작업 카운트다운: [color=#FF0000]@1 day@2 hours@3분[/color])
1001226,@1*@2 획득을 축하합니다!
1001227,과일을 수확하고 미니 콩을 얻으십시오!
1001228,더 멋진 무기 의상을 보려면 클릭하세요!
1001229,지금 잠금 해제하고 특전을 즐기세요
1001230,드림 빌딩 선물 상자를 클릭하여 열고 희귀 스킨 의상을 획득할 수 있는 기회를 잡으세요!
1001231,멋진 마운트 파트너를 얻을 수 있는 기회를 얻기 위해 카드 뽑기 기계에 참여하려면 탭하세요!
1001232,"1. 이 작업은 초보자를 위한 것입니다.\n2. 임무 기간 동안 완료했으나 획득하지 못한 임무 보상은 다음 로그인 시 지급됩니다.\n3. 체크인 보상은 ""로그인""을 클릭해야만 보상을 받을 수 있으며, 체크인하지 않으면 새로운 보상을 잠금 해제할 수 없습니다.\n4. 미션은 10일 동안 유효하며, 만료 후에는 완료할 수 없으며, 보상을 받지 않으면 함께 클리어됩니다. \n초보자 체크인은 새 버전에서만 사용할 수 있으며, 모험가는 게임을 업그레이드하지 않고는 청구할 수 없습니다!"
1001233,더 많은 의상을 보려면 클릭하세요~
1001234,초보자 체크인
1001235,전용 체크인
1001236,미니 콩 300개를 줘서 예쁜 의상으로 교환하세요!
1001237,픽업 앤 고(Pick up and go)
1001238,이 보상은 이미 청구되었습니다
1001239,"아이템 사용 실패, 창고에 가서 사용!"
1001240,"1. 이 작업은 초보자를 위한 것입니다.\n2. 임무 기간 동안 완료했으나 완료하지 않은 임무에 대한 보상은 임무 기간 동안 유지됩니다.\n3. 미션은 10일 동안 유효하며, 만료 후에는 완료할 수 없으며, 보상을 받지 않으면 함께 클리어됩니다."
1001241,미션은 아직 잠금 해제되지 않았습니다!
1001242,[color=#FF9933]@1[/color]의 요일 일정입니다.
1001243,더 많은 혜택이 여러분을 기다리고 있습니다
1001299,의무
1001300,"타사 플러그인을 사용하지 마십시오, 여러 번 사용하면 금지됩니다 (@num)"
1001350,의무
1001400,기본값
1001401,뜨거운
1001402,투표 시간: @1
1001403,2021 인기 크리에이터 선정
1001404,2021년 인기 동영상 크리에이터 선정
1001405,2021 인기 커뮤니티 스타 선정
1001406,따라
1001407,좋은 선물에 투표하세요
1001408,"투표하셔서 복권을 받으시고, 서둘러서 투표하세요~"
1001409,현재 복권 소지 현황:
1001410,현재 투표권을 소유하고 있는 경우:
1001411,오셔서 연간 셀렉션을 경험해 보세요
1001412,게시일: @1
1001413,2021년 인기 크리에이터 탑 10
1001414,2021년 뛰어난 크리에이터
1001415,2021년 인기 동영상 크리에이터 탑 10
1001416,2021년 올해의 비디오 크리에이터
1001417,2021년 인기 커뮤니티 스타 탑 10
1001418,2021년 우수 커뮤니티 스타
1001419,남은 바우처:
1001420,올해의 창조주의 탄생을 목격하십시오
1001421,후보자 소개
1001422,활동 규칙
1001423,투표권 받기
1001424,일일 미션을 완료하여 좋아하는 작가에게 투표할 수 있는 투표권을 받으세요!
1001425,교환 상점
1001426,남은 바우처:
1001427,투표권 1장을 받으려면 여기를 클릭하십시오.
1001428,"과제를 완료하여 투표권을 얻고, 마음에 드는 작가에게 투표하고, 투표 성공 후 복권을 받아 선물로 교환할 수 있어요~"
1001429,"투표권 당첨 축하드리며, 좋아하는 작가에게 투표하러 가세요~"
1001430,"투표 버튼을 클릭하고, 좋아하는 작가에게 1표를 투표하고, 투표 성공 후 복권을 받을 수 있으며, 상품을 교환하는 것을 잊지 마세요~"
1001431,"1. 이벤트 날짜: 2022년 1월 5일부터 2022년 1월 19일까지\n2.투표권은 이벤트 기간 중 일일 작업을 완료하여 획득할 수 있으며, 작업은 매일 24시에 새로 고쳐집니다.\n3.[투표] 버튼을 클릭하여 좋아하는 후보자에게 투표하고 TA ""데뷔""를 도우며, 투표권 1장은 한 번만 사용할 수 있습니다.\n4.투표 성공 후 투표 수에 해당하는 복권을 받을 수 있으며, 이벤트 기간 동안 교환 상점에서 해당 보상 소품을 복권과 교환할 수 있습니다\ n5. 선정 기준: 올해의 인기 크리에이터의 최종 후보는 인기도, 창의성, 작업 효과 등의 차원에 따른 종합적인 평가를 거쳐 선정되며, 총 30명의 결선 진출자\n6. 최종 명단은 플레이어들의 투표로 결정되며, 상위 10위 안에 든 크리에이터는 ""2021 미니 월드 인기 크리에이터""가 되어 해당 보상을 받게 됩니다. n7. 연례 작품 전시실에서 추천하는 작품은 작품의 내용의 질과 인기의 두 가지 차원, 총 10 가지 유형에 따라 공식 종합 평가를 거쳐 얻어진다"
1001432,투표: @1
1001433,"1. 이벤트 기간: 2022년 2월 16일부터 2022년 2월 26일까지\n2.투표권은 이벤트 기간 중 일일 과제를 완료하여 획득할 수 있으며, 매일 24시에 새로 고쳐집니다.\n3.[투표] 버튼을 클릭하여 좋아하는 후보자에게 투표하고 TA ""데뷔""를 돕고, 투표권 1장은 한 번만 사용할 수 있습니다.\n4.투표 성공 후 투표 수에 해당하는 복권을 받을 수 있으며, 이벤트 기간 동안 교환 상점에서 해당 보상 소품을 복권으로 교환할 수 있습니다\ n5. 선정 기준 : 연간 인기도 결선 진출자는 인기도, 창의성, 업무 효과 등의 차원에 따른 종합적인 평가를 거쳐 선정되며, 총 30 명의 결선 진출자\n 6. 최종 명단은 플레이어들의 투표로 진행되며, 상위 10명의 결선 진출자는 ""2021 미니 월드 인기 동영상 크리에이터""가 되어 그에 상응하는 보상을 받게 됩니다"
1001434,"1. 이벤트 날짜: 2022년 3월 1일부터 2022년 3월 11일까지\n2.투표권은 이벤트 기간 중 일일 작업을 완료하여 획득할 수 있으며, 매일 24시에 새로 고쳐집니다.\n3.[투표] 버튼을 클릭하여 좋아하는 후보자에게 투표하고 TA ""데뷔""를 돕고, 투표권 1장은 한 번만 사용할 수 있습니다.n4.투표 성공 후 투표 수에 해당하는 복권을 받을 수 있으며, 이벤트 기간 동안 교환소에서 해당 보상 소품을 복권과 교환할 수 있습니다\ n5. 선정 기준: 연간 인기 결선 진출자는 인기도, 창의성, 업무 효과 등의 차원에 따른 종합적인 평가를 거쳐 선정되며, 총 30명의 결선 진출자\n6.최종 명단은 플레이어들의 투표로 진행되며, 상위 10위 안에 든 결선 진출자는 ""2021 미니 월드 인기 커뮤니티 스타""가 되어 그에 상응하는 보상을 받게 됩니다.\n"
1001435,투표권이 부족하니 먼저 가서 구매하세요!
1001436,투표는 성공적이었습니다
1001437,투표 시간: @1
1001438,"복권이 충분하지 않습니다, 가서 투표 임무를 완료하십시오"
1001439,교환할 티켓이 부족합니다.
1001440,사용으로 이동
1001441,연간 선발 결과
1001442,연례 작품 전시실
1001443,영화 복권
1001461,"체리가 모두를 맞이합니다! 화려한 꿈으로 화려한 사각형을 잡고 미니 세계의 기적을 당신과 함께 만드십시오. 새로운 폭풍이 나타 났고, 어떻게 앞으로 나아갈 수 있는지, 새로운 이정표가 시작되려고하며, 모두가 좋아하는 작품을 더 많이 만들기 위해 계속 노력할 것입니다. 원을 그리고 빨간색으로 채우면 체리입니다."
1001462,"안녕하세요 여러분, 저는 캔디 스튜디오의 샤오롱바오이며, 모든 미니 친구들이 샤오롱바오가 만든 지도를 플레이할 때 사탕을 먹을 때처럼 행복하고 달콤하기를 바랍니다. 당신의 기쁨은 내 지도 제작의 원동력이자 원천이며, 여러분 모두 미니월드에서 즐거운 시간을 보내시기 바랍니다!"
1001463,"저는 Suo Ai Studio, Suo Ai의 사장입니다, 2021 Mini World Creator Selection Event의 최종 후보에 오르게 된 것을 영광으로 생각합니다, 어쩌면 우리 지도가 최고는 아닐 수도 있지만, 우리는 매우 세심한 사람이어야 합니다, 앞으로 우리는 더 많은 지도를 만들고 모두와 놀기 위해 더 열심히 노력할 것입니다, 그리고 친구로부터 더 많은 제안과 불만을 받기를 바랍니다, 그래서 우리는 발전하고 친구들의 요구를 이해할 수 있습니다, 우리의 슬로건은 순무 채소입니다, 각각은 자물쇠가 있습니다!"
1001464,"복숭아 나무를 심고, 덩어리를 건네고, 사탕 수수를 심고, 모래 조각을 건네고, 배가 고플 때 맛있는 빵을 요리하고, 목이 마를 때 신비한 별 열대 우림 깊숙한 곳에서 가장 순수한 불멸의 샘물을 찾고 싶다면, 안녕, 미니 세계에서 또 무엇이 필요합니까? 그 머나먼 미지의 나라 미라에서 이야기가 벌어지는 곳은 나와 당신일 것입니다."
1001465,"저는 Xida Studio의 책임자입니다. 이것은 단지 7 명, 조롱박 아기 그룹입니다. 그러나 Xida의 2020 Creation Festival 게임 플레이 챔피언, Xida의 2021 Creation Festival 건축 챔피언, Xida의 2021 Creation Festival 미니어처 챔피언, Xida의 공식 인증 개발자 멘토, Xida의 Huya Live God, Xida의 고대 건축 유령도 있습니다. 히다 스튜디오와 함께, 계속 가십시오!"
1001466,"미니 오랜 세월 플레이어, 게임 플레이 맵 제작자는 건설 초기부터 미니 플레이어에게 끝없는 기쁨을 가져다주기 위해 점차 미니 플레이어와 저자가 사랑하고 포용하는 것을 보게 되었습니다. 최고의 게임을 만나고, 가장 아름다운 선수를 만나고, 작가의 내일을 달성하고, 플레이어의 기쁨은 나의 끝없는 동기 부여와 갈망이 될 것이며, 함께 일하고, 함께 빛나는 내일을 목격하고, 나는이 작가를 점점 더 사랑할 것이라고 믿습니다."
1001467,"미니 월드 6년간의 하드코어 플레이어! 미니 세계에서 친구들과 함께 우리만의 세계를 만드는 것을 기억하는 것이 우리의 어린 시절의 추억입니다! 이 놀이 친구의 세월은 자랐고, 함께 놀 수있는 파트너는 점점 줄어들고 있습니다! 그러나 이제 우리는 개발자가되었고, 우리를 다시 하나로 모은 것은 미니 세계입니다! 우리의 이름은 ""One Alliance""입니다. 사랑 미니, 끊임없이 혁신, 플레이어가 간단하고 행복한 부티크 게임 맵을 얻을 수 있도록 하는 것이 우리의 동기입니다!"
1001468,"안녕하세요 여러분, 저는 2016년에 미니월드를 시작한 플레이어이고, 게임플레이 맵 크리에이터이기도 하며, 맵 제작 경력 5년으로 2021년 미니월드 크리에이터 애뉴얼 셀렉션 이벤트 최종 후보에 오르게 되어 영광이며, 플레이어들이 좋아하는 퀄리티의 작품을 만들기 위해 더 열심히 노력할 것이며, 제 작품이 플레이어들을 행복하게 할 수 있기를 바랍니다."
1001469,"저는 레몬 스튜디오의 리 유키입니다, 2021년 미니 애뉴얼 셀렉션 후보에 오르게 된 것을 영광으로 생각합니다, 2021년은 한순간입니다, 2022년이 곧 다가옵니다, 무의식적으로 곧 미니 세계에서 3년차를 맞이할 것입니다, 새해에는 모두가 흥미롭고 행복하게 느끼게 하는 지도를 진지하게 만들 것입니다, 새해에는 모두에게 새해 복 많이 받으세요, 새로운 삶을 맞이하고, 새로운 여정을 시작하고, 새로운 희망을 열고, 새로운 꿈을 꾸고, 미니 세상이 점점 더 좋아지기를 바랍니다!"
1001470,"안녕하세요 여러분, 저는 General's House Studio의 설립자이자 현재 전업 개발자인 General입니다. 어렸을 때 나는 진흙 탱크를 반죽하고 종이에 아케이드 게임을 디자인하는 것을 좋아했습니다. 그리고 이제 그 꿈이 이루어졌고, 미니 월드에서 상상할 수 있는 모든 게임 플레이 맵을 만들 수 있습니다. 미니월드는 창조하는 게임일 뿐만 아니라 꿈을 실현하는 무대이기도 하다. 이렇게 좋은 플랫폼을 만들어준 미니월드 덕분에 70세, 80세가 되어서도 미니를 계속 플레이할 수 있기를 바랍니다."
1001471,"2015 년에 친구가 Mini World와 접촉했기 때문에 거의 6 년 동안 Mini를 켜고 끌 수 있었지만이 게임은 오랫동안 저와 함께했으며 비슷한 관심사를 가진 많은 친구들을 만났습니다. 나는 놀이와 창조를 좋아하고, 블록을 사용하여 상상 속에서 판타지 건물지도를 만들고, 완성 된 건물 도면을 볼 때 친구들에게 알리기 위해 스크린 샷을 찍을 것입니다. 나는 플레이를 잘하지 못하지만 새로운 게임 플레이 맵을 만들기 위해 노력할 것이며, 각 맵은 새로운 풍경일 뿐만 아니라 새로운 모험의 시작이기도 합니다."
1001472,"나는 기증자이며, 우선,이 기회를 주신 공무원에게 감사 드리며, 이제부터는 사진을 찍기 위해 더 열심히 노력할 것이며, 최선을 다해 더 잘할 수 있도록 노력할 것입니다!"
1001473,"안녕하세요, 안녕하세요! 아, 내 말 들리니? 안녕 친구, 돌봐주세요! 여기 차가운 바람이 있습니다 ¥, 당신은 또한 나를 바람 바람, 라 라라고 부를 수 있습니다. 롤플레잉 서바이벌 게임을 좋아하신다면 확인해보세요, 가능하면 응원해주시고, 제 다른 작품도 환영합니다!"
1001474,"안녕하세요 여러분, 저는 Lock Love Studio의 술에 취한 세 마리의 유니콘이며, 2021 Mini World Creator Annual Selection Event의 최종 후보에 오르게 된 것을 영광으로 생각하며, 게임 플레이 제작자이며, 지속적인 교제에 감사 드리며, 앞으로 새로운지도를 만들기 위해 더 열심히 노력할 것입니다"
1001475,"행복한 2021년을 함께 보내시고, 내년 2022년에도 앞으로도 더 자주 플레이할 수 있는 맵을 만들어 내 맵에서 가장 친한 친구들과 매일 행복하게 보낼 수 있도록 하겠습니다!"
1001476,"안녕하세요 여러분, 저는 Mini World Yuzu Tea의 수석 개발자, 금메달 감정가, 차 언어 스튜디오 및 오프라인 리더입니다! 미니 월드와의 5 년 동안 많은 작품을 만들었습니다! 나는 많은 친구들이 내 작품을 연주했다고 믿고, 당신의 지출에 대해 대단히 감사하며, 나는 다음 날에 더 훌륭한 작품을 만들 것입니다!"
1001477,"안녕하세요 여러분, 저는 미니 베테랑이자 개발자이자 감정가인 Shan Mo입니다. 처음에는 동생에게 좋은 본보기가 되고 싶어 동생의 놀이 친구였지만 점차 이 샌드박스 게임에 빠져 창작을 시작했습니다. 미니월드에서는 동생 또래의 어린 플레이어들에게 기쁨을 전해주고, 맵을 만들고 공간적 사고를 연습할 수 있기를 바랍니다."
1001478,"안녕하세요 여러분, 저는 미니 월드 비디오 제작자일 뿐만 아니라 충성스러운 미니 월드 플레이어이자 지도 제작자인 하프 불사신이며, 이 게임을 매우 좋아하고, 친구들의 지원으로 운이 좋게도 미니 월드의 대변인이 되었습니다., 능력은 제한되어 있지만, 미니 세계에 기여하고 싶기 때문에 반불멸의 비디오 맵을 좋아하고 반불멸을 지원하는 친구들이 저를 도울 수 있기를 바랍니다., 그리고 나는 또한 당신에게 점점 더 재미있는 콘텐츠를 가져올 것입니다."
1001479,"안녕하세요 여러분, 저는 매일 게임의 저자입니다! 나는 RPG를 좋아하고 미니 월드를 좋아합니다! 나는 약 4 년 동안 미니 월드를 해왔고, 게임을 잘 알고 있고, 내가 가장 좋아하는 게임 모드가 있고이 게임을 좋아합니다."
1001480,"저는 Graddy, Mini World Free-Range City Architect입니다. 어쩌면 당신은 내 도시 생활 시리즈지도를 연주했을 수도 있고, 어쩌면 우리는 서로를 알지 못했을 수도 있습니다. 아직도 도시지도를 좋아하는 사람이 몇 명이나 될지는 모르겠지만, 나는 도시를 테마로 한지도를 계속 제작할 것입니다. 도시 지도도 마음에 드시면 저에게 투표해 주세요!"
1001481,"안녕하세요 여러분, 저는 Bi Shasha입니다! 연초에 출시 된 작품 ""Color Jump""는 출시 후 플레이어들에게 사랑 받았으며 마침내 1,500 만 다운로드 이상의 좋은 결과를 얻었습니다. 지원해 주신 모든 분들께 감사드리며, 이 작품이 마음에 드시면 저에게 투표해 주세요!"
1001482,저는 Qiao Wan입니다. 주로 트리거 맵을 수행하며 앞으로 모든 사람이 플레이할 수 있도록 더 많은 일상 생활 맵을 업데이트할 예정입니다. 저에게 투표하세요!
1001483,저는 게임 애호가이자 직업 엔지니어입니다. 여가 시간에는 다양한 종류의 게임을 하고 애니메이션을 보는 것도 좋아합니다. 저는 Mini World와 3년 동안 접촉해 왔으며 참신한 게임 플레이로 지도를 만드는 것을 좋아하고 모든 종류의 지도를 만들었습니다. 선별된 지도를 만들기 시작하여 감정가가 되기까지 한 달이 걸렸으며 현재 20개 이상의 선별된 지도가 있습니다. 모든 개발자 도구에 능숙하며 종종 다른 개발자가 기술 문제를 해결하도록 돕습니다.
1001484,"미니 세계와의 접촉도 5 년이어야한다, 처음에는 생존을 위해 미니 월드를 플레이하도록 나를 끌어 당긴 친구였다, 그리고 미니 월드의 업데이트와 함께 나는 창조적 인 모드가 더 재미있을 것이라고 생각, 일반적으로 다른 플레이어의지도를 재생, 자신의 맵을 만들기 위해 더 많이, 나는 게임을하는 것보다 게임을 만드는 것이 훨씬 더 재미 있다고 생각, 나는 차량 등을 선호, 그래서 내 맵의 대부분은 차량과 관련이 있습니다, 나처럼 나에게 투표!"
1001485,"저는 공상 과학 애호가 인 미니 세계 건설의 신 Huaqiqi입니다. 고대 스타일, 공상 과학 소설, Punsebok 만능지도 작가, 깊이 경작 된 건축, 건축 디자이너의 꿈을 이루기 위해 결코 떠나지 않은 미니와 작은 백인 선수! 나는 모든 플레이어가 미니에서 자신의 디자인을 완성하고 중국 디자인을 위해 빛날 수 있다고 믿습니다."
1001486,"저는 Fun Chat Studio의 회원이며 2 년 넘게 미니 월드를 플레이하고 있으며 공식 행사에 참여하는 것을 좋아하고 상을 수상했습니다. 저는 평소에 다양하고 창의적인 게임 플레이를 전문으로 하는 것을 좋아하는데, 그 중 ""Baby Bear"" 시리즈 맵이 출시되었습니다 2, 그리고 플레이어들로부터 칭찬과 사랑을 받았고, 이는 또한 저에게 창작 동기를 부여하고, 계속해서 더 재미있는 맵을 만들고, 앞으로 제 ""아기 곰""을 IP로 육성하기 위해 노력할 것입니다!"
1001487,"저는 개발자이자 미니 월드의 거물인 Yumo이며, 이렇게 모든 사람에게 저를 알려드리게 되어 기쁩니다. 2021 Mini World 올해의 크리에이터 선정 이벤트 최종 후보에 오르게 되어 영광이며, 제 소명이 될 것입니다~ 모든 지원은 계속해서 고품질 작품을 제작하는 동기가 될 것입니다!"
1001488,"저는 Eyed Star Studio의 지도 작가 Raven입니다. 저희 스튜디오는 게임플레이 맵 분야의 지속적인 탐색과 발전에 중점을 두고 있습니다. 내 자신의 대표 작품으로는 초기 미니 에이전트 팀, 순간적으로 칼 그리기, Douluo Continent 및 나중에 Xiuxian 및 기타지도가 있으며, 우리 작품이 마음에 드시면 더 많은 지원을 원하고 싶습니다."
1001489,"안녕하세요, 저는 4 년 베테랑 선수 인 Di Meiro입니다., 나는 어린애 같은 재미있는 게임 플레이지도를 만드는 것을 좋아합니다, 나는 당신이 나를 위해 투표하기 위해 당신의 귀여운 작은 손을 사용할 수 있기를 바랍니다, 게 게!"
1001490,"저는 General's House Studio의 개발자 멤버인 Nishiki입니다. 나는 인생을 사랑한다, 나의 슬로건은 : 다른 세상을 창조하고, 다른 삶을 느껴라!"
1001491,"나는 반쯤 불사신이고 미니 월드 비디오 제작자일 뿐만 아니라 충성도 높은 플레이어이자 지도 제작자일 뿐만 아니라 2021년 미니 월드의 대변인이기도 하며, 반불멸의 비디오 맵을 좋아하고 반불멸을 지지하는 친구들이 나를 도울 수 있기를 바라며, 나는 또한 당신에게 점점 더 재미있는 콘텐츠를 제공할 것입니다"
1001492,청중에게 기쁨을 주기 위해 미니 스토리를 유머러스하게 해석하십시오. 2020-2021년에는 2년 연속 수박 놀이 결승전 10위 안에 들었다.
1001493,"하루 동안 얼굴을 치지 않고 불편 함을 느끼는 재미있는 UP 소유자, 전체 네트워크에는 9 백만 명 이상의 팬이 있습니다. 나는 매일 미니 세계에서 친구들과 교류하는 것을 즐긴다."
1001494,"게임 비디오에 대한 해설, 3 년 이상의 노력, 전체 네트워크는 1,000 만 명 이상의 팬을 보유하고 있으며, 2020 년에는 Mini World Annual Popular Idealist를 수상했으며, 단일 비디오는 2 천만 회 이상의 조회수를 기록했습니다."
1001495,인생을 사랑하고 아이들을 다루는 것을 좋아하고 재미 있고 귀엽고 줄거리 미니 월드 비디오에 능숙한 큰 친구. 기쁨 속에서 긍정적인 에너지를 전하는 2021 미니월드의 대변인은 앞으로도 모두에게 더 좋은 콘텐츠를 만들기 위해 노력할 것입니다
1001496,"Long Night Galaxy를 여행하는 비디오 라이터로서 자신이 좋아하는 것을 자신의 작품으로 바꾸는 것이 세상에서 가장 행복한 일임에 틀림없고, 이 행복을 더 많은 사람들과 나누도록 노력하겠습니다."
1001497,"잘생긴 외모는 없지만 창작을 사랑하고 미니를 사랑하는 마음이 있고, 매일 더 재미있는 콘텐츠를 전해드리겠다는 본래의 의도를 절대 잊지 않겠습니다"
1001498,"젊은 선수들에게 비둘기 왕으로 알려진 샤오 이한 (Xiao Yihan)은 몸과 머리가 불안하고 항상 세상 끝까지 가기 위해 칼과 싸울 생각을 하지만 우연히 미니 세계에서 검을 치고 떠나 세계를 걷는 전투 미니가 됩니다. 나는 미니 세계에서 자신을 비우고, 제한되지 않고, 상상력이 풍부하며, 컴퓨터로 전 세계를 돌아다니며 시와 먼 곳을 찾을 수 있습니다."
1001499,"Yihan 가족의 사촌, 모두가 나를 작은 사촌이라고 부르고, 나는 모든 종류의 이상한 생존지도를 만드는 것을 좋아하고, 작은 피부도 매우 재미 있고, 건물을 잘 보는 것을 좋아하고, 또한 내 사촌에게 장난을 치는 것을 좋아합니다"
1001500,"미니 스토리 극장 촬영을 좋아하는 부드러운 여동생 귀여운 Banla는 수박 비디오 게임 팀의 일원이자 미니 월드의 대변인 중 한 명입니다. 동영상을 사용하여 재미있는 이야기, 모래 조각, 게임을 하는 멋진 순간을 녹화하는 크리에이터"
1001501,"미니 오리지널 재미있는 비디오 작가, 게임에서 작은 사촌과 함께 일어난 재미 있고 재미있는 일을 재미있는 게임 비디오로 편집하는 데 능숙합니다"
1001502,"나는 매일 parchery 챌린지 팬, 재미있는 스타일의 라이브 방송지도, 당신은 더 많은 것을 배우기 위해 parch를 검색하기 위해 Kuaishou에 올 수 있습니다"
1001503,"저는 이녹 자매님, 팬들은 저에게 '서바이벌 퀸', '서바이벌 리틀 페어리'라는 별명을 지어줬고, 다양한 게임 플레이로 서바이벌 생중계, 이노의 서바이벌 생중계 모두가 보고 괜찮다고 했어요."
1001504,"난 임페리얼이야! 불행한 ""미니 월드 슈퍼 럭키 스타""는 항상 독신을 사용하여 광산을 파고 광산에 나타나지 않을 것 같은 것들을 찾을 수 있기 때문에 팬들에 의해 ""슈퍼 럭키 스타""라는 애칭으로 불립니다."
1001505,"게임 비디오에 대한 해설, 4 년 동안 iQiyi에 있었고, 녹음에 능숙하고 이런 종류의 친구가 나를 따라갈 수있는 것과 같은 일부 암호 해독 플롯 유사지도를 재생하는 것을 좋아합니다"
1001506,나는 Xiaoyu의 여동생이고 친구들과 미니 세계에서 행복을 나누기 위해 모든 종류의 줄거리 이야기를 만드는 것을 좋아합니다.
1001507,"미니 드라마 영상 카테고리의 영상 작가로, 재미있는 스토리 미니 월드를 해석하고, 게임 내 다양한 재미있는 게임 플레이를 파헤치고, 이러한 게임 플레이를 게임 플레이의 특성에 따라 해석하여 재미있는 스토리 비디오를 해석하는 데 능숙합니다."
1001508,"나는 왕이다, 해설을 두려워하지 않는다, 모두는 나를 라오 왕이라고 부른다! 모래 조각 재미있는 라이브 해설, 전체 네트워크에는 300만 명의 팬이 있습니다. 이 동영상은 10억 회 이상 재생되었으며 2021년 3분기에 영향력 있는 제작자 100인 목록에 올랐습니다."
1001509,"나는 매운 스트립, 미니 세계 재미있는 비디오 제작자, 미니 세계를 사랑하고, 당신의 지원에 감사 드리며, 매운 스트립에서 지금까지 많은 어려움과 기쁨을 경험했으며, 모두 친구의 지원과 격려에 의존합니다."
1001510,말은 잘하고 실력을 잃을 수 있는 분홍색 작은 양~
1001511,"미니 월드 ""저녁 식사""앵커, 기술 및 외모가 공존하는 수백만 소녀의 꿈! Mini World 2020 올해의 크리에이터."
1001512,Douyin에서 229만 명의 팔로워를 보유한 크리에이터로 주로 재미있는 동영상과 생방송을 제공합니다.
1001513,"안녕하세요 여러분, 저는 0 명의 팬에서 이제 전체 네트워크 600 만 명의 팬에 이르기까지 모든 사람의 격려와 꿀에 대한 지원과 분리 할 수없는 미니 월드 앵커 꿀입니다!"
1001514,"충칭 출신의 섹시한 여동생, 해설 스타일은 재미 있고 치유력이 있으며, 그녀는 집을 짓고 생존하는 일련의 비디오를 녹화하는 데 능숙합니다!"
1001515,치킨 소스 게임 해설은 미니 월드 게임 제작자이며 수많은 미니 월드 애니메이션 콘텐츠를 제작했으며 앞으로도 더 가치 있고 따뜻한 프로그램 콘텐츠를 만들기 위해 더 좋고 창의적인 콘텐츠를 위해 열심히 노력할 것입니다
1001516,"나는 야옹, 달콤하고 재미있는 앵커의 행성에서 온 고양이입니다, 미니 세계에서 만나서 매우 기쁩니다, 당신이 저에게 투표하기를 바랍니다, 내 꿈은 모든 파트너에게 행복을 가져다주는 것입니다, 당신은 TikTok에서 고양이 게임을 검색 할 수 있습니다 감사합니다"
1001517,"안녕하세요 친구, 저는 미니 월드 애니입니다, 팬들과 함께 매일 게임을하고, 쿨리 금메달 해설, 모두가 나와 함께 쿨리를 연주하는 것을 좋아합니다, 당신도 나와 놀고 싶다면, Kuaishou에 가서 Mini World Anne을 검색하여 생방송을 시청하십시오 오 ~"
1001518,"야생의 두뇌, 30 년의 한 손 속도, 서바이벌 플레이에서 가장 ""쇼""앵커로 미니 월드의 극한 생존에 초점을 맞춘 앵커는 단 10 일의 게임 시간이라는 극한 생존에서 모든 보스에 대한 기록을 만들었습니다"
1001519,"안녕하세요 여러분, 나는 당신의 따뜻한 남성 게이게이입니다, 매일 비명을 지르는 앵커로 알려진 팬들이 만든지도 구덩이의 울부 짖음으로 팬들은 나를 수천 번 학대합니다 나는 팬들을 첫사랑처럼 대합니다 재미있는 목소리 변화 당신을 미니로 데려가 ~"
1001520,전체 플랫폼에서 240만 명 이상의 팬을 보유한 Xiaoyanzi Game Commentary의 원작자는 흥미롭고 생생하며 긍정적인 콘텐츠를 공유하는 고품질 게임 분야의 제작자입니다.
1001521,"나는 빈이고, 나는 내가 생각하는 것을 말로 쓰고, 그것을 모든 사람과 묘사하고 공유 할 이야기로 묶는 것을 좋아하고, 모든 사람은 태양을 가지고 있으며, 내 태양은 나의 성격, 끝을 통해 달리는 나의 성격, 간이다! 나는 세상에 완벽한 사람들이 없다는 것을 알고 있지만, 나는 더 가까이 다가 가기 위해 최선을 다할 수 있으며, 나는 보이지 않는 구멍을 조금씩 채울 것입니다. 지구상의 모든 사람들은 내가 옳은 선택이라는 것을 안다."
1001522,"안녕하세요 여러분, 저는 커뮤니티 1800 라인 스타이자 디즈니 도망자 왕자인 문 형제입니다! 나는 매일 비둘기 원고 (글쓰기에서 활동하지 않고, 마른 요리에서 1 위를 차지)이지만, 나는 항상 모든 사람에게 가장 좋은 것을 선물하고 싶다. 나를 위해, 글쓰기는 모든 사람을 돕는 일이며, 나는 종종 방아쇠 가르침을 쓰고, 종종 친구들을 만나서 질문을하고, 흥미롭거나 밝은 방아쇠를 만날 때마다 나는 그것을 모든 사람에게 쓰고 발표 할 것입니다. 앞으로는 모두에게 더 좋은 작품을 가져다주고 커뮤니티를 위한 더 나은 환경을 함께 만들어 나갈 것입니다. 올해의 행사는 투표하지 않습니다, 투표하고 싶다면 달에 투표하십시오!"
1001523,"나는 미니 세계에 매우 집착하는 충성스러운 플레이어이며, 2016 년 5 월 28 일에 미니 대륙에 발을 들여 놓았고, 미니 세계의 미지의 영토를 탐험하기 시작했으며, 모든 웃음과 눈물, 이익과 손실은 사각형 세계로 수렴 될 것입니다! 2020년에는 개발자 센터에서 Mini World Box라는 앱을 다운로드하여 팬 아트, 작문 마스터, 싱크 탱크 등 새로운 미니 지식 세계를 열 수 있었습니다. 내가 여기에 뿌리를 내리고 나만의 작은 세상을 만들고 싶다고 결심 한 순간부터 끊임없는 노력을 통해 마침내 현재의 성공적인 나를 갖게<>!"
1001524,"안녕하세요 여러분, 저는 커뮤니티의 작가이며, 현재 맵 평가, 게임 전략, 미니 인터뷰, 싱크 탱크 등 커뮤니티의 모든 측면에서 발전하고 있습니다. 저는 지역 사회 활동을 좋아하기 때문에 모든면, 특히지도 평가에서 최선을 다하기 위해 노력하고 있으며, 모든 사람들이 지역 사회의 문화적, 창의적 발전에 기여할 수있는 더 반짝 반짝 빛나는지도를 발견 할 수 있도록 단어를 사용하기를 희망합니다. 나는 오랫동안 커뮤니티에 없었고, 당신은 나를 잘 알지 못할 수도 있지만, 괜찮아, 내 게시물을 더 읽고, 댓글을 달고 메시지를 남기는 것을 잊지 말고, Di (홍당무)에게 답장을 보낼 것입니다. 저에게 투표하시는 분들은 행운을 빕니다 ~"
1001525,"안녕하세요 여러분, 저는 Mu Shi입니다, 제 직책은 커뮤니티 조직 관리자이자 지도 복원 작성자입니다, 제 이야기를 들려드리게 되어 매우 기쁩니다. 저는 맵 크리에이터이자 개발자이며, 음악을 만들고, 만들고, 연주하는 것을 좋아합니다. 이 복원 스토리 작업을 처음 접했을 때, 저를 데려온 Little Sugar Sister와 Le Mei 덕분에 그 당시에는 그다지 이해하지 못했습니다. 복원 이야기에서 나는 그 당시 리틀 슈가의 노력을 이해하고, 리틀 슈가 언니를 천천히 도왔고, 리틀 슈가 언니는 참을성이 많았으며, 어려움에 직면했을 때 항상 어려움을 해결했습니다. 마지막 문장 : 관심을 가져 주셔서 감사합니다. 가난하고 싶다면 다음 단계로 가십시오."
1001526,"안녕하세요, 저는 커뮤니티의 전략 제작자인 Nan Tan으로, 전략 콘텐츠의 일부를 ""Creative World""의 실제 책에 기고했으며 커뮤니티 인재를 육성하는 사람이기도 합니다. 고퀄리티 콘텐츠 크리에이터가 되기 위해 빅V에 응모하려고 했다면 저를 보셨을 것입니다! 2020 년 4 월부터 지금까지 그 과정에서 충돌은 양질의 제작자를 육성하는 것으로 간주 될 수 있으며, 실제로 그들과 함께 진전을 이루고, 자신의 프로세스를 개선하고, 전략 내용에 대해 더 많이 배우기 위해 탐구하는 것이기도합니다! _??)? 감사합니다"
1001527,"미니 페인팅 팬덤, 내 그림처럼 투표를합니다."
1001528,"커뮤니티 콘텐츠 제작자 및 스토리텔러 관리자, 개인은 스토리 또는 전략 게임 지식을 만들고, 플레이어에게 더 풍부한 지식과 멋진 스토리를 제공하고, 종종 흥미로운 기사를 읽거나 더 많은 게임 기술을 배우는 것을 좋아합니다. 잘 생긴 얼굴은 똑같고 흥미로운 영혼의 성격이 당신의 탐험을 기다리고 있습니다!"
1001529,"내 이름은 캐비어, 나는 큰 V 노동자이고, 취미는 공예품을 그리는 것이고, 귀여운 친구들, 나를 위해 캔버스를 부탁드립니다."
1001530,"저는 지도 개발자로 지도에 대한 관심과 장점을 겸비하여 2020년 2월 28일 미니 커뮤니티 빅 V(콘텐츠 작가)가 되었고, 그 이후로 플레이어에게 고품질 지도 평가 및 게임 전략 콘텐츠를 제공하고 공식 전략집 편집에 참여했으며 앞으로도 커뮤니티에서 더 높은 품질의 콘텐츠를 계속 제공할 것입니다. 본래의 의도를 잊지 마세요, 초대해 주셔서 감사합니다"
1001531,"무의식적으로 지역 사회에서 Xiaobai에서 현재에 이르기까지 2-3 년 동안 놀고 있으며, 각 친구들에게 모든 지원을 부탁드립니다, 그림을 좋아하는 작은 친구들이 항상 취미에 충실 할 수 있기를 바랍니다."
1001532,"안녕하세요, 저는 그림 영역에서 큰 V 인 Seven Edges입니다. 재미있게 지내는 것이 좋고, 한 표만 있으면 됩니다."
1001533,"나는 팬 크리에이터 빅 V 복숭아 하트, 나는 지난 몇 년 동안 미니를 위해 200 개 이상의 작품을 만들었고,이 흩어져있는 작품들 중에서, 그들 중 많은 사람들이 여러 우수상, 창의성 상, 3 등상, 2 등상, 심지어 1 등상을 포함하여 경쟁에서 상을 수상했으며, 여러 번 전국 창조 축제에 참가하여 우수한 결과를 얻었으며, 앞으로도 계속 열심히 노력하여 다음 창작 축제에서 더 나은 결과를 얻기 위해 노력할 것입니다."
1001534,"게임에서 Feng Ji는 2020년 작업장 지도를 검사하여 작업장이 정류 중 나쁜 문제를 처리하는 데 도움을 주었습니다. 커뮤니티가 컸을 때 그는 플레이어가 배울 수 있는 작품을 발표했고, 계속해서 자신을 완성하는 법을 배우면서 이벤트의 특별한 작품도 만들었습니다. 스튜디오 감정가로 일하면서 동시에 지역 사회의 사기 방지에 기여하기 위해 지역 사회의 선임 검사관으로 일했으며 3 단계 높은 순찰로 승진 한 후 2021 년 등기구 및 공식 온라인 미니 인터뷰에서 다른 제안과 피드백 뛰어난 공헌을 초청하여 바람 훈련 팀의 리더로 봉사하고 바람 훈련 회원을 안내하고 첫 번째 은하 순찰 작업에서 개발자 커뮤니티를 관리 및 개선했습니다."
1001535,"안녕하세요 여러분, 저는 물고기 병, 활기찬 소녀입니다. 모두가 나를 Xiaoyu라고 부르는 것을 좋아합니다. 저는 2019년에 미니 세계에 입문한 플레이어인데, 처음 미니를 만났을 때 호기심이 넘쳤고, 2021년에는 커뮤니티에 대해 알게 되어 커뮤니티 콘텐츠 크리에이터가 되었고, 창작 방향은 주로 미니어처와 평가이며, 일반적으로 초안을 작성하는 경우가 많으며, 종종 머리를 숙이고, 플레이어에게 더 나은 콘텐츠를 제공하기를 희망하며, 항상 인내하기 위해 열심히 노력하고, 커뮤니티를 위해 더 나은 콘텐츠를 만들 것입니다! 당신이 나를 모른다면, ID ""물고기 질병""을 기억하십시오!"
1001536,"저는 Ah Sugar이고 후보자가 된 것을 영광으로 생각합니다 (처음으로, 나는 조금 아첨합니다 ...). 개인적으로는 그림 그리는 것을 좋아하고, 아티스트가 되는 것이 꿈이고() 앞으로 더 많은 팬덤을 만들 수 있도록 노력할 텐데, 미니가 점점 더 좋아졌으면 좋겠어요! 나를 좋아하게 되어 기쁩니다, 저와 함께 가자!"
1001537,"저는 커뮤니티에 기여하는 Xuanli이며, 17 년부터 미니 월드와 접촉해 왔으며, 글쓰기에 참여하기 위해 [상금 수집] 활동의 보상을 받고 싶었 기 때문에 19 년 만에 미니 커뮤니티 섹션을 발견했으며, 이것이 2021 년 5 월부터 12 월까지 거의 170 개의 게시물을 작성하고 수많은 조회수, 좋아요 및 댓글을 받았습니다. 나는 자랑스러워하지 않을 것이지만 지역 사회에 계속 기여하기 위해 열심히 노력할 것입니다!"
1001538,"평범하고 말도 안되는 말을 잘하고, 수억 마리의 사회적 소를 잃은 아름다운 여성!! 저에게 투표하세요! 저에게 투표하세요! 저에게 투표해 주세요! 저에게 투표해 주세요!! 나를 위해 투표하십시오, 당신은 투표 할 수 없습니다, 당신은 손실을 겪을 수 없습니다, 당신은 속일 수 없습니다 !!"
1001539,"안녕하세요, 저는 모래 조각 소녀 인 Jinyu이며, 가족을 공유하는 작은 친구들은 저를 Yuzu라고 부릅니다 (우리는 왜 그런지 모르겠습니다. 우리는 감히 묻지 않습니다) 독서, 음악 듣기, 핸드북 등을 좋아합니다 ... 처음에는 나눔의 집에 왔을 때도이 신비한 지위와 급여에 매료되어 소매를 걷어 올리고 열심히 일하면서 ""먹는 것을 잊고""많은지도 공유 게시물을 게시했으며 마침내 Brown Sugar (Meow Little Sugar)가 공유 홈 그룹의 리더 자리를 차지하고 공유 홈 조직의 관리자가되어 Xiaobai의 공유를 안내하고 그룹의 조화를 유지하며 플레이어가 다양한지도 작업을 볼 수 있도록하고 미니 커뮤니티의 콘텐츠 생태계가 번영하도록 돕는 원래 의도를 항상 유지해 왔습니다."
1001540,"저는 공유자의 관리자 1 그룹의 구성원입니다. 나는 쾌활하고 미소 짓고 다른 사람들과 행복을 나누는 것을 좋아합니다. 나는 여행, 음악 듣기, 그림 그리기, 모든 종류의 스포츠 등 다양한 취미를 가지고 있습니다. 무의식적으로, 내가 Sharing Home의 큰 가족에 들어간 지 거의 1 년이 지났고, 처음에는 무지에서 팀 리더로 서서히 성장했으며, Sharing Home이 나에게이 기회를 줄 수 있다는 것을 매우 기쁘게 생각합니다. 앞으로도 커뮤니티의 번영을 공유하고 기여할 수 있는 더 나은 지도를 작성하기 위해 계속 열심히 노력할 것입니다!"
1001541,"안녕하세요 여러분, 저는 잘 생기고 매력적인 여우 사냥꾼입니다 ~ 저는 샌드 박스, 액션 게임, 미니 4 세 플레이어, 조직 및 관리, 책임감 있고 책임감 있고 진지한 업무에 중점을 둔 게임 애호가입니다. 밝은 빛이있는 한, 미니 그룹 채팅이있는 곳, 내 모습이있을 것입니다, 내 발자취를 따라 가고, 꿈의 날개를 꽂고, 미니 세계를 함께 방황하십시오 ~"
1001542,"미나 씨는 좋다, 나는 우유다, 나는 끈적 끈적한 비둘기 에센스, 버블 링 헤어 페인팅은 기본적으로 운명에 근거한다 ( ???? 나도 놀랐지 만, 나 같은 사람들이 실제로 선택 될 수 있고, 나의 평소 취미는 고양이와 고양이를 연주하는 것입니다 (대부분은 긁힐 것입니다), 음악 게임을하고 그림을 그리며, 나 자신은 더 많은 사회적 두려움, 지인 만 채팅하지만, 나는 이것을 사교하고 극복하려고 노력할 것입니다!"
1001543,"커뮤니티 스타 후보로 초대해 주셔서 대단히 감사합니다 ~ 미니 커뮤니티 공유자 설립 초기에 콘텐츠 제작을 위해 공유자 조직에 합류했으며 나중에 팀 리더로 임명되어 공식 최적화에 협조하여 관련 시스템 및 지침 자습서를 공식화했습니다. 풍부한 콘텐츠, 다양한 문화, 지역 사회 곳곳에 꽃이 만끽할 수 있습니다. 미니 월드의 무한한 창의성이 마음에 들고, 미니 커뮤니티의 콘텐츠를 돕고 빛나고 싶습니다~"
1001544,"안녕하세요~ 안녕하세요 여러분, 저는 유자입니다! 저는 미니 커뮤니티의 Raiders V이고 평범한 플레이어이기도 합니다. 저는 보통 그림 그리는 것을 좋아합니다. 올해의 커뮤니티 스타 후보로 선정되어 영광입니다. 2020 년 6 월 5 일은 미니 월드 게임을 접한 날이며, 처음에는 아무것도 이해하지 못했지만 친구의 소개를 통해이 게임에 대해 알게되었습니다. 나중에, 나는 미니 박스 소프트웨어와 접촉하게되었고, 친구의지도 후에 ""Big V""의 메달이 있다는 것을 알게되었고, 나는 계속해서 글쓰기를 시도하고 배운 후에 V로가는 길을 열었고, 마침내 2020 년 말에 인턴쉽 V가되었고, 열심히 일한 끝에 2021 년 3 월 1 일에 공식 V로 전환했습니다. 나는 또한 현재의 나를 가지고있다. 글쎄, 이것은 V에 대한 나의 개인적인 여행입니다! 친구들이 놀러 올 수 있습니다! 인턴쉽 기간의 친구들이 가능한 한 빨리 긍정적이 될 수 있기를 바랍니다!"
1001545,"안녕하세요 여러분, 저는 미니 커뮤니티의 선임 검사관, 소규모 기자 및 전략 검토 저자, 개발자 커뮤니티의 그룹 리더, 싱크 탱크 등인 Nono입니다! 나는 더 책임감있는 모래 독수리이고, 모두가 나를 더 많이 부르고, 누오 돼지, 뚱뚱한 누오 ... 그의 취미는 그림 그리기인데 나는 결코 포기하지 않았다. 18 년 1 월에 미니에 들어갔고, 같은 해 6 월에 상자에 대해 배웠고, 처음부터 지금까지, 성장 경험을 말해야한다면 정말 너무 많은 이야기가 있습니다."
1001546,"저는 커뮤니티 글쓰기의 큰 V의 일원이며 작은 커뮤니티 기자이기도 합니다. 저는 평소에 글쓰기를 아주 좋아하고, 커뮤니티에서 많은 친구들을 만났을 뿐만 아니라 글쓰기 수준을 높이고 많은 개발자들의 비하인드 스토리를 파헤쳤습니다. 가장 중요한 것은 미니 세계에 대한 직접적인 정보에 액세스 할 수 있다는 것입니다, 나는 기쁨을 나누는 느낌을 좋아합니다, 나는 계속 응원 할 것입니다!"
1001547,"나는 수제 점토 큰 V이며, 보통 모든 종류의 미니 월드 캐릭터를 꼬집는 것을 좋아하며, 내가 가장 좋아하는 작품, 즉 내가 매우 좋아하는 작품을 말해야합니다!"
1001548,"안녕하세요, 저는 Blossom & Falling Rain입니다, 이번에 후보자로 선정되어 매우 기쁩니다. 올해에야 커뮤니티 페인팅 팀에 합류했습니다. 회화는 지속적인 개선의 과정이며, 올해 큰 V 회화에서 많은 위대한 신들을 만났습니다. 앞으로도 여러분과 함께 발전하고 새로운 커뮤니티에 함께 작은 공헌을 할 수 있기를 바랍니다. 내 취미는! 뭔지 맞춰봐?"
1001549,"안녕하세요 여러분, 저는 큰 V Yunchen입니다, 제가 큰 V 였을 때부터 1 년 반이 지났고, 눈 깜짝 할 사이에 시간이 지났고, 나는이 큰 가족에서 많은 것을 얻었습니다. 그것은 종종 모든 사람들과 의사 소통하고 글을 쓰며 삶의 기쁨을 함께 나누는 사랑의 조직입니다. 내 작품에는 여전히 많은 단점이 있으며, 좋아하는 사람들이 계속 좋아할 수 있기를 바랍니다!"
1001550,"나는 빅 V에 새로 온 사람이며, 빅 V가되는 길의 슬픔에 대해 많이 말하지 않을 것입니다. 평소에는 온갖 미니어처 전략을 하는 것을 좋아하고, 사실적인 사물을 미니 월드로 옮기는 성취감을 즐깁니다. 제 작품을 즐기시길 바라며, 앞으로도 더 많은 창작물을 탐구하겠습니다!"
1001551,연간 선택
1001552,연간 선발이 종료되었으니 다시 열어 최종 순위를 확인하세요
1001553,"너무 빨리 클릭, 사용하려면 @ 1 초를 클릭하십시오."
1001554,"너무 빨리 클릭, 투표하려면 @ 1 초를 클릭하십시오."
1001555,읽기 작업이 실패했습니다. 나중에 시도하십시오.
1001556,갑옷 전사
1001557,스노우 파티
1001600,의무
1006001,레벨업을 축하하고 @1 에너지 넘치는 플레이어에게 독점 보상을 받으세요
1006002,@ 1일 남음
1006003,@1级高能玩家
1006004,@1级高能玩家
1006005,이번 달 @1일에 로그인하면 다음 달 중순 이후 @레벨 2 고에너지 플레이어로 업그레이드할 수 있습니다
1006006,@1 레벨 고에너지 플레이어 전용 보상을 받으신 것을 축하드립니다
1006007,달성
1006008,[@ 레벨 1 고에너지 플레이어]의 요구 사항이 충족되었으며 @ 2일 후에 레벨을 올릴 수 있습니다.
1006101,새로운 사용자를 초대하고 영원히 차려입고 승리하세요
1006102,누적 초대장: [color=#EF8012]@1名[/color]
1006103,이벤트 기간: [color=#EF8012]@1-@2[/color]
1006104,신규 플레이어는 공개 맵(3분)을 플레이하여 사람들을 초대하여 보상을 받습니다.
1006105,새로운 @ 1 명 끌어 오기
1006106,새로운 @ 1 명 끌어 오기
1006201,얻으러 가다
1006301,#c060606 [ 친구가 팻 메시지를 보냈습니다. 보려면 최신 버전으로 업데이트하십시오 ] #n
1006302,%s이(가) %s을(를) 두드렸습니다.
1006303,나는
1006304,선장에게 팻을 보낼 수 없습니다
1010001,음성 변경 매개 변수가 구성되지 않았습니다.
1010002,음성 변경 매개 변수가 잘못 구성되었습니다.
1010003,음성 변경 오류 ret = @1
1010004,원문 언어
1010005,롤라 요원
1010006,니니
1010007,캡틴 톰
1010008,카
1010009,아이를 낳다
1010010,악성
1010050,이의 제기를 제출했으며 직원이 1-3일 이내에 검토할 것입니다.
1010051,이의 제기 사유를 10단어 이상 입력해 주세요.
1010052,감사 규칙 검토Review the audit rules
1100001,독점 보상
1100002,멋진 추천
1100003,게임 시작
1100004,함께 새로운 세상을 만들어 가세요
1100005,게임 로비
1100006,멀티플레이어 온라인
1100007,미니 워크샵
1100008,자원
1100009,미니샵
1100010,복지
1100011,큰 회원
1100012,특전 카드
1100013,과일
1100014,커뮤니티
1100015,고국
1100016,친구
1100017,친구가 게임을 하고 있습니다.
1100018,@1 새 메시지가 있습니다.
1100019,@1 새로운 응용 프로그램이 있습니다.
1100020,멋진 활동
1100021,개인 드레스 보내기
1100022,무료 제품군
1100023,하루 전에 재생되었습니다.
1100024,몇 시간 전에 재생됨
1100025,몇 분 전에 재생되었습니다.
1100026,방금 놀았다
1100027,피드백 덕분에 성공적인 운영은 이러한 콘텐츠 권장 사항을 줄입니다
1100028,"작업이 성공적이었습니다, 의견을 보내 주셔서 감사합니다"
1100029,기능이 꺼져 있습니다.
1100030,함께 플레이할 친구 추가
1110001,안녕하세요~ 모험가 여러분께:
1110002,모험을 시작하세요
1110003,Mini World의 새 버전에 오신 것을 환영합니다.
1110004,여기에 숨겨진 세계 창조 도구를 사용하여 게임과 게임 플레이를 만들고 창의력을 마음껏 발휘하십시오!
1110005,빨리 게임을 시작하고 싶으신가요? 좋아하는 게임 선택!
1110006,크리에이터 베이스캠프! 0에서 1까지의 유모 수준의 안내와 방대한 자료 라이브러리가 여러분의 탐색을 기다리고 있습니다!
1110007,"멋진 스킨, 가챠 조각, 행운의 팩이 모두 여기에 있습니다!"
1110008,"공식 발표, 버전 최신 정보, 신비한 선물, 친구 소식?"
1110009,[집]의 기능적인 입구가 여기로 옮겨졌습니다! 집에 갈 때 잘못하지 마세요!
1110010,거르다
1110100,생일이 [color=#ffed21] @ January @ 2nd [/color]인데 아직 파티가 시작되지 않았어요~
1110101,생일 카운트다운:
1110102,하늘
1110103,"생일 파티에 참여하기 위해 생년월일을 기입하고, 성공적으로 참여하여 영구적 인 사계절 의상을 얻고, 독점적 인 생일 선물을 가질뿐만 아니라 친구들과 축하하십시오. 매년 생일에 받는 보상이 점점 더 풍성해진다고 들었으니 꼭 참가해 주세요~ 정확한 생년월일을 선택하세요! 생일 선물마다 다르니까~~"
1110104,미니월드에서 생일 파티에 참석하고 있으니까 하자!
1110105,"생일을 축하하고, 케이크를 나눠 먹고, 옷을 입고, 친구들과 즐거운 시간을 보내세요!"
1110106,"""미니 월드""생일 파티가 시작됩니다! 생일 전용 아바타 프레임과 생일 드레스를 무료로 받으세요!"
1110107,"""미니 월드""생일 파티가 시작됩니다! 생일 전용 아바타 프레임과 생일 드레스를 무료로 받으세요!"
1110108,휴대폰 사용자만 리마인더를 설정할 수 있습니다~
1110109,작업이 너무 자주 발생하면 나중에 다시 시도하십시오.
1110110,"캘린더 쓰기 권한이 꺼져 있습니다, 미리 알림을 켤 수 없습니다, 당신은 그것을 켤 수 있습니까?"
1110500,특권
1112000,비밀번호 관리
1112001,보안 인증
1112002,비밀번호를 변경하기 전에 보안 인증을 위해 등록된 휴대폰/이메일 주소를 선택하세요
1112003,%s이(가) 확인됨
1112004,바인딩된 %s을(를) 확인하여 암호를 변경하고 있습니다.
1112005,%s 인증 코드를 입력하세요.
1112006,이메일 인증 코드 입력
1112007,확인할 수 없나요? 시도 해봐
1112008,계정 이의 제기
1112009,@1:@2的密码 설정해 주세요.
1112010,"미니를 설정하세요: %s 문제 비밀번호, 질문 비밀번호 및 비밀번호는 모두 게임 로그인에 사용할 수 있습니다."
1112011,팁:
1112012,"1. 미니넘버와 비밀번호로 다른 기기에 로그인할 수 있습니다(친구, 계정 통화/소품은 유지되며 보관 및 공유 후에만 유지됨)"
1112013,암호는 @1-로 @2位组成.
1112014,비밀번호는 @1자리보다 작을 수 없습니다.
1112015,"@1-@2位, 최소 2가지 유형의 문자/숫자/기호 포함"
1112016,정답을 입력해 @1位以上
1112017,질문 비밀번호
1112018,위의 비밀번호를 다시 입력하십시오
1112019,질문 비밀번호 추가
1112020,현재 계정이 휴대폰에 바인딩되어 있지 않은 경우 먼저 휴대폰을 바인딩하십시오
1112021,현재 계정이 이메일 주소에 바인딩되어 있지 않은 경우 먼저 이메일 주소를 바인딩하십시오
1112022,복구 방법 선택
1112023,%s이(가) 검색됨
1112024,%s을(를) 입력하여 계정 바인딩을 검색하십시오.
1112025,계정의 보안을 위해 비밀번호를 변경하고 계정을 검색하는 데 사용할 수 있는 휴대폰과 이메일을 가능한 한 빨리 바인딩하는 것이 좋습니다
1112026,미니 번호 로그아웃
1112027,"로그아웃 후에는 Mini에 로그인할 수 없으며 계정 정보 및 개인 데이터(모든 항목, 통화, 게시된 지도, 리소스 등)도 함께 삭제됩니다"
1112028,취소하기 전에 귀하의 계정과 재산의 보안을 보장하기 위해 다음과 같은 확인을 수행합니다
1112029,"계속하기 전에 [color=#76b04a] ""미니 취소 계약"" [/color]를 주의 깊게 읽으십시오"
1112030,로그인하는 다른 방법
1112031,답변을 입력해 주세요
1112032,"암호에는 문자, 숫자 및 기호(예: a, 2 및 ?)의 두 가지 형식이 포함됩니다."
1112033,질문을 입력해 주세요
1112034,계정 보안을 위해 비밀번호를 변경하기 전에 휴대폰 또는 이메일 주소를 바인딩하십시오
1112035,지금 바인딩
1112036,지금은 아닙니다
1112037,%s 바인딩
1112038,바인딩을 변경하는 %s
1112039,이미 휴대전화를 바인딩했습니다.
1112040,이미 이메일 주소를 바인딩했습니다.
1112041,비밀번호는 동일한 숫자/문자/기호일 수 없습니다.
1112042,%s을(를) 바인딩 해제하려면 바인딩된 %s를 확인하고 확인 코드를 입력하여 바인딩을 해제해야 하며 바인딩을 해제한 후 %s를 다시 바인딩할 수 있습니다
1112043,%s을(를) 다시 bined하기 전에 원래 바인딩에 바인딩된 %s을(를) 확인하고 확인 코드를 입력하여 ID를 확인해야 합니다
1112044,%s 바인딩 해제
1112045,바인딩하려면 %s을(를) 입력하십시오.
1112046,리바운드할 %s을(를) 입력하세요.
1112047,암호는 연속된 숫자나 문자일 수 없습니다
1112048,미니 번호를 입력해 주세요
1112049,%s을(를) 검색했습니다.
1112050,%s이(가) 성공적으로 바인딩되었습니다.
1112051,%s 바인딩 성공
1112052,비밀번호 재설정
1112053,@1:@2가 검색되었습니다. 계정 보안을 위해 새 비밀번호를 설정하세요.
1112054,암호:
1112055,질문:
1112056,대답:
1112057,"미니 번호는 도난, 차단 등의 위험이 없습니다."
1112058,미니 개발자 관련 통화 잔액이 0으로 지워집니다.
1112059,계정에 보안 위험이 있습니다.
1112060,귀하의 미니 넘버는 15일 이내에 비밀번호 변경과 같은 민감한 작업을 수행했으므로 계정을 안전하게 유지하세요.
1112061,개발자 관련 잔액이 정산되지 않았습니다.
1112062,개발자 생성 서비스 플랫폼으로 이동하여 관련 잔액을 정산 한 다음 미니를 취소하십시오.
1112063,장치 관리
1112064,장치 관리에 로그인합니다.
1112065,전원을 켠 후 미니 넘버에 로그인 한 장치 정보를 볼 수 있습니다
1112066,최근에 로그인한 장치:
1112067,이 기계
1112068,"미니 번호가 휴대 전화에 바인딩되지 않았습니다, 먼저 휴대 전화를 바인딩하십시오, 당신은 장치 관리에 로그인 할 수 있습니다."
1112069,로그인 기기 관리를 사용 중지하시겠습니까? 이 기능을 끄면 로그인한 기기 정보가 표시되지 않습니다
1112070,미니를 되찾아라
1112071,새로운 미니에 가입하세요
1112072,등록 제출
1112073,팁 : 계정 정보의 보안을 위해 계정 비밀번호를 올바르게 보관하십시오.
1112074,다음 미니 번호와 비밀번호를 신중하게 저장하거나 종이에 적어 두거나 사진을 앨범에 저장할 수 있습니다.
1112075,암호:
1112076,다른 미니 번호에 로그인
1112077,비밀번호 로그인 문제
1112078,미니 번호 삭제됨
1112079,"삭제 후에는 Mini에 로그인할 수 없으며 계정 정보 및 개인 데이터(모든 항목, 통화, 게시된 지도, 리소스 등)도 함께 삭제됩니다"
1112080,삭제하기 전에 귀하의 계정과 재산의 보안을 보장하기 위해 다음과 같은 확인을 수행합니다
1112081,"계속하기 전에 [color=#76b04a] ""미니 삭제 계약"" [/color]를 주의 깊게 읽으십시오"
1112082,"계정 확인 정보가 유효하지 않습니다, 계정 보안을 위해 비밀번호를 다시 입력하여 로그인하십시오"
1112083,직접 저장
1112084,%s 입구가 아직 열리지 않았습니다.
1112085,먼저 계정 확인을 완료하세요.
1112086,다른 계정으로 로그인하기
1112087,대화
1112088,계좌 번호를 입력해 주세요
1112089,보안 질문을 선택하세요.
1112090,질문에 대한 답변을 입력하십시오.
1112091,@1 작성자: @2-@3位组成
1112092,@1은 @2비트보다 작거나 같아야 합니다.
1112093,@1은 @2를 포함해야 합니다.
1112094,손가락
1112095,편지
1112096,문자를 포함하여 @1-@2位账号를 입력하십시오.
1112097,숫자와 문자를 포함하여 @1-@2位密码을 입력하십시오.
1112098,비밀번호를 다시 입력해 주세요
1112099,@1不能含有特殊字符
1112100,@1不能含有非法字符
1112101,이미 계정이 있는 경우 로그인으로 이동합니다.
1112102,새 계정이 성공적으로 등록되었으며 다음에 계정 비밀번호를 사용하여 로그인할 수 있습니다
1112103,@1不能为空
1112104,현재 login@1 :
1112105,계정 복구에 사용할 수 있는 계정 정보를 개선하고 계정 보안을 보장합니다.
1112106,계정 바인딩
1112107,계정 복구에 사용할 수 있는 계정 정보를 개선하고 계정 보안을 보장합니다.
1112108,전화 확인
1112109,사서함 확인
1112110,보안 로그인 인증
1112111,새 장치에 로그인할 때 보안 인증이 필요합니다.
1112112,"삭제 목록에 있는 계정 기록은 복구할 수 없는데, 꼭 삭제하시겠습니까?"
1112113,"로그인할 장치를 전환하려면 계정 암호를 설정합니다(친구, 계정 통화/소품은 유지됨). 계정 정보의 기밀성에 주의하고 비밀번호 유출에 주의하십시오."
1112114,계정 검색
1112115,@1을 사용하여 다음 계정을 검색하고 계정을 선택하여 새 암호를 설정합니다.
1112116,사과
1112117,@1 계정 @2 바운드 미니넘버 @3 로그인 성공
1112118,@1Account @2 미니넘버가 성공적으로 생성되었습니다.
1112119,로그인 상태가 만료되었습니다. 다시 로그인하십시오.
1112120,@1退出失败
1112121,Mini@1 로그아웃하면 새 번호를 생성하여 게임에 입장할 수 있습니다
1112122,정지된 Mini@1 계정에 이의를 제기하여 금지 조치를 이해할 수 있습니다.
1112123,다른 계정으로 로그인하기
1112124,계좌 번호를 입력합니다
1112125,계정 만들기
1112126,계좌 번호: [color=#76B04A]@1[/color]
1112127,비밀번호: [color=#76B04A]@1[/color]
1112128,저장 권한 요청: 로컬 히스토리 로그인 계정 정보 및 지도 아카이브 리소스 획득을 위해; 거부할 경우 과거 게임 계정을 읽거나 저장할 수 없습니다.
1112129,@1@2 로그인을 전환하려면 저장 파일을 변경해야 하는 경우 게임 다시 시작을 클릭하여 교체하세요!
1112130,디렉터리 전환
1112131,참고: 전환 후 클라이언트를 다시 시작해야 합니다
1112132,목차 @1:@2
1112133,사용 중
1112134,지금 사용
1112135,사용하기 전에 @1@2
1112136,switch@1하기로 선택한 저장 디렉터리는 게임을 다시 시작한 후 데이터를 새로 고쳐야 합니다
1112137,현재 계정에는 다른 디렉토리에 맵 아카이브가 있고 @1 디렉토리가 사용 중이며 아카이브가 표시되지 않으면 시도할 수 있습니다.
1112138,게임을 다시 시작합니다
1112139,현재 사용중인 디렉토리는 전환 할 수 없습니다!
1112140,모든 아카이브 파일을 다시 검색하려면 시스템 설정 - 권한으로 이동하여 Miniworld가 스토리지 권한에 액세스할 수 있도록 하십시오!
1112141,보안 확인을 위해 확인 코드를 입력하십시오.
1112142,하나 변경
1112499,-1112499
1112500,1112500
1112501,계좌 번호:
1112502,바탕 화면
1112503,@1에서 @2로 저장하시니 개인 계정의 보안에 주의해주세요!
1112504,Apple 로그인
1112505,계정 이름
1112506,구성 확인
1112507,세계 블록이 필사적으로 로드되고 있습니다.
1112508,현재 네트워크 연결이 끊어지면 네트워크 연결을 확인하거나 다른 네트워크로 전환하고 다시 로드하는 것이 좋습니다!
1112509,현재 네트워크가 좋지 않으므로 네트워크 연결을 확인하거나 다른 네트워크로 전환하고 다시 로드하는 것이 좋습니다!
1112510,새로고침
1112511,휴대폰에 로그인하여 1년에 한 번 넥타이를 변경하십시오. 휴대폰을 변경하기 전에 원래 휴대폰을 확인해야 합니다. 신원을 확인하려면 확인 코드를 입력하십시오.
1112512,바인딩에 실패하여 휴대폰 번호가 다른 계정에 바인딩되었습니다. 바인딩이 귀하의 계정이 아닌 경우 계정 검색 또는 계정 호소 기능을 통해 처리할 수 있습니다.
1112513,바인딩에 성공하고 현재 계정 확인 휴대폰은 @1이며 향후 계정 확인 및 검색에 휴대폰을 사용할 예정입니다.
1112514,바인딩이 성공했으며 현재 계정 로그인 휴대폰은 @ 1입니다. 계정 보안을 위해 다시 로그인하십시오.
1112515,"모험가님, 로그인한 휴대폰이 변경된 횟수가 다 되었습니다. 현재 로그인한 휴대폰을 더 이상 사용할 수 없는 경우 고객 서비스에 문의하여 계정 호소를 받으십시오."
1112800,1112800-1112899
1112801,비즈니스 예외
1112802,잘못된 데이터 형식
1112803,불법 서명
1112804,필수 매개 변수가 없습니다.
1112805,잘못된 매개 변수
1112806,매개 변수 오류
1112807,"로그인 실패, 사용자 또는 비밀번호를 확인하십시오."
1112808,시스템이 사용 중입니다. 나중에 다시 시도하십시오!
1112809,계정이 차단되었습니다.
1112810,계정이 이미 있습니다.
1112811,계정이 존재하지 않습니다.
1112812,유효하지 않은 인증 코드
1112813,계정이 휴대폰 번호에 묶여 있으니 먼저 바인딩을 해제하세요!
1112814,계정이 이메일 번호에 바인딩되어 있으니 먼저 바인딩을 해제하세요!
1112815,휴대폰 계정은 휴대폰 번호의 바인딩을 해제할 수 없습니다.
1112816,이메일 계정은 이메일 주소에 바인딩 해제할 수 없습니다.
1112817,인증 코드를 보내지 못했습니다.
1112818,전화가 다른 계정에 연결되었습니다.
1112819,이메일 주소가 다른 계정에 바인딩되었습니다.
1112820,전화가 계정에 연결되어 있지 않습니다.
1112821,이메일 주소가 계정에 연결되어 있지 않습니다.
1112822,계정이 휴대폰 번호에 묶여 있지 않습니다.
1112823,계정이 이메일 주소에 바인딩되어 있지 않습니다.
1112824,계정 번호 또는 암호가 올바르지 않습니다.
1112825,전화번호 또는 인증 코드가 올바르지 않습니다.
1112826,암호가 규칙을 준수하지 않습니다.
1112827,계정 길이가 규칙을 준수하지 않습니다.
1112828,계정이 규칙을 준수하지 않습니다.
1112829,휴대 전화의 국제 지역 번호는 비워 둘 수 없습니다.
1112830,이메일 번호 또는 인증 코드가 올바르지 않습니다.
1112831,유효하지 않은 채널 번호
1112832,타사 채널 오류
1112833,아직 비밀번호를 설정하지 않았으므로 먼저 비밀번호 재설정 기능을 사용하여 비밀번호를 설정하세요!
1112834,바인딩에 실패했습니다. 타사 계정이 바인딩되었습니다!
1112835,SMS 인증 코드 전송 한도에 도달했습니다.
1112836,계정이 빠르게 등록된 사용자가 아닙니다.
1112837,휴대폰 번호가 바인딩되었습니다.
1112838,사서함 번호가 바인딩되었습니다.
1112839,등록된 IP 계정 수가 한도에 도달했습니다.
1112840,장치에 등록된 최대 계정 수에 도달했습니다.
1112841,휴대폰 번호가 다른 계정으로 바인딩되었습니다.
1112842,로그인한 휴대폰을 매년 변경할 수 있는 횟수가 소진되었습니다.
1112900,응용 프로그램 목록
1112901,친구 찾기
1112902,추가하려는 미니 또는 사용자 닉네임을 입력합니다
1112903,스캔하여 추가
1112904,관심을 가질만한 사람들:
1112905,%s 친구 요청이 있습니다.
1112906,홈 페이지 보기
1112907,팔로워 제거
1112908,팔로우/팔로우
1112909,서로를 따르십시오
1112910,파우더 백
1112911,팔로워 %s 제거를 확인하시겠습니까? 제거 후 그 사람은 더 이상 귀하를 팔로우하지 않으며 알림을 받지 않습니다.
1112912,더 이상 %s을(를) 팔로우하지 않으시겠습니까?
1112913,더 이상 관심을 기울이지 마십시오
1112914,오늘 왔어
1112915,%s이(가) 며칠 전에 왔습니다.
1112916,%s이(가) 한 달 전에 왔습니다.
1112917,%s은(는) 몇 년 전에 왔습니다.
1112918,싱글 플레이어
1112919,멀티플레이어
1112920,%s의 지도
1112921,현재 권장 사항이 없습니다
1112922,다른 키워드 시도
1112923,검색한 친구를 찾을 수 없는 경우 아래 버튼을 클릭하여 친구를 추가하세요
1112924,%s을(를) 따라 %s 맵으로 들어가 함께 플레이하시겠습니까?
1112925,%s 그룹 응용 프로그램이 있습니다.
1112926,%s 친구/그룹 요청이 있습니다.
1112927,최대 친구 수에 도달했습니다.
1112928,상대의 친구 수가 한도에 도달했습니다.
1112929,친구 요청 알림
1112930,게임 내 친구 요청 팝업 박스
1112931,응용 프로그램을 지우십시오
1112932,*친구 요청은 7일 동안만 보관하세요.
1112933,친구 요청이 너무 많으면 알림을 끌 수 있습니다
1112934,<< 설정으로 이동
1112935,친구 요청 수가 한도에 도달했습니다. %s에서 다시 시도하세요.
1112936,시
1112937,하늘
1112938,주
1112939,달
1112940,추적은 허용되지 않습니다
1112941,친구가 신청할 수 있도록 허용
1112942,사용자가 친구 요청을 거부합니다.
1113000,
1113001,"[color=#76b04a]<html><a href='1'> 게임 라이선스 및 서비스 계약</a></html>[color], [color=#76b04a]<html><a href='2'> 개인 정보 보호 정책을 읽고 이에 동의합니다</a></html>[color], [color=#76b04a]<html><a href='3'>개인정보처리방침 요약</a></html>[color], [color=#76b04a]<html><a href='4'>아동 개인정보처리방침</a></html>[칼라]"
1113002,"#L#cfa7a0f 게임 라이선스 및 서비스 계약을 읽고 동의합니다. @@1#n, #L#cfa7a0f 개인 정보 보호 정책 @@2#n, #L#cfa7a0f 개인 정보 보호 정책 요약 @@3#n, #L#cfa7a0f 어린이 개인 정보 보호 정책 @@4#n"
1113003,게임 라이선스 및 서비스 계약
1113004,개인 정보 보호 정책
1113005,정책》
1113006,아동 개인 정보 보호 정책
1113007,"[color=#76b04a]<html><a href='0'>%s</a></html>[color], [color=#76b04a]<html><a href='1'> 게임 라이선스 및 서비스 계약</a></html > [color], [color=#76b04a]<html><a href='2'>개인 정보 보호 정책</a></html>[color], [color=#76b04a]<html><a href='3'>개인 정보 보호 정책 요약 </a></html>[ color], [color=#76b04a]<html><a href='4'>아동 개인정보처리방침</a></html>[color]"
1119999,
6660001,저작 센터
6660002,Authoring Center 도움말
6660003,"창조 센터는 미니 세계 창조의 모든 측면에서 당신을 섬길 것이며, 나는 그것을 기대합니다 ~"
6660004,작품 관리
6660005,아직 작품이 없으니 만들어 보세요
6660006,특이한 지도가 없습니다
6660201,인증된 크리에이터 되기
6660202,한정판 스타터 팩을 받으세요
6660203,가서 초보자 임무를 완수하십시오
6660204,인증 크리에이터 바로가기
6660205,리워드 받기
6660206,청구되지 않은 보상이 있습니다.
6660207,이미 크리에이터 @ 1 일
6660208,제작자 Lv.
6660209,인증으로 이동
6660210,내 초보자 작업
6660211,오늘의 성장 과제
6660212,일간지
6660213,주간 작업
6660214,단일 작업
6660215,활동
6660216,창조 가치
6660217,등급 혜택
6660218,현재 인증되지 않은 경우 초보자 작업을 시작하여 지금 인증을 완료하세요!
6660219,작업 진행 상황
6660220,지난주와 비교
6660221,활동 보상
6660222,일주일의 활성 값 :
6660223,초보자 도움말
6660224,크리에이터 도움말
6660225,크리에이터 수준 설명
6660226,스타터 팩 세부 정보
6660227,임무 완수를 축하합니다
6660228,임무 보상이 저장소로 전달되었습니다.
6660229,알았어
6660230,등급 혜택
6660231,저작 이점
6660232,레벨업 보상
6660233,활동 보상
6660234,등급 혜택
6660235,저작 이점
6660236,레벨업 보상
6660237,활동 보상
6660238,목표 달성을 축하합니다
6660239,관련 보너스 아이템이 인벤토리에 배치되었습니다.
6660240,"Q: 크리에이터 레벨은 어떻게 되나요? A: 크리에이터 레벨은 미니 월드 크리에이터의 창작 능력을 표현한 것으로, 레벨이 높을수록 크리에이터의 창작 능력이 높아집니다. 또한 작성자의 수준에 따라 더 많은 저장 위치, 더 많은 고급 저작 도구 액세스 등과 같은 저작 관련 혜택을 제공합니다. 크리에이터 등급은 아이디어에 따라 결정됩니다."
6660241,"Q: 창작가치란 무엇이며, 창의가치와 창작자 수준을 높이는 방법은 무엇입니까? A: 창의가치는 창작자의 창작 능력을 다차원적으로 종합적으로 평가하는 수치 체계입니다. 창의적 가치를 높이고 싶다면 더 높은 품질의 지도를 만들고, 지도 작품의 성능 데이터, 지도 작품의 인기, 미니 월드는 제작자의 최근 창작 실적 및 창작 데이터를 기반으로 하며, 평가를 위한 자연스러운 주와 함께, 충분히 좋으면 해당 창의적 가치를 얻을 수 있습니다."
6660242,"Q: 크리에이터 작업이란 무엇입니까? A: 크리에이터 태스크를 완료하면 결과 게임 행동이 아이디어 가치를 창출할 수 있는 기회를 갖게 되며, 일부 크리에이터 태스크는 생성 가치와 활동 가치를 직접 획득할 수 있으며, 누적 활성 가치는 주간 활성 보상 패키지를 이끌 수 있습니다."
6660243,완료
6660244,"Q: 초보자 퀘스트는 무엇인가요?\nA: 초보자 퀘스트는 미니 월드 생성의 기본 사항을 안내할 수 있으며, 모든 초보자 퀘스트를 완료한 후 공식 제작자 인증을 받고 많은 패키지 보상을 받고 많은 크리에이티브 혜택을 잠금 해제할 수도 있습니다."
6660245,잠금을 해제하려면 다른 두 가지 임무를 완료하세요.
6660246,공식 크리에이터가 되신 것을 축하드립니다
6660247,스타터 팩이 창고로 배송되었습니다.
6660248,주니어 액티브 팩
6660249,프리미엄 액티브 팩
6660250,피부 조각과 미니 콩을 얻을 수있는 기회가 있습니다!
6660397,총 게임 시간
6660398,대부분의 댓글
6660399,작업 데이터
6660400,시장
6660401,리소스 검색Search for resources
6660402,통계 기간
6660403,데이터 보기
6660404,개발자 아카데미
6660405,도움말 지침
6660406,데이터 개요
6660407,작업 데이터의 세부 정보
6660408,[크리에이터 서비스 플랫폼]으로 이동하여 개발자 인증 및 데이터 잠금 해제~
6660409,"총 작품 수: 플레이어가 맵 상세 페이지(작업장 또는 로비)를 본 누적 횟수: 플레이어가 맵 작업을 다운로드한 누적 횟수총 게임 수: 플레이어가 플레이하기 위해 맵 작업을 입력한 누적 횟수, 총 게임 수(분): 플레이어가 머물면서 플레이하기 위해 맵 작업을 입력한 누적 시간 및 평균 플레이 시간(분) : 1인당 머물면서 맵 작업을 플레이한 사람 수: 플레이어가 맵 작업에 댓글을 달았던 누적 횟수: 플레이어가 맵 작업에 댓글을 단 누적 횟수 컬렉션 수: 맵 작업이 플레이어에 의해 수집된 누적 블록 수: 맵 작업이 받은 누적 블록 수: 맵 작업이 플레이어에게 좋아요를 누른 누적 횟수광고 수익이 발생한 총 횟수: 작품에서 광고를 본 후 플레이어가 창출한 수익총 광고 노출 수: 플레이어가 맵 작업에서 광고를 재생하기 위해 클릭한 횟수기여 포인트 수: 플레이어가 미니 코인을 사용하여 작업이나 소품을 소비하는 미니 포인트의 수: 플레이어가 미니 빈을 사용하여 구매한 미니 빈의 수, 미니 빈을 사용하여 작업: 플레이어가 구매한 미니 빈의 수입니다 특별 참고 사항: 스튜디오 회원 인증을 받은 후 스튜디오에 속한 맵에는 수익 데이터가 표시되지 않습니다"
6660410,새로운 소식이 없습니다
6660411,최신 작업 데이터
6660412,아직 작품을 업로드하지 않았으니 업로드하세요!
6660413,업로드하러 가기
6660414,게임 수
6660415,게임 시간
6660416,일인당 시간
6660417,최신 코멘트
6660418,아직 아무도 댓글을 달지 않았습니다 ~
6660419,최신 댓글 페이지
6660420,작품 수
6660421,재생 횟수
6660422,같이:
6660423,수집:
6660424,코멘트:
6660425,블록 캐스팅:
6660426,최근 편집됨
6660427,최근 생성됨
6660428,가장 먼저 생성됨
6660429,가장 많이 플레이하세요
6660430,맵 편집
6660431,편집
6660432,주장
6660433,활성화되지 않음
6660434,[크리에이터 서비스 플랫폼]으로 이동하여 크리에이터 인증 및 데이터 잠금 해제~
6660435,초보자 작업
6660436,새 맵을 만들고 창의적인 여정을 시작하세요
6660437,"""만들기 시작""을 클릭하여 창의적인 여정을 시작하세요"
6660438,메시지 작성
6660439,크리에이터 커뮤니티
6660440,크리에이터 서비스 플랫폼
6660441,새 맵 만들기
6660442,백업/복원
6660443,지도 제거
6660444,지도가 삭제되었습니다.
6660445,메시지가 누락되어 삭제되었거나 찾을 수 없을 수 있습니다.
6660446,같이
6660447,지난주 팬 참여 순위
6660448,"1. 이 순위는 상위 3개만 보여줍니다. 2. 활성 팬의 순위는 맵에서 발생하는 댓글, 차단 및 좋아요를 기반으로 합니다."
6660449,누적 플레이 시간 순위
6660450,누적 플레이 순위
6660451,활성 팬 순위
6660452,아직 데이터가 없습니다
6660453,창의적 영감
6660454,인기 태그
6660455,만들러 가기
6660456,최근 이벤트
6660457,최근 활동
6660458,관련된 링크들
6660459,@Jan@2nd
6660460,행사 종료
6660461,제출 마감일
6660462,활동이 시작됩니다
6660463,이 팝업은 더 이상 표시되지 않습니다
6660464,공식 정보
6660465,모두 보기
6660466,크리에이터 규칙
6660467,오푸스
6660468,재생 횟수
6660469,창조 전략
6660470,크리에이터가 되세요!
6660471,맵을 발행하고 창의적인 여정을 시작하세요
6660472,크리에이터 연수생
6660473,타이틀은 100회 재생 시간에 도달하거나 테스트를 통과하여 승급할 수 있습니다.
6660474,시험하러 가기
6660475,창조자
6660476,이정표
6660477,내 마일스톤으로 이동
6660478,누적 재생 횟수
6660479,나는 긍정적으로 바뀔 것이다
6660480,마일스톤 검토
6660481,창조물 관리가 업그레이드되었으니 [color=#0A7FEF]로 이동하여 게임을 시작하세요 - 지도를 게시하여 작업을 관리하세요.
6660482,"맵 출시에 성공하여 크리에이터 성장의 길에 들어선 것을 축하드립니다! 이제 당신은 연수생 크리에이터입니다! [창조센터]를 통해 창작 방법을 자세히 알아보고, 미니 월드를 만드는 재미를 체험할 수 있습니다. 미니 월드에서 상상력을 마음껏 펼치세요!"
6660483,지도를 발행하고 크리에이터가 되세요
7000001,미니 월드 독점 데이터 패키지를 주문하고 미니 코인 150개를 받으세요
7000002,열립니다
7001000,지도는 다운로드를 지원하지 않습니다
8000001,방
8000002,친구
8000003,지름길
8000004,보내기
8000005,채팅하려면 여기를 클릭하세요
8000006,친구 목록
8000007,취소
8000008,그거에요
8000009,내가 가진 캐릭터를 봐
8000010,내가 얻은 무기 스킨 @1을 봐
8000011,내가 가진 탈것을 봐
8000012,내가 얻은 사용자 정의 이미지를 살펴보십시오.
8000013,"이봐, 내가 메달리온 @1을 잠금 해제했어!"
8000014,내가 얻은 스킨을 봐
8000015,지도 공유 @1 다운로드 @2
8000016,@1은 @2 룸에 참여하도록 초대합니다.
8000017,@1邀请你加入队伍一起玩
8000018,@1给你分享了他刚玩过的地图
8000019,보기
8000020,더
8000021,들어가다
8000022,방에 들어가십시오
8000023,파티에 참여하세요
8000024,지도 다운로드
8000025,길게 눌러 끕니다.
8000026,탭하여 채팅 상자를 엽니다.
8000027,@1条新消息
8000028,녹음 @1s
8000029,현재 모드는 지원되지 않습니다.
8000030,녹음 시간이 너무 짧습니다.
8000031,식별
8000032,마이크를 사용할 권한이 없는 경우 휴대전화의 설정 페이지에서 마이크를 여세요
8000033,음성 콘텐츠가 인식되지 않습니다.
8000034,네트워크 상태를 확인하고 다시 시도하십시오.
9000001,@1队胜利
9000002,공유
9000003,시계
9000004,한 라운드 더
9000005,잇다
9000006,룸 @ 1
9000007,[color=#fa7a0f]플레이어 이름[/color]
9000008,[색상 = #fa7a0f] 점수 [/ 색상]
9000009,"@1, @2, 엄지손가락을 치켜세웁니다"
9000010,주인은 다른 라운드를 위해 다시 오도록 초대합니다.
9000011,억
9000012,좋은 게임 종류를 골라서 제출해주세요~
9000013,"이 지도가 마음에 드시면 작성자를 팔로우하고, 좋아요를 누르고, 즐겨찾기에 추가하고, 공유하고, 응원할 수 있습니다~"
9000014,녹음 보관
9000015,현재 맵만 적용됩니다
9000016,"지도 #cfa7a0f 업로드 및 종료   (포르노, 정치, 폭력 및 기타 불법 콘텐츠를 제작 및 공유하는 것은 엄격히 금지되어 있으며, 위반자는 법에 따라 법적 책임에 대해 금지 및 조사됩니다) #n"
9000017,"지도를 업로드하면 방이 닫히고 모든 플레이어가 쫓겨납니다  #cfa7a0f (포르노, 정치, 폭력 및 기타 불법 콘텐츠를 제작 및 공유하는 것은 엄격히 금지되어 있습니다. 위반자는 법에 따라 법적 책임에 대해 금지 및 조사됩니다) #n"
9100000,모든 플레이어 타이틀 차단
9100001,친구 제목만 표시됩니다
9100002,모든 플레이어 타이틀을 표시합니다.
9100003,제목 편집기
9100004,모두
9100005,한계
9100006,활동
9100007,일반
9100008,제목 설명
9100009,획득 방법
9100010,쓰다
9100011,언로드
9100012,잠금 해제로 이동
9100013,획득되지 않음
9100014,제목 표시 권한
9100015,타이틀
9100016,제목 없음
9100017,개인 센터-설정-제목으로 이동하여 착용하거나 다른 작업을 수행하십시오.
9100200,친구 제목만 표시됩니다
9200000,일간지
9200001,매일 0:00에 재설정
9200002,@1 퀘스트 완료 및 @2 경험치 획득
9200003,클릭 한 번으로 경험 청구
9200004,권장 작업:
9200005,보상: @1经验
9200006,이번 주 미션이 모두 완료되었습니다!
9200007,@1级
9200008,@1级以上
9200009,풋내기
9200010,수습
9200011,후배
9200012,중간
9200013,선배
9200014,명예
9200015,왕실의
9200016,모험가
9200017,@1分钟
9200018,수준
9200019,새로운 모험가
9200020,견습 모험가
9200021,주니어 모험가
9200022,중급 모험가
9200023,고급 모험가
9200024,명예 모험가
9200025,왕실 모험가
9200026,업그레이드로 이동
9200027,아직 [color=#0AAA1A]@1级 [/color]가 남아 있어 다음 단계에 도달하려면 [Enjoy Card]로 이동하여 업그레이드하세요~
9200099,의무
9200100,텍스트에 사용할 수 없는 단어가 포함되어 있습니다. 확인 후 다시 시도하세요.
9200101,결과를 찾을 수 없습니다.
9200102,IP 지역: @1
9200103,"IP 출처는 운영자의 정보에 따라 달라지며, 궁금한 사항이 있으면 고객 서비스에 문의할 수 있습니다"
9200104,에 게시됨 @1
9200105,[color=#FFFFFF]friend[/color][color=#FF6D25]@1[/color][color=#FFFFFF] 재생 [/color]
9200106,[색상 = #FF6D25] @ 1 [/ 색상] [색상 = #FFFFFF] 친구 재생 [/ 색상]
9200107,[color=#FF6D25]@1[/color][color=#FFFFFF] 및 [/color]를 플레이하는 다른 친구들
9200198,"주당 얻을 수있는 경험의 기본 가치는 3600이며, 부가가치는 지난 주 남은 경험이며 진행 상황을 추적 할 수 있습니다"
9200199,(이월 경험 @1)
9200200,이번 주 퀘스트는 아직 시작되지 않았#cFFEB98第 @1 week#n의 미션은 아직 진행 중이니 계속 참여하세요!
9200201,매주 체크인
9200202,체크 인됨
9200203,끝난
9200204,켜지지 않음
9200205,금주의 과제 경험: #cFFEB98@1#n/@2
9200206,#cFFEB98@1#n번 완료
9200207,(최대 @ 1 시간)
9200208,작업 새로 고침을 확인하시겠습니까?
9200209,(@ 주당 1회 새로 고칠 수 있음)
9200210,[색상 = #0AAA1A] @ 1 [/ 색상] / 금주의 @2次
9200211,이번 주 최대 새로 고침 횟수에 도달했습니다
9200212,도달하지 못함
9200213,더 많은 작업 보기
9200214,상품 수령하러 가기
9200215,[color=#FFEA39]@1[/color] 경험치 획득!
9200216,이번 주 선교 경험이 한계에 도달했습니다
9200217,의무
9200218,친구 신청
9200219,파티에 초대합니다!
9200220,초대를 받았습니다: #cFA7A0F@1#n
9200221,친구 추가 신청하기
9200222,#c01c210@1#n/@2
9200223,#cFA7A0F@1의 고향 #n에 초대되었습니다.
9200224,현재 집에 있는데 새 방에 들어가는 것이 확인되었습니까?
9200225,현재 집에 있는데 친구의 집에 들어간 것이 확실합니까?
9200226,현재 게임 내에서 친구의 집에 들어가는 것이 확인되었습니까?
9200301,열쇠를 얻으려면 먼저 작업을 완료해야 합니다~
9200302,이제 열쇠를 얻었으니 청구 버튼을 클릭하여 드레스업을 받으세요!
9200303,원 조이 팩 (One Joy Pack)
9200304,미니 콩 한 봉지
9200305,기준을 충족하면 맞춤형 드레스를 받을 수 있습니다
9200399,의무
9200400,이 기능을 사용하려면 위치 정보를 얻기 위해 위치 공유를 켜야 합니다. 활성화하면 이웃에 있는 다른 플레이어를 볼 수 있으며 주변 사람들의 목록에도 표시됩니다. 이 기능을 켜면 나와 근처에 있는 플레이어가 서로에게 친구 요청을 보내거나 서로의 공개 온라인 채팅방에 입장할 수 있습니다. 위치 공유 권한이 꺼져 있는 경우 휴대폰의 [설정]에서 켤 수 있습니다.
9200401,열기 동의
9200402,스캔...
9200403,타겟팅 사용 설정
9200404,근처에 있는 사용자가 나를 추가할 수 있도록 허용
9200405,근처에 @ 1 미니 플레이어가 있습니다.
9200406,일괄 변경
9200407,@1m
9200408,@1km
9200409,지도 이름
9200410,플레이어 이름
9200411,재생 중: @1
9200412,"죄송합니다, 상대방이 주변 사람 친구 추가 기능을 켜지 않았습니다."
9200413,죄송하지만 현재 주변 플레이어 정보를 찾을 수 없으니 5분 후에 다시 확인하시기 바랍니다.
9200414,"1. 주변 인물 기능을 켜면 주변 미니 플레이어를 볼 수 있습니다.   2. 근처에 있는 사람을 친구로 추가하고 싶은 경우, 아바타 프레임의 [친구 추가] 버튼을 클릭하면 친구 앱이 상대방에게 자동으로 전송됩니다.   3. 근처에 있는 사람이 공개 온라인 지도를 플레이하고 있는 경우, 상대방의 맵 방 정보를 볼 수 있으며, [팔로우]를 클릭하여 입장하여 상대방과 함께 플레이할 수 있습니다.   3. 근처에 있는 사람의 아바타를 클릭하여 상대방의 [개인 센터]로 입장할 수 있습니다.   4. [배치 변경]을 클릭하면 근처에 여러 명의 미니 플레이어가 있는 경우 주변 플레이어의 배치를 교체할 수 있습니다.  5. [주변   사람이 나를 추가하도록 허용]을 선택 해제하면 상대방은 [주변 사람] 페이지에서 나를 친구로 추가할 수 없습니다. 단, 내 개인 센터에 들어가면 [친구 추가] 버튼을 클릭할 수 있습니다.   6. 주변 사람 기능을 끄면 모바일 장치의 [설정]에서 [위치 액세스 권한]을 끌 수 있습니다."
9310001,메시지 알림이 없습니다
9310002,시스템 메시지
9310003,대화형 메시징
9310004,메시지 푸시를 해제하면 메시지가 더 이상 메시지 푸시를 수락하지 않습니다. 방해금지를 켜면 메시지에 더 이상 빨간색 점이 표시되지 않습니다.
9310005,"""붕괴"
9310006,확장하려면 클릭하세요
9310007,》보려면 클릭하세요
9310008,내 지도에 댓글을 달았습니다.
9310009,내 의견에 답장
9310010,내 댓글이 마음에 들었습니다
9310011,내 지도가 마음에 들었습니다.
9310012,같음 합계 [color=#FF6D25] %s[/color]명
9310013,작성자가 내 댓글을 고정했습니다.
9310014,나를 언급했다
9310015,타이틀:
9310016,콘텐츠:
9310017,항목 목록이 비어 있습니다.
9310018,{%s} 아래에 있는 모든 읽은 메시지를 삭제하시겠습니까? 비운 후에는 복구할 수 없습니다.
9310019,닫은 후에는 더 이상 [보조 디렉터리] 메시지 알림을 받지 않습니다. 메시지 알림 수신을 해제하시겠습니까?
9310020,삭제하시겠습니까?한 번 삭제하면 복구할 수 없습니다. 확실하면 메시지를 삭제하십시오.
9310021,@1 @2를 보냈습니다.
9311000,친구 고정이 제한됩니다.
9311001,친구가 성공적으로 고정되었습니다.
9311002,고정 해제 성공
9311003,친구 고정 반복
9311004,주석 수정
9311005,닉네임: @1
9311006,클릭하여 메모 이름(최대 7단어)을 입력합니다.
9311007,참고: 수정에 성공했습니다
9311008,참고: 수정에 실패했습니다.
9311009,발언은 철회되었습니다
9311010,비고 이름 해지 실패
9311011,비고 이름을 입력해 주세요
9312000,최고의 파트너
9312001,베스트 파트너 표시
9312002,개인 계정 표시 또는 숨기기 다른 사람에게 최고의 파트너 표시
9312003,끝내다
9312004,관리하다
9312005,%s#r1과의 관계를 해제하시겠습니까?1.친구와의 상호 이익이 제거됩니다.#r2.친구와의 가장 친한 친구 기록이 삭제됩니다.#r3.해산 메시지가 메시지 센터를 통해 상대방에게 전송됩니다.
9312006,관계 디졸브 실패
9312007,관계를 성공적으로 해소합니다.
9312008,관리하기에 가장 좋은 파트너는 없습니다
9312009,%s과(와) 파트너 관계
9312010,%s 파트너 유형도 만들 수 있습니다.
9312011,파트너 추가(%s/%s)
9312012,먼저 파트너 유형을 선택하십시오.
9312013,응용 프로그램이 실패했습니다.
9312014,신청서가 발급되었습니다
9312015,암묵적 이해: %s/%s
9312016,표준에 미치지 못함
9312017,적용
9312018,에 추가
9312019,신청서가 제출되었으며 처리 대기 중입니다
9312020,당신은 다른 사람과의 암묵적인 이해가 충분하지 않습니다
9312021,"- 레벨 보상: 친구 목록, 친구 정보 카드 표시 다르게 [color=#FF6D25] [관계 아이콘 + 값] [/color]"
9312022,"2단계 보상: 친구 [color=#FF6D25]이(가) 방에 들어가 [/color]를 방송하게 하며, 이는 쇼핑몰 방송 페이지에서 설정할 수 있습니다."
9312023,레벨 3 보상: 개인 센터 관계 친구 [color=#FF6D25] 스탠드 [/color]를 얻을 수 있습니다.
9312024,"첫째, 암묵적인 이해는 #L2#1입니다. 일일 암묵적 성취도의 가치는 총 상한선이 20점이며, 그 이후에는 20점이 적립된 것으로 계산되지 않습니다. 2. 친구와 함께 플레이하면 함께 플레이하는 3분마다 1포인트가 주어지며, 양 팀의 일일 보너스는 10포인트입니다. 3. 친구와 혼자 채팅, 두 당사자 간의 채팅 수가 2에 도달하면 각 당사자는 1 포인트를 받게됩니다 (양 당사자는 메시지를 보내야하며 초대 및 공유 메시지는 계산되지 않음) 양 당사자의 일일 한도는 2 포인트입니다. 4. 친구와 지도 공유, 친구 간에 지도를 한 번 공유하면 1포인트가 부여되며, 하루에 양 당사자가 획득할 수 있는 최대 포인트는 2점입니다. 5. 친구에게 무료 사프란 선물을 주고, 서로에게 무료 사프란 선물을 주면 2포인트를 얻을 수 있으며 일일 한도는 6포인트입니다. 6. 친구 사이에 서로에게 주어진 아이템의 가치에 따라 쇼핑몰 소품을 주고, 아이템 가치의 미니 코인 20개당 1포인트를 얻고, 양 당사자의 최대 일일 이득은 10포인트입니다. #L1# II. 베스트 파트너 #L2#1. 암묵적 이해가 100 점에 도달하면 4 명의 친구와 함께 가장 친한 친구, 친구, 자매 및 형제를 포함한 파트너십을 구축 할 수 있습니다. 2. 관계가 성립되면 관계를 해체하고 성립을 다시 적용하지 않는 한 다른 관계 유형을 변경할 수 없습니다. #L1# III. 형평성 #L2#1. 친밀한 관계를 맺은 후 친밀감 수준을 일정 값으로 높인 후 해당 권리와 이익을 얻을 수 있으며, 레벨이 높을수록 더 많은 혜택을 누릴 수 있습니다. 2. 권리와 이익은 관계의 해체와 함께 사라질 것입니다. #L1# IV. 암묵적 추론 #L2#1. 관계의 종료는 암묵적 이해를 공제하지 않습니다. 2. 두 친구 사이의 암묵적인 이해를 삭제하면 관계가 해소됩니다. 3. 양 당사자가 30 일 동안 상호 작용하지 않으면 암묵적 이해는 31 일에서 하루 7 점으로 감소하고 관계를 수립 한 친구에 대한 암묵적 이해는 100 점으로 줄어 들며 관계를 맺지 않은 친구에 대한 암묵적 이해는 다시 상호 작용할 때까지 0 점으로 줄어 듭니다."
9312025,최고의 파트너
9312026,#c0AAA1A #cFA7A0F%s에 신청하고 싶습니다.
9312027,남은 유효 기간: %s
9312028,상대방은 최고의 파트너를 숨 깁니다.
9312029,수준
9312030,남은 슬롯 [color=#52BF51] x %s[/color]
9312031,[색상 = #961A1A] % s [/ 색상]
9312032,[color=#D37E7E] 관계의 일 수: [/color][color=#961A1A]%s[/color]
9312033,[색상 = #DC3A3A] % s [/ 색상]
9312034,[색상 = #96401A] % s [/ 색상]
9312035,[색상 = #D29E61] 관계의 일 수 : [/ 색상] [색상 = #96401A] % s [/ 색상]
9312036,[색상 = #F79B2F] % s [/ 색상]
9312037,[색상 = #961A5D] % s [/ 색상]
9312038,[color=#C680CC] 관계의 일수: [/color][color=#961A5D]%s[/color]
9312039,[색상 = #C938DA] % s [/ 색상]
9312040,[색상 = #1A6696] % s [/ 색상]
9312041,[색상 = #67A3CD] 관계 일 수 : [/ 색상] [색상 = #1A6696] % s [/ 색상]
9312042,[색상 = #3899DD] % s [/ 색상]
9312043,상대방이 이미 파트너 신청을 시작했습니다.
9312044,*버디 신청만 7일 이내에 보관됩니다.
9312045,파트너 수가 설정 한도에 도달하여 다시 시작할 수 없습니다.
9312046,현재 관계가 한계에 도달하여 설정할 수 없습니다
9312047,상대방의 현재 관계가 상한선에 도달하여 성립할 수 없습니다
9312100,
9312200,#L#cFDE642 이 맵은 적당한 엔터테인먼트와 합리적인 소비를 위해 플레이어 소품 저장을 지원합니다 #n
9312201,"이 맵은 플레이어 아이템 저장을 지원하며, 맵 스토어에서 구매한 아이템은 동일한 유형의 온라인 룸 또는 단일 머신에서 사용할 수 있습니다."
9312202,#L#cFA7A0F 이 맵은 플레이어 아이템 저장을 지원합니다#n
9312300,@1成为了新队长
9312301,@1离开了队伍
9312302,@1被请离了队伍
9312303,@1加入了队伍
9312304,팀으로 돌아가기를 클릭합니다
9312305,이미 팀에 속해 있습니다.
9312306,성공적인 팀 구성
9312307,당신은 선장이 아니며 지도를 설정할 수 없습니다
9312308,캡틴이 아니므로 게임을 시작할 수 없습니다.
9312309,서버 사용량이 많으니 나중에 다시 시도해주세요~
9312310,@1的组队联机
9312311,"#c373631酷炫的@1, 팀 구성에 대해 알아보고 친구를 초대하여 함께 싸우세요"
9312312,#c16AE25Click 여기 #c373631 파티에 친구를 초대합니다
9312313,여기에서 게임 맵을 선택하는 #c373631 #c16AE25Click
9312314,#c16AE25 좋아하는 지도#c373631 선택하세요
9312315,#c373631 여기를 클릭하여 팀원 소환하기 #r#c16AE25 계속하려면 탭하세요.
9312316,#c373631지도를 더 선택하고 싶습니까? #r#c16AE25 팀플레이를 최소화하기 #c373631 여기를 클릭하고 온라인 로비 #r 또는 미니 워크샵을 입력하여 다운로드하십시오.
9312317,#c16AE25여기를 클릭#c373631 팀으로 돌아가 게임을 시작합니다.
9312318,현재 맵은 일치하는 패턴을 지원합니다
9312319,"오, 내 좋은 친구들이 거기 있지 않니?"
9312320,현재 모드는 수정할 수 없습니다
9312321,중매 게임 중간에 참여할 수 없습니다.
9312400,나는 초보자입니다
9312401,게임 피드백
9312402,"친애하는 모험가님, 안녕하세요, 저는 선장입니다! 다음 중 어떤 질문을 하시겠습니까?"
9312403,#L#c373631 새로운 Hot List #n 확인하세요
9312500,포인트는 이번 주 상위 @1에게 부여됩니다.
9312501,금주의 주제: @1
9312502,이번 주 포인트: @1
9312503,다음 주 테마: @1
9312504,카운트다운 시작: @1일 @ 2시간
9312505,포인트가 적립되지 않았습니다
9312506,"금주의 제목: @1 유효성: @21.이번 주 이벤트의 상위 @3 포인트는 이번 주 이벤트가 끝날 때 자동으로 발행되는 타이틀을 받게 됩니다. 2. 첫 번째 칭호는 자동으로 착용되며 지도의 닉네임 앞에 표시됩니다. 3. 이미 보유하고 있는 칭호는 [타이틀 관리]에서 보거나 착용할 수 있습니다. 4. 이벤트에서 발행하는 타이틀은 기간 한정 타이틀이며, 만료일 이후에는 만료되어 착용할 수 없으니 제때 이용해주세요!"
9312507,더 이상 과거 시즌 데이터가 없으며 현재 사용할 수 없습니다!
9312508,유효 기간 @1년 @ 2개월 @ 3일
9312509,#cff9c33@1#n 즐거움 이벤트에 초대합니다 #n 이번 주 포인트는 #cff3c43@2#n #n试试看能不能超过我吧입니다!
9312510,#cff9c33@1#n 즐거움 이벤트에 초대합니다 #n 최신 버전으로 업데이트하십시오
9312511,@1년 @ 2 @ 3 - @ 4년 @ 5 @ 6년
9312512,다음 위치로 이동: @1/@2
9312513,전체 서버 랭킹 상위 @1은 기간 한정으로 칭호를 받게 됩니다
9312600,다이나믹 홀
9312601,나의 역동성
9312602,다이나믹 보내기
9312603,@ 1개월 전
9312604,@ 1년 전
9312605,동적 주제에 동기화
9312606,열
9312607,동적 검토 중에는 당분간 상호 작용이 허용되지 않습니다.
9312608,관련 맵 선택
9312609,아직 친구가 없다
9312610,플레이어 닉네임 또는 ID 입력
9312611,주제 입력
9312612,주제 선택
9312613,주제 없음
9312614,친구와 공유
9312615,너무 긴 닉네임 또는 미니 번호 입력
9312616,주제의 단어 수를 20개 미만으로 제어하십시오.
9312617,사용자를 찾을 수 없습니다
9312618,나는 게시했다
9312619,내 컬렉션
9312620,아직 지도에 입력하지 않았습니다.
9312621,아직 지도를 게시하지 않았습니다.
9312622,아직 지도를 수집하지 않았습니다.
9312623,20개 이내의 지도 단어 수를 제어하십시오.
9312624,지도 이름 입력
9312625,지도를 찾을 수 없습니다
9312626,최대 단어 수 초과
9312627,릴리스 사본이 너무 짧아서 더 많은 콘텐츠를 게시하여 더 많은 관심을 끌 수 있습니다.
9312628,일부 사진이 성공적으로 업로드되지 않았습니다.
9312629,사진이 업로드되고 있습니다.
9312630,작업의 검토 상태가 비정상적이어서 공유할 수 없습니다.
9312631,사진을 업로드하려면 앨범 액세스를 승인해야 합니다. 개인 센터로 이동하여 설정에서 엽니다.
9312632,업로드한 사진의 크기가 제한을 초과하므로 5M 이내로 제어해 주세요.
9312633,# 뉴스 게시
9312634,투표
9312635,# 동적 설정
9312636,쌍방
9312637,멀티 파티
9312638,투표 제목
9312639,입력하십시오(1 단어 이내).
9312640,옵션 @ 1
9312641,마감일
9312642,마감일은 현재 시간 이후 30분이어야 합니다.
9312643,옵션 추가
9312644,투표 제한
9312645,라디오 전용
9312646,다중 선택만
9312647,# 시간 확인란
9312648,아직 설정하지 않음
9312649,# 다이나믹 리스트 카드 투표 구성 요소
9312650,투표하려면 위의 버튼을 클릭하십시오(라디오).
9312651,투표하려면 위의 버튼을 클릭하십시오(여러 가지 선택).
9312652,사람들이 참여하다
9312653,투표 의견 공유
9312654,카운트다운 @ 1분
9312655,카운트다운 @ 1시간
9312656,더 많은 사진을 보려면 왼쪽과 오른쪽으로 스와이프하십시오.
9312657,대화형 메시지
9312658,새 팬 추가
9312659,이벤트 뉴스
9312660,아직 소식이 없습니다~
9312661,당신을 따라
9312662,"참여하신 투표 결과 ""@1""이 공개되었습니다. 와서 보세요!"
9312663,이 댓글: @ 1
9312664,나는 당신에게 대답했다: @ 1
9312665,댓글에 @ you: @ 1
9312666,다이나믹에서 @ you: @ 1
9312667,이 게시물에 댓글 달기: @ 1
9312668,더 많은 주제
9312669,사진이 불법입니다. 사진을 변경하고 다시 시도하십시오.
9312670,당신은 #cEF8012 @ 1 #n과 다른 # cEF8012@2#n 새로운 다이내믹을 출시했습니다. 와서 보세요!
9312671,이 다이나믹: @ 1
9312672,상호 관심
9312673,지도를 업로드하지 않고는 추천할 수 없습니다. 먼저 지도 공개를 완료하십시오.
9312674,투표가 만료되었습니다
9312675,빨간 사각형
9312676,파란색 사각형
9312677,투표 시작
9312678,제목을 입력하십시오
9312679,투표 옵션을 입력하십시오.
9312680,#cEF8012@@1#n 새로운 다이내믹을 출시했습니다. 와서 보세요!
9312681,원래 다이내믹이 삭제되었습니다.
9312682,총 @1개의 답변
9312683,링크 삽입
9312684,메시지 삭제
9312685,링크 이름을 입력하세요
9312686,링크 이름
9312687,링크 주소
9312688,이 댓글은 삭제되었습니다.
9312689,이 답글은 삭제되었습니다.
9312690,#c0aaa1a@1(@2)#n 댓글 아래의 모든 메시지를 포함하여 삭제하시겠습니까?
9312691,링크주소를 입력해주세요
9312692,사진 공유
9312693,동적 ID가 복사되었습니다.
9315000,선장만 모집을 시작할 수 있습니다.
9315001,주택 소유자만 모집을 시작할 수 있습니다.
9315002,팀 모집
9315003,팀 모집 @1s
9315004,모집 정보가 만료되었습니다!
9315005,"비밀번호를 취소하고 방을 열 것인지, 모집을 계속 게시합니다."
9315006,방을 열고 모집을 계속할지 여부는 열리지 않습니다.
9315007,"객실 비밀번호 설정, 비밀번호 취소 여부 및 채용 계속 게시 여부"
9315008,객실 모집
9315009,객실 모집 @ 1s
9315010,채용 성공
9315011,함께 플레이할 팀원을 모집합니다.
9315012,아직 회원이 없습니다
9315013,채용 게시
9315014,팀 규모:
9315015,팀 레이블:
9315016,"채용 정보는 ""채용 홀""에 게시됩니다."
9315017,객실 이름:
9315018,객실 라벨:
9315019,랜덤 맵
9315020,지도를 선택하십시오
9315021,지도를 확실히 완성하시겠습니까?
9315022,종료 후에는 모든 게임의 이벤트 포인트가 정산됩니다. 결투를 완료하지 않은 경우 이벤트 포인트를 획득할 수 없습니다.
9400001,행동 트리
9400002,바인딩 동작 트리
9400003,새로운 행동 트리
9400004,이름 바꾸기
9400005,복사
9400006,삭제
9400007,확인.
9400008,삭제 확인
9400009,동작 트리는 여러 클래스에 바인딩되어 있습니다. 삭제되면 다른 클래스도 자동으로 바인딩되지 않습니다.
9400010,확인.
9400011,취소
9400012,교체
9400013,바인딩 해제
9400014,파일 이름이 이미 있습니다. 다른 이름을 입력하십시오!
9400015,파일 이름은 비워 둘 수 없습니다
9400016,삭제 후 이 동작 트리를 검색할 수 없습니다. 삭제를 확인하시겠습니까?
9400017,기존 카드 기능
9400018,행동 트리 선임 편집기
9400019,아직 열리지 않음
9400020,고급 옵션 편집
9400021,고급 편집 방법을 선택하십시오.
9400022,디버그 메뉴 확장 및 축소
9400023,디버그 바이오 선택
9400024,실행 및 일시 중지
9400025,프레임별 실행
9400026,캔버스 이동
9400027,클릭
9400028,디버그할 생물 선택
9400029,디버깅 기능이 켜져 있습니다.
9400030,디버깅이 꺼져 있습니다.
9400031,공식 템플릿을 삭제할 수 없습니다
9400032,고급 편집 옵션
9400033,생물학적 고급 특성
9400034,고급 편집
9400035,[color=#FF0000]@1[/color]을 완전히 삭제하시겠습니까?
9400036,"행동 트리는 @1에 바인딩되어 있습니다.
삭제되면 다른 클래스는 자동으로 바인딩되지 않습니다."
9400037,여러 클래스
9400038,복사
9400039,재설정
9400040,재설정 후 관계자가 제공한 동작 트리가 되어 수정을 검색할 수 없습니다.
9400041,고급 크리에이티브 모드에서 사용하십시오.
9400100,복사
9400101,복제 하위 트리
9400102,연결 끊기
9400103,삭제
9400104,하위 트리 삭제
9400105,댓글 추가
9400106,오프닝 지침
9400107,붙여넣기
9400108,비어 있음
9400109,댓글 추가
9400110,개인 변수
9400111,비공개
9400112,글로벌 변수
9400113,내용
9400114,이 노드는 다음 노드와 참조 관계가 있습니다. 신중하게 삭제하십시오.
9400115,블록 참조 노드
9400116,삭제
9400130,전체 이동 노드 모드 활성화
9400150,디버그할 생물을 선택하십시오
9400151,이 생물은 디버깅을 지원하지 않습니다. 다시 선택하십시오.
9400152,없는
9401001,"이 장치가 공격당하면 공격자는 ""개체 변수""에 저장됩니다. \n 반격 대상 논리 또는 팔로우 대상 논리 등을 만들 수 있습니다."
9401002,"이 단위가 특정 항목과 상호 작용하면 상호 작용 개체가 ""개체 변수""에 저장됩니다."
9401003,동작 트리의 메시지와 트리거의 메시지 상호 통신. \n메시지 통신을 통해 복잡한 논리를 수행할 수 있습니다.
9401004,"장치 주변에서 특정 오디오가 재생되면 ""위치 변수""에 오디오 재생 위치를 저장합니다. \n 공식 오디오 파일만 수신할 수 있습니다."
9401005,장식된 노드가 성공을 반환하면 실패를 반환합니다. 실패를 반환하면 성공을 반환합니다. \nNode 반환 값만 영향을 받고 노드 논리는 영향을 받지 않습니다.
9401006,장식된 노드는 한 번만 실행되고 다시는 실행되지 않습니다.
9401007,장식된 노드는 실행될 때마다 여러 번 반복됩니다.
9401008,장식된 노드는 항상 성공을 반환합니다. 노드 로직이 아니라 노드 반환 값만 영향을 받습니다.
9401009,장식된 노드는 항상 실패를 반환합니다. \nNode 반환 값만 영향을 받고 노드 논리는 영향을 받지 않습니다.
9401010,이 노드로 연결된 후속 하위 노드는 위에서 아래로 실행됩니다. \n 하위 노드가 오류를 반환하면 시퀀스 노드가 즉시 오류를 반환합니다. \n모든 하위 노드가 성공을 반환하면 시퀀스 노드가 성공을 반환합니다.
9401011,이 노드로 연결된 후속 하위 노드는 위에서 아래로 실행됩니다. \n하위 노드가 성공을 반환하면 선택한 노드가 즉시 성공을 반환합니다. \n모든 하위 노드가 실패를 반환하면 선택한 노드가 실패를 반환합니다.
9401012,"이 노드로 연결된 후속 노드는 동시에 실행되며, 병렬 노드를 클릭하여 실패와 성공 조건을 독립적으로 구성할 수 있습니다. \n행동 논리가 있는 일부 작업 노드는 동시에 실행될 때 충돌이 발생합니다."
9401013,현재 게임 시간을 결정합니다.\nIt는 특정 시간에 특수 행동을 실행하는 것과 같은 논리를 만드는 데 사용할 수 있습니다.\n조건이 충족되면 성공이 반환되고 조건이 충족되지 않으면 실패가 반환됩니다.
9401014,위치가 특정 영역에 있는지 여부를 결정합니다. \n은 특정 영역에서 특수 동작 논리를 실행하는 데 사용할 수 있습니다. \n특정 영역에 있으면 성공을 반환합니다. \n특정 영역에 없으면 실패를 반환합니다.
9401015,위치 사이의 거리를 결정합니다.\n조건이 충족되면 성공이 반환됩니다.\n조건이 충족되지 않으면 실패가 반환됩니다.
9401016,개체 변수가 null인지 확인합니다.\null이 아닌 경우 성공을 반환합니다.\null이면 실패를 반환합니다.
9401017,두 개체 간의 팀 관계를 결정합니다. \n은 개체가 특정 파벌 관계를 만날 때만 서로를 공격하는 논리를 만드는 데 사용할 수 있습니다. \nadd는 성공을 반환합니다.\n조건이 충족되지 않으면 실패가 반환됩니다.
9401018,개체 유형이 플레이어/생물/특정 유형 생물/특정 유형 항목인지 확인합니다. \n추가가 충족되면 성공을 반환합니다. \n조건이 충족되지 않으면 실패를 반환합니다.
9401019,\n전제: 개체는 플레이어이며 개체의 플레이어 속성이 판단됩니다. \n추가가 충족되면 성공을 반환합니다.\n조건이 충족되지 않으면 실패를 반환합니다.
9401020,주변에 플레이어가 있는지 확인하십시오. \n플레이어를 찾으면 성공이 반환됩니다. \n찾을 수 없는 조건은 실패를 반환합니다. \n대상이 있을 때 길찾기 또는 공격 논리를 실행하는 데 사용할 수 있습니다.
9401021,\n전제: 개체는 생물학적이며 개체의 생물학적 속성을 판단합니다.\n조건이 충족되면 성공이 반환됩니다.\n조건이 충족되지 않으면 실패가 반환됩니다.
9401022,주변에 사각형이 있는지 확인합니다. \n은 특정 유형의 사각형이 있을 때 블록 깨기 논리를 만드는 데 사용할 수 있습니다. \nBlock 발견은 성공을 반환합니다. \nNot 발견은 실패를 반환합니다.
9401023,지정된 위치에 특정 유형의 정사각형이 있는지 여부를 결정합니다.\n조건이 충족되면 성공이 반환됩니다.\n조건이 충족되지 않으면 실패가 반환됩니다.
9401024,\n전제: 개체는 소품이며 개체의 소품 속성을 판단합니다.\n조건이 충족되면 성공이 반환됩니다.\n조건이 충족되지 않으면 실패가 반환됩니다.
9401025,개체의 방향을 설정합니다. \n당신은 물체가 플레이어를 향하도록 항상 만들 수 있습니다.
9401026,브로드캐스트 메시지를 보내기 위해 이 노드를 사용하여 트리거와 통신할 수 있습니다.
9401027,AI를 몇 초 동안 가만히 두십시오.
9401028,개체의 대기열을 설정합니다.
9401029,개체의 모양 속성을 변경합니다.
9401030,개체를 다른 개체로 바꾸면 속성이 그에 따라 변경됩니다.
9401031,물체를 타십시오.
9401032,객체가 지정된 애니메이션 ID를 재생하도록 만들기
9401033,\n전제: 개체는 플레이어입니다\n개체의 플레이어 속성 변경
9401034,\n전제: 개체는 생물학적 \n개체의 생물학적 속성을 변경합니다.
9401035,위치 근처로 이동하여 해당 위치의 사각형을 파괴합니다.
9401036,위치 근처로 이동하여 사각형을 이 위치에 놓습니다.
9401037,위치 근처로 이동하고 이 위치에서 정사각형을 교체합니다.
9401038,특정 위치에 지정된 수의 항목 저장
9401039,\n전제: 배낭에는 특정 소품이 있습니다.\n액션: 배낭 소품을 꺼내 손에 넣으십시오.
9401040,특정 항목을 생성하여 백팩에 직접 보관합니다.
9401041,주변의 특정 항목을 집어 배낭에 직접 넣습니다.
9401042,지정된 위치로 이동합니다. \n경로에 도달할 수 있어야 합니다. 그리고 그것은 50 제곱을 초과할 수 없습니다.
9401043,특정 영역에서 무작위로 이동합니다. \n경로에 도달할 수 있어야 합니다. 그리고 그것은 50 제곱을 초과할 수 없습니다.
9401044,특정 대상을 따르십시오. \n경로에 도달 할 수 있어야 합니다. 그리고 그것은 50 제곱을 초과할 수 없습니다.
9401045,위치 그룹의 순서로 이동하고 위치 그룹의 첫 번째 위치에서 순서대로 이동합니다.\n특수 위치에 대한 순찰 논리를 만들 수 있습니다.\n경로에 도달 할 수 있어야 합니다. 그리고 그것은 50 제곱을 초과할 수 없습니다.
9401046,특정 위치에서 멀리 이동하십시오. \n경로에 도달 할 수 있어야 합니다. 그리고 그것은 50 제곱을 초과할 수 없습니다.
9401047,특정 영역에서 지속적인 무작위 이동. \n경로에 도달할 수 있어야 합니다. 그리고 50제곱을 초과할 수 없습니다.
9401048,개체의 이동 방법을 설정합니다. \n이동할 하늘의 특정 위치를 만드십시오. 사각형을 통과할 수 있습니다.
9401049,먼저 목표물 근처로 가는 길을 찾고 현재 보유하고 있는 항목으로 공격하십시오. \n
9401050,먼저 목표물 근처에서 길을 찾고 특정 유형의 항목을 던집니다. \n
9401051,먼저 목표물 근처에서 길을 찾고 특정 유형의 항목을 던집니다. \n
9401052,효과 라이브러리에서 개체에 효과를 제공합니다.
9401053,개체에 대한 특정 효과를 제거합니다.
9401054,개체에서 효과를 제거하고 다른 효과를 적용합니다.
9401055,개체를 사라지게
9401056,단일 개체를 직접 삭제합니다.
9401057,이 AI를 실행하는 개체입니다.
9402000,각 프레임은 여기에서 실행됩니다.
9403000,
9403001,미스릴 팬
9403002,레시피
9403003,연료
9403004,필수 재료
9403005,레시피
9403006,메뉴
9403007,재료
9403008,기인하다:
9403009,
9403101,현재 발사체
9403102,출시되는 아이템은 왼쪽에서 오른쪽 순으로 소모됩니다.
