id,合成品名称,合成品ID,背包显示排序,子类顺序,配方类别（0常用，1战斗，2工具，3材料，4建筑，6机械，7出现在食谱内，8出现在秘银锅内。填两个表示同时显示到两个分类里）,子类(填的是crafting的id),"插件编辑（大于0开放插件编辑，1：常用,2:装备,3:道具,4:材料,5:建筑,6:装饰,7:机械；填两个表示同时显示到两个分类里",插件编辑模板[0=不是模板，1=作为模板],英文名称,海外开放,必填/插件用,合成品数量,消耗经验,横占格（填3）,竖占格（填3）,组（0不为组1为组，例如木板通用）（关联Itemdef的ItemGroup）,是否随身合成（11616钛金锤（曾经是需要工具箱0，程序特殊处理了），11000空手（曾经是不需要工具箱1，程序特殊处理了），800不完整工匠台，797完整工匠台，794石锅，795铁锅，150029融合台）,烹饪时长（制作一份所需要的标准时长，单位tick，20tick=1s）,1格材料ID,1格材料数量,1格保留容器ID,2格材料ID,2格材料数量,2格保留容器ID,3格材料ID,3格材料数量,3格保留容器ID,4格材料ID,4格材料数量,4格保留容器ID,5格材料ID,5格材料数量,5格保留容器ID,6格材料ID,6格材料数量,6格保留容器ID,7格材料ID,7格材料数量,7格保留容器ID,8格材料ID,8格材料数量,8格保留容器ID,9格材料ID,9格材料数量,9格保留容器ID,货币ID,货币数量,分数,野人合成检测开关（0需要合成；1不需要合成）
ID,ResultName,ResultID,DispOrder,SubTypeOrder,Type,SubType,EditType,IsTemplate,ENName,RegionType,Key,ResultCount,UseExp,GridX,GridY,IsGroup,IsFollowMe,Cooktime,MaterialID1,MaterialCount1,ContainerID1,MaterialID2,MaterialCount2,ContainerID2,MaterialID3,MaterialCount3,ContainerID3,MaterialID4,MaterialCount4,ContainerID4,MaterialID5,MaterialCount5,ContainerID5,MaterialID6,MaterialCount6,ContainerID6,MaterialID7,MaterialCount7,ContainerID7,MaterialID8,MaterialCount8,ContainerID8,MaterialID9,MaterialCount9,ContainerID9,MoneyID,MoneyCount,Score,HelperCheck
1,不完整工匠台,800,244,"[5,1]","[0,2]","[21500,21520]",[1],1,Toolbox,,Toolbox,1,0,3,3,1,11000,0,11323,2,,11627,8,,,,,,,,,,,,,,,,,,,,,,,,,0.1,
2,木板,206,1002,"[1,21]","[0,4]","[21503,2]","[1,5]",1,WoodBoard,,WoodBoard,1,0,3,3,0,11000,0,11323,1,,,,,,,,,,,,,,,,,,,,,,,,,,,,0.1,
3,秋叶橙木板,207,1003,[2],[4],[2],"[1,5]",,YellowOrangeBoard,,YellowOrangeBoard,4,0,3,3,0,800,0,11323,4,,11537,1,,,,,,,,,,,,,,,,,,,,,,,,,0.1,
4,象牙白木板,208,1004,[3],[4],[2],"[1,5]",,WhiteBoard,,WhiteBoard,4,0,3,3,0,800,0,11323,4,,11500,1,,,,,,,,,,,,,,,,,,,,,,,,,0.1,
5,海棠红木板,209,1005,[4],[4],[2],"[1,5]",,LightRedBoard,,LightRedBoard,4,0,3,3,0,800,0,11323,4,,11506,1,,,,,,,,,,,,,,,,,,,,,,,,,0.1,
6,落日橙木板,210,1006,[5],[4],[2],"[1,5]",,RedOrangeBoard,,RedOrangeBoard,4,0,3,3,0,800,0,11323,4,,11536,1,,,,,,,,,,,,,,,,,,,,,,,,,0.1,
7,深栗红木板,211,1007,[6],[4],[2],"[1,5]",,DeepRedBoard,,DeepRedBoard,4,0,3,3,0,800,0,11323,4,,11512,1,,,,,,,,,,,,,,,,,,,,,,,,,0.1,
8,漂浮的木板,248,1008,[7],[4],[2],,,FloatingPlank,,FloatingPlank,2,0,3,3,0,800,0,11323,1,,,,,,,,,,,,,,,,,,,,,,,,,,,,0.1,
9,水泥,11200,1009,[1],[3],[21527],[4],,Cement,,Cement,15,0,3,3,0,800,0,101,5,,11305,5,,11049,2,11320,,,,,,,,,,,,,,,,,,,,,0.1,
10,黄铜斧,11001,1005,"[7,2]","[0,2]","[21500,21508]","[1,2]",1,BrassAxe,,BrassAxe,1,0,3,3,1,800,0,11329,3,,11323,2,,,,,,,,,,,,,,,,,,,,,,,,,0.1,
11,黄铜镐,11011,1006,"[8,2]","[0,2]","[21500,21509]","[1,2]",,BrassPickaxe,,BrassPickaxe,1,0,3,3,1,800,0,11329,3,,11323,2,,,,,,,,,,,,,,,,,,,,,,,,,0.1,
12,黄铜铲,11021,1007,"[9,2]","[0,2]","[21500,21510]","[1,2]",,BrassShovel,,BrassShovel,1,0,3,3,1,800,0,11329,3,,11323,2,,,,,,,,,,,,,,,,,,,,,,,,,0.1,
13,黄铜耙,11031,1008,"[10,2]","[0,2]","[21500,21511]","[1,2]",,BrassHoe,,BrassHoe,1,0,3,3,1,800,0,11329,3,,11323,2,,,,,,,,,,,,,,,,,,,,,,,,,0.1,
14,冶炼台,802,223,"[11,1]","[0,2]","[21500,14]",[1],1,SmeltingFurnace,,SmeltingFurnace,1,0,3,3,0,11000,0,11226,8,,101,5,,,,,,,,,,,,,,,,,,,,,,,,,0.1,
15,木料,11323,224,"[2,1]","[0,3]","[21502,21527]",,,Wood,,Wood,1,0,3,3,1,11000,0,11006,2,,,,,,,,,,,,,,,,,,,,,,,,,,,,0.1,
16,植物纤维,11226,225,"[3,1]","[0,3]","[21502,21527]",,,Grass,,Grass,1,0,3,3,0,11000,0,100,1,,,,,,,,,,,,,,,,,,,,,,,,,,,,0.1,
17,水泥块,666,107,[10],[4],[21544],[5],,CementBlock,,CementBlock,1,0,3,3,0,800,0,11200,3,,,,,,,,,,,,,,,,,,,,,,,,,,,,0.1,
18,轻木门,812,1018,[1],[4],[21533],[5],1,WoodDoor,,WoodDoor,1,0,3,3,1,800,0,11323,6,,,,,,,,,,,,,,,,,,,,,,,,,,,,0.1,
19,绳索,813,109,[1],[4],[21536],[6],,RopeLadder,,RopeLadder,3,0,3,3,1,800,0,11227,3,,,,,,,,,,,,,,,,,,,,,,,,,,,,0.1,
20,简易睡袋,828,1020,[14],"[0,4]","[21500,21532]",[6],,SleepingBag,,SleepingBag,1,0,3,3,1,800,0,12600,3,,11226,10,,,,,,,,,,,,,,,,,,,,,,,,,0.1,
21,土块,101,110,[10],[4],[21544],[5],,DirtBlock,,DirtBlock,1,0,3,3,0,11000,0,100,1,,,,,,,,,,,,,,,,,,,,,,,,,,,,0.1,
22,木桩,821,110,[1],"[0,4]","[21503,21534]",[5],,WoodPile,,WoodPile,2,0,3,3,1,800,0,11323,1,,,,,,,,,,,,,,,,,,,,,,,,,,,,0.1,
23,木围栏门,535,111,1,[4],[21534],[5],,FenceGate,,FenceGate,1,0,3,3,1,800,0,11323,6,,11227,4,,,,,,,,,,,,,,,,,,,,,,,,,0.1,
24,,,,,,,,,,,,,,,,,,,,,,,,,,,,,,,,,,,,,,,,,,,,,,,,0.1,
25,嘟嘟鸟炖土笋,12510,1025,1,"[7,8]",,[1],,DuDuSoup,,DuDuSoup,1,0,3,3,0,794,100,226,1,,226,1,,226,1,,12518,1,,,,,,,,,,,,,,,,,,,0.1,
26,黄铜星能幕布,815,1026,1,"[4,6]","[21545,21543]",[3],,StarenergyBoard,,StarenergyBoard,2,0,3,3,1,800,0,11329,3,,11664,1,,,,,,,,,,,,,,,,,,,,,,,,,0.1,
27,棉花块,600,1027,[10],[4],[21544],[6],,WhiteCotton,,WhiteCotton,1,0,3,3,0,800,0,12600,2,,,,,,,,,,,,,,,,,,,,,,,,,,,,0.1,
28,调色架,498,245,[1],"[2,3]","[21525,21525]",,,ColorPalette,,ColorPalette,1,0,3,3,1,800,0,11323,5,,11329,3,,,,,,,,,,,,,,,,,,,,,,,,,0.1,
29,石斧,11002,1001,"[1,1]","[0,2]","[21500,21508]","[1,2]",,StoneAxe,,StoneAxe,1,0,3,3,1,11000,0,11627,3,,11323,2,,,,,,,,,,,,,,,,,,,,,,,,,0.1,
30,秘银斧,11003,1009,[3],[2],[21508],"[1,2]",,MithsilverAxe,,MithsilverAxe,1,0,3,3,1,800,0,11209,3,,11323,2,,,,,,,,,,,,,,,,,,,,,,,,,0.1,
31,钛合金斧,11004,1013,[4],[2],[21508],"[1,2]",,TitaniumAxe,,TitaniumAxe,1,0,3,3,1,800,0,11330,3,,11323,2,,,,,,,,,,,,,,,,,,,,,,,,,0.1,
32,链锯,11005,1017,[5],[2],[21508],"[1,2]",,TungstenGoldAxe,,TungstenGoldAxe,1,0,3,3,1,800,0,11203,2,,11209,2,,11664,2,,11911,1,,,,,,,,,,,,,,,,,,,0.1,
33,石镐,11012,1002,"[2,1]","[0,2]","[21500,21509]","[1,2]",,StonePickaxe,,StonePickaxe,1,0,3,3,1,11000,0,11627,3,,11323,2,,,,,,,,,,,,,,,,,,,,,,,,,0.1,
34,秘银镐,11013,1010,[3],[2],[21509],"[1,2]",,MithsilverPickaxe,,MithsilverPickaxe,1,0,3,3,1,800,0,11209,3,,11323,2,,,,,,,,,,,,,,,,,,,,,,,,,0.1,
35,钛合金镐,11014,1014,[4],[2],[21509],"[1,2]",,TitaniumPickaxe,,TitaniumPickaxe,1,0,3,3,1,800,0,11330,3,,11323,2,,,,,,,,,,,,,,,,,,,,,,,,,0.1,
36,钻头,11015,1018,[5],[2],[21509],"[1,2]",,TungstenGoldPickaxe,,TungstenGoldPickaxe,1,0,3,3,1,800,0,11203,3,,11209,3,,11664,3,,11911,1,,,,,,,,,,,,,,,,,,,0.1,
37,石铲,11022,1003,"[3,1]","[0,2]","[21500,21510]","[1,2]",,StoneShovel,,StoneShovel,1,0,3,3,1,11000,0,11627,3,,11323,2,,,,,,,,,,,,,,,,,,,,,,,,,0.1,
38,秘银铲,11023,1011,[3],[2],[21510],"[1,2]",,MithsilverShovel,,MithsilverShovel,1,0,3,3,1,800,0,11209,3,,11323,2,,,,,,,,,,,,,,,,,,,,,,,,,0.1,
39,钛合金铲,11024,1015,[4],[2],[21510],"[1,2]",,TitaniumShovel,,TitaniumShovel,1,0,3,3,1,800,0,11330,3,,11323,2,,,,,,,,,,,,,,,,,,,,,,,,,0.1,
40,钨金铲,11025,1019,[5],[2],[21510],"[1,2]",,TungstenGoldShovel,,TungstenGoldShovel,1,0,3,3,1,800,0,11203,2,,11332,1,,11911,1,,,,,,,,,,,,,,,,,,,,,,0.1,
41,石耙,11032,1004,"[4,1]","[0,2]","[21500,21511]","[1,2]",,StoneHoe,,StoneHoe,1,0,3,3,1,11000,0,11627,3,,11323,2,,,,,,,,,,,,,,,,,,,,,,,,,0.1,
42,秘银耙,11033,1012,[3],[2],[21511],"[1,2]",,MithsilverHoe,,MithsilverHoe,1,0,3,3,1,800,0,11209,3,,11323,2,,,,,,,,,,,,,,,,,,,,,,,,,0.1,
43,钛合金耙,11034,1016,[4],[2],[21511],"[1,2]",,TitaniumHoe,,TitaniumHoe,1,0,3,3,1,800,0,11330,3,,11323,2,,,,,,,,,,,,,,,,,,,,,,,,,0.1,
44,钨金耙,11035,1020,[5],[2],[21511],"[1,2]",,TungstenGoldHoe,,TungstenGoldHoe,1,0,3,3,1,800,0,11203,2,,11332,1,,11911,1,,,,,,,,,,,,,,,,,,,,,,0.1,
45,长草土块,100,100,[10],[4],[21544],[5],,GrassBlock,,GrassBlock,1,0,3,3,0,11000,0,101,1,,11226,1,,,,,,,,,,,,,,,,,,,,,,,,,0.1,
46,面条,12502,1046,[1],,,[1],,Noodles,,Noodles,2,0,3,3,0,794,100,344,1,,344,1,,,,,,,,,,,,,,,,,,,,,,,,,0.1,
47,瓶装果糖浆,11326,1047,[2],[1],[21519],[3],,BottledFructose,,BottledFructose,1,0,3,3,0,800,200,12500,1,,11320,1,,,,,,,,,,,,,,,,,,,,,,,,,0.1,
48,烤肉披萨,830,1048,[1],"[7,8]",,[1],,BBQPizza,,BBQPizza,1,0,3,3,0,795,200,12518,1,,12518,1,,344,1,,344,1,,,,,,,,,,,,,,,,,,,0.1,
49,玉米点心,12507,1049,[1],"[7,8]",,[1],,Waffle,,Waffle,1,0,3,3,0,794,200,344,1,,12052,1,,,,,,,,,,,,,,,,,,,,,,,,,0.1,
50,象牙白颜料瓶,11500,1050,[2],"[2,3]","[21525,21525]",[4],,WhiteDye,,WhiteDye,8,0,3,3,0,800,0,11533,1,,11320,8,,,,,,,,,,,,,,,,,,,,,,,,,0.1,
51,巨鳞羽果种子,11402,1051,[3],[3],[21529],[4],,GiantScalyFruitSeed,,GiantScalyFruitSeed,1,0,3,3,0,800,0,12508,1,,,,,,,,,,,,,,,,,,,,,,,,,,,,0.1,
52,巨布鲁果种子,11401,1052,[2],[3],[21529],[4],,GiantBlueFruitSeed,,GiantBlueFruitSeed,5,0,3,3,0,800,0,230,1,,,,,,,,,,,,,,,,,,,,,,,,,,,,0.1,
53,巨布鲁果条,12515,1053,[1],"[7,8]",,[1],,BlueFruitPie,,BlueFruitPie,1,0,3,3,0,795,200,230,1,,344,1,,11326,1,11320,,,,,,,,,,,,,,,,,,,,,0.1,
54,炽炎粒,11208,1054,[1],[3],[21528],[4],,FlameCrystalGrain,,FlameCrystalGrain,10,0,3,3,0,800,0,11207,1,,,,,,,,,,,,,,,,,,,,,,,,,,,,0.1,1
55,炽炎,11207,1055,[1],[3],[21528],[4],,FlameCrystal,,FlameCrystal,1,0,3,3,0,800,0,11208,10,,,,,,,,,,,,,,,,,,,,,,,,,,,,0.1,
56,,,,,,,,,,,,,,,,,,,,,,,,,,,,,,,,,,,,,,,,,,,,,,,,0.1,
57,凉拌青瓜,12505,1057,[3],[1],[21519],[3],,RadishSalad,,RadishSalad,1,0,3,3,1,800,200,12732,1,,236,1,,,,,,,,,,,,,,,,,,,,,,,,,0.1,
58,巨鳞羽果汁,11321,1058,[5],[1],[21519],[3],,GiantScalyFruitJuice,,GiantScalyFruitJuice,1,0,3,3,0,800,200,12508,4,,11320,1,,312,1,,,,,,,,,,,,,,,,,,,,,,0.1,
59,煎蛋面条,12540,1059,[1],"[7,8]",,[1],,FriedEggNoodles,,FriedEggNoodles,1,0,3,3,0,794,200,344,1,,344,1,,12052,1,,,,,,,,,,,,,,,,,,,,,,0.1,
60,烤薯条,12541,1060,[1],"[7,8]",,[1],,RoastedYamsChips,,RoastedYamsChips,1,0,3,3,0,794,200,241,1,,241,1,,344,1,,,,,,,,,,,,,,,,,,,,,,0.1,
61,,,,,,,,,,,,,,,,,,,,,,,,,,,,,,,,,,,,,,,,,,,,,,,,0.1,
62,烤嘟嘟鸟全家桶,12543,1062,1,"[7,8]",,[1],,RoastedChicken,,RoastedChicken,1,0,3,3,0,794,100,12518,1,,12518,1,,12518,1,,12518,1,,,,,,,,,,,,,,,,,,,0.1,
63,烤肉面条,12544,1063,1,"[7,8]",,[1],,SteakNoodles,,SteakNoodles,1,0,3,3,1,794,100,12513,1,,344,1,,344,1,,,,,,,,,,,,,,,,,,,,,,0.1,
64,角鹿肉煲,12545,1064,1,"[7,8]",,[1],,DeerMeatPot,,DeerMeatPot,1,0,3,3,0,794,100,12530,1,,12530,1,,226,1,,,,,,,,,,,,,,,,,,,,,,0.1,
65,火腿,12546,1065,1,"[7,8]",,[1],,Ham,,Ham,1,0,3,3,0,794,300,12522,1,,12522,1,,,,,,,,,,,,,,,,,,,,,,,,,0.1,
66,异味火腿,12547,1066,1,"[7,8]",,[1],,SmellyHam,,SmellyHam,1,0,3,3,0,795,300,12522,1,,12522,1,,311,1,,,,,,,,,,,,,,,,,,,,,,0.1,
67,‘蟹棒’火腿,12548,1067,1,"[7,8]",,[1],,CrabStickHam,,CrabStickHam,1,0,3,3,0,795,300,12522,1,,12522,1,,12581,1,,,,,,,,,,,,,,,,,,,,,,0.1,
68,浓缩奶糖,12549,1068,1,"[7,8]",,[1],,MilkCandy,,MilkCandy,1,0,3,3,0,794,300,11326,1,11320,12509,1,11320,,,,,,,,,,,,,,,,,,,,,,,,0.1,
69,香溢煎蛋面条,12550,1069,1,"[7,8]",,[1],,TastyFriedEggNoodles,,TastyFriedEggNoodles,1,0,3,3,1,795,200,12732,1,,344,1,,344,1,,12052,1,,,,,,,,,,,,,,,,,,,0.1,
70,香溢薯条,12551,1070,1,"[7,8]",,[1],,TastyChips,,TastyChips,1,0,3,3,1,795,200,12732,1,,241,1,,241,1,,344,1,,,,,,,,,,,,,,,,,,,0.1,
71,香溢巨布鲁果派,12552,1071,1,"[7,8]",,[1],,TastyGiantBlueFruitPie,,TastyGiantBlueFruitPie,1,0,3,3,1,795,200,12732,1,,230,1,,344,1,,11326,1,11320,,,,,,,,,,,,,,,,,,0.1,
72,香溢玉米点心,12553,1072,1,"[7,8]",,[1],,TastyWaffle,,TastyWaffle,1,0,3,3,1,795,200,12732,1,,344,1,,12052,1,,,,,,,,,,,,,,,,,,,,,,0.1,
73,,,,,,,,,,,,,,,,,,,,,,,,,,,,,,,,,,,,,,,,,,,,,,,,0.1,
74,香溢青瓜,12555,1074,[4],[1],[21519],[3],,TastyRadishSalad,,TastyRadishSalad,1,0,3,3,1,800,100,12732,1,,12505,1,,,,,,,,,,,,,,,,,,,,,,,,,0.1,
75,香溢巨鳞羽果汁,12556,1075,[6],[1],[21519],[3],,TastyGiantScalyFruitJuice,,TastyGiantScalyFruitJuice,1,0,3,3,1,800,100,12732,1,,11321,1,,,,,,,,,,,,,,,,,,,,,,,,,0.1,
76,香溢水果拼盘,12557,1076,[7],[1],[21519],[3],,TastyFruitPlatter,,TastyFruitPlatter,1,0,3,3,1,800,100,12732,1,,12501,1,,,,,,,,,,,,,,,,,,,,,,,,,0.1,
77,香溢烤嘟嘟鸟,12558,1077,1,"[7,8]",,[1],,TastyRoastChicken,,TastyRoastChicken,1,0,3,3,1,795,100,12732,1,,12518,1,,12518,1,,12518,1,,,,,,,,,,,,,,,,,,,0.1,
78,香溢烤肉面条,12559,1078,1,"[7,8]",,[1],,TastySteakNoodles,,TastySteakNoodles,1,0,3,3,1,795,300,12732,1,,12513,1,,344,1,,344,1,,,,,,,,,,,,,,,,,,,0.1,
79,香溢角鹿煲,12560,1079,1,"[7,8]",,[1],,TastyDeerMeatPot,,TastyDeerMeatPot,1,0,3,3,1,795,300,12732,1,,12530,1,,12530,1,,226,1,,,,,,,,,,,,,,,,,,,0.1,
80,香溢火腿,12561,1080,1,"[7,8]",,[1],,TastyHam,,TastyHam,1,0,3,3,1,795,300,12732,1,,12522,1,,12522,1,,,,,,,,,,,,,,,,,,,,,,0.1,
81,香溢异味腿,12562,1081,1,"[7,8]",,[1],,TastySmellyHam,,TastySmellyHam,1,0,3,3,1,795,300,12732,1,,12522,1,,12522,1,,311,1,,,,,,,,,,,,,,,,,,,0.1,
82,香溢‘蟹棒’腿,12563,1082,1,"[7,8]",,[1],,TastyCrabHam,,TastyCrabHam,1,0,3,3,1,795,300,12732,1,,12522,1,,12522,1,,12548,1,,,,,,,,,,,,,,,,,,,0.1,
83,木棒,12001,1101,"[1,1]","[0,1]","[21501,21514]","[1,2]",,Stick,,Stick,1,0,3,3,1,11000,0,11323,4,,,,,,,,,,,,,,,,,,,,,,,,,,,,0.1,
84,石矛,12002,1102,"[1,1]","[0,1]","[21501,21513]","[1,2]",,StoneSpear,,StoneSpear,1,0,3,3,1,11000,0,11627,3,,11323,2,,,,,,,,,,,,,,,,,,,,,,,,,0.1,
85,短剑,12003,1104,"[3,2]","[0,1]","[21501,21512]","[1,2]",,MithsilverSword,,MithsilverSword,1,0,3,3,1,800,0,11209,3,,11323,2,,,,,,,,,,,,,,,,,,,,,,,,,0.1,
86,黄铜矛,12004,1103,"[2,2]","[0,1]","[21501,21513]","[1,2]",,BrassLance,,BrassLance,1,0,3,3,1,800,0,11329,3,,11323,2,,,,,,,,,,,,,,,,,,,,,,,,,0.1,
87,能量剑,12005,1105,[4],[1],[21512],"[1,2]",,EnergySword,,EnergySword,1,0,3,3,1,800,0,11203,5,,11332,1,,11911,2,,,,,,,,,,,,,,,,,,,,,,0.1,
88,秘银短弓,12050,1151,[3],[1],[21517],"[1,2]",,Bow,,Bow,1,0,3,3,0,800,0,11209,5,,11307,2,,710,2,,,,,,,,,,,,,,,,,,,,,,0.1,
89,石箭,12051,1152,[4],[1],[21517],"[1,2]",,Arrow,,Arrow,4,0,3,3,1,800,0,12282,2,,11323,2,,11303,1,,,,,,,,,,,,,,,,,,,,,,0.1,
90,皮头盔,12201,1201,[1],[1],[21504],[2],,LeatherHelmet,,LeatherHelmet,1,0,3,3,1,800,0,11307,5,,11323,2,,,,,,,,,,,,,,,,,,,,,,,,,0.1,
91,皮胸甲,12202,1202,[1],[1],[21505],[2],,LeatherArmor,,LeatherArmor,1,0,3,3,1,800,0,11307,5,,11323,2,,,,,,,,,,,,,,,,,,,,,,,,,0.1,
92,皮护腿,12203,1203,[1],[1],[21506],[2],,LeatherGreave,,LeatherGreave,1,0,3,3,1,800,0,11307,5,,11323,2,,,,,,,,,,,,,,,,,,,,,,,,,0.1,
93,皮靴子,12204,1204,[1],[1],[21507],[2],,LeatherBoots,,LeatherBoots,1,0,3,3,1,800,0,11307,5,,11323,2,,,,,,,,,,,,,,,,,,,,,,,,,0.1,
94,链甲头盔,12211,1209,[4],[1],[21504],[2],,ChainHelmet,,ChainHelmet,1,0,3,3,0,800,0,11209,5,,11511,3,,11307,3,,,,,,,,,,,,,,,,,,,,,,0.1,
95,链甲胸甲,12212,1210,[4],[1],[21505],[2],,ChainArmor,,ChainArmor,1,0,3,3,0,800,0,11209,8,,11511,3,,11307,3,,,,,,,,,,,,,,,,,,,,,,0.1,
96,链甲护腿,12213,1211,[4],[1],[21506],[2],,ChainGreave,,ChainGreave,1,0,3,3,0,800,0,11209,7,,11511,3,,11307,3,,,,,,,,,,,,,,,,,,,,,,0.1,
97,链甲靴子,12214,1212,[4],[1],[21507],[2],,ChainBoots,,ChainBoots,1,0,3,3,0,800,0,11209,5,,11511,3,,11307,3,,,,,,,,,,,,,,,,,,,,,,0.1,
98,秘银头盔,12221,1213,[3],[1],[21504],[2],,MithsilverHelmet,,MithsilverHelmet,1,0,3,3,0,800,0,11209,5,,11329,3,,11307,3,,,,,,,,,,,,,,,,,,,,,,0.1,
99,秘银胸甲,12222,1214,[3],[1],[21505],[2],,MithsilverArmor,,MithsilverArmor,1,0,3,3,0,800,0,11209,8,,11329,3,,11307,3,,,,,,,,,,,,,,,,,,,,,,0.1,
100,秘银护腿,12223,1215,[3],[1],[21506],[2],,MithsilverGreave,,MithsilverGreave,1,0,3,3,0,800,0,11209,7,,11329,3,,11307,3,,,,,,,,,,,,,,,,,,,,,,0.1,
101,秘银靴子,12224,1216,[3],[1],[21507],[2],,MithsilverBoots,,MithsilverBoots,1,0,3,3,0,800,0,11209,5,,11329,3,,11307,3,,,,,,,,,,,,,,,,,,,,,,0.1,
102,钛金头盔,12231,1217,[5],[1],[21504],[2],,TitaniumHelmet,,TitaniumHelmet,1,0,3,3,0,800,0,11330,5,,11209,3,,11307,3,,,,,,,,,,,,,,,,,,,,,,0.1,
103,钛金胸甲,12232,1218,[5],[1],[21505],[2],,TitaniumArmor,,TitaniumArmor,1,0,3,3,0,800,0,11330,8,,11209,3,,11307,3,,,,,,,,,,,,,,,,,,,,,,0.1,
104,钛金护腿,12233,1219,[5],[1],[21506],[2],,TitaniumGreave,,TitaniumGreave,1,0,3,3,0,800,0,11330,7,,11209,3,,11307,3,,,,,,,,,,,,,,,,,,,,,,0.1,
105,钛金靴子,12234,1220,[5],[1],[21507],[2],,TitaniumBoots,,TitaniumBoots,1,0,3,3,0,800,0,11330,5,,11209,3,,11307,3,,,,,,,,,,,,,,,,,,,,,,0.1,
106,钨金头盔,12241,1221,[6],[1],[21504],[2],,TungstenGoldHelmet,,TungstenGoldHelmet,1,0,3,3,0,800,0,11203,5,,11074,1,,11307,3,,,,,,,,,,,,,,,,,,,,,,0.1,
107,钨金胸甲,12242,1222,[6],[1],[21505],[2],,TungstenGoldArmor,,TungstenGoldArmor,1,0,3,3,0,800,0,11203,8,,11074,1,,11307,3,,,,,,,,,,,,,,,,,,,,,,0.1,
108,钨金护腿,12243,1223,[6],[1],[21506],[2],,TungstenGoldGreave,,TungstenGoldGreave,1,0,3,3,0,800,0,11203,7,,11074,1,,11307,3,,,,,,,,,,,,,,,,,,,,,,0.1,
109,钨金靴子,12244,1224,[6],[1],[21507],[2],,TungstenGoldBoots,,TungstenGoldBoots,1,0,3,3,0,800,0,11203,5,,11074,1,,11307,3,,,,,,,,,,,,,,,,,,,,,,0.1,
110,象牙白颜料瓶,11500,1050,[2],"[2,3]","[21525,21525]",[4],,WhiteDye,,WhiteDye,16,0,3,3,0,800,0,346,1,,11320,16,,,,,,,,,,,,,,,,,,,,,,,,,0.1,
111,碎石块,505,1110,[10],[4],[21544],[1],,Rock,,Rock,1,0,3,3,0,800,0,11627,4,,,,,,,,,,,,,,,,,,,,,,,,,,,,0.1,
112,锰块,348,1111,[10],[4],[21544],[4],,ManganeseBlock,,ManganeseBlock,1,0,3,3,0,800,0,12614,10,,,,,,,,,,,,,,,,,,,,,,,,,,,,0.1,
113,岩石,104,1112,[10],[4],[21544],[1],,Stone,,Stone,1,0,3,3,0,800,0,11627,4,,,,,,,,,,,,,,,,,,,,,,,,,,,,0.1,
114,青石,105,1113,[10],[4],[21544],[4],,MossRock,,MossRock,1,0,3,3,0,800,0,11627,4,,11595,1,,,,,,,,,,,,,,,,,,,,,,,,,0.1,
115,裂纹石砖,502,1114,[10],[4],[21544],[5],,CrackedStoneBrick,,CrackedStoneBrick,1,0,3,3,0,800,0,104,2,,,,,,,,,,,,,,,,,,,,,,,,,,,,0.1,
116,锰结核,12614,1111,1,[3],[21528],,,Manganese,,Manganese,10,0,3,3,0,800,0,348,1,,,,,,,,,,,,,,,,,,,,,,,,,,,,0.1,
117,木荧光菇灯,905,1116,"[1,1]","[0,4]","[21503,21522]",[6],,WoodenMycenaChlorophosLamp,,WoodenMycenaChlorophosLamp,1,0,3,3,1,11000,0,837,1,,11323,2,,,,,,,,,,,,,,,,,,,,,,,,,0.1,
118,石荧光菇灯,907,1117,"[2,2]","[0,4]","[21503,21522]",[6],,StoneMycenaChlorophosLamp,,StoneMycenaChlorophosLamp,1,0,3,3,0,11000,0,837,1,,11627,2,,,,,,,,,,,,,,,,,,,,,,,,,0.1,
119,聚物手套,11231,1119,1,[2],[21550],[2],,CohesionGlove,,CohesionGlove,1,0,3,3,0,800,0,11307,3,,11824,2,,,,,,,,,,,,,,,,,,,,,,,,,0.1,
120,星能信号灯,707,1121,[3],"[4,6]","[21522,21543]",[7],,Acetylene lamp,,Acetylene lamp,1,0,3,3,0,800,0,632,2,,11664,1,,,,,,,,,,,,,,,,,,,,,,,,,0.1,
121,星能比较器,374,1126,1,[6],[21543],[7],,PowerComparator,,PowerComparator,1,0,3,3,0,800,0,11664,2,,104,3,,11210,1,,,,,,,,,,,,,,,,,,,,,,0.1,
122,秘银弹簧,842,1129,1,[6],[21542],[7],,Iron spring,,Iron spring,1,0,3,3,1,800,0,11323,3,,11209,2,,11664,1,,363,1,,,,,,,,,,,,,,,,,,,0.1,
123,炽炎弹簧,844,1130,1,[6],[21542],[7],,Gold spring,,Gold spring,1,0,3,3,1,800,0,104,3,,11207,2,,11664,1,,364,1,,,,,,,,,,,,,,,,,,,0.1,
124,轨道节点,725,1132,1,[6],[21542],[7],,RailNode,,RailNode,4,0,3,3,0,800,0,11209,2,,104,2,,,,,,,,,,,,,,,,,,,,,,,,,0.1,
125,动能提升节点,729,1133,1,[6],[21542],[7],,SpeedupRailNode,,SpeedupRailNode,4,0,3,3,0,800,0,11209,2,,11207,1,,11664,1,,,,,,,,,,,,,,,,,,,,,,0.1,
126,过山车厢,13800,1134,1,[6],[21542],[7],,RollerCoasterTrain,,RollerCoasterTrain,1,0,3,3,1,800,0,11209,5,,11323,1,,,,,,,,,,,,,,,,,,,,,,,,,0.1,
127,硫黄砖薄板,512,1135,1,[4],[128],[5],,SulfurBrickStep,,SulfurBrickStep,4,0,3,3,0,800,0,11214,2,,,,,,,,,,,,,,,,,,,,,,,,,,,,0.1,
128,薄板,514,1136,[26],[4],[128],[5],,WoodStep,,WoodStep,4,0,3,3,0,800,0,11323,1,,,,,,,,,,,,,,,,,,,,,,,,,,,,0.1,
129,秋叶橙薄板,515,1137,3,[4],[128],[5],,YellowOrangeStep,,YellowOrangeStep,16,0,3,3,0,800,0,11323,4,,11537,1,,,,,,,,,,,,,,,,,,,,,,,,,0.1,
130,象牙白薄板,516,1138,4,[4],[128],[5],,WhiteStep,,WhiteStep,16,0,3,3,0,800,0,11323,4,,11500,1,,,,,,,,,,,,,,,,,,,,,,,,,0.1,
131,海棠红薄板,517,1139,5,[4],[128],[5],,LightRedStep,,LightRedStep,16,0,3,3,0,800,0,11323,4,,11506,1,,,,,,,,,,,,,,,,,,,,,,,,,0.1,
132,落日橙薄板,518,1140,6,[4],[128],[5],,RedOrangeStep,,RedOrangeStep,16,0,3,3,0,800,0,11323,4,,11536,1,,,,,,,,,,,,,,,,,,,,,,,,,0.1,
133,深栗红薄板,519,1141,7,[4],[128],[5],,DeepRedStep,,DeepRedStep,16,0,3,3,0,800,0,11323,4,,11512,1,,,,,,,,,,,,,,,,,,,,,,,,,0.1,
134,楼梯,520,1142,[20],[4],[134],[5],,WoodStair,,WoodStair,8,0,3,3,0,800,0,11323,5,,,,,,,,,,,,,,,,,,,,,,,,,,,,0.1,
135,秋叶橙楼梯,521,1143,1,[4],[134],[5],,YellowOrangeStair,,YellowOrangeStair,32,0,3,3,0,800,0,11323,20,,11537,1,,,,,,,,,,,,,,,,,,,,,,,,,0.1,
136,象牙白楼梯,522,1144,1,[4],[134],[5],,WhiteStair,,WhiteStair,32,0,3,3,0,800,0,11323,20,,11500,1,,,,,,,,,,,,,,,,,,,,,,,,,0.1,
137,海棠红楼梯,523,1145,1,[4],[134],[5],,LightRedStair,,LightRedStair,32,0,3,3,0,800,0,11323,20,,11506,1,,,,,,,,,,,,,,,,,,,,,,,,,0.1,
138,落日橙楼梯,524,1146,1,[4],[134],[5],,RedOrangeStair,,RedOrangeStair,32,0,3,3,0,800,0,11323,20,,11536,1,,,,,,,,,,,,,,,,,,,,,,,,,0.1,
139,深栗红楼梯,525,1147,1,[4],[134],[5],,DeepRedStair,,DeepRedStair,32,0,3,3,0,800,0,11323,20,,11512,1,,,,,,,,,,,,,,,,,,,,,,,,,0.1,
140,硫黄砖楼梯,532,1148,1,[4],[134],[5],,SulfurBrickStair,,SulfurBrickStair,4,0,3,3,0,800,0,11214,5,,,,,,,,,,,,,,,,,,,,,,,,,,,,0.1,
141,云母楼梯,533,1149,1,[4],[134],[5],,SilicaStair,,SilicaStair,4,0,3,3,0,800,0,11210,5,,,,,,,,,,,,,,,,,,,,,,,,,,,,0.1,
142,曙光石块,536,1150,[10],[4],[21544],[5],,DawnStone,,DawnStone,1,0,3,3,0,800,0,11206,3,,,,,,,,,,,,,,,,,,,,,,,,,,,,0.1,
143,硫黄砖块,537,1151,[10],[4],[21544],[5],,SulfurBrickBlock,,SulfurBrickBlock,1,0,3,3,0,800,0,11214,2,,,,,,,,,,,,,,,,,,,,,,,,,,,,0.1,
144,水泥砖块,547,1152,[10],[4],[21544],[5],,CementBrickBlock,,CementBrickBlock,1,0,3,3,0,800,0,11213,2,,,,,,,,,,,,,,,,,,,,,,,,,,,,0.1,
145,青石岩砖,503,1156,[10],[4],[21544],[5],,MossRockBrick,,MossRockBrick,1,0,3,3,0,800,0,105,2,,,,,,,,,,,,,,,,,,,,,,,,,,,,0.1,
146,青石薄板,506,1157,8,[4],[128],[5],,StoneStep,,StoneStep,4,0,3,3,0,800,0,105,1,,,,,,,,,,,,,,,,,,,,,,,,,,,,0.1,
147,黄砖薄板,507,1158,9,[4],[128],[5],,SandstoneStep,,SandstoneStep,4,0,3,3,0,800,0,108,1,,,,,,,,,,,,,,,,,,,,,,,,,,,,0.1,
148,石质薄板,509,1159,10,[4],[128],[5],,RockStep,,RockStep,1,0,3,3,0,800,0,11627,1,,,,,,,,,,,,,,,,,,,,,,,,,,,,0.1,
149,水泥砖薄板,510,1160,11,[4],[128],[5],,CementBrickStep,,CementBrickStep,4,0,3,3,0,800,0,11213,2,,,,,,,,,,,,,,,,,,,,,,,,,,,,0.1,
150,精制石砖薄板,511,1161,12,[4],[128],[5],,RockBrickStep,,RockBrickStep,4,0,3,3,0,800,0,501,1,,,,,,,,,,,,,,,,,,,,,,,,,,,,0.1,
151,云母薄板,513,1162,13,[4],[128],[5],,SilicaStep,,SilicaStep,4,0,3,3,0,800,0,11210,2,,,,,,,,,,,,,,,,,,,,,,,,,,,,0.1,
152,黄砖楼梯,527,1163,1,[4],[134],[5],,SandstoneStair,,SandstoneStair,8,0,3,3,0,800,0,108,5,,,,,,,,,,,,,,,,,,,,,,,,,,,,0.1,
153,石质楼梯,529,1164,1,[4],[134],[5],,RockStair,,RockStair,2,0,3,3,0,800,0,11627,5,,,,,,,,,,,,,,,,,,,,,,,,,,,,0.1,
154,水泥砖楼梯,530,1165,1,[4],[134],[5],,CementBrickStair,,CementBrickStair,4,0,3,3,0,800,0,11213,5,,,,,,,,,,,,,,,,,,,,,,,,,,,,0.1,
155,精制石砖楼梯,531,1166,1,[4],[134],[5],,StoneBrickStair,,StoneBrickStair,8,0,3,3,0,800,0,501,5,,,,,,,,,,,,,,,,,,,,,,,,,,,,0.1,
156,碎石墙,548,1167,1,[4],[21534],[5],,StoneWall,,StoneWall,1,0,3,3,0,800,0,11627,4,,,,,,,,,,,,,,,,,,,,,,,,,,,,0.1,
157,青石墙,549,1168,1,[4],[21534],[5],,MossyWall,,MossyWall,4,0,3,3,0,800,0,105,4,,,,,,,,,,,,,,,,,,,,,,,,,,,,0.1,
158,秘银栅栏,526,1169,1,[4],[21534],[5],,MithsilverFence,,MithsilverFence,6,0,3,3,0,800,0,11209,6,,,,,,,,,,,,,,,,,,,,,,,,,,,,0.1,
159,硫黄砖围栏,538,1170,1,[4],[21534],[5],,SulfurBrickFence,,SulfurBrickFence,4,0,3,3,1,800,0,11214,4,,,,,,,,,,,,,,,,,,,,,,,,,,,,0.1,
160,云母块,412,1172,[10],[4],[21544],[5],,SilicaBlock,,SilicaBlock,1,0,3,3,0,800,0,11210,2,,,,,,,,,,,,,,,,,,,,,,,,,,,,0.1,
161,花纹云母块,413,1173,[10],[4],[21544],[5],,PatternedSilicaBlock,,PatternedSilicaBlock,1,0,3,3,0,800,0,11210,2,,,,,,,,,,,,,,,,,,,,,,,,,,,,0.1,
162,竖纹云母块,414,1174,[10],[4],[21544],[5],,VerticalSilicaBlock,,VerticalSilicaBlock,1,0,3,3,0,800,0,11210,2,,,,,,,,,,,,,,,,,,,,,,,,,,,,0.1,
163,凝能晶,11201,1175,1,[3],[21528],[4],,CondensedEnergyCrystal,,CondensedEnergyCrystal,10,0,3,3,0,800,0,416,1,,,,,,,,,,,,,,,,,,,,,,,,,,,,0.1,1
164,秘银,11209,108,1,[3],[21528],[4],,Mithsilver,,Mithsilver,10,0,3,3,0,800,0,411,1,,,,,,,,,,,,,,,,,,,,,,,,,,,,0.1,1
165,缠丝玛瑙,11511,1177,1,[3],[21528],[4],,Kyanite,,Kyanite,10,0,3,3,0,800,0,417,1,,,,,,,,,,,,,,,,,,,,,,,,,,,,0.1,1
166,钨金,11203,1178,1,[3],[21528],[4],,TungstenGold,,TungstenGold,10,0,3,3,0,800,0,408,1,,,,,,,,,,,,,,,,,,,,,,,,,,,,0.1,1
167,琥珀,11204,1179,1,[3],[21528],[4],,Malachite,,Malachite,10,0,3,3,0,800,0,409,1,,,,,,,,,,,,,,,,,,,,,,,,,,,,0.1,1
168,凝能块,416,1180,[10],[4],[21544],[4],,CondensedEnergyBlock,,CondensedEnergyBlock,1,0,3,3,0,800,0,11201,10,,,,,,,,,,,,,,,,,,,,,,,,,,,,0.1,
169,秘银块,411,1181,[10],[4],[21544],[4],,MithsilverBlock,,MithsilverBlock,1,0,3,3,0,800,0,11209,10,,,,,,,,,,,,,,,,,,,,,,,,,,,,0.1,
170,炽炎块,410,1182,[10],[4],[21544],[4],,FlameCrystalBlock,,FlameCrystalBlock,1,0,3,3,0,800,0,11207,10,,,,,,,,,,,,,,,,,,,,,,,,,,,,0.1,
171,缠丝玛瑙块,417,1183,[10],[4],[21544],[4],,KyaniteBlock,,KyaniteBlock,1,0,3,3,0,800,0,11511,10,,,,,,,,,,,,,,,,,,,,,,,,,,,,0.1,
172,钨金块,408,1184,[10],[4],[21544],[4],,TungstenGoldBlock,,TungstenGoldBlock,1,0,3,3,0,800,0,11203,10,,,,,,,,,,,,,,,,,,,,,,,,,,,,0.1,
173,琥珀块,409,1185,[10],[4],[21544],[4],,MalachiteBlock,,MalachiteBlock,1,0,3,3,0,800,0,11204,10,,,,,,,,,,,,,,,,,,,,,,,,,,,,0.1,
174,透明玻璃片,649,1186,1,[4],[21541],[6],,Glasspane,,Glasspane,12,0,3,3,0,800,0,632,4,,,,,,,,,,,,,,,,,,,,,,,,,,,,0.1,
175,细樱桃木树枝,333,1187,1,[4],[21547],,,FineCherryTreeBranch,,FineCherryTreeBranch,4,0,3,3,0,800,0,200,1,,,,,,,,,,,,,,,,,,,,,,,,,,,,0.1,
176,细落叶松树枝,335,1188,1,[4],[21547],,,FineLarchTreeBranch,,FineLarchTreeBranch,4,0,3,3,0,800,0,201,1,,,,,,,,,,,,,,,,,,,,,,,,,,,,0.1,
177,细珍木树枝,337,1189,1,[4],[21547],,,ThinRareTreeBranch,,ThinRareTreeBranch,4,0,3,3,0,800,0,257,1,,,,,,,,,,,,,,,,,,,,,,,,,,,,0.1,
178,细核桃树树枝,339,1190,1,[4],[21547],,,ThinWalnutTreeBranch,,ThinWalnutTreeBranch,4,0,3,3,0,800,0,205,1,,,,,,,,,,,,,,,,,,,,,,,,,,,,0.1,
179,细桃花树树枝,341,1191,1,[4],[21547],,,ThinPeachTreeBranch,,ThinPeachTreeBranch,4,0,3,3,0,800,0,254,1,,,,,,,,,,,,,,,,,,,,,,,,,,,,0.1,
180,细白杨木树枝,343,1192,1,[4],[21547],,,ThinPoplarTreeBranch,,ThinPoplarTreeBranch,4,0,3,3,0,800,0,202,1,,,,,,,,,,,,,,,,,,,,,,,,,,,,0.1,
181,细胡杨树枝,479,1193,1,[4],[21547],,,PopulusEuphraticaBranches,,PopulusEuphraticaBranches,4,0,3,3,0,800,0,477,1,,,,,,,,,,,,,,,,,,,,,,,,,,,,0.1,
182,锯齿碎石墙,289,1194,1,[4],[21534],,,JaggedStonewall,,JaggedStonewall,3,0,3,3,0,800,0,548,3,,12618,1,,,,,,,,,,,,,,,,,,,,,,,,,0.1,
183,锯齿青石墙,290,1195,1,[4],[21534],,,JaggedMossyRockWall,,JaggedMossyRockWall,3,0,3,3,0,800,0,549,3,,12618,1,,,,,,,,,,,,,,,,,,,,,,,,,0.1,
184,锯齿星球岩墙,291,1196,1,[4],[21534],,,JaggedHorasrockwall,,JaggedHorasrockwall,3,0,3,3,0,800,0,572,3,,12618,1,,,,,,,,,,,,,,,,,,,,,,,,,0.1,
185,皮草床,150015,1196,1,[4],[21532],,,FurBed,,FurBed,1,0,3,3,0,800,0,11323,3,,12623,3,,,,,,,,,,,,,,,,,,,,,,,,,0.1,
186,冰原木门,150016,1196,1,[4],[21533],,,ColdCrystalWoodenDoor,,ColdCrystalWoodenDoor,1,0,3,3,1,800,0,11323,5,,11824,1,,,,,,,,,,,,,,,,,,,,,,,,,0.1,
187,雪人灯,150027,1196,[3],[4],[21522],,,SnowmanChandelier,,SnowmanChandelier,4,0,3,3,0,800,0,12623,1,,11824,1,,122,4,,,,,,,,,,,,,,,,,,,,,,0.1,
188,火盆灯,150018,1196,[3],[4],[21522],,,IceStreetLights,,IceStreetLights,1,0,3,3,0,800,0,11323,2,,11627,2,,298,1,,,,,,,,,,,,,,,,,,,,,,0.1,
189,冰原木桌,150020,1196,1,[4],[257],,,IceFernWoodenTable,,IceFernWoodenTable,1,0,3,3,1,800,0,11323,5,,11209,1,,,,,,,,,,,,,,,,,,,,,,,,,0.1,
190,冰原木椅,150021,1196,1,[4],[256],,,IceFernWoodenChair,,IceFernWoodenChair,1,0,3,3,1,800,0,11323,4,,,,,,,,,,,,,,,,,,,,,,,,,,,,0.1,
191,冰原木柜,150022,1196,1,[4],[21531],,,ColdCrystalWoodCabinet,,ColdCrystalWoodCabinet,1,0,3,3,0,800,0,11323,4,,11329,1,,,,,,,,,,,,,,,,,,,,,,,,,0.1,
192,冰原方木窗,150023,1196,1,[4],[21535],,,BrassSquareWoodWindows,,BrassSquareWoodWindows,2,0,3,3,0,800,0,11323,2,,649,8,,,,,,,,,,,,,,,,,,,,,,,,,0.1,
193,毛绒地毯,150025,1196,1,[4],[21548],,,Pile carpet,,Pile carpet,1,0,3,3,0,800,0,12623,1,,,,,,,,,,,,,,,,,,,,,,,,,,,,0.1,
194,冰原窗帘,150043,1196,1,[4],[21536],,,IceCrystalCurtains,,IceCrystalCurtains,1,0,3,3,0,800,0,12600,2,,761,1,,,,,,,,,,,,,,,,,,,,,,,,,0.1,
195,赫赤红颜料瓶,11514,1222,[2],"[2,3]","[21525,21525]",[4],,RedDye,,RedDye,8,0,3,3,0,800,0,12500,1,,11320,8,,,,,,,,,,,,,,,,,,,,,,,,,0.1,
196,鹅毛黄颜料瓶,11504,1224,[2],"[2,3]","[21525,21525]",[4],,YellowDye,,YellowDye,8,0,3,3,0,800,0,378,1,,11320,8,,,,,,,,,,,,,,,,,,,,,,,,,0.1,
197,宝石蓝颜料瓶,11532,1623,[2],"[2,3]","[21525,21525]",[4],,BlueDye,,BlueDye,8,0,3,3,0,800,0,12583,1,,11320,8,,,,,,,,,,,,,,,,,,,,,,,,,0.1,
198,棉毡,616,1246,1,[4],[21548],[6],,WhiteRug,,WhiteRug,1,0,3,3,0,800,0,12600,1,,,,,,,,,,,,,,,,,,,,,,,,,,,,0.1,
199,皮筏,13807,1278,1,[2],[21549],[3],,Boat,,Boat,1,0,3,3,1,800,0,11323,3,,11307,3,,,,,,,,,,,,,,,,,,,,,,,,,0.1,
200,厚实的雪,122,1280,[10],[4],[21544],[6],,SnowBlock,,SnowBlock,1,0,3,3,0,800,0,115,6,,,,,,,,,,,,,,,,,,,,,,,,,,,,0.1,
201,炽炎,11207,1055,1,[3],[21528],[4],,FlameCrystal,,FlameCrystal,10,0,3,3,0,800,0,410,1,,,,,,,,,,,,,,,,,,,,,,,,,,,,0.1,1
202,小玻璃瓶,11320,1284,1,"[2,4]","[21550,21541]",[3],,SmallGlassBottle,,SmallGlassBottle,16,0,3,3,1,800,0,632,4,,11323,1,,,,,,,,,,,,,,,,,,,,,,,,,0.1,
203,软皮革布,11309,1289,1,[3],[21527],[4],,LeatherCloth,,LeatherCloth,1,0,3,3,0,800,0,11307,4,,710,1,,,,,,,,,,,,,,,,,,,,,,,,,0.1,
204,皮披风,12205,1251,[1],[1],[21516],[2],,LeatherCloak,,LeatherCloak,1,0,3,3,0,800,0,11307,7,,,,,,,,,,,,,,,,,,,,,,,,,,,,0.1,
205,炽炎披风,12206,1253,[4],[1],[21516],[2],,FlameCrystalCloak,,FlameCrystalCloak,1,0,3,3,0,800,0,11504,1,,11207,3,,12205,1,,,,,,,,,,,,,,,,,,,,,,0.1,
206,钨金披风,12207,1255,[5],[1],[21516],[2],,TungstenGold-encrustedCloak,,TungstenGold-encrustedCloak,1,0,3,3,0,800,0,11074,1,,11203,3,,12205,1,,,,,,,,,,,,,,,,,,,,,,0.1,
207,缠丝玛瑙披风,12208,1254,[6],[1],[21516],[2],,KyaniteCloak,,KyaniteCloak,1,0,3,3,0,800,0,11500,1,,11511,3,,12205,1,,,,,,,,,,,,,,,,,,,,,,0.1,
208,秘银披风,12209,1252,[2],[1],[21516],[2],,MithsilverCloak,,MithsilverCloak,1,0,3,3,0,800,0,11500,1,,11209,3,,12205,1,,,,,,,,,,,,,,,,,,,,,,0.1,
209,低音块,690,1295,1,[6],[21546],[7],,BassCube,,BassCube,1,0,3,3,0,800,0,11664,1,,11307,3,,11511,1,,11329,1,,,,,,,,,,,,,,,,,,,0.1,
210,中音块,691,1296,1,[6],[21546],[7],,MediantCube,,MediantCube,1,0,3,3,0,800,0,11664,1,,11307,3,,11511,1,,11209,1,,,,,,,,,,,,,,,,,,,0.1,
211,高音块,692,1297,1,[6],[21546],[7],,High-pitchCube,,High-pitchCube,1,0,3,3,0,800,0,11664,1,,11307,3,,11511,1,,11207,1,,,,,,,,,,,,,,,,,,,0.1,
212,乐器-鼓,693,1298,1,[6],[21546],[7],,Instruments-drum,,Instruments-drum,1,0,3,3,0,800,0,11664,1,,11307,3,,11204,1,,11329,1,,,,,,,,,,,,,,,,,,,0.1,
213,乐器-电子,694,1299,1,[6],[21546],[7],,ElectronInstrument,,ElectronInstrument,1,0,3,3,0,800,0,11664,1,,11307,3,,11204,1,,11209,1,,,,,,,,,,,,,,,,,,,0.1,
214,乐器-综合,695,1300,1,[6],[21546],[7],,GeneralInstrument,,GeneralInstrument,1,0,3,3,0,800,0,11664,1,,11307,3,,11204,1,,11207,1,,,,,,,,,,,,,,,,,,,0.1,
215,非循环-电子,696,1301,1,[6],[21546],[7],,AcyclicElectron,,AcyclicElectron,1,0,3,3,0,800,0,11664,1,,11307,3,,11511,1,,11329,1,,,,,,,,,,,,,,,,,,,0.1,
216,循环-鼓,697,1302,1,[6],[21546],[7],,Cycling - Drum,,Cycling - Drum,1,0,3,3,0,800,0,11664,1,,11307,3,,11206,1,,11329,1,,,,,,,,,,,,,,,,,,,0.1,
217,循环-电子,698,1303,1,[6],[21546],[7],,Cycling - electronic,,Cycling - electronic,1,0,3,3,0,800,0,11664,1,,11307,3,,11206,1,,11209,1,,,,,,,,,,,,,,,,,,,0.1,
218,循环-氛围,699,1304,1,[6],[21546],[7],,Cycling - ambient,,Cycling - ambient,1,0,3,3,0,800,0,11664,1,,11307,3,,11206,1,,11207,1,,,,,,,,,,,,,,,,,,,0.1,
219,落日橙门,854,2305,1,[4],[21533],[6],,RedOrangeDoor,,RedOrangeDoor,1,0,3,3,1,800,0,11323,6,,11536,1,,,,,,,,,,,,,,,,,,,,,,,,,0.1,
220,深栗红门,855,2306,1,[4],[21533],[6],,DeepRedDoor,,DeepRedDoor,1,0,3,3,1,800,0,11323,6,,11512,1,,,,,,,,,,,,,,,,,,,,,,,,,0.1,
221,象牙白门,856,2307,1,[4],[21533],[6],,WhiteDoor,,WhiteDoor,1,0,3,3,1,800,0,11323,6,,11500,1,,,,,,,,,,,,,,,,,,,,,,,,,0.1,
222,炽炎门,857,2308,1,[4],[21533],[6],,FlameCrystalDoor,,FlameCrystalDoor,1,0,3,3,0,800,0,11207,3,,11209,3,,,,,,,,,,,,,,,,,,,,,,,,,0.1,
223,海棠红门,858,2309,1,[4],[21533],[6],,LightRedDoor,,LightRedDoor,1,0,3,3,1,800,0,11323,6,,11506,1,,,,,,,,,,,,,,,,,,,,,,,,,0.1,
224,琥珀黄门,859,2310,1,[4],[21533],[6],,FruitwoodDoor,,FruitwoodDoor,1,0,3,3,1,800,0,11323,6,,11543,1,,,,,,,,,,,,,,,,,,,,,,,,,0.1,
225,秋叶橙门,860,2311,1,[4],[21533],[6],,YellowOrangeDoor,,YellowOrangeDoor,1,0,3,3,1,800,0,11323,6,,11537,1,,,,,,,,,,,,,,,,,,,,,,,,,0.1,
226,木纹灯,861,2312,[3],[4],[21522],[6],,WoodGrainLamp,,WoodGrainLamp,1,0,3,3,1,800,0,11323,4,,536,1,,,,,,,,,,,,,,,,,,,,,,,,,0.2,
227,象牙白玻璃灯,862,2313,[3],[4],[21522],[6],,WhiteGlassLamp,,WhiteGlassLamp,1,0,3,3,0,800,0,632,1,,11206,1,,11500,1,,,,,,,,,,,,,,,,,,,,,,0.2,
228,朱砂橙玻璃灯,863,2314,[3],[4],[21522],[6],,OrangeGlassLamp,,OrangeGlassLamp,1,0,3,3,0,800,0,632,1,,11206,1,,11501,1,,,,,,,,,,,,,,,,,,,,,,0.2,
229,胭脂红玻璃灯,864,2315,[3],[4],[21522],[6],,RedPurpleGlassLamp,,RedPurpleGlassLamp,1,0,3,3,0,800,0,632,1,,11206,1,,11502,1,,,,,,,,,,,,,,,,,,,,,,0.2,
230,天青蓝玻璃灯,865,2316,[3],[4],[21522],[6],,LightBlueGlassLamp,,LightBlueGlassLamp,1,0,3,3,0,800,0,632,1,,11206,1,,11503,1,,,,,,,,,,,,,,,,,,,,,,0.2,
231,鹅毛黄玻璃灯,866,2317,[3],[4],[21522],[6],,YellowGlassLamp,,YellowGlassLamp,1,0,3,3,0,800,0,632,1,,11206,1,,11504,1,,,,,,,,,,,,,,,,,,,,,,0.2,
232,松花绿玻璃灯,867,2318,[3],[4],[21522],[6],,LightGreenGlassLamp,,LightGreenGlassLamp,1,0,3,3,0,800,0,632,1,,11206,1,,11505,1,,,,,,,,,,,,,,,,,,,,,,0.2,
233,海棠红玻璃灯,868,2319,[3],[4],[21522],[6],,LightRedGlassLamp,,LightRedGlassLamp,1,0,3,3,0,800,0,632,1,,11206,1,,11506,1,,,,,,,,,,,,,,,,,,,,,,0.2,
234,苍石灰玻璃灯,869,2320,[3],[4],[21522],[6],,GreyGlassLamp,,GreyGlassLamp,1,0,3,3,0,800,0,632,1,,11206,1,,11507,1,,,,,,,,,,,,,,,,,,,,,,0.2,
235,浅苍灰玻璃灯,870,2321,[3],[4],[21522],[6],,LightGreyGlassLamp,,LightGreyGlassLamp,1,0,3,3,0,800,0,632,1,,11206,1,,11508,1,,,,,,,,,,,,,,,,,,,,,,0.2,
236,青碧绿玻璃灯,871,2322,[3],[4],[21522],[6],,BlueGreenGlassLamp,,BlueGreenGlassLamp,1,0,3,3,0,800,0,632,1,,11206,1,,11509,1,,,,,,,,,,,,,,,,,,,,,,0.2,
237,青莲紫玻璃灯,872,2323,[3],[4],[21522],[6],,PurpleGlassLamp,,PurpleGlassLamp,1,0,3,3,0,800,0,632,1,,11206,1,,11510,1,,,,,,,,,,,,,,,,,,,,,,0.2,
238,宝石蓝玻璃灯,873,2324,[3],[4],[21522],[6],,BlueGlassLamp,,BlueGlassLamp,1,0,3,3,0,800,0,632,1,,11206,1,,11532,1,,,,,,,,,,,,,,,,,,,,,,0.2,
239,深栗红玻璃灯,874,2325,[3],[4],[21522],[6],,DeepRedGlassLamp,,DeepRedGlassLamp,1,0,3,3,0,800,0,632,1,,11206,1,,11512,1,,,,,,,,,,,,,,,,,,,,,,0.2,
240,翡翠绿玻璃灯,875,2326,[3],[4],[21522],[6],,GreenGlassLamp,,GreenGlassLamp,1,0,3,3,0,800,0,632,1,,11206,1,,11513,1,,,,,,,,,,,,,,,,,,,,,,0.2,
241,赫赤红玻璃灯,876,2327,[3],[4],[21522],[6],,RedGlassLamp,,RedGlassLamp,1,0,3,3,0,800,0,632,1,,11206,1,,11514,1,,,,,,,,,,,,,,,,,,,,,,0.2,
242,煤乌黑玻璃灯,877,2328,[3],[4],[21522],[6],,BlackGlassLamp,,BlackGlassLamp,1,0,3,3,0,800,0,632,1,,11206,1,,11515,1,,,,,,,,,,,,,,,,,,,,,,0.2,
243,精致木床,883,2329,1,[4],[21532],[6],,WoodenBed,,WoodenBed,1,0,3,3,0,800,0,11307,3,,11323,3,,,,,,,,,,,,,,,,,,,,,,,,,0.1,
244,豪华木床,884,2330,1,[4],[21532],[6],,LuxuryBed,,LuxuryBed,1,0,3,3,0,800,0,11307,3,,11323,3,,,,,,,,,,,,,,,,,,,,,,,,,0.1,
245,公主床,885,2331,1,[4],[21532],[6],,RoyalBed,,RoyalBed,1,0,3,3,0,800,0,11307,3,,11323,3,,,,,,,,,,,,,,,,,,,,,,,,,0.1,
246,熔岩号角,11215,1332,1,[2],[21550],,,LavaHorn,,LavaHorn,1,0,3,3,0,800,0,11217,1,,11218,1,,,,,,,,,,,,,,,,,,,,,,,,,100,
247,混乱号角,11216,1333,1,[2],[21550],,,ChaosHorn,,ChaosHorn,1,0,3,3,0,800,0,11219,1,,11220,1,,,,,,,,,,,,,,,,,,,,,,,,,100,
248,生命结晶,11217,1334,1,[3],[21530],,,LifeCrystal,,LifeCrystal,1,0,3,3,0,800,0,11223,3,,11211,15,,,,,,,,,,,,,,,,,,,,,,,,,50,
249,岩石结晶,11218,1335,1,[3],[21530],,,LavaCrystal,,LavaCrystal,1,0,3,3,0,800,0,536,4,,417,2,,,,,,,,,,,,,,,,,,,,,,,,,50,
250,混乱结晶,11219,1336,1,[3],[21530],,,ChaosCrystal,,ChaosCrystal,1,0,3,3,0,800,0,11224,3,,309,15,,132,1,,,,,,,,,,,,,,,,,,,,,,50,
251,宝石结晶,11220,1337,1,[3],[21530],,,GemCrystal,,GemCrystal,1,0,3,3,0,800,0,409,4,,408,2,,132,1,,,,,,,,,,,,,,,,,,,,,,50,
252,龙骨弓,12056,1155,[12],[1],[21517],,,DragonBoneBow,,DragonBoneBow,1,0,3,3,0,800,0,11221,3,,710,9,,,,,,,,,,,,,,,,,,,,,,,,,50,
253,熔岩披风,12210,1256,[3],[1],[21516],,,LavaCloak,,LavaCloak,1,0,3,3,0,800,0,12205,1,,11222,1,,,,,,,,,,,,,,,,,,,,,,,,,50,
254,一捆玉米,11223,1340,1,[3],[21530],,,ABundleofCorn,,ABundleofCorn,1,0,3,3,0,800,0,229,64,,,,,,,,,,,,,,,,,,,,,,,,,,,,50,
255,一叠皮革,11224,1341,1,[3],[21530],,,APileofLeather,,APileofLeather,1,0,3,3,0,800,0,11307,64,,,,,,,,,,,,,,,,,,,,,,,,,,,,10,
256,椅子,965,2342,[5],[4],[256],[6],,WoodChair,,WoodChair,1,0,3,3,1,800,0,11323,5,,,,,,,,,,,,,,,,,,,,,,,,,,,,0.1,
257,桌子,966,2343,[5],[4],[257],[6],,WoodTable,,WoodTable,1,0,3,3,1,800,0,11323,5,,,,,,,,,,,,,,,,,,,,,,,,,,,,0.1,
258,沙发,967,2344,1,[4],[256],[6],,WoodSofa,,WoodSofa,1,0,3,3,1,800,0,11323,4,,11309,1,,,,,,,,,,,,,,,,,,,,,,,,,0.1,
259,棕色壁炉,968,2345,[5],"[2,4]","[14,21544]",[6],,BrownFireplace,,BrownFireplace,1,0,3,3,0,800,0,501,5,,11323,3,,,,,,,,,,,,,,,,,,,,,,,,,0.1,
260,柜子,969,2346,1,[4],[21534],[6],,WoodCabinet,,WoodCabinet,1,0,3,3,0,800,0,11323,8,,,,,,,,,,,,,,,,,,,,,,,,,,,,0.1,
261,象牙白椅子,970,2347,1,[4],[256],[6],,WhiteChair,,WhiteChair,1,0,3,3,1,800,0,11323,5,,11500,1,,,,,,,,,,,,,,,,,,,,,,,,,0.1,
262,象牙白桌子,971,2348,1,[4],[257],[6],,WhiteTable,,WhiteTable,1,0,3,3,1,800,0,11323,5,,11500,1,,,,,,,,,,,,,,,,,,,,,,,,,0.1,
263,象牙白沙发,972,2349,1,[4],[256],[6],,WhiteSofa,,WhiteSofa,1,0,3,3,1,800,0,11323,4,,11309,1,,,,,,,,,,,,,,,,,,,,,,,,,0.1,
264,白色壁炉,973,2350,[6],"[2,4]","[14,21544]",[6],,WhiteFireplace,,WhiteFireplace,1,0,3,3,0,800,0,501,5,,11323,3,,,,,,,,,,,,,,,,,,,,,,,,,0.1,
265,象牙白柜子,974,2351,1,[4],[21534],[6],,WhiteCabinet,,WhiteCabinet,1,0,3,3,0,800,0,11323,7,,11500,1,,,,,,,,,,,,,,,,,,,,,,,,,0.1,
266,松木椅子,975,2352,1,[4],[256],[6],,LarchChair,,LarchChair,1,0,3,3,1,800,0,11323,4,,,,,,,,,,,,,,,,,,,,,,,,,,,,0.1,
267,松木桌子,976,2353,1,[4],[257],[6],,LarchTable,,LarchTable,1,0,3,3,1,800,0,11323,5,,,,,,,,,,,,,,,,,,,,,,,,,,,,0.1,
268,松木沙发,977,2354,1,[4],[256],[6],,LarchSofa,,LarchSofa,1,0,3,3,1,800,0,11323,4,,11309,1,,,,,,,,,,,,,,,,,,,,,,,,,0.1,
269,黑色壁炉,978,2355,[7],"[2,4]","[14,21544]",[6],,BlackFireplace,,BlackFireplace,1,0,3,3,0,800,0,501,5,,11323,3,,,,,,,,,,,,,,,,,,,,,,,,,0.1,
270,松木柜子,979,2356,1,[4],[21534],[6],,LarchCabinet,,LarchCabinet,1,0,3,3,0,800,0,11323,6,,,,,,,,,,,,,,,,,,,,,,,,,,,,0.1,
271,秘银星能幕布,886,2357,1,[4],[21545],[6],,MithsilverStarenergyBoard,,MithsilverStarenergyBoard,3,0,3,3,1,800,0,11209,3,,11664,1,,,,,,,,,,,,,,,,,,,,,,,,,0.1,
272,钛金星能幕布,888,2358,1,[4],[21545],[6],,TitaniumStarenergyBoard,,TitaniumStarenergyBoard,3,0,3,3,1,800,0,11330,3,,11664,1,,,,,,,,,,,,,,,,,,,,,,,,,0.1,
273,熔岩星能幕布,890,2359,1,[4],[21545],[6],,LavaStarenergyBoard,,LavaStarenergyBoard,3,0,3,3,1,800,0,124,3,,11664,1,,11206,1,,,,,,,,,,,,,,,,,,,,,,0.1,
274,熔岩之石,740,1360,[7],"[2,4]","[21550,21544]","[1,5]",,LavaStone,,LavaStone,1,0,3,3,0,800,0,411,1,,411,1,,411,1,,408,1,,732,1,,410,2,,,,,,,,,,,,,0.1,
275,玉米,229,1361,[1],[3],[21529],[4],,Corn,,Corn,64,0,3,3,0,800,0,11223,1,,,,,,,,,,,,,,,,,,,,,,,,,,,,50,1
276,软皮革,11307,1362,1,[3],[21527],[4],,Leather,,Leather,64,0,3,3,0,800,0,11224,1,,,,,,,,,,,,,,,,,,,,,,,,,,,,10,1
277,大爆竹,12280,2363,[2],[1],[21551],[3],,Firecracker,,Firecracker,2,0,3,3,0,800,0,710,1,,11307,1,,11306,2,,11307,3,,,,,,,,,,,,,,,,,,,0.2,
278,弹弓,12281,1153,[1],[1],[21517],[2],,Slingshot,,Slingshot,1,0,3,3,1,800,0,710,2,,11307,2,,11323,2,,,,,,,,,,,,,,,,,,,,,,0.1,
279,石子,12282,1154,[2],[1],[21517],[2],,Pebble,,Pebble,4,0,3,3,0,800,0,11627,1,,,,,,,,,,,,,,,,,,,,,,,,,,,,0.1,
280,弩,12283,1156,[11],[1],[21517],[2],,Crossbow,,Crossbow,1,0,3,3,1,800,0,11203,2,,11209,2,,11323,2,,12050,1,,,,,,,,,,,,,,,,,,,0.5,
281,火箭筒,12284,1157,[7],[1],[21552],[2],,Bazooka,,Bazooka,1,0,3,3,0,800,0,11203,1,,11207,5,,11209,5,,,,,,,,,,,,,,,,,,,,,,0.5,
282,火箭弹,12285,1158,[8],[1],[21552],[2],,Rocket,,Rocket,2,0,3,3,0,800,0,11209,5,,11664,1,,11306,1,,,,,,,,,,,,,,,,,,,,,,0.2,
283,木质字牌,892,2369,1,[4],[21545],[6],,WoodenBillboard,,WoodenBillboard,4,0,3,3,1,800,0,11323,1,,11323,1,,,,,11323,1,,11323,1,,,,,,,,,,,,,,,,0.1,
284,石质字牌,893,2370,1,[4],[21545],[6],,StoneBillboard,,StoneBillboard,4,0,3,3,0,800,0,104,1,,104,1,,,,,104,1,,104,1,,,,,,,,,,,,,,,,0.2,
285,秘银字牌,894,2371,1,[4],[21545],[6],,MithsilverBillboard,,MithsilverBillboard,4,0,3,3,0,800,0,11323,1,,11323,1,,11209,1,,11323,1,,11323,1,,11209,1,,,,,,,,,,,,,0.3,
286,炽炎字牌,895,2372,1,[4],[21545],[6],,FlameCrystalBillboard,,FlameCrystalBillboard,4,0,3,3,0,800,0,11323,4,,11207,2,,,,,,,,,,,,,,,,,,,,,,,,,0.4,
287,钨金字牌,896,2373,1,[4],[21545],[6],,TungstenGoldBillboard,,TungstenGoldBillboard,4,0,3,3,1,800,0,11203,1,,11074,1,,11323,3,,,,,,,,,,,,,,,,,,,,,,0.5,
288,熔岩字牌,897,2374,1,[4],[21545],[6],,LavaBillboard,,LavaBillboard,4,0,3,3,0,800,0,11214,1,,11214,1,,,,,11214,1,,11214,1,,,,,,,,,,,,,,,,0.1,
289,灯笼,898,2375,[3],[4],[21522],[6],,Lantern,,Lantern,1,0,3,3,1,800,0,11323,2,,11307,2,,11206,1,,,,,,,,,,,,,,,,,,,,,,1,
290,古典路灯,899,2376,[3],[4],[21522],[6],,ClassicRoadLamp,,ClassicRoadLamp,1,0,3,3,0,800,0,11209,1,,11206,1,,11209,1,,,,,11206,1,,,,,,,,,,,,,,,,1,
291,现代路灯,900,2377,[3],[4],[21522],[6],,ModernRoadLamp,,ModernRoadLamp,1,0,3,3,0,800,0,11209,1,,11206,1,,11209,1,,,,,11206,1,,,,,,,,,,,,,,,,1,
292,黑色铜围栏,926,2378,1,[4],[21534],[6],,BlackBrassBar,,BlackBrassBar,6,0,3,3,0,800,0,11332,6,,11515,1,,,,,,,,,,,,,,,,,,,,,,,,,0.5,
293,白色铜围栏,927,2379,1,[4],[21534],[6],,WhiteBrassBar,,WhiteBrassBar,6,0,3,3,0,800,0,11332,6,,11500,1,,,,,,,,,,,,,,,,,,,,,,,,,0.5,
294,小花盆,928,2380,1,[4],[21553],[6],,SmallFlowerPot,,SmallFlowerPot,1,0,3,3,0,800,0,11213,1,,,,,,,,11213,1,,,,,,,,,,,,,,,,,,,1,
295,大花盆,929,2381,1,[4],[21553],[6],,LargeFlowerPot,,LargeFlowerPot,1,0,3,3,0,800,0,11213,1,,,,,,,,11213,1,,11213,1,,,,,,,,,,,,,,,,1,
296,蜡烛台,931,2382,[3],[4],[21522],[6],,CandleHolder,,CandleHolder,1,0,3,3,0,800,0,298,3,,11209,3,,,,,,,,,,,,,,,,,,,,,,,,,3,
297,吊灯,933,2383,[3],[4],[21522],[6],,CellingLamp,,CellingLamp,1,0,3,3,0,800,0,11209,1,,11209,1,,11209,1,,11206,1,,11206,2,,632,3,,,,,,,,,,,,,3,
298,典雅壁灯,934,2384,[3],[4],[21522],[6],,ElegantWallLamp,,ElegantWallLamp,1,0,3,3,0,800,0,632,1,,298,1,,11209,1,,,,,,,,,,,,,,,,,,,,,,2,
299,精致壁灯,935,2385,[3],[4],[21522],[6],,ExquisiteWallLamp,,ExquisiteWallLamp,1,0,3,3,0,800,0,11207,1,,298,1,,632,1,,,,,,,,,,,,,,,,,,,,,,2,
300,台灯,936,2386,[3],[4],[21522],[6],,TableLamp,,TableLamp,1,0,3,3,0,800,0,632,1,,11206,1,,11207,1,,11207,1,,,,,,,,,,,,,,,,,,,5,
301,荧光晶块,550,1387,[3],[4],[21522],[6],,FluorescentBlock,,FluorescentBlock,1,0,3,3,0,800,0,11318,1,,11318,1,,11318,1,,11318,1,,11318,1,,11318,4,,,,,,,,,,,,,0.1,
302,深海呼吸药剂,12716,1388,[8],[1],[21519],[1],,BreathingPotion,,BreathingPotion,1,0,3,3,0,800,300,11319,1,,11320,1,,,,,,,,,,,,,,,,,,,,,,,,,0.2,
303,展示架,930,1390,1,[4],[21557],[6],,DisplayRack,,DisplayRack,1,0,3,3,1,800,0,11323,4,,649,2,,,,,,,,,,,,,,,,,,,,,,,,,0.2,
304,火箭背包,12253,1257,[9],[1],[21516],[2],,Jetpack,,Jetpack,1,0,3,3,0,800,0,11209,2,,11052,2,,11664,10,,12285,2,,,,,,,,,,,,,,,,,,,0.5,
305,红藻力量药剂,12715,1392,[9],[1],[21519],[1],,KnockbackPotion,,KnockbackPotion,1,0,3,3,0,800,300,314,1,,11320,1,,,,,,,,,,,,,,,,,,,,,,,,,0.2,
306,年兽蛋,13505,1393,1,[2],[21550],,,NianSpawner,,NianSpawner,1,0,3,3,1,800,0,12836,1,,11327,1,,,,,,,,,,,,,,,,,,,,,,,,,,
307,喷花烟花,881,2394,1,[2],[21550],[6],,Fireworks(On),,Fireworks(On),1,0,3,3,0,800,0,11306,1,,11307,1,,29,2,,11307,3,,,,,,,,,,,,,,,,,,,0.5,
308,春节窗花-福,940,2395,1,[4],[21536],[6],,FortunepaperFlower,,FortunepaperFlower,1,0,3,3,0,800,0,11307,1,,11514,1,,,,,,,,,,,,,,,,,,,,,,,,,1,
309,春节窗花-禄,941,2396,1,[4],[21536],[6],,WealthpaperFlower,,WealthpaperFlower,1,0,3,3,0,800,0,11307,1,,11307,1,,11514,1,,11514,1,,,,,,,,,,,,,,,,,,,1,
310,春节窗花-寿,942,2397,1,[4],[21536],[6],,LongevitypaperFlower,,LongevitypaperFlower,1,0,3,3,0,800,0,11307,1,,11307,1,,11307,1,,11514,1,,,,,,,,,,,,,,,,,,,1,
311,春节窗花-喜,943,2398,1,[4],[21536],[6],,JoypaperFlower,,JoypaperFlower,1,0,3,3,0,800,0,11307,1,,11307,1,,11307,1,,11307,1,,11514,1,,11514,1,,,,,,,,,,,,,1,
312,中式宫灯,945,2399,[3],[4],[21522],[6],,PalaceLantern,,PalaceLantern,1,0,3,3,1,800,0,11323,4,,11318,3,,,,,,,,,,,,,,,,,,,,,,,,,4,
313,红色陶花盆,946,2400,1,[4],[21553],[6],,RedFlowerpot,,RedFlowerpot,1,0,3,3,0,800,0,11213,2,,11514,1,,,,,,,,,,,,,,,,,,,,,,,,,2,
314,绿色陶花盆,947,2401,1,[4],[21553],[6],,GreenFlowerpot,,GreenFlowerpot,1,0,3,3,0,800,0,11213,2,,11513,1,,,,,,,,,,,,,,,,,,,,,,,,,2,
315,大瓷花盆,948,2402,1,[4],[21553],[6],,BigPorcelainPot,,BigPorcelainPot,1,0,3,3,0,800,0,11213,3,,11511,1,,,,,,,,,,,,,,,,,,,,,,,,,2.5,
316,新春宫灯,949,2403,[3],[4],[21522],[6],,FestivalLantern,,FestivalLantern,1,0,3,3,1,800,0,11307,4,,11323,4,,11318,1,,,,,,,,,,,,,,,,,,,,,,2,
317,孔明灯,12830,2404,[3],[4],[21522],[3],,SkyLantern,,SkyLantern,1,0,3,3,0,800,0,11307,5,,298,1,,710,1,,,,,,,,,,,,,,,,,,,,,,2.5,
318,荷灯,13808,2405,[3],[4],[21522],[3],,LotusLantern,,LotusLantern,1,0,3,3,1,800,0,11307,3,,11318,1,,250,3,,,,,,,,,,,,,,,,,,,,,,2.5,
319,荧光晶体,11318,1406,1,[3],[21530],[4],,FluorescentCrystal,,FluorescentCrystal,9,0,3,3,0,800,0,550,1,,,,,,,,,,,,,,,,,,,,,,,,,,,,0.1,
320,木质天窗,731,1407,1,[4],[21535],[6],,WoodenSkylight,,WoodenSkylight,1,0,3,3,1,800,0,11323,3,,,,,,,,,,,,,,,,,,,,,,,,,,,,0.1,
321,草垛,822,235,[2],[2],[21521],[6],,Haystack,,Haystack,1,0,3,3,0,800,0,11226,16,,,,,,,,,,,,,,,,,,,,,,,,,,,,0.1,
322,标记器（-）,1004,1409,1,[6],[21543],[7],,Marker(-),,Marker(-),1,0,3,3,0,800,0,11209,4,,11664,3,,,,,,,,,,,,,,,,,,,,,,,,,0.1,
323,标记器（+）,1005,1410,1,[6],[21543],[7],,Marker(+),,Marker(+),1,0,3,3,0,800,0,11209,4,,11664,3,,,,,,,,,,,,,,,,,,,,,,,,,0.1,
324,滑动方块,1008,1411,1,[6],[21543],[7],,SlidingCube,,SlidingCube,1,0,3,3,0,800,0,11310,3,,11209,5,,363,1,,,,,,,,,,,,,,,,,,,,,,0.1,
325,转轴方块,1010,1412,1,[6],[21543],[7],,Rotor cube,,Rotor cube,1,0,3,3,0,800,0,363,1,,11310,1,,11511,5,,,,,,,,,,,,,,,,,,,,,,0.1,
326,地板,418,1413,1,[4],[21548],[5],,WoodFloor,,WoodFloor,1,0,3,3,0,800,0,11323,2,,,,,,,,,,,,,,,,,,,,,,,,,,,,0.1,
327,土砖,421,1414,[10],[4],[21544],[5],,AdobeBlock,,AdobeBlock,1,0,3,3,0,800,0,101,4,,,,,,,,,,,,,,,,,,,,,,,,,,,,0.1,
328,粗制石砖,422,1415,[10],[4],[21544],[5],,RoughRockBrick,,RoughRockBrick,1,0,3,3,0,800,0,104,2,,,,,,,,,,,,,,,,,,,,,,,,,,,,0.1,
329,粗制黄砖板,423,1416,[10],[4],[21544],[5],,SandstoneBlock,,SandstoneBlock,1,0,3,3,1,800,0,422,2,,29,2,,,,,,,,,,,,,,,,,,,,,,,,,0.1,
330,釉面砖,425,1417,[10],[4],[21544],[5],,GlazedBlock,,GlazedBlock,1,0,3,3,0,800,0,422,2,,11200,2,,,,,,,,,,,,,,,,,,,,,,,,,0.1,
331,横格釉面砖,426,1418,[10],[4],[21544],[5],,LateralGlazedBlock,,LateralGlazedBlock,1,0,3,3,0,800,0,425,2,,,,,,,,,,,,,,,,,,,,,,,,,,,,0.1,
332,不稳定化合物,11306,1419,1,[3],[21530],[4],,UnstableCompound,,UnstableCompound,2,0,3,3,0,800,0,128,1,,11201,2,,,,,,,,,,,,,,,,,,,,,,,,,0.1,
333,青瓜大餐,12577,1420,[5],[2],[21521],[3],,CucumberMeal,,CucumberMeal,1,0,3,3,0,800,200,236,6,,241,2,,,,,,,,,,,,,,,,,,,,,,,,,0.1,
334,号角,12579,1421,1,[2],[21550],[3],,Horn,,Horn,1,0,3,3,0,800,0,12578,1,,11209,1,,,,,,,,,,,,,,,,,,,,,,,,,0.1,
335,灵狐口哨,12580,1422,1,[2],[21550],[3],,DogWhistle,,DogWhistle,1,0,3,3,1,800,0,11323,1,,11206,1,,,,,,,,,,,,,,,,,,,,,,,,,0.1,
336,窝,1019,231,[3],[4],[21522],[3],,ChickenNest,,ChickenNest,1,0,3,3,1,800,0,11226,5,,11323,2,,,,,,,,,,,,,,,,,,,,,,,,,0.1,
337,冰砖,430,1425,[10],[4],[21544],[5],,IceBrick,,IceBrick,1,0,3,3,0,800,0,123,3,,,,,,,,,,,,,,,,,,,,,,,,,,,,0.1,
338,扳手,11070,1426,1,"[2,6]","[21550,21542]","[3,7]",,Wrench,,Wrench,1,0,3,3,0,800,0,11209,3,,11210,2,,,,,,,,,,,,,,,,,,,,,,,,,0.1,
339,风铃花种子,431,1428,[4],[3],[21529],[4],,BellflowersSeed,,BellflowersSeed,2,0,3,3,0,800,0,300,1,,,,,,,,,,,,,,,,,,,,,,,,,,,,0.1,
340,若兰花种子,432,1429,[4],[3],[21529],[4],,RuolanSeed,,RuolanSeed,2,0,3,3,0,800,0,301,1,,,,,,,,,,,,,,,,,,,,,,,,,,,,0.1,
341,星辰花种子,433,1430,[4],[3],[21529],[4],,StarFlowerSeed,,StarFlowerSeed,2,0,3,3,0,800,0,302,1,,,,,,,,,,,,,,,,,,,,,,,,,,,,0.1,
342,龙血花种子,434,1431,[4],[3],[21529],[4],,DragonFlowerSeed,,DragonFlowerSeed,2,0,3,3,0,800,0,303,1,,,,,,,,,,,,,,,,,,,,,,,,,,,,0.1,
343,风信子种子,435,1432,[4],[3],[21529],[4],,HyacinthSeed,,HyacinthSeed,2,0,3,3,0,800,0,304,1,,,,,,,,,,,,,,,,,,,,,,,,,,,,0.1,
344,龙爪草种子,436,1433,[4],[3],[21529],[4],,DragonGrassSeed,,DragonGrassSeed,2,0,3,3,0,800,0,305,1,,,,,,,,,,,,,,,,,,,,,,,,,,,,0.1,
345,龙血树种子,437,1434,[4],[3],[21529],[4],,DragonTreeSeed,,DragonTreeSeed,2,0,3,3,0,800,0,306,1,,,,,,,,,,,,,,,,,,,,,,,,,,,,0.1,
346,红色龙舌兰种子,438,1435,[4],[3],[21529],[4],,RedMagueySeed,,RedMagueySeed,2,0,3,3,0,800,0,307,1,,,,,,,,,,,,,,,,,,,,,,,,,,,,0.1,
347,橙色龙舌兰种子,439,1436,[4],[3],[21529],[4],,OrangeMagueySeed,,OrangeMagueySeed,2,0,3,3,0,800,0,308,1,,,,,,,,,,,,,,,,,,,,,,,,,,,,0.1,
348,灰色龙舌兰种子,440,1437,[4],[3],[21529],[4],,GreyMagueySeed,,GreyMagueySeed,2,0,3,3,0,800,0,309,1,,,,,,,,,,,,,,,,,,,,,,,,,,,,0.1,
349,粉色龙舌兰种子,441,1438,[4],[3],[21529],[4],,PinkMagueySeed,,PinkMagueySeed,2,0,3,3,0,800,0,310,1,,,,,,,,,,,,,,,,,,,,,,,,,,,,0.1,
350,白椰花种子,442,1439,[4],[3],[21529],[4],,WhiteFlowerSeed,,WhiteFlowerSeed,2,0,3,3,0,800,0,311,1,,,,,,,,,,,,,,,,,,,,,,,,,,,,0.1,
351,黄钟花种子,443,1440,[4],[3],[21529],[4],,YellowFlowerSeed,,YellowFlowerSeed,2,0,3,3,0,800,0,312,1,,,,,,,,,,,,,,,,,,,,,,,,,,,,0.1,
352,野蔷薇种子,444,1441,[4],[3],[21529],[4],,RosebushSeed,,RosebushSeed,2,0,3,3,0,800,0,313,1,,,,,,,,,,,,,,,,,,,,,,,,,,,,0.1,
353,蟹棒,12581,1442,1,[3],[21530],[3],,CrabStick,,CrabStick,1,0,3,3,0,800,0,12527,1,,,,,,,,,,,,,,,,,,,,,,,,,,,,0.1,
354,彩蛋,12248,1443,[2],"[2,3]","[21525,21525]",[3],,BigPaintedEgg,,BigPaintedEgg,10,0,3,3,0,800,0,12053,10,,11506,1,,11504,1,,11509,1,,,,,,,,,,,,,,,,,,,0.1,
355,小彩蛋,12240,1444,[2],"[2,3]","[21525,21525]",[3],,PaintedEgg,,PaintedEgg,10,0,3,3,0,800,0,12052,10,,11514,1,,11504,1,,11503,1,,,,,,,,,,,,,,,,,,,0.1,
356,感应方块,1032,1446,1,[6],[21543],[7],,SensorCube,,SensorCube,1,0,3,3,0,800,0,353,1,,11511,1,,11209,2,,11664,1,,,,,,,,,,,,,,,,,,,0.1,
357,星能算法器,387,1447,1,[6],[21543],[7],,Calculator,,Calculator,1,0,3,3,0,800,0,11664,3,,11210,1,,11207,1,,104,2,,,,,,,,,,,,,,,,,,,0.1,
358,木窗,555,1449,1,[4],[21535],[6],,Woodenwindow,,Woodenwindow,2,0,3,3,1,800,0,11323,6,,,,,,,,,,,,,,,,,,,,,,,,,,,,0.1,
359,玻璃窗,556,1450,1,[4],[21535],[6],,GlassWindow,,GlassWindow,2,0,3,3,1,800,0,11323,4,,649,6,,,,,,,,,,,,,,,,,,,,,,,,,0.1,
360,皮革卷轴,11806,1451,1,[2],[21550],[3],,LeatherReel,,LeatherReel,1,0,3,3,0,800,0,11307,1,,710,1,,,,,,,,,,,,,,,,,,,,,,,,,0.1,
361,秋叶橙地板,419,2452,1,[4],[21548],[5],,YellowOrangeFloor,,YellowOrangeFloor,4,0,3,3,0,800,0,11323,8,,11537,1,,,,,,,,,,,,,,,,,,,,,,,,,0.1,
362,海棠红地板,420,2453,1,[4],[21548],[5],,LightRedFloor,,LightRedFloor,4,0,3,3,0,800,0,11323,8,,11506,1,,,,,,,,,,,,,,,,,,,,,,,,,0.1,
363,精制黄砖板,424,2454,1,[4],[21548],[5],,SandstoneBrick,,SandstoneBrick,1,0,3,3,1,800,0,501,2,,29,2,,,,,,,,,,,,,,,,,,,,,,,,,0.1,
364,竖格釉面砖,427,2455,[10],[4],[21544],[5],,VerticalGlazedBlock,,VerticalGlazedBlock,1,0,3,3,0,800,0,425,2,,,,,,,,,,,,,,,,,,,,,,,,,,,,0.1,
365,四格釉面砖,428,2456,[10],[4],[21544],[5],,GridGlazedBlock,,GridGlazedBlock,1,0,3,3,0,800,0,425,2,,,,,,,,,,,,,,,,,,,,,,,,,,,,0.1,
366,不规则釉面砖,429,2457,[10],[4],[21544],[5],,IrregularGlazedBlock,,IrregularGlazedBlock,1,0,3,3,0,800,0,425,2,,,,,,,,,,,,,,,,,,,,,,,,,,,,0.1,
367,象牙白栅栏,539,2458,1,[4],[21534],[5],,WhiteFence,,WhiteFence,4,0,3,3,1,800,0,11323,5,,11500,1,,,,,,,,,,,,,,,,,,,,,,,,,0.1,
368,粗制石砖围栏,551,2459,1,[4],[21534],[5],,StoneBrickFence,,StoneBrickFence,4,0,3,3,0,800,0,422,3,,,,,,,,,,,,,,,,,,,,,,,,,,,,0.1,
369,象牙白围栏,552,2460,1,[4],[21534],[5],,WhiteFence1,,WhiteFence1,4,0,3,3,1,800,0,11323,10,,11500,1,,,,,,,,,,,,,,,,,,,,,,,,,0.1,
370,木栅栏,553,2461,1,[4],[21534],[5],,WoodenStockade,,WoodenStockade,4,0,3,3,1,800,0,11323,5,,,,,,,,,,,,,,,,,,,,,,,,,,,,0.1,
371,铜围栏,554,2462,1,[4],[21534],[5],,BrassFence,,BrassFence,4,0,3,3,0,800,0,11332,4,,,,,,,,,,,,,,,,,,,,,,,,,,,,0.1,
372,过山车头,13802,1463,1,"[2,6]","[21549,21542]",[7],,RollerCoasterEngine,,RollerCoasterEngine,1,0,3,3,1,800,0,11209,5,,11323,5,,550,2,,,,,,,,,,,,,,,,,,,,,,0.1,
373,胭脂红木板,562,1464,[8],[4],[2],[5],,RedPurpleBoard,,RedPurpleBoard,4,0,3,3,0,800,0,11323,4,,11502,1,,,,,,,,,,,,,,,,,,,,,,,,,0.1,
374,竹板,563,1465,1,[4],[2],[5],,BambooBoard,,BambooBoard,1,0,3,3,0,800,0,251,2,,,,,,,,,,,,,,,,,,,,,,,,,,,,0.1,
375,胭脂红薄板,564,1466,14,[4],[128],[5],,RedPurpleStep,,RedPurpleStep,16,0,3,3,0,800,0,11323,4,,11502,1,,,,,,,,,,,,,,,,,,,,,,,,,0.1,
376,竹板薄板,565,1467,15,[4],[128],[5],,BambooStep,,BambooStep,4,0,3,3,0,800,0,251,2,,,,,,,,,,,,,,,,,,,,,,,,,,,,0.1,
377,胭脂红楼梯,566,1468,1,[4],[134],[5],,RedPurpleStair,,RedPurpleStair,32,0,3,3,0,800,0,11323,20,,11502,1,,,,,,,,,,,,,,,,,,,,,,,,,0.1,
378,竹板楼梯,567,1469,1,[4],[134],[5],,BambooStair,,BambooStair,4,0,3,3,0,800,0,251,5,,,,,,,,,,,,,,,,,,,,,,,,,,,,0.1,
379,地刺陷阱,721,1471,1,[6],[21542],[7],,SpikeTrap,,SpikeTrap,1,0,3,3,0,800,0,563,3,,11312,9,,11664,1,,11209,3,,,,,,,,,,,,,,,,,,,0.1,
380,投掷装置,722,1472,1,[6],[21542],[7],,Thrower,,Thrower,1,0,3,3,0,800,0,11323,6,,251,4,,844,2,,710,3,,11664,6,,,,,,,,,,,,,,,,0.1,
381,桃木图腾,723,1473,1,[4],[21538],[6],,Totem,,Totem,1,0,3,3,0,800,0,254,6,,11511,3,,11500,3,,11204,2,,,,,,,,,,,,,,,,,,,0.1,
382,蔬果披萨,831,1474,1,"[7,8]",,[1],,FruitPizza,,FruitPizza,1,0,3,3,0,795,300,12509,1,11320,241,1,,12601,1,,344,1,,,,,,,,,,,,,,,,,,,0.1,
383,吹箭筒,12288,1159,[5],[1],[21517],[2],,Blowgun,,Blowgun,1,0,3,3,0,800,0,11312,2,,710,1,,,,,,,,,,,,,,,,,,,,,,,,,0.1,
384,蜂刺飞镖,12289,1160,[6],[1],[21517],[2],,Dart,,Dart,6,0,3,3,1,800,0,11312,1,,11313,1,,11303,1,,,,,,,,,,,,,,,,,,,,,,0.1,
385,瓶装蜂蜜,12511,1478,1,[2],[21550],[3],,BottledHoney,,BottledHoney,3,0,3,3,0,800,0,11320,3,,12504,3,,,,,,,,,,,,,,,,,,,,,,,,,0.1,
386,,,,1,,,,,,,,,,,,,,,,,,,,,,,,,,,,,,,,,,,,,,,,,,,,0.1,
387,萤火虫,13419,1480,1,[2],[21550],[6],,Firefly,,Firefly,1,0,3,3,0,800,0,748,1,11320,,,,,,,,,,,,,,,,,,,,,,,,,,,0.1,
388,空的蜂巢,133,1481,1,[3],[21530],[4],,EmptyHoneycomb,,EmptyHoneycomb,1,0,3,3,0,800,0,12504,3,,11323,1,,,,,,,,,,,,,,,,,,,,,,,,,0.1,
389,竹围栏,568,1482,1,[4],[21534],[5],,BambooFence,,BambooFence,4,0,3,3,0,800,0,251,8,,,,,,,,,,,,,,,,,,,,,,,,,,,,0.1,
390,竹围栏门,569,1483,1,[4],[21534],[5],,BambooFenceGate,,BambooFenceGate,1,0,3,3,0,800,0,251,4,,563,2,,,,,,,,,,,,,,,,,,,,,,,,,0.1,
391,足球服,12821,1484,1,[2],[21524],[3],,SoccerShirt,,SoccerShirt,1,0,3,3,0,800,0,710,9,,11500,1,,11503,1,,,,,,,,,,,,,,,,,,,,,,0.1,
392,足球,13420,1485,1,[2],[21524],[3],,Soccer,,Soccer,1,0,3,3,0,800,0,11307,3,,710,3,,11500,3,,11515,1,,,,,,,,,,,,,,,,,,,0.1,
393,彩带烟花,12781,1486,1,[2],[21550],[3],,RibbonFireworks,,RibbonFireworks,12,0,3,3,0,800,0,11306,3,,11307,12,,11502,1,,11504,1,,11503,1,,,,,,,,,,,,,,,,0.1,
394,星球岩薄板,570,1490,16,[4],[128],,,Horasrockstep,,Horasrockstep,4,0,3,3,0,800,0,116,2,,,,,,,,,,,,,,,,,,,,,,,,,,,,0.1,
395,星球岩楼梯,571,1491,1,[4],[134],,,Horasrockstair,,Horasrockstair,4,0,3,3,0,800,0,116,5,,,,,,,,,,,,,,,,,,,,,,,,,,,,0.1,
396,星球岩墙,572,1492,1,[4],[21534],,,Horasrockfence,,Horasrockfence,4,0,3,3,0,800,0,573,4,,,,,,,,,,,,,,,,,,,,,,,,,,,,0.1,
397,星球岩石砖,573,1493,[10],[4],[21544],,,Horasrockbrick,,Horasrockbrick,2,0,3,3,0,800,0,116,4,,,,,,,,,,,,,,,,,,,,,,,,,,,,0.1,
398,氧气提炼装置,1045,1494,1,[2],[21526],,,OxygenPump,,OxygenPump,1,0,3,3,0,800,0,11329,4,,11323,8,,25,8,,11655,2,,,,,,,,,,,,,,,,,,,0.1,
399,压缩气罐（空）,1047,1495,1,[2],[21526],,,Gastank(Empty),,Gastank(Empty),1,0,3,3,0,800,0,632,4,,11329,2,,,,,,,,,,,,,,,,,,,,,,,,,0.1,
400,星球植物培养基,1050,1496,1,[2],[21550],,,PlantMedium,,PlantMedium,1,0,3,3,0,800,0,117,1,,116,3,,11049,1,,11311,1,,,,,,,,,,,,,,,,,,,0.1,
401,星瞳钻头,11016,1021,[6],[2],[21509],,,Horascopperdrill,,Horascopperdrill,1,0,3,3,0,800,0,11073,5,,11664,2,,11323,2,,116,2,,,,,,,,,,,,,,,,,,,0.1,
402,星启石,11075,1498,1,[2],[21550],,,RegenRune,,RegenRune,1,0,3,3,0,800,0,11077,3,,,,,,,,,,,,,,,,,,,,,,,,,,,,0.1,
403,星辉石,11076,1499,1,[2],[21550],,,IlluRune,,IlluRune,1,0,3,3,0,800,0,11077,3,,11078,3,,11079,3,,,,,,,,,,,,,,,,,,,,,,0.1,
404,喷射钩爪,12006,1022,[6],"[1,2]","[21552,21550]",,,Hookshot,,Hookshot,1,0,3,3,0,800,0,11073,6,,11074,3,,11080,3,,11664,6,,,,,,,,,,,,,,,,,,,0.1,
405,氧气背包,12275,1023,[10],"[1,2]","[21516,21526]",,,Oxygenpack,,Oxygenpack,1,0,3,3,0,800,0,1048,2,,11329,2,,,,,,,,,,,,,,,,,,,,,,,,,0.1,
406,火箭,13803,1502,1,[2],[21549],,,Spaceship,,Spaceship,1,0,3,3,0,800,0,411,5,,410,5,,132,1,,11310,5,,11664,10,,11911,2,,,,,,,,,,,,,0.1,
407,氧气豆,12582,1503,[4],[3],[21529],,,Oxyseed,,Oxyseed,2,0,3,3,0,800,0,12583,1,,,,,,,,,,,,,,,,,,,,,,,,,,,,0.1,
408,苍石灰木板,264,1504,1,[4],[2],,,GreyBoard,,GreyBoard,4,0,3,3,0,800,0,11323,4,,11507,1,,,,,,,,,,,,,,,,,,,,,,,,,0.1,
409,苍石灰薄板,574,1505,17,[4],[128],,,Genwoodstep,,Genwoodstep,16,0,3,3,0,800,0,11323,4,,11507,1,,,,,,,,,,,,,,,,,,,,,,,,,0.1,
410,苍石灰楼梯,575,1506,1,[4],[134],,,Genwoodstair,,Genwoodstair,32,0,3,3,0,800,0,11323,20,,11507,1,,,,,,,,,,,,,,,,,,,,,,,,,0.1,
411,苍石灰围栏,576,1507,1,[4],[21534],,,Greyfence,,Greyfence,4,0,3,3,0,800,0,11323,4,,11507,1,,,,,,,,,,,,,,,,,,,,,,,,,0.1,
412,航空燃料,11096,1508,1,"[3,6]","[21530,21542]",,,Spaceshipfuel,,Spaceshipfuel,1,0,3,3,0,800,0,448,4,,,,,,,,,,,,,,,,,,,,,,,,,,,,0.1,
413,实验室门,1101,2509,1,[4],[21533],,,Labdoor,,Labdoor,1,0,3,3,0,800,0,11209,6,,116,6,,,,,,,,,,,,,,,,,,,,,,,,,0.1,
414,镜冰,1102,2510,[10],[4],[21544],,,Spectularice,,Spectularice,1,0,3,3,0,800,0,430,4,,,,,,,,,,,,,,,,,,,,,,,,,,,,0.1,
415,冰灯,1103,2511,[3],[4],[21522],,,Icelamp,,Icelamp,1,0,3,3,0,800,0,430,4,,536,1,,,,,,,,,,,,,,,,,,,,,,,,,0.1,
416,花纹星能块,1104,2512,1,[6],[21543],,,HorasStarenergy,,HorasStarenergy,1,0,3,3,0,800,0,11664,10,,11209,2,,,,,,,,,,,,,,,,,,,,,,,,,0.1,
417,星能秘银块,1105,2513,1,[4],[21555],,,StarenergyMithsilverBlock,,StarenergyMithsilverBlock,2,0,3,3,0,800,0,11209,4,,11664,2,,,,,,,,,,,,,,,,,,,,,,,,,0.1,
418,星能秘银板,1106,2514,1,[4],[21555],,,StarenergyMithsilverDeck,,StarenergyMithsilverDeck,2,0,3,3,0,800,0,11209,4,,11664,2,,,,,,,,,,,,,,,,,,,,,,,,,0.1,
419,紫线秘银块,1107,2515,1,[4],[21555],,,NetherMithsilverBlock,,NetherMithsilverBlock,2,0,3,3,0,800,0,11209,4,,,,,,,,,,,,,,,,,,,,,,,,,,,,0.1,
420,厚秘银板,1108,2516,1,[4],[21555],,,NetherMithsilverdeck,,NetherMithsilverdeck,2,0,3,3,0,800,0,11209,4,,,,,,,,,,,,,,,,,,,,,,,,,,,,0.1,
421,镂空秘银板,1109,2517,1,[4],[21555],,,MithsilverSieve,,MithsilverSieve,2,0,3,3,0,800,0,11209,4,,,,,,,,,,,,,,,,,,,,,,,,,,,,0.1,
422,实验室灯,1110,2518,[3],[4],[21522],,,Lablamp,,Lablamp,1,0,3,3,0,800,0,412,1,,536,1,,,,,,,,,,,,,,,,,,,,,,,,,0.1,
423,锈秘银门,1111,2519,1,[4],[21534],,,Rustdoor,,Rustdoor,1,0,3,3,0,800,0,11209,6,,11049,1,,,,,,,,,,,,,,,,,,,,,,,,,0.1,
424,秘银丝网,1112,2520,1,[4],[21555],,,MithsilverNet,,MithsilverNet,4,0,3,3,0,800,0,11209,4,,11049,1,,,,,,,,,,,,,,,,,,,,,,,,,0.1,
425,竖纹秘银板,1113,2521,1,[4],[21555],,,Stripedeck,,Stripedeck,2,0,3,3,0,800,0,11209,2,,,,,,,,,,,,,,,,,,,,,,,,,,,,0.1,
426,锈秘银板,1114,2522,1,[4],[21555],,,Rustdeck,,Rustdeck,2,0,3,3,0,800,0,11209,4,,11049,1,,,,,,,,,,,,,,,,,,,,,,,,,0.1,
427,条纹锈秘银板,1115,2523,1,[4],[21555],,,Striperustdeck,,Striperustdeck,2,0,3,3,0,800,0,11209,4,,11049,1,,,,,,,,,,,,,,,,,,,,,,,,,0.1,
428,镂空锈秘银板,1116,2524,1,[4],[21555],,,Rustsieve,,Rustsieve,2,0,3,3,0,800,0,11209,4,,11049,1,,,,,,,,,,,,,,,,,,,,,,,,,0.1,
429,星能锈秘银块,1117,2525,1,[4],[21555],,,RustStarenergyblock,,RustStarenergyblock,2,0,3,3,0,800,0,11209,4,,11664,2,,11049,1,,,,,,,,,,,,,,,,,,,,,,0.1,
430,荧光灯,1118,2526,[3],[4],[21522],,,Fluorescentlamp,,Fluorescentlamp,1,0,3,3,0,800,0,11209,2,,11318,1,,536,1,,,,,,,,,,,,,,,,,,,,,,0.1,
431,花纹秘银块,1119,2527,1,[4],[21555],,,PrintedMithsilver,,PrintedMithsilver,2,0,3,3,0,800,0,11209,4,,11504,1,,11507,1,,,,,,,,,,,,,,,,,,,,,,0.1,
432,旧秘银块,1120,2528,1,[4],[21555],,,WhiteOldMithsilver,,WhiteOldMithsilver,2,0,3,3,0,800,0,11209,4,,,,,,,,,,,,,,,,,,,,,,,,,,,,0.1,
433,信号发生器,1052,1529,1,[6],[21542],,,,,,1,0,3,3,0,800,0,11664,8,,11074,1,,116,4,,,,,,,,,,,,,,,,,,,,,,0.1,
434,信号接收器,1053,1530,1,[6],[21542],,,,,,1,0,3,3,0,800,0,11664,8,,11074,1,,116,4,,,,,,,,,,,,,,,,,,,,,,0.1,
435,信号解析器,1054,1532,1,[6],[21542],,,,,,1,0,3,3,0,800,0,11664,8,,11074,1,,11073,1,,116,4,,,,,,,,,,,,,,,,,,,0.1,
436,指令芯片,11809,1533,1,[6],[21542],,,,,,2,0,3,3,0,800,0,11074,1,,11079,1,,11664,2,,,,,,,,,,,,,,,,,,,,,,0.1,
437,变蛋枪,12587,1534,1,[2],[21550],,,EggGun,,EggGun,1,0,3,3,0,800,0,11074,4,,11073,4,,11664,1,,,,,,,,,,,,,,,,,,,,,,0.1,
438,变蛋枪子弹,12588,1535,1,[2],[21550],,,EggGunAmmo,,EggGunAmmo,4,0,3,3,0,800,0,11078,1,,116,1,,263,2,,,,,,,,,,,,,,,,,,,,,,0.1,
439,荧光弹弓,12589,2536,1,[2],[21550],,,Fluorescentslingshot,,Fluorescentslingshot,1,0,3,3,0,800,0,11323,4,,710,2,,11309,1,,,,,,,,,,,,,,,,,,,,,,0.1,
440,荧光弹,12590,1537,1,[2],[21550],,,FluorescentFlare,,FluorescentFlare,4,0,3,3,0,800,0,269,2,,116,1,,11079,1,,,,,,,,,,,,,,,,,,,,,,0.1,
441,荧光球,12591,1538,[8],[1],[21551],,,Fluorescentball1,,Fluorescentball1,4,0,3,3,0,800,0,269,1,,116,1,,11079,1,,,,,,,,,,,,,,,,,,,,,,0.1,
442,圆球爆弹,15506,2539,[9],[1],[21551],,,Roundbomb,,Roundbomb,1,0,3,3,0,800,0,11077,2,,11306,1,,,,,,,,,,,,,,,,,,,,,,,,,0.1,
443,冰锥,15507,2540,[10],[1],[21551],,,FrostyDarts,,FrostyDarts,1,0,3,3,0,800,0,11078,2,,116,1,,,,,,,,,,,,,,,,,,,,,,,,,0.1,
444,熔岩球,15508,2541,[11],[1],[21551],,,LavaBall,,LavaBall,1,0,3,3,0,800,0,11079,2,,124,2,,,,,,,,,,,,,,,,,,,,,,,,,0.1,
445,星光孢子种子,263,1545,[4],[3],[21529],,,HorasSporeSeed,,HorasSporeSeed,1,0,3,3,1,800,0,272,1,,,,,,,,,,,,,,,,,,,,,,,,,,,,0.1,
446,星瞳石块,449,1546,[10],[4],[21544],[6],,HorasCopperBlock,,HorasCopperBlock,1,0,3,3,0,800,0,11073,10,,,,,,,,,,,,,,,,,,,,,,,,,,,,0.1,
447,紫荧石块,450,1547,[10],[4],[21544],[6],,HorasGravitiBlock,,HorasGravitiBlock,1,0,3,3,0,800,0,11074,10,,,,,,,,,,,,,,,,,,,,,,,,,,,,0.1,
448,星瞳石,11073,1548,1,[3],[21528],[4],,Horascopper,,Horascopper,10,0,3,3,0,800,0,449,1,,,,,,,,,,,,,,,,,,,,,,,,,,,,0.1,1
449,紫荧石,11074,1549,1,[3],[21528],[4],,Horasgraviti,,Horasgraviti,10,0,3,3,0,800,0,450,1,,,,,,,,,,,,,,,,,,,,,,,,,,,,0.1,1
450,反射镜,1060,2550,1,[6],[21542],,,Reflector,,Reflector,1,0,3,3,0,800,0,116,2,,11073,2,,1059,1,,,,,,,,,,,,,,,,,,,,,,0.1,
451,脉冲弓,12291,1161,[9],[1],[21517],,,EnergyPulseBow,,EnergyPulseBow,1,0,3,3,0,800,0,12050,1,,1059,1,,11074,3,,11080,3,,,,,,,,,,,,,,,,,,,0.1,
452,脉冲箭,12292,1162,[10],[1],[21517],,,EnergyPulseArrow,,EnergyPulseArrow,4,0,3,3,0,800,0,12051,4,,11664,1,,,,,,,,,,,,,,,,,,,,,,,,,0.1,
453,喷射塞子,12008,1553,[5],"[1,2]","[21552,21550]",,,PlungerCrossbow,,PlungerCrossbow,1,0,3,3,0,800,0,12006,1,,1059,1,,12576,3,,,,,,,,,,,,,,,,,,,,,,0.1,
454,黑龙熔岩球,15519,2554,[12],[1],[21551],,,BlackDragonLavaball,,BlackDragonLavaball,1,0,3,3,0,800,0,11079,1,,11052,1,11052,11306,1,,,,,,,,,,,,,,,,,,,,,,0.1,
455,黑龙混乱球,15520,2555,[13],[1],[21551],,,BlackDragonChaosball,,BlackDragonChaosball,1,0,3,3,0,800,0,11080,1,,11211,1,,11306,1,,,,,,,,,,,,,,,,,,,,,,0.1,
456,区域复制方块,1062,1556,1,[2],[21550],,,AreaDuplicationBlock,,AreaDuplicationBlock,1,0,3,3,0,800,0,11664,1,,11210,1,,124,2,,,,,,,,,,,,,,,,,,,,,,0.1,
457,蓝图工作台,1063,1557,1,[2],[21550],,,BlueprintWorkbench,,BlueprintWorkbench,1,0,3,3,1,800,0,11511,2,,11806,1,,800,1,,11303,1,,,,,,,,,,,,,,,,,,,0.1,
458,测距仪,1066,1558,1,[2],[21550],,,Diastimeter,,Diastimeter,1,0,3,3,0,800,0,11664,2,,11207,1,,11209,2,,,,,,,,,,,,,,,,,,,,,,0.1,
459,雪梅屏风,1136,2559,[2],[4],[21544],,,WintersweetPartition,,WintersweetPartition,1,0,3,3,1,800,0,632,2,,11323,2,,,,,,,,,,,,,,,,,,,,,,,,,0.1,
460,红烛灯,1137,2560,[3],[4],[21522],,,RedCandleLantern,,RedCandleLantern,1,0,3,3,0,800,0,298,1,,11207,3,,,,,,,,,,,,,,,,,,,,,,,,,0.1,
461,编书台,1143,1561,1,[2],[21550],,,BookmakingWorkbench,,BookmakingWorkbench,1,0,3,3,0,800,0,11806,1,,11209,2,,800,1,,,,,,,,,,,,,,,,,,,,,,0.1,
462,书架,1144,1562,[2],[4],[21544],,,Bookrack,,Bookrack,1,0,3,3,1,800,0,11323,6,,,,,,,,,,,,,,,,,,,,,,,,,,,,0.1,
463,转向车轮,1083,1563,1,[6],[21542],,,Wheel,,Wheel,1,0,3,3,0,800,0,11310,3,,11209,3,,11210,1,,,,,,,,,,,,,,,,,,,,,,1,
464,驾驶座,1084,1564,1,[6],[21542],,,DriverSeat,,DriverSeat,1,0,3,3,0,800,0,11210,2,,11209,3,,11307,4,,,1,,,,,,,,,,,,,,,,,,,1,
465,机械车间,1085,1565,1,[6],[21542],,,MachineWorkshop,,MachineWorkshop,1,0,3,3,0,800,0,11209,3,,11207,3,,11664,3,,11210,3,,,,,,,,,,,,,,,,,,,1,
466,动力车轮,1087,1566,1,[6],[21542],,,PowerWheel,,PowerWheel,1,0,3,3,0,800,0,11310,3,,11209,3,,11210,1,,,,,,,,,,,,,,,,,,,,,,1,
467,燃料引擎,1089,1567,1,[6],[21542],,,FuelEngine,,FuelEngine,1,0,3,3,0,800,0,11209,10,,11310,3,,11511,5,,11664,4,,,,,,,,,,,,,,,,,,,1,
468,乘客座,1091,1568,1,[6],[21542],,,PassengerSeat,,PassengerSeat,1,0,3,3,0,800,0,11210,2,,11209,2,,11307,4,,,,,,,,,,,,,,,,,,,,,,1,
469,机械燃油,11099,1569,1,[6],[21542],,,Mechanicalfuel,,Mechanicalfuel,1,0,3,3,0,800,0,448,2,,11201,2,,,,,,,,,,,,,,,,,,,,,,,,,1,
470,物理清除枪,15529,1570,1,[6],[21542],,,Physical-propertiesEraseGun,,Physical-propertiesEraseGun,1,0,3,3,0,800,0,11664,4,,11209,2,,11207,2,,11911,1,,,,,,,,,,,,,,,,,,,1,
471,篮球衣,12820,1571,1,[2],[21524],[3],,Basketballjersey,,Basketballjersey,1,0,3,3,0,800,0,710,9,,11500,1,,11503,1,,,,,,,,,,,,,,,,,,,,,,0.1,
472,篮球,13425,1572,1,[2],[21524],[3],,Basketball,,Basketball,1,0,3,3,0,800,0,11307,3,,710,3,,11500,3,,11515,1,,,,,,,,,,,,,,,,,,,0.1,
473,连接器,11101,1573,1,[6],[21542],,,Connector,,Connector,1,0,3,3,0,800,0,11664,4,,11209,2,,11207,1,,11073,1,,,,,,,,,,,,,,,,,,,0.1,
474,动作序列器,1092,1574,1,[6],[21542],,,SequenceEditor,,SequenceEditor,1,0,3,3,0,800,0,11664,5,,11074,1,,11209,2,,11911,2,,,,,,,,,,,,,,,,,,,0.1,
475,铰链方块,1159,2575,1,[6],[21542],,,HingeBlock,,HingeBlock,1,0,3,3,0,800,0,11209,8,,11664,2,,11310,4,,11511,2,,11323,2,,,,,,,,,,,,,,,,0.1,
476,机械爪,1160,2576,1,[6],[21542],,,Gripper,,Gripper,1,0,3,3,0,800,0,11209,8,,11664,2,,11310,1,,11210,2,,11323,2,,,,,,,,,,,,,,,,0.1,
477,液压臂,1161,2577,1,[6],[21542],,,HydraulicArm,,HydraulicArm,1,0,3,3,0,800,0,11209,8,,11664,2,,11310,4,,11210,2,,11323,2,,,,,,,,,,,,,,,,0.1,
478,避震器,1164,2578,1,[6],[21542],,,ShockAbsorber,,ShockAbsorber,1,0,3,3,0,800,0,11209,6,,11664,2,,11210,2,,11323,2,,,,,,,,,,,,,,,,,,,0.1,
479,红外感应方块,1168,1579,1,[6],[21542],,,,,,1,0,3,3,0,800,0,353,1,,11664,1,,11209,2,,536,1,,,,,,,,,,,,,,,,,,,0.1,
480,光照感应器,1169,1580,1,[6],[21542],,,,,,1,0,3,3,0,800,0,353,1,,11664,1,,11209,2,,11211,2,,,,,,,,,,,,,,,,,,,0.1,
481,机翼,1094,1581,1,[6],[21542],,,WingBlock,,WingBlock,1,0,3,3,0,800,0,11209,4,,11207,2,,11210,2,,,,,,,,,,,,,,,,,,,,,,0.1,
482,尾翼,1095,1582,1,[6],[21542],,,Empennage,,Empennage,1,0,3,3,0,800,0,11209,3,,11207,3,,11210,2,,,,,,,,,,,,,,,,,,,,,,0.1,
483,航天推进器,1096,1583,1,[6],[21542],,,SpacecraftThruster,,SpacecraftThruster,1,0,3,3,0,800,0,11664,10,,11209,5,,11207,5,,11211,5,,,,,,,,,,,,,,,,,,,0.1,
484,油箱,1099,1584,1,[6],[21542],,,GasTank,,GasTank,1,0,3,3,0,800,0,11310,2,,11209,4,,11210,2,,,,,,,,,,,,,,,,,,,,,,0.1,
485,篝火,1200,224,"[6,2]","[0,2]","[21500,21520]",,,Bonfire,,Bonfire,1,0,3,3,1,11000,0,11627,8,,11323,8,,,,,,,,,,,,,,,,,,,,,,,,,0.1,
486,石碑,1201,1586,[10],[4],[21544],,,,,,1,0,3,3,1,800,0,104,6,,,,,,,,,,,,,,,,,,,,,,,,,,,,0.1,
487,急救包,12594,1587,[1],[1],[21519],,,Bandage,,Bandage,1,0,3,3,1,800,1,12732,1,,12626,2,,,,,,,,,,,,,,,,,,,,,,,,,0.1,
488,部落图腾,1202,1588,1,[4],[21538],,,,,,1,0,3,3,0,800,0,11514,1,,421,3,,104,1,,11204,1,,,,,,,,,,,,,,,,,,,0.1,
489,农夫旗帜,1203,1589,1,[4],[21539],,,,,,1,0,3,3,1,800,0,12600,2,,11504,1,,11323,2,,,,,,,,,,,,,,,,,,,,,,0.1,
490,樵夫旗帜,1204,1590,1,[4],[21539],,,,,,1,0,3,3,1,800,0,12600,2,,11513,1,,11323,2,,,,,,,,,,,,,,,,,,,,,,0.1,
491,守卫旗帜,1205,1591,1,[4],[21539],,,,,,1,0,3,3,1,800,0,12600,2,,11514,1,,11323,2,,,,,,,,,,,,,,,,,,,,,,0.1,
492,巫术棒锤,12599,1592,1,[2],[21550],,,BoneHammer,,BoneHammer,1,0,3,3,1,800,0,12001,1,,12732,2,,11318,1,,,,,,,,,,,,,,,,,,,,,,0.1,
493,平凡法杖,11580,1171,[2],[1],[21518],[2],1,NormalStaff,,NormalStaff,1,0,3,3,0,800,0,11569,1,,11570,1,,,,,,,,,,,,,,,,,,,,,,,,,0.1,
494,炽烈法杖,11581,1172,[3],[1],[21518],[2],1,FireStaff,,FireStaff,1,0,3,3,0,800,0,11569,1,,11571,1,,,,,,,,,,,,,,,,,,,,,,,,,0.1,
495,雷电法杖,11582,1173,[4],[1],[21518],[2],1,LightingStaff,,LightingStaff,1,0,3,3,0,800,0,11569,1,,11572,1,,,,,,,,,,,,,,,,,,,,,,,,,0.1,
496,淬毒法杖,11583,1174,[5],[1],[21518],[2],1,PoisonStaff,,PoisonStaff,1,0,3,3,0,800,0,11569,1,,11573,1,,,,,,,,,,,,,,,,,,,,,,,,,0.1,
497,复苏法杖,11584,1175,[6],[1],[21518],[2],1,RecoverStaff,,RecoverStaff,1,0,3,3,0,800,0,11569,1,,11574,1,,,,,,,,,,,,,,,,,,,,,,,,,0.1,
498,柠檬黄木板,375,1598,1,[4],[2],[5],1,YellowPlank,,YellowPlank,4,0,3,3,0,800,0,11323,4,,11540,1,,,,,,,,,,,,,,,,,,,,,,,,,0.1,
499,柠檬黄楼梯,376,1599,1,[4],[134],[5],1,YellowStair,,YellowStair,32,0,3,3,0,800,0,11323,20,,11540,1,,,,,,,,,,,,,,,,,,,,,,,,,0.1,
500,柠檬黄薄板,377,1600,18,[4],[128],[5],1,YellowStep,,YellowStep,16,0,3,3,0,800,0,11323,4,,11540,1,,,,,,,,,,,,,,,,,,,,,,,,,0.1,
501,花纹细柱,390,1601,[10],[4],[21544],[6],1,PatternedPillar,,PatternedPillar,4,0,3,3,0,800,0,422,1,,11207,2,,,,,,,,,,,,,,,,,,,,,,,,,0.1,
502,豹纹睡袋,582,1602,1,[4],[21532],[3],1,LeopardSleepingBag,,LeopardSleepingBag,1,0,3,3,0,800,0,11602,2,,12600,3,,11226,4,,,,,,,,,,,,,,,,,,,,,,0.1,
503,杖杆,11569,1170,[1],[1],[21518],,1,,,,1,0,3,3,0,800,0,11323,2,,11596,9,,,,,,,,,,,,,,,,,,,,,,,,,0.1,
504,野人面具,12246,1258,[12],[1],[21504],,1,,,,1,0,3,3,0,800,0,11307,3,,11593,3,,11207,9,,,,,,,,,,,,,,,,,,,,,,0.1,
505,蛇神之翼,11591,1259,[11],[1],[21516],[2],1,SnakeWings,,SnakeWings,1,0,3,3,0,800,0,11594,9,,11207,9,,11593,6,,,,,,,,,,,,,,,,,,,,,,0.1,
506,回旋镖,11592,1606,[4],[1],[21552],[3],1,Boomerang,,Boomerang,1,0,3,3,0,800,0,11593,2,,11207,5,,,,,,,,,,,,,,,,,,,,,,,,,0.1,
507,星光香蕉,11600,1607,[12],"[7,8]",[21519],,,,,,1,0,3,3,0,794,0,11599,1,,11596,3,,,,,,,,,,,,,,,,,,,,,,,,,0.1,
508,草木灰方块,398,1608,[9],[2],[21520],,,AshBlock,,AshBlock,1,0,3,3,0,800,0,11598,9,,,,,,,,,,,,,,,,,,,,,,,,,,,,0.1,
509,平凡晶核,11570,1609,1,[3],[21530],,,,,,1,0,3,3,0,800,0,11601,6,,11596,3,,,,,,,,,,,,,,,,,,,,,,,,,0.1,
510,雨林之眼,11597,1610,1,[3],[21530],,,,,,1,0,3,3,0,800,0,11601,9,,11329,9,,,,,,,,,,,,,,,,,,,,,,,,,0.1,
511,春节窗花-牛,1145,2611,1,[4],[21536],,,SpringFestivalPattern-Ox,,SpringFestivalPattern-Ox,1,0,3,3,0,800,0,11307,1,,11307,1,,11307,1,,11514,1,,,,,,,,,,,,,,,,,,,1,
512,铜薄板,749,1613,19,[4],[128],[5],,BrassStep,,BrassStep,4,0,3,3,0,800,0,11329,10,,,,,,,,,,,,,,,,,,,,,,,,,,,,0.1,
513,秘银薄板,750,1614,20,[4],[128],[5],,MithsilverStep,,MithsilverStep,4,0,3,3,0,800,0,11209,10,,,,,,,,,,,,,,,,,,,,,,,,,,,,0.1,
514,炽炎薄板,751,1615,21,[4],[128],[5],,FlameCrystalStep,,FlameCrystalStep,4,0,3,3,0,800,0,11207,10,,,,,,,,,,,,,,,,,,,,,,,,,,,,0.1,
515,钛合金薄板,752,1616,22,[4],[128],[5],,TitaniumStep,,TitaniumStep,4,0,3,3,0,800,0,11330,10,,,,,,,,,,,,,,,,,,,,,,,,,,,,0.1,
516,铜楼梯,753,1617,1,[4],[134],[5],,BrassStair,,BrassStair,4,0,3,3,0,800,0,11329,25,,,,,,,,,,,,,,,,,,,,,,,,,,,,0.1,
517,秘银楼梯,754,1618,1,[4],[134],[5],,MithsilverStair,,MithsilverStair,4,0,3,3,0,800,0,11209,25,,,,,,,,,,,,,,,,,,,,,,,,,,,,0.1,
518,炽炎楼梯,755,1619,1,[4],[134],[5],,FlameCrystalStair,,FlameCrystalStair,4,0,3,3,0,800,0,11207,25,,,,,,,,,,,,,,,,,,,,,,,,,,,,0.1,
519,钛合金楼梯,756,1620,1,[4],[134],[5],,TitaniumStair,,TitaniumStair,4,0,3,3,0,800,0,11330,25,,,,,,,,,,,,,,,,,,,,,,,,,,,,0.1,
520,花冠,11228,1260,[7],[1],[21504],[3],,Wreath,,Wreath,1,0,3,3,1,800,0,12732,3,,,,,,,,,,,,,,,,,,,,,,,,,,,,0.1,
521,绳子,11227,104,"[4,1]","[0,3]","[21502,21527]","[1,4]",,GlassRope,,GlassRope,2,0,3,3,0,11000,0,11226,2,,,,,,,,,,,,,,,,,,,,,,,,,,,,0.1,
522,绳子,11227,104,"[4,1]","[0,3]","[21502,21527]",,,GlassRope,,GlassRope,2,0,3,3,1,11000,0,218,1,,,,,,,,,,,,,,,,,,,,,,,,,,,,0.1,
523,钛粉,11533,1626,1,[3],[21530],[4],,TitaniumDioxide,,TitaniumDioxide,8,0,3,3,0,800,0,11330,1,,,,,,,,,,,,,,,,,,,,,,,,,,,,0.1,
524,巨鳞羽果片,12508,1627,1,[3],[21530],,,GiantScalyFruitSlice,,GiantScalyFruitSlice,5,0,3,3,0,800,0,239,1,,,,,,,,,,,,,,,,,,,,,,,,,,,,0.1,
525,笋尖串串香,11229,1628,1,"[7,8]",,[1],,EarthenShootsSkewers,,EarthenShootsSkewers,1,0,3,3,0,794,300,226,1,,226,1,,12052,1,,,,,,,,,,,,,,,,,,,,,,0.1,
526,黄铜棍,11332,1630,1,[3],[21527],[4],,BrassStick,,BrassStick,2,0,3,3,1,800,0,11329,3,,,,,,,,,,,,,,,,,,,,,,,,,,,,0.1,
527,尖尖碰碰锤,11230,1106,[2],[1],[21514],[2],,CactusHammer,,CactusHammer,1,0,3,3,0,800,0,12001,1,,242,1,,11227,2,,,,,,,,,,,,,,,,,,,,,,0.1,
528,玉米粉,344,1632,1,[3],[21527],[1],,Cornmeal,,Cornmeal,1,0,3,3,0,800,20,229,1,,,,,,,,,,,,,,,,,,,,,,,,,,,,0.1,
529,,,,,,,,,,,,,,,,,,,,,,,,,,,,,,,,,,,,,,,,,,,,,,,,0.1,
530,石英砂,11305,1634,1,[3],[21527],[4],,QuartzSand,,QuartzSand,4,0,3,3,1,800,0,29,1,,,,,,,,,,,,,,,,,,,,,,,,,,,,0.1,
531,坩埚,11064,1635,1,[2],[21550],[3],,Copple,,Copple,1,0,3,3,1,800,0,11330,3,,11332,1,,,,,,,,,,,,,,,,,,,,,,,,,0.1,
532,升级元件A型,11335,1637,1,[2],[21550],,,,,,1,0,3,3,0,800,0,11334,1,,11330,4,,11511,1,,11204,1,,,,,,,,,,,,,,,,,,,0.1,
533,星站能源核心,11331,1638,1,[2],[21550],,,,,,1,0,3,3,0,800,0,11205,4,,,,,,,,,,,,,,,,,,,,,,,,,,,,0.1,
534,石质创造锤,11613,214,1,[4],[21540],,1,,,,1,0,3,3,0,800,0,104,3,,11323,2,,,,,,,,,,,,,,,,,,,,,,,,,0.1,
535,黄铜创造锤,11614,213,1,[4],[21540],,1,,,,1,0,3,3,0,800,0,11329,3,,11323,2,,,,,,,,,,,,,,,,,,,,,,,,,0.1,
536,秘银创造锤,11615,212,1,[4],[21540],,1,,,,1,0,3,3,0,800,0,11209,3,,11323,2,,,,,,,,,,,,,,,,,,,,,,,,,0.1,
537,钛金创造锤,11616,211,1,[4],[21540],,1,,,,1,0,3,3,0,800,0,11330,3,,11323,4,,,,,,,,,,,,,,,,,,,,,,,,,0.1,
538,收割者,12009,1107,[3],[1],[21512],,,Reaper,,Reaper,1,0,3,3,1,800,0,11330,5,,11323,2,,11511,2,,,,,,,,,,,,,,,,,,,,,,0.1,
539,钛金战锤,12010,1108,[3],[1],[21514],,,TitaniumHammer,,TitaniumHammer,1,0,3,3,1,800,0,11330,5,,11323,2,,11511,1,,,,,,,,,,,,,,,,,,,,,,0.1,
540,黄铜头盔,12216,1205,[2],[1],[21504],,,BrassHelmet,,BrassHelmet,1,0,3,3,0,800,0,11329,5,,11307,2,,,,,,,,,,,,,,,,,,,,,,,,,0.1,
541,黄铜胸甲,12217,1206,[2],[1],[21505],,,BrassArmor,,BrassArmor,1,0,3,3,0,800,0,11329,8,,11307,2,,,,,,,,,,,,,,,,,,,,,,,,,0.1,
542,黄铜护腿,12218,1207,[2],[1],[21506],,,BrassGreave,,BrassGreave,1,0,3,3,0,800,0,11329,7,,11307,2,,,,,,,,,,,,,,,,,,,,,,,,,0.1,
543,黄铜靴子,12219,1208,[2],[1],[21507],,,BrassBoots,,BrassBoots,1,0,3,3,0,800,0,11329,5,,11307,2,,,,,,,,,,,,,,,,,,,,,,,,,0.1,
544,樱桃树种子,11405,1649,[4],[3],[21529],,,,,,1,0,3,3,0,800,0,12500,1,,,,,,,,,,,,,,,,,,,,,,,,,,,,0.1,
545,落叶松树种子,11406,1650,[4],[3],[21529],,,,,,1,0,3,3,0,800,0,12503,1,,,,,,,,,,,,,,,,,,,,,,,,,,,,0.1,
546,乔木种子,11407,1651,[4],[3],[21529],,,,,,1,0,3,3,0,800,0,378,1,,,,,,,,,,,,,,,,,,,,,,,,,,,,0.1,
547,珍木种子,11408,1652,[4],[3],[21529],,,,,,1,0,3,3,0,800,0,12583,1,,,,,,,,,,,,,,,,,,,,,,,,,,,,0.1,
548,桃树种子,11409,1653,[4],[3],[21529],,,,,,1,0,3,3,0,800,0,12601,1,,,,,,,,,,,,,,,,,,,,,,,,,,,,0.1,
549,白杨种子,11410,1654,[4],[3],[21529],,,,,,1,0,3,3,0,800,0,12604,1,,,,,,,,,,,,,,,,,,,,,,,,,,,,0.1,
550,核桃木种子,11411,1655,[4],[3],[21529],,,,,,1,0,3,3,0,800,0,12603,1,,,,,,,,,,,,,,,,,,,,,,,,,,,,0.1,
551,红杉树种子,11412,1656,[4],[3],[21529],,,,,,1,0,3,3,0,800,0,12602,1,,,,,,,,,,,,,,,,,,,,,,,,,,,,0.1,
552,花洒,11617,236,[8],[2],[21520],,1,,,,1,0,3,3,0,800,0,11209,3,,632,1,,11500,1,,,,,,,,,,,,,,,,,,,,,,0.1,
553,石锅,200108,226,"[12,3]","[0,2]","[21500,21520]",,1,StonePot,,StonePot,1,0,3,3,0,800,0,11627,6,,,,,,,,,,,,,,,,,,,,,,,,,,,,0.1,
554,秘银锅,200109,225,[4],[2],[21520],,1,MithsilverPot,,MithsilverPot,1,0,3,3,0,800,0,11209,4,,11627,2,,,,,,,,,,,,,,,,,,,,,,,,,0.1,
555,秘银冶炼台,798,221,[3],[2],[14],,1,MithsilverFurnace,,MithsilverFurnace,1,0,3,3,0,800,0,11209,6,,,,,,,,,,,,,,,,,,,,,,,,,,,,0.1,
556,铜冶炼台,799,222,[2],[2],[14],,1,BrassFurnace,,BrassFurnace,1,0,3,3,0,800,0,11329,6,,,,,,,,,,,,,,,,,,,,,,,,,,,,0.1,
557,大型储物箱（横）,1180,251,"[3,3]","[0,4]","[21503,21531]",,,StorageBox,,StorageBox,1,0,3,3,1,800,0,11323,10,,,,,,,,,,,,,,,,,,,,,,,,,,,,0.1,
558,大型储物箱（竖）,1181,252,"[3,3]","[0,4]","[21503,21531]",,,StorageBox,,StorageBox,1,0,3,3,1,800,0,11323,10,,,,,,,,,,,,,,,,,,,,,,,,,,,,0.1,
559,冰晶蕨种子,11666,1657,[4],[3],[21529],,,IceCrystalFernSeed,,IceCrystalFernSeed,2,0,3,3,0,800,0,150012,1,,,,,,,,,,,,,,,,,,,,,,,,,,,,0.1,
560,坚固冰棱,31,223,[10],[4],[21544],,,HardIcicle,,HardIcicle,4,0,3,3,0,800,0,160002,1,,,,,,,,,,,,,,,,,,,,,,,,,,,,0.1,
561,脆冰棱,32,223,[10],[4],[21544],,,WeakIcicle,,WeakIcicle,4,0,3,3,0,800,0,123,1,,,,,,,,,,,,,,,,,,,,,,,,,,,,0.1,
562,寒霜晶核,11576,223,1,[3],[21530],,,IceCrystalCore,,IceCrystalCore,1,0,3,3,0,800,0,11570,1,,11824,1,,,,,,,,,,,,,,,,,,,,,,,,,0.1,
563,霜火石块,35,223,[10],[4],[21544],,,IceCrystalBlock,,IceCrystalBlock,1,0,3,3,0,800,0,11824,10,,,,,,,,,,,,,,,,,,,,,,,,,,,,0.1,
564,冰魄法杖,11667,1181,[7],[1],[21518],,,IceStaff,,IceStaff,1,0,3,3,0,800,0,11569,1,,11576,1,,,,,,,,,,,,,,,,,,,,,,,,,0.1,
565,寒光棒,150013,223,[2],[4],[21522],,,ColdLightTorch,,ColdLightTorch,4,0,3,3,1,800,0,11824,1,,11323,1,,,,,,,,,,,,,,,,,,,,,,,,,0.1,
566,冰雾瓶,11672,223,[7],[1],[21551],,,IceFogBottle,,IceFogBottle,1,0,3,3,0,800,0,150009,2,,11824,1,,11320,1,,,,,,,,,,,,,,,,,,,,,,0.1,
567,灌木丛种子,11825,223,[4],[3],[21529],,,BushSeed,,BushSeed,2,0,3,3,0,800,0,392,1,,,,,,,,,,,,,,,,,,,,,,,,,,,,0.1,
568,灌木丛种子,11825,223,[4],[3],[21529],,,BushSeed,,BushSeed,2,0,3,3,0,800,0,763,1,,,,,,,,,,,,,,,,,,,,,,,,,,,,0.1,
569,冬温花种子,760,223,[4],[3],[21529],,,WinterFlowerSeed,,WinterFlowerSeed,2,0,3,3,0,800,0,761,1,,,,,,,,,,,,,,,,,,,,,,,,,,,,0.1,
570,石料,11627,101,"[1,1]","[0,3]","[21502,21527]",,,,,,4,0,3,3,0,11000,0,104,1,,,,,,,,,,,,,,,,,,,,,,,,,,,,0.1,
571,,,,,,,,,,,,,,,,,,,,,,,,,,,,,,,,,,,,,,,,,,,,,,,,0.1,
572,草饲料,11534,233,[4],[2],[21521],,1,,,,1,0,2,2,1,800,0,12621,5,,,,,,,,,,,,,,,,,,,,,,,,,,,,0.1,
573,肉饲料,11535,234,[3],[2],[21521],,1,,,,1,0,2,2,1,800,0,12513,3,,,,,,,,,,,,,,,,,,,,,,,,,,,,0.1,
574,石料,11627,101,"[1,1]","[0,3]","[21502,21527]",,,,,,4,0,3,3,0,11000,0,505,1,,,,,,,,,,,,,,,,,,,,,,,,,,,,0.1,
575,石质雕像,596,1682,"[1,1]","[0,4]","[21503,21544]","[1,5]",,StoneStatue,,StoneStatue,1,0,3,3,0,11000,0,104,6,,,,,,,,,,,,,,,,,,,,,,,,,,,,0.1,
576,玉米的种子,11400,1683,[1],[3],[21529],,,CornSeed,,CornSeed,1,0,3,3,0,800,0,229,1,,,,,,,,,,,,,,,,,,,,,,,,,,,,0.1,
577,饲料槽,1753,232,[1],[2],[21521],,,,,,1,0,3,3,1,800,0,11323,6,,,,,,,,,,,,,,,,,,,,,,,,,,,,0.1,
578,石柱,1755,1685,[10],[4],[21544],,,,,,2,0,1,1,0,800,0,666,1,,,,,,,,,,,,,,,,,,,,,,,,,,,,0.1,
579,柱顶,1756,1686,[10],[4],[21544],,,,,,2,0,1,1,0,800,0,666,1,,,,,,,,,,,,,,,,,,,,,,,,,,,,0.1,
580,防寒披风,12279,1261,[7],[1],[21516],,,Cotton-encrustedCloak,,Cotton-encrustedCloak,1,0,3,3,0,800,0,761,3,,12623,5,,12600,5,,,,,,,,,,,,,,,,,,,,,,0.1,
581,氧气面罩,12276,1262,[12],[1],[21516],,,,,,1,0,3,3,0,800,0,12278,1,,12600,2,,,,,,,,,,,,,,,,,,,,,,,,,0.1,
582,防火背包,12277,1263,[13],[1],[21516],,,,,,1,0,3,3,0,800,0,12605,1,,11309,2,,,,,,,,,,,,,,,,,,,,,,,,,0.1,
583,黄铜块,456,1690,[10],[4],[21544],,,BrassBlock,,BrassBlock,1,0,3,3,0,800,0,11329,10,,,,,,,,,,,,,,,,,,,,,,,,,,,,0.1,
584,钛合金块,457,1691,[10],[4],[21544],,,TitaniumBlock,,TitaniumBlock,1,0,3,3,0,800,0,11330,10,,,,,,,,,,,,,,,,,,,,,,,,,,,,0.1,
585,棉花树种子,11419,1693,[4],[3],[21529],,,,,,2,0,3,3,0,800,0,12600,1,,,,,,,,,,,,,,,,,,,,,,,,,,,,0.1,
586,小沙包,12054,1694,[1],[1],[21551],[3],,SnowBall,,SnowBall,3,0,3,3,1,800,0,29,1,,11307,1,,,,,,,,,,,,,,,,,,,,,,,,,0.1,
587,钛合金,11330,1695,1,[3],[21528],,,Titanium,,Titanium,10,0,3,3,0,800,0,457,1,,,,,,,,,,,,,,,,,,,,,,,,,,,,0.1,
588,黄铜,11329,1696,1,[3],[21528],,,Brass,,Brass,10,0,3,3,0,800,0,456,1,,,,,,,,,,,,,,,,,,,,,,,,,,,,0.1,
589,弦月魔法棒,12301,1109,[9],[1],[21552],,,,,,1,0,3,3,0,800,0,11570,1,,11330,1,,11504,1,,,,,,,,,,,,,,,,,,,,,,0.1,
590,星翼魔法棒（蓝）,12302,1110,[10],[1],[21552],,,,,,1,0,3,3,0,800,0,11570,1,,11330,1,,11532,1,,,,,,,,,,,,,,,,,,,,,,0.1,
591,星翼魔法棒（红）,12303,1111,[11],[1],[21552],,,,,,1,0,3,3,0,800,0,11570,1,,11330,1,,11514,1,,,,,,,,,,,,,,,,,,,,,,0.1,
592,魔仙剑,12304,1112,[12],[1],[21552],,,,,,1,0,3,3,1,800,0,11570,1,,11330,2,,11323,1,,,,,,,,,,,,,,,,,,,,,,0.1,
593,公主魔法绘本,12305,1113,[13],[1],[21552],,,,,,1,0,3,3,0,800,0,11570,1,,11330,1,,12240,1,,,,,,,,,,,,,,,,,,,,,,0.1,
594,魔法调色盘（红）,12306,1114,[14],[1],[21552],,,,,,1,0,3,3,0,800,0,11570,1,,11330,1,,11514,1,,,,,,,,,,,,,,,,,,,,,,0.1,
595,魔法调色盘（黄）,12307,1115,[15],[1],[21552],,,,,,1,0,3,3,0,800,0,11570,1,,11330,1,,11504,1,,,,,,,,,,,,,,,,,,,,,,0.1,
596,庆典花灯,1146,1705,[3],[4],[21522],,,FestivalLantern,,FestivalLantern,1,0,3,3,1,800,0,11902,5,,11323,2,,,,,,,,,,,,,,,,,,,,,,,,,0.1,
597,二胡,11900,1706,1,[2],[21523],,,,,,1,0,3,3,1,800,0,11323,4,,710,5,,11329,2,,,,,,,,,,,,,,,,,,,,,,0.1,
598,古筝,11905,1707,1,[2],[21523],,,,,,1,0,3,3,1,800,0,11323,8,,710,6,,,,,,,,,,,,,,,,,,,,,,,,,0.1,
599,唢呐,11906,1708,1,[2],[21523],,,,,,1,0,3,3,1,800,0,11329,5,,11323,3,,,,,,,,,,,,,,,,,,,,,,,,,0.1,
600,琵琶,11907,1709,1,[2],[21523],,,,,,1,0,3,3,1,800,0,710,5,,11323,5,,,,,,,,,,,,,,,,,,,,,,,,,0.1,
601,笛子,11908,1710,1,[2],[21523],,,,,,1,0,3,3,1,800,0,251,3,,11323,3,,11329,2,,,,,,,,,,,,,,,,,,,,,,0.1,
602,鼓,11909,1711,1,[2],[21523],,,,,,1,0,3,3,1,800,0,11323,4,,11307,5,,11329,2,,,,,,,,,,,,,,,,,,,,,,0.1,
603,春节窗花-虎,1147,1712,1,[4],[21536],,,SpringFestivalPattern-Tiger,,SpringFestivalPattern-Tiger,1,0,3,3,0,800,0,11307,3,,11514,1,,,,,,,,,,,,,,,,,,,,,,,,,1,
604,解毒粉包,11631,1717,[3],[1],[21551],,,DetoxifyingPowderPack,,DetoxifyingPowderPack,1,0,3,3,0,800,0,12611,1,,11307,2,,11227,1,,11306,1,,,,,,,,,,,,,,,,,,,0.1,
605,星能展台,1184,1718,1,"[4,6]","[21557,21543]",,,,,,1,0,3,3,0,800,0,11664,10,,11207,3,,632,4,,,,,,,,,,,,,,,,,,,,,,0.1,
606,帐篷,484,1719,1,[4],[21532],,,Shelter,,Shelter,1,0,3,3,1,800,0,480,6,,11323,8,,11309,2,,,,,,,,,,,,,,,,,,,,,,0.1,
607,熔化剂,11637,1720,[6],[1],[21551],,,Liquefier,,Liquefier,1,0,3,3,0,800,0,11635,1,,11049,1,,12612,2,,,,,,,,,,,,,,,,,,,,,,0.1,
608,椰子炮弹,11424,1722,[1],[1],[21551],,,CoconutBoom,,CoconutBoom,1,0,3,3,0,800,0,297,1,,11306,2,,11227,1,,,,,,,,,,,,,,,,,,,,,,0.1,
609,剧毒瓶,11630,1723,[2],[1],[21551],,,HighlyVenomBottle,,HighlyVenomBottle,1,0,3,3,0,800,0,11634,2,,11320,1,,,,,,,,,,,,,,,,,,,,,,,,,0.1,
610,仙人掌种子,11420,1724,[4],[3],[21529],,,,,,1,0,3,3,0,800,0,12613,1,,,,,,,,,,,,,,,,,,,,,,,,,,,,0.1,
611,音爆罐子,11638,1725,[4],[1],[21551],,,SonicExplosiveJar,,SonicExplosiveJar,1,0,3,3,0,800,0,11209,1,,11069,1,,11664,1,,,,,,,,,,,,,,,,,,,,,,0.1,
612,召唤法杖,11585,1176,[8],[1],[21518],,,SummonStaff,,SummonStaff,1,0,3,3,0,800,0,11569,1,,11575,1,,,,,,,,,,,,,,,,,,,,,,,,,0.1,
613,蝎壳盾,12309,1116,[4],[1],[21515],,,ScorpionShellShield,,ScorpionShellShield,1,0,3,3,0,800,0,11632,2,,12319,1,,,,,,,,,,,,,,,,,,,,,,,,,0.1,
614,蝎刺盾,12310,1117,[5],[1],[21515],,,ScorpionSpineShield,,ScorpionSpineShield,1,0,3,3,0,800,0,11633,2,,12319,1,,,,,,,,,,,,,,,,,,,,,,,,,0.1,
615,沙石柱,599,1729,1,[4],[21534],,,SandStoneWall,,SandStoneWall,3,0,3,3,1,800,0,29,2,,19,2,,,,,,,,,,,,,,,,,,,,,,,,,0.1,
616,防沙披风,11639,1264,[8],[1],[21516],,,SandCloak,,SandCloak,1,0,3,3,0,800,0,480,4,,11309,1,,,,,,,,,,,,,,,,,,,,,,,,,0.1,
617,煎鸵鸟蛋,12609,1731,1,"[7,8]",,,,RoastedOstrichEggs,,RoastedOstrichEggs,1,0,3,3,0,794,300,462,1,,,,,,,,,,,,,,,,,,,,,,,,,,,,0.1,
618,符文台,785,1732,[5],[2],[21520],,,FuseTable,,FuseTable,1,0,3,3,0,800,0,11911,6,,11209,4,,,,,,,,,,,,,,,,,,,,,,,,,0.1,
619,星能振荡器,1182,1733,1,[6],[21543],,,,,,2,0,3,3,0,800,0,108,1,,11209,3,,11664,1,,,,,,,,,,,,,,,,,,,,,,0.1,
620,止血药剂,12606,1735,[5],[1],[21551],,,,,,1,0,3,3,0,800,0,12610,1,,11049,1,,,,,,,,,,,,,,,,,,,,,,,,,0.1,
621,透明硬质玻璃块,1206,1800,1,[4],[21535],,,HardGlass,,HardGlass,10,0,3,3,0,800,0,632,10,,12614,1,,11209,3,,,,,,,,,,,,,,,,,,,,,,0.1,
622,水压炮,11649,1163,[3],[1],[21552],,,,,,1,0,3,3,0,800,0,12719,4,,11209,4,,,,,,,,,,,,,,,,,,,,,,,,,0.1,
623,海灵变身石,11641,1818,1,[2],[21550],,,,,,1,0,3,3,0,800,0,11640,3,,11570,1,,11655,1,,,,,,,,,,,,,,,,,,,,,,0.1,
624,潜水面罩,11642,1265,[9],[1],[21504],,,,,,1,0,3,3,0,800,0,632,2,,11329,2,,11318,2,,,,,,,,,,,,,,,,,,,,,,0.1,
625,潜水服,11643,1266,[7],[1],[21505],,,,,,1,0,3,3,0,800,0,11307,4,,11329,4,,11319,2,,,,,,,,,,,,,,,,,,,,,,0.1,
626,潜水脚蹼,11644,1267,[7],[1],[21507],,,,,,1,0,3,3,0,800,0,11307,4,,12064,2,,,,,,,,,,,,,,,,,,,,,,,,,0.1,
627,高级潜水面罩,11645,1268,[10],[1],[21504],,,,,,1,0,3,3,0,800,0,1206,2,,11656,2,,11209,2,,,,,,,,,,,,,,,,,,,,,,0.1,
628,高级潜水服,11646,1269,[8],[1],[21505],,,,,,1,0,3,3,0,800,0,12066,2,,12614,4,,11319,2,,,,,,,,,,,,,,,,,,,,,,0.1,
629,高级潜水脚蹼,11647,1270,[8],[1],[21507],,,,,,1,0,3,3,0,800,0,11307,4,,12614,2,,12064,2,,,,,,,,,,,,,,,,,,,,,,0.1,
630,幸运花冠,11650,1271,[8],[1],[21504],[2],,WreathPro,,WreathPro,1,0,3,3,0,800,0,11655,2,,11228,1,,1186,1,,,,,,,,,,,,,,,,,,,,,,0.1,
631,普通鱼竿,12721,1301,1,[2],[21556],,,,,,1,0,3,3,0,800,0,251,2,,710,5,,11329,1,,,,,,,,,,,,,,,,,,,,,,0.1,
632,角珊瑚鱼竿,12722,1302,1,[2],[21556],,,,,,1,0,3,3,0,800,0,251,2,,710,5,,11330,1,,486,1,,,,,,,,,,,,,,,,,,,0.1,
633,气泡珊瑚鱼竿,12723,1303,1,[2],[21556],,,,,,1,0,3,3,0,800,0,251,2,,710,5,,11330,1,,488,1,,,,,,,,,,,,,,,,,,,0.1,
634,圆盘珊瑚鱼竿,12724,1304,1,[2],[21556],,,,,,1,0,3,3,0,800,0,251,2,,710,5,,11330,1,,490,1,,,,,,,,,,,,,,,,,,,0.1,
635,树珊瑚鱼竿,12725,1305,1,[2],[21556],,,,,,1,0,3,3,0,800,0,251,2,,710,5,,11330,1,,492,1,,,,,,,,,,,,,,,,,,,0.1,
636,贝壳床,1223,1831,1,[4],[21532],,,,,,1,0,3,3,1,800,0,346,1,,11307,5,,11655,1,,,,,,,,,,,,,,,,,,,,,,0.1,
637,贝壳沙发,1224,1832,1,[4],[256],,,,,,1,0,3,3,1,800,0,346,1,,11307,5,,11323,4,,,,,,,,,,,,,,,,,,,,,,0.1,
638,贝壳桌子,1225,1833,1,[4],[257],,,,,,1,0,3,3,1,800,0,346,1,,11323,4,,,,,,,,,,,,,,,,,,,,,,,,,0.1,
639,贝壳椅子,1226,1834,1,[4],[256],,,,,,1,0,3,3,1,800,0,346,1,,11307,3,,11323,4,,,,,,,,,,,,,,,,,,,,,,0.1,
640,珊瑚门,1227,1835,1,[4],[21534],,,,,,1,0,3,3,1,800,0,486,5,,11323,3,,,,,,,,,,,,,,,,,,,,,,,,,0.1,
641,贝壳门,1228,1836,1,[4],[21534],,,,,,1,0,3,3,1,800,0,346,1,,11323,3,,,,,,,,,,,,,,,,,,,,,,,,,0.1,
642,珊瑚窗,1229,1837,1,[4],[21535],,,,,,1,0,3,3,1,800,0,486,2,,649,1,,11323,2,,,,,,,,,,,,,,,,,,,,,,0.1,
643,贝壳窗,1230,1838,1,[4],[21535],,,,,,1,0,3,3,1,800,0,346,1,,649,1,,11323,2,,,,,,,,,,,,,,,,,,,,,,0.1,
644,海洋储物柜,1231,1839,1,[4],[21534],,,,,,1,0,3,3,1,800,0,486,2,,346,1,,11323,5,,,,,,,,,,,,,,,,,,,,,,0.1,
645,海洋屏风,1232,1840,[10],[4],[21544],,,,,,1,0,3,3,1,800,0,486,2,,346,1,,11323,2,,,,,,,,,,,,,,,,,,,,,,0.1,
646,贝壳楼梯,1233,1841,1,[4],[134],,,,,,1,0,3,3,1,800,0,346,2,,11210,5,,,,,,,,,,,,,,,,,,,,,,,,,0.1,
647,海洋衣柜,1234,1842,1,[4],[21534],,,,,,1,0,3,3,1,800,0,486,2,,346,1,,11323,5,,,,,,,,,,,,,,,,,,,,,,0.1,
648,海洋落地灯,1235,1843,[3],[4],[21522],,,,,,1,0,3,3,1,800,0,486,5,,346,1,,11655,1,,11318,1,,,,,,,,,,,,,,,,,,,0.1,
649,海洋吊灯,1236,1844,[3],[4],[21522],,,,,,1,0,3,3,1,800,0,346,1,,11655,1,,11318,1,,492,2,,,,,,,,,,,,,,,,,,,0.1,
650,贝壳台灯,1237,1845,[3],[4],[21522],,,,,,1,0,3,3,1,800,0,346,1,,11655,1,,11318,1,,,,,,,,,,,,,,,,,,,,,,0.1,
651,海洋大花盆,1238,1846,1,[4],[21553],,,,,,1,0,3,3,1,800,0,486,1,,346,1,,11213,3,,,,,,,,,,,,,,,,,,,,,,0.1,
652,珊瑚栅栏,1239,1847,1,[4],[21534],,,,,,1,0,3,3,1,800,0,486,5,,11323,2,,,,,,,,,,,,,,,,,,,,,,,,,0.1,
653,珊瑚栅栏门,1240,1848,1,[4],[21534],,,,,,1,0,3,3,1,800,0,486,5,,11323,2,,,,,,,,,,,,,,,,,,,,,,,,,0.1,
654,贝壳栅栏,1241,1849,1,[4],[21534],,,,,,1,0,3,3,1,800,0,346,1,,11323,2,,,,,,,,,,,,,,,,,,,,,,,,,0.1,
655,贝壳栅栏门,1242,1850,1,[4],[21534],,,,,,1,0,3,3,1,800,0,346,1,,11323,2,,,,,,,,,,,,,,,,,,,,,,,,,0.1,
656,贝壳风铃,1243,1851,1,[4],[21536],,,,,,1,0,3,3,1,800,0,346,1,,710,5,,,,,,,,,,,,,,,,,,,,,,,,,0.1,
657,船舵,1188,1852,1,[6],[21542],,,,,,1,0,3,3,1,800,0,11323,5,,11329,2,,,,,,,,,,,,,,,,,,,,,,,,,0.1,
658,螺旋推进器,1189,1853,1,[6],[21542],,,,,,1,0,3,3,0,800,0,11329,2,,11209,4,,,,,,,,,,,,,,,,,,,,,,,,,0.1,
659,浮桶,1190,1854,1,[6],[21542],,,,,,1,0,3,3,1,800,0,11323,5,,11227,3,,,,,,,,,,,,,,,,,,,,,,,,,0.1,
660,晒肉架,1192,1855,[6],[2],[21520],,,,,,1,0,3,3,1,800,0,11323,3,,11227,3,,,,,,,,,,,,,,,,,,,,,,,,,0.1,
661,魔鬼鱼叉,12063,1118,[3],[1],[21513],"[1,2]",,MantaSpear,,MantaSpear,1,0,3,3,1,800,0,11209,3,,11323,3,,12067,1,,,,,,,,,,,,,,,,,,,,,,0.1,
662,鲨鱼弓,12061,1163,[7],[1],[21517],"[1,2]",,SharkBow,,SharkBow,1,0,3,3,0,800,0,11330,5,,11307,2,,710,2,,12065,1,,,,,,,,,,,,,,,,,,,0.1,
663,海洋箭,12062,1164,[8],[1],[21517],"[1,2]",,SeaArrow,,SeaArrow,4,0,3,3,1,800,0,11329,1,,11323,2,,12717,1,,,,,,,,,,,,,,,,,,,,,,0.1,
664,珊瑚虫,11915,1859,[4],[3],[21529],,,,,,2,0,3,3,1,800,0,486,1,,,,,,,,,,,,,,,,,,,,,,,,,,,,0.1,
665,彼岸种子,1194,1860,[4],[3],[21529],,,,,,2,0,3,3,0,800,0,11654,1,,,,,,,,,,,,,,,,,,,,,,,,,,,,0.1,
666,彼岸种子,1194,1861,[4],[3],[21529],,,,,,2,0,3,3,0,800,0,1186,1,,,,,,,,,,,,,,,,,,,,,,,,,,,,0.1,
667,星球岩竖薄板,152,1862,1,[4],[686],,,,,,4,0,3,3,0,800,0,116,2,,,,,,,,,,,,,,,,,,,,,,,,,,,,0.1,
668,竹板竖薄板,153,1863,2,[4],[686],,,,,,4,0,3,3,1,800,0,251,2,,,,,,,,,,,,,,,,,,,,,,,,,,,,,
669,胭脂红竖薄板,154,1864,3,[4],[686],,,,,,16,0,3,3,0,800,0,11323,4,,11502,1,,,,,,,,,,,,,,,,,,,,,,,,,,
670,水泥砖竖薄板,155,1865,4,[4],[686],,,,,,4,0,3,3,0,800,0,11213,2,,,,,,,,,,,,,,,,,,,,,,,,,,,,,
671,硫黄砖竖薄板,156,1866,5,[4],[686],,,,,,4,0,3,3,0,800,0,11214,2,,,,,,,,,,,,,,,,,,,,,,,,,,,,,
672,石质竖薄板,157,1867,6,[4],[686],,,,,,1,0,3,3,0,800,0,11627,1,,,,,,,,,,,,,,,,,,,,,,,,,,,,,
673,精制石砖竖薄板,158,1868,7,[4],[686],,,,,,4,0,3,3,0,800,0,501,1,,,,,,,,,,,,,,,,,,,,,,,,,,,,,
674,钛合金竖薄板,159,1869,8,[4],[686],,,,,,4,0,3,3,0,800,0,11330,10,,,,,,,,,,,,,,,,,,,,,,,,,,,,,
675,黄铜竖薄板,160,1870,9,[4],[686],,,,,,4,0,3,3,0,800,0,11329,10,,,,,,,,,,,,,,,,,,,,,,,,,,,,,
676,云母竖薄板,161,1871,10,[4],[686],,,,,,4,0,3,3,0,800,0,11210,2,,,,,,,,,,,,,,,,,,,,,,,,,,,,,
677,秘银竖薄板,162,1872,11,[4],[686],,,,,,4,0,3,3,0,800,0,11209,10,,,,,,,,,,,,,,,,,,,,,,,,,,,,,
678,炽炎竖薄板,163,1873,12,[4],[686],,,,,,4,0,3,3,0,800,0,11207,10,,,,,,,,,,,,,,,,,,,,,,,,,,,,,
679,柠檬黄竖薄板,164,1874,13,[4],[686],,,,,,16,0,3,3,0,800,0,11323,4,,11540,1,,,,,,,,,,,,,,,,,,,,,,,,,,
680,苍石灰竖薄板,165,1875,14,[4],[686],,,,,,16,0,3,3,0,800,0,11323,4,,11507,1,,,,,,,,,,,,,,,,,,,,,,,,,,
681,深栗红竖薄板,166,1876,15,[4],[686],,,,,,16,0,3,3,0,800,0,11323,4,,11512,1,,,,,,,,,,,,,,,,,,,,,,,,,,
682,落日橙竖薄板,167,1877,16,[4],[686],,,,,,16,0,3,3,0,800,0,11323,4,,11536,1,,,,,,,,,,,,,,,,,,,,,,,,,,
683,海棠红竖薄板,168,1878,17,[4],[686],,,,,,16,0,3,3,0,800,0,11323,4,,11506,1,,,,,,,,,,,,,,,,,,,,,,,,,,
684,象牙白竖薄板,169,1879,18,[4],[686],,,,,,16,0,3,3,0,800,0,11323,4,,11500,1,,,,,,,,,,,,,,,,,,,,,,,,,,
685,秋叶橙竖薄板,170,1880,19,[4],[686],,,,,,16,0,3,3,0,800,0,11323,4,,11537,1,,,,,,,,,,,,,,,,,,,,,,,,,,
686,竖薄板,171,1881,20,[4],[686],,,,,,4,0,3,3,0,800,0,11323,1,,,,,,,,,,,,,,,,,,,,,,,,,,,,,
687,黄砖竖薄板,172,1882,21,[4],[686],,,,,,4,0,3,3,0,800,0,108,1,,,,,,,,,,,,,,,,,,,,,,,,,,,,,
688,锰块竖薄板,173,1883,22,[4],[686],,,,,,4,0,3,3,0,800,0,12614,10,,,,,,,,,,,,,,,,,,,,,,,,,,,,,
689,浅苍灰竖薄板,174,1884,23,[4],[686],,,,,,16,0,3,3,0,800,0,11323,4,,11508,1,,,,,,,,,,,,,,,,,,,,,,,,,,
690,星球岩斜板,1244,1885,1,[4],[709],,,,,,2,0,3,3,0,800,0,116,2,,,,,,,,,,,,,,,,,,,,,,,,,,,,,
691,竹板斜板,1245,1886,1,[4],[709],,,,,,2,0,3,3,1,800,0,251,2,,,,,,,,,,,,,,,,,,,,,,,,,,,,,
692,胭脂红斜板,1246,1887,1,[4],[709],,,,,,8,0,3,3,0,800,0,11323,4,,11502,1,,,,,,,,,,,,,,,,,,,,,,,,,,
693,水泥砖斜板,1247,1888,1,[4],[709],,,,,,2,0,3,3,0,800,0,11213,2,,,,,,,,,,,,,,,,,,,,,,,,,,,,,
694,硫黄砖斜板,1248,1889,1,[4],[709],,,,,,2,0,3,3,0,800,0,11214,2,,,,,,,,,,,,,,,,,,,,,,,,,,,,,
695,石质斜板,1249,1890,1,[4],[709],,,,,,1,0,3,3,0,800,0,11627,2,,,,,,,,,,,,,,,,,,,,,,,,,,,,,
696,精制石砖斜板,1250,1891,1,[4],[709],,,,,,2,0,3,3,0,800,0,501,1,,,,,,,,,,,,,,,,,,,,,,,,,,,,,
697,钛合金斜板,1251,1892,1,[4],[709],,,,,,2,0,3,3,0,800,0,11330,10,,,,,,,,,,,,,,,,,,,,,,,,,,,,,
698,黄铜斜板,1252,1893,1,[4],[709],,,,,,2,0,3,3,0,800,0,11329,10,,,,,,,,,,,,,,,,,,,,,,,,,,,,,
699,云母斜板,1253,1894,1,[4],[709],,,,,,2,0,3,3,0,800,0,11210,2,,,,,,,,,,,,,,,,,,,,,,,,,,,,,
700,秘银斜板,1254,1895,1,[4],[709],,,,,,2,0,3,3,0,800,0,11209,10,,,,,,,,,,,,,,,,,,,,,,,,,,,,,
701,炽炎斜板,1255,1896,1,[4],[709],,,,,,2,0,3,3,0,800,0,11207,10,,,,,,,,,,,,,,,,,,,,,,,,,,,,,
702,柠檬黄斜板,1256,1897,1,[4],[709],,,,,,8,0,3,3,0,800,0,11323,4,,11540,1,,,,,,,,,,,,,,,,,,,,,,,,,,
703,苍石灰斜板,1257,1898,1,[4],[709],,,,,,8,0,3,3,0,800,0,11323,4,,11507,1,,,,,,,,,,,,,,,,,,,,,,,,,,
704,深栗红斜板,1258,1899,1,[4],[709],,,,,,8,0,3,3,0,800,0,11323,4,,11512,1,,,,,,,,,,,,,,,,,,,,,,,,,,
705,落日橙斜板,1259,1900,1,[4],[709],,,,,,8,0,3,3,0,800,0,11323,4,,11536,1,,,,,,,,,,,,,,,,,,,,,,,,,,
706,海棠红斜板,1260,1901,1,[4],[709],,,,,,8,0,3,3,0,800,0,11323,4,,11506,1,,,,,,,,,,,,,,,,,,,,,,,,,,
707,象牙白斜板,1261,1902,1,[4],[709],,,,,,8,0,3,3,0,800,0,11323,4,,11500,1,,,,,,,,,,,,,,,,,,,,,,,,,,
708,秋叶橙斜板,1262,1903,1,[4],[709],,,,,,8,0,3,3,0,800,0,11323,4,,11537,1,,,,,,,,,,,,,,,,,,,,,,,,,,
709,斜板,1263,1904,[23],[4],[709],,,,,,2,0,3,3,0,800,0,11323,1,,,,,,,,,,,,,,,,,,,,,,,,,,,,,
710,黄砖斜板,1264,1905,1,[4],[709],,,,,,2,0,3,3,0,800,0,108,1,,,,,,,,,,,,,,,,,,,,,,,,,,,,,
711,锰块斜板,1265,1906,1,[4],[709],,,,,,2,0,3,3,0,800,0,12614,10,,,,,,,,,,,,,,,,,,,,,,,,,,,,,
712,星球岩薄斜板,1267,1908,1,[4],[731],,,,,,4,0,3,3,0,800,0,116,2,,,,,,,,,,,,,,,,,,,,,,,,,,,,,
713,竹板薄斜板,1269,1910,2,[4],[731],,,,,,4,0,3,3,0,800,0,251,2,,,,,,,,,,,,,,,,,,,,,,,,,,,,,
714,胭脂红薄斜板,1271,1912,3,[4],[731],,,,,,16,0,3,3,0,800,0,11323,4,,11502,1,,,,,,,,,,,,,,,,,,,,,,,,,,
715,水泥砖薄斜板,1273,1914,4,[4],[731],,,,,,4,0,3,3,0,800,0,11213,2,,,,,,,,,,,,,,,,,,,,,,,,,,,,,
716,硫黄砖薄斜板,1275,1916,5,[4],[731],,,,,,4,0,3,3,0,800,0,11214,2,,,,,,,,,,,,,,,,,,,,,,,,,,,,,
717,石质薄斜板,1277,1918,6,[4],[731],,,,,,1,0,3,3,0,800,0,11627,1,,,,,,,,,,,,,,,,,,,,,,,,,,,,,
718,精制石砖薄斜板,1279,1920,7,[4],[731],,,,,,4,0,3,3,0,800,0,501,1,,,,,,,,,,,,,,,,,,,,,,,,,,,,,
719,钛合金薄斜板,1281,1922,8,[4],[731],,,,,,4,0,3,3,0,800,0,11330,10,,,,,,,,,,,,,,,,,,,,,,,,,,,,,
720,黄铜薄斜板,1283,1924,9,[4],[731],,,,,,4,0,3,3,0,800,0,11329,10,,,,,,,,,,,,,,,,,,,,,,,,,,,,,
721,云母薄斜板,1285,1926,10,[4],[731],,,,,,4,0,3,3,0,800,0,11210,2,,,,,,,,,,,,,,,,,,,,,,,,,,,,,
722,秘银薄斜板,1287,1928,11,[4],[731],,,,,,4,0,3,3,0,800,0,11209,10,,,,,,,,,,,,,,,,,,,,,,,,,,,,,
723,炽炎薄斜板,1289,1930,12,[4],[731],,,,,,4,0,3,3,0,800,0,11207,10,,,,,,,,,,,,,,,,,,,,,,,,,,,,,
724,柠檬黄薄斜板,1291,1932,13,[4],[731],,,,,,16,0,3,3,0,800,0,11323,4,,11540,1,,,,,,,,,,,,,,,,,,,,,,,,,,
725,苍石灰薄斜板,1293,1934,14,[4],[731],,,,,,16,0,3,3,0,800,0,11323,4,,11507,1,,,,,,,,,,,,,,,,,,,,,,,,,,
726,深栗红薄斜板,1295,1936,15,[4],[731],,,,,,16,0,3,3,0,800,0,11323,4,,11512,1,,,,,,,,,,,,,,,,,,,,,,,,,,
727,落日橙薄斜板,1297,1938,16,[4],[731],,,,,,16,0,3,3,0,800,0,11323,4,,11536,1,,,,,,,,,,,,,,,,,,,,,,,,,,
728,海棠红薄斜板,1299,1940,17,[4],[731],,,,,,16,0,3,3,0,800,0,11323,4,,11506,1,,,,,,,,,,,,,,,,,,,,,,,,,,
729,象牙白薄斜板,1301,1942,18,[4],[731],,,,,,16,0,3,3,0,800,0,11323,4,,11500,1,,,,,,,,,,,,,,,,,,,,,,,,,,
730,秋叶橙薄斜板,1303,1944,19,[4],[731],,,,,,16,0,3,3,0,800,0,11323,4,,11537,1,,,,,,,,,,,,,,,,,,,,,,,,,,
731,薄斜板,1305,1946,20,[4],[731],,,,,,4,0,3,3,0,800,0,11323,1,,,,,,,,,,,,,,,,,,,,,,,,,,,,,
732,黄砖薄斜板,1307,1948,21,[4],[731],,,,,,4,0,3,3,0,800,0,108,1,,,,,,,,,,,,,,,,,,,,,,,,,,,,,
733,锰块薄斜板,1309,1950,22,[4],[731],,,,,,4,0,3,3,0,800,0,12614,10,,,,,,,,,,,,,,,,,,,,,,,,,,,,,
734,星球岩竖薄斜板,1311,1952,1,[4],[753],,,,,,4,0,3,3,0,800,0,116,2,,,,,,,,,,,,,,,,,,,,,,,,,,,,,
735,竹板竖薄斜板,1313,1954,2,[4],[753],,,,,,4,0,3,3,0,800,0,251,2,,,,,,,,,,,,,,,,,,,,,,,,,,,,,
736,胭脂红竖薄斜板,1315,1956,3,[4],[753],,,,,,16,0,3,3,0,800,0,11323,4,,11502,1,,,,,,,,,,,,,,,,,,,,,,,,,,
737,水泥砖竖薄斜板,1317,1958,4,[4],[753],,,,,,4,0,3,3,0,800,0,11213,2,,,,,,,,,,,,,,,,,,,,,,,,,,,,,
738,硫黄砖竖薄斜板,1319,1960,5,[4],[753],,,,,,4,0,3,3,0,800,0,11214,2,,,,,,,,,,,,,,,,,,,,,,,,,,,,,
739,石质竖薄斜板,1321,1962,6,[4],[753],,,,,,1,0,3,3,0,800,0,11627,1,,,,,,,,,,,,,,,,,,,,,,,,,,,,,
740,精制石砖竖薄斜板,1323,1964,7,[4],[753],,,,,,4,0,3,3,0,800,0,501,1,,,,,,,,,,,,,,,,,,,,,,,,,,,,,
741,钛合金竖薄斜板,1325,1966,8,[4],[753],,,,,,4,0,3,3,0,800,0,11330,10,,,,,,,,,,,,,,,,,,,,,,,,,,,,,
742,黄铜竖薄斜板,1327,1968,9,[4],[753],,,,,,4,0,3,3,0,800,0,11329,10,,,,,,,,,,,,,,,,,,,,,,,,,,,,,
743,云母竖薄斜板,1329,1970,10,[4],[753],,,,,,4,0,3,3,0,800,0,11210,2,,,,,,,,,,,,,,,,,,,,,,,,,,,,,
744,秘银竖薄斜板,1331,1972,11,[4],[753],,,,,,4,0,3,3,0,800,0,11209,10,,,,,,,,,,,,,,,,,,,,,,,,,,,,,
745,炽炎竖薄斜板,1333,1974,12,[4],[753],,,,,,4,0,3,3,0,800,0,11207,10,,,,,,,,,,,,,,,,,,,,,,,,,,,,,
746,柠檬黄竖薄斜板,1335,1976,13,[4],[753],,,,,,16,0,3,3,0,800,0,11323,4,,11540,1,,,,,,,,,,,,,,,,,,,,,,,,,,
747,苍石灰竖薄斜板,1337,1978,14,[4],[753],,,,,,16,0,3,3,0,800,0,11323,4,,11507,1,,,,,,,,,,,,,,,,,,,,,,,,,,
748,深栗红竖薄斜板,1339,1980,15,[4],[753],,,,,,16,0,3,3,0,800,0,11323,4,,11512,1,,,,,,,,,,,,,,,,,,,,,,,,,,
749,落日橙竖薄斜板,1341,1982,16,[4],[753],,,,,,16,0,3,3,0,800,0,11323,4,,11536,1,,,,,,,,,,,,,,,,,,,,,,,,,,
750,海棠红竖薄斜板,1343,1984,17,[4],[753],,,,,,16,0,3,3,0,800,0,11323,4,,11506,1,,,,,,,,,,,,,,,,,,,,,,,,,,
751,象牙白竖薄斜板,1345,1986,18,[4],[753],,,,,,16,0,3,3,0,800,0,11323,4,,11500,1,,,,,,,,,,,,,,,,,,,,,,,,,,
752,秋叶橙竖薄斜板,1347,1988,19,[4],[753],,,,,,16,0,3,3,0,800,0,11323,4,,11537,1,,,,,,,,,,,,,,,,,,,,,,,,,,
753,竖薄斜板,1349,1990,20,[4],[753],,,,,,4,0,3,3,0,800,0,11323,1,,,,,,,,,,,,,,,,,,,,,,,,,,,,,
754,黄砖竖薄斜板,1351,1992,21,[4],[753],,,,,,4,0,3,3,0,800,0,108,1,,,,,,,,,,,,,,,,,,,,,,,,,,,,,
755,锰块竖薄斜板,1353,1994,22,[4],[753],,,,,,4,0,3,3,0,800,0,12614,10,,,,,,,,,,,,,,,,,,,,,,,,,,,,,
756,星球岩竖板,1355,1996,1,[4],[775],,,,,,2,0,3,3,0,800,0,116,2,,,,,,,,,,,,,,,,,,,,,,,,,,,,,
757,竹板竖板,1356,1997,2,[4],[775],,,,,,2,0,3,3,0,800,0,251,2,,,,,,,,,,,,,,,,,,,,,,,,,,,,,
758,胭脂红竖板,1357,1998,3,[4],[775],,,,,,8,0,3,3,0,800,0,11323,4,,11502,1,,,,,,,,,,,,,,,,,,,,,,,,,,
759,水泥砖竖板,1358,1999,4,[4],[775],,,,,,2,0,3,3,0,800,0,11213,2,,,,,,,,,,,,,,,,,,,,,,,,,,,,,
760,硫黄砖竖板,1359,2000,5,[4],[775],,,,,,2,0,3,3,0,800,0,11214,2,,,,,,,,,,,,,,,,,,,,,,,,,,,,,
761,石质竖板,1360,2001,6,[4],[775],,,,,,1,0,3,3,0,800,0,11627,2,,,,,,,,,,,,,,,,,,,,,,,,,,,,,
762,精制石砖竖板,1361,2002,7,[4],[775],,,,,,2,0,3,3,0,800,0,501,1,,,,,,,,,,,,,,,,,,,,,,,,,,,,,
763,钛合金竖板,1362,2003,8,[4],[775],,,,,,2,0,3,3,0,800,0,11330,10,,,,,,,,,,,,,,,,,,,,,,,,,,,,,
764,黄铜竖板,1363,2004,9,[4],[775],,,,,,2,0,3,3,0,800,0,11329,10,,,,,,,,,,,,,,,,,,,,,,,,,,,,,
765,云母竖板,1364,2005,10,[4],[775],,,,,,2,0,3,3,0,800,0,11210,2,,,,,,,,,,,,,,,,,,,,,,,,,,,,,
766,秘银竖板,1365,2006,11,[4],[775],,,,,,2,0,3,3,0,800,0,11209,10,,,,,,,,,,,,,,,,,,,,,,,,,,,,,
767,炽炎竖板,1366,2007,12,[4],[775],,,,,,2,0,3,3,0,800,0,11207,10,,,,,,,,,,,,,,,,,,,,,,,,,,,,,
768,柠檬黄竖板,1367,2008,13,[4],[775],,,,,,8,0,3,3,0,800,0,11323,4,,11540,1,,,,,,,,,,,,,,,,,,,,,,,,,,
769,苍石灰竖板,1368,2009,14,[4],[775],,,,,,8,0,3,3,0,800,0,11323,4,,11507,1,,,,,,,,,,,,,,,,,,,,,,,,,,
770,深栗红竖板,1369,2010,15,[4],[775],,,,,,8,0,3,3,0,800,0,11323,4,,11512,1,,,,,,,,,,,,,,,,,,,,,,,,,,
771,落日橙竖板,1370,2011,16,[4],[775],,,,,,8,0,3,3,0,800,0,11323,4,,11536,1,,,,,,,,,,,,,,,,,,,,,,,,,,
772,海棠红竖板,1371,2012,17,[4],[775],,,,,,8,0,3,3,0,800,0,11323,4,,11506,1,,,,,,,,,,,,,,,,,,,,,,,,,,
773,象牙白竖板,1372,2013,18,[4],[775],,,,,,8,0,3,3,0,800,0,11323,4,,11500,1,,,,,,,,,,,,,,,,,,,,,,,,,,
774,秋叶橙竖板,1373,2014,19,[4],[775],,,,,,8,0,3,3,0,800,0,11323,4,,11537,1,,,,,,,,,,,,,,,,,,,,,,,,,,
775,竖板,1374,2015,20,[4],[775],,,,,,2,0,3,3,0,800,0,11323,1,,,,,,,,,,,,,,,,,,,,,,,,,,,,,
776,黄砖竖板,1375,2016,21,[4],[775],,,,,,2,0,3,3,0,800,0,108,1,,,,,,,,,,,,,,,,,,,,,,,,,,,,,
777,锰块竖板,1376,2017,22,[4],[775],,,,,,2,0,3,3,0,800,0,12614,10,,,,,,,,,,,,,,,,,,,,,,,,,,,,,
778,浅苍灰木板,1380,2018,1,[4],[2],,,,,,4,0,3,3,0,800,0,11323,4,,11508,1,,,,,,,,,,,,,,,,,,,,,,,,,,
779,浅苍灰楼梯,1381,2019,1,[4],[134],,,,,,32,0,3,3,1,800,0,11323,20,,11508,1,,,,,,,,,,,,,,,,,,,,,,,,,,
780,浅苍灰薄板,1382,2020,23,[4],[128],,,,,,16,0,3,3,1,800,0,11323,4,,11508,1,,,,,,,,,,,,,,,,,,,,,,,,,,
781,浅苍灰斜板,1383,2021,1,[4],[709],,,,,,8,0,3,3,0,800,0,11323,4,,11508,1,,,,,,,,,,,,,,,,,,,,,,,,,,
782,浅苍灰薄斜板,1384,2022,23,[4],[731],,,,,,16,0,3,3,0,800,0,11323,4,,11508,1,,,,,,,,,,,,,,,,,,,,,,,,,,
783,浅苍灰竖薄斜板,1386,2024,23,[4],[753],,,,,,16,0,3,3,0,800,0,11323,4,,11508,1,,,,,,,,,,,,,,,,,,,,,,,,,,
784,浅苍灰竖板,1388,2026,23,[4],[775],,,,,,8,0,3,3,0,800,0,11323,4,,11508,1,,,,,,,,,,,,,,,,,,,,,,,,,,
785,燃烧的小火炬,298,106,"[13,1]","[0,4]","[21500,21522]","[1,5]",,Torch,,Torch,8,0,3,3,1,11000,0,11226,1,,11323,2,,,,,,,,,,,,,,,,,,,,,,,,,0.1,
786,远古号角,11233,1334,1,[2],[21550],,,AncentHorn,,AncentHorn,1,0,3,3,0,800,0,11219,1,,11217,1,,,,,,,,,,,,,,,,,,,,,,,,,,
787,象牙白颜料瓶,11500,1050,[2],"[2,3]","[21525,21525]",[4],,WhiteDye,,WhiteDye,10,0,3,3,0,800,0,12718,1,,11320,10,,,,,,,,,,,,,,,,,,,,,,,,,0.1,
788,赫赤红颜料瓶,11514,1222,[2],"[2,3]","[21525,21525]",[4],,RedDye,,RedDye,10,0,3,3,0,800,0,12718,1,,11320,10,,,,,,,,,,,,,,,,,,,,,,,,,0.1,
789,鹅毛黄颜料瓶,11504,1224,[2],"[2,3]","[21525,21525]",[4],,YellowDye,,YellowDye,10,0,3,3,0,800,0,12718,1,,11320,10,,,,,,,,,,,,,,,,,,,,,,,,,0.1,
790,宝石蓝颜料瓶,11532,1623,[2],"[2,3]","[21525,21525]",[4],,BlueDye,,BlueDye,10,0,3,3,0,800,0,12718,1,,11320,10,,,,,,,,,,,,,,,,,,,,,,,,,,
791,贝壳双人沙发,1195,1832,1,[4],[256],"[5,6]",,,,,1,0,3,3,1,800,0,346,1,,11307,8,,11323,4,,,,,,,,,,,,,,,,,,,,,,,
792,星能光束器,352,900,1,[6],[21543],,,,,,1,0,3,3,0,800,0,104,3,,11664,1,,11329,3,,,,,,,,,,,,,,,,,,,,,,,
793,非门,353,901,1,[6],[21543],,,,,,1,0,3,3,0,800,0,104,1,,11664,1,,11329,2,,11210,2,,,,,,,,,,,,,,,,,,,,
794,与门,354,902,1,[6],[21543],,,,,,1,0,3,3,0,800,0,104,1,,11664,1,,11329,2,,11210,2,,,,,,,,,,,,,,,,,,,,
795,或门,355,903,1,[6],[21543],,,,,,1,0,3,3,0,800,0,104,1,,11664,1,,11329,2,,11210,2,,,,,,,,,,,,,,,,,,,,
796,星能分流器,356,904,1,[6],[21543],,,,,,1,0,3,3,0,800,0,104,1,,11664,1,,11209,2,,,,,,,,,,,,,,,,,,,,,,,
797,星能延时器,357,905,1,[6],[21543],,,,,,1,0,3,3,0,800,0,104,2,,11664,1,,11209,2,,11329,2,,,,,,,,,,,,,,,,,,,,
798,开关,358,906,1,[6],[21543],,,,,,1,0,3,3,0,800,0,509,1,,11323,1,,,,,,,,,,,,,,,,,,,,,,,,,,
799,感压板-触碰,359,907,1,[6],[21543],,,,,,1,0,3,3,0,800,0,509,1,,11323,2,,363,1,,,,,,,,,,,,,,,,,,,,,,,
800,感压板-普通,360,908,1,[6],[21543],,,,,,1,0,3,3,0,800,0,104,1,,509,1,,364,1,,,,,,,,,,,,,,,,,,,,,,,
801,感压板-生物,361,909,1,[6],[21543],,,,,,1,0,3,3,0,800,0,509,1,,565,1,,364,1,,,,,,,,,,,,,,,,,,,,,,,
802,感压板-沙石,362,910,1,[6],[21543],,,,,,1,0,3,3,0,800,0,509,1,,507,1,,364,1,,,,,,,,,,,,,,,,,,,,,,,
803,按钮-触碰,363,911,1,[6],[21543],,,,,,1,0,3,3,1,800,0,11323,1,,,,,,,,,,,,,,,,,,,,,,,,,,,,,
804,按钮-普通,364,912,1,[6],[21543],,,,,,1,0,3,3,1,800,0,104,1,,11627,1,,,,,,,,,,,,,,,,,,,,,,,,,,
805,星能阻隔器,365,913,1,[6],[21543],,,,,,1,0,3,3,0,800,0,104,1,,11664,1,,11329,2,,,,,,,,,,,,,,,,,,,,,,,
806,星能计数器,366,914,1,[6],[21543],,,,,,1,0,3,3,0,800,0,104,1,,11664,2,,11329,2,,11209,2,,,,,,,,,,,,,,,,,,,,
807,机械臂,367,915,1,[6],[21543],,,,,,1,0,3,3,0,800,0,104,1,,11664,2,,11323,2,,11209,3,,,,,,,,,,,,,,,,,,,,
808,推拉机械臂,368,916,1,[6],[21543],,,,,,1,0,3,3,0,800,0,104,1,,11664,2,,11323,2,,11209,3,,11310,1,,,,,,,,,,,,,,,,,
809,收集管道,369,917,1,[6],[21543],,,,,,1,0,3,3,0,800,0,11664,1,,11209,1,,11207,1,,,,,,,,,,,,,,,,,,,,,,,
810,传输管道,370,918,1,[6],[21543],,,,,,2,0,3,3,0,800,0,11664,1,,11209,1,,,,,,,,,,,,,,,,,,,,,,,,,,
811,检测管道,371,919,1,[6],[21543],,,,,,1,0,3,3,0,800,0,11664,1,,11209,1,,11210,1,,11207,1,,,,,,,,,,,,,,,,,,,,
812,星能增压器,372,920,1,[6],[21543],,,,,,1,0,3,3,0,800,0,11209,3,,11664,3,,844,1,,,,,,,,,,,,,,,,,,,,,,,
813,钥匙门,373,921,1,[4],[21533],,,,,,1,0,3,3,0,800,0,11209,5,,11329,2,,,,,,,,,,,,,,,,,,,,,,,,,,
814,钥匙,12709,922,1,[2],[21550],,,,,,1,0,3,3,0,800,0,11209,1,,11329,1,,,,,,,,,,,,,,,,,,,,,,,,,,
815,松软的雪,115,2027,[10],[4],[21544],,,,,,4,0,3,3,0,800,0,160001,1,,,,,,,,,,,,,,,,,,,,,,,,,,,,,
816,软雪块,160001,2028,[10],[4],[21544],,,,,,2,0,3,3,0,800,0,115,4,,,,,,,,,,,,,,,,,,,,,,,,,,,,,
817,软雪斜板,163001,2029,1,[4],[709],,,,,,2,0,3,3,0,800,0,160001,1,,,,,,,,,,,,,,,,,,,,,,,,,,,,,
818,软雪薄斜板,165001,2030,24,[4],[731],,,,,,4,0,3,3,0,800,0,160001,1,,,,,,,,,,,,,,,,,,,,,,,,,,,,,
819,软雪竖薄斜板,167001,2031,24,[4],[753],,,,,,4,0,3,3,0,800,0,160001,1,,,,,,,,,,,,,,,,,,,,,,,,,,,,,
820,软雪竖板,164001,2032,24,[4],[775],,,,,,2,0,3,3,0,800,0,160001,1,,,,,,,,,,,,,,,,,,,,,,,,,,,,,
821,软雪竖薄板,162001,2033,24,[4],[686],,,,,,4,0,3,3,0,800,0,160001,1,,,,,,,,,,,,,,,,,,,,,,,,,,,,,
822,厚实的雪,122,2034,[10],[4],[21544],,,,,,1,0,3,3,0,800,0,160001,2,,,,,,,,,,,,,,,,,,,,,,,,,,,,,
823,厚雪薄板,161001,2035,24,[4],[128],,,,,,4,0,3,3,0,800,0,122,1,,,,,,,,,,,,,,,,,,,,,,,,,,,,,
824,厚雪斜板,163002,2036,1,[4],[709],,,,,,2,0,3,3,0,800,0,122,1,,,,,,,,,,,,,,,,,,,,,,,,,,,,,
825,厚雪楼梯,169001,2037,1,[4],[134],,,,,,2,0,3,3,0,800,0,122,1,,,,,,,,,,,,,,,,,,,,,,,,,,,,,
826,厚雪薄斜板,165002,2038,25,[4],[731],,,,,,4,0,3,3,0,800,0,122,1,,,,,,,,,,,,,,,,,,,,,,,,,,,,,
827,厚雪竖薄斜板,167002,2039,25,[4],[753],,,,,,4,0,3,3,0,800,0,122,1,,,,,,,,,,,,,,,,,,,,,,,,,,,,,
828,厚雪竖板,164002,2040,25,[4],[775],,,,,,2,0,3,3,0,800,0,122,1,,,,,,,,,,,,,,,,,,,,,,,,,,,,,
829,厚雪竖薄板,162002,2041,25,[4],[686],,,,,,4,0,3,3,0,800,0,122,1,,,,,,,,,,,,,,,,,,,,,,,,,,,,,
830,自然冰薄板,161002,2043,25,[4],[128],,,,,,4,0,3,3,0,800,0,123,1,,,,,,,,,,,,,,,,,,,,,,,,,,,,,
831,自然冰斜板,163003,2044,1,[4],[709],,,,,,2,0,3,3,0,800,0,123,1,,,,,,,,,,,,,,,,,,,,,,,,,,,,,
832,自然冰楼梯,169002,2045,1,[4],[134],,,,,,2,0,3,3,0,800,0,123,1,,,,,,,,,,,,,,,,,,,,,,,,,,,,,
833,自然冰薄斜板,165003,2046,26,[4],[731],,,,,,4,0,3,3,0,800,0,123,1,,,,,,,,,,,,,,,,,,,,,,,,,,,,,
834,自然冰竖薄斜板,167003,2047,26,[4],[753],,,,,,4,0,3,3,0,800,0,123,1,,,,,,,,,,,,,,,,,,,,,,,,,,,,,
835,自然冰竖板,164003,2048,26,[4],[775],,,,,,2,0,3,3,0,800,0,123,1,,,,,,,,,,,,,,,,,,,,,,,,,,,,,
836,自然冰竖薄板,162003,2049,26,[4],[686],,,,,,4,0,3,3,0,800,0,123,1,,,,,,,,,,,,,,,,,,,,,,,,,,,,,
837,永冻冰块,160002,2050,[10],[4],[21544],,,,,,1,0,3,3,0,800,0,123,4,,11824,1,,,,,,,,,,,,,,,,,,,,,,,,,,
838,永冻冰薄板,161003,2051,26,[4],[128],,,,,,4,0,3,3,0,800,0,160002,1,,,,,,,,,,,,,,,,,,,,,,,,,,,,,
839,自然冰斜板,163003,2052,1,[4],[709],,,,,,2,0,3,3,0,800,0,160002,1,,,,,,,,,,,,,,,,,,,,,,,,,,,,,
840,永冻冰楼梯,169003,2053,1,[4],[134],,,,,,2,0,3,3,0,800,0,160002,1,,,,,,,,,,,,,,,,,,,,,,,,,,,,,
841,永冻冰薄斜板,165004,2054,27,[4],[731],,,,,,4,0,3,3,0,800,0,160002,1,,,,,,,,,,,,,,,,,,,,,,,,,,,,,
842,永冻冰竖薄斜板,167004,2055,27,[4],[753],,,,,,4,0,3,3,0,800,0,160002,1,,,,,,,,,,,,,,,,,,,,,,,,,,,,,
843,永冻冰竖板,164004,2056,27,[4],[775],,,,,,2,0,3,3,0,800,0,160002,1,,,,,,,,,,,,,,,,,,,,,,,,,,,,,
844,永冻冰竖薄板,162004,2057,27,[4],[686],,,,,,4,0,3,3,0,800,0,160002,1,,,,,,,,,,,,,,,,,,,,,,,,,,,,,
845,香煎兔肉,12534,2059,1,"[7,8]",,,,,,,1,0,3,3,0,794,200,761,1,,12532,1,,,,,,,,,,,,,,,,,,,,,,,,,,
846,水果冰沙,12538,2061,[10],[1],[21519],,,,,,1,0,3,3,1,800,200,12500,1,,123,1,,,,,,,,,,,,,,,,,,,,,,,,,,
847,冰蕨奶冻,12539,2062,[11],[1],[21519],,,,,,1,0,3,3,0,800,200,150012,1,,12509,1,,,,,,,,,,,,,,,,,,,,,,,,,,
848,防寒头盔,12312,1272,[11],[1],[21504],,,,,,1,0,3,3,0,800,0,12622,2,,12623,3,,11209,3,,,,,,,,,,,,,,,,,,,,,,0.1,
849,防寒胸甲,12313,1273,[9],[1],[21505],,,,,,1,0,3,3,0,800,0,761,2,,12623,3,,11209,6,,,,,,,,,,,,,,,,,,,,,,0.1,
850,防寒护腿,12314,1274,[7],[1],[21506],,,,,,1,0,3,3,0,800,0,761,2,,12623,3,,11209,5,,,,,,,,,,,,,,,,,,,,,,0.1,
851,雪地靴,12315,1275,[9],[1],[21507],,,,,,1,0,3,3,0,800,0,761,2,,12623,3,,11209,3,,,,,,,,,,,,,,,,,,,,,,0.1,
852,冰冻维持器,150046,2067,1,[2],[21550],,,,,,1,0,3,3,0,800,0,11576,1,,11209,2,,11664,1,,,,,,,,,,,,,,,,,,,,,,,
853,战斗号角,12711,2068,1,[2],[21550],,,,,,1,0,3,3,0,800,0,12622,1,,11204,1,,11514,1,,,,,,,,,,,,,,,,,,,,,,,
854,冰原部落图腾,150000,1589,1,[4],[21538],,,,,,1,0,3,3,0,800,0,160002,4,,11576,1,,,,,,,,,,,,,,,,,,,,,,,,,,
855,冰原部落图腾,150000,1589,1,[4],[21538],,,,,,1,0,3,3,0,800,0,150001,1,,,,,,,,,,,,,,,,,,,,,,,,,,,,,
856,狩猎旗帜,150002,1592,1,[4],[21539],,,,,,1,0,3,3,1,800,0,12600,2,,302,1,,11323,2,,,,,,,,,,,,,,,,,,,,,,,
857,建筑旗帜,150004,1593,1,[4],[21539],,,,,,1,0,3,3,1,800,0,12600,2,,227,1,,11323,2,,,,,,,,,,,,,,,,,,,,,,,
858,农夫旗帜,1203,1594,1,[4],[21539],,,,,,1,0,3,3,0,800,0,150044,1,,,,,,,,,,,,,,,,,,,,,,,,,,,,,
859,樵夫旗帜,1204,1595,1,[4],[21539],,,,,,1,0,3,3,0,800,0,150006,1,,,,,,,,,,,,,,,,,,,,,,,,,,,,,
860,守卫旗帜,1205,1596,1,[4],[21539],,,,,,1,0,3,3,0,800,0,150045,1,,,,,,,,,,,,,,,,,,,,,,,,,,,,,
861,狩猎旗帜,150002,1597,1,[4],[21539],,,,,,1,0,3,3,0,800,0,150003,1,,,,,,,,,,,,,,,,,,,,,,,,,,,,,
862,建筑旗帜,150004,1598,1,[4],[21539],,,,,,1,0,3,3,0,800,0,150005,1,,,,,,,,,,,,,,,,,,,,,,,,,,,,,
863,冰晶喷菇孢子,11665,1599,[4],[3],[21529],,,,,,2,0,3,3,1,800,0,150009,1,,,,,,,,,,,,,,,,,,,,,,,,,,,,,
864,霜火石,11824,108,1,[3],[21528],[4],,,,,10,0,3,3,0,800,0,35,1,,,,,,,,,,,,,,,,,,,,,,,,,,,,0.1,1
865,细红杉木树枝,350,1188,1,[4],[21547],,,ThinPoplarTreeBranch,,ThinPoplarTreeBranch,4,0,3,3,0,800,0,203,1,,,,,,,,,,,,,,,,,,,,,,,,,,,,0.1,
866,木料,11323,1600,"[2,1]","[0,3]","[21502,21527]",,,,,,2,0,3,3,1,11000,0,200,1,,,,,,,,,,,,,,,,,,,,,,,,,,,,,
867,香蕉树苗,383,1600,[4],[3],[21529],,,,,,2,0,3,3,0,800,0,11599,1,,,,,,,,,,,,,,,,,,,,,,,,,,,,,
868,植物纤维,11226,1600,"[3,1]","[0,3]","[21502,21527]",,,,,,1,0,3,3,1,11000,0,11007,1,,,,,,,,,,,,,,,,,,,,,,,,,,,,,
869,星球岩三棱柱,170001,2057,1,[4],[888],,,,,,2,0,3,3,0,800,0,116,2,,,,,,,,,,,,,,,,,,,,,,,,,,,,,
870,竹板三棱柱,170002,2058,1,[4],[888],,,,,,2,0,3,3,1,800,0,251,2,,,,,,,,,,,,,,,,,,,,,,,,,,,,,
871,胭脂红三棱柱,170003,2059,1,[4],[888],,,,,,8,0,3,3,0,800,0,11323,4,,11502,1,,,,,,,,,,,,,,,,,,,,,,,,,,
872,水泥砖三棱柱,170004,2060,1,[4],[888],,,,,,2,0,3,3,0,800,0,11213,2,,,,,,,,,,,,,,,,,,,,,,,,,,,,,
873,硫黄砖三棱柱,170005,2061,1,[4],[888],,,,,,2,0,3,3,0,800,0,11214,2,,,,,,,,,,,,,,,,,,,,,,,,,,,,,
874,石质三棱柱,170006,2062,1,[4],[888],,,,,,1,0,3,3,0,800,0,11627,2,,,,,,,,,,,,,,,,,,,,,,,,,,,,,
875,精制石砖三棱柱,170007,2063,1,[4],[888],,,,,,2,0,3,3,0,800,0,501,1,,,,,,,,,,,,,,,,,,,,,,,,,,,,,
876,钛合金三棱柱,170008,2064,1,[4],[888],,,,,,2,0,3,3,0,800,0,11330,10,,,,,,,,,,,,,,,,,,,,,,,,,,,,,
877,黄铜三棱柱,170009,2065,1,[4],[888],,,,,,2,0,3,3,0,800,0,11329,10,,,,,,,,,,,,,,,,,,,,,,,,,,,,,
878,云母三棱柱,170010,2066,1,[4],[888],,,,,,2,0,3,3,0,800,0,11210,2,,,,,,,,,,,,,,,,,,,,,,,,,,,,,
879,秘银三棱柱,170011,2067,1,[4],[888],,,,,,2,0,3,3,0,800,0,11209,10,,,,,,,,,,,,,,,,,,,,,,,,,,,,,
880,炽炎三棱柱,170012,2068,1,[4],[888],,,,,,2,0,3,3,0,800,0,11207,10,,,,,,,,,,,,,,,,,,,,,,,,,,,,,
881,柠檬黄三棱柱,170013,2069,1,[4],[888],,,,,,8,0,3,3,0,800,0,11323,4,,11540,1,,,,,,,,,,,,,,,,,,,,,,,,,,
882,苍石灰三棱柱,170014,2070,1,[4],[888],,,,,,8,0,3,3,0,800,0,11323,4,,11507,1,,,,,,,,,,,,,,,,,,,,,,,,,,
883,深栗红三棱柱,170015,2071,1,[4],[888],,,,,,8,0,3,3,0,800,0,11323,4,,11512,1,,,,,,,,,,,,,,,,,,,,,,,,,,
884,落日橙三棱柱,170016,2072,1,[4],[888],,,,,,8,0,3,3,0,800,0,11323,4,,11536,1,,,,,,,,,,,,,,,,,,,,,,,,,,
885,海棠红三棱柱,170017,2073,1,[4],[888],,,,,,8,0,3,3,0,800,0,11323,4,,11506,1,,,,,,,,,,,,,,,,,,,,,,,,,,
886,象牙白三棱柱,170018,2074,1,[4],[888],,,,,,8,0,3,3,0,800,0,11323,4,,11500,1,,,,,,,,,,,,,,,,,,,,,,,,,,
887,秋叶橙三棱柱,170019,2075,1,[4],[888],,,,,,8,0,3,3,0,800,0,11323,4,,11537,1,,,,,,,,,,,,,,,,,,,,,,,,,,
888,三棱柱,170020,2076,[27],[4],[888],,,,,,2,0,3,3,0,800,0,11323,1,,,,,,,,,,,,,,,,,,,,,,,,,,,,,
889,黄砖三棱柱,170021,2077,1,[4],[888],,,,,,2,0,3,3,0,800,0,108,1,,,,,,,,,,,,,,,,,,,,,,,,,,,,,
890,锰块三棱柱,170022,2078,1,[4],[888],,,,,,2,0,3,3,0,800,0,12614,10,,,,,,,,,,,,,,,,,,,,,,,,,,,,,
891,浅苍灰三棱柱,170023,2079,1,[4],[888],,,,,,8,0,3,3,0,800,0,11323,4,,11508,1,,,,,,,,,,,,,,,,,,,,,,,,,,
892,软雪三棱柱,170024,2080,1,[4],[888],,,,,,2,0,3,3,0,800,0,160001,1,,,,,,,,,,,,,,,,,,,,,,,,,,,,,
893,厚雪三棱柱,170025,2081,1,[4],[888],,,,,,2,0,3,3,0,800,0,122,1,,,,,,,,,,,,,,,,,,,,,,,,,,,,,
894,自然冰三棱柱,170026,2082,1,[4],[888],,,,,,2,0,3,3,0,800,0,160002,1,,,,,,,,,,,,,,,,,,,,,,,,,,,,,
895,永冻冰三棱柱,170027,2083,1,[4],[888],,,,,,2,0,3,3,0,800,0,160002,1,,,,,,,,,,,,,,,,,,,,,,,,,,,,,
896,星球岩弧板,171001,2084,1,[4],[915],,,,,,2,0,3,3,0,800,0,116,2,,,,,,,,,,,,,,,,,,,,,,,,,,,,,
897,竹板弧板,171002,2085,1,[4],[915],,,,,,2,0,3,3,1,800,0,251,2,,,,,,,,,,,,,,,,,,,,,,,,,,,,,
898,胭脂红弧板,171003,2086,1,[4],[915],,,,,,8,0,3,3,0,800,0,11323,4,,11502,1,,,,,,,,,,,,,,,,,,,,,,,,,,
899,水泥砖弧板,171004,2087,1,[4],[915],,,,,,2,0,3,3,0,800,0,11213,2,,,,,,,,,,,,,,,,,,,,,,,,,,,,,
900,硫黄砖弧板,171005,2088,1,[4],[915],,,,,,2,0,3,3,0,800,0,11214,2,,,,,,,,,,,,,,,,,,,,,,,,,,,,,
901,石质弧板,171006,2089,1,[4],[915],,,,,,1,0,3,3,0,800,0,11627,2,,,,,,,,,,,,,,,,,,,,,,,,,,,,,
902,精制石砖弧板,171007,2090,1,[4],[915],,,,,,2,0,3,3,0,800,0,501,1,,,,,,,,,,,,,,,,,,,,,,,,,,,,,
903,钛合金弧板,171008,2091,1,[4],[915],,,,,,2,0,3,3,0,800,0,11330,10,,,,,,,,,,,,,,,,,,,,,,,,,,,,,
904,黄铜弧板,171009,2092,1,[4],[915],,,,,,2,0,3,3,0,800,0,11329,10,,,,,,,,,,,,,,,,,,,,,,,,,,,,,
905,云母弧板,171010,2093,1,[4],[915],,,,,,2,0,3,3,0,800,0,11210,2,,,,,,,,,,,,,,,,,,,,,,,,,,,,,
906,秘银弧板,171011,2094,1,[4],[915],,,,,,2,0,3,3,0,800,0,11209,10,,,,,,,,,,,,,,,,,,,,,,,,,,,,,
907,炽炎弧板,171012,2095,1,[4],[915],,,,,,2,0,3,3,0,800,0,11207,10,,,,,,,,,,,,,,,,,,,,,,,,,,,,,
908,柠檬黄弧板,171013,2096,1,[4],[915],,,,,,8,0,3,3,0,800,0,11323,4,,11540,1,,,,,,,,,,,,,,,,,,,,,,,,,,
909,苍石灰弧板,171014,2097,1,[4],[915],,,,,,8,0,3,3,0,800,0,11323,4,,11507,1,,,,,,,,,,,,,,,,,,,,,,,,,,
910,深栗红弧板,171015,2098,1,[4],[915],,,,,,8,0,3,3,0,800,0,11323,4,,11512,1,,,,,,,,,,,,,,,,,,,,,,,,,,
911,落日橙弧板,171016,2099,1,[4],[915],,,,,,8,0,3,3,0,800,0,11323,4,,11536,1,,,,,,,,,,,,,,,,,,,,,,,,,,
912,海棠红弧板,171017,2100,1,[4],[915],,,,,,8,0,3,3,0,800,0,11323,4,,11506,1,,,,,,,,,,,,,,,,,,,,,,,,,,
913,象牙白弧板,171018,2101,1,[4],[915],,,,,,8,0,3,3,0,800,0,11323,4,,11500,1,,,,,,,,,,,,,,,,,,,,,,,,,,
914,秋叶橙弧板,171019,2102,1,[4],[915],,,,,,8,0,3,3,0,800,0,11323,4,,11537,1,,,,,,,,,,,,,,,,,,,,,,,,,,
915,弧板,171020,2103,[24],[4],[915],,,,,,2,0,3,3,0,800,0,11323,1,,,,,,,,,,,,,,,,,,,,,,,,,,,,,
916,黄砖弧板,171021,2104,1,[4],[915],,,,,,2,0,3,3,0,800,0,108,1,,,,,,,,,,,,,,,,,,,,,,,,,,,,,
917,锰块弧板,171022,2105,1,[4],[915],,,,,,2,0,3,3,0,800,0,12614,10,,,,,,,,,,,,,,,,,,,,,,,,,,,,,
918,浅苍灰弧板,171023,2106,1,[4],[915],,,,,,8,0,3,3,0,800,0,11323,4,,11508,1,,,,,,,,,,,,,,,,,,,,,,,,,,
919,软雪斜板,171024,2107,1,[4],[709],,,,,,2,0,3,3,0,800,0,160001,1,,,,,,,,,,,,,,,,,,,,,,,,,,,,,
920,厚雪斜板,171025,2108,1,[4],[709],,,,,,2,0,3,3,0,800,0,122,1,,,,,,,,,,,,,,,,,,,,,,,,,,,,,
921,自然冰斜板,171026,2109,1,[4],[709],,,,,,2,0,3,3,0,800,0,160002,1,,,,,,,,,,,,,,,,,,,,,,,,,,,,,
922,永冻冰斜板,171027,2110,1,[4],[709],,,,,,2,0,3,3,0,800,0,160002,1,,,,,,,,,,,,,,,,,,,,,,,,,,,,,
923,星球岩薄弧板,172001,2111,1,[4],[942],,,,,,4,0,3,3,0,800,0,116,2,,,,,,,,,,,,,,,,,,,,,,,,,,,,,
924,竹板薄弧板,172002,2112,1,[4],[942],,,,,,4,0,3,3,0,800,0,251,2,,,,,,,,,,,,,,,,,,,,,,,,,,,,,
925,胭脂红薄弧板,172003,2113,1,[4],[942],,,,,,16,0,3,3,0,800,0,11323,4,,11502,1,,,,,,,,,,,,,,,,,,,,,,,,,,
926,水泥砖薄弧板,172004,2114,1,[4],[942],,,,,,4,0,3,3,0,800,0,11213,2,,,,,,,,,,,,,,,,,,,,,,,,,,,,,
927,硫黄砖薄弧板,172005,2115,1,[4],[942],,,,,,4,0,3,3,0,800,0,11214,2,,,,,,,,,,,,,,,,,,,,,,,,,,,,,
928,石质薄弧板,172006,2116,1,[4],[942],,,,,,1,0,3,3,0,800,0,11627,1,,,,,,,,,,,,,,,,,,,,,,,,,,,,,
929,精制石砖薄弧板,172007,2117,1,[4],[942],,,,,,4,0,3,3,0,800,0,501,1,,,,,,,,,,,,,,,,,,,,,,,,,,,,,
930,钛合金薄弧板,172008,2118,1,[4],[942],,,,,,4,0,3,3,0,800,0,11330,10,,,,,,,,,,,,,,,,,,,,,,,,,,,,,
931,黄铜薄弧板,172009,2119,1,[4],[942],,,,,,4,0,3,3,0,800,0,11329,10,,,,,,,,,,,,,,,,,,,,,,,,,,,,,
932,云母薄弧板,172010,2120,1,[4],[942],,,,,,4,0,3,3,0,800,0,11210,2,,,,,,,,,,,,,,,,,,,,,,,,,,,,,
933,秘银薄弧板,172011,2121,1,[4],[942],,,,,,4,0,3,3,0,800,0,11209,10,,,,,,,,,,,,,,,,,,,,,,,,,,,,,
934,炽炎薄弧板,172012,2122,1,[4],[942],,,,,,4,0,3,3,0,800,0,11207,10,,,,,,,,,,,,,,,,,,,,,,,,,,,,,
935,柠檬黄薄弧板,172013,2123,1,[4],[942],,,,,,16,0,3,3,0,800,0,11323,4,,11540,1,,,,,,,,,,,,,,,,,,,,,,,,,,
936,苍石灰薄弧板,172014,2124,1,[4],[942],,,,,,16,0,3,3,0,800,0,11323,4,,11507,1,,,,,,,,,,,,,,,,,,,,,,,,,,
937,深栗红薄弧板,172015,2125,1,[4],[942],,,,,,16,0,3,3,0,800,0,11323,4,,11512,1,,,,,,,,,,,,,,,,,,,,,,,,,,
938,落日橙薄弧板,172016,2126,1,[4],[942],,,,,,16,0,3,3,0,800,0,11323,4,,11536,1,,,,,,,,,,,,,,,,,,,,,,,,,,
939,海棠红薄弧板,172017,2127,1,[4],[942],,,,,,16,0,3,3,0,800,0,11323,4,,11506,1,,,,,,,,,,,,,,,,,,,,,,,,,,
940,象牙白薄弧板,172018,2128,1,[4],[942],,,,,,16,0,3,3,0,800,0,11323,4,,11500,1,,,,,,,,,,,,,,,,,,,,,,,,,,
941,秋叶橙薄弧板,172019,2129,1,[4],[942],,,,,,16,0,3,3,0,800,0,11323,4,,11537,1,,,,,,,,,,,,,,,,,,,,,,,,,,
942,薄弧板,172020,2130,[25],[4],[942],,,,,,4,0,3,3,0,800,0,11323,1,,,,,,,,,,,,,,,,,,,,,,,,,,,,,
943,黄砖薄弧板,172021,2131,1,[4],[942],,,,,,4,0,3,3,0,800,0,108,1,,,,,,,,,,,,,,,,,,,,,,,,,,,,,
944,锰块薄弧板,172022,2132,1,[4],[942],,,,,,4,0,3,3,0,800,0,12614,10,,,,,,,,,,,,,,,,,,,,,,,,,,,,,
945,浅苍灰薄弧板,172023,2133,1,[4],[942],,,,,,16,0,3,3,0,800,0,11323,4,,11508,1,,,,,,,,,,,,,,,,,,,,,,,,,,
946,软雪薄弧板,172024,2134,1,[4],[942],,,,,,4,0,3,3,0,800,0,160001,1,,,,,,,,,,,,,,,,,,,,,,,,,,,,,
947,厚雪薄弧板,172025,2135,1,[4],[942],,,,,,4,0,3,3,0,800,0,122,1,,,,,,,,,,,,,,,,,,,,,,,,,,,,,
948,自然冰薄弧板,172026,2136,1,[4],[942],,,,,,4,0,3,3,0,800,0,123,1,,,,,,,,,,,,,,,,,,,,,,,,,,,,,
949,永冻冰薄弧板,172027,2137,1,[4],[942],,,,,,4,0,3,3,0,800,0,160002,1,,,,,,,,,,,,,,,,,,,,,,,,,,,,,
950,星球岩竖薄弧板,174001,2138,1,[4],[969],,,,,,4,0,3,3,0,800,0,116,2,,,,,,,,,,,,,,,,,,,,,,,,,,,,,
951,竹板竖薄弧板,174002,2139,1,[4],[969],,,,,,4,0,3,3,0,800,0,251,2,,,,,,,,,,,,,,,,,,,,,,,,,,,,,
952,胭脂红竖薄弧板,174003,2140,1,[4],[969],,,,,,16,0,3,3,0,800,0,11323,4,,11502,1,,,,,,,,,,,,,,,,,,,,,,,,,,
953,水泥砖竖薄弧板,174004,2141,1,[4],[969],,,,,,4,0,3,3,0,800,0,11213,2,,,,,,,,,,,,,,,,,,,,,,,,,,,,,
954,硫黄砖竖薄弧板,174005,2142,1,[4],[969],,,,,,4,0,3,3,0,800,0,11214,2,,,,,,,,,,,,,,,,,,,,,,,,,,,,,
955,石质竖薄弧板,174006,2143,1,[4],[969],,,,,,1,0,3,3,0,800,0,11627,1,,,,,,,,,,,,,,,,,,,,,,,,,,,,,
956,精制石砖竖薄弧板,174007,2144,1,[4],[969],,,,,,4,0,3,3,0,800,0,501,1,,,,,,,,,,,,,,,,,,,,,,,,,,,,,
957,钛合金竖薄弧板,174008,2145,1,[4],[969],,,,,,4,0,3,3,0,800,0,11330,10,,,,,,,,,,,,,,,,,,,,,,,,,,,,,
958,黄铜竖薄弧板,174009,2146,1,[4],[969],,,,,,4,0,3,3,0,800,0,11329,10,,,,,,,,,,,,,,,,,,,,,,,,,,,,,
959,云母竖薄弧板,174010,2147,1,[4],[969],,,,,,4,0,3,3,0,800,0,11210,2,,,,,,,,,,,,,,,,,,,,,,,,,,,,,
960,秘银竖薄弧板,174011,2148,1,[4],[969],,,,,,4,0,3,3,0,800,0,11209,10,,,,,,,,,,,,,,,,,,,,,,,,,,,,,
961,炽炎竖薄弧板,174012,2149,1,[4],[969],,,,,,4,0,3,3,0,800,0,11207,10,,,,,,,,,,,,,,,,,,,,,,,,,,,,,
962,柠檬黄竖薄弧板,174013,2150,1,[4],[969],,,,,,16,0,3,3,0,800,0,11323,4,,11540,1,,,,,,,,,,,,,,,,,,,,,,,,,,
963,苍石灰竖薄弧板,174014,2151,1,[4],[969],,,,,,16,0,3,3,0,800,0,11323,4,,11507,1,,,,,,,,,,,,,,,,,,,,,,,,,,
964,深栗红竖薄弧板,174015,2152,1,[4],[969],,,,,,16,0,3,3,0,800,0,11323,4,,11512,1,,,,,,,,,,,,,,,,,,,,,,,,,,
965,落日橙竖薄弧板,174016,2153,1,[4],[969],,,,,,16,0,3,3,0,800,0,11323,4,,11536,1,,,,,,,,,,,,,,,,,,,,,,,,,,
966,海棠红竖薄弧板,174017,2154,1,[4],[969],,,,,,16,0,3,3,0,800,0,11323,4,,11506,1,,,,,,,,,,,,,,,,,,,,,,,,,,
967,象牙白竖薄弧板,174018,2155,1,[4],[969],,,,,,16,0,3,3,0,800,0,11323,4,,11500,1,,,,,,,,,,,,,,,,,,,,,,,,,,
968,秋叶橙竖薄弧板,174019,2156,1,[4],[969],,,,,,16,0,3,3,0,800,0,11323,4,,11537,1,,,,,,,,,,,,,,,,,,,,,,,,,,
969,竖薄弧板,174020,2157,[26],[4],[969],,,,,,4,0,3,3,0,800,0,11323,1,,,,,,,,,,,,,,,,,,,,,,,,,,,,,
970,黄砖竖薄弧板,174021,2158,1,[4],[969],,,,,,4,0,3,3,0,800,0,108,1,,,,,,,,,,,,,,,,,,,,,,,,,,,,,
971,锰块竖薄弧板,174022,2159,1,[4],[969],,,,,,4,0,3,3,0,800,0,12614,10,,,,,,,,,,,,,,,,,,,,,,,,,,,,,
972,浅苍灰竖薄弧板,174023,2160,1,[4],[969],,,,,,16,0,3,3,0,800,0,11323,4,,11508,1,,,,,,,,,,,,,,,,,,,,,,,,,,
973,软雪竖薄弧板,174024,2161,1,[4],[969],,,,,,4,0,3,3,0,800,0,160001,1,,,,,,,,,,,,,,,,,,,,,,,,,,,,,
974,厚雪竖薄弧板,174025,2162,1,[4],[969],,,,,,4,0,3,3,0,800,0,122,1,,,,,,,,,,,,,,,,,,,,,,,,,,,,,
975,自然冰竖薄弧板,174026,2163,1,[4],[969],,,,,,4,0,3,3,0,800,0,123,1,,,,,,,,,,,,,,,,,,,,,,,,,,,,,
976,永冻冰竖薄弧板,174027,2164,1,[4],[969],,,,,,4,0,3,3,0,800,0,160002,1,,,,,,,,,,,,,,,,,,,,,,,,,,,,,
977,星球岩棱锥,176001,2165,1,[4],[996],,,,,,2,0,3,3,0,800,0,116,2,,,,,,,,,,,,,,,,,,,,,,,,,,,,,
978,竹板棱锥,176002,2166,1,[4],[996],,,,,,2,0,3,3,1,800,0,251,2,,,,,,,,,,,,,,,,,,,,,,,,,,,,,
979,胭脂红棱锥,176003,2167,1,[4],[996],,,,,,8,0,3,3,0,800,0,11323,4,,11502,1,,,,,,,,,,,,,,,,,,,,,,,,,,
980,水泥砖棱锥,176004,2168,1,[4],[996],,,,,,2,0,3,3,0,800,0,11213,2,,,,,,,,,,,,,,,,,,,,,,,,,,,,,
981,硫黄砖棱锥,176005,2169,1,[4],[996],,,,,,2,0,3,3,0,800,0,11214,2,,,,,,,,,,,,,,,,,,,,,,,,,,,,,
982,石质棱锥,176006,2170,1,[4],[996],,,,,,1,0,3,3,0,800,0,11627,2,,,,,,,,,,,,,,,,,,,,,,,,,,,,,
983,精制石砖棱锥,176007,2171,1,[4],[996],,,,,,2,0,3,3,0,800,0,501,1,,,,,,,,,,,,,,,,,,,,,,,,,,,,,
984,钛合金棱锥,176008,2172,1,[4],[996],,,,,,2,0,3,3,0,800,0,11330,10,,,,,,,,,,,,,,,,,,,,,,,,,,,,,
985,黄铜棱锥,176009,2173,1,[4],[996],,,,,,2,0,3,3,0,800,0,11329,10,,,,,,,,,,,,,,,,,,,,,,,,,,,,,
986,云母棱锥,176010,2174,1,[4],[996],,,,,,2,0,3,3,0,800,0,11210,2,,,,,,,,,,,,,,,,,,,,,,,,,,,,,
987,秘银棱锥,176011,2175,1,[4],[996],,,,,,2,0,3,3,0,800,0,11209,10,,,,,,,,,,,,,,,,,,,,,,,,,,,,,
988,炽炎棱锥,176012,2176,1,[4],[996],,,,,,2,0,3,3,0,800,0,11207,10,,,,,,,,,,,,,,,,,,,,,,,,,,,,,
989,柠檬黄棱锥,176013,2177,1,[4],[996],,,,,,8,0,3,3,0,800,0,11323,4,,11540,1,,,,,,,,,,,,,,,,,,,,,,,,,,
990,苍石灰棱锥,176014,2178,1,[4],[996],,,,,,8,0,3,3,0,800,0,11323,4,,11507,1,,,,,,,,,,,,,,,,,,,,,,,,,,
991,深栗红棱锥,176015,2179,1,[4],[996],,,,,,8,0,3,3,0,800,0,11323,4,,11512,1,,,,,,,,,,,,,,,,,,,,,,,,,,
992,落日橙棱锥,176016,2180,1,[4],[996],,,,,,8,0,3,3,0,800,0,11323,4,,11536,1,,,,,,,,,,,,,,,,,,,,,,,,,,
993,海棠红棱锥,176017,2181,1,[4],[996],,,,,,8,0,3,3,0,800,0,11323,4,,11506,1,,,,,,,,,,,,,,,,,,,,,,,,,,
994,象牙白棱锥,176018,2182,1,[4],[996],,,,,,8,0,3,3,0,800,0,11323,4,,11500,1,,,,,,,,,,,,,,,,,,,,,,,,,,
995,秋叶橙棱锥,176019,2183,1,[4],[996],,,,,,8,0,3,3,0,800,0,11323,4,,11537,1,,,,,,,,,,,,,,,,,,,,,,,,,,
996,棱锥,176020,2184,[22],[4],[996],,,,,,2,0,3,3,0,800,0,11323,1,,,,,,,,,,,,,,,,,,,,,,,,,,,,,
997,黄砖棱锥,176021,2185,1,[4],[996],,,,,,2,0,3,3,0,800,0,108,1,,,,,,,,,,,,,,,,,,,,,,,,,,,,,
998,锰块棱锥,176022,2186,1,[4],[996],,,,,,2,0,3,3,0,800,0,12614,10,,,,,,,,,,,,,,,,,,,,,,,,,,,,,
999,浅苍灰棱锥,176023,2187,1,[4],[996],,,,,,8,0,3,3,0,800,0,11323,4,,11508,1,,,,,,,,,,,,,,,,,,,,,,,,,,
1000,配方模版,,,1,[0],,,,,,,1,0,3,3,0,800,100,,1,,,,,,,,,,,,,,,,,,,,,,,,,,,,,
20000,1000-20000插件分配id,,,1,,,,,,,,,,,,,,,,,,,,,,,,,,,,,,,,,,,,,,,,,,,,,
20001,中式椅子,1811,1713,1,[4],[256],,,,,,1,0,3,3,1,800,0,11323,5,,,,,,,,,,,,,,,,,,,,,,,,,,,,,
20002,中式桌子,1812,1714,1,[4],[257],,,,,,1,0,3,3,1,800,0,11323,5,,,,,,,,,,,,,,,,,,,,,,,,,,,,,
20003,中式木椅,1813,1715,1,[4],[256],,,,1,,1,0,3,3,1,800,0,11323,4,,11309,1,,,,,,,,,,,,,,,,,,,,,,,,,,
20004,中式火炉,1814,0,[8],"[2,4]","[14,21544]",,,,1,,1,0,3,3,0,800,0,11323,3,,501,8,,,,,,,,,,,,,,,,,,,,,,,,,,
20005,中式柜子,1815,1732,1,[4],[21534],,,,1,,1,0,3,3,0,800,0,11323,7,,,,,,,,,,,,,,,,,,,,,,,,,,,,,
20006,凯蒂猫餐桌,1816,1733,1,[4],[257],3,,,1,,1,0,3,3,0,800,0,11323,5,,,,,,,,,,,,,,,,,,,,,,,,,,,,,
20007,凯蒂猫沙发,1817,1734,1,[4],[256],3,,,1,,1,0,3,3,0,800,0,11323,5,,11309,1,,,,,,,,,,,,,,,,,,,,,,,,,,
20008,凯蒂猫公主床,1818,1735,1,[4],[21532],3,,,1,,1,0,3,3,0,800,0,11514,3,,11323,3,,11307,3,,,,,,,,,,,,,,,,,,,,,,,
20009,凯蒂猫衣柜,1819,1736,1,[4],[21554],3,,,1,,1,0,3,3,0,800,0,11323,8,,,,,,,,,,,,,,,,,,,,,,,,,,,,,
20010,凯蒂猫公主椅,1820,1736,1,[4],[256],3,,,1,,1,0,3,3,0,800,0,11323,5,,,,,,,,,,,,,,,,,,,,,,,,,,,,,
20011,凯蒂猫留言牌,1821,1737,1,[4],[21545],3,,,1,,1,0,3,3,0,800,0,11323,1,,505,6,,,,,,,,,,,,,,,,,,,,,,,,,,
20012,凯蒂猫字牌,1822,1738,1,[4],[21545],3,,,1,,1,0,3,3,0,800,0,11323,4,,,,,,,,,,,,,,,,,,,,,,,,,,,,,
20013,凯蒂猫围栏,1823,1739,1,[4],[21534],3,,,1,,1,0,3,3,0,800,0,11323,3,,11500,1,,,,,,,,,,,,,,,,,,,,,,,,,,
20014,凯蒂猫方块,1824,1740,[20],[4],[21544],3,,,1,,1,0,3,3,0,800,0,11323,4,,,,,,,,,,,,,,,,,,,,,,,,,,,,,
20015,大耳狗餐桌,1825,1741,1,[4],[257],3,,,1,,1,0,3,3,0,800,0,11323,5,,,,,,,,,,,,,,,,,,,,,,,,,,,,,
20016,大耳狗沙发,1826,1742,1,[4],[256],3,,,1,,1,0,3,3,0,800,0,11323,4,,11309,1,,,,,,,,,,,,,,,,,,,,,,,,,,
20017,大耳狗星愿床,1827,1743,1,[4],[21532],3,,,1,,1,0,3,3,0,800,0,11503,3,,11323,3,,11307,3,,,,,,,,,,,,,,,,,,,,,,,
20018,大耳狗衣柜,1828,1744,1,[4],[21554],3,,,1,,1,0,3,3,0,800,0,11323,8,,,,,,,,,,,,,,,,,,,,,,,,,,,,,
20019,大耳狗椅子,1829,1746,1,[4],[256],3,,,1,,1,0,3,3,0,800,0,11323,5,,,,,,,,,,,,,,,,,,,,,,,,,,,,,
20020,大耳狗留言牌,1830,1747,1,[4],[21545],3,,,1,,1,0,3,3,0,800,0,11323,5,,505,6,,,,,,,,,,,,,,,,,,,,,,,,,,
20021,大耳狗字牌,1831,1748,1,[4],[21545],3,,,1,,1,0,3,3,0,800,0,11323,4,,,,,,,,,,,,,,,,,,,,,,,,,,,,,
20022,大耳狗围栏,1832,1749,1,[4],[21534],3,,,1,,1,0,3,3,0,800,0,11323,3,,11500,1,,,,,,,,,,,,,,,,,,,,,,,,,,
20023,大耳狗方块,1833,1750,[20],[4],[21544],3,,,1,,1,0,3,3,0,800,0,11323,4,,,,,,,,,,,,,,,,,,,,,,,,,,,,,
20024,凯蒂猫门,1834,1751,1,[4],[21534],3,,,1,,1,0,3,3,0,800,0,11323,6,,,,,,,,,,,,,,,,,,,,,,,,,,,,,
20025,酷洛米餐桌,1835,1752,1,[4],[257],3,,,1,,1,0,3,3,0,800,0,11323,3,,,,,,,,,,,,,,,,,,,,,,,,,,,,,
20026,酷洛米沙发,1836,1753,1,[4],[256],3,,,1,,1,0,3,3,0,800,0,11323,4,,11309,1,,,,,,,,,,,,,,,,,,,,,,,,,,
20027,酷洛米公主床,1837,1754,1,[4],[21532],3,,,1,,1,0,3,3,0,800,0,11503,3,,11323,3,,11307,3,,,,,,,,,,,,,,,,,,,,,,,
20028,酷洛米衣柜,1838,1745,1,[4],[21554],3,,,1,,1,0,3,3,0,800,0,11323,8,,,,,,,,,,,,,,,,,,,,,,,,,,,,,
20029,酷洛米公主椅,1839,1755,1,[4],[256],3,,,1,,1,0,3,3,0,800,0,11323,5,,,,,,,,,,,,,,,,,,,,,,,,,,,,,
20030,酷洛米留言牌,1840,1756,1,[4],[21545],3,,,1,,1,0,3,3,0,800,0,11323,1,,505,6,,,,,,,,,,,,,,,,,,,,,,,,,,
20031,酷洛米字牌,1841,1757,1,[4],[21545],3,,,1,,1,0,3,3,0,800,0,11323,4,,,,,,,,,,,,,,,,,,,,,,,,,,,,,
20032,酷洛米围栏,1842,1758,1,[4],[21534],3,,,1,,1,0,3,3,0,800,0,11323,3,,11510,1,,,,,,,,,,,,,,,,,,,,,,,,,,
20033,酷洛米方块,1843,1759,[20],[4],[21544],3,,,1,,1,0,3,3,0,800,0,11323,4,,,,,,,,,,,,,,,,,,,,,,,,,,,,,
20034,美乐蒂餐桌,1844,1760,1,[4],[257],3,,,1,,1,0,3,3,0,800,0,11323,5,,,,,,,,,,,,,,,,,,,,,,,,,,,,,
20035,美乐蒂沙发,1845,1761,1,[4],[256],3,,,1,,1,0,3,3,0,800,0,11323,4,,11309,1,,,,,,,,,,,,,,,,,,,,,,,,,,
20036,美乐蒂公主床,1846,1762,1,[4],[21532],3,,,1,,1,0,3,3,0,800,0,11503,3,,11307,3,,11323,3,,,,,,,,,,,,,,,,,,,,,,,
20037,美乐蒂衣柜,1847,1763,1,[4],[21554],3,,,1,,1,0,3,3,0,800,0,11323,8,,,,,,,,,,,,,,,,,,,,,,,,,,,,,
20038,美乐蒂公主椅,1848,1764,1,[4],[256],3,,,1,,1,0,3,3,0,800,0,11323,5,,,,,,,,,,,,,,,,,,,,,,,,,,,,,
20039,美乐蒂留言牌,1849,1765,1,[4],[21545],3,,,1,,1,0,3,3,0,800,0,11323,5,,505,6,,,,,,,,,,,,,,,,,,,,,,,,,,
20040,美乐蒂字牌,1850,1766,1,[4],[21545],3,,,1,,1,0,3,3,0,800,0,11323,4,,,,,,,,,,,,,,,,,,,,,,,,,,,,,
20041,美乐蒂围栏,1851,1767,1,[4],[21534],3,,,1,,1,0,3,3,0,800,0,11323,4,,11514,1,,,,,,,,,,,,,,,,,,,,,,,,,,
20042,美乐蒂方块,1852,1768,[20],[4],[21544],3,,,1,,1,0,3,3,0,800,0,11323,4,,,,,,,,,,,,,,,,,,,,,,,,,,,,,
20043,美乐蒂门,1853,1769,1,[4],[21534],3,,,1,,1,0,3,3,0,800,0,11323,6,,,,,,,,,,,,,,,,,,,,,,,,,,,,,
20044,大眼蛙方块,1854,1770,[20],[4],[21544],3,,,1,,1,0,3,3,0,800,0,11323,4,,,,,,,,,,,,,,,,,,,,,,,,,,,,,
20045,大眼蛙字牌,1855,1771,1,[4],[21545],3,,,1,,1,0,3,3,0,800,0,11323,4,,,,,,,,,,,,,,,,,,,,,,,,,,,,,
20046,大眼蛙留言牌,1856,1772,1,[4],[21545],3,,,1,,1,0,3,3,0,800,0,505,6,,11323,2,,,,,,,,,,,,,,,,,,,,,,,,,,
20047,大眼蛙围栏,1857,1773,1,[4],[21534],3,,,1,,1,0,3,3,0,800,0,11323,3,,11513,1,,,,,,,,,,,,,,,,,,,,,,,,,,
20048,大眼蛙桌子,1858,1774,1,[4],[257],3,,,1,,1,0,3,3,0,800,0,11323,5,,,,,,,,,,,,,,,,,,,,,,,,,,,,,
20049,大眼蛙椅子,1859,1775,1,[4],[256],3,,,1,,1,0,3,3,0,800,0,11323,5,,,,,,,,,,,,,,,,,,,,,,,,,,,,,
20050,大眼蛙沙发,1860,1776,1,[4],[256],3,,,1,,1,0,3,3,0,800,0,11323,4,,11309,1,,,,,,,,,,,,,,,,,,,,,,,,,,
20051,大眼蛙衣柜,1861,1777,1,[4],[21554],3,,,1,,1,0,3,3,0,800,0,11323,8,,,,,,,,,,,,,,,,,,,,,,,,,,,,,
20052,大眼蛙床,1862,1778,1,[4],[21532],3,,,1,,1,0,3,3,0,800,0,11513,3,,11307,3,,11323,3,,,,,,,,,,,,,,,,,,,,,,,
20053,布丁狗衣柜,1863,1779,1,[4],[21554],3,,,1,,1,0,3,3,0,800,0,11323,8,,,,,,,,,,,,,,,,,,,,,,,,,,,,,
20054,布丁狗床,1864,1780,1,[4],[21532],3,,,1,,1,0,3,3,0,800,0,11504,3,,11307,3,,11323,3,,,,,,,,,,,,,,,,,,,,,,,
20055,布丁狗沙发,1865,1781,1,[4],[256],3,,,1,,1,0,3,3,0,800,0,11323,4,,11309,1,,,,,,,,,,,,,,,,,,,,,,,,,,
20056,布丁狗桌子,1866,1782,1,[4],[257],3,,,1,,1,0,3,3,0,800,0,11323,5,,,,,,,,,,,,,,,,,,,,,,,,,,,,,
20057,布丁狗椅子,1867,1783,1,[4],[256],3,,,1,,1,0,3,3,0,800,0,11323,5,,,,,,,,,,,,,,,,,,,,,,,,,,,,,
20058,布丁狗门,1868,1784,1,[4],[21534],3,,,1,,1,0,3,3,0,800,0,11323,6,,,,,,,,,,,,,,,,,,,,,,,,,,,,,
20059,布丁狗围栏,1869,1785,1,[4],[21534],3,,,1,,1,0,3,3,0,800,0,11323,3,,11504,1,,,,,,,,,,,,,,,,,,,,,,,,,,
20060,布丁狗字牌,1870,1786,1,[4],[21545],3,,,1,,1,0,3,3,0,800,0,11323,4,,,,,,,,,,,,,,,,,,,,,,,,,,,,,
20061,布丁狗留言牌,1871,1787,1,[4],[21545],3,,,1,,1,0,3,3,0,800,0,505,6,,11323,1,,,,,,,,,,,,,,,,,,,,,,,,,,
20062,布丁狗方块,1872,1788,[20],[4],[21544],3,,,1,,1,0,3,3,0,800,0,11323,4,,,,,,,,,,,,,,,,,,,,,,,,,,,,,
20063,双子星衣柜,1874,1789,1,[4],[21554],3,,,1,,1,0,3,3,0,800,0,11323,8,,,,,,,,,,,,,,,,,,,,,,,,,,,,,
20064,双子星床,1875,1790,1,[4],[21532],3,,,1,,1,0,3,3,0,800,0,11503,3,,11307,3,,11323,3,,,,,,,,,,,,,,,,,,,,,,,
20065,双子星沙发,1876,1791,1,[4],[256],3,,,1,,1,0,3,3,0,800,0,11323,4,,11309,1,,,,,,,,,,,,,,,,,,,,,,,,,,
20066,双子星桌子,1877,1792,1,[4],[257],3,,,1,,1,0,3,3,0,800,0,11323,5,,,,,,,,,,,,,,,,,,,,,,,,,,,,,
20067,双子星椅子,1878,1793,1,[4],[256],3,,,1,,1,0,3,3,0,800,0,11323,5,,,,,,,,,,,,,,,,,,,,,,,,,,,,,
20068,双子星门,1879,1794,1,[4],[21534],3,,,1,,1,0,3,3,0,800,0,11323,4,,,,,,,,,,,,,,,,,,,,,,,,,,,,,
20069,双子星围栏,1880,1795,1,[4],[21534],3,,,1,,1,0,3,3,0,800,0,11323,3,,11510,1,,,,,,,,,,,,,,,,,,,,,,,,,,
20070,双子星字牌,1881,1796,1,[4],[21545],3,,,1,,1,0,3,3,0,800,0,11323,4,,,,,,,,,,,,,,,,,,,,,,,,,,,,,
20071,双子星留言牌,1882,1797,1,[4],[21545],3,,,1,,1,0,3,3,0,800,0,505,6,,11323,1,,,,,,,,,,,,,,,,,,,,,,,,,,
20072,双子星方块,1883,1798,[20],[4],[21544],3,,,1,,1,0,3,3,0,800,0,11323,4,,,,,,,,,,,,,,,,,,,,,,,,,,,,,
20999,20001-20999为商业化预留,,,1,,,,,,,,,,,,,,,,,,,,,,,,,,,,,,,,,,,,,,,,,,,,,
21000,软雪棱锥,176024,2188,1,[4],[996],,,,,,2,0,3,3,0,800,0,160001,1,,,,,,,,,,,,,,,,,,,,,,,,,,,,,
21001,厚雪棱锥,176025,2189,1,[4],[996],,,,,,2,0,3,3,0,800,0,122,1,,,,,,,,,,,,,,,,,,,,,,,,,,,,,
21002,自然冰棱锥,176026,2190,1,[4],[996],,,,,,2,0,3,3,0,800,0,160002,1,,,,,,,,,,,,,,,,,,,,,,,,,,,,,
21003,永冻冰棱锥,176027,2191,1,[4],[996],,,,,,2,0,3,3,0,800,0,160002,1,,,,,,,,,,,,,,,,,,,,,,,,,,,,,
21004,石剑,12012,1104,"[1,1]","[0,1]","[21501,21512]","[1,2]",,StoneSword,,StoneSword,1,0,3,3,1,11000,0,11627,3,,11323,2,,,,,,,,,,,,,,,,,,,,,,,,,0.1,
21005,木盾,12317,1101,"[1,1]","[0,1]","[21501,21515]","[1,2]",,WoodenShield,,WoodenShield,1,0,3,3,1,11000,0,11323,4,,,,,,,,,,,,,,,,,,,,,,,,,,,,0.1,
21006,黄铜盾,12318,1101,[2],[1],[21515],"[1,2]",,BrassShield,,BrassShield,1,0,3,3,1,800,0,11329,4,,,,,,,,,,,,,,,,,,,,,,,,,,,,,
21007,钛金盾,12319,1101,[3],[1],[21515],"[1,2]",,TitaniumShield,,TitaniumShield,1,0,3,3,1,800,0,11330,4,,,,,,,,,,,,,,,,,,,,,,,,,,,,,
21008,能量矛,12013,1105,[4],[1],[21513],"[1,2]",,EnergySpear,,EnergySpear,1,0,3,3,1,800,0,11203,5,,11332,1,,11911,2,,,,,,,,,,,,,,,,,,,,,,0.1,
21009,石料,11627,101,1,[3],[21527],,,,,,4,0,3,3,0,11000,0,116,1,,,,,,,,,,,,,,,,,,,,,,,,,,,,0.1,
21010,小份水果拼盘,150101,1,1,"[7,8]",,,,,,,1,0,3,3,1,794,100,12506,1,,,,,,,,,,,,,,,,,,,,,,,,,,,,,
21011,小份炒蔬菜,150102,1,1,"[7,8]",,,,,,,1,0,3,3,1,794,100,12621,1,,,,,,,,,,,,,,,,,,,,,,,,,,,,,
21012,小份煎肉排,150103,1,1,"[7,8]",,,,,,,1,0,3,3,1,794,100,12513,1,,,,,,,,,,,,,,,,,,,,,,,,,,,,,
21013,小份煎鱼,150104,1,1,"[7,8]",,,,,,,1,0,3,3,1,794,100,12496,1,,,,,,,,,,,,,,,,,,,,,,,,,,,,,
21014,小份蒸玉米,150105,1,1,"[7,8]",,,,,,,1,0,3,3,0,794,100,229,1,,,,,,,,,,,,,,,,,,,,,,,,,,,,,
21015,小份蒸番薯,150106,1,1,"[7,8]",,,,,,,1,0,3,3,0,794,100,241,1,,,,,,,,,,,,,,,,,,,,,,,,,,,,,
21016,小份一碗饭,150107,1,1,"[7,8]",,,,,,,1,0,3,3,0,794,100,234,1,,,,,,,,,,,,,,,,,,,,,,,,,,,,,
21019,煎肉排,150110,1,1,"[7,8]",,,,,,,1,0,3,3,1,794,100,12513,1,,12513,1,,,,,,,,,,,,,,,,,,,,,,,,,,
21020,鲜肉沙拉,150111,1,1,"[7,8]",,,,,,,1,0,3,3,1,794,100,12513,1,,12506,1,,,,,,,,,,,,,,,,,,,,,,,,,,
21021,蔬菜炒肉,150112,1,1,"[7,8]",,,,,,,1,0,3,3,1,794,100,12513,1,,12621,1,,,,,,,,,,,,,,,,,,,,,,,,,,
21022,海陆大餐,150113,1,1,"[7,8]",,,,,,,1,0,3,3,1,794,100,12513,1,,12496,1,,,,,,,,,,,,,,,,,,,,,,,,,,
21023,鲜肉炒饭,150114,1,1,"[7,8]",,,,,,,1,0,3,3,1,794,100,12513,1,,234,1,,,,,,,,,,,,,,,,,,,,,,,,,,
21024,水果拼盘,12501,1,1,"[7,8]",,,,FreshFruitPlatter,,FreshFruitPlatter,1,0,3,3,1,794,100,12506,1,,12506,1,,,,,,,,,,,,,,,,,,,,,,,,,,
21025,果蔬沙拉,150115,1,1,"[7,8]",,,,,,,1,0,3,3,1,794,100,12506,1,,12621,1,,,,,,,,,,,,,,,,,,,,,,,,,,
21026,海鲜沙拉,150116,1,1,"[7,8]",,,,,,,1,0,3,3,1,794,100,12506,1,,12496,1,,,,,,,,,,,,,,,,,,,,,,,,,,
21027,水果饭团,150117,1,1,"[7,8]",,,,,,,1,0,3,3,1,794,100,12506,1,,234,1,,,,,,,,,,,,,,,,,,,,,,,,,,
21028,炒蔬菜,150118,1,1,"[7,8]",,,,,,,1,0,3,3,1,794,100,12621,1,,12621,1,,,,,,,,,,,,,,,,,,,,,,,,,,
21029,蔬菜炒海鲜,150119,1,1,"[7,8]",,,,,,,1,0,3,3,1,794,100,12621,1,,12496,1,,,,,,,,,,,,,,,,,,,,,,,,,,
21030,蔬菜饭团,150120,1,1,"[7,8]",,,,,,,1,0,3,3,1,794,100,12621,1,,234,1,,,,,,,,,,,,,,,,,,,,,,,,,,
21031,煎鱼,150121,1,1,"[7,8]",,,,,,,1,0,3,3,1,794,100,12496,1,,12496,1,,,,,,,,,,,,,,,,,,,,,,,,,,
21032,海鲜炒饭,150122,1,1,"[7,8]",,,,,,,1,0,3,3,1,794,100,12496,1,,234,1,,,,,,,,,,,,,,,,,,,,,,,,,,
21033,一碗饭,12529,1,1,"[7,8]",,,,CookedRice,,CookedRice,1,0,3,3,0,794,200,234,1,,234,1,,,,,,,,,,,,,,,,,,,,,,,,,,
21034,蒸玉米,150123,1,1,"[7,8]",,,,,,,1,0,3,3,0,794,100,229,1,,229,1,,,,,,,,,,,,,,,,,,,,,,,,,,
21035,蒸番薯,150124,1,1,"[7,8]",,,,,,,1,0,3,3,0,794,100,241,1,,241,1,,,,,,,,,,,,,,,,,,,,,,,,,,
21036,大份煎肉排,150127,1,1,"[7,8]",,,,,,,1,0,3,3,1,794,100,12513,1,,12513,1,,12513,1,,,,,,,,,,,,,,,,,,,,,,,
21039,大份鲜肉沙拉,150128,1,1,"[7,8]",,,,,,,1,0,3,3,1,794,100,12513,1,,12513,1,,12506,1,,,,,,,,,,,,,,,,,,,,,,,
21040,大份蔬菜炒肉,150129,1,1,"[7,8]",,,,,,,1,0,3,3,1,794,100,12513,1,,12513,1,,12621,1,,,,,,,,,,,,,,,,,,,,,,,
21041,大份海陆大餐,150130,1,1,"[7,8]",,,,,,,1,0,3,3,1,794,100,12513,1,,12513,1,,12496,1,,,,,,,,,,,,,,,,,,,,,,,
21042,大份鲜肉炒饭,150131,1,1,"[7,8]",,,,,,,1,0,3,3,1,794,100,12513,1,,12513,1,,234,1,,,,,,,,,,,,,,,,,,,,,,,
21043,大份鲜肉沙拉,150128,1,1,"[7,8]",,,,,,,1,0,3,3,1,794,100,12513,1,,12506,1,,12506,1,,,,,,,,,,,,,,,,,,,,,,,
21044,果蔬鲜肉拼盘,150132,1,1,"[7,8]",,,,,,,1,0,3,3,1,794,100,12513,1,,12506,1,,12621,1,,,,,,,,,,,,,,,,,,,,,,,
21045,海陆水果沙拉,150133,1,1,"[7,8]",,,,,,,1,0,3,3,1,794,100,12513,1,,12506,1,,12496,1,,,,,,,,,,,,,,,,,,,,,,,
21046,鲜肉水果饭团,150134,1,1,"[7,8]",,,,,,,1,0,3,3,1,794,100,12513,1,,234,1,,12506,1,,,,,,,,,,,,,,,,,,,,,,,
21047,大份蔬菜炒肉,150129,1,1,"[7,8]",,,,,,,1,0,3,3,1,794,100,12513,1,,12621,1,,12621,1,,,,,,,,,,,,,,,,,,,,,,,
21048,海陆菜包,150135,1,1,"[7,8]",,,,,,,1,0,3,3,1,794,100,12513,1,,12621,1,,12496,1,,,,,,,,,,,,,,,,,,,,,,,
21049,鲜肉蔬菜炒饭,150136,1,1,"[7,8]",,,,,,,1,0,3,3,1,794,100,12513,1,,12621,1,,234,1,,,,,,,,,,,,,,,,,,,,,,,
21050,大份海陆大餐,150130,1,1,"[7,8]",,,,,,,1,0,3,3,1,794,100,12513,1,,12496,1,,12496,1,,,,,,,,,,,,,,,,,,,,,,,
21051,海陆炒饭,150137,1,1,"[7,8]",,,,,,,1,0,3,3,1,794,100,12513,1,,12496,1,,234,1,,,,,,,,,,,,,,,,,,,,,,,
21052,大份鲜肉炒饭,150131,1,1,"[7,8]",,,,,,,1,0,3,3,1,794,100,12513,1,,234,1,,234,1,,,,,,,,,,,,,,,,,,,,,,,
21053,大份水果拼盘,150138,1,1,"[7,8]",,,,,,,1,0,3,3,1,794,100,12506,1,,12506,1,,12506,1,,,,,,,,,,,,,,,,,,,,,,,
21054,大份果蔬沙拉,150139,1,1,"[7,8]",,,,,,,1,0,3,3,1,794,100,12506,1,,12506,1,,12621,1,,,,,,,,,,,,,,,,,,,,,,,
21055,大份海鲜沙拉,150140,1,1,"[7,8]",,,,,,,1,0,3,3,1,794,100,12506,1,,12506,1,,12496,1,,,,,,,,,,,,,,,,,,,,,,,
21056,大份水果饭团,150141,1,1,"[7,8]",,,,,,,1,0,3,3,1,794,100,12506,1,,12506,1,,234,1,,,,,,,,,,,,,,,,,,,,,,,
21057,大份果蔬沙拉,150139,1,1,"[7,8]",,,,,,,1,0,3,3,1,794,100,12506,1,,12621,1,,12621,1,,,,,,,,,,,,,,,,,,,,,,,
21058,果蔬烤鱼拼盘,150142,1,1,"[7,8]",,,,,,,1,0,3,3,1,794,100,12506,1,,12621,1,,12496,1,,,,,,,,,,,,,,,,,,,,,,,
21059,果蔬饭团,150143,1,1,"[7,8]",,,,,,,1,0,3,3,1,794,100,12506,1,,12621,1,,234,1,,,,,,,,,,,,,,,,,,,,,,,
21060,大份海鲜沙拉,150140,1,1,"[7,8]",,,,,,,1,0,3,3,1,794,100,12506,1,,12496,1,,12496,1,,,,,,,,,,,,,,,,,,,,,,,
21061,海鲜水果饭团,150144,1,1,"[7,8]",,,,,,,1,0,3,3,1,794,100,12506,1,,12496,1,,234,1,,,,,,,,,,,,,,,,,,,,,,,
21062,大份水果饭团,150141,1,1,"[7,8]",,,,,,,1,0,3,3,1,794,100,12506,1,,234,1,,234,1,,,,,,,,,,,,,,,,,,,,,,,
21063,大份炒蔬菜,150145,1,1,"[7,8]",,,,,,,1,0,3,3,1,794,100,12621,1,,12621,1,,12621,1,,,,,,,,,,,,,,,,,,,,,,,
21064,大份蔬菜炒海鲜,150146,1,1,"[7,8]",,,,,,,1,0,3,3,1,794,100,12621,1,,12621,1,,12496,1,,,,,,,,,,,,,,,,,,,,,,,
21065,大份蔬菜饭团,150147,1,1,"[7,8]",,,,,,,1,0,3,3,1,794,100,12621,1,,12621,1,,234,1,,,,,,,,,,,,,,,,,,,,,,,
21066,大份蔬菜炒海鲜,150146,1,1,"[7,8]",,,,,,,1,0,3,3,1,794,100,12621,1,,12496,1,,12496,1,,,,,,,,,,,,,,,,,,,,,,,
21067,鲜鱼蔬菜炒饭,150148,1,1,"[7,8]",,,,,,,1,0,3,3,1,794,100,12621,1,,12496,1,,234,1,,,,,,,,,,,,,,,,,,,,,,,
21068,大份蔬菜饭团,150147,1,1,"[7,8]",,,,,,,1,0,3,3,1,794,100,12621,1,,234,1,,234,1,,,,,,,,,,,,,,,,,,,,,,,
21069,大份煎鱼,150149,1,1,"[7,8]",,,,,,,1,0,3,3,1,794,100,12496,1,,12496,1,,12496,1,,,,,,,,,,,,,,,,,,,,,,,
21070,大份海鲜炒饭,150150,1,1,"[7,8]",,,,,,,1,0,3,3,1,794,100,12496,1,,12496,1,,234,1,,,,,,,,,,,,,,,,,,,,,,,
21071,大份海鲜炒饭,150150,1,1,"[7,8]",,,,,,,1,0,3,3,1,794,100,12496,1,,234,1,,234,1,,,,,,,,,,,,,,,,,,,,,,,
21072,大碗饭,150151,1,1,"[7,8]",,,,,,,1,0,3,3,0,794,100,234,1,,234,1,,234,1,,,,,,,,,,,,,,,,,,,,,,,
21073,大份蒸玉米,150152,1,1,"[7,8]",,,,,,,1,0,3,3,0,794,100,229,1,,229,1,,229,1,,,,,,,,,,,,,,,,,,,,,,,
21074,大份蒸番薯,150153,1,1,"[7,8]",,,,,,,1,0,3,3,0,794,100,241,1,,241,1,,241,1,,,,,,,,,,,,,,,,,,,,,,,
21077,豪华煎肉排,150189,1,1,"[7,8]",,,,,,,1,0,3,3,1,794,100,12513,1,,12513,1,,12513,1,,12513,1,,,,,,,,,,,,,,,,,,,,
21078,豪华鲜肉沙拉,150156,1,1,"[7,8]",,,,,,,1,0,3,3,1,794,100,12513,1,,12513,1,,12513,1,,12506,1,,,,,,,,,,,,,,,,,,,,
21079,豪华蔬菜炒肉,150157,1,1,"[7,8]",,,,,,,1,0,3,3,1,794,100,12513,1,,12513,1,,12513,1,,12621,1,,,,,,,,,,,,,,,,,,,,
21080,豪华海陆大餐,150158,1,1,"[7,8]",,,,,,,1,0,3,3,1,794,100,12513,1,,12513,1,,12513,1,,12496,1,,,,,,,,,,,,,,,,,,,,
21081,豪华鲜肉炒饭,150159,1,1,"[7,8]",,,,,,,1,0,3,3,1,794,100,12513,1,,12513,1,,12513,1,,234,1,,,,,,,,,,,,,,,,,,,,
21082,豪华鲜肉沙拉,150156,1,1,"[7,8]",,,,,,,1,0,3,3,1,794,100,12513,1,,12513,1,,12506,1,,12506,1,,,,,,,,,,,,,,,,,,,,
21083,豪华果蔬鲜肉拼盘,150160,1,1,"[7,8]",,,,,,,1,0,3,3,1,794,100,12513,1,,12513,1,,12506,1,,12621,1,,,,,,,,,,,,,,,,,,,,
21084,豪华海陆水果沙拉,150161,1,1,"[7,8]",,,,,,,1,0,3,3,1,794,100,12513,1,,12513,1,,12506,1,,12496,1,,,,,,,,,,,,,,,,,,,,
21085,豪华鲜肉水果饭团,150162,1,1,"[7,8]",,,,,,,1,0,3,3,1,794,100,12513,1,,12513,1,,12506,1,,234,1,,,,,,,,,,,,,,,,,,,,
21086,豪华蔬菜炒肉,150157,1,1,"[7,8]",,,,,,,1,0,3,3,1,794,100,12513,1,,12513,1,,12621,1,,12621,1,,,,,,,,,,,,,,,,,,,,
21087,豪华海陆菜包,150163,1,1,"[7,8]",,,,,,,1,0,3,3,1,794,100,12513,1,,12513,1,,12621,1,,12496,1,,,,,,,,,,,,,,,,,,,,
21088,豪华鲜肉蔬菜炒饭,150164,1,1,"[7,8]",,,,,,,1,0,3,3,1,794,100,12513,1,,12513,1,,12621,1,,234,1,,,,,,,,,,,,,,,,,,,,
21089,豪华海陆大餐,150158,1,1,"[7,8]",,,,,,·,1,0,3,3,1,794,100,12513,1,,12513,1,,12496,1,,12496,1,,,,,,,,,,,,,,,,,,,,
21090,豪华海陆炒饭,150165,1,1,"[7,8]",,,,,,,1,0,3,3,1,794,100,12513,1,,12513,1,,12496,1,,234,1,,,,,,,,,,,,,,,,,,,,
21091,豪华鲜肉炒饭,150159,1,1,"[7,8]",,,,,,,1,0,3,3,1,794,100,12513,1,,12513,1,,234,1,,234,1,,,,,,,,,,,,,,,,,,,,
21092,豪华鲜肉沙拉,150156,1,1,"[7,8]",,,,,,,1,0,3,3,1,794,100,12513,1,,12506,1,,12506,1,,12506,1,,,,,,,,,,,,,,,,,,,,
21093,豪华海陆水果沙拉,150161,1,1,"[7,8]",,,,,,,1,0,3,3,1,794,100,12513,1,,12506,1,,12506,1,,12496,1,,,,,,,,,,,,,,,,,,,,
21094,豪华鲜肉水果饭团,150162,1,1,"[7,8]",,,,,,,1,0,3,3,1,794,100,12513,1,,12506,1,,12506,1,,234,1,,,,,,,,,,,,,,,,,,,,
21095,豪华果蔬鲜肉拼盘,150160,1,1,"[7,8]",,,,,,,1,0,3,3,1,794,100,12513,1,,12506,1,,12621,1,,12621,1,,,,,,,,,,,,,,,,,,,,
21096,豪华海陆果蔬拼盘,150166,1,1,"[7,8]",,,,,,,1,0,3,3,1,794,100,12513,1,,12506,1,,12621,1,,12496,1,,,,,,,,,,,,,,,,,,,,
21097,豪华鲜肉果蔬盖饭,150167,1,1,"[7,8]",,,,,,,1,0,3,3,1,794,100,12513,1,,12506,1,,12621,1,,234,1,,,,,,,,,,,,,,,,,,,,
21098,豪华海陆水果沙拉,150161,1,1,"[7,8]",,,,,,,1,0,3,3,1,794,100,12513,1,,12506,1,,12496,1,,12496,1,,,,,,,,,,,,,,,,,,,,
21099,豪华海陆水果盖饭,150168,1,1,"[7,8]",,,,,,,1,0,3,3,1,794,100,12513,1,,12506,1,,12496,1,,234,1,,,,,,,,,,,,,,,,,,,,
21100,豪华鲜肉水果饭团,150162,1,1,"[7,8]",,,,,,,1,0,3,3,1,794,100,12513,1,,12506,1,,234,1,,234,1,,,,,,,,,,,,,,,,,,,,
21101,豪华蔬菜炒肉,150157,1,1,"[7,8]",,,,,,,1,0,3,3,1,794,100,12513,1,,12621,1,,12621,1,,12621,1,,,,,,,,,,,,,,,,,,,,
21102,豪华海陆菜包,150163,1,1,"[7,8]",,,,,,,1,0,3,3,1,794,100,12513,1,,12621,1,,12621,1,,12496,1,,,,,,,,,,,,,,,,,,,,
21103,豪华海陆菜包,150163,1,1,"[7,8]",,,,,,,1,0,3,3,1,794,100,12513,1,,12621,1,,12496,1,,12496,1,,,,,,,,,,,,,,,,,,,,
21104,豪华海陆蔬菜盖饭,150169,1,1,"[7,8]",,,,,,,1,0,3,3,1,794,100,12513,1,,12621,1,,12496,1,,234,1,,,,,,,,,,,,,,,,,,,,
21105,豪华鲜肉蔬菜炒饭,150164,1,1,"[7,8]",,,,,,,1,0,3,3,1,794,100,12513,1,,12621,1,,234,1,,234,1,,,,,,,,,,,,,,,,,,,,
21106,豪华海陆大餐,150158,1,1,"[7,8]",,,,,,,1,0,3,3,1,794,100,12513,1,,12496,1,,12496,1,,12496,1,,,,,,,,,,,,,,,,,,,,
21107,豪华海陆炒饭,150165,1,1,"[7,8]",,,,,,,1,0,3,3,1,794,100,12513,1,,12496,1,,12496,1,,234,1,,,,,,,,,,,,,,,,,,,,
21108,豪华海陆炒饭,150165,1,1,"[7,8]",,,,,,,1,0,3,3,1,794,100,12513,1,,12496,1,,234,1,,234,1,,,,,,,,,,,,,,,,,,,,
21109,豪华鲜肉炒饭,150159,1,1,"[7,8]",,,,,,,1,0,3,3,1,794,100,12513,1,,234,1,,234,1,,234,1,,,,,,,,,,,,,,,,,,,,
21110,豪华水果拼盘,150170,1,1,"[7,8]",,,,,,,1,0,3,3,1,794,100,12506,1,,12506,1,,12506,1,,12506,1,,,,,,,,,,,,,,,,,,,,
21111,豪华果蔬沙拉,150171,1,1,"[7,8]",,,,,,,1,0,3,3,1,794,100,12506,1,,12506,1,,12506,1,,12621,1,,,,,,,,,,,,,,,,,,,,
21112,豪华海鲜沙拉,150172,1,1,"[7,8]",,,,,,,1,0,3,3,1,794,100,12506,1,,12506,1,,12506,1,,12496,1,,,,,,,,,,,,,,,,,,,,
21113,豪华水果饭团,150173,1,1,"[7,8]",,,,,,,1,0,3,3,1,794,100,12506,1,,12506,1,,12506,1,,234,1,,,,,,,,,,,,,,,,,,,,
21114,豪华果蔬沙拉,150171,1,1,"[7,8]",,,,,,,1,0,3,3,1,794,100,12506,1,,12506,1,,12621,1,,12621,1,,,,,,,,,,,,,,,,,,,,
21115,豪华果蔬鲜鱼拼盘,150174,1,1,"[7,8]",,,,,,,1,0,3,3,1,794,100,12506,1,,12506,1,,12621,1,,12496,1,,,,,,,,,,,,,,,,,,,,
21116,豪华果蔬饭团,150175,1,1,"[7,8]",,,,,,,1,0,3,3,1,794,100,12506,1,,12506,1,,12621,1,,234,1,,,,,,,,,,,,,,,,,,,,
21117,豪华海鲜沙拉,150172,1,1,"[7,8]",,,,,,,1,0,3,3,1,794,100,12506,1,,12506,1,,12496,1,,12496,1,,,,,,,,,,,,,,,,,,,,
21118,豪华海鲜炒饭,150190,1,1,"[7,8]",,,,,,,1,0,3,3,1,794,100,12506,1,,12506,1,,12496,1,,234,1,,,,,,,,,,,,,,,,,,,,
21119,豪华水果饭团,150173,1,1,"[7,8]",,,,,,,1,0,3,3,1,794,100,12506,1,,12506,1,,234,1,,234,1,,,,,,,,,,,,,,,,,,,,
21120,豪华果蔬沙拉,150171,1,1,"[7,8]",,,,,,,1,0,3,3,1,794,100,12506,1,,12621,1,,12621,1,,12621,1,,,,,,,,,,,,,,,,,,,,
21121,豪华果蔬饭团,150175,1,1,"[7,8]",,,,,,,1,0,3,3,1,794,100,12506,1,,12621,1,,12621,1,,234,1,,,,,,,,,,,,,,,,,,,,
21122,豪华果蔬烤鱼拼盘,150177,1,1,"[7,8]",,,,,,,1,0,3,3,1,794,100,12506,1,,12621,1,,12496,1,,12496,1,,,,,,,,,,,,,,,,,,,,
21123,豪华海鲜果蔬盖饭,150178,1,1,"[7,8]",,,,,,,1,0,3,3,1,794,100,12506,1,,12621,1,,12496,1,,234,1,,,,,,,,,,,,,,,,,,,,
21124,豪华果蔬饭团,150175,1,1,"[7,8]",,,,,,,1,0,3,3,1,794,100,12506,1,,12621,1,,234,1,,234,1,,,,,,,,,,,,,,,,,,,,
21125,豪华海鲜沙拉,150172,1,1,"[7,8]",,,,,,,1,0,3,3,1,794,100,12506,1,,12496,1,,12496,1,,12496,1,,,,,,,,,,,,,,,,,,,,
21126,豪华海鲜炒饭,150190,1,1,"[7,8]",,,,,,,1,0,3,3,1,794,100,12506,1,,12496,1,,12496,1,,234,1,,,,,,,,,,,,,,,,,,,,
21127,豪华海鲜炒饭,150190,1,1,"[7,8]",,,,,,,1,0,3,3,1,794,100,12506,1,,12496,1,,234,1,,234,1,,,,,,,,,,,,,,,,,,,,
21128,豪华水果饭团,150173,1,1,"[7,8]",,,,,,,1,0,3,3,1,794,100,12506,1,,234,1,,234,1,,234,1,,,,,,,,,,,,,,,,,,,,
21129,豪华炒蔬菜,150179,1,1,"[7,8]",,,,,,,1,0,3,3,1,794,100,12621,1,,12621,1,,12621,1,,12621,1,,,,,,,,,,,,,,,,,,,,
21130,豪华蔬菜炒海鲜,150180,1,1,"[7,8]",,,,,,,1,0,3,3,1,794,100,12621,1,,12621,1,,12621,1,,12496,1,,,,,,,,,,,,,,,,,,,,
21131,豪华蔬菜饭团,150181,1,1,"[7,8]",,,,,,,1,0,3,3,1,794,100,12621,1,,12621,1,,12621,1,,234,1,,,,,,,,,,,,,,,,,,,,
21132,豪华蔬菜炒海鲜,150180,1,1,"[7,8]",,,,,,,1,0,3,3,1,794,100,12621,1,,12621,1,,12496,1,,12496,1,,,,,,,,,,,,,,,,,,,,
21133,豪华鲜鱼蔬菜炒饭,150182,1,1,"[7,8]",,,,,,,1,0,3,3,1,794,100,12621,1,,12621,1,,12496,1,,234,1,,,,,,,,,,,,,,,,,,,,
21134,豪华蔬菜饭团,150181,1,1,"[7,8]",,,,,,,1,0,3,3,1,794,100,12621,1,,12621,1,,234,1,,234,1,,,,,,,,,,,,,,,,,,,,
21135,豪华蔬菜炒海鲜,150180,1,1,"[7,8]",,,,,,,1,0,3,3,1,794,100,12621,1,,12496,1,,12496,1,,12496,1,,,,,,,,,,,,,,,,,,,,
21136,豪华鲜鱼蔬菜炒饭,150182,1,1,"[7,8]",,,,,,,1,0,3,3,1,794,100,12621,1,,12496,1,,234,1,,234,1,,,,,,,,,,,,,,,,,,,,
21137,豪华蔬菜饭团,150181,1,1,"[7,8]",,,,,,,1,0,3,3,1,794,100,12621,1,,234,1,,234,1,,234,1,,,,,,,,,,,,,,,,,,,,
21138,豪华煎鱼,150183,1,1,"[7,8]",,,,,,,1,0,3,3,1,794,100,12496,1,,12496,1,,12496,1,,12496,1,,,,,,,,,,,,,,,,,,,,
21139,豪华海鲜炒饭,150176,1,1,"[7,8]",,,,,,,1,0,3,3,1,794,100,12496,1,,12496,1,,12496,1,,234,1,,,,,,,,,,,,,,,,,,,,
21140,豪华海鲜炒饭,150176,1,1,"[7,8]",,,,,,,1,0,3,3,1,794,100,12496,1,,12496,1,,234,1,,234,1,,,,,,,,,,,,,,,,,,,,
21141,豪华海鲜炒饭,150176,1,1,"[7,8]",,,,,,,1,0,3,3,1,794,100,12496,1,,234,1,,234,1,,234,1,,,,,,,,,,,,,,,,,,,,
21142,豪华大碗饭,150184,1,1,"[7,8]",,,,,,,1,0,3,3,0,794,100,234,1,,234,1,,234,1,,234,1,,,,,,,,,,,,,,,,,,,,
21143,豪华蒸玉米,150185,1,1,"[7,8]",,,,,,,1,0,3,3,0,794,100,229,1,,229,1,,229,1,,229,1,,,,,,,,,,,,,,,,,,,,
21144,豪华蒸番薯,150186,1,1,"[7,8]",,,,,,,1,0,3,3,0,794,100,241,1,,241,1,,241,1,,241,1,,,,,,,,,,,,,,,,,,,,
21147,面条,12502,1046,[1],"[7,8]",,[1],,Noodles,,Noodles,1,0,3,3,0,794,100,344,1,,,,,,,,,,,,,,,,,,,,,,,,,,,,0.1,
21148,面条,12502,1046,[1],,,[1],,Noodles,,Noodles,3,0,3,3,0,794,100,344,1,,344,1,,344,1,,,,,,,,,,,,,,,,,,,,,,0.1,
21149,面条,12502,1046,[1],,,[1],,Noodles,,Noodles,4,0,3,3,0,794,100,344,1,,344,1,,344,1,,344,1,,,,,,,,,,,,,,,,,,,0.1,
21500,基础工具,11826,,[1],[0],,,,,,,,,,,,,,,,,,,,,,,,,,,,,,,,,,,,,,,,,,,,
21501,基础战斗,11827,,[2],[0],,,,,,,,,,,,,,,,,,,,,,,,,,,,,,,,,,,,,,,,,,,,
21502,基础材料,11828,,[3],[0],,,,,,,,,,,,,,,,,,,,,,,,,,,,,,,,,,,,,,,,,,,,
21503,基础装饰,11829,,[4],[0],,,,,,,,,,,,,,,,,,,,,,,,,,,,,,,,,,,,,,,,,,,,
21504,头盔,11830,,[1],[1],,,,,,,,,,,,,,,,,,,,,,,,,,,,,,,,,,,,,,,,,,,,
21505,胸甲,11831,,[2],[1],,,,,,,,,,,,,,,,,,,,,,,,,,,,,,,,,,,,,,,,,,,,
21506,护腿,11832,,[3],[1],,,,,,,,,,,,,,,,,,,,,,,,,,,,,,,,,,,,,,,,,,,,
21507,靴子,11833,,[4],[1],,,,,,,,,,,,,,,,,,,,,,,,,,,,,,,,,,,,,,,,,,,,
21508,斧,11834,,[3],[2],,,,,,,,,,,,,,,,,,,,,,,,,,,,,,,,,,,,,,,,,,,,
21509,镐,11835,,[4],[2],,,,,,,,,,,,,,,,,,,,,,,,,,,,,,,,,,,,,,,,,,,,
21510,铲,11836,,[5],[2],,,,,,,,,,,,,,,,,,,,,,,,,,,,,,,,,,,,,,,,,,,,
21511,耙,11837,,[6],[2],,,,,,,,,,,,,,,,,,,,,,,,,,,,,,,,,,,,,,,,,,,,
21512,剑,11838,,[7],[1],,,,,,,,,,,,,,,,,,,,,,,,,,,,,,,,,,,,,,,,,,,,
21513,矛,11839,,[8],[1],,,,,,,,,,,,,,,,,,,,,,,,,,,,,,,,,,,,,,,,,,,,
21514,锤,11840,,[9],[1],,,,,,,,,,,,,,,,,,,,,,,,,,,,,,,,,,,,,,,,,,,,
21515,盾,11841,,[10],[1],,,,,,,,,,,,,,,,,,,,,,,,,,,,,,,,,,,,,,,,,,,,
21516,背部,11842,,[5],[1],,,,,,,,,,,,,,,,,,,,,,,,,,,,,,,,,,,,,,,,,,,,
21517,弓箭,11843,,[11],[1],,,,,,,,,,,,,,,,,,,,,,,,,,,,,,,,,,,,,,,,,,,,
21518,法杖,11844,,[12],[1],,,,,,,,,,,,,,,,,,,,,,,,,,,,,,,,,,,,,,,,,,,,
21519,恢复品,11845,,[6],[1],,,,,,,,,,,,,,,,,,,,,,,,,,,,,,,,,,,,,,,,,,,,
21520,生产工具,11846,,[1],[2],,,,,,,,,,,,,,,,,,,,,,,,,,,,,,,,,,,,,,,,,,,,
21521,养殖装置,11847,,[8],[2],,,,,,,,,,,,,,,,,,,,,,,,,,,,,,,,,,,,,,,,,,,,
21522,照明工具,11848,,"[7,1]","[2,4]",,,,,,,,,,,,,,,,,,,,,,,,,,,,,,,,,,,,,,,,,,,,
21523,乐器,11849,,[15],[2],,,,,,,,,,,,,,,,,,,,,,,,,,,,,,,,,,,,,,,,,,,,
21524,运动品,11850,,[14],[2],,,,,,,,,,,,,,,,,,,,,,,,,,,,,,,,,,,,,,,,,,,,
21525,颜料,11851,,[9],[2],,,,,,,,,,,,,,,,,,,,,,,,,,,,,,,,,,,,,,,,,,,,
21526,制氧装置,11852,,[10],[2],,,,,,,,,,,,,,,,,,,,,,,,,,,,,,,,,,,,,,,,,,,,
21527,基础材料,11853,,[1],[3],,,,,,,,,,,,,,,,,,,,,,,,,,,,,,,,,,,,,,,,,,,,
21528,矿物材料,11854,,[1],[3],,,,,,,,,,,,,,,,,,,,,,,,,,,,,,,,,,,,,,,,,,,,
21529,种子,11855,,[1],[3],,,,,,,,,,,,,,,,,,,,,,,,,,,,,,,,,,,,,,,,,,,,
21530,特殊材料,11856,,[1],[3],,,,,,,,,,,,,,,,,,,,,,,,,,,,,,,,,,,,,,,,,,,,
21531,储存箱,11857,,[2],[4],,,,,,,,,,,,,,,,,,,,,,,,,,,,,,,,,,,,,,,,,,,,
21532,床,11858,,[3],[4],,,,,,,,,,,,,,,,,,,,,,,,,,,,,,,,,,,,,,,,,,,,
21533,门,11859,,[4],[4],,,,,,,,,,,,,,,,,,,,,,,,,,,,,,,,,,,,,,,,,,,,
21534,围栏,11860,,[5],[4],,,,,,,,,,,,,,,,,,,,,,,,,,,,,,,,,,,,,,,,,,,,
21535,窗户,11861,,[6],[4],,,,,,,,,,,,,,,,,,,,,,,,,,,,,,,,,,,,,,,,,,,,
21536,墙饰,11862,,[7],[4],,,,,,,,,,,,,,,,,,,,,,,,,,,,,,,,,,,,,,,,,,,,
21537,石砖,11863,,[11],[4],,,,,,,,,,,,,,,,,,,,,,,,,,,,,,,,,,,,,,,,,,,,
21538,图腾,11864,,[8],[4],,,,,,,,,,,,,,,,,,,,,,,,,,,,,,,,,,,,,,,,,,,,
21539,旗帜,11865,,[9],[4],,,,,,,,,,,,,,,,,,,,,,,,,,,,,,,,,,,,,,,,,,,,
21540,创造锤,11866,,[11],[4],,,,,,,,,,,,,,,,,,,,,,,,,,,,,,,,,,,,,,,,,,,,
21541,玻璃,11867,,[10],[4],,,,,,,,,,,,,,,,,,,,,,,,,,,,,,,,,,,,,,,,,,,,
21542,机械装置,11868,,[1],[6],,,,,,,,,,,,,,,,,,,,,,,,,,,,,,,,,,,,,,,,,,,,
21543,星能装置,11869,,[1],[6],,,,,,,,,,,,,,,,,,,,,,,,,,,,,,,,,,,,,,,,,,,,
21544,装饰方块,11870,,[12],[4],,,,,,,,,,,,,,,,,,,,,,,,,,,,,,,,,,,,,,,,,,,,
21545,字牌,11871,1,[13],[4],,,,,,,,,,,,,,,,,,,,,,,,,,,,,,,,,,,,,,,,,,,,
21546,音乐装置,11872,,,[6],,,,,,,,,,,,,,,,,,,,,,,,,,,,,,,,,,,,,,,,,,,,
21547,树枝,11873,,[14],[4],,,,,,,,,,,,,,,,,,,,,,,,,,,,,,,,,,,,,,,,,,,,
21548,地饰,11874,,[15],[4],,,,,,,,,,,,,,,,,,,,,,,,,,,,,,,,,,,,,,,,,,,,
21549,交通工具,11875,,[12],[2],,,,,,,,,,,,,,,,,,,,,,,,,,,,,,,,,,,,,,,,,,,,
21550,特殊工具,11876,,[11],[2],,,,,,,,,,,,,,,,,,,,,,,,,,,,,,,,,,,,,,,,,,,,
21551,投掷物,11877,,[13],[1],,,,,,,,,,,,,,,,,,,,,,,,,,,,,,,,,,,,,,,,,,,,
21552,特殊武器,11878,,[14],[1],,,,,,,,,,,,,,,,,,,,,,,,,,,,,,,,,,,,,,,,,,,,
21553,花盆,11879,1,[16],[4],,,,,,,,,,,,,,,,,,,,,,,,,,,,,,,,,,,,,,,,,,,,
21554,衣柜,11880,1789,[17],[4],,,,,,,,,,,,,,,,,,,,,,,,,,,,,,,,,,,,,,,,,,,,
21555,秘银块,11881,1,[18],[4],,,,,,,,,,,,,,,,,,,,,,,,,,,,,,,,,,,,,,,,,,,,
21556,鱼竿,11882,,[13],[2],,,,,,,,,,,,,,,,,,,,,,,,,,,,,,,,,,,,,,,,,,,,
21557,展示架,11883,,[7],[4],,,,,,,,,,,,,,,,,,,,,,,,,,,,,,,,,,,,,,,,,,,,
22001,黄铜斧+黄铜斧,540001,,,,,,,,,,1,0,3,3,0,150029,,11001,1,,11001,1,,,,,,,,,,,,,,,,,,,,,,,,,,
22002,黄铜斧+石斧,540002,,,,,,,,,,1,0,3,3,0,150029,,11001,1,,11002,1,,,,,,,,,,,,,,,,,,,,,,,,,,
22003,黄铜斧+木棒,540003,,,,,,,,,,1,0,3,3,0,150029,,11001,1,,12001,1,,,,,,,,,,,,,,,,,,,,,,,,,,
22004,黄铜斧+尖尖碰碰锤,540004,,,,,,,,,,1,0,3,3,0,150029,,11001,1,,11230,1,,,,,,,,,,,,,,,,,,,,,,,,,,
22005,黄铜斧+冻结棒,540005,,,,,,,,,,1,0,3,3,0,150029,,11001,1,,12316,1,,,,,,,,,,,,,,,,,,,,,,,,,,
22006,黄铜斧+钛金战锤,540006,,,,,,,,,,1,0,3,3,0,150029,,11001,1,,12010,1,,,,,,,,,,,,,,,,,,,,,,,,,,
22007,黄铜斧+石剑,540007,,,,,,,,,,1,0,3,3,0,150029,,11001,1,,12012,1,,,,,,,,,,,,,,,,,,,,,,,,,,
22008,黄铜斧+短剑,540008,,,,,,,,,,1,0,3,3,0,150029,,11001,1,,12003,1,,,,,,,,,,,,,,,,,,,,,,,,,,
22009,黄铜斧+收割者,540009,,,,,,,,,,1,0,3,3,0,150029,,11001,1,,12009,1,,,,,,,,,,,,,,,,,,,,,,,,,,
22010,黄铜斧+能量剑,540010,,,,,,,,,,1,0,3,3,0,150029,,11001,1,,12005,1,,,,,,,,,,,,,,,,,,,,,,,,,,
22011,黄铜斧+石矛,540011,,,,,,,,,,1,0,3,3,0,150029,,11001,1,,12002,1,,,,,,,,,,,,,,,,,,,,,,,,,,
22012,黄铜斧+黄铜矛,540012,,,,,,,,,,1,0,3,3,0,150029,,11001,1,,12004,1,,,,,,,,,,,,,,,,,,,,,,,,,,
22013,黄铜斧+能量矛,540013,,,,,,,,,,1,0,3,3,0,150029,,11001,1,,12013,1,,,,,,,,,,,,,,,,,,,,,,,,,,
22014,黄铜斧+魔鬼鱼叉,540014,,,,,,,,,,1,0,3,3,0,150029,,11001,1,,12063,1,,,,,,,,,,,,,,,,,,,,,,,,,,
22015,石斧+石斧,540015,,,,,,,,,,1,0,3,3,0,150029,,11002,1,,11002,1,,,,,,,,,,,,,,,,,,,,,,,,,,
22016,石斧+木棒,540016,,,,,,,,,,1,0,3,3,0,150029,,11002,1,,12001,1,,,,,,,,,,,,,,,,,,,,,,,,,,
22017,石斧+尖尖碰碰锤,540017,,,,,,,,,,1,0,3,3,0,150029,,11002,1,,11230,1,,,,,,,,,,,,,,,,,,,,,,,,,,
22018,石斧+冻结棒,540018,,,,,,,,,,1,0,3,3,0,150029,,11002,1,,12316,1,,,,,,,,,,,,,,,,,,,,,,,,,,
22019,石斧+钛金战锤,540019,,,,,,,,,,1,0,3,3,0,150029,,11002,1,,12010,1,,,,,,,,,,,,,,,,,,,,,,,,,,
22020,石斧+石剑,540020,,,,,,,,,,1,0,3,3,0,150029,,11002,1,,12012,1,,,,,,,,,,,,,,,,,,,,,,,,,,
22021,石斧+短剑,540021,,,,,,,,,,1,0,3,3,0,150029,,11002,1,,12003,1,,,,,,,,,,,,,,,,,,,,,,,,,,
22022,石斧+收割者,540022,,,,,,,,,,1,0,3,3,0,150029,,11002,1,,12009,1,,,,,,,,,,,,,,,,,,,,,,,,,,
22023,石斧+能量剑,540023,,,,,,,,,,1,0,3,3,0,150029,,11002,1,,12005,1,,,,,,,,,,,,,,,,,,,,,,,,,,
22024,石斧+石矛,540024,,,,,,,,,,1,0,3,3,0,150029,,11002,1,,12002,1,,,,,,,,,,,,,,,,,,,,,,,,,,
22025,石斧+黄铜矛,540025,,,,,,,,,,1,0,3,3,0,150029,,11002,1,,12004,1,,,,,,,,,,,,,,,,,,,,,,,,,,
22026,石斧+能量矛,540026,,,,,,,,,,1,0,3,3,0,150029,,11002,1,,12013,1,,,,,,,,,,,,,,,,,,,,,,,,,,
22027,石斧+魔鬼鱼叉,540027,,,,,,,,,,1,0,3,3,0,150029,,11002,1,,12063,1,,,,,,,,,,,,,,,,,,,,,,,,,,
22028,秘银斧+黄铜斧,540028,,,,,,,,,,1,0,3,3,0,150029,,11003,1,,11001,1,,,,,,,,,,,,,,,,,,,,,,,,,,
22029,秘银斧+石斧,540029,,,,,,,,,,1,0,3,3,0,150029,,11003,1,,11002,1,,,,,,,,,,,,,,,,,,,,,,,,,,
22030,秘银斧+秘银斧,540030,,,,,,,,,,1,0,3,3,0,150029,,11003,1,,11003,1,,,,,,,,,,,,,,,,,,,,,,,,,,
22031,秘银斧+木棒,540031,,,,,,,,,,1,0,3,3,0,150029,,11003,1,,12001,1,,,,,,,,,,,,,,,,,,,,,,,,,,
22032,秘银斧+尖尖碰碰锤,540032,,,,,,,,,,1,0,3,3,0,150029,,11003,1,,11230,1,,,,,,,,,,,,,,,,,,,,,,,,,,
22033,秘银斧+冻结棒,540033,,,,,,,,,,1,0,3,3,0,150029,,11003,1,,12316,1,,,,,,,,,,,,,,,,,,,,,,,,,,
22034,秘银斧+钛金战锤,540034,,,,,,,,,,1,0,3,3,0,150029,,11003,1,,12010,1,,,,,,,,,,,,,,,,,,,,,,,,,,
22035,秘银斧+石剑,540035,,,,,,,,,,1,0,3,3,0,150029,,11003,1,,12012,1,,,,,,,,,,,,,,,,,,,,,,,,,,
22036,秘银斧+短剑,540036,,,,,,,,,,1,0,3,3,0,150029,,11003,1,,12003,1,,,,,,,,,,,,,,,,,,,,,,,,,,
22037,秘银斧+收割者,540037,,,,,,,,,,1,0,3,3,0,150029,,11003,1,,12009,1,,,,,,,,,,,,,,,,,,,,,,,,,,
22038,秘银斧+能量剑,540038,,,,,,,,,,1,0,3,3,0,150029,,11003,1,,12005,1,,,,,,,,,,,,,,,,,,,,,,,,,,
22039,秘银斧+石矛,540039,,,,,,,,,,1,0,3,3,0,150029,,11003,1,,12002,1,,,,,,,,,,,,,,,,,,,,,,,,,,
22040,秘银斧+黄铜矛,540040,,,,,,,,,,1,0,3,3,0,150029,,11003,1,,12004,1,,,,,,,,,,,,,,,,,,,,,,,,,,
22041,秘银斧+能量矛,540041,,,,,,,,,,1,0,3,3,0,150029,,11003,1,,12013,1,,,,,,,,,,,,,,,,,,,,,,,,,,
22042,秘银斧+魔鬼鱼叉,540042,,,,,,,,,,1,0,3,3,0,150029,,11003,1,,12063,1,,,,,,,,,,,,,,,,,,,,,,,,,,
22043,钛合金斧+黄铜斧,540043,,,,,,,,,,1,0,3,3,0,150029,,11004,1,,11001,1,,,,,,,,,,,,,,,,,,,,,,,,,,
22044,钛合金斧+石斧,540044,,,,,,,,,,1,0,3,3,0,150029,,11004,1,,11002,1,,,,,,,,,,,,,,,,,,,,,,,,,,
22045,钛合金斧+秘银斧,540045,,,,,,,,,,1,0,3,3,0,150029,,11004,1,,11003,1,,,,,,,,,,,,,,,,,,,,,,,,,,
22046,钛合金斧+钛合金斧,540046,,,,,,,,,,1,0,3,3,0,150029,,11004,1,,11004,1,,,,,,,,,,,,,,,,,,,,,,,,,,
22047,钛合金斧+木棒,540047,,,,,,,,,,1,0,3,3,0,150029,,11004,1,,12001,1,,,,,,,,,,,,,,,,,,,,,,,,,,
22048,钛合金斧+尖尖碰碰锤,540048,,,,,,,,,,1,0,3,3,0,150029,,11004,1,,11230,1,,,,,,,,,,,,,,,,,,,,,,,,,,
22049,钛合金斧+冻结棒,540049,,,,,,,,,,1,0,3,3,0,150029,,11004,1,,12316,1,,,,,,,,,,,,,,,,,,,,,,,,,,
22050,钛合金斧+钛金战锤,540050,,,,,,,,,,1,0,3,3,0,150029,,11004,1,,12010,1,,,,,,,,,,,,,,,,,,,,,,,,,,
22051,钛合金斧+石剑,540051,,,,,,,,,,1,0,3,3,0,150029,,11004,1,,12012,1,,,,,,,,,,,,,,,,,,,,,,,,,,
22052,钛合金斧+短剑,540052,,,,,,,,,,1,0,3,3,0,150029,,11004,1,,12003,1,,,,,,,,,,,,,,,,,,,,,,,,,,
22053,钛合金斧+收割者,540053,,,,,,,,,,1,0,3,3,0,150029,,11004,1,,12009,1,,,,,,,,,,,,,,,,,,,,,,,,,,
22054,钛合金斧+能量剑,540054,,,,,,,,,,1,0,3,3,0,150029,,11004,1,,12005,1,,,,,,,,,,,,,,,,,,,,,,,,,,
22055,钛合金斧+石矛,540055,,,,,,,,,,1,0,3,3,0,150029,,11004,1,,12002,1,,,,,,,,,,,,,,,,,,,,,,,,,,
22056,钛合金斧+黄铜矛,540056,,,,,,,,,,1,0,3,3,0,150029,,11004,1,,12004,1,,,,,,,,,,,,,,,,,,,,,,,,,,
22057,钛合金斧+能量矛,540057,,,,,,,,,,1,0,3,3,0,150029,,11004,1,,12013,1,,,,,,,,,,,,,,,,,,,,,,,,,,
22058,钛合金斧+魔鬼鱼叉,540058,,,,,,,,,,1,0,3,3,0,150029,,11004,1,,12063,1,,,,,,,,,,,,,,,,,,,,,,,,,,
22059,链锯+黄铜斧,540059,,,,,,,,,,1,0,3,3,0,150029,,11005,1,,11001,1,,,,,,,,,,,,,,,,,,,,,,,,,,
22060,链锯+石斧,540060,,,,,,,,,,1,0,3,3,0,150029,,11005,1,,11002,1,,,,,,,,,,,,,,,,,,,,,,,,,,
22061,链锯+秘银斧,540061,,,,,,,,,,1,0,3,3,0,150029,,11005,1,,11003,1,,,,,,,,,,,,,,,,,,,,,,,,,,
22062,链锯+钛合金斧,540062,,,,,,,,,,1,0,3,3,0,150029,,11005,1,,11004,1,,,,,,,,,,,,,,,,,,,,,,,,,,
22063,链锯+链锯,540063,,,,,,,,,,1,0,3,3,0,150029,,11005,1,,11005,1,,,,,,,,,,,,,,,,,,,,,,,,,,
22064,链锯+木棒,540064,,,,,,,,,,1,0,3,3,0,150029,,11005,1,,12001,1,,,,,,,,,,,,,,,,,,,,,,,,,,
22065,链锯+尖尖碰碰锤,540065,,,,,,,,,,1,0,3,3,0,150029,,11005,1,,11230,1,,,,,,,,,,,,,,,,,,,,,,,,,,
22066,链锯+冻结棒,540066,,,,,,,,,,1,0,3,3,0,150029,,11005,1,,12316,1,,,,,,,,,,,,,,,,,,,,,,,,,,
22067,链锯+钛金战锤,540067,,,,,,,,,,1,0,3,3,0,150029,,11005,1,,12010,1,,,,,,,,,,,,,,,,,,,,,,,,,,
22068,链锯+石剑,540068,,,,,,,,,,1,0,3,3,0,150029,,11005,1,,12012,1,,,,,,,,,,,,,,,,,,,,,,,,,,
22069,链锯+短剑,540069,,,,,,,,,,1,0,3,3,0,150029,,11005,1,,12003,1,,,,,,,,,,,,,,,,,,,,,,,,,,
22070,链锯+收割者,540070,,,,,,,,,,1,0,3,3,0,150029,,11005,1,,12009,1,,,,,,,,,,,,,,,,,,,,,,,,,,
22071,链锯+能量剑,540071,,,,,,,,,,1,0,3,3,0,150029,,11005,1,,12005,1,,,,,,,,,,,,,,,,,,,,,,,,,,
22072,链锯+石矛,540072,,,,,,,,,,1,0,3,3,0,150029,,11005,1,,12002,1,,,,,,,,,,,,,,,,,,,,,,,,,,
22073,链锯+黄铜矛,540073,,,,,,,,,,1,0,3,3,0,150029,,11005,1,,12004,1,,,,,,,,,,,,,,,,,,,,,,,,,,
22074,链锯+能量矛,540074,,,,,,,,,,1,0,3,3,0,150029,,11005,1,,12013,1,,,,,,,,,,,,,,,,,,,,,,,,,,
22075,链锯+魔鬼鱼叉,540075,,,,,,,,,,1,0,3,3,0,150029,,11005,1,,12063,1,,,,,,,,,,,,,,,,,,,,,,,,,,
22076,黄铜镐+黄铜镐,540076,,,,,,,,,,1,0,3,3,0,150029,,11011,1,,11011,1,,,,,,,,,,,,,,,,,,,,,,,,,,
22077,黄铜镐+石镐,540077,,,,,,,,,,1,0,3,3,0,150029,,11011,1,,11012,1,,,,,,,,,,,,,,,,,,,,,,,,,,
22078,黄铜镐+木棒,540078,,,,,,,,,,1,0,3,3,0,150029,,11011,1,,12001,1,,,,,,,,,,,,,,,,,,,,,,,,,,
22079,黄铜镐+尖尖碰碰锤,540079,,,,,,,,,,1,0,3,3,0,150029,,11011,1,,11230,1,,,,,,,,,,,,,,,,,,,,,,,,,,
22080,黄铜镐+冻结棒,540080,,,,,,,,,,1,0,3,3,0,150029,,11011,1,,12316,1,,,,,,,,,,,,,,,,,,,,,,,,,,
22081,黄铜镐+钛金战锤,540081,,,,,,,,,,1,0,3,3,0,150029,,11011,1,,12010,1,,,,,,,,,,,,,,,,,,,,,,,,,,
22082,黄铜镐+石剑,540082,,,,,,,,,,1,0,3,3,0,150029,,11011,1,,12012,1,,,,,,,,,,,,,,,,,,,,,,,,,,
22083,黄铜镐+短剑,540083,,,,,,,,,,1,0,3,3,0,150029,,11011,1,,12003,1,,,,,,,,,,,,,,,,,,,,,,,,,,
22084,黄铜镐+收割者,540084,,,,,,,,,,1,0,3,3,0,150029,,11011,1,,12009,1,,,,,,,,,,,,,,,,,,,,,,,,,,
22085,黄铜镐+能量剑,540085,,,,,,,,,,1,0,3,3,0,150029,,11011,1,,12005,1,,,,,,,,,,,,,,,,,,,,,,,,,,
22086,黄铜镐+石矛,540086,,,,,,,,,,1,0,3,3,0,150029,,11011,1,,12002,1,,,,,,,,,,,,,,,,,,,,,,,,,,
22087,黄铜镐+黄铜矛,540087,,,,,,,,,,1,0,3,3,0,150029,,11011,1,,12004,1,,,,,,,,,,,,,,,,,,,,,,,,,,
22088,黄铜镐+能量矛,540088,,,,,,,,,,1,0,3,3,0,150029,,11011,1,,12013,1,,,,,,,,,,,,,,,,,,,,,,,,,,
22089,黄铜镐+魔鬼鱼叉,540089,,,,,,,,,,1,0,3,3,0,150029,,11011,1,,12063,1,,,,,,,,,,,,,,,,,,,,,,,,,,
22090,石镐+石镐,540090,,,,,,,,,,1,0,3,3,0,150029,,11012,1,,11012,1,,,,,,,,,,,,,,,,,,,,,,,,,,
22091,石镐+木棒,540091,,,,,,,,,,1,0,3,3,0,150029,,11012,1,,12001,1,,,,,,,,,,,,,,,,,,,,,,,,,,
22092,石镐+尖尖碰碰锤,540092,,,,,,,,,,1,0,3,3,0,150029,,11012,1,,11230,1,,,,,,,,,,,,,,,,,,,,,,,,,,
22093,石镐+冻结棒,540093,,,,,,,,,,1,0,3,3,0,150029,,11012,1,,12316,1,,,,,,,,,,,,,,,,,,,,,,,,,,
22094,石镐+钛金战锤,540094,,,,,,,,,,1,0,3,3,0,150029,,11012,1,,12010,1,,,,,,,,,,,,,,,,,,,,,,,,,,
22095,石镐+石剑,540095,,,,,,,,,,1,0,3,3,0,150029,,11012,1,,12012,1,,,,,,,,,,,,,,,,,,,,,,,,,,
22096,石镐+短剑,540096,,,,,,,,,,1,0,3,3,0,150029,,11012,1,,12003,1,,,,,,,,,,,,,,,,,,,,,,,,,,
22097,石镐+收割者,540097,,,,,,,,,,1,0,3,3,0,150029,,11012,1,,12009,1,,,,,,,,,,,,,,,,,,,,,,,,,,
22098,石镐+能量剑,540098,,,,,,,,,,1,0,3,3,0,150029,,11012,1,,12005,1,,,,,,,,,,,,,,,,,,,,,,,,,,
22099,石镐+石矛,540099,,,,,,,,,,1,0,3,3,0,150029,,11012,1,,12002,1,,,,,,,,,,,,,,,,,,,,,,,,,,
22100,石镐+黄铜矛,540100,,,,,,,,,,1,0,3,3,0,150029,,11012,1,,12004,1,,,,,,,,,,,,,,,,,,,,,,,,,,
22101,石镐+能量矛,540101,,,,,,,,,,1,0,3,3,0,150029,,11012,1,,12013,1,,,,,,,,,,,,,,,,,,,,,,,,,,
22102,石镐+魔鬼鱼叉,540102,,,,,,,,,,1,0,3,3,0,150029,,11012,1,,12063,1,,,,,,,,,,,,,,,,,,,,,,,,,,
22103,秘银镐+黄铜镐,540103,,,,,,,,,,1,0,3,3,0,150029,,11013,1,,11011,1,,,,,,,,,,,,,,,,,,,,,,,,,,
22104,秘银镐+石镐,540104,,,,,,,,,,1,0,3,3,0,150029,,11013,1,,11012,1,,,,,,,,,,,,,,,,,,,,,,,,,,
22105,秘银镐+秘银镐,540105,,,,,,,,,,1,0,3,3,0,150029,,11013,1,,11013,1,,,,,,,,,,,,,,,,,,,,,,,,,,
22106,秘银镐+木棒,540106,,,,,,,,,,1,0,3,3,0,150029,,11013,1,,12001,1,,,,,,,,,,,,,,,,,,,,,,,,,,
22107,秘银镐+尖尖碰碰锤,540107,,,,,,,,,,1,0,3,3,0,150029,,11013,1,,11230,1,,,,,,,,,,,,,,,,,,,,,,,,,,
22108,秘银镐+冻结棒,540108,,,,,,,,,,1,0,3,3,0,150029,,11013,1,,12316,1,,,,,,,,,,,,,,,,,,,,,,,,,,
22109,秘银镐+钛金战锤,540109,,,,,,,,,,1,0,3,3,0,150029,,11013,1,,12010,1,,,,,,,,,,,,,,,,,,,,,,,,,,
22110,秘银镐+石剑,540110,,,,,,,,,,1,0,3,3,0,150029,,11013,1,,12012,1,,,,,,,,,,,,,,,,,,,,,,,,,,
22111,秘银镐+短剑,540111,,,,,,,,,,1,0,3,3,0,150029,,11013,1,,12003,1,,,,,,,,,,,,,,,,,,,,,,,,,,
22112,秘银镐+收割者,540112,,,,,,,,,,1,0,3,3,0,150029,,11013,1,,12009,1,,,,,,,,,,,,,,,,,,,,,,,,,,
22113,秘银镐+能量剑,540113,,,,,,,,,,1,0,3,3,0,150029,,11013,1,,12005,1,,,,,,,,,,,,,,,,,,,,,,,,,,
22114,秘银镐+石矛,540114,,,,,,,,,,1,0,3,3,0,150029,,11013,1,,12002,1,,,,,,,,,,,,,,,,,,,,,,,,,,
22115,秘银镐+黄铜矛,540115,,,,,,,,,,1,0,3,3,0,150029,,11013,1,,12004,1,,,,,,,,,,,,,,,,,,,,,,,,,,
22116,秘银镐+能量矛,540116,,,,,,,,,,1,0,3,3,0,150029,,11013,1,,12013,1,,,,,,,,,,,,,,,,,,,,,,,,,,
22117,秘银镐+魔鬼鱼叉,540117,,,,,,,,,,1,0,3,3,0,150029,,11013,1,,12063,1,,,,,,,,,,,,,,,,,,,,,,,,,,
22118,钛合金镐+黄铜镐,540118,,,,,,,,,,1,0,3,3,0,150029,,11014,1,,11011,1,,,,,,,,,,,,,,,,,,,,,,,,,,
22119,钛合金镐+石镐,540119,,,,,,,,,,1,0,3,3,0,150029,,11014,1,,11012,1,,,,,,,,,,,,,,,,,,,,,,,,,,
22120,钛合金镐+秘银镐,540120,,,,,,,,,,1,0,3,3,0,150029,,11014,1,,11013,1,,,,,,,,,,,,,,,,,,,,,,,,,,
22121,钛合金镐+钛合金镐,540121,,,,,,,,,,1,0,3,3,0,150029,,11014,1,,11014,1,,,,,,,,,,,,,,,,,,,,,,,,,,
22122,钛合金镐+木棒,540122,,,,,,,,,,1,0,3,3,0,150029,,11014,1,,12001,1,,,,,,,,,,,,,,,,,,,,,,,,,,
22123,钛合金镐+尖尖碰碰锤,540123,,,,,,,,,,1,0,3,3,0,150029,,11014,1,,11230,1,,,,,,,,,,,,,,,,,,,,,,,,,,
22124,钛合金镐+冻结棒,540124,,,,,,,,,,1,0,3,3,0,150029,,11014,1,,12316,1,,,,,,,,,,,,,,,,,,,,,,,,,,
22125,钛合金镐+钛金战锤,540125,,,,,,,,,,1,0,3,3,0,150029,,11014,1,,12010,1,,,,,,,,,,,,,,,,,,,,,,,,,,
22126,钛合金镐+石剑,540126,,,,,,,,,,1,0,3,3,0,150029,,11014,1,,12012,1,,,,,,,,,,,,,,,,,,,,,,,,,,
22127,钛合金镐+短剑,540127,,,,,,,,,,1,0,3,3,0,150029,,11014,1,,12003,1,,,,,,,,,,,,,,,,,,,,,,,,,,
22128,钛合金镐+收割者,540128,,,,,,,,,,1,0,3,3,0,150029,,11014,1,,12009,1,,,,,,,,,,,,,,,,,,,,,,,,,,
22129,钛合金镐+能量剑,540129,,,,,,,,,,1,0,3,3,0,150029,,11014,1,,12005,1,,,,,,,,,,,,,,,,,,,,,,,,,,
22130,钛合金镐+石矛,540130,,,,,,,,,,1,0,3,3,0,150029,,11014,1,,12002,1,,,,,,,,,,,,,,,,,,,,,,,,,,
22131,钛合金镐+黄铜矛,540131,,,,,,,,,,1,0,3,3,0,150029,,11014,1,,12004,1,,,,,,,,,,,,,,,,,,,,,,,,,,
22132,钛合金镐+能量矛,540132,,,,,,,,,,1,0,3,3,0,150029,,11014,1,,12013,1,,,,,,,,,,,,,,,,,,,,,,,,,,
22133,钛合金镐+魔鬼鱼叉,540133,,,,,,,,,,1,0,3,3,0,150029,,11014,1,,12063,1,,,,,,,,,,,,,,,,,,,,,,,,,,
22134,钻头+黄铜镐,540134,,,,,,,,,,1,0,3,3,0,150029,,11015,1,,11011,1,,,,,,,,,,,,,,,,,,,,,,,,,,
22135,钻头+石镐,540135,,,,,,,,,,1,0,3,3,0,150029,,11015,1,,11012,1,,,,,,,,,,,,,,,,,,,,,,,,,,
22136,钻头+秘银镐,540136,,,,,,,,,,1,0,3,3,0,150029,,11015,1,,11013,1,,,,,,,,,,,,,,,,,,,,,,,,,,
22137,钻头+钛合金镐,540137,,,,,,,,,,1,0,3,3,0,150029,,11015,1,,11014,1,,,,,,,,,,,,,,,,,,,,,,,,,,
22138,钻头+钻头,540138,,,,,,,,,,1,0,3,3,0,150029,,11015,1,,11015,1,,,,,,,,,,,,,,,,,,,,,,,,,,
22139,钻头+星瞳钻头,540139,,,,,,,,,,1,0,3,3,0,150029,,11015,1,,11016,1,,,,,,,,,,,,,,,,,,,,,,,,,,
22140,钻头+木棒,540140,,,,,,,,,,1,0,3,3,0,150029,,11015,1,,12001,1,,,,,,,,,,,,,,,,,,,,,,,,,,
22141,钻头+尖尖碰碰锤,540141,,,,,,,,,,1,0,3,3,0,150029,,11015,1,,11230,1,,,,,,,,,,,,,,,,,,,,,,,,,,
22142,钻头+冻结棒,540142,,,,,,,,,,1,0,3,3,0,150029,,11015,1,,12316,1,,,,,,,,,,,,,,,,,,,,,,,,,,
22143,钻头+钛金战锤,540143,,,,,,,,,,1,0,3,3,0,150029,,11015,1,,12010,1,,,,,,,,,,,,,,,,,,,,,,,,,,
22144,钻头+石剑,540144,,,,,,,,,,1,0,3,3,0,150029,,11015,1,,12012,1,,,,,,,,,,,,,,,,,,,,,,,,,,
22145,钻头+短剑,540145,,,,,,,,,,1,0,3,3,0,150029,,11015,1,,12003,1,,,,,,,,,,,,,,,,,,,,,,,,,,
22146,钻头+收割者,540146,,,,,,,,,,1,0,3,3,0,150029,,11015,1,,12009,1,,,,,,,,,,,,,,,,,,,,,,,,,,
22147,钻头+能量剑,540147,,,,,,,,,,1,0,3,3,0,150029,,11015,1,,12005,1,,,,,,,,,,,,,,,,,,,,,,,,,,
22148,钻头+石矛,540148,,,,,,,,,,1,0,3,3,0,150029,,11015,1,,12002,1,,,,,,,,,,,,,,,,,,,,,,,,,,
22149,钻头+黄铜矛,540149,,,,,,,,,,1,0,3,3,0,150029,,11015,1,,12004,1,,,,,,,,,,,,,,,,,,,,,,,,,,
22150,钻头+能量矛,540150,,,,,,,,,,1,0,3,3,0,150029,,11015,1,,12013,1,,,,,,,,,,,,,,,,,,,,,,,,,,
22151,钻头+魔鬼鱼叉,540151,,,,,,,,,,1,0,3,3,0,150029,,11015,1,,12063,1,,,,,,,,,,,,,,,,,,,,,,,,,,
22152,星瞳钻头+黄铜镐,540152,,,,,,,,,,1,0,3,3,0,150029,,11016,1,,11011,1,,,,,,,,,,,,,,,,,,,,,,,,,,
22153,星瞳钻头+石镐,540153,,,,,,,,,,1,0,3,3,0,150029,,11016,1,,11012,1,,,,,,,,,,,,,,,,,,,,,,,,,,
22154,星瞳钻头+秘银镐,540154,,,,,,,,,,1,0,3,3,0,150029,,11016,1,,11013,1,,,,,,,,,,,,,,,,,,,,,,,,,,
22155,星瞳钻头+钛合金镐,540155,,,,,,,,,,1,0,3,3,0,150029,,11016,1,,11014,1,,,,,,,,,,,,,,,,,,,,,,,,,,
22156,星瞳钻头+星瞳钻头,540156,,,,,,,,,,1,0,3,3,0,150029,,11016,1,,11016,1,,,,,,,,,,,,,,,,,,,,,,,,,,
22157,星瞳钻头+木棒,540157,,,,,,,,,,1,0,3,3,0,150029,,11016,1,,12001,1,,,,,,,,,,,,,,,,,,,,,,,,,,
22158,星瞳钻头+尖尖碰碰锤,540158,,,,,,,,,,1,0,3,3,0,150029,,11016,1,,11230,1,,,,,,,,,,,,,,,,,,,,,,,,,,
22159,星瞳钻头+冻结棒,540159,,,,,,,,,,1,0,3,3,0,150029,,11016,1,,12316,1,,,,,,,,,,,,,,,,,,,,,,,,,,
22160,星瞳钻头+钛金战锤,540160,,,,,,,,,,1,0,3,3,0,150029,,11016,1,,12010,1,,,,,,,,,,,,,,,,,,,,,,,,,,
22161,星瞳钻头+石剑,540161,,,,,,,,,,1,0,3,3,0,150029,,11016,1,,12012,1,,,,,,,,,,,,,,,,,,,,,,,,,,
22162,星瞳钻头+短剑,540162,,,,,,,,,,1,0,3,3,0,150029,,11016,1,,12003,1,,,,,,,,,,,,,,,,,,,,,,,,,,
22163,星瞳钻头+收割者,540163,,,,,,,,,,1,0,3,3,0,150029,,11016,1,,12009,1,,,,,,,,,,,,,,,,,,,,,,,,,,
22164,星瞳钻头+能量剑,540164,,,,,,,,,,1,0,3,3,0,150029,,11016,1,,12005,1,,,,,,,,,,,,,,,,,,,,,,,,,,
22165,星瞳钻头+石矛,540165,,,,,,,,,,1,0,3,3,0,150029,,11016,1,,12002,1,,,,,,,,,,,,,,,,,,,,,,,,,,
22166,星瞳钻头+黄铜矛,540166,,,,,,,,,,1,0,3,3,0,150029,,11016,1,,12004,1,,,,,,,,,,,,,,,,,,,,,,,,,,
22167,星瞳钻头+能量矛,540167,,,,,,,,,,1,0,3,3,0,150029,,11016,1,,12013,1,,,,,,,,,,,,,,,,,,,,,,,,,,
22168,星瞳钻头+魔鬼鱼叉,540168,,,,,,,,,,1,0,3,3,0,150029,,11016,1,,12063,1,,,,,,,,,,,,,,,,,,,,,,,,,,
22169,黄铜铲+黄铜铲,540169,,,,,,,,,,1,0,3,3,0,150029,,11021,1,,11021,1,,,,,,,,,,,,,,,,,,,,,,,,,,
22170,黄铜铲+石铲,540170,,,,,,,,,,1,0,3,3,0,150029,,11021,1,,11022,1,,,,,,,,,,,,,,,,,,,,,,,,,,
22171,黄铜铲+木棒,540171,,,,,,,,,,1,0,3,3,0,150029,,11021,1,,12001,1,,,,,,,,,,,,,,,,,,,,,,,,,,
22172,黄铜铲+尖尖碰碰锤,540172,,,,,,,,,,1,0,3,3,0,150029,,11021,1,,11230,1,,,,,,,,,,,,,,,,,,,,,,,,,,
22173,黄铜铲+冻结棒,540173,,,,,,,,,,1,0,3,3,0,150029,,11021,1,,12316,1,,,,,,,,,,,,,,,,,,,,,,,,,,
22174,黄铜铲+钛金战锤,540174,,,,,,,,,,1,0,3,3,0,150029,,11021,1,,12010,1,,,,,,,,,,,,,,,,,,,,,,,,,,
22175,黄铜铲+石剑,540175,,,,,,,,,,1,0,3,3,0,150029,,11021,1,,12012,1,,,,,,,,,,,,,,,,,,,,,,,,,,
22176,黄铜铲+短剑,540176,,,,,,,,,,1,0,3,3,0,150029,,11021,1,,12003,1,,,,,,,,,,,,,,,,,,,,,,,,,,
22177,黄铜铲+收割者,540177,,,,,,,,,,1,0,3,3,0,150029,,11021,1,,12009,1,,,,,,,,,,,,,,,,,,,,,,,,,,
22178,黄铜铲+能量剑,540178,,,,,,,,,,1,0,3,3,0,150029,,11021,1,,12005,1,,,,,,,,,,,,,,,,,,,,,,,,,,
22179,黄铜铲+石矛,540179,,,,,,,,,,1,0,3,3,0,150029,,11021,1,,12002,1,,,,,,,,,,,,,,,,,,,,,,,,,,
22180,黄铜铲+黄铜矛,540180,,,,,,,,,,1,0,3,3,0,150029,,11021,1,,12004,1,,,,,,,,,,,,,,,,,,,,,,,,,,
22181,黄铜铲+能量矛,540181,,,,,,,,,,1,0,3,3,0,150029,,11021,1,,12013,1,,,,,,,,,,,,,,,,,,,,,,,,,,
22182,黄铜铲+魔鬼鱼叉,540182,,,,,,,,,,1,0,3,3,0,150029,,11021,1,,12063,1,,,,,,,,,,,,,,,,,,,,,,,,,,
22183,石铲+石铲,540183,,,,,,,,,,1,0,3,3,0,150029,,11022,1,,11022,1,,,,,,,,,,,,,,,,,,,,,,,,,,
22184,石铲+木棒,540184,,,,,,,,,,1,0,3,3,0,150029,,11022,1,,12001,1,,,,,,,,,,,,,,,,,,,,,,,,,,
22185,石铲+尖尖碰碰锤,540185,,,,,,,,,,1,0,3,3,0,150029,,11022,1,,11230,1,,,,,,,,,,,,,,,,,,,,,,,,,,
22186,石铲+冻结棒,540186,,,,,,,,,,1,0,3,3,0,150029,,11022,1,,12316,1,,,,,,,,,,,,,,,,,,,,,,,,,,
22187,石铲+钛金战锤,540187,,,,,,,,,,1,0,3,3,0,150029,,11022,1,,12010,1,,,,,,,,,,,,,,,,,,,,,,,,,,
22188,石铲+石剑,540188,,,,,,,,,,1,0,3,3,0,150029,,11022,1,,12012,1,,,,,,,,,,,,,,,,,,,,,,,,,,
22189,石铲+短剑,540189,,,,,,,,,,1,0,3,3,0,150029,,11022,1,,12003,1,,,,,,,,,,,,,,,,,,,,,,,,,,
22190,石铲+收割者,540190,,,,,,,,,,1,0,3,3,0,150029,,11022,1,,12009,1,,,,,,,,,,,,,,,,,,,,,,,,,,
22191,石铲+能量剑,540191,,,,,,,,,,1,0,3,3,0,150029,,11022,1,,12005,1,,,,,,,,,,,,,,,,,,,,,,,,,,
22192,石铲+石矛,540192,,,,,,,,,,1,0,3,3,0,150029,,11022,1,,12002,1,,,,,,,,,,,,,,,,,,,,,,,,,,
22193,石铲+黄铜矛,540193,,,,,,,,,,1,0,3,3,0,150029,,11022,1,,12004,1,,,,,,,,,,,,,,,,,,,,,,,,,,
22194,石铲+能量矛,540194,,,,,,,,,,1,0,3,3,0,150029,,11022,1,,12013,1,,,,,,,,,,,,,,,,,,,,,,,,,,
22195,石铲+魔鬼鱼叉,540195,,,,,,,,,,1,0,3,3,0,150029,,11022,1,,12063,1,,,,,,,,,,,,,,,,,,,,,,,,,,
22196,秘银铲+黄铜铲,540196,,,,,,,,,,1,0,3,3,0,150029,,11023,1,,11021,1,,,,,,,,,,,,,,,,,,,,,,,,,,
22197,秘银铲+石铲,540197,,,,,,,,,,1,0,3,3,0,150029,,11023,1,,11022,1,,,,,,,,,,,,,,,,,,,,,,,,,,
22198,秘银铲+秘银铲,540198,,,,,,,,,,1,0,3,3,0,150029,,11023,1,,11023,1,,,,,,,,,,,,,,,,,,,,,,,,,,
22199,秘银铲+木棒,540199,,,,,,,,,,1,0,3,3,0,150029,,11023,1,,12001,1,,,,,,,,,,,,,,,,,,,,,,,,,,
22200,秘银铲+尖尖碰碰锤,540200,,,,,,,,,,1,0,3,3,0,150029,,11023,1,,11230,1,,,,,,,,,,,,,,,,,,,,,,,,,,
22201,秘银铲+冻结棒,540201,,,,,,,,,,1,0,3,3,0,150029,,11023,1,,12316,1,,,,,,,,,,,,,,,,,,,,,,,,,,
22202,秘银铲+钛金战锤,540202,,,,,,,,,,1,0,3,3,0,150029,,11023,1,,12010,1,,,,,,,,,,,,,,,,,,,,,,,,,,
22203,秘银铲+石剑,540203,,,,,,,,,,1,0,3,3,0,150029,,11023,1,,12012,1,,,,,,,,,,,,,,,,,,,,,,,,,,
22204,秘银铲+短剑,540204,,,,,,,,,,1,0,3,3,0,150029,,11023,1,,12003,1,,,,,,,,,,,,,,,,,,,,,,,,,,
22205,秘银铲+收割者,540205,,,,,,,,,,1,0,3,3,0,150029,,11023,1,,12009,1,,,,,,,,,,,,,,,,,,,,,,,,,,
22206,秘银铲+能量剑,540206,,,,,,,,,,1,0,3,3,0,150029,,11023,1,,12005,1,,,,,,,,,,,,,,,,,,,,,,,,,,
22207,秘银铲+石矛,540207,,,,,,,,,,1,0,3,3,0,150029,,11023,1,,12002,1,,,,,,,,,,,,,,,,,,,,,,,,,,
22208,秘银铲+黄铜矛,540208,,,,,,,,,,1,0,3,3,0,150029,,11023,1,,12004,1,,,,,,,,,,,,,,,,,,,,,,,,,,
22209,秘银铲+能量矛,540209,,,,,,,,,,1,0,3,3,0,150029,,11023,1,,12013,1,,,,,,,,,,,,,,,,,,,,,,,,,,
22210,秘银铲+魔鬼鱼叉,540210,,,,,,,,,,1,0,3,3,0,150029,,11023,1,,12063,1,,,,,,,,,,,,,,,,,,,,,,,,,,
22211,钛合金铲+黄铜铲,540211,,,,,,,,,,1,0,3,3,0,150029,,11024,1,,11021,1,,,,,,,,,,,,,,,,,,,,,,,,,,
22212,钛合金铲+石铲,540212,,,,,,,,,,1,0,3,3,0,150029,,11024,1,,11022,1,,,,,,,,,,,,,,,,,,,,,,,,,,
22213,钛合金铲+秘银铲,540213,,,,,,,,,,1,0,3,3,0,150029,,11024,1,,11023,1,,,,,,,,,,,,,,,,,,,,,,,,,,
22214,钛合金铲+钛合金铲,540214,,,,,,,,,,1,0,3,3,0,150029,,11024,1,,11024,1,,,,,,,,,,,,,,,,,,,,,,,,,,
22215,钛合金铲+木棒,540215,,,,,,,,,,1,0,3,3,0,150029,,11024,1,,12001,1,,,,,,,,,,,,,,,,,,,,,,,,,,
22216,钛合金铲+尖尖碰碰锤,540216,,,,,,,,,,1,0,3,3,0,150029,,11024,1,,11230,1,,,,,,,,,,,,,,,,,,,,,,,,,,
22217,钛合金铲+冻结棒,540217,,,,,,,,,,1,0,3,3,0,150029,,11024,1,,12316,1,,,,,,,,,,,,,,,,,,,,,,,,,,
22218,钛合金铲+钛金战锤,540218,,,,,,,,,,1,0,3,3,0,150029,,11024,1,,12010,1,,,,,,,,,,,,,,,,,,,,,,,,,,
22219,钛合金铲+石剑,540219,,,,,,,,,,1,0,3,3,0,150029,,11024,1,,12012,1,,,,,,,,,,,,,,,,,,,,,,,,,,
22220,钛合金铲+短剑,540220,,,,,,,,,,1,0,3,3,0,150029,,11024,1,,12003,1,,,,,,,,,,,,,,,,,,,,,,,,,,
22221,钛合金铲+收割者,540221,,,,,,,,,,1,0,3,3,0,150029,,11024,1,,12009,1,,,,,,,,,,,,,,,,,,,,,,,,,,
22222,钛合金铲+能量剑,540222,,,,,,,,,,1,0,3,3,0,150029,,11024,1,,12005,1,,,,,,,,,,,,,,,,,,,,,,,,,,
22223,钛合金铲+石矛,540223,,,,,,,,,,1,0,3,3,0,150029,,11024,1,,12002,1,,,,,,,,,,,,,,,,,,,,,,,,,,
22224,钛合金铲+黄铜矛,540224,,,,,,,,,,1,0,3,3,0,150029,,11024,1,,12004,1,,,,,,,,,,,,,,,,,,,,,,,,,,
22225,钛合金铲+能量矛,540225,,,,,,,,,,1,0,3,3,0,150029,,11024,1,,12013,1,,,,,,,,,,,,,,,,,,,,,,,,,,
22226,钛合金铲+魔鬼鱼叉,540226,,,,,,,,,,1,0,3,3,0,150029,,11024,1,,12063,1,,,,,,,,,,,,,,,,,,,,,,,,,,
22227,钨金铲+黄铜铲,540227,,,,,,,,,,1,0,3,3,0,150029,,11025,1,,11021,1,,,,,,,,,,,,,,,,,,,,,,,,,,
22228,钨金铲+石铲,540228,,,,,,,,,,1,0,3,3,0,150029,,11025,1,,11022,1,,,,,,,,,,,,,,,,,,,,,,,,,,
22229,钨金铲+秘银铲,540229,,,,,,,,,,1,0,3,3,0,150029,,11025,1,,11023,1,,,,,,,,,,,,,,,,,,,,,,,,,,
22230,钨金铲+钛合金铲,540230,,,,,,,,,,1,0,3,3,0,150029,,11025,1,,11024,1,,,,,,,,,,,,,,,,,,,,,,,,,,
22231,钨金铲+钨金铲,540231,,,,,,,,,,1,0,3,3,0,150029,,11025,1,,11025,1,,,,,,,,,,,,,,,,,,,,,,,,,,
22232,钨金铲+木棒,540232,,,,,,,,,,1,0,3,3,0,150029,,11025,1,,12001,1,,,,,,,,,,,,,,,,,,,,,,,,,,
22233,钨金铲+尖尖碰碰锤,540233,,,,,,,,,,1,0,3,3,0,150029,,11025,1,,11230,1,,,,,,,,,,,,,,,,,,,,,,,,,,
22234,钨金铲+冻结棒,540234,,,,,,,,,,1,0,3,3,0,150029,,11025,1,,12316,1,,,,,,,,,,,,,,,,,,,,,,,,,,
22235,钨金铲+钛金战锤,540235,,,,,,,,,,1,0,3,3,0,150029,,11025,1,,12010,1,,,,,,,,,,,,,,,,,,,,,,,,,,
22236,钨金铲+石剑,540236,,,,,,,,,,1,0,3,3,0,150029,,11025,1,,12012,1,,,,,,,,,,,,,,,,,,,,,,,,,,
22237,钨金铲+短剑,540237,,,,,,,,,,1,0,3,3,0,150029,,11025,1,,12003,1,,,,,,,,,,,,,,,,,,,,,,,,,,
22238,钨金铲+收割者,540238,,,,,,,,,,1,0,3,3,0,150029,,11025,1,,12009,1,,,,,,,,,,,,,,,,,,,,,,,,,,
22239,钨金铲+能量剑,540239,,,,,,,,,,1,0,3,3,0,150029,,11025,1,,12005,1,,,,,,,,,,,,,,,,,,,,,,,,,,
22240,钨金铲+石矛,540240,,,,,,,,,,1,0,3,3,0,150029,,11025,1,,12002,1,,,,,,,,,,,,,,,,,,,,,,,,,,
22241,钨金铲+黄铜矛,540241,,,,,,,,,,1,0,3,3,0,150029,,11025,1,,12004,1,,,,,,,,,,,,,,,,,,,,,,,,,,
22242,钨金铲+能量矛,540242,,,,,,,,,,1,0,3,3,0,150029,,11025,1,,12013,1,,,,,,,,,,,,,,,,,,,,,,,,,,
22243,钨金铲+魔鬼鱼叉,540243,,,,,,,,,,1,0,3,3,0,150029,,11025,1,,12063,1,,,,,,,,,,,,,,,,,,,,,,,,,,
22244,黄铜耙+黄铜耙,540244,,,,,,,,,,1,0,3,3,0,150029,,11031,1,,11031,1,,,,,,,,,,,,,,,,,,,,,,,,,,
22245,黄铜耙+石耙,540245,,,,,,,,,,1,0,3,3,0,150029,,11031,1,,11032,1,,,,,,,,,,,,,,,,,,,,,,,,,,
22246,黄铜耙+木棒,540246,,,,,,,,,,1,0,3,3,0,150029,,11031,1,,12001,1,,,,,,,,,,,,,,,,,,,,,,,,,,
22247,黄铜耙+尖尖碰碰锤,540247,,,,,,,,,,1,0,3,3,0,150029,,11031,1,,11230,1,,,,,,,,,,,,,,,,,,,,,,,,,,
22248,黄铜耙+冻结棒,540248,,,,,,,,,,1,0,3,3,0,150029,,11031,1,,12316,1,,,,,,,,,,,,,,,,,,,,,,,,,,
22249,黄铜耙+钛金战锤,540249,,,,,,,,,,1,0,3,3,0,150029,,11031,1,,12010,1,,,,,,,,,,,,,,,,,,,,,,,,,,
22250,黄铜耙+石剑,540250,,,,,,,,,,1,0,3,3,0,150029,,11031,1,,12012,1,,,,,,,,,,,,,,,,,,,,,,,,,,
22251,黄铜耙+短剑,540251,,,,,,,,,,1,0,3,3,0,150029,,11031,1,,12003,1,,,,,,,,,,,,,,,,,,,,,,,,,,
22252,黄铜耙+收割者,540252,,,,,,,,,,1,0,3,3,0,150029,,11031,1,,12009,1,,,,,,,,,,,,,,,,,,,,,,,,,,
22253,黄铜耙+能量剑,540253,,,,,,,,,,1,0,3,3,0,150029,,11031,1,,12005,1,,,,,,,,,,,,,,,,,,,,,,,,,,
22254,黄铜耙+石矛,540254,,,,,,,,,,1,0,3,3,0,150029,,11031,1,,12002,1,,,,,,,,,,,,,,,,,,,,,,,,,,
22255,黄铜耙+黄铜矛,540255,,,,,,,,,,1,0,3,3,0,150029,,11031,1,,12004,1,,,,,,,,,,,,,,,,,,,,,,,,,,
22256,黄铜耙+能量矛,540256,,,,,,,,,,1,0,3,3,0,150029,,11031,1,,12013,1,,,,,,,,,,,,,,,,,,,,,,,,,,
22257,黄铜耙+魔鬼鱼叉,540257,,,,,,,,,,1,0,3,3,0,150029,,11031,1,,12063,1,,,,,,,,,,,,,,,,,,,,,,,,,,
22258,石耙+石耙,540258,,,,,,,,,,1,0,3,3,0,150029,,11032,1,,11032,1,,,,,,,,,,,,,,,,,,,,,,,,,,
22259,石耙+木棒,540259,,,,,,,,,,1,0,3,3,0,150029,,11032,1,,12001,1,,,,,,,,,,,,,,,,,,,,,,,,,,
22260,石耙+尖尖碰碰锤,540260,,,,,,,,,,1,0,3,3,0,150029,,11032,1,,11230,1,,,,,,,,,,,,,,,,,,,,,,,,,,
22261,石耙+冻结棒,540261,,,,,,,,,,1,0,3,3,0,150029,,11032,1,,12316,1,,,,,,,,,,,,,,,,,,,,,,,,,,
22262,石耙+钛金战锤,540262,,,,,,,,,,1,0,3,3,0,150029,,11032,1,,12010,1,,,,,,,,,,,,,,,,,,,,,,,,,,
22263,石耙+石剑,540263,,,,,,,,,,1,0,3,3,0,150029,,11032,1,,12012,1,,,,,,,,,,,,,,,,,,,,,,,,,,
22264,石耙+短剑,540264,,,,,,,,,,1,0,3,3,0,150029,,11032,1,,12003,1,,,,,,,,,,,,,,,,,,,,,,,,,,
22265,石耙+收割者,540265,,,,,,,,,,1,0,3,3,0,150029,,11032,1,,12009,1,,,,,,,,,,,,,,,,,,,,,,,,,,
22266,石耙+能量剑,540266,,,,,,,,,,1,0,3,3,0,150029,,11032,1,,12005,1,,,,,,,,,,,,,,,,,,,,,,,,,,
22267,石耙+石矛,540267,,,,,,,,,,1,0,3,3,0,150029,,11032,1,,12002,1,,,,,,,,,,,,,,,,,,,,,,,,,,
22268,石耙+黄铜矛,540268,,,,,,,,,,1,0,3,3,0,150029,,11032,1,,12004,1,,,,,,,,,,,,,,,,,,,,,,,,,,
22269,石耙+能量矛,540269,,,,,,,,,,1,0,3,3,0,150029,,11032,1,,12013,1,,,,,,,,,,,,,,,,,,,,,,,,,,
22270,石耙+魔鬼鱼叉,540270,,,,,,,,,,1,0,3,3,0,150029,,11032,1,,12063,1,,,,,,,,,,,,,,,,,,,,,,,,,,
22271,秘银耙+黄铜耙,540271,,,,,,,,,,1,0,3,3,0,150029,,11033,1,,11031,1,,,,,,,,,,,,,,,,,,,,,,,,,,
22272,秘银耙+石耙,540272,,,,,,,,,,1,0,3,3,0,150029,,11033,1,,11032,1,,,,,,,,,,,,,,,,,,,,,,,,,,
22273,秘银耙+秘银耙,540273,,,,,,,,,,1,0,3,3,0,150029,,11033,1,,11033,1,,,,,,,,,,,,,,,,,,,,,,,,,,
22274,秘银耙+木棒,540274,,,,,,,,,,1,0,3,3,0,150029,,11033,1,,12001,1,,,,,,,,,,,,,,,,,,,,,,,,,,
22275,秘银耙+尖尖碰碰锤,540275,,,,,,,,,,1,0,3,3,0,150029,,11033,1,,11230,1,,,,,,,,,,,,,,,,,,,,,,,,,,
22276,秘银耙+冻结棒,540276,,,,,,,,,,1,0,3,3,0,150029,,11033,1,,12316,1,,,,,,,,,,,,,,,,,,,,,,,,,,
22277,秘银耙+钛金战锤,540277,,,,,,,,,,1,0,3,3,0,150029,,11033,1,,12010,1,,,,,,,,,,,,,,,,,,,,,,,,,,
22278,秘银耙+石剑,540278,,,,,,,,,,1,0,3,3,0,150029,,11033,1,,12012,1,,,,,,,,,,,,,,,,,,,,,,,,,,
22279,秘银耙+短剑,540279,,,,,,,,,,1,0,3,3,0,150029,,11033,1,,12003,1,,,,,,,,,,,,,,,,,,,,,,,,,,
22280,秘银耙+收割者,540280,,,,,,,,,,1,0,3,3,0,150029,,11033,1,,12009,1,,,,,,,,,,,,,,,,,,,,,,,,,,
22281,秘银耙+能量剑,540281,,,,,,,,,,1,0,3,3,0,150029,,11033,1,,12005,1,,,,,,,,,,,,,,,,,,,,,,,,,,
22282,秘银耙+石矛,540282,,,,,,,,,,1,0,3,3,0,150029,,11033,1,,12002,1,,,,,,,,,,,,,,,,,,,,,,,,,,
22283,秘银耙+黄铜矛,540283,,,,,,,,,,1,0,3,3,0,150029,,11033,1,,12004,1,,,,,,,,,,,,,,,,,,,,,,,,,,
22284,秘银耙+能量矛,540284,,,,,,,,,,1,0,3,3,0,150029,,11033,1,,12013,1,,,,,,,,,,,,,,,,,,,,,,,,,,
22285,秘银耙+魔鬼鱼叉,540285,,,,,,,,,,1,0,3,3,0,150029,,11033,1,,12063,1,,,,,,,,,,,,,,,,,,,,,,,,,,
22286,钛合金耙+黄铜耙,540286,,,,,,,,,,1,0,3,3,0,150029,,11034,1,,11031,1,,,,,,,,,,,,,,,,,,,,,,,,,,
22287,钛合金耙+石耙,540287,,,,,,,,,,1,0,3,3,0,150029,,11034,1,,11032,1,,,,,,,,,,,,,,,,,,,,,,,,,,
22288,钛合金耙+秘银耙,540288,,,,,,,,,,1,0,3,3,0,150029,,11034,1,,11033,1,,,,,,,,,,,,,,,,,,,,,,,,,,
22289,钛合金耙+钛合金耙,540289,,,,,,,,,,1,0,3,3,0,150029,,11034,1,,11034,1,,,,,,,,,,,,,,,,,,,,,,,,,,
22290,钛合金耙+木棒,540290,,,,,,,,,,1,0,3,3,0,150029,,11034,1,,12001,1,,,,,,,,,,,,,,,,,,,,,,,,,,
22291,钛合金耙+尖尖碰碰锤,540291,,,,,,,,,,1,0,3,3,0,150029,,11034,1,,11230,1,,,,,,,,,,,,,,,,,,,,,,,,,,
22292,钛合金耙+冻结棒,540292,,,,,,,,,,1,0,3,3,0,150029,,11034,1,,12316,1,,,,,,,,,,,,,,,,,,,,,,,,,,
22293,钛合金耙+钛金战锤,540293,,,,,,,,,,1,0,3,3,0,150029,,11034,1,,12010,1,,,,,,,,,,,,,,,,,,,,,,,,,,
22294,钛合金耙+石剑,540294,,,,,,,,,,1,0,3,3,0,150029,,11034,1,,12012,1,,,,,,,,,,,,,,,,,,,,,,,,,,
22295,钛合金耙+短剑,540295,,,,,,,,,,1,0,3,3,0,150029,,11034,1,,12003,1,,,,,,,,,,,,,,,,,,,,,,,,,,
22296,钛合金耙+收割者,540296,,,,,,,,,,1,0,3,3,0,150029,,11034,1,,12009,1,,,,,,,,,,,,,,,,,,,,,,,,,,
22297,钛合金耙+能量剑,540297,,,,,,,,,,1,0,3,3,0,150029,,11034,1,,12005,1,,,,,,,,,,,,,,,,,,,,,,,,,,
22298,钛合金耙+石矛,540298,,,,,,,,,,1,0,3,3,0,150029,,11034,1,,12002,1,,,,,,,,,,,,,,,,,,,,,,,,,,
22299,钛合金耙+黄铜矛,540299,,,,,,,,,,1,0,3,3,0,150029,,11034,1,,12004,1,,,,,,,,,,,,,,,,,,,,,,,,,,
22300,钛合金耙+能量矛,540300,,,,,,,,,,1,0,3,3,0,150029,,11034,1,,12013,1,,,,,,,,,,,,,,,,,,,,,,,,,,
22301,钛合金耙+魔鬼鱼叉,540301,,,,,,,,,,1,0,3,3,0,150029,,11034,1,,12063,1,,,,,,,,,,,,,,,,,,,,,,,,,,
22302,钨金耙+黄铜耙,540302,,,,,,,,,,1,0,3,3,0,150029,,11035,1,,11031,1,,,,,,,,,,,,,,,,,,,,,,,,,,
22303,钨金耙+石耙,540303,,,,,,,,,,1,0,3,3,0,150029,,11035,1,,11032,1,,,,,,,,,,,,,,,,,,,,,,,,,,
22304,钨金耙+秘银耙,540304,,,,,,,,,,1,0,3,3,0,150029,,11035,1,,11033,1,,,,,,,,,,,,,,,,,,,,,,,,,,
22305,钨金耙+钛合金耙,540305,,,,,,,,,,1,0,3,3,0,150029,,11035,1,,11034,1,,,,,,,,,,,,,,,,,,,,,,,,,,
22306,钨金耙+钨金耙,540306,,,,,,,,,,1,0,3,3,0,150029,,11035,1,,11035,1,,,,,,,,,,,,,,,,,,,,,,,,,,
22307,钨金耙+木棒,540307,,,,,,,,,,1,0,3,3,0,150029,,11035,1,,12001,1,,,,,,,,,,,,,,,,,,,,,,,,,,
22308,钨金耙+尖尖碰碰锤,540308,,,,,,,,,,1,0,3,3,0,150029,,11035,1,,11230,1,,,,,,,,,,,,,,,,,,,,,,,,,,
22309,钨金耙+冻结棒,540309,,,,,,,,,,1,0,3,3,0,150029,,11035,1,,12316,1,,,,,,,,,,,,,,,,,,,,,,,,,,
22310,钨金耙+钛金战锤,540310,,,,,,,,,,1,0,3,3,0,150029,,11035,1,,12010,1,,,,,,,,,,,,,,,,,,,,,,,,,,
22311,钨金耙+石剑,540311,,,,,,,,,,1,0,3,3,0,150029,,11035,1,,12012,1,,,,,,,,,,,,,,,,,,,,,,,,,,
22312,钨金耙+短剑,540312,,,,,,,,,,1,0,3,3,0,150029,,11035,1,,12003,1,,,,,,,,,,,,,,,,,,,,,,,,,,
22313,钨金耙+收割者,540313,,,,,,,,,,1,0,3,3,0,150029,,11035,1,,12009,1,,,,,,,,,,,,,,,,,,,,,,,,,,
22314,钨金耙+能量剑,540314,,,,,,,,,,1,0,3,3,0,150029,,11035,1,,12005,1,,,,,,,,,,,,,,,,,,,,,,,,,,
22315,钨金耙+石矛,540315,,,,,,,,,,1,0,3,3,0,150029,,11035,1,,12002,1,,,,,,,,,,,,,,,,,,,,,,,,,,
22316,钨金耙+黄铜矛,540316,,,,,,,,,,1,0,3,3,0,150029,,11035,1,,12004,1,,,,,,,,,,,,,,,,,,,,,,,,,,
22317,钨金耙+能量矛,540317,,,,,,,,,,1,0,3,3,0,150029,,11035,1,,12013,1,,,,,,,,,,,,,,,,,,,,,,,,,,
22318,钨金耙+魔鬼鱼叉,540318,,,,,,,,,,1,0,3,3,0,150029,,11035,1,,12063,1,,,,,,,,,,,,,,,,,,,,,,,,,,
22319,木棒+木棒,540319,,,,,,,,,,1,0,3,3,0,150029,,12001,1,,12001,1,,,,,,,,,,,,,,,,,,,,,,,,,,
22320,木棒+石剑,540320,,,,,,,,,,1,0,3,3,0,150029,,12001,1,,12012,1,,,,,,,,,,,,,,,,,,,,,,,,,,
22321,木棒+短剑,540321,,,,,,,,,,1,0,3,3,0,150029,,12001,1,,12003,1,,,,,,,,,,,,,,,,,,,,,,,,,,
22322,木棒+收割者,540322,,,,,,,,,,1,0,3,3,0,150029,,12001,1,,12009,1,,,,,,,,,,,,,,,,,,,,,,,,,,
22323,木棒+能量剑,540323,,,,,,,,,,1,0,3,3,0,150029,,12001,1,,12005,1,,,,,,,,,,,,,,,,,,,,,,,,,,
22324,木棒+蝎壳盾,540324,,,,,,,,,,1,0,3,3,0,150029,,12001,1,,12309,1,,,,,,,,,,,,,,,,,,,,,,,,,,
22325,木棒+蝎刺盾,540325,,,,,,,,,,1,0,3,3,0,150029,,12001,1,,12310,1,,,,,,,,,,,,,,,,,,,,,,,,,,
22326,木棒+木盾,540326,,,,,,,,,,1,0,3,3,0,150029,,12001,1,,12317,1,,,,,,,,,,,,,,,,,,,,,,,,,,
22327,木棒+黄铜盾,540327,,,,,,,,,,1,0,3,3,0,150029,,12001,1,,12318,1,,,,,,,,,,,,,,,,,,,,,,,,,,
22328,木棒+钛金盾,540328,,,,,,,,,,1,0,3,3,0,150029,,12001,1,,12319,1,,,,,,,,,,,,,,,,,,,,,,,,,,
22329,尖尖碰碰锤+木棒,540329,,,,,,,,,,1,0,3,3,0,150029,,11230,1,,12001,1,,,,,,,,,,,,,,,,,,,,,,,,,,
22330,尖尖碰碰锤+尖尖碰碰锤,540330,,,,,,,,,,1,0,3,3,0,150029,,11230,1,,11230,1,,,,,,,,,,,,,,,,,,,,,,,,,,
22331,尖尖碰碰锤+冻结棒,540331,,,,,,,,,,1,0,3,3,0,150029,,11230,1,,12316,1,,,,,,,,,,,,,,,,,,,,,,,,,,
22332,尖尖碰碰锤+石剑,540332,,,,,,,,,,1,0,3,3,0,150029,,11230,1,,12012,1,,,,,,,,,,,,,,,,,,,,,,,,,,
22333,尖尖碰碰锤+短剑,540333,,,,,,,,,,1,0,3,3,0,150029,,11230,1,,12003,1,,,,,,,,,,,,,,,,,,,,,,,,,,
22334,尖尖碰碰锤+收割者,540334,,,,,,,,,,1,0,3,3,0,150029,,11230,1,,12009,1,,,,,,,,,,,,,,,,,,,,,,,,,,
22335,尖尖碰碰锤+能量剑,540335,,,,,,,,,,1,0,3,3,0,150029,,11230,1,,12005,1,,,,,,,,,,,,,,,,,,,,,,,,,,
22336,尖尖碰碰锤+蝎壳盾,540336,,,,,,,,,,1,0,3,3,0,150029,,11230,1,,12309,1,,,,,,,,,,,,,,,,,,,,,,,,,,
22337,尖尖碰碰锤+蝎刺盾,540337,,,,,,,,,,1,0,3,3,0,150029,,11230,1,,12310,1,,,,,,,,,,,,,,,,,,,,,,,,,,
22338,尖尖碰碰锤+木盾,540338,,,,,,,,,,1,0,3,3,0,150029,,11230,1,,12317,1,,,,,,,,,,,,,,,,,,,,,,,,,,
22339,尖尖碰碰锤+黄铜盾,540339,,,,,,,,,,1,0,3,3,0,150029,,11230,1,,12318,1,,,,,,,,,,,,,,,,,,,,,,,,,,
22340,尖尖碰碰锤+钛金盾,540340,,,,,,,,,,1,0,3,3,0,150029,,11230,1,,12319,1,,,,,,,,,,,,,,,,,,,,,,,,,,
22341,冻结棒+木棒,540341,,,,,,,,,,1,0,3,3,0,150029,,12316,1,,12001,1,,,,,,,,,,,,,,,,,,,,,,,,,,
22342,冻结棒+冻结棒,540342,,,,,,,,,,1,0,3,3,0,150029,,12316,1,,12316,1,,,,,,,,,,,,,,,,,,,,,,,,,,
22343,冻结棒+石剑,540343,,,,,,,,,,1,0,3,3,0,150029,,12316,1,,12012,1,,,,,,,,,,,,,,,,,,,,,,,,,,
22344,冻结棒+短剑,540344,,,,,,,,,,1,0,3,3,0,150029,,12316,1,,12003,1,,,,,,,,,,,,,,,,,,,,,,,,,,
22345,冻结棒+收割者,540345,,,,,,,,,,1,0,3,3,0,150029,,12316,1,,12009,1,,,,,,,,,,,,,,,,,,,,,,,,,,
22346,冻结棒+能量剑,540346,,,,,,,,,,1,0,3,3,0,150029,,12316,1,,12005,1,,,,,,,,,,,,,,,,,,,,,,,,,,
22347,冻结棒+蝎壳盾,540347,,,,,,,,,,1,0,3,3,0,150029,,12316,1,,12309,1,,,,,,,,,,,,,,,,,,,,,,,,,,
22348,冻结棒+蝎刺盾,540348,,,,,,,,,,1,0,3,3,0,150029,,12316,1,,12310,1,,,,,,,,,,,,,,,,,,,,,,,,,,
22349,冻结棒+木盾,540349,,,,,,,,,,1,0,3,3,0,150029,,12316,1,,12317,1,,,,,,,,,,,,,,,,,,,,,,,,,,
22350,冻结棒+黄铜盾,540350,,,,,,,,,,1,0,3,3,0,150029,,12316,1,,12318,1,,,,,,,,,,,,,,,,,,,,,,,,,,
22351,冻结棒+钛金盾,540351,,,,,,,,,,1,0,3,3,0,150029,,12316,1,,12319,1,,,,,,,,,,,,,,,,,,,,,,,,,,
22352,钛金战锤+木棒,540352,,,,,,,,,,1,0,3,3,0,150029,,12010,1,,12001,1,,,,,,,,,,,,,,,,,,,,,,,,,,
22353,钛金战锤+尖尖碰碰锤,540353,,,,,,,,,,1,0,3,3,0,150029,,12010,1,,11230,1,,,,,,,,,,,,,,,,,,,,,,,,,,
22354,钛金战锤+冻结棒,540354,,,,,,,,,,1,0,3,3,0,150029,,12010,1,,12316,1,,,,,,,,,,,,,,,,,,,,,,,,,,
22355,钛金战锤+钛金战锤,540355,,,,,,,,,,1,0,3,3,0,150029,,12010,1,,12010,1,,,,,,,,,,,,,,,,,,,,,,,,,,
22356,钛金战锤+石剑,540356,,,,,,,,,,1,0,3,3,0,150029,,12010,1,,12012,1,,,,,,,,,,,,,,,,,,,,,,,,,,
22357,钛金战锤+短剑,540357,,,,,,,,,,1,0,3,3,0,150029,,12010,1,,12003,1,,,,,,,,,,,,,,,,,,,,,,,,,,
22358,钛金战锤+收割者,540358,,,,,,,,,,1,0,3,3,0,150029,,12010,1,,12009,1,,,,,,,,,,,,,,,,,,,,,,,,,,
22359,钛金战锤+能量剑,540359,,,,,,,,,,1,0,3,3,0,150029,,12010,1,,12005,1,,,,,,,,,,,,,,,,,,,,,,,,,,
22360,钛金战锤+蝎壳盾,540360,,,,,,,,,,1,0,3,3,0,150029,,12010,1,,12309,1,,,,,,,,,,,,,,,,,,,,,,,,,,
22361,钛金战锤+蝎刺盾,540361,,,,,,,,,,1,0,3,3,0,150029,,12010,1,,12310,1,,,,,,,,,,,,,,,,,,,,,,,,,,
22362,钛金战锤+木盾,540362,,,,,,,,,,1,0,3,3,0,150029,,12010,1,,12317,1,,,,,,,,,,,,,,,,,,,,,,,,,,
22363,钛金战锤+黄铜盾,540363,,,,,,,,,,1,0,3,3,0,150029,,12010,1,,12318,1,,,,,,,,,,,,,,,,,,,,,,,,,,
22364,钛金战锤+钛金盾,540364,,,,,,,,,,1,0,3,3,0,150029,,12010,1,,12319,1,,,,,,,,,,,,,,,,,,,,,,,,,,
22365,石剑+石剑,540365,,,,,,,,,,1,0,3,3,0,150029,,12012,1,,12012,1,,,,,,,,,,,,,,,,,,,,,,,,,,
22366,石剑+蝎壳盾,540366,,,,,,,,,,1,0,3,3,0,150029,,12012,1,,12309,1,,,,,,,,,,,,,,,,,,,,,,,,,,
22367,石剑+蝎刺盾,540367,,,,,,,,,,1,0,3,3,0,150029,,12012,1,,12310,1,,,,,,,,,,,,,,,,,,,,,,,,,,
22368,石剑+木盾,540368,,,,,,,,,,1,0,3,3,0,150029,,12012,1,,12317,1,,,,,,,,,,,,,,,,,,,,,,,,,,
22369,石剑+黄铜盾,540369,,,,,,,,,,1,0,3,3,0,150029,,12012,1,,12318,1,,,,,,,,,,,,,,,,,,,,,,,,,,
22370,石剑+钛金盾,540370,,,,,,,,,,1,0,3,3,0,150029,,12012,1,,12319,1,,,,,,,,,,,,,,,,,,,,,,,,,,
22371,短剑+石剑,540371,,,,,,,,,,1,0,3,3,0,150029,,12003,1,,12012,1,,,,,,,,,,,,,,,,,,,,,,,,,,
22372,短剑+短剑,540372,,,,,,,,,,1,0,3,3,0,150029,,12003,1,,12003,1,,,,,,,,,,,,,,,,,,,,,,,,,,
22373,短剑+蝎壳盾,540373,,,,,,,,,,1,0,3,3,0,150029,,12003,1,,12309,1,,,,,,,,,,,,,,,,,,,,,,,,,,
22374,短剑+蝎刺盾,540374,,,,,,,,,,1,0,3,3,0,150029,,12003,1,,12310,1,,,,,,,,,,,,,,,,,,,,,,,,,,
22375,短剑+木盾,540375,,,,,,,,,,1,0,3,3,0,150029,,12003,1,,12317,1,,,,,,,,,,,,,,,,,,,,,,,,,,
22376,短剑+黄铜盾,540376,,,,,,,,,,1,0,3,3,0,150029,,12003,1,,12318,1,,,,,,,,,,,,,,,,,,,,,,,,,,
22377,短剑+钛金盾,540377,,,,,,,,,,1,0,3,3,0,150029,,12003,1,,12319,1,,,,,,,,,,,,,,,,,,,,,,,,,,
22378,收割者+石剑,540378,,,,,,,,,,1,0,3,3,0,150029,,12009,1,,12012,1,,,,,,,,,,,,,,,,,,,,,,,,,,
22379,收割者+短剑,540379,,,,,,,,,,1,0,3,3,0,150029,,12009,1,,12003,1,,,,,,,,,,,,,,,,,,,,,,,,,,
22380,收割者+收割者,540380,,,,,,,,,,1,0,3,3,0,150029,,12009,1,,12009,1,,,,,,,,,,,,,,,,,,,,,,,,,,
22381,收割者+蝎壳盾,540381,,,,,,,,,,1,0,3,3,0,150029,,12009,1,,12309,1,,,,,,,,,,,,,,,,,,,,,,,,,,
22382,收割者+蝎刺盾,540382,,,,,,,,,,1,0,3,3,0,150029,,12009,1,,12310,1,,,,,,,,,,,,,,,,,,,,,,,,,,
22383,收割者+木盾,540383,,,,,,,,,,1,0,3,3,0,150029,,12009,1,,12317,1,,,,,,,,,,,,,,,,,,,,,,,,,,
22384,收割者+黄铜盾,540384,,,,,,,,,,1,0,3,3,0,150029,,12009,1,,12318,1,,,,,,,,,,,,,,,,,,,,,,,,,,
22385,收割者+钛金盾,540385,,,,,,,,,,1,0,3,3,0,150029,,12009,1,,12319,1,,,,,,,,,,,,,,,,,,,,,,,,,,
22386,能量剑+石剑,540386,,,,,,,,,,1,0,3,3,0,150029,,12005,1,,12012,1,,,,,,,,,,,,,,,,,,,,,,,,,,
22387,能量剑+短剑,540387,,,,,,,,,,1,0,3,3,0,150029,,12005,1,,12003,1,,,,,,,,,,,,,,,,,,,,,,,,,,
22388,能量剑+收割者,540388,,,,,,,,,,1,0,3,3,0,150029,,12005,1,,12009,1,,,,,,,,,,,,,,,,,,,,,,,,,,
22389,能量剑+能量剑,540389,,,,,,,,,,1,0,3,3,0,150029,,12005,1,,12005,1,,,,,,,,,,,,,,,,,,,,,,,,,,
22390,能量剑+蝎壳盾,540390,,,,,,,,,,1,0,3,3,0,150029,,12005,1,,12309,1,,,,,,,,,,,,,,,,,,,,,,,,,,
22391,能量剑+蝎刺盾,540391,,,,,,,,,,1,0,3,3,0,150029,,12005,1,,12310,1,,,,,,,,,,,,,,,,,,,,,,,,,,
22392,能量剑+木盾,540392,,,,,,,,,,1,0,3,3,0,150029,,12005,1,,12317,1,,,,,,,,,,,,,,,,,,,,,,,,,,
22393,能量剑+黄铜盾,540393,,,,,,,,,,1,0,3,3,0,150029,,12005,1,,12318,1,,,,,,,,,,,,,,,,,,,,,,,,,,
22394,能量剑+钛金盾,540394,,,,,,,,,,1,0,3,3,0,150029,,12005,1,,12319,1,,,,,,,,,,,,,,,,,,,,,,,,,,
22395,石矛+木棒,540395,,,,,,,,,,1,0,3,3,0,150029,,12002,1,,12001,1,,,,,,,,,,,,,,,,,,,,,,,,,,
22396,石矛+尖尖碰碰锤,540396,,,,,,,,,,1,0,3,3,0,150029,,12002,1,,11230,1,,,,,,,,,,,,,,,,,,,,,,,,,,
22397,石矛+冻结棒,540397,,,,,,,,,,1,0,3,3,0,150029,,12002,1,,12316,1,,,,,,,,,,,,,,,,,,,,,,,,,,
22398,石矛+钛金战锤,540398,,,,,,,,,,1,0,3,3,0,150029,,12002,1,,12010,1,,,,,,,,,,,,,,,,,,,,,,,,,,
22399,石矛+石剑,540399,,,,,,,,,,1,0,3,3,0,150029,,12002,1,,12012,1,,,,,,,,,,,,,,,,,,,,,,,,,,
22400,石矛+短剑,540400,,,,,,,,,,1,0,3,3,0,150029,,12002,1,,12003,1,,,,,,,,,,,,,,,,,,,,,,,,,,
22401,石矛+收割者,540401,,,,,,,,,,1,0,3,3,0,150029,,12002,1,,12009,1,,,,,,,,,,,,,,,,,,,,,,,,,,
22402,石矛+能量剑,540402,,,,,,,,,,1,0,3,3,0,150029,,12002,1,,12005,1,,,,,,,,,,,,,,,,,,,,,,,,,,
22403,石矛+石矛,540403,,,,,,,,,,1,0,3,3,0,150029,,12002,1,,12002,1,,,,,,,,,,,,,,,,,,,,,,,,,,
22404,石矛+蝎壳盾,540404,,,,,,,,,,1,0,3,3,0,150029,,12002,1,,12309,1,,,,,,,,,,,,,,,,,,,,,,,,,,
22405,石矛+蝎刺盾,540405,,,,,,,,,,1,0,3,3,0,150029,,12002,1,,12310,1,,,,,,,,,,,,,,,,,,,,,,,,,,
22406,石矛+木盾,540406,,,,,,,,,,1,0,3,3,0,150029,,12002,1,,12317,1,,,,,,,,,,,,,,,,,,,,,,,,,,
22407,石矛+黄铜盾,540407,,,,,,,,,,1,0,3,3,0,150029,,12002,1,,12318,1,,,,,,,,,,,,,,,,,,,,,,,,,,
22408,石矛+钛金盾,540408,,,,,,,,,,1,0,3,3,0,150029,,12002,1,,12319,1,,,,,,,,,,,,,,,,,,,,,,,,,,
22409,黄铜矛+木棒,540409,,,,,,,,,,1,0,3,3,0,150029,,12004,1,,12001,1,,,,,,,,,,,,,,,,,,,,,,,,,,
22410,黄铜矛+尖尖碰碰锤,540410,,,,,,,,,,1,0,3,3,0,150029,,12004,1,,11230,1,,,,,,,,,,,,,,,,,,,,,,,,,,
22411,黄铜矛+冻结棒,540411,,,,,,,,,,1,0,3,3,0,150029,,12004,1,,12316,1,,,,,,,,,,,,,,,,,,,,,,,,,,
22412,黄铜矛+钛金战锤,540412,,,,,,,,,,1,0,3,3,0,150029,,12004,1,,12010,1,,,,,,,,,,,,,,,,,,,,,,,,,,
22413,黄铜矛+石剑,540413,,,,,,,,,,1,0,3,3,0,150029,,12004,1,,12012,1,,,,,,,,,,,,,,,,,,,,,,,,,,
22414,黄铜矛+短剑,540414,,,,,,,,,,1,0,3,3,0,150029,,12004,1,,12003,1,,,,,,,,,,,,,,,,,,,,,,,,,,
22415,黄铜矛+收割者,540415,,,,,,,,,,1,0,3,3,0,150029,,12004,1,,12009,1,,,,,,,,,,,,,,,,,,,,,,,,,,
22416,黄铜矛+能量剑,540416,,,,,,,,,,1,0,3,3,0,150029,,12004,1,,12005,1,,,,,,,,,,,,,,,,,,,,,,,,,,
22417,黄铜矛+石矛,540417,,,,,,,,,,1,0,3,3,0,150029,,12004,1,,12002,1,,,,,,,,,,,,,,,,,,,,,,,,,,
22418,黄铜矛+黄铜矛,540418,,,,,,,,,,1,0,3,3,0,150029,,12004,1,,12004,1,,,,,,,,,,,,,,,,,,,,,,,,,,
22419,黄铜矛+魔鬼鱼叉,540419,,,,,,,,,,1,0,3,3,0,150029,,12004,1,,12063,1,,,,,,,,,,,,,,,,,,,,,,,,,,
22420,黄铜矛+蝎壳盾,540420,,,,,,,,,,1,0,3,3,0,150029,,12004,1,,12309,1,,,,,,,,,,,,,,,,,,,,,,,,,,
22421,黄铜矛+蝎刺盾,540421,,,,,,,,,,1,0,3,3,0,150029,,12004,1,,12310,1,,,,,,,,,,,,,,,,,,,,,,,,,,
22422,黄铜矛+木盾,540422,,,,,,,,,,1,0,3,3,0,150029,,12004,1,,12317,1,,,,,,,,,,,,,,,,,,,,,,,,,,
22423,黄铜矛+黄铜盾,540423,,,,,,,,,,1,0,3,3,0,150029,,12004,1,,12318,1,,,,,,,,,,,,,,,,,,,,,,,,,,
22424,黄铜矛+钛金盾,540424,,,,,,,,,,1,0,3,3,0,150029,,12004,1,,12319,1,,,,,,,,,,,,,,,,,,,,,,,,,,
22425,能量矛+木棒,540425,,,,,,,,,,1,0,3,3,0,150029,,12013,1,,12001,1,,,,,,,,,,,,,,,,,,,,,,,,,,
22426,能量矛+尖尖碰碰锤,540426,,,,,,,,,,1,0,3,3,0,150029,,12013,1,,11230,1,,,,,,,,,,,,,,,,,,,,,,,,,,
22427,能量矛+冻结棒,540427,,,,,,,,,,1,0,3,3,0,150029,,12013,1,,12316,1,,,,,,,,,,,,,,,,,,,,,,,,,,
22428,能量矛+钛金战锤,540428,,,,,,,,,,1,0,3,3,0,150029,,12013,1,,12010,1,,,,,,,,,,,,,,,,,,,,,,,,,,
22429,能量矛+石剑,540429,,,,,,,,,,1,0,3,3,0,150029,,12013,1,,12012,1,,,,,,,,,,,,,,,,,,,,,,,,,,
22430,能量矛+短剑,540430,,,,,,,,,,1,0,3,3,0,150029,,12013,1,,12003,1,,,,,,,,,,,,,,,,,,,,,,,,,,
22431,能量矛+收割者,540431,,,,,,,,,,1,0,3,3,0,150029,,12013,1,,12009,1,,,,,,,,,,,,,,,,,,,,,,,,,,
22432,能量矛+能量剑,540432,,,,,,,,,,1,0,3,3,0,150029,,12013,1,,12005,1,,,,,,,,,,,,,,,,,,,,,,,,,,
22433,能量矛+石矛,540433,,,,,,,,,,1,0,3,3,0,150029,,12013,1,,12002,1,,,,,,,,,,,,,,,,,,,,,,,,,,
22434,能量矛+黄铜矛,540434,,,,,,,,,,1,0,3,3,0,150029,,12013,1,,12004,1,,,,,,,,,,,,,,,,,,,,,,,,,,
22435,能量矛+能量矛,540435,,,,,,,,,,1,0,3,3,0,150029,,12013,1,,12013,1,,,,,,,,,,,,,,,,,,,,,,,,,,
22436,能量矛+魔鬼鱼叉,540436,,,,,,,,,,1,0,3,3,0,150029,,12013,1,,12063,1,,,,,,,,,,,,,,,,,,,,,,,,,,
22437,能量矛+蝎壳盾,540437,,,,,,,,,,1,0,3,3,0,150029,,12013,1,,12309,1,,,,,,,,,,,,,,,,,,,,,,,,,,
22438,能量矛+蝎刺盾,540438,,,,,,,,,,1,0,3,3,0,150029,,12013,1,,12310,1,,,,,,,,,,,,,,,,,,,,,,,,,,
22439,能量矛+木盾,540439,,,,,,,,,,1,0,3,3,0,150029,,12013,1,,12317,1,,,,,,,,,,,,,,,,,,,,,,,,,,
22440,能量矛+黄铜盾,540440,,,,,,,,,,1,0,3,3,0,150029,,12013,1,,12318,1,,,,,,,,,,,,,,,,,,,,,,,,,,
22441,能量矛+钛金盾,540441,,,,,,,,,,1,0,3,3,0,150029,,12013,1,,12319,1,,,,,,,,,,,,,,,,,,,,,,,,,,
22442,魔鬼鱼叉+木棒,540442,,,,,,,,,,1,0,3,3,0,150029,,12063,1,,12001,1,,,,,,,,,,,,,,,,,,,,,,,,,,
22443,魔鬼鱼叉+尖尖碰碰锤,540443,,,,,,,,,,1,0,3,3,0,150029,,12063,1,,11230,1,,,,,,,,,,,,,,,,,,,,,,,,,,
22444,魔鬼鱼叉+冻结棒,540444,,,,,,,,,,1,0,3,3,0,150029,,12063,1,,12316,1,,,,,,,,,,,,,,,,,,,,,,,,,,
22445,魔鬼鱼叉+钛金战锤,540445,,,,,,,,,,1,0,3,3,0,150029,,12063,1,,12010,1,,,,,,,,,,,,,,,,,,,,,,,,,,
22446,魔鬼鱼叉+石剑,540446,,,,,,,,,,1,0,3,3,0,150029,,12063,1,,12012,1,,,,,,,,,,,,,,,,,,,,,,,,,,
22447,魔鬼鱼叉+短剑,540447,,,,,,,,,,1,0,3,3,0,150029,,12063,1,,12003,1,,,,,,,,,,,,,,,,,,,,,,,,,,
22448,魔鬼鱼叉+收割者,540448,,,,,,,,,,1,0,3,3,0,150029,,12063,1,,12009,1,,,,,,,,,,,,,,,,,,,,,,,,,,
22449,魔鬼鱼叉+能量剑,540449,,,,,,,,,,1,0,3,3,0,150029,,12063,1,,12005,1,,,,,,,,,,,,,,,,,,,,,,,,,,
22450,魔鬼鱼叉+石矛,540450,,,,,,,,,,1,0,3,3,0,150029,,12063,1,,12002,1,,,,,,,,,,,,,,,,,,,,,,,,,,
22451,魔鬼鱼叉+魔鬼鱼叉,540451,,,,,,,,,,1,0,3,3,0,150029,,12063,1,,12063,1,,,,,,,,,,,,,,,,,,,,,,,,,,
22452,魔鬼鱼叉+蝎壳盾,540452,,,,,,,,,,1,0,3,3,0,150029,,12063,1,,12309,1,,,,,,,,,,,,,,,,,,,,,,,,,,
22453,魔鬼鱼叉+蝎刺盾,540453,,,,,,,,,,1,0,3,3,0,150029,,12063,1,,12310,1,,,,,,,,,,,,,,,,,,,,,,,,,,
22454,魔鬼鱼叉+木盾,540454,,,,,,,,,,1,0,3,3,0,150029,,12063,1,,12317,1,,,,,,,,,,,,,,,,,,,,,,,,,,
22455,魔鬼鱼叉+黄铜盾,540455,,,,,,,,,,1,0,3,3,0,150029,,12063,1,,12318,1,,,,,,,,,,,,,,,,,,,,,,,,,,
22456,魔鬼鱼叉+钛金盾,540456,,,,,,,,,,1,0,3,3,0,150029,,12063,1,,12319,1,,,,,,,,,,,,,,,,,,,,,,,,,,
22466,平凡法杖+木棒,540466,,,,,,,,,,1,0,3,3,0,150029,,11580,1,,12001,1,,,,,,,,,,,,,,,,,,,,,,,,,,
22467,平凡法杖+尖尖碰碰锤,540467,,,,,,,,,,1,0,3,3,0,150029,,11580,1,,11230,1,,,,,,,,,,,,,,,,,,,,,,,,,,
22468,平凡法杖+冻结棒,540468,,,,,,,,,,1,0,3,3,0,150029,,11580,1,,12316,1,,,,,,,,,,,,,,,,,,,,,,,,,,
22469,平凡法杖+钛金战锤,540469,,,,,,,,,,1,0,3,3,0,150029,,11580,1,,12010,1,,,,,,,,,,,,,,,,,,,,,,,,,,
22470,平凡法杖+石剑,540470,,,,,,,,,,1,0,3,3,0,150029,,11580,1,,12012,1,,,,,,,,,,,,,,,,,,,,,,,,,,
22471,平凡法杖+短剑,540471,,,,,,,,,,1,0,3,3,0,150029,,11580,1,,12003,1,,,,,,,,,,,,,,,,,,,,,,,,,,
22472,平凡法杖+收割者,540472,,,,,,,,,,1,0,3,3,0,150029,,11580,1,,12009,1,,,,,,,,,,,,,,,,,,,,,,,,,,
22473,平凡法杖+能量剑,540473,,,,,,,,,,1,0,3,3,0,150029,,11580,1,,12005,1,,,,,,,,,,,,,,,,,,,,,,,,,,
22474,平凡法杖+平凡法杖,540474,,,,,,,,,,1,0,3,3,0,150029,,11580,1,,11580,1,,,,,,,,,,,,,,,,,,,,,,,,,,
22475,炽烈法杖+木棒,540475,,,,,,,,,,1,0,3,3,0,150029,,11581,1,,12001,1,,,,,,,,,,,,,,,,,,,,,,,,,,
22476,炽烈法杖+尖尖碰碰锤,540476,,,,,,,,,,1,0,3,3,0,150029,,11581,1,,11230,1,,,,,,,,,,,,,,,,,,,,,,,,,,
22477,炽烈法杖+冻结棒,540477,,,,,,,,,,1,0,3,3,0,150029,,11581,1,,12316,1,,,,,,,,,,,,,,,,,,,,,,,,,,
22478,炽烈法杖+钛金战锤,540478,,,,,,,,,,1,0,3,3,0,150029,,11581,1,,12010,1,,,,,,,,,,,,,,,,,,,,,,,,,,
22479,炽烈法杖+石剑,540479,,,,,,,,,,1,0,3,3,0,150029,,11581,1,,12012,1,,,,,,,,,,,,,,,,,,,,,,,,,,
22480,炽烈法杖+短剑,540480,,,,,,,,,,1,0,3,3,0,150029,,11581,1,,12003,1,,,,,,,,,,,,,,,,,,,,,,,,,,
22481,炽烈法杖+收割者,540481,,,,,,,,,,1,0,3,3,0,150029,,11581,1,,12009,1,,,,,,,,,,,,,,,,,,,,,,,,,,
22482,炽烈法杖+能量剑,540482,,,,,,,,,,1,0,3,3,0,150029,,11581,1,,12005,1,,,,,,,,,,,,,,,,,,,,,,,,,,
22483,炽烈法杖+平凡法杖,540483,,,,,,,,,,1,0,3,3,0,150029,,11581,1,,11580,1,,,,,,,,,,,,,,,,,,,,,,,,,,
22484,炽烈法杖+炽烈法杖,540484,,,,,,,,,,1,0,3,3,0,150029,,11581,1,,11581,1,,,,,,,,,,,,,,,,,,,,,,,,,,
22485,炽烈法杖+雷电法杖,540485,,,,,,,,,,1,0,3,3,0,150029,,11581,1,,11582,1,,,,,,,,,,,,,,,,,,,,,,,,,,
22486,炽烈法杖+淬毒法杖,540486,,,,,,,,,,1,0,3,3,0,150029,,11581,1,,11583,1,,,,,,,,,,,,,,,,,,,,,,,,,,
22487,炽烈法杖+复苏法杖,540487,,,,,,,,,,1,0,3,3,0,150029,,11581,1,,11584,1,,,,,,,,,,,,,,,,,,,,,,,,,,
22488,炽烈法杖+召唤法杖,540488,,,,,,,,,,1,0,3,3,0,150029,,11581,1,,11585,1,,,,,,,,,,,,,,,,,,,,,,,,,,
22489,炽烈法杖+冰魄法杖,540489,,,,,,,,,,1,0,3,3,0,150029,,11581,1,,11667,1,,,,,,,,,,,,,,,,,,,,,,,,,,
22490,雷电法杖+木棒,540490,,,,,,,,,,1,0,3,3,0,150029,,11582,1,,12001,1,,,,,,,,,,,,,,,,,,,,,,,,,,
22491,雷电法杖+尖尖碰碰锤,540491,,,,,,,,,,1,0,3,3,0,150029,,11582,1,,11230,1,,,,,,,,,,,,,,,,,,,,,,,,,,
22492,雷电法杖+冻结棒,540492,,,,,,,,,,1,0,3,3,0,150029,,11582,1,,12316,1,,,,,,,,,,,,,,,,,,,,,,,,,,
22493,雷电法杖+钛金战锤,540493,,,,,,,,,,1,0,3,3,0,150029,,11582,1,,12010,1,,,,,,,,,,,,,,,,,,,,,,,,,,
22494,雷电法杖+石剑,540494,,,,,,,,,,1,0,3,3,0,150029,,11582,1,,12012,1,,,,,,,,,,,,,,,,,,,,,,,,,,
22495,雷电法杖+短剑,540495,,,,,,,,,,1,0,3,3,0,150029,,11582,1,,12003,1,,,,,,,,,,,,,,,,,,,,,,,,,,
22496,雷电法杖+收割者,540496,,,,,,,,,,1,0,3,3,0,150029,,11582,1,,12009,1,,,,,,,,,,,,,,,,,,,,,,,,,,
22497,雷电法杖+能量剑,540497,,,,,,,,,,1,0,3,3,0,150029,,11582,1,,12005,1,,,,,,,,,,,,,,,,,,,,,,,,,,
22498,雷电法杖+平凡法杖,540498,,,,,,,,,,1,0,3,3,0,150029,,11582,1,,11580,1,,,,,,,,,,,,,,,,,,,,,,,,,,
22499,雷电法杖+雷电法杖,540499,,,,,,,,,,1,0,3,3,0,150029,,11582,1,,11582,1,,,,,,,,,,,,,,,,,,,,,,,,,,
22500,雷电法杖+淬毒法杖,540500,,,,,,,,,,1,0,3,3,0,150029,,11582,1,,11583,1,,,,,,,,,,,,,,,,,,,,,,,,,,
22501,雷电法杖+复苏法杖,540501,,,,,,,,,,1,0,3,3,0,150029,,11582,1,,11584,1,,,,,,,,,,,,,,,,,,,,,,,,,,
22502,雷电法杖+召唤法杖,540502,,,,,,,,,,1,0,3,3,0,150029,,11582,1,,11585,1,,,,,,,,,,,,,,,,,,,,,,,,,,
22503,雷电法杖+冰魄法杖,540503,,,,,,,,,,1,0,3,3,0,150029,,11582,1,,11667,1,,,,,,,,,,,,,,,,,,,,,,,,,,
22504,淬毒法杖+木棒,540504,,,,,,,,,,1,0,3,3,0,150029,,11583,1,,12001,1,,,,,,,,,,,,,,,,,,,,,,,,,,
22505,淬毒法杖+尖尖碰碰锤,540505,,,,,,,,,,1,0,3,3,0,150029,,11583,1,,11230,1,,,,,,,,,,,,,,,,,,,,,,,,,,
22506,淬毒法杖+冻结棒,540506,,,,,,,,,,1,0,3,3,0,150029,,11583,1,,12316,1,,,,,,,,,,,,,,,,,,,,,,,,,,
22507,淬毒法杖+钛金战锤,540507,,,,,,,,,,1,0,3,3,0,150029,,11583,1,,12010,1,,,,,,,,,,,,,,,,,,,,,,,,,,
22508,淬毒法杖+石剑,540508,,,,,,,,,,1,0,3,3,0,150029,,11583,1,,12012,1,,,,,,,,,,,,,,,,,,,,,,,,,,
22509,淬毒法杖+短剑,540509,,,,,,,,,,1,0,3,3,0,150029,,11583,1,,12003,1,,,,,,,,,,,,,,,,,,,,,,,,,,
22510,淬毒法杖+收割者,540510,,,,,,,,,,1,0,3,3,0,150029,,11583,1,,12009,1,,,,,,,,,,,,,,,,,,,,,,,,,,
22511,淬毒法杖+能量剑,540511,,,,,,,,,,1,0,3,3,0,150029,,11583,1,,12005,1,,,,,,,,,,,,,,,,,,,,,,,,,,
22512,淬毒法杖+平凡法杖,540512,,,,,,,,,,1,0,3,3,0,150029,,11583,1,,11580,1,,,,,,,,,,,,,,,,,,,,,,,,,,
22513,淬毒法杖+淬毒法杖,540513,,,,,,,,,,1,0,3,3,0,150029,,11583,1,,11583,1,,,,,,,,,,,,,,,,,,,,,,,,,,
22514,淬毒法杖+复苏法杖,540514,,,,,,,,,,1,0,3,3,0,150029,,11583,1,,11584,1,,,,,,,,,,,,,,,,,,,,,,,,,,
22515,淬毒法杖+召唤法杖,540515,,,,,,,,,,1,0,3,3,0,150029,,11583,1,,11585,1,,,,,,,,,,,,,,,,,,,,,,,,,,
22516,淬毒法杖+冰魄法杖,540516,,,,,,,,,,1,0,3,3,0,150029,,11583,1,,11667,1,,,,,,,,,,,,,,,,,,,,,,,,,,
22517,复苏法杖+木棒,540517,,,,,,,,,,1,0,3,3,0,150029,,11584,1,,12001,1,,,,,,,,,,,,,,,,,,,,,,,,,,
22518,复苏法杖+尖尖碰碰锤,540518,,,,,,,,,,1,0,3,3,0,150029,,11584,1,,11230,1,,,,,,,,,,,,,,,,,,,,,,,,,,
22519,复苏法杖+冻结棒,540519,,,,,,,,,,1,0,3,3,0,150029,,11584,1,,12316,1,,,,,,,,,,,,,,,,,,,,,,,,,,
22520,复苏法杖+钛金战锤,540520,,,,,,,,,,1,0,3,3,0,150029,,11584,1,,12010,1,,,,,,,,,,,,,,,,,,,,,,,,,,
22521,复苏法杖+石剑,540521,,,,,,,,,,1,0,3,3,0,150029,,11584,1,,12012,1,,,,,,,,,,,,,,,,,,,,,,,,,,
22522,复苏法杖+短剑,540522,,,,,,,,,,1,0,3,3,0,150029,,11584,1,,12003,1,,,,,,,,,,,,,,,,,,,,,,,,,,
22523,复苏法杖+收割者,540523,,,,,,,,,,1,0,3,3,0,150029,,11584,1,,12009,1,,,,,,,,,,,,,,,,,,,,,,,,,,
22524,复苏法杖+能量剑,540524,,,,,,,,,,1,0,3,3,0,150029,,11584,1,,12005,1,,,,,,,,,,,,,,,,,,,,,,,,,,
22525,复苏法杖+平凡法杖,540525,,,,,,,,,,1,0,3,3,0,150029,,11584,1,,11580,1,,,,,,,,,,,,,,,,,,,,,,,,,,
22526,复苏法杖+复苏法杖,540526,,,,,,,,,,1,0,3,3,0,150029,,11584,1,,11584,1,,,,,,,,,,,,,,,,,,,,,,,,,,
22527,复苏法杖+召唤法杖,540527,,,,,,,,,,1,0,3,3,0,150029,,11584,1,,11585,1,,,,,,,,,,,,,,,,,,,,,,,,,,
22528,复苏法杖+冰魄法杖,540528,,,,,,,,,,1,0,3,3,0,150029,,11584,1,,11667,1,,,,,,,,,,,,,,,,,,,,,,,,,,
22529,召唤法杖+木棒,540529,,,,,,,,,,1,0,3,3,0,150029,,11585,1,,12001,1,,,,,,,,,,,,,,,,,,,,,,,,,,
22530,召唤法杖+尖尖碰碰锤,540530,,,,,,,,,,1,0,3,3,0,150029,,11585,1,,11230,1,,,,,,,,,,,,,,,,,,,,,,,,,,
22531,召唤法杖+冻结棒,540531,,,,,,,,,,1,0,3,3,0,150029,,11585,1,,12316,1,,,,,,,,,,,,,,,,,,,,,,,,,,
22532,召唤法杖+钛金战锤,540532,,,,,,,,,,1,0,3,3,0,150029,,11585,1,,12010,1,,,,,,,,,,,,,,,,,,,,,,,,,,
22533,召唤法杖+石剑,540533,,,,,,,,,,1,0,3,3,0,150029,,11585,1,,12012,1,,,,,,,,,,,,,,,,,,,,,,,,,,
22534,召唤法杖+短剑,540534,,,,,,,,,,1,0,3,3,0,150029,,11585,1,,12003,1,,,,,,,,,,,,,,,,,,,,,,,,,,
22535,召唤法杖+收割者,540535,,,,,,,,,,1,0,3,3,0,150029,,11585,1,,12009,1,,,,,,,,,,,,,,,,,,,,,,,,,,
22536,召唤法杖+能量剑,540536,,,,,,,,,,1,0,3,3,0,150029,,11585,1,,12005,1,,,,,,,,,,,,,,,,,,,,,,,,,,
22537,召唤法杖+平凡法杖,540537,,,,,,,,,,1,0,3,3,0,150029,,11585,1,,11580,1,,,,,,,,,,,,,,,,,,,,,,,,,,
22538,召唤法杖+召唤法杖,540538,,,,,,,,,,1,0,3,3,0,150029,,11585,1,,11585,1,,,,,,,,,,,,,,,,,,,,,,,,,,
22539,召唤法杖+冰魄法杖,540539,,,,,,,,,,1,0,3,3,0,150029,,11585,1,,11667,1,,,,,,,,,,,,,,,,,,,,,,,,,,
22540,冰魄法杖+木棒,540540,,,,,,,,,,1,0,3,3,0,150029,,11667,1,,12001,1,,,,,,,,,,,,,,,,,,,,,,,,,,
22541,冰魄法杖+尖尖碰碰锤,540541,,,,,,,,,,1,0,3,3,0,150029,,11667,1,,11230,1,,,,,,,,,,,,,,,,,,,,,,,,,,
22542,冰魄法杖+冻结棒,540542,,,,,,,,,,1,0,3,3,0,150029,,11667,1,,12316,1,,,,,,,,,,,,,,,,,,,,,,,,,,
22543,冰魄法杖+钛金战锤,540543,,,,,,,,,,1,0,3,3,0,150029,,11667,1,,12010,1,,,,,,,,,,,,,,,,,,,,,,,,,,
22544,冰魄法杖+石剑,540544,,,,,,,,,,1,0,3,3,0,150029,,11667,1,,12012,1,,,,,,,,,,,,,,,,,,,,,,,,,,
22545,冰魄法杖+短剑,540545,,,,,,,,,,1,0,3,3,0,150029,,11667,1,,12003,1,,,,,,,,,,,,,,,,,,,,,,,,,,
22546,冰魄法杖+收割者,540546,,,,,,,,,,1,0,3,3,0,150029,,11667,1,,12009,1,,,,,,,,,,,,,,,,,,,,,,,,,,
22547,冰魄法杖+能量剑,540547,,,,,,,,,,1,0,3,3,0,150029,,11667,1,,12005,1,,,,,,,,,,,,,,,,,,,,,,,,,,
22548,冰魄法杖+平凡法杖,540548,,,,,,,,,,1,0,3,3,0,150029,,11667,1,,11580,1,,,,,,,,,,,,,,,,,,,,,,,,,,
22549,冰魄法杖+冰魄法杖,540549,,,,,,,,,,1,0,3,3,0,150029,,11667,1,,11667,1,,,,,,,,,,,,,,,,,,,,,,,,,,
22550,极寒域法杖+木棒,540550,,,,,,,,,,1,0,3,3,0,150029,,11668,1,,12001,1,,,,,,,,,,,,,,,,,,,,,,,,,,
22551,极寒域法杖+尖尖碰碰锤,540551,,,,,,,,,,1,0,3,3,0,150029,,11668,1,,11230,1,,,,,,,,,,,,,,,,,,,,,,,,,,
22552,极寒域法杖+冻结棒,540552,,,,,,,,,,1,0,3,3,0,150029,,11668,1,,12316,1,,,,,,,,,,,,,,,,,,,,,,,,,,
22553,极寒域法杖+钛金战锤,540553,,,,,,,,,,1,0,3,3,0,150029,,11668,1,,12010,1,,,,,,,,,,,,,,,,,,,,,,,,,,
22554,极寒域法杖+石剑,540554,,,,,,,,,,1,0,3,3,0,150029,,11668,1,,12012,1,,,,,,,,,,,,,,,,,,,,,,,,,,
22555,极寒域法杖+短剑,540555,,,,,,,,,,1,0,3,3,0,150029,,11668,1,,12003,1,,,,,,,,,,,,,,,,,,,,,,,,,,
22556,极寒域法杖+收割者,540556,,,,,,,,,,1,0,3,3,0,150029,,11668,1,,12009,1,,,,,,,,,,,,,,,,,,,,,,,,,,
22557,极寒域法杖+能量剑,540557,,,,,,,,,,1,0,3,3,0,150029,,11668,1,,12005,1,,,,,,,,,,,,,,,,,,,,,,,,,,
22558,极寒域法杖+平凡法杖,540558,,,,,,,,,,1,0,3,3,0,150029,,11668,1,,11580,1,,,,,,,,,,,,,,,,,,,,,,,,,,
22559,极寒域法杖+炽烈法杖,540559,,,,,,,,,,1,0,3,3,0,150029,,11668,1,,11581,1,,,,,,,,,,,,,,,,,,,,,,,,,,
22560,极寒域法杖+雷电法杖,540560,,,,,,,,,,1,0,3,3,0,150029,,11668,1,,11582,1,,,,,,,,,,,,,,,,,,,,,,,,,,
22561,极寒域法杖+淬毒法杖,540561,,,,,,,,,,1,0,3,3,0,150029,,11668,1,,11583,1,,,,,,,,,,,,,,,,,,,,,,,,,,
22562,极寒域法杖+复苏法杖,540562,,,,,,,,,,1,0,3,3,0,150029,,11668,1,,11584,1,,,,,,,,,,,,,,,,,,,,,,,,,,
22563,极寒域法杖+召唤法杖,540563,,,,,,,,,,1,0,3,3,0,150029,,11668,1,,11585,1,,,,,,,,,,,,,,,,,,,,,,,,,,
22564,极寒域法杖+冰魄法杖,540564,,,,,,,,,,1,0,3,3,0,150029,,11668,1,,11667,1,,,,,,,,,,,,,,,,,,,,,,,,,,
22565,极寒域法杖+极寒域法杖,540565,,,,,,,,,,1,0,3,3,0,150029,,11668,1,,11668,1,,,,,,,,,,,,,,,,,,,,,,,,,,
22566,木棒+木盾,540566,,,,,,,,,,1,0,3,3,0,,,12001,1,,12317,1,,,,,,,,,,,,,,,,,,,,,,,,,,
22567,石剑+木盾,540567,,,,,,,,,,1,0,3,3,0,,,12012,1,,12317,1,,,,,,,,,,,,,,,,,,,,,,,,,,
23000,土笋种子,200418,1428,[4],[3],[21529],[4],,EarthenShootsSeed,,EarthenShootsSeed,2,0,3,3,0,800,0,226,1,,,,,,,,,,,,,,,,,,,,,,,,,,,,0.1,
23001,紫苏种子,200419,1428,[4],[3],[21529],[4],,PerillaSeed,,PerillaSeed,2,0,3,3,0,800,0,227,1,,,,,,,,,,,,,,,,,,,,,,,,,,,,0.1,
23002,木床,200003,1196,1,[4],[21532],,,FurBed,,FurBed,1,0,3,3,0,800,0,11323,6,,12600,3,,,,,,,,,,,,,,,,,,,,,,,,,0.1,
23003,木板凳,200375,1196,1,[4],[256],,,BaseChair,,BaseChair,1,0,3,3,1,800,0,11323,5,,,,,,,,,,,,,,,,,,,,,,,,,,,,0.1,
23004,木桌子,200376,1196,1,[4],[257],,,BaseTable,,BaseTable,1,0,3,3,1,800,0,11323,5,,,,,,,,,,,,,,,,,,,,,,,,,,,,0.1,
23005,木沙发,200377,1196,1,[4],[256],,,BaseSofa,,BaseSofa,1,0,3,3,1,800,0,11323,4,,11309,1,,,,,,,,,,,,,,,,,,,,,,,,,0.1,
23006,壁炉,200378,2345,"[4,1]","[2,4]","[14,21544]",[6],,BaseFireplace,,BaseFireplace,1,0,3,3,0,800,0,501,5,,11323,3,,,,,,,,,,,,,,,,,,,,,,,,,0.1,
23007,木柜子,200379,1196,1,[4],[21531],,,BaseCabinet,,BaseCabinet,1,0,3,3,0,800,0,11323,8,,,,,,,,,,,,,,,,,,,,,,,,,,,,0.1,
23008,指路牌,200005,1473,1,[4],[21545],[6],,ArrowSigns,,ArrowSigns,1,0,3,3,0,800,0,11323,4,,,,,,,,,,,,,,,,,,,,,,,,,,,,0.1,
23009,融合台,150029,1196,[7],[2],[21520],,,,,,1,0,3,3,0,800,0,11209,3,,11911,1,,,,,,,,,,,,,,,,,,,,,,,,,,
23010,手动发射器,200002,1606,[2],[1],[21552],[3],,ManualTransmitter,,ManualTransmitter,1,0,3,3,0,800,0,11323,4,,104,2,,11227,2,,,,,,,,,,,,,,,,,,,,,,0.1,
23011,夹子陷阱,200004,1606,[1],[1],[21552],[3],,ClipTrap,,ClipTrap,1,0,3,3,0,800,0,11209,1,,,,,,,,,,,,,,,,,,,,,,,,,,,,0.1,
23012,装备架,200006,109,[1],[4],[21557],[6],,WeaponRack,,WeaponRack,1,0,3,3,1,800,0,11323,3,,11307,2,,,,,,,,,,,,,,,,,,,,,,,,,0.1,
23013,假人模型,200001,1562,1,[4],[21557],,,DummyModel,,DummyModel,1,0,3,3,1,800,0,11323,3,,11209,2,,104,2,,,,,,,,,,,,,,,,,,,,,,0.1,
23014,封闭的木板,200369,1018,[1],[4],[21533],[5],,SealedWoodendoor,,SealedWoodendoor,1,0,3,3,1,800,0,11323,10,,,,,,,,,,,,,,,,,,,,,,,,,,,,0.1,
23015,木箱,200370,1196,1,[4],[21531],,,WoodenBox,,WoodenBox,1,0,3,3,0,800,0,11323,8,,,,,,,,,,,,,,,,,,,,,,,,,,,,0.1,
23016,虚空超级无敌大漩涡炸弹,200389,1722,[1],[1],[21551],,,SuperVoidFruitBomb,,SuperVoidFruitBomb,1,0,3,3,0,800,0,200382,64,,710,1,,,,,,,,,,,,,,,,,,,,,,,,,0.1,
23017,虚空果树种子,200393,1649,[4],[3],[21529],,,VoidFruitTreeSeeds,,VoidFruitTreeSeeds,1,0,3,3,0,800,0,200382,1,,,,,,,,,,,,,,,,,,,,,,,,,,,,0.1,
23018,虚空风铃花种子,200394,1428,[4],[3],[21529],[4],,VoidBellflowersSeed,,VoidBellflowersSeed,2,0,3,3,0,800,0,200395,1,,,,,,,,,,,,,,,,,,,,,,,,,,,,0.1,
23019,虚空龙爪草种子,200396,1433,[4],[3],[21529],[4],,VoidDragonGrassSeed,,VoidDragonGrassSeed,2,0,3,3,0,800,0,200397,1,,,,,,,,,,,,,,,,,,,,,,,,,,,,0.1,
23020,碎石路,200008,1196,1,[4],[21548],,,CobblestoneRoad,,CobblestoneRoad,1,0,3,3,0,800,0,11627,3,,,,,,,,,,,,,,,,,,,,,,,,,,,,0.1,
23021,绷带,12626,1196,[1],[1],[21519],,,,,,1,0,3,3,0,800,0,12600,1,,11226,1,,,,,,,,,,,,,,,,,,,,,,,,,,
23022,虚空晶块,40,,[7],[4],[21544],,,,,,1,0,3,3,0,800,0,200411,10,,,,,,,,,,,,,,,,,,,,,,,,,,,,0.1,
