ID,任务名,任务描述,任务追踪
ID,Name,Desc,TrackDesc
1001001,Placez le fruit sacré,"Placez @item_587#@1 sur le piédestal de la vie #r (""Sacred Fruit"" représente la technologie de modification génétique la plus brillante jamais réalisée par ""The Past"".)",Placer @item_587 sur la Pierre de Vie
1001002,Placez l'épée brisée enflammée,"Placez @item_588#@1 sur la Pierre du Courage #r (""Flame Broken Sword"" représente le symbole de la coopération à long terme entre ""The Former"" et ""Black Dragon"".)",Placer @item_588 sur la Pierre du Courage
1001003,Mettre l'oeil de l'homme de pierre,"Placez @item_589#@1 sur la Pierre de Sagesse #r (""L'Œil de l'Homme de Pierre"" représente l'intelligence artificielle dont ""Le Vieil Homme"" était autrefois fier.)",Placez @item_589#sur la Pierre de Sagesse
1001004,Battle Void Phantom!,"Vaincre le Fantôme du Vide! #r (Il n'y a pas de retour en arrière, pour le mini univers!)",Vaincre le fantôme du vide!
1001005,Contacter le vide,Get @item_11333 ##r (C'est... un nouveau départ?...),Obtenez @item_11333 #
1002001,Retour à Mira,"Enfin, ils sont arrivés sains et saufs sur la planète. #r mais quand ils ont franchi le blocus de la chaîne des étoiles, toute l'équipe a été éclatée. Je ne sais pas s'il y a d'autres partenaires qui sont arrivés sur la planète?",Arrivée à Mira
1002002,J'ai besoin de pierres,"Collect @item_110#Get @item_11627#@1 #r (appuyez longuement sur la pierre pour collecter, vous pouvez également ouvrir le panneau de configuration, traiter @item_104#get @item_11627#sur l'interface de traitement)",Capture @item_110#Capture @item_11627#@1
1002003,Plus de matériel,"Collectez des branches pour obtenir @item_11006#@1#r (appuyez longuement sur les branches pour collecter, certaines branches d'arbres poussent dans un endroit relativement élevé, de quelle manière pouvez-vous vous pousser vers le haut)",Obtenez @item_11006#@1 de l'arbre
1002004,Commencez une bonne vie ~,Utilisez @item_11627#et @item_11006#pour traiter @item_11002#@1#r (des outils pratiques peuvent collecter des ressources plus rapidement),Ouvrir l'usinage du panneau de commande @item_11002#@1
1002005,bûcheron,"Portable @item_11002#, collectionnez les malles! Obtenez @item_11323#@1#r (@item_11323#est crucial pour le voyage à venir)",Collection d'arbres à couper @item_11323#@1
1002006,Expert en construction,"Utilisez @item_11323#pour traiter @item_206#@1 #r (sauf @item_206 #, la plupart des accessoires en bois doivent utiliser @item_11323 #, vous pouvez en collecter plus)",Usinage @item_206#@1
1002007,Lieu de vie,"Place @item_206#@1 #r (il semble y avoir une maison cassée près de la gare des étoiles qui vient de venir, peut-être qu'elle peut être réparée avec @item_206 #, donc vous n'avez pas à vous soucier de vivre)",Place @item_206#@1
1002008,Arm Yourself,"Use @item_11323# and @item_11627# to craft @item_12012#@1#r (Surviving in the wilderness can be dangerous, so having a handy weapon is essential!)",Craft @item_12012#@1
1002009,Fais-le!,Vaincre n'importe quelle créature @1 #r (La meilleure défense est l'attaque? Essayez l'arme fraîchement fabriquée. Qu'est-ce que ça fait),Vaincre n'importe quelle créature @1
1002010,Lumière dans le noir!,"Utilisez @item_11006#et @item_11226#pour traiter @item_298#@1#r (Remarque! La petite torche a une durée de combustion limitée et doit être rallumée si elle est éteinte, mais il n'y a absolument aucun problème à agir comme un outil d'éclairage temporaire)",Usinage @item_298#@1
1002011,feu de joie,"Utilisez @item_298#pour allumer @item_1200#@1 #r (il peut y avoir des @item_1200#prêts à l'emploi dans la maison brisée près de la station stellaire, ou vous pouvez en traiter un vous-même.)",Allumer @item_1200#@1
1002012,Artisan,"Utilisez @item_11323#et @item_11627#pour traiter @item_800#@1 #r (table d'artisan, un must pour le voyage et la maison! Wow ~ peut traiter plus d'articles)",Usinage @item_800#@1
1002013,Un must pour la survie,"Utilisez @item_12600#et @item_11226#pour traiter @item_828#@1 #r (vous devez utiliser @item_800#lors du traitement. Après le traitement, n'oubliez pas de mettre @item_828#dans un endroit sûr, s'il y a une menace à proximité, vous ne pouvez pas dormir!)",Usinage @item_828#@1
1002014,Bon repos,"Utilisez @item_828#pour dormir #r (cliquez sur @item_828#pour vous allonger, mais vous ne pouvez pas dormir pendant la journée, vous devez attendre la nuit. La nuit sur Mira commence à 20 : 00, faites attention à l'heure)",Cliquez sur le @item_828#sleep placé
1003001,"BBQ, parfumé!","Mettez @item_12513#sur le feu de camp et obtenez @item_12514#@1 #r (la plupart de la viande laissée tomber par les animaux peut être rôtie, et il est également très dangereux de manger de la viande crue directement dans la nature, veuillez la rôtir avant de manger!)",Utilisez @item_1200#pour obtenir @item_12514#@1
1003002,Conquis par le barbecue,Mangez un peu @item_12514#retrouvez vos forces @1 #r (sentez-vous plein de force après avoir mangé!),Nourriture @item_12514#@1
1003003,némésis minéral,"Traitement de @item_11012##r avec @item_11627#et @item_11006#(avec @item_11012#pour collecter les minéraux plus rapidement, l'exploitation minière les mains vides est trop douloureuse!)",Usinage @item_11012#@1
1003004,Une nouvelle énergie?,"Tenez @item_11012#dig @item_402#get @item_11201#@1 #r (@item_11201#est le combustible de fusion le plus courant sur Myra, à la fois au-dessus et au-dessous du sol, n'oubliez pas de faire attention.)",Capture @item_402#@1
1003005,De nouveaux minéraux!,"Handheld @item_11012#digging @item_451#@1 #r (@item_451#est largement diffusé sur Myra, et il y a beaucoup de production au-dessus et en dessous du sol)",Capture @item_451#@1
1003006,Processeur de table de fusion,"Utilisez @item_11226#et @item_101#pour traiter @item_802#@1 #r (avec @item_802#vous pouvez fondre du métal, il est temps de mettre à niveau l'outil à l'heure)",Usinage @item_802#@1
1003007,Fusion de métaux : laiton,Utilisez du carburant pour faire fondre @item_451#dans @item_802#afin de raffiner @item_11329#@1#r (@item_11329#est un métal très basique avec une grande variété d'utilisations. Il peut être utilisé pour améliorer les outils afin d'améliorer l'efficacité),Faites fondre pour obtenir @item_11329#@1
1003008,Des outils plus pratiques,"Utilisez @item_11329#et @item_11006#pour traiter @item_11011#@1#r (vous devez utiliser @item_800#lors du traitement. Avec @item_11011#, la vitesse d'extraction ne peut pas être la même!)",Usinage @item_11011#@1
1003009,La première leçon de survie dans la nature,"Terminez toutes les tâches dans l'objectif ""Nouvel explorateur"". #r (J'ai appris les moyens de survie les plus élémentaires dans la nature, il est temps de tirer des inférences les uns des autres. Les astuces du fantôme du vide n'ont pas été brisées, alors travaillez plus dur!)",Terminer toutes les missions de l'objectif Nouvel explorateur
1004001,Le début de l'agriculture,"Utilisez @item_11627#et @item_11006#pour traiter @item_11032#@1#r (avec lui, vous pouvez cultiver des terres agricoles)",Usinage @item_11032#@1
1004002,Mise en culture des terres arables,"Handheld @item_11032#use @item_100#or @item_101#to make it into cultivated land @1 #r (PC end aligns with the square and long press the right button, mobile end long press the square to cultivated land)",Portable @item_11032#Culture @1
1004003,Grain King,Semez @item_11400#sur @item_102#@1 #r (maintenez @item_11400#et cliquez sur @item_102#pour planter),Semis @item_11400#@1
1004004,fertilisation,"Utiliser @item_11311#@1 sur les cultures #r (@item_11311#peut accélérer la croissance de la plupart des plantes, mais toutes les fertilisations ne peuvent pas réussir...)",Utilisez @item_11311#@1 sur les cultures
1004005,Grande récolte!,Récolte mûre @item_229#@1 #r (la première récolte est toujours inoubliable),Récolte @item_229#@1
1004006,La première étape pour devenir chef.,"Utilisez @item_104#pour fabriquer @item_200108#@1#r (vous aurez besoin de @item_800#lors de la fabrication. Vous pouvez également allumer le feu avec @item_298#, vous souvenez-vous? Placez @item_200108#sur le @item_1200#que vous avez allumé pour faire de la nourriture encore plus délicieuse)",Fabriquez @item_200108#@1
1004007,Préparer les matières premières,Utilisez @item_229#pour traiter @item_344#@1 #r (le traitement doit utiliser @item_800 #.@item_344#est la matière première de base de nombreux plats),Usinage @item_344#@1
1004008,Délicieux Plat,Cuisinez @item_12502#@1#r (utilisez @item_344#dans @item_200108#et attendez que le délicieux plat soit préparé),Cuisinez @item_12502#@1 dans @item_200108#
1004009,fête,Mangez @item_12502#@1 #r (Ce n'est que lorsque vous êtes rassasié que vous pouvez travailler dur!),Nourriture @item_12502#@1
1004010,Le sac à dos ne peut pas le retenir!,Utilisez @item_11323#et @item_11006#pour traiter @item_1180#@1#r (les articles qui ne peuvent pas tenir dans le sac à dos peuvent être rangés dans la boîte de rangement),Usinage @item_1180#@1
1004011,Se défendre contre des ennemis puissants,"Utilisez @item_11323#et @item_11006#pour traiter @item_812#et placer @1#r (Une fois la maison installée sur la porte, cela peut non seulement faciliter l'entrée et la sortie, mais aussi empêcher les monstres d'entrer dans la maison. Mais attention, @item_812#risque d'être détruit par les sauvages!)",Traiter et placer @item_812#@1
1004012,fortifications,Utilisez @item_11323#pour traiter @item_821#et placer @1 #r (maintenez @item_821#point déjà placé @item_821#peut être connecté),Traiter et placer @item_821#@1
1004013,Entrée et sortie de la défense de la ville,"Utilisez @item_11323#, @item_11006#et @item_11227#pour traiter @item_535#et placer @1#r (@item_535#peut être connecté avec des piquets en bois, afin que les monstres ne puissent pas entrer dans votre forteresse à volonté)",Traiter et placer @item_535#@1
1004014,Statue de pierre mystérieuse,"Utilisez @item_104#pour traiter @item_596#et placez @1 #r (l'étrange statue de pierre a une sensation étrange rien qu'en la regardant, en la touchant peut faire arriver quelque chose)",Traiter et placer @item_596#@1
1004015,"Ici, recommencez","Donnez des étoiles à @item_596#1 #r (cliquez sur @item_596#et sélectionnez ""Donner une étoile"", Ramey pourra vous reconduire ici en cas d'accident dans la nature)",Donnez des étoiles à @item_596#@1
1004016,Survie dans la nature Leçon 2,"Accomplissez toutes les tâches de l'objectif ""Apprentissage sans fin"". #r (En appris plus sur la survie, il est temps d'aller plus loin.)","Accomplir toutes les tâches de l'objectif ""Apprendre sans fin"""
1004017,Source de lumière naturelle,"Craft @item_905# ou @item_907#@1#r avec @item_837# (une source de lumière naturelle permanente, peut-être un remplacement pour les torches qui peuvent s'éteindre)",Artisanat @item_905# ou @item_907#@1
1005001,Peau dure,"Chassez pour obtenir @item_11307#@1 #r (vous devez vaincre la bête ou le renard wover pour obtenir @item_11307 #, vous devez regarder attentivement)",Obtenez @item_11307#@1
1005002,Engrenage en laiton!,"Traitez et portez tout équipement en laiton, tel que @item_12216#@1 #r (après avoir changé l'équipement en laiton, il est plus résistant au battement, haha!)",Traitez et portez tout équipement en laiton @1
1005003,Arme plus tranchante,"Utilisez @item_11329#et @item_11323#pour fabriquer @item_12004#@1#r (Avec @item_12004#, votre capacité de combat augmentera considérablement)",Fabriquez @item_12004#@1
1005004,Attraper un voleur,"Vaincre les Apôtres du Vide pour obtenir @item_11911#@1 #r (Void Phantom compte sur ce groupe d'Apôtres pour voler le pouvoir de la création, ils doivent être arrêtés!)",Vaincre l'apôtre du vide pour obtenir @item_11911#@1
1005005,Mettre à niveau la table d'artisan!,"Mettre à niveau @item_800#vers @item_797#@1 #r (portable @item_11911#cliquez sur le @item_800#placé pour mettre à niveau, @item_797#peut voir directement toutes les recettes de traitement)",Ordinateur de poche @item_11911#Cliquez sur @item_800 #
1005006,tout neuf,"Faire une réparation d'outil ou d ""équipement @1 #r (utilisez @item_797#ou @item_800 #, cliquez sur le bureau de l'artisan pour ouvrir la page, sélectionnez"" Prop Repair ""à gauche, et mettez les éléments qui doivent être réparés dedans.)","Effectuer une réparation d'outil ou d ""équipement @1"
1005007,Améliorer l'efficacité de la fusion,"Traitement @item_799##r avec @item_11329#(après remplacement par une table de fusion plus avancée, plusieurs groupes de minéraux peuvent être fondus en même temps, et l'efficacité est doublée)",Usinage @item_799#@1
1005008,Des minéraux plus fiables,"Collectez @item_401#@1 #r (@item_401#est plus dur que @item_451 #, et la distribution minérale est plus profonde. Vous devez creuser quelques couches supplémentaires dans le sol pour le trouver, mais ne creusez pas trop profond)",Capture @item_401#@1
1005009,Fusion des métaux : Mithril,"Smelting a obtenu @item_11209#@1 #r (avec @item_11209 #, des outils et équipements plus durables peuvent être traités, et plus de blocs peuvent être traités. Il est recommandé de réserver davantage.)",Fusion obtenue @item_11209#@1
1005010,Outil Mithril!,"Traitement de @item_11013#@1 #r (@item_11013#mine beaucoup plus rapidement que @item_11011 #, et peut utiliser des mosaïques de runes pour des capacités plus efficaces)",Usinage @item_11013#@1
1005011,Le pouvoir de la nature,"Traitement @item_785#@1 #r (Utilisez @item_785#pour donner des outils, armes ou équipements incrustés de runes, il existe de nombreuses sortes de pierres runiques, explorez-le sous terre.)",Usinage @item_785#@1
1005012,Stimuler la puissance des runes,"Faites une mosaïque runique #r (cliquez sur @item_785#pour ouvrir la page, vous pouvez choisir librement parmi les outils et les pierres runiques à gauche. Essayez encore quelques fois, la mosaïque runique ne sera pas réussie à tous les coups. Cependant, faites attention à la puissance du mithril ou plus Les outils peuvent incruster des runes)",Utilisez @item_785#pour une mosaïque de runes
1005013,Allez plus loin!,"Terminez toutes les missions de l'objectif ""Explorateur habile"". #r (Vous êtes déjà à votre compte, continuez à vous renforcer et à vaincre le fantôme du vide!)","Terminer toutes les missions de l'objectif ""Explorateur qualifié"""
1006001,Fragments du passé,"Récupérez @item_598 dans les souterrains pour obtenir @item_11205#@1 #r (@item_11331#est composé de @item_11205 #, il y a un grand nombre de @item_598#enfouis profondément sous Mira il y a longtemps)",Collecte souterraine @item_598#@1
1006002,Énergie Starlink,"Utilisez @item_11205#pour traiter @item_11331#@1 #r (comme son nom l'indique, @item_11331#est l'accessoire clé pour l'alimentation de la station en étoile)",Usinage @item_11331#@1
1006003,Île dans le ciel?!,"Entrez dans l'île écologique #r sur Myra (l'écologie incroyable sur Myra, la surface est détachée de la suspension vers le ciel, mais elle est maintenue dans un état très stable)",Entrez dans l'écologie d'une île vide
1006004,Commerce extérieur,"Acheté chez un marchand d'île vide @item_11334#@1 #r (Les gens d'Angelo ont pour habitude de collecter des trésors partout dans l'univers, et en même temps aiment beaucoup les hauteurs, ils devraient pouvoir les trouver sur l'île vide. Ils doivent en avoir beaucoup @item_11334 #)",Acheté chez Sky Merchant @item_11334#@1
1006005,L'assemblage est terminé!,"Traitement @item_11335#@1 #r (les stations stellaires sur Myra sont en gros détruites par le vide, même après activation, elles ne peuvent être transmises qu'au sein de la planète, et doivent utiliser @item_11335#pour restaurer son module de téléportation)",Usinage @item_11335#@1
1006006,Restauration Star Station,"Utilisez @item_11331#click @item_594#@1 pour le réactiver #r (après activation, la station en étoile peut se reconnecter au réseau de liaison en étoile, tant que vous activez plus de stations en étoile, le trajet sera beaucoup plus facile)",Utilisez @item_11331#pour cliquer sur @item_594#@1
1006007,Mettre à niveau la station en étoile,Utilisez @item_11335#click @item_595#@1 pour le mettre à niveau #r (mise à niveau vers @item_597#pour transférer entre les planètes voisines),Utilisez @item_11335#cliquez sur @item_595 #
1006008,Un grand pas dans le voyage sur la planète,"Terminez toutes les missions dans l'objectif ""Starlink Engineer"". #r (Après avoir réparé la station stellaire, vous pouvez aller à l'étoile de flamme et à l'étoile de l'oeil mignon, et vous êtes un pas de plus vers la défaite du fantôme du vide.)","Terminer toutes les missions dans l'objectif ""Starlink Engineer"""
1007001,Entrez dans la forêt tropicale,"Entrez dans la forêt tropicale écologique #r sur Myra (les arbres de la forêt tropicale sur Myra sont grands et très denses, et ils sont pleins de danger. Il est préférable de ne pas sortir pendant les orages dans la forêt tropicale, et être frappé par la foudre n'est pas une blague!)",Entrez dans l'écologie de la forêt tropicale
1007002,Au cœur de la forêt tropicale,"Détruire @item_396#get @item_11601#@1 #r (certains cristaux précipitent occasionnellement sur le tronc des arbres de la forêt tropicale, vous devez vous calmer et les chercher attentivement)",Obtenez @item_11601#@1
1007003,Clé ancienne,"Traité avec @item_11601#et @item_11329#pour obtenir @item_11597#@1 #r (@item_11597#est gravé avec la langue de l'ancien peuple Mira, enregistrant la méthode d'ouverture du ""Temple de la forêt tropicale"")",Traitement get @item_11597#@1
1007004,Temple de la forêt tropicale!,"Après avoir trouvé @item_578#dans la forêt tropicale, utilisez @item_11597#click pour activer et invoquer le temple #r de la forêt tropicale (Feather Serpent God est à l'intérieur!)",Invoquez le temple de la forêt tropicale
1007005,Serpent à plumes,"Vaincre le Dieu Serpent #r Plume (La naissance du Dieu Serpent Plume a pour origine un accident. Le ""Fruit Sacré"" est caché au plus profond de son corps et a traversé un nombre d'années inconnu...)",Vaincre le serpent à plumes
1007006,Graine sacrée,"Obtenir @item_591#@1 #r (La clé du sceau déposée dans le ""Fruit Sacré"" se transmet de génération en génération par la génétique...)",Obtenez @item_591#@1
1007007,Miracle de la vie,"Plantez @item_591#dans la fosse et plantez l'arbre sacré @1 #r (l'arbre sacré est différent des autres plantes, il ne peut pas utiliser @item_11311#pour accélérer sa croissance, il ne peut qu'attendre lentement)",Plante @item_591#@1
1007008,"La clé symbolisant la ""vie""","Ramassez à la hauteur de l'Arbre Sacré et obtenez @item_587#@1 #r (L'Arbre Sacré domine les nuages, et le fruit pousse à l'intérieur du tronc à la hauteur. Le processus de cueillette est très dangereux et nécessite des soins)",Obtenez @item_587#@1
1007009,Déployez vos ailes et planez,"Traiter et porter @item_11591#@1 #r (Les ailes et les plumes de Feather Snake God sont très fortes mais exceptionnellement légères, et vous pouvez glisser en portant @item_11591#sur votre dos)",Usinage et port @item_11591#@1
1007010,Feuilles pétillantes,"Ramassez des feuilles d'arbres rougeoyantes dans la forêt tropicale la nuit pour obtenir @item_11596#@1 #r (rappelez-vous, une fois qu'il fait jour, la poussière de lumière des étoiles sur les feuilles se dissipera)",Obtenez @item_11596#@1
1007011,Sorcellerie?,"Processing @item_11569#@1 #r (s'il n'y a pas de longeron encastré, c'est juste un bâton en bois)",Usinage @item_11569#@1
1007012,Sorcellerie!!!,"Traiter tout personnel @1, tel que @item_11580 ##r (il existe plusieurs types de longerons, et les prêtres sauvages comptent sur ces longerons pour avoir une variété de capacités)",Traiter n'importe quel personnel @1
1007013,"Appel de rideau! ""Chapitre de la Vie""","Terminer toutes les missions de l'objectif ""Perdu dans la forêt tropicale""","Terminer toutes les missions de l'objectif ""Perdu dans la forêt tropicale"""
1008001,Arrive à l'étoile flamboyante,"Prenez la station des étoiles pour atteindre l'étoile flamme #r (l'étoile flamme est la planète la plus proche de l'étoile dans la galaxie, la température de surface est extrêmement élevée, et elle est presque recouverte par la lave. Vous devez être bien préparé avant d'aller à l'étoile flamme)",Prendre la station des étoiles pour atteindre l'étoile de la flamme en douceur
1008002,Black Dragon Trial I - vidéo Dailymotion,"Battez l'ancien dragon noir! #r (Le dragon noir garde l'épée brisée enflammée depuis un nombre inconnu d'années, mais il n'a pas oublié l'accord qu'il a conclu avec ""l'ancien"". Si vous voulez obtenir ""l'épée brisée enflammée"", vous devez d'abord la passer. Essayez de prouver votre force au dragon noir!)",Vaincre l'ancien dragon noir
1008003,"La clé représentant le ""courage""","Obtenir @item_588 ##r (Flame Broken Sword a stocké l'une des clés de sceau, il est essentiel de lever le sceau du volcan)",Obtenez @item_588 #
1008004,Difficulté augmentée!,"Traitez @item_11215#, activez @item_740#, invoquez le dragon noir de lave",Invoquez le dragon de lave
1008005,Black Dragon Trial II - vidéo Dailymotion,"Battez le dragon noir de lave! #r (Le dragon noir s'incarne sous forme de lave pour commencer le deuxième essai, le vaincre et devenir plus fort!)",Vaincre le dragon de lave!
1008006,Difficulté pleine!,"Traitez @item_11216#, activez @item_741#, invoquez Chaos Black Dragon",Invoquez le dragon noir du chaos
1008007,Essai du dragon noir ∞,"Vaincre le dragon noir chaotique! #r (Le dragon noir s'est incarné dans une forme chaotique pour ouvrir le procès de troisième niveau, qui est l'épreuve la plus difficile et nécessite une préparation adéquate.)",Vaincre le Chaos Black Dragon!
1008008,Obtenir des coquilles de crabe Yan,"Battez le crabe Yanyan et obtenez @item_12605#@1 #r (le crabe Yanyan peut survivre à une température aussi élevée de l'étoile de flamme, et même nager dans le magma, il est inséparable de cette coquille magique sur son corps)",Obtenez @item_12605#@1
1008009,Équipé d'un sac à dos ignifuge,Processus et usure @item_12277#@1 #r (avec @item_12277#vous pouvez supporter la chaleur de l'étoile de flamme),Usinage et port @item_12277#@1
1008010,"Appel de rideau! ""Chapitre du Courage""","Terminer toutes les missions de l'objectif ""Procès antique""","Terminer toutes les missions de l'objectif ""Procès antique"""
1009001,Arriver à Cute Eye,"Prenez la station stellaire pour atteindre l'étoile #r aux yeux mignons (l'étoile aux yeux mignons est le seul satellite de Myra, et la force d'attraction est beaucoup plus petite que celle de Myra. Il semble un peu difficile de communiquer avec un groupe de créatures indigènes à l'allure unique vivant sur cette planète...)",Prenez la station des étoiles pour atteindre l'étoile des yeux mignons en douceur
1009002,Dissiper l'érosion du vide,"Aidez les anciens géants à se débarrasser de l'érosion du vide #r (les anciens géants sont corrodés trop profondément par le vide et ne peuvent pas être récupérés, le seul moyen est de les détruire. #r besoin de trouver l'autel, posez le @item_408#à côté du @item_1042 #, @item_409 #, @item_449 #, @item_450#pour invoquer le géants antiques)",Aidez les anciens géants à échapper à l'érosion du vide
1009003,"La clé représentant la ""sagesse""","Obtenu @item_589#@1 #r (@item_589#était une percée majeure dans le domaine de la vie artificielle pour l'ancien peuple Myra, qui stockait l'une des trois clés du Sceau de la Montagne de Feu)",Obtenez @item_589#@1
1009004,"""Ding Ding Aventures""","Battez le ding aux yeux mignons et obtenez @item_11077#@1 #r (la façon de distinguer les créatures aux yeux mignons est de regarder leur couleur, la couleur du ""ding aux yeux mignons"" est blanche, très effrayante, mais faites attention aux bombes qu'elles crachent)",Obtenez @item_11077#@1
1009005,Pierre de Xingqi,Utilisez @item_11077#pour obtenir @item_11075#@1 #r (vous devez trouver @item_11090#sur la jolie étoile avant @item_11075 #),Usinage @item_11075#@1
1009006,Activez le totem mignon de l'étoile des yeux,"Utilisez @item_11075#pour activer @item_1042#@1 #r (après activation, une grande surface d'oxygène peut être générée, et il n'y a pas lieu de s'inquiéter de l'hypoxie dans la zone d'oxygène)",Activer @item_1042#@1
1009007,Minerai de Xingtong,"Collect @item_445#get @item_11073#@1 #r (@item_445#est l'un des minéraux uniques de cute eye star, la texture est beaucoup plus dure que le laiton)",Capture @item_445#Obtenir @item_11073#@1
1009008,Perceuse à pupille étoile,Traitement de @item_11016#@1 #r (si vous voulez traiter @item_11016#vous devez obtenir @item_11087#en premier),Traitement @item_11016 #
1009009,Minerai violet,"Collectez @item_446#pour obtenir @item_11074#@1 #r (@item_446#est également l'un des minéraux uniques de Mengyan Star, mais le rendement est extrêmement faible, rarement trouvé dans Mengyan Star Sky Island)",Capture @item_446#Obtenir @item_11074#@1
1009010,Envolez-vous vers le ciel et évadez-vous!,Traitement @item_12006#@1 #r (si vous voulez traiter @item_12006#vous devez d'abord obtenir @item_11088 #),Usinage @item_12006#@1
1009011,"Appel de rideau! ""Chapitre de la Sagesse""","Terminer toutes les missions de l'objectif ""Super 'Stone' Sky Rescue""","Terminer toutes les missions de l'objectif ""Super 'Stone' Sky Rescue"""
2001001,Pierre Axe I,Traitement @item_11002#@1#r (principalement traité à partir de matières consommables @item_11006#et @item_11627#),Usinage @item_11002#@1
2001002,Pierre Axe II,Traitement @item_11002#@1#r (principalement traité à partir de matières consommables @item_11006#et @item_11627#),Usinage @item_11002#@1
2001003,Axe en laiton I,Traitement @item_11001#@1#r (principalement traité à partir de matières consommables @item_11006#et @item_11329#),Usinage @item_11001#@1
2001004,Axe en laiton II,Traitement @item_11001#@1#r (principalement traité à partir de matières consommables @item_11006#et @item_11329#),Usinage @item_11001#@1
2001005,Mithril Axe I,Traitement @item_11003#@1#r (principalement traité à partir de matières consommables @item_11006#et @item_11209#),Usinage @item_11003#@1
2001006,Mithril Axe II,Traitement @item_11003#@1#r (principalement traité à partir de matières consommables @item_11006#et @item_11209#),Usinage @item_11003#@1
2001007,Titane Axe I,Traitement @item_11004#@1#r (principalement traité à partir de matières consommables @item_11006#et @item_11330#),Usinage @item_11004#@1
2001008,Titane Axe II,Traitement @item_11004#@1#r (principalement traité à partir de matières consommables @item_11006#et @item_11330#),Usinage @item_11004#@1
2001009,Tronçonneuse Ⅰ,Fabriquer @item_11005#@1#r (Fabriqué en consommant principalement @item_11203#et @item_11911#),Fabriquer @item_11005#@1
2001010,Tronçonneuse Ⅱ,Artisanat @item_11005#@1#r (Fabriqué en consommant principalement @item_11203#et @item_11911#),Artisanat @item_11005#@1
2001011,Pelle à pierre I,Traitement @item_11022#@1#r (principalement traité à partir de matières consommables @item_11006#et @item_11627#),Usinage @item_11022#@1
2001012,Pelle à pierre II,Traitement @item_11022#@1#r (principalement traité à partir de matières consommables @item_11006#et @item_11627#),Usinage @item_11022#@1
2001013,Pelle en laiton I,Traitement @item_11021#@1#r (principalement traité à partir de matières consommables @item_11006#et @item_11329#),Usinage @item_11021#@1
2001014,Pelle en laiton,Traitement @item_11021#@1#r (principalement traité à partir de matières consommables @item_11006#et @item_11329#),Usinage @item_11021#@1
2001015,Pelle en mithril I,Traitement @item_11023#@1#r (principalement traité à partir de matières consommables @item_11006#et @item_11209#),Usinage @item_11023#@1
2001016,Pelle Mithril II,Traitement @item_11023#@1#r (principalement traité à partir de matières consommables @item_11006#et @item_11209#),Usinage @item_11023#@1
2001017,Pelle en alliage de titane I,Traitement @item_11024#@1#r (principalement traité à partir de matières consommables @item_11006#et @item_11330#),Usinage @item_11024#@1
2001018,Pelle en alliage de titane,Traitement @item_11024#@1#r (principalement traité à partir de matières consommables @item_11006#et @item_11330#),Usinage @item_11024#@1
2001019,Pelle en tungstène Ⅰ,Artisanat @item_11025#@1#r (Fabriqué en consommant principalement @item_11203#et @item_11911#),Artisanat @item_11025#@1
2001020,Pelle en tungstène Ⅱ,Artisanat @item_11025#@1#r (fabriqué en consommant principalement @item_11203#et @item_11911#),Artisanat @item_11025#@1
2001021,Râteau en pierre I,Traitement @item_11032#@1#r (principalement traité à partir de matières consommables @item_11006#et @item_11627#),Usinage @item_11032#@1
2001022,Râteau de pierre II,Traitement @item_11032#@1#r (principalement traité à partir de matières consommables @item_11006#et @item_11627#),Usinage @item_11032#@1
2001023,Râteau en laiton I,Traitement @item_11031#@1#r (principalement traité à partir de matières consommables @item_11006#et @item_11329#),Usinage @item_11031#@1
2001024,Râteau en laiton II,Traitement @item_11031#@1#r (principalement traité à partir de matières consommables @item_11006#et @item_11329#),Usinage @item_11031#@1
2001025,Mithril Rake I,Traitement @item_11033#@1#r (principalement traité à partir de matières consommables @item_11006#et @item_11209#),Usinage @item_11033#@1
2001026,Mithril Rake II,Traitement @item_11033#@1#r (principalement traité à partir de matières consommables @item_11006#et @item_11209#),Usinage @item_11033#@1
2001027,Râteau en alliage de titane I,Traitement @item_11034#@1#r (principalement traité à partir de matières consommables @item_11006#et @item_11330#),Usinage @item_11034#@1
2001028,Râteau en alliage de titane,Traitement @item_11034#@1#r (principalement traité à partir de matières consommables @item_11006#et @item_11330#),Usinage @item_11034#@1
2001029,Râteau en tungstène Ⅰ,Artisanat @item_11035#@1#r (Fabriqué en consommant principalement @item_11203#et @item_11911#),Fabriquer @item_11035#@1
2001030,Râteau en tungstène Ⅱ,Artisanat @item_11035#@1#r (Fabriqué en consommant principalement @item_11203#et @item_11911#),Artisanat @item_11035#@1
2001031,Choix de pierre I,Traitement @item_11012#@1#r (principalement traité à partir de matières consommables @item_11006#et @item_11627#),Usinage @item_11012#@1
2001032,Pic à pierre II,Traitement @item_11012#@1#r (principalement traité à partir de matières consommables @item_11006#et @item_11627#),Usinage @item_11012#@1
2001033,Pic en laiton I,Traitement @item_11011#@1#r (principalement traité à partir de matières consommables @item_11006#et @item_11329#),Usinage @item_11011#@1
2001034,Pic en laiton II,Traitement @item_11011#@1#r (principalement traité à partir de matières consommables @item_11006#et @item_11329#),Usinage @item_11011#@1
2001035,Mithril Pioche I,Traitement @item_11013#@1#r (principalement traité à partir de matières consommables @item_11006#et @item_11209#),Usinage @item_11013#@1
2001036,Pioche Mithril II,Traitement @item_11013#@1#r (principalement traité à partir de matières consommables @item_11006#et @item_11209#),Usinage @item_11013#@1
2001037,Pioche en alliage de titane I,Traitement @item_11014#@1#r (principalement traité à partir de matières consommables @item_11006#et @item_11330#),Usinage @item_11014#@1
2001038,Pioche en alliage de titane,Traitement @item_11014#@1#r (principalement traité à partir de matières consommables @item_11006#et @item_11330#),Usinage @item_11014#@1
2001039,Foret en tungstène Ⅰ,Artisanat @item_11015#@1#r (Fabriqué en consommant principalement @item_11203#et @item_11911#),Artisanat @item_11015#@1
2001040,Perceuse en tungstène niveau II,Artisanat @item_11015#@1#r (Fabriqué en consommant principalement @item_11203#et @item_11911#),Artisanat @item_11015#@1
2001041,Foret à pupille en étoile I,Traitement @item_11016#@1 #r (principalement traité à partir de matières consommables @item_11073 #),Usinage @item_11016#@1
2001042,Perceuse à pupille étoile II,Traitement @item_11016#@1 #r (principalement traité à partir de matières consommables @item_11073 #),Usinage @item_11016#@1
2002001,Fosse fertile,"Utilisez l'outil de pelle pour creuser @item_103#@1 #r (outil de pelle à main, tel que @item_11022 #, alignez @item_101#ou @item_100#et cliquez sur le bouton d'utilisation (appuyez longuement sur le bouton droit du côté PC) pour creuser un trou)",Utilisez l'outil pelle pour creuser @item_103#@1
2002002,Sol humide,"Utilisez @item_11628#pour arroser @item_103#1 #r (utilisez @item_11617#pour tapoter le cube d'eau pour le remplir, utilisez @item_11628#pour tapoter @item_103#ou @item_102#pour le mouiller)",Utilisez @item_11628#pour arroser @item_103#@1
2002003,Cerisier I,"Dans @item_103#plantation @item_11405#@1 #r (pousse généralement dans les prairies, écologie forestière)",Genre @item_11405#@1
2002004,Cerisier II,"Dans @item_103#plantation @item_11405#@1 #r (pousse généralement dans les prairies, écologie forestière)",Genre @item_11405#@1
2002005,Cerisier III,"Dans @item_103#plantation @item_11405#@1 #r (pousse généralement dans les prairies, écologie forestière)",Genre @item_11405#@1
2002006,Pin I,Dans @item_103#planté @item_11406#@1 #r (généralement cultivé dans l'écologie des forêts de conifères alpins),Genre @item_11406#@1
2002007,Pine II,Dans @item_103#planté @item_11406#@1 #r (généralement cultivé dans l'écologie des forêts de conifères alpins),Genre @item_11406#@1
2002008,Pine III,Dans @item_103#planté @item_11406#@1 #r (généralement cultivé dans l'écologie des forêts de conifères alpins),Genre @item_11406#@1
2002009,Arbre I,Dans @item_103#grow @item_11407#@1 #r (pousse généralement dans l'écologie de la forêt tropicale),Genre @item_11407#@1
2002010,Arbor II,Dans @item_103#grow @item_11407#@1 #r (pousse généralement dans l'écologie de la forêt tropicale),Genre @item_11407#@1
2002011,Arbor III,Dans @item_103#grow @item_11407#@1 #r (pousse généralement dans l'écologie de la forêt tropicale),Genre @item_11407#@1
2002012,Pêcher I,Dans @item_103#planté @item_11409#@1 #r (généralement cultivé dans Peachtree Basin Ecology),Genre @item_11409#@1
2002013,Peach Tree II,Dans @item_103#planté @item_11409#@1 #r (généralement cultivé dans Peachtree Basin Ecology),Genre @item_11409#@1
2002014,Peach Tree III,Dans @item_103#planté @item_11409#@1 #r (généralement cultivé dans Peachtree Basin Ecology),Genre @item_11409#@1
2002015,Peuplier I,"Dans @item_103#plantation @item_11410#@1 #r (pousse généralement dans les prairies, écologie forestière)",Genre @item_11410#@1
2002016,Peuplier II,"Dans @item_103#plantation @item_11410#@1 #r (pousse généralement dans les prairies, écologie forestière)",Genre @item_11410#@1
2002017,Peuplier III,"Dans @item_103#plantation @item_11410#@1 #r (pousse généralement dans les prairies, écologie forestière)",Genre @item_11410#@1
2002018,Noix I,Planté dans @item_103 @item_11411#@1 #r (généralement cultivé sur des îles vides),Genre @item_11411#@1
2002019,Noyer II,Planté dans @item_103 @item_11411#@1 #r (généralement cultivé sur des îles vides),Genre @item_11411#@1
2002020,Noyer III,Planté dans @item_103 @item_11411#@1 #r (généralement cultivé sur des îles vides),Genre @item_11411#@1
2002021,Redwood I,Dans @item_103#planté @item_11412#@1 #r (généralement cultivé dans l'écologie des mangroves),Genre @item_11412#@1
2002022,Redwood II,Dans @item_103#planté @item_11412#@1 #r (généralement cultivé dans l'écologie des mangroves),Genre @item_11412#@1
2002023,Redwood III,Dans @item_103#planté @item_11412#@1 #r (généralement cultivé dans l'écologie des mangroves),Genre @item_11412#@1
2002024,Populus euphratica I,Dans @item_103#grow @item_11421#@1 #r (généralement cultivé dans l'écologie du désert),Genre @item_11421#@1
2002025,Populus euphratica II,Dans @item_103#grow @item_11421#@1 #r (généralement cultivé dans l'écologie du désert),Genre @item_11421#@1
2002026,Populus euphratica III,Dans @item_103#grow @item_11421#@1 #r (généralement cultivé dans l'écologie du désert),Genre @item_11421#@1
2002027,Zhenmu I,Dans @item_137#grow @item_11408#@1 #r (pousse généralement sur des étoiles adorables),Genre @item_11408#@1
2002028,Zhenmu II,Dans @item_137#grow @item_11408#@1 #r (pousse généralement sur des étoiles adorables),Genre @item_11408#@1
2002029,Zhenmu III,Dans @item_137#grow @item_11408#@1 #r (pousse généralement sur des étoiles adorables),Genre @item_11408#@1
2002030,Bananier I,Dans @item_103#grow @item_383#@1 #r (pousse généralement dans l'écologie de la forêt tropicale),Genre @item_383#@1
2002031,Bananier II,Dans @item_103#grow @item_383#@1 #r (pousse généralement dans l'écologie de la forêt tropicale),Genre @item_383#@1
2002032,Bananier III,Dans @item_103#grow @item_383#@1 #r (pousse généralement dans l'écologie de la forêt tropicale),Genre @item_383#@1
2002033,Noix de coco I,Dans @item_103#grow @item_295#@1 #r (pousse généralement dans l'écologie des plages),Genre @item_295#@1
2002034,Noix de coco II,Dans @item_103#grow @item_295#@1 #r (pousse généralement dans l'écologie des plages),Genre @item_295#@1
2002035,Noix de coco III,Dans @item_103#grow @item_295#@1 #r (pousse généralement dans l'écologie des plages),Genre @item_295#@1
2002036,Cactus I,Dans @item_103#grow @item_11420#@1 #r (généralement cultivé dans l'écologie du désert),Genre @item_11420#@1
2002037,Cactus II,Dans @item_103#grow @item_11420#@1 #r (généralement cultivé dans l'écologie du désert),Genre @item_11420#@1
2002038,Cactus III,Dans @item_103#grow @item_11420#@1 #r (généralement cultivé dans l'écologie du désert),Genre @item_11420#@1
2003001,Bellflower I,"Dans @item_103#plantation @item_431#@1 #r (@item_300#pousse généralement dans les prairies, le bassin des pêchers et d'autres écologies)",Genre @item_431#@1
2003002,Bellflower II,"Dans @item_103#plantation @item_431#@1 #r (@item_300#pousse généralement dans les prairies, le bassin des pêchers et d'autres écologies)",Genre @item_431#@1
2003003,Bellflower III,"Dans @item_103#plantation @item_431#@1 #r (@item_300#pousse généralement dans les prairies, le bassin des pêchers et d'autres écologies)",Genre @item_431#@1
2003004,Ruolan I,"Dans @item_103#plantation @item_432#@1 #r (@item_301#pousse généralement dans les forêts, les forêts de conifères, etc.)",Genre @item_432#@1
2003005,Ruolan II,"Dans @item_103#plantation @item_432#@1 #r (@item_301#pousse généralement dans les forêts, les forêts de conifères, etc.)",Genre @item_432#@1
2003006,Ruolan III,"Dans @item_103#plantation @item_432#@1 #r (@item_301#pousse généralement dans les forêts, les forêts de conifères, etc.)",Genre @item_432#@1
2003007,Fleur étoilée I,"Dans @item_103#plantation @item_433#@1 #r (@item_302#pousse généralement sur des îles vides, des falaises, etc.)",Genre @item_433#@1
2003008,Fleur d'étoile II,"Dans @item_103#plantation @item_433#@1 #r (@item_302#pousse généralement sur des îles vides, des falaises, etc.)",Genre @item_433#@1
2003009,Fleur d'étoile III,"Dans @item_103#plantation @item_433#@1 #r (@item_302#pousse généralement sur des îles vides, des falaises, etc.)",Genre @item_433#@1
2003010,Fleur de sang de dragon I,"Dans @item_103#plantation @item_434#@1 #r (@item_303#pousse généralement dans le bassin forestier de bambous, le bassin de pêchers et d'autres écologies)",Genre @item_434#@1
2003011,Dragon Blood Flower II - vidéo Dailymotion,"Dans @item_103#plantation @item_434#@1 #r (@item_303#pousse généralement dans le bassin forestier de bambous, le bassin de pêchers et d'autres écologies)",Genre @item_434#@1
2003012,Dragon Blood Flower III - vidéo Dailymotion,"Dans @item_103#plantation @item_434#@1 #r (@item_303#pousse généralement dans le bassin forestier de bambous, le bassin de pêchers et d'autres écologies)",Genre @item_434#@1
2003013,Jacinthe I,"Dans @item_103#plantation @item_435#@1 #r (@item_304#pousse généralement dans la jungle, la forêt et d'autres écologies)",Genre @item_435#@1
2003014,Jacinthe II,"Dans @item_103#plantation @item_435#@1 #r (@item_304#pousse généralement dans la jungle, la forêt et d'autres écologies)",Genre @item_435#@1
2003015,Jacinthe III,"Dans @item_103#plantation @item_435#@1 #r (@item_304#pousse généralement dans la jungle, la forêt et d'autres écologies)",Genre @item_435#@1
2003016,Griffe de dragon I,Dans @item_103#grow @item_436#@1 #r (@item_305#pousse généralement dans l'écologie des falaises),Genre @item_436#@1
2003017,Griffe de dragon II,Dans @item_103#grow @item_436#@1 #r (@item_305#pousse généralement dans l'écologie des falaises),Genre @item_436#@1
2003018,Griffe de dragon III,Dans @item_103#grow @item_436#@1 #r (@item_305#pousse généralement dans l'écologie des falaises),Genre @item_436#@1
2003019,Fleur de cloche jaune I,"Dans @item_103#plantation @item_443#@1 #r (@item_312#pousse généralement dans les prairies, la jungle et d'autres écologies)",Genre @item_443#@1
2003020,Fleur de cloche jaune II,"Dans @item_103#plantation @item_443#@1 #r (@item_312#pousse généralement dans les prairies, la jungle et d'autres écologies)",Genre @item_443#@1
2003021,fleur de cloche jaune III,"Dans @item_103#plantation @item_443#@1 #r (@item_312#pousse généralement dans les prairies, la jungle et d'autres écologies)",Genre @item_443#@1
2003022,Dracaena I,"Dans @item_103#plantation @item_437#@1 #r (@item_306#pousse généralement dans les marécages, les forêts tropicales, etc.)",Genre @item_437#@1
2003023,Dracaena II,"Dans @item_103#plantation @item_437#@1 #r (@item_306#pousse généralement dans les marécages, les forêts tropicales, etc.)",Genre @item_437#@1
2003024,Dracaena III,"Dans @item_103#plantation @item_437#@1 #r (@item_306#pousse généralement dans les marécages, les forêts tropicales, etc.)",Genre @item_437#@1
2003025,Tequila rouge I,"Dans @item_103#plantation @item_438#@1 #r (@item_307#pousse généralement dans les îles vides, les îles de latérite et d'autres écologies)",Genre @item_438#@1
2003026,Tequila rouge II,"Dans @item_103#plantation @item_438#@1 #r (@item_307#pousse généralement dans les îles vides, les îles de latérite et d'autres écologies)",Genre @item_438#@1
2003027,Tequila rouge III,"Dans @item_103#plantation @item_438#@1 #r (@item_307#pousse généralement dans les îles vides, les îles de latérite et d'autres écologies)",Genre @item_438#@1
2003028,Tequila orange I,"Dans @item_103#plantation @item_439#@1 #r (@item_308#pousse généralement dans le bassin forestier de bambou, l'île de latérite et d'autres écologies)",Genre @item_439#@1
2003029,Tequila orange II,"Dans @item_103#plantation @item_439#@1 #r (@item_308#pousse généralement dans le bassin forestier de bambou, l'île de latérite et d'autres écologies)",Genre @item_439#@1
2003030,Orange Agave III,"Dans @item_103#plantation @item_439#@1 #r (@item_308#pousse généralement dans le bassin forestier de bambou, l'île de latérite et d'autres écologies)",Genre @item_439#@1
2003031,Tequila grise I,"Dans @item_103#plantation @item_440#@1 #r (@item_309#pousse généralement dans les falaises, les îles de latérite, etc.)",Genre @item_440#@1
2003032,Tequila grise II,"Dans @item_103#plantation @item_440#@1 #r (@item_309#pousse généralement dans les falaises, les îles de latérite, etc.)",Genre @item_440#@1
2003033,Agave gris III,"Dans @item_103#plantation @item_440#@1 #r (@item_309#pousse généralement dans les falaises, les îles de latérite, etc.)",Genre @item_440#@1
2003034,Tequila rose I,"Dans @item_103#plantation @item_441#@1 #r (@item_310#pousse généralement dans le bassin des pêchers, l'île de latérite et d'autres écologies)",Genre @item_441#@1
2003035,Tequila rose II,"Dans @item_103#plantation @item_441#@1 #r (@item_310#pousse généralement dans le bassin des pêchers, l'île de latérite et d'autres écologies)",Genre @item_441#@1
2003036,Tequila rose III,"Dans @item_103#plantation @item_441#@1 #r (@item_310#pousse généralement dans le bassin des pêchers, l'île de latérite et d'autres écologies)",Genre @item_441#@1
2003037,Noix de coco blanche I,Dans @item_103#planté @item_442#@1 #r (@item_311#pousse généralement dans une écologie de forêt de conifères),Genre @item_442#@1
2003038,Noix de coco blanche II,Dans @item_103#planté @item_442#@1 #r (@item_311#pousse généralement dans une écologie de forêt de conifères),Genre @item_442#@1
2003039,Noix de coco blanche III,Dans @item_103#planté @item_442#@1 #r (@item_311#pousse généralement dans une écologie de forêt de conifères),Genre @item_442#@1
2003040,Briar I,"Dans @item_103#grow @item_444#@1 #r (@item_313#pousse généralement dans les marécages, les jungles, etc.)",Genre @item_444#@1
2003041,Briar II,"Dans @item_103#grow @item_444#@1 #r (@item_313#pousse généralement dans les marécages, les jungles, etc.)",Genre @item_444#@1
2003042,Briar III,"Dans @item_103#grow @item_444#@1 #r (@item_313#pousse généralement dans les marécages, les jungles, etc.)",Genre @item_444#@1
2003043,Pied de goulet I.,Plantez @item_760#@1#r à @item_121# (@item_761# prospère généralement dans le champ de glace),Plante @item_760#@1
2003044,Pied de bélasage II.,Plantez @item_760#@1#r à @item_121# (@item_761# prospère généralement dans le champ de glace),Plante @item_760#@1
2003045,Pied-de-bélasin III.,Plantez @item_760#@1#r à @item_121# (@item_761# prospère généralement dans le champ de glace),Plante @item_760#@1
2004001,Maïs I,"Plant @item_11400#@1 #r (plant @item_11400#in @item_102 #, récupérez-le après échéance pour obtenir @item_229 #)",Plantation @item_11400#@1
2004002,Maïs II,"Plant @item_11400#@1 #r (plant @item_11400#in @item_102 #, récupérez-le après échéance pour obtenir @item_229 #)",Plantation @item_11400#@1
2004003,Maïs III,"Plant @item_11400#@1 #r (plant @item_11400#in @item_102 #, récupérez-le après échéance pour obtenir @item_229 #)",Plantation @item_11400#@1
2004004,Patate douce I,"Plant @item_241#@1 #r (plant @item_241#in @item_102 #, récupérez-le après échéance pour obtenir @item_241 #)",Plantation @item_241#@1
2004005,Patate douce II,"Plant @item_241#@1 #r (plant @item_241#in @item_102 #, récupérez-le après échéance pour obtenir @item_241 #)",Plantation @item_241#@1
2004006,Patate douce III,"Plant @item_241#@1 #r (plant @item_241#in @item_102 #, récupérez-le après échéance pour obtenir @item_241 #)",Plantation @item_241#@1
2004007,Coton I,"Plant @item_11419#@1 #r (plant @item_11419#in @item_102 #, récupérez-le après échéance pour obtenir @item_12600 #)",Plantation @item_11419#@1
2004008,Coton II,"Plant @item_11419#@1 #r (plant @item_11419#in @item_102 #, récupérez-le après échéance pour obtenir @item_12600 #)",Plantation @item_11419#@1
2004009,Coton III,"Plant @item_11419#@1 #r (plant @item_11419#in @item_102 #, récupérez-le après échéance pour obtenir @item_12600 #)",Plantation @item_11419#@1
2004010,Plume à écailles géantes I,"Plant @item_11402#@1 #r (plant @item_11402#in @item_102 #, récupérez-le après échéance pour obtenir @item_239 #)",Plantation @item_11402#@1
2004011,Plume à écailles géantes II,"Plant @item_11402#@1 #r (plant @item_11402#in @item_102 #, récupérez-le après échéance pour obtenir @item_239 #)",Plantation @item_11402#@1
2004012,Plume d'écaille géante III,"Plant @item_11402#@1 #r (plant @item_11402#in @item_102 #, récupérez-le après échéance pour obtenir @item_239 #)",Plantation @item_11402#@1
2004013,Macrobrucus I,"Plant @item_11401#@1 #r (plant @item_11401#in @item_102 #, récupérez-le après échéance pour obtenir @item_230 #)",Plantation @item_11401#@1
2004014,Macrobrucus II,"Plant @item_11401#@1 #r (plant @item_11401#in @item_102 #, récupérez-le après échéance pour obtenir @item_230 #)",Plantation @item_11401#@1
2004015,Macrobrucus III,"Plant @item_11401#@1 #r (plant @item_11401#in @item_102 #, récupérez-le après échéance pour obtenir @item_230 #)",Plantation @item_11401#@1
2004016,Concombre I,"Plant @item_236#@1 #r (plant @item_236#in @item_102 #, récupérez-le après échéance pour obtenir @item_236 #)",Plantation @item_236#@1
2004017,Concombre II,"Plant @item_236#@1 #r (plant @item_236#in @item_102 #, récupérez-le après échéance pour obtenir @item_236 #)",Plantation @item_236#@1
2004018,Concombre III,"Plant @item_236#@1 #r (plant @item_236#in @item_102 #, récupérez-le après échéance pour obtenir @item_236 #)",Plantation @item_236#@1
2004019,Riz I,"Plantez @item_234#@1 #r (plantez @item_11404#dans de l'eau d'un bloc de haut, collectez-le après maturité pour obtenir @item_234 #)",Plantation @item_234#@1
2004020,Riz II,"Plantez @item_234#@1 #r (plantez @item_11404#dans de l'eau d'un bloc de haut, collectez-le après maturité pour obtenir @item_234 #)",Plantation @item_234#@1
2004021,Riz III,"Plantez @item_234#@1 #r (plantez @item_11404#dans de l'eau d'un bloc de haut, collectez-le après maturité pour obtenir @item_234 #)",Plantation @item_234#@1
2004022,Ananas de l'autre côté I,"Plant @item_11654#@1 #r (plant @item_1194#in @item_150 #, récupérez-le après échéance pour obtenir @item_11654 #)",Grandir sur @item_150#@item_1194#@1
2004023,Au-delà de l'ananas II,"Plant @item_11654#@1 #r (plant @item_1194#in @item_150 #, récupérez-le après échéance pour obtenir @item_11654 #)",Grandir sur @item_150#@item_1194#@1
2004024,Ananas de Higan III,"Plant @item_11654#@1 #r (plant @item_1194#in @item_150 #, récupérez-le après échéance pour obtenir @item_11654 #)",Grandir sur @item_150#@item_1194#@1
2004025,Corail I,"Planter @item_11915#@1 #r sur @item_25#(les coraux doivent être plantés dans l'eau, sauf pour @item_25 #, @item_29#et @item_128 #)",Genre @item_11915#@1
2004026,Corail II,"Planter @item_11915#@1 #r sur @item_25#(les coraux doivent être plantés dans l'eau, sauf pour @item_25 #, @item_29#et @item_128 #)",Genre @item_11915#@1
2004027,Corail III,"Planter @item_11915#@1 #r sur @item_25#(les coraux doivent être plantés dans l'eau, sauf pour @item_25 #, @item_29#et @item_128 #)",Genre @item_11915#@1
2004028,Phosphore I,Plantez @item_11658#@1 #r sur @item_23#(le @item_11658#lancé doit être centré sur la surface supérieure de @item_23#pour germer),Genre @item_11658#@1
2004029,Phosphore II,Plantez @item_11658#@1 #r sur @item_23#(le @item_11658#lancé doit être centré sur la surface supérieure de @item_23#pour germer),Genre @item_11658#@1
2004030,Phosphore III,Plantez @item_11658#@1 #r sur @item_23#(le @item_11658#lancé doit être centré sur la surface supérieure de @item_23#pour germer),Genre @item_11658#@1
2005001,Auge d'alimentation,Usinage @item_1753#@1,Usinage @item_1753#@1
2005002,alimentation,"Traitement @item_11534#@1 #r (Il existe différents types d'aliments, les animaux ayant des habitudes alimentaires différentes ne mangeront que les aliments qu'ils aiment manger)",Usinage @item_11534#@1
2005003,Bac d'alimentation rempli,"Mettez @item_11534#dans @item_1753#@1 #r (une fois l'auge remplie de nourriture, les animaux captifs environnants mangeront seuls lorsqu'ils auront faim)",Remplissez @item_1753#@1 avec @item_11534 #
2005004,botte de foin,Traitement @item_822#@1 #r (les mammifères doivent se reproduire près de @item_822 #),Usinage @item_822#@1
2005005,Élevage Dudu I,Élevage Doodle Birds @1 #r (Doodle Birds doit avoir @item_1019#autour pour pondre des œufs),Doodle d'élevage @1
2005006,Élevage Dudu II,Élevage Doodle Birds @1 #r (Doodle Birds doit avoir @item_1019#autour pour pondre des œufs),Doodle d'élevage @1
2005007,Elevage Dudu III,Élevage Doodle Birds @1 #r (Doodle Birds doit avoir @item_1019#autour pour pondre des œufs),Doodle d'élevage @1
2005008,Élevage Wobos I,Élevage de Volvo Beast @1 #r (Volvo Beast doit avoir @item_822#pour se reproduire),Élevage de Wobos @1
2005009,Élevage Wobos II,Élevage de Volvo Beast @1 #r (Volvo Beast doit avoir @item_822#pour se reproduire),Élevage de Wobos @1
2005010,Wowort d'élevage III,Élevage de Volvo Beast @1 #r (Volvo Beast doit avoir @item_822#pour se reproduire),Élevage de Wobos @1
2005011,Pilier de reproduction Pilier I,Élevage de la jetée @1 #r (la jetée de la jetée doit être entourée de @item_822#pour se reproduire),Quai d'élevage @1
2005012,Pilier de reproduction Pilier II,Élevage de la jetée @1 #r (la jetée de la jetée doit être entourée de @item_822#pour se reproduire),Quai d'élevage @1
2005013,Pilier de reproduction Pilier III,Élevage de la jetée @1 #r (la jetée de la jetée doit être entourée de @item_822#pour se reproduire),Quai d'élevage @1
2005014,Cerf d'Amérique I,Élevage de cerfs à cornes @1 #r (les cerfs à cornes doivent avoir @item_822#pour se reproduire),Cerf cornu reproducteur @1
2005015,Cerf d'Amérique II,Élevage de cerfs à cornes @1 #r (les cerfs à cornes doivent avoir @item_822#pour se reproduire),Cerf cornu reproducteur @1
2005016,Cerf d'Amérique III,Élevage de cerfs à cornes @1 #r (les cerfs à cornes doivent avoir @item_822#pour se reproduire),Cerf cornu reproducteur @1
2005017,Renard reproducteur I,Renards reproducteurs @1 #r (les renards ont besoin de @item_822#pour se reproduire),Renard reproducteur @1
2005018,Renard reproducteur II,Renards reproducteurs @1 #r (les renards ont besoin de @item_822#pour se reproduire),Renard reproducteur @1
2005019,Renard reproducteur III,Renards reproducteurs @1 #r (les renards ont besoin de @item_822#pour se reproduire),Renard reproducteur @1
2005020,Pingouins reproducteurs I,Pingouin reproducteur @1,Pingouin reproducteur @1
2005021,Pingouin reproducteur II,Pingouin reproducteur @1,Pingouin reproducteur @1
2005022,Pingouin reproducteur III,Pingouin reproducteur @1,Pingouin reproducteur @1
2005023,Élevage d'autruches sauvages I,Élevage d'autruches sauvages @1 #r (les autruches sauvages ont besoin de @item_1019#pour pondre des œufs),Élevage d'autruches sauvages @1
2005024,Élevage d'autruches sauvages II,Élevage d'autruches sauvages @1 #r (les autruches sauvages ont besoin de @item_1019#pour pondre des œufs),Élevage d'autruches sauvages @1
2005025,Élevage d'autruches sauvages III,Élevage d'autruches sauvages @1 #r (les autruches sauvages ont besoin de @item_1019#pour pondre des œufs),Élevage d'autruches sauvages @1
2005026,Élevage d'ours de glace sauvages I,Élevage d'ours de glace sauvages @1 #r (les ours de glace doivent être autour de @item_822#pour se reproduire),Élevage d'ours de glace sauvage @1
2005027,Reproduction d'ours sauvages des glaces II,Élevage d'ours de glace sauvages @1 #r (les ours de glace doivent être autour de @item_822#pour se reproduire),Élevage d'ours de glace sauvage @1
2005028,Reproduction d'ours sauvages des glaces III,Élevage d'ours de glace sauvages @1 #r (les ours de glace doivent être autour de @item_822#pour se reproduire),Élevage d'ours de glace sauvage @1
2005029,Poulet volant d'élevage I,Élevage de poulet volant @1,Élevage de poulet volant @1
2005030,Poulet volant d'élevage II,Élevage de poulet volant @1,Élevage de poulet volant @1
2005031,Poulet volant d'élevage III,Élevage de poulet volant @1,Élevage de poulet volant @1
2005032,Poulets de combat I,Poulet de bataille d'élevage @1,Poulet de bataille d'élevage @1
2005033,Poulet de bataille d'élevage II,Poulet de bataille d'élevage @1,Poulet de bataille d'élevage @1
2005034,Poulet de bataille d'élevage III,Poulet de bataille d'élevage @1,Poulet de bataille d'élevage @1
2005035,Élevage de singes sauvages I,Élevage de singes sauvages @1,Élevage de singes sauvages @1
2005036,Élevage de singes sauvages II,Élevage de singes sauvages @1,Élevage de singes sauvages @1
2005037,Élevage de singes sauvages III,Élevage de singes sauvages @1,Élevage de singes sauvages @1
2005038,Race Snow Rabbit I.,Race Snow Rabbit @1,Race Snow Rabbit @1
2005039,Race Snow Rabbit II.,Race Snow Rabbit @1,Race Snow Rabbit @1
2005040,Race Snow Rabbit III.,Race Snow Rabbit @1,Race Snow Rabbit @1
2005041,Race Yak I.,Race Yak @1,Race Yak @1
2005042,Race Yak II.,Race Yak @1,Race Yak @1
2005043,Race Yak III.,Race Yak @1,Race Yak @1
2006001,Apprivoiser la Volvo I,Utilisez @item_12500#pour apprivoiser la Volvo @1,Utilisez @item_12500#pour apprivoiser la Volvo @1
2006002,Apprivoiser le Wauver II,Utilisez @item_12500#pour apprivoiser la Volvo @1,Utilisez @item_12500#pour apprivoiser la Volvo @1
2006003,Apprivoiser le Wauver III,Utilisez @item_12500#pour apprivoiser la Volvo @1,Utilisez @item_12500#pour apprivoiser la Volvo @1
2006004,Apprivoiser le renard I,Utilisez @item_12052#pour apprivoiser le renard @1,Utilisez @item_12052#pour apprivoiser le renard @1
2006005,Apprivoiser le renard II,Utilisez @item_12052#pour apprivoiser le renard @1,Utilisez @item_12052#pour apprivoiser le renard @1
2006006,Apprivoiser le renard III,Utilisez @item_12052#pour apprivoiser le renard @1,Utilisez @item_12052#pour apprivoiser le renard @1
2006007,Apprivoiser l'autruche sauvage I,Utilisez @item_12508#pour apprivoiser les autruches sauvages @1,Utilisez @item_12508#pour apprivoiser les autruches sauvages @1
2006008,Apprivoiser l'autruche sauvage II,Utilisez @item_12508#pour apprivoiser les autruches sauvages @1,Utilisez @item_12508#pour apprivoiser les autruches sauvages @1
2006009,Apprivoiser les autruches sauvages III,Utilisez @item_12508#pour apprivoiser les autruches sauvages @1,Utilisez @item_12508#pour apprivoiser les autruches sauvages @1
2006010,Apprivoiser l'ours de glace sauvage I,Utilisez @item_12520#pour apprivoiser les ours de glace sauvages @1,Utilisez @item_12520#pour apprivoiser les ours de glace sauvages @1
2006011,Apprivoiser l'ours de glace sauvage II,Utilisez @item_12520#pour apprivoiser les ours de glace sauvages @1,Utilisez @item_12520#pour apprivoiser les ours de glace sauvages @1
2006012,Apprivoiser l'ours de glace sauvage III,Utilisez @item_12520#pour apprivoiser les ours de glace sauvages @1,Utilisez @item_12520#pour apprivoiser les ours de glace sauvages @1
2006013,Apprivoiser Athlon sauvage I,Utilisez @item_12543#pour apprivoiser les vélociraptors sauvages @1,Utilisez @item_12543#pour apprivoiser les vélociraptors sauvages @1
2006014,Apprivoiser Athlon sauvage II,Utilisez @item_12543#pour apprivoiser les vélociraptors sauvages @1,Utilisez @item_12543#pour apprivoiser les vélociraptors sauvages @1
2006015,Titre : Taming Wild Athlon III,Utilisez @item_12543#pour apprivoiser les vélociraptors sauvages @1,Utilisez @item_12543#pour apprivoiser les vélociraptors sauvages @1
2006016,Apprivoiser les boulettes sauvages I,Utilisez @item_12576#apprivoiser les boulettes sauvages#@1,Utilisez @item_12576#apprivoiser les boulettes sauvages#@1
2006017,Apprivoiser les boulettes sauvages II,Utilisez @item_12576#apprivoiser les boulettes sauvages#@1,Utilisez @item_12576#apprivoiser les boulettes sauvages#@1
2006018,Apprivoiser les boulettes sauvages III,Utilisez @item_12576#apprivoiser les boulettes sauvages#@1,Utilisez @item_12576#apprivoiser les boulettes sauvages#@1
2006019,Apprivoiser le panda sauvage I,Utilisez @item_251#pour apprivoiser les pandas sauvages @1,Utilisez @item_251#pour apprivoiser les pandas sauvages @1
2006020,Apprivoiser le panda sauvage II,Utilisez @item_251#pour apprivoiser les pandas sauvages @1,Utilisez @item_251#pour apprivoiser les pandas sauvages @1
2006021,Apprivoiser le panda sauvage III,Utilisez @item_251#pour apprivoiser les pandas sauvages @1,Utilisez @item_251#pour apprivoiser les pandas sauvages @1
2006022,Apprivoiser le poulet volant I,Utilisez @item_12601#pour apprivoiser le poulet volant @1,Utilisez @item_12601#pour apprivoiser le poulet volant @1
2006023,Apprivoiser le poulet volant II,Utilisez @item_12601#pour apprivoiser le poulet volant @1,Utilisez @item_12601#pour apprivoiser le poulet volant @1
2006024,Apprivoiser le poulet volant III,Utilisez @item_12601#pour apprivoiser le poulet volant @1,Utilisez @item_12601#pour apprivoiser le poulet volant @1
2006025,Apprivoiser les singes sauvages I,Utilisez @item_11599#pour apprivoiser les singes sauvages @1,Utilisez @item_11599#pour apprivoiser les singes sauvages @1
2006026,Apprivoiser les singes sauvages II,Utilisez @item_11599#pour apprivoiser les singes sauvages @1,Utilisez @item_11599#pour apprivoiser les singes sauvages @1
2006027,Apprivoiser les singes sauvages III,Utilisez @item_11599#pour apprivoiser les singes sauvages @1,Utilisez @item_11599#pour apprivoiser les singes sauvages @1
2006028,Apprivoiser le crabe Yan I,Utilisez @item_12521#pour apprivoiser le crabe Yan @1,Utilisez @item_12521#pour apprivoiser le crabe Yan @1
2006029,Apprivoiser le crabe Yan II,Utilisez @item_12521#pour apprivoiser le crabe Yan @1,Utilisez @item_12521#pour apprivoiser le crabe Yan @1
2006030,Apprivoiser le crabe Yan III,Utilisez @item_12521#pour apprivoiser le crabe Yan @1,Utilisez @item_12521#pour apprivoiser le crabe Yan @1
2006031,Apprivoiser le moineau et la fauvette I,Utilisez @item_12603#pour apprivoiser la paruline moineau @1,Utilisez @item_12603#pour apprivoiser la paruline moineau @1
2006032,Apprivoiser la Paruline II,Utilisez @item_12603#pour apprivoiser la paruline moineau @1,Utilisez @item_12603#pour apprivoiser la paruline moineau @1
2006033,Apprivoiser le moineau et la fauvette III,Utilisez @item_12603#pour apprivoiser la paruline moineau @1,Utilisez @item_12603#pour apprivoiser la paruline moineau @1
2006034,Apprivoiser le chameau I,Utilisez @item_12613#pour apprivoiser le chameau @1,Utilisez @item_12613#pour apprivoiser le chameau @1
2006035,Apprivoiser le chameau II,Utilisez @item_12613#pour apprivoiser le chameau @1,Utilisez @item_12613#pour apprivoiser le chameau @1
2006036,Apprivoiser le chameau III,Utilisez @item_12613#pour apprivoiser le chameau @1,Utilisez @item_12613#pour apprivoiser le chameau @1
2007001,Viande de bête Wovo grillée I,Cuire @item_12516 sur @item_1200#dans @item_12517#@1,Cuite au four @item_12516#@1
2007002,Viande de bête Wovo rôtie II,Cuire @item_12516 sur @item_1200#dans @item_12517#@1,Cuite au four @item_12516#@1
2007003,Viande de bête Wovo grillée III,Cuire @item_12516 sur @item_1200#dans @item_12517#@1,Cuite au four @item_12516#@1
2007004,Viande d'oiseau Dudu grillée I,Cuire @item_12518 sur @item_1200#dans @item_12519#@1,Cuite au four @item_12518#@1
2007005,Viande d'oiseau Dudu rôtie II,Cuire @item_12518 sur @item_1200#dans @item_12519#@1,Cuite au four @item_12518#@1
2007006,Viande d'oiseau Dudu grillée III,Cuire @item_12518 sur @item_1200#dans @item_12519#@1,Cuite au four @item_12518#@1
2007007,Chevreuil grillé I,Cuire @item_12530 sur @item_1200#dans @item_12531#@1,Cuite au four @item_12530#@1
2007008,Chevreuil grillé II,Cuire @item_12530 sur @item_1200#dans @item_12531#@1,Cuite au four @item_12530#@1
2007009,Chevreuil grillé III,Cuire @item_12530 sur @item_1200#dans @item_12531#@1,Cuite au four @item_12530#@1
2007010,Porc Dun Dun grillé I,Cuire @item_12522 sur @item_1200#dans @item_12523#@1,Cuite au four @item_12522#@1
2007011,Grill pier II,Cuire @item_12522 sur @item_1200#dans @item_12523#@1,Cuite au four @item_12522#@1
2007012,Porc Dun Dun Grillé III,Cuire @item_12522 sur @item_1200#dans @item_12523#@1,Cuite au four @item_12522#@1
2007013,Cuisses d'autruche rôties,Cuire @item_12607 sur @item_1200#dans @item_12608#@1,Cuite au four @item_12607#@1
2007014,Cuisses d'autruche rôties II,Cuire @item_12607 sur @item_1200#dans @item_12608#@1,Cuite au four @item_12607#@1
2007015,Cuisse d'autruche rôtie III,Cuire @item_12607 sur @item_1200#dans @item_12608#@1,Cuite au four @item_12607#@1
2007016,Poisson muet grillé I,Cuire @item_12520 sur @item_1200#dans @item_12521#@1,Cuite au four @item_12520#@1
2007017,Poisson muet grillé II,Cuire @item_12520 sur @item_1200#dans @item_12521#@1,Cuite au four @item_12520#@1
2007018,Poisson muet grillé III,Cuire @item_12520 sur @item_1200#dans @item_12521#@1,Cuite au four @item_12520#@1
2007019,Poisson laid grillé I,Cuire @item_12703 sur @item_1200#dans @item_12705#@1,Cuite au four @item_12703#@1
2007020,Poisson laid grillé II,Cuire @item_12703 sur @item_1200#dans @item_12705#@1,Cuite au four @item_12703#@1
2007021,Poisson laid grillé III,Cuire @item_12703 sur @item_1200#dans @item_12705#@1,Cuite au four @item_12703#@1
2007022,Poisson kiki grillé I,Cuire @item_12704 sur @item_1200#dans @item_12706#@1,Cuite au four @item_12704#@1
2007023,Poisson Kiki grillé II,Cuire @item_12704 sur @item_1200#dans @item_12706#@1,Cuite au four @item_12704#@1
2007024,Poisson Kiki Grillé III,Cuire @item_12704 sur @item_1200#dans @item_12706#@1,Cuite au four @item_12704#@1
2008001,Brochettes de pousses de bambou Ⅰ,Cuisinez @item_11229#@1 dans @item_200108#,Cuisez les @item_11229#@1
2008002,Brochettes de pousses de bambou Ⅱ,Cuire @item_11229#@1 dans @item_200108#,Cuire @item_11229#@1
2008003,Brochettes de pousses de bambou III,Cuire @item_11229#@1 dans @item_200108#,Cuire @item_11229#@1
2008004,Nouilles Ⅰ,Cuire @item_12502#@1 dans @item_200108#,Cuire @item_12502#@1
2008005,Nouilles Ⅱ,Cuisinez @item_12502#@1 dans @item_200108#,Cuisinez @item_12502#@1
2008006,Nouilles Ⅲ,Cuisiner @item_12502#@1 dans @item_200108#,Cuisiner @item_12502#@1
2008007,Snack à base de maïs Ⅰ,Cuisinez @item_12507#@1 dans @item_200108#,Cuisinez @item_12507#@1
2008008,Snack de Maïs Ⅱ,Cuisinez @item_12507#@1 dans @item_200108#,Cuisinez @item_12507#@1
2008009,Corn Snack III,Cuire @item_12507#@1 dans @item_200108#,Cuire @item_12507#@1
2008010,Dodo braisé aux pousses de terre Ⅰ,Cuisinez @item_12510#@1 dans @item_200108#,Cuisinez @item_12510#@1
2008011,Dodo mijoté avec des pousses de terre Ⅱ,Cuire l'@item_12510#@1 dans l'@item_200108#,Cuire l'@item_12510#@1
2008012,Dodo ragoûtant avec pousses de sol Ⅲ,Cuire @item_12510#@1 dans @item_200108#,Cuire @item_12510#@1
2008013,Purée de patate douce Ⅰ,Cuire @item_12512#@1 dans @item_200108#,Cuire @item_12512#@1
2008014,Purée de patate douce II,Cuisinez @item_12512#@1 dans @item_200108#,Cuisinez @item_12512#@1
2008015,Purée de patate douce III.,Cuire @item_12512#@1 dans @item_200108#,Cuire @item_12512#@1
2008016,Riz cuit Ⅰ,Cuisinez @item_12529#@1 dans @item_200108#,Cuisinez @item_12529#@1
2008017,Riz cuit Ⅱ,Cuisinez @item_12529#@1 dans @item_200108#,Cuisinez @item_12529#@1
2008018,Riz Cuit III,Cuire @item_12529#@1 dans @item_200108#,Cuire @item_12529#@1
2008019,Oeuf d'autruche frit Ⅰ,Cuisinez @item_12609#@1 dans @item_200108#,Cuisinez @item_12609#@1
2008020,Œuf d'autruche frit II,Cuire @item_12609#@1 dans @item_200108#,Cuire @item_12609#@1
2008021,Oeuf d'autruche frit III,Cuire @item_12609#@1 dans @item_200108#,Cuire @item_12609#@1
2008022,Nouilles aux oeufs frits Ⅰ,Cuire @item_12540#@1 dans @item_200108#,Cuire @item_12540#@1
2008023,Nouilles aux œufs frits II,Cuisinez @item_12540#@1 dans @item_200108#,Cuisinez @item_12540#@1
2008024,Nouilles aux oeufs frits III,Cuisinez @item_12540#@1 dans @item_200108#,Cuisinez @item_12540#@1
2008025,Frites au four Ⅰ,Cuire @item_12541#@1 dans @item_200108#,Cuire @item_12541#@1
2008026,Frites au four II,Cuisinez @item_12541#@1 dans @item_200108#,Cuisinez @item_12541#@1
2008027,Frites au four III,Cuire @item_12541#@1 dans @item_200108#,Cuire @item_12541#@1
2008028,Soupe de légumes I,Cuisinez @item_12542#@1 dans @item_200108#,Cuisinez @item_12542#@1
2008029,Soupe aux légumes II,Cuisinez @item_12542#@1 dans @item_200108#,Cuisinez @item_12542#@1
2008030,Soupe aux légumes Ⅲ,Cuire @item_12542#@1 dans @item_200108#,Cuire @item_12542#@1
2008031,Rôtir le seau familial de Dodo Ⅰ,Cuire @item_12543#@1 dans @item_200108#,Cuire @item_12543#@1
2008032,"Seau familial de Dodo rôti, version II.",Cuire @item_12543#@1 dans @item_200108#,Cuire @item_12543#@1
2008033,Rôti de seau familial Dodo Ⅲ,Cuisinez @item_12543#@1 dans @item_200108#,Cuisinez @item_12543#@1
2008034,Barbecue Noodles Ⅰ,Cuire @item_12544#@1 dans @item_200108#,Cuire @item_12544#@1
2008035,Nouilles barbecue Ⅱ,Cuisinez @item_12544#@1 dans @item_200108#,Cuisinez @item_12544#@1
2008036,Nouilles Barbecue Ⅲ,Cuisinez @item_12544#@1 dans @item_200108#,Cuisinez @item_12544#@1
2008037,Ragoût de viande de cerf à bois Ⅰ,Cuire @item_12545#@1 dans @item_200108#,Cuire @item_12545#@1
2008038,Ragoût de viande de cerf à bois II,Cuisinez @item_12545#@1 dans @item_200108#,Cuisinez @item_12545#@1
2008039,Ragoût de viande de cerf aux bois III,Cuisinez @item_12545#@1 dans @item_200108#,Cuisinez @item_12545#@1
2008040,Jambon Ⅰ,Cuisinez @item_12546#@1 dans @item_200108#,Cuisinez @item_12546#@1
2008041,Jambon Ⅱ,Cuire @item_12546#@1 dans @item_200108#,Cuire @item_12546#@1
2008042,Jambon Ⅲ,Cuisinez @item_12546#@1 dans @item_200108#,Cuisinez @item_12546#@1
2008043,Bonbons au lait concentré Ⅰ.,Cuisinez @item_12549#@1 dans @item_200108#,Cuisinez @item_12549#@1
2008044,Bonbons au lait concentré Ⅱ,Cuire @item_12549#@1 dans @item_200108#,Cuire @item_12549#@1
2008045,Bonbons au lait concentré III,Cuire @item_12549#@1 dans @item_200108#,Cuire @item_12549#@1
2009001,Avancement du chef.,Artisanat @item_200109#@1#r (Vous devez placer @item_200109#sur le @item_1200#brûlant pour cuire des aliments avec un goût plus délicieux),Artisanat @item_200109#@1
2009002,Pizza barbecue Ⅰ,Cuire @item_830#@1 dans @item_200109#,Cuire @item_830#@1
2009003,Pizza Barbecue Ⅱ,Cuisinez @item_830#@1 avec @item_200109#,Cuisinez @item_830#@1
2009004,Pizza barbecue III,Cuire @item_830#@1 dans @item_200109#,Cuire @item_830#@1
2009005,Pizza Végé Ⅰ,Cuire @item_831#@1 dans @item_200109#,Cuire @item_831#@1
2009006,Pizza Végétarienne Ⅱ,Cuisinez @item_831#@1 dans @item_200109#,Cuisinez @item_831#@1
2009007,Pizza végétarienne Ⅲ,Cuisinez @item_831#@1 dans @item_200109#,Cuisinez @item_831#@1
2009008,Buru géant rayé I,Cuisinez @item_12515#@1 dans @item_200109#,Cuisinez @item_12515#@1
2009009,Giant Buru Stripe Ⅱ,Cuisiner @item_12515#@1 dans @item_200109#,Cuisiner @item_12515#@1
2009010,Rayure de Buru géant III,Cuisinez @item_12515#@1 dans @item_200109#,Cuisinez @item_12515#@1
2009011,Jambon Malodorant Ⅰ,Cuisinez @item_12547#@1 dans @item_200109#,Cuisinez @item_12547#@1
2009012,Jambon Malodorant Ⅱ,Cuisinez @item_12547#@1 dans @item_200109#,Cuisinez @item_12547#@1
2009013,Jambon Puant Ⅲ,Cuisinez @item_12547#@1 dans @item_200109#,Cuisinez @item_12547#@1
2009014,Crab Stick Ham Ⅰ,Cuisinez @item_12548#@1 dans @item_200109#,Cuisinez @item_12548#@1
2009015,Crabe Bâton de Jambon Ⅱ,Cuire @item_12548#@1 dans @item_200109#,Cuire @item_12548#@1
2009016,Crab Stick Ham Ⅲ,Cuire @item_12548#@1 dans @item_200109#,Cuire @item_12548#@1
2009017,Délicieuses nouilles frites aux œufs I,Cuisinez @item_12550#@1 dans @item_200109#,Cuisinez @item_12550#@1
2009018,Délicieuses nouilles aux œufs frits II,Cuisinez @item_12550#@1 dans @item_200109#,Cuisinez @item_12550#@1
2009019,Délicieuses nouilles sautées aux oeufs III,Cuisinez @item_12550#@1 dans @item_200109#,Cuisinez @item_12550#@1
2009020,Délicieuses Frites Ⅰ,Cuisinez @item_12551#@1 dans @item_200109#,Cuisinez @item_12551#@1
2009021,Délicieuses frites Ⅱ,Cuire @item_12551#@1 dans @item_200109#,Cuire @item_12551#@1
2009022,Délicieuses frites III,Cuisinez les @item_12551#@1 dans les @item_200109#,Cuisinez les @item_12551#@1
2009023,Délicieuse tarte géante de Buru I,Cuisinez @item_12552#@1 dans @item_200109#,Cuisinez @item_12552#@1
2009024,Délicieuse tarte géante Buru Ⅱ,Cuisinez @item_12552#@1 dans @item_200109#,Cuisinez @item_12552#@1
2009025,Délicieuse Tarte Géante au Buru III,Cuisinez @item_12552#@1 dans @item_200109#,Cuisinez @item_12552#@1
2009026,Délicieux Serpent de Maïs I,Cuisez @item_12553#@1 dans @item_200109#,Cuisez @item_12553#@1
2009027,Délicieux serpent de maïs Ⅱ,Cuisinez @item_12553#@1 dans @item_200109#,Cuisinez @item_12553#@1
2009028,Délicieux Corn Snake III,Cuisinez @item_12553#@1 dans @item_200109#,Cuisinez @item_12553#@1
2009029,Délicieuse soupe de légumes Ⅰ,Cuisinez @item_12554#@1 dans @item_200109#,Cuisinez @item_12554#@1
2009030,Délicieuse soupe de légumes II,Cuire @item_12554#@1 dans @item_200109#,Cuire @item_12554#@1
2009031,Délicieuse soupe de légumes III,Cuisinez @item_12554#@1 dans @item_200109#,Cuisinez @item_12554#@1
2009032,Délicieuse viande de dodo rôti I,Cuisinez @item_12558#@1 dans @item_200109#,Cuisinez @item_12558#@1
2009033,Délicieuse viande de Dodo rôti Ⅱ,Cuisinez @item_12558#@1 dans @item_200109#,Cuisinez @item_12558#@1
2009034,Délicieuse viande rôtie de dodo III,Cuire @item_12558#@1 dans @item_200109#,Cuire @item_12558#@1
2009035,Délicieuses nouilles barbecue Ⅰ,Cuisinez @item_12559#@1 dans @item_200109#,Cuisinez @item_12559#@1
2009036,Délicieuses nouilles barbecue Ⅱ,Cuisinez @item_12559#@1 dans @item_200109#,Cuisinez @item_12559#@1
2009037,Délicieuses nouilles barbecue III.,Cuisinez @item_12559#@1 dans @item_200109#,Cuisinez @item_12559#@1
2009038,Délicieux ragoût de viande de cerf à bois Ⅰ,Cuire @item_12560#@1 dans @item_200109#,Cuire @item_12560#@1
2009039,Délicieux ragoût de viande de cerf à bois II,Cuisinez @item_12560#@1 dans @item_200109#,Cuisinez @item_12560#@1
2009040,Délicieux ragoût de viande de cerf à bois III.,Cuisinez @item_12560#@1 dans @item_200109#,Cuisinez @item_12560#@1
2009041,Délicieux Jambon Ⅰ,Cuire @item_12561#@1 dans @item_200109#,Cuire @item_12561#@1
2009042,Délicieux Jambon Ⅱ,Cuisinez @item_12561#@1 dans @item_200109#,Cuisinez @item_12561#@1
2009043,Délicieux jambon Ⅲ.,Cuisinez @item_12561#@1 dans @item_200109#,Cuisinez @item_12561#@1
2009044,Délicieux Jambon Odeur Ⅰ,Cuire @item_12562#@1 dans @item_200109#,Cuire @item_12562#@1
2009045,Délicieux Jambon Malodorant Ⅱ,Cuisiner @item_12562#@1 dans @item_200109#,Cuisiner @item_12562#@1
2009046,Délicieux Jambon Puant III.,Cuisinez @item_12562#@1 dans @item_200109#,Cuisinez @item_12562#@1
2009047,Délicieux bâtonnets de crabe I,Cuisinez @item_12563#@1 dans @item_200109#,Cuisinez @item_12563#@1
2009048,Délicieux Bâtonnets de crabe Ⅱ,Cuisinez @item_12563#@1 dans @item_200109#,Cuisinez @item_12563#@1
2009049,Délicieuses bâtonnets de crabe III,Cuisinez @item_12563#@1 dans @item_200109#,Cuisinez @item_12563#@1
2010001,Erhu,"Traiter et jouer @item_11900#@1 #r (appuyez longuement sur le bouton droit de l'extrémité PC, appuyez longuement sur le bouton d'utilisation de l'extrémité mobile pour jouer)",Jouer à @item_11900#@1
2010002,Suona,"Traiter et jouer @item_11906#@1 #r (appuyez longuement sur le bouton droit de l'extrémité PC, appuyez longuement sur le bouton d'utilisation de l'extrémité mobile pour jouer)",Jouer à @item_11906#@1
2010003,Luth,"Traiter et jouer @item_11907#@1 #r (appuyez longuement sur le bouton droit de l'extrémité PC, appuyez longuement sur le bouton d'utilisation de l'extrémité mobile pour jouer)",Jouer à @item_11907#@1
2010004,flûte,"Traiter et jouer @item_11908#@1 #r (appuyez longuement sur le bouton droit de l'extrémité PC, appuyez longuement sur le bouton d'utilisation de l'extrémité mobile pour jouer)",Jouer à @item_11908#@1
2010005,tambour,"Traiter et jouer @item_11909#@1 #r (appuyez longuement sur le bouton droit de l'extrémité PC, appuyez longuement sur le bouton d'utilisation de l'extrémité mobile pour jouer)",Jouer à @item_11909#@1
2010006,Guzheng,"Traiter et jouer @item_11905#@1 #r (appuyez longuement sur le bouton droit de l'extrémité PC, appuyez longuement sur le bouton d'utilisation de l'extrémité mobile pour jouer)",Jouer à @item_11905#@1
2010007,Rouleau de cuir,Traitement @item_11806#@1 #r (@item_11806#peut enregistrer du texte),Usinage @item_11806#@1
2010008,bureau de bookmaking,Processing @item_1143#@1 #r (peut être utilisé pour lier une seule page d'informations textuelles dans un livre),Usinage @item_1143#@1
2010009,Écrire un livre,Utilisez @item_1143#pour compiler @1 #r (dans @item_1143#vous pouvez encapsuler @item_11806#avec du texte dans un livre),Utilisez @item_1143#pour compiler un livre @1
2010010,Ouvrir le livre,Utilisez @item_1143#pour diviser le livre @1 #r (dans @item_1143#vous pouvez diviser le livre en pages libres),Utilisez @item_1143#pour ouvrir le livre @1
2010011,coloré,Traitement @item_498#@1 #r (verser le flacon de peinture dans @item_498#pour ajuster la couleur),Usinage @item_498#@1
2010012,Plume d'oie jaune,Traiter @item_11504#@1 avec @item_378#et @item_11320 #,Usinage @item_11504#@1
2010013,He Chihong,Traiter @item_11514#@1 avec @item_12500#et @item_11320 #,Usinage @item_11514#@1
2010014,bleu saphir,Traiter @item_11532#@1 avec @item_12583#et @item_11320 #,Usinage @item_11532#@1
2010015,Pigment Harmony I,"Versez @item_11504#et @item_11514#sur @item_498#et mélangez, collectez avec @item_11320#pour obtenir @item_11501#@1 #r (essayez de mélanger d'autres couleurs!)",Mélanger les pigments et collecter @item_11501#@1
2010016,Pigment Harmony II,"Versez @item_11504#et @item_11532#sur @item_498#et mélangez, collectez avec @item_11320#pour obtenir @item_11513#@1 #r (essayez de mélanger d'autres couleurs!)",Mélanger les pigments et collecter @item_11513#@1
2010017,Pigment Harmony III,"Versez @item_11532#et @item_11514#sur @item_498#et mélangez, collectez avec @item_11320#pour obtenir @item_11510#@1 #r (essayez de mélanger d'autres couleurs!)",Mélanger les pigments et collecter @item_11510#@1
2010018,Toile?,"Traitement @item_600#@1 #r (vous pouvez teindre @item_600#dans votre couleur préférée à l'aide d'un flacon de peinture, et il y a aussi @item_666 #, @item_632 #, etc.)",Usinage @item_600#@1
2011001,Canne à pêche ordinaire,"Traitement @item_12721#@1 #r (vous pouvez attraper des poissons vivants avec une canne à pêche, saisissez l'occasion de mordre l'hameçon)",Usinage @item_12721#@1
2011002,Canne à pêche corail en corne,"Traitement @item_12722#@1 #r (il y a un maître de pêche avec une couronne sur la tête dans le village de pêcheurs en bord de mer, de lui vous pouvez obtenir @item_11937 #)",Usinage @item_12722#@1
2011003,Canne à pêche en corail à bulles,"Traitement @item_12723#@1 #r (il y a un maître de pêche avec une couronne sur la tête dans le village de pêcheurs en bord de mer, de lui vous pouvez obtenir @item_11938 #)",Usinage @item_12723#@1
2011004,Canne à pêche en corail à disque,"Traitement @item_12724#@1 #r (il y a un maître de pêche avec une couronne sur la tête dans le village de pêcheurs en bord de mer, de lui vous pouvez obtenir @item_11939 #)",Usinage @item_12724#@1
2011005,Canne à pêche en corail d'arbre,"Traitement @item_12725#@1 #r (il y a un maître de pêche avec une couronne sur la tête dans le village de pêcheurs en bord de mer, de lui vous pouvez obtenir @item_11940 #)",Usinage @item_12725#@1
2011006,Poisson muet doré I,Catch @item_13609#@1 #r (uniquement possible avec une canne à pêche corail),Catch @item_13609#@1
2011007,Poisson muet doré II,Catch @item_13609#@1 #r (uniquement possible avec une canne à pêche corail),Catch @item_13609#@1
2011008,Golden Kiki I,Catch @item_13610#@1 #r (uniquement possible avec une canne à pêche corail),Catch @item_13610#@1
2011009,Poisson Qiqi doré II,Catch @item_13610#@1 #r (uniquement possible avec une canne à pêche corail),Catch @item_13610#@1
2011010,Golden Ugly Fish I,Catch @item_13611#@1 #r (uniquement possible avec une canne à pêche corail),Catch @item_13611#@1
2011011,Golden Ugly Fish II - vidéo Dailymotion,Catch @item_13611#@1 #r (uniquement possible avec une canne à pêche corail),Catch @item_13611#@1
2011012,Ray I,Catch @item_13602#@1,Catch @item_13602#@1
2011013,Ray II,Catch @item_13602#@1,Catch @item_13602#@1
2011014,Poisson muet rouge I,Catch @item_13618#@1,Catch @item_13618#@1
2011015,Poisson muet rouge II,Catch @item_13618#@1,Catch @item_13618#@1
2011016,Red Kiki I,Catch @item_13617#@1,Catch @item_13617#@1
2011017,Cheetfish rouge II,Catch @item_13617#@1,Catch @item_13617#@1
2011018,Poisson laid violet I,Catch @item_13614#@1,Catch @item_13614#@1
2011019,Purple Ugly Fish II - vidéo Dailymotion,Catch @item_13614#@1,Catch @item_13614#@1
2011020,Petit hippocampe,Catch @item_13624#@1 #r (uniquement possible avec canne à pêche corail et pêche dans l'océan),Catch @item_13624#@1
2011021,hippocampe,Catch @item_13623#@1 #r (uniquement possible avec canne à pêche corail et pêche dans l'océan),Catch @item_13623#@1
2011022,Poisson muet bleu pâle I,Catch @item_13604#@1,Catch @item_13604#@1
2011023,Poisson muet bleu clair II,Catch @item_13604#@1,Catch @item_13604#@1
2011024,Bleu pâle Kiki I,Catch @item_13607#@1,Catch @item_13607#@1
2011025,Poisson impair bleu pâle II,Catch @item_13607#@1,Catch @item_13607#@1
2011026,Poisson moche orange I,Catch @item_13619#@1,Catch @item_13619#@1
2011027,Poisson moche orange II,Catch @item_13619#@1,Catch @item_13619#@1
2011028,Crabe I,Catch @item_13621#@1,Catch @item_13621#@1
2011029,Crabe II,Catch @item_13621#@1,Catch @item_13621#@1
2011030,Poisson muet bleu foncé I,Catch @item_13605#@1,Catch @item_13605#@1
2011031,Bleu foncé Poisson muet II,Catch @item_13605#@1,Catch @item_13605#@1
2011032,Kiki jaune I,Catch @item_13613#@1,Catch @item_13613#@1
2011033,Poisson Qiqi jaune II,Catch @item_13613#@1,Catch @item_13613#@1
2011034,Poisson laid rayé I,Catch @item_13616#@1,Catch @item_13616#@1
2011035,Striped Ugly Fish II - vidéo Dailymotion,Catch @item_13616#@1,Catch @item_13616#@1
2011036,Méduses I,Catch @item_13626#@1,Catch @item_13626#@1
2011037,Méduses II,Catch @item_13626#@1,Catch @item_13626#@1
2011038,Poisson muet rose I,Catch @item_13612#@1,Catch @item_13612#@1
2011039,Poisson muet rose II,Catch @item_13612#@1,Catch @item_13612#@1
2011040,Kiki vert I,Catch @item_13615#@1,Catch @item_13615#@1
2011041,Poisson vert Qiqi II,Catch @item_13615#@1,Catch @item_13615#@1
2011042,Poisson laid rose I,Catch @item_13608#@1,Catch @item_13608#@1
2011043,Pink Ugly Fish II - vidéo Dailymotion,Catch @item_13608#@1,Catch @item_13608#@1
2011044,Poisson lanterne I,Catch @item_13600#@1,Catch @item_13600#@1
2011045,Poisson lanterne,Catch @item_13600#@1,Catch @item_13600#@1
2011046,Poisson muet noir I,Catch @item_13606#@1,Catch @item_13606#@1
2011047,Poisson muet noir II,Catch @item_13606#@1,Catch @item_13606#@1
2011048,galuchat I,Catch @item_13629#@1,Catch @item_13629#@1
2011049,Poisson diable II,Catch @item_13629#@1,Catch @item_13629#@1
2011050,Bâton lumineux algues poisson I,Catch @item_13630#@1,Catch @item_13630#@1
2011051,Bâton lumineux algues poisson,Catch @item_13630#@1,Catch @item_13630#@1
2011052,Poisson volant I,Catch @item_13627#@1,Catch @item_13627#@1
2011053,Poissons volants II,Catch @item_13627#@1,Catch @item_13627#@1
2011054,Bouteille à la dérive au loin,Catch @item_27#@1,Catch @item_27#@1
2011055,Bouteille en verre carte au trésor,Catch @item_12616#@1 #r (uniquement possible avec une canne à pêche corail),Catch @item_12616#@1
2011056,varech cru,Catch @item_12615#@1,Catch @item_12615#@1
2011057,Merde,Catch @item_11311#@1,Catch @item_11311#@1
2011058,plantes aquatiques,Catch @item_245#@1,Catch @item_245#@1
2011059,Planche flottante,Catch @item_248#@1,Catch @item_248#@1
2011060,Requin I,Catch @item_13628#@1 #r (uniquement possible avec canne à pêche corail et pêche dans l'océan),Catch @item_13628#@1
2011061,Requin II,Catch @item_13628#@1 #r (uniquement possible avec canne à pêche corail et pêche dans l'océan),Catch @item_13628#@1
2012001,Rock I,Capture @item_104#@1 #r (Mira est partout),Capture @item_104#@1
2012002,Rock II,Capture @item_104#@1 #r (Mira est partout),Capture @item_104#@1
2012003,Minerai d'alliage de cuivre,Fusion @item_451#@1 #r (un minéral avec une grande production de Miracin),Fusion @item_451#@1
2012004,Minerai d'alliage de cuivre,Fusion @item_451#@1 #r (un minéral avec une grande production de Miracin),Fusion @item_451#@1
2012005,Mysterite I,Smelting @item_401#@1 #r (largement distribué dans l'altitude souterraine centrale de Mira),Fusion @item_401#@1
2012006,Mysterite,Smelting @item_401#@1 #r (largement distribué dans l'altitude souterraine centrale de Mira),Fusion @item_401#@1
2012007,Minerai d'alliage de titane I,Fusion @item_452#@1 #r (rarement produite profondément sous terre ou sur des îles vides),Fusion @item_452#@1
2012008,Minerai d'alliage de titane,Fusion @item_452#@1 #r (rarement produite profondément sous terre ou sur des îles vides),Fusion @item_452#@1
2012009,minerai d'or de tungstène I,Fusion @item_404#@1 #r (rarement répartie à la surface de l'étoile Moe-eye),Fusion @item_404#@1
2012010,minerai d'or de tungstène,Fusion @item_404#@1 #r (rarement répartie à la surface de l'étoile Moe-eye),Fusion @item_404#@1
2012011,Chiyan Mine I,Fusion @item_400#@1 #r (rarement trouvé à la surface de l'étoile enflammée),Fusion @item_400#@1
2012012,Chiyan Mine II,Fusion @item_400#@1 #r (rarement trouvé à la surface de l'étoile enflammée),Fusion @item_400#@1
2012013,Ambre brut I,Acquisition @item_406#@1 #r (rarement trouvé dans les élévations souterraines inférieures et moyennes de Myra),Capture @item_406#@1
2012014,Ambre brut II,Acquisition @item_406#@1 #r (rarement trouvé dans les élévations souterraines inférieures et moyennes de Myra),Capture @item_406#@1
2012015,Agate à enrouler pierre brute I,Acquisition @item_403#@1 #r (rarement trouvé dans les élévations souterraines inférieures et moyennes de Myra),Capture @item_403#@1
2012016,Pierre brute d'agate d'enroulement,Acquisition @item_403#@1 #r (rarement trouvé dans les élévations souterraines inférieures et moyennes de Myra),Capture @item_403#@1
2012017,Minerai de mica I,Collecte @item_407#@1 #r (Étoile de Flamme produit beaucoup de minéraux),Capture @item_407#@1
2012018,Minerai de mica,Collecte @item_407#@1 #r (Étoile de Flamme produit beaucoup de minéraux),Capture @item_407#@1
2012019,Élève étoile ou I,Collect @item_445#@1 #r (rarement distribué à la surface ou sur l'île vide des étoiles Moe-eye),Capture @item_445#@1
2012020,Minerai de pupille d'étoile,Collect @item_445#@1 #r (rarement distribué à la surface ou sur l'île vide des étoiles Moe-eye),Capture @item_445#@1
2012021,Fluorite pourpre I,Collect @item_446#@1 #r (rarement distribué sur les îles aux yeux mignons),Capture @item_446#@1
2012022,Fluorite violette,Collect @item_446#@1 #r (rarement distribué sur les îles aux yeux mignons),Capture @item_446#@1
2012023,Attaque Rune Ore I,"Collection @item_453#@1 #r (les zones souterraines et volcaniques de Myra sont largement réparties, et la production dans les zones marécageuses est relativement importante)",Capture @item_453#@1
2012024,Télécharger Attack Rune Ore II,"Collection @item_453#@1 #r (les zones souterraines et volcaniques de Myra sont largement réparties, et la production dans les zones marécageuses est relativement importante)",Capture @item_453#@1
2012025,Rune de Défense Minerai I,"Collection @item_454#@1 #r (les zones souterraines et volcaniques de Myra sont largement réparties, et le rendement dans les zones de forêt tropicale est relativement important)",Capture @item_454#@1
2012026,Télécharger Defense Rune Ore II,"Collection @item_454#@1 #r (les zones souterraines et volcaniques de Myra sont largement réparties, et le rendement dans les zones de forêt tropicale est relativement important)",Capture @item_454#@1
2012027,Efficacité Rune Ore I,"Collection @item_455#@1 #r (les zones souterraines et volcaniques de Myra sont largement réparties, et la production dans la zone de la calotte glaciaire est relativement importante)",Capture @item_455#@1
2012028,Efficacité Rune Ore II,"Collection @item_455#@1 #r (les zones souterraines et volcaniques de Myra sont largement réparties, et la production dans la zone de la calotte glaciaire est relativement importante)",Capture @item_455#@1
2012029,Verre I,Fusion @item_11305#@1 #r (utiliser @item_29#processing @item_11305#en premier),Fusion @item_11305#@1
2012030,Verre II,Fusion @item_11305#@1 #r (utiliser @item_29#processing @item_11305#en premier),Fusion @item_11305#@1
2012031,Ciment I,Fusion @item_11200#@1 #r (utiliser @item_11305#processing @item_11200#en premier),Fusion @item_11200#@1
2012032,Ciment II,Fusion @item_11200#@1 #r (utiliser @item_11305#processing @item_11200#en premier),Fusion @item_11200#@1
2012033,Machines enterrées I,Collect @item_598#@1 #r (rarement distribué sous terre sur Myra),Capture @item_598#@1
2012034,Machines enterrées II,Collect @item_598#@1 #r (rarement distribué sous terre sur Myra),Capture @item_598#@1
2012035,Dawn Stone I,Collect @item_536#@1 #r (Flame Star est largement diffusé),Capture @item_536#@1
2012036,Dawn Stone II,Collect @item_536#@1 #r (Flame Star est largement diffusé),Capture @item_536#@1
2012037,Nodule de manganèse I,Collection @item_24#@1 #r (rare distribution sur les grands fonds marins de Myra),Capture @item_24#@1
2012038,Nodule de manganèse II,Collection @item_24#@1 #r (rare distribution sur les grands fonds marins de Myra),Capture @item_24#@1
2012039,pyroxène I,Fusion @item_124#@1 #r (est la composition de base du sol de l'étoile de flamme),Fusion @item_124#@1
2012040,pyroxène,Fusion @item_124#@1 #r (est la composition de base du sol de l'étoile de flamme),Fusion @item_124#@1
2012041,condensat I,Acquisition @item_402#@1 #r (Mirage est largement diffusé),Capture @item_402#@1
2012042,condensat II,Acquisition @item_402#@1 #r (Mirage est largement diffusé),Capture @item_402#@1
2012043,Étoile Énergie Mine I,"Fusion @item_405#@1 #r (minerai qui condense une grande quantité d'énergie stellaire, largement répartie dans l'étoile de flamme)",Fusion @item_405#@1
2012044,Star Energy Mine II,"Fusion @item_405#@1 #r (minerai qui condense une grande quantité d'énergie stellaire, largement répartie dans l'étoile de flamme)",Fusion @item_405#@1
2012045,Minerai de flamme givrée I.,Collectez @item_34#@1#r (rarement trouvé dans les grottes des montagnes enneigées de Miras),Collecter @item_34#@1
2012046,Frostflame Ore II.,Collectez @item_34#@1#r (rarement trouvé dans les grottes des montagnes enneigées de Miras),Collecter @item_34#@1
2012047,Minerai ordinaire de noyau cristallin I.,Collect @item_33#@1#r (rarement trouvé sous terre à Miras),Collecter @item_33#@1
2012048,Minerai ordinaire de noyau cristallin II.,Collect @item_33#@1#r (rarement trouvé sous terre à Miras),Collecter @item_33#@1
3001001,Bâton en bois I,Usinage @item_12001#@1,Usinage @item_12001#@1
3001002,Bâton en bois II,Usinage @item_12001#@1,Usinage @item_12001#@1
3001003,Marteau à bosse tranchant I,Traitement @item_11230#@1 #r (un des matériaux @item_242#besoin d'aller dans le désert pour le trouver),Usinage @item_11230#@1
3001004,Pare-chocs tranchants II,Traitement @item_11230#@1 #r (un des matériaux @item_242#besoin d'aller dans le désert pour le trouver),Usinage @item_11230#@1
3001005,Lance de pierre I,Usinage @item_12002#@1,Usinage @item_12002#@1
3001006,Lance de pierre II,Usinage @item_12002#@1,Usinage @item_12002#@1
3001007,Piercing lance I,Usinage @item_12004#@1,Usinage @item_12004#@1
3001008,Piercing lance II,Usinage @item_12004#@1,Usinage @item_12004#@1
3001009,Dague I,Usinage @item_12003#@1,Usinage @item_12003#@1
3001010,Dague II,Usinage @item_12003#@1,Usinage @item_12003#@1
3001011,Épée énergétique I,Usinage @item_12005#@1,Usinage @item_12005#@1
3001012,Épée d'énergie II,Usinage @item_12005#@1,Usinage @item_12005#@1
3001013,Reaper I,Usinage @item_12009#@1,Usinage @item_12009#@1
3001014,Reaper II,Usinage @item_12009#@1,Usinage @item_12009#@1
3001015,Titane Warhammer I,Usinage @item_12010#@1,Usinage @item_12010#@1
3001016,Titane Warhammer II,Usinage @item_12010#@1,Usinage @item_12010#@1
3001017,Devil Harpoon I,Traitement @item_12063#@1 #r (les poissons manta doivent aller à la mer pour trouver),Usinage @item_12063#@1
3001018,Harpon du diable II,Traitement @item_12063#@1 #r (les poissons manta doivent aller à la mer pour trouver),Usinage @item_12063#@1
3001019,Bouclier de coquille de scorpion i,Traitement @item_12309#@1 #r (@item_11632#nécessite une arme contondante pour attaquer un scorpion géant à queue venimeuse),Usinage @item_12309#@1
3001020,Bouclier de coquille de scorpion II,Traitement @item_12309#@1 #r (@item_11632#nécessite une arme contondante pour attaquer un scorpion géant à queue venimeuse),Usinage @item_12309#@1
3001021,Bouclier Scorpion I,Traitement @item_12310#@1 #r (@item_11633#nécessite une arme tranchante pour attaquer un scorpion venimeux géant pour l'obtenir),Usinage @item_12310#@1
3001022,Bouclier Scorpion II,Traitement @item_12310#@1 #r (@item_11633#nécessite une arme tranchante pour attaquer un scorpion venimeux géant pour l'obtenir),Usinage @item_12310#@1
3001023,Boomerang I,Usinage @item_11592#@1,Usinage @item_11592#@1
3001024,Boomerang II,Usinage @item_11592#@1,Usinage @item_11592#@1
3001025,Personnel ordinaire,Usinage @item_11580#@1,Usinage @item_11580#@1
3001026,Personnel flamboyant,Usinage @item_11581#@1,Usinage @item_11581#@1
3001027,Personnel de foudre,Usinage @item_11582#@1,Usinage @item_11582#@1
3001028,Personnel empoisonné,Usinage @item_11583#@1,Usinage @item_11583#@1
3001029,Personnel de récupération,Usinage @item_11584#@1,Usinage @item_11584#@1
3001030,Invoquez le personnel,Traitement @item_11585#@1 #r (@item_11575#au fond du désert),Usinage @item_11585#@1
3001031,Nœud court en mithril I,Usinage @item_12050#@1,Usinage @item_12050#@1
3001032,Accueil> Mithril Short Bow II,Usinage @item_12050#@1,Usinage @item_12050#@1
3001033,Flèche de pierre I,Usinage @item_12051#@1,Usinage @item_12051#@1
3001034,Flèche de pierre II,Usinage @item_12051#@1,Usinage @item_12051#@1
3001035,Arc de quille I,Traitement @item_12056#@1 #r (@item_11221#doit vaincre le dragon noir pour l'obtenir),Usinage @item_12056#@1
3001036,Arc de quille,Traitement @item_12056#@1 #r (@item_11221#doit vaincre le dragon noir pour l'obtenir),Usinage @item_12056#@1
3001037,Souffler la flèche I,Traitement @item_12288#@1 #r (@item_251#besoin de regarder dans le bassin de la forêt de bambous),Usinage @item_12288#@1
3001038,Blow Arrow II,Traitement @item_12288#@1 #r (@item_251#besoin de regarder dans le bassin de la forêt de bambous),Usinage @item_12288#@1
3001039,Bee Stinger Dart I,Usinage @item_12289#@1,Usinage @item_12289#@1
3001040,Télécharger Bee Stinger Dart II,Usinage @item_12289#@1,Usinage @item_12289#@1
3001041,Canon à pression d'eau I,Usinage @item_11649#@1,Usinage @item_11649#@1
3001042,Canon à pression d'eau II,Usinage @item_11649#@1,Usinage @item_11649#@1
3001043,Arc de requin I,Usinage @item_12061#@1,Usinage @item_12061#@1
3001044,Arc de requin II,Usinage @item_12061#@1,Usinage @item_12061#@1
3001045,Flèche océanique I,Usinage @item_12062#@1,Usinage @item_12062#@1
3001046,Ocean Arrow II,Usinage @item_12062#@1,Usinage @item_12062#@1
3002001,Casque en cuir I,Usinage @item_12201#@1,Usinage @item_12201#@1
3002002,Casque en cuir II,Usinage @item_12201#@1,Usinage @item_12201#@1
3002003,Cuirasse en cuir I,Usinage @item_12202#@1,Usinage @item_12202#@1
3002004,Cuirasse en cuir II,Usinage @item_12202#@1,Usinage @item_12202#@1
3002005,Leggings en cuir,Usinage @item_12203#@1,Usinage @item_12203#@1
3002006,Leggings en cuir II,Usinage @item_12203#@1,Usinage @item_12203#@1
3002007,Bottes en cuir I,Usinage @item_12204#@1,Usinage @item_12204#@1
3002008,Bottes en cuir II,Usinage @item_12204#@1,Usinage @item_12204#@1
3002009,Casque en laiton I,Usinage @item_12216#@1,Usinage @item_12216#@1
3002010,Casque en laiton II,Usinage @item_12216#@1,Usinage @item_12216#@1
3002011,Cuirasse en laiton I,Usinage @item_12217#@1,Usinage @item_12217#@1
3002012,Cuirasse en laiton II,Usinage @item_12217#@1,Usinage @item_12217#@1
3002013,Leggings en laiton I,Usinage @item_12218#@1,Usinage @item_12218#@1
3002014,Leggings en laiton II,Usinage @item_12218#@1,Usinage @item_12218#@1
3002015,Bottes en laiton I,Usinage @item_12219#@1,Usinage @item_12219#@1
3002016,Bottes en laiton II,Usinage @item_12219#@1,Usinage @item_12219#@1
3002017,Casque Mithril I,Usinage @item_12221#@1,Usinage @item_12221#@1
3002018,Casque Mithril II,Usinage @item_12221#@1,Usinage @item_12221#@1
3002019,Cuirasse en mithril I,Usinage @item_12222#@1,Usinage @item_12222#@1
3002020,Cuirasse en mithril II,Usinage @item_12222#@1,Usinage @item_12222#@1
3002021,Mithril Leggings I,Usinage @item_12223#@1,Usinage @item_12223#@1
3002022,Mithril Leggings II,Usinage @item_12223#@1,Usinage @item_12223#@1
3002023,Mithril Bottes I,Usinage @item_12224#@1,Usinage @item_12224#@1
3002024,Mithril Boots II,Usinage @item_12224#@1,Usinage @item_12224#@1
3002025,Casque à chaîne I,Usinage @item_12211#@1,Usinage @item_12211#@1
3002026,Casque à chaîne II,Usinage @item_12211#@1,Usinage @item_12211#@1
3002027,Cuirasse en cotte de mailles I,Usinage @item_12212#@1,Usinage @item_12212#@1
3002028,Cuirasse en cotte de mailles II,Usinage @item_12212#@1,Usinage @item_12212#@1
3002029,Leggings en cotte de mailles,Usinage @item_12213#@1,Usinage @item_12213#@1
3002030,Leggings en cotte de mailles II,Usinage @item_12213#@1,Usinage @item_12213#@1
3002031,Bottes à chaîne I,Usinage @item_12214#@1,Usinage @item_12214#@1
3002032,Bottes à chaîne II,Usinage @item_12214#@1,Usinage @item_12214#@1
3002033,Casque en titane I,Usinage @item_12231#@1,Usinage @item_12231#@1
3002034,Casque en titane II,Usinage @item_12231#@1,Usinage @item_12231#@1
3002035,Cuirasse en titane I,Usinage @item_12232#@1,Usinage @item_12232#@1
3002036,Cuirasse en titane II,Usinage @item_12232#@1,Usinage @item_12232#@1
3002037,Leggings en titane,Usinage @item_12233#@1,Usinage @item_12233#@1
3002038,Leggings en titane II,Usinage @item_12233#@1,Usinage @item_12233#@1
3002039,Bottes en titane I,Usinage @item_12234#@1,Usinage @item_12234#@1
3002040,Bottes en titane II,Usinage @item_12234#@1,Usinage @item_12234#@1
3002041,Casque en or tungstène I,Usinage @item_12241#@1,Usinage @item_12241#@1
3002042,Casque en or tungstène II,Usinage @item_12241#@1,Usinage @item_12241#@1
3002043,Cuirasse en or tungstène I,Usinage @item_12242#@1,Usinage @item_12242#@1
3002044,Cuirasse en or tungstène II,Usinage @item_12242#@1,Usinage @item_12242#@1
3002045,Leggings en tungstène,Usinage @item_12243#@1,Usinage @item_12243#@1
3002046,Leggings en tungstène II,Usinage @item_12243#@1,Usinage @item_12243#@1
3002047,Bottes en or tungstène I,Usinage @item_12244#@1,Usinage @item_12244#@1
3002048,Bottes en or tungstène II,Usinage @item_12244#@1,Usinage @item_12244#@1
3002049,Masque de plongée I,Usinage @item_11642#@1,Usinage @item_11642#@1
3002050,Masque de plongée,Usinage @item_11642#@1,Usinage @item_11642#@1
3002051,Combinaison I,Usinage @item_11643#@1,Usinage @item_11643#@1
3002052,Combinaison II,Usinage @item_11643#@1,Usinage @item_11643#@1
3002053,Palmes de plongée,Usinage @item_11644#@1,Usinage @item_11644#@1
3002054,Palmes de plongée,Usinage @item_11644#@1,Usinage @item_11644#@1
3002055,Masque à oxygène I,Usinage @item_12276#@1,Usinage @item_12276#@1
3002056,Masque à oxygène II,Usinage @item_12276#@1,Usinage @item_12276#@1
3002057,Masque de plongée avancé I,Usinage @item_11645#@1,Usinage @item_11645#@1
3002058,Masque de plongée avancé,Usinage @item_11645#@1,Usinage @item_11645#@1
3002059,Combinaison Premium I,Usinage @item_11646#@1,Usinage @item_11646#@1
3002060,Combinaison Premium,Usinage @item_11646#@1,Usinage @item_11646#@1
3002061,Palmes de plongée avancées,Usinage @item_11647#@1,Usinage @item_11647#@1
3002062,Palmes de plongée avancées,Usinage @item_11647#@1,Usinage @item_11647#@1
3002063,Sac à dos Oxygen I,Usinage @item_12275#@1,Usinage @item_12275#@1
3002064,Sac à dos Oxygen II,Usinage @item_12275#@1,Usinage @item_12275#@1
3002065,Corolla I,Usinage @item_11228#@1,Usinage @item_11228#@1
3002066,Corolla II,Usinage @item_11228#@1,Usinage @item_11228#@1
3002067,Lucky Corolla I,Traitement @item_11650#@1 #r (peut être trouvé sur l'île de terre rouge dans la mer @item_1186 #),Usinage @item_11650#@1
3002068,Lucky Corolla II,Traitement @item_11650#@1 #r (peut être trouvé sur l'île de terre rouge dans la mer @item_1186 #),Usinage @item_11650#@1
3002069,Cape en cuir I,Usinage @item_12205#@1,Usinage @item_12205#@1
3002070,Cape en cuir II,Usinage @item_12205#@1,Usinage @item_12205#@1
3002071,Cape flamboyante I,Usinage @item_12206#@1,Usinage @item_12206#@1
3002072,Cape flamboyante II,Usinage @item_12206#@1,Usinage @item_12206#@1
3002073,Manteau en tungstène I,Usinage @item_12207#@1,Usinage @item_12207#@1
3002074,Manteau en tungstène II,Usinage @item_12207#@1,Usinage @item_12207#@1
3002075,Manteau en agate de soie I,Usinage @item_12208#@1,Usinage @item_12208#@1
3002076,Cape en agate de soie,Usinage @item_12208#@1,Usinage @item_12208#@1
3002077,Mithril Cape I,Usinage @item_12209#@1,Usinage @item_12209#@1
3002078,Mithril Cape II,Usinage @item_12209#@1,Usinage @item_12209#@1
3002079,Cape de lave I,Traitement @item_12210#@1 #r (@item_11222#besoin de battre Lava Black Dragon pour obtenir),Usinage @item_12210#@1
3002080,Cape de lave II,Traitement @item_12210#@1 #r (@item_11222#besoin de battre Lava Black Dragon pour obtenir),Usinage @item_12210#@1
3002081,Cape de sable,"Processing @item_11639#@1 #r (il est très probable de rencontrer des tempêtes de sable dans le désert, si vous voulez marcher dans les tempêtes de sable, c'est indispensable @item_11639 #)",Usinage @item_11639#@1
3002082,Sac à dos ignifuge,"Traitement @item_12277#@1 #r (pour s'adapter à la température élevée de l'étoile de flamme, @item_12277#est très important)",Usinage @item_12277#@1
3003001,Rune d'attaque de bas niveau I,Incrustez n'importe quelle arme dans @item_785#item_11603#@1,Inlay @item_11603#@1
3003002,Rune d'attaque de bas niveau II,Incrustez n'importe quelle arme dans @item_785#item_11603#@1,Inlay @item_11603#@1
3003003,Rune d'attaque intermédiaire I,Incrustez n'importe quelle arme dans @item_785#item_11604#@1,Inlay @item_11604#@1
3003004,Rune d'attaque intermédiaire II,Incrustez n'importe quelle arme dans @item_785#item_11604#@1,Inlay @item_11604#@1
3003005,Rune d'attaque avancée I,Incrustez n'importe quelle arme dans @item_785#item_11605#@1,Inlay @item_11605#@1
3003006,Rune d'attaque avancée II,Incrustez n'importe quelle arme dans @item_785#item_11605#@1,Inlay @item_11605#@1
3003007,Rune de défense de bas niveau I,Incrustez n'importe quel élément dans @item_785#item_11606#@1,Inlay @item_11606#@1
3003008,Rune de défense de bas niveau II,Incrustez n'importe quel élément dans @item_785#item_11606#@1,Inlay @item_11606#@1
3003009,Rune de défense intermédiaire I,Incrustez n'importe quel élément dans @item_785#item_11607#@1,Inlay @item_11607#@1
3003010,Rune de défense intermédiaire II,Incrustez n'importe quel élément dans @item_785#item_11607#@1,Inlay @item_11607#@1
3003011,Rune de défense avancée I,Incrustez n'importe quel élément dans @item_785#item_11608#@1,Inlay @item_11608#@1
3003012,Rune de défense avancée II,Incrustez n'importe quel élément dans @item_785#item_11608#@1,Inlay @item_11608#@1
3003013,Rune à faible efficacité I,Incrustez n'importe quel outil dans @item_785#item_11609#@1,Inlay @item_11609#@1
3003014,Rune II à faible rendement,Incrustez n'importe quel outil dans @item_785#item_11609#@1,Inlay @item_11609#@1
3003015,Rune d'efficacité intermédiaire I,Incrustez n'importe quel outil dans @item_785#item_11610#@1,Inlay @item_11610#@1
3003016,Rune d'efficacité intermédiaire II,Incrustez n'importe quel outil dans @item_785#item_11610#@1,Inlay @item_11610#@1
3003017,Rune d'efficacité avancée I,Incrustez n'importe quel outil dans @item_785#item_11611#@1,Inlay @item_11611#@1
3003018,Rune d'efficacité avancée II,Incrustez n'importe quel outil dans @item_785#item_11611#@1,Inlay @item_11611#@1
3003019,Pierre d'activation universelle I,"Incrustez toute arme, équipement ou outil dans @item_785#item_11612#@1",Inlay @item_11612#@1
3003020,Pierre d'activation universelle II,"Incrustez toute arme, équipement ou outil dans @item_785#item_11612#@1",Inlay @item_11612#@1
3004001,Le fléau du guerrier Boarman I.,Vaincre Boarman Warrior @1#r (Les Boarman Warriors sont exceptionnellement actifs la nuit et font des siestes pendant la journée),Vaincre Boarman Warrior @1
3004002,Boarman Warrior's Bane II.,Vaincre Boarman Warrior @1#r (Les Boarman Warriors sont exceptionnellement actifs la nuit et font des siestes pendant la journée),Vaincre Boarman Warrior @1
3004003,Boarman Warrior's Bane III.,Vaincre Boarman Warrior @1#r (Les Boarman Warriors sont exceptionnellement actifs la nuit et font des siestes pendant la journée),Vaincre Boarman Warrior @1
3004004,Le Bane I de Boarman Spearman.,"Vaincre Boarman Spearman @1#r(Boarman Spearmen agit un peu comme Boarman Warriors, mais attention à leurs lances. Cherchez un abri en cas de besoin !)",Vaincre Boarman Spearman @1
3004005,Le Bane II de Boarman Spearman.,"Vaincre Boarman Spearman @1#r(Boarman Spearmen agit un peu comme Boarman Warriors, mais attention à leurs lances. Cherchez un abri en cas de besoin !)",Vaincre Boarman Spearman @1
3004006,Le Bane III de Boarman Spearman.,"Vaincre Boarman Spearman @1#r(Boarman Spearmen agit un peu comme Boarman Warriors, mais attention à leurs lances. Cherchez un abri en cas de besoin !)",Vaincre Boarman Spearman @1
3004007,Wild Mengbao Public Enemy I - vidéo Dailymotion,"Vaincre Ye Mengbao @1 #r (Ye Mengbao est très méchant et peut parfois appuyer sur l'interrupteur sans discernement, détruisant les cultures)",Défaite Ye Mengbao @1
3004008,Ye Mengbao Public Enemy II,"Vaincre Ye Mengbao @1 #r (Ye Mengbao est très méchant et peut parfois appuyer sur l'interrupteur sans discernement, détruisant les cultures)",Défaite Ye Mengbao @1
3004009,Ye Mengbao Ennemi public III,"Vaincre Ye Mengbao @1 #r (Ye Mengbao est très méchant et peut parfois appuyer sur l'interrupteur sans discernement, détruisant les cultures)",Défaite Ye Mengbao @1
3004010,Ennemi public prêtre sauvage I,"Vaincre le prêtre sauvage @1 #r (les prêtres sauvages vivent généralement dans la forêt tropicale, peuvent se libérer de la gravité et voler dans le ciel, le personnel dans leurs mains peut lancer des boules magiques, faites attention à trouver une couverture lorsque vous traitez avec eux)",Vaincre le prêtre sauvage @1
3004011,Savage Priest Public Enemy II - vidéo Dailymotion,"Vaincre le prêtre sauvage @1 #r (les prêtres sauvages vivent généralement dans la forêt tropicale, peuvent se libérer de la gravité et voler dans le ciel, le personnel dans leurs mains peut lancer des boules magiques, faites attention à trouver une couverture lorsque vous traitez avec eux)",Vaincre le prêtre sauvage @1
3004012,Savage Priest Public Enemy III - vidéo Dailymotion,"Vaincre le prêtre sauvage @1 #r (les prêtres sauvages vivent généralement dans la forêt tropicale, peuvent se libérer de la gravité et voler dans le ciel, le personnel dans leurs mains peut lancer des boules magiques, faites attention à trouver une couverture lorsque vous traitez avec eux)",Vaincre le prêtre sauvage @1
3004013,Toxin Savage Priest Public Enemy I - vidéo Dailymotion,"Vaincre le Prêtre Sauvage Toxin @1 #r (Les habitudes sont les mêmes que les autres prêtres, mais si vous êtes touché par sa boule magique, vous serez empoisonné, faites attention)",Vaincre le prêtre sauvage toxine @1
3004014,Sujet du message : Toxin Savage Priest Public Enemy II,"Vaincre le Prêtre Sauvage Toxin @1 #r (Les habitudes sont les mêmes que les autres prêtres, mais si vous êtes touché par sa boule magique, vous serez empoisonné, faites attention)",Vaincre le prêtre sauvage toxine @1
3004015,Toxin Savage Priest Public Enemy III - vidéo Dailymotion,"Vaincre le Prêtre Sauvage Toxin @1 #r (Les habitudes sont les mêmes que les autres prêtres, mais si vous êtes touché par sa boule magique, vous serez empoisonné, faites attention)",Vaincre le prêtre sauvage toxine @1
3004016,Guérir le prêtre sauvage ennemi public I,Vaincre le prêtre sauvage guérisseur @1,Vaincre le prêtre sauvage guérisseur @1
3004017,Healing Savage Priest Public Enemy II - vidéo Dailymotion,Vaincre le prêtre sauvage guérisseur @1,Vaincre le prêtre sauvage guérisseur @1
3004018,Healing Savage Priest Public Enemy III - vidéo Dailymotion,Vaincre le prêtre sauvage guérisseur @1,Vaincre le prêtre sauvage guérisseur @1
3004019,Thunderbolt Savage Priest Public Enemy I - vidéo Dailymotion,"Vaincre Thunderbolt Savage Priest @1 #r (Les habitudes sont les mêmes que celles des autres prêtres, mais la boule magique va libérer la foudre, donc soyez très prudent)",Vaincre Thunderbolt Savage Priest @1
3004020,Thunderbolt Savage Priest Public Enemy II - vidéo Dailymotion,"Vaincre Thunderbolt Savage Priest @1 #r (Les habitudes sont les mêmes que celles des autres prêtres, mais la boule magique va libérer la foudre, donc soyez très prudent)",Vaincre Thunderbolt Savage Priest @1
3004021,Thunderbolt Savage Priest Public Enemy III - vidéo Dailymotion,"Vaincre Thunderbolt Savage Priest @1 #r (Les habitudes sont les mêmes que celles des autres prêtres, mais la boule magique va libérer la foudre, donc soyez très prudent)",Vaincre Thunderbolt Savage Priest @1
3004022,Fire Savage Priest Public Enemy I - vidéo Dailymotion,"Vaincre le Prêtre Sauvage de la Flamme @1 #r (Les habitudes sont les mêmes que celles des autres prêtres, mais les coups de boule magique enflammeront les flammes, faites attention à ne pas vous brûler)",Vaincre le prêtre sauvage de la flamme @1
3004023,Fire Savage Priest Public Enemy II - vidéo Dailymotion,"Vaincre le Prêtre Sauvage de la Flamme @1 #r (Les habitudes sont les mêmes que celles des autres prêtres, mais les coups de boule magique enflammeront les flammes, faites attention à ne pas vous brûler)",Vaincre le prêtre sauvage de la flamme @1
3004024,Fire Savage Priest Public Enemy III - vidéo Dailymotion,"Vaincre le Prêtre Sauvage de la Flamme @1 #r (Les habitudes sont les mêmes que celles des autres prêtres, mais les coups de boule magique enflammeront les flammes, faites attention à ne pas vous brûler)",Vaincre le prêtre sauvage de la flamme @1
3004025,Ennemi public des chauves-souris I,"Vaincre Bat @1 #r (la petite taille de Bat coupe agile, mieux vaut attendre qu'il s'approche d'une solution rapide avec une arme de mêlée)",Vaincre la chauve-souris @1
3004026,Ennemi public de la chauve-souris II,"Vaincre Bat @1 #r (la petite taille de Bat coupe agile, mieux vaut attendre qu'il s'approche d'une solution rapide avec une arme de mêlée)",Vaincre la chauve-souris @1
3004027,Ennemi public de la chauve-souris III,"Vaincre Bat @1 #r (la petite taille de Bat coupe agile, mieux vaut attendre qu'il s'approche d'une solution rapide avec une arme de mêlée)",Vaincre la chauve-souris @1
3004028,Rune Monstre Public Enemy I,"Vaincre les monstres runiques @1 #r (les monstres runiques se cacheront dans les minerais runiques, faites toujours attention lorsque vous creusez des minerais runiques)",Défaite Rune Monster @1
3004029,Rune Monster Public Enemy II - vidéo Dailymotion,"Vaincre les monstres runiques @1 #r (les monstres runiques se cacheront dans les minerais runiques, faites toujours attention lorsque vous creusez des minerais runiques)",Défaite Rune Monster @1
3004030,Rune Monster Public Enemy III - vidéo Dailymotion,"Vaincre les monstres runiques @1 #r (les monstres runiques se cacheront dans les minerais runiques, faites toujours attention lorsque vous creusez des minerais runiques)",Défaite Rune Monster @1
3004031,Ennemi public des apôtres du vide I,"Vaincre l'Apôtre du Vide @1 #r (L'Apôtre du Vide volera le pouvoir créateur de toutes les créatures, ne lui tournez pas le dos)",Vaincre l'apôtre du vide @1
3004032,Public Enemy of the Void Apostles II - vidéo Dailymotion,"Vaincre l'Apôtre du Vide @1 #r (L'Apôtre du Vide volera le pouvoir créateur de toutes les créatures, ne lui tournez pas le dos)",Vaincre l'apôtre du vide @1
3004033,Public Enemy of the Void Apostles III - vidéo Dailymotion,"Vaincre l'Apôtre du Vide @1 #r (L'Apôtre du Vide volera le pouvoir créateur de toutes les créatures, ne lui tournez pas le dos)",Vaincre l'apôtre du vide @1
3004034,Pirate Maraudeur Public Enemy I,Vaincre Pirate Marauders @1 #r (Les pirates sont toujours stationnés sur les îles en meute),Vaincre Pirate Marauders @1
3004035,Télécharger Pirate Predator Public Enemy II,Vaincre Pirate Marauders @1 #r (Les pirates sont toujours stationnés sur les îles en meute),Vaincre Pirate Marauders @1
3004036,Pirate Predator Public Enemy III - vidéo Dailymotion,Vaincre Pirate Marauders @1 #r (Les pirates sont toujours stationnés sur les îles en meute),Vaincre Pirate Marauders @1
3004037,Chasseur de pirates Public Enemy I,"Vaincre Pirate Hunter @1 #r (Si le bateau pirate est coulé, il est possible de les rencontrer!)",Vaincre Pirate Hunter @1
3004038,Télécharger Pirate Hunter Public Enemy II,"Vaincre Pirate Hunter @1 #r (Si le bateau pirate est coulé, il est possible de les rencontrer!)",Vaincre Pirate Hunter @1
3004039,Télécharger Pirate Hunter Public Enemy III,"Vaincre Pirate Hunter @1 #r (Si le bateau pirate est coulé, il est possible de les rencontrer!)",Vaincre Pirate Hunter @1
3004040,Petit Corsaire Public Enemy I,"Vaincre le petit navire pirate @1 #r (le petit navire pirate est plus agile, mais plus facile à vaincre)",Vaincre le petit bateau pirate @1
3004041,Petit bateau pirate Public Enemy II,"Vaincre le petit navire pirate @1 #r (le petit navire pirate est plus agile, mais plus facile à vaincre)",Vaincre le petit bateau pirate @1
3004042,Petit Corsaire Public Enemy III,"Vaincre le petit navire pirate @1 #r (le petit navire pirate est plus agile, mais plus facile à vaincre)",Vaincre le petit bateau pirate @1
3004043,Moyen Corsaire Public Enemy I,"Vaincre le navire pirate moyen @1 #r (le navire pirate moyen est juste dans tous les aspects, faites attention à la boîte au trésor tombée après l'avoir vaincu)",Défaite Medium Corsair @1
3004044,Corsaire moyen Public Enemy II,"Vaincre le navire pirate moyen @1 #r (le navire pirate moyen est juste dans tous les aspects, faites attention à la boîte au trésor tombée après l'avoir vaincu)",Défaite Medium Corsair @1
3004045,Corsaire moyen Public Enemy III,"Vaincre le navire pirate moyen @1 #r (le navire pirate moyen est juste dans tous les aspects, faites attention à la boîte au trésor tombée après l'avoir vaincu)",Défaite Medium Corsair @1
3004046,Grand bateau pirate ennemi public I,"Vaincre le grand navire pirate @1 #r (les grands navires pirates lâcheront des bateaux bombardiers lorsqu'ils seront touchés de plein fouet, attention à ne pas se faire exploser)",Vaincre le grand bateau pirate @1
3004047,Grand Corsaire Public Enemy II,"Vaincre le grand navire pirate @1 #r (les grands navires pirates lâcheront des bateaux bombardiers lorsqu'ils seront touchés de plein fouet, attention à ne pas se faire exploser)",Vaincre le grand bateau pirate @1
3004048,Grand Corsaire Public Enemy III,"Vaincre le grand navire pirate @1 #r (les grands navires pirates lâcheront des bateaux bombardiers lorsqu'ils seront touchés de plein fouet, attention à ne pas se faire exploser)",Vaincre le grand bateau pirate @1
3004049,Ennemi public I,"Vaincre Blast Egg @1 #r (Blast Egg est plus fréquent dans les zones volcaniques, mais tout comme son nom, il peut exploser à tout moment)",Battre l'œuf de bombe @1
3004050,Ennemi public II,"Vaincre Blast Egg @1 #r (Blast Egg est plus fréquent dans les zones volcaniques, mais tout comme son nom, il peut exploser à tout moment)",Battre l'œuf de bombe @1
3004051,Popped Egg Public Enemy III - vidéo Dailymotion,"Vaincre Blast Egg @1 #r (Blast Egg est plus fréquent dans les zones volcaniques, mais tout comme son nom, il peut exploser à tout moment)",Battre l'œuf de bombe @1
3004052,Scorpion à queue empoisonnée Public Enemy I,"Vaincre le scorpion à queue venimeuse @1 #r (si vous rencontrez un groupe de scorpions à queue venimeuse dans le désert, essayez de ne pas le porter fort, ce n'est pas une blague d'être accidentellement paralysé)",Vaincre Poison Tail Scorpion @1
3004053,Scorpion à queue empoisonnée Public Enemy II,"Vaincre le scorpion à queue venimeuse @1 #r (si vous rencontrez un groupe de scorpions à queue venimeuse dans le désert, essayez de ne pas le porter fort, ce n'est pas une blague d'être accidentellement paralysé)",Vaincre Poison Tail Scorpion @1
3004054,Scorpion à queue empoisonnée Public Enemy III,"Vaincre le scorpion à queue venimeuse @1 #r (si vous rencontrez un groupe de scorpions à queue venimeuse dans le désert, essayez de ne pas le porter fort, ce n'est pas une blague d'être accidentellement paralysé)",Vaincre Poison Tail Scorpion @1
3004055,Saluant les gardes de l'ennemi public I,Vaincre le Sea Spirit Guard @1 #r (des groupes de Sea Spirit Guards se trouvent souvent près des épaves au fond de la mer),Vaincre la garde salutaire @1
3004056,Saluant les gardes ennemi public II,Vaincre le Sea Spirit Guard @1 #r (des groupes de Sea Spirit Guards se trouvent souvent près des épaves au fond de la mer),Vaincre la garde salutaire @1
3004057,Saluant les gardes ennemi public III,Vaincre le Sea Spirit Guard @1 #r (des groupes de Sea Spirit Guards se trouvent souvent près des épaves au fond de la mer),Vaincre la garde salutaire @1
3004058,Saling garde l'ennemi public I,Vaincre le Gardien des sables @1 #r (Le Gardien des sables se trouve sous terre dans l'oasis du désert),Vaincre le garde Saling @1
3004059,Saling garde l'ennemi public II,Vaincre le Gardien des sables @1 #r (Le Gardien des sables se trouve sous terre dans l'oasis du désert),Vaincre le garde Saling @1
3004060,Saling garde l'ennemi public III,Vaincre le Gardien des sables @1 #r (Le Gardien des sables se trouve sous terre dans l'oasis du désert),Vaincre le garde Saling @1
3004061,Ennemi public géant de lave I,"Vaincre le géant de lave @1 #r (se produit généralement dans des endroits chauds, par exemple : volcans, étoiles enflammées)",Vaincre le géant de lave @1
3004062,Télécharger Lava Giant Public Enemy II,"Vaincre le géant de lave @1 #r (se produit généralement dans des endroits chauds, par exemple : volcans, étoiles enflammées)",Vaincre le géant de lave @1
3004063,Télécharger Lava Giant Public Enemy III,"Vaincre le géant de lave @1 #r (se produit généralement dans des endroits chauds, par exemple : volcans, étoiles enflammées)",Vaincre le géant de lave @1
3004064,Sulfur Archer Public Enemy I - vidéo Dailymotion,Vaincre Brimstone Archers @1 #r (généralement vu sur Flaming Star),Vaincre Brimstone Archers @1
3004065,Sulfur Archer Public Enemy II - vidéo Dailymotion,Vaincre Brimstone Archers @1 #r (généralement vu sur Flaming Star),Vaincre Brimstone Archers @1
3004066,Sulfur Archer Public Enemy III - vidéo Dailymotion,Vaincre Brimstone Archers @1 #r (généralement vu sur Flaming Star),Vaincre Brimstone Archers @1
3004067,mignon oeil ding public ennemi i,Vaincre Tink @1 #r (Attention aux bombes!),vaincre mignon eye ding @1
3004068,Cute Eye Ding Public Enemy II - vidéo Dailymotion,Vaincre Tink @1 #r (Attention aux bombes!),vaincre mignon eye ding @1
3004069,Cute Eye Ding Public Enemy III - vidéo Dailymotion,Vaincre Tink @1 #r (Attention aux bombes!),vaincre mignon eye ding @1
3004070,yeux mignons frapper frapper ennemi public je,Vaincre Cute Eye Dong Dong @1 #r (Attention aux cristaux de glace!),Vaincre Cute Eye Dong Dong @1
3004071,Cute Eye Knock Public Enemy II - vidéo Dailymotion,Vaincre Cute Eye Dong Dong @1 #r (Attention aux cristaux de glace!),Vaincre Cute Eye Dong Dong @1
3004072,Cute Eye Knock Public Enemy III - vidéo Dailymotion,Vaincre Cute Eye Dong Dong @1 #r (Attention aux cristaux de glace!),Vaincre Cute Eye Dong Dong @1
3004073,Les yeux mignons devraient être l'ennemi public que je,Vaincre Cute Eye Dangdang @1 #r (Attention à la collision!),Vaincre Cute Eye Dangdang @1
3004074,Yeux mignons quand l'ennemi public II,Vaincre Cute Eye Dangdang @1 #r (Attention à la collision!),Vaincre Cute Eye Dangdang @1
3004075,Cute Eyes Dangdang Public Enemy III - vidéo Dailymotion,Vaincre Cute Eye Dangdang @1 #r (Attention à la collision!),Vaincre Cute Eye Dangdang @1
3004076,mignon yeux public ennemi i,"Battez les yeux mignons @1 #r (ne peut pas provoquer les yeux mignons, essayez de ne pas provoquer)",Vaincre les yeux mignons @1
3004077,Cute Eyes Public Enemy II - vidéo Dailymotion,"Battez les yeux mignons @1 #r (ne peut pas provoquer les yeux mignons, essayez de ne pas provoquer)",Vaincre les yeux mignons @1
3004078,"Yeux mignons, ennemi public III","Battez les yeux mignons @1 #r (ne peut pas provoquer les yeux mignons, essayez de ne pas provoquer)",Vaincre les yeux mignons @1
3004079,Le fléau de Ice Spirit Guard I.,"Vaincre Ice Spirit Guard @1#r(Attention, certains Ice Spirit Guards peuvent évoquer un bâton glacial. Gardez vos distances !)",Vaincre Ice Spirit Guard @1
3004080,Ice Spirit Guard's Bane II.,"Vaincre Ice Spirit Guard @1#r(Attention, certains Ice Spirit Guards peuvent évoquer un bâton glacial. Gardez vos distances !)",Vaincre Ice Spirit Guard @1
3004081,Ice Spirit Guard's Bane III.,"Vaincre Ice Spirit Guard @1#r(Attention, certains Ice Spirit Guards peuvent évoquer un bâton glacial. Gardez vos distances !)",Vaincre Ice Spirit Guard @1
3004082,Le fléau du chaman Frost Boarman I.,"Vaincre Frost Boarman Shaman @1#r(Les chamans Frost Boarman sont des créatures solitaires, préférant les grottes polaires aux forêts tropicales chaudes et humides.)",Vaincre Frost Boarman Shaman @1
3004083,Frost Boarman Shaman's Bane II.,"Vaincre Frost Boarman Shaman @1#r(Les chamans Frost Boarman sont des créatures solitaires, préférant les grottes polaires aux forêts tropicales chaudes et humides.)",Vaincre Frost Boarman Shaman @1
3004084,Frost Boarman Shaman's Bane III.,"Vaincre Frost Boarman Shaman @1#r(Les chamans Frost Boarman sont des créatures solitaires, préférant les grottes polaires aux forêts tropicales chaudes et humides.)",Vaincre Frost Boarman Shaman @1
3005001,Doodle Chasseur d'oiseaux I,Battre l'oiseau Doodle @1 #r (Les oiseaux Doodle sont l'une des principales sources de nourriture et de plumes),Vaincre Doodle Bird @1
3005002,Doodle Bird Hunter II Télécharger gratuitement,Battre l'oiseau Doodle @1 #r (Les oiseaux Doodle sont l'une des principales sources de nourriture et de plumes),Vaincre Doodle Bird @1
3005003,Doodle Bird Hunter III - vidéo Dailymotion,Battre l'oiseau Doodle @1 #r (Les oiseaux Doodle sont l'une des principales sources de nourriture et de plumes),Vaincre Doodle Bird @1
3005004,Chasseur de bêtes,"Vaincre la Volvo @1 #r (Volvo est l'une des principales sources de nourriture et de cuir, attention, elle ripostera)",Vaincre la Volvo @1
3005005,Volvo Hunter II,"Vaincre la Volvo @1 #r (Volvo est l'une des principales sources de nourriture et de cuir, attention, elle ripostera)",Vaincre la Volvo @1
3005006,Volvo Hunter III,"Vaincre la Volvo @1 #r (Volvo est l'une des principales sources de nourriture et de cuir, attention, elle ripostera)",Vaincre la Volvo @1
3005007,Dwen Hunter I.,Vaincre Dwen @1#r(Les Dwens servent de source de nourriture primaire. Ils vous accordent également des turds de temps en temps.),Défaite Dwen @1
3005008,Dwen Hunter II.,Vaincre Dwen @1#r(Les Dwens servent de source de nourriture primaire. Ils vous accordent également des turds de temps en temps.),Défaite Dwen @1
3005009,Dwen Hunter III.,Vaincre Dwen @1#r(Les Dwens servent de source de nourriture primaire. Ils vous accordent également des turds de temps en temps.),Défaite Dwen @1
3005010,Chasseur de cerfs cornus I,Battre le cerf à cornes @1 #r (les cerfs à cornes sont l'une des principales sources de nourriture),Défaite du cerf à cornes @1
3005011,Chasseur de cerfs cornus II,Battre le cerf à cornes @1 #r (les cerfs à cornes sont l'une des principales sources de nourriture),Défaite du cerf à cornes @1
3005012,Chasseur de cerf cornu III,Battre le cerf à cornes @1 #r (les cerfs à cornes sont l'une des principales sources de nourriture),Défaite du cerf à cornes @1
3005013,Chasseur de renard I,"Vaincre le renard @1 #r (le renard est l'une des principales sources de cuir, attention il va riposter)",Vaincre le renard @1
3005014,Chasseur de renards II,"Vaincre le renard @1 #r (le renard est l'une des principales sources de cuir, attention il va riposter)",Vaincre le renard @1
3005015,Chasseur de renard III,"Vaincre le renard @1 #r (le renard est l'une des principales sources de cuir, attention il va riposter)",Vaincre le renard @1
3005016,Chasseur de loups du désert I,"Vaincre Desert Wolf @1 #r (Desert Wolf est l'une des principales sources de cuir, attention, il se battra)",Vaincre le loup du désert @1
3005017,Télécharger Desert Wolf Hunter II,"Vaincre Desert Wolf @1 #r (Desert Wolf est l'une des principales sources de cuir, attention, il se battra)",Vaincre le loup du désert @1
3005018,Télécharger Desert Wolf Hunter III,"Vaincre Desert Wolf @1 #r (Desert Wolf est l'une des principales sources de cuir, attention, il se battra)",Vaincre le loup du désert @1
3005019,Chasseur d'autruches sauvages I,Vaincre les autruches sauvages @1 #r (@item_12607#est une source de nourriture rare dans le désert),Vaincre l'autruche sauvage @1
3005020,Chasseur d'autruches sauvages II,Vaincre les autruches sauvages @1 #r (@item_12607#est une source de nourriture rare dans le désert),Vaincre l'autruche sauvage @1
3005021,Chasseur d'autruches sauvages III,Vaincre les autruches sauvages @1 #r (@item_12607#est une source de nourriture rare dans le désert),Vaincre l'autruche sauvage @1
3005022,Chasseur de léopards I,Vaincre le Léopard @1 #r (Attention à l'embuscade du léopard dans la forêt tropicale),Vaincre le léopard @1
3005023,Chasseur de léopards II,Vaincre le Léopard @1 #r (Attention à l'embuscade du léopard dans la forêt tropicale),Vaincre le léopard @1
3005024,Chasseur de léopards III,Vaincre le Léopard @1 #r (Attention à l'embuscade du léopard dans la forêt tropicale),Vaincre le léopard @1
3005025,Chasseur de poulet volant I,"Battre le poulet volant @1 #r (le rencontrera sur les îles vides des plaines, le poulet volant est l'une des principales sources de plumes)",Vaincre le poulet volant @1
3005026,Chasseur de poulet volant II,"Battre le poulet volant @1 #r (le rencontrera sur les îles vides des plaines, le poulet volant est l'une des principales sources de plumes)",Vaincre le poulet volant @1
3005027,Chasseur de poulet volant III,Battre le poulet volant @1 #r (Le poulet volant est l'une des principales sources de plumes),Vaincre le poulet volant @1
3005028,Chasseur de poulet de combat I,"Vaincre le poulet de bataille @1 #r (le poulet de bataille est féroce, soyez prudent dans l'île de la terre rouge)",Vaincre Battle Chicken @1
3005029,Fighting Chicken Hunter II - vidéo Dailymotion,"Vaincre le poulet de bataille @1 #r (le poulet de bataille est féroce, soyez prudent dans l'île de la terre rouge)",Vaincre Battle Chicken @1
3005030,Fighting Chicken Hunter III - vidéo Dailymotion,"Vaincre le poulet de bataille @1 #r (le poulet de bataille est féroce, soyez prudent dans l'île de la terre rouge)",Vaincre Battle Chicken @1
3005031,Chasseur de poulet hurlant I,"Defeat Screaming Chicken @1 #r (espèce en vedette sur Cute Eye, larguée @item_11069#peut être utilisée comme matériau pour certains accessoires)",Vaincre le poulet hurlant @1
3005032,Chasseur de poulet hurlant II,"Defeat Screaming Chicken @1 #r (espèce en vedette sur Cute Eye, larguée @item_11069#peut être utilisée comme matériau pour certains accessoires)",Vaincre le poulet hurlant @1
3005033,Chasseur de poulet hurlant III,"Defeat Screaming Chicken @1 #r (espèce en vedette sur Cute Eye, larguée @item_11069#peut être utilisée comme matériau pour certains accessoires)",Vaincre le poulet hurlant @1
3005034,Chasseur de mouettes I,Vaincre les mouettes @1 #r (Les plumes de mouettes peuvent être utilisées pour fabriquer des arcs et des flèches qui volent normalement sous l'eau),Vaincre la mouette @1
3005035,Chasseur de mouettes II,Vaincre les mouettes @1 #r (Les plumes de mouettes peuvent être utilisées pour fabriquer des arcs et des flèches qui volent normalement sous l'eau),Vaincre la mouette @1
3005036,Chasseur de mouettes III,Vaincre les mouettes @1 #r (Les plumes de mouettes peuvent être utilisées pour fabriquer des arcs et des flèches qui volent normalement sous l'eau),Vaincre la mouette @1
3005037,Chasseur de crabe I,"Vaincre le crabe @1 #r (attention à la pince à crabe, si malheureusement attrapé, attaquer encore quelques fois pour le jeter)",Vaincre le crabe @1
3005038,Chasseur de crabe II,"Vaincre le crabe @1 #r (attention à la pince à crabe, si malheureusement attrapé, attaquer encore quelques fois pour le jeter)",Vaincre le crabe @1
3005039,Chasseur de crabe III,"Vaincre le crabe @1 #r (attention à la pince à crabe, si malheureusement attrapé, attaquer encore quelques fois pour le jeter)",Vaincre le crabe @1
3005040,Yan Yan Crab Hunter I,"Vaincre Yan Yan Crab @1 #r (quand Yan Yan Crab est sur le rivage, personne ne veut tremper dans le magma)",Vaincre Yan Crab @1
3005041,Yan Yan Crab Hunter II,"Vaincre Yan Yan Crab @1 #r (quand Yan Yan Crab est sur le rivage, personne ne veut tremper dans le magma)",Vaincre Yan Crab @1
3005042,Yan Yan Crab Hunter III,"Vaincre Yan Yan Crab @1 #r (quand Yan Yan Crab est sur le rivage, personne ne veut tremper dans le magma)",Vaincre Yan Crab @1
3005043,Firefly Catcher I,Utilisez @item_11320#pour attraper des lucioles @1 #r (il apparaît généralement dans Peachtree Basin Ecology),Attrapez les lucioles @1
3005044,Firefly Catcher II,Utilisez @item_11320#pour attraper des lucioles @1 #r (il apparaît généralement dans Peachtree Basin Ecology),Attrapez les lucioles @1
3005045,Firefly Catcher III,Utilisez @item_11320#pour attraper des lucioles @1 #r (il apparaît généralement dans Peachtree Basin Ecology),Attrapez les lucioles @1
3005046,Attrape-papillon singe I,Utilisez @item_11320#pour attraper le papillon myrte rouge @1 #r (il apparaît généralement près des îles vides dans les prairies),Attrapez le papillon rouge @1
3005047,Monkey Butterfly Catcher II Télécharger gratuitement,Utilisez @item_11320#pour attraper le papillon myrte rouge @1 #r (il apparaît généralement près des îles vides dans les prairies),Attrapez le papillon rouge @1
3005048,Monkey Butterfly Catcher III Télécharger gratuitement,Utilisez @item_11320#pour attraper le papillon myrte rouge @1 #r (il apparaît généralement près des îles vides dans les prairies),Attrapez le papillon rouge @1
3005049,Attrape-papillon bleu I,Utilisez @item_11320#pour attraper les papillons bleus @1 #r (il apparaît généralement près des îles vides dans les prairies),Attraper le papillon bleu @1
3005050,Blue Butterfly Catcher II Télécharger gratuitement,Utilisez @item_11320#pour attraper les papillons bleus @1 #r (il apparaît généralement près des îles vides dans les prairies),Attraper le papillon bleu @1
3005051,Blue Butterfly Catcher III Télécharger gratuitement,Utilisez @item_11320#pour attraper les papillons bleus @1 #r (il apparaît généralement près des îles vides dans les prairies),Attraper le papillon bleu @1
3005052,Attrape-papillons parfumés I,Utilisez @item_11320#pour attraper le papillon rose parfumé @1 #r (il apparaît généralement près des îles vides dans les prairies),Attraper un papillon parfumé @1
3005053,Attrape-papillon parfumé II,Utilisez @item_11320#pour attraper le papillon rose parfumé @1 #r (il apparaît généralement près des îles vides dans les prairies),Attraper un papillon parfumé @1
3005054,Attrape-papillon parfumé III,Utilisez @item_11320#pour attraper le papillon rose parfumé @1 #r (il apparaît généralement près des îles vides dans les prairies),Attraper un papillon parfumé @1
3005055,Attrape-papillon blanc I,Utilisez @item_11320#pour attraper le papillon parfumé blanc @1 #r (il apparaît généralement près des îles vides dans les prairies),Attraper le papillon blanc @1
3005056,Attrape-papillon blanc II,Utilisez @item_11320#pour attraper le papillon parfumé blanc @1 #r (il apparaît généralement près des îles vides dans les prairies),Attraper le papillon blanc @1
3005057,Attrape-papillon blanc III,Utilisez @item_11320#pour attraper le papillon parfumé blanc @1 #r (il apparaît généralement près des îles vides dans les prairies),Attraper le papillon blanc @1
3005058,Attrape-papillon Longxin I,Utilisez @item_11320#pour attraper le papillon lettre dragon @1 #r (il apparaît généralement près des îles vides dans les prairies),Catch Long Xin Butterfly @1 - vidéo Dailymotion
3005059,Télécharger Longxin Butterfly Catcher II,Utilisez @item_11320#pour attraper le papillon lettre dragon @1 #r (il apparaît généralement près des îles vides dans les prairies),Catch Long Xin Butterfly @1 - vidéo Dailymotion
3005060,Télécharger Longxin Butterfly Catcher III,Utilisez @item_11320#pour attraper le papillon lettre dragon @1 #r (il apparaît généralement près des îles vides dans les prairies),Catch Long Xin Butterfly @1 - vidéo Dailymotion
3005061,Tongue Bell Butterfly Catcher I,Utilisez @item_11320#pour attraper le papillon cloche langue @1 #r (il apparaît généralement près des îles vides dans les prairies),Attraper le papillon de cloche de langue @1
3005062,Télécharger Tongue Bell Butterfly Catcher II,Utilisez @item_11320#pour attraper le papillon cloche langue @1 #r (il apparaît généralement près des îles vides dans les prairies),Attraper le papillon de cloche de langue @1
3005063,Télécharger Tongue Bell Butterfly Catcher III,Utilisez @item_11320#pour attraper le papillon cloche langue @1 #r (il apparaît généralement près des îles vides dans les prairies),Attraper le papillon de cloche de langue @1
3005064,Chasseur de lapin des neiges I.,Vaincre le lapin des neiges @1#r(Les lapins des neiges sont les créatures les plus communes dans le champ de glace et une ressource cruciale pour la survie.),Vaincre Snow Rabbit @1
3005065,Chasseur de lapin des neiges II.,Vaincre le lapin des neiges @1#r(Les lapins des neiges sont les créatures les plus communes dans le champ de glace et une ressource cruciale pour la survie.),Vaincre Snow Rabbit @1
3005066,Chasseur de lapin des neiges III.,Vaincre le lapin des neiges @1#r(Les lapins des neiges sont les créatures les plus communes dans le champ de glace et une ressource cruciale pour la survie.),Vaincre Snow Rabbit @1
4001001,Lumière éblouissante,"Battez le poisson lanterne dans la mer, les poissons d'algues bâton lumineux obtiennent @item_11318#@1 #r (poisson lanterne, poisson d'algues bâton lumineux, généralement trouvé dans la mer profonde)",Obtenez @item_11318#@1
4001002,Chassez l'obscurité,Traitement pour obtenir @item_12599#@1 #r (besoin d'utiliser @item_797#pour le traitement),Traitement get @item_12599#@1
4001003,Malédiction de l'ascenseur - Boarman Companion,"Utilisez @item_12599# pour réveiller le guerrier Boarman endormi et lever sa malédiction, puis traitez-le avec un peu de @item_12502#. #r(Barbecue avec @item_1200# la nuit pour attirer les guerriers Boarman. Ils feront une sieste près du feu de joie après avoir été rassasiés.)",Sauvez Boarman Warrior @1
4001004,Changé en bûcheron,Donnez @item_11003#@1 au partenaire sauvage #r (maintenez @item_11003#et cliquez sur le partenaire sauvage pour le remettre),Donnez @item_11003#@1 à d'autres sauvages
4001005,Changement de garde,Donnez @item_12003#@1 au partenaire sauvage #r (maintenez @item_12003#et cliquez sur le partenaire sauvage pour le remettre),Donnez @item_12003#@1 à d'autres sauvages
4001006,Aider à planter des arbres,Donnez @item_11023#@1 à Savage Partner @1 #r (maintenez @item_11023#et cliquez sur Savage Partner pour le remettre),Donnez @item_11023#@1 à d'autres sauvages
4001007,Espace de travail des bûcherons,Placez @item_1204#@1 #r (le bûcheron travaillera alors autour de @item_1204 #),Place @item_1204#@1
4001008,Malédiction de l'ascenseur - Hunter Companion,"Utilisez @item_12599# pour réveiller le Boarman Spearman endormi et lever sa malédiction, puis traitez-le avec quelques @item_12502#. #r (Barbecue avec @item_1200# la nuit pour attirer les lanciers Boarman. Ils feront une sieste près du feu de joie après avoir été rassasiés.)",Sauvez Boarman Spearman @1
4001009,Changer la classe en Archer,Livrez @item_12050#@1 à votre compagnon chasseur. #r(Maintenez @item_12050# enfoncé et appuyez sur Hunter Companion pour le remettre.),Remettez @item_12050#@1 au Hunter Companion
4001010,Protéger la zone de travail,Placez @item_1205#@1 #r (alors les gardes travailleront autour de @item_1205 #),Place @item_1205#@1
4001011,Changement d'agriculteur,Donnez @item_11033#@1 au partenaire chasseur #r (maintenez @item_11033#et cliquez sur le partenaire chasseur pour le lui donner),Donnez @item_11033#@1 à d'autres chasseurs
4001012,Zone de travail des agriculteurs,Placez @item_1203#@1 #r (le fermier travaillera alors autour de @item_1203 #),Place @item_1203#@1
4001013,Dispel the Curse - Mengbao Partner - vidéo Dailymotion,"Utilisez @item_12599#pour frapper le trésor mignon sauvage endormi pour dissiper la malédiction, puis invitez-le à manger @item_12502 #. #r (Utilisez @item_1200#barbecue la nuit pour attirer le trésor mignon sauvage, le trésor mignon sauvage s'endormira près du feu de joie après avoir mangé...)",Rescue Ye Mengbao @1 - vidéo Dailymotion
4001014,Assistant de transfert,Donnez @item_800#@1 à Mengbao Partner #r (maintenez @item_800#et cliquez sur Mengbao Partner pour le remettre),Donnez @item_800#@1 au partenaire Mengbao
4001015,Construire une tribu,"Place @item_1202#@1 #r (cette zone deviendra un lieu de rassemblement pour les partenaires, les partenaires stockeront les fournitures dans des boîtes autour de @item_1202 #)",Place @item_1202#@1
4002001,Faire des efforts persistants I,"Échec répété et bataille répétée @1 #r (ne vous découragez pas, continuez votre bon travail)",Échec et échec @1
4002002,Faire des efforts persistants II,"Échec répété et bataille répétée @1 #r (ne vous découragez pas, continuez votre bon travail)",Échec et échec @1
4002003,Faire des efforts constants III,"Échec répété et bataille répétée @1 #r (ne vous découragez pas, continuez votre bon travail)",Échec et échec @1
4002004,Zone oxygène I,"Utilisez @item_11075#pour activer @item_1042#@1 #r (après activation, une grande surface d'oxygène peut être générée, et il n'y a pas lieu de s'inquiéter de l'hypoxie dans la zone d'oxygène)",Activer @item_1042#@1
4002005,Zone Oxygène II,"Utilisez @item_11075#pour activer @item_1042#@1 #r (après activation, une grande surface d'oxygène peut être générée, et il n'y a pas lieu de s'inquiéter de l'hypoxie dans la zone d'oxygène)",Activer @item_1042#@1
4002006,Zone d'oxygène III,"Utilisez @item_11075#pour activer @item_1042#@1 #r (après activation, une grande surface d'oxygène peut être générée, et il n'y a pas lieu de s'inquiéter de l'hypoxie dans la zone d'oxygène)",Activer @item_1042#@1
4002007,Marquage du site I,Utilisez @item_11076#pour allumer @item_1042#@1 #r (allumer pour générer des marqueurs sur la carte),Allumez @item_1042#@1
4002008,Emplacement marqué II,Utilisez @item_11076#pour allumer @item_1042#@1 #r (allumer pour générer des marqueurs sur la carte),Allumez @item_1042#@1
4002009,Emplacement marqué III,Utilisez @item_11076#pour allumer @item_1042#@1 #r (allumer pour générer des marqueurs sur la carte),Allumez @item_1042#@1
4002010,Myra Survival I,Survivre sur Myra @1 jour,Survivre sur Myra @1 jour
4002011,Myra Survival II,Survivre sur Myra @1 jour,Survivre sur Myra @1 jour
4002012,Myra Survival III,Survivre sur Myra @1 jour,Survivre sur Myra @1 jour
4002013,Flaming Star Survival I - vidéo Dailymotion,Survivre sur Flaming Star @1 jour,Survivre sur Flaming Star @1 jour
4002014,Télécharger Flaming Star Survival II,Survivre sur Flaming Star @1 jour,Survivre sur Flaming Star @1 jour
4002015,Télécharger Flaming Star Survival III,Survivre sur Flaming Star @1 jour,Survivre sur Flaming Star @1 jour
4002016,Survie des yeux mignons I,Survivre sur Cute Eye @1 jour,Survivre sur Cute Eye @1 jour
4002017,Télécharger Cute Eye Survival II,Survivre sur Cute Eye @1 jour,Survivre sur Cute Eye @1 jour
4002018,Télécharger Cute Eye Survival III,Survivre sur Cute Eye @1 jour,Survivre sur Cute Eye @1 jour
4003001,Aventure dans le désert!,Entrez dans l'écologie du désert sur Myra,Trouvez le désert sur Mira
4003002,Découvrez l'oasis!,Trouvez et entrez dans l'écologie des oasis dans le désert de Mira,Trouver une oasis dans le désert
4003003,Road of Commerce - Desert I - vidéo Dailymotion,"Traitez avec des marchands amicaux à Oasis Camp @1 #r (les marchands ici vendent quelque chose appelé @item_11637 #, qui serait un accessoire clé pour entrer dans les ruines du désert)",Faites affaire avec des marchands sympathiques à Oasis Camp @1
4003004,Road of Commerce - Desert II - vidéo Dailymotion,Traitez avec des marchands perfides dans Oasis Camp @1 #r (le prix ressemble au patron!),Traitez avec des marchands perfides à Oasis Camp @1
4003005,Road of Commerce - Desert III - vidéo Dailymotion,Commerce avec le mystérieux marchand dans le camp de l'oasis @1 #r (Il y a un marchand dans la caravane qui porte des vêtements très différents et commerce d'une manière différente que les gens ordinaires. Il n'aime pas parler de bêtises avec les gens à sa guise.),Traitez avec le mystérieux marchand dans le camp de l'oasis @1
4003006,C'est trop gros,"Vaincre le Scorpion Queue Poison Géant @1 #r (Il existe de nombreux Scorpions Queue Poison cachés dans le désert, après en avoir vaincu un certain nombre, ils appelleront Big Brother pour l'aider...)",Défaite @item_13829#@1
4003007,Sable coulant,"Lancez @item_11637#@1 #r à @item_29#(@item_11637#peut transformer certains carrés de solide en liquide, il suffit de charger et de lancer les carrés de frappe.)",Lancer @item_11637#@1
4003008,C'est à moi!,"Obtenir @item_11575#@1 #r dans les ruines du désert (au centre des ruines sous l'oasis du désert, il y a une ancienne technologie de vie recouverte de poussière...)",Trouver @item_11575 dans les ruines du désert
4003009,Bataille du souverain du désert,Battez le Seigneur des sables et obtenez @item_12311 ##r (il est généralement livré avec des tempêtes de sable),Battez Lord Sawara et obtenez @item_12311#
4003010,Conquérir le désert!,"Terminer toutes les missions de l'objectif ""Voyageur en friche""","Terminer toutes les missions de l'objectif ""Voyageur en friche"""
4004001,Aventure en mer peu profonde!,"Entrez dans la mer peu profonde #r écologique sur Mira (la zone de mer peu profonde est abondante en animaux et en plantes, la pression de l'eau est faible et elle est relativement sûre)",Trouver des mers peu profondes sur Myra
4004002,Dispositif de raffinage de l'oxygène,Traitement @item_1045#@1 #r (le remplissage de l'appareil avec un matériau générateur d'oxygène peut extraire l'oxygène),Usinage @item_1045#@1
4004003,Recueillir de l'oxygène,Obtenez @item_1048#@1 #r (mettez @item_1047#sur @item_1045#pour collecter l'oxygène),Obtenez @item_1048#@1
4004004,Sac à dos oxygène,"Traitement et port de @item_12275#@1 #r (préparez encore quelques canettes de @item_1048#et ensuite allez plonger, c'est plus sûr)",Usinage et port @item_12275#@1
4004005,Matériel de plongée un,Usiné et usé @item_11642#@1 #r (@item_11642#pour l'éclairage sous-marin),Usinage et port @item_11642#@1
4004006,Matériel de plongée 2,Processus et usure @item_11643#@1 #r (@item_11643#pour la pression sous-marine),Usinage et port @item_11643#@1
4004007,Matériel de plongée trois,Usinage et port @item_11644#@1 #r (@item_11644#pour l'accélération du mouvement sous-marin),Usinage et port @item_11644#@1
4004008,Pêcheur légendaire,"Commerce #r avec des pêcheurs légendaires dans les villages de pêcheurs en bord de mer (le village de pêcheurs a un rôle impitoyable avec une couronne sur la tête, et les superbes compétences de pêche d'une seule personne peuvent soutenir l'approvisionnement alimentaire de tout un village)",Commerce avec des pêcheurs légendaires en bord de mer
4004009,Poséidon,"Utilisez @item_11655#repair @item_1193#@1 #r dans le village de pêcheurs en bord de mer (les idoles sont toutes dans le phare, promenez-vous dans le village de pêcheurs, cliquez à nouveau sur les idoles après réparation, de bonnes choses vont arriver)",Restauration dans un village de pêcheurs en bord de mer @item_1193#@1
4004010,Aventure en haute mer!,"Entrez dans la #r écologique des grands fonds sur Myra (la mer profonde est pleine de dangers, plus vous allez, plus la pression de l'eau est forte, et il est difficile pour les gens ordinaires de survivre sans porter d'équipement de plongée)",Trouvez la mer profonde sur Myra
4004011,Arrivée sur une île déserte,Entrez dans l'île déserte #r écologique sur Myra (les pirates aiment être stationnés sur des îles désertes et trouvent parfois des trésors laissés par les pirates),Trouver une île déserte sur Mira
4004012,Marchand pirate,"Le commerce avec les marchands pirates #r (les marchands pirates intimident les mous et craignent les durs, il ne commercera qu'avec des gens qui sont plus forts que lui, et changera les équipements les plus solides avant de commercer avec lui)",Traiter avec les marchands de pirates
4004013,Arrivée à Red Earth Island,"Entrez dans le #r écologique de l'île de latérite sur Myra (le sol de latérite contient une substance étrange, les animaux et les plantes ordinaires ne peuvent pas survivre dans cet environnement, et les êtres vivants qui survivent ont subi de merveilleux changements)",Trouver une île de latérite sur Mira
4004014,Au-delà de l'ananas,"Utilisez @item_1187#@1 #r (Ne mangez pas les plantes de spécialité de Red Earth Island dans votre estomac, une fois que vous inhalez la poussière qu'elle émet, elle deviendra soudainement malade et folle)",Utilisez @item_1187#@1
4004015,Arrivée à l'île de corail,"Entrez dans la #r des îles de corail sur Myra (le sable rouge partout sur les îles de corail maintient les coraux en vie, leur permettant de survivre même sans eau. Certaines îles de corail peuvent trouver un concepteur de meubles)",Trouver des îles de corail sur Mira
4004016,marchand de l'île,Traitez avec un marchand insulaire #r (ses créations de meubles sont toujours de nouvelles astuces),Commerce avec les marchands de l'île
4004017,Conquérir l'île!,"Trouvez tous les types d'îles #r (île déserte du mont, île de corail, île de latérite)",Trouver tous les types d'îles
4004018,Noyau de foudre,Obtenez @item_11648#@1 #r (regardez dans le navire coulé au fond de la mer profonde),Obtenez @item_11648#@1
4004019,Le pouvoir de la foudre!,"Obtenir l'entrée ""Lightning Whip"" lorsque la rune incruste une arme #r (ajouter des matériaux secondaires lors de l'incrustation de rune @item_11648#pour obtenir l'entrée ""Lightning Whip"")","La mosaïque de runes obtient l'entrée ""Lightning Whip"""
4004020,Cœur Gardien,Battez le Sea Spirit Guard et obtenez @item_11640#@1 #r (soyez prudent lorsque vous combattez le Sea Spirit Guard en haute mer),Obtenez @item_11640#@1
4004021,Devenir saluant,Utilisez @item_11641#pour transformer #r (la puissance runique est infusée dans tout le corps),Utilisez @item_11641#pour transformer
4004022,Partez à la conquête de l'océan!,"Terminer toutes les missions de l'objectif ""30 000 Miles Under the Sea""","Terminer toutes les missions de l'objectif ""30 000 Miles Under the Sea"""
4005001,Atteindre le champ de glace,Entrez dans l'écosystème polaire de Miras #r (La région des champs de glace est recouverte de neige toute l'année et les ressources de surface sont rares. Mais les âmes résilientes l'appellent toujours chez elles...),Trouvez le champ de glace de Miras
4005002,Ensemble résistant au froid,"Fabriquez et enfilez tout équipement résistant au froid, tel que @item_12312#@1#r(La région du champ de glace a des températures extrêmement basses. Gardez-vous au chaud !)",Fabriquez et enfilez tout équipement résistant au froid
4005003,Atteindre la base de Snow Mountain,Entrez dans la base de Snow Mountain sur Miras#r(Préparez-vous à grimper ! Des grottes se trouvent probablement autour de la base de la montagne enneigée. Essayez de les localiser pendant votre ascension !),Entrez dans la base de Snow Mountain sur Miras
4005004,Escalader le pic,Entrez dans le pic de la montagne enneigée sur Miras#r (Obtenez une vue plongeante de tout),Entrez dans le pic de la montagne enneigée sur Miras
4005005,Visiteur extraterrestre ?,"Battez le Troll de la cascade de glace qui habite au sommet du pic de la montagne enneigée#r(Les villageois du champ de glace souffrent constamment du harcèlement du troll de la cascade de glace. Si vous pouvez le vaincre, ils vous en seront sûrement reconnaissants.)",Vaincre Icefall Troll
4005006,Dissiper le froid,Nourrir @item_12534# aux villageois décongelés @1#r(Consommer @item_12534# aide les créatures à réguler leur température corporelle),Nourrir les villageois sauvages des champs de glace @item_12534#@1
4005007,Superviser la construction,"Demandez aux villageois de construire des maisons #r (Après avoir placé @item_150005#, insérez des plans de construction dans @item_150005# et fournissez les matériaux nécessaires. Ensuite, demandez aux ouvriers du village ou aux ouvriers boarmans de construire des maisons.)",Demander aux villageois de construire des maisons
4005008,Brûler d'enthousiasme,"Améliorez @item_1389# sur @item_150001# ou @item_150000# #r (Chaque fois que les villageois passent devant un totem orné de @item_1389#, cela alimente leur enthousiasme et améliore considérablement l'efficacité du travail.)",Améliorer @item_1389# sur @item_150000#
4005009,Mettre à l'échelle le pic secondaire,"Entrez dans le pic secondaire de la montagne enneigée sur Miras#r (Comparées aux autres crêtes montagneuses de Miras, les montagnes enneigées sont particulièrement hautes.)",Entrez dans le pic secondaire de Snow Mountain sur Miras
4005010,Bénédiction de la neige,"Collectez @item_764#@1#r(Avec un peu de chance, vous trouverez peut-être @item_764# sur le pic secondaire de Snow Mountain. Il sert de matériau secondaire pour la gravure de runes et offre des effets de bénédiction.)",Collecter @item_764#@1
4005011,Gants en polymère,"Craft @item_11231#@1#r(Avec @item_11231#, vous pouvez vous amuser à rouler des boules de neige.)",Artisanat @item_11231#@1
4005012,Construire un bonhomme de neige,"Utilisez @item_11231# pour faire rouler des boules de neige et générer un bonhomme de neige #r(Lorsque vous empilez deux boules de neige ensemble, vous pouvez construire un bonhomme de neige.)",Utilisez @item_11231# pour faire rouler des boules de neige et générer un bonhomme de neige
4005013,Donner la vie,Activez un bonhomme de neige avec @item_12710# #r(Le @item_12710# obtenu après avoir vaincu les gardes spirituels de glace conserve encore une certaine force vitale. Le placer à l'intérieur d'un bonhomme de neige lui donnera vie.),Activer un bonhomme de neige avec @item_12710#
4005014,Partez à la conquête de la région polaire,Accomplir toutes les tâches de l'expédition polaire,Accomplir toutes les tâches de l'expédition polaire
