ID,名字,描述,获得方式
ID,Name,Desc,GetWay
0,空気,君には見えないよ,@Null@
1,地心の礎石,最深部の地心はとても堅く、動かせない。,
2,スキルブロック,不思議なブロック。威力は不明,@Null@
3,静態水,静止している水ブロック,@Null@
4,ダイナミック水,流れる水,
5,静態マグマ,静止しているマグマブロック。熱いから気をつけて！,
6,ダイナミックマグマ,流れるマグマブロック。熱いから気をつけて。ヤケドするよ！,
7,転送光効果,魔法のブロックみたい,@Null@
8,彫刻のレンガ,レリーフで覆われ、固められた建築用ブロック,
9,加速度動くブロック,このブロックを通る人には、言いようのない突き上げがかかる,
10,スターエナジーブロック,放置されていると、連続して#c0aba1dスターエナジー信号#nを出力することができる。,
11,静態蜂蜜,静止している蜂蜜,@Null@
12,ダイナミック蜂蜜,流れる蜂蜜,
13,静的流砂,細かい砂の「川」、危険です!,
14,ダイナミック流砂,細かい砂の「川」、危険!,
15,呪いの岩,異臭を放つ岩、流砂に触れるとどうなるか？ 掘れば流血の呪いを受け取る！,地下遺跡の外壁にて
16,呪いの岩-アクティベート,異臭を放つ岩、流砂に触れるとどうなるか？ 掘れば流血の呪いを受け取る！,地下遺跡の外壁にて
17,静態猛毒,危険な臭いをする液体、近づかないでください。,
18,ダイナミック猛毒,危険な臭いをする液体、近づかないでください。,
19,風蝕岩,強風に浸食された後の砂漠の岩石、弱い。,
20,エイリアン空気,最新版をダウンロードしに行こう!,
21,@Null@,@Null@,@Null@
22,@Null@,@Null@,@Null@
23,深い積層の岩石,深海で何万年もしごかれてできたカスケード構造には、深海の藻類が必要とするあらゆる栄養素が含まれており、蛍光スティック藻や紅藻の育成に最適です,深層積岩石の破壊により得られる
24,マンガンノジュール鉱,深海の高圧に対抗するため、#c0aba1dダイビング器材の強化や硬質ガラスブロックの製造#nに使用される。,マンガン金属は、深層積岩石で常に合体しているため、深海ではわずかにしか生成されない。破壊することで落下するマンガンノジュール
25,サンゴ礁,サンゴの成長に最適で、サンゴが成熟するとサンゴ礁の色が変化する,
26,ドリフトボトル,海や川の生態系に利用される#c0aba1d力を蓄える#n投げ出すと流れは遠くまであなたの願いを運ぶ、おそらくいつか遠くで発見することができるだろう,ガラスの小瓶ブロックに革の巻物を入れて入手。
27,遠方からのドリフトボトル,漂流瓶に封印されたメモには、大切なメッセージや心からの願いが込められていることが多く、もちろん誰かがある時に考えていたことかもしれないし、山や海を越え、時を越えて旅してきたようにも見える...ボトルを地面に置き、メモを取り出して読んでみると...,釣りや海の探索で入手できるチャンスがある。
28,ガラス小瓶（ブロック）,それを並べ、文字を書いたレザーの巻物を置く。,
29,黄砂,水辺や砂漠に多く、素早く採取できるスコップ状の道具で、珪砂の焼成によく使われる珪砂の加工原料になる,#c0aba1d水辺#nや#c0aba1d砂漠地域によく見られる#n
30,@Null@,@Null@,@Null@
31,堅い氷柱,非常に#c0aba1d堅い#n氷柱、周りにいる時はヘルメットを着用してね,
32,脆い氷柱,#c0aba1d落ちやすい#n氷柱、周りにいる時はヘルメットを着用してね,
33,平凡な晶核鉱,@item_11013#以上のアイテムで採掘する必要がある,レアな鉱石、氷原の#c0aba1d雪山洞窟#n及び雨林の#c0aba1d地下#nで出現する可能性がある
34,霜火石鉱,寒気を感じさせる鉱石、@item_11011#以上のアイテムで採掘する必要がある。#c0aba1d周りの温度を下げる#n,レアな鉱石、氷原の#c0aba1d雪山洞窟#nで出現する可能性がある
35,霜火石のブロック,大量の@item_11824#を使って合成する、冷たい光を放つブロック。#c0aba1d周りの温度を大幅に下げる#n,
36,洞窟の入口で更新,,
37,洞窟の通路で更新,,
38,大洞窟で更新,,
39,小洞窟で更新,,
40,ボイドクリスタルブロック,ボイドクリスタルで合成されたブロック、周囲を照らせる。@item_596#の下に置くと、ナイト・オブ・ボイドの夜明けに最も強力なモンスターが襲ってくる。慎重に使ってください！,
100,草の生えた土ブロック,地表に出現するブロック、シャベルタイプのツールですばやく採取できる。#c0aba1dレーキタイプのツールを使えば@item_102#にすることができ、シャベルタイプのツールを使えば@item_103#にすることができる,@item_101#に@item_11226#を使えば獲得できる
101,土ブロック,どこにでも見られるブロック。シャベルなどの工具ですばやく採取できる。#c0aba1dクワなどの工具を使えば畑にできる。石のシャベルやさらに上級のシャベルなどの工具を使えば土ピットにできる。,地表の下ですぐに手に入る
102,畑,農作物を植えることができる。水分を保つため、水のそばに作る必要がある,
103,土ピット,花の種や木の苗を植えることができる。水分を保つため、水のそばに作る必要がある,
104,岩石,どこにでも見られるブロック。ツルハシなどの工具ですばやく採取できる。,
105,青い石,苔の生えた石ブロック。ツルハシなどの工具ですばやく採取できる。,
106,黄色い砂ブロック,水辺や砂漠エリアでよく見られるブロック。シャベルなどの工具ですばやく採取できる。珪砂の加工原料。#r重力の影響で落ちることがある。,水辺や砂漠地域によく見られる
107,砕石の山,崩れやすい砕石の山。シャベルなどの工具ですばやく採取できる。#r下が空の時は、上に乗ると崩れる。,
108,黄色い砂レンガ,砂ブロックを合成した建築素材。,
109,砂土,養分の乏しい土ブロック。植物は育たない。シャベルなどの工具ですばやく採取できる。,
110,散乱した石,表面にはキューブが散らばっていて、掘ると尖った石が出てくるので、それを使って石ころのような道具を作ることができる。,
111,ゲームのバージョンが古すぎます,今すぐ最新バージョンをダウンロードしましょう！,@Null@
112,黒晶石,虚空ファントムの影響で地質構造が大きく変わってしまい、もはや鉱石は存在しない。,
113,薄氷,水面に浮かぶ脆い氷は、天と地の間にある星のように割れて散っていく,
114,沈泥,水中で見られる土ブロック。シャベルなどの工具ですばやく採取できる。,
115,柔らかい雪,1/4マスの高さを持つ柔らかい雪の薄板、重ねて高さを変えることができる,
116,萌目プラネット石ブロック,萌目プラネットの特殊石ブロック。爆発に耐える力が強い。採取には#c0aba1dミスリルのツルハシ#nやさらに上級ツルハシなどの工具が必要。,
117,萌目プラネット草ブロック,植物の成長に必要な栄養素を含んだ外来星の草です。 獲得には #c0aba1dミスリルのツルハシ#nやさらに上級ツルハシなどの工具が必要。,
118,萌目プラネット雲団,萌目プラネット空島周辺の雲ブロック。乗ると壊れてしまう。,
119,乾土,萌目プラネットに着いたら、養分が流失してしまったミラプラネットの土ブロック。ミラプラネットの土は、プラネット植物の培地に置いた場合のみ養分と水分を保持できる。,
120,凍土,低温環境で、@item_100#と@item_101#は@item_120#になる。寒い環境が好きな植物はこの土に植える必要がある。,
121,凍土坑,寒い環境が好きな花の種や苗木を植えることができる,
122,厚く積もった雪,厚く積もった雪、高熱の#c0aba1dマグマ#nと接触する、または高温環境に置かれると水になり、#c0aba1d周りの温度を少しだけ下げる#n,
123,天然氷,寒冷氷雪地帯でよく見られるブロック、ツルハシタイプのツールですばやく採取できる。#c0aba1d高温環境#nに置かれると水になり、#c0aba1d周りの温度を少しだけ下げる#n,
124,硫黄岩,炎星によくある岩石で、製錬台@item_11214#を焼くことができ、つるはし型の道具ですぐに採掘できる。,
125,灼砂,熱気を放つ砂ブロック。シャベルなどの工具ですばやく採取できる。,
126,魔古岩,未知の土地の石。爆発させても壊れにくい。,商人が時々販売している。
127,バブルブロック,装飾に使うブロック。,
128,赤砂,鉱物元素を豊富に含む珍しい赤砂の山で、めたんと混ざると非常に不安定になる。,赤土ライトやサンゴ礁の島で時折見かける
129,厚く積もった雪,,
130,大きな雪キューブ,一緒に雪だるまを作る？それとも雪合戦する？,@Null@
131,堅い氷,とても堅い氷。何ものにも揺るがない,@Null@
132,硫黄砂,炎プラネットのマグマの中に出現する。#c0aba1dタングステンのシャベル#nでのみ採取可能。カオスの結晶を作る材料の1つ。液体に遮られると噴出する。,#c0aba1dゲーム内の行為を決してマネしないでください。#n
133,空のハチの巣,蜂の入っていないハチの巣は、#c0aba1d桃の木の葉#nの下に置くと蜂蜜がためられる。,
134,満杯のハチの巣,ハチミツでいっぱいの巣箱、ミツバチに気をつけよう その上にある小さなガラス瓶を使って、ハチミツの瓶を手に入れます,
135,神秘トーテム-大地,古代文明の重要な石像、今は飾りにしかなっていない,萌目プラネット古代文明遺跡で収集。
136,神秘トーテム-天空,古代文明の重要な石像、今は飾りにしかなっていない,萌目プラネット古代文明遺跡で収集。
137,萌目プラネット穴,@Null@,@Null@
138,汚染ブロック,@Null@,@Null@
139,ボス戦使用ブロック,@Null@,@Null@
140,生命の石シート,「古者」の文明が残した石座が、ミラプラネットの生命の力をつなぐ,@Null@
141,勇気の石シート,「古者」の文明が残した石座が、炎プラネットの勇気の力をつなぐ。,@Null@
142,知恵の石シート,「古者」の文明が残した石座が、萌え目プラネットの知恵の力をつなぐ。,@Null@
143,壊れた石の台座,原型をとどめないほど掘り出された古代石の台座,@Null@
144,レッドバタフライガラス瓶,置くと、周囲の小さなエリアを照らすことができる。,空島地形で、小さなガラス瓶で蝶々を捕まえて獲得。
145,ブルーバタフライガラス瓶,置くと、周囲の小さなエリアを照らすことができる。,空島地形で、小さなガラス瓶で蝶々を捕まえて獲得。
146,ピンクバタフライガラス瓶,置くと、周囲の小さなエリアを照らすことができる。,空島地形で、小さなガラス瓶で蝶々を捕まえて獲得。
147,白いバタフライガラス瓶,置くと、周囲の小さなエリアを照らすことができる。,空島地形で、小さなガラス瓶で蝶々を捕まえて獲得。
148,ドラゴンレターガラス瓶,置くと、周囲の小さなエリアを照らすことができる。,空島地形で、小さなガラス瓶で蝶々を捕まえて獲得。
149,トングクロックガラス瓶,置くと、周囲の小さなエリアを照らすことができる。,空島地形で、小さなガラス瓶で蝶々を捕まえて獲得。
150,赤土の畑,水辺での灌水やシャワーによる保湿が必要な特殊な作物にも対応できるような植栽が可能,クワで赤土を埋め立てることで入手可能
151,赤土のピット,水辺での灌水やシャワーによる保湿が必要な特殊な作物にも対応できるような植栽が可能,スパチュラで赤土を埋め立てることで入手可能
152,プラネット岩石縦薄型板,軽くて縦長の石板は、積み重ねて厚さを変えることができる,職人台で萌え目プラネット石ブロックで加工する
153,竹縦薄型板,軽くて縦長の木板は、積み重ねて厚さを変えることができる,職人台で竹で加工する
154,赤い縦薄型板,軽くて縦長の木板は、積み重ねて厚さを変えることができる,職人台でルージュ色の顔料で加工する
155,セメントレンガ縦薄型板,軽くて縦長の石板は、積み重ねて厚さを変えることができる,職人台でセメントレンガで加工する
156,硫黄レンガ縦薄型,軽くて縦長の石板は、積み重ねて厚さを変えることができる,職人台で硫黄レンガで加工する
157,石製縦薄型板,軽くて縦長の石板は、積み重ねて厚さを変えることができる,職人台で石で加工する
158,精製石レンガ縦薄型板,軽くて縦長の石板は、積み重ねて厚さを変えることができる,職人台で岩石で加工する
159,チタン縦薄型板,軽くて縦長の金属板は、積み重ねて厚さを変えることができる,職人台でチタンで加工する
160,銅製縦薄型板,軽くて縦長の金属板は、積み重ねて厚さを変えることができる,職人台で銅で加工する
161,雲母縦薄型板,軽くて縦長の金属板は、積み重ねて厚さを変えることができる,職人台で雲母で加工する
162,ミスリル縦薄型板,軽くて縦長の金属板は、積み重ねて厚さを変えることができる,職人台にミスリルで作る
163,炎縦薄型板,軽くて縦長の金属板は、積み重ねて厚さを変えることができる,職人台に炎で作る
164,レモンイエロー縦薄型板,軽くて縦長の木板は、積み重ねて厚さを変えることができる,職人台にレモンイエロー顔料で作る
165,淡い石灰縦薄型板,軽くて縦長の木板は、積み重ねて厚さを変えることができる,職人台に淡い石灰顔料で作る
166,深い栗色縦薄型板,軽くて縦長の木板は、積み重ねて厚さを変えることができる,職人台に深い栗色顔料で作る
167,サンセットオレンジ縦薄型板,軽くて縦長の木板は、積み重ねて厚さを変えることができる,職人台にサンセットオレンジ顔料で作る
168,ベゴニア縦薄型板,軽くて縦長の木板は、積み重ねて厚さを変えることができる,職人台にベゴニア顔料で作る
169,薄白い縦薄型板,軽くて縦長の木板は、積み重ねて厚さを変えることができる,職人台に薄白い顔料で作る
170,オータムリーフオレンジ縦薄型板,軽くて縦長の木板は、積み重ねて厚さを変えることができる,職人台にオータムリーフオレンジ顔料で作る
171,縦薄型板,軽くて縦長の木板は、積み重ねて厚さを変えることができる,職人台に木の材料で作る
172,黄色いレンガ縦薄型板,軽くて縦長の石板は、積み重ねて厚さを変えることができる,職人台に黄色いレンガで作る
173,マンガンブロック縦薄型板,軽くて縦長の金属板は、積み重ねて厚さを変えることができる,職人台にマンガンノジュールで作る
174,ライトペールグレー縦薄型板,軽くて縦長の木板は、積み重ねて厚さを変えることができる,職人台にライトペールグレー顔料で作る
200,チェリーウッド,さくらんぼの幹は、@item_800#で@item_11323#に加工でき、装飾にも燃料にも使える,斧類の道具に#c0aba1dをはめ込んで完全に#nルーンを獲得した後、伐採して獲得した
201,カラマツ,カラマツの幹は、@item_800#で@item_11323#に加工でき、装飾にも燃料にも使える,斧類の道具に#c0aba1dをはめ込んで完全に#nルーンを獲得した後、伐採して獲得した
202,ポプラの木,ポプラの幹は、@item_800#で@item_11323#に加工でき、装飾にも燃料にも使える,斧類の道具に#c0aba1dをはめ込んで完全に#nルーンを獲得した後、伐採して獲得した
203,レッドモミ,セコイアの幹は、@item_800#で@item_11323#に加工でき、装飾にも燃料にも使える,斧類の道具に#c0aba1dをはめ込んで完全に#nルーンを獲得した後、伐採して獲得した
204,くすのき,楠木の幹は、@item_800#で@item_11323#に加工でき、装飾にも燃料にも使える,斧類の道具に#c0aba1dをはめ込んで完全に#nルーンを獲得した後、伐採して獲得した
205,クルミの木,クルミの幹は、@item_800#で@item_11323#に加工でき、装飾にも燃料にも使える,斧類の道具に#c0aba1dをはめ込んで完全に#nルーンを獲得した後、伐採して獲得した
206,板,木造建築に多用される基本的な建築材料。,職人台に木の材料で作る
207,オータムリーフオレンジの板,木造建築に多用される基本的な建築材料。,職人台にオータムリーフオレンジ顔料で作る
208,薄白い板,木造建築に多用される基本的な建築材料。,職人台に薄白い顔料で作る
209,ベゴニアの板,木造建築に多用される基本的な建築材料。,職人台にベゴニア顔料で作る
210,サンセットオレンジの板,木造建築に多用される基本的な建築材料。,職人台にサンセットオレンジ顔料で作る
211,深い栗色の板,木造建築に多用される基本的な建築材料。,職人台に深い栗色顔料で作る
212,チェリーの苗木,燃料として使用可能だが、非常に早く燃焼してしまう,
213,カラマツの苗木,燃料として使用可能だが、非常に早く燃焼してしまう,
214,ポプラの苗木,燃料として使用可能だが、非常に早く燃焼してしまう,
215,セコイアの苗木,燃料として使用可能だが、非常に早く燃焼してしまう,
216,クスノキの苗木,燃料として使用可能だが、非常に早く燃焼してしまう,
217,クルミの苗木,燃料として使用可能だが、非常に早く燃焼してしまう,
218,チェリーの木の葉,@item_1200#の燃料や酸素製造の原料として使える。#c0aba1d雪だるまの頭飾り#nにもなれる,
219,カラマツの葉,@item_1200#の燃料や酸素製造の原料として使える。#c0aba1d雪だるまの頭飾り#nにもなれる,
220,アスペンの葉,@item_1200#の燃料や酸素製造の原料として使える。#c0aba1d雪だるまの頭飾り#nにもなれる,
221,セコイアの葉,@item_1200#の燃料や酸素製造の原料として使える。#c0aba1d雪だるまの頭飾り#nにもなれる,
222,ヘザーの葉,@item_1200#の燃料や酸素製造の原料として使える。#c0aba1d雪だるまの頭飾り#nにもなれる,
223,クルミの葉,@item_1200#の燃料や酸素製造の原料として使える。#c0aba1d雪だるまの頭飾り#nにもなれる,
224,グラス,#c0aba1d破壊した#n後#c0aba1d雑草一握り#nを手に入れる可能性がある。,空は青白く、荒野は広大で、風が草を吹き、羊が見える
225,枯れたグラス,枯れ草を刈るには#c0aba1dスペード#nタイプの道具を使い、それ以外は#c0aba1d雑草一握り#nを刈る。,平の草は年々生え枯れてゆく
226,土筍,薄暗い場所に生えている植物、料理の素材。直接に食べると#c0aba1dスタミナを回復できる#nけど、#c0aba1d下痢#nになる可能性がある。萌目プラネットの空島の#c0aba1d萌目プラネット胞子樹#nとは不思議な反応ができるらしい。,
227,シソ,薄暗い場所に生えている植物、料理の素材。直接に食べると#c0aba1dスタミナを回復できる#nけど、#c0aba1d下痢#nになる可能性がある。萌目プラネットの空島の#c0aba1d萌目プラネット胞子樹#nとは不思議な反応ができるらしい。,
228,独葵,#c0aba1dツノジカに食べさせる#nと#c0aba1d泌乳#n状態に入る,#c0aba1d雨林#nに生えている
229,トウモロコシ,@item_344#に加工できる。@item_344#は料理の基礎的な素材である。@item_1200#で焼ける,@item_11400#を@item_102#に植え、または野性のトウモロコシを収穫することで獲得。
230,巨大ブルフルーツ,,@item_11401#を@item_102#に植えることで獲得。
231,巨大ブルフルーツの苗,日光と水があれば、もう少し待てば、苗に実がなる,
232,根,大木から垂れ下がる気根は、人の体重に耐えられるほど格別に丈夫なので、登りすぎず、落下にも注意しましょう。,
233,赤土,エキゾチックな成分を豊富に含む希少な赤土は、そこに育つ植物を奇跡のように変化させる,海上に浮かぶ島には、一面に赤土が広がっているという伝説がある。
234,稲,#c0aba1d盆地の水辺#nで育つ、米に加工して石鍋で炊くとご飯になる#r ドードー鳥に食べさせると繁殖状態にすることができる。,底に土塊または黄色い砂を置き、高さを1ブロックの水面にイネの種を植えると手に入れる。
236,胡瓜,@item_102#に植えることができる。#r#c0aba1dアルパカ#nにエサとしてあげると@item_11311#を獲得できる。,陶製のツボを壊しあるいはばくばくエッグを倒すと手に入れる可能性がある。
237,レッドシダーフルーツ,レッドシダー材の果実、調理用原料,
238,いばら草,小さなとげのある雑草、#c0aba1d破壊#nされると、#c0aba1d一握りの雑草#nがもらえる可能性がある。,
239,巨大なプルマージュ,大きすぎて切って食べられない！？ 匠の技に手を入れる必要あり,耕作地に巨大なプルマージュの種を植えることでも利用可能
240,巨大なプルマージュの苗木,日光と水があれば、もう少し待てば、苗に実がなる,
241,サツマイモ,@item_101#に植えられる。@item_1200#で焼ける,陶製のツボを破壊することで確率で獲得。
242,セレウスの茎,#c0aba1d砂漠#nに生え、棒で加工してスパイクのついた武器を作ることができる!,サボテンの種は土ピットに植えて得ることもできる
243,野生トウモロコシ,壊すと#c0aba1dトウモロコシ#nを手に入れる可能性がある。,野生で育ったトウモロコシ、手入れが行き届かず栄養価は低い
244,クリスマスツリー,サンタのクリスマスツリー。建築装飾に使える。,クリスマスイベント期間中、サンタのお店で販売
245,水草,#c0aba1d浅瀬#nに生えている水草は、そこに止まっている生き物や小道具に絡まりやすいので、あまり長居はしないようにしましょう。運が良ければ、その中に珍しいお宝が見つかるかもしれません。,
246,昆布,#c0aba1d浅瀬#nに生えている水草で、破壊すると#c0aba1d生昆布#nを落とす可能性がある。,ルーンを完全に取得すれば、昆布が手に入る
247,ウキクサ,#c0aba1d水面#nに散りばめられており、水面に置いて飾ることができる,
248,浮き板,#c0aba1d重さに耐える#n、水の上に置かれる,職人台で浮き板を使って作業する
249,松ぼっくり,カラマツの実、美味しく調理できる,
250,ロータス,#c0aba1d水面に#n生えるので、水面に置いて飾ることもできます。,
251,竹,#c0aba1dパンダ#nを#c0aba1d飼いならす#nために使用#r飼いならされたパンダに#c0aba1d餌を与える#nと、竹の中が空洞になる。,#c0aba1d竹林#nに生育、タケノコを土ピットに植えることでも利用可能
252,笹の葉,装飾品として使用可能で、破壊するとタケノコを落とす可能性がある,
253,タケノコ,#c0aba1d土ピット#nに植え、竹に育てる。,笹の葉を壊すと手に入れる可能性がある。
254,桃花木,#c0aba1d斧類の道具で#n迅速に伐採でき#r@item_11323#に加工でき、燃料としても使用できる,
255,桃の木の葉,@item_1200#の燃料や酸素製造の原料として使える。#r飛鶏にエサとしてあげると繫殖状態に入る。#c0aba1d雪だるまの頭飾り#nにもなれる,
256,桃の木の苗木,#c0aba1dマウンド#nに植えて桃の木にする。,桃の木の葉を壊すと一定の確率でドロップする。
257,珍木,#c0aba1d斧類の道具で#n迅速に伐採でき#r@item_11323#に加工でき、燃料としても使用できる,
258,ジェーンの木の葉,@item_1200#の燃料や酸素製造の原料として使える。#c0aba1d雪だるまの頭飾り#nにもなれる,
259,珍木の苗木,珍木の苗木,珍木のの葉を壊すと一定の確率でドロップする。
260,葉なし珍木,酸素の実を植え、不毛な萌え目スターの表面に生える,#c0aba1dミスリルの斧#n以上の斧具で切断すること。
261,萌目プラネット胞子柱,たけのこを横に植えると、シソが#c0aba1d変異する#n,萌え目プラネット#c0aba1d空島の下#nの日陰に生える。
262,苔,湿って水分が豊富な苔は、その上に立つと滑って落ちるので注意が必要だ。破壊すると@item_11595##rをドロップする。陽ざしの届かない所に生えてくる,
263,萌目プラネット胞子の種,日陰の月見草の石のブロックに#c0aba1dを植える#nと、しばらくして萌目プラネット胞子が生えてきます。,
264,淡い石灰の木の板,木造建築に広く使われる基本的な建材,職人台で淡い石灰顔料で加工する
265,葉なし珍木の板,装飾用として使用可能,職人台によって葉のない珍木から作られる
266,変異たけのこ,#c0aba1d食べる#nと、スタミナを15回復し、以下の特殊効果#r#c0aba1d蛍光、掘削狂、掘削疲労状態を獲得します。,タケノコの近くでスターライト胞子を置けば突然変異する。
267,変異シソ,#c0aba1d食べる#nと、スタミナを15回復し、以下の特殊効果#r#c0aba1d蛍光、ライフ回復、毒殺状態を獲得します。,シソの近くでスターライト胞子を置けば突然変異する。
268,変異した植物ポール,,萌え目プラネット#c0aba1d空島の下#nの日陰に生える。
269,蛍光カラーグラス,小蛍光玉や大蛍光玉を作る材料の1つ。,萌え目プラネット#c0aba1d空島#nに生える。
270,萌目プラネット胞子,#c0aba1d食べる#nと15体力を回復。#c0aba1d蛍光BUFF#nを獲得、夜目BUFFまたはくらくらBUFFを獲得するチャンスがある。,萌え目プラネット空島の下の日陰に生える。萌目プラネット胞子の種を植える。
271,萌目プラネット胞子,#c0aba1d食べる#nと15体力を回復。#c0aba1d蛍光BUFF#nを獲得、夜目BUFFまたはくらくらBUFFを獲得するチャンスがある。,萌え目プラネット空島の下の日陰に生える。萌目プラネット胞子の種を植える。
272,萌目プラネット胞子,#c0aba1d食べる#nと15体力を回復。#c0aba1d蛍光BUFF#nを獲得、夜目BUFFまたはくらくらBUFFを獲得するチャンスがある。,萌え目プラネット空島の下の日陰に生える。萌目プラネット胞子の種を植える。
273,萌目プラネット胞子,#c0aba1d食べる#nと15体力を回復。#c0aba1d蛍光BUFF#nを獲得、夜目BUFFまたはくらくらBUFFを獲得するチャンスがある。,萌え目プラネット空島の下の日陰に生える。萌目プラネット胞子の種を植える。
274,萌目プラネット胞子,#c0aba1d食べる#nと15体力を回復。#c0aba1d蛍光BUFF#nを獲得、夜目BUFFまたはくらくらBUFFを獲得するチャンスがある。,萌え目プラネット空島の下の日陰に生える。萌目プラネット胞子の種を植える。
275,萌目プラネット胞子,#c0aba1d食べる#nと15体力を回復。#c0aba1d蛍光BUFF#nを獲得、夜目BUFFまたはくらくらBUFFを獲得するチャンスがある。,萌え目プラネット空島の下の日陰に生える。萌目プラネット胞子の種を植える。
276,萌目プラネット胞子,#c0aba1d食べる#nと15体力を回復。#c0aba1d蛍光BUFF#nを獲得、夜目BUFFまたはくらくらBUFFを獲得するチャンスがある。,萌え目プラネット空島の下の日陰に生える。萌目プラネット胞子の種を植える。
277,萌目プラネット胞子,#c0aba1d食べる#nと15体力を回復。#c0aba1d蛍光BUFF#nを獲得、夜目BUFFまたはくらくらBUFFを獲得するチャンスがある。,萌え目プラネット空島の下の日陰に生える。萌目プラネット胞子の種を植える。
278,萌目プラネット胞子,#c0aba1d食べる#nと15体力を回復。#c0aba1d蛍光BUFF#nを獲得、夜目BUFFまたはくらくらBUFFを獲得するチャンスがある。,萌え目プラネット空島の下の日陰に生える。萌目プラネット胞子の種を植える。
279,萌目プラネット胞子,#c0aba1d食べる#nと15体力を回復。#c0aba1d蛍光BUFF#nを獲得、夜目BUFFまたはくらくらBUFFを獲得するチャンスがある。,萌え目プラネット空島の下の日陰に生える。萌目プラネット胞子の種を植える。
280,萌目プラネット胞子,#c0aba1d食べる#nと15体力を回復。#c0aba1d蛍光BUFF#nを獲得、夜目BUFFまたはくらくらBUFFを獲得するチャンスがある。,萌え目プラネット空島の下の日陰に生える。萌目プラネット胞子の種を植える。
281,萌目プラネット胞子,#c0aba1d食べる#nと15体力を回復。#c0aba1d蛍光BUFF#nを獲得、夜目BUFFまたはくらくらBUFFを獲得するチャンスがある。,萌え目プラネット空島の下の日陰に生える。萌目プラネット胞子の種を植える。
282,萌目プラネット胞子,#c0aba1d食べる#nと15体力を回復。#c0aba1d蛍光BUFF#nを獲得、夜目BUFFまたはくらくらBUFFを獲得するチャンスがある。,萌え目プラネット空島の下の日陰に生える。萌目プラネット胞子の種を植える。
283,萌目プラネット胞子,#c0aba1d食べる#nと15体力を回復。#c0aba1d蛍光BUFF#nを獲得、夜目BUFFまたはくらくらBUFFを獲得するチャンスがある。,萌え目プラネット空島の下の日陰に生える。萌目プラネット胞子の種を植える。
284,萌目プラネット胞子,#c0aba1d食べる#nと15体力を回復。#c0aba1d蛍光BUFF#nを獲得、夜目BUFFまたはくらくらBUFFを獲得するチャンスがある。,萌え目プラネット空島の下の日陰に生える。萌目プラネット胞子の種を植える。
285,萌目プラネット胞子,#c0aba1d食べる#nと15体力を回復。#c0aba1d蛍光BUFF#nを獲得、夜目BUFFまたはくらくらBUFFを獲得するチャンスがある。,萌え目プラネット空島の下の日陰に生える。萌目プラネット胞子の種を植える。
286,変異体萌目プラネット胞子茎,@item_227#または@item_226#と接触して異変した@item_261#,
287,玉なし鋸歯状シダ,#c0aba1dレッドランズ#n固有の古代植物で、葉には極めて鋭い鋸歯があり、一度体に付着すると振り払うのが困難な#c0aba1d刺玉#nを持つものもあります。#r遭遇したら回り込んで、特に手ぶらで触らないようにしてください,
288,玉あり鋸歯状シダ,#c0aba1d赤土#n固有の古代植物で、葉には極めて鋭い鋸歯があり、一度体に付着すると振り払うのが困難な#c0aba1d刺玉#nを持つものもあります。#r遭遇したら回り込んで、特に手ぶらで触らないようにしてください,
289,鋸歯状砂利壁,#c0aba1d刺茎#nを巻き付けたことで、砂利壁の防御力が大幅に向上し、モンスターを止めるだけでなく、跳ね返すことができるようになった#r#c0aba1d ポイント#n: 飼育動物にはお勧めできません。,職人台で加工すると入手可能
290,鋸歯状ラピスウォール,#c0aba1d刺茎#nを巻き付けたことで、ラピスウォールの防御力が大幅に向上し、モンスターを止めるだけでなく、跳ね返すことができるようになった#r#c0aba1d ポイント#n: 飼育動物にはお勧めできません。,職人台で加工すると入手可能
291,鋸歯状惑星岩石ウォール,#c0aba1d刺茎#nを巻き付けたことで、惑星岩石ウォールの防御力が大幅に向上し、モンスターを止めるだけでなく、跳ね返すことができるようになった#r#c0aba1d ポイント#n: 飼育動物にはお勧めできません。,職人台で加工すると入手可能
292,ココナッツの苗木,ココナッツを地面に植えてから育つ苗は、しばらくするとココナッツの木に成長するそうです,
294,巨大ココナッツリーフ,このくらいの大きさの葉っぱなら、#c0aba1d燃料#nとして使えば長く燃えそうだ,
295,大きいココナッツ,#c0aba1d食べて#nスタミナ回復15、 #c0aba1d土ピット#nに植えてココナッツの木に成長できる。#r#c0aba1dココナッツの木#nには大きな実をつける、その下に立たないように注意、やられると面白くないよ!,
296,変異巨大ココナッツリーフ,赤土の影響を受けて葉っぱ全体の色が大きく変わり、内部に不安定な物質が大量に溜まっているので、#c0aba1d燃料#nとして使うと長く燃えるようです。,
297,変異巨大ココナッツ,ココナッツも#c0aba1d赤土#nの影響で変化し、内部に不安定な物質が大量に集まり、成長を続けることが不可能になり、食べられなくなっている#r 海賊は異質なココナッツで#c0aba1d 砲弾#nを作って楽しんでいるらしい、試してみてくれ!,
298,小さな燃え盛る松明,置くと一定時間燃え続けて周囲を照らし、その後消えますが、直火に接すると再点火が可能。例えば、#c0aba1d小さな燃え盛る松明#nを持っていて、#c0aba1d消えた松明#nをクリックするか、#c0aba1d消えた松明#nを持っていて、燃えている#c0aba1d 焚き火#nをクリックすると、再び点火することができます。#r補足：小さな松明は雨に濡れるので、#c0aba1d雨の日に#nは点火できません。,
299,消えていった小さな松明,消えた松明、直火に接すると再点火が可能。例えば、#c0aba1d小さな燃え盛る松明#nを持っていて、#c0aba1d消えた松明#nをクリックするか、#c0aba1d消えた松明#nを持っていて、燃えている#c0aba1d 焚き火#nをクリックすると、再び点火することができます。#r補足：小さな松明は雨に濡れるので、#c0aba1d雨の日に#nは点火できません。,
300,風鈴草,花冠や高級食材に加工できるほか、職人台で花の種に加工できる#r 手持ちで#c0aba1dかかし#nを誘導することもできる,フィールドで収集可能。土ピットに風鈴草の種を植えて入手できる。
301,ワカメ,高級食材に加工できるほか、職人台によって花の種に加工することもできる,フィールドで収集可能。土ピットにワカメの種を植えて入手できる。
302,スターフラワー,高級食材に加工できるほか、職人台によって花の種に加工することもできる,フィールドで収集可能。土ピットにスターフラワーの種を植えて入手できる。
303,ドラゴンズブラッドフラワー,高級食材に加工できるほか、職人台によって花の種に加工することもできる,フィールドで収集可能。土ピットにドラゴンズブラッドフラワーの種を植えて入手できる。
304,ヒヤシンス,高級食材に加工できるほか、職人台によって花の種に加工することもできる,フィールドで収集可能。土ピットにヒヤシンスの種を植えて入手できる。
305,ハタガヤ,高級食材に加工できるほか、職人台によって花の種に加工することもできる,フィールドで収集可能。土ピットにハタガヤの種を植えて入手できる。
306,リュウケツジュ,高級食材に加工できるほか、職人台によって花の種に加工することもできる,フィールドで収集可能。土ピットにリュウケツジュの種を植えて入手できる。
307,レッドアガベ,高級食材に加工できるほか、職人台によって花の種に加工することもできる,フィールドで収集可能。土ピットにレッドアガベの種を植えて入手できる。
308,オレンジアガベ,高級食材に加工できるほか、職人台によって花の種に加工することもできる,フィールドで収集可能。土ピットにオレンジアガベの種を植えて入手できる。
309,グレイアガベ,高級食材に加工できるほか、職人台によって花の種に加工することもできる,フィールドで収集可能。土ピットにグレイアガベの種を植えて入手できる。
310,ピンクアガベ,高級食材に加工できるほか、職人台によって花の種に加工することもできる,フィールドで収集可能。土ピットにピンクアガベの種を植えて入手できる。
311,ホワイトココナッツフラワー,高級食材に加工できるほか、職人台によって花の種に加工することもできる,フィールドで収集可能。土ピットにホワイトココナッツフラワーの種を植えて入手できる。
312,黄色い鈴蘭,高級食材に加工できるほか、職人台によって花の種に加工することもできる,フィールドで収集可能。土ピットに黄色い鈴蘭の種を植えて入手できる。
313,野ばら,高級食材に加工できるほか、職人台によって花の種に加工することもできる,フィールドで収集可能。土ピットに野ばらの種を植えて入手できる。
314,紅藻,紅藻のパワーポーションを作るための重要な素材,#c0aba1d深海#nの底で育ち、温泉の近くで微光を放つ。
315,バージョンが古い,,
316,バージョンが古い,,
317,バージョンが古い,,
318,バージョンが古い,,
319,バージョンが古い,,
320,バージョンが古い,,
321,ピーチヒープ,美しくていい匂い。,#c0aba1d桃の森#nに出現。シャベルなどの工具で集めて入手できる。
322,花ヒープ,花が散るとき、また君に会える,#c0aba1d桃の森#nに出現。シャベルなどの工具で集めて入手できる。
323,葉の山,木が倒れるときになる,#c0aba1d桃の森#nに出現。シャベルなどの工具で集めて入手できる。
324,チェーリの木の果実,熟したチェーリを含む葉を破壊してチェーリを得ることができる。,
325,落葉松の実,熟した松の実を含む葉を破壊し、松の実を得ることができる。,
326,高木の実,熟した高木の実を含む葉、高木の実を得るために破壊する。,
327,珍木の実,熟した酸素コーンを含む葉、酸素コーンを得るために破壊する。,
328,レッドシダーの実,熟したレッドシダーの実を含む葉、レッドシダーの実を得るために破壊する。,
329,クルミの実,熟したクルミを含む葉、クルミを得るために破壊する。,
330,マホガニーの実,熟した桃を含む葉、桃を得るために破壊する。,
331,ポプラの実,ポプラの熟した実を含む葉、ポプラの実を得るために破壊する。,
332,太い桜の木の枝,@item_800#で様々な道具や道具に加工することができ、燃料#r用#c0aba1d斧類の道具#n迅速に伐採することができる,斧類の道具に#c0aba1dをはめ込んで完全に#nルーンを獲得した後、伐採して獲得した
333,細い桜の木の枝,@item_800#で様々な道具や道具に加工したり、燃料#r用#c0aba1d斧類の道具#n素早く伐採したり、雪だるま#c0aba1d鼻にしたりでき#n,斧類の道具に#c0aba1dをはめ込んで完全に#nルーンを獲得した後、伐採して獲得した
334,太いカラマツの枝,@item_800#で様々な道具や道具に加工することができ、燃料#r用#c0aba1d斧類の道具#n迅速に伐採することができる,斧類の道具に#c0aba1dをはめ込んで完全に#nルーンを獲得した後、伐採して獲得した
335,細いカラマツの枝,@item_800#で様々な道具や道具に加工したり、燃料#r用#c0aba1d斧類の道具#n素早く伐採したり、雪だるま#c0aba1d鼻にしたりでき#n,斧類の道具に#c0aba1dをはめ込んで完全に#nルーンを獲得した後、伐採して獲得した
336,粗い珍しい木の枝,@item_800#で様々な道具や道具に加工することができ、燃料#r用#c0aba1d斧類の道具#n迅速に伐採することができる,斧類の道具に#c0aba1dをはめ込んで完全に#nルーンを獲得した後、伐採して獲得した
337,細い珍しい木の枝,@item_800#で様々な道具や道具に加工したり、燃料#r用#c0aba1d斧類の道具#n素早く伐採したり、雪だるま#c0aba1d鼻にしたりでき#n,斧類の道具に#c0aba1dをはめ込んで完全に#nルーンを獲得した後、伐採して獲得した
338,太いクルミの木の枝,@item_800#で様々な道具や道具に加工することができ、燃料#r用#c0aba1d斧類の道具#n迅速に伐採することができる,斧類の道具に#c0aba1dをはめ込んで完全に#nルーンを獲得した後、伐採して獲得した
339,細かいクルミの木の枝,@item_800#で様々な道具や道具に加工したり、燃料#r用#c0aba1d斧類の道具#n素早く伐採したり、雪だるま#c0aba1d鼻にしたりでき#n,斧類の道具に#c0aba1dをはめ込んで完全に#nルーンを獲得した後、伐採して獲得した
340,太い桃の木の枝,@item_800#で様々な道具や道具に加工することができ、燃料#r用#c0aba1d斧類の道具#n迅速に伐採することができる,斧類の道具に#c0aba1dをはめ込んで完全に#nルーンを獲得した後、伐採して獲得した
341,ファインピーチツリー小枝,@item_800#で様々な道具や道具に加工したり、燃料#r用#c0aba1d斧類の道具#n素早く伐採したり、雪だるま#c0aba1d鼻にしたりでき#n,斧類の道具に#c0aba1dをはめ込んで完全に#nルーンを獲得した後、伐採して獲得した
342,太いポプラの木の枝,@item_800#で様々な道具や道具に加工することができ、燃料#r用#c0aba1d斧類の道具#n迅速に伐採することができる,斧類の道具に#c0aba1dをはめ込んで完全に#nルーンを獲得した後、伐採して獲得した
343,細いポプラの木の枝,@item_800#で様々な道具や道具に加工したり、燃料#r用#c0aba1d斧類の道具#n素早く伐採したり、雪だるま#c0aba1d鼻にしたりでき#n,斧類の道具に#c0aba1dをはめ込んで完全に#nルーンを獲得した後、伐採して獲得した
344,トウモロコシ粉,料理の基本的な原料であり、多くの料理に使用することができる,職人台でトウモロコシを使った加工される
345,野生綿の苗,コットンの苗木,
346,ジャイアントホタテ,海中で育った大きな貝が時々海岸に打ち上げられ、水中で時々身を開き、運が良ければ中に#c0aba1d真珠#nが入っています!,
348,マンガンブロック,大量のマンガン団塊から作られる光り輝くブロック,
349,太い赤いモミの枝,@item_800#で様々な道具や道具に加工したり、燃料にしたりできます,斧類の道具に#c0aba1dをはめ込んで完全に#nルーンを獲得した後、伐採して獲得した
350,細いレッドモミの小枝,@item_800#で様々な道具や道具に加工したり、燃料にしたり、雪だるま#c0aba1d鼻にしたりでき#n,斧類の道具に#c0aba1dをはめ込んで完全に#nルーンを獲得した後、伐採して獲得した
351,ビームライン,,
352,スターエナジービーマー,#r#c0aba1dのスターエネルギー信号#nを受け、スターエネルギー信号を伝導し、#c0aba1d任意のスイッチボタン感知板#nでスイッチオンすると強度15のスターエネルギー信号ビームを出力する。,
353,NOTゲート,NOTゲートは、配置すると#c0aba1dのスターエネルギー信号#nを連続出力できます。NOTゲートの入力は、信号を受信してもスターエネルギー信号を出力せず、NOTゲートの出力は常に入力と逆になっています。,
354,ANDゲート,#c0aba1dスターエネルギー信号#nが出力されるには、ANDゲートの両側の入力で#c0aba1dスターエネルギー信号#nを同時に受信する必要があります。,
355,ORゲート,ORゲートの両側の入力のうち1つが#c0aba1dスターエネルギー信号#nを受信すると、出力は#c0aba1dスターエネルギー信号#nを出力する。,
356,スターエナジーシャント,シャントの入力で信号を受信すると、オンになっている出力は受信した#c0aba1dスターエネルギー信号#nを出力し、各出力はインタラクティブに出力#nの#c0aba1dオン/オフ状態を切り替えられる。,
357,スターエナジータイムディレイ,配置後、再利用する場合は、スターエナジーの信号間隔#nを各ディマーフレームごとに+0.1秒に調整することができます。,
358,スイッチ,スイッチを押すと@item_352#及び@item_353#をオンにすることができる。,
359,感圧プレート-タッチ,置いた後、#c0aba1d圧力#nを受けた時、@item_352#及び@item_353#だけをオンにすることができる。,
360,感圧プレート-通常,置いた後、#c0aba1dアイテム以外の圧力#nを受けた時、@item_352#及び@item_353#だけをオンにすることができる。,
361,感圧プレート-生物,置いた後、#c0aba1d生物の圧力#nを受けた時（キャラクターの圧力を探知不可）、@item_352#及び@item_353#だけをオンにすることができる。,
362,感圧プレート-砂石,置いた後、#c0aba1dアイテム以外の圧力#nを受けた時、@item_352#及び@item_353#だけをオンにすることができる。,
363,ボタン-タッチ,@item_352#及び@item_353#だけをオンにすることができ、#c0aba1dブロックの側面#nしか置けず、圧力を探知できる。#r@item_11070#を使用すると#c0aba1dループ#nモードになり、インターバルで#c0aba1dのオン/オフの切替が実現できる#n。,
364,ボタン-通常,@item_352#及び@item_353#だけをオンにすることができ、#r#c0aba1dブロックの側面#nしか置けず、クールダウンが速い。#r@item_11070#を使用すると#c0aba1dループ#nモードになり、インターバルで#c0aba1dのオン/オフの切替が実現できる#n。,
365,スターエナジーバリア,バリアでは、ブロッカーは入力信号#c0aba1dを#nで半分にして出力します。 ブロッカーはインタラクションしてブロッキングレベルを切り替えることができ、それぞれ異なる減少値で切り替えられます。,
366,スターエナジーカウンター,カウンターの後方入力でスターエネルギー信号を受信するごとに、カウンターで記録した数を1加算し、側方入力でスターエネルギー信号を受信すると、カウンターで記録した数に応じて対応する値の信号強度を出力する。,
367,機械アーマー,スターエネルギーの信号を受けた後、機械アーマーは1マス伸びる。スターエネルギーが切断されたら、機械アーマーは元に戻る。#r#c0aba1dスターエネルギー切断#nの状態で@item_11070#を使用すれば、信号モードになる。このモードでは、#c0aba1dスターエネルギー信号の強さ#nに応じて、伸びるマス数も変わる。#r伸びる過程において、ブロックにぶつかった場合、#c0aba1dブロックを押しのける#nことができる。,
368,プッシュアーマー,スターエネルギーの信号を受けた後、機械アーマーは1マス伸びる。スターエネルギーが切断されたら、機械アーマーは元に戻る。#r#c0aba1dスターエネルギー切断#nの状態で@item_11070#を使用すれば、信号モードになる。このモードでは、#c0aba1dスターエネルギー信号の強さ#nに応じて、伸びるマス数も変わる。#r伸びる過程において、ブロックにぶつかった場合、#c0aba1dブロックを摑まえる#nことができる。,
369,コレクションパイプ,#c0aba1d大開口端#nから#c0aba1d小開口端#nへの回収・移設が可能です。,
370,伝送用パイプライン,入荷した物を#c0aba1d転送口#nに転送することができます。,
371,検査用パイプライン,入ってきたアイテムは、#c0aba1d転送口#nに転送することができ、#c0aba1dスターエネルギー信号#nは転送アイテムごとに1回放射され、通過可能な転送アイテムは検出パイプラインインターフェースで選択することができます。,
372,スターエナジー スーパーチャージャー,スターエネルギー信号を受信すると、#c0aba1dがブースター#nに投げ込まれる、#c0aba1dのスターエネルギー信号の強さ#nで投げ込みの強さが決定する,#c0aba1dゲーム内の行動を真似ないでください#n
373,ロック付きドア,@item_12709#がないと開かないドア,
374,スターエネルギー比較器,#c0aba1d比較モード：#n入力されたスターエネルギー信号を比較する。バックエンドのスターエネルギー強度#c0aba1d≥#nサイドエンドのスターエネルギー強度の場合のみ、スターエネルギー信号を出力する。#r#c0aba1dランダムモード：#nバックエンドしかスターエネルギー信号が存在しない場合、出力エンドは#c0aba1dランダム強度#nのスターエネルギー信号を出力する。サイドエンドとバックエンドに同時にスターエネルギー信号が存在する場合、複数の信号の中から#c0aba1dランダムに選択#nして出力する。#r@item_11070#を使用すれば、出力モードを変えることができる。#r機械の上でも有効。,
375,レモンイエローの板,木造建築に広く使われる基本的な建材。,職人台でレモンイエローの塗料で塗装して加工する
376,レモンイエローの階段,無垢材を使用した階段は、角度を変えて設置することで様々な方向性を持たせることができます。,職人台でレモンイエローの塗料で塗装して加工する
377,レモンイエローの薄い板,1/4ガロンの木ブロックの薄板、厚さを変えて積み重ね可能,職人台でレモンイエローの塗料で塗装して加工する
378,高木の実,#c0aba1d食べると#nライフを15回復し、短距離ジャンプを与える。,ミラプラネットの雨林の高木に生えた果実は、食べると高木の実を得ることができる。
379,高木の実ブロック,雨林の高木の上で育つ果実,@Null@
380,低木の茂みの苗木,#c0aba1d土ピットに植える#nと、しばらくして茂みに成長します。,
382,雨林高木の苗木,#c0aba1d土ピットに植える#nと、しばらくして雨林高木に成長します。,
383,バナナの木の苗木,#c0aba1d土ピットに植える#nと、しばらくしてバナナの木に成長します。,バナナの葉を破壊すると一定の確率で落ちる
384,バナナの木の葉,装飾に使用でき、破壊時にバナナの苗木を落とす可能性がある,
385,バナナブロック,おいしいバナナ。サルを懐かせることができる,@Null@
386,バナナの木の幹,バナナの木の幹。装飾に使える,@Null@
387,スターエナジーアルゴリズム,#c0aba1d後端入力#nからのスターエナジー信号と#c0aba1d左右端入力#nからのスターエナジー信号を#c0aba1d加算・減算操作#n後に出力できる。 #rを配置し再度使用した後、加減算モードを切り替えることができる。,
390,花模様の細柱,特殊なブロック。1マス内に複数設置でき、建築の可能性を広げる,@Null@
392,低木の茂み,雨林の中で育つ低木。トゲに刺されるとジャンプができなくなりダメージを受ける,@Null@
394,スターライトの粉の葉,スターライトを吸収した葉っぱ、晴れた夜に出現する。#c0aba1d雪だるまの頭飾り#nにもなれる,
395,雨林高木の葉,@item_1200#の燃料や酸素製造の原料として使える。#c0aba1d雪だるまの頭飾り#nにもなれる,
396,雨林の芯高木,中に雨林の芯のカケラをはめ込んだ高木,@Null@
397,苔,湿って水分が豊富な苔は、その上に立つと滑って落ちるので注意が必要だ。破壊すると@item_11595##rをドロップする。陽ざしの届かない所に生えてくる,
398,草木灰ブロック,栄養豊富で肥沃な大地は、植物をより早く成長させます。,
399,草木灰畑,作物が早く育つ肥沃な土地,
400,炎鉱石,錬金台で#c0aba1d炽炎#nにする。#r#c0aba1dミスリルのツルハシ#n以上のつるはし型ツールで採掘することができる。,レアな鉱石で、#c0aba1d炎プラネットの深いところ#nで出現する可能性があります。
401,ミスリル鉱石,錬成台で焼成し、ミスリルを作ることができる,地下の岩盤によく含まれる鉱物
402,コンデンスエナジー鉱石,燃料として使用でき、#c0aba1d ツルハシ#nで素早く採掘することができる。,地上にも存在し、地下の岩盤に多く存在することになる鉱石。
403,カヤナイト鉱石,#c0aba1dミスリルのツルハシ#n以上で採掘する。,レアな鉱石で、地下の岩盤#c0aba1d深いところ#nに存在する可能性がある。
404,タングステン鉱石,#c0aba1dチタンのツルハシ#n以上で採掘する。,超レアな鉱石で、#c0aba1d萌え目プラネット#nで存在する可能性がある。
405,スターエナジー鉱石,#c0aba1dミスリルのツルハシ#n以上で採掘する。,#c0aba1d炎プラネットの深いところ#nで出現する可能性があります。
406,琥珀色の原石,#c0aba1d銅のツルハシ#n以上で採掘する。,レアな鉱石で、地下の岩盤#c0aba1dとても深いところ#nに存在する可能性がある。
407,雲母鉱石,#c0aba1d鉱石のツルハシ#n以上で採掘する。,超レアな鉱石で、#c0aba1d炎プラネット#nで存在する可能性がある。
408,タングステンブロック,大量のタングステンを加工して、黒光りするブロックにしたもの,
409,琥珀色のブロック,数百万年の時を秘めた純粋な琥珀,
410,炎色のブロック,大量の炎で加工され、赤く輝くブロック,
411,ミスリルのブロック,大量のミスリルを使って合成する、冷たい光を放つブロック,
412,雲母ブロック,見た目が美しい建築素材,
413,模様雲母ブロック,花模様の建築素材,
414,縦雲母ブロック,ストライプ模様の建築素材,
415,スターエナジーブロック,放置後、持続的に#c0aba1dスターエナジー信号#nを出力する機能は機械に適用される。,
416,コンデンスエナジーブロック,大量の@item_11201#を使って合成する、熱エネルギーを持ったブロック。#c0aba1d蛍光キノコ#nを育成に適した環境。,
417,カヤナイトブロック,大量のカヤナイトを使って合成する、見た目の美しいブロック。,
418,フローリング,果樹の板を合成した木製装飾ブロック。,
419,オータムリーフオレンジのフローリング,"カラマツのフローリング材
合成した装飾ブロック。",
420,ベゴニアのフローリング,セコイアのフローリング材合成した装飾ブロック。,
421,土レンガ,土ブロックで作った建築素材。,
422,粗い岩石レンガ,岩石ブロックで作った建築素材。,
423,粗悪品砂レンガ板,岩石ブロックと砂ブロックで作った建築素材。,
424,リファイン砂レンガ板,精製石レンガと砂ブロックで作った装飾ブロック。,
425,タイル,非精製石レンガと砂ブロックで作った装飾ブロック。,
426,横縞タイル,タイルで作った建築素材。,
427,縦縞タイル,タイルで作った石の装飾ブロック。,
428,4ブロックタイル,タイルで作った石の装飾ブロック。,
429,不規則タイル,タイルで作った石の装飾ブロック。,
430,氷レンガ,氷で作った建築素材。堅くてきめが粗い。,
431,風鈴草の種,土ピットに#c0aba1d植える#nと風鈴草が生えてくる。,
432,ワカメの種,土ピットに#c0aba1d植える#nとワカメが生えてくる。,
433,スターチスの種,土ピットに#c0aba1d植える#nとスターチスが生えてくる。,
434,ドラセナの種,土ピットに#c0aba1d植える#nとドラセナが生えてくる。,
435,ヒヤシンスの種,土ピットに#c0aba1d植える#nとヒヤシンスが生えてくる。,
436,ハタガヤの種,土ピットに#c0aba1d植える#nとハタガヤが生えてくる。,
437,リュウケツジュの種,土ピットに#c0aba1d植える#nとリュウケツジュが生えてくる。,
438,赤色リュウゼツランの種,土ピットに#c0aba1d植える#nと赤色リュウゼツランが生えてくる。,
439,橙色リュウゼツランの種,土ピットに#c0aba1d植える#nと橙色リュウゼツランが生えてくる。,
440,灰色リュウゼツランの種,土ピットに#c0aba1d植える#nと灰色リュウゼツラン（灰）が生えてくる。,
441,桃色リュウゼツランの種,土ピットに#c0aba1d植える#nと桃色リュウゼツランが生えてくる。,
442,ホワイトココナッツの花の種,土ピットに#c0aba1d植える#nとホワイトココナッツの花が生えてくる。,
443,黄色い鈴蘭の種,土ピットに#c0aba1d植える#nと黄色い鈴蘭が生えてくる。,
444,野ばらの種,土ピットに#c0aba1d植える#nと野ばらが生えてくる。,
445,星銅鉱石,#c0aba1dチタン製ツルハシ#n以上で採掘すること。,#c0aba1d萌え目プラネット空島#nの地層で出現する可能性ある
446,紫蛍鉱石,#c0aba1d星銅ドリルビット#n 以上で採掘可能。,#c0aba1d萌え目プラネット空島の山地#nの内部で出現する可能性ある
447,神秘化石,萌目プラネットの歴史の証人。先人が残した宝物を獲得できるかもしれない,@Null@
448,石油ブロック,錬金燃料として使用可能。#c0aba1d ミスリルのツルハシ#n 以上で採掘される。,海底の細かい砂に埋もれ、黒く湧き上がる
449,星銅石のブロック,大量の星銅石を使って合成する、キラキラ光るブロック。,
450,紫蛍石のブロック,大量の星銅石を使って合成する、キラキラ光るブロック。,
451,銅合金鉱,銅は製錬台で錬成でき、#c0aba1d ツルハシ#nで素早く採掘できる。,地下の岩盤によく含まれる鉱物
452,チタン合金鉱石,item_11330#を製錬台で燃やし、@item_11013#以上のつるはしで採掘できるようになります。,火山島や空洞島の産出物に多く含まれるレアな鉱物
453,攻撃のルーン鉱石,#c0aba1d銅ツルハシ#n以上で採掘すると攻撃用ルーンストーンが得られ、ツルハシのレベルが高いほど、高レベルのルーンストーンが得られる確率が高くなります。,
454,防御のルーン鉱石,#c0aba1d銅のツルハシ#n以上で採掘すると攻撃用ルーンストーンが得られ、ツルハシのレベルが高いほど、高レベルのルーンストーンが得られる確率が高くなります。,
455,効率のルーン鉱石,#c0aba1d銅のツルハシ#n以上で採掘すると攻撃用ルーンストーンが得られ、ツルハシのレベルが高いほど、高レベルのルーンストーンが得られる確率が高くなります。,
456,銅ブロック,大量の銅削り出し、普通的なブロック,
457,チタン合金ブロック,大量のチタンを高貴なブロックに加工したもの,
458,サボテンの小さな苗,サボテンの小さな苗,
459,サボテンの苗,サボテンの苗,
460,サボテンの花,サボテンの花,
461,サボテンの実,サボテンの実,
462,ダチョウの卵,ダチョウの卵は、生命が孵化するのか?,繁殖状態に入った#c0aba1dダチョウ#n近くの巣で卵を産む
463,サボテン枝,サボテンの枝,
464,菌類,きのこの植物の初期段階では、彼らはまだ成熟していないので、彼らは破壊されたときに何かを落とさないでしょう。,
465,マゼンタ有毒マッシュルーム,#c0aba1d食べると#nスタミナ15回復。#r美しい外見の下には恐ろしい致命的な危機が潜んでいる、無差別に食べては悪食に気をつけろ,
466,萌目プラネット胞子飼料,地面に置いてドードー鳥が食べると、ある確率で#c0aba1d飛び鶏に変異する#n,#c0aba1d図面 - 変異技術 #nを使用した後、職人台でアンロックする。
467,変異したたけのこ飼料,地面に置いてドードー鳥が食べると、ある確率で#c0aba1dバトル鳥に変異する#n,#c0aba1d図面 - 変異技術 #nを使用した後、職人台でアンロックする。
468,変異した赤いシソの飼料,地面に置いてドードー鳥が食べると、ある確率で#c0aba1d叫び鶏に変異する#n,#c0aba1d図面 - 変異技術 #nを使用した後、職人台でアンロックする。
469,野生綿の木,健康な綿の木,@Null@
470,疑問符ブロック,あまり役に立たなさそうな謎のブロック。,
471,疑問符ブロック,あまり役に立たなさそうな謎のブロック。,
472,疑問符ブロック,あまり役に立たなさそうな謎のブロック。,
473,疑問符ブロック,あまり役に立たなさそうな謎のブロック。,
474,疑問符ブロック,あまり役に立たなさそうな謎のブロック。,
475,疑問符ブロック,あまり役に立たなさそうな謎のブロック。,
476,ポプラの苗木,ポプラの苗木,
477,ポプラ,胡楊の幹は、@item_800#で@item_11323#に加工でき、装飾にも燃料にも使える,
478,太いポプラの枝,@item_800#で様々な道具や道具に加工することができ、燃料#r用#c0aba1d斧類の道具#n迅速に伐採することができる,斧類の道具に#c0aba1dをはめ込んで完全に#nルーンを獲得した後、伐採して獲得した
479,細いポプラの枝,@item_800#で様々な道具や道具に加工したり、燃料#r用#c0aba1d斧類の道具#n素早く伐採したり、雪だるま#c0aba1d鼻にしたりでき#n,斧類の道具に#c0aba1dをはめ込んで完全に#nルーンを獲得した後、伐採して獲得した
480,ポプラの葉,@item_1200#の燃料や酸素製造の原料として使える#r#c0aba1d破壊#nされた後、一定の確率で@item_11421#がドロップされる。#c0aba1d斧タイプのツール#nで採取する場合、一定の確率で完全な葉を獲得する。#c0aba1d雪だるまの頭飾り#nにもなれる,
481,ポプラの花,ポプラの木に咲く花,
482,ポプラの涙,ポプラの枯れ木の幹から凝縮された白い結晶。,
483,壁画,古代人が残した壁画の一角。 図案を完成させてみよう!,
484,テント,砂漠で唯一指定されたシェルターアイテムで、砂嵐で破損し、#c0aba1d柔らかい皮#nを使って修理が必要。,
485,サンゴの幼生,サンゴの幼生状態,
486,ツノサンゴ,#c0aba1d光量の強い#n場所でも育ちやすい、脱水すると徐々に白くなる#r#c0aba1dサンゴの家具やカラー釣竿にできる#n#r ヒント：#c0aba1d赤土や赤砂#nに置いたサンゴは生き続けることができる！,
487,アルビノツノハナサンゴ,サンゴは活性を失い、徐々に白化するため、新しい#c0aba1dサンゴのポリプ#nを充填して生き返らせる。,
488,バブルサンゴ,#c0aba1d光量の多い#n場所でも育ちやすい、脱水すると徐々に白くなる#r#c0aba1dサンゴの家具やカラー釣竿にできる#n#r ヒント：#c0aba1d赤土や赤砂#nに置いたサンゴは生き続けることができる！,
489,アルビノバブルサンゴ,サンゴは活性を失い、徐々に白化するため、新しい#c0aba1dサンゴのポリプ#nを充填して生き返らせる。,
490,ディスクサンゴ,#c0aba1d光量の弱い#n場所でも育ちやすい、脱水すると徐々に白くなる#r#c0aba1dサンゴの家具やカラー釣竿にできる#n#r ヒント：#c0aba1d赤土や赤砂#nに置いたサンゴは生き続けることができる！,
491,アルビノディスクサンゴ,サンゴは活性を失い、徐々に白化するため、新しい#c0aba1dサンゴのポリプ#nを充填して生き返らせる。,
492,樹木のサンゴ,#c0aba1d光量の少ない#n場所でも育ちやすい、脱水すると徐々に白くなる#r#c0aba1dサンゴの家具やカラー釣竿にできる#n#r ヒント：#c0aba1d赤土や赤砂#nに置いたサンゴは生き続けることができる！,
493,アルビノツリーサンゴ,サンゴは活性を失い、徐々に白化するため、新しい#c0aba1dサンゴのポリプ#nを充填して生き返らせる。,
494,蛍光スティックアリス苗,蛍光スティックアリスの幼生、蛍光体はまだ成熟しておらず発光できない,
495,蛍光スティック藻類,集めると#c0aba1d蛍光スティック#nが手に入る,海中の暗闇で成長し、明るい光を放つ成熟した蛍光スティック藻類
496,光る蛍光スティックブロック,光るグロウスティックが挿入され、ブロックが作られる,
497,劣化した蛍光スティックのブロック,消耗したグロースティックを差し込んで作るブロック,
498,カラーミキシングスタンド,その上に#c0aba1d塗料用ボトル#nの異なるボトルを注いで、カラフルなミックスを作りましょう。 ペンキのボトルをリサイクルできる数だけ注ぎ、それが嫌なら#c0aba1dボトルの水#nを注げばすべての悩みが解決する!,職人台で加工して得られたもの
499,虚空宝の缶,この華やかな宝の缶には、たくさんの宝物が詰まっているようだ。,
500,火,燃える火,【【火遊びは禁止！！】】
501,岩石レンガ,岩石で作った建築素材。,
502,割れ目岩石レンガ,ヒビ模様のある建築素材。,
503,苔岩石レンガ,一面に苔が生えた建築素材。,
504,花紋の岩石レンガ,花模様の建築素材。,
505,石ブロック,つるはし工具で素早く切り出すことができる石でできた砕石ブロック,
506,青岩石薄板,1/4ガロンの石ブロックの薄板、厚さを変えて積み重ね可能,職人台で青岩石で加工する
507,砂レンガ薄板,1/4ガロンの石ブロックの薄板、厚さを変えて積み重ね可能,職人台で砂レンガで加工する
508,カラーミキシングスタンド（壁）,異なる#c0aba1d塗料用ボトル#nをかけると、好きなだけ色を混ぜることができます。#rリサイクルできる数だけ絵の具のボトルを注ぎ、それが嫌なら#c0aba1dボトルの水#nを注ぎ、すべての悩みを解決しよう!,
509,石ブロックの薄板,1/4ガロンの石ブロックの薄板、厚さを変えて積み重ね可能,職人台で石で加工する
510,セメントレンガの薄板,1/4ガロンの石ブロックの薄板、厚さを変えて積み重ね可能,職人台でセメントレンガで加工する
511,精製石レンガの薄板,1/4ガロンの石ブロックの薄板、厚さを変えて積み重ね可能,職人台で岩石で加工する
512,硫黄レンガの薄板,1/4ガロンの石ブロックの薄板、厚さを変えて積み重ね可能,職人台で硫黄レンガで加工する
513,雲母薄板,1/4ガロンの石ブロックの薄板、厚さを変えて積み重ね可能,職人台で雲母で加工する
514,薄板,1/4ガロンの木ブロックの薄板、厚さを変えて積み重ね可能,職人台で木で加工する
515,オータムリーフオレンジの薄板,1/4ガロンの木ブロックの薄板、厚さを変えて積み重ね可能,職人台にオータムリーフオレンジ顔料で作る
516,薄白いの薄板,1/4ガロンの木ブロックの薄板、厚さを変えて積み重ね可能,職人台に薄白い顔料で作る
517,ベゴニアの薄板,1/4ガロンの木ブロックの薄板、厚さを変えて積み重ね可能,職人台にベゴニア顔料で作る
518,サンセットオレンジの薄板,1/4ガロンの木ブロックの薄板、厚さを変えて積み重ね可能,職人台にサンセットオレンジ顔料で作る
519,深い栗色の薄板,1/4ガロンの木ブロックの薄板、厚さを変えて積み重ね可能,職人台に深い栗色顔料で作る
520,階段,無垢材の階段は、角度を変えて設置することで様々な方向性を持たせることができる,職人台で木で加工する
521,オータムリーフオレンジの階段,無垢材の階段は、角度を変えて設置することで様々な方向性を持たせることができる,職人台にオータムリーフオレンジ顔料で作る
522,薄白いの階段,無垢材の階段は、角度を変えて設置することで様々な方向性を持たせることができる,職人台に薄白い顔料で作る
523,ベゴニアの階段,無垢材の階段は、角度を変えて設置することで様々な方向性を持たせることができる,職人台にベゴニア顔料で作る
524,サンセットオレンジの階段,無垢材の階段は、角度を変えて設置することで様々な方向性を持たせることができる,職人台にサンセットオレンジ顔料で作る
525,深い栗色の階段,無垢材の階段は、角度を変えて設置することで様々な方向性を持たせることができる,職人台に深い栗色顔料で作る
526,ミスリルのフェンス,飛び越えることができないミスリルのフェンス。,
527,黄色いレンガの階段,石製の階段は、角度を変えて設置することで様々な方向性を持たせることができる,職人台で黄色いレンガで加工する
529,石ブロックの階段,石製の階段は、角度を変えて設置することで様々な方向性を持たせることができる,職人台で石で加工する
530,灰砂レンガの階段,石製の階段は、角度を変えて設置することで様々な方向性を持たせることができる,職人台でセメントレンガで加工する
531,精製石レンガの階段,石製の階段は、角度を変えて設置することで様々な方向性を持たせることができる,職人台で岩石で加工する
532,硫黄レンガの階段,石製の階段は、角度を変えて設置することで様々な方向性を持たせることができる,職人台で硫黄レンガで加工する
533,石英の階段,石製の階段は、角度を変えて設置することで様々な方向性を持たせることができる,職人台で雲母で加工する
534,木のフェンス,飛び越えることができない木のフェンス。,
535,木のフェンスゲート,開閉できる木製のフェンスゲート。,
536,ダウンブロック,設置すると周囲の空間を照らす。,
537,硫黄レンガブロック,建築素材,職人台で硫黄レンガで加工する
538,硫黄レンガのフェンス,飛び越えることができないレンガのフェンス。,
539,ポプラの木のフェンス,飛び越えることができない木のフェンス。,
540,古い砂レンガ,砂レンガ板を合成した建築素材。,製錬台で焼成する
541,精製砂レンガ,砂レンガ薄板を合成した建築素材。,製錬台で焼成する
542,マンガンブロック薄板,1/4マスの高さを持つガロンの金属ブロックの薄板、重ねて高さを変えることができる,
547,セメントレンガブロック,建築素材,職人台でセメントレンガで加工する
548,岩石の囲い,飛び越えることができない石の囲い。,
549,青い石の囲い,飛び越えることができない青い石の囲い。,
550,蛍光結晶,配置すると周囲を照らす#r#c0aba1d バトル鳥#nはこのブロックの周囲を移動し、近くにいるモンスターを攻撃する。,
551,非精製石レンガのフェンス,飛び越えることができない石のフェンス。,
552,ポプラのフェンス,飛び越えることができない木のフェンス。,
553,木のフェンス,飛び越えることができない木のフェンス。,
554,銅のフェンス,飛び越えることができない銅のフェンス。,
555,木の窓,開閉できる木の窓。機械に適用される。,
556,ガラス窓,開閉できるガラス窓。,
557,ポプラガラス窓,開閉できるガラス窓。,
558,ハニーブロック,装飾ブロック。蜂蜜が水に触れると生成される。,
559,キャラメルブロック,@Null@,@Null@
560,結晶になった蜂蜜,@Null@,@Null@
561,焦げた蜂蜜,蜂蜜がマグマに触れると生成される。固体ですが、すでに非常に壊れやすい構造になっている#r踏むと壊れ始める。,
562,ルージュ木の板,木造建築に多用される基本的な建築材料。,職人台でルージュ色の顔料で加工する
563,竹板,竹でできた装飾素材。,職人台で竹で加工する
564,ルージュ色の薄板,1/4ガロンの木ブロックの薄板、厚さを変えて積み重ね可能,職人台でルージュ色の顔料で加工する
565,竹板の薄板,1/4ガロンの竹ブロックの薄板、厚さを変えて積み重ね可能,職人台で竹で加工する
566,ルージュ色の階段,無垢材の階段は、角度を変えて設置することで様々な方向性を持たせることができる,職人台でルージュ色の顔料で加工する
567,竹板の階段,竹製の階段は、角度を変えて設置することで様々な方向性を持たせることができる,職人台で竹で加工する
568,竹のフェンス,飛び越えることができない竹のフェンス。,@Null@
569,竹のフェンスゲート,開閉できる竹製のフェンスゲート。#c0aba1dスターエナジー信号#nでも開閉をコントロールできる。,@Null@
570,プラネット岩石の薄板,1/4ガロンの石ブロックの薄板、厚さを変えて積み重ね可能,職人台で萌え目プラネット石ブロックで加工する
571,プラネット岩石の階段,石製の階段は、角度を変えて設置することで様々な方向性を持たせることができる,職人台で萌え目プラネット石ブロックで加工する
572,プラネット岩石のフェンス,飛び越えることができない石のフェンス。,職人台で萌え目プラネット石ブロックで加工する
573,プラネット岩石のレンガ,建築素材,職人台で萌え目プラネット石ブロックで加工する
574,淡い石灰の薄板,1/4ガロンの木ブロックの薄板、厚さを変えて積み重ね可能,職人台で淡い石灰顔料で加工される。
575,淡い石灰の階段,無垢材の階段は、角度を変えて設置することで様々な方向性を持たせることができる,職人台で淡い石灰顔料で加工される。
576,淡い石灰のフェンス,飛び越えることができない木のフェンス。,
578,雨林神像,雨林の奥深くにある遺跡に隠されている。不完全な神像と雨林の眼が結合すると神廟をアクティベートできる。完全な神像は装飾として使える,@Null@
579,雨林高木,木の幹、装飾や燃料として使用可能,#c0aba1d斧具による高速伐採#nできる。
580,祭壇,対応するアイテムを捧げると、蛇の神からの贈り物がもらえる,@Null@
581,天気予報器,不思議な古代の科学技術で、未来の一定期間の天気を予報できる,@Null@
582,レオパード柄寝袋,暖かくて持ち運びに便利な寝袋、ロングウォークの必需品です#r日が落ちてから使うと、スリープモードに入り一晩中眠れます#r#c0aba1d夜をスキップする#n機械にも効果的です。,
583,神像台座,彫刻を施した台座。装飾に使える。,@Null@
584,毒液,腐食性の毒を含むブロック,@Null@
585,未知の記念碑,「古者」の文明の軌跡、記念碑に刻まれた文字は、破壊された後に散逸してしまった,
586,祭壇の石碑,「古者」の文明が残した手がかりの記録,@Null@
587,聖なる果実,火山の封印の鍵は果実の遺伝子に隠されており、封印を解くには残りの2つのセグメントを集める必要があります。,生命の黄金果実は、ミラプラネットの火山の祭壇の聖なる遺物のひとつと言われている
588,激しい炎の剣,古代の英雄たちが邪悪なモンスターと戦ったときに残した壊れた剣が、勇気の魔法と絡み合う,
589,ストーンマンズの目,石眼の記憶配列には、火山封印の鍵の一部が隠されており、封印を解くためには残りの2つの部分を集める必要がある。,
590,聖なる木の幹,割れ目からかすかな金色の光が出ている神聖な木の幹,@Null@
591,聖木の種,黄金の聖木は#c0aba1d土ピット#nで育つことができる;#c0aba1d広く#nて低地で成長する必要があり、不潔な肥料を受け入れない。#r聖木は古代で広く使われていた背の高い古代の木種で、マラ大陸で分布、虚空の力によって引き起こされた気候変動に適応できないため、現在はほとんど絶滅している。,
592,聖なる葉,聖なる木の黄金の葉、#c0aba1d雪だるまの頭飾り#nにもなれる,
593,聖なる樹液,聖なる木の実は枝の間に落ち、聖なる木の樹液に包まれる,@Null@
594,スターステーションコンソール,クリックで起動（PCは右クリック）#r#c0aba1dエネルギーコアを#n持って、クリックでステーションのテレポート機能起動。#rコンソールはステーションシステムのコアブロック、二つのコンソールはスターチェーンで繋がっており、虚空侵略前にマラ大陸の人が宇宙を行き来するのに使用したものである,
595,テレポーターレベル1,クリックで乗る（PCは右クリック） #rコンソールに隣接している必要があり、コンソール起動でいいです。#c0aba1d起動するとテレポートポッドで別のステーションに行ける #nポッドのレベルが高いほど遠くまで探索できる。 #r古代ミラ大陸の技術遺産で、虚空侵攻後エネルギー喪失のため放棄されたステーションである。,
596,石像,名前のない石像。 岩から彫られただけで、素晴らしい冒険の始まりを記録してる。活性化して、#c0aba1dホームのマーク#nを付けることを使用されている。。#r像をクリックすると、1つ星を使って、復活ポイントの位置を変更できる。,職人台で岩石で加工する
597,テレポーターレベル2,クリックで乗る（PCは右クリック） #r隣接するアクティブされたコンソールに接続すると、別のスターステーションに行ける。#c0aba1dテレポーターレベル2を利用して、隣接するプラネットに旅行できる#n#rミラプラネットの人は、さまざまなプラネットにスターステーションを建て、それによって長距離探検できる。,
598,埋設された機械,廃棄物機械の埋められた山からテクノロジー材料が掘り出される可能性がある,@Null@
599,砂岩柵,飛び越えられない砂の柵。,
600,コットンブロック,あらゆる綿製品の加工に#r塗料ボトル、ペイントボールガン、カラーエッグを手持ち、染めることができる,職人台でコットンを加工したり、他のコットンブロックを染色して得る
601,コットンブロック,あらゆる綿製品の加工に#r手持ちの塗料ボトル、ペイントボールガン、カラーエッグを染めることができる,他のコットンブロックを染色して得る
602,コットンブロック,あらゆる綿製品の加工に#r手持ちの塗料ボトル、ペイントボールガン、カラーエッグを染めることができる,他のコットンブロックを染色して得る
603,コットンブロック,あらゆる綿製品の加工に#r手持ちの塗料ボトル、ペイントボールガン、カラーエッグを染めることができる,他のコットンブロックを染色して得る
604,コットンブロック,あらゆる綿製品の加工に#r手持ちの塗料ボトル、ペイントボールガン、カラーエッグを染めることができる,他のコットンブロックを染色して得る
605,コットンブロック,あらゆる綿製品の加工に#r手持ちの塗料ボトル、ペイントボールガン、カラーエッグを染めることができる,他のコットンブロックを染色して得る
606,コットンブロック,あらゆる綿製品の加工に#r手持ちの塗料ボトル、ペイントボールガン、カラーエッグを染めることができる,他のコットンブロックを染色して得る
607,コットンブロック,あらゆる綿製品の加工に#r手持ちの塗料ボトル、ペイントボールガン、カラーエッグを染めることができる,他のコットンブロックを染色して得る
608,コットンブロック,あらゆる綿製品の加工に#r手持ちの塗料ボトル、ペイントボールガン、カラーエッグを染めることができる,他のコットンブロックを染色して得る
609,コットンブロック,あらゆる綿製品の加工に#r手持ちの塗料ボトル、ペイントボールガン、カラーエッグを染めることができる,他のコットンブロックを染色して得る
610,コットンブロック,あらゆる綿製品の加工に#r手持ちの塗料ボトル、ペイントボールガン、カラーエッグを染めることができる,他のコットンブロックを染色して得る
611,コットンブロック,あらゆる綿製品の加工に#r手持ちの塗料ボトル、ペイントボールガン、カラーエッグを染めることができる,他のコットンブロックを染色して得る
612,コットンブロック,あらゆる綿製品の加工に#r手持ちの塗料ボトル、ペイントボールガン、カラーエッグを染めることができる,他のコットンブロックを染色して得る
613,コットンブロック,あらゆる綿製品の加工に#r手持ちの塗料ボトル、ペイントボールガン、カラーエッグを染めることができる,他のコットンブロックを染色して得る
614,コットンブロック,あらゆる綿製品の加工に#r手持ちの塗料ボトル、ペイントボールガン、カラーエッグを染めることができる,他のコットンブロックを染色して得る
615,コットンブロック,あらゆる綿製品の加工に#r手持ちの塗料ボトル、ペイントボールガン、カラーエッグを染めることができる,他のコットンブロックを染色して得る
616,コットンフェルト,ブロックに敷いて装飾する。#r手持ちの塗料ボトル、ペイントボールガン、カラーエッグを染めることができる,他のコットンフェルトを染色して得る
617,コットンフェルト,ブロックに敷いて装飾する。#r手持ちの塗料ボトル、ペイントボールガン、カラーエッグを染めることができる,他のコットンフェルトを染色して得る
618,コットンフェルト,ブロックに敷いて装飾する。#r手持ちの塗料ボトル、ペイントボールガン、カラーエッグを染めることができる,他のコットンフェルトを染色して得る
619,コットンフェルト,ブロックに敷いて装飾する。#r手持ちの塗料ボトル、ペイントボールガン、カラーエッグを染めることができる,他のコットンフェルトを染色して得る
620,コットンフェルト,ブロックに敷いて装飾する。#r手持ちの塗料ボトル、ペイントボールガン、カラーエッグを染めることができる,他のコットンフェルトを染色して得る
621,コットンフェルト,ブロックに敷いて装飾する。#r手持ちの塗料ボトル、ペイントボールガン、カラーエッグを染めることができる,他のコットンフェルトを染色して得る
622,コットンフェルト,ブロックに敷いて装飾する。#r手持ちの塗料ボトル、ペイントボールガン、カラーエッグを染めることができる,他のコットンフェルトを染色して得る
623,コットンフェルト,ブロックに敷いて装飾する。#r手持ちの塗料ボトル、ペイントボールガン、カラーエッグを染めることができる,他のコットンフェルトを染色して得る
624,コットンフェルト,ブロックに敷いて装飾する。#r手持ちの塗料ボトル、ペイントボールガン、カラーエッグを染めることができる,他のコットンフェルトを染色して得る
625,コットンフェルト,ブロックに敷いて装飾する。#r手持ちの塗料ボトル、ペイントボールガン、カラーエッグを染めることができる,他のコットンフェルトを染色して得る
626,コットンフェルト,ブロックに敷いて装飾する。#r手持ちの塗料ボトル、ペイントボールガン、カラーエッグを染めることができる,他のコットンフェルトを染色して得る
627,コットンフェルト,ブロックに敷いて装飾する。#r手持ちの塗料ボトル、ペイントボールガン、カラーエッグを染めることができる,他のコットンフェルトを染色して得る
628,コットンフェルト,ブロックに敷いて装飾する。#r手持ちの塗料ボトル、ペイントボールガン、カラーエッグを染めることができる,他のコットンフェルトを染色して得る
629,コットンフェルト,ブロックに敷いて装飾する。#r手持ちの塗料ボトル、ペイントボールガン、カラーエッグを染めることができる,他のコットンフェルトを染色して得る
630,コットンフェルト,ブロックに敷いて装飾する。#r手持ちの塗料ボトル、ペイントボールガン、カラーエッグを染めることができる,他のコットンフェルトを染色して得る
631,コットンフェルト,ブロックに敷いて装飾する。#r手持ちの塗料ボトル、ペイントボールガン、カラーエッグを染めることができる,他のコットンフェルトを染色して得る
632,透明のガラスブロック,空気バリアと光透過のために広く使われている。#r塗料ボトル、ペイントボールガン、カラーエッグを手持ち、染めることができる,#c0aba1d銅製錬台#n以上の製錬台で#c0aba1d珪砂#n焼成して得られる。
633,ガラスブロック,空気バリアと光透過のために広く使われている。#r塗料ボトル、ペイントボールガン、カラーエッグを手持ち、染めることができる,他のガラス片を染色して得る
634,ガラスブロック,空気バリアと光透過のために広く使われている。#r塗料ボトル、ペイントボールガン、カラーエッグを手持ち、染めることができる,他のガラス片を染色して得る
635,ガラスブロック,空気バリアと光透過のために広く使われている。#r塗料ボトル、ペイントボールガン、カラーエッグを手持ち、染めることができる,他のガラス片を染色して得る
636,ガラスブロック,空気バリアと光透過のために広く使われている。#r塗料ボトル、ペイントボールガン、カラーエッグを手持ち、染めることができる,他のガラス片を染色して得る
637,ガラスブロック,空気バリアと光透過のために広く使われている。#r塗料ボトル、ペイントボールガン、カラーエッグを手持ち、染めることができる,他のガラス片を染色して得る
638,ガラスブロック,空気バリアと光透過のために広く使われている。#r塗料ボトル、ペイントボールガン、カラーエッグを手持ち、染めることができる,他のガラス片を染色して得る
639,ガラスブロック,空気バリアと光透過のために広く使われている。#r塗料ボトル、ペイントボールガン、カラーエッグを手持ち、染めることができる,他のガラス片を染色して得る
640,ガラスブロック,空気バリアと光透過のために広く使われている。#r塗料ボトル、ペイントボールガン、カラーエッグを手持ち、染めることができる,他のガラス片を染色して得る
641,ガラスブロック,空気バリアと光透過のために広く使われている。#r塗料ボトル、ペイントボールガン、カラーエッグを手持ち、染めることができる,他のガラス片を染色して得る
642,ガラスブロック,空気バリアと光透過のために広く使われている。#r塗料ボトル、ペイントボールガン、カラーエッグを手持ち、染めることができる,他のガラス片を染色して得る
643,ガラスブロック,空気バリアと光透過のために広く使われている。#r塗料ボトル、ペイントボールガン、カラーエッグを手持ち、染めることができる,他のガラス片を染色して得る
644,ガラスブロック,空気バリアと光透過のために広く使われている。#r塗料ボトル、ペイントボールガン、カラーエッグを手持ち、染めることができる,他のガラス片を染色して得る
645,ガラスブロック,空気バリアと光透過のために広く使われている。#r塗料ボトル、ペイントボールガン、カラーエッグを手持ち、染めることができる,他のガラス片を染色して得る
646,ガラスブロック,空気バリアと光透過のために広く使われている。#r塗料ボトル、ペイントボールガン、カラーエッグを手持ち、染めることができる,他のガラス片を染色して得る
647,ガラスブロック,空気バリアと光透過のために広く使われている。#r塗料ボトル、ペイントボールガン、カラーエッグを手持ち、染めることができる,他のガラス片を染色して得る
648,ガラスブロック,空気バリアと光透過のために広く使われている。#r塗料ボトル、ペイントボールガン、カラーエッグを手持ち、染めることができる,他のガラス片を染色して得る
649,透明のガラスブロック,空気バリアと光透過のために広く使われている。#r塗料ボトル、ペイントボールガン、カラーエッグを手持ち、染めることができる,職人台でガラス片を加工する
650,ガラスブロック,空気バリアと光透過のために広く使われている。#r塗料ボトル、ペイントボールガン、カラーエッグを手持ち、染めることができる,他のガラス片を染色して得る
651,ガラスブロック,空気バリアと光透過のために広く使われている。#r塗料ボトル、ペイントボールガン、カラーエッグを手持ち、染めることができる,他のガラス片を染色して得る
652,ガラスブロック,空気バリアと光透過のために広く使われている。#r塗料ボトル、ペイントボールガン、カラーエッグを手持ち、染めることができる,他のガラス片を染色して得る
653,ガラスブロック,空気バリアと光透過のために広く使われている。#r塗料ボトル、ペイントボールガン、カラーエッグを手持ち、染めることができる,他のガラス片を染色して得る
654,ガラスブロック,空気バリアと光透過のために広く使われている。#r塗料ボトル、ペイントボールガン、カラーエッグを手持ち、染めることができる,他のガラス片を染色して得る
655,ガラスブロック,空気バリアと光透過のために広く使われている。#r塗料ボトル、ペイントボールガン、カラーエッグを手持ち、染めることができる,他のガラス片を染色して得る
656,ガラスブロック,空気バリアと光透過のために広く使われている。#r塗料ボトル、ペイントボールガン、カラーエッグを手持ち、染めることができる,他のガラス片を染色して得る
657,ガラスブロック,空気バリアと光透過のために広く使われている。#r塗料ボトル、ペイントボールガン、カラーエッグを手持ち、染めることができる,他のガラス片を染色して得る
658,ガラスブロック,空気バリアと光透過のために広く使われている。#r塗料ボトル、ペイントボールガン、カラーエッグを手持ち、染めることができる,他のガラス片を染色して得る
659,ガラスブロック,空気バリアと光透過のために広く使われている。#r塗料ボトル、ペイントボールガン、カラーエッグを手持ち、染めることができる,他のガラス片を染色して得る
660,ガラスブロック,空気バリアと光透過のために広く使われている。#r塗料ボトル、ペイントボールガン、カラーエッグを手持ち、染めることができる,他のガラス片を染色して得る
661,ガラスブロック,空気バリアと光透過のために広く使われている。#r塗料ボトル、ペイントボールガン、カラーエッグを手持ち、染めることができる,他のガラス片を染色して得る
662,ガラスブロック,空気バリアと光透過のために広く使われている。#r塗料ボトル、ペイントボールガン、カラーエッグを手持ち、染めることができる,他のガラス片を染色して得る
663,ガラスブロック,空気バリアと光透過のために広く使われている。#r塗料ボトル、ペイントボールガン、カラーエッグを手持ち、染めることができる,他のガラス片を染色して得る
664,ガラスブロック,空気バリアと光透過のために広く使われている。#r塗料ボトル、ペイントボールガン、カラーエッグを手持ち、染めることができる,他のガラス片を染色して得る
665,ガラスブロック,空気バリアと光透過のために広く使われている。#r塗料ボトル、ペイントボールガン、カラーエッグを手持ち、染めることができる,他のガラス片を染色して得る
666,セメントブロック,土木工事、水利工事などで幅広く使用されている。#r塗料ボトル、ペイントボールガン、カラーエッグを手持ち、染めることができる,職人台でセメントで加工する。
667,カラーセメントブロック,土木工事、水利工事などで幅広く使用されている。#r塗料ボトル、ペイントボールガン、カラーエッグを手持ち、染めることができる,他のセメントブロックを染色して得る
668,カラーセメントブロック,土木工事、水利工事などで幅広く使用されている。#r塗料ボトル、ペイントボールガン、カラーエッグを手持ち、染めることができる,他のセメントブロックを染色して得る
669,カラーセメントブロック,土木工事、水利工事などで幅広く使用されている。#r塗料ボトル、ペイントボールガン、カラーエッグを手持ち、染めることができる,他のセメントブロックを染色して得る
670,カラーセメントブロック,土木工事、水利工事などで幅広く使用されている。#r塗料ボトル、ペイントボールガン、カラーエッグを手持ち、染めることができる,他のセメントブロックを染色して得る
671,カラーセメントブロック,土木工事、水利工事などで幅広く使用されている。#r塗料ボトル、ペイントボールガン、カラーエッグを手持ち、染めることができる,他のセメントブロックを染色して得る
672,カラーセメントブロック,土木工事、水利工事などで幅広く使用されている。#r塗料ボトル、ペイントボールガン、カラーエッグを手持ち、染めることができる,他のセメントブロックを染色して得る
673,カラーセメントブロック,土木工事、水利工事などで幅広く使用されている。#r塗料ボトル、ペイントボールガン、カラーエッグを手持ち、染めることができる,他のセメントブロックを染色して得る
674,カラーセメントブロック,土木工事、水利工事などで幅広く使用されている。#r塗料ボトル、ペイントボールガン、カラーエッグを手持ち、染めることができる,他のセメントブロックを染色して得る
675,カラーセメントブロック,土木工事、水利工事などで幅広く使用されている。#r塗料ボトル、ペイントボールガン、カラーエッグを手持ち、染めることができる,他のセメントブロックを染色して得る
676,カラーセメントブロック,土木工事、水利工事などで幅広く使用されている。#r塗料ボトル、ペイントボールガン、カラーエッグを手持ち、染めることができる,他のセメントブロックを染色して得る
677,カラーセメントブロック,土木工事、水利工事などで幅広く使用されている。#r塗料ボトル、ペイントボールガン、カラーエッグを手持ち、染めることができる,他のセメントブロックを染色して得る
678,カラーセメントブロック,土木工事、水利工事などで幅広く使用されている。#r塗料ボトル、ペイントボールガン、カラーエッグを手持ち、染めることができる,他のセメントブロックを染色して得る
679,カラーセメントブロック,土木工事、水利工事などで幅広く使用されている。#r塗料ボトル、ペイントボールガン、カラーエッグを手持ち、染めることができる,他のセメントブロックを染色して得る
680,カラーセメントブロック,土木工事、水利工事などで幅広く使用されている。#r塗料ボトル、ペイントボールガン、カラーエッグを手持ち、染めることができる,他のセメントブロックを染色して得る
681,カラーセメントブロック,土木工事、水利工事などで幅広く使用されている。#r塗料ボトル、ペイントボールガン、カラーエッグを手持ち、染めることができる,他のセメントブロックを染色して得る
682,カラーセメントブロック,土木工事、水利工事などで幅広く使用されている。#r塗料ボトル、ペイントボールガン、カラーエッグを手持ち、染めることができる,他のセメントブロックを染色して得る
683,龍紋石ブロック,龍の模様が刻まれた石ブロック,
684,斜め黒石模様のブロック,紫色の模様のある石ブロック,
685,縦型模様キャンディブロック,#c0aba1d食べる#nとHPが30回復し、#c0aba1dジャンプの高さが170%アップ#n。60秒に続く。,クリスマスイベント期間にサンタから購入。
686,チョコレンガ,#c0aba1d食べる#nとHPが30回復し、#c0aba1dジャンプの高さが170%アップ#n。60秒に続く。,クリスマスイベント期間にサンタから購入。
687,アロマ宮灯,設置すると周囲のエリアを照らす。,元日イベント期間に元日商人から購入。
688,中国風看板,設置できるのは#c0aba1dブロックの周囲#nのみ。設置後に1文字書き込むと、非常に目立つ。#rプラークタイプの機能は、機械にも有効。,元日イベント期間に元日商人から購入。
689,中国風飾り窓,開閉できる窓。,元日イベント期間に元日商人から購入。
690,低音ブロック,その他の音楽ブロックの下に置くとそのブロックの#c0aba1d音調#nを変化させる。設置後使用して#c0aba1d音の高さ#nを切り替えられる。 #r音楽類のブロックの機能は機械に適用される。,
691,中音ブロック,その他の音楽ブロックの下に置くとそのブロックの#c0aba1d音調#nを変化させる。設置後使用して#c0aba1d音の高さ#nを切り替えられる。,
692,高音ブロック,その他の音楽ブロックの下に置くとそのブロックの#c0aba1d音調#nを変化させる。設置後使用して#c0aba1d音の高さ#nを切り替えられる。,
693,楽器-ドラム,スターエナジーを入れた後に演奏可能。下に低中高音ブロックを置くことで#c0aba1d音調#nを変えることが可能。設置後使用して#c0aba1d音色#nを切り替えられる。,
694,楽器-電子,スターエナジーを入れた後に演奏可能。下に低中高音ブロックを置くことで#c0aba1d音調#nを変えることが可能。設置後使用して#c0aba1d音色#nを切り替えられる。,
695,楽器-総合,スターエナジーを入れた後に演奏可能。下に低中高音ブロックを置くことで#c0aba1d音調#nを変えることが可能。設置後使用して#c0aba1d音色#nを切り替えられる。,
696,アンループ-電子,スターエナジーを入れた後再生を開始し、スターエナジーが止まると停止する。設置後、使用して#c0aba1d節#nを切り替えられる。,
697,ループ-ドラム,スターエナジーを入れた後#c0aba1dループ再生#nでき、再度スターエナジーを入れると停止する。設置後使用して#c0aba1d節#nを切り替えられる。,
698,ループ-電子,スターエナジーを入れると#c0aba1dループ再生#nでき、再度スターエナジーを入れると停止する。設置後使用して#c0aba1d節#nを切り替えられる。,
699,ループ-雰囲気,スターエナジーを入れると#c0aba1dループ再生#nでき、スターエナジーを入れると停止する。設置後使用して#c0aba1d節#nを切り替えられる。,
700,スターエナジー生産機,設置後、持続的に#c0aba1dスターエナジー信号#nを出力する。 #r機能は機械に適用される。,@Null@
701,スターエナジー生産機,設置後、持続的に#c0aba1dスターエナジー信号#nを出力する。 #r機能は機械に適用される。,@Null@
702,スターエナジー増幅機,回路に設置すると#c0aba1dスターエナジー信号を増強する#n。#r設置後使用して#c0aba1dスターエナジー信号の間隔を調節する#n。1マス暗くするごとに信号の間隔が+0.1秒。 #r機能は機械に適用される。,@Null@
703,スターエナジー増幅機,回路に設置すると#c0aba1dスターエナジー信号を増強する#n。#r設置後使用して#c0aba1dスターエナジー信号の間隔を調節する#n。1マス暗くするごとに信号の間隔が+0.1秒。 #r機能は機械に適用される。,@Null@
704,スターエナジー比較機,#c0aba1d比較モード：#n入力されるスターエナジー信号を比較し、後端のスターエナジー強度#c0aba1d≥#n側端のスターエナジー強度の場合のみスターエナジー信号を出力する。#r#c0aba1dランダムモード：#n後端にスターエナジー信号が存在すれば出力する#c0aba1dランダム強度#nスターエナジー信号：側端と後端に同時にスターエナジー信号が存在する場合、出力端はいくつかの信号から#c0aba1dランダムに選び#n出力を行う。#rスパナーを使用すると出入力モードを切り替えられる。 #r機能は機械に適用される。,@Null@
705,スターエナジー比較機,#c0aba1d比較モード：#n入力されるスターエナジー信号を比較し、後端のスターエナジー強度#c0aba1d≥#n側端のスターエナジー強度の場合のみスターエナジー信号を出力する。#r#c0aba1dランダムモード：#n後端にスターエナジー信号が存在すれば出力する#c0aba1dランダム強度#nスターエナジー信号：側端と後端に同時にスターエナジー信号が存在する場合、出力端はいくつかの信号から#c0aba1dランダムに選び#n出力を行う。#rスパナーを使用すると出入力モードを切り替えられる。 #r機能は機械に適用される。,@Null@
706,ブルースターエナジースレッド,スターエナジー信号を伝導し、繋ぎ合わせることができる。#c0aba1dレッドスターエナジースレッド#nには繋げない。#rスパナーでスターエナジー信号の強度が確認できる。#r製錬炉でレッドスターエナジースレッドに加工できる。 #r機能は機械に適用される。,
707,スターエナジー信号,設置後にスターエナジー信号を受けると、#c0aba1d光る#n。,@Null@
708,スターエナジー信号,設置後にスターエナジー信号を受けると、#c0aba1d光る#n。,@Null@
709,ゲームのバージョンが古すぎます,今すぐ最新バージョンをダウンロードしましょう！,@Null@
710,シルク糸,弓矢の合成に必要な素材の一種。,野蛮人投槍者を倒すこと、陶製のツボを破壊することで一定の確率でドロップされる。
711,タッチセンサー板,設置後に#c0aba1d任意の何かが乗る#nと、スターエナジー信号を出力する。 #rセンサー板類の機能は機械に適用される。,@Null@
712,普通のセンサー板,設置後に#c0aba1dアイテム以外のものが乗る#nと、スターエナジー信号を出力する。,@Null@
713,バイオセンサープラテン,設置後に#c0aba1d生物（キャラ以外）が乗る#nと、スターエナジー信号を出力する。,@Null@
715,タッチボタン,押すとスターエナジー信号を1回生成する。#r設置できるのは押す力を探知できる#c0aba1dブロック側面#nのみ。#rスパナーで#c0aba1dパルス信号#nモードに切り替えでき、一定間隔で自動的にスターエナジー信号を出力する。,@Null@
716,普通のボタン,押すとスターエナジー信号を1回生成する。#r設置できるのは#c0aba1dブロック側面#nのみ。タッチボタンより戻るのが速い。#rスパナーで#c0aba1dパルス信号#nモードに切り替えでき、一定間隔で自動的にスターエナジー信号を出力する。,@Null@
717,発射装置,スターエナジー信号を受けると、アイテムを#c0aba1d射出し、使用する#n。#r設置後に、もう一度使用すると#c0aba1dアイテム補充画面が開く#n。#rスパナーで#c0aba1d投擲モード#nに切り替えでき、アイテムを#c0aba1dアイテム#nとして射出する。 #r機能は機械に適用される。,@Null@
718,プッシュアーマー,スターエナジー信号を受けると機械アーマーが1マス伸び、スターエナジーが止まると戻る。#r#c0aba1dスターエナジーが止まるモード#n中、スパナーで信号モードに切り替えでき、#c0aba1dスターエナジー信号の強さ#nで押し出すマス数が変わる。#r押し出し中にブロックに当たると、#c0aba1dブロックを掴む#n。,@Null@
719,機械アーマー,スターエナジー信号を受けると機械アーマーが1マス伸び、スターエナジーが止まると戻るる。#r#c0aba1dスターエナジーが止まるモード#n中、スパナーで信号モードに切り替えでき、#c0aba1dスターエナジー信号の強さ#nで押し出すマス数が変わる。#r押し出し中にブロックに当たると、#c0aba1dブロックを押しのける#n。,@Null@
720,投擲発射装置,スターエナジー信号を受けるとアイテムを道具として投げる。#r設置後に、もう一度使用するとアイテム補充画面が開く。#rスパナーで発射モードに切り替えでき、道具を発射し使用する。,@Null@
721,スパイクトラップ,スターエナジー信号を受けるとスパイクを突き出し、触れるとダメージを受ける。スターエナジーが止まると元に戻る。 #r機能は機械に適用される。,
722,投擲装置,スターエナジー信号を受けると#c0aba1d上にある物体#nを投げる。#c0aba1dスターエナジー信号の強さ#nによって投げる強さが変わる。,#c0aba1dゲーム内の行為を決してマネしないでください。#n
723,マホガニートーテム,設置すると#c0aba1dミニマップ#nに10か所までマークできる。10か所を超えると、#c0aba1d最後にマークした#n10箇所のみ表示される。#rトーテムをタップするとマークを再度有効化する。ホストのみトーテムをアクティベートできる。,
724,スイッチ,引くと、持続的に#c0aba1dスターエナジー信号#nを出力する。 #r機能は機械に適用される。,@Null@
725,鉄道ノード,ジェットコースターのコースが通る線路を作れる。配置すると#c0aba1dのガイド線#nが表示される。最大15マス繋げられる。次のノードを設置するとレールができる。#r#c0aba1d道具を切り替え#n時に、ガイド線を消すことができる。,
726,ピアノ,最も音域の広い鍵盤楽器のひとつ。タップすることで座って#c0aba1d演奏してみよう#n,
727,花小櫻誕生日彫刻,花小櫻誕生日記念イベントの彫刻,@Null@
728,ラジオ,@Null@,@Null@
729,キネティックリフティングノード,ジェットコースターのコースが通る線路を作れる。#c0aba1dスターエナジー信号#nを受けると、ジェットコースターを加速させることができる。#r配置すると#c0aba1dのガイド線#nが表示される。最大15マス繋げられる。次のノードを設置するとレールができる。#r#c0aba1d道具を切り替え#n時に、ガイド線を消すことができる。,
730,砂漠の宝箱,井戸の底に埋まった宝箱,@Null@
731,木製の天窓,開閉できる木製天窓,
732,ブラックドラゴン彫像,配置されると周囲の空間を照らし、近くにモンスターが出現するのを防ぐ。配置された像をクリックすると、1スターを消費して拠点の位置を変更できる #r@item_740#の処理にも必須である,炎プラネットで遠古ドラゴンを倒すと入手できる。
733,ブラックドラゴンツボ,この立派な宝瓶には、たくさんの宝物が詰まっているようです。,
734,普通の宝箱,地下深く埋まった宝箱,@Null@
735,精巧な宝箱,地下深く埋まった宝箱,@Null@
736,黄金の宝箱,イベントで開放される宝箱,@Null@
737,シンプルなツボ,世界中に散らばる地味なペイント陶製ツボ。缶を破壊するとランダムのアイテムを入手できる場合がある。#rかつて誰かが黄砂に埋めたが、印をつけなかったと言われている、うーん...。,
738,粘土のツボ,世界中に散らばる地味なペイント陶製ツボ。缶を破壊するとランダムのアイテムを入手できる場合がある。#rかつて誰かが黄砂に埋めたが、印をつけなかったと言われている、うーん...。,
739,陶器のツボ,世界中に散らばる地味なペイント陶製ツボ。缶を破壊するとランダムのアイテムを入手できる場合がある。#rかつて誰かが黄砂に埋めたが、印をつけなかったと言われている、うーん...。,
740,マグマ石,古代のブラックドラゴンを倒した後に残された卵型の石は、@item_11215#でマグマブラックドラゴンの召喚を使うために、激しい炎プラネットの龍島内に置く必要があります。,エンシェントブラックドラゴンを倒すと現れる。
741,カオス石,マグマのブラックドラゴンを倒した後に残された卵型の石は、@item_11215#で混乱ブラックドラゴンの召喚を使うために、激しい炎プラネットの龍島内に置く必要があります。,マグマブラックドラゴンを倒すと現れる。
742,カオス彫像,3*3の@item_409#拠点に像を置くと発動し、32*32の範囲に敵対クリーチャーが産まれるのを防ぎます#r置かれた像をクリックして星1つを消費すると拠点の位置が変わります,カオスブラックドラゴンを倒すと現れる。
743,マグマ宝ツボ,この立派な宝瓶には、たくさんの宝物が詰まっているようです。,
744,カオス宝ツボ,この立派な宝瓶には、たくさんの宝物が詰まっているようです。,
745,硫黄射手のトーテム,カオスのボールの爆発で生成され、近くにモンスターが発生するようになる。,
746,マグマ彫像,強大な勇者だけが手に入れることのできる栄光の記念碑。 #r配置された像をクリックして星を1つ消費すると拠点の位置が変わり、その横にある製錬台も思わぬ効果を発揮します,マグマブラックドラゴンを倒すと現れる。
747,物資のツボ,世界中に散らばる地味なペイント陶製ツボ。中に何が入ってるのかな？,@Null@
748,ホタルのガラス瓶,設置すると周りの小範囲を照らす。,夜の竹林や桃林で、小さなガラス瓶をホタルに使用すると入手できる。
749,銅の薄板,1/4ガロンの金属ブロックの薄板、厚さを変えて積み重ね可能,職人台で銅で加工する
750,ミスリルの薄板,1/4ガロンの金属ブロックの薄板、厚さを変えて積み重ね可能,職人台にミスリルで作る
751,炎の薄板,1/4ガロンの金属ブロックの薄板、厚さを変えて積み重ね可能,職人台に炎で作る
752,チタン薄板,1/4ガロンの金属ブロックの薄板、厚さを変えて積み重ね可能,職人台でチタンで加工する
753,銅の階段,金属の階段。角度を変えて設置することで様々な方向性を持たせることができます。,職人台で銅で加工する
754,ミスリルの階段,金属の階段。角度を変えて設置することで様々な方向性を持たせることができます。,職人台にミスリルで作る
755,炎の階段,金属の階段。角度を変えて設置することで様々な方向性を持たせることができます。,職人台に炎で作る
756,チタン製階段,金属の階段。角度を変えて設置することで様々な方向性を持たせることができます。,職人台でチタンで加工する
757,宝の地図の宝箱,海賊が財宝を隠した宝箱,
758,難破船の宝箱,難破船に埋められた宝箱,
759,難破船の普通の箱,難破船に埋められた宝箱,
760,冬温花の種,@item_121#に植えると@item_761#に成長できる。,
761,冬温花,冬温花は取得するエネルギーを保存できるため、極寒の地でも生き残ることができる。#r寒い地域で生活する人々は常に冬温花を採取し、#c0aba1d体温を高める食べ物#nや防寒装備を作る,野外で採集でき、@item_121#に@item_760#を植えることで獲得できる
762,枯れた低木の茂みの苗木,@item_11825#を@item_121#に植えると@item_762#に成長し、更に時間が経つと@item_763#に成長する。,
763,枯れた低木の茂み,@item_11825#が低温環境で成長し、枯れた姿。雪兎の隠れ場になれる。#c0aba1d雪だるまの腕#nにもなれる。#c0aba1dヤク#nにエサとしてあげると、ヤクは#c0aba1d泌乳#n状態になる。,
764,庇護の雪蓮花,極寒の住民たちの伝説では、雪蓮花は雪山に生える珍しい植物である。#r副素材としてルーン象嵌に入れると、ツール・武器・装備に壊れない効果を有する「加護」を付与できる。,雪山の副峰で採集できる
765,古代の石,黒龍が落とした石を倒し、異なる角笛を使って異なる黒龍を召喚できる#r@item_11233#古代の黒龍を召喚する#r@item_11216#混沌の黒龍を召喚する#r@item_11215#溶岩の黒龍を召喚する。,黒龍を倒した後に現れ。
780,ダンスホール,ダンスホールは、開発者モードで配置?設置した後、マップをプレイモードに変換してダンスの音ゲーを体験する音楽ゲームのプロップです,
781,ストーンクリエーションハンマーブロック,@Null@,@Null@
782,銅クリエーションハンマーブロック,@Null@,@Null@
783,ミスリル創作ブロック,,
784,チタンクリエーションハンマーブロック,@Null@,@Null@
785,ルーンテーブル,道具のルーン効果をアクティベート用,@Null@
794,石鍋,@item_1200#の上に置いて素材を入れると料理を作れる。色んな組み合わせを試してみよう。#r@item_1200#に燃料を入れるのを忘れないでね。,
795,ミスリル鍋,@item_794#で製作成功した料理レシピはミスリル鍋で大量製作できる。@item_794#で色んな組み合わせを試してみよう。,
796,不完全な職人台,#c0aba1d地面に置いたてから使用して#n、より多いアイテムを作れる。,バックパックー加工インターフェースで石で加工する
797,完全な職人台,#c0aba1d地面に置いたてから使用して#n、より多いアイテムを作れる。,#c0aba1d創造結晶#nを持ち、不完全職人台をクリックすることで入手できる。
798,ミスリルの製錬所,最高級の炉で、3セットの燃料と原料を入れ、製錬効率が極めて大幅に向上した!!!,
799,銅の製錬所,銅で強化された製錬台で、燃料と原料の2セットを追加することで、製錬効率を大幅に向上させることが可能です！,
800,不完全な職人台,#c0aba1d地面に置いたてから使用して#n、より多いアイテムを作れる。,バックパックー加工インターフェースで石で加工する
801,収納ボックス,#c0aba1dを地面に置いたら#n物を保管します。 #rさらに大きな収納ボックスに合成することもできます。#r機械で使用できます。,
802,製錬所,簡単的な低レベルの炉で、1セットの燃料と原料を入れ、遅く精錬できる。,
803,@Null@,@Null@,@Null@
804,変な石,何かが隠れているようだ,@Null@
805,変な石ブロック,何かが隠れているようだ,@Null@
806,変な石レンガ,何かが隠れているようだ,@Null@
807,変な水色の石,何かが隠れているようだ,@Null@
808,変な割れた石レンガ,何かが隠れているようだ,@Null@
809,変な模様の石レンガ,何かが隠れているようだ,@Null@
810,モンスター召喚石,モンスターを産出し続ける。光に対して敏感のようだ。,
811,@Null@,@Null@,@Null@
812,軽い木製ドア,開閉できる木製のドア。,
813,ロープ,ブロックの側面に設置すると、垂直に登ることができる。機能は機械にも適用。,
814,ミスリルのドア,強固な鉄製のドア。スターエナジーを入れると開き、スターエナジーが止まると閉じる。,
815,ブラススターエナジーカーテン,#c0aba1d放置#nすると文字を書き込める。#r機械に適用される。,
816,巨大ブルフルーツランプ,巨大ブルフルーツランプを作る古代の技術は、虚空の侵略によって徐々に歴史から失われている。#r無形文化遺産を大切にしてください。,
817,トーチ,"設置すると周囲の空間を照らす。
トーチを持ったまま#c0aba1d焚き火#nをタップすると、焚き火を点火できる",
818,スターエネルギーカーテン（ディペンデントブロック）,スターエナジーのカーテンをブロックにしっかり装着,
819,ブラックドラゴンエッグ,エンシェントブラックドラゴンの卵。魔力を秘めている,@Null@
820,本棚,設置するとランダムなデザインの本棚が現れる。,
821,木の杭,杭で置かれた杭の先端を交互に積み重ねることができ、側辺を交互にすることで他のブロックと接続することができ#r接続後に形成されたフェンスは高く、すべての地上生物の通過を阻止することができる,
822,ストロースタック,哺乳類の繁殖には、近くの干し草の山が必要です,
823,@Null@,@Null@,@Null@
824,不完全な職人台,#c0aba1dを地面に置いた後に使用 #nし、より多くのアイテムを加工して作ることができる。,バックパックー加工インターフェースで石で加工する
828,簡易寝袋,日没後に使用すると、スリープモードに入り、夜通し眠れる #r#c0aba1d 夜をスキップ#n。機械にも有効。,
829,ポーション台,魔法の薬剤を作成できる,@Null@
830,ローストピザ,#c0aba1d手持ちで食べる#n#r#c0aba1d設置する#nと6回食べれる,@item_795#を使って料理する必要がある
831,フルーツピザ,#c0aba1d手持ちで食べる#n#r#c0aba1d設置する#nと6回食べれる,@item_795#を使って料理する必要がある
832,神秘箱,倉庫にある神秘箱の共有ができる,@Null@
833,不完全な職人台,#c0aba1d 地面に置いた後にを使用すると#n、さらにアイテムを作ることができる。,不完全職人台は石を加工してから入手。職人台でもっとものを加工できる。
834,爆薬樽,設置後、#c0aba1d火源またはスターエナジー信号#nに触れると、4秒後に大きな範囲で爆発が発生する。,
835,予備,ボン！火源とスターエナジーから離れてください,@Null@
836,物理消去花火,@Null@,@Null@
837,蛍光キノコ,@item_402#の上で生長するキノコ、加工して永久的な照明ツールにすることができる。@item_402#と@item_416#に植えることができる。,
839,収集転送機,#c0aba1d口の大きい方から#n#c0aba1d小さい方へ#nアイテムを転送する。#rスパナーで方向を調整できる。#r機械に適用される。,
840,機械アーマーパーツ,今すぐ最新バージョンをダウンロードしましょう！,@Null@
841,動く機械アーマー,今すぐ最新バージョンをダウンロードしましょう！,@Null@
842,ミスリルのバネ,スターエナジー信号を受信すると、前にあるブロックを#c0aba1d飛ばす#n。#r機械に適用される。,
843,バネのパーツ,今すぐ最新バージョンをダウンロードしましょう！,@Null@
844,炎のバネ,スターエナジー信号を受信すると、前にあるブロックを#c0aba1d飛ばす#n。#rミスリルのバネより遠くに飛ばす。,
845,金庫,ホストのみが使用できるチェスト。10マスの大きさ。#rセーブデータ内に取り出す必要がある。,
846,スーパー金庫,ホストのみが使用できるチェスト。10マスの大きさ。#rセーブデータ内に取り出す必要がある。,
847,クリスマスギフトボックス,地上に設置し、壊すとランダムのアイテムをドロップする。,クリスマスイベント期間にサンタから購入。
848,スカイランタン,@Null@,@Null@
849,モンスター禁止花火,@Null@,@Null@
850,スター花火（小）,@Null@,@Null@
851,スター花火（大）,@Null@,@Null@
852,晴雨花火,@Null@,@Null@
853,昼夜花火,@Null@,@Null@
854,サンセットオレンジドア,開閉可能な無垢材ドア,職人台にオータムリーフオレンジ顔料で作る
855,深い栗色ドア,開閉可能な無垢材ドア,職人台に深い栗色顔料で作る
856,薄白いドア,開閉可能な無垢材ドア,職人台に薄白い顔料で作る
857,炎のドア,スターエナジー社製開閉制御の丈夫な金属製ドア,職人台に炎で作る
858,ベゴニアドア,開閉可能な無垢材ドア,職人台にベゴニア顔料で作る
859,アンバーイエローのドア,開閉可能な無垢材ドア,職人台にアンバーイエロー顔料で作る
860,オータムリーフオレンジドア,開閉可能な無垢材ドア,職人台にオータムリーフオレンジ顔料で作る
861,木理のランプ,設置すると周囲の空間を照らす。,
862,薄白いガラスランプ,設置すると周囲の空間を照らす。,職人台の作業で入手可能
863,赤オレンジガラスランプ,設置すると周囲の空間を照らす。,職人台の作業で入手可能
864,赤紫色ガラスランプ,設置すると周囲の空間を照らす。,職人台の作業で入手可能
865,水色ガラスランプ,設置すると周囲の空間を照らす。,職人台の作業で入手可能
866,薄黄色いガラスランプ,設置すると周囲の空間を照らす。,職人台の作業で入手可能
867,黄緑色ガラスランプ,設置すると周囲の空間を照らす。,職人台の作業で入手可能
868,ベゴニアガラスランプ,設置すると周囲の空間を照らす。,職人台の作業で入手可能
869,淡い石灰ランプ,設置すると周囲の空間を照らす。,職人台の作業で入手可能
870,薄灰色ガラスランプ,設置すると周囲の空間を照らす。,職人台の作業で入手可能
871,青緑ガラスランプ,設置すると周囲の空間を照らす。,職人台の作業で入手可能
872,紫色ガラスランプ,設置すると周囲の空間を照らす。,職人台の作業で入手可能
873,ブルーガラスランプ,設置すると周囲の空間を照らす。,職人台の作業で入手可能
874,深い栗色ガラスランプ,設置すると周囲の空間を照らす。,職人台の作業で入手可能
875,エメラルドグリーンのガラス製ランプ,設置すると周囲の空間を照らす。,職人台の作業で入手可能
876,ハーキュリアンレッドガラスランプ,設置すると周囲の空間を照らす。,職人台の作業で入手可能
877,コールブラックガラスランプ,設置すると周囲の空間を照らす。,職人台の作業で入手可能
878,ソファテスト,ソファのテスト。,
879,クリスマスベル,ブロックの側面に設置するクリスマスの装飾。,クリスマスイベント期間にサンタから購入。
880,クリスマスリボン,ブロックの側面に設置するクリスマスの装飾。,クリスマスイベント期間にサンタから購入。
881,花吹き花火,地面に設置し、#c0aba1d小さな燃え盛る松明#nで火をつけると火花を吹き出す。,
882,花吹き花火（咲き）,地面に設置し、#c0aba1d小さな燃え盛る松明#nで火をつけると火花を吹き出す。,
883,精巧な木製ベッド,日没後はスリープモード、夜明けまでぐっすり眠れる,
884,豪華な木製ベッド,精緻な職人技でしか作れない贅沢なベッドは、日没後はスリープモード、夜明けまでぐっすり眠れるベッド。,
885,プリンセスベッド,プリンセス向け規格。寝転がるだけでお姫様になれる、日没後はスリープモード、夜明けまでぐっすり眠れる,
886,ミスリルスターエネルギーカーテン,#c0aba1d設置#nするとお知らせ文字を書き込める。,
887,ミスリルスターエナジーカーテン（壁掛け）,今すぐ最新バージョンをダウンロードしましょう！,
888,チタニウムスターエネルギーカーテン,#c0aba1d設置#nするとお知らせ文字を書き込める。,
889,チタニウムスターエナジーカーテン（壁掛け式）,今すぐ最新バージョンをダウンロードしましょう！,
890,ラバスターエネルギーカーテン,#c0aba1d設置#nすると文字を書き込める。,
891,ラバスターエネルギーカーテン（壁掛け式）,今すぐ最新バージョンをダウンロードしましょう！,
892,木製看板,#c0aba1dブロックの周り#nのみ設置できる。設置後に1文字書き込むと、非常に目立つになる。#r看板類の機能は機械にも適用される。,
893,石製看板,#c0aba1dブロックの周り#nのみ設置できる。設置後に1文字書き込むと、非常に目立つになる。#r看板類の機能は機械にも適用される。,
894,ミスリル看板,#c0aba1dブロックの周り#nのみ設置できる。設置後に1文字書き込むと、非常に目立つになる。#r看板類の機能は機械にも適用される。,
895,炎の看板,#c0aba1dブロックの周り#nのみ設置できる。設置後に1文字書き込むと、非常に目立つになる。#r看板類の機能は機械にも適用される。,
896,タングステン看板,#c0aba1dブロックの周り#nのみ設置できる。設置後に1文字書き込むと、非常に目立つになる。#r看板類の機能は機械にも適用される。,
897,マグマ看板,#c0aba1dブロックの周り#nのみ設置できる。設置後に1文字書き込むと、非常に目立つになる。#r看板類の機能は機械にも適用される。,
898,提灯,設置すると周囲の空間を照らす。,
899,古典的な街灯,設置すると周囲の空間を照らす。,
900,現代的な街灯,設置すると周囲の空間を照らす。,
901,野蛮人戦士トーテム,神秘トーテム,
902,野蛮人ベビートーテム,神秘トーテム,@Null@
903,野蛮人投槍者トーテム,神秘トーテム,
904,バットのトーテム,神秘トーテム,
905,木製蛍光キノコランプ,置くだけで周囲の空間を照らす,職人台で作業することで入手できる
906,ばくばくエッグトーテム,神秘トーテム,@Null@
907,石蛍光キノコランプ,置くだけで周囲の空間を照らす,職人台で作業することで入手できる
908,マグマ巨人トーテム,神秘トーテム,@Null@
909,硫黄射手のトーテム,神秘トーテム,@Null@
910,ドードー鳥のトーテム,神秘トーテム,
911,サイのトーテム,神秘トーテム,
912,アルパカのトーテム,神秘トーテム,
913,ツノジカのトーテム,神秘トーテム,
915,キツネのトーテム,神秘トーテム,
917,炎プラネット人のトーテム,神秘トーテム,@Null@
918,エンシェントブラックドラゴントーテム,神秘トーテム,@Null@
919,赤色戦旗,装飾効果のある赤い戦旗,
920,青色戦旗,装飾効果のある青色戦旗,
921,緑色戦旗,装飾効果のある緑色戦旗,
922,黄色戦旗,装飾効果のある黄色戦旗,
923,橙色戦旗,装飾効果のある橙色戦旗,
924,紫色戦旗,装飾効果のある紫色戦旗,
925,白色戦旗,装飾効果のある白色戦旗,
926,黒色銅のフェンス,飛び越えることができない黒色銅のフェンス,
927,白色銅のフェンス,飛び越えることができない黒色銅のフェンス,
928,小さな植木鉢,矮性植物を使用し、装飾として挿入することができるもの,
929,大きな植木鉢,高い植物を使用し、装飾として挿入することができるもの,
930,展示台,ブロックの全面に配置可能、配置後は手持ちの小道具を#c0aba1d配置しても#n#r機械に作用することを示すことができる,
931,燭台,それに#c0aba1d小さなトーチ#nを使って、燃焼できる。点火した燭台に他のアイテムを使用すると、消灯する。,
932,燭台,それに#c0aba1d小さな燃え盛る松明#nを使って、燃焼できる。点火した燭台に他のアイテムを使用すると、消灯する。,
933,シャンデリア,設置すると周囲の空間を照らす。,
934,優雅な壁掛けランプ,ブロックの側面に設置でき、周りの空間を照す。,
935,精巧な壁掛けランプ,ブロックの側面に設置でき、周りの空間を照す。,
936,テーブルランプ,設置すると周囲の空間を照らす。,
937,福の字,ブロックの側面に設置する春節の装飾。,春節イベント期間に春節商人から購入。
938,対聯の看板,設置できるのはブロックの周囲のみ。設置後に1文字書き込むと、非常に目立つ。,春節イベント期間に春節商人から購入。
939,切り紙春節切り紙,ブロックの側面に設置する春節の装飾。,春節イベント期間に財の神から購入。
940,春節切り紙-福,装飾としてブロックの側面に貼り付けられる。,
941,春節切り紙-禄,装飾としてブロックの側面に貼り付けられる。,
942,春節切り紙-寿,装飾としてブロックの側面に貼り付けられる。,
943,春節切り紙-喜,装飾としてブロックの側面に貼り付けられる。,
944,新春提灯,設置すると周囲の空間を照らす。,春節イベント期間に春節商人から購入。
945,中国風宮灯,設置すると周囲の空間を照らす。,
946,赤色植木鉢,装飾として矮性植物を植えることができる。,
947,緑色植木鉢,装飾として矮性植物を植えることができる。,
948,大きな磁器植木鉢,装飾として高い植物を植えることができる。,
949,新春の宮廷ランタン,配置すると周囲の空間を照らすことができる,
950,マジックマウントの卵,地面に設置すると、ゲーム内時間4日後に普通の化石ドラゴンマウントを孵化する。,
951,ムササビマウントの卵,地面に設置すると、ゲーム内時間4日後にムササビマウントを孵化する。,
952,麒麟マウントの卵,地面に設置すると、ゲーム内時間4日後に普通の麒麟マウントを孵化する。,
953,チョコボマウントの卵,地面に設置すると、ゲーム内時間4日後に普通のチョコボマウントを孵化する。,
954,小さな白い象マウントの卵,地面に設置すると、ゲーム内時間4日後に小さな白い象マウントを孵化する。,
955,ベビーシールマウントの卵,地面に設置すると、ゲーム内時間4日後にベビーシールマウントを孵化する。,
956,子ネコマウントの卵,地面に設置すると、ゲーム内時間4日後に子ネコマウントを孵化する。,
957,ペガサスマウントの卵,地面に設置すると、ゲーム内時間4日後にペガサスマウントを孵化する。,
958,ハムスターマウントの卵,地面に設置すると、ゲーム内時間4日後にハムスターマウントを孵化する。,
959,ゲームのバージョンが古すぎます,今すぐ最新バージョンをダウンロードしましょう！,@Null@
960,基石-コンクリート,特殊な素材を加えたコンクリート、基石として使用できる。#r創造/プレイモードで使用でき、サバイバルモードでは破壊できない。,
961,基石-クレイ,見た目は固まったマグマ。基石として使用できる。#r創造/プレイモードで使用でき、サバイバルモードでは破壊できない。,
962,白色の基石,白色の基石ブロック。基石として使用できる。#r創造/プレイモードで使用でき、サバイバルモードでは破壊できない。,
963,基石-ソリードアイス,冷たく強固な氷のブロック。基石として使用できる。#r創造/プレイモードで使用でき、サバイバルモードでは破壊できない。,
964,基石-スチールプレート,非常に強固なスチールプレート。基石として使用できる。#r創造/プレイモードで使用でき、サバイバルモードでは破壊できない。,
965,椅子,配置後に座ってくつろげる無垢材の椅子 #r 機械にも効果がある。,
966,テーブル,無垢材のテーブル、装飾品,
967,ソファ,無垢材のソファは、置いておくと座ってくつろげます,
968,茶色の暖炉,錬成台と同じ機能を持ち、低品位の鉱石を錬成することができる,
969,タンス,#c0aba1d地上に設置し#n、アイテム収納に使用する。,
970,アイボリーの椅子,配置後に座ってくつろげる無垢材の椅子,
971,アイボリーのテーブル,無垢材のテーブル、装飾品,
972,アイボリーのソファ,無垢材のソファは、置いておくと座ってくつろげます,
973,白色の暖炉,錬成台と同じ機能を持ち、低品位の鉱石を錬成することができる,
974,アイボリーのタンス,#c0aba1d地上に設置し#n、アイテム収納に使用する。,
975,マツの椅子,配置後に座ってくつろげる無垢材の椅子,
976,マツのテーブル,無垢材のテーブル、装飾品,
977,マツのソファ,無垢材のソファは、置いておくと座ってくつろげます,
978,黒色の暖炉,錬成台と同じ機能を持ち、低品位の鉱石を錬成することができる,
979,マツのタンス,#c0aba1d地上に設置し#n、アイテム収納に使用する。,
980,アニバーサリーケーキ,"逃亡状態の#c0aba1dベビー悪魔#nに使用すると、一定の確率で#c0aba1d懐かせ#nることができる。
設置すると数回#c0aba1d食べられ#n、1回#c0aba1d食べる#nごとに、空腹度が15、HPが15回復する。",アニバーサリーイベント期間に周年限定の商人から購入。
981,ダイヤ模様のレンガ,装飾用のブロック。,アニバーサリーイベント期間に周年限定の商人から購入。
982,茶色模様のレンガ,装飾用のブロック。,アニバーサリーイベント期間に周年限定の商人から購入。
983,白黒模様のレンガ,装飾用のブロック。,アニバーサリーイベント期間に周年限定の商人から購入。
984,白と青のガラス片,装飾用のガラス片。,アニバーサリーイベント期間に周年限定の商人から購入。
985,緑と青のガラス片,装飾用のガラス片。,アニバーサリーイベント期間に周年限定の商人から購入。
986,カラーフラッグ,装飾用のカラーフラッグ。,アニバーサリーイベント期間に周年限定の商人から購入。
987,ゲームのバージョンが古すぎます,今すぐ最新バージョンをダウンロードしましょう！,@Null@
988,補給箱,世界中に散らばる地味なペイント陶製ツボ。中に何が入ってるのかな？,@Null@
989,補給アイテム箱,補給箱の中のアイテムをランダムで1つドロップする。,
990,共通復活ポイント,共通復活ポイント、スパナでチーム復活ポイントに切り替え可能、スターエネルギーで起動し対応チームに設定,
991,チーム1：赤チーム復活ポイント,チーム1：赤チーム復活ポイント,@Null@
992,チーム2：青チーム復活ポイント,チーム2：青チーム復活ポイント,@Null@
993,チーム3：緑チーム復活ポイント,チーム3：緑チーム復活ポイント,@Null@
994,チーム4：黄チーム復活ポイント,チーム4：黄チーム復活ポイント,@Null@
995,チーム5：橙チーム復活ポイント,チーム5：橙チーム復活ポイント,@Null@
996,チーム6：紫チーム復活ポイント,チーム6：紫チーム復活ポイント,@Null@
997,キラキラブロック,プレイモードにこれを食べると、得点がもらえる。,
998,初期アイテム補給箱,保管したアイテムはプレイヤーがゲームにアクセスした際の持ち物になる。,
999,再チャレンジ補給箱,保管したアイテムはプレイヤーがゲームに再チャレンジした際の持ち物になる。,
1000,ブロックコピー機,#c0aba1dコピー機の上に#nコピーしたい#c0aba1dターゲットブロック#nを置き、16×16×16のエリアにもう1つ#c0aba1dコピー機#nを設置すれば、2つのコピー機の間をターゲットブロックで#c0aba1d埋め尽くす#nことができる。,
1001,空気壁ブロック,設置して#c0aba1dモードに切り替える#nと、見えない通れないブロックエリアになる。,
1002,ブロックコピー機,#c0aba1dコピー機の上に#nコピーしたい#c0aba1dターゲットブロック#nを置き、16×16×16のエリアにもう1つ#c0aba1dコピー機#nを設置すれば、2つのコピー機の間をターゲットブロックで#c0aba1d埋め尽くす#nことができる。,
1003,@Null@,@Null@,@Null@
1004,マーク装置（-）,#c0aba1dスライドブロック#nに吸引されると、#c0aba1dマーク装置（+）#nとの間のブロックも一緒に動かすことができる。#r最大で256ブロック移動できる。#r機能は機械に適用される。,
1005,マーク装置（+）,#c0aba1dスライドブロック#nに吸引されると、#c0aba1dマーク装置（+）#nとの間のブロックも一緒に動かすことができる。#r最大で256ブロック移動できる。#r機能は機械に適用される。,
1006,マーク装置3号,今すぐ最新バージョンをダウンロードしましょう！,@Null@
1007,マーク装置4号,今すぐ最新バージョンをダウンロードしましょう！,@Null@
1008,スライドブロック,#c0aba1dスターエナジーを入れた#n後、スライドブロックの「+」面と向き合う#c0aba1dマーク装置（+）#nを吸引し、スターエナジーが止まると#c0aba1dマーク装置（-）#nを吸引する。作動中、マーク装置間にあるブロックは直線運動をする。#r#c0aba1d故障#nした場合、スライドブロックを破壊し、設置し直すことができる。#r一部#c0aba1d自然に生成された#nブロックには作用しない。#r機械に適用される。,
1009,レッドスターエナジーケーブル,スターエナジー信号を伝導し、繋ぎ合わせることができる。#c0aba1dブルースターエナジーケーブル#nには繋げない。#rスパナーで信号の強度が強くなる。#r機能は機械に適用される。,製錬炉で#c0aba1dブルースターエナジーケーブル#nを精練すると入手できる。
1010,回旋ブロック,#c0aba1dスターエナジーを入れた#n後、回旋面にあるブロックが#c0aba1d回旋#nし、スターエナジーが止まると初期状態に戻る。#r設置後にスターエナジーが止まる状態の場合、再び使用すると#c0aba1d回旋角度#nを調整できる。#rスターエナジーが止まる状態でスパナーを使用すると、#c0aba1d回旋方向#nを調整できる。#r一部#c0aba1d自然に生成された#nブロックには作用しない。,
1011,前進標識-共通,設置して再び使用すると方向を変更できる。生物を指定の方向に進ませる。プレイモードでは非表示になる。,
1012,停止標識,生物はこの標識前で停止する。プレイモードでは非表示になる。,
1013,マーク装置0号,マークブロック（ターゲット）,@Null@
1014,大きな十字爆弾,使用後、足元に爆弾を設置すると、3秒後に十字型に爆発する。爆発距離は6マス。,地下牢の宝箱を開けると一定の確率で入手できる。
1015,小さな十字爆弾,使用後、足元に爆弾を設置すると、3秒後に十字型に爆発する。爆発距離は3マス。,地下牢の宝箱を開けると一定の確率で入手できる。
1016,大きな指向性爆弾,使用後、足元に爆弾を設置すると、3秒後に直線型に爆発する。爆発距離は7マス。,地下牢の宝箱を開けると一定の確率で入手できる。
1017,小さな指向性爆弾,使用後、足元に爆弾を設置すると、3秒後に直線型に爆発する。爆発距離は4マス。,地下牢の宝箱を開けると一定の確率で入手できる。
1018,空気壁-弾丸ブロック不可,設置して#c0aba1dモードに切替える#nと、見えない空気壁を作ることができる。#rこの空気壁は#c0aba1d弾丸や弓矢などの投射物はブロックできない#n。,
1019,巣,鳥綱類の繁殖は近くに巣を作る必要がある,
1020,ドードー鳥のエサ,地面に設置し、ドードー鳥が食べた後#c0aba1d繁殖#n状態に入る。#r#c0aba1d鳴き鶏がついて来るように#n誘導しても良い。,
1021,スタートロフィー,プレイモードで壊して得点を獲得し、10秒後に元通りになる。#rバトルマップの争奪ポイントに使用できる。,
1022,ゲームのバージョンが古すぎます,今すぐ最新バージョンをダウンロードしましょう！,@Null@
1023,ゲームのバージョンが古すぎます,今すぐ最新バージョンをダウンロードしましょう！,@Null@
1024,ゲームのバージョンが古すぎます,今すぐ最新バージョンをダウンロードしましょう！,@Null@
1025,ゲームのバージョンが古すぎます,今すぐ最新バージョンをダウンロードしましょう！,@Null@
1026,前進標識-チーム1,チーム1の生物にのみ適用される道路標識。,
1027,前進標識-チーム2,チーム2の生物にのみ適用される道路標識。,
1028,前進標識-チーム3,チーム3の生物にのみ適用される道路標識。,
1029,前進標識-チーム4,チーム4の生物にのみ適用される道路標識。,
1030,前進標識-チーム5,チーム5の生物にのみ適用される道路標識。,
1031,前進標識-チーム6,チーム6の生物にのみ適用される道路標識。,
1032,センサーブロック,周囲#c0aba1d5つの面#nの変化を検出し、ブロックが#c0aba1d変化#nした時に#c0aba1dスターエナジー信号#nを出力する。#r設置して再び使用すると、保存空間が開く。保存空間内にブロックがある場合は、#c0aba1d保存ブロック#nの変化のみ検出する。,@Null@
1033,計算装置,#c0aba1d後方から入力された#nスターエナジー信号と#c0aba1d左右両端から入力#nされたスターエナジー信号#c0aba1dを足し引き算#nしてから出力する。#r設置して再び使用すると、足し算と引き算のモードを切り替えできる。#r機械に適用される。,
1034,スターエナジーバリア,入力された信号を#c0aba1d半減#nして出力する。#r機械に適用される。,
1035,ランダム補充タンク,編集モードで小アイテムを複数入れた後、プレイモードで開くとランダムで1つ入手できる。,
1036,準備ポイント,プレイモードに入ると、まずはここに出現し、準備段階に入る。ゲームが開始すると復活ポイントに転送される。,
1037,タッチブロック,#c0aba1dキャラ、生物、ボール#nが触れると、ブロックにスターエナジーを入り、周囲のタッチブロックにスターエナジーを入れる。#r機械に適用される。,
1038,クリーチャータッチブロック,#c0aba1d生物、ボール#nが触れると、ブロックにスターエナジーを入り、周囲のタッチブロックにスターエナジーを入れる,
1039,スコアブロック,スターエナジーを入れる時、#c0aba1d対象のチームが#n1点加点され、タップするとチーム色が切り替わる。#r#c0aba1dチームなしモード#nの場合、受信した信号にチーム情報がある場合、対象のチームが加点される。#r機械に適用される。,
1040,ボールタッチブロック,#c0aba1dボール#nが触れると、ブロックにスターエナジーを入り、周囲のタッチブロックにスターエナジーを入れる。,
1042,神秘トーテム,#c0aba1d星起石#nを使用すると、5分間#c0aba1d酸素エリア#nを生成することができる。#r星星石を使用すると、マップのマークを点灯/取消できる。,
1043,トーテム宝の水晶,かつての文明が残した宝。,
1044,トーテム宝の水晶（初期祭壇）,かつての文明が残した宝。,
1045,酸素リファイン装置,#c0aba1d地面に設置し#n、樹木の葉などの酸素材料と燃料を加えると、酸素エネルギーを獲得できる。#r#c0aba1dガスタンクに酸素エネルギーが充満#nすると、酸素エリアが生成される。,
1046,トーチ-消えた,酸素がない環境でトーチを下ろすと、火が消える。,
1047,圧縮ガスタンク（空）,#c0aba1dガスリファイン装置の上に設置すると#n、ガスを補充できる。#r#c0aba1dガスが溜まった#n後、破壊すると対象の圧縮ガスタンクを入手できる。,
1048,圧縮ガスタンク（酸素）,#c0aba1d酸素かばん#nの素材の1つ。,圧縮ガスタンク（空）をガスリファイン装置の上に設置し、ガスを補充して入手する。
1049,神秘トーテム（汚染コア）,@Null@,@Null@
1050,プラネット植物の培地,宇宙環境で、上に設置した#c0aba1dミラプラネット土ブロック#nに水分と養分を供給できる。#r注意：ミラプラネット生物を育成する場合は酸素環境が必要になる。,
1051,酸素果実,#c0aba1d食べる#nと空腹度が20回復し、60秒間#c0aba1d酸素が供給される#n。,珍木に酸素豆を植えて育てた果実。 食べると珍木の種が得られ、手ぶらで酸素豆を処理することができます。
1052,信号発射機,スターエネルギー信号を受信すると、32×32×32の範囲内に対象チャンネルの信号を発信する。範囲内に#c0aba1d対応チャンネルの信号受信機#nがある場合は、無線スターエネルギー信号を送ることができる。#r設置して再び使用するとチャンネルが切り替わり、最大8チャンネルまで。#rスライド時は信号が中断する。#r機械に適用される。,
1053,信号受信機,32×32×32の範囲内に#c0aba1d対象チャンネルの信号発射機がスターエナジーを入れた場合#n、無線スターエナジー信号を受取り、チャージできる。#r設置して再び使用するとチャンネルが切り替わり、最大8チャンネルまで。,
1054,信号解析機,スターエナジー信号を受信するとコマンドチップを解析し、32×32×32の範囲内に#c0aba1d対象チャンネルの信号受信機が#n無線スターエナジー信号を受取る。#rスライド時は信号が中断する。,
1055,小さな暗号箱,ホストが設定した暗証番号を入力すると、開くことができる。,
1056,大きな暗号箱,ホストが設定した暗証番号を入力すると、開くことができる。,
1057,宇宙大型ギフトパック,粉々に割ると、ランダムで図面をドロップする。,宇宙商人が時々販売している。
1058,巨人の彫像,それに#c0aba1d星起石#nを使用すると活性化し、永久に#c0aba1d酸素エリア#nを作る#r その上で星星石を使用するとマップマーカーの点灯/非点灯を切り替える#r 置いた後に彫像をクリックし、星1つを消費して復活地点の場所を変更できる。,萌目プラネットで太古巨人を倒した後、ツボを割った時にドロップする。
1059,巨人の核心,スターエナジー信号を受けるとレーザーを発射し、当たったブロックは#c0aba1dスターエナジー信号を発信する#n。#r#c0aba1dスパナーで#nレーザーの照射距離を変更できる。#r照射距離は受けたスターエナジー信号の強さによって変わる。,萌目プラネットで太古巨人を倒した後、ツボを割るとドロップする。
1060,反射鏡,#c0aba1d配置された#n後、ジャイアントのコアのレーザーを#c0aba1d反射#nできます。,
1061,巨人の宝ツボ,豪華に装飾されたツボの中には宝物が隠されているようだ。,
1062,エリアコピーブロック,64×64の高さの制限はない立方体の対角線上に、コピーブロックを設置すると、範囲マークが表示される。#r範囲を確認した後は#c0aba1dコピーブロックと隣り合う位置に#n設計図作業台を設置して操作することができる。,
1063,設計図作業台,マークが終わった#c0aba1dエリアコピーブロック#nと隣り合う位置に設置し、革の巻物を入れて設計図図面を作成できる。,
1064,設計図図面,@Null@,@Null@
1065,図面建造ブロック,@Null@,@Null@
1066,レンジファインダ,#c0aba1d64マス内の直線上に#n2つ設置すると、その距離を計測することができる。#rレンジファインダに#c0aba1dスパナー#nを使用すると、距離を再度表示する。,
1067,物理タッチブロック,#c0aba1d物理特性のアイテム#nに触れた時、ブロックがスターエナジーを入れ、周りの同じタイプのブロックに伝達する。#r物理特性を持つアイテムを保存すると、自身および周りの同じタイプのブロックはそのアイテムのみを検出する。#rスパナーで保存タッチモードに切替えできる。機械の検出のみ行い、#c0aba1dチーム情報を信号と一緒に伝達できる#n。,
1068,バスケットゴールブロック,#c0aba1dバスケットボール#nがバスケットゴールの上から下に通過した際に、スターエナジーを入れ、周りのブロックに伝達する。,
1069,スターブロック,@Null@,@Null@
1070,蛍光ブロック,@Null@,@Null@
1071,蛍光ブロック,@Null@,@Null@
1072,共通初期復活ポイント,プレイモードが始まると、プレーヤーは共通初期復活ポイントに固定され、スパナーを使って共通初期復活ポイントに切り替えることができる。,@Null@
1073,チーム1：赤チーム初期復活ポイント,@Null@,@Null@
1074,チーム2：青チーム初期復活ポイント,@Null@,@Null@
1075,チーム3：緑チーム初期復活ポイント,@Null@,@Null@
1076,チーム4：黄チーム初期復活ポイント,@Null@,@Null@
1077,チーム5：橙チーム初期復活ポイント,@Null@,@Null@
1078,チーム6：紫チーム初期復活ポイント,@Null@,@Null@
1079,個人復活ポイント,個人の復活ポイント。右クリックでアクティベートでき、個人の再チャレンジ地点に設定できる。,@Null@
1080,モンスターブロック,スターエナジー信号を受信すると#c0aba1d設定した通りにモンスターを倒す#n。#r設置して再び使用すると、設定画面が開き、設定を調整できる。,
1081,空気壁-物理ブロック不可,設置して#c0aba1dサバイバルモードに切り替える#nと、見えない通れない空気の壁を作ることができる。#rこの空気壁は#c0aba1d物理性質を持つアイテムをブロックできない#n。,
1082,車体ブロック（テスト用）,車体ブロック、テスト用。,
1083,回転車輪,機械の組み立てに使う。#c0aba1d方向を変える機能があり#n、地面を走ることができる。,
1084,運転席,機械の組み立てに使う。#c0aba1d乗って制御することができる#n。#r運転席は#c0aba1d機械のコア#nであり、各機械には#c0aba1d必ず1つは#n機械のコアが必要。,
1085,機械の生産工場,設置すると建造エリアが作成され、生産工場をタップして画面を開く。エリア内の#c0aba1d機械のコアと繋がっている#nブロックで機械を組み立てられる。#rPS：#c0aba1d詳しい説明は#n生産工場画面の#c0aba1d左上のハテナ#nをタップすれば確認できるよ！,
1086,工場（テスト）,回転盤、テスト用。,
1087,動力車輪,機械の組み立てに使用する。#c0aba1dエンジンで動かせる#n。,
1088,エンジン（テスト）,テスト用エンジン。,
1089,燃料エンジン,機械の組み立てに使用する。車輪を動かせる。#c0aba1d燃料を消費する#n。,
1090,無限エンジン,機械の組み立てに使用する。車輪を動かせる。#c0aba1d燃料を消費しない#n。,
1091,乗客席,機械の組み立てに使用する。#c0aba1d乗客を乗せられる#n。,
1092,動作序列機,機械の組み立てに使用する。スターエナジーを入れアクティベートすると#c0aba1d繋げている旋回ブロック、スライドブロック、ジョイントブロックと油圧アーム#nが設定した順に作動する。#rタップすると#c0aba1d動作序列機の設定画面が開き#n、左上のハテナから機能の説明を確認できる。,
1093,推進器001系,機械の組み立てに使用する。スターエナジーを入れアクティベートすると吹出し口から火炎を発射し、#c0aba1d推進力が生まれる#nが、少し不安定になる…#r使用時に発熱し、過熱した場合は、冷却しないと続けて使用できない。,#c0aba1dゲーム内の行為を決してマネしないでください。#n
1094,機械の翼,機械の組み立てに使用する。機械の前進が#c0aba1d一定速度に達した時に#n#c0aba1d上昇力#nが発生する。上昇力の大きさは#c0aba1d速度と機械の翼#nに関係する。#rPS：#c0aba1d軸回転パーツ#n及び#c0aba1d動作序列機#nと組合せると、角度を調整できる。,
1095,尾翼,機械の組み立てに使用する。運動方向と#c0aba1d角度#nができた時、#c0aba1d翼面に垂直な方向と真逆に抗力#nが発生し、#c0aba1d速度と回転翼の角度#nで力を調整できる。#rPS：#c0aba1d軸回転パーツ及び動作序列機#nと組合せると、飛行機の#c0aba1d横回転と縦回転#nを制御できる。,
1096,航天推進器,機械の組み立てに使用する。#c0aba1d推進力#nの大きさを変更でき、#c0aba1d過熱にならない#n新型推進器。しかし、作動には#c0aba1dエンジンまたは燃料タンクの燃料を消費する#n。#rPS：PCは#c0aba1dスペース#nで上昇力を上げ、#c0aba1dCtrl#nで上昇力を下げる。スマートフォンは画面の#c0aba1d対になっているボタン#nで力の強弱を制御する,
1097,アームXI,ゲームの最新バージョンをダウンロードしてください!,
1099,燃料タンク,機械の組み立てに使用する。機械の#c0aba1d燃料貯蓄量#nを#c0aba1d増やし#n、直接に航天推進器に燃料を供給できる。,
1100,マップ転送ブロック,マップ間で転送可能なブロック,@Null@
1101,研究室のドア,強い爆発抵抗を伴う高いテックドア、スターエネルギーを接続した後に開き、断線してから閉じます。,
1102,鏡アイス,鏡のように滑らかな氷。,
1103,氷のランプ,設置すると周囲の空間を照らす。,
1104,花模様のスターエナジーブロック,設置後、持続的に#c0aba1dスターエナジー信号#nを出力する。#r機能は機械に適用される。,
1105,スターエナジーのミスリルのブロック,丈夫で見た目もいい建築素材。,
1106,スターエナジーのミスリル板,丈夫で見た目もいい建築素材。,
1107,紫線のミスリルのブロック,丈夫で見た目もいい建築素材。,
1108,厚いミスリル板,丈夫で見た目もいい建築素材。,
1109,透かし彫りのミスリル板,丈夫で使いやすい建築素材。,
1110,ラボライト,設置すると周囲の空間を照らす。,
1111,錆びたミスリルの門,スターエナジーに接続すると開き、接続を解除すると閉じる、錆びたミスリル扉。,
1112,ミスリル線メッシュ,あまり丈夫じゃなく錆びたミスリル線メッシュ。,
1113,縦模様のミスリル板,縦模様がついたミスリル板。,
1114,錆びたミスリル板,あまり丈夫じゃなく錆びたミスリル板。,
1115,模様付きの錆びたミスリル板,模様付きの錆びたミスリル板。,
1116,透かし彫りの錆びたミスリル板,透かし彫りの錆びたミスリル板。,
1117,スターエナジーの錆びたミスリルのブロック,あまり丈夫じゃない錆びたスターエナジーミスリルのブロック。,
1118,蛍光灯,設置すると周囲の空間を照らす。,
1119,パターンミスリルのブロック,黄色と灰色模様のミスリル建築素材。,
1120,古いミスリルのブロック,ミスリルでできた頑丈な建材#r塗料ボトル、ペイントボールガン、カラーエッグを手持ち、染めることができる,職人台でミスリルで加工したり、他の古いミスリルブロックを染めて入手する。
1121,古いミスリルのブロック,ミスリルでできた頑丈な建材#r塗料ボトル、ペイントボールガン、カラーエッグを手持ち、染めることができる,他の古いミスリルブロックを染めて入手する。
1122,古いミスリルのブロック,ミスリルでできた頑丈な建材#r塗料ボトル、ペイントボールガン、カラーエッグを手持ち、染めることができる,他の古いミスリルブロックを染めて入手する。
1123,古いミスリルのブロック,ミスリルでできた頑丈な建材#r塗料ボトル、ペイントボールガン、カラーエッグを手持ち、染めることができる,他の古いミスリルブロックを染めて入手する。
1124,古いミスリルのブロック,ミスリルでできた頑丈な建材#r塗料ボトル、ペイントボールガン、カラーエッグを手持ち、染めることができる,他の古いミスリルブロックを染めて入手する。
1125,古いミスリルのブロック,ミスリルでできた頑丈な建材#r塗料ボトル、ペイントボールガン、カラーエッグを手持ち、染めることができる,他の古いミスリルブロックを染めて入手する。
1126,古いミスリルのブロック,ミスリルでできた頑丈な建材#r塗料ボトル、ペイントボールガン、カラーエッグを手持ち、染めることができる,他の古いミスリルブロックを染めて入手する。
1127,古いミスリルのブロック,ミスリルでできた頑丈な建材#r塗料ボトル、ペイントボールガン、カラーエッグを手持ち、染めることができる,他の古いミスリルブロックを染めて入手する。
1128,古いミスリルのブロック,ミスリルでできた頑丈な建材#r塗料ボトル、ペイントボールガン、カラーエッグを手持ち、染めることができる,他の古いミスリルブロックを染めて入手する。
1129,古いミスリルのブロック,ミスリルでできた頑丈な建材#r塗料ボトル、ペイントボールガン、カラーエッグを手持ち、染めることができる,他の古いミスリルブロックを染めて入手する。
1130,古いミスリルのブロック,ミスリルでできた頑丈な建材#r塗料ボトル、ペイントボールガン、カラーエッグを手持ち、染めることができる,他の古いミスリルブロックを染めて入手する。
1131,古いミスリルのブロック,ミスリルでできた頑丈な建材#r塗料ボトル、ペイントボールガン、カラーエッグを手持ち、染めることができる,他の古いミスリルブロックを染めて入手する。
1132,古いミスリルのブロック,ミスリルでできた頑丈な建材#r塗料ボトル、ペイントボールガン、カラーエッグを手持ち、染めることができる,他の古いミスリルブロックを染めて入手する。
1133,古いミスリルのブロック,ミスリルでできた頑丈な建材#r塗料ボトル、ペイントボールガン、カラーエッグを手持ち、染めることができる,他の古いミスリルブロックを染めて入手する。
1134,古いミスリルのブロック,ミスリルでできた頑丈な建材#r塗料ボトル、ペイントボールガン、カラーエッグを手持ち、染めることができる,他の古いミスリルブロックを染めて入手する。
1135,古いミスリルのブロック,ミスリルでできた頑丈な建材#r塗料ボトル、ペイントボールガン、カラーエッグを手持ち、染めることができる,他の古いミスリルブロックを染めて入手する。
1136,雪梅の屏風,梅の模様がついている屛風、装飾品。,@Null@
1137,赤いろうそくランプ,それに#c0aba1d小さな燃え盛る松明#nを使って、燃焼できる。点火した燭台に他のアイテムを使用すると、消灯する。,
1138,モデル作業台,設置すると#c0aba1d20×20×20#nのエリアをマークする。#c0aba1d砂土を1袋#n置くと、マークエリアをブロックの大きさに#c0aba1d縮小する#n。,@Null@
1139,赤いろうそくランプ,それに#c0aba1d小さな燃え盛る松明#nを使って、燃焼できる。点火した燭台に他のアイテムを使用すると、消灯する。,
1140,テレポートコアブロック,複数のテレポートコアブロックを配置すると、インターフェイスが開き、テレポートルートを自由に設定できます。これらのブロックはアクティブ化するためにセレスチウムを必要とし、操作制限は 50 ブロックです。#r 機械にも効果があります。,
1141,転送ブロック,転送コアブロックと隣り合う位置に設置すると、転送​始点に設定できる。,@Null@
1142,アイテムモデルワークベンチ,設置すると#c0aba1d60×20×60#nのエリアをマークする。#c0aba1d砂土を1袋#n置くと、マークエリアの中心にあるバーチャルアームの方向と比率で#c0aba1d縮小され#nアイテムモデルになる。,@Null@
1143,製本台,設置後にタップすると、本の作成画面が開く。#r最大で12枚の#c0aba1dレザーの巻物#nを#c0aba1d本#nにすることができる。また#c0aba1d本#nをいくつかの#c0aba1dレザーの巻物#nにすることもできる。,
1144,本棚,手に持った#c0aba1d本#nは#c0aba1d本棚#nに入れることができる。手ぶらで#c0aba1d本棚#nをタップすると#c0aba1d本#nを取り出せる。#r機械に適用される。,
1145,春節切り紙-ウシ,装飾としてブロックの側面に貼り付けられる。,@Null@
1146,お祭りのランタン,美しいお祭りのランタンには、人々の良い願いが込められています。ランタンを放つことで、#c0aba1d天空の犬が月を食べる#nの危機を救うことができると言われています。 #rランタンは#c0aba1d燃えているトーチで火をつけて#c0aba1d空に飛びます#n。,
1147,春節パターン - タイガー,装飾としてブロックの側面に貼り付けられる。,@Null@
1148,@Null@,@Null@,@Null@
1149,@Null@,@Null@,@Null@
1150,生物モデルブロック,地面に設置し、タップすると生物モデルを作成し、ミニチュアモデルに縮小する。作成した生物は資源センターに入れられる,@Null@
1151,カスタマイズモデル製作機,地面に設置し、タップするとカスタマイズモデルを作成できる。ミニチュアモデルに縮小し、骨組みを作り、好きな動作を加え、魂を吹き込める！ブロック、アイテム、生物が作れる,@Null@
1152,工具モードプレビューブロック,@Null@,@Null@
1153,テスト：マーク装置（-）,#c0aba1dスライドブロック#nに吸引されると、#c0aba1dマーク装置（+）#nとの間のブロックも一緒に動かすことができる。#r最大で256ブロック移動できる。,@Null@
1154,テスト：マーク装置（+）,#c0aba1dスライドブロック#nに吸引されると、#c0aba1dマーク装置（-）#nとの間のブロックも一緒に動かすことができる。#r最大で256ブロック移動できる。,@Null@
1155,テスト：スライドブロック,#c0aba1dスターエナジーを入れた#n後、スライドブロックの「+」面と向き合う#c0aba1dマーク装置（+）#nを吸引し、スターエナジーが止まると#c0aba1dマーク装置（-）#nを吸引する。作動中、マーク装置間にあるブロックは直線運動をする。#r#c0aba1d故障#nした場合、スライドブロックを破壊し、設置し直すことができる。#r一部#c0aba1d自然に生成された#nブロックには作用しない。,@Null@
1156,テスト：回旋ブロック,#c0aba1dスターエナジーを入れた#n後、回旋面にあるブロックが#c0aba1d回旋#nし、スターエナジーが止まると初期状態に戻る。#r設置後にスターエナジーが止まる状態の場合、再び使用すると#c0aba1d回旋角度#nを調整できる。#rスターエナジーが止まる状態でスパナーを使用すると、#c0aba1d回旋方向#nを調整できる。#r一部#c0aba1d自然に生成された#nブロックには作用しない。,@Null@
1157,テスト：スイッチ,引くと、持続的に#c0aba1dスターエナジー信号#nを出力する。,@Null@
1158,球型ジョイントブロック,機械の組み立てに使用する球形のジョイント。ブロックを自由に動かすことができる。,@Null@
1159,ジョイントブロック,機械の組み立てに使用する。#c0aba1dスターエナジーを入れた#n後、回旋面にあるブロックが#c0aba1d回旋#nし、スターエナジーが止まると初期状態に戻る。#rスターエナジーが止まる状態の場合、再び使用すると#c0aba1d回旋角度と方向#nを調整できる。#rスパナーを使用すると、#c0aba1d水平または垂直に#n方向を調整できる。,@Null@
1160,機械ハンド,機械の組み立てに使用する。#c0aba1dスターエナジーを入れる#nと、乗り物、生物をつかみ、スターエナジーが止まると離す。,@Null@
1161,油圧アーム,機械の組み立てに使用する。#c0aba1dスターエナジーを入れる#nと、伸縮面にあるブロックを#c0aba1d伸縮#nさせ、スターエナジーが止まると伸縮した状態のまま停止する。,@Null@
1162,@Null@,@Null@,@Null@
1163,@Null@,@Null@,@Null@
1164,ダンパー,機械の組み立てに使用し、バネと同様に物体を弾ませる。,@Null@
1165,巻き上げロープ,機械の組み立てに使用する。#c0aba1dスターエナジーを入れる#nと、ロープと繋がっている伸縮面のブロックを#c0aba1d伸縮#nさせ、スターエナジーが止まると伸縮した状態のまま停止する。,@Null@
1166,@Null@,@Null@,@Null@
1167,@Null@,@Null@,@Null@
1168,赤外線センサーブロック,赤外線距離内の物体を検出し、スターエナジー信号を出力する。使用後に#c0aba1d画面を開くと#n検出距離を調節でき、単体のブロックや生物の卵を検出できる。#r機械に適用される。,
1169,光センサー,光を検出し、スターエナジー信号を出力する。使用後に#c0aba1d画面を開くと#nパラメータを設定でき、#c0aba1dスパナーで#nワールドの高度および速度の検出に切り替えできる。#r機械に適用される。,
1170,ゲームのバージョンが古すぎます,今すぐ最新バージョンをダウンロードしてください！,@Null@
1171,ゲームのバージョンが古すぎます,今すぐ最新バージョンをダウンロードしてください！,@Null@
1180,大型収納ボックス（横）,物を保管するために使用される、地面に置かれた大きな収納ボックス。,@Null@
1181,大型収納ボックス（縦）,物を保管するために使用される、地面に置かれた大きな収納ボックス。,@Null@
1182,スターエナジー発振器,スターエネルギーの信号を受信すると、周囲のマスにスターエネルギーのパルスを発射する。スパナで叩いてみてください。,#c0aba1d図面-スターエナジー発振器 #nを使って作れる
1183,黄色いレンガ,#c0aba1d非道具の圧力#nがかかるとスターエネルギー信号が発生する。効、,
1184,スターエナジースタンド,スタンドに展示されている道具が変化すると、スターエネルギー信号が下向きに放出される,
1185,ドードー鳥巣,,
1186,彼岸花,彼岸パイナップルから生えない花は、彼岸の種として手に入り、強化した花輪を作られる。,耕地に彼岸の種を植えて得られるもの。
1187,彼岸パイナップル,彼岸花は、赤土で栽培されたものでなければ実をつけることができない,
1188,ラダー,機械の組み立てには、#c0aba1d乗ったり制御#nすることができます。舵は#c0aba1dのメカニカルコア#nであり、各機械は#c0aba1dのメカニカルコアを1つだけ#n持つ必要があり、持つことができる。 航海に出よう!,
1189,渦巻き型プロペラ,機械を組み立てるために、#c0aba1dステアリング機能#nを持ち、表面上を走行することができる。,
1190,フローティングバケット,機械の組み立てに使用される#c0aba1dは浮力が高く#n、重量オーバーの船に水面に浮く能力を与えることができる。,
1191,海神像,海神像がそのまま残っており、触ると海に出る人に幸運が訪れると言われている。,
1192,肉の乾燥ラック,空気乾燥食品を作るための棚、#c0aba1d魚#nや@item_12535#をかけて、#c0aba1d干し肉#nにすることができる。,
1193,海神像（損壊）,壊れた海神像は、真珠で修復することができ、良い状態で触れると海を航海する人に幸運をもたらすと言われています。,
1194,彼岸種子,耕地に#c0aba1d植えをする#nと苗が育ち、時間が経つと#c0aba1d彼岸の花#nに成長する。#r赤土で耕した土地でのみ#c0aba1d彼岸のパイナップル#nに成長できる。#rまた#c0aba1d動物肥料#nを使って成長を早めることができる。,職人台で彼岸パイナップルと彼岸花を解体して入手
1195,シェルダブルソファ,置きたら、座ってくつろげるマリン風の家具。,#c0aba1dレシピ－シェルダブルソファ#nを使って製作した。
1196,ロボットアームII,ゲームの最新バージョンをダウンロードしてください!,
1197,プッシュプルアームII,ゲームの最新バージョンをダウンロードしてください!,
1198,ロボットアームパーツII,,
1199,移動ロボットアームII,,
1200,焚き火,@item_298#などのツールで火をともすことができる。燃料を入れると火勢が強くなり、#c0aba1d周りの温度を上げる#nことができる。#r通常の肉類食材を焼くことも可能だが、火加減と時間に注意する必要がある。#r野蛮人は焼き肉の香りが好きかもしれない。,
1201,石碑,装飾に使う石製の記念碑。,@Null@
1202,部族トーテム,部族のトーテムブロックが配置された場所は、野蛮人のパートナーが集まる場所になり、部族のトーテムの周りの#c 0 aba 1 d 11*11*5#nエリアは、野蛮人のパートナーの保管エリアになり#r同じマップ内で、冒険者は1つのトーテムしかアクティブにできません。,
1203,農夫の旗,農夫の旗を設置した場所は野蛮人農夫村民の仕事場となる。農夫の旗周辺#c0aba1d9×9×5#nのエリアは農夫村民の固定の仕事場となる。,
1204,木こりの旗,木こりの旗を設置した場所は野蛮人木こり村民の仕事場となる。木こりの旗周辺#c0aba1d15×15×5#nのエリアは木こり村民の固定の仕事場となる。,
1205,守衛の旗,守衛の旗を設置した場所は野蛮人守衛村民の仕事場となる。守衛の旗周辺#c0aba1d20×20#nのエリアは守衛村民の固定の仕事場となる。,
1206,透明硬質ガラスブロック,高圧環境下でも割れにくい強化ガラス建材#r塗料ボトル、ペイントボールガン、カラーエッグを手持ち、染めることができる,職人台でマンガン団塊を加工して得られる
1207,硬質ガラスブロック,高圧環境下でも割れにくい強化ガラス建材#r塗料ボトル、ペイントボールガン、カラーエッグを手持ち、染めることができる,他の硬質ガラスブロックを染色して得る
1208,硬質ガラスブロック,高圧環境下でも割れにくい強化ガラス建材#r塗料ボトル、ペイントボールガン、カラーエッグを手持ち、染めることができる,他の硬質ガラスブロックを染色して得る
1209,硬質ガラスブロック,高圧環境下でも割れにくい強化ガラス建材#r塗料ボトル、ペイントボールガン、カラーエッグを手持ち、染めることができる,他の硬質ガラスブロックを染色して得る
1210,硬質ガラスブロック,高圧環境下でも割れにくい強化ガラス建材#r塗料ボトル、ペイントボールガン、カラーエッグを手持ち、染めることができる,他の硬質ガラスブロックを染色して得る
1211,硬質ガラスブロック,高圧環境下でも割れにくい強化ガラス建材#r塗料ボトル、ペイントボールガン、カラーエッグを手持ち、染めることができる,他の硬質ガラスブロックを染色して得る
1212,硬質ガラスブロック,高圧環境下でも割れにくい強化ガラス建材#r塗料ボトル、ペイントボールガン、カラーエッグを手持ち、染めることができる,他の硬質ガラスブロックを染色して得る
1213,硬質ガラスブロック,高圧環境下でも割れにくい強化ガラス建材#r塗料ボトル、ペイントボールガン、カラーエッグを手持ち、染めることができる,他の硬質ガラスブロックを染色して得る
1214,硬質ガラスブロック,高圧環境下でも割れにくい強化ガラス建材#r塗料ボトル、ペイントボールガン、カラーエッグを手持ち、染めることができる,他の硬質ガラスブロックを染色して得る
1215,硬質ガラスブロック,高圧環境下でも割れにくい強化ガラス建材#r塗料ボトル、ペイントボールガン、カラーエッグを手持ち、染めることができる,他の硬質ガラスブロックを染色して得る
1216,硬質ガラスブロック,高圧環境下でも割れにくい強化ガラス建材#r塗料ボトル、ペイントボールガン、カラーエッグを手持ち、染めることができる,他の硬質ガラスブロックを染色して得る
1217,硬質ガラスブロック,高圧環境下でも割れにくい強化ガラス建材#r塗料ボトル、ペイントボールガン、カラーエッグを手持ち、染めることができる,他の硬質ガラスブロックを染色して得る
1218,硬質ガラスブロック,高圧環境下でも割れにくい強化ガラス建材#r塗料ボトル、ペイントボールガン、カラーエッグを手持ち、染めることができる,他の硬質ガラスブロックを染色して得る
1219,硬質ガラスブロック,高圧環境下でも割れにくい強化ガラス建材#r塗料ボトル、ペイントボールガン、カラーエッグを手持ち、染めることができる,他の硬質ガラスブロックを染色して得る
1220,硬質ガラスブロック,高圧環境下でも割れにくい強化ガラス建材#r塗料ボトル、ペイントボールガン、カラーエッグを手持ち、染めることができる,他の硬質ガラスブロックを染色して得る
1221,硬質ガラスブロック,高圧環境下でも割れにくい強化ガラス建材#r塗料ボトル、ペイントボールガン、カラーエッグを手持ち、染めることができる,他の硬質ガラスブロックを染色して得る
1222,硬質ガラスブロック,高圧環境下でも割れにくい強化ガラス建材#r塗料ボトル、ペイントボールガン、カラーエッグを手持ち、染めることができる,他の硬質ガラスブロックを染色して得る
1223,貝殻ベッド,マリンスタイルの家具、貝殻でできたベッドで日没後はスリープモードに入り、明け方までぐっすり眠れます,#c0aba1dレシピ－貝殻ベッド#nを使って製作した。
1224,貝殻ソファー,マリンスタイルの家具、座ったらそのまま休める,#c0aba1dレシピ－貝殻ソファー#nを使って製作した。
1225,貝殻机,マリンスタイルの家具,#c0aba1dレシピ－貝殻机#nを使って製作した。
1226,貝殻椅子,マリンスタイルの家具、座った後はゆっくり休める,#c0aba1dレシピ－貝殻椅子#nを使って製作した。
1227,サンゴドア,マリンスタイルの家具 開閉できる扉 #c0aba1d スターエネルギー信号#nにも対応。,#c0aba1dレシピ－サンゴドア#nを使って製作した。
1228,貝殻ドア,マリンスタイルの家具 開閉できる扉 #c0aba1d スターエネルギー信号#nにも対応。,#c0aba1dレシピ－貝殻ドア#nを使って製作した。
1229,サンゴ窓,マリンスタイルの家具 開閉できる窓,#c0aba1dレシピ－サンゴ窓#nを使って製作した。
1230,シェル窓,マリンスタイルの家具 開閉できる窓,#c0aba1dレシピ－シェル窓#nを使って製作した。
1231,海洋ロッカー,マリンスタイルの家具、床に物を置ける収納ボックス,#c0aba1dレシピ－海洋ロッカー#nを使って製作した。
1232,海洋屛風,マリンスタイルの家具、美しく機能的なスクリーン,#c0aba1dレシピ－海洋屛風#nを使って製作した。
1233,貝殻階段,マリンスタイルの家具、貝殻の階段,#c0aba1dレシピ－貝殻階段#nを使って製作した。
1234,海洋クローゼット,マリンスタイルの家具,#c0aba1dレシピ－海洋クローゼット#nを使って製作した。
1235,海洋電気スタンド,マリンスタイルの家具 フロアランプ スイッチ式,#c0aba1dレシピ－海洋電気スタンド#nを使って製作した。
1236,海洋つり下げ式ランプ,マリンスタイルの家具 シャンデリア スイッチ式,#c0aba1dレシピ－海洋つり下げ式ランプ#nを使って製作した。
1237,海洋デスクランプ,マリンスタイルの家具 テーブルランプ スイッチ式,#c0aba1dレシピ－海洋デスクランプ#nを使って製作した。
1238,海洋でかい植木鉢,マリンスタイルの家具、大きな植木鉢に背の高い植物を飾る,#c0aba1dレシピ－海洋でかい植木鉢#nを使って製作した。
1239,サンゴ柵,マリンスタイルの家具 飛び越えられない珊瑚フェンス,#c0aba1dレシピ－サンゴ柵#nを使って製作した。
1240,サンゴ柵ドア,マリンスタイルの家具、開閉可能なフェンスゲート、#c0aba1dスターエナジーシ信号#nも付いています。,#c0aba1dレシピ－サンゴ柵ドア#nを使って製作した。
1241,貝殻柵,マリンスタイルの家具、飛び越えられないフェンス,#c0aba1dレシピ－貝殻柵#nを使って製作した。
1242,貝殻柵ドア,マリンスタイルの家具、開閉可能なフェンスゲート、#c0aba1dスターエナジーシ信号#nも付いています。,#c0aba1dレシピ－貝殻柵ドア#nを使って製作した。
1243,貝殻風鈴,マリンスタイルの家具、ブロックの下に置いて風に揺られる貝殻の風鈴,#c0aba1dレシピ－貝殻風鈴#nを使って製作した。
1244,プラネット岩石傾斜板,三角形の石板は、角度を変えて配置することで様々な方向性を持たせることができ、積み重ねられる。,職人台で萌え目プラネット石を加工する
1245,竹傾斜板,三角形の竹板は、角度を変えて配置することで様々な方向性を持たせることができ、積み重ねられる。,職人台で竹を加工する
1246,赤い傾斜板,三角形の木板は、角度を変えて配置することで様々な方向性を持たせることができ、積み重ねられる。,職人台でルージュ色の顔料で加工する
1247,セメントレンガ傾斜板,三角形の石板は、角度を変えて配置することで様々な方向性を持たせることができ、積み重ねられる。,職人台でセメントレンガで加工する
1248,硫黄レンガ傾斜板,三角形の石板は、角度を変えて配置することで様々な方向性を持たせることができ、積み重ねられる。,職人台で硫黄レンガで加工する
1249,石製傾斜板,三角形の石板は、角度を変えて配置することで様々な方向性を持たせることができ、積み重ねられる。,職人台で石で加工する
1250,精製石レンガ傾斜板,三角形の石板は、角度を変えて配置することで様々な方向性を持たせることができ、積み重ねられる。,職人台で岩石で加工する
1251,チタン傾斜板,三角形の金属板は、角度を変えて配置することで様々な方向性を持たせることができ、積み重ねられる。,職人台でチタンで加工する
1252,銅製傾斜板,三角形の金属板は、角度を変えて配置することで様々な方向性を持たせることができ、積み重ねられる。,職人台で銅で加工する
1253,マイカ傾斜板,三角形の金属板は、角度を変えて配置することで様々な方向性を持たせることができ、積み重ねられる。,職人台で雲母で加工する
1254,ミスリル傾斜板,三角形の金属板は、角度を変えて配置することで様々な方向性を持たせることができ、積み重ねられる。,職人台にミスリルで作る
1255,炎傾斜板,三角形の金属板は、角度を変えて配置することで様々な方向性を持たせることができ、積み重ねられる。,職人台に炎で作る
1256,レモンイエロー傾斜板,三角形の木板は、角度を変えて配置することで様々な方向性を持たせることができ、積み重ねられる。,職人台にレモンイエロー顔料で作る
1257,ペールライム傾斜板,三角形の木板は、角度を変えて配置することで様々な方向性を持たせることができ、積み重ねられる。,職人台に淡い石灰顔料で作る
1258,深い栗色傾斜板,三角形の木板は、角度を変えて配置することで様々な方向性を持たせることができ、積み重ねられる。,職人台に深い栗色顔料で作る
1259,サンセットオレンジ傾斜板,三角形の木板は、角度を変えて配置することで様々な方向性を持たせることができ、積み重ねられる。,職人台にサンセットオレンジ顔料で作る
1260,ベゴニア傾斜板,三角形の木板は、角度を変えて配置することで様々な方向性を持たせることができ、積み重ねられる。,職人台にベゴニア顔料で作る
1261,薄白い傾斜板,三角形の木板は、角度を変えて配置することで様々な方向性を持たせることができ、積み重ねられる。,職人台に薄白い顔料で作る
1262,オータムリーフオレンジ傾斜板,三角形の木板は、角度を変えて配置することで様々な方向性を持たせることができ、積み重ねられる。,職人台にオータムリーフオレンジ顔料で作る
1263,傾斜板,三角形の木板は、角度を変えて配置することで様々な方向性を持たせることができ、積み重ねられる。,職人台に木の材料で作る
1264,黄色いレンガ傾斜板,三角形の石板は、角度を変えて配置することで様々な方向性を持たせることができ、積み重ねられる。,職人台で黄色いレンガで加工する
1265,マンガンブロック傾斜板,三角形の石板は、角度を変えて配置することで様々な方向性を持たせることができ、積み重ねられる。,職人台でマンガン団塊で加工する
1266,ココナッツの原木,ココナッツの木の構造はより特殊で、原木の形が変わり、#c0aba1d斧のような道具#nで素早く切り倒すことができる。#r木材製品に加工することができ、燃料としても利用することが可能である。,
1267,プラネット岩石薄型傾斜板,三角形の石板は、角度を変えて配置することで様々な方向性を持たせることができ、積み重ねられる。,職人台で萌え目プラネット石ブロックで加工する
1268,プラネット岩石大型薄型傾斜板,三角形の石板は、角度を変えて配置することで様々な方向性を持たせることができ、積み重ねられる。,職人台で萌え目プラネット石ブロックで加工する
1269,竹薄型傾斜板,三角形の竹板は、角度を変えて配置することで様々な方向性を持たせることができ、積み重ねられる。,職人台で竹で加工する
1270,竹大型薄型傾斜板,三角形の竹板は、角度を変えて配置することで様々な方向性を持たせることができ、積み重ねられる。,職人台で竹で加工する
1271,赤い薄型傾斜板,三角形の木板は、角度を変えて配置することで様々な方向性を持たせることができ、積み重ねられる。,職人台でルージュ色の顔料で加工する
1272,赤い大型薄型傾斜板,三角形の木板は、角度を変えて配置することで様々な方向性を持たせることができ、積み重ねられる。,職人台でルージュ色の顔料で加工する
1273,セメントレンガ薄型傾斜板,三角形の石板は、角度を変えて配置することで様々な方向性を持たせることができ、積み重ねられる。,職人台でセメントレンガで加工する
1274,セメントレンガ大型薄型傾斜板,三角形の石板は、角度を変えて配置することで様々な方向性を持たせることができ、積み重ねられる。,職人台でセメントレンガで加工する
1275,硫黄レンガ薄型傾斜板,三角形の石板は、角度を変えて配置することで様々な方向性を持たせることができ、積み重ねられる。,職人台で硫黄レンガで加工する
1276,硫黄レンガ大型薄型傾斜板,三角形の石板は、角度を変えて配置することで様々な方向性を持たせることができ、積み重ねられる。,職人台で硫黄レンガで加工する
1277,石製薄型傾斜板,三角形の石板は、角度を変えて配置することで様々な方向性を持たせることができ、積み重ねられる。,職人台で石で加工する
1278,石製大型薄型傾斜板,三角形の石板は、角度を変えて配置することで様々な方向性を持たせることができ、積み重ねられる。,職人台で石で加工する
1279,精製石レンガ薄型傾斜板,三角形の石板は、角度を変えて配置することで様々な方向性を持たせることができ、積み重ねられる。,職人台で岩石で加工する
1280,精製石レンガ大型薄型傾斜板,三角形の石板は、角度を変えて配置することで様々な方向性を持たせることができ、積み重ねられる。,職人台で岩石で加工する
1281,チタン薄型傾斜板,三角形の金属板は、角度を変えて配置することで様々な方向性を持たせることができ、積み重ねられる。,職人台でチタンで加工する
1282,チタン傾斜大型薄型傾斜板,三角形の金属板は、角度を変えて配置することで様々な方向性を持たせることができ、積み重ねられる。,職人台でチタンで加工する
1283,銅製薄型傾斜板,三角形の金属板は、角度を変えて配置することで様々な方向性を持たせることができ、積み重ねられる。,職人台で銅で加工する
1284,銅製大型薄型傾斜板,三角形の金属板は、角度を変えて配置することで様々な方向性を持たせることができ、積み重ねられる。,職人台で銅で加工する
1285,マイカ薄型傾斜板,三角形の金属板は、角度を変えて配置することで様々な方向性を持たせることができ、積み重ねられる。,職人台で雲母で加工する
1286,マイカ大型薄型傾斜板,三角形の金属板は、角度を変えて配置することで様々な方向性を持たせることができ、積み重ねられる。,職人台で雲母で加工する
1287,ミスリル薄型傾斜板,三角形の金属板は、角度を変えて配置することで様々な方向性を持たせることができ、積み重ねられる。,職人台にミスリルで作る
1288,ミスリル大型薄型傾斜板,三角形の金属板は、角度を変えて配置することで様々な方向性を持たせることができ、積み重ねられる。,職人台にミスリルで作る
1289,炎薄型傾斜板,三角形の金属板は、角度を変えて配置することで様々な方向性を持たせることができ、積み重ねられる。,職人台に炎で作る
1290,炎大型薄型傾斜板,三角形の金属板は、角度を変えて配置することで様々な方向性を持たせることができ、積み重ねられる。,職人台に炎で作る
1291,レモンイエロー薄型傾斜板,三角形の木板は、角度を変えて配置することで様々な方向性を持たせることができ、積み重ねられる。,職人台にレモンイエロー顔料で作る
1292,レモンイエロー大型薄型傾斜板,三角形の木板は、角度を変えて配置することで様々な方向性を持たせることができ、積み重ねられる。,職人台にレモンイエロー顔料で作る
1293,ペールライム薄型傾斜板,三角形の木板は、角度を変えて配置することで様々な方向性を持たせることができ、積み重ねられる。,職人台に淡い石灰顔料で作る
1294,ペールライム大型薄型傾斜板,三角形の木板は、角度を変えて配置することで様々な方向性を持たせることができ、積み重ねられる。,職人台に淡い石灰顔料で作る
1295,深い栗色薄型傾斜板,三角形の木板は、角度を変えて配置することで様々な方向性を持たせることができ、積み重ねられる。,職人台に深い栗色顔料で作る
1296,深い栗色大型薄型傾斜板,三角形の木板は、角度を変えて配置することで様々な方向性を持たせることができ、積み重ねられる。,職人台に深い栗色顔料で作る
1297,サンセットオレンジ薄型傾斜板,三角形の木板は、角度を変えて配置することで様々な方向性を持たせることができ、積み重ねられる。,職人台にサンセットオレンジ顔料で作る
1298,サンセットオレンジ大型薄型傾斜板,三角形の木板は、角度を変えて配置することで様々な方向性を持たせることができ、積み重ねられる。,職人台にサンセットオレンジ顔料で作る
1299,ベゴニア薄型傾斜板,三角形の木板は、角度を変えて配置することで様々な方向性を持たせることができ、積み重ねられる。,職人台にベゴニア顔料で作る
1300,ベゴニア大型薄型傾斜板,三角形の木板は、角度を変えて配置することで様々な方向性を持たせることができ、積み重ねられる。,職人台にベゴニア顔料で作る
1301,薄白い薄型傾斜板,三角形の木板は、角度を変えて配置することで様々な方向性を持たせることができ、積み重ねられる。,職人台に薄白い顔料で作る
1302,薄白い大型薄型傾斜板,三角形の木板は、角度を変えて配置することで様々な方向性を持たせることができ、積み重ねられる。,職人台に薄白い顔料で作る
1303,オータムリーフオレンジ薄型傾斜板,三角形の木板は、角度を変えて配置することで様々な方向性を持たせることができ、積み重ねられる。,職人台にオータムリーフオレンジ顔料で作る
1304,オータムリーフオレンジ大型薄型傾斜板,三角形の木板は、角度を変えて配置することで様々な方向性を持たせることができ、積み重ねられる。,職人台にオータムリーフオレンジ顔料で作る
1305,薄型傾斜板,三角形の木板は、角度を変えて配置することで様々な方向性を持たせることができ、積み重ねられる。,職人台に木の材料で作る
1306,大型薄型傾斜板,三角形の木板は、角度を変えて配置することで様々な方向性を持たせることができ、積み重ねられる。,職人台に木の材料で作る
1307,黄色いレンガ薄型傾斜板,三角形の木板は、角度を変えて配置することで様々な方向性を持たせることができ、積み重ねられる。,職人台で黄色いレンガで加工する
1308,黄色いレンガ大型薄型傾斜板,三角形の木板は、角度を変えて配置することで様々な方向性を持たせることができ、積み重ねられる。,職人台で黄色いレンガで加工する
1309,マンガンブロック薄型傾斜板,三角形の金属板は、角度を変えて配置することで様々な方向性を持たせることができ、積み重ねられる。,職人台でマンガン団塊で加工する
1310,マンガンブロック大型薄型傾斜板,三角形の金属板は、角度を変えて配置することで様々な方向性を持たせることができ、積み重ねられる。,職人台でマンガン団塊で加工する
1311,プラネット岩石傾斜板,三角形の石板は、角度を変えて配置することで様々な方向性を持たせることができ、積み重ねられる。,職人台で萌え目プラネット石ブロックで加工する
1312,プラネット岩石大型縦薄型傾斜板,三角形の石板は、角度を変えて配置することで様々な方向性を持たせることができ、積み重ねられる。,職人台で萌え目プラネット石ブロックで加工する
1313,竹縦薄型傾斜板,三角形の竹板は、角度を変えて配置することで様々な方向性を持たせることができ、積み重ねられる。,職人台で竹で加工する
1314,竹大型縦薄型傾斜板,三角形の竹板は、角度を変えて配置することで様々な方向性を持たせることができ、積み重ねられる。,職人台で竹で加工する
1315,赤い縦薄型傾斜板,三角形の木板は、角度を変えて配置することで様々な方向性を持たせることができ、積み重ねられる。,職人台でルージュ色の顔料で加工する
1316,赤い大型縦薄型傾斜板,三角形の木板は、角度を変えて配置することで様々な方向性を持たせることができ、積み重ねられる。,職人台でルージュ色の顔料で加工する
1317,セメントレンガ縦薄型傾斜板,三角形の石板は、角度を変えて配置することで様々な方向性を持たせることができ、積み重ねられる。,職人台でセメントレンガで加工する
1318,セメントレンガ大型縦薄型傾斜板,三角形の石板は、角度を変えて配置することで様々な方向性を持たせることができ、積み重ねられる。,職人台でセメントレンガで加工する
1319,硫黄レンガ縦薄型傾斜板,三角形の石板は、角度を変えて配置することで様々な方向性を持たせることができ、積み重ねられる。,職人台で硫黄レンガで加工する
1320,硫黄レンガ大型縦薄型傾斜板,三角形の石板は、角度を変えて配置することで様々な方向性を持たせることができ、積み重ねられる。,職人台で硫黄レンガで加工する
1321,石製縦薄型傾斜板,三角形の石板は、角度を変えて配置することで様々な方向性を持たせることができ、積み重ねられる。,職人台で石で加工する
1322,石製大型縦薄型傾斜板,三角形の石板は、角度を変えて配置することで様々な方向性を持たせることができ、積み重ねられる。,職人台で石で加工する
1323,精製石レンガ縦薄型傾斜板,三角形の石板は、角度を変えて配置することで様々な方向性を持たせることができ、積み重ねられる。,職人台で岩石で加工する
1324,精製石レンガ大型縦薄型傾斜板,三角形の石板は、角度を変えて配置することで様々な方向性を持たせることができ、積み重ねられる。,職人台で岩石で加工する
1325,チタン縦薄型傾斜板,三角形の金属板は、角度を変えて配置することで様々な方向性を持たせることができ、積み重ねられる。,職人台でチタンで加工する
1326,チタン大型縦薄型傾斜板,三角形の金属板は、角度を変えて配置することで様々な方向性を持たせることができ、積み重ねられる。,職人台でチタンで加工する
1327,銅製縦薄型傾斜板,三角形の金属板は、角度を変えて配置することで様々な方向性を持たせることができ、積み重ねられる。,職人台で銅で加工する
1328,銅製大型縦薄型傾斜板,三角形の金属板は、角度を変えて配置することで様々な方向性を持たせることができ、積み重ねられる。,職人台で銅で加工する
1329,マイカ縦薄型傾斜板,三角形の金属板は、角度を変えて配置することで様々な方向性を持たせることができ、積み重ねられる。,職人台で雲母で加工する
1330,マイカ大型縦薄型傾斜板,三角形の金属板は、角度を変えて配置することで様々な方向性を持たせることができ、積み重ねられる。,職人台で雲母で加工する
1331,ミスリル縦薄型傾斜板,三角形の金属板は、角度を変えて配置することで様々な方向性を持たせることができ、積み重ねられる。,職人台にミスリルで作る
1332,ミスリル大型縦薄型傾斜板,三角形の金属板は、角度を変えて配置することで様々な方向性を持たせることができ、積み重ねられる。,職人台にミスリルで作る
1333,炎縦薄型傾斜板,三角形の金属板は、角度を変えて配置することで様々な方向性を持たせることができ、積み重ねられる。,職人台に炎で作る
1334,炎大型縦薄型傾斜板,三角形の金属板は、角度を変えて配置することで様々な方向性を持たせることができ、積み重ねられる。,職人台に炎で作る
1335,レモンイエロー縦薄型傾斜板,三角形の木板は、角度を変えて配置することで様々な方向性を持たせることができ、積み重ねられる。,職人台にレモンイエロー顔料で作る
1336,レモンイエロー大型縦薄型傾斜板,三角形の木板は、角度を変えて配置することで様々な方向性を持たせることができ、積み重ねられる。,職人台にレモンイエロー顔料で作る
1337,ペールライム縦薄型傾斜板,三角形の木板は、角度を変えて配置することで様々な方向性を持たせることができ、積み重ねられる。,職人台に淡い石灰顔料で作る
1338,ペールライム大型縦薄型傾斜板,三角形の木板は、角度を変えて配置することで様々な方向性を持たせることができ、積み重ねられる。,職人台に淡い石灰顔料で作る
1339,深い栗色縦薄型傾斜板,三角形の木板は、角度を変えて配置することで様々な方向性を持たせることができ、積み重ねられる。,職人台に深い栗色顔料で作る
1340,深い栗色大型縦薄型傾斜板,三角形の木板は、角度を変えて配置することで様々な方向性を持たせることができ、積み重ねられる。,職人台に深い栗色顔料で作る
1341,サンセットオレンジ縦薄型傾斜板,三角形の木板は、角度を変えて配置することで様々な方向性を持たせることができ、積み重ねられる。,職人台にサンセットオレンジ顔料で作る
1342,サンセットオレンジ大型縦薄型傾斜板,三角形の木板は、角度を変えて配置することで様々な方向性を持たせることができ、積み重ねられる。,職人台にサンセットオレンジ顔料で作る
1343,ベゴニア縦薄型傾斜板,三角形の木板は、角度を変えて配置することで様々な方向性を持たせることができ、積み重ねられる。,職人台にベゴニア顔料で作る
1344,ベゴニア大型縦薄型傾斜板,三角形の木板は、角度を変えて配置することで様々な方向性を持たせることができ、積み重ねられる。,職人台にベゴニア顔料で作る
1345,薄白い縦薄型傾斜板,三角形の木板は、角度を変えて配置することで様々な方向性を持たせることができ、積み重ねられる。,職人台に薄白い顔料で作る
1346,薄白い大型縦薄型傾斜板,三角形の木板は、角度を変えて配置することで様々な方向性を持たせることができ、積み重ねられる。,職人台に薄白い顔料で作る
1347,オータムリーフオレンジ縦薄型傾斜板,三角形の木板は、角度を変えて配置することで様々な方向性を持たせることができ、積み重ねられる。,職人台にオータムリーフオレンジ顔料で作る
1348,オータムリーフオレンジ大型縦薄型傾斜板,三角形の木板は、角度を変えて配置することで様々な方向性を持たせることができ、積み重ねられる。,職人台にオータムリーフオレンジ顔料で作る
1349,縦薄型傾斜板,三角形の木板は、角度を変えて配置することで様々な方向性を持たせることができ、積み重ねられる。,職人台に木の材料で作る
1350,大型縦薄型傾斜板,三角形の木板は、角度を変えて配置することで様々な方向性を持たせることができ、積み重ねられる。,職人台に木の材料で作る
1351,黄色いレンガ縦薄型傾斜板,三角形の石板は、角度を変えて配置することで様々な方向性を持たせることができ、積み重ねられる。,職人台で黄色いレンガで加工する
1352,黄色いレンガ大型縦薄型傾斜板,三角形の石板は、角度を変えて配置することで様々な方向性を持たせることができ、積み重ねられる。,職人台で黄色いレンガで加工する
1353,マンガンブロック縦薄型傾斜板,三角形の金属板は、角度を変えて配置することで様々な方向性を持たせることができ、積み重ねられる。,職人台でマンガン団塊で加工する
1354,マンガンブロック大型縦薄型傾斜板,三角形の金属板は、角度を変えて配置することで様々な方向性を持たせることができ、積み重ねられる。,職人台でマンガン団塊で加工する
1355,プラネット岩石傾斜板,ハーフグリッドの金属板、積み重ねて幅を変更可能,職人台で萌え目プラネット石ブロックで加工する
1356,竹縦型板,ハーフグリッドの竹板、積み重ねて幅を変更可能,職人台で竹で加工する
1357,赤い縦型板,ハーフグリッドの木板、積み重ねて幅を変更可能,職人台でルージュ色の顔料で加工する
1358,セメントレンガ縦型板,ハーフグリッドの石板、積み重ねて幅を変更可能,職人台でセメントレンガで加工する
1359,硫黄レンガ縦型板,ハーフグリッドの石板、積み重ねて幅を変更可能,職人台で硫黄レンガで加工する
1360,石製縦型板,ハーフグリッドの石板、積み重ねて幅を変更可能,職人台で石で加工する
1361,精製石レンガ縦型板,ハーフグリッドの石板、積み重ねて幅を変更可能,職人台で岩石で加工する
1362,チタン縦型板,ハーフグリッドの金属板、積み重ねて幅を変更可能,職人台でチタンで加工する
1363,銅製縦型板,ハーフグリッドの金属板、積み重ねて幅を変更可能,職人台で銅で加工する
1364,マイカ縦型板,ハーフグリッドの金属板、積み重ねて幅を変更可能,職人台で雲母で加工する
1365,ミスリル縦型板,ハーフグリッドの金属板、積み重ねて幅を変更可能,職人台にミスリルで作る
1366,炎縦型板,ハーフグリッドの金属板、積み重ねて幅を変更可能,職人台に炎で作る
1367,レモンイエロー縦型板,ハーフグリッドの木板、積み重ねて幅を変更可能,職人台にレモンイエロー顔料で作る
1368,ペールライム縦型板,ハーフグリッドの木板、積み重ねて幅を変更可能,職人台に淡い石灰顔料で作る
1369,深い栗色縦型板,ハーフグリッドの木板、積み重ねて幅を変更可能,職人台に深い栗色顔料で作る
1370,サンセットオレンジ縦型板,ハーフグリッドの木板、積み重ねて幅を変更可能,職人台にサンセットオレンジ顔料で作る
1371,ベゴニア縦型板,ハーフグリッドの木板、積み重ねて幅を変更可能,職人台にベゴニア顔料で作る
1372,薄白い縦型板,ハーフグリッドの木板、積み重ねて幅を変更可能,職人台に薄白い顔料で作る
1373,オータムリーフオレンジ縦型板,ハーフグリッドの木板、積み重ねて幅を変更可能,職人台にオータムリーフオレンジ顔料で作る
1374,縦型板,ハーフグリッドの木板、積み重ねて幅を変更可能,職人台に木の材料で作る
1375,黄色いレンガ縦型板,ハーフグリッドの石板、積み重ねて幅を変更可能,職人台で黄色いレンガで加工する
1376,マンガンブロック縦型板,ハーフグリッドの金属板、積み重ねて幅を変更可能,職人台でマンガン団塊で加工する
1377,海洋電気スタンド,マリン風家具 電気スタンド 切替式,
1378,海洋つり下げ式ランプ,マリン家具、つり下げ式ランプ、切替式,
1379,海洋デスクランプ,マリン家具、デスクランプ、切替式,
1380,ライトペールグレー木板,木造建築に多用される基本的な建築材料。,職人台にライトペールグレー顔料で作る
1381,ライトペールグレー階段,無垢材を使用した階段は、角度を変えて設置することで様々な方向性を持たせることができます。,職人台にライトペールグレー顔料で作る
1382,ライトペールグレー薄型板,1/4ガロンの木ブロックの薄板、厚さを変えて積み重ね可能,職人台にライトペールグレー顔料で作る
1383,ライトペールグレー傾斜板,三角形の木板は、角度を変えて配置することで様々な方向性を持たせることができ、積み重ねられる。,
1384,ライトペールグレー薄型傾斜板,三角形の木板は、角度を変えて配置することで様々な方向性を持たせることができ、積み重ねられる。,
1385,ライトペールグレー大型薄型傾斜板,三角形の木板は、角度を変えて配置することで様々な方向性を持たせることができ、積み重ねられる。,
1386,ライトペールグレー縦薄型傾斜板,三角形の木板は、角度を変えて配置することで様々な方向性を持たせることができ、積み重ねられる。,
1387,ライトペールグレー大型縦薄型傾斜板,三角形の木板は、角度を変えて配置することで様々な方向性を持たせることができ、積み重ねられる。,職人台にライトペールグレー顔料で作る
1388,ライトペールグレー縦型板,ハーフグリッドの木板、積み重ねて幅を変更可能,職人台にライトペールグレー顔料で作る
1389,隕魔の戦利品,氷の隕魔を倒した勇気の証！氷原の村の@item_150000#にはめ込むと、村人たちはあなたにとても感謝するだろう。,氷の隕魔を撃破すると入手可能
1400,オルゴール,マイガーデンのオーナーはオルゴールで好きなBGMを設定できる,@Null@
1401,天空設定台,マイガーデンのオーナーは天空設定台で好きな空模様を設定できる,@Null@
1402,重力装置,マイガーデンのオーナーは重力装置で重力を設定できる,@Null@
1403,天気制御装置,マイガーデンのオーナーは天気制御装置で好きな天気を設定できる,@Null@
1404,マイガーデン作業台,マイガーデンのオーナーはこの作業台で食材、建材、家具などを加工できる,@Null@
1405,ペット小屋,マイガーデンにいるペットたちの小屋。オーナーはペット小屋で自分のペットを確認できる,@Null@
1406,調理台,簡単な調理台で、購入、栽培または加工して得られた食材を、ペットに食べられる食品に調理することができ、簡単なので作られた食べ物の味も一般的である。,@Null@
1407,マイガーデン空気壁,@Null@,@Null@
1451,栄誉棚,マイガーデンのオーナーは自身の成績を1つ選んで展示できる,@Null@
1452,ひまわり,成長したひまわりの植物株,@Null@
1453,赤色リュウゼツラン,成長した赤色リュウゼツランの植物株,@Null@
1454,ドラセナ,成長したドラセナの植物株,@Null@
1455,野ばら,成長した野ばらの植物株,@Null@
1456,コシロギク,成長したコシロギクの植物株,@Null@
1457,茶の木,健康な茶の木の植物株,@Null@
1458,バナナの木,健康なバナナの植物株,@Null@
1459,巨大なプルマージュ,健康な巨大なプルマージュの植物株,
1460,マンゴーの木,健康なマンゴーの植物株,@Null@
1461,梨の木,健康な梨の植物株,@Null@
1462,みかんの木,健康なみかんの植物株,@Null@
1463,桃の木,健康な桃の木の植物株,@Null@
1464,稲,健康な稲の植物株,@Null@
1465,トウモロコシ,健康なトウモロコシの植物株,
1466,サツマイモ,健康なサツマイモの植物株,
1467,かぼちゃ,健康なかぼちゃの植物株,@Null@
1468,さとうきび,健康なさとうきびの植物株,@Null@
1469,満杯のハチの巣,蜂蜜が満タンになったハチの巣,@Null@
1470,唐辛子の木,健康な唐辛子の植物株体,@Null@
1471,綿の木,健康な綿の植物株,@Null@
1472,果樹,健康な果樹の植物株,@Null@
1473,カラマツ,健康なカラマツの植物株,@Null@
1474,ポプラ,健康なポプラの植物株,@Null@
1475,セコイア,健康なセコイアの植物株,@Null@
1476,クスノキ,健康なクスノキの植物株,@Null@
1477,クルミの木,健康なクルミの木の植物株,@Null@
1478,食用キノコ,健康なキノコの植物株,@Null@
1479,食用赤いキノコ,健康な赤いキノコの植物株,@Null@
1480,コーヒーの木,健康なコーヒーの木の植物株,@Null@
1481,セコイアの木,健康なセコイアの木の植物株,
1482,酸素果実の木,健康な酸素果実の植物株,@Null@
1483,橙色リュウゼツラン,健康な橙色リュウゼツランの植物株,@Null@
1484,灰色リュウゼツラン,健康な灰色リュウゼツランの植物株,@Null@
1485,桃色リュウゼツラン,健康な桃色リュウゼツランの植物株,@Null@
1486,にんじん,にんじんの植物株,@Null@
1493,ひまわり（苗）,ひまわりの苗,@Null@
1494,赤色リュウゼツラン（苗）,赤色リュウゼツランの苗,@Null@
1495,橙色リュウゼツラン（苗）,橙色リュウゼツランの苗,@Null@
1496,灰色リュウゼツラン（苗）,灰色リュウゼツランの苗,@Null@
1497,桃色リュウゼツラン（苗）,桃色リュウゼツランの苗,@Null@
1498,ドラセナ（苗）,ドラセナの苗,@Null@
1499,野ばら（苗）,野ばらの苗,@Null@
1500,コシロギク（苗）,コシロギクの苗,@Null@
1501,巨大なプルマージュの幼苗,巨大なプルマージュの苗,
1502,かぼちゃ（苗）,かぼちゃの苗,@Null@
1503,果樹の苗木,果樹の苗,@Null@
1504,カラマツの苗木,ポプラの木の苗,@Null@
1505,ポプラの苗木,クルミの木の苗,@Null@
1506,クルミの苗木,クルミの木の苗,@Null@
1507,コヨウの木,健康なコヨウの木の植物株,@Null@
1508,コヨウの苗木,コヨウの木の苗,@Null@
1509,アロエ,アロエの若い苗,@Null@
1510,ピーナッツ,ピーナッツの若い苗,@Null@
1511,オオムギ,オオムギの若い苗,@Null@
1512,ごま,ごまの若い苗,@Null@
1513,レタス,レタスの若い苗,@Null@
1514,ビートルート,ビートルートの若い苗,@Null@
1515,トマト,トマトの若い苗,@Null@
1516,モロコシ,モロコシの若い苗,@Null@
1517,キャベツ,キャベツの若い苗,@Null@
1518,トウモロコシ,トウモロコシの若い苗,@Null@
1519,ピーマン,ピーマンの若い苗,@Null@
1520,ツチグリ,ツチグリの若い苗,@Null@
1521,だいこん,だいこんの若い苗,@Null@
1522,ブロッコリー,ブロッコリーの若い苗,@Null@
1523,にら,にらの若い苗,@Null@
1524,ナツメ,ナツメの若い苗,@Null@
1525,ワイルドキャロット,ワイルドキャロットの若い苗,
1526,菜種,菜種の若い苗,@Null@
1527,チベット大麦,チベット大麦の若い苗,@Null@
1528,ココナッツ,ココナッツの若い苗,@Null@
1529,ラズベリー,ラズベリーの若い苗,@Null@
1530,カニステル,カニステルの若い苗,@Null@
1531,赤ソルガム,赤ソルガムの若い苗,@Null@
1532,丸唐辛子,丸唐辛子の若い苗,@Null@
1533,エンドウ,エンドウの若い苗,@Null@
1534,ブルーベリー,ブルーベリーの若い苗,@Null@
1535,イチゴ,イチゴの若い苗,@Null@
1536,パイナップル,パイナップルの若い苗,@Null@
1537,ぶどう,ぶどうの若い苗,@Null@
1538,チェリー,チェリーの若い苗,@Null@
1539,マンネンタケ,マンネンタケの若い苗,@Null@
1540,ドラゴンフルーツ,ドラゴンフルーツの若い苗,@Null@
1541,カラフルなピーマン,カラフルなペッパーの若い苗,@Null@
1542,ホシアンズタケ,ホシアンズタケの若い苗,@Null@
1543,高麗人参,高麗人参の若い苗,@Null@
1550,シンプルなベッド,"シンプルスタイルの家具セットに含まれる、シンプルで柔らかいベッド
 果樹の板、綿の生地などの基礎建材で作れる",@Null@
1551,シンプルなソファ,"シンプルスタイルの家具セットに含まれる、シンプルで座り心地のいいソファ
 果樹の板などの基礎建材で作れる",@Null@
1552,シンプルな机,"シンプルスタイルの家具セットに含まれる、シンプルだけど実用的な机
 果樹の板などの基礎建材で作れる",@Null@
1553,シンプルなテーブル,"シンプルスタイルの家具セットに含まれる、シンプルだけど実用的なテーブル
 果樹の板などの基礎建材で作れる",@Null@
1554,シンプルなローテーブル,"シンプルスタイルの家具セットに含まれる、シンプルだけど実用的なローテーブル
 果樹の板などの基礎建材で作れる",@Null@
1555,シンプルな洗面台,"シンプルスタイルの家具セットに含まれる、シンプルだけど清潔な洗面台
 果樹の板、陶土のなどの基礎建材で作れる",@Null@
1556,シンプルな椅子,"シンプルスタイルの家具セットに含まれる、シンプルだけど実用的な椅子
 果樹の板などの基礎建材で作れる",@Null@
1557,シンプルなトイレ,"シンプルスタイルの家具セットに含まれる、シンプルだけど清潔なトイレ
 果樹の板、陶土のなどの基礎建材で作れる",@Null@
1558,シンプルなバスタブ,"シンプルスタイルの家具セットに含まれる、シンプルだけど清潔なバスタブ
 果樹の板、陶土のなどの基礎建材で作れる",@Null@
1559,シンプルなクローゼット,"シンプルスタイルの家具セットのクローゼット。マイガーデンのオーナーはクローゼットでスキンドレスアップの展示やシェアができる
 果樹の板などの基礎建材で作れる",@Null@
1560,シンプルな食器棚,"シンプルスタイルの家具セットに含まれる、シンプルだけど実用的な食器棚
 果樹の板などの基礎建材で作れる",@Null@
1561,シンプルなハーフ棚,"シンプルスタイルの家具セットに含まれる、シンプルだけど実用的なハーフ棚
 果樹の板などの基礎建材で作れる",@Null@
1562,シンプルな組合せ棚,"シンプルスタイルの家具セットに含まれる、シンプルだけど実用的な組合せ棚
 果樹の板などの基礎建材で作れる",@Null@
1563,シンプルな屏風,"シンプルスタイルの家具セットに含まれる、シンプルで美しい屏風
 果樹の板などの基礎建材で作れる",@Null@
1564,シンプルな3Dランプ,"シンプルスタイルの家具セットに含まれる、シンプルで美しい3Dランプ
 果樹の板、綿の生地、ガラス片などの基礎建材で作れる",@Null@
1565,シンプルなシャンデリア,"シンプルスタイルの家具セットに含まれる、シンプルで美しいシャンデリア
 果樹の板、綿の生地、ガラス片などの基礎建材で作れる",@Null@
1566,シンプルな壁掛けランプ,"シンプルスタイルの家具セットに含まれる、シンプルで美しい壁掛けランプ
 果樹の板、綿の生地、ガラス片などの基礎建材で作れる",@Null@
1567,シンプルな扉,"シンプルスタイルの家具セットに含まれる、シンプルだけど実用的な木製の扉
 果樹の板などの基礎建材で作れる",@Null@
1568,シンプルな窓,"シンプルスタイルの家具セットに含まれる、シンプルだけど実用的な木の窓
 果樹の板、ガラス片などの基礎建材で作れる",@Null@
1569,シンプルな階段,"シンプルスタイルの家具セットに含まれる、シンプルだけど実用的な階段
 果樹の板などの基礎建材で作れる",@Null@
1570,シンプルな外壁レンガ,"シンプルスタイルの家具セットに含まれる、素朴だけど丈夫な外壁レンガ
 粗い石レンガなどの基礎建材で作れる",@Null@
1571,シンプルなレンガ,"シンプルスタイルの家具セットに含まれる、素朴だけど丈夫なレンガ
 粗い石レンガなどの基礎建材で作れる",@Null@
1572,シンプルなハーフレンガ,"シンプルスタイルの家具セットに含まれる、素朴だけど丈夫なハーフレンガ
 粗い石レンガなどの基礎建材で作れる",@Null@
1573,シンプルなフェンス,"シンプルスタイルの家具セットに含まれる、素朴だけど丈夫なフェンス
 果樹の板などの基礎建材で作れる",@Null@
1574,中国風ベッド,"中国スタイルの家具セットに含まれる、上品で柔らかいベッド
 クルミの板、綿の生地などの建材で作れる",@Null@
1575,中国風ソファ,"中国スタイルの家具セットに含まれる、上品で座り心地のいいソファ
 クルミの板、綿の生地、顔料箱などの建材で作れる",@Null@
1576,中国風机,"中国スタイルの家具セットに含まれる、上品で実用的な机
 クルミの板などの建材で作れる",@Null@
1577,中国風テーブル,"中国スタイルの家具セットに含まれる、上品で実用的なテーブル
 クルミの板などの建材で作れる",@Null@
1578,中国風ローテーブル,"中国スタイルの家具セットに含まれる、上品で実用的なローテーブル
 クルミの板などの建材で作れる",@Null@
1579,中国風洗面台,"中国スタイルの家具セットに含まれる、上品で実用的な洗面台
 クルミの板、陶土、顔料箱などの建材で作れる",@Null@
1580,中国風椅子,"中国スタイルの家具セットに含まれる、上品で実用的な椅子
 クルミの板などの建材で作れる",@Null@
1581,中国風トイレ,"中国スタイルの家具セットに含まれる、上品で実用的なトイレ
 クルミの板、陶土などの建材で作れる",@Null@
1582,中国風バスタブ,"中国スタイルの家具セットに含まれる、上品で実用的なバスタブ
 クルミの板、顔料箱などの建材で作れる",@Null@
1583,中国風クローゼット,"中国スタイルの家具セットのクローゼット。マイガーデンのオーナーはクローゼットでスキンドレスアップの展示やシェアができる
 クルミの板などの建材で作れる",@Null@
1584,中国風食器棚,"中国スタイルの家具セットに含まれる、美しく実用的な食器棚
 クルミの板などの建材で作れる",@Null@
1585,中国風ハーフ棚,"中国スタイルの家具セットに含まれる、美しく実用的なハーフ棚
 クルミの板などの建材で作れる",@Null@
1586,中国風組合せ棚,"中国スタイルの家具セットに含まれる、美しく実用的な組合せ棚
 クルミの板などの建材で作れる",@Null@
1587,中国風屏風,"中国スタイルの家具セットに含まれる、美しく実用的な屏風
 クルミの板、紙などの建材で作れる",@Null@
1588,中国風3Dランプ,"中国スタイルの家具セットに含まれる、美しく実用的な3Dランプ
 クルミの板、紙などの建材で作れる",@Null@
1589,中国風シャンデリア,"中国スタイルの家具セットに含まれる、美しく実用的なシャンデリア
 クルミの板、紙などの建材で作れる",@Null@
1590,中国風壁掛けランプ,"中国スタイルの家具セットに含まれる、美しく実用的な壁掛けランプ
 クルミの板、紙などの建材で作れる",@Null@
1591,中国風の扉,"中国スタイルの家具セットに含まれる、美しく実用的な木製の扉
 クルミの板、紙などの建材で作れる",@Null@
1592,中国風窓,"中国スタイルの家具セットに含まれる、美しく実用的な木の窓
 クルミの板、紙などの建材で作れる",@Null@
1593,中国風階段,"中国スタイルの家具セットに含まれる、美しく実用的な階段
 クルミの板、綿の生地などの建材で作れる",@Null@
1594,中国風外壁レンガ,"中国スタイルの家具セットに含まれる、美しく丈夫な外壁レンガ
 精製レンガなどの建材で作れる",@Null@
1595,中国風レンガ,"中国スタイルの家具セットに含まれる、美しく丈夫なレンガ
 精製レンガなどの建材で作れる",@Null@
1596,中国風ハーフレンガ,"中国スタイルの家具セットに含まれる、美しく丈夫なハーフレンガ
 精製レンガなどの建材で作れる",@Null@
1597,中国風フェンス,"中国スタイルの家具セットに含まれる、美しく丈夫なフェンス
 クルミの板などの建材で作れる",@Null@
1598,モダンなベッド,"モダンスタイルの家具セットのベッド
 マイガーデンショップから入手できる",@Null@
1599,モダンなソファ,"モダンスタイルの家具セットのソファ
 マイガーデンショップから入手できる",@Null@
1600,モダンな机,"モダンスタイルの家具セットの机
 マイガーデンショップから入手できる",@Null@
1601,モダンなテーブル,"モダンスタイルの家具セットのテーブル
 マイガーデンショップから入手できる",@Null@
1602,モダンなローテーブル,"モダンスタイルの家具セットのローテーブル
 マイガーデンショップから入手できる",@Null@
1603,モダンな洗面台,"モダンスタイルの家具セットの洗面台
 マイガーデンショップから入手できる",@Null@
1604,モダンな椅子,"モダンスタイルの家具セットの椅子
 マイガーデンショップから入手できる",@Null@
1605,モダンなトイレ,"モダンスタイルの家具セットのトイレ
 マイガーデンショップから入手できる",@Null@
1606,モダンなバスタブ,"モダンスタイルの家具セットのバスタブ
 マイガーデンショップから入手できる",@Null@
1607,モダンなクローゼット,"モダンスタイルの家具セットのクローゼット。マイガーデンのオーナーはクローゼットでスキンドレスアップの展示やシェアができる
 マイガーデンショップから入手できる",@Null@
1608,モダンな食器棚,"モダンスタイルの家具セットの食器棚
 マイガーデンショップから入手できる",@Null@
1609,モダンなハーフ棚,"モダンスタイルの家具セットの食器棚
 マイガーデンショップから入手できる",@Null@
1610,モダンな組合せ棚,"モダンスタイルの家具セットの組合せ棚
 マイガーデンショップから入手できる",@Null@
1611,モダンな屏風,"モダンスタイルの家具セットの屏風
 マイガーデンショップから入手できる",@Null@
1612,モダンな3Dランプ,"モダンスタイルの家具セットの3Dランプ
 マイガーデンショップから入手できる",@Null@
1613,モダンなシャンデリア,"モダンスタイルの家具セットのシャンデリア
 マイガーデンショップから入手できる",@Null@
1614,モダンな壁掛けランプ,"モダンスタイルの家具セットの壁掛けランプ
 マイガーデンショップから入手できる",@Null@
1615,モダンの扉,"モダンスタイルの家具セットの木製の扉
 マイガーデンショップから入手できる",@Null@
1616,モダンな窓,"モダンスタイルの家具セットの木の窓
 マイガーデンショップから入手できる",@Null@
1617,モダンな階段,"モダンスタイルの家具セットの階段
 マイガーデンショップから入手できる",@Null@
1618,モダンな外壁レンガ,"モダンスタイルの家具セットの外壁レンガ
 マイガーデンショップから入手できる",@Null@
1619,モダンなレンガ,"モダンスタイルの家具セットのレンガ
 マイガーデンショップから入手できる",@Null@
1620,モダンなハーフレンガ,"モダンスタイルの家具セットのハーフレンガ
 マイガーデンショップから入手できる",@Null@
1621,モダンなフェンス,"モダンスタイルの家具セットのフェンス
 マイガーデンショップから入手できる",@Null@
1622,メルヘンなベッド,"メルヘンスタイルの家具セットのベッド
 マイガーデンショップから入手できる",@Null@
1623,メルヘンなソファ,"メルヘンスタイルの家具セットのソファ
 マイガーデンショップから入手できる",@Null@
1624,メルヘンな机,"メルヘンスタイルの家具セットの机
 マイガーデンショップから入手できる",@Null@
1625,メルヘンなテーブル,"メルヘンスタイルの家具セットのテーブル
 マイガーデンショップから入手できる",@Null@
1626,メルヘンなローテーブル,"メルヘンスタイルの家具セットのローテーブル
 マイガーデンショップから入手できる",@Null@
1627,メルヘンな洗面台,"メルヘンスタイルの家具セットの洗面台
 マイガーデンショップから入手できる",@Null@
1628,メルヘンな椅子,"メルヘンスタイルの家具セットの椅子
 マイガーデンショップから入手できる",@Null@
1629,メルヘンなトイレ,"メルヘンスタイルの家具セットのトイレ
 マイガーデンショップから入手できる",@Null@
1630,メルヘンなバスタブ,"メルヘンスタイルの家具セットのバスタブ
 マイガーデンショップから入手できる",@Null@
1631,メルヘンなクローゼット,"メルヘンスタイルの家具セットのクローゼット。マイガーデンのオーナーはクローゼットでスキンドレスアップの展示やシェアができる
 マイガーデンショップから入手できる",@Null@
1632,メルヘンな食器棚,"メルヘンスタイルの家具セットの食器棚
 マイガーデンショップから入手できる",@Null@
1633,メルヘンなハーフ棚,"メルヘンスタイルの家具セットのハーフ棚
 マイガーデンショップから入手できる",@Null@
1634,メルヘンな組合せ棚,"メルヘンスタイルの家具セットの組合せ棚
 マイガーデンショップから入手できる",@Null@
1635,メルヘンな屏風,"メルヘンスタイルの家具セットの屏風
 マイガーデンショップから入手できる",@Null@
1636,メルヘンな3Dランプ,"メルヘンスタイルの家具セットの3Dランプ
 マイガーデンショップから入手できる",@Null@
1637,メルヘンなシャンデリア,"メルヘンスタイルの家具セットのシャンデリア
 マイガーデンショップから入手できる",@Null@
1638,メルヘンな壁掛けランプ,"メルヘンスタイルの家具セットの壁掛けランプ
 マイガーデンショップから入手できる",@Null@
1639,メルヘンの扉,"メルヘンスタイルの家具セットの木製の扉
 マイガーデンショップから入手できる",@Null@
1640,メルヘンな窓,"メルヘンスタイルの家具セットの木の窓
 マイガーデンショップから入手できる",@Null@
1641,メルヘンな階段,"メルヘンスタイルの家具セットの階段
 マイガーデンショップから入手できる",@Null@
1642,メルヘンな外壁レンガ,"メルヘンスタイルの家具セットの外壁レンガ
 マイガーデンショップから入手できる",@Null@
1643,メルヘンなレンガ,"メルヘンスタイルの家具セットのレンガ
 マイガーデンショップから入手できる",@Null@
1644,メルヘンなハーフレンガ,"メルヘンスタイルの家具セットのハーフレンガ
 マイガーデンショップから入手できる",@Null@
1645,メルヘンなフェンス,"メルヘンスタイルの家具セットのフェンス
 マイガーデンショップから入手できる",@Null@
1646,SFなベッド,"SFスタイルの家具セットのベッド
 マイガーデンショップから入手できる",@Null@
1647,SFなソファ,"SFスタイルの家具セットのソファ
 マイガーデンショップから入手できる",@Null@
1648,SFな机,"SFスタイルの家具セットの机
 マイガーデンショップから入手できる",@Null@
1649,SFなテーブル,"SFスタイルの家具セットのテーブル
 マイガーデンショップから入手できる",@Null@
1650,SFなローテーブル,"SFスタイルの家具セットのローテーブル
 マイガーデンショップから入手できる",@Null@
1651,SFな洗面台,"SFスタイルの家具セットの洗面台
 マイガーデンショップから入手できる",@Null@
1652,SFな椅子,"SFスタイルの家具セットの椅子
 マイガーデンショップから入手できる",@Null@
1653,SFなトイレ,"SFスタイルの家具セットのトイレ
 マイガーデンショップから入手できる",@Null@
1654,SFなバスタブ,"SFスタイルの家具セットのバスタブ
 マイガーデンショップから入手できる",@Null@
1655,SFなクローゼット,"SFスタイルの家具セットのクローゼット。マイガーデンのオーナーはクローゼットでスキンドレスアップの展示やシェアができる
 マイガーデンショップから入手できる",@Null@
1656,SFな食器棚,"SFスタイルの家具セットの食器棚
 マイガーデンショップから入手できる",@Null@
1657,SFなハーフ棚,"SFスタイルの家具セットのハーフ棚
 マイガーデンショップから入手できる",@Null@
1658,SFな組合せ棚,"SFスタイルの家具セットの組合せ棚
 マイガーデンショップから入手できる",@Null@
1659,SFな屏風,"SFスタイルの家具セットの屏風
 マイガーデンショップから入手できる",@Null@
1660,SFな3Dランプ,"SFスタイルの家具セットの3Dランプ
 マイガーデンショップから入手できる",@Null@
1661,SFなシャンデリア,"SFスタイルの家具セットのシャンデリア
 マイガーデンショップから入手できる",@Null@
1662,SFな壁掛けランプ,"SFスタイルの家具セットの壁掛けランプ
 マイガーデンショップから入手できる",@Null@
1663,SFの扉,"SFスタイルの家具セットの木製の扉
 マイガーデンショップから入手できる",@Null@
1664,SFな窓,"SFスタイルの家具セットの木の窓
 マイガーデンショップから入手できる",@Null@
1665,SFな階段,"SFスタイルの家具セットの階段
 マイガーデンショップから入手できる",@Null@
1666,SFな外壁レンガ,"SFスタイルの家具セットの外壁レンガ
 マイガーデンショップから入手できる",@Null@
1667,SFなレンガ,"SFスタイルの家具セットのレンガ
 マイガーデンショップから入手できる",@Null@
1668,SFなハーフレンガ,"SFスタイルの家具セットのハーフレンガ
 マイガーデンショップから入手できる",@Null@
1669,SFなフェンス,"SFスタイルの家具セットのフェンス
 マイガーデンショップから入手できる",@Null@
1670,マツの盆栽,"小型のマツを植えた盆栽
 インテリアとして家の中に飾ることができる",@Null@
1671,翠緑の盆栽,"青々とした竹を植えた盆栽
 インテリアとして家の中に飾ることができる",@Null@
1672,ボア絨毯,柄のある絨毯。ボア生地で、触り心地が良い,@Null@
1673,山水画,シンプルで優雅な中国絵画,@Null@
1674,抽象画,鮮やかな色彩の現代抽象画,@Null@
1675,中国結びの壁飾り,インテリアとして壁に飾れる,@Null@
1676,プラネットの壁飾り,宇宙飛行士とプラネットの飾りがついた壁画,@Null@
1677,簡易本棚,本と装飾品を並べた簡易的な本棚,@Null@
1678,白の冷蔵庫,純白の冷蔵庫。インテリアになる,@Null@
1679,銀の冷蔵庫,銀色の冷蔵庫。インテリアになる,@Null@
1680,黒の冷蔵庫,黒色の冷蔵庫。インテリアになる,@Null@
1681,白の炊飯器,純白の炊飯器。インテリアになる,@Null@
1682,銀の炊飯器,銀色の炊飯器。インテリアになる,@Null@
1683,黒の炊飯器,黒色の炊飯器。インテリアになる,@Null@
1684,白のオーブン,純白のオーブン。インテリアになる,@Null@
1685,銀のオーブン,銀色のオーブン。インテリアになる,@Null@
1686,黒のオーブン,黒色のオーブン。インテリアになる,@Null@
1687,白の調理台,"純白の調理台。
 調理ができて、食材と農場の作物をペットのご飯に加工できる。",@Null@
1688,銀の調理台,"銀色の調理台。
 調理ができて、食材と農場の作物をペットのご飯に加工できる。",@Null@
1689,黒の調理台,"黒色の調理台。
 調理ができて、食材と農場の作物をペットのご飯に加工できる。",@Null@
1690,多肉の盆栽,"多肉植物を植えた盆栽
 インテリアとして家の中に飾ることができる",@Null@
1691,欧風ベッド,"欧風スタイルの家具セットのベッド
 マイガーデンショップ/バックパックから購入できる",@Null@
1692,欧風ソファ,"欧風スタイルの家具セットのソファ
 マイガーデンショップ/バックパックから購入できる",@Null@
1693,欧風机,"欧風スタイルの家具セットの机
 マイガーデンショップ/バックパックから購入できる",@Null@
1694,欧風テーブル,"欧風スタイルの家具セットのテーブル
 マイガーデンショップ/バックパックから購入できる",@Null@
1695,欧風ローテーブル,"欧風スタイルの家具セットのローテーブル
 マイガーデンショップ/バックパックから購入できる",@Null@
1696,欧風洗面台,"欧風スタイルの家具セットの洗面台
 マイガーデンショップ/バックパックから購入できる",@Null@
1697,欧風椅子,"欧風スタイルの家具セットの椅子
 マイガーデンショップ/バックパックから購入できる",@Null@
1698,欧風トイレ,"欧風スタイルの家具セットのトイレ
 マイガーデンショップ/バックパックから購入できる",@Null@
1699,欧風バスタブ,"欧風スタイルの家具セットのバスタブ
 マイガーデンショップ/バックパックから購入できる",@Null@
1700,欧風クローゼット,"欧風スタイルの家具セットのクローゼット。クローゼットでスキンドレスアップの展示ができる
 マイガーデンショップ/バックパックから購入できる",@Null@
1701,欧風食器棚,"欧風スタイルの家具セットの食器棚
 マイガーデンショップ/バックパックから購入できる",@Null@
1702,欧風ハーフ棚,"欧風スタイルの家具セットのハーフ棚
 マイガーデンショップ/バックパックから購入できる",@Null@
1703,欧風組合せ棚,"欧風スタイルの家具セットの組合せ棚
 マイガーデンショップ/バックパックから購入できる",@Null@
1704,欧風屏風,"欧風スタイルの家具セットの屏風
 マイガーデンショップ/バックパックから購入できる",@Null@
1705,欧風3Dランプ,"欧風スタイルの家具セットの3Dランプ
 マイガーデンショップ/バックパックから購入できる",@Null@
1706,欧風シャンデリア,"欧風スタイルの家具セットのシャンデリア
 マイガーデンショップ/バックパックから購入できる",@Null@
1707,欧風壁掛けランプ,"欧風スタイルの家具セットの壁掛けランプ
 マイガーデンショップ/バックパックから購入できる",@Null@
1708,欧風の扉,"欧風スタイルの家具セットの木製の扉
 マイガーデンショップ/バックパックから購入できる",@Null@
1709,欧風窓,"欧風スタイルの家具セットの木の窓
 マイガーデンショップ/バックパックから購入できる",@Null@
1710,欧風階段,"欧風スタイルの家具セットの階段
 マイガーデンショップ/バックパックから購入できる",@Null@
1711,欧風外壁レンガ,"欧風スタイルの家具セットの外壁レンガ
 マイガーデンショップ/バックパックから購入できる",@Null@
1712,欧風レンガ,"欧風スタイルの家具セットのレンガ
 マイガーデンショップ/バックパックから購入できる",@Null@
1713,欧風ハーフレンガ,"欧風スタイルの家具セットのハーフレンガ
 マイガーデンショップ/バックパックから購入できる",@Null@
1714,欧風フェンス,"欧風スタイルの家具セットのフェンス
 マイガーデンショップ/バックパックから購入できる",@Null@
1715,ポプラの丸太,ポプラシリーズの家具用原材料,
1716,コヨウの木板,木製品の基本素材。工具箱を作成すると、アイテムをたくさん作ることができる。,@Null@
1717,ポプラの木の葉,装飾品として使える。破壊すると一定の確率でポプラの苗木がドロップされる。#c0aba1d雪だるまの頭飾り#nにもなれる,
1718,ポプラ薄型板,ポプラの木で作った半マスの高い木製薄板。,
1719,ポプラ階段,ポプラの木で作った木製階段。,
1720,ポプラローテーブル,ポプラの木で作ったポプラテーブル。,
1721,ポプラ椅子,ポプラの木で作ったポプラ椅子。,
1722,エスニックなベッド,"民族スタイルの家具セットのベッド
 マイガーデンショップ/バックパックから購入できる",@Null@
1723,エスニックなソファ,"民族スタイルの家具セットのソファ
 マイガーデンショップ/バックパックから購入できる",@Null@
1724,エスニックな机,"民族スタイルの家具セットの机
 マイガーデンショップ/バックパックから購入できる",@Null@
1725,エスニックなテーブル,"民族スタイルの家具セットのテーブル
 マイガーデンショップ/バックパックから購入できる",@Null@
1726,エスニックなローテーブル,"民族スタイルの家具セットのローテーブル
 マイガーデンショップ/バックパックから購入できる",@Null@
1727,エスニックな洗面台,"民族スタイルの家具セットの洗面台
 マイガーデンショップ/バックパックから購入できる",@Null@
1728,エスニックな椅子,"民族スタイルの家具セットの椅子
 マイガーデンショップ/バックパックから購入できる",@Null@
1729,エスニックなトイレ,"民族スタイルの家具セットのトイレ
 マイガーデンショップ/バックパックから購入できる",@Null@
1730,エスニックなバスタブ,"民族スタイルの家具セットのバスタブ
 マイガーデンショップ/バックパックから購入できる",@Null@
1731,エスニックなクローゼット,"民族スタイルの家具セットのクローゼット。マイガーデンのオーナーはクローゼットでスキンドレスアップの展示やシェアができる
 マイガーデンショップ/バックパックから購入できる",@Null@
1732,エスニックな食器棚,"民族スタイルの家具セットの食器棚
 マイガーデンショップ/バックパックから購入できる",@Null@
1733,エスニックなハーフ棚,"民族スタイルの家具セットのハーフ棚
 マイガーデンショップ/バックパックから購入できる",@Null@
1734,エスニックな組合せ棚,"民族スタイルの家具セットの組合せ棚
 マイガーデンショップ/バックパックから購入できる",@Null@
1735,エスニックな屏風,"民族スタイルの家具セットの屏風
 マイガーデンショップ/バックパックから購入できる",@Null@
1736,エスニックな3Dランプ,"民族スタイルの家具セットの3Dランプ
 マイガーデンショップ/バックパックから購入できる",@Null@
1737,エスニックなシャンデリア,"民族スタイルの家具セットのシャンデリア
 マイガーデンショップ/バックパックから購入できる",@Null@
1738,エスニックな壁掛けランプ,"民族スタイルの家具セットの壁掛けランプ
 マイガーデンショップ/バックパックから購入できる",@Null@
1739,エスニックなの扉,"民族スタイルの家具セットの木製の扉
 マイガーデンショップ/バックパックから購入できる",@Null@
1740,エスニックな窓,"民族スタイルの家具セットの木の窓
 マイガーデンショップ/バックパックから購入できる",@Null@
1741,エスニックな階段,"民族スタイルの家具セットの階段
 マイガーデンショップ/バックパックから購入できる",@Null@
1742,エスニックな外壁レンガ,"民族スタイルの家具セットの外壁レンガ
 マイガーデンショップ/バックパックから購入できる",@Null@
1743,エスニックなレンガ,"民族スタイルの家具セットのレンガ
 マイガーデンショップ/バックパックから購入できる",@Null@
1744,エスニックなハーフレンガ,"民族スタイルの家具セットのハーフレンガ
 マイガーデンショップ/バックパックから購入できる",@Null@
1745,エスニックなフェンス,"民族スタイルの家具セットのフェンス
 マイガーデンショップ/バックパックから購入できる",@Null@
1746,エスニックな絨毯,"民族スタイルの家具セットの絨毯
 マイガーデンショップ/バックパックから購入できる",@Null@
1747,ラクダ像,古代シルクロードの不朽の象徴,@Null@
1748,敦煌石窟,中国甘粛省敦煌市の南東部、鳴沙山と三危山の間に位置する敦煌石窟は、敦煌石窟芸術の重要な構成要素の1つ,@Null@
1749,敦煌飛天像,敦煌壁画の飛天は、洞窟と同時期に作られ、十六国時代から10王朝にわたって1000年あまりの時を超えてきた,@Null@
1750,蓮の花の壁画,カラフルな装飾が施され、インテリアとして使える,@Null@
1751,飛天女の壁画,しなやかな衣装に身を包み、宙に舞う天女の壁画,@Null@
1752,九色鹿王の壁画,北魏の本生物語画の中で、最も古い横巻式連続絵画の1つ,@Null@
1753,飼料トラフ,地面に置いて、#c0aba1d牧草飼料#nや#c0aba1d肉の飼料#nに加え、飼料を保存することができ、動物を飼養するに使われます。,
1754,カラフルな雲,美しいカラフルな雲、気をつけてくださいね。 踏めば壊れる。 #r幸運な人には#c0aba1dカラフルな雲からのギフト#nがもらえると言われている,
1755,石柱,建築用の繊細な石柱。 #r塗料ボトル、ペイントボールガン、カラーエッグを手持ち、染めることができる。,
1756,柱のトップ,石柱をつなぐ柱のトップは、建築用に使用することができます。 #r塗料ボトル、ペイントボールガン、カラーエッグを手持ち、染めることができる。,
1757,スラリーブロック,マグマで充填されたスラリーブロック、破壊された後に#c0aba1dマグマ#nが出現し、#c0aba1d周りの温度を大幅に上げる#nことができる,
1758,黒いスラリーブロック,マグマが冷却して形成されたスラリーブロック、#c0aba1d燃料#nとして使用でき、#c0aba1d周りの温度を上げる#nことができる,
1759,おいしいメーカーかまど,無敵の味を楽しみたいのなら、おいしいメーカーがあって当然です。 質の高い料理は夢ではありません。#rかもどの上で調理し、食材や農作物をペットフードに加工します。,@Null@
1760,魔法のベッド,魔法シリーズの家具,@Null@
1761,魔法のソファー,魔法シリーズの家具,@Null@
1762,魔法の食卓,魔法シリーズの家具,@Null@
1763,魔法の椅子,魔法シリーズの家具,@Null@
1764,魔法のデスク,魔法シリーズの家具,@Null@
1765,魔法のドア,魔法シリーズの家具,@Null@
1766,魔法の窓,魔法シリーズの家具,@Null@
1767,魔法のコーヒーテーブル,魔法シリーズの家具,@Null@
1768,魔法のワードローブ,魔法シリーズの家具,@Null@
1769,魔法のカップボード,魔法シリーズの家具,@Null@
1770,魔法のハーフカップボード,魔法シリーズの家具,@Null@
1771,魔法の棚セット,魔法シリーズの家具,@Null@
1772,魔法の洗面台,魔法シリーズの家具,@Null@
1773,魔法の便器,魔法シリーズの家具,@Null@
1774,魔法の湯船,魔法シリーズの家具,@Null@
1775,魔法のフェンス,魔法シリーズの家具,@Null@
1776,魔法の壁レンガ,魔法シリーズの家具,@Null@
1777,魔法のレンガ,魔法シリーズの家具,@Null@
1778,魔法のハーフレンガ,魔法シリーズの家具,@Null@
1779,魔法の階段,魔法シリーズの家具,@Null@
1780,魔法の3Dランプ,魔法シリーズの家具,@Null@
1781,魔法のカーペット,魔法シリーズの家具,@Null@
1782,魔法のびょうぶ,魔法シリーズの家具,@Null@
1783,魔法の彫刻,魔法シリーズの家具,@Null@
1784,魔法のシャンデリア,魔法シリーズの家具,@Null@
1785,魔法のウォールランプ,魔法シリーズの家具,@Null@
1786,魔法の壁飾り絵,魔法シリーズの家具,@Null@
1787,@Null@,@Null@,@Null@
1788,@Null@,@Null@,@Null@
1789,@Null@,@Null@,@Null@
1790,@Null@,@Null@,@Null@
1791,@Null@,@Null@,@Null@
1792,@Null@,@Null@,@Null@
1793,@Null@,@Null@,@Null@
1794,@Null@,@Null@,@Null@
1795,@Null@,@Null@,@Null@
1796,ブルーベリーの草ブロック,地表ブロック、シャベルタイプのツールですばやく採取できる。異世界で存在する可能性もある,
1797,ブルーベリーの土ブロック,地表ブロック、シャベルタイプのツールですばやく採取できる。異世界で存在する可能性もある,
1798,蛍光グラス,#c0aba1d破壊#n後に@item_11226#を獲得する可能性がある異世界に存在する可能性がある,
1799,肥沃な土壌,早く最新のゲームバージョンをダウンロードしましょう！,@Null@
1800,魔龍マウントの卵,地面に設置すると、ゲーム内時間4日後に魔龍マウントを孵化する。,@Null@
1801,月マウントの卵,地面に設置すると、ゲーム内時間4日後に月マウントを孵化する。,@Null@
1802,聖夜のそりマウントの卵,地面に設置すると、ゲーム内時間4日後に聖夜のそりマウントを孵化する。,@Null@
1803,巨大クジラマウントの卵,地面に設置すると、ゲーム内時間4日後に日の出観察を孵化する。,@Null@
1804,蓮の卵,それを地面に置くと、ゲーム内時間の 4 日後に孵化し、Snowy Lotus Pedestal になります。,
1805,ゲームのバージョンが低すぎる,今すぐ最新版をダウンロードしてください。,@Null@
1806,ゲームのバージョンが低すぎる,今すぐ最新版をダウンロードしてください。,@Null@
1807,ゲームのバージョンが低すぎる,今すぐ最新版をダウンロードしてください。,@Null@
1808,ゲームのバージョンが低すぎる,今すぐ最新版をダウンロードしてください。,@Null@
1809,ゲームのバージョンが低すぎる,今すぐ最新版をダウンロードしてください。,@Null@
1810,ゲームのバージョンが低すぎる,今すぐ最新版をダウンロードしてください。,@Null@
1811,中華風の椅子,レッドシダー材のチェア。配置後、座ってリラックスできる。,
1812,中華風のテーブル,レッドシダー材のテーブル、装飾品,
1813,中華風の木製椅子,レッドシダー材の木製椅子。配置後、座ってリラックスできる。,
1814,中華風のストーブ,製錬台と同じ機能を持つ。低級鉱物の製錬が可能。,
1815,中華風のタンス,#c0aba1d床に置くと使用される#n。物を収納するため。,
1816,,,
1817,,,
1818,,,
1819,,,
1820,,,
1821,,,
1822,,,
1823,,,
1824,,,
1825,,,
1826,,,
1827,,,
1828,,,
1829,,,
1830,,,
1831,,,
1832,,,
1833,,,
1834,,,
1835,,,
1836,,,
1837,,,
1838,,,
1839,,,
1840,,,
1841,,,
1842,,,
1843,,,
1844,,,
1845,,,
1846,,,
1847,,,
1848,,,
1849,,,
1850,,,
1851,,,
1852,,,
1853,,,
1854,,,
1855,,,
1856,,,
1857,,,
1858,,,
1859,,,
1860,,,
1861,,,
1862,,,
1863,,,
1864,,,
1865,,,
1866,,,
1867,,,
1868,,,
1869,,,
1870,,,
1871,,,
1872,,,
1873,,,
1874,,,
1875,,,
1876,,,
1877,,,
1878,,,
1879,,,
1880,,,
1881,,,
1882,,,
1883,,,
1900,コットンブロック,あらゆる綿製品の加工に#r塗料ボトル、ペイントボールガン、カラーエッグを手持ち、染めることができる,他のコットンブロックを染色して得る
1901,コットンブロック,あらゆる綿製品の加工に#r塗料ボトル、ペイントボールガン、カラーエッグを手持ち、染めることができる,他のコットンブロックを染色して得る
1902,コットンブロック,あらゆる綿製品の加工に#r塗料ボトル、ペイントボールガン、カラーエッグを手持ち、染めることができる,他のコットンブロックを染色して得る
1903,コットンブロック,あらゆる綿製品の加工に#r塗料ボトル、ペイントボールガン、カラーエッグを手持ち、染めることができる,他のコットンブロックを染色して得る
1904,コットンブロック,あらゆる綿製品の加工に#r塗料ボトル、ペイントボールガン、カラーエッグを手持ち、染めることができる,他のコットンブロックを染色して得る
1905,コットンブロック,あらゆる綿製品の加工に#r塗料ボトル、ペイントボールガン、カラーエッグを手持ち、染めることができる,他のコットンブロックを染色して得る
1906,コットンブロック,あらゆる綿製品の加工に#r塗料ボトル、ペイントボールガン、カラーエッグを手持ち、染めることができる,他のコットンブロックを染色して得る
1907,コットンブロック,あらゆる綿製品の加工に#r塗料ボトル、ペイントボールガン、カラーエッグを手持ち、染めることができる,他のコットンブロックを染色して得る
1908,コットンブロック,あらゆる綿製品の加工に#r塗料ボトル、ペイントボールガン、カラーエッグを手持ち、染めることができる,他のコットンブロックを染色して得る
1909,コットンブロック,あらゆる綿製品の加工に#r塗料ボトル、ペイントボールガン、カラーエッグを手持ち、染めることができる,他のコットンブロックを染色して得る
1910,コットンブロック,あらゆる綿製品の加工に#r塗料ボトル、ペイントボールガン、カラーエッグを手持ち、染めることができる,他のコットンブロックを染色して得る
1911,コットンブロック,あらゆる綿製品の加工に#r塗料ボトル、ペイントボールガン、カラーエッグを手持ち、染めることができる,他のコットンブロックを染色して得る
1912,コットンフェルト,ブロックに敷いて装飾する。#r手持ちの塗料ボトル、ペイントボールガン、カラーエッグを染めることができる,他のコットンフェルトを染色して得る
1913,コットンフェルト,ブロックに敷いて装飾する。#r手持ちの塗料ボトル、ペイントボールガン、カラーエッグを染めることができる,他のコットンフェルトを染色して得る
1914,コットンフェルト,ブロックに敷いて装飾する。#r手持ちの塗料ボトル、ペイントボールガン、カラーエッグを染めることができる,他のコットンフェルトを染色して得る
1915,コットンフェルト,ブロックに敷いて装飾する。#r手持ちの塗料ボトル、ペイントボールガン、カラーエッグを染めることができる,他のコットンフェルトを染色して得る
1916,コットンフェルト,ブロックに敷いて装飾する。#r手持ちの塗料ボトル、ペイントボールガン、カラーエッグを染めることができる,他のコットンフェルトを染色して得る
1917,コットンフェルト,ブロックに敷いて装飾する。#r手持ちの塗料ボトル、ペイントボールガン、カラーエッグを染めることができる,他のコットンフェルトを染色して得る
1918,コットンフェルト,ブロックに敷いて装飾する。#r手持ちの塗料ボトル、ペイントボールガン、カラーエッグを染めることができる,他のコットンフェルトを染色して得る
1919,コットンフェルト,ブロックに敷いて装飾する。#r手持ちの塗料ボトル、ペイントボールガン、カラーエッグを染めることができる,他のコットンフェルトを染色して得る
1920,コットンフェルト,ブロックに敷いて装飾する。#r手持ちの塗料ボトル、ペイントボールガン、カラーエッグを染めることができる,他のコットンフェルトを染色して得る
1921,コットンフェルト,ブロックに敷いて装飾する。#r手持ちの塗料ボトル、ペイントボールガン、カラーエッグを染めることができる,他のコットンフェルトを染色して得る
1922,コットンフェルト,ブロックに敷いて装飾する。#r手持ちの塗料ボトル、ペイントボールガン、カラーエッグを染めることができる,他のコットンフェルトを染色して得る
1923,コットンフェルト,ブロックに敷いて装飾する。#r手持ちの塗料ボトル、ペイントボールガン、カラーエッグを染めることができる,他のコットンフェルトを染色して得る
1924,ガラスブロック,空気バリアと光透過のために広く使われている。#r塗料ボトル、ペイントボールガン、カラーエッグを手持ち、染めることができる,他のガラス片を染色して得る
1925,ガラスブロック,空気バリアと光透過のために広く使われている。#r塗料ボトル、ペイントボールガン、カラーエッグを手持ち、染めることができる,他のガラス片を染色して得る
1926,ガラスブロック,空気バリアと光透過のために広く使われている。#r塗料ボトル、ペイントボールガン、カラーエッグを手持ち、染めることができる,他のガラス片を染色して得る
1927,ガラスブロック,空気バリアと光透過のために広く使われている。#r塗料ボトル、ペイントボールガン、カラーエッグを手持ち、染めることができる,他のガラス片を染色して得る
1928,ガラスブロック,空気バリアと光透過のために広く使われている。#r塗料ボトル、ペイントボールガン、カラーエッグを手持ち、染めることができる,他のガラス片を染色して得る
1929,ガラスブロック,空気バリアと光透過のために広く使われている。#r塗料ボトル、ペイントボールガン、カラーエッグを手持ち、染めることができる,他のガラス片を染色して得る
1930,ガラスブロック,空気バリアと光透過のために広く使われている。#r塗料ボトル、ペイントボールガン、カラーエッグを手持ち、染めることができる,他のガラス片を染色して得る
1931,ガラスブロック,空気バリアと光透過のために広く使われている。#r塗料ボトル、ペイントボールガン、カラーエッグを手持ち、染めることができる,他のガラス片を染色して得る
1932,ガラスブロック,空気バリアと光透過のために広く使われている。#r塗料ボトル、ペイントボールガン、カラーエッグを手持ち、染めることができる,他のガラス片を染色して得る
1933,ガラスブロック,空気バリアと光透過のために広く使われている。#r塗料ボトル、ペイントボールガン、カラーエッグを手持ち、染めることができる,他のガラス片を染色して得る
1934,ガラスブロック,空気バリアと光透過のために広く使われている。#r塗料ボトル、ペイントボールガン、カラーエッグを手持ち、染めることができる,他のガラス片を染色して得る
1935,ガラスブロック,空気バリアと光透過のために広く使われている。#r塗料ボトル、ペイントボールガン、カラーエッグを手持ち、染めることができる,他のガラス片を染色して得る
1936,ガラス片,空気バリアと光透過のために広く使われている。#r塗料ボトル、ペイントボールガン、カラーエッグを手持ち、染めることができる,他のガラス片を染色して得る
1937,ガラス片,空気バリアと光透過のために広く使われている。#r塗料ボトル、ペイントボールガン、カラーエッグを手持ち、染めることができる,他のガラス片を染色して得る
1938,ガラス片,空気バリアと光透過のために広く使われている。#r塗料ボトル、ペイントボールガン、カラーエッグを手持ち、染めることができる,他のガラス片を染色して得る
1939,ガラス片,空気バリアと光透過のために広く使われている。#r塗料ボトル、ペイントボールガン、カラーエッグを手持ち、染めることができる,他のガラス片を染色して得る
1940,ガラス片,空気バリアと光透過のために広く使われている。#r塗料ボトル、ペイントボールガン、カラーエッグを手持ち、染めることができる,他のガラス片を染色して得る
1941,ガラス片,空気バリアと光透過のために広く使われている。#r塗料ボトル、ペイントボールガン、カラーエッグを手持ち、染めることができる,他のガラス片を染色して得る
1942,ガラス片,空気バリアと光透過のために広く使われている。#r塗料ボトル、ペイントボールガン、カラーエッグを手持ち、染めることができる,他のガラス片を染色して得る
1943,ガラス片,空気バリアと光透過のために広く使われている。#r塗料ボトル、ペイントボールガン、カラーエッグを手持ち、染めることができる,他のガラス片を染色して得る
1944,ガラス片,空気バリアと光透過のために広く使われている。#r塗料ボトル、ペイントボールガン、カラーエッグを手持ち、染めることができる,他のガラス片を染色して得る
1945,ガラス片,空気バリアと光透過のために広く使われている。#r塗料ボトル、ペイントボールガン、カラーエッグを手持ち、染めることができる,他のガラス片を染色して得る
1946,ガラス片,空気バリアと光透過のために広く使われている。#r塗料ボトル、ペイントボールガン、カラーエッグを手持ち、染めることができる,他のガラス片を染色して得る
1947,ガラス片,空気バリアと光透過のために広く使われている。#r塗料ボトル、ペイントボールガン、カラーエッグを手持ち、染めることができる,他のガラス片を染色して得る
1948,硬質ガラスブロック,高圧環境下でも割れにくい強化ガラス建材#r塗料ボトル、ペイントボールガン、カラーエッグを手持ち、染めることができる,他の硬質ガラスブロックを染色して得る
1949,硬質ガラスブロック,高圧環境下でも割れにくい強化ガラス建材#r塗料ボトル、ペイントボールガン、カラーエッグを手持ち、染めることができる,他の硬質ガラスブロックを染色して得る
1950,硬質ガラスブロック,高圧環境下でも割れにくい強化ガラス建材#r塗料ボトル、ペイントボールガン、カラーエッグを手持ち、染めることができる,他の硬質ガラスブロックを染色して得る
1951,硬質ガラスブロック,高圧環境下でも割れにくい強化ガラス建材#r塗料ボトル、ペイントボールガン、カラーエッグを手持ち、染めることができる,他の硬質ガラスブロックを染色して得る
1952,硬質ガラスブロック,高圧環境下でも割れにくい強化ガラス建材#r塗料ボトル、ペイントボールガン、カラーエッグを手持ち、染めることができる,他の硬質ガラスブロックを染色して得る
1953,硬質ガラスブロック,高圧環境下でも割れにくい強化ガラス建材#r塗料ボトル、ペイントボールガン、カラーエッグを手持ち、染めることができる,他の硬質ガラスブロックを染色して得る
1954,硬質ガラスブロック,高圧環境下でも割れにくい強化ガラス建材#r塗料ボトル、ペイントボールガン、カラーエッグを手持ち、染めることができる,他の硬質ガラスブロックを染色して得る
1955,硬質ガラスブロック,高圧環境下でも割れにくい強化ガラス建材#r塗料ボトル、ペイントボールガン、カラーエッグを手持ち、染めることができる,他の硬質ガラスブロックを染色して得る
1956,硬質ガラスブロック,高圧環境下でも割れにくい強化ガラス建材#r塗料ボトル、ペイントボールガン、カラーエッグを手持ち、染めることができる,他の硬質ガラスブロックを染色して得る
1957,硬質ガラスブロック,高圧環境下でも割れにくい強化ガラス建材#r塗料ボトル、ペイントボールガン、カラーエッグを手持ち、染めることができる,他の硬質ガラスブロックを染色して得る
1958,硬質ガラスブロック,高圧環境下でも割れにくい強化ガラス建材#r塗料ボトル、ペイントボールガン、カラーエッグを手持ち、染めることができる,他の硬質ガラスブロックを染色して得る
1959,硬質ガラスブロック,高圧環境下でも割れにくい強化ガラス建材#r塗料ボトル、ペイントボールガン、カラーエッグを手持ち、染めることができる,他の硬質ガラスブロックを染色して得る
1960,カラーセメントブロック,土木工事、水利工事などで幅広く使用されている。#r塗料ボトル、ペイントボールガン、カラーエッグを手持ち、染めることができる,他のセメントブロックを染色して得る
1961,カラーセメントブロック,土木工事、水利工事などで幅広く使用されている。#r塗料ボトル、ペイントボールガン、カラーエッグを手持ち、染めることができる,他のセメントブロックを染色して得る
1962,カラーセメントブロック,土木工事、水利工事などで幅広く使用されている。#r塗料ボトル、ペイントボールガン、カラーエッグを手持ち、染めることができる,他のセメントブロックを染色して得る
1963,カラーセメントブロック,土木工事、水利工事などで幅広く使用されている。#r塗料ボトル、ペイントボールガン、カラーエッグを手持ち、染めることができる,他のセメントブロックを染色して得る
1964,カラーセメントブロック,土木工事、水利工事などで幅広く使用されている。#r塗料ボトル、ペイントボールガン、カラーエッグを手持ち、染めることができる,他のセメントブロックを染色して得る
1965,カラーセメントブロック,土木工事、水利工事などで幅広く使用されている。#r塗料ボトル、ペイントボールガン、カラーエッグを手持ち、染めることができる,他のセメントブロックを染色して得る
1966,カラーセメントブロック,土木工事、水利工事などで幅広く使用されている。#r塗料ボトル、ペイントボールガン、カラーエッグを手持ち、染めることができる,他のセメントブロックを染色して得る
1967,カラーセメントブロック,土木工事、水利工事などで幅広く使用されている。#r塗料ボトル、ペイントボールガン、カラーエッグを手持ち、染めることができる,他のセメントブロックを染色して得る
1968,カラーセメントブロック,土木工事、水利工事などで幅広く使用されている。#r塗料ボトル、ペイントボールガン、カラーエッグを手持ち、染めることができる,他のセメントブロックを染色して得る
1969,カラーセメントブロック,土木工事、水利工事などで幅広く使用されている。#r塗料ボトル、ペイントボールガン、カラーエッグを手持ち、染めることができる,他のセメントブロックを染色して得る
1970,カラーセメントブロック,土木工事、水利工事などで幅広く使用されている。#r塗料ボトル、ペイントボールガン、カラーエッグを手持ち、染めることができる,他のセメントブロックを染色して得る
1971,カラーセメントブロック,土木工事、水利工事などで幅広く使用されている。#r塗料ボトル、ペイントボールガン、カラーエッグを手持ち、染めることができる,他のセメントブロックを染色して得る
1972,古いミスリルのブロック,ミスリルでできた頑丈な建材#r塗料ボトル、ペイントボールガン、カラーエッグを手持ち、染めることができる,他の古いミスリルブロックを染めて入手する。
1973,古いミスリルのブロック,ミスリルでできた頑丈な建材#r塗料ボトル、ペイントボールガン、カラーエッグを手持ち、染めることができる,他の古いミスリルブロックを染めて入手する。
1974,古いミスリルのブロック,ミスリルでできた頑丈な建材#r塗料ボトル、ペイントボールガン、カラーエッグを手持ち、染めることができる,他の古いミスリルブロックを染めて入手する。
1975,古いミスリルのブロック,ミスリルでできた頑丈な建材#r塗料ボトル、ペイントボールガン、カラーエッグを手持ち、染めることができる,他の古いミスリルブロックを染めて入手する。
1976,古いミスリルのブロック,ミスリルでできた頑丈な建材#r塗料ボトル、ペイントボールガン、カラーエッグを手持ち、染めることができる,他の古いミスリルブロックを染めて入手する。
1977,古いミスリルのブロック,ミスリルでできた頑丈な建材#r塗料ボトル、ペイントボールガン、カラーエッグを手持ち、染めることができる,他の古いミスリルブロックを染めて入手する。
1978,古いミスリルのブロック,ミスリルでできた頑丈な建材#r塗料ボトル、ペイントボールガン、カラーエッグを手持ち、染めることができる,他の古いミスリルブロックを染めて入手する。
1979,古いミスリルのブロック,ミスリルでできた頑丈な建材#r塗料ボトル、ペイントボールガン、カラーエッグを手持ち、染めることができる,他の古いミスリルブロックを染めて入手する。
1980,古いミスリルのブロック,ミスリルでできた頑丈な建材#r塗料ボトル、ペイントボールガン、カラーエッグを手持ち、染めることができる,他の古いミスリルブロックを染めて入手する。
1981,古いミスリルのブロック,ミスリルでできた頑丈な建材#r塗料ボトル、ペイントボールガン、カラーエッグを手持ち、染めることができる,他の古いミスリルブロックを染めて入手する。
1982,古いミスリルのブロック,ミスリルでできた頑丈な建材#r塗料ボトル、ペイントボールガン、カラーエッグを手持ち、染めることができる,他の古いミスリルブロックを染めて入手する。
1983,古いミスリルのブロック,ミスリルでできた頑丈な建材#r塗料ボトル、ペイントボールガン、カラーエッグを手持ち、染めることができる,他の古いミスリルブロックを染めて入手する。
1990,ワイヤレス踏板,ワイヤレス踏板を置いた後、並列回路コンバータ、ドア、スパイク、スプリングなどのスターエネルギーパーツと繋がることができる。踏板を踏むとこれらのパーツに電流を流す。#r#c0aba1d（ワイヤレス踏板を手に持たないと繋がらない）#r#c0aba1d（繋がり操作をもう一度した場合、既存の繋がりは消える）,
1991,並列回路コンバータ,ワイヤレス踏板、ドア、スパイク、スプリングなどのスターエネルギーパーツと繋がることができる。接続中の全ての踏板が踏まれた場合、並列回路コンバータにスターエネルギーが発生する。#r#c0aba1d（並列回路コンバータを手に持たないと繋がらない）#r#c0aba1d（繋がり操作をもう一度した場合、既存の繋がりは消える）,
1992,プリン,生成してしばらく経つと消える,
1993,ベルトコンベヤー,キャラクター、生物、ドロップアイテムなどを持って移動できる,
1999,カスタマイズモデル（ブロック）,カスタマイズモデル（ブロック）,@Null@
2000,ミニチュアモデル,縮小された模型、小さな世界が隠れている。,モデル作業台で砂土1袋で作れる。
4095,@Null@,最新のゲームバージョンをダウンロードしましょう！,@Null@
9995,ミニチュアセット,ミニチュアセット,@Null@
9996,ミニチュア弓,アイテムのモデル作業台で作ったミニチュア弓,@Null@
9997,ミニチュア投擲物,アイテムモデルワークベンチで作ったミニチュアの投擲物,@Null@
9998,ミニチュア銃器,アイテムモデルワークベンチで作ったミニチュアの銃器,@Null@
9999,ミニチュア武器,アイテムモデルワークベンチで作ったミニチュアの武器,@Null@
10000,ミニビーン,不思議な豆、ホーム果実を開けるためのアイテム,
10001,経験値,マイガーデン植物経験,@Null@
10002,ミニコイン,ミニコイン,@Null@
10003,ミニ宝箱,ミニ宝庫で報酬と引き換え可能。,@Null@
10004,5周年ギフト券,周年記念イベント時に、周年宝物庫で報酬と交換できる,@Null@
10005,小さな草ブロック,好きなマップに置いて、ブロック値を増やすことができる。（毎月1日リセット）,@Null@
10006,光鉄のブロック,@Null@,@Null@
10007,純金のブロック,@Null@,@Null@
10008,ダイヤブロック,@Null@,@Null@
10009,ミニポイント,広告を見ると入手でき、ショップの広告エリアでアイテムを購入できる,@Null@
10010,築夢コード,ショップで築夢パックを開くために使用できる。築夢コード一つで抽選1回,@Null@
10011,果実チケット,マイガーデンの金の果実抽選に使用できる。果実チケット1枚で抽選1回,@Null@
10012,イベントチケット,抽選機に使用できる。イベントチケット1枚で抽選1回,@Null@
10013,マイガーデンコイン,@Null@,@Null@
10014,ジョイカード,ジョイカードのあらゆるレベル報酬をアンロックできる,直接購入して使用する
10015,ジョイカード助力セット,ジョイカードのあらゆるレベル報酬をアンロックし、レベルを直ちに30上げる,直接購入して使用する
10016,レベルアップ助力セット,ジョイカードのレベルを直ちに30上げる,直接購入して使用する
10017,ミニクリスマスソックス,クリスマスイベント中、ミニ宝物庫で報酬と交換できる,@Null@
10018,ミニベル,クリスマスイベント中、ミニ宝物庫で報酬と交換できる,@Null@
10019,小さなゴールドエッグ,ミニ宝物庫で報酬と交換できる,@Null@
10020,決算宝箱,前シーズンで受取っていない報酬を清算して受け取る,@Null@
10021,ミニペイントエッグ,ミニ宝物庫で報酬と交換できる,@Null@
10022,ミニサクラ,ミニ宝物庫で報酬と交換できる,@Null@
10023,ジョイ経験値カード,使用するとジョイ経験値カード×500を獲得できる,
10024,プラネットテレポートチケット,使用：現在のプラネットの家の場所に即座にテレポートする。 （アーカイブマップで抽出して使用）,@Null@
10025,一重ねのプラネットテレポートチケット,使用：プラネットテレポートチケットを3枚入手する。 （アーカイブマップで抽出して使用）,@Null@
10026,エンジョイポイント,エンジョイカードでリワードを獲得できる,@Null@
10027,ミニビッグ会員1日体験カード,ビッグ会員の使用時間を1日間延長,@Null@
10028,ミニビッグ会員3日体験カード,ビッグ会員の使用時間を3日間延長,@Null@
10029,ミニビッグ会員7日体験カード,ビッグ会員の使用時間を7日間延長,@Null@
10030,ミニビッグ会員15日体験カード,ビッグ会員の使用時間を15日間延長,@Null@
10031,ノーマルマウント汎用破片,ノーマルマウントの汎用破片、ノーマルマウント専用破片で交換できる。マウントアンロックの時に使える。,
10032,上級マウント汎用破片,上級マウントの汎用破片、上級マウント専用破片で交換できる。マウントアンロックの時に使える。,
10033,ミニ会員月額カード,ミニ会員の1ヶ月の使用期間を増やすことができます,
10034,ミニ会員シーズンカード,ミニ会員の3ヶ月の使用期間を増やすことができます,
10035,ミニ会員半年カード,ミニ会員の半年の使用期間を増やすことができる,
10036,ミニ会員年カード,ミニ会員の1年間の使用期間を増やすことができる,
10040,スターコード,ショップでスターパックを開くために使用できる。スターコード一つで抽選1回,
10041,築夢スキン交換券,築夢パックの交換ショップで報酬を交換できる,
10042,スタースキン交換券,スターパックの交換ショップで報酬を交換できる,
10043,特長破片,#cfa7a0f特長#nのレベルアップ&解放に使える。#cfa7a0f個人センター-特長#nで確認できる。獲得方法：イベント、交換,
10044,コインカード,コインカード,
10045,ミニ月間パス-セール,ミニ月間パス-セール,
10046,ミニポイント,ポイントショップで商品と交換できる,
10047,スーパースター,スーパー観覧車イベントで報酬を抽選できる,
10048,引換券,【魔法の鍛造台】でアイテムと交換できる,
10049,ジョイ経験値カード-高級,使用するとジョイ経験値カード×3000を獲得できる,
10050,@Null@,@Null@,@Null@
10051,体力薬,使うと、一つのラッキーガチャの体力を回復する,@Null@
10052,子供の猿,@Null@,@Null@
10053,エヴァの祝福,@Null@,@Null@
10054,ラッキーチケット,ショップのボーナス画面内の抽選に使用できる。獲得：イベント,@Null@
10057,Popoのダブルの祝福,祝福をもらうと、初回ボーナスの賞品は二倍になります。,@Null@
10058,彩る星,スターライトトラベルの交換ショップで報酬と交換できる,
10059,ジョイスキンボックス,使用すると以下の報酬からランダムな1つの報酬を獲得：ハンソン（永久）×1、グレーテ（永久）×1、アジサイ少年 チャールズ（永久）×1、西部警察ジョイ（永久）×1、西部のバラルシー（永久）×1、ミニビーン×120、ミニビーン×90,
10060,ジョイ武器ボックス,使用すると以下の報酬からランダムな1つの報酬を獲得：恐竜ハンマー（永久）×1、七色のダイヤモンドツルハシ（永久）×1、タピオカ（永久）×1、ミニビーン×60、ミニビーン×30,
10061,,,
10062,,,
10063,,,
10064,,,
10099,@Null@,@Null@,@Null@
10100,@Null@,@Null@,@Null@
10101,@Null@,@Null@,@Null@
10102,@Null@,@Null@,@Null@
10103,@Null@,@Null@,@Null@
10104,@Null@,@Null@,@Null@
10105,@Null@,@Null@,@Null@
10106,@Null@,@Null@,@Null@
10107,@Null@,@Null@,@Null@
10108,@Null@,@Null@,@Null@
10109,@Null@,@Null@,@Null@
10110,@Null@,@Null@,@Null@
10111,@Null@,@Null@,@Null@
10112,機械カプセル,地面に使用すると、中に入っている機械を取り出し、設置できる。,@Null@
10113,豪遊通行証,プレイヤーのマップの体験権限をアンロックできる,@Null@
10114,装備テンプレート,@Null@,@Null@
10115,アクションビスケット,#G使用#n後2分間キャラの#G@1アクション#nを変更する,@Null@
10116,エリア,地面をタップしてエリア対象を置く。,
10117,位置,地面をタップして位置対象を置く。,
10118,ディスプレイボード,地面をタップしてディスプレイボード対象を置く。,
10119,設計図生成器,手に持つと土地、部屋、建築を保存する効果がある。また、建築を建造することもできる。,
10120,樹木生成器,手に持つと植物を支配する効果がある。樹木を召喚することができる。,
10121,河流生成器,手に持つと河流を支配する効果がある。幅の異なる河流を作成することができる。,
10122,小さなプリン,投げるとブロックの上で#c0aba1dプリンブロック#nを生成させる。プリンブロックは#c0aba1d 5秒#n後に消える,
10123,手持式ポータル,投げると2つのポータルを生成させる。ポータルはテレポート機能を持っているが、#c0aba1d 5秒#nしか存在できない,
10124,,,
10500,地形編集器,"使用すると#G地形編集器画面#nに入り、
 デフォルトで#Gブラシモード#nを選択する。すばやく補填、変更、削除などの操作ができる。
 モード切り替えボタンをタップすると#G範囲選択モード#nに変更でき、一定エリア内のブロックの操作ができる。
 このアイテムは編集モードでのみ使用できる。",@Null@
10501,ミニチュアセット装置,使用すると#Gミニチュアセットモード#nに入る。範囲を選択した後、その範囲内のブロックを一括で縮小する、または縮小したブロックを組合わせることができる。作成したミニチュアセットには一回で複数のミニチュアブロックを置くことができる,@Null@
10995,,,
10996,,,
10997,,,
10998,,,
10999,,,
11000,素手,@Null@,@Null@
11001,銅の斧,伐採用の工具。すばやく木を切り倒せる。,
11002,石の斧,伐採用の工具。すばやく木を切り倒せる。,
11003,ミスリルの斧,伐採用の工具。木に#c0aba1dチャージ#nすると、木を丸ごと切り倒せる。,
11004,チタンの斧,伐採用の工具。木に#c0aba1dチャージ#nすると、木を丸ごと切り倒せる。,
11005,チェーンソー,伐採用の工具。#c0aba1dチャージボタンを長押しする#nと斧系工具の破壊状態に入り、接触した木を#c0aba1d丸ごと#n破壊できる。チャージボタンを離すと破壊状態が終わる。,
11006,木の枝,異なる樹木の枝は細い枝として合成できる,斧類の道具に#c0aba1dをはめ込んで完全に#nルーンを獲得した後、伐採して獲得した
11007,葉,@item_1200#の燃料や酸素原料として使用したり、雪だるまの#c0aba1dとして使用したりでき#n,
11008,@Null@,@Null@,@Null@
11009,@Null@,@Null@,@Null@
11010,@Null@,@Null@,@Null@
11011,銅のツルハシ,採掘用の工具。すばやく鉱石を採掘できる。,
11012,石のツルハシ,採掘用の工具。すばやく鉱石を採掘できる。,
11013,ミスリルのツルハシ,採掘用の工具。#c0aba1dチャージボタンを長押しする#nとツルハシ系工具の破壊状態に入り、接触した#c0aba1d1*3*1範囲内の#n石材系ブロックを破壊できる。チャージボタンを離すと破壊状態が終わる。,
11014,チタンのツルハシ,採掘用の工具。#c0aba1dチャージボタンを長押しする#nとツルハシ系工具の破壊状態に入り、接触した#c0aba1d十字範囲内の#n石材系ブロックを破壊できる。チャージボタンを離すと破壊状態が終わる。,
11015,ドリル,採掘用の工具。#c0aba1dチャージボタンを長押しする#nとツルハシ系工具の破壊状態に入り、接触した#c0aba1d3*3*1範囲内の#n石材系ブロックを破壊できる。チャージボタンを離すと破壊状態が終わる。,
11016,星銅のドリルビット,#c0aba1d近接ダメージ+25#n#r採掘用の工具。石ブロックに#c0aba1dチャージ#nして使用すると、直線上のターゲットブロックを破壊できる。,@Null@
11017,@Null@,@Null@,@Null@
11018,@Null@,@Null@,@Null@
11019,@Null@,@Null@,@Null@
11020,@Null@,@Null@,@Null@
11021,銅のシャベル,#c0aba1d近接ダメージ+6#n#r掘削用の工具。すばやく砂利系のブロックを破壊できる。,@Null@
11022,石のシャベル,#c0aba1d近接ダメージ+4#n#r掘削用の工具。すばやく砂利系のブロックを破壊できる。#r土ブロックまたは草ブロックに使用すると穴を掘れる。,@Null@
11023,ミスリルのシャベル,#c0aba1d近接ダメージ+8#n#r掘削用の工具。すばやく砂利系のブロックを破壊できる。,
11024,チタンのシャベル,#c0aba1d近接ダメージ+10#n#r掘削用の工具。直線上6マス範囲の砂利系のブロックを瞬時に破壊できる。#r土ブロックまたは草ブロックに使用すると穴を掘れる。,@Null@
11025,タングステンのシャベル,#c0aba1d近接ダメージ+12#n#r掘削用の工具。急速に#c0aba1d砂利系のブロック#nを破壊できる。#r土ブロックに使用すると#c0aba1d土ピット#nを掘れる。#r#c0aba1d炎プラネットマグマ#nに使用すると硫黄砂を掘削できる。,
11026,ゲームのバージョンが古すぎます,今すぐ最新バージョンをダウンロードしましょう！,@Null@
11027,ゲームのバージョンが古すぎます,今すぐ最新バージョンをダウンロードしましょう！,@Null@
11028,ゲームのバージョンが古すぎます,今すぐ最新バージョンをダウンロードしましょう！,@Null@
11029,ゲームのバージョンが古すぎます,今すぐ最新バージョンをダウンロードしましょう！,@Null@
11030,ゲームのバージョンが古すぎます,今すぐ最新バージョンをダウンロードしましょう！,@Null@
11031,銅のレーキ,#c0aba1d近接ダメージ+9#n#r耕地用の工具。土ブロック、草ブロックを畑に変える。#r成熟した作物に使用すると収穫できる。,@Null@
11032,石のレーキ,#c0aba1d近接ダメージ+6#n#r耕地用の工具。土ブロック、草ブロックを畑に変える。#r成熟した作物に使用すると収穫できる。,@Null@
11033,ミスリルのレーキ,#c0aba1d近接ダメージ+12#n#r耕地用の工具。土ブロック、草ブロックを畑に変える。#r成熟した作物に使用すると3x3の範囲を収穫できる。,
11034,チタンのレーキ,#c0aba1d近接ダメージ+15#n#r耕地用の工具。土ブロック、草ブロックを畑に変える。#r成熟した作物に使用すると5x5の範囲を収穫できる。,@Null@
11035,タングステンのレーキ,#c0aba1d近接ダメージ+20#n#r耕地用の工具。土ブロック、草ブロックを#c0aba1d畑#nに変える。#r成熟した作物に使用すると3x3の範囲を#c0aba1d収穫#nできる。#r空の耕地で使用するとかばんの#c0aba1dトウモロコシの種#nを#c0aba1d播種#nにすることができ、作用範囲3*3。,
11036,@Null@,@Null@,@Null@
11037,@Null@,@Null@,@Null@
11038,@Null@,@Null@,@Null@
11039,@Null@,@Null@,@Null@
11040,@Null@,@Null@,@Null@
11041,頭部,@Null@,@Null@
11042,胸部,@Null@,@Null@
11043,脚部,@Null@,@Null@
11044,足部,@Null@,@Null@
11045,背飾り,@Null@,@Null@
11046,@Null@,@Null@,@Null@
11047,@Null@,@Null@,@Null@
11048,木のおけ,#c0aba1d水#nに使用すると、水を汲んだ木のおけを入手できる。,@Null@
11049,ペットボトルの水,使用後に水を#c0aba1d流す#nと、小さいガラス瓶を入手できる。,水には小さなガラス瓶を使用して入手します。
11050,ミスリルのバケツ,#c0aba1d水、満杯のハチの巣#nに使用すると、それぞれ水を汲んだ鉄のバケツ、マグマ入りのミスリルのバケツ、蜂蜜入りのミスリルのバケツを入手できる。,注：対応する液体のブロックをポイントし、#c0aba1d長押し#nして、ボタンを使用して収集します
11051,ペットボトルの水,使用後に水を#c0aba1d流す#nと、、小さいガラス瓶を入手できる。,水には小さなガラス瓶を使用して入手します。
11052,マグマ入りのクルーシブル,使用後にマグマを#c0aba1d流す#nと、クルーシブルを入手できる。,クルーシブルをマグマに使用して入手する。
11053,蜂蜜入りのミスリルのバケツ,使用後にはちみつを#c0aba1d流す#nと、ミスリルのバケツを入手できる。#r注意：蜂蜜、マグマ、水が接触すると反応を起こす。,ミスリルのバケツを満杯のハチの巣に使用して入手できる。
11055,点火器,作れない。,
11056,ミスリルハサミ,#c0aba1dの物理的特徴#nを持つアイテムで#rを使用して、それらをクリアします。,
11057,縄,動物を捕まえることができる。,@Null@
11058,漁網,魚に使用すると、#c0aba1d道具#nに変わる。,@Null@
11059,キャンディツルハシ,#c0aba1d食べた#n後、空腹度が30、HPが15回復し、180秒間#c0aba1d大きくなる#n。#rすばやく鉱石を採掘できる。,クリスマスイベント期間にサンタから購入。#rクリスマスギフトボックスから入手できる場合もある。
11060,キャンディアックス,#c0aba1d食べる#nと180秒間#c0aba1dキャラクターの体が小さくなる#n。#r木材のクイック採取に使える。,クリスマスイベント期間にサンタから購入。#rクリスマスギフトボックスを開けると一定の確率で獲得する。
11061,大きな宝剣,#c0aba1d近接ダメージ+40#n#r非常に丈夫な近接武器。,元日イベント期間に元日商人から購入。
11062,大きな宝シャベル,#c0aba1d近接ダメージ+12#n#r掘削用の工具。急速に土ブロック、砂ブロック、砕石の山を破壊できる。,元日イベント期間に元日商人から購入。
11063,仙雲ステッキ,使用すると、目の前に萌目プラネット雲を生成する。,@Null@
11064,クルーシブル,#c0aba1dマグマ#nに使えます。マグマ入りのチタンのバケツ、蜂蜜入りのクルーシブルが入手できる。,注意：対応する液体のブロックに向けて使用ボタンを#c0aba1d長押し#n収集する
11065,水入りのチタンのバケツ,使用後に水を#c0aba1d流す#nと、チタンのバケツを入手できる。,水にチタンのバケツを使って入手できる。
11066,蜂蜜入りのチタンのバケツ,使用後に蜂蜜を#c0aba1d流す#nと、チタンのバケツを入手できる。#r注意：蜂蜜はマグマや水と接触すると反応する。,満杯のハニカムにチタンのバケツを使って入手できる。
11067,赤い羽,#c0aba1d変異巻物#nの素材の1つ。,飛び鶏を倒すとドロップする。
11068,鶏の足,装備品のルーンを発動させるための副材料として使用できる。,バトル鶏を倒すとドロップする。
11069,鶏の口,#c0aba1d変異巻物#nの素材の1つ。,鳴き鶏を倒すとドロップする。
11070,スパナー,一部スターエナジー装置に使用すると、モードを切り替えられる。,@Null@
11071,カスタマイズ視点,カスタマイズ視点画面で、自由に視点を調整、テストおよび保存でき、オリジナル視点を複数作ることができる。プレイモードでのみ使用できる。,@Null@
11072,図面-ロケット技術,使用後、クリエーションハンマーがアンロックで神秘プラネットに向かう#c0aba1dロケット#nと#c0aba1d航空燃料#nのレシピがアンロックされる。,エンシェントブラックドラゴンを倒した後、巣の中のツボを破壊して入手する。
11073,星銅石,クリエーションハンマーで工具と装備を作る際に必要な素材。,@Null@
11074,紫蛍石,クリエーションハンマーで工具と装備を作る際に必要な素材。,@Null@
11075,青いクリスタル,神秘トーテムまたは巨人の彫像に使用すると#c0aba1d開放#nし、#c0aba1d酸素エリア#nを形成する。#r開放するたびにレーガン石を1つ#c0aba1d消費#nする。#r#c0aba1d図面-青いクリスタル#nを使い工具箱をアンロックして作る。,@Null@
11076,星星石,アクティベート済みの神秘トーテムまたは巨人の彫像に使用すると、#c0aba1dマップマーク#nを点灯し、再び使用するとアイコンを取消す。#r点灯するたびに星星石を1つ#c0aba1d消費#nする。,@Null@
11077,岩石のカケラ,クリエーションハンマーで星星石、青いクリスタルなどのアイテムを作る際に必要な素材の1つ。,萌目ディンディンを倒すと一定の確率でドロップする。
11078,氷の結晶,クリエーションハンマーで星星石などのアイテムを作る際に必要な素材の1つ。,萌目ドンドンを倒すと一定の確率でドロップする。
11079,ポリマー,クリエーションハンマーで星星石などのアイテムを作る際に必要な素材の1つ。,萌目ダンダンを倒すと一定の確率でドロップする。
11080,重力の結晶,クリエーションハンマーでブラックドラゴンのカオスボール、ポルサーボウ、噴射する鉤を作る際に必要な素材の1つ。,萌目シュシュを倒すと一定の確率でドロップする。
11081,図面-序列技術,使用後、クリエーションハンマーで#c0aba1d指令解析機#nと#c0aba1dコマンドチップ#nのレシピがアンロックされる。,萌目プラネットの遺跡地下道で、宝を破壊するとランダムでもらえる。#r宇宙商人が時々販売している。
11082,図面-縮小技術,使用後、クリエーションハンマーで#c0aba1dモデル作業台#nのレシピがアンロックされる。,萌目プラネットの遺跡地下道で、宝を破壊するとランダムでもらえる。#r宇宙商人が時々販売している。
11083,図面-変異技術,使用後、職人の台で#c0aba1d萌目プラネット胞子飼料#n、#c0aba1d変異したタケノコ飼料#n、#c0aba1d変異したシソの飼料#n、#c0aba1d変異巻物#nのレシピがアンロックされる。,萌目プラネットの遺跡地下道で、宝を破壊するとランダムでもらえる。#r宇宙商人が時々販売している。
11084,図面-酸素リファイン装置,使用後、職人台で#c0aba1d酸素リファイン装置#nのレシピがアンロックされる。,萌目プラネットの遺跡地下道で、宝を破壊するとランダムでもらえる。#r宇宙商人が時々販売している。
11085,図面-圧縮ガスタンク（空）,使用後、クリエーションハンマーで#c0aba1d圧縮ガスタンク（空）#nのレシピがアンロックされる。,萌目プラネットの遺跡地下道で、宝を破壊するとランダムでもらえる。#r宇宙商人が時々販売している。
11086,図面-プラネット植物の培地,使用後、クリエーションハンマーで#c0aba1dプラネット植物の培地#nのレシピがアンロックされる。,萌目プラネットの遺跡地下道で、宝を破壊するとランダムでもらえる。#r宇宙商人が時々販売している。
11087,図面-星銅のドリルビット,使用後、クリエーションハンマーで#c0aba1d星銅のドリルビット#nのレシピがアンロックされる。,萌目プラネットの遺跡地下道で、宝を破壊するとランダムでもらえる。#r宇宙商人が時々販売している。
11088,図面-噴射フック,使用後、クリエーションハンマーで#c0aba1d噴射フック#nのレシピがアンロックされる。,萌目プラネットの遺跡地下道で、宝を破壊するとランダムでもらえる。#r宇宙商人が時々販売している。
11089,図面-酸素かばん,使用後、クリエーションハンマーで#c0aba1d酸素かばん#nのレシピがアンロックされる。,萌目プラネットの遺跡地下道で、宝を破壊するとランダムでもらえる。#r宇宙商人が時々販売している。
11090,図面-青いクリスタル,使用後、クリエーションハンマーで#c0aba1d青いクリスタル#nのレシピがアンロックされる。,萌目プラネットの遺跡地下道で、宝を破壊するとランダムでもらえる。#r宇宙商人が時々販売している。
11091,図面-星星石,使用後、クリエーションハンマーで#c0aba1d星星石#nのレシピがアンロックされる。,萌目プラネットの遺跡地下道で、宝を破壊するとランダムでもらえる。#r宇宙商人が時々販売している。
11092,図面-ペールライムシリーズ,使用すると、解析機と指令集のレシピがアンロックされる。,萌え眼星の地表各地の宝水晶や宇宙商人で。を得ることができる
11093,図面-ペールライム板,使用すると、解析機と指令集のレシピがアンロックされる。,萌え眼星の地表各地の宝水晶や宇宙商人で。を得ることができる
11094,図面-ペールライムフェンス,使用すると、解析機と指令集のレシピがアンロックされる。,萌え眼星の地表各地の宝水晶や宇宙商人で。を得ることができる
11095,雲のボトル,#c0aba1d水中以外の環境#nで使用すると、目の前に雲を作りだすことができる。,@Null@
11096,航空燃料,ロケットに使用すると、燃料を補充できる。#r#c0aba1d図面-ロケット技術#nを使いクリエーションハンマーをアンロックして作る。,@Null@
11097,図面-無線装置,使用後、クリエーションハンマーで#c0aba1d信号発射機#nと#c0aba1d信号受信機#nのレシピをアンロックされる。,萌目プラネットの遺跡地下道で、宝を破壊するとランダムでもらえる。#r宇宙商人が時々販売している。
11098,図面-信号受信機,トーテムの下にある宝の水晶から入手する,@Null@
11099,機械の燃油,#c0aba1d燃料エンジンを装備#nしている機械に使用すると、エンジンに燃料を投下できる。,@Null@
11100,手持ち式編集機,ブロック/生き物に右クリックすると、編集詳細画面に入り、選択中の生き物/ブロックの属性をすばやく編集できる。,@Null@
11101,接続機,"手に持っている時、近くにある機械部品の接続状況を表示する。#c0aba1d正方形端点と接続コード#nも含む。
 ある端点に使用してコードを引き出し、さらに他の端点に使用すると#c0aba1d2つの端点部品を繋げることができる#n。
 接続した後は、スターエナジー装置で繋げなくても制御効果を持つ。",@Null@
11102,図面-スターエナジー発振器,精密図面、使用後、#c0aba1dスターエナジー発振器#nのレシピがアンロックされる。,砂漠の地下要塞の密室にある宝箱から入手可能
11103,,,
11104,図面-氷原住宅建築1,氷原集落の建築図面1、@item_150004#に使える。素材を入れると、建築者村人は図面通りに建造を始める。,
11105,図面-氷原住宅建築2,氷原集落の建築図面2、@item_150004#に使える。素材を入れると、建築者村人は図面通りに建造を始める。,
11106,図面-氷原住宅建築3,氷原集落の建築図面3、@item_150004#に使える。素材を入れると、建築者村人は図面通りに建造を始める。,
11107,図面-氷原住宅建築4,氷原集落の建築図面4、@item_150004#に使える。素材を入れると、建築者村人は図面通りに建造を始める。,
11108,図面-氷原住宅建築5,氷原集落の建築図面5、@item_150004#に使える。素材を入れると、建築者村人は図面通りに建造を始める。,
11109,図面-氷原住宅建築6,氷原集落の建築図面6、@item_150004#に使える。素材を入れると、建築者村人は図面通りに建造を始める。,
11110,図面-氷原住宅建築7,氷原集落の建築図面7、@item_150004#に使える。素材を入れると、建築者村人は図面通りに建造を始める。,
11111,図面-木製の氷小屋,木製の氷小屋の建築図面、@item_150004#に使える。素材を入れると、建築者村人は図面通りに建造を始める。,
11112,図面-櫓,櫓の建築図面、@item_150004#に使える。素材を入れると、建築者村人は図面通りに建造を始める。,
11113,図面-氷小屋,氷小屋の建築図面、@item_150004#に使える。素材を入れると、建築者村人は図面通りに建造を始める。,
11114,,,
11200,セメント,セメントブロックと焼きセメントブロックの製錬に使う素材。,職人台で作業することで入手可能
11201,コンデンスエナジーレート,燃料に使える。,@item_402#を採掘する。
11202,黒炭,長い間放置されていたため、もはや何の役にも立っていないようです。,
11203,タングステン,職人台で上級工具と装備を作る際に必要な素材。,タングステン鉱石を採掘して入手する。
11204,アンバー,職人台で一部の器材アイテムを作る際に必要な素材。#r商人が常に必要とする材料の1つ。,アンバー鉱石を採掘して入手する。
11205,スターステーションエネルギーカケラ,エネルギーのカケラは、ステーションのエネルギーコアの修理や合成、ステーションのコンソールの起動に使用できる#r ヴォイド戦争後、大量のステーションが破壊されて地下に埋められ、壊れたエネルギーコアがあちこちに散らばっていた。,地下牢の宝箱を開けると一定の確率で入手できる。
11206,曙光石粉,@item_800#を使って@item_536#の素材を作り。,フレイムスター、@item_536#で。
11207,炎,職人台で工具と装備を作る際に必要な素材の一つ。,製錬炉で#c0aba1d炎鉱石#nを燃やして入手する。
11208,炎のツブ,職人台で高級食べ物を作る際に必要な素材の1つ。,
11209,ミスリル,職人台でミスリルの工具と装備を作る際に必要な素材の1つ。,製錬炉で#c0aba1dミスリル鉱石#nを燃やして入手する。
11210,マイカ,職人台で石英ブロックを作る際に必要な素材。,マイカブロックを採掘して入手する。#r商人が時々販売している。
11211,火種,クラフトテーブルで火の巻物、生命の結晶、ブラックドラゴンのカオスボールを作る際に必要な素材の1つ。,硫黄射手を倒すとドロップする。
11213,セメントレンガ,職人台でセメントレンガを作る際に必要な素材。,製錬炉で#c0aba1dセメント#nを燃やして入手できる。
11214,硫黄レンガ,職人台で硫黄レンガブロックを作る際に必要な素材。,製錬炉で#c0aba1d硫黄岩#nを燃やして入手する。
11215,溶岩ホーン,@item_765#に使用し、封印を解除し、溶岩黒龍を召喚することができ。,太古の黒龍を倒した後、@item_800#で制作。をアンロックする
11216,カオスホーン,@item_765#に使用し、封印を解除し、混乱黒龍を召喚することができ。,溶岩黒龍を倒した後、@item_800#で製作。をアンロックする
11217,生命の結晶,職人台でマグマホーンを作る素材の1つ。#rエンシェントブラックドラゴンを倒し職人台でアンロックして作る。,太古の黒龍を倒した後、@item_800#で製作。をロック解除する
11218,岩石の結晶,職人台でマグマホーンを作る素材の1つ。#rエンシェントブラックドラゴンを倒し職人台でアンロックして作る。,太古の黒龍を倒した後、@item_800#で製作。をロック解除する
11219,カオスの結晶,職人台でカオスホーンを作る素材の1つ。#rエンシェントブラックドラゴンを倒し職人台でアンロックして作る。,溶岩黒龍を倒した後、@item_800#ロック解除で製作。
11220,宝石の結晶,職人台でカオスホーンを作る素材の1つ。#rエンシェントブラックドラゴンを倒し職人台でアンロックして作る。,溶岩黒龍を倒した後、@item_800#ロック解除で製作。
11221,龍骨,職人台で龍骨の弓を作る素材の1つ。,マグマブラックドラゴン、カオスブラックドラゴンを倒した後、ドラゴンの巣にある壺を破壊する。
11222,マグマの宝石,クラフトテーブルで溶岩のマントを作る素材の1つ。,マグマブラックドラゴンを倒した後、巣の中のツボを破壊して入手する。
11223,トウモロコシの束,職人台で生命の結晶を作る素材の1つ。#rエンシェントブラックドラゴンを倒し職人台でアンロックして作る。,
11224,革の束,クラフトテーブルでカオスの結晶を作る素材の1つ。#rマグマブラックドラゴンを倒しクリエーションハンマーをアンロックして作る。,@Null@
11225,炎プラネット転送ドアのカケラ,ヴォイド侵入の影響を受け、この道具はミラ プラネット の歴史から消えてしまった……,@Null@
11226,植物繊維,最も基本的な植物繊維ですが、非常に強靭で、@item_11227#と@item_298#の作成に使用でき。#r@item_101#を手持ちでクリックすると、@item_100#に変換でき。,
11227,ロープ,#c0aba1dフェンス#nまたはいくつかの武器を作るための原材料の1つ,@Null@
11228,花冠,"""#c0aba1d物理的防御+ 1#n
頭にかぶると花の香りがたっぷりで、虫に好まれやすいが、花でできているのでとても壊れやすく、一般的な鎧としては使えない。",@Null@
11229,タケノコの串焼き,よだれを流すほど香ばしい。,@item_794#を使って料理する必要がある
11230,ちくちくばんばんハンマー,"#c0aba1d近接攻撃+ 10#n
スティックにはサボテンがあり、ハンマーで叩くまで出血します。 注意して使用してください！",@Null@
11231,集物グローブ,手に付けると雪玉を作れる。#rボールなしの状態で@item_115#を#c0aba1d右クリック#nすれば雪玉を生成できる。雪玉に触れると押しながら歩くことができる。#rボールありの状態で#c0aba1d左キー#nを長押しすると、力を貯めて雪玉を押し出すことができる。二つの雪玉がぶつかったら、雪だるまになる！,
11232,隕魔の仮面,氷の隕魔が残した力は、仮面の中で蠢いてる……#r着用時、周りの温度を下げ、周りの液体ブロックを凝結させることができ、雪を降らせることすら可能だ！,氷の隕魔を撃破すると入手可能
11233,古代のホーン,@item_765#を使用して、封印を解除し、太古の黒龍を召喚することができ。,太古の黒龍を倒した後、@item_800#で制作。をアンロックする
11302,獣の骨,蛇の神の翼の加工素材。,変な肘を食べると入手できる。#r野蛮人ハンターを倒すと一定の確率でドロップする。
11303,薄い羽,クラフトテーブルで石の矢を作る素材の1つ。,ニワトリを倒すと一定の確率でドロップする。
11304,火打石,使い道はない,商人が時々販売している。
11305,石英の砂,製錬台で@item_632#を焼成することが可能。,
11306,非安定化合物,#メタンハイドレート#nは、希少な#c0aba1d赤い砂#nと混ざると非常に不安定になり.,職人台で作業することで入手可能
11307,柔らかい皮,職人台で本や各種革製品を作る素材の1つ。,ツノジカ、サイ、オオカミなどの動物を倒すと一定の確率でドロップする。
11308,バージョンが古い,,
11309,柔らかい皮生地,クリエーションハンマーでマントを作る素材の1つ。,@Null@
11310,タール,職人台でスライドブロックとプッシュアーマーを作る素材の1つ。,地下牢の宝箱を開けるか、マグマ巨人を倒すと一定の確率で入手できる。
11311,動物の肥料,#c0aba1d成長中の植物#nに使用すると、早く成長させる。,アルパカにトウモロコシの種を与えると、一定の確率で入手できる。
11312,中空バンブーポール,クリエーションハンマーで吹き矢を作る素材の1つ。,パンダに竹を与えると一定の確率でドロップする。
11313,ミツバチの針,クリエーションハンマーでツバチの針を作る素材の1つ。,ミツバチを倒すと入手できる。
11314,木のボウル,クリエーションハンマーで調理品を作る素材の1つ。,@Null@
11315,炎プラネットの目,天空に使用すると、付近にある地下牢の位置を示してくれる。#r使用後に一定の確率で壊れる。付近に地下牢がない場合は、発動しない。,炎プラネット人を倒すと一定の確率でドロップする。
11316,バージョンが古い,薬剤を作る際に使用する。,
11317,バージョンが古い,今すぐ最新バージョンをダウンロードしましょう！,
11318,蛍光結晶,クリエーションハンマーで蛍光結晶ブロックと一部灯具を作る素材の1つ。,水中でハダカイワシを倒すと一定の確率でドロップする。
11319,魚のえら,鍋で深海呼吸薬剤を作る素材の1つ。,水中でエイを倒すと一定の確率でドロップする。
11320,小さなガラス瓶,水やハチミツに使って満タンにする。#r#c0aba1dホタル#nを#c0aba1d捕獲する#nために、使用できる。#r乳を出す状態の#c0aba1dツノジカ#nに使用すると、瓶詰めの新鮮な羊乳を得ることができる。 #n各種ポーションや顔料の瓶の加工に使われる材料の一つ。 #r#c0aba1d レザーの巻物#nに入れると、ボトルメールに変身する。,
11321,巨鱗羽ジュース,#c0aba1dが#nを食べた後#r#c0aba1d25%受ける炎のダメージを#n、180秒間。,
11322,紙,古来からの製法で作られる紙。,
11323,木材,伐採して得られた木材は、道具の材料として適している。,
11324,探知機,@Null@,@Null@
11326,ボトル入り果糖液糖,#c0aba1d食べる#nと20生命を回復、短時間生命を回復し続ける。豊かな果糖シロップを精製後、ガラス瓶に完全密封し、ミラ星の砂糖の最も一般的な供給源となる。,@Null@
11327,福の玉,逃亡状態の#c0aba1d年獣#nに使用すると、一定の確率で#c0aba1d飼い慣らせる#rことができる。#nクリエーションハンマーを使用して年獣エッグを作る素材の1つ。,春節イベント期間中、福の玉モンスターを倒すと一定の確率でドロップする。
11328,バージョンが古い,今すぐ最新バージョンをダウンロードしましょう！,
11329,銅,銅の道具や装備を作るために使われている,マイニング@item_451#。
11330,チタン,チタンの道具や装備を作るために使われている,
11331,スターステーションエネルギーコア,創造力に注入されたエネルギーブロック。 #rエネルギーコアを手で保持し、コンソールブロックをタップしてスターステーションシステムを有効にします。,@Null@
11332,銅棒,#c0aba1d職人台#nを使用して、各種工具の製造ができる。 #rフェンスを作成するために使用できます。,
11333,三角形ポータルシャード,Triangle Portalから削除され、右クリックして使用するには、右クリックすると、アクティブな宇宙ステーションで現在の星へのテレポート#r TRIARGRE PORTALがvoidから未知の電力を使用し、Void Messengerは三角形ポータルを使用してミニ宇宙のスターリンクに侵入し略奪しています。,@Null@
11334,スマートチップ,アドバンスド?ポッドのコア。ポッドアップグレードのコンポーネントを加工するのに使用される。#r高レベルのテレポーターのさらなる星への旅行,
11335,アップグレード部分Aタイプ,アップグレード部分を手に保持し、レベル1のテレポータを右クリックしてレベル2 Teleporter #rにアップグレードしてください。,@Null@
11336,ゲームのバージョンが低すぎます,@Null@,@Null@
11337,ゲームのバージョンが低すぎます,@Null@,@Null@
11400,トウモロコシの種,畑に#c0aba1d植え#n、しばらくするとトウモロコシが育つ。,トウモロコシから作ることができる。
11401,巨大ブルフルーツの種,畑に#c0aba1d植え#n、しばらくすると隣り合った位置に巨大ブルフルーツが実る。#nまた、#c0aba1d 動物性肥料#nを使用することで、生育を促進することができます。,
11402,巨大なプルマージュの種,畑に#c0aba1d植え#n、しばらくすると隣り合った位置に巨大なプルマージュが実る。#nまた、#c0aba1d 動物性肥料#nを使用することで、生育を促進することができます。,
11403,レッドシダーフルーツ,#c0aba1d食べる#nと15生命を回復。レッドシダーの葉に植えることができる。#r#c0aba1d飼いならされたペンギンに#nに使用して、#c0aba1d 繁殖#n状態にすることができる。,陶器のツボを破壊するか、地下牢の宝箱を開けると一定の確率で入手できる。
11404,稲の種,底が土ブロックまたは砂ブロック、かつ深さ1マスの水源に#c0aba1d植える#nと、稲が成長する。,稲刈りで入手できる。
11405,チェリーの木の種,土ピットに植えてチェリーの木に育てることができる,
11406,松の木の種,土壌ピットに植えて落葉松の木に育てることができる,@Null@
11407,アーバーの種,土壌ピットに植えて雨林アーバーに育てることができる,@Null@
11408,珍しい木の種,土壌ピットに植えて珍しい木に育てることができる,@Null@
11409,桃の木の種,土壌ピットに植えて桃の木に育てることができる,@Null@
11410,ポプラの木の種,土壌ピットに植えてポプラの木に育てることができる,@Null@
11411,クルミの木の種,土ピットに植えてクルミの木に育てることができる,
11412,杉の木の種,土壌ピットに植えて杉の木に育てることができる,@Null@
11413,クスノキの種,土壌ピットに植えてクスノキに育てることができる,@Null@
11418,@Null@,@Null@,@Null@
11419,野生綿の種,@item_102#に植えられた後、それは綿の木に育ちます。,
11420,サボテンの種,植えればサボテンになる希望の種,
11421,ポプラの種,土の穴に植えると、#c0aba1dコトカケヤナギnに成長する希望の種。,
11422,巨大ココナッツリーフ,この大きさの葉は、#c0aba1d燃料#nとして使用すると長時間燃焼するようです。,
11423,変異巨大ココナッツリーフ,赤土によって葉っぱ全体の色が大きく変わり、中には不安定な物質が大量に溜まっていて、#c0aba1d燃料#nとして使うとさらに長く燃えそうだ。,
11424,ココナッツ砲弾,海賊はココナッツに不安定な化合物を流し込んで土の砲弾を作っていたが、かなりの威力である。,職人台で加工して入手可能
11500,薄白いの顔料瓶,最も基本的な色の一つで、比較的高価ですが、明るい色調の顔料を混ぜるのに欠かせない白は、染色に使うことができます。,職人台で加工して入手可能
11501,赤オレンジの顔料瓶,赤色顔料と黄色顔料を#c0aba1dパレット#nにブレンドしたものです。染色できる。,小さなガラス瓶を使用して、パレットの顔料を取り出すことに入手
11502,赤紫色の顔料瓶,赤色顔料と紫顔料を#c0aba1dパレット#nにブレンドしたものです。染色できる。,小さなガラス瓶を使用して、パレットの顔料を取り出すことに入手
11503,水色の顔料瓶,白色顔料とブルー顔料を#c0aba1dパレット#nにブレンドしたものです。染色できる。,小さなガラス瓶を使用して、パレットの顔料を取り出すことに入手
11504,薄黄色いの顔料瓶,最も基本的な色の一つで、配合される顔料を黄色に偏らせ、染色に利用することができる。,職人台で加工して入手可能
11505,黄緑色の顔料瓶,白色顔料と緑色顔料を#c0aba1dパレット#nにブレンドしたものです。染色できる。,小さなガラス瓶を使用して、パレットの顔料を取り出すことに入手
11506,ベゴニアの顔料瓶,白色顔料と赤い顔料を#c0aba1dパレット#nにブレンドしたものです。染色できる。,小さなガラス瓶を使用して、パレットの顔料を取り出すことに入手
11507,灰色の顔料瓶,白色顔料と黒い顔料を#c0aba1dパレット#nにブレンドしたものです。染色できる。,小さなガラス瓶を使用して、パレットの顔料を取り出すことに入手
11508,薄灰色の顔料瓶,白色顔料とグレー顔料を#c0aba1dパレット#nにブレンドしたものです。染色できる。,小さなガラス瓶を使用して、パレットの顔料を取り出すことに入手
11509,青緑の顔料瓶,ブルー顔料と緑の顔料を#c0aba1dパレット#nにブレンドしたものです。染色できる。,小さなガラス瓶を使用して、パレットの顔料を取り出すことに入手
11510,紫色の顔料瓶,赤い顔料とブルー顔料を#c0aba1dパレット#nにブレンドしたものです。染色できる。,小さなガラス瓶を使用して、パレットの顔料を取り出すことに入手
11511,カヤナイト,その他多くの上級アイテムの素材でもある。,カヤナイト鉱石を際に採掘して入手する。
11512,深い栗色の顔料瓶,赤い顔料と黒い顔料を#c0aba1dパレット#nにブレンドしたものです。染色できる。,小さなガラス瓶を使用して、パレットの顔料を取り出すことに入手
11513,エメラルドグリーンの顔料瓶,黄色い顔料とブルー顔料を#c0aba1dパレット#nにブレンドしたものです。染色できる。,小さなガラス瓶を使用して、パレットの顔料を取り出すことに入手
11514,ハーキュリアンレッドの顔料瓶,最も基本的な色の一つで、配合される顔料を赤色に偏らせ、染色に利用することができる。,職人台で加工して入手可能
11515,コールブラックの顔料瓶,赤色顔料、黄色顔料、青色顔料を@item_498#に入れて調和したもの、染色に使える。,陶製のツボを破壊すると一定の確率でドロップされる。
11516,バージョンが古い,今すぐ最新バージョンをダウンロードしましょう！,
11517,バージョンが古い,今すぐ最新バージョンをダウンロードしましょう！,
11518,バージョンが古い,今すぐ最新バージョンをダウンロードしましょう！,
11519,バージョンが古い,今すぐ最新バージョンをダウンロードしましょう！,
11520,バージョンが古い,今すぐ最新バージョンをダウンロードしましょう！,
11521,バージョンが古い,今すぐ最新バージョンをダウンロードしましょう！,
11522,バージョンが古い,今すぐ最新バージョンをダウンロードしましょう！,
11523,バージョンが古い,今すぐ最新バージョンをダウンロードしましょう！,
11524,バージョンが古い,今すぐ最新バージョンをダウンロードしましょう！,
11525,バージョンが古い,今すぐ最新バージョンをダウンロードしましょう！,
11526,バージョンが古い,今すぐ最新バージョンをダウンロードしましょう！,
11527,バージョンが古い,チタンを使って、絹で包んだメノウのマントを作るためのハンマーに使う原料の一つを作る。,
11528,バージョンが古い,今すぐ最新バージョンをダウンロードしましょう！,
11529,バージョンが古い,今すぐ最新バージョンをダウンロードしましょう！,
11530,バージョンが古い,今すぐ最新バージョンをダウンロードしましょう！,
11531,ゲームのバージョンが古い,今すぐ最新バージョンをダウンロードしましょう！,
11532,ロイヤルブルー顔料瓶,基本色の一つです。調和した顔料をブルーに偏らせることができ、染色に使用できます。,職人台で加工して獲得できる
11533,チタンパウダー,白い顔料ボトルを作る原料です。チタンインゴットを使って、作る可能。,職人台で加工して獲得できる
11534,草の飼料,飼料は飼料タンクに配置する必要があり、草食動物または雑食動物は#c0aba1d成長、繁殖、または生命を回復することができ#n。は草食動物または雑食動物を引き付けることができ。,
11535,肉飼料,飼料は飼料タンクに配置する必要があり、肉食動物または雑食動物は#c0aba1d成長、繁殖、または生命を回復することができ#n。は肉食動物または雑食動物を引き付ける可能性があり。,
11536,サンセットオレンジ顔料瓶,赤い颜料とオレンジの颜料は#c0aba1dパレット#で調和して、合成します。染色に使用できます。,小さなガラス瓶を使ってパレット上の颜料を入れて入手
11537,紅葉オレンジ顔料瓶,黄色い颜料とオレンジの颜料は#c0aba1dパレット#で調和して、合成します。染色に使用できます。,小さなガラス瓶を使ってパレット上の颜料を入れて入手
11538,シアニンパープル顔料瓶,青い颜料とパープルの颜料は#c0aba1dパレット#で調和して、合成します。染色に使用できます。,小さなガラス瓶を使ってパレット上の颜料を入れて入手
11539,ウィローグリーン顔料瓶,黄色い颜料と緑の颜料は#c0aba1dパレット#で調和して、合成します。染色に使用できます。,小さなガラス瓶を使ってパレット上の颜料を入れて入手
11540,レモンイエロー顔料瓶,黄色い颜料と白い颜料は#c0aba1dパレット#で調和して、合成します。染色に使用できます。,小さなガラス瓶を使ってパレット上の颜料を入れて入手
11541,シナモンオレンジ顔料瓶,オレンジの颜料と白い颜料は#c0aba1dパレット#で調和して、合成します。染色に使用できます。,小さなガラス瓶を使ってパレット上の颜料を入れて入手
11542,ライラック顔料瓶,パープルの颜料と白い颜料は#c0aba1dパレット#で調和して、合成します。染色に使用できます。,小さなガラス瓶を使ってパレット上の颜料を入れて入手
11543,アンバーイエロー顔料瓶,黄色い颜料と黒い颜料は#c0aba1dパレット#で調和して、合成します。染色に使用できます。,小さなガラス瓶を使ってパレット上の颜料を入れて入手
11544,ネイビーブルー顔料瓶,青い颜料と黒い颜料は#c0aba1dパレット#で調和して、合成します。染色に使用できます。,小さなガラス瓶を使ってパレット上の颜料を入れて入手
11545,キャラメルオレンジ顔料瓶,オレンジの颜料と黒い颜料は#c0aba1dパレット#で調和して、合成します。染色に使用できます。,小さなガラス瓶を使ってパレット上の颜料を入れて入手
11546,黛パープル顔料瓶,パープルの颜料と黒い颜料は#c0aba1dパレット#で調和して、合成します。染色に使用できます。,小さなガラス瓶を使ってパレット上の颜料を入れて入手
11547,バンブーグリーン顔料瓶,緑の颜料と黒い颜料は#c0aba1dパレット#で調和して、合成します。染色に使用できます。,小さなガラス瓶を使ってパレット上の颜料を入れて入手
11551,ブロック破壊,@Null@,@Null@
11552,ブロック設置,@Null@,@Null@
11553,ブロック交換,@Null@,@Null@
11554,攻撃,@Null@,@Null@
11555,吹き飛ばし,@Null@,@Null@
11556,召喚,@Null@,@Null@
11557,追加ステータス,@Null@,@Null@
11558,投擲物発射,@Null@,@Null@
11559,治療,@Null@,@Null@
11560,破壊ブロック（投擲）,@Null@,@Null@
11561,交換ブロック（投擲）,@Null@,@Null@
11562,設置ブロック（投擲）,@Null@,@Null@
11563,攻撃（投擲）,@Null@,@Null@
11564,吹き飛ばし（投擲）,@Null@,@Null@
11565,召喚（投擲）,@Null@,@Null@
11566,追加ステータス（投擲）,@Null@,@Null@
11567,投擲物発射（投擲）,@Null@,@Null@
11568,治療（投擲）,@Null@,@Null@
11569,杖,丈夫な喬木でできた杖。晶核と融合させると、強力な杖になる,@Null@
11570,平凡晶核,普通の晶核。平凡な杖を合成ため、及び海の精霊を変身する時使います。,
11571,熾烈晶核,炎の力を秘めた晶核。熾烈な杖を合成する際に使用する,
11572,雷電晶核,雷電の力を秘めた晶核。雷電の杖を合成する際に使用する,
11573,猛毒晶核,強烈な毒を持つ晶核。猛毒の杖を合成する際に使用する,
11574,蘇生晶核,治癒効果を秘めた晶核。蘇生の杖を合成する際に使用する,
11575,召喚晶核,召喚魔法の杖の力の源となる神秘的な力の晶核であり、#c0aba1d召喚魔法の杖#nの合成に不可欠なパーツ。,
11576,寒霜晶核,極寒の力を秘めた晶核、@item_11667#の加工に使える。ルーン象嵌の副素材としても使える。,
11580,平凡な杖,何の変哲もない杖。魔法玉を発射する,@Null@
11581,熾烈な杖,炎の力が付与された杖、火炎の魔法玉を発射する,@Null@
11582,雷電の杖,雷の力が付与された杖、雷を召喚する,@Null@
11583,猛毒の杖,猛毒効果が付与された杖、毒を持った魔法玉を発射する,@Null@
11584,蘇生の杖,回復効果が付与された杖。生き物に命中すると、自身のHPを回復する,@Null@
11585,召喚の魔法杖,伝説の魔法の杖。ブロックを向けて、スキルを使用時に、#c0aba1dサンドマン#nを召喚し、ヒーローのために戦わせる。,
11586,平凡な魔法玉,@Null@,@Null@
11587,熾烈な魔法玉,@Null@,@Null@
11588,雷電の魔法玉,@Null@,@Null@
11589,猛毒の魔法玉,@Null@,@Null@
11590,蘇生の魔法玉,@Null@,@Null@
11591,蛇の神の翼,蛇の神の羽でできた翼。滑るように飛ぶことができる,@Null@
11592,ブーメラン,祭祀の骨で作った武器、投げた後、手元に帰ってくる,
11593,呪骨,銘文の刻まれた祭祀用の骨,野蛮人祭司を撃破すると獲得できる
11594,蛇神の羽,ケツァル・コアトルの華麗な羽、@item_11591#に加工できる,ケツァル・コアトルを撃破すると獲得できる
11595,コケ玉,製錬所にて燃やすと@item_11598#を獲得でき、投擲物としても使える。,@item_397#を採集することで獲得。
11596,スターライトの粉塵,スターライトに照らされたほこり,@item_394#を採集することで獲得できる
11597,雨林の目,雨林の芯で合成された神秘の鍵。欠けた神像に使用すると、神殿をアクティベートできる,
11598,草木の灰,栄養がある灰。草木灰ブロックの合成に使用する,
11599,バナナ,#c0aba1d食べる#nと30生命を回復。,@Null@
11600,スターライトバナナ,#c0aba1d食べる#nと100生命を回復。#r星の光につけたバナナは小道具を持っているモンキーと道具と交換することができます。,@Null@
11601,雨林の芯のカケラ,透明かつレアな結晶。雨林の芯の喬木を破壊して入手する,@Null@
11602,ヒョウの皮,完全なヒョウの皮。ヒョウの寝袋の合成に使用する,
11603,初級攻撃ルーン,初級の攻撃ルーンストーン、ルーンテーブルで#c0aba1d武器#nのルーンをアクティベートできる,
11604,中級攻撃ルーン,中級の攻撃ルーンストーン、ルーンテーブルで#c0aba1d武器#nのルーンをアクティベートできる,
11605,高級攻撃ルーン,高級の攻撃ルーンストーン、ルーンテーブルで#c0aba1d武器#nのルーンをアクティベートできる,
11606,初級防御ルーン,初級の防御ルーンストーン、ルーンテーブルで#c0aba1d防御装備#nのルーンをアクティベートできる,
11607,中級防御ルーン,中級の防御ルーンストーン、ルーンテーブルで#c0aba1d防御装備#nのルーンをアクティベートできる,
11608,高級防御ルーン,高級の防御ルーンストーン、ルーンテーブルで#c0aba1d防御装備#nのルーンをアクティベートできる,
11609,初級効率ルーン,初級の効率ルーンストーン、ルーンテーブルで#c0aba1d道具#nのルーンをアクティベートできる,
11610,中級効率ルーン,中級の効率ルーンストーン、ルーンテーブルで#c0aba1d道具#nのルーンをアクティベートできる,
11611,高級効率ルーン,高級の効率ルーンストーン、ルーンテーブルで#c0aba1d道具#nのルーンをアクティベートできる,
11612,万能アクティベーション石,#c0aba1dいずれのルーン#nをアクティベートできる万能アクティベーション石、ルーンストーンモンスターを殺すと落とす,
11613,石製クリエーションハンマー,石で作られたクリエーションハンマー、ブロックに打ち付けると音が鳴り、鍵を使って地面に置くことができる#r野蛮人または氷原村人に使用すれば、建築者にすることができる,
11614,銅製クリエーションハンマー,銅で作られたクリエーションハンマー、ブロックに打ち付けると音が鳴り、鍵を使って地面に置くことができる#r野蛮人または氷原村人に使用すれば、建築者にすることができる,
11615,ミスリルクリエーションハンマー,ミスリルで作られたクリエーションハンマー、ブロックに打ち付けると音が鳴り、鍵を使って地面に置くことができる#r野蛮人または氷原村人に使用すれば、建築者にすることができる,
11616,チタンクリエーションハンマー,チタンで作られたクリエーションハンマー、ブロックに打ち付けると音が鳴り、鍵を使って地面に置くことができる#r野蛮人または氷原村人に使用すれば、建築者にすることができる,
11617,シャワーヘッド,空きシャワーヘッド。水に面しながら使用することで水で満たすことができる,@Null@
11618,初級攻撃ルーン宝石,初級の攻撃ルーンストーン、ルーンテーブルで#c0aba1d武器#nのルーンをアクティベートできる,
11619,中級攻撃ルーン宝石,中級の攻撃ルーンストーン、ルーンテーブルで#c0aba1d武器#nのルーンをアクティベートできる,
11620,高級攻撃ルーン宝石,高級の攻撃ルーンストーン、ルーンテーブルで#c0aba1d武器#nのルーンをアクティベートできる,
11621,初級防御ルーン宝石,初級の防御ルーンストーン、ルーンテーブルで#c0aba1d防御装備#nのルーンをアクティベートできる,
11622,中級防御ルーン宝石,中級の防御ルーンストーン、ルーンテーブルで#c0aba1d防御装備#nのルーンをアクティベートできる,
11623,高級防御ルーン宝石,高級の防御ルーンストーン、ルーンテーブルで#c0aba1d防御装備#nのルーンをアクティベートできる,
11624,初級効率ルーン宝石,初級の効率ルーンストーン、ルーンテーブルで#c0aba1d道具#nのルーンをアクティベートできる,
11625,中級効率ルーン宝石,中級の効率ルーンストーン、ルーンテーブルで#c0aba1d道具#nのルーンをアクティベートできる,
11626,高級効率ルーン宝石,高級の効率ルーンストーン、ルーンテーブルで#c0aba1d道具#nのルーンをアクティベートできる,
11627,石材料,基礎の石材料、石の武器や道具を作るために使用でき、地面に散らばっている石ブロックを破壊することによって得られる。,
11628,水ありシャワーヘッド,水で満たされたシャワーヘッドは、乾燥した農地や土壌ピットに対して使用されると土壌を湿らせる,
11629,召喚オーブ,,
11630,猛毒ボトル,猛毒の液体が入ったガラス瓶で、当たるとその場に#c0aba1d猛毒#nのプールを生成し、投げられた人は運が悪くなる。,
11631,解毒パウダーパック,#c0aba1d力を蓄える#nして投げ、生き物やブロックにぶつけて爆発させ、11*11*5範囲にいる全ての生き物から毒素を取り除き、サソリに一定のダメージを与える。,
11632,サソリの硬い殻,砂漠のサソリの殻、非常に硬く、#c0aba1d スコーピオンクラストシールド#nを合成できる。,鈍器武器で大きいサソリを攻撃すると落とす
11633,サソリのしっぽ,砂漠のサソリの尾は非常に鋭い、スコーピオンクラストシールドを#c0aba1dサソリのとげシールド#にアップグレードします。,鋭利武器で大きいサソリを攻撃すると落とす
11634,毒袋,毒サソリが毒液を保存する腺体、@item_11630#の加工に使える。防具ルーン象嵌時の副素材としても使える。,毒サソリを撃破するとドロップされる
11635,元素核のかけら,元素核が壊れた破片で、#c0aba1d液化剤#nを作ることができる。,
11636,破れた元素核,壊れた元素核、あまり安定しないので、捨てないでください。,
11637,熔融剤,伝説の魔法の液化剤。古代の伝説では、いくつかのブロックを液体に変えることができ、#c0aba1d力を蓄える#nして投げる。,
11638,音声爆弾,絶対衝撃の爆薬筒、投げつけられた者を眩暈させる。#c0aba1d力を蓄える#nして投げる。,
11639,砂防ケープ,#c0aba1d 移動速度+3%#n#r 身につけると砂嵐から身を守るマント。,
11640,ガードの心,海の精霊ガードの力の根源、水の力があるらしい。,海の精霊ガードを倒して落とす
11641,海の精霊の変身石,ガードの心の力を使って、しばらく海の精霊ガードを#c0aba1d変身#nすることができる。海の精霊ガードの攻撃方法を使えるし、本物の海の精霊ガードをあなたに仲間と誤認します。,
11642,ダイビングマスク,海洋探検家には必要なダイビング装備。視野の範囲を広める。海の底にもよく見えます。#r#c0aba1d物理防御+6#n,
11643,ダイビング服,海洋探検家には必要なダイビング装備。水圧の問題を解決します。#r#c0aba1d物理防御+9#n,
11644,ダイビング足ヒレ,海洋探検家には必要なダイビング装備。#r#c0aba1d水中の移動スピード+20%#r#c0aba1d物理防御+9#n,
11645,高級ダイビングマスク,海洋に征服するには必要な高級装備。もっと広い視野に与える。#r#c0aba1dd物理防御+10#n,
11646,高級ダイビング服,海洋に征服するには必要な高級装備。防御力はもっと強い。#r#c0aba1d水圧のdebuffを免除する。#r#c0aba1d物理防御+14#n,
11647,高級ダイビング足ヒレ,海洋に征服するには必要な高級装備。#r#c0aba1d水中の移動スピード+35%#r#c0aba1d物理防御+14#n,
11648,イナズマのコア,太古のイナズマ力のコアを持って、記ルーンテーブルで副材料として#c0aba1dイナズマ鞭#nのルーン効果をアクティベートできる,沈没船グループ内の宝箱から獲得
11649,ハイドロポンプ,水圧を使って、ダメージを与える。#c0aba1d水圧が大きいくなると、ダメージと爆破の範囲の大きくなる。#n#r空気中水圧がない場合はダメージを与えない。短距離の撃退効果になる。 #r使用#c0aba1d圧縮ガスタンク#n内の酸素は弾丸。,
11650,幸運の花冠,神秘的な力を含む花冠は、致命的なダメージを受けた時に自分の力をすべて使用して#c0aba1d保護効果:致命的なダメージを受けた時に生命値が0にならない最低は1#nになる、アクティベート後に花冠が破壊される#r#c0aba1d幸運+1#n,
11651,空気玉,空気投射物,
11652,海の精霊ガード-水柱,,
11653,精確ルーン,精確を意味するルーン、ルーンテーブルにてこのタグを付与できる。,
11654,彼岸のパイナップル,彼岸のパイナップルを#c0aba1d投げた#n後、爆発が発生します。爆発範囲内の生き物は#c0aba1d突発的な病気#nの状態になる。#r突発的な病気の生き物は、周りの生き物を攻撃します。,
11655,パール,優雅の真珠は、#c0aba1d酸素精製装置#nの重要な原料の一つである,ジャイアントホタテが開くと出てきそうなレア素材
11656,未使用の蛍光ペンライト,#c0aba1d蛍光ペンライト藻#nから採取した蛍光ペンライト。棒の中の蛍光液体が折った後に光を出る、水中探検の照明道具として使える,蛍光ペンライト藻を破壊して獲得
11657,輝くの蛍光ペンライト,光はまぶしいが、一時的な花のようです。手に持っているときに水中の#c0aba1dの可視範囲を高めることができる#n#r#c0aba1d投げ#n後に#c0aba1dブロック#nに挿入すると、内部の蛍光液体が消耗するまで小さな光源を生成することができる,蛍光ペンライトを使用して獲得
11658,使用完了の蛍光ペンライト,最後の光の消散に伴い、蛍光ペンライト藻は新生#rを育成し始めた、#c0aba1d深い積層の岩石#nの上面に挿入すると、#c0aba1d蛍光ペンライト藻苗#nが成長する,光る蛍光ペンライトが使用完了以降獲得
11659,乾燥したボケボケ魚,#c0aba1d食べる#nと15体力を回復#r干物棚でボケボケ魚を乾かす。これは漁村の村人の食べ物だ,
11660,でかいココナッツ（ドロップ中）,ドロップ中のでかいココナッツ,
11661,変異でかいココナッツ（ドロップ中）,ドロップ中の変異でかいココナッツ,
11662,タツノオトシゴ水バブル,,
11663,クラゲイナズマエフェクト,,
11664,スターエネルギーの結晶,@item_405#を製錬して獲得した純度の高い結晶、あらゆるスターエネルギー装置を加工する時に必要不可欠な原材料,
11665,氷結パフキノコの胞子,@item_120#に植えると、@item_150009#が生える,
11666,氷結蕨の種,@item_121#に植えると、@item_150012#が生える,
11667,氷魄の杖,氷の力が付与された杖、氷を持った魔法玉を発射できる,
11668,極寒域の杖,@item_11667#に基づいて作られた上級の杖、その製造方法は謎に包まれており、当分の間、復元することは不可能である。ただ、この杖が放った強力な氷魔法は紛れもなくクールである,寒霜の野蛮人祭司を撃破すると獲得できる
11669,氷魄の魔法玉,,
11670,極寒域の魔法玉,,
11671,法陣の氷柱,落下中の氷柱,
11672,氷霧瓶,低温の胞子が大量に入ったガラス瓶、命中するとその場で#c0aba1d氷の霧#nを召喚する。冷たいから気を付けてね,
11673,堅い氷柱（落下中）,落下中の氷柱,
11674,脆い氷柱（落下中）,落下中の氷柱,
11800,変異巻物,バックパック内でこの巻物にエンチャントすると#c0aba1d萌目プラネット系の属性#nを入手できる。#r#c0aba1d図面-変異技術#nを使い工具箱をアンロックして作る。,@Null@
11801,火の巻物,バックパック内でこの巻物にエンチャントすると#c0aba1d火系属性#nを入手できる。,@Null@
11802,カオスの巻物,バックパック内でこの巻物にエンチャントすると#c0aba1dカオス保護属性#nを入手できる。#rマグマブラックドラゴンを倒し工具箱をアンロックして作る。,@Null@
11803,本,#c0aba1d本作成台#nで#c0aba1d革の巻物#nを加工して入手する。#c0aba1d本棚#nに置くか、#c0aba1d本#nを手に持ち、閲覧をタップして読む。,
11804,使用済みの手紙,使用すると文字を記録できる,@Null@
11805,空白の巻物,なにを記録しているらしい。,
11806,レザーの巻物,使用すると文字を記録できる,
11807,魔力の巻物,魔力を秘めた巻物。エンチャント後の巻物は#c0aba1d魔法付与融合台#nで他のアイテムと融合できる。,巻物にエンチャントして生成する。#r商人が時々販売している。
11809,コマンドチップ,使用後、設定画面を開いて指令を編集できる。設定完了後は#c0aba1d信号解析機に向けて使用#nしないと適用されない。,@Null@
11810,マウントの鞍,#c0aba1d懐かせた#nアイスクマ、ダチョウ、ラプターに使用すると、#c0aba1d騎乗可能#n状態になる。,地下牢の宝箱を開けると一定の確率で入手できる。#r商人が販売することもある。
11811,BGM1,素敵な楽曲,@Null@
11812,BGM2,素敵な楽曲,@Null@
11813,BGM3,素敵な楽曲,@Null@
11814,BGM4,素敵な楽曲,@Null@
11815,BGM5,素敵な楽曲,@Null@
11816,BGM6,素敵な楽曲,@Null@
11817,BGM7,素敵な楽曲,@Null@
11818,BGM8,素敵な楽曲,@Null@
11819,BGM9,素敵な楽曲,@Null@
11820,BGM10,素敵な楽曲,@Null@
11821,BGM11,素敵な楽曲,@Null@
11822,BGM12,素敵な楽曲,@Null@
11823,1袋の砂土,モデル作業台で#c0aba1dミニチュアモデル#nを作成する際に必要な素材。,@Null@
11824,霜火石,ミラプラネットの極寒地帯で発見された珍しい鉱物、周りの温度を下げるという特性を利用し、永遠に溶けない@item_160002#や、降温用のアイテムの加工に用いられる,@item_34#を採取すると獲得できる
11825,低木の茂みの種,@item_103#に植えると@item_392#に成長するが、@item_121#に植えた場合、その形は大きく変化する,
11826,工具,クラフトテーブルでの分類に使われる親クラス。,
11827,戦闘,クラフトテーブルでの分類に使われる親クラス。,
11828,素材,クラフトテーブルでの分類に使われる親クラス。,
11829,装飾,クラフトテーブルでの分類に使われる親クラス。,
11830,ヘルメット,クラフトテーブルでの分類に使われる親クラス。,
11831,胸当て,クラフトテーブルでの分類に使われる親クラス。,
11832,レギンス,クラフトテーブルでの分類に使われる親クラス。,
11833,靴,クラフトテーブルでの分類に使われる親クラス。,
11834,斧,クラフトテーブルでの分類に使われる親クラス。,
11835,ツルハシ,クラフトテーブルでの分類に使われる親クラス。,
11836,シャベル,クラフトテーブルでの分類に使われる親クラス。,
11837,クワ,クラフトテーブルでの分類に使われる親クラス。,
11838,剣,クラフトテーブルでの分類に使われる親クラス。,
11839,矛,クラフトテーブルでの分類に使われる親クラス。,
11840,ハンマー,クラフトテーブルでの分類に使われる親クラス。,
11841,盾,クラフトテーブルでの分類に使われる親クラス。,
11842,背部,クラフトテーブルでの分類に使われる親クラス。,
11843,弓,クラフトテーブルでの分類に使われる親クラス。,
11844,杖,クラフトテーブルでの分類に使われる親クラス。,
11845,回復アイテム,クラフトテーブルでの分類に使われる親クラス。,
11846,生産工具,クラフトテーブルでの分類に使われる親クラス。,
11847,養殖装置,クラフトテーブルでの分類に使われる親クラス。,
11848,照明工具,クラフトテーブルでの分類に使われる親クラス。,
11849,楽器,クラフトテーブルでの分類に使われる親クラス。,
11850,スポーツ用品,クラフトテーブルでの分類に使われる親クラス。,
11851,顔料,クラフトテーブルでの分類に使われる親クラス。,
11852,酸素製造装置,クラフトテーブルでの分類に使われる親クラス。,
11853,基本素材,クラフトテーブルでの分類に使われる親クラス。,
11854,鉱物素材,クラフトテーブルでの分類に使われる親クラス。,
11855,種,クラフトテーブルでの分類に使われる親クラス。,
11856,特殊素材,クラフトテーブルでの分類に使われる親クラス。,
11857,貯蔵箱,クラフトテーブルでの分類に使われる親クラス。,
11858,ベッド,クラフトテーブルでの分類に使われる親クラス。,
11859,ドア,クラフトテーブルでの分類に使われる親クラス。,
11860,フェンス,クラフトテーブルでの分類に使われる親クラス。,
11861,窓,クラフトテーブルでの分類に使われる親クラス。,
11862,壁装飾,クラフトテーブルでの分類に使われる親クラス。,
11863,レンガ,クラフトテーブルでの分類に使われる親クラス。,
11864,トーテム,クラフトテーブルでの分類に使われる親クラス。,
11865,旗,クラフトテーブルでの分類に使われる親クラス。,
11866,クリエーションハンマー,クラフトテーブルでの分類に使われる親クラス。,
11867,ガラス,クラフトテーブルでの分類に使われる親クラス。,
11868,機械装置,クラフトテーブルでの分類に使われる親クラス。,
11869,スターエネルギー装置,クラフトテーブルでの分類に使われる親クラス。,
11870,装飾ブロック,クラフトテーブルでの分類に使われる親クラス。,
11871,看板,クラフトテーブルでの分類に使われる親クラス。,
11872,音楽装置,クラフトテーブルでの分類に使われる親クラス。,
11873,木の枝,クラフトテーブルでの分類に使われる親クラス。,
11874,地面装飾,クラフトテーブルでの分類に使われる親クラス。,
11875,乗り物,クラフトテーブルでの分類に使われる親クラス。,
11876,特殊工具,クラフトテーブルでの分類に使われる親クラス。,
11877,投擲物,クラフトテーブルでの分類に使われる親クラス。,
11878,特殊武器,クラフトテーブルでの分類に使われる親クラス。,
11879,植木鉢,クラフトテーブルでの分類に使われる親クラス。,
11880,クローゼット,クラフトテーブルでの分類に使われる親クラス。,
11881,ミスリルブロック,クラフトテーブルでの分類に使われる親クラス。,
11882,釣り竿,クラフトテーブルでの分類に使われる親クラス。,
11883,展示架,クラフトテーブルでの分類に使われる親クラス。,
11884,,,
11900,二胡,"""二胡"" #c0aba1d 弦楽器 #n. #r 二胡には強い表現力があり、荒涼とした余韻、たゆたうような流麗さがあり、深く悲しい内容を表現するのに適しているが、勢いの壮観な境地を描くこともできます。#r風華中国音楽、弦音舞い上がり、悲喜由人、一曲が古今を動かす。。#r手持ち時#c 0 aba 1 d長押しキー#nを使って演奏できます。",@Null@
11901,お祝いの月餅,月餅は、月の団子、小餅、収穫餅、などと呼ばれ、伝統的なお菓子のひとつです。 #r食べると#c0aba1d30ptの空腹度が回復します#n，また月のお祝いがもらいます。#r#c0aba1d9.16日-10.7日期間中#nイベント野蛮人#c0aba1dを倒すと#n獲得できる。,@Null@
11902,ランタンの破片,祝典野人に壊された花灯の破片は、木材と修復して祝典花灯を作ることができる。#r#c 0 aba 1 d 9.16日10.7日の間に#n#c0aba1d祝典野人#n獲得した,
11904,お祝いのフラワーボール,イベントの花の球根を飾るのに使われ、お祝いの雰囲気を盛り上げますが、これを集めている商人がいると聞きました。 #r#c0aba1d9.16日-10.7日#n期間中#c0aba1d願い商人#nのところでアイテムを交換できます,@Null@
11905,こそう,"こそう,#c0aba1d弦鳴楽器#nを弾く。汉筝、秦筝とも呼ばれる。r独奏、重奏、器楽合奏、歌舞、戯曲、曲芸の伴奏によく用いられる。音域が広く、音色が美しく、演奏技術が豊富で、表現力が強いため、「音楽の王」と呼ばれている。rハンドヘルド時#c0aba1d使用キー#nを長押しして演奏することができる。",@Null@
11906,スオナ,スオナ、#c0aba1dオーボエ木管楽器#n。rチャルメラは独特の気質と音色を持ち、代表的な民族管楽器である。rハンドヘルド時#c0aba1d使用キー#nを長押しして演奏することができる。,@Null@
11907,ピパ,ピパ、#c0aba1d弦楽器#n。r木製や竹などで作られ、スピーカーは半梨形を呈し、四弦を装着し、もともと糸で作られていたが、現在はワイヤ、鋼縄、ナイロンで作られていることが多い。首とパネルには、音の位置を決める「相」と「品」が設けられています。rハンドヘルド時#c0aba1d使用キー#nを長押しして演奏することができる。,@Null@
11908,フルート,フルート、#c0aba1d横断木管楽器#n。rフルートは重要な吹管楽器で、音域は一般的に2つの8度以上2つに達し、民族吹管楽の代表とされている。rハンドヘルド時#c0aba1d使用キー#nを長押しして演奏することができる。,@Null@
11909,ドラム,ドラム、#c0aba1d打楽器#n。rは中空の木製円筒に皮を張り、打撃を与える楽器である。rハンドヘルド時#c0aba1d使用キー#nを長押しして演奏することができる。,@Null@
11910,@Null@,@Null@,@Null@
11911,創造結晶,創造の力で生まれた結晶は、職人台をグレードアップする及びルーンをアクティベートするために使われるようです,虚空使徒を倒すと獲得
11912,破れたテント,傷だらけだが、まだ住めるテント。地面に置いた後、柔らかい皮で修理できる。,
11913,壊れたテント,人が住めないほどひどいテント。地面に置いた後、柔らかい皮で修理できる。,
11914,コウモリの牙,コウモリの鋭い歯は、ルーン彫刻の副材料として使用できます。,コウモリを倒すとドロップ。
11915,サンゴ虫,#c0aba1d黄砂#nまたは#c0aba1dサンゴ礁#nに植えると、#c0aba1dサンゴの幼虫#nが成長できる。しばらくするとサンゴに成長します。#rサンゴは動かずに植物のように見えますが、実際には動物です。#rヒント:サンゴは水中しか生きられない。,職人台で加工すると獲得
11916,レシピ-貝殻ベッド,使用後、職人台で#c0aba1d貝殻ベッド#nの作る方法をアンロックします,商人時々販売します
11917,レシピ-貝殻ソファー,使用後、職人台で#c0aba1d貝殻ソファー#nの作る方法をアンロックします,商人時々販売します
11918,レシピ-貝殻机,使用後、職人台で#c0aba1d貝殻机#nの作る方法をアンロックします,商人時々販売します
11919,レシピ-貝殻椅子,使用後、職人台で#c0aba1d貝殻椅子#nの作る方法をアンロックします,商人時々販売します
11920,レシピ-サンゴドア,使用後、職人台で#c0aba1dサンゴドア#nの作る方法をアンロックします,商人時々販売します
11921,レシピ-貝殻ドア,使用後、職人台で#c0aba1d貝殻ドア#nの作る方法をアンロックします,商人時々販売します
11922,レシピ-サンゴ窓,使用後、職人台で#c0aba1dサンゴ窓#nの作る方法をアンロックします,商人時々販売します
11923,レシピ-貝殻窓,使用後、職人台で#c0aba1d貝殻窓#nの作る方法をアンロックします,商人時々販売します
11924,レシピ-海洋ロッカー,使用後、職人台で#c0aba1d海洋ロッカー#nの作る方法をアンロックします,商人時々販売します
11925,レシピ-海洋屛風,使用後、職人台で#c0aba1d海洋屛風#nの作る方法をアンロックします,商人時々販売します
11926,レシピ-貝殻階段,使用後、職人台で#c0aba1d貝殻階段#nの作る方法をアンロックします,商人時々販売します
11927,レシピ-海洋クローゼット,使用後、職人台で#c0aba1d海洋クローゼット#nの作る方法をアンロックします,商人時々販売します
11928,レシピ-海洋電気スタンド,使用後、職人台で#c0aba1d海洋電気スタンド#nの作る方法をアンロックします,商人時々販売します
11929,レシピ-海洋つり下げ式ランプ,使用後、職人台で#c0aba1d海洋つり下げ式ランプ#nの作る方法をアンロックします,商人時々販売します
11930,レシピ-海洋デスクランプ,使用後、職人台で#c0aba1d海洋デスクランプ#nの作る方法をアンロックします,商人時々販売します
11931,レシピ-海洋でかい植木鉢,使用後、職人台で#c0aba1d海洋でかい植木鉢#nの作る方法をアンロックします,商人時々販売します
11932,レシピ-サンゴ柵,使用後、職人台で#c0aba1dサンゴ柵#nの作る方法をアンロックします,商人時々販売します
11933,レシピ-サンゴ柵ドア,使用後、職人台で#c0aba1dサンゴ柵ドア#nの作る方法をアンロックします,商人時々販売します
11934,レシピ-貝殻柵,使用後、職人台で#c0aba1d貝殻柵#nの作る方法をアンロックします,商人時々販売します
11935,レシピ-貝殻柵ドア,使用後、職人台で#c0aba1d貝殻柵ドア#nの作る方法をアンロックします,商人時々販売します
11936,レシピ-貝殻風鈴,使用後、職人台で#c0aba1d貝殻風鈴#nの作る方法をアンロックします,商人時々販売します
11937,レシピ-ゴルゴニア釣竿,使用後、職人台で#c0aba1dゴルゴニア釣竿#nの作る方法をアンロックします,商人時々販売します
11938,レシピ-プラロギラサンゴ釣竿,使用後、職人台で#c0aba1dプラロギラサンゴ釣竿#nの作る方法をアンロックします,商人時々販売します
11939,レシピ-ストーンサンゴ釣竿,使用後、職人台で#c0aba1dストーンサンゴ釣竿#nの作る方法をアンロックします,商人時々販売します
11940,レシピ-木サンゴ釣竿,使用後、職人台で#c0aba1d木サンゴ釣竿#nの作る方法をアンロックします,商人時々販売します
11941,レシピ-貝殻ダブルソファー,使用後、職人台で#c0aba1d貝殻ダブルソファー#nの作る方法をアンロックします,商人時々販売します
11942,バージョンが古い,今すぐ最新バージョンをダウンロードしましょう！,
11943,バージョンが古い,今すぐ最新バージョンをダウンロードしましょう！,
11944,バージョンが古い,今すぐ最新バージョンをダウンロードしましょう！,
11945,バージョンが古い,今すぐ最新バージョンをダウンロードしましょう！,
11946,バージョンが古い,今すぐ最新バージョンをダウンロードしましょう！,
11947,バージョンが古い,今すぐ最新バージョンをダウンロードしましょう！,
11948,バージョンが古い,今すぐ最新バージョンをダウンロードしましょう！,
11949,バージョンが古い,今すぐ最新バージョンをダウンロードしましょう！,
11950,バージョンが古い,今すぐ最新バージョンをダウンロードしましょう！,
11951,バージョンが古い,今すぐ最新バージョンをダウンロードしましょう！,
11952,バージョンが古い,今すぐ最新バージョンをダウンロードしましょう！,
11953,バージョンが古い,今すぐ最新バージョンをダウンロードしましょう！,
11954,バージョンが古い,今すぐ最新バージョンをダウンロードしましょう！,
11955,バージョンが古い,今すぐ最新バージョンをダウンロードしましょう！,
12001,木の棒,基本ハンマー系武器、ゆっくりと#c0aba1dチャージ#nした後は前方の生物を気絶させることができる。,
12002,石の矛,基本矛系武器、#c0aba1dチャージ#nした後は投げられる。拾って繰り返して使える。,
12003,短剣,強化後の剣系武器、#c0aba1dチャージ#nした後は斬撃を放ち、周りの生物にダメージを与えることができる。,
12004,銅の矛,強化後の矛系武器、#c0aba1dチャージ#nした後は投げられる。拾って繰り返して使える。,
12005,エネルギーソード,創造の力を注ぎ込まれた剣系武器、#c0aba1dチャージ#nした後は前方にテレポートし、接触した敵にダメージを与えることができる。,
12006,噴射フック,目標の位置に向かってフックを噴射する。フックが飛んでいる途中に#c0aba1dブロックに触れると#n、自身がブロックの位置に移動する#r。#c0aba1d図面-噴射フック#nを使い工具箱をアンロックして作る。,#c0aba1dゲーム内の行為を決してマネしないでください。#n
12007,レーザー武器,@Null@,@Null@
12008,噴射の栓,目標の位置に向かってバキュームを噴射する。バキュームが飛んでいる途中に#c0aba1d生き物またはブロックに触れると#n、自身の位置に引き寄せる。,@Null@
12009,狩り人,チタン製の片手鎌、#c0aba1dチャージ#nした後は広範囲の斬撃を放ち、周りの生物にダメージを与えることができる。,
12010,チタンのウォーハンマー,チタン製の片手ハンマー、ゆっくりと#c0aba1dチャージ#nした後は地面を叩き、周りの生物を吹き飛ばして気絶させ、同時に大量のダメージを与えることができる。,
12011,ホログラフィックプロジェクションデバイス,魔法のエイリアンテクノロジー、写真を投影できるデバイス,@Null@
12012,石の剣,基本剣系武器、#c0aba1dチャージ#nした後は小範囲の斬撃を放ち、周りの生物にダメージを与えることができる。,
12013,エネルギースピア,創造の力を注ぎ込まれた矛系武器、#c0aba1dチャージ#nした後は投げて複数の敵を貫通できる。拾って繰り返して使える。,
12050,ミスリル短弓,#c0aba1d基礎ダメージ+25#n#r基本的な遠距離武器。攻撃するたびに石の矢を1本#c0aba1d消費#nする。#r実質ダメージは#c0aba1力を蓄えるの大きさ#nに関連する。,
12051,石の矢,#c0aba1d基礎ダメージ+15#n#rミスリルの弓を使って発射する。,
12052,ドードー鳥の卵,#c0aba1d投擲#n後、一定の確率で子ドードー鳥が生まれる。#r小さなペイントエッグの合成に使用する素材の1つ。#rキツネが大好き。,餌やりをしたドードー鳥は、一定期間ごとにドードー鳥かごに卵を1つ産む。
12053,ペンギンの卵,#c0aba1d投擲#n後、一定の確率でペンギンが生まれる。#r小さなペイントエッグの合成に使用する素材の1つ。,餌やりをしていないペンギンは、一定期間ごとにペンギンの卵を1つ産む。
12054,小さな砂袋,使用すると、#c0aba1d投擲#nできる。,
12055,小さな砂袋,使用すると投擲できる。,
12056,龍骨の弓,爆発的なエネルギーを秘めている。#r呪骨で耐久度を補うことができる。#rマグマブラックドラゴンを倒し職人台で作る方法をアンロックします,
12057,クリスマススノーボール,投擲できる。または目標位置に綺麗な雪の花を放つことができる。#rセーブデータ内に取り出す必要がある。,クリスマスイベント期間にサンタから購入。
12058,赤い福袋,投擲できる。仲間に命中すると、その仲間は一定時間#c0aba1d動物#nに変わる。#rセーブデータ内に取り出す必要がある。,春節イベントに参加して入手する。
12059,餡入り団子,投擲できる。仲間に命中すると、その仲間は一定時間#c0aba1d禁錮#nされる。#rセーブデータ内に取り出す必要がある。,クリスマスイベントに参加して入手する。
12060,紫の福袋,仲間に命中,@Null@
12061,サメの弓,#c0aba1d基礎ダメージ+15#n#r基礎の遠距離武器。毎回攻撃1つ海洋の矢の#c0aba1d使う#n。#r実際のダメージは#c0aba1d力を蓄える程度#nに関連する。,
12062,海洋の矢,#c0aba1d基礎ダメージ+15#n#r弓を使って発射する。,
12063,オニイトマキエイの銛,水中戦闘に特化した矛系武器、#c0aba1dチャージ#nした後は投げられる。水の中でも通常の飛行軌跡を保てる。拾って繰り返して使える。,
12064,トビウオの鰭,トビウオの鰭、ダイビング服を作ることができる。,トビウオを倒すと、入手可能
12065,サメの歯,トビウオの鰭、サメの弓を作ることができる。,サメを倒すと、入手可能
12066,サメの皮,トビウオの鰭、ダイビング服を作ることができる。,サメを倒すと、入手可能
12067,マンタのサゴマイザー,トビウオの鰭、#c0aba1dマンタのフォーク#nを作ることができる。,マンタを倒すと、入手可能
12068,雪玉-投擲物,フロストガードが投げた投擲物,
12069,枯れた木の棒,使いどころのない枯れた木の棒,
12201,革のヘルメット,#c0aba1d物理防御+1#n#r最も基本のアーマー。防御力低め。,@Null@
12202,革の胸当て,#c0aba1d物理防御+2#n#r最も基本のアーマー。防御力低め。,@Null@
12203,革のレギンス,#c0aba1d物理防御+2#n#r最も基本のアーマー。防御力低め。,@Null@
12204,革のブーツ,#c0aba1d物理防御+1#n#r最も基本のアーマー。防御力低め。,@Null@
12205,革のマント,#c0aba1d移動速度+2%#n#r素朴な革製マント。,@Null@
12206,金飾りのマント,#c0aba1d移動スピード+6%#n#r精巧な金飾りのマント。,
12207,タングステンのマント,#c0aba1d移動スピード+6%#n#r精巧なタングステンのマント,
12208,メノウのマント,#c0aba1d移動スピード+6%#n#r精巧なメノウのマント,
12209,ミスリルのマント,#c0aba1d移動速度+3%#n#r丈夫なミスリルのマント,
12210,溶岩のマント,華やかで迫力のあるマント。#rカオスブラックドラゴンを倒した後、@item_800#でアンロック&制作できる。着用すると#c0aba1d落下ダメージ-150#n。#r#c0aba1dゲーム内の行為を決してマネしないでください。#n,
12211,チェーンヘルメット,#c0aba1d物理防御+6#n#r#c0aba1d遠距離防御+17#n#r遠距離攻撃に強い防具。,@Null@
12212,チェーンの胸当て,#c0aba1d物理防御+9#n#r#c0aba1d遠距離防御+21#n#r遠距離攻撃に強い防具。,@Null@
12213,チェーンレギンス,#c0aba1d物理防御+9#n#r#c0aba1d遠距離防御+21#n#r遠距離攻撃に強い防具。,@Null@
12214,チェーンブーツ,#c0aba1d物理防御+6#n#r#c0aba1d遠距離防御+17#n#r遠距離攻撃に強い防具。,@Null@
12215,メノウのマント,装飾用のマント。,
12216,銅のヘルメット,#c0aba1d物理的防御+ 3#n#r一般的に使用される物理的防御装置。,@Null@
12217,銅の胸当て,#c0aba1d物理的防御+ 6#n#r一般的に使用される物理的防御装置。,@Null@
12218,銅レギンス,#c0aba1d物理的防御+ 6#n#r一般的に使用される物理的防御装置。,@Null@
12219,銅ブーツ,#c0aba1d物理的防御+ 3#n#r一般的に使用される物理的防御装置。,@Null@
12220,ゲームのバージョンが古すぎます,今すぐ最新バージョンをダウンロードしましょう！,@Null@
12221,ミスリルのヘルメット,#c0aba1d物理防御+6#n#rよく使う的物理防御装備。,
12222,ミスリルの胸当て,#c0aba1d物理防御+9#n#rよく使う的物理防御装備。,
12223,ミスリルのレギンス,#c0aba1d物理防御+9#n#rよく使う的物理防御装備。,
12224,ミスリルのブーツ,#c0aba1d物理防御+6#n#rよく使う的物理防御装備。,
12225,ミスリルのマント,装飾用のマント。,
12226,中国風のヘルメット,@Null@,@Null@
12227,中国風の胸当て,@Null@,@Null@
12228,中国風のレギンス,@Null@,@Null@
12229,中国風のブーツ,@Null@,@Null@
12230,佩刀,抜くことができない刀,@Null@
12231,チタン合金のヘルメット,#c0aba1d物理防御+6#n#r#c0aba1dエレメント防御+3#n#rエレメント攻撃に強い防具。,@Null@
12232,チタン合金の胸当て,#c0aba1d物理防御+9#n#r#c0aba1dエレメント防御+4#n#rエレメント攻撃に強い防具。,@Null@
12233,チタン合金のレギンス,#c0aba1d物理防御+9#n#r#c0aba1dエレメント防御+4#n#rエレメント攻撃に強い防具。,@Null@
12234,チタン合金のブーツ,#c0aba1d物理防御+6#n#r#c0aba1dエレメント防御+3#n#rエレメント攻撃に強い防具。,@Null@
12235,金飾りのマント,装飾用のマント。,
12236,ゲームのバージョンが古すぎます,今すぐ最新バージョンをダウンロードしましょう！,@Null@
12237,ゲームのバージョンが古すぎます,今すぐ最新バージョンをダウンロードしましょう！,@Null@
12238,ゲームのバージョンが古すぎます,今すぐ最新バージョンをダウンロードしましょう！,@Null@
12239,スプレーペンキの缶,"ブロックに使うとペンキ模様がブロックの上に覆われます。
#r#c0aba1d現在のパターンボタン#nは、塗装パターンを選択することができる。",@Null@
12240,小さなイースター?エッグ,ウール、ガラス、セメントブロックに命中すると、選択した色に変更できる。#r#c0aba1d変換ボタン#nで色を変更できる。,
12241,タングステンのヘルメット,#c0aba1d物理防御+15#n#r非常に強力な装備。,
12242,タングステンの胸当て,#c0aba1d物理防御+18#n#r非常に強力な装備。,
12243,タングステンのレギンス,#c0aba1d物理防御+18#n#r非常に強力な装備。,
12244,タングステンの靴,#c0aba1d物理防御+14#n#r非常に強力な装備。,
12245,ダイヤのマント,装飾用のマント。,@Null@
12246,野蛮人の仮面,つけると野蛮人戦士の話を理解できるようになるらしい…,
12247,ペイント銃,ウール、ガラス、セメントブロックに命中すると、選択した色に変更できる。#r#c0aba1d変換ボタン#nで色を変更できる。,
12248,イースターエッグ,ウール、ガラス、セメントブロックに命中すると、#c0aba1d一定範囲を#n選択した色に変更できる。#r#c0aba1d変換ボタン#nで色を変更できる。,
12249,ペイント銃弾,ペイント銃の銃弾,@Null@
12250,ミスリルのマウントのアーマー,物理防御+5,
12251,金のマウントのアーマー,"物理防御+7
 マウントの物理防御力がアップする。",@Null@
12252,ダイヤのマウントのアーマー,"物理防御+11
 マウントの物理防御力がアップする。",@Null@
12253,ロケットバックパック,背部に装備し、#c0aba1dジャンプボタン#nをタップして飛ぶ。耐久が0になると#c0aba1d消える#n。,#c0aba1dゲーム内の行為を決してマネしないでください。#n
12254,Miniwanマント,"Miniwanマークがついた革のマント。
 （セーブデータに取り出して使用する）",@Null@
12255,4399マント,"4399マークがついた革のマント。
 （セーブデータに取り出して使用する）",@Null@
12256,Aligamesマント,"Aligamesマークがついた革のマント。
 （セーブデータに取り出して使用する）",@Null@
12257,HUAWEIマント,"HUAWEIマークがついた革のマント。
 （セーブデータに取り出して使用する）",@Null@
12258,Baiduマント,"Baiduマークがついた革のマント。
 （セーブデータに取り出して使用する）",@Null@
12259,MEIZUマント,"MEIZUマークがついた革のマント。
 （セーブデータに取り出して使用する）",@Null@
12260,Xiaomiマント,"Xiaomiマークがついた革のマント。
 （セーブデータに取り出して使用する）",@Null@
12261,oppoマント,"oppoマークがついた革のマント。
 （セーブデータに取り出して使用する）",@Null@
12262,360マント,"360マークがついた革のマント。
 （セーブデータに取り出して使用する）",@Null@
12263,Tencentマント,"Tencentマークがついた革のマント。
 （セーブデータに取り出して使用する）",@Null@
12264,KuGouマント,"KuGouマークがついた革のマント。
 （セーブデータに取り出して使用する）",@Null@
12265,Gioneeマント,"Gioneeマークがついた革のマント。
 （セーブデータに取り出して使用する）",@Null@
12266,ViVOマント,"ViVOマークがついた革のマント。
 （セーブデータに取り出して使用する）",@Null@
12267,楽視マント,"楽視マークがついた革のマント。
 （セーブデータに取り出して使用する）",@Null@
12268,祝典マント,建国ログインイベント専用マント。共に祝おう。,@Null@
12269,祥瑞マント,国慶節フォーラムイベント専用マント。共に祝おう。,@Null@
12270,新春マント,新春イベントのマント。共に祝おう。,春節イベント期間に春節商人から購入。
12271,マウントの鞍-ダッシュ,懐かせたマウントに装着すると、マウントにダッシュ能力が付与される。,@Null@
12272,マウント首輪-水面歩行,懐かせたマウントに装着すると、マウントに水面歩行能力が付与される。,@Null@
12273,マウントの鞍-ジャンプ,懐かせたマウントに装着すると、マウントにスーパージャンプ能力が付与される。,@Null@
12274,マウント首輪-滑空,懐かせたマウントに装着すると、マウントに滑空能力が付与される。,@Null@
12275,酸素かばん,必要なダイビング装備#r#c0aba1d部に装備すると#n持続的に酸素を獲得できる。#r酸素が尽きると装備は#c0aba1d消える#n,
12276,酸素マスク,鳥の羽で作られた気密性に優れたマスクは、惑星旅行に欠かせないものです。 エイリアンの過酷な無酸素環境に耐えることができれば、機器の耐久性が差し引かれ、耐久性が不十分な場合は#c0aba1dが消えます#n。,@Null@
12277,耐火バックパック,#c0aba1d背部に装備すると#n高温を耐えることができる。#r高温を耐える期間において、装備の耐久度は削られ、耐久度がなくなったら装備は#c0aba1d消える#n。,
12278,鳥のウグイスの羽,アメリカムシクイの羽は鮮やかな色でしっかりと密閉されています。 #rを使用して#c0aba1d酸素マスク#nを作成できます。,@Null@
12279,防寒マント,非常に暖かいマント、寒さを防いでくれる,
12280,大型爆竹,投げて、#c0aba1dしばらく#nすると爆発する。,@Null@
12281,パチンコ,#c0aba1d基礎ダメージ+10#n#r遠距離武器。攻撃するたびに石ころを1つ#c0aba1d消費#nする。,@Null@
12282,石ころ,#c0aba1d基礎ダメージ+5#n#rパチンコで発射する。,@Null@
12283,石弓,#c0aba1d基礎ダメージ+30#n#r遠距離武器。攻撃するたびに石の矢を3本#c0aba1d消費#nする。,@Null@
12284,ロケットランチャー,遠距離武器。攻撃するたびにロケット弾を1つ#c0aba1d消費#nする。,@Null@
12285,ロケット弾,発射後に#c0aba1d生き物またはブロック#nに触れると爆発する。威力が大きく、ロケットランチャーで発射する。,@Null@
12286,金の福袋,投擲できる。目標に命中すると#c0aba1d撃退#n効果がある。,@Null@
12287,あわあわボール,投擲できる。仲間に命中すると、その仲間は一定時間泡に包まれ宙を飛ぶ。,団子を倒すか、陶器を破壊すると一定の確率で入手できる。#r#c0aba1dゲーム内の行為を決してマネしないでください。#n
12288,吹き矢,遠距離武器。攻撃するたびにミツバチの針を1枚#c0aba1d消費#nする。,@Null@
12289,ミツバチの針,#c0aba1d基礎ダメージ+10#n#r命中した目標は#c0aba1d頭部が腫れ#n、かつ#c0aba1d中毒効果#nを持つ。吹き矢で発射する。,@Null@
12290,蛍光玉,ブロックに命中すると、一定時間光源になる。生き物に命中すると、蛍光バフを付与する。,
12291,パルスの弓,#c0aba1d基礎ダメージ+35#n#r遠距離武器。攻撃するたびにパルスの矢を1本#c0aba1d消費#nする。,@Null@
12292,パルスの矢,#c0aba1d基礎ダメージ+15#n#rブロックに命中すると#c0aba1d弾射#nする。パルスの弓で発射する。,@Null@
12293,重力グローブ,5マス範囲内に、#c0aba1d物理特性を持つアイテムをタップすると#n、掴むことができる。#c0aba1dチャージ#nすると、発射できる。,#c0aba1dゲーム内の行為を決してマネしないでください。#n
12294,ショットガン,#c0aba1dチャージ#nすると、強力なスチールボールを発射する。,@Null@
12295,スチールボール,他の#c0aba1d物理特性#nを持つアイテムを吹き飛ばすことができる。#rショットガンで発射する。#r物理特性を持つ。,@Null@
12296,ビリヤード,#c0aba1力を蓄える#nと投げることができる。#r#c0aba1d物理特性を#n持ち、ブロックに当たると跳ね返り、表面は滑らかだが弾力性は強くない。,
12297,バレーボール,#c0aba1d力を蓄える#nと投げることができる。#r#c0aba1d物理特性#nを持ち、ブロックに当たると跳ね返り、表面は粗いが弾力性は強い。,
12298,木の箱,投げることができる。#r#c0aba1d物理特性を#n持ち、ブロックに当たると跳ね返り、表面は粗く、弾力性も弱い。,
12299,勇敢ミサイル,Megatronの車形態で攻撃時に発射するミサイル,@Null@
12300,スター銃弾,@Null@,@Null@
12301,三日月マジックワンド,#c0aba1d近接ダメージ+ 20#n,@Null@
12302,スターウィングマジックワンド（ブルー）,#c0aba1d近接ダメージ+ 20#n,@Null@
12303,スターウィングマジックワンド（レッド）,#c0aba1d近接ダメージ+ 20#n,@Null@
12304,悪魔の刀,#c0aba1d近接ダメージ+ 35#n,@Null@
12305,お姫様のマジック絵本,#c0aba1d近接ダメージ+28#n高級バララエネルギーフェアリー変身マジックを使って、カレイ七彩が現れ、レインボーフォートの上空を飛ぶシリーズフェアリーアリッサを使う道具,@Null@
12306,マジックパレット（赤）,#c0aba1d近接ダメージ+20#n。高級なバララエネルギーを使って、赤い魔法を召喚して、レインボーフォートの上空を飛ぶシリーズフェアリージェシーを使う道具,@Null@
12307,マジックパレット（黄色）,"#c0aba1d近接ダメージ+20#n。
高級なバララエネルギーを使って、黄色い魔法を召喚して、レインボーフォートの上空を飛ぶシリーズフェアリーエイミーを使う道具",@Null@
12308,@Null@,@Null@,@Null@
12309,サソリの殻の盾,#c0aba1dチャージ#nした後は防御状態に入り、有利な時機を掴んでこの盾を使えばダメージを受けずに敵を倒せる。#r注意すべきなのは#c0aba1d靭性値#nがゼロになると非常に虚弱になってしまう。盾を下すと靭性値を回復できる。,
12310,サソリの棘の盾,#c0aba1dチャージ#nした後は防御状態に入り、敵に中毒させることもできる。有利な時機を掴んでこの盾を使えばダメージを受けずに敵を倒せる。#r注意すべきなのは#c0aba1d靭性値#nがゼロになると非常に虚弱になってしまう。盾を下すと靭性値を回復できる。,
12311,サンドワームキャノン,砂を消費して前方のすべてを、パワフルでクールなハンドキャノン! #c0aba1d砂の球を発射し、基本ダメージ+40#n#r通常攻撃の弾薬は砂で、力を蓄えると敵を眩暈させる！,砂漠領主を倒して獲得
12312,防寒ヘルメット,寒さを防ぐ同時に、ある程度の防御力を提供する,
12313,防寒チェストプレート,寒さを防ぐ同時に、ある程度の防御力を提供する,
12314,防寒レギンス,寒さを防ぐ同時に、ある程度の防御力を提供する,
12315,防寒靴,寒さを防ぐ同時に、ある程度の防御力を提供する,
12316,凍結棒,フロストガードが周りの寒気を集めて作った武器、生物を攻撃する時、その温度を下げる。温度が低すぎた場合、生物は#c0aba1d凍結#nする。見た目は強そうだが、耐久性はあまり高くない。@item_12710#を使って修理できる,@item_12316#を持つフロストガードを撃破すると一定の確率でドロップされる
12317,木の盾,#c0aba1dチャージ#nした後は防御状態に入り、有利な時機を掴んでこの盾を使えばダメージを受けずに敵を倒せる。#r注意すべきなのは#c0aba1d靭性値#nがゼロになると非常に虚弱になってしまう。盾を下すと靭性値を回復できる。,
12318,銅の盾,#c0aba1dチャージ#nした後は防御状態に入り、有利な時機を掴んでこの盾を使えばダメージを受けずに敵を倒せる。#r注意すべきなのは#c0aba1d靭性値#nがゼロになると非常に虚弱になってしまう。盾を下すと靭性値を回復できる。,
12319,チタン製の盾,#c0aba1dチャージ#nした後は防御状態に入り、有利な時機を掴んでこの盾を使えばダメージを受けずに敵を倒せる。#r注意すべきなのは#c0aba1d靭性値#nがゼロになると非常に虚弱になってしまう。盾を下すと靭性値を回復できる。,
12494,焼き芋,美味しい焼き芋だ。,
12495,焼きトウモロコシ,美味しい焼きトウモロコシだ。,
12496,魚介類,魚介類のバンドル。@item_12520#、@item_12524#、@item_12527#、@item_12703#、@item_12704#などの魚介類食材を含む。,
12497,焦げた肉,#c0aba1d食べる#nと体力が10回復。#r 火で焦がした肉、もう現物は見れない、#c0aba1d下痢#nに注意。,@Null@
12498,夜見胞子,#c0aba1d食べる#nと600秒間#c0aba1d暗視バフ#nを獲得する。,
12499,走れドードー鳥,#c0aba1d食べる#nと600秒間#c0aba1d移動速度が75%アップする#n。,
12500,チェリー,ウォウォモン#c0aba1d飼いならす#nでき。,サクランボの木に生え、食べた後に入手できる@item_11405#。
12501,フルーツ盛り合わせ,食べた後、体の状態を回復することができる,
12502,メン,食べると体調が回復する,@item_794#を使って料理する必要がある
12503,松ぼっくり,#c0aba1dムササビ#nに食べさせ、HPを回復させることができる。#c0aba1d雪だるまの目#nにもなれる。,カラマツに生える。食べると@item_11406#を獲得できる。
12504,養蜂箱のかけら,#c0aba1d食べる#nとHPが15回復。#rはちみつを瓶に入ります。,ツルハシなどの工具でハチの巣を採集して獲得する。
12505,キュウリの和物,#c0aba1d食べる#nと体力が15、意志の力が15回復。#r,
12506,果物,@item_230#、@item_237#、@item_239#、@item_11599#、@item_12500#などの果物食材を含む。,
12507,トウモロコシのデザート,#c0aba1d食べる#nと暫くの間、掘削速度が上がる。#r,@item_794#を使って料理する必要がある
12508,角スイカ実のかけら,#c0aba1d食べる#nとHPが10回復。#r#c0aba1dダチョウ#nに使用して、#c0aba1d飼いならす#nチャンスがある。,角スイカを破壊して入手する。#r陶器を破壊すると、一定の確率でドロップする。
12509,ボトル入りミルク,#c0aba1d食べる#nとHPが20回復。一つの任意の状態を削除する。,乳中のツノジカは、小さなガラス瓶を使用して入手できます。
12510,ドードー鳥とタケノコの煮込み,ミラプラネットの名料理、栄養価が高く、一般大衆にも人気がある。,@item_794#を使って料理する必要がある
12511,ボトル入り蜂蜜,#c0aba1d食べる#nとHPが10回復、一定期間にHPを回復させ続ける。#r#c0aba1dホタルの誘引#nに使える。,@Null@
12512,サツマイモのマッシュ,食べると体調が回復する,@item_794#を使って料理する必要がある
12513,獣肉,@item_12516#、@item_12518#、@item_12522#、@item_12530#、@item_12532#、@item_12535#、@item_12607#などの肉食材を含む。,対応する生物を撃破することで獲得。
12514,焼肉,@item_12517#、@item_12519#、@item_12523#、@item_12531#、@item_12533#、@item_12536#、@item_12608#、@item_12521#、@item_12705#、@item_12706#などを含む。,#c0aba1d生肉#nを篝で焼いて獲得。
12515,巨大ブルフルーツ餅,#c0aba1d食べる#nと少しHPとスタミナを回復させ、シールドと意志の力を獲得する#rミラプラネットの伝統のお菓子、@item_230#を使って作った巨大ブルフルーツ餅,@item_795#を使って料理する必要がある
12516,生サイ肉,#c0aba1d食べる#nと体力が15回復。#r生食は#c0aba1d下痢#nに注意、#c0aba1d焚き火#nで調理可。,サイを倒すと獲得
12517,焼きサイ肉,#c0aba1d食べる#nと体力が25回復。#r,篝火で#c0aba1d生サイ肉#nを加工して入手する。
12518,生ドードー鳥肉,#c0aba1d食べる#nと体力が10回復。#r生食は#c0aba1d下痢#nに注意、#c0aba1d焚き火#nで調理可。,ドードー鳥を倒すと獲得
12519,焼きドードー鳥肉,#c0aba1d食べる#nと体力が25回復。#r,篝火で#c0aba1d生のドードー鳥肉#nを加工して入手する。
12520,生ボケボケ魚,#c0aba1d食べる#nと体力が10回復。#r生食は#c0aba1d下痢#nに注意、#c0aba1d焚き火#nで調理可。アイスクマにあげると飼いならすことができる#c0aba1dベビーシールマウント#nに使用するとHPが20回復します。,
12521,焼きボケボケ魚,#c0aba1d食べる#nと体力が20回復。#r魚を焚き火で調理できる。溶岩カニを飼いならすこともできる,
12522,生アルパカ肉,#c0aba1d食べる#nと体力が15回復。#r生食は#c0aba1d下痢#nに注意、#c0aba1d焚き火#nで調理可。,アルパカを倒すとドロップする
12523,焼きアルパカ肉,食べると体の状態を回復できる。,@item_12522#を篝で加工することで獲得。
12524,サーモン,#c0aba1d食べる#nと体力が10回復。#r生食は#c0aba1d下痢#nに注意。#c0aba1d 氷熊#nに使用すると、一定の確率で#c0aba1d懐かせ#nることができる。#c0aba1d焚き火#nで調理可。,ペンギンを倒すとドロップする。
12525,焼きサーモン,#c0aba1d食べる#nと体力が30回復。#r,製錬炉で#c0aba1dサーモン#nを加工して入手する。
12526,変な肘,#c0aba1d食べる#nと体力が10回復、呪い骨を落とす。#食べると #c0aba1d 下痢#nに注意。,野人を倒すとドロップする。
12527,カニの足,#c0aba1d「カニカマ」#nに加工できる。,
12528,米一ボウル,石鍋で#c0aba1d米一ボウル#nに加工できる。,
12529,ライス,食べると体調が回復する,@item_794#を使って料理する必要がある
12530,生ツノジカ肉,#c0aba1d食べる#nと体力が15回復。#r生食は#c0aba1d下痢#nに注意、#c0aba1d焚き火#nで調理可。,ツノジカを倒すとドロップする。
12531,焼きツノジカ肉,#c0aba1d食べる#nと体力が30回復。#r,たき火で#c0aba1d生のツノジカ肉#nを加工して入手する。
12532,ウサギ肉,生肉を食べると#c0aba1d下痢#nになるから要注意！@item_1200#で焼くことができる。,雪兎を撃破するとドロップされる
12533,焼きウサギ肉,食べると体温が少しだけ回復する,焚き火で@item_12532#を加工すると獲得できる。
12534,ウサギ肉の煎り焼き,食べると体温が少しだけ回復し、暫くの間、寒さを防ぐことができる#r氷原村人に贈ると大変喜んでくれる,@item_794#を使って料理する必要がある
12535,ヤク肉,生肉を食べると#c0aba1d下痢#nになるから要注意！@item_1200#で焼くことができる。,ヤクを撃破するとドロップされる
12536,焼きヤク肉,食べると体温が少しだけ回復する,焚き火で@item_12535#を加工すると獲得できる。
12537,干しヤク肉,風乾製法で作られた肉、噛み応えがあり、食べ始めると止まらなくなる。,@item_12535#を@item_1192#にかけ、しばらく経つと獲得できる
12538,スムージー,果物と氷を混ぜて作ったもの、暑い地域で活動する時に最適な食べ物。,
12539,カスタード,#r#c0aba1d食べる#nと#c0aba1d「耐熱」#n状態を獲得し、一定の時間内に暑さを防ぐことができる。,
12540,卵焼きメン,#c0aba1d食べる#nと、一定の時間内に持続的にHPを回復させる。,@item_794#を使って料理する必要がある
12541,フライドポテト,#c0aba1d食べる#nと、一定の時間内に落下ダメージを少しだけ減らす。#r,@item_794#を使って料理する必要がある
12542,野菜キャサロール,食べると体調が回復する,@item_794#を使って料理する必要がある
12543,ローストドードー鳥ファミリーバケット,#c0aba1d食べる#nと、一定の時間内に移動速度が少し上昇する#r#c0aba1d野生のヴェロキラプトル#nに使用すると、一定の確率で#c0aba1d飼いならす#n。,@item_794#を使って料理する必要がある
12544,焼き肉メン,食べると体調が回復する,@item_794#を使って料理する必要がある
12545,ツノジカ肉のキャサロール,食べると体調が回復する,@item_794#を使って料理する必要がある
12546,ハム,#c0aba1d食べる#nと、一定の時間内に掘削のスタミナ消費を減らす。#r飼い馴らした氷熊にエサとして#c0aba1dあげる#nと、#c0aba1d繁殖#n状態にすることができる。,@item_794#を使って料理する必要がある
12547,おかしなハム,#c0aba1d食べる#nと、一定の時間内に走る時&ジャンプ時のスタミナ消費を減らす。,@item_795#を使って料理する必要がある
12548,「カニカマ」ハム,#c0aba1d食べる#nと、一定の時間内にチャージ時のスタミナ消費を減らす。#r,@item_795#を使って料理する必要がある
12549,濃厚ミルクキャンディ,#c0aba1d食べる#nと、ランダムななデバフを1つ解除する。#r職業を持つ野蛮人仲間が食べると、今の仕事を忘れる。,@item_794#を使って料理する必要がある
12550,香ばしい卵焼きメン,#c0aba1d食べる#nと、一定の時間内に持続的にHPを回復させる。#r,@item_795#を使って料理する必要がある
12551,香ばしいフライドポテト,#c0aba1d食べる#nと、一定の時間内に落下ダメージを減らす。#r,@item_795#を使って料理する必要がある
12552,香ばしい巨大ブルフルーツパイ,#c0aba1d食べる#nとHPとスタミナが少しだけ回復し、シールドと意志の力を獲得する#r#c0aba1dキョロダンダン#nに使用すると、一定の確率で#c0aba1d飼いならす#n。,@item_795#を使って料理する必要がある
12553,香ばしいトウモロコシのデザート,#c0aba1d食べる#nと、一定の時間内に掘削速度が上昇する#r#c0aba1dキョロチッチ#nに使用すると、一定の確率で#c0aba1d飼いならす#n。,@item_795#を使って料理する必要がある
12554,香ばしい野菜キャサロール,食べると体調が回復する,@item_795#を使って料理する必要がある
12555,芳醇キュウリ,#c0aba1d食べる#nと体力が15回復、意志力が40獲得。#r,
12556,芳醇スイカジュース,#c0aba1d食べる#nとHPが20回復。一定期間に火のダメージを軽減できる。#r,
12557,ヤミー果物盛り合わせ,#c0aba1d食べる#nと体力が100回復。#r#c0aba1dキョロドンドン#nに使用すると、一定の確率で#c0aba1d懐かせ#nることができる。,@Null@
12558,香ばしい焼きドードー鳥肉,#c0aba1d食べる#nと、一定の時間内に移動速度が上昇する。,@item_795#を使って料理する必要がある
12559,香ばしい焼き肉メン,食べると体調が回復する,@item_795#を使って料理する必要がある
12560,香ばしいツノジカ肉のキャサロール,食べると体調が回復する,@item_795#を使って料理する必要がある
12561,香ばしいハム,#c0aba1d食べる#nと、一定の時間内に掘削時のスタミナ消費を減らす。#r,@item_795#を使って料理する必要がある
12562,香ばしいおかしなハム,#c0aba1d食べる#nと、一定の時間内に走る時&ジャンプ時のスタミナ消費を減らす。#r,@item_795#を使って料理する必要がある
12563,香ばしい「カニカマ」ハム,#c0aba1d食べる#nと、一定の時間内にチャージ時のスタミナ消費を減らす。#r,@item_795#を使って料理する必要がある
12564,元旦餃子,#c0aba1d食べる#nと体力が15回復。180秒間#c0aba1dキャラクターの体が大きくなる#n。,元日イベント期間に元日商人から購入。
12565,おかしな飴,#c0aba1d食べる#nと体力が15回復また、60秒間#c0aba1d移動方向が真逆になる#n。,クリスマスイベント期間にサンタから購入。
12566,傷んだ餃子,#c0aba1d食べる#nと60秒間#c0aba1d移動速度が60%ダウンする#n。,@Null@
12567,新春餃子,#c0aba1d食べる#nと180秒間#c0aba1dキャラクターの体が大きくなる#n。,春節イベント期間に春節商人から購入。
12568,お餅,#c0aba1d食べる#nと180秒間#c0aba1dキャラクターの体が小さくなる#n。,春節イベント期間に春節商人から購入。
12569,黒い餡元宵,#c0aba1d食べる#nと体力が15回復。また、30秒間キャラクターが#c0aba1dドードー鳥#nに変わる。,
12570,パープル餡元宵,#c0aba1d食べる#nと体力が15回復。また、30秒間キャラクターが#c0aba1dサイ#nに変わる。,
12571,黄色い餡元宵,#c0aba1d食べる#nと体力が15回復。また、30秒間キャラクターが#c0aba1dツノジカ#nに変わる。,
12572,サクランボジュース,使用するとカオスバフを獲得。60秒間#c0aba1d移動方向が真逆になる#n。,アニバーサリーイベント期間に周年限定の商人から購入。
12573,炭酸ジュース,#c0aba1d飲む#nと60秒間#c0aba1dジャンプの高さが40%アップする#n。,アニバーサリーイベント期間に周年限定の商人から購入。
12574,悪魔のジュース,#c0aba1d飲む#nと30秒間キャラクターが#c0aba1dベビー悪魔#nに変わる。,アニバーサリーイベント期間に周年限定の商人から購入。
12575,ちまき,#c0aba1d食べる#nと30秒間キャラクターが#c0aba1d団子#nに変わる。,@Null@
12576,バブルガム,#c0aba1d食べる#nとhpが5回復、盾が15獲得。15秒以内に#c0aba1dバブルBUFF#nを獲得。#r#c0aba1d団子#nに使用すると、一定の確率で#c0aba1d飼いならす#nことができる。,陶器を破壊するか、地下牢の宝箱を開けるか、団子を倒すと一定の確率で入手できる。#r#c0aba1dゲーム内の行為を決してマネしないでください。#n
12577,キュウリセット,#c0aba1dアルパカ#nに使用すると#c0aba1d繫殖#n状態になる,
12578,サイの角,サイ同士の争いで一定の確率でドロップする。#rホーンの合成に使用する,
12579,つのぶえ,使用後、適用範囲内に#c0aba1dサイ#nがいた場合、引き寄せることができる,
12580,霊キツネの口笛,#c0aba1d懐かせた霊キツネとサル#nに使用すると座らせることができる,
12581,「カニカマ」,#c0aba1d食べる#nと体力が15回復。#乱雑さに食べると #c0aba1d下痢#nに注意。,@Null@
12582,酸素ビーン,ジェーンの木に#c0aba1d植える#nと酸素果実が生えてくる。,@Null@
12583,酸素果実,#c0aba1d食べる#nと現在のHPを10%減少。60秒間#c0aba1d酸素供給#nを得る。,萌目プラネットのジェーンの木に酸素ビーンを植え付けて入手する。食べるジェーンの木の種が手に入り、手ぶらで酸素豆を加工することができます。
12584,萌目プラネット胞子,@Null@,@Null@
12585,変異したタケノコ,,
12586,変異した赤いキノコ,@Null@,@Null@
12587,エッグメーカー,自発攻撃ができない一部の#c0aba1d陸地動物#nに使用すると、相応の卵に変えることができる。#r@item_11082#を使用した後、@item_800#でアンロックされる。,
12588,卵変え銃弾丸,卵変え銃の専用弾丸｡,@Null@
12589,蛍光パチンコ,#c0aba1d基礎ダメージ+10#n#r遠距離武器。攻撃するたびに蛍光弾丸を1つ#c0aba1d消費#nする。,@Null@
12590,蛍光弾丸,#c0aba1d基礎ダメージ+5#n#rブロックに命中すると一定時間#c0aba1d光源になり#n生き物に命中すると#c0aba1d蛍光バフ#nを付与する。#r蛍光弾丸弓で発射する,
12591,蛍光玉,ブロックに命中すると、一定時間#c0aba1d光源#nになる。#c0aba1d生き物#nに命中すると、蛍光バフを付与する。,
12592,@Null@,@Null@,@Null@
12593,萌目プラネットの貝殻,宇宙商人との取引で使うコイン｡萌目プラネットの特殊アイテムと交換できる｡,宇宙商人との取引で入手する。
12594,救急箱,ハーブと絆創膏を入れた救急箱、負傷した野蛮人仲間を治療することができる。#r負傷した野蛮人仲間は徐々に弱っていくため、治療が間に合わなければ取り返しのつかないことになりかねない。,
12595,野蛮人の記念品,野蛮人仲間がドロップしたアクセサリー。仲間との思い出が詰まっている。#r記念として#c0aba1d石碑#nの上に置くことができる,@Null@
12596,ハンターの記念品,ハンター仲間がドロップしたアクセサリー。仲間との思い出が詰まっている。#r記念として#c0aba1d石碑#nの上に置くことができる,@Null@
12597,萌ベビーの記念品,萌ベビー仲間がドロップしたアクセサリー。仲間との思い出が詰まっている。#r記念として#c0aba1d石碑#nの上に置くことができる,@Null@
12598,@Null@,@Null@,@Null@
12599,魔術のハンマー,微かに光る、壊れやすいハンマー。太陽の気配を放ち、野人が集落でよく使う祭りアイテム。集落の祭司はハンマーで眠っている野人を叩き起こし、その身にかけられた暗黒の呪いを駆除する。,
12600,綿,柔らかい綿、@item_800#で様々な綿製品に加工できる。#c0aba1d雪だるまのマフラー#nにもなれる。綿の茂みを採集するで獲得できる,
12601,もも,飛ぶニワトリ#c0aba1d飼いならすことができ#n。#r#c0aba1d餌#nサルは#c0aba1d繁殖#n状態にすることができ。,桃の木に生え、食べた後に入手できる@item_11409#。
12602,セコイア果実,#c0aba1dペンギンに餌#n与えると、#c0aba1d繁殖#n状態になります。,結果を破壊したセコイアの葉は落ちる確率があり、食べた後に入手できる@item_11412#。
12603,くるみ,スズメウグイス#c0aba1d飼いならすことができ#n、飼いならすと落ちる@item_12278#。,クルミの木に生え、食べた後に入手できる@item_11411#。
12604,ギンドロの実,#c0aba1d食べる#nとHPが15回復。,実をつけたポプラの葉は、破壊されると落ちる可能性があり、食べるとポプラの種を得ることができる。
12605,ヤンヤンカニの殻,ヤンヤンカニが落とした殻の破片は、防火装備の材料になるそうですよ。,@Null@
12606,止血剤,#c0aba1d食べる#nとHPが30回復し、#c0aba1d流血#n状態をクリアし、15点盾を獲得する。120秒間#c0aba1d流血免疫ステータス#n。,ポプラの花を使用して作成するもの
12607,生のダチョウの足,#c0aba1d食べる#nと体力が15回復。#r生食は#c0aba1d下痢#nに注意、#c0aba1d焚き火#nで調理できる。,ダチョウを倒すと落とす。
12608,焼きダチョウの足,焼きダチョウの足、とても美味しい。#c0aba1d食べる#nと体力が25回復。#r,篝火で#c0aba1d生ダチョウの足#nを加工して入手する。
12609,ダチョウの卵のフライ,@item_462#のフライ、普通の卵よりずっと大きい！,@item_794#を使って料理する必要がある
12610,コトカケヤナギの花,#c0aba1d食べる#nとHPが10回復し、#c0aba1d流血#n5つのシールドを取得します。のステータスをクリアする。コトカケヤナギの花で、止血の力がある。,紅葉したコトカケヤナギの樹冠の中にある
12611,コトカケヤナギの涙,ポプラの枯れ木の涙、解毒剤、#c0aba1d解毒粉パック#nの合成に不可欠な材料！,枯れたポプラの幹の側面に現れる
12612,セレウスの花,めったに見られない花で、#c0aba1d液化剂#nに必要な材料。,成熟したサボテンの主幹の上部に出現する
12613,セレウスの実,#c0aba1d食べる#nと体力が30回復する。,成熟したサボテンの主幹の側面に出現する
12614,マンガンのノジュール,深海の高圧に対抗するため、#c0aba1dダイビング器材の強化や硬質ガラスブロックの製造#nに使用される。,マンガン
12615,生マコンブ,#c0aba1d食べる#nと体力5、酸素3が回復する。#r生食は#c0aba1d下痢#nに注意。,昆布を破壊して獲得
12616,宝の地図のビン,,瓶の中に宝の地図がある
12617,宝の地図,,ある宝の地図らしい
12618,わらびの刺茎,#c0aba1dわらび#nの中心にある刺茎、スパイクと特定の可塑性に満ちているため、#c0aba1d壁ブロック#nに巻き付けて要塞を構築するためによく使用されます。,わらびを破壊して獲得
12619,刺玉,#c0aba1dわらび#nに生えている刺玉、常によくわからないと体にくっついています#rは#c0aba1dクイックジャンプ#nまたは#c0aba1dを水に浸して#nを振り落とすことができます#r#c0aba1dヒント#n:刺玉が体にくっついている場合は、早めに処理してください。。そうしないと、大変なことになります。,
12620,海賊船の箱,,
12621,野菜,@item_226#、@item_227#、@item_228#、@item_229#、@item_234#、@item_236#、@item_241#などの野菜食材を含む。,対応する作物を採集することで獲得。
12622,ヤクの角,ヤクの成獣の頭頂部から落ちた鋭い角、内部には空洞があり、氷原地区の人々はこの角を@item_12711#の原材料として使っている,ヤク同士はよく喧嘩する。激しい決闘の末、角が落ちてしまうことはよくある
12623,雪兎の皮,ふわふわで暖かい毛皮、防寒装備の制作に使える。,雪兎を撃破するとドロップされる
12624,氷原村人の記念品,氷原村人からドロップされた記念品、仲間との思い出が詰め込まれている。#r記念として@item_1201#の上に置くことができる,
12625,氷石,目標位置を狙い、#c0aba1dチャージ#nしてから投げる。生物に命中した場合、その#c0aba1d移動速度を減らす#n。ブロックに命中した場合、天然氷を生成できる、,
12626,包帯,緊急医療用品、荒野でのサバイバルに非常に重要なアイテムだ。,
12627,地形マップ,,とある地形のマップのようだ。
12703,生チュチュ魚,#c0aba1d食べる#nと体力が10回復。#r生食は#c0aba1d下痢#nに注意、#c0aba1d焚き火#nで調理可。アイスクマにあげると飼いならすことができる#c0aba1dベビーシールマウント#nに使用するとHPが20回復します。,
12704,生キーキー魚,#c0aba1d食べる#nと体力が10回復。#r生食は#c0aba1d下痢#nに注意、#c0aba1d焚き火#nで調理可。アイスクマにあげると飼いならすことができる#c0aba1dベビーシールマウント#nに使用するとHPが20回復します。,
12705,焼きチュチュ魚,#c0aba1d食べる#nと体力が20回復。#r魚を焚き火で調理できる。溶岩カニを飼いならすこともできる,
12706,焼きキーキー魚,#c0aba1d食べる#nと体力が20回復。#r魚を焚き火で調理できる。溶岩カニを飼いならすこともできる,
12707,乾燥したチュチュ魚,#c0aba1d食べる#nと15体力を回復#r干物棚でチュチュ魚を乾かす。これは漁村の村人の食べ物だ,
12708,乾燥したキーキー魚,#c0aba1d食べる#nと15体力を回復#r干物棚でキーキー魚を乾かす。これは漁村の村人の食べ物だ,
12709,鍵,鍵ドアを開ける鍵,@Null@
12710,フロストエッセンス,ミラプラネットの極寒地帯で暮らしているエレメンタルガード——#c0aba1dフロストガード#nの命の源。無生命の#c0aba1d雪だるま#nに置くと、短い生命を授けることができる。#r@item_12316#の修理にも使える,フロストガードを撃破すると獲得できる
12711,戦闘の角笛,使用後、#c0aba1d32*32#n範囲内の#c0aba1d戦闘できる村人#nを自分の隣に召喚し、#c0aba1d自分と共に戦わせる#n#rもう一度使用した場合、トーテムの付近にいたら、仲間たちはトーテムに帰る。トーテムの付近にいなかったら、仲間たちはその場で次の命令を待つ。,
12713,@Null@,@Null@,@Null@
12714,@Null@,@Null@,@Null@
12715,紅藻パワーの薬,#c0aba1d食べる#nと、60秒以内に#c0aba1dノックバック#n効果を獲得するが、魚には効果がない。,
12716,深海呼吸の薬,#c0aba1d食べる#nと、180秒以内に#c0aba1d水中呼吸能力#nを獲得する。,
12717,カモメの羽,カモメの羽、@item 11303#作ったものはできるし、@item 12062#を作る原料でもある,攻撃カモメが落ちる
12718,色変わり腺,職人台で赤い、黄色い、青い、白い顔料を作れる,タツノオトシゴを倒すと獲得できる
12719,クラゲのコア,想像以上の弾力性があり、#c0aba1dハイドロポンプ#nを作ることができる,クラゲを倒すと獲得できる
12720,ボトルメール,今すぐ最新バージョンをダウンロードしましょう！,
12721,普通の釣竿,一部の魚しか釣れない。少なくとも2ブロックの深さの水域で釣ることができる。,職人台で作くる
12722,ゴルゴニア釣竿,珍しい魚が釣れる確率がある!少なくとも2ブロックの深さの水域で釣ることができる。,レシピをアンロックした以後、職人台で作れる
12723,プラロギラサンゴ釣竿,珍しい魚が釣れる確率がある!少なくとも2ブロックの深さの水域で釣ることができる。,レシピをアンロックした以後、職人台で作れる
12724,ストーンサンゴ釣竿,珍しい魚が釣れる確率がある!少なくとも2ブロックの深さの水域で釣ることができる。,レシピをアンロックした以後、職人台で作れる
12725,木サンゴ釣竿,珍しい魚が釣れる確率がある!少なくとも2ブロックの深さの水域で釣ることができる。,レシピをアンロックした以後、職人台で作れる
12726,普通の浮き,今すぐ最新バージョンをダウンロードしましょう！,
12727,ゴルゴニア浮き,今すぐ最新バージョンをダウンロードしましょう！,
12728,プラロギラサンゴ浮き,今すぐ最新バージョンをダウンロードしましょう！,
12729,ストーンサンゴ浮き,今すぐ最新バージョンをダウンロードしましょう！,
12730,木サンゴ浮き,今すぐ最新バージョンをダウンロードしましょう！,
12731,チベットギツネの報酬,雪の中に隠された宝物,
12732,花,@item_300#、@item_301#、@item_305#、@item_761#などの花を含む。,
12733,@Null@,@Null@,@Null@
12734,@Null@,@Null@,@Null@
12735,@Null@,@Null@,@Null@
12736,@Null@,@Null@,@Null@
12737,@Null@,@Null@,@Null@
12738,@Null@,@Null@,@Null@
12739,@Null@,@Null@,@Null@
12740,@Null@,@Null@,@Null@
12741,@Null@,@Null@,@Null@
12742,@Null@,@Null@,@Null@
12743,@Null@,@Null@,@Null@
12744,@Null@,@Null@,@Null@
12745,@Null@,@Null@,@Null@
12746,@Null@,@Null@,@Null@
12747,@Null@,@Null@,@Null@
12748,@Null@,@Null@,@Null@
12749,@Null@,@Null@,@Null@
12750,幸せな花火,"セーブデータ内に取り出して使用：スマイル形の花火が天空に発射される。
 （購入時に#c0aba1dミニビーン#n×300贈呈）",@Null@
12751,ラッキー花火,"使用：天空に向かってガチャポン形の花火が発射される
 （購入時に#c0aba1dガチャチケット#nx1贈呈）",@Null@
12752,元気花火,"使用：天空に向かって果実形の花火が発射される
 （購入時に#c0aba1dイベントチケット#nx1贈呈）",@Null@
12753,@Null@,@Null@,@Null@
12754,@Null@,@Null@,@Null@
12755,@Null@,@Null@,@Null@
12756,@Null@,@Null@,@Null@
12757,@Null@,@Null@,@Null@
12758,@Null@,@Null@,@Null@
12759,@Null@,@Null@,@Null@
12760,@Null@,@Null@,@Null@
12761,@Null@,@Null@,@Null@
12762,@Null@,@Null@,@Null@
12763,@Null@,@Null@,@Null@
12764,@Null@,@Null@,@Null@
12765,@Null@,@Null@,@Null@
12766,@Null@,@Null@,@Null@
12767,@Null@,@Null@,@Null@
12768,@Null@,@Null@,@Null@
12769,@Null@,@Null@,@Null@
12770,@Null@,@Null@,@Null@
12771,@Null@,@Null@,@Null@
12772,@Null@,@Null@,@Null@
12773,@Null@,@Null@,@Null@
12774,@Null@,@Null@,@Null@
12775,@Null@,@Null@,@Null@
12776,@Null@,@Null@,@Null@
12777,@Null@,@Null@,@Null@
12778,@Null@,@Null@,@Null@
12779,@Null@,@Null@,@Null@
12780,@Null@,@Null@,@Null@
12781,紙吹雪花火,使用すると大量の紙吹雪が舞い散る効果あり。,@Null@
12782,@Null@,@Null@,@Null@
12783,@Null@,@Null@,@Null@
12784,@Null@,@Null@,@Null@
12785,@Null@,@Null@,@Null@
12786,@Null@,@Null@,@Null@
12787,@Null@,@Null@,@Null@
12788,@Null@,@Null@,@Null@
12789,@Null@,@Null@,@Null@
12790,@Null@,@Null@,@Null@
12791,@Null@,@Null@,@Null@
12792,@Null@,@Null@,@Null@
12793,@Null@,@Null@,@Null@
12794,@Null@,@Null@,@Null@
12795,@Null@,@Null@,@Null@
12796,@Null@,@Null@,@Null@
12797,@Null@,@Null@,@Null@
12798,@Null@,@Null@,@Null@
12799,@Null@,@Null@,@Null@
12800,融合付与-人間ハンター,付与をアンロックする。,@Null@
12801,融合付与-吹き飛ばし,付与をアンロックする。,@Null@
12802,融合付与-多重攻撃,付与をアンロックする。,@Null@
12803,融合付与-吸血,付与をアンロックする。,@Null@
12804,融合付与-撃退防御,付与をアンロックする。,@Null@
12805,融合付与-虚弱,付与をアンロックする。,@Null@
12806,融合付与-遠距離吸血,付与をアンロックする。,@Null@
12807,融合付与-冷凍,付与をアンロックする。,@Null@
12808,融合付与-暗保護,付与をアンロックする。,@Null@
12809,@Null@,@Null@,@Null@
12810,@Null@,@Null@,@Null@
12811,@Null@,@Null@,@Null@
12812,@Null@,@Null@,@Null@
12813,@Null@,@Null@,@Null@
12814,@Null@,@Null@,@Null@
12815,@Null@,@Null@,@Null@
12816,@Null@,@Null@,@Null@
12817,@Null@,@Null@,@Null@
12818,@Null@,@Null@,@Null@
12819,@Null@,@Null@,@Null@
12820,バスケットシャツ,所持しているとバスケットボール操作モードに入れる。#rボールを保持していない状態では#c0aba1d左キー#nでスティール、#c0aba1d右キー#nを長押ししてブロック、#c0aba1dスペースキー#nでシュートブロック。#rボールを保持している状態では#c0aba1d左キー#nでパス、#c0aba1d右キー#nを長押ししてシュート、#c0aba1dスペースキー#nでダッシュ。,@Null@
12821,サッカーシャツ,所持しているとサッカー操作モードに入れる。#rボールを保持していない状態では#c0aba1d左キー#nでタックル、#c0aba1d右キー#nでスライディング。#rボールを保持している状態では#c0aba1d左キー#nでシュート、#c0aba1d右キー#nでループ；全てチャージが可能。,@Null@
12822,衝天大砲,使用後自動的に背中に装備され、#c0aba1d照星の方向に#n向かって飛行を始める。#r飛行中にジャンプキーを押せばさらに加速できる。#r#c0aba1dゲーム内の行為を決してマネしないでください#n,
12823,大きな十字爆弾,使用後、#c0aba1d足元に#n爆弾を設置すると、3秒後に十字型に爆発する。爆発距離は6マス。,地下牢の宝箱を開けると一定の確率で入手できる。
12824,小さな十字爆弾,使用後、#c0aba1d足元に#n爆弾を設置すると、3秒後に十字型に爆発する。爆発距離は3マス。,地下牢の宝箱を開けると一定の確率で入手できる。
12825,大きな指向性爆弾,使用後、#c0aba1d足元に#n爆弾を設置すると、3秒後に直線型に爆発する。爆発距離は7マス。,地下牢の宝箱を開けると一定の確率で入手できる。
12826,小さな指向性爆弾,使用後、#c0aba1d足元に#n爆弾を設置すると、3秒後に直線型に爆発する。爆発距離は4マス。,地下牢の宝箱を開けると一定の確率で入手できる。
12827,空気風船,カラフルな装飾品。#rクリックして使用すると設置できる。設置後それをクリックすると破裂する。,こどもの日イベント期間に子供の日の商人から購入。
12828,カラフル風船,クリックして使用すると飛ばすことができる。飛ばした後それをクリックすると破裂する。,アニバーサリーイベント期間に周年限定の商人から購入。
12829,手持ち花火,手に持って火をつける花火。クリックして使用すると火がつく。,@Null@
12830,スカイランタン,使用後飛ばすことができる。#r天に昇った後一定の確率でハート形の花火を発動する。,@Null@
12831,小さなスター花火,セーブデータ内に取り出して使用：きらびやかな花火が天空に発射される。さらに合計10スターの経験値がドロップする。,@Null@
12832,大きなスター花火,セーブデータ内に取り出して使用：きらびやかな花火が天空に発射される。さらに合計50スターの経験値がドロップする。,@Null@
12833,晴雨花火,使用後、きらびやかな花火が天空に発射される。さらに付近の#c0aba1d晴雨状態#nを変化させる。#rセーブデータ内に取り出して使用しなければならない。,@Null@
12834,昼夜花火,使用後、きらびやかな花火が天空に発射される。さらに付近の#c0aba1d昼夜モード#nを変化させる。#rセーブデータ内に取り出して使用しなければならない。,@Null@
12835,モンスター禁止花火,使用後、きらびやかな花火が天空に発射される。#c0aba1d付近の全てのモンスター#nを怯えさせ、出現させなくする。もう一度使用するとモンスターが復活する。#rセーブデータ内に取り出して使用しなければならない。,@Null@
12836,赤色新年花火,使用後正面に飛んで行く、年獣にあたると怯え状態になる。福の玉と合成すると年獣エッグとなる。,春節イベント期間に春節商人から購入。
12837,紫色新年花火,使用後正面に飛んで行く、年獣にあたると怯え状態になる。福の玉と合成すると年獣エッグとなる。,春節イベント期間に春節商人から購入。
12838,緑色新年花火,使用後正面に飛んで行く、年獣にあたると怯え状態になる。福の玉と合成すると年獣エッグとなる。,春節イベント期間に春節商人から購入。
12839,祭日福袋,開くとランダムで報酬が獲得できる。幸運を祈ります。,@Null@
12840,新春ギフトパック,開くと春節ギフトが獲得できます。,@Null@
12841,春節ギフトパック,開くと春節ギフトが獲得できます。,@Null@
12842,元日大型ギフトパック,倉庫で使用：ギフトが数点獲得できる。明けましておめでとう。,@Null@
12843,ハロウィンカーニバルギフトパック,倉庫で使用：ギフトが数点獲得できる。ハロウィンカーニバルに参加しましょう。,@Null@
12844,ハロウィンハッピーギフトパック,倉庫で使用：ギフトが数点獲得できる。ハロウィンカーニバルに参加しましょう。,@Null@
12845,夏休み大型ギフトパック,倉庫で使用：ギフトが数点獲得できる。,@Null@
12846,夏休み大型ギフトパック,倉庫で使用：ギフトが数点獲得できる。,@Null@
12847,ミニ大型ギフトパック,倉庫で使用：ギフトが数点獲得できる。,@Null@
12848,ミニ大型ギフトパック,倉庫で使用：ギフトが数点獲得できる。,@Null@
12849,学校再開大型ギフトパック,倉庫で使用：ギフトが数点獲得できる。,@Null@
12850,新春ギフトパック,倉庫で使用：ギフトが数点獲得できる。,@Null@
12851,ハッピーギフトパック,倉庫で使用：不思議なギフトが1点獲得できる。,@Null@
12852,春節ご祝儀,謹賀新年。倉庫で開いて運試しをしましょう～,@Null@
12853,WeChat専用ギフトパック,倉庫で使用すると、一定の確率で永久限定スキン、ムササビのカケラなどレア報酬が出現するよ～,@Null@
12854,WeChat専用オフィシャルギフトパック,ギフトパックを開けて運試し、斉天小聖の永久スキンを獲得できることがある。,@Null@
12855,サプライズギフトパック,倉庫で使用：ランダムでゲーム内のサプライズギフトが1点獲得できる永久スキン。Lv.2マウントなどのビッグボーナスも！,@Null@
12856,改名カード,ニックネームを無料で1回変更,@Null@
12857,スター福袋,使用：1～3スター獲得（セーブデータマップ内に取り出して使用）,@Null@
12858,カムバックギフトパック,倉庫で使用：ランダムでゲームアイテムが1点獲得できる（永久ドレスアップが出ることもある）,@Null@
12859,誕生日ケーキ,倉庫で使用：ミステリーギフトを受け取る,@Null@
12860,ギフトパック,今すぐ最新バージョンをダウンロードしましょう！,@Null@
12900,新春ギフト1,倉庫で使用：Miniwan公式からの4点のギフトを獲得。,@Null@
12901,新春ギフト2,倉庫で使用：運営からの4点のギフトを獲得。,@Null@
12902,新春ギフト3,倉庫で使用：4399からの4点のギフトを獲得。,@Null@
12903,新春ギフトパック,倉庫で使用：Aligamesからの4点のギフトを獲得。,@Null@
12904,新春ギフトパック,倉庫で使用：HUAWEIからの4点のギフトを獲得。,@Null@
12905,新春ギフトパック,倉庫で使用：Baiduからの4点のギフトを獲得。,@Null@
12906,新春ギフトパック,倉庫で使用：MEIZUからの4点のギフトを獲得。,@Null@
12907,新春ギフトパック,倉庫で使用：Xiaomiからの4点のギフトを獲得。,@Null@
12908,新春ギフトパック,倉庫で使用：OPPOからの4点のギフトを獲得。,@Null@
12909,新春ギフトパック,倉庫で使用：360からの4点のギフトを獲得。,@Null@
12910,新春ギフトパック,倉庫で使用：Tencentからの4点のギフトを獲得。,@Null@
12911,新春ギフトパック,倉庫で使用：KuGouからの4点のギフトを獲得。,@Null@
12912,新春ギフトパック,倉庫で使用：Gioneeからの4点のギフトを獲得。,@Null@
12913,新春ギフトパック,倉庫で使用：ViVOからの4点のギフトを獲得。,@Null@
12914,新春ギフトパック,倉庫で使用：楽視からの4点のギフトを獲得。,@Null@
12915,国慶節独占ギフトボックス,"さわやかな秋空の国慶節、国を挙げてお祝いします。
 使用：国慶節ギフト数点を獲得。一緒に国慶節を過ごしましょう～",@Null@
12916,国慶節特権ギフトボックス,"さわやかな秋空の国慶節、国を挙げてお祝いします。
 使用：国慶節ギフト数点を獲得。一緒に国慶節を過ごしましょう～",@Null@
12917,国慶節初心者ギフトボックス,"さわやかな秋空の国慶節、国を挙げてお祝いします。
 使用：国慶節ギフト数点を獲得。一緒に国慶節を過ごしましょう～",@Null@
12918,国慶節大型ギフトボックス,"さわやかな秋空の国慶節、国を挙げてお祝いします。
 使用：国慶節ギフト数点を獲得。一緒に国慶節を過ごしましょう～",@Null@
12919,国慶節ギフトボックス,使用：国慶節ギフト数点を獲得。一緒に国慶節を過ごしましょう～,@Null@
12920,勇敢な少年のギフトボックス,使用：国慶節フォーラムイベント、楽曲報道の報酬を獲得。,@Null@
12921,勤勉な少年のギフトボックス,使用：国慶節フォーラムイベント、レス返信イベントの報酬を獲得。,@Null@
12922,誉れ高き少年のギフトボックス,使用：国慶節フォーラムイベント、風景写真アップの報酬を獲得。,@Null@
12923,ワールド防衛者ギフトボックス,使用：国慶節フォーラムイベント、神業の報酬を獲得。,@Null@
12924,熱心なドラゴン殺しギフトボックス,使用：国慶節フォーラムイベント、人材集めの報酬を獲得。,@Null@
12925,ワールド建築士ギフトボックス,使用：国慶節フォーラムイベント、人材集めの高級報酬を獲得。,@Null@
12926,画龍点睛ギフトボックス,使用：国慶節フォーラムイベント、称号収集の報酬を獲得。,@Null@
12927,特級建築士ギフトボックス,使用：国慶節フォーラムイベント、達成イベントの報酬を獲得。,@Null@
12928,ミニビーン1袋,使用：ミニビーンを獲得。,@Null@
12929,クリスマス豪華ギフトパック,使用：11.11ハッピーギフトを獲得。,@Null@
12930,クリスマス、元旦ギフトボックス,使用：心を込めて準備したクリスマス、元旦ギフトを獲得。,@Null@
12931,リトル・フォーチュン,イベントショップ内、ボーナスを交換できます,@Null@
12932,投票券,国宝復刻試合の投票券,@Null@
12933,音符,音符ショップ内、ボーナスを交換できます,@Null@
12934,サーフカード,@Null@,@Null@
12935,希望の火,ランタンを照らすマストアイテム,@Null@
12936,@Null@,@Null@,@Null@
12937,@Null@,@Null@,@Null@
12938,ニワトリの卵,ケーキを作るために必要な材料,
12939,@Null@,@Null@,@Null@
12940,@Null@,@Null@,@Null@
12941,@Null@,@Null@,@Null@
12942,@Null@,@Null@,@Null@
12943,謎の破片,イベントショップで様々な報酬を交換できます,
12944,引換券,イベントショップで様々な報酬を交換できます,
12945,ちまき,イベントショップでは様々な報酬と交換できる,
12948,原始人ギフトパック,倉庫で使用：ランダムで原始人キャラクターのパズルを獲得。,@Null@
12949,ミニ大型ギフトパック,倉庫で使用：族長交換アイテムまたはドレスアップカードが獲得できる。,@Null@
12950,原始ブレスレット,この破片は失効しました。回収するか、#cfa7a0f特長破片#nと交換するかにしてください,
12951,ボーンヘアピン,この破片は失効しました。回収するか、#cfa7a0f特長破片#nと交換するかにしてください,
12952,ボーンネックレス,この破片は失効しました。回収するか、#cfa7a0f特長破片#nと交換するかにしてください,
12953,羽の髪飾り,この破片は失効しました。回収するか、#cfa7a0f特長破片#nと交換するかにしてください,
12954,ベア爆弾,この破片は失効しました。回収するか、#cfa7a0f特長破片#nと交換するかにしてください,
12955,ベレー帽,この破片は失効しました。回収するか、#cfa7a0f特長破片#nと交換するかにしてください,
12956,リッププリント,この破片は失効しました。回収するか、#cfa7a0f特長破片#nと交換するかにしてください,
12957,蝶結び,この破片は失効しました。回収するか、#cfa7a0f特長破片#nと交換するかにしてください,
12958,ゴーグル,この破片は失効しました。回収するか、#cfa7a0f特長破片#nと交換するかにしてください,
12959,冒険家の帽子,この破片は失効しました。回収するか、#cfa7a0f特長破片#nと交換するかにしてください,
12960,スキンカード,スキンを購入できる。ログインボーナス&ホーム果実で獲得できる,
12961,スキンギフト,倉庫で使用：ランダムで一定数のスキンカードを獲得する。スキンカードはスキンを購入できる。,
12962,たまたま福袋,倉庫で使用：ランダムで2つの生物エッグを獲得。,@Null@
12963,スターギフトボックス,使用：5スター獲得。（セーブデータマップ内に取り出して使用）,@Null@
12964,伝送の巻物,使用：家の位置に瞬間移動する。（セーブデータマップ内に取り出して使用）,@Null@
12965,伝送の巻物の束,使用：伝送の巻物3本獲得。（セーブデータマップ内に取り出して使用）,@Null@
12966,ミニシャイニングギフトパック,倉庫で使用：ミニワールド運営部からのギフトを獲得。,@Null@
12967,ミニファンギフトパック,倉庫で使用：ミニワールド運営部からのギフトを獲得。,@Null@
12968,新作ゲーム予約豪華ギフトパック,倉庫で使用：ミニワールド運営部からのギフトを獲得。,@Null@
12969,クリスマス大型ギフトパック,倉庫で使用：ギフトが数点獲得できる。,@Null@
12970,クリスマスギフトパック,倉庫で使用：ギフトが数点獲得できる。,@Null@
12971,WeChat公式アカウント専用ギフトパック,倉庫で使用：ミニワールド運営部からのギフトを数点獲得。,@Null@
12972,プレイヤーファン貢献達成ギフトパックLv.1,倉庫で使用：ミニワールド運営部からのギフトを獲得。,@Null@
12973,プレイヤーファン貢献達成ギフトパックLv.2,倉庫で使用：ミニワールド運営部からのギフトを獲得。,@Null@
12974,プレイヤーファン貢献達成ギフトパックLv.3,倉庫で使用：ミニワールド運営部からのギフトを獲得。,@Null@
12975,プレイヤーファン貢献達成ギフトパックLv.4,倉庫で使用：ミニワールド運営部からのギフトを獲得。,@Null@
12976,iOS限定無料大型ギフトパック,倉庫で使用：ギフトが数点獲得できる。,@Null@
12977,新春ギフトパック,倉庫で使用：ギフトが数点獲得できる。,@Null@
12978,新春大型ギフトパック,倉庫で使用：ギフトが数点獲得できる。,@Null@
12979,新春豪華ギフトパック,倉庫で使用：ギフトが数点獲得できる。,@Null@
12980,新春ミニビーン,倉庫で使用：ランダムでミニビーンをいくつか獲得。,@Null@
12981,パンダー（1日）,使用：ドレスを一日間にロック解除します。ドレスを既に永久にロック解除していれば、ミニビーンのギフトを！,
12982,元宵ギフトパック,倉庫で使用：ギフトが数点獲得できる。,@Null@
12983,新年ギフトパック,倉庫で使用：ギフトが数点獲得できる。,@Null@
12984,新年大型ギフトパック,倉庫で使用：ギフトが数点獲得できる。,@Null@
12985,新年豪華ギフトパック,倉庫で使用：ギフトが数点獲得できる。,@Null@
12986,思いやりギフトパック,倉庫で使用：ギフトが数点獲得できる。,@Null@
12987,思いやり大型ギフトパック,倉庫で使用：ギフトが数点獲得できる。,@Null@
12988,ドレスアップ体験ギフトパック,倉庫で使用：ランダムで1日ドレスアップ体験カードを獲得。,@Null@
12989,慕容笑天（1日）,使用：ドレスを一日間にロック解除します。ドレスを既に永久にロック解除していれば、ミニビーンのギフトを！,
12990,羽姫（1日）,使用：ドレスを一日間にロック解除します。ドレスを既に永久にロック解除していれば、ミニビーンのギフトを！,
12991,荒野の狩人スノー（1日）,使用：ドレスを一日間にロック解除します。ドレスを既に永久にロック解除していれば、ミニビーンのギフトを！,
12992,ジングルベル（1日）,使用：ドレスを一日間にロック解除します。ドレスを既に永久にロック解除していれば、ミニビーンのギフトを！,
12993,ドラキュラ6世（1日）,使用：ドレスを一日間にロック解除します。ドレスを既に永久にロック解除していれば、ミニビーンのギフトを！,
12994,墨家の飛君（1日）,使用：ドレスを一日間にロック解除します。ドレスを既に永久にロック解除していれば、ミニビーンのギフトを！,
12995,アニー（1日）,使用：ドレスを一日間にロック解除します。ドレスを既に永久にロック解除していれば、ミニビーンのギフトを！,
12996,ジョージ（1日）,使用：ドレスを一日間にロック解除します。ドレスを既に永久にロック解除していれば、ミニビーンのギフトを！,
12997,瑠璃ちゃん（1日）,使用：ドレスを一日間にロック解除します。ドレスを既に永久にロック解除していれば、ミニビーンのギフトを！,
12998,ミジラ（1日）,使用：ドレスを一日間にロック解除します。ドレスを既に永久にロック解除していれば、ミニビーンのギフトを！,
12999,バニービューティー（1日）,使用：ドレスを一日間にロック解除します。ドレスを既に永久にロック解除していれば、ミニビーンのギフトを！,
13000,斉天小聖（1日）,使用：ドレスを一日間にロック解除します。ドレスを既に永久にロック解除していれば、ミニビーンのギフトを！,
13001,花小桜（1日）,使用：ドレスを一日間にロック解除します。ドレスを既に永久にロック解除していれば、ミニビーンのギフトを！,
13002,程錦衣（1日）,使用：ドレスを一日間にロック解除します。ドレスを既に永久にロック解除していれば、ミニビーンのギフトを！,
13003,スイートハートのマリー（1日）,使用：ドレスを一日間にロック解除します。ドレスを既に永久にロック解除していれば、ミニビーンのギフトを！,
13004,黒帽船長ティーチ（1日）,使用：ドレスを一日間にロック解除します。ドレスを既に永久にロック解除していれば、ミニビーンのギフトを！,
13005,西部ローズのルシー（1日）,使用：ドレスを一日間にロック解除します。ドレスを既に永久にロック解除していれば、ミニビーンのギフトを！,
13006,チアリーダーのクレール（1日）,使用：ドレスを一日間にロック解除します。ドレスを既に永久にロック解除していれば、ミニビーンのギフトを！,
13007,バスケキャプテンのルーカス（1日）,使用：ドレスを一日間にロック解除します。ドレスを既に永久にロック解除していれば、ミニビーンのギフトを！,
13008,西部警長-ジョイ（1日）,使用：ドレスを一日間にロック解除します。ドレスを既に永久にロック解除していれば、ミニビーンのギフトを！,
13009,月無雙（1日）,使用：ドレスを一日間にロック解除します。ドレスを既に永久にロック解除していれば、ミニビーンのギフトを！,
13010,リリス（1日）,使用：ドレスを一日間にロック解除します。ドレスを既に永久にロック解除していれば、ミニビーンのギフトを！,
13011,砂漠の商人,地面をタッチして、砂漠の商人を召喚できる。,
13012,氷原の商人,地面をタッチして、氷原の商人を召喚できる。,
13013,ホーリーエッグ,地面をクリックしてサンタ商人を召喚する。セーブデータに取り出して使用,@Null@
13014,ニューイヤーエッグ,地面をクリックして元日商人を召喚する。セーブデータに取り出して使用,@Null@
13015,フォーチュンエッグ,地面をクリックして春節商人を召喚する。セーブデータに取り出して使用,@Null@
13016,アニバーサリーエッグ,地面をクリックして周年商人を召喚する。セーブデータに取り出して使用,@Null@
13017,子供の日エッグ,地面をクリックして子供の日の商人を召喚する。セーブデータに取り出して使用,@Null@
13018,宇宙の商人,地面をタッチして、宇宙の商人を召喚できる。,
13019,空島の商人,地面をタッチして、空島の商人を召喚できる。,
13020,ゲームのバージョンが古すぎます,今すぐ最新バージョンをダウンロードしましょう！,@Null@
13021,パンダー（永久）,使用：ドレスを永久的にロック解除します。ドレスを既に永久にロック解除していれば、ミニビーンのギフトを！,
13022,斉天小聖（永久）,使用：ドレスを永久的にロック解除します。ドレスを既に永久にロック解除していれば、ミニビーンのギフトを！,
13023,バニービューティー（永久）,使用：ドレスを永久的にロック解除します。ドレスを既に永久にロック解除していれば、ミニビーンのギフトを！,
13024,ミジラ（永久）,使用：ドレスを永久的にロック解除します。ドレスを既に永久にロック解除していれば、ミニビーンのギフトを！,
13025,瑠璃ちゃん（永久）,使用：ドレスを永久的にロック解除します。ドレスを既に永久にロック解除していれば、ミニビーンのギフトを！,
13026,ジョージ（永久）,使用：ドレスを永久的にロック解除します。ドレスを既に永久にロック解除していれば、ミニビーンのギフトを！,
13027,アニー（永久）,使用：ドレスを永久的にロック解除します。ドレスを既に永久にロック解除していれば、ミニビーンのギフトを！,
13028,墨家の飛君（永久）,使用：ドレスを永久的にロック解除します。ドレスを既に永久にロック解除していれば、ミニビーンのギフトを！,
13029,ドラキュラ6世（永久）,使用：ドレスを永久的にロック解除します。ドレスを既に永久にロック解除していれば、ミニビーンのギフトを！,
13030,ジングルベル（永久）,使用：ドレスを永久的にロック解除します。ドレスを既に永久にロック解除していれば、ミニビーンのギフトを！,
13031,荒野の狩人スノー（永久）,使用：ドレスを永久的にロック解除します。ドレスを既に永久にロック解除していれば、ミニビーンのギフトを！,
13032,羽姫（永久）,使用：ドレスを永久的にロック解除します。ドレスを既に永久にロック解除していれば、ミニビーンのギフトを！,
13033,慕容笑天（永久）,使用：ドレスを永久的にロック解除します。ドレスを既に永久にロック解除していれば、ミニビーンのギフトを！,
13034,ジョイ-西部警長（永久）,使用：ドレスを永久的にロック解除します。ドレスを既に永久にロック解除していれば、ミニビーンのギフトを！,
13035,バスケキャプテンのルーカス（永久）,使用：ドレスを永久的にロック解除します。ドレスを既に永久にロック解除していれば、ミニビーンのギフトを！,
13036,チアリーダーのクレール（永久）,使用：ドレスを永久的にロック解除します。ドレスを既に永久にロック解除していれば、ミニビーンのギフトを！,
13037,西部ローズのルシー（永久）,使用：ドレスを永久的にロック解除します。ドレスを既に永久にロック解除していれば、ミニビーンのギフトを！,
13038,黒帽船長ティーチ（永久）,使用：ドレスを永久的にロック解除します。ドレスを既に永久にロック解除していれば、ミニビーンのギフトを！,
13039,スイートハートのマリー（永久）,使用：ドレスを永久的にロック解除します。ドレスを既に永久にロック解除していれば、ミニビーンのギフトを！,
13040,程錦衣（永久）,使用：ドレスを永久的にロック解除します。ドレスを既に永久にロック解除していれば、ミニビーンのギフトを！,
13041,花小桜（永久）,使用：ドレスを永久的にロック解除します。ドレスを既に永久にロック解除していれば、ミニビーンのギフトを！,
13042,リリス（永久）,使用：ドレスを永久的にロック解除します。ドレスを既に永久にロック解除していれば、ミニビーンのギフトを！,
13043,月無雙（永久）,使用：ドレスを永久的にロック解除します。ドレスを既に永久にロック解除していれば、ミニビーンのギフトを！,
13044,@Null@,@Null@,@Null@
13045,@Null@,@Null@,@Null@
13046,@Null@,@Null@,@Null@
13047,@Null@,@Null@,@Null@
13048,@Null@,@Null@,@Null@
13049,@Null@,@Null@,@Null@
13050,@Null@,@Null@,@Null@
13080,@Null@,@Null@,@Null@
13094,行商人,地面をクリックして行商人を生成する。,
13095,カカ,地面をタッチして、NPCを生成,
13096,ニィニィ,地面をタッチして、NPCを生成,
13097,大山,地面をタッチして、NPCを生成,
13098,スコット・リー,地面をタッチして、NPCを生成,
13099,ダーウィン・リー,地面をタッチして、NPCを生成,
13100,生物モデル,目標地点に対して使用、対応するカスタマイズ生物を生成。生物モデルブロック上で生成を行う,@Null@
13101,野蛮人戦士,目標地点に使用すると、#c0aba1d野蛮人戦士#nを1体生成できる。#r近接自発攻撃、移動速度が遅い。#r撃破すると経験値、@item_12508#、@item_710#を獲得できる。,
13102,野人ベビー,目標地点に対して使用、1体の#c0aba1d野蛮人ベビー#nを生成。#r近寄ると主動的に攻撃、移動速度は速い。#r倒すと経験値、シソ、サツマイモを獲得。,
13103,萌目シュシュ,目標地点に対して使用、1体の#c0aba1d萌目シュシュ#nを生成。#r遠距離で主動的に攻撃し、追加で#c0aba1d足止めの効果#nがあり、移動速度は遅い。#r倒すと経験値、重力の結晶を獲得。,@Null@
13104,神秘異星人,@Null@,@Null@
13105,野蛮人投槍者,目標地点に使用すると、#c0aba1d野蛮人投槍者#nを1体生成できる。#r遠距離自発攻撃、移動速度が遅い。#r撃破すると経験値、@item_12282#、@item_710#を獲得できる。,
13106,ゲームのバージョンが古すぎます,今すぐ最新バージョンをダウンロードしましょう！,@Null@
13107,コウモリ,目標地点に対して使用、1体の#c0aba1dコウモリ#nを生成。#r近寄ると主動的に攻撃、移動速度は速い。#r倒すと経験値、dコウモリの歯を獲得。,
13108,バージョンが古い,モンスター、毒をもつ,
13109,ばくばくエッグ,目標地点に対して使用、1体の#c0aba1dばくばくエッグ#nを生成。#r近づくと#c0aba1d大爆発する#n。移動速度は遅い。#r倒すと経験値とランダム攻撃ルーンを獲得。,
13110,萌目ディンディン,目標地点に対して使用、1体の#c0aba1d萌目ディンディン#nを生成。#r中距離で受動的に攻撃し、追加で#c0aba1d爆発の効果#nがある。#r倒すと経験値、岩石のカケラを獲得。,@Null@
13111,萌目ドンドン,目標地点に対して使用、1体の#c0aba1d萌目ドンドン#nを生成。#r中距離で主動的に攻撃し、追加で#c0aba1d減速の効果#nがある。#r倒すと経験値、氷の結晶を獲得。,@Null@
13112,萌目ダンダン,目標地点に対して使用、1体の#c0aba1d萌目ダンダン#nを生成。#r近接で主動的に攻撃し、追加で#c0aba1d撃退の効果#nがある。#r倒すと経験値、ポリマーを獲得。,@Null@
13113,萌え目ディンディン,地面をタッチして、萌え目ディンディンを生成できる。,
13114,萌え目ドンドン,地面をタッチして、萌え目ドンドンを生成できる。,
13115,萌え目ポーンポーン,地面をタッチして、萌え目ポーンポーンを生成できる。,
13116,萌え目ピンポーン,地面をタッチして、萌え目ピンポーンを生成できる。,
13117,萌え目ディンドン,地面をタッチして、萌え目ディンドンを生成できる。,
13118,萌え目ドンポーン,地面をタッチして、萌え目ドンポーンを生成できる。,
13119,@Null@,@Null@,@Null@
13120,凶悪な肉屋さん,地面をタッチして、凶悪な肉屋さんを生成できる。,
13121,カカシ,目標地点に対して使用、1体の#c0aba1dカカシ#nを生成。#r動物を威嚇し、作物が荒らされることを防ぐ；作物の成長を早めることも。,@Null@
13122,凶悪な肉屋さん（飼いならす）,地面に対して使用、#c0aba1d凶悪な肉屋さん#nを召喚。#r琥珀を使って、肉屋さんと肉を交換できる。さらに彼を雇うと一定時間動物を退治してくれる。#rセーブデータマップ内に取り出して使用。,メーデーイベントに参加で獲得。
13123,イライラの宇宙人,地面に対して使用、#c0aba1dイライラの宇宙人#nを召喚。叩くとランダムで面白いものをドロップする。#rセーブデータマップ内に取り出して使用。,こどもの日イベントに参加で獲得。
13124,@Null@,@Null@,@Null@
13125,@Null@,@Null@,@Null@
13126,@Null@,@Null@,@Null@
13127,@Null@,@Null@,@Null@
13128,@Null@,@Null@,@Null@
13129,@Null@,@Null@,@Null@
13130,マグマ巨人,近目標地点に対して使用、1体の#c0aba1dマグマ巨人#nを生成。#r寄ると主動的に攻撃、移動速度は遅い。#r倒すと経験値、タールを獲得。,
13131,硫黄射手,目標地点に対して使用、1体の#c0aba1d硫黄射手#nを生成。#r遠距離で主動的に攻撃し、追加で灼熱の効果あり。#r倒すと経験値、メタンハイドレート、火種を獲得。,
13132,混乱射手,地面をタッチして、混乱射手を召喚できる。,
13133,@Null@,@Null@,@Null@
13134,@Null@,@Null@,@Null@
13135,寒霜野蛮人祭司,目標地点に使用すると、#c0aba1d寒霜野蛮人祭司#nを1体生成できる。,
13136,@Null@,@Null@,@Null@
13137,@Null@,@Null@,@Null@
13138,@Null@,@Null@,@Null@
13139,@Null@,@Null@,@Null@
13140,@Null@,@Null@,@Null@
13141,@Null@,@Null@,@Null@
13142,@Null@,@Null@,@Null@
13143,@Null@,@Null@,@Null@
13144,@Null@,@Null@,@Null@
13145,@Null@,@Null@,@Null@
13146,@Null@,@Null@,@Null@
13147,@Null@,@Null@,@Null@
13148,@Null@,@Null@,@Null@
13149,@Null@,@Null@,@Null@
13150,@Null@,@Null@,@Null@
13151,@Null@,@Null@,@Null@
13152,@Null@,@Null@,@Null@
13153,@Null@,@Null@,@Null@
13154,@Null@,@Null@,@Null@
13155,@Null@,@Null@,@Null@
13156,@Null@,@Null@,@Null@
13157,@Null@,@Null@,@Null@
13158,@Null@,@Null@,@Null@
13159,@Null@,@Null@,@Null@
13160,@Null@,@Null@,@Null@
13165,緑の双冠竜,地面をクリックして生物生成,
13166,閻魔の竜,地面をクリックして生物生成,
13167,金冠副栉龙,地面をクリックして生物生成,
13168,赤蓮剣龍,地面をクリックして生物生成,
13169,灰剣ドラゴン,地面をクリックして生物生成,
13170,トリケラトプス-灰色,地面をクリックして生物を生成,
13171,トリケラトプス-茶色,地面をクリックして生物を生成,
13172,トリケラトプス-青色,地面をクリックして生物を生成,
13173,ソードトリケラトプスボス,地面をクリックして生物を生成,
13174,ブラキオサウルス-灰色,地面をクリックして生物を生成,
13175,ブラキオサウルス-黄色,地面をクリックして生物を生成,
13176,ブラキオサウルス-緑色,地面をクリックして生物を生成,
13177,タイタンブラキオサウルスボス,地面をクリックして生物を生成,
13178,プテロダクティルス-赤色,地面をクリックして生物を生成,
13179,プテロダクティルス-灰色,地面をクリックして生物を生成,
13180,プテロダクティルス-紫色,地面をクリックして生物を生成,
13181,風神プテロダクティルスボス,地面をクリックして生物を生成,
13182,パラサウロロフス-緑色,地面をクリックして生物を生成,
13183,パラサウロロフス-青色,地面をクリックして生物を生成,
13184,パラサウロロフス-赤色,地面をクリックして生物を生成,
13185,ヴェロキラプトル-黒色,地面をクリックして生物を生成,
13186,ヴェロキラプトル-青色,地面をクリックして生物を生成,
13187,ヴェロキラプトル-紫色,地面をクリックして生物を生成,
13188,武装ヴェロキラプトルボス,地面をクリックして生物を生成,
13189,ディロフォサウルス-茶色,地面をクリックして生物を生成,
13190,ディロフォサウルス-灰色,地面をクリックして生物を生成,
13191,ステゴサウルス-緑色,地面をクリックして生物を生成,
13192,ステゴサウルス-青色,地面をクリックして生物を生成,
13193,ティラノサウルス,地面をクリックして生物を生成,
13194,狂暴なティラノサウルス,地面をクリックして生物を生成,
13195,残忍なティラノサウルス,地面をクリックして生物を生成,
13196,武装ティラノサウルス,地面をクリックして生物を生成,
13197,メカティラノサウルスボス,地面をクリックして生物を生成,
13198,ボイドソルジャー,地面をクリックして生物を生成,
13199,ドクター・ボイド,地面をクリックして生物を生成,
13204,砂漠の若い男性村人,地面をタッチして、砂漠の若い男性村人を召喚できる。,
13205,砂漠の中年男性村人,地面をタッチして、砂漠の中年男性村人を召喚できる。,
13206,砂漠の若い女性村人,地面をタッチして、砂漠の若い女性村人を召喚できる。,
13207,砂漠の中年女性村人,地面をタッチして、砂漠の中年女性村人を召喚できる。,
13208,砂漠の子供（男）,地面をタッチして、砂漠の子供（男）を召喚できる。,
13209,砂漠の子供（女）,地面をタッチして、砂漠の子供（女）を召喚できる。,
13210,砂漠の普通商人A,地面をタッチして、砂漠の普通商人Aを召喚できる。,
13211,砂漠の普通商人B,地面をタッチして、砂漠の普通商人B村人を召喚できる。,
13212,砂漠の特殊商人,地面をタッチして、砂漠の特殊商人を召喚できる。,
13213,砂漠のガード,地面をタッチして、砂漠のガードを召喚できる。,
13214,漁村の男性村人A,地面をタッチして、漁村の男性村人Aを召喚できる。,
13215,漁村の男性村人B,地面をタッチして、漁村の男性村人Bを召喚できる。,
13216,漁村の女性村人A,地面をタッチして、漁村の女性村人Aを召喚できる。,
13217,漁村の女性村人B,地面をタッチして、漁村の女性村人Bを召喚できる。,
13218,漁村の子供（男）,地面をタッチして、漁村の子供（男）を召喚できる。,
13219,漁村の子供（女）,地面をタッチして、漁村の子供（女）を召喚できる。,
13220,海賊略奪者,地面をタッチして、海賊略奪者を召喚できる。,
13221,海賊ハンター,地面をタッチして、海賊ハンターを召喚できる。,
13222,海賊商人,地面をタッチして、海賊商人を召喚できる。,
13223,海島商人,地面をタッチして、海島商人を召喚できる。,
13224,海の精霊ガード,水中に使うと、#c0aba1d海の精霊ガード#nを生成します。倒すと、経験値とガードの心を入手します。,
13225,海賊船（小）,水面に使うと、海賊船（小）を生成します。,
13226,海賊船（中）,水面に使うと、海賊船（中）を生成します。,
13227,海賊船（大）,水面に使うと、海賊船（大）を生成します。,
13228,爆弾船,水面に使うと、爆弾船を生成します。,
13229,レジェンドの漁師,地面に使うと、レジェンドの漁師を生成します。,
13230,ドリフトボトル（生物）,地面に使うと、ドリフトボトル（生物）を生成します。,
13231,ドリフトボトル（生物）,地面に使うと、ドリフトボトル（生物）を生成します。,
13232,小さいドリフトボトル（生物）,地面に使うと、小さいドリフトボトル（生物）を生成します。,
13233,生物エッグ-氷原村人,目標地点に使用すると、#c0aba1d氷原村人#nを1体生成できる。,
13234,生物エッグ-氷原スカル,目標地点に使用すると、#c0aba1d氷原スカル#nを1体生成できる。,
13244,生物の卵-ボイド・団子,#c0aba1dボイド系#n、ターゲット地点に使うと#c0aba1dボイド・団子#nを1体生成する。#r#c0aba1d風船ガム#nを使うと確率で飼い馴らして#c0aba1dマウント#nにする。#r飼い馴らした後はそのボイドエネルギーを消費して#c0aba1d転送ゲート#nを使える。#r撃破で獲得できるアイテムは@item_200422#、@item_12576#、@item_12287#を含む。,
13246,生物の卵-ボイド・ツノジカ,#c0aba1dボイド草食系#n、ターゲット地点に使うと#c0aba1dボイド・ツノジカ#nを1体生成する。#r@item_200411#を使うと確率で飼い馴らして#c0aba1dマウント#nにする。#r飼い馴らした後はそのボイドエネルギーを消費して#c0aba1d連続で2回ジャンプ#nできる。#r撃破で獲得できるアイテムは@item_200422#を含む。,
13248,生物の卵-ボイド・キツネ,#c0aba1dボイド肉食系#n、ターゲット地点に使うと尻尾の数がランダムの#c0aba1dボイド・キツネ#nを1体生成する。#r@item_12052#を使うと確率で飼い馴らして#c0aba1d仲間#nにする。#r飼い馴らした後、毎回攻撃する時にそのボイドエネルギーを消費する。#r撃破で獲得できるアイテムは@item_200422#、@item_11307#を含む。,
13254,生物の卵-ボイド・雪兎,#c0aba1dボイド草食系#n、ターゲット地点に使うと#c0aba1dボイド・雪兎#nを1体生成する。色を除けば普通の雪兎と違いはない。#r撃破で獲得できるアイテムは@item_200422#、@item_12623#を含む。,
13255,生物の卵-ボイド・蝶々,#c0aba1dボイド系#n、ターゲット地点に使うと#c0aba1dボイド・蝶々#nを1体生成する。雑草を色んな花に変えられる。,
13261,生物の卵-ボイド・サイ,#c0aba1dボイド草食系#n、ターゲット地点に使うと#c0aba1dボイド・サイ#nを1体生成する。#r@item_12500#を使うと確率で飼い馴らして#c0aba1dマウント#nにする。#r飼い馴らした後はそのボイドエネルギーを消費して#c0aba1d前方にダッシュ#nできるけど、ブロックにぶつからないように注意してください。#r撃破で獲得できるアイテムは@item_200422#、@item_11307#を含む。,
13263,ボイド・クラゲ,#c0aba1dボイド系#n、水中で使うと#c0aba1dボイド・クラゲ#nを1体生成する。色を除けば普通のクラゲと違いはない。#r撃破で獲得できるアイテムは@item_200422#、@item_12719#を含む。,
13264,生物の卵-ボイド・砂漠のオオカミ,#c0aba1dボイド系#n、ターゲット地点に使うと#c0aba1dボイド・砂漠のオオカミ#nを1体生成する。ボイドの力を受けて攻撃欲望がより高まっている。#r撃破で獲得できるアイテムは@item_200422#、@item_11307#を含む。,
13266,ボイド・サメ,#c0aba1dボイド系#n、水中で使うと#c0aba1dボイド・サメ#nを1体生成する。ボイドの力を受けて攻撃欲望がより高まっている。#r撃破で獲得できるアイテムは@item_200422#、@item_12065#、@item_12066#を含む。,
13267,生物の卵-ボイド・コウモリ,#c0aba1dボイド系#n、ターゲット地点に使うと#c0aba1dボイド・コウモリ#nを1体生成する。ボイドの力を受けて攻撃欲望がより高まっている。#r撃破で獲得できるアイテムは@item_11914#を含む。,
13268,生物の卵-ボイド・ヒョウ,#c0aba1dボイド系#n、ターゲット地点に使うと#c0aba1dボイド・ヒョウ#nを1体生成する。ボイドの力を受けて攻撃欲望がより高まっている。#r撃破で獲得できるアイテムは@item_200422#、@item_11602#を含む。,
13269,ボイド海賊船（小）,#c0aba1dボイド系#n、水面に使うと、#c0aba1dボイド海賊船（小）#nを1艘生成する。ボイドの力を受けて攻撃欲望がより高まっている。,
13270,生物の卵-ボイド・ホタル,#c0aba1dボイド系#n、ターゲット地点に使うと#c0aba1dボイド・ホタル#nを1体生成する。色を除けば普通のホタルと違いはない。,
13272,ボイド海賊船（中）,#c0aba1dボイド系#n、水面に使うと、#c0aba1dボイド海賊船（中）#nを1艘生成する。ボイドの力を受けて攻撃欲望がより高まっている。,
13273,ボイド海賊船（大）,#c0aba1dボイド系#n、水面に使うと、#c0aba1dボイド海賊船（大）#nを1艘生成する。ボイドの力を受けて攻撃欲望がより高まっている。,
13400,生き物の卵-ドゥドゥ鳥,#c0aba1d草食性鳥綱類#n、目標地点に使用、#c0aba1dブツブツを生成#n、@item_11534#に惹かれるが、#c0aba1d特別な行為はない#n。#r幼いブツブツを#c0aba1d2回食べる#n@item_11534#成長できる。#r成鳥ブツブツを#c0aba1d1回食べる#n@item_11534#@item_1019#で繁殖できる。#r倒すと獲得できるアイテムは@item_12518#、@item_11303#。,
13401,生物卵-ウォウォモン,#c0aba1d草食性哺乳類#n、目的地に使用、#c0aba1dウォーモンを生成#n、@item_11534#に引き寄せられる。#r@item_12500#は一定の確率で#c0aba1d飼いならすことができる#nそれはあなたの#c0aba1dの乗り物になる#n。#r幼いウォーモンは#c0aba1d2回食べることができる#。_11534#は成長できる。#r2匹の成獣ウォーモンはそれぞれ#c0aba1d1回食べることができる#n@item_11534#は@item_822#の近くで繁殖できる。#r倒すと獲得できるアイテムは@item_12516#、@item_11307#n@item,
13402,生物卵-ダンダン,#c0aba1d雑食性哺乳類#n、目標場所に使用、#c0aba1dを生成#n、#c0aba1d飼料#nに引き付けられる。#r給餌@item_236#一定の確率で@item_11311#。#r幼年の墩墩が#c0aba1d2回飼料を食べ#n成長。#r2匹の成人の墩墩がそれぞれ#c0aba1d1回飼料を食べ#n@item_822#付近で繁殖できる。#r敗北後に獲得できるアイテムは@item_12522#。,
13403,生物卵-角鹿,#c0aba1d草食性哺乳類#n、目的地に使用、#c0aba1d角鹿を生成#n、@item_11534#に引き寄せられる。#r@item_228#に餌を与えることで@item_12509#。#r幼い角鹿が#c0aba1d2回食べられる#n@item_11534#成長できる。#r成体の角鹿2匹がそれぞれ#c0aba1d1回食べられる#n@item_11534#@item_822#の近くで繁殖できる。#r倒すと手に入るアイテムは@item_12530#。,
13404,生物エッグ-ウマ,目標地点に対して使用、1体の#c0aba1dウマ#nを生成。 #r#c0aba1d角スイカ実#nを使用して、#c0aba1d飼いならす#nに一定のチャンスを与え、#c0aba1dマウント#nになれる。#r子ダチョウに#c0aba1d1回#n餌をあげると#c0aba1d成长できます#n。#r二つ成年のダチョウ#c0aba1d2回#n餌をあげると、#c0aba1d繁殖することができる#n。#r倒すと#c0aba1d経験値、皮革#nを獲得。,
13407,生き物の卵-キツネ,#c0aba1d肉食性哺乳類#n、目標場所に使用、#c0aba1dキツネを生成#n、@item_11535#に引き寄せられる。#r@item_12052##c0aba1d飼いならされる可能性がある#n#c0aba1dの仲間になる#n。#r幼いキツネが#c0aba1d2回食べる#。_11535#成長できる。#r2匹の成猫がそれぞれ#c0aba1d1回食べる#n@item_11535#@item_822#の近くで繁殖できる。#r倒すと手に入るアイテムは@item_11307#n@item,
13408,生物エッグ-霊キツネ,目標地点に対して使用、1体の霊キツネを生成。#rドードー鳥の卵を使いキツネを霊キツネに飼いならすことができる。繁殖可能。#rセーブデータマップ内に取り出して使用できます。,
13409,生き物の卵-ペンギン,#c0aba1d肉食性鳥綱類#n、目標地点に使用、#c0aba1dペンギンを生成#n、@item_11535#に惹かれるが、#c0aba1d特別な行為はない#n。#r幼いペンギンが食べる#c0aba1d2回#n@item_11535#成長できる。#r成鳥が食べる#c0aba1d1回#n@item_11535#@item_1019#で繁殖できる。#r倒すと獲得できるアイテムは@item_12520#。,
13410,@Null@,@Null@,@Null@
13411,生き物の卵-野生のダチョウ,。雑食性鳥綱類#r、目標場所に使用、。野生ダチョウを生成#n、#c0aba1d飼料#nに引き付けられる。#r使用@item_12508#は一定の確率で#c0aba1d飼いならす#nそれはあなたの#c0aba1d乗り物になる#n。#r幼い野生ダチョウが食べる#c0aba1d2回飼料#n成長できる。#r成鳥の野生ダチョウが食べる#c0aba1d1回飼料#n@item_1019#の近くで繁殖できる#c0aba1d#n倒すと獲得できるアイテムは@item_12607#、@item_11303##c0aba1d,
13412,生き物の卵-野生の氷のクマ,#c0aba1d肉食哺乳類#n、目的地に使用、#c0aba1d野生の氷熊を生成#n、@item_11535#に惹かれる。#r@item_12520#、@item_12703#または@item_12704#を使用すると、一定の確率で#c0aba1d飼いならすことができ#nそれはあなたの#c0aba1d乗り物になる#n。#r幼い野生の氷熊が#c0aba1d2回食べる#。_11535#成長できる。#r2匹の成体の野生の氷熊がそれぞれ#c0aba1d1回食べる#n@item_11535#@item_822#の近くで繁殖できる。#r倒すと手に入るアイテムは@item_11307#n@item,
13413,生き物の卵-野生のスピードドラゴン,#c0aba1d肉食性哺乳類#n、目的地に使用、#c0aba1d野生速龍#nを生成し、@item_11535#に惹かれ。#r使用@item_12543#は一定の確率で#c0aba1d飼いならすことができる#nそれはあなたの#c0aba1d乗り物になる#n。#r幼年の野生速龍は#c0aba1d2回食べることができる#。_11535#は成長できる。#r2匹の成熟した野生速龍はそれぞれ#c0aba1d1回食べることができる#n@item_11535#は@item_822#の近くで繁殖できる。#r倒すと獲得できるアイテムは@item_11307#n@item,
13414,生物卵-野生だんご,目標地点に使用し、#c0aba1d野生団子#nを生成し、#c0aba1d飼育できない#n。#r使用#c0aba1dバブルガム#n一定確率で飼いならして#c0aba1d乗り物になる#n。#r倒すと獲得できるアイテムは@item_12576#、@item_12287#。,
13415,団子,目標地点に対して使用、1体の#c0aba1d団子#nを生成。#r懐かせ可能、繁殖不可。騎乗後、ジャンプして着地するときにまたジャンプすればより高く飛べる。#r倒すと経験値、バブルガム、あわあわボールを獲得。,@Null@
13416,生き物の卵-野生のパンダ,#c0aba1d草食性#n、目的の場所に使用、#c0aba1d野生パンダを生成#n、@item_11534#に引き寄せられる、#c0aba1dが繁殖できない#n。#r@item_251#は#c0aba1d飼いならされる可能性がある#nそれはあなたの#c0aba1dパートナーになる#n。#r飼いならされたパンダに餌を与える@item_251#獲得できるアイテムは@item_11312#。,
13417,パンダ,目標地点に対して使用、1体の#c0aba1dパンダ#nを生成。#rセーブデータマップ内に取り出して使用,@Null@
13418,蜂,目標地点に使用し、#c0aba1dミツバチ#nを生成し、#c0aba1d飼育できない#n。は@item_300#と@item_11228#に引き寄せられ、@item_11228#を持つプレイヤーの#c0aba1dになる#n。#r倒すと獲得できるアイテムは@item_11313#。,
13419,蛍,目的地に使用、#c0aba1dホタルを生成#n、#c0aba1d飼育不可#n。#r@item_12511#に引き寄せられる。,
13420,サッカーボール,使用後、目標地点に1体のサッカーボールを生成。#r#c0aba1d物理特性#nを有する。ブロックにあたると跳ね返り、表面はざらざらしているが弾力性がある。#r#c0aba1d剣#nで除去可能。,
13421,バイオ卵-フライングチキン,#c0aba1d草食性鳥綱類#n、目標場所に使用、#c0aba1d飛鶏を生成#n、@item_11534#に惹かれる。#r@item_12601#は一定の確率で#c0aba1d飼いならすことができる#nそれはあなたの#c0aba1dの乗り物になる#n。#r幼い飛鶏は#c0aba1d2回食べることができる#n@item_11534#は成長できる。2匹の成鳥はそれぞれ#c0aba1d1回食べることができる#n@item_11534#は@item_1019#の近くで繁殖できる。#r倒すと獲得できるアイテムは@item_11606#、@item_11303#、@item_11067#。,
13423,クリーチャーエッグ-バトルチキン,#c0aba1d草食性鳥綱類#n、目標場所に使用、#c0aba1d戦闘鶏を生成#n、@item_11534#に引き寄せられるが、#c0aba1d特別な行為はない#n。#r幼い戦闘鶏を#c0aba1d2回食べる#n@item_11534#成長できる。2匹の成鳥をそれぞれ#c0aba1d1回食べる#n@item_11534#@item_1019#の近くで繁殖できる。#r倒すと獲得できるアイテムは@item_11603#、@item_11303#、@item_11068#。,
13424,クリーチャーエッグ-絶叫チキン,目標地点に使用し、#c0aba1d叫び鶏#nを生成し、#c0aba1d飼育#nできず、#c0aba1d特別な行為がない#n。#r倒すと獲得できるアイテムは@item_11303#、@item_11609#、@item_11069#。,
13425,バスケットボール,使用後、目標地点に1体のバスケットボールを生成。#r#c0aba1d物理特性#nを有する。ブロックにあたると跳ね返る。#r#c0aba1d剣#nで除去可能。,
13426,生物エッグ-飼いならされたサイ,目標地点に対して使用、#c0aba1d飼いならされたサイ#nを生成する。,
13427,生物の卵ー飼いならされたダチョウ,ターゲットの場所で使用して、#c0aba1d飼いならされたダチョウ#nを生成する。,@Null@
13428,生物の卵ー飼いならされたアイスベア,ターゲットの場所で使用して、#c0aba1d飼いならされたアイスベア#nを生成する。,@Null@
13429,生物の卵ー飼いならされたヴェロキラプトル,ターゲットの場所で使用して、#c0aba1d飼いならされたヴェロキラプトル#nを生成する。,@Null@
13430,生物の卵ー飼いならされた溶岩カニ,ターゲットの場所で使用して、#c0aba1d飼いならされた溶岩カニ#nを生成する。,@Null@
13431,生物の卵ー飼いならされたスズメ,ターゲットの場所で使用して、#c0aba1d飼いならされたスズメ#nを生成する。,@Null@
13432,生物エッグ-飼いならされた霊キツネ,目標地点に対して使用、#c0aba1d飼いならされたキツネ#nを生成する。,
13433,生物の卵ー飼いならされたサル,ターゲットの場所で使用して、#c0aba1d飼いならされたサル#nを生成する。,@Null@
13434,生物の卵ー飼いならされた戦い鶏,ターゲットの場所で使用して、#c0aba1d飼いならされた戦い鶏#nを生成する。,@Null@
13435,生物の卵ー飼いならされた飛び鶏,ターゲットの場所で使用して、#c0aba1d飼いならされた飛び鶏#nを生成する。,@Null@
13436,生物の卵ー飼いならされたロッキー,ターゲットの場所で使用して、#c0aba1d飼いならされたロッキー#nを生成する。,@Null@
13437,生物の卵ー飼いならされたフロスティー,ターゲットの場所で使用して、#c0aba1d飼いならされたフロスティー#nを生成する。,@Null@
13438,生物の卵ー飼いならされたブリー,ターゲットの場所で使用して、#c0aba1d飼いならされたブリー#nを生成する。,@Null@
13439,生物の卵ー野人仲間,ターゲットの場所で使用して、#c0aba1d野人仲間#nを生成する。,
13440,生物の卵ーハンター仲間,ターゲットの場所で使用して、#c0aba1dハンター仲間#nを生成する。,
13441,生物の卵ー野人ベビー仲間,ターゲットの場所で使用して、#c0aba1d野人ベビー仲間#nを生成する。,
13442,生物の卵ー飼いならされた団子,ターゲットの場所で使用して、#c0aba1d飼いならされた団子#nを生成する。,@Null@
13501,生物エッグ-虚空使徒,目標地点に対して使用、1体の#c0aba1d虚空使徒#nを生成。#r近接すると主動的に攻撃、瞬間移動する。#r倒すと経験値と創造結晶を獲得。,
13502,太古のブラックドラゴン,ビッグモンスター、動きが速い,@Null@
13503,マグマブラックドラゴン,今すぐ最新バージョンをダウンロードしましょう！,@Null@
13504,カオスブラックドラゴン,今すぐ最新バージョンをダウンロードしましょう！,@Null@
13505,年獣エッグ,目標地点に対して使用、1体の#c0aba1d年獣エッグ#nを生成。#r年獣は人をドードー鳥に変化させることができる。花火で驚かしてから福の玉を使えば懐かせられる。,
13506,年獣（飼いなす）,地面をタッチして、年獣（飼いなす）を召喚できる。,
13507,福ボール,地面をタッチして、古代石像を生成できる。,
13508,ベビー悪魔エッグ,目標地点に対して使用、1体の周年ベビー悪魔エッグを生成。（セーブデータマップ内に取り出して使用）#rベビー悪魔は火の玉で人を攻撃する。#c0aba1d周年誕生日ケーキ#nで懐かせられる。,@Null@
13509,小悪魔（飼いなす）,地面をタッチして、小悪魔（飼いなす）を召喚できる。,
13510,古代石像,地面をタッチして、古代石像を召喚できる。,
13511,古代ディンディン,地面をタッチして、古代ディンディンを召喚できる。,
13512,古代ドンドン,地面をタッチして、古代ドンドンを召喚できる。,
13513,古代ポーンポーン,地面をタッチして、古代ポーンポーンを召喚できる。,
13514,古代巨人,地面をタッチして、古代巨人を召喚できる。,
13515,虚空の幻影ーシュン,地面をタッチして、虚空の幻影ーシュンを召喚できる。,
13516,虚空の幻影ーモン,地面をタッチして、虚空の幻影ーモンを召喚できる。,
13517,@Null@,@Null@,@Null@
13518,@Null@,@Null@,@Null@
13519,@Null@,@Null@,@Null@
13520,@Null@,@Null@,@Null@
13600,ランタンフィッシュ,#c0aba1d水生類#n、水中で使用し、#c0aba1d提灯魚を生成する#n。#rは@item_12518#、@item_12519#、@item_12520#、@item_12703#、@item_12704#に引き付けられる。#r近戦能動攻撃、視力が悪い。#r幼い提灯魚が#c0aba1d2回食べる#n必要な食べ物は成長できる。2匹の成人の提灯魚がそれぞれ#c0aba1d1回食べる#n必要な食べ物は@item_246#付近で繁殖できる。#r敗北後に入手できるアイテムは@item_11318#。,釣り。
13601,バージョンが古い,,
13602,エイ,水中で使用し、#c0aba1dエイ#nを生成し、#c0aba1d飼育#nできず、#c0aba1d特別な行為がない#n。#r倒すと獲得できるアイテムは@item_11319#。,釣り。
13603,バージョンが古い,,
13604,水色の愚かな魚,水中で使用し、#c0aba1d水色の呆魚#nを生成し、#c0aba1d飼育#nできず、#c0aba1d特別な行為がない#n。#rを倒すと獲得できるアイテムは@item_12520#。,釣り。
13605,紺色の愚かな魚,水中で使用し、#c0aba1d紺色の呆魚#nを生成し、#c0aba1d飼育#nできず、#c0aba1d特別な行為がない#n。#rを倒すと獲得できるアイテムは@item_12520#。,釣り。
13606,黒い愚かな魚,水中で使用し、#c0aba1d黒い呆魚#nを生成し、#c0aba1d飼育#nできず、#c0aba1d特別な行為がない#n。#rを倒すと獲得できるアイテムは@item_12520#。,釣り。
13607,水色のキキ魚,水中で使用し、#c0aba1d水色のキキを生成#n、#c0aba1d飼育#nできず、#c0aba1d特別な行為がない#n。#r倒すと獲得できるアイテムは@item_12704#。,釣り。
13608,ピンクの醜い魚,水中で使用し、#c0aba1dピンクの醜い魚#nを生成し、#c0aba1d飼育#nできず、#c0aba1d特別な行為がない#n。#rを倒すと獲得できるアイテムは@item_12703#。,釣り。
13609,金色の愚かな魚,水中で使用し、#c0aba1d金色の呆魚#nを生成し、#c0aba1d飼育#nできず、#c0aba1d特別な行為がない#n。#rを倒すと獲得できるアイテムは@item_12520#。,釣り。
13610,金色のキキ魚,水中で使用し、#c0aba1d金色のキキ魚#nを生成し、#c0aba1d飼育#nできず、#c0aba1d特別な行為がない#n。#r倒すと獲得できるアイテムは@item_12704#。,釣り。
13611,金色の醜い魚,水中で使用し、#c0aba1d金色の醜い魚#nを生成し、#c0aba1d飼育#nできず、#c0aba1d特別な行為がない#n。#rを倒すと獲得できるアイテムは@item_12703#。,釣り。
13612,ピンクの愚かな魚,水中で使用し、#c0aba1dピンクの呆魚#nを生成し、#c0aba1d飼育#nできず、#c0aba1d特別な行為がない#n。#rを倒すと獲得できるアイテムは@item_12520#。,釣り。
13613,黄色のキキ魚,水中で使用し、#c0aba1d黄色のキキ魚#nを生成し、#c0aba1d飼育#nできず、#c0aba1d特別な行為がない#n。#r倒すと獲得できるアイテムは@item_12704#。,釣り。
13614,紫色の醜い魚,水中で使用し、#c0aba1d紫色の醜い魚#nを生成し、#c0aba1d飼育#nできず、#c0aba1d特別な行為がない#n。#rを倒すと獲得できるアイテムは@item_12703#。,釣り。
13615,緑のチキ魚,水中で使用し、#c0aba1d緑のキキ魚#nを生成し、#c0aba1d飼育#nできず、#c0aba1d特別な行為がない#n。#r倒すと獲得できるアイテムは@item_12704#。,釣り。
13616,縞模様の醜い魚,水中で使用し、#c0aba1d縞模様の醜い魚#nを生成し、#c0aba1d飼育#nできず、#c0aba1d特別な行為がない#n。#rを倒すと獲得できるアイテムは@item_12703#。,釣り。
13617,赤いキキの魚,水中で使用し、#c0aba1d赤いキキ魚#nを生成し、#c0aba1d飼育#nできず、#c0aba1d特別な行為がない#n。#r倒すと獲得できるアイテムは@item_12704#。,釣り。
13618,赤い愚かな魚,水中で使用し、#c0aba1d赤い呆魚#nを生成し、#c0aba1d飼育#nできず、#c0aba1d特別な行為がない#n。#rを倒すと獲得できるアイテムは@item_12520#。,釣り。
13619,オレンジ醜い魚,水中で使用し、#c0aba1dオレンジ色の醜い魚#nを生成し、#c0aba1d飼育#nできず、#c0aba1d特別な行為がない#n。#rを倒すと獲得できるアイテムは@item_12703#。,釣り。
13620,予備,@Null@,@Null@
13621,カニ,対象地点に使用し、#c0aba1dカニ#nを生成し、#c0aba1d飼育#nできず、#c0aba1d特別な行為がない#n。#r倒すと獲得できるアイテムは@item_12527#。,釣り。
13622,カモメ,目標地点に使用し、#c0aba1dカモメ#nを生成し、#c0aba1d飼育#nできず、#c0aba1d特別な行為がない#n。#r倒すと獲得できるアイテムは@item_12717#。,
13623,タツノオトシゴ,。水生類#r、水中で使用、。海馬を生成#n。は@item_12719#に惹かれ。#r使用@item_12719#は一定の確率で#c0aba1d飼いならすことができる#nそれはあなたの#c0aba1d乗り物になる#n。#r幼い海馬が食べる#c0aba1d2回##n_12719#は成長。#r海馬が生成されると#c0aba1d妊娠#n、#c0aba1d妊娠n@itemの海馬に使用する@item_12719#は繁殖させる#c0aba1d#n倒すと獲得できるアイテムは@item_12718##c0aba1d,釣り。
13624,小さなタツノオトシゴ,水中で使用し、#c0aba1dタツノオトシゴ#n。,釣り。
13625,タツノオトシゴ（飼いなす）,,タツノオトシゴを飼いなすと獲得
13626,クラゲ,水中で使用し、#c0aba1dクラゲ#nを生成し、#c0aba1d飼育#nできず、#c0aba1d特別な行為がない#n。#r倒すと獲得できるアイテムは@item_12719#。,釣り。
13627,トビウオ,水中で使用し、#c0aba1d飛魚#nを生成し、#c0aba1d飼育#nできず、#c0aba1d特別な行為がない#n。#r倒すと獲得できるアイテムは@item_12064#。,釣り。
13628,サメ,水中で使用し、#c0aba1dサメ#nを生成し、#c0aba1d飼育#nできず、#c0aba1d特別な行為がない#n。#r倒すと入手できるアイテムは@item_12066#、@item_12065#、@item_27#。,釣り。
13629,デビルフィッシュ,水中で使用し、#c0aba1d魔鬼魚#nを生成し、#c0aba1d飼育#nできず、#c0aba1d特別な行為がない#n。#r倒すと獲得できるアイテムは@item_12067#、@item_11319#。,釣り。
13630,蛍光棒藻魚,水中で使用し、#c0aba1dを生成し#n、#c0aba1d飼育#nできず、#c0aba1d特別な行為がない#n。#r倒すと獲得できるアイテムは@item_11318#。,釣り。
13800,ジェットコースターの車両,#c0aba1dレールノード#n上にのみ置くことができ、レール上でのみ走行可能。#r先頭部または車両部がある時に#c0aba1d連結#n可能。乗車可能。,@Null@
13802,ジェットコースターの先頭部,#c0aba1dレールノード#n上にのみ置くことができ、レール上でのみ走行可能。乗車可能。,@Null@
13803,ロケット,地面に設置し、#c0aba1d航空燃料#nを充填すれば、宇宙を往復できる。#r注意：発射時上部に#c0aba1d障害物#nがあればロケットが#c0aba1d爆発#nする。#rジャンプキーを押せば飛行速度が加速する。,@Null@
13804,火薬車,危険なレール車両,@Null@
13806,龍船,端午節二人用乗り物。前に乗る人が方向を制御。,@Null@
13807,ゴムボート,水上交通工具は、水面で使用すると、筏を生成します。,職人台で加工して得た
13808,ロータスランタン,水面に設置し、軽く押すと浮かび漂う。,@Null@
13809,子キツネ,地面をタッチして、子キツネを生成できる。,
13810,子霊キツネ,地面をタッチして、子霊キツネを生成できる。,
13811,子アルパカ,地面をタッチして、子アルパカを生成できる。,
13812,子サイ,地面をタッチして、子サイを生成できる。,
13813,子ドードー鳥,地面をタッチして、ドードー鳥を生成できる。,
13814,子ツノジカ,地面をタッチして、子ツノジカを生成できる。,
13815,@Null@,@Null@,@Null@
13816,@Null@,@Null@,@Null@
13817,子ダチョウ,地面をタッチして、子ダチョウを生成できる。,
13818,子シノカリオプテリクス,地面をタッチして、子シノカリオプテリクスを生成できる。,
13819,子ペンギン,地面をタッチして、子ペンギンを生成できる。,
13820,子アイスクマ,地面をタッチして、子アイスクマを生成できる。,
13822,バイオ卵-ラクダ,#c0aba1d草食性#n、目標地点に使用、#c0aba1dラクダを生成#n、@item_11534#に引き寄せられる、#c0aba1dが繁殖できない#n。#r@item_12613#は一定の確率で#c0aba1d飼いならすことができる#nそれはあなたの#c0aba1d乗り物になる#n。#r倒すと獲得できるアイテムは@item_11307#。,
13823,ラクダ（飼いなす）,地面をタッチして、ラクダ（飼いなす）を生成できる。,
13824,毒サソリ,地面をタッチして、毒サソリを生成できる。,
13825,砂漠領主,地面をタッチして、砂漠領主を召喚できる。,
13826,砂漠ガード,地面をタッチして、砂漠ガードを召喚できる。,
13827,砂漠ガード（友達）,地面をタッチして、砂漠ガード（友達）を召喚できる。,
13828,生き物の卵-砂漠のオオカミ,目標地点に使用し、#c0aba1d砂漠狼#nを生成し、#c0aba1d飼育#nできず、#c0aba1d特別な行為がない#n。#r倒すと獲得できるアイテムは@item_11307#。,
13829,巨大な毒サソリ,地面をタッチして、巨大な毒サソリを召喚できる。,
13850,小さな提灯の魚,水中で使用して、#c0aba1d小さなランタンフィッシュを生成#n。,
13851,イカの卵,水中でクリックすると1体の魚を生成,@Null@
13852,深海魚の卵,水中でクリックすると1体の魚を生成,@Null@
13853,巨大ぶつぶつクラゲの卵,水中でクリックすると1体の魚を生成,@Null@
13854,ベビーブルーボケボケ魚の稚魚,水中で使用、1体の#c0aba1dベビーブルーボケボケ魚の稚魚#nを生成。,
13855,濃いブルーボケボケ魚の稚魚,水中で使用、1体の#c0aba1d濃いブルーボケボケ魚の稚魚#nを生成。,
13856,黒いボケボケ魚の稚魚,水中で使用、1体の#c0aba1d黒いボケボケ魚の稚魚#nを生成。,
13857,ベビーブルーキーキー魚の稚魚,水中で使用、1体の#c0aba1dベビーブルーキーキー魚の稚魚#nを生成。,
13858,ピンクチュチュ魚の稚魚,水中で使用、1体の#c0aba1dピンクチュチュ魚の稚魚#nを生成。,
13859,金色のボケボケ魚の稚魚,水中で使用、1体の#c0aba1d金色のボケボケ魚の稚魚#nを生成。,
13860,金色のキーキー魚の稚魚,水中で使用、1体の#c0aba1d金色のキーキー魚の稚魚#nを生成。,
13861,金色のチュチュ魚の稚魚,水中で使用、1体の#c0aba1d金色のチュチュ魚の稚魚#nを生成。,
13862,ピンクボケボケ魚の稚魚,水中で使用、1体の#c0aba1dピンクボケボケ魚の稚魚#nを生成。,
13863,黄色いキーキー魚の稚魚,水中で使用、1体の#c0aba1d黄色いキーキー魚の稚魚#nを生成。,
13864,紫色のチュチュ魚の稚魚,水中で使用、1体の#c0aba1d紫色のチュチュ魚の稚魚#nを生成。,
13865,緑色のキーキー魚の稚魚,水中で使用、1体の#c0aba1d緑色のキーキー魚の稚魚#nを生成。,
13866,しま模様のチュチュ魚の稚魚,水中で使用、1体の#c0aba1dしま模様のチュチュ魚の稚魚#nを生成。,
13867,赤いキーキー魚の稚魚,水中で使用、1体の#c0aba1d赤いキーキー魚の稚魚#nを生成。,
13868,赤色ノロノロフィッシュの稚魚,水中で使用、1体の#c0aba1d赤色ノロノロフィッシュの稚魚#nを生成。,@Null@
13869,オレンジチュチュ魚の稚魚,水中で使用、1体の#c0aba1dオレンジチュチュ魚の稚魚#nを生成。,
13870,生き物の卵-野生のサル,。雑食性哺乳類#r、ターゲットの場所で使用、。野生のサルを生成#n、#c0aba1d飼料#nに引き付けられる。#r使用@item_11599#または@item_11600##c0aba1d飼いならされる可能性があり#nそれはあなたの#c0aba1dパートナーになります#n。#r若い野生のサルは#c0aba1d2回餌を食べます#n成長でき。#r2匹の成体の野生のサルはそれぞれ#c0aba1d1回餌を食べ#n@item_822#の近くで繁殖でき#c0aba1d#n倒した後、ドロップはありません#c0aba1d,
13872,バイオ卵-ヒョウ,対象地点に使用し、#c0aba1dヒョウ#nを生成し、#c0aba1d飼育#nできず、#c0aba1d特別な行為がない#n。#r倒すと獲得できるアイテムは@item_11602#。,
13873,毒の野人司祭,地面で使用、毒の野人司祭を生成。,
13874,治療の野人司祭,地面で使用、治療の野人司祭を生成。,
13875,雷の野人司祭,地面で使用、雷の野人司祭を生成。,
13876,炎の野人司祭,地面で使用、炎の野人司祭を生成。,
13877,生き物の卵-サベージ司祭,目標地点で使用、#c0aba1d野人祭司を生成#n。#r遠隔攻撃、分身。#r倒すと獲得できるアイテム経験者、@item_11593#、@item_11570#。,
13878,へびがみ,地面で使用、へびがみを生成。,
13879,@Null@,@Null@,@Null@
13880,@Null@,@Null@,@Null@
13881,生物卵-カニ,#c0aba1d肉食性#n、目標場所に使用、#c0aba1dを生成#n、@item_11535#に惹かれ、#c0aba1dが繁殖できない#n。#r@item_12521#、@item_12705#または@item_12706#は一定の確率で#c0aba1d飼いならすことができる#nそれはあなたの#c0aba1d乗り物になる#n。#r倒すと獲得できるアイテムは@item_12605#。,
13882,ゲームのバージョンが低すぎる,@Null@,@Null@
13883,生物の卵-スズメウグイス,#c0aba1d草食性#n、目標地点に使用、#c0aba1d雀鶯を生成#n、@item_11534#に惹かれる。#r群居が好き、@item_12603#を使用すると一定の確率#c0aba1d飼いならす#n#c0aba1d仲間になる#n。#r倒して飼いならすと獲得できるアイテムは@item_12278#。,
13884,ゲームのバージョンが低すぎる,@Null@,@Null@
13885,真紅の蝶,ターゲット地点に使うと#c0aba1d真紅の蝶#nを1体生成する。#c0aba1d飼い馴らし#n不可。#r@item_11228#に引きつけられる。,
13886,シアンの蝶,ターゲット地点に使うと#c0aba1dシアンの蝶#nを1体生成する。#c0aba1d飼い馴らし#n不可。#r@item_11228#に引きつけられる。,
13887,香り蝶,ターゲット地点に使うと#c0aba1d香り蝶#nを1体生成する。#c0aba1d飼い馴らし#n不可。#r@item_11228#に引きつけられる。,
13888,白い香り蝶,ターゲット地点に使うと#c0aba1d白い香り蝶#nを1体生成する。#c0aba1d飼い馴らし#n不可。#r@item_11228#に引きつけられる。,
13889,ドラゴンキン蝶,ターゲット地点に使うと#c0aba1dドラゴンキン蝶#nを1体生成する。#c0aba1d飼い馴らし#n不可。#r@item_11228#に引きつけられる。,
13890,シェジョン蝶,ターゲット地点に使うと#c0aba1dシェジョン蝶#nを1体生成する。#c0aba1d飼い馴らし#n不可。#r@item_11228#に引きつけられる。,
13891,ゲームのバージョンが低すぎる,@Null@,@Null@
13892,ルーンモンスター,目標地点に使用し、#c0aba1dルーンモンスターを生成#n。#r倒すと確率的に獲得できる@item_11612#,
13893,子鳥,地面で使用、子鳥を生成。,
13894,子バトル鳥,地面で使用、子バトル鳥を生成。,
13895,子サル,地面で使用、子サルを生成。,
13896,飼いなした溶岩カニ（マウント）,地面で使用、飼いなした溶岩カニ（マウント）を生成。,
13910,バイオ卵-雪うさぎ,#c0aba1d草食性哺乳類#n、目標場所に使用、#c0aba1d雪兎を生成#n、@item_11534#に惹かれるが、#c0aba1d特別な行為はない#n。#r幼い雪兎を#c0aba1d2回食べる#n@item_11534#成長できる。#r成体の雪兎を2匹ずつ#c0aba1d1回食べる#n@item_11534#@item_822#の近くで繁殖できる。#r倒すと獲得できるアイテムは@item_12532#、@item_12623#。,
13911,小雪うさぎ,スノーラビットを生成するために地面に使用。,
13912,バイオ卵-ヤク,#c0aba1d草食性哺乳類#n、目的地に使用、#c0aba1dヤクを生成#n、@item_11534#に引き寄せられる。#r@item_763#に餌を与えることで@item_12509#。#r幼いヤクを#c0aba1d2回食べることができる#n@item_11534#成長できる。#r成獣のヤクを2匹ずつ#c0aba1d1回食べることができる#n@item_11534#@item_822#の近くで繁殖できる。#r倒すと獲得できるアイテムは@item_12535#、@item_11307#。,
13913,小さなヤク,地面に小さなヤクを生成するために使用。,
13914,バイオ卵-チベットキツネ,#c0aba1d肉食性#n、目的地に使用、#c0aba1dキツネを生成#n、@item_11535#に引き付けられ、#c0aba1dが繁殖できない#n。#r@item_12532#を使用すると、宝探しに連れて行って#c0aba1d#n。,
13915,クリーチャーエッグ-氷の守護者,地面に氷霊ガードを生成する。,
13916,雪だるま（席取り）,,
13917,ボイド使徒・教士（席取り）,,
13918,ボイド使徒・祭司（席取り）,,
13919,ボイド使徒・大祭司（席取り）,,
13920,野蛮人兵曹長,地面に使うと野蛮人兵曹長を生成する。,
13921,野蛮人兵曹長,地面に使うと野蛮人兵曹長を生成する。,
13922,野蛮人投槍兵曹長,地面に使うと野蛮人投槍兵曹長を生成する。,
13923,野蛮人投槍兵曹長,地面に使うと野蛮人投槍兵曹長を生成する。,
13924,野蛮人百卒長,地面に使うと野蛮人百卒長を生成する。,
13925,野蛮人百卒長,地面に使うと野蛮人百卒長を生成する。,
13926,野蛮人投槍百卒長,地面に使うと野蛮人投槍百卒長を生成する。,
13927,野蛮人投槍百卒長,地面に使うと野蛮人投槍百卒長を生成する。,
13928,ボイド・エッグ,地面に使うとボイド・エッグを生成する。,
13929,ボイド・野蛮人兵曹長,地面に使うとボイド・野蛮人兵曹長を生成する。,
13930,ボイド・野蛮人百卒長,地面に使うとボイド・野蛮人百卒長を生成する。,
13931,ボイド・野蛮人投槍兵曹長,地面に使うとボイド・野蛮人投槍兵曹長を生成する。,
13932,ボイド・野蛮人投槍百卒長,地面に使うとボイド・野蛮人投槍百卒長を生成する。,
13933,ボイド・野良スカル,地面に使うとボイド・野良スカルを生成する。,
13934,生物の卵-ボイド使徒,ターゲット地点に使うと#c0aba1dボイド使徒#nを1体生成する。#r近接戦闘では自ら攻撃を行い、飛行で移動できる。#r撃破で獲得できるアイテムは経験値や@item_11911#を含む。,
14000,テストアイコン達成,@Null@,@Null@
14001,スター,@Null@,@Null@
14002,礼包,@Null@,@Null@
14003,@Null@,@Null@,@Null@
14004,@Null@,@Null@,@Null@
14005,@Null@,@Null@,@Null@
14006,@Null@,@Null@,@Null@
14007,@Null@,@Null@,@Null@
14008,@Null@,@Null@,@Null@
14009,@Null@,@Null@,@Null@
14010,@Null@,@Null@,@Null@
14100,10ミニコイン,@Null@,@Null@
14101,20ミニコイン,@Null@,@Null@
14102,50ミニコイン,@Null@,@Null@
14103,100ミニコイン,@Null@,@Null@
14104,200ミニコイン,@Null@,@Null@
14105,500ミニコイン,@Null@,@Null@
14106,1000ミニコイン,@Null@,@Null@
14107,5000ミニコイン,@Null@,@Null@
14108,@Null@,@Null@,@Null@
14109,@Null@,@Null@,@Null@
14110,@Null@,@Null@,@Null@
14111,@Null@,@Null@,@Null@
14112,@Null@,@Null@,@Null@
14113,ミニコイン18パッケージを購読する,@Null@,@Null@
14114,ミニコイン38パッケージを購読する,@Null@,@Null@
14115,ミニコイン98パッケージを購読する,@Null@,@Null@
14116,ミニコインズを求める,@Null@,@Null@
15000,自動小銃,#c0aba1d基礎ダメージ+20#n#r発射速度がとても速い、弾薬を弾とする。,@Null@
15001,リボルバー,モデルガン,@Null@
15002,ガンマンのリボルバー,#c0aba1d基礎ダメージ+30#n#r弾薬を弾とする。,@Null@
15003,弾,#c0aba1d基礎ダメージ+15#n#r銃器で発射する。,@Null@
15004,スナイパーライフル,#c0aba1d基礎ダメージ+100#n#r装備後オープンモードに切り替えて使用可能、弾薬を弾とする。,@Null@
15005,ヘビーマシンガン,#c0aba1d基礎ダメージ+20#n#rカートリッジの容量が非常に大きい、弾薬を弾とする。,@Null@
15006,散弾銃,威力は強力だが、発射速度は遅い。,@Null@
15007,缶型手榴弾,#c0aba1dチャージ#nしてから投げる。#c0aba1dしばらく#nすると爆発する。#r#c0aba1d物理特性#nを有し、ブロックがあれば跳ね返る。,@Null@
15008,パイナップル型手榴弾,#c0aba1dチャージ#nしてから投げる。#c0aba1dしばらく#nすると爆発する。#r#c0aba1d物理特性#nを有し、ブロックがあれば跳ね返る。,@Null@
15009,UZI短機関銃,#c0aba1d基本ダメージ+30#n#r弾薬は弾。,
15010,MP5K短機関銃,#c0aba1d基本ダメージ+30#n#r弾薬は弾。,
15011,トンプソン,#c0aba1d基本ダメージ+30#n#r弾薬は弾。,
15012,P-90短機関銃,#c0aba1d基本ダメージ+30#n#r弾薬は弾。,
15013,JS9短機関銃,#c0aba1d基本ダメージ+30#n#r弾薬は弾。,
15014,AK自動小銃,#c0aba1d基本ダメージ+30#n#r弾薬は弾。,
15015,M416自動小銃,#c0aba1d基本ダメージ+30#n#r弾薬は弾。,
15016,M416-ゴールド,#c0aba1d基本ダメージ+30#n#r弾薬は弾。,
15017,M416-ファイヤー,#c0aba1d基本ダメージ+30#n#r弾薬は弾。,
15018,M416-フロスト,#c0aba1d基本ダメージ+30#n#r弾薬は弾。,
15019,AUG-プレスト,#c0aba1d基本ダメージ+30#n#r弾薬は弾。,
15020,銃器,,
15050,投擲物-野蛮人投槍者,モンスター投擲物,
15051,投擲物-硫黄射手,モンスター投擲物,@Null@
15052,投擲物-ベビー悪魔,モンスター投擲物,@Null@
15053,投擲物-野生団子,モンスター投擲物,@Null@
15054,投擲物-ブラックドラゴンの火の玉,モンスター投擲物,@Null@
15055,投擲物-ブラックドラゴンのマグマ柱,モンスター投擲物,@Null@
15056,投擲物-ブラックドラゴンのマグマボール,モンスター投擲物,@Null@
15057,投擲物-ブラックドラゴンのカオスボール,モンスター投擲物,@Null@
15058,投擲物-リトル宇宙人A,@Null@,@Null@
15059,投擲物-リトル宇宙人B,@Null@,@Null@
15060,投擲物-リトル宇宙人C,@Null@,@Null@
15061,投擲物-萌目ディンディン,@Null@,@Null@
15062,投擲物-萌目ドンドン,@Null@,@Null@
15063,投擲物-萌目ダンダン,@Null@,@Null@
15064,投擲物-萌目ディンドン,@Null@,@Null@
15065,投擲物-萌目ディンダン,@Null@,@Null@
15066,投擲物-萌目ドンダン,@Null@,@Null@
15067,投擲物-萌目シュシュ,@Null@,@Null@
15068,投擲物-カオス射手,モンスター投擲物,@Null@
15069,投擲物-遠距離ディフェンダー,@Null@,@Null@
15070,投擲物-遠距離ディフェンダー,@Null@,@Null@
15071,投擲物-遠距離ディフェンダー,@Null@,@Null@
15072,投擲物-年獣ボス,@Null@,@Null@
15073,発射体-サンドボール,砂でできた投げ物は、威力がある。,
15074,発射物-砂槍,砂でできた槍は本物の槍に劣らない。,
15075,発射物-ラクダの唾液,臭いがして、侮辱性が強い。,
15076,投射物ーミスリル弾丸,,
15500,フライパン,これは決して遊びじゃありません。,@Null@
15501,自動小銃の弾,自動小銃の発射に必要,@Null@
15502,ガンマンのリボルバーの弾,ガンマンのリボルバーの発射に必要,@Null@
15503,スナイパーライフルの弾,スナイパーライフルの発射に必要,@Null@
15504,ヘビーマシンガンの弾,ヘビーマシンガンの発射に必要,@Null@
15505,虚空の巨石,@Null@,@Null@
15506,球形爆弾,投げて、#c0aba1dしばらく#nすると爆発する。,@Null@
15507,つらら,目標位置を狙い、#c0aba1dチャージ#nしてから投げる。生物に命中した場合、その#c0aba1d移動速度を減らす#n。ブロックに命中した場合、天然氷を生成できる、,
15508,マグマボール,目標に対して#c0aba1dチャージ#nしてから投げる。生物に命中すると、#c0aba1d吹き飛ばす#nことができる。灼熱状態となる。,@Null@
15509,萌目プラネットボス-吹き飛ばしレーザー,@Null@,@Null@
15510,萌目プラネットボス-氷結レーザー,@Null@,@Null@
15511,萌目プラネットボス-爆発レーザー,@Null@,@Null@
15512,萌目プラネットボス-岩石津波,@Null@,@Null@
15513,萌目プラネットボス-青色腕技能,@Null@,@Null@
15514,萌目プラネットボス-白色腕技能,@Null@,@Null@
15515,萌目プラネットボスエリートモンスター-青色投擲,@Null@,@Null@
15516,萌目プラネットボスエリートモンスター-白色投擲,@Null@,@Null@
15517,萌目プラネットボスエリートモンスター-青色技能,@Null@,@Null@
15518,萌目プラネットボスエリートモンスター-白色技能,@Null@,@Null@
15519,ブラックドラゴンのマグマボール,目標に対して投げる。ブロックに命中すると、#c0aba1dマグマ#nを生成する。,@Null@
15520,ブラックドラゴンのカオスボール,目標に対して投げる。生物に命中すると、#c0aba1dカオス射手#nを召喚する。分裂矢技能を有する。,@Null@
15521,カメラ,@Null@,@Null@
15522,直方体,@Null@,@Null@
15523,カプセル体（縦）,@Null@,@Null@
15524,球体,@Null@,@Null@
15525,中心直方体,@Null@,@Null@
15526,カプセル体（横）,@Null@,@Null@
15527,カプセル体（垂直）,@Null@,@Null@
15528,物理消去花火,使用後、きらびやかな花火が天空に発射される。視界の範囲内全ての#c0aba1d物理特性#nを有するアイテムを消去する。#rセーブデータ内に取り出して使用しなければならない。,@Null@
15529,物理消去銃,エネルギー弾を発射する。#c0aba1d命中した物理物体を消去可能#n。#rPS：弾薬を消費しない。,@Null@
15530,物理消去弾,物理物体に命中すると消去可能。,@Null@
15531,車体ブロック,@Null@,@Null@
15532,車輪,@Null@,@Null@
15533,ステアリングベアリング,@Null@,@Null@
15534,エンジン,@Null@,@Null@
15535,運転席,@Null@,@Null@
15536,右前車輪,@Null@,@Null@
15537,左後車輪,@Null@,@Null@
15538,右後車輪,@Null@,@Null@
15539,発射物-クモ,モンスターの発射物,@Null@
15540,@Null@,@Null@,@Null@
15541,@Null@,@Null@,@Null@
15542,@Null@,@Null@,@Null@
15543,@Null@,@Null@,@Null@
15544,@Null@,@Null@,@Null@
15545,@Null@,@Null@,@Null@
15546,@Null@,@Null@,@Null@
15547,@Null@,@Null@,@Null@
15548,@Null@,@Null@,@Null@
15549,@Null@,@Null@,@Null@
15550,@Null@,@Null@,@Null@
16000,アイアンバッジ,,
16001,銅バッジ,,
16002,シルバーバッジ,,
16003,ゴールドバッジ,,
16004,紫金のバッジ,,
16005,ルビーバッジ,,
16006,ダイヤモンドバッジ,,
16007,金魂コイン,イベントショップでは様々な特典をご利用いただけます,
20000,夕焼けの色のドア-かけら,アンロック後セーブデータ内で合成して使用することができる。獲得経路：マイガーデン果実,
20001,濃い栗色のドア-かけら,アンロック後セーブデータ内で合成して使用することができる。獲得経路：マイガーデン果実,
20002,アイボリーのドア-かけら,アンロック後セーブデータ内で合成して使用することができる。獲得経路：マイガーデン果実,
20003,炎のドア-かけら,アンロック後セーブデータ内で合成して使用することができる。獲得経路：マイガーデン果実,
20004,緋紅のドア-かけら,アンロック後セーブデータ内で合成して使用することができる。獲得経路：マイガーデン果実,
20005,黄色いドア-かけら,アンロック後セーブデータ内で合成して使用することができる。獲得経路：マイガーデン果実,
20006,紅葉の色のドア-かけら,アンロック後セーブデータ内で合成して使用することができる。獲得経路：マイガーデン果実,
20007,木理のランプ-かけら,アンロック後セーブデータ内で合成して使用することができる。獲得経路：マイガーデン果実,
20008,白色ガラスランプ-かけら,アンロック後セーブデータ内で合成して使用することができる。獲得経路：マイガーデン果実,
20009,橙色ガラスランプ-かけら,アンロック後セーブデータ内で合成して使用することができる。獲得経路：マイガーデン果実,
20010,赤紫色ガラス灯-かけら,アンロック後セーブデータ内で合成して使用することができる。獲得経路：マイガーデン果実,
20011,空色ガラスランプ-かけら,アンロック後セーブデータ内で合成して使用することができる。獲得経路：マイガーデン果実,
20012,黄色ガラスランプ-かけら,アンロック後セーブデータ内で合成して使用することができる。獲得経路：マイガーデン果実,
20013,黄緑色ガラスランプ-かけら,アンロック後セーブデータ内で合成して使用することができる。獲得経路：マイガーデン果実,
20014,桃色ガラスランプ-かけら,アンロック後セーブデータ内で合成して使用することができる。獲得経路：マイガーデン果実,
20015,灰色ガラスランプ-かけら,アンロック後セーブデータ内で合成して使用することができる。獲得経路：マイガーデン果実,
20016,薄灰色ガラスランプ-かけら,アンロック後セーブデータ内で合成して使用することができる。獲得経路：マイガーデン果実,
20017,水色ガラスランプ-かけら,アンロック後セーブデータ内で合成して使用することができる。獲得経路：マイガーデン果実,
20018,紫色ガラスランプ-かけら,アンロック後セーブデータ内で合成して使用することができる。獲得経路：マイガーデン果実,
20019,青色ガラスランプ-かけら,アンロック後セーブデータ内で合成して使用することができる。獲得経路：マイガーデン果実,
20020,茶色ガラス灯-かけら,アンロック後セーブデータ内で合成して使用することができる。獲得経路：マイガーデン果実,
20021,緑色ガラスランプ-かけら,アンロック後セーブデータ内で合成して使用することができる。獲得経路：マイガーデン果実,
20022,赤いガラスランプ-かけら,アンロック後セーブデータ内で合成して使用することができる。獲得経路：マイガーデン果実,
20023,黒いガラスランプ-かけら,アンロック後セーブデータ内で合成して使用することができる。獲得経路：マイガーデン果実,
20024,強コンクリート-カケラ,コンクリートブロック、強化剤を加え、かなり丈夫。,@Null@
20025,強地割れ-カケラ,かちかちブロック、簡単に破壊されない（見た目は変だけど…）,@Null@
20026,白色の基石-カケラ,白色の基石ブロック、基礎に適している。破壊される心配がない。,@Null@
20027,ソリードアイス-カケラ,ソリードアイスブロック、冷たくて丈夫、破壊されることはほぼない。,@Null@
20028,スチールプレート-カケラ,スチールプレートブロック、超丈夫。,@Null@
20029,瑠璃ちゃん-カケラ,可愛い瑠璃ちゃんのドレスアップ、暖かくて、柔らかい。#cfa7a0fショップ-ドレスアップ#nで表示。獲得経路：マイガーデンの果実,@Null@
20030,墨家のとび-カケラ,ドレスアップのアンロック-墨家のとび。#cfa7a0fショップ-ドレスアップ#nで表示。獲得経路：マイガーデンの果実,@Null@
20031,化石ドラゴン-カケラ,太古の化石ドラゴンマウント、強力な走行性能。#cfa7a0fショップ-マウント#nで表示。獲得経路：マイガーデンの果実,@Null@
20032,ムササビ-カケラ,不思議なムササビマウント、天空を滑空していたという伝説がある。#cfa7a0fショップ-マウント#nで表示。獲得経路：家の畑の果実,@Null@
20033,麒麟-カケラ,荘厳で尊い麒麟馬マウント、#cfa7a0fショップ-マウント#nで表示。獲得経路：マイガーデンの果実,@Null@
20034,チョコボ-カケラ,チョコボマウントをアンロックするために使用。,@Null@
20035,Misoso-カケラ,ミニワールド環境保護の最前線の建築家、郷里のために戦う。#cfa7a0fショップ-ドレスアップ#nで表示。獲得経路：世界守護計画,@Null@
20036,小さな白象-カケラ,わんぱくな白象マウント、強い生命力を有する。#cfa7a0fショップ-マウント#nで表示。獲得経路：マイガーデンの果実,@Null@
20037,Eva-カケラ,正直者で優しいEva、星の杖を振りかざすと、思いやりと希望がミニ大陸のあちこちにこぼれ落ち、歴代の探険者たちを守っている。#cfa7a0fショップ-ドレスアップ#nで表示。獲得経路：イベントで獲得,@Null@
20038,小さなアザラシ-カケラ,優しいアザラシマウント、水中遊泳が得意。#cfa7a0fショップ-マウント#nで表示。獲得経路：運営イベント,@Null@
20039,椅子-かけら,実用的な琥珀色の椅子。アンロック後セーブデータ内で合成して使用することができる,
20040,テーブル-かけら,実用的な琥珀色のテーブル。アンロック後セーブデータ内で合成して使用することができる,
20041,ソファー-かけら,実用的な琥珀色のソファー。アンロック後セーブデータ内で合成して使用することができる,
20042,茶色の暖炉-かけら,実用的な茶色の暖炉。アンロック後セーブデータ内で合成して使用することができる,
20043,タンス-かけら,実用的な琥珀色のタンス。アンロック後セーブデータ内で合成して使用することができる,
20044,アイボリーの椅子-かけら,美しいポプラの椅子。アンロック後セーブデータ内で合成して使用することができる,
20045,アイボリーテーブル-かけら,美しいポプラのテーブル、アンロック後セーブデータ内で合成して使用することができる。,
20046,アイボリーソファー-かけら,美しいポプラのソファー、アンロック後セーブデータ内で合成して使用することができる。,
20047,アイボリー暖炉-かけら,美しいポプラの暖炉、アンロック後セーブデータ内で合成して使用することができる。,
20048,アイボリータンス-かけら,美しいポプラのタンス、アンロック後セーブデータ内で合成して使用することができる。,
20049,ラーチの椅子-かけら,実用的なラーチの椅子、アンロック後セーブデータ内で合成して使用することができる。,
20050,ラーチの椅子-かけら,実用的なラーチのテーブル、アンロック後セーブデータ内で合成して使用することができる。,
20051,ラーチの椅子-かけら,実用的なラーチのソファー、アンロック後セーブデータ内で合成して使用することができる。,
20052,黒い暖炉-かけら,実用的な黒色の暖炉、アンロック後セーブデータ内で合成して使用することができる。,
20053,ラーチのタンス-かけら,実用的なラーチのタンス、アンロック後セーブデータ内で合成して使用することができる。,
20054,精巧な木製ベッド-かけら,精巧な木製ベッド、大きくて快適、アンロック後セーブデータ内で合成して使用することができる。,
20055,豪華な木製ベッド-かけら,豪華な木製ベッド、精巧な装飾、アンロック後セーブデータ内で合成して使用することができる。,
20056,姫さまのベッド-かけら,きらびやかな姫さまベッド。お城でよく見かける。アンロック後セーブデータ内で合成して使用することができる。,
20057,ミスリル星のマク-かけら,岩石スタイルの星のマク、アンロック後セーブデータ内で合成して使用することができる。,
20058,チタニウムスターエネルギーカーテン-かけら,チタニウムスターエネルギーカーテン、アンロック後セーブデータ内で合成して使用することができる。,
20059,マグマ星のマク-かけら,マグマスタイルの伝言板、アンロック後セーブデータ内で合成して使用することができる。,
20060,ジョージ-カケラ,音楽大好きジョージのドレスアップ、クールな彼は何とかグループのレベルの低い流行曲は聞いたことがない。#cfa7a0fショップ-ドレスアップ#nで表示。獲得経路：マイガーデンの果実,@Null@
20061,アニー-カケラ,ダンス大好きアニーのドレスアップ、彼女の踊りを見に来る人々によって、交通渋滞が起こるそう。#cfa7a0fショップ-ドレスアップ#nで表示。獲得経路：マイガーデンの果実,@Null@
20062,大型爆竹-カケラ,威力が強大な投擲物、アンロック後セーブデータ内で使用することができる。,@Null@
20063,パチンコ-カケラ,発射速度が相当速いスリング、アンロック後セーブデータ内で使用することができる。,@Null@
20064,大弓-カケラ,1回で3本の矢を射ることができる弓、アンロック後セーブデータ内で使用することができる。,@Null@
20065,ロケットランチャー-カケラ,ロケットランチャーを発射。アンロック後セーブデータ内で使用することができる。,@Null@
20066,木の看板-かけら,目を引く大看板、アンロック後セーブデータ内で合成して使用することができる。,
20067,石の看板-かけら,目を引く大看板、アンロック後セーブデータ内で合成して使用することができる。,
20068,ミスリルの看板-かけら,目を引く大看板、アンロック後セーブデータ内で合成して使用することができる。,
20069,炎の看板-かけら,目を引く大看板、アンロック後セーブデータ内で合成して使用することができる。,
20070,タングステンの看板-かけら,目を引く大看板、アンロック後セーブデータ内で合成して使用することができる。,
20071,マグマの看板-かけら,目を引く大看板、アンロック後セーブデータ内で合成して使用することができる。,
20072,提灯-かけら,中国スタイルの提灯、アンロック後セーブデータ内で合成して使用することができる。,
20073,古典的な街灯-かけら,クラシックスタイルの街灯の電灯、アンロック後セーブデータ内で合成して使用することができる。,
20074,現代的な街灯-かけら,現代スタイルの街灯の電灯、ブロックの頂上部に配置することに適している。アンロック後セーブデータ内で合成して使用することができる。,
20075,黒いミスリルのフェンス-かけら,黒いミスリルのフェンス、アンロック後セーブデータ内で合成して使用することができる。,
20076,白いミスリルのフェンス-かけら,白いミスリルのフェンス、アンロック後セーブデータ内で合成して使用することができる。,
20077,小さな植木鉢-かけら,背丈の低い植物を挿して装飾とすることができる。まるで何かのツボのよう。アンロック後セーブデータ内で合成して使用することができる。,
20078,大きな植木鉢-かけら,背丈の高い植物を挿して装飾とすることができる。まるで何かのツボのよう。アンロック後セーブデータ内で合成して使用することができる。,
20079,燭台-かけら,#c0aba1d燃えているトーチ#nを使用して明かりを灯し、他のアイテムを使用しクリックして明かりを消すことができる。待って、あなたはそれが蝋燭だと思いますか？アンロック後セーブデータ内で合成して使用することができる。,
20080,シャンデリア-かけら,豪華なシャンデリア、アンロック後セーブデータ内で合成して使用することができる。,
20081,優雅なウォールライト-かけら,優雅な壁掛けランプ、ブロックの側面にのみ配置可能、アンロック後セーブデータ内で合成して使用することができる。,
20082,精巧なウォールライト-かけら,精巧な壁掛けランプ、ブロックの側面にのみ配置可能、アンロック後セーブデータ内で合成して使用することができる。,
20083,テーブルランプ-かけら,贅沢なテーブルランプ黄金製、お金持ち御用、アンロック後セーブデータ内で合成して使用することができる。,
20084,丸く開く花火-かけら,地面またはブロックの側面に配置し、#c0aba1d燃えているトーチ#nで火をつける。アンロックルート：春節ボーナスイベント,
20085,春節切り紙-福-カケラ,古典的で美しい春節切り紙、ブロックの側面に貼り付ける。アンロックルート：春節ボーナスイベント,@Null@
20086,春節切り紙-禄-カケラ,古典的で美しい春節切り紙、ブロックの側面に貼り付ける。アンロックルート：春節ボーナスイベント,@Null@
20087,春節切り紙-寿-カケラ,古典的で美しい春節切り紙、ブロックの側面に貼り付ける。アンロックルート：春節ボーナスイベント,@Null@
20088,春節切り紙-喜-カケラ,古典的で美しい春節切り紙、ブロックの側面に貼り付ける。アンロックルート：春節ボーナスイベント,@Null@
20089,中国風宮灯-カケラ,豪華で美しいシャンデリア、中国風建築を飾るのに適する。アンロックルート：マイガーデンの果実から一定の確率で入手できる。,@Null@
20090,赤色植木鉢-カケラ,赤色の小さな陶器製植木鉢、背丈の低い植物を挿して装飾とすることができる。アンロックルート：マイガーデンの果実から一定の確率で入手できる。,@Null@
20091,緑色植木鉢-カケラ,緑色の小さな陶器製植木鉢、背丈の低い植物を挿して装飾とすることができる。アンロックルート：マイガーデンの果実から一定の確率で入手できる。,@Null@
20092,大きな磁器植木鉢-カケラ,大きな青花磁器製植木鉢、背丈の高い植物を挿して装飾とすることができる。アンロックルート：マイガーデンの果実から一定の確率で入手できる。,@Null@
20093,新春の宮廷ランタン-カケラ,梅の花模様のデザインがされた宮灯、優雅で風格がある。アンロックルート：春節ボーナスイベント,@Null@
20094,ロケットバックパック-カケラ,スティーブン教授の新発明、ジャンプキーを押せば発射される。アンロックルート：春節ボーナスイベント,@Null@
20095,スカイランタン-カケラ,願い事を書いたスカイランタンを飛ばしましょう。アンロックルート：元宵ボーナスイベント,@Null@
20096,蓮灯籠-カケラ,水面に配置して軽く押せば浮かび漂う、お願い事をしましょう。アンロックルート：元宵ボーナスイベント,@Null@
20097,オータムリーフオレンジの板-かけら,木製装飾ブロック,
20098,セコイアの床板-カケラ,木製装飾ブロック,@Null@
20099,黄色い板-かけら,粗い石レンガと砂ブロックで製造,
20100,縦縞タイル-カケラ,タイルで製造,@Null@
20101,4ブロックタイル-カケラ,タイルで製造,@Null@
20102,不規則タイル-カケラ,タイルで製造,@Null@
20103,アイボリーの板-かけら,飛び越えることができない木製フェンス,
20104,石製のフェンス-かけら,飛び越えることができない石レンガ製フェンス,
20105,アイボリーのフェンス-かけら,飛び越えることができない木製フェンス,
20106,木のフェンス-カケラ,飛び越えることができない木製フェンス,@Null@
20107,銅のフェンス-かけら,飛び越えることができない鉄のフェンス,
20108,金色のボケボケ魚-かけら,水中でクリックすると1体の金色のボケボケ魚を生成,
20109,金色のキーキー魚-かけら,水中でクリックすると1体の金色のキーキー魚を生成,
20110,金色のチュチュ魚-かけら,水中でクリックすると1体の金色のチュチュ魚を生成,
20111,実験室のドア-カケラ,宇宙製材料を使用したハイテクドア、耐爆性に優れ、スターエナジーを入れるのに電流が必要。アンロック後セーブデータ内で使用することができる。,@Null@
20112,鏡アイス-カケラ,鏡のようにつるつるした氷。アンロック後セーブデータ内で使用することができる。,@Null@
20113,氷のランプ-カケラ,明るい氷のランプ、青色の浪漫。アンロック後セーブデータ内で使用することができる。,@Null@
20114,花模様のスターエナジーブロック-カケラ,エネルギーが詰まったブロック、他のブロックにエネルギーをチャージすることができる。アンロック後セーブデータ内で使用することができる。,@Null@
20115,スターエナジーミスリルのブロック-かけら,非常に丈夫で、きれいな建築材料。アンロック後セーブデータ内で使用することができる。,
20116,スターエナジーミスリルのブロック-かけら,丈夫で、きれいな建築材料。アンロック後セーブデータ内で使用することができる。,
20117,紫線のミスリルのブロック-かけら,非常に丈夫で、きれいな建築材料。アンロック後セーブデータ内で使用することができる。,
20118,厚いミスリル板-かけら,非常に丈夫な建築材料。アンロック後セーブデータ内で使用することができる。,
20119,透かし彫りミスリル板-かけら,丈夫で、きれいな建築材料。アンロック後セーブデータ内で使用することができる。,
20120,実験室の電灯-カケラ,明るい白熱灯。アンロック後セーブデータ内で使用することができる。,@Null@
20121,錆びたミスリル門-かけら,錆びたミスリルの扉、スターエナジーを使って、スイッチ可能。アンロック後セーブデータ内で使用することができる。,
20122,ミスリル線ネット-かけら,錆びたミスリル線ネット、丈夫には見えない。アンロック後セーブデータ内で使用することができる。,
20123,縦模様のミスリル板-かけら,ストライプ模様のミスリル板、風や日光を防ぐのに適している。アンロック後セーブデータ内で使用することができる。,
20124,錆びたミスリル板-かけら,錆びたミスリル板、丈夫には見えない。アンロック後セーブデータ内で使用することができる。,
20125,模様付きの錆びたミスリル板-かけら,錆びたミスリル板、丈夫には見えない。アンロック後セーブデータ内で使用することができる。,
20126,透かし彫りの錆びたミスリル板-かけら,透かし彫りの錆びたミスリル板、丈夫には見えない。アンロック後セーブデータ内で使用することができる。,
20127,スターエナジーの錆びたミスリルのブロック-かけら,スターエナジーの錆びたミスリルのブロック、丈夫には見えない。アンロック後セーブデータ内で使用することができる。,
20128,蛍光灯-カケラ,黄色は暖色、黄色の光は人を温かい気持ちにさせる。アンロック後セーブデータ内で使用することができる。,@Null@
20129,パターンミスリルのブロック-かけら,黄色と灰色が交互となったミスリルのブロック、建築材料として使用可能。アンロック後セーブデータ内で使用することができる。,
20130,古いミスリルのブロック-かけら,カラーバリエーション豊富な建築材料、ペイントエッグまたはペイントエッグ銃を使用して染めることができる。アンロック後セーブデータ内で使用することができる。,
20131,蛍光パチンコ-カケラ,使用：遠くに光源を発射する。アンロック後セーブデータ内で製造して使用することができる。,@Null@
20132,球形爆弾-カケラ,投げると一定時間後に爆発する。アンロック後セーブデータ内で製造して使用することができる。,@Null@
20133,つらら-カケラ,投げて生物に命中するとその生物の行動速度が遅くなる。アンロック後セーブデータ内で製造して使用することができる。,@Null@
20134,マグマボール-カケラ,投げて生物に命中すると吹き飛ばしさらに燃焼する。アンロック後セーブデータ内で製造して使用することができる。,@Null@
20135,パルスボウ-カケラ,"#c0aba1d基礎ダメージ：25#n
 萌目プラネット産の遠距離攻撃用武器、#Bパルスアロー#nを発射。アンロック後セーブデータ内で製造して使用することができる。",@Null@
20136,ブラックドラゴンのマグマボール-カケラ,地上に落ちるとマグマを生成する。アンロック後セーブデータ内で製造して使用することができる。,@Null@
20137,ブラックドラゴンのカオスボール-カケラ,投げるとカオス射手を召喚する。分裂矢のスキルを有する。アンロック後セーブデータ内で製造して使用することができる。,@Null@
20138,反射鏡-カケラ,巨大なコアによって放出されるレーザーを反映することができます。ロック解除後、アーカイブで作成できます。,@Null@
20139,雪梅屏風-カケラ,梅の花のデザインがプリントされた屏風、アンティーク的な趣がある。アンロック後セーブデータ内で製造して使用することができる。,@Null@
20140,赤いろうそくの灯-カケラ,蓮の花の台座を持った赤いろうそくの灯、辺り一面を明るくすることができる。アンロック後セーブデータ内で製造して使用することができる。,@Null@
20141,球型ジョイント-カケラ,球形のジョイント、ブロックを自由に動かすことができる。アンロック後セーブデータ内で製造して使用することができる。,@Null@
20142,ジョイントブロック-カケラ,機械の組み立てに用いられる。スターエナジーを入れた後回転面のブロックを回転させ、さらに動作序列機で制御することができる。アンロック後セーブデータ内で製造して使用することができる。,@Null@
20143,機械ハンド-カケラ,機械の組み立てに用いられる。スターエナジーを入れた後物理的な物体または生物をつかむことができる。アンロック後セーブデータ内で製造して使用することができる。,@Null@
20144,油圧アーム-カケラ,機械の組み立てに用いられる。スターエナジーを入れた後ブロックを伸縮させ、さらに動作序列機で制御することができる。アンロック後セーブデータ内で製造して使用することができる。,@Null@
20145,ダンパー-カケラ,機械の組み立てに用いられる。バネと同様に物体を弾ませる。アンロック後セーブデータ内で製造して使用することができる。,@Null@
20146,巻き上げロープ-カケラ,機械の組み立てに用いられる。スターエナジーを入れた後ロープが伸縮面に接続されたブロックを伸縮させる。アンロック後セーブデータ内で製造して使用することができる。,@Null@
20147,春節切り紙-ウシ-カケラ,古典的で美しい春節切り紙、ブロックの側面に貼り付ける。アンロックルート：春節ボーナスイベント,@Null@
20148,敦煌飛天像-カケラ,敦煌飛天像、アンロック後使用することができる。,@Null@
20149,ラクダ像-カケラ,ラクダ像、アンロック後使用することができる。,@Null@
20150,敦煌石窟-カケラ,敦煌石窟、アンロック後使用することができる。,@Null@
20151,蓮の花の壁画-カケラ,蓮の花の壁画、アンロック後使用することができる。,@Null@
20152,飛天女の壁画-カケラ,飛天女の壁画、アンロック後使用することができる。,@Null@
20153,九色鹿王の壁画-カケラ,九色鹿王の壁画、アンロック後使用することができる。,@Null@
20154,三日月マジックワンドかけら,三日月マジックワンドは、ロック解除後に使用できます,@Null@
20155,スターウィングマジックワンド（ブルー）かけら,スターウィングマジックワンド（ブルー）、ロック解除後に使用できます,@Null@
20156,スターウィングマジックワンド（レッド）かけら,スターウィングマジックワンド（レッド）、ロック解除後に使用できます,@Null@
20157,悪魔の刀かけら,悪魔の刀、ロック解除後にそれを使うことができます,@Null@
20158,お姫様のマジック絵本-カケラ,お姫様のマジック絵本、アンロック後使用することができる,@Null@
20159,マジックパレット-カケラ（赤）,赤いマジックパレット、アンロック後使用することができる,@Null@
20160,マジックパレット-カケラ（黄色）,黄色いマジックパレット、アンロック後使用することができる,@Null@
20161,,,
20162,,,
20163,,,
20164,,,
20165,,,
20166,,,
20167,,,
20168,,,
20169,,,
20170,,,
20171,,,
20172,,,
20173,,,
20174,,,
20175,,,
20176,,,
20177,,,
20178,,,
20179,,,
20180,,,
20181,,,
20182,,,
20183,,,
20184,,,
20185,,,
20186,,,
20187,,,
20188,,,
20189,,,
20190,,,
20191,,,
20192,,,
20193,,,
20194,,,
20195,,,
20196,,,
20197,,,
20198,,,
20201,単身犬,使用：このアイコンをアンロックする。アンロック後、個人センターで切り替えることができる。,11.11イベントで獲得
20202,リリス,使用：このアイコンをアンロックする。アンロック後、個人センターで切り替えることができる。,限定ドレスアップリリスを購入することで獲得
20203,鬼斧神工,使用：このアイコンをアンロックする。アンロック後、個人センターで切り替えることができる。,カリスマ建築士専用
20204,描写の巨匠,使用：このアイコンをアンロックする。アンロック後、個人センターで切り替えることができる。,カリスマ配信者専用
20205,建築の巨匠,使用：このアイコンをアンロックする。アンロック後、個人センターで切り替えることができる。,優秀建築士専用
20206,漫画の巨匠,使用：このアイコンをアンロックする。アンロック後、個人センターで切り替えることができる。,優秀漫画家専用
20207,明日のスター,使用：このアイコンをアンロックする。アンロック後、個人センターで切り替えることができる。,カリスマMC専用
20208,作文の巨匠,使用：このアイコンをアンロックする。アンロック後、個人センターで切り替えることができる。,作文の巨匠専用
20209,広報委員,使用：このアイコンをアンロックする。アンロック後、個人センターで切り替えることができる。,広報委員専用
20210,ミニMC,使用：このアイコンをアンロックする。アンロック後、個人センターで切り替えることができる。,ミニワールドMC専用アイコン
20211,工房管理人,使用：このアイコンをアンロックする。アンロック後、個人センターで切り替えることができる。,ミニ工房管理人専用
20212,ボランティア,使用：このアイコンをアンロックする。アンロック後、個人センターで切り替えることができる。,公式が認証する優秀ボランティア専用
20213,2017,使用：このアイコンをアンロックする。アンロック後、個人センターで切り替えることができる。,年度記念、元日イベントで獲得
20214,アーラン神,使用：このアイコンをアンロックする。アンロック後、個人センターで切り替えることができる。,ドレスアップアーラン神を購入することで獲得
20215,招きネコ,使用：このアイコンをアンロックする。アンロック後、個人センターで切り替えることができる。,ご祝儀またはその他のイベントで獲得
20216,環境保護の建築家,使用：このアイコンをアンロックする。アンロック後、個人センターで切り替えることができる。,ワールド保護計画イベントで獲得
20217,2周年,使用：このアイコンをアンロックする。アンロック後、個人センターで切り替えることができる。,周年イベントで獲得
20218,キッズ船長,使用：このアイコンをアンロックする。アンロック後、個人センターで切り替えることができる。,2周年触手期間限定
20219,メーデー,使用：このアイコンをアンロックする。アンロック後、個人センターで切り替えることができる。,5.1イベントで獲得
20220,鑑賞家,使用：このアイコンをアンロックする。アンロック後、個人センターで切り替えることができる。,鑑賞家になることで獲得
20221,こどもの日,使用：このアイコンをアンロックする。アンロック後、個人センターで切り替えることができる。,子供の日イベントで獲得
20222,納涼,使用：このアイコンをアンロックする。アンロック後、個人センターで切り替えることができる。,サマーイベントで獲得
20223,花美しく月まどか,使用：このアイコンをアンロックする。アンロック後、個人センターで切り替えることができる。,中秋節イベントで獲得
20224,侠客の心,使用：このアイコンをアンロックする。アンロック後、個人センターで切り替えることができる。,国慶節イベントで獲得
20225,目を休める行動,使用：このアイコンをアンロックする。アンロック後、個人センターで切り替えることができる。,目の健康を守ろう。自ら実践しよう
20226,ベビー悪魔,使用：このアイコンをアンロックする。アンロック後、個人センターで切り替えることができる。,悪魔がやってきた、無限の可愛さ
20227,円卓騎士,使用：このアイコンをアンロックする。アンロック後、個人センターで切り替えることができる。,コミュニティ守護騎士団専用
20228,クリスマス,使用：このアイコンをアンロックする。アンロック後、個人センターで切り替えることができる。,クリスマスイベントで獲得
20229,2018,使用：このアイコンをアンロックする。アンロック後、個人センターで切り替えることができる。,年度記念、元日イベントで獲得
20230,大会成功,使用：このアイコンをアンロックする。アンロック後、個人センターで切り替えることができる。,大会イベントに参加で獲得。
20231,天蓬元帥,使用：このアイコンをアンロックする。アンロック後、個人センターで切り替えることができる。,ドレスアップ天蓬元帥を購入することで獲得
20232,ミニワールド3周年,使用：このアイコンをアンロックする。アンロック後、個人センターで切り替えることができる。,周年イベントで獲得
20233,ワールド保護計画専用,使用：このアイコンをアンロックする。アンロック後、個人センターで切り替えることができる。,公益イベントで獲得
20234,初級神,使用：このアイコンをアンロックする。アンロック後、個人センターで切り替えることができる。,実績により獲得
20235,中級神,使用：このアイコンをアンロックする。アンロック後、個人センターで切り替えることができる。,実績により獲得
20236,上級神,使用：このアイコンをアンロックする。アンロック後、個人センターで切り替えることができる。,実績により獲得
20237,イースター,使用：このアイコンをアンロックする。アンロック後、個人センターで切り替えることができる。,イースターイベントで獲得
20238,友情の手,使用：このアイコンをアンロックする。アンロック後、個人センターで切り替えることができる。,イベントで獲得
20239,端午節,使用：このアイコンをアンロックする。アンロック後、個人センターで切り替えることができる。,イベントで獲得
20240,博覧強記,使用：このアイコンをアンロックする。アンロック後、個人センターで切り替えることができる。,イベントで獲得
20241,東部連盟,使用：このアイコンをアンロックする。アンロック後、個人センターで切り替えることができる。,NBA公式コラボイベントで獲得
20242,西部連盟,使用：このアイコンをアンロックする。アンロック後、個人センターで切り替えることができる。,NBA公式コラボイベントで獲得
20243,ミニプログラム,使用：このアイコンをアンロックする。アンロック後、個人センターで切り替えることができる。,藍橋カップに参加登録で獲得
20244,920全住民創造祭,使用：このアイコンをアンロックする。アンロック後、個人センターで切り替えることができる。,イベントで獲得
20245,Joker,使用：このアイコンをアンロックする。アンロック後、個人センターで切り替えることができる。,ドレスアップJokerを購入することで獲得
20246,クリスマスの気持ち,使用：このアイコンをアンロックする。アンロック後、個人センターで切り替えることができる。,クリスマス、元旦ガチャの累計回数で獲得
20247,2019年度アイコン,使用：このアイコンをアンロックする。アンロック後、個人センターで切り替えることができる。,年度記念、元日イベントで獲得
20248,ムース,使用：このアイコンをアンロックする。アンロック後、個人センターで切り替えることができる。,ドレスアップムースを購入することで獲得
20249,謹賀新年（子年）,使用：このアイコンをアンロックする。アンロック後、個人センターで切り替えることができる。,子年新春イベントを通じて獲得
20250,龍鳳呈祥,使用：このアイコンをアンロックする。アンロック後、個人センターで切り替えることができる。,子年新春福袋を購入することで贈呈
20251,ネズミ金ちゃん,使用：このアイコンをアンロックする。アンロック後、個人センターで切り替えることができる。,ドレスアップネズミ金ちゃんを購入することで獲得
20252,雪豹守護者,使用：このアイコンをアンロックする。アンロック後、個人センターで切り替えることができる。,公益イベントで獲得
20253,ミニワールド4周年,使用：このアイコンをアンロックする。アンロック後、個人センターで切り替えることができる。,周年イベントで獲得
20254,斉天小聖,使用：このアイコンをアンロックする。アンロック後、個人センターで切り替えることができる。,ドレスアップ斉天小聖を購入することで獲得
20255,繁星共同創作キャンプ,使用：このアイコンをアンロックする。アンロック後、個人センターで切り替えることができる。,大会受賞プレイヤー専用
20256,甘いちまき支持者,使用：このアイコンをアンロックする。アンロック後、個人センターで切り替えることができる。,端午節イベントで獲得
20257,しょっぱいちまき粽支持者,使用：このアイコンをアンロックする。アンロック後、個人センターで切り替えることができる。,端午節イベントで獲得
20258,陽光守護,使用：このアイコンをアンロックする。アンロック後、個人センターで切り替えることができる。,イベントで獲得
20259,プレイ方法大作戦専用,使用：このアイコンをアンロックする。アンロック後、個人センターで切り替えることができる。,大会イベントで獲得
20260,TikTok専用アイコン,使用：このアイコンをアンロックする。アンロック後、個人センターで切り替えることができる。,イベントで獲得
20261,ウサギの願い,使用：このアイコンをアンロックする。アンロック後、個人センターで切り替えることができる。,イベントで獲得
20262,QQ版専用アイコン,使用：このアイコンをアンロックする。アンロック後、個人センターで切り替えることができる。,イベントで獲得
20263,慧眼達人,使用：このアイコンをアンロックする。アンロック後、個人センターで切り替えることができる。,イベントで獲得
20264,2020,使用：このアイコンをアンロックする。アンロック後、個人センターで切り替えることができる。,年度記念、イベントで獲得
20265,2020,使用：このアイコンをアンロックする。アンロック後、個人センターで切り替えることができる。,年度サプライズ、期間限定ギフトパックで獲得
20266,冬の声,使用：このアイコンをアンロックする。アンロック後、個人センターで切り替えることができる。,シェアカードゴールドカード限定
20267,梅の影,使用：このアイコンをアンロックする。アンロック後、個人センターで切り替えることができる。,シェアカードホワイトカード限定
20268,クリスマス雪松,使用：このアイコンをアンロックする。アンロック後、個人センターで切り替えることができる。,クリスマスイベントで獲得
20269,雨林征服者,使用：このアイコンをアンロックする。アンロック後、個人センターで切り替えることができる。,イベントで獲得
20270,謹賀新年（丑年）,使用：このアイコンをアンロックする。アンロック後、個人センターで切り替えることができる。,イベントで獲得
20271,1周年,使用：このアイコンをアンロックする。アンロック後、個人センターで切り替えることができる。,公式版イベントで獲得
20272,スターライト混在,使用：このアイコンをアンロックする。アンロック後、個人センターで切り替えることができる。,達人盛典専用
20273,自然界が発する音の窓,使用：このアイコンをアンロックする。アンロック後、個人センターで切り替えることができる。,イベント専用
20274,2020人気作者,使用：このアイコンをアンロックする。アンロック後、個人センターで切り替えることができる。,開発者年度イベント報酬
20275,2020新鋭作者,使用：このアイコンをアンロックする。アンロック後、個人センターで切り替えることができる。,開発者年度イベント報酬
20276,2020優秀作者,使用：このアイコンをアンロックする。アンロック後、個人センターで切り替えることができる。,開発者年度イベント報酬
20277,金符プラネット,使用：このアイコンをアンロックする。アンロック後、個人センターで切り替えることができる。,あなたと付き合った最初の日を記念して！
20278,青色スターエナジープラネット,使用：このアイコンをアンロックする。アンロック後、個人センターで切り替えることができる。,友達になったあの日をお祝いします！
20279,眩しい星,使用：このアイコンをアンロックする。アンロック後、個人センターで切り替えることができる。,期限限定イベントで獲得
20280,海の幻像,使用：このアイコンをアンロックする。アンロック後、個人センターで切り替えることができる。,期限限定イベントで獲得
20281,カラフルファンタシー,使用：このアイコンをアンロックする。アンロック後、個人センターで切り替えることができる。,期限限定イベントで獲得
20282,敦煌を守り,使用：このアイコンをアンロックする。アンロック後、個人センターで切り替えることができる。,ワールド守護計画イベントで獲得
20283,ミニワールド5周年,使用：このアイコンをアンロックする。アンロック後、個人センターで切り替えることができる。,周年イベントで獲得
20284,可愛いネコちゃん,使用：このアイコンをアンロックする。アンロック後、個人センターで切り替えることができる。,イベントで獲得
20285,秋田犬&柴犬,使用：このアイコンをアンロックする。アンロック後、個人センターで切り替えることができる。,イベントで獲得
20286,幸福のフクロウ,使用：このアイコンをアンロックする。アンロック後、個人センターで切り替えることができる。,イベントで獲得
20287,無邪気なパンダ,使用：このアイコンをアンロックする。アンロック後、個人センターで切り替えることができる。,イベントで獲得
20288,賢いキツネ,使用：このアイコンをアンロックする。アンロック後、個人センターで切り替えることができる。,イベントで獲得
20289,花の時,使用：このアイコンをアンロックする。アンロック後、個人センターで切り替えることができる。,朝露繁花を購入することで獲得
20290,回復の音,使用：このアイコンをアンロックする。アンロック後、個人センターで切り替えることができる。,Yuexiangカードは賑やかな季節のアップグレードでいっぱいです
20291,春のお出かけ,使用：このアイコンをアンロックする。アンロック後、個人センターで切り替えることができる。,Yuexiangカードは賑やかな季節のアップグレードでいっぱいです
20292,妙妙,使用：このアイコンをアンロックする。アンロック後、個人センターで切り替えることができる。,最初の充電
20293,@Null@,@Null@,@Null@
20294,中華風の椅子-かけら,実用的なセコイアの椅子、アンロック後セーブデータ内で合成して使用することができる。,
20295,中華風のテーブル-かけら,実用的なセコイアのテーブル、アンロック後セーブデータ内で合成して使用することができる。,
20296,中華風の木製椅子-かけら,実用的なセコイアの椅子、アンロック後セーブデータ内で合成して使用することができる。,
20297,中華風のストーブ-かけら,実用的なグレーのストーブ、アンロック後セーブデータ内で合成して使用することができる。,
20298,中華風のタンス-かけら,実用的なセコイアのタンス、アンロック後セーブデータ内で合成して使用することができる。,
20299,@Null@,@Null@,@Null@
20300,@Null@,@Null@,@Null@
20301,単身犬30日,使用：単身犬アイコンを獲得（30日）,11.11イベントで獲得
20302,リリス30日,使用：リリスアイコンを獲得（30日）,限定ドレスアップリリスを購入することで獲得
20303,鬼斧神工30日,使用：このアイコンをアンロックする。アンロック後、個人センターで切り替えることができる。,カリスマ建築士専用
20304,描写の巨匠30日,使用：このアイコンをアンロックする。アンロック後、個人センターで切り替えることができる。,カリスマ配信者専用
20305,建築の巨匠30日,使用：このアイコンをアンロックする。アンロック後、個人センターで切り替えることができる。,優秀建築士専用
20306,漫画の巨匠30日,使用：このアイコンをアンロックする。アンロック後、個人センターで切り替えることができる。,優秀漫画家専用
20307,明日のスター30日,使用：このアイコンをアンロックする。アンロック後、個人センターで切り替えることができる。,カリスマMC専用
20308,作文の巨匠30日,使用：このアイコンをアンロックする。アンロック後、個人センターで切り替えることができる。,作文の巨匠専用
20309,広報委員30日,使用：このアイコンをアンロックする。アンロック後、個人センターで切り替えることができる。,広報委員専用
20310,MC専用30日,使用：MCアイコンを獲得（30日）,ミニワールドMC専用アイコン
20311,ミニ工房管理人30日,使用：このアイコンをアンロックする。アンロック後、個人センターで切り替えることができる。,ミニ工房管理人専用
20312,ボランティア30日,使用：このアイコンをアンロックする。アンロック後、個人センターで切り替えることができる。,公式が認証する優秀ボランティア専用
20313,2017-30日,使用：このアイコンをアンロックする。アンロック後、個人センターで切り替えることができる。,年度記念、元日イベントで獲得
20314,アーラン神-30日,使用：このアイコンをアンロックする。アンロック後、個人センターで切り替えることができる。,ドレスアップアーラン神を購入することで獲得
20315,招きネコ-30日,使用：このアイコンをアンロックする。アンロック後、個人センターで切り替えることができる。,ご祝儀またはその他のイベントで獲得
20316,環境保護の建築家-30日,使用：植樹祭アイコンを獲得（30日）,ワールド保護計画イベントで獲得
20317,ミニワールド2周年-30日,使用：ミニワールド2周年アイコンを獲得（30日）,周年イベントで獲得
20318,キッズ船長-30日,使用：キッズ船長アイコンを獲得（30日）,2周年触手期間限定
20319,メーデー-30日,使用：メーデーアイコンを獲得（30日）,5.1イベントで獲得
20320,ゲームのバージョンが古すぎます,@Null@,@Null@
20321,こどもの日（30日）,使用：このアイコンをアンロックする。アンロック後、個人センターで切り替えることができる。,子供の日イベントで獲得
20322,納涼-夏（30日）,使用：このアイコンをアンロックする。アンロック後、個人センターで切り替えることができる。,サマーイベントで獲得
20323,花美しく月まどか（30日）,使用：このアイコンをアンロックする。アンロック後、個人センターで切り替えることができる。,中秋節イベントで獲得
20324,侠客の心（30日）,使用：このアイコンをアンロックする。アンロック後、個人センターで切り替えることができる。,国慶節イベントで獲得
20325,目を休める行動（30日）,使用：このアイコンをアンロックする。アンロック後、個人センターで切り替えることができる。,目の健康を守ろう。自ら実践しよう
20326,ベビー悪魔（30日）,使用：このアイコンをアンロックする。アンロック後、個人センターで切り替えることができる。,悪魔がやってきた、無限の可愛さ
20327,円卓騎士（30日）,使用：このアイコンをアンロックする。アンロック後、個人センターで切り替えることができる。,コミュニティ守護騎士団専用
20328,クリスマス（30日）,使用：このアイコンをアンロックする。アンロック後、個人センターで切り替えることができる。,クリスマスイベントで獲得
20329,2018（30日）,使用：このアイコンをアンロックする。アンロック後、個人センターで切り替えることができる。,年度記念、元日イベントで獲得
20330,大会成功（30日）,使用：このアイコンをアンロックする。アンロック後、個人センターで切り替えることができる。,大会イベントに参加で獲得。
20331,天蓬元帥（30日）,使用：このアイコンをアンロックする。アンロック後、個人センターで切り替えることができる。,ドレスアップ天蓬元帥を購入することで獲得
20332,ミニワールド3周年（30日）,使用：このアイコンをアンロックする。アンロック後、個人センターで切り替えることができる。,周年イベントで獲得
20333,ワールド保護計画専用（30日）,使用：このアイコンをアンロックする。アンロック後、個人センターで切り替えることができる。,公益イベントで獲得
20334,初級神（30日）,使用：このアイコンをアンロックする。アンロック後、個人センターで切り替えることができる。,実績により獲得
20335,中級神（30日）,使用：このアイコンをアンロックする。アンロック後、個人センターで切り替えることができる。,実績により獲得
20336,上級神（30日）,使用：このアイコンをアンロックする。アンロック後、個人センターで切り替えることができる。,実績により獲得
20337,イースター（30日）,使用：このアイコンをアンロックする。アンロック後、個人センターで切り替えることができる。,イースターイベントで獲得
20338,友情の手（30日）,使用：このアイコンをアンロックする。アンロック後、個人センターで切り替えることができる。,イベントで獲得
20339,端午節（30日）,使用：このアイコンをアンロックする。アンロック後、個人センターで切り替えることができる。,イベントで獲得
20340,博覧強記（30日）,使用：このアイコンをアンロックする。アンロック後、個人センターで切り替えることができる。,ミニ学堂イベントで獲得
20341,東部連盟（30日）,使用：このアイコンをアンロックする。アンロック後、個人センターで切り替えることができる。,NBA公式コラボイベントで獲得
20342,西部連盟（30日）,使用：このアイコンをアンロックする。アンロック後、個人センターで切り替えることができる。,NBA公式コラボイベントで獲得
20343,藍橋カップ（30日）,使用：このアイコンをアンロックする。アンロック後、個人センターで切り替えることができる。,藍橋カップに参加登録で獲得
20344,920全住民創造祭（30日）,使用：このアイコンをアンロックする。アンロック後、個人センターで切り替えることができる。,イベントで獲得
20345,Joker（30日）,使用：このアイコンをアンロックする。アンロック後、個人センターで切り替えることができる。,ドレスアップJokerを購入することで獲得
20346,クリスマスの気持ち（30日）,使用：このアイコンをアンロックする。アンロック後、個人センターで切り替えることができる。,クリスマス、元旦ガチャの累計回数で獲得
20347,2019年度アイコン（30日）,使用：このアイコンをアンロックする。アンロック後、個人センターで切り替えることができる。,年度記念、元日イベントで獲得
20348,ムース（30日）,使用：このアイコンをアンロックする。アンロック後、個人センターで切り替えることができる。,ドレスアップムースを購入することで獲得
20349,謹賀新年（子年）（30日）,使用：このアイコンをアンロックする。アンロック後、個人センターで切り替えることができる。,子年新春イベントを通じて獲得
20350,龍鳳呈祥（30日）,使用：このアイコンをアンロックする。アンロック後、個人センターで切り替えることができる。,子年新春福袋を購入することで贈呈
20351,ネズミ金ちゃん（30日）,使用：このアイコンをアンロックする。アンロック後、個人センターで切り替えることができる。,ドレスアップネズミ金ちゃんを購入することで獲得
20352,雪豹守護者（30日）,使用：このアイコンをアンロックする。アンロック後、個人センターで切り替えることができる。,公益イベントで獲得
20353,ミニワールド4周年（30日）,使用：このアイコンをアンロックする。アンロック後、個人センターで切り替えることができる。,周年イベントで獲得
20354,斉天小聖（30日）,使用：このアイコンをアンロックする。アンロック後、個人センターで切り替えることができる。,ドレスアップ斉天小聖を購入することで獲得
20355,繁星共同創作キャンプ（30日）,使用：このアイコンをアンロックする。アンロック後、個人センターで切り替えることができる。,大会受賞プレイヤー専用
20356,甘いちまき支持者（30日）,使用：このアイコンをアンロックする。アンロック後、個人センターで切り替えることができる。,端午節イベントで獲得
20357,しょっぱいちまき粽支持者（30日）,使用：このアイコンをアンロックする。アンロック後、個人センターで切り替えることができる。,端午節イベントで獲得
20358,陽光守護（30日）,使用：このアイコンをアンロックする。アンロック後、個人センターで切り替えることができる。,イベントで獲得
20359,プレイ方法大作戦専用（30日）,使用：このアイコンをアンロックする。アンロック後、個人センターで切り替えることができる。,大会イベントで獲得
20360,TikTok用アイコン（30日）,使用：このアイコンをアンロックする。アンロック後、個人センターで切り替えることができる。,イベントで獲得
20361,ウサギの願い（30日）,使用：このアイコンをアンロックする。アンロック後、個人センターで切り替えることができる。,イベントで獲得
20362,QQ版専用アイコン（30日）,使用：このアイコンをアンロックする。アンロック後、個人センターで切り替えることができる。,イベントで獲得
20363,慧眼達人（30日）,使用：このアイコンをアンロックする。アンロック後、個人センターで切り替えることができる。,イベントで獲得
20364,2020（30日）,使用：このアイコンをアンロックする。アンロック後、個人センターで切り替えることができる。,年度記念、イベントで獲得
20365,2020（30日）,使用：このアイコンをアンロックする。アンロック後、個人センターで切り替えることができる。,年度サプライズ、期間限定ギフトパックで獲得
20366,冬の声（30日）,使用：このアイコンをアンロックする。アンロック後、個人センターで切り替えることができる。,シェアカード通常限定
20367,梅の影（30日）,使用：このアイコンをアンロックする。アンロック後、個人センターで切り替えることができる。,シェアカードホワイトカード限定
20368,クリスマス雪松（30日）,使用：このアイコンをアンロックする。アンロック後、個人センターで切り替えることができる。,クリスマスイベントで獲得
20369,雨林征服者（30日）,使用：このアイコンをアンロックする。アンロック後、個人センターで切り替えることができる。,イベントで獲得
20370,謹賀新年（丑年）（30日）,使用：このアイコンをアンロックする。アンロック後、個人センターで切り替えることができる。,イベントで獲得
20371,公式版専用アイコン（30日）,使用：このアイコンをアンロックする。アンロック後、個人センターで切り替えることができる。,公式版イベントで獲得
20372,スターライト混在（30日）,使用：このアイコンをアンロックする。アンロック後、個人センターで切り替えることができる。,達人盛典専用
20373,自然界が発する音の窓（30日）,使用：このアイコンをアンロックする。アンロック後、個人センターで切り替えることができる。,イベント専用
20374,2020人気作者（30日）,使用：このアイコンをアンロックする。アンロック後、個人センターで切り替えることができる。,開発者年度イベント報酬
20375,2020新鋭作者（30日）,使用：このアイコンをアンロックする。アンロック後、個人センターで切り替えることができる。,開発者年度イベント報酬
20376,2020優秀作者（30日）,使用：このアイコンをアンロックする。アンロック後、個人センターで切り替えることができる。,開発者年度イベント報酬
20377,金符プラネット（30日）,使用：このアイコンをアンロックする。アンロック後、個人センターで切り替えることができる。,あなたと付き合った最初の日を記念して！
20378,青色スターエナジープラネット（30日）,使用：このアイコンをアンロックする。アンロック後、個人センターで切り替えることができる。,友達になったあの日をお祝いします！
20379,眩しい星（30日）,使用：このアイコンをアンロックする。アンロック後、個人センターで切り替えることができる。,期限限定イベントで獲得
20380,海の幻像（30日）,使用：このアイコンをアンロックする。アンロック後、個人センターで切り替えることができる。,期限限定イベントで獲得
20381,カラフルファンタシー（30日）,使用：このアイコンをアンロックする。アンロック後、個人センターで切り替えることができる。,期限限定イベントで獲得
20382,敦煌を守り（30日）,使用：このアイコンをアンロックする。アンロック後、個人センターで切り替えることができる。,ワールド守護計画イベントで獲得
20383,ミニワールド5周年（30日）,使用：このアイコンをアンロックする。アンロック後、個人センターで切り替えることができる。,周年イベントで獲得
20384,可愛いネコちゃん（30日）,使用：このアイコンをアンロックする。アンロック後、個人センターで切り替えることができる。,イベントで獲得
20385,秋田犬&柴犬（30日）,使用：このアイコンをアンロックする。アンロック後、個人センターで切り替えることができる。,イベントで獲得
20386,幸福のフクロウ（30日）,使用：このアイコンをアンロックする。アンロック後、個人センターで切り替えることができる。,イベントで獲得
20387,無邪気なパンダ（30日）,使用：このアイコンをアンロックする。アンロック後、個人センターで切り替えることができる。,イベントで獲得
20388,賢いキツネ（30日）,使用：このアイコンをアンロックする。アンロック後、個人センターで切り替えることができる。,イベントで獲得
20389,花の時（30日）,使用：このアイコンをアンロックする。アンロック後、個人センターで切り替えることができる。,@Null@
20390,回復の音（30日）,使用：このアイコンをアンロックする。アンロック後、個人センターで切り替えることができる。,ワイアットカードは繁栄期にアップグレードされます
20391,春のお出かけ（30日）,使用：このアイコンをアンロックする。アンロック後、個人センターで切り替えることができる。,ワイアットカードは繁栄期にアップグレードされます
20392,妙妙（30日）,使用：このアイコンをアンロックする。アンロック後、個人センターで切り替えることができる。,最初の充電アクティビティを取得する
20393,@Null@,@Null@,@Null@
20394,@Null@,@Null@,@Null@
20395,@Null@,@Null@,@Null@
20396,@Null@,@Null@,@Null@
20397,@Null@,@Null@,@Null@
20398,@Null@,@Null@,@Null@
20399,@Null@,@Null@,@Null@
20400,@Null@,@Null@,@Null@
20401,龍君（永久）,使用：ドレスを永久的にロック解除します。ドレスを永久にロック解除していれば、ミニビーンのギフトを！,@Null@
20402,アーラン神（永久）,使用：ドレスを永久的にロック解除します。ドレスを永久にロック解除していれば、ミニビーンのギフトを！,@Null@
20403,マーマル（永久）,使用：ドレスを永久的にロック解除します。ドレスを永久にロック解除していれば、ミニビーンのギフトを！,@Null@
20404,Misoso（永久）,使用：ドレスを永久的にロック解除します。ドレスを永久にロック解除していれば、ミニビーンのギフトを！,@Null@
20405,Mini-X（永久）,使用：ドレスを永久的にロック解除します。ドレスを永久にロック解除していれば、ミニビーンのギフトを！,@Null@
20406,Mini-T（永久）,使用：ドレスを永久的にロック解除します。ドレスを永久にロック解除していれば、ミニビーンのギフトを！,@Null@
20407,月子ちゃん（永久）,使用：ドレスを永久的にロック解除します。ドレスを永久にロック解除していれば、ミニビーンのギフトを！,@Null@
20408,ハローパンプキン（永久）,使用：ドレスを永久的にロック解除します。ドレスを永久にロック解除していれば、ミニビーンのギフトを！,@Null@
20409,人魚プリンセス（永久）,使用：ドレスを永久的にロック解除します。ドレスを永久にロック解除していれば、ミニビーンのギフトを！,@Null@
20410,雪ちゃん（永久）,使用：ドレスを永久的にロック解除します。ドレスを永久にロック解除していれば、ミニビーンのギフトを！,@Null@
20411,Popo（永久）,使用：ドレスを永久的にロック解除します。ドレスを永久にロック解除していれば、ミニビーンのギフトを！,@Null@
20412,Dodo（永久）,使用：ドレスを永久的にロック解除します。ドレスを永久にロック解除していれば、ミニビーンのギフトを！,@Null@
20413,Bobo（永久）,使用：ドレスを永久的にロック解除します。ドレスを永久にロック解除していれば、ミニビーンのギフトを！,@Null@
20414,桜ちゃん（永久）,使用：ドレスを永久的にロック解除します。ドレスを永久にロック解除していれば、ミニビーンのギフトを！,@Null@
20415,天蓬元帥（永久）,使用：ドレスを永久的にロック解除します。ドレスを永久にロック解除していれば、ミニビーンのギフトを！,@Null@
20416,Eva（永久）,使用：ドレスを永久的にロック解除します。ドレスを永久にロック解除していれば、ミニビーンのギフトを！,@Null@
20417,Mini-Beat（永久）,使用：ドレスを永久的にロック解除します。ドレスを永久にロック解除していれば、ミニビーンのギフトを！,@Null@
20418,ランスロット（永久）,使用：ドレスを永久的にロック解除します。ドレスを永久にロック解除していれば、ミニビーンのギフトを！,@Null@
20419,マシュメロ（永久）,使用：ドレスを永久的にロック解除します。ドレスを永久にロック解除していれば、ミニビーンのギフトを！,@Null@
20420,千兵衛（永久）,使用：ドレスを永久的にロック解除します。ドレスを永久にロック解除していれば、ミニビーンのギフトを！,@Null@
20421,星翼（永久）,使用：ドレスを永久的にロック解除します。ドレスを永久にロック解除していれば、ミニビーンのギフトを！,@Null@
20422,アサシン離（永久）,使用：ドレスを永久的にロック解除します。ドレスを永久にロック解除していれば、ミニビーンのギフトを！,@Null@
20423,アサシン暗（永久）,使用：ドレスを永久的にロック解除します。ドレスを永久にロック解除していれば、ミニビーンのギフトを！,@Null@
20424,インコチュウチュウ（永久）,使用：ドレスを永久的にロック解除します。ドレスを永久にロック解除していれば、ミニビーンのギフトを！,@Null@
20425,Mini-S（永久）,使用：ドレスを永久的にロック解除します。ドレスを永久にロック解除していれば、ミニビーンのギフトを！,@Null@
20426,モジャ（永久）,使用：ドレスを永久的にロック解除します。ドレスを永久にロック解除していれば、ミニビーンのギフトを！,@Null@
20427,Joker（永久）,使用：ドレスを永久的にロック解除します。ドレスを永久にロック解除していれば、ミニビーンのギフトを！,@Null@
20428,カナミ（永久）,使用：ドレスを永久的にロック解除します。ドレスを永久にロック解除していれば、ミニビーンのギフトを！,@Null@
20429,Optimus Prime（永久）,使用：ドレスを永久的にロック解除します。ドレスを永久にロック解除していれば、ミニビーンのギフトを！,@Null@
20430,Megatron（永久）,使用：ドレスを永久的にロック解除します。ドレスを永久にロック解除していれば、ミニビーンのギフトを！,@Null@
20431,ムース（永久）,使用：ドレスを永久的にロック解除します。ドレスを永久にロック解除していれば、ミニビーンのギフトを！,@Null@
20432,ネズミ銀ちゃん（永久）,使用：ドレスを永久的にロック解除します。ドレスを永久にロック解除していれば、ミニビーンのギフトを！,@Null@
20433,ネズミ金ちゃん（永久）,使用：ドレスを永久的にロック解除します。ドレスを永久にロック解除していれば、ミニビーンのギフトを！,@Null@
20434,林千樹（永久）,使用：ドレスを永久的にロック解除します。ドレスを永久にロック解除していれば、ミニビーンのギフトを！,@Null@
20435,Bumblebee（永久）,使用：ドレスを永久的にロック解除します。ドレスを永久にロック解除していれば、ミニビーンのギフトを！,@Null@
20436,花妖精（永久）,使用：ドレスを永久的にロック解除します。ドレスを永久にロック解除していれば、ミニビーンのギフトを！,@Null@
20437,星霊ポポ（永久）,使用：ドレスを永久的にロック解除します。ドレスを永久にロック解除していれば、ミニビーンのギフトを！,@Null@
20438,雪豹姫様（永久）,使用：ドレスを永久的にロック解除します。ドレスを永久にロック解除していれば、ミニビーンのギフトを！,@Null@
20439,エリ（永久）,使用：ドレスを永久的にロック解除します。ドレスを永久にロック解除していれば、ミニビーンのギフトを！,@Null@
20440,忍者カエル（永久）,使用：ドレスを永久的にロック解除します。ドレスを永久にロック解除していれば、ミニビーンのギフトを！,@Null@
20441,Starscream（永久）,使用：ドレスを永久的にロック解除します。ドレスを永久にロック解除していれば、ミニビーンのギフトを！,@Null@
20442,Hot Rod（永久）,使用：ドレスを永久的にロック解除します。ドレスを永久にロック解除していれば、ミニビーンのギフトを！,@Null@
20443,Galvatron（永久）,使用：ドレスを永久的にロック解除します。ドレスを永久にロック解除していれば、ミニビーンのギフトを！,@Null@
20444,全能ラウル（永久）,使用：ドレスを永久的にロック解除します。ドレスを永久にロック解除していれば、ミニビーンのギフトを！,@Null@
20445,少女鈴音（永久）,使用：ドレスを永久的にロック解除します。ドレスを永久にロック解除していれば、ミニビーンのギフトを！,@Null@
20446,青弦（永久）,使用：ドレスを永久的にロック解除します。ドレスを永久にロック解除していれば、ミニビーンのギフトを！,@Null@
20447,Twilight Sparkle（永久）,使用：ドレスを永久的にロック解除します。ドレスを永久にロック解除していれば、ミニビーンのギフトを！,@Null@
20448,Princess Celestia（永久）,使用：ドレスを永久的にロック解除します。ドレスを永久にロック解除していれば、ミニビーンのギフトを！,@Null@
20449,Fluttershy（永久）,使用：ドレスを永久的にロック解除します。ドレスを永久にロック解除していれば、ミニビーンのギフトを！,@Null@
20450,プリンセスルナ（永久）,使用：ドレスを永久的にロック解除します。ドレスを永久にロック解除していれば、ミニビーンのギフトを！,@Null@
20451,グリムロック（永久）,使用：ドレスを永久的にロック解除します。ドレスを永久にロック解除していれば、ミニビーンのギフトを！,@Null@
20452,Swoop（永久）,使用：ドレスを永久的にロック解除します。ドレスを永久にロック解除していれば、ミニビーンのギフトを！,@Null@
20453,Snarl（永久）,使用：ドレスを永久的にロック解除します。ドレスを永久にロック解除していれば、ミニビーンのギフトを！,@Null@
20454,旅行者ダキ（永久）,使用：ドレスを永久的にロック解除します。ドレスを永久にロック解除していれば、ミニビーンのギフトを！,@Null@
20455,タリア（永久）,使用：ドレスを永久的にロック解除します。ドレスを永久にロック解除していれば、ミニビーンのギフトを！,ガチャでゲット
20456,森の隠者ウタ（永久）,使用：ドレスを永久的にロック解除します。ドレスを永久にロック解除していれば、ミニビーンのギフトを！,@Null@
20457,@Null@,@Null@,@Null@
20458,Pinkie Pie（永久）,使用：ドレスを永久的にロック解除します。ドレスを永久にロック解除していれば、ミニビーンのギフトを！,@Null@
20459,ウサギラビさん（永久）,使用：ドレスを永久的にロック解除します。ドレスを永久にロック解除していれば、ミニビーンのギフトを！,@Null@
20460,白夜の魔女キャロル（永久）,使用：ドレスを永久的にロック解除します。ドレスを永久にロック解除していれば、ミニビーンのギフトを！,@Null@
20461,わさびちゃん（永久）,使用：ドレスを永久的にロック解除します。ドレスを永久にロック解除していれば、ミニビーンのギフトを！,ガチャで獲得
20462,タコ君（永久）,使用：ドレスを永久的にロック解除します。ドレスを永久にロック解除していれば、ミニビーンのギフトを！,ガチャで獲得
20463,ギギ熊（永久）,使用：ドレスを永久的にロック解除します。ドレスを永久にロック解除していれば、ミニビーンのギフトを！,ガチャで獲得
20464,Starlight Glimmer（永久）,使用：ドレスを永久的にロック解除します。ドレスを永久にロック解除していれば、ミニビーンのギフトを！,@Null@
20465,Rainbow Dash（永久）,使用：ドレスを永久的にロック解除します。ドレスを永久にロック解除していれば、ミニビーンのギフトを！,@Null@
20466,Princess Cadence（永久）,使用：ドレスを永久的にロック解除します。ドレスを永久にロック解除していれば、ミニビーンのギフトを！,@Null@
20467,初暮（永久）,使用：ドレスを永久的にロック解除します。ドレスを永久にロック解除していれば、ミニビーンのギフトを！,@Null@
20468,Predaking（永久）,使用：ドレスを永久的にロック解除します。ドレスを永久にロック解除していれば、ミニビーンのギフトを！,@Null@
20469,Razorclaw（永久）,使用：ドレスを永久的にロック解除します。ドレスを永久にロック解除していれば、ミニビーンのギフトを！,@Null@
20470,Headstrong（永久）,使用：ドレスを永久的にロック解除します。ドレスを永久にロック解除していれば、ミニビーンのギフトを！,@Null@
20471,Tantrum（永久）,使用：ドレスを永久的にロック解除します。ドレスを永久にロック解除していれば、ミニビーンのギフトを！,@Null@
20472,Rampage（永久）,使用：ドレスを永久的にロック解除します。ドレスを永久にロック解除していれば、ミニビーンのギフトを！,@Null@
20473,Divebomb（永久）,使用：ドレスを永久的にロック解除します。ドレスを永久にロック解除していれば、ミニビーンのギフトを！,@Null@
20474,Superion（永久）,使用：ドレスを永久的にロック解除します。ドレスを永久にロック解除していれば、ミニビーンのギフトを！,@Null@
20475,Silverbolt（永久）,使用：ドレスを永久的にロック解除します。ドレスを永久にロック解除していれば、ミニビーンのギフトを！,@Null@
20476,パチンコ（永久）,使用：ドレスを永久的にロック解除します。ドレスを永久にロック解除していれば、ミニビーンのギフトを！,@Null@
20477,Skydive（永久）,使用：ドレスを永久的にロック解除します。ドレスを永久にロック解除していれば、ミニビーンのギフトを！,@Null@
20478,Air Raid（永久）,使用：ドレスを永久的にロック解除します。ドレスを永久にロック解除していれば、ミニビーンのギフトを！,@Null@
20479,Fireflight（永久）,使用：ドレスを永久的にロック解除します。ドレスを永久にロック解除していれば、ミニビーンのギフトを！,@Null@
20480,聖嬰（永久）,使用：ドレスを永久的にロック解除します。ドレスを永久にロック解除していれば、ミニビーンのギフトを！,ガチャで獲得
20481,魔炎（永久）,使用：ドレスを永久的にロック解除します。ドレスを永久にロック解除していれば、ミニビーンのギフトを！,@Null@
20482,霊よう（永久）,使用：ドレスを永久的にロック解除します。ドレスを永久にロック解除していれば、ミニビーンのギフトを！,@Null@
20483,アッシュ（永久）,使用：ドレスを永久的にロック解除します。ドレスを永久にロック解除していれば、ミニビーンのギフトを！,@Null@
20484,ミニクール（永久）,使用：ドレスを永久的にロック解除します。ドレスを永久にロック解除していれば、ミニビーンのギフトを！,ガチャで獲得
20485,狼少年（永久）,使用：ドレスを永久的にロック解除します。ドレスを永久にロック解除していれば、ミニビーンのギフトを！,@Null@
20486,姫－雅子（永久）,使用：ドレスを永久的にロック解除します。ドレスを永久にロック解除していれば、ミニビーンのギフトを！,@Null@
20487,ドラゴン王子-歌（永久）,使用：ドレスを永久的にロック解除します。ドレスを永久にロック解除していれば、ミニビーンのギフトを！,イベントで獲得
20488,バラちゃん（永久）,使用：ドレスを永久的にロック解除します。ドレスを永久にロック解除していれば、ミニビーンのギフトを！,@Null@
20489,深林白鹿（永久）,使用：ドレスを永久的にロック解除します。ドレスを永久にロック解除していれば、ミニビーンのギフトを！,@Null@
20490,涅槃絵色（永久）,使用：ドレスを永久的にロック解除します。ドレスを永久にロック解除していれば、ミニビーンのギフトを！,@Null@
20491,鹿王本尊（永久）,使用：ドレスを永久的にロック解除します。ドレスを永久にロック解除していれば、ミニビーンのギフトを！,@Null@
20492,オレンジ（永久）,使用：ドレスを永久的にロック解除します。ドレスを永久にロック解除していれば、ミニビーンのギフトを！,@Null@
20493,アジサイ少年 チャールズ（永久）,使用：ドレスを永久的にロック解除します。ドレスを永久にロック解除していれば、ミニビーンのギフトを！,シェアカードから排出
20494,バブル（永久）,使用：ドレスを永久的にロック解除します。ドレスを永久にロック解除していれば、ミニビーンのギフトを！,@Null@
20495,朝露繁花（永久）,使用：ドレスを永久的にロック解除します。ドレスを永久にロック解除していれば、ミニビーンのギフトを！,@Null@
20496,氷姫（永久）,使用：ドレスを永久的にロック解除します。ドレスを永久にロック解除していれば、ミニビーンのギフトを！,@Null@
20497,羅麗（永久）,使用：ドレスを永久的にロック解除します。ドレスを永久にロック解除していれば、ミニビーンのギフトを！,@Null@
20498,白蛍（永久）,使用：ドレスを永久的にロック解除します。ドレスを永久にロック解除していれば、ミニビーンのギフトを！,@Null@
20499,灰被り　シンデレラ（永久）,使用：ドレスを永久的にロック解除します。ドレスを永久にロック解除していれば、ミニビーンのギフトを！,@Null@
20500,@Null@,@Null@,@Null@
20501,龍君（1日）,使用：このドレスアップを1日使用可能。すでにこのドレスアップを永久アンロックしている場合、ミニビーンをいくつか獲得。,@Null@
20502,アーラン神（1日）,使用：ドレスを一日間にロック解除します。ドレスを永久にロック解除していれば、ミニビーンのギフトを！,@Null@
20503,マーマル（1日）,使用：ドレスを一日間にロック解除します。ドレスを永久にロック解除していれば、ミニビーンのギフトを！,@Null@
20504,Misoso（1日）,使用：ドレスを一日間にロック解除します。ドレスを永久にロック解除していれば、ミニビーンのギフトを！,@Null@
20505,Mini-X（1日）,使用：ドレスを一日間にロック解除します。ドレスを永久にロック解除していれば、ミニビーンのギフトを！,@Null@
20506,Mini-T（1日）,使用：ドレスを一日間にロック解除します。ドレスを永久にロック解除していれば、ミニビーンのギフトを！,@Null@
20507,月子ちゃん（1日）,使用：ドレスを一日間にロック解除します。ドレスを永久にロック解除していれば、ミニビーンのギフトを！,@Null@
20508,ハローパンプキン（1日）,使用：ドレスを一日間にロック解除します。ドレスを永久にロック解除していれば、ミニビーンのギフトを！,@Null@
20509,人魚プリンセス（1日）,使用：ドレスを一日間にロック解除します。ドレスを永久にロック解除していれば、ミニビーンのギフトを！,@Null@
20510,雪ちゃん（1日）,使用：ドレスを一日間にロック解除します。ドレスを永久にロック解除していれば、ミニビーンのギフトを！,@Null@
20511,桜ちゃん（1日）,使用：ドレスを一日間にロック解除します。ドレスを永久にロック解除していれば、ミニビーンのギフトを！,@Null@
20512,天蓬元帥（1日）,使用：ドレスを一日間にロック解除します。ドレスを永久にロック解除していれば、ミニビーンのギフトを！,@Null@
20513,Eva（1日）,使用：ドレスを一日間にロック解除します。ドレスを永久にロック解除していれば、ミニビーンのギフトを！,@Null@
20514,Mini-Beat（1日）,使用：ドレスを一日間にロック解除します。ドレスを永久にロック解除していれば、ミニビーンのギフトを！,@Null@
20515,ランスロット（1日）,使用：ドレスを一日間にロック解除します。ドレスを永久にロック解除していれば、ミニビーンのギフトを！,@Null@
20516,マシュメロ（1日）,使用：ドレスを一日間にロック解除します。ドレスを永久にロック解除していれば、ミニビーンのギフトを！,@Null@
20517,SWE,使用：ドレスを一日間にロック解除します。ドレスを永久にロック解除していれば、ミニビーンのギフトを！,@Null@
20518,星翼（1日）,使用：ドレスを一日間にロック解除します。ドレスを永久にロック解除していれば、ミニビーンのギフトを！,@Null@
20519,アサシン離（1日）,使用：ドレスを一日間にロック解除します。ドレスを永久にロック解除していれば、ミニビーンのギフトを！,@Null@
20520,アサシン暗（1日）,使用：ドレスを一日間にロック解除します。ドレスを永久にロック解除していれば、ミニビーンのギフトを！,@Null@
20521,インコチュウチュウ（1日）,使用：ドレスを一日間にロック解除します。ドレスを永久にロック解除していれば、ミニビーンのギフトを！,@Null@
20522,Mini-S（1日）,使用：ドレスを一日間にロック解除します。ドレスを永久にロック解除していれば、ミニビーンのギフトを！,@Null@
20523,モジャ（1日）,使用：ドレスを一日間にロック解除します。ドレスを永久にロック解除していれば、ミニビーンのギフトを！,@Null@
20524,ジョーカー（1日）,使用：ドレスを一日間にロック解除します。ドレスを永久にロック解除していれば、ミニビーンのギフトを！,@Null@
20525,カナミ（1日）,使用：ドレスを一日間にロック解除します。ドレスを永久にロック解除していれば、ミニビーンのギフトを！,@Null@
20526,Optimus Prime（1日）,使用：ドレスを一日間にロック解除します。ドレスを永久にロック解除していれば、ミニビーンのギフトを！,@Null@
20527,Megatron（1日）,使用：ドレスを一日間にロック解除します。ドレスを永久にロック解除していれば、ミニビーンのギフトを！,@Null@
20528,ムース（1日）,使用：ドレスを一日間にロック解除します。ドレスを永久にロック解除していれば、ミニビーンのギフトを！,@Null@
20529,ネズミ銀ちゃん（1日）,使用：ドレスを一日間にロック解除します。ドレスを永久にロック解除していれば、ミニビーンのギフトを！,@Null@
20530,ネズミ金ちゃん（1日）,使用：ドレスを一日間にロック解除します。ドレスを永久にロック解除していれば、ミニビーンのギフトを！,@Null@
20531,林千樹（1日）,使用：ドレスを一日間にロック解除します。ドレスを永久にロック解除していれば、ミニビーンのギフトを！,@Null@
20532,Bumblebee（1日）,使用：ドレスを一日間にロック解除します。ドレスを永久にロック解除していれば、ミニビーンのギフトを！,@Null@
20533,花妖精（1日）,使用：ドレスを一日間にロック解除します。ドレスを永久にロック解除していれば、ミニビーンのギフトを！,@Null@
20534,星霊ポポ（1日）,使用：ドレスを一日間にロック解除します。ドレスを永久にロック解除していれば、ミニビーンのギフトを！,@Null@
20535,雪豹姫様（1日）,使用：ドレスを一日間にロック解除します。ドレスを永久にロック解除していれば、ミニビーンのギフトを！,@Null@
20536,エリ（1日）,使用：ドレスを一日間にロック解除します。ドレスを永久にロック解除していれば、ミニビーンのギフトを！,@Null@
20537,忍者カエル（1日）,使用：ドレスを一日間にロック解除します。ドレスを永久にロック解除していれば、ミニビーンのギフトを！,@Null@
20538,Starscream（1日）,使用：ドレスを一日間にロック解除します。ドレスを永久にロック解除していれば、ミニビーンのギフトを！,@Null@
20539,Hot Rod（1日）,使用：ドレスを一日間にロック解除します。ドレスを永久にロック解除していれば、ミニビーンのギフトを！,@Null@
20540,Galvatron（1日）,使用：ドレスを一日間にロック解除します。ドレスを永久にロック解除していれば、ミニビーンのギフトを！,@Null@
20541,全能ラウル（1日）,使用：ドレスを一日間にロック解除します。ドレスを永久にロック解除していれば、ミニビーンのギフトを！,@Null@
20542,少女鈴音（1日）,使用：ドレスを一日間にロック解除します。ドレスを永久にロック解除していれば、ミニビーンのギフトを！,@Null@
20543,青弦（1日）,使用：ドレスを一日間にロック解除します。ドレスを永久にロック解除していれば、ミニビーンのギフトを！,@Null@
20544,Twilight Sparkle（1日）,使用：ドレスを一日間にロック解除します。ドレスを永久にロック解除していれば、ミニビーンのギフトを！,@Null@
20545,Princess Celestia（1日）,使用：ドレスを一日間にロック解除します。ドレスを永久にロック解除していれば、ミニビーンのギフトを！,@Null@
20546,Fluttershy（1日）,使用：ドレスを一日間にロック解除します。ドレスを永久にロック解除していれば、ミニビーンのギフトを！,@Null@
20547,プリンセスルナ（1日）,使用：ドレスを一日間にロック解除します。ドレスを永久にロック解除していれば、ミニビーンのギフトを！,@Null@
20548,グリムロック（1日）,使用：ドレスを一日間にロック解除します。ドレスを永久にロック解除していれば、ミニビーンのギフトを！,@Null@
20549,Swoop（1日）,使用：ドレスを一日間にロック解除します。ドレスを永久にロック解除していれば、ミニビーンのギフトを！,@Null@
20550,Snarl（1日）,使用：ドレスを一日間にロック解除します。ドレスを永久にロック解除していれば、ミニビーンのギフトを！,@Null@
20551,旅行者ダキ（1日）,使用：ドレスを一日間にロック解除します。ドレスを永久にロック解除していれば、ミニビーンのギフトを！,@Null@
20552,タリア（1日）,使用：ドレスを一日間にロック解除します。ドレスを永久にロック解除していれば、ミニビーンのギフトを！,@Null@
20553,森の隠者ウタ（1日）,使用：ドレスを一日間にロック解除します。ドレスを永久にロック解除していれば、ミニビーンのギフトを！,@Null@
20554,@Null@,@Null@,@Null@
20555,Pinkie Pie（1日）,使用：ドレスを一日間にロック解除します。ドレスを永久にロック解除していれば、ミニビーンのギフトを！,@Null@
20556,ウサギラビさん（1日）,使用：ドレスを一日間にロック解除します。ドレスを永久にロック解除していれば、ミニビーンのギフトを！,@Null@
20557,白夜の魔女キャロル（1日）,使用：ドレスを一日間にロック解除します。ドレスを永久にロック解除していれば、ミニビーンのギフトを！,@Null@
20558,わさびちゃん（1日）,使用：ドレスを一日間にロック解除します。ドレスを永久にロック解除していれば、ミニビーンのギフトを！,@Null@
20559,タコ君（1日）,使用：ドレスを一日間にロック解除します。ドレスを永久にロック解除していれば、ミニビーンのギフトを！,@Null@
20560,ギギ熊（1日）,使用：ドレスを一日間にロック解除します。ドレスを永久にロック解除していれば、ミニビーンのギフトを！,@Null@
20561,Starlight Glimmer（1日）,使用：ドレスを一日間にロック解除します。ドレスを永久にロック解除していれば、ミニビーンのギフトを！,@Null@
20562,Rainbow Dash（1日）,使用：ドレスを一日間にロック解除します。ドレスを永久にロック解除していれば、ミニビーンのギフトを！,@Null@
20563,Princess Cadence（1日）,使用：ドレスを一日間にロック解除します。ドレスを永久にロック解除していれば、ミニビーンのギフトを！,@Null@
20564,初暮（1日）,使用：ドレスを一日間にロック解除します。ドレスを永久にロック解除していれば、ミニビーンのギフトを！,@Null@
20565,Predaking（1日）,使用：ドレスを一日間にロック解除します。ドレスを永久にロック解除していれば、ミニビーンのギフトを！,@Null@
20566,Razorclaw（1日）,使用：ドレスを一日間にロック解除します。ドレスを永久にロック解除していれば、ミニビーンのギフトを！,@Null@
20567,Headstrong（1日）,使用：ドレスを一日間にロック解除します。ドレスを永久にロック解除していれば、ミニビーンのギフトを！,@Null@
20568,Tantrum（1日）,使用：ドレスを一日間にロック解除します。ドレスを永久にロック解除していれば、ミニビーンのギフトを！,@Null@
20569,Rampage（1日）,使用：ドレスを一日間にロック解除します。ドレスを永久にロック解除していれば、ミニビーンのギフトを！,@Null@
20570,Divebomb（1日）,使用：ドレスを一日間にロック解除します。ドレスを永久にロック解除していれば、ミニビーンのギフトを！,@Null@
20571,Superion（1日）,使用：ドレスを一日間にロック解除します。ドレスを永久にロック解除していれば、ミニビーンのギフトを！,@Null@
20572,Silverbolt（1日）,使用：ドレスを一日間にロック解除します。ドレスを永久にロック解除していれば、ミニビーンのギフトを！,@Null@
20573,パチンコ（1日）,使用：ドレスを一日間にロック解除します。ドレスを永久にロック解除していれば、ミニビーンのギフトを！,@Null@
20574,Skydive（1日）,使用：ドレスを一日間にロック解除します。ドレスを永久にロック解除していれば、ミニビーンのギフトを！,@Null@
20575,Air Raid（1日）,使用：ドレスを一日間にロック解除します。ドレスを永久にロック解除していれば、ミニビーンのギフトを！,@Null@
20576,Fireflight（1日）,使用：ドレスを一日間にロック解除します。ドレスを永久にロック解除していれば、ミニビーンのギフトを！,@Null@
20577,聖嬰（1日）,使用：ドレスを一日間にロック解除します。ドレスを永久にロック解除していれば、ミニビーンのギフトを！,@Null@
20578,魔炎（1日）,使用：ドレスを一日間にロック解除します。ドレスを永久にロック解除していれば、ミニビーンのギフトを！,@Null@
20579,霊よう（1日）,使用：ドレスを一日間にロック解除します。ドレスを永久にロック解除していれば、ミニビーンのギフトを！,@Null@
20580,アッシュ（1日）,使用：ドレスを一日間にロック解除します。ドレスを永久にロック解除していれば、ミニビーンのギフトを！,@Null@
20581,ミニクール（1日）,使用：ドレスを一日間にロック解除します。ドレスを永久にロック解除していれば、ミニビーンのギフトを！,@Null@
20582,狼少年（1日）,使用：ドレスを一日間にロック解除します。ドレスを永久にロック解除していれば、ミニビーンのギフトを！,@Null@
20583,姫－雅子（1日）,使用：ドレスを一日間にロック解除します。ドレスを永久にロック解除していれば、ミニビーンのギフトを！,@Null@
20584,ドラゴン王子-歌（1日）,使用：ドレスを一日間にロック解除します。ドレスを永久にロック解除していれば、ミニビーンのギフトを！,イベントで獲得
20585,バラちゃん（1日）,使用：ドレスを一日間にロック解除します。ドレスを永久にロック解除していれば、ミニビーンのギフトを！,@Null@
20586,深林白鹿（1日）,使用：マウントを一日間にロック解除します。永久にロック解除していれば、ミニビーンのギフトを！,@Null@
20587,涅槃絵色（1日）,使用：マウントを一日間にロック解除します。永久にロック解除していれば、ミニビーンのギフトを！,@Null@
20588,鹿王本尊（1日）,使用：マウントを一日間にロック解除します。永久にロック解除していれば、ミニビーンのギフトを！,@Null@
20589,デブネコ（1日）,使用：ドレスを一日間にロック解除します。ドレスを永久にロック解除していれば、ミニビーンのギフトを！,@Null@
20590,アジサイ少年 チャールズ（1日）,使用：ドレスを一日間にロック解除します。ドレスを永久にロック解除していれば、ミニビーンのギフトを！,シェアカードから排出
20591,イルカ（1日）,使用：ドレスを一日間にロック解除します。ドレスを永久にロック解除していれば、ミニビーンのギフトを！,@Null@
20592,朝露繁花（1日）,使用：ドレスを一日間にロック解除します。ドレスを永久にロック解除していれば、ミニビーンのギフトを！,@Null@
20593,氷姫（1日）,使用：ドレスを一日間にロック解除します。ドレスを永久にロック解除していれば、ミニビーンのギフトを！,@Null@
20594,羅麗（1日）,使用：ドレスを一日間にロック解除します。ドレスを永久にロック解除していれば、ミニビーンのギフトを！,@Null@
20595,白蛍（1日）,使用：ドレスを一日間にロック解除します。ドレスを永久にロック解除していれば、ミニビーンのギフトを！,@Null@
20596,灰被り　シンデレラ（1日）,使用：ドレスを一日間にロック解除します。ドレスを永久にロック解除していれば、ミニビーンのギフトを！,@Null@
20597,花小桜（7日間）,使用：ドレスを七日間にロック解除します。ドレスを永久にロック解除していれば、ミニビーンのギフトを！,@Null@
20598,ミジラ（7日間）,使用：ドレスを七日間にロック解除します。ドレスを永久にロック解除していれば、ミニビーンのギフトを！,@Null@
20599,ランスロット（7日間）,使用：ドレスを七日間にロック解除します。ドレスを永久にロック解除していれば、ミニビーンのギフトを！,@Null@
20600,隣人の男の子の頭飾り（7日）,カスタマイズドレスアップ,@Null@
20601,隣人の男の子の表情（7日）,カスタマイのズドレスアップ,@Null@
20602,隣人の男の子のシャツ（7日）,カスタマイのズドレスアップ,@Null@
20603,隣人の男の子のズボン（7日）,カスタマイのズドレスアップ,@Null@
20604,隣人の男の子の靴（7日）,カスタマイのズドレスアップ,@Null@
20605,隣人の女の子の頭飾り（7日）,カスタマイのズドレスアップ,@Null@
20606,隣人の女の子の表情（7日）,カスタマイのズドレスアップ,@Null@
20607,隣人の女の子のワンピース（7日）,カスタマイのズドレスアップ,@Null@
20608,隣人の女の子の靴（7日）,カスタマイのズドレスアップ,@Null@
20609,サッカーの子の頭飾り（7日）,カスタマイのズドレスアップ,@Null@
20610,サッカーの子の表情（7日）,カスタマイのズドレスアップ,@Null@
20611,サッカーの子のシャツ（7日）,カスタマイのズドレスアップ,@Null@
20612,サッカーの子のズボン（7日）,カスタマイのズドレスアップ,@Null@
20613,サッカーの子の靴（7日）,カスタマイのズドレスアップ,@Null@
20614,サッカーギャルの頭飾り（7日）,カスタマイのズドレスアップ,@Null@
20615,サッカーギャルの表情（7日）,カスタマイのズドレスアップ,@Null@
20616,サッカーギャルのシャツ（7日）,カスタマイのズドレスアップ,@Null@
20617,サッカーギャルのズボン（7日）,カスタマイのズドレスアップ,@Null@
20618,サッカーギャルの靴（7日）,カスタマイのズドレスアップ,@Null@
20619,子供用リュック（7日）,カスタマイのズドレスアップ,@Null@
20620,宇宙飛行士のヘルメット（7日）,カスタマイのズドレスアップ,@Null@
20621,宇宙飛行士の表情（7日）,カスタマイのズドレスアップ,@Null@
20622,ミニ貼り紙（7日）,カスタマイのズドレスアップ,@Null@
20623,宇宙飛行士の服（7日）,カスタマイのズドレスアップ,@Null@
20624,宇宙飛行士のバックパック（7日）,カスタマイのズドレスアップ,@Null@
20625,サッカー貼り紙（7日）,カスタマイのズドレスアップ,@Null@
20626,黄色のおしゃぶり（7日）,カスタマイのズドレスアップ,@Null@
20627,スイカアイス（7日）,カスタマイのズドレスアップ,@Null@
20628,バカンスのサングラス（7日）,カスタマイのズドレスアップ,@Null@
20629,サーフボーイの頭飾り（7日）,カスタマイのズドレスアップ,@Null@
20630,サーフボーイの表情（7日）,カスタマイのズドレスアップ,@Null@
20631,サーフボーイのシャツ（7日）,カスタマイのズドレスアップ,@Null@
20632,サーフボーイのズボン（7日）,カスタマイのズドレスアップ,@Null@
20633,サーフボーイの靴（7日）,カスタマイのズドレスアップ,@Null@
20634,サーフボードの背飾り（7日）,カスタマイのズドレスアップ,@Null@
20635,ビーチバケーションの頭飾り（7日）,カスタマイのズドレスアップ,@Null@
20636,ビーチバケーションの表情（7日）,カスタマイのズドレスアップ,@Null@
20637,ビーチバケーションのシャツ（7日）,カスタマイのズドレスアップ,@Null@
20638,ビーチバケーションのズボン（7日）,カスタマイのズドレスアップ,@Null@
20639,ビーチバケーションの靴（7日）,カスタマイのズドレスアップ,@Null@
20640,ビーチバケーションのブレスレット（7日）,カスタマイのズドレスアップ,@Null@
20641,ロマンチックな紳士の頭飾り（7日）,カスタマイのズドレスアップ,@Null@
20642,ロマンチックな紳士の表情（7日）,カスタマイのズドレスアップ,@Null@
20643,ロマンチックな紳士の服（7日）,カスタマイのズドレスアップ,@Null@
20644,ロマンチックな紳士のズボン（7日）,カスタマイのズドレスアップ,@Null@
20645,ロマンチックな紳士の靴（7日）,カスタマイのズドレスアップ,@Null@
20646,可愛い少女の頭飾り（7日）,カスタマイのズドレスアップ,@Null@
20647,可愛い少女の表情（7日）,カスタマイのズドレスアップ,@Null@
20648,可愛い少女の服（7日）,カスタマイのズドレスアップ,@Null@
20649,可愛い少女のグローブ（7日）,カスタマイのズドレスアップ,@Null@
20650,可愛い少女のズボン（7日）,カスタマイのズドレスアップ,@Null@
20651,可愛い少女の靴（7日）,カスタマイのズドレスアップ,@Null@
20652,ラブリッププリントステッカー（7日）,カスタマイのズドレスアップ,@Null@
20653,裸足の足跡（7日）,カスタマイのズドレスアップ,@Null@
20654,団子の足跡（7日）,カスタマイのズドレスアップ,@Null@
20655,ファントムブルーの足跡（7日）,カスタマイのズドレスアップ,@Null@
20656,Mini-Xの足跡（7日）,カスタマイのズドレスアップ,@Null@
20657,流浪の剣客の靴（7日）,カスタマイのズドレスアップ,@Null@
20658,流浪の剣客のズボン（7日）,カスタマイのズドレスアップ,@Null@
20659,流浪の剣客の服（7日）,カスタマイのズドレスアップ,@Null@
20660,流浪の剣客の表情（7日）,カスタマイのズドレスアップ,@Null@
20661,流浪の剣客の頭飾り（7日）,カスタマイのズドレスアップ,@Null@
20662,お嬢さんの靴（7日）,カスタマイのズドレスアップ,@Null@
20663,お嬢さんのグローブ（7日）,カスタマイのズドレスアップ,@Null@
20664,お嬢さんのズボン（7日）,カスタマイのズドレスアップ,@Null@
20665,お嬢さんの服（7日）,カスタマイのズドレスアップ,@Null@
20666,お嬢さんの表情（7日）,カスタマイのズドレスアップ,@Null@
20667,お嬢さんの頭飾り（7日）,カスタマイのズドレスアップ,@Null@
20668,満月の足跡（7日）,カスタマイのズドレスアップ,@Null@
20669,宝剣の背飾り（7日）,カスタマイのズドレスアップ,@Null@
20670,マントの背飾り（7日）,カスタマイのズドレスアップ,@Null@
20671,ウサギの背飾り（7日）,カスタマイのズドレスアップ,@Null@
20672,五仁月餅の背飾り（7日）,カスタマイのズドレスアップ,@Null@
20673,名門の淑女の頭飾り（7日）,カスタマイのズドレスアップ,@Null@
20674,ユニコーン浮き輪ズボン（7日）,カスタマイのズドレスアップ,@Null@
20675,ハマーの頭飾り（7日）,カスタマイのズドレスアップ,@Null@
20676,パトロール警察官の靴（7日）,カスタマイのズドレスアップ,@Null@
20677,パトロール警察官のズボン（7日）,カスタマイのズドレスアップ,@Null@
20678,パトロール警察官の服（7日）,カスタマイのズドレスアップ,@Null@
20679,パトロール警察官の表情（7日）,カスタマイのズドレスアップ,@Null@
20680,パトロール警察官の頭飾り（7日）,カスタマイのズドレスアップ,@Null@
20681,ベビー悪魔のバックパック（7日）,カスタマイのズドレスアップ,@Null@
20682,クリスマスガールの靴（7日）,カスタマイのズドレスアップ,@Null@
20683,クリスマスガールのグローブ（7日）,カスタマイのズドレスアップ,@Null@
20684,クリスマスガールのスカート（7日）,カスタマイのズドレスアップ,@Null@
20685,クリスマスガールの頭飾り（7日）,カスタマイのズドレスアップ,@Null@
20686,クリスマスガールの表情（7日）,カスタマイのズドレスアップ,@Null@
20687,クリスマスガールのケープ（7日）,カスタマイのズドレスアップ,@Null@
20688,クリスマスボーイの靴（7日）,カスタマイのズドレスアップ,@Null@
20689,クリスマスボーイのズボン（7日）,カスタマイのズドレスアップ,@Null@
20690,クリスマスボーイの服（7日）,カスタマイのズドレスアップ,@Null@
20691,クリスマスボーイの頭飾り（7日）,カスタマイのズドレスアップ,@Null@
20692,クリスマスボーイの表情（7日）,カスタマイのズドレスアップ,@Null@
20693,冬の素敵の靴（7日）,カスタマイのズドレスアップ,@Null@
20694,冬の素敵のグローブ（7日）,カスタマイのズドレスアップ,@Null@
20695,冬の素敵のスカート（7日）,カスタマイのズドレスアップ,@Null@
20696,冬の素敵の服（7日）,カスタマイのズドレスアップ,@Null@
20697,冬の素敵の表情（7日）,カスタマイのズドレスアップ,@Null@
20698,冬の素敵の頭飾り（7日）,カスタマイのズドレスアップ,@Null@
20699,暖かい冬の靴（7日）,カスタマイのズドレスアップ,@Null@
20700,暖かい冬のグローブ（7日）,カスタマイのズドレスアップ,@Null@
20701,暖かい冬の服（7日）,カスタマイのズドレスアップ,@Null@
20702,暖かい冬の表情（7日）,カスタマイのズドレスアップ,@Null@
20703,暖かい冬の頭飾り（7日）,カスタマイのズドレスアップ,@Null@
20704,船長の金鉤（7日）,カスタマイのズドレスアップ,@Null@
20705,ホホジロザメの服（7日）,カスタマイのズドレスアップ,@Null@
20706,ホホジロザメの頭飾り（7日）,カスタマイのズドレスアップ,@Null@
20707,ラグビー選手のグローブ（7日）,カスタマイのズドレスアップ,@Null@
20708,ラグビー選手の靴（7日）,カスタマイのズドレスアップ,@Null@
20709,ラグビー選手のズボン（7日）,カスタマイのズドレスアップ,@Null@
20710,ラグビー選手の服（7日）,カスタマイのズドレスアップ,@Null@
20711,ラグビー選手の頭飾り（7日）,カスタマイのズドレスアップ,@Null@
20712,トラ頭の靴（7日）,カスタマイのズドレスアップ,@Null@
20713,風を切るトラのマント（7日）,カスタマイのズドレスアップ,@Null@
20714,龍帽子の頭飾り（7日）,カスタマイのズドレスアップ,@Null@
20715,トラ帽子の頭飾り（7日）,カスタマイのズドレスアップ,@Null@
20716,お祝い人形の服（7日）,カスタマイのズドレスアップ,@Null@
20717,お祝い人形の頭飾り（7日）,カスタマイのズドレスアップ,@Null@
20718,金の靴（7日）,カスタマイのズドレスアップ,@Null@
20719,褐色のコーデュロイパンツ（7日）,カスタマイのズドレスアップ,@Null@
20720,金の短い上着（7日）,カスタマイのズドレスアップ,@Null@
20721,おわん帽の頭飾り（7日）,カスタマイのズドレスアップ,@Null@
20722,銅銭の足跡（7日）,カスタマイのズドレスアップ,@Null@
20723,キングカード専用の足跡（7日）,カスタマイのズドレスアップ,@Null@
20724,キングカード専用の背飾り（7日）,カスタマイのズドレスアップ,@Null@
20725,キングカード専用の表情（7日）,カスタマイのズドレスアップ,@Null@
20726,キングカード専用の服（7日）,カスタマイのズドレスアップ,@Null@
20727,キングカード専用の頭飾り（7日）,カスタマイのズドレスアップ,@Null@
20728,満福しょいこ（7日）,カスタマイのズドレスアップ,@Null@
20729,金のなる木の頭飾り（7日）,カスタマイのズドレスアップ,@Null@
20730,ラグビーのバックパック（7日）,カスタマイのズドレスアップ,@Null@
20731,刀馬旦の頭飾り（7日）,カスタマイのズドレスアップ,@Null@
20732,刀馬旦の表情（7日）,カスタマイのズドレスアップ,@Null@
20733,刀馬旦の服（7日）,カスタマイのズドレスアップ,@Null@
20734,武生の頭飾り（7日）,カスタマイのズドレスアップ,@Null@
20735,武生の表情（7日）,カスタマイのズドレスアップ,@Null@
20736,武生の服（7日）,カスタマイのズドレスアップ,@Null@
20737,春のユリの頭飾り（7日）,カスタマイのズドレスアップ,@Null@
20738,春の青いキノコの頭飾り（7日）,カスタマイのズドレスアップ,@Null@
20739,春のばらの頭飾り（7日）,カスタマイのズドレスアップ,@Null@
20740,春の雛菊の頭飾り（7日）,カスタマイのズドレスアップ,@Null@
20741,パンダーパーカー（7日）,カスタマイのズドレスアップ,@Null@
20742,ビーズの外套（7日）,カスタマイのズドレスアップ,@Null@
20743,カーニバルダンスの頭飾り（7日）,カスタマイのズドレスアップ,@Null@
20744,カーニバルダンスの背飾り（7日）,カスタマイのズドレスアップ,@Null@
20745,トントン頭の頭飾り（7日）,カスタマイのズドレスアップ,@Null@
20746,お利口さんの表情（7日）,カスタマイのズドレスアップ,@Null@
20747,スターの目の表情（7日）,カスタマイのズドレスアップ,@Null@
20748,ピンクの可愛い表情（7日）,カスタマイのズドレスアップ,@Null@
20749,青灰のぽややん表情（7日）,カスタマイのズドレスアップ,@Null@
20750,深紅の喜びの表情（7日）,カスタマイのズドレスアップ,@Null@
20751,春のユリのスカート（7日）,カスタマイのズドレスアップ,@Null@
20752,春の雛菊のスカート（7日）,カスタマイのズドレスアップ,@Null@
20753,春のばらのスカート（7日）,カスタマイのズドレスアップ,@Null@
20754,春の青いキノコのスカート（7日）,カスタマイのズドレスアップ,@Null@
20755,春の翼（7日）,カスタマイのズドレスアップ,@Null@
20756,青春学園の服（7日）,カスタマイのズドレスアップ,@Null@
20757,青春学園のズボン（7日）,カスタマイのズドレスアップ,@Null@
20758,青春学園の靴（7日）,カスタマイのズドレスアップ,@Null@
20759,青春学園のかばん（7日）,カスタマイのズドレスアップ,@Null@
20760,青春学園の足跡（7日）,カスタマイのズドレスアップ,@Null@
20761,Evaの足跡（7日）,カスタマイのズドレスアップ,@Null@
20762,Evaの翼（7日）,カスタマイのズドレスアップ,@Null@
20763,タイ風の優雅なスカート（7日）,カスタマイのズドレスアップ,@Null@
20764,タイ風の優雅なケープ（7日）,カスタマイのズドレスアップ,@Null@
20765,タイ風の涼しげショートパンツ（7日）,カスタマイのズドレスアップ,@Null@
20766,タイ風の涼しげ半袖（7日）,カスタマイのズドレスアップ,@Null@
20767,アンティーク片眼鏡（7日）,カスタマイのズドレスアップ,@Null@
20768,青い文学少女の頭飾り（7日）,カスタマイのズドレスアップ,@Null@
20769,学園の少年の頭飾り（7日）,カスタマイのズドレスアップ,@Null@
20770,クールな白髪の頭飾り（7日）,カスタマイのズドレスアップ,@Null@
20771,テディベアのバックパック（7日）,カスタマイのズドレスアップ,@Null@
20772,テディベア模様の半袖（7日）,カスタマイのズドレスアップ,@Null@
20773,テディベアバレッタの頭飾り（7日）,カスタマイのズドレスアップ,@Null@
20774,ピンクウサギの靴（7日）,カスタマイのズドレスアップ,@Null@
20775,ピンクウサギのグローブ（7日）,カスタマイのズドレスアップ,@Null@
20776,ウサギの尻尾のショートパンツ（7日）,カスタマイのズドレスアップ,@Null@
20777,ピンクウサギの服（7日）,カスタマイのズドレスアップ,@Null@
20778,ピンクウサギの頭飾り（7日）,カスタマイのズドレスアップ,@Null@
20779,ペイントエッグのバックパック（7日）,カスタマイのズドレスアップ,@Null@
20780,にんじんのバックパック（7日）,カスタマイのズドレスアップ,@Null@
20781,牡羊座の表情（7日）,カスタマイのズドレスアップ,@Null@
20782,牡羊座の頭飾り（7日）,カスタマイのズドレスアップ,@Null@
20783,元気満々の表情（7日）,カスタマイのズドレスアップ,@Null@
20784,ツンデレの表情（7日）,カスタマイのズドレスアップ,@Null@
20785,ぱっと明るい表情（7日）,カスタマイのズドレスアップ,@Null@
20786,デレデレキュートな表情（7日）,カスタマイのズドレスアップ,@Null@
20787,盗み見る表情（7日）,カスタマイのズドレスアップ,@Null@
20788,電気ビリビリの表情（7日）,カスタマイのズドレスアップ,@Null@
20789,イケメンの頭飾り（7日）,カスタマイのズドレスアップ,@Null@
20790,海の風の頭飾り（7日）,カスタマイのズドレスアップ,@Null@
20791,小さな水夫の頭飾り（7日）,カスタマイのズドレスアップ,@Null@
20792,ネコ系少女の頭飾り（7日）,カスタマイのズドレスアップ,@Null@
20793,ボサボサ頭の男の子の頭飾り（7日）,カスタマイのズドレスアップ,@Null@
20794,ピンクのおしゃれさんの頭飾り（7日）,カスタマイのズドレスアップ,@Null@
20795,ぐっすり子ネコの頭飾り（7日）,カスタマイのズドレスアップ,@Null@
20796,ぐっすり子ネコの服（7日）,カスタマイのズドレスアップ,@Null@
20797,白と黄色の恋ワンピース（7日）,カスタマイのズドレスアップ,@Null@
20798,和風スウェット（7日）,カスタマイのズドレスアップ,@Null@
20799,子ネコのサスペンダーセット（7日）,カスタマイのズドレスアップ,@Null@
20800,一字襟トップス（7日）,カスタマイのズドレスアップ,@Null@
20801,英国風スーツ（7日）,カスタマイのズドレスアップ,@Null@
20802,やんちゃランニング（7日）,カスタマイのズドレスアップ,@Null@
20803,ストッキングミニスカート（7日）,カスタマイのズドレスアップ,@Null@
20804,水夫のショートパンツ（7日）,カスタマイのズドレスアップ,@Null@
20805,紳士のショートパンツ（7日）,カスタマイのズドレスアップ,@Null@
20806,魅惑のパープルミニスカート（7日）,カスタマイのズドレスアップ,@Null@
20807,テディベアの靴（7日）,カスタマイのズドレスアップ,@Null@
20808,ネコちゃんのショートブーツ（7日）,カスタマイのズドレスアップ,@Null@
20809,蝶の靴（7日）,カスタマイのズドレスアップ,@Null@
20810,ネコちゃんのサンダル（7日）,カスタマイのズドレスアップ,@Null@
20811,紳士の布靴（7日）,カスタマイのズドレスアップ,@Null@
20812,パワフル帆布靴（7日）,カスタマイのズドレスアップ,@Null@
20813,アンティーク丸眼鏡（7日）,カスタマイのズドレスアップ,@Null@
20814,アンティークスクエア眼鏡（7日）,カスタマイのズドレスアップ,@Null@
20815,レインボーのリストバンド（7日）,カスタマイのズドレスアップ,@Null@
20816,牡牛座の表情（7日）,カスタマイのズドレスアップ,@Null@
20817,牡牛座の頭飾り（7日）,カスタマイのズドレスアップ,@Null@
20818,ゲームの神の表情（7日）,カスタマイのズドレスアップ,@Null@
20819,スーパーゲーム眼鏡（7日）,カスタマイのズドレスアップ,@Null@
20820,スーパーゲームのバックパック（7日）,カスタマイのズドレスアップ,@Null@
20821,ゲームの大きな足跡（7日）,カスタマイのズドレスアップ,@Null@
20822,挑戦者の服（7日）,カスタマイのズドレスアップ,@Null@
20823,挑戦者の頭飾り（7日）,カスタマイのズドレスアップ,@Null@
20824,挑戦者のバックパック（7日）,カスタマイのズドレスアップ,@Null@
20825,挑戦者のお面（7日）,カスタマイのズドレスアップ,@Null@
20826,挑戦者のグローブ（7日）,カスタマイのズドレスアップ,@Null@
20827,挑戦者の表情（7日）,カスタマイのズドレスアップ,@Null@
20828,達人ゲーマーの頭飾り（7日）,カスタマイのズドレスアップ,@Null@
20829,達人ゲーマーの外套（7日）,カスタマイのズドレスアップ,@Null@
20830,達人ゲーマーのズボン（7日）,カスタマイのズドレスアップ,@Null@
20831,達人ゲーマーの靴（7日）,カスタマイのズドレスアップ,@Null@
20832,ゲームの女神の頭飾り（7日）,カスタマイのズドレスアップ,@Null@
20833,ゲームの女神の外套（7日）,カスタマイのズドレスアップ,@Null@
20834,ゲームの女神のショートパンツ（7日）,カスタマイのズドレスアップ,@Null@
20835,ゲームの女神の靴（7日）,カスタマイのズドレスアップ,@Null@
20836,大発見の表情（7日）,カスタマイのズドレスアップ,@Null@
20837,真面目な表情（7日）,カスタマイのズドレスアップ,@Null@
20838,自信に満ちた微笑の表情（7日）,カスタマイのズドレスアップ,@Null@
20839,遊ぶネコちゃんの表情（7日）,カスタマイのズドレスアップ,@Null@
20840,驚きの表情（7日）,カスタマイのズドレスアップ,@Null@
20841,悪い笑みの表情（7日）,カスタマイのズドレスアップ,@Null@
20842,ジェットの翼（7日）,カスタマイのズドレスアップ,@Null@
20843,螺旋の翼（7日）,カスタマイのズドレスアップ,@Null@
20844,化学増強銃（7日）,カスタマイのズドレスアップ,@Null@
20845,スーパー戦ニャイのバックパック（7日）,カスタマイのズドレスアップ,@Null@
20846,戦場通信兵の包帯（7日）,カスタマイのズドレスアップ,@Null@
20847,SFの翼の靴（7日）,カスタマイのズドレスアップ,@Null@
20848,荒地の運動靴（7日）,カスタマイのズドレスアップ,@Null@
20849,粒子エネルギー長靴（7日）,カスタマイのズドレスアップ,@Null@
20850,未来機動戦士の靴（7日）,カスタマイのズドレスアップ,@Null@
20851,機械パトローラーの足鎧（7日）,カスタマイのズドレスアップ,@Null@
20852,戦場通信兵の頭飾り（7日）,カスタマイのズドレスアップ,@Null@
20853,未来兵士の頭飾り（7日）,カスタマイのズドレスアップ,@Null@
20854,荒地のゴーグルの頭飾り（7日）,カスタマイのズドレスアップ,@Null@
20855,スーパー戦ニャイ頭飾り（7日）,カスタマイのズドレスアップ,@Null@
20856,機械青蛙の頭飾り（7日）,カスタマイのズドレスアップ,@Null@
20857,戦場通信兵のトップス（7日）,カスタマイのズドレスアップ,@Null@
20858,荒地のマント（7日）,カスタマイのズドレスアップ,@Null@
20859,探険者の外套（7日）,カスタマイのズドレスアップ,@Null@
20860,未来魔法のマント（7日）,カスタマイのズドレスアップ,@Null@
20861,機動神のトップス（7日）,カスタマイのズドレスアップ,@Null@
20862,コレクターのズボン（7日）,カスタマイのズドレスアップ,@Null@
20863,エネルギーレースアップショートパンツ（7日）,カスタマイのズドレスアップ,@Null@
20864,SFトレンドショートパンツ（7日）,カスタマイのズドレスアップ,@Null@
20865,機械ネコの尻尾のズボン（7日）,カスタマイのズドレスアップ,@Null@
20866,機動戦士のショートパンツ（7日）,カスタマイのズドレスアップ,@Null@
20867,双子座の表情（7日）,カスタマイのズドレスアップ,@Null@
20868,双子座の頭飾り（7日）,カスタマイのズドレスアップ,@Null@
20869,海の女王の頭飾り（7日）,カスタマイのズドレスアップ,@Null@
20870,海の女王のロングスカート（7日）,カスタマイのズドレスアップ,@Null@
20871,海の女王の靴（7日）,カスタマイのズドレスアップ,@Null@
20872,奇跡の子の頭飾り（7日）,カスタマイのズドレスアップ,@Null@
20873,奇跡の子の服（7日）,カスタマイのズドレスアップ,@Null@
20874,奇跡の子の腕（7日）,カスタマイのズドレスアップ,@Null@
20875,ミニ英雄戦闘服（7日）,カスタマイのズドレスアップ,@Null@
20876,ミニ英雄マント（7日）,カスタマイのズドレスアップ,@Null@
20877,プリンスのトップス（7日）,カスタマイのズドレスアップ,@Null@
20878,プリンスの乗馬ズボン（7日）,カスタマイのズドレスアップ,@Null@
20879,プリンスの乗馬靴（7日）,カスタマイのズドレスアップ,@Null@
20880,プリンスの冠（7日）,カスタマイのズドレスアップ,@Null@
20881,プリンセスのスカート（7日）,カスタマイのズドレスアップ,@Null@
20882,プリンセスのロングソックス（7日）,カスタマイのズドレスアップ,@Null@
20883,プリンセスの靴（7日）,カスタマイのズドレスアップ,@Null@
20884,プリンセスの冠（7日）,カスタマイのズドレスアップ,@Null@
20885,小仙女の翼（7日）,カスタマイのズドレスアップ,@Null@
20886,プリンスの表情（7日）,カスタマイのズドレスアップ,@Null@
20887,プリンセスの表情（7日）,カスタマイのズドレスアップ,@Null@
20888,機械のグローブ（7日）,カスタマイのズドレスアップ,@Null@
20889,プリンセスのグローブ（7日）,カスタマイのズドレスアップ,@Null@
20890,ゾロのマスク（7日）,カスタマイのズドレスアップ,@Null@
20891,おかしな落書きのバックパック（7日）,カスタマイのズドレスアップ,@Null@
20892,流浪の音楽家の背飾り（7日）,カスタマイのズドレスアップ,@Null@
20893,トレンドマスク（7日）,カスタマイのズドレスアップ,@Null@
20894,スイートベビーのバックパック（7日）,カスタマイのズドレスアップ,@Null@
20895,仙人の花の背飾り（7日）,カスタマイのズドレスアップ,@Null@
20896,花刺繍の漢服の靴（7日）,カスタマイのズドレスアップ,@Null@
20897,初夏の太陽のサンダル（7日）,カスタマイのズドレスアップ,@Null@
20898,クール野球帽（7日）,カスタマイのズドレスアップ,@Null@
20899,ヒップホップ風頭飾り（7日）,カスタマイのズドレスアップ,@Null@
20900,ナツメグの歳月の頭飾り（7日）,カスタマイのズドレスアップ,@Null@
20901,蝶々結びのお団子ヘア（7日）,カスタマイのズドレスアップ,@Null@
20902,あったか黄色帽子（7日）,カスタマイのズドレスアップ,@Null@
20903,水夫さんの頭飾り（7日）,カスタマイのズドレスアップ,@Null@
20904,遠洋の海風スカート（7日）,カスタマイのズドレスアップ,@Null@
20905,個性的な少年のズボン（7日）,カスタマイのズドレスアップ,@Null@
20906,花を摘む少女のスカート（7日）,カスタマイのズドレスアップ,@Null@
20907,海軍さんのワンピース（7日）,カスタマイのズドレスアップ,@Null@
20908,船長のオーバーオール（7日）,カスタマイのズドレスアップ,@Null@
20909,水夫の服（7日）,カスタマイのズドレスアップ,@Null@
20910,海軍さんの服（7日）,カスタマイのズドレスアップ,@Null@
20911,文学少女の服（7日）,カスタマイのズドレスアップ,@Null@
20912,ストリートダンスの服（7日）,カスタマイのズドレスアップ,@Null@
20913,孟夏の美人のスカート（7日）,カスタマイのズドレスアップ,@Null@
20914,メキシコのソンブレロ（7日）,カスタマイのズドレスアップ,@Null@
20915,端午の漢服（7日）,カスタマイのズドレスアップ,@Null@
20916,ちまきのバックパック（7日）,カスタマイのズドレスアップ,@Null@
20917,ぼんやりさんの表情（7日）,カスタマイのズドレスアップ,@Null@
20918,疾風の弓（7日）,カスタマイのズドレスアップ,@Null@
20919,金運の達磨背飾り（7日）,カスタマイのズドレスアップ,@Null@
20920,日本刀の背飾り（7日）,カスタマイのズドレスアップ,@Null@
20921,ネコのグローブ（7日）,カスタマイのズドレスアップ,@Null@
20922,狐の尻尾の背飾り（7日）,カスタマイのズドレスアップ,@Null@
20923,ドーナツ浮き輪（7日）,カスタマイのズドレスアップ,@Null@
20924,二枚歯の下駄（7日）,カスタマイのズドレスアップ,@Null@
20925,ネコ耳の頭飾り（7日）,カスタマイのズドレスアップ,@Null@
20926,キュートポニーテールの頭飾り（7日）,カスタマイのズドレスアップ,@Null@
20927,狐耳の頭飾り（7日）,カスタマイのズドレスアップ,@Null@
20928,夏の花火の頭飾り（7日）,カスタマイのズドレスアップ,@Null@
20929,狐のお面の頭飾り（7日）,カスタマイのズドレスアップ,@Null@
20930,和風プリーツスカート（7日）,カスタマイのズドレスアップ,@Null@
20931,神奈川ショートパンツ（7日）,カスタマイのズドレスアップ,@Null@
20932,妖怪の羽織（7日）,カスタマイのズドレスアップ,@Null@
20933,桜ランニング（7日）,カスタマイのズドレスアップ,@Null@
20934,稲の巫女衣装（7日）,カスタマイのズドレスアップ,@Null@
20935,祈祷の狩衣（7日）,カスタマイのズドレスアップ,@Null@
20936,金魚姫のスカート（7日）,カスタマイのズドレスアップ,@Null@
20937,弓道着（7日）,カスタマイのズドレスアップ,@Null@
20938,和風作務衣（7日）,カスタマイのズドレスアップ,@Null@
20939,夏のドット水着（7日）,カスタマイのズドレスアップ,@Null@
20940,ビーチバケーションシャツ（7日）,カスタマイのズドレスアップ,@Null@
20941,蟹座の表情（7日）,カスタマイのズドレスアップ,@Null@
20942,蟹座の頭飾り（7日）,カスタマイのズドレスアップ,@Null@
20943,ぷんぷんの表情（7日）,カスタマイのズドレスアップ,@Null@
20944,清楚可憐な表情（7日）,カスタマイのズドレスアップ,@Null@
20945,桃香の良縁の表情（7日）,カスタマイのズドレスアップ,@Null@
20946,夏のスイカの表情（7日）,カスタマイのズドレスアップ,@Null@
20947,利発なキツネの表情（7日）,カスタマイのズドレスアップ,@Null@
20948,剣客行の表情（7日）,カスタマイのズドレスアップ,@Null@
20949,梅香の傘（7日）,カスタマイのズドレスアップ,@Null@
20950,桃花の琵琶（7日）,カスタマイのズドレスアップ,@Null@
20951,ばらの眼帯（7日）,カスタマイのズドレスアップ,@Null@
20952,金糸のヴェール（7日）,カスタマイのズドレスアップ,@Null@
20953,金糸の雲踏み靴（7日）,カスタマイのズドレスアップ,@Null@
20954,メリージェーンの靴（7日）,カスタマイのズドレスアップ,@Null@
20955,絶世の美女（7日）,カスタマイのズドレスアップ,@Null@
20956,唯一無二の美男（7日）,カスタマイのズドレスアップ,@Null@
20957,金の烏帽（7日）,カスタマイのズドレスアップ,@Null@
20958,江南イメージの頭飾り（7日）,カスタマイのズドレスアップ,@Null@
20959,紅塵酔の頭飾り（7日）,カスタマイのズドレスアップ,@Null@
20960,雲紋のショートパンツ（7日）,カスタマイのズドレスアップ,@Null@
20961,千鴛のショートパンツ（7日）,カスタマイのズドレスアップ,@Null@
20962,芍薬天香のトップス（7日）,カスタマイのズドレスアップ,@Null@
20963,竹笙錦瑟のトップス（7日）,カスタマイのズドレスアップ,@Null@
20964,民国物語のトップス（7日）,カスタマイのズドレスアップ,@Null@
20965,木綿のチャイナドレス（7日）,カスタマイのズドレスアップ,@Null@
20966,素喜衣装（7日）,カスタマイのズドレスアップ,@Null@
20967,故人竹を聞く（7日）,カスタマイのズドレスアップ,@Null@
20968,翻雲絵長歌（7日）,カスタマイのズドレスアップ,@Null@
20969,金糸墨雲錦袍（7日）,カスタマイのズドレスアップ,@Null@
20970,桜の花の足跡（7日）,カスタマイのズドレスアップ,@Null@
20971,ネコちゃんの足跡（7日）,カスタマイのズドレスアップ,@Null@
20972,ぬいぐるみキュートな表情（7日）,カスタマイのズドレスアップ,@Null@
20973,八重歯の表情（7日）,カスタマイのズドレスアップ,@Null@
20974,異瞳の悪い笑みの表情（7日）,カスタマイのズドレスアップ,@Null@
20975,口を尖らせた表情（7日）,カスタマイのズドレスアップ,@Null@
20976,マジックスイートな表情（7日）,カスタマイのズドレスアップ,@Null@
20977,純白の絹の眼帯（7日）,カスタマイのズドレスアップ,@Null@
20978,アザラシベビーのバックパック（7日）,カスタマイのズドレスアップ,@Null@
20979,ベビー悪魔の翼（7日）,カスタマイのズドレスアップ,@Null@
20980,レースの袖（7日）,カスタマイのズドレスアップ,@Null@
20981,白いボーンサンダル（7日）,カスタマイのズドレスアップ,@Null@
20982,赤クマのサンダル（7日）,カスタマイのズドレスアップ,@Null@
20983,マーチンの探険靴（7日）,カスタマイのズドレスアップ,@Null@
20984,星間飛行のサンダル（7日）,カスタマイのズドレスアップ,@Null@
20985,雪の精霊の編み髪（7日）,カスタマイのズドレスアップ,@Null@
20986,悪魔の角の頭飾り（7日）,カスタマイのズドレスアップ,@Null@
20987,素朴なシルクハット（7日）,カスタマイのズドレスアップ,@Null@
20988,ヒツジエリ（7日）,カスタマイのズドレスアップ,@Null@
20989,段ボールヘッド（7日）,カスタマイのズドレスアップ,@Null@
20990,ゼブラ柄のハイソックス（7日）,カスタマイのズドレスアップ,@Null@
20991,ユニコーン少女のスカート（7日）,カスタマイのズドレスアップ,@Null@
20992,機能的なトップス（7日）,カスタマイのズドレスアップ,@Null@
20993,トレンド紳士（7日）,カスタマイのズドレスアップ,@Null@
20994,ばらの物語（7日）,カスタマイのズドレスアップ,@Null@
20995,不思議の国（7日）,カスタマイのズドレスアップ,@Null@
20996,星夜のシャツ（7日）,カスタマイのズドレスアップ,@Null@
20997,アザラシのジャケット（7日）,カスタマイのズドレスアップ,@Null@
20998,デニムのオーバーオール（7日）,カスタマイのズドレスアップ,@Null@
20999,ハートのジーンズ（7日）,カスタマイのズドレスアップ,@Null@
21000,獅子座の頭飾り（7日）,カスタマイのズドレスアップ,@Null@
21001,獅子座の表情（7日）,カスタマイのズドレスアップ,@Null@
21002,舌を出した表情（7日）,カスタマイのズドレスアップ,@Null@
21003,歯をむき出しにする表情（7日）,カスタマイのズドレスアップ,@Null@
21004,唇を尖らせたぽややん表情（7日）,カスタマイのズドレスアップ,@Null@
21005,ほっとする微笑の表情（7日）,カスタマイのズドレスアップ,@Null@
21006,思いやりの絆創膏（7日）,カスタマイのズドレスアップ,@Null@
21007,蛍光ウォッチ（7日）,カスタマイのズドレスアップ,@Null@
21008,シンプルな赤と黒の靴（7日）,カスタマイのズドレスアップ,@Null@
21009,ロックな革靴（7日）,カスタマイのズドレスアップ,@Null@
21010,アンティークオックスフォード靴（7日）,カスタマイのズドレスアップ,@Null@
21011,海賊のホットパンツ（7日）,カスタマイのズドレスアップ,@Null@
21012,コントラストハリケーン（7日）,カスタマイのズドレスアップ,@Null@
21013,ゆらゆらプリーツスカート（7日）,カスタマイのズドレスアップ,@Null@
21014,ライダーガールのランニング（7日）,カスタマイのズドレスアップ,@Null@
21015,魔力少女の外套（7日）,カスタマイのズドレスアップ,@Null@
21016,蛍光フラッシュの外套（7日）,カスタマイのズドレスアップ,@Null@
21017,スイートキャンディの頭飾り（7日）,カスタマイのズドレスアップ,@Null@
21018,エレクトロニカボーイの頭飾り（7日）,カスタマイのズドレスアップ,@Null@
21019,ネコちゃんイヤホンの頭飾り（7日）,カスタマイのズドレスアップ,@Null@
21020,乙女座の頭飾り（7日）,カスタマイのズドレスアップ,@Null@
21021,乙女座の表情（7日）,カスタマイのズドレスアップ,@Null@
21022,麻呂眉の表情（7日）,カスタマイのズドレスアップ,@Null@
21023,キャンディーネコちゃんの表情（7日）,カスタマイのズドレスアップ,@Null@
21024,琥珀の励ましの表情（7日）,カスタマイのズドレスアップ,@Null@
21025,お利口さんペットの表情（7日）,カスタマイのズドレスアップ,@Null@
21026,ワンちゃんの貼り紙（7日）,カスタマイのズドレスアップ,@Null@
21027,秋田犬ネイルセット（7日）,カスタマイのズドレスアップ,@Null@
21028,精緻な小革靴（7日）,カスタマイのズドレスアップ,@Null@
21029,剣侠の編み上げ靴（7日）,カスタマイのズドレスアップ,@Null@
21030,蓮の花刺繍の靴（7日）,カスタマイのズドレスアップ,@Null@
21031,シンプルなバスケシューズ（7日）,カスタマイのズドレスアップ,@Null@
21032,スーツのパンツ（7日）,カスタマイのズドレスアップ,@Null@
21033,浅瀬のミニスカート（7日）,カスタマイのズドレスアップ,@Null@
21034,デニムのトレンド服（7日）,カスタマイのズドレスアップ,@Null@
21035,ハートロココ（7日）,カスタマイのズドレスアップ,@Null@
21036,ムーンライトタイム（7日）,カスタマイのズドレスアップ,@Null@
21037,五仁共団円（7日）,カスタマイのズドレスアップ,@Null@
21038,花のボネット（7日）,カスタマイのズドレスアップ,@Null@
21039,紳士の帽子（7日）,カスタマイのズドレスアップ,@Null@
21040,ウサギの頭飾り（7日）,カスタマイのズドレスアップ,@Null@
21041,白月童子（7日）,カスタマイのズドレスアップ,@Null@
21042,キツネの編み帽子（7日）,カスタマイのズドレスアップ,@Null@
21043,シカゴ・ブルズのバスケユニフォーム（7日）,カスタマイのズドレスアップ,@Null@
21044,ロサンゼルス・レイカーズのバスケユニフォーム（7日）,カスタマイのズドレスアップ,@Null@
21045,ポーランド・ブレイザーズのバスケユニフォーム（7日）,カスタマイのズドレスアップ,@Null@
21046,トロント・ラプターズのバスケユニフォーム（7日）,カスタマイのズドレスアップ,@Null@
21047,ミルウォーキー・バックスのバスケユニフォーム（7日）,カスタマイのズドレスアップ,@Null@
21048,ゴールデンステート・ウォリアーズのバスケユニフォーム（7日）,カスタマイのズドレスアップ,@Null@
21049,野性の輝き（7日）,カスタマイのズドレスアップ,@Null@
21050,トランプのなぞなぞ（7日）,カスタマイのズドレスアップ,@Null@
21051,龍甲氷珠玉佩（7日）,カスタマイのズドレスアップ,@Null@
21052,龍君のバックパック（7日）,カスタマイのズドレスアップ,@Null@
21053,同福酒がめ（7日）,カスタマイのズドレスアップ,@Null@
21054,渓谷のブレスレット（7日）,カスタマイのズドレスアップ,@Null@
21055,スイーツウサギのバックパック（7日）,カスタマイのズドレスアップ,@Null@
21056,スイートネコちゃんの尻尾（7日）,カスタマイのズドレスアップ,@Null@
21057,錦瑟見返し靴（7日）,カスタマイのズドレスアップ,@Null@
21058,赤い飾り紐の靴（7日）,カスタマイのズドレスアップ,@Null@
21059,カジュアル衣装セット（7日）,カスタマイのズドレスアップ,@Null@
21060,格子物語（7日）,カスタマイのズドレスアップ,@Null@
21061,ダメージジーンズ（7日）,カスタマイのズドレスアップ,@Null@
21062,星に願いをチュチュスカート（7日）,カスタマイのズドレスアップ,@Null@
21063,覇王甲（7日）,カスタマイのズドレスアップ,@Null@
21064,盛唐のダンススカート（7日）,カスタマイのズドレスアップ,@Null@
21065,キャンディーデビル（7日）,カスタマイのズドレスアップ,@Null@
21066,麦わら帽子の頭飾り（7日）,カスタマイのズドレスアップ,@Null@
21067,熾日の頭飾り（7日）,カスタマイのズドレスアップ,@Null@
21068,戦英豪（7日）,カスタマイのズドレスアップ,@Null@
21069,飛天の髪髻（7日）,カスタマイのズドレスアップ,@Null@
21070,戦火燎原（7日）,カスタマイのズドレスアップ,@Null@
21071,天秤座の表情（7日）,カスタマイのズドレスアップ,@Null@
21072,天秤座の頭飾り（7日）,カスタマイのズドレスアップ,@Null@
21073,星花の舞（7日）,カスタマイのズドレスアップ,@Null@
21074,鳳紋のアオザイの衣装（7日）,カスタマイのズドレスアップ,@Null@
21075,花のアオザイの頭飾り（7日）,カスタマイのズドレスアップ,@Null@
21076,賢くてお茶目な表情（7日）,カスタマイのズドレスアップ,@Null@
21077,ぽややんとした表情（7日）,カスタマイのズドレスアップ,@Null@
21078,ピンクバブルの表情（7日）,カスタマイのズドレスアップ,@Null@
21079,ハッピーパープルの表情（7日）,カスタマイのズドレスアップ,@Null@
21080,不規則特性（7日）,カスタマイのズドレスアップ,@Null@
21081,ワンちゃんのショートパンツ（7日）,カスタマイのズドレスアップ,@Null@
21082,カスタマイズ紐靴（7日）,カスタマイのズドレスアップ,@Null@
21083,かぼちゃベビー悪魔（7日）,カスタマイのズドレスアップ,@Null@
21084,エジプトの頭飾り（7日）,カスタマイのズドレスアップ,@Null@
21085,魔法のかぼちゃの頭飾り（7日）,カスタマイのズドレスアップ,@Null@
21086,ミイラの頭飾り（7日）,カスタマイのズドレスアップ,@Null@
21087,かぼちゃベビーの頭飾り（7日）,カスタマイのズドレスアップ,@Null@
21088,スターの魔女の頭飾り（7日）,カスタマイのズドレスアップ,@Null@
21089,蠍座の頭飾り（7日）,カスタマイのズドレスアップ,@Null@
21090,ハロウィンの魔女っ子（7日）,カスタマイのズドレスアップ,@Null@
21091,ハロウィンの魔法使い（7日）,カスタマイのズドレスアップ,@Null@
21092,ヒンキーパンク（7日）,カスタマイのズドレスアップ,@Null@
21093,魔法のホウキ（7日）,カスタマイのズドレスアップ,@Null@
21094,トリック・オア・トリート（7日）,カスタマイのズドレスアップ,@Null@
21095,青い炎の足跡（7日）,カスタマイのズドレスアップ,@Null@
21096,狐仙ちゃんの表情（7日）,カスタマイのズドレスアップ,@Null@
21097,深海の謎の表情（7日）,カスタマイのズドレスアップ,@Null@
21098,おしろいの美女の表情（7日）,カスタマイのズドレスアップ,@Null@
21099,黄金の瞳の表情（7日）,カスタマイのズドレスアップ,@Null@
21100,額に紅点がある表情（7日）,カスタマイのズドレスアップ,@Null@
21101,英国風小革靴（7日）,カスタマイのズドレスアップ,@Null@
21102,秋が深まる季節（7日）,カスタマイのズドレスアップ,@Null@
21103,恋々とした心情（7日）,カスタマイのズドレスアップ,@Null@
21104,アザラシ学園の制服（7日）,カスタマイのズドレスアップ,@Null@
21105,未来の翼（7日）,カスタマイのズドレスアップ,@Null@
21106,あったかルーズソックス（7日）,カスタマイのズドレスアップ,@Null@
21107,気軽なスニーカー（7日）,カスタマイのズドレスアップ,@Null@
21108,迷彩のカーゴパンツ（7日）,カスタマイのズドレスアップ,@Null@
21109,冬の水夫服（7日）,カスタマイのズドレスアップ,@Null@
21110,暖冬物語（7日）,カスタマイのズドレスアップ,@Null@
21111,ハスキーのスウェット（7日）,カスタマイのズドレスアップ,@Null@
21112,ギークのスウェット（7日）,カスタマイのズドレスアップ,@Null@
21113,冬の礼服（7日）,カスタマイのズドレスアップ,@Null@
21114,冬恋の歌（7日）,カスタマイのズドレスアップ,@Null@
21115,ペットとお出かけ（7日）,カスタマイのズドレスアップ,@Null@
21116,ふわふわの黄色いアヒルちゃん（7日）,カスタマイのズドレスアップ,@Null@
21117,沈黙の編み物（7日）,カスタマイのズドレスアップ,@Null@
21118,リボンコンプレックス（7日）,カスタマイのズドレスアップ,@Null@
21119,ハスキーの頭巾（7日）,カスタマイのズドレスアップ,@Null@
21120,射手座の頭飾り（7日）,カスタマイのズドレスアップ,@Null@
21121,2020年度眼鏡（7日）,カスタマイのズドレスアップ,@Null@
21122,サンタのひげ（7日）,カスタマイのズドレスアップ,@Null@
21123,初雪の蓮（7日）,カスタマイのズドレスアップ,@Null@
21124,一歩ずつ上へ（7日）,カスタマイのズドレスアップ,@Null@
21125,芳香を収める（7日）,カスタマイのズドレスアップ,@Null@
21126,キュートなネズミの頭飾り（7日）,カスタマイのズドレスアップ,@Null@
21127,ふわふわネズミの丸型帽子（7日）,カスタマイのズドレスアップ,@Null@
21128,龍の子の冠（7日）,カスタマイのズドレスアップ,@Null@
21129,ライラックのチャイナボタン（7日）,カスタマイのズドレスアップ,@Null@
21130,墨雲染（7日）,カスタマイのズドレスアップ,@Null@
21131,玲瓏の福（7日）,カスタマイのズドレスアップ,@Null@
21132,吉星輝く（7日）,カスタマイのズドレスアップ,@Null@
21133,富貴の花（7日）,カスタマイのズドレスアップ,@Null@
21134,錦繍山河（7日）,カスタマイのズドレスアップ,@Null@
21135,ギフトボックスの足跡（7日）,カスタマイのズドレスアップ,@Null@
21136,スターライトの奇跡（7日）,カスタマイのズドレスアップ,@Null@
21137,ジングルベル（7日）,カスタマイのズドレスアップ,@Null@
21138,ジンジャーブレッドの出会い（7日）,カスタマイのズドレスアップ,@Null@
21139,聖夜の願い（7日）,カスタマイのズドレスアップ,@Null@
21140,反響し合って（7日）,カスタマイのズドレスアップ,@Null@
21141,奇妙なクリスマスの夜（7日）,カスタマイのズドレスアップ,@Null@
21142,クリスマスイブの贈り物（7日）,カスタマイのズドレスアップ,@Null@
21143,Miウサギ（7日）,カスタマイのズドレスアップ,@Null@
21144,荘厳な儀式（7日）,カスタマイのズドレスアップ,@Null@
21145,ひげさん（7日）,カスタマイのズドレスアップ,@Null@
21146,英国式ブーツ（7日）,カスタマイのズドレスアップ,@Null@
21147,くるみ割り人形（7日）,カスタマイのズドレスアップ,@Null@
21148,皇室の礼儀（7日）,カスタマイのズドレスアップ,@Null@
21149,ネズミの年画（7日）,カスタマイのズドレスアップ,@Null@
21150,１歩ずつ福へ（7日）,カスタマイのズドレスアップ,@Null@
21151,ネズミさん人形のバックパック（7日）,カスタマイのズドレスアップ,@Null@
21152,金魚の腰飾り（7日）,カスタマイのズドレスアップ,@Null@
21153,幼少期の楽しみ（7日）,カスタマイのズドレスアップ,@Null@
21154,暗紋のバンド（7日）,カスタマイのズドレスアップ,@Null@
21155,華光映蓮（7日）,カスタマイのズドレスアップ,@Null@
21156,桃花笑（7日）,カスタマイのズドレスアップ,@Null@
21157,キツネの舞（7日）,カスタマイのズドレスアップ,@Null@
21158,中国風ショートブーツ（7日）,カスタマイのズドレスアップ,@Null@
21159,かぐわしい花の舞（7日）,カスタマイのズドレスアップ,@Null@
21160,提灯くぐり（7日）,カスタマイのズドレスアップ,@Null@
21161,願いの金の鈴（7日）,カスタマイのズドレスアップ,@Null@
21162,錦鯉抄（7日）,カスタマイのズドレスアップ,@Null@
21163,爆竹の響き（7日）,カスタマイのズドレスアップ,@Null@
21164,福を送る童子（7日）,カスタマイのズドレスアップ,@Null@
21165,長寿の結び（7日）,カスタマイのズドレスアップ,@Null@
21166,雲を踏んで来る（7日）,カスタマイのズドレスアップ,@Null@
21167,本を読む声（7日）,カスタマイのズドレスアップ,@Null@
21168,万巻の書（7日）,カスタマイのズドレスアップ,@Null@
21169,雲間の月（7日）,カスタマイのズドレスアップ,@Null@
21170,ピンクの蓮を踏む（7日）,カスタマイのズドレスアップ,@Null@
21171,花の曲（7日）,カスタマイのズドレスアップ,@Null@
21172,路上に咲き乱れ（7日）,カスタマイのズドレスアップ,@Null@
21173,ナツメグの言葉（7日）,カスタマイのズドレスアップ,@Null@
21174,咲き乱れ（7日）,新春限定ドレスアップ,@Null@
21175,錦繍縁（7日）,新年限定アバター,@Null@
21176,美しい玉（7日）,新年限定アバター,@Null@
21177,傾城の鳳の舞（7日）,新年限定アバター,@Null@
21178,桃花の輝き（7日）,新年限定アバター,@Null@
21179,栄光（7日）,新年限定アバター,@Null@
21180,御雲天（7日）,新年限定アバター,@Null@
21181,天宮（7日）,新年限定アバター,@Null@
21182,盛世を吟じる（7日）,新年限定アバター,@Null@
21183,盤龍織りなす影（7日）,新年限定アバター,@Null@
21184,クロウローズ（7日）,アバターセット,@Null@
21185,ロゼワイン（7日）,アバターセット,@Null@
21186,緋色のダンス（7日）,アバターセット,@Null@
21187,虚栄の王座（7日）,アバターセット,@Null@
21188,赤の女王（7日）,アバターセット,@Null@
21189,混乱の深淵（7日）,アバターセット,@Null@
21190,龍骨十字（7日）,アバターセット,@Null@
21191,魔法時間（7日）,アバターセット,@Null@
21192,正義の視線（7日）,アバターセット,@Null@
21193,魔法陣の足跡（7日）,アバターセット,@Null@
21194,獅子心王の王権（7日）,アバターセット,@Null@
21195,栄光の聖座（7日）,アバターセット,@Null@
21196,英騎の魂（7日）,アバターセット,@Null@
21197,ダイヤの星（7日）,アバターセット,@Null@
21198,純白の桂冠（7日）,アバターセット,@Null@
21199,白の女王（7日）,アバターセット,@Null@
21200,健康守護者（7日）,アバターセット,@Null@
21201,キンシコウの人形（7日）,アバターセット,@Null@
21202,雪豹守護者（女）（7日）,アバターセット,@Null@
21203,キャンディの運動靴（7日）,アバターセット,@Null@
21204,雪豹守護者（男）（7日）,アバターセット,@Null@
21205,きらびやかな運動靴（7日）,アバターセット,@Null@
21206,雪豹の人形（7日）,アバターセット,@Null@
21207,孔雀の羽根（7日）,アバターセット,@Null@
21208,雀の羽根のサスペンダースカート（7日）,アバターセット,@Null@
21209,くるくるネズミウサギ（7日）,アバターセット,@Null@
21210,パックネズミウサギ（7日）,アバターセット,@Null@
21211,どんどん襲来（7日）,アバターセット,@Null@
21212,やわらか豹の尻尾の背飾り（7日）,アバターセット,@Null@
21213,極地のショートブーツ（7日）,アバターセット,@Null@
21214,高原の貴族（7日）,アバターセット,@Null@
21215,雪原の領主（7日）,アバターセット,@Null@
21216,もこもこ雪原の靴（7日）,アバターセット,@Null@
21217,高原の姫（7日）,アバターセット,@Null@
21218,雪原のばら（7日）,アバターセット,@Null@
21219,雪の中の探訪（7日）,アバターセット,@Null@
21220,トランプの迷宮（7日）,アバターセット,@Null@
21221,ティラミス（7日）,アバターセット,@Null@
21222,金色の海洋（7日）,アバターセット,@Null@
21223,獅子王（7日）,アバターセット,@Null@
21224,満月の夜（7日）,アバターセット,@Null@
21225,キュートなウサギの黒い森（7日）,アバターセット,@Null@
21226,秘密の舞台（7日）,アバターセット,@Null@
21227,チェシャネコ（7日）,アバターセット,@Null@
21228,おかしな帽子屋（7日）,アバターセット,@Null@
21229,白雪姫（7日）,アバターセット,@Null@
21230,スイートクランベリー（7日）,アバターセット,@Null@
21231,探険の出会い（7日）,アバターセット,@Null@
21232,偵察小隊（7日）,アバターセット,@Null@
21233,先鋒探索者（7日）,アバターセット,@Null@
21234,レインボーファンタジー（7日）,アバターセット,@Null@
21235,スイート機動戦士（7日）,アバターセット,@Null@
21236,未来の音律（7日）,アバターセット,@Null@
21237,幻のリズム（7日）,アバターセット,@Null@
21238,スーパーエネルギー水夫服（7日）,アバターセット,@Null@
21239,機械アーマー（7日）,アバターセット,@Null@
21240,機動装置（7日）,アバターセット,@Null@
21241,夜空のきらめき（7日）,アバターセット,@Null@
21242,翡翠の反響（7日）,アバターセット,@Null@
21243,魚座の頭飾り（7日）,アバターセット,@Null@
21244,水瓶座の頭飾り（7日）,アバターセット,@Null@
21245,山羊座の頭飾り（7日）,アバターセット,@Null@
21246,キューピッドの心（7日）,ミニポイントショップで購入して獲得,@Null@
21247,スイートウォーター（7日）,ミニポイントストアで購入で獲得,@Null@
21248,スイーツ販売機（7日）,ミニポイントストアで購入で獲得,@Null@
21249,愛の神の閃光（7日）,ミニポイントストアで購入で獲得,@Null@
21250,暗い星（7日）,ミニポイントストアで購入で獲得,@Null@
21251,深淵の凝視（7日）,ミニポイントストアで購入で獲得,@Null@
21252,暗影の炎（7日）,ミニポイントストアで購入で獲得,@Null@
21253,悪魔の貴族（7日）,アバターセット,@Null@
21254,遠行客（7日）,アバターセット,@Null@
21255,巫山の雲雨（7日）,アバターセット,@Null@
21256,千の葉隠（7日）,アバターセット,@Null@
21257,眼光一閃（7日）,アバターセット,@Null@
21258,般若のお面（7日）,アバターセット,@Null@
21259,那須与一（7日）,アバターセット,@Null@
21260,茶花物語（7日）,アバターセット,@Null@
21261,萌神ちゃん（7日）,アバターセット,@Null@
21262,橋姫の夢語（7日）,アバターセット,@Null@
21263,ほっこりみかん（7日）,アバターセット,@Null@
21264,波を越え羽を踏み（7日）,アバターセット,@Null@
21265,甘いちまき（7日）,アバターセット,@Null@
21266,しょっぱいちまき（7日）,アバターセット,@Null@
21267,調査員の靴（7日）,アバターセット,@Null@
21268,トビネズミの帽子（7日）,アバターセット,@Null@
21269,科学都市の制服（7日）,アバターセット,@Null@
21270,トビネズミの偵察セット（7日）,アバターセット,@Null@
21271,海色の空（7日）,アバターセット,@Null@
21272,花畑の少女（7日）,アバターセット,@Null@
21273,浅い海の旅（7日）,アバターセット,@Null@
21274,レジャータイム（7日）,アバターセット,@Null@
21275,熱帯の景色（7日）,アバターセット,@Null@
21276,レジャーランニング（7日）,アバターセット,@Null@
21277,スポーツ炭酸（7日）,アバターセット,@Null@
21278,スイカアイスクリーム（7日）,アバターセット,@Null@
21279,レモンソフトキャンディ（7日）,アバターセット,@Null@
21280,夏の青レモン（7日）,アバターセット,@Null@
21281,水遊びの時間（7日）,アバターセット,@Null@
21282,スターライトの舞台（7日）,アバターセット,@Null@
21283,天空の旋律（7日）,アバターセット,@Null@
21284,フレッシュマスカット（7日）,アバターセット,@Null@
21285,イチゴクランブル（7日）,アバターセット,@Null@
21286,星河のコンサート（7日）,アバターセット,@Null@
21287,星の詠嘆調（7日）,アバターセット,@Null@
21288,森林の反響（7日）,アバターセット,@Null@
21289,黎明詩吟クラブ（7日）,アバターセット,@Null@
21290,月光のソナタ（7日）,アバターセット,@Null@
21291,花の礼賛（7日）,アバターセット,@Null@
21292,聖堂の弦音（7日）,アバターセット,@Null@
21293,忘却の川の渡し（7日）,アバターセット,@Null@
21294,エネルギー眼帯（7日）,アバターセット,@Null@
21295,勇士の精神（7日）,アバターセット,@Null@
21296,エネルギーアーマー（7日）,アバターセット,@Null@
21297,エネルギー戦靴（7日）,アバターセット,@Null@
21298,エネルギーの頭飾り（7日）,アバターセット,@Null@
21299,エネルギーの足鎧（7日）,アバターセット,@Null@
21300,エネルギーの鎧（7日）,アバターセット,@Null@
21301,勇者のオーロラの巨刃（7日）,アバターセット,@Null@
21302,エネルギーの源（7日）,アバターセット,@Null@
21303,創造のボード（7日）,カスタマイアバター,@Null@
21304,みんなの足跡（7日）,カスタマイアバター,@Null@
21305,カラス面のまじない医（7日）,カスタマイアバター,@Null@
21306,ブレットタイム（7日）,カスタマイアバター,@Null@
21307,アンティークドリッパー（7日）,カスタマイアバター,@Null@
21308,時間の使者（7日）,カスタマイアバター,@Null@
21309,飛行マスター（7日）,カスタマイアバター,@Null@
21310,蒸気の時代（7日）,カスタマイアバター,@Null@
21311,工芸の格調（7日）,カスタマイアバター,@Null@
21312,昔日の旅（7日）,カスタマイアバター,@Null@
21313,星河の眼鏡（7日）,カスタマイアバター,@Null@
21314,時間の停滞（7日）,カスタマイアバター,@Null@
21315,明日の翼（7日）,カスタマイアバター,@Null@
21316,砲火飛び交う（7日）,カスタマイアバター,@Null@
21317,中秋のお祈りウサギ（7日）,カスタマイアバター,@Null@
21318,中秋のお祈り月餅（7日）,カスタマイアバター,@Null@
21319,きらめく蓮華（7日）,カスタマイアバター,@Null@
21320,花に囲まれて（7日）,カスタマイアバター,@Null@
21321,浮世の卿歌（7日）,カスタマイアバター,@Null@
21322,明月山河（7日）,カスタマイアバター,@Null@
21323,芳華錦年（7日）,カスタマイアバター,@Null@
21324,寒潭の清らかさ（7日）,カスタマイアバター,@Null@
21325,龍吟の昭（7日）,カスタマイアバター,@Null@
21326,あふれる福（7日）,カスタマイアバター,@Null@
21327,長夜（7日）,カスタマイアバター,@Null@
21328,浮き蓮（7日）,カスタマイアバター,@Null@
21329,音もなく静か（7日）,カスタマイアバター,@Null@
21330,血族のカーニバル（7日）,カスタマイアバター,@Null@
21331,月下の貴族（7日）,カスタマイアバター,@Null@
21332,闇夜のパーティー（7日）,カスタマイアバター,@Null@
21333,魔女の集会（7日）,カスタマイアバター,@Null@
21334,魔法の閃光（7日）,カスタマイアバター,@Null@
21335,ハロウィン夢幻夜（7日）,カスタマイアバター,@Null@
21336,悪魔ロック（7日）,カスタマイアバター,@Null@
21337,魔法の黒ネコちゃん（7日）,カスタマイアバター,@Null@
21338,遠吠えのオオカミ人間（7日）,カスタマイアバター,@Null@
21339,凶悪なミイラ（7日）,カスタマイアバター,@Null@
21340,死神の鎌（7日）,カスタマイアバター,@Null@
21341,キュートな死神ちゃん（7日）,カスタマイアバター,@Null@
21342,かぼちゃの足跡（7日）,カスタマイアバター,@Null@
21343,地下の人マスク（7日）,カスタマイアバター,@Null@
21344,雨を追いかけて（7日）,カスタマイアバター,@Null@
21345,雲山月雨（7日）,カスタマイアバター,@Null@
21346,松柏客（7日）,カスタマイアバター,@Null@
21347,蘭のような君子（7日）,カスタマイアバター,@Null@
21348,愛嬌のある女性（7日）,カスタマイアバター,@Null@
21349,桃色の花の海（7日）,カスタマイアバター,@Null@
21350,桃（7日）,カスタマイアバター,@Null@
21351,春の桜色（7日）,カスタマイアバター,@Null@
21352,桜の花の扇（7日）,カスタマイアバター,@Null@
21353,侠客の靴（7日）,カスタマイアバター,@Null@
21354,侠客の頭飾り（7日）,カスタマイアバター,@Null@
21355,元気扇（7日）,カスタマイアバター,@Null@
21356,オレンジの足跡（7日）,カスタマイアバター,@Null@
21357,元気な侠客の衣装（7日）,カスタマイアバター,@Null@
21358,魔境の護衛隊長（7日）,ミニポイントショップで購入で獲得,@Null@
21359,戴冠の儀式（7日）,ミニポイントショップで購入で獲得,@Null@
21360,海の声（7日）,ミニポイントショップで購入で獲得,@Null@
21361,深淵の来客（7日）,ミニポイントショップで購入で獲得,@Null@
21362,鮫人の涙（7日）,カスタマイアバター,@Null@
21363,神の賜物（7日）,カスタマイアバター,@Null@
21364,静かな哀れみ（7日）,カスタマイアバター,@Null@
21365,ペルシャ文明（7日）,カスタマイアバター,@Null@
21366,黄金の聖裁（7日）,カスタマイアバター,@Null@
21367,太陽神（7日）,カスタマイアバター,@Null@
21368,くす玉の花（7日）,カスタマイアバター,@Null@
21369,ネコの国（7日）,カスタマイアバター,@Null@
21370,落花有声（7日）,カスタマイアバター,@Null@
21371,光輝く不思議の国（7日）,カスタマイアバター,@Null@
21372,ネコ拳出撃（7日）,カスタマイアバター,@Null@
21373,サメの歌の海語（7日）,カスタマイアバター,@Null@
21374,波の残影（7日）,カスタマイアバター,@Null@
21375,暗闇の力（7日）,カスタマイアバター,@Null@
21376,2021（7日）,カスタマイアバター,@Null@
21377,クリスマスツリー1本（7日）,カスタマイアバター,@Null@
21378,日暮れのめまい（7日）,シェアカード限定,@Null@
21379,チョコレート菱形格子（7日）,シェアカード限定,@Null@
21380,星河散落（7日）,シェアカード限定,@Null@
21381,メーメーの夢（7日）,シェアカード限定,@Null@
21382,熾天使の翼（7日）,シェアカード限定,@Null@
21383,音もなく落ちる雪（7日）,カスタマイアバター,@Null@
21384,山岳五行（7日）,カスタマイアバター,@Null@
21385,木イチゴの甘い霜（7日）,カスタマイアバター,@Null@
21386,花を拾う青いトリ（7日）,カスタマイアバター,@Null@
21387,シカの頭（7日）,カスタマイアバター,@Null@
21388,ジングルベルが鳴る（7日）,カスタマイアバター,@Null@
21389,クリスマスのリストバンド（7日）,カスタマイアバター,@Null@
21390,奇跡の夜（7日）,カスタマイアバター,@Null@
21391,祝福の使者（7日）,カスタマイアバター,@Null@
21392,クリスマスイブの歌（7日）,カスタマイアバター,@Null@
21393,モチノキの祝福（7日）,カスタマイアバター,@Null@
21394,スターの舞台（7日）,カスタマイアバター,@Null@
21395,寒中の梅（7日）,カスタマイアバター,@Null@
21396,モーモーのおしゃぶり（7日）,カスタマイアバター,@Null@
21397,天まで届くウシの勢い（7日）,カスタマイアバター,@Null@
21398,ウシ年のお祝い風船（7日）,カスタマイアバター,@Null@
21399,乳牛の頭巾（7日）,カスタマイアバター,@Null@
21400,乳牛のパジャマ（7日）,カスタマイアバター,@Null@
21401,スイートミルク瓶（7日）,カスタマイアバター,@Null@
21402,バナナサル（7日）,カスタマイアバター,@Null@
21403,魔法の光の矢（7日）,カスタマイアバター,@Null@
21404,おいしい桃（7日）,カスタマイアバター,@Null@
21405,おしろいの美人（7日）,カスタマイアバター,@Null@
21406,ギラギラした目（7日）,カスタマイアバター,@Null@
21407,猛暑の行軍（7日）,カスタマイアバター,@Null@
21408,中華コック娘（7日）,カスタマイアバター,@Null@
21409,孔夫子の志（7日）,カスタマイアバター,@Null@
21410,天下を旅する龍（7日）,カスタマイアバター,@Null@
21411,小龍女（7日）,カスタマイアバター,@Null@
21412,清らかな緑の沐浴（7日）,カスタマイアバター,@Null@
21413,漢光の翼（7日）,カスタマイアバター,@Null@
21414,仙宮景（7日）,カスタマイアバター,@Null@
21415,@Null@,カスタマイアバター,@Null@
21416,ざくざく春巻（7日）,カスタマイアバター,@Null@
21417,睡蓮（7日）,カスタマイアバター,@Null@
21418,藤の蔓（7日）,カスタマイアバター,@Null@
21419,鳳鳴（7日）,カスタマイアバター,@Null@
21420,鹿の小島の衣裳（7日）,カスタマイアバター,@Null@
21421,牡丹景（7日）,カスタマイアバター,@Null@
21422,少年の意気込み（7日）,カスタマイアバター,@Null@
21423,盤竜の墨影（7日）,カスタマイアバター,@Null@
21424,トウテツの盾（7日）,カスタマイアバター,@Null@
21425,天翔け（7日）,カスタマイアバター,@Null@
21426,卵の殻の靴（7日）,カスタマイアバター,@Null@
21427,卵の殻の帽子（7日）,カスタマイアバター,@Null@
21428,卵の殻セット（7日）,カスタマイアバター,@Null@
21429,ペイントエッグ帽子（7日）,カスタマイアバター,@Null@
21430,にんじんの帽子（7日）,カスタマイアバター,@Null@
21431,にんじんのレオタード（7日）,カスタマイアバター,@Null@
21432,ペイントエッグの花輪（7日）,カスタマイアバター,@Null@
21433,ウサギの足跡（7日）,カスタマイアバター,@Null@
21434,破風（7日）,カスタマイアバター,@Null@
21435,砂漠を行く（7日）,カスタマイアバター,@Null@
21436,雲を抜けて（7日）,カスタマイアバター,@Null@
21437,青い羽の志（7日）,カスタマイアバター,@Null@
21438,青いスズメの羽（7日）,カスタマイアバター,@Null@
21439,雀の舞（7日）,カスタマイアバター,@Null@
21440,玉のひょうたん（7日）,初回チャージ限定,@Null@
21441,女の顔（7日）,カスタマイアバター,@Null@
21442,踊り子の頭巾（7日）,カスタマイアバター,@Null@
21443,砂の舞（7日）,カスタマイアバター,@Null@
21444,紫金の蓮の冠（7日）,カスタマイアバター,@Null@
21445,飛仙の長袍（7日）,カスタマイアバター,@Null@
21446,長寿の鎖（7日）,カスタマイアバター,@Null@
21447,金歩揺（7日）,カスタマイアバター,@Null@
21448,珠光の髪髻（7日）,カスタマイアバター,@Null@
21449,飛天のダンススカート（7日）,カスタマイアバター,@Null@
21450,神猴の頭飾り（7日）,カスタマイアバター,@Null@
21451,神猴の服（7日）,カスタマイアバター,@Null@
21452,神猴の尻尾（7日）,カスタマイアバター,@Null@
21453,神猴の三叉槍（7日）,カスタマイアバター,@Null@
21454,ナーガの頭飾り（7日）,カスタマイアバター,@Null@
21455,ナーガのダンススカート（7日）,カスタマイアバター,@Null@
21456,美味しいホットドッグ（7日）,カスタマイアバター,@Null@
21457,龍頭蛇のブレスレット（7日）,カスタマイアバター,@Null@
21458,金足踏（7日）,カスタマイアバター,@Null@
21459,大将の頭飾り（7日）,カスタマイアバター,@Null@
21460,織田鎧（7日）,カスタマイアバター,@Null@
21461,浪人武者（7日）,カスタマイアバター,@Null@
21462,苦難の旅（7日）,カスタマイアバター,@Null@
21463,土グモの刃（7日）,カスタマイアバター,@Null@
21464,夢の花宴（7日）,カスタマイアバター,@Null@
21465,桜四十に咲く（7日）,カスタマイアバター,@Null@
21466,千姫の夢（7日）,カスタマイアバター,@Null@
21467,無垢の白（7日）,カスタマイアバター,@Null@
21468,星月の輪（7日）,カスタマイアバター,@Null@
21469,香菜の足跡（7日）,カスタマイアバター,@Null@
21470,愛玩少年（7日）,カスタマイアバター,@Null@
21471,おしゃれスイーツ（7日）,カスタマイアバター,@Null@
21472,花爛漫の枝（7日）,カスタマイアバター,@Null@
21473,春を奏でる柳の葉（7日）,カスタマイアバター,@Null@
21474,精霊の祭典（7日）,カスタマイアバター,@Null@
21475,花に囲まれて（7日）,カスタマイアバター,@Null@
21476,春の日の手紙（7日）,カスタマイアバター,@Null@
21477,花の鏡（7日）,カスタマイアバター,@Null@
21478,春桃（7日）,カスタマイアバター,@Null@
21479,浅霧の香り（7日）,カスタマイアバター,@Null@
21480,迎春の語（7日）,カスタマイアバター,@Null@
21481,青い彗星の羽（7日）,カスタマイアバター,@Null@
21482,昼の星の群青（7日）,カスタマイアバター,@Null@
21483,コアラ人形のバックパック（7日）,カスタマイアバター,@Null@
21484,花雨の足跡（7日）,カスタマイアバター,@Null@
21485,イルミネーションバルーン（7日）,カスタマイアバター,@Null@
21486,虚妄の海（7日）,カスタマイアバター,@Null@
21487,北極星（7日）,カスタマイアバター,@Null@
21488,庭師のオーバーオール（7日）,カスタマイアバター,@Null@
21489,レインボーバブルガム（7日）,カスタマイアバター,@Null@
21490,ユニコーンファンタジー（7日）,カスタマイアバター,@Null@
21491,レインボーの足跡（7日）,カスタマイアバター,@Null@
21492,ビーチの麦わら帽子（7日）,カスタマイアバター,@Null@
21493,椰子の木の島（7日）,カスタマイアバター,@Null@
21494,わいわい海岸（7日）,カスタマイアバター,@Null@
21495,にぎやかなビーチ（7日）,カスタマイアバター,@Null@
21496,秩序の戦い（7日),ミニポイントストアで交換してゲット,@Null@
21497,黒と白のアビス（7日),ミニポイントストアで交換してゲット,@Null@
21498,クリムゾンスーツ（7日),ミニポイントストアで交換してゲット,@Null@
21499,銀紅の舞（7日),ミニポイントストアで交換してゲット,@Null@
21500,オレンジ色の猫のヘッドギア（7日),ファーストチャージによるゲット,@Null@
21501,オレンジ色の猫のパジャマ（7日),ファーストチャージによるゲット,@Null@
21502,猫のおもちゃ（7日),ファーストチャージによるゲット,@Null@
21503,緋色のバラ（7日),カスタマイズドレスアップ,@Null@
21504,アプリコット（7日),カスタマイズドレスアップ,@Null@
21505,藍色のメロディー（7日),カスタマイズドレスアップ,@Null@
21506,黒と白のパッチリストバンド（7日),カスタマイズドレスアップ,@Null@
21507,横柄（7日),カスタマイズドレスアップ,@Null@
21508,軽はずみ（7日),カスタマイズドレスアップ,@Null@
21509,ゴールデンウィング（7日),カスタマイズドレスアップ,@Null@
21510,ディバインチャイルドの下駄（7日),カスタマイズドレスアップ,@Null@
21511,天照（7日),カスタマイズドレスアップ,@Null@
21512,アゲハ蝶（7日),カスタマイズドレスアップ,@Null@
21513,ホーリーレギオン（7日),カスタマイズドレスアップ,@Null@
21514,マンスリーリード（7日),カスタマイズドレスアップ,@Null@
21515,スターストーリー（7日),カスタマイズドレスアップ,@Null@
21516,ディバインアカデミー（7日),カスタマイズドレスアップ,@Null@
21517,敬虔な祈り（7日),カスタマイズドレスアップ,@Null@
21518,月の三日月（7日),カスタマイズドレスアップ,@Null@
21519,落ち着いた目（7日),カスタマイズドレスアップ,@Null@
21520,リーフダンス（7日),カスタマイズドレスアップ,@Null@
21521,スイカ・スイートハート（7日),カスタマイズドレスアップ,@Null@
21522,エメラルドグレープ（7日),カスタマイズドレスアップ,@Null@
21523,シェパード・ガール（7日),カスタマイズドレスアップ,@Null@
21524,ジューシータンジェリン（7日),カスタマイズドレスアップ,@Null@
21525,ストロベリー・スイートハート（7日),カスタマイズドレスアップ,@Null@
21526,フルーツの砂糖漬け（7日),カスタマイズドレスアップ,@Null@
21527,魔法少女のステッキ（7日),カスタマイズドレスアップ,@Null@
21528,蝶の翼（7日),カスタマイズドレスアップ,@Null@
21529,死神のコート（7日),カスタマイアバター,@Null@
21530,死神のズボン（7日),カスタマイアバター,@Null@
21531,死神のマント（7日),カスタマイアバター,@Null@
21532,死神マスク（7日),カスタマイアバター,@Null@
21533,死神の影（7日),カスタマイアバター,@Null@
21534,海の味（7日),カスタマイズドレスアップ,@Null@
21535,休日麦わら帽子（7日),カスタマイズドレスアップ,@Null@
21536,風にそよぐひまわり（7日),カスタマイズドレスアップ,@Null@
21537,ディープシーカラー（7日),カスタマイズドレスアップ,@Null@
21538,スイートリトルセーラー（7日),カスタマイズドレスアップ,@Null@
21539,サーフボード（7日),カスタマイズドレスアップ,@Null@
21540,サマーレモン（7日),カスタマイズドレスアップ,@Null@
21541,ビーチサンダル（7日),カスタマイズドレスアップ,@Null@
21542,グレープフルーツサングラス（7日),カスタマイズドレスアップ,@Null@
21543,涼しい夏（7日),カスタマイズドレスアップ,@Null@
21544,スターリーショートパンツ（7日),カスタマイズドレスアップ,@Null@
21545,ライムスイムリング（7日),カスタマイズドレスアップ,@Null@
21546,デイジーアンブレラ（7日),カスタマイズドレスアップ,@Null@
21547,ホタテスター（7日),カスタマイズドレスアップ,@Null@
21548,ムード・メッセンジャー（7日),カスタマイズドレスアップ,@Null@
21549,ムード・ショートパンツ（7日),カスタマイズドレスアップ,@Null@
21550,楽しいウォーターガン（7日),カスタマイズドレスアップ,@Null@
21551,コントラストスニーカー（7日),カスタマイズドレスアップ,@Null@
21552,アンカーベレー（7日),カスタマイズドレスアップ,@Null@
21553,空の声（7日),カスタマイズドレスアップ,@Null@
21554,藤のつる（7日),カスタマイズドレスアップ,@Null@
21555,シュガー・シーフ・デビル（7日),カスタマイズドレスアップ,@Null@
21556,ミニ手袋（7日),カスタマイズドレスアップ,@Null@
21557,リベットシューズ（7日),カスタマイズドレスアップ,@Null@
21558,リトル・オー（7日),カスタマイズドレスアップ,@Null@
21559,@Null@,@Null@,@Null@
21560,@Null@,@Null@,@Null@
21561,@Null@,@Null@,@Null@
21562,@Null@,@Null@,@Null@
21563,@Null@,@Null@,@Null@
21564,@Null@,@Null@,@Null@
21565,@Null@,@Null@,@Null@
21566,@Null@,@Null@,@Null@
21567,@Null@,@Null@,@Null@
21568,@Null@,@Null@,@Null@
21569,@Null@,@Null@,@Null@
21570,@Null@,@Null@,@Null@
21571,@Null@,@Null@,@Null@
21572,@Null@,@Null@,@Null@
21573,@Null@,@Null@,@Null@
21574,@Null@,@Null@,@Null@
21600,隣人の男の子の頭飾り,カスタマイのズドレスアップ,(永久）
21601,隣人の男の子の表情,カスタマイのズドレスアップ,(永久）
21602,隣人の男の子のシャツ,カスタマイのズドレスアップ,(永久）
21603,隣人の男の子のズボン,カスタマイのズドレスアップ,(永久）
21604,隣人の男の子の靴,カスタマイのズドレスアップ,(永久）
21605,隣人の女の子の頭飾り,カスタマイのズドレスアップ,(永久）
21606,隣人の女の子の表情,カスタマイのズドレスアップ,(永久）
21607,隣人の女の子のワンピース,カスタマイのズドレスアップ,(永久）
21608,隣人の女の子の靴,カスタマイのズドレスアップ,(永久）
21609,サッカーの子の頭飾り,カスタマイのズドレスアップ,(永久）
21610,サッカーの子の表情,カスタマイのズドレスアップ,(永久）
21611,サッカーの子のシャツ,カスタマイのズドレスアップ,(永久）
21612,サッカーの子のズボン,カスタマイのズドレスアップ,(永久）
21613,サッカーの子の靴,カスタマイのズドレスアップ,(永久）
21614,サッカーギャルの頭飾り,カスタマイのズドレスアップ,(永久）
21615,サッカーギャルの表情,カスタマイのズドレスアップ,(永久）
21616,サッカーギャルのシャツ,カスタマイのズドレスアップ,(永久）
21617,サッカーギャルのズボン,カスタマイのズドレスアップ,(永久）
21618,サッカーギャルの靴,カスタマイのズドレスアップ,(永久）
21619,ドレスアップの金の鍵,使用するとカスタマイズドレスアップのスロットが1つ増える,(永久）
21620,子供用リュック,カスタマイのズドレスアップ,(永久）
21621,宇宙飛行士のヘルメット,カスタマイのズドレスアップ,(永久）
21622,宇宙飛行士の表情,カスタマイのズドレスアップ,(永久）
21623,ミニ貼り紙,カスタマイのズドレスアップ,(永久）
21624,宇宙飛行士の服,カスタマイのズドレスアップ,(永久）
21625,宇宙飛行士のバックパック,カスタマイのズドレスアップ,(永久）
21626,サッカー貼り紙,カスタマイのズドレスアップ,(永久）
21627,黄色のおしゃぶり,カスタマイのズドレスアップ,(永久）
21628,スイカアイス,カスタマイのズドレスアップ,(永久）
21629,バカンスのサングラス,カスタマイのズドレスアップ,(永久）
21630,サーフボーイの頭飾り,カスタマイのズドレスアップ,(永久）
21631,サーフボーイの表情,カスタマイのズドレスアップ,(永久）
21632,サーフボーイのシャツ,カスタマイのズドレスアップ,(永久）
21633,サーフボーイのズボン,カスタマイのズドレスアップ,(永久）
21634,サーフボーイの靴,カスタマイのズドレスアップ,(永久）
21635,サーフボーイの背飾り,カスタマイのズドレスアップ,(永久）
21636,ビーチバケーションの頭飾り,カスタマイのズドレスアップ,(永久）
21637,ビーチバケーションの表情,カスタマイのズドレスアップ,(永久）
21638,ビーチバケーションのシャツ,カスタマイのズドレスアップ,(永久）
21639,ビーチバケーションのズボン,カスタマイのズドレスアップ,(永久）
21640,ビーチバケーションの靴,カスタマイのズドレスアップ,(永久）
21641,ビーチバケーションのブレスレット,カスタマイのズドレスアップ,(永久）
21642,ロマンチックな紳士の頭飾り,カスタマイのズドレスアップ,(永久）
21643,ロマンチックな紳士の表情,カスタマイのズドレスアップ,(永久）
21644,ロマンチックな紳士の服,カスタマイのズドレスアップ,(永久）
21645,ロマンチックな紳士のズボン,カスタマイのズドレスアップ,(永久）
21646,ロマンチックな紳士の靴,カスタマイのズドレスアップ,(永久）
21647,可愛い少女の頭飾り,カスタマイのズドレスアップ,(永久）
21648,可愛い少女の表情,カスタマイのズドレスアップ,(永久）
21649,可愛い少女の服,カスタマイのズドレスアップ,(永久）
21650,可愛い少女のグローブ,カスタマイのズドレスアップ,(永久）
21651,可愛い少女のズボン,カスタマイのズドレスアップ,(永久）
21652,可愛い少女の靴,カスタマイのズドレスアップ,(永久）
21653,ラブリッププリントステッカー,カスタマイのズドレスアップ,(永久）
21654,裸足の足跡,カスタマイのズドレスアップ,(永久）
21655,団子の足跡,カスタマイのズドレスアップ,(永久）
21656,ファントムブルーの足跡,カスタマイのズドレスアップ,(永久）
21657,Mini-Xの足跡,カスタマイのズドレスアップ,(永久）
21658,流浪の剣客の靴,カスタマイのズドレスアップ,(永久）
21659,流浪の剣客のズボン,カスタマイのズドレスアップ,(永久）
21660,流浪の剣客の服,カスタマイのズドレスアップ,(永久）
21661,流浪の剣客の表情,カスタマイのズドレスアップ,(永久）
21662,流浪の剣客の頭飾り,カスタマイのズドレスアップ,(永久）
21663,お嬢さんの靴,カスタマイのズドレスアップ,(永久）
21664,お嬢さんのグローブ,カスタマイのズドレスアップ,(永久）
21665,お嬢さんのズボン,カスタマイのズドレスアップ,(永久）
21666,お嬢さんの服,カスタマイのズドレスアップ,(永久）
21667,お嬢さんの表情,カスタマイのズドレスアップ,(永久）
21668,お嬢さんの頭飾り,カスタマイのズドレスアップ,(永久）
21669,満月の足跡,カスタマイのズドレスアップ,(永久）
21670,宝剣の背飾り,カスタマイのズドレスアップ,(永久）
21671,マントの背飾り,カスタマイのズドレスアップ,(永久）
21672,ウサギの背飾り,カスタマイのズドレスアップ,(永久）
21673,五仁月餅の背飾り,カスタマイのズドレスアップ,(永久）
21674,名門の淑女の頭飾り,カスタマイのズドレスアップ,(永久）
21675,ユニコーン浮き輪ズボン,カスタマイのズドレスアップ,(永久）
21676,ハマーの頭飾り,カスタマイのズドレスアップ,(永久）
21677,パトロール警察官の長靴,カスタマイのズドレスアップ,(永久）
21678,パトロール警察官の長ズボン,カスタマイのズドレスアップ,(永久）
21679,パトロール警察官の服,カスタマイのズドレスアップ,(永久）
21680,パトロール警察官の表情,カスタマイのズドレスアップ,(永久）
21681,パトロール警察官の頭飾り,カスタマイのズドレスアップ,(永久）
21682,ベビー悪魔のバックパック,カスタマイのズドレスアップ,(永久）
21683,クリスマスガールの靴,カスタマイのズドレスアップ,(永久）
21684,クリスマスガールのグローブ,カスタマイのズドレスアップ,(永久）
21685,クリスマスガールのスカート,カスタマイのズドレスアップ,(永久）
21686,クリスマスガールの頭飾り,カスタマイのズドレスアップ,(永久）
21687,クリスマスガールの表情,カスタマイのズドレスアップ,(永久）
21688,クリスマスガールのケープ,カスタマイのズドレスアップ,(永久）
21689,クリスマスボーイの靴,カスタマイのズドレスアップ,(永久）
21690,クリスマスボーイのズボン,カスタマイのズドレスアップ,(永久）
21691,クリスマスボーイの服,カスタマイのズドレスアップ,(永久）
21692,クリスマスボーイの頭飾り,カスタマイのズドレスアップ,(永久）
21693,クリスマスボーイの表情,カスタマイのズドレスアップ,(永久）
21694,冬の素敵の靴,カスタマイのズドレスアップ,(永久）
21695,冬の素敵のグローブ,カスタマイのズドレスアップ,(永久）
21696,冬の素敵のスカート,カスタマイのズドレスアップ,(永久）
21697,冬の素敵の服,カスタマイのズドレスアップ,(永久）
21698,冬の素敵の表情,カスタマイのズドレスアップ,(永久）
21699,冬の素敵の頭飾り,カスタマイのズドレスアップ,(永久）
21700,暖かい冬の靴,カスタマイのズドレスアップ,(永久）
21701,暖かい冬のグローブ,カスタマイのズドレスアップ,(永久）
21702,暖かい冬の服,カスタマイのズドレスアップ,(永久）
21703,暖かい冬の表情,カスタマイのズドレスアップ,(永久）
21704,暖かい冬の頭飾り,カスタマイのズドレスアップ,(永久）
21705,船長の金鉤,カスタマイのズドレスアップ,(永久）
21706,ホホジロザメの服,カスタマイのズドレスアップ,(永久）
21707,ホホジロザメの頭飾り,カスタマイのズドレスアップ,(永久）
21708,ラグビー選手のグローブ,カスタマイのズドレスアップ,(永久）
21709,ラグビー選手の靴,カスタマイのズドレスアップ,(永久）
21710,ラグビー選手のズボン,カスタマイのズドレスアップ,(永久）
21711,ラグビー選手の服,カスタマイのズドレスアップ,(永久）
21712,ラグビー選手の頭飾り,カスタマイのズドレスアップ,(永久）
21713,トラ頭の靴,カスタマイのズドレスアップ,(永久）
21714,風を切るトラのマント,カスタマイのズドレスアップ,(永久）
21715,龍帽子の頭飾り,カスタマイのズドレスアップ,(永久）
21716,トラ帽子の頭飾り,カスタマイのズドレスアップ,(永久）
21717,お祝い人形の服,カスタマイのズドレスアップ,(永久）
21718,お祝い人形の頭飾り,カスタマイのズドレスアップ,(永久）
21719,金の靴,カスタマイのズドレスアップ,(永久）
21720,褐色のコーデュロイパンツ,カスタマイのズドレスアップ,(永久）
21721,金の短い上着,カスタマイのズドレスアップ,(永久）
21722,おわん帽の頭飾り,カスタマイのズドレスアップ,(永久）
21723,銅銭の足跡,カスタマイのズドレスアップ,(永久）
21724,キングカード専用の足跡,カスタマイのズドレスアップ,(永久）
21725,キングカード専用の背飾り,カスタマイのズドレスアップ,(永久）
21726,キングカード専用の表情,カスタマイのズドレスアップ,(永久）
21727,キングカード専用の服,カスタマイのズドレスアップ,(永久）
21728,キングカード専用の頭飾り,カスタマイのズドレスアップ,(永久）
21729,満福しょいこ,カスタマイのズドレスアップ,(永久）
21730,金のなる木の頭飾り,カスタマイのズドレスアップ,(永久）
21731,ラグビーのバックパック,カスタマイのズドレスアップ,(永久）
21732,刀馬旦の頭飾り,カスタマイのズドレスアップ,(永久）
21733,刀馬旦の表情,カスタマイのズドレスアップ,(永久）
21734,刀馬旦の服,カスタマイのズドレスアップ,(永久）
21735,武生の頭飾り,カスタマイのズドレスアップ,(永久）
21736,武生の表情,カスタマイのズドレスアップ,(永久）
21737,武生の服,カスタマイのズドレスアップ,(永久）
21738,春のユリの頭飾り,カスタマイのズドレスアップ,(永久）
21739,春の青いキノコの頭飾り,カスタマイのズドレスアップ,(永久）
21740,春のばらの頭飾り,カスタマイのズドレスアップ,(永久）
21741,春の雛菊の頭飾り,カスタマイのズドレスアップ,(永久）
21742,パンダーパーカー,カスタマイのズドレスアップ,(永久）
21743,ビーズの外套,カスタマイのズドレスアップ,(永久）
21744,カーニバルダンスの頭飾り,カスタマイのズドレスアップ,(永久）
21745,カーニバルダンスの背飾り,カスタマイのズドレスアップ,(永久）
21746,トントン頭の頭飾り,カスタマイのズドレスアップ,(永久）
21747,お利口さんの表情,カスタマイのズドレスアップ,(永久）
21748,スターの目の表情,カスタマイのズドレスアップ,(永久）
21749,ピンクの可愛い表情,カスタマイのズドレスアップ,(永久）
21750,青灰のぽややん表情,カスタマイのズドレスアップ,(永久）
21751,深紅の喜びの表情,カスタマイのズドレスアップ,(永久）
21752,春のユリのスカート,カスタマイのズドレスアップ,(永久）
21753,春の雛菊のスカート,カスタマイのズドレスアップ,(永久）
21754,春のばらのスカート,カスタマイのズドレスアップ,(永久）
21755,春の青いキノコのスカート,カスタマイのズドレスアップ,(永久）
21756,春の翼,カスタマイのズドレスアップ,(永久）
21757,青春学園の服,カスタマイのズドレスアップ,(永久）
21758,青春学園のズボン,カスタマイのズドレスアップ,(永久）
21759,青春学園の靴,カスタマイのズドレスアップ,(永久）
21760,青春学園のかばん,カスタマイのズドレスアップ,(永久）
21761,青春学園の足跡,カスタマイのズドレスアップ,(永久）
21762,Evaの足跡,カスタマイのズドレスアップ,(永久）
21763,Evaの翼,カスタマイのズドレスアップ,(永久）
21764,タイ風の優雅なスカート,カスタマイのズドレスアップ,(永久）
21765,タイ風の優雅なケープ,カスタマイのズドレスアップ,(永久）
21766,タイ風の涼しげショートパンツ,カスタマイのズドレスアップ,(永久）
21767,タイ風の涼しげ半袖,カスタマイのズドレスアップ,(永久）
21768,アンティーク片眼鏡,カスタマイのズドレスアップ,(永久）
21769,青い文学少女の頭飾り,カスタマイのズドレスアップ,(永久）
21770,学園の少年の頭飾り,カスタマイのズドレスアップ,(永久）
21771,クールな白髪の頭飾り,カスタマイのズドレスアップ,(永久）
21772,テディベアのバックパック,カスタマイのズドレスアップ,(永久）
21773,テディベア模様の半袖,カスタマイのズドレスアップ,(永久）
21774,テディベアバレッタの頭飾り,カスタマイのズドレスアップ,(永久）
21775,ピンクウサギの靴,カスタマイのズドレスアップ,(永久）
21776,ピンクウサギのグローブ,カスタマイのズドレスアップ,(永久）
21777,ウサギの尻尾のショートパンツ,カスタマイのズドレスアップ,(永久）
21778,ピンクウサギの服,カスタマイのズドレスアップ,(永久）
21779,ピンクウサギの頭飾り,カスタマイのズドレスアップ,(永久）
21780,ペイントエッグのバックパック,カスタマイのズドレスアップ,(永久）
21781,にんじんのバックパック,カスタマイのズドレスアップ,(永久）
21782,牡羊座の表情,カスタマイのズドレスアップ,(永久）
21783,牡羊座の頭飾り,カスタマイのズドレスアップ,(永久）
21784,元気満々の表情,カスタマイのズドレスアップ,(永久）
21785,ツンデレの表情,カスタマイのズドレスアップ,(永久）
21786,ぱっと明るい表情,カスタマイのズドレスアップ,(永久）
21787,デレデレキュートな表情,カスタマイのズドレスアップ,(永久）
21788,盗み見る表情,カスタマイのズドレスアップ,(永久）
21789,電気ビリビリの表情,カスタマイのズドレスアップ,(永久）
21790,イケメンの頭飾り,カスタマイのズドレスアップ,(永久）
21791,海の風の頭飾り,カスタマイのズドレスアップ,(永久）
21792,小さな水夫の頭飾り,カスタマイのズドレスアップ,(永久）
21793,ネコ系少女の頭飾り,カスタマイのズドレスアップ,(永久）
21794,ボサボサ頭の男の子の頭飾り,カスタマイのズドレスアップ,(永久）
21795,ピンクのおしゃれさんの頭飾り,カスタマイのズドレスアップ,(永久）
21796,ぐっすり子ネコの頭飾り,カスタマイのズドレスアップ,(永久）
21797,ぐっすり子ネコの服,カスタマイのズドレスアップ,(永久）
21798,白と黄色の恋スカート,カスタマイのズドレスアップ,(永久）
21799,和風スウェット,カスタマイのズドレスアップ,(永久）
21800,子ネコのサスペンダーセット,カスタマイのズドレスアップ,(永久）
21801,一字襟トップス,カスタマイのズドレスアップ,(永久）
21802,英国風スーツ,カスタマイのズドレスアップ,(永久）
21803,やんちゃランニング,カスタマイのズドレスアップ,(永久）
21804,ストッキングミニスカート,カスタマイのズドレスアップ,(永久）
21805,水夫のショートパンツ,カスタマイのズドレスアップ,(永久）
21806,紳士のショートパンツ,カスタマイのズドレスアップ,(永久）
21807,魅惑のパープルミニスカート,カスタマイのズドレスアップ,(永久）
21808,テディベアの靴,カスタマイのズドレスアップ,(永久）
21809,ネコちゃんのショートブーツ,カスタマイのズドレスアップ,(永久）
21810,蝶の靴,カスタマイのズドレスアップ,(永久）
21811,ネコちゃんのサンダル,カスタマイのズドレスアップ,(永久）
21812,紳士の布靴,カスタマイのズドレスアップ,(永久）
21813,パワフル帆布靴,カスタマイのズドレスアップ,(永久）
21814,アンティーク丸眼鏡,カスタマイのズドレスアップ,(永久）
21815,アンティークスクエア眼鏡,カスタマイのズドレスアップ,(永久）
21816,レインボーのリストバンド,カスタマイのズドレスアップ,(永久）
21817,牡牛座の表情,カスタマイのズドレスアップ,(永久）
21818,牡牛座の頭飾り,カスタマイのズドレスアップ,(永久）
21819,ゲームの神の表情,メダルシステム専用カスタマイズドレスアップ,(永久）
21820,スーパーゲーム眼鏡,メダルシステムのカスタマイアバター,(永久）
21821,スーパーゲームのバックパック,メダルシステムのカスタマイアバター,(永久）
21822,ゲームの大きな足跡,メダルシステムのカスタマイアバター,(永久）
21823,挑戦者の服,カスタマイアバター,(永久）
21824,挑戦者の頭飾り,カスタマイアバター,(永久）
21825,挑戦者のバックパック,カスタマイアバター,(永久）
21826,挑戦者のお面,カスタマイアバター,(永久）
21827,挑戦者のグローブ,カスタマイアバター,(永久）
21828,挑戦者の表情,カスタマイアバター,(永久）
21829,達人ゲーマーの頭飾り,メダルシステムのカスタマイアバター,(永久）
21830,達人ゲーマーの外套,メダルシステムのカスタマイアバター,(永久）
21831,達人ゲーマーのズボン,メダルシステムのカスタマイアバター,(永久）
21832,達人ゲーマーの靴,メダルシステムのカスタマイアバター,(永久）
21833,ゲームの女神の頭飾り,メダルシステムのカスタマイアバター,(永久）
21834,ゲームの女神の外套,メダルシステムのカスタマイアバター,(永久）
21835,ゲームの女神のショートパンツ,メダルシステムのカスタマイアバター,(永久）
21836,ゲームの女神の靴,メダルシステムのカスタマイアバター,(永久）
21837,大発見の表情,カスタマイアバター,(永久）
21838,真面目な表情,カスタマイアバター,(永久）
21839,自信に満ちた微笑の表情,カスタマイアバター,(永久）
21840,遊ぶネコちゃんの表情,カスタマイアバター,(永久）
21841,驚きの表情,カスタマイアバター,(永久）
21842,悪い笑みの表情,カスタマイアバター,(永久）
21843,ジェットの翼,カスタマイアバター,(永久）
21844,螺旋の翼,カスタマイアバター,(永久）
21845,化学増強銃,カスタマイアバター,(永久）
21846,スーパー戦ニャイのバックパック,カスタマイアバター,(永久）
21847,戦場通信兵の包帯,カスタマイアバター,(永久）
21848,SFの翼の靴,カスタマイアバター,(永久）
21849,荒地の運動靴,カスタマイアバター,(永久）
21850,粒子エネルギー長靴,カスタマイアバター,(永久）
21851,未来機動戦士の靴,カスタマイアバター,(永久）
21852,機械パトローラーの足鎧,カスタマイアバター,(永久）
21853,戦場通信兵の頭飾り,カスタマイアバター,(永久）
21854,未来兵士の頭飾り,カスタマイアバター,(永久）
21855,荒地のゴーグルの頭飾り,カスタマイアバター,(永久）
21856,スーパー戦ニャイ頭飾り,カスタマイアバター,(永久）
21857,機械青蛙の頭飾り,カスタマイアバター,(永久）
21858,戦場通信兵のトップス,カスタマイアバター,(永久）
21859,荒地のマント,カスタマイアバター,(永久）
21860,探険者の外套,カスタマイアバター,(永久）
21861,未来魔法のマント,カスタマイアバター,(永久）
21862,機動神のトップス,カスタマイアバター,(永久）
21863,コレクターのズボン,カスタマイアバター,(永久）
21864,エネルギーレースアップショートパンツ,カスタマイアバター,(永久）
21865,SFトレンドショートパンツ,カスタマイアバター,(永久）
21866,機械ネコの尻尾のズボン,カスタマイアバター,(永久）
21867,機動戦士のショートパンツ,カスタマイアバター,(永久）
21868,双子座の表情,カスタマイアバター,(永久）
21869,双子座の頭飾り,カスタマイアバター,(永久）
21870,海の女王の頭飾り,カスタマイアバター,(永久）
21871,海の女王のロングスカート,カスタマイアバター,(永久）
21872,海の女王の靴,カスタマイアバター,(永久）
21873,奇跡の子の頭飾り,カスタマイアバター,(永久）
21874,奇跡の子の服,カスタマイアバター,(永久）
21875,奇跡の子の腕,カスタマイアバター,(永久）
21876,ミニ英雄戦闘服,カスタマイアバター,(永久）
21877,ミニ英雄マント,カスタマイアバター,(永久）
21878,プリンスのトップス,カスタマイアバター,(永久）
21879,プリンスの乗馬ズボン,カスタマイアバター,(永久）
21880,プリンスの乗馬靴,カスタマイアバター,(永久）
21881,プリンスの冠,カスタマイアバター,(永久）
21882,プリンセスのスカート,カスタマイアバター,(永久）
21883,プリンセスのロングソックス,カスタマイアバター,(永久）
21884,プリンセスの靴,カスタマイアバター,(永久）
21885,プリンセスの冠,カスタマイアバター,(永久）
21886,小仙女の翼,カスタマイアバター,(永久）
21887,プリンスの表情,カスタマイアバター,(永久）
21888,プリンセスの表情,カスタマイアバター,(永久）
21889,機械のグローブ,カスタマイアバター,(永久）
21890,プリンセスのグローブ,カスタマイアバター,(永久）
21891,ゾロのマスク,カスタマイアバター,(永久）
21892,おかしな落書きのバックパック,カスタマイアバター,(永久）
21893,流浪の音楽家の背飾り,カスタマイアバター,(永久）
21894,ファッションマスク,カスタマイアバター,(永久）
21895,スイートベビーのバックパック,カスタマイアバター,(永久）
21896,仙人の花の背飾り,カスタマイアバター,(永久）
21897,花刺繍の漢服の靴,カスタマイアバター,(永久）
21898,初夏の太陽のサンダル,カスタマイアバター,(永久）
21899,クール野球帽,カスタマイアバター,(永久）
21900,ヒップホップ風頭飾り,カスタマイアバター,(永久）
21901,ナツメグの歳月の頭飾り,カスタマイアバター,(永久）
21902,蝶々結びのお団子ヘア,カスタマイアバター,(永久）
21903,あったか黄色帽子,カスタマイアバター,(永久）
21904,水夫さんの頭飾り,カスタマイアバター,(永久）
21905,遠洋の海風スカート,カスタマイアバター,(永久）
21906,個性的な少年のズボン,カスタマイアバター,(永久）
21907,花を摘む少女のスカート,カスタマイアバター,(永久）
21908,海軍さんのワンピース,カスタマイアバター,(永久）
21909,船長のオーバーオール,カスタマイアバター,(永久）
21910,水夫の服,カスタマイアバター,(永久）
21911,海軍さんの服,カスタマイアバター,(永久）
21912,文学少女の服,カスタマイアバター,(永久）
21913,ストリートダンスの服,カスタマイアバター,(永久）
21914,孟夏の美人のスカート,カスタマイアバター,(永久）
21915,メキシコのソンブレロ,カスタマイアバター,(永久）
21916,端午の漢服,カスタマイアバター,(永久）
21917,ちまきのバックパック,カスタマイアバター,(永久）
21918,ぼんやりさんの表情,カスタマイアバター,(永久）
21919,疾風の弓,カスタマイアバター,(永久）
21920,金運の達磨背飾り,カスタマイアバター,(永久）
21921,日本刀の背飾り,カスタマイアバター,(永久）
21922,ネコのグローブ,カスタマイアバター,(永久）
21923,狐の尻尾の背飾り,カスタマイアバター,(永久）
21924,ドーナツ浮き輪,カスタマイアバター,(永久）
21925,二枚歯の下駄,カスタマイアバター,(永久）
21926,ネコ耳の頭飾り,カスタマイアバター,(永久）
21927,キュートポニーテールの頭飾り,カスタマイアバター,(永久）
21928,狐耳の頭飾り,カスタマイアバター,(永久）
21929,夏の花火の頭飾り,カスタマイアバター,(永久）
21930,狐のお面の頭飾り,カスタマイアバター,(永久）
21931,和風プリーツスカート,カスタマイアバター,(永久）
21932,神奈川ショートパンツ,カスタマイアバター,(永久）
21933,妖怪の羽織,カスタマイアバター,(永久）
21934,桜ランニング,カスタマイアバター,(永久）
21935,稲の巫女衣装,カスタマイアバター,(永久）
21936,祈祷の狩衣,カスタマイアバター,(永久）
21937,金魚姫のスカート,カスタマイアバター,(永久）
21938,弓道着,カスタマイアバター,(永久）
21939,和風作務衣,カスタマイアバター,(永久）
21940,夏のドット水着,カスタマイアバター,(永久）
21941,ビーチバケーションシャツ,カスタマイアバター,(永久）
21942,蟹座の表情,カスタマイアバター,(永久）
21943,蟹座の頭飾り,カスタマイアバター,(永久）
21944,ぷんぷんの表情,カスタマイアバター,(永久）
21945,清楚可憐な表情,カスタマイアバター,(永久）
21946,桃香の良縁の表情,カスタマイアバター,(永久）
21947,夏のスイカの表情,カスタマイアバター,(永久）
21948,利発なキツネの表情,カスタマイアバター,(永久）
21949,剣客行の表情,カスタマイアバター,(永久）
21950,梅香の傘,カスタマイアバター,(永久）
21951,桃花の琵琶,カスタマイアバター,(永久）
21952,ばらの眼帯,カスタマイアバター,(永久）
21953,金糸のヴェール,カスタマイアバター,(永久）
21954,金糸の雲踏み靴,カスタマイアバター,(永久）
21955,メリージェーンの靴,カスタマイアバター,(永久）
21956,絶世の美女,カスタマイアバター,(永久）
21957,唯一無二の美男,カスタマイアバター,(永久）
21958,金の烏帽,カスタマイアバター,(永久）
21959,江南イメージの頭飾り,カスタマイアバター,(永久）
21960,紅塵酔の頭飾り,カスタマイアバター,(永久）
21961,雲紋のショートパンツ,カスタマイアバター,(永久）
21962,千鴛のショートパンツ,カスタマイアバター,(永久）
21963,芍薬天香トップス,カスタマイアバター,(永久）
21964,竹笙錦瑟トップス,カスタマイアバター,(永久）
21965,民国物語トップス,カスタマイアバター,(永久）
21966,木綿のチャイナドレス,カスタマイアバター,(永久）
21967,素喜衣装,カスタマイアバター,(永久）
21968,故人竹を聞く,カスタマイアバター,(永久）
21969,翻雲絵長歌,カスタマイアバター,(永久）
21970,金糸墨雲錦袍,カスタマイアバター,(永久）
21971,桜の花の足跡,カスタマイアバター,(永久）
21972,ネコちゃんの足跡,カスタマイアバター,(永久）
21973,ぬいぐるみキュートな表情,カスタマイアバター,(永久）
21974,八重歯の表情,カスタマイアバター,(永久）
21975,異瞳の悪い笑みの表情,カスタマイアバター,(永久）
21976,口を尖らせた表情,カスタマイアバター,(永久）
21977,マジックスイートな表情,カスタマイアバター,(永久）
21978,純白の絹の眼帯,カスタマイアバター,(永久）
21979,アザラシベビーのバックパック,カスタマイアバター,(永久）
21980,ベビー悪魔の翼,カスタマイアバター,(永久）
21981,レースの袖,カスタマイアバター,(永久）
21982,白色ボーンサンダル,カスタマイアバター,(永久）
21983,赤クマのサンダル,カスタマイアバター,(永久）
21984,マーチンの探険靴,カスタマイアバター,(永久）
21985,星間飛行のサンダル,カスタマイアバター,(永久）
21986,雪の精霊の編み髪,カスタマイアバター,(永久）
21987,悪魔の角の頭飾り,カスタマイアバター,(永久）
21988,素朴なシルクハット,カスタマイアバター,(永久）
21989,ヒツジエリ,カスタマイアバター,(永久）
21990,段ボールヘッド,カスタマイアバター,(永久）
21991,ゼブラ柄のハイソックス,カスタマイアバター,(永久）
21992,ユニコーン少女のスカート,カスタマイアバター,(永久）
21993,機能的なトップス,カスタマイアバター,(永久）
21994,トレンド紳士,カスタマイアバター,(永久）
21995,ばらの物語,カスタマイアバター,(永久）
21996,不思議の国,カスタマイアバター,(永久）
21997,星夜のシャツ,カスタマイアバター,(永久）
21998,アザラシのジャケット,カスタマイアバター,(永久）
21999,デニムのオーバーオール,カスタマイアバター,(永久）
22000,ハートのジーンズ,カスタマイアバター,(永久）
22001,獅子座の頭飾り,カスタマイアバター,(永久）
22002,獅子座の表情,カスタマイアバター,(永久）
22003,舌を出した表情,カスタマイアバター,(永久）
22004,歯をむき出しにする表情,カスタマイアバター,(永久）
22005,唇を尖らせたぽややん表情,カスタマイアバター,(永久）
22006,ほっとする微笑の表情,カスタマイアバター,(永久）
22007,思いやりの絆創膏,カスタマイアバター,(永久）
22008,蛍光ウォッチ,カスタマイアバター,(永久）
22009,シンプルな赤と黒の靴,カスタマイアバター,(永久）
22010,ロックな革靴,カスタマイアバター,(永久）
22011,アンティークオックスフォード靴,カスタマイアバター,(永久）
22012,海賊のホットパンツ,カスタマイアバター,(永久）
22013,コントラストハリケーン,カスタマイアバター,(永久）
22014,ゆらゆらプリーツスカート,カスタマイアバター,(永久）
22015,ライダーガールのランニング,カスタマイアバター,(永久）
22016,魔力少女の外套,カスタマイアバター,(永久）
22017,蛍光フラッシュの外套,カスタマイアバター,(永久）
22018,スイートキャンディの頭飾り,カスタマイアバター,(永久）
22019,エレクトロニカボーイの頭飾り,カスタマイアバター,(永久）
22020,ネコちゃんイヤホンの頭飾り,カスタマイアバター,(永久）
22021,乙女座の頭飾り,カスタマイアバター,(永久）
22022,乙女座の表情,カスタマイアバター,(永久）
22023,麻呂眉の表情,カスタマイアバター,(永久）
22024,キャンディーネコちゃんの表情,カスタマイアバター,(永久）
22025,琥珀の励ましの表情,カスタマイアバター,(永久）
22026,お利口さんペットの表情,カスタマイアバター,(永久）
22027,ワンちゃんの貼り紙,カスタマイアバター,(永久）
22028,秋田犬ネイルセット,カスタマイアバター,(永久）
22029,精緻な小革靴,カスタマイアバター,(永久）
22030,剣侠の編み上げ靴,カスタマイアバター,(永久）
22031,蓮の花刺繍の靴,カスタマイアバター,(永久）
22032,シンプルなバスケシューズ,カスタマイアバター,(永久）
22033,スーツのパンツ,カスタマイアバター,(永久）
22034,浅瀬のミニスカート,カスタマイアバター,(永久）
22035,デニムのトレンド服,カスタマイアバター,(永久）
22036,ハートロココ,カスタマイアバター,(永久）
22037,ムーンライトタイム,カスタマイアバター,(永久）
22038,五仁共団円,カスタマイアバター,(永久）
22039,花のボネット,カスタマイアバター,(永久）
22040,紳士の帽子,カスタマイアバター,(永久）
22041,ウサギの頭飾り,カスタマイアバター,(永久）
22042,白月童子,カスタマイアバター,(永久）
22043,キツネの編み帽子,カスタマイアバター,(永久）
22044,シカゴ・ブルズのバスケユニフォーム,NBA公式コラボデザイン,@Null@
22045,ロサンゼルス・レイカーズのバスケユニフォーム,@Null@,@Null@
22046,ポーランド・ブレイザーズのバスケユニフォーム,@Null@,@Null@
22047,トロント・ラプターズのバスケユニフォーム,@Null@,@Null@
22048,ミルウォーキー・バックスのバスケユニフォーム,@Null@,@Null@
22049,ゴールデンステート・ウォリアーズのバスケユニフォーム,@Null@,@Null@
22050,野性の輝き,カスタマイアバター,(永久）
22051,トランプのなぞなぞ,カスタマイアバター,(永久）
22052,龍甲氷珠玉佩,カスタマイアバター,(永久）
22053,龍君のバックパック,カスタマイアバター,(永久）
22054,同福酒がめ,カスタマイアバター,(永久）
22055,渓谷のブレスレット,カスタマイアバター,(永久）
22056,スイーツウサギのバックパック,カスタマイアバター,(永久）
22057,スイートネコちゃんの尻尾,カスタマイアバター,(永久）
22058,錦瑟見返し靴,カスタマイアバター,(永久）
22059,赤い飾り紐の靴,カスタマイアバター,(永久）
22060,カジュアル衣装セット,カスタマイアバター,(永久）
22061,格子物語,カスタマイアバター,(永久）
22062,ダメージジーンズ,カスタマイアバター,(永久）
22063,星に願いをチュチュスカート,カスタマイアバター,(永久）
22064,覇王甲,カスタマイアバター,(永久）
22065,盛唐のダンススカート,カスタマイアバター,(永久）
22066,キャンディーデビル,カスタマイアバター,(永久）
22067,麦わら帽子の頭飾り,カスタマイアバター,(永久）
22068,熾日の頭飾り,カスタマイアバター,(永久）
22069,戦英豪,カスタマイアバター,(永久）
22070,飛天の髪髻,カスタマイアバター,(永久）
22071,戦火燎原,カスタマイアバター,(永久）
22072,天秤座の表情,カスタマイアバター,(永久）
22073,天秤座の頭飾り,カスタマイアバター,(永久）
22074,星花の舞,カスタマイアバター,(永久）
22075,鳳紋のアオザイの衣装,カスタマイアバター,(永遠）
22076,花のアオザイの頭飾り,カスタマイアバター,(永遠）
22077,賢くてお茶目な表情,カスタマイアバター,(永遠）
22078,ぽややんとした表情,カスタマイアバター,(永遠）
22079,ピンクバブルの表情,カスタマイアバター,(永遠）
22080,ハッピーパープルの表情,カスタマイアバター,(永遠）
22081,不規則特性,カスタマイアバター,(永遠）
22082,ワンちゃんのショートパンツ,カスタマイアバター,(永遠）
22083,カスタマイズ紐靴,カスタマイアバター,(永遠）
22084,かぼちゃベビー悪魔,カスタマイアバター,(永遠）
22085,エジプトの頭飾り,カスタマイアバター,(永遠）
22086,魔法のかぼちゃの頭飾り,カスタマイアバター,(永遠）
22087,ミイラの頭飾り,カスタマイアバター,(永遠）
22088,かぼちゃベビーの頭飾り,カスタマイアバター,(永遠）
22089,スターの魔女の頭飾り,カスタマイアバター,(永遠）
22090,蠍座の頭飾り,カスタマイアバター,(永遠）
22091,ハロウィンの魔女っ子,カスタマイアバター,(永遠）
22092,ハロウィンの魔法使い,カスタマイアバター,(永遠）
22093,ヒンキーパンク,カスタマイアバター,(永遠）
22094,魔法のホウキ,カスタマイアバター,(永遠）
22095,トリック・オア・トリート,カスタマイアバター,(永遠）
22096,青い炎の足跡,カスタマイアバター,(永遠）
22097,狐仙ちゃんの表情,カスタマイアバター,(永遠）
22098,深海の謎の表情,カスタマイアバター,(永遠）
22099,おしろいの美女の表情,カスタマイアバター,(永遠）
22100,黄金の瞳の表情,カスタマイアバター,(永遠）
22101,額に紅点がある表情,カスタマイアバター,(永遠）
22102,英国風小革靴,カスタマイアバター,(永遠）
22103,秋が深まる季節,カスタマイアバター,(永遠）
22104,恋々とした心情,カスタマイアバター,(永遠）
22105,アザラシ学園の制服,カスタマイアバター,(永遠）
22106,未来の翼,実名認証によってのみ獲得できます,(永遠）
22107,あったかルーズソックス,カスタマイアバター,(永遠）
22108,気軽なスニーカー,カスタマイアバター,(永遠）
22109,迷彩のカーゴパンツ,カスタマイアバター,(永遠）
22110,冬の水夫服,カスタマイアバター,(永遠）
22111,暖冬物語,カスタマイアバター,(永遠）
22112,ハスキーのスウェット,カスタマイアバター,(永遠）
22113,ギークのスウェット,カスタマイアバター,(永遠）
22114,冬の礼服,カスタマイアバター,(永遠）
22115,冬恋の歌,カスタマイアバター,(永遠）
22116,ペットとお出かけ,カスタマイアバター,(永遠）
22117,ふわふわの黄色いアヒルちゃん,カスタマイアバター,(永遠）
22118,沈黙の編み物,カスタマイアバター,(永遠）
22119,リボンコンプレックス,カスタマイアバター,(永遠）
22120,ハスキーの頭巾,カスタマイアバター,(永遠）
22121,射手座の頭飾り,カスタマイアバター,(永遠）
22122,2020年度眼鏡,カスタマイアバター,(永遠）
22123,サンタのひげ,カスタマイアバター,(永遠）
22124,初雪の蓮,カスタマイアバター,(永遠）
22125,一歩ずつ上へ,カスタマイアバター,(永遠）
22126,芳香を収める,カスタマイアバター,(永遠）
22127,キュートなネズミの頭飾り,カスタマイアバター,(永遠）
22128,ふわふわネズミの丸型帽子,カスタマイアバター,(永遠）
22129,龍の子の冠,カスタマイアバター,(永遠）
22130,ライラックのチャイナボタン,カスタマイアバター,(永遠）
22131,墨雲染,カスタマイアバター,(永遠）
22132,玲瓏の福,カスタマイアバター,(永遠）
22133,吉星輝く,カスタマイアバター,(永遠）
22134,富貴の花,カスタマイアバター,(永遠）
22135,錦繍山河,カスタマイアバター,(永遠）
22136,ギフトボックスの足跡,カスタマイアバター,(永遠）
22137,スターライトの奇跡,カスタマイアバター,(永遠）
22138,ジングルベル,カスタマイアバター,(永遠）
22139,ジンジャーブレッドの出会い,カスタマイアバター,(永遠）
22140,聖夜の願い,カスタマイアバター,(永遠）
22141,反響し合って,カスタマイアバター,(永遠）
22142,奇妙なクリスマスの夜,カスタマイアバター,(永遠）
22143,クリスマスイブの贈り物,カスタマイアバター,(永遠）
22144,Miウサギ,カスタマイアバター,(永遠）
22145,荘厳な儀式,カスタマイアバター,(永遠）
22146,ひげさん,カスタマイアバター,(永遠）
22147,英国式ブーツ,カスタマイアバター,(永遠）
22148,くるみ割り人形,カスタマイアバター,(永遠）
22149,皇室の礼儀,カスタマイアバター,(永遠）
22150,ネズミの年画,カスタマイアバター,(永遠）
22151,１歩ずつ福へ,カスタマイアバター,(永遠）
22152,ネズミさん人形のバックパック,カスタマイアバター,(永遠）
22153,金魚の腰飾り,カスタマイアバター,(永遠）
22154,幼少期の楽しみ,カスタマイアバター,(永遠）
22155,暗紋のバンド,カスタマイアバター,(永遠）
22156,華光映蓮,カスタマイアバター,(永遠）
22157,桃花笑,カスタマイアバター,(永遠）
22158,キツネの舞,カスタマイアバター,(永遠）
22159,中国風ショートブーツ,カスタマイアバター,(永遠）
22160,かぐわしい花の舞,カスタマイアバター,(永遠）
22161,提灯くぐり,カスタマイアバター,(永遠）
22162,願いの金の鈴,カスタマイアバター,(永遠）
22163,錦鯉抄,カスタマイアバター,(永遠）
22164,爆竹の響き,カスタマイアバター,(永遠）
22165,福を送る童子,カスタマイアバター,(永遠）
22166,長寿の結び,カスタマイアバター,(永遠）
22167,雲を踏んで来る,カスタマイアバター,(永遠）
22168,本を読む声,カスタマイアバター,(永遠）
22169,万巻の書,カスタマイアバター,(永遠）
22170,雲間の月,カスタマイアバター,(永遠）
22171,ピンクの蓮を踏む,カスタマイアバター,(永遠）
22172,花の曲,カスタマイアバター,(永遠）
22173,路上に咲き乱れ,カスタマイアバター,(永遠）
22174,ナツメグの言葉,カスタマイアバター,(永遠）
22175,咲き乱れ,新年限定アバター,(永遠）
22176,錦繍縁,新年限定アバター,(永遠）
22177,美しい玉,新年限定アバター,(永遠）
22178,傾城の鳳の舞,新年限定アバター,(永遠）
22179,桃花の輝き,新年限定アバター,(永遠）
22180,栄光,新年限定アバター,(永遠）
22181,御雲天,新年限定アバター,(永遠）
22182,天宮,新年限定アバター,(永遠）
22183,盛世を吟じる,新年限定アバター,(永遠）
22184,盤龍織りなす影,新年限定アバター,(永遠）
22185,クロウローズ,カスタマイアバター,(永遠）
22186,ロゼワイン,カスタマイアバター,(永遠）
22187,緋色のダンス,カスタマイアバター,(永遠）
22188,虚栄の王座,カスタマイアバター,(永遠）
22189,赤の女王,カスタマイアバター,(永遠）
22190,混乱の深淵,カスタマイアバター,(永遠）
22191,龍骨十字,カスタマイアバター,(永遠）
22192,魔法時間,カスタマイアバター,(永遠）
22193,正義の視線,カスタマイアバター,(永遠）
22194,魔法陣の足跡,カスタマイアバター,(永遠）
22195,獅子心王の王権,カスタマイアバター,(永遠）
22196,栄光の聖座,カスタマイアバター,(永遠）
22197,英騎の魂,カスタマイアバター,(永遠）
22198,ダイヤの星,カスタマイアバター,(永遠）
22199,純白の桂冠,カスタマイアバター,(永遠）
22200,白の女王,カスタマイアバター,(永遠）
22201,健康守護者,カスタマイアバター,(永遠）
22202,キンシコウの人形,カスタマイアバター,(永遠）
22203,雪豹守護者（女）,カスタマイアバター,(永遠）
22204,キャンディの運動靴,カスタマイアバター,(永遠）
22205,雪豹守護者（男）,カスタマイアバター,(永遠）
22206,きらびやかな運動靴,カスタマイアバター,(永遠）
22207,雪豹の人形,カスタマイアバター,(永遠）
22208,孔雀の羽根,カスタマイアバター,(永遠）
22209,雀の羽根のサスペンダースカート,カスタマイアバター,(永遠）
22210,くるくるネズミウサギ,カスタマイアバター,(永遠）
22211,パックネズミウサギ,カスタマイアバター,(永遠）
22212,どんどん襲来,カスタマイアバター,(永遠）
22213,やわらか豹の尻尾の背飾り,カスタマイアバター,(永遠）
22214,極地のショートブーツ,カスタマイアバター,(永遠）
22215,高原の貴族,カスタマイアバター,(永遠）
22216,雪原の領主,カスタマイアバター,(永遠）
22217,もこもこ雪原の靴,カスタマイアバター,(永遠）
22218,高原の姫,カスタマイアバター,(永遠）
22219,雪原のばら,カスタマイアバター,(永遠）
22220,雪の中の探訪,カスタマイアバター,(永遠）
22221,トランプの迷宮,カスタマイアバター,(永遠）
22222,ティラミス,カスタマイアバター,(永遠）
22223,金色の海洋,カスタマイアバター,(永遠）
22224,獅子王,カスタマイアバター,(永遠）
22225,満月の夜,カスタマイアバター,(永遠）
22226,キュートなウサギの黒い森,カスタマイアバター,(永遠）
22227,秘密の舞台,カスタマイアバター,(永遠）
22228,チェシャネコ,カスタマイアバター,(永遠）
22229,おかしな帽子屋,カスタマイアバター,(永遠）
22230,白雪姫,カスタマイアバター,(永遠）
22231,スイートクランベリー,カスタマイアバター,(永遠）
22232,探険の出会い,カスタマイアバター,(永遠）
22233,偵察小隊,カスタマイアバター,(永遠）
22234,先鋒探索者,カスタマイアバター,(永遠）
22235,レインボーファンタジー,カスタマイアバター,(永遠）
22236,スイート機動戦士,カスタマイアバター,(永遠）
22237,未来の音律,カスタマイアバター,(永遠）
22238,幻のリズム,カスタマイアバター,(永遠）
22239,スーパーエネルギー水夫服,カスタマイアバター,(永遠）
22240,機械アーマー,カスタマイアバター,(永遠）
22241,機動装置,カスタマイアバター,(永遠）
22242,夜空のきらめき,カスタマイアバター,(永遠）
22243,翡翠の反響,カスタマイアバター,(永遠）
22244,魚座の頭飾り,カスタマイアバター,(永遠）
22245,水瓶座の頭飾り,カスタマイアバター,(永遠）
22246,山羊座の頭飾り,カスタマイアバター,(永遠）
22247,キューピッドの心,ミニポイントショップで購入して獲得,(永遠）
22248,スイートウォーター,ミニポイントショップで購入,(永遠）
22249,スイーツ販売機,ミニポイントショップで購入,(永遠）
22250,愛の神の閃光,ミニポイントショップで購入,(永遠）
22251,暗い星,ミニポイントショップで購入,(永遠）
22252,深淵の凝視,ミニポイントショップで購入,(永遠）
22253,暗影の炎,ミニポイントショップで購入,(永遠）
22254,悪魔の貴族,ミニポイントショップで購入,(永遠）
22255,遠行客,カスタマイアバター,(永遠）
22256,巫山の雲雨,カスタマイアバター,(永遠）
22257,千の葉隠,カスタマイアバター,(永遠）
22258,眼光一閃,カスタマイアバター,(永遠）
22259,般若のお面,カスタマイアバター,(永遠）
22260,那須与一,カスタマイアバター,(永遠）
22261,茶花物語,カスタマイアバター,(永遠）
22262,萌神ちゃん,カスタマイアバター,(永遠）
22263,橋姫の夢語,カスタマイアバター,(永遠）
22264,ほっこりみかん,カスタマイアバター,(永遠）
22265,波を越え羽を踏み,カスタマイアバター,(永遠）
22266,甘いちまき,カスタマイアバター,(永遠）
22267,しょっぱいちまき,カスタマイアバター,(永遠）
22268,調査員の靴,カスタマイアバター,(永遠）
22269,トビネズミの帽子,カスタマイアバター,(永遠）
22270,科学都市の制服,カスタマイアバター,(永遠）
22271,トビネズミの偵察セット,カスタマイアバター,(永遠）
22272,海色の空,カスタマイアバター,(永遠）
22273,花畑の少女,カスタマイアバター,(永遠）
22274,浅い海の旅,カスタマイアバター,(永遠）
22275,レジャータイム,カスタマイアバター,(永遠）
22276,熱帯の景色,カスタマイアバター,(永遠）
22277,レジャーランニング,カスタマイアバター,(永遠）
22278,スポーツ炭酸,カスタマイアバター,(永遠）
22279,スイカアイスクリーム,カスタマイアバター,(永遠）
22280,レモンソフトキャンディ,カスタマイアバター,(永遠）
22281,夏の青レモン,カスタマイアバター,(永遠）
22282,水遊びの時間,カスタマイアバター,(永遠）
22283,スターライトの舞台,カスタマイアバター,(永遠）
22284,天空の旋律,カスタマイアバター,(永遠）
22285,フレッシュマスカット,カスタマイアバター,(永遠）
22286,イチゴクランブル,カスタマイアバター,(永遠）
22287,星河のコンサート,カスタマイアバター,(永遠）
22288,星の詠嘆調,カスタマイアバター,(永遠）
22289,森林の反響,カスタマイアバター,(永遠）
22290,黎明詩吟クラブ,カスタマイアバター,(永遠）
22291,月光のソナタ,カスタマイアバター,(永遠）
22292,花の礼賛,カスタマイアバター,(永遠）
22293,聖堂の弦音,カスタマイアバター,(永遠）
22294,忘却の川の渡し,カスタマイアバター,(永遠）
22295,エネルギー眼帯,灼熱の夏、巨獣がやってくる。巨獣を倒すため、勇者たちは夏の灼熱エネルギー大作戦を通じて、各生配信プラットフォームで秘境イベントに参加し、エネルギー勇士のセットパーツを集めよう。,(永遠）
22296,勇士の精神,カスタマイアバター,(永遠）
22297,エネルギーアーマー,カスタマイアバター,(永遠）
22298,エネルギー戦靴,カスタマイアバター,(永遠）
22299,エネルギーの頭飾り,カスタマイアバター,(永遠）
22300,エネルギーの足鎧,カスタマイアバター,(永遠）
22301,エネルギーの鎧,カスタマイアバター,(永遠）
22302,勇者のオーロラの巨刃,カスタマイアバター,(永遠）
22303,エネルギーの源,カスタマイアバター,(永遠）
22304,創造のボード,カスタマイアバター,(永久）
22305,みんなの足跡,カスタマイアバター,(永久）
22306,カラス面のまじない医,カスタマイアバター,(永久）
22307,ブレットタイム,カスタマイアバター,(永久）
22308,アンティークドリッパー,カスタマイアバター,(永久）
22309,時間の使者,カスタマイアバター,(永久）
22310,飛行マスター,カスタマイアバター,(永久）
22311,蒸気の時代,カスタマイアバター,(永久）
22312,工芸の格調,カスタマイアバター,(永久）
22313,昔日の旅,カスタマイアバター,(永久）
22314,星河の眼鏡,カスタマイアバター,(永久）
22315,時間の停滞,カスタマイアバター,(永久）
22316,明日の翼,カスタマイアバター,(永久）
22317,砲火飛び交う,カスタマイアバター,(永久）
22318,中秋のお祈りウサギ,カスタマイのズドレスアップ,(永久）
22319,中秋のお祈り月餅,カスタマイのズドレスアップ,(永久）
22320,きらめく蓮華,カスタマイのズドレスアップ,(永久）
22321,花に囲まれて,カスタマイのズドレスアップ,(永久）
22322,浮世の卿歌,カスタマイのズドレスアップ,(永久）
22323,明月山河,カスタマイのズドレスアップ,(永久）
22324,芳華錦年,カスタマイのズドレスアップ,(永久）
22325,寒潭の清らかさ,カスタマイのズドレスアップ,(永久）
22326,龍吟の昭,カスタマイのズドレスアップ,(永久）
22327,あふれる福,カスタマイのズドレスアップ,(永久）
22328,長夜,カスタマイのズドレスアップ,(永久）
22329,浮き蓮,カスタマイのズドレスアップ,(永久）
22330,音もなく静か,カスタマイのズドレスアップ,@Null@
22331,血族のカーニバル,カスタマイのズドレスアップ,@Null@
22332,月下の貴族,カスタマイのズドレスアップ,@Null@
22333,闇夜のパーティー,カスタマイのズドレスアップ,@Null@
22334,魔女の集会,カスタマイのズドレスアップ,@Null@
22335,魔法の閃光,カスタマイのズドレスアップ,@Null@
22336,ハロウィン夢幻夜,カスタマイのズドレスアップ,@Null@
22337,悪魔ロック,カスタマイのズドレスアップ,@Null@
22338,魔法の黒ネコちゃん,カスタマイのズドレスアップ,@Null@
22339,遠吠えのオオカミ人間,カスタマイのズドレスアップ,@Null@
22340,凶悪なミイラ,カスタマイのズドレスアップ,@Null@
22341,死神の鎌,カスタマイのズドレスアップ,@Null@
22342,キュートな死神ちゃん,カスタマイのズドレスアップ,@Null@
22343,かぼちゃの足跡,カスタマイのズドレスアップ,@Null@
22344,地下の人マスク,カスタマイのズドレスアップ,@Null@
22345,雨を追いかけて,カスタマイのズドレスアップ,@Null@
22346,雲山月雨,カスタマイのズドレスアップ,@Null@
22347,松柏客,カスタマイのズドレスアップ,@Null@
22348,蘭のような君子,カスタマイのズドレスアップ,@Null@
22349,愛嬌のある女性,カスタマイのズドレスアップ,@Null@
22350,桃色の花の海,カスタマイのズドレスアップ,@Null@
22351,桃,カスタマイのズドレスアップ,@Null@
22352,春の桜色,カスタマイのズドレスアップ,@Null@
22353,桜の花の扇,カスタマイのズドレスアップ,@Null@
22354,侠客の靴,カスタマイのズドレスアップ,@Null@
22355,侠客の頭飾り,カスタマイのズドレスアップ,@Null@
22356,元気扇,@Null@,@Null@
22357,オレンジの足跡,カスタマイのズドレスアップ,@Null@
22358,元気な侠客の衣装,カスタマイのズドレスアップ,@Null@
22359,魔境の護衛隊長,ミニポイントショップで購入で獲得,@Null@
22360,戴冠の儀式,ミニポイントショップで購入で獲得,@Null@
22361,海の声,ミニポイントショップで購入で獲得,@Null@
22362,深淵の来客,ミニポイントショップで購入で獲得,@Null@
22363,鮫人の涙,カスタマイのズドレスアップ,@Null@
22364,神の賜物,カスタマイのズドレスアップ,@Null@
22365,静かな哀れみ,カスタマイのズドレスアップ,@Null@
22366,ペルシャ文明,カスタマイのズドレスアップ,@Null@
22367,黄金の聖裁,カスタマイのズドレスアップ,@Null@
22368,太陽神,カスタマイのズドレスアップ,@Null@
22369,くす玉の花,カスタマイのズドレスアップ,@Null@
22370,ネコの国,カスタマイのズドレスアップ,@Null@
22371,落花有声,カスタマイのズドレスアップ,@Null@
22372,光輝く不思議の国,カスタマイのズドレスアップ,@Null@
22373,ネコ拳出撃,カスタマイのズドレスアップ,@Null@
22374,サメの歌の海語,カスタマイのズドレスアップ,@Null@
22375,波の残影,カスタマイのズドレスアップ,@Null@
22376,暗闇の力,カスタマイのズドレスアップ,@Null@
22377,2021,カスタマイのズドレスアップ,@Null@
22378,クリスマスツリー1本,カスタマイのズドレスアップ,@Null@
22379,日暮れのめまい,シェアカード限定,@Null@
22380,チョコレート菱形格子,シェアカード限定,@Null@
22381,星河散落,シェアカード限定,@Null@
22382,メーメーの夢,シェアカード限定,@Null@
22383,熾天使の翼,シェアカード限定,@Null@
22384,音もなく落ちる雪,カスタマイのズドレスアップ,@Null@
22385,山岳五行,カスタマイのズドレスアップ,@Null@
22386,木イチゴの甘い霜,カスタマイのズドレスアップ,@Null@
22387,花を拾う青いトリ,カスタマイのズドレスアップ,@Null@
22388,シカの頭,カスタマイのズドレスアップ,@Null@
22389,ジングルベルが鳴る,カスタマイのズドレスアップ,@Null@
22390,クリスマスのリストバンド,カスタマイのズドレスアップ,@Null@
22391,奇跡の夜,カスタマイのズドレスアップ,@Null@
22392,祝福の使者,カスタマイのズドレスアップ,@Null@
22393,クリスマスイブの歌,カスタマイのズドレスアップ,@Null@
22394,モチノキの祝福,カスタマイのズドレスアップ,@Null@
22395,スターの舞台,カスタマイのズドレスアップ,@Null@
22396,寒中の梅,カスタマイのズドレスアップ,@Null@
22397,モーモーのおしゃぶり,カスタマイのズドレスアップ,@Null@
22398,天まで届くウシの勢い,カスタマイのズドレスアップ,@Null@
22399,ウシ年のお祝い風船,カスタマイのズドレスアップ,@Null@
22400,乳牛の頭巾,カスタマイのズドレスアップ,@Null@
22401,乳牛のパジャマ,カスタマイのズドレスアップ,@Null@
22402,スイートミルク瓶,カスタマイのズドレスアップ,@Null@
22403,バナナサル,カスタマイのズドレスアップ,@Null@
22404,魔法の光の矢,カスタマイのズドレスアップ,@Null@
22405,おいしい桃,カスタマイのズドレスアップ,@Null@
22406,おしろいの美人,カスタマイのズドレスアップ,@Null@
22407,ギラギラした目,カスタマイのズドレスアップ,@Null@
22408,猛暑の行軍,カスタマイのズドレスアップ,@Null@
22409,中華コック娘,カスタマイのズドレスアップ,@Null@
22410,孔夫子の志,カスタマイのズドレスアップ,@Null@
22411,天下を旅する龍,カスタマイのズドレスアップ,@Null@
22412,小龍女,カスタマイのズドレスアップ,@Null@
22413,清らかな緑の沐浴,カスタマイのズドレスアップ,@Null@
22414,漢光の翼,カスタマイのズドレスアップ,@Null@
22415,仙宮景,カスタマイのズドレスアップ,@Null@
22416,花語天籟,@Null@,@Null@
22417,ざくざく春巻,カスタマイのズドレスアップ,@Null@
22418,睡蓮,カスタマイのズドレスアップ,@Null@
22419,藤の蔓,カスタマイのズドレスアップ,@Null@
22420,鳳鳴,カスタマイのズドレスアップ,@Null@
22421,鹿の小島の衣裳,カスタマイのズドレスアップ,@Null@
22422,牡丹景,カスタマイのズドレスアップ,@Null@
22423,少年の意気込み,カスタマイのズドレスアップ,@Null@
22424,盤竜の墨影,カスタマイのズドレスアップ,@Null@
22425,トウテツの盾,カスタマイのズドレスアップ,@Null@
22426,天翔け,カスタマイのズドレスアップ,@Null@
22427,卵の殻の靴,カスタマイのズドレスアップ,@Null@
22428,卵の殻の帽子,カスタマイのズドレスアップ,@Null@
22429,卵の殻セット,カスタマイのズドレスアップ,@Null@
22430,ペイントエッグ帽子,カスタマイのズドレスアップ,@Null@
22431,にんじんの帽子,カスタマイのズドレスアップ,@Null@
22432,にんじんのレオタード,カスタマイのズドレスアップ,@Null@
22433,ペイントエッグの花輪,カスタマイのズドレスアップ,@Null@
22434,ウサギの足跡,カスタマイのズドレスアップ,@Null@
22435,破風,カスタマイのズドレスアップ,@Null@
22436,砂漠を行く,カスタマイのズドレスアップ,@Null@
22437,雲を抜けて,カスタマイのズドレスアップ,@Null@
22438,青い羽の志,カスタマイのズドレスアップ,@Null@
22439,青いスズメの羽,カスタマイのズドレスアップ,@Null@
22440,雀の舞,カスタマイのズドレスアップ,@Null@
22441,玉のひょうたん,初回チャージ限定,@Null@
22442,女の顔,カスタマイのズドレスアップ,@Null@
22443,踊り子の頭巾,カスタマイのズドレスアップ,@Null@
22444,砂の舞,カスタマイのズドレスアップ,@Null@
22445,紫金の蓮の冠,カスタマイのズドレスアップ,@Null@
22446,飛仙の長袍,カスタマイのズドレスアップ,@Null@
22447,長寿の鎖,カスタマイのズドレスアップ,@Null@
22448,金歩揺,カスタマイのズドレスアップ,@Null@
22449,珠光の髪髻,カスタマイのズドレスアップ,@Null@
22450,飛天のダンススカート,カスタマイのズドレスアップ,@Null@
22451,神猴の頭飾り,カスタマイのズドレスアップ,@Null@
22452,神猴の服,カスタマイのズドレスアップ,@Null@
22453,神猴の尻尾,カスタマイのズドレスアップ,@Null@
22454,神猴の三叉槍,カスタマイのズドレスアップ,@Null@
22455,ナーガの頭飾り,カスタマイのズドレスアップ,@Null@
22456,ナーガのダンススカート,カスタマイのズドレスアップ,@Null@
22457,美味しいホットドッグ,カスタマイのズドレスアップ,@Null@
22458,龍頭蛇のブレスレット,カスタマイのズドレスアップ,@Null@
22459,金足踏,カスタマイのズドレスアップ,@Null@
22460,大将の頭飾り,カスタマイのズドレスアップ,@Null@
22461,織田鎧,カスタマイのズドレスアップ,@Null@
22462,浪人武者,カスタマイのズドレスアップ,@Null@
22463,苦難の旅,カスタマイのズドレスアップ,@Null@
22464,土グモの刃,カスタマイのズドレスアップ,@Null@
22465,夢の花宴,カスタマイのズドレスアップ,@Null@
22466,桜四十に咲く,カスタマイのズドレスアップ,@Null@
22467,千姫の夢,カスタマイのズドレスアップ,@Null@
22468,無垢の白,カスタマイのズドレスアップ,@Null@
22469,星月の輪,カスタマイのズドレスアップ,@Null@
22470,香菜の足跡,カスタマイのズドレスアップ,@Null@
22471,愛玩少年,カスタマイのズドレスアップ,@Null@
22472,おしゃれスイーツ,カスタマイのズドレスアップ,@Null@
22473,花爛漫の枝,カスタマイのズドレスアップ,@Null@
22474,春を奏でる柳の葉,カスタマイのズドレスアップ,@Null@
22475,精霊の祭典,カスタマイのズドレスアップ,@Null@
22476,花に囲まれて,カスタマイのズドレスアップ,@Null@
22477,春の日の手紙,カスタマイのズドレスアップ,@Null@
22478,花の鏡,カスタマイのズドレスアップ,@Null@
22479,春桃,カスタマイのズドレスアップ,@Null@
22480,浅霧の香り,カスタマイのズドレスアップ,@Null@
22481,迎春の語,カスタマイのズドレスアップ,@Null@
22482,青い彗星の羽,カスタマイのズドレスアップ,@Null@
22483,昼の星の群青,カスタマイのズドレスアップ,@Null@
22484,コアラ人形のバックパック,カスタマイのズドレスアップ,@Null@
22485,花雨の足跡,カスタマイのズドレスアップ,@Null@
22486,イルミネーションバルーン,カスタマイのズドレスアップ,@Null@
22487,虚妄の海,カスタマイのズドレスアップ,@Null@
22488,北極星,カスタマイのズドレスアップ,@Null@
22489,庭師のオーバーオール,カスタマイのズドレスアップ,@Null@
22490,レインボーバブルガム,カスタマイのズドレスアップ,@Null@
22491,ユニコーンファンタジー,カスタマイのズドレスアップ,@Null@
22492,レインボーの足跡,カスタマイのズドレスアップ,@Null@
22493,ビーチの麦わら帽子,カスタマイのズドレスアップ,@Null@
22494,椰子の木の島,カスタマイのズドレスアップ,@Null@
22495,わいわい海岸,カスタマイのズドレスアップ,@Null@
22496,にぎやかなビーチ,カスタマイのズドレスアップ,@Null@
22497,秩序の戦い,ミニポイントストアで交換してゲット,@Null@
22498,黒と白のアビス,ミニポイントストアで交換してゲット,@Null@
22499,クリムゾンスーツ,ミニポイントストアで交換してゲット,@Null@
22500,銀紅の舞,ミニポイントストアで交換してゲット,@Null@
22501,オレンジ色の猫のヘッドギア,ファーストチャージによるゲット,@Null@
22502,オレンジ色の猫のパジャマ,ファーストチャージによるゲット,@Null@
22503,猫のおもちゃ,ファーストチャージによるゲット,@Null@
22504,緋色のバラ,カスタマイズドレスアップ,@Null@
22505,アプリコット,カスタマイズドレスアップ,@Null@
22506,藍色のメロディー,カスタマイズドレスアップ,@Null@
22507,黒と白のパッチリストバンド,カスタマイズドレスアップ,@Null@
22508,横柄,カスタマイズドレスアップ,@Null@
22509,軽はずみ,カスタマイズドレスアップ,@Null@
22510,ゴールデンウィング,カスタマイズドレスアップ,@Null@
22511,ディバインチャイルドの下駄,カスタマイズドレスアップ,@Null@
22512,天照,カスタマイズドレスアップ,@Null@
22513,アゲハ蝶,カスタマイズドレスアップ,@Null@
22514,ホーリーレギオン,カスタマイズドレスアップ,@Null@
22515,マンスリーリード,カスタマイズドレスアップ,@Null@
22516,スターストーリー,カスタマイズドレスアップ,@Null@
22517,ディバインアカデミー,カスタマイズドレスアップ,@Null@
22518,敬虔な祈り,カスタマイズドレスアップ,@Null@
22519,月の三日月,カスタマイズドレスアップ,@Null@
22520,落ち着いた目,カスタマイズドレスアップ,@Null@
22521,リーフダンス,カスタマイズドレスアップ,@Null@
22522,スイカ・スイートハート,カスタマイズドレスアップ,@Null@
22523,エメラルドグレープ,カスタマイズドレスアップ,@Null@
22524,シェパード・ガール,カスタマイズドレスアップ,@Null@
22525,ジューシータンジェリン,カスタマイズドレスアップ,@Null@
22526,ストロベリー・スイートハート,カスタマイズドレスアップ,@Null@
22527,フルーツの砂糖漬け,カスタマイズドレスアップ,@Null@
22528,魔法少女のステッキ,カスタマイズドレスアップ,@Null@
22529,蝶の翼,カスタマイズドレスアップ,@Null@
22530,死神のコート,カスタマイズドレスアップ,@Null@
22531,死神のズボン,カスタマイズドレスアップ,@Null@
22532,死神のマント,カスタマイズドレスアップ,@Null@
22533,死神マスク,カスタマイズドレスアップ,@Null@
22534,死神の影,カスタマイズドレスアップ,@Null@
22535,海の味,カスタマイズドレスアップ,@Null@
22536,休日麦わら帽子,カスタマイズドレスアップ,@Null@
22537,風にそよぐひまわり,カスタマイズドレスアップ,@Null@
22538,ディープシーカラー,カスタマイズドレスアップ,@Null@
22539,スイートリトルセーラー,カスタマイズドレスアップ,@Null@
22540,サーフボード,カスタマイズドレスアップ,@Null@
22541,サマーレモン,カスタマイズドレスアップ,@Null@
22542,ビーチサンダル,カスタマイズドレスアップ,@Null@
22543,グレープフルーツサングラス,カスタマイズドレスアップ,@Null@
22544,涼しい夏,カスタマイズドレスアップ,@Null@
22545,スターリーショートパンツ,カスタマイズドレスアップ,@Null@
22546,ライムスイムリング,カスタマイズドレスアップ,@Null@
22547,デイジーアンブレラ,カスタマイズドレスアップ,@Null@
22548,ホタテスター,カスタマイズドレスアップ,@Null@
22549,ムード・メッセンジャー,カスタマイズドレスアップ,@Null@
22550,ムード・ショートパンツ,カスタマイズドレスアップ,@Null@
22551,楽しいウォーターガン,カスタマイズドレスアップ,@Null@
22552,コントラストスニーカー,カスタマイズドレスアップ,@Null@
22553,アンカーベレー,カスタマイズドレスアップ,@Null@
22554,空の声,カスタマイズドレスアップ,@Null@
22555,藤のつる,カスタマイズドレスアップ,@Null@
22556,シュガー・シーフ・デビル,ミニポイントショップで獲得,@Null@
22557,ミニ手袋,カスタマイズドレスアップ,@Null@
22558,リベットシューズ,カスタマイズドレスアップ,@Null@
22559,リトル・オー,カスタマイズドレスアップ,@Null@
22560,@Null@,@Null@,@Null@
22561,@Null@,@Null@,@Null@
22562,@Null@,@Null@,@Null@
22563,@Null@,@Null@,@Null@
22564,@Null@,@Null@,@Null@
22565,@Null@,@Null@,@Null@
22566,@Null@,@Null@,@Null@
22567,@Null@,@Null@,@Null@
22568,@Null@,@Null@,@Null@
22569,@Null@,@Null@,@Null@
22570,@Null@,@Null@,@Null@
22571,@Null@,@Null@,@Null@
22572,@Null@,@Null@,@Null@
22573,@Null@,@Null@,@Null@
22574,@Null@,@Null@,@Null@
22575,@Null@,@Null@,@Null@
22576,@Null@,@Null@,@Null@
22600,リュック（1日）,カスタマイのズドレスアップ,@Null@
22601,Miウサギ（1日）,カスタマイのズドレスアップ,@Null@
22602,挑戦者のバックパック（3日）,カスタマイのズドレスアップ,@Null@
22603,@Null@,@Null@,@Null@
22604,@Null@,@Null@,@Null@
22605,@Null@,@Null@,@Null@
23599,@Null@,@Null@,@Null@
23600,@Null@,@Null@,@Null@
23601,@Null@,@Null@,@Null@
23602,@Null@,@Null@,@Null@
23603,@Null@,@Null@,@Null@
23604,@Null@,@Null@,@Null@
23605,Miウサギ（30日）,カスタマイのズドレスアップ,@Null@
23606,@Null@,@Null@,@Null@
23607,@Null@,@Null@,@Null@
23608,@Null@,@Null@,@Null@
23609,@Null@,@Null@,@Null@
24599,@Null@,@Null@,@Null@
24600,Eva（30日）,使用：このドレスアップを30日使用可能。すでにこのドレスアップを永久アンロックしている場合、ミニビーンをいくつか獲得。,@Null@
24601,カスタマイズドレスアップの特権カード,購入後ほとんどのカスタマイズドレスアップの無料使用権が獲得できます。有効期限は30日、購入後即有効となります。,@Null@
24699,@Null@,@Null@,@Null@
24700,@Null@,@Null@,@Null@
24701,@Null@,@Null@,@Null@
24702,@Null@,@Null@,@Null@
24703,@Null@,@Null@,@Null@
24704,@Null@,@Null@,@Null@
24705,@Null@,@Null@,@Null@
24706,@Null@,@Null@,@Null@
24707,@Null@,@Null@,@Null@
24708,@Null@,@Null@,@Null@
24800,子ネコ-カケラ,子ネコのマウント。#cfa7a0fショップ-マウント#nで表示。獲得経路：マイガーデンの果実,@Null@
24801,ペガサス-カケラ,ペガサスのマウント。#cfa7a0fショップ-マウント#nで表示。獲得経路：マイガーデンの果実,@Null@
24802,林千樹のカケラ,ドレスアップのアンロック-林千樹。#cfa7a0fショップ-ドレスアップ#nで表示。獲得経路：イベントで獲得,@Null@
24803,雪豹姫様のカケラ,ドレスアップのアンロック-雪豹姫様。#cfa7a0fショップ-ドレスアップ#nで表示。獲得経路：イベントで獲得,@Null@
24804,輿のカケラ,輿のマウント。#cfa7a0fショップ-マウント#nで表示。獲得経路：マイガーデンの果実,@Null@
24805,忍者カエルのカケラ,ドレスアップのアンロック-忍者カエル。#cfa7a0fショップ-ドレスアップ#nで表示。獲得経路：イベントで獲得,@Null@
24806,ドレスアップのカケラ,ショップのガチャのカケラショップでアイテムを交換できる,@Null@
24807,少女鈴音のカケラ,ドレスアップのアンロック-少女鈴音。#cfa7a0fショップ-ドレスアップ#nで表示。獲得経路：イベントで獲得,@Null@
24808,全能ラウルのカケラ,ドレスアップのアンロック-全能ラウル。#cfa7a0fショップ-ドレスアップ#nで表示。獲得経路：イベントで獲得,@Null@
24809,魔龍のカケラ,魔龍マウント。#cfa7a0fショップ-マウント#nで表示。獲得経路：マイガーデンの果実,@Null@
24810,旅行者ダキのカケラ,ドレスアップのアンロック——ダーチ。ショップ—ドレスアップで表示。獲得経路：イベントで獲得,@Null@
24811,月マウントのカケラ,月マウントは#cfa7a0fショップ-マウント#nで表示。獲得経路：マイガーデンの果実,@Null@
24812,タリアのカケラ,ドレスアップのアンロック-タリア。#cfa7a0fショップ-ドレスアップ#nで表示。獲得経路：交換コードで獲得,@Null@
24813,わさびちゃんのカケラ,@Null@,@Null@
24814,タコ君のカケラ,@Null@,@Null@
24815,聖夜のそりのカケラ,聖夜のそりマウント。#cfa7a0fショップ-マウント#nで表示。獲得経路：マイガーデンの果実,@Null@
24816,ピーッピー車のカケラ,ピーッピー車のマウント。#cfa7a0fショップ-マウント#nで表示。獲得経路：ボーナスショップでの交換で獲得,@Null@
24817,福ウシのカケラ,福を運ぶモーモー。#cfa7a0fショップ-マウント#nで表示。獲得経路：ボーナスショップでの交換で獲得,@Null@
24818,巨大クジラのカケラ,巨大クジラのマウント。#cfa7a0fショップ-マウント#nで表示。獲得経路：マイガーデンの果実,@Null@
24819,蓮の花のカケラ,蓮の花のマウント。#cfa7a0fショップ-マウント#nで表示。獲得経路：マイガーデンの果実,@Null@
24820,九色鹿のカケラ,九色鹿のマウント。#cfa7a0fショップ-マウント#nで表示。獲得経路：マイガーデンの果実,@Null@
24821,ドラゴン王子-歌のカケラ,ドレスアップのアンロック-ドラゴン王子-歌。#cfa7a0fショップ-ドレスアップ#nで表示。獲得経路：イベントで獲得,イベントで獲得
24822,オレンジのカケラ,ドレスアップのアンロック-オレンジ。#cfa7a1fショップ-ドレスアップ#nで表示。獲得経路：イベントで獲得,イベントで獲得
24823,バブルのカケラ,ドレスアップのアンロック-バブル。#cfa7a1fショップ-ドレスアップ#nで表示。獲得経路：イベントで獲得,イベントで獲得
24824,クールミニかけら,スキンミニクールのロックを解除します。#cfa7a0fショップ-ドレスアップ#nで確認。イベントから入手,@Null@
24825,ハルのカケラ,スキンハルのロックを解除します。#cfa7a1fショップ-ドレスアップ#nで確認。獲得経路：ミニポイントの交換で獲得,@Null@
24826,沈一弦のカケラ,スキン沈一弦のロックを解除します。#cfa7a2fショップ-ドレスアップ#nで確認。獲得経路：イベント,@Null@
24827,ハニーのカケラ,スキンハニーのロックを解除します。#cfa7a3fショップ-ドレスアップ#nで確認。獲得経路：イベント,@Null@
24828,ビーコンのカケラ,スキンビーコンのロックを解除します。#cfa7a3fショップ-ドレスアップ#nで確認。獲得経路：イベント,@Null@
24829,馬红俊かけら,ドレスアップのアンロック-馬红俊。#cfa7a4fショップ-ドレスアップ#nで表示。獲得経路：イベントで獲得,
24830,バージョンが低すぎる,,
24831,フィフィーかけら,スキンをアンロック-フィフィー。#cfa7a4fショップ-スキン#nで表示。獲得経路：運営のイベントで獲得,
24832,ロンナスかけら,スキンをアンロック-ロンナス。#cfa7a4fショップ-スキン#nで表示。獲得経路：運営のイベントで獲得,
24833,スーパーマン御子のかけら,スキンをアンロック-スーパーマン御子。#cfa7a4fショップ-スキン#nで表示。獲得経路：運営のイベントで獲得,
24834,,,
24835,,,
24836,,,
24837,,,
24838,龍潮児の破片,龍潮児のスキンを解放します。#cfa7a4fショップ-スキン#nでチェックできます。獲得経路：運営のイベントで獲得,
24839,オレンジガールのかけら,スキンオレンジの女の子のロックを解除します。 #cfa7a4fShop - Skin#n で確認してください。入手方法：特定のイベント,
25000,@Null@,@Null@,@Null@
25001,王家のかぼちゃの馬車のカケラ,王家のかぼちゃの馬車のマウント。#cfa7a0fショップ-マウント#nで表示。獲得経路：イベント,@Null@
25002,精霊のかぼちゃの馬車のカケラ,精霊のかぼちゃの馬車のマウント。#cfa7a0fショップ-マウント#nで表示。獲得経路：イベント,@Null@
25003,ソースコードスパイラルかけら,ソースコードスパイラルかけら。  #cfa7a0fショップ-マウント#nでチェックできる。獲得経路：イベント,@Null@
25004,三つ葉スパイラルかけら,三つ葉スパイラルかけら。  #cfa7a0fショップ-マウント#nでチェックできる。獲得経路：イベント,@Null@
25005,グレーフラッフィーかけら,グレーフラッフィーかけら。  #cfa7a0fショップ-マウント#nでチェックできる。獲得経路：イベント,@Null@
25006,スターウィッシュ スノーフロストかけら,スターウィッシュ スノーフロストかけら。  #cfa7a0fショップ-マウント#nでチェックできる。獲得経路：イベント,@Null@
25007,白鳥かけら,白鳥かけら。  #cfa7a0fショップ-マウント#nでチェックできる。獲得経路：イベント,@Null@
25008,ウォリアーファイターかけら,ウォリアーファイターかけら。  #cfa7a0fショップ-マウント#nでチェックできる。獲得経路：イベント,@Null@
25009,飛行機かけら,ウォリアーファイターかけらあるいはフライングウィングファイターかけらと交換できる。  #cfa7a0fショップ-マウント#nでチェックできる。獲得経路：イベント,@Null@
25010,無敵旋風かけら,無敵旋風かけら。  #cfa7a0fショップ-マウント#nでチェックできる。獲得経路：イベント,@Null@
25011,環海ロロかけら,環海ロロかけら。 #cfa7a0fショップ-マウント#nでチェックできる。獲得経路：イベント,@Null@
25012,ネドロロかけら,ネドロロマウント。 #cfa7a0fショップ-マウント#nでチェックできる。獲得経路：イベント,@Null@
25013,ドラゴンかけら,ドラゴンマウント。 #cfa7a0fショップ-マウント#nでチェックできる。獲得経路：マイガーデンの果実,@Null@
25014,絵になる船かけら,絵になる船かけら#cfa7a1fショップ-マウント#nでチェックできる。獲得経路：マイガーデンの果実,@Null@
25015,マジックのカーペットかけら,マジックのカーペットかけら#cfa7a2fショップ-マウント#nでチェックできる。獲得経路：マイガーデンの果実,@Null@
25016,機械鳥のかけら,機械鳥マウント。 #cfa7a0fショップ-マウント#nでチェックできる。獲得経路：マイガーデンの果実,@Null@
25017,グーグーのかけら,グーグーマウント。 #cfa7a0fショップ-マウント#nでチェックできる。獲得経路：イベントギフトバッグ,@Null@
25018,ターンテーブルのかけら,ターンテーブルマウント。 #cfa7a0fショップ-マウント#nでチェックできる。獲得経路：マイガーデンの果実,@Null@
25019,フラワースタンドかけら,フラワースタンドマウント。 #cfa7a4fショップ-マウント#nでチェックできる。獲得経路：マイガーデンの果実,@Null@
25020,扇子のかけら,扇子マウント。 #cfa7a5fショップ-マウント#nでチェックできる。獲得経路：イベント,@Null@
25021,旺財のかけら,旺財マウント。 #cfa7a6fショップ-マウント#nでチェックできる。獲得経路：マイガーデンの果実,@Null@
25022,帝王駒のかけら,帝王駒マウント。 #cfa7a6fショップ-マウント#nでチェックできる。獲得経路：マイガーデンの果実,@Null@
25023,布虎のかけら,布虎マウント。 #cfa7a6fショップ-マウント#nでチェックできる。獲得経路：マイガーデンの果実,@Null@
25024,折り鶴のかけら,折り鶴マウント。 #cfa7a5fショップ-マウント#nでチェックできる。獲得経路：マイガーデンの果実,@Null@
25025,砂漠のボートのかけら,砂漠のボートマウント。 #cfa7a5fショップ-マウント#nでチェックできる。獲得経路：マイガーデンの果実,@Null@
25026,仙鑰かけら,仙鑰マウント、#cfa7a5fショップ-カケラ#nで確認できる。獲得方法：マウントのガチャ,
25027,仙剣かけら,仙剣マウント。#cfa7a0fショップ-マウント#nで表示。獲得経路：マウントのガチャ,
25028,絵巻のかけら,絵巻マウント。#cfa7a5fショップ-マウント#nでチェックできる。獲得経路：マイガーデンの果実,@Null@
25029,バスタブかけら,バスタブマウント。#cfa7a0fショップ-マウント#nで表示。獲得経路：マウントのガチャ,
25030,狐仙かけら,狐仙マウント。#cfa7a0fショップ-マウント#nで表示。獲得経路：マウントのガチャ,
25031,ネコカーかけら,ネコカーマウント。#cfa7a0fショップ-マウント#nで表示。獲得経路：マウントのガチャ,
25032,ラクダのかけら,ラクダマウント。#cfa7a0fショップ-マウント#nで表示。獲得方法：マウントのガチャ,
25033,クジャクのかけら,クジャクマウント。#cfa7a0fショップ-マウント#nで表示。獲得方法：マウントのガチャ,
25034,月餅のかけら,月餅マウント。#cfa7a0fショップ-マウント#nで表示。獲得方法：マウントのガチャ,
25035,芳華のかけら,芳華マウント。#cfa7a0fショップ-マウント#nで表示。獲得方法：マウントのガチャ,
25036,スケートボードのかけら,スケートボードマウント。#cfa7a0fショップ-マウント#nで表示。獲得方法：マウントのガチャ,
25037,空に飛ぶ豚かけら,空に飛ぶ豚マウント。#cfa7a0fショップ-マウント#nで表示。獲得方法：マウントのガチャ,
25038,ウサギライトのかけら,ウサギライトマウント。#cfa7a0fショップ-マウント#nで表示。獲得方法：マウントのガチャ,
25039,化粧箱かけら,化粧箱マウント。#cfa7a0fショップ-マウント#nで表示。獲得方法：マウントのガチャ,
25040,雪の華かけら,雪の華マウント。#cfa7a0fショップ-マウント#nで表示。獲得方法：マウントのガチャ,
25041,ミニトランスカーかけら,ミニトランスカーマウント。#cfa7a0fショップ-マウント#nで表示。獲得方法：イベントで獲得,
25042,祝賀会の本かけら,祝賀会の本マウント。#cfa7a0fショップ-マウント#nで表示。獲得方法：イベントで獲得,
25043,グルモンのかけら,グルモンマウント。#cfa7a0fショップ-マウント#nで表示。獲得方法：イベントで獲得,
25044,ちまきの葉のいかだのかけら,ちまきの葉のいかだマウント。#cfa7a0fショップ-マウント#nで表示。獲得方法：イベントで獲得,
25045,雲海のかけら,クラウドシー(マウント)。#cfa7a5fショップ#n で確認。入手方法: イベント。,
25046,スイートハートシャード,「Sweetheart」（マウント）を見る、#cfa7a5fショップ-マウント#n、イベント。,
25047,,,
25048,,,
25049,オルゴールのかけら,音楽ボックス乗り物。入手方法：イベント,
25050,ブランコのかけら,ブランコマウント。#cfa7a5fショップ-マウント#nでチェックできる。獲得経路：マウントのガチャ,
25051,貝のかけら,貝のマウント#cfa7a5fショップ-マウント#nでチェックできる。獲得経路：マウントのガチャ,
25052,錦鯉の破片,錦鯉のマウント。#cfa7a6fショップ-マウント#nでチェックできます。獲得経路：マウントのガチャ,
25053,天馬の破片,天馬のマウント。#cfa7a7fショップ-マウント#nでチェックできます。獲得経路：マウントのガチャ,
25054,マチョの破片,マチョのマウント。#cfa7a8fショップ-マウント#nでチェックできます。獲得経路：マウントのガチャ,
25055,先駆者の破片,先駆者のマウント。#cfa7a9fショップ-マウント#nでチェックできます。獲得経路：マウントのガチャ,
25056,戦狼伝説の破片,戦狼伝説のマウント。#cfa7a10fショップ-マウント#nでチェックできます。獲得経路：マウントのガチャ,
25057,,,
25058,ゴールデンカップフラワーシャード,ゴールデンカップフラワーマウント。 #cfa7a9fShop - Mount#n で確認してください。,
25059,優雅な蓮の欠片,優雅なロータスマウント。 #cfa7a9fShop - Mount#n で確認してください。,
25500,@Null@,@Null@,@Null@
25501,深林白鹿（永久）,使用：マウントを永久的にロック解除します。アマウントを永久にロック解除していれば、ミニビーンのギフトを！,@Null@
25502,涅槃絵色（永久）,使用：マウントを永久的にロック解除します。アマウントを永久にロック解除していれば、ミニビーンのギフトを！,@Null@
25503,鹿王本尊（永久）,使用：マウントを永久的にロック解除します。アマウントを永久にロック解除していれば、ミニビーンのギフトを！,@Null@
25504,超音速帝王駒(永久),使用：マウントを永久的にロック解除します。アマウントを永久にロック解除していれば、ミニビーンのギフトを！,@Null@
25505,子トラ(永久),使用：マウントを永久的にロック解除します。アマウントを永久にロック解除していれば、ミニビーンのギフトを！,@Null@
25506,星語心願(永久),使用：マウントを永久的にロック解除します。アマウントを永久にロック解除していれば、ミニビーンのギフトを！,@Null@
25507,@Null@,使用：マウントを永久的にロック解除します。アマウントを永久にロック解除していれば、ミニビーンのギフトを！,@Null@
25508,@Null@,使用：マウントを永久的にロック解除します。アマウントを永久にロック解除していれば、ミニビーンのギフトを！,@Null@
25509,@Null@,使用：マウントを永久的にロック解除します。アマウントを永久にロック解除していれば、ミニビーンのギフトを！,@Null@
25510,@Null@,使用：マウントを永久的にロック解除します。アマウントを永久にロック解除していれば、ミニビーンのギフトを！,@Null@
25511,@Null@,使用：マウントを永久的にロック解除します。アマウントを永久にロック解除していれば、ミニビーンのギフトを！,@Null@
25512,逐影の鑰（永久）,使用：ドレスを永久的にロック解除します。ドレスを永久にロック解除していれば、ミニビーンのギフトを！マウント画面での使用が必要。,
25513,赤霄長剣（永久）,使用：マウントを永久的にロック解除します。マウントを永久にロック解除していれば、ミニビーンのギフトを！マウント画面での使用が必要。,
25514,余暇時間（永久）,使用：マウントを永久的にロック解除します。マウントを永久にロック解除していれば、ミニビーンのギフトを！マウント画面での使用が必要。,
25515,かわいい狐（永久）,使用：マウントを永久的にロック解除します。マウントを永久にロック解除していれば、ミニビーンのギフトを！マウント画面での使用が必要。,
25516,青緑（永久）,使用：マウントを永久的にロック解除します。マウントを永久にロック解除していれば、ミニビーンのギフトを！マウント画面での使用が必要。,
25517,柔らかい心（永久）,使用：マウントを永久的にロック解除します。マウントを永久にロック解除していれば、ミニビーンのギフトを！マウント画面での使用が必要。,
25518,紫幽铃（永久）,使用：マウントを永久的にロック解除します。マウントを永久にロック解除していれば、ミニビーンのギフトを！マウント画面での使用が必要。,
25519,飛行士豚ドド（永久）,使用：マウントを永久的にアンロックします。マウント（永久）を既にアンロックする場合には、ミニビーンのギフトを！マウント画面での使用が必要。,
25520,ミニピンク箱（永久）,使用：マウントを永久的にアンロックします。マウント（永久）を既にアンロックする場合には、ミニビーンのギフトを！マウント画面での使用が必要。,
25521,雪瑠璃（永久）,使用：マウントを永久的にアンロックします。マウント（永久）を既にアンロックする場合には、ミニビーンのギフトを！マウント画面での使用が必要。,
25522,ミニトランスカー（永久）,使用：マウントを永久的にアンロックします。マウント（永久）を既にアンロックする場合には、ミニビーンのギフトを！マウント画面での使用が必要。,
25523,祝賀会の本（永久）,使用：マウントを永久的にロック解除します。アマウントを永久にロック解除していれば、ミニビーンのギフトを！,
25524,グルモン（永久）,使用：マウントを永久的にアンロックします。マウント（永久）を既にアンロックする場合には、ミニビーンのギフトを！マウント画面での使用が必要。,
25525,ちまきの葉のいかだ（永久）,使用：マウントを永久的にアンロックします。マウント（永久）を既にアンロックする場合には、ミニビーンのギフトを！マウント画面での使用が必要。,
25526,山川と雲海（永遠）,使用: マウント永久解除。解除済ならミニビーンズ獲得。マウント画面で使用。,
25527,甘い出会い（永久）,使用: マウント永久解除。解除済ならミニビーンズ獲得。マウント画面で使用。,
25528,,,
25529,,,
25530,楽しい音楽ボックス（永久）,使用: マウント永久解除。すでに永久解除済みならミニビーンを受け取る。マウントインターフェースで使用。,
25531,緑の若芽（永久）,使用：このマウントを永久的に解放します。すでにこのマウントを永久解放した場合、代わりにミニビーンを獲得します。マウント画面にて使用してください,
25532,微光の星貝（永久）,使用：このマウントを永久的に解放します。すでにこのマウントを永久解放した場合、代わりにミニビーンを獲得します。マウント画面にて使用してください,
25533,躍動する鱗光（永久）,使用：このマウントを永久的に解放します。すでにこのマウントを永久解放した場合、代わりにミニビーンを獲得します。マウント画面にて使用してください。,
25534,雲上の夢（永久）,使用：このマウントを永久的に解放します。すでにこのマウントを永久解放した場合、代わりにミニビーンを獲得します。マウント画面にて使用してください。,
25535,マチョ（永久）,使用：このマウントを永久的に解放します。すでにこのマウントを永久解放した場合、代わりにミニビーンを獲得します。マウント画面にて使用してください。,
25536,先駆者（永久）,使用：このマウントを永久的に解放します。すでにこのマウントを永久解放した場合、代わりにミニビーンを獲得します。マウント画面にて使用してください。,
25537,戦狼伝説（永久）,使用：このマウントを永久的に解放します。すでにこのマウントを永久解放した場合、代わりにミニビーンを獲得します。マウント画面にて使用してください。,
25538,ダイティング（常設）,それを使用して、このマウントのロックを永久に解除します。マウントが永続的にロック解除されている場合は、ミニビーンを入手できます。マウントインターフェイスで使用します,
25539,ゴールデンカップフラワー(常設),それを使用して、このマウントのロックを永久に解除します。マウントが永続的にロック解除されている場合は、ミニビーンを入手できます。マウントインターフェイスで使用します,
25540,グレイスフル・ロータス(常設),それを使用して、このマウントのロックを永久に解除します。マウントが永続的にロック解除されている場合は、ミニビーンを入手できます。マウントインターフェイスで使用します,
26000,@Null@,@Null@,@Null@
26001,精霊姫（1日）,使用：ドレスを一日間にロック解除します。ドレスを永久にロック解除していれば、ミニビーンのギフトを！,@Null@
26002,小さなドラゴン-リン・フー（1日）,使用：ドレスを一日間にロック解除します。ドレスを永久にロック解除していれば、ミニビーンのギフトを！,@Null@
26003,妙妙（1日）,使用：ドレスを一日間にロック解除します。ドレスを永久にロック解除していれば、ミニビーンのギフトを！,@Null@
26004,ホワイトスワン-オデット（1日）,使用：ドレスを一日間にロック解除します。ドレスを永久にロック解除していれば、ミニビーンのギフトを！,@Null@
26005,ティモシー（1日）,使用：ドレスを一日間にロック解除します。ドレスを永久にロック解除していれば、ミニビーンのギフトを！,@Null@
26006,ジェシー（1日）,使用：ドレスを一日間にロック解除します。ドレスを永久にロック解除していれば、ミニビーンのギフトを！,@Null@
26007,クイックエディ（1日）,使用：ドレスを一日間にロック解除します。ドレスを永久にロック解除していれば、ミニビーンのギフトを！,@Null@
26008,@Null@,使用：ドレスを一日間にロック解除します。ドレスを永久にロック解除していれば、ミニビーンのギフトを！,@Null@
26009,ブラックスワン-オデット（1日）,使用：ドレスを一日間にロック解除します。ドレスを永久にロック解除していれば、ミニビーンのギフトを！,@Null@
26010,カエルの王子様-クローク（1日）,使用：ドレスを一日間にロック解除します。ドレスを永久にロック解除していれば、ミニビーンのギフトを！,@Null@
26011,バルタン星人（１日）,使用：ドレスを一日間にロック解除します。ドレスを永久にロック解除していれば、ミニビーンのギフトを！,@Null@
26012,白雪姫-ソフィア（1日）,使用：ドレスを一日間にロック解除します。ドレスを永久にロック解除していれば、ミニビーンのギフトを！,@Null@
26013,ハンソン（1日）,使用：ドレスを一日間にロック解除します。ドレスを永久にロック解除していれば、ミニビーンのギフトを！,@Null@
26014,グレーテ（1日）,使用：ドレスを一日間にロック解除します。ドレスを永久にロック解除していれば、ミニビーンのギフトを！,@Null@
26015,@Null@,使用：ドレスを一日間にロック解除します。ドレスを永久にロック解除していれば、ミニビーンのギフトを！,@Null@
26016,@Null@,使用：ドレスを一日間にロック解除します。ドレスを永久にロック解除していれば、ミニビーンのギフトを！,@Null@
26017,@Null@,使用：ドレスを一日間にロック解除します。ドレスを永久にロック解除していれば、ミニビーンのギフトを！,@Null@
26018,ハル（1日）,使用：ドレスを一日間にロック解除します。ドレスを永久にロック解除していれば、ミニビーンのギフトを！,@Null@
26019,@Null@,使用：ドレスを一日間にロック解除します。ドレスを永久にロック解除していれば、ミニビーンのギフトを！,@Null@
26020,春雨（1日）,使用：ドレスを一日間にロック解除します。ドレスを永久にロック解除していれば、ミニビーンのギフトを！,@Null@
26021,爽やかな夏（1日）,使用：ドレスを一日間にロック解除します。ドレスを永久にロック解除していれば、ミニビーンのギフトを！,@Null@
26022,秋の果実（1日）,使用：ドレスを一日間にロック解除します。ドレスを永久にロック解除していれば、ミニビーンのギフトを！,@Null@
26023,ブルーじゃん（1日）,使用：ドレスを一日間にロック解除します。ドレスを永久にロック解除していれば、ミニビーンのギフトを！,@Null@
26024,寓話（1日）,使用：ドレスを一日間にロック解除します。ドレスを永久にロック解除していれば、ミニビーンのギフトを！,@Null@
26025,マギ（1日）,使用：ドレスを一日間にロック解除します。ドレスを永久にロック解除していれば、ミニビーンのギフトを！,@Null@
26026,ユキ（1日）,使用：ドレスを一日間にロック解除します。ドレスを永久にロック解除していれば、ミニビーンのギフトを！,@Null@
26027,プリンスアミューズメント（1日）,使用：ドレスを一日間にロック解除します。ドレスを永久にロック解除していれば、ミニビーンのギフトを！,@Null@
26028,散り桜（1日）,使用：ドレスを一日間にロック解除します。ドレスを永久にロック解除していれば、ミニビーンのギフトを！,@Null@
26029,稲妻（1日）,使用：ドレスを一日間にロック解除します。ドレスを永久にロック解除していれば、ミニビーンのギフトを！,@Null@
26030,真冬（1日）,使用：ドレスを一日間にロック解除します。ドレスを永久にロック解除していれば、ミニビーンのギフトを！,@Null@
26031,レアリティ（1日）,使用：ドレスを一日間にロック解除します。ドレスを永久にロック解除していれば、ミニビーンのギフトを！,@Null@
26032,アップルジャック（1日）,使用：ドレスを一日間にロック解除します。ドレスを永久にロック解除していれば、ミニビーンのギフトを！,@Null@
26033,アラジン（1日）,使用：ドレスを一日間にロック解除します。ドレスを永久にロック解除していれば、ミニビーンのギフトを！,@Null@
26034,ピノキオ（1日）,使用：ドレスを一日間にロック解除します。ドレスを永久にロック解除していれば、ミニビーンのギフトを！,@Null@
26035,ターシャ（1日）,使用：ドレスを一日間にロック解除します。ドレスを永久にロック解除していれば、ミニビーンのギフトを！,@Null@
26036,エイミー（1日）,使用：ドレスを一日間にロック解除します。ドレスを永久にロック解除していれば、ミニビーンのギフトを！,@Null@
26037,ジェシー（1日）,使用：ドレスを一日間にロック解除します。ドレスを永久にロック解除していれば、ミニビーンのギフトを！,@Null@
26038,アリッサ（1日）,使用：ドレスを一日間にロック解除します。ドレスを永久にロック解除していれば、ミニビーンのギフトを！,@Null@
26039,アリッサ　変装（1日）,使用：ドレスを一日間にロック解除します。ドレスを永久にロック解除していれば、ミニビーンのギフトを！,@Null@
26040,吸血鬼の魔術師 ロット（1日）,使用：ドレスを一日間にロック解除します。ドレスを永久にロック解除していれば、ミニビーンのギフトを！,@Null@
26041,月の女神（1日）,使用：ドレスを一日間にロック解除します。ドレスを永久にロック解除していれば、ミニビーンのギフトを！,@Null@
26042,ジェイドちゃん（1日）,使用：ドレスを一日間にロック解除します。ドレスを永久にロック解除していれば、ミニビーンのギフトを！,@Null@
26043,トランペッター・ニタ（1日）,使用：ドレスを一日間にロック解除します。ドレスを永久にロック解除していれば、ミニビーンのギフトを！,@Null@
26044,ドラマー・ニップ（1日）,使用：ドレスを一日間にロック解除します。ドレスを永久にロック解除していれば、ミニビーンのギフトを！,@Null@
26045,"ドラゴンベル
（1日）",使用：ドレスを一日間にロック解除します。ドレスを永久にロック解除していれば、ミニビーンのギフトを！,@Null@
26046,十九（1日）,使用：ドレスを一日間にロック解除します。ドレスを永久にロック解除していれば、ミニビーンのギフトを！,@Null@
26047,ハニーくま（1日）,使用：ドレスを一日間にロック解除します。ドレスを永久にロック解除していれば、ミニビーンのギフトを！,@Null@
26048,星夢（1日）,使用：ドレスを一日間にロック解除します。ドレスを永久にロック解除していれば、ミニビーンのギフトを！,@Null@
26049,ポリー（1日）,使用：ドレスを一日間にロック解除します。ドレスを永久にロック解除していれば、ミニビーンのギフトを！,@Null@
26050,ジェシー変装スキン（1日）,使用：ドレスを一日間にロック解除します。ドレスを永久にロック解除していれば、ミニビーンのギフトを！,@Null@
26051,サイレン（1日）,使用：ドレスを一日間にロック解除します。ドレスを永久にロック解除していれば、ミニビーンのギフトを！,@Null@
26052,エイミー変装スキン（1日）,使用：ドレスを一日間にロック解除します。ドレスを永久にロック解除していれば、ミニビーンのギフトを！,@Null@
26053,スカイマーキーズ （1日）,使用：ドレスを一日間にロック解除します。ドレスを永久にロック解除していれば、ミニビーンのギフトを！,@Null@
26054,ユアー（1日）,使用：ドレスを一日間にロック解除します。ドレスを永久にロック解除していれば、ミニビーンのギフトを！,@Null@
26055,ジリ（1日）,使用：ドレスを一日間にロック解除します。ドレスを永久にロック解除していれば、ミニビーンのギフトを！,@Null@
26056,キャスパー（1日）,使用：ドレスを一日間にロック解除します。ドレスを永久にロック解除していれば、ミニビーンのギフトを！,@Null@
26057,オリビア（1日）,使用：ドレスを一日間にロック解除します。ドレスを永久にロック解除していれば、ミニビーンのギフトを！,@Null@
26058,ユナ（1日）,使用：ドレスを一日間にロック解除します。ドレスを永久にロック解除していれば、ミニビーンのギフトを！,@Null@
26059,アンドリュー（1日）,使用：ドレスを一日間にロック解除します。ドレスを永久にロック解除していれば、ミニビーンのギフトを！,@Null@
26060,極獣捜査官ウォフ·シルバー(1日),使用：ドレスを一日間にロック解除します。ドレスを永久にロック解除していれば、ミニビーンのギフトを！,@Null@
26061,精霊姫(1日),使用：ドレスを一日間にロック解除します。ドレスを永久にロック解除していれば、ミニビーンのギフトを！,@Null@
26062,竜空空(1日),使用：ドレスを一日間にロック解除します。ドレスを永久にロック解除していれば、ミニビーンのギフトを！,@Null@
26063,ターキーの専門家·トルク（1日）,使用：ドレスを一日間にロック解除します。ドレスを永久にロック解除していれば、ミニビーンのギフトを！,@Null@
26064,イチゴジャム·ベリー(1日),使用：ドレスを一日間にロック解除します。ドレスを永久にロック解除していれば、ミニビーンのギフトを！,@Null@
26065,ガネーシャ(1日),使用：ドレスを一日間にロック解除します。ドレスを永久にロック解除していれば、ミニビーンのギフトを！,@Null@
26066,電音女王　ササ(1日),使用：ドレスを一日間にロック解除します。ドレスを永久にロック解除していれば、ミニビーンのギフトを！,@Null@
26067,仙跡守護者 ユニー(1日),使用：ドレスを一日間にロック解除します。ドレスを永久にロック解除していれば、ミニビーンのギフトを！,@Null@
26068,雲裳(1日),使用：ドレスを一日間にロック解除します。ドレスを永久にロック解除していれば、ミニビーンのギフトを！,@Null@
26069,元祥児(1日),使用：ドレスを一日間にロック解除します。ドレスを永久にロック解除していれば、ミニビーンのギフトを！,@Null@
26070,顔廷懐(1日),使用：ドレスを一日間にロック解除します。ドレスを永久にロック解除していれば、ミニビーンのギフトを！,@Null@
26071,獅子舞のドラゴン(1日),使用：ドレスを一日間にロック解除します。ドレスを永久にロック解除していれば、ミニビーンのギフトを！,@Null@
26072,ハニー(1日),使用：ドレスを一日間にロック解除します。ドレスを永久にロック解除していれば、ミニビーンのギフトを！,@Null@
26073,沈一弦(1日),使用：ドレスを一日間にロック解除します。ドレスを永久にロック解除していれば、ミニビーンのギフトを！,@Null@
26074,雲臙(1日),使用：ドレスを一日間にロック解除します。ドレスを永久にロック解除していれば、ミニビーンのギフトを！,@Null@
26075,蒼鴻(1日),使用：ドレスを一日間にロック解除します。ドレスを永久にロック解除していれば、ミニビーンのギフトを！,@Null@
26076,カトリナ(1日),使用：ドレスを一日間にロック解除します。ドレスを永久にロック解除していれば、ミニビーンのギフトを！,@Null@
26077,スパイダーガール(1日),使用：ドレスを一日間にロック解除します。ドレスを永久にロック解除していれば、ミニビーンのギフトを！,@Null@
26078,ミランダ(1日),使用：ドレスを一日間にロック解除します。ドレスを永久にロック解除していれば、ミニビーンのギフトを！,@Null@
26079,帝王侠(1日),使用：ドレスを一日間にロック解除します。ドレスを永久にロック解除していれば、ミニビーンのギフトを！,@Null@
26080,虎心玉(1日),使用：ドレスを一日間にロック解除します。ドレスを永久にロック解除していれば、ミニビーンのギフトを！,@Null@
26081,虎吼豊(1日),使用：ドレスを一日間にロック解除します。ドレスを永久にロック解除していれば、ミニビーンのギフトを！,@Null@
26082,イブリン(1日),使用：ドレスを一日間にロック解除します。ドレスを永久にロック解除していれば、ミニビーンのギフトを！,@Null@
26083,ティリン(1日),使用：ドレスを一日間にロック解除します。ドレスを永久にロック解除していれば、ミニビーンのギフトを！,@Null@
26084,フロスト(1日),使用：ドレスを一日間にロック解除します。ドレスを永久にロック解除していれば、ミニビーンのギフトを！,@Null@
26085,ネオン物語(1日),使用：ドレスを一日間にロック解除します。ドレスを永久にロック解除していれば、ミニビーンのギフトを！,@Null@
26086,炎龍侠(1日),使用：ドレスを一日間にロック解除します。ドレスを永久にロック解除していれば、ミニビーンのギフトを！,@Null@
26087,カーニバル女王(1日),使用：ドレスを一日間にロック解除します。ドレスを永久にロック解除していれば、ミニビーンのギフトを！,@Null@
26088,タケドゥンドゥン（1日）,使用：ドレスを一日間にロック解除します。ドレスを永久にロック解除していれば、ミニビーンのギフトを！,@Null@
26089,野球ヒーロー(1日),使用：ドレスを一日間にロック解除します。ドレスを永久にロック解除していれば、ミニビーンのギフトを！,@Null@
26090,モタ(1日),使用：ドレスを一日間にロック解除します。ドレスを永久にロック解除していれば、ミニビーンのギフトを！,@Null@
26091,花火（1日）,使用：ドレスを一日間にロック解除します。ドレスを永久にロック解除していれば、ミニビーンのギフトを！,@Null@
26092,マジックフラッシュ（1日）,使用：ドレスを一日間にロック解除します。ドレスを永久にロック解除していれば、ミニビーンのギフトを！,@Null@
26093,ビーコン（1日）,使用：ドレスを一日間にロック解除します。ドレスを永久にロック解除していれば、ミニビーンのギフトを！,@Null@
26094,陶夢蝶（1日）,使用：ドレスを一日間にロック解除します。ドレスを永久にロック解除していれば、ミニビーンのギフトを！,@Null@
26095,サッカー隊長（1日）,使用：ドレスを一日間にロック解除します。ドレスを永久にロック解除していれば、ミニビーンのギフトを！,@Null@
26096,シャーリー（1日）,使用：ドレスを一日間にロック解除します。ドレスを永久にロック解除していれば、ミニビーンのギフトを！,@Null@
26097,ブディ（1日）,使用：ドレスを一日間にロック解除します。ドレスを永久にロック解除していれば、ミニビーンのギフトを！,@Null@
26098,デウィ（1日）,使用：ドレスを一日間にロック解除します。ドレスを永久にロック解除していれば、ミニビーンのギフトを！,@Null@
26099,星月シャドウ使者（1日）,使用：ドレスを一日間にロック解除します。ドレスを永久にロック解除していれば、ミニビーンのギフトを！,@Null@
26100,プリンセスロータス（1日）,使用：ドレスを一日間にロック解除します。ドレスを永久にロック解除していれば、ミニビーンのギフトを！,@Null@
26101,ナイトメアムーン（1日）,使用：ドレスを一日間にロック解除します。ドレスを永久にロック解除していれば、ミニビーンのギフトを！,@Null@
26102,グリフィタ（1日）,使用：ドレスを一日間にロック解除します。ドレスを永久にロック解除していれば、ミニビーンのギフトを！,@Null@
26103,レッコ（1日）,使用：ドレスを一日間にロック解除します。ドレスを永久にロック解除していれば、ミニビーンのギフトを！,@Null@
26104,覚醒者ニニ（1日）,使用：ドレスを一日間にロック解除します。ドレスを永久にロック解除していれば、ミニビーンのギフトを！,@Null@
26105,覚醒者カカ（1日）,使用：ドレスを一日間にロック解除します。ドレスを永久にロック解除していれば、ミニビーンのギフトを！,@Null@
26106,銀鈴（1日）,使用：ドレスを一日間にロック解除します。ドレスを永久にロック解除していれば、ミニビーンのギフトを！,
26107,クレル（1日）,使用：ドレスを一日間にロック解除します。ドレスを永久にロック解除していれば、ミニビーンのギフトを！,
26108,刑天侠（1日）,使用：ドレスを一日間にロック解除します。ドレスを永久にロック解除していれば、ミニビーンのギフトを！,
26109,風鷹侠（1日）,使用：ドレスを一日間にロック解除します。ドレスを永久にロック解除していれば、ミニビーンのギフトを！,
26110,ラプンツェル ローラ（1日）,使用：ドレスを一日間にロック解除します。ドレスを永久にロック解除していれば、ミニビーンのギフトを！,
26111,メガ（1日）,使用：このドレスアップを1日使用可能。すでにこのドレスアップを永久アンロックしている場合、ミニビーンをいくつか獲得。,
26112,綺夢霊狐・華陽（1日）,使用：ドレスを一日間にロック解除します。ドレスを永久にロック解除していれば、ミニビーンのギフトを！,
26113,綺夢霊狐・華陽(1日),使用:ドレスアップの1日の使用時間を取得します。ドレスアップが永久にロック解除されている場合は、ミニビーンズを入手してください。,
26114,綺夢霊狐・華陽(1日),使用:ドレスアップの1日の使用時間を取得します。ドレスアップが永久にロック解除されている場合は、ミニビーンズを入手してください。,
26115,Girl Sparkly(1 day),使用：このドレスアップを1日使用可能。すでにこのドレスアップを永久アンロックしている場合、ミニビーンをいくつか獲得。,
26116,Girl Trixie(1 day),使用：このドレスアップを1日使用可能。すでにこのドレスアップを永久アンロックしている場合、ミニビーンをいくつか獲得。,
26117,Armor Boy(1 day),使用：このドレスアップを1日使用可能。すでにこのドレスアップを永久アンロックしている場合、ミニビーンをいくつか獲得。,
26118,ルミエール（1日）,使用：このドレスアップを1日使用可能。すでにこのドレスアップを永久アンロックしている場合、ミニビーンをいくつか獲得。,
26119,ルチア（1日）,使用：このドレスアップを1日使用可能。すでにこのドレスアップを永久アンロックしている場合、ミニビーンをいくつか獲得。,
26120,親指姫 ティニ（1日）,使用：このドレスアップを1日使用可能。すでにこのドレスアップを永久アンロックしている場合、ミニビーンをいくつか獲得。,
26121,龍小宝（1日）,使用：このドレスアップを1日使用可能。すでにこのドレスアップを永久アンロックしている場合、ミニビーンをいくつか獲得。,
26122,唐三（1日）,使用：ドレスを一日間にロック解除します。ドレスを永久にロック解除していれば、ミニビーンのギフトを！,
26123,小舞（1日）,使用：ドレスを一日間にロック解除します。ドレスを永久にロック解除していれば、ミニビーンのギフトを！,
26124,比比東（1日）,使用：ドレスを一日間にロック解除します。ドレスを永久にロック解除していれば、ミニビーンのギフトを！,
26125,欧思客（1日）,使用：ドレスを一日間にロック解除します。ドレスを永久にロック解除していれば、ミニビーンのギフトを！,
26126,馬紅俊（1日）,使用：ドレスを一日間にロック解除します。ドレスを永久にロック解除していれば、ミニビーンのギフトを！,
26127,綺蘿（1日）,使用：ドレスを一日間にロック解除します。ドレスを永久にロック解除していれば、ミニビーンのギフトを！,
26128,戴沐白（1日）,使用：ドレスを一日間にロック解除します。ドレスを永久にロック解除していれば、ミニビーンのギフトを！,@Null@
26129,朱竹清（1日）,使用：ドレスを一日間にロック解除します。ドレスを永久にロック解除していれば、ミニビーンのギフトを！,@Null@
26130,寧栄栄（1日）,使用：ドレスを一日間にロック解除します。ドレスを永久にロック解除していれば、ミニビーンのギフトを！,@Null@
26131,白昼の雪姫・ニャンフェイ（1日）,使用：このスキンを一日間アンロックする。既に永久的にアンロックされた場合、ミニビーンを獲得できる。,
26132,ふわふわ雲・ニーム（1日）,使用：このスキンを一日間アンロックする。既に永久的にアンロックされた場合、ミニビーンを獲得できる。,
26133,雨林魅影　浣渓(1日),使用:ドレスアップの1日の使用時間を取得します。ドレスアップが永久にロック解除されている場合は、ミニビーンズを入手してください。,
26134,メカニカルウィング（1日）,使用：ドレスを一日間にロック解除します。ドレスを永久にロック解除していれば、ミニビーンのギフトを！,@Null@
26135,エリックホワイト（1日）,使用：ドレスを一日間にロック解除します。ドレスを永久にロック解除していれば、ミニビーンのギフトを！,@Null@
26136,夢を追う（1日）,使用：このドレスアップを1日使用可能。すでにこのドレスアップを永久アンロックしている場合、ミニビーンをいくつか獲得。,
26137,部族ワシカカ（1日）,使用：このドレスアップを1日使用可能。すでにこのドレスアップを永久アンロックしている場合、ミニビーンをいくつか獲得。,
26138,部族酋長ニイニイ（1日）,使用：このドレスアップを1日使用可能。すでにこのドレスアップを永久アンロックしている場合、ミニビーンをいくつか獲得。,
26139,族長（1日）,使用：このスキンを一日間アンロックする。既に永久的にアンロックされた場合、ミニビーンを獲得できる。,
26140,族長夫人（1日）,使用：このスキンを一日間アンロックする。既に永久的にアンロックされた場合、ミニビーンを獲得できる。,
26141,カカ（1日）,使用：このスキンを一日間アンロックする。既に永久的にアンロックされた場合、ミニビーンを獲得できる。,
26142,ニニ（1日）,使用：このスキンを一日間アンロックする。既に永久的にアンロックされた場合、ミニビーンを獲得できる。,
26143,悪ガキ（1日）,使用：このスキンを一日間アンロックする。既に永久的にアンロックされた場合、ミニビーンを獲得できる。,
26144,キャプテントム（1日）,使用：このスキンを一日間アンロックする。既に永久的にアンロックされた場合、ミニビーンを獲得できる。,
26145,エイジェントローラ（1日）,使用：このスキンを一日間アンロックする。既に永久的にアンロックされた場合、ミニビーンを獲得できる。,
26146,お茶目シンディ（1日）,使用：このスキンを一日間アンロックする。既に永久的にアンロックされた場合、ミニビーンを獲得できる。,
26147,助教授ピーター（1日）,使用：このスキンを一日間アンロックする。既に永久的にアンロックされた場合、ミニビーンを獲得できる。,
26148,スティーブン教授（1日）,使用：このスキンを一日間アンロックする。既に永久的にアンロックされた場合、ミニビーンを獲得できる。,
26149,クーリズム・ラシャ（1日）,使用：このスキンを一日間アンロックする。既に永久的にアンロックされた場合、ミニビーンを獲得できる。,
26150,ピンクドリーム・テス（1日）,使用：このスキンを一日間アンロックする。既に永久的にアンロックされた場合、ミニビーンを獲得できる。,
26151,暮光落霞　浣渓（1日）,使用:ドレスアップの1日の使用時間を取得します。ドレスアップが永久にロック解除されている場合は、ミニビーンズを入手してください。,
26152,グドン（1日）,使用：このドレスアップを1日使用可能。すでにこのドレスアップを永久アンロックしている場合、ミニビーンをいくつか獲得。,
26153,オレンジクリーム・キチラ（1日）,使用：このスキンを一日間アンロックする。既に永久的にアンロックされた場合、ミニビーンを獲得できる。,
26154,真夏の池・絵芽（1日）,使用：このスキンを一日間アンロックする。既に永久的にアンロックされた場合、ミニビーンを獲得できる。,
26155,弥禾（1日）,使用：このスキン（1日）をアンロックします。もし既にこのスキン（永久）をアンロックすれば、一部のミニビーンをもらいます。,
26156,柿梓（1日）,使用：このスキン（1日）をアンロックします。もし既にこのスキン（永久）をアンロックすれば、一部のミニビーンをもらいます。,
26157,キャリー（1日）,使用：このスキンを一日間アンロックする。既に永久的にアンロックされた場合、ミニビーンを獲得できる。,
26158,雪美（1日）,使用：このスキン（1日）をアンロックします。もし既にこのスキン（永久）をアンロックすれば、一部のミニビーンをもらいます。,
26159,竹笙（1日）,使用：このスキン（1日）をアンロックします。もし既にこのスキン（永久）をアンロックすれば、一部のミニビーンをもらいます。,
26160,空スタードラゴン　カッパー（1日）,使用：このスキン（1日）をアンロックします。もし既にこのスキン（永久）をアンロックすれば、一部のミニビーンをもらいます。,
26161,ゴーストハンター ダイモン（1日）,使用：このスキン（1日）をアンロックします。もし既にこのスキン（永久）をアンロックすれば、一部のミニビーンをもらいます。,
26162,オリアン（1日）,使用：このスキン（1日）をアンロックします。もし既にこのスキン（永久）をアンロックすれば、一部のミニビーンをもらいます,
26163,フィフィー（1日）,使用：このスキン（1日）をアンロックします。もし既にこのスキン（永久）をアンロックすれば、一部のミニビーンをもらいます,
26164,朝日　竹音（1日）,使用:ドレスアップの1日の使用時間を取得します。ドレスアップが永久にロック解除されている場合は、ミニビーンズを入手してください。,
26165,闇夜　竹音（1日）,使用:ドレスアップの1日の使用時間を取得します。ドレスアップが永久にロック解除されている場合は、ミニビーンズを入手してください。,
26166,栗ちゃん（1日）,使用：このスキン（1日）をアンロックします。もし既にこのスキン（永久）をアンロックすれば、一部のミニビーンをもらいます,
26167,極獣捜査官　ロザ.青（1日）,使用：このスキン（1日）をアンロックします。もし既にこのスキン（永久）をアンロックすれば、一部のミニビーンをもらいます,
26168,丹鏡（1日）,使用：このスキンを一日間アンロックする。既に永久的にアンロックされた場合、ミニビーンを獲得できる。,
26169,マリル（1日）,使用：このスキン（1日）をアンロックします。もし既にこのスキン（永久）をアンロックすれば、一部のミニビーンをもらいます,
26170,アイルリス（1日）,使用：このスキン（1日）をアンロックします。もし既にこのスキン（永久）をアンロックすれば、一部のミニビーンをもらいます,
26171,星海ストリーマノリー（1日）,：を使用して、このドレスを1日の使用時間を獲得。このドレスを永久にロック解除した場合、ミニ豆の。を獲得します,
26172,星雲閃夢ベコ（1日）,：を使用して、このドレスを1日の使用時間を獲得。このドレスを永久にロック解除した場合、ミニ豆の。を獲得します,
26173,雪丸丸（1日）,使用：このスキン（1日）をアンロックします。もし既にこのスキン（永久）をアンロックすれば、一部のミニビーンをもらいます,
26174,竹爆爆（1日）,使用：このスキン（1日）をアンロックします。もし既にこのスキン（永久）をアンロックすれば、一部のミニビーンをもらいます,
26175,海羊星宮の主 カノルース（1日）,使用：このスキン（1日）をアンロックします。もし既にこのスキン（永久）をアンロックすれば、一部のミニビーンをもらいます,
26176,銀瓶星宮の主エリアス（1日）,使用：このスキン（1日）をアンロックします。もし既にこのスキン（永久）をアンロックすれば、一部のミニビーンをもらいます,
26177,トウ カケイ（1日）,使用：このスキン（1日）をアンロックします。もし既にこのスキン（永久）をアンロックすれば、一部のミニビーンをもらいます,
26178,トウ カヨク（1日）,使用：このスキン（1日）をアンロックします。もし既にこのスキン（永久）をアンロックすれば、一部のミニビーンをもらいます,
26179,ペロ（1日）,使用：このスキン（1日）をアンロックします。もし既にこのスキン（永久）をアンロックすれば、一部のミニビーンをもらいます,
26180,ロンナス（1日）,使用：このスキン（1日）をアンロックします。もし既にこのスキン（永久）をアンロックすれば、一部のミニビーンをもらいます,
26181,Soundwave（1日）,使用：このスキン（1日）をアンロックします。もし既にこのスキン（永久）をアンロックすれば、一部のミニビーンをもらいます,
26182,マンゴー（1日）,使用：このスキン（1日）をアンロックします。もし既にこのスキン（永久）をアンロックすれば、一部のミニビーンをもらいます,
26183,ショウユアン（1日）,使用：このスキン（1日）をアンロックします。もし既にこのスキン（永久）をアンロックすれば、一部のミニビーンをもらいます,
26184,ノナナ（1日）,使用：このドレスを1日の使用時間を獲得。このドレスを永久にロック解除した場合、ミニビーンを獲得します。,
26185,凌羽（1日）,使用：このドレスを1日の使用時間を獲得。このドレスを永久にロック解除した場合、ミニビーンを獲得します。,
26186,レベッカ（1日）,使用：このスキン（1日）をアンロックします。もし既にこのスキン（永久）をアンロックすれば、一部のミニビーンをもらいます,
26187,キム（1日）,使用：このスキンを一日間アンロックする。既に永久的にアンロックされた場合、ミニビーンを獲得できる。,
26188,魔藤聖導　フィリシヤ（1日）,"使用：このドレスアップを1日使用可能。
 すでにこのドレスアップを永久アンロックしている場合、ミニビーンをいくつか獲得。",
26189,秘境精霊　フィリシヤ（1日）,"使用：このドレスアップを1日使用可能。
 すでにこのドレスアップを永久アンロックしている場合、ミニビーンをいくつか獲得。",
26190,ヴァレンナ（1日）,"使用：このドレスアップを1日使用可能。
 すでにこのドレスアップを永久アンロックしている場合、ミニビーンをいくつか獲得。",
26191,マーク（1日）,"使用：このドレスアップを1日使用可能。
 すでにこのドレスアップを永久アンロックしている場合、ミニビーンをいくつか獲得。",
26192,エアリン（1日）,使用：このスキンを一日間アンロックする。既に永久的にアンロックされた場合、ミニビーンを獲得できる。,
26193,アイルトン（1日）,"使用：このドレスアップを1日使用可能。
 すでにこのドレスアップを永久アンロックしている場合、ミニビーンをいくつか獲得。",
26194,青調（1日）,"使用：このドレスアップを1日使用可能。
 すでにこのドレスアップを永久アンロックしている場合、ミニビーンをいくつか獲得。",
26195,グレイ（1日）,使用：このスキンを一日間アンロックする。既に永久的にアンロックされた場合、ミニビーンを獲得できる。,
26196,紫堂幻（1日）,使用：このスキンを一日間アンロックする。既に永久的にアンロックされた場合、ミニビーンを獲得できる。,
26197,ムー（1日）,使用:ドレスアップの1日の使用時間を取得します。ドレスアップが永久にロック解除されている場合は、ミニビーンズを入手してください。,
26198,花綺綺（1日）,使用:ドレスアップの1日の使用時間を取得します。ドレスアップが永久にロック解除されている場合は、ミニビーンズを入手してください。,
26199,青水蒼（1日）,使用:ドレスアップの1日の使用時間を取得します。ドレスアップが永久にロック解除されている場合は、ミニビーンズを入手してください。,
26200,ケーキ子（1日）,使用:ドレスアップの1日の使用時間を取得します。ドレスアップが永久にロック解除されている場合は、ミニビーンズを入手してください。,
26201,米ビーン（1日）,使用:ドレスアップの1日の使用時間を取得します。ドレスアップが永久にロック解除されている場合は、ミニビーンズを入手してください。,
26202,自由客（1日）,使用:ドレスアップの1日の使用時間を取得します。ドレスアップが永久にロック解除されている場合は、ミニビーンズを入手してください。,
26203,ニプロ（1日）,使用:ドレスアップの1日の使用時間を取得します。ドレスアップが永久にロック解除されている場合は、ミニビーンズを入手してください。,
26204,ボフィル（1日）,使用:ドレスアップの1日の使用時間を取得します。ドレスアップが永久にロック解除されている場合は、ミニビーンズを入手してください。,
26205,滄海帝姫　霊汐（1日）,使用:ドレスアップの1日の使用時間を取得します。ドレスアップが永久にロック解除されている場合は、ミニビーンズを入手してください。,
26206,泣珠仙姫　霊汐（1日）,使用:ドレスアップの1日の使用時間を取得します。ドレスアップが永久にロック解除されている場合は、ミニビーンズを入手してください。,
26207,海苑（1日）,使用:ドレスアップの1日の使用時間を取得します。ドレスアップが永久にロック解除されている場合は、ミニビーンズを入手してください。,
26208,ハルベイ（1日）,使用:ドレスアップの1日の使用時間を取得します。ドレスアップが永久にロック解除されている場合は、ミニビーンズを入手してください。,
26209,グランニ（1日）,使用:ドレスアップの1日の使用時間を取得します。ドレスアップが永久にロック解除されている場合は、ミニビーンズを入手してください。,
26210,Big Mar（1日）,使用:ドレスアップの1日の使用時間を取得します。ドレスアップが永久にロック解除されている場合は、ミニビーンを入手してください。,
26211,マーリン（1日）,使用:ドレスアップの1日の使用時間を取得します。ドレスアップが永久にロック解除されている場合は、ミニビーンズを入手してください。,
26212,スーパーマン御子（1日）,使用:ドレスアップの1日の使用時間を取得します。ドレスアップが永久にロック解除されている場合は、いくつかミニビーンを入手します。,
26213,エンジェル（1日）,使用:ドレスアップの1日の使用時間を取得します。ドレスアップが永久にロック解除されている場合は、いくつかミニビーンを入手します。,
26214,イサイアス（1日）,使用:ドレスアップの1日の使用時間を取得します。ドレスアップが永久にロック解除されている場合は、いくつかミニビーンを入手します。,
26215,Barricade（1日）,使用：ドレスを一日間にロック解除します。ドレスを永久にロック解除していれば、ミニビーンのギフトを！,
26216,コジ輝く女（1日）,使用：ドレスを一日間にロック解除します。ドレスを永久にロック解除していれば、ミニビーンのギフトを！,
26217,アップルリリー女の子（1日）,使用：ドレスを一日間にロック解除します。ドレスを永久にロック解除していれば、ミニビーンのギフトを！,
26218,吹雪の心の女の子（1日）,使用：ドレスを一日間にロック解除します。ドレスを永久にロック解除していれば、ミニビーンのギフトを！,
26219,赤綾太子　蓮笙（1日）,使用：ドレスを一日間にロック解除します。ドレスを永久にロック解除していれば、ミニビーンのギフトを！,
26220,霊沢童子　蓮笙（1日）,使用：ドレスを一日間にロック解除します。ドレスを永久にロック解除していれば、ミニビーンのギフトを！,
26221,韶華（1日）,使用：ドレスを一日間にロック解除します。ドレスを永久にロック解除していれば、ミニビーンのギフトを！,
26222,ドリス（1日）,使用：ドレスを一日間にロック解除します。ドレスを永久にロック解除していれば、ミニビーンのギフトを！,
26223,ドール（1日）,使用：ドレスを一日間にロック解除します。ドレスを永久にロック解除していれば、ミニビーンのギフトを！,
26224,ランバート（1日）,使用：ドレスを一日間にロック解除します。ドレスを永久にロック解除していれば、ミニビーンのギフトを！,
26225,マティーニ（1日）,使用：ドレスを一日間にロック解除します。ドレスを永久にロック解除していれば、ミニビーンのギフトを！,
26226,オプティマス・（1日）,：を使ってこの服装を1日の使用時間を獲得。この服装を永久にロック解除した場合、ミニ豆。を獲得します,
26227,夏の歌（1日）,使用：このスキンの1日利用権を獲得。永久解除済みならミニビーンズ進呈。,
26228,星 ベリンダ（1日）,使用：このスキンの1日利用権を獲得。永久解除済みならミニビーンズ進呈。,
26229,のんびりと温かい、パニ（1日）,使用：このスキンの1日利用権を獲得。永久解除済みならミニビーンズ進呈。,
26230,鈴夢 ロナ（1日）,使用：このスキンの1日利用権を獲得。永久解除済みならミニビーンズ進呈。,
26231,青い島の桜茶 夢計画（1日）,使用：このスキンの1日利用権を獲得。永久解除済みならミニビーンズ進呈。,
26232,ガラン（1日）,使用：このスキンの1日利用権を獲得。永久解除済みならミニビーンズ進呈。,
26233,甘い平穏（1日）,使用：このスキンの1日利用権を獲得。永久解除済みならミニビーンズ進呈。,
26234,エイデン（1日）,使用：このスキンの1日利用権を獲得。永久解除済みならミニビーンズ進呈。,
26235,タイノス（1日）,使用：このスキンを一日間アンロックする。既に永久的にアンロックされた場合、ミニビーンを獲得できる。,
26236,シスノル（1日）,使用：このスキンを一日間アンロックする。既に永久的にアンロックされた場合、ミニビーンを獲得できる。,
26237,昼羽尉官・炎瑞（1日）,使用：このスキンを一日間アンロックする。既に永久的にアンロックされた場合、ミニビーンを獲得できる。,
26238,赤夜の楓・炎瑞（1日）,使用：このスキンを一日間アンロックする。既に永久的にアンロックされた場合、ミニビーンを獲得できる。,
26239,シンシア（1日）,1日の使用または永久解除でミニビーンズ。,
26240,Scor（1日）,1日の使用または永久解除でミニビーンズ。,
26241,スカーレット（1日）,1日の使用または永久解除でミニビーンズ。,
26242,夏のフィオナ（1日）,このコスチュームを1日使用できます。すでに永久に解除済みの場合、ミニビーンズがもらえます。,
26243,ボニー,このコスチュームを1日使用できます。すでに永久に解除済みの場合、ミニビーンズがもらえます。,
26244,赤鬼ヤミ（1日）,使用する： そのドレスアップを1日使用できる。そのドレスアップが永久的にアンロックされている場合、ミニビーンズを獲得。,
26245,氷雪の精霊（1日）,使用：このスキンを1日使用可能。すでにこのスキンを永久解放した場合、代わりにミニビーンを獲得します。,
26246,冬の精霊（1日）,使用：このスキンを1日使用可能。すでにこのスキンを永久解放した場合、代わりにミニビーンを獲得します。,
26247,珍しい色（1日）,使用：この服装の1日アクセス。永久に解除済みの場合、ミニ豆を受け取る。,
26248,バレンタイン（1日）,"1日の衣装。永久解除＝ミニビーン.""",
26249,高比（1日）,使用: 1日間のアクセスまたは永久ロック解除用のミニ豆。,
26251,赤霄の戎装 木蘭（1日）,使用：このスキンを1日使用可能。すでにこのスキンを永久解放した場合、代わりにミニビーンを獲得します。,
26252,月錦渡夢 木蘭（1日）,使用：このスキンを1日使用可能。すでにこのスキンを永久解放した場合、代わりにミニビーンを獲得します。,
26253,コムギ（（1日）,使用：このスキンを1日使用可能。すでにこのスキンを永久解放した場合、代わりにミニビーンを獲得します。,
26254,ブラスト（1日）,使用：このスキンを1日使用可能。すでにこのスキンを永久解放した場合、代わりにミニビーンを獲得します。,
26255,サラリンナ（1日）,使用：このスキンを1日使用可能。すでにこのスキンを永久解放した場合、代わりにミニビーンを獲得します。,
26256,スイートハートガール（1日）,使用：このスキンを1日使用可能。すでにこのスキンを永久解放した場合、代わりにミニビーンを獲得します。,
26257,シャイニィルルガール（1日）,使用：このスキンを1日使用可能。すでにこのスキンを永久解放した場合、代わりにミニビーンを獲得します。,
26258,,,
26260,珊竺（1日）,使用：このスキンを1日使用可能。すでにこのスキンを永久解放した場合、代わりにミニビーンを獲得します。,
26261,喵萌厨（1日）,使用：そのスキンを1日使用できます。既に永久に解除されている場合、ミニビーンを獲得します。,
26262,極獣特工 ナンニー（1日）,使用：そのスキンを1日使用できます。既に永久に解除されている場合、ミニビーンを獲得します。,
26263,森羅（1日）,使用：そのスキンを1日使用できます。既に永久に解除されている場合、ミニビーンを獲得します。,
26264,氷雪の姫・アイリーナ（1日）,使用：そのスキンを1日使用できます。既に永久に解除されている場合、ミニビーンを獲得します。,
26265,氷雪の姫・エヴリン（1日）,使用：そのスキンを1日使用できます。既に永久に解除されている場合、ミニビーンを獲得します。,
26266,魚孿星宮の主　イシス（1日）,使用：このスキンを1日使用可能。すでにこのスキンを永久解放した場合、代わりにミニビーンを獲得します。,
26267,魚孿星宮の主　ヘレナ（1日）,使用：このスキンを1日使用可能。すでにこのスキンを永久解放した場合、代わりにミニビーンを獲得します。,
26268,ボイドガーディアン　星リナ（1日）,使用：このスキンを1日使用可能。すでにこのスキンを永久解放した場合、代わりにミニビーンを獲得します。,
26269,ボイドシャドー　星リナ（1日）,使用：このスキンを1日使用可能。すでにこのスキンを永久解放した場合、代わりにミニビーンを獲得します。,
26270,咲き乱れる百花（1日）,使用：このスキンを1日使用可能。すでにこのスキンを永久解放した場合、代わりにミニビーンを獲得します。,
26271,龍瑜（1日）,使用：このスキンを1日使用可能。すでにこのスキンを永久解放した場合、代わりにミニビーンを獲得します。,
26272,鯉瑶（1日）,使用：このスキンを1日使用可能。すでにこのスキンを永久解放した場合、代わりにミニビーンを獲得します。,
26273,喜羊羊（1日）,使用：このスキンを1日使用可能。すでにこのスキンを永久解放した場合、代わりにミニビーンを獲得します。,
26274,懶羊羊（1日）,使用：このスキンを1日使用可能。すでにこのスキンを永久解放した場合、代わりにミニビーンを獲得します。,
26275,灰太狼（1日）,使用：このスキンを1日使用可能。すでにこのスキンを永久解放した場合、代わりにミニビーンを獲得します。,
26276,スイートベリー（1日）,使用：このスキンを1日使用可能。すでにこのスキンを永久解放した場合、代わりにミニビーンを獲得します。,
26277,聖雲芷 (1日),使用：このスキンを1日使用可能。すでにこのスキンを永久解放した場合、代わりにミニビーンを獲得します。,
26278,幻・スカーレットファイター（1日）,使用：このスキンを1日使用可能。すでにこのスキンを永久解放した場合、代わりにミニビーンを獲得します。,
26279,龍潮児（1日）,使用：このスキンを1日使用可能。すでにこのスキンを永久解放した場合、代わりにミニビーンを獲得します。,
26280,フェイト（1日）,使用：このスキンを1日使用可能。すでにこのスキンを永久解放した場合、代わりにミニビーンを獲得します。,
26281,オーロラ（1日）,使用：このスキンを1日使用可能。すでにこのスキンを永久解放した場合、代わりにミニビーンを獲得します。,
26282,,,
26283,,,
26284,オレンジガール(1日),使用すると1日分のスキンを入手できます。スキンが永続的にロック解除されている場合は、ミニビーンを入手できます。,
26285,墨竹（1日）,使用すると1日分のスキンを入手できます。スキンが永続的にロック解除されている場合は、ミニビーンを入手できます。,
26286,彗星(1日),使用すると1日分のスキンを入手できます。スキンが永続的にロック解除されている場合は、ミニビーンを入手できます。,
26287,クリムゾンガーディアン(1日),使用すると1日分のスキンを入手できます。スキンが永続的にロック解除されている場合は、ミニビーンを入手できます。,
26288,チェリーインサイト（1日）,使用すると1日分のスキンを入手できます。スキンが永続的にロック解除されている場合は、ミニビーンを入手できます。,
26289,春の桜（1日）,使用すると1日分のスキンを入手できます。スキンが永続的にロック解除されている場合は、ミニビーンを入手できます。,
26290,フレイ（1日）,使用すると1日分のスキンを入手できます。スキンが永続的にロック解除されている場合は、ミニビーンを入手できます。,
26291,ベリー ブレッシング リン ユン (1 日),使用すると1日分のスキンを入手できます。スキンが永続的にロック解除されている場合は、ミニビーンを入手できます。,
26292,ドーナツウサギのユエポー（1日）,使用すると1日分のスキンを入手できます。スキンが永続的にロック解除されている場合は、ミニビーンを入手できます。,
27000,@Null@,@Null@,@Null@
27001,精霊姫（永久）,使用：ドレスを恒久的にロック解除します。ドレスを永久にロック解除していれば、ミニビーンのギフトを！,@Null@
27002,小さなドラゴン-リン・フー（永久）,使用：ドレスを恒久的にロック解除します。ドレスを永久にロック解除していれば、ミニビーンのギフトを！,@Null@
27003,妙妙（永久）,使用：ドレスを恒久的にロック解除します。ドレスを永久にロック解除していれば、ミニビーンのギフトを！,@Null@
27004,ホワイトスワン-オデット（永久）,使用：ドレスを恒久的にロック解除します。ドレスを永久にロック解除していれば、ミニビーンのギフトを！,@Null@
27005,ティモシー（永久）,使用：ドレスを恒久的にロック解除します。ドレスを永久にロック解除していれば、ミニビーンのギフトを！,@Null@
27006,ジェシー（永久）,使用：ドレスを恒久的にロック解除します。ドレスを永久にロック解除していれば、ミニビーンのギフトを！,@Null@
27007,クイックエディ（永久）,使用：ドレスを恒久的にロック解除します。ドレスを永久にロック解除していれば、ミニビーンのギフトを！,@Null@
27008,@Null@,使用：ドレスを恒久的にロック解除します。ドレスを永久にロック解除していれば、ミニビーンのギフトを！,@Null@
27009,ブラックスワン-オデット（永久）,使用：ドレスを恒久的にロック解除します。ドレスを永久にロック解除していれば、ミニビーンのギフトを！,@Null@
27010,カエルの王子様-クローク（永久）,使用：ドレスを恒久的にロック解除します。ドレスを永久にロック解除していれば、ミニビーンのギフトを！,@Null@
27011,@Null@,使用：ドレスを恒久的にロック解除します。ドレスを永久にロック解除していれば、ミニビーンのギフトを！,@Null@
27012,白雪姫-ソフィア（永久）,使用：ドレスを恒久的にロック解除します。ドレスを永久にロック解除していれば、ミニビーンのギフトを！,@Null@
27013,ハンソン（永久）,使用：ドレスを恒久的にロック解除します。ドレスを永久にロック解除していれば、ミニビーンのギフトを！,@Null@
27014,グレーテ（永久）,使用：ドレスを永久的にロック解除します。ドレスを永久にロック解除していれば、ミニビーンのギフトを！,@Null@
27015,@Null@,使用：ドレスを永久的にロック解除します。ドレスを永久にロック解除していれば、ミニビーンのギフトを！,@Null@
27016,@Null@,使用：ドレスを永久的にロック解除します。ドレスを永久にロック解除していれば、ミニビーンのギフトを！,@Null@
27017,@Null@,使用：ドレスを永久的にロック解除します。ドレスを永久にロック解除していれば、ミニビーンのギフトを！,@Null@
27018,ハル（永久）,使用：ドレスを永久的にロック解除します。ドレスを永久にロック解除していれば、ミニビーンのギフトを！,@Null@
27019,@Null@,使用：ドレスを永久的にロック解除します。ドレスを永久にロック解除していれば、ミニビーンのギフトを！,@Null@
27020,春雨（永久）,使用：ドレスを永久的にロック解除します。ドレスを永久にロック解除していれば、ミニビーンのギフトを！,@Null@
27021,爽やかな夏（永久）,使用：ドレスを永久的にロック解除します。ドレスを永久にロック解除していれば、ミニビーンのギフトを！,@Null@
27022,秋の果実（永久）,使用：ドレスを永久的にロック解除します。ドレスを永久にロック解除していれば、ミニビーンのギフトを！,@Null@
27023,ブルーじゃん（永久）,使用：ドレスを永久的にロック解除します。ドレスを永久にロック解除していれば、ミニビーンのギフトを！,@Null@
27024,寓話（永久）,使用：ドレスを永久的にロック解除します。ドレスを永久にロック解除していれば、ミニビーンのギフトを！,@Null@
27025,マギ（永久）,使用：ドレスを永久的にロック解除します。ドレスを永久にロック解除していれば、ミニビーンのギフトを！,@Null@
27026,ユキ（永久）,使用：ドレスを永久的にロック解除します。ドレスを永久にロック解除していれば、ミニビーンのギフトを！,@Null@
27027,プリンスアミューズメント（永久）,使用：ドレスを永久的にロック解除します。ドレスを永久にロック解除していれば、ミニビーンのギフトを！,@Null@
27028,散り桜（永久）,使用：ドレスを永久的にロック解除します。ドレスを永久にロック解除していれば、ミニビーンのギフトを！,@Null@
27029,稲妻（永久）,使用：ドレスを永久的にロック解除します。ドレスを永久にロック解除していれば、ミニビーンのギフトを！,@Null@
27030,真冬（永久）,使用：ドレスを永久的にロック解除します。ドレスを永久にロック解除していれば、ミニビーンのギフトを！,@Null@
27031,レアリティ（永久）,使用：ドレスを永久的にロック解除します。ドレスを永久にロック解除していれば、ミニビーンのギフトを！,@Null@
27032,アップルジャック（永久）,使用：ドレスを永久的にロック解除します。ドレスを永久にロック解除していれば、ミニビーンのギフトを！,@Null@
27033,アラジン（永久）,使用：ドレスを永久的にロック解除します。ドレスを永久にロック解除していれば、ミニビーンのギフトを！,@Null@
27034,ピノキオ（永久）,使用：ドレスを永久的にロック解除します。ドレスを永久にロック解除していれば、ミニビーンのギフトを！,@Null@
27035,ターシャ（永久）,使用：ドレスを永久的にロック解除します。ドレスを永久にロック解除していれば、ミニビーンのギフトを！,@Null@
27036,エイミー（永久）,使用：ドレスを永久的にロック解除します。ドレスを永久にロック解除していれば、ミニビーンのギフトを！,@Null@
27037,ジェシー（永久）,使用：ドレスを永久的にロック解除します。ドレスを永久にロック解除していれば、ミニビーンのギフトを！,@Null@
27038,アリッサ（永久）,使用：ドレスを永久的にロック解除します。ドレスを永久にロック解除していれば、ミニビーンのギフトを！,@Null@
27039,アリッサ　変装（永久）,使用：ドレスを永久的にロック解除します。ドレスを永久にロック解除していれば、ミニビーンのギフトを！,@Null@
27040,吸血鬼の魔術師 ロット（永久）,使用：ドレスを永久的にロック解除します。ドレスを永久にロック解除していれば、ミニビーンのギフトを！,@Null@
27041,月の女神（永久）,使用：ドレスを永久的にロック解除します。ドレスを永久にロック解除していれば、ミニビーンのギフトを！,@Null@
27042,ジェイドちゃん（永久）,使用：ドレスを永久的にロック解除します。ドレスを永久にロック解除していれば、ミニビーンのギフトを！,@Null@
27043,トランペッター・ニタ（永久）,使用：ドレスを永久的にロック解除します。ドレスを永久にロック解除していれば、ミニビーンのギフトを！,@Null@
27044,ドラマー・ニップ（永久）,使用：ドレスを永久的にロック解除します。ドレスを永久にロック解除していれば、ミニビーンのギフトを！,@Null@
27045,"ドラゴンベル
（永久）",使用：ドレスを永久的にロック解除します。ドレスを永久にロック解除していれば、ミニビーンのギフトを！,@Null@
27046,十九（永久）,使用：ドレスを永久的にロック解除します。ドレスを永久にロック解除していれば、ミニビーンのギフトを！,@Null@
27047,ハニーくま（永久）,使用：ドレスを永久的にロック解除します。ドレスを永久にロック解除していれば、ミニビーンのギフトを！,@Null@
27048,星夢（永久）,使用：ドレスを永久的にロック解除します。ドレスを永久にロック解除していれば、ミニビーンのギフトを！,@Null@
27049,ポリー（永久）,使用：ドレスを永久的にロック解除します。ドレスを永久にロック解除していれば、ミニビーンのギフトを！,@Null@
27050,ジェシー変装スキン（永久）,使用：ドレスを永久的にロック解除します。ドレスを永久にロック解除していれば、ミニビーンのギフトを！,@Null@
27051,サイレン（永久）,使用：ドレスを永久的にロック解除します。ドレスを永久にロック解除していれば、ミニビーンのギフトを！,@Null@
27052,エイミー変装スキン（1日）,使用：ドレスを永久的にロック解除します。ドレスを永久にロック解除していれば、ミニビーンのギフトを！,@Null@
27053,スカイマーキーズ （永久）,使用：ドレスを永久的にロック解除します。ドレスを永久にロック解除していれば、ミニビーンのギフトを！,@Null@
27054,ユアー（永久）,使用：ドレスを永久的にロック解除します。ドレスを永久にロック解除していれば、ミニビーンのギフトを！,@Null@
27055,ジリ（永久）,使用：ドレスを永久的にロック解除します。ドレスを永久にロック解除していれば、ミニビーンのギフトを！,@Null@
27056,キャスパー（永久）,使用：ドレスを永久的にロック解除します。ドレスを永久にロック解除していれば、ミニビーンのギフトを！,@Null@
27057,オリビア（永久）,使用：ドレスを永久的にロック解除します。ドレスを永久にロック解除していれば、ミニビーンのギフトを！,@Null@
27058,ユナ（永久）,使用：ドレスを永久的にロック解除します。ドレスを永久にロック解除していれば、ミニビーンのギフトを！,@Null@
27059,アンドリュー（永久）,使用：ドレスを永久的にロック解除します。ドレスを永久にロック解除していれば、ミニビーンのギフトを！,@Null@
27060,極獣捜査官ウォフ·シルバー（永久）,使用：ドレスを永久的にロック解除します。ドレスを永久にロック解除していれば、ミニビーンのギフトを！,@Null@
27061,精霊姫（永久）,使用：ドレスを永久的にロック解除します。ドレスを永久にロック解除していれば、ミニビーンのギフトを！,@Null@
27062,竜空空（永久）,使用：ドレスを永久的にロック解除します。ドレスを永久にロック解除していれば、ミニビーンのギフトを！,@Null@
27063,ターキーの専門家·トルク（永久）,使用：ドレスを永久的にロック解除します。ドレスを永久にロック解除していれば、ミニビーンのギフトを！,@Null@
27064,イチゴジャム·ベリー（永久）,使用：ドレスを永久的にロック解除します。ドレスを永久にロック解除していれば、ミニビーンのギフトを！,@Null@
27065,ガネーシャ(永久),使用：ドレスを永久的にロック解除します。ドレスを永久にロック解除していれば、ミニビーンのギフトを！,@Null@
27066,電音女王　ササ(永久),使用：ドレスを永久的にロック解除します。ドレスを永久にロック解除していれば、ミニビーンのギフトを！,@Null@
27067,仙跡守護者　ユニー(永久),使用：ドレスを永久的にロック解除します。ドレスを永久にロック解除していれば、ミニビーンのギフトを！,@Null@
27068,雲裳(永久),使用：ドレスを永久的にロック解除します。ドレスを永久にロック解除していれば、ミニビーンのギフトを！,@Null@
27069,元祥児(永久),使用：ドレスを永久的にロック解除します。ドレスを永久にロック解除していれば、ミニビーンのギフトを！,@Null@
27070,顔廷懐(永久),使用：ドレスを永久的にロック解除します。ドレスを永久にロック解除していれば、ミニビーンのギフトを！,@Null@
27071,獅子舞のドラゴン(永久),使用：ドレスを永久的にロック解除します。ドレスを永久にロック解除していれば、ミニビーンのギフトを！,@Null@
27072,ハニー(永久),使用：ドレスを永久的にロック解除します。ドレスを永久にロック解除していれば、ミニビーンのギフトを！,@Null@
27073,沈一弦(永久),使用：ドレスを永久的にロック解除します。ドレスを永久にロック解除していれば、ミニビーンのギフトを！,@Null@
27074,雲臙(永久),使用：ドレスを永久的にロック解除します。ドレスを永久にロック解除していれば、ミニビーンのギフトを！,@Null@
27075,蒼鴻(永久),使用：ドレスを永久的にロック解除します。ドレスを永久にロック解除していれば、ミニビーンのギフトを！,@Null@
27076,カトリナ(永久),使用：ドレスを永久的にロック解除します。ドレスを永久にロック解除していれば、ミニビーンのギフトを！,@Null@
27077,スパイダーガール(永久),使用：ドレスを永久的にロック解除します。ドレスを永久にロック解除していれば、ミニビーンのギフトを！,@Null@
27078,ミランダ(永久),使用：ドレスを永久的にロック解除します。ドレスを永久にロック解除していれば、ミニビーンのギフトを！,@Null@
27079,帝王侠(永久),使用：ドレスを永久的にロック解除します。ドレスを永久にロック解除していれば、ミニビーンのギフトを！,@Null@
27080,虎心玉(永久),使用：ドレスを永久的にロック解除します。ドレスを永久にロック解除していれば、ミニビーンのギフトを！,@Null@
27081,虎吼豊(永久),使用：ドレスを永久的にロック解除します。ドレスを永久にロック解除していれば、ミニビーンのギフトを！,@Null@
27082,イブリン(永久),使用：ドレスを永久的にロック解除します。ドレスを永久にロック解除していれば、ミニビーンのギフトを！,@Null@
27083,ティリン(永久),使用：ドレスを永久的にロック解除します。ドレスを永久にロック解除していれば、ミニビーンのギフトを！,@Null@
27084,フロスト(永久),使用：ドレスを永久的にロック解除します。ドレスを永久にロック解除していれば、ミニビーンのギフトを！,@Null@
27085,ネオン物語(永久),使用：ドレスを永久的にロック解除します。ドレスを永久にロック解除していれば、ミニビーンのギフトを！,@Null@
27086,炎龍侠(永久),使用：ドレスを永久的にロック解除します。ドレスを永久にロック解除していれば、ミニビーンのギフトを！,@Null@
27087,カーニバル女王(永久),使用：ドレスを永久的にロック解除します。ドレスを永久にロック解除していれば、ミニビーンのギフトを！,@Null@
27088,タケドゥンドゥン（永久）,使用：ドレスを永久的にロック解除します。ドレスを永久にロック解除していれば、ミニビーンのギフトを！,@Null@
27089,野球ヒーロー（永久）,使用：ドレスを永久的にロック解除します。ドレスを永久にロック解除していれば、ミニビーンのギフトを！,@Null@
27090,モタ(永久),使用：ドレスを永久的にロック解除します。ドレスを永久にロック解除していれば、ミニビーンのギフトを！,@Null@
27091,花火（永久）,使用：ドレスを永久的にロック解除します。ドレスを永久にロック解除していれば、ミニビーンのギフトを！,@Null@
27092,マジックフラッシュ（永久）,使用：ドレスを永久的にロック解除します。ドレスを永久にロック解除していれば、ミニビーンのギフトを！,@Null@
27093,ビーコン（永久）,使用：ドレスを永久的にロック解除します。ドレスを永久にロック解除していれば、ミニビーンのギフトを！,@Null@
27094,陶夢蝶（永久）,使用：ドレスを永久的にロック解除します。ドレスを永久にロック解除していれば、ミニビーンのギフトを！,@Null@
27095,サッカー隊長（永久）,使用：ドレスを永久的にロック解除します。ドレスを永久にロック解除していれば、ミニビーンのギフトを！,@Null@
27096,シャーリー（永久）,使用：ドレスを永久的にロック解除します。ドレスを永久にロック解除していれば、ミニビーンのギフトを！,@Null@
27097,ブディ（永久）,使用：ドレスを永久的にロック解除します。ドレスを永久にロック解除していれば、ミニビーンのギフトを！,@Null@
27098,デウィ（永久）,使用：ドレスを永久的にロック解除します。ドレスを永久にロック解除していれば、ミニビーンのギフトを！,@Null@
27099,星月シャドウ使者（永久）,使用：ドレスを永久的にロック解除します。ドレスを永久にロック解除していれば、ミニビーンのギフトを！,@Null@
27100,プリンセスロータス（永久）,使用：ドレスを永久的にロック解除します。ドレスを永久にロック解除していれば、ミニビーンのギフトを！,@Null@
27101,ナイトメアムーン（永久）,使用：ドレスを永久的にロック解除します。ドレスを永久にロック解除していれば、ミニビーンのギフトを！,@Null@
27102,グリフィタ（永久）,使用：ドレスを永久的にロック解除します。ドレスを永久にロック解除していれば、ミニビーンのギフトを！,@Null@
27103,レッコ（永久）,使用：ドレスを永久的にロック解除します。ドレスを永久にロック解除していれば、ミニビーンのギフトを！,@Null@
27104,覚醒者ニニ（永久）,使用：ドレスを永久的にロック解除します。ドレスを永久にロック解除していれば、ミニビーンのギフトを！,@Null@
27105,覚醒者カカ（永久）,使用：ドレスを永久的にロック解除します。ドレスを永久にロック解除していれば、ミニビーンのギフトを！,@Null@
27106,銀鈴（永久）,使用：ドレスを永久的にロック解除します。ドレスを永久にロック解除していれば、ミニビーンのギフトを！,
27107,クレル（永久）,使用：ドレスを永久的にロック解除します。ドレスを永久にロック解除していれば、ミニビーンのギフトを！,
27108,刑天侠（永久）,使用：ドレスを永久的にロック解除します。ドレスを永久にロック解除していれば、ミニビーンのギフトを！,
27109,風鷹侠（永久）,使用：ドレスを永久的にロック解除します。ドレスを永久にロック解除していれば、ミニビーンのギフトを！,
27110,ラプンツェル ローラ（永久）,使用：ドレスを永久的にロック解除します。ドレスを永久にロック解除していれば、ミニビーンのギフトを！,
27111,メガ（永久）,使用：ドレスを恒久的にロック解除します。ドレスを永久にロック解除していれば、ミニビーンのギフトを！,
27112,綺夢霊狐・華陽（永久）,使用：ドレスを永久的にロック解除します。ドレスを永久にロック解除していれば、ミニビーンのギフトを！,@Null@
27113,綺夢霊狐・華陽（永久）,使用：ドレスを永久的にロック解除します。ドレスを永久にロック解除していれば、ミニビーンのギフトを！,@Null@
27114,綺夢霊狐・華陽（永久）,使用：ドレスを永久的にロック解除します。ドレスを永久にロック解除していれば、ミニビーンのギフトを！,@Null@
27115,Girl Sparkly（永久）,使用：ドレスを永久的にロック解除します。ドレスを永久にロック解除していれば、ミニビーンのギフトを！,
27116,Girl Trixie（永久）,使用：このドレスアップを1日使用可能。すでにこのドレスアップを永久アンロックしている場合、ミニビーンをいくつか獲得。,
27117,Armor Boy（永久）,使用：ドレスを永久的にロック解除します。ドレスを永久にロック解除していれば、ミニビーンのギフトを！,
27118,ルミエール（永久）,使用：ドレスを永久的にロック解除します。ドレスを永久にロック解除していれば、ミニビーンのギフトを！,
27119,ルチア（永久）,使用：ドレスを永久的にロック解除します。ドレスを永久にロック解除していれば、ミニビーンのギフトを！,
27120,親指姫 ティニ（永久）,使用：ドレスを恒久的にロック解除します。ドレスを永久にロック解除していれば、ミニビーンのギフトを！,
27121,龍小宝（永久）,使用：ドレスを永久的にロック解除します。ドレスを永久にロック解除していれば、ミニビーンのギフトを！,
27122,唐三（永久）,使用：ドレスを恒久的にロック解除します。ドレスを永久にロック解除していれば、ミニビーンのギフトを！,
27123,小舞（永久）,使用：ドレスを恒久的にロック解除します。ドレスを永久にロック解除していれば、ミニビーンのギフトを！,
27124,比比東（永久）,使用：ドレスを恒久的にロック解除します。ドレスを永久にロック解除していれば、ミニビーンのギフトを！,@Null@
27125,欧思客（永久）,使用：ドレスを恒久的にロック解除します。ドレスを永久にロック解除していれば、ミニビーンのギフトを！,
27126,馬紅俊（永久）,使用：ドレスを恒久的にロック解除します。ドレスを永久にロック解除していれば、ミニビーンのギフトを！,
27127,綺蘿（永久）,使用：ドレスを恒久的にロック解除します。ドレスを永久にロック解除していれば、ミニビーンのギフトを！,
27128,戴沐白（永久）,使用：ドレスを永久的にロック解除します。ドレスを永久にロック解除していれば、ミニビーンのギフトを！,@Null@
27129,朱竹清（永久）,使用:そのドレスアップを永久にアンロックします。すでにそのドレスアップを永久にアンロックしている場合は、いくつかのミニビーンズを獲得します。,@Null@
27130,寧栄栄（永久）,使用：ドレスを永久的にロック解除します。ドレスを永久にロック解除していれば、ミニビーンのギフトを！,@Null@
27131,白昼の雪姫・ニャンフェイ（永久）,使用：このスキンを永久的にアンロックする。既に永久的にアンロックされた場合、ミニビーンを獲得できる。,
27132,ふわふわ雲・ニーム（永久）,使用：このスキンを永久的にアンロックする。既に永久的にアンロックされた場合、ミニビーンを獲得できる。,
27133,雨林魅影　浣渓（永久）,使用法:ドレスを永久にロック解除します。ドレスが永久にロック解除されている場合は、ミニビーンズを入手してください。,
27134,メカニカルウィング（永久）,使用：ドレスを永久的にロック解除します。ドレスを永久にロック解除していれば、ミニビーンのギフトを！,@Null@
27135,エリックホワイト（永久）,使用：ドレスを永久的にロック解除します。ドレスを永久にロック解除していれば、ミニビーンのギフトを！,@Null@
27136,夢を追う（永久）,使用：ドレスを恒久的にロック解除します。ドレスを永久にロック解除していれば、ミニビーンのギフトを！,
27137,部族ワシカカ（永久）,使用：ドレスを恒久的にロック解除します。ドレスを永久にロック解除していれば、ミニビーンのギフトを！,
27138,部族酋長ニイニイ（永久）,使用：ドレスを恒久的にロック解除します。ドレスを永久にロック解除していれば、ミニビーンのギフトを！,
27139,族長（永久）,使用：このスキンを永久的にアンロックする。既に永久的にアンロックされた場合、ミニビーンを獲得できる。,
27140,族長夫人（永久）,使用：このスキンを永久的にアンロックする。既に永久的にアンロックされた場合、ミニビーンを獲得できる。,
27141,カカ（永久）,使用：このスキンを永久的にアンロックする。既に永久的にアンロックされた場合、ミニビーンを獲得できる。,
27142,ニニ（永久）,使用：このスキンを永久的にアンロックする。既に永久的にアンロックされた場合、ミニビーンを獲得できる。,
27143,悪ガキ（永久）,使用：このスキンを永久的にアンロックする。既に永久的にアンロックされた場合、ミニビーンを獲得できる。,
27144,キャプテントム（永久）,使用：このスキンを永久的にアンロックする。既に永久的にアンロックされた場合、ミニビーンを獲得できる。,
27145,エイジェントローラ（永久）,使用：このスキンを永久的にアンロックする。既に永久的にアンロックされた場合、ミニビーンを獲得できる。,
27146,お茶目シンディ（永久）,使用：このスキンを永久的にアンロックする。既に永久的にアンロックされた場合、ミニビーンを獲得できる。,
27147,助教授ピーター（永久）,使用：このスキンを永久的にアンロックする。既に永久的にアンロックされた場合、ミニビーンを獲得できる。,
27148,スティーブン教授（永久）,使用：このスキンを永久的にアンロックする。既に永久的にアンロックされた場合、ミニビーンを獲得できる。,
27149,クーリズム・ラシャ（永久）,使用：このスキンを永久的にアンロックする。既に永久的にアンロックされた場合、ミニビーンを獲得できる。,
27150,ピンクドリーム・テス（永久）,使用：このスキンを永久的にアンロックする。既に永久的にアンロックされた場合、ミニビーンを獲得できる。,
27151,暮光落霞　浣渓（永久）,使用法:ドレスを永久にロック解除します。ドレスが永久にロック解除されている場合は、ミニビーンズを入手してください。,
27152,グドン（永久）,使用：ドレスを恒久的にロック解除します。ドレスを永久にロック解除していれば、ミニビーンのギフトを！,
27153,オレンジクリーム・キチラ（永久）,使用：このスキンを永久的にアンロックする。既に永久的にアンロックされた場合、ミニビーンを獲得できる。,
27154,真夏の池・絵芽（永久）,使用：このスキンを永久的にアンロックする。既に永久的にアンロックされた場合、ミニビーンを獲得できる。,
27155,弥禾（永久）,使用：スキンのロックを解除します。スキンが既にアンロックの場合、ミニビーンのギフトを！,
27156,柿梓（永久）,使用：スキンのロックを解除します。スキンが既にアンロックの場合、ミニビーンのギフトを！,
27157,キャリー（永久）,使用：このスキンを永久的にアンロックする。既に永久的にアンロックされた場合、ミニビーンを獲得できる。,
27158,雪美（永久）,使用：スキンのロックを解除します。スキンが既にアンロックの場合、ミニビーンのギフトを！,
27159,竹笙（永久）,使用：スキンのロックを解除します。スキンが既にアンロックの場合、ミニビーンのギフトを！,
27160,空スタードラゴン　カッパー（永久）,使用：スキンのロックを解除します。スキンが既にアンロックの場合、ミニビーンのギフトを！,
27161,ゴーストハンター ダイモン（永久）,使用：このスキンをアンロックします。もし既にこのスキン（永久）をアンロックすれば、一部のミニビーンをもらいます。,
27162,オリアン,使用：このスキン（永久）をアンロックします。もし既にこのスキン（永久）をアンロックすれば、一部のミニビーンをもらいます,
27163,フィフィー（永久）,使用：このスキン（永久）をアンロックします。もし既にこのスキン（永久）をアンロックすれば、一部のミニビーンをもらいます,
27164,朝日　竹音（永久）,使用法:ドレスを永久にロック解除します。ドレスが永久にロック解除されている場合は、ミニビーンズを入手してください。,
27165,闇夜　竹音（永久）,使用法:ドレスを永久にロック解除します。ドレスが永久にロック解除されている場合は、ミニビーンズを入手してください。,
27166,栗ちゃん（永久）,使用：このスキン（永久）をアンロックします。もし既にこのスキン（永久）をアンロックすれば、一部のミニビーンをもらいます,
27167,極獣捜査官　ロザ.青（永久）,使用：このスキン（永久）をアンロックします。もし既にこのスキン（永久）をアンロックすれば、一部のミニビーンをもらいます,
27168,丹鏡（永久）,使用：このスキンを永久的にアンロックする。既に永久的にアンロックされた場合、ミニビーンを獲得できる。,
27169,マリル（永久）,使用：このスキン（永久）をアンロックします。もし既にこのスキン（永久）をアンロックすれば、一部のミニビーンをもらいます,
27170,アイルリス（永久）,使用：このスキン（永久）をアンロックします。もし既にこのスキン（永久）をアンロックすれば、一部のミニビーンをもらいます,
27171,星海ストリーマノリー（永久）,：を使用してこのドレスを永久にロック解除。このドレスを永久にロック解除した場合、ミニ豆。を入手します,
27172,星雲閃夢ベコ（永久）,：を使用してこのドレスを永久にロック解除。このドレスを永久にロック解除した場合、ミニ豆。を入手します,
27173,雪丸丸（永久）,使用：このスキン（永久）をアンロックします。もし既にこのスキン（永久）をアンロックすれば、一部のミニビーンをもらいます,
27174,竹爆爆（永久）,使用：このスキン（永久）をアンロックします。もし既にこのスキン（永久）をアンロックすれば、一部のミニビーンをもらいます,
27175,海羊星宮の主 カノルース（永久）,使用：このスキン（永久）をアンロックします。もし既にこのスキン（永久）をアンロックすれば、一部のミニビーンをもらいます,
27176,銀瓶星宮の主エリアス（永久）,使用：このスキン（永久）をアンロックします。もし既にこのスキン（永久）をアンロックすれば、一部のミニビーンをもらいます,
27177,トウ カケイ（永久）,使用：このスキン（永久）をアンロックします。もし既にこのスキン（永久）をアンロックすれば、一部のミニビーンをもらいます,
27178,トウ カヨク（永久）,使用：このスキン（永久）をアンロックします。もし既にこのスキン（永久）をアンロックすれば、一部のミニビーンをもらいます,
27179,ペロ（永久）,使用：このスキン（永久）をアンロックします。もし既にこのスキン（永久）をアンロックすれば、一部のミニビーンをもらいます,
27180,ロンナス（永久）,使用：このスキン（永久）をアンロックします。もし既にこのスキン（永久）をアンロックすれば、一部のミニビーンをもらいます,
27181,Soundwave（永久）,使用：このスキン（永久）をアンロックします。もし既にこのスキン（永久）をアンロックすれば、一部のミニビーンをもらいます,
27182,マンゴー（永久）,使用：このスキン（永久）をアンロックします。もし既にこのスキン（永久）をアンロックすれば、一部のミニビーンをもらいます,
27183,ショウユアン（永久）,使用：このスキン（永久）をアンロックします。もし既にこのスキン（永久）をアンロックすれば、一部のミニビーンをもらいます,
27184,ノナナ（永久）,使用法：このドレスを永久にロック解除。このドレスを永久にロック解除した場合、ミニビーンを入手します。,
27185,凌羽（永久）,使用法：このドレスを永久にロック解除。このドレスを永久にロック解除した場合、ミニビーンを入手します。,
27186,レベッカ（永久）,使用：このスキン（永久）をアンロックします。もし既にこのスキン（永久）をアンロックすれば、一部のミニビーンをもらいます,
27187,キム（永久）,使用：このスキンを永久的にアンロックする。既に永久的にアンロックされた場合、ミニビーンを獲得できる。,
27188,魔藤聖導　フィリシヤ（永久）,使用：ドレスを永久的にロック解除します。ドレスを永久にロック解除していれば、ミニビーンのギフトを！,
27189,秘境精霊　フィリシヤ（永久）,使用：ドレスを永久的にロック解除します。ドレスを永久にロック解除していれば、ミニビーンのギフトを！,
27190,ヴァレンナ（永久）,使用：ドレスを永久的にロック解除します。ドレスを永久にロック解除していれば、ミニビーンのギフトを！,
27191,マーク（永久）,使用：ドレスを永久的にロック解除します。ドレスを永久にロック解除していれば、ミニビーンのギフトを！,
27192,エアリン（永久）,使用：このスキンを永久的にアンロックする。既に永久的にアンロックされた場合、ミニビーンを獲得できる。,
27193,アイルトン（永久）,使用：ドレスを永久的にロック解除します。ドレスを永久にロック解除していれば、ミニビーンのギフトを！,
27194,青調（永久）,使用：ドレスを永久的にロック解除します。ドレスを永久にロック解除していれば、ミニビーンのギフトを！,
27195,グレイ（永久）,使用：このスキンを永久的にアンロックする。既に永久的にアンロックされた場合、ミニビーンを獲得できる。,
27196,紫堂幻（永久）,使用：このスキンを永久的にアンロックする。既に永久的にアンロックされた場合、ミニビーンを獲得できる。,
27197,ムー（永久）,使用：ドレスを恒久的にロック解除します。ドレスを永久にロック解除していれば、ミニビーンのギフトを！,
27198,花綺綺（永久）,使用：ドレスを恒久的にロック解除します。ドレスを永久にロック解除していれば、ミニビーンのギフトを！,
27199,青水蒼（永久）,使用：ドレスを恒久的にロック解除します。ドレスを永久にロック解除していれば、ミニビーンのギフトを！,
27200,ケーキ子（永久）,使用：ドレスを恒久的にロック解除します。ドレスを永久にロック解除していれば、ミニビーンのギフトを！,
27201,米ビーン（永久）,使用：ドレスを恒久的にロック解除します。ドレスを永久にロック解除していれば、ミニビーンのギフトを！,
27202,自由客（永久）,使用：ドレスを恒久的にロック解除します。ドレスを永久にロック解除していれば、ミニビーンのギフトを！,
27203,ニプロ（永久）,使用：ドレスを恒久的にロック解除します。ドレスを永久にロック解除していれば、ミニビーンのギフトを！,
27204,ボフィル（永久）,使用：ドレスを恒久的にロック解除します。ドレスを永久にロック解除していれば、ミニビーンのギフトを！,
27205,滄海帝姫　霊汐（永久）,使用：ドレスを恒久的にロック解除します。ドレスを永久にロック解除していれば、ミニビーンのギフトを！,
27206,泣珠仙姫　霊汐（永久）,使用：ドレスを恒久的にロック解除します。ドレスを永久にロック解除していれば、ミニビーンのギフトを！,
27207,海苑（永久）,使用：ドレスを恒久的にロック解除します。ドレスを永久にロック解除していれば、ミニビーンのギフトを！,
27208,ハルベイ（永久）,使用：ドレスを恒久的にロック解除します。ドレスを永久にロック解除していれば、ミニビーンのギフトを！,
27209,グランニ（永久）,使用：ドレスを恒久的にロック解除します。ドレスを永久にロック解除していれば、ミニビーンのギフトを！,
27210,Big Mar（永久）,使用：ドレスを恒久的にロック解除します。ドレスを永久にロック解除していれば、ミニビーンのギフトを！,
27211,マーリン（永久）,使用：ドレスを恒久的にロック解除します。ドレスを永久にロック解除していれば、ミニビーンのギフトを！,
27212,スーパーマン御子（永久）,使用：ドレスを恒久的にロック解除します。ドレスを永久にロック解除していれば、ミニビーンのギフトを！,
27213,エンジェル（永久）,使用：ドレスを恒久的にロック解除します。ドレスを永久にロック解除していれば、ミニビーンのギフトを！,
27214,イサイアス（永久）,使用：ドレスを恒久的にロック解除します。ドレスを永久にロック解除していれば、ミニビーンのギフトを！,
27215,Barricade（永久）,使用：ドレスを永久的にロック解除します。ドレスを永久にロック解除していれば、ミニビーンのギフトを！,
27216,コジ輝く女（永久）,使用：ドレスを永久的にロック解除します。ドレスを永久にロック解除していれば、ミニビーンのギフトを！,
27217,アップルリリー女の子（永久）,使用：ドレスを永久的にロック解除します。ドレスを永久にロック解除していれば、ミニビーンのギフトを！,
27218,吹雪の心の女の子（永久）,使用：ドレスを永久的にロック解除します。ドレスを永久にロック解除していれば、ミニビーンのギフトを！,
27219,赤綾太子　蓮笙（永久）,使用：ドレスを永久的にロック解除します。ドレスを永久にロック解除していれば、ミニビーンのギフトを！,
27220,霊沢童子　蓮笙（永久）,使用：ドレスを永久的にロック解除します。ドレスを永久にロック解除していれば、ミニビーンのギフトを！,
27221,韶華（永久）,使用：ドレスを永久的にロック解除します。ドレスを永久にロック解除していれば、ミニビーンのギフトを！,
27222,ドリス（永久）,使用：ドレスを永久的にロック解除します。ドレスを永久にロック解除していれば、ミニビーンのギフトを！,
27223,ドール（永久）,使用：ドレスを永久的にロック解除します。ドレスを永久にロック解除していれば、ミニビーンのギフトを！,
27224,ランバート（永久）,使用：ドレスを永久的にロック解除します。ドレスを永久にロック解除していれば、ミニビーンのギフトを！,
27225,マティーニ（永久）,使用：ドレスを永久的にロック解除します。ドレスを永久にロック解除していれば、ミニビーンのギフトを！,
27226,オプティマス（永久）,：を使ってこの服装を永久にロック解除。この服装を永久にロック解除した場合、ミニ豆。を獲得します,
27227,夏の夢（永久）,使用: このスキン永久解除。既に解除済みなら、ミニビーンズ。,
27228,星の踊り ベリンダ（永久）,使用: このスキン永久解除。既に解除済みなら、ミニビーンズ。,
27229,のんびり温パーニ（永）,使用: このスキン永久解除。既に解除済みなら、ミニビーンズ。,
27230,鈴夢 ローナ（永久）,使用: このスキン永久解除。既に解除済みなら、ミニビーンズ。,
27231,青島桜茶（永久）,使用: このスキン永久解除。既に解除済みなら、ミニビーンズ。,
27232,ギャラリー（永久）,使用: このスキン永久解除。既に解除済みなら、ミニビーンズ。,
27233,甘美な平和（永）,使用: このスキン永久解除。既に解除済みなら、ミニビーンズ。,
27234,エイデン（永久）,使用: このスキン永久解除。既に解除済みなら、ミニビーンズ。,
27235,タイノス（永久）,使用：このスキンを永久的にアンロックする。既に永久的にアンロックされた場合、ミニビーンを獲得できる。,
27236,シスノル（永久）,使用：このスキンを永久的にアンロックする。既に永久的にアンロックされた場合、ミニビーンを獲得できる。,
27237,昼羽尉官・炎瑞（永久）,使用：このスキンを永久的にアンロックする。既に永久的にアンロックされた場合、ミニビーンを獲得できる。,
27238,赤夜の楓・炎瑞（永久）,使用：このスキンを永久的にアンロックする。既に永久的にアンロックされた場合、ミニビーンを獲得できる。,
27239,シンシア（永遠）,永久解除。 すでに永久解除されている場合、ミニコイン。,
27240,スコア（永続）,永久解除。 すでに永久解除されている場合、ミニコイン。,
27241,スカーレット（永久）,永久解除。 すでに永久解除されている場合、ミニコイン。,
27242,夏のフィオナ（永久）,永久解除、すでに解除済みならミニコイン。,
27243,ボニー（永久）,永久解除、すでに解除済みならミニコイン。,
27244,赤鬼ヤミ（永久）,：を使用してコスチュームを永久にアンロックし。コスチュームを永久にアンロックした場合は、いくつかのミニビーンズを入手でき。,
27245,氷雪の精霊（永久）,使用：このスキンを永久的に解放します。すでにこのスキンを永久解放した場合、代わりにミニビーンを獲得します。,
27246,冬の精霊（永久）,使用：このスキンを永久的に解放します。すでにこのスキンを永久解放した場合、代わりにミニビーンを獲得します。,
27247,輝かしい色（永久）,使用: 永久に解除。既に解除済みの場合、ミニ豆を受け取る。,
27248,バレンタイン（永久）,このスキンを永久にアンロックし、ミニビーンズを取得します。,
27249,ハゼ (永久),このスキンを永久にアンロックし、ミニビーンズを取得します。,
27250,,,
27251,赤霄の戎装 木蘭（永久）,使用：このスキンを永久的に解放します。すでにこのスキンを永久解放した場合、代わりにミニビーンを獲得します。,
27252,月錦渡夢 木蘭（永久）,使用：このスキンを永久的に解放します。すでにこのスキンを永久解放した場合、代わりにミニビーンを獲得します。,
27253,コムギ（永久）,使用：このスキンを永久的に解放します。すでにこのスキンを永久解放した場合、代わりにミニビーンを獲得します。,
27254,ブラスト（永久）,使用：このスキンを永久的に解放します。すでにこのスキンを永久解放した場合、代わりにミニビーンを獲得します。,
27255,サラリンナ（永久）,使用：このスキンを永久的に解放します。すでにこのスキンを永久解放した場合、代わりにミニビーンを獲得します。,
27256,スイートハートガール（永久）,使用：このスキンを永久的に解放します。すでにこのスキンを永久解放した場合、代わりにミニビーンを獲得します。,
27257,シャイニィルルガール（永久）,使用：このスキンを永久的に解放します。すでにこのスキンを永久解放した場合、代わりにミニビーンを獲得します。,
27258,,,
27260,珊竺（永久）,使用：このスキンを永久的に解放します。すでにこのスキンを永久解放した場合、代わりにミニビーンを獲得します。,
27261,喵萌厨（永久）,使用：そのスキンを永久に解除します。既に永久に解除されている場合、ミニビーンを獲得します。,
27262,極獣特工 ナンニー（永久）,使用：そのスキンを永久に解除します。既に永久に解除されている場合、ミニビーンを獲得します。,
27263,森羅（永久）,使用：そのスキンを永久に解除します。既に永久に解除されている場合、ミニビーンを獲得します。,
27264,氷雪の姫・アイリーナ（永久）,使用：そのスキンを永久に解除します。既に永久に解除されている場合、ミニビーンを獲得します。,
27265,氷雪の姫・エヴリン（永久）,使用：そのスキンを永久に解除します。既に永久に解除されている場合、ミニビーンを獲得します。,
27266,魚孿星宮の主　イシス（永久）,使用：このスキンを永久的に解放します。すでにこのスキンを永久解放した場合、代わりにミニビーンを獲得します。,
27267,魚孿星宮の主　ヘレナ（永久）,使用：このスキンを永久的に解放します。すでにこのスキンを永久解放した場合、代わりにミニビーンを獲得します。,
27268,ボイドガーディアン　星リナ（永久）,使用：このスキンを永久的に解放します。すでにこのスキンを永久解放した場合、代わりにミニビーンを獲得します。,
27269,ボイドシャドー　星リナ（永久）,使用：このスキンを永久的に解放します。すでにこのスキンを永久解放した場合、代わりにミニビーンを獲得します。,
27270,咲き乱れる百花（永久）,使用：このスキンを永久的に解放します。すでにこのスキンを永久解放した場合、代わりにミニビーンを獲得します。,
27271,龍瑜（永久）,使用：このスキンを永久的に解放します。すでにこのスキンを永久解放した場合、代わりにミニビーンを獲得します。,
27272,鯉瑶（永久）,使用：このスキンを永久的に解放します。すでにこのスキンを永久解放した場合、代わりにミニビーンを獲得します。,
27273,喜羊羊（永久）,使用：このスキンを永久的に解放します。すでにこのスキンを永久解放した場合、代わりにミニビーンを獲得します。,
27274,喜羊羊（永久）,使用：このスキンを永久的に解放します。すでにこのスキンを永久解放した場合、代わりにミニビーンを獲得します。,
27275,灰太狼（永久）,使用：このスキンを永久的に解放します。すでにこのスキンを永久解放した場合、代わりにミニビーンを獲得します。,
27276,スイートベリー（永久）,使用：このスキンを永久的に解放します。すでにこのスキンを永久解放した場合、代わりにミニビーンを獲得します。,
27277,聖雲芷（永久）,使用：このスキンを永久的に解放します。すでにこのスキンを永久解放した場合、代わりにミニビーンを獲得します。,
27278,幻・スカーレットファイター（永久）,使用：このスキンを永久的に解放します。すでにこのスキンを永久解放した場合、代わりにミニビーンを獲得します。,
27279,龍潮児（永久）,使用：このスキンを永久的に解放します。すでにこのスキンを永久解放した場合、代わりにミニビーンを獲得します。,
27280,フェイト（永久）,使用：このスキンを永久的に解放します。すでにこのスキンを永久解放した場合、代わりにミニビーンを獲得します。,
27281,オーロラ（永久）,使用：このスキンを永久的に解放します。すでにこのスキンを永久解放した場合、代わりにミニビーンを獲得します。,
27282,,,
27283,,,
27284,オレンジガール(常設),それを使用して、このスキンを永久にロック解除します。スキンが永続的にロック解除されている場合は、ミニビーンを入手できます。,
27285,墨竹(常設),それを使用して、このスキンを永久にロック解除します。スキンが永続的にロック解除されている場合は、ミニビーンを入手できます。,
27286,コメット (永久),それを使用して、このスキンを永久にロック解除します。スキンが永続的にロック解除されている場合は、ミニビーンを入手できます。,
27287,クリムゾンガーディアン(常設),それを使用して、このスキンを永久にロック解除します。スキンが永続的にロック解除されている場合は、ミニビーンを入手できます。,
27288,チェリーインサイト（永久）,それを使用して、このスキンを永久にロック解除します。スキンが永続的にロック解除されている場合は、ミニビーンを入手できます。,
27289,春の桜(常設),それを使用して、このスキンを永久にロック解除します。スキンが永続的にロック解除されている場合は、ミニビーンを入手できます。,
27290,フレイ(常設),それを使用して、このスキンを永久にロック解除します。スキンが永続的にロック解除されている場合は、ミニビーンを入手できます。,
27291,Berry Blessing リン・ユン (常設),それを使用して、このスキンを永久にロック解除します。スキンが永続的にロック解除されている場合は、ミニビーンを入手できます。,
27292,ドーナツウサギユエポー(常設),それを使用して、このスキンを永久にロック解除します。スキンが永続的にロック解除されている場合は、ミニビーンを入手できます。,
28000,@Null@,@Null@,@Null@
30000,@Null@,@Null@,@Null@
32000,@Null@,@Null@,@Null@
32001,チェリー-ステータス（30日）,使用：このフレームをアンロックして使用します。プロファイルのアバターで使用して切り替えます。,イベントで獲得
32002,オールドタウン-ステータス（30日）,使用：このフレームをアンロックして使用します。プロファイルのアバターで使用して切り替えます。,イベントで獲得
32003,ピンクシープ-ステータス（30日）,使用：このフレームをアンロックして使用します。プロファイルのアバターで使用して切り替えます。,イベントで獲得
32004,タイガーガール-ステータス（30日）,使用：このフレームをアンロックして使用します。プロファイルのアバターで使用して切り替えます。,イベントで獲得
32005,ブラック・アーツ-ステータス（30日）,使用：このフレームをアンロックして使用します。プロファイルのアバターで使用して切り替えます。,イベントで獲得
32006,キャンディグループ-ステータス（30日）,使用：このフレームをアンロックして使用します。プロファイルのアバターで使用して切り替えます。,イベントで獲得
32007,リトル・ロースティ-ステータス（30日）,使用：このフレームをアンロックして使用します。プロファイルのアバターで使用して切り替えます。,イベントで獲得
32008,リトルディティ-ステータス（30日）,使用：このフレームをアンロックして使用します。プロファイルのアバターで使用して切り替えます。,イベントで獲得
32009,シープ・キャッスル-ステータス（30日）,使用：このフレームをアンロックして使用します。プロファイルのアバターで使用して切り替えます。,イベントで獲得
32010,思い出-ステータス（30日）,使用：このフレームをアンロックして使用します。プロファイルのアバターで使用して切り替えます。,イベントで獲得
32011,チェリー（30日）,使用：このフレームをアンロックして使用します。プロファイルのアバターで使用して切り替えます。,イベントで獲得
32012,オールドタウン（30日）,使用：このフレームをアンロックして使用します。プロファイルのアバターで使用して切り替えます。,イベントで獲得
32013,ピンクシープ（30日）,使用：このフレームをアンロックして使用します。プロファイルのアバターで使用して切り替えます。,イベントで獲得
32014,タイガーガール（30日）,使用：このフレームをアンロックして使用します。プロファイルのアバターで使用して切り替えます。,イベントで獲得
32015,ブラック・アーツ（30日）,使用：このフレームをアンロックして使用します。プロファイルのアバターで使用して切り替えます。,イベントで獲得
32016,キャンディグループ（30日）,使用：このフレームをアンロックして使用します。プロファイルのアバターで使用して切り替えます。,イベントで獲得
32017,リトル・ロースティ（30日）,使用：このフレームをアンロックして使用します。プロファイルのアバターで使用して切り替えます。,イベントで獲得
32018,リトルディティ（30日）,使用：このフレームをアンロックして使用します。プロファイルのアバターで使用して切り替えます。,イベントで獲得
32019,シープ・キャッスル（30日）,使用：このフレームをアンロックして使用します。プロファイルのアバターで使用して切り替えます。,イベントで獲得
32020,思い出（30日）,使用：このフレームをアンロックして使用します。プロファイルのアバターで使用して切り替えます。,イベントで獲得
32021,@Null@,@Null@,@Null@
32022,@Null@,@Null@,@Null@
32023,かりかりしたバゲット（30日）,使用：このフレームをアンロックして使用します。プロファイルのアバターで使用して切り替えます。,イベントで獲得
32024,新鮮なキノコ（30日）,使用：このフレームをアンロックして使用します。プロファイルのアバターで使用して切り替えます。,イベントで獲得
32025,童話の魔法使い（30日）,使用：このフレームをアンロックして使用します。プロファイルのアバターで使用して切り替えます。,イベントで獲得
32026,ミラクルダンス（30日）,使用：このフレームをアンロックして使用します。プロファイルのアバターで使用して切り替えます。,イベントで獲得
32027,レインボーフォートの上空を飛ぶ（30日）,使用：このフレームをアンロックして使用します。プロファイルのアバターで使用して切り替えます。,イベントで獲得
32028,チェリー誕生日ケーキ（30日）,使用：このフレームをアンロックして使用します。プロファイルのアバターで使用して切り替えます。,イベントで獲得
32029,イチゴの誕生日ケーキ（30日）,使用：このフレームをアンロックして使用します。プロファイルのアバターで使用して切り替えます。,イベントで獲得
32030,キャンディの誕生日ケーキ（30日）,使用：このフレームをアンロックして使用します。プロファイルのアバターで使用して切り替えます。,イベントで獲得
32031,チョコレートの誕生日ケーキ（30日）,使用：このフレームをアンロックして使用します。プロファイルのアバターで使用して切り替えます。,イベントで獲得
32032,パールのギフトボックスの誕生日ケーキ（30日）,使用：このフレームをアンロックして使用します。プロファイルのアバターで使用して切り替えます。,イベントで獲得
32033,ライトライム（30日）,使用：このフレームをアンロックして使用します。プロファイルのアバターで使用して切り替えます。,イベントで獲得
32034,メロディアス キャロル (30日),使用：このフレームをアンロックして使用します。プロファイルのアバターで使用して切り替えます。,イベントで獲得
32035,スカイウォード・スモッグ（30日）,使用：このフレームをアンロックして使用します。プロファイルのアバターで使用して切り替えます。,イベントで獲得
32036,ムーンライト・シャドウズ（30日）,使用：このフレームをアンロックして使用します。プロファイルのアバターで使用して切り替えます。,イベントで獲得
32037,純粋な祈り（30日）,使用：このフレームをアンロックして使用します。プロファイルのアバターで使用して切り替えます。,イベントで獲得
32038,月の ハートベル（30日）,使用：このフレームをアンロックして使用します。プロファイルのアバターで使用して切り替えます。,イベントで獲得
32039,楽しいパーティー（30日）,使用：このフレームをアンロックして使用します。プロファイルのアバターで使用して切り替えます。,@Null@
32040,サヨナキドリと歌（30日）,使用：このフレームをアンロックして使用します。プロファイルのアバターで使用して切り替えます。,@Null@
32041,フレッシュベリー（30日）,使用：このフレームをアンロックして使用します。プロファイルのアバターで使用して切り替えます。,シェアカード獲得
32042,暖かい宴会(30日),使用：このフレームをアンロックして使用します。プロファイルのアバターで使用して切り替えます。,シェアカード獲得
32043,子役彩夢(30日),使用：このフレームをアンロックして使用します。プロファイルのアバターで使用して切り替えます。,ミニスター工場イベント獲得
32044,霊狐鳳仙(30日),使用：このフレームをアンロックして使用します。プロファイルのアバターで使用して切り替えます。,シェアカード獲得
32045,不滅の剣とヘルメット(30日),使用：このフレームをアンロックして使用します。プロファイルのアバターで使用して切り替えます。,シェアカード獲得
32046,ビッグメンバーフレーム(30日),使用：このフレームをアンロックして使用します。プロファイルのアバターで使用して切り替えます。,ミニスター工場イベント獲得
32047,子役彩夢(7日),使用：このフレームをアンロックして使用します。プロファイルのアバターで使用して切り替えます。,ミニスター工場イベント獲得
32048,目覚めた者の桂冠(30日),使用：このフレームをアンロックして使用します。プロファイルのアバターで使用して切り替えます。,@Null@
32049,チャイルドライクスイートハート(30日),使用：このフレームをアンロックして使用します。プロファイルのアバターで使用して切り替えます。,@Null@
32050,一緒に奏でる(30日),使用：このフレームをアンロックして使用します。プロファイルのアバターで使用して切り替えます。,@Null@
32051,2021年度優秀クリエイター(30日),使用：このフレームをアンロックして使用します。プロファイルのアバターで使用して切り替えます。,@Null@
32052,2021年度クリエイターズエクスクルーシブ(30日),使用：このフレームをアンロックして使用します。プロファイルのアバターで使用して切り替えます。,@Null@
32053,2021年度人気クリエイター(30日),使用：このフレームをアンロックして使用します。プロファイルのアバターで使用して切り替えます。,@Null@
32054,ドラゴンとタイガーの飛躍,使用：このフレームをアンロックして使用します。プロファイルのアバターで使用して切り替えます。,@Null@
32055,輝かしい翼(30日),使用：このフレームをアンロックして使用します。プロファイルのアバターで使用して切り替えます。,スキン₋ミランダ購入獲得
32056,幻境花園(30日),使用：このフレームをアンロックして使用します。プロファイルのアバターで使用して切り替えます。,ネオン物語購入獲得
32057,昆虫学者(30日),使用：このフレームをアンロックして使用します。プロファイルのアバターで使用して切り替えます。,シェアカード獲得
32058,森の蝶と逢う(30日),使用：このフレームをアンロックして使用します。プロファイルのアバターで使用して切り替えます。,シェアカード獲得
32059,金玉満堂(30日),使用：このフレームをアンロックして使用します。プロファイルのアバターで使用して切り替えます。,虎心玉購入／イベントで獲得
32060,金虎賀歳(30日),使用：このフレームをアンロックして使用します。プロファイルのアバターで使用して切り替えます。,イベントで獲得
32061,科学サイボ(30日),使用：このフレームをアンロックして使用します。プロファイルのアバターで使用して切り替えます。,イベントで獲得
32062,迎春送福(30日),使用：このフレームをアンロックして使用します。プロファイルのアバターで使用して切り替えます。,イベントで獲得
32063,福満乾坤(30日),使用：このフレームをアンロックして使用します。プロファイルのアバターで使用して切り替えます。,虎吼豊購入／イベントで獲得
32064,ミニワールド6周年（30日）,使用：このフレームをアンロックして使用します。プロファイルのアバターで使用して切り替えます。,周年イベントで獲得
32065,風紀小隊（30日）,使用：このフレームをアンロックして使用します。プロファイルのアバターで使用して切り替えます。,風紀小隊プレイヤー限定
32066,落書き（30日）,使用：このフレームをアンロックして使用します。プロファイルのアバターで使用して切り替えます。,シェアカード獲得
32067,クールストリート（30日）,使用：このフレームをアンロックして使用します。プロファイルのアバターで使用して切り替えます。,シェアカード獲得
32068,かわいい花粉（30日）,使用：このフレームをアンロックして使用します。プロファイルのアバターで使用して切り替えます。,花小楼公式ファンクラブ限定
32069,ミニガード（30日）,使用：このフレームをアンロックして使用します。プロファイルのアバターで使用して切り替えます。,花小楼公式ファンクラブ限定
32070,星と月のエネルギー（30日）,使用法:このアバターフレームのロックを解除し、ロックを解除した後、パーソナルセンターで切り替えることができます。,陰小敏を購入して色の魔法を交換して手に入れた
32071,太陽の魔法（30日）,使用法:このアバターフレームのロックを解除し、ロックを解除した後、パーソナルセンターで切り替えることができます。,購入カラフルプリンセスドレスアップファントカラフルレイダー取得
32072,銀河ハンター（30日）,使用：このフレームをアンロックして使用します。プロファイルのアバターで使用して切り替えます。,イベントで獲得
32073,カラフルな楽園（30日）,使用：このフレームをアンロックして使用します。プロファイルのアバターで使用して切り替えます。,シェアカードで獲得
32074,きらきら星（30日）,使用：このフレームをアンロックして使用します。プロファイルのアバターで使用して切り替えます。,シェアカードで獲得
32075,スターフレンズ記念フレーム（30日）,使用：このフレームをアンロックして使用します。プロファイルのアバターで使用して切り替えます。,スターフレンドイベント記念アイテム
32076,キツネの言葉（30日）,使用：このフレームをアンロックして使用します。プロファイルのアバターで使用して切り替えます。,綺夢霊狐・華陽を購入して入手（【ボーナス】で受け取る）
32077,華やかな攻撃（30日）,使用：このフレームをアンロックして使用します。プロファイルのアバターで使用して切り替えます。,ジェシー変装スキンを購入して入手
32078,春の宴会（30日）,使用：このフレームをアンロックして使用します。プロファイルのアバターで使用して切り替えます。,ジェシー変装スキンを購入して入手
32079,ネオンの恋人（30日）,使用：このフレームをアンロックして使用します。プロファイルのアバターで使用して切り替えます。,イベントで獲得
32080,砂の勇敢な戦い（30日）,使用：このフレームをアンロックして使用します。プロファイルのアバターで使用して切り替えます。,イベントで獲得
32081,オアシスの冒険者（30日）,使用：このフレームをアンロックして使用します。プロファイルのアバターで使用して切り替えます。,イベントで獲得
32082,キツネの言葉（30日）,使用：このフレームをアンロックして使用します。プロファイルのアバターで使用して切り替えます。,綺夢霊狐・華陽を購入して入手（【ボーナス】で受け取る）
32083,バージョンが低すぎる,使用法:このアバターフレームのロックを解除し、ロックを解除した後、パーソナルセンターで切り替えることができます。,運用アクティビティの取得
32084,バージョンが低すぎる,使用法:このアバターフレームのロックを解除し、ロックを解除した後、パーソナルセンターで切り替えることができます。,運用アクティビティの取得
32085,夢のタイム旅（30日）,使用：アイコンをアンロックします。個人センターで変更できます。,シェアカードで獲得
32086,スチームのプレイ（30日）,使用：アイコンをアンロックします。個人センターで変更できます。,シェアカードで獲得
32087,バージョンが低すぎる,使用法:このアバターフレームのロックを解除し、ロックを解除した後、パーソナルセンターで切り替えることができます。,運用アクティビティの取得
32088,バージョンが低すぎる,使用法:このアバターフレームのロックを解除し、ロックを解除した後、パーソナルセンターで切り替えることができます。,運用アクティビティの取得
32089,羽光十色（30日）,使用法:このアバターフレームのロックを解除し、ロックを解除した後、パーソナルセンターで切り替えることができます。,暮光落霞　浣渓を購入して取得
32090,MWGTファイナリスト（30日）,使用：このフレームをアンロックして使用します。プロファイルのアバターで使用して切り替えます。,
32091,MWGTプレイヤーレビュー（30日）,使用：このフレームをアンロックして使用します。プロファイルのアバターで使用して切り替えます。,
32092,MWGT公式レビュー（30日）,使用：このフレームをアンロックして使用します。プロファイルのアバターで使用して切り替えます。,
32093,MWGT 2023（30日）,使用法:このアバターフレームのロックを解除し、ロックを解除した後、パーソナルセンターで切り替えることができます。,MWGT 2023イベント参加記念フレーム
32094,バージョンが低すぎる,使用法:このアバターフレームのロックを解除し、ロックを解除した後、パーソナルセンターで切り替えることができます。,
32095,バージョンが低すぎる,使用法:このアバターフレームのロックを解除し、ロックを解除した後、パーソナルセンターで切り替えることができます。,運用アクティビティの取得
32096,バージョンが低すぎる,使用法:このアバターフレームのロックを解除し、ロックを解除した後、パーソナルセンターで切り替えることができます。,運用アクティビティの取得
32097,部族の鷹（30日）,使用：このフレームをアンロックします。プロファイルで変更可能。,イベントで獲得
32098,部族の族長（30日）,使用：このフレームをアンロックします。プロファイルで変更可能。,イベントで獲得
32099,聖白いドレス（30日）,使用：このフレームをアンロックします。プロファイルで変更可能。,シェアカードで獲得
32100,島の歌と夢（30日）,使用：このフレームをアンロックします。プロファイルで変更可能。,シェアカードで獲得
32101,バージョンが低すぎる,使用法:このアバターフレームのロックを解除し、ロックを解除した後、パーソナルセンターで切り替えることができます。,聯通専属大会員の権利を購読して獲得する
32102,バージョンが低すぎる,使用法:このアバターフレームのロックを解除し、ロックを解除した後、パーソナルセンターで切り替えることができます。,追光計画「カラフルな虹」のテーマを集めて獲得した
32103,バージョンが低すぎる,：を使ってこのアバター枠をロック解除し、ロック解除後に個人センターで。を切り替えることができる,グルメ村のインタラクティブドラマ活動に参加して獲得した
32104,バージョンが低すぎる,：を使ってこのアバター枠をロック解除し、ロック解除後に個人センターで。を切り替えることができる,開発者年間イベント報酬
32105,バージョンが低すぎる,：を使ってこのアバター枠をロック解除し、ロック解除後に個人センターで。を切り替えることができる,開発者年間イベント報酬
32106,バージョンが低すぎる,：を使ってこのアバター枠をロック解除し、ロック解除後に個人センターで。を切り替えることができる,開発者年間イベント報酬
32107,雪人丸丸（30日）,使用：このアイコンをアンロックする。アンロック後、個人センターで切り替えることができる。,雪丸丸を購入することで獲得
32108,爆竹音声（30日）,使用：このアイコンをアンロックする。アンロック後、個人センターで切り替えることができる。,竹爆爆を購入することで獲得
32109,バージョンが低すぎる,：を使ってこのアバター枠をロック解除し、ロック解除後に個人センターで。を切り替えることができる,運用活動の取得
32110,バージョンが低すぎる,：を使ってこのアバター枠をロック解除し、ロック解除後に個人センターで。を切り替えることができる,ポイントモールでの交換
32111,バージョンが低すぎる,：を使ってこのアバター枠をロック解除し、ロック解除後に個人センターで。を切り替えることができる,ポイントモールでの交換
32112,バージョンが低すぎる,：を使ってこのアバター枠をロック解除し、ロック解除後に個人センターで。を切り替えることができる,ポイントモールでの交換
32113,秘境ガーランド（30日）,使用：このフレームをアンロックして使用します。プロファイルのアバターで使用して切り替えます。,秘境精霊　フィリシヤを購入獲得
32114,幻の水幕（30日）,使用：このアイコンをアンロックする。アンロック後、個人センターで切り替えることができる。,イベントで獲得
32115,バージョンが低すぎる,：を使ってこのアバター枠をロック解除し、ロック解除後に個人センターで。を切り替えることができる,ポイントモールでの交換
32116,バージョンが低すぎる,：を使ってこのアバター枠をロック解除し、ロック解除後に個人センターで。を切り替えることができる,ポイントモールでの交換
32117,バージョンが低すぎる,：を使ってこのアバター枠をロック解除し、ロック解除後に個人センターで。を切り替えることができる,ポイントモールでの交換
32118,バージョンが低すぎる,：を使ってこのアバター枠をロック解除し、ロック解除後に個人センターで。を切り替えることができる,期間限定イベントゲット
32119,バージョンが低すぎる,：を使ってこのアバター枠をロック解除し、ロック解除後に個人センターで。を切り替えることができる,期間限定イベントゲット
32120,福気元宵（30日）,使用：このフレームをアンロックします。プロファイルで変更可能。,時間限定イベントで入手
32121,バージョンが低すぎる,：を使ってこのアバター枠をロック解除し、ロック解除後に個人センターで。を切り替えることができる,運用活動の取得
32122,バージョンが低すぎる,：を使ってこのアバター枠をロック解除し、ロック解除後に個人センターで。を切り替えることができる,運用活動の取得
32123,バージョンが低すぎる,：を使ってこのアバター枠をロック解除し、ロック解除後に個人センターで。を切り替えることができる,運用活動の取得
32124,バージョンが低すぎる,：を使ってこのアバター枠をロック解除し、ロック解除後に個人センターで。を切り替えることができる,光を追う計画が得られる
32125,ウサギ飴（30日）,使用：このフレームをアンロックします。プロファイルで変更可能。,スキントウ カケイを購入すると入手可能
32126,砂糖画の達人（30日）,使用：このフレームをアンロックします。プロファイルで変更可能。,スキントウ カヨクを購入すると入手
32127,バージョンが低すぎる,：を使ってこのアバター枠をロック解除し、ロック解除後に個人センターで。を切り替えることができる,ダウンロード“ミニスター工場”、入手方法を知る
32128,ウサギの新年（30日）,使用：このフレームをアンロックします。プロファイルで変更可能。,イベントから入手
32129,バージョンが低すぎる,：を使ってこのアバター枠をロック解除し、ロック解除後に個人センターで。を切り替えることができる,運用活動の取得
32130,自然の律動（30日）,使用：このフレームをアンロックして使用します。プロファイルのアバターで使用して切り替えます。,シェアカード購入で獲得
32131,探索・追う（30日）,使用：このフレームをアンロックして使用します。プロファイルのアバターで使用して切り替えます。,シェアカード購入で獲得
32132,7歳誕生日（30日）,使用法:このアバターフレームのロックを解除し、ロックを解除した後、パーソナルセンターで切り替えることができます。,運営イベントで獲得
32133,雪の高原（30日）,使用法:このアバターフレームのロックを解除し、ロックを解除した後、パーソナルセンターで切り替えることができます。,運営イベントで獲得
32134,アーモンドの花影（30日）,使用法:このアバターフレームのロックを解除し、ロックを解除した後、パーソナルセンターで切り替えることができます。,運営イベントで獲得
32135,ホール祝賀会（30日）,使用法:このアバターフレームのロックを解除し、ロックを解除した後、パーソナルセンターで切り替えることができます。,運営イベントで獲得
32136,愛奇芸映画の達人（30日）,：を使ってこのアバター枠をロック解除し、ロック解除後に個人センターで。を切り替えることができる,運営活動の取得
32137,滄海泣珠（30日）,使用：このフレームをアンロックします。プロファイルで変更可能。,滄海帝姫　霊汐を入手してアンロックできる
32138,仮面カード（30日）,使用：このフレームをアンロックします。プロファイルで変更可能。,シェアカードをアンロックして獲得できる
32139,礼遇舞踏会（30日）,使用：このフレームをアンロックします。プロファイルで変更可能。,シェアカードをアンロックして獲得できる
32140,ピンクインクナイトバンケット（30日）,使用：このフレームをアンロックします。プロファイルで変更可能。,イベント獲得
32141,蓮の伝説（30日）,使用：このフレームをアンロックします。プロファイルで変更可能。,イベントで獲得
32142,赤炎綾（30日）,使用：このフレームをアンロックします。プロファイルで変更可能。,イベントで獲得
32143,ちまきの宴（30日）,使用：このフレームをアンロックします。プロファイルで変更可能。,イベントで獲得
32144,移動地帯（30日）,アバターフレーム解除、プロフィール切替。,活動取得
32145,通信生活（30日）,アバターフレーム解除、プロフィール切替。,活動取得
32146,星が躍動する（30日間）,アバターフレーム解除、プロフィール切替。,活動取得
32147,のんびりと暖かい陽気（30日）,アバターフレーム解除、プロフィール切替。,活動取得
32148,夏歌（30日間）,アバターフレーム解除、プロフィール切替。,
32149,友情の伝達（30日）,使用：このフレームをアンロックして使用します。プロファイルのアバターで使用して切り替えます。,シェアカードをロック解除して入手可能
32150,伝書鳩の使者（30日）,使用：このフレームをアンロックして使用します。プロファイルのアバターで使用して切り替えます。,シェアカードをロック解除して入手可能
32151,鈴の夢（30日間）,アバターフレーム解除、プロフィール切替。,盛夏童話パークイベント獲得
32152,青島の桜茶（30日間）,アバターフレーム解除、プロフィール切替。,盛夏童話パークイベント獲得
32153,玄丘校尉（30日間）,アバターフレーム解除、プロフィール切替。,炎瑞を入手した後の贈り物
32154,竜の子孫（30日）,アバターフレーム解除、プロフィール切替。,限時での楽しいカード取得
32155,剣竜シノ（30日）,アバターフレーム解除、プロフィール切替。,限時での楽しいカード取得
32156,クラウドでの祝賀 (30日),プロフィールで切り替え可能なアバターフレームを解除するために使用してください。,シンシアの購入から
32157,フラワーハウス（30日）,プロフィールで切り替えることができるこのアバターフレームを解除するために使用します。,イベントから
32158,ダイナミックオフィシャル - マスター (30日),プロフィールで切り替えられるこのアバターフレームを解除するために使用してください。,ダイナミック公式
32159,オフィシャル - 開発者 (30日),このアバターをアンロックするために使用。,ダイナミック・リミテッド
32160,ドラゴンスレイヤーボーイ (30 日),アバターフレームのロックを解除し、プロフィールで切り替える。,バレンタインの購入により取得
32161,ライブストリーマー（30日間）,プロフィールで切り替え可能なアバターフレームをアンロックしてください。,リミテッド
32162,冬の陽ざし（30日）,使用：該当アイコン枠を解放、個人センターにて切り替えられます。,冬の精霊を購入することで獲得
32163,戦の狼煙（30日）,使用：該当アイコン枠を解放、個人センターにて切り替えられます。,木蘭を購入することで獲得
32164,モクレンの飾り（30日）,使用：該当アイコン枠を解放、個人センターにて切り替えられます。,木蘭を購入することで獲得
32165,幼い日々（30日）,使用：該当アイコン枠を解放、個人センターにて切り替えられます。,イベントで獲得
32166,サプライズ（30日）,使用：該当アイコン枠を解放、個人センターにて切り替えられます。,イベントで獲得
32167,爆弾ニャン（30日）,使用：該当アイコン枠を解放、個人センターにて切り替えられます。,ジョイカードを購入することで獲得
32168,爆破ワン（30日）,使用：該当アイコン枠を解放、個人センターにて切り替えられます。,ジョイカードを購入することで獲得
32169,ミニタウン（30日）,使用：該当アイコン枠を解放、個人センターにて切り替えられます。,ミニタウンイベントで獲得
32170,対面アイコン枠(30日),使用：該当アイコン枠を解放、個人センターにて切り替えられます。,対面公式オフラインイベントで獲得
32171,メリークリスマス！&ハッピーニューイヤー！（30日）,使用：該当アイコン枠を解放、個人センターにて切り替えられます。,2024年元旦イベントで獲得
32172,氷雪の世界（30日）,使用：該当アイコン枠を解放、個人センターにて切り替えられます。,氷晶の姫 雪乃を購入することで獲得
32173,始業（30日）,使用：該当アイコン枠を解放、個人センターにて切り替えられます。,イベントで獲得
32174,春節（30日）,使用：該当アイコン枠を解放、個人センターにて切り替えられます。,イベントで獲得
32175,休みが来た！（30日）,使用：該当アイコン枠を解放、個人センターにて切り替えられます。,イベントで獲得
32176,喜羊羊（30日）,使用：該当アイコン枠を解放、個人センターにて切り替えられます。,喜羊羊のスキンを購入することで獲得
32177,懶羊羊（30日）,使用：該当アイコン枠を解放、個人センターにて切り替えられます。,懶羊羊のスキンを購入することで獲得
32178,灰太狼（30日）,使用：該当アイコン枠を解放、個人センターにて切り替えられます。,灰太狼のスキンを購入することで獲得
32179,喜羊羊と灰太狼（30日）,使用：該当アイコン枠を解放、個人センターにて切り替えられます。,イベントで獲得
32180,虚空の鏡（30日）,使用：該当アイコン枠を解放、個人センターにて切り替えられます。,星リナのスキンを獲得すると自動的に解放
32181,万世の龍威（30日）,使用：該当アイコン枠を解放、個人センターにて切り替えられます。,イベントで獲得
32182,潮と月を追う（30日）,使用：該当アイコン枠を解放、個人センターにて切り替えられます。,イシスのスキンを購入することで獲得
32183,灼熱装甲（30日）,使用：該当アイコン枠を解放、個人センターにて切り替えられます。,幻・スカーレットファイターのスキンを購入することで獲得
32184,海と月光（30日）,使用：該当アイコン枠を解放、個人センターにて切り替えられます。,ヘレナのスキンを購入することで獲得
32185,夜の探険（30日）,使用：該当アイコン枠を解放、個人センターにて切り替えられます。,ジョイカードを購入することで獲得
32186,熊の影（30日）,使用：該当アイコン枠を解放、個人センターにて切り替えられます。,ジョイカードを購入することで獲得
32187,氷晶の守護者（30日）,使用：該当アイコン枠を解放、個人センターにて切り替えられます。,任意の氷雪の姫を購入すると入手可能
32188,Mi-Lions（30日）,このアバターフレームをロック解除し、解除後はプロフィールセンターで切り替えることができます,活動を通じて必要な人気を得る
32189,,,
32190,8周年記念（30日間）,これを使用すると、プロフィールで切り替えることができるこのアバター フレームのロックが解除されます。,イベントなどで入手可能。
32191,蘇州庭園（30日間）,これを使用すると、プロフィールで切り替えることができるこのアバター フレームのロックが解除されます。,イベントなどで入手可能。
32192,ミニフレンドシップカード（30日）,これを使用すると、プロフィールで切り替えることができるこのアバター フレームのロックが解除されます。,「ミニフレンドシップカード」イベントで入手できます。
32193,ディシプリンスクワッド5周年記念（30日間）,これを使用すると、プロフィールで切り替えることができるこのアバター フレームのロックが解除されます。,規律部隊に参加すると入手できます。
32194,ワイルドフラワー ディライト (30 日間),これを使用すると、プロフィールで切り替えることができるこのアバター フレームのロックが解除されます。,シーズンパス購入で入手
32195,花の季節（30日間）,これを使用すると、プロフィールで切り替えることができるこのアバター フレームのロックが解除されます。,シーズンパス購入で入手
32196,ミニフレンドシップ（30日間）,これを使用すると、プロフィールで切り替えることができるこのアバター フレームのロックが解除されます。,「ミニフレンドシップカード」イベントで入手できます。
33000,@Null@,@Null@,@Null@
33001,チェリー-ステータス,使用：このフレームをアンロックして使用します。プロファイルのアバターで使用して切り替えます。,イベントで獲得
33002,オールドタウン-ステータス,使用：このフレームをアンロックして使用します。プロファイルのアバターで使用して切り替えます。,イベントで獲得
33003,ピンクシープ-ステータス,使用：このフレームをアンロックして使用します。プロファイルのアバターで使用して切り替えます。,イベントで獲得
33004,タイガーガール-ステータス,使用：このフレームをアンロックして使用します。プロファイルのアバターで使用して切り替えます。,イベントで獲得
33005,ブラック・アーツ-ステータス,使用：このフレームをアンロックして使用します。プロファイルのアバターで使用して切り替えます。,イベントで獲得
33006,キャンディグループ-ステータス,使用：このフレームをアンロックして使用します。プロファイルのアバターで使用して切り替えます。,イベントで獲得
33007,リトル・ロースティ-ステータス,使用：このフレームをアンロックして使用します。プロファイルのアバターで使用して切り替えます。,イベントで獲得
33008,リトルディティ-ステータス,使用：このフレームをアンロックして使用します。プロファイルのアバターで使用して切り替えます。,イベントで獲得
33009,シープ・キャッスル-ステータス,使用：このフレームをアンロックして使用します。プロファイルのアバターで使用して切り替えます。,イベントで獲得
33010,思い出-ステータス,使用：このフレームをアンロックして使用します。プロファイルのアバターで使用して切り替えます。,イベントで獲得
33011,チェリー,使用：このフレームをアンロックして使用します。プロファイルのアバターで使用して切り替えます。,イベントで獲得
33012,オールドタウン,使用：このフレームをアンロックして使用します。プロファイルのアバターで使用して切り替えます。,イベントで獲得
33013,ピンクシープ,使用：このフレームをアンロックして使用します。プロファイルのアバターで使用して切り替えます。,イベントで獲得
33014,タイガーガール,使用：このフレームをアンロックして使用します。プロファイルのアバターで使用して切り替えます。,イベントで獲得
33015,ブラック・アーツ,使用：このフレームをアンロックして使用します。プロファイルのアバターで使用して切り替えます。,イベントで獲得
33016,キャンディグループ,使用：このフレームをアンロックして使用します。プロファイルのアバターで使用して切り替えます。,イベントで獲得
33017,リトル・ロースティ,使用：このフレームをアンロックして使用します。プロファイルのアバターで使用して切り替えます。,イベントで獲得
33018,リトルディティ,使用：このフレームをアンロックして使用します。プロファイルのアバターで使用して切り替えます。,イベントで獲得
33019,シープ・キャッスル,使用：このフレームをアンロックして使用します。プロファイルのアバターで使用して切り替えます。,イベントで獲得
33020,思い出,使用：このフレームをアンロックして使用します。プロファイルのアバターで使用して切り替えます。,イベントで獲得
33021,@Null@,@Null@,@Null@
33022,@Null@,@Null@,@Null@
33023,かりかりしたバゲット,@Null@,イベントで獲得
33024,新鮮なキノコ,使用：このフレームをアンロックして使用します。プロファイルのアバターで使用して切り替えます。,イベントで獲得
33025,童話の魔法使い,使用：このフレームをアンロックして使用します。プロファイルのアバターで使用して切り替えます。,イベントで獲得
33026,ミラクルダンス,使用：このフレームをアンロックして使用します。プロファイルのアバターで使用して切り替えます。,イベントで獲得
33027,レインボーフォートの上空を飛ぶ,使用：このフレームをアンロックして使用します。プロファイルのアバターで使用して切り替えます。,イベントで獲得
33028,チェリー誕生日ケーキ,使用：このフレームをアンロックして使用します。プロファイルのアバターで使用して切り替えます。,イベントで獲得
33029,イチゴの誕生日ケーキ,使用：このフレームをアンロックして使用します。プロファイルのアバターで使用して切り替えます。,イベントで獲得
33030,キャンディの誕生日ケーキ,使用：このフレームをアンロックして使用します。プロファイルのアバターで使用して切り替えます。,イベントで獲得
33031,チョコレートの誕生日ケーキ,使用：このフレームをアンロックして使用します。プロファイルのアバターで使用して切り替えます。,イベントで獲得
33032,パールのギフトボックスの誕生日ケーキ,使用：このフレームをアンロックして使用します。プロファイルのアバターで使用して切り替えます。,イベントで獲得
33033,ライトライム,使用：このフレームをアンロックして使用します。プロファイルのアバターで使用して切り替えます。,イベントで獲得
33034,メロディアス キャロル,使用：このフレームをアンロックして使用します。プロファイルのアバターで使用して切り替えます。,イベントで獲得
33035,スカイウォード・スモッグ,使用：このフレームをアンロックして使用します。プロファイルのアバターで使用して切り替えます。,イベントで獲得
33036,ムーンライト・シャドウズ,使用：このフレームをアンロックして使用します。プロファイルのアバターで使用して切り替えます。,イベントで獲得
33037,純粋な祈り,使用：このフレームをアンロックして使用します。プロファイルのアバターで使用して切り替えます。,イベントで獲得
33038,月の ハートベル,使用：このフレームをアンロックして使用します。プロファイルのアバターで使用して切り替えます。,イベントで獲得
33039,楽しいパーティー,使用：このフレームをアンロックして使用します。プロファイルのアバターで使用して切り替えます。,@Null@
33040,サヨナキドリと歌,使用：このフレームをアンロックして使用します。プロファイルのアバターで使用して切り替えます。,@Null@
33041,フレッシュベリー,使用：このフレームをアンロックして使用します。プロファイルのアバターで使用して切り替えます。,シェアカード獲得
33042,暖かい宴会,使用：このフレームをアンロックして使用します。プロファイルのアバターで使用して切り替えます。,シェアカード獲得
33043,子役彩夢,使用：このフレームをアンロックして使用します。プロファイルのアバターで使用して切り替えます。,ミニスター工場イベント獲得
33044,霊狐鳳仙,使用：このフレームをアンロックして使用します。プロファイルのアバターで使用して切り替えます。,会員専属アバター
33045,不滅の剣とヘルメット,使用：このフレームをアンロックして使用します。プロファイルのアバターで使用して切り替えます。,会員専属アバター
33046,ビッグメンバーフレーム,使用：このフレームをアンロックして使用します。プロファイルのアバターで使用して切り替えます。,会員専属アバター
33047,子役彩夢,使用：このフレームをアンロックして使用します。プロファイルのアバターで使用して切り替えます。,会員専属アバター
33048,目覚めた者の桂冠,使用：このフレームをアンロックして使用します。プロファイルのアバターで使用して切り替えます。,@Null@
33049,チャイルドライクスイートハート,使用：このフレームをアンロックして使用します。プロファイルのアバターで使用して切り替えます。,@Null@
33050,一緒に奏でる,使用：このフレームをアンロックして使用します。プロファイルのアバターで使用して切り替えます。,@Null@
33051,2021年度優秀クリエイター,使用：このフレームをアンロックして使用します。プロファイルのアバターで使用して切り替えます。,@Null@
33052,2021年度クリエイターズエクスクルーシブ,使用：このフレームをアンロックして使用します。プロファイルのアバターで使用して切り替えます。,@Null@
33053,2021年度人気クリエイター,使用：このフレームをアンロックして使用します。プロファイルのアバターで使用して切り替えます。,@Null@
33054,ドラゴンとタイガーの飛躍,使用：このフレームをアンロックして使用します。プロファイルのアバターで使用して切り替えます。,@Null@
33055,輝かしい翼,使用：このフレームをアンロックして使用します。プロファイルのアバターで使用して切り替えます。,スキン₋ミランダ購入獲得
33056,幻境花園,使用：このフレームをアンロックして使用します。プロファイルのアバターで使用して切り替えます。,ネオン物語購入獲得
33057,昆虫学者,使用：このフレームをアンロックして使用します。プロファイルのアバターで使用して切り替えます。,シェアカード獲得
33058,森の蝶と逢う,使用：このフレームをアンロックして使用します。プロファイルのアバターで使用して切り替えます。,シェアカード獲得
33059,金玉満堂,使用：このフレームをアンロックして使用します。プロファイルのアバターで使用して切り替えます。,虎心玉購入／イベントで獲得
33060,金虎賀歳,使用：このフレームをアンロックして使用します。プロファイルのアバターで使用して切り替えます。,イベントで獲得
33061,科学サイボ,使用：このフレームをアンロックして使用します。プロファイルのアバターで使用して切り替えます。,イベントで獲得
33062,迎春送福,使用：このフレームをアンロックして使用します。プロファイルのアバターで使用して切り替えます。,イベントで獲得
33063,福満乾坤,使用：このフレームをアンロックして使用します。プロファイルのアバターで使用して切り替えます。,虎吼豊購入／イベントで獲得
33064,ミニワールド6周年,使用：このフレームをアンロックして使用します。プロファイルのアバターで使用して切り替えます。,周年イベントで獲得
33065,風紀小隊,使用：このフレームをアンロックして使用します。プロファイルのアバターで使用して切り替えます。,風紀小隊プレイヤー限定
33066,落書き,使用：このフレームをアンロックして使用します。プロファイルのアバターで使用して切り替えます。,シェアカード獲得
33067,クールストリート,使用：このフレームをアンロックして使用します。プロファイルのアバターで使用して切り替えます。,シェアカード獲得
33068,かわいい花粉,使用：このフレームをアンロックして使用します。プロファイルのアバターで使用して切り替えます。,花小楼公式ファンクラブ限定
33069,ミニガード,使用：このフレームをアンロックして使用します。プロファイルのアバターで使用して切り替えます。,花小楼公式ファンクラブ限定
33070,星と月のエネルギー,使用法:このアバターフレームのロックを解除し、ロックを解除した後、パーソナルセンターで切り替えることができます。,陰小敏を購入して色の魔法を交換して手に入れた
33071,太陽の魔法,使用法:このアバターフレームのロックを解除し、ロックを解除した後、パーソナルセンターで切り替えることができます。,購入カラフルプリンセスドレスアップファントカラフルレイダー取得
33072,銀河ハンター,使用：このフレームをアンロックして使用します。プロファイルのアバターで使用して切り替えます。,イベントで獲得
33073,カラフルな楽園,使用：このフレームをアンロックして使用します。プロファイルのアバターで使用して切り替えます。,シェアカードで獲得
33074,きらきら星,使用：このフレームをアンロックして使用します。プロファイルのアバターで使用して切り替えます。,シェアカードで獲得
33075,スターフレンズ記念フレーム,使用：このフレームをアンロックして使用します。プロファイルのアバターで使用して切り替えます。,スターフレンドイベント記念アイテム
33076,キツネの言葉,使用：このフレームをアンロックして使用します。プロファイルのアバターで使用して切り替えます。,綺夢霊狐・華陽を購入して入手（【ボーナス】で受け取る）
33077,華やかな攻撃,使用：このフレームをアンロックして使用します。プロファイルのアバターで使用して切り替えます。,ジェシー変装スキンを購入して入手
33078,春の宴会,使用：このフレームをアンロックして使用します。プロファイルのアバターで使用して切り替えます。,イベントで獲得
33079,ネオンの恋人,使用：このフレームをアンロックして使用します。プロファイルのアバターで使用して切り替えます。,イベントで獲得
33080,砂の勇敢な戦い,使用：このフレームをアンロックして使用します。プロファイルのアバターで使用して切り替えます。,イベントで獲得
33081,オアシスの冒険者,使用：このフレームをアンロックして使用します。プロファイルのアバターで使用して切り替えます。,イベントで獲得
33082,キツネの言葉,使用：このフレームをアンロックして使用します。プロファイルのアバターで使用して切り替えます。,綺夢霊狐・華陽を購入して入手（【ボーナス】で受け取る）
33083,バージョンが低すぎる,使用法:このアバターフレームのロックを解除し、ロックを解除した後、パーソナルセンターで切り替えることができます。,運用アクティビティの取得
33084,バージョンが低すぎる,使用法:このアバターフレームのロックを解除し、ロックを解除した後、パーソナルセンターで切り替えることができます。,運用アクティビティの取得
33085,夢のタイム旅,使用：アイコンをアンロックします。個人センターで変更できます。,シェアカードで獲得
33086,スチームのプレイ,使用：アイコンをアンロックします。個人センターで変更できます。,シェアカードで獲得
33087,バージョンが低すぎる,使用法:このアバターフレームのロックを解除し、ロックを解除した後、パーソナルセンターで切り替えることができます。,運用アクティビティの取得
33088,バージョンが低すぎる,使用法:このアバターフレームのロックを解除し、ロックを解除した後、パーソナルセンターで切り替えることができます。,運用アクティビティの取得
33089,羽光十色,使用法:このアバターフレームのロックを解除し、ロックを解除した後、パーソナルセンターで切り替えることができます。,雨林魅影　浣渓/暮光落霞　浣渓を購入して獲得した
33090,MWGTファイナリスト,使用：このフレームをアンロックして使用します。プロファイルのアバターで使用して切り替えます。,
33091,MWGTプレイヤーレビュー,使用：このフレームをアンロックして使用します。プロファイルのアバターで使用して切り替えます。,
33092,MWGT公式レビュー,使用：このフレームをアンロックして使用します。プロファイルのアバターで使用して切り替えます。,
33093,MWGT 2023,使用法:このアバターフレームのロックを解除し、ロックを解除した後、パーソナルセンターで切り替えることができます。,MWGT 2023イベント参加記念フレーム
33094,バージョンが低すぎる,使用法:このアバターフレームのロックを解除し、ロックを解除した後、パーソナルセンターで切り替えることができます。,
33095,クリームオレンジ,使用法:このアバターフレームのロックを解除し、ロックを解除した後、パーソナルセンターで切り替えることができます。,運用アクティビティの取得
33096,真夏の池塘,使用法:このアバターフレームのロックを解除し、ロックを解除した後、パーソナルセンターで切り替えることができます。,運用アクティビティの取得
33097,部族の鷹,使用：このフレームをアンロックします。プロファイルで変更可能。,イベントで獲得
33098,部族の族長,使用：このフレームをアンロックします。プロファイルで変更可能。,イベントで獲得
33099,聖白いドレス,使用：このフレームをアンロックします。プロファイルで変更可能。,シェアカードで獲得
33100,島の歌と夢,使用：このフレームをアンロックします。プロファイルで変更可能。,シェアカードで獲得
33101,バージョンが低すぎる,使用法:このアバターフレームのロックを解除し、ロックを解除した後、パーソナルセンターで切り替えることができます。,聯通専属大会員の権利を購読して獲得する
33102,バージョンが低すぎる,使用法:このアバターフレームのロックを解除し、ロックを解除した後、パーソナルセンターで切り替えることができます。,追光計画「カラフルな虹」のテーマを集めて獲得した
33103,バージョンが低すぎる,：を使ってこのアバター枠をロック解除し、ロック解除後に個人センターで。を切り替えることができる,グルメ村のインタラクティブドラマ活動に参加して獲得した
33104,バージョンが低すぎる,：を使ってこのアバター枠をロック解除し、ロック解除後に個人センターで。を切り替えることができる,開発者年間イベント報酬
33105,バージョンが低すぎる,：を使ってこのアバター枠をロック解除し、ロック解除後に個人センターで。を切り替えることができる,開発者年間イベント報酬
33106,バージョンが低すぎる,：を使ってこのアバター枠をロック解除し、ロック解除後に個人センターで。を切り替えることができる,開発者年間イベント報酬
33107,雪人丸丸,使用：このアイコンをアンロックする。アンロック後、個人センターで切り替えることができる。,雪丸丸を購入することで獲得
33108,爆竹音声,使用：このアイコンをアンロックする。アンロック後、個人センターで切り替えることができる。,竹爆爆を購入することで獲得
33109,バージョンが低すぎる,：を使ってこのアバター枠をロック解除し、ロック解除後に個人センターで。を切り替えることができる,運用活動の取得
33110,バージョンが低すぎる,：を使ってこのアバター枠をロック解除し、ロック解除後に個人センターで。を切り替えることができる,ポイントモールでの交換
33111,バージョンが低すぎる,：を使ってこのアバター枠をロック解除し、ロック解除後に個人センターで。を切り替えることができる,ポイントモールでの交換
33112,バージョンが低すぎる,：を使ってこのアバター枠をロック解除し、ロック解除後に個人センターで。を切り替えることができる,ポイントモールでの交換
33113,秘境ガーランド,使用：このフレームをアンロックして使用します。プロファイルのアバターで使用して切り替えます。,秘境精霊　フィリシヤを購入獲得
33114,幻の水幕,使用：このアイコンをアンロックする。アンロック後、個人センターで切り替えることができる。,イベントで獲得
33115,バージョンが低すぎる,：を使ってこのアバター枠をロック解除し、ロック解除後に個人センターで。を切り替えることができる,ポイントモールでの交換
33116,バージョンが低すぎる,：を使ってこのアバター枠をロック解除し、ロック解除後に個人センターで。を切り替えることができる,ポイントモールでの交換
33117,バージョンが低すぎる,：を使ってこのアバター枠をロック解除し、ロック解除後に個人センターで。を切り替えることができる,ポイントモールでの交換
33118,バージョンが低すぎる,：を使ってこのアバター枠をロック解除し、ロック解除後に個人センターで。を切り替えることができる,期間限定イベントゲット
33119,バージョンが低すぎる,：を使ってこのアバター枠をロック解除し、ロック解除後に個人センターで。を切り替えることができる,期間限定イベントゲット
33120,福気元宵,使用：このフレームをアンロックします。プロファイルで変更可能。,時間限定イベントで入手
33121,バージョンが低すぎる,：を使ってこのアバター枠をロック解除し、ロック解除後に個人センターで。を切り替えることができる,運用活動の取得
33122,バージョンが低すぎる,：を使ってこのアバター枠をロック解除し、ロック解除後に個人センターで。を切り替えることができる,運用活動の取得
33123,バージョンが低すぎる,：を使ってこのアバター枠をロック解除し、ロック解除後に個人センターで。を切り替えることができる,運用活動の取得
33124,バージョンが低すぎる,：を使ってこのアバター枠をロック解除し、ロック解除後に個人センターで。を切り替えることができる,光を追う計画が得られる
33125,ウサギ飴,使用：このフレームをアンロックします。プロファイルで変更可能。,スキントウ カケイを購入すると入手可能
33126,砂糖画の達人,使用：このフレームをアンロックします。プロファイルで変更可能。,スキントウ カヨクを購入すると入手
33127,バージョンが低すぎる,：を使ってこのアバター枠をロック解除し、ロック解除後に個人センターで。を切り替えることができる,ダウンロード“ミニスター工場”、入手方法を知る
33128,ウサギの新年,使用：このフレームをアンロックします。プロファイルで変更可能。,イベントから入手
33129,バージョンが低すぎる,：を使ってこのアバター枠をロック解除し、ロック解除後に個人センターで。を切り替えることができる,運用活動の取得
33130,自然の律動,使用：このフレームをアンロックして使用します。プロファイルのアバターで使用して切り替えます。,シェアカード購入で獲得
33131,探索・追う,使用：このフレームをアンロックして使用します。プロファイルのアバターで使用して切り替えます。,シェアカード購入で獲得
33132,7歳誕生日,使用法:このアバターフレームのロックを解除し、ロックを解除した後、パーソナルセンターで切り替えることができます。,運営イベントで獲得
33133,雪の高原,使用法:このアバターフレームのロックを解除し、ロックを解除した後、パーソナルセンターで切り替えることができます。,運営イベントで獲得
33134,アーモンドの花影,使用法:このアバターフレームのロックを解除し、ロックを解除した後、パーソナルセンターで切り替えることができます。,運営イベントで獲得
33135,ホール祝賀会,使用法:このアバターフレームのロックを解除し、ロックを解除した後、パーソナルセンターで切り替えることができます。,運営イベントで獲得
33136,愛奇芸映画の達人,：を使ってこのアバター枠をロック解除し、ロック解除後に個人センターで。を切り替えることができる,運営活動の取得
33137,滄海泣珠,使用：このフレームをアンロックします。プロファイルで変更可能。,滄海帝姫　霊汐を入手してアンロックできる
33138,仮面カード,使用：このフレームをアンロックします。プロファイルで変更可能。,シェアカードをアンロックして獲得できる
33139,礼遇舞踏会,使用：このフレームをアンロックします。プロファイルで変更可能。,シェアカードをアンロックして獲得できる
33140,ピンクインクナイトバンケット,使用：このフレームをアンロックします。プロファイルで変更可能。,イベント獲得
33141,蓮の伝説,使用：このフレームをアンロックします。プロファイルで変更可能。,イベントで獲得
33142,赤炎天綾,使用：このフレームをアンロックします。プロファイルで変更可能。,イベントで獲得
33143,ちまきの宴,使用：このフレームをアンロックします。プロファイルで変更可能。,イベントで獲得
33144,移動地帯,アバターフレーム解除、プロフィール切替。,活動取得
33145,通信生活,アバターフレーム解除、プロフィール切替。,活動取得
33146,星の踊り,アバターフレーム解除、プロフィール切替。,活動取得
33147,のんびり陽気,アバターフレーム解除、プロフィール切替。,活動取得
33148,夏の歌,アバターフレーム解除、プロフィール切替。,
33149,友情の伝達,使用：このフレームをアンロックして使用します。プロファイルのアバターで使用して切り替えます。,シェアカードをロック解除して入手可能
33150,伝書鳩の使者,使用：このフレームをアンロックして使用します。プロファイルのアバターで使用して切り替えます。,シェアカードをロック解除して入手可能
33151,鈴の夢,アバターフレーム解除、プロフィール切替。,盛夏童話パークイベント獲得
33152,ブルーアイランド桜茶,アバターフレーム解除、プロフィール切替。,盛夏童話パークイベント獲得
33153,玄丘校尉,アバターフレーム解除、プロフィール切替。,炎瑞を入手した後の贈り物
33154,竜の子孫,アバターフレーム解除、プロフィール切替。,期間限定の楽しみカード
33155,剣竜シノ,アバターフレーム解除、プロフィール切替。,限時での楽しいカード取得
33156,クラウドでの祝賀,プロフィールで切り替え可能なアバターフレームを解除するために使用してください。,シンシアの購入から
33157,Hua Xiaolou,プロフィールで切り替えることができるこのアバターフレームを解除するために使用します。,イベントから
33158,ダイナミックオフィシャル - マスタ,プロフィールで切り替えられるこのアバターフレームを解除するために使用してください。,ダイナミック公式
33159,オフィシャル - 開発者,プロフィールで切り替え可能なアバターフレームをアンロックしてください。,リミテッド
33160,ドラゴンスレイヤーボーイ,アバターフレームのロックを解除し、プロフィールで切り替える。,バレンタインの購入により取得
33161,ライブストリーマー,プロフィールで切り替え可能なアバターフレームをアンロックしてください。,リミテッド
33162,冬の陽ざし,使用：該当アイコン枠を解放、個人センターにて切り替えられます。,冬の精霊を購入することで獲得
33163,戦の狼煙,使用：該当アイコン枠を解放、個人センターにて切り替えられます。,木蘭を購入することで獲得
33164,モクレンの飾り,使用：該当アイコン枠を解放、個人センターにて切り替えられます。,木蘭を購入することで獲得
33165,幼い日々,使用：該当アイコン枠を解放、個人センターにて切り替えられます。,イベントで獲得
33166,サプライズ,使用：該当アイコン枠を解放、個人センターにて切り替えられます。,イベントで獲得
33167,爆弾ニャン,使用：該当アイコン枠を解放、個人センターにて切り替えられます。,ジョイカードを購入することで獲得
33168,爆破ワン,使用：該当アイコン枠を解放、個人センターにて切り替えられます。,ジョイカードを購入することで獲得
33169,ミニタウン,使用：該当アイコン枠を解放、個人センターにて切り替えられます。,ミニタウンイベントで獲得
33170,対面アイコン枠,使用：該当アイコン枠を解放、個人センターにて切り替えられます。,対面公式オフラインイベントで獲得
33171,メリークリスマス！&ハッピーニューイヤー！,使用：該当アイコン枠を解放、個人センターにて切り替えられます。,2024年元旦イベントで獲得
33172,氷雪の世界,使用：該当アイコン枠を解放、個人センターにて切り替えられます。,氷晶の姫 雪乃を購入することで獲得
33173,始業,使用：該当アイコン枠を解放、個人センターにて切り替えられます。,イベントで獲得
33174,春節,使用：該当アイコン枠を解放、個人センターにて切り替えられます。,イベントで獲得
33175,休みが来た！,使用：該当アイコン枠を解放、個人センターにて切り替えられます。,イベントで獲得
33176,喜羊羊,使用：該当アイコン枠を解放、個人センターにて切り替えられます。,喜羊羊のスキンを購入することで獲得
33177,懶羊羊,使用：該当アイコン枠を解放、個人センターにて切り替えられます。,懶羊羊のスキンを購入することで獲得
33178,灰太狼,使用：該当アイコン枠を解放、個人センターにて切り替えられます。,灰太狼のスキンを購入することで獲得
33179,喜羊羊と灰太狼,使用：該当アイコン枠を解放、個人センターにて切り替えられます。,イベントで獲得
33180,虚空の鏡,使用：該当アイコン枠を解放、個人センターにて切り替えられます。,星リナのスキンを獲得すると自動的に解放
33181,万世の龍威,使用：該当アイコン枠を解放、個人センターにて切り替えられます。,イベントで獲得
33182,潮と月を追う,使用：該当アイコン枠を解放、個人センターにて切り替えられます。,イシスのスキンを購入することで獲得
33183,灼熱装甲,使用：該当アイコン枠を解放、個人センターにて切り替えられます。,幻・スカーレットファイターのスキンを購入することで獲得
33184,海と月光,使用：該当アイコン枠を解放、個人センターにて切り替えられます。,ヘレナのスキンを購入することで獲得
33185,夜の探険,使用：該当アイコン枠を解放、個人センターにて切り替えられます。,ジョイカードを購入することで獲得
33186,熊の影,使用：該当アイコン枠を解放、個人センターにて切り替えられます。,ジョイカードを購入することで獲得
33187,氷晶の守護者,使用：該当アイコン枠を解放、個人センターにて切り替えられます。,任意の氷雪の姫を購入すると入手可能
33188,Mi-Lions,このアバターフレームをロック解除し、解除後はプロフィールセンターで切り替えることができます。,活動を通じて必要な人気を得る
33189,,,
33190,8周年,これを使用すると、プロフィールで切り替えることができるこのアバター フレームのロックが解除されます。,イベントなどで入手可能。
33191,蘇州庭園,これを使用すると、プロフィールで切り替えることができるこのアバター フレームのロックが解除されます。,イベントなどで入手可能。
33192,ミニフレンドシップカード,これを使用すると、プロフィールで切り替えることができるこのアバター フレームのロックが解除されます。,「ミニフレンドシップカード」イベントで入手できます。
33193,規律部隊5周年,これを使用すると、プロフィールで切り替えることができるこのアバター フレームのロックが解除されます。,規律部隊に参加すると入手できます。
33194,ワイルドフラワーディライト,これを使用すると、プロフィールで切り替えることができるこのアバター フレームのロックが解除されます。,シーズンパス購入で入手
33195,花の季節,これを使用すると、プロフィールで切り替えることができるこのアバター フレームのロックが解除されます。,シーズンパス購入で入手
33196,ミニフレンドシップ,これを使用すると、プロフィールで切り替えることができるこのアバター フレームのロックが解除されます。,「ミニフレンドシップカード」イベントで入手できます。
34000,@Null@,@Null@,@Null@
34001,泉の響き（7日）,カスタマイのズドレスアップ,@Null@
34002,空蝉（7日）,カスタマイのズドレスアップ,@Null@
34003,青蓮の靴（7日）,カスタマイのズドレスアップ,@Null@
34004,蓮蔓のリボン（7日）,カスタマイのズドレスアップ,@Null@
34005,翡翠の目（7日）,カスタマイのズドレスアップ,@Null@
34006,乙女の簪（7日）,カスタマイのズドレスアップ,@Null@
34007,竹のドレス（7日）,カスタマイのズドレスアップ,@Null@
34008,紳士の顔（7日）,カスタマイのズドレスアップ,@Null@
34009,ゴールデンシルクのシューズ（7日）,カスタマイのズドレスアップ,@Null@
34010,寂しい風　髪（7日）,カスタマイのズドレスアップ,@Null@
34011,道教の僧侶のローブ（7日）,カスタマイのズドレスアップ,@Null@
34012,オーロラフェザーガウン（7日）,カスタマイのズドレスアップ,@Null@
34013,爪音（7日）,カスタマイのズドレスアップ,@Null@
34014,永生の花（7日）,カスタマイのズドレスアップ,@Null@
34015,切紙を貼る（7日）,カスタマイのズドレスアップ,@Null@
34016,フェニックスクラウン（7日）,カスタマイのズドレスアップ,@Null@
34017,貴公子（7日）,カスタマイのズドレスアップ,@Null@
34018,陶酔（7日）,カスタマイのズドレスアップ,@Null@
34019,ミストヴェールハット（7日）,カスタマイのズドレスアップ,@Null@
34020,魅惑の狐のマスク（7日）,カスタマイのズドレスアップ,@Null@
34021,ウィルフルメロー（7日）,カスタマイのズドレスアップ,@Null@
34022,シャドウアサシン（7日）,カスタマイのズドレスアップ,@Null@
34023,ブロンズクラウン（7日）,カスタマイのズドレスアップ,@Null@
34024,ゼファーガウン（7日）,カスタマイのズドレスアップ,@Null@
34025,筝タッセル（7日）,カスタマイのズドレスアップ,@Null@
34026,パールベール（7日）,カスタマイのズドレスアップ,@Null@
34027,白熊の髪飾り（7日）,カスタマイのズドレスアップ,@Null@
34028,白熊のコスチューム（7日）,カスタマイのズドレスアップ,@Null@
34029,爆弾の足跡（7日）,カスタマイのズドレスアップ,@Null@
34030,熊ガトリン（7日）,カスタマイのズドレスアップ,@Null@
34031,ピンクの夏（7日）,カスタマイのズドレスアップ,@Null@
34032,ダイナミックローラースケート（7日）,カスタマイのズドレスアップ,@Null@
34033,なよ竹（7日）,カスタマイのズドレスアップ,@Null@
34034,夕雲（7日）,カスタマイのズドレスアップ,@Null@
34035,@Null@,@Null@,@Null@
34036,@Null@,@Null@,@Null@
34037,@Null@,@Null@,@Null@
34038,@Null@,@Null@,@Null@
34039,@Null@,@Null@,@Null@
34040,@Null@,@Null@,@Null@
34041,@Null@,@Null@,@Null@
34042,@Null@,@Null@,@Null@
34043,@Null@,@Null@,@Null@
34044,@Null@,@Null@,@Null@
34045,@Null@,@Null@,@Null@
34046,@Null@,@Null@,@Null@
34047,お団子の髪（7日）,カスタマイのズドレスアップ,@Null@
34048,桜の着物（7日）,カスタマイのズドレスアップ,@Null@
34049,緋色の下駄（7日）,カスタマイのズドレスアップ,@Null@
34050,砂糖漬けのリンゴ（7日）,カスタマイのズドレスアップ,@Null@
34051,栗色のカーリーボブ（7日）,カスタマイのズドレスアップ,@Null@
34052,夕方（7日）,カスタマイのズドレスアップ,@Null@
34053,遊園下駄（7日）,カスタマイのズドレスアップ,@Null@
34054,タピオカ（7日）,カスタマイのズドレスアップ,@Null@
34055,花柄（7日）,カスタマイのズドレスアップ,@Null@
34056,紺碧の髪（7日）,カスタマイのズドレスアップ,@Null@
34057,薄緑の夏（7日）,カスタマイのズドレスアップ,@Null@
34058,木目の下駄（7日）,カスタマイのズドレスアップ,@Null@
34059,デージー（7日）,カスタマイのズドレスアップ,@Null@
34060,青い蓮の着物（7日）,カスタマイのズドレスアップ,@Null@
34061,鶴の下駄（7日）,カスタマイのズドレスアップ,@Null@
34062,節の魚（7日）,カスタマイのズドレスアップ,@Null@
34063,猫のシャツ（7日）,カスタマイのズドレスアップ,@Null@
34064,クロップドズボン（7日）,カスタマイのズドレスアップ,@Null@
34065,ピンク猫のブラウス（7日）,カスタマイのズドレスアップ,@Null@
34066,活発なショーツ（7日）,カスタマイのズドレスアップ,@Null@
34067,ミルクフーフー（7日）,カスタマイのズドレスアップ,@Null@
34068,ラズベリーラブ（7日）,カスタマイのズドレスアップ,@Null@
34069,ピンクとの出会い（7日）,カスタマイのズドレスアップ,@Null@
34070,ラズベリーフラワー（7日）,カスタマイのズドレスアップ,@Null@
34071,甘い言葉（7日）,カスタマイのズドレスアップ,@Null@
34072,氷漬けの夏（7日）,カスタマイのズドレスアップ,@Null@
34073,夏の着物（7日）,カスタマイのズドレスアップ,@Null@
34074,花傘（7日）,カスタマイのズドレスアップ,@Null@
34075,夏の下駄（7日）,カスタマイのズドレスアップ,@Null@
34076,ひと夏の目覚め（7日）,カスタマイのズドレスアップ,@Null@
34077,沙織（7日）,カスタマイのズドレスアップ,@Null@
34078,ブブル（7日）,カスタマイのズドレスアップ,@Null@
34079,クリームブドウ（7日）,カスタマイのズドレスアップ,@Null@
34080,グレープチーズ（7日）,カスタマイのズドレスアップ,@Null@
34081,ふわふわぶどうスカート（7日）,カスタマイのズドレスアップ,@Null@
34082,フレッシュフルーツバイレピアノ（7日）,カスタマイのズドレスアップ,@Null@
34083,ゴールデンマンゴーアイス（7日）,カスタマイのズドレスアップ,@Null@
34084,グリーンフレーバー（7日）,カスタマイのズドレスアップ,@Null@
34085,オレンジアイス（7日）,カスタマイのズドレスアップ,@Null@
34086,ハニーレモンシャツ（7日）,カスタマイのズドレスアップ,@Null@
34087,冷たい顔（7日）,カスタマイのズドレスアップ,@Null@
34088,クリームペストリー（7日）,カスタマイのズドレスアップ,@Null@
34089,パーティーサプライズ（7日）,カスタマイのズドレスアップ,@Null@
34090,パーティーピエロ（7日）,カスタマイのズドレスアップ,@Null@
34091,バルーンブレスレット（7日）,カスタマイのズドレスアップ,@Null@
34092,熊じゃんのスリッパ（7日）,カスタマイのズドレスアップ,@Null@
34093,夢見る流星（7日）,カスタマイのズドレスアップ,@Null@
34094,スターデューストーリー（7日）,カスタマイのズドレスアップ,@Null@
34095,曇の夢（7日）,カスタマイのズドレスアップ,@Null@
34096,パープルアイランド（7日）,カスタマイのズドレスアップ,@Null@
34097,オレンジフルーツ帽子（7日）,カスタマイのズドレスアップ,@Null@
34098,トワイライトユニフォーム（7日）,カスタマイのズドレスアップ,@Null@
34099,カジュアルマーティン（7日）,カスタマイのズドレスアップ,@Null@
34100,レッドルビーアイズ（7日）,カスタマイのズドレスアップ,@Null@
34101,急々如律令（7日）,カスタマイのズドレスアップ,@Null@
34102,花の羽 （7日）,カスタマイのズドレスアップ,@Null@
34103,ゴールデン編み上げブーツ（7日）,カスタマイのズドレスアップ,@Null@
34104,ゴールデンドラゴンガウン（7日）,カスタマイのズドレスアップ,@Null@
34105,太極（7日）,カスタマイのズドレスアップ,@Null@
34106,紫の瞳（7日）,カスタマイのズドレスアップ,@Null@
34107,百無禁忌（7日）,カスタマイのズドレスアップ,@Null@
34108,魔除けボード（7日）,カスタマイのズドレスアップ,@Null@
34109,チュール笠（7日）,カスタマイのズドレスアップ,@Null@
34110,千里の道（7日）,カスタマイのズドレスアップ,@Null@
34111,寄り添う紅蓮（7日）,カスタマイのズドレスアップ,@Null@
34112,フラワーブルーム（7日）,カスタマイのズドレスアップ,@Null@
34113,花の下駄（7日）,カスタマイのズドレスアップ,@Null@
34114,ひらひら舞うドレス（7日）,カスタマイのズドレスアップ,@Null@
34115,彼岸の蝶（7日）,カスタマイのズドレスアップ,@Null@
34116,紅蓮（7日）,カスタマイのズドレスアップ,@Null@
34117,ゴールデンランタン（7日）,カスタマイのズドレスアップ,@Null@
34118,悪魔のブレスレット（7日）,カスタマイのズドレスアップ,@Null@
34119,春のご馳走（7日）,カスタマイのズドレスアップ,@Null@
34120,包帯ミイラ（7日）,カスタマイのズドレスアップ,@Null@
34121,お月見ウサギ（7日）,カスタマイのズドレスアップ,@Null@
34122,ブラックババティアラ （7日）,カスタマイのズドレスアップ,@Null@
34123,フェニックスアイズ（7日）,カスタマイのズドレスアップ,@Null@
34124,ブラックババトップス（7日）,カスタマイのズドレスアップ,@Null@
34125,ブラックババ靴（7日）,カスタマイのズドレスアップ,@Null@
34126,ブラックババ手飾り（7日）,カスタマイのズドレスアップ,@Null@
34127,ブラックババ背飾り（7日）,カスタマイのズドレスアップ,@Null@
34128,ブラックウーウーティアラ （7日）,カスタマイのズドレスアップ,@Null@
34129,オッドアイの呪い（7日）,カスタマイのズドレスアップ,@Null@
34130,ブラックウーウートップス（7日）,カスタマイのズドレスアップ,@Null@
34131,ブラックウーウー靴（7日）,カスタマイのズドレスアップ,@Null@
34132,ブラックウーウー手飾り（7日）,カスタマイのズドレスアップ,@Null@
34133,ブラックウーウー背飾り（7日）,カスタマイのズドレスアップ,@Null@
34134,ブラックマーマーティアラ （7日）,カスタマイのズドレスアップ,@Null@
34135,彩雲ナイン（7日）,カスタマイのズドレスアップ,@Null@
34136,ブラックマーマートップス（7日）,カスタマイのズドレスアップ,@Null@
34137,ブラックマーマー靴（7日）,カスタマイのズドレスアップ,@Null@
34138,ブラックマーマー背飾り（7日）,カスタマイのズドレスアップ,@Null@
34139,邪悪なマスク（7日）,カスタマイのズドレスアップ,@Null@
34140,ミンク襟巻き（7日）,カスタマイのズドレスアップ,@Null@
34141,ブロークンホーンデーモン（7日）,カスタマイのズドレスアップ,@Null@
34142,和風スリッパ（7日）,カスタマイのズドレスアップ,@Null@
34143,かわいい熊バッグ（7日）,カスタマイのズドレスアップ,@Null@
34144,萌え系丸いフレーム（7日）,カスタマイのズドレスアップ,@Null@
34145,花のロングボウ（7日）,カスタマイのズドレスアップ,@Null@
34146,スターライト・グリッター（7日）,カスタマイのズドレスアップ,@Null@
34147,花の精霊（7日）,カスタマイのズドレスアップ,@Null@
34148,緑の朝露（7日）,カスタマイのズドレスアップ,@Null@
34149,アストラルブルーム（7日）,カスタマイのズドレスアップ,@Null@
34150,フラワーエンブロイダリーワンピース（7日）,カスタマイのズドレスアップ,@Null@
34151,ウサギのセーラー服（7日）,カスタマイのズドレスアップ,@Null@
34152,プレーンショーツ （7日）,カスタマイのズドレスアップ,@Null@
34153,オレンジハートブレード（7日）,カスタマイのズドレスアップ,@Null@
34154,グリーンチャームアーマー（7日）,カスタマイのズドレスアップ,@Null@
34155,機械ヘルメット （7日）,カスタマイのズドレスアップ,@Null@
34156,アーマーブーツ（7日）,カスタマイのズドレスアップ,@Null@
34157,ダークオレンジアーマー (7日),カスタマイのズドレスアップ,@Null@
34158,グリーンアイリス（7日）,カスタマイのズドレスアップ,@Null@
34159,マジックワンド（7日）,カスタマイのズドレスアップ,@Null@
34160,コバルトスター（7日）,カスタマイのズドレスアップ,@Null@
34161,スターフィッシュブーツ (7日),カスタマイのズドレスアップ,@Null@
34162,マジックスターリー (7日),カスタマイのズドレスアップ,@Null@
34163,シャイニークリスタル (7日),カスタマイのズドレスアップ,@Null@
34164,クールサマー (7日),カスタマイのズドレスアップ,@Null@
34165,サマーショーツ (7日),カスタマイのズドレスアップ,@Null@
34166,バンブーワイン (7日),カスタマイのズドレスアップ,@Null@
34167,スプラウトソウル (7日),カスタマイのズドレスアップ,@Null@
34168,ブルールミナンスライト (7日),カスタマイのズドレスアップ,@Null@
34169,アースクエイク (7日),カスタマイのズドレスアップ,@Null@
34170,ファンタジーキャンドルライト (7日),カスタマイのズドレスアップ,@Null@
34171,スプラウトライト (7日),カスタマイのズドレスアップ,@Null@
34172,シルバームーンライト (7日),カスタマイのズドレスアップ,@Null@
34173,サプライズスター (7日),カスタマイのズドレスアップ,@Null@
34174,スタークラウン (7日),カスタマイのズドレスアップ,@Null@
34175,ダスクブーツ（7日）,カスタマイのズドレスアップ,@Null@
34176,スターベルトマント（7日,カスタマイのズドレスアップ,@Null@
34177,星を掴め（7日）,カスタマイのズドレスアップ,@Null@
34178,ルーミングスター（7日）,カスタマイのズドレスアップ,@Null@
34179,小さなさわやかな笑顔（7日）,カスタマイのズドレスアップ,@Null@
34180,さわやかサンダル（7日）,カスタマイのズドレスアップ,@Null@
34181,翡翠の蓮の葉（7日）,カスタマイのズドレスアップ,@Null@
34182,月の上のウサギ (7日),カスタマイのズドレスアップ,@Null@
34183,ハートフルムーン (7日),カスタマイのズドレスアップ,@Null@
34184,星の十字架（7日）,カスタマイのズドレスアップ,@Null@
34185,ホワイトムーンライト (7日),カスタマイのズドレスアップ,@Null@
34186,星のうさぎ (7日),カスタマイのズドレスアップ,@Null@
34187,ムーンフェアリー (7日),カスタマイのズドレスアップ,@Null@
34188,うさぎのタキシード (7日),カスタマイのズドレスアップ,@Null@
34189,リトルジェントルマン (7日),カスタマイのズドレスアップ,@Null@
34190,バニーイヤートップハット (7日),カスタマイのズドレスアップ,@Null@
34191,バニーコットンバッド (7日),カスタマイのズドレスアップ,@Null@
34192,キュートバニーシューズ (7日),カスタマイのズドレスアップ,@Null@
34193,アイシー・スウィート (7日),カスタマイのズドレスアップ,@Null@
34194,もう一度（7日）,カスタマイのズドレスアップ,@Null@
34195,スカートのひらき（7日）,カスタマイのズドレスアップ,@Null@
34196,スイートハートブーツ (7日),カスタマイのズドレスアップ,@Null@
34197,甘い夏（7日）,カスタマイのズドレスアップ,@Null@
34198,オレンジソーダ（7日）,カスタマイのズドレスアップ,@Null@
34199,ファンタジー観覧車（7日）,カスタマイのズドレスアップ,@Null@
34200,かわいいミルクネコ（7日）,カスタマイのズドレスアップ,@Null@
34201,旅のバルーン (7日),カスタマイのズドレスアップ,@Null@
34202,ゴールドパターンの靴（7日）,カスタマイのズドレスアップ,@Null@
34203,フェニックスのファン（7日）,カスタマイのズドレスアップ,@Null@
34204,フェニックスベール (7日),カスタマイのズドレスアップ,@Null@
34205,フェニックスの花びら (7日),カスタマイのズドレスアップ,@Null@
34206,りゅうみゃく (7日),カスタマイのズドレスアップ,@Null@
34207,膨らみのあるチャイナドレス (7日),カスタマイのズドレスアップ,@Null@
34208,窓辺の影 (7日),カスタマイのズドレスアップ,@Null@
34209,美しい食事 (7日),カスタマイのズドレスアップ,@Null@
34210,華麗なファン (7日),カスタマイのズドレスアップ,@Null@
34211,優しい髪 (7日),カスタマイのズドレスアップ,@Null@
34212,金色のフェニックスの靴 (7日),カスタマイのズドレスアップ,@Null@
34213,旅人のブーツ（7日）,カスタマイのズドレスアップ,@Null@
34214,スクロールバックパック（7日）,カスタマイのズドレスアップ,@Null@
34215,満天の星（7日）,カスタマイのズドレスアップ,@Null@
34216,万能ブリティッシュパンツ（7日）,カスタマイのズドレスアップ,@Null@
34217,旅人のガウン（7日）,カスタマイのズドレスアップ,@Null@
34218,パスファインダーキャップ（7日）,カスタマイのズドレスアップ,@Null@
34219,蓮のさざなみスカート（7日）,カスタマイのズドレスアップ,@Null@
34220,蓮の池の景色（7日）,カスタマイのズドレスアップ,@Null@
34221,緑の瞳（7日）,カスタマイのズドレスアップ,@Null@
34222,蓮のウサギ耳髪型(7日),カスタマイのズドレスアップ,@Null@
34223,青い刺繍の靴 (7日),カスタマイのズドレスアップ,@Null@
34224,フィネスの羽根 (7日),カスタマイのズドレスアップ,@Null@
34225,機能的なコート (7日),カスタマイのズドレスアップ,@Null@
34226,カジュアルスポーツパンツ (7日),カスタマイのズドレスアップ,@Null@
34227,くまハグパンツ (7日),カスタマイのズドレスアップ,@Null@
34228,ニットフリース (7日),カスタマイのズドレスアップ,@Null@
34229,シェイクカップ (7日),カスタマイのズドレスアップ,@Null@
34230,リトルフィン (7日),カスタマイのズドレスアップ,@Null@
34231,ポケットレインコート (7日),カスタマイのズドレスアップ,@Null@
34232,ハートの帽子 (7日),カスタマイのズドレスアップ,@Null@
34233,白猫 (7日),カスタマイのズドレスアップ,@Null@
34234,カラースタックスカート (7日),カスタマイのズドレスアップ,@Null@
34235,かわいいフルーツボックス (7日),カスタマイのズドレスアップ,@Null@
34236,フリースパンツ (7日),カスタマイのズドレスアップ,@Null@
34237,フルーツジャムハート (7日),カスタマイのズドレスアップ,@Null@
34238,ハリネズミのフルーツ (7日),カスタマイのズドレスアップ,@Null@
34239,キュートなツメ靴（7日）,カスタマイのズドレスアップ,@Null@
34240,ハリネズミのプルオーバー（7日）,カスタマイのズドレスアップ,@Null@
34241,アイスアーマーヘルメット（7日）,カスタマイのズドレスアップ,@Null@
34242,ブルーアイスパンツ (7日),カスタマイのズドレスアップ,@Null@
34243,ドミネーター (7日),カスタマイのズドレスアップ,@Null@
34244,ロイヤルソード (7日),カスタマイのズドレスアップ,@Null@
34245,トンボの翼 (7日),カスタマイズのドレスアップ,@Null@
34246,優しい風の目 (7日),カスタマイズのドレスアップ,@Null@
34247,魔法の妖精（7日）,カスタマイズのドレスアップ,@Null@
34248,スピリチュアルバタフライ (7日),カスタマイズのドレスアップ,@Null@
34249,スタートンボブーツ（7日,カスタマイズのドレスアップ,@Null@
34250,ミスティグリーンシャツ (7日),カスタマイズのドレスアップ,@Null@
34251,ファットフルムーン (7日）,カスタマイズのドレスアップ,@Null@
34252,ジェントルビューティ（7日）,カスタマイズのドレスアップ,@Null@
34253,バタフライ・ジェイド (7日),カスタマイズのドレスアップ,@Null@
34254,ミスティ・ティアーズ (7日),カスタマイズのドレスアップ,@Null@
34255,サファイア・パール・スモーク（7日）,カスタマイズのドレスアップ,@Null@
34256,アーリースノー (7日),カスタマイズのドレスアップ,@Null@
34257,フロスティ・ビューティー (7日),カスタマイズのドレスアップ,@Null@
34258,フロスティ・スノー (7日),カスタマイズのドレスアップ,@Null@
34259,フロストクリスタルレルム（7日）,カスタマイズのドレスアップ,@Null@
34260,スノーウィー・コンデンス（7日）,カスタマイズのドレスアップ,@Null@
34261,氷の上を歩く (7日),カスタマイズのドレスアップ,@Null@
34262,フロストバトルギア (7日),カスタマイズのドレスアップ,@Null@
34263,キャンディパンプキンの服（7日）,カスタマイズのドレスアップ,@Null@
34264,暖かいカボチャの帽子（7日）,カスタマイズのドレスアップ,@Null@
34265,溶けるハチミツ (7日),カスタマイズのドレスアップ,@Null@
34266,ハロウィンの蜘蛛の巣 (7日),カスタマイズのドレスアップ,@Null@
34267,レッドメイプルレザーブーツ (7日),カスタマイズのドレスアップ,@Null@
34268,レッドクラウド目 (7日),カスタマイズのドレスアップ,@Null@
34269,秋のメープルのマント (7日),カスタマイズのドレスアップ,@Null@
34270,秋晴れのもみじ (7日),カスタマイズのドレスアップ,@Null@
34271,楓の葉 (7日),カスタマイズのドレスアップ,@Null@
34272,魔女がやってくる (7日),カスタマイズのドレスアップ,@Null@
34273,カボチャのファニーフェイス (7日),カスタマイズのドレスアップ,@Null@
34274,パンプキンチュチュ (7日),カスタマイズのドレスアップ,@Null@
34275,リボンブーツ (7日),カスタマイズのドレスアップ,@Null@
34276,魔法使いの少年の帽子 (7日),カスタマイズのドレスアップ,@Null@
34277,グレープパープルヘア (7日),カスタマイズのドレスアップ,@Null@
34278,ボウノットパジャマパンツ (7日),カスタマイズのドレスアップ,@Null@
34279,ボウノットパジャマ (7日),カスタマイズのドレスアップ,@Null@
34280,キュートなポラロイド (7日),カスタマイズのドレスアップ,@Null@
34281,花柄のゲームマシン (7日),カスタマイズのドレスアップ,@Null@
34282,オレンジハートマジック（7日）,カスタマイズのドレスアップ,@Null@
34283,キャンディージュエリー (7日),カスタマイズのドレスアップ,@Null@
34284,白髪の魔女（7日）,カスタマイズのドレスアップ,@Null@
34285,キャンディマーティンブーツ (7日),カスタマイズのドレスアップ,@Null@
34286,ハートショートスカート（7日）,カスタマイズのドレスアップ,@Null@
34287,魔術杖のマント（7日）,カスタマイズのドレスアップ,@Null@
34288,驚いた萌え態度（7日）,カスタマイズのドレスアップ,@Null@
34289,かぼちゃの帽子（7日）,カスタマイズのドレスアップ,@Null@
34290,しわくちゃな靴 (7日),カスタマイズのドレスアップ,@Null@
34291,籐の少年 (7日),カスタマイズのドレスアップ,@Null@
34292,秋のもみじ (7日),カスタマイズのドレスアップ,@Null@
34293,落桜の目 (7日),カスタマイズのドレスアップ,@Null@
34294,粉桜ダンス靴 (7日),カスタマイズのドレスアップ,@Null@
34295,月白兎耳 (7日),カスタマイズのドレスアップ,@Null@
34296,粉桜兎 (7日),カスタマイズのドレスアップ,@Null@
34297,落桜の国 (7日),カスタマイズのドレスアップ,@Null@
34298,永遠の星河 (7日),カスタマイズのドレスアップ,@Null@
34299,星を踏み行く (7日),カスタマイズのドレスアップ,@Null@
34300,星神神冠 (7日),カスタマイズのドレスアップ,@Null@
34301,白い星光 (7日),カスタマイズのドレスアップ,@Null@
34302,星光が巡る (7日),カスタマイズのドレスアップ,@Null@
34303,星のように輝く (7日),カスタマイズのドレスアップ,@Null@
34304,星河マジックブーツ (7日),カスタマイズのドレスアップ,@Null@
34305,星光神輪 (7日),カスタマイズのドレスアップ,@Null@
34306,プリーツパフスカート (7日),カスタマイズのドレスアップ,@Null@
34307,銀河の星 (7日),カスタマイズのドレスアップ,@Null@
34308,温かい笑顔 (7日),カスタマイズのドレスアップ,@Null@
34309,ファーリーブーツ (7日),カスタマイズのドレスアップ,@Null@
34310,羊毛シルクハット (7日),カスタマイズのドレスアップ,@Null@
34311,空青半ズボン (7日),カスタマイズのドレスアップ,@Null@
34312,十字星輝服 (7日),カスタマイズのドレスアップ,@Null@
34313,メメメメ (7日),カスタマイズのドレスアップ,@Null@
34314,暖かいブーツ (7日),カスタマイズのドレスアップ,@Null@
34315,メメ羊の帽 (7日),カスタマイズのドレスアップ,@Null@
34316,無限の愛 (7日),カスタマイズのドレスアップ,@Null@
34317,カシミアの上着 (7日),カスタマイズのドレスアップ,@Null@
34318,プリーツスカート (7日),カスタマイズのドレスアップ,@Null@
34319,星と月 (7日),カスタマイズのドレスアップ,@Null@
34320,青と緑の冬 (7日),カスタマイズのドレスアップ,@Null@
34321,暖かい冬 (7日),カスタマイズのドレスアップ,@Null@
34322,冬ポンポンスカート (7日),カスタマイズのドレスアップ,@Null@
34323,熊爪雪靴 (7日),カスタマイズのドレスアップ,@Null@
34324,雪兎の三つ編み (7日),カスタマイズのドレスアップ,@Null@
34325,キラーの目（7日）,カスタマイズのドレスアップ,@Null@
34326,星で飾られて夜行（7日）,カスタマイズのドレスアップ,@Null@
34327,月夜の行者（7日）,カスタマイズのドレスアップ,@Null@
34328,蒼き狼の白髪（7日）,カスタマイズのドレスアップ,@Null@
34329,疾行の靴（7日）,カスタマイズのドレスアップ,@Null@
34330,花の蝶の舞（7日）,カスタマイズのドレスアップ,@Null@
34331,夜のドレス（7日）,カスタマイズのドレスアップ,@Null@
34332,幻夜の主（7日）,カスタマイズのドレスアップ,@Null@
34333,幻夜の目（7日）,カスタマイズのドレスアップ,@Null@
34334,蝶ひらひら舞う（7日）,カスタマイズのドレスアップ,@Null@
34335,グリッターキャンドルライト（7日）,カスタマイズのドレスアップ,@Null@
34336,キャンドルライトアイズ（7日）,カスタマイズのドレスアップ,@Null@
34337,スターキュロットスカート（7日）,カスタマイズのドレスアップ,@Null@
34338,リベレーションズ（7日）,カスタマイズのドレスアップ,@Null@
34339,神様の言葉（7日）,カスタマイズのドレスアップ,@Null@
34340,落暉の短髪（7日）,カスタマイズのドレスアップ,@Null@
34341,聖潔の白い靴（7日）,カスタマイズのドレスアップ,@Null@
34342,星の海（7日）,カスタマイズのドレスアップ,@Null@
34343,永遠の花語（7日）,カスタマイズのドレスアップ,@Null@
34344,聖女のドレス（7日）,カスタマイズのドレスアップ,@Null@
34345,夜明けの星の輝き（7日）,カスタマイズのドレスアップ,@Null@
34346,闇夜の紫（7日）,カスタマイズのドレスアップ,@Null@
34347,未来を予示（7日）,カスタマイズのドレスアップ,@Null@
34348,運命の主（7日）,カスタマイズのドレスアップ,@Null@
34349,一目惚れ（7日）,カスタマイズのドレスアップ,@Null@
34350,星夜の靴（7日）,カスタマイズのドレスアップ,@Null@
34351,謎の白（7日）,カスタマイズのドレスアップ,@Null@
34352,リズミカルな波（7日）,カスタマイズのドレスアップ,@Null@
34353,にゃんこまばたき(7日),カスタマイズのドレスアップ,@Null@
34354,深刻な目(7日),カスタマイズのドレスアップ,@Null@
34355,ピンクガール(7日),カスタマイズのドレスアップ,@Null@
34356,レースのリストバンド(7日),カスタマイズのドレスアップ,@Null@
34357,猫耳萌え髪(7日),カスタマイズのドレスアップ,@Null@
34358,金珠碧簾(7日),カスタマイズのドレスアップ,@Null@
34359,ファッションスケートボード(7日),カスタマイズのドレスアップ,@Null@
34360,オレンジ紫レジャー(7日),カスタマイズのドレスアップ,@Null@
34361,ファッションジャケット(7日),カスタマイズのドレスアップ,@Null@
34362,牛皮マルティブーツ(7日),カスタマイズのドレスアップ,@Null@
34363,心温まる猫耳(7日),カスタマイズのドレスアップ,@Null@
34364,姫虹(7日),カスタマイズのドレスアップ,@Null@
34365,毛玉スノーブーツ(7日),カスタマイズのドレスアップ,@Null@
34366,マントドレス(7日),カスタマイズのドレスアップ,@Null@
34367,宇宙くま(7日),カスタマイズのドレスアップ,@Null@
34368,カラーハロン(7日),カスタマイズのドレスアップ,@Null@
34369,スイートハートツインテール(7日),カスタマイズのドレスアップ,@Null@
34370,スノーブーツ(7日),カスタマイズのドレスアップ,@Null@
34371,くま帽子(7日),カスタマイズのドレスアップ,@Null@
34372,カラーヘッドホン(7日),カスタマイズのドレスアップ,@Null@
34373,藤の花びら(7日),カスタマイズのドレスアップ,@Null@
34374,2022年寅年ステッカー(7日),カスタマイズのドレスアップ,@Null@
34375,2022年寅年足跡(7日),カスタマイズのドレスアップ,@Null@
34376,王族の冠(7日),カスタマイズのドレスアップ,@Null@
34377,シェイ(7日),カスタマイズのドレスアップ,@Null@
34378,花弁帽の長髪(7日),カスタマイズのドレスアップ,@Null@
34379,碧色弦月(7日),カスタマイズのドレスアップ,@Null@
34380,明るい笑顔(7日),カスタマイズのドレスアップ,@Null@
34381,帝のクラウンヘア(7日),カスタマイズのドレスアップ,@Null@
34382,タイガーベルベットドレス(7日),カスタマイズのドレスアップ,@Null@
34383,ハッピーライト(7日),カスタマイズのドレスアップ,@Null@
34384,ワイドスリーブブラウス(7日),カスタマイズのドレスアップ,@Null@
34385,ローズスカート(7日),カスタマイズのドレスアップ,@Null@
34386,ハッピードレス(7日),カスタマイズのドレスアップ,@Null@
34387,古風な服(7日),カスタマイズのドレスアップ,@Null@
34388,明るい黄色のリボン(7日),カスタマイズのドレスアップ,@Null@
34389,鹿耳啓発(7日),カスタマイズのドレスアップ,@Null@
34390,シルバーシールド王将(7日),カスタマイズのドレスアップ,@Null@
34391,クリスマスデザート(7日),カスタマイズのドレスアップ,@Null@
34392,クリスマス温もり(7日),カスタマイズのドレスアップ,@Null@
34393,クリスマススノーブーツ(7日),カスタマイズのドレスアップ,@Null@
34394,クリスマスドレス(7日),カスタマイズのドレスアップ,@Null@
34395,クリスマス小鹿の耳(7日),カスタマイズのドレスアップ,@Null@
34396,クリスマスエルク(7日),カスタマイズのドレスアップ,@Null@
34397,クリスマス学生服(7日),カスタマイズのドレスアップ,@Null@
34398,クリスマスズボン(7日),カスタマイズのドレスアップ,@Null@
34399,クリスマスの靴(7日),カスタマイズのドレスアップ,@Null@
34400,華服の靴(7日),カスタマイズのドレスアップ,@Null@
34401,かわいい虎の足跡(7日),カスタマイズのドレスアップ,@Null@
34402,ブレスドタイガー(7日),カスタマイズのドレスアップ,@Null@
34403,溢れた福(7日),カスタマイズのドレスアップ,@Null@
34404,虎頭の靴(7日),カスタマイズのドレスアップ,@Null@
34405,萌え虎リュック(7日),カスタマイズのドレスアップ,@Null@
34406,祝い爆竹(7日),カスタマイズのドレスアップ,@Null@
34407,ペーパーカットタイガーシール(7日),カスタマイズのドレスアップ,@Null@
34408,虎の耳の髪飾り(7日),カスタマイズのドレスアップ,@Null@
34409,タイガーテール(7日),カスタマイズのドレスアップ,@Null@
34410,福の扇(7日),カスタマイズのドレスアップ,@Null@
34411,雪の装飾(7日),カスタマイズのドレスアップ,@Null@
34412,ベルダブルポニーテール(7日),カスタマイズのドレスアップ,@Null@
34413,祝い春節ドレス(7日),カスタマイズのドレスアップ,@Null@
34414,ハッピーローブ(7日),カスタマイズのドレスアップ,@Null@
34415,パピージャケット(7日),カスタマイズのドレスアップ,@Null@
34416,新春中国風(7日),カスタマイズのドレスアップ,@Null@
34417,カラーストライプのラッパズボン(7日),カスタマイズのドレスアップ,@Null@
34418,エルフキングヘア(7日),カスタマイズのドレスアップ,@Null@
34419,春の花の髪(7日),カスタマイズのドレスアップ,@Null@
34420,ジュエルポイントブーツ(7日),カスタマイズのドレスアップ,@Null@
34421,花束を持つ(7日),カスタマイズのドレスアップ,@Null@
34422,木の枝の月ペンダント(7日),カスタマイズのドレスアップ,@Null@
34423,ハッピーボールヘッド(7日),カスタマイズのドレスアップ,@Null@
34424,明るい花火(7日),カスタマイズのドレスアップ,@Null@
34425,ウエディングドレスでのヘアクラウン(7日),カスタマイズのドレスアップ,@Null@
34426,新春レッドヘッドブーツ(7日),カスタマイズのドレスアップ,@Null@
34427,フラワーポッドドレス(7日),カスタマイズのドレスアップ,@Null@
34428,新春ドレス(7日),カスタマイズのドレスアップ,@Null@
34429,祝い福袋(7日),カスタマイズのドレスアップ,@Null@
34430,ドリアン少年のヘルメット(7日),カスタマイズのドレスアップ,@Null@
34431,ドリアン少年の表情(7日),カスタマイズのドレスアップ,@Null@
34432,ドリアン少年の靴(7日),カスタマイズのドレスアップ,@Null@
34433,ドリアン少年の服(7日),カスタマイズのドレスアップ,@Null@
34434,パイナップルヘッド（7日）,カスタマイズのドレスアップ,@Null@
34435,プノンペントップ（7日）,カスタマイズのドレスアップ,@Null@
34436,ズボン（7日）,カスタマイズのドレスアップ,@Null@
34437,巨大マスク（7日）,カスタマイズのドレスアップ,@Null@
34438,さわやかなレモン（7日）,カスタマイズのドレスアップ,
34439,成又又(7日),カスタマイズのドレスアップ,@Null@
34440,小さな積む帽子(7日),カスタマイズのドレスアップ,@Null@
34441,チェインジャケット（7日）,カスタマイズのドレスアップ,@Null@
34442,多彩スニーカー(7日),カスタマイズのドレスアップ,@Null@
34443,歯をむき出して笑う(7日),カスタマイズのドレスアップ,@Null@
34444,ピンク色ふわふわうさぎ（7日）,カスタマイズのドレスアップ,@Null@
34445,花びらレース靴(7日),カスタマイズのドレスアップ,@Null@
34446,白いチェーンパンツ(7日),カスタマイズのドレスアップ,@Null@
34447,ヒップホップ帽子(7日),カスタマイズのドレスアップ,@Null@
34448,花びらのポンポンスカート(7日),カスタマイズのドレスアップ,@Null@
34449,花目紗(7日),カスタマイズのドレスアップ,@Null@
34450,萌え萌えの甘える(7日),カスタマイズのドレスアップ,@Null@
34451,オレンジ民族風(7日),カスタマイズのドレスアップ,@Null@
34452,春のシフォンワンピース（7日）,カスタマイズのドレスアップ,@Null@
34453,ダブルフラワーヘア（7日）,カスタマイズのドレスアップ,@Null@
34454,ハーフフレーム眼鏡（7日）,カスタマイズのドレスアップ,@Null@
34455,バブルガム（7日）,カスタマイズのドレスアップ,@Null@
34456,ヤッピーショートヘア（7日）,カスタマイズのドレスアップ,@Null@
34457,セーラー服スカート（7日）,カスタマイズのドレスアップ,@Null@
34458,星間宇宙飛行士（7日）,カスタマイズのドレスアップ,@Null@
34459,ピンクかわいい宇宙飛行士（7日）,カスタマイズのドレスアップ,@Null@
34460,かわいい小さな帽子（7日）,カスタマイズのドレスアップ,@Null@
34461,セーラー服のシャツ（7日）,カスタマイズのドレスアップ,@Null@
34462,青い目と笑顔の目（7日）,カスタマイズのドレスアップ,@Null@
34463,緑のブロードジャケット（7日）,カスタマイズのドレスアップ,@Null@
34464,ベアカール（7日）,カスタマイズのドレスアップ,@Null@
34465,白と緑の礼服（7日）,カスタマイズのドレスアップ,@Null@
34466,カラフルな蝶（7日）,カスタマイズのドレスアップ,@Null@
34467,カエオショーツ（7日）,カスタマイズのドレスアップ,@Null@
34468,黒光りする革靴（7日）,カスタマイズのドレスアップ,@Null@
34469,緑の藤蔓のブレスレット（7日）,カスタマイズのドレスアップ,@Null@
34470,かわいいウサギの運動靴（7日）,カスタマイズのドレスアップ,@Null@
34471,水仙（7日）,カスタマイズのドレスアップ,@Null@
34472,ソフトアイズ（7日）,カスタマイズのドレスアップ,@Null@
34473,マーメイドウィング（7日）,カスタマイズのドレスアップ,@Null@
34474,ハンサムボートハット（7日）,カスタマイズのドレスアップ,@Null@
34475,エレガントベール（7日）,カスタマイズのドレスアップ,@Null@
34476,飾り灯籠（7日）,カスタマイズのドレスアップ,@Null@
34477,ディープブルーテクノロジー（7日）,カスタマイズのドレスアップ,@Null@
34478,スタッズシャツ（7日）,カスタマイズのドレスアップ,@Null@
34479,フローラルカラージャケット（7日）,カスタマイズのドレスアップ,@Null@
34480,レースリボン（7日）,カスタマイズのドレスアップ,@Null@
34481,機械の甲靴（7日）,カスタマイズのドレスアップ,@Null@
34482,オオカミの耳の長い髪（7日）,カスタマイズのドレスアップ,@Null@
34483,パフスリーブシルク（7日）,カスタマイズのドレスアップ,@Null@
34484,スミレのバスケット（7日）,カスタマイズのドレスアップ,@Null@
34485,デザートダンスワイドレッグパンツ（7日）,カスタマイズのドレスアップ,@Null@
34486,淡いピンクオレンジの花びら（7日）,カスタマイズのドレスアップ,@Null@
34487,ヴィンテージベベルパールハット（7日）,カスタマイズのドレスアップ,@Null@
34488,ハイウエストレースワンピース（7日）,カスタマイズのドレスアップ,@Null@
34489,ロータスペンダント（7日）,カスタマイズのドレスアップ,@Null@
34490,皎潔輝く（7日）,カスタマイズのドレスアップ,@Null@
34491,星の川（7日）,カスタマイズのドレスアップ,@Null@
34492,緑の瞳深紅色の顔（7日）,カスタマイズのドレスアップ,@Null@
34493,緋蓮の葉（7日）,カスタマイズのドレスアップ,@Null@
34494,テンダーピーチ（7日）,カスタマイズのドレスアップ,@Null@
34495,スポーツ頭巾（7日）,カスタマイズのドレスアップ,
34496,ジャケットスポーツウェア（7日）,カスタマイズのドレスアップ,
34497,溢れる青春（7日）,カスタマイズのドレスアップ,
34498,探偵帽短髪（7日）,カスタマイズのドレスアップ,
34499,ファッションスポーツショーツ（7日）,カスタマイズのドレスアップ,
34500,スイングテールスカート（7日）,カスタマイズのドレスアップ,
34501,シェルトゥハイヒール（7日）,カスタマイズのドレスアップ,
34502,ホッケーヘルメット（7日）,カスタマイズのドレスアップ,
34503,ボウティアラ（7日）,カスタマイズのドレスアップ,
34504,花冠姫カール（7日）,カスタマイズのドレスアップ,
34505,ゴールドフロンタルインレイ（7日）,カスタマイズのドレスアップ,
34506,レースドレス（7日）,カスタマイズのドレスアップ,
34507,梨の弓と矢（7日）,カスタマイズのドレスアップ,
34508,オールインワンサロペット（7日）,カスタマイズのドレスアップ,
34509,オフショルダーの花びらの袖（7日）,カスタマイズのドレスアップ,
34510,女子スポーツトレンチコート（7日）,カスタマイズのドレスアップ,
34511,酔った瞳（7日）,カスタマイズのドレスアップ,
34512,あじさいセプター（7日）,カスタマイズのドレスアップ,
34513,シルバーブレスレット（7日）,カスタマイズのドレスアップ,
34514,メープル傘（7日）,カスタマイズのドレスアップ,
34515,海塩キャンディ青い髪（7日）,カスタマイズのドレスアップ,
34516,海塩クリームシャツ（7日）,カスタマイズのドレスアップ,
34517,ロリポップジーンズ（7日）,カスタマイズのドレスアップ,
34518,クリーム雲靴（7日）,カスタマイズのドレスアップ,
34519,おいしいマカロン（7日）,カスタマイズのドレスアップ,
34520,パイナップルパン（7日）,カスタマイズのドレスアップ,
34521,ホワイトチョコレートドレス（7日）,カスタマイズのドレスアップ,
34522,ココナッツブーツ（7日）,カスタマイズのドレスアップ,
34523,弓ターバン（7日）,カスタマイズのドレスアップ,
34524,アリードレス（7日）,カスタマイズのドレスアップ,
34525,アリーブーツ（7日）,カスタマイズのドレスアップ,
34526,優しいユリ（7日）,カスタマイズのドレスアップ,
34527,スイート抹茶ラテ（7日）,カスタマイズのドレスアップ,
34528,聖夜エルフのヘッドギア（7日）,カスタマイズのドレスアップ,
34529,聖夜エルフのドレス（7日）,カスタマイズのドレスアップ,
34530,ニヤニヤ顔（7日）,カスタマイズのドレスアップ,
34531,ウエスタンデニムスカート（7日）,カスタマイズのドレスアップ,
34532,グリーンの瞳（7日）,カスタマイズのドレスアップ,
34533,ハーフフェイスアーマー（7日）,カスタマイズのドレスアップ,
34534,ストリートローラースケート（7日）,カスタマイズのドレスアップ,
34535,七三分けオールバック（7日）,カスタマイズのドレスアップ,
34536,日本フェンシング（7日）,カスタマイズのドレスアップ,
34537,ウェーブドレス（7日）,カスタマイズのドレスアップ,
34538,ウィングハイヒール（7日）,カスタマイズのドレスアップ,
34539,カラフルな翼（7日）,カスタマイズのドレスアップ,
34540,黒鉄王のマスク（7日）,カスタマイズのドレスアップ,
34541,女王の王冠（7日）,カスタマイズのドレスアップ,
34542,夏の言葉（7日）,カスタマイズのドレスアップ,
34543,黒翼の盾（7日）,カスタマイズのドレスアップ,
34544,黒ガーゼクラシック（7日）,カスタマイズのドレスアップ,
34545,漠河マチェーテ（7日）,カスタマイズのドレスアップ,
34546,藤蔓の竹の帽子（7日）,カスタマイズのドレスアップ,
34547,ジャンプバニー（7日）,カスタマイズのドレスアップ,
34548,ケープアーマー（7日）,カスタマイズのドレスアップ,
34549,優しい小さな仲人（7日）,カスタマイズのドレスアップ,
34550,シルバーケープ（7日）,カスタマイズのドレスアップ,
34551,サマーサンウェア（7日）,イベントで獲得,
34552,キャンプ野球ユニフォーム（7日）,イベントで獲得,
34553,狭い涼しげな目（7日）,ミニポイントで獲得,
34554,身長を伸びるカジュアルランニングシューズ（7日）,ミニポイントで獲得,
34555,プラネットシリーズパジャマパンツ（7日）,ミニポイントで獲得,
34556,ホットオレンジとレッド（7日）,ミニポイントで獲得,
34557,プラネットフェイス（7日）,カスタマイズのドレスアップ,
34558,大声で泣き叫ぶ（7日）,カスタマイズのドレスアップ,
34559,試験管作業ズボン（7日）,カスタマイズのドレスアップ,
34560,端午つぼみ衣（7日）,カスタマイズのドレスアップ,
34561,ストリート黄色いスカート（7日）,カスタマイズのドレスアップ,
34562,端午つぼみソックス（7日）,カスタマイズのドレスアップ,
34563,ピンクアフロ（7日）,カスタマイズのドレスアップ,
34564,試験メガネ（7日）,カスタマイズのドレスアップ,
34565,ロングフェザーファン（7日）,カスタマイズのドレスアップ,
34566,キャンプカジュアルパンツ（7日）,カスタマイズのドレスアップ,
34567,カラフルな星（7日）,カスタマイズのドレスアップ,
34568,端午バタフライダンスアジサイ（7日）,カスタマイズのドレスアップ,
34569,プラネット科学者（7日）,カスタマイズのドレスアップ,
34570,クマの爪マーティンブーツ（7日）,カスタマイズのドレスアップ,
34571,レインボーダブルポニーテール（7日）,カスタマイズのドレスアップ,
34572,キャンディー仙女のステッキ（7日）,カスタマイズのドレスアップ,
34573,ケーキスウィートスカート（7日）,カスタマイズのドレスアップ,
34574,花柄の革靴（7日）,カスタマイズのドレスアップ,
34575,キャンディバニーの足跡（7日）,カスタマイズのドレスアップ,
34576,作業試験管服（7日）,カスタマイズのドレスアップ,
34577,カラフルなクラゲ（7日）,カスタマイズのドレスアップ,
34578,チェーンブルーメガネ（7日）,カスタマイズのドレスアップ,
34579,西部地域の浅い海服（7日）,イベントで獲得,
34580,西部地域マーメイドスカート（7日）,イベントで獲得,
34581,乗馬用帽子（7日）,イベントで獲得,
34582,熱波サーフボード（7日）,イベントで獲得,
34583,浅い水フロート（7日）,ミニポイントで獲得,
34584,深海奇観（7日）,ミニポイントで獲得,
34585,海月靴（7日）,カスタマイズのドレスアップ,
34586,作業試験管靴（7日）,カスタマイズのドレスアップ,
34587,海塩レモン（7日）,カスタマイズのドレスアップ,
34588,レースストラップ（7日）,カスタマイズのドレスアップ,
34589,ハートのつぼみパンツ（7日）,カスタマイズのドレスアップ,
34590,青いクラゲ（7日）,カスタマイズのドレスアップ,
34591,ドレスショーツ（7日）,カスタマイズのドレスアップ,
34592,洋式ドレス（7日）,カスタマイズのドレスアップ,
34593,夏の潔（7日）,カスタマイズのドレスアップ,
34594,波を踏む（7日）,カスタマイズのドレスアップ,
34595,虹を飛び越える魚（7日）,カスタマイズのドレスアップ,
34596,琉璃泣く（7日）,カスタマイズのドレスアップ,
34597,桃色の花の長い髪（7日）,カスタマイズのドレスアップ,
34598,目の下の花（7日）,カスタマイズのドレスアップ,
34599,ゴールドフェザーファン（7日）,カスタマイズのドレスアップ,
34600,愛でいっぱい（7日）,カスタマイズのドレスアップ,
34601,氷の乙女の王冠（7日）,カスタマイズのドレスアップ,
34602,蝶のサラウンド（7日）,カスタマイズのドレスアップ,
34603,リボンラブレター（7日）,カスタマイズのドレスアップ,
34604,カラフルな仙女のステッキ（7日）,カスタマイズのドレスアップ,
34605,レインボーロリポ（7日）,カスタマイズのドレスアップ,
34606,ゴールデンシルクのの蝶の靴（7日）,カスタマイズのドレスアップ,
34607,深淵の歌（7日）,カスタマイズのドレスアップ,
34608,黒のタブースカート（7日）,カスタマイズのドレスアップ,
34609,千島の夢（7日）,カスタマイズアバター,
34610,魅力的なケバヤ（7日）,カスタマイズアバター,
34611,情熱的なインドネシアの帽子（7日）,カスタマイズアバター,
34612,情熱的なバティックシャツ（7日）,カスタマイズアバター,
34613,昔かたぎのローファー · シューズ（7日）,カスタムドレスアップ,
34614,闇の夜（7日）,カスタムドレスアップ,
34615,女子学校怪談（7日）,カスタムドレスアップ,
34616,ジメジメ（7日）,カスタムドレスアップ,
34617,バージョンが低すぎる,カスタムドレスアップ,
34618,バージョンが低すぎる,カスタムドレスアップ,
34619,ダイナソーセット（7日）,イベント獲得,
34620,リトルベアセット（7日）,イベント獲得,
34621,酔っぱらいの顔（7日）,ミニポイントショップ獲得,
34622,会話用ヘッドセット（7日）,ミニポイントショップ獲得,
34623,学院服（7日）,カスタマイズドレスアップ,
34624,大学ニ色ハーフスカート（7日）,カスタマイズドレスアップ,
34625,クジラパーティー帽子（7日）,カスタマイズドレスアップ,
34626,学院ハンドバッグ（7日）,カスタマイズドレスアップ,
34627,レインボークールハイヒール（7日）,カスタマイズドレスアップ,
34628,リトルフォックスアイマスク（7日）,カスタマイズドレスアップ,
34629,ゴシックパンツ（7日）,カスタマイズドレスアップ,
34630,異瞳失われた魂の夜（7日）,カスタマイズドレスアップ,
34631,足元の花（7日）,カスタマイズドレスアップ,
34632,優雅な女の子のベール（7日）,カスタマイズドレスアップ,
34633,花月の夜（7日）,カスタマイズドレスアップ,
34634,オオカミの少年（7日）,カスタマイズドレスアップ,
34635,黒のシフォンレースサスペンダー（7日）,カスタマイズドレスアップ,
34636,双子霊（7日）,カスタマイズドレスアップ,
34637,曲韵芳华（7日）,カスタマイズドレスアップ,
34638,ホオジロザメ人形（7日）,カスタマイズドレスアップ,
34639,花の誓い（7日）,カスタマイズドレスアップ,
34640,幽霊さん（7日）,カスタマイズドレスアップ,
34641,白骨ショーツ（7日）,カスタマイズドレスアップ,
34642,猫の心（7日）,カスタマイズドレスアップ,
34643,雨霖鈴ダブルポニーテール（7日）,カスタマイズドレスアップ,
34644,運命の神の花の尾（7日）,カスタマイズドレスアップ,
34645,愛の白骨スカート（7日）,カスタマイズドレスアップ,
34646,庭の望楼（7日）,カスタマイズドレスアップ,
34647,ウェーブの秋のレインドレス（7日）,カスタマイズドレスアップ,
34648,花間集（7日）,カスタマイズドレスアップ,
34649,かわいいショルダーバッグ（7日）,カスタマイズドレスアップ,
34650,スターガーランド（7日）,カスタマイズドレスアップ,
34651,ボウノット浮き輪（7日）,イベントで獲得,
34652,自然色（7日）,カスタマイズスキン,
34653,白皙（7日）,カスタマイズスキン,
34654,コムギ色（7日）,カスタマイズスキン,
34655,自然白2（7日）,カスタマイズスキン,
34656,自然白1（7日）,カスタマイズスキン,
34657,カラースキン・ピンクパープル（7日）,カスタマイズスキン,
34658,カラースキン・ディープブルー（7日）,カスタマイズスキン,
34659,カラースキン・薄紫（7日）,カスタマイズスキン,
34660,カラースキン・薄青（7日）,カスタマイズスキン,
34661,菊のポニーテール（7日）,ミニポイントショップで獲得,
34662,仮面の狐（7日）,ミニポイントショップで獲得,
34663,ローズワルツ（7日）,ジョイカードで獲得,
34664,ドキドキスター（7日）,ジョイカードで獲得,
34665,甘々ポニーテール（7日）,ジョイカードで獲得,
34666,チェック柄のスーツケース（7日）,カスタマイズドレスアップ,
34667,青い稲妻（7日）,カスタマイズドレスアップ,
34668,破れたズボン（7日）,カスタマイズドレスアップ,
34669,登山シャツ（7日）,カスタマイズドレスアップ,
34670,冷酷無比（7日）,カスタマイズドレスアップ,
34671,ギアヒール（7日）,カスタマイズドレスアップ,
34672,愛のバンドエイド（7日）,カスタマイズドレスアップ,
34673,万物の静寂（7日）,カスタマイズドレスアップ,
34674,ニ色ツイストロール（7日）,カスタマイズドレスアップ,
34675,ホタルファン（7日）,カスタマイズドレスアップ,
34676,笹の葉笛（7日）,カスタマイズドレスアップ,
34677,夜の目（7日）,カスタマイズドレスアップ,
34678,つるのダンス（7日）,カスタマイズドレスアップ,
34679,愛のメッセージ（7日）,カスタマイズドレスアップ,
34680,キャンディプラネットサラウンド（7日）,カスタマイズドレスアップ,
34681,ラブエリクサー（7日）,カスタマイズドレスアップ,
34682,真夏の光年（7日）,カスタマイズドレスアップ,
34683,カルーセル（7日）,カスタマイズドレスアップ,
34684,いたずらジャケット（7日）,カスタマイズドレスアップ,
34685,恋のマジックブック（7日）,カスタマイズドレスアップ,
34686,ロマンティック・デート（7日）,カスタマイズドレスアップ,
34687,イレギュラーローブドレス（7日）,カスタマイズドレスアップ,
34688,アンダーワールド暗い夜（7日）,カスタマイズドレスアップ,
34689,礼の潔（7日）,カスタマイズドレスアップ,
34690,一目ぼれ（7日）,カスタマイズドレスアップ,
34691,プライド（7日）,カスタマイズドレスアップ,
34692,梨の雪・春と別れ（7日）,カスタマイズドレスアップ,
34693,カラフルな雲の上（7日）,ミニポイントショップで交換してゲット,
34694,逝くの鎌（7日）,ミニポイントショップで交換してゲット,
34695,地獄の火（7日）,イベントで獲得,
34696,三日月刺ジュエリー（7日）,イベントで獲得,
34697,百匹の幽霊共旅（7日）,カスタマイズアバター,
34698,シャドウキラー（7日）,カスタマイズアバター,
34699,愛のコレクション（7日）,カスタマイズアバター,
34700,花ショー手首（7日）,カスタマイズアバター,
34701,夏夜の星（7日）,カスタマイズアバター,
34702,ひらひらの蝶（7日）,カスタマイズアバター,
34703,太陽フライング（7日）,カスタマイズアバター,
34704,ニャーひげ（7日）,カスタマイズアバター,
34705,ウサギのヘルメット（7日）,カスタマイズアバター,
34706,サイバーパンク万能パンツ（7日）,カスタマイズアバター,
34707,エロスの弓矢（7日）,カスタマイズアバター,
34708,竜の鎖（7日）,カスタマイズアバター,
34709,スーパーレザーブーツ（7日）,カスタマイズアバター,
34710,エイリアンコート（7日）,カスタマイズアバター,
34711,いちごクリームロール（7日）,カスタマイズアバター,
34712,チェッカーボードスーツ（7日）,カスタマイズアバター,
34713,平和の金鳩（7日）,カスタマイズアバター,
34714,松の詩（7日）,カスタマイズアバター,
34715,ベビーカバーオール（7日）,カスタマイズアバター,
34716,きらめく星（7日）,カスタマイズアバター,
34717,一本の矢（7日）,カスタマイズアバター,
34718,仮面の下（7日）,カスタマイズアバター,
34719,ドラゴンの噛（7日）,カスタマイズアバター,
34720,善も悪も（7日）,カスタマイズアバター,
34721,花美しく月まどか（7日）,カスタマイズアバター,
34722,賢くてかわいい（7日）,カスタマイズアバター,
34723,バージョンが低すぎる,カスタムドレスアップ,
34724,バージョンが低すぎる,カスタムドレスアップ,
34725,賢くてかわいい（7日）,ミニポイントショップで交換してゲット,
34726,花粉バニーヘッドギア（7日）,イベントで獲得,
34727,頬の花（7日）,カスタマイズアバター,
34728,垂れ耳ウサギ（7日）,カスタマイズアバター,
34729,雲錦新桂（7日）,カスタマイズアバター,
34730,陰紅の兎目（7日）,カスタマイズアバター,
34731,月の杖（7日）,カスタマイズアバター,
34732,バニースリッパ（7日）,カスタマイズアバター,
34733,君如月（7日）,カスタマイズアバター,
34734,急襲（7日）,カスタマイズアバター,
34735,月光ギフトボックス（7日）,カスタマイズアバター,
34736,花火（7日）,カスタマイズアバター,
34737,バニー応援バルーン（7日）,カスタマイズアバター,
34738,満月のマント（7日）,イベントで獲得,
34739,ソフトミニドレス（7日）,カスタマイズアバター,
34740,金鱗の爪（7日）,カスタマイズアバター,
34741,一杯の桃と李（7日）,ミニポイントショップで交換してゲット,
34742,桂花の香り（7日）,カスタマイズアバター,
34743,フラワームーンナイトライト（7日）,カスタマイズアバター,
34744,秋の月のウサギ（7日）,カスタマイズアバター,
34745,緑の目（7日）,カスタマイズアバター,
34746,緑の目（7日）,カスタマイズアバター,
34747,寒さを知らない（7日）,カスタマイズアバター,
34748,ウサギの人形（7日）,カスタマイズアバター,
34749,バージョンが低すぎる,カスタムドレスアップ,
34750,バージョンが低すぎる,カスタムドレスアップ,
34751,バージョンが低すぎる,カスタムドレスアップ,
34752,タケノコ来た（7日）,シェアカードで獲得,
34753,ベルチリンチリン（7日）,シェアカードで獲得,
34754,国風パンダスカート（7日）,ミニポイントショップで交換,
34755,クマの抱き（7日）,ミニポイントショップで交換,
34756,試合の支配者（7日）,カスタマーアバター,
34757,デニムパンツ（7日）,カスタマーアバター,
34758,スタッキングソックス（7日）,カスタマーアバター,
34759,透き通る（7日）,カスタマーアバター,
34760,紅葉の神権（7日）,カスタマーアバター,
34761,月がおぼろ（7日）,カスタマーアバター,
34762,鶴羽の少年（7日）,カスタマーアバター,
34763,書生意気（7日）,カスタマーアバター,
34764,眉間の景色（7日）,カスタマーアバター,
34765,国潮サングラス（7日）,カスタマーアバター,
34766,カエデの葉の花（7日）,カスタマーアバター,
34767,チークカラーの鏡（7日）,カスタマーアバター,
34768,青いバラの花言葉（7日）,カスタマーアバター,
34769,玉蝉秋（7日）,カスタマーアバター,
34770,ピンクポニーテール（7日）,カスタマーアバター,
34771,テクeスポーツ（7日）,カスタマーアバター,
34772,クローバー（7日）,カスタマーアバター,
34773,玉のような優しい（7日）,カスタマーアバター,
34774,鯉遊び（7日）,カスタマーアバター,
34775,タイガーブラックパンツ（7日）,カスタマーアバター,
34776,燦月羅スカート（7日）,カスタマーアバター,
34777,王の帰来（7日）,カスタマーアバター,
34778,金の糸の服（7日）,カスタマーアバター,
34779,夏の花のように（7日）,カスタマーアバター,
34780,バージョンが低い,カスタマーアバター,
34781,眉間の花（7日）,ミニポイントショップで交換,
34782,雲間折桂（7日）,ミニポイントショップで交換,
34783,柔らかい雲スニーカー（7日）,ミニポイントショップで交換,
34784,王のスタイル（7日）,カスタマーアバター,
34785,スターグローブ（7日）,カスタマーアバター,
34786,燕の手紙（7日）,カスタマーアバター,
34787,黄金のつぼみ（7日）,カスタマーアバター,
34788,うらやましくない（7日）,カスタマーアバター,
34789,少し恥ずかしい（7日）,カスタマーアバター,
34790,金マニア（7日）,カスタマーアバター,
34791,エネルギー注入（7日）,カスタマーアバター,
34792,閉じ込められた踊り（7日）,カスタマーアバター,
34793,眉間の景色(7日）,カスタマーアバター,
34794,瑠璃の仙人（7日）,カスタマーアバター,
34795,のんびり仙人（7日）,カスタマーアバター,
34796,柔らかいパンダ（7日）,カスタマーアバター,
34797,強い香り（7日）,カスタマーアバター,
34798,愛の値段（7日）,カスタマーアバター,
34799,星になりたい（7日）,カスタマーアバター,
34800,あやつり人形の芝居（7日）,カスタマーアバター,
34801,ユニコーン来た（7日）,カスタマーアバター,
34802,恐ろしいネコの目（7日）,ミニポイントショップ交換でゲット,
34803,悪魔の王（7日）,シェアカードで限定獲得,
34804,プロローグを開く（7日）,カスタマーアバター,
34805,ピクニックバスケット（7日）,カスタマーアバター,
34806,虹の物語（7日）,カスタマーアバター,
34807,千里の勝負（7日）,カスタマーアバター,
34808,心を封じる瞳（7日）,カスタマーアバター,
34809,雪蝶のキス（7日）,カスタマーアバター,
34810,雪の中で梅を探す(7日),カスタマーアバター,
34811,千里の氷（7日）,カスタマーアバター,
34812,万里の雪が舞う（7日）,カスタマーアバター,
34813,雪の仙人（7日）,カスタマーアバター,
34814,フロストの歌（7日）,カスタマーアバター,
34815,スノー伯爵（7日）,カスタマーアバター,
34816,フロストのクリスタル（7日）,カスタマーアバター,
34817,神聖の歌（7日）,カスタマーアバター,
34818,冬の誓い（7日）,カスタマーアバター,
34819,氷上の踊り（7日）,カスタマーアバター,
34820,クールと美しい（7日）,カスタマーアバター,
34821,氷の刃のダンス（7日）,カスタマーアバター,
34822,フワフワの髪（7日）,カスタマーアバター,
34823,バニーダブルポニテ（7日）,ミニポイントストアで交換してゲット,
34824,炯炯（7日）,ミニポイントストアで交換してゲット,
34825,花々ショートブーツ（7日）,カスタマイズドレスアップ,
34826,スノーフレーク（7日）,カスタマイズドレスアップ,
34827,雪のように白い（7日）,カスタマイズドレスアップ,
34828,雪の夜のランプ（7日）,カスタマイズドレスアップ,
34829,星の讃歌（7日）,カスタマイズドレスアップ,
34830,少年将軍（7日）,カスタマイズドレスアップ,
34831,赤炎舞い上がり（7日）,カスタマイズドレスアップ,
34832,天空に舞う魚（7日）,カスタマイズドレスアップ,
34833,吉福パイザ（7日）,カスタマイズドレスアップ,
34834,掠影雲靴（7日）,カスタマイズドレスアップ,
34835,池中金鱗（7日）,シェアカード限定,
34836,ハッピー柿ピー（7日）,シェアカード限定,
34837,金柑のウールブーツ（7日）,カスタマイズドレスアップ,
34838,ニシキゴイ降臨（7日）,カスタマイズドレスアップ,
34839,深い森鹿見（7日）,カスタマイズドレスアップ,
34840,森の魔法（7日）,カスタマイズドレスアップ,
34841,垂涙千年（7日）,カスタマイズドレスアップ,
34842,クリスマスイブのドレス（7日）,カスタマイズドレスアップ,
34843,幸運花輪（7日）,カスタマイズドレスアップ,
34844,ドール靴（7日）,カスタマイズドレスアップ,
34845,中華一番紫（7日）,カスタマイズドレスアップ,
34846,ジンジャーブレッドさん（7日）,カスタマイズドレスアップ,
34847,水墨花影（7日）,カスタマイズドレスアップ,
34848,ゲームのバージョンが低すぎます。（7日）,カスタマイズドレスアップ,
34849,ゲームのバージョンが低すぎます。（7日）,カスタマイズドレスアップ,
34850,紳士礼結び（7日）,カスタマイズドレスアップ,
34851,2023幸運符（7日）,イベントで入手,
34852,柔らかいウサギ（7日）,イベントで入手,
34853,ウサギしっぽ飴（７日）,イベントで入手,
34854,永遠の花（7日）,シェアカードで限定獲得,
34855,花とウサギの服（7日）,ミニポイントショップで交換,
34856,ウサギの幸運結び（7日）,ミニポイントショップで交換,
34857,自由の歌（7日）,ミニポイントショップで交換,
34858,灼熱のマント（7日）,シェアカードで獲得,
34859,冬の恋の歌（7日）,シェアカードで獲得,
34860,水のような目（7日）,カスタマイズアバター,
34861,紳士の靴（7日）,カスタマイズアバター,
34862,花の名前を知らず（7日）,カスタマイズアバター,
34863,プラチナショーツ（7日）,カスタマイズアバター,
34864,時間の螺旋（7日）,カスタマイズアバター,
34865,愛の魔杖（7日）,カスタマイズアバター,
34866,花散らしい（7日）,カスタマイズアバター,
34867,幸運のウサギバッグ（7日）,カスタマイズアバター,
34868,幸運の靴（7日）,カスタマイズアバター,
34869,輝く花火（7日）,カスタマイズアバター,
34870,バージョンが低すぎ（7日）,カスタムドレスアップ,
34871,バージョンが低すぎ（7日）,カスタムドレスアップ,
34872,花と鳥の面（7日）,カスタマイズアバター,
34873,金魚（7日）,カスタマイズアバター,
34874,雪解けクリスタル（7日）,カスタマイズアバター,
34875,レッドウサギの目（7日）,カスタマイズアバター,
34876,燕と一緒に帰る(7日),カスタマイズアバター,
34877,雪蜜の実（7日）,カスタマイズアバター,
34878,招き猫（7日）,カスタマイズアバター,
34879,かわいいウサギの窓花（7日）,カスタマイズアバター,
34880,事務を展開（7日）,カスタマイズアバター,
34881,赤い火（7日）,カスタマイズアバター,
34882,中華の服（7日）,カスタマイズアバター,
34883,鳳凰を飛び（7日）,カスタマイズアバター,
34884,美しいドレス（7日）,カスタマイズアバター,
34885,幸運いっぱい（7日）,カスタマイズアバター,
34886,ヘーゼル色の瞳（7日）,シェアカードで限定獲得,
34887,深淵の眼差し（7日）,シェアカードで限定獲得,
34888,風の年（7日）,シェアカードで限定獲得,
34889,きらめくゴールドの瞳（7日）,カスタマイズドレスアップ,
34890,刺繍カラー（7日）,カスタマイズドレスアップ,
34891,ノートジャンプ（7日）,カスタマイズドレスアップ,
34892,萌え耳エージェント（7日）,カスタマイズドレスアップ,
34893,主人公オーラ（7日）,カスタマイズドレスアップ,
34894,純白の花紙（7日）,シェアカードで限定獲得,
34895,雪兎さん（7日）,シェアカードで限定獲得,
34896,ひまわりの花言葉（7日）,カスタマイのズドレスアップ,
34897,お金余裕（7日）,カスタマイのズドレスアップ,
34898,海辺の奇遇（7日）,カスタマイのズドレスアップ,
34899,フロストドーナツ（7日）,カスタマイのズドレスアップ,
34900,星夜流光（7日）,カスタマイのズドレスアップ,
34901,花泣く（7日）,カスタマイのズドレスアップ,
34902,蛍の約束（7日）,カスタマイのズドレスアップ,
34903,春日コール（7日）,カスタマイのズドレスアップ,
34904,秘密花言葉（7日）,カスタマイのズドレスアップ,
34905,裏工作（7日）,カスタマイのズドレスアップ,
34906,ゆうあかり（7日）,カスタマイのズドレスアップ,
34907,鏡花（7日）,カスタマイのズドレスアップ,
34908,エロスバックパック（7日）,カスタマイのズドレスアップ,
34909,エロス靴（7日）,カスタマイのズドレスアップ,
34910,梨園春（7日）,カスタマイのズドレスアップ,
34911,会いダックなる（7日）,カスタマイのズドレスアップ,
34912,スタンプドショーツ（7日）,カスタマイのズドレスアップ,
34913,星のロマンティック（7日）,カスタマイのズドレスアップ,
34914,オレンジピンク美人（7日）,カスタマイのズドレスアップ,
34915,秘密日記（7日）,カスタマイのズドレスアップ,
34916,愛の鎖（7日）,カスタマイのズドレスアップ,
34917,ハートてぇてぇ（7日）,運営のイベントで獲得,
34918,リトルバルーン ランドセル（7日）,シェアカードで限定獲得,
34919,萌えバニークラッチ（7日）,シェアカードで限定獲得,
34920,純愛戦神（7日）,シェアカードで限定獲得,
34921,告白フラグ（7日）,シェアカードで限定獲得,
34922,寺の桃花（7日）,シェアカードで限定獲得,
34923,水墨之影（7日）,ミニポイントモールで入手,
34924,森の印（7日）,ミニポイントモールで入手,
34925,ポーラースカート（7日）,カスタマイズアバター,
34926,生命の春（7日）,カスタマイズアバター,
34927,秘密任務（7日）,カスタマイズアバター,
34928,早春の露（7日）,カスタマイズアバター,
34929,春の使者（7日）,カスタマイズアバター,
34930,森の精霊の力（7日）,カスタマイズされたドレスアップ,
34931,超甘えアップルパイ（7日）,カスタマイズアバター,
34932,ソースメリージェーン（7日）,カスタマイズアバター,
34933,"テンセル製グローブ
（7日）",カスタマイズアバター,
34934,寝ぼけまなこ（7日）,カスタマイズアバター,
34935,曲のフィナーレ（7日）,カスタマイズアバター,
34936,ダンデライオンフランネルワンピース（7日）,カスタマイズアバター,
34937,多肉植物ブレスレット（7日）,カスタマイズアバター,
34938,胡蝶収集家（7日）,カスタマイズアバター,
34939,コヨーテアイズ（7日）,カスタマイズアバター,
34940,クラッシュフリップフロップス（7日）,カスタマイズアバター,
34941,瑠璃色の髪（7日）,カスタマイズアバター,
34942,花の手紙（7日）,カスタマイズアバター,
34943,秋月白花（7日）,カスタマイズアバター,
34944,ダイヤ蝶の翼（7日）,カスタマイズアバター,
34945,コットンキャンディ（7日）,期間限定イベントで獲得,
34946,羽の歌（7日）,期間限定イベントで獲得,
34947,ダックヘッドギア（7日）,カスタマイズアバター,
34948,ダックドールコスチューム（7日）,カスタマイズアバター,
34949,ダックウェビングフィート（7日）,カスタマイズアバター,
34950,トレンドストリート（7日）,カスタマイズアバター,
34951,リベットパンツ（7日）,カスタマイズアバター,
34952,パンクソール（7日）,カスタマイズアバター,
34953,カラフルな髪型（7日）,カスタマイズアバター,
34954,ホットスカート（7日）,カスタマイズアバター,
34955,ホットトップス（7日）,カスタマイズアバター,
34956,機械ドレッドロックス（7日）,カスタマイズアバター,
34957,ベトナムの竹帽子（7日）,カスタマイズアバター,
34958,現代アオザイ（7日）,カスタマイズアバター,
34959,海外予約,カスタマイズされたドレスアップ,
34960,海外予約,カスタマイズされたドレスアップ,
34961,海外予約,カスタマイズされたドレスアップ,
34962,フランケンシュタイン（7日）,カスタマイのズドレスアップ,
34963,カードゲーム（7日）,カスタマイのズドレスアップ,
34964,チェルシーカレッジ（7日）,カスタマイのズドレスアップ,
34965,バッジスカート（7日）,カスタマイのズドレスアップ,
34966,裁決の神（7日）,カスタマイのズドレスアップ,
34967,春のツバメ（7日）,カスタマイのズドレスアップ,
34968,鈴蘭の物語（7日）,カスタマイのズドレスアップ,
34969,ジェリービーンズのメガネ（7日）,カスタマイのズドレスアップ,
34970,のぼりつめる（7日）,カスタマイのズドレスアップ,
34971,遊園地（7日）,カスタマイのズドレスアップ,
34972,パンダ目（7日）,カスタマイのズドレスアップ,
34973,ラタンフラワーバッグ（7日）,カスタマイのズドレスアップ,
34974,不思議の国（7日）,カスタマイのズドレスアップ,
34975,ゲームタイム（7日）,カスタマイのズドレスアップ,
34976,インプテイル（7日）,カスタマイのズドレスアップ,
34977,姿を現す（7日）,カスタマイのズドレスアップ,
34978,タケの影（7日）,カスタマイのズドレスアップ,
34979,クリームショーツ（7日）,カスタマイのズドレスアップ,
34980,フローラルカール（7日）,カスタマイのズドレスアップ,
34981,柔らかい爪（7日）,カスタマイのズドレスアップ,
34982,太極拳の小さな達人（7日）,カスタマイのズドレスアップ,
34983,甘えフォックステイル（7日）,カスタマイのズドレスアップ,
34984,萌えグースジャケット（7日）,カスタマイのズドレスアップ,
34985,元気ライトニング（7日）,ミニポイントショップで獲得,
34986,リンガーjk（7日）,ミニポイントショップで獲得,
34987,ラッキー蛙（7日）,シェアカードのロックを解除して入手,
34988,野外休日（7日）,シェアカードのロックを解除して入手,
34989,狐仙児（7日）,カスタマイのズドレスアップ,
34990,シュガースノーボール（7日）,カスタマイのズドレスアップ,
34991,クールスカート（7日）,カスタマイのズドレスアップ,
34992,ドリームスリッポン（7日）,カスタマイのズドレスアップ,
34993,プラムソース（7日）,カスタマイのズドレスアップ,
34994,スイートスプーン（7日）,カスタマイのズドレスアップ,
34995,まぶしい小悪魔（7日）,カスタマイのズドレスアップ,
34996,星のセーラー服（7日）,カスタマイのズドレスアップ,
34997,花火の妖精の杖（7日）,カスタマイのズドレスアップ,
34998,フルーティーセーター（7日）,カスタマイのズドレスアップ,
34999,自撮りフリーク（7日）,カスタマイのズドレスアップ,
35000,スポーツ新米（7日）,カスタマイのズドレスアップ,
35001,ステッカーメイク（7日）,カスタマイのズドレスアップ,
35002,カラフルなシェルバッグ（7日）,カスタマイのズドレスアップ,
35003,ワッフル（7日）,カスタマイのズドレスアップ,
35004,スタッズマーチンブーツ（7日）,カスタマイのズドレスアップ,
35005,グラデーションパンツ（7日）,カスタマイのズドレスアップ,
35006,両袖満花（7日）,カスタマイのズドレスアップ,
35007,ベビーグースバッグ（7日）,カスタマイのズドレスアップ,
35008,ベリーショートパンツ（7日）,カスタマイのズドレスアップ,
35009,マークオブザムーン（7日）,カスタマイのズドレスアップ,
35010,夢の星の海（7日）,カスタマイのズドレスアップ,
35011,デザートフォーク（7日）,カスタマイのズドレスアップ,
35012,ボウタイ革靴（7日）,カスタマイのズドレスアップ,
35013,コウモリの翼のバッグ（7日）,イベントで獲得,
35014,コウモリの翼（7日）,イベントで獲得,
35015,グランアイマスク（7日）,イベントで獲得,
35016,グラニー（7日）,スキン「グラニー」をロック解除してボーナスに受け取る,
35017,スイカスリッパ（7日）,ミニポイントショップで獲得,
35018,リトルカウボーイ（7日）,ミニポイントショップで獲得,
35019,正と邪（7日）,カスタマイのズドレスアップ,
35020,曇り小雨（7日）,カスタマイのズドレスアップ,
35021,食べ物トースト（7日）,カスタマイのズドレスアップ,
35022,もち米ウサギ（7日）,イベントで獲得,
35023,夏ガーデン（7日）,カスタマイズのドレスアップ,
35024,夏の真珠（7日）,カスタマイズのドレスアップ,
35025,さくらんぼ硬糖（7日）,カスタマイズのドレスアップ,
35026,砂糖豆の靴（7日）,カスタマイズのドレスアップ,
35027,ポッピングキャンディー（7日）,カスタマイズのドレスアップ,
35028,かわいいトースター（7日）,カスタマイズのドレスアップ,
35029,春夏の序曲（7日）,カスタマイズのドレスアップ,
35030,超能力大作戦（7日）,カスタマイズのドレスアップ,
35031,スーパーパンツ（7日間）,カスタマイズのドレスアップ,
35032,熱波スイカ（7日）,カスタマイズのドレスアップ,
35033,夏の果樹園（7日）,カスタマイズのドレスアップ,
35034,山火メークアップ（7日）,カスタマイズのドレスアップ,
35035,山水のちまき（7日）,カスタマイズのドレスアップ,
35036,ちまき霊の祈り（7日）,カスタマイズのドレスアップ,
35037,モチモチ白パンツ（7日間）,カスタマイズのドレスアップ,
35038,ちまき霊ブーツ（7日）,カスタマイズのドレスアップ,
35039,ちまき情の詩と絵（7日）,カスタマイズのドレスアップ,
35040,ちまき霊パンツ（7日）,カスタマイズのドレスアップ,
35041,ちまき霊杖（7日）,イベントで獲得,
35042,砂糖豆の頭（7日）,カスタマイズのドレスアップ,
35043,大きな花（7日）,イベントで獲得,
35044,ピンクのシュガーボール（7日）,イベントで獲得,
35045,コーヒー物語（7日）,イベントで獲得,
35046,耳を垂らすウサギの帽子（7日）,イベントで獲得,
35047,水着ラップ（7日）,イベントで獲得,
35048,スーツ,イベントの取得,
35049,表面装飾,イベントの取得,
35050,バックアクセサリー,イベントの取得,
35051,手飾り,イベントの取得,
35052,夏歌キーホルダー（7日）,活動の獲得,
35053,星舞クリスタルボール（7日間）,活動の獲得,
35054,のんびり陽リュック（7日間）,活動の獲得,
35055,ライムクリスピー（7日）,シェアカードを購入すると入手可能,
35056,月の下で潮を聞く（7日）,シェアカードを購入すると入手可能,
35057,ぶつかり合う色のTシャツ（7日）,カスタマイズのドレスアップ,
35058,小さなプレイヤーパンツ（7日）,カスタマイズのドレスアップ,
35059,降温神器（7日）,カスタマイズのドレスアップ,
35060,水遊びの達人（7日）,カスタマイズのドレスアップ,
35061,バブルベア（7日）,カスタマイズのドレスアップ,
35062,元気ちゃん（7日）,カスタマイズのドレスアップ,
35063,カップケーキ（7日）,カスタマイズのドレスアップ,
35064,フラワーレザーシューズ（7日）,カスタマイズのドレスアップ,
35065,真夏の花顔（7日）,カスタマイズのドレスアップ,
35066,幾何学ショーツ（7日）,カスタマイズのドレスアップ,
35067,北極星光（7日）,カスタマイズのドレスアップ,
35068,傷心アイマスク（7日）,カスタマイズのドレスアップ,
35069,プリンクリームソース（7日）,カスタマイズのドレスアップ,
35070,スズラン物語（7日）,カスタマイズのドレスアップ,
35071,ホットドッグ（7日）,カスタマイズのドレスアップ,
35072,私がネズミである（7日）,カスタマイズのドレスアップ,
35073,愛の弁当（7日）,カスタマイズのドレスアップ,
35074,バーニー黄色靴（7日）,カスタマイズのドレスアップ,
35075,ハワイ風（7日）,カスタマイズのドレスアップ,
35076,メロンの小さな黄色いアヒル（7日）,カスタマイズのドレスアップ,
35077,くまのグミ（7日）,カスタマイズのドレスアップ,
35078,カエルの花（7日）,カスタマイズのドレスアップ,
35079,オレンジスポーツ（7日）,カスタマイズのドレスアップ,
35080,楊枝甘露（7日）,カスタマイズのドレスアップ,
35081,グレープ青芒（7日）,カスタマイズのドレスアップ,
35082,コバルトブルーパターン（7日間）,カスタマイズされた,
35083,空飛ぶリボン（7日間）,カスタマイズされた,
35084,異国の手太鼓（7日間）,カスタマイズされた,
35085,ガラン（7日間）,カスタマイズされた,
35086,ケチャップ（7日間）,カスタマイズされたドレスアップ,
35087,フライドポテトパーティー（7日間）,カスタマイズされたドレスアップ,
35088,マヨネーズケチャップ（7日）,カスタマイズされたドレスアップ,
35089,スーパーサツマイモ（7日間）,カスタマイズされたドレスアップ,
35090,クールな犬の頭（7日間）,カスタマイズされたドレスアップ,
35091,スーパー犬（7日間）,カスタマイズされたドレスアップ,
35092,クールなサングラス（7日間）,カスタマイズされたドレスアップ,
35093,ハニータイム（7日）,カスタマイズされたドレスアップ,
35094,小さな恋人（7日）,カスタマイズされたドレスアップ,
35095,レインボーシュガービーンズシューズ（7日間）,カスタマイズされたドレスアップ,
35096,砂糖スプーン（7日）,カスタマイズされたドレスアップ,
35097,サンドイーグルハット（7日間）,カスタムドレスアップ,
35098,サンドイーグルの怒り（7日間）,カスタムドレスアップ,
35099,サンドイーグルサングラス（7日間）,カスタムドレスアップ,
35100,サンドイーグルベスト（7日間）,カスタムドレスアップ,
35101,サンドイーグルパンツ（7日間）,カスタムドレスアップ,
35102,サンドイーグルブーツ（7日間）,カスタムドレスアップ,
35103,サンドイーグルリスト（7日間）,カスタムドレスアップ,
35104,ピンクのワシの頭飾り（7日間）,カスタムドレスアップ,
35105,ピンクイーグルの容姿（7日間）,カスタムドレスアップ,
35106,トップ講師（7日間）,師弟システムが「トップレベルの師匠」の称号獲得,
35107,鈴夢の扇子（7日間）,夏の童話パーク：期間限定,
35108,ブルーアイランドの桜茶の花束（7日間）,夏の童話パーク：期間限定,
35109,輝く星々（7日間）,カスタマイズされた,
35110,人心を洞察する（7日間）,カスタマイズされた,
35111,クリーム犬（7日）,カスタマイズされた,
35112,キツネの夢 (7日間),カスタマイズされた,
35113,勝利のラッパ（7日間）,カスタマイズされた,
35114,小桃の気（7日間）,カスタマイズされた,
35115,凌波の奇跡（7日間）,カスタマイズされた,
35116,生命の源（7日）,カスタマイズされた,
35117,紙蝶々（7日間）,カスタマイズされた,
35118,白い妖精（7日間）,カスタマイズされた,
35119,塩魚の頭（7日間）,カスタマイズされた,
35120,チリンチリン（7日間）,カスタマイズされた,
35121,幸運な松（7日間）,カスタマイズされた,
35122,月の庭（7日間）,カスタマイズされた,
35123,白山茶（7日間）,カスタマイズされた,
35124,コブタの頭（7日間）,カスタマイズされたドレスアップ,
35125,桜花の聖代（7日間）,カスタマイズされた,
35126,紫Tシャツ（7日間）,カスタマイズされた,
35127,ボックス（7日間）,カスタマイズされた,
35128,ブルーベリージャム（7日間）,カスタマイズされた,
35129,脳のおやつ（7日間）,カスタマイズされた,
35130,氷削り（7日間）,カスタマイズされた,
35131,刺繍ストラップ（7日）,カスタマイズされた,
35132,サメ大作戦（7日）,カスタマイズスキン,
35133,タヌキの影（7日）,カスタマイズスキン,
35134,エクストリームスポーツ（7日）,カスタマイズスキン,
35135,虹色のビーチサンダル（7日）,カスタマイズスキン,
35136,踏月帰（7日）,カスタマイズスキン,
35137,青竹影（7日）,カスタマイズスキン,
35138,滄海の声（7日）,カスタマイズスキン,
35139,コップドレス（7日）,カスタマイズスキン,
35140,プラムソース-短パン（7日）,カスタマイズスキン,
35141,ドレッドヘア（7日）,カスタマイズスキン,
35142,桃色サングラス（7日）,カスタマイズスキン,
35143,サイバーベア（7日）,カスタマイズスキン,
35144,光速のスターレイル（7日）,カスタマイズスキン,
35145,甘々プラムソース（7日）,カスタマイズスキン,
35146,ビーチバケーション（7日）,カスタマイズスキン,
35147,卵焼きのエプロン（7日）,カスタマイズスキン,
35148,オアシスの冒険者（7日）,カスタマイズスキン,
35149,バーガーキング（7日）,カスタマイズスキン,
35150,ぬいぐるみパック（7日）,カスタマイズスキン,
35151,萌え靴（7日）,カスタマイズスキン,
35152,日焼け止め（7日）,カスタマイズスキン,
35153,竹の霊（7日）,カスタマイズスキン,
35154,食いしん坊の靴（7日）,カスタマイズスキン,
35155,鳳羽紗（7日）,カスタマイズスキン,
35156,燎原の火（7日）,カスタマイズスキン,
35157,ナッツラッテ（7日）,カスタマイズスキン,
35158,ピンクイーグルタイツ（7日）,カスタムドレスアップ,
35159,ピンクイーグルレギンス（7日）,カスタムドレスアップ,
35160,ピンクイーグルブーツ（7日間）,カスタムドレスアップ,
35161,ゾンビボーイ（7日）,カスタムドレスアップ,
35162,ゾンビ少年の表情（7日間）,カスタムドレスアップ,
35163,ゾンビボーイコート（7日）,カスタムドレスアップ,
35164,ゾンビボーイパンツ（7日）,カスタムドレスアップ,
35165,ゾンビボーイの革靴（7日間）,カスタムドレスアップ,
35166,ゾンビボーイアクセサリー（7日）,カスタムドレスアップ,
35167,ミニチームの帽子（7日間）,カスタムドレスアップ,
35168,Mini Teamの絵文字（7日間）,カスタムドレスアップ,
35169,ミニチームのメガネ（7日間）,カスタムドレスアップ,
35170,ミニチームトップス（7日）,カスタムドレスアップ,
35171,ミニチームパンツ（7日間）,カスタムドレスアップ,
35172,ミニチームの靴（7日間）,カスタムドレスアップ,
35173,ミニチームネックレス（7日）,カスタムドレスアップ,
35174,スーパードッグヘッド（7日間）,カスタムドレスアップ,
35175,海外avt予約（7日間）,カスタムドレスアップ,
35176,恋人ドーパミン（7日）,Obtain from Event,
35177,ピンクのウサギは超かっこいい（7日間）,Obtained from Event,
35178,サーフィンの王者（7日間）,カスタムドレスアップ,
35179,真夏の気配（7日間）,カスタムドレスアップ,
35180,うさぎアカデミー（7日間）,カスタムドレスアップ,
35181,菜菜の子犬（7日間）,カスタムドレスアップ,
35182,犬のショートパンツ（7日間）,カスタムドレスアップ,
35183,星の道は長い（7日間）,カスタムドレスアップ,
35184,森の精（7日）,カスタムドレスアップ,
35185,霜寒露舞（7日間）,カスタムドレスアップ,
35186,朝露が霜（7日）,カスタムドレスアップ,
35187,星の輝き（7日間）,カスタムドレスアップ,
35188,人間の小さな再会（7日間）,カスタムドレスアップ,
35189,紅勝火（7日）,カスタムドレスアップ,
35190,花の国（7日間）,カスタムドレスアップ,
35191,ムーンウォーク（7日間）,カスタムドレスアップ,
35192,月影灯（7日）,カスタムドレスアップ,
35193,,,
35194,クマさん（7日）,カスタムドレスアップ,
35195,鳳羽涅槃（7日）,カスタムドレスアップ,
35196,イチョウの小さな妖精のスカート（7日間）,カスタムドレスアップ,
35197,月宮折桂（7日）,カスタムドレスアップ,
35198,ほこりのないマーティンブーツ（7日間）,カスタムドレスアップ,
35199,冷たい花火（7日間）,カスタムドレスアップ,
35200,霜が降り（7日）,カスタムドレスアップ,
35201,最も暗い瞬間（7日）,カスタムドレスアップ,
35202,リトルウィッチ（7日）,カスタムドレスアップ,
35203,超かわいいプレイヤー（7日間）,カスタムドレスアップ,
35204,小さな甘い星（7日間）,カスタムドレスアップ,
35205,至高の栄光（7日間）,カスタムドレスアップ,
35206,ドラゴンテール（7日間）,カスタムドレスアップ,
35207,金色の賛歌（7日）,カスタムドレスアップ,
35208,シンシア（7日）,カスタムドレスアップ,
35209,星の（7日間）,カスタムドレスアップ,
35210,薄暮星環（7日）,カスタムドレスアップ,
35211,新月の朝（7日）,カスタムドレスアップ,
35212,星月夜ドレス（7日）,カスタムドレスアップ,
35213,愛の翼（7日）,カスタムドレスアップ,
35214,水色ジーンズ（7日）,カスタムドレスアップ,
35215,小さなとげ（7日間）,カスタムドレスアップ,
35216,私のことを考えて（7日）,カスタムドレスアップ,
35217,氷河信仰（7日間）,カスタムドレスアップ,
35218,雪原の狼王（7日間）,カスタムドレスアップ,
35219,追風袍（7日）,カスタムドレスアップ,
35220,若驚鴻（7日）,カスタムドレスアップ,
35221,小さなそばかす（7日）,カスタムドレスアップ,
35222,オオカミの尾（7日間）,カスタムドレスアップ,
35223,鋭く狡猾（7日間）,カスタムドレスアップ,
35224,超告白（7日）,カスタムドレスアップ,
35225,雪龍吟（7日）,カスタムドレスアップ,
35226,霜原龍女（7日）,カスタムドレスアップ,
35227,寒江雪色ブーツ（7日）,カスタムドレスアップ,
35228,蔵音珠（7日）,カスタムドレスアップ,
35229,アイスローズ（7日間）,カスタムドレスアップ,
35230,清冷琉離（7日）,カスタムドレスアップ,
35231,虎虎生風（7日）,カスタムドレスアップ,
35232,スウィートハートマイバ（7日間）,カスタムドレスアップ,
35233,旺財喵（7日間）,カスタムドレスアップ,
35234,ジンバオミャオ（7日間）,カスタムドレスアップ,
35235,神龍跡（7日間）,カスタムドレスアップ,
35236,仙灵崽崽（7日）,カスタムドレスアップ,
35237,にゃんにゃんの瞳（7日間）,カスタムドレスアップ,
35238,雀羽浮光（7日）,カスタムドレスアップ,
35239,はしゃぐ羽衣（7日）,カスタムドレスアップ,
35240,ブダイ（7日間）,カスタムドレスアップ,
35241,干脆面君（7日間）,カスタムドレスアップ,
35242,レザースカート（7日）,ジョイカードを購入することで獲得,
35243,弾除け胴着（7日）,ジョイカードを購入することで獲得,
35244,降り舞う雪（7日）,カスタマイズスキン,
35245,鴻雁の舞（7日）,カスタマイズスキン,
35246,時渡り（7日）,カスタマイズスキン,
35247,輝く犬の目（7日）,カスタマイズスキン,
35248,冬の鷹（7日）,カスタマイズスキン,
35249,疾行の雪羽（7日）,カスタマイズスキン,
35250,鷹の羽ばたき（7日）,カスタマイズスキン,
35251,魔殺し（7日）,カスタマイズスキン,
35252,落花の唄（7日）,カスタマイズスキン,
35253,瑶台の花仙（7日）,カスタマイズスキン,
35254,至尊明王（7日）,カスタマイズスキン,
35255,カラグラスキーズボン（7日）,カスタマイズスキン,
35256,降り積もる雪（7日）,カスタマイズスキン,
35257,子犬髪型（7日）,カスタマイズスキン,
35258,雪だるまパンツ（7日）,カスタマイズスキン,
35259,半獣の子孫（7日）,カスタマイズスキン,
35260,雪だるまさん（7日）,カスタマイズスキン,
35261,吸血鬼の印（7日）,カスタマイズスキン,
35262,氷の戦神（7日）,カスタマイズスキン,
35263,碧海桃華（7日）,カスタマイズスキン,
35264,水中の舞（7日）,カスタマイズスキン,
35265,北極熊の沈折（7日）,カスタマイズスキン,
35266,小さな雪だるま（7日）,カスタマイズスキン,
35267,ラッキースター（7日）,カスタマイズスキン,
35268,情熱フォックステイル（7日）,カスタマイズスキン,
35269,鯉の飾り提灯（7日）,カスタマイズスキン,
35270,紙の語り（7日）,カスタマイズスキン,
35271,ハークアイズ（7日）,カスタマイズスキン,
35272,軒轅霊石（7日）,カスタマイズスキン,
35273,補色ジャケット（7日）,カスタマイズスキン,
35274,2024（7日）,2024年元旦イベントで獲得,
35275,元旦の綿入れジャケット（7日）,元旦イベントで獲得,
35276,元旦の帽子（7日）,元旦イベントで獲得,
35277,元旦の綿入れズボン（7日）,元旦イベントで獲得,
35278,元旦の綿入れ靴（7日）,元旦イベントで獲得,
35279,科挙篭（7日）,運営のイベントで獲得,
35280,ハートのK（7日）,カスタマイズスキン,
35281,ハートのショートパンツ（7日）,カスタマイズスキン,
35282,ハート王冠（7日）,カスタマイズスキン,
35283,ハート革靴（7日）,カスタマイズスキン,
35284,ピカピカ革手袋・黒（7日）,カスタマイズスキン,
35285,ファーコート（7日）,カスタマイズスキン,
35286,チェスキング（7日）,カスタマイズスキン,
35287,グリーンフラッグパンツ（7日）,カスタマイズスキン,
35288,コーンの愛好家（7日）,カスタマイズスキン,
35289,コーンフラッグジャケット（7日）,カスタマイズスキン,
35290,コーンポップシューズ（7日）,カスタマイズスキン,
35291,トマトの花畑（7日）,カスタマイズスキン,
35292,黒梅のロングスカート（7日）,カスタマイズスキン,
35293,クラブ王冠（7日）,カスタマイズスキン,
35294,クラブ革靴（7日）,カスタマイズスキン,
35295,クールなヒョウ柄（7日）,カスタマイズスキン,
35296,スイートミレニアムスカート（7日）,カスタマイズスキン,
35297,チェスクイーン（7日）,カスタマイズスキン,
35298,サクランボトマト帽子（7日）,カスタマイズスキン,
35299,紫と黒の梅（7日）,カスタマイズスキン,
35300,チェス靴・菱形柄（7日）,カスタマイズスキン,
35301,チェストップス（7日）,カスタマイズスキン,
35302,布虎の守り（7日）,カスタマイズスキン,
35303,鶏モモのご褒美（7日）,カスタマイズスキン,
35304,小竜ネイルセットバッグ（7日）,カスタマイズスキン,
35305,ヘラヘラ笑顔（7日）,カスタマイズスキン,
35306,秀才の頭（7日）,カスタマイズスキン,
35307,恐竜カンカン (7日),カスタマイズスキン,
35308,柿の良い事（7日）,カスタマイズスキン,
35309,柿の如意（7日）,カスタマイズスキン,
35310,元旦の時計（7日）,カスタマイズスキン,
35311,吉祥ズボン（7日）,カスタマイズスキン,
35312,防寒のマント（7日）,カスタマイズスキン,
35313,チェック柄のパンツ（7日）,カスタマイズスキン,
35314,雪原の清音（7日）,カスタマイズスキン,
35315,チェック柄のランニング（7日）,カスタマイズスキン,
35316,桃花のような顔（7日）,カスタマイズスキン,
35317,霊龍の降臨（7日）,カスタマイズスキン,
35318,潜龍在淵（7日）,カスタマイズスキン,
35319,古の龍神（7日）,カスタマイズスキン,
35320,至尊龍袍（7日）,カスタマイズスキン,
35321,神龍の刃（7日）,カスタマイズスキン,
35322,真龍の瞳（7日）,カスタマイズスキン,
35323,風儀万千（7日）,カスタマイズスキン,
35324,状元靴（7日）,イベントで獲得,
35325,チーズ帽子（7日）,イベントで獲得,
35326,チーズスカート（7日）,イベントで獲得,
35327,チーズ靴（7日）,イベントで獲得,
35328,遠足探険帽子（7日）,イベントで獲得,
35329,探険バックパック・茶色（7日）,イベントで獲得,
35330,遠足探険トップス（7日）,イベントで獲得,
35331,遠足探険ボトムス（7日）,イベントで獲得,
35332,防滑探険靴（7日）,イベントで獲得,
35333,喜羊羊目出し帽（7日）,イベントで獲得,
35334,懶羊羊目出し帽（7日）,イベントで獲得,
35335,灰太狼目出し帽（7日）,イベントで獲得,
35336,ご祝儀をちょうだい（7日）,イベントで獲得,
35337,春の花心（7日）,カスタマイズスキン,
35338,龍の血筋（7日）,カスタマイズスキン,
35339,無敵破壊竜（7日）,カスタマイズスキン,
35340,恭喜發財（7日）,カスタマイズスキン,
35341,雲上の金靴（7日）,カスタマイズスキン,
35342,麗らかな春日（7日）,カスタマイズスキン,
35343,万物の蘇り（7日）,カスタマイズスキン,
35344,遊園春（7日）,カスタマイズスキン,
35345,花の出迎え（7日）,カスタマイズスキン,
35346,雪路の靴（7日),カスタマイズスキン,
35347,龍玉財神（7日),カスタマイズスキン,
35348,福呼びの服（7日),カスタマイズスキン,
35349,富との縁結び（7天）,カスタマイズスキン,
35350,仙龍ちゃん（7日）,カスタマイズスキン,
35351,炎の瞳（7日）,カスタマイズスキン,
35352,炎の雨（7日）,カスタマイズスキン,
35353,年年有魚提灯（7日）,カスタマイズスキン,
35354,煌めく灯り（7天）,カスタマイズスキン,
35355,灯火闌珊スカート（7天）,カスタマイズスキン,
35356,提灯靴（7日）,カスタマイズスキン,
35357,火樹銀花（7天）,カスタマイズスキン,
35358,游龍団子（7日）,カスタマイズスキン,
35359,金運開花そろばん（7日),カスタマイズスキン,
35360,ハンターマント（7日）,カスタマイズスキン,
35361,ボイドケージ（7日）,カスタマイズスキン,
35362,傘踊りの傘（7日）,カスタマイズスキン,
35363,咲き誇る花火（7日間）,カスタムドレスアップ,
35364,ウルトラモダンマスク（7日分）,カスタムドレスアップ,
35365,オーロラのエンチャント (7 日間),カスタムドレスアップ,
35366,バタフライワルツ（7日間）,カスタムドレスアップ,
35367,ダンシングバタフライ（7日間）,カスタムドレスアップ,
35368,夢のような翼（7日間）,カスタムドレスアップ,
35369,ブロッサム・ウォームス（7日間）,カスタムドレスアップ,
35370,素敵な春（7日間）,カスタムドレスアップ,
35371,桃の花アレイ（7日間）,カスタムドレスアップ,
35372,舞い散る花びらの令 (7日間),カスタムドレスアップ,
35373,ほろ酔いエレガンス（7日間）,カスタムドレスアップ,
35374,スプリングコレクター (7日間),カスタムドレスアップ,
35375,ヴィンテージ グリーン バッグ (7 日間),イベントなどで入手可能。,
35376,グリーンパンツ（7日間）,イベントなどで入手可能。,
35377,フラワーシャツ（7日間）,イベントなどで入手可能。,
35378,勤勉（7日間）,イベントなどで入手可能。,
35379,春の収穫（7日間）,シーズンパスのロックを解除して入手,
35380,桜竹笠（7日間）,シーズンパスのロックを解除して入手,
35381,レディース紙凧（7日間）,カスタムドレスアップ,
35382,比類なき閣下 (7 日間),カスタムドレスアップ,
35383,緑の麦わら帽子（7日間）,カスタムドレスアップ,
35384,雨の中の藁 (7日間),カスタムドレスアップ,
35385,インクロータス (7日間),カスタムドレスアップ,
35386,ライジングスイレン（7日間）,カスタムドレスアップ,
35387,ドラゴンクローパンツ(7日間),カスタムドレスアップ,
35388,ラップボーイ (7日間),カスタムドレスアップ,
35389,ダイビングエキスパート（7日間）,カスタムドレスアップ,
35390,チームリーダードレス（7日間）,カスタムドレスアップ,
35391,春のまなざし（7日間）,カスタムドレスアップ,
35392,フラワーボールト（7日間）,カスタムドレスアップ,
35393,花のささやき (7日間),カスタムドレスアップ,
35394,新しい制服（7日間）,カスタムドレスアップ,
35395,森のピクニック（7日間）,カスタムドレスアップ,
35396,ギャラリードリーム（7日間）,カスタムドレスアップ,
35397,森の協奏曲（7日間）,カスタムドレスアップ,
35398,豊かな春（7日間）,カスタムドレスアップ,
35399,ヒョウ柄ベルト（7日間）,カスタムドレスアップ,
35400,ドリームレインボー（7日間）,カスタムドレスアップ,
35401,パン（7日間）,カスタムドレスアップ,
35402,第一次世界大戦退役軍人シャツ (7 日間),第一次世界大戦の退役軍人を称えるこの文化的なシャツは、ミニ ワールドの提唱者であるあなたに捧げられます。,
35403,キノコの傘帽子（7日間）,カスタムドレスアップ,
35404,マッシュルームリュック（7日間）,カスタムドレスアップ,
35405,キノコ狩り（7日間）,カスタムドレスアップ,
35406,スキーブーツ（7日間）,カスタムドレスアップ,
35407,ちょっとしたトリック (7日間),カスタムドレスアップ,
35408,ピエロユニオン（7日間）,カスタムドレスアップ,
35409,ピエロのセプター (7 日間),カスタムドレスアップ,
35410,欺瞞の書（7日間）,カスタムドレスアップ,
35411,パンツピエロ（7日間）,カスタムドレスアップ,
35412,魅惑のメロディー (7日間),カスタムドレスアップ,
35413,驚愕の瞬間（7日間）,カスタムドレスアップ,
35414,デザートギャラクシー（7日間）,カスタムドレスアップ,
35415,天の輝き (7 日間),カスタムドレスアップ,
35416,オアシスメロディー（7日間）,カスタムドレスアップ,
35417,有名な素晴らしさ (7 日間),カスタムドレスアップ,
35418,限りない風景 (7 日間),カスタムドレスアップ,
35419,静かな竹（7日間）,カスタムドレスアップ,
35420,うさぎちょうちん（7日間）,カスタムドレスアップ,
35421,天体の秘密 (7 日間),カスタムドレスアップ,
35422,ベルベットクリムゾントップ（7日間）,カスタムドレスアップ,
35423,眠たいバニー (7日間),カスタムドレスアップ,
35424,スイートドリーム (7日間),カスタムドレスアップ,
35425,響き渡る歩み (7日間),カスタムドレスアップ,
35426,かわいいドラゴンの咆哮（7日間）,カスタムドレスアップ,
35427,楽しいピクニック（7日間）,カスタムドレスアップ,
35428,幻想的なバタフライ ダンス (7 日間),カスタムドレスアップ,
37000,@Null@,@Null@,@Null@
37001,泉の響き,シェアカード獲得,@Null@
37002,空蝉,カスタマイのズドレスアップ,@Null@
37003,青蓮の靴,シェアカード獲得,@Null@
37004,蓮蔓のリボン,シェアカード獲得,@Null@
37005,翡翠の目,シェアカード獲得,@Null@
37006,乙女の簪,カスタマイのズドレスアップ,@Null@
37007,竹のドレス,カスタマイのズドレスアップ,@Null@
37008,紳士の顔,イベントで獲得,@Null@
37009,ゴールデンシルクのシューズ,カスタマイのズドレスアップ,@Null@
37010,寂しい風　髪,カスタマイのズドレスアップ,@Null@
37011,道教の僧侶のローブ,カスタマイのズドレスアップ,@Null@
37012,オーロラフェザーガウン,カスタマイのズドレスアップ,@Null@
37013,爪音,カスタマイのズドレスアップ,@Null@
37014,永生の花,カスタマイのズドレスアップ,@Null@
37015,切紙を貼る,カスタマイのズドレスアップ,@Null@
37016,フェニックスクラウン,イベントで獲得,@Null@
37017,貴公子,カスタマイのズドレスアップ,@Null@
37018,陶酔,カスタマイのズドレスアップ,@Null@
37019,ミストヴェールハット,カスタマイのズドレスアップ,@Null@
37020,魅惑の狐のマスク,イベントで獲得,@Null@
37021,ウィルフルメロー,カスタマイのズドレスアップ,@Null@
37022,シャドウアサシン,イベントで獲得,@Null@
37023,ブロンズクラウン,カスタマイのズドレスアップ,@Null@
37024,ゼファーガウン,カスタマイのズドレスアップ,@Null@
37025,筝タッセル,カスタマイのズドレスアップ,@Null@
37026,パールベール,カスタマイのズドレスアップ,@Null@
37027,白熊の髪飾り,@Null@,@Null@
37028,白熊のコスチューム,@Null@,@Null@
37029,爆弾の足跡,@Null@,@Null@
37030,熊ガトリン,@Null@,@Null@
37031,ピンクの夏,@Null@,@Null@
37032,ダイナミックローラースケート,@Null@,@Null@
37033,なよ竹,@Null@,@Null@
37034,夕雲,@Null@,@Null@
37035,@Null@,@Null@,@Null@
37036,@Null@,@Null@,@Null@
37037,@Null@,@Null@,@Null@
37038,@Null@,@Null@,@Null@
37039,@Null@,@Null@,@Null@
37040,@Null@,@Null@,@Null@
37041,@Null@,@Null@,@Null@
37042,@Null@,@Null@,@Null@
37043,@Null@,@Null@,@Null@
37044,@Null@,@Null@,@Null@
37045,@Null@,@Null@,@Null@
37046,@Null@,@Null@,@Null@
37047,お団子の髪,イベントで獲得,@Null@
37048,桜の着物,イベントで獲得,@Null@
37049,緋色の下駄,イベントで獲得,@Null@
37050,砂糖漬けのリンゴ,イベントで獲得,@Null@
37051,栗色のカーリーボブ,イベントで獲得,@Null@
37052,夕方,イベントで獲得,@Null@
37053,遊園下駄,イベントで獲得,@Null@
37054,タピオカ,イベントで獲得,@Null@
37055,花柄,カスタマイのズドレスアップ,@Null@
37056,紺碧の髪,カスタマイのズドレスアップ,@Null@
37057,薄緑の夏,カスタマイのズドレスアップ,@Null@
37058,木目の下駄,カスタマイのズドレスアップ,@Null@
37059,デージー,カスタマイのズドレスアップ,@Null@
37060,青い蓮の着物,カスタマイのズドレスアップ,@Null@
37061,鶴の下駄,カスタマイのズドレスアップ,@Null@
37062,節の魚,カスタマイのズドレスアップ,@Null@
37063,猫のシャツ,カスタマイのズドレスアップ,@Null@
37064,クロップドズボン,カスタマイのズドレスアップ,@Null@
37065,ピンク猫のブラウス,カスタマイのズドレスアップ,@Null@
37066,活発なショーツ,カスタマイのズドレスアップ,@Null@
37067,ミルクフーフー,カスタマイのズドレスアップ,@Null@
37068,ラズベリーラブ,カスタマイのズドレスアップ,@Null@
37069,ピンクとの出会い,カスタマイのズドレスアップ,@Null@
37070,ラズベリーフラワー,カスタマイのズドレスアップ,@Null@
37071,甘い言葉,カスタマイのズドレスアップ,@Null@
37072,氷漬けの夏,カスタマイのズドレスアップ,@Null@
37073,夏の着物,カスタマイのズドレスアップ,@Null@
37074,花傘,カスタマイのズドレスアップ,@Null@
37075,夏の下駄,カスタマイのズドレスアップ,@Null@
37076,ひと夏の目覚め,カスタマイのズドレスアップ,@Null@
37077,沙織,カスタマイのズドレスアップ,@Null@
37078,ブブル,カスタマイのズドレスアップ,@Null@
37079,クリームブドウ,カスタマイのズドレスアップ,@Null@
37080,グレープチーズ,カスタマイのズドレスアップ,@Null@
37081,ふわふわぶどうスカート,カスタマイのズドレスアップ,@Null@
37082,フレッシュフルーツバイレピアノ,カスタマイのズドレスアップ,@Null@
37083,ゴールデンマンゴーアイス,イベントで獲得,@Null@
37084,グリーンフレーバー,カスタマイのズドレスアップ,@Null@
37085,オレンジアイス,カスタマイのズドレスアップ,@Null@
37086,ハニーレモンシャツ,カスタマイのズドレスアップ,@Null@
37087,冷たい顔,カスタマイのズドレスアップ,@Null@
37088,クリームペストリー,イベントで獲得,@Null@
37089,パーティーサプライズ,イベントで獲得,@Null@
37090,パーティーピエロ,イベントで獲得,@Null@
37091,バルーンブレスレット,イベントで獲得,@Null@
37092,熊じゃんのスリッパ,イベントで獲得,@Null@
37093,夢見る流星,イベントで獲得,@Null@
37094,スターデューストーリー,イベントで獲得,@Null@
37095,曇の夢,イベントで獲得,@Null@
37096,パープルアイランド,イベントで獲得,@Null@
37097,オレンジフルーツ帽子,イベントで獲得,@Null@
37098,トワイライトユニフォーム,イベントで獲得,@Null@
37099,カジュアルマーティン,イベントで獲得,@Null@
37100,レッドルビーアイズ,カスタマイのズドレスアップ,@Null@
37101,急々如律令,カスタマイのズドレスアップ,@Null@
37102,花の羽,カスタマイのズドレスアップ,@Null@
37103,ゴールデン編み上げブーツ,カスタマイのズドレスアップ,@Null@
37104,ゴールデンドラゴンガウン,カスタマイのズドレスアップ,@Null@
37105,太極,カスタマイのズドレスアップ,@Null@
37106,紫の瞳,カスタマイのズドレスアップ,@Null@
37107,百無禁忌,カスタマイのズドレスアップ,@Null@
37108,魔除けボード,カスタマイのズドレスアップ,@Null@
37109,チュール笠,カスタマイのズドレスアップ,@Null@
37110,千里の道,カスタマイのズドレスアップ,@Null@
37111,寄り添う紅蓮,カスタマイのズドレスアップ,@Null@
37112,フラワーブルーム,カスタマイのズドレスアップ,@Null@
37113,花の下駄,カスタマイのズドレスアップ,@Null@
37114,ひらひら舞うドレス,カスタマイのズドレスアップ,@Null@
37115,彼岸の蝶,カスタマイのズドレスアップ,@Null@
37116,紅蓮,カスタマイのズドレスアップ,@Null@
37117,ゴールデンランタン,カスタマイのズドレスアップ,@Null@
37118,悪魔のブレスレット,カスタマイのズドレスアップ,@Null@
37119,春のご馳走,カスタマイのズドレスアップ,@Null@
37120,包帯ミイラ,カスタマイのズドレスアップ,@Null@
37121,お月見ウサギ,カスタマイのズドレスアップ,@Null@
37122,ブラックババティアラ,カスタマイのズドレスアップ,@Null@
37123,フェニックスアイズ,カスタマイのズドレスアップ,@Null@
37124,ブラックババトップス,カスタマイのズドレスアップ,@Null@
37125,ブラックババ靴,カスタマイのズドレスアップ,@Null@
37126,ブラックババ手飾り,カスタマイのズドレスアップ,@Null@
37127,ブラックババ背飾り,カスタマイのズドレスアップ,@Null@
37128,ブラックウーウーティアラ,カスタマイのズドレスアップ,@Null@
37129,オッドアイの呪い,カスタマイのズドレスアップ,@Null@
37130,ブラックウーウートップス,カスタマイのズドレスアップ,@Null@
37131,ブラックウーウー靴,カスタマイのズドレスアップ,@Null@
37132,ブラックウーウー手飾り,カスタマイのズドレスアップ,@Null@
37133,ブラックウーウー背飾り,カスタマイのズドレスアップ,@Null@
37134,ブラックマーマーティアラ,カスタマイのズドレスアップ,@Null@
37135,彩雲ナイン,カスタマイのズドレスアップ,@Null@
37136,ブラックマーマートップス,カスタマイのズドレスアップ,@Null@
37137,ブラックマーマー靴,カスタマイのズドレスアップ,@Null@
37138,ブラックマーマー背飾り,カスタマイのズドレスアップ,@Null@
37139,邪悪なマスク,カスタマイのズドレスアップ,@Null@
37140,ミンク襟巻き,カスタマイのズドレスアップ,@Null@
37141,ブロークンホーンデーモン,カスタマイのズドレスアップ,@Null@
37142,和風スリッパ,カスタマイのズドレスアップ,@Null@
37143,かわいい熊バッグ,カスタマイのズドレスアップ,@Null@
37144,萌え系丸いフレーム,カスタマイのズドレスアップ,@Null@
37145,花のロングボウ,カスタマイのズドレスアップ,@Null@
37146,スターライト・グリッター,カスタマイのズドレスアップ,@Null@
37147,花の精霊,カスタマイのズドレスアップ,@Null@
37148,緑の朝露,カスタマイのズドレスアップ,@Null@
37149,アストラルブルーム,カスタマイのズドレスアップ,@Null@
37150,フラワーエンブロイダリーワンピース,カスタマイのズドレスアップ,@Null@
37151,ウサギのセーラー服,カスタマイのズドレスアップ,@Null@
37152,プレーンショーツ,カスタマイのズドレスアップ,@Null@
37153,オレンジハートブレード,カスタマイのズドレスアップ,@Null@
37154,グリーンチャームアーマー,カスタマイのズドレスアップ,@Null@
37155,機械ヘルメット,カスタマイのズドレスアップ,@Null@
37156,アーマーブーツ,カスタマイのズドレスアップ,@Null@
37157,ダークオレンジアーマー,カスタマイのズドレスアップ,@Null@
37158,グリーンアイリス,カスタマイのズドレスアップ,@Null@
37159,マジックワンド,カスタマイのズドレスアップ,@Null@
37160,コバルトスター,カスタマイのズドレスアップ,@Null@
37161,スターフィッシュブーツ,カスタマイのズドレスアップ,@Null@
37162,マジックスターリー,カスタマイのズドレスアップ,@Null@
37163,シャイニークリスタル,カスタマイのズドレスアップ,@Null@
37164,クールサマー,カスタマイのズドレスアップ,@Null@
37165,サマーショーツ,カスタマイのズドレスアップ,@Null@
37166,バンブーワイン,カスタマイのズドレスアップ,@Null@
37167,スプラウトソウル,カスタマイのズドレスアップ,@Null@
37168,ブルールミナンスライト,カスタマイのズドレスアップ,@Null@
37169,アースクエイク,カスタマイのズドレスアップ,@Null@
37170,ファンタジーキャンドルライト,カスタマイのズドレスアップ,@Null@
37171,スプラウトライト,カスタマイのズドレスアップ,@Null@
37172,シルバームーンライト,カスタマイのズドレスアップ,@Null@
37173,サプライズスター,カスタマイのズドレスアップ,@Null@
37174,スタークラウン,カスタマイのズドレスアップ,@Null@
37175,ダスクブーツ,カスタマイのズドレスアップ,@Null@
37176,スターベルトマント,カスタマイのズドレスアップ,@Null@
37177,星を掴め,カスタマイのズドレスアップ,@Null@
37178,ルーミングスター,カスタマイのズドレスアップ,@Null@
37179,小さなさわやかな笑顔,カスタマイのズドレスアップ,@Null@
37180,さわやかサンダル,カスタマイのズドレスアップ,@Null@
37181,翡翠の蓮の葉,カスタマイのズドレスアップ,@Null@
37182,月の上のウサギ,カスタマイのズドレスアップ,@Null@
37183,ハートフルムーン,カスタマイのズドレスアップ,@Null@
37184,星の十字架,カスタマイのズドレスアップ,@Null@
37185,ホワイトムーンライト,カスタマイのズドレスアップ,@Null@
37186,星のうさぎ,カスタマイのズドレスアップ,@Null@
37187,ムーンフェアリー,カスタマイのズドレスアップ,@Null@
37188,うさぎのタキシード,カスタマイのズドレスアップ,@Null@
37189,リトルジェントルマン,カスタマイのズドレスアップ,@Null@
37190,バニーイヤートップハット,カスタマイのズドレスアップ,@Null@
37191,バニーコットンバッド,カスタマイのズドレスアップ,@Null@
37192,キュートバニーシューズ,カスタマイのズドレスアップ,@Null@
37193,アイシー・スウィート,カスタマイのズドレスアップ,@Null@
37194,もう一度,カスタマイのズドレスアップ,@Null@
37195,スカートのひらき,カスタマイのズドレスアップ,@Null@
37196,スイートハートブーツ,カスタマイのズドレスアップ,@Null@
37197,甘い夏,カスタマイのズドレスアップ,@Null@
37198,オレンジソーダ,カスタマイのズドレスアップ,@Null@
37199,ファンタジー観覧車,カスタマイのズドレスアップ,@Null@
37200,かわいいミルクネコ,カスタマイのズドレスアップ,@Null@
37201,旅のバルーン,カスタマイのズドレスアップ,@Null@
37202,ゴールドパターンの靴,カスタマイのズドレスアップ,@Null@
37203,フェニックスのファン,カスタマイのズドレスアップ,@Null@
37204,フェニックスベール,カスタマイのズドレスアップ,@Null@
37205,フェニックスの花びら,カスタマイのズドレスアップ,@Null@
37206,りゅうみゃく,カスタマイのズドレスアップ,@Null@
37207,膨らみのあるチャイナドレス,カスタマイのズドレスアップ,@Null@
37208,窓辺の影,カスタマイのズドレスアップ,@Null@
37209,美しい食事,カスタマイのズドレスアップ,@Null@
37210,華麗なファン,カスタマイのズドレスアップ,@Null@
37211,優しい髪,カスタマイのズドレスアップ,@Null@
37212,金色のフェニックスの靴,カスタマイのズドレスアップ,@Null@
37213,旅人のブーツ,カスタマイのズドレスアップ,@Null@
37214,スクロールバックパック,カスタマイのズドレスアップ,@Null@
37215,満天の星,カスタマイのズドレスアップ,@Null@
37216,万能ブリティッシュパンツ,カスタマイのズドレスアップ,@Null@
37217,旅人のガウン,カスタマイのズドレスアップ,@Null@
37218,パスファインダーキャップ,カスタマイのズドレスアップ,@Null@
37219,蓮のさざなみスカート,カスタマイのズドレスアップ,@Null@
37220,蓮の池の景色,カスタマイのズドレスアップ,@Null@
37221,緑の瞳,カスタマイのズドレスアップ,@Null@
37222,蓮のウサギ耳髪型,カスタマイのズドレスアップ,@Null@
37223,青い刺繍の靴,カスタマイのズドレスアップ,@Null@
37224,フィネスの羽根,カスタマイのズドレスアップ,@Null@
37225,機能的なコート,カスタマイのズドレスアップ,@Null@
37226,カジュアルスポーツパンツ,カスタマイのズドレスアップ,@Null@
37227,くまハグパンツ,カスタマイのズドレスアップ,@Null@
37228,ニットフリース,カスタマイのズドレスアップ,@Null@
37229,シェイクカップ,カスタマイのズドレスアップ,@Null@
37230,リトルフィン,カスタマイのズドレスアップ,@Null@
37231,ポケットレインコート,カスタマイのズドレスアップ,@Null@
37232,ハートの帽子,カスタマイのズドレスアップ,@Null@
37233,白猫,カスタマイのズドレスアップ,@Null@
37234,カラースタックスカート,カスタマイのズドレスアップ,@Null@
37235,かわいいフルーツボックス,カスタマイのズドレスアップ,@Null@
37236,フリースパンツ,カスタマイのズドレスアップ,@Null@
37237,フルーツジャムハート,カスタマイのズドレスアップ,@Null@
37238,ハリネズミのフルーツ,カスタマイのズドレスアップ,@Null@
37239,キュートなツメ靴,カスタマイのズドレスアップ,@Null@
37240,ハリネズミのプルオーバー,カスタマイのズドレスアップ,@Null@
37241,アイスアーマーヘルメット,カスタマイのズドレスアップ,@Null@
37242,ブルーアイスパンツ,カスタマイのズドレスアップ,@Null@
37243,ドミネーター,カスタマイのズドレスアップ,@Null@
37244,ロイヤルソード,カスタマイのズドレスアップ,@Null@
37245,トンボの翼,カスタマイのズドレスアップ,@Null@
37246,優しい風の目,カスタマイのズドレスアップ,@Null@
37247,魔法の妖精,カスタマイのズドレスアップ,@Null@
37248,スピリチュアルバタフライ,カスタマイのズドレスアップ,@Null@
37249,スタートンボブーツ,カスタマイのズドレスアップ,@Null@
37250,ミスティグリーンシャツ,カスタマイのズドレスアップ,@Null@
37251,ファットフルムーン,カスタマイのズドレスアップ,@Null@
37252,ジェントルビューティ,カスタマイのズドレスアップ,@Null@
37253,バタフライ・ジェイド,カスタマイのズドレスアップ,@Null@
37254,ミスティ・ティアーズ,カスタマイのズドレスアップ,@Null@
37255,サファイア・パール・スモーク,カスタマイのズドレスアップ,@Null@
37256,アーリースノー,カスタマイのズドレスアップ,@Null@
37257,フロスティ・ビューティー,カスタマイのズドレスアップ,@Null@
37258,フロスティ・スノー,カスタマイのズドレスアップ,@Null@
37259,フロストクリスタルレルム,カスタマイのズドレスアップ,@Null@
37260,スノーウィー・コンデンス,カスタマイのズドレスアップ,@Null@
37261,氷の上を歩く,カスタマイのズドレスアップ,@Null@
37262,フロストバトルギア,カスタマイのズドレスアップ,@Null@
37263,キャンディパンプキンの服,カスタマイのズドレスアップ,@Null@
37264,暖かいカボチャの帽子,カスタマイのズドレスアップ,@Null@
37265,溶けるハチミツ,カスタマイのズドレスアップ,@Null@
37266,ハロウィンの蜘蛛の巣,カスタマイのズドレスアップ,@Null@
37267,レッドメイプルレザーブーツ,カスタマイのズドレスアップ,@Null@
37268,レッドクラウド目,カスタマイのズドレスアップ,@Null@
37269,秋のメープルのマント,カスタマイのズドレスアップ,@Null@
37270,秋晴れのもみじ,カスタマイのズドレスアップ,@Null@
37271,楓の葉,カスタマイのズドレスアップ,@Null@
37272,魔女がやってくる,カスタマイのズドレスアップ,@Null@
37273,カボチャのファニーフェイス,カスタマイのズドレスアップ,@Null@
37274,パンプキンチュチュ,カスタマイのズドレスアップ,@Null@
37275,リボンブーツ,カスタマイのズドレスアップ,@Null@
37276,魔法使いの少年の帽子,カスタマイのズドレスアップ,@Null@
37277,グレープパープルヘア,カスタマイのズドレスアップ,@Null@
37278,ボウノットパジャマパンツ,カスタマイのズドレスアップ,@Null@
37279,ボウノットパジャマ,カスタマイのズドレスアップ,@Null@
37280,キュートなポラロイド,カスタマイのズドレスアップ,@Null@
37281,花柄のゲームマシン,カスタマイのズドレスアップ,@Null@
37282,オレンジハートマジック,カスタマイのズドレスアップ,@Null@
37283,キャンディージュエリー,カスタマイのズドレスアップ,@Null@
37284,白髪の魔女,カスタマイのズドレスアップ,@Null@
37285,キャンディマーティンブーツ,カスタマイのズドレスアップ,@Null@
37286,ハートショートスカート,カスタマイのズドレスアップ,@Null@
37287,魔術杖のマント,カスタマイのズドレスアップ,@Null@
37288,驚いた萌え態度,カスタマイのズドレスアップ,@Null@
37289,かぼちゃの帽子,カスタマイのズドレスアップ,@Null@
37290,しわくちゃな靴,カスタマイのズドレスアップ,@Null@
37291,籐の少年,カスタマイのズドレスアップ,@Null@
37292,秋のもみじ,カスタマイのズドレスアップ,@Null@
37293,落桜の目,カスタマイのズドレスアップ,@Null@
37294,粉桜ダンス靴,カスタマイのズドレスアップ,@Null@
37295,月白兎耳,カスタマイのズドレスアップ,@Null@
37296,粉桜兎,カスタマイのズドレスアップ,@Null@
37297,落桜の国,カスタマイのズドレスアップ,@Null@
37298,永遠の星河,カスタマイのズドレスアップ,@Null@
37299,星を踏み行く,カスタマイのズドレスアップ,@Null@
37300,星神神冠,カスタマイのズドレスアップ,@Null@
37301,白い星光,カスタマイのズドレスアップ,@Null@
37302,星光が巡る,カスタマイのズドレスアップ,@Null@
37303,星のように輝く,カスタマイのズドレスアップ,@Null@
37304,星河マジックブーツ,カスタマイのズドレスアップ,@Null@
37305,星光神輪,カスタマイのズドレスアップ,@Null@
37306,プリーツパフスカート,カスタマイのズドレスアップ,@Null@
37307,銀河の星,カスタマイのズドレスアップ,@Null@
37308,温かい笑顔,カスタマイのズドレスアップ,@Null@
37309,ファーリーブーツ,カスタマイのズドレスアップ,@Null@
37310,羊毛シルクハット,カスタマイのズドレスアップ,@Null@
37311,空青半ズボン,カスタマイのズドレスアップ,@Null@
37312,十字星輝服,カスタマイのズドレスアップ,@Null@
37313,メメメメ,カスタマイのズドレスアップ,@Null@
37314,暖かいブーツ,カスタマイのズドレスアップ,@Null@
37315,メメ羊の帽,カスタマイのズドレスアップ,@Null@
37316,無限の愛,カスタマイのズドレスアップ,@Null@
37317,カシミアの上着,カスタマイのズドレスアップ,@Null@
37318,プリーツスカート,カスタマイのズドレスアップ,@Null@
37319,星と月,カスタマイのズドレスアップ,@Null@
37320,青と緑の冬,カスタマイのズドレスアップ,@Null@
37321,暖かい冬,カスタマイのズドレスアップ,@Null@
37322,冬ポンポンスカート,カスタマイのズドレスアップ,@Null@
37323,熊爪雪靴,カスタマイのズドレスアップ,@Null@
37324,雪兎の三つ編み,カスタマイのズドレスアップ,@Null@
37325,キラーの目,カスタマイのズドレスアップ,@Null@
37326,星で飾られて夜行,カスタマイのズドレスアップ,@Null@
37327,月夜の行者,カスタマイのズドレスアップ,@Null@
37328,蒼き狼の白髪,カスタマイのズドレスアップ,@Null@
37329,疾行の靴,カスタマイのズドレスアップ,@Null@
37330,花の蝶の舞,カスタマイのズドレスアップ,@Null@
37331,夜のドレス,カスタマイのズドレスアップ,@Null@
37332,幻夜の主,カスタマイのズドレスアップ,@Null@
37333,幻夜の目,カスタマイのズドレスアップ,@Null@
37334,蝶ひらひら舞う,カスタマイのズドレスアップ,@Null@
37335,グリッターキャンドルライト,カスタマイのズドレスアップ,@Null@
37336,キャンドルライトアイズ,カスタマイのズドレスアップ,@Null@
37337,スターキュロットスカート,カスタマイのズドレスアップ,@Null@
37338,リベレーションズ,カスタマイのズドレスアップ,@Null@
37339,神様の言葉,カスタマイのズドレスアップ,@Null@
37340,落暉の短髪,カスタマイのズドレスアップ,@Null@
37341,聖潔の白い靴,カスタマイのズドレスアップ,@Null@
37342,星の海,カスタマイのズドレスアップ,@Null@
37343,永遠の花語,カスタマイのズドレスアップ,@Null@
37344,聖女のドレス,カスタマイのズドレスアップ,@Null@
37345,夜明けの星の輝き,カスタマイのズドレスアップ,@Null@
37346,闇夜の紫,カスタマイのズドレスアップ,@Null@
37347,未来を予示,カスタマイのズドレスアップ,@Null@
37348,運命の主,カスタマイのズドレスアップ,@Null@
37349,一目惚れ,カスタマイのズドレスアップ,@Null@
37350,星夜の靴,カスタマイのズドレスアップ,@Null@
37351,謎の白,カスタマイのズドレスアップ,@Null@
37352,リズミカルな波,カスタマイのズドレスアップ,@Null@
37353,にゃんこまばたき,カスタマイのズドレスアップ,@Null@
37354,深刻な目,カスタマイのズドレスアップ,@Null@
37355,ピンクガール,カスタマイのズドレスアップ,@Null@
37356,レースのリストバンド,カスタマイのズドレスアップ,@Null@
37357,猫耳萌え髪,カスタマイのズドレスアップ,@Null@
37358,金珠碧簾,カスタマイのズドレスアップ,@Null@
37359,ファッションスケートボード,カスタマイのズドレスアップ,@Null@
37360,オレンジ紫レジャー,カスタマイのズドレスアップ,@Null@
37361,ファッションジャケット,カスタマイのズドレスアップ,@Null@
37362,牛皮マルティブーツ,カスタマイのズドレスアップ,@Null@
37363,心温まる猫耳,カスタマイのズドレスアップ,@Null@
37364,姫虹,カスタマイのズドレスアップ,@Null@
37365,毛玉スノーブーツ,カスタマイのズドレスアップ,@Null@
37366,マントドレス,カスタマイのズドレスアップ,@Null@
37367,宇宙くま,カスタマイのズドレスアップ,@Null@
37368,カラーハロン,カスタマイのズドレスアップ,@Null@
37369,スイートハートツインテール,カスタマイのズドレスアップ,@Null@
37370,スノーブーツ,カスタマイのズドレスアップ,@Null@
37371,くま帽子,カスタマイのズドレスアップ,@Null@
37372,カラーヘッドホン,カスタマイのズドレスアップ,@Null@
37373,藤の花びら,カスタマイのズドレスアップ,@Null@
37374,2022年寅年ステッカー,カスタマイのズドレスアップ,@Null@
37375,2022年寅年足跡,カスタマイのズドレスアップ,@Null@
37376,王族の冠,カスタマイのズドレスアップ,@Null@
37377,シェイ,カスタマイのズドレスアップ,@Null@
37378,花弁帽の長髪,カスタマイのズドレスアップ,@Null@
37379,碧色弦月,カスタマイのズドレスアップ,@Null@
37380,明るい笑顔,カスタマイのズドレスアップ,@Null@
37381,帝のクラウンヘア,カスタマイのズドレスアップ,@Null@
37382,タイガーベルベットドレス,カスタマイのズドレスアップ,@Null@
37383,ハッピーライト,カスタマイのズドレスアップ,@Null@
37384,ワイドスリーブブラウス,カスタマイのズドレスアップ,@Null@
37385,ローズスカート,カスタマイのズドレスアップ,@Null@
37386,ハッピードレス,カスタマイのズドレスアップ,@Null@
37387,古風な服,カスタマイのズドレスアップ,@Null@
37388,明るい黄色のリボン,カスタマイのズドレスアップ,@Null@
37389,鹿耳啓発,カスタマイのズドレスアップ,@Null@
37390,シルバーシールド王将,カスタマイのズドレスアップ,@Null@
37391,クリスマスデザート,カスタマイのズドレスアップ,@Null@
37392,クリスマス温もり,カスタマイのズドレスアップ,@Null@
37393,クリスマススノーブーツ,カスタマイのズドレスアップ,@Null@
37394,クリスマスドレス,カスタマイのズドレスアップ,@Null@
37395,クリスマス小鹿の耳,カスタマイのズドレスアップ,@Null@
37396,クリスマスエルク,カスタマイのズドレスアップ,@Null@
37397,クリスマス学生服,カスタマイのズドレスアップ,@Null@
37398,クリスマスズボン,カスタマイのズドレスアップ,@Null@
37399,クリスマスの靴,カスタマイのズドレスアップ,@Null@
37400,華服の靴,カスタマイのズドレスアップ,@Null@
37401,かわいい虎の足跡,イベントで獲得,@Null@
37402,ブレスドタイガー,イベントで獲得,@Null@
37403,溢れた福,イベントで獲得,@Null@
37404,虎頭の靴,イベントで獲得,@Null@
37405,萌え虎リュック,イベントで獲得,@Null@
37406,祝い爆竹,イベントで獲得,@Null@
37407,ペーパーカットタイガーシール,イベントで獲得,@Null@
37408,虎の耳の髪飾り,イベントで獲得,@Null@
37409,タイガーテール,イベントで獲得,@Null@
37410,福の扇,カスタマイのズドレスアップ,@Null@
37411,雪の装飾,カスタマイのズドレスアップ,@Null@
37412,ベルダブルポニーテール,カスタマイのズドレスアップ,@Null@
37413,祝い春節ドレス,カスタマイのズドレスアップ,@Null@
37414,ハッピーローブ,カスタマイのズドレスアップ,@Null@
37415,パピージャケット,カスタマイのズドレスアップ,@Null@
37416,新春中国風,カスタマイのズドレスアップ,@Null@
37417,カラーストライプのラッパズボン,カスタマイのズドレスアップ,@Null@
37418,エルフキングヘア,カスタマイのズドレスアップ,@Null@
37419,春の花の髪,カスタマイのズドレスアップ,@Null@
37420,ジュエルポイントブーツ,カスタマイのズドレスアップ,@Null@
37421,花束を持つ,カスタマイのズドレスアップ,@Null@
37422,木の枝の月ペンダント,カスタマイのズドレスアップ,@Null@
37423,ハッピーボールヘッド,カスタマイのズドレスアップ,@Null@
37424,明るい花火,カスタマイのズドレスアップ,@Null@
37425,ウエディングドレスでのヘアクラウン,カスタマイのズドレスアップ,@Null@
37426,新春レッドヘッドブーツ,カスタマイのズドレスアップ,@Null@
37427,フラワーポッドドレス,カスタマイのズドレスアップ,@Null@
37428,新春ドレス,カスタマイのズドレスアップ,@Null@
37429,祝い福袋,カスタマイのズドレスアップ,@Null@
37430,ドリアン少年のヘルメット,カスタマイのズドレスアップ,@Null@
37431,ドリアン少年の表情,カスタマイのズドレスアップ,@Null@
37432,ドリアン少年の靴,カスタマイのズドレスアップ,@Null@
37433,ドリアン少年の服,カスタマイのズドレスアップ,@Null@
37434,パイナップルヘッド,カスタマイのズドレスアップ,@Null@
37435,ゴールドエッジ,カスタマイのズドレスアップ,@Null@
37436,ズボン,カスタマイのズドレスアップ,@Null@
37437,巨大なマスク,カスタマイのズドレスアップ,@Null@
37438,さわやかなレモン,カスタマイズのドレスアップ,
37439,成又又,カスタマイのズドレスアップ,@Null@
37440,小さな積む帽子,カスタマイのズドレスアップ,@Null@
37441,チェインジャケット,カスタマイのズドレスアップ,@Null@
37442,多彩スニーカー,カスタマイのズドレスアップ,@Null@
37443,歯をむき出して笑う,カスタマイのズドレスアップ,@Null@
37444,ピンク色ふわふわうさぎ,カスタマイのズドレスアップ,@Null@
37445,花びらレース靴,カスタマイのズドレスアップ,@Null@
37446,白いチェーンパンツ,カスタマイのズドレスアップ,@Null@
37447,ヒップホップ帽子,カスタマイのズドレスアップ,@Null@
37448,花びらのポンポンスカート,カスタマイのズドレスアップ,@Null@
37449,花目紗,カスタマイのズドレスアップ,@Null@
37450,萌え萌えの甘える,カスタマイのズドレスアップ,@Null@
37451,オレンジ民族風,カスタマイのズドレスアップ,@Null@
37452,春のシフォンワンピース,カスタマイのズドレスアップ,@Null@
37453,ダブルフラワーヘア,カスタマイのズドレスアップ,@Null@
37454,ハーフフレーム眼鏡,カスタマイのズドレスアップ,@Null@
37455,バブルガム,ミニポイントで獲得,@Null@
37456,ヤッピーショートヘア,ミニポイントで獲得,@Null@
37457,セーラー服スカート,ミニポイントで獲得,@Null@
37458,星間宇宙飛行士,イベントで獲得,@Null@
37459,ピンクかわいい宇宙飛行士,イベントで獲得,@Null@
37460,かわいい小さな帽子,イベントで獲得,@Null@
37461,セーラー服のシャツ,イベントで獲得,@Null@
37462,青い目と笑顔の目,カスタマイのズドレスアップ,@Null@
37463,緑のブロードジャケット,カスタマイのズドレスアップ,@Null@
37464,ベアカール,カスタマイのズドレスアップ,@Null@
37465,白と緑の礼服,カスタマイのズドレスアップ,@Null@
37466,カラフルな蝶,カスタマイのズドレスアップ,@Null@
37467,カエオショーツ,カスタマイのズドレスアップ,@Null@
37468,黒光りする革靴,カスタマイのズドレスアップ,@Null@
37469,緑の藤蔓のブレスレット,カスタマイのズドレスアップ,@Null@
37470,かわいいウサギの運動靴,カスタマイのズドレスアップ,@Null@
37471,水仙,カスタマイのズドレスアップ,@Null@
37472,ソフトアイズ,カスタマイのズドレスアップ,@Null@
37473,マーメイドウィング,カスタマイのズドレスアップ,@Null@
37474,ハンサムボートハット,カスタマイのズドレスアップ,@Null@
37475,エレガントベール,カスタマイのズドレスアップ,@Null@
37476,飾り灯籠,カスタマイのズドレスアップ,@Null@
37477,ディープブルーテクノロジー,シェアカード獲得,@Null@
37478,スタッズシャツ,イベントで獲得,@Null@
37479,フローラルカラージャケット,ミニポイントで獲得,@Null@
37480,レースリボン,ミニポイントで獲得,@Null@
37481,機械の甲靴,カスタマイのズドレスアップ,@Null@
37482,オオカミの耳の長い髪,カスタマイのズドレスアップ,@Null@
37483,パフスリーブシルク,カスタマイのズドレスアップ,@Null@
37484,スミレのバスケット,カスタマイのズドレスアップ,@Null@
37485,デザートダンスワイドレッグパンツ,カスタマイのズドレスアップ,@Null@
37486,淡いピンクオレンジの花びら,カスタマイのズドレスアップ,@Null@
37487,ヴィンテージベベルパールハット,カスタマイのズドレスアップ,@Null@
37488,ハイウエストレースワンピース,カスタマイのズドレスアップ,@Null@
37489,ロータスペンダント,カスタマイのズドレスアップ,@Null@
37490,皎潔輝く,シェアカード獲得,@Null@
37491,星の川,カスタマイのズドレスアップ,@Null@
37492,緑の瞳深紅色の顔,カスタマイのズドレスアップ,@Null@
37493,緋蓮の葉,カスタマイのズドレスアップ,@Null@
37494,テンダーピーチ,カスタマイのズドレスアップ,@Null@
37495,スポーツ頭巾,カスタマイズのドレスアップ,
37496,ジャケットスポーツウェア,カスタマイズのドレスアップ,
37497,溢れる青春,カスタマイズのドレスアップ,
37498,探偵帽子短髪,カスタマイズのドレスアップ,
37499,ファッションスポーツショーツ,カスタマイズのドレスアップ,
37500,スイングテールスカート,カスタマイズのドレスアップ,
37501,シェルトゥハイヒール,カスタマイズのドレスアップ,
37502,ホッケーヘルメット,カスタマイズのドレスアップ,
37503,ボウティアラ,カスタマイズのドレスアップ,
37504,花冠姫カール,カスタマイズのドレスアップ,
37505,ゴールドフロンタルインレイ,カスタマイズのドレスアップ,
37506,レースドレス,カスタマイズのドレスアップ,
37507,梨の弓と矢,カスタマイズのドレスアップ,
37508,オールインワンサロペット,カスタマイズのドレスアップ,
37509,オフショルダーの花びらの袖,カスタマイズのドレスアップ,
37510,女子スポーツトレンチコート,カスタマイズのドレスアップ,
37511,酔った瞳,カスタマイズのドレスアップ,
37512,あじさいセプター,カスタマイズのドレスアップ,
37513,シルバーブレスレット,カスタマイズのドレスアップ,
37514,メープル傘,カスタマイズのドレスアップ,
37515,海塩キャンディ青い髪,シェアカード獲得,
37516,海塩クリームシャツ,シェアカード獲得,
37517,ロリポップジーンズ,シェアカード獲得,
37518,クリーム雲靴,シェアカード獲得,
37519,おいしいマカロン,カスタマイズのドレスアップ,
37520,パイナップルパン,カスタマイズのドレスアップ,
37521,ホワイトチョコレートドレス,カスタマイズのドレスアップ,
37522,ココナッツブーツ,カスタマイズのドレスアップ,
37523,弓ターバン,シェアカード獲得,
37524,アリードレス,シェアカード獲得,
37525,アリーブーツ,シェアカード獲得,
37526,優しいユリ,シェアカード獲得,
37527,スイート抹茶ラテ,イベントで獲得,
37528,聖夜エルフのヘッドギア,カスタマイズのドレスアップ,
37529,聖夜エルフのドレス,カスタマイズのドレスアップ,
37530,ニヤニヤ顔,カスタマイズのドレスアップ,
37531,ウエスタンデニムスカート,カスタマイズのドレスアップ,
37532,グリーンの瞳,カスタマイズのドレスアップ,
37533,ハーフフェイスアーマー,カスタマイズのドレスアップ,
37534,ストリートローラースケート,カスタマイズのドレスアップ,
37535,七三分けオールバック,カスタマイズのドレスアップ,
37536,日本フェンシング,カスタマイズのドレスアップ,
37537,ウェーブドレス,カスタマイズのドレスアップ,
37538,ウィングハイヒール,カスタマイズのドレスアップ,
37539,カラフルな翼,カスタマイズのドレスアップ,
37540,黒鉄王のマスク,カスタマイズのドレスアップ,
37541,女王の王冠,カスタマイズのドレスアップ,
37542,夏の言葉,カスタマイズのドレスアップ,
37543,黒翼の盾,カスタマイズのドレスアップ,
37544,黒ガーゼクラシック,カスタマイズのドレスアップ,
37545,漠河マチェーテ,カスタマイズのドレスアップ,
37546,藤蔓の竹の帽子,カスタマイズのドレスアップ,
37547,ジャンプバニー,カスタマイズのドレスアップ,
37548,ケープアーマー,カスタマイズのドレスアップ,
37549,優しい小さな仲人,カスタマイズのドレスアップ,
37550,シルバーケープ,カスタマイズのドレスアップ,
37551,サマーサンウェア,イベントで獲得,
37552,キャンプ野球ユニフォーム,イベントで獲得,
37553,狭い涼しげな目,ミニポイントで獲得,
37554,身長を伸びるカジュアルランニングシューズ,ミニポイントで獲得,
37555,プラネットシリーズパジャマパンツ,ミニポイントで獲得,
37556,ホットオレンジとレッド,ミニポイントで獲得,
37557,プラネットフェイス,カスタマイズのドレスアップ,
37558,大声で泣き叫ぶ,カスタマイズのドレスアップ,
37559,試験管作業ズボン,カスタマイズのドレスアップ,
37560,端午つぼみ衣,カスタマイズのドレスアップ,
37561,ストリート黄色いスカート,カスタマイズのドレスアップ,
37562,端午つぼみソックス,カスタマイズのドレスアップ,
37563,ピンクアフロ,カスタマイズのドレスアップ,
37564,試験メガネ,カスタマイズのドレスアップ,
37565,ロングフェザーファン,カスタマイズのドレスアップ,
37566,キャンプカジュアルパンツ,カスタマイズのドレスアップ,
37567,カラフルな星,カスタマイズのドレスアップ,
37568,端午バタフライダンスアジサイ,カスタマイズのドレスアップ,
37569,プラネット科学者,カスタマイズのドレスアップ,
37570,クマの爪マーティンブーツ,カスタマイズのドレスアップ,
37571,レインボーダブルポニーテール,カスタマイズのドレスアップ,
37572,キャンディー仙女のステッキ,カスタマイズのドレスアップ,
37573,ケーキスウィートスカート,カスタマイズのドレスアップ,
37574,花柄の革靴,カスタマイズのドレスアップ,
37575,キャンディバニーの足跡,カスタマイズのドレスアップ,
37576,作業試験管服,カスタマイズのドレスアップ,
37577,カラフルなクラゲ,カスタマイズのドレスアップ,
37578,チェーンブルーメガネ,カスタマイズのドレスアップ,
37579,西部地域の浅い海服,イベントで獲得,
37580,西部地域マーメイドスカート,イベントで獲得,
37581,乗馬用帽子,イベントで獲得,
37582,熱波サーフボード,イベントで獲得,
37583,浅い水フロート,ミニポイントで獲得,
37584,深海奇観,ミニポイントで獲得,
37585,海月靴,カスタマイズのドレスアップ,
37586,作業試験管靴,カスタマイズのドレスアップ,
37587,海塩レモン,カスタマイズのドレスアップ,
37588,レースストラップ,カスタマイズのドレスアップ,
37589,ハートのつぼみパンツ,カスタマイズのドレスアップ,
37590,青いクラゲ,カスタマイズのドレスアップ,
37591,ドレスショーツ,カスタマイズのドレスアップ,
37592,洋式ドレス,カスタマイズのドレスアップ,
37593,夏の潔,カスタマイズのドレスアップ,
37594,波を踏む,カスタマイズのドレスアップ,
37595,虹を飛び越える魚,カスタマイズのドレスアップ,
37596,琉璃泣く,カスタマイズのドレスアップ,
37597,桃色の花の長い髪,カスタマイズのドレスアップ,
37598,目の下の花,カスタマイズのドレスアップ,
37599,ゴールドフェザーファン,カスタマイズのドレスアップ,
37600,愛でいっぱい,カスタマイズのドレスアップ,
37601,氷の乙女の王冠,カスタマイズのドレスアップ,
37602,蝶のサラウンド,カスタマイズのドレスアップ,
37603,リボンラブレター,カスタマイズのドレスアップ,
37604,カラフルな仙女のステッキ,カスタマイズのドレスアップ,
37605,レインボーロリポ,カスタマイズのドレスアップ,
37606,ゴールデンシルクのの蝶の靴,カスタマイズのドレスアップ,
37607,深淵の歌,カスタマイズのドレスアップ,
37608,黒のタブースカート,カスタマイズのドレスアップ,
37609,千島の夢,カスタマイズアバター,
37610,魅力的なケバヤ,カスタマイズアバター,
37611,情熱的なインドネシアの帽子,カスタマイズアバター,
37612,情熱的なバティックシャツ,カスタマイズアバター,
37613,昔かたぎのローファー · シューズ,カスタムドレスアップ,
37614,闇の夜,カスタムドレスアップ,
37615,女子学校怪談,カスタムドレスアップ,
37616,ジメジメ,カスタムドレスアップ,
37617,バージョンが低すぎる,カスタムドレスアップ,
37618,バージョンが低すぎる,カスタムドレスアップ,
37619,ダイナソーセット	,イベント獲得,
37620,リトルベアセット	,イベント獲得,
37621,酔っぱらいの顔	,ミニポイントショップ獲得,
37622,会話用ヘッドセット	,ミニポイントショップ獲得,
37623,学院服,カスタマイズドレスアップ,
37624,学院ニ色ハーフスカート	,カスタマイズドレスアップ,
37625,クジラパーティー帽子,カスタマイズドレスアップ,
37626,学院ハンドバッグ,カスタマイズドレスアップ,
37627,レインボークールハイヒール,カスタマイズドレスアップ,
37628,リトルフォックスアイマスク,カスタマイズドレスアップ,
37629,ゴシックパンツ,カスタマイズドレスアップ,
37630,異瞳失われた魂の夜,カスタマイズドレスアップ,
37631,足元の花,カスタマイズドレスアップ,
37632,優雅な女の子のベール,カスタマイズドレスアップ,
37633,花月の夜,カスタマイズドレスアップ,
37634,オオカミの少年,カスタマイズドレスアップ,
37635,黒のシフォンレースサスペンダー,カスタマイズドレスアップ,
37636,双子霊,カスタマイズドレスアップ,
37637,曲韵芳华,カスタマイズドレスアップ,
37638,ホオジロザメ人形,カスタマイズドレスアップ,
37639,花の誓い,カスタマイズドレスアップ,
37640,幽霊さん,カスタマイズドレスアップ,
37641,白骨ショーツ,カスタマイズドレスアップ,
37642,猫の心,カスタマイズドレスアップ,
37643,雨霖鈴ダブルポニーテール,カスタマイズドレスアップ,
37644,運命の神の花の尾,カスタマイズドレスアップ,
37645,愛の白骨スカート,カスタマイズドレスアップ,
37646,庭の望楼,カスタマイズドレスアップ,
37647,ウェーブの秋のレインドレス,カスタマイズドレスアップ,
37648,花間集,カスタマイズドレスアップ,
37649,かわいいショルダーバッグ,カスタマイズドレスアップ,
37650,スターガーランド,カスタマイズドレスアップ,
37651,ボウノット浮き輪,イベントで獲得,
37652,自然色,カスタマイズスキン,
37653,白皙,カスタマイズスキン,
37654,コムギ色,カスタマイズスキン,
37655,自然白2,カスタマイズスキン,
37656,自然白1,カスタマイズスキン,
37657,カラースキン・ピンクパープル,カスタマイズスキン,
37658,カラースキン・ディープブルー,カスタマイズスキン,
37659,カラースキン・薄紫,カスタマイズスキン,
37660,カラースキン・薄青,カスタマイズスキン,
37661,菊のポニーテール,ミニポイントショップで獲得,
37662,仮面の狐,ミニポイントショップで獲得,
37663,ローズワルツ,ジョイカードで獲得,
37664,ドキドキスター,ジョイカードで獲得,
37665,甘々ポニーテール,ジョイカードで獲得,
37666,縞模様のスーツケース,イベントで獲得,
37667,青い稲妻,イベントで獲得,
37668,破れたズボン,カスタマイズドレスアップ,
37669,登山シャツ,カスタマイズドレスアップ,
37670,冷酷無比,カスタマイズドレスアップ,
37671,ギアヒール,カスタマイズドレスアップ,
37672,愛のバンドエイド,カスタマイズドレスアップ,
37673,万物の静寂,カスタマイズドレスアップ,
37674,ニ色ツイストロール,カスタマイズドレスアップ,
37675,ホタルファン,カスタマイズドレスアップ,
37676,笹の葉笛,カスタマイズドレスアップ,
37677,夜の目,カスタマイズドレスアップ,
37678,つるのダンス,カスタマイズドレスアップ,
37679,愛のメッセージ,カスタマイズドレスアップ,
37680,キャンディプラネットサラウンド,カスタマイズドレスアップ,
37681,ラブエリクサー,カスタマイズドレスアップ,
37682,真夏の光年,カスタマイズドレスアップ,
37683,カルーセル,カスタマイズドレスアップ,
37684,いたずらジャケット,カスタマイズドレスアップ,
37685,恋のマジックブック,カスタマイズドレスアップ,
37686,ロマンティック・デート,カスタマイズドレスアップ,
37687,イレギュラーローブドレス,カスタマイズドレスアップ,
37688,アンダーワールド暗い夜,カスタマイズドレスアップ,
37689,礼の潔,カスタマイズドレスアップ,
37690,一目ぼれ,カスタマイズドレスアップ,
37691,プライド,カスタマイズドレスアップ,
37692,梨の雪・春と別れ,カスタマイズドレスアップ,
37693,カラフルな雲の上,ミニポイントショップで交換してゲット,
37694,逝くの鎌,ミニポイントショップで交換してゲット,
37695,地獄の火,イベントで獲得,
37696,三日月刺ジュエリー,イベントで獲得,
37697,百匹の幽霊共旅,カスタマイズアバター,
37698,シャドウキラー,カスタマイズアバター,
37699,愛のコレクション,カスタマイズアバター,
37700,花ショー手首,カスタマイズアバター,
37701,夏夜の星,カスタマイズアバター,
37702,ひらひらの蝶,カスタマイズアバター,
37703,太陽フライング,カスタマイズアバター,
37704,ニャーひげ,カスタマイズアバター,
37705,ウサギのヘルメット,シェアカード獲得,
37706,サイバーパンク万能パンツ,カスタマイズアバター,
37707,エロスの弓矢,カスタマイズアバター,
37708,竜の鎖,カスタマイズアバター,
37709,スーパーレザーブーツ,シェアカード獲得,
37710,エイリアンコート,シェアカード獲得,
37711,いちごクリームロール,カスタマイズアバター,
37712,チェッカーボードスーツ,カスタマイズアバター,
37713,平和の金鳩,カスタマイズアバター,
37714,松の詩,カスタマイズアバター,
37715,ベビーカバーオール,カスタマイズアバター,
37716,きらめく星,カスタマイズアバター,
37717,一本の矢,シェアカード獲得,
37718,仮面の下,カスタマイズアバター,
37719,ドラゴンの噛,カスタマイズアバター,
37720,善も悪も,シェアカード獲得,
37721,花美しく月まどか,カスタマイズアバター,
37722,バージョンが低すぎる,カスタマイズアバター,
37723,バージョンが低すぎる,カスタムドレスアップ,
37724,バージョンが低すぎる,カスタムドレスアップ,
37725,賢くてかわいい,ミニポイントショップで交換してゲット,
37726,花粉バニーヘッドギア,イベントで獲得,
37727,頬の花,カスタマイズアバター,
37728,垂れ耳ウサギ,カスタマイズアバター,
37729,雲錦新桂,カスタマイズアバター,
37730,陰紅の兎目,カスタマイズアバター,
37731,月の杖,カスタマイズアバター,
37732,バニースリッパ,カスタマイズアバター,
37733,君如月,カスタマイズアバター,
37734,急襲,カスタマイズアバター,
37735,月光ギフトボックス,カスタマイズアバター,
37736,花火,カスタマイズアバター,
37737,バニー応援バルーン,イベントで獲得,
37738,満月のマント,カスタマイズアバター,
37739,ソフトミニドレス,カスタマイズアバター,
37740,金鱗の爪,ミニポイントショップで交換してゲット,
37741,一杯の桃と李,カスタマイズアバター,
37742,桂花の香り,カスタマイズアバター,
37743,フラワームーンナイトライト,カスタマイズアバター,
37744,秋の月のウサギ,カスタマイズアバター,
37745,緑の目,カスタマイズアバター,
37746,月ウサギダブルパン,カスタマイズアバター,
37747,寒さを知らない,カスタマイズアバター,
37748,ウサギの人形,シェアカード獲得,
37749,バージョンが低すぎる,カスタムドレスアップ,
37750,バージョンが低すぎる,カスタムドレスアップ,
37751,ミルクイエロー月餅,カスタムドレスアップ,
37752,タケノコ来た,シェアカードで獲得,
37753,ベルチリンチリン,シェアカードで獲得,
37754,国風パンダスカート,ミニポイントショップで交換,
37755,クマの抱き,ミニポイントショップで交換,
37756,試合の支配者,カスタマーアバター,
37757,デニムパンツ,カスタマーアバター,
37758,スタッキングソックス,カスタマーアバター,
37759,透き通る,カスタマーアバター,
37760,紅葉の神権,カスタマーアバター,
37761,月がおぼろ,カスタマーアバター,
37762,鶴羽の少年,カスタマーアバター,
37763,書生意気,カスタマーアバター,
37764,眉間の景色,カスタマーアバター,
37765,国潮サングラス,カスタマーアバター,
37766,カエデの葉の花,カスタマーアバター,
37767,チークカラーの鏡,カスタマーアバター,
37768,青いバラの花言葉,カスタマーアバター,
37769,玉蝉秋,カスタマーアバター,
37770,ピンクポニーテール,カスタマーアバター,
37771,テクeスポーツ,カスタマーアバター,
37772,クローバー,カスタマーアバター,
37773,玉のような優しい,カスタマーアバター,
37774,鯉遊び,カスタマーアバター,
37775,"タイガーブラックパンツ ",カスタマーアバター,
37776,燦月羅スカート,カスタマーアバター,
37777,王の帰来,カスタマーアバター,
37778,金の糸の服,カスタマーアバター,
37779,夏の花のように,カスタマーアバター,
37780,バージョンが低い,カスタマーアバター,
37781,眉間の花,ミニポイントショップで交換,
37782,雲間折桂,ミニポイントショップで交換,
37783,柔らかい雲スニーカー,ミニポイントショップで交換,
37784,王のスタイル,カスタマーアバター,
37785,スターグローブ,カスタマーアバター,
37786,燕の手紙,カスタマーアバター,
37787,黄金のつぼみ,カスタマーアバター,
37788,うらやましくない,カスタマーアバター,
37789,少し恥ずかしい,カスタマーアバター,
37790,金マニア,カスタマーアバター,
37791,エネルギー注入,カスタマーアバター,
37792,閉じ込められた踊り,カスタマーアバター,
37793,眉間の景色,カスタマーアバター,
37794,瑠璃の仙人,カスタマーアバター,
37795,のんびり仙人,カスタマーアバター,
37796,柔らかいパンダ,カスタマーアバター,
37797,強い香り,カスタマーアバター,
37798,愛の値段,カスタマーアバター,
37799,星になりたい,カスタマーアバター,
37800,あやつり人形の芝居,カスタマーアバター,
37801,ユニコーン来た,カスタマーアバター,
37802,恐ろしいネコの目,ミニポイントショップ交換でゲット,
37803,悪魔の王,シェアカードで限定獲得,
37804,プロローグを開く,カスタマーアバター,
37805,ピクニックバスケット,カスタマーアバター,
37806,虹の物語,カスタマーアバター,
37807,千里の勝負,カスタマーアバター,
37808,心を封じる瞳,カスタマーアバター,
37809,雪蝶のキス,カスタマーアバター,
37810,雪の中で梅を探す,カスタマーアバター,
37811,千里の氷,カスタマーアバター,
37812,万里の雪が舞う,カスタマーアバター,
37813,雪の仙人,カスタマーアバター,
37814,フロストの歌,カスタマーアバター,
37815,スノー伯爵,カスタマーアバター,
37816,フロストのクリスタル,カスタマーアバター,
37817,神聖の歌,カスタマーアバター,
37818,冬の誓い,カスタマーアバター,
37819,氷上の踊り,カスタマーアバター,
37820,クールと美しい,カスタマーアバター,
37821,氷の刃のダンス,カスタマーアバター,
37822,フワフワの髪,カスタマーアバター,
37823,バニーダブルポニテ,ミニポイントストアで交換してゲット,
37824,炯炯,ミニポイントストアで交換してゲット,
37825,花々ショートブーツ,カスタマイズドレスアップ,
37826,スノーフレーク,カスタマイズドレスアップ,
37827,雪のように白い,カスタマイズドレスアップ,
37828,雪の夜のランプ,カスタマイズドレスアップ,
37829,星の讃歌,カスタマイズドレスアップ,
37830,少年将軍,カスタマイズドレスアップ,
37831,赤炎舞い上がり,カスタマイズドレスアップ,
37832,天空に舞う魚,カスタマイズドレスアップ,
37833,吉福パイザ,カスタマイズドレスアップ,
37834,掠影雲靴,カスタマイズドレスアップ,
37835,池中金鱗,シェアカード限定,
37836,ハッピー柿ピー,シェアカード限定,
37837,金柑のウールブーツ,カスタマイズドレスアップ,
37838,ニシキゴイ降臨,カスタマイズドレスアップ,
37839,深い森鹿見,カスタマイズドレスアップ,
37840,森の魔法,カスタマイズドレスアップ,
37841,垂涙千年,カスタマイズドレスアップ,
37842,クリスマスイブのドレス,カスタマイズドレスアップ,
37843,幸運花輪,カスタマイズドレスアップ,
37844,ドール靴,カスタマイズドレスアップ,
37845,中華一番紫,カスタマイズドレスアップ,
37846,ジンジャーブレッドさん,カスタマイズドレスアップ,
37847,水墨花影,カスタマイズドレスアップ,
37848,ゲームのバージョンが低すぎます。,カスタマイズドレスアップ,
37849,ゲームのバージョンが低すぎます。,カスタマイズドレスアップ,
37850,紳士礼結び,カスタマイズドレスアップ,
37851,2023幸運符,イベントで入手,
37852,柔らかいウサギ,イベントで入手,
37853,ウサギしっぽ飴,イベントで入手,
37854,永遠の花,シェアカードで限定獲得,
37855,花とウサギの服,ミニポイントショップで交換,
37856,ウサギの幸運結び,ミニポイントショップで交換,
37857,自由の歌,ミニポイントショップで交換,
37858,灼熱のマント,シェアカードで獲得,
37859,冬の恋の歌,シェアカードで獲得,
37860,水のような目,カスタマイズアバター,
37861,紳士の靴,カスタマイズアバター,
37862,花の名前を知らず,カスタマイズアバター,
37863,プラチナショーツ,カスタマイズアバター,
37864,時間の螺旋,カスタマイズアバター,
37865,愛の魔杖,カスタマイズアバター,
37866,花散らしい,カスタマイズアバター,
37867,幸運のウサギバッグ,カスタマイズアバター,
37868,幸運の靴,カスタマイズアバター,
37869,輝く花火,カスタマイズアバター,
37870,バージョンが低すぎる,カスタムドレスアップ,
37871,バージョンが低すぎる,カスタムドレスアップ,
37872,花と鳥の面,カスタマイズアバター,
37873,金魚,カスタマイズアバター,
37874,雪解けクリスタル,カスタマイズアバター,
37875,レッドウサギの目,カスタマイズアバター,
37876,燕と一緒に帰る,カスタマイズアバター,
37877,雪蜜の実,カスタマイズアバター,
37878,招き猫,カスタマイズアバター,
37879,かわいいウサギの窓花,カスタマイズアバター,
37880,事務を展開,カスタマイズアバター,
37881,赤い火,カスタマイズアバター,
37882,中華の服,カスタマイズアバター,
37883,鳳凰を飛び,カスタマイズアバター,
37884,美しいドレス,カスタマイズアバター,
37885,幸運いっぱい,カスタマイズアバター,
37886,ヘーゼル色の瞳,シェアカードで限定獲得,
37887,深淵の眼差し,シェアカードで限定獲得,
37888,風の年,シェアカードで限定獲得,
37889,きらめくゴールドの瞳,カスタマイズドレスアップ,
37890,刺繍カラー,カスタマイズドレスアップ,
37891,ノートジャンプ,カスタマイズドレスアップ,
37892,萌え耳エージェント,シェアカードで限定獲得,
37893,主人公オーラ,カスタマイズドレスアップ,
37894,純白の花紙,シェアカードで限定獲得,
37895,雪兎さん,シェアカードで限定獲得,
37896,ひまわりの花言葉,カスタマイのズドレスアップ,
37897,お金余裕,カスタマイのズドレスアップ,
37898,海辺の奇遇,カスタマイのズドレスアップ,
37899,フロストドーナツ,カスタマイのズドレスアップ,
37900,星夜流光,カスタマイのズドレスアップ,
37901,花泣く,カスタマイのズドレスアップ,
37902,蛍の約束,カスタマイのズドレスアップ,
37903,春日コール,カスタマイのズドレスアップ,
37904,秘密花言葉,カスタマイのズドレスアップ,
37905,裏工作,カスタマイのズドレスアップ,
37906,ゆうあかり,カスタマイのズドレスアップ,
37907,鏡花,カスタマイのズドレスアップ,
37908,エロスバックパック,カスタマイのズドレスアップ,
37909,エロス靴,カスタマイのズドレスアップ,
37910,梨園春,カスタマイのズドレスアップ,
37911,会いダックなる,カスタマイのズドレスアップ,
37912,スタンプドショーツ,カスタマイのズドレスアップ,
37913,星のロマンティック,カスタマイのズドレスアップ,
37914,オレンジピンク美人,カスタマイのズドレスアップ,
37915,秘密日記,カスタマイのズドレスアップ,
37916,愛の鎖,カスタマイのズドレスアップ,
37917,ハートてぇてぇ,運営のイベントで獲得,
37918,リトルバルーン ランドセル,シェアカードで限定獲得,
37919,萌えバニークラッチ,シェアカードで限定獲得,
37920,純愛戦神,シェアカードで限定獲得,
37921,告白フラグ,シェアカードで限定獲得,
37922,寺の桃花,シェアカードで限定獲得,
37923,水墨之影,ミニポイントショップでゲット,
37924,森の印,ミニポイントショップでゲット,
37925,ポーラースカート,カスタマイズアバター,
37926,生命の春,カスタマイズアバター,
37927,秘密任務,カスタマイズアバター,
37928,早春の露,カスタマイズアバター,
37929,春の使者,カスタマイズアバター,
37930,森の精霊の力,カスタマイズアバター,
37931,超甘えアップルパイ,カスタマイズアバター,
37932,ソースメリージェーン,カスタマイズアバター,
37933,テンセル製グローブ,カスタマイズアバター,
37934,寝ぼけまなこ,カスタマイズアバター,
37935,曲のフィナーレ,カスタマイズアバター,
37936,ダンデライオンフランネルワンピース,カスタマイズアバター,
37937,多肉植物ブレスレット,カスタマイズアバター,
37938,胡蝶収集家,カスタマイズアバター,
37939,コヨーテアイズ,カスタマイズアバター,
37940,クラッシュフリップフロップス,カスタマイズアバター,
37941,瑠璃色の髪,カスタマイズアバター,
37942,花の手紙,カスタマイズアバター,
37943,秋月白花,カスタマイズアバター,
37944,ダイヤ蝶の翼,カスタマイズアバター,
37945,コットンキャンディ,期間限定イベントで獲得,
37946,羽の歌,期間限定イベントで獲得,
37947,ダックヘッドギア,カスタマイズアバター,
37948,ダックドールコスチューム,カスタマイズアバター,
37949,ダックウェビングフィート,カスタマイズアバター,
37950,トレンドストリート,カスタマイズアバター,
37951,リベットパンツ,カスタマイズアバター,
37952,パンクソール,カスタマイズアバター,
37953,カラフルな髪型,カスタマイズアバター,
37954,ホットスカート,カスタマイズアバター,
37955,ホットトップス,カスタマイズアバター,
37956,機械ドレッドロックス,カスタマイズアバター,
37957,ベトナムの竹帽子,カスタマイズアバター,
37958,現代アオザイ,カスタマイズアバター,
37959,海外予約,カスタマイズされたドレスアップ,
37960,海外予約,カスタマイズされたドレスアップ,
37961,海外予約,カスタマイズされたドレスアップ,
37962,フランケンシュタイン,カスタマイのズドレスアップ,
37963,カードゲーム,カスタマイのズドレスアップ,
37964,チェルシーカレッジ,カスタマイのズドレスアップ,
37965,バッジスカート,カスタマイのズドレスアップ,
37966,裁決の神,カスタマイのズドレスアップ,
37967,春のツバメ,カスタマイのズドレスアップ,
37968,鈴蘭の物語,カスタマイのズドレスアップ,
37969,ジェリービーンズのメガネ,カスタマイのズドレスアップ,
37970,のぼりつめる,カスタマイのズドレスアップ,
37971,遊園地,カスタマイのズドレスアップ,
37972,パンダ目,カスタマイのズドレスアップ,
37973,ラタンフラワーバッグ,カスタマイのズドレスアップ,
37974,不思議の国,カスタマイのズドレスアップ,
37975,ゲームタイム,カスタマイのズドレスアップ,
37976,インプテイル,カスタマイのズドレスアップ,
37977,姿を現す,カスタマイのズドレスアップ,
37978,タケの影,カスタマイのズドレスアップ,
37979,クリームショーツ,カスタマイのズドレスアップ,
37980,フローラルカール,カスタマイのズドレスアップ,
37981,柔らかい爪,カスタマイのズドレスアップ,
37982,太極拳の小さな達人,カスタマイのズドレスアップ,
37983,甘えフォックステイル,カスタマイのズドレスアップ,
37984,萌えグースジャケット,カスタマイのズドレスアップ,
37985,元気ライトニング,ミニポイントショップで獲得,
37986,リンガーjk,ミニポイントショップで獲得,
37987,ラッキー蛙,シェアカードのロックを解除して入手,
37988,野外休日,シェアカードのロックを解除して入手,
37989,狐仙児,カスタマイのズドレスアップ,
37990,シュガースノーボール,カスタマイのズドレスアップ,
37991,クールスカート,カスタマイのズドレスアップ,
37992,ドリームスリッポン,カスタマイのズドレスアップ,
37993,プラムソース,カスタマイのズドレスアップ,
37994,スイートスプーン,カスタマイのズドレスアップ,
37995,まぶしい小悪魔,カスタマイのズドレスアップ,
37996,星のセーラー服,カスタマイのズドレスアップ,
37997,花火の妖精の杖,カスタマイのズドレスアップ,
37998,フルーティーセーター,カスタマイのズドレスアップ,
37999,自撮りフリーク,カスタマイのズドレスアップ,
38000,スポーツ新米,カスタマイのズドレスアップ,
38001,ステッカーメイク,カスタマイのズドレスアップ,
38002,カラフルなシェルバッグ,カスタマイのズドレスアップ,
38003,ワッフル,カスタマイのズドレスアップ,
38004,スタッズマーチンブーツ,カスタマイのズドレスアップ,
38005,グラデーションパンツ,カスタマイのズドレスアップ,
38006,両袖満花,カスタマイのズドレスアップ,
38007,ベビーグースバッグ,カスタマイのズドレスアップ,
38008,ベリーショートパンツ,カスタマイのズドレスアップ,
38009,マークオブザムーン,カスタマイのズドレスアップ,
38010,夢の星の海,カスタマイのズドレスアップ,
38011,デザートフォーク,カスタマイのズドレスアップ,
38012,ボウタイ革靴,カスタマイのズドレスアップ,
38013,コウモリの翼のバッグ,イベントで獲得,
38014,コウモリの翼,イベントで獲得,
38015,グランアイマスク,イベントで獲得,
38016,グラニー,スキン「グラニー」をロック解除してボーナスに受け取る,
38017,スイカスリッパ,ミニポイントショップで獲得,
38018,リトルカウボーイ,ミニポイントショップで獲得,
38019,正と邪,カスタマイのズドレスアップ,
38020,曇り小雨,カスタマイのズドレスアップ,
38021,食べ物トースト,カスタマイのズドレスアップ,
38022,もち米ウサギ,イベントで獲得,
38023,夏ガーデン,カスタマイズのドレスアップ,
38024,夏の真珠,カスタマイズのドレスアップ,
38025,さくらんぼ硬糖,カスタマイズのドレスアップ,
38026,砂糖豆の靴,カスタマイズのドレスアップ,
38027,ポッピングキャンディー,カスタマイズのドレスアップ,
38028,かわいいトースター,カスタマイズのドレスアップ,
38029,春夏の序曲,カスタマイズのドレスアップ,
38030,超能力大作戦,カスタマイズのドレスアップ,
38031,スーパーパンツ,カスタマイズのドレスアップ,
38032,熱波スイカ,カスタマイズのドレスアップ,
38033,夏の果樹園,カスタマイズのドレスアップ,
38034,山火メークアップ,カスタマイズのドレスアップ,
38035,山水のちまき,カスタマイズのドレスアップ,
38036,ちまき霊の祈り,カスタマイズのドレスアップ,
38037,モチモチ白パンツ,カスタマイズのドレスアップ,
38038,ちまき霊ブーツ,カスタマイズのドレスアップ,
38039,ちまき情の詩と絵,カスタマイズのドレスアップ,
38040,ちまき霊パンツ,カスタマイズのドレスアップ,
38041,ちまき霊杖,イベントで獲得,
38042,砂糖豆の頭,カスタマイズのドレスアップ,
38043,大きな花,イベントで獲得,
38044,ピンクのシュガーボール,イベントで獲得,
38045,コーヒー物語,イベントで獲得,
38046,耳を垂らすウサギの帽子,イベントで獲得,
38047,水着ラップ,イベントで獲得,
38048,スーツ,イベントの取得,
38049,表面装飾,イベントの取得,
38050,バックアクセサリー,イベントの取得,
38051,手飾り,イベントの取得,
38052,夏歌キーホルダー,活動の獲得,
38053,星が水晶球,活動の獲得,
38054,のんびり温かいリュック,活動の獲得,
38055,ライムクリスピー,シェアカードを購入すると入手可能,
38056,月の下で潮を聞く,シェアカードを購入すると入手可能,
38057,ぶつかり合う色のTシャツ,カスタマイズのドレスアップ,
38058,小さなプレイヤーパンツ,カスタマイズのドレスアップ,
38059,降温神器,カスタマイズのドレスアップ,
38060,水遊びの達人,カスタマイズのドレスアップ,
38061,バブルベア,カスタマイズのドレスアップ,
38062,元気ちゃん,カスタマイズのドレスアップ,
38063,カップケーキ,カスタマイズのドレスアップ,
38064,フラワーレザーシューズ,カスタマイズのドレスアップ,
38065,真夏の花顔,カスタマイズのドレスアップ,
38066,幾何学ショーツ,カスタマイズのドレスアップ,
38067,北極星光,カスタマイズのドレスアップ,
38068,傷心アイマスク,カスタマイズのドレスアップ,
38069,プリンクリームソース,カスタマイズのドレスアップ,
38070,スズラン物語,カスタマイズのドレスアップ,
38071,ホットドッグ,カスタマイズのドレスアップ,
38072,私がネズミである,カスタマイズのドレスアップ,
38073,愛の弁当,カスタマイズのドレスアップ,
38074,バーニー黄色靴,カスタマイズのドレスアップ,
38075,ハワイ風,カスタマイズのドレスアップ,
38076,メロンの小さな黄色いアヒル,カスタマイズのドレスアップ,
38077,くまのグミ,カスタマイズのドレスアップ,
38078,カエルの花,カスタマイズのドレスアップ,
38079,オレンジスポーツ,カスタマイズのドレスアップ,
38080,楊枝甘露,カスタマイズのドレスアップ,
38081,グレープ青芒,カスタマイズのドレスアップ,
38082,青い模様,限られた時間で魔法の鍛造台入手,
38083,空の旗,限られた時間で魔法の鍛造台入手,
38084,異国の手太鼓,限られた時間で魔法の鍛造台入手,
38085,ガラン,限られた時間で魔法の鍛造台入手,
38086,トマトソース,カスタマイズされた,
38087,フライドポテトパーティー,カスタマイズされた,
38088,卵黄トマトソース,カスタマイズされた,
38089,スーパービッグポテト,カスタマイズされた,
38090,クールな犬の頭,カスタマイズされた,
38091,スーパードッグ,カスタマイズされた,
38092,クールなサングラス,カスタマイズされた,
38093,蜜の時間,カスタマイズされた,
38094,小さな甘い心,カスタマイズされた,
38095,レインボーキャンディシューズ,カスタマイズされた,
38096,砂糖スプーン,カスタマイズされた,
38097,サンドイーグルハット,カスタムドレスアップ,
38098,サンドイーグルの怒り,カスタムドレスアップ,
38099,サンドイーグルサングラス,カスタムドレスアップ,
38100,サンドイーグルベスト,カスタムドレスアップ,
38101,サンドイーグルパンツ,カスタムドレスアップ,
38102,サンドイーグルブーツ,カスタムドレスアップ,
38103,サンドイーグルリストバンド,カスタムドレスアップ,
38104,ピンクの鷲の頭飾り,カスタムドレスアップ,
38105,ピンクの鷲の容姿,カスタムドレスアップ,
38106,トップ教師,"師弟システム、""トップ名師""の称号獲得",
38107,鈴夢扇,夏の童話パーク限定イベント,
38108,藍島の桜茶、花束を手に,夏の童話パーク限定イベント,
38109,輝く星,カスタマイズされた,
38110,人の心を洞察する,カスタマイズされた,
38111,クリーム犬,カスタマイズされた,
38112,夢狐,カスタマイズされた,
38113,勝利の角笛,カスタマイズされた,
38114,小桃の気,カスタマイズされた,
38115,凌波の仙跡,カスタマイズされた,
38116,生命源,カスタマイズされた,
38117,紙蝶々,カスタマイズされた,
38118,純白の妖精,カスタマイズされた,
38119,塩魚の頭,カスタマイズされた,
38120,チリンチリン,カスタマイズされた,
38121,幸運な松ぼっくり,カスタマイズされた,
38122,月の庭,カスタマイズされた,
38123,白山茶,カスタマイズされた,
38124,子猪の頭,カスタマイズされた,
38125,桜花聖代,カスタマイズされた,
38126,紫色のTシャツ,カスタマイズされた,
38127,妖怪捕獲箱,カスタマイズされた,
38128,ブルーベリージャム,カスタマイズされた,
38129,頭のスナック,カスタマイズされた,
38130,削り氷,カスタマイズされた,
38131,刺繍ストラップ,カスタマイズされた,
38132,サメ大作戦,ジョイカードで獲得（期間限定）,
38133,タヌキの影,ジョイカードで獲得（期間限定）,
38134,エクストリームスポーツ,カスタマイズスキン,
38135,虹色のビーチサンダル,カスタマイズスキン,
38136,踏月帰,カスタマイズスキン,
38137,青竹影,カスタマイズスキン,
38138,滄海の声,カスタマイズスキン,
38139,コップドレス,カスタマイズスキン,
38140,プラムソース-短パン,カスタマイズスキン,
38141,ドレッドヘア,カスタマイズスキン,
38142,桃色サングラス,カスタマイズスキン,
38143,サイバーベア,カスタマイズスキン,
38144,光速のスターレイル,カスタマイズスキン,
38145,甘々プラムソース,カスタマイズスキン,
38146,ビーチバケーション,カスタマイズスキン,
38147,卵焼きのエプロン,カスタマイズスキン,
38148,オアシスの冒険者,カスタマイズスキン,
38149,バーガーキング,カスタマイズスキン,
38150,ぬいぐるみパック,カスタマイズスキン,
38151,萌え靴,カスタマイズスキン,
38152,日焼け止め,カスタマイズスキン,
38153,竹の霊,カスタマイズスキン,
38154,食いしん坊の靴,カスタマイズスキン,
38155,鳳羽紗,カスタマイズスキン,
38156,燎原の火,カスタマイズスキン,
38157,ナッツラッテ,カスタマイズスキン,
38158,ピンクイーグルタイツ,カスタムドレスアップ,
38159,ピンクイーグルレギンス,カスタムドレスアップ,
38160,ピンクイーグルブーツ,カスタムドレスアップ,
38161,ゾンビの少年のスコア,カスタムドレスアップ,
38162,ゾンビ少年の表情,カスタムドレスアップ,
38163,ゾンビボーイコート,カスタムドレスアップ,
38164,ゾンビボーイパンツ,カスタムドレスアップ,
38165,ゾンビボーイの靴,カスタムドレスアップ,
38166,ゾンビボーイジュエリー,カスタムドレスアップ,
38167,ミニチームの帽子,カスタムドレスアップ,
38168,ミニチームの表情,カスタムドレスアップ,
38169,Mini Teamメガネ,カスタムドレスアップ,
38170,ミニチームのトップス,カスタムドレスアップ,
38171,Mini Teamパンツ,カスタムドレスアップ,
38172,ミニチームの靴,カスタムドレスアップ,
38173,Mini Teamネックレス,カスタムドレスアップ,
38174,スーパードッグヘッド,カスタムドレスアップ,
38175,海外のavt予約,カスタムドレスアップ,
38176,恋人ドーパミン,Obtained from Event,
38177,ピンクのウサギは超かっこいい,Obtained from Event,
38178,サーフィンの王者,カスタムドレスアップ,
38179,真夏の匂い,カスタムドレスアップ,
38180,ウサギアカデミー,カスタムドレスアップ,
38181,菜菜の子犬,カスタムドレスアップ,
38182,犬のショートパンツ,カスタムドレスアップ,
38183,星の道は長い,カスタムドレスアップ,
38184,森の霊,カスタムドレスアップ,
38185,霜寒露舞,カスタムドレスアップ,
38186,朝露が霜になる,カスタムドレスアップ,
38187,星が輝く,カスタムドレスアップ,
38188,人間の小さな団欒,カスタムドレスアップ,
38189,赤は火に勝つ,カスタムドレスアップ,
38190,花の国,カスタムドレスアップ,
38191,ムーンウォーク,カスタムドレスアップ,
38192,月影灯,カスタムドレスアップ,
38193,小富桂,カスタムドレスアップ,
38194,クマさん,カスタムドレスアップ,
38195,鳳凰のニルヴァーナ,カスタムドレスアップ,
38196,イチョウの小さな妖精のスカート,カスタムドレスアップ,
38197,月宮折桂,カスタムドレスアップ,
38198,ダストマーチンブーツ,カスタムドレスアップ,
38199,冷たい花火,カスタムドレスアップ,
38200,霜が降る,カスタムドレスアップ,
38201,最も暗い瞬間,カスタムドレスアップ,
38202,小さな魔女,カスタムドレスアップ,
38203,超かわいいプレイヤー,カスタムドレスアップ,
38204,小さな甘い星,カスタムドレスアップ,
38205,至高の栄光,カスタムドレスアップ,
38206,ドラゴンテール,カスタムドレスアップ,
38207,黄金の賛歌,カスタムドレスアップ,
38208,シンシア,カスタムドレスアップ,
38209,星がちりばめられている,カスタムドレスアップ,
38210,薄暮の星の輪,カスタムドレスアップ,
38211,三日月の朝,カスタムドレスアップ,
38212,星月夜のドレス,期間限定の出力,
38213,愛の翼,期間限定の出力,
38214,水色のジーンズ,カスタムドレスアップ,
38215,小さなとげ,カスタムドレスアップ,
38216,私を思ったベリー,カスタムドレスアップ,
38217,氷河信仰,カスタムドレスアップ,
38218,雪原の狼王,カスタムドレスアップ,
38219,追風のローブ,カスタムドレスアップ,
38220,驚くほど美しい,カスタムドレスアップ,
38221,小さなそばかす,カスタムドレスアップ,
38222,小さな狼の尾,カスタムドレスアップ,
38223,鋭く狡猾,カスタムドレスアップ,
38224,スーパー告白,カスタムドレスアップ,
38225,雪龍吟,カスタムドレスアップ,
38226,霜原龍女,カスタムドレスアップ,
38227,寒江スノーブーツ,カスタムドレスアップ,
38228,蔵音珠,カスタムドレスアップ,
38229,アイスローズ,カスタムドレスアップ,
38230,清冷な琉離,カスタムドレスアップ,
38231,虎虎が風を起こす,カスタムドレスアップ,
38232,甘いマックバー,カスタムドレスアップ,
38233,旺財にゃん,カスタムドレスアップ,
38234,ジンバオミャオ,カスタムドレスアップ,
38235,神龍の跡,カスタムドレスアップ,
38236,仙霊の子供,カスタムドレスアップ,
38237,にゃんにゃんの瞳,カスタムドレスアップ,
38238,雀羽浮光,カスタムドレスアップ,
38239,はしゃぐ羽衣,カスタムドレスアップ,
38240,オウム,カスタムドレスアップ,
38241,干脆面君,カスタムドレスアップ,
38242,レザースカート,カスタマイズスキン,
38243,弾除け胴着,カスタマイズスキン,
38244,降り舞う雪,カスタマイズスキン,
38245,鴻雁の舞,カスタマイズスキン,
38246,時渡り,カスタマイズスキン,
38247,輝く犬の目,カスタマイズスキン,
38248,冬の鷹,カスタマイズスキン,
38249,疾行の雪羽,カスタマイズスキン,
38250,鷹の羽ばたき,カスタマイズスキン,
38251,魔殺し,カスタマイズスキン,
38252,落花の唄,カスタマイズスキン,
38253,瑶台の花仙,カスタマイズスキン,
38254,至尊明王,カスタマイズスキン,
38255,カラグラスキーズボン,カスタマイズスキン,
38256,降り積もる雪,カスタマイズスキン,
38257,子犬髪型,カスタマイズスキン,
38258,雪だるまパンツ,カスタマイズスキン,
38259,半獣の子孫,カスタマイズスキン,
38260,雪だるまさん,カスタマイズスキン,
38261,吸血鬼の印,カスタマイズスキン,
38262,氷の戦神,カスタマイズスキン,
38263,碧海桃華,カスタマイズスキン,
38264,水中の舞,カスタマイズスキン,
38265,北極熊の沈折,カスタマイズスキン,
38266,小さな雪だるま,カスタマイズスキン,
38267,ラッキースター,カスタマイズスキン,
38268,情熱フォックステイル,カスタマイズスキン,
38269,鯉の飾り提灯,カスタマイズスキン,
38270,紙の語り,カスタマイズスキン,
38271,ハークアイズ,カスタマイズスキン,
38272,軒轅霊石,カスタマイズスキン,
38273,補色ジャケット,カスタマイズスキン,
38274,2024,2024年元旦イベントで獲得,
38275,元旦の綿入れジャケット,元旦イベントで獲得,
38276,元旦の帽子,元旦イベントで獲得,
38277,元旦の綿入れズボン,元旦イベントで獲得,
38278,元旦の綿入れ靴,元旦イベントで獲得,
38279,科挙篭,運営のイベントで獲得,
38280,ハートのK,カスタマイズスキン,
38281,ハートのショートパンツ,カスタマイズスキン,
38282,ハート王冠,カスタマイズスキン,
38283,ハート革靴,カスタマイズスキン,
38284,ピカピカ革手袋・黒,カスタマイズスキン,
38285,ファーコート,カスタマイズスキン,
38286,チェスキング,カスタマイズスキン,
38287,グリーンフラッグパンツ,カスタマイズスキン,
38288,コーンの愛好家,カスタマイズスキン,
38289,コーンフラッグジャケット,カスタマイズスキン,
38290,コーンポップシューズ,カスタマイズスキン,
38291,トマトの花畑,カスタマイズスキン,
38292,黒梅のロングスカート,カスタマイズスキン,
38293,クラブ王冠,カスタマイズスキン,
38294,クラブ革靴,カスタマイズスキン,
38295,クールなヒョウ柄,カスタマイズスキン,
38296,スイートミレニアムスカート,カスタマイズスキン,
38297,チェスクイーン,カスタマイズスキン,
38298,サクランボトマト帽子,カスタマイズスキン,
38299,紫と黒の梅,カスタマイズスキン,
38300,チェス靴・菱形柄,カスタマイズスキン,
38301,チェストップス,カスタマイズスキン,
38302,布虎の守り,カスタマイズスキン,
38303,鶏モモのご褒美,カスタマイズスキン,
38304,小竜ネイルセットバッグ,カスタマイズスキン,
38305,ヘラヘラ笑顔,カスタマイズスキン,
38306,秀才の頭,カスタマイズスキン,
38307,恐竜カンカン,カスタマイズスキン,
38308,柿の良い事,カスタマイズスキン,
38309,柿の如意,カスタマイズスキン,
38310,元旦の時計,カスタマイズスキン,
38311,吉祥ズボン,カスタマイズスキン,
38312,防寒のマント,カスタマイズスキン,
38313,チェック柄のパンツ,カスタマイズスキン,
38314,雪原の清音,カスタマイズスキン,
38315,チェック柄のランニング,カスタマイズスキン,
38316,桃花のような顔,カスタマイズスキン,
38317,霊龍の降臨,カスタマイズスキン,
38318,潜龍在淵,カスタマイズスキン,
38319,古の龍神,カスタマイズスキン,
38320,至尊龍袍,カスタマイズスキン,
38321,神龍の刃,カスタマイズスキン,
38322,真龍の瞳,カスタマイズスキン,
38323,風儀万千,カスタマイズスキン,
38324,状元靴,イベントで獲得,
38325,チーズ帽子,イベントで獲得,
38326,チーズスカート,イベントで獲得,
38327,チーズ靴,イベントで獲得,
38328,遠足探険帽子,イベントで獲得,
38329,探険バックパック・茶色,イベントで獲得,
38330,遠足探険トップス,イベントで獲得,
38331,遠足探険ボトムス,イベントで獲得,
38332,防滑探険靴,イベントで獲得,
38333,喜羊羊目出し帽,イベントで獲得,
38334,懶羊羊目出し帽,イベントで獲得,
38335,灰太狼目出し帽,イベントで獲得,
38336,ご祝儀をちょうだい,イベントで獲得,
38337,春の花心,カスタマイズスキン,
38338,龍の血筋,カスタマイズスキン,
38339,無敵破壊竜,カスタマイズスキン,
38340,恭喜發財,カスタマイズスキン,
38341,雲上の金靴,カスタマイズスキン,
38342,麗らかな春日,カスタマイズスキン,
38343,万物の蘇り,カスタマイズスキン,
38344,遊園春,カスタマイズスキン,
38345,花の出迎え,カスタマイズスキン,
38346,雪路の靴,カスタマイズスキン,
38347,龍玉財神,カスタマイズスキン,
38348,福呼びの服,カスタマイズスキン,
38349,富との縁結び,カスタマイズスキン,
38350,仙龍ちゃん,カスタマイズスキン,
38351,炎の瞳,カスタマイズスキン,
38352,炎の雨,カスタマイズスキン,
38353,年年有魚提灯,カスタマイズスキン,
38354,煌めく灯り,カスタマイズスキン,
38355,灯火闌珊スカート,カスタマイズスキン,
38356,提灯靴,カスタマイズスキン,
38357,火樹銀花,カスタマイズスキン,
38358,游龍団子,スポットライトプロジェクトで獲得,
38359,金運開花そろばん,カスタマイズスキン,
38360,ハンターマント,ジョイカードを購入することで獲得,
38361,ボイドケージ,ジョイカードを購入することで獲得,
38362,傘踊りの傘,カスタマイズスキン,
38363,咲く花火,カスタムドレスアップ,
38364,超現代的なマスク,カスタムドレスアップ,
38365,オーロラのエンチャント,カスタムドレスアップ,
38366,バタフライワルツ,カスタムドレスアップ,
38367,踊る蝶,カスタムドレスアップ,
38368,夢のような翼,カスタムドレスアップ,
38369,花の温もり,カスタムドレスアップ,
38370,素敵な春,カスタムドレスアップ,
38371,桃の花アレイ,カスタムドレスアップ,
38372,舞い散る花びらの令,カスタムドレスアップ,
38373,ほろ酔いエレガンス,カスタムドレスアップ,
38374,スプリングコレクター,カスタムドレスアップ,
38375,ヴィンテージグリーンバッグ,イベントなどで入手可能。,
38376,グリーンパンツ,イベントなどで入手可能。,
38377,フラワーシャツ,イベントなどで入手可能。,
38378,勤勉,イベントなどで入手可能。,
38379,春の収穫,シーズンパスのロックを解除して入手,
38380,桜竹帽子,シーズンパスのロックを解除して入手,
38381,レディース紙凧,カスタムドレスアップ,
38382,比類なき閣下,カスタムドレスアップ,
38383,緑の麦わら帽子,カスタムドレスアップ,
38384,雨の中の藁,カスタムドレスアップ,
38385,インクロータス,カスタムドレスアップ,
38386,ライジングスイレン,カスタムドレスアップ,
38387,ドラゴンクローパンツ,カスタムドレスアップ,
38388,ラップボーイ,カスタムドレスアップ,
38389,ダイビングエキスパート,カスタムドレスアップ,
38390,チームリーダードレス,カスタムドレスアップ,
38391,春の視線,カスタムドレスアップ,
38392,花の保管庫,カスタムドレスアップ,
38393,花のささやき,カスタムドレスアップ,
38394,新しい制服,カスタムドレスアップ,
38395,森のピクニック,カスタムドレスアップ,
38396,ギャラリードリーム,カスタムドレスアップ,
38397,森の協奏曲,カスタムドレスアップ,
38398,豊かな春,カスタムドレスアップ,
38399,ヒョウ柄ベルト,カスタムドレスアップ,
38400,夢の虹,カスタムドレスアップ,
38401,パン,カスタムドレスアップ,
38402,第一次世界大戦の退役軍人シャツ,カスタムドレスアップ,
38403,キノコの傘帽子,カスタムドレスアップ,
38404,キノコバックパック,カスタムドレスアップ,
38405,キノコピッカー,カスタムドレスアップ,
38406,スキーブーツ,カスタムドレスアップ,
38407,ちょっとしたトリック,カスタムドレスアップ,
38408,ピエロユニオン,カスタムドレスアップ,
38409,ピエロのセプター,カスタムドレスアップ,
38410,欺瞞の書,カスタムドレスアップ,
38411,パンツピエロ,カスタムドレスアップ,
38412,魅惑的なメロディー,カスタムドレスアップ,
38413,驚愕の瞬間,カスタムドレスアップ,
38414,デザートギャラクシー,カスタムドレスアップ,
38415,天の輝き,カスタムドレスアップ,
38416,オアシスメロディー,カスタムドレスアップ,
38417,有名な素晴らしさ,カスタムドレスアップ,
38418,果てしない風景,カスタムドレスアップ,
38419,静かな竹,カスタムドレスアップ,
38420,ウサギのランタン,カスタムドレスアップ,
38421,天体の秘密,カスタムドレスアップ,
38422,ベルベットクリムゾントップ,カスタムドレスアップ,
38423,眠たいバニー,カスタムドレスアップ,
38424,いい夢を,カスタムドレスアップ,
38425,響き渡る足音,カスタムドレスアップ,
38426,かわいいドラゴンの咆哮,カスタムドレスアップ,
38427,楽しいピクニック,カスタムドレスアップ,
38428,幻想的な蝶のダンス,カスタムドレスアップ,
40000,,,
40001,,,
40002,,,
40003,,,
40004,,,
40005,,,
40006,,,
40007,,,
40008,,,
40009,,,
40010,,,
40011,,,
40012,,,
40013,,,
40014,,,
40015,,,
40016,,,
41000,,,
41001,,,
41002,,,
41003,,,
41004,,,
41005,,,
41006,,,
41007,,,
41008,,,
41009,,,
41010,,,
41011,,,
41012,,,
41013,,,
41014,,,
41015,,,
41016,,,
41999,,,
42001,,,
42002,,,
42003,,,
42004,,,
42005,,,
42006,,,
42007,,,
42008,,,
42009,,,
42010,,,
42011,,,
42012,,,
42013,,,
42014,,,
42015,,,
42016,,,
42999,,,
43000,,,
43001,,,
43002,,,
43003,,,
43004,,,
43005,,,
43006,,,
43007,,,
43999,,,
49001,,,
49002,,,
49003,,,
49004,,,
49006,,,
49007,,,
49008,,,
49009,,,
49010,素晴らしいファンタジークォーターギフトパック,使用後以下の報酬を1つ選択することができます：ランスロット（永久）、星翼（永久）* 1、イベントチケット* 1、ガチャチケット* 1、ミニビーン* 50、伝送の巻物* 1、ランスロット（1日） 、星翼（1日）* 1,@Null@
49011,小さなウサギラッキーペットギフトパック,モールギフトパッケージ購入,@Null@
49012,小麦ラッキーペットギフトパック,モールギフトパッケージ購入,@Null@
49013,かわいいベイビーギフトパック,ショップギフトパック購入獲得,@Null@
49014,創造子ネコペットギフトパック,ショップギフトパック購入獲得,@Null@
49015,秋のメロディー シーズンポイントギフトパック,使用後以下の報酬を1つランダム獲得可能：マシュメロ（永久）、ジョーカー（永久）* 1、イベントチケット* 1、ガチャチケット* 1、ミニビーン* 50、伝送の巻物* 1、マシュメロ（1日） 、ジョーカー（1日）* 1,@Null@
49016,冬の童謡 シーズンポイントギフトパック,使用後以下の報酬を1つランダム獲得可能：荒野の狩人スノー（永久）*1、スイートハートのマリー（永久）*1、イベントチケット* 1、ガチャチケット* 1、ミニビーン* 50、伝送の巻物* 1、荒野の狩人スノー（1日）*1、スイートハートのマリー（1日）*1,@Null@
49017,ランダムマウントのカケラ（3個）,使用後マウントのカケラを3個ランダム獲得する,@Null@
49018,ランダムマウントのカケラ（5個）,使用後マウントのカケラを5個ランダム獲得する,@Null@
49019,ランダムスキンのカケラ（2個）,使用後スキンのカケラを2個ランダム獲得する,@Null@
49020,ランダムスキンのカケラ（5個）,使用後スキンのカケラを5個ランダム獲得する,@Null@
49021,@Null@,@Null@,@Null@
49022,@Null@,@Null@,@Null@
49023,@Null@,@Null@,@Null@
49024,@Null@,@Null@,@Null@
49025,,,
49026,,,
49027,,,
49028,,,
49029,,,
49030,,,
49031,,,
49032,,,
49033,,,
49034,,,
49035,,,
49036,,,
49037,,,
49038,,,
49039,,,
49040,,,
49041,,,
49042,,,
49043,,,
49044,,,
49045,,,
49046,,,
49047,,,
49048,,,
49101,@Null@,@Null@,@Null@
49102,@Null@,@Null@,@Null@
49103,@Null@,@Null@,@Null@
49104,@Null@,@Null@,@Null@
49105,,,
49106,,,
49107,,,
50001,中国風山荘,モダンな2階建ての中国風山荘,@Null@
50002,碧水山荘,夏の避暑にぴったりな高級山荘,@Null@
50003,シンプルな別荘,シンプルで小綺麗な別荘,@Null@
50004,モダンな別荘,モダンで豪華な別荘。屋外プールがある。友達を連れてプールでパーティしよう！,@Null@
50005,ワンちゃんのテーマパーク,動物パーティーのワンちゃんのテーマパークへようこそ。,@Null@
50006,青い城,伝説では、この城にキャンディの大軍が駐留しているそうだ。,@Null@
50007,研究所,ミニスターを専門的に研究するために誕生した研究部。,@Null@
50008,科学研究基地,今に至るまで、コード108は最大規模の設備を持ち、最も総合的で神秘的な研究所である,@Null@
50009,@Null@,設計図9,@Null@
50010,@Null@,@Null@,@Null@
50011,@Null@,@Null@,@Null@
50012,@Null@,@Null@,@Null@
50013,@Null@,@Null@,@Null@
50014,@Null@,@Null@,@Null@
50015,@Null@,@Null@,@Null@
50016,@Null@,@Null@,@Null@
50017,@Null@,@Null@,@Null@
50018,@Null@,@Null@,@Null@
50019,@Null@,@Null@,@Null@
50020,@Null@,@Null@,@Null@
55000,@Null@,@Null@,@Null@
55001,@Null@,交流アイテム1,@Null@
55002,@Null@,@Null@,@Null@
55003,@Null@,@Null@,@Null@
55004,@Null@,@Null@,@Null@
55005,@Null@,@Null@,@Null@
55006,@Null@,@Null@,@Null@
55007,@Null@,@Null@,@Null@
55008,@Null@,@Null@,@Null@
55009,@Null@,@Null@,@Null@
55010,@Null@,@Null@,@Null@
60000,@Null@,@Null@,@Null@
60001,@Null@,@Null@,@Null@
62000,@Null@,@Null@,@Null@
62001,ひまわりの種,"マイガーデンの農場に植えるとひまわりが生えてくる。
 花は綺麗なだけでなく、飲み物の原料にもなる",マイガーデン商人との売買で獲得
62002,赤色リュウゼツランの種,"マイガーデンの農場に植えると赤色リュウゼツランが生えてくる。
 花は綺麗なだけでなく、飲み物の原料にもなる",ペット探険で獲得できる
62003,ドラセナの種,"マイガーデンの農場に植えるとドラセナが生えてくる。
 花は綺麗なだけでなく、飲み物の原料にもなる",ペット探険で獲得できる
62004,野ばらの種,"マイガーデンの農場に植えると野ばらが生えてくる。
 花は綺麗なだけでなく、飲み物の原料にもなる",ペット探険で獲得できる
62005,コシロギクの種,"マイガーデンの農場に植えるとコシロギクが生えてくる。
 花は綺麗なだけでなく、飲み物の原料にもなる",マイガーデン商人との売買で獲得
62006,茶の木の種,"マイガーデンの農場に植えて、しばらくすると成長して茶の木になり、茶葉が収穫できる。
 茶葉は加工すると動物さんたちの大好きな飲み物になる",マイガーデン商人との売買で獲得
62007,バナナの木の苗木,"マイガーデンの農場に植えて、しばらくすると成長してバナナの木になり、バナナが収穫できる。
 果物でお菓子や飲み物が作れる",ペット探険で獲得できる
62008,スイカの種,"マイガーデンの農場に植えて、しばらくすると成長してスイカになる。
 果物でお菓子や飲み物が作れる",マイガーデン商人との売買で獲得
62009,マンゴーの木の苗木,"マイガーデンの農場に植えて、しばらくすると成長してマンゴーの木になり、マンゴーが収穫できる。
 果物でお菓子や飲み物が作れる",マイガーデン商人との売買で獲得
62010,梨の木の苗木,"マイガーデンの農場に植えて、しばらくすると成長して梨の木になり、梨が収穫できる。
 果物でお菓子や飲み物が作れる",マイガーデン商人との売買で獲得
62011,みかんの種,"マイガーデンの農場に植えて、しばらくすると成長してみかんの木になり、みかんが収穫できる。
 果物でお菓子や飲み物が作れる",マイガーデン商人との売買で獲得
62012,桃の木の苗木,"マイガーデンの農場に植えて、しばらくすると成長して桃の木になり、桃が収穫できる。
 果物でお菓子や飲み物が作れる",マイガーデン商人との売買で獲得
62013,稲の種,"マイガーデンの農場に植えて、しばらくすると成長して稲になる。
 食料となる作物は、料理に使える。その中でも稲は、牧場の動物の餌にも使える。",マイガーデン商人との売買で獲得
62014,小麦の種,"マイガーデンの農場に植えて、しばらくすると成長して小麦になる。
 食料となる作物は、料理に使える。その中でも小麦は、牧場の動物の餌にも使える。",マイガーデン商人との売買で獲得
62015,じゃがいもの種,"マイガーデンの農場に植えて、しばらくすると成長してじゃがいもになる。
 食料となる作物は、料理に使える",マイガーデン商人との売買で獲得
62016,かぼちゃの種,"マイガーデンの農場に植えて、しばらくすると成長してかぼちゃになる。
 食料となる作物で、料理に使える",マイガーデン商人との売買で獲得
62017,さとうきびの種,"マイガーデンの農場に植えて、しばらくすると成長してさとうきびになる。
 さとうきびはきび砂糖と紙の原材料になる。萌目ドンドンの餌にもできる",ペット探険で獲得できる
62018,空のハチの巣,"マイガーデンの農場に置いて、しばらくするとハチの巣が蜂蜜でいっぱいになる。
 蜂蜜は多くの食べ物の調味料になる",ペット探険で獲得できる
62019,唐辛子の木の種,"マイガーデンの農場に植えて、しばらくすると成長して唐辛子の木になり、唐辛子が収穫できる。
 唐辛子は料理に使える",ペット探険で獲得できる
62020,綿の木の種,"マイガーデンの農場に植えて、しばらくすると成長して綿の木になり、綿花が収穫できる。
 綿花は多くの建築素材の原材料になる",ペット探険で獲得できる
62021,果樹の苗木,"マイガーデンの農場に植えて、しばらくすると成長して果樹になる。
 果物のできない果樹だが、美しく廉価な木材をたくさん作れる。基本的な家具の材料の1つ。",マイガーデン商人との売買で獲得
62022,カラマツの苗木,"マイガーデンの農場に植えて、しばらくすると成長してカラマツの木になる。
 マツの木材は硬く、木目が自然で、ほのかに松の香りがする。基本的な家具の材料の1つ",ペット探険で獲得できる
62023,ポプラの苗木,"マイガーデンの農場に植えて、しばらくすると成長してポプラになる。
 ヤナギ科の材質は強靭で、木目が整っている。基本的な家具の材料の1つ",ペット探険で獲得できる
62024,セコイアの苗木,マイガーデンの農場に植えて、しばらくすると成長してセコイアの木になり、セコイアが収穫できる。,@Null@
62025,クスノキの苗木,マイガーデンの農場に植えて、しばらくすると成長してクスノキの木になり、クスノキが収穫できる。,@Null@
62026,クルミの木の苗木,"マイガーデンの農場に植えて、しばらくすると成長してクルミの木になる。
 クルミの木は価格が高いが、色つやがよく、材質が優れていて、格調高い家具と装飾を作れる",ペット探険で獲得できる
62027,キノコ,マイガーデンの農場に植えて、しばらくすると成長して食用のキノコになる。,マイガーデン商人との売買で獲得
62028,赤いキノコ,"マイガーデンの農場に植えて、しばらくすると成長して食用の赤いキノコになる。
 赤い飛び鶏が好きな食べ物。同時にペットのご飯を作るのにも使える",マイガーデン商人との売買で獲得
62029,コーヒーの種,"マイガーデンの農場に植えて、しばらくすると成長してコーヒーの木になり、コーヒー豆が収穫できる。
 飲み物を作れる",ペット探険で獲得できる
62030,セコイアの苗木,マイガーデンの農場に植えて、しばらくすると成長してたまたまセコイアになり、たまたまセコイアの実が収穫できる。#r飲み物を作れる,ペット探険で獲得できる
62031,酸素果実の木の苗木,"マイガーデンの農場に植えて、しばらくすると成長して酸素果実の木になり、酸素果実が収穫できる。
 飲み物を作れる",ペット探険で獲得できる
62032,にんじんの種,"マイガーデンの農場に植えて、しばらくすると成長してにんじんになる。
 にんじんは、料理に使える野菜だ。牧場の動物の餌にも使える",ペット探険で獲得できる
62033,橙色リュウゼツランの種,"マイガーデンの農場に植えると橙色リュウゼツランが生えてくる。
 花は綺麗なだけでなく、飲み物の原料にもなる",@Null@
62034,灰色リュウゼツランの種,"マイガーデンの農場に植えると灰色リュウゼツランが生えてくる。
 花は綺麗なだけでなく、飲み物の原料にもなる",@Null@
62035,桃色リュウゼツランの種,"マイガーデンの農場に植えると桃色リュウゼツランが生えてくる。
 花は綺麗なだけでなく、飲み物の原料にもなる",@Null@
62036,コヨウの苗木,"マイガーデンの農場に植えて、しばらくすると成長してコヨウの木になる。
 コヨウの木は価格が高いが、色つやがよく、材質が優れていて、格調高い家具と装飾を作れる",@Null@
62037,アロエの種,マイガーデンの農場に植えて、しばらくすると成長してアロエになる,@Null@
62038,ピーナッツの種,マイガーデンの農場に植えて、しばらくすると成長してピーナッツになる,@Null@
62039,オオムギの種,マイガーデンの農場に植えて、しばらくすると成長してオオムギになる,@Null@
62040,ごまの種,マイガーデンの農場に植えて、しばらくすると成長してごまになる,@Null@
62041,レタスの種,マイガーデンの農場に植えて、しばらくすると成長してレタスになる,@Null@
62042,ビートルートの種,マイガーデンの農場に植えて、しばらくすると成長してビートルートになる,@Null@
62043,トマトの種,マイガーデンの農場に植えて、しばらくすると成長してトマトになる,@Null@
62044,モロコシの種,マイガーデンの農場に植えて、しばらくすると成長してモロコシになる,@Null@
62045,キャベツの種,マイガーデンの農場に植えて、しばらくすると成長してキャベツになる,@Null@
62046,トウモロコシの種,マイガーデンの農場に植えて、しばらくすると成長してトウモロコシになる,@Null@
62047,ピーマンの種,マイガーデンの農場に植えて、しばらくすると成長してピーマンになる,@Null@
62048,だいこんの種,マイガーデンの農場に植えて、しばらくすると成長してだいこんになる,@Null@
62049,ツチグリの種,マイガーデンの農場に植えて、しばらくすると成長してツチグリになる,@Null@
62050,ブロッコリーの種,マイガーデンの農場に植えて、しばらくすると成長してブロッコリーになる,@Null@
62051,にらの種,マイガーデンの農場に植えて、しばらくすると成長してにらになる,@Null@
62052,ナツメの種,マイガーデンの農場に植えて、しばらくすると成長してナツメになる,@Null@
62053,キュウリの種,マイガーデンの農場に植えて、しばらくすると成長してキュウリになる,@Null@
62054,菜種の種,マイガーデンの農場に植えて、しばらくすると成長して菜種になる,@Null@
62055,チベット大麦の種,マイガーデンの農場に植えて、しばらくすると成長してチベット大麦になる,@Null@
62056,ココナッツの種,マイガーデンの農場に植えて、しばらくすると成長してココナッツになる,@Null@
62057,ラズベリーの種,マイガーデンの農場に植えて、しばらくすると成長してラズベリーになる,@Null@
62058,カニステルの種,マイガーデンの農場に植えて、しばらくすると成長してカニステルになる,@Null@
62059,赤ソルガムの種,マイガーデンの農場に植えて、しばらくすると成長して赤ソルガムになる,@Null@
62060,丸唐辛子の種,マイガーデンの農場に植えて、しばらくすると成長して丸唐辛子になる,@Null@
62061,エンドウの種,マイガーデンの農場に植えて、しばらくすると成長してエンドウになる,@Null@
62062,ブルーベリーの種,マイガーデンの農場に植えて、しばらくすると成長してブルーベリーになる,@Null@
62063,イチゴの種,マイガーデンの農場に植えて、しばらくすると成長してイチゴになる,@Null@
62064,パイナップルの種,マイガーデンの農場に植えて、しばらくすると成長してパイナップルになる,@Null@
62065,ぶどうの種,マイガーデンの農場に植えて、しばらくすると成長してぶどうになる,@Null@
62066,チェリーの種,マイガーデンの農場に植えて、しばらくすると成長してチェリーになる,@Null@
62067,マンネンタケの種,マイガーデンの農場に植えて、しばらくすると成長してマンネンタケになる,@Null@
62068,チェリーの種,マイガーデンの農場に植えて、しばらくすると成長してドラゴンフルーツになる,@Null@
62069,カラフルなピーマンの種,マイガーデンの農場に植えて、しばらくすると成長してカラフルなピーマンになる,@Null@
62070,ホシアンズタケの種,マイガーデンの農場に植えて、しばらくすると成長してホシアンズタケになる,@Null@
62071,高麗人参の種,マイガーデンの農場に植えて、しばらくすると成長して高麗人参になる,@Null@
62101,鶏,マイガーデンの牧場にひよこを放つと、ひよこが成長して#c0aba1d卵や鶏モモ#nなどの生産物を収穫できる。#r鶏は牧場で一般的に飼育されている動物だ,マイガーデン商人から購入して獲得
62102,飛び鶏,"マイガーデンの牧場に飛び鶏のヒヨコを放つと、ヒヨコが成長して#c0aba1d手羽やドードー鳥肉#nなどのものを収穫できる。
飛び鶏は鶏の珍しい変異種で、体にはとても軽い羽が生え、自分の体を持ち上げてある程度の距離を滑空することもできる",マイガーデン商人から購入して獲得
62103,ウシ,"マイガーデンの牧場に子ウシを放つと、子ウシが成長して#c0aba1d生のミルクや生ビーフステーキ#nなどの生産物を収穫できる
 ウシは牧場で一般的に飼育されている動物だ",マイガーデン商人から購入して獲得
62104,ヒツジ,"マイガーデンの牧場に子ヒツジを放つと、子ヒツジが成長して#c0aba1dウールや生の羊足#nなどの生産物を収穫できる
 ヒツジは牧場で一般的に飼育されている動物だ",マイガーデン商人から購入して獲得
62105,トントン,"マイガーデンの牧場に子トントンを放つと、子トントンが成長して#c0aba1dトントン肉#nなどの生産物を収穫できる
トントンは牧場で一般的に飼育されている動物だ",マイガーデン商人から購入して獲得
62106,慣れた萌目ドンドン,"マイガーデンの牧場に萌目ドンドンを放ち、しばらく経つと#c0aba1d氷の結晶#nなどの生産物を収穫できる
 極めて珍しい萌目ドンドンはミニ大陸の環境に適応し、人と交流しながら共に生活している",ペット探険で獲得できる
62107,生物エッグアイテム7,生物エッグアイテム7,@Null@
62108,生物エッグアイテム8,生物エッグアイテム8,@Null@
62109,生物エッグアイテム9,生物エッグアイテム9,@Null@
62110,生物エッグアイテム10,生物エッグアイテム10,@Null@
62111,生物エッグアイテム11,生物エッグアイテム11,@Null@
62112,生物エッグアイテム12,生物エッグアイテム12,@Null@
62113,生物エッグアイテム13,生物エッグアイテム13,@Null@
62114,生物エッグアイテム14,生物エッグアイテム14,@Null@
62115,生物エッグアイテム15,生物エッグアイテム15,@Null@
62116,生物エッグアイテム16,生物エッグアイテム16,@Null@
62117,生物エッグアイテム17,生物エッグアイテム17,@Null@
62118,生物エッグアイテム18,生物エッグアイテム18,@Null@
62119,生物エッグアイテム19,生物エッグアイテム19,@Null@
62120,生物エッグアイテム20,生物エッグアイテム20,@Null@
62401,コーヒー豆,農場のコーヒーの木から収穫できる。加工すると動物さんたちの大好きな飲み物になる,作物の種はペット探険で獲得できる
62402,セコイアの実,農場のセコイア実の木から収穫できる。加工すると動物さんたちの大好きな飲み物になる,作物の種はペット探険で獲得できる
62403,酸素果実,農場の酸素果実の木から収穫できる。加工すると動物さんたちの大好きな飲み物になる,作物の種はペット探険で獲得できる
62404,茶葉,農場の茶の木から収穫できる。加工すると動物さんたちの大好きな飲み物になる,作物の種はマイガーデン商人との売買で獲得できる
62405,バナナ,農場のバナナの木から収穫できる。加工すると動物さんたちの大好きな飲み物になる,作物の種はペット探険で獲得できる
62406,マンゴー,農場のマンゴーの木から収穫できる。加工すると動物さんたちの大好きな飲み物になる,作物の種はマイガーデン商人との売買で獲得できる
62407,梨,農場の梨の木から収穫できる。加工すると動物さんたちの大好きな飲み物になる,作物の種はペット探険で獲得できる
62408,みかん,農場のみかんの木から収穫できる。加工すると動物さんたちの大好きな飲み物になる,作物の種はマイガーデン商人との売買で獲得できる
62409,桃,農場の桃の木から収穫できる。加工すると動物さんたちの大好きな飲み物になる,作物の種はマイガーデン商人との売買で獲得できる
62410,綿,農場の綿の木から収穫できる。多くの家具製作で使える基本材料の1つ,作物の種はペット探険で獲得できる
62411,唐辛子,農場の唐辛子の木から収穫できる。加工すると動物さんたちの大好きな食べ物になる,作物の種はペット探険で獲得できる
62412,にんじん,農場に植えて収穫できる。加工すると動物さんたちの大好きな食べ物になる,作物の種はペット探険で獲得できる
62413,ひまわり,農場に植えて収穫できる。加工すると動物さんたちの大好きな飲み物になる,作物の種はマイガーデン商人との売買で獲得できる
62414,赤色リュウゼツラン,農場に植えて収穫できる。加工すると動物さんたちの大好きな飲み物になる,作物の種はペット探険で獲得できる
62415,橙色リュウゼツラン,農場に植えて収穫できる。加工すると動物さんたちの大好きな飲み物になる,@Null@
62416,灰色リュウゼツラン,農場に植えて収穫できる。加工すると動物さんたちの大好きな飲み物になる,@Null@
62417,桃色リュウゼツラン,農場に植えて収穫できる。加工すると動物さんたちの大好きな飲み物になる,@Null@
62418,ドラセナ,農場に植えて収穫できる。加工すると動物さんたちの大好きな飲み物になる,作物の種はペット探険で獲得できる
62419,野ばら,農場に植えて収穫できる。加工すると動物さんたちの大好きな飲み物になる,作物の種はペット探険で獲得できる
62420,コシロギク,農場に植えて収穫できる。加工すると動物さんたちの大好きな飲み物になる,作物の種はマイガーデン商人との売買で獲得できる
62421,食用キノコ,農場に植えて収穫できる。加工すると動物さんたちの大好きな食べ物になる,作物の種はペット探険で獲得できる
62422,食用赤いキノコ,農場に植えて収穫できる。加工すると動物さんたちの大好きな食べ物になる,作物の種はペット探険で獲得できる
62423,スイカ,農場に植えて収穫できる。加工すると動物さんたちの大好きな飲み物になる,作物の種はマイガーデン商人との売買で獲得できる
62424,果樹の原木,農場の果樹から収穫できる。多くの家具製作で使える基本材料の1つ,作物の種はマイガーデン商人との売買で獲得できる
62425,マツの原木,農場のカラマツから収穫できる。多くの家具製作で使える基本材料の1つ,作物の種はペット探険で獲得できる
62426,ヤナギの原木,農場のポプラから収穫できる。多くの家具製作で使える基本材料の1つ,作物の種はペット探険で獲得できる
62427,セコイアの原木,農場のセコイアから収穫できる。多くの家具製作で使える基本材料の1つ,
62428,クスノキの原木,農場のクスノキから収穫できる。家具製作で使える高級材料,@Null@
62429,クルミの木の原木,農場のクルミの木から収穫できる。家具製作で使える高級材料,作物の種はペット探険で獲得できる
62430,稲,農場に植えて収穫できる。加工するとペットたちの大好きな食べ物になる。牧場のヒヨコも好きだ,作物の種はマイガーデン商人との売買で獲得できる
62431,小麦,農場に植えて収穫できる。加工するとペットたちの大好きな食べ物になる。牧場のウシとヒツジも好きだ,作物の種はマイガーデン商人との売買で獲得できる
62432,じゃがいも,農場に植えて収穫できる。加工するとペットたちの大好きな食べ物になる,作物の種はマイガーデン商人との売買で獲得できる
62433,かぼちゃ,農場に植えて収穫できる。加工するとペットたちの大好きな食べ物になる,作物の種はマイガーデン商人との売買で獲得できる
62434,さとうきび,農場に植えて収穫できる。加工するとペットたちの大好きな食べ物になる。牧場の萌目ドンドンも好きだ,作物の種はペット探険で獲得できる
62435,満杯のハチの巣,農場に空のハチの巣を置くと獲得できる。小さなミツバチたちが苦労して働いた成果の巣箱。その箱から蜂蜜を加工できる,作物の種はペット探険で獲得できる
62436,枯れたひまわり,@Null@,@Null@
62437,コヨウの原木,農場のコヨウの木から収穫できる。家具製作で使える高級材料,@Null@
62438,アロエ,アロエは農場からの植栽、販売することができる一般的な多肉植物です。,@Null@
62439,ピーナッツ,ピーナッツは広く消費され、農場での植栽から入手することができます、販売することができます,@Null@
62440,オオムギ,大麦は世界で最も古い植栽作物の1つで、農場での植栽から入手して販売することができます。,@Null@
62441,ごま,ごまは、高い適用値が高い、農場での植栽から入手することができる主な石油作物の1つです。,@Null@
62442,レタス,ヨーロッパの地中海沿岸、飼育された野生種、農場での植栽から入手することができます。,@Null@
62443,ビートルート,ビートルートはサトウキビとは別の主要な砂糖源で、農場での植栽から入手できます。,@Null@
62444,トマト,トマトは南アメリカから由来、ユニークな香りを持つ栄養価の高い果物、農場での植栽から入手することができます,@Null@
62445,モロコシ,モロコシは、農場での植栽からのハイブリッド様々なグラミカ、ソルガムソルガム、スーダン草、オカチンです。,@Null@
62446,キャベツ,中国で栽培されている一般的な野菜は、販売することができる農場での植栽から入手できます,@Null@
62447,トウモロコシ,トウモロコシは世界で重要な食用作物であり、農場での植栽から入手することができます、販売することができます,@Null@
62448,ピーマン,"ピーマンは栄養価が高く、辛さも控えめで、野菜としてよく食べられています。農園から入手して,、販売もできます。",@Null@
62449,だいこん,だいこんは世界で最も古い作物の1つです、農場での植栽から入手することができますます,@Null@
62450,ツチグリ,ツチグリは比較的稀な真菌で、農場での植栽から入手することができます、販売することができます,@Null@
62451,ブロッコリー,ブロッコリーは人気のある野菜で、農場での植栽から入手できます。,@Null@
62452,にら,にらは高度に適応可能な植物で、耐寒性と耐寒性の両方で、販売することができる農場での植栽から得ます。,@Null@
62453,ナツメ,ナツメはビタミンを非常に多く含んでおり、販売するために栽培できる農場から入手している,@Null@
62454,キュウリ,キュウリは中国の主要な夏野菜の一つで、農場で栽培され、販売されている。,@Null@
62455,菜種,中国の重要な石油と経済作物は、農場での植栽から入手でき、販売することができます。,@Null@
62456,チベット大麦,チベット大麦は緑の植物は適応性の高い作物で、農業から得られ、販売することができる,@Null@
62457,ココナッツ,ココナッツは熱帯の重要な木質油脂作物であり、農業から得られる経済価値が高く、販売も可能である,@Null@
62458,ラズベリー,ラズベリーの果実は果物として利用され、植物は薬として利用され、多くの薬効があり、農業から得られ、販売することができる,@Null@
62459,カニステル,カニステルは、熱帯・亜熱帯地域で広く栽培されており、販売可能な農場から入手される,@Null@
62460,赤ソルガム,ソルガムは世界中で食用として広く栽培されており、販売用に栽培されている農場から入手している,@Null@
62461,丸唐辛子,丸唐辛子はビタミンCが豊富で、野菜の中では第1位で、農園で栽培され、販売されています。,@Null@
62462,エンドウ,地中海と中央アジアが原産で、世界で最も重要な栽培作物の一つであり、農業から得られ、販売も可能である,@Null@
62463,ブルーベリー,ブルーベリーの果実は栄養価が高く、農園で栽培されて販売されています。,@Null@
62464,イチゴ,イチゴは栄養価が高く、多くの栄養素を含んでおり、農園で栽培され、販売することができます。,@Null@
62465,パイナップル,パイナップルは、南米のブラジルやパラグアイのアマゾン川流域が原産で、販売用に栽培されている農場から入手します。,@Null@
62466,ぶどう,ブドウは世界最古の果樹のひとつであり、農場で栽培され、販売されている,@Null@
62467,チェリー,チェリーは中国での栽培の歴史が長く、販売用に栽培できる農園から入手している,@Null@
62468,マンネンタケ,マンネンタケは通常、湿度が高く薄暗い山林で栽培され、農園から入手して販売することができる,@Null@
62469,ドラゴンフルーツ,中央アメリカから南アメリカ北部、世界中で広く栽培されており、農場での栽培で得られたものを販売可能,@Null@
62470,カラフルなピーマン,カラフルなピーマンは消費、薬用および装飾的な目的に使用され、農場での植栽から入手することができます,@Null@
62471,ホシアンズタケ,ホシアンズタケは一般的に夏と秋の季節の間に腐敗した丸太の上のグループで栽培されています、農場での植栽から入手することができます,@Null@
62472,高麗人参,茎、葉、花、果物、および高麗人参の加工副産物は、産業産業産業の原材料であり、農場での植栽から入手することができます。,@Null@
62801,簡易肥料,大量生産された簡易肥料。質は良くないが、低価である,@Null@
62802,ダサンブランド精製肥料,ダサンによって改良された補給肥料は、作物の成長時間を6時間短縮することができます。,ファームビジネスマンの販売。
62803,高度な肥料,高度な肥料は1日間の作物の成長時間を短くすることができます。,ファームビジネスマンの販売。
62804,必須草の灰の袋,土地のあらゆる種類の要素に富んだ草が豊富なグレーは、上記の作物に二重出力を作ることができます。,ファームビジネスマンの販売。
62901,生の鶏モモ,牧場で鶏と飛び鶏を育てて獲得できる生肉の食材。食品に加工できる,生物エッグはマイガーデン商人から購入して獲得
62902,生ビーフステーキ,牧場でウシを育てて獲得できる生肉の食材。食品に加工できる,生物エッグはマイガーデン商人から購入して獲得
62903,生の羊足,牧場でヒツジを育てて獲得できる生肉の食材。食品に加工できる,生物エッグはマイガーデン商人から購入して獲得
62904,生トントン肉,牧場でトントンを育てて獲得できる生肉の食材。食品に加工できる,生物エッグはマイガーデン商人から購入して獲得
62905,氷の結晶,牧場で萌目ドンドンを育てて獲得できる。レアな食品調味料,生物エッグはペット探険で獲得できる
62906,ニワトリの卵,牧場で鶏を育てて獲得できる。食品に加工できる,生物エッグはマイガーデン商人から購入して獲得
62907,手羽,牧場で飛び鶏を育てて獲得できる。食品に加工できる,生物エッグはマイガーデン商人から購入して獲得
62908,生のミルク,牧場でウシを育てて獲得できる。食品と飲み物に加工できる,生物エッグはマイガーデン商人から購入して獲得
62909,ウール,牧場でヒツジを育てて獲得できる。家具と装飾の製作で使える基本材料。,生物エッグはマイガーデン商人から購入して獲得
62910,養殖産物10,養殖産物10,@Null@
62911,@Null@,@Null@,@Null@
62912,@Null@,@Null@,@Null@
62913,@Null@,@Null@,@Null@
62914,@Null@,@Null@,@Null@
62915,@Null@,@Null@,@Null@
62916,@Null@,@Null@,@Null@
62917,@Null@,@Null@,@Null@
62918,@Null@,@Null@,@Null@
62919,@Null@,@Null@,@Null@
62920,@Null@,@Null@,@Null@
63000,ファーム機能小道具,@Null@,@Null@
63001,シャベル,石の農耕工具。成長中の#c0aba1d農場の植物#nに向けて長押しすると、回収して種にできる,@Null@
63002,網,成長中の#c0aba1d養殖場の動物#nに向けて長押しすると、回収して生物エッグにできる,@Null@
63003,リコブランドの粗飼料,リコは、生物の成長時間を1時間短縮する粗飼料を開発した。,@Null@
63004,リコブランドの精製飼料,リコの改良型精製飼料は、生物の成長時間を3時間短縮します。,@Null@
63005,プレミアムフィード,生物の成長時間を1日短縮するプレミアムフィード,@Null@
63006,@Null@,@Null@,@Null@
63007,@Null@,@Null@,@Null@
64000,@Null@,@Null@,@Null@
64001,ひまわりの種,ひまわりから加工して獲得できる。加工すると動物さんたちの大好きなお菓子になる,マイガーデンの調理台で加工すると獲得できる
64002,米,稲から加工して獲得できる。加工すると動物さんたちの大好きな食べ物になる,マイガーデンの調理台で加工すると獲得できる
64003,小麦粉,小麦から加工して獲得できる。加工すると動物さんたちの大好きな食べ物になる,マイガーデンの調理台で加工すると獲得できる
64004,きび砂糖,さとうきびから加工して獲得できる。加工すると動物さんたちの大好きな食べ物になる,マイガーデンの調理台で加工すると獲得できる
64005,蜂蜜,満杯のハチの巣から加工して獲得できる。加工すると動物さんたちの大好きな食べ物になる,マイガーデンの調理台で加工すると獲得できる
64006,ご飯,ご飯系の食べ物。米を炊いてできる香り高いほかほかご飯,マイガーデンの調理台で加工すると獲得できる
64007,小麦のパン,ご飯系の食べ物。小麦粉の生地を発酵させ、焼いて作ったパン,マイガーデンの調理台で加工すると獲得できる
64008,ちまき,ご飯系の食べ物。米の中に肉系の食材を入れ、ハスの葉で包んで蒸して作る,マイガーデンの調理台で加工すると獲得できる
64009,にんじんのナムル,ご飯系の食べ物。にんじんを刻んで、調味料と和えて作る。簡単でおいしい,マイガーデンの調理台で加工すると獲得できる
64010,焼き鶏モモ,食べ物、生の鶏モモに食塩をまぶして焼く。肉の香りが鼻をくすぐる,マイガーデンの調理台で加工すると獲得できる
64011,ビーフステーキ,ご飯系の食べ物。生ビーフステーキに食塩をまぶして焼く。肉の香りが鼻をくすぐる,マイガーデンの調理台で加工すると獲得できる
64012,焼き羊足,ご飯系の食べ物。生の羊足に食塩をまぶして焼く。肉の香りが鼻をくすぐる,マイガーデンの調理台で加工すると獲得できる
64013,焼きトントン肉,ご飯系の食べ物。生トントン肉に食塩をまぶして焼く。肉の香りが鼻をくすぐる,マイガーデンの調理台で加工すると獲得できる
64014,野菜スープ,ご飯系の食べ物。食用のキノコとにんじんを刻んで煮るとできる,マイガーデンの調理台で加工すると獲得できる
64015,卵チャーハン,ご飯系の食べ物。ご飯に卵をのせて、素早く炒めて作る,マイガーデンの調理台で加工すると獲得できる
64016,くん製ハム,ご飯系の食べ物。生肉の食材と食塩を混ぜて成形し、炭火でいぶして作る,マイガーデンの調理台で加工すると獲得できる
64017,スープ麺,ご飯系の食べ物。小麦粉で麺を作ってから、調味料を加えて煮込むとできる,マイガーデンの調理台で加工すると獲得できる
64018,生クリームケーキ,お菓子系の食べ物。小麦粉の生地を発酵させ、ケーキを焼いた後、さらに生クリームを塗る,マイガーデンの調理台で加工すると獲得できる
64019,ハニーケーキ,お菓子系の食べ物。小麦粉の生地を発酵させ、ケーキを焼いた後、さらに蜂蜜を塗る,マイガーデンの調理台で加工すると獲得できる
64020,ミルクキャンディ,お菓子系の食べ物。生クリーム、きび砂糖、ミルクを混ぜて、弱火でゆっくり煮るとできる,マイガーデンの調理台で加工すると獲得できる
64021,ビスケット,お菓子系の食べ物。小麦粉、卵、きび砂糖を混ぜて発酵させた後、焼いて作る,マイガーデンの調理台で加工すると獲得できる
64022,フライドポテト,お菓子系の食べ物。じゃがいもを細く切って、塩をふり、焼いて作る,マイガーデンの調理台で加工すると獲得できる
64023,かぼちゃ餅,一種のお菓子。小麦粉、かぼちゃ、きび砂糖を混ぜて発酵させた後、焼いて作る。,マイガーデンの調理台で加工すると獲得できる
64024,果物盛り合わせ,お菓子系の食べ物。多くの果物を一緒に皿に盛る,マイガーデンの調理台で加工すると獲得できる
64025,チキンバーガー,お菓子系の食べ物。パンに肉を挟む——ハンバーガーの究極の秘密だ,マイガーデンの調理台で加工すると獲得できる
64026,ビーフバーガー,お菓子系の食べ物。パンに肉を挟む——ハンバーガーの究極の秘密だ,マイガーデンの調理台で加工すると獲得できる
64027,ラムバーガー,お菓子系の食べ物。パンに肉を挟む——ハンバーガーの究極の秘密だ,マイガーデンの調理台で加工すると獲得できる
64028,トントン肉バーガー,お菓子系の食べ物。パンに肉を挟む——ハンバーガーの究極の秘密だ,マイガーデンの調理台で加工すると獲得できる
64029,お餅,お菓子系の食べ物。米と砂糖を混ぜて発酵させた後、蒸して作る,マイガーデンの調理台で加工すると獲得できる
64030,餡入り団子,お菓子系の食べ物。米と砂糖を混ぜて発酵させた後、蒸して作る,マイガーデンの調理台で加工すると獲得できる
64031,チーズ,お菓子系の食べ物。生のミルクを発酵させて作る固体のお菓子,マイガーデンの調理台で加工すると獲得できる
64032,アイスクリーム,お菓子系の食べ物。チーズを溶かして白砂糖と一緒に混ぜて、凍らせて作る,マイガーデンの調理台で加工すると獲得できる
64033,フルーツアイスクリーム,お菓子系の食べ物。フルーツ味のアイスクリーム,マイガーデンの調理台で加工すると獲得できる
64034,炒った種,お菓子系の食べ物。ひまわりの種を手早く炒って作る,マイガーデンの調理台で加工すると獲得できる
64035,パック入りミルク,飲み物系の食べ物。生のミルクを殺菌し、包装して保存できるようにしたパック入りミルク,マイガーデンの調理台で加工すると獲得できる
64036,フルーツシェイク,飲み物系の食べ物。フルーツを粉砕してヨーグルトと混ぜて、氷の結晶を少し加えて作る,マイガーデンの調理台で加工すると獲得できる
64037,スイカジュース,飲み物系の食べ物。きび砂糖を少し加えた果汁。爽やかな甘さ,マイガーデンの調理台で加工すると獲得できる
64038,マンゴージュース,飲み物系の食べ物。きび砂糖を少し加えた果汁。甘酸っぱい,マイガーデンの調理台で加工すると獲得できる
64039,梨ジュース,飲み物系の食べ物。きび砂糖を少し加えた果汁。爽やかな甘さ,マイガーデンの調理台で加工すると獲得できる
64040,みかんジュース,飲み物系の食べ物。きび砂糖を少し加えた果汁。甘酸っぱい,マイガーデンの調理台で加工すると獲得できる
64041,桃ジュース,飲み物系の食べ物。きび砂糖を少し加えた果汁。爽やかな甘さ,マイガーデンの調理台で加工すると獲得できる
64042,蜂蜜茶,飲み物系の食べ物。茶葉を水出しして、少し蜂蜜を入れ、混ぜて作る,マイガーデンの調理台で加工すると獲得できる
64043,セコイアのジャム,飲み物、黒豆乳に少量のきび砂糖を加え、さっぱりとした甘さに仕上げたもの,マイガーデンの調理台で加工すると獲得できる
64044,炭酸ジュース,飲み物系の食べ物。酸素果実の果汁少々とたくさんの飲料水を混ぜて作る。きび砂糖を加えて酸素果実の酸味を緩和する必要がある,マイガーデンの調理台で加工すると獲得できる
64045,悪魔のジュース,飲み物系の食べ物。特殊な醸造により辛くなった果実に、萌目プラネットの氷の結晶の冷たい喉ごしを加えて、この挑戦的な飲み物を作る,マイガーデンの調理台で加工すると獲得できる
64046,ヨーグルト,飲み物系の食べ物。生のミルクときび砂糖を混ぜて発酵させて作る,マイガーデンの調理台で加工すると獲得できる
64047,にんじんジュース,飲み物系の食べ物。きび砂糖を少し加えた野菜ジュース,マイガーデンの調理台で加工すると獲得できる
64048,コーヒー,飲み物系の食べ物。コーヒー豆を粉にし、ドリップして作る。元気になる飲み物,マイガーデンの調理台で加工すると獲得できる
64049,清涼感のある菊花茶,飲み物系の食べ物。茶葉とコシロギク少量を水出しして、氷の結晶を加えて冷やす。夏の暑気払いの飲み物,マイガーデンの調理台で加工すると獲得できる
64050,リュウゼツランドリンク,飲み物系の食べ物。リュウゼツランときび砂糖を水に浸し、醸造した飲み物,マイガーデンの調理台で加工すると獲得できる
64051,スカーレットドリンク,飲み物系の食べ物。ドラセナを水出しして、蜂蜜を入れて苦味を中和する,マイガーデンの調理台で加工すると獲得できる
64052,ばらの花茶,飲み物系の食べ物。花の香り、茶の香り、蜂蜜の甘い香りが同時に楽しめる飲み物,マイガーデンの調理台で加工すると獲得できる
64053,@Null@,@Null@,@Null@
64054,普通のライス,ご飯系の食べ物。米を炊いてできる香り高いほかほかご飯,マイガーデンの調理台で加工すると獲得できる
64055,佳品ライス,ご飯系の食べ物。米を炊いてできる香り高いほかほかご飯,マイガーデンの調理台で加工すると獲得できる
64056,極上のライス,ご飯系の食べ物。米を炊いてできる香り高いほかほかご飯,マイガーデンの調理台で加工すると獲得できる
64057,絶品ライス,ご飯系の食べ物。米を炊いてできる香り高いほかほかご飯,マイガーデンの調理台で加工すると獲得できる
64058,普通の小麦パン,ご飯系の食べ物。小麦粉の生地を発酵させ、焼いて作ったパン,マイガーデンの調理台で加工すると獲得できる
64059,佳品小麦パン,ご飯系の食べ物。小麦粉の生地を発酵させ、焼いて作ったパン,マイガーデンの調理台で加工すると獲得できる
64060,極上の小麦パン,ご飯系の食べ物。小麦粉の生地を発酵させ、焼いて作ったパン,マイガーデンの調理台で加工すると獲得できる
64061,絶品小麦パン,ご飯系の食べ物。小麦粉の生地を発酵させ、焼いて作ったパン,マイガーデンの調理台で加工すると獲得できる
64062,普通のちまき,ご飯系の食べ物。米の中に肉系の食材を入れ、ハスの葉で包んで蒸して作る,マイガーデンの調理台で加工すると獲得できる
64063,佳品ちまき,ご飯系の食べ物。米の中に肉系の食材を入れ、ハスの葉で包んで蒸して作る,マイガーデンの調理台で加工すると獲得できる
64064,極上のちまき,ご飯系の食べ物。米の中に肉系の食材を入れ、ハスの葉で包んで蒸して作る,マイガーデンの調理台で加工すると獲得できる
64065,絶品ちまき,ご飯系の食べ物。米の中に肉系の食材を入れ、ハスの葉で包んで蒸して作る,マイガーデンの調理台で加工すると獲得できる
64066,普通のにんじんのナムル,ご飯系の食べ物。にんじんを刻んで、調味料と和えて作る。簡単でおいしい,マイガーデンの調理台で加工すると獲得できる
64067,佳品にんじんのナムル,ご飯系の食べ物。にんじんを刻んで、調味料と和えて作る。簡単でおいしい,マイガーデンの調理台で加工すると獲得できる
64068,極上のにんじんのナムル,ご飯系の食べ物。にんじんを刻んで、調味料と和えて作る。簡単でおいしい,マイガーデンの調理台で加工すると獲得できる
64069,絶品にんじんのナムル,ご飯系の食べ物。にんじんを刻んで、調味料と和えて作る。簡単でおいしい,マイガーデンの調理台で加工すると獲得できる
64070,普通の焼き鶏モモ,食べ物、生の鶏モモに食塩をまぶして焼く。肉の香りが鼻をくすぐる,マイガーデンの調理台で加工すると獲得できる
64071,佳品焼き鶏モモ,食べ物、生の鶏モモに食塩をまぶして焼く。肉の香りが鼻をくすぐる,マイガーデンの調理台で加工すると獲得できる
64072,極上の焼き鶏モモ,食べ物、生の鶏モモに食塩をまぶして焼く。肉の香りが鼻をくすぐる,マイガーデンの調理台で加工すると獲得できる
64073,絶品焼き鶏モモ,食べ物、生の鶏モモに食塩をまぶして焼く。肉の香りが鼻をくすぐる,マイガーデンの調理台で加工すると獲得できる
64074,普通のビーフステーキ,ご飯系の食べ物。生ビーフステーキに食塩をまぶして焼く。肉の香りが鼻をくすぐる,マイガーデンの調理台で加工すると獲得できる
64075,佳品ビーフステーキ,ご飯系の食べ物。生ビーフステーキに食塩をまぶして焼く。肉の香りが鼻をくすぐる,マイガーデンの調理台で加工すると獲得できる
64076,極上のビーフステーキ,ご飯系の食べ物。生ビーフステーキに食塩をまぶして焼く。肉の香りが鼻をくすぐる,マイガーデンの調理台で加工すると獲得できる
64077,絶品ビーフステーキ,ご飯系の食べ物。生ビーフステーキに食塩をまぶして焼く。肉の香りが鼻をくすぐる,マイガーデンの調理台で加工すると獲得できる
64078,普通の焼き羊足,ご飯系の食べ物。生の羊足に食塩をまぶして焼く。肉の香りが鼻をくすぐる,マイガーデンの調理台で加工すると獲得できる
64079,佳品焼き羊足,ご飯系の食べ物。生の羊足に食塩をまぶして焼く。肉の香りが鼻をくすぐる,マイガーデンの調理台で加工すると獲得できる
64080,極上の焼き羊足,ご飯系の食べ物。生の羊足に食塩をまぶして焼く。肉の香りが鼻をくすぐる,マイガーデンの調理台で加工すると獲得できる
64081,絶品焼き羊足,ご飯系の食べ物。生の羊足に食塩をまぶして焼く。肉の香りが鼻をくすぐる,マイガーデンの調理台で加工すると獲得できる
64082,普通の焼きトントン肉,ご飯系の食べ物。生トントン肉に食塩をまぶして焼く。肉の香りが鼻をくすぐる,マイガーデンの調理台で加工すると獲得できる
64083,佳品焼きトントン肉,ご飯系の食べ物。生トントン肉に食塩をまぶして焼く。肉の香りが鼻をくすぐる,マイガーデンの調理台で加工すると獲得できる
64084,極上の焼きトントン肉,ご飯系の食べ物。生トントン肉に食塩をまぶして焼く。肉の香りが鼻をくすぐる,マイガーデンの調理台で加工すると獲得できる
64085,普通の絶品焼きトントン肉,ご飯系の食べ物。生トントン肉に食塩をまぶして焼く。肉の香りが鼻をくすぐる,マイガーデンの調理台で加工すると獲得できる
64086,野菜スープ,ご飯系の食べ物。食用のキノコとにんじんを刻んで煮るとできる,マイガーデンの調理台で加工すると獲得できる
64087,佳品野菜スープ,ご飯系の食べ物。食用のキノコとにんじんを刻んで煮るとできる,マイガーデンの調理台で加工すると獲得できる
64088,極上の野菜スープ,ご飯系の食べ物。食用のキノコとにんじんを刻んで煮るとできる,マイガーデンの調理台で加工すると獲得できる
64089,絶品野菜スープ,ご飯系の食べ物。食用のキノコとにんじんを刻んで煮るとできる,マイガーデンの調理台で加工すると獲得できる
64090,普通の卵チャーハン,ご飯系の食べ物。ご飯に卵をのせて、素早く炒めて作る,マイガーデンの調理台で加工すると獲得できる
64091,佳品卵チャーハン,ご飯系の食べ物。ご飯に卵をのせて、素早く炒めて作る,マイガーデンの調理台で加工すると獲得できる
64092,極上の卵チャーハン,ご飯系の食べ物。ご飯に卵をのせて、素早く炒めて作る,マイガーデンの調理台で加工すると獲得できる
64093,絶品卵チャーハン,ご飯系の食べ物。ご飯に卵をのせて、素早く炒めて作る,マイガーデンの調理台で加工すると獲得できる
64094,普通のくん製ハム,ご飯系の食べ物。生肉の食材と食塩を混ぜて成形し、炭火でいぶして作る,マイガーデンの調理台で加工すると獲得できる
64095,佳品くん製ハム,ご飯系の食べ物。生肉の食材と食塩を混ぜて成形し、炭火でいぶして作る,マイガーデンの調理台で加工すると獲得できる
64096,極上のくん製ハム,ご飯系の食べ物。生肉の食材と食塩を混ぜて成形し、炭火でいぶして作る,マイガーデンの調理台で加工すると獲得できる
64097,絶品くん製ハム,ご飯系の食べ物。生肉の食材と食塩を混ぜて成形し、炭火でいぶして作る,マイガーデンの調理台で加工すると獲得できる
64098,普通のスープ麺,ご飯系の食べ物。小麦粉で麺を作ってから、調味料を加えて煮込むとできる,マイガーデンの調理台で加工すると獲得できる
64099,佳品スープ麺,ご飯系の食べ物。小麦粉で麺を作ってから、調味料を加えて煮込むとできる,マイガーデンの調理台で加工すると獲得できる
64100,極上のスープ麺,ご飯系の食べ物。小麦粉で麺を作ってから、調味料を加えて煮込むとできる,マイガーデンの調理台で加工すると獲得できる
64101,絶品スープ麺,ご飯系の食べ物。小麦粉で麺を作ってから、調味料を加えて煮込むとできる,マイガーデンの調理台で加工すると獲得できる
64102,普通の生クリームケーキ,お菓子系の食べ物。小麦粉の生地を発酵させ、ケーキを焼いた後、さらに生クリームを塗る,マイガーデンの調理台で加工すると獲得できる
64103,佳品生クリームケーキ,お菓子系の食べ物。小麦粉の生地を発酵させ、ケーキを焼いた後、さらに生クリームを塗る,マイガーデンの調理台で加工すると獲得できる
64104,極上の生クリームケーキ,お菓子系の食べ物。小麦粉の生地を発酵させ、ケーキを焼いた後、さらに生クリームを塗る,マイガーデンの調理台で加工すると獲得できる
64105,絶品生クリームケーキ,お菓子系の食べ物。小麦粉の生地を発酵させ、ケーキを焼いた後、さらに生クリームを塗る,マイガーデンの調理台で加工すると獲得できる
64106,普通のハニーケーキ,お菓子系の食べ物。小麦粉の生地を発酵させ、ケーキを焼いた後、さらに蜂蜜を塗る,マイガーデンの調理台で加工すると獲得できる
64107,佳品ハニーケーキ,お菓子系の食べ物。小麦粉の生地を発酵させ、ケーキを焼いた後、さらに蜂蜜を塗る,マイガーデンの調理台で加工すると獲得できる
64108,極上のハニーケーキ,お菓子系の食べ物。小麦粉の生地を発酵させ、ケーキを焼いた後、さらに蜂蜜を塗る,マイガーデンの調理台で加工すると獲得できる
64109,絶品ハニーケーキ,お菓子系の食べ物。小麦粉の生地を発酵させ、ケーキを焼いた後、さらに蜂蜜を塗る,マイガーデンの調理台で加工すると獲得できる
64110,普通のミルクキャンディ,お菓子系の食べ物。生クリーム、きび砂糖、ミルクを混ぜて、弱火でゆっくり煮るとできる,マイガーデンの調理台で加工すると獲得できる
64111,佳品ミルクキャンディ,お菓子系の食べ物。生クリーム、きび砂糖、ミルクを混ぜて、弱火でゆっくり煮るとできる,マイガーデンの調理台で加工すると獲得できる
64112,極上のミルクキャンディ,お菓子系の食べ物。生クリーム、きび砂糖、ミルクを混ぜて、弱火でゆっくり煮るとできる,マイガーデンの調理台で加工すると獲得できる
64113,絶品ミルクキャンディ,お菓子系の食べ物。生クリーム、きび砂糖、ミルクを混ぜて、弱火でゆっくり煮るとできる,マイガーデンの調理台で加工すると獲得できる
64114,普通のビスケット,お菓子系の食べ物。小麦粉、卵、きび砂糖を混ぜて発酵させた後、焼いて作る,マイガーデンの調理台で加工すると獲得できる
64115,佳品ビスケット,お菓子系の食べ物。小麦粉、卵、きび砂糖を混ぜて発酵させた後、焼いて作る,マイガーデンの調理台で加工すると獲得できる
64116,極上のビスケット,お菓子系の食べ物。小麦粉、卵、きび砂糖を混ぜて発酵させた後、焼いて作る,マイガーデンの調理台で加工すると獲得できる
64117,絶品ビスケット,お菓子系の食べ物。小麦粉、卵、きび砂糖を混ぜて発酵させた後、焼いて作る,マイガーデンの調理台で加工すると獲得できる
64118,普通のフライドポテト,お菓子系の食べ物。じゃがいもを細く切って、塩をふり、焼いて作る,マイガーデンの調理台で加工すると獲得できる
64119,佳品フライドポテト,お菓子系の食べ物。じゃがいもを細く切って、塩をふり、焼いて作る,マイガーデンの調理台で加工すると獲得できる
64120,極上のフライドポテト,お菓子系の食べ物。じゃがいもを細く切って、塩をふり、焼いて作る,マイガーデンの調理台で加工すると獲得できる
64121,絶品フライドポテト,お菓子系の食べ物。じゃがいもを細く切って、塩をふり、焼いて作る,マイガーデンの調理台で加工すると獲得できる
64122,普通のかぼちゃ餅,一種のお菓子。小麦粉、かぼちゃ、きび砂糖を混ぜて発酵させた後、焼いて作る。,マイガーデンの調理台で加工すると獲得できる
64123,佳品かぼちゃ餅,一種のお菓子。小麦粉、かぼちゃ、きび砂糖を混ぜて発酵させた後、焼いて作る。,マイガーデンの調理台で加工すると獲得できる
64124,極上のかぼちゃ餅,一種のお菓子。小麦粉、かぼちゃ、きび砂糖を混ぜて発酵させた後、焼いて作る。,マイガーデンの調理台で加工すると獲得できる
64125,絶品かぼちゃ餅,一種のお菓子。小麦粉、かぼちゃ、きび砂糖を混ぜて発酵させた後、焼いて作る。,マイガーデンの調理台で加工すると獲得できる
64126,普通の果物盛り合わせ,お菓子系の食べ物。多くの果物を一緒に皿に盛る,マイガーデンの調理台で加工すると獲得できる
64127,佳品果物盛り合わせ,お菓子系の食べ物。多くの果物を一緒に皿に盛る,マイガーデンの調理台で加工すると獲得できる
64128,極上の果物盛り合わせ,お菓子系の食べ物。多くの果物を一緒に皿に盛る,マイガーデンの調理台で加工すると獲得できる
64129,絶品果物盛り合わせ,お菓子系の食べ物。多くの果物を一緒に皿に盛る,マイガーデンの調理台で加工すると獲得できる
64130,普通のチキンバーガー,お菓子系の食べ物。パンに肉を挟む——ハンバーガーの究極の秘密だ,マイガーデンの調理台で加工すると獲得できる
64131,佳品チキンバーガー,お菓子系の食べ物。パンに肉を挟む——ハンバーガーの究極の秘密だ,マイガーデンの調理台で加工すると獲得できる
64132,極上のチキンバーガー,お菓子系の食べ物。パンに肉を挟む——ハンバーガーの究極の秘密だ,マイガーデンの調理台で加工すると獲得できる
64133,絶品チキンバーガー,お菓子系の食べ物。パンに肉を挟む——ハンバーガーの究極の秘密だ,マイガーデンの調理台で加工すると獲得できる
64134,普通のビーフバーガー,お菓子系の食べ物。パンに肉を挟む——ハンバーガーの究極の秘密だ,マイガーデンの調理台で加工すると獲得できる
64135,佳品ビーフバーガー,お菓子系の食べ物。パンに肉を挟む——ハンバーガーの究極の秘密だ,マイガーデンの調理台で加工すると獲得できる
64136,極上のビーフバーガー,お菓子系の食べ物。パンに肉を挟む——ハンバーガーの究極の秘密だ,マイガーデンの調理台で加工すると獲得できる
64137,絶品ビーフバーガー,お菓子系の食べ物。パンに肉を挟む——ハンバーガーの究極の秘密だ,マイガーデンの調理台で加工すると獲得できる
64138,普通のラムバーガー,お菓子系の食べ物。パンに肉を挟む——ハンバーガーの究極の秘密だ,マイガーデンの調理台で加工すると獲得できる
64139,佳品ラムバーガー,お菓子系の食べ物。パンに肉を挟む——ハンバーガーの究極の秘密だ,マイガーデンの調理台で加工すると獲得できる
64140,極上のラムバーガー,お菓子系の食べ物。パンに肉を挟む——ハンバーガーの究極の秘密だ,マイガーデンの調理台で加工すると獲得できる
64141,絶品ラムバーガー,お菓子系の食べ物。パンに肉を挟む——ハンバーガーの究極の秘密だ,マイガーデンの調理台で加工すると獲得できる
64142,普通のトントンバーガー,お菓子系の食べ物。パンに肉を挟む——ハンバーガーの究極の秘密だ,マイガーデンの調理台で加工すると獲得できる
64143,佳品トントンバーガー,お菓子系の食べ物。パンに肉を挟む——ハンバーガーの究極の秘密だ,マイガーデンの調理台で加工すると獲得できる
64144,極上のトントンバーガー,お菓子系の食べ物。パンに肉を挟む——ハンバーガーの究極の秘密だ,マイガーデンの調理台で加工すると獲得できる
64145,絶品トントンバーガー,お菓子系の食べ物。パンに肉を挟む——ハンバーガーの究極の秘密だ,マイガーデンの調理台で加工すると獲得できる
64146,普通のお餅,お菓子系の食べ物。米と砂糖を混ぜて発酵させた後、蒸して作る,マイガーデンの調理台で加工すると獲得できる
64147,佳品お餅,お菓子系の食べ物。米と砂糖を混ぜて発酵させた後、蒸して作る,マイガーデンの調理台で加工すると獲得できる
64148,極上のお餅,お菓子系の食べ物。米と砂糖を混ぜて発酵させた後、蒸して作る,マイガーデンの調理台で加工すると獲得できる
64149,絶品お餅,お菓子系の食べ物。米と砂糖を混ぜて発酵させた後、蒸して作る,マイガーデンの調理台で加工すると獲得できる
64150,普通の餡入り団子,お菓子系の食べ物。米と砂糖を混ぜて発酵させた後、蒸して作る,マイガーデンの調理台で加工すると獲得できる
64151,佳品餡入り団子,お菓子系の食べ物。米と砂糖を混ぜて発酵させた後、蒸して作る,マイガーデンの調理台で加工すると獲得できる
64152,極上の餡入り団子,お菓子系の食べ物。米と砂糖を混ぜて発酵させた後、蒸して作る,マイガーデンの調理台で加工すると獲得できる
64153,絶品餡入り団子,お菓子系の食べ物。米と砂糖を混ぜて発酵させた後、蒸して作る,マイガーデンの調理台で加工すると獲得できる
64154,普通のチーズ,お菓子系の食べ物。生のミルクを発酵させて作る固体のお菓子,マイガーデンの調理台で加工すると獲得できる
64155,佳品チーズ,お菓子系の食べ物。生のミルクを発酵させて作る固体のお菓子,マイガーデンの調理台で加工すると獲得できる
64156,極上のチーズ,お菓子系の食べ物。生のミルクを発酵させて作る固体のお菓子,マイガーデンの調理台で加工すると獲得できる
64157,絶品チーズ,お菓子系の食べ物。生のミルクを発酵させて作る固体のお菓子,マイガーデンの調理台で加工すると獲得できる
64158,普通のアイスクリーム,お菓子系の食べ物。チーズを溶かして白砂糖と一緒に混ぜて、凍らせて作る,マイガーデンの調理台で加工すると獲得できる
64159,佳品アイスクリーム,お菓子系の食べ物。チーズを溶かして白砂糖と一緒に混ぜて、凍らせて作る,マイガーデンの調理台で加工すると獲得できる
64160,極上のアイスクリーム,お菓子系の食べ物。チーズを溶かして白砂糖と一緒に混ぜて、凍らせて作る,マイガーデンの調理台で加工すると獲得できる
64161,絶品アイスクリーム,お菓子系の食べ物。チーズを溶かして白砂糖と一緒に混ぜて、凍らせて作る,マイガーデンの調理台で加工すると獲得できる
64162,普通のフルーツアイスクリーム,お菓子系の食べ物。フルーツ味のアイスクリーム,マイガーデンの調理台で加工すると獲得できる
64163,佳品フルーツアイスクリーム,お菓子系の食べ物。フルーツ味のアイスクリーム,マイガーデンの調理台で加工すると獲得できる
64164,極上のフルーツアイスクリーム,お菓子系の食べ物。フルーツ味のアイスクリーム,マイガーデンの調理台で加工すると獲得できる
64165,絶品フルーツアイスクリーム,お菓子系の食べ物。フルーツ味のアイスクリーム,マイガーデンの調理台で加工すると獲得できる
64166,普通の炒った種,お菓子系の食べ物。ひまわりの種を手早く炒って作る,マイガーデンの調理台で加工すると獲得できる
64167,佳品炒った種,お菓子系の食べ物。ひまわりの種を手早く炒って作る,マイガーデンの調理台で加工すると獲得できる
64168,極上の炒った種,お菓子系の食べ物。ひまわりの種を手早く炒って作る,マイガーデンの調理台で加工すると獲得できる
64169,絶品炒った種,お菓子系の食べ物。ひまわりの種を手早く炒って作る,マイガーデンの調理台で加工すると獲得できる
64170,普通の箱入り牛乳,飲料類で、生乳を殺菌して牛乳パックに入れて保存したもの,マイガーデンの調理台で加工すると獲得できる
64171,佳品箱入り牛乳,飲料類で、生乳を殺菌して牛乳パックに入れて保存したもの,マイガーデンの調理台で加工すると獲得できる
64172,極上の箱入り牛乳,飲料類で、生乳を殺菌して牛乳パックに入れて保存したもの,マイガーデンの調理台で加工すると獲得できる
64173,絶品箱入り牛乳,飲料類で、生乳を殺菌して牛乳パックに入れて保存したもの,マイガーデンの調理台で加工すると獲得できる
64174,普通のフルーツシェイク,飲料類で、果物を割ってヨーグルトと混ぜた後、氷晶を少し加えて作ります,マイガーデンの調理台で加工すると獲得できる
64175,佳品フルーツシェイク,飲料類で、果物を割ってヨーグルトと混ぜた後、氷晶を少し加えて作ります,マイガーデンの調理台で加工すると獲得できる
64176,極上のフルーツシェイク,飲料類で、果物を割ってヨーグルトと混ぜた後、氷晶を少し加えて作ります,マイガーデンの調理台で加工すると獲得できる
64177,絶品フルーツシェイク,飲料類で、果物を割ってヨーグルトと混ぜた後、氷晶を少し加えて作ります,マイガーデンの調理台で加工すると獲得できる
64178,普通のスイカジュース,飲料類、ショ糖を少し入れたジュースが入っており、味は甘酸っぱいです,マイガーデンの調理台で加工すると獲得できる
64179,佳品スイカジュース,飲料類、ショ糖を少し入れたジュースが入っており、味は甘酸っぱいです,マイガーデンの調理台で加工すると獲得できる
64180,極上のスイカジュース,飲料類、ショ糖を少し入れたジュースが入っており、味は甘酸っぱいです,マイガーデンの調理台で加工すると獲得できる
64181,絶品スイカジュース,飲料類、ショ糖を少し入れたジュースが入っており、味は甘酸っぱいです,マイガーデンの調理台で加工すると獲得できる
64182,普通のマンゴジュース,飲料類、ショ糖を少し入れたジュースが入っており、味は甘酸っぱいです,マイガーデンの調理台で加工すると獲得できる
64183,佳品マンゴジュース,飲料類、ショ糖を少し入れたジュースが入っており、味は甘酸っぱいです,マイガーデンの調理台で加工すると獲得できる
64184,極上のマンゴジュース,飲料類、ショ糖を少し入れたジュースが入っており、味は甘酸っぱいです,マイガーデンの調理台で加工すると獲得できる
64185,絶品マンゴジュース,飲料類、ショ糖を少し入れたジュースが入っており、味は甘酸っぱいです,マイガーデンの調理台で加工すると獲得できる
64186,普通の梨ジュース,飲料類、ショ糖を少し入れたジュースが入っており、味は甘酸っぱいです,マイガーデンの調理台で加工すると獲得できる
64187,佳品梨ジュース,飲料類、ショ糖を少し入れたジュースが入っており、味は甘酸っぱいです,マイガーデンの調理台で加工すると獲得できる
64188,極上の梨ジュース,飲料類、ショ糖を少し入れたジュースが入っており、味は甘酸っぱいです,マイガーデンの調理台で加工すると獲得できる
64189,絶品梨ジュース,飲料類、ショ糖を少し入れたジュースが入っており、味は甘酸っぱいです,マイガーデンの調理台で加工すると獲得できる
64190,普通の柑橘ジュース,飲料類、ショ糖を少し入れたジュースが入っており、味は甘酸っぱいです,マイガーデンの調理台で加工すると獲得できる
64191,佳品柑橘ジュース,飲料類、ショ糖を少し入れたジュースが入っており、味は甘酸っぱいです,マイガーデンの調理台で加工すると獲得できる
64192,極上の柑橘ジュース,飲料類、ショ糖を少し入れたジュースが入っており、味は甘酸っぱいです,マイガーデンの調理台で加工すると獲得できる
64193,絶品柑橘ジュース,飲料類、ショ糖を少し入れたジュースが入っており、味は甘酸っぱいです,マイガーデンの調理台で加工すると獲得できる
64194,普通の桃ジュース,飲料類、ショ糖を少し入れたジュースが入っており、味は甘酸っぱいです,マイガーデンの調理台で加工すると獲得できる
64195,佳品桃ジュース,飲料類、ショ糖を少し入れたジュースが入っており、味は甘酸っぱいです,マイガーデンの調理台で加工すると獲得できる
64196,極上の桃ジュース,飲料類で、ショ糖を少し入れたジュースが入っており、味は甘酸っぱいです,マイガーデンの調理台で加工すると獲得できる
64197,絶品桃ジュース,飲料類、ショ糖を少し入れたジュースが入っており、味は甘酸っぱいです,マイガーデンの調理台で加工すると獲得できる
64198,普通のハニーティー,飲料類、茶葉に水を浸した後、蜂蜜を少し加えて混ぜて調製します,マイガーデンの調理台で加工すると獲得できる
64199,佳品ハニーティー,飲料類で、茶葉に水を浸した後、蜂蜜を少し加えて混ぜて調製します,マイガーデンの調理台で加工すると獲得できる
64200,極上のハニーティー,飲料類で、茶葉に水を浸した後、蜂蜜を少し加えて混ぜて調製します,マイガーデンの調理台で加工すると獲得できる
64201,絶品ハニーティー,飲料類で、茶葉に水を浸した後、蜂蜜を少し加えて混ぜて調製します,マイガーデンの調理台で加工すると獲得できる
64202,普通のセコイアのジャム,飲み物、黒豆乳に少量のきび砂糖を加え、さっぱりとした甘さに仕上げたもの,マイガーデンの調理台で加工すると獲得できる
64203,佳品セコイアのジャム,飲み物、黒豆乳に少量のきび砂糖を加え、さっぱりとした甘さに仕上げたもの,マイガーデンの調理台で加工すると獲得できる
64204,極上のセコイアのジャム,飲み物、黒豆乳に少量のきび砂糖を加え、さっぱりとした甘さに仕上げたもの,マイガーデンの調理台で加工すると獲得できる
64205,絶品セコイアのジャム,飲み物、黒豆乳に少量のきび砂糖を加え、さっぱりとした甘さに仕上げたもの,マイガーデンの調理台で加工すると獲得できる
64206,普通のバブルジュース,普通の飲料類で、少しの酸素ジュースと大量の水で調製されており、ショ糖を加えて酸素果の酸味を薄める必要があります,マイガーデンの調理台で加工すると獲得できる
64207,佳品バブルジュース,普通の飲料類で、少しの酸素ジュースと大量の水で調製されており、ショ糖を加えて酸素果の酸味を薄める必要があります,マイガーデンの調理台で加工すると獲得できる
64208,極上のバブルジュース,普通の飲料類で、少しの酸素ジュースと大量の水で調製されており、ショ糖を加えて酸素果の酸味を薄める必要があります,マイガーデンの調理台で加工すると獲得できる
64209,絶品バブルジュース,普通の飲料類で、少しの酸素ジュースと大量の水で調製されており、ショ糖を加えて酸素果の酸味を薄める必要があります,マイガーデンの調理台で加工すると獲得できる
64210,普通の悪魔のジュース,飲料類で、特殊に作られた味の辛い果実に、萌目星氷の冷たい食感を加えて、常人ではない挑戦できるマイナーな飲み物になっています。,マイガーデンの調理台で加工すると獲得できる
64211,佳品悪魔のジュース,飲料類で、特殊に作られた味の辛い果実に、萌目星氷の冷たい食感を加えて、常人ではない挑戦できるマイナーな飲み物になっています。,マイガーデンの調理台で加工すると獲得できる
64212,極上の悪魔のジュース,飲料類で、特殊に作られた味の辛い果実に、萌目星氷の冷たい食感を加えて、常人ではない挑戦できるマイナーな飲み物になっています。,マイガーデンの調理台で加工すると獲得できる
64213,絶品悪魔のジュース,飲料類で、特殊に作られた味の辛い果実に、萌目星氷の冷たい食感を加えて、常人ではない挑戦できるマイナーな飲み物になっています。,マイガーデンの調理台で加工すると獲得できる
64214,普通のヨーグルト,飲料類で、生牛乳とショ糖を混合して発酵させたものです,マイガーデンの調理台で加工すると獲得できる
64215,佳品ヨーグルト,飲料類で、生牛乳とショ糖を混合して発酵させたものです,マイガーデンの調理台で加工すると獲得できる
64216,極上のヨーグルト,飲料類で、生牛乳とショ糖を混合して発酵させたものです,マイガーデンの調理台で加工すると獲得できる
64217,絶品ヨーグルト,飲料類で、生牛乳とショ糖を混合して発酵させたものです,マイガーデンの調理台で加工すると獲得できる
64218,普通のにんじんジュース,飲料類で、少量のきび砂糖を加えた野菜ジュース,マイガーデンの調理台で加工すると獲得できる
64219,佳品にんじんジュース,飲料類で、少量のきび砂糖を加えた野菜ジュース,マイガーデンの調理台で加工すると獲得できる
64220,極上のにんじんジュース,飲料類で、少量のきび砂糖を加えた野菜ジュース,マイガーデンの調理台で加工すると獲得できる
64221,絶品にんじんジュース,飲料類で、少量のきび砂糖を加えた野菜ジュース,マイガーデンの調理台で加工すると獲得できる
64222,普通のコーヒー,飲料類で、リフレッシュのためのコーヒー豆を挽いて淹れたもの,マイガーデンの調理台で加工すると獲得できる
64223,佳品コーヒー,飲料類で、リフレッシュのためのコーヒー豆を挽いて淹れたもの,マイガーデンの調理台で加工すると獲得できる
64224,極上のコーヒー,飲料類で、リフレッシュのためのコーヒー豆を挽いて淹れたもの,マイガーデンの調理台で加工すると獲得できる
64225,絶品コーヒー,飲料類で、リフレッシュのためのコーヒー豆を挽いて淹れたもの,マイガーデンの調理台で加工すると獲得できる
64226,普通の菊花茶,飲料類で、水に少しの菊と茶葉を入れ、氷の結晶で冷やした夏の飲み物,マイガーデンの調理台で加工すると獲得できる
64227,佳品菊花茶,飲料類で、水に少しの菊と茶葉を入れ、氷の結晶で冷やした夏の飲み物,マイガーデンの調理台で加工すると獲得できる
64228,極上の菊花茶,飲料類で、水に少しの菊と茶葉を入れ、氷の結晶で冷やした夏の飲み物,マイガーデンの調理台で加工すると獲得できる
64229,絶品菊花茶,飲料類で、水に少しの菊と茶葉を入れ、氷の結晶で冷やした夏の飲み物,マイガーデンの調理台で加工すると獲得できる
64230,普通のテキーラスペシャル,飲料類で、アガベとサトウキビの砂糖を水で仕込んだもの,マイガーデンの調理台で加工すると獲得できる
64231,佳品テキーラスペシャル,飲料類で、アガベとサトウキビの砂糖を水で仕込んだもの,マイガーデンの調理台で加工すると獲得できる
64232,極上のテキーラスペシャル,飲料類で、アガベとサトウキビの砂糖を水で仕込んだもの,マイガーデンの調理台で加工すると獲得できる
64233,絶品テキーラスペシャル,飲料類で、アガベとサトウキビの砂糖を水で仕込んだもの,マイガーデンの調理台で加工すると獲得できる
64234,普通のスカーレットドリンク,飲料類で、ドラゴンズブラッドの花を煎じた後、苦味を中和するために蜂蜜を加える。,マイガーデンの調理台で加工すると獲得できる
64235,佳品スカーレットドリンク,飲料類で、ドラゴンズブラッドの花を煎じた後、苦味を中和するために蜂蜜を加える。,マイガーデンの調理台で加工すると獲得できる
64236,極上のスカーレットドリンク,飲料類で、ドラゴンズブラッドの花を煎じた後、苦味を中和するために蜂蜜を加える。,マイガーデンの調理台で加工すると獲得できる
64237,絶品スカーレットドリンク,飲料類で、ドラゴンズブラッドの花を煎じた後、苦味を中和するために蜂蜜を加える。,マイガーデンの調理台で加工すると獲得できる
64238,普通のローズティー,ドリンク類は、花の香り、お茶の香り、蜂蜜の甘い香りが同時についている飲み物です,マイガーデンの調理台で加工すると獲得できる
64239,佳品ローズティー,ドリンク類は、花の香り、お茶の香り、蜂蜜の甘い香りが同時についている飲み物です,マイガーデンの調理台で加工すると獲得できる
64240,極上のローズティー,ドリンク類は、花の香り、お茶の香り、蜂蜜の甘い香りが同時についている飲み物です,マイガーデンの調理台で加工すると獲得できる
64241,絶品ローズティー,ドリンク類は、花の香り、お茶の香り、蜂蜜の甘い香りが同時についている飲み物です,マイガーデンの調理台で加工すると獲得できる
64242,マントー,食事類で、食事が好きなペットが冒険に必要な食べ物です。,只能力〜
64243,もち米の生地,お菓子類で、お菓子が好きなペットが探検に必要な食べ物です。,只能力〜
64244,エネルギーウォーター,飲料類で、飲み物が好きなペットが探検に必要な食べ物です。,只能力〜
64245,みじん切りピーナッツ,菓子類で、落花生が打ち砕かれると、香りがほとばしる。,マイガーデンの調理台で加工すると獲得できる
64246,普通のみじん切りピーナッツ,菓子類で、落花生が打ち砕かれると、香りがほとばしる。,マイガーデンの調理台で加工すると獲得できる
64247,佳品みじん切りピーナッツ,菓子類で、落花生が打ち砕かれると、香りがほとばしる。,マイガーデンの調理台で加工すると獲得できる
64248,極上のみじん切りピーナッツ,菓子類で、落花生が打ち砕かれると、香りがほとばしる。,マイガーデンの調理台で加工すると獲得できる
64249,絶品みじん切りピーナッツ,菓子類で、落花生が打ち砕かれると、香りがほとばしる。,マイガーデンの調理台で加工すると獲得できる
64250,アロエジュース,爽やかで美味しい飲み物として人気があります。,マイガーデンの調理台で加工すると獲得できる
64251,普通のアロエジュース,爽やかで美味しい飲み物として人気があります。,マイガーデンの調理台で加工すると獲得できる
64252,佳品アロエジュース,爽やかで美味しい飲み物として人気があります。,マイガーデンの調理台で加工すると獲得できる
64253,極上のアロエジュース,爽やかで美味しい飲み物として人気があります。,マイガーデンの調理台で加工すると獲得できる
64254,絶品アロエジュース,爽やかで美味しい飲み物として人気があります。,マイガーデンの調理台で加工すると獲得できる
65000,@Null@,@Null@,@Null@
65001,@Null@,@Null@,@Null@
65002,@Null@,@Null@,@Null@
65003,@Null@,@Null@,@Null@
66000,@Null@,@Null@,@Null@
66001,@Null@,@Null@,@Null@
66002,@Null@,@Null@,@Null@
66003,@Null@,@Null@,@Null@
66004,@Null@,@Null@,@Null@
66005,@Null@,@Null@,@Null@
66006,@Null@,@Null@,@Null@
66007,@Null@,@Null@,@Null@
66008,@Null@,@Null@,@Null@
66009,@Null@,@Null@,@Null@
66010,@Null@,@Null@,@Null@
68000,@Null@,@Null@,@Null@
68001,元気の飴,"神秘魔力を持つ飴。世界中に散らばっている
 ペットに食べさせると、ペットの体中に神力が満ち、運搬属性にランダムで変化が生じる",ペット探険で獲得できる
68002,神旅の飴,"神秘魔力を持つ飴。世界中に散らばっている
 ペットに食べさせると、ペットの足元に風が生じ、速度属性にランダムで変化が生じる",ペット探険で獲得できる
68003,堅忍の飴,"神秘魔力を持つ飴。世界中に散らばっている
 ペットに食べさせると、ペットの精力が満ち、スタミナ属性にランダムで変化が生じる",ペット探険で獲得できる
68004,精霊の飴,"神秘魔力を持つ飴。世界中に散らばっている
 ペットに食べさせると、ペットが精霊の祝福を獲得し、全属性がめざましく変化する",ペット探険で獲得できる
68005,ペット育成アイテム5,ペット育成アイテム5,@Null@
68006,@Null@,@Null@,@Null@
68007,@Null@,@Null@,@Null@
68008,@Null@,@Null@,@Null@
68009,@Null@,@Null@,@Null@
68010,@Null@,@Null@,@Null@
68101,爽やかバブルガム,"バブルガムは団子家族の一番のお気に入り。バブル団子が特に好きな、爽やかな味わいのガム
 リトルバブルとバブル団子に食べさせると、進化させられる",ペット探険で獲得できる
68102,香りバブルガム,"バブルガムは団子家族の一番のお気に入り。リーフ団子が特に好きな、香り高い味わいのガム
 リトル胞子とリーフ団子に食べさせると、進化させられる",ペット探険で獲得できる
68103,硬いバブルガム,"バブルガムは団子家族の一番のお気に入り。岩石団子が特に好きな、硬い食感のガム
 リトルロックとロック団子に食べさせると、進化させられる",ペット探険で獲得できる
68104,火星石,火星石はリトルマーズと暖かい団子の火おこし法宝ですので、送らせるとアップグレードできますよ。,ペット探険で獲得できる
68105,蛙の巻物,"古代の蝌蚪文字で、蛙一族に代々伝わる秘法が記載されている。学問が好きな蛙が好む
 オタマッピとぴょんぴょん蛙に送ると、進化させられる",ペット探険で獲得できる
68106,ピンクの綿飴,"雲のように軽くて甘い。甘味を愛するうさっちが気に入るだろう
 リトルうさっちとうさっちに食べさせると、進化させられる",ペット探険で獲得できる
68107,ワンワンマフラー.,ワンワンマフラーはリトルワンと大きな耳ワンの専用アイテムなので、送らせると進化させることができますよ。,ペット探険で獲得できる
68108,龍君エッグの殻,龍君エッグの殻は龍君エッグとブラックドラゴンエッグの隠れ家で、送らせると進化させることができますよ。,ペット探険で獲得できる
68109,金沙羽,金沙羽はリトルインコとボールインコの飛行法宝ですので、送らせると進化させることができますよ。,ペット探険で獲得できる
68110,幽霊のキャンディ,"冷たい食感で、独特な味の小さなキャンディヨーヨー人魂たちが好きなレアスイーツ。
 リトルゴーストとヨーヨー人魂に食べさせると、進化させられる",ペット探険で獲得できる
68111,神秘魔法書,"古い神秘魔法書。聡明なネコちゃんなら読めるかもしれない
 黒ネコベビーと黒炭ネコに送ると、進化させられる",ペット探険で獲得できる
68112,ぴょんぴょんボール,"遊ぶのが大好なミニアザラシで、ぴょんぴょんボールの誘惑に抗える子はいないだろう。
 リトルパンサーとボールパンサーに送ると、進化させられる",ペット探険で獲得できる
68113,マカクの笛,"伝説では、この笛はマカクにしか吹けないらしい
 リトルモンキーとリズムモンキーに送ると、進化させられる",@Null@
68114,孔雀の羽毛,"謎めいていて豪華な羽毛。誇り高い孔雀が最も好む
 小孔雀と雛孔雀に送ると、進化させられる",@Null@
68115,@Null@,巴巴啦小魔仙奇蹟系统小児のゆがり - 小屋利なもの,@Null@
68116,@Null@,巴巴啦小魔仙奇蹟系统凌美琪守護精靈 - 小屋利なもの,@Null@
68117,@Null@,巴巴啦小魔仙魔仙系统語凌美琪守護精靈 - 創立,@Null@
68118,愛のハンマー,愛のハンマーはかわいいベイビーとベイビーだけの秘宝、これを渡して進化させます,@Null@
68119,創造の石,創造の石は創造子ネコと創造ネコだけの秘宝、これを渡して進化させます,@Null@
68120,星月符石,星月符石は閃月灯と明るい月灯だけの秘宝、これを渡して進化させます,@Null@
68121,電光マイク,電光マイクは电波犬に最大の魅力を放つことができて、音は四方を震わせて、きらきらと辉きます!,@Null@
68122,雲のマットレス,めえちゃんの雲のマットレス、美しい夢を作るための唯一の魔法の武器です。,@Null@
68123,ブラストニードル,ブラストニードルは小さなハチやサナギの進化を加速させます。,@Null@
68124,進宝ペンダント,進宝ペンダントがあれば、ペットの進化の道は幸運いっぱい！,@Null@
68125,輝き霊尾,輝き霊尾がロープを身につけ、進化過程は楽しさに満ちていた。,@Null@
68126,@Null@,@Null@,@Null@
68127,築夢ベル,目が覚めないクマや寝るクマの睡眠環境を大幅にアップグレードできます。,
68128,特級調理帽,たこ焼きとタコ料理の技術がアップグレード、グルメからさらに一歩進んでいます,
68129,光速ゲームパッド,光速ゲームパッドのマシーンと電波アシスタントを持って、もっとスマート、進化完了。,
68201,簡易ハンググライダー,"飛び鶏の赤い羽根と小さな木の棒をシンプルに組み立てたもので、安定性は高くないが、短時間で崖を越えることができる。
 ペット探険にも使える。",マイガーデンの製作台で加工すると獲得できる
68202,簡易ダイビングマスク,"ガラス片と木の材料をシンプルに組み立てたもので、安定性は高くないが、水中の旅を短時間楽しめる。
 ペット探険にも使える。",マイガーデンの製作台で加工すると獲得できる
68203,簡単な石鎬,石材料と木の材料を組み合わせたシンプルなもので、安定性は高くないが、穴を掘るには十分な強度がある。#ペットの冒険に使われる,マイガーデンの製作台で加工すると獲得できる
68204,@Null@,@Null@,@Null@
68205,@Null@,@Null@,@Null@
68206,@Null@,@Null@,@Null@
68207,@Null@,@Null@,@Null@
68208,@Null@,@Null@,@Null@
68209,@Null@,@Null@,@Null@
68210,@Null@,@Null@,@Null@
68301,爽やかあわあわボール,爽やかあわあわボールを十分に集めると、リトルバブルをマイガーデンに招待できるかもしれませんよ,@Null@
68302,香りあわあわボール,香りあわあわボールを十分に集めると、リトル胞子をマイガーデンに招待できるかもしれませんよ,@Null@
68303,硬いあわあわボール,硬いあわあわボールを十分に集めると、リトルロックをマイガーデンに招待できるかもしれませんよ,@Null@
68304,辛いあわあわボール,辛いあわあわボールを十分に集めると、リトルマーズをマイガーデンに招待できるかもしれませんよ,@Null@
68305,ぴょんぴょんダーツ,ぴょんぴょんダーツを十分に集めると、オタマッピをマイガーデンに招待できるかもしれませんよ,@Null@
68306,青い月桂樹の枝,青い月桂樹の枝を十分に集めると、リトルうさっちをマイガーデンに招待できるかもしれませんよ,@Null@
68307,デニムのストール,デニムのストールを十分に集めると、リトルワンをマイガーデンに招待できるかもしれませんよ,@Null@
68308,熱い卵の殻,熱い卵の殻を十分に集めると、龍君エッグをマイガーデンに招待できるかもしれませんよ,@Null@
68309,金色の羽毛,金色の羽毛を十分に集めると、リトルインコをマイガーデンに招待できるかもしれませんよ,@Null@
68310,スターの微光,スターの微光を十分に集めると、リトルゴーストをマイガーデンに招待できるかもしれませんよ,@Null@
68311,高貴なリボン,高貴なリボンを十分に集めると、黒ネコベビーをマイガーデンに招待できるかもしれませんよ,@Null@
68312,太っちょ浮き輪,太っちょ浮き輪を十分に集めると、リトルパンサーをマイガーデンに招待できるかもしれませんよ,@Null@
68313,@Null@,@Null@,@Null@
68314,@Null@,@Null@,@Null@
68315,@Null@,@Null@,@Null@
68316,@Null@,@Null@,@Null@
68317,@Null@,@Null@,@Null@
68318,@Null@,@Null@,@Null@
68319,@Null@,@Null@,@Null@
68320,@Null@,@Null@,@Null@
68321,@Null@,@Null@,@Null@
68322,@Null@,@Null@,@Null@
68323,@Null@,@Null@,@Null@
68324,@Null@,@Null@,@Null@
68501,ペットエッグ-リトルバブル,使用するとペットを獲得——リトルバブル,@Null@
68502,ペットエッグ-リトルバブル,使用するとペットを獲得——リトルバブル,@Null@
68503,ペットエッグ-バブル団子,使用するとペットを獲得——バブル団子,@Null@
68504,ペットエッグ-バブル団子,使用するとペットを獲得——バブル団子,@Null@
68505,ペットエッグ-バブルン,使用するとペットを獲得——リトルバブル,@Null@
68506,ペットエッグ-リトル胞子,使用するとペットを獲得——リトル胞子,@Null@
68507,ペットエッグ-リトル胞子,使用するとペットを獲得——リトル胞子,@Null@
68508,ペットエッグ-リーフ団子,使用するとペットを獲得——リーフ団子,@Null@
68509,ペットエッグ-リーフ団子,使用するとペットを獲得——リーフ団子,@Null@
68510,ペットエッグ-豪華団子,使用するとペットを獲得——豪華団子,@Null@
68511,ペットエッグ-リトルロック,使用するとペットを獲得——リトルロック,@Null@
68512,ペットエッグ-リトルロック,使用するとペットを獲得——リトルロック,@Null@
68513,ペットエッグ-岩石団子,使用するとペットを獲得——岩石団子,@Null@
68514,ペットエッグ-岩石団子,使用するとペットを獲得——岩石団子,@Null@
68515,ペットエッグ-巨石団子,使用するとペットを獲得——巨石団子,@Null@
68516,ペットエッグ-リトルマーズ,使用するとペットを獲得——リトルマーズ,@Null@
68517,ペットエッグ-リトルマーズ,使用するとペットを獲得——リトルマーズ,@Null@
68518,ペットエッグ-暖かい団子,使用するとペットを獲得——暖かい団子,@Null@
68519,ペットエッグ-暖かい団子,使用するとペットを獲得——暖かい団子,@Null@
68520,ペットエッグ-爆熱団子,使用するとペットを獲得——爆熱団子,@Null@
68521,ペットエッグ-オタマッピ,使用するとペットを獲得——オタマッピ,@Null@
68522,ペットエッグ-オタマッピ,使用するとペットを獲得——オタマッピ,@Null@
68523,ペットエッグ-ぴょんぴょん蛙,使用するとペットを獲得——ぴょんぴょん蛙,@Null@
68524,ペットエッグ-ぴょんぴょん蛙,使用するとペットを獲得——ぴょんぴょん蛙,@Null@
68525,ペットエッグ-にんにん蛙,使用するとペットを獲得——にんにん蛙,@Null@
68526,ペットエッグ-リトルうさっち,使用するとペットを獲得——リトルうさっち,@Null@
68527,ペットエッグ-リトルうさっち,使用するとペットを獲得——リトルうさっち,@Null@
68528,ペットエッグ-うさっち,使用するとペットを獲得——うさっち,@Null@
68529,ペットエッグ-うさっち,使用するとペットを獲得——うさっち,@Null@
68530,ペットエッグ-うさっぴ,使用するとペットを獲得——うさっぴ,@Null@
68531,ペットエッグ-リトルワン,使用するとペットを獲得——リトルワン,@Null@
68532,ペットエッグ-リトルワン,使用するとペットを獲得——リトルワン,@Null@
68533,ペットエッグ-大きな耳ワン,使用するとペットを獲得——ワンワン,@Null@
68534,ペットエッグ-大きな耳ワン,使用するとペットを獲得——大きな耳ワン,@Null@
68535,ペットエッグ-ワンワン警部,使用するとペットを獲得——ワンワン警部,@Null@
68536,ペットエッグ-龍君エッグ,使用するとペットを獲得——龍君エッグ,@Null@
68537,ペットエッグ-龍君エッグ,使用するとペットを獲得——龍君エッグ,@Null@
68538,ペットエッグ-ブラックドラゴンエッグ,使用するとペットを獲得——ブラックドラゴンエッグ,@Null@
68539,ペットエッグ-ブラックドラゴンエッグ,使用するとペットを獲得——ブラックドラゴンエッグ,@Null@
68540,ペットエッグ-ブラックドラゴンベビー,使用するとペットを獲得——ブラックドラゴンベビー,@Null@
68541,ペットエッグ-リトルインコ,使用するとペットを獲得——リトルインコ,@Null@
68542,ペットエッグ-リトルインコ,使用するとペットを獲得——リトルインコ,@Null@
68543,ペットエッグ-ボールインコ,使用するとペットを獲得——ボールインコ,@Null@
68544,ペットエッグ-ボールインコ,使用するとペットを獲得——ボールインコ,@Null@
68545,ペットエッグ-金羽インコ,使用するとペットを獲得——金羽インコ,@Null@
68546,ペットエッグ-リトルゴースト,使用するとペットを獲得——リトルゴースト,@Null@
68547,ペットエッグ-リトルゴースト,使用するとペットを獲得——リトルゴースト,@Null@
68548,ペットエッグ-ヨーヨー人魂,使用するとペットを獲得——ヨーヨー人魂,@Null@
68549,ペットエッグ-ヨーヨー人魂,使用するとペットを獲得——ヨーヨー人魂,@Null@
68550,ペットエッグ-人魂キング,使用するとペットを獲得——人魂キング,@Null@
68551,ペットエッグ-黒ネコベビー,使用するとペットを獲得——黒ネコベビー,@Null@
68552,ペットエッグ-黒ネコベビー,使用するとペットを獲得——黒ネコベビー,@Null@
68553,ペットエッグ-黒炭ネコ,使用するとペットを獲得——黒炭ネコ,@Null@
68554,ペットエッグ-黒炭ネコ,使用するとペットを獲得——黒炭ネコ,@Null@
68555,ペットエッグ-クロスケ,使用するとペットを獲得——クロスケ,@Null@
68556,ペットエッグ-リトルパンサー,使用するとペットを獲得——リトルパンサー,@Null@
68557,ペットエッグ-リトルパンサー,使用するとペットを獲得——リトルパンサー,@Null@
68558,ペットエッグ-ボールパンサー,使用するとペットを獲得——ボールパンサー,@Null@
68559,ペットエッグ-ボールパンサー,使用するとペットを獲得——ボールパンサー,@Null@
68560,ペットエッグ-パンサープリンス,使用するとペットを獲得——パンサープリンス,@Null@
68561,ペットエッグ-リトルバブル,使用するとペットを獲得——リトルバブル,@Null@
68562,ペットエッグ-リトルバブル,使用するとペットを獲得——リトルバブル,@Null@
68563,ペットエッグ-リトルバブル,使用するとペットを獲得——リトルバブル,@Null@
68564,ペットエッグ-リトルバブル,使用するとペットを獲得——リトルバブル,@Null@
68565,ペットエッグ-リトル胞子,使用するとペットを獲得——リトル胞子,@Null@
68566,ペットエッグ-リトル胞子,使用するとペットを獲得——リトル胞子,@Null@
68567,ペットエッグ-リトル胞子,使用するとペットを獲得——リトル胞子,@Null@
68568,ペットエッグ-リトル胞子,使用するとペットを獲得——リトル胞子,@Null@
68569,ペットエッグ-リトルロック,使用するとペットを獲得——リトルロック,@Null@
68570,ペットエッグ-リトルロック,使用するとペットを獲得——リトルロック,@Null@
68571,ペットエッグ-リトルロック,使用するとペットを獲得——リトルロック,@Null@
68572,ペットエッグ-リトルロック,使用するとペットを獲得——リトルロック,@Null@
68573,ペットエッグ-リトルマーズ,使用するとペットを獲得——リトルマーズ,@Null@
68574,ペットエッグ-リトルマーズ,使用するとペットを獲得——リトルマーズ,@Null@
68575,ペットエッグ-リトルマーズ,使用するとペットを獲得——リトルマーズ,@Null@
68576,ペットエッグ-リトルマーズ,使用するとペットを獲得——リトルマーズ,@Null@
68577,ペットエッグ-オタマッピ,使用するとペットを獲得——オタマッピ,@Null@
68578,ペットエッグ-オタマッピ,使用するとペットを獲得——オタマッピ,@Null@
68579,ペットエッグ-オタマッピ,使用するとペットを獲得——オタマッピ,@Null@
68580,ペットエッグ-オタマッピ,使用するとペットを獲得——オタマッピ,@Null@
68581,ペットエッグ-リトルうさっち,使用するとペットを獲得——リトルうさっち,@Null@
68582,ペットエッグ-リトルうさっち,使用するとペットを獲得——リトルうさっち,@Null@
68583,ペットエッグ-リトルうさっち,使用するとペットを獲得——リトルうさっち,@Null@
68584,ペットエッグ-リトルうさっち,使用するとペットを獲得——リトルうさっち,@Null@
68585,ペットエッグ-リトルワン,使用するとペットを獲得——リトルワン,@Null@
68586,ペットエッグ-リトルワン,使用するとペットを獲得——リトルワン,@Null@
68587,ペットエッグ-リトルワン,使用するとペットを獲得——リトルワン,@Null@
68588,ペットエッグ-リトルワン,使用するとペットを獲得——リトルワン,@Null@
68589,ペットエッグ-龍君エッグ,使用するとペットを獲得——龍君エッグ,@Null@
68590,ペットエッグ-龍君エッグ,使用するとペットを獲得——龍君エッグ,@Null@
68591,ペットエッグ-龍君エッグ,使用するとペットを獲得——龍君エッグ,@Null@
68592,ペットエッグ-龍君エッグ,使用するとペットを獲得——龍君エッグ,@Null@
68593,ペットエッグ-リトルインコ,使用するとペットを獲得——リトルインコ,@Null@
68594,ペットエッグ-リトルインコ,使用するとペットを獲得——リトルインコ,@Null@
68595,ペットエッグ-リトルインコ,使用するとペットを獲得——リトルインコ,@Null@
68596,ペットエッグ-リトルインコ,使用するとペットを獲得——リトルインコ,@Null@
68597,ペットエッグ-リトルゴースト,使用するとペットを獲得——リトルゴースト,@Null@
68598,ペットエッグ-リトルゴースト,使用するとペットを獲得——リトルゴースト,@Null@
68599,ペットエッグ-リトルゴースト,使用するとペットを獲得——リトルゴースト,@Null@
68600,ペットエッグ-リトルゴースト,使用するとペットを獲得——リトルゴースト,@Null@
68601,ペットエッグ-黒ネコベビー,使用するとペットを獲得——黒ネコベビー,@Null@
68602,ペットエッグ-黒ネコベビー,使用するとペットを獲得——黒ネコベビー,@Null@
68603,ペットエッグ-黒ネコベビー,使用するとペットを獲得——黒ネコベビー,@Null@
68604,ペットエッグ-黒ネコベビー,使用するとペットを獲得——黒ネコベビー,@Null@
68605,ペットエッグ-リトルパンサー,使用するとペットを獲得——リトルパンサー,@Null@
68606,ペットエッグ-リトルパンサー,使用するとペットを獲得——リトルパンサー,@Null@
68607,ペットエッグ-リトルパンサー,使用するとペットを獲得——リトルパンサー,@Null@
68608,ペットエッグ-リトルパンサー,使用するとペットを獲得——リトルパンサー,@Null@
68609,ペットエッグ-リトルモンキー,使用するとペットを獲得——リトルモンキー,@Null@
68610,ペットエッグ-リトルモンキー,使用するとペットを獲得——リトルモンキー,@Null@
68611,ペットエッグ-リトルモンキー,使用するとペットを獲得——リトルモンキー,@Null@
68612,ペットエッグ-リトルモンキー,使用するとペットを獲得——リトルモンキー,@Null@
68613,ペットエッグ-小孔雀,使用するとペットを獲得——小孔雀,@Null@
68614,ペットエッグ-小孔雀,使用するとペットを獲得——小孔雀,@Null@
68615,ペットエッグ-小孔雀,使用するとペットを獲得——小孔雀,@Null@
68616,ペットエッグ-小孔雀,使用するとペットを獲得——小孔雀,@Null@
68617,ペットエッグ - 小麦,あとえ焼き通された、濃度を使用します,@Null@
68618,ペットエッグ - 小麦,あとえ焼き通された、濃度を使用します,@Null@
68619,ペットエッグ - 小麦,あとえ焼き通された、濃度を使用します,@Null@
68620,ペットエッグ - 小麦,あとえ焼き通された、濃度を使用します,@Null@
68621,ペットエッグ - 小容量,あとえ焼き通された、濃度を使用します,@Null@
68622,ペットエッグ - 小容量,あとえ焼き通された、濃度を使用します,@Null@
68623,ペットエッグ - 小容量,あとえ焼き通された、濃度を使用します,@Null@
68624,ペットエッグ - 小容量,あとえ焼き通された、濃度を使用します,@Null@
68625,ペットエッグ - ピーナッツ,あとえ焼き通された、濃度を使用します,@Null@
68626,ペットエッグ - ピーナッツ,あとえ焼き通された、濃度を使用します,@Null@
68627,ペットエッグ - ピーナッツ,あとえ焼き通された、濃度を使用します,@Null@
68628,ペットエッグ - ピーナッツ,あとえ焼き通された、濃度を使用します,@Null@
68629,ペットエッグ - かわいいベイビー,使用するとペットを獲得——かわいいベイビー,@Null@
68630,ペットエッグ - かわいいベイビー,使用するとペットを獲得——かわいいベイビー,@Null@
68631,ペットエッグ - かわいいベイビー,使用するとペットを獲得——かわいいベイビー,@Null@
68632,ペットエッグ - かわいいベイビー,使用するとペットを獲得——かわいいベイビー,@Null@
68633,ペットエッグ - 創造子ネコ,使用するとペットを獲得——創造子ネコ,@Null@
68634,ペットエッグ - 創造子ネコ,使用するとペットを獲得——創造子ネコ,@Null@
68635,ペットエッグ - 創造子ネコ,使用するとペットを獲得——創造子ネコ,@Null@
68636,ペットエッグ - 創造子ネコ,使用するとペットを獲得——創造子ネコ,@Null@
68637,ペットエッグ₋閃月灯,使用するとペットを獲得——閃月灯,@Null@
68638,ペットエッグ₋閃月灯,使用するとペットを獲得——閃月灯,@Null@
68639,ペットエッグ₋閃月灯,使用するとペットを獲得——閃月灯,@Null@
68640,ペットエッグ₋閃月灯,使用するとペットを獲得——閃月灯,@Null@
68641,ペットエッグ₋クールちゃん,使用するとペットを獲得——クールちゃん,@Null@
68642,ペットエッグ₋クールちゃん,使用するとペットを獲得——クールちゃん,@Null@
68643,ペットエッグ₋クールちゃん,使用するとペットを獲得——クールちゃん,@Null@
68644,ペットエッグ₋クールちゃん,使用するとペットを獲得——クールちゃん,@Null@
68645,ペットエッグ-めえちゃん,使用するとペットを獲得——めえちゃん,@Null@
68646,ペットエッグ-めえちゃん,使用するとペットを獲得——めえちゃん,@Null@
68647,ペットエッグ-めえちゃん,使用するとペットを獲得——めえちゃん,@Null@
68648,ペットエッグ-めえちゃん,使用するとペットを獲得——めえちゃん,@Null@
68649,ペットエッグ-バズバズ,使用するとペットを獲得——バズバズ,@Null@
68650,ペットエッグ-バズバズ,使用するとペットを獲得——バズバズ,@Null@
68651,ペットエッグ-バズバズ,使用するとペットを獲得——バズバズ,@Null@
68652,ペットエッグ-バズバズ,使用するとペットを獲得——バズバズ,@Null@
68653,@Null@,@Null@,@Null@
68654,@Null@,@Null@,@Null@
68655,@Null@,@Null@,@Null@
68656,@Null@,@Null@,@Null@
68657,@Null@,@Null@,@Null@
68658,@Null@,@Null@,@Null@
68659,@Null@,@Null@,@Null@
68660,@Null@,@Null@,@Null@
68661,@Null@,@Null@,@Null@
68662,@Null@,@Null@,@Null@
68663,@Null@,@Null@,@Null@
68664,@Null@,@Null@,@Null@
68665,ペットの卵-クマが目覚めていない,使用後にペットを得る-クマは目を覚まさない,
68666,ペットの卵-クマが目覚めていない,使用後にペットを得る-クマは目を覚まさない,
68667,ペットの卵-クマが目覚めていない,使用後にペットを得る-クマは目を覚まさない,
68668,ペットの卵-クマが目覚めていない,使用後にペットを得る-クマは目を覚まさない,
68669,,,
68670,,,
68671,,,
68672,,,
68673,,,
68674,,,
68675,,,
68676,,,
70000,@Null@,@Null@,@Null@
70001,Recipe prop 1,Recipe prop 1,@Null@
70002,Recipe prop 2,Recipe prop 2,@Null@
70003,Recipe prop 3,Recipe prop 3,@Null@
70004,Recipe prop 4,Recipe prop 4,@Null@
70005,Recipe prop 5,Recipe prop 5,@Null@
70006,Recipe prop 6,Recipe prop 6,@Null@
70007,Recipe prop 7,Recipe prop 7,@Null@
70008,Recipe prop 8,Recipe prop 8,@Null@
70009,Recipe prop 9,Recipe prop 9,@Null@
70010,Recipe prop 10,Recipe prop 10,@Null@
70011,Recipe prop 11,Recipe prop 11,@Null@
70012,Recipe props 12,Recipe props 12,@Null@
70013,Recipe prop 13,Recipe prop 13,@Null@
70014,Recipe prop 14,Recipe prop 14,@Null@
70015,Recipe 15,Recipe 15,@Null@
70016,Recipe prop 16,Recipe prop 16,@Null@
70017,Recipe props 17,Recipe props 17,@Null@
70018,Recipe prop 18,Recipe prop 18,@Null@
70019,Recipe Prop 19,Recipe Prop 19,@Null@
70020,Recipe prop 20,Recipe prop 20,@Null@
75000,@Null@,@Null@,@Null@
75001,木綿,綿花を加工して作った。一部の家具製作で使える材料,マイガーデンの製作台で加工すると獲得できる
75002,フランネル,ウールを加工して作った。一部の家具製作で使える材料,マイガーデンの製作台で加工すると獲得できる
75003,陶土,粘土を使って加工して作った。一部の家具製作で使える材料,マイガーデンの製作台で加工すると獲得できる
75004,ガラス片,砂土を加工して作った。一部の家具製作で使える材料,マイガーデンの製作台で加工すると獲得できる
75005,粗い石レンガ,粗い石材を加工して作った。一部の家具製作で使える材料,マイガーデンの製作台で加工すると獲得できる
75006,精製石レンガ,粗い石材を加工して作った。一部の家具製作で使える材料,マイガーデンの製作台で加工すると獲得できる
75007,紙,さとうきびを加工して作った。一部の家具製作で使える材料,マイガーデンの製作台で加工すると獲得できる
75008,木板,果樹の原木を加工して作った木板。一部の家具製作で使える材料,マイガーデンの製作台で加工すると獲得できる
75009,マツの板,マツの原木を加工して作った木板。一部の家具製作で使える材料,マイガーデンの製作台で加工すると獲得できる
75010,ヤナギの板,ヤナギの原木を加工して作った木板。一部の家具製作で使える材料,マイガーデンの製作台で加工すると獲得できる
75011,クルミの板,クルミの木の原木を加工して作った高級木板。一部の家具製作で使える材料,マイガーデンの製作台で加工すると獲得できる
75012,木の棒,果樹の木板を加工して作った。一部の家具製作で使える材料,マイガーデンの製作台で加工すると獲得できる
75013,粘土,陶器系の建材と家具の基本材料,ペット探険で獲得できる
75014,砂土,ガラスの建材と家具の基本材料,ペット探険で獲得できる
75015,粗い石材,石の建材と家具の基本材料,ペット探険で獲得できる
75016,顔料の箱,家具や装飾品の染色に使う基本材料,ペット探険で獲得できる
75017,食塩,食品の調味に使う重要な食材,ペット探険で獲得できる
75018,クワ,石でできた農耕工具。農場の畑を拡大するのに使う,マイガーデンの製作台で加工すると獲得できる
75019,コヨウの木板,コヨウの原木を加工して作った木板。一部の家具製作で使える材料,@Null@
75020,クレイブリック,粘土製のレンガ、材料強度は比較的低いです。,マイガーデンの製作台で加工すると獲得できる
75021,コンクリートブリック,混合砂と粘土から作られたレンガでは、物質的な強度は建設のためにわずかに強いです。,マイガーデンの製作台で加工すると獲得できる
75022,ダウンコットン,いくつかの探査の小道具を作るための材料として使用される、非常に頑丈で柔軟で柔軟である、redchiskの羽から作られました。,マイガーデンの製作台で加工すると獲得できる
75023,わら,肥料を作るための良い素材であるPETアドベンチャーから入手する,ペットアドベンチャーから入手しました
75024,綿の実,綿を収穫した後に残った種子は、先進的な肥料を作るために使用することができます,マイガーデンの製作台で加工すると獲得できる
75025,動物の糞,農家肥料の最も基本的な素材はひどい匂いがします。,動物を飼料で摂食させることによって得られます
75026,石の鍬,石造りの農業ツール。農地を耕したり塗りつぶしたりするために使用することができます。,マイガーデンの製作台で加工すると獲得できる
75027,石材料,いくつかの特殊道具を作るための材料,ペット探険で獲得できる
75200,@Null@,@Null@,@Null@
76001,笑顔₋ミジラ,使用：このパターンを永久にアンロックする。このパターンが永久的にアンロックされた場合、いくつかのミニビーンが得られる。,@Null@
76002,笑顔₋パンダ,使用：このパターンを永久にアンロックする。このパターンが永久的にアンロックされた場合、いくつかのミニビーンが得られる。,@Null@
76003,渇望₋バニービューティー,使用：このパターンを永久にアンロックする。このパターンが永久的にアンロックされた場合、いくつかのミニビーンが得られる。,@Null@
76004,口をとがらせる₋悪ガキ,使用：このパターンを永久にアンロックする。このパターンが永久的にアンロックされた場合、いくつかのミニビーンが得られる。,@Null@
76005,楽しい₋ミジラ,使用：このパターンを永久にアンロックする。このパターンが永久的にアンロックされた場合、いくつかのミニビーンが得られる。,@Null@
76006,宿題はまだたくさん,使用：このパターンを永久にアンロックする。このパターンが永久的にアンロックされた場合、いくつかのミニビーンが得られる。,@Null@
76007,眠くないまだ我慢できる,使用：このパターンを永久にアンロックする。このパターンが永久的にアンロックされた場合、いくつかのミニビーンが得られる。,@Null@
76008,素晴らしい,使用：このパターンを永久にアンロックする。このパターンが永久的にアンロックされた場合、いくつかのミニビーンが得られる。,@Null@
76009,腹をかかえて大笑い,使用：このパターンを永久にアンロックする。このパターンが永久的にアンロックされた場合、いくつかのミニビーンが得られる。,@Null@
76010,一緒に遊びましょう,使用：このパターンを永久にアンロックする。このパターンが永久的にアンロックされた場合、いくつかのミニビーンが得られる。,@Null@
76011,いたずらっぽくウインク,使用：このパターンを永久にアンロックする。このパターンが既に永久的にアンロックされた場合、一部のミニビーンが得られる。,@Null@
76012,ハグ,使用：このパターンを永久にアンロックする。このパターンが永久的にアンロックされた場合、いくつかのミニビーンが得られる。,@Null@
76013,ブローキス,使用：このパターンを永久にアンロックする。このパターンが永久的にアンロックされた場合、いくつかのミニビーンが得られる。,@Null@
76014,起きますよ,使用：このパターンを永久にアンロックする。このパターンが永久的にアンロックされた場合、いくつかのミニビーンが得られる。,@Null@
76015,がんばれ,使用：このパターンを永久的にロックする。このパターンが永久的にアンロックされた場合、いくつかのミニビーンが得られる。,
76016,買うのではなく、見ているだけだよ,使用：このパターンを永久にアンロックする。このパターンが永久的にアンロックされた場合、いくつかのミニビーンが得られる。,@Null@
76017,メンブレした,使用：このパターンを永久にアンロックする。このパターンが永久的にアンロックされた場合、いくつかのミニビーンが得られる。,@Null@
76018,放課後、残って,使用：このパターンを永久にアンロックする。このパターンが永久的にアンロックされた場合、いくつかのミニビーンが得られる。,@Null@
76019,あなたのかわいこちゃんは来たわよ,使用：このパターンを永久にアンロックする。このパターンが永久的にアンロックされた場合、いくつかのミニビーンが得られる。,@Null@
76020,一緒にごはんにしよう！,使用：このパターンを永久にアンロックする。このパターンが永久的にアンロックされた場合、いくつかのミニビーンが得られる。,@Null@
76021,私から飴を食べると、私の友達になるんだ,使用：このパターンを永久にアンロックする。このパターンが永久的にアンロックされた場合、いくつかのミニビーンが得られる。,@Null@
76022,うなずく,使用：このパターンを永久にアンロックする。このパターンが永久的にアンロックされた場合、いくつかのミニビーンが得られる。,@Null@
76023,200キロのパンダのように泣いてる,使用：このパターンを永久にアンロックする。このパターンが永久的にアンロックされた場合、いくつかのミニビーンが得られる。,@Null@
76024,クリスマスを一緒に過ごせますか？,使用：このパターンを永久にアンロックする。このパターンが永久的にアンロックされた場合、いくつかのミニビーンが得られる。,@Null@
76025,私のクリスマスプレゼントはどこにありますか？,使用：このパターンを永久にアンロックする。このパターンが永久的にアンロックされた場合、いくつかのミニビーンが得られる。,@Null@
76026,大切な小休暇に乗る,使用：このパターンを永久にアンロックする。このパターンが永久的にアンロックされた場合、いくつかのミニビーンが得られる。,@Null@
76027,お願い行かないで,使用：このパターンを永久にアンロックする。このパターンが永久的にアンロックされた場合、いくつかのミニビーンが得られる。,@Null@
76028,虎年大吉,使用：このパターンを永久にアンロックする。このパターンが永久的にアンロックされた場合、いくつかのミニビーンが得られる。,@Null@
76029,がつがつしている,使用：このパターンを永久にアンロックする。このパターンが永久的にアンロックされた場合、いくつかのミニビーンが得られる。,@Null@
76030,明けましておめでとうございます,使用：このパターンを永久にアンロックする。このパターンが永久的にアンロックされた場合、いくつかのミニビーンが得られる。,@Null@
76031,太った虎,使用：このパターンを永久にアンロックする。このパターンが永久的にアンロックされた場合、いくつかのミニビーンが得られる。,@Null@
76032,年賀を差し上げました,使用：このパターンを永久にアンロックする。このパターンが永久的にアンロックされた場合、いくつかのミニビーンが得られる。,@Null@
76033,拝礼いたします,使用：このパターンを永久にアンロックする。このパターンが永久的にアンロックされた場合、いくつかのミニビーンが得られる。,@Null@
76034,アーマーが合体する,使用：このパターンを永久にアンロックする。このパターンが永久的にアンロックされた場合、いくつかのミニビーンが得られる。,@Null@
76035,この魚池を請け負う,使用：このパターンを永久にアンロックする。このパターンが永久的にアンロックされた場合、いくつかのミニビーンが得られる。,@Null@
76036,ご飯を食べろ，ご飯を食べろ，行け！,使用：このパターンを永久にアンロックする。このパターンが永久的にアンロックされた場合、いくつかのミニビーンが得られる。,@Null@
76037,待っていようか？,使用：このパターンを永久にアンロックする。このパターンが永久的にアンロックされた場合、いくつかのミニビーンが得られる。,@Null@
76038,一緒に行こう,使用：このパターンを永久にアンロックする。このパターンが永久的にアンロックされた場合、いくつかのミニビーンが得られる。,@Null@
76039,@Null@,@Null@,@Null@
76040,@Null@,@Null@,@Null@
76041,@Null@,@Null@,@Null@
76042,@Null@,@Null@,@Null@
76043,うわー,使用法:倉庫で使用すると、スプレーペイントパターンが永久にロック解除され、スプレーペイントシステムで表示できます。パターンが永久にロック解除されている場合は、ミニビーンズを入手してください。,
76044,ミニワールド,使用法:倉庫で使用すると、スプレーペイントパターンが永久にロック解除され、スプレーペイントシステムで表示できます。パターンが永久にロック解除されている場合は、ミニビーンズを入手してください。,
76045,揚げ!,使用法:ペイントシステムで表示できるペイントパターンを永久にロック解除します。パターンが永久にロック解除されている場合は、ミニビーンズを入手してください。,
76046,大きな頭は雨が降っても心配しない,使用法:ペイントシステムで表示できるペイントパターンを永久にロック解除します。パターンが永久にロック解除されている場合は、ミニビーンズを入手してください。,
76047,言わないでレンガを運ぶ,使用法:ペイントシステムで表示できるペイントパターンを永久にロック解除します。パターンが永久にロック解除されている場合は、ミニビーンズを入手してください。,
76048,料理犬は飛ぶことを求めている,使用法:ペイントシステムで表示できるペイントパターンを永久にロック解除します。パターンが永久にロック解除されている場合は、ミニビーンズを入手してください。,
76049,サーフィン,使用：このパターンを永久的にロックする。このパターンが永久的にアンロックされた場合、いくつかのミニビーンが得られる。,
76050,労働は最も光栄である,使用法:ペイントシステムで表示できるペイントパターンを永久にロック解除します。パターンが永久にロック解除されている場合は、ミニビーンズを入手してください。,
76051,ミニ三好学生,使用法:ペイントシステムで表示できるペイントパターンを永久にロック解除します。パターンが永久にロック解除されている場合は、ミニビーンズを入手してください。,
76052,昇天するまで熱くなる,使用法:ペイントシステムで表示できるペイントパターンを永久にロック解除します。パターンが永久にロック解除されている場合は、ミニビーンズを入手してください。,
76053,良い首長になりたい,使用法:ペイントシステムで表示できるペイントパターンを永久にロック解除します。パターンが永久にロック解除されている場合は、ミニビーンズを入手してください。,
76054,英雄は出所を尋ねない,使用法:ペイントシステムで表示できるペイントパターンを永久にロック解除します。パターンが永久にロック解除されている場合は、ミニビーンズを入手してください。,
76055,ここに?,使用法:ペイントシステムで表示できるペイントパターンを永久にロック解除します。パターンが永久にロック解除されている場合は、ミニビーンズを入手してください。,
76056,自慢されるのを待つ,使用法:ペイントシステムで表示できるペイントパターンを永久にロック解除します。パターンが永久にロック解除されている場合は、ミニビーンズを入手してください。,
76057,ちょっと褒めてください!,使用法:ペイントシステムで表示できるペイントパターンを永久にロック解除します。パターンが永久にロック解除されている場合は、ミニビーンズを入手してください。,
76058,私はとても難しいです,使用法:ペイントシステムで表示できるペイントパターンを永久にロック解除します。パターンが永久にロック解除されている場合は、ミニビーンズを入手してください。,
76059,私たちの側,使用法:ペイントシステムで表示できるペイントパターンを永久にロック解除します。パターンが永久にロック解除されている場合は、ミニビーンズを入手してください。,
76060,ひそかに観察する,使用法:ペイントシステムで表示できるペイントパターンを永久にロック解除します。パターンが永久にロック解除されている場合は、ミニビーンズを入手してください。,
76061,料理はけちけちになる,使用法:ペイントシステムで表示できるペイントパターンを永久にロック解除します。パターンが永久にロック解除されている場合は、ミニビーンズを入手してください。,
76062,頑張って、あなたは一番太っています,使用法:ペイントシステムで表示できるペイントパターンを永久にロック解除します。パターンが永久にロック解除されている場合は、ミニビーンズを入手してください。,
76063,血だらけの復活,使用法:ペイントシステムで表示できるペイントパターンを永久にロック解除します。パターンが永久にロック解除されている場合は、ミニビーンズを入手してください。,
76064,私は大声で泣いた,使用法:ペイントシステムで表示できるペイントパターンを永久にロック解除します。パターンが永久にロック解除されている場合は、ミニビーンズを入手してください。,
76065,誰が木を切るか,使用法:ペイントシステムで表示できるペイントパターンを永久にロック解除します。パターンが永久にロック解除されている場合は、ミニビーンズを入手してください。,
76066,ねえ!友達になれますか?,使用法:ペイントシステムで表示できるペイントパターンを永久にロック解除します。パターンが永久にロック解除されている場合は、ミニビーンズを入手してください。,
76067,パッ!,使用法:ペイントシステムで表示できるペイントパターンを永久にロック解除します。パターンが永久にロック解除されている場合は、ミニビーンズを入手してください。,
76068,感心して五体投地した,使用法:ペイントシステムで表示できるペイントパターンを永久にロック解除します。パターンが永久にロック解除されている場合は、ミニビーンズを入手してください。,
76069,あなたに小さな花を送る,使用法:ペイントシステムで表示できるペイントパターンを永久にロック解除します。パターンが永久にロック解除されている場合は、ミニビーンズを入手してください。,
76070,嫌う,使用法:ペイントシステムで表示できるペイントパターンを永久にロック解除します。パターンが永久にロック解除されている場合は、ミニビーンズを入手してください。,
76071,長生きする住宅所有者,：を使用してペイントパターンを永久にロック解除し、ペイントシステムで表示。パターンを永久にロック解除した場合は、ミニ豆。を入手します,
76072,フィットネス,：を使用してペイントパターンを永久にロック解除し、ペイントシステムで表示。パターンを永久にロック解除した場合は、ミニ豆。を入手します,
76073,私は聞かない私は聞かない,：を使用してペイントパターンを永久にロック解除し、ペイントシステムで表示。パターンを永久にロック解除した場合は、ミニ豆。を入手します,
76074,昊天ハンマーの威力を味わってみませんか,：を使用してペイントパターンを永久にロック解除し、ペイントシステムで表示。パターンを永久にロック解除した場合は、ミニ豆。を入手します,
76075,あなたは最高です,：を使用してペイントパターンを永久にロック解除し、ペイントシステムで表示。パターンを永久にロック解除した場合は、ミニ豆。を入手します,
76076,私は見ない!私は見ない!,：を使用してペイントパターンを永久にロック解除し、ペイントシステムで表示。パターンを永久にロック解除した場合は、ミニ豆。を入手します,
76077,すべてのこと,：を使用してペイントパターンを永久にロック解除し、ペイントシステムで表示。パターンを永久にロック解除した場合は、ミニ豆。を入手します,
76078,ああ,：を使用してペイントパターンを永久にロック解除し、ペイントシステムで表示。パターンを永久にロック解除した場合は、ミニ豆。を入手します,
76079,キャンディを食べる,使用：このパターンを永久にアンロックする。このパターンが既に永久的にアンロックされた場合、一部のミニビーンが得られる。,
76080,ニャンフェイ図,：を使用してペイントパターンを永久にロック解除し、ペイントシステムで表示。パターンを永久にロック解除した場合は、ミニ豆。を入手します,
76081,ラシャスプレー図,：を使用してペイントパターンを永久にロック解除し、ペイントシステムで表示。パターンを永久にロック解除した場合は、ミニ豆。を入手します,
76082,一拍で合う,：を使用してペイントパターンを永久にロック解除し、ペイントシステムで表示。パターンを永久にロック解除した場合は、ミニ豆。を入手します,
76083,こんにちは,：を使用してペイントパターンを永久にロック解除し、ペイントシステムで表示。パターンを永久にロック解除した場合は、ミニ豆。を入手します,
76084,ニームスプレー図,：を使用してペイントパターンを永久にロック解除し、ペイントシステムで表示。パターンを永久にロック解除した場合は、ミニ豆。を入手します,
76085,ニームスプレー図,：を使用してペイントパターンを永久にロック解除し、ペイントシステムで表示。パターンを永久にロック解除した場合は、ミニ豆。を入手します,
76086,テスジェット図,：を使用してペイントパターンを永久にロック解除し、ペイントシステムで表示。パターンを永久にロック解除した場合は、ミニ豆。を入手します,
76087,ニームスプレー図,：を使用してペイントパターンを永久にロック解除し、ペイントシステムで表示。パターンを永久にロック解除した場合は、ミニ豆。を入手します,
76088,？？,使用：このパターンを永久にアンロックする。このパターンが既に永久的にアンロックされた場合、一部のミニビーンが得られる。,
76089,円を描いてあなたを呪う,：を使用してペイントパターンを永久にロック解除し、ペイントシステムで表示。パターンを永久にロック解除した場合は、ミニ豆。を入手します,
76090,勉強を邪魔しないで,：を使用してペイントパターンを永久にロック解除し、ペイントシステムで表示。パターンを永久にロック解除した場合は、ミニ豆。を入手します,
76091,欧気スプレー,：を使用してペイントパターンを永久にロック解除し、ペイントシステムで表示。パターンを永久にロック解除した場合は、ミニ豆。を入手します,
76092,熱烈な拍手~,：を使用してペイントパターンを永久にロック解除し、ペイントシステムで表示。パターンを永久にロック解除した場合は、ミニ豆。を入手します,
76093,野外のピクニック,使用：このパターンを永久にアンロックする。このパターンが既に永久的にアンロックされた場合、一部のミニビーンが得られる。,
76094,空に飛ぶ,使用：このパターンを永久にアンロックする。このパターンが既に永久的にアンロックされた場合、一部のミニビーンが得られる。,
76095,今日も私はとてもかわいいです,使用：このパターンを永久にアンロックする。このパターンが永久的にアンロックされた場合、いくつかのミニビーンが得られる。,
76096,気をつけて送って,使用：このパターンを永久にアンロックする。このパターンが永久的にアンロックされた場合、いくつかのミニビーンが得られる。,
76097,ハグして,使用：このパターンを永久にアンロックする。このパターンが永久的にアンロックされた場合、いくつかのミニビーンが得られる。,
76098,私は嫉妬,使用：このパターンを永久にアンロックする。このパターンが永久的にアンロックされた場合、いくつかのミニビーンが得られる。,
76099,抱きしめて,使用：このパターンを永久にアンロックする。このパターンが永久的にアンロックされた場合、いくつかのミニビーンが得られる。,
76100,興奮して手をこする,使用：このパターンを永久にアンロックする。このパターンが永久的にアンロックされた場合、いくつかのミニビーンが得られる。,
76101,手動wink,使用：このパターンを永久にアンロックする。このパターンが永久的にアンロックされた場合、いくつかのミニビーンが得られる。,
76102,恨みを覚える,使用：このパターンを永久にアンロックする。このパターンが永久的にアンロックされた場合、いくつかのミニビーンが得られる。,
76103,私のようなウィット,使用：このパターンを永久にアンロックする。このパターンが既に永久的にアンロックされた場合、一部のミニビーンが得られる。,
76104,星霊の光,使用：このパターンを永久にアンロックする。このパターンが既に永久的にアンロックされた場合、一部のミニビーンが得られる。,
76105,おやすみなさい,：を使用してペイントパターンを永久にロック解除し、ペイントシステムで表示。パターンを永久にロック解除した場合は、ミニ豆。を入手します,
76106,メロンを食べる大衆,：を使用してペイントパターンを永久にロック解除し、ペイントシステムで表示。パターンを永久にロック解除した場合は、ミニ豆。を入手します,
76107,少し,：を使用してペイントパターンを永久にロック解除し、ペイントシステムで表示。パターンを永久にロック解除した場合は、ミニ豆。を入手します,
76108,幸せな元日,：を使用してペイントパターンを永久にロック解除し、ペイントシステムで表示。パターンを永久にロック解除した場合は、ミニ豆。を入手します,
76109,ジェミニジェット,：を使用してペイントパターンを永久にロック解除し、ペイントシステムで表示。パターンを永久にロック解除した場合は、ミニ豆。を入手します,
76110,ウサギの新年の挨拶,：を使用してペイントパターンを永久にロック解除し、ペイントシステムで表示。パターンを永久にロック解除した場合は、ミニ豆。を入手します,
76111,Transformers-Soundwave,使用：このパターンを永久にアンロックする。このパターンが永久的にアンロックされた場合、いくつかのミニビーンが得られる。,
76112,2023,使用：このパターンを永久にアンロックする。このパターンが永久的にアンロックされた場合、いくつかのミニビーンが得られる。,
76113,わかってる,：を使用してペイントパターンを永久にロック解除し、ペイントシステムで表示。パターンを永久にロック解除した場合は、ミニ豆。を入手します,
76114,ファンシーありがとう,：を使用してペイントパターンを永久にロック解除し、ペイントシステムで表示。パターンを永久にロック解除した場合は、ミニ豆。を入手します,
76115,ひとつになる,使用：このパターンを永久にアンロックする。このパターンが永久的にアンロックされた場合、いくつかのミニビーンが得られる。,
76116,ナデナデ,使用：このパターンを永久にアンロックする。このパターンが永久的にアンロックされた場合、いくつかのミニビーンが得られる。,
76117,Show Time,使用：このパターンを永久にアンロックする。このパターンが永久的にアンロックされた場合、いくつかのミニビーンが得られる。,
76118,しかたがない,使用：このパターンを永久にアンロックする。このパターンが永久的にアンロックされた場合、いくつかのミニビーンが得られる。,
76119,利口,使用：このパターンを永久にアンロックする。このパターンが永久的にアンロックされた場合、いくつかのミニビーンが得られる。,
76120,楽しむことが一番大事！,使用：このパターンを永久にアンロックする。このパターンが永久的にアンロックされた場合、いくつかのミニビーンが得られる。,
76121,7歳の誕生日おめでとう,：を使用して、この塗装パターンを永久にロック解除し、塗装システムで見ることができ。このパターンを永久にロック解除した場合、ミニ豆。を入手します,
76122,すみませんね,使用：このパターンを永久にアンロックする。このパターンが永久的にアンロックされた場合、いくつかのミニビーンが得られる。,
76123,自慢,使用：このパターンを永久にアンロックする。このパターンが永久的にアンロックされた場合、いくつかのミニビーンが得られる。,
76124,友情に乾杯,使用：このパターンを永久にアンロックする。このパターンが永久的にアンロックされた場合、いくつかのミニビーンが得られる。,
76125,食事食事,使用：このパターンを永久にアンロックする。このパターンが永久的にアンロックされた場合、いくつかのミニビーンが得られる。,
76126,今日もサボる,使用：このパターンを永久にアンロックする。このパターンが永久的にアンロックされた場合、いくつかのミニビーンが得られる。,
76127,何が起きたか,使用：このパターンを永久にアンロックする。このパターンが永久的にアンロックされた場合、いくつかのミニビーンが得られる。,
76128,ダンスしましょう,使用：このパターンを永久にアンロックする。このパターンが永久的にアンロックされた場合、いくつかのミニビーンが得られる。,
76129,踊ろう踊ろう,使用：このパターンを永久にアンロックする。このパターンが永久的にアンロックされた場合、いくつかのミニビーンが得られる。,
76130,星を贈る,使用：このパターンを永久にアンロックする。このパターンが永久的にアンロックされた場合、いくつかのミニビーンが得られる。,
76131,ウウウ,使用：このパターンを永久にアンロックする。このパターンが永久的にアンロックされた場合、いくつかのミニビーンが得られる。,
76132,泣かないで,使用：このパターンを永久にアンロックする。このパターンが永久的にアンロックされた場合、いくつかのミニビーンが得られる。,
76133,大丈夫！友よ,使用：このパターンを永久にアンロックする。このパターンが永久的にアンロックされた場合、いくつかのミニビーンが得られる。,
76134,粽祭り,使用：このパターンを永久にアンロックする。このパターンが永久的にアンロックされた場合、いくつかのミニビーンが得られる。,
76135,裂ける,使用：このパターンを永久にアンロックする。このパターンが永久的にアンロックされた場合、いくつかのミニビーンが得られる。,
76136,願い,使用：このパターンを永久にアンロックする。このパターンが永久的にアンロックされた場合、いくつかのミニビーンが得られる。,
76137,元気いっぱい,使用：このパターンを永久にアンロックする。このパターンが永久的にアンロックされた場合、いくつかのミニビーンが得られる。,
76138,弱くても平常心,使用：このパターンを永久にアンロックする。このパターンが永久的にアンロックされた場合、いくつかのミニビーンが得られる。,
76139,ありがとう,使用：このパターンを永久にアンロックする。このパターンが永久的にアンロックされた場合、いくつかのミニビーンが得られる。,
76140,師匠,このスプレーパターンを永久に解除し、すでに解除していればミニビーンズを受け取る。,
76141,突然,この塗装パターンを永久に解除し、ペイントシステムで確認できます。すでにこのパターンを永久に解除している場合、ミニ豆をいくつか入手します。,
76142,とても嬉しい,この塗装パターンを永久に解除し、ペイントシステムで確認できます。すでにこのパターンを永久に解除している場合、ミニ豆をいくつか入手します。,
76143,わかりません,この塗装パターンを永久に解除し、ペイントシステムで確認できます。すでにこのパターンを永久に解除している場合、ミニ豆をいくつか入手します。,
76144,愛のハグ,この塗装パターンを永久に解除し、ペイントシステムで確認できます。すでにこのパターンを永久に解除している場合、ミニ豆をいくつか入手します。,
76145,助けてください,この塗装パターンを永久に解除し、ペイントシステムで確認できます。すでにこのパターンを永久に解除している場合、ミニ豆をいくつか入手します。,
76146,中秋おめでとう,この塗装パターンを永久に解除し、ペイントシステムで確認できます。すでにこのパターンを永久に解除している場合、ミニ豆をいくつか入手します。,
76147,,,
76148,驚く,使用法: このスプレーペイントのデザインを永久に解除し、スプレーシステムで確認。既に解除している場合、ミニコインもらえる。,
76150,取り除く,使用方法：この塗装デザインの永久解除、ペイントシステムで確認可能です。既にこのデザインを永久に解除している場合、いくつかのミニビーンを獲得します。,
76151,バースト,使用方法：この塗装デザインの永久解除、ペイントシステムで確認可能です。既にこのデザインを永久に解除している場合、いくつかのミニビーンを獲得します。,
76152,,,
76153,キス,使用方法：この塗装デザインの永久解除、ペイントシステムで確認可能です。既にこのデザインを永久に解除している場合、いくつかのミニビーンを獲得します。,
76154,,,
76155,,,
76156,,,
76157,本物か偽物か,使用方法：この塗装デザインの永久解除、ペイントシステムで確認可能です。既にこのデザインを永久に解除している場合、いくつかのミニビーンを獲得します。,
76158,天まで届く龍気,使用：該当スプレー模様を永久的に解放し、スプレー画面で確認できます。すでにこの絵柄を永久解放した場合、代わりにミニビーンを獲得します。,
76159,燃えよ、我がカロリー,使用：該当スプレー模様を永久的に解放し、スプレー画面で確認できます。すでにこの絵柄を永久解放した場合、代わりにミニビーンを獲得します。,
76160,メリークリスマス,使用：該当スプレー模様を永久的に解放し、スプレー画面で確認できます。すでにこの絵柄を永久解放した場合、代わりにミニビーンを獲得します。,
76161,けちん坊,使用：該当スプレー模様を永久的に解放し、スプレー画面で確認できます。すでにこの絵柄を永久解放した場合、代わりにミニビーンを獲得します。,
76162,早くうちに来て,使用：該当スプレー模様を永久的に解放し、スプレー画面で確認できます。すでにこの絵柄を永久解放した場合、代わりにミニビーンを獲得します。,
76163,メリークリスマス！&ハッピーニューイヤー！,使用：該当スプレー模様を永久的に解放し、スプレー画面で確認できます。すでにこの絵柄を永久解放した場合、代わりにミニビーンを獲得します。,
76164,つまんないから遊びに付き合って！,使用：該当スプレー模様を永久的に解放し、スプレー画面で確認できます。すでにこの絵柄を永久解放した場合、代わりにミニビーンを獲得します。,
76165,おお、気持ちいい～,使用：該当スプレー模様を永久的に解放し、スプレー画面で確認できます。すでにこの絵柄を永久解放した場合、代わりにミニビーンを獲得します。,
76166,天使の降臨,使用：該当スプレー模様を永久的に解放し、スプレー画面で確認できます。すでにこの絵柄を永久解放した場合、代わりにミニビーンを獲得します。,
76167,休みを楽しもう！,使用：該当スプレー模様を永久的に解放し、スプレー画面で確認できます。すでにこの絵柄を永久解放した場合、代わりにミニビーンを獲得します。,
76168,写真を撮ろう,使用：該当スプレー模様を永久的に解放し、スプレー画面で確認できます。すでにこの絵柄を永久解放した場合、代わりにミニビーンを獲得します。,
76169,龍年元気,使用：該当スプレー模様を永久的に解放し、スプレー画面で確認できます。すでにこの絵柄を永久解放した場合、代わりにミニビーンを獲得します。,
76170,龍年吉祥,使用：該当スプレー模様を永久的に解放し、スプレー画面で確認できます。すでにこの絵柄を永久解放した場合、代わりにミニビーンを獲得します。,
76171,太るのが運命,使用：該当スプレー模様を永久的に解放し、スプレー画面で確認できます。すでにこの絵柄を永久解放した場合、代わりにミニビーンを獲得します。,
76172,はいよ！,使用：該当スプレー模様を永久的に解放し、スプレー画面で確認できます。すでにこの絵柄を永久解放した場合、代わりにミニビーンを獲得します。,
76173,明けましておめでとう,使用：該当スプレー模様を永久的に解放し、スプレー画面で確認できます。すでにこの絵柄を永久解放した場合、代わりにミニビーンを獲得します。,
76174,ネコちゃんは困難に怯えない,使用：該当スプレー模様を永久的に解放し、スプレー画面で確認できます。すでにこの絵柄を永久解放した場合、代わりにミニビーンを獲得します。,
76175,賀正・Rainbow Dash,使用：該当スプレー模様を永久的に解放し、スプレー画面で確認できます。すでにこの絵柄を永久解放した場合、代わりにミニビーンを獲得します。,
76176,賀正・Applejack,使用：該当スプレー模様を永久的に解放し、スプレー画面で確認できます。すでにこの絵柄を永久解放した場合、代わりにミニビーンを獲得します。,
76177,賀正・Rarity,使用：該当スプレー模様を永久的に解放し、スプレー画面で確認できます。すでにこの絵柄を永久解放した場合、代わりにミニビーンを獲得します。,
76178,賀正・Twilight Sparkle,使用：該当スプレー模様を永久的に解放し、スプレー画面で確認できます。すでにこの絵柄を永久解放した場合、代わりにミニビーンを獲得します。,
76179,賀正・Fluttershy,使用：該当スプレー模様を永久的に解放し、スプレー画面で確認できます。すでにこの絵柄を永久解放した場合、代わりにミニビーンを獲得します。,
76180,賀正・Pinkie Pie,使用：該当スプレー模様を永久的に解放し、スプレー画面で確認できます。すでにこの絵柄を永久解放した場合、代わりにミニビーンを獲得します。,
76181,My Little Pony〜吉祥如意〜,使用：該当スプレー模様を永久的に解放し、スプレー画面で確認できます。すでにこの絵柄を永久解放した場合、代わりにミニビーンを獲得します。,
76182,My Little Pony〜出世祈願〜,使用：該当スプレー模様を永久的に解放し、スプレー画面で確認できます。すでにこの絵柄を永久解放した場合、代わりにミニビーンを獲得します。,
76183,My Little Pony〜福呼び〜,使用：該当スプレー模様を永久的に解放し、スプレー画面で確認できます。すでにこの絵柄を永久解放した場合、代わりにミニビーンを獲得します。,
76184,My Little Pony〜賀正〜,使用：該当スプレー模様を永久的に解放し、スプレー画面で確認できます。すでにこの絵柄を永久解放した場合、代わりにミニビーンを獲得します。,
76185,よし、思いついた！,使用：該当スプレー模様を永久的に解放し、スプレー画面で確認できます。すでにこの絵柄を永久解放した場合、代わりにミニビーンを獲得します。,
76186,傷つくのはいつも私,使用：該当スプレー模様を永久的に解放し、スプレー画面で確認できます。すでにこの絵柄を永久解放した場合、代わりにミニビーンを獲得します。,
76187,I'll be back,使用：該当スプレー模様を永久的に解放し、スプレー画面で確認できます。すでにこの絵柄を永久解放した場合、代わりにミニビーンを獲得します。,
76188,始業,使用：該当スプレー模様を永久的に解放し、スプレー画面で確認できます。すでにこの絵柄を永久解放した場合、代わりにミニビーンを獲得します。,
76189,8周年,これを使用すると、このスプレー ペイントのロックが永久に解除され、スプレー システムで表示できるようになります。スプレー ペイントが永続的にロック解除されている場合は、ミニ ビーンズを入手できます。,
76190,利用可能なボーナス,これを使用すると、このスプレー ペイントのロックが永久に解除され、スプレー システムで表示できるようになります。スプレー ペイントが永続的にロック解除されている場合は、ミニ ビーンズを入手できます。,
76191,大好きです,これを使用すると、このスプレー ペイントのロックが永久に解除され、スプレー システムで表示できるようになります。スプレー ペイントが永続的にロック解除されている場合は、ミニ ビーンズを入手できます。,
76192,訪問しました,これを使用すると、このスプレー ペイントのロックが永久に解除され、スプレー システムで表示できるようになります。スプレー ペイントが永続的にロック解除されている場合は、ミニ ビーンズを入手できます。,
76193,喜びから始めましょう,これを使用すると、このスプレー ペイントのロックが永久に解除され、スプレー システムで表示できるようになります。スプレー ペイントが永続的にロック解除されている場合は、ミニ ビーンズを入手できます。,
76194,私はピエロです,これを使用すると、このスプレー ペイントのロックが永久に解除され、スプレー システムで表示できるようになります。スプレー ペイントが永続的にロック解除されている場合は、ミニ ビーンズを入手できます。,
76195,プラムウィンタードレス,これを使用すると、このスプレー ペイントのロックが永久に解除され、スプレー システムで表示できるようになります。スプレー ペイントが永続的にロック解除されている場合は、ミニ ビーンズを入手できます。,
76196,おめでとう！,これを使用すると、このスプレー ペイントのロックが永久に解除され、スプレー システムで表示できるようになります。スプレー ペイントが永続的にロック解除されている場合は、ミニ ビーンズを入手できます。,
76197,組み立てる！,これを使用すると、このスプレー ペイントのロックが永久に解除され、スプレー システムで表示できるようになります。スプレー ペイントが永続的にロック解除されている場合は、ミニ ビーンズを入手できます。,
76198,あなたは不親切です！,これを使用すると、このスプレー ペイントのロックが永久に解除され、スプレー システムで表示できるようになります。スプレー ペイントが永続的にロック解除されている場合は、ミニ ビーンズを入手できます。,
76199,別れ,これを使用すると、このスプレー ペイントのロックが永久に解除され、スプレー システムで表示できるようになります。スプレー ペイントが永続的にロック解除されている場合は、ミニ ビーンズを入手できます。,
77500,@Null@,@Null@,@Null@
77501,@Null@,@Null@,@Null@
77502,@Null@,@Null@,@Null@
77800,@Null@,@Null@,@Null@
78001,笑顔₋ミジラ（3日）,使用：期間限定でこのパターンをアンロックする。このパターンが永久的にアンロックされた場合、いくつかのミニビーンが得られる。,@Null@
78002,笑顔₋パンダ（3日）,使用：期間限定でこのパターンをアンロックする。このパターンが永久的にアンロックされた場合、いくつかのミニビーンが得られる。,@Null@
78003,渇望₋バニービューティー（3日）,使用：期間限定でこのパターンをアンロックする。このパターンが永久的にアンロックされた場合、いくつかのミニビーンが得られる。,@Null@
78004,口をとがらせる₋悪ガキ（3日）,使用：期間限定でこのパターンをアンロックする。このパターンが永久的にアンロックされた場合、いくつかのミニビーンが得られる。,@Null@
78005,楽しい₋ミジラ（3日）,使用：期間限定でこのパターンをアンロックする。このパターンが永久的にアンロックされた場合、いくつかのミニビーンが得られる。,@Null@
78006,宿題はまだたくさん（3日）,使用：期間限定でこのパターンをアンロックする。このパターンが永久的にアンロックされた場合、いくつかのミニビーンが得られる。,@Null@
78007,眠くないまだ我慢できる（3日）,使用：期間限定でこのパターンをアンロックする。このパターンが永久的にアンロックされた場合、いくつかのミニビーンが得られる。,@Null@
78008,素晴らしい（3日）,使用：期間限定でこのパターンをアンロックする。このパターンが永久的にアンロックされた場合、いくつかのミニビーンが得られる。,@Null@
78009,"腹をかかえて大笑い
（3日）",使用：期間限定でこのパターンをアンロックする。このパターンが永久的にアンロックされた場合、いくつかのミニビーンが得られる。,@Null@
78010,一緒に遊びましょう（3日）,使用：期間限定でこのパターンをアンロックする。このパターンが永久的にアンロックされた場合、いくつかのミニビーンが得られる。,@Null@
78011,いたずらっぽくウインク（3日）,使用：期間限定でこのパターンをアンロックする。このパターンが永久的にアンロックされた場合、一部のミニビーンが得られる。,@Null@
78012,ハグ（3日）,使用：期間限定でこのパターンをアンロックする。このパターンが永久的にアンロックされた場合、いくつかのミニビーンが得られる。,@Null@
78013,ブローキス（3日）,使用：期間限定でこのパターンをアンロックする。このパターンが永久的にアンロックされた場合、いくつかのミニビーンが得られる。,@Null@
78014,起きますよ（3日）,使用：期間限定でこのパターンをアンロックする。このパターンが永久的にアンロックされた場合、いくつかのミニビーンが得られる。,@Null@
78015,がんばれ（3日）,使用：期間限定でこのパターンをアンロックする。このパターンが永久的にアンロックされた場合、いくつかのミニビーンが得られる。,
78016,買うのではなく、見ているだけだよ（3日）,使用：期間限定でこのパターンをアンロックする。このパターンが永久的にアンロックされた場合、いくつかのミニビーンが得られる。,@Null@
78017,メンブレした（3日）,使用：期間限定でこのパターンをアンロックする。このパターンが永久的にアンロックされた場合、いくつかのミニビーンが得られる。,@Null@
78018,放課後、残って（3日）,使用：期間限定でこのパターンをアンロックする。このパターンが永久的にアンロックされた場合、いくつかのミニビーンが得られる。,@Null@
78019,あなたのかわいこちゃんは来たわよ（3日）,使用：期間限定でこのパターンをアンロックする。このパターンが永久的にアンロックされた場合、いくつかのミニビーンが得られる。,@Null@
78020,一緒にごはんにしよう！（3日）,使用：期間限定でこのパターンをアンロックする。このパターンが永久的にアンロックされた場合、いくつかのミニビーンが得られる。,@Null@
78021,私から飴を食べると、私の友達になるんだ（3日）,使用：期間限定でこのパターンをアンロックする。このパターンが永久的にアンロックされた場合、いくつかのミニビーンが得られる。,@Null@
78022,うなずく（3日）,使用：期間限定でこのパターンをアンロックする。このパターンが永久的にアンロックされた場合、いくつかのミニビーンが得られる。,@Null@
78023,200キロのパンダのように泣いてる（3日）,使用：期間限定でこのパターンをアンロックする。このパターンが永久的にアンロックされた場合、いくつかのミニビーンが得られる。,@Null@
78024,クリスマスを一緒に過ごせますか？（3日）,使用：期間限定でこのパターンをアンロックする。このパターンが永久的にアンロックされた場合、いくつかのミニビーンが得られる。,@Null@
78025,私のクリスマスプレゼントはどこにありますか？（3日）,使用：期間限定でこのパターンをアンロックする。このパターンが永久的にアンロックされた場合、いくつかのミニビーンが得られる。,@Null@
78026,大切な小休暇に乗る（3日）,使用：期間限定でこのパターンをアンロックする。このパターンが永久的にアンロックされた場合、いくつかのミニビーンが得られる。,@Null@
78027,お願い行かないで（3日）,使用：期間限定でこのパターンをアンロックする。このパターンが永久的にアンロックされた場合、いくつかのミニビーンが得られる。,@Null@
78028,虎年大吉（3日）,使用：期間限定でこのパターンをアンロックする。このパターンが永久的にアンロックされた場合、いくつかのミニビーンが得られる。,@Null@
78029,がつがつしている（3日）,使用：期間限定でこのパターンをアンロックする。このパターンが永久的にアンロックされた場合、いくつかのミニビーンが得られる。,@Null@
78030,明けましておめでとうございます（3日）,使用：期間限定でこのパターンをアンロックする。このパターンが永久的にアンロックされた場合、いくつかのミニビーンが得られる。,@Null@
78031,太った虎（3日）,使用：期間限定でこのパターンをアンロックする。このパターンが永久的にアンロックされた場合、いくつかのミニビーンが得られる。,@Null@
78032,年賀を差し上げました（3日）,使用：期間限定でこのパターンをアンロックする。このパターンが永久的にアンロックされた場合、いくつかのミニビーンが得られる。,@Null@
78033,拝礼いたします（3日）,使用：期間限定でこのパターンをアンロックする。このパターンが永久的にアンロックされた場合、いくつかのミニビーンが得られる。,@Null@
78034,アーマーが合体する（3日）,使用：期間限定でこのパターンをアンロックする。このパターンが永久的にアンロックされた場合、いくつかのミニビーンが得られる。,@Null@
78035,この魚池を請け負う（3日）,使用：期間限定でこのパターンをアンロックする。このパターンが永久的にアンロックされた場合、いくつかのミニビーンが得られる。,@Null@
78036,ご飯を食べろ，ご飯を食べろ，行け！（3日）,使用：期間限定でこのパターンをアンロックする。このパターンが永久的にアンロックされた場合、いくつかのミニビーンが得られる。,@Null@
78037,待っていようか？（3日）,使用：期間限定でこのパターンをアンロックする。このパターンが永久的にアンロックされた場合、いくつかのミニビーンが得られる。,@Null@
78038,一緒に行こう（3日）,使用：期間限定でこのパターンをアンロックする。このパターンが永久的にアンロックされた場合、いくつかのミニビーンが得られる。,@Null@
78039,@Null@,@Null@,@Null@
78040,@Null@,@Null@,@Null@
78041,@Null@,@Null@,@Null@
78042,@Null@,@Null@,@Null@
78043,うわー（3日）,使用方法:期間限定でこの塗装パターンをアンロックし、塗装システムで見ることができます。パターンが永久にアンロックされている場合は、いくつかのミニビーンズを入手してください。,
78044,ミニワールド（3日）,使用方法:期間限定でこの塗装パターンをアンロックし、塗装システムで見ることができます。パターンが永久にアンロックされている場合は、いくつかのミニビーンズを入手してください。,
78045,凧をあげなさい!(3日),使用方法:期間限定でこの塗装パターンをアンロックし、塗装システムで見ることができます。パターンが永久にアンロックされている場合は、いくつかのミニビーンズを入手してください。,
78046,大きな頭は雨が心配しない(3日),使用方法:期間限定でこの塗装パターンをアンロックし、塗装システムで見ることができます。パターンが永久にアンロックされている場合は、いくつかのミニビーンズを入手してください。,
78047,言わないでレンガを運ぶ(3日),使用方法:期間限定でこの塗装パターンをアンロックし、塗装システムで見ることができます。パターンが永久にアンロックされている場合は、いくつかのミニビーンズを入手してください。,
78048,料理犬は飛ぶことを求めている(3日),使用方法:期間限定でこの塗装パターンをアンロックし、塗装システムで見ることができます。パターンが永久にアンロックされている場合は、いくつかのミニビーンズを入手してください。,
78049,サーフィン（3日）,使用：期間限定でこのパターンをアンロックする。このパターンが永久的にアンロックされた場合、いくつかのミニビーンが得られる。,
78050,労働は最も光栄である(3日),使用方法:期間限定でこの塗装パターンをアンロックし、塗装システムで見ることができます。パターンが永久にアンロックされている場合は、いくつかのミニビーンズを入手してください。,
78051,ミニ三好学生（3日）,使用方法:期間限定でこの塗装パターンをアンロックし、塗装システムで見ることができます。パターンが永久にアンロックされている場合は、いくつかのミニビーンズを入手してください。,
78052,昇天（3日）まで暑い,使用方法:期間限定でこの塗装パターンをアンロックし、塗装システムで見ることができます。パターンが永久にアンロックされている場合は、いくつかのミニビーンズを入手してください。,
78053,私は良い首長になりたい(3日),使用方法:期間限定でこの塗装パターンをアンロックし、塗装システムで見ることができます。パターンが永久にアンロックされている場合は、いくつかのミニビーンズを入手してください。,
78054,英雄は出所を尋ねない(3日),使用方法:期間限定でこの塗装パターンをアンロックし、塗装システムで見ることができます。パターンが永久にアンロックされている場合は、いくつかのミニビーンズを入手してください。,
78055,これ?（3日）,使用方法:期間限定でこの塗装パターンをアンロックし、塗装システムで見ることができます。パターンが永久にアンロックされている場合は、いくつかのミニビーンズを入手してください。,
78056,自慢されるのを待つ(3日),使用方法:期間限定でこの塗装パターンをアンロックし、塗装システムで見ることができます。パターンが永久にアンロックされている場合は、いくつかのミニビーンズを入手してください。,
78057,褒めてください!(3日),使用方法:期間限定でこの塗装パターンをアンロックし、塗装システムで見ることができます。パターンが永久にアンロックされている場合は、いくつかのミニビーンズを入手してください。,
78058,私はとても難しいです(3日),使用方法:期間限定でこの塗装パターンをアンロックし、塗装システムで見ることができます。パターンが永久にアンロックされている場合は、いくつかのミニビーンズを入手してください。,
78059,私たちは(3日),使用方法:期間限定でこの塗装パターンをアンロックし、塗装システムで見ることができます。パターンが永久にアンロックされている場合は、いくつかのミニビーンズを入手してください。,
78060,ひそかに観察する(3日),使用方法:期間限定でこの塗装パターンをアンロックし、塗装システムで見ることができます。パターンが永久にアンロックされている場合は、いくつかのミニビーンズを入手してください。,
78061,料理はけちけち（3日）,使用方法:期間限定でこの塗装パターンをアンロックし、塗装システムで見ることができます。パターンが永久にアンロックされている場合は、いくつかのミニビーンズを入手してください。,
78062,頑張って、あなたは一番太っています(3日),使用方法:期間限定でこの塗装パターンをアンロックし、塗装システムで見ることができます。パターンが永久にアンロックされている場合は、いくつかのミニビーンズを入手してください。,
78063,血だらけの復活（3日）,使用方法:期間限定でこの塗装パターンをアンロックし、塗装システムで見ることができます。パターンが永久にアンロックされている場合は、いくつかのミニビーンズを入手してください。,
78064,大声で泣いて（3日）,：を使用して期間限定でこの塗装パターンをロック解除し、塗装システムで見ることができ。このパターンを永久にロック解除した場合、ミニ豆。を手に入れることができます,
78065,木を切る人を指します（3日）,使用方法:期間限定でこの塗装パターンをアンロックし、塗装システムで見ることができます。パターンが永久にアンロックされている場合は、いくつかのミニビーンズを入手してください。,
78066,ねえ!友達できますか?（3日）,使用方法:期間限定でこの塗装パターンをアンロックし、塗装システムで見ることができます。パターンが永久にアンロックされている場合は、いくつかのミニビーンズを入手してください。,
78067,パチパチ!(3日),使用方法:期間限定でこの塗装パターンをアンロックし、塗装システムで見ることができます。パターンが永久にアンロックされている場合は、いくつかのミニビーンズを入手してください。,
78068,感心して五体投地(3日),使用方法:期間限定でこの塗装パターンをアンロックし、塗装システムで見ることができます。パターンが永久にアンロックされている場合は、いくつかのミニビーンズを入手してください。,
78069,小さな花を送る(3日),使用方法:期間限定でこの塗装パターンをアンロックし、塗装システムで見ることができます。パターンが永久にアンロックされている場合は、いくつかのミニビーンズを入手してください。,
78070,嫌(3日),使用方法:期間限定でこの塗装パターンをアンロックし、塗装システムで見ることができます。パターンが永久にアンロックされている場合は、いくつかのミニビーンズを入手してください。,
78071,長生きする住宅所有者（3日）,：を使用して期間限定でこの塗装パターンをロック解除し、塗装システムで見ることができ。このパターンを永久にロック解除した場合、ミニ豆。を手に入れることができます,
78072,フィットネス（3日間）,：を使用して期間限定でこの塗装パターンをロック解除し、塗装システムで見ることができ。このパターンを永久にロック解除した場合、ミニ豆。を手に入れることができます,
78073,私は聞かない私は聞かない（3日間）,：を使用して期間限定でこの塗装パターンをロック解除し、塗装システムで見ることができ。このパターンを永久にロック解除した場合、ミニ豆。を手に入れることができます,
78074,昊天ハンマーの威力を味わってみませんか（3日）,：を使用して期間限定でこの塗装パターンをロック解除し、塗装システムで見ることができ。このパターンを永久にロック解除した場合、ミニ豆。を手に入れることができます,
78075,あなたは最高です（3日間）,：を使用して期間限定でこの塗装パターンをロック解除し、塗装システムで見ることができ。このパターンを永久にロック解除した場合、ミニ豆。を手に入れることができます,
78076,見ない!見ない!（3日）,：を使用して期間限定でこの塗装パターンをロック解除し、塗装システムで見ることができ。このパターンを永久にロック解除した場合、ミニ豆。を手に入れることができます,
78077,すべてが（3日間）,：を使用して期間限定でこの塗装パターンをロック解除し、塗装システムで見ることができ。このパターンを永久にロック解除した場合、ミニ豆。を手に入れることができます,
78078,ああ~（3日）,：を使用して期間限定でこの塗装パターンをロック解除し、塗装システムで見ることができ。このパターンを永久にロック解除した場合、ミニ豆。を手に入れることができます,
78079,キャンディを食べる（3日）,使用：時間限定このパターンをアンロックする。このパターンが既に永久的にアンロックされた場合、一部のミニビーンが得られる。,
78080,ニャンフィジェット図（3日）,：を使用して期間限定でこの塗装パターンをロック解除し、塗装システムで見ることができ。このパターンを永久にロック解除した場合、ミニ豆。を手に入れることができます,
78081,ラシャジェット図（3日）,：を使用して期間限定でこの塗装パターンをロック解除し、塗装システムで見ることができ。このパターンを永久にロック解除した場合、ミニ豆。を手に入れることができます,
78082,一拍で（3日）,：を使用して期間限定でこの塗装パターンをロック解除し、塗装システムで見ることができ。このパターンを永久にロック解除した場合、ミニ豆。を手に入れることができます,
78083,こんにちは（3日）,：を使用して期間限定でこの塗装パターンをロック解除し、塗装システムで見ることができ。このパターンを永久にロック解除した場合、ミニ豆。を手に入れることができます,
78084,ニームジェット（3日）,：を使用して期間限定でこの塗装パターンをロック解除し、塗装システムで見ることができ。このパターンを永久にロック解除した場合、ミニ豆。を手に入れることができます,
78085,ニームジェット（3日）,：を使用して期間限定でこの塗装パターンをロック解除し、塗装システムで見ることができ。このパターンを永久にロック解除した場合、ミニ豆。を手に入れることができます,
78086,テスは（3日間）,：を使用して期間限定でこの塗装パターンをロック解除し、塗装システムで見ることができ。このパターンを永久にロック解除した場合、ミニ豆。を手に入れることができます,
78087,ニームジェット（3日）,：を使用して期間限定でこの塗装パターンをロック解除し、塗装システムで見ることができ。このパターンを永久にロック解除した場合、ミニ豆。を手に入れることができます,
78088,？？（3日）,使用：時間限定このパターンをアンロックする。このパターンが既に永久的にアンロックされた場合、一部のミニビーンが得られる。,
78089,円を描いてあなたを呪っ（3日間）,：を使用して期間限定でこの塗装パターンをロック解除し、塗装システムで見ることができ。このパターンを永久にロック解除した場合、ミニ豆。を手に入れることができます,
78090,3日間勉強するのを邪魔（）,：を使用して期間限定でこの塗装パターンをロック解除し、塗装システムで見ることができ。このパターンを永久にロック解除した場合、ミニ豆。を手に入れることができます,
78091,欧気噴霧（3日）,：を使用して期間限定でこの塗装パターンをロック解除し、塗装システムで見ることができ。このパターンを永久にロック解除した場合、ミニ豆。を手に入れることができます,
78092,熱烈な拍手~（3日）,：を使用して期間限定でこの塗装パターンをロック解除し、塗装システムで見ることができ。このパターンを永久にロック解除した場合、ミニ豆。を手に入れることができます,
78093,野外のピクニック（3日）,使用：時間限定このパターンをアンロックする。このパターンが既に永久的にアンロックされた場合、一部のミニビーンが得られる。,
78094,空に飛ぶ（3日）,使用：時間限定このパターンをアンロックする。このパターンが既に永久的にアンロックされた場合、一部のミニビーンが得られる。,
78095,今日も超可愛い（3日）,：を使用して期間限定でこの塗装パターンをロック解除し、塗装システムで見ることができ。このパターンを永久にロック解除した場合、ミニ豆。を手に入れることができます,
78096,気をつけて3日間（）を送ってください,：を使用して期間限定でこの塗装パターンをロック解除し、塗装システムで見ることができ。このパターンを永久にロック解除した場合、ミニ豆。を手に入れることができます,
78097,ハグして（3日）,使用：時間限定このパターンをアンロックする。このパターンが既に永久的にアンロックされた場合、一部のミニビーンが得られる。,
78098,私は嫉妬（3日）,使用：時間限定このパターンをアンロックする。このパターンが既に永久的にアンロックされた場合、一部のミニビーンが得られる。,
78099,抱きしめて（3日）,使用：時間限定このパターンをアンロックする。このパターンが既に永久的にアンロックされた場合、一部のミニビーンが得られる。,
78100,興奮して手をこする（3日）,使用：時間限定このパターンをアンロックする。このパターンが既に永久的にアンロックされた場合、一部のミニビーンが得られる。,
78101,手動wink（3日）,使用：時間限定このパターンをアンロックする。このパターンが既に永久的にアンロックされた場合、一部のミニビーンが得られる。,
78102,恨みを覚える（3日）,使用：時間限定このパターンをアンロックする。このパターンが既に永久的にアンロックされた場合、一部のミニビーンが得られる。,
78103,私のようなウィット（3日）,使用：時間限定このパターンをアンロックする。このパターンが既に永久的にアンロックされた場合、一部のミニビーンが得られる。,
78104,星霊の光（3日）,使用：時間限定このパターンをアンロックする。このパターンが既に永久的にアンロックされた場合、一部のミニビーンが得られる。,
78105,おやすみ（3日）,：を使用して期間限定でこの塗装パターンをロック解除し、塗装システムで見ることができ。このパターンを永久にロック解除した場合、ミニ豆。を手に入れることができます,
78106,メロンを食べる大衆（3日間）,：を使用して期間限定でこの塗装パターンをロック解除し、塗装システムで見ることができ。このパターンを永久にロック解除した場合、ミニ豆。を手に入れることができます,
78107,少し（3日）,：を使用して期間限定でこの塗装パターンをロック解除し、塗装システムで見ることができ。このパターンを永久にロック解除した場合、ミニ豆。を手に入れることができます,
78108,元日おめでとう（3日）,：を使用して期間限定でこの塗装パターンをロック解除し、塗装システムで見ることができ。このパターンを永久にロック解除した場合、ミニ豆。を手に入れることができます,
78109,双子星噴図（3日）,：を使用して期間限定でこの塗装パターンをロック解除し、塗装システムで見ることができ。このパターンを永久にロック解除した場合、ミニ豆。を手に入れることができます,
78110,ウサギの新年（3日間）,：を使用して期間限定でこの塗装パターンをロック解除し、塗装システムで見ることができ。このパターンを永久にロック解除した場合、ミニ豆。を手に入れることができます,
78111,Transformers-Soundwave（3日）,使用：期間限定でこのパターンをアンロックする。このパターンが永久的にアンロックされた場合、いくつかのミニビーンが得られる。,
78112,2023（3日）,使用：期間限定でこのパターンをアンロックする。このパターンが永久的にアンロックされた場合、いくつかのミニビーンが得られる。,
78113,あなたが知っている（3日）,：を使用して期間限定でこの塗装パターンをロック解除し、塗装システムで見ることができ。このパターンを永久にロック解除した場合、ミニ豆。を手に入れることができます,
78114,ファンシー感謝（3日）,：を使用して期間限定でこの塗装パターンをロック解除し、塗装システムで見ることができ。このパターンを永久にロック解除した場合、ミニ豆。を手に入れることができます,
78115,ひとつになる（3日）,使用：期間限定でこのパターンをアンロックする。このパターンが永久的にアンロックされた場合、いくつかのミニビーンが得られる。,
78116,ナデナデ（3日）,使用：期間限定でこのパターンをアンロックする。このパターンが永久的にアンロックされた場合、いくつかのミニビーンが得られる。,
78117,Show Time（3日）,使用：期間限定でこのパターンをアンロックする。このパターンが永久的にアンロックされた場合、いくつかのミニビーンが得られる。,
78118,しかたがない（3日）,使用：期間限定でこのパターンをアンロックする。このパターンが永久的にアンロックされた場合、いくつかのミニビーンが得られる。,
78119,利口（3日）,使用：期間限定でこのパターンをアンロックする。このパターンが永久的にアンロックされた場合、いくつかのミニビーンが得られる。,
78120,楽しむことが一番大事！（3日）,使用：期間限定でこのパターンをアンロックする。このパターンが永久的にアンロックされた場合、いくつかのミニビーンが得られる。,
78121,7歳の誕生日おめでとう（3日）,：を使用して期間限定でこの塗装パターンをロック解除し、塗装システムで見ることができ。このパターンを永久にロック解除した場合、ミニ豆。を獲得します,
78122,すみませんね（3日）,使用：時間限定このパターンをアンロックする。このパターンが既に永久的にアンロックされた場合、一部のミニビーンが得られる。,
78123,自慢（3日）,使用：時間限定このパターンをアンロックする。このパターンが既に永久的にアンロックされた場合、一部のミニビーンが得られる。,
78124,友情に乾杯（3日）,使用：時間限定このパターンをアンロックする。このパターンが既に永久的にアンロックされた場合、一部のミニビーンが得られる。,
78125,食事食事（3日）,使用：時間限定このパターンをアンロックする。このパターンが既に永久的にアンロックされた場合、一部のミニビーンが得られる。,
78126,今日もサボる（3日）,使用：時間限定このパターンをアンロックする。このパターンが既に永久的にアンロックされた場合、一部のミニビーンが得られる。,
78127,何が起きたか（3日）,使用：時間限定このパターンをアンロックする。このパターンが既に永久的にアンロックされた場合、一部のミニビーンが得られる。,
78128,ダンスしましょう（3日）,使用：時間限定このパターンをアンロックする。このパターンが既に永久的にアンロックされた場合、一部のミニビーンが得られる。,
78129,踊ろう踊ろう（3日）,使用：時間限定このパターンをアンロックする。このパターンが既に永久的にアンロックされた場合、一部のミニビーンが得られる。,
78130,星を贈る（3日）,使用：時間限定このパターンをアンロックする。このパターンが既に永久的にアンロックされた場合、一部のミニビーンが得られる。,
78131,ウウウ（3日）,使用：時間限定このパターンをアンロックする。このパターンが既に永久的にアンロックされた場合、一部のミニビーンが得られる。,
78132,泣かないで（3日）,使用：時間限定このパターンをアンロックする。このパターンが既に永久的にアンロックされた場合、一部のミニビーンが得られる。,
78133,大丈夫！友よ（3日）,使用：時間限定このパターンをアンロックする。このパターンが既に永久的にアンロックされた場合、一部のミニビーンが得られる。,
78134,粽祭り（3日）,使用：時間限定このパターンをアンロックする。このパターンが既に永久的にアンロックされた場合、一部のミニビーンが得られる。,
78135,裂ける（3日）,使用：時間限定このパターンをアンロックする。このパターンが既に永久的にアンロックされた場合、一部のミニビーンが得られる。,
78136,願い（3日）,使用：時間限定このパターンをアンロックする。このパターンが既に永久的にアンロックされた場合、一部のミニビーンが得られる。,
78137,元気いっぱい（3日）,使用：時間限定このパターンをアンロックする。このパターンが既に永久的にアンロックされた場合、一部のミニビーンが得られる。,
78138,弱くても平常心（3日）,使用：時間限定このパターンをアンロックする。このパターンが既に永久的にアンロックされた場合、一部のミニビーンが得られる。,
78139,ありがとう（3日）,使用：時間限定このパターンをアンロックする。このパターンが既に永久的にアンロックされた場合、一部のミニビーンが得られる。,
78140,達人（3日）,この塗装パターンを永久に解除し、ペイントシステムで確認できます。すでにこのパターンを永久に解除している場合、ミニ豆をいくつか入手します。,
78141,突然 (3日間),この塗装パターンを永久に解除し、ペイントシステムで確認できます。すでにこのパターンを永久に解除している場合、ミニ豆をいくつか入手します。,
78142,とても嬉しいです（3日間）,この塗装パターンを永久に解除し、ペイントシステムで確認できます。すでにこのパターンを永久に解除している場合、ミニ豆をいくつか入手します。,
78143,理解できません (3日),この塗装パターンを永久に解除し、ペイントシステムで確認できます。すでにこのパターンを永久に解除している場合、ミニ豆をいくつか入手します。,
78144,ハグ（3日）,この塗装パターンを永久に解除し、ペイントシステムで確認できます。すでにこのパターンを永久に解除している場合、ミニ豆をいくつか入手します。,
78145,助けてください（3日）,この塗装パターンを永久に解除し、ペイントシステムで確認できます。すでにこのパターンを永久に解除している場合、ミニ豆をいくつか入手します。,
78146,中秋おめでとう！（3日間）,この塗装パターンを永久に解除し、ペイントシステムで確認できます。すでにこのパターンを永久に解除している場合、ミニ豆をいくつか入手します。,
78147,,,
78148,驚き（3日間）,使用法: 期間限定でペイントパターンをアンロック。永久解除済みならミニビーンズを獲得。,
78149,,,
78150,お持ち帰り（3日間）,使用：このスプレーペイントパターンを一時的に解除し、スプレーペイントシステムで表示できます。既に永久に解除されている場合、ミニビーンを獲得します。,
78151,バースト(3日間),使用：このスプレーペイントパターンを一時的に解除し、スプレーペイントシステムで表示できます。既に永久に解除されている場合、ミニビーンを獲得します。,
78152,,,
78153,キス（3日間）,使用：このスプレーペイントパターンを一時的に解除し、スプレーペイントシステムで表示できます。既に永久に解除されている場合、ミニビーンを獲得します。,
78154,,,
78155,,,
78156,,,
78157,本物か偽物か（3日間）,使用：このスプレーペイントパターンを一時的に解除し、スプレーペイントシステムで表示できます。既に永久に解除されている場合、ミニビーンを獲得します。,
78158,天まで届く龍気（3日）,使用：期間限定で該当スプレー模様を解放し、スプレー画面で確認できます。すでにこの絵柄を永久解放した場合、代わりにミニビーンを獲得します。,
78159,燃えよ、我がカロリー（3日）,使用：期間限定で該当スプレー模様を解放し、スプレー画面で確認できます。すでにこの絵柄を永久解放した場合、代わりにミニビーンを獲得します。,
78160,メリークリスマス(3日),使用：期間限定で該当スプレー模様を解放し、スプレー画面で確認できます。すでにこの絵柄を永久解放した場合、代わりにミニビーンを獲得します。,
78161,けちん坊（3日）,使用：期間限定で該当スプレー模様を解放し、スプレー画面で確認できます。すでにこの絵柄を永久解放した場合、代わりにミニビーンを獲得します。,
78162,早くうちに来て（3日）,使用：期間限定で該当スプレー模様を解放し、スプレー画面で確認できます。すでにこの絵柄を永久解放した場合、代わりにミニビーンを獲得します。,
78163,メリークリスマス！&ハッピーニューイヤー！（3日）,使用：期間限定で該当スプレー模様を解放し、スプレー画面で確認できます。すでにこの絵柄を永久解放した場合、代わりにミニビーンを獲得します。,
78164,つまんないから遊びに付き合って！（3日）,使用：該当スプレー模様を一時的に解放し、スプレー画面で確認できます。すでにこの絵柄を永久解放した場合、代わりにミニビーンを獲得します。,
78165,おお、気持ちいい～（3日）,使用：該当スプレー模様を一時的に解放し、スプレー画面で確認できます。すでにこの絵柄を永久解放した場合、代わりにミニビーンを獲得します。,
78166,天使の降臨（3日）,使用：該当スプレー模様を一時的に解放し、スプレー画面で確認できます。すでにこの絵柄を永久解放した場合、代わりにミニビーンを獲得します。,
78167,休みを楽しもう！（3日）,使用：該当スプレー模様を一時的に解放し、スプレー画面で確認できます。すでにこの絵柄を永久解放した場合、代わりにミニビーンを獲得します。,
78168,写真を撮ろう（3日）,使用：該当スプレー模様を一時的に解放し、スプレー画面で確認できます。すでにこの絵柄を永久解放した場合、代わりにミニビーンを獲得します。,
78169,龍年元気（3日）,使用：該当スプレー模様を一時的に解放し、スプレー画面で確認できます。すでにこの絵柄を永久解放した場合、代わりにミニビーンを獲得します。,
78170,龍年吉祥（3日）,使用：該当スプレー模様を一時的に解放し、スプレー画面で確認できます。すでにこの絵柄を永久解放した場合、代わりにミニビーンを獲得します。,
78171,太るのが運命（3日）,使用：該当スプレー模様を一時的に解放し、スプレー画面で確認できます。すでにこの絵柄を永久解放した場合、代わりにミニビーンを獲得します。,
78172,はいよ！（3日）,使用：該当スプレー模様を一時的に解放し、スプレー画面で確認できます。すでにこの絵柄を永久解放した場合、代わりにミニビーンを獲得します。,
78173,明けましておめでとう（3日）,使用：該当スプレー模様を一時的に解放し、スプレー画面で確認できます。すでにこの絵柄を永久解放した場合、代わりにミニビーンを獲得します。,
78174,ネコちゃんは困難に怯えない（3日）,使用：該当スプレー模様を一時的に解放し、スプレー画面で確認できます。すでにこの絵柄を永久解放した場合、代わりにミニビーンを獲得します。,
78175,賀正・Rainbow Dash（3日）,使用：該当スプレー模様を一時的に解放し、スプレー画面で確認できます。すでにこの絵柄を永久解放した場合、代わりにミニビーンを獲得します。,
78176,賀正・Applejack（3日）,使用：該当スプレー模様を一時的に解放し、スプレー画面で確認できます。すでにこの絵柄を永久解放した場合、代わりにミニビーンを獲得します。,
78177,賀正・Rarity（3日）,使用：該当スプレー模様を一時的に解放し、スプレー画面で確認できます。すでにこの絵柄を永久解放した場合、代わりにミニビーンを獲得します。,
78178,賀正・Twilight Sparkle（3日）,使用：該当スプレー模様を一時的に解放し、スプレー画面で確認できます。すでにこの絵柄を永久解放した場合、代わりにミニビーンを獲得します。,
78179,賀正・Fluttershy（3日）,使用：該当スプレー模様を一時的に解放し、スプレー画面で確認できます。すでにこの絵柄を永久解放した場合、代わりにミニビーンを獲得します。,
78180,賀正・Pinkie Pie（3日）,使用：該当スプレー模様を一時的に解放し、スプレー画面で確認できます。すでにこの絵柄を永久解放した場合、代わりにミニビーンを獲得します。,
78181,My Little Pony〜吉祥如意〜（3日）,使用：該当スプレー模様を一時的に解放し、スプレー画面で確認できます。すでにこの絵柄を永久解放した場合、代わりにミニビーンを獲得します。,
78182,My Little Pony〜出世祈願〜（3日）,使用：該当スプレー模様を一時的に解放し、スプレー画面で確認できます。すでにこの絵柄を永久解放した場合、代わりにミニビーンを獲得します。,
78183,My Little Pony〜福呼び〜（3日）,使用：該当スプレー模様を一時的に解放し、スプレー画面で確認できます。すでにこの絵柄を永久解放した場合、代わりにミニビーンを獲得します。,
78184,My Little Pony〜賀正〜（3日）,使用：該当スプレー模様を一時的に解放し、スプレー画面で確認できます。すでにこの絵柄を永久解放した場合、代わりにミニビーンを獲得します。,
78185,よし、思いついた！（3日）,使用：該当スプレー模様を一時的に解放し、スプレー画面で確認できます。すでにこの絵柄を永久解放した場合、代わりにミニビーンを獲得します。,
78186,傷つくのはいつも私（3日）,使用：該当スプレー模様を一時的に解放し、スプレー画面で確認できます。すでにこの絵柄を永久解放した場合、代わりにミニビーンを獲得します。,
78187,I'll be back（3日）,使用：該当スプレー模様を一時的に解放し、スプレー画面で確認できます。すでにこの絵柄を永久解放した場合、代わりにミニビーンを獲得します。,
78188,始業（3日）,使用：該当スプレー模様を一時的に解放し、スプレー画面で確認できます。すでにこの絵柄を永久解放した場合、代わりにミニビーンを獲得します。,
78189,8周年記念（3日間）,それを使用すると、このスプレー ペイントを期間限定でロック解除でき、スプレー システムで表示できます。スプレー ペイントが永続的にロック解除されている場合は、ミニ ビーンズを入手できます。,
78190,ボーナスあり（3日間）,それを使用すると、このスプレー ペイントを期間限定でロック解除でき、スプレー システムで表示できます。スプレー ペイントが永続的にロック解除されている場合は、ミニ ビーンズを入手できます。,
78191,大好き (3日間),それを使用すると、このスプレー ペイントを期間限定でロック解除でき、スプレー システムで表示できます。スプレー ペイントが永続的にロック解除されている場合は、ミニ ビーンズを入手できます。,
78192,有料訪問（3日間）,それを使用すると、このスプレー ペイントを期間限定でロック解除でき、スプレー システムで表示できます。スプレー ペイントが永続的にロック解除されている場合は、ミニ ビーンズを入手できます。,
78193,喜びから始める（3日間）,それを使用すると、このスプレー ペイントを期間限定でロック解除でき、スプレー システムで表示できます。スプレー ペイントが永続的にロック解除されている場合は、ミニ ビーンズを入手できます。,
78194,私はピエロです (3 日間),それを使用すると、このスプレー ペイントを期間限定でロック解除でき、スプレー システムで表示できます。スプレー ペイントが永続的にロック解除されている場合は、ミニ ビーンズを入手できます。,
78195,プラムウィンタードレス（3日間）,それを使用すると、このスプレー ペイントを期間限定でロック解除でき、スプレー システムで表示できます。スプレー ペイントが永続的にロック解除されている場合は、ミニ ビーンズを入手できます。,
78196,おめでとう！ （3日）,それを使用すると、このスプレー ペイントを期間限定でロック解除でき、スプレー システムで表示できます。スプレー ペイントが永続的にロック解除されている場合は、ミニ ビーンズを入手できます。,
78197,組み立てる！ （3日）,それを使用すると、このスプレー ペイントを期間限定でロック解除でき、スプレー システムで表示できます。スプレー ペイントが永続的にロック解除されている場合は、ミニ ビーンズを入手できます。,
78198,あなたは不親切です！ （3日）,それを使用すると、このスプレー ペイントを期間限定でロック解除でき、スプレー システムで表示できます。スプレー ペイントが永続的にロック解除されている場合は、ミニ ビーンズを入手できます。,
78199,お別れ（3日間）,それを使用すると、このスプレー ペイントを期間限定でロック解除でき、スプレー システムで表示できます。スプレー ペイントが永続的にロック解除されている場合は、ミニ ビーンズを入手できます。,
79000,@Null@,@Null@,@Null@
79001,笑顔₋ミジラ（30日）,使用：期間限定でこのパターンをアンロックする。このパターンが永久的にアンロックされた場合、いくつかのミニビーンが得られる。,@Null@
79002,笑顔₋パンダ（30日）,使用：期間限定でこのパターンをアンロックする。このパターンが永久的にアンロックされた場合、いくつかのミニビーンが得られる。,@Null@
79003,渇望₋バニービューティー,使用：期間限定でこのパターンをアンロックする。このパターンが永久的にアンロックされた場合、いくつかのミニビーンが得られる。,@Null@
79004,口をとがらせる₋悪ガキ（30日）,使用：期間限定でこのパターンをアンロックする。このパターンが永久的にアンロックされた場合、いくつかのミニビーンが得られる。,@Null@
79005,楽しい₋ミジラ（30日）,使用：期間限定でこのパターンをアンロックする。このパターンが永久的にアンロックされた場合、いくつかのミニビーンが得られる。,@Null@
79006,宿題はまだたくさん（30日）,使用：期間限定でこのパターンをアンロックする。このパターンが永久的にアンロックされた場合、いくつかのミニビーンが得られる。,@Null@
79007,眠くないまだ我慢できる（30日）,使用：期間限定でこのパターンをアンロックする。このパターンが永久的にアンロックされた場合、いくつかのミニビーンが得られる。,@Null@
79008,素晴らしい（30）,使用：期間限定でこのパターンをアンロックする。このパターンが永久的にアンロックされた場合、いくつかのミニビーンが得られる。,@Null@
79009,"腹をかかえて大笑い
（30日）",使用：期間限定でこのパターンをアンロックする。このパターンが永久的にアンロックされた場合、いくつかのミニビーンが得られる。,@Null@
79010,一緒に遊びましょう（30日）,使用：期間限定でこのパターンをアンロックする。このパターンが永久的にアンロックされた場合、いくつかのミニビーンが得られる。,@Null@
79011,いたずらっぽくウインク（30日）,使用：期間限定でこのパターンをアンロックする。このパターンが永久的にアンロックされた場合、いくつかのミニビーンが得られる。,@Null@
79012,ハグ（30日）,使用：期間限定でこのパターンをアンロックする。このパターンが永久的にアンロックされた場合、いくつかのミニビーンが得られる。,@Null@
79013,ブローキス（30日）,使用：期間限定でこのパターンをアンロックする。このパターンが永久的にアンロックされた場合、いくつかのミニビーンが得られる。,@Null@
79014,起きますよ（30日）,使用：期間限定でこのパターンをアンロックする。このパターンが永久的にアンロックされた場合、いくつかのミニビーンが得られる。,@Null@
79015,頑張って（30日）,使用：期間限定でこのパターンをアンロックする。このパターンが永久的にアンロックされた場合、いくつかのミニビーンが得られる。,@Null@
79016,買うのではなく、見ているだけだよ（30日）,使用：期間限定でこのパターンをアンロックする。このパターンが永久的にアンロックされた場合、いくつかのミニビーンが得られる。,@Null@
79017,メンブレした（30日）,使用：期間限定でこのパターンをアンロックする。このパターンが永久的にアンロックされた場合、いくつかのミニビーンが得られる。,@Null@
79018,放課後、残って（30日）,使用：期間限定でこのパターンをアンロックする。このパターンが永久的にアンロックされた場合、いくつかのミニビーンが得られる。,@Null@
79019,あなたのかわいこちゃんは来たわよ（30日）,使用：期間限定でこのパターンをアンロックする。このパターンが永久的にアンロックされた場合、いくつかのミニビーンが得られる。,@Null@
79020,一緒にごはんにしよう！（30日）,使用：期間限定でこのパターンをアンロックする。このパターンが永久的にアンロックされた場合、いくつかのミニビーンが得られる。,@Null@
79021,私から飴を食べると、私の友達になるんだ（30日）,使用：期間限定でこのパターンをアンロックする。このパターンが永久的にアンロックされた場合、いくつかのミニビーンが得られる。,@Null@
79022,うなずく（30日）,使用：期間限定でこのパターンをアンロックする。このパターンが永久的にアンロックされた場合、いくつかのミニビーンが得られる。,@Null@
79023,200キロのパンダのように泣いてる（30日）,使用：期間限定でこのパターンをアンロックする。このパターンが永久的にアンロックされた場合、いくつかのミニビーンが得られる。,@Null@
79024,クリスマスを一緒に過ごせますか？（30日）,使用：期間限定でこのパターンをアンロックする。このパターンが永久的にアンロックされた場合、いくつかのミニビーンが得られる。,@Null@
79025,私のクリスマスプレゼントはどこにありますか？（30日）,使用：期間限定でこのパターンをアンロックする。このパターンが永久的にアンロックされた場合、いくつかのミニビーンが得られる。,@Null@
80000,@Null@,@Null@,@Null@
80001,涼しい剣（3日）,"使用：この武器スキンを3日間使用できるようにする。
 すでにこの武器スキンを永久アンロックしている場合、ミニビーンをいくつか獲得。",@Null@
80002,ミルクキャンディー拳銃（3日）,"使用：この武器スキンを3日間使用できるようにする。
 すでにこの武器スキンを永久アンロックしている場合、ミニビーンをいくつか獲得。",@Null@
80003,レモンティー狙撃铳（3日）,"使用：この武器スキンを3日間使用できるようにする。
 すでにこの武器スキンを永久アンロックしている場合、ミニビーンをいくつか獲得。",@Null@
80004,小さなポテト重機関銃（3日）,"使用：この武器スキンを3日間使用できるようにする。
 すでにこの武器スキンを永久アンロックしている場合、ミニビーンをいくつか獲得。",@Null@
80005,ビクターホットドッグ自動小銃（3日）,"使用：この武器スキンを3日間使用できるようにする。
 すでにこの武器スキンを永久アンロックしている場合、ミニビーンをいくつか獲得。",@Null@
80006,チョコクリスプ剣（3日）,"使用：この武器スキンを3日間使用できるようにする。
 すでにこの武器スキンを永久アンロックしている場合、ミニビーンをいくつか獲得。",@Null@
80007,抹茶ダブルロータリー拳銃（3日）,"使用：この武器スキンを3日間使用できるようにする。
 すでにこの武器スキンを永久アンロックしている場合、ミニビーンをいくつか獲得。",@Null@
80008,サンダーバード狙撃铳（3日）,"使用：この武器スキンを3日間使用できるようにする。
 すでにこの武器スキンを永久アンロックしている場合、ミニビーンをいくつか獲得。",@Null@
80009,甘酸っぱいポテト重機関銃（3日）,"使用：この武器スキンを3日間使用できるようにする。
 すでにこの武器スキンを永久アンロックしている場合、ミニビーンをいくつか獲得。",@Null@
80010,トンプソンホットドッグ自動小銃（3日）,"使用：この武器スキンを3日間使用できるようにする。
 すでにこの武器スキンを永久アンロックしている場合、ミニビーンをいくつか獲得。",@Null@
80011,ビクターホットドッグ自動小銃（3日）,"使用：この武器スキンを3日間使用できるようにする。
 すでにこの武器スキンを永久アンロックしている場合、ミニビーンをいくつか獲得。",@Null@
80012,梅狙撃銃(3日),"使用：この武器スキンを3日間使用できるようにする。
 すでにこの武器スキンを永久アンロックしている場合、ミニビーンをいくつか獲得。",@Null@
80013,祥雲突撃銃(3日),"使用：この武器スキンを3日間使用できるようにする。
 すでにこの武器スキンを永久アンロックしている場合、ミニビーンをいくつか獲得。",@Null@
80014,吉利サブマシンガン(3日),"使用：この武器スキンを3日間使用できるようにする。
 すでにこの武器スキンを永久アンロックしている場合、ミニビーンをいくつか獲得。",@Null@
80015,深雪サブマシンガン(3日),"使用：この武器スキンを3日間使用できるようにする。
 すでにこの武器スキンを永久アンロックしている場合、ミニビーンをいくつか獲得。",@Null@
80016,氷花サブマシンガン(3日),"使用：この武器スキンを3日間使用できるようにする。
 すでにこの武器スキンを永久アンロックしている場合、ミニビーンをいくつか獲得。",@Null@
80017,招福刀(3日),"使用：この武器スキンを3日間使用できるようにする。
 すでにこの武器スキンを永久アンロックしている場合、ミニビーンをいくつか獲得。",@Null@
80018,砂糖ひょうたん剣(3日),"使用：この武器スキンを3日間使用できるようにする。
 すでにこの武器スキンを永久アンロックしている場合、ミニビーンをいくつか獲得。",@Null@
80019,マグロの剣(3日),"使用：この武器スキンを3日間使用できるようにする。
 すでにこの武器スキンを永久アンロックしている場合、ミニビーンをいくつか獲得。",@Null@
80020,魔傘雪剣(3日),"使用：この武器スキンを3日間使用できるようにする。
 すでにこの武器スキンを永久アンロックしている場合、ミニビーンをいくつか獲得。",@Null@
80021,竜首狙撃銃(3日),"使用：この武器スキンを3日間使用できるようにする。
 すでにこの武器スキンを永久アンロックしている場合、ミニビーンをいくつか獲得。",@Null@
80022,極凍結狙撃銃(3日),"使用：この武器スキンを3日間使用できるようにする。
 すでにこの武器スキンを永久アンロックしている場合、ミニビーンをいくつか獲得。",@Null@
80023,速氷狙撃銃(3日),"使用：この武器スキンを3日間使用できるようにする。
 すでにこの武器スキンを永久アンロックしている場合、ミニビーンをいくつか獲得。",@Null@
80024,獅子獣重機関銃(3日),"使用：この武器スキンを3日間使用できるようにする。
 すでにこの武器スキンを永久アンロックしている場合、ミニビーンをいくつか獲得。",@Null@
80025,竜魚重機関銃(3日),"使用：この武器スキンを3日間使用できるようにする。
 すでにこの武器スキンを永久アンロックしている場合、ミニビーンをいくつか獲得。",@Null@
80026,翼砕氷重機関銃(3日),"使用：この武器スキンを3日間使用できるようにする。
 すでにこの武器スキンを永久アンロックしている場合、ミニビーンをいくつか獲得。",@Null@
80027,わんこ骨重機関銃(3日),"使用：この武器スキンを3日間使用できるようにする。
 すでにこの武器スキンを永久アンロックしている場合、ミニビーンをいくつか獲得。",@Null@
80028,空突破左輪(3日),"使用：この武器スキンを3日間使用できるようにする。
 すでにこの武器スキンを永久アンロックしている場合、ミニビーンをいくつか獲得。",@Null@
80029,萌虎左輪(3日),"使用：この武器スキンを3日間使用できるようにする。
 すでにこの武器スキンを永久アンロックしている場合、ミニビーンをいくつか獲得。",@Null@
80030,雪だるま左輪(3日),"使用：この武器スキンを3日間使用できるようにする。
 すでにこの武器スキンを永久アンロックしている場合、ミニビーンをいくつか獲得。",@Null@
80031,観星左輪(3日),"使用：この武器スキンを3日間使用できるようにする。
 すでにこの武器スキンを永久アンロックしている場合、ミニビーンをいくつか獲得。",@Null@
80032,@Null@,@Null@,@Null@
80033,@Null@,@Null@,@Null@
80034,抹茶小豆シャベル（3日）,"使用：この武器スキンを3日間使用できるようにする。
 すでにこの武器スキンを永久アンロックしている場合、ミニビーンをいくつか獲得。",@Null@
80035,ステーキトマホーク（3日）,"使用：この武器スキンを3日間使用できるようにする。
 すでにこの武器スキンを永久アンロックしている場合、ミニビーンをいくつか獲得。",@Null@
80036,アイスクリームドリル（3日）,"使用：この武器スキンを3日間使用できるようにする。
 すでにこの武器スキンを永久アンロックしている場合、ミニビーンをいくつか獲得。",@Null@
80037,@Null@,@Null@,@Null@
80038,@Null@,@Null@,@Null@
80039,@Null@,@Null@,@Null@
80040,@Null@,@Null@,@Null@
80041,四つ葉のクローバーサブマシンガン（3日）,使用：3日間この武器スキンを使います。もし既にこの武器スキン（永久）をアンロックすれば、一部のミニビーンをもらいます。,@Null@
80042,温室デイライトソード（3日）,使用：3日間この武器スキンを使います。もし既にこの武器スキン（永久）をアンロックすれば、一部のミニビーンをもらいます。,@Null@
80043,遺伝子組換え電気ドリルニンジン（3日）,使用：3日間この武器スキンを使います。もし既にこの武器スキン（永久）をアンロックすれば、一部のミニビーンをもらいます。,@Null@
80044,制御不能なひまわりガトリング（3日）,使用：3日間この武器スキンを使います。もし既にこの武器スキン（永久）をアンロックすれば、一部のミニビーンをもらいます。,@Null@
80045,ブルーフレイム重機関銃（3日）,使用:この武器のスキン3日間の使用時間を取得します。ドレスが永久にロック解除されている場合は、ミニビーンズを入手してください。,
80046,アズールスナイパーガン（3日）,使用:この武器のスキン3日間の使用時間を取得します。ドレスが永久にロック解除されている場合は、ミニビーンズを入手してください。,
80047,フラッシュチェーンソー（3日）,使用:この武器のスキン3日間の使用時間を取得します。ドレスが永久にロック解除されている場合は、ミニビーンズを入手してください。,
80048,ブルードリル（3日）,使用:この武器のスキン3日間の使用時間を取得します。ドレスが永久にロック解除されている場合は、ミニビーンズを入手してください。,
80049,大男ハンマー（3日）,使用法:この武器のスキン3日間の使用時間を取得します。ドレスが永久にロック解除されている場合は、ミニビーンズを入手してください。,
80050,ピーチハートの剣（3日）,使用:この武器のスキン3日間の使用時間を取得します。ドレスが永久にロック解除されている場合は、ミニビーンズを入手してください。,
80051,バイオレットサブマシンガン（3日）,使用:この武器のスキン3日間の使用時間を取得します。ドレスが永久にロック解除されている場合は、ミニビーンズを入手してください。,
80052,フラワーコールド重機関銃（3日）,使用:この武器のスキン3日間の使用時間を取得します。ドレスが永久にロック解除されている場合は、ミニビーンズを入手してください。,
80053,アゲハスナイパーガン（3日）,使用:この武器のスキン3日間の使用時間を取得します。ドレスが永久にロック解除されている場合は、ミニビーンズを入手してください。,
80054,蝶恋花デニムリボルバー（3日）,使用:この武器のスキン3日間の使用時間を取得します。ドレスが永久にロック解除されている場合は、ミニビーンズを入手してください。,
80055,芳心刈り入れ鎌(3日),使用:この武器のスキン3日間の使用時間を取得します。ドレスが永久にロック解除されている場合は、ミニビーンズを入手してください。,
80056,萌え虎シャベル（3日）,使用:この武器のスキン3日間の使用時間を取得します。ドレスが永久にロック解除されている場合は、ミニビーンズを入手してください。,
80057,アンカー海水銃（3日）,使用:この武器のスキン3日間の使用時間を取得します。ドレスが永久にロック解除されている場合は、ミニビーンズを入手してください。,
80058,覇気舵斧（3日）,使用:この武器のスキン3日間の使用時間を取得します。ドレスが永久にロック解除されている場合は、ミニビーンズを入手してください。,
80059,パールシェルシャベル（3日）,使用:この武器のスキン3日間の使用時間を取得します。ドレスが永久にロック解除されている場合は、ミニビーンズを入手してください。,
80060,甘いクマのハンマー（3日）,使用:この武器のスキン3日間の使用時間を取得します。ドレスが永久にロック解除されている場合は、ミニビーンズを入手してください。,
80061,キャンディ剣（3日）,使用:この武器のスキン3日間の使用時間を取得します。ドレスが永久にロック解除されている場合は、ミニビーンズを入手してください。,
80062,ガチャ重機関銃（3日）,使用:この武器のスキン3日間の使用時間を取得します。ドレスが永久にロック解除されている場合は、ミニビーンズを入手してください。,
80063,爆弾冷凍狙撃銃（3日）,使用:この武器のスキン3日間の使用時間を取得します。ドレスが永久にロック解除されている場合は、ミニビーンズを入手してください。,
80064,スノートップスウィートアックス（3日）,使用:この武器のスキン3日間の使用時間を取得します。ドレスが永久にロック解除されている場合は、ミニビーンズを入手してください。,
80065,ビーチスライドシャベル（3日）,使用:この武器のスキン3日間の使用時間を取得します。ドレスが永久にロック解除されている場合は、ミニビーンズを入手してください。,
80066,鷹魂太刀（3日）,使用:この武器のスキン3日間の使用時間を取得します。ドレスが永久にロック解除されている場合は、ミニビーンズを入手してください。,
80067,翼幅ゼリースナイパー（3日）,使用:この武器のスキン3日間の使用時間を取得します。ドレスが永久にロック解除されている場合は、ミニビーンズを入手してください。,
80068,ドラゴンホーサブマシンガン（3日）,使用:この武器のスキン3日間の使用時間を取得します。ドレスが永久にロック解除されている場合は、ミニビーンズを入手してください。,
80069,イーグルアイリボルバー（3日）,使用:この武器のスキン3日間の使用時間を取得します。ドレスが永久にロック解除されている場合は、ミニビーンズを入手してください。,
80070,火の結晶サブマシンガン（3日）,使用:この武器のスキン3日間の使用時間を取得します。ドレスが永久にロック解除されている場合は、ミニビーンズを入手してください。,
80071,赤瞳の凍スナイパーライフル（3日）,使用:この武器のスキン3日間の使用時間を取得します。ドレスが永久にロック解除されている場合は、ミニビーンズを入手してください。,
80072,灼熱の翼アクス（3日）,使用:この武器のスキン3日間の使用時間を取得します。ドレスが永久にロック解除されている場合は、ミニビーンズを入手してください。,
80073,フェニックス羽炎リボルバー（3日）,使用:この武器のスキン3日間の使用時間を取得します。ドレスが永久にロック解除されている場合は、ミニビーンズを入手してください。,
80074,きらめく太刀（3日）,使用:この武器のスキン3日間の使用時間を取得します。ドレスが永久にロック解除されている場合は、ミニビーンズを入手してください。,
80075,カラフルなダイヤモンドピック（3日）,使用:この武器のスキン3日間の使用時間を取得します。ドレスが永久にロック解除されている場合は、ミニビーンズを入手してください。,
80076,シャドウスター重機関銃（3日）,使用:この武器のスキン3日間の使用時間を取得します。ドレスが永久にロック解除されている場合は、ミニビーンズを入手してください。,
80077,虹のシャベル（3日）,使用:この武器のスキン3日間の使用時間を取得します。ドレスが永久にロック解除されている場合は、ミニビーンズを入手してください。,
80078,光の大剣（3日）,使用：3日間この武器スキンを使います。もし既にこの武器スキン（永久）をアンロックすれば、一部のミニビーンをもらいます。,
80079,聖の裁定狙撃銃（3日）,使用：3日間この武器スキンを使います。もし既にこの武器スキン（永久）をアンロックすれば、一部のミニビーンをもらいます。,
80080,聖クリスタル重機関銃（3日）,使用：3日間この武器スキンを使います。もし既にこの武器スキン（永久）をアンロックすれば、一部のミニビーンをもらいます。,
80081,光翼クロスソード（3日）,使用：3日間この武器スキンを使います。もし既にこの武器スキン（永久）をアンロックすれば、一部のミニビーンをもらいます。,
80082,蝶フリフリ狙撃銃（3日）,使用：3日間この武器スキンを使います。もし既にこの武器スキン（永久）をアンロックすれば、一部のミニビーンをもらいます。,
80083,幻蝶重機関銃（3日）,使用：3日間この武器スキンを使います。もし既にこの武器スキン（永久）をアンロックすれば、一部のミニビーンをもらいます。,
80084,蝶の心ドリル（3日）,使用：3日間この武器スキンを使います。もし既にこの武器スキン（永久）をアンロックすれば、一部のミニビーンをもらいます。,
80085,蝶の星シャベル（3日）,使用：3日間この武器スキンを使います。もし既にこの武器スキン（永久）をアンロックすれば、一部のミニビーンをもらいます。,
80086,蝶の香り付けた斧（3日）,使用：3日間この武器スキンを使います。もし既にこの武器スキン（永久）をアンロックすれば、一部のミニビーンをも,
80087,蝶の夢自動小銃（3日）,使用：3日間この武器スキンを使います。もし既にこの武器スキン（永久）をアンロックすれば、一部のミニビーンをもらいます。,
80088,星屑の月自動小銃（3日）,使用：3日間この武器スキンを使います。もし既にこの武器スキン（永久）をアンロックすれば、一部のミニビーンをもらいます。,
80089,スタークリスタルドリル（3日）,使用：3日間この武器スキンを使います。もし既にこの武器スキン（永久）をアンロックすれば、一部のミニビーンをもらいます。,
80090,月の占星ボール重機関銃（3日）,使用：3日間この武器スキンを使います。もし既にこの武器スキン（永久）をアンロックすれば、一部のミニビーンをもらいます。,
80091,二つ月シャベル（3日）,使用：3日間この武器スキンを使います。もし既にこの武器スキン（永久）をアンロックすれば、一部のミニビーンをもらいます。,
80092,四合星陣狙撃銃（3日）,使用：3日間この武器スキンを使います。もし既にこの武器スキン（永久）をアンロックすれば、一部のミニビーンをもらいます。,
80093,アストラルフェイ剣（3日）,使用：3日間この武器スキンを使います。もし既にこの武器スキン（永久）をアンロックすれば、一部のミニビーンをもらいます。,
80094,サマーフワフワ狙撃銃（3日）,使用：3日間この武器スキンを使います。もし既にこの武器スキン（永久）をアンロックすれば、一部のミニビーンをもらいます。,
80095,雲フワフワ重機関銃（3日）,使用：3日間この武器スキンを使います。もし既にこの武器スキン（永久）をアンロックすれば、一部のミニビーンをもらいます。,
80096,ウサギの槌（3日）,使用：3日間この武器スキンを使います。もし既にこの武器スキン（永久）をアンロックすれば、一部のミニビーンをもらいます。,
80097,ウサギベイビー重機関銃（3日）,使用：3日間この武器スキンを使います。もし既にこの武器スキン（永久）をアンロックすれば、一部のミニビーンをもらいます。,
80098,月宮金桂シャベル（3日）,使用：3日間この武器スキンを使います。もし既にこの武器スキン（永久）をアンロックすれば、一部のミニビーンをもらいます。,
80099,弦月雲狙撃銃（3日）,使用：3日間この武器スキンを使います。もし既にこの武器スキン（永久）をアンロックすれば、一部のミニビーンをもらいます。,
80100,竹の剣（3日）,使用：3日間この武器スキンを使います。もし既にこの武器スキン（永久）をアンロックすれば、一部のミニビーンをもらいます。,
80101,青竹の鎌（3日）,使用：3日間この武器スキンを使います。もし既にこの武器スキン（永久）をアンロックすれば、一部のミニビーンをもらいます。,
80102,骨柄コウモリのシャベル（3日）,使用：3日間この武器スキンを使います。もし既にこの武器スキン（永久）をアンロックすれば、一部のミニビーンをもらいます。,
80103,ブラッドクロス狙撃銃（3日）,使用：3日間この武器スキンを使います。もし既にこの武器スキン（永久）をアンロックすれば、一部のミニビーンをもらいます。,
80104,コウモリ翼の剣（3日）,使用：3日間この武器スキンを使います。もし既にこの武器スキン（永久）をアンロックすれば、一部のミニビーンをもらいます。,
80105,ピンククマのリボン剣（3日）,使用：3日間この武器スキンを使います。もし既にこの武器スキン（永久）をアンロックすれば、一部のミニビーンをもらいます。,
80106,冷凍ミントアックス（3日）,使用：3日間この武器スキンを使います。もし既にこの武器スキン（永久）をアンロックすれば、一部のミニビーンをもらいます。,
80107,キャンディ機関短銃（3日）,使用：3日間この武器スキンを使います。もし既にこの武器スキン（永久）をアンロックすれば、一部のミニビーンをもらいます。,
80108,ジンジャーブレッドスターハートシャベル（3日）,使用：武器スキンを入手3日間の使用時間。この衣装を永久にロック解除した場合、ミニ豆を入手し。,
80109,ジングルベルクリスマスツリー剣（3日）,使用：武器スキンを入手3日間の使用時間。この衣装を永久にロック解除した場合、ミニ豆を入手し。,
80110,ゼンマイキャンディサブマシンガン（3日）,使用：武器スキンを入手3日間の使用時間。この衣装を永久にロック解除した場合、ミニ豆を入手し。,
80111,ヘラジカ照準狙撃銃（3日間）,：を使ってこの武器の皮膚を手に入れて3日間の使用時間。この服装を永久にロック解除した場合、ミニ豆を手に入れ。,
80112,火兎は福短銃を送っ（3日間）,：を使ってこの武器の皮膚を手に入れて3日間の使用時間。この服装を永久にロック解除した場合、ミニ豆を手に入れ。,
80113,火力猛兎つるはし（3日）,：を使ってこの武器の皮膚を手に入れて3日間の使用時間。この服装を永久にロック解除した場合、ミニ豆を手に入れ。,
80114,爆竹迎春重機関銃（3日）,：を使ってこの武器の皮膚を手に入れて3日間の使用時間。この服装を永久にロック解除した場合、ミニ豆を手に入れ。,
80115,金兎波シャベル（3日間）,：を使ってこの武器の皮膚を手に入れて3日間の使用時間。この服装を永久にロック解除した場合、ミニ豆を手に入れ。,
80116,花火バニースナイパー（3日間）,：を使ってこの武器の皮膚を手に入れて3日間の使用時間。この服装を永久にロック解除した場合、ミニ豆を手に入れ。,
80117,金大根の刃斧（3日）,：を使ってこの武器の皮膚を手に入れて3日間の使用時間。この服装を永久にロック解除した場合、ミニ豆を手に入れ。,
80118,ドリルつぼみ飛花短銃（3日）,：を使ってこの武器の皮膚を手に入れて3日間の使用時間。この服装を永久にロック解除した場合、ミニ豆を手に入れ。,
80119,粉芯花ちまきドリル（3日）,：を使ってこの武器の皮膚を手に入れて3日間の使用時間。この服装を永久にロック解除した場合、ミニ豆を手に入れ。,
80120,セミの翼の薄葉（3日間）,：を使ってこの武器の皮膚を手に入れて3日間の使用時間。この服装を永久にロック解除した場合、ミニ豆を手に入れ。,
80121,新年の爆竹リボルバー（3日）,使用：武器スキンを入手3日間の使用時間。この衣装を永久にロック解除した場合、ミニ豆を入手し。,
80122,夢旅歌狙撃銃（3日）,：を使ってこの武器の皮膚を手に入れて3日間の使用時間。この服装を永久にロック解除した場合、ミニ豆を手に入れ。,
80123,ゴールデンエース重機関銃（3日）,：を使ってこの武器の皮膚を手に入れて3日間の使用時間。この服装を永久にロック解除した場合、ミニ豆を手に入れ。,
80124,スチームゴールドラッシュビット（3日）,：を使ってこの武器の皮膚を手に入れて3日間の使用時間。この服装を永久にロック解除した場合、ミニ豆を手に入れ。,
80125,燃えるパワーゼンマイ剣（3日）,：を使ってこの武器の皮膚を手に入れて3日間の使用時間。この服装を永久にロック解除した場合、ミニ豆を手に入れ。,
80126,仙風は金のハンマーの周り（3日間）,：を使ってこの武器の皮膚を手に入れて3日間の使用時間。この服装を永久にロック解除した場合、ミニ豆を手に入れ。,
80127,翠谷暁日狙撃銃（3日）,使用：武器スキンを入手3日間の使用時間。この衣装を永久にロック解除した場合、ミニ豆を入手し。,
80128,嶺月紅刀（3日）,使用：武器スキンを入手3日間の使用時間。この衣装を永久にロック解除した場合、ミニ豆を入手し。,
80129,弦月流雲斧（3日）,：を使ってこの武器の皮膚を手に入れて3日間の使用時間。この服装を永久にロック解除した場合、ミニ豆を手に入れ。,
80130,幽谷雲浪シャベル（3日）,：を使ってこの武器の皮膚を手に入れて3日間の使用時間。この服装を永久にロック解除した場合、ミニ豆を手に入れ。,
80131,雲涛聖境左輪（3日）,：を使ってこの武器の皮膚を手に入れて3日間の使用時間。この服装を永久にロック解除した場合、ミニ豆を手に入れ。,
80132,千連隊細蕊重機関銃（3日間）,：を使ってこの武器の皮膚を手に入れて3日間の使用時間。この服装を永久にロック解除した場合、ミニ豆を手に入れ。,
80133,カウボーイ保安官サブマシンガン（3日）,：を使ってこの武器の皮膚を手に入れて3日間の使用時間。この服装を永久にロック解除した場合、ミニ豆を手に入れ。,
80134,紫陽花月刀（3日）,使用：武器スキンを入手3日間の使用時間。この衣装を永久にロック解除した場合、ミニ豆を入手し。,
80135,爆発星短銃（3日）,：を使ってこの武器の皮膚を手に入れて3日間の使用時間。この服装を永久にロック解除した場合、ミニ豆を手に入れ。,
80136,バージョンが低すぎる,：を使ってこの武器の皮膚を手に入れて3日間の使用時間。この服装を永久にロック解除した場合、ミニ豆を手に入れ。,
80137,バージョンが低すぎる,：を使ってこの武器の皮膚を手に入れて3日間の使用時間。この服装を永久にロック解除した場合、ミニ豆を手に入れ。,
80138,バージョンが低すぎる,：を使ってこの武器の皮膚を手に入れて3日間の使用時間。この服装を永久にロック解除した場合、ミニ豆を手に入れ。,
80139,バージョンが低すぎる,：を使ってこの武器の皮膚を手に入れて3日間の使用時間。この服装を永久にロック解除した場合、ミニ豆を手に入れ。,
80140,バージョンが低すぎる,：を使ってこの武器の皮膚を手に入れて3日間の使用時間。この服装を永久にロック解除した場合、ミニ豆を手に入れ。,
80141,琉光タイドソード（3日）,使用：3日間この武器スキンを使います。もし既にこの武器スキン（永久）をアンロックすれば、一部のミニビーンをもらいます。,
80142,滄海月珠突撃銃（3日）,使用：3日間この武器スキンを使います。もし既にこの武器スキン（永久）をアンロックすれば、一部のミニビーンをもらいます。,
80143,鮫人の涙狙撃銃（3日）,使用：3日間この武器スキンを使います。もし既にこの武器スキン（永久）をアンロックすれば、一部のミニビーンをもらいます。,
80144,コウモリの鎌（3日）,使用：3日間この武器スキンを使います。もし既にこの武器スキン（永久）をアンロックすれば、一部のミニビーンをもらいます。,
80145,星の壊れた斧（3日）,使用：3日間この武器スキンを使います。もし既にこの武器スキン（永久）をアンロックすれば、一部のミニビーンをもらいます。,
80146,蓮華烈火重機関銃（3日）,使用：3日間この武器スキンを使います。もし既にこの武器スキン（永久）をアンロックすれば、一部のミニビーンをもらいます。,
80147,蓮華疾風剣（3日）,使用：3日間この武器スキンを使います。もし既にこの武器スキン（永久）をアンロックすれば、一部のミニビーンをもらいます。,
80148,蒲草青緑シャベル（3日間）,使用：3日間この武器スキンを使います。もし既にこの武器スキン（永久）をアンロックすれば、一部のミニビーンをもらいます。,
80149,かわいい恐竜ハンマー (3日),この塗装パターンを永久に解除し、ペイントシステムで確認できます。すでにこのパターンを永久に解除している場合、ミニ豆をいくつか入手します。,
80150,赤羽マシンガン (3日),3日間ウェポンスキン入手。永久ロック解除でMini Beans。,
80151,赤い袖のメープルナイフ (3 日),3日間ウェポンスキン入手。永久ロック解除でMini Beans。,
80152,花の香りのシャベル (3日間),3日間ウェポンスキン入手。永久ロック解除でMini Beans。,
80153,ブルーリボルバー（3日間）,3日間ウェポンスキン入手。永久ロック解除でMini Beans。,
80154,氷の剣（3日）,3日間ウェポンスキン入手。永久ロック解除でMini Beans。,
80155,パープルスターピストル (3日),3日間ウェポンスキン入手。永久ロック解除でMini Beans。,
80156,アズール・ハンマー (3日),3日間ウェポンスキン入手。永久ロック解除でMini Beans。,
80157,シトリンマシンガン (3 日間),3日間ウェポンスキン入手。永久ロック解除でMini Beans。,
80158,惑星セプター (3日),3日間ウェポンスキン入手。永久ロック解除でMini Beans。,
80159,流年目盛り剣（3日）,使用：武器スキンを入手3日間の使用時間。この衣装を永久にロック解除した場合、ミニ豆を入手し。,
80160,流年砂時計ハンマー（3日）,使用：武器スキンを入手3日間の使用時間。この衣装を永久にロック解除した場合、ミニ豆を入手し。,
80161,流年時光重機関銃（3日）,使用：武器スキンを入手3日間の使用時間。この衣装を永久にロック解除した場合、ミニ豆を入手し。,
80162,古韻・筆剣（3日）,使用：この武器スキンを3日使用可能。すでにこのスキンを永久解放した場合、代わりにミニビーンを獲得します。,
80163,古韻・筆ハンマー（3日）,使用：この武器スキンを3日使用可能。すでにこのスキンを永久解放した場合、代わりにミニビーンを獲得します。,
80164,古韻・巻物狙撃銃（3日）,使用：この武器スキンを3日使用可能。すでにこのスキンを永久解放した場合、代わりにミニビーンを獲得します。,
80165,渡夢剣（3日）,使用：この武器スキンを3日使用可能。すでにこのスキンを永久解放した場合、代わりにミニビーンを獲得します。,
80166,月錦斧（3日）,使用：この武器スキンを3日使用可能。すでにこのスキンを永久解放した場合、代わりにミニビーンを獲得します。,
80167,赤霄ハンマー（3日）,使用：この武器スキンを3日使用可能。すでにこのスキンを永久解放した場合、代わりにミニビーンを獲得します。,
80168,クリスマスキャンディ仕込み刀（3日）,使用：この武器スキンを3日使用可能。すでにこのスキンを永久解放した場合、代わりにミニビーンを獲得します。,
80169,クリスマスグローブシャベル(3日),使用：この武器スキンを3日使用可能。すでにこのスキンを永久解放した場合、代わりにミニビーンを獲得します。,
80170,クリスマスシフゾウ狙撃銃（3日）,使用：この武器スキンを3日使用可能。すでにこのスキンを永久解放した場合、代わりにミニビーンを獲得します。,
80171,青碧の狙撃銃（3日）,使用：この武器スキンを3日使用可能。すでにこのスキンを永久解放した場合、代わりにミニビーンを獲得します。,
80172,影の刃（3日）,使用：この武器スキンを3日使用可能。すでにこのスキンを永久解放した場合、代わりにミニビーンを獲得します。,
80173,美食シャベル（3日）,使用：この武器スキンを3日使用可能。すでにこのスキンを永久解放した場合、代わりにミニビーンを獲得します。,
80174,緋色炎竜重機関銃（3日）,使用：この武器スキンを3日使用可能。すでにこのスキンを永久解放した場合、代わりにミニビーンを獲得します。,
80175,炎竜咆哮狙撃銃(3日),使用：この武器スキンを3日使用可能。すでにこのスキンを永久解放した場合、代わりにミニビーンを獲得します。,
80176,軒轅屠龍剣(3日),使用：この武器スキンを3日使用可能。すでにこのスキンを永久解放した場合、代わりにミニビーンを獲得します。,
80177,巨竜赤焔斧(3日),使用：この武器スキンを3日使用可能。すでにこのスキンを永久解放した場合、代わりにミニビーンを獲得します。,
80178,幻霊焔狙撃銃(3日),使用：この武器スキンを3日使用可能。すでにこのスキンを永久解放した場合、代わりにミニビーンを獲得します。,
80179,星空魔法陣回転式拳銃(3日),使用：この武器スキンを3日使用可能。すでにこのスキンを永久解放した場合、代わりにミニビーンを獲得します。,
80180,虚空の斧（3日）,使用：この武器スキンを3日使用可能。すでにこのスキンを永久解放した場合、代わりにミニビーンを獲得します。,
80181,金鯉回転式拳銃(3日),使用：この武器スキンを3日使用可能。すでにこのスキンを永久解放した場合、代わりにミニビーンを獲得します。,
80182,双鯉重機関銃（3日）,使用：この武器スキンを3日使用可能。すでにこのスキンを永久解放した場合、代わりにミニビーンを獲得します。,
80183,金鯉魚口狙撃銃(3日),使用：この武器スキンを3日使用可能。すでにこのスキンを永久解放した場合、代わりにミニビーンを獲得します。,
80184,金鯉団ら斧(3日),使用：この武器スキンを3日使用可能。すでにこのスキンを永久解放した場合、代わりにミニビーンを獲得します。,
80185,金鯉瓢箪ハンマー(3日),使用：この武器スキンを3日使用可能。すでにこのスキンを永久解放した場合、代わりにミニビーンを獲得します。,
80186,金鯉の鰭剣(3日),使用：この武器スキンを3日使用可能。すでにこのスキンを永久解放した場合、代わりにミニビーンを獲得します。,
80187,,,
80188,,,
80189,,,
80190,,,
80191,,,
80192,,,
80193,タイドブレード（3日間）,使用すると3日間スキンを入手できます。スキンが永続的にロック解除されている場合は、ミニビーンを入手できます。,
80194,ウェーブショベル（3日間）,使用すると3日間スキンを入手できます。スキンが永続的にロック解除されている場合は、ミニビーンを入手できます。,
80195,タイドロアー スナイパーライフル(3日),使用すると3日間スキンを入手できます。スキンが永続的にロック解除されている場合は、ミニビーンを入手できます。,
80196,タイドフューリーマシンガン(3日間),使用すると3日間スキンを入手できます。スキンが永続的にロック解除されている場合は、ミニビーンを入手できます。,
80197,ドラゴンハントの斧（3日間）,使用すると3日間スキンを入手できます。スキンが永続的にロック解除されている場合は、ミニビーンを入手できます。,
80198,シャークハントキャノン(3日間),使用すると3日間スキンを入手できます。スキンが永続的にロック解除されている場合は、ミニビーンを入手できます。,
80199,スティールフィンスナイパー(3日間),使用すると3日間スキンを入手できます。スキンが永続的にロック解除されている場合は、ミニビーンを入手できます。,
80200,シャーク シャドウ ブレード (3 日間),使用すると3日間スキンを入手できます。スキンが永続的にロック解除されている場合は、ミニビーンを入手できます。,
80201,,,
80202,,,
80203,,,
80204,,,
80205,,,
80206,,,
80207,,,
80208,,,
80209,,,
80210,,,
80211,,,
80212,,,
80213,,,
80214,,,
80215,,,
80216,,,
80217,,,
80218,,,
80219,歯磨きピストル P/S(3 日間),"使用：この武器スキンを3日間使用できるようにする。
 すでにこの武器スキンを永久アンロックしている場合、ミニビーンをいくつか獲得。",
80220,歯ブラシ P/S 斧(3 日間),"使用：この武器スキンを3日間使用できるようにする。
 すでにこの武器スキンを永久アンロックしている場合、ミニビーンをいくつか獲得。",
82000,@Null@,@Null@,@Null@
82001,涼しい剣,"使用：この武器スキンを永久アンロックする。
 すでにこの武器スキンを永久アンロックしている場合、ミニビーンをいくつか獲得。",@Null@
82002,ミルクキャンディー拳銃,"使用：この武器スキンを永久アンロックする。
 すでにこの武器スキンを永久アンロックしている場合、ミニビーンをいくつか獲得。",@Null@
82003,レモンティー狙撃铳,"使用：この武器スキンを永久アンロックする。
 すでにこの武器スキンを永久アンロックしている場合、ミニビーンをいくつか獲得。",@Null@
82004,小さなポテト重機関銃,"使用：この武器スキンを永久アンロックする。
 すでにこの武器スキンを永久アンロックしている場合、ミニビーンをいくつか獲得。",@Null@
82005,ビクターホットドッグ自動小銃,"使用：この武器スキンを永久アンロックする。
 すでにこの武器スキンを永久アンロックしている場合、ミニビーンをいくつか獲得。",@Null@
82006,チョコクリスプ剣,"使用：この武器スキンを永久アンロックする。
 すでにこの武器スキンを永久アンロックしている場合、ミニビーンをいくつか獲得。",@Null@
82007,抹茶ダブルロータリー拳銃,"使用：この武器スキンを永久アンロックする。
 すでにこの武器スキンを永久アンロックしている場合、ミニビーンをいくつか獲得。",@Null@
82008,サンダーバード狙撃铳,"使用：この武器スキンを永久アンロックする。
 すでにこの武器スキンを永久アンロックしている場合、ミニビーンをいくつか獲得。",@Null@
82009,甘酸っぱいポテト重機関銃,"使用：この武器スキンを永久アンロックする。
 すでにこの武器スキンを永久アンロックしている場合、ミニビーンをいくつか獲得。",@Null@
82010,トンプソンホットドッグ自動小銃,"使用：この武器スキンを永久アンロックする。
 すでにこの武器スキンを永久アンロックしている場合、ミニビーンをいくつか獲得。",@Null@
82011,梅狙撃銃,"使用：この武器スキンを永久アンロックする。
 すでにこの武器スキンを永久アンロックしている場合、ミニビーンをいくつか獲得。",@Null@
82012,祥雲突撃銃,"使用：この武器スキンを永久アンロックする。
 すでにこの武器スキンを永久アンロックしている場合、ミニビーンをいくつか獲得。",@Null@
82013,吉利サブマシンガン,"使用：この武器スキンを永久アンロックする。
 すでにこの武器スキンを永久アンロックしている場合、ミニビーンをいくつか獲得。",@Null@
82014,深雪サブマシンガン,"使用：この武器スキンを永久アンロックする。
 すでにこの武器スキンを永久アンロックしている場合、ミニビーンをいくつか獲得。",@Null@
82015,氷花サブマシンガン,"使用：この武器スキンを永久アンロックする。
 すでにこの武器スキンを永久アンロックしている場合、ミニビーンをいくつか獲得。",@Null@
82016,招福刀,"使用：この武器スキンを永久アンロックする。
 すでにこの武器スキンを永久アンロックしている場合、ミニビーンをいくつか獲得。",@Null@
82017,砂糖ひょうたん剣,"使用：この武器スキンを永久アンロックする。
 すでにこの武器スキンを永久アンロックしている場合、ミニビーンをいくつか獲得。",@Null@
82018,マグロの剣,"使用：この武器スキンを永久アンロックする。
 すでにこの武器スキンを永久アンロックしている場合、ミニビーンをいくつか獲得。",@Null@
82019,魔傘雪剣,"使用：この武器スキンを永久アンロックする。
 すでにこの武器スキンを永久アンロックしている場合、ミニビーンをいくつか獲得。",@Null@
82020,竜首狙撃銃,"使用：この武器スキンを永久アンロックする。
 すでにこの武器スキンを永久アンロックしている場合、ミニビーンをいくつか獲得。",@Null@
82021,極凍結狙撃銃,"使用：この武器スキンを永久アンロックする。
 すでにこの武器スキンを永久アンロックしている場合、ミニビーンをいくつか獲得。",@Null@
82022,速氷狙撃銃,"使用：この武器スキンを永久アンロックする。
 すでにこの武器スキンを永久アンロックしている場合、ミニビーンをいくつか獲得。",@Null@
82023,獅子獣重機関銃,"使用：この武器スキンを永久アンロックする。
 すでにこの武器スキンを永久アンロックしている場合、ミニビーンをいくつか獲得。",@Null@
82024,竜魚重機関銃,"使用：この武器スキンを永久アンロックする。
 すでにこの武器スキンを永久アンロックしている場合、ミニビーンをいくつか獲得。",@Null@
82025,翼砕氷重機関銃,"使用：この武器スキンを永久アンロックする。
 すでにこの武器スキンを永久アンロックしている場合、ミニビーンをいくつか獲得。",@Null@
82026,わんこ骨重機関銃,"使用：この武器スキンを永久アンロックする。
 すでにこの武器スキンを永久アンロックしている場合、ミニビーンをいくつか獲得。",@Null@
82027,空突破左輪,"使用：この武器スキンを永久アンロックする。
 すでにこの武器スキンを永久アンロックしている場合、ミニビーンをいくつか獲得。",@Null@
82028,萌虎左輪,"使用：この武器スキンを永久アンロックする。
 すでにこの武器スキンを永久アンロックしている場合、ミニビーンをいくつか獲得。",@Null@
82029,雪だるま左輪,"使用：この武器スキンを永久アンロックする。
 すでにこの武器スキンを永久アンロックしている場合、ミニビーンをいくつか獲得。",@Null@
82030,観星左輪,"使用：この武器スキンを永久アンロックする。
 すでにこの武器スキンを永久アンロックしている場合、ミニビーンをいくつか獲得。",@Null@
82031,@Null@,@Null@,@Null@
82032,@Null@,@Null@,@Null@
82033,抹茶小豆シャベル,"使用：この武器スキンを永久アンロックする。
 すでにこの武器スキンを永久アンロックしている場合、ミニビーンをいくつか獲得。",@Null@
82034,ステーキトマホーク,"使用：この武器スキンを永久アンロックする。
 すでにこの武器スキンを永久アンロックしている場合、ミニビーンをいくつか獲得。",@Null@
82035,アイスクリームドリル,"使用：この武器スキンを永久アンロックする。
 すでにこの武器スキンを永久アンロックしている場合、ミニビーンをいくつか獲得。",@Null@
82036,@Null@,@Null@,@Null@
82037,@Null@,@Null@,@Null@
82038,@Null@,@Null@,@Null@
82039,@Null@,@Null@,@Null@
82040,四つ葉のクローバーサブマシンガン,使用法：この武器のスキンを永久にロック解除します。このスキンを永久にロック解除した場合、ミニビーンを入手できます。,@Null@
82041,温室デイライトソード,使用法：この武器のスキンを永久にロック解除します。このスキンを永久にロック解除した場合、ミニビーンを入手できます。,@Null@
82042,遺伝子組換え電気ドリルニンジン,使用法：この武器のスキンを永久にロック解除します。このスキンを永久にロック解除した場合、ミニビーンを入手できます。,@Null@
82043,制御不能なひまわりガトリング,使用法：この武器のスキンを永久にロック解除します。このスキンを永久にロック解除した場合、ミニビーンを入手できます。,@Null@
82044,ブルーフレイム重機関銃,使用法：この武器のスキンを永久にロック解除します。このスキンを永久にロック解除した場合、ミニビーンを入手できます。,
82045,スカイブルー狙撃銃,使用法：この武器のスキンを永久にロック解除します。このスキンを永久にロック解除した場合、ミニビーンを入手できます。,
82046,フラッシュチェーンソー,使用法：この武器のスキンを永久にロック解除します。このスキンを永久にロック解除した場合、ミニビーンを入手できます。,
82047,青ドリル,使用法：この武器のスキンを永久にロック解除します。このスキンを永久にロック解除した場合、ミニビーンを入手できます。,
82048,大男ハンマー,使用法:この武器のスキンを永久にロック解除します。ドレスが永久にロック解除されている場合は、ミニビーンズを入手してください。,
82049,ピーチハートの剣,使用法:この武器のスキンを永久にロック解除します。ドレスが永久にロック解除されている場合は、ミニビーンズを入手してください。,
82050,バイオレットサブマシンガン,使用法:この武器のスキンを永久にロック解除します。ドレスが永久にロック解除されている場合は、ミニビーンズを入手してください。,
82051,花は冷たい重機関銃,使用法:この武器のスキンを永久にロック解除します。ドレスが永久にロック解除されている場合は、ミニビーンズを入手してください。,
82052,アゲハスナイパーガン,使用法:この武器のスキンを永久にロック解除します。ドレスが永久にロック解除されている場合は、ミニビーンズを入手してください。,
82053,バタフライ恋花デニムリボルバー,使用法:この武器のスキンを永久にロック解除します。ドレスが永久にロック解除されている場合は、ミニビーンズを入手してください。,
82054,芳心刈り入れ鎌,使用法:この武器のスキンを永久にロック解除します。ドレスが永久にロック解除されている場合は、ミニビーンズを入手してください。,
82055,萌え虎シャベル,使用法:この武器のスキンを永久にロック解除します。ドレスが永久にロック解除されている場合は、ミニビーンズを入手してください。,
82056,アンカー海水銃,使用法:この武器のスキンを永久にロック解除します。ドレスが永久にロック解除されている場合は、ミニビーンズを入手してください。,
82057,覇気舵斧,使用法:この武器のスキンを永久にロック解除します。ドレスが永久にロック解除されている場合は、ミニビーンズを入手してください。,
82058,パールシェルシャベル,使用法:この武器のスキンを永久にロック解除します。ドレスが永久にロック解除されている場合は、ミニビーンズを入手してください。,
82059,甘いクマのハンマー,使用法:この武器のスキンを永久にロック解除します。ドレスが永久にロック解除されている場合は、ミニビーンズを入手してください。,
82060,キャンディ剣,使用法:この武器のスキンを永久にロック解除します。ドレスが永久にロック解除されている場合は、ミニビーンズを入手してください。,
82061,ガチャ重機関銃,使用法:この武器のスキンを永久にロック解除します。ドレスが永久にロック解除されている場合は、ミニビーンズを入手してください。,
82062,爆弾冷凍狙撃銃,使用法:この武器のスキンを永久にロック解除します。ドレスが永久にロック解除されている場合は、ミニビーンズを入手してください。,
82063,スノートップスウィートアックス,使用法:この武器のスキンを永久にロック解除します。ドレスが永久にロック解除されている場合は、ミニビーンズを入手してください。,
82064,ビーチスライドシャベル,使用法:この武器のスキンを永久にロック解除します。ドレスが永久にロック解除されている場合は、ミニビーンズを入手してください。,
82065,鷹魂太刀,使用法:この武器のスキンを永久にロック解除します。ドレスが永久にロック解除されている場合は、ミニビーンズを入手してください。,
82066,翼幅ゼリー狙撃銃,使用法:この武器のスキンを永久にロック解除します。ドレスが永久にロック解除されている場合は、ミニビーンズを入手してください。,
82067,ドラゴンホーサブマシンガン,使用法:この武器のスキンを永久にロック解除します。ドレスが永久にロック解除されている場合は、ミニビーンズを入手してください。,
82068,イーグルアイリボルバー,使用法:この武器のスキンを永久にロック解除します。ドレスが永久にロック解除されている場合は、ミニビーンズを入手してください。,
82069,火の結晶サブマシンガン,使用法:この武器のスキンを永久にロック解除します。ドレスが永久にロック解除されている場合は、ミニビーンズを入手してください。,
82070,瞳のフロストスナイパーライフル,使用法:この武器のスキンを永久にロック解除します。ドレスが永久にロック解除されている場合は、ミニビーンズを入手してください。,
82071,灼熱の翼シャンクアックス,使用法:この武器のスキンを永久にロック解除します。ドレスが永久にロック解除されている場合は、ミニビーンズを入手してください。,
82072,フェニックスの炎のリボルバー,使用法:この武器のスキンを永久にロック解除します。ドレスが永久にロック解除されている場合は、ミニビーンズを入手してください。,
82073,カラフルな太刀,使用法:この武器のスキンを永久にロック解除します。ドレスが永久にロック解除されている場合は、ミニビーンズを入手してください。,
82074,カラフルなダイヤモンドのつるはし,使用法:この武器のスキンを永久にロック解除します。ドレスが永久にロック解除されている場合は、ミニビーンズを入手してください。,
82075,シャドウスター重機関銃,使用法:この武器のスキンを永久にロック解除します。ドレスが永久にロック解除されている場合は、ミニビーンズを入手してください。,
82076,虹のシャベル,使用法:この武器のスキンを永久にロック解除します。ドレスが永久にロック解除されている場合は、ミニビーンズを入手してください。,
82077,光の大剣,使用：この武器スキン（永久）をアンロックします。もし既にこの武器スキン（永久）をアンロックすれば、一部のミニビーンをもらいます。,
82078,聖の裁定狙撃銃,使用：この武器スキン（永久）をアンロックします。もし既にこの武器スキン（永久）をアンロックすれば、一部のミニビーンをもらいます。,
82079,聖クリスタル重機関銃,使用：この武器スキン（永久）をアンロックします。もし既にこの武器スキン（永久）をアンロックすれば、一部のミニビーンをもらいます,
82080,光翼クロスソード,使用：この武器スキン（永久）をアンロックします。もし既にこの武器スキン（永久）をアンロックすれば、一部のミニビーンをもらいます。,
82081,蝶フリフリ狙撃銃,使用：この武器スキン（永久）をアンロックします。もし既にこの武器スキン（永久）をアンロックすれば、一部のミニビーンをもらいます。,
82082,幻蝶重機関銃,使用：この武器スキン（永久）をアンロックします。もし既にこの武器スキン（永久）をアンロックすれば、一部のミニビーンをもらいます。,
82083,蝶の心ドリル,使用：この武器スキン（永久）をアンロックします。もし既にこの武器スキン（永久）をアンロックすれば、一部のミニビーンをもらいます。,
82084,蝶の星シャベル,使用：この武器スキン（永久）をアンロックします。もし既にこの武器スキン（永久）をアンロックすれば、一部のミニビーンをもらいます。,
82085,蝶の香り付けた斧,使用：この武器スキン（永久）をアンロックします。もし既にこの武器スキン（永久）をアンロックすれば、一部のミニビーンをもらいます。,
82086,蝶の夢自動小銃,使用：この武器スキン（永久）をアンロックします。もし既にこの武器スキン（永久）をアンロックすれば、一部のミニビーンをもらいます。,
82087,星屑の月自動小銃,使用：この武器スキン（永久）をアンロックします。もし既にこの武器スキン（永久）をアンロックすれば、一部のミニビーンをもらいます。,
82088,スタークリスタルドリル,使用：この武器スキン（永久）をアンロックします。もし既にこの武器スキン（永久）をアンロックすれば、一部のミニビーンをもらいます。,
82089,月の占星ボール重機関銃,使用：この武器スキン（永久）をアンロックします。もし既にこの武器スキン（永久）をアンロックすれば、一部のミニビーンをもらいます。,
82090,二つ月シャベル,使用：この武器スキン（永久）をアンロックします。もし既にこの武器スキン（永久）をアンロックすれば、一部のミニビーンをもらいます。,
82091,四合星陣狙撃銃,使用：この武器スキン（永久）をアンロックします。もし既にこの武器スキン（永久）をアンロックすれば、一部のミニビーンをもらいます。,
82092,アストラルフェイ剣,使用：この武器スキン（永久）をアンロックします。もし既にこの武器スキン（永久）をアンロックすれば、一部のミニビーンをもらいます。,
82093,サマーフワフワ狙撃銃,使用：この武器スキン（永久）をアンロックします。もし既にこの武器スキン（永久）をアンロックすれば、一部のミニビーンをもらいます。,
82094,雲フワフワ重機関銃,使用：この武器スキン（永久）をアンロックします。もし既にこの武器スキン（永久）をアンロックすれば、一部のミニビーンをもらいます。,
82095,ウサギの槌,使用：この武器スキン（永久）をアンロックします。もし既にこの武器スキン（永久）をアンロックすれば、一部のミニビーンをもらいます。,
82096,"ウサギベイビー重機関銃  ",使用：この武器スキン（永久）をアンロックします。もし既にこの武器スキン（永久）をアンロックすれば、一部のミニビーンをもらいます。,
82097,月宮金桂シャベル,使用：この武器スキン（永久）をアンロックします。もし既にこの武器スキン（永久）をアンロックすれば、一部のミニビーンをもらいます。,
82098,弦月雲狙撃銃,使用：この武器スキン（永久）をアンロックします。もし既にこの武器スキン（永久）をアンロックすれば、一部のミニビーンをもらいます。,
82099,竹の剣,使用：この武器スキン（永久）をアンロックします。もし既にこの武器スキン（永久）をアンロックすれば、一部のミニビーンをもらいます。,
82100,青竹の鎌,使用：この武器スキン（永久）をアンロックします。もし既にこの武器スキン（永久）をアンロックすれば、一部のミニビーンをもらいます。,
82101,骨柄コウモリのシャベル,使用：この武器スキン（永久）をアンロックします。もし既にこの武器スキン（永久）をアンロックすれば、一部のミニビーンをもらいます。,
82102,ブラッドクロス狙撃銃,使用：この武器スキン（永久）をアンロックします。もし既にこの武器スキン（永久）をアンロックすれば、一部のミニビーンをもらいます。,
82103,コウモリ翼の剣,使用：この武器スキン（永久）をアンロックします。もし既にこの武器スキン（永久）をアンロックすれば、一部のミニビーンをもらいます。,
82104,ピンククマのリボン剣,使用：永久この武器スキンを使います。もし既にこの武器スキン（永久）をアンロックすれば、一部のミニビーンをもらいます。,
82105,冷凍ミントアックス,使用：永久この武器スキンを使います。もし既にこの武器スキン（永久）をアンロックすれば、一部のミニビーンをもらいます。,
82106,キャンディ機関短銃,使用：永久この武器スキンを使います。もし既にこの武器スキン（永久）をアンロックすれば、一部のミニビーンをもらいます。,
82107,ジンジャーブレッドスターハートシャベル,：を使ってこの武器の皮膚を永久的にロック解除。この服装を永久的にロック解除した場合、ミニ豆。を獲得する,
82108,ディンディンドンクリスマスツリーの剣,：を使ってこの武器の皮膚を永久的にロック解除。この服装を永久的にロック解除した場合、ミニ豆。を獲得する,
82109,ゼンマイキャンディサブマシンガン,：を使ってこの武器の皮膚を永久的にロック解除。この服装を永久的にロック解除した場合、ミニ豆。を獲得する,
82110,エルクは狙撃銃を狙う,武器のスキンを永久にアンロックするには：を使用してください。ドレスを永久にアンロックした場合は、いくつかのミニビーンズを入手でき。,
82111,火兎は福短銃を送る,：を使ってこの武器の皮膚を永久的にロック解除。この服装を永久的にロック解除した場合、ミニ豆。を獲得する,
82112,火力が強いウサギのつるはし,：を使ってこの武器の皮膚を永久的にロック解除。この服装を永久的にロック解除した場合、ミニ豆。を獲得する,
82113,爆竹迎春重機関銃,：を使ってこの武器の皮膚を永久的にロック解除。この服装を永久的にロック解除した場合、ミニ豆。を獲得する,
82114,ゴールデンラビットのシャベル,：を使ってこの武器の皮膚を永久的にロック解除。この服装を永久的にロック解除した場合、ミニ豆。を獲得する,
82115,花火ウサギ狙撃銃,武器のスキンを永久にアンロックするには：を使用してください。ドレスを永久にアンロックした場合は、いくつかのミニビーンズを入手でき。,
82116,金大根シャープアックス,：を使ってこの武器の皮膚を永久的にロック解除。この服装を永久的にロック解除した場合、ミニ豆。を獲得する,
82117,ドリルつぼみ飛花短銃,：を使ってこの武器の皮膚を永久的にロック解除。この服装を永久的にロック解除した場合、ミニ豆。を獲得する,
82118,粉芯花ちまきドリル,：を使ってこの武器の皮膚を永久的にロック解除。この服装を永久的にロック解除した場合、ミニ豆。を獲得する,
82119,セミの翼の薄い葉のダガー,：を使ってこの武器の皮膚を永久的にロック解除。この服装を永久的にロック解除した場合、ミニ豆。を獲得する,
82120,新年の爆竹リボルバー,：を使ってこの武器の皮膚を永久的にロック解除。この服装を永久的にロック解除した場合、ミニ豆。を獲得する,
82121,夢旅歌狙撃銃,：を使ってこの武器の皮膚を永久的にロック解除。この服装を永久的にロック解除した場合、ミニ豆。を獲得する,
82122,ゴールデンエース重機関銃,：を使ってこの武器の皮膚を永久的にロック解除。この服装を永久的にロック解除した場合、ミニ豆。を獲得する,
82123,スチームゴールドラッシュビット,：を使ってこの武器の皮膚を永久的にロック解除。この服装を永久的にロック解除した場合、ミニ豆。を獲得する,
82124,燃えるパワーゼンマイ剣,：を使ってこの武器の皮膚を永久的にロック解除。この服装を永久的にロック解除した場合、ミニ豆。を獲得する,
82125,仙風が金のハンマーを包む,武器のスキンを永久にアンロックするには：を使用してください。ドレスを永久にアンロックした場合は、いくつかのミニビーンズを入手でき。,
82126,翠谷暁日狙撃銃,：を使ってこの武器の皮膚を永久的にロック解除。この服装を永久的にロック解除した場合、ミニ豆。を獲得する,
82127,嶺月紅刀,：を使ってこの武器の皮膚を永久的にロック解除。この服装を永久的にロック解除した場合、ミニ豆。を獲得する,
82128,弦月流雲斧,：を使ってこの武器の皮膚を永久的にロック解除。この服装を永久的にロック解除した場合、ミニ豆。を獲得する,
82129,幽谷の雲と波のシャベル,：を使ってこの武器の皮膚を永久的にロック解除。この服装を永久的にロック解除した場合、ミニ豆。を獲得する,
82130,ユンタオの聖地リボルバー,：を使ってこの武器の皮膚を永久的にロック解除。この服装を永久的にロック解除した場合、ミニ豆。を獲得する,
82131,千連隊のファインコア重機関銃,：を使ってこの武器の皮膚を永久的にロック解除。この服装を永久的にロック解除した場合、ミニ豆。を獲得する,
82132,保安官カウボーイサブマシンガン,：を使ってこの武器の皮膚を永久的にロック解除。この服装を永久的にロック解除した場合、ミニ豆。を獲得する,
82133,紫陽花ムーンナイフ,：を使ってこの武器の皮膚を永久的にロック解除。この服装を永久的にロック解除した場合、ミニ豆。を獲得する,
82134,爆発スターサブマシンガン,：を使ってこの武器の皮膚を永久的にロック解除。この服装を永久的にロック解除した場合、ミニ豆。を獲得する,
82135,バージョンが低すぎる,：を使ってこの武器の皮膚を永久的にロック解除。この服装を永久的にロック解除した場合、ミニ豆。を獲得する,
82136,バージョンが低すぎる,：を使ってこの武器の皮膚を永久的にロック解除。この服装を永久的にロック解除した場合、ミニ豆。を獲得する,
82137,バージョンが低すぎる,：を使ってこの武器の皮膚を永久的にロック解除。この服装を永久的にロック解除した場合、ミニ豆。を獲得する,
82138,バージョンが低すぎる,：を使ってこの武器の皮膚を永久的にロック解除。この服装を永久的にロック解除した場合、ミニ豆。を獲得する,
82139,バージョンが低すぎる,：を使ってこの武器の皮膚を永久的にロック解除。この服装を永久的にロック解除した場合、ミニ豆。を獲得する,
82140,琉光タイドソード,使用：この武器スキン（永久）をアンロックします。もし既にこの武器スキン（永久）をアンロックすれば、一部のミニビーンをもらいます。,
82141,滄海月珠突撃銃,使用：この武器スキン（永久）をアンロックします。もし既にこの武器スキン（永久）をアンロックすれば、一部のミニビーンをもらいます。,
82142,鮫人の涙狙撃銃,使用：この武器スキン（永久）をアンロックします。もし既にこの武器スキン（永久）をアンロックすれば、一部のミニビーンをもらいます。,
82143,コウモリの鎌,使用：この武器スキン（永久）をアンロックします。もし既にこの武器スキン（永久）をアンロックすれば、一部のミニビーンをもらいます。,
82144,星の壊れた斧,使用：この武器スキン（永久）をアンロックします。もし既にこの武器スキン（永久）をアンロックすれば、一部のミニビーンをもらいます。,
82145,蓮華烈火重機関銃,使用：この武器スキン（永久）をアンロックします。もし既にこの武器スキン（永久）をアンロックすれば、一部のミニビーンをもらいます。,
82146,蓮華疾風剣,使用：この武器スキン（永久）をアンロックします。もし既にこの武器スキン（永久）をアンロックすれば、一部のミニビーンをもらいます。,
82147,蒲草青緑シャベル,使用：この武器スキン（永久）をアンロックします。もし既にこの武器スキン（永久）をアンロックすれば、一部のミニビーンをもらいます。,
82148,かわいいハンマー,武器スキンを永久解除。既に永久解除済みなら、ミニビーンズを取得。,
82149,赤羽マシンガン,武器スキンを永久解除。既に永久解除済みなら、ミニビーンズを取得。,
82150,赤い袖のメープルナイフ,武器スキンを永久解除。既に永久解除済みなら、ミニビーンズを取得。,
82151,花の香りのシャベル,武器スキンを永久解除。既に永久解除済みなら、ミニビーンズを取得。,
82152,ブルーリボルバー,武器スキンを永久解除。既に永久解除済みなら、ミニビーンズを取得。,
82153,氷の剣,武器スキンを永久解除。既に永久解除済みなら、ミニビーンズを取得。,
82154,パープルスターピストル,武器スキンを永久解除。既に永久解除済みなら、ミニビーンズを取得。,
82155,アズール・ハンマー,武器スキンを永久解除。既に永久解除済みなら、ミニビーンズを取得。,
82156,シトリンマシンガン,武器スキンを永久解除。既に永久解除済みなら、ミニビーンズを取得。,
82157,惑星セプター,武器スキンを永久解除。既に永久解除済みなら、ミニビーンズを取得。,
82158,流年目盛り剣,武器のスキンを永久にアンロックするには：を使用します。ドレスを永久にアンロックした場合は、いくつかのミニビーンズを入手でき。,
82159,流年砂時計ハンマー,武器のスキンを永久にアンロックするには：を使用します。ドレスを永久にアンロックした場合は、いくつかのミニビーンズを入手でき。,
82160,流年時光重機関銃,武器のスキンを永久にアンロックするには：を使用します。ドレスを永久にアンロックした場合は、いくつかのミニビーンズを入手でき。,
82161,古韻・筆剣,使用：この武器スキンを永久的に解放します。すでにこのスキンを永久解放した場合、代わりにミニビーンを獲得します。,
82162,古韻・筆ハンマー,使用：この武器スキンを永久的に解放します。すでにこのスキンを永久解放した場合、代わりにミニビーンを獲得します。,
82163,古韻・巻物狙撃銃,使用：この武器スキンを永久的に解放します。すでにこのスキンを永久解放した場合、代わりにミニビーンを獲得します。,
82164,予備,使用：この武器スキンを永久的に解放します。すでにこのスキンを永久解放した場合、代わりにミニビーンを獲得します。,
82165,渡夢剣,使用：この武器スキンを永久的に解放します。すでにこのスキンを永久解放した場合、代わりにミニビーンを獲得します。,
82166,月錦斧,使用：この武器スキンを永久的に解放します。すでにこのスキンを永久解放した場合、代わりにミニビーンを獲得します。,
82167,赤霄ハンマー,使用：この武器スキンを永久的に解放します。すでにこのスキンを永久解放した場合、代わりにミニビーンを獲得します。,
82168,クリスマスキャンディ仕込み刀,使用：この武器スキンを永久的に解放します。すでにこのスキンを永久解放した場合、代わりにミニビーンを獲得します。,
82169,クリスマスグローブシャベル,使用：この武器スキンを永久的に解放します。すでにこのスキンを永久解放した場合、代わりにミニビーンを獲得します。,
82170,クリスマスシフゾウ狙撃銃,使用：この武器スキンを永久的に解放します。すでにこのスキンを永久解放した場合、代わりにミニビーンを獲得します。,
82171,青碧の狙撃銃,使用：この武器スキンを永久的に解放します。すでにこのスキンを永久解放した場合、代わりにミニビーンを獲得します。,
82172,影の刃,使用：この武器スキンを永久的に解放します。すでにこのスキンを永久解放した場合、代わりにミニビーンを獲得します。,
82173,美食シャベル,使用：この武器スキンを永久的に解放します。すでにこのスキンを永久解放した場合、代わりにミニビーンを獲得します。,
82174,緋色炎竜重機関銃,使用：この武器スキンを永久的に解放します。すでにこのスキンを永久解放した場合、代わりにミニビーンを獲得します。,
82175,炎竜咆哮狙撃銃,使用：この武器スキンを永久的に解放します。すでにこのスキンを永久解放した場合、代わりにミニビーンを獲得します。,
82176,軒轅屠龍剣,使用：この武器スキンを永久的に解放します。すでにこのスキンを永久解放した場合、代わりにミニビーンを獲得します。,
82177,巨竜赤焔斧,使用：この武器スキンを永久的に解放します。すでにこのスキンを永久解放した場合、代わりにミニビーンを獲得します。,
82178,幻霊焔狙撃銃,使用：この武器スキンを永久的に解放します。すでにこのスキンを永久解放した場合、代わりにミニビーンを獲得します。,
82179,星空魔法陣回転式拳銃,使用：この武器スキンを永久的に解放します。すでにこのスキンを永久解放した場合、代わりにミニビーンを獲得します。,
82180,虚空の斧,使用：この武器スキンを永久的に解放します。すでにこのスキンを永久解放した場合、代わりにミニビーンを獲得します。,
82181,金鯉回転式拳銃,使用：この武器スキンを永久的に解放します。すでにこのスキンを永久解放した場合、代わりにミニビーンを獲得します。,
82182,双鯉重機関銃,使用：この武器スキンを永久的に解放します。すでにこのスキンを永久解放した場合、代わりにミニビーンを獲得します。,
82183,金鯉魚口狙撃銃,使用：この武器スキンを永久的に解放します。すでにこのスキンを永久解放した場合、代わりにミニビーンを獲得します。,
82184,金鯉団ら斧,使用：この武器スキンを永久的に解放します。すでにこのスキンを永久解放した場合、代わりにミニビーンを獲得します。,
82185,金鯉瓢箪ハンマー,使用：この武器スキンを永久的に解放します。すでにこのスキンを永久解放した場合、代わりにミニビーンを獲得します。,
82186,金鯉の鰭剣,使用：この武器スキンを永久的に解放します。すでにこのスキンを永久解放した場合、代わりにミニビーンを獲得します。,
82187,,,
82188,,,
82189,,,
82190,,,
82191,,,
82192,,,
82193,タイドブレード（3日間）,それを使用して、この武器スキンを永久にロック解除します。スキンが永続的にロック解除されている場合は、ミニビーンを入手できます。,
82194,ウェーブショベル,それを使用して、この武器スキンを永久にロック解除します。スキンが永続的にロック解除されている場合は、ミニビーンを入手できます。,
82195,タイドロア スナイパーライフル,それを使用して、この武器スキンを永久にロック解除します。スキンが永続的にロック解除されている場合は、ミニビーンを入手できます。,
82196,タイドフューリーマシンガン,それを使用して、この武器スキンを永久にロック解除します。スキンが永続的にロック解除されている場合は、ミニビーンを入手できます。,
82197,ドラゴンハントの斧,それを使用して、この武器スキンを永久にロック解除します。スキンが永続的にロック解除されている場合は、ミニビーンを入手できます。,
82198,シャークハントキャノン,それを使用して、この武器スキンを永久にロック解除します。スキンが永続的にロック解除されている場合は、ミニビーンを入手できます。,
82199,スティールフィンスナイパー,それを使用して、この武器スキンを永久にロック解除します。スキンが永続的にロック解除されている場合は、ミニビーンを入手できます。,
82200,シャークシャドウブレード,それを使用して、この武器スキンを永久にロック解除します。スキンが永続的にロック解除されている場合は、ミニビーンを入手できます。,
82201,,,
82202,,,
82203,,,
82204,,,
82205,,,
82206,,,
82207,,,
82208,,,
82209,,,
82210,,,
82211,,,
82212,,,
82213,,,
82214,,,
82215,,,
82216,,,
82217,,,
82218,,,
82219,歯磨きピストル P/S,"使用：この武器スキンを永久アンロックする。
 すでにこの武器スキンを永久アンロックしている場合、ミニビーンをいくつか獲得。",
82220,歯ブラシ P/S 斧,"使用：この武器スキンを永久アンロックする。
 すでにこの武器スキンを永久アンロックしている場合、ミニビーンをいくつか獲得。",
84000,82001-84000は永久兵器のスキンのために予約されています,82001-84000は永久兵器のスキンのために予約されています,
84001,竜首狙撃銃‐かけら,武器スキン-竜首狙撃銃を永久アンロックする。#cfa7a0fショップ-武器#nで確認します。獲得：ギフトバッグ抽選,@Null@
84002,獅子獣重機関銃‐かけら,武器スキン-獅子獣重機関銃を永久アンロックする。#cfa7a0fショップ-武器#nで確認します。獲得：ギフトバッグ抽選,@Null@
84003,萌虎左輪‐かけら,武器スキン-萌虎左輪を永久アンロックする。#cfa7a0fショップ-武器#nで確認します。獲得：ギフトバッグ抽選,@Null@
86000,@Null@,@Null@,@Null@
86001,プレステージの王冠,会員限定バブルフレーム,@Null@
86002,緑いっぱい,会員イベントで獲得,@Null@
86003,,,
86004,,,
86005,,,
86006,,,
86007,,,
86008,,,
86009,,,
86010,,,
86011,,,
88000,@Null@,@Null@,@Null@
88001,プレステージの王冠（3日）,会員限定バブルフレーム,@Null@
88002,緑いっぱい（3日）,会員イベントで獲得,@Null@
88003,,,
88004,,,
88005,,,
88006,,,
88007,,,
88008,,,
88009,,,
88010,,,
88011,,,
90000,@Null@,@Null@,@Null@
90001,,,
90002,,,
90003,,,
90004,,,
90005,,,
90006,,,
90007,,,
90008,,,
90009,,,
90010,,,
90011,,,
90012,,,
90013,,,
92000,,,
92001,,,
92002,,,
92003,,,
92004,,,
92005,,,
92006,,,
92007,,,
92008,,,
92009,,,
92010,,,
92011,,,
92012,,,
92013,,,
94000,,,
95001,,,
95002,,,
96000,,,
96001,,,
96002,,,
97000,,,
97001,,,
97002,,,
97003,,,
97004,,,
97005,,,
97006,,,
97007,,,
97008,,,
97009,,,
97010,,,
97011,,,
97012,,,
97013,,,
97014,,,
97015,,,
97016,,,
97017,,,
97018,,,
97019,,,
97020,,,
97021,,,
97022,,,
97023,,,
97024,,,
97025,,,
97026,,,
97027,,,
97028,,,
97029,,,
97500,,,
97501,,,
97502,,,
97503,,,
97504,,,
97505,,,
97506,星の願ボール,魔法の鍛造台のイベント、活性化、鍛造宝箱のレベルに使う,
97507,星の願いのコイン,【魔法鍛造台】イベント、イベントの豪礼（イベントが終わると本道具は無効になるので、すぐに使用してください）,
97508,星の願のボール,魔法の鍛造台のイベント、活性化、鍛造宝箱のレベルに使う,
97599,97501-97599は活動道具のために予約されている,,
97601,20ミニコインクーポン,スキン購入時に20ミニコイン値下げ(ショップに販売中のスキンのみ),
97602,50ミニコインクーポン,スキン購入時に50ミニコイン値下げて(ショップに販売中のスキンのみ),
97603,100ミニコインクーポン,スキン購入時に100ミニコイン値下げて(ショップに販売中のスキンのみ),
97604,ミジラ50ミニコインクーポン,スキン購入時に50ミニコイン値下げて、ミジラを購入する時使用のみ(ショップに販売中のスキンのみ),
97605,スキン10％オフクーポン,スキン購入時に価格10％オフ(ショップに販売中のスキンのみ),
97606,スキン20％オフクーポン,スキン購入時に価格20％オフ(ショップに販売中のスキンのみ),
97607,30％オフクーポン,スキンを購入時に価格30％オフ(ショップに販売中のスキンのみ),
97608,スキン40％オフクーポン,スキンを購入時に価格40％オフ(ショップに販売中のスキンのみ),
97609,クーポン：500ミニコイン以上购入100ミニコイン引き,500ミニコイン以上使用可能です。スキンを購入する時に100ミニコイン引きになります(ショップに販売中のスキンのみ),
97610,クーポン：300ミニコイン以上购入50ミニコイン引き,300ミニコイン以上使用可能です。スキンを購入する時に50ミニコイン引きになります(ショップに販売中のスキンのみ),
97611,花綺綺50%オフクーポン,スキン購入時に価格50％オフ、花綺綺を購入する時使用のみ(ショップに販売中のスキンのみ),
97799,97601-97799クーポンの予約,,
97801,,,
97802,,,
97803,,,
97804,,,
97805,,,
97806,,,
97807,,,
97808,,,
97809,,,
97810,,,
97811,,,
97812,,,
97813,,,
97814,,,
97815,,,
97816,,,
97817,,,
97818,,,
97819,,,
97820,,,
97821,,,
97822,,,
97823,,,
97824,,,
97825,,,
98799,,,
98801,,,
98802,,,
98803,,,
98804,,,
98805,,,
98806,,,
98807,,,
98808,,,
98809,,,
98810,,,
98811,,,
98812,,,
98813,,,
98814,,,
98815,,,
98816,,,
98817,,,
98818,,,
98819,,,
98820,,,
98821,,,
98822,,,
98823,,,
98824,,,
98825,,,
99799,,,
149999,,,
150000,氷原集落のトーテム,氷原集落のトーテムブロックを設置した場所に氷原村人仲間が集まる。集落のトーテム周辺#c0aba1d11×11×5#nのエリアは村人仲間のたまり場となる,
150001,野生氷原集落のトーテム,氷原集落のトーテムブロックを設置した場所に氷原村人仲間が集まる。集落のトーテム周辺#c0aba1d11×11×5#nのエリアは村人仲間のたまり場となる,
150002,狩猟の旗,狩猟の旗を設置した場所はハンター村民の仕事場となる。狩猟の旗周辺#c0aba1d20×20#nのエリアはハンター村民の固定の仕事場となる,
150003,野生狩猟の旗,狩猟の旗を設置した場所はハンター村民の仕事場となる。狩猟の旗周辺#c0aba1d20×20#nのエリアはハンター村民の固定の仕事場となる,
150004,建築の旗,建築図面や設計図図面を建築の旗に使用することができる。使用した後、#c0aba1d建築プレビューモデル#nが出現する。素材を入れると、建築者村人は図面通りに建造を始める。,
150005,野生建築の旗,建築図面や設計図図面を建築の旗に使用することができる。使用した後、#c0aba1d建築プレビューモデル#nが出現する。素材を入れると、建築者村人は図面通りに建造を始める。,
150006,野生木こりの旗,木こりの旗を設置した場所は木こり村人の仕事場となる。木こりの旗周辺#c0aba1d20×20#nのエリアは木こり村民の固定の仕事場となる,
150007,氷結パフキノコの苗,氷結パフキノコの幼体、@item_120#に植えてしばらく経つと熟成する。,
150008,無光の氷結パフキノコ,体内の#c0aba1d低温胞子#nを全て噴き出した氷結パフキノコは、#c0aba1d休眠#n状態に入る,
150009,発光の氷結パフキノコ,雪山洞窟の低温環境で生長する#c0aba1d発光#nのキノコ、生物が近付くと体内の低温胞子を噴き出し、氷の霧を生成し、#c0aba1dm周りの温度を下げる#n。胞子を噴出した後は光を失い、暫く#c0aba1d休眠#nする必要がある,
150010,氷結蕨の幼い苗,氷結蕨の幼い苗,
150011,氷結蕨の苗,氷結蕨-まん丸,
150012,氷結蕨,熟成した氷結蕨は周りの低温環境からエネルギーを吸収し、自分の果実に隠す。果実が熟成した時、その中から凝結した@item_11824#を収穫できる,
150013,冷光の棒,設置すると周囲の空間を永久的に照らす。同時に、#c0aba1d周りの温度を下げる#n。水中でも問題なく使える,
150015,毛皮ベッド,非常に温かいく、寒い地域には必須だ。日が沈むと同時に横になって、いい夢見ろよ,
150016,氷原の木製ドア,頑丈な木製ドア、安全性が高い,
150018,火盆の灯,寒風の中、この光はとても暖かく見える,
150020,氷原の木製テーブル,頑丈な木製テーブル、複数の組み立て方がある,
150021,氷原の木製椅子,頑丈な木製椅子、複数の組み立て方がある,
150022,氷原の木製キャビネット,小さくて精緻なキャビネット、氷原の村の特製家具,
150023,氷原の四角い木製窓,簡単で素朴な窓、実用性が高い,
150025,ボア絨毯,もふもふな絨毯、居心地の良い空間を作ってくれる,
150026,雪だるまの灯,雪だるまの形をしている灯、様々な色がある,
150027,雪だるまの灯,雪だるまの形をしている灯、様々な色がある,
150028,ペンギンの巣,,
150029,融合作業台,@item_11911#を融合作業台に入れると、融合作業台のエネルギーを補充できる。#rエネルギーがある場合、#c0aba1d武器#n2個を入れると両手武器に融合させることができるよ！,
150043,氷原のカーテン,豪華なカーテン、人々に愛されている,
150044,野生農夫の旗,農夫の旗を設置した場所は野蛮人農夫村民の仕事場となる。農夫の旗周辺#c0aba1d9×9×5#nのエリアは農夫村民の固定の仕事場となる。,
150045,野生守衛の旗,守衛の旗を設置した場所は野蛮人守衛村民の仕事場となる。守衛の旗周辺#c0aba1d20×20#nのエリアは守衛村民の固定の仕事場となる。,
150046,凍結装置,氷のスターエネルギーで動かされる装置、上方の生物を氷の彫像にすることができる。また、上方にプレイヤーが経過した時も氷の彫像を形成させることができる。,
150047,太いカラマツの枝,@item_800#で様々な道具や道具に加工することができ、燃料#r用#c0aba1d斧類の道具#n迅速に伐採することができる,斧類の道具に#c0aba1dをはめ込んで完全に#nルーンを獲得した後、伐採して獲得した
150048,細いカラマツの枝,@item_800#で様々な道具や道具に加工したり、燃料#r用#c0aba1d斧類の道具#n素早く伐採したり、雪だるま#c0aba1d鼻にしたりでき#n,斧類の道具に#c0aba1dをはめ込んで完全に#nルーンを獲得した後、伐採して獲得した
150100,,,
150101,果物盛り合わせ・小盛り,精巧で健康的な量で、ちょっと味見する程度だ。,@item_200108#または@item_200109#で作れる。
150102,野菜炒め・小盛り,精巧で健康的な量で、ちょっと味見する程度だ。,@item_200108#または@item_200109#で作れる。
150103,ステーキ・小盛り,一丁では足りないなら、おかわりでもする？,@item_200108#または@item_200109#で作れる。
150104,魚ソテー・小盛り,一丁には魚一尾が入っている、多分。,@item_200108#または@item_200109#で作れる。
150105,蒸しトウモロコシ・小盛り,小盛りの蒸しトウモロコシだ。,@item_200108#または@item_200109#で作れる。
150106,蒸し芋・小盛り,しっとりと甘いデザートだ。,@item_200108#または@item_200109#で作れる。
150107,ご飯・小盛り,量が少なく、おかずもない。,@item_200108#または@item_200109#で作れる。
150108,変な味がする食べ物・小盛り,気持ち悪い！でもちょっと食べてみたいかも。#r確率で#c0aba1d下痢#n状態になるが、極めて低い確率で増益状態を獲得できる。,@item_200108#または@item_200109#で作れる。
150109,名状し難いモノ・小盛り,食べられそうにないけど、やはり食べてみるか。#r極めて高い確率で#c0aba1d下痢#n状態になるが、極めて低い確率で増益状態を獲得できる。,@item_200108#または@item_200109#で作れる。
150110,ステーキ,このステーキの焼き加減はどれくらいと思う？,@item_200108#または@item_200109#で作れる。
150111,肉入りサラダ,サラダにお肉を入れても大丈夫だよね？,@item_200108#または@item_200109#で作れる。
150112,肉入り野菜炒め,野菜とお肉の栄養バランスを取れた一品だ。,@item_200108#または@item_200109#で作れる。
150113,海陸料理,シンプルな2種類のお肉の組み合わせだ。,@item_200108#または@item_200109#で作れる。
150114,肉入り炒飯,香ばしい肉入り炒飯、単なるご飯より美味しい。,@item_200108#または@item_200109#で作れる。
150115,果物と野菜のサラダ,本物の健康食品である。,@item_200108#または@item_200109#で作れる。
150116,魚介類サラダ,魚介類を入れた生臭いサラダである。,@item_200108#または@item_200109#で作れる。
150117,果物おにぎり,甘酸っぱい味のおにぎりだ。,@item_200108#または@item_200109#で作れる。
150118,野菜炒め,適切な量の一品だ。,@item_200108#または@item_200109#で作れる。
150119,魚介類入り野菜炒め,肉入り野菜炒めよりも栄養価が高い。,@item_200108#または@item_200109#で作れる。
150120,野菜おにぎり,サクサクした食感のおにぎりだ。,@item_200108#または@item_200109#で作れる。
150121,魚ソテー,一丁には魚一尾が入っている、本当だ！,@item_200108#または@item_200109#で作れる。
150122,魚介類入り炒飯,鮮やかで香ばしい炒飯だ。,@item_200108#または@item_200109#で作れる。
150123,蒸しトウモロコシ,蒸しトウモロコシだ、手に取ってかじってみよう。,@item_200108#または@item_200109#で作れる。
150124,蒸し芋,甘くてもちもちした食感で、適切な量だ。,@item_200108#または@item_200109#で作れる。
150125,変な味がする食べ物,気持ち悪い！食べてみたいけど、量がちょっと多いかも。,@item_200108#または@item_200109#で作れる。
150126,名状し難いモノ,食べられそうにないけど、腹が減ったからしようがない。#r極めて高い確率で#c0aba1d下痢#n状態になるが、極めて低い確率で増益状態を獲得できる。,@item_200108#または@item_200109#で作れる。
150127,ステーキ・大盛り,肉を大口で食べられる、非常に幸福な量だ。,@item_200108#または@item_200109#で作れる。
150128,肉入りサラダ・大盛り,サラダにお肉を入れて、しかも大盛りだよ。,@item_200108#または@item_200109#で作れる。
150129,肉入り野菜炒め・大盛り,栄養バランスが取れて、お腹いっぱいになれる。,@item_200108#または@item_200109#で作れる。
150130,海陸料理・大盛り,肉を大口で食べられるし、さまざまな味が楽しめる。,@item_200108#または@item_200109#で作れる。
150131,肉入り炒飯・大盛り,香ばしい肉入り炒飯の大盛り、食べ過ぎに注意してね。,@item_200108#または@item_200109#で作れる。
150132,果物と野菜とお肉の盛り合わせ,内容が豊富で、ご飯があれば完璧だ。,@item_200108#または@item_200109#で作れる。
150133,海陸果物サラダ,こんな組み合わせのサラダって本当に大丈夫なの？,@item_200108#または@item_200109#で作れる。
150134,肉入り果物おにぎり,食感豊かな組み合わせだ。,@item_200108#または@item_200109#で作れる。
150135,海陸野菜饅頭,サクサクとした食感で、さまざまな肉が入っている。,@item_200108#または@item_200109#で作れる。
150136,肉入り野菜炒飯,みんなが大好きな炒飯だ。,@item_200108#または@item_200109#で作れる。
150137,海陸炒飯,魚も肉も入った、おいしい炒飯だ。,@item_200108#または@item_200109#で作れる。
150138,果物盛り合わせ・大盛り,健康的な食事、十分な1食だ。,@item_200108#または@item_200109#で作れる。
150139,果物と野菜のサラダ・大盛り,本当に満腹になれる健康食品だ。,@item_200108#または@item_200109#で作れる。
150140,魚介類サラダ・大盛り,ボリュームたっぷりで味も濃い。,@item_200108#または@item_200109#で作れる。
150141,果物おにぎり・大盛り,果物サラダよりも満腹感がある。,@item_200108#または@item_200109#で作れる。
150142,果物と野菜と焼き魚の盛り合わせ,栄養バランスの取れた魚介のセットだ。,@item_200108#または@item_200109#で作れる。
150143,果物と野菜のおにぎり,ヘルシーなおにぎり、さっぱりとした味わいである。,@item_200108#または@item_200109#で作れる。
150144,魚介類と果物のおにぎり,斬新的なおにぎりの味、試してみてください。,@item_200108#または@item_200109#で作れる。
150145,野菜炒め・大盛り,野菜をたくさん食べると体に良いぞ。,@item_200108#または@item_200109#で作れる。
150146,魚介類入り野菜炒め・大盛り,肉入り野菜炒めよりも栄養価が高く、ボリュームもある。,@item_200108#または@item_200109#で作れる。
150147,野菜おにぎり・大盛り,サクサクした食感のおにぎり、量もたっぷりだ。,@item_200108#または@item_200109#で作れる。
150148,魚入り野菜炒飯,生臭い味わいの炒飯だ。,@item_200108#または@item_200109#で作れる。
150149,魚ソテー・大盛り,今回は魚が一尾以上入っているよ！,@item_200108#または@item_200109#で作れる。
150150,魚介類入り炒飯・大盛り,新鮮で香ばしい炒飯、ボリュームたっぷりだ。,@item_200108#または@item_200109#で作れる。
150151,ご飯・大盛り,一部のおかずと一緒に食べると大盛りでも食べきれるらしい。,@item_200108#または@item_200109#で作れる。
150152,蒸しトウモロコシ・大盛り,たっぷりの蒸しトウモロコシ、少し多すぎたかもしれい。,@item_200108#または@item_200109#で作れる。
150153,蒸し芋・大盛り,甘くてもちもちした食感だが、量は少し多すぎたかもしれい。,@item_200108#または@item_200109#で作れる。
150154,変な味がする食べ物・大盛り,おそらく個性的な味が好きな人にはこの料理が好まれるだろう。#r確率で#c0aba1d下痢#n状態になるが、極めて低い確率で増益状態を獲得できる。,@item_200108#または@item_200109#で作れる。
150155,名状し難いモノ・大盛り,すき腹にまずいものなし。#r極めて高い確率で#c0aba1d下痢#n状態になるが、極めて低い確率で増益状態を獲得できる。,@item_200108#または@item_200109#で作れる。
150156,肉入りサラダ・特盛り,サラダにお肉を入れて、しかも大盛りだよ。,@item_200108#または@item_200109#で作れる。
150157,肉入り野菜炒め・特盛り,バランスの取れた栄養価があり、食べきれそうにないかも。,@item_200108#または@item_200109#で作れる。
150158,海陸料理・特盛り,肉を大口で食べられるし、さまざまな味が楽しめるけど、量は多すぎた。,@item_200108#または@item_200109#で作れる。
150159,肉入り炒飯・特盛り,量が豪華なほど多くて香ばしい肉入り炒飯で、完食するとお腹いっぱいになる。,@item_200108#または@item_200109#で作れる。
150160,果物と野菜とお肉の盛り合わせ・特盛り,内容は豊富で、大盛りのご飯と一緒に食べることを勧めるよ。,@item_200108#または@item_200109#で作れる。
150161,海陸果物サラダ・特盛り,こんな組み合わせのサラダって本当に大丈夫なの？しかも量が多い。,@item_200108#または@item_200109#で作れる。
150162,肉入り果物おにぎり・特盛り,食感が豊かで、1食ですごく満足できる。,@item_200108#または@item_200109#で作れる。
150163,海陸野菜饅頭・特盛り,サクサクとした食感で、さまざまな肉がたっぷり入っている。,@item_200108#または@item_200109#で作れる。
150164,肉入り野菜炒飯・特盛り,みんなが大好きな炒飯で、量もたっぷりだ。,@item_200108#または@item_200109#で作れる。
150165,海陸炒飯・特盛り,大量の魚と肉が入った、おいしい炒飯だ。,@item_200108#または@item_200109#で作れる。
150166,海陸果物野菜の盛り合わせ・特盛り,内容は豊富で栄養バランスが取れており、大盛りのご飯と一緒に食べることができるけど、少し胃もたれするかもしれない。,@item_200108#または@item_200109#で作れる。
150167,肉入り果物野菜どんぶり・特盛り,内容は豊富で、食べ過ぎに注意してください。,@item_200108#または@item_200109#で作れる。
150168,海陸果物どんぶり・特盛り,肉と果物が入っており、さっぱりとした味わいの豪華などんぶりだ、,@item_200108#または@item_200109#で作れる。
150169,海陸野菜どんぶり・特盛り,肉と野菜が入っており、栄養バランスが取れている。,@item_200108#または@item_200109#で作れる。
150170,果物盛り合わせ・特盛り,健康的な食品で、これで2食分になるのだ。,@item_200108#または@item_200109#で作れる。
150171,果物と野菜のサラダ・特盛り,本物の健康食品だが、量が多すぎた。,@item_200108#または@item_200109#で作れる。
150172,魚介類サラダ・特盛り,過剰な量で濃厚な味わいだ。,@item_200108#または@item_200109#で作れる。
150173,果物おにぎり・特盛り,果物サラダよりも満腹感がある、というかもうお腹いっぱいだ。,@item_200108#または@item_200109#で作れる。
150174,果物と野菜と焼き魚の盛り合わせ・特盛り,栄養バランスの取れた魚介のセットで、かなりボリュームがある。,@item_200108#または@item_200109#で作れる。
150175,果物と野菜のおにぎり・特盛り,ヘルシーなおにぎり、さっぱりとした味わいで、これで2食分になるのだ。,@item_200108#または@item_200109#で作れる。
150176,魚介類炒飯・特盛り,新鮮で香ばしい炒飯だが、量が多すぎた。,@item_200108#または@item_200109#で作れる。
150177,果物と野菜と焼き魚の盛り合わせ・特盛り,栄養バランスの取れた魚介のセットで、かなりボリュームがある。,@item_200108#または@item_200109#で作れる。
150178,魚介類果物野菜どんぶり・特盛り,果物を入れてさらに爽やかな味わいになったし、ボリュームもたっぷりだ。,@item_200108#または@item_200109#で作れる。
150179,野菜炒め・特盛り,年配の方々はよく「野菜をたくさん食べなさい」と言う。,@item_200108#または@item_200109#で作れる。
150180,魚介類入り野菜炒め・特盛り,肉入り野菜炒めよりも栄養価が高く、お腹いっぱいになる量だ。,@item_200108#または@item_200109#で作れる。
150181,野菜おにぎり・特盛り,サクサクした食感のおにぎりで、これで2食分になるのだ。。,@item_200108#または@item_200109#で作れる。
150182,魚入り野菜炒飯・特盛り,生臭い味わいの炒飯で、お腹いっぱいになる量だ。,@item_200108#または@item_200109#で作れる。
150183,魚ソテー・特盛り,今回は魚が何尾入っていると思う？,@item_200108#または@item_200109#で作れる。
150184,ご飯・特盛り,おかずも付かずにこんな量のご飯を食べると、少し単調な気がする。,@item_200108#または@item_200109#で作れる。
150185,蒸しトウモロコシ・特盛り,たっぷりの蒸しトウモロコシ、本当に多すぎたから。,@item_200108#または@item_200109#で作れる。
150186,蒸し芋・特盛り,甘くてもちもちした食感だが、これだけ食べると空気が汚れるかもしれない。,@item_200108#または@item_200109#で作れる。
150187,変な味がする食べ物・特盛り,あなたの味覚が本当にユニークだよね。#r確率で#c0aba1d下痢#n状態になるが、極めて低い確率で増益状態を獲得できる。,@item_200108#または@item_200109#で作れる。
150188,名状し難いモノ・特盛り,天才的な発明だけど、もう二度と作らないでください。#r極めて高い確率で#c0aba1d下痢#n状態になるが、極めて低い確率で増益状態を獲得できる。,@item_200108#または@item_200109#で作れる。
150189,ステーキ・特盛り,幸せな1食、飽きるまで食べられる。,@item_200108#または@item_200109#で作れる。
150190,魚介類果物おにぎり・特盛り,斬新的な味わいを、飽きるまで体験できる。,@item_200108#または@item_200109#で作れる。
160000,,,
160001,柔らかい雪ブロック,基本的な建築素材、すり抜けることができる柔らかい雪ブロック,
160002,堅い氷ブロック,基本的な建築素材、氷原建築で広く使われている、温度の影響を受けない氷ブロックだ！,
161000,,,
161001,厚い雪の薄板,1/4マスの高さを持つ雪、重ねて高さを変えることができる,
161002,天然氷の薄板,1/4マスの高さを持つ天然氷、重ねて高さを変えることができる,
161003,堅い氷の薄板,1/4マスの高さを持つ堅い氷、重ねて高さを変えることができる,
162000,,,
162001,柔らかい雪の縦型薄板,柔らかい雪でできた縦型の薄板、積み重ねて厚さを変えることができる,
162002,厚い雪の縦型薄板,厚い雪でできた縦型の薄板、積み重ねて厚さを変えることができる,
162003,天然氷の縦型薄板,天然氷でできた縦型の薄板、積み重ねて厚さを変えることができる,
162004,堅い氷の縦型薄板,堅い氷でできた縦型の薄板、積み重ねて厚さを変えることができる,
163000,,,
163001,柔らかい雪の傾斜板,三角形の柔らかい雪、異なる角度から異なる向きで設置でき、積み重ねると柔らかい雪ブロックになる,
163002,厚い雪の傾斜板,三角形の厚い雪、異なる角度から異なる向きで設置でき、積み重ねると厚い雪ブロックになる,
163003,天然氷の傾斜板,三角形の傾斜板、異なる角度から異なる向きで設置でき、積み重ねると天然氷ブロックになる,
163004,堅い氷の傾斜板,三角形の堅い氷、異なる角度から異なる向きで設置でき、積み重ねると傾斜板ブロックになる,
164000,,,
164001,柔らかい雪の縦型板,0.5マスの柔らかい雪、積み重ねて幅を変えることができる,
164002,厚い雪の縦型板,0.5マスの厚い雪、積み重ねて幅を変えることができる,
164003,天然氷の縦型板,0.5マスの天然氷、積み重ねて幅を変えることができる,
164004,堅い氷の縦型板,0.5マスの堅い氷、積み重ねて幅を変えることができる,
165000,,,
165001,柔らかい雪の傾斜薄板,三角形の柔らかい雪、異なる角度から異なる向きで設置でき、積み重ねると柔らかい雪ブロックになる,
165002,厚い雪の傾斜薄板,三角形の厚い雪、異なる角度から異なる向きで設置でき、積み重ねると厚い雪ブロックになる,
165003,天然氷の傾斜薄板,三角形の傾斜板、異なる角度から異なる向きで設置でき、積み重ねると天然氷ブロックになる,
165004,堅い氷の傾斜薄板,三角形の堅い氷、異なる角度から異なる向きで設置でき、積み重ねると傾斜板ブロックになる,
166000,,,
166001,柔らかい雪の大型傾斜薄板,三角形の柔らかい雪、異なる角度から異なる向きで設置でき、積み重ねると柔らかい雪ブロックになる,
166002,厚い雪の大型傾斜薄板,三角形の厚い雪、異なる角度から異なる向きで設置でき、積み重ねると厚い雪ブロックになる,
166003,天然氷の大型傾斜薄板,三角形の傾斜板、異なる角度から異なる向きで設置でき、積み重ねると天然氷ブロックになる,
166004,堅い氷の大型傾斜薄板,三角形の堅い氷、異なる角度から異なる向きで設置でき、積み重ねると傾斜板ブロックになる,
167000,,,
167001,柔らかい雪の縦型傾斜薄板,三角形の柔らかい雪、異なる角度から異なる向きで設置でき、積み重ねると柔らかい雪ブロックになる,
167002,厚い雪の縦型傾斜薄板,三角形の厚い雪、異なる角度から異なる向きで設置でき、積み重ねると厚い雪ブロックになる,
167003,天然氷の縦型傾斜薄板,三角形の傾斜板、異なる角度から異なる向きで設置でき、積み重ねると天然氷ブロックになる,
167004,堅い氷の縦型傾斜薄板,三角形の堅い氷、異なる角度から異なる向きで設置でき、積み重ねると傾斜板ブロックになる,
168000,,,
168001,柔らかい雪の大型縦型傾斜薄板,三角形の柔らかい雪、異なる角度から異なる向きで設置でき、積み重ねると柔らかい雪ブロックになる,
168002,厚い雪の大型縦型傾斜薄板,三角形の厚い雪、異なる角度から異なる向きで設置でき、積み重ねると厚い雪ブロックになる,
168003,天然氷の大型縦型傾斜薄板,三角形の傾斜板、異なる角度から異なる向きで設置でき、積み重ねると天然氷ブロックになる,
168004,堅い氷の大型縦型傾斜薄板,三角形の堅い氷、異なる角度から異なる向きで設置でき、積み重ねると傾斜板ブロックになる,
169000,,,
169001,厚い雪の階段,厚い雪の階段、異なる角度から異なる向きで設置できる,
169002,天然氷の階段,天然氷の階段、異なる角度から異なる向きで設置できる,
169003,堅い氷の階段,堅い氷の階段、異なる角度から異なる向きで設置できる,
170000,,,
170001,プラネット岩石三角柱,三角柱の石板は、角度を変えて配置することで様々な方向性を持たせることができる。,
170002,竹製三角柱,三角柱の竹板は、角度を変えて配置することで様々な方向性を持たせることができる。,
170003,赤い三角柱,三角柱の木板は、角度を変えて配置することで様々な方向性を持たせることができる。,
170004,セメントレンガ三角柱,三角柱の石板は、角度を変えて配置することで様々な方向性を持たせることができる。,
170005,硫黄レンガ三角柱,三角柱の石板は、角度を変えて配置することで様々な方向性を持たせることができる。,
170006,石製三角柱,三角柱の石板は、角度を変えて配置することで様々な方向性を持たせることができる。,
170007,精製石レンガ三角柱,三角柱の石板は、角度を変えて配置することで様々な方向性を持たせることができる。,
170008,チタン三角柱,三角柱の金属板は、角度を変えて配置することで様々な方向性を持たせることができる。,
170009,銅製三角柱,三角柱の金属板は、角度を変えて配置することで様々な方向性を持たせることができる。,
170010,マイカ三角柱,三角柱の石板は、角度を変えて配置することで様々な方向性を持たせることができる。,
170011,ミスリル三角柱,三角柱の金属板は、角度を変えて配置することで様々な方向性を持たせることができる。,
170012,炎の三角柱,三角柱の金属板は、角度を変えて配置することで様々な方向性を持たせることができる。,
170013,レモンイエロー三角柱,三角柱の木板は、角度を変えて配置することで様々な方向性を持たせることができる。,
170014,ペールライム三角柱,三角柱の木板は、角度を変えて配置することで様々な方向性を持たせることができる。,
170015,深い栗色三角柱,三角柱の木板は、角度を変えて配置することで様々な方向性を持たせることができる。,
170016,サンセットオレンジ三角柱,三角柱の木板は、角度を変えて配置することで様々な方向性を持たせることができる。,
170017,ベゴニア三角柱,三角柱の木板は、角度を変えて配置することで様々な方向性を持たせることができる。,
170018,アイボリー三角柱,三角柱の木板は、角度を変えて配置することで様々な方向性を持たせることができる。,
170019,落葉色の三角柱,三角柱の木板は、角度を変えて配置することで様々な方向性を持たせることができる。,
170020,三角柱,,
170021,黄色いレンガ三角柱,三角柱の石板は、角度を変えて配置することで様々な方向性を持たせることができる。,
170022,マンガンブロック三角柱,三角柱の金属板は、角度を変えて配置することで様々な方向性を持たせることができる。,
170023,ライトペールグレー三角柱,三角柱の木板は、角度を変えて配置することで様々な方向性を持たせることができる。,
170024,粉雪三角柱,三角柱の粉雪は、角度を変えて配置することで様々な方向性を持たせることができる。,
170025,綿雪三角柱,三角柱の綿雪は、角度を変えて配置することで様々な方向性を持たせることができる。,
170026,天然氷三角柱,三角柱の天然氷は、角度を変えて配置することで様々な方向性を持たせることができる。,
170027,万年氷三角柱,三角柱の万年氷は、角度を変えて配置することで様々な方向性を持たせることができる。,
171001,プラネット岩石弧板,弧形の石板は、角度を変えて配置することで様々な方向性を持たせることができ、積み重ねられる。,
171002,竹製弧板,弧形の竹板は、角度を変えて配置することで様々な方向性を持たせることができ、積み重ねられる。,
171003,カルミン弧板,弧形の木板は、角度を変えて配置することで様々な方向性を持たせることができ、積み重ねられる。,
171004,セメントレンガ弧板,弧形の石板は、角度を変えて配置することで様々な方向性を持たせることができ、積み重ねられる。,
171005,硫黄レンガ弧板,弧形の石板は、角度を変えて配置することで様々な方向性を持たせることができ、積み重ねられる。,
171006,石製弧板,弧形の石板は、角度を変えて配置することで様々な方向性を持たせることができ、積み重ねられる。,
171007,精製石レンガ弧板,弧形の石板は、角度を変えて配置することで様々な方向性を持たせることができ、積み重ねられる。,
171008,チタン弧板,弧形の金属板は、角度を変えて配置することで様々な方向性を持たせることができる。,
171009,銅製弧板,弧形の金属板は、角度を変えて配置することで様々な方向性を持たせることができ、積み重ねられる。,
171010,マイカ弧板,弧形の石板は、角度を変えて配置することで様々な方向性を持たせることができ、積み重ねられる。,
171011,ミスリル弧板,弧形の金属板は、角度を変えて配置することで様々な方向性を持たせることができ、積み重ねられる。,
171012,炎の弧板,弧形の金属板は、角度を変えて配置することで様々な方向性を持たせることができ、積み重ねられる。,
171013,レモンイエロー弧板,弧形の木板は、角度を変えて配置することで様々な方向性を持たせることができ、積み重ねられる。,
171014,ペールライム弧板,弧形の木板は、角度を変えて配置することで様々な方向性を持たせることができ、積み重ねられる。,
171015,深い栗色弧板,弧形の木板は、角度を変えて配置することで様々な方向性を持たせることができ、積み重ねられる。,
171016,サンセットオレンジ弧板,弧形の木板は、角度を変えて配置することで様々な方向性を持たせることができ、積み重ねられる。,
171017,ベゴニア弧板,弧形の木板は、角度を変えて配置することで様々な方向性を持たせることができ、積み重ねられる。,
171018,薄白い弧板,弧形の木板は、角度を変えて配置することで様々な方向性を持たせることができ、積み重ねられる。,
171019,オータムリーフオレンジ弧板,弧形の木板は、角度を変えて配置することで様々な方向性を持たせることができ、積み重ねられる。,
171020,弧板,,
171021,黄色いレンガ弧板,弧形の石板は、角度を変えて配置することで様々な方向性を持たせることができ、積み重ねられる。,
171022,マンガンブロック弧板,弧形の金属板は、角度を変えて配置することで様々な方向性を持たせることができ、積み重ねられる。,
171023,ライトペールグレー弧板,弧形の木板は、角度を変えて配置することで様々な方向性を持たせることができ、積み重ねられる。,
171024,粉雪傾斜板,弧形の粉雪は、角度を変えて配置することで様々な方向性を持たせることができ、積み重ねられる。,
171025,綿雪傾斜板,弧形の綿雪は、角度を変えて配置することで様々な方向性を持たせることができ、積み重ねられる。,
171026,天然氷傾斜板,弧形の天然氷は、角度を変えて配置することで様々な方向性を持たせることができ、積み重ねられる。,
171027,万年氷傾斜板,弧形の万年氷は、角度を変えて配置することで様々な方向性を持たせることができ、積み重ねられる。,
172001,プラネット岩石薄型弧板,弧形の石板は、角度を変えて配置することで様々な方向性を持たせることができ、積み重ねられる。,
172002,竹製薄型傾弧板,弧形の竹板は、角度を変えて配置することで様々な方向性を持たせることができ、積み重ねられる。,
172003,赤い薄型弧板,弧形の木板は、角度を変えて配置することで様々な方向性を持たせることができ、積み重ねられる。,
172004,セメントレンガ薄型弧板,弧形の石板は、角度を変えて配置することで様々な方向性を持たせることができ、積み重ねられる。,
172005,硫黄レンガ薄型弧板,弧形の石板は、角度を変えて配置することで様々な方向性を持たせることができ、積み重ねられる。,
172006,石製薄型弧板,弧形の石板は、角度を変えて配置することで様々な方向性を持たせることができ、積み重ねられる。,
172007,精製石レンガ薄型弧形板,弧形の石板は、角度を変えて配置することで様々な方向性を持たせることができ、積み重ねられる。,
172008,チタン薄型弧板,弧形の金属板は、角度を変えて配置することで様々な方向性を持たせることができ、積み重ねられる。,
172009,銅製薄型弧板,弧形の金属板は、角度を変えて配置することで様々な方向性を持たせることができ、積み重ねられる。,
172010,マイカ薄型弧板,弧形の石板は、角度を変えて配置することで様々な方向性を持たせることができ、積み重ねられる。,
172011,ミスリル薄型弧板,弧形の金属板は、角度を変えて配置することで様々な方向性を持たせることができ、積み重ねられる。,
172012,炎の薄型弧板,弧形の金属板は、角度を変えて配置することで様々な方向性を持たせることができ、積み重ねられる。,
172013,レモンイエロー薄型弧板,弧形の木板は、角度を変えて配置することで様々な方向性を持たせることができ、積み重ねられる。,
172014,ペールライム薄型弧板,弧形の木板は、角度を変えて配置することで様々な方向性を持たせることができ、積み重ねられる。,
172015,深い栗色薄型弧板,弧形の木板は、角度を変えて配置することで様々な方向性を持たせることができ、積み重ねられる。,
172016,サンセットオレンジ薄型弧板,弧形の木板は、角度を変えて配置することで様々な方向性を持たせることができ、積み重ねられる。,
172017,ベゴニア薄型弧板,弧形の木板は、角度を変えて配置することで様々な方向性を持たせることができ、積み重ねられる。,
172018,薄白い薄型弧板,弧形の木板は、角度を変えて配置することで様々な方向性を持たせることができ、積み重ねられる。,
172019,オータムリーフオレンジ薄型弧板,弧形の木板は、角度を変えて配置することで様々な方向性を持たせることができ、積み重ねられる。,
172020,薄型弧板,,
172021,黄色いレンガ薄型弧板,弧形の石板は、角度を変えて配置することで様々な方向性を持たせることができ、積み重ねられる。,
172022,マンガンブロック薄型弧板,弧形の金属板は、角度を変えて配置することで様々な方向性を持たせることができ、積み重ねられる。,
172023,ライトペールグレー薄型弧板,弧形の木板は、角度を変えて配置することで様々な方向性を持たせることができ、積み重ねられる。,
172024,粉雪薄型弧板,弧形の粉雪は、角度を変えて配置することで様々な方向性を持たせることができ、積み重ねられる。,
172025,綿雪薄型弧板,弧形の綿雪は、角度を変えて配置することで様々な方向性を持たせることができ、積み重ねられる。,
172026,天然氷薄型弧板,弧形の天然氷は、角度を変えて配置することで様々な方向性を持たせることができ、積み重ねられる。,
172027,万年氷薄型弧板,弧形の万年氷は、角度を変えて配置することで様々な方向性を持たせることができ、積み重ねられる。,
173001,プラネット岩石大型薄型弧板,弧形の石板は、角度を変えて配置することで様々な方向性を持たせることができ、積み重ねられる。,
173002,竹製大型薄型弧板,弧形の竹板は、角度を変えて配置することで様々な方向性を持たせることができ、積み重ねられる。,
173003,赤い大型薄型弧板,弧形の木板は、角度を変えて配置することで様々な方向性を持たせることができ、積み重ねられる。,
173004,セメントレンガ大型薄型弧板,弧形の石板は、角度を変えて配置することで様々な方向性を持たせることができ、積み重ねられる。,
173005,硫黄レンガ大型薄型弧板,弧形の石板は、角度を変えて配置することで様々な方向性を持たせることができ、積み重ねられる。,
173006,石製大型薄型弧板,弧形の石板は、角度を変えて配置することで様々な方向性を持たせることができ、積み重ねられる。,
173007,精製石レンガ大型薄型弧板,弧形の石板は、角度を変えて配置することで様々な方向性を持たせることができ、積み重ねられる。,
173008,チタン大型薄型弧板,弧形の金属板は、角度を変えて配置することで様々な方向性を持たせることができ、積み重ねられる。,
173009,銅製大型薄型弧板,弧形の金属板は、角度を変えて配置することで様々な方向性を持たせることができ、積み重ねられる。,
173010,マイカ大型薄型弧板,弧形の石板は、角度を変えて配置することで様々な方向性を持たせることができ、積み重ねられる。,
173011,ミスリル大型薄型弧板,弧形の金属板は、角度を変えて配置することで様々な方向性を持たせることができ、積み重ねられる。,
173012,炎の大型薄型弧板,弧形の金属板は、角度を変えて配置することで様々な方向性を持たせることができ、積み重ねられる。,
173013,レモンイエロー大型薄型弧板,弧形の木板は、角度を変えて配置することで様々な方向性を持たせることができ、積み重ねられる。,
173014,ペールライム大型薄型弧板,弧形の木板は、角度を変えて配置することで様々な方向性を持たせることができ、積み重ねられる。,
173015,深い栗色大型薄型弧板,弧形の木板は、角度を変えて配置することで様々な方向性を持たせることができ、積み重ねられる。,
173016,サンセットオレンジ大型薄型弧板,弧形の木板は、角度を変えて配置することで様々な方向性を持たせることができ、積み重ねられる。,
173017,ベゴニア大型薄型弧板,弧形の木板は、角度を変えて配置することで様々な方向性を持たせることができ、積み重ねられる。,
173018,薄白い大型薄型弧板,弧形の木板は、角度を変えて配置することで様々な方向性を持たせることができ、積み重ねられる。,
173019,オータムリーフオレンジ大型薄型弧板,弧形の木板は、角度を変えて配置することで様々な方向性を持たせることができ、積み重ねられる。,
173020,大型薄型弧板,,
173021,黄色いレンガ大型薄型弧板,弧形の石板は、角度を変えて配置することで様々な方向性を持たせることができ、積み重ねられる。,
173022,マンガンブロック大型薄型弧板,弧形の金属板は、角度を変えて配置することで様々な方向性を持たせることができ、積み重ねられる。,
173023,ライトペールグレー大型薄型弧板,弧形の木板は、角度を変えて配置することで様々な方向性を持たせることができ、積み重ねられる。,
173024,粉雪大型薄型弧板,弧形の粉雪は、角度を変えて配置することで様々な方向性を持たせることができ、積み重ねられる。,
173025,綿雪大型薄型弧板,弧形の綿雪は、角度を変えて配置することで様々な方向性を持たせることができ、積み重ねられる。,
173026,天然氷大型薄型弧板,弧形の天然氷は、角度を変えて配置することで様々な方向性を持たせることができ、積み重ねられる。,
173027,万年氷大型薄型弧板,弧形の万年氷は、角度を変えて配置することで様々な方向性を持たせることができ、積み重ねられる。,
174001,プラネット岩石縦薄型弧板,弧形の石板は、角度を変えて配置することで様々な方向性を持たせることができ、積み重ねられる。,
174002,竹製縦薄型弧板,弧形の竹板は、角度を変えて配置することで様々な方向性を持たせることができ、積み重ねられる。,
174003,赤い縦薄型弧板,弧形の木板は、角度を変えて配置することで様々な方向性を持たせることができ、積み重ねられる。,
174004,セメントレンガ縦薄型弧板,弧形の石板は、角度を変えて配置することで様々な方向性を持たせることができ、積み重ねられる。,
174005,硫黄レンガ縦薄型弧板,弧形の石板は、角度を変えて配置することで様々な方向性を持たせることができ、積み重ねられる。,
174006,石製縦薄型弧板,弧形の石板は、角度を変えて配置することで様々な方向性を持たせることができ、積み重ねられる。,
174007,精製石レンガ縦薄型弧板,弧形の石板は、角度を変えて配置することで様々な方向性を持たせることができ、積み重ねられる。,
174008,チタン縦薄型弧板,弧形の金属板は、角度を変えて配置することで様々な方向性を持たせることができ、積み重ねられる。,
174009,銅製縦薄型弧板,弧形の金属板は、角度を変えて配置することで様々な方向性を持たせることができ、積み重ねられる。,
174010,マイカ縦薄型弧板,弧形の石板は、角度を変えて配置することで様々な方向性を持たせることができ、積み重ねられる。,
174011,ミスリル縦薄型弧板,弧形の金属板は、角度を変えて配置することで様々な方向性を持たせることができ、積み重ねられる。,
174012,炎の縦薄型弧板,弧形の金属板は、角度を変えて配置することで様々な方向性を持たせることができ、積み重ねられる。,
174013,レモンイエロー縦薄型弧板,弧形の木板は、角度を変えて配置することで様々な方向性を持たせることができ、積み重ねられる。,
174014,ペールライム縦薄型弧板,弧形の木板は、角度を変えて配置することで様々な方向性を持たせることができ、積み重ねられる。,
174015,深い栗色縦薄型弧板,弧形の木板は、角度を変えて配置することで様々な方向性を持たせることができ、積み重ねられる。,
174016,サンセットオレンジ縦薄型弧板,弧形の木板は、角度を変えて配置することで様々な方向性を持たせることができ、積み重ねられる。,
174017,ベゴニア縦薄型弧板,弧形の木板は、角度を変えて配置することで様々な方向性を持たせることができ、積み重ねられる。,
174018,薄白い縦薄型弧板,弧形の木板は、角度を変えて配置することで様々な方向性を持たせることができ、積み重ねられる。,
174019,オータムリーフオレンジ縦薄型弧板,弧形の木板は、角度を変えて配置することで様々な方向性を持たせることができ、積み重ねられる。,
174020,縦薄型弧板,,
174021,黄色いレンガ縦薄型弧板,弧形の石板は、角度を変えて配置することで様々な方向性を持たせることができ、積み重ねられる。,
174022,マンガンブロック縦薄型弧板,弧形の金属板は、角度を変えて配置することで様々な方向性を持たせることができ、積み重ねられる。,
174023,ライトペールグレー縦薄型弧板,弧形の木板は、角度を変えて配置することで様々な方向性を持たせることができ、積み重ねられる。,
174024,粉雪縦薄型弧板,弧形の粉雪は、角度を変えて配置することで様々な方向性を持たせることができ、積み重ねられる。,
174025,綿雪縦薄型弧板,弧形の綿雪は、角度を変えて配置することで様々な方向性を持たせることができ、積み重ねられる。,
174026,天然氷縦薄型弧板,弧形の天然氷は、角度を変えて配置することで様々な方向性を持たせることができ、積み重ねられる。,
174027,万年氷縦薄型弧板,弧形の万年氷は、角度を変えて配置することで様々な方向性を持たせることができ、積み重ねられる。,
175001,プラネット岩石大型縦薄型弧板,弧形の石板は、角度を変えて配置することで様々な方向性を持たせることができ、積み重ねられる。,
175002,竹製大型縦薄型弧板,弧形の竹板は、角度を変えて配置することで様々な方向性を持たせることができ、積み重ねられる。,
175003,赤い大型縦薄型弧板,弧形の木板は、角度を変えて配置することで様々な方向性を持たせることができ、積み重ねられる。,
175004,セメントレンガ大型縦薄型弧板,弧形の石板は、角度を変えて配置することで様々な方向性を持たせることができ、積み重ねられる。,
175005,硫黄レンガ大型縦薄型弧板,弧形の石板は、角度を変えて配置することで様々な方向性を持たせることができ、積み重ねられる。,
175006,石製大型縦薄型弧板,弧形の石板は、角度を変えて配置することで様々な方向性を持たせることができ、積み重ねられる。,
175007,精製石レンガ大型縦薄型弧板,弧形の石板は、角度を変えて配置することで様々な方向性を持たせることができ、積み重ねられる。,
175008,チタン大型縦薄型弧板,弧形の金属板は、角度を変えて配置することで様々な方向性を持たせることができ、積み重ねられる。,
175009,銅製大型縦薄型弧板,弧形の金属板は、角度を変えて配置することで様々な方向性を持たせることができ、積み重ねられる。,
175010,マイカ大型縦薄型弧板,弧形の石板は、角度を変えて配置することで様々な方向性を持たせることができ、積み重ねられる。,
175011,ミスリル大型縦薄型弧板,弧形の金属板は、角度を変えて配置することで様々な方向性を持たせることができ、積み重ねられる。,
175012,炎の大型縦薄型弧板,弧形の金属板は、角度を変えて配置することで様々な方向性を持たせることができ、積み重ねられる。,
175013,レモンイエロー大型縦薄型弧板,弧形の木板は、角度を変えて配置することで様々な方向性を持たせることができ、積み重ねられる。,
175014,ペールライム大型縦薄型弧板,弧形の木板は、角度を変えて配置することで様々な方向性を持たせることができ、積み重ねられる。,
175015,深い栗色大型縦薄型弧板,弧形の木板は、角度を変えて配置することで様々な方向性を持たせることができ、積み重ねられる。,
175016,サンセットオレンジ大型縦薄型弧板,弧形の木板は、角度を変えて配置することで様々な方向性を持たせることができ、積み重ねられる。,
175017,ベゴニア大型縦薄型弧板,弧形の木板は、角度を変えて配置することで様々な方向性を持たせることができ、積み重ねられる。,
175018,薄白い大型縦薄型弧板,弧形の木板は、角度を変えて配置することで様々な方向性を持たせることができ、積み重ねられる。,
175019,オータムリーフオレンジ大型縦薄型弧板,弧形の木板は、角度を変えて配置することで様々な方向性を持たせることができ、積み重ねられる。,
175020,大型縦薄型弧板,,
175021,黄色いレンガ大型縦薄型弧板,弧形の石板は、角度を変えて配置することで様々な方向性を持たせることができ、積み重ねられる。,
175022,マンガンブロック大型縦薄型弧板,弧形の金属板は、角度を変えて配置することで様々な方向性を持たせることができ、積み重ねられる。,
175023,ライトペールグレー大型縦薄型弧板,弧形の木板は、角度を変えて配置することで様々な方向性を持たせることができ、積み重ねられる。,
175024,粉雪大型縦薄型弧板,弧形の粉雪は、角度を変えて配置することで様々な方向性を持たせることができ、積み重ねられる。,
175025,綿雪大型縦薄型弧板,弧形の綿雪は、角度を変えて配置することで様々な方向性を持たせることができ、積み重ねられる。,
175026,天然氷大型縦薄型弧板,弧形の天然氷は、角度を変えて配置することで様々な方向性を持たせることができ、積み重ねられる。,
175027,万年氷大型縦薄型弧板,弧形の万年氷は、角度を変えて配置することで様々な方向性を持たせることができ、積み重ねられる。,
176001,プラネット岩石角錐,角錐形の石板は、角度を変えて配置することで様々な方向性を持たせることができる。,
176002,竹製角錐,角錐形の竹板は、角度を変えて配置することで様々な方向性を持たせることができる。,
176003,赤い角錐,角錐形の木板は、角度を変えて配置することで様々な方向性を持たせることができる。,
176004,セメントレンガ角錐,角錐形の石板は、角度を変えて配置することで様々な方向性を持たせることができる。,
176005,硫黄レンガ角錐,角錐形の石板は、角度を変えて配置することで様々な方向性を持たせることができる。,
176006,石製角錐,角錐形の石板は、角度を変えて配置することで様々な方向性を持たせることができる。,
176007,精製石レンガ角錐,角錐形の石板は、角度を変えて配置することで様々な方向性を持たせることができる。,
176008,チタン角錐,角錐形の金属板は、角度を変えて配置することで様々な方向性を持たせることができる。,
176009,銅製角錐,角錐形の金属板は、角度を変えて配置することで様々な方向性を持たせることができる。,
176010,マイカ角錐,角錐形の石板は、角度を変えて配置することで様々な方向性を持たせることができる。,
176011,ミスリル角錐,角錐形の金属板は、角度を変えて配置することで様々な方向性を持たせることができる。,
176012,炎の角錐,角錐形の金属板は、角度を変えて配置することで様々な方向性を持たせることができる。,
176013,レモンイエロー角錐,角錐形の木板は、角度を変えて配置することで様々な方向性を持たせることができる。,
176014,ペールライム角錐,角錐形の木板は、角度を変えて配置することで様々な方向性を持たせることができる。,
176015,深い栗色角錐,角錐形の木板は、角度を変えて配置することで様々な方向性を持たせることができる。,
176016,サンセットオレンジ角錐,角錐形の木板は、角度を変えて配置することで様々な方向性を持たせることができる。,
176017,ベゴニア角錐,角錐形の木板は、角度を変えて配置することで様々な方向性を持たせることができる。,
176018,薄白い角錐,角錐形の木板は、角度を変えて配置することで様々な方向性を持たせることができる。,
176019,オータムリーフオレンジ角錐,角錐形の木板は、角度を変えて配置することで様々な方向性を持たせることができる。,
176020,角錐,,
176021,黄色いレンガ角錐,角錐形の石板は、角度を変えて配置することで様々な方向性を持たせることができる。,
176022,マンガンブロック角錐,角錐形の金属板は、角度を変えて配置することで様々な方向性を持たせることができる。,
176023,ライトペールグレー角錐,角錐形の木板は、角度を変えて配置することで様々な方向性を持たせることができる。,
176024,粉雪角錐,角錐形の粉雪は、角度を変えて配置することで様々な方向性を持たせることができる。,
176025,綿雪角錐,角錐形の綿雪は、角度を変えて配置することで様々な方向性を持たせることができる。,
176026,天然氷角錐,角錐形の天然氷は、角度を変えて配置することで様々な方向性を持たせることができる。,
176027,万年氷角錐,角錐形の万年氷は、角度を変えて配置することで様々な方向性を持たせることができる。,
200001,マネキン,#c0aba1d鎧と武器#nの展示に使える。,
200002,手動発射装置,手動操作で砲弾を打てるぞ！,
200003,木製ベッド,シンプルで基本的な木製ベッドだ。夜になったらここで寝て、朝までいい夢を見れる。,
200004,トラバサミ,生物がかかると動きを封じられる狩り人の罠だ。,
200005,道標,#c0aba1d配置#nした後は文字を入力して道を示すことができる。異なる方向の道標は重ねて置ける。,
200006,装備スタンド,ブロックの側面に配置するもの。手持ち道具をこの上に#c0aba1d置いて展示する#nことができる。,
200007,道標,,
200008,砂利の道,砂利で作られた道だ。,
200012,木の野蛮人戦士彫刻,戦闘！それは勇者への褒賞だ！,合成できない。#c0aba1dバーサーカー#nの対応する任務をクリアすることでしか獲得できない。
200013,銀の野蛮人戦士彫刻,戦闘！それは勇者への褒賞だ！,合成できない。#c0aba1dバーサーカー#nの対応する任務をクリアすることでしか獲得できない。
200014,金の野蛮人戦士彫刻,戦闘！それは勇者への褒賞だ！,合成できない。#c0aba1dバーサーカー#nの対応する任務をクリアすることでしか獲得できない。
200015,木の野蛮人祭司彫刻,戦闘！それは勇者への褒賞だ！,合成できない。#c0aba1dバーサーカー#nの対応する任務をクリアすることでしか獲得できない。
200016,銀の野蛮人祭司彫刻,戦闘！それは勇者への褒賞だ！,合成できない。#c0aba1dバーサーカー#nの対応する任務をクリアすることでしか獲得できない。
200017,金の野蛮人祭司彫刻,戦闘！それは勇者への褒賞だ！,合成できない。#c0aba1dバーサーカー#nの対応する任務をクリアすることでしか獲得できない。
200018,木の野蛮人投槍兵彫刻,戦闘！それは勇者への褒賞だ！,合成できない。#c0aba1dバーサーカー#nの対応する任務をクリアすることでしか獲得できない。
200019,銀の野蛮人投槍兵彫刻,戦闘！それは勇者への褒賞だ！,合成できない。#c0aba1dバーサーカー#nの対応する任務をクリアすることでしか獲得できない。
200020,金の野蛮人投槍兵彫刻,戦闘！それは勇者への褒賞だ！,合成できない。#c0aba1dバーサーカー#nの対応する任務をクリアすることでしか獲得できない。
200021,木の野良スカル彫刻,戦闘！それは勇者への褒賞だ！,合成できない。#c0aba1dバーサーカー#nの対応する任務をクリアすることでしか獲得できない。
200022,銀の野良スカル彫刻,戦闘！それは勇者への褒賞だ！,合成できない。#c0aba1dバーサーカー#nの対応する任務をクリアすることでしか獲得できない。
200023,金の野良スカル彫刻,戦闘！それは勇者への褒賞だ！,合成できない。#c0aba1dバーサーカー#nの対応する任務をクリアすることでしか獲得できない。
200024,木の毒素野蛮人祭司彫刻,戦闘！それは勇者への褒賞だ！,合成できない。#c0aba1dバーサーカー#nの対応する任務をクリアすることでしか獲得できない。
200025,銀の毒素野蛮人祭司彫刻,戦闘！それは勇者への褒賞だ！,合成できない。#c0aba1dバーサーカー#nの対応する任務をクリアすることでしか獲得できない。
200026,金の毒素野蛮人祭司彫刻,戦闘！それは勇者への褒賞だ！,合成できない。#c0aba1dバーサーカー#nの対応する任務をクリアすることでしか獲得できない。
200027,木の治療野蛮人祭司彫刻,戦闘！それは勇者への褒賞だ！,合成できない。#c0aba1dバーサーカー#nの対応する任務をクリアすることでしか獲得できない。
200028,銀の治療野蛮人祭司彫刻,戦闘！それは勇者への褒賞だ！,合成できない。#c0aba1dバーサーカー#nの対応する任務をクリアすることでしか獲得できない。
200029,金の治療野蛮人祭司彫刻,戦闘！それは勇者への褒賞だ！,合成できない。#c0aba1dバーサーカー#nの対応する任務をクリアすることでしか獲得できない。
200030,木の電撃野蛮人祭司彫刻,戦闘！それは勇者への褒賞だ！,合成できない。#c0aba1dバーサーカー#nの対応する任務をクリアすることでしか獲得できない。
200031,銀の電撃野蛮人祭司彫刻,戦闘！それは勇者への褒賞だ！,合成できない。#c0aba1dバーサーカー#nの対応する任務をクリアすることでしか獲得できない。
200032,金の電撃野蛮人祭司彫刻,戦闘！それは勇者への褒賞だ！,合成できない。#c0aba1dバーサーカー#nの対応する任務をクリアすることでしか獲得できない。
200033,木の火炎野蛮人祭司彫刻,戦闘！それは勇者への褒賞だ！,合成できない。#c0aba1dバーサーカー#nの対応する任務をクリアすることでしか獲得できない。
200034,銀の火炎野蛮人祭司彫刻,戦闘！それは勇者への褒賞だ！,合成できない。#c0aba1dバーサーカー#nの対応する任務をクリアすることでしか獲得できない。
200035,金の火炎野蛮人祭司彫刻,戦闘！それは勇者への褒賞だ！,合成できない。#c0aba1dバーサーカー#nの対応する任務をクリアすることでしか獲得できない。
200036,木のコウモリ彫刻,戦闘！それは勇者への褒賞だ！,合成できない。#c0aba1dバーサーカー#nの対応する任務をクリアすることでしか獲得できない。
200037,銀のコウモリ彫刻,戦闘！それは勇者への褒賞だ！,合成できない。#c0aba1dバーサーカー#nの対応する任務をクリアすることでしか獲得できない。
200038,金のコウモリ彫刻,戦闘！それは勇者への褒賞だ！,合成できない。#c0aba1dバーサーカー#nの対応する任務をクリアすることでしか獲得できない。
200039,木のルーンモンスター彫刻,戦闘！それは勇者への褒賞だ！,合成できない。#c0aba1dバーサーカー#nの対応する任務をクリアすることでしか獲得できない。
200040,銀のルーンモンスター彫刻,戦闘！それは勇者への褒賞だ！,合成できない。#c0aba1dバーサーカー#nの対応する任務をクリアすることでしか獲得できない。
200041,金のルーンモンスター彫刻,戦闘！それは勇者への褒賞だ！,合成できない。#c0aba1dバーサーカー#nの対応する任務をクリアすることでしか獲得できない。
200042,木のボイド使徒彫刻,戦闘！それは勇者への褒賞だ！,合成できない。#c0aba1dバーサーカー#nの対応する任務をクリアすることでしか獲得できない。
200043,銀のボイド使徒彫刻,戦闘！それは勇者への褒賞だ！,合成できない。#c0aba1dバーサーカー#nの対応する任務をクリアすることでしか獲得できない。
200044,金のボイド使徒彫刻,戦闘！それは勇者への褒賞だ！,合成できない。#c0aba1dバーサーカー#nの対応する任務をクリアすることでしか獲得できない。
200045,木の海賊略奪者彫刻,戦闘！それは勇者への褒賞だ！,合成できない。#c0aba1dバーサーカー#nの対応する任務をクリアすることでしか獲得できない。
200046,銀の海賊略奪者彫刻,戦闘！それは勇者への褒賞だ！,合成できない。#c0aba1dバーサーカー#nの対応する任務をクリアすることでしか獲得できない。
200047,金の海賊略奪者彫刻,戦闘！それは勇者への褒賞だ！,合成できない。#c0aba1dバーサーカー#nの対応する任務をクリアすることでしか獲得できない。
200048,木の海賊ハンター彫刻,戦闘！それは勇者への褒賞だ！,合成できない。#c0aba1dバーサーカー#nの対応する任務をクリアすることでしか獲得できない。
200049,銀の海賊ハンター彫刻,戦闘！それは勇者への褒賞だ！,合成できない。#c0aba1dバーサーカー#nの対応する任務をクリアすることでしか獲得できない。
200050,金の海賊ハンター彫刻,戦闘！それは勇者への褒賞だ！,合成できない。#c0aba1dバーサーカー#nの対応する任務をクリアすることでしか獲得できない。
200051,木のボムボムエッグ彫刻,戦闘！それは勇者への褒賞だ！,合成できない。#c0aba1dバーサーカー#nの対応する任務をクリアすることでしか獲得できない。
200052,銀のボムボムエッグ彫刻,戦闘！それは勇者への褒賞だ！,合成できない。#c0aba1dバーサーカー#nの対応する任務をクリアすることでしか獲得できない。
200053,金のボムボムエッグ彫刻,戦闘！それは勇者への褒賞だ！,合成できない。#c0aba1dバーサーカー#nの対応する任務をクリアすることでしか獲得できない。
200054,木の毒サソリ彫刻,戦闘！それは勇者への褒賞だ！,合成できない。#c0aba1dバーサーカー#nの対応する任務をクリアすることでしか獲得できない。
200055,銀の毒サソリ彫刻,戦闘！それは勇者への褒賞だ！,合成できない。#c0aba1dバーサーカー#nの対応する任務をクリアすることでしか獲得できない。
200056,金の毒サソリ彫刻,戦闘！それは勇者への褒賞だ！,合成できない。#c0aba1dバーサーカー#nの対応する任務をクリアすることでしか獲得できない。
200057,木の海精霊ガード彫刻,戦闘！それは勇者への褒賞だ！,合成できない。#c0aba1dバーサーカー#nの対応する任務をクリアすることでしか獲得できない。
200058,銀の海精霊ガード彫刻,戦闘！それは勇者への褒賞だ！,合成できない。#c0aba1dバーサーカー#nの対応する任務をクリアすることでしか獲得できない。
200059,金の海精霊ガード彫刻,戦闘！それは勇者への褒賞だ！,合成できない。#c0aba1dバーサーカー#nの対応する任務をクリアすることでしか獲得できない。
200060,木の砂漠ガード彫刻,戦闘！それは勇者への褒賞だ！,合成できない。#c0aba1dバーサーカー#nの対応する任務をクリアすることでしか獲得できない。
200061,銀の砂漠ガード彫刻,戦闘！それは勇者への褒賞だ！,合成できない。#c0aba1dバーサーカー#nの対応する任務をクリアすることでしか獲得できない。
200062,金の砂漠ガード彫刻,戦闘！それは勇者への褒賞だ！,合成できない。#c0aba1dバーサーカー#nの対応する任務をクリアすることでしか獲得できない。
200063,木の溶岩巨人彫刻,戦闘！それは勇者への褒賞だ！,合成できない。#c0aba1dバーサーカー#nの対応する任務をクリアすることでしか獲得できない。
200064,銀の溶岩巨人彫刻,戦闘！それは勇者への褒賞だ！,合成できない。#c0aba1dバーサーカー#nの対応する任務をクリアすることでしか獲得できない。
200065,金の溶岩巨人彫刻,戦闘！それは勇者への褒賞だ！,合成できない。#c0aba1dバーサーカー#nの対応する任務をクリアすることでしか獲得できない。
200066,木の硫黄射手彫刻,戦闘！それは勇者への褒賞だ！,合成できない。#c0aba1dバーサーカー#nの対応する任務をクリアすることでしか獲得できない。
200067,銀の硫黄射手彫刻,戦闘！それは勇者への褒賞だ！,合成できない。#c0aba1dバーサーカー#nの対応する任務をクリアすることでしか獲得できない。
200068,金の硫黄射手彫刻,戦闘！それは勇者への褒賞だ！,合成できない。#c0aba1dバーサーカー#nの対応する任務をクリアすることでしか獲得できない。
200069,木のキョロチッチ彫刻,戦闘！それは勇者への褒賞だ！,合成できない。#c0aba1dバーサーカー#nの対応する任務をクリアすることでしか獲得できない。
200070,銀のキョロチッチ彫刻,戦闘！それは勇者への褒賞だ！,合成できない。#c0aba1dバーサーカー#nの対応する任務をクリアすることでしか獲得できない。
200071,金のキョロチッチ彫刻,戦闘！それは勇者への褒賞だ！,合成できない。#c0aba1dバーサーカー#nの対応する任務をクリアすることでしか獲得できない。
200072,木のキョロドンドン彫刻,戦闘！それは勇者への褒賞だ！,合成できない。#c0aba1dバーサーカー#nの対応する任務をクリアすることでしか獲得できない。
200073,銀のキョロドンドン彫刻,戦闘！それは勇者への褒賞だ！,合成できない。#c0aba1dバーサーカー#nの対応する任務をクリアすることでしか獲得できない。
200074,金のキョロドンドン彫刻,戦闘！それは勇者への褒賞だ！,合成できない。#c0aba1dバーサーカー#nの対応する任務をクリアすることでしか獲得できない。
200075,木のキョロダンダン彫刻,戦闘！それは勇者への褒賞だ！,合成できない。#c0aba1dバーサーカー#nの対応する任務をクリアすることでしか獲得できない。
200076,銀のキョロダンダン彫刻,戦闘！それは勇者への褒賞だ！,合成できない。#c0aba1dバーサーカー#nの対応する任務をクリアすることでしか獲得できない。
200077,金のキョロダンダン彫刻,戦闘！それは勇者への褒賞だ！,合成できない。#c0aba1dバーサーカー#nの対応する任務をクリアすることでしか獲得できない。
200078,木のキョロシウシウ彫刻,戦闘！それは勇者への褒賞だ！,合成できない。#c0aba1dバーサーカー#nの対応する任務をクリアすることでしか獲得できない。
200079,銀のキョロシウシウ彫刻,戦闘！それは勇者への褒賞だ！,合成できない。#c0aba1dバーサーカー#nの対応する任務をクリアすることでしか獲得できない。
200080,金のキョロシウシウ彫刻,戦闘！それは勇者への褒賞だ！,合成できない。#c0aba1dバーサーカー#nの対応する任務をクリアすることでしか獲得できない。
200081,木のフロストガード彫刻,戦闘！それは勇者への褒賞だ！,合成できない。#c0aba1dバーサーカー#nの対応する任務をクリアすることでしか獲得できない。
200082,銀のフロストガード彫刻,戦闘！それは勇者への褒賞だ！,合成できない。#c0aba1dバーサーカー#nの対応する任務をクリアすることでしか獲得できない。
200083,金のフロストガード彫刻,戦闘！それは勇者への褒賞だ！,合成できない。#c0aba1dバーサーカー#nの対応する任務をクリアすることでしか獲得できない。
200084,木の寒霜野蛮人祭司彫刻,戦闘！それは勇者への褒賞だ！,合成できない。#c0aba1dバーサーカー#nの対応する任務をクリアすることでしか獲得できない。
200085,銀の寒霜野蛮人祭司彫刻,戦闘！それは勇者への褒賞だ！,合成できない。#c0aba1dバーサーカー#nの対応する任務をクリアすることでしか獲得できない。
200086,金の寒霜野蛮人祭司彫刻,戦闘！それは勇者への褒賞だ！,合成できない。#c0aba1dバーサーカー#nの対応する任務をクリアすることでしか獲得できない。
200087,木の海賊船（小）彫刻,戦闘！それは勇者への褒賞だ！,合成できない。#c0aba1dバーサーカー#nの対応する任務をクリアすることでしか獲得できない。
200088,銀の海賊船（小）彫刻,戦闘！それは勇者への褒賞だ！,合成できない。#c0aba1dバーサーカー#nの対応する任務をクリアすることでしか獲得できない。
200089,金の海賊船（小）彫刻,戦闘！それは勇者への褒賞だ！,合成できない。#c0aba1dバーサーカー#nの対応する任務をクリアすることでしか獲得できない。
200090,木の海賊船（中）彫刻,戦闘！それは勇者への褒賞だ！,合成できない。#c0aba1dバーサーカー#nの対応する任務をクリアすることでしか獲得できない。
200091,銀の海賊船（中）彫刻,戦闘！それは勇者への褒賞だ！,合成できない。#c0aba1dバーサーカー#nの対応する任務をクリアすることでしか獲得できない。
200092,金の海賊船（中）彫刻,戦闘！それは勇者への褒賞だ！,合成できない。#c0aba1dバーサーカー#nの対応する任務をクリアすることでしか獲得できない。
200093,木の海賊船（大）彫刻,戦闘！それは勇者への褒賞だ！,合成できない。#c0aba1dバーサーカー#nの対応する任務をクリアすることでしか獲得できない。
200094,銀の海賊船（大）彫刻,戦闘！それは勇者への褒賞だ！,合成できない。#c0aba1dバーサーカー#nの対応する任務をクリアすることでしか獲得できない。
200095,金の海賊船（大）彫刻,戦闘！それは勇者への褒賞だ！,合成できない。#c0aba1dバーサーカー#nの対応する任務をクリアすることでしか獲得できない。
200096,ケツァル・コアトルの彫刻,戦闘！それは勇者への褒賞だ！,合成できない。#c0aba1dケツァル・コアトル撃破#nの任務をクリアすることでしか獲得できない。
200097,太古のブラックドラゴンの彫刻,戦闘！それは勇者への褒賞だ！,合成できない。#c0aba1d太古ブラックドラゴンー撃破#nの任務をクリアすることでしか獲得できない。
200098,太古の巨人の彫刻,戦闘！それは勇者への褒賞だ！,合成できない。#c0aba1d太古の巨人撃破#nの任務をクリアすることでしか獲得できない。
200099,ボイドファントムの彫刻,戦闘！それは勇者への褒賞だ！,合成できない。#c0aba1dボイドファントム撃破#nの任務をクリアすることでしか獲得できない。
200100,氷の隕魔の彫刻,戦闘！それは勇者への褒賞だ！,合成できない。#c0aba1d氷の隕魔撃破#nの任務をクリアすることでしか獲得できない。
200101,積み重ねるブロックtop,,
200102,積み重ねるブロックbottom,,
200103,積み重ねるブロックcenter,,
200104,積み重ねるブロックlayer,,
200105,モンスター彫刻bottom,,
200106,モンスター彫刻台座,,
200107,モンスター彫刻layer,,
200108,石鍋,@item_1200#の上に置いて中に食材を入れられる（最大4個まで）。異なる組み合わせを試してどんな料理ができるか探ってみよう。@item_1200#に燃料を入れるのを忘れないでね。,
200109,ミスリル鍋,@item_200108#で発見した料理は、ミスリル鍋でレシピを通じて大量製作できる。より多くの料理を解放したいのなら、@item_200108#でたくさん試してみよう。,
200369,密封用の木板,#c0aba1d比較的に堅くて#n、窓やドアの補強に使えるよ！,
200370,木箱,中には何か秘密が隠れている。,
200371,燭台,弱々しい光を放つ蝋燭の灯りだ。,合成できない。#c0aba1d地下遺跡#nでしか獲得できない。
200375,木製腰掛け,シンプルで基本的な木製腰掛けだ。,
200376,木製テーブル,シンプルで基本的な木製テーブルだ。,
200377,木製ソファ,シンプルで基本的な木製ソファだ。,
200378,暖炉,シンプルで基本的な暖炉だ。#r@item_802#と同じ機能を持ち、低い品質の鉱石を錬成することができる。,
200379,木製タンス,シンプルで基本的なタンスだ。#r#c0aba1d床に置いて使用する#n。物を収納するのに使える。,
200380,ボイド・蛍光キノコの柄,ボイド・蛍光キノコの柄。#c0aba1d柔らかくて弾性がある#nように見えるから、#c0aba1dトランポリン#nとして使えるかも？,
200381,ボイド・蛍光キノコの傘,ボイド・蛍光キノコの傘。#c0aba1d柔らかくて弾性がある#nように見えるから、#c0aba1dトランポリン#nとして使えるかも？,
200382,ボイド・果実,ボイドの力が潜んでいる果実、投げつけると#c0aba1d渦潮を作れる#n。周りのドロップが吸い込まれないよに注意してね！,
200383,ボイド・果実席取り,ボイドの力が潜んでいる果実、投げつけると#c0aba1d渦潮を作れる#n。周りのドロップが吸い込まれないよに注意してね！,
200384,ボイド・果実席取り,ボイドの力が潜んでいる果実、投げつけると#c0aba1d渦潮を作れる#n。周りのドロップが吸い込まれないよに注意してね！,
200385,ボイド・果実席取り,ボイドの力が潜んでいる果実、投げつけると#c0aba1d渦潮を作れる#n。周りのドロップが吸い込まれないよに注意してね！,
200386,ボイド・果実席取り,ボイドの力が潜んでいる果実、投げつけると#c0aba1d渦潮を作れる#n。周りのドロップが吸い込まれないよに注意してね！,
200387,ボイド・果実席取り,ボイドの力が潜んでいる果実、投げつけると#c0aba1d渦潮を作れる#n。周りのドロップが吸い込まれないよに注意してね！,
200388,ボイド・果実席取り,ボイドの力が潜んでいる果実、投げつけると#c0aba1d渦潮を作れる#n。周りのドロップが吸い込まれないよに注意してね！,
200389,ボイド・超無敵大渦潮爆弾,この爆弾一つを作るためにたくさんのボイド・果実を消費してしまう。#c0aba1d想像もつかない威力#nを持っているから、慎重に使ってください！,
200390,ボイド・果樹の木,ボイド・果樹を構成するものだ。,
200391,ボイド・果樹の葉,ボイド・果樹を構成するものだ。,
200392,ボイド・果樹の枝,ボイド・果樹を構成するものだ。,
200393,ボイド・果樹の種,#c0aba1dボイドの力#nの影響を受けた種、土に植えるとボイド・果樹に成長するが、#c0aba1d暗い#n場所でしか成熟しない。,
200394,ボイド・風鈴草の種,ボイド・風鈴草の種、成長に条件はないが、#c0aba1d暗い#n場所でしか成熟しない。,
200395,ボイド・風鈴草,ボイドの力の影響を受けた風鈴草、生物が近くを通る時に花蕊を揺れて鳴らす習性がある。,
200396,ボイド・ハタガヤの種,ボイド・ハタガヤの種、成長に条件はないが、#c0aba1d暗い#n場所でしか成熟しない。,
200397,ボイド・ハタガヤ,ボイドの力の影響を受けたハタガヤ、長時間近くにいる生物を攻撃する習性がある。,
200398,ボイド・スターフラワー,ボイドの力の影響を受けたスターフラワーだ。,
200399,ボイド・ワカメ,ボイドの力の影響を受けたワカメだ。,
200400,ボイド・ドラセナ,ボイドの力の影響を受けたドラセナだ。,
200401,ボイド・リュウケツジュ,ボイドの力の影響を受けたリュウケツジュだ。,
200402,ボイド・ヒヤシンス,ボイドの力の影響を受けたヒヤシンスだ。,
200403,ボイド・黄色い鈴蘭,ボイドの力の影響を受けた黄色い鈴蘭だ。,
200404,ボイド・ミニアガベ,ボイドの力の影響を受けたミニアガベだ。,
200405,ボイド・ホワイトココナッツの花,ボイドの力の影響を受けたホワイトココナッツの花だ。,
200406,ボイド・野ばら,ボイドの力の影響を受けた野ばらだ。,
200407,ボイド・冬温花,ボイドの力の影響を受けた冬温花だ。,
200408,ボイド・彼岸花,ボイドの力の影響を受けた彼岸花だ。,
200409,ボイド・果樹の苗木,燃料として使えるが、燃え尽きるのが非常に速い。,
200410,太いボイド・果樹の枝,ボイド・果樹を構成するものだ。,
200411,ボイドクリスタル,生まれつきでボイドの力を含む結晶、右クリックで一部の生物や植物に使うと異変させることができる。,
200412,ボイドミルク,#c0aba1d食べた#n後はHP満タンになる可能性も、瀕死になる可能性もあるから、慎重に使ってください。,泌乳期のボイド・ツノジカに@item_11320#を使うことで獲得。
200413,ボイド瓜帽子1,ボイドの力の影響を受けた大きな瓜、破壊すると#c0aba1dサプライズがあるかも。#n#rドロップを精確に採集でき、#c0aba1d頭#nに装備できる。,
200414,ボイド瓜帽子2,ボイドの力の影響を受けた大きな瓜、#c0aba1d頭#nに装備できる。,
200415,ボイド瓜帽子3,ボイドの力の影響を受けた大きな瓜、#c0aba1d頭#nに装備できる。,
200416,ボイド瓜帽子4,ボイドの力の影響を受けた大きな瓜、#c0aba1d頭#nに装備できる。,
200417,ボイドの花,高級料理の食材やボイド生物の餌として使える。,ボイド・蝶々が異変した結果だ。
200418,土筍の種,@item_100#、@item_101#、@item_104#、@item_116#且つ遮光で暗い場所に植え、一定の時間が経つと@item_226#が芽生える。成長中は日差しに気を付けてください！,
200419,シソの種,@item_100#、@item_101#、@item_104#、@item_116#且つ遮光で暗い場所に植え、一定の時間が経つと@item_227#が芽生える。成長中は日差しに気を付けてください！,
200420,ドロップ壺,探索途中に失くした壺、破壊するとこの前にドロップしたアイテムを獲得できるけど…,
200421,ボイド・蝶々のガラス瓶,配置した後は周りの小範囲を照らせる。,@item_11320#でボイド・蝶々を捕まえることで獲得。
200422,ボイド獣肉,ボイド生物の肉、肉食のボイド生物のボイドエネルギーを回復できる。,ボイド生物を撃破することで獲得。
200423,モンスター掃討室の宝箱,地下に埋まった宝箱,
200424,モンスター掃討室の宝箱,地下に埋まった宝箱,
200425,モンスター掃討室の宝箱,地下に埋まった宝箱,
200426,モンスター掃討室の宝箱,地下に埋まった宝箱,
200427,モンスター掃討室の宝箱,地下に埋まった宝箱,
300000,,,
390000,勉強机,教室に置くには最適だ。,
390001,勉強椅子,教室に置くには最適だ。,
390002,講壇,教室に置くには最適だ。,
390003,教室の看板,内容をカスタマイズできる看板。,
390004,細長いシャンデリア,設置すると周囲のエリアを照らす。,
390005,時計,動ける時計。,
390006,運動場のフェンス,運動場の安全を守るフェンス。,
390007,教室のドア,教室のドアとしては完璧。,
390008,学校用ロッカー,学校での使用に最適だ。,
390009,画板,キレイな画板。,
390010,小さな植木鉢1,矮性植物を使用し、装飾として挿入することができるもの,
390011,小さな植木鉢2,矮性植物を使用し、装飾として挿入することができるもの,
390012,木製枠のガラス窓,枠付きのガラス窓。,
390013,明るい幾何学模様タイル,キレイなキャンパス風のタイル。,
390014,杏色宮廷タイル,キレイなキャンパス風のタイル。,
390015,青色しま模様タイル,キレイなキャンパス風のタイル。,
390016,備蓄,キレイなキャンパス風のタイル。,
390017,純白の釉薬タイル,キレイなキャンパス風のタイル。,
390018,備蓄,キレイなキャンパス風のタイル。,
390019,備蓄,キレイなキャンパス風のタイル。,
390020,備蓄,キレイなキャンパス風のタイル。,
390021,備蓄,キレイなキャンパス風のタイル。,
390022,運動場フェンスのドア,運動場のフェンスに取り付けよう。,
390023,黒の墨ブロック,美しい学園の磁器タイル。,
390024,灰の墨ブロック,美しい学園の磁器タイル。,
390025,黒灰のブロック,美しい学園の磁器タイル。,
390026,黒白のブロック,美しい学園の磁器タイル。,
390027,画仙紙のブロック,美しい学園の磁器タイル。,
525001,525001~530000は海外アイテムの予約です,ゲームのバージョンが低すぎる,
525002,新年カード星,魔法の数字カード1枚、4枚を集めて大賞を分けましょう!,
525003,新年カードキャンディ,魔法の数字カード1枚、4枚を集めて大賞を分けましょう!,
525004,新年カードラウンド,魔法の数字カード1枚、4枚を集めて大賞を分けましょう!,
525005,新年カード,魔法の数字カード1枚、4枚を集めて大賞を分けましょう!,
525006,新年の引換券,キラキラ光るカードは、お気に入りのキャラクターやドレスと交換できます!,
525007,新年の抽選券,キラキラ輝くカード1枚で、カードと新年カードが引けますよ!,
525008,参加してくれてありがとう,2022年を点灯して大賞を獲得する活動に参加してくれてありがとう,
525009,ミニ幸運卵,運営活動で報酬交換,
525010,ミニ桜,運営活動で報酬交換,
525011,ミニ水鉄砲,運営活動で報酬交換,
525012,ミニラマダンランプ,運営活動で報酬交換,
525013,ミニ蓮,運営活動で報酬交換,
525014,ミニミルクティー,運営活動で報酬交換,
525015,ミニポピー,運営活動で報酬交換,
525016,ミニ・ワヤン,運営活動で報酬交換,
525017,ミニグァバ,運営活動で報酬交換,
525018,ミニココナッツ,運営活動で報酬交換,
525019,ミニマレーシアの粽,運営活動で報酬交換,
525020,ミニランドマーク,運営活動で報酬交換,
525021,ミニブルー＆ホワイトスリッパ,運営活動で報酬交換,
525022,ミニチェリモヤ,運営活動で報酬交換,
525023,ミニエレファント,運営活動で報酬交換,
525024,ミニかさ,運営活動で報酬交換,
525025,ミニチョコボール,運営活動で報酬交換,
525026,ミニアガベ,運営活動で報酬交換,
525027,ミニ花火,運営活動で報酬交換,
525028,ミニバッグ,運営活動で報酬交換,
525029,ミニマレークマ,運営活動で報酬交換,
525030,ミニ猫,運営活動で報酬交換,
525031,ミニ寿司,運営活動で報酬交換,
525032,ミニ獅子舞,運営活動で報酬交換,
525033,ミニサッカー,運営活動で報酬交換,
525034,ミニスリッパ,運営活動で報酬交換,
525035,ミニココナッツ串,運営活動で報酬交換,
525036,ミニパンケーキ,運営活動で報酬交換,
525037,ミニ榴莲,運営活動で報酬交換,
525038,ミニ牛,運営活動で報酬交換,
525039,ミニ梅の花,運営活動で報酬交換,
525040,ミニクリスマスベル,運営活動で報酬交換,
525041,ミニおこわ,運営活動で報酬交換,
525042,ミニハロウィンかぼちゃ,運営活動で報酬交換,
525043,ミニ牡丹,運営活動で報酬交換,
525044,ミニランタン,運営活動で報酬交換,
525045,ミニクラウン,運営活動で報酬交換,
525046,ミニキャンディ,運営活動で報酬交換,
525047,ミニサーフボード,運営活動で報酬交換,
525048,ミニ宝箱,運営活動で報酬交換,
525049,ミニ福袋,運営活動で報酬交換,
525050,ワールドカップ,運営活動で報酬交換,
525051,鈴,運営活動で報酬交換,
525052,聖なる星月,運営活動で報酬交換,
525053,ミニマイク,運営活動で報酬交換,
525054,ミニ稲妻,運営活動で報酬交換,
525055,星エネルギー,運営活動で報酬交換,
525056,濃厚ミルクキャンディ,運営イベントで報酬と引換できる,
525057,彼岸のパイナップル,運営イベントで報酬と引換できる,
525058,リフレッシュアイテム,ミースラショップで使用,
525059,戦力証明書,運営イベントで報酬を引換できる,
525060,マティーニの破片,#cfa7a2fショップ-スキン#n。入手方法：マーケティングイベント。,
525061,エデンの破片,スキン-Edenをアンロック。#cfa7a2fMall-Skin#nで確認してください。入手方法：イベント。,
525062,ピース1-1,運営活動で報酬交換可。,
525063,ピース1-2,運営活動で報酬交換可。,
525064,ピース1-3,運営活動で報酬交換可,
525065,ピース1-4,運営活動で報酬交換可。,
525066,ピース2-1,運営活動で報酬交換可。,
525067,ピース2-2,運営活動で報酬交換可。,
525068,ピース2-3,運営活動で報酬交換可。,
525069,ピース2-4,運営活動で報酬交換可。,
525070,ピース3-1,運営活動で報酬交換可。,
525071,ピース3-2,運営活動で報酬交換可。,
525072,ピース3-3,運営活動で報酬交換可。,
525073,ピース13-4,ミストラルショップで。,
525074,ピース4-1,運営活動で報酬交換可。,
525075,ピース4-2,ミストラルショップで。,
525076,ピース4-3,運営活動で報酬交換可。,
525077,ピース4-4,運営活動で報酬交換可。,
525078,ミニ雪だるま,運用中の報酬交換。,
525079,ミニアイス,運用中の報酬交換。,
525080,バレンティンの破片,アンロックドレスアップ-バレンティン。#cfa7a2fショップ-ドレスアップ#nで。入手方法を見る：運営活動で入手する,
525081,ダイヤモンドの破片,運営中に報酬交換可能。,
525082,ミニベル,運営中に報酬交換可能。,
525083,虚空のメロン,イベントでリワードを利用する。,
525084,悪夢のクリスタル,イベントでリワードを利用する。,
525085,ミニ宝箱,運営イベントで報酬交換可。,
525086,ミニ貝殻,運営活動で報酬交換可。,
525087,ミニ氷塊,運営活動で報酬交換可。,
525088,ミニ剣,運営活動で報酬交換可。,
525089,ミニ果実,運営活動で報酬交換可。,
525090,ミニハンマー,運営活動で報酬交換可。,
525091,ミニアイスクリーム,運営活動で報酬交換可。,
525092,ミニゲーム機,運営活動で報酬交換可。,
525093,ミニミルク,運営活動で報酬交換可。,
525094,ミニ鍵,運営活動で報酬交換可。,
525095,ミニケーキ,運営活動で報酬交換可。,
525096,ミニマジックワンド,運営活動で報酬交換可。,
525097,ミニサーフカード,運営活動で報酬交換可。,
525098,ミニクリスマスソックス,運営活動で報酬交換可。,
525099,ミニスカイランタン,運営活動で報酬交換可。,
525100,ミニ爆弾,運営活動で報酬交換可。,
525101,ミニフライドポテト,運営活動で報酬交換可。,
525102,ミニロケット弾,運営活動で報酬交換可。,
525103,ミニ水晶,運営活動で報酬交換可。,
525104,ミニ緑水晶,運営活動で報酬交換可。,
525105,ミニ風船,運営活動で報酬交換可。,
525106,ミニロリポップ,運営活動で報酬交換可。,
525107,ミニ小銃,運営活動で報酬交換可。,
525108,ミニ氷瓶,運営活動で報酬交換可。,
525109,ミニジュース,運営活動で報酬交換可。,
525110,ミニウサギ,運営活動で報酬交換可。,
525111,ミニチェリー,運営活動で報酬交換可。,
525112,ミニスター,運営活動で報酬交換可。,
525113,ミニゴールドエッグ,運営活動で報酬交換可。,
525114,ミニフクロウ,運営活動で報酬交換可。,
530000,525001〜530000は海外の道具のために予約されています,ゲームのバージョンが低すぎる,
540000,,,
540001,銅の斧+銅の斧,伐採用の両手工具。すばやく木を切り倒せる。,@item_150029##nを使うことで獲得。
540002,銅の斧+石の斧,伐採用の両手工具。すばやく木を切り倒せる。,@item_150029##nを使うことで獲得。
540003,銅の斧+木の棒,#c0aba1dチャージ#nした後は前方の生物を気絶させることができる。木のブロックに命中した場合はそのブロックを砕ける。,@item_150029##nを使うことで獲得。
540004,銅の斧+ちくちくばんばんハンマー,#c0aba1dチャージ#nした後は前方の生物を気絶させることができる。木のブロックに命中した場合はそのブロックを砕ける。,@item_150029##nを使うことで獲得。
540005,銅の斧+凍結の棒,#c0aba1dチャージ#nした後は前方の生物を気絶させることができる。木のブロックに命中した場合はそのブロックを砕ける。,@item_150029##nを使うことで獲得。
540006,銅の斧+チタンのウォーハンマー,#c0aba1dチャージ#nした後は地面を叩き、周りの生物を吹き飛ばして気絶させ、同時に大量のダメージを与えることができる。木のブロックに命中した場合はそのブロックを砕ける。,@item_150029##nを使うことで獲得。
540007,銅の斧+石の剣,#c0aba1dチャージ#nした後は斬撃を放ち、周りの生物にダメージを与えることができる。木のブロックに命中した場合はそのブロックを砕ける。,@item_150029##nを使うことで獲得。
540008,銅の斧+短剣,#c0aba1dチャージ#nした後は斬撃を放ち、周りの生物にダメージを与えることができる。木のブロックに命中した場合はそのブロックを砕ける。,@item_150029##nを使うことで獲得。
540009,銅の斧+狩り人,#c0aba1dチャージ#nした後は斬撃を放ち、周りの生物にダメージを与えることができる。木のブロックに命中した場合はそのブロックを砕ける。,@item_150029##nを使うことで獲得。
540010,銅の斧+エネルギーソード,#c0aba1dチャージ#nした後は前方にテレポートし、周りの敵にダメージを与えることができる。木のブロックに命中した場合はそのブロックを砕ける。,@item_150029##nを使うことで獲得。
540011,銅の斧+石の矛,#c0aba1dチャージ#nした後は投げられる。木のブロックに命中した場合はそのブロックを砕ける。#r拾って繰り返して使える。,@item_150029##nを使うことで獲得。
540012,銅の斧+銅の矛,#c0aba1dチャージ#nした後は投げられる。木のブロックに命中した場合はそのブロックを砕ける。#r拾って繰り返して使える。,@item_150029##nを使うことで獲得。
540013,銅の斧+エネルギースピア,#c0aba1dチャージ#nした後は投げて複数の敵を貫通できる。木のブロックに命中した場合はそのブロックを砕ける。#r拾って繰り返して使える。,@item_150029##nを使うことで獲得。
540014,銅の斧+オニイトマキエイの銛,#c0aba1dチャージ#nした後は投げられる。木のブロックに命中した場合はそのブロックを砕ける。#r拾って繰り返して使える。,@item_150029##nを使うことで獲得。
540015,石の斧+石の斧,伐採用の両手工具。すばやく木を切り倒せる。,@item_150029##nを使うことで獲得。
540016,石の斧+木の棒,#c0aba1dチャージ#nした後は前方の生物を気絶させることができる。木のブロックに命中した場合はそのブロックを砕ける。,@item_150029##nを使うことで獲得。
540017,石の斧+ちくちくばんばんハンマー,#c0aba1dチャージ#nした後は前方の生物を気絶させることができる。木のブロックに命中した場合はそのブロックを砕ける。,@item_150029##nを使うことで獲得。
540018,石の斧+凍結の棒,#c0aba1dチャージ#nした後は前方の生物を気絶させることができる。木のブロックに命中した場合はそのブロックを砕ける。,@item_150029##nを使うことで獲得。
540019,石の斧+チタンのウォーハンマー,#c0aba1dチャージ#nした後は地面を叩き、周りの生物を吹き飛ばして気絶させ、同時に大量のダメージを与えることができる。木のブロックに命中した場合はそのブロックを砕ける。,@item_150029##nを使うことで獲得。
540020,石の斧+石の剣,#c0aba1dチャージ#nした後は斬撃を放ち、周りの生物にダメージを与えることができる。木のブロックに命中した場合はそのブロックを砕ける。,@item_150029##nを使うことで獲得。
540021,石の斧+短剣,#c0aba1dチャージ#nした後は斬撃を放ち、周りの生物にダメージを与えることができる。木のブロックに命中した場合はそのブロックを砕ける。,@item_150029##nを使うことで獲得。
540022,石の斧+狩り人,#c0aba1dチャージ#nした後は斬撃を放ち、周りの生物にダメージを与えることができる。木のブロックに命中した場合はそのブロックを砕ける。,@item_150029##nを使うことで獲得。
540023,石の斧+エネルギーソード,#c0aba1dチャージ#nした後は前方にテレポートし、周りの敵にダメージを与えることができる。木のブロックに命中した場合はそのブロックを砕ける。,@item_150029##nを使うことで獲得。
540024,石の斧+石の矛,#c0aba1dチャージ#nした後は投げられる。木のブロックに命中した場合はそのブロックを砕ける。#r拾って繰り返して使える。,@item_150029##nを使うことで獲得。
540025,石の斧+銅の矛,#c0aba1dチャージ#nした後は投げられる。木のブロックに命中した場合はそのブロックを砕ける。#r拾って繰り返して使える。,@item_150029##nを使うことで獲得。
540026,石の斧+エネルギースピア,#c0aba1dチャージ#nした後は投げて複数の敵を貫通できる。木のブロックに命中した場合はそのブロックを砕ける。#r拾って繰り返して使える。,@item_150029##nを使うことで獲得。
540027,石の斧+オニイトマキエイの銛,#c0aba1dチャージ#nした後は投げられる。木のブロックに命中した場合はそのブロックを砕ける。#r拾って繰り返して使える。,@item_150029##nを使うことで獲得。
540028,ミスリルの斧+銅の斧,伐採用の両手工具。木に#c0aba1dチャージ#nすると、木を丸ごと切り倒せる。,@item_150029##nを使うことで獲得。
540029,ミスリルの斧+石の斧,伐採用の両手工具。木に#c0aba1dチャージ#nすると、木を丸ごと切り倒せる。,@item_150029##nを使うことで獲得。
540030,ミスリルの斧+ミスリルの斧,伐採用の両手工具。木に#c0aba1dチャージ#nすると、木を丸ごと切り倒せる。,@item_150029##nを使うことで獲得。
540031,ミスリルの斧+木の棒,#c0aba1dチャージ#nした後は前方の生物を気絶させることができる。木のブロックに命中した場合はそのブロックを砕ける。,@item_150029##nを使うことで獲得。
540032,ミスリルの斧+ちくちくばんばんハンマー,#c0aba1dチャージ#nした後は前方の生物を気絶させることができる。木のブロックに命中した場合はそのブロックを砕ける。,@item_150029##nを使うことで獲得。
540033,ミスリルの斧+凍結の棒,#c0aba1dチャージ#nした後は前方の生物を気絶させることができる。木のブロックに命中した場合はそのブロックを砕ける。,@item_150029##nを使うことで獲得。
540034,ミスリルの斧+チタンのウォーハンマー,#c0aba1dチャージ#nした後は地面を叩き、周りの生物を吹き飛ばして気絶させ、同時に大量のダメージを与えることができる。木のブロックに命中した場合はそのブロックを砕ける。,@item_150029##nを使うことで獲得。
540035,ミスリルの斧+石の剣,#c0aba1dチャージ#nした後は斬撃を放ち、周りの生物にダメージを与えることができる。木のブロックに命中した場合はそのブロックを砕ける。,@item_150029##nを使うことで獲得。
540036,ミスリルの斧+短剣,#c0aba1dチャージ#nした後は斬撃を放ち、周りの生物にダメージを与えることができる。木のブロックに命中した場合はそのブロックを砕ける。,@item_150029##nを使うことで獲得。
540037,ミスリルの斧+狩り人,#c0aba1dチャージ#nした後は斬撃を放ち、周りの生物にダメージを与えることができる。木のブロックに命中した場合はそのブロックを砕ける。,@item_150029##nを使うことで獲得。
540038,ミスリルの斧+エネルギーソード,#c0aba1dチャージ#nした後は前方にテレポートし、周りの敵にダメージを与えることができる。木のブロックに命中した場合はそのブロックを砕ける。,@item_150029##nを使うことで獲得。
540039,ミスリルの斧+石の矛,#c0aba1dチャージ#nした後は投げられる。木のブロックに命中した場合はそのブロックを砕ける。#r拾って繰り返して使える。,@item_150029##nを使うことで獲得。
540040,ミスリルの斧+銅の矛,#c0aba1dチャージ#nした後は投げられる。木のブロックに命中した場合はそのブロックを砕ける。#r拾って繰り返して使える。,@item_150029##nを使うことで獲得。
540041,ミスリルの斧+エネルギースピア,#c0aba1dチャージ#nした後は投げて複数の敵を貫通できる。木のブロックに命中した場合はそのブロックを砕ける。#r拾って繰り返して使える。,@item_150029##nを使うことで獲得。
540042,ミスリルの斧+オニイトマキエイの銛,#c0aba1dチャージ#nした後は投げられる。木のブロックに命中した場合はそのブロックを砕ける。#r拾って繰り返して使える。,@item_150029##nを使うことで獲得。
540043,チタンの斧+銅の斧,伐採用の両手工具。木に#c0aba1dチャージ#nすると、木を丸ごと切り倒せる。,@item_150029##nを使うことで獲得。
540044,チタンの斧+石の斧,伐採用の両手工具。木に#c0aba1dチャージ#nすると、木を丸ごと切り倒せる。,@item_150029##nを使うことで獲得。
540045,チタンの斧+ミスリルの斧,伐採用の両手工具。木に#c0aba1dチャージ#nすると、木を丸ごと切り倒せる。,@item_150029##nを使うことで獲得。
540046,チタンの斧+チタンの斧,伐採用の両手工具。木に#c0aba1dチャージ#nすると、木を丸ごと切り倒せる。,@item_150029##nを使うことで獲得。
540047,チタンの斧+木の棒,#c0aba1dチャージ#nした後は前方の生物を気絶させることができる。木のブロックに命中した場合はそのブロックを砕ける。,@item_150029##nを使うことで獲得。
540048,チタンの斧+ちくちくばんばんハンマー,#c0aba1dチャージ#nした後は前方の生物を気絶させることができる。木のブロックに命中した場合はそのブロックを砕ける。,@item_150029##nを使うことで獲得。
540049,チタンの斧+凍結の棒,#c0aba1dチャージ#nした後は前方の生物を気絶させることができる。木のブロックに命中した場合はそのブロックを砕ける。,@item_150029##nを使うことで獲得。
540050,チタンの斧+チタンのウォーハンマー,#c0aba1dチャージ#nした後は地面を叩き、周りの生物を吹き飛ばして気絶させ、同時に大量のダメージを与えることができる。木のブロックに命中した場合はそのブロックを砕ける。,@item_150029##nを使うことで獲得。
540051,チタンの斧+石の剣,#c0aba1dチャージ#nした後は斬撃を放ち、周りの生物にダメージを与えることができる。木のブロックに命中した場合はそのブロックを砕ける。,@item_150029##nを使うことで獲得。
540052,チタンの斧+短剣,#c0aba1dチャージ#nした後は斬撃を放ち、周りの生物にダメージを与えることができる。木のブロックに命中した場合はそのブロックを砕ける。,@item_150029##nを使うことで獲得。
540053,チタンの斧+狩り人,#c0aba1dチャージ#nした後は斬撃を放ち、周りの生物にダメージを与えることができる。木のブロックに命中した場合はそのブロックを砕ける。,@item_150029##nを使うことで獲得。
540054,チタンの斧+エネルギーソード,#c0aba1dチャージ#nした後は前方にテレポートし、周りの敵にダメージを与えることができる。木のブロックに命中した場合はそのブロックを砕ける。,@item_150029##nを使うことで獲得。
540055,チタンの斧+石の矛,#c0aba1dチャージ#nした後は投げられる。木のブロックに命中した場合はそのブロックを砕ける。#r拾って繰り返して使える。,@item_150029##nを使うことで獲得。
540056,チタンの斧+銅の矛,#c0aba1dチャージ#nした後は投げられる。木のブロックに命中した場合はそのブロックを砕ける。#r拾って繰り返して使える。,@item_150029##nを使うことで獲得。
540057,チタンの斧+エネルギースピア,#c0aba1dチャージ#nした後は投げて複数の敵を貫通できる。木のブロックに命中した場合はそのブロックを砕ける。#r拾って繰り返して使える。,@item_150029##nを使うことで獲得。
540058,チタンの斧+オニイトマキエイの銛,#c0aba1dチャージ#nした後は投げられる。木のブロックに命中した場合はそのブロックを砕ける。#r拾って繰り返して使える。,@item_150029##nを使うことで獲得。
540059,チェーンソー+銅の斧,伐採用の両手工具。#c0aba1dチャージボタンを長押しする#nと斧系工具の破壊状態に入り、接触した木を#c0aba1d丸ごと#n破壊できる。チャージボタンを離すと破壊状態が終わる。,@item_150029##nを使うことで獲得。
540060,チェーンソー+石の斧,伐採用の両手工具。#c0aba1dチャージボタンを長押しする#nと斧系工具の破壊状態に入り、接触した木を#c0aba1d丸ごと#n破壊できる。チャージボタンを離すと破壊状態が終わる。,@item_150029##nを使うことで獲得。
540061,チェーンソー+ミスリルの斧,伐採用の両手工具。#c0aba1dチャージボタンを長押しする#nと斧系工具の破壊状態に入り、接触した木を#c0aba1d丸ごと#n破壊できる。チャージボタンを離すと破壊状態が終わる。,@item_150029##nを使うことで獲得。
540062,チェーンソー+チタンの斧,伐採用の両手工具。#c0aba1dチャージボタンを長押しする#nと斧系工具の破壊状態に入り、接触した木を#c0aba1d丸ごと#n破壊できる。チャージボタンを離すと破壊状態が終わる。,@item_150029##nを使うことで獲得。
540063,チェーンソー+チェーンソー,伐採用の両手工具。#c0aba1dチャージボタンを長押しする#nと斧系工具の破壊状態に入り、接触した木を#c0aba1d丸ごと#n破壊できる。チャージボタンを離すと破壊状態が終わる。,@item_150029##nを使うことで獲得。
540064,チェーンソー+木の棒,#c0aba1dチャージ#nした後は前方の生物を気絶させることができる。木のブロックに命中した場合はそのブロックを砕ける。,@item_150029##nを使うことで獲得。
540065,チェーンソー+ちくちくばんばんハンマー,#c0aba1dチャージ#nした後は前方の生物を気絶させることができる。木のブロックに命中した場合はそのブロックを砕ける。,@item_150029##nを使うことで獲得。
540066,チェーンソー+凍結の棒,#c0aba1dチャージ#nした後は前方の生物を気絶させることができる。木のブロックに命中した場合はそのブロックを砕ける。,@item_150029##nを使うことで獲得。
540067,チェーンソー+チタンのウォーハンマー,#c0aba1dチャージ#nした後は地面を叩き、周りの生物を吹き飛ばして気絶させ、同時に大量のダメージを与えることができる。木のブロックに命中した場合はそのブロックを砕ける。,@item_150029##nを使うことで獲得。
540068,チェーンソー+石の剣,#c0aba1dチャージ#nした後は斬撃を放ち、周りの生物にダメージを与えることができる。木のブロックに命中した場合はそのブロックを砕ける。,@item_150029##nを使うことで獲得。
540069,チェーンソー+短剣,#c0aba1dチャージ#nした後は斬撃を放ち、周りの生物にダメージを与えることができる。木のブロックに命中した場合はそのブロックを砕ける。,@item_150029##nを使うことで獲得。
540070,チェーンソー+狩り人,#c0aba1dチャージ#nした後は斬撃を放ち、周りの生物にダメージを与えることができる。木のブロックに命中した場合はそのブロックを砕ける。,@item_150029##nを使うことで獲得。
540071,チェーンソー+エネルギーソード,#c0aba1dチャージ#nした後は前方にテレポートし、周りの敵にダメージを与えることができる。木のブロックに命中した場合はそのブロックを砕ける。,@item_150029##nを使うことで獲得。
540072,チェーンソー+石の矛,#c0aba1dチャージ#nした後は投げられる。木のブロックに命中した場合はそのブロックを砕ける。#r拾って繰り返して使える。,@item_150029##nを使うことで獲得。
540073,チェーンソー+銅の矛,#c0aba1dチャージ#nした後は投げられる。木のブロックに命中した場合はそのブロックを砕ける。#r拾って繰り返して使える。,@item_150029##nを使うことで獲得。
540074,チェーンソー+エネルギースピア,#c0aba1dチャージ#nした後は投げて複数の敵を貫通できる。木のブロックに命中した場合はそのブロックを砕ける。#r拾って繰り返して使える。,@item_150029##nを使うことで獲得。
540075,チェーンソー+オニイトマキエイの銛,#c0aba1dチャージ#nした後は投げられる。木のブロックに命中した場合はそのブロックを砕ける。#r拾って繰り返して使える。,@item_150029##nを使うことで獲得。
540076,銅のツルハシ+銅のツルハシ,採掘用の両手工具。すばやく鉱石を採掘できる。,@item_150029##nを使うことで獲得。
540077,銅のツルハシ+石のツルハシ,採掘用の両手工具。すばやく鉱石を採掘できる。,@item_150029##nを使うことで獲得。
540078,銅のツルハシ+木の棒,#c0aba1dチャージ#nした後は前方の生物を気絶させることができる。石のブロックに命中した場合はそのブロックを砕ける。,@item_150029##nを使うことで獲得。
540079,銅のツルハシ+ちくちくばんばんハンマー,#c0aba1dチャージ#nした後は前方の生物を気絶させることができる。石のブロックに命中した場合はそのブロックを砕ける。,@item_150029##nを使うことで獲得。
540080,銅のツルハシ+凍結の棒,#c0aba1dチャージ#nした後は前方の生物を気絶させることができる。石のブロックに命中した場合はそのブロックを砕ける。,@item_150029##nを使うことで獲得。
540081,銅のツルハシ+チタンのウォーハンマー,#c0aba1dチャージ#nした後は地面を叩き、周りの生物を吹き飛ばして気絶させ、同時に大量のダメージを与えることができる。石のブロックに命中した場合はそのブロックを砕ける。,@item_150029##nを使うことで獲得。
540082,銅のツルハシ+石の剣,#c0aba1dチャージ#nした後は斬撃を放ち、周りの生物にダメージを与えることができる。石のブロックに命中した場合はそのブロックを砕ける。,@item_150029##nを使うことで獲得。
540083,銅のツルハシ+短剣,#c0aba1dチャージ#nした後は斬撃を放ち、周りの生物にダメージを与えることができる。石のブロックに命中した場合はそのブロックを砕ける。,@item_150029##nを使うことで獲得。
540084,銅のツルハシ+狩り人,#c0aba1dチャージ#nした後は斬撃を放ち、周りの生物にダメージを与えることができる。石のブロックに命中した場合はそのブロックを砕ける。,@item_150029##nを使うことで獲得。
540085,銅のツルハシ+エネルギーソード,#c0aba1dチャージ#nした後は前方にテレポートし、周りの敵にダメージを与えることができる。石のブロックに命中した場合はそのブロックを砕ける。,@item_150029##nを使うことで獲得。
540086,銅のツルハシ+石の矛,#c0aba1dチャージ#nした後は投げられる。石のブロックに命中した場合はそのブロックを砕ける。#r拾って繰り返して使える。,@item_150029##nを使うことで獲得。
540087,銅のツルハシ+銅の矛,#c0aba1dチャージ#nした後は投げられる。石のブロックに命中した場合はそのブロックを砕ける。#r拾って繰り返して使える。,@item_150029##nを使うことで獲得。
540088,銅のツルハシ+エネルギースピア,#c0aba1dチャージ#nした後は投げて複数の敵を貫通できる。石のブロックに命中した場合はそのブロックを砕ける。#r拾って繰り返して使える。,@item_150029##nを使うことで獲得。
540089,銅のツルハシ+オニイトマキエイの銛,#c0aba1dチャージ#nした後は投げられる。石のブロックに命中した場合はそのブロックを砕ける。#r拾って繰り返して使える。,@item_150029##nを使うことで獲得。
540090,石のツルハシ+石のツルハシ,採掘用の両手工具。すばやく鉱石を採掘できる。,@item_150029##nを使うことで獲得。
540091,石のツルハシ+木の棒,#c0aba1dチャージ#nした後は前方の生物を気絶させることができる。石のブロックに命中した場合はそのブロックを砕ける。,@item_150029##nを使うことで獲得。
540092,石のツルハシ+ちくちくばんばんハンマー,#c0aba1dチャージ#nした後は前方の生物を気絶させることができる。石のブロックに命中した場合はそのブロックを砕ける。,@item_150029##nを使うことで獲得。
540093,石のツルハシ+凍結の棒,#c0aba1dチャージ#nした後は前方の生物を気絶させることができる。石のブロックに命中した場合はそのブロックを砕ける。,@item_150029##nを使うことで獲得。
540094,石のツルハシ+チタンのウォーハンマー,#c0aba1dチャージ#nした後は地面を叩き、周りの生物を吹き飛ばして気絶させ、同時に大量のダメージを与えることができる。石のブロックに命中した場合はそのブロックを砕ける。,@item_150029##nを使うことで獲得。
540095,石のツルハシ+石の剣,#c0aba1dチャージ#nした後は斬撃を放ち、周りの生物にダメージを与えることができる。石のブロックに命中した場合はそのブロックを砕ける。,@item_150029##nを使うことで獲得。
540096,石のツルハシ+短剣,#c0aba1dチャージ#nした後は斬撃を放ち、周りの生物にダメージを与えることができる。石のブロックに命中した場合はそのブロックを砕ける。,@item_150029##nを使うことで獲得。
540097,石のツルハシ+狩り人,#c0aba1dチャージ#nした後は斬撃を放ち、周りの生物にダメージを与えることができる。石のブロックに命中した場合はそのブロックを砕ける。,@item_150029##nを使うことで獲得。
540098,石のツルハシ+エネルギーソード,#c0aba1dチャージ#nした後は前方にテレポートし、周りの敵にダメージを与えることができる。石のブロックに命中した場合はそのブロックを砕ける。,@item_150029##nを使うことで獲得。
540099,石のツルハシ+石の矛,#c0aba1dチャージ#nした後は投げられる。石のブロックに命中した場合はそのブロックを砕ける。#r拾って繰り返して使える。,@item_150029##nを使うことで獲得。
540100,石のツルハシ+銅の矛,#c0aba1dチャージ#nした後は投げられる。石のブロックに命中した場合はそのブロックを砕ける。#r拾って繰り返して使える。,@item_150029##nを使うことで獲得。
540101,石のツルハシ+エネルギースピア,#c0aba1dチャージ#nした後は投げて複数の敵を貫通できる。石のブロックに命中した場合はそのブロックを砕ける。#r拾って繰り返して使える。,@item_150029##nを使うことで獲得。
540102,石のツルハシ+オニイトマキエイの銛,#c0aba1dチャージ#nした後は投げられる。石のブロックに命中した場合はそのブロックを砕ける。#r拾って繰り返して使える。,@item_150029##nを使うことで獲得。
540103,ミスリルのツルハシ+銅のツルハシ,採掘用の両手工具。#c0aba1dチャージボタンを長押しする#nとツルハシ系工具の破壊状態に入り、接触した#c0aba1d1*3*1範囲内の#n石材系ブロックを破壊できる。チャージボタンを離すと破壊状態が終わる。,@item_150029##nを使うことで獲得。
540104,ミスリルのツルハシ+石のツルハシ,採掘用の両手工具。#c0aba1dチャージボタンを長押しする#nとツルハシ系工具の破壊状態に入り、接触した#c0aba1d1*3*1範囲内の#n石材系ブロックを破壊できる。チャージボタンを離すと破壊状態が終わる。,@item_150029##nを使うことで獲得。
540105,ミスリルのツルハシ+ミスリルのツルハシ,採掘用の両手工具。#c0aba1dチャージボタンを長押しする#nとツルハシ系工具の破壊状態に入り、接触した#c0aba1d1*3*1範囲内の#n石材系ブロックを破壊できる。チャージボタンを離すと破壊状態が終わる。,@item_150029##nを使うことで獲得。
540106,ミスリルのツルハシ+木の棒,#c0aba1dチャージ#nした後は前方の生物を気絶させることができる。石のブロックに命中した場合はそのブロックを砕ける。,@item_150029##nを使うことで獲得。
540107,ミスリルのツルハシ+ちくちくばんばんハンマー,#c0aba1dチャージ#nした後は前方の生物を気絶させることができる。石のブロックに命中した場合はそのブロックを砕ける。,@item_150029##nを使うことで獲得。
540108,ミスリルのツルハシ+凍結の棒,#c0aba1dチャージ#nした後は前方の生物を気絶させることができる。石のブロックに命中した場合はそのブロックを砕ける。,@item_150029##nを使うことで獲得。
540109,ミスリルのツルハシ+チタンのウォーハンマー,#c0aba1dチャージ#nした後は地面を叩き、周りの生物を吹き飛ばして気絶させ、同時に大量のダメージを与えることができる。石のブロックに命中した場合はそのブロックを砕ける。,@item_150029##nを使うことで獲得。
540110,ミスリルのツルハシ+石の剣,#c0aba1dチャージ#nした後は斬撃を放ち、周りの生物にダメージを与えることができる。石のブロックに命中した場合はそのブロックを砕ける。,@item_150029##nを使うことで獲得。
540111,ミスリルのツルハシ+短剣,#c0aba1dチャージ#nした後は斬撃を放ち、周りの生物にダメージを与えることができる。石のブロックに命中した場合はそのブロックを砕ける。,@item_150029##nを使うことで獲得。
540112,ミスリルのツルハシ+狩り人,#c0aba1dチャージ#nした後は斬撃を放ち、周りの生物にダメージを与えることができる。石のブロックに命中した場合はそのブロックを砕ける。,@item_150029##nを使うことで獲得。
540113,ミスリルのツルハシ+エネルギーソード,#c0aba1dチャージ#nした後は前方にテレポートし、周りの敵にダメージを与えることができる。石のブロックに命中した場合はそのブロックを砕ける。,@item_150029##nを使うことで獲得。
540114,ミスリルのツルハシ+石の矛,#c0aba1dチャージ#nした後は投げられる。石のブロックに命中した場合はそのブロックを砕ける。#r拾って繰り返して使える。,@item_150029##nを使うことで獲得。
540115,ミスリルのツルハシ+銅の矛,#c0aba1dチャージ#nした後は投げられる。石のブロックに命中した場合はそのブロックを砕ける。#r拾って繰り返して使える。,@item_150029##nを使うことで獲得。
540116,ミスリルのツルハシ+エネルギースピア,#c0aba1dチャージ#nした後は投げて複数の敵を貫通できる。石のブロックに命中した場合はそのブロックを砕ける。#r拾って繰り返して使える。,@item_150029##nを使うことで獲得。
540117,ミスリルのツルハシ+オニイトマキエイの銛,#c0aba1dチャージ#nした後は投げられる。石のブロックに命中した場合はそのブロックを砕ける。#r拾って繰り返して使える。,@item_150029##nを使うことで獲得。
540118,チタンのツルハシ+銅のツルハシ,採掘用の両手工具。#c0aba1dチャージボタンを長#n押しするとツルハシ系工具の破壊状態に入り、接触した#c0aba1d十字範囲#n内の石材系ブロックを破壊できる。チャージボタンを離すと破壊状態が終わる。,@item_150029##nを使うことで獲得。
540119,チタンのツルハシ+石のツルハシ,採掘用の両手工具。#c0aba1dチャージボタンを長#n押しするとツルハシ系工具の破壊状態に入り、接触#c0aba1dした十字範囲#n内の石材系ブロックを破壊できる。チャージボタンを離すと破壊状態が終わる。,@item_150029##nを使うことで獲得。
540120,チタンのツルハシ+ミスリルのツルハシ,採掘用の両手工具。#c0aba1dチャージボタンを長#n押しするとツルハシ系工具の破壊状態に入り、接触した#c0aba1d十字範囲#n内の石材系ブロックを破壊できる。チャージボタンを離すと破壊状態が終わる。,@item_150029##nを使うことで獲得。
540121,チタンのツルハシ+チタンのツルハシ,採掘用の両手工具。#c0aba1dチャージボタンを長#n押しするとツルハシ系工具の破壊状態に入り、接触した#c0aba1d十字範囲#n内の石材系ブロックを破壊できる。チャージボタンを離すと破壊状態が終わる。,@item_150029##nを使うことで獲得。
540122,チタンのツルハシ+木の棒,#c0aba1dチャージ#nした後は前方の生物を気絶させることができる。石のブロックに命中した場合はそのブロックを砕ける。,@item_150029##nを使うことで獲得。
540123,チタンのツルハシ+ちくちくばんばんハンマー,#c0aba1dチャージ#nした後は前方の生物を気絶させることができる。石のブロックに命中した場合はそのブロックを砕ける。,@item_150029##nを使うことで獲得。
540124,チタンのツルハシ+凍結の棒,#c0aba1dチャージ#nした後は前方の生物を気絶させることができる。石のブロックに命中した場合はそのブロックを砕ける。,@item_150029##nを使うことで獲得。
540125,チタンのツルハシ+チタンのウォーハンマー,#c0aba1dチャージ#nした後は地面を叩き、周りの生物を吹き飛ばして気絶させ、同時に大量のダメージを与えることができる。石のブロックに命中した場合はそのブロックを砕ける。,@item_150029##nを使うことで獲得。
540126,チタンのツルハシ+石の剣,#c0aba1dチャージ#nした後は斬撃を放ち、周りの生物にダメージを与えることができる。石のブロックに命中した場合はそのブロックを砕ける。,@item_150029##nを使うことで獲得。
540127,チタンのツルハシ+短剣,#c0aba1dチャージ#nした後は斬撃を放ち、周りの生物にダメージを与えることができる。石のブロックに命中した場合はそのブロックを砕ける。,@item_150029##nを使うことで獲得。
540128,チタンのツルハシ+狩り人,#c0aba1dチャージ#nした後は斬撃を放ち、周りの生物にダメージを与えることができる。石のブロックに命中した場合はそのブロックを砕ける。,@item_150029##nを使うことで獲得。
540129,チタンのツルハシ+エネルギーソード,#c0aba1dチャージ#nした後は前方にテレポートし、周りの敵にダメージを与えることができる。石のブロックに命中した場合はそのブロックを砕ける。,@item_150029##nを使うことで獲得。
540130,チタンのツルハシ+石の矛,#c0aba1dチャージ#nした後は投げられる。石のブロックに命中した場合はそのブロックを砕ける。#r拾って繰り返して使える。,@item_150029##nを使うことで獲得。
540131,チタンのツルハシ+銅の矛,#c0aba1dチャージ#nした後は投げられる。石のブロックに命中した場合はそのブロックを砕ける。#r拾って繰り返して使える。,@item_150029##nを使うことで獲得。
540132,チタンのツルハシ+エネルギースピア,#c0aba1dチャージ#nした後は投げて複数の敵を貫通できる。石のブロックに命中した場合はそのブロックを砕ける。#r拾って繰り返して使える。,@item_150029##nを使うことで獲得。
540133,チタンのツルハシ+オニイトマキエイの銛,#c0aba1dチャージ#nした後は投げられる。石のブロックに命中した場合はそのブロックを砕ける。#r拾って繰り返して使える。,@item_150029##nを使うことで獲得。
540134,ドリル+銅のツルハシ,採掘用の工具。#c0aba1dチャージボタンを長押しする#nとツルハシ系工具の破壊状態に入り、接触した#c0aba1d3*3*1範囲内の#n石材系ブロックを破壊できる。チャージボタンを離すと破壊状態が終わる。,@item_150029##nを使うことで獲得。
540135,ドリル+石のツルハシ,採掘用の工具。#c0aba1dチャージボタンを長押しする#nとツルハシ系工具の破壊状態に入り、接触した#c0aba1d3*3*1範囲内の#n石材系ブロックを破壊できる。チャージボタンを離すと破壊状態が終わる。,@item_150029##nを使うことで獲得。
540136,ドリル+ミスリルのツルハシ,採掘用の工具。#c0aba1dチャージボタンを長押しする#nとツルハシ系工具の破壊状態に入り、接触した#c0aba1d3*3*1範囲内の#n石材系ブロックを破壊できる。チャージボタンを離すと破壊状態が終わる。,@item_150029##nを使うことで獲得。
540137,ドリル+チタンのツルハシ,採掘用の工具。#c0aba1dチャージボタンを長押しする#nとツルハシ系工具の破壊状態に入り、接触した#c0aba1d3*3*1範囲内の#n石材系ブロックを破壊できる。チャージボタンを離すと破壊状態が終わる。,@item_150029##nを使うことで獲得。
540138,ドリル+ドリル,採掘用の工具。#c0aba1dチャージボタンを長押しする#nとツルハシ系工具の破壊状態に入り、接触した#c0aba1d3*3*1範囲内の#n石材系ブロックを破壊できる。チャージボタンを離すと破壊状態が終わる。,@item_150029##nを使うことで獲得。
540139,ドリル+星瞳のドリル,採掘用の工具。#c0aba1dチャージボタンを長押しする#nとツルハシ系工具の破壊状態に入り、接触した#c0aba1d3*3*1範囲内の#n石材系ブロックを破壊できる。チャージボタンを離すと破壊状態が終わる。,@item_150029##nを使うことで獲得。
540140,ドリル+木の棒,#c0aba1dチャージ#nした後は前方の生物を気絶させることができる。石のブロックに命中した場合はそのブロックを砕ける。,@item_150029##nを使うことで獲得。
540141,ドリル+ちくちくばんばんハンマー,#c0aba1dチャージ#nした後は前方の生物を気絶させることができる。石のブロックに命中した場合はそのブロックを砕ける。,@item_150029##nを使うことで獲得。
540142,ドリル+凍結の棒,#c0aba1dチャージ#nした後は前方の生物を気絶させることができる。石のブロックに命中した場合はそのブロックを砕ける。,@item_150029##nを使うことで獲得。
540143,ドリル+チタンのウォーハンマー,#c0aba1dチャージ#nした後は地面を叩き、周りの生物を吹き飛ばして気絶させ、同時に大量のダメージを与えることができる。石のブロックに命中した場合はそのブロックを砕ける。,@item_150029##nを使うことで獲得。
540144,ドリル+石の剣,#c0aba1dチャージ#nした後は斬撃を放ち、周りの生物にダメージを与えることができる。石のブロックに命中した場合はそのブロックを砕ける。,@item_150029##nを使うことで獲得。
540145,ドリル+短剣,#c0aba1dチャージ#nした後は斬撃を放ち、周りの生物にダメージを与えることができる。石のブロックに命中した場合はそのブロックを砕ける。,@item_150029##nを使うことで獲得。
540146,ドリル+狩り人,#c0aba1dチャージ#nした後は斬撃を放ち、周りの生物にダメージを与えることができる。石のブロックに命中した場合はそのブロックを砕ける。,@item_150029##nを使うことで獲得。
540147,ドリル+エネルギーソード,#c0aba1dチャージ#nした後は前方にテレポートし、周りの敵にダメージを与えることができる。石のブロックに命中した場合はそのブロックを砕ける。,@item_150029##nを使うことで獲得。
540148,ドリル+石の矛,#c0aba1dチャージ#nした後は投げられる。石のブロックに命中した場合はそのブロックを砕ける。#r拾って繰り返して使える。,@item_150029##nを使うことで獲得。
540149,ドリル+銅の矛,#c0aba1dチャージ#nした後は投げられる。石のブロックに命中した場合はそのブロックを砕ける。#r拾って繰り返して使える。,@item_150029##nを使うことで獲得。
540150,ドリル+エネルギースピア,#c0aba1dチャージ#nした後は投げて複数の敵を貫通できる。石のブロックに命中した場合はそのブロックを砕ける。#r拾って繰り返して使える。,@item_150029##nを使うことで獲得。
540151,ドリル+オニイトマキエイの銛,#c0aba1dチャージ#nした後は投げられる。石のブロックに命中した場合はそのブロックを砕ける。#r拾って繰り返して使える。,@item_150029##nを使うことで獲得。
540152,星瞳のドリル+銅のツルハシ,採掘用の工具。#c0aba1dチャージボタンを長押しする#nとツルハシ系工具の破壊状態に入り、接触した#c0aba1d3*3*1範囲内の#n石材系ブロックを破壊できる。チャージボタンを離すと破壊状態が終わる。,@item_150029##nを使うことで獲得。
540153,星瞳のドリル+石のツルハシ,採掘用の工具。#c0aba1dチャージボタンを長押しする#nとツルハシ系工具の破壊状態に入り、接触した#c0aba1d3*3*1範囲内の#n石材系ブロックを破壊できる。チャージボタンを離すと破壊状態が終わる。,@item_150029##nを使うことで獲得。
540154,星瞳のドリル+ミスリルのツルハシ,採掘用の工具。#c0aba1dチャージボタンを長押しする#nとツルハシ系工具の破壊状態に入り、接触した#c0aba1d3*3*1範囲内の#n石材系ブロックを破壊できる。チャージボタンを離すと破壊状態が終わる。,@item_150029##nを使うことで獲得。
540155,星瞳のドリル+チタンのツルハシ,採掘用の工具。#c0aba1dチャージボタンを長押しする#nとツルハシ系工具の破壊状態に入り、接触した#c0aba1d3*3*1範囲内の#n石材系ブロックを破壊できる。チャージボタンを離すと破壊状態が終わる。,@item_150029##nを使うことで獲得。
540156,星瞳のドリル+星瞳のドリル,採掘用の工具。#c0aba1dチャージボタンを長押しする#nとツルハシ系工具の破壊状態に入り、接触した#c0aba1d3*3*1範囲内の#n石材系ブロックを破壊できる。チャージボタンを離すと破壊状態が終わる。,@item_150029##nを使うことで獲得。
540157,星瞳のドリル+木の棒,#c0aba1dチャージ#nした後は前方の生物を気絶させることができる。石のブロックに命中した場合はそのブロックを砕ける。,@item_150029##nを使うことで獲得。
540158,星瞳のドリル+ちくちくばんばんハンマー,#c0aba1dチャージ#nした後は前方の生物を気絶させることができる。石のブロックに命中した場合はそのブロックを砕ける。,@item_150029##nを使うことで獲得。
540159,星瞳のドリル+凍結の棒,#c0aba1dチャージ#nした後は前方の生物を気絶させることができる。石のブロックに命中した場合はそのブロックを砕ける。,@item_150029##nを使うことで獲得。
540160,星瞳のドリル+チタンのウォーハンマー,#c0aba1dチャージ#nした後は地面を叩き、周りの生物を吹き飛ばして気絶させ、同時に大量のダメージを与えることができる。石のブロックに命中した場合はそのブロックを砕ける。,@item_150029##nを使うことで獲得。
540161,星瞳のドリル+石の剣,#c0aba1dチャージ#nした後は斬撃を放ち、周りの生物にダメージを与えることができる。石のブロックに命中した場合はそのブロックを砕ける。,@item_150029##nを使うことで獲得。
540162,星瞳のドリル+短剣,#c0aba1dチャージ#nした後は斬撃を放ち、周りの生物にダメージを与えることができる。石のブロックに命中した場合はそのブロックを砕ける。,@item_150029##nを使うことで獲得。
540163,星瞳のドリル+狩り人,#c0aba1dチャージ#nした後は斬撃を放ち、周りの生物にダメージを与えることができる。石のブロックに命中した場合はそのブロックを砕ける。,@item_150029##nを使うことで獲得。
540164,星瞳のドリル+エネルギーソード,#c0aba1dチャージ#nした後は前方にテレポートし、周りの敵にダメージを与えることができる。石のブロックに命中した場合はそのブロックを砕ける。,@item_150029##nを使うことで獲得。
540165,星瞳のドリル+石の矛,#c0aba1dチャージ#nした後は投げられる。石のブロックに命中した場合はそのブロックを砕ける。#r拾って繰り返して使える。,@item_150029##nを使うことで獲得。
540166,星瞳のドリル+銅の矛,#c0aba1dチャージ#nした後は投げられる。石のブロックに命中した場合はそのブロックを砕ける。#r拾って繰り返して使える。,@item_150029##nを使うことで獲得。
540167,星瞳のドリル+エネルギースピア,#c0aba1dチャージ#nした後は投げて複数の敵を貫通できる。石のブロックに命中した場合はそのブロックを砕ける。#r拾って繰り返して使える。,@item_150029##nを使うことで獲得。
540168,星瞳のドリル+オニイトマキエイの銛,#c0aba1dチャージ#nした後は投げられる。石のブロックに命中した場合はそのブロックを砕ける。#r拾って繰り返して使える。,@item_150029##nを使うことで獲得。
540169,銅のシャベル+銅のシャベル,掘削用の両手工具。すばやく砂利系のブロックを破壊できる。#r@item_101#または@item_100#に使うと@item_103#を掘れる。,@item_150029##nを使うことで獲得。
540170,銅のシャベル+石のシャベル,掘削用の両手工具。すばやく砂利系のブロックを破壊できる。#r@item_101#または@item_100#に使うと@item_103#を掘れる。,@item_150029##nを使うことで獲得。
540171,銅のシャベル+木の棒,#c0aba1dチャージ#nした後は前方の生物を気絶させることができる。@item_101#に命中した場合はそれを@item_103#に変える。,@item_150029##nを使うことで獲得。
540172,銅のシャベル+ちくちくばんばんハンマー,#c0aba1dチャージ#nした後は前方の生物を気絶させることができる。@item_101#に命中した場合はそれを@item_103#に変える。,@item_150029##nを使うことで獲得。
540173,銅のシャベル+凍結の棒,#c0aba1dチャージ#nした後は前方の生物を気絶させることができる。@item_101#に命中した場合はそれを@item_103#に変える。,@item_150029##nを使うことで獲得。
540174,銅のシャベル+チタンのウォーハンマー,#c0aba1dチャージ#nした後は地面を叩き、周りの生物を吹き飛ばして気絶させ、同時に大量のダメージを与えることができる。@item_101#に命中した場合はそれを@item_103#に変える。,@item_150029##nを使うことで獲得。
540175,銅のシャベル+石の剣,#c0aba1dチャージ#nした後は斬撃を放ち、周りの生物にダメージを与えることができる。@item_101#に命中した場合はそれを@item_103#に変える。,@item_150029##nを使うことで獲得。
540176,銅のシャベル+短剣,#c0aba1dチャージ#nした後は斬撃を放ち、周りの生物にダメージを与えることができる。@item_101#に命中した場合はそれを@item_103#に変える。,@item_150029##nを使うことで獲得。
540177,銅のシャベル+狩り人,#c0aba1dチャージ#nした後は斬撃を放ち、周りの生物にダメージを与えることができる。@item_101#に命中した場合はそれを@item_103#に変える。,@item_150029##nを使うことで獲得。
540178,銅のシャベル+エネルギーソード,#c0aba1dチャージ#nした後は前方にテレポートし、周りの敵にダメージを与えることができる。@item_101#に命中した場合はそれを@item_103#に変える。,@item_150029##nを使うことで獲得。
540179,銅のシャベル+石の矛,#c0aba1dチャージ#nした後は投げられる。@item_101#に命中した場合はそれを@item_103#に変える。#r拾って繰り返して使える。,@item_150029##nを使うことで獲得。
540180,銅のシャベル+銅の矛,#c0aba1dチャージ#nした後は投げられる。@item_101#に命中した場合はそれを@item_103#に変える。#r拾って繰り返して使える。,@item_150029##nを使うことで獲得。
540181,銅のシャベル+エネルギースピア,#c0aba1dチャージ#nした後は投げて複数の敵を貫通できる。@item_101#に命中した場合はそれを@item_103#に変える。#r拾って繰り返して使える。,@item_150029##nを使うことで獲得。
540182,銅のシャベル+オニイトマキエイの銛,#c0aba1dチャージ#nした後は投げられる。@item_101#に命中した場合はそれを@item_103#に変える。#r拾って繰り返して使える。,@item_150029##nを使うことで獲得。
540183,石のシャベル+石のシャベル,掘削用の両手工具。すばやく砂利系のブロックを破壊できる。#r@item_101#または@item_100#に使うと@item_103#を掘れる。,@item_150029##nを使うことで獲得。
540184,石のシャベル+木の棒,#c0aba1dチャージ#nした後は前方の生物を気絶させることができる。@item_101#に命中した場合はそれを@item_103#に変える。,@item_150029##nを使うことで獲得。
540185,石のシャベル+ちくちくばんばんハンマー,#c0aba1dチャージ#nした後は前方の生物を気絶させることができる。@item_101#に命中した場合はそれを@item_103#に変える。,@item_150029##nを使うことで獲得。
540186,石のシャベル+凍結の棒,#c0aba1dチャージ#nした後は前方の生物を気絶させることができる。@item_101#に命中した場合はそれを@item_103#に変える。,@item_150029##nを使うことで獲得。
540187,石のシャベル+チタンのウォーハンマー,#c0aba1dチャージ#nした後は地面を叩き、周りの生物を吹き飛ばして気絶させ、同時に大量のダメージを与えることができる。@item_101#に命中した場合はそれを@item_103#に変える。,@item_150029##nを使うことで獲得。
540188,石のシャベル+石の剣,#c0aba1dチャージ#nした後は斬撃を放ち、周りの生物にダメージを与えることができる。@item_101#に命中した場合はそれを@item_103#に変える。,@item_150029##nを使うことで獲得。
540189,石のシャベル+短剣,#c0aba1dチャージ#nした後は斬撃を放ち、周りの生物にダメージを与えることができる。@item_101#に命中した場合はそれを@item_103#に変える。,@item_150029##nを使うことで獲得。
540190,石のシャベル+狩り人,#c0aba1dチャージ#nした後は斬撃を放ち、周りの生物にダメージを与えることができる。@item_101#に命中した場合はそれを@item_103#に変える。,@item_150029##nを使うことで獲得。
540191,石のシャベル+エネルギーソード,#c0aba1dチャージ#nした後は前方にテレポートし、周りの敵にダメージを与えることができる。@item_101#に命中した場合はそれを@item_103#に変える。,@item_150029##nを使うことで獲得。
540192,石のシャベル+石の矛,#c0aba1dチャージ#nした後は投げられる。@item_101#に命中した場合はそれを@item_103#に変える。#r拾って繰り返して使える。,@item_150029##nを使うことで獲得。
540193,石のシャベル+銅の矛,#c0aba1dチャージ#nした後は投げられる。@item_101#に命中した場合はそれを@item_103#に変える。#r拾って繰り返して使える。,@item_150029##nを使うことで獲得。
540194,石のシャベル+エネルギースピア,#c0aba1dチャージ#nした後は投げて複数の敵を貫通できる。@item_101#に命中した場合はそれを@item_103#に変える。#r拾って繰り返して使える。,@item_150029##nを使うことで獲得。
540195,石のシャベル+オニイトマキエイの銛,#c0aba1dチャージ#nした後は投げられる。@item_101#に命中した場合はそれを@item_103#に変える。#r拾って繰り返して使える。,@item_150029##nを使うことで獲得。
540196,ミスリルのシャベル+銅のシャベル,掘削用の両手工具。すばやく砂利系のブロックを破壊できる。#r@item_101#または@item_100#に使うと@item_103#を掘れる。,@item_150029##nを使うことで獲得。
540197,ミスリルのシャベル+石のシャベル,掘削用の両手工具。すばやく砂利系のブロックを破壊できる。#r@item_101#または@item_100#に使うと@item_103#を掘れる。,@item_150029##nを使うことで獲得。
540198,ミスリルのシャベル+ミスリルのシャベル,掘削用の両手工具。すばやく砂利系のブロックを破壊できる。#r@item_101#または@item_100#に使うと@item_103#を掘れる。,@item_150029##nを使うことで獲得。
540199,ミスリルのシャベル+木の棒,#c0aba1dチャージ#nした後は前方の生物を気絶させることができる。@item_101#に命中した場合はそれを@item_103#に変える。,@item_150029##nを使うことで獲得。
540200,ミスリルのシャベル+ちくちくばんばんハンマー,#c0aba1dチャージ#nした後は前方の生物を気絶させることができる。@item_101#に命中した場合はそれを@item_103#に変える。,@item_150029##nを使うことで獲得。
540201,ミスリルのシャベル+凍結の棒,#c0aba1dチャージ#nした後は前方の生物を気絶させることができる。@item_101#に命中した場合はそれを@item_103#に変える。,@item_150029##nを使うことで獲得。
540202,ミスリルのシャベル+チタンのウォーハンマー,#c0aba1dチャージ#nした後は地面を叩き、周りの生物を吹き飛ばして気絶させ、同時に大量のダメージを与えることができる。@item_101#に命中した場合はそれを@item_103#に変える。,@item_150029##nを使うことで獲得。
540203,ミスリルのシャベル+石の剣,#c0aba1dチャージ#nした後は斬撃を放ち、周りの生物にダメージを与えることができる。@item_101#に命中した場合はそれを@item_103#に変える。,@item_150029##nを使うことで獲得。
540204,ミスリルのシャベル+短剣,#c0aba1dチャージ#nした後は斬撃を放ち、周りの生物にダメージを与えることができる。@item_101#に命中した場合はそれを@item_103#に変える。,@item_150029##nを使うことで獲得。
540205,ミスリルのシャベル+狩り人,#c0aba1dチャージ#nした後は斬撃を放ち、周りの生物にダメージを与えることができる。@item_101#に命中した場合はそれを@item_103#に変える。,@item_150029##nを使うことで獲得。
540206,ミスリルのシャベル+エネルギーソード,#c0aba1dチャージ#nした後は前方にテレポートし、周りの敵にダメージを与えることができる。@item_101#に命中した場合はそれを@item_103#に変える。,@item_150029##nを使うことで獲得。
540207,ミスリルのシャベル+石の矛,#c0aba1dチャージ#nした後は投げられる。@item_101#に命中した場合はそれを@item_103#に変える。#r拾って繰り返して使える。,@item_150029##nを使うことで獲得。
540208,ミスリルのシャベル+銅の矛,#c0aba1dチャージ#nした後は投げられる。@item_101#に命中した場合はそれを@item_103#に変える。#r拾って繰り返して使える。,@item_150029##nを使うことで獲得。
540209,ミスリルのシャベル+エネルギースピア,#c0aba1dチャージ#nした後は投げて複数の敵を貫通できる。@item_101#に命中した場合はそれを@item_103#に変える。#r拾って繰り返して使える。,@item_150029##nを使うことで獲得。
540210,ミスリルのシャベル+オニイトマキエイの銛,#c0aba1dチャージ#nした後は投げられる。@item_101#に命中した場合はそれを@item_103#に変える。#r拾って繰り返して使える。,@item_150029##nを使うことで獲得。
540211,チタンのシャベル+銅のシャベル,掘削用の両手工具。一瞬で直線6マスの砂利系ブロックを破壊できる。#r@item_101#または@item_100#に使うと@item_103#を掘れる。,@item_150029##nを使うことで獲得。
540212,チタンのシャベル+石のシャベル,掘削用の両手工具。一瞬で直線6マスの砂利系ブロックを破壊できる。#r@item_101#または@item_100#に使うと@item_103#を掘れる。,@item_150029##nを使うことで獲得。
540213,チタンのシャベル+ミスリルのシャベル,掘削用の両手工具。一瞬で直線6マスの砂利系ブロックを破壊できる。#r@item_101#または@item_100#に使うと@item_103#を掘れる。,@item_150029##nを使うことで獲得。
540214,チタンのシャベル+チタンのシャベル,掘削用の両手工具。一瞬で直線6マスの砂利系ブロックを破壊できる。#r@item_101#または@item_100#に使うと@item_103#を掘れる。,@item_150029##nを使うことで獲得。
540215,チタンのシャベル+木の棒,#c0aba1dチャージ#nした後は前方の生物を気絶させることができる。@item_101#に命中した場合はそれを@item_103#に変える。,@item_150029##nを使うことで獲得。
540216,チタンのシャベル+ちくちくばんばんハンマー,#c0aba1dチャージ#nした後は前方の生物を気絶させることができる。@item_101#に命中した場合はそれを@item_103#に変える。,@item_150029##nを使うことで獲得。
540217,チタンのシャベル+凍結の棒,#c0aba1dチャージ#nした後は前方の生物を気絶させることができる。@item_101#に命中した場合はそれを@item_103#に変える。,@item_150029##nを使うことで獲得。
540218,チタンのシャベル+チタンのウォーハンマー,#c0aba1dチャージ#nした後は地面を叩き、周りの生物を吹き飛ばして気絶させ、同時に大量のダメージを与えることができる。@item_101#に命中した場合はそれを@item_103#に変える。,@item_150029##nを使うことで獲得。
540219,チタンのシャベル+石の剣,#c0aba1dチャージ#nした後は斬撃を放ち、周りの生物にダメージを与えることができる。@item_101#に命中した場合はそれを@item_103#に変える。,@item_150029##nを使うことで獲得。
540220,チタンのシャベル+短剣,#c0aba1dチャージ#nした後は斬撃を放ち、周りの生物にダメージを与えることができる。@item_101#に命中した場合はそれを@item_103#に変える。,@item_150029##nを使うことで獲得。
540221,チタンのシャベル+狩り人,#c0aba1dチャージ#nした後は斬撃を放ち、周りの生物にダメージを与えることができる。@item_101#に命中した場合はそれを@item_103#に変える。,@item_150029##nを使うことで獲得。
540222,チタンのシャベル+エネルギーソード,#c0aba1dチャージ#nした後は前方にテレポートし、周りの敵にダメージを与えることができる。@item_101#に命中した場合はそれを@item_103#に変える。,@item_150029##nを使うことで獲得。
540223,チタンのシャベル+石の矛,#c0aba1dチャージ#nした後は投げられる。@item_101#に命中した場合はそれを@item_103#に変える。#r拾って繰り返して使える。,@item_150029##nを使うことで獲得。
540224,チタンのシャベル+銅の矛,#c0aba1dチャージ#nした後は投げられる。@item_101#に命中した場合はそれを@item_103#に変える。#r拾って繰り返して使える。,@item_150029##nを使うことで獲得。
540225,チタンのシャベル+エネルギースピア,#c0aba1dチャージ#nした後は投げて複数の敵を貫通できる。@item_101#に命中した場合はそれを@item_103#に変える。#r拾って繰り返して使える。,@item_150029##nを使うことで獲得。
540226,チタンのシャベル+オニイトマキエイの銛,#c0aba1dチャージ#nした後は投げられる。@item_101#に命中した場合はそれを@item_103#に変える。#r拾って繰り返して使える。,@item_150029##nを使うことで獲得。
540227,タングステンのシャベル+銅のシャベル,掘削用の両手工具。すばやく砂利系のブロックを破壊できる。#r@item_101#または@item_100#に使うと@item_103#を掘れる。,@item_150029##nを使うことで獲得。
540228,タングステンのシャベル+石のシャベル,掘削用の両手工具。すばやく砂利系のブロックを破壊できる。#r@item_101#または@item_100#に使うと@item_103#を掘れる。,@item_150029##nを使うことで獲得。
540229,タングステンのシャベル+ミスリルのシャベル,掘削用の両手工具。すばやく砂利系のブロックを破壊できる。#r@item_101#または@item_100#に使うと@item_103#を掘れる。,@item_150029##nを使うことで獲得。
540230,タングステンのシャベル+チタンのシャベル,掘削用の両手工具。すばやく砂利系のブロックを破壊できる。#r@item_101#または@item_100#に使うと@item_103#を掘れる。,@item_150029##nを使うことで獲得。
540231,タングステンのシャベル+タングステンのシャベル,掘削用の両手工具。すばやく砂利系のブロックを破壊できる。#r@item_101#または@item_100#に使うと@item_103#を掘れる。,@item_150029##nを使うことで獲得。
540232,タングステンのシャベル+木の棒,#c0aba1dチャージ#nした後は前方の生物を気絶させることができる。@item_101#に命中した場合はそれを@item_103#に変える。,@item_150029##nを使うことで獲得。
540233,タングステンのシャベル+ちくちくばんばんハンマー,#c0aba1dチャージ#nした後は前方の生物を気絶させることができる。@item_101#に命中した場合はそれを@item_103#に変える。,@item_150029##nを使うことで獲得。
540234,タングステンのシャベル+凍結の棒,#c0aba1dチャージ#nした後は前方の生物を気絶させることができる。@item_101#に命中した場合はそれを@item_103#に変える。,@item_150029##nを使うことで獲得。
540235,タングステンのシャベル+チタンのウォーハンマー,#c0aba1dチャージ#nした後は地面を叩き、周りの生物を吹き飛ばして気絶させ、同時に大量のダメージを与えることができる。@item_101#に命中した場合はそれを@item_103#に変える。,@item_150029##nを使うことで獲得。
540236,タングステンのシャベル+石の剣,#c0aba1dチャージ#nした後は斬撃を放ち、周りの生物にダメージを与えることができる。@item_101#に命中した場合はそれを@item_103#に変える。,@item_150029##nを使うことで獲得。
540237,タングステンのシャベル+短剣,#c0aba1dチャージ#nした後は斬撃を放ち、周りの生物にダメージを与えることができる。@item_101#に命中した場合はそれを@item_103#に変える。,@item_150029##nを使うことで獲得。
540238,タングステンのシャベル+狩り人,#c0aba1dチャージ#nした後は斬撃を放ち、周りの生物にダメージを与えることができる。@item_101#に命中した場合はそれを@item_103#に変える。,@item_150029##nを使うことで獲得。
540239,タングステンのシャベル+エネルギーソード,#c0aba1dチャージ#nした後は前方にテレポートし、周りの敵にダメージを与えることができる。@item_101#に命中した場合はそれを@item_103#に変える。,@item_150029##nを使うことで獲得。
540240,タングステンのシャベル+石の矛,#c0aba1dチャージ#nした後は投げられる。@item_101#に命中した場合はそれを@item_103#に変える。#r拾って繰り返して使える。,@item_150029##nを使うことで獲得。
540241,タングステンのシャベル+銅の矛,#c0aba1dチャージ#nした後は投げられる。@item_101#に命中した場合はそれを@item_103#に変える。#r拾って繰り返して使える。,@item_150029##nを使うことで獲得。
540242,タングステンのシャベル+エネルギースピア,#c0aba1dチャージ#nした後は投げて複数の敵を貫通できる。@item_101#に命中した場合はそれを@item_103#に変える。#r拾って繰り返して使える。,@item_150029##nを使うことで獲得。
540243,タングステンのシャベル+オニイトマキエイの銛,#c0aba1dチャージ#nした後は投げられる。@item_101#に命中した場合はそれを@item_103#に変える。#r拾って繰り返して使える。,@item_150029##nを使うことで獲得。
540244,銅のレーキ+銅のレーキ,栽培用の両手工具。@item_101#、@item_100#を@item_102#に変える。#r成熟した農作物に使うとそれを収穫できる。,@item_150029##nを使うことで獲得。
540245,銅のレーキ+石のレーキ,栽培用の両手工具。@item_101#、@item_100#を@item_102#に変える。#r成熟した農作物に使うとそれを収穫できる。,@item_150029##nを使うことで獲得。
540246,銅のレーキ+木の棒,#c0aba1dチャージ#nした後は前方の生物を気絶させることができる。@item_101#に命中した場合はそれを@item_102#に変える。,@item_150029##nを使うことで獲得。
540247,銅のレーキ+ちくちくばんばんハンマー,#c0aba1dチャージ#nした後は前方の生物を気絶させることができる。@item_101#に命中した場合はそれを@item_102#に変える。,@item_150029##nを使うことで獲得。
540248,銅のレーキ+凍結の棒,#c0aba1dチャージ#nした後は前方の生物を気絶させることができる。@item_101#に命中した場合はそれを@item_102#に変える。,@item_150029##nを使うことで獲得。
540249,銅のレーキ+チタンのウォーハンマー,#c0aba1dチャージ#nした後は地面を叩き、周りの生物を吹き飛ばして気絶させ、同時に大量のダメージを与えることができる。@item_101#に命中した場合はそれを@item_102#に変える。,@item_150029##nを使うことで獲得。
540250,銅のレーキ+石の剣,#c0aba1dチャージ#nした後は斬撃を放ち、周りの生物にダメージを与えることができる。@item_101#に命中した場合はそれを@item_102#に変える。,@item_150029##nを使うことで獲得。
540251,銅のレーキ+短剣,#c0aba1dチャージ#nした後は斬撃を放ち、周りの生物にダメージを与えることができる。@item_101#に命中した場合はそれを@item_102#に変える。,@item_150029##nを使うことで獲得。
540252,銅のレーキ+狩り人,#c0aba1dチャージ#nした後は斬撃を放ち、周りの生物にダメージを与えることができる。@item_101#に命中した場合はそれを@item_102#に変える。,@item_150029##nを使うことで獲得。
540253,銅のレーキ+エネルギーソード,#c0aba1dチャージ#nした後は前方にテレポートし、周りの敵にダメージを与えることができる。@item_101#に命中した場合はそれを@item_102#に変える。,@item_150029##nを使うことで獲得。
540254,銅のレーキ+石の矛,#c0aba1dチャージ#nした後は投げられる。@item_101#に命中した場合はそれを@item_102#に変える。#r拾って繰り返して使える。,@item_150029##nを使うことで獲得。
540255,銅のレーキ+銅の矛,#c0aba1dチャージ#nした後は投げられる。@item_101#に命中した場合はそれを@item_102#に変える。#r拾って繰り返して使える。,@item_150029##nを使うことで獲得。
540256,銅のレーキ+エネルギースピア,#c0aba1dチャージ#nした後は投げて複数の敵を貫通できる。@item_101#に命中した場合はそれを@item_102#に変える。#r拾って繰り返して使える。,@item_150029##nを使うことで獲得。
540257,銅のレーキ+オニイトマキエイの銛,#c0aba1dチャージ#nした後は投げられる。@item_101#に命中した場合はそれを@item_102#に変える。#r拾って繰り返して使える。,@item_150029##nを使うことで獲得。
540258,石のレーキ+石のレーキ,栽培用の両手工具。@item_101#、@item_100#を@item_102#に変える。#r成熟した農作物に使うとそれを収穫できる。,@item_150029##nを使うことで獲得。
540259,石のレーキ+木の棒,#c0aba1dチャージ#nした後は前方の生物を気絶させることができる。@item_101#に命中した場合はそれを@item_102#に変える。,@item_150029##nを使うことで獲得。
540260,石のレーキ+ちくちくばんばんハンマー,#c0aba1dチャージ#nした後は前方の生物を気絶させることができる。@item_101#に命中した場合はそれを@item_102#に変える。,@item_150029##nを使うことで獲得。
540261,石のレーキ+凍結の棒,#c0aba1dチャージ#nした後は前方の生物を気絶させることができる。@item_101#に命中した場合はそれを@item_102#に変える。,@item_150029##nを使うことで獲得。
540262,石のレーキ+チタンのウォーハンマー,#c0aba1dチャージ#nした後は地面を叩き、周りの生物を吹き飛ばして気絶させ、同時に大量のダメージを与えることができる。@item_101#に命中した場合はそれを@item_102#に変える。,@item_150029##nを使うことで獲得。
540263,石のレーキ+石の剣,#c0aba1dチャージ#nした後は斬撃を放ち、周りの生物にダメージを与えることができる。@item_101#に命中した場合はそれを@item_102#に変える。,@item_150029##nを使うことで獲得。
540264,石のレーキ+短剣,#c0aba1dチャージ#nした後は斬撃を放ち、周りの生物にダメージを与えることができる。@item_101#に命中した場合はそれを@item_102#に変える。,@item_150029##nを使うことで獲得。
540265,石のレーキ+狩り人,#c0aba1dチャージ#nした後は斬撃を放ち、周りの生物にダメージを与えることができる。@item_101#に命中した場合はそれを@item_102#に変える。,@item_150029##nを使うことで獲得。
540266,石のレーキ+エネルギーソード,#c0aba1dチャージ#nした後は前方にテレポートし、周りの敵にダメージを与えることができる。@item_101#に命中した場合はそれを@item_102#に変える。,@item_150029##nを使うことで獲得。
540267,石のレーキ+石の矛,#c0aba1dチャージ#nした後は投げられる。@item_101#に命中した場合はそれを@item_102#に変える。#r拾って繰り返して使える。,@item_150029##nを使うことで獲得。
540268,石のレーキ+銅の矛,#c0aba1dチャージ#nした後は投げられる。@item_101#に命中した場合はそれを@item_102#に変える。#r拾って繰り返して使える。,@item_150029##nを使うことで獲得。
540269,石のレーキ+エネルギースピア,#c0aba1dチャージ#nした後は投げて複数の敵を貫通できる。@item_101#に命中した場合はそれを@item_102#に変える。#r拾って繰り返して使える。,@item_150029##nを使うことで獲得。
540270,石のレーキ+オニイトマキエイの銛,#c0aba1dチャージ#nした後は投げられる。@item_101#に命中した場合はそれを@item_102#に変える。#r拾って繰り返して使える。,@item_150029##nを使うことで獲得。
540271,ミスリルのレーキ+銅のレーキ,栽培用の両手工具。@item_101#、@item_100#を@item_102#に変える。#r成熟した農作物に使うとそれを収穫できる。作用範囲3x3。,@item_150029##nを使うことで獲得。
540272,ミスリルのレーキ+石のレーキ,栽培用の両手工具。@item_101#、@item_100#を@item_102#に変える。#r成熟した農作物に使うとそれを収穫できる。作用範囲3x3。,@item_150029##nを使うことで獲得。
540273,ミスリルのレーキ+ミスリルのレーキ,栽培用の両手工具。@item_101#、@item_100#を@item_102#に変える。#r成熟した農作物に使うとそれを収穫できる。作用範囲3x3。,@item_150029##nを使うことで獲得。
540274,ミスリルのレーキ+木の棒,#c0aba1dチャージ#nした後は前方の生物を気絶させることができる。@item_101#に命中した場合はそれを@item_102#に変える。,@item_150029##nを使うことで獲得。
540275,ミスリルのレーキ+ちくちくばんばんハンマー,#c0aba1dチャージ#nした後は前方の生物を気絶させることができる。@item_101#に命中した場合はそれを@item_102#に変える。,@item_150029##nを使うことで獲得。
540276,ミスリルのレーキ+凍結の棒,#c0aba1dチャージ#nした後は前方の生物を気絶させることができる。@item_101#に命中した場合はそれを@item_102#に変える。,@item_150029##nを使うことで獲得。
540277,ミスリルのレーキ+チタンのウォーハンマー,#c0aba1dチャージ#nした後は地面を叩き、周りの生物を吹き飛ばして気絶させ、同時に大量のダメージを与えることができる。@item_101#に命中した場合はそれを@item_102#に変える。,@item_150029##nを使うことで獲得。
540278,ミスリルのレーキ+石の剣,#c0aba1dチャージ#nした後は斬撃を放ち、周りの生物にダメージを与えることができる。@item_101#に命中した場合はそれを@item_102#に変える。,@item_150029##nを使うことで獲得。
540279,ミスリルのレーキ+短剣,#c0aba1dチャージ#nした後は斬撃を放ち、周りの生物にダメージを与えることができる。@item_101#に命中した場合はそれを@item_102#に変える。,@item_150029##nを使うことで獲得。
540280,ミスリルのレーキ+狩り人,#c0aba1dチャージ#nした後は斬撃を放ち、周りの生物にダメージを与えることができる。@item_101#に命中した場合はそれを@item_102#に変える。,@item_150029##nを使うことで獲得。
540281,ミスリルのレーキ+エネルギーソード,#c0aba1dチャージ#nした後は前方にテレポートし、周りの敵にダメージを与えることができる。@item_101#に命中した場合はそれを@item_102#に変える。,@item_150029##nを使うことで獲得。
540282,ミスリルのレーキ+石の矛,#c0aba1dチャージ#nした後は投げられる。@item_101#に命中した場合はそれを@item_102#に変える。#r拾って繰り返して使える。,@item_150029##nを使うことで獲得。
540283,ミスリルのレーキ+銅の矛,#c0aba1dチャージ#nした後は投げられる。@item_101#に命中した場合はそれを@item_102#に変える。#r拾って繰り返して使える。,@item_150029##nを使うことで獲得。
540284,ミスリルのレーキ+エネルギースピア,#c0aba1dチャージ#nした後は投げて複数の敵を貫通できる。@item_101#に命中した場合はそれを@item_102#に変える。#r拾って繰り返して使える。,@item_150029##nを使うことで獲得。
540285,ミスリルのレーキ+オニイトマキエイの銛,#c0aba1dチャージ#nした後は投げられる。@item_101#に命中した場合はそれを@item_102#に変える。#r拾って繰り返して使える。,@item_150029##nを使うことで獲得。
540286,チタンのレーキ+銅のレーキ,栽培用の両手工具。@item_101#、@item_100#を@item_102#に変える。#r成熟した農作物に使うとそれを収穫できる。作用範囲5x5。,@item_150029##nを使うことで獲得。
540287,チタンのレーキ+石のレーキ,栽培用の両手工具。@item_101#、@item_100#を@item_102#に変える。#r成熟した農作物に使うとそれを収穫できる。作用範囲5x5。,@item_150029##nを使うことで獲得。
540288,チタンのレーキ+ミスリルのレーキ,栽培用の両手工具。@item_101#、@item_100#を@item_102#に変える。#r成熟した農作物に使うとそれを収穫できる。作用範囲5x5。,@item_150029##nを使うことで獲得。
540289,チタンのレーキ+チタンのレーキ,栽培用の両手工具。@item_101#、@item_100#を@item_102#に変える。#r成熟した農作物に使うとそれを収穫できる。作用範囲5x5。,@item_150029##nを使うことで獲得。
540290,チタンのレーキ+木の棒,#c0aba1dチャージ#nした後は前方の生物を気絶させることができる。@item_101#に命中した場合はそれを@item_102#に変える。,@item_150029##nを使うことで獲得。
540291,チタンのレーキ+ちくちくばんばんハンマー,#c0aba1dチャージ#nした後は前方の生物を気絶させることができる。@item_101#に命中した場合はそれを@item_102#に変える。,@item_150029##nを使うことで獲得。
540292,チタンのレーキ+凍結の棒,#c0aba1dチャージ#nした後は前方の生物を気絶させることができる。@item_101#に命中した場合はそれを@item_102#に変える。,@item_150029##nを使うことで獲得。
540293,チタンのレーキ+チタンのウォーハンマー,#c0aba1dチャージ#nした後は地面を叩き、周りの生物を吹き飛ばして気絶させ、同時に大量のダメージを与えることができる。@item_101#に命中した場合はそれを@item_102#に変える。,@item_150029##nを使うことで獲得。
540294,チタンのレーキ+石の剣,#c0aba1dチャージ#nした後は斬撃を放ち、周りの生物にダメージを与えることができる。@item_101#に命中した場合はそれを@item_102#に変える。,@item_150029##nを使うことで獲得。
540295,チタンのレーキ+短剣,#c0aba1dチャージ#nした後は斬撃を放ち、周りの生物にダメージを与えることができる。@item_101#に命中した場合はそれを@item_102#に変える。,@item_150029##nを使うことで獲得。
540296,チタンのレーキ+狩り人,#c0aba1dチャージ#nした後は斬撃を放ち、周りの生物にダメージを与えることができる。@item_101#に命中した場合はそれを@item_102#に変える。,@item_150029##nを使うことで獲得。
540297,チタンのレーキ+エネルギーソード,#c0aba1dチャージ#nした後は前方にテレポートし、周りの敵にダメージを与えることができる。@item_101#に命中した場合はそれを@item_102#に変える。,@item_150029##nを使うことで獲得。
540298,チタンのレーキ+石の矛,#c0aba1dチャージ#nした後は投げられる。@item_101#に命中した場合はそれを@item_102#に変える。#r拾って繰り返して使える。,@item_150029##nを使うことで獲得。
540299,チタンのレーキ+銅の矛,#c0aba1dチャージ#nした後は投げられる。@item_101#に命中した場合はそれを@item_102#に変える。#r拾って繰り返して使える。,@item_150029##nを使うことで獲得。
540300,チタンのレーキ+エネルギースピア,#c0aba1dチャージ#nした後は投げて複数の敵を貫通できる。@item_101#に命中した場合はそれを@item_102#に変える。#r拾って繰り返して使える。,@item_150029##nを使うことで獲得。
540301,チタンのレーキ+オニイトマキエイの銛,#c0aba1dチャージ#nした後は投げられる。@item_101#に命中した場合はそれを@item_102#に変える。#r拾って繰り返して使える。,@item_150029##nを使うことで獲得。
540302,タングステンのレーキ+銅のレーキ,栽培用の両手工具。@item_101#、@item_100#を@item_102#に変える。#r成熟した農作物に使うとそれを#c0aba1d収穫#nできる。作用範囲3*3。#r空いている畑に使うとバックパックの@item_11400#を#c0aba1d播種#nできる。作用範囲3*3。,@item_150029##nを使うことで獲得。
540303,タングステンのレーキ+石のレーキ,栽培用の両手工具。@item_101#、@item_100#を@item_102#に変える。#r成熟した農作物に使うとそれを#c0aba1d収穫#nできる。作用範囲3*3。#r空いている畑に使うとバックパックの@item_11400#を#c0aba1d播種#nできる。作用範囲3*3。,@item_150029##nを使うことで獲得。
540304,タングステンのレーキ+ミスリルのレーキ,栽培用の両手工具。@item_101#、@item_100#を@item_102#に変える。#r成熟した農作物に使うとそれを#c0aba1d収穫#nできる。作用範囲3*3。#r空いている畑に使うとバックパックの@item_11400#を#c0aba1d播種#nできる。作用範囲3*3。,@item_150029##nを使うことで獲得。
540305,タングステンのレーキ+チタンのレーキ,栽培用の両手工具。@item_101#、@item_100#を@item_102#に変える。#r成熟した農作物に使うとそれを#c0aba1d収穫#nできる。作用範囲3*3。#r空いている畑に使うとバックパックの@item_11400#を#c0aba1d播種#nできる。作用範囲3*3。,@item_150029##nを使うことで獲得。
540306,タングステンのレーキ+タングステンのレーキ,栽培用の両手工具。@item_101#、@item_100#を@item_102#に変える。#r成熟した農作物に使うとそれを#c0aba1d収穫#nできる。作用範囲3*3。#r空いている畑に使うとバックパックの@item_11400#を#c0aba1d播種#nできる。作用範囲3*3。,@item_150029##nを使うことで獲得。
540307,タングステンのレーキ+木の棒,#c0aba1dチャージ#nした後は前方の生物を気絶させることができる。@item_101#に命中した場合はそれを@item_102#に変える。,@item_150029##nを使うことで獲得。
540308,タングステンのレーキ+ちくちくばんばんハンマー,#c0aba1dチャージ#nした後は前方の生物を気絶させることができる。@item_101#に命中した場合はそれを@item_102#に変える。,@item_150029##nを使うことで獲得。
540309,タングステンのレーキ+凍結の棒,#c0aba1dチャージ#nした後は前方の生物を気絶させることができる。@item_101#に命中した場合はそれを@item_102#に変える。,@item_150029##nを使うことで獲得。
540310,タングステンのレーキ+チタンのウォーハンマー,#c0aba1dチャージ#nした後は地面を叩き、周りの生物を吹き飛ばして気絶させ、同時に大量のダメージを与えることができる。@item_101#に命中した場合はそれを@item_102#に変える。,@item_150029##nを使うことで獲得。
540311,タングステンのレーキ+石の剣,#c0aba1dチャージ#nした後は斬撃を放ち、周りの生物にダメージを与えることができる。@item_101#に命中した場合はそれを@item_102#に変える。,@item_150029##nを使うことで獲得。
540312,タングステンのレーキ+短剣,#c0aba1dチャージ#nした後は斬撃を放ち、周りの生物にダメージを与えることができる。@item_101#に命中した場合はそれを@item_102#に変える。,@item_150029##nを使うことで獲得。
540313,タングステンのレーキ+狩り人,#c0aba1dチャージ#nした後は斬撃を放ち、周りの生物にダメージを与えることができる。@item_101#に命中した場合はそれを@item_102#に変える。,@item_150029##nを使うことで獲得。
540314,タングステンのレーキ+エネルギーソード,#c0aba1dチャージ#nした後は前方にテレポートし、周りの敵にダメージを与えることができる。@item_101#に命中した場合はそれを@item_102#に変える。,@item_150029##nを使うことで獲得。
540315,タングステンのレーキ+石の矛,#c0aba1dチャージ#nした後は投げられる。@item_101#に命中した場合はそれを@item_102#に変える。#r拾って繰り返して使える。,@item_150029##nを使うことで獲得。
540316,タングステンのレーキ+銅の矛,#c0aba1dチャージ#nした後は投げられる。@item_101#に命中した場合はそれを@item_102#に変える。#r拾って繰り返して使える。,@item_150029##nを使うことで獲得。
540317,タングステンのレーキ+エネルギースピア,#c0aba1dチャージ#nした後は投げて複数の敵を貫通できる。@item_101#に命中した場合はそれを@item_102#に変える。#r拾って繰り返して使える。,@item_150029##nを使うことで獲得。
540318,タングステンのレーキ+オニイトマキエイの銛,#c0aba1dチャージ#nした後は投げられる。@item_101#に命中した場合はそれを@item_102#に変える。#r拾って繰り返して使える。,@item_150029##nを使うことで獲得。
540319,木の棒+木の棒,#c0aba1dチャージ#nした後は前方の生物を気絶させることができる。,@item_150029##nを使うことで獲得。
540320,木の棒+石の剣,#c0aba1dチャージ#nした後は斬撃を放ち、周りの生物にダメージを与え、同時に眩暈状態を付与する。,@item_150029##nを使うことで獲得。
540321,木の棒+短剣,#c0aba1dチャージ#nした後は斬撃を放ち、周りの生物にダメージを与え、同時に眩暈状態を付与する。,@item_150029##nを使うことで獲得。
540322,木の棒+狩り人,#c0aba1dチャージ#nした後は斬撃を放ち、周りの生物にダメージを与え、同時に眩暈状態を付与する。,@item_150029##nを使うことで獲得。
540323,木の棒+エネルギーソード,#c0aba1dチャージ#nした後は前方にテレポートし、接触した敵にダメージを与え、同時に眩暈状態を付与する。,@item_150029##nを使うことで獲得。
540324,木の棒+サソリの殻の盾,#c0aba1dチャージ#nした後は防御状態に入り、有利な時機を掴んでこの盾を使えばダメージを受けずに敵を倒せる。#r注意すべきなのは#c0aba1d靭性値#nがゼロになると非常に虚弱になってしまう。盾を下すと靭性値を回復できる。,@item_150029##nを使うことで獲得。
540325,木の棒+サソリの棘の盾,#c0aba1dチャージ#nした後は防御状態に入り、敵に中毒させることもできる。有利な時機を掴んでこの盾を使えばダメージを受けずに敵を倒せる。#r注意すべきなのは#c0aba1d靭性値#nがゼロになると非常に虚弱になってしまう。盾を下すと靭性値を回復できる。,@item_150029##nを使うことで獲得。
540326,木の棒+木の盾,#c0aba1dチャージ#nした後は防御状態に入り、有利な時機を掴んでこの盾を使えばダメージを受けずに敵を倒せる。#r注意すべきなのは#c0aba1d靭性値#nがゼロになると非常に虚弱になってしまう。盾を下すと靭性値を回復できる。,@item_150029##nを使うことで獲得。
540327,木の棒+銅の盾,#c0aba1dチャージ#nした後は防御状態に入り、有利な時機を掴んでこの盾を使えばダメージを受けずに敵を倒せる。#r注意すべきなのは#c0aba1d靭性値#nがゼロになると非常に虚弱になってしまう。盾を下すと靭性値を回復できる。,@item_150029##nを使うことで獲得。
540328,木の棒+チタンの盾,#c0aba1dチャージ#nした後は防御状態に入り、有利な時機を掴んでこの盾を使えばダメージを受けずに敵を倒せる。#r注意すべきなのは#c0aba1d靭性値#nがゼロになると非常に虚弱になってしまう。盾を下すと靭性値を回復できる。,@item_150029##nを使うことで獲得。
540329,ちくちくばんばんハンマー+木の棒,#c0aba1dチャージ#nした後は前方の生物を気絶させることができる。,@item_150029##nを使うことで獲得。
540330,ちくちくばんばんハンマー+ちくちくばんばんハンマー,#c0aba1dチャージ#nした後は前方の生物を気絶させることができる。,@item_150029##nを使うことで獲得。
540331,ちくちくばんばんハンマー+凍結の棒,#c0aba1dチャージ#nした後は前方の生物を気絶させることができる。,@item_150029##nを使うことで獲得。
540332,ちくちくばんばんハンマー+石の剣,#c0aba1dチャージ#nした後は斬撃を放ち、周りの生物にダメージを与え、同時に眩暈状態を付与する。,@item_150029##nを使うことで獲得。
540333,ちくちくばんばんハンマー+短剣,#c0aba1dチャージ#nした後は斬撃を放ち、周りの生物にダメージを与え、同時に眩暈状態を付与する。,@item_150029##nを使うことで獲得。
540334,ちくちくばんばんハンマー+狩り人,#c0aba1dチャージ#nした後は斬撃を放ち、周りの生物にダメージを与え、同時に眩暈状態を付与する。,@item_150029##nを使うことで獲得。
540335,ちくちくばんばんハンマー+エネルギーソード,#c0aba1dチャージ#nした後は前方にテレポートし、接触した敵にダメージを与え、同時に眩暈状態を付与する。,@item_150029##nを使うことで獲得。
540336,ちくちくばんばんハンマー+サソリの殻の盾,#c0aba1dチャージ#nした後は防御状態に入り、有利な時機を掴んでこの盾を使えばダメージを受けずに敵を倒せる。#r注意すべきなのは#c0aba1d靭性値#nがゼロになると非常に虚弱になってしまう。盾を下すと靭性値を回復できる。#r攻撃で相手に#c0aba1d出血#n状態を付与できる。,@item_150029##nを使うことで獲得。
540337,ちくちくばんばんハンマー+サソリの棘の盾,#c0aba1dチャージ#nした後は防御状態に入り、敵に中毒させることもできる。有利な時機を掴んでこの盾を使えばダメージを受けずに敵を倒せる。#r注意すべきなのは#c0aba1d靭性値#nがゼロになると非常に虚弱になってしまう。盾を下すと靭性値を回復できる。#r攻撃で相手に#c0aba1d出血#n状態を付与できる。,@item_150029##nを使うことで獲得。
540338,ちくちくばんばんハンマー+木の盾,#c0aba1dチャージ#nした後は防御状態に入り、有利な時機を掴んでこの盾を使えばダメージを受けずに敵を倒せる。#r注意すべきなのは#c0aba1d靭性値#nがゼロになると非常に虚弱になってしまう。盾を下すと靭性値を回復できる。#r攻撃で相手に#c0aba1d出血#n状態を付与できる。,@item_150029##nを使うことで獲得。
540339,ちくちくばんばんハンマー+銅の盾,#c0aba1dチャージ#nした後は防御状態に入り、有利な時機を掴んでこの盾を使えばダメージを受けずに敵を倒せる。#r注意すべきなのは#c0aba1d靭性値#nがゼロになると非常に虚弱になってしまう。盾を下すと靭性値を回復できる。#r攻撃で相手に#c0aba1d出血#n状態を付与できる。,@item_150029##nを使うことで獲得。
540340,ちくちくばんばんハンマー+チタンの盾,#c0aba1dチャージ#nした後は防御状態に入り、有利な時機を掴んでこの盾を使えばダメージを受けずに敵を倒せる。#r注意すべきなのは#c0aba1d靭性値#nがゼロになると非常に虚弱になってしまう。盾を下すと靭性値を回復できる。#r攻撃で相手に#c0aba1d出血#n状態を付与できる。,@item_150029##nを使うことで獲得。
540341,凍結の棒+木の棒,#c0aba1dチャージ#nした後は前方の生物を気絶させることができる。,@item_150029##nを使うことで獲得。
540342,凍結の棒+凍結の棒,#c0aba1dチャージ#nした後は前方の生物を気絶させることができる。,@item_150029##nを使うことで獲得。
540343,凍結の棒+石の剣,#c0aba1dチャージ#nした後は斬撃を放ち、周りの生物にダメージを与え、同時に眩暈状態を付与する。,@item_150029##nを使うことで獲得。
540344,凍結の棒+短剣,#c0aba1dチャージ#nした後は斬撃を放ち、周りの生物にダメージを与え、同時に眩暈状態を付与する。,@item_150029##nを使うことで獲得。
540345,凍結の棒+狩り人,#c0aba1dチャージ#nした後は斬撃を放ち、周りの生物にダメージを与え、同時に眩暈状態を付与する。,@item_150029##nを使うことで獲得。
540346,凍結の棒+エネルギーソード,#c0aba1dチャージ#nした後は前方にテレポートし、接触した敵にダメージを与え、同時に眩暈状態を付与する。,@item_150029##nを使うことで獲得。
540347,凍結の棒+サソリの殻の盾,#c0aba1dチャージ#nした後は防御状態に入り、有利な時機を掴んでこの盾を使えばダメージを受けずに敵を倒せる。#r注意すべきなのは#c0aba1d靭性値#nがゼロになると非常に虚弱になってしまう。盾を下すと靭性値を回復できる。,@item_150029##nを使うことで獲得。
540348,凍結の棒+サソリの棘の盾,#c0aba1dチャージ#nした後は防御状態に入り、敵に中毒させることもできる。有利な時機を掴んでこの盾を使えばダメージを受けずに敵を倒せる。#r注意すべきなのは#c0aba1d靭性値#nがゼロになると非常に虚弱になってしまう。盾を下すと靭性値を回復できる。,@item_150029##nを使うことで獲得。
540349,凍結の棒+木の盾,#c0aba1dチャージ#nした後は防御状態に入り、有利な時機を掴んでこの盾を使えばダメージを受けずに敵を倒せる。#r注意すべきなのは#c0aba1d靭性値#nがゼロになると非常に虚弱になってしまう。盾を下すと靭性値を回復できる。,@item_150029##nを使うことで獲得。
540350,凍結の棒+銅の盾,#c0aba1dチャージ#nした後は防御状態に入り、有利な時機を掴んでこの盾を使えばダメージを受けずに敵を倒せる。#r注意すべきなのは#c0aba1d靭性値#nがゼロになると非常に虚弱になってしまう。盾を下すと靭性値を回復できる。,@item_150029##nを使うことで獲得。
540351,凍結の棒+チタンの盾,#c0aba1dチャージ#nした後は防御状態に入り、有利な時機を掴んでこの盾を使えばダメージを受けずに敵を倒せる。#r注意すべきなのは#c0aba1d靭性値#nがゼロになると非常に虚弱になってしまう。盾を下すと靭性値を回復できる。,@item_150029##nを使うことで獲得。
540352,チタンのウォーハンマー+木の棒,#c0aba1dチャージ#nした後は地面を叩き、周りの生物を吹き飛ばして気絶させ、同時に大量のダメージを与えることができる。,@item_150029##nを使うことで獲得。
540353,チタンのウォーハンマー+ちくちくばんばんハンマー,#c0aba1dチャージ#nした後は地面を叩き、周りの生物を吹き飛ばして気絶させ、同時に大量のダメージを与えることができる。,@item_150029##nを使うことで獲得。
540354,チタンのウォーハンマー+凍結の棒,#c0aba1dチャージ#nした後は地面を叩き、周りの生物を吹き飛ばして気絶させ、同時に大量のダメージを与えることができる。,@item_150029##nを使うことで獲得。
540355,チタンのウォーハンマー+チタンのウォーハンマー,#c0aba1dチャージ#nした後は地面を叩き、周りの生物を吹き飛ばして気絶させ、同時に大量のダメージを与えることができる。,@item_150029##nを使うことで獲得。
540356,チタンのウォーハンマー+石の剣,#c0aba1dチャージ#nした後は斬撃を放ち、その場所で地面叩きのスキルを発動する。命中された生物は眩暈状態になる。,@item_150029##nを使うことで獲得。
540357,チタンのウォーハンマー+短剣,#c0aba1dチャージ#nした後は斬撃を放ち、その場所で地面叩きのスキルを発動する。命中された生物は眩暈状態になる。,@item_150029##nを使うことで獲得。
540358,チタンのウォーハンマー+狩り人,#c0aba1dチャージ#nした後は斬撃を放ち、その場所で地面叩きのスキルを発動する。命中された生物は眩暈状態になる。,@item_150029##nを使うことで獲得。
540359,チタンのウォーハンマー+エネルギーソード,#c0aba1dチャージ#nした後は前方にテレポートし、移動後に地面叩きのスキルを発動する。命中された生物は眩暈状態になる。,@item_150029##nを使うことで獲得。
540360,チタンのウォーハンマー+サソリの殻の盾,#c0aba1dチャージ#nした後は防御状態に入り、有利な時機を掴んでこの盾を使えばダメージを受けずに敵を倒せる。#r注意すべきなのは#c0aba1d靭性値#nがゼロになると非常に虚弱になってしまう。盾を下すと靭性値を回復できる。,@item_150029##nを使うことで獲得。
540361,チタンのウォーハンマー+サソリの棘の盾,#c0aba1dチャージ#nした後は防御状態に入り、敵に中毒させることもできる。有利な時機を掴んでこの盾を使えばダメージを受けずに敵を倒せる。#r注意すべきなのは#c0aba1d靭性値#nがゼロになると非常に虚弱になってしまう。盾を下すと靭性値を回復できる。,@item_150029##nを使うことで獲得。
540362,チタンのウォーハンマー+木の盾,#c0aba1dチャージ#nした後は防御状態に入り、有利な時機を掴んでこの盾を使えばダメージを受けずに敵を倒せる。#r注意すべきなのは#c0aba1d靭性値#nがゼロになると非常に虚弱になってしまう。盾を下すと靭性値を回復できる。,@item_150029##nを使うことで獲得。
540363,チタンのウォーハンマー+銅の盾,#c0aba1dチャージ#nした後は防御状態に入り、有利な時機を掴んでこの盾を使えばダメージを受けずに敵を倒せる。#r注意すべきなのは#c0aba1d靭性値#nがゼロになると非常に虚弱になってしまう。盾を下すと靭性値を回復できる。,@item_150029##nを使うことで獲得。
540364,チタンのウォーハンマー+チタンの盾,#c0aba1dチャージ#nした後は防御状態に入り、有利な時機を掴んでこの盾を使えばダメージを受けずに敵を倒せる。#r注意すべきなのは#c0aba1d靭性値#nがゼロになると非常に虚弱になってしまう。盾を下すと靭性値を回復できる。,@item_150029##nを使うことで獲得。
540365,石の剣+石の剣,両手用の剣系武器、#c0aba1dチャージ#nした後は二段斬撃を放ち、周りの生物にダメージを与えることができる。,@item_150029##nを使うことで獲得。
540366,石の剣+サソリの殻の盾,#c0aba1dチャージ#nした後は防御状態に入り、有利な時機を掴んでこの盾を使えばダメージを受けずに敵を倒せる。#r注意すべきなのは#c0aba1d靭性値#nがゼロになると非常に虚弱になってしまう。盾を下すと靭性値を回復できる。,@item_150029##nを使うことで獲得。
540367,石の剣+サソリの棘の盾,#c0aba1dチャージ#nした後は防御状態に入り、敵に中毒させることもできる。有利な時機を掴んでこの盾を使えばダメージを受けずに敵を倒せる。#r注意すべきなのは#c0aba1d靭性値#nがゼロになると非常に虚弱になってしまう。盾を下すと靭性値を回復できる。,@item_150029##nを使うことで獲得。
540368,石の剣+木の盾,#c0aba1dチャージ#nした後は防御状態に入り、有利な時機を掴んでこの盾を使えばダメージを受けずに敵を倒せる。#r注意すべきなのは#c0aba1d靭性値#nがゼロになると非常に虚弱になってしまう。盾を下すと靭性値を回復できる。,@item_150029##nを使うことで獲得。
540369,石の剣+銅の盾,#c0aba1dチャージ#nした後は防御状態に入り、有利な時機を掴んでこの盾を使えばダメージを受けずに敵を倒せる。#r注意すべきなのは#c0aba1d靭性値#nがゼロになると非常に虚弱になってしまう。盾を下すと靭性値を回復できる。,@item_150029##nを使うことで獲得。
540370,石の剣+チタンの盾,#c0aba1dチャージ#nした後は防御状態に入り、有利な時機を掴んでこの盾を使えばダメージを受けずに敵を倒せる。#r注意すべきなのは#c0aba1d靭性値#nがゼロになると非常に虚弱になってしまう。盾を下すと靭性値を回復できる。,@item_150029##nを使うことで獲得。
540371,短剣+石の剣,両手用の剣系武器、#c0aba1dチャージ#nした後は二段斬撃を放ち、周りの生物にダメージを与えることができる。,@item_150029##nを使うことで獲得。
540372,短剣+短剣,両手用の剣系武器、#c0aba1dチャージ#nした後は二段斬撃を放ち、周りの生物にダメージを与えることができる。,@item_150029##nを使うことで獲得。
540373,短剣+サソリの殻の盾,#c0aba1dチャージ#nした後は防御状態に入り、有利な時機を掴んでこの盾を使えばダメージを受けずに敵を倒せる。#r注意すべきなのは#c0aba1d靭性値#nがゼロになると非常に虚弱になってしまう。盾を下すと靭性値を回復できる。,@item_150029##nを使うことで獲得。
540374,短剣+サソリの棘の盾,#c0aba1dチャージ#nした後は防御状態に入り、敵に中毒させることもできる。有利な時機を掴んでこの盾を使えばダメージを受けずに敵を倒せる。#r注意すべきなのは#c0aba1d靭性値#nがゼロになると非常に虚弱になってしまう。盾を下すと靭性値を回復できる。,@item_150029##nを使うことで獲得。
540375,短剣+木の盾,#c0aba1dチャージ#nした後は防御状態に入り、有利な時機を掴んでこの盾を使えばダメージを受けずに敵を倒せる。#r注意すべきなのは#c0aba1d靭性値#nがゼロになると非常に虚弱になってしまう。盾を下すと靭性値を回復できる。,@item_150029##nを使うことで獲得。
540376,短剣+銅の盾,#c0aba1dチャージ#nした後は防御状態に入り、有利な時機を掴んでこの盾を使えばダメージを受けずに敵を倒せる。#r注意すべきなのは#c0aba1d靭性値#nがゼロになると非常に虚弱になってしまう。盾を下すと靭性値を回復できる。,@item_150029##nを使うことで獲得。
540377,短剣+チタンの盾,#c0aba1dチャージ#nした後は防御状態に入り、有利な時機を掴んでこの盾を使えばダメージを受けずに敵を倒せる。#r注意すべきなのは#c0aba1d靭性値#nがゼロになると非常に虚弱になってしまう。盾を下すと靭性値を回復できる。,@item_150029##nを使うことで獲得。
540378,狩り人+石の剣,両手用の剣系武器、#c0aba1dチャージ#nした後は二段斬撃を放ち、周りの生物にダメージを与えることができる。,@item_150029##nを使うことで獲得。
540379,狩り人+短剣,両手用の剣系武器、#c0aba1dチャージ#nした後は二段斬撃を放ち、周りの生物にダメージを与えることができる。,@item_150029##nを使うことで獲得。
540380,狩り人+狩り人,両手用の剣系武器、#c0aba1dチャージ#nした後は二段斬撃を放ち、周りの生物にダメージを与えることができる。,@item_150029##nを使うことで獲得。
540381,狩り人+サソリの殻の盾,#c0aba1dチャージ#nした後は防御状態に入り、有利な時機を掴んでこの盾を使えばダメージを受けずに敵を倒せる。#r注意すべきなのは#c0aba1d靭性値#nがゼロになると非常に虚弱になってしまう。盾を下すと靭性値を回復できる。,@item_150029##nを使うことで獲得。
540382,狩り人+サソリの棘の盾,#c0aba1dチャージ#nした後は防御状態に入り、敵に中毒させることもできる。有利な時機を掴んでこの盾を使えばダメージを受けずに敵を倒せる。#r注意すべきなのは#c0aba1d靭性値#nがゼロになると非常に虚弱になってしまう。盾を下すと靭性値を回復できる。,@item_150029##nを使うことで獲得。
540383,狩り人+木の盾,#c0aba1dチャージ#nした後は防御状態に入り、有利な時機を掴んでこの盾を使えばダメージを受けずに敵を倒せる。#r注意すべきなのは#c0aba1d靭性値#nがゼロになると非常に虚弱になってしまう。盾を下すと靭性値を回復できる。,@item_150029##nを使うことで獲得。
540384,狩り人+銅の盾,#c0aba1dチャージ#nした後は防御状態に入り、有利な時機を掴んでこの盾を使えばダメージを受けずに敵を倒せる。#r注意すべきなのは#c0aba1d靭性値#nがゼロになると非常に虚弱になってしまう。盾を下すと靭性値を回復できる。,@item_150029##nを使うことで獲得。
540385,狩り人+チタンの盾,#c0aba1dチャージ#nした後は防御状態に入り、有利な時機を掴んでこの盾を使えばダメージを受けずに敵を倒せる。#r注意すべきなのは#c0aba1d靭性値#nがゼロになると非常に虚弱になってしまう。盾を下すと靭性値を回復できる。,@item_150029##nを使うことで獲得。
540386,エネルギーソード+石の剣,両手用の剣系武器、#c0aba1dチャージ#nした後は二段斬撃を放ち、周りの生物にダメージを与えることができる。,@item_150029##nを使うことで獲得。
540387,エネルギーソード+短剣,両手用の剣系武器、#c0aba1dチャージ#nした後は前方にテレポートし、接触した敵にダメージを与えることができる。,@item_150029##nを使うことで獲得。
540388,エネルギーソード+狩り人,両手用の剣系武器、#c0aba1dチャージ#nした後は前方にテレポートし、接触した敵にダメージを与えることができる。,@item_150029##nを使うことで獲得。
540389,エネルギーソード+エネルギーソード,両手用の剣系武器、#c0aba1dチャージ#nした後は前方にテレポートし、接触した敵にダメージを与えることができる。,@item_150029##nを使うことで獲得。
540390,エネルギーソード+サソリの殻の盾,#c0aba1dチャージ#nした後は防御状態に入り、有利な時機を掴んでこの盾を使えばダメージを受けずに敵を倒せる。#r注意すべきなのは#c0aba1d靭性値#nがゼロになると非常に虚弱になってしまう。盾を下すと靭性値を回復できる。,@item_150029##nを使うことで獲得。
540391,エネルギーソード+サソリの棘の盾,#c0aba1dチャージ#nした後は防御状態に入り、敵に中毒させることもできる。有利な時機を掴んでこの盾を使えばダメージを受けずに敵を倒せる。#r注意すべきなのは#c0aba1d靭性値#nがゼロになると非常に虚弱になってしまう。盾を下すと靭性値を回復できる。,@item_150029##nを使うことで獲得。
540392,エネルギーソード+木の盾,#c0aba1dチャージ#nした後は防御状態に入り、有利な時機を掴んでこの盾を使えばダメージを受けずに敵を倒せる。#r注意すべきなのは#c0aba1d靭性値#nがゼロになると非常に虚弱になってしまう。盾を下すと靭性値を回復できる。,@item_150029##nを使うことで獲得。
540393,エネルギーソード+銅の盾,#c0aba1dチャージ#nした後は防御状態に入り、有利な時機を掴んでこの盾を使えばダメージを受けずに敵を倒せる。#r注意すべきなのは#c0aba1d靭性値#nがゼロになると非常に虚弱になってしまう。盾を下すと靭性値を回復できる。,@item_150029##nを使うことで獲得。
540394,エネルギーソード+チタンの盾,#c0aba1dチャージ#nした後は防御状態に入り、有利な時機を掴んでこの盾を使えばダメージを受けずに敵を倒せる。#r注意すべきなのは#c0aba1d靭性値#nがゼロになると非常に虚弱になってしまう。盾を下すと靭性値を回復できる。,@item_150029##nを使うことで獲得。
540395,石の矛+木の棒,#c0aba1dチャージ#nした後は投げられる。命中された生物にダメージを与え、眩暈状態を付与する。#r拾って繰り返して使える。,@item_150029##nを使うことで獲得。
540396,石の矛+ちくちくばんばんハンマー,#c0aba1dチャージ#nした後は投げられる。命中された生物にダメージを与え、眩暈状態を付与する。#r拾って繰り返して使える。,@item_150029##nを使うことで獲得。
540397,石の矛+凍結の棒,#c0aba1dチャージ#nした後は投げられる。命中された生物にダメージを与え、眩暈状態を付与する。#r拾って繰り返して使える。,@item_150029##nを使うことで獲得。
540398,石の矛+チタンのウォーハンマー,#c0aba1dチャージ#nした後は投げられる。命中された生物にダメージを与え、眩暈状態を付与する。#r拾って繰り返して使える。,@item_150029##nを使うことで獲得。
540399,石の矛+石の剣,#c0aba1dチャージ#nした後は投げられる。命中された位置に剣気を生成する。#r拾って繰り返して使える。,@item_150029##nを使うことで獲得。
540400,石の矛+短剣,#c0aba1dチャージ#nした後は投げられる。命中された位置に剣気を生成する。#r拾って繰り返して使える。,@item_150029##nを使うことで獲得。
540401,石の矛+狩り人,#c0aba1dチャージ#nした後は防御状態に入り、敵に中毒させることもできる。有利な時機を掴んでこの盾を使えばダメージを受けずに敵を倒せる。#r注意すべきなのは#c0aba1d靭性値#nがゼロになると非常に虚弱になってしまう。盾を下すと靭性値を回復できる。,@item_150029##nを使うことで獲得。
540402,石の矛+エネルギーソード,#c0aba1dチャージ#nした後は投げられる。命中された位置に剣気を生成する。#r拾って繰り返して使える。,@item_150029##nを使うことで獲得。
540403,石の矛+石の矛,#c0aba1dチャージ#nした後は投げられる。#r拾って繰り返して使える。,@item_150029##nを使うことで獲得。
540404,石の矛+サソリの殻の盾,#c0aba1dチャージ#nした後は防御状態に入り、有利な時機を掴んでこの盾を使えばダメージを受けずに敵を倒せる。#r注意すべきなのは#c0aba1d靭性値#nがゼロになると非常に虚弱になってしまう。盾を下すと靭性値を回復できる。,@item_150029##nを使うことで獲得。
540405,石の矛+サソリの棘の盾,#c0aba1dチャージ#nした後は防御状態に入り、敵に中毒させることもできる。有利な時機を掴んでこの盾を使えばダメージを受けずに敵を倒せる。#r注意すべきなのは#c0aba1d靭性値#nがゼロになると非常に虚弱になってしまう。盾を下すと靭性値を回復できる。,@item_150029##nを使うことで獲得。
540406,石の矛+木の盾,#c0aba1dチャージ#nした後は防御状態に入り、有利な時機を掴んでこの盾を使えばダメージを受けずに敵を倒せる。#r注意すべきなのは#c0aba1d靭性値#nがゼロになると非常に虚弱になってしまう。盾を下すと靭性値を回復できる。,@item_150029##nを使うことで獲得。
540407,石の矛+銅の盾,#c0aba1dチャージ#nした後は防御状態に入り、有利な時機を掴んでこの盾を使えばダメージを受けずに敵を倒せる。#r注意すべきなのは#c0aba1d靭性値#nがゼロになると非常に虚弱になってしまう。盾を下すと靭性値を回復できる。,@item_150029##nを使うことで獲得。
540408,石の矛+チタンの盾,#c0aba1dチャージ#nした後は防御状態に入り、有利な時機を掴んでこの盾を使えばダメージを受けずに敵を倒せる。#r注意すべきなのは#c0aba1d靭性値#nがゼロになると非常に虚弱になってしまう。盾を下すと靭性値を回復できる。,@item_150029##nを使うことで獲得。
540409,銅の矛+木の棒,#c0aba1dチャージ#nした後は投げられる。命中された生物にダメージを与え、眩暈状態を付与する。#r拾って繰り返して使える。,@item_150029##nを使うことで獲得。
540410,銅の矛+ちくちくばんばんハンマー,#c0aba1dチャージ#nした後は投げられる。命中された生物にダメージを与え、眩暈状態を付与する。#r拾って繰り返して使える。,@item_150029##nを使うことで獲得。
540411,銅の矛+凍結の棒,#c0aba1dチャージ#nした後は投げられる。命中された生物にダメージを与え、眩暈状態を付与する。#r拾って繰り返して使える。,@item_150029##nを使うことで獲得。
540412,銅の矛+チタンのウォーハンマー,#c0aba1dチャージ#nした後は投げられる。命中された生物にダメージを与え、眩暈状態を付与する。#r拾って繰り返して使える。,@item_150029##nを使うことで獲得。
540413,銅の矛+石の剣,#c0aba1dチャージ#nした後は投げられる。命中された位置に剣気を生成する。#r拾って繰り返して使える。,@item_150029##nを使うことで獲得。
540414,銅の矛+短剣,#c0aba1dチャージ#nした後は投げられる。命中された位置に剣気を生成する。#r拾って繰り返して使える。,@item_150029##nを使うことで獲得。
540415,銅の矛+狩り人,#c0aba1dチャージ#nした後は防御状態に入り、敵に中毒させることもできる。有利な時機を掴んでこの盾を使えばダメージを受けずに敵を倒せる。#r注意すべきなのは#c0aba1d靭性値#nがゼロになると非常に虚弱になってしまう。盾を下すと靭性値を回復できる。,@item_150029##nを使うことで獲得。
540416,銅の矛+エネルギーソード,#c0aba1dチャージ#nした後は投げられる。命中された位置に剣気を生成する。#r拾って繰り返して使える。,@item_150029##nを使うことで獲得。
540417,銅の矛+石の矛,#c0aba1dチャージ#nした後は投げられる。#r拾って繰り返して使える。,@item_150029##nを使うことで獲得。
540418,銅の矛+銅の矛,#c0aba1dチャージ#nした後は投げられる。#r拾って繰り返して使える。,@item_150029##nを使うことで獲得。
540419,銅の矛+オニイトマキエイの銛,#c0aba1dチャージ#nした後は投げられる。#r拾って繰り返して使える。,@item_150029##nを使うことで獲得。
540420,銅の矛+サソリの殻の盾,#c0aba1dチャージ#nした後は防御状態に入り、有利な時機を掴んでこの盾を使えばダメージを受けずに敵を倒せる。#r注意すべきなのは#c0aba1d靭性値#nがゼロになると非常に虚弱になってしまう。盾を下すと靭性値を回復できる。,@item_150029##nを使うことで獲得。
540421,銅の矛+サソリの棘の盾,#c0aba1dチャージ#nした後は防御状態に入り、敵に中毒させることもできる。有利な時機を掴んでこの盾を使えばダメージを受けずに敵を倒せる。#r注意すべきなのは#c0aba1d靭性値#nがゼロになると非常に虚弱になってしまう。盾を下すと靭性値を回復できる。,@item_150029##nを使うことで獲得。
540422,銅の矛+木の盾,#c0aba1dチャージ#nした後は防御状態に入り、有利な時機を掴んでこの盾を使えばダメージを受けずに敵を倒せる。#r注意すべきなのは#c0aba1d靭性値#nがゼロになると非常に虚弱になってしまう。盾を下すと靭性値を回復できる。,@item_150029##nを使うことで獲得。
540423,銅の矛+銅の盾,#c0aba1dチャージ#nした後は防御状態に入り、有利な時機を掴んでこの盾を使えばダメージを受けずに敵を倒せる。#r注意すべきなのは#c0aba1d靭性値#nがゼロになると非常に虚弱になってしまう。盾を下すと靭性値を回復できる。,@item_150029##nを使うことで獲得。
540424,銅の矛+チタンの盾,#c0aba1dチャージ#nした後は防御状態に入り、有利な時機を掴んでこの盾を使えばダメージを受けずに敵を倒せる。#r注意すべきなのは#c0aba1d靭性値#nがゼロになると非常に虚弱になってしまう。盾を下すと靭性値を回復できる。,@item_150029##nを使うことで獲得。
540425,エネルギースピア+木の棒,#c0aba1dチャージ#nした後は投げて複数の敵を貫通できる。命中された生物にダメージを与え、眩暈状態を付与する。#r拾って繰り返して使える。,@item_150029##nを使うことで獲得。
540426,エネルギースピア+ちくちくばんばんハンマー,#c0aba1dチャージ#nした後は投げて複数の敵を貫通できる。命中された生物にダメージを与え、眩暈状態を付与する。#r拾って繰り返して使える。,@item_150029##nを使うことで獲得。
540427,エネルギースピア+凍結の棒,#c0aba1dチャージ#nした後は投げて複数の敵を貫通できる。命中された生物にダメージを与え、眩暈状態を付与する。#r拾って繰り返して使える。,@item_150029##nを使うことで獲得。
540428,エネルギースピア+チタンのウォーハンマー,#c0aba1dチャージ#nした後は投げて複数の敵を貫通できる。命中された生物にダメージを与え、眩暈状態を付与する。#r拾って繰り返して使える。,@item_150029##nを使うことで獲得。
540429,エネルギースピア+石の剣,#c0aba1dチャージ#nした後は投げて複数の敵を貫通できる。命中された位置に剣気を生成する。#r拾って繰り返して使える。,@item_150029##nを使うことで獲得。
540430,エネルギースピア+短剣,#c0aba1dチャージ#nした後は投げて複数の敵を貫通できる。命中された位置に剣気を生成する。#r拾って繰り返して使える。,@item_150029##nを使うことで獲得。
540431,エネルギースピア+狩り人,#c0aba1dチャージ#nした後は投げて複数の敵を貫通できる。命中された位置に剣気を生成する。#r拾って繰り返して使える。,@item_150029##nを使うことで獲得。
540432,エネルギースピア+エネルギーソード,#c0aba1dチャージ#nした後は投げて複数の敵を貫通できる。命中された位置に剣気を生成する。#r拾って繰り返して使える。,@item_150029##nを使うことで獲得。
540433,エネルギースピア+石の矛,#c0aba1dチャージ#nした後は投げて複数の敵を貫通できる。#r拾って繰り返して使える。,@item_150029##nを使うことで獲得。
540434,エネルギースピア+銅の矛,#c0aba1dチャージ#nした後は投げて複数の敵を貫通できる。#r拾って繰り返して使える。,@item_150029##nを使うことで獲得。
540435,エネルギースピア+エネルギースピア,#c0aba1dチャージ#nした後は投げて複数の敵を貫通できる。#r拾って繰り返して使える。,@item_150029##nを使うことで獲得。
540436,エネルギースピア+オニイトマキエイの銛,#c0aba1dチャージ#nした後は投げて複数の敵を貫通できる。#r拾って繰り返して使える。,@item_150029##nを使うことで獲得。
540437,エネルギースピア+サソリの殻の盾,#c0aba1dチャージ#nした後は防御状態に入り、有利な時機を掴んでこの盾を使えばダメージを受けずに敵を倒せる。#r注意すべきなのは#c0aba1d靭性値#nがゼロになると非常に虚弱になってしまう。盾を下すと靭性値を回復できる。,@item_150029##nを使うことで獲得。
540438,エネルギースピア+サソリの棘の盾,#c0aba1dチャージ#nした後は防御状態に入り、敵に中毒させることもできる。有利な時機を掴んでこの盾を使えばダメージを受けずに敵を倒せる。#r注意すべきなのは#c0aba1d靭性値#nがゼロになると非常に虚弱になってしまう。盾を下すと靭性値を回復できる。,@item_150029##nを使うことで獲得。
540439,エネルギースピア+木の盾,#c0aba1dチャージ#nした後は防御状態に入り、有利な時機を掴んでこの盾を使えばダメージを受けずに敵を倒せる。#r注意すべきなのは#c0aba1d靭性値#nがゼロになると非常に虚弱になってしまう。盾を下すと靭性値を回復できる。,@item_150029##nを使うことで獲得。
540440,エネルギースピア+銅の盾,#c0aba1dチャージ#nした後は防御状態に入り、有利な時機を掴んでこの盾を使えばダメージを受けずに敵を倒せる。#r注意すべきなのは#c0aba1d靭性値#nがゼロになると非常に虚弱になってしまう。盾を下すと靭性値を回復できる。,@item_150029##nを使うことで獲得。
540441,エネルギースピア+チタンの盾,#c0aba1dチャージ#nした後は防御状態に入り、有利な時機を掴んでこの盾を使えばダメージを受けずに敵を倒せる。#r注意すべきなのは#c0aba1d靭性値#nがゼロになると非常に虚弱になってしまう。盾を下すと靭性値を回復できる。,@item_150029##nを使うことで獲得。
540442,オニイトマキエイの銛+木の棒,#c0aba1dチャージ#nした後は投げられる。命中された生物にダメージを与え、眩暈状態を付与する。#r拾って繰り返して使える。,@item_150029##nを使うことで獲得。
540443,オニイトマキエイの銛+ちくちくばんばんハンマー,#c0aba1dチャージ#nした後は投げられる。命中された生物にダメージを与え、眩暈状態を付与する。#r拾って繰り返して使える。,@item_150029##nを使うことで獲得。
540444,オニイトマキエイの銛+凍結の棒,#c0aba1dチャージ#nした後は投げられる。命中された生物にダメージを与え、眩暈状態を付与する。#r拾って繰り返して使える。,@item_150029##nを使うことで獲得。
540445,オニイトマキエイの銛+チタンのウォーハンマー,#c0aba1dチャージ#nした後は投げられる。命中された生物にダメージを与え、眩暈状態を付与する。#r拾って繰り返して使える。,@item_150029##nを使うことで獲得。
540446,オニイトマキエイの銛+石の剣,#c0aba1dチャージ#nした後は投げられる。命中された位置に剣気を生成する。#r拾って繰り返して使える。,@item_150029##nを使うことで獲得。
540447,オニイトマキエイの銛+短剣,#c0aba1dチャージ#nした後は投げられる。命中された位置に剣気を生成する。#r拾って繰り返して使える。,@item_150029##nを使うことで獲得。
540448,オニイトマキエイの銛+狩り人,#c0aba1dチャージ#nした後は防御状態に入り、敵に中毒させることもできる。有利な時機を掴んでこの盾を使えばダメージを受けずに敵を倒せる。#r注意すべきなのは#c0aba1d靭性値#nがゼロになると非常に虚弱になってしまう。盾を下すと靭性値を回復できる。,@item_150029##nを使うことで獲得。
540449,オニイトマキエイの銛+エネルギーソード,#c0aba1dチャージ#nした後は投げられる。命中された位置に剣気を生成する。#r拾って繰り返して使える。,@item_150029##nを使うことで獲得。
540450,オニイトマキエイの銛+石の矛,#c0aba1dチャージ#nした後は投げられる。#r拾って繰り返して使える。,@item_150029##nを使うことで獲得。
540451,オニイトマキエイの銛+オニイトマキエイの銛,#c0aba1dチャージ#nした後は投げられる。#r拾って繰り返して使える。,@item_150029##nを使うことで獲得。
540452,オニイトマキエイの銛+サソリの殻の盾,#c0aba1dチャージ#nした後は防御状態に入り、有利な時機を掴んでこの盾を使えばダメージを受けずに敵を倒せる。#r注意すべきなのは#c0aba1d靭性値#nがゼロになると非常に虚弱になってしまう。盾を下すと靭性値を回復できる。,@item_150029##nを使うことで獲得。
540453,オニイトマキエイの銛+サソリの棘の盾,#c0aba1dチャージ#nした後は防御状態に入り、敵に中毒させることもできる。有利な時機を掴んでこの盾を使えばダメージを受けずに敵を倒せる。#r注意すべきなのは#c0aba1d靭性値#nがゼロになると非常に虚弱になってしまう。盾を下すと靭性値を回復できる。,@item_150029##nを使うことで獲得。
540454,オニイトマキエイの銛+木の盾,#c0aba1dチャージ#nした後は防御状態に入り、有利な時機を掴んでこの盾を使えばダメージを受けずに敵を倒せる。#r注意すべきなのは#c0aba1d靭性値#nがゼロになると非常に虚弱になってしまう。盾を下すと靭性値を回復できる。,@item_150029##nを使うことで獲得。
540455,オニイトマキエイの銛+銅の盾,#c0aba1dチャージ#nした後は防御状態に入り、有利な時機を掴んでこの盾を使えばダメージを受けずに敵を倒せる。#r注意すべきなのは#c0aba1d靭性値#nがゼロになると非常に虚弱になってしまう。盾を下すと靭性値を回復できる。,@item_150029##nを使うことで獲得。
540456,オニイトマキエイの銛+チタンの盾,#c0aba1dチャージ#nした後は防御状態に入り、有利な時機を掴んでこの盾を使えばダメージを受けずに敵を倒せる。#r注意すべきなのは#c0aba1d靭性値#nがゼロになると非常に虚弱になってしまう。盾を下すと靭性値を回復できる。,@item_150029##nを使うことで獲得。
540466,平凡な杖+木の棒,近接戦闘の同時に魔法玉を放てる。,@item_150029##nを使うことで獲得。
540467,平凡な杖+ちくちくばんばんハンマー,近接戦闘の同時に魔法玉を放てる。,@item_150029##nを使うことで獲得。
540468,平凡な杖+凍結の棒,近接戦闘の同時に魔法玉を放てる。,@item_150029##nを使うことで獲得。
540469,平凡な杖+チタンのウォーハンマー,近接戦闘の同時に魔法玉を放てる。,@item_150029##nを使うことで獲得。
540470,平凡な杖+石の剣,近接戦闘の同時に魔法玉を放てる。,@item_150029##nを使うことで獲得。
540471,平凡な杖+短剣,近接戦闘の同時に魔法玉を放てる。,@item_150029##nを使うことで獲得。
540472,平凡な杖+狩り人,近接戦闘の同時に魔法玉を放てる。,@item_150029##nを使うことで獲得。
540473,平凡な杖+エネルギーソード,近接戦闘の同時に魔法玉を放てる。,@item_150029##nを使うことで獲得。
540474,平凡な杖+平凡な杖,両手用の杖、一度に2本の杖の魔法玉を放てる。,@item_150029##nを使うことで獲得。
540475,熾烈な杖+木の棒,近接戦闘の同時に魔法玉を放てる。,@item_150029##nを使うことで獲得。
540476,熾烈な杖+ちくちくばんばんハンマー,近接戦闘の同時に魔法玉を放てる。,@item_150029##nを使うことで獲得。
540477,熾烈な杖+凍結の棒,近接戦闘の同時に魔法玉を放てる。,@item_150029##nを使うことで獲得。
540478,熾烈な杖+チタンのウォーハンマー,近接戦闘の同時に魔法玉を放てる。,@item_150029##nを使うことで獲得。
540479,熾烈な杖+石の剣,近接戦闘の同時に魔法玉を放てる。,@item_150029##nを使うことで獲得。
540480,熾烈な杖+短剣,近接戦闘の同時に魔法玉を放てる。,@item_150029##nを使うことで獲得。
540481,熾烈な杖+狩り人,近接戦闘の同時に魔法玉を放てる。,@item_150029##nを使うことで獲得。
540482,熾烈な杖+エネルギーソード,近接戦闘の同時に魔法玉を放てる。,@item_150029##nを使うことで獲得。
540483,熾烈な杖+平凡な杖,両手用の杖、一度に2本の杖の魔法玉を放てる。,@item_150029##nを使うことで獲得。
540484,熾烈な杖+熾烈な杖,両手用の杖、一度に2本の杖の魔法玉を放てる。,@item_150029##nを使うことで獲得。
540485,熾烈な杖+雷電の杖,両手用の杖、一度に2本の杖の魔法玉を放てる。,@item_150029##nを使うことで獲得。
540486,熾烈な杖+猛毒の杖,両手用の杖、一度に2本の杖の魔法玉を放てる。,@item_150029##nを使うことで獲得。
540487,熾烈な杖+蘇生の杖,両手用の杖、一度に2本の杖の魔法玉を放てる。,@item_150029##nを使うことで獲得。
540488,熾烈な杖+召喚の杖,両手用の杖、一度に2本の杖の魔法玉を放てる。,@item_150029##nを使うことで獲得。
540489,熾烈な杖+氷結の杖,両手用の杖、一度に2本の杖の魔法玉を放てる。,@item_150029##nを使うことで獲得。
540490,雷電の杖+木の棒,近接戦闘の同時に魔法玉を放てる。,@item_150029##nを使うことで獲得。
540491,雷電の杖+ちくちくばんばんハンマー,近接戦闘の同時に魔法玉を放てる。,@item_150029##nを使うことで獲得。
540492,雷電の杖+凍結の棒,近接戦闘の同時に魔法玉を放てる。,@item_150029##nを使うことで獲得。
540493,雷電の杖+チタンのウォーハンマー,近接戦闘の同時に魔法玉を放てる。,@item_150029##nを使うことで獲得。
540494,雷電の杖+石の剣,近接戦闘の同時に魔法玉を放てる。,@item_150029##nを使うことで獲得。
540495,雷電の杖+短剣,近接戦闘の同時に魔法玉を放てる。,@item_150029##nを使うことで獲得。
540496,雷電の杖+狩り人,近接戦闘の同時に魔法玉を放てる。,@item_150029##nを使うことで獲得。
540497,雷電の杖+エネルギーソード,近接戦闘の同時に魔法玉を放てる。,@item_150029##nを使うことで獲得。
540498,雷電の杖+平凡な杖,両手用の杖、一度に2本の杖の魔法玉を放てる。,@item_150029##nを使うことで獲得。
540499,雷電の杖+雷電の杖,両手用の杖、一度に2本の杖の魔法玉を放てる。,@item_150029##nを使うことで獲得。
540500,雷電の杖+猛毒の杖,両手用の杖、一度に2本の杖の魔法玉を放てる。,@item_150029##nを使うことで獲得。
540501,雷電の杖+蘇生の杖,両手用の杖、一度に2本の杖の魔法玉を放てる。,@item_150029##nを使うことで獲得。
540502,雷電の杖+召喚の杖,両手用の杖、一度に2本の杖の魔法玉を放てる。,@item_150029##nを使うことで獲得。
540503,雷電の杖+氷結の杖,両手用の杖、一度に2本の杖の魔法玉を放てる。,@item_150029##nを使うことで獲得。
540504,猛毒の杖+木の棒,近接戦闘の同時に魔法玉を放てる。,@item_150029##nを使うことで獲得。
540505,猛毒の杖+ちくちくばんばんハンマー,近接戦闘の同時に魔法玉を放てる。,@item_150029##nを使うことで獲得。
540506,猛毒の杖+凍結の棒,近接戦闘の同時に魔法玉を放てる。,@item_150029##nを使うことで獲得。
540507,猛毒の杖+チタンのウォーハンマー,近接戦闘の同時に魔法玉を放てる。,@item_150029##nを使うことで獲得。
540508,猛毒の杖+石の剣,近接戦闘の同時に魔法玉を放てる。,@item_150029##nを使うことで獲得。
540509,猛毒の杖+短剣,近接戦闘の同時に魔法玉を放てる。,@item_150029##nを使うことで獲得。
540510,猛毒の杖+狩り人,近接戦闘の同時に魔法玉を放てる。,@item_150029##nを使うことで獲得。
540511,猛毒の杖+エネルギーソード,近接戦闘の同時に魔法玉を放てる。,@item_150029##nを使うことで獲得。
540512,猛毒の杖+平凡な杖,両手用の杖、一度に2本の杖の魔法玉を放てる。,@item_150029##nを使うことで獲得。
540513,猛毒の杖+猛毒の杖,両手用の杖、一度に2本の杖の魔法玉を放てる。,@item_150029##nを使うことで獲得。
540514,猛毒の杖+蘇生の杖,両手用の杖、一度に2本の杖の魔法玉を放てる。,@item_150029##nを使うことで獲得。
540515,猛毒の杖+召喚の杖,両手用の杖、一度に2本の杖の魔法玉を放てる。,@item_150029##nを使うことで獲得。
540516,猛毒の杖+氷結の杖,両手用の杖、一度に2本の杖の魔法玉を放てる。,@item_150029##nを使うことで獲得。
540517,蘇生の杖+木の棒,近接戦闘の同時に魔法玉を放てる。,@item_150029##nを使うことで獲得。
540518,蘇生の杖+ちくちくばんばんハンマー,近接戦闘の同時に魔法玉を放てる。,@item_150029##nを使うことで獲得。
540519,蘇生の杖+凍結の棒,近接戦闘の同時に魔法玉を放てる。,@item_150029##nを使うことで獲得。
540520,蘇生の杖+チタンのウォーハンマー,近接戦闘の同時に魔法玉を放てる。,@item_150029##nを使うことで獲得。
540521,蘇生の杖+石の剣,近接戦闘の同時に魔法玉を放てる。,@item_150029##nを使うことで獲得。
540522,蘇生の杖+短剣,近接戦闘の同時に魔法玉を放てる。,@item_150029##nを使うことで獲得。
540523,蘇生の杖+狩り人,近接戦闘の同時に魔法玉を放てる。,@item_150029##nを使うことで獲得。
540524,蘇生の杖+エネルギーソード,近接戦闘の同時に魔法玉を放てる。,@item_150029##nを使うことで獲得。
540525,蘇生の杖+平凡な杖,両手用の杖、一度に2本の杖の魔法玉を放てる。,@item_150029##nを使うことで獲得。
540526,蘇生の杖+蘇生の杖,両手用の杖、一度に2本の杖の魔法玉を放てる。,@item_150029##nを使うことで獲得。
540527,蘇生の杖+召喚の杖,両手用の杖、一度に2本の杖の魔法玉を放てる。,@item_150029##nを使うことで獲得。
540528,蘇生の杖+氷結の杖,両手用の杖、一度に2本の杖の魔法玉を放てる。,@item_150029##nを使うことで獲得。
540529,召喚の杖+木の棒,近接戦闘の同時に魔法玉を放てる。,@item_150029##nを使うことで獲得。
540530,召喚の杖+ちくちくばんばんハンマー,近接戦闘の同時に魔法玉を放てる。,@item_150029##nを使うことで獲得。
540531,召喚の杖+凍結の棒,近接戦闘の同時に魔法玉を放てる。,@item_150029##nを使うことで獲得。
540532,召喚の杖+チタンのウォーハンマー,近接戦闘の同時に魔法玉を放てる。,@item_150029##nを使うことで獲得。
540533,召喚の杖+石の剣,近接戦闘の同時に魔法玉を放てる。,@item_150029##nを使うことで獲得。
540534,召喚の杖+短剣,近接戦闘の同時に魔法玉を放てる。,@item_150029##nを使うことで獲得。
540535,召喚の杖+狩り人,近接戦闘の同時に魔法玉を放てる。,@item_150029##nを使うことで獲得。
540536,召喚の杖+エネルギーソード,近接戦闘の同時に魔法玉を放てる。,@item_150029##nを使うことで獲得。
540537,召喚の杖+平凡な杖,両手用の杖、一度に2本の杖の魔法玉を放てる。,@item_150029##nを使うことで獲得。
540538,召喚の杖+召喚の杖,両手用の杖、一度に2本の杖の魔法玉を放てる。,@item_150029##nを使うことで獲得。
540539,召喚の杖+氷結の杖,両手用の杖、一度に2本の杖の魔法玉を放てる。,@item_150029##nを使うことで獲得。
540540,氷結の杖+木の棒,近接戦闘の同時に魔法玉を放てる。,@item_150029##nを使うことで獲得。
540541,氷結の杖+ちくちくばんばんハンマー,近接戦闘の同時に魔法玉を放てる。,@item_150029##nを使うことで獲得。
540542,氷結の杖+凍結の棒,近接戦闘の同時に魔法玉を放てる。,@item_150029##nを使うことで獲得。
540543,氷結の杖+チタンのウォーハンマー,近接戦闘の同時に魔法玉を放てる。,@item_150029##nを使うことで獲得。
540544,氷結の杖+石の剣,近接戦闘の同時に魔法玉を放てる。,@item_150029##nを使うことで獲得。
540545,氷結の杖+短剣,近接戦闘の同時に魔法玉を放てる。,@item_150029##nを使うことで獲得。
540546,氷結の杖+狩り人,近接戦闘の同時に魔法玉を放てる。,@item_150029##nを使うことで獲得。
540547,氷結の杖+エネルギーソード,近接戦闘の同時に魔法玉を放てる。,@item_150029##nを使うことで獲得。
540548,氷結の杖+平凡な杖,両手用の杖、一度に2本の杖の魔法玉を放てる。,@item_150029##nを使うことで獲得。
540549,氷結の杖+氷結の杖,両手用の杖、一度に2本の杖の魔法玉を放てる。,@item_150029##nを使うことで獲得。
540550,極寒域の杖+木の棒,近接戦闘の同時に魔法玉を放てる。,@item_150029##nを使うことで獲得。
540551,極寒域の杖+ちくちくばんばんハンマー,近接戦闘の同時に魔法玉を放てる。,@item_150029##nを使うことで獲得。
540552,極寒域の杖+凍結の棒,近接戦闘の同時に魔法玉を放てる。,@item_150029##nを使うことで獲得。
540553,極寒域の杖+チタンのウォーハンマー,近接戦闘の同時に魔法玉を放てる。,@item_150029##nを使うことで獲得。
540554,極寒域の杖+石の剣,近接戦闘の同時に魔法玉を放てる。,@item_150029##nを使うことで獲得。
540555,極寒域の杖+短剣,近接戦闘の同時に魔法玉を放てる。,@item_150029##nを使うことで獲得。
540556,極寒域の杖+狩り人,近接戦闘の同時に魔法玉を放てる。,@item_150029##nを使うことで獲得。
540557,極寒域の杖+エネルギーソード,近接戦闘の同時に魔法玉を放てる。,@item_150029##nを使うことで獲得。
540558,極寒域の杖+平凡な杖,両手用の杖、一度に2本の杖の魔法玉を放てる。,@item_150029##nを使うことで獲得。
540559,極寒域の杖+熾烈な杖,両手用の杖、一度に2本の杖の魔法玉を放てる。,@item_150029##nを使うことで獲得。
540560,極寒域の杖+雷電の杖,両手用の杖、一度に2本の杖の魔法玉を放てる。,@item_150029##nを使うことで獲得。
540561,極寒域の杖+猛毒の杖,両手用の杖、一度に2本の杖の魔法玉を放てる。,@item_150029##nを使うことで獲得。
540562,極寒域の杖+蘇生の杖,両手用の杖、一度に2本の杖の魔法玉を放てる。,@item_150029##nを使うことで獲得。
540563,極寒域の杖+召喚の杖,両手用の杖、一度に2本の杖の魔法玉を放てる。,@item_150029##nを使うことで獲得。
540564,極寒域の杖+氷結の杖,両手用の杖、一度に2本の杖の魔法玉を放てる。,@item_150029##nを使うことで獲得。
540565,極寒域の杖+極寒域の杖,両手用の杖、一度に2本の杖の魔法玉を放てる。,@item_150029##nを使うことで獲得。
540566,木の棒+木の盾,#c0aba1dチャージ#nした後は防御状態に入り、有利な時機を掴んでこの盾を使えばダメージを受けずに敵を倒せる。#r注意すべきなのは#c0aba1d靭性値#nがゼロになると非常に虚弱になってしまう。盾を下すと靭性値を回復できる。,@item_150029##nを使うことで獲得。
540567,石の剣+木の盾,#c0aba1dチャージ#nした後は防御状態に入り、有利な時機を掴んでこの盾を使えばダメージを受けずに敵を倒せる。#r注意すべきなのは#c0aba1d靭性値#nがゼロになると非常に虚弱になってしまう。盾を下すと靭性値を回復できる。,@item_150029##nを使うことで獲得。
