ID,描述
ID,Desc
1,現在のステータスでは寝ることができません
2,この場所で寝ることはできません。ベッドが必要です
3,昼間に寝ることはできません
4,寝袋との距離が遠すぎます
5,ここは暑すぎるため、水を注すことができません。
6,炎プラネットに寝袋を設置することはできません
7,弾薬が不足しています
8,マップをアップロード中/ダウンロード中です。しばらくしてから再度お試しください
9,マップをダウンロード中です。しばらくしてから再度お試しください
10,セーブデータ数が上限に達しました。必要のないマップを削除してください
11,マップをシェアしました。早く仲間に知らせてダウンロードしてもらいましょう
12,インターネット接続が切れたためシェアできません。接続してから再度お試しください
13,マップを選択してください！
14,シェア中です。マップのアップロードが終わるまで入れません
15,このマップはまだダウンロードが完了していないため入れません
16,ダウンロード中のセーブデータを削除しますか？
17,"このマップを完全に削除しますか？
 #cef2d2d（マップのバックアップも削除されます）
 （削除すると元に戻せません）#n"
18,インターネットに繋がっていません。Wi-Fiを利用してマップをシェアしてください
19,インターネットに繋がっていません。Wi-Fiを利用してマップをダウンロードしてください
20,インターネットに繋がっていません。Wi-Fiを利用してマップを更新してください
21,"ご注意：モバイルネットワークを使用すると、ゲームのプレイと音声により多くのデータを消費します。続けますか？
 （Wi-Fiへの接続をおすすめします）"
22,ネットワーク接続が不安定なため、ダウンロードを中断しました。改めてWi-Fiに接続してから再度お試しください
23,これ以上マップがありません。あなたのマップをシェアしましょう
24,これ以上フォロー中のマップはありません
25,フォロー数が上限に達しました。フォローしているマップをいくつか削除してください
26,マップを追加しました。（フォロー中）でご確認ください
27,フォローをキャンセルしますか？
28,ダウンロードセーブデータが上限に達しました。必要のないマップを削除してください
29,マップのダウンロードが失敗しました。ネットワークを確認して再度お試しください
30,今日はすでにこのマップを評価済みです。評価は1日1回です
31,今日の「いいね」は使い切りました。明日またお試しください
32,制限ありマップ：大きさが固定されたランダム地形マップを作成します。ノーマル性能の端末に適しています
33,大型マップ：大きさに制限のない地形マップを作成します。高性能の端末に適しています
34,平坦地形：平らな地形のマップを作成します。建築を建てるのに適しています
35,作りたいアイテムを選択してください！
36,フレンドを削除しますか？
37,ネットワーク接続が不安定です。しばらくしてから再度お試しください
38,この仲間はすでにフレンドになっています
39,フレンド数が上限に達しました
40,自分をフレンドに加えることはできません
41,フレンド追加ができませんでした。しばらくしてから再度お試しください
42,このフレンドを削除しました
43,ゲーム内ではセーブデータマップをダウンロードできません。メイン画面に戻ってお試しください
44,近くにフレンドがいません。しばらくしてから再度探してみてください
45,キャラクターの名前には数字、アルファベット、漢字が使えます
46,このキャラクター名はすでに存在します（文字をタップすると入力できます）
47,上級設定
48,中級設定
49,初級設定
50,三人称視点
51,二人称視点
52,一人称視点
53,視野（遠）
54,視野（中）
55,視野（近）
56,チェストがいっぱいです！
57,アカウントタスクポイント：
58,なし
59,（サバイバル）
60,（創造）
61,@1が足りません
62,@1×@2を製作しました
63,フレンドを削除
64,@1があなたのフレンドになりました
65,エンチャント画面からドロップアウトしました
66,エンチャントに必要なスターが不足しています
67,エンチャントステータスがありません
68,ランダムにエンチャントステータスが与えられます
69,このアイテムにはすでにエンチャントされています
70,融合後、サブアイテムは消失します
71,サブアイテムを入れてください
72,エンチャントアイテムを選択してください
73,スター
74,ミニコイン
75,エンチャント可能なアイテム：
76,使用できるメインアイテム
77,使用できるサブアイテム
78,適合する属性がありません
79,@1エンチャントしました！
80,エンチャントしたいアイテムを入れてください
81,エンチャント画面からバックパックに入れました
82,野外でサバイバルしながら資源を収集し、ワールドを探索しましょう
83,各種の無限の資源で思い通りのものが建てられます
84,新しいセーブデータを作成し、\n冒険をスタートしましょう
85,まだセーブデータがありません。早く#cfa7a0f作成#nしましょう
86,ここに#cfa7a0fダウンロード#nできるマップがたくさんあります！
87,初めてゲームに進むときは、チュートリアルでゲームの基本的な遊び方を学ぶことをおすすめします
88,シーンの中で人物を選び\nあなたのキャラクターを作成しましょう
89,キャラクターを選択してください
90,チュートリアルはまだ終わっていません。続けますか？
91,初めてミニワールドに入るのなら、#c0aaa1aチュートリアルマップ（おすすめ）#nに入ることを強くご提案いたします
92,チュートリアルマップ
93,地下世界に到着しました
94,地上世界に到着しました
95,@otherとの戦闘中にうっかりミスをしてしまいました。
96,@self、泳いでいる間は酸素の消耗に注意してくださいね～
97,@self熱いものに近づけないように注意してください！
98,高いところは大変危険です。常に安全に気をつけてくださいね！
99,宇宙服が必要です。
100,サボテンに気をつけて！
101,その運の良さは、宝くじを買った方がいいですね。
102,毒に当たったら生乳を飲んでください！
103,@selfは花のように散ってしまいました。
104,ダッシュモードに入りました
105,ステルスモードに入りました
106,ぜひ私の冒険ルームへ！私と仲間たちがあなたを待ってるよ
107,この冒険ルームはクールだね！もうやめられない
108,誰か私の冒険ルームへ遊びに来ない？
109,私の冒険ルームへ遊びに来てね！
110,鉱石掘りを手伝ってくれる人、私の冒険ルームに来てね！
111,私の作ったルームを見に来て！面白いものがたくさんあるよ
112,私の作ったルームで、みんなでパーティしよう！
113,精魂込めて作ったルームです。みんな遊びに来てね
114,私の作ったルームはずっとお客さんを待ってるよ！
115,私の作ったルームには大きな部屋があるよ。早く見においで！
116,満月だ。今夜は特別な夜だね…
117,月が隠れた。今夜は特別な夜だね…
118,ここにたくさんの物資があるけど、何が欲しい？あるいは砂漠や氷原に行って私の兄妹を探してもいいけど。
119,ひたすら砂の風景が続く砂漠は私が育ったところ。もっと多くの物資を集めてオアシスに変えたいんだ。
120,氷原は寒いから、大量の物資が必要なんだ。提供してもらえるかな？
121,相応しくない言葉が含まれています。改めて入力してください
122,これはホスト専用のチェストです。開けることはできません
123,修正した名前を入力してください
124,必須
125,セーブデータ内で名前を修正することはできません
126,名前を修正できました：
127,改名できませんでした。ネットワークを確認して再度お試しください
128,購入したアイテムは、左下隅にある倉庫に入れます
129,セーブデータ内では、アイテムをタップするとバックパックに入れることができます。マウントのかけらはマウントかけら倉庫まで移動されました。#cfa7a0fタップして確認#n
130,このタイプのアイテムは、ホストだけが取り出して使うことができます
131,購入しました。左下隅の倉庫に入って確認してください
132,取り出しました。バックパックの中を確認してください
133,極限冒険スコア：
134,ゲームから退出されました。ゲームを変更してください（0）
135,ホストが宇宙人に連れ去られ、リンクが切断されました！
136,ママがごはんだよとホストを呼んだので、ルームがクローズされました
137,入れません。マップのダウンロードに失敗したか、壊れています（事前にシェアしてバックアップすることをおすすめします）
138,活躍レベル：
139,アンロック達成：
140,情 報
141,アイコン
142,使 用
143,アンロック
144,作者のミニIDを入力してください
145,ミニIDを入力してください
146,ネットワーク接続が不安定です。ネットワークをご確認ください
147,タイプを選択してください
148,普通
149,良好
150,優秀
151,フォロー中のホストは皆休暇中です……
152,申し訳ございませんが、マップリストを更新して再度お試しください
153,名称
154,人数
155,タイプ
156,説明
157,すぐに更新
158,ゲームのバージョンが最新ではありません。更新してください
159,このセーブデータマップはシェアされていないため、マップをダウンロードして回復することはできません
160,このセーブデータをダウンロードし直す必要があります。ダウンロードを始めますか？
161,ネットワーク接続が不安定なため、アップロード/ダウンロードを中止します。ネットワークを確認してから再度お試しください
162,フォローしているマップがありません。仲間のシェアを見てみましょう
163,ゲームに進むとセーブデータのデータを転換します。数分かかることもありますが、退出せずにしばらくお待ちください。
164,前回入ったルーム
165,ズルをして弟グマを怒らせると、あとが怖いよ
166,タイトル
167,タグ
168,タイプ
169,紹介
170,投稿
171,自分のみ閲覧可能
172,素敵なマップ紹介を書けば、もっと多くの仲間たちにダウンロードしてもらえるよ\n（タップして入力、30文字以内）
173,シェアを更新
174,フォロー中
175,作者のミニIDを入力
176,シェア中
177,戻る
178,これは楽しいワールドですよ！
179,このマップが気に入ったら評価してね！
180,確 定
181,セーブデータ名は空白にできません
182,マウント能力
183,孵化時間
184,セーブデータ表紙
185,獲得
186,使用
187,レベルアップ
188,セーブデータをシェアしていません
189,このプレイヤーはマップをシェアしていません
190,デフォルトの並び順
191,おすすめ
192,評価
193,今週の注目
194,最新
195,ランキング
196,成長開始
197,すぐに成熟
198,収穫
199,水やりと虫とりの仲間：
200,植物は#c0aba1d充満#nステータスです
201,植物は#cffda0a水不足#nステータスです
202,植物は#cff3d2b枯渇#nステータスです
203,獲得可能：
204,成熟まであと：
205,（すぐに成熟）
206,成長開始
207,フレンドのマイガーデンをチェックする
208,スコアボード
209,フレンド
210,ファン
211,アイコン
212,名前
213,倒す
214,フレンド追加
215,マウント
216,（プレビュー）
217,再チャレンジを待つ
218,ミニIDを切り替える際のご注意：#r1.重要なセーブデータは消失を避けるためアップロードしてください#r2.ゲームで入力したパスワードに誤りがあった場合は、IDを変えてログインしてみてください
219,ネットワーク接続が不安定なため、ルームがクローズされました
220,ルームを閉じてすべてのプレイヤーを追い出す
221,ゲームからログオフしすべてのプレイヤーを追い出す
222,ゲームスタート：3
223,ゲームスタート：2
224,ゲームスタート：1
225,スタート！
226,了解
227,デフォルト
228,システム公告
229,@selfが@otherに強烈な一撃を与えました！
230,@selfの攻撃が正確に@otherに命中しました！
231,@selfが「友好的」に@otherを復活ポイントまで送りました！
232,@selfの2連撃！
233,@selfの3連撃！
234,@selfの快進撃！
235,@selfは誰にも止められない！
236,@selfがこの試合を掌握しました！
237,@selfが神への道を歩き出しました！
238,@selfが暴走中。誰も止められない！
239,@selfはまるで神！
240,@selfはもう手が着けられない。誰か止めて！
241,バージョン更新
242,公告がありません！
243,@selfが@otherの3連撃を止めました！
244,@selfが@otherの快進撃を止めました！
245,@selfが@otherの勢いを止めました！
246,@selfが@otherの試合掌握を止めました！
247,@selfが@otherの神への道を止めました！
248,@selfが@otherの暴走を止めました！
249,@selfが@otherの神の如き進撃を止めました！
250,@selfが@otherの神を超えた戦いを止めました！
251,現在召喚しているマウントがマウントベビーを生み出せるようになりました！
252,ゲーム時間@num日後にマウントベビーが孵化します
253,現在のステータスでは座ることができません
254,距離が遠すぎて座ることができません
255,旅商人
256,（商品が更新されました）
257,いらっしゃいませ。何かご入り用ですか？\n急いでください。これを逃したら次はありませんよ！
258,後に離れる
259,残り：
260,売り切れました
261,旅商人
262,旅商人は行ってしまいました。
263,図面
264,フォッ、フォッ、フォ。何が欲しいのかな？
265,@Null@
266,チャージできませんでした。しばらくしてから再度お試しください
267,バージョンが古すぎます。更新するとこのスキンが正確に表示されます
268,ホーム-マイガーデン-図鑑アンロック後に使用。イベントとマイガーデン果実でカケラを獲得できます
269,ストレージの空きが足りないためセーブデータを保存できません。ストレージを整理して再度お試しください
270,勝利
271,また頑張ろう
272,引き分け
273,ギフトパック
274,ギフトコード
275,確認
276,確認方式：ショップ
277,の倉庫
278,にて確認
279,ギフトコードを入力してください
280,公式QQ交流グループ（グループ1：238888081、グループ2：238888082、グループ3：238888083）
281,ギフトコードを入力してください！
282,ネットワーク接続が不安定です。ご確認ください
283,コードはすでに使われています。重複して受け取ることはできません
284,入力したコードに誤りがあります
285,おめでとう！パックがアクティベートされました
286,ネットワーク接続が不安定です/プラットフォームに誤りがあります/すでに同じギフトパックを受け取り済みです
287,長押し
288,地面をタップして職人台を設置しましょう！
289,セーブデータ
290,オンライン
291,常用
292,建築
293,機械
294,バックパック
295,工 具
296,作 物
297,雑用品
298,ブロック
299,編 集
300,#cfa7a0f木材#nが足りない。木を切って木材を集めましょう
301,#cfa7a0f職人台#nアイコンを選び、右側の#cfa7a0f製作#nボタンをタップします
302,石#cfa7a0f#nを作る材料が不足しているので、木を切って#cfa7a0f木材を手に入れ#nください
303,#cfa7a0f木のツルハシ#nを選び、右側の#cfa7a0f製作#nボタンをタップします
304,ミニワールドへようこそ。まず#cfa7a0f操作を覚え#nましょう。画面を#cfa7a0fタップ#nしてください
305,左右に#cfa7a0f画面をスワイプ#nすると視角が変わり、前を向けます
306,スティックを#cfa7a0fスワイプ#nすると#cfa7a0f移動#nできます。前に歩いてみましょう
307,#cfa7a0fブロックを長押し#n（矢印が指している所）すると、#cfa7a0fブロックが壊れる#nまで採集し続けます
308,その調子！すべてのブロックは壊して入手することができます。タップして報酬を#cfa7a0f受け取って#nください
309,矢印の方向に進んで木を見つけ、木ブロック（指で示した所）を#cfa7a0f長押し#nして#cfa7a0f木材#nを入手してください
310,良かった。オノを使うともっと早く#cfa7a0f木材を入手#nできますよ
311,#cfa7a0fバックパック#nを開け、#cfa7a0f木板#nを使って#cfa7a0f職人台#nを合成しましょう
312,#cfa7a0f製作#nタグをタップ
313,#cfa7a0f職人台#nで多くの上級アイテムを合成できます。家にも旅行にも、冒険にも不可欠のものです
314,合成した#cfa7a0f職人台#nを#cfa7a0fショートカットバー#nに置いて選択しましょう
315,地面をタップして#cfa7a0f職人台#nを設置しましょう！
316,#cfa7a0fタップ#nして職人台を開けます（指で示した所）
317,アイテムの製作に成功しました。ゲームで#cfa7a0f木のツルハシ#nを使って、初級の鉱石を採掘できます
318,#cfa7a0f麵#nをタップすると（アイテムショートカットバーに置きます）、#cfa7a0f使用ボタン#nが現れます
319,右側の#cfa7a0f使用ボタン#nを#cfa7a0f長押し#nすると麵を食べることができます
320,アイテムショートカットバーでは、使用可能なアイテムを選んだ時のみ#cfa7a0f使用ボタン#nが現れます
321,入手したばかりの#cfa7a0fヘルメット#nを装備してみましょう。まずバックパックを開けます
322,#cfa7a0fキャラクター装備#nタグをタップ
323,#cfa7a0fヘルメット#nをタップ
324,#cfa7a0fヘルメット#nの説明と属性が表示されます。#cfa7a0f装備#nボタンをタップ
325,やったね！簡単でしょう？次は#cfa7a0fモンスター#nを退治しましょう！左上隅の#cfa7a0f×#nをタップして画面を閉じます
326,注意！！モンスターがこっちに向かってきます。左右に#cfa7a0f画面をスワイプ#nしてモンスターの方を向き、モンスターを#cfa7a0fタップ#nして攻撃します
327,チュートリアル終了おめでとうざいます\nゲームには楽しい内容が盛りだくさん。さあ、今すぐ新しい冒険を始めましょう
328,名称：
329,現在のミッション：#cfa7a0f操作に慣れる#n
330,現在のミッション：木を伐採して#cfa7a0f木材#nを入手
331,現在のミッション：#cfa7a0f職人台#nを作成
332,現在のミッション：#cfa7a0f木のツルハシ#nを製作
333,現在のミッション：#cfa7a0f麵#nを食べる
334,現在のミッション：#cfa7a0fモンスター#nを倒す
335,マップに更新があります。最新バージョンをダウンロードしてください
336,@Null@
337,@Null@
338,@Null@
339,システムメンテナンス中のため、マップをシェアできません
340,人数が足りないため、ゲームを開始できません
341,@Null@
342,世界平和とスムーズな運営のため、マイガーデンレベルがLv.2に満たない場合は、マップのシェアは「自分のみ閲覧可能」しか選択できません
343,世界平和とスムーズな運営のため、ミニID作成から7日未満の場合は、マップのシェアは「自分のみ閲覧可能」しか選択できません
344,このマップは自分のみ閲覧可能です。シェアはできません
345,このマップの作者はダウンロード権限を解放していないため、ダウンロードできません
346,@Null@
347,@Null@
348,@Null@
349,Facebook
350,活躍
351,名称
352,作者
353,ログインできませんでした。一部の機能はご利用頂けません
354,更新中です。少々お待ちください
355,@Null@
356,@Null@
357,プラットフォームが異なるので、ログインできません
358,名前に含まれる記号が規定に合っていません
359,ミニID：
360,現在の時間：
361,現在のバージョン：
362,無料
363,（成熟）
364,（1個収穫）
365,（10個収穫！）
366,このフレンドのガーデンにいます！
367,@Null@
368,マウント召喚
369,報酬が倉庫に追加されました
370,もう1回開く
371,もう10回開く
372,ミニビーン
373,経験値
374,キャラクター特長：
375,このドレスアップは以下の特殊変更を含みます：
376,数が足りません。マイガーデン果実を通して入手してください。
377,数が足りません。マイガーデン果実を通して入手してください。
378,加工レシピ
379,カケラの入手先：
380,アンロック進行状況
381,確認
382,まだマウントベビーを獲得できません
383,花火を購入（#c1b9e1eミニビーン#nを贈呈）
384,このフレンドはまだ植物を育てていません。ほかのフレンドのところも見に行きましょう
385,ミニビーンが足りません。購入してください！
386,サーバーが混雑しています。ゲームを再起動してください
387,全回収
388,1つ回収
389,アンロック済み
390,ホーム-マイガーデン-ホーム果実-図鑑でアンロックされたら使用可能。イベント/ホーム果実でかけらを獲得できます
391,ここはマウントベビー生成に適していません！
392,マウントベビーを獲得しました
393,水やりをして経験値×@1、ミニビーン×@2を獲得
394,虫をとって経験値×@1、ミニビーン×@2を獲得
395,マイガーデン
396,フレンドに追加するとガーデンを見に行くことができます
397,セーブデータ内で画面右側のマウントボタンをタップしてください
398,あなたの植物はステータス良好のようです
399,タップしてマイガーデン果実規則を見る
400,ミニビーン：
401,果実：
402,水やり：
403,注意：すでに植物を育てている皆さんは、ミニビーン報酬を受け取ることはできません
404,サインイン、フレンドの水やりの手伝い、果実の成熟で一定の確率でミニビーンが獲得できます。初めて植物を育てる時は#c0aaa1aミニビーン×200#nの報酬がもらえます
405,果実が成長を始めたら、一定時間待つか、あるいはミニビーンを使ってすぐに成熟させることができます。熟した後はマウント、キャラクター、ドレスアップ、ブロックのカケラをアンロックするのに使えます
406,時々マイガーデンに来て植物に水やりをすることで、果実の成長スピードを保てますよ。フレンドの水やりを手伝うと、ミニビーンと成長値が獲得できます
407,了解
408,カケラを表示
409,本日の報酬受け取りが上限に達しました
410,工具を使い慣れていません
411,ホストが保護設定にしているため、ビジターはホストに権限をリクエストしてください
412,権限
413,フリー
414,ビジター
415,ブロックの破壊と設置ができます\n（ゲーム中禁止可能）
416,ブロックの破壊と設置はできません\n（ゲーム中解除可能）
417,図鑑
418,冒険
419,創造
420,対戦
421,電気回路
422,謎解き
423,パルクール
424,マップのサイズ：
425,ダウンロード数：
426,ゲームのバージョンが古すぎます。更新してください
427,総合
428,チュートリアルに入る
429,達人です。スキップする
430,続ける
431,ゲームを続ける
432,アクティベートする
433,もう一度試す
434,ダウンロードを続ける
435,購入へ
436,起動
437,分
438,ログイン報酬
439,ワールド地形コードを入力できます
440,レビュー成功！
441,近接防御：@1、近接攻撃と爆発による被ダメージを-@2%
442,受け取れるボーナスがありません
443,このバージョンはマルチインスタンスに対応していません。
444,[防御スコアは現在の耐久度に比例します]
445,[物理ダメージは近接/遠距離/爆発の3種類です]
446,#c0aaa1a@1#nをルームから追い出しますか？
447,追い出しますか？
448,追い出し失敗！
449,#cffda0a@1#n秒後に再度挑戦
450,ステータス表示
451,ホストがアイテムの使用を禁止しました
452,スターの交換に成功しました
453,ミニコインが不足しています。#c0aaa1a$@1#nで#cfa7a0f@2個のミニコイン#nを購入しますか？（適度に遊んで課金はほどほどに）
454,US$
455,個のミニコイン
456,ミニコインが不足しています
457,US$
458,購入成功、幸せな花火が倉庫に追加されました。ミニビーンを贈呈します
459,所持：
460,交換
461,未知を探る
462,無限のリソースですべてが創造できる
463,上級設定
464,うーん、野外での冒険は多少の危険がつきものです…
465,未知の生物
466,#c0aaa1aスター×@1#nが必要です。#cfa7a0fミニコイン×@2#nを使って補給しますか？
467,を使って
468,補給しますか？
469,不足スター：
470,再度試す
471,所持しているアイテムをドロップし、最初の位置に戻る
472,探険を続ける
473,#c5aea0a探険を続け、所持しているアイテムをドロップしない#n
474,アイテムを入れる
475,メインアイテム
476,サブアイテム
477,融合
478,今回のエンチャントで属性がLv.@1にアップしました
479,Lv.
480,属性が5つ以上あります。エンチャントをタップして選択
481,この属性とその他の属性が衝突しています
482,選択できるのは最多で
483,個の属性
484,融合後には最多で@1個の属性が保存できます。選択してください：
485,個の属性が保存できます。選択してください：
486,@1個の属性を選択してください
487,@1個の@2を獲得
488,個
489,燃料と材料を入れると自動で製錬が始まります
490,製錬後のアイテムを取り出してください
491,チュートリアル完了おめでとうございます
492,受け取る
493,新しい
494,最上級
495,金の果実でなければ10連ガチャは引けません
496,炎プラネット
497,龍鱗記念碑
498,お気に入りキャンセル
499,お気に入りに登録しました
500,@1をルームから追い出しました
501,ルームから追い出しました
502,回
503,更新可
504,このセーブデータはダウンロード済みです
505,相手のミニIDを入力
506,ルームサーバーがリンクされていません
507,（右側のボタンをタップしてメニューを開き、セーブデータを削除できます）
508,ダウンロード中：
509,ダウンロード待機中
510,ダウンロード一時停止中：
511,前回ログイン
512,ログインしていません
513,昨日
514,日前
515,このセーブデータのアップロードはキャンセルされました
516,ログイン済み
517,マップの尾行を入力
518,ワールドを探索
519,ワールドを創造
520,入る
521,フォローをキャンセル
522,仲間にシェアしたマップ
523,このマップをシェアして獲得
524,デフォルト
525,アカウントが存在しません
526,アカウントが凍結されています
527,アカウント名が重複しています
528,バージョンNo.
529,作成日数
530,生存日数
531,時間：
532,座標：
533,高度：
534,チャージ中です
535,受け取る
536,（これ以上受け取れません）
537,（すでに売り切れです）
538,売却
539,交換
540,この物資は購入済みです。更新してください
541,この物資は売却済みです。更新してください
542,成功
543,引き換える
544,交換できるアイテムが十分にありません
545,購入しました
546,物資は更新されました。お選びください
547,更 新
548,消耗
549,商品棚
550,必要
551,任務追跡
552,@1修理成功！
553,修理したいアイテムを入れてください
554,修理材料を入れてください
555,スターが不足しています
556,修理は不要です
557,耐久度：
558,時間
559,秒
560,産卵クールタイム
561,あなたのマウントは寝ています。@1秒後、召喚できます
562,バージョンが古すぎます
563,セーブデータがないため、ルームを作成できません
564,まだお気に入りに登録したルームがありません
565,上限に達しました。更新してください
566,ルームの人数がいっぱいになりました
567,ルームのパスワードが間違っています
568,ルームはホストによってクローズされました
569,これ以上ルームはありません
570,現在のネットワーク
571,最新バージョン
572,端末のバージョンとルームのバージョンが一致しません
573,ルームとのリンクができません
574,ホストのミニIDを入力してください
575,ボタンをタップするとルームの作成を始めます
576,ルームがありません
577,検索結果
578,更新
579,ルームを開設するセーブデータを選んでください
580,タグを入力可能
581,ルームパスワード
582,ルームパスワードを入力してください
583,キャラクター作成ができませんでした。ネットワークをご確認ください
584,基礎設定
585,コントロール設定
586,上級設定
587,基礎
588,コントロール
589,上級
590,名前
591,画面の明るさ
592,UI非表示
593,平和モード
594,音楽
595,SE
596,音量
597,感度
598,Y軸反転
599,左利きモード
600,クロスヘアモード
601,自動ジャンプ
602,バイブレーション
603,その他のゲーム
604,チャージ成功
605,@1このマウントが欲しい場合は、あと#c0aaa1a@2×@3が必要です。#cfa7a0fミニコイン#nを使って集めることができます。（適度に遊んで課金はほどほどに）
606,このマウントが欲しい場合は、あと
607,を使って
608,集める
609,アイテム不足
610,ミニコインを購入しますか？（適度に遊んで課金はほどほどに）
611,永久
612,限定販売：あと#cfa7a0f@1#n日#cfa7a0f@2#n時間#cfa7a0f@3#n分
613,購入できませんでした。ネットワークをご確認ください。
614,使用キャンセル
615,@1の使用に成功しました
616,特長
617,特長アップ
618,特長有効化
619,特長をレベルアップ
620,使用済み
621,この天賦をアクティベートするには、あと#c0aaa1a@1×@2#nが必要です。#cfa7a0fミニコイン#nを使って集めることができます。（適度に遊んで課金はほどほどに）
622,この天賦をレベルアップするには、あと#c0aaa1a@1×@2#nが必要です。#cfa7a0fミニコイン#nを使って集めることができます。（適度に遊んで課金はほどほどに）
623,必要
624,時間限定体験：あと#cfa7a0f@1#n日#cfa7a0f@2#n時間#cfa7a0f@3#n分
625,このキャラクターをアンロックするには、あと#c0aaa1a@1×@2#nが必要です。#cfa7a0fミニコイン#nを使って集めることができます。（適度に遊んで課金はほどほどに）
626,割引
627,購入成功
628,#cfa7a0f1個@1#nを今のセーブデータのバックパックに入れますか？
629,バージョンが古すぎます
630,@1がアンロックされました。おめでとうございます
631,ネットワーク異常です。チャージできません
632,新マウントをアンロック：
633,マウントをレベルアップ：
634,（永久）
635,@1ドレスアップの使用時間が@2日増えました！
636,@Null@
637,アクティベート済み
638,アンロック
639,すぐに購入
640,設置
641,入れる
642,取り出す
643,脱ぐ
644,デフォルト名
645,アンロックに必要なカケラが足りません
646,詳しくはショップをご覧ください
647,バックパックに入れました
648,任務達成！
649,アイテム獲得！
650,@1×@2を拾いました
651,@1個の@2を移動
652,@1×@2を捨てました
653,収集報酬：
654,フィードバック
655,フィードバック
656,こちらから貴重なご意見をお寄せください
657,QQ：
658,携帯番号：
659,(QQナンバーを入力してください)
660,(携帯番号を入力してください)
661,提出
662,本日のフィードバック回数が上限に達しました
663,貴重なご意見を入力いただき再度お送りください
664,フィードバックを送りました
665,現在フィードバックの人数が多いため、しばらくしてから再度お試しください
666,（ロック中）
667,アンロック方法
668,カケラを回収
669,回収
670,このアイテムをアンロックするには、あと#c0aaa1a@1×@2#nが必要です。#cfa7a0f@3#nを使って集めることができます
671,報酬を受け取りました！
672,カスタマイズモードとルール
673,プレイモード
674,のモード
675,マップ作成ルール
676,デフォルト
677,長さ
678,サイズ: (1ブロック=16)
679,幅
680,制限なし
681,地形：
682,ランダム
683,平坦
684,空島
685,マップを作成
686,地貌：
687,草原
688,砂漠
689,森林
690,氷原
691,海洋
692,高山
693,松林
694,山林
695,モンスター作成：
696,動物
697,モンスター
698,この地形ではこの地貌は使えません
699,数字を入力してください
700,#cfa7a0fホストが#n@1を#cfa7a0fルームから追い出し#nました
701,#cfa7a0fルームから追い出しました#n
702,@ItemNameが不足しています
703,交換に必要なアイテムが足りません
704,カスタムモード
705,基本設定
706,デフォルト\nに戻す
707,保存する
708,時間
709,引き落としできませんでした！
710,数値を入力してください！
711,チーム
712,スコア
713,赤チーム
714,青チーム
715,緑チーム
716,紫チーム
717,黄チーム
718,橙チーム
719,お試しプレイ
720,マップ編集
721,チャージできません。他の方法を選択してください
722,チャージ中です。少々お待ちください！
723,チャージヘルプ
724,ネットワークと残高をご確認の上、再度お試しください。すでにお支払い済みの場合、何度かボタンをタップしてみてください
725,最新バージョンに更新してください
726,チャージ失敗が発生した場合は、証明動画や写真付きでご連絡ください：#rサービスメールアドレス：miniworldjapan@mini1.cn#rお使いのミニIDや、チャージ＆支払いのスクリーンショットや購入番号を必ず送ってください。不具合でご迷惑をかけしまして大変申し訳ございません！
727,チャージできません。ネットワークと残高をご確認の上、再度お試しください。
728,カケラを所持済みです
729,人数が集まりました。ゲームを開始しましょう
730,沼地
731,シェアしてミニビーンを獲得しましょう！
732,ミニビーンの獲得経路
733,1.専用リンクをシェア\n2.仲間があなたのリンクをタップすると、ミニビーン×20を獲得\n3.1日5回まで、毎週最大20回まで受け取り可能
734,現在の受け取り可能数：
735,今週累計：
736,リンクをコピー
737,報酬を受け取りましょう！
738,専用リンク：
739,クリップボードにコピーしました！
740,少なくとも1つの地貌を選択
741,準備段階
742,初期補給箱
743,再チャレンジ補給箱
744,初期補給箱：プレイヤーが最初に携帯するアイテムが入っています
745,再チャレンジ補給箱：プレイヤーが再チャレンジする際に携帯するアイテムが入っています
746,編集日数
747,モード日数
748,チームがありません
749,ゲーム終了
750,おすすめ設定
751,デフォルトのプランならゲームルールを早く覚えることができます
752,パルクールおすすめ
753,対戦おすすめ
754,デフォルト
755,（ゲーム）
756,本日受け取れる報酬が上限に達しました
757,今週受け取れる報酬が上限に達しました
758,受け取りました
759,データエラー
760,まだミニIDを取得していません
761,リンクに失敗しました。再度このページを開いてください
762,このミニIDは凍結されています
763,詳細説明
764,プレイヤーレビュー
765,タップあるいは上にスワイプしてもっと評価を見る
766,評価がありません
767,あなたの評価が、さらによいマップを作るのに役立ちます。ぜひご記入ください！（110文字以内）
768,評価に失敗しました。もう一度お試しください。
769,コメントが空です
770,これ以上評価はありません
771,ネットワークを確認後、再度お試しください
772,評価を削除しました
773,削除に失敗しました
774,（比較的高いスペックが必要です）
775,自分は検索できません
776,"このセーブデータのシェアをキャンセルしますか？
 #cef2d2d（シェアをキャンセル後に削除したりデータをクリアしたりすると、このセーブデータは回復できません）"
777,（専用リンクをQQグループなどにシェアし、仲間がクリックするとボーナス受け取り回数が獲得できます）
778,ミニID切り替えがクローズされました
779,ミニIDパスワード追加がクローズされました
780,マイガーデンがクローズされました
781,ショートメッセージチャージがクローズされました
782,SDKチャージがクローズされました
783,WeChat決済
784,Alipay決済
785,WeChatでの決済を無効にした
786,Alipayでの決済を無効にした
787,注文をキャンセル
788,問題発生
789,チャージ中です。1分以内に反応がなければ、ネットに問題があります
790,1回購入
791,10回購入
792,2倍！
793,イベント期間：#cfa7a0f11月15日～12月15日#n#rイベント内容：イベント期間中の#cfa7a0f累計ログイン#n日数に応じた報酬をこのイベント画面で受け取れます
794,感謝還元
795,感謝のしるしをお送りします
796,1日
797,2日
798,3日
799,4日
800,5日
801,6日
802,7日
803,8日
804,9日
805,10日
806,感謝還元
807,キャラクター
808,加工
809,エンチャント
810,防御：
811,整 理
812,分 類
813,すべて
814,装 備
815,工 具
816,ブロック
817,素 材
818,バターブレッドテスト12文字×4行で説明バターブレッドテスト12文字×4行で説明
819,画面をスワイプして@nameの方を向く
820,カカ
821,ニィニィ
822,これは移動スティックです。キャラクターの移動をコントロールできます
823,操作チュートリアル
824,スティックをスワイプして移動してください
825,画面を片方からもう一方にスワイプすると回転します
826,画面を上下にスワイプすると天空と地面が見えます
827,これはミッション追跡バーです。新しいミッションが公布されました
828,スターエナジーブロックのそばに来てください
829,スターエナジーブロックを長押しして壊してください
830,スターエナジーブロックに近づいて拾ってください
831,ミッションクリア
832,アイテムを入れておけるバックパックです
833,アイテムをタップ
834,アイテムを地面に置く
835,長押しして目標を壊し資源を回収してください
836,@nameと一緒に食材を調達します
837,ショートカットバーがいっぱいの時は、拾ったものはバックパックに入ります
838,バックパックをタップすると開きます
839,ほら、ショートカットバーに入らないものは全部バックパックに入っていますよ
840,タップしてアイテムを選択
841,ショートカットバーをタップ
842,アイテムが置き換わりました
843,食材を全部集めてきてください
844,カメラの手ブレ
845,新ミッション
846,ミッションクリア
847,ワールドブロックをダウンロード中です…
848,公告
849,クリアおめでとうございます
850,#c373631クリアおめでとうございます！続けて#n#cfa7a0f新たな冒険#n#c373631を始めましょう#n
851,新たな冒険
852,あちこち
853,ぶらぶら
854,視野（より遠く）
855,視野（最も遠い）
856,広い視野で、ハイスペックが必要です
857,超広角視野はハイスペックが必要です。スクリーンショットの使用をおすすめします
858,動作の滑らかさ優先。メモリの小さなスマートフォンに適しています
859,滑らかさと視野を両立。大部分のスマートフォンに適しています
860,画面優先。高スペックのスマートフォンに適しています
861,フォグ
862,（すべての行為を許可。ただし使用制限アイテムと他人への攻撃は禁じる）
863,（設置したブロックの破壊や他人への攻撃はできない。すべて禁じられ参観のみ）
864,"（爆薬樽、点火石、マグマ樽、爆竹（大）などは禁止。
 ホストは制限を受けない）"
865,iOSフレンドをご招待！
866,"iOSプレイヤーをミニワールドに招待すると、各種報酬が盛りだくさん！
 1.イベント期間に招待したiOSのお友達がミニワールドをダウンロードし、自分のミニIDを入力すると、2人とも報酬（ムササビのカケラと大量のミニビーン）がもらえます！
 2.iOSで新規登録したプレイヤーが#cfa7a0f24時間以内に携帯と連携#nすると招待成功となります。
 3.iOSで新規登録したプレイヤーが、招待したプレイヤーのミニIDを入力すると報酬がもらえます。1人の新プレイヤーにつき1つの招待ミニIDしか入力できません"
867,iOSのシェア予約
868,iOSの友達を招待する
869,管理人権限を選択
870,現在の管理人権限
871,ルーム権限（#c0aaa1a自由#n）
872,ルーム権限（#c0aaa1aビジター#n）
873,危険品使用制限（#cef2d2dオフ#n）
874,危険品使用制限（#c0aaa1aオン#n）
875,フォグ（オフ）
876,フォグ（淡）
877,フォグ（濃）
878,@1は使用が制限されています
879,@1が使用できるようになりました
880,#c0aaa1aミニビーン#nが不足しているため自動購入します
881,マイガーデンへ
882,植物lv@level報酬
883,次のページ
884,"1.植物のレベルが1上がるごとに、ミニビーンとセーブデータスペース1つを獲得
 2.Lv.5/10/15で追加の果実スペースを獲得"
885,モバイルSMS決済はサポートしておりません。その他の決済方法をお試しください
886,回収する
887,回収して獲得
888,セーブデータをダウンロード
889,名前：
890,モード：
891,新しいワールドを作成する
892,ソート
893,ご招待ボーナス
894,アイテム購入
895,アイテム倉庫
896,更新
897,お気に入り
898,ソートタイプ
899,ノーマル設定
900,ワールド地形コード：
901,マップ作成ルール
902,生存日数：
903,コピー
904,ブロック使用制限手順：
905,"1.ツールバーをタップしてアイテム名を出し、左側にある赤いボタンをタップして使用制限をかける
 2.同じ手順を繰り返すと使用制限が解除される"
906,マップのシェア
907,新しいスキンを獲得しました：@1のドレスアップ！
908,新キャラクターをアンロック
909,特長レベルアップ：
910,アイテム交換
911,11日
912,12日
913,13日
914,14日
915,15日
916,16日
917,17日
918,18日
919,19日
920,20日
921,21日
922,22日
923,23日
924,24日
925,25日
926,26日
927,27日
928,28日
929,29日
930,30日
931,時間後に毎日の回数がリセットされます
932,分後に毎日の回数がリセットされます
933,"ミニ隊長：1.ミニワールドはいかなる振り込みの要求も送金の要求もいたしません。そのような要求はすべて詐欺です！
 2.「クラッキング」や「カスタマーセンター」を語る人は信じないようお願いいたします！"
934,Lv.
935,祝福
936,十分な栽培エネルギーを獲得しました
937,アカザイベント紹介、~~~~~~~~~~~~~~~~~~~~~~~~~~~~~~~~~~~~~~~
938,ミッションをクリアする
939,イベント紹介
940,紹介者のミニIDを入力してください：
941,プレイヤー呼び戻し
942,しばらくミニワールドにログインしていない（25日以上）プレイヤーを復帰させて、報酬を受け取ろう！復帰報酬獲得までの手順は？1.しばらくログインしていない仲間に、復帰報酬について教えてあげよう！2.仲間がログインする時に報酬画面を開いて復帰イベントを探し、あなたのミニIDを入力してもらう（1回しか入力できないので、間違えないようにね！）3.2人ともムササビのカケラ×5、Misosoのカケラ×5（スキン）がもらえるよ！注意：イベント期間にもらえる報酬は最高50回まで
943,呼び戻された場合は、呼び戻した方のミニIDを入力してください：
944,ワールド保護計画
945,環境保護の建築家
946,アカザはアカザ科の灌木。寒さや乾燥に耐え、根が大きく発達する。1本のアカザは10平方メートルの砂地を固定でき、砂漠の広がりを抑える。
947,エネルギー値が不足しています。引き続き頑張りましょう！
948,イベントに参加
949,獲得経路
950,特別セール
951,特別セール1
952,特別セール2
953,特別セール3
954,特別セール4
955,特別セール5
956,特別セール6
957,特別セール7
958,「マルチプレイ」画面に行き、「一緒に遊ぶ」をタップするとルームに入れます
959,バージョンが古すぎます
960,端午節とこどもの日、おめでとうございます
961,名称
962,相互攻撃禁止（#c0aaa1aオン#n）
963,相互攻撃禁止（#cef2d2dオフ#n）
964,（プレイヤー同士は互いに攻撃可）
965,（プレイヤー同士は互いに攻撃不可）
966,公式おすすめ
967,スマートフォンのカードが検出できないため、チャージができません
968,もう一度試すと最初の位置に戻ります。続けますか？
969,決定
970,キャンセル
971,交換可能回数
972,交換済み
973,ここは以前遊んだことのあるセーブデータです。タップして入ってみましょう
974,ここをタップすると新しいセーブデータを作成できます
975,ภาษาไทย
976,Español
977,Português
978,Français
979,日本語
980,العربية
981,한국어
982,Tiếng Việt
983,Русский
984,Türkçe
985,Italiano
986,Deutsch
987,Indonesia
988,Malay
989,@Null@
990,@Null@
991,@Null@
992,@Null@
993,@Null@
994,@Null@
995,@Null@
996,@Null@
997,@Null@
998,@Null@
999,@Null@
1000,お前か、小さな人間よ！自分の力を証明しろ、炎の剣は弱者を認めないぞ！
1001,炎の洗脳を受けろ！
1002,STUN/TURNサーバーに接続しています
1003,フォワードプロキシサーバーに接続しています
1004,目標への高速ダイレクト接続を試しています
1005,ホールパンチングテストを行っています
1006,フォワードプロキシサーバーに接続しました。ホストがフォワードプロキシサーバーにログインしました
1007,フォワードプロキシサーバーに接続しました。クライアントがフォワードプロキシサーバーにログインしました
1008,ホールパンチングに失敗しました。サーバーからの転送を試しています
1009,ホールパンチングに失敗しました。ホストにリンクできません
1010,サーバー接続が完了しました。ホストに認証を求めています
1011,ホストへの参加に成功しました。最初のデータブロックを取得しています
1012,MODローディングが完了しました。ホストに参加を求めています
1013,-- 破壊し、終わらせ、すべてを消し去る！ --
1014,--コントロールセンターが支配権限を失い、破壊指令が止められなくなる--。
1015,——破壊指令が......解除された、おかげさまで......——
1016,——絶望、滅び——
1017,起動へ
1018,未入金の注文書のチャージに成功しました。ミニコインが@1増えました
1019,前の注文書の処理中です。しばらくしてから再度お試しください
1020,その他の支払い方法
1021,ボーナスウィークリーイベント、マイガーデン収穫2倍！
1022,報酬：2人乗りチョコボマウント！
1023,果実を開けてエネルギーを満タンに集めると報酬がもらえます。果実が良質なほどエネルギーも多くなりますよ。
1024,祝福の言葉は入力済みです
1025,提出する
1026,参加イベントのマップを参照する
1027,自分の公益イベントをシェアする
1028,祝福を編集する
1029,おめでとうございます！アカザ公益イベントに参加できるだけのエネルギー値を獲得しました！あなたのミニIDやニックネームの情報を記録し、またその公益的な行為と祝福の言葉をミニ工房の「公益特集」セーブデータスに掲載します。あなたの公益的な行為はすべてのプレイヤーにシェアされますよ！
1030,タップして祝福の言葉を入力する
1031,（最大20文字。編集できるのは1回だけですよ）
1032,入力されていません
1033,@Null@
1034,@Null@
1035,@Null@
1036,@Null@
1037,@Null@
1038,@Null@
1039,@Null@
1040,@Null@
1041,@Null@
1042,@Null@
1043,@Null@
1044,暗号箱のパスワードを設定する
1045,暗号箱のパスワードを確認する
1046,暗号箱のパスワードを入力する
1047,クリア
1048,ホストはパスワードを設置していません。開けることはできません
1049,パスワードが設定できません
1050,マップを選択
1051,歴史
1052,分類
1053,生存
1054,一番上に配置する
1055,今日はあと#cef2d2d@1回#n提出のチャンスがあります。正確な情報を入力してください
1056,公告を見て#c0aaa1a無料で探険を続け#nよう\n所持しているアイテムはドロップしない！
1057,期限切れ
1058,マップを探す
1059,作者の極上マップ
1060,なし
1061,上質マップおすすめ
1062,作成
1063,注目マップ
1064,現在工房が混みあっています。オンラインで遊ぶか、並んでダウンロードすることをおすすめします
1065,オンラインモード
1066,並ぶ
1067,センサーブロック
1068,攻撃できる
1069,互いを傷つける（禁止）：プレイヤー攻撃不可
1070,シェア
1071,ミニワールドで泥遊びしてるよ！
1072,みんなも一緒に遊ぼう！
1073,ログイン失敗。ネットワークをご確認ください
1074,ルーム検索失敗。ネットワークをご確認ください
1075,このプレイヤーはまだルームを開設していません
1076,このプレイヤーが開設したルームの情報が異常です
1077,端末のバージョンとルームのバージョンが一致しません
1078,ルームとのリンクに失敗しました
1079,ルームの人数がいっぱいになりました
1080,@Null@
1081,@Null@
1082,@Null@
1083,@Null@
1084,@Null@
1085,@Null@
1086,@Null@
1087,@Null@
1088,@Null@
1089,バックパック容量
1090,空腹度消耗
1091,タップして名称を修正
1092,指令をリセット
1093,毎行解析速度：
1094,信号解析機
1095,コマンドチップを選択
1096,コマンドチップを入れて通電した後、左から右の順で指令チップを解析
1097,"コマンドチップによる指令の編集のしかたは？#r
 コマンドチップには8つのチャンネルがあり、信号受信機の8つのチャンネルに対応しています。1つのチャンネルが1列のコマンドで、それぞれ青がオン、灰色がオフの二通りあります。例えば1行目のチャンネル1のコマンドがオンの状態であれば、1行目を解析する時にチャンネル1の信号受信機は信号を受けて通電状態になります。毎行の解析速度は0.2秒から0.6秒まで調整できます。#r#r
 コマンドチップはどう使うの？#r
 コマンドチップを信号解析機内に設置し、信号解析機に通電後、順番にコマンドチップの解析を行い、チップの指令通りに信号受信機に向けて信号を発します。"
1098,タップしてミニワールドの新年お年玉を受け取る
1099,コマンドをリセットすると、コマンドチップの中のすべてのコマンドをクリアする
1100,ルームをクローズ済
1101,ルームとのリンク失敗。ネットワークをご確認ください
1102,ルーム加入失敗
1103,ルームに加入中です。しばらくお待ちください！
1104,外観
1105,属性
1106,キャラクターを作成してください
1107,生物タイプ
1108,下の生物タイプを選択してください
1109,ミニIDかパスワードに誤りがあります
1110,インターナショナル版
1111,ログイン
1112,ログイン切り替え失敗
1113,"ミニIDログイン切り替えに失敗しました。以下の解決方法をお試しください：
 1.#cef2d2dパスワードエラー#nの場合は、パスワードをご確認の上再度入力してください。
 2.#cef2d2dパスワードを忘れた#n場合、メールアドレスと連携すると「メールアドレスから復旧」をタップしてください"
1114,"入力されたミニIDが存在しません。以下の原因が考えられます：
 1.ミニIDの#cef2d2d入力ミス#nの場合は、ミニIDをご確認の上再度入力してください
 2.ミニIDが現在のサービスエリアのものではない場合。「#cef2d2dサービスエリアの切り替え#n」をお試しください。"
1115,サービスエリアの切り替え
1116,"サービスエリアを#cef2d2d @1 #nに切り替えますか？現在のミニID及びデータ（セーブデータ、アイテム、ミニコイン、ミニビーンなど）は現在のサービスエリアに残ります。必要な時は再度切り替えを行ってください。切り替え後に改めて@1様専用のミニIDをお送りします。
 
 「決定」をタップするとゲームを終了し、再起動後に有効になります。"
1117,中国大陸エリア
1118,インターナショナルエリア
1119,親愛なるプレイヤーさん、現在ご使用のバージョンは当該エリアではご用になれません。ゲームを再起動していただければ、このバージョンに対応したサーバーに切り替わります。
1120,Omletの生配信で、マルチプレイの楽しい時間をシェアしましょう。この生配信は同時にリアルタイムでYouTube、Twitch、Facebookなどのプラットフォームにもシェアできます。#r#rOmlet生配信は現在Android 5.0以上のスマートフォンにのみ対応しています
1121,文字パスワード
1122,@Null@
1123,@Null@
1124,パスワードの入力ミス回数が多かったため、ロックされました。しばらくしてから再度お試しください
1125,広告
1126,入力された2つのパスワードが一致しません。もう一度入力してください
1127,コマンドチップ
1128,4桁のパスワードを入力してください
1129,話すのが早すぎます。一息入れてからまた話してください！
1130,基礎属性
1131,上級属性
1132,移動特性
1133,移動方法として各種の特性を選択できます
1134,下の生物攻撃タイプを選択してください
1135,下の生物攻撃モードを選択してください
1136,攻撃しますか？
1137,攻撃付帯効果
1138,選択した効果
1139,攻撃特性
1140,複数の戦闘特性を選んで開けます
1141,投擲物
1142,攻撃効果庫
1143,デフォルト
1144,キャンバス
1145,水域
1146,草地
1147,@Null@
1148,@Null@
1149,@Null@
1150,有害効果
1151,有益効果
1152,中立効果
1153,シェアする
1154,浮かぶ島
1155,@Null@
1156,@Null@
1157,@Null@
1158,@Null@
1159,@Null@
1160,@Null@
1161,@Null@
1162,@Null@
1163,@Null@
1164,@Null@
1165,@Null@
1166,@Null@
1167,@Null@
1168,@Null@
1169,@Null@
1170,@Null@
1171,申請数が上限に達しました
1172,ルーム情報
1173,管理人リスト
1174,フレンドを招待
1175,情報を見る
1176,音声OFF
1177,音声ON
1178,音声権限を設定
1179,音声権限をキャンセル
1180,権限をオフ
1181,権限をオン
1182,チームを調整
1183,発言する
1184,ルーム権限を申請
1185,審査に通過しました
1186,審査が通りませんでした
1187,ホストに権限申請を送りました
1188,ルーム音声機能#c0a7fef（全体音声）#n
1189,マイク
1190,プレイヤー音声
1191,"自由：すべての行為を許可。ただし使用制限アイテムと他人への攻撃は禁じる
 ビジター：設置したブロックの破壊や他人への攻撃はできない。すべて禁じられ参観のみ"
1192,"爆薬樽、点火石、マグマ樽、爆竹（大）などは禁止。
 ホストは制限を受けない"
1193,"ON：プレイヤー同士は互いに攻撃不可
 OFF：プレイヤー同士は互いに攻撃可"
1194,"ON：生存マップの準備ポイントはランダム
 OFF：生存マップの準備ポイントはフィックス"
1195,フレンドを招待
1196,オンラインのフレンドをクイック招待
1197,@1フレンドが自分のいるルーム@2にあなたを招待していますが、ゲームのバージョンが古いためこの情報を処理できません。バージョンアップしてください
1198,#cfa7a0f@1#nがあなたをルームに招待しました
1199,ルーム名：@1
1200,ルームNo.：#c0aaa1a@1#n
1201,人数：#c0aaa1a@1#n
1202,ルームバージョン：
1203,ルームに入る
1204,現在のマップを退出してから他のマップに入れます
1205,ルームに加入中です。しばらくお待ちください！
1206,音声権限の設定に失敗：@1
1207,マイク権限がないため、マイクをオンにできません
1208,ルーム音声機能#c0a7fef（マイク音声）#n
1209,ルーム音声機能
1210,音声権限を取得しました
1211,音声権限はもうありません
1212,発言失敗：@1
1213,音声ルームに入ってください
1214,発言成功！
1215,#cffda0a幸せな花火#n
1216,（@1ミニビーン#n×300を贈呈）
1217,使用：スマイル形の花火が天空に発射される
1218,ベレー帽-キャプテントム、原始リスト-族長、ベアボム-悪ガキ、ボーンヘアピン-族長夫人、ボーンネックレス-カカ、羽の髪飾り-ニィニィ、伝送の巻物、金庫（小）、ミニビーン、マイガーデン経験、ドレスアップカード
1219,ドレスアップ-瑠璃ちゃん、情熱のリッププリント-ローラ、リボン-ピーター、冒険家の帽子-スティーブン、原始リスト-族長、ベアボム-悪ガキ、ボーンヘアピン-族長夫人、ボーンネックレス-カカ、羽の髪飾り-ニィニィ、図鑑のカケラ、ミニビーン、マイガーデン経験、ドレスアップカード
1220,麒麟-マウント、化石ドラゴン-マウント、ミニ白象-マウント、ジョージ-ドレスアップ、アニー-ドレスアップ、瑠璃ちゃん-ドレスアップ、ベレー帽-キャプテントム、情熱のリッププリント-ローラ、ゴーグル-シンディ、リボン-ピーター、冒険家の帽子-スティーブン、図鑑のカケラ、ミニビーン、マイガーデン経験、ドレスアップカード
1221,#Lすべての報酬#n
1222,すべての報酬一覧
1223,マップ名：@1\n作者：@2\nホスト：@3
1224,ホストがあなたのルーム権限をオフにしました
1225,ホストがあなたのルーム権限をオンにしました
1226,ルーム権限：自由モード
1227,ルーム権限：ビジターモード
1228,危険品使用制限（オン）：危険品使用不可
1229,危険品使用制限（オフ）：危険品使用可
1230,製錬
1231,レシピ
1232,レシピ属性
1233,必要な材料
1234,加工アイテム
1235,職人台は必要ない
1236,レシピタイプ
1237,下のレシピタイプを選択してください
1238,生産数
1239,加工アイテムを選んでください
1240,少なくとも1つの加工材料を選んでください
1241,ランダム補充タンク
1242,編集モードで複数のアイテムを入れると、プレイモードでランダムに1つ獲得
1243,盆地
1244,製錬材料
1245,製錬獲得
1246,製錬属性
1247,燃焼可
1248,燃焼時間
1249,製錬材料を選んでください
1250,秒
1251,ルーム招待情報
1252,マップ：@1
1253,作者：@1（@2）
1254,@1（@2）
1255,サードパーティのアプリの起動に失敗しました。インストールされているかどうか検査しています
1256,テスト開始
1257,鑑賞家
1258,フォロー中の鑑賞家
1259,レビューに招待
1260,ここでフォロー中の鑑賞家を見ることができます
1261,ここで受け取ったレビュー招待を見ることができます
1262,レビュー
1263,作品
1264,このプレイヤーにはお気に入りの登録がありません
1265,アップロードのみ
1266,鑑賞家について
1267,#cfa7a0f鑑賞家とは？#n#r鑑賞家はレビューの公開を通して他のプレイヤーが面白いマップを見つける手助けをします。プレイヤーは複数の鑑賞家をフォローすることができ、レビューはすでにフォローしているトレンドの中に表示されます。#r#r#cfa7a0f鑑賞家になるには？#n#rシステムが潜在力のあるプレイヤーを選び出し、テストを経て鑑賞家になります。#r#r#cfa7a0f鑑賞家には何ができるの？#n#r見習い鑑賞家にはマップのレビュー、マップの査定エリアや推薦エリアの開放、鑑賞家の肩書きの保有ができます。#n#r鑑賞家にはその上に、アイコンの保有、個人センターのレビューエリアの解放、マップレビューをトップにおく、公式がプッシュする地図評価のチェックなどができます。#r#r #cfa7a0f成長値#n#r1.見習い鑑賞家の初期成長値は0Ptで、100Ptを超えると正式な鑑賞家となります。#n#r2.よいマップの発見、レビュー、ダウンロード量、厳選マップに選ばれるなどが加点要素となります。#r#r#cfa7a0f評判値#n#r1.見習い鑑賞家の初期評判値は12Ptで、減点され0になると鑑賞家の資格は取り消されます。#n#r2.レビューが通報された、あるいは長期間レビューを発表しなかったなどにより減点されます。
1268,前の問題
1269,次の問題
1270,答えを1つ選んでください
1271,テストをやめますか？
1272,おめでとうございます
1273,立派な見習い鑑賞家になりました
1274,興味を持ったマップをレビューすることにより、推薦エリアに公表できます
1275,@1つの答えを間違えました
1276,【戻って修正する】をタップして修正を行ってください
1277,やめる
1278,戻って修正する
1279,鑑賞家への招待を受け取っていません
1280,テストに合格しました
1281,成長値：
1282,評判値：
1283,アップロードしたマップのバックアップは、他のプレイヤーが検索して見ることができます
1284,アップロードしたマップのバックアップは、自分だけが見ることができます
1285,タップあるいは上にスワイプしてもっとお気に入りを見る
1286,タップあるいは上にスワイプしてもっとレビューを見る
1287,レビューへ
1288,提 出
1289,いいねしてね！このマップが鑑賞家によっておすすめされるよ
1290,鑑賞家がおすすめしたマップは多くの人に見てもらえるチャンスがあります！
1291,レビューを書く
1292,本日の「いいね」数#c0aaa1a@1#n/@2
1293,本日の推薦回数#c0aaa1a@1#n/@2
1294,@Null@
1295,マップに点数を付けてください
1296,レビューを書いてください（24文字以上）
1297,本日の「いいね」数が上限に達しました
1298,本日の推薦回数が上限に達しました
1299,ルーム検索失敗。ネットワークをご確認ください
1300,このルームはクローズされました
1301,このルームの情報は異常です
1302,端末のバージョンとルームのバージョンが一致しません
1303,ルームとのリンク失敗
1304,鑑賞家のおすすめ
1305,通報
1306,#cfa7a0f@1#n人があなたを鑑賞に招待しています
1307,#cfa7a0fミニ隊長#nがあなたを鑑賞に招待しています
1308,@1のおすすめ
1309,鑑賞家テスト
1310,ミニ隊長があなたを#c0aaa1a鑑賞家テスト#nに招待しています。面白いマップを見つけ、もっと多くのフォローを獲得しましょう。#r#L#cfa7a0f鑑賞家について@@connoisseur_ins#n
1311,招待を送りました
1312,クイック招待を送りました
1313,招待ポップアップ
1314,視野が大きすぎるとラグを起こすことがあります。スクリーンショットの時のみ使うことをおすすめします
1315,Lv.@1鑑賞家
1316,受け取り
1317,鑑賞家ヒント
1318,現在の成長値は#c0aaa1a30#nPtです。進歩が早いですね！#c0aaa1a鑑賞家#nになれる望みがあります！#r#L#cfa7a0f鑑賞家について@@connoisseur_ins#n
1319,現在の成長値は#c0aaa1a60#nPtです。頑張って！#c0aaa1a100#nPtに達すれば#c0aaa1a鑑賞家#nになれます！#r#L#cfa7a0f鑑賞家について@@connoisseur_ins#n
1320,#c0aaa1a鑑賞家#nへの昇格、おめでとうございます！鑑賞家についての説明を読み、あなたの特権について理解を深めましょう。#r#L#cfa7a0f鑑賞家について@@connoisseur_ins#n
1321,現在の評判値は#c0aaa1a6#nPtです。#c0aaa1a0#nPtになると#c0aaa1a鑑賞家の資格#nを失います。面白いマップを見つけてレビューしましょう。ファイト！#r#L#cfa7a0f鑑賞家について@@connoisseur_ins#n
1322,申し訳ございません。評判値が#c0a7fef0#nPtになったため、#c0a7fef鑑賞家の資格#nを失いました。次のご招待をお待ちください。#r#L#cfa7a0f鑑賞家について@@connoisseur_ins#n
1323,あなたをルームに招待：@1
1324,#c0aba1d@1#n/@2
1325,相手があなたの招待を断りました
1326,@Null@
1327,@Null@
1328,@Null@
1329,@Null@
1330,現在のマップを退出してから他の画面に入れます
1331,使用に失敗。鑑賞家の資格を失いました
1332,@Null@
1333,このコメントを削除しますか？
1334,マップがありません 他を見てみましょう
1335,マップ名：@1
1336,@1名の鑑賞家がおすすめ
1337,アップロードしてミニ工房に投稿すると、みんなに作品を見てもらいやすくなります
1338,ホットキー設定
1339,最低開始人数：#c0aba1d@1#n
1340,ゲーム人数：#c0aba1d@1#n/@2
1341,ホストがゲームを開始するまでお待ちください…
1342,@1秒後に開始
1343,準備中
1344,あと（秒）
1345,このアイテムはホストだけが取り出せます
1346,ターンモード
1347,この得点を達成すれば位置をリセット
1348,右キー：スライディング/フェイント、左キー：インターセプト/シュート
1349,投擲器
1350,N/A
1351,ミニコイン/ミニビーンが不足しています！交換してから再度お試しください
1352,このレシピはアンロック済み
1353,信用値について
1354,#cfa7a0f信用値とは？#n#r信用値はプレイヤーのゲーム行為の信用状況を評価するものです#r#r#cfa7a0f信用値は何に使う？#n#r高い信用値をキープしていれば正常にゲーム権限を使用できます。一定の値より低くなると、警告としてゲーム中の行為に制限を受けます#r#r#cfa7a0f信用値を獲得するには？#n#rゲーム中の行為を良好に保ち、多くの人から通報されないようにすれば、信用値は次第に回復します
1355,このストーリーはすでに終了しました
1356,無料加速
1357,@Null@
1358,@Null@
1359,@Null@
1360,更新できるファイルがあります。#r今すぐダウンロードしますか？
1361,更新ファイルのダウンロードが終わりました。#r今すぐ端末を再起動しますか？
1362,更新ファイルのダウンロードが終わりました。#r今すぐ端末を再起動する必要があります。
1363,ゲーム画面から【システム設定】へ移行しますが、よろしいですか
1364,PCでは権限を開放できません。他のミッションを試しましょう
1500,ミニワールド厳選人気マップおすすめ#r @1。すでに@2人の仲間がダウンロードしました！一緒にミニワールドの自由創作の楽しさを体験しましょう！
1501,ミニワールド厳選人気マップおすすめ#r @1。すでに@2人の仲間がダウンロードしました！@3人の鑑賞家がおすすめしています！一緒にミニワールドの自由創作の楽しさを体験しましょう！
1502,やった！ミニワールドで@1を獲得したよ。見に来ない？
1503,やった！ミニワールドで@1に変身しちゃったよ。見に来ない？
1504,わぁ！@1を獲得したよ。どんなにすごいか、一緒に試してみない？
1505,わぁ！このマップはほんとによくできてる！一緒にこのワールドで泥遊びしようよ！
1506,@1で楽しく遊んでるよ！一緒に遊ぼう！
1507,ホストによってブラックリストに入れられました。一緒に遊ぶことはできません。
1508,@1がマップ#cfa7a0f@2#nで大活躍してるよ！早くつれていってもらって一緒に遊ぼう
1509,@1がマップ#cfa7a0f@2#nでひどくやられてる。早く助けに行こう！
1510,にシェア
1511,わぁ！変身して#cfa7a0f@1#nになっちゃった！
1512,わぁ！#cfa7a0f@1#nを獲得したよ！
1513,わぁ！すごいマウント#cfa7a0f@1#nを手に入れたよ！
1514,この絶妙な組み合わせ、クールでしょ！
1515,念入りに作ったドレスアップなんだ。すごいでしょ！
1516,#cfa7a0f@1#nで大活躍してるよ！早く一緒に遊ぼう！
1517,#cfa7a0f@1#nでいいように殴られてる。早く助けに来て！
1518,DIYセットをリセットしますか？
1519,やった！ミニワールドで神獣#cfa7a0f@1#nを獲得したよ。見に来ない？
1520,最新バージョンに更新してフレンドがシェアした情報を見る
1521,これが@1回目のドレスアップだよ。見に来ない？
1522,これが@1番目のキャラクター仲間だよ。一緒にミニワールドを作ろう。
1523,これが@1番目のマウントだよ。これに乗って探険に出かけよう！
1524,シェアしました
1525,シェアに失敗しました
1526,シェアがキャンセルされました
1527,"●ルーム情報
 
 ルームリスト：ルーム内のプレイヤーリストやグループ分けの情報を見ることができ、その他のメンバーと交流できます
 
 ルーム設定：ホストはルームにルールを設定することができます
 
 招待コード：その他の人はマルチプレイのスキャン機能でルームに入ることが可能。仲間がそばにいる場合はさらに便利に接続できますよ！"
1528,「マルチプレイ」画面に行き、「ルームに加入」をタップするとルームに入れます
1551,目標産物
1552,最低所要\n加工ツール
1553,加工ツール庫
1554,クラフトテーブル
1555,鍋
1556,製錬原料
1557,燃料で使用する
1558,許可
1559,禁止
1560,製錬産出
1561,低温産物
1562,中温産物
1563,高温産物
1564,体力値を増加する
1565,体力値を増加してスピードを回復する
1566,体力値
1567,体力値の回復スピード
1568,オリジナルの加工品は変更できない
1569,オリジナルの製錬原料は手を入れない
1570,スイッチ
1571,体力値不足！
1572,原料製錬時間
1573,毎秒燃焼温度
1574,度
1600,今週のゲスト：<font size='24'>[color=#FF903C]%d[/color]</font>
1601,ゲストリスト：<font size='24'>[color=#FF903C]%d[/color]</font>
1602,ゲストリストは一週間にスポットライトプロジェクトを見に来た仲間を確認できますよ～
1603,進捗+@1
1604,進捗+[color=#3DAC0B]@1[/color]
1605,デフォルトソート
1606,収集順（正）
1607,収集順（逆）
1608,ゲスト履歴
1609,収集進捗は[color=#FFDD41]%d/%d[/color]、[color=#FFDD41]%.2f%%[/color]のプレイヤーを超えました
1610,クリックが頻繁すぎます。少し休みましょう～
1611,機能説明
1612,スポットライトプロジェクトスキンをアンロックすると、相応の暁ボックスを開け、光影の霊を獲得できます
1613,光影の霊をクリックすると位置を自由に移動できます
1614,暁ボックスをクリックするとスキン情報を確認できます
1615,収集進捗を達成すると大量の報酬がもらえます
1616,収集進捗は@1%のプレイヤーを超えました
1617,収集進捗
1618,週間進捗ランキング
1619,フレンドランキング
1620,進捗+[color=#3DAC0B]@1[/color]
1621,進捗+@1
1622,散歩
1623,スポットライトプロジェクト
1624,[color=#3F3B50]収集進捗[/color]@1/@2
1625,全収集
1626,%d年前
1627,%dか月前
1628,%d日前
1629,%d時間前
1630,%d分前
1631,スポットライトプロジェクト権限
1632,ランク無し
1633,（7日）
1634,（30日）
1635,（永久）
1636,彩る星が足りないので、交換できません
1637,全ての報酬を手に入れたので、交換できません
1638,本日の抽選回数が上限に達しました。明日また来てください～
1639,スキップ
1640,5回投擲
1641,スター確定獲得
1642,ポイント交換
1643,以下の報酬からランダムな未獲得の報酬を1つ獲得
1644,期間限定
1645,新商品
1646,人気
1647,限定
1648,残り@1日
1649,ヘルプ
1650,"1、冒険者たちはミニビーンを消費して「スターライトトラベル」イベントに参加できる。毎週初めて抽選する時、特別割引が適用される。
2、イベントに参加する度に、必ず「彩る星」を獲得する。「彩る星」は交換ショップでスキン、カスタマイズ、スプレーなどのアイテムと交換できる。
3、交換ショップは不定期に更新され、永久的なアイテムは重複獲得できない。「彩る星」は交換ショップが更新されても消えないので、安心してください。
4、毎日、スターライトトラベルへの参加回数上限は500回
5、確率
金色マス：「彩る星」（1～50枚）：8%
紫色マス：22%
白色マス：70%
金色マス-「彩る星」の確率
50枚：0.01%
25枚：0.1%
20枚：0.3%
15枚：0.6%
10枚：1.1%
1~8枚：97.9%
紫色マスの確率
ジョイカード経験値：20%
フレンドアイテム：80%
白色マスの報酬
以下の報酬からランダムな1つの報酬を獲得できる：テレポートの書、テレポートの書-惑星、特長破片、金庫、小さな暗号箱、スターギフトボックス、小さなスター花火、体験カードなど"
1651,贈与金額は上限に達しました。制限を解除したい場合はカスタマサービスにご連絡ください
1652,友好ギフトの購入数が上限に達しました。制限を解除したい場合はカスタマサービスにご連絡ください
1653,QRコードが期限切れなので、更新してください
1654,クリックして更新
1655,攻撃力が上がりました！
1656,交換を完了すると、この報酬を直接受け取ることができます
1657,デフォルト@1
1658,アクション使用説明
1659,個人カスタマイズアクションはマップにてアクション画面を開き、アイコンをタップして使います。
1660,アドバンスアクションは倉庫にて使います。使用後、基本的なデフォルトアクションと交換できます。
1661,体験カード効果中：
1662,未所持
1663,このアクションを所持していません。ショップに行って購入しましょう。
1664,個人カスタマイズアクション
1665,期間限定販売：
1666,@1日限定
1667,カスタマイズアクション
1668,アドバンスアクション
1669,アクション
1670,アドバンス@1アクション
1671,総合
1672,余暇
1673,ランニング
1674,座る
1675,横になる
1676,水泳
1677,復活
1678,勝利
1679,失敗
1680,バージョンが低すぎます
1681,永久
1682,日
1800,
2000,伝説によると、炎プラネットのドラゴン島では、“三神器”の一つである”炎の剣“は、古いミラプラネットの人”古日者”とブラックドラゴンの長年のパートナーシップを象徴するものである。
2001,1.聖なるものを探す-炎の剣
2002,"""ヴォイド・インベージョン ""勝利後、ブラックドラゴンは ""古日者 ""と ""炎の剣 ""を死守し、ブラックドラゴンに自らの力を証明する契約を交わした。 ブラックドラゴンに認められた者だけが、剣を手に入れることができる。ブラックドラゴンの灼熱の吐息に注意する。"
2003,2.ブラックドラゴンを倒そう！
2004,ブラックドラゴンは、目の前の勇者の強さを認めた。炎の剣のガーディアンシップ・スペルが消えていき、地上には卵形のマグマの石が現れた。
2005,3.剣を手に取り、マグマの石を調べよう
2006,溶岩の角の音が炎星に響き、ブラックドラゴンがその炎のような体躯を現し、新たな試練が始まる！ ブラックドラゴンに力を見せつけろ！
2007,4.マグマブラックドラゴンを倒そう！
2008,炎は空に散り、ブラックドラゴンは目の前の勇者に強い関心を寄せ、それとともに卵型の混沌の石が地面に現れ、新しい試練が始まる準備が整った。
2009,5.カオスの石を調べよう
2010,ブラックドラゴンは全身を青紫の炎で包み込み、その薄気味悪い色は虚空の力と極めて似ているが、全く異なる感覚を与える。 最後の試練へ！
2011,6.カオスブラックドラゴンを倒そう！
2012,マグマの石
2013,炎のように燃えるささやき：#r 勇者よ、溶岩の角笛を吹き、溶岩の試練を受け入れよ！ #r#r#c0aba1dラバホーン＝ライフクリスタル＋ロッククリスタル#rライフクリスタル＝火＋その他、ロッククリスタル＝絡まった瑪瑙ブロック＋その他#rラバホーンを持ち、この石をクリックすると試練に挑める。#n
2014,カオスの石
2015,混沌とした退屈な独断：#r混沌の角笛を吹き、最後の試練で自分を証明せよ！#r#r#c0aba1dカオスホーン=カオスの結晶+宝石の結晶#rカオスの結晶=硫黄砂+その他、宝石の結晶=タングステンブロック+琥珀色のブロック+その他#r手に持ったカオスホーンでこの石をタップすると、ブラックドラゴンが召喚される。#n
2016,ハハハ、ちっぽけな人間どもよ、炎の中で震えろ！
2017,そうであればこそ、炎の激しさを感じろう！
2018,永遠に消えぬ炎よ！
2019,怖いのか 人間？ \nカオストライアルに合格することはできない！
2020,カルマの炎に焼かれろ！
2021,カオス裁判は可決された！ \n でも、これで終わりではありません。
2022,古代の石
2023,混沌とした忠告：#rラッパを鳴らし、最終的な試練で自分自身を証明しましょう!#r#r#c0aba1d古代のラッパを手にこの石をクリックすると古代の黒龍を召喚できます。#r混沌のラッパを手にこの石をクリックすると混沌の黒龍を召喚できます。#r溶岩のラッパを手にこの石をクリックすると溶岩の黒龍を召喚できます。#n
2024,@Null@
2025,聖物-炎の剣を探す
2026,ブラックドラゴンを倒そう！
2027,封印を解く
2028,マグマブラックドラゴンを倒そう！
2029,マグマブラックドラゴンを復活させる
2030,カオスブラックドラゴンを倒そう！
2031,正確な供え物を入れてください
2032,供え物の数が足りません
2033,祭壇は占用されています
2035,使用約款とプライバシーポリシーに同意するとゲームを続けられます。
2036,Facebook APPをインストールしていないため、シェアできませんでした
2037,翻訳に失敗しました。
2038,翻訳
2039,コピー
2040,@1による翻訳
2041,中国語（簡体字）
2042,英語
2043,中国語（正体字）
2044,タイ語
2045,スペイン語
2046,ポルトガル
2047,フランス語
2048,日本語
2049,アラビア語
2050,韓国語
2051,ベトナム語
2052,ロシア
2053,トルコ語
2054,イタリアの
2055,ドイツ人
2056,インドネシア語
2057,マレーシア語
2058,@Null@
2070,祭壇
2071,供え物
2072,供え物を捧げる
2073,@selfは火の中で燃えて灰と化しました
2074,あなたは蛇の神の怒りの炎の中で灰と化しました。
2075,雨林
2076,サルのバックパック
2077,低温
2078,中温
2079,高温
2080,温度
2081,もっと高いレベルの炉を解放してください！
2082,二つの燃料を入ってください
2083,三つの燃料を入ってください
2084,製作中
2085,装備にもう同じ属性のルーンがあり、嵌め込みません
2086,正しいスロットを置いてください
2087,石鍋
2088,ミスリル鍋
2089,まず調理中の料理を終了してください
2090,属性は衝突があるので、嵌め込みません
2091,ルーンを嵌め込む
2092,ルーンを加工
2093,ツールを修理する
2094,まずアップデートしたルーンを取り出してください
2095,ルーンは鑑定しました
2096,持ってるルーン
2097,加工
2098,同じレベルのルーンを入ってください
2099,篝火に燃料を追加してください
2100,開墾中
2101,かばん内加工する
2102,石質以上のストーンクリエーションハンマーを加工する
2103,銅質以上のストーンクリエーションハンマーを加工する
2104,鉄質以上のストーンクリエーションハンマーを加工する
2105,チタンストーンクリエーションハンマーを加工する
2106,石鍋で調理する
2107,ミスリル鍋で調理する
2108,漫画
2109,スクリーンショット
2110,その他
2111,燃料
2112,原料
2113,産出
2114,産出がない
2115,ルーンを鑑定する
2116,ルーン鑑定石が足りません
2117,鑑定
2118,ルーン鑑定石が足りません
2119,かばんがいっぱいです
2120,新しい解放レシピ
2121,昔、オリジンキューブはミニ宇宙を生み出しました。その一つはミラプラネットと呼ばれています
2122,ミラプラネットの人々は熱心に祈り、ついにオリジンキューブから返事をもらいました
2123,彼らの体に注がれる不思議な力があります。それが創造の力です
2124,彼らはこの力を使って採集、建築します...生活をより良くしました
2125,しかし、この力はまた、ボイドの切望を引き付け、世界の混乱を引き起こしました...
2126,この温度ではツールは生成されません
2127,料理をするには、火のついた焚き火の上に置く必要があります
2128,（続く）
2129,オリジンストーリー
2130,加工したいアイテムのレシピを選択してください
2131,ヴォイド軍団はファントムに導かれてミラプラネットの平和を乱す
2132,英雄が集結！ミニ宇宙の強者たちはミラプラネットに集まり、侵入を撃退することを誓った
2133,大戦は一触即発、激しい戦いを経て、紫の脅威がついに空に散った
2134,ミラプラネットには平和が戻ってきましたが、ボイドの敵意は戻ってきます。 準備はいいですか？
2135,基本
2136,装備
2137,道具
2138,材料
2139,建築
2140,装飾
2141,機械
2142,ルーンストーンでアクティベートすると強力なルーンの効果が現れ、副材料を加えてアクティベートするともっとルーンが現れます
2143,アイテムは完全にアクティベートされました。#c9a9a9aアクティベートされた効果から1つを選んで交換してください #n
2144,アイテムを置きませんでした。アクティベートすることはできません
2145,ルーンストーンを置きませんでした。アクティベートすることはできません
2146,#cef2d2d@1#nがこのアクティベーションに役割を果たしたようです
2147,#cef2d2d@1#nがこのアクティベーションに役割を果たしなかったようです
2148,主材料
2149,副材料
2150,アクティベート
2151,副材料を選択
2152,アクティベート可能
2153,アクティベートされない
2154,同じタイプのルーンがすでに存在しています
2155,戦闘
2156,工具
2157,必要素材が足りません
2158,料理中
2159,鍋の中の物を取り出してから料理を始めてください
2160,燃料を入れてください
2161,@1×@2を作りました
2162,手動で供物を下の道具枠に入れる
3000,@Null@
3001,エンチャント
3002,新しいワールドを作成
3003,アイテムバー
3004,チェスト
3005,冒険モード
3006,創造モード
3007,今ある材料で製作できるもの：
3008,アイテム
3009,スキップして直接ゲームを始める
3010,決定
3011,スタート
3012,使える装備
3013,装備
3014,ゲームモードを選択
3015,説明：
3016,カッコイイ名前を入力
3017,削除
3018,キャンセル
3019,条件：
3020,報酬：
3021,制限ありマップ
3022,大型マップ
3023,平坦な地形
3024,メインストーリー
3025,生産
3026,戦闘
3027,その他
3028,報酬を受け取る
3029,受け取り済み
3030,材料を選択
3031,燃料を選択
3032,ミッション追跡
3033,アンロック
3034,見る
3035,フレンド追加
3036,送信
3037,招待を送る
3038,フレンドとして追加
3039,近くにいる\n仲間を探す
3040,エンチャントしたいアイテムを選択
3041,取り出したいエンチャントアイテムを選択
3042,マップをシェア
3043,選択できるエンチャント材料
3044,選択
3045,購入
3046,修理したいアイテムを選択
3047,アップロードを続ける
3048,早くマップを作成しましょう
3049,早くマップをシェアしましょう
3050,ゲームに戻る
3051,設定
3052,メインメニューに戻る
3053,ログアウト
3054,バージョンアップへ
3055,累積プレゼント
3056,倉庫
3057,5月ログイン報酬
3058,チャージ
3059,購入
3060,チャージへ
3061,プレゼントを受け取る
3062,初心者プレゼント
3063,ミッション報酬
3064,ウィークリー報酬
3065,新しいキャラクターをアンロックました！
3066,新しい天賦をアクティベートしました！
3067,お好きなキャラクターを選んでください
3068,ゲームスタート
3069,ミニID暗号化
3070,ミニID
3071,パスワード設定
3072,ミニID切り替え
3073,パスワード
3074,ログイン
3075,パスワードを入力
3076,もう一度入力
3077,暗号化
3078,"1.#cef2d2d写真や紙媒体での記録によって、ミニIDとパスワードを保存してください#n
 2.ミニIDとパスワードで別の端末からログインできます（フレンド、アカウントのコイン/アイテムは引き継きできます。シェアしたセーブデータも引継ぎできます）
 3.#cef2d2d携帯番号やメールを登録した場合のみ#n、パスワードの変更や、忘れた場合の問い合わせができます"
3079,方向キー設定
3080,クラシック
3081,スティックモード
3082,マップ地形コード
3083,整理
3084,製作
3085,修理
3086,Wi-Fi接続
3087,ホットスポット接続
3088,3日購入
3089,7日購入
3090,30日購入
3091,ホストミニID
3092,ルームチャット
3093,ルーム設定
3094,タップしてチャット内容を入力
3095,本日まだ獲得可能
3096,追 加
3097,ミニIDは空白にできません
3098,下をタップしてフレンドを追加します。一緒に遊ぶ仲間を探しましょう。
3099,ネットワークに接続されていません
3100,下からフレンド追加
3101,（パスワードを忘れないようにしてください）
3102,パスワードが設定できません
3103,パスワード設定成功！
3104,ミニIDは空白にできません！
3105,パスワードは空白にできません！
3106,@Null@
3107,設定した身分が不正確です
3108,ミニIDかパスワードに誤りがあります！
3109,アカウントが凍結されています
3110,アカウントが紐づけされています
3111,パスワード設定が必要です
3112,データ更新ができませんでした
3113,名前が重複しています
3114,ミニIDのデータを更新しました
3115,ミニIDかパスワードに誤りがあります
3116,アカウントパスワードによる認証が必要です
3117,無期限購入
3118,日
3119,無期限獲得しています。再度購入する必要はありません
3120,このプレイヤーがシェアしたマップ
3123,ダウンロード
3124,早くフレンドを追加しに行きましょう
3125,このプレイヤーはセーブデータをシェアしていません
3126,スキン
3127,キャラクター
3128,アイテム
3129,倉庫
3130,チャージ
3131,切り替え
3132,相手のミニIDを入力してください
3133,@Null@
3134,ミニコイン購入
3135,ミニIDを暗号化し、ミニコインの安全を図ってください
3136,マルチプレイモードでのみ開くことができます
3137,イベントがもうすぐ始まります。お楽しみに
3138,チャージに成功しましたが、ネットワーク上の理由によりアカウントに反映できません。もう一度お試しください
3139,7日間ログイン報酬
3140,毎週ログイン報酬
3141,ログイン報酬
3142,ミニ宝物庫が新たに登場！新しいドレスアップがあなたを待っています
3143,ミニビーンを獲得
3144,イベント
3145,達 成
3146,累計1日
3147,累計2日
3148,累計3日
3149,累計4日
3150,累計5日
3151,累計6日
3152,累計7日
3153,ご期待ください
3154,受け取る
3155,スターを5つ獲得しました！
3156,時間限定
3157,限定販売：終了しました
3158,まだ受け取っていません
3159,累計ログイン7日で族長キャラクターをアンロック！#r毎週ログイン報酬も始まります！
3160,報酬を獲得
3161,ミニコインを使ってスターと交換
3162,#c0aba1dルームに入りました#n
3163,#cfa7a0fルームを退出しました#n
3164,注意：パスワードを設定することでミニコインが安全になります
3165,暗号化済み
3166,1日目
3167,2日目
3168,3日目
3169,4日目
3170,5日目
3171,6日目
3172,7日目
3173,極限モード
3174,の極限
3175,新記録
3176,今回のスコア
3177,最高スコア
3178,（時間を超過すると救援に失敗します）
3179,残り時間
3180,極限の冒険
3181,極限マルチプレイ
3182,"#c3f4f4f命はたった一つ。#n
 #c9a9a9a（現実の世界はゲームとは違います。命は大切に！）#n
 #c3f4f4fなのに世界には危険がいっぱい！#n
 #c9a9a9a（空腹、溺死、やけど、負傷、暴力など…）#n
 #c3f4f4f才能と知恵を使って、危険の中で自分を守ることを学ぼう#n#r
 #cfa7a0f勇敢に極限に立ち向かえ！
 （オンライン不可）#n"
3183,極限モードオンライン特徴：#r1.命はたった一つだが、失敗したあと一定の時間内は仲間に復活させてもらうことができます#r2.強化されたモンスター#r3.空腹による失敗もあります#r4.タスクは完成できなく、スコアは獲得できません#r#r知恵を絞って少しでも長く生き延びましょう。極限に挑戦！#r失敗した仲間に採集をしてやると復活させることができます。
3184,セーブデータはロックされているため、入ることはできません
3185,SMS決済
3186,その他の決済
3187,極限
3188,収集転送機
3189,発射装置
3190,もう一度遊ぶ
3191,終了済み
3192,極限スコア：
3193,模擬冒険に転換
3194,創造モードに転換
3195,模擬冒険に転換しました
3196,創造モードに転換しました
3197,検索
3198,検索結果
3199,@Null@
3200,@Null@
3201,ヒント：
3202,サイやツノジカの気を引くために、#cffda0a雑草#nを取ってみてください。
3203,#cffda0a黒サトウキビ#nを取ってツノジカに食べさせ、小さなガラス瓶で叩くと新鮮なミルクを受け取ります
3204,作物を早めに大きくなりたいと#cffda0aシャワーヘッド#nを潤すことができます
3205,#cffda0aばくばくエッグ#nが爆発しそうなときは、離れると爆発がとまります
3206,（冒険モード）今は素材かスターだけで装備を修理できるようになりましたよ！
3207,#cffda0a巨大なプルマージュ#nはセコイア森で見つけられる
3208,#cffda0a虚空使徒#nを見ると彼は立ち止まります。
3209,#cffda0a火がついた#nら、水の中に飛び込んで火を消しましょう
3210,#cffda0aドードー鳥の卵#nを使って一定の確率でキツネを懐かせられます
3211,問題に遭った時は家族や友達と相談してみましょう、きっと解決できますよ！
3212,冒険モードの夜は危ないので、家を建てるか穴を掘って安全を確保できる
3213,雨の後、すべてのものが元気になって，土中に野草が出る可能性があり，土ブロックは草ブロックになる
3214,冒険モードの暗い所では危険がある。十分な明るさを保ちましょう
3215,地下で鉱物を探すときは、足元のマグマに注意してください
3216,冒険モードでは体力が低すぎると、疲労して走れなくなり、収集速度が低下する
3217,レッドシダーフルーツを同時に2羽のペンギンに与えると、子ペンギンが生まれます
3218,設定で移動のコントロール方法が切り替えられます
3219,設定画面で#cffda0a後ろ視角#nを切り替え(F5)、自分のキャラクターを見ることができます
3220,画面が暗いと感じたら、設定で画面の明るさを調整してください
3221,2種類の顔料を#cffda0aパレット#nを注ぐと、より豊富な顔料になります
3222,すてきな建築ができあがったら、セーブデータにシェアしてみんなに見てもらいましょう
3223,マップセーブ、一定の時間ごとに#cffda0aクラウドバックアップ#nを行ってね！そうすれば進行度はサーバーにセーブされます！セーブデータを失う心配がなくなります！
3224,先に宿題を終わらせてからミニワールドで遊べば、もっと楽しいですよ
3225,ばくばくエッグが声を出すとサプライズが待っています。早く逃げて！
3226,創造モードには無限の資源があり、建築に適しています
3227,#cffda0a石像#nや#cffda0aスターステーション#nで、家の位置が保存できます
3228,砕石を掘ったり、岩石を分解したりすると、石材、石材、#cffda0a木材を得ることができ#nよく使われる道具に加工することができる
3229,職人台で多くの工具やアイテムを加工できます
3230,装備、武器はそれぞれの作用があり，#cffda0a海洋#n冒険に行くには#cffda0aダイビング服#nを用意したほうがいい
3231,雨が降ると小さな松明が消え，火に触れると小さな松明が再び燃える
3232,建物を建る時隅っこの明るさに気をつけてください。（右上で確認可能）暗い所で危険なものがあるかもしれません
3233,マルチプレイの時、もしネットワーク接続が不安定すると宇宙人が乱入するかもしれません
3234,あまり長いこと携帯を遊ばずに、休んだり体を動かしたりしましょう
3235,シェアしたセーブデータは他の仲間がダウンロードできます
3236,仲間のルームに入ったら、壊すよりも#cffda0a一緒に建設#nした方がいいですよ
3237,素敵なマップやセーブデータに出会ったら「いいね」しましょう
3238,ゲーム設定ー高級設定のところで視野の範囲を下げると、滑らかさがアップします
3239,ルームが多い時は、ホストのミニIDを入力するとすぐに見つかります
3240,プレイモードに転換しました
3241,編集モードに転換しました
3242,アクティベート
3243,センサー
3244,タイトルは10文字までです
3245,アイテムバーがいっぱいです。取り出せません
3246,説明を入力してください
3247,これらのモデルを削除しますか？
3248,プラグインリストのファイルにエラーがあります。再度ログインしてください
3249,バージョンが古すぎます
3250,アカウントサーバーから反応がありません。ネットワークを確認後、再度お試しください
3251,ネットワーク接続がありません。ネットワークを確認後再度試すか、カスタマーサービスにご連絡ください
3252,ネット接続を試みています。しばらくしてから再度お試しください（zh）
3253,ネット接続を試みています。ネットワークを確認後、再度お試しください（zh）
3254,ネット接続を試みています。しばらくしてから再度お試しください（zh）
3255,セーブデータサーバーから反応がありません。ネットワークを確認後、再度お試しください
3256,ネットワーク接続がありません。ネットワークを確認後再度試すか、カスタマーサービスにご連絡ください
3257,セーブデータのデータにエラーがあります。しばらくしてから再度試すか、カスタマーサービスにご連絡ください
3258,セーブデータのデータにエラーがあります。しばらくしてから再度試すか、カスタマーサービスにご連絡ください
3259,ネットワークが正常かどうか確認後、再度お試しください（cd）
3260,ネット接続を試みています。ネットワークを確認後、再度お試しください（fz）
3261,ネット接続を試みています。ネットワークを確認後、再度お試しください（fz）
3262,ネット接続を試みています。しばらくしてから再度お試しください（fz）
3263,ネット接続を試みています。しばらくしてから再度お試しください（fz）
3264,ネットワークが正常かどうか確認後、しばらくしてから再度試すか、カスタマーサービスにご連絡ください（fz）
3265,ネット接続を試みています。ネットワークを確認後、再度お試しください（jy）
3266,ネット接続を試みています。ネットワークを確認後、しばらくしてから再度試すか、カスタマーサービスにご連絡ください（jy）
3267,マイガーデンのデータにエラーがあります。ネットワークとスマートフォンの時間を確認し再度試すか、カスタマーサービスにご連絡ください
3268,マイガーデンのデータに異常があります。ネットワークとスマートフォンの時間を確認し再度試すか、カスタマーサービスにご連絡ください
3269,ネットワークが正常かどうか確認後、しばらくしてから再度お試しください（jy）
3270,ログイン成功（bhxs）
3271,パスワードエラー。ミニIDとパスワードが正確かどうかご確認ください
3272,ネットワーク接続が不安定です。ネットワークとミニIDが正常かどうかご確認ください
3273,ミニIDは大事に保管してください。変更/解読されたりしないようにしましょう！
3274,アカウントの名前が重複しています。名前を変更してください
3275,まず個人情報を入力し、アカウントパスワード認証をしてください
3276,このミニIDは別の場所でログインしています。先に活躍度を累積してから本端末に切り替えます
3277,プラットフォームが異なると切り替えられません。カスタマーサービスに連絡し、所属するプラットフォームをお問い合わせください
3278,@Null@
3279,@Null@
3280,受け取れませんでした。しばらくしてから再度お試しください
3281,ミニコインが不足しています。チャージしてください
3282,購入が制限されました。他の商品を選択してください
3283,アカウントがアクティベートされていません。アクティベートしてください
3284,数が足りません
3285,購入制限イベント時間外です
3286,誤ったアクティベートコードです
3287,このコードはすでに使われています
3288,無効なアクティベートコードです（def）
3289,報酬はすでに受け取り済みです。重複して使用できません
3290,ネットワークを確認後、再度お試しください。カスタマーサービスQ：800800864-チャージに関する問題フィードバック
3291,残高をご確認の上、再度お試しください（決済失敗）
3292,バージョンエラーです。最新バージョンをダウンロードするか、カスタマーサービスにご連絡ください
3293,残り回数がありません
3294,チャージ失敗が発生した場合は、証明として【注文番号付きのスクリーンショット】と【ミニID（UID）】を送ってください。#r#r問い合わせ：miniworldjapan@mini1.cn#r#r　個人情報を隠してもいいです。（不正行為をしない。ご安心してください）。#r#r不具合でご迷惑をかけしまして大変申し訳ございません！
3295,@Null@
3296,果実データにエラーがあります。ネットワークとスマートフォンの時間を確認し再度試すか、カスタマーサービスにご連絡ください
3297,果実の位置エラーです。スマートフォンを再起動後に再度試すか、カスタマーサービスにご連絡ください
3298,果実の状態エラーです。ネットワークとスマートフォンの時間を確認し再度試すか、カスタマーサービスにご連絡ください
3299,ミニビーン支払い失敗
3300,対応する宝箱の定義がありません
3301,対応する宝箱の定義がありません
3302,@Null@
3303,@Null@
3304,セーブデータを全力で実行中です。他のアクションを起こせません
3305,ネットワークが正常かどうか確認後、しばらくしてから再度試すか、カスタマーサービスにご連絡ください
3306,交流が頻繁すぎます。リラックスして、ゆっくりやりましょう（cx）
3307,データエラーです。カスタマーサービスにご連絡ください（cx）
3308,本日の報酬受け取りが上限に達しました。また明日来てくださいね！
3401,報酬を受け取りました。倉庫をご確認ください
3402,報酬を受け取れませんでした。しばらくしてから再度お試しください
3403,報酬を獲得
3410,公式サイト
3411,受け取り済み
3412,期限切れ
3413,スマートフォン
3414,メールアドレス
3415,連携
3416,連携済み
3417,認証コードを取得
3418,認証コード
3419,携帯番号エラー
3420,メールアドレスエラー
3421,認証コードエラー
3422,ミニID管理
3423,連携
3424,携帯番号と連携
3425,メールアドレス
3426,携帯番号またはメールアドレスと連携すると、秘密のボーナスがもらえます！詳しくはボーナス画面をご覧ください
3427,認証コードを送りました
3428,連携しました
3429,この携帯番号/メールアドレスには別のミニIDと連携されています。これ以上連携はできません
3430,送信
3431,認証コードを送りました
3432,頻繁に認証コードを取得しないでください
3433,獲得できません
3434,連携していません
3435,このアカウントはすでに連携されています
3436,連携できません
3437,@Null@
3438,@Null@
3439,@Null@
3440,認証コードが期限切れになりました。改めて取得してください
3441,限定販売：終了しました
3442,ゲームスタート
3443,マルチプレイ
3444,マイガーデン
3445,アカウント設定
3446,セーブデータ外で設定を行ってください
3447,個人センター
3448,FAQ
3449,公 告
3450,ボーナス
3451,イベント
3452,スキップ
3453,公 告
3454,情報
3455,アルバム
3456,情報編集
3457,招待状：
3458,称号：
3459,ギルド：
3460,未開放
3461,管理
3462,デフォルトフォルダ
3463,ネットワークが存在しません！
3464,"---- 個人センター誕生です！
 
 1.現在のフレンドとファンの人数がマイページに表示されます
 
 2.プレイヤーはミニコインを使ってアイコンカスタマイズ機能を無期限解放できます
 
 3.アルバムは無料で3マス使え、その後は1マスごとに5ミニコインでアンロックできます
 
 4.プレイヤーは編集ボタンから自分の詳細情報カードを設定できます"
3465,男
3466,女
3467,秘密
3468,審査失敗
3469,未審査
3470,アイコンをアップロード
3471,ロック中
3472,DIYアイコンを有効にしますか？
3473,アイコンアップロード機能をアンロックしました！
3474,アンロック失敗。しばらくしてから再度お試しください。
3475,新しいアルバムスペースをアンロックしますか？
3476,新しいアルバムスペースをアンロックしましました！
3477,ミニワールドMC専用アイコンを使用しました！
3478,ミニワールドのMCのみが使用できます
3479,この機能は未開放です。
3480,まだ画像をアップロードしていません。見に行きましょう！
3481,見に行く
3482,アップロード
3483,修 正
3484,削 除
3485,キャンセル
3486,確 認
3487,ニックネーム
3488,性別
3489,アイコン編集
3490,ミニワールドMC専用アイコン
3491,MC
3492,デフォルト
3493,フレンドのミニID
3494,ヘルプを表示
3495,简体中文
3496,English
3497,繁體中文
3498,"ゲームを終了して再起動すると言語が切り替わります（iOSの方は手動で行う必要があります）
Close and restart the game to switch language. (iOS users need to do it manually.)"
3499,言語切り替え
3500,職人台
3501,製錬炉
3502,修理台
3503,マウント属性
3504,タスク
3505,クールタイム
3506,召喚可能
3507,ルームQRコード
3508,スキャンしてルームに入る
3509,招待コード
3510,リンクをシェア
3511,フォッフォッフォ。子供たちよ、メリークリスマス！私のプレゼントを見においで！
3512,明けましておめでとう！今年もざくざく儲かりますように！品物を見においでよ！
3513,さらにマップを見る
3514,倉庫が空っぽです！
3515,まだマップをフォローしていません
3516,ネットワーク接続が不安定です。しばらくしてから再度お試しください
3517,ほら、また新しいミッションが公布されていますよ！
3518,（無料）
3519,初心者向け問題
3520,アドバンス問題
3521,連絡先
3522,ミニ隊長
3523,@1割引
3524,定価：
3525,作物
3526,工具
3527,雑用品
3528,ブロック
3529,編集
3530,#cef2d2dマウス#nを@nameの方に向けてください
3531,キャラクターを移動させるには#cef2d2d「W S A D」#nキーを使います
3532,キャラクターを前へ移動させるには#cef2d2d「W」#nを長押ししてください
3533,キャラクターを後ろへ移動させるには#cef2d2d「S」#nを長押ししてください
3534,キャラクターを左へ移動させるには#cef2d2d「A」#nを長押ししてください
3535,キャラクターを右へ移動させるには#cef2d2d「D」#nを長押ししてください
3536,閉じる
3537,#cef2d2d“1”#nをタップしてスターエナジーブロックを選択してください
3538,@Null@
3539,#cef2d2dマウスの右ボタン#nをクリックして目標に狙いを定める
3540,@nameと一緒に食べ物を集めてくる
3541,#cef2d2d「B」#nをタップしてバックパックを開ける
3542,#cef2d2dマウスの左ボタン#nを使ってアイテムを選択
3543,もう一度#cef2d2dマウスの左ボタン#nを使ってショートカットバー内のアイテムを選択
3544,本日のクリック：
3545,Altキーでさらに表示する
3546,使用制限
3547,解禁
3548,LAN接続
3549,ネットワーク接続
3550,超広角視野は最高スペックが必要です
3551,視野を広くするには、比較的高いスペックが必要です
3552,画面優先。大部分のデバイスに適しています
3553,滑らかさとビジュアルを両立。大部分のデバイスに適しています
3554,動作の滑らかさ優先。メモリの小さなデバイスに適しています
3555,TABを開く/閉じる
3556,春節イベント
3557,春節シェアイベント！
3558,1.あなたの専用リンクをシェアすると、他の仲間があなたのリンクをタップして画面を開きます\n2.イベント期間中、仲間のIPは1人につき1度しかタップできません。何度もすると無効となります\n3.イベント期間中にタップされた回数の累計が2/12/25/58回になると、それぞれ1回ボーナスがもらえます
3559,ジャンプボタンを長押しすると上へ泳いでいけます
3560,スペースキーを長押しすると上へ泳いでいけます
3561,サインイン
3562,携帯認証
3563,携帯番号
3564,認証コードを入力
3565,ログイン
3566,ミニIDを@1別のデバイスに切り替え中です。携帯認証を行ってください。
3567,メールアドレスと連携するとよい理由は？\n1.ミニIDを忘れた時に取り戻せます。\n2.パスワードを忘れた時に、連携されたメールアドレスを認証することでパスワードを再設定できます。\nもし認証を送った後にメールが届かない場合は、ゴミ箱に入っていないかどうかご確認ください。
3568,連携された携帯の認証を通じてミニID取り戻し/パスワード再設定をしています
3569,携帯取り戻し
3570,認証コードエラー
3571,携帯番号と連携のメリット：\n1.パスワードを忘れた時に取り戻したり、変更したりできます。\n2.ミニIDを忘れた時にIDを調べられます
3572,イベント累計：
3573,回収中
3574,（アンロックされていることをご確認ください）
3575,パスワードを再度設定し直してください
3576,QQウォレット
3577,この携帯はまだミニIDと連携されていません
3578,QQウォレット決済はクローズされています
3579,QRコードが期限切れです！
3580,モデル作業台
3581,モデル名称
3582,春節おめでとう！いい年になりますように！
3583,チャージできません。QQホールモバイル版でチャージしてください
3584,ホットキー
3585,空
3586,このキーには変えられません
3587,キー衝突：
3588,（@1秒後に自動で閉じる）
3589,もう一度考える
3590,ねぇ、もう行っちゃうの？まだまだたくさんの冒険があなたを待っていますよ。早く戻ってきてね！
3591,新しいキーを入力してください
3592,マップに入って地形コードを見る
3593,@1日目
3594,売却成功@1×@2
3595,購入成功@1×@2
3596,引き換え成功@1×@2
3597,あと#cfa7a0fミニコイン×@1#nが必要です。ミニコインを購入しますか？
3598,@1日購入
3599,@1(@2)使用成功
3600,@Null@
3601,ミニワールドで、あなただけのワールドを創造しよう
3602,ミニワールドで泥遊びしてるよ！どこにいるの？
3603,ミニワールドで、あなただけのワールドを創造しよう
3604,ミニワールドで泥遊びしてるよ！どこにいるの？
3605,ママが、「どうしてひざまずいてゲームしてるの？」だって。強力にオススメ@ミニワールド
3606,前へ動く
3607,後ろへ動く
3608,左へ動く
3609,右へ動く
3610,アイテムを使用/ブロック設置
3611,攻撃/掘削
3612,ステルス
3613,ダッシュ
3614,ジャンプ
3615,選択したアイテムを捨てる
3616,バックパックを開く/閉じる
3617,マップを開く/閉じる
3618,達成を開く/閉じる
3619,ショップを開く
3620,フレンドリスト
3621,マウント
3622,バックパックを整理する
3623,プレイヤーリスト
3624,スコアを見る
3625,キャラクターのステータスを見る
3626,モード設定
3627,資源工房
3628,スクリーンショットを保存しました
3629,現在の視点をカスタマイズ視点として保存しますか？プレイモード転換後はマップに入り直し、デフォルトでカスタマイズ視点を使用してゲームを行います
3630,このマップは規約違反の疑いがあるため、ルームに入ることはできません
3631,このルームマップは規約違反の疑いがあるため、検索できません
3632,このマップは規約違反の疑いがあるため、ゲームに進めません
3633,このマップは規約違反の疑いがあるため、ルームを開設できません
3634,このマップは規約違反の疑いがあるため、シェア禁止です
3635,規約違反
3636,このルームマップは規約違反の疑いがあるため、コメントを見られません
3637,お知らせ：健全なゲーム環境維持にご協力ください。ゲーム内のあらゆる仮想行為をマネすることはおやめください。虚偽の情報や不良な情報を発見した場合は、ゲーム管理員に通報してください！#rポルノ、政治、暴力などの内容を含むものは固く禁じられており、違反者は法的責任を問われます。
3638,ミニ隊長からのお知らせ
3639,ポルノ、政治、暴力など規約に反する内容の制作?共有は固く禁じられています。違反者はブロックされ、法的責任を問われます
3640,テンプレートを1つ選択
3641,サーバーがリンクされていません
3642,名称を入力してください
3643,モデルを選択してください
3644,今ある\n@1テンプレートを選択
3645,スキル
3646,特性
3647,再選択
3648,モデルサイズ
3649,移動速度
3650,ドロップ
3651,ドロップアイテム
3652,ドロップスター経験
3653,戦勝スコア
3654,モデルを選択
3655,自発攻撃
3656,生物陣営
3657,スコア
3658,生物モデルを1つ選択
3659,アイテムを1つ選択
3660,移動できますか？
3661,攻撃距離
3662,モデルを選択してください。
3663,デフォルト（モンスター）
3664,1.赤チーム
3665,2.青チーム
3666,ホストとの関係：敵対
3667,ホストとの関係：友好
3668,自発攻撃
3669,スキル倉庫
3670,ダメージタイプ
3671,コントロールタイプ
3672,特殊タイプ
3673,生物エッグ-
3674,特性倉庫
3675,音声ルームに加入できませんでした（@1）
3676,音声ルームに入りました
3677,マルチプレイに戻る
3678,取り出せません。バックパックがいっぱいになっていないか確認してください
3679,ヒント：新規モンスターの生物エッグは「バックパック-編集」の中にあります
3680,投擲物モデルを1つ選択
3681,投擲物モデル
3682,投擲物モデルを選択してください
3683,使用目標
3684,使用目標説明
3685,ノーマル使用
3686,弓を使用
3687,投擲物を使用
3688,倉庫に入れました
3689,@Null@
3690,@Null@
3691,@Null@
3692,@Null@
3693,@Null@
3694,決定
3695,セーブデータデータをレベルアップしています…
3696,データレベルアップ完了。ゲームを再起動してください
3697,マップをシェア中なのでバックアップできません
3698,マップタイプ
3699,バージョンが古すぎます
3700,ブルーダイヤ貴族は#cef2d2d2#n割引、各種特典、各種パックのプレミアムを享受できます！
3701,ブルーダイヤの特典について知るには#L#cfa7a0fブルーダイヤ公式サイト#nをご覧ください
3702,受け取り可
3703,受け取り不可
3704,ブルーダイヤ貴族特権
3705,ブルーダイヤ貴族毎日ギフトパック
3706,ブルーダイヤ豪華版追加獲得
3707,年会費ブルーダイヤ貴族追加獲得
3708,一括受け取り
3709,ブルーダイヤ貴族初心者ギフトパック
3710,受け取る
3711,ブルーダイヤユーザーは以下の特典を受けられます
3712,1.ブルーダイヤ初心者ギフトパック
3713,2.ブルーダイヤ毎日ギフトパック
3714,3.2割引の優待価格
3715,4.ブルーダイヤ専用マーク
3716,獲得したアイテムは、セーブデータの中でショップ→倉庫を開いて取り出せます
3717,受け取りました。倉庫をご確認ください
3718,受け取り失敗。しばらくしてから再度お試しください
3719,"スマートフォン安全管理のお知らせ：
 一部の改造ソフトと衝突を起こし、起動できません"
3720,受け取り済み
3721,フォーラム
3722,システムが改造ソフトがインストールされていることを検知しました。ゲームの正常な動作に影響を与える可能性があります。改造ソフトを削除してからゲームに進んでください。
3723,プレイヤーセーブデータ
3724,宇宙人がチート行為を検知しました。チートを中止してゲームをお楽しみください。チート行為は永久ブロックの可能性があります。ミニIDを大切に！
3725,モデル説明
3726,スターエナジーブロックに狙いを定めて#cef2d2dマウスの左ボタン#nを長押しすると砕けます
3727,スターエナジーブロックに近づいて拾う
3728,1袋の砂土を選択
3729,アイテムが上限に達しています。いくつか削除してから再度お試しください
3730,削除しました。再度セーブデータに入ると有効になります
3731,ノーマルバックアップ
3732,オンラインバックアップ
3733,オンラインセーブデータバックアップ
3734,毎回ルームのオープン前に自動的にバックアップされます。セーブデータが破損したときにはここで復元することができます。
3735,バックアップ用のスペースが1つ分しかありません。前回のバックアップを上書きします
3736,このルームは自由モードです。悪ガキがマップを破壊してしまわないよう、タップしてセーブデータを自動バックアップしてください
3737,現在は創造モードと編集モードでのみモデル作業台を使えます
3738,マルチプレイ、または他の人のマップでは管理機能は使用できません
3739,フォルダを追加
3740,ログイン失敗。ネットワーク、アカウント、パスワードをご確認ください
3741,4399アカウント連携
3742,4399アカウントと連携するメリット：#r4399PC版でこのアカウントに連携されたミニIDにログインできます#cef2d2d#r4399アカウント：@1はミニID：@2と連携されます#n#rご注意：連携を解除はできません
3743,連携でより安全、便利に。4399アカウントを使ってミニIDを取り戻せます#r#r4399アカウント：#cef2d2d@1#nはミニID：#cef2d2d@2#nと連携されます#B#rご注意：連携解除はできません。必ずアカウント情報をご確認ください
3744,この4399アカウントはすでにミニIDに紐づけされています
3745,ショップ
3746,コミュニティー
3747,ギルド
3748,マルチプレイヘルプ
3749,ホットスポット接続#rでは、同じLANや端末のホットスポットでつながっている仲間と一緒にプレイする#r#rWi-Fi接続#rなら、いつでもどこでもネットワーク上のより多くの仲間たちと繋がれますよ！
3750,4399アカウント切り替え
3751,このミニIDはすでに4399アカウントに紐づけされています
3752,タイムアウトしました。ネットワークをご確認ください
3753,削除
3754,新規アイテム
3755,工具
3756,武器
3757,食べ物
3758,選択できるものがありません
3759,アイテムモデル選択
3760,保存して戻る
3761,チュートリアルを続ける
3762,チュートリアルを退出する
3763,まだチュートリアルを完了していません。退出しますか？
3764,もっと多くのことを学びたいなら、「チュートリアルを続ける」をタップしてください
3765,テストサーバーではチャージができません。イベント-ボーナス画面から毎日ミニコインを受け取れます
3766,検索したのはあなた自身です！
3767,シングルプレイ
3768,クイック接続
3769,お知らせ
3770,まだマップセーブデータがありません！\nすぐにマップを作成しますか？
3771,新規マップ
3772,次へ
3773,"【ゲームスタート】
 「冒険」「創造」などのプレイモードが選べます。ローカルのマップセーブデータはすべてここにあります。"
3774,"【マルチプレイ】
 「Wi-Fi接続」はいつでもどこでも、たくさんの仲間たちと遊べます"
3775,"【ミニ工房】
 プレイヤーが作成したたくさんの面白いマップがダウンロードできます。自分のマップをシェアすることもできます"
3776,"【マイガーデン】
 種をまくと収穫ができるかも。ここでたくさんのレアアイテムやスキン、クールなマウントを手に入れることができます"
3777,完了
3778,同じLANに接続している仲間と遊ぶ
3779,いつでももっと多くの仲間たちと繋がる
3780,モード切り替え
3781,現在のモード：@1
3782,@Null@
3783,ミニビーン288個を使用して金の果実1つを収穫しますか？（適度に遊んで課金はほどほどに）
3784,あなたの視線はミニワールドを離れました。下のボタンをタップしてゲームに戻ってください。
3785,マイクがオンにできませんでした（@1）
3786,マイクがオフにできませんでした（@1）
3787,スピーカーがオンにできませんでした（@1）
3788,スピーカーがオフにできませんでした（@1）
3789,マイクをオンにする
3790,マイクをオフにする
3791,スピーカーをオンにする
3792,スピーカーをオフにする
3793,[マイクをオンにし、]音声をオフにする
3794,ここではリアルタイムチャットが可能です
3795,マルチルームをオープンする
3796,ミニ隊長からのお知らせ：健康的なプレイと理性的な課金を
3797,ミニ隊長からのお知らせ：健康的なプレイと理性的な課金を！#Rお客様が未成年の場合は、監督者の同意を得てから課金をしてください。
3798,全選択
3799,移動するファイルを選択する
3800,カケラを回収、@1×@2
3801,#c0aaa1a@1×@2#nを消費して#cfa7a0f@3#nを購入しようとしています。よろしいですか？#r（適度に遊んで課金はほどほどに）
3802,購入する
3803,#c0aaa1a@1×@2#nを消費して#cfa7a0f@3#nをレベルアップしようとしています。よろしいですか？
3804,レベルアップする
3805,回収しようとしているのは#c0aaa1a@1カケラ#nです！よろしいですか？
3806,モード
3807,開発
3808,注意：\n1.現在、プラグインを追加したマップはアップロードしたりルームをオープンしたりすることはできません。\n2.プラグイン編集とアップロードの機能は今後のバージョンアップで追加予定です。ご期待ください！
3809,プラグインを追加したマップはアップロードできません
3810,プラグインを追加したマップはルームをオープンできません
3811,フレンド@1がオンラインになりました
3812,フレンド@1がオフラインになりました
3813,話す時間が短すぎます
3814,音声
3815,ミニ工房
3816,厳選
3817,プレイヤー
3818,検索
3819,タイプ別：
3820,すべて
3821,順位：
3822,最新
3823,#R動物マウント：可愛い動物に乗ってワールドを巡りましょう！
3824,#R危険ワールド：ゾンビが襲ってきます。（ここの野人は、琥珀が好きだそうですよ）
3825,#R動画素材：現在提供していないので、オプションを外す必要があります。
3826,#R白黒逆さま：動物は狂暴で、野蛮人は優しい。
3827,#R進撃の巨獣：ようこそ巨大生物の世界へ！
3828,まもなく提供。ご期待ください
3829,ミニワールド誕生パーティー
3830,ヒント：ESCキーで設定画面を開き、F1キーで説明を表示
3831,作者はまだマップをシェアしていません
3832,工房ヘルプ
3833,"1.セーブデータのダウンロードはミニ工房に引越しました！豊富なコンテンツ！アップロードとダウンロードが加速！
 2.これからは、マップをアップロードしてシェアすると自動的にミニ工房のプレイヤーエリアに入り、何千人ものファンに見てもらうことができます！また超高速なダウンロードを体験できます！
 3.みんながアップロードしたマップはミニ工房の検索でも探すことができます
 4.プレイヤーがシェアしたマップは、プレイヤーエリアで一定の注目度に達すると自動的に審査エリアに入ります。審査エリアで他のプレイヤーによってレビューされ、一定の注目度に達すると厳選セーブデータになります！"
3834,1.ミニ工房では、プレイヤーが作成したもっと多くのチュートリアルを見ることができます\n2.セーブデータを左スワイプしてマップをシェアすると、工房のプレイヤーエリアに表示されます。\n3.お好きなマップを選んでダウンロードしてください！
3835,私は#L#cfa7a0f『ゲーム許可及びサービス規約』#n、#L#cfa7a0f「プライバシーポリシー」#n、#L#cfa7a0f子供のプライバシーポリシー#nをよく読んだ上で同意します
3836,@Null@
3837,下の#cfa7a0fサービス規約#nにチェックを入れ同意すると、ゲームに進めますよ
3838,ゲーム規約
3839,ヒント：ESCまたは～クロスヘアモードに戻る
3840,停止
3841,万
3842,人気
3843,厳選
3844,最新
3845,ダウンロード
3846,今週の注目
3847,評価
3848,ランダム
3849,一括変更
3850,マップは作者により削除されました
3851,マップがダウンロードできません
3852,デフォルト
3853,更新
3854,タップまたは上にスワイプしてもっとマップを見る
3855,お気に入り
3856,お気に入りキャンセル
3857,お気に入りキャンセル
3858,お気に入り
3859,ホーム
3860,このマップが気に入ったらレビューしてね！
3861,評価へ
3862,すぐに退出
3863,ダウンロード
3864,総合
3865,使用できません。ネットワークをご確認ください
3866,#L#cfa7a0fゲーム許可及びサービス規約
3867,もう少し遊んでからコメントしましょう。もっと面白いことがあるかもしれませんよ
3868,#L#cfa7a0fプライバシーポリシー
3869,あなたの評価が作者にとって、よりよいマップを作るのに役立ちます
3870,審査
3871,特集
3872,お気に入り
3873,祝周年\nセール
3874,さらに特集を見る
3875,注意：シェアしたマップはミニ工房のプレイヤーエリアにアップロードされます
3876,順位
3877,タイプ別
3878,メンテナンス中です。まもなく提供。ご期待ください
3879,キャラクターの天賦が最大レベルに達しています
3880,このキャラクターはアンロック済みです
3881,このスキンはもう販売していません
3882,このスキンはすでに無期限所有済みです。再度購入する必要はありません
3883,このスキンはすでに有効期限切れです。支払いを更新する必要があります
3884,アイテムはすでにアンロック済みです。再度アンロックする必要はありません
3885,バックパックがいっぱいになりました
3886,このキャラクターはロック中です。ホーム-マイガーデン-図鑑でアンロック。イベントとマイガーデン果実でカケラを獲得できます
3887,キャラクターを作成済みです
3888,ファイル名を入力
3889,モデルを移動しました
3890,お気に入りに登録しました
3891,お気に入りをキャンセルしました
3892,お気に入りに登録できませんでした
3893,実行できませんでした。ネットワーク異常です
3894,一番下までスクロールしました。更新してください
3895,マウス呼び出し
3896,キー説明
3897,バックパックを開ける
3898,右側の設定ボタンをタップしてセーブデータを削除できます
3899,セーブデータを有効化するには再アクセスが必要です。再アクセスしますか？
3900,編集
3901,プラグインを選択（体験版をゲット）：
3902,動物マウント
3903,危険ワールド
3904,動画素材
3905,白黒逆さま
3906,進撃の巨獣
3907,N方向に固定
3908,方向を転換、人物は動かない
3909,方向は変えず、人物が回転
3910,ファイルを移動
3911,以下のファイルはすでにその他のフォルダ内に存在しています。確定すると指定したフォルダに移動します#cfa7a0f@1#n
3912,#c0aaa1a@1#nはすでに#cfa7a0f@2#nに存在しています
3913,デフォルトのフォルダは変えられません
3914,移動したいモデルを選択してください
3915,削除したいモデルを選択してください
3916,このフォルダを削除しますか？
3917,プラグインリスト
3918,プラグインリストヘルプ
3919,新しいプラグインを作成
3920,プラグインを選択
3921,選択済み
3922,アップロード
3923,プラグインリスト - #cfffde9プラグインを編集#n
3924,タップして変換
3925,プラグイン名を入力
3926,プラグインの説明を入力
3927,編集を開放
3928,単独の追加のみ許可
3929,プラグイン情報
3930,すべて
3931,ブロック
3932,生物
3933,アイテム
3934,保存
3935,作成する
3936,プラグイン名を入力してください。
3937,まだプラグインを保存していません。退出しますか？
3938,プラグインを作成してください。
3939,名称を入力
3940,保存しました
3941,保存できませんでした
3942,ここをタップしてプラグインを作成してください
3943,フォルダを削除すると、モデルファイルをデフォルトのフォルダに移動します
3944,ホストのみが使用可
3945,スタンドアローンモードでのみ使用可
3946,フォルダの名前が変更されました
3947,資源センター
3948,モデルファイルを追加していません
3949,フォルダ名を入力してください
3950,ミニビーン2880個を使用して金の果実を10個購入する大収穫を実施しますか？（適度に遊んで課金はほどほどに）
3951,今後は表示しない
3952,修正
3953,新規ブロック
3954,新規/修正
3955,オリジナル@1
3956,NEW@1
3957,ヒント：タップして名称を選択すると説明が見られます！
3958,作成
3959,タップして説明を入力
3960,@1を1つ選択して修正
3961,総合
3962,カラー
3963,その他
3964,動物
3965,モンスター
3966,その他
3967,削除
3968,新規生物
3969,退出削除
3970,削除できるプラグインがありません
3971,プラグインを1つ選択して試してみましょう！
3972,#cfa7a0f@1#n種の材料が必要です
3973,@1編集
3974,製作時に自動加工
3975,続ける
3976,チュートリアル
3977,テストサーバー
3978,ミニチュアモデル
3979,良好なゲーム体験のためにXPシステムのサポートは停止しています。システムをアップグレードしてから再度お試しください
3980,"#cfa7a0fプラグインパックとは：#n
 プラグインパックは多くのプラグインを含んだ統合パックのことです。
 
 使用方法：
 新規マップ作成時にプラグインを選択→プラグインパックを選択→+マークをクリックしてプラグインパックを右側に選択。このあとゲームに進むと、プラグインパック内のすべてのインターフェイスが追加されて有効になります！"
3981,"#cfa7a0fプラグインの編集方法は？#n
 1.プラグインリストに入り、編集をタップ。
 2.ブロックや生物を選んで、新しいアイテムを作成。（現在はゲームオリジナルのものしか編集できません）
 3.アイテムの名前調整やプロパティ設定を行う。
 4.保存してゲームのメイン画面に戻り、「新しいワールドを作成する」でプラグインを選択します。"
3982,"#cfa7a0fプラグインの追加方法は？#n
 1.左側から追加したいプラグインを選択し、+マークをタップ。
 2.確認をタップしてマップ作成ルールに戻り、ゲーム開始をタップすると作成したマップでプラグインが有効になっています。"
3983,プラグイン関連ヘルプ
3984,プラグインを作成しました。編集を始められます！
3985,1Mより小さい画像を選択してください
3986,表示図
3987,カスタマイズ表示機能は今後のバージョンアップで開放予定です。ご期待ください！
3988,編集開放項目
3989,編集開放について
3990,この@1の修正は作成済みです
3991,このプラグインを削除しますか？
3992,削除しました
3993,マッピング
3994,マッピングのカスタマイズ機能は今後のバージョンアップで開放予定です。ご期待ください！
3995,機能はまだ開放されていません。新しいバージョンにご期待ください
3996,新規作成をタップしてプラグインを作成してください
3997,新しいプラグイン編集機能が開放されました。ここをタップしてください
3998,ここにプラグインパックに関するヘルプがありますよ！
3999,ヘルプを見れば、作成したプラグインがきっと面白くなります！
4000,バックアップ/元に戻す
4001,バックアップ
4002,削除
4003,復元
4004,ヒント：
4005,バックアップしてから端末を更新したりルームを開いたりすれば、セーブデータの破損リスクを減らすことができます。
4006,プラグインを追加すると、セーブデータが破損する可能性があります。\n先にバックアップを取っておけば、破損しても復元できます。
4007,バックアップをとっておくことを強くおすすめします！
4008,復元する
4009,バックアップ「@1」を使って現在のセーブデータ進行状況を上書き
4010,続けますか？
4011,（上書きすると現在の進行状況は失われます）
4012,決定
4013,キャンセル
4014,このバックアップを削除しますか？
4015,（削除後は元に戻せません！）
4016,バックアップしました
4017,バックアップできませんでした
4018,復元しました
4019,復元できませんでした
4020,最大で3つのバックアップしか作成できません。1つを削除してからもう一度お試しください
4021,タップしてバックアップ名を入力
4022,ヒント
4023,バックアップを作成
4024,すぐに追加
4025,バックアップをとって続ける
4026,バックアップ中
4027,復元中
4028,端末を最新バージョンに更新してください
4029,（バックアップしていません）
4030,バックアップ済み
4031,マップバックアップ
4032,このセーブデータはバックアップできるようになりました。開いて見てみましょう！
4033,タップしてセーブデータバックアップ管理を開く
4034,ルームに入れません（@1）
4035,メールを削除しますか？
4036,ルームを作成する前に、指示に従ってバックアップを取ってください。オンラインバックアップは同時に1つしか存在できず、古いバックアップは新しいものによって上書きされます！
4037,イベントは終了
4038,このエリアはメンテナンス中です。今後にご期待ください
4039,ダウンロード
4040,今日の注目
4041,イエローダイヤユーザーは以下の特典を受けられます：
4042,イエローダイヤ貴族はアイテム#cef2d2d2#n割引優待、各種特典、各種パックのプレミアムを享受できます！
4043,イエローダイヤの特典について知るには#L#cfa7a0fイエローダイヤ公式サイト#nをご覧ください
4044,イエローダイヤ貴族特典
4045,イエローダイヤ貴族デイリーギフトパック
4046,イエローダイヤ豪華版追加獲得
4047,年会費イエローダイヤ貴族追加獲得
4048,イエローダイヤ貴族初心者ギフトパック
4049,イエローダイヤギフトパック
4050,1.イエローダイヤ初心者ギフトパック
4051,2.イエローダイヤ毎日ギフトパック
4052,3.2割引の優待価格
4053,4.イエローダイヤ専用マーク
4054,表示図：
4055,プラグイン名称：
4056,プラグイン説明：
4057,のプラグイン
4058,プラグインパック
4059,決定
4060,プラグインパックを選択
4061,プラグインリストから追加
4062,追加する
4063,プラグイン編集
4064,プラグインリスト
4065,選択済みのプラグイン
4066,追加済みのプラグイン
4067,プラグインリストから追加
4068,"プラグインパックの編集方法：
 1.使用したいプラグインを追加する。
 2.プラグインパックの名称と説明を修正する。
 3.戻ってマップの作成かマップのプラグイン画面で使用できます！"
4069,"#cfa7a0fプラグインとは？#n
 プラグインはマップの元のブロック/生物/アイテムなどを変更できる工具で、カスタマイズしたゲーム内容を追加することもできます。
 プラグインはプラグインリストに格納され、個々のブロック、生物、アイテムとして表示されます
 
 #cfa7a0fプラグインの作成方法は？#n
 プラグインリストに入る→作成ボタンをタップ→保存して戻る→作成したプラグインがプラグインリストに保存される。
 
 #cfa7a0fプラグインの使い方は？#n
 プラグインは追加されたマップの中でのみ有効です。追加の方法は以下の通りです。
 1.#c0aaa1a新しいワールドを作成する#n時に追加するプラグインを選択する。ゲームにアクセスすると追加され有効になります。
 2.#c0aaa1aマップのプラグイン管理画面#n（入り口はバックアップボタンの左にあり、プラグインがすでに追加されているマップのみ開くことができます）で追加するプラグインを選択する。ゲームに進むと追加され有効になります。"
4070,"#cfa7a0fプラグインを追加するには？#n
 1.プラグイン追加をタップ→追加したいプラグインを選択→確定→これで追加したいプラグインが選択されました。
 2.選択を確定したら、「新しいワールドを作成する」に戻る。
 3.タップしてゲームを開始すると、選択したプラグインが追加され有効になります！"
4071,"#cfa7a0fプラグインを追加するには？#n
 1.プラグイン追加をタップ→追加したいプラグインを選択→確定→これで追加したいプラグインが選択されました。
 2.選択を確定したら、セーブデータリストに戻る。
 3.ゲームに進むと、選択したプラグインが追加され有効になります！"
4072,"プラグインを追加するには？#n
 1.プラグイン右上のOにチェックを入れ、追加したいプラグインを選択する。
 #cfa7a0f2.確定をタップすると、選択したプラグインが追加されます。
 3.ゲームを再開すると、プラグインが変更したマップで楽しく遊べます！"
4073,投稿
4074,なし
4075,#L#cfa7a0f作品アップロード及びミニ工房ユーザー規約に同意します
4076,"作品アップロード及びミニ工房ユーザー規約
 
 Miniwanからのお知らせ：違法ゲームを根絶し、海賊版を断固拒否しましょう。自身を守り、詐欺に気をつけましょう。適度なゲームは脳にも良い影響を与えますが、中毒になると健康を損ないます。あなたが18歳未満の場合は、法が定めた監督者と一緒にこの同意書を読んでください。特に未成年使用条項にご注意ください。
 ミニワールドには対戦マップや対戦モードがあります。もし強制的に対戦を行いたくないなら、対戦エリアに入ったり、対戦マップセーブデータをダウンロードしたりしないでください。入った場合は、このモードに同意し、それに伴う結果を受け入れたものと見なされます。
 ミニワールドのゲームサービスを利用してお客様が作成したゲームデータの所有権及び知的財産権は、Miniwanに帰属します。ゲームデータ、情報、セーブデータ、写真、音楽、SE、写真、グラフィック、映像、テキスト、その他の情報コンテンツ（以下コンテンツと呼びます）を含みますが、これらに限定されません。Miniwanはユーザー契約に基づき、ゲームのコンテンツを複製、改変、宣伝、広報などの方法で使用する権利を有します。
 ミニワールドのゲーム内にプレイヤーや第三者が掲載した広告やリンクなどの宣伝内容は、そのプレイヤーが提供したものであり、その信憑性はお客様ご自身で判断していただく必要があることを十分にご理解ください。Miniwanその宣伝内容についていかなる明示的または黙示的な保証はいたしません。
 お客様が作成しアップロードするマップセーブデータ、画像、音楽、テキストは、中華人民共和国の関連法令の規定に従わなければなりません。お客様は、ミニワールド-ミニ工房にオリジナル作品をアップロードしてシェアすることができます。アップロードする前に、必ず以下の原著作権許諾声明をお読みください。お客様が正常にアップロードした場合、お客様はここに記載されているすべての合意事項に同意したものとみなされ、アップロードされたコンテンツは他のプレイヤーによって閲覧される可能性があるものとします。
 1.作者がミニワールド-ミニ工房に投稿した作品は、投稿者のオリジナル作品であり、投稿者はアップロードされた作品のオリジナリティと真正性に責任を持つことを宣言します。
 2.ミニワールド-ミニ工房に投稿され、編集者が承認した優れた作品は、最終的にミニワールド-ミニ工房のセレクションエリアに掲載されます。Miniwanの編集者は、問題があると判断した作品については投稿者に通知することなく調整または削除する権利を有します。
 3.すべてのアップロード作品は著者の個人的な見解のみを表します。Miniwanはアップロード作品の全体または一部の信憑性、完全性、適時性についていかなる保証またはコミットメントも行いません。ミニワールドのプレイヤーの皆様はご自身でその内容をご確認ください。
 4.他人の作品を盗用したり、他人のオリジナル作品に手を加えてアップロードすることは厳禁です。他人の労働の成果を尊重しましょう。ミニワールド-ミニ工房では、オリジナル以外の作品は一切受け付けません。盗用、コピー、オリジナル偽装の行為が発見された時点で、そのマップはセーブデータから削除されます。その投稿者の作品はその後一切受け付けず、ブロック処理を行うこともあります。
 5.Miniwanは、アップロードに起因する事故、過失、名誉毀損、著作権、知的財産権の侵害及び損害について、一切の法的責任を負いません。
 6.違法または不適切な活動については、以下の厳禁事項を含めて、厳しく禁止いたします。
 a)憲法で定められた基本原則に反する内容を制作?発信すること
 b)国の安全を脅かしたり、国家機密を漏洩したり、国家権力を破壊したり、国家統一を阻害したりするようなコンテンツを制作?発信すること
 c)国家の名誉、国家の統一、民族の団結と利益を損なう内容の制作や発信
 d)国の宗教政策を損ない、カルトや封建的な迷信を助長するような内容を制作?発信すること
 e)風説の流布、社会秩序を混乱させ社会の安定を破壊する内容を制作?発信すること
 f)低俗、猥褻、ポルノ、賭博、殺人、テロ、犯罪教唆の内容を制作?発信すること
 g)他人を侮辱?誹謗中傷するもの、道徳的に好ましくないもの、他人の法的権利を侵害する内容を制作?発信すること
 h)その他、中国の法令で禁止されている内容を制作?発信すること。
 お客様は、Miniwanがゲームソフトウェアのバグ、バージョン更新の不具合、第三者によるウイルス攻撃及びその他の要因により、お客様のゲームキャラクター、ゲームアイテム、ゲーム装備、ゲームコインなどのアカウントデータに異常が生じる可能性があることを十分に理解しているものとします。データの異常が正常でないゲーム動作を引き起こしていることが判明した場合、Miniwanはゲームアカウントデータを異常発生前の状態に復元する権利（第三者から転送されたデータを復元することを含む）を有し、Miniwanはお客様に対していかなる責任も負いません。
 いかなる場合でも、ユーザーの行動が上記の法令に違反する可能性がある、または現地の道徳や慣習を尊重していないとMiniwanが合理的に判断した場合、法令またはMiniwanとの契約に基づき事前に通知する必要があるものを除き、Miniwanは独自の裁量によりユーザーに事前に通知することなく、いつでもミニワールドのゲームサービスの利用を変更、終了、または停止することができるものとします。また、ユーザーの負うべきすべての責任を追及する権利を有するものとします。
 ミニワールドのゲームサービスを利用する中で、未成年者の心身に有害なコンテンツが発生したり広がったりすることを防ぎ、健全なゲーム環境を共に築いていきましょう。"
4077,追加をタップしてプラグインを追加してください
4078,了解
4079,追加しました
4080,メール
4081,メールを選択
4082,ミニ公式より
4083,受け取る
4084,スキップ
4085,ネットワーク接続が不安定です。しばらくしてから再度お試しください
4086,有効期間：
4087,日
4088,時間
4089,受け取り失敗。しばらくしてから再度お試しください
4090,メールアイテムを受け取る
4091,受け取り済み
4092,新しいメールはありません
4093,新規作成
4094,追加
4095,選択したプラグインは、ゲーム開始後に追加され有効になります。
4096,選択済みプラグイン：@1、プラグインパック：@2
4097,選択する
4098,ヒント：Oをタップして追加したいプラグインを選択します。
4099,プラグイン：@1
4100,パッケージ：@1
4101,プラグインを追加しました
4102,ゲームに進む
4130,工具類
4131,武器類
4132,その他
4133,装備類
4134,認証コードを表示
4135,認証コード非表示
4150,いいえ
4151,はい
4152,近接
4153,遠距離
4154,爆破
4155,生物
4156,ブロック
4157,生物とブロック
4158,ピンポイント射撃
4159,爆破
4200,爆破耐性
4201,"ブロックの爆破に対抗する力が高いほど、壊れにくくなる。
 （例：土ブロックが5、石ブロックが55、爆破対抗は石の方が高い。-1は爆破で破壊不可を表す）"
4202,硬度
4203,"ブロックの採集にかかる時間。数値が大きいほど時間がかかる。
 （例：木板が3、石が7、採集時間は石の方が長い。-1は破壊不可をを表す。）"
4204,スライド慣性
4205,"ブロック上で走行している際に発生する慣性。数値が大きいほど止まりにくい。
 （例：氷は慣性が大きく、氷の上で歩くと滑る）"
4206,燃焼速度
4207,"ブロックの燃焼速度。数値が大きいほど燃焼速度が早くなる。
 （例：木が1、葉が5、燃焼は葉の方が早い）"
4208,燃焼率
4209,ブロックの燃焼率。数値が大きいほど近くにある着火ブロックに影響され燃焼する。
4210,光源の明るさ
4211,1より大きい時、ブロックが発光する。数値が大きいほど光が強くなる。
4300,HP
4301,生物のHP。HPが0になると死亡する。
4302,攻撃
4303,生物の攻撃力。1Pt攻撃するたびに目標のHPを1減らす。
4304,視野範囲
4305,"生物の視野範囲。大きいほど遠い距離の目標を発見できる。
 （例：10の場合、生物は10マス以内の目標を発見する）"
4306,出現数
4307,付近に同種の生物が同時に出現する最大数。
4308,生物ズーム
4309,生物の体積変化の倍数。数値が大きいほど生物モデルも大きくなる。
4310,移動速度
4311,"生物の移動速度。数値が大きいほど移動速度が速くなる。
 （標準速度は400）"
4312,近接防御
4313,近接防御1Ptにつき、近接攻撃による被ダメージ-4%。
4314,遠距離アーマー
4315,遠距離防御1Ptにつき、遠距離攻撃による被ダメージ-4%。
4316,爆破アーマー
4317,爆破防御1Ptにつき、爆破攻撃による被ダメージ-4%。
4400,最大ストック数
4401,バックパックの中にアイテムをストックできる最大数。
4402,工具かどうか
4403,工具であれば、工具の機能と属性を配置できる
4404,食べ物かどうか
4405,食べ物であれば、食べ物の機能と属性を配置できる
4406,投擲物かどうか
4407,投擲物であれば、投擲物の機能と属性を配置できる
4408,効率ボーナス
4409,工具でブロックを採集する効率ボーナス係数。工具類にのみ適用される。
4410,攻撃タイプ
4411,工具の攻撃タイプ。
4412,物理攻撃
4413,工具の攻撃力。1Pt攻撃するたびに目標のHPを1減らす。
4414,耐久度
4415,工具の耐久度。0になると、工具が壊れる。
4416,重力
4417,投擲物が飛ぶ時の重力。数値が小さいほど遠くまで飛ぶ。
4418,投げる速度
4419,投擲物が飛ぶ時の初期速度。数値が大きいほど遠くまで飛ぶ。
4420,速度減退
4421,投擲物が飛ぶ時に減退する速度。数値が小さいほど遠くまで飛ぶ。
4422,拾い戻し
4423,投擲物が地面に落下した後、広い戻して、繰り返し使用できるかどうか。
4424,目標タイプ
4425,投擲物を命中させる目標タイプをコントロールできる。
4426,トリガータイマー
4427,投擲物が命中した後、効果が適用されるまでの時間。
4428,攻撃力
4429,投擲物の攻撃力。1Pt攻撃するたびに目標のHPを1減らす。
4430,攻撃タイプ
4431,投擲物の攻撃タイプ。ピンポイント射撃と爆破の2種類ある。
4432,使用時間
4433,食べ物の使用時間。
4434,空腹度
4435,使用後に増加する空腹度。
4436,空腹耐力
4437,使用後に増加する空腹耐力。
4438,HP回復量
4439,使用後に回復するHP。
4440,チャージ時間
4441,チャージ型遠距離武器のチャージ時間。
4442,使用タイプ
4443,"アイテムの使い方に関わる。アイテムタイプと使用タイプが一致した場合のみ適用される。
 例：遠距離武器ならチャージ型遠距離武器または銃器、りんごなら食べ物。"
4444,物理攻撃
4445,銃器の攻撃力。1Pt攻撃するたびに目標のHPを1減らす。
4446,射撃間隔
4447,銃器の射撃間隔。数値が大きいほど連続射撃の速度が遅くなる。
4448,射撃モード
4449,銃器の連続射撃に関わる。
4450,弾丸装着量
4451,マガジンに入る弾の数。撃ち終わったら交換する必要がある。
4452,弾薬モード
4453,銃器の射撃またはマガジン交換に対象の弾丸アイテムを消費するかに関わる。
4454,弾薬
4455,弾薬説明
4456,消費数
4457,消費数説明
4458,重力落下
4459,重力落下説明
4460,ブロックドロップ
4461,ブロックドロップ説明
4462,接触タイプ
4463,ブロックの通過状況に関わる。空気-通過可、固体-通過不可、液体-通過できるが減速する、投擲物を阻止しない、投擲物のみ通過可。
4464,空気
4465,通過可
4466,固体
4467,通過不可
4468,液体
4469,通過できるが減速する
4470,投擲物を阻止しない
4471,投擲物のみ通過可
4472,無限弾丸
4473,無消費で弾丸を交換できる
4474,有限弾丸
4475,射撃には弾丸が必要になる
4476,弾丸必要なし
4477,射撃に弾丸は必要なし
4478,アイテムタイプ
4479,ブロック
4480,雑用品
4481,工具
4482,アイテムセット
4483,モンスター
4484,アカウント
4485,弓
4486,弾丸/投擲物
4487,装備
4488,銃器
4489,食べ物
4490,工具+投擲物
4491,工具+食べ物
4492,ブロック+食べ物
4493,@Null@
4494,@Null@
4495,@Null@
4496,@Null@
4497,@Null@
4498,@Null@
4499,@Null@
4500,いいえ
4501,はい
4502,近接
4503,遠距離
4504,爆破
4505,生き物と接触
4506,ブロックと接触
4507,生物とブロック
4508,ピンポイント射撃
4509,爆破
4510,ノーマルアイテム
4511,目標ブロックをタップする
4512,液体ブロックをタップする
4513,使用ボタンをタップする
4514,遠距離武器（弓）
4515,食べ物
4516,バックパック使用
4517,倉庫で使用
4518,遠距離武器（銃）
4519,チャージは現在未開放です。GoogleまたはAppleストアでアプリをダウンロードしてからチャージしてください
4520,チャージがまもなく開放されます
4521,累計オンライン時間が2時間になりました。
4522,疲れたら少し休みましょう。マルチモードがおすすめです
4523,「作品のアップロード及びミニ工房のユーザー規約」に同意します
4530,短い
4531,中くらい
4532,長さ
4533,少ない
4534,中くらい
4535,多い
4536,低い
4537,中くらい
4538,高い
4539,遅い
4540,中くらい
4541,速い
4542,弾薬選択
4543,デフォルト
4544,カスタマイズ
4545,弾薬選択
4546,デフォルト
4547,カスタマイズ
4548,ヒント：新規カスタマイズアイテムは「バックパック-編集」の中にあります。
4549,ブロックの外観選択
4550,最大ストック数
4551,攻撃消耗耐久度
4552,工具タイプ
4553,なし
4554,オノ
4555,ツルハシ
4556,シャベル
4557,ハサミ
4558,@Null@
4559,@Null@
4560,@Null@
4561,@Null@
4562,@Null@
4563,工具レベル
4564,採集消耗耐久度
4565,修理材料
4566,修理量
4567,初期速度ボーナス
4568,投擲物として
4569,チャージモード
4570,ノーマルチャージ
4571,満タン後に発動
4572,チャージ不要
4573,投擲間隔
4574,銃器タイプ
4575,ピストル
4576,自動小銃
4577,スナイパーライフル
4578,ヘビーマシンガン
4579,散弾銃
4580,銃器タイプ6
4581,@Null@
4582,@Null@
4583,@Null@
4584,@Null@
4585,重量
4586,基礎属性
4587,採集属性
4588,耐久属性
4589,飛行物属性
4590,カスタマイズアイテム作成
4591,作成するアイテムタイプを選択してください
4592,アイテムタイプを1つ選択してください
4593,投擲間隔
4594,銃器タイプは反動、SE及び発砲特殊効果に影響する。
4595,"工具タイプと工具レベルは工具が採集できるブロックの種類に影響を与える。
 ツルハシ：Lv.1で石、Lv.2で鉄鉱石、Lv.3で金鉱石。"
4596,投擲物に破壊される
4597,ブロック破壊
4598,射撃モード説明
4599,手動
4600,半自動
4601,全自動
4602,採集
4603,空腹度が#c0aaa1a%s#n以上の時、#c0aaa1a%s#nの確率で周囲の#c0aaa1a%s#nを採集する。
4604,実行率
4605,捜索範囲
4606,目標採集
4607,目標が熟しているか
4608,移動速度
4609,空腹度判断
4610,空腹度消耗
4611,Pt/秒
4612,拾う
4613,空腹度が#c0aaa1a%s#n以上の時、#c0aaa1a%s#nの確率で周囲の#c0aaa1a%s#nを拾う。#c0aaa1a%s#n個入手するまで続ける。
4614,目標を拾う
4615,所持数
4616,保存
4617,空腹度が#c0aaa1a%s#n以上、かつバックパックにある#c0aaa1a%s#nの数が#c0aaa1a%s#n以上の場合、#c0aaa1a%s#nの確率で#c0aaa1a%s#nの中に保存できる。
4618,保存したアイテム
4619,アイテム数
4620,目標保存
4621,容器選択
4622,分類1
4623,分類2
4624,分類3
4625,分類4
4626,栽培
4627,空腹度が#c0aaa1a%s#n以上の時、#c0aaa1a%s#nの確率で#c0aaa1a%s#nに対し#c0aaa1a%s#nを使用する。
4628,目標ブロック
4629,アイテム使用
4630,使用アイテム選択
4631,アイテム使用
4632,@Null@
4633,@Null@
4634,@Null@
4635,見張り
4636,空腹度が#c0aaa1a%s#nを超える時、#c0aaa1a%s#nの確率で#c0aaa1a%s#nで見張りをする。
4637,見張りブロック
4638,取り出す
4639,空腹度が#c0aaa1a%s#n以上の時、#c0aaa1a%s#nの確率で周囲の#c0aaa1a%s#nから#c0aaa1a%s#nを取り出す。#c0aaa1a%s#n個入手するまで続ける。
4640,容器選択
4641,アイテムを取り出す
4642,アイテム数
4643,製作
4644,空腹度が#c0aaa1a%s#n以上の時、#c0aaa1a%s#nの確率で#c0aaa1a%s#nを製作する。
4645,レシピの選択
4646,製作時間
4647,レシピ選択
4648,眠る
4649,#c0aaa1a%s#nの確率でゲーム時間の#c0aaa1a%s#n時から眠り始め、#c0aaa1a%s#n時間寝る。
4650,何時に寝る
4651,どのくらい寝る
4652,どこで寝る
4653,時
4654,空腹
4655,空腹度が#c0aaa1a%s#n未満の時、その場に座り動かなくなる。
4656,空腹度判断
4657,持続時間
4658,食べ物を1つだけ食べる
4659,食べ物が必要です
4660,食べ物選択
4661,@Null@
4662,@Null@
4663,@Null@
4664,@Null@
4665,食事する
4666,空腹度が#c0aaa1a%s#n以下の時、バックパックの中に食べ物があれば取り出して食べる。なければ、しばらくため息をつく。
4667,食べ物を1つだけ食べる
4668,食べ物選択
4669,攻撃
4670,空腹度が#c0aaa1a%s#nを超える時、#c0aaa1a%s#nの確率で#c0aaa1a%s#nを攻撃する。数が#c0aaa1a%s#n未満になるまで続ける。
4671,目標選択
4672,数量
4673,繁殖済みかどうか
4674,繁殖生物
4675,空腹度が#c0aaa1a%s#nを超える時、#c0aaa1a%s#nの確率で#c0aaa1a%s#nに#c0aaa1a%s#nを与える。
4676,目標選択
4677,目標が繁殖状態に入れるかどうか
4678,アイテム使用
4679,使用アイテム選択
4680,アイテム使用
4681,@Null@
4682,@Null@
4683,@Null@
4684,容器を選択してください
4685,容器
4686,目標ブロックを選択する
4687,ブロック
4688,@Null@
4689,@Null@
4690,@Null@
4691,レシピを選択してください
4692,投げた後に発動する
4693,発動しない
4694,職人台で以下の材料を加工する
4699,@Null@
4700,これらのプラグインを削除しますか？
4701,総合（すべて）
4702,冒険
4703,創造
4704,対戦
4705,電気回路
4706,謎解き
4707,パルクール
4708,その他
4709,モデル
4710,フレンド
4711,ゲーム中
4712,オンライン
4713,オフライン…
4714,ミニID：@1
4715,オンライン
4716,オフライン
4717,送信
4718,#c49463Fオンライン詐欺にご注意ください。個人情報特に銀行口座、携帯の認証コードなどは他人に明かさないでください。
4719,ミニフレンド
4720,スマホフレンド
4721,近くの人
4722,フォロー中
4723,フレンド
4724,見る
4725,私のQRコード
4726,スキャン
4727,メッセージ：@1
4728,フレンド申請を送信しました。返事を待ちましょう
4729,実行に失敗しました。しばらくしてから再度お試しください
4730,相手とフレンドになりました
4731,一括削除
4732,すべて削除しますか？
4733,メッセージはありません
4734,あなたとフレンドになりたいそうです
4735,ミニ隊長
4736,送信失敗。しばらくしてから再度お試しください
4737,ミニIDが間違っています
4738,フォロー
4739,アカウントが存在しません
4740,相手はすでにフレンドです
4741,フレンド数が上限に達しています
4742,提出
4743,アイコンが不適切です
4744,投稿内容が不適切です
4745,通報成功
4746,機能はまもなく開放されます。ご期待ください
4747,検索
4748,2人の距離：@1以内
4749,現在近くにプレイヤーはいません
4750,さらに読み込む
4751,起動失敗
4752,フォローしました
4753,フォローを取り消しました
4754,まだ他のプレイヤーをフォローしていません
4755,フォローをキャンセル
4756,詳細を確認する
4757,ミニID：なし
4758,早くミニワールドにおいで http://www.mini1.cn/
4759,最近のプレイメイトなし
4760,"権限申請
 フレンド機能を通常に使用するため、設定-アプリ-ミニワールド-権限でアドレス帳へのアクセス権限を許可してください"
4761,"権限申請
 フレンド機能を通常に使用するため、設定-ミニワールドでアドレス帳へのアクセス権限を許可してください"
4762,"権限要請
近くの人機能を利用するために、設定-アプリケーション-ミニワールド-権限から位置情報へのアクセスを許可してください"
4763,"権限申請
 近くの人機能を通常に使用するため、設定-ミニワールドで位置情報へのアクセス権限を許可してください"
4764,●フレンドシステムがアップデートされました！#r#r 1、ニックネーム検索&追加機能が実装されました。#r#r 2、キーワードによる快速検索が実装されました。#r#r 3、フレンドのガーデンに入ることができるようになりました。#r#r 4、有効的な社交関係を構築するために、2日間に送信できるフレンド申請の上限は300回までです。#r#r
4765,ヘルプ
4766,@1最近とっても面白いサンドボックスゲームを見つけたから、おすすめするね。一緒に遊ぼう！ http://www.mini1.cn/active/index.html
4767,ミニワールド
4768,最近とっても面白いサンドボックスゲームを見つけたから、おすすめするね。一緒に遊ぼう！
4769,停止
4770,テクスチャパック
4771,アンロック
4772,使用に進む
4773,アンロックに成功しました
4774,アンロックに失敗しました
4775,ミニビーンが足りません
4776,素材設定
4777,素材
4778,ゲームスタート
4779,デフォルト素材パック
4780,ミニワールド公式
4781,素材パックがアンロックされていません。ミニ工房でアンロックしてください
4782,素材パックがアンロックされていないため、デフォルトの素材パックを使用します
4783,マップダウンロード用の素材パックは修正できません
4784,ここをタップして使用したい素材パックを選択してください！
4785,プラグインのアップロードに失敗しました
4786,キャラクター
4787,スキン
4788,マウント
4789,@Null@
4790,@Null@
4791,@Null@
4792,@Null@
4793,@Null@
4794,@Null@
4795,@Null@
4796,@Null@
4797,@Null@
4798,@Null@
4799,既読
4800,作物
4801,工具
4802,雑用品
4803,ブロック
4804,戦闘
4805,とても小さい
4806,小さい
4807,標準
4808,大きい
4809,とても大きい
4810,とても遅い
4811,遅い
4812,速い
4813,非常に速い
4814,近接
4815,中距離
4816,遠距離
4817,近い
4818,中くらい
4819,遠い
4820,攻撃の好み
4821,攻撃付帯効果
4822,3.緑チーム
4823,4.黄チーム
4824,5.橙チーム
4825,6.紫チーム
4826,攻撃方法を変更する
4827,@Null@
4828,@Null@
4829,@Null@
4830,@Null@
4831,@Null@
4832,@Null@
4833,生物の陣営を設定すると、同じ陣営の他の生物やプレイヤーに攻撃しなくなり、ダメージも与えない。ホストはデフォルトで赤チームになる。
4834,@Null@
4835,@Null@
4836,@Null@
4837,@Null@
4838,キャンセル
4839,取り出す
4840,生年月日を選択してください
4841,注意：個人情報をシェアしないでください
4842,設定年齢が13歳未満のため、この機能を使用できません
4843,年
4844,月
4845,（確定後の変更はできません。慎重に入力してください）
4846,地形ブロックはミニチュアモデルに使用できません
4847,イベント期間外のため、使用できません
4848,@Null@
4849,現在チャージ機能は使用できません
4850,1月
4851,2月
4852,3月
4853,4月
4854,5月
4855,6月
4856,7月
4857,8月
4858,9月
4859,10月
4860,11月
4861,12月
4862,<
4863,@Null@
4864,@Null@
4865,@Null@
4866,@1を消費して@3を@2つ交換します。よろしいですか
4867,ミニ宝物庫
4868,所持：
4869,交換記録
4870,交換回数
4871,アイテム
4872,時間
4873,数量
4874,消耗
4875,数量確認
4876,交換可
4877,交換
4878,交換確認
4879,獲得に進む
4880,選択して下さい
4881,スキルクールタイム中
4882,アカウントログイン
4883,離れる
4884,ミニIDの申請
4885,整数を入力してください
4886,もうひと勝負
4887,加わる
4888,ホストからもうひと勝負誘われています
4889,ホストが再起動しています。しばらくお待ちください
4890,注：#c0aaa1aミニビーン#nマイガーデンの果実開きをするとより多くの報酬を入手、または図鑑をアンロックできます
4891,アカウントに追加しました
4892,アンロックに成功しました
4893,カケラが足りません
4894,遠距離防御：@1、遠距離攻撃によるダメージ-@2%
4895,エレメント防御：@1、エレメント攻撃によるダメージ-@2%
4896,未知
4897,現在の視点を固定しました
4898,ミニ隊長がささやかな激励報酬を用意してくれました
4899,バージョンが古すぎます
4900,ゲームスタート
4901,ダウンロードをキャンセルする
4902,ただいま工房の人数が#cef2d2d多い#nため、順番待ちしています。（@1s）後にダウンロードを開始します
4903,オンラインステータス（@1@2#n）
4904,余裕
4905,忙しい
4906,超満員
4907,@Null@
4908,入力したアクティベートコードに誤りがあります。再度ご確認ください。
4909,このアクティベートコードは現在のプラットフォーム専用ではありません。パック説明を再度ご確認ください。
4910,このアクティベートコードは現在のバージョン専用ではありません。パック説明を再度ご確認ください。
4911,このタイプのギフトパックをすでに受け取っているため、重複使用はできません。
4912,アクティベートコードの期限が切れているため受け取れません。
4913,ギフトパックの期限が切れているため受け取れません。
4914,本日受け取ったギフトパック数が上限に達しました。
4915,受け取ったギフトパック数が上限に達しました。
4916,本日受け取ったギフトパック数が上限に達しました。
4917,受け取ったギフトパック数が上限に達しました。
4918,このギフトパックは現在のプラットフォーム専用ではありません。パック説明を再度ご確認ください。
4919,このギフトパックは現在のバージョン専用ではありません。パック説明を再度ご確認ください。
4920,このタイプのギフトパックをこれ以上受け取ることはできません。明日またお試しください
4921,このタイプのギフトパックをこれ以上受け取ることはできません
4922,このタイプのギフトパックをこれ以上受け取ることはできません。明日またお試しください
4923,このタイプのギフトパックをこれ以上受け取ることはできません
4924,ギフトコードが間違っています。コピー&ペーストをおすすめします
4925,ギフトコードは使用済みです。他のコードに変更してください
4926,プラットフォームが異なるため、使用できません
4927,受け取ったギフトパック数が上限に達しました。
4928,ミニ隊長が助けてくれたため、今回の続けて探険は#c0aaa1a無料#nですよ！
4929,でもミニ隊長がささやかなギフトをくれました。楽しんでください！
4930,ギフトを受け取る
4931,消費を更新する
4932,無料更新
4933,無料獲得
4934,ネットワーク環境の確認
4935,現在モバイルデータ通信を使用しています。広告視聴はパケット通信量を消費します。視聴を続けますか？
4936,すぐに完了
4937,1回
4938,1.基本操作
4939,キャラクターを移動する\n#cFFFFFF前#n
4940,#cFFFFFFマウスを動かす#n
4941,左
4942,右
4943,後ろ
4944,（マウス左クリック）ブロック破壊
4945,（マウス右クリック）ブロック設置
4946,視点を左に向ける\n回転
4947,視点を右に向ける\n回転
4948,2.アドバンス操作
4949,「B」をタップしてバックパックを表示する
4950,数字ボタンの1-8はショートカットの1-8に対応している
4951,（マウス左クリック）でアイテム選択
4952,（マウス右クリック）でアイテム使用
4953,3.その他の操作
4954,左右の矢印でページ送り
4955,クリックでヘルプ/ヘルプを閉じる
4956,Escキーでスキップ
4957,スペースキーでストーリー続行
4958,キー操作（デフォルト）
4959,#c1affda[~]#cbdefe7 照星とマウスの切替 #c1affda[マウス左ボタン]#cbdefe7 攻撃、長押しでブロックを破壊できる #c1affda[マウス右ボタン]#cbdefe7 ブロックを設置、方向/NPCと交信 #c1affda[マウスホイール]#cbdefe7 アイテム欄 #c1affda[マウス移動]#cbdefe7 カメラを移動 #c1affda[W A S D]#cbdefe7 キャラクターの前後左右移動 #cfae52f[L-Shift]#cefe2bd スニーク、マウントから降りる、飛行、下降 #cfae52f[Space]#cefe2bd ジャンプ、上昇（飛行、水泳） #cfae52f[ダブルクリック Space]#cefe2bd 飛行 （クリエイティブモード）#cfae52f[1~8]#cefe2bd アイテムショートカットバー1 - 8 #cfae52f[L-Ctrl]#cefe2bd ダッシュ #cfae52f\[B]#cefe2bd バックパックを開く/閉じる #cfae52f[G]#cefe2bd アイテム破棄
4960,お好きなキャラクターを選んでください
4961,「続行」をクリック
4962,スペース 続行
4963,スキップ
4964,新しいミッションがあります
4965,シェアしました
4966,#cf1cfff[ESC]#n 設定画面を開く/閉じる #cf1cfff[Tab]#n プレイヤーリスト #cf1cfff[J]#n 開発者ツール #cf1cfff[V]#n 自動整理（バックパック） #cf1cfff[F1]#n ヘルプ#cf1cfff[F2]#n 録画開始/終了#cf1cfff[F5]#n 視点変更 #cf1cfff[F9]#n 画面非表示 #cf1cfff[F10]#n スクリーンショット #cf1cfff[F11]#n フルスクリーン #cf1cfff[C]#n 状態確認 #cf1cfff[Enter]#n チャット #cf1cfff[R]#n リロード
4967,#cf1cfff[H]#n マウント召喚 #cf1cfff[M]#n ミニマップ  #cf1cfff[L]#n タスク  #cf1cfff\[I]#n 倉庫  #cf1cfff[O]#n スキン  #cf1cfff[P]#n ショップ  #cf1cfff[[]#n VC #cf1cfff[F]#n フレンド #cf1cfff[X]#n アクション #cf1cfff[Y]#n リソースライブラリ #cf1cfff[Z]#n 変身
4968,上級編集モードのホットキー#cfae52f[F4]#cefe2bd 執行/編集 #cfae52f[Ctrl+Z]#cefe2bd 元に戻す #cfae52f[Ctrl+Y]#cefe2bd やり直す#cfae52f[J]#cefe2bd イベント#cfae52f[T]#cefe2bd トリガー #cfae52f\[U]#cefe2bd インターフェース #cfae52f[Y]#cefe2bd リソースライブラリ/リソース工房 #cfae52f[L]#cefe2bd LUAスクリプト#cfae52f[Tab]#cefe2bd クリエイティブモード変更/ブラシ/ツール選択 #cfae52f[Ctrl+1]#cefe2bd ツール-創造#cfae52f[Ctrl+2]#cefe2bd ツール-ブラシ #cfae52f[Ctrl+3]#cefe2bd ツール-選択 #cf1cfffブラシの色コピー#n#cfae52f[マウスホイールを押す]#cefe2bd 色コピー
4969,プレイモードでのマップは、退出後のリセット状態同様、すべての権限が無効になります
4970,他のマップ
4971,まもなくミニ工房に到着します#r#c0aaa1a（ミニ工房には面白いマップがたくさんあります）#n
4972,広告の再生に失敗したため、報酬を獲得できませんでした
4973,広告準備中
4974,果実の熟成時間が短縮されました@1
4975,分
4976,秒
4977,広告の準備がまだできていません
4978,イタズラ防止にはセーブデータの#c0aaa1aバックアップ#nがおすすめ。「OK」でバックアップ&マルチルーム作成、「取消」で直接マルチルームを作成します。
4979,加速
4980,広告の準備がまだです！
4981,ルームの権限を申請する
4982,ホストが申請を受け取りました。しばらくしてから再度お試しください
4983,あなたの権限申請が通りました
4984,ホストがあなたの申請を拒否しました
4985,ホストは通話中のようです。しばらくお待ちください…
4986,@Null@
4987,@Null@
4988,@Null@
4989,@Null@
4990,@Null@
4991,@Null@
4992,@Null@
4993,@Null@
4994,拒否
4995,許可
4996,権限申請
4997,#Rゲスト
4998,自由
4999,権限：
5000,プラットフォームが違うと、切り替えられません。#c0aaa1a@1#nでミニワールドをダウンロードして、ログインしてください
5001,@Null@
5002,@Null@
5003,@Null@
5004,@Null@
5005,@Null@
5006,@Null@
5007,@Null@
5008,@Null@
5009,@Null@
5010,@Null@
5011,@Null@
5012,@Null@
5013,@Null@
5014,@Null@
5015,@Null@
5016,@Null@
5017,@Null@
5018,@Null@
5019,@Null@
5020,@Null@
5021,@Null@
5022,@Null@
5023,@Null@
5024,@Null@
5025,@Null@
5026,@Null@
5027,@Null@
5028,@Null@
5029,@Null@
5030,@Null@
5031,@Null@
5032,@Null@
5033,@Null@
5034,@Null@
5035,@Null@
5036,@Null@
5037,@Null@
5038,@Null@
5039,@Null@
5040,@Null@
5041,@Null@
5042,@Null@
5043,Google
5044,@Null@
5045,@Null@
5046,@Null@
5047,@Null@
5048,@Null@
5049,@Null@
5050,@Null@
5051,@Null@
5052,@Null@
5053,@Null@
5054,@Null@
5055,@Null@
5056,@Null@
5057,@Null@
5058,@Null@
5059,@Null@
5060,@Null@
5061,@Null@
5062,@Null@
5063,@Null@
5064,@Null@
5065,@Null@
5066,@Null@
5067,@Null@
5068,@Null@
5069,@Null@
5070,@Null@
5071,@Null@
5072,@Null@
5073,@Null@
5074,@Null@
5075,@Null@
5076,@Null@
5077,@Null@
5078,@Null@
5079,@Null@
5080,@Null@
5081,@Null@
5082,@Null@
5083,@Null@
5084,@Null@
5085,@Null@
5086,@Null@
5087,@Null@
5088,@Null@
5089,@Null@
5090,@Null@
5091,@Null@
5092,@Null@
5093,@Null@
5094,@Null@
5095,@Null@
5096,@Null@
5097,@Null@
5098,@Null@
5099,@Null@
5100,@Null@
5101,@Null@
5102,@Null@
5103,@Null@
5104,@Null@
5105,@Null@
5106,@Null@
5107,@Null@
5108,@Null@
5109,@Null@
5110,@Null@
5111,@Null@
5112,@Null@
5113,@Null@
5114,@Null@
5115,@Null@
5116,@Null@
5117,@Null@
5118,@Null@
5119,@Null@
5120,@Null@
5121,@Null@
5122,@Null@
5123,@Null@
5124,@Null@
5125,@Null@
5126,@Null@
5127,@Null@
5128,@Null@
5129,@Null@
5130,@Null@
5131,@Null@
5132,@Null@
5133,@Null@
5134,@Null@
5135,@Null@
5136,@Null@
5137,@Null@
5138,@Null@
5139,@Null@
5140,@Null@
5141,@Null@
5142,@Null@
5143,@Null@
5144,@Null@
5145,@Null@
5146,@Null@
5147,@Null@
5148,@Null@
5149,@Null@
5150,@Null@
5151,@Null@
5152,@Null@
5153,@Null@
5154,@Null@
5155,@Null@
5156,@Null@
5157,@Null@
5158,@Null@
5159,@Null@
5160,@Null@
5161,@Null@
5162,@Null@
5163,@Null@
5164,@Null@
5165,@Null@
5166,@Null@
5167,@Null@
5168,@Null@
5169,@Null@
5170,@Null@
5171,@Null@
5172,@Null@
5173,@Null@
5174,@Null@
5175,@Null@
5176,@Null@
5177,@Null@
5178,@Null@
5179,@Null@
5180,@Null@
5181,@Null@
5182,@Null@
5183,@Null@
5184,@Null@
5185,@Null@
5186,@Null@
5187,@Null@
5188,@Null@
5189,@Null@
5190,@Null@
5191,@Null@
5192,@Null@
5193,@Null@
5194,@Null@
5195,@Null@
5196,@Null@
5197,@Null@
5198,@Null@
5199,@Null@
5200,@Null@
5201,資料を調べる
5202,戻る
5203,(メールアドレスを入力してください)
5204,@Null@
5205,@Null@
5206,@Null@
5207,@Null@
5208,@Null@
5209,@Null@
5210,@Null@
5211,@Null@
5212,@Null@
5213,@Null@
5214,@Null@
5215,@Null@
5216,@Null@
5217,@Null@
5218,@Null@
5219,@Null@
5220,@Null@
5221,@Null@
5222,@Null@
5223,@Null@
5224,前のページに戻る（左矢印←）
5225,（右矢印→）次のページへ
5226,2人の距離：@1m以内
5227,2人の距離：@1m圏外
5228,相手のフレンドは満員です
5229,相手の申請枠がいっぱいです
5230,@Null@
5231,@Null@
5232,@Null@
5233,@Null@
5234,@Null@
5235,@Null@
5236,自慢しよう
5237,アンロックアイテムはマイガーデンの果実で獲得できます。（適度に遊んで課金はほどほどに）
5238,影の表現
5239,水面反射
5240,再度セーブデータに入ると有効になります
5241,行く
5242,画面設定
5243,スタンダード
5244,高精細
5245,究極
5246,カスタマイズ
5247,エフェクト選択
5248,フォグエフェクト
5249,水中デフォーカス
5250,ボリュームライト
5251,空の動態
5252,画面設定カスタマイズ
5253,植物動態
5254,カラーフィルター
5255,フラッド
5256,フレームレート
5257,フレームレート表示
5258,あなたの設定切り替え設定を検出すると、カードが切り替わりますか?
5259,制限なし
5260,スムーズ
5261,高い
5262,影
5263,水の反射
5264,ダイナミックライト
5295,アンロック完了。ミニビーン報酬を@1個獲得しました
5296,アイコンをアンロックしました
5297,アイコンを切り替えしました
5298,このアイコンは現在使用中です
5299,このアイコンはまだ持っていません
5300,デフォルトのアイコン
5301,Google
5302,Google
5303,Google
5307,@Null@
5310,@Null@
5312,@Null@
5313,@Null@
5336,@Null@
5344,APP Store
5345,@Null@
5346,@Null@
5347,@Null@
5348,@Null@
5349,Steam
5402,@Null@
5410,@Null@
5411,@Null@
5993,@Null@
5994,@Null@
5995,@Null@
5996,@Null@
5997,@Null@
5998,@Null@
5999,@Null@
6000,"一定数以上果実開きをすると、二人乗りマウントを受け取れるよ！
 小さな果実=1回、大きな果実＝5回、金の果実＝10回。"
6001,チャージ購入制限
6002,初期の金の果実報酬はありません
6003,レベルが足りないため、マイガーデン宝箱はありません。
6004,マイガーデン宝箱をすでに受け取っています。
6005,マイガーデンでの果実開きの回数が足りません。
6006,マイガーデンに行商人がいません。
6007,マイガーデンに行商人の商品がありません。
6008,行商人アイテムの最大購入数に達しました。
6009,現在の進行状況
6010,#R報酬が倍になりました
6011,木（四角形）
6012,木（円形）
6013,イントラネット認証完了
6014,アカウントはオンライン状態です
6015,紐づけしたIPが間違っています
6016,端末識別番号が間違っています
6017,ログインエラーです
6018,アカウントにスペースを入れないでください
6019,@Null@
6020,@Null@
6021,@Null@
6022,@Null@
6023,@Null@
6024,@Null@
6025,セーブデータ
6026,このプレイヤーは何もシェアしていません
6027,通
6028,色の選択
6029,以前使用した色
6030,マップ
6031,最近
6032,公式
6033,プレイヤー
6034,現在の色
6035,赤色
6036,桃色
6037,赤紫色
6038,紫色
6039,藍色
6040,青色
6041,空色
6042,水色
6043,青緑色
6044,緑色
6045,草色
6046,黄緑色
6047,黄色
6048,黄金色
6049,橙色
6050,朱色
6051,茶色
6052,灰色
6053,黒色
6054,白色
6055,カラー
6056,色番号
6057,マップのシェア
6058,マップ紹介
6059,現在作者の自己紹介はありません
6060,現在コメントなし
6061,素敵なコメント
6062,最新コメント
6063,イベント
6064,レベルの特長
6065,（海外マップの管理員）
6066,私の作品
6067,私の購読
6068,私の購入品
6069,作家の家
6070,ここではあなたの作品情報を見ることができます
6071,ここではあなたが購読した作者の情報を見ることができます
6072,ここでは、ミニコインを消費してアンロックしたマップを確認できます
6073,公式認定開発者を申請すると、手厚い収益を獲得できます
6074,スキン
6075,タップしてタイトルを入力
6076,タップして内容を入力
6077,作者
6078,タイトルは40文字までです
6079,内容は800文字までです
6080,PC版ではマウスのホイールをクリックして色を吸引します
6081,スマートフォン版では染色ブロックを狙ってタップすると色を吸引します
6082,ここは作者の自己紹介です。タップで編集
6083,パスワード再設定
6084,メールアドレス認証
6085,連携したメールアドレスの認証を通じてミニIDの照会/パスワードの再設定をしています
6086,メールアドレス
6087,メールアドレスエラー
6088,このメールアドレスとミニIDは紐づけしていません
6089,認証コードエラー
6090,PC大部屋
6091,このマップを有効化するには、最低@num人必要です。設定人数が少なすぎます
6092,PCの性能に基づき、@num人部屋に設定することをおすすめします
6093,ネットワークの性能をテストしています…
6094,性能テスト
6095,視点属性
6096,三人称視点（第三人称後方からの視点）
6097,横視点（横方向）
6098,俯瞰視点
6099,クロスヘア参考
6100,スクリーン中央クロスヘア
6101,キャラが向いている方向
6102,移動制限
6103,左右のみ
6104,上下のみ
6105,上下左右のみ
6106,全方向
6107,モード
6108,キャラ追従
6109,フリーモード
6110,視点の回転
6111,視点とキャラ両方動く
6112,視点とキャラ両方動かない
6113,視点は動かず、キャラが動く
6114,視点が動き、キャラは動かない
6115,回転制限
6116,移動追従
6117,キャラは移動と共に回転しない
6118,キャラは移動と共に回転する
6119,視点テスト
6120,デフォルト
6121,視野
6122,生存マップのランダム準備ポイントをオンにする
6123,生存マップのランダム準備ポイントをオフにする
6124,ランダム準備ポイント（#c0aaa1aオン#n）
6125,ランダム準備ポイント（#cef2d2dオフ#n）
6126,（生存マップの準備ポイントをランダムにする）
6127,（生存マップの準備ポイントをランダムにしない）
6128,ワールド設定
6129,オープニング設定
6130,ゲーム目標
6131,チーム設定
6132,表示設定
6133,マップ時間
6134,現在の時間
6135,固定時間
6136,置ける
6137,使える
6138,壊せる
6139,天気
6140,オプション
6141,晴れ時々雨
6142,晴れ
6143,雨
6144,モンスター作成
6145,モンスターを作成しますか
6146,動物を作成しますか
6147,重力設定
6148,重力倍数
6149,ルームの人数制限
6150,現在の人数
6151,メンバー
6152,ゲーム開始
6153,権限をオン
6154,ホストが始まる
6155,人数が足りると始まる
6156,制限なく自動的に始まる
6157,ゲーム時間
6158,時間を制限しますか
6159,ゲーム時間
6160,タイムオーバー時に勝利の判定をする
6161,スコアが高いチームが優勝
6162,タイムオーバーで全員勝利
6163,タイムオーバーで全員失敗
6164,得点設定
6165,プレイヤーを倒す得点
6166,モンスターを倒す得点
6167,スターを手に入れる得点
6168,色を染める得点
6169,得点達成すれば勝ち
6170,得点
6171,プレイモードを退出後にリセット
6172,リセットしますか
6173,チームの数
6174,現在の数
6175,攻撃モード
6176,他のチームを攻撃できる
6177,プレイヤーを攻撃できない
6178,自由に攻撃できる
6179,視点設定
6180,一人称視点
6181,三人称視点
6182,二人称視点
6183,俯瞰視点を固定
6184,カスタマイズ視点を固定
6185,視点の固定
6186,マップ表示
6187,他チームから見える
6188,他のチームメンバーは見えない
6189,名前表示
6190,誰でも見える
6191,味方チームのみ見える
6192,敵チームのみ見える
6193,誰も見えない
6194,クロスヘア
6195,表示しますか
6196,得点と時間
6197,戦闘ヒントをオンにする
6198,BGM
6199,敗戦ペナルティ
6200,全てのアイテムが落ちる
6201,全てのアイテムが消える
6202,落ちない
6203,命の数の制限
6204,命の数
6205,復活する必要な時間(秒)
6206,保護時間(秒)
6207,復活場所
6208,ランダムのチーム集合場所
6209,"最も近いチーム集合場所
敗戦ペナルティ――敗北の罰"
6210,再チャレンジ設定
6211,必要人数を有効にする
6212,その他の設定
6213,視点を理想の位置に移動させた後、~キーでマウスに切り替ります
6214,テスト終了後は戻って保存できます。~キーでマウスに切り替わります
6215,現在フレンドはいません。フレンドを追加してからシェアしてください
6216,自己紹介文を編集してください
6217,認証コードが失効しました
6218,カメラのインデント
6219,ブロック当たるとインデントする
6220,インデントしない
6221,天井を登る
6222,日差しから日陰に行く
6223,日差しのない道を探す
6224,水泳できる
6225,水のない道を探す
6226,飛行
6227,閉じたドアを通過できる
6228,目標の頭上にジャンプする
6229,ジャンプ攻撃
6230,確率で攻撃を回避する
6231,火炎ダメージを無効化する
6232,極秘で道を探す
6233,日差しの照射ダメージ
6234,生物を抱き上げる
6235,ブロックが好き
6236,闇夜の追跡
6237,何も言わずに見てるだけ
6238,一緒に踊ろう
6239,あっち行け！
6240,ブロックとの交流
6241,負傷して逃亡
6242,寝るのが好き
6243,懲らしめてやる！
6244,食べ物についていく
6245,君だけを見つめてる！
6246,受け身攻撃
6247,生物特性属性
6248,生物選択
6249,抱き上げる確率
6250,ブロック選択
6251,近寄る確率
6252,近寄る速度
6253,追跡確率
6254,視線を遮られる
6255,追従速度
6256,食べ物選択
6257,引き寄せられる範囲
6258,踊る範囲
6259,仲間の数
6260,踊る間隔
6261,踊る時間
6262,生物選択
6263,蹴る確率
6264,蹴る力
6265,ブロック選択
6266,交流確率
6267,近寄る速度
6268,捜索範囲
6269,破壊または使用
6270,HPを触発する
6271,眠る確率
6272,眠る時間
6273,生物選択
6274,攻撃確率
6275,追従速度
6276,食べ物選択
6277,移動させられ怖がらせてしまう
6278,捜索範囲
6279,倍
6280,はい
6281,いいえ
6282,個
6283,秒
6284,破壊
6285,使用
6286,#c0aaa1a%s#nの確率で付近の#c0aaa1a%s#nを抱き上げる
6287,#c0aaa1a%s#nが大好きで、#c0aaa1a%s#nの確率で近寄る
6288,夜にプレイヤーと遭遇すると、一定距離を追従する
6289,手に#c0aaa1a%s#nを持っているプレイヤーを見つめる
6290,#c0aaa1a%s#n範囲内にいる同類の数が#c0aaa1a%s#n体を超えると、踊り始める
6291,#c0aaa1a%s#nの確率で付近の#c0aaa1a%s#nを蹴り飛ばす！
6292,#c0aaa1a%s#nの確率で#c0aaa1a%s#n#c0aaa1a%s#n範囲内の#c0aaa1a%s#n
6293,HPが#c0aaa1a%s#n以下になると、逃亡する
6294,#c0aaa1a%s#nの確率でしばらく眠る
6295,#c0aaa1a%s#nの確率で#c0aaa1a%s#n攻撃してくる
6296,手に#c0aaa1a%s#nを持っているプレイヤーについていく
6297,#c0aaa1a%s#n範囲内にいるプレイヤーを見つめる
6298,逃亡速度
6299,AI特性20個まで
6300,生物特性倉庫
6301,特性倉庫
6302,特性パラメータ詳細設定
6303,開発者
6304,地形コード
6305,地形：
6306,ルーム分類
6307,地形コードを追加せず、システムにランダムで生成させる
6308,ノーマル
6309,冒険
6310,創造
6311,クラシック
6312,極限モード
6313,ランダム
6314,特大
6315,平坦
6316,ブロックを選択してください
6317,生物を選択してください
6318,食べ物を選択してください
6319,セーブデータ名
6320,サイズ設定
6321,地形選択
6322,地貌選択
6323,サブコン
6324,追加特性
6325,植物ブロック
6326,スキルブロック
6327,実体ブロック
6328,読み込み
6329,サブコン
6330,死亡の罰
6331,体力数の制限
6332,"iOSプレイヤーをミニワールドの世界に招待すると、各種報酬が盛りだくさん！
 1.イベント期間に招待したiOSのお友達がミニワールドをダウンロードし、自分のミニIDを入力すると、2人とも報酬（ムササビのカケラと大量のミニビーン）がもらえます！
 2.iOSで新規登録したプレイヤーが#cfa7a0f24時間以内にメールアドレスと連携#nすると招待成功となります。
 3.iOSで新規登録したプレイヤーが、招待者のミニIDを入力すると報酬がもらえます。新人プレイヤー1人につき1つの招待ミニIDしか入力できません"
6333,極限モードではライフが1回のみに対し、待ち受けるのは数々の危険（空腹、モンスター、溺水、マグマ、落下負傷）。賢い君ならきっと難関を突破できるでしょう。ぜひ挑戦してくださいね！
6334,購読
6335,購読済み
6336,地形コード
6337,クラシック
6338,サーバールーム
6339,マップをダウンロードしてルームを作成できます
6340,設置できるトランスポーターは6両までです
6350,あなたはiOSプレイヤーではありません
6351,入力したミニIDが間違っています
6352,自分のミニIDではなく、フレンドのミニIDを入力してください
6353,入力したミニIDは@1です。提出を続ける
6354,申請を送信しました。後ほど報酬を受け取れます
6355,あなたはもう初心者プレイヤーではありませんよ
6356,携帯番号またはメールアドレスの紐づけがまだです
6357,この報酬は獲得済みですよ
6358,フレンドのミニIDが間違っています
6359,サーバーが宇宙人に奪われました。しばらくしてから再度お試しください
6360,あなたはiOSプレイヤーではありません
6361,そのミニIDはすでに他のプレイヤーに使用されました
6362,そのミニIDの帰還時間はすでに24時間以上経っています
6363,呼び戻しの条件を満たしていません
6364,コメントに色や点滅効果を付けないでください。削除後に再提出できます
6365,重い一撃
6366,2連撃
6367,3連撃
6368,快進撃
6369,誰にも止められない
6370,試合を掌握した
6371,神への道を歩き出す
6372,暴走中
6373,神の如き進撃
6374,神を超越した
6375,投擲物を阻止するが、キャラクターを阻止しない
6376,説明
6377,機能
6378,雷
6379,悪天候
6380,雪が降る
6381,砂嵐
6382,嵐
6383,吹雪
6500,素手でモンスター退治
6501,素手でモンスター退治説明
6502,素手で掘削
6503,素手で掘削説明
6504,ドリルで掘削
6505,ドリルで掘削説明
6506,点火
6507,点火説明
6508,畑
6509,畑説明
6510,チャージ攻撃
6511,チャージ攻撃説明
6512,イヌ召喚
6513,イヌ召喚説明
6514,着火
6515,着火説明
6516,弓射
6517,弓射説明
6518,#NAME?
6519,#NAME?
6520,瞬間移動
6521,瞬間移動説明
6522,パン作り
6523,パン作り説明
6524,生物殲滅
6525,生物殲滅説明
6526,耐久度が足りません！
6527,空腹度が足りません！
6528,足りません！
6529,@Null@
6530,@Null@
6531,@Null@
6532,@Null@
6533,@Null@
6534,@Null@
6535,@Null@
6536,@Null@
6537,@Null@
6538,@Null@
6539,@Null@
6540,@Null@
6541,@Null@
6542,@Null@
6543,@Null@
6544,@Null@
6545,@Null@
6546,@Null@
6547,@Null@
6548,@Null@
6549,@Null@
6550,@Null@
6551,生物
6552,ブロック
6553,その他
6554,FaceBook
6555,Facebook
6556,FaceBookアカウントと連携する際の注意事項：#r1.ミニIDとパスワードを忘れた場合、Facebookアカウントから直接ログインできます。#r2.Facebookアカウント1つにつき、1つのミニIDと連携できます。連携を変更したい場合、元の.Facebookアカウントと連携を解除しなければなりません。
6557,Facebookアカウントに切り替える
6558,注意事項：#r1.現在ご利用のミニIDを保留したい場合は、パスワードを設定し、かつメールアドレスまたは第三者アカウントと紐づけしてください。#r2.これからログインするFacebookアカウントとミニIDが紐づけされていない場合、ログイン時に新しいミニIDを取得し、自動で紐づけされます。
6559,Facebookでログイン
6560,ミニID/メールアドレス
6561,ミニID/メールアドレスが間違っています
6562,Facebookでログインしました
6563,Facebookでのログインを取り消す
6564,Facebookでのログインに失敗しました
6565,このFacebookアカウントはすでに紐づけされています
6566,ログイン
6567,@Null@
6568,初期化失敗。スマートフォンのネットワーク及びGoogle Playの支払い設定を確認してください
6569,チャージ失敗。Google Playの支払い設定を確認してください
6570,ネット診断
6571,ペット
6572,上級モード
6573,ミニワールドでの楽しい冒険を体験してみましょう
6574,極限チャレンジのチャンスは1回のみ！
6575,自由に自分だけの冒険ワールドをカスタマイズしましょう
6576,ランダムでワールドを生成すると、毎回新しい体験ができます
6577,果てしなく広大な地形も変幻自在です
6578,サブコン
6579,読み込み
6580,上級物理
6581,上級物理説明タイトル
6582,上級物理説明内容
6583,物理設定
6584,各マップにはブロック/生物/アイデムなどカスタマイズしたプラグインを最大300までアップロードできます
6585,センサーブロック
6586,フィジカルタッチブロック
6587,マップの安定性
6588,物理特性のものが多すぎると、カクつきの原因になります（非表示設定にできます）
6599,他のアイテムがこの素材のため削除できません
6600,装備庫
6975,製本台
6976,本を分解する
6977,本の分解
6978,本を選択し、下の枠に入れてください
6979,タップして本を分解する
6980,製本
6981,本の情報
6982,@Null@
6983,@Null@
6984,@1の日誌
6985,@Null@
6986,本の名前
6987,編集者
6988,あらすじ
6989,外観
6990,本合成
6991,製作
6992,革の巻物を選択し、左から右の順番で入れてください
6993,分解画面の革の巻物を削除してください
6994,本を選択し、右の枠に入れてください
6995,バックパックとショートカットバーのスペースが足りません
6996,前回合成した本をバックパックの中に戻してください
6997,本の情報欄に名前と編集者情報を入れてください
6998,本の情報欄に編集者情報を入れてください
6999,本の情報欄に名前を入れてください
7000,合成画面に2枚以上の革の巻物を入れてください
7001,@Null@
7002,@Null@
7300,ゲームに戻る
7301,倉庫がいっぱいです。整理してから報酬を受け取ってください。
7302,キャンセル
7303,整理に進む
7304,倉庫がいっぱいです。一部の報酬はメールで配布します。
7305,すべて
7306,機能
7307,カケラ
7308,取り出し可
7309,倉庫の容量：
7310,あなたのマウント数が上限に達しています。バージョンの更新をお待ちください。
7311,あなたのキャラクター数が上限に達しています。バージョンの更新をお待ちください。
7312,あなたのスキン数が上限に達しています。バージョンの更新をお待ちください。
7313,あなたの図鑑数が上限に達しています。バージョンの更新をお待ちください。
7314,回収成功
7315,アカウントに追加しました
7316,回収した総収益：
7317,以下のアイテムを回収しました（回収するのはアンロック済みアイテムのみ）
7318,倉庫がいっぱいです
7319,倉庫がいっぱいです。一部の報酬はメールで配布します。倉庫を整理してから受け取ってください。
7320,倉庫がいっぱいです。整理してください。
7321,ネットワークに接続できません。
7322,マップを検索できませんでした。ネットワークを確認して再度お試しください。
7323,工房のオンラインステータスを獲得できません
7324,イベントログイン認証コード
7325,認証コードは：@1です。有効期限は5分です。
7500,録画設定
7501,ホストではないため録画を有効にできません
7502,録画セーブデータがいっぱいです。整理してから撮影してください
7503,録画を保存しました！
7504,録画セーブデータがいっぱいのため撮影できません
7505,データの容量が不足してるため撮影できません
7506,ストレージの容量が50MB未満です
7507,録画できる時間は残り1分弱です
7508,セーブデータがいっぱいのため、録画を終了し保存しました
7509,動画プレビュー中
7510,再生速度
7511,変更したカメラ設定を保存していません。このまま閉じると変更は適用されません。本当に閉じますか？
7512,変更した字幕設定を保存していません。このまま閉じると変更は適用されません。本当に閉じますか？
7513,変更した音楽設定を保存していません。このまま閉じると変更は適用されません。本当に閉じますか？
7514,私の録画
7515,録画のダウンロード
7516,すべてのセーブデータ
7517,録画編集
7518,録画再生
7520,再生開始
7521,一時停止
7522,録画開始
7523,録画を停止し、ファイルを保存しますか？#r（私の録画ファイルに保存する）
7524,カメラ情報を保存しました
7525,レンズ編集
7526,レンズ関連
7527,まだカメラを設定していません。設定が終わってからレンズを編集してください
7528,向き
7529,開始時間
7530,まだ字幕を設定していません。設定が終わってからレンズを編集してください
7531,まだ音楽を設定していません。設定が終わってからレンズを編集してください
7532,@Null@
7533,レンズの削除ではレンズに関するすべての情報を削除します。削除しますか？
7534,録画撮影を有効にしました
7535,撮影を終了しセーブデータに保存しました
7536,録画の編集をやめますか？
7537,現在のセーブデータ録画機能が無効になりました
7538,現在のセーブデータ録画機能が有効になりました
7539,@Null@
7540,字幕編集
7541,文字
7542,サイズ
7543,度
7544,上揃え
7545,上下中央揃え
7546,下揃え
7547,大
7548,中
7549,小
7550,至
7551,この字幕を削除しますか？
7552,音楽編集
7553,音楽
7554,ループ
7555,テスト再生をやめますか？
7556,音楽選択
7557,以下の音楽を選択してください
7558,この音楽を削除しますか？
7559,動画プレビュー中
7560,録画の再生が終わりました。もう一度再生しますか？
7561,不適切なワードです。再度入力してください。
7562,マップを確認する
7563,録画の作者
7564,マップの作者
7565,第三者のマップ映像の使用を許可する
7566,マップの作者が録画を許可していません
7570,録画
7571,ダウンロードした録画が上限に達しました。必要のないマップを削除してください
7572,再生
7573,プレビュー
7574,カメラの追加
7575,特殊効果の編集
7576,特殊効果
7577,フィルム映画
7578,泡
7579,雲と霧
7580,星空
7581,振動
7582,花びら
7583,変更した特殊効果設定を保存していません。このまま閉じると変更は適用されません。本当に閉じますか？
7584,#cda5b0a@1#n録画を動画に変換し、ローカル#cda5b0a@4#nファイル#rに保存しますか？#cda5b0a@2#n容量#rが必要になり、変換に必要な時間は#cda5b0a@3#nです
7585,（注意：変換時間は録画時間によって変わります。少々お待ちください。）
7586,録画の出力を取り消ますか？確定をクリックすると出力を中止します。
7587,動画変換中です。所要時間は@1です
7588,動画を出力し、@1ファイルに保存しました。出力画面を閉じてください
7589,この動画はすでに存在しています
7590,録画の出力
7591,まだカメラを設定していません。設定が終わってからレンズを編集してください
7592,録画を停止してビデオファイルを保存しますか?#r（ビデオファイルはゲーム開始-マップライブラリに保存されます）
7999,@Null@
8000,汚染エリア
8001,最初の安全エリア半径
8002,初回安全タイム
8003,ゲームに途中参加する
8004,汚染エリアの設定
8005,エリアブロック
8006,アクティベートされていません
8007,"1.大きさが固定されたマップと体力数の規則に従って使用します。再エントリーで適用されます。
 2.赤い円の外が汚染エリア、白い円の中が安全エリアです。汚染エリアにいるとダメージを受けます。
 3.各安全タイムが終了すると、汚染エリアの赤い円は白い円に向かって縮小し、範囲内にまた別の安全エリアが生成されます。安全タイムは短くなり、汚染エリアのダメージは高くなります。
 環境の汚染問題は深刻です。環境保護は、私たち全員の責任です。"
8008,所持済み
8009,マウント購入
8010,マウントのレベルアップ
8011,汚染エリアが収縮します
8012,汚染エリアの収縮が終わりました
8013,生存
8014,使用中
8015,汚染エリア収縮中です
8016,スキン庫
8017,特売
8018,総合
8019,安全エリアが生成されます
8020,安全エリアが最小になりました
8021,新たな安全エリアが生成されました
8022,汚染エリアが収縮を始めました
8023,人類の勝利です！
8024,野蛮人の勝利です！
8025,当選しました。次の挑戦までお待ちください。挑戦開始後、あなたは野蛮人になります。他のプレイヤーは早く逃げましょう！
8026,感染し野蛮人になってしまいました。幸運な人を探しに行きましょう！
8027,命の数がチームで共有
8028,やった！一番乗りだ
8029,引き続き頑張って～
8030,ランキング
8031,勝利
8032,第
8033,このルームではゲームの途中参加ができません。別のルームでお試しください
8034,安全エリア外で倒れました。
8035,ランダム補給箱
8036,倒れました。
8037,自由視点
8038,スクリーンに追従する
8039,自由変更
8040,観戦視点
8041,離れる
8042,観戦
8043,@selfは高エネルギーの中で溶けてしまいました…
8044,リセットモードでは使用制限は適用されません
8045,ショートカットバーがいっぱいです
8046,@Null@
8047,@Null@
8048,追光計画
8200,@Null@
8499,@Null@
8500,@Null@
8501,スキルパラメータ設定
8502,スキル
8503,：
8504,編集
8505,追加のアイテムスキル
8506,アイテムスキルの選択
8507,共通
8508,投擲物
8509,分類3
8510,分類4
8511,分類5
8512,アイテムスキル設定
8520,スキルタイプ
8521,目標をクリック
8522,目標なし
8523,投擲物を触発
8524,ホットキー使用
8525,左/スクリーンクリック
8526,右/スクリーンクリック
8527,右/ボタン使用
8528,チャージモード
8529,チャージしない
8530,チャージ中に発動できる
8531,満タン後に発動
8532,満タンになると自動で発動する
8533,移動速度チャージ
8534,クールタイム
8535,使用距離
8536,消費タイプ
8537,耐久度
8538,空腹度
8539,弾薬
8540,消費数値
8541,弾薬
8542,目標タイプ
8543,生物
8544,ブロック
8545,目標種類
8546,すべての生物
8547,モンスター
8548,動物
8549,レア動物
8550,水生物
8551,移動工具
8552,村人
8553,ボス
8554,NPC
8555,飛行生物
8556,すべてのブロック
8557,木系
8558,石系
8559,泥系
8560,葉とコットン
8561,精確な目標
8562,目標チーム
8563,問わない
8564,同じチーム
8565,別のチーム
8566,特殊タイプのマーク
8567,範囲のタイプ
8568,範囲の長さ
8569,範囲の幅
8570,範囲の長さ
8571,範囲の幅
8572,範囲の高さ
8573,効果タイプ
8574,破壊
8575,設置
8576,交換
8577,ドロップしますか
8578,ドロップしない
8579,ドロップ
8580,ブロック
8581,ダメージタイプ
8582,近接
8583,遠距離
8584,爆破
8585,燃焼
8586,中毒
8587,カオス
8588,ダメージの数値
8589,撃退の強さ
8590,吹き飛ばしの強さ
8591,生物召喚
8592,召喚数
8593,追従しますか
8594,追従しない
8595,追従する
8596,持続時間
8597,追加するステータス
8598,持続時間
8599,追加率
8600,投擲物
8601,初期速度ボーナス
8602,治療タイプ
8603,HP
8604,空腹度
8605,空腹耐性
8606,単体
8607,射線
8608,立体
8609,酸素値
8610,治療数値
8611,チャージ時間
8612,アイテムスキル説明
8613,発射する投擲物を選択する
8614,効果タイプを選んでください：
8615,ブロックが破壊された後、アイテムをドロップするか設定してください。
8616,チャージモードを選択してください：
8617,スキルタイプを選択してください：
8618,目標のブロックタイプを選択してください：
8619,スキルの範囲タイプを選択してください：
8620,スキルの消費タイプを選択してください：
8621,ダメージタイプを選択してください：
8622,召喚した生物が主と共に戦うかを設定してください。
8623,目標チームの制限を設定してください：
8624,自然のブロック
8625,アイテムを1つ選択
8626,"1 アイテムスキルには様々な効果がある。広範囲を破壊するブロック、全体吹き飛ばしなど。
 2 ノーマルアイテムに追加できるスキルは1つのみで、投擲物には10追加でき、かつすべて適用できる。
 3 他にもたくさん方法があるので、ぜひ遊んでみてね！"
8627,効果
8628,使用
8629,目標
8630,範囲
8631,消耗
8650,ブロック操作
8651,範囲内の#c0aaa1a%s#nに#c0aaa1a%s#nする。
8652,攻撃
8653,目標に#c0aaa1a%d#nPtのダメージを与え、吹き飛ばす。
8654,吹き飛ばし
8655,生物または物理的な物体を吹き飛ばせる！
8656,生物召喚
8657,#c0aaa1a%s#nx#c0aaa1a%d#nを召喚し、共に#c0aaa1a%d#n秒間戦うことができる。
8658,追加ステータス
8659,#c0aaa1a%d%%#nの確率で目標を#c0aaa1a%s#n状態にする。#c0aaa1a%d#n秒間持続。
8660,投擲物発射
8661,目標に向かって#c0aaa1a%s#nを発射する。
8662,治療
8663,目標を#c0aaa1a%s#nx#c0aaa1a%d#n回復する。
8664,ブロック操作（投擲）
8665,攻撃（投擲）
8666,吹き飛ばし（投擲）
8667,生物召喚（投擲）
8668,追加ステータス（投擲）
8669,治療（投擲）
8999,@Null@
9001,デフォルトスキン
9002,トーテムをアクティベートすると、最初のマークポイントを失い、今の位置を新しくマークします
9003,売れ筋
9004,クラシック
9005,汚染エリア脱出
9006,クラシック
9007,創造モード
9008,設定
9009,あと@1日
9010,プラグインをロード
9011,ゲームのログインにはアルファベットと数字、または文字のパスワードが使えます
9012,パスワード
9013,アルファベットと数字を組合せてください
9014,もう一度入力
9015,テキスト
9016,質問を選択してください
9017,文字、数字、アルファベットを入力できます
9018,最も印象的な人
9019,一番好きな食べ物
9020,一番好きな動物
9021,一番行きたい場所
9022,初めてのプレゼント
9023,あなたのラッキーナンバー
9024,#L文字パスワードログイン#n
9025,#Lアルファベット数字パスワードログイン#n
9026,答え
9027,質問
9028,最も印象的な人
9029,一番好きな食べ物
9030,一番好きな動物
9031,一番行きたい場所
9032,初めてのプレゼント
9033,あなたのラッキーナンバー
9034,設定失敗。8～12桁のパスワードを設定してください（アルファベット、数字または英記号）
9035,安全のため、8～12桁のパスワードを設定し、再度入力してください
9048,ウェブ決済
9049,上のボタンをタップしてウェブ決済を行ってください
9050,現在チャージはできません
9051,@Null@
9052,@Null@
9053,@Null@
9054,@Null@
9055,チェックすると、デフォルトで公式のカスタマイズプラグインを読み込みます
9056,このスキンには以下の特別な変更が含まれます：
9057,マウントリスト
9058,キャラクターリスト
9059,サーバールーム
9060,作物
9061,工具
9062,雑用品
9063,ブロック
9064,炎プラネットにタオムトーテムを設置することはできません
9065,ルーム作成
9066,観戦設定
9067,敗北後の観戦モード
9068,すべてのルーム
9069,プレイヤールーム
9070,公式ルーム
9071,作者マップ
9072,ルーム作成
9073,前のプレイヤー
9074,次のプレイヤー
9075,モード切替
9076,ブロックを破壊/設置できる
9077,ブロックを破壊/設置できない
9078,観戦中
9079,祝福メッセージ：
9080,ルームタイプ
9081,マップ選択
9082,ルーム設定
9083,サービスエリアの切り替え
9084,人気マップ
9085,現在マップはありません
9086,Wi-Fi
9087,ホットスポット
9088,ドロップボックス
9089,審判
9090,マップファイル破損：認証エラー
9091,マップファイル破損：解凍エラー
9092,マップファイル破損：コンテンツ検出エラー
9093,ダウンロード失敗：マップファイルが存在しません
9094,ダウンロード失敗：マップファイルが見つかりません
9095,想像力を活かして自由に自分だけのワールドを作ろう
9096,地形設定
9097,地形編集
9098,地貌作成
9099,地表作成
9100,生物作成
9101,鉱物作成
9102,地形高度
9103,ランダム高度
9104,平均高度
9105,最大高度
9106,地表層ブロック
9107,充填層ブロック
9108,充填層の厚み
9109,地形作成率
9110,ブロック名
9111,マス
9112,氷山
9113,盆地
9114,竹林盆地
9115,桃林盆地
9116,盆地の沿線
9117,植物
9118,建築
9119,アイテム
9120,植物選択
9121,植生密度
9122,ブロック選択
9123,希薄
9124,標準
9125,動物
9126,レア動物
9127,飛行生物
9128,モンスター
9129,追加する生物を選択してください
9130,生物作成比率プレビュー
9131,総数は
9132,匹
9133,鉱石
9134,鉱石が出現する高度
9135,追加鉱物
9136,ブロック交換
9137,@Null@
9138,そのまま作成
9139,長らくセーブデータをシェアしていません。定期的にシェアすることでセーブデータの破損を防げますよ！
9140,そのまま開始する
9141,シェアに進む
9142,最大@1個
9143,出現率
9144,鉱脈の鉱石数
9145,鉱脈の作成密度
9146,鉱物の上級属性
9147,氷海
9148,氷河
9149,赤土
9150,赤土海岸
9151,砂丘
9152,高地の森林
9153,高地の松林
9154,高地の林地
9155,河流
9156,ビーチ
9157,高山の沿線
9158,とても少ない
9159,少ない
9160,標準
9161,多い
9162,とても多い
9163,パスワードを設定しました。次回からはパスワードでログインしてください。#r 1.#cfa7a0fローカル#nに保存することで、パスワードを忘れた際に確認できます。#r2.パスワードを他人に教えないでください。#cfa7a0f共有端末での保存はお控えください#n。#rアカウントのパスワードを#cfa7a0fデスクトップ#nに保存しますか？
9164,1.#cfa7a0fスマートフォン#nに保存することで、パスワードを忘れた際に確認できます。#r2.パスワードを他人に教えないでください。#cfa7a0f共有端末での保存はお控えください#n。#r#rパスワードを#cfa7a0fスマートフォンのアルバム#nに保存しますか？
9165,アカウントのパスワード情報を#cfa7a0fPC-デスクトップ#nに保存しました
9166,アカウントのパスワード情報を#cfa7a0fスマートフォンのアルバム#nに保存しました
9167,ミニワールドのアカウントパスワード情報
9168,すぐに入る
9169,マップを確認する
9170,これはアップロードされていない、またはダウンロードができないマップです
9171,また今度
9172,ダウンロード
9173,リソースパックのダウンロード完了
9174,おすすめのリソースパック@1でよりよい体験を。なくてもゲームに影響はありません。#r（現在モバイルデータ通信を使用しています。ダウンロードはパケット通信量を消費します。キャンセル後に再度ダウンロードする場合は、ゲームを再起動してください。）
9175,DIYセンター
9176,本当にこのレシピプランを削除しますか？
9177,現在のDIYアバターを保存しますか？
9178,アバターを保存
9179,ウィッシュリストに加える
9180,クイック購入
9181,一部のカスタマイズはまだ持っていません。購入してから保存してください。
9182,#c0aaa1a@1×@2#nを消費して#cfa7a0f@3#nを購入しようとしています。よろしいですか？#r（適度に遊んで課金はほどほどに）
9183,所有済みのカスタマイズがいっぱいです。必要のないカスタマイズドレスアップを削除してください
9184,#c0aaa1a@1×@2#nで#cfa7a0f@3#n個のドレスアップスペースを有効にします。よろしいですか？#r（適度に遊んで課金はほどほどに）
9185,永久的に獲得しました
9186,ファッションをもっと見る
9187,このDIYアバターを保存しますか？
9188,大きさ
9189,小
9190,標準
9191,大
9192,保存
9193,歩く
9194,ジャンプ
9195,待機
9196,カジュアル
9197,女子
9198,男子
9199,子供
9200,おじさん
9201,ファッション
9202,着色
9203,男
9204,女
9205,未所持
9206,所持済み
9207,価格↑
9208,価格↓
9209,最新
9210,総合
9211,サーバーに保存し、ショップに戻りますか？
9212,保存しない
9213,保存して戻る
9214,利用規約及びプライバシーポリシー
9215,"利用規約とプライバシーポリシー
 先日、#L利用規約@@1#nと#Lプライバシーポリシー@@2#nを更新しました：
 
 以下の同意をクリックすると、Miniwanの利用規約及びプライバシーポリシーを読み、理解し、さらに同意したものとします。
 
 ご質問、ご意見はminiwantech@gmail.comまでご連絡ください。"
9216,やめる
9217,同意する
9218,ミニIDを抹消しました
9219,このミニIDは抹消されたためログインできません。
9220,利用規約及びプライバシーポリシーに同意されました。
9221,アカウントの抹消
9222,"1.アカウントの抹消が必要な場合（アカウント情報及びゲーム内すべてのアイテム、ミニコイン、マップデータが消失します）。申請メールをGM@mini1.cnに、または0755-86953710、0755-86682197（専用）にお電話ください。#cef2d2d抹消するミニID、抹消理由、実名認証情報、チャージ証明またはこのミニIDがお客様のものであることを証明できるその他の情報を提供してください。#n
 2.アカウントの抹消申請は、メール受信後/電話受付後14営業日以内に処理されますが、詳細は公式サポートセンターの回答を基準とします。ご理解ありがとうございます！"
9223,@Null@
9224,当該ミニIDを抹消しました
9225,Privacy Policy
9226,#L#cfa7a0fPrivacy Policy
9227,あなたのミニIDの抹消が完了しました
9228,ゲームからログアウトする
9229,@1×@2#n解放
9230,大きさ
9231,アクション
9232,名前
9233,タップして名前を入力
9234,ソート
9235,頭飾り
9236,表情
9237,顔飾り
9238,上着
9239,ズボン
9240,靴
9241,バックアクセサリー
9242,特殊効果
9243,切り花
9244,ウィッシュリスト
9245,タイプ別
9246,アバター
9247,#c0aafff体験終了まであと@1日@2時間@3分#n
9248,#cda6fff限定販売：あと@1日@2時間@3分#n
9249,購入リスト：#r@1#n（適度に遊んで課金はほどほどに）
9250,アバター
9251,保存しました
9252,スロット＋1
9253,体験中
9254,#cfa7a0f@1#n #c0aaa1a@2x@3#n#r
9255,タップして編集
9256,新パーツ獲得：@1ドレスアップ！
9257,アンロック
9258,ダウンロード中
9259,ドレスアップパーツを何をつけていないため保存できません
9260,下のカスタマイズドレスアップモデルをタップして編集モードに入る
9261,リソースのダウンロードに失敗しました。しばらくしてから再度お試しください
9262,リソースをダウンロードしています。お待ちください。
9263,リソースをダウンロードしています…
9264,体
9265,染色
9266,色合い
9267,飽和度
9268,明るさ
9269,色ブロック@1
9270,パーツを装着してからお試しください
9271,未購入
9272,ウィッシュリストがいっぱいです。整理してからお試しください
9273,欲しいアバターはすべてにここにあります
9274,ウィッシュリスト
9275,ウィッシュリストに加える
9276,名前
9277,総合
9278,宝飾品
9279,足跡
9280,ウィッシュリストに何もありません
9281,ウィッシュリストに登録済みです
9282,ウィッシュリストに追加しました
9283,試着
9284,正常にを使用しました
9285,売れ筋
9286,購入に失敗しました
9287,購入失敗。ネットワークをご確認ください
9288,このアバターは所有済みです。再度このページを開いてください
9289,スロットがいっぱいです。削除してからお試しください
9290,保存失敗。ネットワークをご確認ください
9291,先に材料を入れてください
9292,作成物を先に取り出してください
9293,前
9294,後ろ
9295,左
9296,右
9297,上
9298,下
9299,設計図作業台
9300,材料選択
9301,図面名
9302,設計図面の使用#r#r設計図面を設置し、建造範囲を確定した後、建造ブロックを通電させると建築を開始する。電力信号が大きいほど、建築速度も速くなる#r#r#r設計図面の建造方向#r#r設計図面の建造方向はキャラクターの設置方向によって決まり、スパナーで設計図建築を反転させることができる。
9303,必要材料
9304,図面情報
9305,クイック投入
9306,建築範囲
9307,（審査中）
9308,スキンネーム審査中！
9309,@1ルームで共にプレイした後、あなたにいいねをくれました
9310,削除
9311,非表示
9312,追跡
9313,非表示しました
9314,非表示を取り消しました
9315,コミュニティ
9316,ソロモードでミニワールドを改造し放題
9317,すべてのメッセージを「既読」にしますか？
9318,@1オンラインゲーム中（@2）
9319,フレンドはソロモードで遊んでいるため、ルームを追跡できません
9320,@1秒後に再試行してください
9321,以前あなたと#cfa7a0f@1#n一緒にプレイしました
9322,最近フレンドがいません
9323,本当にこのプレイヤーをブラックリストに入れますか？
9324,ブラックリストがいっぱいです
9325,ブラックリスト
9326,最近のフレンド
9327,マップを先にミニ工房にシェアする必要があります
9328,申請を確認する
9329,ブラックリストには何もありません
9330,追跡を許可する
9331,このプレイヤーはフレンドの追跡を許可していません
9332,もっと見る
9333,@1秒待ってから招待してください
9334,近く
9335,他のフレンドを招待する
9336,ミニワールドは遊び方無限大
9337,フレンドの@1（@2）があなたを招待しています！
9338,同時にモーメンツにも投稿する
9339,セーブデータを@1回更新
9340,サバイバルモードでボスを@1回撃破する
9341,サバイバルモードでお宝を@1回獲得する
9342,極限モードで@1日生存
9343,極限モードでボスを@1回撃破
9344,イベント報酬を@1回受け取る
9345,人気/精選マップを@1回作成
9346,鑑賞家レベルがLv.@1に到達
9347,フレンド数が@1に到達
9348,フォロワー数が@1に到達
9349,モーメンツのいいね数が@1に到達
9350,花の水やり回数が@1に到達
9351,除虫回数が@1に到達
9352,アンロックした図鑑数が@1に到達
9353,果実の収穫量が@1に到達
9354,マイガーデンの植物レベルが@1に到達
9355,ソースキャラ（族長、族長夫人、カカ、ニニ、悪ガキ、トム、ローラ、シンディ、ピーター、ステファン）の数が@1に達する
9356,キャラクターの天賦レベルが@1に到達
9357,スキンを@1アンロック
9358,強力マウントを@1アンロック
9359,アバターを@1アンロック
9360,実名認証を完了した
9361,連続ログインに日数@1日
9362,魔物ハンター
9363,トレジャーハンター
9364,サバイバルのプロ
9365,極限の戦神
9366,神秘サプライズ
9367,ファッション二スタ
9368,鑑賞専門家
9369,愉快な仲間
9370,スーパースター
9371,いいねのカリスマ
9372,幸せマイスター
9373,害虫の天敵
9374,百科事典
9375,大豊作
9376,すくすく成長
9377,全員集結
9378,我こそ強し
9379,華麗なる変身
9380,調教の達人
9381,服の百変化
9382,私は誰？
9383,毎日向上
9384,@Null@
9385,@Null@
9386,創作のスター
9387,動画のスター
9388,コミュニティーのスター
9389,スター オブ ザ イェア
9390,火力全開
9391,ミニワールド-年度人気創作者
9392,ミニワールド-年度人気動画作者
9393,ミニワールド-年度人気コミュニティスター
9394,ミニワールド-年度人物入選者
9395,武器スキンを@1個アンロック
9396,ジョイスター
9397,任意のシルバーカードを解放
9398,肌色
9399,凹凸参加者
9400,ミニ凹凸大会レベルがLv.@1に達する
9500,私の
9501,お気に入り/歴史
9502,ミニクラウド
9503,クラウド購入
9504,セーブデータを選択してクラウドを起動してください
9505,基礎設定
9506,プレイヤー管理
9507,バックアップ管理
9508,クラウドステータス
9509,クラウドリセット
9510,継続レベルアップ
9511,クラウドID
9512,最近のログイン
9513,普通クラウド
9514,中級クラウド
9515,上級クラウド
9516,特級クラウド
9517,最大収容人数：6人#rノーマルモードや開発者モードのマップに適しています
9518,最大収容人数：10人#rノーマルモードや開発者モードのマップに適しています
9519,最大収容人数：20人#rノーマルモードや開発者モードのマップに適しています
9520,最大収容人数：30人#rノーマルモードや開発者モードのマップに適しています
9521,#Lミニクラウドの利用規約#n
9522,ミニクラウドを購入する
9523,継続購入
9524,チェック後、「ミニクラウド」が有効期限の1日前に次の1か月分のミニコインを自動で引き落とすことを承認したとみなされます
9525,持続時間
9526,@1日
9527,クラウドの購入機能は無効です
9528,あなたはクラウドによってブラックリストに入れられたため、クラウドサービスに入ることはできません
9529,当該クラウドにはホワイトリストが設定されており、サーバー主にその権限を申請してから入ってください
9530,合計：
9531,購入
9532,継続しない
9533,アップグレード：#cda5b0a@1#n（残りあと@2日）
9534,更新：#cda5b0a@1#n（購入後の残り総日数@2日）
9535,#c0aaa0f@1×@2#n
9536,「ミニクラウドの利用規約」に同意してください
9537,クラウド作成
9538,フレンドアクセス可
9539,ホワイトリストアクセス可
9540,"ミニクラウドを購入しました。
 セーブデータを選択してクラウドを起動しますか？"
9541,アップグレードの際には、ミニクラウドを閉鎖する必要があります。終了後に自動でサーバーを開放します。
9542,"クラウドを閉鎖すると、クラウド内のすべてのプレイヤーを追い出します。
 現在#cef2d2d@1#n名のプレイヤーがクラウド内でプレイしています。"
9543,閉鎖してアップグレードする
9544,後で閉鎖する
9545,クラウドのアップグレードが完了しました！サーバーを開放しました。
9546,クラウドを閉鎖しました
9547,クラウドはメンテナンス中です
9548,"ミニクラウドを作成しました。
 すぐにサーバーを有効にしますか？
 （プレイするには有効にする必要があります）"
9549,クラウド管理
9550,ステータス
9551,ホワイトリスト
9552,クラウドでプレイ中
9553,管理員
9554,ホワイトリストに移す
9555,ブラックリストに移す
9556,スーパー管理員に設定する
9557,管理員に設定する
9558,ブラックリストから外す
9559,ブラックリスト追加する
9560,インポートデータ
9561,ホワイトリストから外す
9562,フレンドから追加する
9563,スーパー管理員
9564,管理員
9565,管理員をリセットする
9566,スーパー管理員をリセットする
9567,他のミニIDを検索する
9568,追加失敗。@1人数が上限に達しています
9569,権限取消
9570,スーパー管理員は以下のルームの権限を持ちます：
9571,管理員は以下のルームの権限を持ちます：
9572,#c0aaa1aが使用中です
9573,使用中の容量：#cfa7a0f@1#n/@2
9574,容量を購入する
9575,#Lクラウドステータス
9576,#Lメンテナンスステータス
9577,クラウド公告
9578,以下のクラウドからインポートするデータソースを選択してください
9579,ストレージの容量を購入する
9580,購入するストレージ容量を選択してください
9581,クイック追加
9582,個人のブラックリスト
9583,バックアップリストがいっぱいです。整理してからお試しください
9584,ミニクラウドの容量が足りないため、容量を購入するかバックアップを削除してからお試しください。
9585,クラウドを閉鎖すると、#cfa7a0fクラウドは稼働を終了し、すべてのプレイヤーがアクセスできなくなります。#nクラウドが閉鎖した状態でも、セーブデータのバックアップ、バックアップ復元、クラウドのアップグレード及びリセットの操作は可能です。
9586,「メンテナンス」をチェックすると、#cfa7a0fクラウドは稼働しますが、公開はされません。#nすでにクラウドを利用しているプレイヤーはルームから追い出され、クラウドに入ることができるのはサーバー主、スーパー管理員と招待されたプレイヤーのみです。
9587,"クラウドメンテナンス中は、スーパー管理員以外のすべてのプレイヤーを追い出します！
 現在#cef2d2d@1#n名のプレイヤーがクラウド内でプレイしています。"
9588,一度のみ通知
9589,発表
9590,ミニクラウドの期限が切れました
9591,ミニクラウドの期限が切れたので更新してください。
9592,クラウドを閉鎖してからお試しください。
9593,クラウドが閉鎖したため他のプレイヤーは入れません。
9594,クラウドメンテナンス中のため他のプレイヤーは入れません。
9595,すぐにクラウドを起動しますか？
9596,購入に進む
9597,クラウドのリセットを行うと、#cef2d2d現在のセーブデータバックアップ及びクラウドの設定などすべての情報が不可逆的に消去されてしまいますので、#n必ず慎重に行ってください！
9598,セーブデータを復元すると、#cef2d2d以前のセーブデータは不可逆的に上書きされてしまいますので、#n必ず慎重に行ってください！
9599,このクラウドの使用は規約違反の疑いがあるため、クラウドをリセットし、別のセーブデータからサービスを開始してください。
9600,親愛なるプレイヤーの皆さん：#r @1月@2日に@3ミニコインを差し引き、ミニクラウドサービス（@4）を自動更新します。決済完了後、クラウドの有効期間を30日間延長します。自動更新機能を解除する場合は、ミニクラウドのサービス更新アップグレード画面にてチェックを外してください。#r（ミニ隊長より）
9601,"親愛なるプレイヤーの皆さん：あなたのミニクラウド（@1）の有効期間を@2月@3日まで延長しました。いつもミニワールドを応援いただきありがとうございます。引き続きゲームをお楽しみください。
 #r（ミニ隊長より）"
9602,親愛なるプレイヤーの皆さん：#rアカウントの残高不足により、ミニクラウドの自動更新ができませんでした。@1月@2日に期限が切れると自動的に終了しますので、必要に応じてチャージ後に手動でミニクラウドの更新を行ってください。#r（ミニ隊長より）
9603,親愛なるプレイヤーの皆さん：#rストレージ容量が@1を超えています。100%に到達すると、ゲームを正常にプレイできなくなります。#nストレージ容量を購入するかバックアップを削除して容量を確保してください。#r（ミニ隊長より）
9604,親愛なるプレイヤーの皆さん：#rミニクラウドの有効期限が切れたため、自動的に終了しました。継続してご利用になりたい場合は、ミニクラウドの更新を行ってください。#r（ミニ隊長より）
9605,親愛なるプレイヤーの皆さん：#rミニクラウド@1は@2月@3日に期限が切れます。期限が切れると自動的に終了しますので、継続してご利用になりたい場合はミニクラウドの更新を行ってください。#r（ミニ隊長より）
9606,メンテナンス
9607,クラウドを起動してからお試しください。
9608,ブロック破壊
9609,ブロック設置
9610,アイテムを拾う
9611,プレイヤーを攻撃する
9612,アイテム使用
9613,ゲームの権限
9614,継続購入完了
9615,クラウドのバックアップ
9616,クラウドが満員です
9617,クラウドの残り時間は180日以上です
9618,費用情報に誤りがあるため、画面を再度開いてください
9619,このプレイヤーはすでにホワイトリストに入っています
9620,このプレイヤーはすでにブラックリストに入っています
9621,プレイヤーを削除しました
9622,スーパー管理員数が上限に達しました
9623,管理員数が上限に達しました
9624,クラウドデータエラー
9625,プレイヤーがクラウドから離れました
9626,このクラウドは時間を消費しています。残り@1
9627,このプレイヤーはクラウドの管理員です。ブラックリストに入れると身分が剝奪されます。
9628,マップのアップロードにエラーが発生しました。クラウドをリセットして再度お試しください。
9629,バックアップに失敗しました。再度お試しください
9630,ルームのリセットに失敗しました。サポートセンターにご連絡ください
9631,このクラウドを所有していません
9632,クラウドの所有数が上限に達しました
9633,クラウドルームのアップグレードに失敗しました。サポートセンターにご連絡ください
9634,クラウド情報
9635,クラウドリスト
9636,クラウド設定
9637,クラウドから追い出す
9638,このセーブデータバックアップを削除しますか？
9639,あなたのゲーム権限：@1の使用が禁止されました。サーバー主またはスーパー管理員に権限を申請してください
9640,サーバー主/スーパー管理員があなたの権限：@1を制限しました
9641,サーバー主/スーパー管理員があなたに権限：@1を付与しました
9642,あなたはこのクラウドの@1になりました
9643,ゲーム権限：@1（オフ）
9644,ゲーム権限：@1（オン）
9645,現在利用中のセーブデータ
9646,このクラウドはフレンドアクセスが設定されています。サーバー主のフレンドのみ入ることができます
9647,@1のクラウド
9648,公告を入力してください
9649,基本設定説明
9650,"#cfa7a0f名称：#n
 このクラウドの名称。マルチプレイに表示されます。
 #cfa7a0f紹介：#n
 このクラウドの紹介文。マルチプレイ-詳細説明に表示されます。
 #cfa7a0fパスワード：#n
 パスワードを設定すると、パスワードを入力した者のみ入ることができます（サーバー主、スーパー管理員、管理員は入力する必要なし）。
 #cfa7a0f権限：#n
 フレンドアクセス：サーバー主のフレンドのみ入ることができます。
 ホワイトリストアクセス：ホワイトリストにいるプレイヤーのみ入ることができます。
 注意：「フレンドアクセス」と「ホワイトリストアクセス」の両方にチェックを入れると、フレンドとホワイトリストにいるメンバー全員が入れます。チェックを入れなければ、すべてのプレイヤーが入室できます。
 #cfa7a0f保存：#n
 以上の基本項目に修正を加えた場合は、保存をタップしないと適用されません。"
9651,プレイヤー設定の説明
9652,"#cfa7a0fプレイヤー：#n
 プレイヤーリストはこのクラウドに入ったプレイヤーを記録し、最終ログイン日時またはプレイ中と表示されます（プレイヤー右側の「設定」をタップすると、プレイヤー設定が行えます。
 #cfa7a0fホワイトリスト：#n
 クラウド管理-基本-権限で「ホワイトリストアクセス」にチェックした場合、ホワイトリストにいるプレイヤーのみクラウドに入ることができます。
 「フレンド招待」でフレンドリストを開き、フレンドをホワイトリストに追加することができます。データをコピーすると複数クラウドのリストを同期できます。クイック削除でリストのプレイヤーをすべて削除できます。
 #cfa7a0fブラックリスト：#n
 ブラックリストにいるプレイヤーはクラウドに入れません。
 「ブラックリストに追加」をタップすると、サーバー主のブラックリストが開き、プレイヤーを追加できます。
 #cfa7a0f管理員：#n
 サーバー主はプレイヤーを管理員に設定できます（スーパー管理員と管理員の2種類）。サーバー主以外の管理人はクラウドでのみ権限を使用できます（権限の詳細は「スーパー管理員」「管理員」をタップして確認してください）。
 #cfa7a0f検索欄：#n
 ミニIDを入力検索できます。検索したミニIDはリストに表示されるので、設定が行えます。"
9653,バックアップ設定の説明
9654,"#cfa7a0f現在（現在使用中のセーブデータ）：#n
 一番上にあるのが現在使用中のセーブデータです。
 設定をタップするとバックアップが実行され、リストの下に新しくバックアップデータが追加されます（バックアップにはクラウドを閉鎖する必要があります）。
 #cfa7a0fバックアップデータ：#n
 バックアップファイルは全部で4つあります（現在使用中のは含まれない）。クラウド作成時にアップロードしたマップを自動的にバックアップします。その他のファイルは手動で操作する必要があります。
 設定をタップすると、復元、ダウンロード、名前変更、削除ができます。復元：バックアップを現在使用中のセーブデータに上書きします（復元操作はクラウドを閉鎖する必要があります）。ダウンロード：バックアップしたセーブデータをローカルにダウンロードします。名前の変更：バックアップの名前を変更します。削除：バックアップリストから削除します。
 #cfa7a0f拡張：#n
 各クラウドの容量は限られているため、使用率が100%に達すると正常にゲームを行うことができなくなります。サーバー主は容量を購入するか、バックアップを削除して容量を確保してください。
 #cfa7a0fアップロード：#n
 ローカルのマップデータをクラウドにアップロードできます。アップロード完了後に、バックアップ上で操作することができます。"
9655,ステータス設定の説明
9656,"#cfa7a0fクラウドステータス：#n
 開放と閉鎖状態があります（スイッチでオンオフを切替えます）。
 開放：サーバーが正常に稼働し、プレイヤーが入室できます（メンテナンス状態によって変わる）。
 閉鎖：クラウドが停止し、プレイヤーが入れなくなります。クラウドを閉鎖すると、セーブデータのバックアップ、復元、アップグレード及びクラウドのリセットの操作が行えます。
 #cfa7a0fメンテナンス状態：#n
 正常とメンテナンスの2種類です（クラウドを開放している場合、メンテナンス中のみ調整が行えます）。
 正常：クラウドが開放され、条件に合うプレイヤーが入室できます（条件：基本設定のパスワード、フレンドアクセス、ホワイトリストアクセス及びブラックリスト）。
 メンテナンス：一般開放せず、クラウドにいるプレイヤーをすべて追い出します。入れるのは、サーバー主、スーパー管理員と招待されたプレイヤーのみです。
 #cfa7a0fクラウド公告：#n
 サーバー主とスーパー管理員は公告を出すことができます。クラウドでは1日3回まで公告を出すことができ、発表後クラウド内のすべてのプレイヤーに通知されます。（「一度のみ通知」にチェックを入れていない場合、クラウドに入るたびに公告が表示されますが、チェックを入れると、2回目からは表示されなくなります）"
9657,#L権限の説明#n
9658,"#cfa7a0fゲーム権限の操作規則#n
 サーバー主は自身及びすべてのプレイヤー個人のゲーム権限、及びクラウド全体のゲーム権限を設定できます。
 スーパー管理員は自身及び（サーバー主と管理員を除く）一般プレイヤー個人のゲーム権限、及びクラウド全体のゲーム権限を設定できます
 その他のプレイヤーは自身のゲーム権限やクラウド全体のゲーム権限を確認することはできますが、変更はできません。
 
 #cfa7a0f個人のゲーム権限及び全体のゲーム権限#n
 プレイヤー個人のゲーム権限が変更されていない場合（そのプレイヤーの「ゲーム権限」はデフォルトの青色）、プレイヤーはクラウド全体のゲーム権限に従います。
 プレイヤー個人のゲーム権限が変更された場合（そのプレイヤーの「ゲーム権限」ボタンは黄色に変わり）、プレイヤーは個人のゲーム権限にのみ従い、クラウド全体のゲーム権限には制限されず、影響を受けません。
 
 #cfa7a0fプレイヤー個人のゲーム権限を変更前の状態に戻す方法#n
 サーバー主またはスーパー管理員が、そのプレイヤーのゲーム権限-「権限説明」の横にある初期化マークをタップすると、そのプレイヤー個人のゲーム権限は変更前の状態に戻り（「ゲーム権限」ボタンが青色に戻り）、プレイヤーはクラウド全体のゲーム権限に従うようになります。"
9659,このプレイヤー個人のゲーム権限を初期化しました。これより全体のゲーム権限に従います
9660,ゲーム権限（#c0aaa1a全体#n）
9661,ルームのゲーム権限はプレイヤー同士の交流を制限できますが、プレイヤー個人の権限が変更されると（黄色の「ゲーム権限」になり）プレイヤーは個人の権限にのみ従い、ルーム全体の権限に制限されず影響も受けません。
9662,ブロック破壊（#c0aaa1aオン#n）
9663,ブロック破壊（#cef2d2dオフ#n）
9664,ブロック設置（#c0aaa1aオン#n）
9665,ブロック設置（#cef2d2dオフ#n）
9666,アイテムを拾う（#c0aaa1aオン#n）
9667,アイテムを拾う（#cef2d2dオフ#n）
9668,アイテム使用（#c0aaa1aオン#n）
9669,アイテム使用（#cef2d2dオフ#n）
9670,プレイヤーへの攻撃（#c0aaa1aオン#n）
9671,プレイヤーへの攻撃（#cef2d2dオフ#n）
9672,生物への攻撃（#c0aaa1aオン#n）
9673,生物への攻撃（#cef2d2dオフ#n）
9674,生物への攻撃
9675,基本設定を修正しました。保存しますか？
9676,#cfa7a0f【@1】@2#nが@3#cfa7a0fをルームから追い出しました
9677,管理員がアイテムの使用を禁止しました
9678,#cfa7a0fサーバー主#nがクラウドを閉鎖したため接続が途切れました
9679,クラウドを閉鎖したため接続が途切れました
9680,継続
9681,合計
9682,ダウングレードはできません
9683,アップグレードタイプまたは継続期間を選択してください
9684,すべてのルームで発言が禁止されたためメッセージを送信できません
9685,クラウドでの公告発表回数が今日の上限に達しました
9686,あなたは@1によって現在のクラウドサーバーから追放されました
9687,サーバー主
9688,発言禁止になりました
9689,発言禁止が解除されました
9690,ゲーム権限の説明
9691,ブラックリストはありません
9692,#cffffff——————◆◆ ◇ ◆◆——————#n#r#cfa7a0f【公告】@1：#n#c5aea0a@2#n#r#cfa7a0f【@3】@4@5#n#r#cffffff——————◆◆ ◇ ◆◆——————
9693,このクラウドでの@1身分がサーバー主に剥奪されました
9694,クラウドのバックアップ「@1」を現在のローカルセーブデータに上書きしますか（クラウドの方を上書きするわけではありません）？#r#cef2d2d（上書きすると、現在使用中のローカルファイルが消失します）
9695,クラウドのバックアップを作成する
9696,クラウドバックアップのダウンロードが完了しました。個人ファイルまたはマップセーブデータにダウンロードしました。
9697,確認に向かう
9698,まだクラウドを所有していません
9699,このプレイヤーはブラックリストにいるため管理員に設定できません
9700,これはクラウドID：@1のバックアップです
9701,クラウドの容量が上限に達しました
9702,バックアップの「@1」を現在ご使用中のセーブデータに上書きします！#r#r#cef2d2d（上書きすると現在使用中のセーブデータが入れ替わり、復元もできません）
9703,バックアップ数（@1/@2)
9704,クラウドにバックアップをアップロードする
9705,アップロードするローカルセーブデータを選択して下さい
9706,現在
9707,バックアップをアップロードしました
9708,追加に失敗しました
9709,容量拡大
9710,サーバー主：
9711,クラウドからダウンロードしたローカルファイルが上限に達しました。削除してからダウンロードしてください
9712,マップをダウンロードする
9713,これはクラウドID：@1のセーブデータです
9714,ゲーム権限（#c0aaa1aフリー#n）
9715,ゲーム権限（#c0aaa1aビジター#n）
9716,"#cfa7a0fゲーム権限の操作規則#n
 ホストは自身及びすべてのプレイヤー個人のゲーム権限、及びルーム全体のゲーム権限を設定できます。
 その他のプレイヤーは自身のゲーム権限やルーム全体のゲーム権限を確認することはできますが、変更はできません。
 
 #cfa7a0f個人のゲーム権限及び全体のゲーム権限#n
 プレイヤー個人のゲーム権限が変更されていない場合（そのプレイヤーの「ゲーム権限」はデフォルトの青色）、プレイヤーはルーム全体のゲーム権限に従います。
 プレイヤー個人のゲーム権限が変更された場合（そのプレイヤーの「ゲーム権限」ボタンは黄色に変わり）プレイヤーは個人のゲーム権限にのみ従い、ルーム全体のゲーム権限には制限されず影響を受けません。
 
 #cfa7a0fプレイヤー個人のゲーム権限を変更前の状態に戻す方法#n
 ホストがそのプレイヤーのゲーム権限-「権限説明」の横にある初期化マークをタップすると、そのプレイヤー個人のゲーム権限は変更前の状態に戻り（「ゲーム権限」ボタンが青色に戻り）、プレイヤールーム全体のゲーム権限に従うようになります。"
9717,ゲームの権限申請
9718,ホストがあなたのゲーム権限：@1を制限しました
9719,ホストがあなたにゲーム権限：@1を付与しました
9720,あなたのゲーム権限：@1が禁止されました。ホストに権限を申請してください
9721,音声権限オフ
9722,音声権限をオフにしました
9723,音声をオフにしました
9724,メッセージを非表示にしました
9725,あなたのゲーム権限：@1が禁止されました。
9726,"1.ブラックリストへの追加
 2.プレイヤーの追い出し
 3.ゲーム権限の修正（全体と個人）
 4.危険品の使用禁止権限の修正
 5.チーム権限の修正
 6.公告修正
 7.プレイヤーの発言禁止
 8.ルームの音声機能のオン/オフ
 9.マイクのオン/オフ
 10.スピーカーのオン/オフ"
9727,"1.ブラックリストへの追加
 2.プレイヤーの追い出し
 3.チーム権限の修正
 4.プレイヤーの発言禁止
 5.ルームの音声機能のオン/オフ
 6.マイクのオン/オフ
 7.スピーカーのオン/オフ"
9728,ミニクラウド通知
9729,クラウドのバージョン更新
9730,更新する
9731,最新版クラウド#c0aaa1a@1#n（現在のバージョン@2@3#n）
9732,自動更新
9733,選択したクラウドのバージョンを更新しますか？
9734,#cef2d2d注意：現在のゲームのバージョンが古すぎます。最新版のクラウドに入るには更新が必要です#n
9735,自動更新：新バージョンがリリースされた後、公式より一斉にクラウドバージョンを更新します（具体的な時間は当日通知します）
9736,クラウドはすでに最新バージョンです
9737,再起動
9738,"クラウドを再起動すると、クラウド内のすべてのプレイヤーを追い出します。
 現在#cef2d2d@1#n名のプレイヤーがクラウド内でプレイしています。"
9739,注意！#cfa7a0fまもなくクラウドが閉鎖します#n
9740,注意！#cfa7a0fまもなくクラウドが再起動します#n
9741,注意！#cfa7a0fまもなくクラウドが再起動し、バージョンを更新します#n
9742,#cef2d2d@1#nシステムにより5分間発言禁止となりました。
9743,@1があなたのゲーム権限を復元しました
9744,@2大量弾幕を自動的に発言禁止に設定する（@1@3#n）
9745,ホスト
9746,あなた個人のゲーム権限が初期化されました。これより全体のゲーム権限に従います。
9747,@1秒後に閉鎖します
9748,@1秒後に再起動します
9749,クラウド閉鎖中です。しばらくしてからお試しください
9750,クラウドステータス：
9751,開放
9752,閉鎖中
9753,閉じる
9754,クラウド人数：
9755,クラウド残り時間：
9756,クラウドの作成時間：
9757,#Lステータス設定
9758,クラウドのバージョン更新説明
9759,"1.期限が切れていない状態かつ閉鎖している古いバージョンのクラウドのみ更新できます。
 2.閉鎖していない場合は管理-ステータスでクラウドを閉鎖してください。
 3.期限切れのクラウドは、バージョンを更新する前に期限の更新を行ってください。
 4.クラウドバージョンをダウングレードすることはできません。"
9760,人数の上限に達しているため、データをインポートできませんでした。
9761,"@1クラウドのバージョン更新が完了しました
 すぐに起動しますか？"
9762,@1クラウドを開放しました
9763,選択したクラウドにインポートできるデータはありません。確認してから再度お試しください
9764,クラウドを起動中です。しばらくしてから再度お試しください
9765,インポートできませんでした！インポートしたブラックリストとホワイトリストまたは管理員にエラーが生じました
9766,インポートできませんでした！インポートしたリストとブラックリストにエラーが生じました
9767,クラウドの更新
9768,クラウドのバックアップが上限に達しました。1つ削除してからもう一度お試しください
9769,継続購入をキャンセルしますか？
9770,ルームのリンクをシェアする
9771,リンクをコピーしました。シェアしてください
9772,更新するクラウドにチェックを入れてください
9773,システムのクラウドの所有数が上限に達したため、申請と購入を一時中止します
9774,アップロードしようとしているマップと紐づけしたマップのセーブデータが一致していません
9775,クラウド通報
9776,キャプチャを撮ってアップロードする
9777,キャプチャを撮りました
9778,修正待ち
9779,申し立て中
9780,"クラウド規約に違反すると#cDA5B0A修正待ち#n状態になります。
 修正待ち状態では、クラウドのマップと情報を修正できます。規約違反がないと判断した場合、申し立てが可能です。申し立てが受理された場合のみ、状態が解除されます。"
9781,申し立てする
9782,"1.申し立てする前に、まずはこのクラウドのマップと情報に規約違反の内容がないか確認し、「#L#cDA5B0Aコンテンツのリリースについて#n」をお読みください。
 2.提出し受理されれば通常利用ができるようになります。
 3.受理されなかった場合は修正待ち状態に戻ります。"
9783,注意：違反報告が何度もあった場合、ミニIDにクラウドサービスを提供できなくなります。深刻な場合はアカウントを凍結することもあります。
9784,まずは「コンテンツのリリースについて」を読んでから提出してください
9785,申し立てするクラウドは、有効期限が5日以上残っている必要があります
9786,申し立て中はクラウドを操作できません。結果が出るまでしばらくお待ちください
9787,規約を違反したクラウドは開放できません
9788,公告に規約違反が報告されたため、@1の機能を制限します
9789,あなたのチャットに規約違反が報告されたため、@1の機能を制限します
9790,クラウド名と紹介文は、審査を通った後で公開されます
9791,本日の修正回数が上限に達しました
9792,申し立て理由を入力してから提出してください
9793,「コンテンツのリリースについて」を読み、申し立て理由を入力してから提出してください
9794,申し立て理由を書いてください（6～30文字）
9795,申し立てを提出しました
9796,通報内容は何ですか
9797,プレイヤー
9798,プレイヤー音声
9799,提出できませんでした
9800,マップの通行証期限が切れているため、ルームに入れません！
9801,このクラウドの名称と紹介は審査を通過できませんでした
9802,あなたのチャットに規約違反が報告されたため、永久的に機能を制限します
9803,あなたのクラウド公告に規約違反が報告されたため、永久的に機能を制限します
9804,ルームを通報する
9805,クラウド名と紹介文を再修正する場合も、審査が終わるまでお待ちください。
9806,クラウド公告に関する通報を多数受けているため現在編集できません。審査が終わるまでお待ちください
9807,このマップは規約違反の疑いがあるため、クラウドを起動できません
9808,二次創作マップのためクラウドを起動できません
9809,複数クラウドを作成する
9810,一括処理
9811,すべてのクラウド
9812,作動中
9813,マップなし
9814,期限切れ
9815,実行する
9816,操作を選択してください
9817,クラウドを開放する
9818,クラウドを閉鎖する
9819,クラウドをリセットする
9820,クラウドの更新
9821,マップをアップロードする
9822,一括処理するクラウドにチェックを入れてください
9823,開放できるクラウドがありません
9824,閉鎖できるクラウドがありません
9825,クラウドを#cfff0000@1#nつ閉鎖します。閉鎖するとクラウドからすべてのプレイヤーを追い出します！
9826,リセットできるクラウドがありません
9827,#cfff0000@1#nつのクラウドをリセットします?リセットすると?現在のセーブデータバックアップ及びクラウド設定などの情報が#cfff0000不可逆的#nに消去されてしまいますので、必ず慎重に行ってください！
9828,アップロードできるマップがありません
9829,更新が必要なクラウドがありません
9830,一括処理の種類を選択してください
9831,クラウドを開放しました
9832,クラウドを閉鎖しました
9833,クラウドをリセットしました
9834,クラウドを更新しました
9835,クラウドを一括管理する
9836,#c3D4546クラウド総数:#n#c01C210 @1#n#c3D4546開放済み:#n#c01C210 @2#n#c3D4546閉鎖済み:#n#c01C210 @3#n #c3D4546期限切れ：#n#c01C210 @4#n
9837,#c3D4546クラウドを#n#cFF723A@1#n#c3D4546つ選択済み
9838,閉鎖し更新する
9839,合計#cFF0000@1#nつのクラウドがバージョンを更新しています（最新版@2）
9840,更新時はクラウドが閉鎖してしまうため、#cFF0000クラウド内のすべてのプレイヤーを追い出します！#n更新完了後に自動でクラウドを開放します。
9841,クラウドタイプを選択してから操作してください
9842,関連ページで支払いを済ませてから操作してください
9843,すべてを選択解除する
9844,クラウドサーバーの起動に失敗しました、後でもう一度お試しください（@1）
9845,クラウドサーバーの部屋のホスト
9846,2
9847,このルームには違反行為が確認されたため、@1秒以内にルームを閉じます。
9848,ホールに戻る
9900,@Null@
9901,@Null@
9902,@Null@
9903,@Null@
9904,@Null@
9905,@Null@
9906,@Null@
9907,@Null@
9908,@Null@
9909,@Null@
9910,@Null@
9911,@Null@
9912,アクティベートコードを交換しました
9913,交流が頻繁すぎるので、しばらくしてから再度お試しください
9914,このコードはすでに使われています
9915,本日のエラー回数が上限に達しました。明日またお試しください
9916,このアクティベートコードは存在しません
9917,交換に失敗しました。しばらくしてから再度お試しください。
9918,このアクティベートコードは受取期間外です
9919,最新バージョンに更新してください
9920,本日の交換回数が上限に達しました。明日またお試しください
9921,一括交換回数が上限に達しました。
9922,ゲーム用端末でコードを読み取ってアクセスしてください
9923,受け取りに失敗しました。カスタマーセンターに連絡してください
9924,サーバーエラーです。しばらくしてから再度お試しください
9925,@Null@
10000,鑑賞家がレビューを公開した理由は次のうちどれ？
10001,ブラックドラゴンを倒した勇士を見つけるため
10002,ゲーム内の赤土大陸を見つけるため
10003,もっと面白いマップをたくさん見つけるため
10004,鑑賞家が持つ特別な権力は次のうちどれ？
10005,開発者モードのマップを作成できる
10006,フレンドのガーデンに水やりできる
10007,レビューをトレンドに表示させることができる
10008,鑑賞家の能力について、次のうち正しいのはどれ？
10009,レビューをマップのトレンドに表示させることができる
10010,鑑賞家のレビューはマップコメント欄のトップに表示される
10011,どちらの選択肢も正しい
10012,鑑賞家の任務は次のうちどれ？
10013,ゲーム内にいる砂漠商人を見つけること
10014,精巧な電気回路装置を作ること
10015,面白いマップをたくさん見つけてシェアすること
10016,鑑賞家がおすすめしたマップは絶対に面白い？
10017,ええ、鑑賞家の言葉は絶対だから
10018,いいえ、プレイヤーは自分が作ったマップだけを遊べばいい
10019,好みは人それぞれだから、絶対とは言えない
10020,鑑賞家がレビューしたマップはどこで見られる？
10021,マルチプレイ
10022,ミニ工房の精選マップ
10023,ミニ工房のおすすめマップ
10024,横画面モードのマップにおすすめな視点は？
10025,三人称視点
10026,一人称視点
10027,横視点
10028,面白いマップを見つける一番早い方法は？
10029,ダウンロード量で探す
10030,工房のプレイヤーエリアから探す
10031,フレンドのおすすめや審査エリアで探す
10032,おすすめできるマップは次のうちどれ？
10033,遊び方が複雑でつまらないマップ
10034,遊び方や目標が見つからないマップ
10035,皆を楽しませるようなマップ
10036,公式が選んだ精選マップの特徴は？
10037,プレイヤーの創作意欲をかきたてるマップ
10038,独特な遊び方があるマップ
10039,どちらの選択肢も正しい
10040,規約内容に違反しているマップに遭遇した。一番効果的な対応は？
10041,コミュニティで話題にする
10042,マップに低評価をつける
10043,マップ評価画面で通報し理由を述べる
10044,「いいね」が集まりやすいマップのコメントは？
10045,根拠のない高評価。例「このマップは超面白いから、みんな遊んでみてね」
10046,ゲーム内容に関係ない話。例「○○超かっこいいよね。わかる人いいねして」
10047,他のプレイヤーにとって参考にする価値のある感想。例「このマップはマルチにおすすめ、2以上の方が楽しい」
10048,ミニ隊長はどんな評価を好むの？
10049,遊ぶ前の評価
10050,根拠のない星1または星5評価
10051,理由が述べられている合理的な評価
10052,よりプロフェッショナルなレビューとは？
10053,文字数が多く、要点がまとまっていない
10054,テキトーに数文字のみ
10055,簡潔な言葉で、わかりやすい内容
10056,システムが人気のあるマップを選んで鑑賞家に送信した。鑑賞家がするべきことは？
10057,見ないふり
10058,遊んでお気に入りに保存する
10059,レビューを出して、他のプレイヤーにもシェアする
10060,あまり好みじゃないマップにはどんなコメントをすればいい？
10061,ただの批判。例「ゴミマップ、嫌い」
10062,理由もなく否定。例「このマップは面白くない。おすすめしない」
10063,理由を述べた理性的なコメント。例「ステージの設置が非合理的。改善を求む」
10064,レビューが削除されてしまったら？
10065,もう一度同じ内容を投稿する
10066,ちゃぶ台をひっくり返してやる！
10067,削除された理由を考えたり、人に聞いたりして今後は直す
10068,有意義なコメントは次のうちどれ？
10069,「面白すぎる。みんなもやってみて」
10070,「私と同意見の人はいいねしてね」
10071,マップで遊んだ後の感想を述べる
10072,暴言コメントを見つけたらどうする？
10073,一緒に騒ぐ
10074,コメントした人を呪う
10075,通報し理由も述べる
10076,言葉の暴力は次のうちどれ？
10077,「このマップのトラップには気をつけて」
10078,「このマップは面白いよ。みんなも一緒にやろう！」
10079,「このマップで遊ばないやつはバカo(>_<)o」
10080,@Null@
10081,@Null@
10082,@Null@
10500,@Null@
10501,密生
10502,密集
10503,とても多い
10504,ちけいがく
10505,海抜高度：63
10506,最小値
10507,最大値
10508,すでに存在しています
10509,デフォルトに戻しました
10510,信用：
10511,良好
10512,優秀
10513,いまいち
10514,作者の信用値：
10515,個人信用値：
10516,#L信用値について
10517,通報理由は何ですか
10518,通報の詳細
10519,通報理由を入力する
10520,#L#cfa7a0f戻る
10521,チート行為
10522,悪意あるイタズラ
10523,ポルノ関連の違反画像をアルバムに掲載
10524,政治的かつセンシティブ内容を含む画像をアルバムに掲載
10525,ポルノ関連の違反画像をアイコンに使用
10526,政治的かつセンシティブ内容を含む画像をアイコンに使用
10527,ブラックテクノロジーを使った修正
10528,セーブデータのキャプチャが規約違反
10529,セーブデータタイトル及び説明が規約違反
10530,他人のセーブデータを盗用
10531,わいせつな内容
10532,政治的かつセンシティブ内容
10533,セーブデータの有料コンテンツと説明が一致しない
10534,セーブデータの有料コンテンツと説明が一致しない
10535,通報センター
10536,政治的かつセンシティブ内容を含む情報
10537,重複して通報しないてください
10538,@Null@
10539,@Null@
10540,@Null@
10541,アクション
10542,@Null@
10543,@Null@
10544,@Null@
10545,このモーメンツに不適切な内容が含まれている可能性があるため、一旦非表示にします
10546,健全なゲーム環境を維持する必要があります。再入力してください
10547,このマップに不適切な内容が含まれている可能性があるため、一旦非表示にします
10548,健全なゲーム環境を維持する必要があります。ルームを作成できません
10549,このマップに不適切な内容が含まれているため、ゲームを開始できません
10550,暴言、侮辱やハラスメント
10551,広告を含む
10552,意味のない内容
10553,マップを通報する
10554,通報理由を選択してください
10555,通報理由を書いてください（6～100文字）
10556,このセーブデータ
10557,このモーメンツ
10558,このコメント
10559,短期間で複数の通報を受けたため、このマップは現在審査中です。ダウンロードできません
10560,短期間で複数の通報を受けたため、このマップは現在審査中です。ルームに入れません
10561,短期間で複数の通報を受けたため、このマップは現在審査中です。ゲームにアクセスできません
10562,短期間で複数の通報を受けたため、このマップは現在審査中です。ルーム開設できません
10563,短期間で複数の通報を受けたため、このルームのマップは現在審査中です。検索できません
10564,短期間で複数の通報を受けたため、このマップは現在審査中です。シェアできません
10565,短期間で複数の通報を受けたため、このマップは現在審査中です。コメントの確認はできません
10566,@Null@
10567,あなたは最近複数回通報されているため、しばらくオンラインルームを作成できません
10568,このルームは規約違反の疑いがあるため、検索できません
10569,このルーム
10570,審査中はマップを操作できません
10571,暴力的な内容
10572,あなたは最近複数回通報されているため、@1オンラインルームの作成を禁止します
10573,審査中はレビューを操作できません
10574,審査中はモーメンツを操作できません
10575,"親愛なるプレイヤーの皆さん：
 「#c0aaa1a利剣行動#n」にて、多くのプレイヤーからあなたの#cef2d2d@1#nに#cef2d2d@2#nの疑いがあるとの通報が寄せられました。システムの調査を得て事実だと判明しましたため、残念ながら#cef2d2d@3#nペナルティの対象となります。これからは規則に従い、健全で公平なゲーム環境作りに努めましょう。（ミニ隊長より）"
10576,"親愛なるプレイヤーの皆さん：
 あなたが#cef2d2d@1#nで#cef2d2d@2#nに#cef2d2d@3#nの行為があると通報した件について、システムの調査により事実であることが判明したため、当該プレイヤーには#cef2d2d@5#nペナルティを実施しました。「#c0aaa1a利剣行動#n」にご参加いただき、ミニワールドの健全で公平なゲーム環境作りにご協力いただきありがとうございます。（ミニ隊長より）"
10577,あなたは最近複数回通報されているため、マップのアップロードを@1まで禁止します
10578,あなたは最近複数回通報されているため、マップのアップロードを永久に禁止します
10579,あなたは最近複数回通報されているため、画像のアップロードを@1まで禁止します
10580,あなたは最近複数回通報されているため、画像のアップロードを永久に禁止します
10581,あなたは最近複数回通報されているため、ルームの発言機能を@1まで禁止します
10582,あなたは最近複数回通報されているため、ルームの発言機能を永久に禁止します
10583,あなたは最近複数回通報されているため、マップのレビュー投稿を@1まで禁止します
10584,あなたは最近複数回通報されているため、マップのレビュー投稿を永久に禁止します
10585,あなたは最近複数回通報されているため、モーメンツの投稿を@1まで禁止します
10586,あなたは最近複数回通報されているため、モーメンツの投稿を永久に禁止します
10587,あなたは最近複数回通報されているため、モーメンツのコメント投稿を@1まで禁止します
10588,あなたは最近複数回通報されているため、モーメンツのコメント投稿を永久に禁止します
10589,あなたは最近複数回規約を違反しているため、ゲーム内のすべてのオンライン機能の使用を@1まで禁止します
10590,あなたは最近複数回規約を違反しているため、ゲーム内のすべてのオンライン機能の使用を永久に禁止します
10591,強制ログアウトになりました
10592,あなたは最近複数回通報されているため、オンラインルームの作成を永久に禁止します
10593,このプレイヤーは黒い小部屋に入れられ（ブロックされ）、%sできません
10594,セーブデータ
10595,個人センター
10596,オンラインルーム
10597,セーブデータコメント
10598,モーメンツ
10599,アクションコメント
10600,マップのアップロード機能を@1まで禁止します
10601,マップのアップロード機能を永久に禁止します
10602,画像のアップロードを@1まで禁止します
10603,画像のアップロードを永久に禁止します
10604,オンラインルームの作成を@1まで禁止します
10605,オンラインルームの作成を永久に禁止します
10606,ルームの発言機能を@1まで禁止します
10607,ルームの発言機能を永久に禁止します
10608,マップのレビュー投稿を@1まで禁止します
10609,永久にマップのコメント機能を禁止します。
10610,モーメンツの投稿を@1まで禁止します
10611,モーメンツの投稿を永久に禁止します
10612,モーメンツのコメント投稿を@1まで禁止します
10613,モーメンツのコメント投稿を永久に禁止します
10614,@Null@
10615,@Null@
10616,@Null@
10617,@Null@
10618,@Null@
10619,@Null@
10620,@Null@
10621,@Null@
10622,@Null@
10623,@Null@
10624,@Null@
10625,@Null@
10626,@Null@
10627,@Null@
10628,@Null@
10629,@Null@
10630,申し立て
10631,申し立ての成功率を高めるために、申し立て理由を丁寧に記入してください
10632,申し立て理由を50文字以上入力してください
10633,申し立てを提出しました。90日以内に審査が完了します
10634,あなたの申し立てはただいま審査中です
10635,申し立ての審査が完了しました。あなたのマップには規約違反または不適切な内容が含まれているため、違反行為と判断します。本プラットフォームでは違法なコンテンツの生成、発信を禁止しています。規約に従わない場合、法的責任を追究することもあります。
10636,申し立て理由を50文字以上入力してください
10637,申し立て理由を500文字以内で入力してください
10638,このマップは規約違反の疑いがあるため使用できません。申し立てを行う場合は、右上のボタンをタップしてください
10639,マップは現在審査中のため、オンライン機能を使用できません。審査が終わるまでお待ちください
10640,このマップは規約違反の疑いがあるため、オンライン機能を使用できません。
10641,オンライン機能を使用する場合はマップをアップロードしてください。今はシングルプレイモードです
10642,自分のみ閲覧可能のマップでオンラインルームを作成することはできません。シングルプレイのみです。
10643,この機能を使用するには、携帯番号の紐づけが必要です
10644,この機能はを使用するには、携帯番号での認証が必要です
10645,先に携帯番号の認証を行ってください（メールアドレス認証非対応）
10646,タップして内容を入力する（規則違反とされる内容を送信しないでください。消費誘導に関する情報の送信を禁止します）
10647,冒険家様：規則違反とされる内容、詐欺情報やSNS関連の情報を送信するとブラックハウスに閉じ込められますよ
10648,このマップは不適切な内容を含む疑いがあるため、オンライン機能を使用できません
10649,このマップは審査されていないものです。審査済みの最新バージョンをダウンロードしてください
10650,マップの状態が変化しました。ゲームにログインし直してください
10651,審査を取り消す
10652,取り消しました
10653,取り消しに失敗しました。ネットワークを確認後、再度お試しください
10654,"本当に審査を取り消しますか？
 #cef2d2d（審査を取り消すと、次回提出の際にまた一から順番に審査待ちすることになり、時間がかかりますよ）"
10655,再審査中のため取り消しできません
10656,再審査中
10657,このマップは現在審査中のため、しばらくオンライン機能を使用できません
10658,古いものは期限が切れているため、オンライン機能を使用できません。最新版のマップに更新してください
10659,レビュー完了！このマップには不適切な内容が含まれるため、鑑賞家コーナーには表示されません
10660,作成したオンラインマップに不適切な内容が含まれるため、このクラウドはマルチプレイには表示されません
10700,詐欺
10701,ハッカー
10702,規約違反の広告
10703,いじめ/ハラスメント
10704,歪んだ価値観
10705,不公平な遊び方
10706,他人の作品の盗用
10720,@Null@
10721,過去にVCルール違反があったため、警告します。これ以上VCルール違反の行為をした場合、VC機能はバンされます
10722,@Null@
10723,@Null@
10724,VCルール違反行為を何度もしたため、ミュートされました。終了まであと：@1
10725,@Null@
10726,@Null@
10727,@Null@
10728,星啓計画-地図品質評価結果通知
10729,クリックすると、ドレスアップが交換できるよ
10730,試合用自己紹介
10731,@1まで試合用自己紹介の発表機能をオフにする
10732,永久的に試合用自己紹介の発表機能をオフにする
10800,@Null@
10801,サイと会話する
10802,サイに聞けば、たくさん教えてくれるよ。
10803,わかった。
10804,いってらっしゃい。
10805,わかった。
10806,何か用？
10807,うん。
10808,ははは、やっと来たのか。
10809,ずいぶん待ってたの？
10810,ニワトリを捕まえる
10811,ニワトリを1羽捕まえるのを手伝って。
10812,任せて。
10813,どうして自分でやらないの？
10814,じっくり目標を定めるんだ。
10815,いいよ。
10816,ニワトリを捕まえたらまた来てくれ！
10817,わかった。
10818,よくやった。可哀そうな鶏だ。
10819,…
10820,チェリーの木を集める
10821,チェリーの木が10本欲しい。
10822,任せて。
10823,さよなら。
10824,早く木を採りに行け！
10825,わかった。
10826,木材は？
10827,もう少し時間をくれ。
10828,木材は？
10829,ここにある。
10830,いってらっしゃい。
10831,わかった。
10832,ミッションを完了したか？
10833,まだだよ。
10834,ミッションを完了したか？
10835,うん。
10836,ようこそミニワールドへ。
11000,@Null@
11001,冒険ノート
11002,進行状況：
11003,報酬：
11004,提出目標
11005,交流
11006,ストーリー
11007,ストーリー設定
11008,ミッションリスト
11009,配布ミッション
11010,デフォルトの会話
11011,交流機能
11012,発動機能の選択
11013,"会話続行：次の会話に進む。
 会話スキップ：別の会話にスキップする。
 会話終了：会話をやめる。
 ミッション引き受け：ミッションを1つ引き受ける。ミッションの追加と編集ができる。"
11014,会話続行
11015,会話スキップ
11016,会話終了
11017,ミッション引き受け
11018,オリジナルストーリーを修正する
11019,新規ストーリーを作成する
11020,修正したいストーリーを選択する
11021,デフォルト
11022,分類2
11023,分類3
11024,今あるテンプレートを選択する
11025,ストーリー編集
11026,ストーリー名
11027,タップして編集
11028,ストーリー会話
11029,トリガーターゲット
11030,ターゲット位置に自動で交流オプションを生成する
11031,前提条件
11032,開始時間
11033,終了時間
11034,前提ミッション1
11035,前提ミッション2
11036,前提ミッション3
11037,アイテム選択
11038,所有数
11039,ストーリー編集説明
11040,"ストーリープラグインの使い方：
 1 ストーリー名、アイコン、会話を設定します。
 2 トリガーターゲットを選択します。
 3 ストーリープラグインをマップにアップロードします。
 4 トリガーターゲットを見つけて、右クリック/タップすれば、ストーリーが発動します。
 
 オプションの機能説明：
 アイコン：プラグインリストの表示としてのみ使用します。
 前提条件：どのような条件でストーリーが発動するのかを設定します。
 ストーリー会話：タップして会話を設定します。
 トリガーターゲット：トリガーターゲットを選択し、マップに入った後ターゲットを右クリック/タップすると、ストーリーが発動します。
 ミッションリスト：このストーリーに追加されたミッションが表示されます。
 
 PS：ミッションはストーリー会話-回答設定-発動機能からしか追加できません。
 #cfa7a0f個別トリガー：#n開発者工具内のトリガーと異なり、個別トリガーはこれまでにない、このプラグインに対してのみ起動される一連のイベントを有しています。プラグインによってより多くの可能性がもたらされます！
 #cfa7a0f個別シナリオ：#n開発者ツール内のシナリオと違い、個別シナリオのイベントもこのプラグインに対してのみ発動します。
 PS：このプラグインで旧バージョンのプラグイン内蔵のトリガーまたはシナリオを使用していた場合、個別トリガーまたは個別シナリオのオプションバーのページ右上にある新規に追加されたバージョンの変更スイッチをクリックすることで、旧バージョンに内蔵されたトリガー、シナリオに戻して編集することができます。ただし旧バージョンは今後新規に追加される内容には対応していません。どうぞご理解ください。"
11041,アイコンを選択してください
11042,生物
11043,アイテム
11044,前提条件を設定すると、条件を満たした場合のみストーリー会話が表示されます。
11045,なし
11046,前提ミッション
11047,ワールド時間
11048,所有アイテム
11049,ミッション選択
11050,ストーリー編集に関する設定をデフォルトに戻しますか？
11051,決定
11052,キャンセル
11053,ストーリー会話設定
11054,会話内容
11055,回答1
11056,回答2
11057,回答3
11058,回答4
11059,削除
11060,挿入
11061,回答設定
11062,回答内容
11063,発動機能
11064,会話選択
11065,ミッション選択
11066,どの会話にジャンプするか選択してください。
11067,どのミッションを引き受けるか選択してください。
11068,新規作成ミッション
11069,現在の会話を削除しますか？
11070,ストーリー会話の回答にミッションを追加してください。
11071,ミッション設定
11072,ミッション名
11073,ミッションタイプ
11074,ミッション報酬
11075,経験報酬
11076,ストーリー会話（ミッション引き受け後）
11077,提出する必要はありますか
11078,提出目標
11079,ターゲット位置に自動で交流オプションを生成する
11080,ミッション報告（未達成）
11081,ミッション報告（達成）
11082,冒険ノートに表示する
11083,ミッションの目標を選択する
11084,"なし：ミッションを引き受けると自動で達成する
 生物を倒す：生物を倒す
 アイテム提出：ミッション報告時にアイテムも提出する"
11085,なし
11086,生物を倒す
11087,アイテムを提出する
11088,ミッション目標
11089,このミッションを削除しますか？
11090,会話内容を入力してください
11091,繰り返しますか？
11092,冒険ノートに表示する
11093,ミッション引受/提出画面を使用する
11094,アイコン
11095,タップして会話内容を入力する
11096,使用せず、タップして編集する
11097,@Null@
11098,会話設定の説明
11099,"会話ルール：
 1 生物を右クリック/タップしてストーリーを発動させると、会話ができます。
 2 会話は左のリストの上から順に再生されます。
 3 回答が設定してある場合、回答を選択しないと次には進みません。
 
 オプション機能説明：
 会話内容：NPCが話す内容です。
 回答1~4： 主人公が選ぶ選択肢それぞれに1つトリガー機能を設置できます。
 左側+ボタン：一番下に新たに会話を追加します。
 削除：現在選択した会話を削除します。
 挿入：現在の選択した会話の上に新たに会話を追加します。
 
 PS：回答内容を空白にすると、会話の際にその回答は表示されません。"
11100,完了後自動で提出します。
11101,説明を読んでから編集することをおすすめします。
11102,ミッション設定の説明
11103,"ミッション設定オプション説明：
 
 ストーリー会話（ミッション引き受け後）：ミッションを引き受けた後、ミッションを受けたNPCが話す内容です。
 提出の必要：ミッション達成時に提出の必要があるかどうかを設定し、なければ達成後に自動で提出します。
 提出目標：ミッションの提出先である生物です。
 ミッション提出時の会話（未達成）：ミッションが未達成の時のNPCが話す内容です。
 ミッション提出時の会話（達成）：ミッションが達成された時のNPCが話す内容です。
 重複について：ミッションが重複して行われるかどうかを決めます。
 ミッション引受/提出画面使用：ミッションの引き受けと提出時に使用する画面です。"
11200,@Null@
11201,ストーリープラグインで交流機能を追加してください。
11202,交流機能の説明
11203,"ストーリーとミッションを発動させるトリガーターゲットに設定した生物は、自動的に画面に表示されます。#r
 【編集】ストーリーと任務を設定できます。#r
 【追加交流】ショップと商品を編集できます。#r 
 PS：ストーリープラグインでストーリーの作成や編集を行い、ストーリーを発動させるトリガーターゲットを設定できます。"
11204,現在の設定を保存し、ストーリー編集に向かいますか？
11205,冒険ノート更新済み
11206,本当にこのミッションを諦めますか？
11207,冒険ノートは空っぽです
11208,完了しました！
11209,@1と会話する。
11210,提出可
11211,生物を倒す
11212,アイテム収集
11213,、それから@1に報告する。
11214,、それから@1に提出する。
11215,倒す
11216,収集
11217,完了後自動で提出する
11218,ミッション引き受け
11219,配布ミッション
11220,タップして選択
11221,ミッション引受後自動で完了する。
11222,作成可能な表示のみ
11301,@Null@
11500,@Null@
11501,物理属性
11502,物理属性説明
11503,"上級物理を開放すると：
 1.その物体は重力落下や跳ね返りなど、よりリアルな物理効果を伴います。
 2.関連の物理属性パラメータを編集でき、パラメータを変えることで異なる効果を発揮します。"
11504,#L上級物理を開放する
11505,開放すると、よりリアルな物理効果を獲得できます。
11506,#L物理素材
11507,物理素材は摩擦力と弾力に影響します。
11508,#L抗力
11509,抗力が強いほど、物体の速度は速く減衰します。
11510,#L回転抵抗力
11511,回転抵抗力が強いほど、物体の回転速度が速く減衰します。
11512,#L質量
11513,質量が大きいほど、飛ばされたり押し出されたりしにくくなります。
11514,#L重力影響を受ける
11515,オフにすると物体は空中から落下しなくなります。
11516,物理素材選択
11517,物理素材を選択するか、カスタマイズした物理素材を追加または修正してください。
11518,素材テンプレート選択
11519,"選択後、テンプレートのパラメータに上書きされます。
 この素材の音声はテンプレート素材の音声を使用します。"
11520,#Lテンプレート
11521,タップして素材テンプレートを選択する。
11522,カスタマイズ素材
11523,素材名
11524,素材名説明
11525,#L動摩擦
11526,動摩擦が大きいほど、物体が地面で滑る速度は速く減衰します。
11527,#L静摩擦
11528,静摩擦が大きいほど、押し出されにくくなります。
11529,#L弾性
11530,弾性が大きいほど、衝突した際により遠くに跳ねます。
11531,モデルサイズ
11532,モデルサイズ説明
11533,強弾性（デフォルト）
11534,無弾性（デフォルト）
11535,金属
11540,追加素材
11541,小
11542,中
11543,大
11544,この物理素材を削除しますか？
11545,滑らか（デフォルト）
11546,共通（デフォルト）
11547,粗い（デフォルト）
12001,機械の生産工場
12002,"1.機械の生成
 1)機械を設置する工場、建造エリアに出現します。
 2)建造エリアでは#c0aaa1a面と面が隣り合った状態で#n運転席、エンジン、車輪及び車体ブロックが置かれています。
 3)右クリックで機械工場画面を開き、生成ボタンで機械を生成します。
 
 2.注意事項
 1)車首の方向：#c0aaa1a建造エリアの矢印#n方向です。
 2)パーツ制限：機械コア（運転席）を必ず1つ、エンジン最大1、車輪最大20まで、乗客席最大39、車体ブロック最大1000。
 3)生成位置：冒険モードでは建造エリアにあるブロックが#c0aaa1aそのまま機械に変わります#n。創造モードでは工場の右側に生成されます。
 4)車体の質量：走行に影響します。例えば、木の車体だと安定せず、鉄だと重すぎて速度が遅くなります。
 5)車体の形：走行に影響します。例えば、車輪2つよりも4つある方が安定します。
 6)車体ブロック：ほとんどの#c0aaa1a固体ブロック#nや#c0aaa1aミニチュアブロック#nを使用できます。キャラクターが#c0aaa1a建造エリアに入ると#n、アイテムTipsから物理属性を確認することができます。
 
 3.機械のローディング
 1)手に#c0aaa1aスパナー#nを持って機械に使用すると、カプセルに変えることができます。PS：拾う時は#c0aaa1aショートカットバーにスペースがあること#nを確認してください！
 2)機械カプセルを手に持ち、地面に使用すれば、機械を召喚できます。
 3)機械カプセルは機械工場でローディングできます。対象の機械を工場内でブロックの形にすることができます。
 
 4.双方向性
 1)他の物理物体と接触できます。
 2)フィジカルタッチブロック、タッチセンサー板、ノーマルセンサー板及びキラキラブロックと接触できます。
 3)重力手袋と噴射の栓で掴むことができます。
 
 5.戦闘関連
 1)パーツ破損：パーツにはHPが存在し、攻撃を受けるとHPが減り、0になるとパーツは破壊されます。
 2)衝突ダメージ：機械の乗り物が衝突を起こした場合、衝突ダメージを受けます。衝突した力が大きいほど、ダメージも大きくなります。
 3)ダメージスイッチ：乗り物ダメージは、プレイルール-ワールド設定で追加された乗り物ダメージのスイッチでオンとオフを切替えられます。"
12003,機械を生成する
12004,機械のローディング
12005,生成
12006,ローディング
12007,機械カプセルを選択してください：
12008,エリア内にすでにブロックがあるため、ローディングできません
12010,左キー
12011,右キー
12012,km/h
12013,まだ乗客がいるため、機械カプセルを生成できません
12014,資源工房に保存する
12015,重心表示
12016,kg
12017,設置できる機械コアは1つまでです
12018,電力が足りません
12019,このブロックは機械の組み立てに使用できません
12020,設置できるエンジンは1つまでです
12021,機械コア（運転席）が足りないため生成できません
12022,機械コア（運転席）が1つ以上あるため生成できません
12023,マップの乗り物が多すぎます。少し減らしてください
12024,機械カプセルを入れてください
12025,数量が上限に達しました
12026,数量が上限を超えました
12027,ローディング中です
12028,HP
12029,使用電力
12030,質量
12031,機械名
12032,機械説明
12033,ダメージ設定
12034,乗り物破壊可
12051,構成パーツ
12081,移動パーツ
12082,車輪
12083,機械フット
12084,プロペラ
12085,機械の翼
12086,浮遊器
12111,動力パーツ
12112,エンジン
12113,推進器
12114,エネルギー
12115,渦巻き型プロペラ
12141,座席
12142,運転席
12143,乗客席
12144,ラダー
12171,武器
12172,近接武器
12173,マシンガン
12174,大砲
12175,手榴弾
12176,ロケット弾
12177,火炎噴射機
12178,焼夷弾
12179,レールガン
12180,クロスボウ
12201,機能パーツ
12202,電源
12203,電気回路機械
12204,制御装置
12205,ジョイント
12206,補助装置
12231,ジョイント装置
12300,動作序列機
12301,各運行時間
12302,ループ実行
12303,すべてリセット
12304,"1.使い方説明
 1)機械の組み立てに使用し、通電すると#c0aaa1a繋がっている回旋ブロックとスライドブロックが#n設定した順番で作動します。
 2)機械に装着しタップすると#c0aaa1a動作序列設定画面が開きます#n。
 
 2.画面操作
 1)最大で8つのジョイントパーツ（回旋ブロックまたはスライドブロック）を繋ぐことができます。
 2)一番左の数字ボタンで一連の動作をオン/オフできます。#c0aaa1a閉じている時は、この列の動作をスキップします#n。
 3)各動作をタップすると、回旋ブロックの角度やスライドブロックの通電状況を設定できます。
 4)各列の作動時間：各列の作動時間を設定できます。
 5)ループ実行：動作序列の設定が完了すると、#c0aaa1a最初から作動し始めます#n。断電するとそのまま停止します。
 6)すべてリセット：画面の設定をすべてリセットします。
 7)保存：設定後は保存しないと適用されません。"
12305,角度
12310,このパーツが制御できるパーツは@1つのみです
12311,このパーツは最大@1つのパーツに制御されます
12312,接続失敗
12313,燃料が満タンです。追加の必要はありません
12314,燃料の補充には機械の燃油が必要です
12315,赤外線センサーブロック
12316,検出距離
12317,光センサー
12318,高度センサー
12319,速度センサー
12320,光検出範囲
12321,高度検出範囲
12322,速度検出範囲
12323,検出範囲
12324,検出範囲
12325,検出範囲
12326,正
12327,反
12328,工場で乗り物に使用してください
12329,伸縮距離
12330,目標角度
12331,旋回角度
12332,必要燃料
12333,エンジンの装着が必要
12334,放置位置は範囲外
12500,編集中の生物モデル
12501,編集を続ける
12502,パーツ
12503,人型生物
12504,生物モデルを作成する
12505,アクション骨組みテンプレートを選択
12506,頭
12507,体
12508,右腕
12509,左腕
12510,右もも
12511,左もも
12512,パーツモデルを選択
12513,生成
12514,モデルをゲームに作成する
12515,直立（生物待機）
12516,走る
12517,寝る
12518,座る
12519,泳ぐ
12520,攻撃
12521,戦敗
12522,攻撃を受ける
12523,モデルパーツを削除する
12524,他のメンバーがこのモデルを編集しているため、しばらくしてから再度お試しください
12525,生物モデルをインポート
12526,インポート
12527,フリー視点
12528,横視点
12529,二人称視点
12530,俯瞰視点
12531,四肢動物
12532,簡易生物
12533,パーツ数が上限に達しました
12534,パーツ数が上限に達しています。削除してから再度お試しください
12535,左右対称調整
12536,使用できる生物モデルはありません。先に製作してください
12537,生物モデル
12538,プラグインに対応するミニチュアモデルまたはカスタマイズモデルのみ使用できます
12539,STLファイルをエクスポートしました
12540,バージョンが古すぎます
12541,バージョンが古すぎます
12542,バージョンが古すぎます
12543,バージョンが古すぎます
12544,バージョンが古すぎます
12545,バージョンが古すぎます
12546,バージョンが古すぎます
12547,バージョンが古すぎます
12548,バージョンが古すぎます
12549,バージョンが古すぎます
12550,モデルタイプを選択
12551,例示モデル
12552,カスタマイズモデル
12553,例示モデルの作成は、基礎モデルとアクションがあるので初心者におすすめです
12554,ミニチュアモデルを使用した新しいモデルの作成、アクション編集、ブロック、アイテム、生物外観を使用
12555,決定
12556,モデル
12557,アクション
12558,新規作成
12559,コピー
12560,新規作成パーツ
12561,モデルを選択
12562,パーツ名の入力
12563,本文を入力してください
12564,パーツの名前が重複しています
12565,文字数上限を超えています
12566,パーツコピー
12567,名称
12568,同時にすべての子パーツをコピーする
12569,ミラーリング
12570,パーツ修正
12571,レベル調整
12572,非表示
12573,表示
12574,削除
12575,パーツ修正
12576,パーツを削除しています。子パーツがある場合は、一緒に削除されます
12577,同レベルパーツに設定する
12578,子パーツに設定する
12579,すでに同レベル関係です
12580,子パーツに設定できない同レベルパーツです
12581,子パーツの子パーツには設定できません
12582,キャンセル
12583,デフォルト（ブロック、アイテム待機）
12584,フレーム
12585,フレームレート設定
12586,上限300フレーム、1フレーム0.1秒
12587,入力が正しくありません
12588,最大フレームレートを超えています
12589,パーツを先に選んでください
12590,アクション編集でモデルパラメータは変更できません
12591,最大フレームレートに到達
12592,カスタマイズモデルを生成する
12593,説明
12594,生成
12595,ブロック
12596,アイテム
12597,生物
12598,生成したカスタマイズモデルは資源センターに保存されます。プラグインリストブロック、アイテム、生物などのプラグインの外観も資源工房内のカスタマイズモデルで変更できます
12599,タイプ未選択
12600,保存完了
12601,例示モデルを保存する
12602,データをダウンロードしています
12603,ローディング中です。お待ちください
12604,ダウンロード失敗
12605,データのダウンロードに失敗しました。再度お試しください
12606,もう一度試す
12607,データを保存する
12608,データを保存しています。お待ちください
12609,保存できませんでした
12610,データを保存できませんでした。再度お試しください。退出するとデータは保存されません
12611,退出
12612,本当に退出しますか？退出するとデータは保存されません
12613,すでに子パーツ関係です
12614,目標の子パーツ総数が上限を超えるため設定できません
12615,機能工事中
12616,パーツをインポートする
12617,パーツを選択してからコピーしてください
12618,骨組みパラメータ
12619,モデルパラメータ
12620,カスタマイズモデル
12621,カスタマイズモデルはブロック、アイテム、生物プラグインの外観として使用できます
12622,選択したパーツのキーフレームを削除しています
12623,このフレーム下にある他のパーツのキーフレームを同時に削除します
12624,モデルがないため生成できません
12625,子パーツの総数が上限に達しました
12626,この位置にはキーフレームがあるため設定できません
12627,このフレーム下にあるすべてのパーツのキーフレームを削除しています
12628,例示モデルのタイプを選択する
12629,キーフレームを挿入する
12630,コピー
12631,ペースト
12632,キーフレームを削除する
12633,キーフレームをコピーしました
12634,キーフレームを貼り付けています。このフレームのデータを上書きしますか？
12635,先にパーツを新規作成してください
12636,先にモデル編集でパーツを新規作成してください
12637,カスタマイズモデルについて
12638,"#cfa7a0fカスタマイズモデルとは？#n
 カスタマイズモデルはブロック、アイテム、生物が使用できる外観です。プレイヤーはカスタマイズモデルで親子パーツの骨組みを作成し、そこにミニチュアを装着して目標のモデルを組み立てます。それからアクションエディターを使って時間軸上のさまざまなポイントに異なるポーズを設定し、最後に時間を繋げると一連の動作になります。モデルを1つ作成すれば、それを使ってブロック、アイテム、生物を生成することができます
 
 #cfa7a0f編集画面の入り方#n
 1.カスタマイズモデルエディターを地面に設置して開きます
 2.#c0aaa1a例示モデル#nを選択、または直接#c0aaa1aカスタマイズモデル#nを選択し、最初からモデルを作ります。
 3.モデルタイプ選択画面の下部にある#c0aaa1aインポート#nをタップして、作成したカスタマイズモデルをインポートし、修正した後に別で保存します。
 
 #cfa7a0fモデルの作成方法は？#n
 1.右上の新規作成ボタンをクリックして、パーツを作成します。パーツを選択してから新規作成すると、その子パーツを作成することができます。
 2.シーン内の3D軸をドラッグするか、左下のドラッグバーを使って、パーツの骨組みの変位、回転、拡縮のパラメータを調整します。（注意：パーツ上の水色の点が中心点で、モデルは中心点の位置を基点に回転します。コツとしては、中心点はモデルの起点にあるので、末端に子パーツの中心点を繋いでいきます。関節のような動きを真似ると便利です）
 
 #cfa7a0fアクションの編集方法#n
 1.モデルの作成が完了したら、上部のアクションをクリックして、アクション編集画面に切り替えます。編集したいアクションを選択します。デフォルトのIDが0のアクションは、作成されたブロック、手持ちアイテム、ドロップ及び投擲物にもデフォルトで適用されます。
 2.下の最初のフレームボタンは、アクションの持続時間を変更するもので、再生一時停止、前のフレーム、次のフレーム、ループボタン（注：ループは再生ループのみで、アクションがループされるわけではありません）
 3.調整したい部分を選択した後、時間軸上で変更したいポイントにポインターを置き、プラスをクリックしてキーフレームを追加するか、パーツを直接調整すると自動的にキーフレームが挿入されます。アクションの編集は、ポージングに似ていて、時間軸上の異なるポイントでポージングを作ると、最後にその時点間（キーフレーム）が自動的につながりアクションになります。
 4.キーフレームを選択した後、時間軸の右上でキーフレームの位置を調整したり、コピー&ペーストでキーフレームを削除したりすることができます
 
 #cfa7a0fモデルを作るには？#n
 1.左上をクリックして#c0aaa1aボタンを生成し#n、ブロック、アイテムまたは生物を生成します。
 2.生成されたカスタマイズモデルは、ミニチュアと同様に資源センターに追加されます
 3.プラグインリストのブロック、アイテム、生物のプラグインは、ミニチュアのようなタイプの制限がなく、資源工房から自由に外観を決めることができます
 
 #cfa7a0f例示モデルの使い方#n
 1.好みの例示モデルのテンプレートを選択します
 2.編集画面に進むと、選択した例示モデルの骨組みが右のパーツリストに読み込まれています。
 3.パーツの右側にある管理ボタンをクリックして#c0aaa1aパーツ修正#nし、交換するミニチュアを選択して#c0aaa1aモデルパラメータ#nで変位、回転、拡縮のパラメータで理想になるまで調整します
 4.アクション編集エディターに入ります。すでにいくつかのアクションがプリセットされています。また、パーツを変更して理想の効果を得ることもできます。この例示モデルは、基本のモデルと一部のアクションがすでに完成しているため、パーツをミニチュアモデルに入れ変えるだけで、簡単に理想を実現することができます。
 
 #cfa7a0f骨組みパラメータとモデルパラメータの違いは？#n
 1.パーツのパラメータを調整する際には、左下の#c0aaa1a骨組みパラメータ#nまたは#c0aaa1aモデルパラメータ#nに切替えて調整することができます。
 2.骨組みパラメータ：パーツ全体と子パーツの変位、回転、拡縮のパラメータを調整します。子パーツのパラメータは、親パーツの調整に合わせて相対的に調整されます
 3.モデルパラメータ：パーツ上のモデルのパラメータを、骨組みに対して相対的に調整します。骨組みの中心点に影響を与えたり、子パーツのパラメータに影響を与えることはありません。例示モデルでは、パーツの骨組みがデフォルトで作成されているため、ミニチュアモデルに置き換えた後は、モデルのパラメータを調整して、骨組みに対するモデルのパラメータを調整するだけで簡単にできます。
 4.アクションエディターでできるのは骨組みパラメータの調整のみです
 
 #cfa7a0f親子パーツとは？#n
 1.パーツを選択した後、新規作成でその子パーツを作ることができます。このとき、新しいパーツは選択されたパーツの子になり、選択されたパーツは新しいパーツの親になります。
 2.親子関係は調整やアクションエディターで広く使われています。親パーツの骨格パラメータを調整すると、その子パーツも相対的に変化します。例：太ももを調整する時、子パーツであるふくらはぎや、さらには足までが太ももの動きに合わせて変動します"
12639,選択したパーツの子パーツを新規作成する
12640,リスト内の調整したい目標パーツを選択してください
12641,骨格
12642,上半身
12643,胸部
12644,頭
12645,右上腕
12646,右前腕
12647,右手
12648,左上腕
12649,左前腕
12650,左手
12651,下半身
12652,左太もも
12653,左ふくらはぎ
12654,左足
12655,右太もも
12656,右ふくらはぎ
12657,右足
12658,左前足
12659,右前足
12660,左後ろ足
12661,右後ろ足
12662,尾部
12663,体
12664,左羽
12665,右羽
12666,花
12667,茎
12668,葉
12669,主体
12670,軸
12671,ローター1
12672,ローター2
12673,ローター3
12674,ローター4
12675,人形
12676,動物
12677,装飾物
12678,標準人形
12679,簡易人形
12680,四肢動物
12681,飛行生物
12682,簡易生物
12683,花
12684,風車
12685,葉2
12686,アクションをコピー
12687,アクションをペースト
12688,アクションを削除
12689,コピーしたアクション
12690,コッピーしたアクションをペーストしています。以前のアクションが上書きされます
12691,現在のアクションデータを削除しています
12692,@Null@
12693,@Null@
12694,@Null@
12695,@Null@
12696,@Null@
12697,@Null@
12698,@Null@
12699,@Null@
12700,@Null@
13000,開発者工具
13001,トリガー
13002,シナリオ
13003,先にトリガーを選択してください
13004,先にトリガー新規作成してください
13005,トリガーグループの新規作成
13006,トリガーの新規作成
13007,変数庫
13008,トリガースイッチ
13009,現在のトリガーに情報を追加する
13010,トリガーグループ
13011,トリガー
13012,イベント
13013,条件
13014,アクション
13015,@1を追加
13016,条件を追加
13017,アクションを追加
13018,ウィジェットスイッチ
13019,@1選択
13020,入力
13021,関数庫
13022,テンプレートバンク
13023,オプション
13024,選択対象
13025,変数庫
13026,変数を新規作成
13027,ワールドから選択
13028,イベントでの位置
13029,デフォルト準備ポイント
13030,イベントを発動させるプレイヤー
13031,イベントのターゲットプレイヤー
13032,空気ブロック
13033,イベントのアイテムタイプ
13034,イベントを発動させる投擲物
13035,イベントのドロップアイテム
13036,イベントを発動させる生物
13037,イベントのターゲット生物
13038,関数を追加
13039,再命名
13040,並べ替え
13041,コピー
13042,移動
13043,新規イベントを挿入
13044,新規条件を挿入
13045,新規アクションを挿入
13046,削除
13047,名称
13048,削除を確定する
13049,決定
13050,キャンセル
13051,全体のトリガー
13052,ブロック（プラグイン）
13053,生物（プラグイン）
13054,プラグインを見つけられませんでした
13055,数量が上限に達しました
13056,パラメータ
13057,備考
13058,ヒント
13059,#cef2d2d赤色パラメータ#nが欠けているため入力が必要：
13060,イベントの#cfa7a0f橙色パラメータ#nが見つかりません
13061,コピー完了
13062,ペースト完了
13063,#cef2d2dコピー失敗#n
13064,#cef2d2dペースト失敗#n
13065,左側のトリガーグループを選択してください
13066,#cef2d2dペースト失敗#n。全体のトリガー、プラグインパック、プラグインリスト間でのコピー&ペーストはできません
13067,トリガーが見つかりませんでした
13068,トリガーグループのコピー確定
13069,グループを先に選んでください
13070,追加数値
13071,番号@1
13072,真
13073,偽
13074,値の数量が上限に達しました
13075,値を修正するのはトライアングルをクリックしてください
13076,リンクは利用できない
13077,まずUIスタイルを選んでください
13078,[color=#fa7a0f]@1[/color] を検索した結果
13079,音楽を選択してください。
13080,並び方
13081,昇順
13082,降順
13083,名前は数字、英語と一部の記号しか使えません
13084,タッチして入力
13090,機能メンテナンス中
13200,@Null@
13201,先にシナリオグループを選択してください
13202,シナリオグループを新規作成してください
13203,台本
13204,シナリオグループ
13205,シナリオ
13206,シナリオを新規作成
13207,シナリオ編集
13208,保存済み
13209,API
13210,検索
13211,例とチュートリアルを見る
13212,使用
13213,パラメータ及びタイプ：
13214,リターン値及びタイプ：
13215,作用：
13216,ケース：
13217,保存されていないテキストを検出しました。インポートを続けると上書きされます
13218,無名シナリオ
13219,現在のシナリオを削除しています
13220,バージョンが古すぎます
13400,バージョンが低すぎます
13999,バージョンが低すぎます
14000,移動できません
14001,ブロックを設置できません
14002,ブロックと交流できません
14003,ブロックを破壊できません
14004,アイテムを使用できません
14005,攻撃できません
14006,目標を攻撃できません
14007,目標は破壊されません
14008,アイテムを拾えません
14009,破棄できません
14010,@Null@
14011,@Null@
14012,@Null@
14013,@Null@
14014,@Null@
14015,@Null@
14499,@Null@
14500,工具モード
14501,編集モードに戻る
14502,エリア工具
14503,位置工具
14504,生物工具
14505,ターゲット倉庫
14506,長さ：
14507,幅：
14508,高さ：
14509,X:
14510,Y：
14511,Z：
14512,#c5aea0a起点#nを設置してください
14513,#c5aea0a終点#nを設置してください
14514,#c5aea0a位置ポイント#nを設置してください
14515,#c5aea0a生物#nを設置してください
14516,#c5aea0a任意の生物#nを選択してください
14517,選択
14518,新規作成
14519,エリア@1の作成が完了し、ターゲット庫に追加しました
14520,位置ポイント@1の作成が完了し、ターゲット庫に追加しました
14521,生物@1の作成が完了し、ターゲット庫に追加しました
14522,エリア
14523,位置
14524,生物
14525,改名
14526,再設置
14527,削除
14528,本当に@1を削除しますか？
14529,現在の選択
14530,エリアの大きさが範囲を超えているため作成できません
14531,@1を再設置しました
14532,まだエリアを作成していません
14533,まだ位置ポイントを作成していません
14534,まだ生物を作成していません
14535,#c5aea0a起点#nを再設置してください
14536,#c5aea0a終点#nを再設置してください
14537,マップのターゲット庫対象を非表示にしました
14538,マップのターゲット庫対象を表示しました
14539,ディスプレイボード
14540,ディスプレイボードのサイズ
14541,ディスプレイボード@1作成に成功し，ターゲット倉庫に追加した。
14542,ディスプレイボードの幅または高さは64個のブロックを超えており、作成できません。
14543,まだディスプレイボードを作成していません
14544,ディスプレイボードの作成に失敗する
14545,距離が64ブロックを超えてしまい、ディスプレイボードの再配置に失敗する
14546,ディスプレイボードがマップの境界線を超えてしまった
14547,距離が離れすぎていて、ディスプレイボードの削除に失敗した
14548,ディスプレイボードは両側でブロックされており、テレポートできません
14549,ディスプレイボードの数が@1の制限に達しました
14550,ビデオリンクはmp4形式の終了のみをサポートします
14551,ビデオリンクは最初はhttpsのみをサポートします
14552,Agora
14553,ビデオのロードが失敗しました
14554,リンクは利用できません
14555,プレイモード
14556,ループ
14557,一回再生
14558,ウェブビデオ
14559,再生に失敗しました。この動画は再生ルールを満たしていません
14560,ビデオを再生できません。ビデオの解像度が1280*720を超えてはならず、ビデオのフレームレートが25フレームを超えてはならず、ビデオとオーディオのサンプリングレートは44.100kHzまたは48.000kHzである必要があります。
14999,@Null@
15000,全体の変数
15001,私有の変数
15002,まだ変数を作成していません
15003,変数を新規作成
15004,変数タイプ
15005,変数名
15006,デフォルト値
15007,変数タイプを選択する
15008,コピー
15009,編集
15010,削除
15011,変数を編集する
15012,本当に変数を削除しますか？
15013,タップして選択
15014,デフォルト値なし
15015,重複した変数名があります。確認してください
15016,変数の作成に失敗しました
15017,ランキング
15018,テーブル
15021,スクリプトの参照名
15022,"1.スクリプトで使用する変数名は、その名前で直接呼び出すことができます（文字、数字、アンダースコア_、アスタリスク*のみ使用可能）。
2.変数を削除した後、同じスクリプト名で削除したデータを元に戻します。"
15023,ランキングの変数が最大数@1に達しました
15024,テーブルの変数が最大数@1に達しました
15025,スクリプトの参照名は、文字、数字、アンダースコア_、アスタリスク*のみ使用可能です。
15026,"1.ランキング変数には、マップ上のトップ1000プレイヤーのデータを格納することができ、マップ全体のランキング機能を実現することができます。
2.ランキングのデフォルトの並べ替え方法は、小さいものから大きいものへの昇順です。値を取得する場合、負の数を使用して、ランキングの下部から大きいものから小さいものへと値を取得できます。
3.ランキング変数は整数値としてのみ格納することができ、小数値は整数値としてのみ取得されます。
4.マップのアップロードをキャンセルした後、ランキングデータは30日間保持され、30日以内に再アップロードされない場合はマップデータがクリアされます。"
15027,"1.テーブル変数には、マップの全プレイヤーのデータを格納することが可能です。
2.マップのアップロードをキャンセルした後、テーブル内のデータは30日間保持されます。マップデータが30日以内に再アップロードされない場合はクリアされます。"
15028,ランキング変数やテーブル変数がコピーできません
15029,設計図保存
15030,カスタマイズ
15031,公式
15032,設計図新規作成
15033,キーワード
15034,追加
15035,リソースライブラリ
15036,設計図ライブラリ
15037,リセット
15038,保存
15039,この設計図をロード中
15040,ブロック設置中、設計図を変えることはできません
15041,右クリックして建造を開始
15042,未選択のブロックを一括選択した場合、設計図を保存することはできません
15043,設計図作成開始
15044,保存しました
15045,設計図をライブラリに同期
15046,選択中の設計図は永久的に削除されます
15047,このマップには同じ設計図が存在しているので、インポートすると設計図は上書きされます
15048,アップロードするとデバイスを変えても使用できます
15049,設計図の数は上限（256枚）に達しました。整理してから保存してください！
15050,中国風
15051,ヨーロッパ風
15052,ガーデニング
15053,アニメ風
15054,未来風
15199,@Null@
15200,詳細の編集
15201,属性の編集
15202,新規トリガー
15203,新規シナリオ
15204,ドロップ
15205,ドロップあり
15206,ドロップなし
15207,なし
15208,この生物/ブロックはまだ編集できません
15209,新しいテンプレートとして保存する
15210,今回の編集を放棄しますか？放棄すると編集内容は保存されません。
15211,モデルID
15212,タイプ
15213,球体類
15249,@Null@
15250,あいさつする
15251,考え込む
15252,泣く
15253,怒る
15254,伸びをする
15255,勝利（歓喜）
15256,感謝する
15257,カジュアルアクション
15258,倒れる
15259,ポーズをとる
15260,立つ
15261,走る
15262,横になって寝る
15263,座る
15264,泳ぐ
15265,攻撃
15266,死亡
15267,攻撃を受ける
15268,カジュアル
15269,ジャンプ
15270,@Null@
15271,やあ、こんにちは！#A101
15272,ありがとう#A106
15273,ごめんね#A105
15274,やった！嬉しい#A112
15275,遊びにきてね#A102
15276,さあ！ついてきて
15277,もうすぐ着くよ
15278,#A116モンスターだ！気をつけて
15279,え、どこにいるの？
15280,@1にいるよ。座標（@2）高度@3
15281,ショートメッセージ
15282,ここにいるよ。（座標）
15283,近くにインタラクションできるプレーヤーがいません
15284,招待状を送信しました、お待ちください
15285,自分の現在の状態、または相手の現在の状態がインタラクションに利用できない
15286,今のスペースでは狭すぎるので、より大きな場所で交流してください。
15287,相手プレイヤーが遠すぎる
15288,邪魔なものがある
15289,相手が招待を受けていません
15290,インタラクションへの招待は終了しました
15291,3時間の間、このプレーヤーからの招待は受けられません
15292,招待状を受け取りました。
15293,招待状リスト
15294,受け取る
15295,ことわります
15296,招待
15297,友達を追加しましょう！#A101
15298,ちょっと待ってよ#A105
15299,すごいですね！#A109
15300,また一緒に遊びましょう！
15301,バイバイ~#A118
15302,変装
15303,選択画面へ
15304,カスタマイズスキンを購入するとより多くの変装がアンロックされますよ！
15305,私のスキン
15306,変装アクション準備中、残り%d秒
15307,回線速度の理由で変更に失敗しました。もう一度試してください。
15349,@Null@
15350,ブロック庫
15351,植物ブロック
15352,液体ブロック
15353,自然のブロック
15354,装飾ブロック
15355,スキルブロック
15356,項目
15357,消耗品
15358,材料
15359,武器
15360,装備
15361,工具
15362,生物エッグ
15363,投擲物
15364,投擲物庫
15365,生物
15366,動物
15367,モンスター
15368,マウント
15369,村人
15370,乗り物
15371,ステータス効果庫
15372,有害効果
15373,有益効果
15374,中立効果
15375,表情アクション庫
15376,人物アクション
15377,モンスターアクション
15378,共通アクション
15379,煙霧
15380,爆破
15381,光
15382,粒子
15383,火炎
15384,環境
15385,ヒント
15386,特殊効果庫
15387,特殊効果ファイルが存在しません
15388,SE庫
15389,足音
15390,行動
15391,攻撃を受ける
15392,待機
15393,スキル
15394,環境
15395,音楽
15396,SEファイルが存在しません
15397,試聴
15398,ストップ
15399,その他
15400,ループ再生
15401,@Null@
15402,@Null@
15403,@Null@
15449,@Null@
15450,テスト
15451,作動情報
15452,変数
15453,トリガーソート
15454,イベント-
15455,条件-
15456,アクション-
15457,#cef2d2d欠けている@1パラメータを入力してください#n
15458,#cef2d2dイベントに@1がありません#n
15459,@1脚本を実行する
15460,トリガー
15461,シナリオ
15462,シナリオソート
15463,トリガーの作動情報がありません
15464,トリガーの作動情報を選択してください
15465,シナリオのプリント情報がありません
15466,シナリオのプリント情報を選択してください
15467,ログクリア
15468,@Null@
15469,@Null@
15499,@Null@
15500,@Null@
15501,@Null@
15502,フォロー
15503,フォロー中
16000,ブロックのミニチュアモード
16001,ミニチュアセットモード
16002,先に起点を設置してください
16003,エリア#c5aea0aブロック#nを一括縮小する
16004,エリアの#c5aea0aミニチュアブロック#nを組み合わせる
16005,ミニチュアセットを生成
16006,生成
16007,生成したミニチュアセットを資源センターに保存しました。地面に設置すると完全なミニチュアブロックグループが生成されます
16008,ショートカットバーがいっぱいのため、ミニチュアセットを右上の#cfa7a0f資源センター#nに保存しました
16009,範囲の境界線に達しました
16010,遮蔽物があるため設置できません
16011,現在の範囲内にブロックがありません
16012,宇宙人に襲われたため、生成できませんでした
16013,ミニチュアセット
16014,パーツ
16015,やあ、ここは方向参照ブロックだよ
16016,創造、編集モードでのみ使用できるよ
16017,ミニチュアブロック
16018,ミニチュアアイテム
16019,ミニチュア生物
16020,カスタマイズモデル
16021,ミニチュアセット
16022,タイムアウトしたため、もう一度生成してください
16099,バージョンが低すぎます
16100,現在
16101,メイン
16102,モデル
16103,設計図
16104,機械
16105,画像
16106,特殊効果
16107,オーディオ
16108,アクション
16109,ロジック
16110,リソース工房
16111,もっとリソース！
16112,名称を入力して検索してください
16113,先にゲームでリソースを作成してください
16114,先にファイルを選択してください
16115,移動
16116,削除
16117,アップロード
16118,アップロードをキャンセルする
16119,ダウンロード
16120,リソース工房にアップロードする
16121,アップロード後は、リソース工房で商品としてシェアできます
16122,作品アップロード及びリソース工房ユーザー規約に#c3d4546同意する#n #L#cfa7a0f
16123,アップロードが失敗しました
16124,下記のリソースは作成の過程で他人のリソースをダウンロードしています。二次創作リソースをアップロードすることはできません
16125,アップロードの取消しができませんでした
16126,下記のリソースはリソース工房の商品欄にあります。棚から外してから取消し操作を行ってください
16127,"本当にアップロードを取消しますか？
 #cfa7a0f（取消し後、サーバーからデータが削除されるため、リソースを復元できなくなります。ローカルファイルには影響しません）#n"
16128,戻る
16129,「#cfa7a0f@1#n」の検索結果
16130,ダウンロードしたリソースを使用したパーツがあるため、二次創作リソースとして保存されます。資源センターにアップロードできませんが、生成を続けますか？
16131,#c0aaa1a@1#c657476つのファイル
16132,先にライブラリにリソースをアップロードしてください
16133,このリソースはすでに商品として出品されています
16134,ダウンロードしたリソースで製作した二次創作リソースは出品できません
16135,ダウンロードしたリソースは出品できません
16136,先にライブラリでリソースをダウンロードしてください
16137,"Terms of Use for the Gallery

If you have any questions about, or if you wish to send us any notices in relation to, this Term of Use for the Gallery (hereinafter referred as “Agreement”), please contact us at miniwantech@gmail.com.

1. Acceptance of the Agreement 
Unless expressly defined otherwise this Agreement, all capitalized terms in this Agreement shall have the same meaning as defined in the Terms of Use and the Privacy Policy. 

You agree to be bound by the the Agreement, the Terms of Use, the Privacy Policy and any other agreements entered by you with Miniwan related to the software“Miniworld: Block Art” (Collectively referred as the “Terms”). Anything not agreed in this Agreement shall be executed as agreed in the Terms.

2. Intellectual Property
With the elements, tools, functions and other contents in or of our software “Miniworld: Block Art”, our Services may allow you to communicate, submit, upload or otherwise make available text, images, audio, video, competition entries or other content, which may be accessible and viewable by the public (“User modified Contents”). You may not submit or upload User modified Contents that is defamatory, harassing, threatening, bigoted, hateful, violent, vulgar, obscene, pornographic, or otherwise offensive or that harms or can reasonably be expected to harm any person or entity, whether or not such material is protected by law. 

Ownership of the Intellectual Property. The visual interfaces, graphics, design, compilation, information, data, computer code (including source code or object code), products, software, services, all other elements of the Service and the User modified Contents (-Intellectual Property- or -IP-) are protected by law. All IP contained in the Service is our property or third-party licensors’ property. Except as expressly authorized by us in these Terms, you may not make use of any IP contained in the Service. We reserve all rights to the IP not granted expressly in these Terms. 

You are solely responsible for the User modified Contents you have made and you represent and warrant that: (i)You have the necessary licenses, rights, consents, and permissions, to communicate, submit, upload or make the User modified Contents Representations; and (2) the User modified Contents, and the use of your User modified Contents, does not and will not: (i) infringe, violate, or misappropriate any third-party right, including any copyright, trademark, patent, trade secret, moral right, privacy right, right of publicity, or any other intellectual property or proprietary right; (ii) slander, defame, libel, or invade the right of privacy, publicity or other property rights of any other person; (iii) require Miniwan to obtain any further licenses from or pay royalties or compensation or other amounts or provide any attribution to any third parties; (iv) result in a breach of contract between you and a third party; or (v) cause us to violate any law or regulation. You agree to pay all monies owing to any person as a result of providing the User modified Contents. 

You agree to indemnify and hold us and our subsidiary and affiliated companies, and each of their respective employees and officers, harmless from any demands, loss, liability, claims or expenses (including attorneys' fees), made against us by any third party arising out of or in connection with our use and exploitation of the User Generated Content. You also agree not to enforce any moral rights, ancillary rights or similar rights in or to the User Generated Content against us or our licensees, distributors, agents, representatives and other authorized users, and agree to procure the same agreement not to enforce from others who may possess such rights. 

We have the right but not the obligation to monitor, screen, post, remove, modify, store and review User modified Content or communications sent through Service, at any time and for any reason, including to ensure that the User Modified Content or communication conforms to the Terms, without prior notice to you. We are not responsible for, and do not endorse or guarantee, the opinions, views, advice or recommendations posted or sent by users. 

3. MONITORING AND PROHIBITED ACTIVITIES
We have no obligation to monitor the User modified Content and we are not responsible for monitoring the Service for inappropriate or illegal Content or conduct by other players. However, we do reserve the right, in our sole discretion, to monitor and/or record your interactions with the Services and other players (including chat text and voice communications) when you are using the Services.

You agree not to engage in any of the following prohibited activities on or in relation to our services, or allow any person to use Your Account with us to do the same:
?        send any unsolicited, unauthorised spam (such as spam comments in our social media services), advertising or promotional messages, or any other commercial communications;
?        submit, upload, transmit or display, through our services, any content (whether displayed publicly or not, and whether displayed directly or indirect to any other users) which in fact or in our reasonable opinion:
o        breaches any laws or regulations (or may result in a breach of any laws or regulations when used in a manner permitted by this Terms of Use);
o        creates a risk of loss or damage to any person or property;
o        is fraudulent, false, misleading or deceptive;
o        harms or exploits any person (whether adult or minor) in any way, including via bullying, harassment or threats of violence;
o        is hateful, harassing, abusive, racially or ethnically offensive, defamatory, humiliating to other people (publicly or otherwise), threatening, profane or otherwise objectionable;
o        promotes or encourages self-harming;
o        infringes our rights or any third party’s rights, including any intellectual property rights, contractual rights, confidentiality rights or privacy rights;
o        is pornographic, sexually explicit, violent or otherwise of an indecent or offensive nature; or
o        encourages or is likely to encourage any of the above;
?        violate any applicable laws or regulations, including credit card fraud or bank account fraud;
?        engage in any illegal or potentially illegal (as determined by us) activities or transactions, including sale of any illicit drugs or money laundering;
?        gamble, provide gambling information or entice others to engage in gambling through any method;
?        use or exploit any of our intellectual property rights (including our trademarks, brand name, logo, any other of our proprietary information or the layout or design of any page), or otherwise infringe on any of our intellectual property rights (including attempting to reverse engineer any applications or software used to access our services);
?        access any of our services, collect or process any content made available through our services, send or redirect any communications through our services, in each case, through the use any automated bots, software, engines, crawlers, scrapers, data mining tools or the like, or attempt to do any of the foregoing, including using any automated means to artificially promote any content;
?        engage in any “framing”, “mirroring,” or other techniques directed at simulating the appearance or function of our services;
?        interfere with, or attempt to interfere with, any user’s or any other party’s access to our services;
?        intentionally distribute viruses, worms, Trojan horses, corrupted files or other malicious code or items;
?        share or publish any other person’s personally identifiable information using our services without their express consent;
?        probe or test the vulnerability of, or otherwise circumvent (or attempt to circumvent) any security features on, our services, our systems or the systems of other users;
?        create multiple accounts for disruptive or abusive purposes; or
?        engage in any other activity that encourages any person or entity to breach this Terms of Use.

4. Indemnity
You agree that you will be responsible for your use of the Service, and you agree to defend and indemnify us and our officers, directors, employees, consultants, affiliates, investors, business partners, subsidiaries and agents (together, the -Affiliated Parties-) from and against every claim, liability, damage, loss, and expense, including reasonable attorneys’ fees and costs, arising out of or in any way connected with: (a) your access to, use of, or alleged use of the Service; (b) your violation of any portion of these Terms, any representation, warranty, or agreement referenced in these Terms, or any applicable law or regulation; (c) your violation of any third-party right, including any intellectual property or proprietary right, publicity or privacy right, property right, or confidentiality obligation; or (d) any dispute or issue between you and any third party. We reserve the right, at our own expense, to assume the exclusive defense and control of any matter otherwise subject to indemnification by you (without limiting your indemnification obligations with respect to that matter), and in that case, you agree to cooperate with our defense of that claim.

YOU AGREE TO INDEMNIFY US, OUR PARTNERS AND OUR AFFILIATE COMPANIES FROM AND AGAINST ANY CLAIM, SUIT, ACTION, DEMAND, DAMAGE, DEBT, LOSS, COST, EXPENSE (INCLUDING LITIGATION COSTS AND ATTORNEYS’ FEES) AND LIABILITY ARISING FROM: (I) YOUR USE OF OUR SERVICES OR SOFTWARE; OR (II) YOUR BREACH OF THIS TERMS OF USE."
16138,注意
16139,以下のリソースのアップロードを取消します。サーバーからは削除されますが、ローカルファイルは影響を受けません。
16140,下記のリソースはリソース工房の商品欄にあります。棚から外してから取消し操作を行ってください
16141,リソースを削除する
16142,下記のリソースを削除します。削除後はローカルファイルからも復元できません
16143,下記のリソースはアップロード済みのため削除できません。先にアップロードの取消しを行ってください
16144,リソースをアップロードする
16145,リソースをここに移動またはダウンロードしてください
16146,アップロード大きさ@1/@3、アップロード数@2/@4
16147,資源センターについて
16148,"#cfa7a0f資源センターとは？#n
 資源センターはプレイヤーが作成したリソース（ミニチュアモデルなど）を管理する場所です
 
 #cfa7a0f資源センター-現在のマップでの使い方は#n
 1.プレイヤーがマップ内で作成したリソースは、「資源センター-現在のマップ」に保存され、このマップ内でのみ使用することができます
 2.「資源センター-現在のマップ」内のリソースに対して、分類、移動、削除などの操作を行うことができます
 3.現在のマップのリソースをライブラリに移動すると、リソースのコピーをマスターライブラリに保存できます。他のマップからもマスターライブラリにアクセスできます
 
 #cfa7a0f資源センター-ライブラリの使い方#n
 1.マップ内にいる時はそのマップのリソースにしかアクセスできませんが、すべてのマップからライブラリにアクセスできるので中継所のような役割になります
 2.マップ内からそのマップのリソースをライブラリに移動（コピー）でき、リソース工房でダウンロードした他のプレイヤーのリソースもライブラリに保存されるので、他のマップもライブラリを通じて現在のマップに移動（コピー）できます
 3.資源センター-ライブラリでは、リソースの分類、移動、アップロード、アップロード取消し、ダウンロード、削除などの操作を行うことができます
 
 #cfa7a0fリソースの使い方#n
 1.現在のマップでリソースをクリックしてショートカットバーに入れて使用します
 2.ライブラリでリソースをそのままクリックすると、ライブラリのリソースを自動的に現在のマップにコピーして使用することができます
 3.ライブラリでフォルダを選択し、対応するリソースリストの管理をクリックし、まとめてチェックし、移動をクリックすれば、現在のマップに移動させて使用することができます
 4.プラグインリストにあるプラグインの外観にも資源センターのリソースを利用できます
 5.生物モデルブロック、カスタマイズモデルエディタなど、モデルを使用するものにも資源センターのリソースを利用できます
 
 #cfa7a0fリソースのアップロード方法#n
 1.ライブラリで管理をクリックし、ローカルにアップロードされていないリソースにチェックを入れ、アップロードボタンをクリックします。アップロードに成功すると、左上に雲のアイコンが表示されます
 2.注意：アップロードできるリソースの数とサイズには制限があります
 
 #cfa7a0fなぜリソースをアップロードするの？#n
 1.ライブラリにアップロードされたリソースは、アカウントに保存されるので、デバイスを切り替えてもアップロードされたリソースをローカルにダウンロードすることができます
 2.ライブラリにアップロードされたリソースは、リソース工房で商品としてシェアでき、他の人がダウンロードして使用することができます。アップロードされたリソースには、左上に雲のアイコンが表示されます
 
 #cfa7a0fアップロードの取消し#n
 1.ライブラリで管理をクリックし、アップロードされたリソースにチェックを入れて「アップロードの取消し」をクリックします
 2.注意：アップロード済みのリソース（商品として共有されているもの）には適用されません。該当する商品を棚から外してから削除操作をしてください
 
 #cfa7a0f二次創作リソースとは？#n
 1.生物モデルブロックやカスタマイズモデルエディタで、リソース工房からダウンロードしたリソースを使用した場合、生成されたリソースは二次創作リソースとなります
 2.二次創作リソースは、ライブラリにアップロードすることはできずローカルでしか使用できません"
16149,オンライン中はリソースのコピーができません
16150,古いリソースのため、アップロードする前に再度生成してください
16151,このパーツはダウンロードしたリソースです。このパーツを使って製作したモデルは二次創作リソースとして保存され、資源センターにアップロードすることができません。続けますか？
16152,ライブラリファイル数@1/@2
16153,ライブラリの容量が足りないため、削除してから再度お試しください
16154,@1を選択中（ライブラリファイル数@2/@3）
16155,ミニ創造ボードの同期
16156,ミニ創造ボードをミニワールドファイルに送信しました。タップすると#cfa7a0fデフォルトフォルダ#nにダウンロードします
16157,@Null@
16158,ルール違反のマップ。資源センターオープン失敗
16159,オーディオ集
16160,オーディオ名を入力する
16161,オーディオを選択してください
16162,パソコンにオーディオをアップロードしてください。
16163,ネットワーク接続に失敗しました。やり直してください。
16164,アップロードできません。オーディオの容量は最大@1Mまでです。
16165,サーバの接続に失敗しました。後でやり直してください。
16166,オーディオのアップロードに成功しました
16167,リソースのアップロード中です。しばらくお待ちください。
16168,このオーディオを削除しますか？
16169,画像名称を入力してください
16170,タップして画像をアップロード
16171,先に画像をアップロードしてください
16172,画像追加完了！
16173,アップロード回数が上限に達しました
16174,このモデルは既に使用されました。削除すると使用中のモデルがなくなりますが、よろしいですか？
16175,新規フォルダ
16176,エンティティ
16177,基礎
16178,新規作成
16179,他のマップからインポート
16180,外部リソースのインポート
16181,リソースのインポート
16182,インポートは、改版後にインポートされた外部モデル、実体プレハブのみをサポートしています
16183,新しいリソース形式は私に移動できません
16184,現在、新しい画像リソース形式の使用はサポートされていません。
16185,遊び方
16186,飾る
16199,@Null@
16200,リソース工房
16201,ホーム
16202,分類
16203,モデル
16204,探す
16205,特集
16206,私の
16207,出品
16208,私の購入品
16209,お気に入り
16210,最新精選
16211,一括変更
16212,検索内容を入力する
16213,最近更新
16214,注目レベル
16215,ソート
16216,タグ
16217,マーク
16218,コイン
16219,リセット
16220,リソース（#cfa7a0f@1#n）を含む
16221,説明
16222,先に商品をアンロックしてください
16223,ダウンロード
16224,ダウンロード中
16225,ダウンロード済み
16226,リソースをダウンロードしました。資源センター-ライブラリからご確認ください
16227,商品：#cfa7a0f@1#nをダウンロードします
16228,本日の無料リソースダウンロード回数：@1
16229,この商品をお気に入りに保存する
16230,商品IDをコピーする
16231,他人のリソースを盗用する
16232,トレンド検索
16233,商品名検索
16234,作者検索
16235,商品検索
16236,すべてのリソース
16237,商品名「#cfa7a0f@1#n」を検索した#cfa7a0f@2#nの結果
16238,作者名「#cfa7a0f@1#n」を検索した#cfa7a0f@2#nの結果
16239,商品“#cfa7a0f@1#n”を検索して出た#cfa7a0f@2#n個の結果
16240,すべて
16241,モデル
16242,商品を追加する
16243,商品を作成する
16244,作成する商品タイプを選択してください
16245,先にリソースを追加してください
16246,7文字のタイトルを入力する
16247,リソースを追加する
16248,コインタイプ
16249,追加するリソースを選択する
16250,このリソースはすでに商品として出品されています
16251,ダウンロードしたリソースで製作した二次創作リソースはアップロードできません
16252,選択中（@1/10）
16253,数量が上限に達しました
16254,説明を入力してください（120文字）
16255,タグを選択する
16256,内容にあったタグを選択することで、商品がより見つかりやすくなります
16257,商品を出品します。出品後は商品情報が変更できなくなます。取り下げても、編集できるのは名前と説明のみです。ポルノ、政治、暴力など規約に反する内容の制作?共有は固く禁じられています。違反者はブロックされ、法的責任を問われます
16258,商品を出品する
16259,商品情報を入力してから出品してください
16260,アップロード中
16261,出品に失敗しました
16262,出品に成功しました！
16263,"本当にこの商品を削除しますか？
 #cef2d2d（商品を削除すると、出品時に発生した統計データ（ダウンロード量など）もすべて削除されます）#n"
16264,審査中
16265,見る
16266,規約違反
16267,出品待ち
16268,取り下げ済み
16269,出品
16270,再出品
16271,"本当にこの商品を取り下げますか？
 #cef2d2d（取り下げると商品情報は自分にのみ表示されます。すべての統計データ（ダウンロード量など）は維持されるので再出品できます）#n"
16272,"本当にこの商品を削除しますか？
 #cef2d2d（商品を削除すると、出品時に発生したダウンロード量などの統計データもすべて削除されます。無料商品の場合、削除するとダウンロードできなくなります）#n"
16273,商品スロットをアンロックする
16274,処理
16275,削除済み
16276,この商品は作者に削除されました。処理してください
16277,注意：無料で獲得した商品はサーバーに保存されません
16278,先に商品をアンロックしてください
16279,アイテム
16280,イメージ
16281,シーン
16282,武器
16283,銃器
16284,工具
16285,装備
16286,おもちゃ
16287,食べ物
16288,雑用品
16289,人物
16290,動物
16291,モンスター
16292,ロボット
16293,建築
16294,ブロック
16295,植物
16296,装飾物
16297,家具
16298,乗り物
16299,機械
16300,総合ランキング
16301,すべての商品
16302,商品数
16303,先にダウンロードしてからレビューしてください
16304,自分にレビューできません
16305,レビュー済みです
16306,何もありません。他のソート検索を試してください
16307,何もありません。商品をダウンロードしてください
16308,何もありません。商品をお気に入り登録してください
16309,商品を取り下げる
16310,"#cfa7a0fリソース工房とは？#n
 リソース工房はプレイヤーが作成したリソース（ミニチュアモデルなど）をシェア及びダウンロードする場所です
 
 #cfa7a0fリソースの出品の仕方#n
 1.私の-私の出品で、商品の追加をクリックします
 2.「資源センター-ライブラリにアップロードされたリソース」で複数のリソースをリストに追加し、情報を入力し、ラベルを選択することができます
 3.商品の出品をクリックすると、審査状態に入り、審査が完了すると、正式にリソース工房に掲載されます
 4.優秀なリソースは、優秀作品として選ばれ、ホームページや特集などに掲載されることがあります
 
 #cfa7a0fリソースのダウンロード方法#n
 1.リソース工房に掲載されている商品をクリックすると、詳細の確認やダウンロードができます。注意：無料商品のダウンロード回数には制限があります
 2.ダウンロードしたリソースは資源センター-ライブラリに保存されるので、マップ内でリソースを利用することができます！
 3.ダウンロードした商品は「リソース工房-私の購入品」で確認できます。注意：無料で入手した商品はサーバーに記録されず、ローカルにのみ記録されます。そのためデバイスを切り替えると、商品のダウンロード済みリストは失われます。すでにダウンロードしたリソースは影響を受けません。
 
 #cfa7a0fダウンロードしたリソースの使い道は？#n
 1.ダウンロードしたリソースはそのままマップに使用でき、ブロック、アイテム、生物などを作成できます
 2.プラグインバンクのプラグインの外観に使用できます
 3.生物モデルブロック、カスタマイズモデルエディタで使用できます。注意：ダウンロードしたリソースを使って作成した場合、生成されたリソースは二次創作リソースとなり、そのリソースをライブラリにアップロードすることはできません。
 
 #cfa7a0f出品済み商品を削除するには？#n
 1.私の出品から、出品した商品の詳細ページをクリックして削除します。注意：棚から外した商品はお客様にのみ表示され、すべての統計データは保持されますので、再出品することができます
 2.棚から外した商品をクリックし、詳細ページの下部にある「削除」ボタンをクリックすると削除されます。注意：商品を「削除」すると、その商品が出品されてから生成された統計データも削除されます。他のプレイヤーがその商品をダウンロードできなくなります。
 
 #cfa7a0f商品IDとは？#n
 1.商品の詳細ページ右下の「その他」から「商品IDのコピー」をクリックすると、数字がコピーされます。これが商品IDです
 2.商品IDがあれば、その商品を直接検索することができるのでフレンドに共有する際にも便利です
 
 #cfa7a0fリソースの精選基準#n
 1.精巧さ：キャラクターや動物、アイテムなどが繊細に表現されている、または独自のアートスタイルで美しく作られている。ゲーム内での表現が優れているもの
 2.独創性：すでに精選されたキャラクターや動物、アイテムと重複しないオリジナルの作品
 3.リアルさ：実物や既存のものがモデルであれば、類似度が高いほど評価される
 4.完全な商品情報：アップロードの際には必ず8文字以上のタイトルを記入し、1-3のタグを選択すること。モデルが3つ以上ある場合、優先的に精選審査対象となります。"
16311,リソース工房について
16312,自分をフォローできません
16313,リソースのパッキングに失敗しました
16314,パラメータエラー
16315,同時にダウンロードできる商品は10個までです
16316,この商品をダウンロード中です
16317,タイムアウトしました
16318,もう一度試す
16319,商品が上限に達しました
16320,規約に同意してください
16321,ミニIDの作成から7日未満のため、商品を作成できません
16322,実名認証をすると商品を作成できます。資源センターのライブラリにアップロードしたリソースを商品として出品できます
16323,未ログイン
16324,リソースが小さすぎます
16325,リソースが大きすぎます
16326,リソース数が上限に達しました
16327,リソースの保存容量が上限に達しました
16328,間違ったリソースIDです
16329,リソースを商品として出品しているため、アップロードの取消しができません
16330,このリソースは存在しません
16331,間違った商品タイプです
16332,商品名を入力してください
16333,商品数が上限に達しました
16334,商品リソースのパラメータにエラーがあります
16335,リソースはすでに商品として出品されています
16336,リソースの詳細情報がありません
16337,間違った商品IDです
16338,商品が存在しないため、審査に提出できません
16339,商品の審査が終わっていないため、再提出できません
16340,自分の商品ではないため、使用できません
16341,間違ったミニIDです
16342,通報パラメータエラー
16343,自分の商品を評価することはできません
16344,すでに評価した商品です
16345,商品名が空欄のため評価できません
16346,商品情報が空欄のため評価できません
16347,システムが混みあっているため、評価状況の確認ができません
16348,システムが混みあっているため、お気に入りに登録できません
16349,商品のアップロードには実名認証が必要です
16350,交流が頻繁すぎます。のんびりいきましょう（@1秒）
16351,ソート結果：#cfa7a0f@1#nタグ、#cfa7a0f@2#nマーク、#cfa7a0f@3#nコイン
16352,商品名が長すぎます
16353,商品説明が長すぎます
16354,商品の出品条件を満たしていません
16355,商品名の認証がタイムアウトしました
16356,商品名が不適切です
16357,商品説明の認証がタイムアウトしました
16358,商品説明が不適切です
16359,規約違反のリソースは選択できません
16360,タグを追加してください
16361,ダウンロード確認
16362,一部のリソースはダウンロードできませんでした。ダウンロード済みのものは資源センター-ライブラリから確認してください
16363,リソースが見つかりません
16364,他人の作品の盗用
16365,自分の商品はお気に入り登録できません
16366,商品ダウンロードの残り回数が足りません
16367,この商品は出品取り下げのため、ダウンロードできません
16368,この商品は規約違反の疑いがあるため、ダウンロードできません
16369,この商品はダウンロードできません
16370,商品の再審査に失敗しました
16371,あなたのリソース工房の権限が制限されました
16372,権限がありません
16373,#c01aa10@1×@2#nを消費し、商品#cf7770f@3#nを購入しようとしています。よろしいですか？（適度に遊んで課金はほどほどに）
16374,広告
16375,価格を入力してください
16376,#cf4b225注意：この商品には、他の商品でアンロックしたリソースも含まれますがよろしいですか？#n
16377,おすすめ商品
16378,商品名
16379,機能
16380,ドット絵
16381,男性
16382,女性
16383,仲間
16384,戦士
16385,魔法使い
16386,牧師
16387,射手
16388,二次元
16389,環境
16390,自動化
16391,生活
16392,娯楽
16393,携帯
16394,アニメーション
16395,文字
16396,音声
16397,学習
16398,採集
16399,戦闘
16400,生産
16401,魔法
16402,トラップ
16403,素材
16404,アイテム
16405,UID.
16406,キーワード
16407,アップロードできません。オーディオの長さは最大@1秒までです。
16500,バージョンが低すぎます
16501,@Null@
16502,@Null@
16503,@Null@
16504,@Null@
16505,@Null@
16506,設計図
16550,@Null@
16551,@Null@
16552,@Null@
16553,@Null@
16554,@Null@
16555,@Null@
16556,@Null@
16600,@Null@
16601,局所トリガー
16602,局所シナリオ
16603,この変数が現在のプラグインに連携られている場合、現在のプラグインがプラグインパックに入れられた時の、変数の選択段階で自動的にチェックが入ります
16604,今後は表示しない
16605,連携
16606,連携解除
16607,#cF62D2D注意：現在の変数は局所トリガーのパラメータの1つに使用されているため、紐づけできません！#n
16608,新バージョン
16609,旧バージョン
16610,旧バージョンを編集する
16611,このプラグインが旧バージョンのトリガーを使用していたことが検出されました。旧バージョンに戻して編集しますか？
16612,（#cF62D2D注意：旧バージョンのトリガーは追加操作ができず、プラグインパックにもパッキングされません#n）
16613,このプラグインが旧バージョンのシナリオを使用していたことが検出されました。旧バージョンに戻して編集しますか？
16614,（#R注意：旧バージョンのシナリオは追加操作ができず、プラグインパックにもパッキングされません#n）
16615,キャンセル
16616,局所変数
17000,@Null@
19990,ブロック編集説明
19991,"ブロックプラグインのオプションバーの説明：
 #cfa7a0f外観：#nブロックの名称、説明、及びモデルを変更できます。モデルはゲームの一部ブロック及び資源工房のミニチュアモデルの選択をサポートしています。
 #cfa7a0f属性：#n基礎属性の各項目、ドロップアイテム及びエンカウントタイプなどが調整できます。
 #cfa7a0f個別トリガー：#n開発者ツール内のトリガーと違い、個別トリガーはこれまでにない、このプラグインに対してのみ起動される一連のイベントを有しています。プラグインによってより多くの可能性がもたらされます！
 #cfa7a0f個別シナリオ：#n開発者ツール内のシナリオと違い、個別シナリオのイベントもこのプラグインに対してのみ起動されます。
 PS：このプラグインで旧バージョンのプラグイン内蔵のトリガーまたはシナリオを使用していた場合、個別トリガーまたは個別シナリオのオプションバーのページ内右上にある新規に追加されたバージョンの変更スイッチをクリックすることで、旧バージョンに内蔵されたトリガー、シナリオに戻して編集することができます。ただし旧バージョンは今後新規に追加される内容には対応していません。どうぞご理解ください。"
19992,生物編集説明
19993,"生物プラグインのオプションバーの説明：
 #cfa7a0f外観：#n生物の名称、説明、モデル及びモデルのサイズを変更できます。モデルはセレクトゲームの一部の生物、入手済のキャラクターとドレスアップ、及び資源工房のミニチュアモデルをサポートしています。
 #cfa7a0f属性と戦闘：#n生物のタイプ、属性の各項目及び戦闘能力などを設定?調整できます。
 #cfa7a0f上級：#n生物の行動と特性を新規で追加/編集できます。
 #cfa7a0fアクション：#nショップの作成と編集ができます。入手済のシナリオの編集ができますが、シナリオの作成はできません。
 PS：シナリオはシナリオ編集を通してのみ作成でき、トリガーターゲットをこの生物に指定することで、はじめてアクション内にシナリオが表示されます。
 #cfa7a0f個別トリガー：#n開発者ツール内のトリガーと違い、個別トリガーはこれまでにない、このプラグインに対してのみ起動される一連のイベントを有しています。プラグインによってより多くの可能性がもたらされます！
 #cfa7a0f個別シナリオ：#n開発者ツール内のシナリオと違い、個別シナリオのイベントもこのプラグインに対してのみ起動されます。
 PS：このプラグインで旧バージョンのプラグイン内蔵のトリガーまたはシナリオを使用していた場合、個別トリガーまたは個別シナリオのオプションバーのページ内右上にある新規に追加されたバージョンの変更スイッチをクリックすることで、旧バージョンに内蔵されたトリガー、シナリオに戻して編集することができます。ただし旧バージョンは今後新規に追加される内容には対応していません。どうぞご理解ください。"
19994,アイテム編集説明
19995,"アイテムプラグインのオプションバーの説明：
 #cfa7a0f外観：#nアイテムの名称、説明、及びモデルを変更できます。モデルはセレクトゲームの一部のアイテム及び資源工房のミニチュアモデルをサポートしています。
 #cfa7a0f属性：#nそれぞれのアイテムタイプに基づき、対応するタイプの属性項目が調整できます。
 #cfa7a0fスキル：#nアイテムのスキル及び効果を新規作成及び編集できます。
 #cfa7a0f含まれるアイテム：#nパックを開けた時に含まれるアイテム、アイテム数及び出現確率を新規で作成/編集できます（この項目はパックタイプのアイテムのみが対象です）。
 PS：アイテムタイプは変更できません。新規作成またはオリジナルの変更時のみ選択します（アイテムタイプ：雑用品、工具、弓、弾薬/投擲物、銃器、食べ物及びパック）
 #cfa7a0f個別トリガー：#n開発者ツール内のトリガーと違い、個別トリガーはこれまでにない、このプラグインに対してのみ起動される一連のイベントを有しています。プラグインによってより多くの可能性がもたらされます！
 #cfa7a0f個別シナリオ：#n開発者ツール内のシナリオと違い、個別シナリオのイベントもこのプラグインに対してのみ起動されます。
 PS：このプラグインで旧バージョンのプラグイン内蔵のトリガーまたはシナリオを使用していた場合、個別トリガーまたは個別シナリオのオプションバーのページ内右上にある新規に追加されたバージョンの変更スイッチをクリックすることで、旧バージョンに内蔵されたトリガー、シナリオに戻して編集することができます。ただし旧バージョンは今後新規に追加される内容には対応していません。どうぞご理解ください。"
19996,レシピ編集説明
19997,"レシピプラグインのオプション説明：
 1.合成アイテムは、ゲーム内の一部アイテム、ブロック及びカスタマイズアイテムの選択をサポートしています。
 2.「職人台不要」をチェックすると、レシピを人物合成スロット内で合成できます。
 3.レシピタイプはアイテム合成の工具箱内のタイプとなります。
 4.生産数は獲得アイテム数となります。
 5.必要な材料は最大で6個のアイテムを選択できます。
 #cfa7a0f個別トリガー：#n開発者ツール内のトリガーと異なり、個別トリガーはこれまでにない、このプラグインに対してのみ起動される一連のイベントを有しています。プラグインによってより多くの可能性がもたらされます！
 #cfa7a0f個別シナリオ：#n開発者ツール内のシナリオと異なり、個別シナリオのイベントもこのプラグインに対してのみ起動されます。
 PS：このプラグインで旧バージョンのプラグイン内蔵のトリガーまたはシナリオを使用していた場合、個別トリガーまたは個別シナリオのオプションバーのページ内右上にある新規に追加されたバージョンの変更スイッチをクリックすることで、旧バージョンに内蔵されたトリガー、シナリオに戻して編集することができます。ただし旧バージョンは今後新規に追加される内容には対応していません。どうぞご理解ください。"
19998,製錬編集説明
19999,"製錬プラグインのオプション説明：
 1.製錬材料及び製錬で獲得するアイテムは、ゲーム内の一部アイテム、ブロック及びカスタマイズアイテムの選択をサポートしています。
 2.「燃焼可」をチェックすると、製錬材料は同時に燃料にもなります。燃焼時間は燃料の燃焼時間です。
 PS：「燃焼可」のみをチェックし、製錬で獲得するアイテムを選択しなかった場合、製錬材料はただの燃料になります。
 製錬アイテムを獲得するのに必要な時間は10秒に固定されています。
 #cfa7a0f個別トリガー：#n開発者ツール内のトリガーと違い、個別トリガーはこれまでにない、このプラグインに対してのみ起動される一連のイベントを有しています。プラグインによってより多くの可能性がもたらされます！
 #cfa7a0f個別シナリオ：#n開発者ツール内のシナリオと違い、個別シナリオのイベントもこのプラグインに対してのみ起動されます。
 PS：このプラグインで旧バージョンのプラグイン内蔵のトリガーまたはシナリオを使用していた場合、個別トリガーまたは個別シナリオのオプションバーのページ内右上にある新規に追加されたバージョンの変更スイッチをクリックすることで、旧バージョンに内蔵されたトリガー、シナリオに戻して編集することができます。ただし旧バージョンは今後新規に追加される内容には対応していません。どうぞご理解ください。"
20101,開発者ヒント
20102,あなたの開発者信用ポイントが@1Ptになりました。@2開発者へのレベルアップに成功しましたことをお知らせします。
20103,規約違反行為により、あなたの開発者信用ポイントが@1Ptに下がりました。@2開発者に降格したことをお知らせします。
20104,ノーマル
20105,Lv1.星屑
20106,Lv2.星雲
20107,Lv3.恒星
20108,Lv4.赤色巨星
20109,Lv5.超巨星
20110,Lv6.超新星
20111,Lv7.ブラックホール
20112,開発者
20113,創作設定
20114,開発者になる
20115,ターゲット倉庫
20116,プラグインリスト
20117,資源センター
20118,トリガー
20119,シナリオ
20120,ショップ設定
20121,ショートカットツールバー
20122,（タップするとショートカットツールバーの全アイテムを切り換えます）
20123,モデル製作
20124,クイック建造
20125,電気回路設計
20126,プレイ方法設計
20127,開発者手帳
20128,ショートカットツールバーは常用モデル制作アイテムに切り換わりました
20129,ショートカットツールバーは常用クイック建造アイテムに切り換わりました
20130,ショートカットツールバーは常用プレイ方法設計アイテムに切り換わりました
20131,ショートカットツールバーは常用電気回路設計アイテムに切り換わりました
20132,ショートカットツールバーに情報タイプのアイテム（設計図、革の巻物等）があるのを検出しました。操作を続けると、ショートカットツールバーの全アイテムが切り換わります。
20133,開発者認証
20134,キャンセル
20135,開発者
20136,モデルデータ
20137,プラグインデータ
20138,X個のプラグインが無効
20139,マップ再起動
20140,データ配布にはまずデータをサーバーにアップロードする必要があります。このデータはアップロードされていないことを検出しました。すぐにこのデータをアップロードします。
20141,データ配布にはデータを総合データベースに移し、サーバーにアップロードする必要があります。すぐにこのデータを総合データベースに移し、アップロードします。
20142,#c0aaa1a@1#c657476個のファイル（ダウンロードを含む）
20143,開発者工具フローティングウィンドウ
20200,宇宙生存日数：
20201,萌目プラネットには寝袋を設置できません
20202,酸素精製装置
20203,燃料と酸素の材料を入れると酸素の精製が始まります
20204,酸素槽が満タンになると、継続的に消費し安全エリアを作り出します
20205,必要ロケット燃料
20206,萌目プラネットにようこそ
20207,宇宙は危険だ！酸素のない環境でどうやって生き残る？#r酸素果実を集め、酸素ゾーンを建て、レシピを収集し、酸素かばんを作る……#r#r注意！リスポーンすると地表に戻る！#r#r#cfa7a0fさあ、勇敢に探検しよう！#n
20208,@self、宇宙では酸素の消耗に注意してくださいね
20209,萌目プラネットにはタオムトーテムを設置できません
20210,注意：個人情報をシェアしないでください
20211,設定年齢が13歳未満のため、この機能を使用できません
20212,最低6文字を入力
20213,ミニスター工場
20214,アニメーション
20215,風格
20216,復古
20217,活力
20218,出場
20219,歩く
20220,座る
20221,ポーズ
20222,ダンス
20223,セーブ
20224,ドレスアップ-所持済に保存しました
20225,あなたのキャラは未保存です。このまま退出しますか？
20226,現在のセーブデータから退出すると再度ミニスター工場に入れます
20227,#cfa7a0fキャラクター回転ズーム#nをコントロールし、キャラクターをタップして交流します
20228,タップしてファッションリストを開くと、カスタマイズ倉庫内のアクセサリーを使用して#cfa7a0fキャラを着せ替え#nできます！
20229,タップして動画リストを切り換えし、あなたのキャラを#cfa7a0f動かしましょう#n！
20230,タップして風格リストを切り換えすると、さらにあなたの好きな#cfa7a0fスキンの風格#nを選べますよ！
20231,最後に#cfa7a0f保存を忘れないで#nくださいね！フレンドにシェアもできますよ！
20232,ミニスタードレスアップ
20233,（手動で審査にアップロードしてください。審査に通ると使用できます）
20234,ミニスター工場
20235,ミニスタードレスアップストレージがいっぱいです。削除してから再度ミニスター工場に入ってください
20236,図面の黒枠をカメラの枠内に入れてください
20237,ミニスター工場を使用するには、ミニワールドのカメラ権限をオンにする必要があります
20238,このまま入る
20239,空欄×@1
20240,感謝する
20241,手を振る
20242,ミニスター工場製作フロー
20243,コミュニティエリアに向かい#L#cffda0a公式イラストカード#nをダウンロードして詳細チュートリアルを確認します
20244,A4の紙にイラストカードを印刷し#L#cffda0aタップしてイラストカードをアルバムに保存します#n
20245,画材でドレスアップを描きます
20246,黒枠をカメラの枠内に入れてください
20247,今後は表示しません
20248,カメラを起動
20249,再撮影
20250,考える
20251,泣く
20252,怒る
20253,喜ぶ
20254,倒れる
20255,ポーズをとる
20256,撮影画面に戻りますか？
20257,シャープ
20258,立体感
20259,@Null@
20260,@Null@
20261,@Null@
20262,@Null@
20263,@Null@
20264,@Null@
20265,@Null@
20266,@Null@
20267,@Null@
20268,@Null@
20269,@Null@
20270,@Null@
20271,@Null@
20272,@Null@
20273,@Null@
20274,@Null@
20275,@Null@
20276,@Null@
20277,@Null@
20278,@Null@
20279,@Null@
20280,@Null@
20281,@Null@
20282,@Null@
20283,@Null@
20284,@Null@
20285,悪ガキ
20286,@Null@
20287,@Null@
20288,@Null@
20289,@Null@
20290,@Null@
20291,スコア
20292,@1%のプレイヤーを超えました
20293,着色
20294,すべての撮影内容はプレイヤーの自由な創作です。ゲームの運営とは無関係です
20295,画像の保存中です
20296,保存しました
20297,画像が一致しません。再撮影が必要です
20298,詳細情報
20299,コレクション
20300,図面をアルバムに保存
20301,交換コード無効
20302,この交換コードは使用済みです！
20303,この交換コードは期限切れです
20304,このスキンドレスアップは所持済みです。重複受け取りはしないでください
20305,わあ、おめでとうございます！「ポポ」と「トト」のアンロックに成功しました。ミニ隊長が新スキン「トトポポ」を送ります！
20306,ダウンロード失敗
20307,ダウンロード成功。アルバムに保存しました
20308,スキン交換
20309,審査中
20310,規約違反
20311,このドレスアップの画像は規約違反に抵触します。削除しますか
20312,現在スマートフォンバージョンの使用のみサポートしています
20313,審査通過前はシェアできません
20314,ミニスター工場（イラストカード撮影）
20315,ミニスター工場（段階撮影）
20316,図面がありませんか？
20317,単位：センチ（cm）
20318,サイズ表示に基づき、空白の紙に対応する図形を描き、画材でドレスアップを描きます。#L#cfa7a0f段階撮影の詳細チュートリアルを確認してください#n
20319,#cffda0a頭部#nイラスト
20320,体#cffda0a正面#nイラスト
20321,体#cffda0a背面#nイラスト
20322,ステップ撮影を使用すると、カメラのフレームに対応する描画エリアに合わせて段階的に撮影し、モデルを生成します。
20323,イラストカード撮影
20324,段階撮影
20325,イラストカードの黒枠を撮影エリア内に置いてください
20326,スキャン
20327,前に戻る
20328,プレビューなし
20329,頭部プレビュー
20330,体正面プレビュー
20331,頭部
20332,体正面
20333,体背面
20334,完成プレビュー
20335,もうすぐミニスタードレスアップを審査します（審査が完了してから使用することで、はじめてオンラインで見ることができます）
20336,バーコードを枠内に入れてください
20337,完成品アップロード
20338,完成品アップロード説明
20339,"#cfa7a0fアップロード前の準備#n
 公式イラストカードをダウンロードし、イラストカードの描画エリアに作品を完成させます。
 
 #cfa7a0f完成品アップロード方法#n
 「完成品アップロード」をタップし、ファイルをウィンドウで開いて選びたいイラストカード見つけ、タップして開きます。
 #cef2d2d注意：アップロードしたイラストカードと公式イラストカードのサイズが必ず一致していなければなりません（標準的なA4用紙）。#n
 
 #cfa7a0fプレビューと保存#n
 アップロード完了後、あなたの作品はスタードレスアップ編集画面に表示されますよ。
 保存後は手動アップロードが必要です。審査に通るとオンラインで見られます。"
20340,再アップロード
20341,注意：生成したモデルに問題があった場合、イラストカードのサイズと方向が正しいかどうかを確認してください（詳細情報は#L#cfa7a0f完成品アップロード説明#nを確認してください）
20342,未審査のコンテンツは使用できません。手動で審査にアップロードしてください
20343,審査中のコンテンツです。現在使用できません
20344,規約違反のコンテンツです。使用及び編集できません
20345,スターダンス
20346,スター · ダンス
20347,スタードレスアップ
20348,スター · ドレスアップ
20349,マイ工場
20350,ご期待ください
20351,設定
20352,ページアクション
20353,スターダンス表示
20354,スキン選択
20355,アクション選択
20356,#cffffff後ろのカメラレンズの前であなたのアクションを映してください#n
20357,#cffffff今すぐ#cfa7a0f@1#nアクションを録画しましょう#n
20358,#cffffffが@1アクションに切り換わります#n
20359,#cffffffアクション録画開始#n
20360,タイムラプス録画（5秒）
20361,モデル管理（@1/3）
20362,スターダンス説明
20363,"スターダンスは人体骨格の識別能力を通して、現実の人体のアクションをキャラドレスアップにマッチできます。
 プレイヤーはカメラの前に体を映すだけで、画面の中のキャラドレスアップはリアルタイムでプレイヤーのアクションとマッチングできます。
 プレイヤーはアクションを録画し、保存して使用することもできます。"
20364,"ミニスター工場にようこそ！ミニスター工場は各種AR技術を採用し、ミニワールドと現実世界をリンクさせられます。
 ここでは最新の面白いプレイ方法を体験できます。さらにはそれぞれの面白いアイディアやストーリーを、ミニスター工場を使って展開することもできます！"
20365,【スターダンス】
20366,1人撮影
20367,2人撮影
20368,キャラドレスアップをあなたと一緒に動かし、あなた専用のアクションを録画しましょう！
20369,詳細チュートリアル
20370,#L遊べませんか？#n
20371,#cef2d2d注意：機能使用中は身の回りの人や物に気を配り、安全に注意しましょう。#n
20372,スマートフォンを地面と垂直に置く
20373,距離1～2メートル
20374,アクションアプリ
20375,アクションアプリサポート
20376,"#cfa7a0fアクションアプリとは？#n
 アクションアプリを使用すると、プレイヤーキャラのアクションを変更できます。
 プレイヤーを使用してゲームに進み、ドレスアップモデルでアクションを再生します（以下を含みます：立つ、走る、横たわる、座る、泳ぐ、攻撃、敗北、攻撃を受ける）。使用中のアクションアプリの配置に切り換わります。
 
 #cfa7a0fアクションアプリのサポートしているスキンドレスアップは？#n
 カスタマイズドレスアップ@1（今後のバージョンでさらに多くのドレスアップをサポートする予定です）"
20377,配置アクションセット（アクションアプリ）
20378,アクションアプリ名
20379,#cffffff@1@2#nが#cfa7a0f@3#nアクションに切り換わります
20380,保存成功！
20381,保存成功！アクションセットデータを別名で保存しました。資源センターで確認できます
20382,基本アクション
20383,表情アクション
20384,別に保存
20385,#L#cffffffリソース
20386,最低1個のアクションを配置すると保存できます
20387,データ名（アクションセット）
20388,標準人形
20389,ノーマル人形
20390,この骨格で製作したアクションは、一部のスキンドレスアップのアクションにも使用できます
20391,アクションセットは資源センターに保存されます。デフォルト（ブロック、アイテムスタンバイ）アクションはアクションセットに保存されません。
20392,アクションセットデータを別に保存すると資源センターに保存されます。
20393,#L#cfa7a0fアクションセット保存
20394,標準人形モデルを生成
20395,アクションローディング
20396,アクション保存
20397,#cfa7a0f@1#nアクションは資源センターに保存されます
20398,資源工房モデル
20399,資源工房アクション
20400,マップアクション
20401,アクションデータ：ファイル@1/@2
20402,モデルデータ：ファイル@1/@2
20403,データ詳細情報
20404,名称
20405,データタイプ
20406,アクションマーク
20407,作者のミニID
20408,ファイルサイズ
20409,モデルタイプ
20410,総合
20411,セット
20412,単体
20413,ミニチュアブロック
20414,ミニチュアセット
20415,ミニチュアアイテム
20416,ミニチュア生物
20417,カスタマイズモデル
20418,#c0aaa1a@1×@2#nで#cfa7a0f@3#n個のアクションアプリスペースを有効にします。よろしいですか？#r（適度に遊んで課金はほどほどに）
20419,頭部
20420,首
20421,上半身
20422,腹
20423,骨盤
20424,骨格
20425,肩
20426,右肩
20427,右上腕
20428,右前腕
20429,右手掌
20430,左肩
20431,左上腕
20432,左前腕
20433,左手掌
20434,右太もも
20435,右ふくらはぎ
20436,右足
20437,左太もも
20438,左ふくらはぎ
20439,左足
20440,確認できません#rデータ未ダウンロード
20441,変更をサポートしていません
20442,振り返る
20443,回る
20444,腰に手を当てる
20445,足を上げる
20446,登場動画
20447,アクション命名
20448,上限100フレーム、毎フレーム0.1秒
20449,標準人形アクション
20450,標準人形のモデル編集では、骨格パラメータを改変できません
20451,コンテンツを変更していません。保存失敗
20452,ローディング成功
20453,ローディング失敗
20454,使用中のキャラドレスアップは、現在アクションアプリをサポートしていません
20455,総合
20456,公式アクション
20457,カスタマイズアクション
20458,スターダンスアクション
20459,アクションデータがありません。アクションセットを保存できません
20460,デフォルトアクションしかありません。アクションセットを保存できません
20461,アクションファイル数が上限に達しました
20462,本当にこの動作アプリプランを消去しますか？
20463,公式アクションは編集をサポートしていません
20464,変位コントロール
20465,変位のみ調整できます
20466,この骨格はモデル編集をサポートしていません
20467,あなたのスマートフォンは現在この機能をサポートしていません
20468,注意：毎日5回のみ審査にアップロードできます
20469,今日の審査提出回数が5回を超えました。明日改めて提出してください
20470,カメラの前でアクションをしましょう。あなたと一緒に動きますよ
20471,録画ボタンを押してみましょう。カウントダウン3、2、1、GO！
20472,わーい、これからあなたのアクションを、全部録画しますよ
20473,録画完了！あなたのダンス姿を見てみましょう
20474,保存すると、キャラスキンに使用できます。編集によって調整もできます
20475,@Null@
20476,まもなくアクションアプリを審査します（審査完了後に使用すると、オンラインで見られるようになります）
20477,スターダンス | とは何ですか？
20478,スターダンス | の使い方は？
20479,スターダンス | は便利？
20480,回る
20481,喜ぶ
20482,恥ずかしがる
20483,気まずい
20484,ぼんやりする
20485,スターダンス（モーションキャプチャー）機能へようこそ。これから機能紹介とガイドを始めます。
20486,機能ガイド終了
20487,アップロード失敗。ローカルファイルが見つかりません（他のアクションファイルを選んでください）
20488,（審査完了後に使用すると、オンラインで見られるようになります）
20489,@Null@
20500,撮影失敗
20501,@Null@
20502,@Null@
20503,@Null@
20508,@Null@
20509,しばらくお待ちください
20510,モーメンツ発表
20511,画像挿入
20512,モーメンツ管理
20513,提出
20514,モーメンツ詳細情報
20515,マイモーメンツ
20516,最近の返信
20517,編集
20518,気持ち発表
20519,タップして内容を入力します。15文字まで
20520,マイスペース
20521,優先表示チャンネル
20522,他の人のコメントを許可
20523,マイ気持ち
20524,マップ
20525,モーメンツ
20526,アルバム
20527,設定成功
20528,非表示
20529,非表示キャンセル
20530,一番上に配置済み
20531,おすすめワード
20532,おすすめワード未設定。マップチャンネルで設定を編集できます
20533,おすすめワード未設定
20534,マップチャンネル
20535,人気値
20536,表示センター
20537,——個人センター機能が更新されました！#r#r1.表示センター機能が追加されました。自分のスペース内で好きなゲームコンテンツをおすすめできます。#r#r2.個人の気持ち機能を追加。いつでも自分の気持ちのコメントを更新できます。#r#r3.人気システム機能を追加。人気値=フレンド数×10+フォロワー数+マップダウンロード量+モーメンツいいね数。#r#r4.スペースイメージチェーン機能を追加。個人スペースのイメージをロックでき、使用キャラのドレスアップによって変化することはありません。#r#r5.モーメンツ機能を追加。リアルタイムモーメンツを発表してフレンドやファンにゲーム内の面白いできごとをシェアできます。#r#r6.メダルシステムを追加。ゲーム内の各項目の達成をクリアするとカッコいいメダルを獲得できますよ。
20538,イメージロック機能未開放
20539,表示できるマップが空です。シェアに向かってください
20540,表示できるマップがありません
20541,タップしてチャット内容を入力します。100文字以内
20542,非永久的なドレスアップはロックできません
20543,このプレイヤーはブラックハウスに入っています（アカウント凍結）。確認できません
20544,イメージロック機能開放済（ロック）
20545,今日はこの画像にいいねをしました。明日またお試しください
20546,画像いいね数
20547,もっと見る
20548,#b#cffda0aオリジナル
20549,私から
20550,フレンドから
20551,フォローから
20552,審査中
20553,審査に通る
20554,審査失敗
20555,プライベート
20556,削除済み
20557,一番上に配置する
20558,コメントをクローズ
20559,非表示
20560,削除
20561,配布失敗
20562,内容を入力してください
20563,コメント失敗
20564,モーメンツ詳細情報獲得失敗
20565,モーメンツ削除失敗
20566,返信しました
20567,一番上に配置をキャンセル
20568,コメントを開放
20569,非表示キャンセル
20570,すべての人
20571,フレンド
20572,フォロワー+フレンド
20573,返信できません
20574,自分のみ閲覧可能
20575,モーメンツ返信権限
20576,パーソナライゼーション許可
20577,一番上に配置済み
20578,一番上に配置をキャンセル済み
20579,コメントをクローズ済
20580,コメントのクローズをキャンセルしました
20581,非表示済み
20582,非表示キャンセル済み
20583,削除済み
20584,非表示済みのモーメンツを一番上に配置しないでください
20585,作者がコメントをクローズしました
20586,作者がコメント権限を設定しました
20587,分前
20588,時間前
20589,現在モーメンツなし
20590,現在コメントなし
20591,発表成功！ただし、審査に通らなければ他の人は見られません
20592,5分間再表示しない
20593,メダル
20594,メダル値
20595,タップで着用
20596,このプレイヤーは現在獲得メダルがありませんよ
20597,新たなメダルがアンロックされました。おめでとうございます
20598,現在のメダル値
20599,@1Ptのメダル値
20600,@1獲得
20601,@1メダルの着用に成功しました。ゲーム内で確認してください
20602,@1メダルの着用をキャンセルしました
20603,メダルミッションをクリアし、スペシャルボーナスを獲得
20604,メダル報酬
20605,未完了
20606,見て！これが私の新しいメダル#cfa7a0f@1だよ
20607,メダルアンロック条件：
20608,メダルシェア
20609,返信
20610,グループ
20611,@1のグループ
20612,ジャンプ
20613,情報非表示
20614,発言禁止
20615,グループ除名
20616,グループ譲渡
20617,フレンド招待を許可
20618,グループフレンドを招待
20619,現在グループに他のメンバーはいません。今すぐフレンドを招待しましょう
20620,グループ詳細情報
20621,フレンドチャット
20622,発言禁止にされています。発言できません
20623,発言禁止キャンセル
20624,これ以上招待可能なフレンドがいません
20625,譲渡成功
20626,メダル使用失敗
20627,ホストにのみこの権限があります
20628,ホストが退出するとグループは解散になります。ホストを譲渡するとグループは残ります。本当にグループを解散しますか？
20629,@1はグループチャットへの加入を許可されていません
20630,招待失敗
20631,グループ招待を許可
20632,現在グループの人数が上限に達しているため、フレンドを追加できません
20633,グループが上限に達しているため、新たなグループを作れません
20634,グループ作成完了。現在グループに参加しているプレイヤー：@1
20635,ようこそ。プレイヤー@1。プレイヤー@2によりグループに招待されました
20636,招待成功
20637,退出
20638,解散
20639,現在グループチャットの記録がありません。早くフレンドに連絡を取ってグループチャットを作ってみましょう！
20640,グループ作成
20641,あなたの発言が多くのプレイヤーに通報されたので、現在グループチャットを使用できません。グループホストに連絡し、解除してもらってください
20642,あなたの発言が多くのプレイヤーに通報されたので、現在グループチャットを使用できません。@1まで待ってからリトライしてください
20643,相手のグループ数が上限に達しています
20644,メダルデータローディングがタイムアウトしました。しばらくしてから再度お試しください
20645,プレイヤー@1が新たなホストになりました
20646,ユーザーはすでにグループにいます。重複追加はできません
20647,同じ日の被通報回数が@1回を超えました。発言禁止の取り消しは許可されません
20648,規約違反の情報を発表しないでください。さもないとミニ隊長から厳しい処罰を受けますよ！
20649,次のメダルにレベルアップするまであと@1
20650,メダルが最高に達しました
20651,お気に入りから
20652,個人センターのオーナーが作った作品
20653,あの子のモーメンツ
20654,私の作品
20655,お気に入り
20656,あの子の作品
20657,あの子のお気に入り
20658,非表示済みのマップを一番上に配置しないでください
20659,一番上に配置したマップを非表示にしないでください
20660,@1のおすすめから：@2
20661,上のQRコードをスキャンして、私をミニフレンドに追加してください
20662,QRコード
20663,名前の記号が規定に合っていません（スペース、特殊記号などは使わないでください）
20664,ニックネームが重複しています。再入力してください
20665,コメント成功！ただし、審査に通らなければ、他の人は見られません
20666,設定成功！ただし、審査に通らなければ、他の人は見られません
20667,発表成功！
20668,ニックネームは提出され、現在審査中です。個人センターで確認できます
20669,（新ニックネーム審査中）
20670,改名できません。ニックネームは審査中です
20671,@Null@
20672,再試行
20673,接続が不安定です。ネットワークをチェックしてから再試行ボタンをクリックしてください
20674,人気
20675,同地方
20676,フォロー
20677,@機能は最大五人まで
20678,現在のURL：
20679,@マイフレンド
20680,フレンド&ファンのみ閲覧可能
20681,自分のみ閲覧可能
20682,公式へ発表
20683,フレンド&ファンのみ閲覧可能にしました
20684,モーメンツ機能が更新されました。早速見て見ましょう！
20685,もっと見る
20686,@1からの@通知
20687,合計@1件のコメント
20688,既に最下部です！
20689,公式
20690,厳選
20691,全員閲覧可能にしました
20692,全ての通知を削除しますか
20693,画像が規約違反しました
20694,相手のモーメンツにコメントを残すことができません
20695,クラウドゲームはローカルアルバムを使用できません。クライアントで操作してください。
20700,@Null@
20994,ミニ学堂報酬
20995,ミニ学堂クイズイベントで好成績を修めました。おめでとうございます。以下はイベント報酬です。速やかにお受け取りください！
20996,@Null@
20997,@Null@
20998,@Null@
20999,@Null@
21000,メリークリスマス
21001,おめでとうございます。クリスマスルーレットイベントで以下の報酬を獲得しました。今すぐ受け取ってください。期限が切れると無効になります！
21002,@Null@
21003,@Null@
21004,メール内に添付があります。受け取ってから削除してください
21005,@Null@
21006,@Null@
21007,ハッピーイースター
21008,おめでとうございます。イースターペイントエッグイベントで以下の報酬を獲得しました。今すぐ受け取ってください。期限が切れると無効になります！
21009,プレイ方法大作戦ボーナス受け取り通知
21010,親愛なる皆さん、今期のプレイ方法大作戦に積極的にご参加いただき、またランキング上位に入るなど素晴らしい成績を残してくださりありがとうございました。イベント報酬は、[ジャンプ]ボタンをタップしてウェブページにアクセスした後、[報酬受け取り]をタップしてお受け取りください。
21011,わいわい夏休み、ハッピーギフトパック
21012,"夏休み大型ギフトパックイベントで以下のアイテムを獲得しました。今すぐ受け取ってください。期限が切れると無効になります！
 サマーフェスティバルでは、サプライズが続々と登場します。期間限定で、趣向を凝らしたカスタマイズライブラリのドレスアップパックが登場し、さらに無料のパックもあなたを待っています。単調ではないより個性的なイメージを手に入れることができるでしょう！"
21013,親愛なるプレイヤーさん、ミニクラウドサービスのご購入が完了しました。[マルチプレイ - マイ - ミニクラウドサービスで関連する設定を行ってください。さらに設定のヒントを獲得するには、[ジャンプ]ボタンをタップしてください。
21030,権限申請
21031,ミニワールドのボイスチャット機能を利用するために、Miniwanはあなたのスマートフォンのボイス機能権限を要求します
21050,@Null@
21051,ゲームは仮想世界です。ゲーム内の行為を決してマネしないでください。身体的ダメージを受けないようにしましょう！
21052,ゲームは仮想世界です。ゲーム内の行為を決してマネしないでください。ダメージを受けないようにしましょう！
21053,ゲームは仮想世界です。ゲーム内の行為を決してマネしないでください。ダメージを受けないようにしましょう！
21054,ゲームは仮想世界です。ゲーム内の行為を決してマネしないでください。ダメージを受けないようにしましょう！
21055,ゲームは仮想世界です。ゲーム内の行為を決してマネしないでください。ダメージを受けないようにしましょう！
21056,@Null@
21057,@Null@
21058,@Null@
21059,公式サイトを認識し、偽物や不正なサイトの見分け方に注意してください。
21060,公式のカスタマーサービスを認識し、偽造に注意し、お金を振り込まず、信用しないようにしてください。
21061,@Null@
21062,@Null@
21063,@Null@
21064,@Null@
21065,@Null@
21066,@Null@
21067,@Null@
21068,@Null@
21069,@Null@
21070,@Null@
21071,間違った道具を使うと，もっと体力を消耗します。体力がなくなるとhpを消耗します
21072,積み重ねて、薄型木板の厚さを変えることができる。三角斜板をより多くの形状になります。
21073,ある人は黄砂に埋もれた陶器のツボの中で宝の地図を見つけたらしい。
21074,黒帽船長ティーチは#cffda0a機械工場で作られた巨大な船に乗って#n，嵐を越えて宝物を持って来た
21075,航海士たちは珍しい宝を持って来て、#cffda0a海島商人#nの取引も人気になる。大航海時代が来た
21076,ココナツ樹種は#cffda0a赤土坑#nで変異し、変異#cffda0aココナツ#nは船に必要な武器だと言われている
21077,水圧は海の深さに応じて増加し，水圧が高いほど体力消耗が速くなる。硬度の足りないブロックも粉砕します。
21078,（冒険モード）4日ごとに一度の特別な夜、出かけてみると意外な発見があるかもしれませんよ。
21079,長い間の研究の結果、作物の成長方法は改良され、常に監視する必要がなくなり、自分のペースで成長するようになりました！
21080,養殖動物もサボらなくなりましたよ。十分な餌があり、（居住）条件を満たしている限り、十分な時間が経てば成長します！
21081,ボイドエネルギーの影響を受けて、植物や生物はそれぞれの特徴に従ってボイド化します。
21082,ナイト・オブ・ボイドが終わると、太陽が地上を照らし、自然界は元の様子に戻ります。
21083,植物にはそれぞれの性格があり、例えばボイド・ツリーは暗闇の中でしか成熟して実をつけません。
21084,弾力のあるボイド・キノコの上に高いところから落ちても、傷つくことはありません。
21085,隊長の体験談です。ボイド化後の団子は相変わらず風船ガムが好きだが、周囲のエネルギーをむさぼり、渦を発生させて短距離テレポートを実現するという新たな能力を開花させました！
21086,(冒険モード)ラミの情報によると、メインクエストを進めると、ナイト・オブ・ボイドを早く見れるらしいです。
21087,(冒険モード)ナイト・オブ・ボイドの【0時】に、自分のエネルギー場と【復活のモノリス】が相互作用すると、ボイド侵攻が発生します。
21088,太古のブラックドラゴンの頭の彫刻が近くにある場合、ボイド侵攻は発生しません。
21089,寝てナイト・オブ・ボイドを過ごすと、次の日、目が覚めるとひどく疲れます。
21090,【ボイドクリスタルブロック】の上に【復活のモノリス】を置いて有効化させると、ボイド侵攻の難易度が上がります。
21091,(冒険モード)モンスター難易度やサバイバル難易度が高いと感じた場合、マップ設定画面で難易度を下げることができます。
21092,ツルハシ、斧、シャベルなどを持つ野蛮人に気を付けて！彼らは対応するブロックを破壊する能力を身につけています！
21093,ボイド使徒は夜間に出現することが多く、地下深くの洞窟で遭遇することがあります。
21094,剣は広範囲に、槍は一直線に突き進むから、仲間を傷つけないように注意してね！特に戦闘ペットを連れている時は要注意です！
21095,隊長の体験談です。2つの武器・道具を【融合作業台】で両手武器にすると、不思議な能力を得ます！
21096,隊長の体験談です。早寝早起きは体にいいこと、今寝ると体力が回復するだけでなく、昼間の状態もよくなり、効率がよくなるかもしれませんよ！
21097,優秀な冒険者は、常にスタミナの状況に注意するべきです！スタミナが85を超えると、HPは回復されます！
21098,行商人は、毎日目覚めた時に、お礼として秘蔵した商品を棚に並べます！
21099,行商人は旅の途中で地形を記録し、気分によって探索する生態系を決め、その生態系の特産品を持ち帰ります。
21100,行商人が最も自慢な作品：地形図。近隣の生態系の位置を書いてある。
21101,青色信号発射機
21102,緑色信号発射機
21103,黄色信号発射機
21104,橙色信号発射機
21105,紫色信号発射機
21106,赤色信号受信機
21107,青色信号受信機
21108,緑色信号受信機
21109,黄色信号受信機
21110,橙色信号受信機
21111,紫色信号受信機
21112,赤色信号解析機
21113,青色信号解析機
21114,緑色信号解析機
21115,黄色信号解析機
21116,橙色信号解析機
21117,紫色信号解析機
21118,信号発射機
21119,信号受信機
21120,信号解析機
21121,共通復活ポイント
21122,チーム1：赤チーム復活ポイント
21123,チーム2：青チーム復活ポイント
21124,チーム3：緑チーム復活ポイント
21125,チーム4：黄チーム復活ポイント
21126,チーム5：橙チーム復活ポイント
21127,チーム6：紫チーム復活ポイント
21128,共通初期準備ポイント
21129,チーム1：赤チーム初期準備ポイント
21130,チーム2：青チーム初期準備ポイント
21131,チーム3：緑チーム初期準備ポイント
21132,チーム4：黄チーム初期準備ポイント
21133,チーム5：橙チーム初期準備ポイント
21134,チーム6：紫チーム初期準備ポイント
21135,現在のマップは取り下げられました。マップショップは使用できません
21136,現在のマップショップはロックされました。購入できません。作者に連絡してショップを更新してください
21137,保存した商品の種類が現在の設置可能最大数を超えました。保存できません
21138,商品価格が現在の設置可能上限を超えました。保存できません
21139,マイガーデンレベルがLv.@1になると使用できます
21140,マップは現在アップロードされていないため、ショップを保存できません
21200,モンスターブロック
21201,数設定
21202,毎回の生成数
21203,範囲内の最大数
21204,生成範囲
21205,生成高度
21206,生成間隔
21207,毎回の生成間隔
21208,数検出
21209,数検出をオンにすると、モンスターブロックが生成範囲内の生物の数を検出します。
21210,生成範囲内の生物の数を制限します。範囲内の生物の数が制限数以上の場合、モンスターブロックは生物を生成しません。
21211,一括受け取る
21212,添付：
21213,すべての添付を受け取りますか？
21214,飼料
21215,建材
21216,家具
21217,装飾
21218,特殊
21219,基礎
21220,材料
21226,セーブデータが空です。下方のボタンをタップしてマップを作成しましょう
21227,時間限定販売
21228,あなたはまだプラグインを追加していません
21229,本当にこれらのDIYアバターモデルを削除しますか？
21230,DIYアバターモデル
21231,現在名称なし
21232,NEW！
21486,転送ブロック【#cff3d2b@1#n】が存在しません
21487,バックパックに通行禁止アイテム【#cff3d2b@1#n】があります。転送できません
21488,通行アイテム【#cff3d2b@1#n】@2がありません。転送できません
21489,チームが転送条件に合いません。転送できません
21490,転送ブロック【#cff3d2b@1#n】がアクティベートされていません。現在転送できません
21491,転送目標ポイントを選択してください
21492,あなたはもう【#cff3d2b@1#n】に達しました
21493,変更した設定が保存されていません。本当に閉じますか？
21494,転送失敗！
21495,転送ルート追加成功
21496,転送ルート追加失敗
21497,選択できる転送目標がありません
21498,通過できるチームがありません
21499,この名前は使用されています！
21500,起点を選択
21501,#L到達表示
21502,#L表示転送ブロックがアクティベートされていません
21503,通行アイテム：
21504,消費数：
21505,通行禁止アイテム：
21506,通行チーム：
21507,ステータス：
21508,追加転送目標ポイント
21509,転送ポイント編集
21510,詳細
21511,簡略
21512,転送目標ポイント選択
21513,不要
21514,制限なし
21515,転送ルール
21516,チーム検出
21517,#Lチーム検出
21518,通行チーム
21519,アイテム検出
21520,#L通行アイテム
21521,#L通行禁止アイテム
21522,この転送ルートを削除しますか？
21523,転送ポイント
21524,タップして表示情報を編集
21525,アイテム選択
21526,消費しますか
21527,転送
21528,この転送ポイントまで転送する表示
21529,オンにすると、転送画面にアクティベートされていない転送ポイントが表示され、オフにすると表示されません
21530,オンにすると、設定されたチームのみが転送ポイントを通過でき、オフにすると制限がなくなります
21531,オンにすると、設定されたアイテムがバックパックにある場合のみ転送ポイントを通過できます
21532,オンにすると、設定された禁止アイテムがバックパックにある場合、転送ポイントを通過できません
21533,@Null@
21534,@Null@
21535,@Null@
21536,@Null@
21537,@Null@
21538,@Null@
21539,@Null@
21540,@Null@
21541,@Null@
21542,@Null@
21543,@Null@
21544,@Null@
21545,@Null@
21546,@Null@
21547,@Null@
21548,@Null@
21549,@Null@
21550,@Null@
21551,@Null@
21552,@Null@
21553,@Null@
21554,@Null@
21555,@Null@
21556,ニックネーム
21557,@Null@
21558,@Null@
21559,@Null@
21560,@Null@
21561,公式イベント
21562,大山的琴声
21563,"孩子们在烈日下排起了整齐的长队。他们看起来很腼腆，眼睛里闪着喜悦的光。来自各地的爱心礼物纷纷被急切的孩子们打开，很快操场上便此起彼伏地响起了稚嫩的口琴声，空气中伴随着风声传来了欣喜的气息。
  以志愿者的身份来到这片土地之前，我一直想象不到自己与这里的孩子们生活环境如此截然不同。这里的人们凭借着自己的双手努力生活着，孩子们红扑扑的脸上也写满了坚定。
  在一片琴声笑声中，有个光着脑袋的小男孩跑过来对我轻声说了句“谢谢”。他咧着嘴告诉我，他想好好念书，长大后去更远的地方，看看外面的世界。我看着他的双眼，身体的疲惫也烟消云散。像他这样的小孩有很多，我可能无法帮助到他们中的大多数人，但只要能让一个孩子露出笑容，一切努力都值得了。"
21564,彩色的自白
21565,我是一个“魔法师”。我能用自己的身体，涂抹出世界上最鲜艳美丽的色彩。我的出生，伴随着许多人爱心的凝聚。这些互不相识的人们，送来了许许多多像我一样的小伙伴。我们来到这里的使命，就是奉献出他们的一片热忱。  有一天，我和我的小伙伴们都被放进了一个精致的“小房子”里，经历了万里旅途，来到了遥远陌生的山区。在这里，我们被陈列在一群衣着朴素，眼睛里却有着星光的孩子们面前。很快，我有了新朋友，一位扎着马尾辫的、脸上红扑扑的小女孩。她牵着我的手，在白纸上描绘出了我见过最好看的画作。小女孩看着我，再看看自己的作品，开心地笑了起来。  在这个瞬间，我才意识到，她的笑容才是世界上最美的色彩。
21566,小小的异世界旅人
21567,"一年前，我家附近来了位陌生的朋友。它身材小小的，身体深深地扎进砂土里。我每天都会去原野里看他。它告诉我，它来自另一个世界，那里有很多跟它一样的兄弟姐妹们，与它一起旅行到了这里。
  很快，它的兄弟姐妹们也来了，小小的绿色脑袋站满了整片土地。我对它们的世界很好奇，每次过来都会问很多的问题。它们给我讲了好多奇妙生物的传说，我也跟它们讲了很多的故事，关于我、关于朋友、关于我生活的这片土地。它们会留在这里，一起让这里变得更加生机勃勃。
  看着它们一天天地长高，我心里特别高兴。它们说自己很快就能比我还高了。哼，我也在长高，才不会输给它们呢。"
21568,梦境中的华尔兹
21569,今天的梦，是一个开心的梦。在梦中，我跳起了最爱的舞，周围绽放了漫山遍野的粉红色樱花，散发着迷人的香味。我很喜欢这里，因为这儿有我的梦。  我喜欢跳舞，喜欢舞蹈时自由自在的感觉。可我却没有一双属于自己的舞鞋，直到我遇见了一群美丽的大哥哥大姐姐。  哥哥姐姐们来自很遥远的地方，他们给我们带来了希望。看着大家脸上洋溢的笑容，我仿佛也找寻到了希望。  “我想当舞蹈家！”，我坚定地看着哥哥姐姐们。  有一个大哥哥走过来摸了摸我的头。  “哥哥帮你实现这个愿望！”说完，他便递给了我一双红色的舞鞋。  我太开心了。双手捧过鞋子的时候，我感觉离梦境中的自己越来越近了。  我的希望，我的梦想，我的未来，我来了。
21570,星星的笑脸
21571,今天是一个美妙的夜晚，大山寂静地沉睡着，只有树林里传来轻轻的鸟叫声。我抬起头看着天空，看到了天上的点点繁星，它们仿佛在对着我微笑，这让我不禁想起来那群人。  听老师说，有一群从很遥远的地方来的大哥哥大姐姐，给我们带来我们需要的东西。我高兴极了。他们就像天上的星星一样，带着笑脸，给需要帮助的人们带来希望。  一颗星星的力量，是微不足道的，可是漫天的星星，却拥有巨大的能量。  我希望我长大了也能成为像他们一样的人，就像天上的星星一般，带着笑容的力量，一直闪耀下去。
21572,我最喜欢的东西
21573,"奶奶总说我把废纸浪费了
 留着还能擦鼻涕呢
 哼，其实我是要把他们变成我最喜欢的东西
 全都保护起来
 千纸鹤
 大飞机
 长钢琴
 小帆船
 还有两三颗星星
 但它们好久都没再新增成员了
 好像是奶奶把所有的废纸都藏起来了吧"
21574,迷梭梭与安吉洛斯 Ⅰ
21575,"清晰地记得她当时说“在来到阿拉善之前，我从未看过如此湛蓝的天空，也未看过晚上八九点还不下山的太阳，更从未见过一望无际的黄土与荒漠……”然后我好奇地问她外面的世界长什么样的？我听着她将外面世界的美好娓娓道来……
  后来我们一起在这片荒芜中挖坑，种上一株一株梭梭树，并在树林中立了一块标志牌。她一直非常担心，这些梭梭树苗在这么恶劣的环境中，它们能存活下来吗？荒漠能再现生机吗？哈哈哈，最后还是由我来安抚她焦灼不安的心情呢。在离开之前，她拿出相机，拍下这一片黄土和我们满带笑容充满希望的瞬间。
  哦对了，忘了告诉你，她是安吉洛斯，是一名爱心志愿者，嘻嘻。"
21576,迷梭梭与安吉洛斯 Ⅱ
21577,"前几天我翻看日记的时候，翻出那张与迷梭梭在阿拉善合影的照片，背景看上去满目荒凉，再次勾起了我对梭梭树苗的担心。我终于按捺不住内心的冲动，想亲眼去看一看那片土地上的梭梭树苗，它们还在吗？还是绿油油的样子吗？
  又是迷梭梭带我来到阿拉善。哇！眼前的一切我简直不敢相信，这一片曾经的荒漠，现在远远望去已经泛起了绿色，除了当时种下的梭梭树，竟然还有稀疏的野草。我直觉反应是来错了地方，直到看见不远处那块我们亲手安放的标志牌。算起来，距离我们上次来阿拉善才半年多而已，这里的主色调竟然从土黄变成了青黄相接。我无法形容内心的震撼，于是站在同样的位置，我们又拍了一张照片。"
21578,美好的祝福
21579,今天看到了一篇文章《多亏中印，地球比20年前更绿了》里面说“过去20年来地球新增绿化面积相当于整个亚马逊雨林覆盖的面积”，我又想起了我们在阿拉善种下的梭梭林，心中无比骄傲和自豪，阿拉善的梭梭树苗已经长高，它们改善了阿拉善的生态环境。  这一切都要感谢在迷你世界里参加公益的可爱孩子们，真心地祝愿你们永远健康、快乐成长！也感谢那些为了公益而贡献己力的人们，因为有了你们，这个世界才变得更加可爱、美好。
21580,@Null@
21581,@Null@
21582,染色スコア
21583,胡胡
21584,牛牛
21585,包包
21586,小白
21587,小茜
21588,小康
21589,迷梭梭
21590,安吉洛斯
21591,転送に【#cff3d2b@1#n】@2を消費します
21595,この作者のショップは未開通です
21596,購入回数が今日の上限に達しました
21597,購入失敗！現在のマップは存在しません
21598,購入失敗！しばらくしてから再度お試しください
21599,購入失敗！現在の通行証アイテムデータエラー
21600,購入失敗！通行証最大所持時間を超えています
21601,購入失敗！現在のマップデータエラー
21602,購入失敗！現在、本人のショップでの通行証アイテム購入をサポートしていません
21603,通行証の有効期限は最大所持時間より長く設定することはできません。再度設定し直してください
21604,ルーム開放失敗。先に通行証を購入してください
21605,おめでとう！豪遊通行証の購入に成功しました
21606,親愛なるプレイヤーさん、ミニコインを消費して「豪遊通行証」を購入すると、現在のマップのゲーム権限を獲得します。購入後すぐに有効になりますよ！現在のアイテムを購入しますか？
21607,割引価格を元の価格より高く設定することはできません。再度設定し直してください
21608,アイテム
21609,ショップ情報保存成功
21610,@1日
21611,なし
21612,以下のタグを選択してください
21613,商品を1つ選択する
21614,以下のコインを選択してください
21615,残り@1日
21616,オンラインモードでの使用のみサポートしています
21617,親愛なるプレイヤーさん、#c0aaa1a広告を視聴#nするか#c0aaa1aミニコインを消費#nして#cfa7a0f豪遊通行証#nを購入すると、現在のマップのゲーム権限を獲得します。購入後すぐに有効になりますよ！現在のアイテムを購入しますか？
21618,毎日の購入制限回数
21619,プレイヤーの最大所有時間
21620,購入表示ポップアップ時間
21621,通行証有効期限
21622,売却価格
21623,#L販売時間
21624,販売時間終了後、設定したアイテムはショップから取り下げられます。ただし、再販売もサポートされています
21625,タグ増加
21626,コインタイプ
21627,元の価格
21628,現在の視聴回数を使い切りました
21629,おすすめ
21630,大人気
21631,時間限定
21632,割引
21633,#L割引価格
21634,割引価格を設定すると、プレイヤーの実際の購入価格は割引価格により計算されます
21635,#L割引有効期限
21636,割引有効期限のカウントダウンが終了すると、売却価格が元の価格に戻ります
21637,売却時間
21638,あなたのアイテムがショップで売却される時間の長さを決めます。カウントダウンが終了すると、プレイヤーはそれ以上購入できません。
21639,広告
21640,無料
21641,#L広告モード
21642,広告収入モードをオンにすると、プレイヤーは広告を視聴する方式によって#cfa7a0f無料のアイテムを獲得#nでき、あなたも#cfa7a0f広告収入のシェア#nを得ることができます
21643,表示言語設定【#cff3d2b@1#n】失敗
21644,表示言語設定【#c5aea0a@1#n】成功
21645,表示言語設定
21646,訳文を上書きしますか？
21647,言語タイプ：
21648,#cfa7a0f言語サポートバージョンを選択する意味は？#n#r言語サポートバージョンを選択すると、マップ内のテキスト入力箇所の一部に翻訳編集ボタンが表示されます。翻訳編集ボタンをタップすると、テキストがオンラインで選択した言語に翻訳されます。#r他の人は、マップに入る前に作者がサポートするよう設定した言語を選択し、ゲームを開始します。
21649,言語サポートバージョン
21650,翻訳編集
21651,訳文言語サポート
21652,全部翻訳
21653,原文 [#cfa7a0f@1#n]
21654,訳文 [#cfa7a0f@1#n]
21655,制限超過
21656,空欄
21657,原文の変更が検出された場合、確定をタップすると自動ですべて翻訳されます（#cfa7a0f注：元の訳文が上書きされます#n）
21658,@1のミニショップ
21659,マップ倉庫
21660,1、創作者ショップで購入したアイテムは、直接にバックパックに入れられます。
21661,2、バックパックの空間が足りない場合、左下の倉庫に入れられます。
21662,商品棚容量：
21663,商品配置
21664,コインタイプ
21665,タグ増加
21666,売却価格
21667,各数量
21668,コイン選択
21669,入力数が大きすぎます
21670,人気
21671,新商品
21672,タグを選択する
21673,マップバージョンが使用できません
21674,バックパックがいっぱいです。@1個の取り出しに成功しました
21675,一部の@1を取り出して今のセーブデータのバックパックに入れますか？
21676,取り出し確認
21677,1つのマップバージョンの使用不可アイテムを取り出し、今のセーブデータのバックパックに入れますか？
21678,ネットワーク請求失敗
21679,商品情報保存成功
21680,認証開発者にならなければこの機能は使えません。ボタンをタップしてミニボックスに行き、認証してください
21681,認証開発者にならなければこの機能は使えません
21682,認証へ
21683,#c0aaa1a@1#n/@2
21684,本の合成欄のスペースが不足しています
21685,本の分解欄に本がすでに存在しています
21686,スターエネルギーカーテン
21687,目的地【#cff3d2b@1#n】がアクティベートされていません。現在転送できません
21688,上書きする
21689,上書きしない
21690,翻訳中です。少々お待ちください...
21691,翻訳に成功しました
21692,翻訳タイムアウト
21693,未保存の内容があります。退出しますか？
21694,制作完了
21695,分割済
21696,スロットがいっぱいです
21697,これ以上内容はありません
21698,ショップ：@1
21699,追加交流
21700,新ショップ
21701,ショップ編集
21702,ショップ設定
21703,ショップ名
21704,ショップ説明
21705,商品設定
21706,商品名：
21707,購入可能回数：
21708,補充時間：
21709,購入に必要：
21710,追加商品
21711,商品詳細設定
21712,商品購入
21713,スター購入
21714,コイン購入
21715,単発購入数
21716,購入可能回数
21717,商品補充
21718,補充時間
21719,残り：@1
21720,売り切れました
21721,商品購入
21722,購入数
21723,コイン不足
21724,購入に必要
21725,革の巻物
21726,本選択
21727,時間限定販売
21728,未所持の時間限定ドレスアップをキャンセルすると保存できますよ
21729,イベント獲得
21730,未所持のイベントドレスアップをキャンセルすると保存できますよ
21731,バックパックがいっぱいです。#cfa7a0f@1#n@2個購入に成功しました
21732,#cfa7a0f@1#n@2個購入に成功しました
21733,アイテム欄がいっぱいです。購入できません
21734,本当にこのショップを削除しますか？
21735,本当にデフォルトの設定に戻しますか？
21736,アイテム名を入力してください
21737,#cfa7a0f @1 #nの検索結果
21738,アイテムが見つかりません
21739,検索内容は空欄にできません
21740,ショップ作成失敗
21741,ショップ更新成功
21742,オン
21743,オフ
21744,視野
21745,近い
21746,中
21747,遠い
21748,さらに遠く
21749,最も遠く
21750,UIスタイル
21751,淡緑色
21752,麦黄色
21753,露草色
21754,パック
21755,含まれるアイテム
21756,パックタイプ
21757,固定産出
21758,開放条件
21759,下のパックタイプを選択してください
21760,ランダム産出
21761,#L産出アイテム数
21762,#L重複許可
21763,必要数
21764,消費アイテム
21765,アイテム選択
21766,確率（%）
21767,追加アイテム
21768,含まれるアイテムを追加してください
21769,確率の総和が100%になると保存できます。現在の確率の総和は@1です
21770,以下のすべてのアイテムを獲得
21771,@1を消費して開放し、以下のすべてのアイテムを獲得
21772,確率で以下の@1個のアイテムを獲得
21773,@1を消費して開放し、確率で以下の@2個のアイテムを獲得
21774,オープン
21775,詳細情報確認>
21776,アイテム設定
21777,各数量
21778,ブロックを投げる
21779,投げブロック済み
21780,投げブロック
21781,#cfa7a0f@1#nを1個応援。現在のマップ#c0aaa1aブロック値+@2#n
21782,お返しとして#cfa7a0f@1#nを贈ります
21783,注：各マップは30日間で1回のみ応援できます
21784,すでにこのマップにブロックを投げています
21785,1つ投げる
21786,このマップが面白ければブロックを投げましょう！
21787,あなたの@1の数が不足しています。ボーナスを受け取りに行きましょう
21788,ブロック値
21789,フィードバック報酬
21790,ご愛顧に感謝します！
21791,#c0aba1d@1#nのマップにブロックを投げる
21792,"#cfa7a0f投げブロックとは？#n
 「投げブロック」はプレイヤーがマップへの愛をさらに表現し、応援できるようにするためのものです。全プレイヤーの投げブロックはボランティア精神によるものです。
 
 #cfa7a0fブロック値とは？#n
 ブロック値はプレイヤーの投げブロックによって増加します。マップのブロック値が高くなるほど、このマップがプレイヤーに人気だということを表します。
 同時に、個人センターでもプレイヤーのすべてのシェア済みマップのブロック値の合計が表示されます。
 
 #cfa7a0fそれぞれの投げブロックの区別は？#n
 それぞれの投げブロックで増加するブロック値が異なります。ミニコインで買ったブロックを投げると、プレゼントももらえますよ。同時にマップコメント内のあなたの名前も他の人と区別されるようになります。"
21793,評価
21794,おすすめする（鑑賞家に作品を見つけてもらえる確率が高くなる）
21795,推奨（鑑賞家が推奨したマップは多くの人に見てもらえる）
21796,コメントを公開
21797,このまま離れる
21798,オープン失敗
21799,開放アイテムが足りません
21800,バックパックのスペースが不足しています。バックパックを整理してください
21801,獲得
21802,ショップ名称を入力してください
21803,ショップ説明を入力してください
21804,パックを開くと獲得できるいくつかのアイテムを設定します。
21805,開封の重複が許可されていれば、パックを開いた時に確率に基づき、重複アイテムが獲得できます。
21806,パックタイプ：@1
21807,パック内にはアイテムが合計@1種含まれています。開くと確率で@2個引けます
21808,パック内にはアイテムが合計@1種含まれています。開くとすべてのアイテムを獲得します
21809,アイテム開放
21810,必須アイテムが足りません！
21811,マップの作者を応援してくれてありがとう！
21812,"私の作品を応援してくれてありがとうございます。あなたの応援は私の創作の
 最大の原動力です！"
21816,購入制限
21817,作者
21818,マップ
21819,作者名/ミニIDを入力してください
21820,マップ名を入力してください
21821,検索履歴
21822,検索履歴を削除しますか？
21823,トレンドワード
21824,検索結果がありません
21825,@Null@
21826,キーワードが短すぎます。現在検索結果がありません。
21827,現在のマップ倉庫のアイテムは、このマップの任意のセーブデータで取り出して使用できます
21828,まだアイテムがありません。マップショップで購入できます
21829,ミニショップが空っぽです
21830,投げブロック失敗。このマップはアップロードされていません
21831,ブラックリスト
21832,削除
21833,削除しました
21834,本当にこのコメントを削除しますか？
21835,このプレイヤーの全コメントを削除
21836,本当に#c0aaa1a@1（@2）#nによるこのモーメンツの全コメントを削除しますか？
21837,本当に#c0aaa1a@1（@2）#nをブラックリストに入れますか？入れるとあなたのモーメンツへのコメントが禁止されます。
21838,ブラックリストへの追加成功
21839,あなたは#c0aaa1a@1#nのモーメンツでのコメントを禁止されています
21840,送信失敗。しばらくしてから再度お試しください
21841,"@1#r
 返信しました@2："
21842,このプレイヤーはすでにブラックリストにいます
21843,光：
21844,公式モーメンツ
21845,リンクを挿入
21846,リンクを入力
21847,リンク入力成功
21848,現在リンクにジャンプ：
21849,モーメンツ獲得失敗。ネットワークアクセスを確認してください
21850,表示したい文字（T）
21851,タップしてハイパーリンクを入力（E）
21852,クリア
21853,マップトレンド
21854,ほかの検索タイプを試してみようか？ 「作者」または「マルチプレイ」を検索することもできますよ
21855,この作者はいない
21856,オンラインルームのホストIDのみを検索できますよ
21857,プレイヤー、マップ、ルーム
21858,別のキーワードを試す
21859,検索と発見
21860,総合
21861,プレイヤー
21862,ルーム
21863,資源
21864,作者
21865,マップ
21866,ミニID、リソースIDおよび名を入力してください
21867,@Null@
21868,ミニゲーム
21869,ゲームテンプレート
21901,商品活動
21902,販売時間
22000,@Null@
22001,@Null@
22002,@Null@
22003,@Null@
22004,@Null@
22005,@Null@
22006,@Null@
22007,@Null@
22008,@Null@
22009,@Null@
22010,@Null@
22011,@Null@
22012,@Null@
22013,@Null@
22014,@Null@
22015,@Null@
22016,@Null@
22017,@Null@
22018,@Null@
22019,@Null@
22020,@Null@
22021,@Null@
22022,@Null@
22023,@Null@
22024,@Null@
22025,@Null@
22026,@Null@
22027,@Null@
22028,@Null@
22029,@Null@
22030,@Null@
22031,@Null@
22032,@Null@
22033,@Null@
22034,@Null@
22035,@Null@
22036,@Null@
22037,@Null@
22038,@Null@
22039,@Null@
22040,@Null@
22041,@Null@
22042,@Null@
22043,@Null@
22044,@Null@
22045,@Null@
22046,連携ボーナス
22047,成功にメールと連携すると、豊富なボーナスをもらいます
22050,@Null@
23000,@Null@
23001,ミニショップ
23002,このアイテムは現在のマップバージョンでは使用できません。最新バージョンのマップをダウンロードしてから購入?使用してください。
23003,数字を入力してください
23004,現在のアイテムは取り出しできません
23005,現在のアイテムは購入できません
23006,同じ商品が存在します。再度選択してください
23007,アイテム名称
23008,ミニコイン/ミニビーンが不足しています。交換してからリトライしてください
23009,マップ作者は開発者ではありません
23010,購入成功。時間は自動的に追加されました
23011,アイテム分類
23012,武器
23013,装備
23014,食べ物
23015,アイテム
23016,消耗品
23017,その他
23018,マウント
23019,工具
23020,ギフトパック
23021,名称を入力してください
23022,分類中の商品も削除されますが、よろしいですか？
23023,この作者のショップは未開通です
23024,ヒント
23025,再命名
23026,並べ替え
23027,削除
23028,再命名成功
23029,並べ替え成功
23030,削除しました
23031,長すぎます。もう一度お試しください。
23032,使用禁止語が含まれます。もう一度お試しください。
23033,分類選択
23034,以下の分類を選択または分類を作成してください
23035,5文字以内の分類タイトルを入力
23036,新しい分類
23037,追加数が上限に達しています
23038,データエラーです。ショップを再度開いてください
23039,入力名が長すぎます
23040,残り
23041,残り@1日@2
23042,ミニポイント
23043,ミニコイン価格
23044,ミニポイント価格
23045,ミニポイント残高不足です。モバイル端末で体験してください
23046,現在のルームはクローズしています。ホールに戻って再度選択してください！
23047,すべて
23048,マップはアップロードされていないので、ショップでのアイテムを購入することはできません
23049,マップを保存しました。このマップはまだアップロードされていないため、ショップは開発者モードでのみ確認&編集できます
23050,割引有効期限
23051,割引価格
23052,販売価格
23053,特典一覧
23054,ミニワールド会員特典
23055,このマップでミニワールド会員を1ヶ月購入時の特典
23056,このマップでミニワールド会員特典を3ヶ月以上購入時の特典
23057,TIPS：マップ特典は開発者がデザイン&リリースしたもので、購入する前に関連内容をよく確認してください。問題が発生した場合、私たちにご連絡してください
23058,/月
23059,すぐに購入
23060,プレビュー
23061,特典配置
23062,TIPS：書かれた特典や権利がちゃんとトリガーできることを確保してください
23063,商品出品
23064,ノーマル会員特典
23065,会員を1ヶ月購入
23066,会員を3ヶ月購入
23067,ミニワールド会員になったプレイヤーは、本マップで以下の特典や権利を有する。（タップして入力、50文字以内）
23068,タップして入力（0-8文字）
23069,アイテム交換コンフィグ
23070,ミニポイント価格
23071,賞品内容
23072,賞品数
23073,商品削除
23074,受領条件
23075,無料受領コンフィグ
23076,1時間毎のログイン
23077,1日毎のログイン
23078,1週毎のログイン
23079,1ヶ月毎のログイン
23080,はい
23081,商品棚は空っぽです
23082,商品アイテムを入れるとマップショップで流通し、その収益の一部を得ることができますよ～
23083,ミニワールド会員特典
23084,審査中
23085,審査に失敗しました
23086,出品
23087,取り下げ
23088,出品中
23089,交換条件@1
23090,受け取る
23091,必要なミニポイント：@1
23092,TIPS：広告視聴回数に上限があり、1回視聴すると交換チケットを1枚獲得できます。交換チケットは当日のみ使用可能で、翌日になると消えます。
23093,必要なミニポイント：@1
23094,受領条件：@1
23095,報酬受領
23096,1時間毎のボーナス
23097,1日毎のボーナス
23098,1週毎のボーナス
23099,1か月毎のボーナス
23100,会員
23101,広告
23102,ボーナス
23103,交換チケット数：@1
23104,交換
23105,年
23106,月
23107,日
23108,時間
23109,分
23110,秒
23111,@1後に受領可能
23112,広告準備中
23113,回
23114,交換成功！@1は倉庫まで発送されました
23115,1日あたりの広告視聴回数は最大@1回です
23116,広告を視聴できるのはモバイル版だけです！
23117,再生に失敗しました
23150,ミニワールド会員になったプレイヤーは、本マップで以下の特典や権利を有する。
23151,削除すると元に戻せませんが、よろしいですか？
23152,取り下げた商品はショップで出現しなくなりますが、よろしいですか？
23153,@1のショップ
23154,評価ボーナス
23155,コメントボーナス
23156,購入
23157,交換
23158,お気に入りボーナス
23159,マップのコメントを書く
23160,コメントを公開
23161,お気に入り
23162,受領済み
23163,マップのコメントを書くと受領できます
23164,コメントを公開すると受領できます
23165,マップをお気に入りに入れると受領できます
23166,5文字を超えました
23167,広告視聴報酬の更新時間：@1
23168,ミニワールドモバイル版で広告を視聴するとミニポイントを獲得できます
23169,"#cfa7a0f——創作者ショップとは？#n
創作者ショップとは、創作者が自分のマップでアイテムを販売するためのショップで、創作者に収益をもたらす方法の一つです。

#cfa7a0f——ショップで使用できる貨幣の種類は？#n
1、ミニコイン、ミニポイント、ミニビーン及び広告の方式で決算できます。
2、ミニコイン：プレイヤーのミニコインはチャージ（課金）しか獲得できません。
3、ミニポイント：プレイヤーが広告を視聴することで獲得した貨幣。
4、ミニビーン：プレイヤーがガーデンミッションまたはプラットフォームイベントで獲得した貨幣。
5、広告：プレイヤーが（あなたによって）設定された広告を視聴することで収入を得ることができます。
6、プレイヤーがあなたのマップにおいて、上記の貨幣を消費した場合、あなたは一定の比率の収益を獲得できます。具体的なルールは創作者サービスページで確認できます。"
23170,創作者ショップのルール
23171,アイテム販売コンフィグについて
23172,"#cfa7a0f——貨幣種類#n
1、商品はあなたが設定した貨幣種類で販売され、プレイヤーが商品を購入した後、あなたは相応の収益を得ます。具体的なルールは創作者サービスページで確認できます。
2、ミニコイン：プレイヤーのミニコインはチャージ（課金）しか獲得できません。
3、ミニポイント：プレイヤーが広告を視聴することで獲得した貨幣。
4、ミニビーン：プレイヤーがガーデンミッションまたはプラットフォームイベントで獲得した貨幣。

#cfa7a0f——アイテム種類#n
分類に基づいて検索するために、カスタマイズのアイテム分類を作成することができます。

#cfa7a0f——セールイベント#n
1、期間限定&割引は設定可能で、他の選択肢はお勧めマークです。
2、期間限定イベント：このアイテムの販売時間及び販売数を制限できます。販売期間終了/販売数達成した後、アイテムは自動的に取り下げられますが、もう一度出品することもできます。
3、広告モード：広告モードをオンにした後、プレイヤーは広告を使用することでアイテムを獲得するか、あなたによって設定された貨幣で購入するか、二つのモードを選ぶことができます。プレイヤーが広告を視聴した後、あなたは収益を得ます。
4、商品非表示：商品を非表示にした後、プレイヤーは創作者ショップで当該商品を見ることができません。一方、あなたはトリガーで呼び出すことができます。
5、商品出品：取り下げられた商品を、プレイヤーは購入できません。"
23173,プレイヤーは広告を視聴することでアイテムと交換できます。交換に成功した場合、あなたは相応の収益を得ます。
23174,プレイヤーはマップをプレイすること、コメントを書くことなどで交換できます。
23175,このマップはカスタマイズアイテムがありません。プラグインでカスタマイズアイテムを作成しましょう。
23176,ボーナス受領のルール
23177,"プレイヤーがあなたの設定した条件を満たした後、ボーナスショップでアイテムを受領できます。受領条件の説明は以下の通り：
1、消費条件：周期内、プレイヤーが開発者ショップで消費した金額が条件を満たしたらアイテムを受領できます。
2、初心者ボーナス：全てのプレイヤーが受領できます。
3、1時間毎のログイン：1時間毎に受領できるログインボーナス、更新時間は各時刻の00分00秒です。
4、1日毎のログイン：1日毎のログインボーナス、更新時間は毎日の24時00分00秒です。
5、1週毎のログイン：1週毎のログインボーナス、更新時間は毎週の月曜日です。
6、1ヶ月毎のログイン：1ヶ月毎のログインボーナス、更新時間は毎月の1日です。
7、評価する：マップに「好き」または「嫌い」の評価をすることでアイテムを受領できます。
8、コメントを書く：マップについてのコメントを書くことでアイテムを受領できます。
9、お気に入り：マップをお気に入り登録することで受領できます。"
23178,交換ショップのルール
23179,"プレイヤーがミニポイントを使ってアイテムを購入した後、あなたは相応の収益を得ます。
プレイヤーが交換ショップで広告を視聴することでミニポイントを獲得でき、1回の視聴で約ミニポイント×5を獲得できます。"
23180,購入に失敗しました、もう一度試してください
23181,この商品は出品されていないので、購入できません
23182,購入数が上限に達したので、これ以上購入できません
23183,この商品は売り切れたので、購入できません
23184,このアイテムは説明がありません
23185,期間限定販売終了
23186,期間限定販売@1日
23187,セール終了
23188,セール@1日
23189,数量限定
23190,@Null@
23191,残り
23192,購入制限開始
23193,商品出品
23194,商品を取り下げたら、プレイヤーは購入できなくなりますが、よろしいですか？
23195,商品非表示
23196,基本情報
23197,その他のコンフィグ
23198,販売制限数
23199,数量限定
23200,イベント残り
23201,マップ内で
23202,消費したら受取可能
23203,ミニコイン
23204,ミニビーン
23205,追加
23206,商品購入中、頻繁に操作しないでください
23207,名称
23208,説明
23209,お試し価格
23210,販売詳細
23211,永久スキン価格
23212,日
23213,再アップロード
23214,@1日購入
23215,永久購入
23216,有効期限：永久
23217,有効期限：@1
23218,私のアイテム
23219,私のスキン
23220,使用中
23221,"#cfa7a0f——商品情報について#n
1、スキン名称の上限は8文字（必須情報）
2、説明は必ず記入してください（必須情報）。
3、スキンの価格は永久価格とお試し価格の二種類がある。
-永久価格で購入した場合、創作者がスキン商品を削除しない限り、そのスキンはずっとプレイヤーの倉庫に保存されます。
-創作者はお試しの有効期限を設定できる。お試し価格で購入した場合、プレイヤーは有効期限内にそのスキンを使用することができ、期限切れになった後、再び購入することができます。
4、出品&取り下げ：プレイヤーは購入できなくなるが、既に購入したプレイヤーは使用することができます。
#cef2d2d5、再アップロード：元のモデルを上書きし、既に購入したプレイヤーも新しいモデルになります。
#cef2d2d6、スキン削除：スキンを削除した後、ショップでの販売に影響を及ぼすが、既に購入したプレイヤーがスキンを使用することに影響を及ぼしません。（ローカルモデルを削除したら、プレイヤーの使用に影響を及ぼします）
7、商品非表示：当該商品はプレイヤー側の創作者ショップで表示されなくなるが、創作者はトリガーなどの方法で呼び出すことができます。
8、イベント
-期間限定&割引は設定可能で、他の選択肢はお勧めマークです。
-期間限定イベント：このアイテムの販売時間を制限できます。販売期間終了後、アイテムは自動的に取り下げられます。もう一度出品することもできます。
-割引イベント：イベント期間中、割引価格で商品を販売します。その価格は永久スキンの価格のみに影響を及ぼし、イベント終了後に原価に戻ります。

#cfa7a0f——創作物の内容は厳重に管理してください#n
商品名称、説明、モデルなどは他人の権利を侵害しないでください
政治的な内容、テロリズムに関する内容、成人コンテンツ及び法律に違反したその他の内容を制作・アップロードすることは固く禁じられています。
発見され次第、アカウントは直ちにバンされます。重大なケースの場合は司法機関に調査・処理していただきます。"
23222,あなたは@1x@2を消費し、@3を購入します。よろしいですか？
23223,あなたは#c0aaa1a@1×@2#nを消費し、#cfa7a0f@3#nを購入します。よろしいですか？#r（スキンはこのマップしか使用できないので、消費はほどほどにしてください）
23224,お試し価格は永久価格より高くしないでください
23225,マップスキン詳細情報ページ
23226,商品の基本情報を入力してください
23227,このスキンはこのマップしか使用できません
23228,このスキンはこのバージョンでは使用できません。マップを更新してください
23229,"このマップから永久的にこのスキンを削除しますか？
#cef2d2d（スキンを削除すると、購入できなくなります）
（取り下げすることがお勧めです）#n"
23230,購入しました。商品は創作者ショップの倉庫にあります。左下から倉庫に入って確認してください
23231,使えるモデルがありません。ミニチュアクリエイトモデルを使用するか、工房でダウンロードしてください。
23232,出品するスキン商品はルール違反の疑いがありますので、もう一度提出してください。
23233,審査中なので、編集できません。
23234,スキンは公開マップを更新した後、審査状態に入ります
23235,皮膚は地図を更新してから販売する必要がある
23236,商品には敏感な内容が含まれており、開発者が修正して使用するのを待っています
23237,商品には機密情報が含まれています
23300,
24000,@Null@
24001,@Null@
24002,@Null@
24003,@Null@
24100,@Null@
25000,範囲選択情報
25001,長さ：
25002,幅：
25003,高さ：
25004,選択範囲をキャンセルする
25005,エンドポイントをキャンセルする
25006,ブラシ
25007,充填物
25008,ズーム
25009,くり抜き
25010,ペースト
25011,積み重ねる
25012,ブロック交換
25013,交換可能ブロック
25014,現在：
25015,ブラシモード
25016,範囲選択モード
25017,範囲選択モードに変更
25018,ブラシモードに変更
25019,充填するブロックを選択する
25020,空気部分のみを充填する
25021,半径：
25022,立方体
25023,円柱体
25024,球体
25025,平面四辺形
25026,平面円形
25027,二点間を線でつなぐ
25028,二点間を面でつなぐ
25029,X軸モード
25030,Y軸モード
25031,Z軸モード
25032,連続の可否：
25033,形状
25034,#c5aea0aブラシを充填する
25035,#c5aea0aブラシを消去する
25036,#c5aea0aブラシを交換する
25037,#c5aea0a滑らかブラシ
25038,ブロックを選択範囲に#c5aea0a充填する#n
25039,選択範囲内のブロックを#c5aea0a消去する#n
25040,選択範囲内のブロックを#c5aea0aコピーする#n
25041,コピー範囲内のブロックを#c5aea0aペーストする#n
25042,選択範囲内のブロックを#c5aea0a移動する#n
25043,選択範囲内のブロックを#c5aea0a交換する#n
25044,選択範囲内のブロックを#c5aea0a積み重ねる#n
25045,範囲選択モード#c5aea0aに変更しました
25046,ブラシモード#c5aea0aに変更しました
25047,選択範囲内のブロックの移動に成功しました
25048,選択範囲内の#cffda0a@1#nを#c5aea0a@2に交換しました
25049,現在の選択範囲をキャンセルしました
25050,選択範囲内のブロックを消去しました
25051,充填に成功しました
25052,ペースト完了
25053,積み重ねに成功しました
25054,選択範囲のコピーに成功しました
25055,復元しました
25056,取り消しに成功しました
25101,開発者ショップを開く
25102,バックパックはいっぱいです。アイテムは#Y開発者ショップ-倉庫#n内に保管されました。
25103,#Y@1#nの購入に成功し、バックパックに入れました
25104,まだ装備していない商品です。開発者ショップに行って装備してください
25200,厳選されたおすすめ
25201,あなたにおすすめ
25202,ダウンロード中
25203,待機中
25204,デフォルト
25205,ダウンロード量
25206,評価
25207,注目度
25208,ハイライト時間
25209,発表時間
25210,計@1名の鑑賞家によるおすすめ
25211,うーん、ネットワークに問題があります
25212,うーん、ローディングに失敗しました
25213,@1枚の新マップが更新されました
25214,ダメだ。データが消えました
25215,もっと見る
25216,すべてをチェックする
25217,テンプレート
25218,コード
25219,コードをチェックする
25220,修正が保存されていません
25221,さらに表示
25222,閉じる
25223,こいつは怠け者だな。説明をまったく残していない
25224,マップ作品
25225,ダウンロード量
25226,プレイ注目度
25227,更新時間
25228,お気に入り
25229,投げブロック
25230,お気に入りに登録済み
25231,投げブロック済み
25232,人評価
25233,クイック接続
25234,加入に失敗しました。右側のアイコンをクリックしてオンラインルームの状況をチェックしてください
25235,学習専用のテンプレートマップ
25236,買取制のテンプレートマップ
25237,カバーデザインが規約違反です
25238,フォローしました
25239,トピック
25240,おすすめ
25241,ランキング
25242,最新
25243,私の
25244,現在のランキング：
25245,作成
25246,人気トピック
25247,トピックの詳細
25248,フォロー
25249,フォローした
25250,マップ
25251,最大のダウンロード
25252,最新のダウンロード
25253,最初のダウンロード
25254,\nアップロードする
25255,審査中
25256,トピックが通らない
25257,このトピックは審査で違反と判定されましたので、ページに戻って他のトピックをチェックしてください！
25258,ログイン中
25259,いいね
25260,よくない
25261,シェア
25262,ネットが悪くて失敗しましたので、もう一度試してください
25263,アーカイブはアップロードされていない、または壊れました
25264,切り替えるモードがありません
25265,設定
25266,退出
25267,新規ルーム作成
25268,＠1をお気に入りに登録しますか？
25269,＠1人が「いいね」しました
25270,いいコメント
25271,＠1にコメントしてください！
25272,このマップはまだコメントされていません
25300,@Null@
25301,現在すでにデフォルトのアイコンです
25400,一般効果
25401,特殊効果
25402,効果庫
25403,外観
25404,効果
25405,属性
25406,ステータス編集
25407,名称
25408,紹介
25409,アイコン
25410,特殊効果
25411,SE
25412,デモ
25413,持続時間
25414,持続モード
25415,制限なし
25416,制限あり
25417,持続時間
25418,ステータスタイプ
25419,有利ステータス
25420,不利ステータス
25421,優先度
25422,上書きする
25423,共存
25424,死亡排除しない
25425,秒
25426,追加効果
25427,主動的攻撃排除ステータス
25428,被ダメージ排除ステータス
25429,速度タイプ
25430,倍率変化
25431,掘削速度
25432,ダメージタイプ
25433,数値変化
25434,属性タイプ
25435,時間間隔
25436,ダメージタイプ
25437,ラッキータイプ
25438,撃退フレーム数
25439,身体部位
25440,モデルを選択
25441,変身時強制的に三人称視点になる
25442,変身時アイテムの使用ができなくなる
25443,環境
25444,ダメージ吸収
25445,攻撃力タイプ
25446,吹き飛ばしフレーム数
25447,トリガー確率
25448,ステータス持続時間
25449,防御値タイプ
25450,カウンターダメージ
25451,効果編集
25452,"上書き：同じステータスを獲得した時、すでに存在している同じステータスが上書きされる。
 共存：同じステータスを獲得した時、獲得済みの同じステータスが共存される。"
25453,ステータスタイプを設定してください
25454,現在の効果に修正項目はありません
25455,追加ステータス
25456,体積変化
25457,ドロップ率
25458,ステータス庫
25459,体力タイプ
25460,キャラクター行動
25461,キャラクタータイプ
25462,トリガー制限
25463,ドロップアイテムの排出
25464,トリガータイミング
25465,出力時に音を鳴らす
25466,クールダウン中
25467,毒素
25468,ブリード
25469,炎
25470,寒い
25471,混乱
25472,変身
25473,凍結
25474,画像リソース
25475,温度が透明度に影響を及ぼす
25476,特殊効果の大きさ
25477,温度が大きさに影響を及ぼす
25478,バフタイプ
25479,有限バフの上限
25480,1回の移動操作の累計値
25481,移動操作間隔tick
25482,無限バフの上限
25483,ダメージ数値
25484,適合温度を超えられる
25485,範囲の大きさ
25486,ブロック生成
25487,食物タイプ
25488,回復属性タイプ
25489,@Null@
25490,@Null@
25491,@Null@
25492,@Null@
25493,@Null@
25494,@Null@
25495,@Null@
25496,@Null@
25497,@Null@
25498,@Null@
25499,ステータス編集説明
25500,"ステータスプラグインのオプションバーの説明：
 #cf4b225外観：#nステータス名称、紹介、及びアイコン、特殊効果、SEなどを変更できます。
 #cf4b225效果：#nステータス効果を変更できます。1つのステータスに最大5つの効果が設定されています。
 #cf4b225属性：#nステータスの持続モード、及び属性パラメータが設定されます。
 #cfa7a0f個別トリガー：#n開発者工具内のトリガーと異なり、個別トリガーはこれまでにない、このプラグインに対してのみ起動される一連のイベントを有しています。プラグインによってより多くの可能性がもたらされます！
 #cfa7a0f個別シナリオ：#n開発者ツール内のシナリオと違い、個別シナリオのイベントもこのプラグインに対してのみ起動されます。
 PS：このプラグインで旧バージョンのプラグイン内蔵のトリガーまたはシナリオを使用していた場合、個別トリガーまたは個別シナリオのオプションバーのページ右上にある新規に追加されたバージョンの変更スイッチをクリックすることで、旧バージョンに内蔵されたトリガー、シナリオに戻して編集することができます。ただし旧バージョンは今後新規に追加される内容には対応していません。どうぞご理解ください。"
25601,ステータスアイコン
25602,スキルアイコン
25603,行動アイコン
25604,表情アイコン
25605,@Null@
25606,@Null@
25607,@Null@
25608,@Null@
25609,@Null@
25610,
25750,マップ名
25751,マップタイプ
25752,マップ紹介
25753,カバーデザイン
25754,サイズ
25755,大きさ
25756,私は#L#cfa7a0fユーザー規約#nと#L#cfa7a0fコンテンツ発表の注意事項#nに同意します
25757,マップタイプを選択してください
25758,マップの紹介を入力してください
25759,カスタマイズカバー
25760,さらに追加
25761,すみません。この機能は現在開発者ユーザーにのみ解放されています。
25762,すみません。この機能は現在開発者Lv.2以上のレベルのユーザーにのみ解放されています。
25763,カバーデザインの削除後はオリジナルゲーム内のスクリーンショットがカバーに変更されます。削除しますか？
25764,画像サイズまたは大きさがアップロード要件を満たしていません
25765,このタイプを選択すると、マップがプレイモードに変更されます。
25766,このタイプを選択すると、マップが編集モードに変更されます。
25767,紹介図の数量は@1枚までです
25768,クラウドに同期されていません
25769,マップ内のスクリーンショットをカバーに変更しますか？変更後には元のカスタマイズカバーは削除されます
25770,カバーデザインを変更する
25771,アップロードをキャンセルしますか？
25772,トピックを追加する
25773,マップトピック
25774,人気トピックを選ぶ
25775,カスタムトピック、最大30文字まで入力可能
25776,トピックを追加した
25777,トピックに追加できるのは、7月1日以降に作成されたマップのみです。
25778,審査中
25779,全民創造祭りを参加してボーナスを獲得する
25780,何のトピックも入力しない
25781,ローディング中...
25782,トピックが通らない、もう一度入力してください
25783,トピックのマップアーカイブをプライベートにすることはできませんので、情報を修正してもう一度アップロードしてください
25784,トピックの紐づけに失敗したので、関連情報が正しく入力されているか確認してください
25785,クリックして、工房話題に行く
25798,マップのアップロードに失敗しました。以下のファイルパスとファイル名を確認してください：
25799,現在すでに最新の内容になっていますので、アップロードする必要はありません
25800,マップのアップロード
25801,アップロード
25802,マップをアップロードする
25803,クラウドバックアップマップ
25804,公開
25805,プライベート
25806,アップロードをキャンセルする
25807,アップロード済み
25808,審査に通ると、すぐにミニ工房に届けられ、みんながあなたのマップを確認することができるようになります
25809,このマップをクラウドにバックアップすれば、あなただけがこのマップを見られるようになります
25810,マップ審査中のため、アップロードを更新することはできません
25811,修正待ち
25812,このセーブデータには危険なコンテンツが含まれている可能性があります。修正後に再接続してください
25813,このセーブデータには危険なコンテンツが含まれている可能性があります。修正後に再アップロードしてください
25814,このセーブデータには規約違反がありますので、アップロードできません。BAN解除の申し立てを行わないと再更新することができません。
25815,@Null@
25816,1つが偽であれば偽（2つのブーリアン型の内1つでも偽であれば、この場合の条件結果は偽である）
25817,1つが真であれば真（2つのブーリアン型の内1つでも真であれば、この場合の条件結果は真である）
25818,論理否定（結果はブーリアン型の反対を入力）
25819,現在ミニIDのパスワードの期限が切れています。最新のパスワードでログインしてください
25820,（フレンドオンライン）
25821,まもなくフレンドオンラインモードが実装されます。このモードではフレンドのみが招待可能となり、他の人は参加することができません！フレンドオンラインルームはプライベートルームとなっていて、他の人からは見られません。
25822,フレンドオンラインモードでは、ホストのフレンドのみがゲームに参加でき、他の人は参加することができません。
25823,ルーム内で規約違反の内容を見つけたら、積極的に通報しましょう！安心安全なネットワーク環境を作るには、一人一人の意識が大事です！
25824,あなたは「フレンドオンラインモード」で規約違反の内容によって通報されました。現在あなたはこの機能を@1まで使用することができません
25825,フレンドオンライン
25826,フレンドをフレンドオンラインモードに招待するには、フレンドになって@1以上という条件を満たす必要があります。現在このプレイヤーとはフレンドになって@2です。そのためルーム参加への招待をすることができません
25827,フレンドになって#cef2d2d@1日#nを超えるとフレンドオンラインルームに参加することができます。現在フレンドになって#cef2d2d@2日目#nです。そのため#cef2d2d現在参加することができません#n
25828,ルームにアクセスすることができません。フレンド状態を更新してリトライしてください
25830,@Null@
25831,スタンドアローンモード
25832,現在ネットワークはスタンドアローンモードです。この機能を使用することができません。
25833,現在スタンドアローンモードです。スタンドアローンボタンをクリックすると手動で変更できます。
25834,現在ネットワークにつながっていません。スタンドアローンモードに変更しますか？
25835,現在アカウントが割り振られていないため、一部のセーブデータ情報が保存されません。ゲームを完全な形でプレイするためにネットワークに接続してからゲームに再アクセスしてください
25836,現在のネットワーク状態は良好です
25837,現在のネットワーク状態は普通です
25838,現在のネットワーク状態は悪いです
25839,現在選択されたオンラインルームのネットワーク状態が良くないため、オンラインプレイの状態が良くない可能性があります。このオンラインルームにアクセスしますか？
25840,現在ネットワーク環境が悪いです。オンラインプレイの状態が良くない可能性があります
25841,現在ネットワーク状態が悪いです。オンラインルームの開設を続けますか
25880,@Null@
26000,今は入れるルームがないので、クイック接続をクリックして、ゲームを開始してみてください！
26001,地図をダウンロードしてルームを作る
26002,バージョン不一致
26003,クイックマッチング
26004,マッチング中
26005,他の部屋が見つかりませんでした。部屋を作ってみてください！
26006,ホストは部屋を閉めました?
26007,ホストはあなたを部屋から外しました。ほかの部屋で探索を続けよう～
26008,ホストはある原因でこの部屋を閉めました。ほかの部屋に行ってみよう～
26009,オフラインになっている時間が長すぎるため、部屋が閉鎖されています。部屋を作り直してください
26010,部屋の接続が切断されています。再接続してみてください
26011,クイック部屋チェンジ
26012,マップチェンジ
26013,#cd9001b今日外せたプレーヤーは@1times#rを超えました。友好的なゲーム環境を維持するために、継続的にプレーヤーを外せたら部屋はお勧めしませんよ?
26014,サーバーが閉鎖されました。他の部屋で探索を続けよう?
26015,@1に現在のサーバーを離れられ、他の部屋で探索を続けよう?
26016,チームで遊ぶ
26017,招待コード
26018,メッセージを送って、チームメイトとチャットしましょう
26019,チームを組んでマップを選択してゲームをしましょう
26020,マップを選択する
26021,おすすめマップ
26022,隊長まだマップを選択していない
26023,準備
26024,チームはゲーム中
26025,マルチプレイへ行こう
26026,メンバーはいません。マルチプレイへ友達を作りましょう。
26027,隊長変更
26028,キックメンバー
26029,あなたは新しい隊長になります
26030,あなたはチームから追い出されました
26031,隊長をプレーヤー@1に変更することを確認しますか？
26032,プレーヤー@1をキックしますか？
26033,チームを離れますか？
26034,ステイ
26035,プレーヤー@1があなたをチームに招待しました
26036,二度とこのメッセージを受け取れない
26037,チームがいっぱいです
26038,招待コードがコピーされました。貼り付けてください。
26039,私のゲームライブラリ
26040,隊長はマップをアップロードをしなかったため、閲覧できませんでした。
26041,ゲームが始まり、戻ってきて準備をします。
26042,無視
26043,チームに戻る
26044,準備が整い、ゲームが始まります
26045,チームは作成中、ゲームに参加できません。
26046,準備ができていないチームメイトがいます。チームメイトを伝えて、準備してください。
26047,違反行為があったため、チームゲームに参加できません。
26048,フレンド
26049,最近
26050,プレイ
26051,個人センター
26052,キャンセル
26053,確認
26054,フレンドを招待
26055,私のゲームライブラリ
26056,新しいワールドを作る
26057,オンライン
26058,オフライン
26059,チーム作成中
26060,チームに戻る
26061,送信
26062,メンバーはいません、マルチプレイに行きましょう
26063,もっと友達を作ろう
26064,招待
26065,プレイヤー@1はあなたをチームに招待し、このメッセージをコピーしてミニワールドを開いて一緒にプレイします！ @2
26066,チームに属していないため、操作できない
26067,準備をキャンセル
26068,このメッセージを5分間受信しなくなりました
26069,隊長だけ準備お知らせの機能を使用できます
26070,#cFFDC0Dマップを選択
26071,#c373632隊長はまだ#rマップを選択していません
26072,マップを選択していない、ゲームを開始できない
26073,現在マップはありません。作成またはダウンロードしてください～
26074,ゲームを終了すると、他のフレンドと一緒にチームページに戻ります～
26075,他のチームメンバーはまだゲームに参加しています、終了することを確認しますか？
26076,招待失敗
26077,隊長がゲームを終了し、ルームを閉じました
26078,ゲームを参加
26079,ゲームローディング
26080,キャプテンが「準備してくれ、すぐにゲームが始まるから」と言っている。
26081,ゲームはまもなく始まります
26082,新しい
26083,最大人数
26084,ルーム権限
26085,スタイル
26086,パスワード
26087,バックアップ
26088,フレンドを作る
26089,協力
26090,試合
26091,4桁の数字と文字のパスワードを入力してください。
26092,ゲストでは、ブロックを破壊したり、置いたりすることはできません。
26093,まだマップを持っていません、作成しますか？
26094,まずはマップをダウンロードしてください
26095,加入できるルームがありません。ルームを作成するか、もう一度試してみてください。
26096,チーム招待ポップアップ
26097,マップを作りません
26098,最近はマップをプレイしていない
26099,加入に失敗しましたので、再試行してください
26100,サーバーとの接続が切断されました
26101,再マッチングする
26102,現在のイベントの参加者数が多すぎるため、後でもう一度お試しください
26103,オープンチームはオンラインです、一緒に遊びましょう〜
26104,チームを作る
26105,チーム名
26106,チーム人数
26107,2人
26108,3人
26109,4人
26110,オープンチーム
26111,作る
26112,記録なし
26113,隊長にミニIDを入力してください
26114,のチーム
26115,参加可能なチームがありません。今すぐチームを作成する！
26116,以前一緒に遊んでいた#cfa7a0f@1#nが、君にミニベースで一緒に遊ぼうと誘ってくれています!
26117,プレイヤーはあなたをチームに招待して一緒にゲームをします
26118,招待時間：#c0aaa1a@1#n
26119,チーム数：#c0aaa1a@1#n
26120,ゲーム中、参加できません
26121,クライアントのバージョンが一致せず、参加できません
26122,"あなたのマップは長い間に更新されていません
今すぐ更新しましょう"
26123,創作を続ける
26124,マップ名称：
26125,コピー完了
26126,チーム作成完了
26127,チームに参加しました
26201,フレンドプレイ歴有り
26202,@1名のフレンドが遊びました
26203,@1が遊びました
26204,フレンドプレイ中
26205,@1名のフレンドが遊んでいます
26206,@1はプレイ中
26207,同類マッププレイ歴有り
26208,人気マップ
26209,人気者のお気に入り
26210,みんなプレイ中
26211,新規出品
26212,フレンドの中で人気
26213,ネットで人気
26214,みんなが探している
26215,（チーム名審査中）
28600,順位コンテスト　得意方早く来て
28601,ニュープレイヤー集合地
28602,マスター準備終了
28603,ルーム名審査中
28604,ルームの名前が規則に違反するので、再入力してください
28605,審査に失敗しました
28606,現在のマップからの出口を確認する？
28607,自分
28608,申請中
28609,スイッチング遊園地
28610,現在の遊園地プレイヤーは%s人、ミニワールドのプレイヤーは%s人
28611,フレンドの%sさんが、チームを作ってくれました
28612,招待
28613,遊園地ルームの取得に失敗しました、もう一度やり直してください
28614,チームを作る
28615,ゲームの種類
28616,作る
28617,新機能はオンラインで〜体験してみてください！
28618,プレイヤー様達を歓迎する遊園地では、新しい仲間との交流やチームを組んでの冒険が楽しめます！
28619,画面をクリックすると閉じます
28620,以前のグループプレイホールがここに移設されました〜
28621,今、%sとチャットしています
28622,私は%s人のチームを作りましたが、どなたか一緒に【%s】をプレイしませんか？
28623,私のチームへのはこちらに
28624,遊園地
28625,ワールド
28626,チームアップ
28627,チームアップメッセージの送信頻度が高い
28628,ワールドチャットタイムを使い切る
28629,新しいフレンドメッセージを%s受け取りました
28630,喜びがシェアされました、フレンド画面を開いて見てください
28631,今日も%sワールドメッセージを送ることができます
28632,今、あなたと同じミニワールドにプレイヤーの%s名様がいます！
28633,遊園地設定
28634,遊園地メッセージバブル
28635,開く
28636,5分間閉じる
28637,30分間閉じる
28638,一時間閉じる
28639,見知らぬ人たちのチームへの招待
28640,閉じる
28641,チャットウインドウの位置
28642,ロック
28643,移動可能
28644,位置メッセージ
28645,同じ地域だけ見える
28646,隠す
28647,プレイヤー
28648,チーム
28649,お知り合い可能の方にいる遊園地
28650,同じ地域にいる遊園地
28651,遊園地のフレンド（%s人）
28652,その他のプレイヤー（%s人）
28653,%sなど%s人がいる
28654,フレンドがいる
28655,%sがいる
28656,遊園地%s (%s人が遊んで)
28657,フレンドがいる遊園地
28658,フレンド%sもこの遊園地にいる
28659,遊園地タイプをお選びください。
28660,お知り合い可能人がいる遊園地
28661,同じ地域でプレイヤーがいる遊園地
28662,ランダムに賑やかな遊園地へ行く
28663,最近一緒に遊んだ人
28664,お知り合い可能の方
28665,この遊園地で遊んでいる
28666,現在、遊園地にチームはありません
28667,当分の間、遊園地には知り合いの可能性はない
28668,遊園地には、今のところ同じ地域のプレイヤーはいません
28669,ここをタップするとホールにいる人を確認できます
28788,初期化中…
28789,データアップロード中…
28790,クラウドサーバーデバッグ
28791,元の公開マップはプライベートマップに変更されますので、デバッグ完了後は主動でアップロードしてください
28792,この機能は中国国内の生産環境でのみ使用可能
28793,クラウドサーバーデバッグルームから退出しますか？
28794,現在のデバッグマップ名称
28795,TIPS
28796,デバッグ請求に失敗しました
28797,ローカルマップインデックスロス
28798,クラウドサーバー接続中…
28799,請求に成功しました
28800,招待許可
28801,ホストのみ
28802,全て
28803,ルームオープン
28804,検索可能
28805,友達から見える
28806,ルーム人数
28807,＠1人
28808,プライベートルーム
28809,ルーム作成
28810,オンラインゲーム
28811,友達はシングルプレイで
28812,フレンズはマルチプレで
28813,プライベート
28814,期限切れの招待メッセージ
28815,クラウドサーバー
28816,ルームと招待状はここで設定できる
28817,4桁の数字またはアルファベットのパスワード
28818,サイレントモード
28819,＠1はルームに加わりを申請します。承認されますか。
28820,ルームに加わる
28821,無視
28822,@1がルームフォローのリクエストを通しましたが、ゲームに参加しますか。
28823,ソロモードへようこそ。フレンドがルームに入ることを許しますか？
28824,サイレンスモード
28825,追従可能
28826,フレンド追従を解除したいですか？#c0aaa1aここをクリック#nしてサイレンスモードについて設定することができますよ～
28827,ソロゲームしたいですか？#c0aaa1aここをクリック#nしてサイレンスモードについて設定することができますよ～
28828,サイレンスモードをオンにすると、フレンドは追従の申請を送ることができなくなります#r#n（今後ソロゲームをスタートした後、サイレンスモードはデフォルトでオフになります）
28829,サイレンスモードをオフにすると、フレンドは追従の申請を送ることができます#r#n（今後ソロゲームをスタートした後、サイレンスモードはデフォルトでオフになります）
28830,サイレンスモードオン
28831,サイレンスモードオフ
28832,ホストの許可を待っています
28833,ホストはあなたの申請を拒否しました
28834,このルームは追従できません
28835,ルーム追従の申請を出しました
28836,マルチプレイでは、この機能は使えません
28837,ルームの名前
28838,@1の@2ルーム
28839,ミニキャプテン
28840,シングルルーム
28850,遊園地
28900,ロード失敗
28901,リフレッシュして再試行
28902,ボーム
28903,おすすめ
28904,カテゴリー
28905,フォロー
28906,お気に入り
28907,いいね
28908,プレイ
28909,フレンドプレイ
28910,ロード
28911,リリースしてリフレッシュ
28912,プルダウンしてリフレッシュ
28913,データを取得中...
28914,リフレッシュ成功
28915,上へスクロールすると詳細データが表示
28916,データロード中...
28917,リリースしてデータを取得
28918,ロード成功
28919,ロード失敗しました、再試行してください
28920,プレイ記録
28921,昨日プレイしたもの
28922,＠1日前プレイしたもの
28923,一週間前プレイしたもの
28924,プレイしたばかりもの
28925,今日プレイしたもの
28926,ゲームレコードがない
28927,＠1人がプレイした
28928,スポーツ
28929,レーシング
28930,トピックがない
28931,ホット
28932,ロビー
28933,お気に入り
28934,特集
28935,イベントマップ
28936,イベント
28937,大会
28938,タグ
28939,お気に入りリストから全てのマップを削除しますか？
28940,お気に入りマップがありません
28941,可視範囲
28942,マルチルームにしました
28943,ソロルームにしました
28944,マルチモードにする
28945,ソロモードにする
28946,プライベートクラウドサーバー
28947,マップタグ
28948,タグ追加
28949,より多くのプレイヤーにお勧めされるように、相応しいタグをつけてください
28950,ロード中…
28951,連携中…
28952,BAN
28953,イベント
28954,タグが多すぎます
28955,タグを入力してください
28956,ゲーム回数
28957,プライベートクラウドサーバー
28958,タグのルール
28959,"1、タグは最大@1個までつけることができます。
2、暴力・成人・ギャンブル・薬物などの内容を含んだタグは審査を通ることが出来かねます
3、運営チームは、事実に合わない、またはアクセス量を悪意的に稼ぐようなタグを削除・変更する権力を有します。場合によっては罰を課します。
4、お勧めタグ→テーマページ、カスタマイズタグ→検索ページ。カスタマイズタグの人気が一定数に達した場合、お勧めタグになる機会があります。
5、作品に相応しいタグを選択・カスタマイズすれば、あなたの作品をより多くのプレイヤーに見せることができます。今すぐタグをつけてみましょう！"
28960,カスタマイズ
28961,カスタマイズタグ、6文字以下
28962,追加
28963,オンライン人数
28964,「全て」を選んだ場合、ルーム内の全てのプレイヤーは他のプレイヤーをルームに招待することができます。「ホストのみ」を選んだ場合、他のプレイヤーは招待を送ることができません
28965,同じタグは1回しかつけられませんよ～
28966,マルチモードになると、他のプレイヤーはあなたのルームを発見し、参加することができます
28967,ソロモードになると、他のプレイヤーはあなたのルームを発見できず、一人で遊ぶか、フレンドを招待して共に遊ぶことができます
28968,ゲームから退出し、プライベートクラウドサーバーを起動しますか？
28969,他のタグ
28970,お気に入り登録に成功しました。マルチホール[最近-お気に入り-タグ]で確認できます
28971,合計で%s回遊ぶ
28972,タグ集
28973,この作品は参加条件を満たしていません
28974,詳細確認>>
28975,あなたが選んだ「@1」マップタイプは「@2」イベントの参加条件を満たしていません。マップタイプを変更すると、選択中の「@3」タグは削除されます！
28976,変更
28977,備考
28978,マップから退出してから操作してください
28979,フレンドはマップの中にいないので、追従できません
28980,クラウドマップ
28981,ダウンロード
28982,最近
28983,管理
28984,ゲーム倉庫
28985,ゲーム履歴
28986,今日
28987,ソロ
28988,今回の時間
28989,今回の人数
28990,マップ情報取得に失敗しました。後でもう一度試してください
28991,出自
28992,倉庫に入れる
28993,ダウンロードして倉庫に入れる
28994,"アップロードされていないセーブデータを削除すると元に戻せません
よろしいですか？"
28995,"ローカルでバックアップされていないセーブデータを[color=#FF0000]削除すると元に戻せません[/color]
よろしいですか？"
28996,倉庫に入れる
28997,削除中
28998,このゲーム履歴を削除しますか？
28999,@1オンライン
29000,@Null@
29001,セーブデータ削除
29002,マップリリース
29003,"ダウンロード
不要"
29004,コメント欄を閉じると、誰でもコメントできません。よろしいでしょうか。
29005,コメント欄を閉じる
29006,ローカルセーブデータ上限
29007,500MB
29008,1 GB
29009,3 GB
29010,5 GB
29011,8 GB
29012,10 GB
29013,ローカルセーブデータの大きさが上限に達しました。いらないセーブデータを削除するか、設定で容量上限を調整してください
29014,もっと前
29015,一週前
29016,プレイしたマップは自動的にゲーム倉庫に保存され、「ゲームスタート」で管理できます
29017,了解
29018,マップID：@1をクリップボードにコピーしました
29019,クラウドバックアップを削除しました
29020,クラウドからダウンロードしています
29021,バックアップをアップロードしました
29022,シェア中です。マップのアップロードが終わるまでこの操作はできません
29023,このマップはまだダウンロード中なので、この操作はできません
29024,クラウドバックアップ
29025,ローカルバックアップ
29026,バックアップが有りません。新しいバックアップを作りますか？
29027,バックアップ作成
29028,同期復元
29029,このセーブデータをクラウドまでアップロードしますか？
29030,クラウド容量：%s使用可能、合計%s
29031,アップロード中
29032,クラウド容量が足りません
29033,作成済み
29034,ソールピアニストがあなたの体に憑依しました。その演奏を楽しんでください
29035,ソールピアニストが離れました。ご自分で演奏してください～
29036,私のセーブデータ
29037,セーブデータをダウンロード
29038,[color=#FF0000]選んだ内容にはあなたが作成したマップのセーブデータがありますが、削除しますか[/color]
29039,編集モード
29040,"あなたはデバッグを行っていません。プレイヤーのゲーム体験を保証するために
クラウドサーバーにアップロードし、デバッグを行ってください。優秀なマップは
お勧めの機会を獲得できますよ～"
29041,"あなたはデバッグを行っていません。プレイヤーのゲーム体験を保証するために
クラウドサーバーにアップロードし、デバッグを行ってください。優秀なマップは
お勧めの機会を獲得できますよ～"
29042,リリース
29043,クラウドサーバーデバッグ
29044,お試しプレイ
29045,"現在のマップは【クラウドサーバーモード】です
アップロードされた後、【セーブデータモード】に変更できなくなります"
29046,ゲームを編集
29992,三人称視点2
29993,スティール
29994,ブロック
29995,シュートブロック
29996,パス
29997,シュート
29998,ダッシュ
29999,右クリック：ブロック/シュート、左クリック：スティール/パス、スペース：シュートブロック/ダッシュ
30000,マップを削除する
30001,アップロードをキャンセルする
30002,セーブデータのアップロードを中止する
30003,シェアをキャンセルする
30004,ダウンロードを中止する
30005,アップ\nロード
30006,ビデオセーブデータ
30007,インターフェーススタイルの変更に成功しました。次回のゲーム起動時に有効になります
30008,ダウンロードリストが空です。ミニ工房、マルチプレイにはたくさんの楽しいマップがあります
30009,懸命にローディング中
30010,視点
30011,大会
30012,決定をクリックするとテーマUIのリソースパックのダウンロードが始まります
30013,UIリソースパックのダウンロードに失敗しました。しばらくしてから再度お試しください
30014,テーマのUIリソースパックをダウンロード中
30015,現在リソースファイルを取得できません。しばらくしてから再度お試しください…
30016,初心者資料
30017,すべてのルームで発言禁止
30018,リフレッシュで自動発言禁止
30019,無期限
30020,5分
30021,すべてのルームで発言禁止（有効）：メッセージ送信不可
30022,すべてのルームで発言禁止（無効）：メッセージ送信可能
30023,ホストがルーム内発言禁止を有効にしました（@1）
30024,ホストがルーム内発言禁止を無効にしました
30025,おしゃべりが早すぎます。システムによって自動発言禁止となりました（@1）
30026,ホストがルーム内発言禁止を有効にしました。メッセージ送信はできません
30027,すべてのルームで発言禁止：ルーム内でホスト以外のプレイヤーの発言を禁止します
30028,自動発言禁止：ルーム内で5回リフレッシュを行ったプレイヤーは一定時間自動発言禁止となります
30029,発言禁止です
30030,発言禁止がキャンセルされました
30031,オンライン時間昇順
30032,オンライン時間降順
30033,価格高い順
30034,価格安い順
30035,男性ドレスアップ優先
30036,女性ドレスアップ優先
30037,ダウンロード済みUIスタイルに更新内容があります#r#L#c03ddda（ダウンロードへ移動）#n#n
30038,%sスタイルに更新内容があります
30039,%sリソースパックダウンロード中
30040,ダウンロード済みリソースパックは最新のものです
30041,@Null@
30042,まだドレスアップを持っていないんだね。早く選びに行きましょう
30043,祭日限定
30044,新春限定
30045,花語程行
30046,ミニ江湖
30047,可愛い動物園
30048,不思議な魔法屋
30049,未来の科学技術
30050,クラシック
30051,マッチするドレスアップが見つかりません
30052,合計額：
30053,フレーム数制限
30054,更新
30055,言語
30056,ショップに行ってチェックをクリック
30057,現在ギフトパックのセールはありませんよ
30058,ギフトパック
30059,限定
30060,購入制限@1回
30061,毎日購入制限@1回
30062,毎週購入制限@1回
30063,毎月購入制限@1回
30064,@1日間で購入制限@2回
30065,@1日後にリニューアル
30066,@1時間後にリニューアル
30067,@1日後に販売終了
30068,@1時間後に販売終了
30069,ギフトボックス
30070,大賞
30071,抽選1回
30072,抽選5回
30073,もっと
30074,今期の報酬プレビュー
30075,カケラショップ
30076,アンロック
30077,再抽選1回
30078,再抽選5回
30079,報酬が倉庫に追加されました
30080,おめでとう、プレイヤー@1は@2を引きました
30081,所持済み：
30082,@1を交換しますか？
30083,消費カケラ数：@1
30084,おめでとう！@1を獲得しました。ドレスアップショップに行って使用してください。
30085,"イベントルール：
 1.ガチャチケット1枚を使用して1回ガチャを引けます。ガチャチケット5枚を使用して5回ガチャを引けます。永久ドレスアップ、ドレスアップのカケラなどレア報酬が獲得できるチャンスがあります。報酬は不定期で更新されます。
 2.ドレスアップのカケラはカケラショップ内で永久ドレスアップなどのアイテムと交換できます。カケラショップは不定期で更新されます。
 3.所持済みのドレスアップ（永久ドレスアップ）はガチャから排出されません。
 4.イベントの解釈権はミニワールド公式が所有します。"
30086,レベル：
30087,購入に必要なカケラが足りません。関連するイベントに参加し、ボーナスなどの方法で獲得してください
30088,永久
30089,3日
30090,7日
30091,限定
30092,@1個
30093,ゲームを再起動して獲得
30094,倉庫がいっぱいです。ギフトパックをメールアドレスに送りますので、お受け取りください（メールは30日間保存されます）
30095,ギフトパックをお買い上げいただきありがとうございます。倉庫がいっぱいです。倉庫を整理してからお受け取りください（本メールは30日間保存されます）
30096,"イベントルール：
 1.ガチャイベントに参加すると、永久ドレスアップ、ドレスアップのカケラなどレア報酬が獲得できるチャンスがあります。報酬は不定期で更新されます。
 2.ドレスアップのカケラはカケラショップ内で永久ドレスアップなどのアイテムと交換できます。カケラショップは不定期で更新されます。
 3.所持済みのドレスアップ（永久ドレスアップ）はガチャから排出されません。
 4.イベントの解釈権はミニワールド公式が所有します。"
30097,抽選に失敗しました。しばらくしてから再度お試しください。
30098,広告を視聴して追加報酬を受け取りますか？チャンスは今回限りですよ！
30099,追加報酬を受け取る
30100,更新時間：#c7daa0a@1#n
30101,1日
30102,7日
30103,@1個
30104,スキン
30105,アバター
30106,マウント
30107,キャラクター
30108,アイテム
30109,試着
30110,脱衣
30111,ミニポイントショップヘルプ
30112,本日の残り報酬回数：#c0aaa1a@1/@2#n
30113,ミニポイントが不足しています。広告を視聴してミニポイントを獲得してください
30114,ヒント
30115,@1ミニポイントを消費して以下のアイテムを購入しますか？
30116,花小桜と一緒に広告を見ましょう。ミニポイントが獲得できます。ミニポイントショップで素晴らしいスキンや実用的なアイテムと交換できます。さらに開発者マップ内で商品と交換することができますよ！
30117,"ミニポイントとは？
 ミニワールドでミッションを完了すると、ミニポイントが獲得できます。ミニポイントはミニポイントショップや開発者マップ内で商品と交換できます。
 ミニポイントの獲得経路は？
 広告視聴でゲット。毎回の獲得ポイント数は異なります。"
30118,花小桜と一緒に広告を見ましょう。ミニポイントが獲得できます。ミニポイントショップで素晴らしいスキンや実用的なアイテムと交換できますよ！
30119,"ミニポイントとは？
 ミニワールドでミッションを完了すると、ミニポイントが獲得できます。ミニポイントはボーナスショップ内で商品と交換できます。
 ミニポイントの獲得経路は？
 広告視聴でゲット。毎回の獲得ポイント数は異なります。"
30120,本日の広告回数が上限に達しました。明日また来てください
30121,#cef2d2d毎日広告回数は更新されますよ#n
30122,広告を視聴する
30123,ミニポイントが不足しています
30124,もっと見る
30125,ボーナスショップ
30126,ボーナス抽選
30127,広告を視聴して、より多くのミニポイントを獲得して抽選に参加します
30128,消費
30129,広告を視聴して、より多くのミニポイントを獲得します
30130,今期の報酬プレビュー
30131,スタート
30132,無料
30133,広告の視聴に成功しミニポイントを獲得しました。ミニポイントショップに行ってチェックしてください
30134,良いサービスを提供するために、APPを開いてデータースイッチをクリックしてください
30135,二度と出ない
30136,ラッキーチケットが足りない
30140,@Null@
30150,@Null@
30151,贈呈
30152,ミニIDを入力/フレンドネーム検索
30153,該当するプレイヤーが見つかりません
30154,マイガーデンレベル#cfa7a0fLv.3#n以上、フレンド日数#cfa7a0f5日#nで贈呈可能
30155,相手のマイガーデンレベルがLv.3以上であれば受け取り可能
30156,フレンド日数が5日以上であれば受け取り可能
30157,マイガーデン果実レベルがLv.3以上であれば贈呈可能
30158,お祝いの言葉を選択する
30159,@1から
30160,贈呈を確認する
30161,毎日楽しく過ごしてね！
30162,ずっとグッドフレンドでいようね！
30163,楽しい祝日を。あなたの幸せをお祈りします！
30164,"#c0aaa1aミニコイン×@1#nで#cfa7a0f@2#nを購入します。よろしいですか？
 （適度に遊んで課金はほどほどに）"
30165,@1決定
30166,ミニコインが不足しています。チャージ後に贈呈してください（初回チャージによる2倍のプレゼントコインは贈呈には使えません）
30167,贈呈成功。プレゼントを発送中…
30168,プレゼントを受け取りました
30169,"@1（@2）のプレゼントが届きました：@3
 幸運をお祈りします：@4"
30170,有効期限：永久
30171,スキンを装着後再び贈呈をクリックしてください
30172,ミニコインで購入したアバターのみ贈与/要求可能です
30173,"贈呈リスト：
 合計額：#c0aaa1aミニコイン×@1#n
 #cfa7a0f@2#n #c0aaa1aミニコイン×@3#n
 #cfa7a0f@4#n #c0aaa1aミニコイン×@5#n
 （適度に遊んで課金はほどほどに）"
30174,アカウントを紐づけしてから贈呈してください
30175,1日の贈呈上限回数20回
30176,1日の同一プレイヤーに対する贈呈上限回数5回
30177,イベントで獲得したスキンをキャンセルしなければ贈与/要求できませんよ～
30178,あなたが選択したチャージグレードにおいて、プレゼントされるミニコインはスキン及びアバターの贈呈には使えません。このグレードのチャージを行いますか？
30179,適度に遊んで、課金はほどほどに。公式ではないすべてのチャージルートについては信用しないでください。#L#c0aaa1a他の注意事項をチェックする#n
30180,"1、贈与したミニコインはコレクション市場・祝儀・贈与機能で使用できません。#r
2、運営チームはお金に関する要求は一切しないので、騙されないように気を付けてください！#r
3、「海賊版」や「カスタマサービスと自称したプレイヤー」などを信じないでください！"
30181,チャージを続ける
30182,チャージの注意事項
30183,アイテム及び贈呈品は自動的に倉庫に発送されます。倉庫がいっぱいであればメールを送信します
30184,リクエスト
30185,スキンリクエスト
30186,WeChat/QQリクエスト
30187,互いにフロー@1日間後リクエストできる
30188,伝言を選ぶ
30189,誕生日は1年に1回しかないので、ギフトをもらえるかどうかわかりません@1
30190,気分が悪いので、嬉しくなれるために@1をお願いしています>_<
30191,祝日に@1があったらいいですね！
30192,友達は@1を持っていることを望んでいます、どうもありがとうございました！
30193,正常に送信されました。
30194,リクエストアプリケーションは#cfa7a0f@1#nに正常に送信されました
30195,ネットワークが異常です。しばらくしてからもう一度お試しください
30196,拒否して削除
30197,贈るに行く
30198,親愛なる#cfa7a0f@1#n #r@2
30199,申し訳ありませんが、#cfa7a0f@1#nからリクエストした#cfa7a0f@2#nスキンアプリケーションは拒否されました。他の友達を見つけてみませんか
30200,あなたのスキンリクエストは拒否されました
30201,リクエストをするには、まず友達を追加してください
30202,カケラ
30203,特別セール
30204,ボーナス
30205,任意の金額をチャージすると、永久アイテム——@1がもらえます！
30206,アイテムリスト
30207,#cfa7a0f@1——未所持#n
30208,@1——所持済み
30209,このアイテムを交換するにはあと@1個のカケラが必要です。ガチャを続けますか？
30210,ガチャチケット@1枚
30211,ガチャチケット5枚
30212,ガチャチケット×1を贈呈
30213,ガチャチケットが不足しているため自動購入します
30214,@1回購入
30215,注：ガチャチケットはショップガチャでイベントに参加することができます。スキン報酬を獲得できるかもしれません！
30216,イベントチケット@1枚
30217,イベントチケット10枚
30218,果実チケット1枚
30219,イベントチケット×1を贈呈
30220,イベントチケットが不足しているため自動購入します
30221,注：イベントチケットはマイガーデンイベント果実でイベントに参加することができます。マウントのカケラ報酬を獲得できるかもしれません！
30222,花火を購入（#cffda0aガチャチケット#nを贈呈）
30223,花火を購入（#cffda0aイベントチケット#nを贈呈）
30224,購入に成功し、@1が倉庫に追加されました。@2を贈呈します
30225,@Null@
30226,抽選のみ
30227,交換のみ
30228,抽選&交換
30229,この永久スキンは所持済みです。交換できません
30230,この永久パーツは所持済みです。交換できません
30231,カケラの消費に失敗しました。しばらくしてから再度お試しください
30232,アイテムの交換に失敗しました。カスタマーセンターに連絡してください
30233,アイテムの受け取りに失敗しました。カスタマーセンターに連絡してください
30250,この操作はあなたの現在のイメージを消去します。続けますか？ヒント：他の空いているブロックに自身のドレスアップをバックアップすることができます
30251,現在のイメージは選択されたイメージによって上書きされます。先にバックアップを取っておくことをおすすめします。
30252,アバター特権カード
30253,購入後ほとんどのアバターの無料使用権が獲得できます。有効期限は30日、購入後即有効となります。
30254,@1日
30255,あなたはアバター特権カードを所持しています。期限内にほとんどのアバターを無料で使用することができます。試着の保存を選択するか、または未所持アバターの永久使用権を購入することができます。
30256,特権カードVIP
30257,あなたのカスタマイズドレスアップ特権カードの期限がもうすぐです。期限がくると未所持のカスタマイズドレスアップのセットは消去されます。延長して特権を保留しますか？
30258,特権を延長する
30259,試着を保存する
30260,購入成功。今すぐアバターをセットしよう！
30261,このアバターを@1に送りしましたので、重複しないでください。
30262,アバターはメールで@1に送られており，メールに遅延がある可能性があり，友人に再登録を注意して査収することができる
30270,アイテムリスト
30271,#cfa7a0f@1——未所持#n
30272,@1——所持済み
30273,このアイテムを交換するにはあと@1個のカケラが必要です。ガチャを続けますか？
30274,確認
30275,購入数量を選択してください
30276,所有
30277,すでに所有しているので、繰り返し購入しないでください?
30278,skin @1を求める
30279,友達が立て替える
30280,QRコードをスキャンして支払う：
30281,リンクを共有する
30282,画像を保存する
30283,注意：立て替えるユーザーは18歳以上のみです
30284,WeChatに共有する
30285,QQに共有する
30286,QRコードのスクリーンショットがアルバムに保存されました
30287,リンクはクリップボードにコピーされました
30288,親愛なる仲間、QRコードをスキャンしてスキン@1を送ってください
30289,1日あたりのリクエスト制限@1 回
30290,同じプレイヤーに1日1回しかるリクエストできません
30291,スキンリクエスト
30292,毎月のリクエスト量が上限に達しました
30293,贈りました
30294,この友達からのリクエストを@1日間受け入れません
30295,謎の友達から
30296,友達からリクエストされたギフト@1を受け取りました！
30297,QRコードのスクリーンショットがデスクトップに保存されました
30298,"1.ボーナスカウントダウンが終了すると、タスクが更新され、現在のタスクの進行状況もクリアされます。受領していないボーナスを再度取得することはできません。タスクのボーナスを時間内に受け取ることを忘れないでください?
2.タスクは、ミニポイント消費タスクと広告を見るタスクに分かれています。タスクを完了する前に、タスクの条件を理解することを忘れないでください！"
30299,ミニキャプテンからのお知らせ：実名のチャージ金額は上限に達しました
30300,@Null@
30301,@Null@
30302,今月のチャージ限度額：@1/@2
30303,チャージ額がまもなく上限に達します
30304,今月のチャージは上限に達します。ほかの金額を選択してリチャージしてください
30305,ミニコインをリクエストする
30306,チャージを助けるため、友人にシェアする
30307,リクエスト金額
30308,リクエスト
30309,ミニコインを受け取りました
30310,友達から贈られた@1ミニコインが到着しました
30311,ミニ公式より
30312,ミニコインを送ると、楽しく遊べます。
30313,最も幸せなことの1つは、あなたが送ってくれたミニコインを受け取ることです。
30314,たくさんのミニコインは必要ありません、ただで満足できます。
30315,支払いが成功したら、メールで購入した商品を受け取ります。
30316,友よ、QRコードをスイープし、#cfa7a0f @1ミニコインを送ってください
30317,QRコード決済
30318,あなたの要求は拒否されました。他の仲間に聞いてみましょう！
30319,@1がほしいです！
30320,@1があれば幸せになれるよ！
30321,@1個の@2
30322,休みの日は@1があればいいな！
30323,要求
30324,@1を購入
30325,要求拒否の通知
30326,申し訳ございませんが、@1に@2個の@3を要求しましたが、拒否されました。他の仲間に聞いてみましょう～
30327,申し訳ございませんが、@1に@2を要求しましたが、拒否されました。他の仲間に聞いてみましょう～
30328,既存のカスタマイズスキンを取り消してから要求してください
30329,スキン販売時間は終了になりました
30330,"チャージギフト・コレクション市場・祝儀で獲得したミニコインは%sで使用できません
%sで使用可能なミニコイン残高：[color=#FA7A0F]%s[/color]"
30331,チャージギフト・コレクション市場・祝儀で獲得したミニコインは%sで使用できません
30350,@Null@
30351,変身できません。平坦な場所を探してください
30352,変身できません。目標の場所に他の生物がいます
30353,空中と水中では変身できません。陸地を探してください
30354,変形使用権限が回収されました
30355,変形をキャンセルしました
30356,変形クールタイム中。@1秒後に再使用してください
30357,現在のスキンをキャンセルする必要があります
30358,変形サブスキンが回収されました
30359,ノーマルマウント専用破片×%d枚でノーマルマウント汎用破片×%d枚を交換できます
30360,上級マウント専用破片×%d枚で上級マウント汎用破片×%d枚を交換できます
30361,ノーマルマウント汎用破片×%d枚で上級マウント汎用破片×%d枚を交換できます
30362,右側のリストから交換したいマウントの破片を選んでください
30363,デフォルト
30364,ノーマルマウント専用破片
30365,上級マウント専用破片
30366,ノーマルマウント汎用破片
30367,"ノーマルマウント専用破片でノーマルマウント汎用破片と交換でき、交換の
比率は10:1。
上級マウント専用破片で上級マウント汎用破片と交換でき、交換の
比率は3:1。
ノーマルマウント汎用破片で上級マウント汎用破片と交換でき、交換の比率
は5:1。"
30368,全て交換
30369,交換する
30370,次のレベルスキルレベルアップは@1
30371,@1を獲得するとアンロック
30372,マウント倉庫
30373,所持済み
30374,破片交換
30375,レベルプレビュー
30376,未購入
30377,レベルプレビュー
30378,マウント育成
30379,%sランクアップの%s枚の破片で%s枚の汎用破片と交換しますか？
30380,ノーマル
30381,上級
30382,アンロックアイテムはショップ-セールでギフトパックを購入することで獲得できます
30383,マウント
30384,消費
30385,アイテム+汎用破片
30386,アンロック
30387,レベルアップ
30388,デフォルトソート
30389,リリース時間順
30390,リリース時間逆順
30391,品質高い順
30392,品質低い順
30393,直接販売マウント優先
30394,非直接販売マウント優先
30395,収集進捗高い順
30396,収集進捗低い順
30397,
30398,
30399,
30400,@Null@
30401,プレミアムID：
30500,@Null@
30501,@1スキンを所持していなければ@2をアンロックできません。#c0AAA1A@3（永久）#nをすぐに購入しますか？
30502,私に@1 スキンを送ってください、そして私たちはまだ良い友達です
30503,最も幸せなことはあなたから@1 スキンを受け取ることです
30504,私はこの@1 スキンが本当に好きです。 それちょうだい
30505,友達支払いリクエスト
30506,QRコードをスキャンして、私に@1を贈ってください
30507,友よ、QRコードをスキャンし、@1を送ってください
30508,シェアカードを送って、一緒に楽しく遊んでください。
30509,最も幸せなことの1つは、あなたからシェアカードを受け取ることです。
30510,ほしいものはたくさんではありません。シェアカードを送って、満足できます。
30511,@2をアンロックするには、@1スキンを所有する必要があります ギフトボックスで#c0AAA1A@3（永久）#nを獲得しますか？
30512,ギフトボックスへ
30513,@2を購入するには、@1スキンを持つ必要があります。今すぐ購入しますか？#c0AAA1A@3（永久）#n？
30514,@2を使用するには、@1スキンを持つ必要があります。今すぐ購入しますか？#c0AAA1A@3（永久）#n？
30515,召喚した生物をキャンセルする
30516,召喚中止
30600,@Null@
30601,パラメータ異常
30602,設定がとらない
30603,塗装道具の削除に失敗した
30604,永久マッピングを持っている
30605,有効期限異常
30606,塗装アイテムを使って失敗を補う
30607,塗装マッピングの購入はミニコインの消費に失敗した。
30608,計算有効期限が失敗した
30609,購入時間内ではない
30610,塗装パターンを持っていない
30611,パターン選択
30612,現在のパターン
30613,塗装アイテム
30614,塗装はまだ持っていませんよ、早く選んでください
30615,"塗装の遊び方説明。
1.塗装缶はゲーム内のキャラクターインタフェースの装備バーで、アイテムバーに移動して使うことができ、塗装缶に置き換えられた道具は自動的にバックパックに移動します。
2.ご購入いただいたパターンはゲームマップ内で直接ご使いただけます。
3.塗装パターンはゲームマップに一定時間存在すると自動的に消えます"
30616,パターンサイズ@1*@2
30617,ショップがアイテムを使って成功的に表示した内容。
30618,新しい塗装を得る：@1
30619,塗装アイテムを使った補償に成功した
30620,現在のパターン
30621,使ったパターン
30622,操作が早すぎる
30623,バックパックの中には塗装缶がありますよ
30700,@Null@
30701,ミニワールド
30702,イベント獲得
30703,残り：[color=#fa7a0f]@1[/color]日[color=#fa7a0f]@2[/color]時間[color=#fa7a0f]@3[/color]分
30704,デフォルトバブル
30705,#c0aaa1a@1×@2#nと#c0aaa1a@3×@4#nを消費して#cfa7a0f@5#nを購入することになります、ご確認ください。 #r（適度な娯楽と節度ある支出）
30706,かけら数不足
30707,交換
30708,デフォルトのソート
30709,一般専用
30710,高級専用
30711,かけら数
30712,交換成功
30713,"1.余ったマウントかけらは、マウント汎用破片とプロラタ交換でき、マウント汎用破片は任意のマウントかけらの代わりにマウントをアンロックすることに使用できる（#cfa7a0f除く：急速なチョコボ、ソーススパイラル、グーグー#n）
2.汎用破片の使用法：マウントかけら数＋汎用破片数がマウントロック解除のかけら数を満たした場合、マウントかけらと汎用破片の両方を使用してマウントロックを解除することが可能です。
3.マウント汎用破片は二種類がある：普通のマウント汎用破片と上級マウント汎用破片であり、#cfa7a0f5個普通のマウント汎用破片は上級マウント汎用破片1個と交換可能です#n
4.以下のマウントかけらは、#cfa7a0f10：1#nの割合で、普通のマウント汎用破片と交換することができます。
  化石ドラゴン-カケラ、ムササビ-カケラ、麒麟-カケラ、チョコボ-カケラ、小さな白象-カケラ、小さなアザラシ-カケラ、ピーッピー車のカケラ、福ウシのカケラ、ソースコードスパイラルかけら、グレーフラッフィーかけら、無敵旋風かけら、グーグーのかけら、砂漠のボートのかけら、スケートボードのかけら、ネコカーかけら
  その他のマウントかけらは、#cfa7a0f3：1#nの割合で上級マウント汎用破片と交換することができます。"
30714,まだマウントかけらはありません。[color=#fa7a0f]クリックしてゲットしてください。[/color]
30715,まだ交換できるマウントかけらはありません。 [color=#fa7a0f]クリックしてゲットしてください。[/color]
30716,シルバーシーズンパック
30717,シルバー補充パック
30718,シルバー半年パック
30719,移動する
30720,購入へ
30721,受け取る
30722,"シルバーカードのルール：
1、シルバーカードを購入した後、ゲーム内のQRコードをスキャンして解放する必要があります。解放した後、当月の報酬は直ちに受領でき、後続の報酬の配布時間は毎月の1日です
2、シルバーカードを解放した5年以内に報酬を受領でき、5年後は期限切れとなり、受領できなくなります
3、シルバーカードはそれぞれの解放数上限があり、上限に達すると新しいシルバーカードを解放することができません、解放済みのシルバーカードの報酬を全て受領してから、新しいシルバーカードを解放できます"
30723,スキャン
30724,解放時間：
30725,残りの回数：
30726,@1    回
30727,受領可能な報酬：
30728,毎月獲得可能：\n@1*@2、@3*@4、@5ヶ月間有効！
30729,具体的な様式は実物に準ずる
30730,次の受領時間：
30731,報酬は全て受け取りました！
30732,シルバーカード使用済み
30733,イリーガルなシルバーカード
30734,解放数が上限に達しました
30735,カードの使用に失敗しました
30736,シルバーカード未解放
30737,シルバーカード重複
30738,シルバーカード報酬回数の計算に失敗しました
30739,アイコン枠の追加に失敗しました
30740,メダルの解放に失敗しました
30741,シルバーカードデータ保存できませんでした
30742,今は報酬の受領時間ではありませんよ
30743,一括受領
30744,解放完了
30745,シルバーカード
30746,シルバーカード報酬を受け取る
30747,シルバーカードのルール
30748,無効な称号
30750,
30751,前に障害物があるので、夢の空間を開けることができません
30752,距離が遠すぎるので、夢の空間を開けることができません
30753,この位置には既に伝送陣があります
30754,うさぎ年セール
30755,福気チャージ
30756,今すぐ購入
30757,イベント時間
30758,イベント期間中、ミニコイン×1を消費する毎に、チャージ×1を獲得できます。チャージ数が一定数に達すると、s相応の報酬を獲得できます
30759,合計チャージ数
30760,スキン購入
30761,購入
30762,戻る
30763,ご期待ください
30764,移動する
30765,"1、購入について：
-冒険者がギフトパックのアイテムを全て持っていない場合、全額でギフトパックを購入する必要があります。
-冒険者が一部のスキン・カスタマイズスキン・アイコン枠を持っている場合、価格から相応のミニコインが控除されます（もちろん、控除された分のアイテムはなくなります）。
-冒険者が全てのアイテムを持っている場合、このギフトパックを購入することができません。
2、報酬配布：
-スキン・カスタマイズスキンはゲーム-ショップ-アバターで確認してください。
-アイコン枠はゲーム-倉庫または個人センターで確認してください。
3、配布数が多いため、遅延が発生する可能性があります。報酬は必ずあなたの手元に届きますので、ご心配なく。
4、イベント期間：2023年1月21日-2023年2月15日。
5、本イベントの最終的釈明権はミニワールド公式に属します。"
30766,購入済み
30767,%s年%s月%s日-%s月%s日
30768,"イベント期間：2023年3月16日-2023年3月31日

イベント説明
（1）周年ミッションを完成すれば、パスのレベルを上げ、大量の報酬を獲得できます
（2）ノーマルパスは自動的にアンロックされます。イベント期間中、任意の金額をチャージ（ショップでのチャージ及び公式ページでのチャージのみ）すると、プレミアムパスがアンロックされます
（3）プレミアムパスがアンロックされた後、チャージミッションが解放されます。チャージ金額が一定数に達すると報酬がもらえます
（4）パスの報酬は手動で受け取る必要があり、各レベルの報酬は1回しか受領できません"
30769,"イベント期間：2023年3月16日-2023年3月31日

イベント説明
（1）イベントに参加するには、周年チケットを消費する必要があります周年チケットは「7周年パス」イベントで入手でき、ミニコインで購入することもできます（周年チケット×1＝ミニコイン×20）。
（2）周年チケットを1枚/10枚消費すると、1回/10回の抽選を行い、プールの中からランダムな報酬を獲得できます。獲得された報酬はプールから削除されます
（3）参加回数/抽選回数が一定数に達すると、進捗報酬として周年コインを獲得できます。周年コインは周年ギフトと交換できます
（4）イベント終了後、周年チケット及び周年コインは失効になるので、忘れずに使ってください

抽選確率：
周年の書（マウント） 0.01%
限定スキン選択ボックス 0.06%
ボンバー（武器）0.19%
リトルバルーン ランドセル（カスタマイズスキン）0.51%
7歳誕生日おめでとう（スプレー） 0.89%
自慢（スプレー） 0.89%
ホールカーニバル（ダイナミックアイコン枠）1.08%
萌えバニークラッチ（カスタマイズスキン） 1.27%
スターコード・ドリームコード及びイベントチケット 16.50%
ミニビーン 29.80%
周年コイン 48.80%"
30770,イベント期間中、任意の金額をチャージするとプレミアムパスをアンロックし、[color=#F58A00]永久スキン-花綺綺[/color]を獲得できます
30771,任意の金額をチャージするとパスをアンロックし、[color=#F58A00]永久スキン-花綺綺[/color]など、[color=#06BB17]100元分の報酬[/color]を獲得できます
30772,購入確認
30773,交換確認
30774,イベント時間
30775,最後です
30776,現在の進捗：%d/%d
30777,LvMax
30778,1回続く
30779,10回続く
30780,今すぐ抽選
30781,周年チケットの購入数が上限に達しました
30782,永久数量限定：
30783,残りの数が足りません
30784,周年コインの数が足りません
30785,残り：
30786,引換ました
30787,引換
30788,このアイテムを持っていて、引換できない
30789,すでに所有
30790,"イベント期間：2023年4月1日~2023年4月16日

イベントの詳細
（1）活動に参加するには水晶ギフト券が必要。水晶ギフト券はミニコインで購入でき、ギフト券1枚につき20ミニコインが必要です
（2）1枚/10枚のクリスタルギフト券を消費して1回/10回抽選でき、賞金プール内からランダムに対応する数の報酬を獲得でき。唯一の報酬内容は賞金プールから除外されます
（3）抽選に参加して指定回数に達し、進度奨励を受けることができ、追加で魔法コインを獲得。魔法コインは希少な贈り物と交換することができる
（4）終了後、クリスタルギフト券およびマジックコインは無効となりますので、お早めにご利用ください

抽選の初期確率：
限定衣装（ジングルベル、リリス）0.52%
武器の装い（弦月流雲斧、幽谷雲浪シャベル）3.14%
カスタムドレスアップ（軽羽スローソング、マシュマロ）4.36%
夢の暗号と活動券11.84%
暗黙の贈り物29.62%
マジックコイン50.52%"
30791,クリスタルチケットの購入数が上限に達しました
30792,魔法コインの数が足りません
30793,報酬プレビュー
30794,イベント攻略
30795,鍛造開始
30796,引換
30797,鍛造の旅を始めるランダムで1~3つ星の宝箱を手に入れる
30798,受け取る
30799,星の鍛造は星を落とさず、@1回使用すると必ず星を上げる
30800,"プレイ紹介：
(1) イベント期間
(2) 宝箱を起動すると魔法鍛造の旅が始まり、最終的な宝箱の星評価に応じて対応する報酬を受け取ることができます。
(3) 宝箱は、10ミニコイン/1個で販売されている「星の願い球」を購入することで、開封や鍛造が可能になります。
(4) 初期段階では、「星の願い球」※1を使用することで鍛造を開放することができ、初期宝箱の星評価は1~3個がランダムで獲得できます。 発動後、報酬を直接受け取るか、箱の星レベルを上げて鍛造を続けるかを選択することができます。
(5) 鍛造段階では、無料鍛造やスター鍛造で宝箱の星レベルを上げることができ、宝箱の星レベルが高いほど、報酬が豊富になります。
(6) イベントで獲得した報酬（武器スキン、マウントなど）は、倉庫で有効化させて使用可能です。

星鍛造のルール：
(1) 星鍛造が失敗しても、宝箱の星レベルは下がらず、鍛造を続けることができます。
(2)現在のレベルでさらに3回スター鍛造を行うと、宝箱のレベルが確実に上がります。
(3) 宝箱の星レベルが高いほど、必要な「星の願いのオーブ」の数が多くなります（星1-星の願いのオーブ*3/回、星2-星の願いのオーブ*6/回、星3-星の願いのオーブ*10/回、星4-星の願いのオーブ*30/回、星5-星の願いのオーブ*120/回）。

無料ルール：
(1) 小道具は消費されず、スタードロップの結果がランダムになった時点で鍛錬は終了となります。
(2)結果に応じて星の評価が上下します。
(3) 星落とし結果が0より大きい場合、対応する星報酬を受け取れります。
(4) スター減点の結果が0以下の場合、基本報酬を受け取ることができます。

確率の発表：
(1) 活性化宝箱：1星--80%；2星--19.5%；3星--0.5%
(2) 鍛造宝箱：プラス1星--16％、プラス2星--3.9％、プラス3星--0.1％、マイナス1星--70%、マイナス2星--10％

引換ショップのルール：
(1) イベントで入手した「星の願いコイン」は、交換ショップで必要な報酬と交換することができます。
(2) 星の願いの呪文と星の願いのコインはイベント終了時に失効します、期限内に使用してください。"
30801,残りの数が足りない
30802,星の願いのコインの数が不足している
30803,宝箱のレベルを上げて究極のマウント大賞を受け取る
30804,マウント大賞
30805,鍛造終了
30806,無料鍛造
30807,スター鍛造
30808,売り切れました
30809,鍛造成功!星+@1
30810,引換の上限:
30811,星を落とすと本輪鍛造が終わり、鍛造を続けるには宝箱を再活性化する必要があり、無料鍛造を使うのか?
30812,"あなたのミニコインは不足しています。[color=#FF903C]%s[/color]を消費し、ミニコインを[color=#FF903C]%s[/color]枚購入しますか？
（課金はほどほどにね）"
30813,星の鍛造は星を落とさない、今回の使用は必ず星を上げる
30814,魔法の鍛造台の報酬にはマウント-【ちまきの香り】、スキン-【韶華】、武器【蒲草青緑シャベル】などがあります。マウント、スキン、武器などの報酬は1回しか獲得できません
30815,宝箱のスターレベルが高いほど、報酬が豪華になります。
30816,宝箱で獲得した星の願コインは引換所で引換して豊かな報酬を得ることができる
30817,あなたは既にこのギフトパックを購入したので、再び購入することができません
30818,購入すると以下のアイテムを獲得
30819,購入するギフトパックを選んでください
30820,シーズン終了まであと：
30821,ジョイ報酬
30822,ジョイミッション
30823,ジョイ大会
30824,レベル購入
30825,無料
30826,一括受領
30827,交換
30828,ジョイカード購入
30829,助力セット購入
30830,ジョイカードアンロック済み
30831,ジョイカードのレベルを@1まで上げると獲得可能
30832,レベルを@1まで上げると獲得可能
30833,現在のレベル：Lv.@1
30834,ジョイカードレベルセット
30835,ジョイカード
30836,レベルアップ助力セット
30837,以下の報酬を直ちにアンロック
30838,以下の報酬の受領資格を直ちにアンロック
30839,贈与
30840,要求
30841,以下の報酬の受領資格をアンロック
30842,ジョイミッション
30843,ジョイミッション完了、ジョイカードはLv.@1からLv.@2までレベルアップ！
30844,TIPS：ジョイカードのレベルを上げ続けると、大量の報酬がもらえます！
30845,今日中は通知しない
30846,TIPS
30847,@1枚のミニコインを消費して@2レベルを購入します
30848,はい
30849,週間ミッション
30850,ジョイチャレンジ
30851,@1週目
30852,今週のミッションを全て完成すると獲得可能
30853,全てのジョイチャレンジを完成すると獲得可能
30854,受け取る
30855,移動
30856,広告を視聴する
30857,アンロック条件：
30858,今週のミッションは@1にアンロックされます
30859,保存できるミッションは3週分まで
30860,交換ショップ
30861,交換可能：@1/@2
30862,最大
30863,売り切れ
30864,ジョイポイントが足りないので、交換できません
30865,操作が頻繁すぎますので、後でもう一度試してください
30866,交換上限に達しました
30867,レベル購入
30868,購入すると以下の報酬を獲得できます
30869,@1レベルを購入し、Lv.@2に到達
30870,ジョイ報酬
30871,無料報酬
30872,ジョイカードを購入するとアンロック
30873,ジョイカード報酬
30874,今シーズン限定
30875,"【報酬受領について】
1.報酬は無料報酬とジョイ報酬に分けられます。ジョイカードを購入していない冒険者は無料報酬しか受け取れません。ジョイカードを購入した後、ジョイ報酬の受領資格を獲得できます。
2.特定のレベルに達すると、対応する報酬を受け取れます。

【レベルアップについて】
1.ジョイ任務をクリアし、またはジョイ試合に参加することでジョイ経験値を獲得し、ジョイカードのレベルを上げて豪華な報酬を入手できます。
2.ジョイカードを購入した冒険者は直接購入でレベルを上げられます。
3.ジョイカードのマックスレベルはLv.80です。最大レベルに達した後、余った経験値は50:1の比率でそのままジョイポイントに変換されます。

【任務について】
1.ジョイ任務は週間任務とジョイ挑戦に分けられます。
2.一週につき、新しい週間任務シリーズを1組解放します。シリーズに所属する子任務を全部クリアすれば任務完了となります。各冒険者は最大で3週間の任務を保留できます。
3.ジョイ挑戦は一度しかクリアできません。

【期限について】
現在のシーズンが終了した後、対応する内容は接続不可になり、未受領の報酬、ジョイポイント及び任務も消えてしまうため、シーズン終了前に報酬を受け取ってください。

【フライングチェスについて】
1.ラッキーマスに到着すると、抽選に参加できます。一周を完了する（橙色のスタートマスを通る）ごとに、対応する周回報酬を獲得できます。
2.サイコロを振る回数を入手する方法は3つあります：ジョイカードの購入とは関係なく、全員がミニビーンでサイコロを振る回数を交換できます（回数制限あり）。ジョイカードを購入し、且つマックスレベルに達した後、ジョイポイントでサイコロを振る回数を交換できます。ジョイカードの購入とは関係なく、全員がフレンドをフライングチェスに招待することでサイコロを振る回数を獲得できます。招待されたフレンドは招待メッセージの【すぐ行く】ボタンをタップしてフライングチェスに1回参加すると、招待成功となります。"
30876,新シーズン開始
30877,報酬有り
30878,経験値有り
30879,カウントダウン@1日
30880,間もなく終了！
30881,ジョイミッションを完成しました。ジョイカードで報酬を受け取ってください
30882,LvMax
30883,広告報酬
30884,視聴完了、ジョイ経験値×@1を獲得しました（あと@2回獲得可能）
30885,視聴完了、今週の広告視聴報酬回数が上限に達しました
30886,任意の位置をクリックして閉じる
30887,ジョイ報酬の受領資格をアンロックしました
30888,Lv.@1報酬
30889,指定されたレベルに達すると受領可能
30890,ジョイカードを購入すると以下の報酬を直ちに獲得できます
30891,ジョイレベルが最大値になりました
30892,経験値アイテムが足りません
30893,ミッション受取済み
30894,ミッション未完成
30895,このミッションはまだ未開放です
30896,ミッション報酬は既に受取済みです
30897,ミッション報酬の条件を満たしていません
30898,パラメータエラー
30899,システムエラー
30900,ジョイカードを購入し、交換資格を手に入れましょう
30901,ジョイレベルアップ！
30902,ジョイ限定
30903,ジョイ
30904,今週の経験値カードの使用回数が上限に達したので、来週に使用してください
30905,TIPS：ジョイポイントはジョイボックスと交換できます。ジョイボックスを開けると、永久スキン・永久武器を獲得する機会があります！
30906,ジョイカード画面へ
30907,収集のパライゾ
30908,幸運のパライゾ
30909,黄金のパライゾ
30910,夏の歌・夢然
30911,開ける
30912,手持ち：@1
30913,楽園のお宝：100回開けると必ず【夏の歌・夢然】を獲得
30914,絶対なる実力！【夏の歌・夢然】獲得済み
30915,右側のミッションを完成すると資格を獲得できます
30916,サンリオシリーズのスキンを@1個所有すると受領可能（@2/@3）
30917,収集へ
30918,受領済み
30919,回数が上限に達しました
30920,報酬リスト
30921,シェア
30922,@1を消費して@2を購入します
30923,ミニコインが足りないので、購入できません
30924,パライゾチケットが足りません
30925,チャージ画面へ
30926,レベルダウンを引いたら今回の鍛造が終わり、もう一度解放する必要があります。\n通常鍛造で続きますか
30927,鍛造開始
30928,報酬を受け取ると今回の鍛造が終了しますが、よろしいですか？
30929,現在の報酬
30930,次のレベルの報酬
30931,交換
30932,解放待ち
30933,スキップ
30934,ランダムにLv.1~3の報酬を獲得
30935,レベルダウンがなく、@1回で確定レベルアップ
30936,報酬受領
30937,イベント時間
30938,"【真夏のワンダーランド】期間限定開放中、共に夢のような時間を過ごしましょう

【収集のパライゾ】について
紹介：
（1）手持ちのサンリオシリーズスキンの数が2、4、6、8に達したら、報酬がもらえます
（2）収集ミッションを完成すると、楽園のお宝を開けると永久の【夏の歌・夢然】を獲得する機会があり、100回開けると必ず獲得できます！（全ての収集ミッションを完成すると必ず楽園のお宝×100を獲得できます！）

【幸運のパライゾ】について
紹介：
（1）鍛造機能を解放すると魔法鍛造の旅を始め、最終的なレベルに基づいて報酬を獲得できます
（2）パライゾチケットを購入することで鍛造でき、パライゾチケットの価格はミニコイン×10です
（3）初期段階において、パライゾチケット×1で鍛造機能を解放し、星1～星3の初期報酬レベルを獲得することができます。解放後、報酬を直接に受け取るか、鍛造で報酬レベルを上げるかを選択することができます
（4）鍛造段階において、無料鍛造または上級鍛造で報酬レベルを上げることができ、報酬レベルが高いほど、報酬も多くなります
（5）特定のレベルに達すると相応の報酬を獲得でき、Lv.6に達すると最終大賞を獲得できます。各レベルの報酬を獲得した後、最初から解放する必要があります

上級鍛造のルール：
（1）上級鍛造に失敗した場合、鍛造レベルは下がらない
（2）現在のレベルで上級鍛造を3回行うと、報酬レベルは必ず上がります
（3）上級鍛造は一定数のパライゾチケットを消費し、報酬レベルが高いほど、必要なパライゾチケットの数も多くなります（Lv.1-パライゾチケット×3/回、Lv.2-パライゾチケット×6/回、Lv.3-パライゾチケット×10/回、Lv.4-パライゾチケット×30/回、Lv.5-パライゾチケット×120/回）

無料鍛造のルール：
（1）アイテムを消費しないが、負数が出た場合、鍛造は終了する
（2）結果に基づいてレベルが上がり/下がります
（3）鍛造結果が0より高い場合、相応のレベル報酬を獲得できます
（4）鍛造結果が0より低い場合、最低限の報酬しか獲得できません

確率：
（1）鍛造解放：Lv.1--80%；Lv.2--19.5%；Lv.3--0.5%
（2）追加鍛造：+Lv.1--16%；+Lv.2--3.9%；+Lv.3--0.1%；-Lv.1--70%；-Lv.2--10%

交換ショップのルール：
（1）イベントで獲得したパライゾポイントは、交換ショップで報酬と交換できます
（2）パライゾチケットとパライゾポイントはイベント終了後に失効するので、忘れずに使ってください

【黄金のパライゾ】について
紹介：
（1）特定のスキンを所有すれば、パライゾチケットを受取、【幸運のパライゾ】に参加することができます
（2）チャージミッションを完成すれば、報酬がもらえます"
30939,残りの数が足りません
30940,パライゾポイントが足りません
30941,交換済み
30942,交換する
30943,このアイテムは所有済みなので、交換できません
30944,所持済み
30945,鍛造終了
30946,上級鍛造
30947,通常鍛造
30948,無料
30949,売り切れ
30950,絶対なる実力/n大賞をアンロックしました
30951,購入
30952,交換ショップ
30953,数量限定：@1/@2
30954,最小
30955,最大
30956,ベリンダを所有すると受領可能
30957,獲得画面へ
30958,チャージ画面へ
30959,合計チャージ金額が@1元に達すると受領可能
30960,任意の金額をチャージすれば受け取れます
30961,#cff0000@1ミニコイン#n購入#cff0000@2#n、ご確認ください
30962,ミニコインが足りないので、チャージしてください
30963,鍛造コインの数が不足している
30964,その他の金額
30965,チャージ#cff0000@1元#n
30966,お買いになる
30967,両替する
30968,ミニコイン不足
30969,両替店
30970,両替する
30971,売り切れました
30972,すでに所有しています。
30973,ホットセール
30974,新商品
30975,残り@1日
30976,購入制限@1/@2
30977,一回の購入制限は999です。
30978,最大
30979,ヒント
30980,報酬を受け取った後、本輪鍛造を終了し、今受け取りますか?
30981,現在の報酬
30982,次のレベルの報酬
30983,報酬を受け取る
30984,高度な鍛造
30985,@レベル1の報酬を受け取る
30986,報酬を選択してください
30987,"#cff0000-1、-2#nを引くと、このラウンドの鍛造が終了し。
無料鍛造を継続するかどうか"
30988,無料鍛造
30989,"ゲームの概要：
（1）鍛造を活性化すると魔法鍛造の旅が始まり、最終レベルに応じて報酬を受け取る
（2）鍛造貨幣を購入することでボーナスを開くか鍛造し、鍛造貨幣の販売価格は10ミニ貨幣/個である
（3）初期段階、鍛造貨幣*1で鍛造を開始し、ランダムに1~3級の初期奨励等級を獲得。活性化した後、奨励等級を直接受け取るか、鍛造を続けるかを選択できる
（4）鍛造段階、無料または高級鍛造で奨励等級を上げ、等級が高いほど奨励が豊富になる
（5）が対応等級に昇格すると、対応等級の奨励を受けることができる。すなわち、奨励等級が6の場合、6級の奨励の中から1つの内容を受け取ることができる。対応等級の奨励を受け取った後、次の鍛造を再開する必要がある

高度な鍛造ルール：
（1）上級鍛造が失敗した場合、報酬レベルを下げることなく、鍛造を続けることができる
（2）現在のレベルに上級鍛造を3回追加し、必ずボーナスレベルを上げることができる
（3）高度な鍛造には一定数の鍛造コインが必要であり、報酬レベルが高いほど必要な鍛造コインの数が多くなり（レベル1-鍛造コイン*3/回、レベル2-鍛造コイン*6/回、レベル3-鍛造コイン*10/回、レベル4-鍛造コイン*30/回、レベル5-鍛造コイン*120/回）

無料ルール：
（1）道具を消費せず、鍛造に失敗した場合（-1と-2の結果）を抽出し、鍛造を終了し、再活性化する必要がある
（2）は、抽出結果に応じて対応するレベルを上げたり下げたりします
（3）鍛造結果が0より大きい場合、対応する等級の奨励を受ける
（4）鍛造結果が0以下の場合、保証報酬を受け取る

確率公示：
（1）鍛造：+1（80%）;+2（19.5%）;+3（0.5%）
（2）追加鍛造：+1（16%）;+2（3.9%）;+3（0.1%）;-1（70%）;-2（10%）

両替店のルール：
鍛造で獲得した引換券は、引換店で必要な報酬と交換できる

報酬レベル継承説明：
魔法鍛造台が報酬内容の更新を行うと、冒険家が現在達成している報酬レベルが継承され、冒険家は現在の報酬レベルを選択または継続して鍛造することができる"
30990,残りの数が不足しています
30991,バウチャーの数が不足しています
30992,この道具を持っていて、交換できない
30993,鍛造終了
30994,登頂に成功しました
30995,"絶対的な力
おめでとうございます"
30996,降格しない、#cff0000@1回#n必ずアップグレードする
30997,今週も#cff0000@1回使用でき#n
30998,鍛造を開始する
30999,
31000,@Null@
31001,マイグループ
31002,オンライン@1名/メンバー@2名
31003,グループアイコンを選択する
31004,キャラクター
31005,スキン
31006,生物
31007,ホスト
31008,グループメンバー
31009,招待リストに追加成功
31010,グループを離脱しますか？
31011,グループ招待：@1（メンバー@2名）
31012,招待人：@1（@2）
31013,ホスト：@1（@2）
31014,あなたはホストにグループ#cfa7a0f@1から離脱させられました
31015,ホストがグループ#cfa7a0f@1を解散しました
31016,自動でグループに加入する
31017,グループへの招待状を送信しました。返事を待ちましょう
31018,グループが制限人数に達しているため参加できません
31019,現在グループの人数が上限に達しているため参加できません
31020,あなたは@1をグループに招待しました
31021,@1はあなたをグループに招待しました
31022,現在グループに参加しているプレイヤー：@1
31023,プレイヤー@1はホストにグループから離脱させられました
31024,プレイヤー@1はホストから発言を禁止されました
31025,メンバー合計@1名
31026,一番上に配置する
31027,一番上に配置済み
31028,交流が頻繁すぎます。少し休みましょう～
31029,グループ名
31030,オプションを有効にしてすべてのグループからの招待を自動的に受けます。グループの自動加入をオンにしますか？
31031,最近何度も通報されているため、しばらくグループ内でトークができません。ホストに連絡して有効化してください
31032,最近何度も通報されており、現在審査中です。しばらくグループトークが使用できません
31033,最近何度も通報されているため、グループトーク機能が@1まで使用制限されています
31034,一番上に配置をキャンセル済み
31035,ホストがグループ名を@1に変更しました
31036,ホストのポジションを譲りますか？
31037,あなたの発言は何度も通報されているため、トークグループを作成することができません
31038,プレイヤー@1がグループを離脱しました
31039,このプレイヤーをグループから離脱させますか？
31040,グループへの加入に成功しました
31041,招待を断りました
31042,あなたはすでにこのグループにいます
31043,グループがありません。グループを作成またはグループに加入してからシェアを行ってください
31044,申請期限切れ
31045,コンテンツのリリースについて
31046,"グループ内では規則違反とされる情報を送信しないでください。
規則違反内容は以下が含まれますが、これに限定されるものではありません。
1.個人のプライバシー：アカウント、パスポート、名前など
2.誘導情報：チャージで購入、スキップダウンロードなど
3.ソーシャル情報：ソーシャルプラットフォーム、連絡先、ウェブサイトへのリンクなど
4.法律法令で禁止されている内容：
 （1）憲法で定められた基本原則に反する内容；
 （2）国の安全を脅かしたり、国家機密を漏洩したり、国家権力を破壊したり、国家統一を阻害したりするような内容；
 （3）国家の名誉、利益を損なう内容；
 （4）民族の団結と利益を損なう内容；
 （5）国の宗教政策を損ない、カルトや封建的な迷信を助長するような内容；
 （6）風説の流布、社会秩序を混乱させ社会の安定を破壊する内容；
 （7）低俗、猥褻、ポルノ、賭博、殺人、テロ、犯罪教唆の内容；
 （8）他人を侮辱?誹謗中傷するもの、道徳的に好ましくないもの、他人の法的権利を侵害する内容；
 （9）違法な集会、協会、行列、デモを扇動し、妨害するために集まること；
 （10）違法な市民団体の名を騙った活動；
 （11）『即時通信工具公開情報サービス発展管理暫定既定』及び法令遵守、社会主義体制、国益、市民の正当な利益、公序良俗、情報の真正性などを遵守していないこと；
 （12）その他、中国の法令で禁止されている内容。
5.その他、法律法令、プラットフォーム要件に準拠していない内容。"
31047,グループ内では個人のプライバシー、暴力テロ、ポルノ?政治に関すること、ソーシャルスタイル、消費誘導など規則違反とされる情報、および法律法令、プラットフォーム要件に準拠していないコンテンツを送信しないでください。
31048,#c3D4546トークグループの注意事項#n#L#cfa7a0fを読みました
31049,確認と作成
31050,グループ内では個人のプライバシー、暴力テロ、ポルノ?政治に関すること、ソーシャルスタイル、消費誘導など規則違反とされる情報を送信しないでください。
31051,#L#c49463F規則違反とされる内容、例えば消費誘導に関する連絡先を送信しないでください。
31052,現在のグループは解散されたため操作できません
31053,あなたはすでにそのグループにいないため操作できません
31100,ミニキャプテンから、#cFF723A Sogouの入力方法#nを使って友達とチャットすることをお勧めします。#cFF723Aへ「言語と入力方法」でSogouの入力方法を使いましょう
31101,わかりました。
31102,紹介を見る
32000,@Null@
32001,親愛なるプレイヤーさん、広告を視聴すれば@1に関する権益が獲得できます。広告を視聴しますか？
32002,親愛なるプレイヤーさん、現在広告のデータの取得に失敗しました。しばらくしてから再度お試しください！
32003,親愛なるプレイヤーさん、本日の広告視聴数が上限に達しました。明日またお試しください！
32004,親愛なるプレイヤーさん、現在の広告視聴はモバイル対応のみです！
32005,@Null@
32006,セーブデータスペースのヘルプ
32007,"#cfa7a0fセーブデータスペースはどのように拡充するの？#n
 #c0aaa1aマイ#n分類セーブデータスペースがなければ拡充することができません。
 セーブデータスペースはマイガーデンのレベルアップ、開発者の認証、セーブデータスペースのアンロックを購入することで拡充できます。
 
 
 #cfa7a0f現在報酬となっているセーブデータスペース#n
 マイガーデン報酬のセーブデータスペース： #c0aaa1a@1#n
 開発者報酬のセーブデータスペース： #c0aaa1a@2#n
 セーブデータスペースのアンロックを購入： #c0aaa1a@3#n"
32008,マイガーデンへ
32009,開発者認証
32010,購入スロット
32011,購入する
32012,#c0aaa1a@1×@2#nで#cfa7a0f@3個のセーブデータスペース#nを購入します。よろしいですか？#r（適度に遊んで課金はほどほどに）
32013,"現在のセーブデータ数：@1
 購入後のセーブデータ数：@2"
32014,決定
32015,#cfa7a0fマイ#nセーブデータが変化しました：
32016,私の
32017,ダウンロード
32018,セーブデータスペースが購入の上限に達しました！
32019,1つのセーブデータスペースアンロックに成功しました
32020,セーブデータスペースが上限に達しました。他のセーブデータスペースをアンロック/購入してください
32021,アーカイブは最大容量に達しましたので、削除してもう一度お試しください。
32022,@Null@
32023,@Null@
32024,@Null@
32025,@Null@
32026,未アップロード
32027,アップロード済み
32028,ダウンロード済み
32029,履歴
32030,ゲームマップ
32031,容量拡大
32032,マップ詳細
32033,データ
32034,コメント
32035,作成時間：
32036,アップロード済み
32037,審査中
32038,再審査中
32039,修正待ち
32040,保存済み
32041,規約違反
32042,BAN
32043,シェア
32044,アップロード
32045,更新
32046,ダウンロード
32047,昨日の新規ダウンロード回数
32048,マップの現在のスコア
32049,データ
32050,合計
32051,マップのダウンロード回数
32052,鑑賞家のおすすめ
32053,マップのコメント数
32054,獲得投げブロック数
32055,お気に入りに登録したマップ数
32056,以上のデータは@1にキャプチャ
32057,マップステータスの説明
32058,#c0AAFFF審査中#n
32059,#c0AAFFF再審査中#n
32060,#cFA7A0F修正待ち#n
32061,#cFF3D2B規約違反#n
32062,#cFF3D2BBAN#n
32063,マップは現在審査中です。審査に通るとミニ工房内で通常表示されます。
32064,マップ内に規約に反する内容が発見されました。このマップは修正後再アップロードする必要があります。
32065,審査に通ったマップに対してさらに再審査を行います。再審査に通るとミニ工房内で通常表示されます。
32066,マップ内に規約に反する内容が発見されました。このマップは使用できません。何度も規約違反を繰り返すとアカウントが記録されBANされます。
32067,マップ内に規約に反する内容が発見されました。このマップは使用できません。
32068,"下側の 他のマップ ボタン
 をクリックしてミニ工房に行ってあなたの最初のマップをダウンロードしましょう！"
32069,未プレイのマップ
32070,素晴らしい
32071,一般プレイヤーのおすすめ数
32072,プラグイン
32073,分
32074,人
32075,@Null@
32076,@Null@
32077,@Null@
32078,N/A
32099,@Null@
32100,@Null@
32101,親愛なるミニ冒険者さん、まもなく更新を行います。更新ファイルのサイズは#cfa7a0f@1MB#nです。確認をクリック後に更新を行います。（Wi-Fi環境下で更新することをおすすめします）
32102,更新ファイルをダウンロード中です。良好なネットワーク状態を保持してください。
32103,ダウンロード進捗: #cfa7a0f@1%
32104,スマートフォンの空き容量が不足しているため更新できません。ストレージを整理してリトライしてください。
32105,この機能はオンラインでは利用できません
32106,マップ作者のみがこの機能を使用できます
32107,ニックネームを：@1に変更しますか
32108,宇宙人はあなたがチートを行っていることを検知しました。チートをやめてゲームに再アクセスしてください。チートを行えば永久にBANされる可能性があります。あなたのミニIDを大事にしてください！
32109,マナーとモラルを意識した発言をしてください。規約違反となるような内容が何度もあればBANされてしまいますよ
32110,設定失敗。文字パスワードは8～15桁の文字と記号で設定してください
32111,設定失敗。パスワードは少なくとも2種類の文字と記号の組み合わせを選択してください（文字、数字または英語記号）
32112,アカウントの安全のために、パスワードの定期変更を推薦
32113,パスワードを変更する前に、まずメールアドレスと連携してください。
32114,"有効なパスワード形式：
 1.文字と記号の長さは8～12桁
 2.文字（大文字小文字を区別する）、数字、英語記号の入力が可能です。少なくとも2種類の組み合わせを選択してください
 3.スペース、漢字、特殊記号は使用できません"
32115,"有効な文字パスワード形式：
 1.文字と記号の長さは8～15桁（漢字は1つで3桁分となる）
 2.文字、数字、漢字、文章記号の入力が可能です"
32116,少なくとも2種類の形式——数字/文字/記号を入力してください
32117,パスワードの長さまたは組み合わせ形式が条件を満たしていません。再度設定し直してください
32118,パスワード強度：#cda5b0a中
32119,パスワード強度：#c0aaa0f強
32120,長さが不足しています
32121,パスワードの修正
32122,#Lスマートフォン認証に変更
32123,#Lメールアドレス認証に変更
32124,設定失敗。パスワードにスペース、漢字、特殊記号は使用できません
32125,現在のアカウントは携帯番号に紐づけされていません
32126,現在のアカウントはメールアドレスに紐づけされていません
32127,現在のミニID
32150,@Null@
32151,@Null@
32152,@Null@
32153,@Null@
32154,@Null@
32155,@Null@
32156,@Null@
32157,@Null@
32158,@Null@
32159,@Null@
32160,@Null@
32161,@Null@
32162,@Null@
32163,@Null@
32164,@Null@
32165,@Null@
32166,@Null@
32167,@Null@
32168,@Null@
32169,@Null@
32170,申し訳ありません。あなたのFacebookのログイン期限が過ぎています。再ログインしてください
32210,@Null@
32211,@Null@
32212,@Null@
32213,バージョンが古すぎます。最新バージョンをダウンロードしてください。
32214,新バージョンを検知しました。@1に行ってゲームをダウンロードしてください。
32215,ゲームの新バージョンを検知しました。Wi-Fi環境下でダウンロードすることをおすすめします。
32216,パッチサイズ：@1M
32217,今回のダウンロードは@1MBです。@2現在頑張って更新中です。もう少し待ってね。
32218,ネットワーク異常。ネットワークを確認してから再度お試しください
32219,ワールドブロックはリソースを解凍中…@1%
32220,ワールドブロックはリソースを懸命にダウンロード中…@1%
32221,ダウンロード失敗。ゲームを再度更新してください。
32222,解凍失敗。ゲームを再起動してください。
32223,メモリが不足しています。ストレージを整理してください。
32224,更新完了。ゲームを再起動してください。
32250,@Null@
32251,実名
32252,カムバックギフト
32253,イベント
32254,スター工場
32255,"【リソース工房】
 プレイヤーが作成したモデル、プラグインなどの膨大なゲームリソースをダウンロードし、さらにゲーム内にインポートして使用できます"
32256,@Null@
32260,@Null@
32300,@Null@
32301,夢幻粉
32350,@Null@
32500,@Null@
32501,@Null@
32502,大会
32503,イベント
32504,注目
32505,花小桜
32506,生配信
32507,情報
32508,マップ
32509,周辺のショップ
32510,ボーナス
32511,時間限定
32512,メンテナンス
32513,システム
32514,ギフトパック
32515,厳選情報
32520,サインイン
32521,イベント
32522,ギフトパック
32523,ガチャ
32524,ボーナス
32525,ミニ宝物庫
32526,実名認証
32527,カムバック報酬
32528,視聴を続ける
32529,より多くの報酬を獲得
32530,クラシック冒険
32531,新商品が登場！
32532,ガチャが更新しました。
32533,新しいギフトパックが購入可能、すぐにチェックしてください。
32534,引き換えることができます
32535,お祭り果物が更新されます
32536,果物は収穫の準備ができています
32537,果実は成熟していて、来て収穫します。
32538,旅商人がここにいます、それをチェックしてください。
32550,@Null@
32551,
32552,小さな町
32553,カメラ
32569,
33000,クラシック冒険
33001,上級冒険
33002,模擬冒険
33003,創造
33004,編集
33005,@Null@
33006,@Null@
33007,@Null@
33008,@Null@
33009,@Null@
33010,@Null@
33011,最近
33012,隠し人物モデル
33013,装備タイプ
33014,追加モデル
33015,追加モデル（）
33016,ヘルメット
33017,チェストプレート
33018,レギンス
33019,ブーツ
33020,背部（特別）
33021,選択してください
33022,装備タイプはこの装備をゲーム内で装着したときに、どの部位の装備に属するかを決定します
33023,パーツ1
33024,パーツ2
33025,パーツ3
33026,モデル
33027,装着部位
33028,頭部
33029,胸部
33030,特別
33031,右手
33032,左手
33033,股部
33034,右もも
33035,左もも
33036,右足
33037,左足
33038,パーツの装着部位を選択してください
33039,アクション
33040,タイプ未選択
33041,装備類
33042,決定後このパーツは前回保存したときの位置に戻ります。よろしいですか？
33043,装備タイプを選択してください。
33044,物理防御
33045,近接物理防御
33046,遠隔物理防御
33047,爆発防御
33048,エレメント防御
33049,燃焼防御性
33050,毒防御性
33051,混乱防御性
33052,装備効果設定
33053,装備効果説明
33054,追加効果
33055,カスタマイズドレスアップを表示済み
33056,カスタマイズドレスアップをシールド済み
33057,1.装備に追加効果を与えます。この装備を装着している者の各種属性に影響を与えます。例えば攻撃時の吹き飛ばし効果の追加、移動速度アップなど。2.各装備は最大5つの効果を追加可能で、すべて有効となります。3.他にもたくさんの使用方法がありますので探してみてください！
33058,このパーツを削除しますか？
33059,オリジナル版アイテムは現在のところモデル修正に対応していません。新しいものを作ってみましょう！
33060,凍結耐性
33061,防御属性
33100,@Null@
33101,プラグインパックを作成します
33102,ヒント：Oをクリックしてプラグインパックに追加するプラグインを選択してください
33103,一部のプラグイン内に別のプラグインが引用されていることが検知されました。これらのプラグインも一緒にプラグインパックに追加する必要がありますか？
33104,必要
33105,不要
33106,一部のプラグイン内にリソース工房からダウンロードされたモデルが引用されていることが検知されました。パッキングを完了しても、#cEF2D2Dこのプラグインパックはアップロードできません#n。パッキングを続けますか？
33107,追加する
33108,変数を確認する
33109,以下の変数をプラグインパック内に一緒にパッキングします。よろしいですか？
33110,プラグインパック情報
33111,表示図
33112,名称：
33113,説明：
33114,#L編集を開放：
33115,オン
33116,オフ
33117,大きさ：
33118,作者：
33119,現在のゲームバージョン：
33120,最終修正時間：
33121,有効化すると、他のプレイヤーがこのプラグインパックをプレイしているときに、内容を再編集することが許可されます
33122,再選択
33123,作成
33124,プラグインパック名
33125,一部のプラグインには未解決の問題が存在します。#cEF2D2Dプラグインパックを作成しても期待する効果#nが得られない場合があります。コマンドに基づいてこの問題を発見及び解決することができます。
33126,今回の作成操作を保存しますか？
33127,（次回このセーブデータでプラグインパックを作成するとき、今回同様の作成工程を続ける）
33128,保存
33129,保存しない
33130,すべて
33131,私が作成したもの
33132,私が購入したもの
33133,公式
33134,現在プラグインパックがありません。マップ内で1つ新規作成してみましょう！
33135,現在プラグインパックがありません。リソース工房を見に行ってみましょう！
33136,アップロード済み
33137,販売中
33138,ダウンロード
33139,未ダウンロード
33140,このプラグインパックをダウンロードしますか？
33141,プラグインパック名
33142,先にプラグインパックを選択してください
33143,インポート
33144,アップロード
33145,取り消し
33146,使用制限
33147,使用開始
33148,削除
33149,復元
33150,このプラグインパックを削除しますか？
33151,#cEF2D2D（公式プラグインパックを削除しても編集記録のみが削除され、プラグインパック自体が完全に削除されることはありません）#n
33152,#cEF2D2D（セーブデータ内で編集された内容を取り戻すことはできません）#n
33153,マップに再アクセスしなければインポートされたプラグインパックは有効とはなりません。マップに再アクセスしてください。
33154,あとで再入場
33155,#cEF2D2D警告：現在セーブデータのブロックプラグインが上限に達しています！上限を超えるプラグインパックのブロックプラグインは自動的に土ブロックに変換されます。#n
33156,現在のマップ内に以下のプラグインパックが存在しています。これらのプラグインパックについて全体を上書きまたはスキップすることができます。
33157,前回の編集時のゲームバージョン：
33158,退出管理
33159,このプラグインパックはアップロード履歴があります。今回の編集操作を同期してサーバーにアップロードしますか？
33160,アップロードしない
33161,マップに再アクセスしなければ編集されたプラグインパックが有効になりません。マップに再アクセスしますか？
33162,商品タイプを選択する
33163,追加したいプラグインパックを選択する
33164,内蔵プラグイン
33165,プラグインパックを編集する
33166,上書きする
33167,スキップ
33168,以下のプラグインパックはより新しいバージョンに対応しているため、マップをインポートできません。最新バージョンに更新してください！
33169,#cEF2D2D注意：総合倉庫内で個別のプラグインの内容を修正することはできません！#n
33170,現在のプラグインパックはより新しいバージョンに対応しています。最新バージョンに更新してください。
33171,先にプラグインを選択してください
33172,#cEF2D2D現在のプラグインパックの作者は他者がこのパック内の内容を修正することを許可していません！#n
33173,プラグインパック作成のヘルプ
33174,"#cfa7a0fプラグインパックはどのように作成するの？#n
 
 1.パッキングしたいプラグインにチェックを入れ、「追加決定」をクリックします。
 2.パッキングする変数を確認します。
 3.あなたのプラグインパックの基本情報を編集します。例えばプラグインパックの名称や説明を記載します。
 4.選択したプラグインの状況を再確認します。プラグインに問題が存在する場合は指摘されます：赤点——このプラグインのトリガーに問題がある。感嘆符——このプラグインはリソース工房でダウンロードされたモデルが引用されている。
 5.「作成」をクリックします。あなたのプラグインパックであれば作成完了ですよ！作成が完了したプラグインパックは「現在のマップ」と「総合倉庫」内に各1部ずつ保存されます。
 
 注意：マップに再アクセスしなければ作成されたプラグインパックは有効とはなりません！
 
 今すぐあなたのプラグインパックを作成しましょう！"
33175,プラグインパック編集のヘルプ
33176,#cfa7a0f現在のマップ：#n   現在のマップでは、インポートされたプラグインパックを編集できる。内容は以下の通り：      1. プラグインパックの表示図、名称などの基本情報を変更する。      2. プラグインパックにおけるプラグインの内容を変更する。例えば外観、ステータス、プライベートトリガーなど。      3. 編集内容を保存した後、マップに再入場したら、編集されたプラグインパックは有効になる。      #cfa7a0fライブラリ：    ライブラリで以下の内容を編集可能：     1. プラグインパックの名称などの基本情報を変更する。     2. プラグインパックにおけるプラグインの内容を変更する。例えば外観、ステータスなど。     3. 表示図を変更すること、及びプラグイン内のトリガー及びスクリプトを変更することはできない。注意：ダウンロードしたプラグインパックに関して、作者が編集機能を開放していない場合、プラグイン内容の変更?確認はできない。
33177,販売可能なプラグインパックがまだありません。総合倉庫に行って1つアップロードしてみましょう！
33178,プラグインパック特集
33179,マップに再アクセスしなければ新規作成されたプラグインパックは有効とはなりません。マップに再アクセスしてください。
33180,同期
33181,以下の選択されたプラグインパックを総合倉庫と同期しますか？この操作により総合倉庫内にあるこのプラグインパックが上書きされます。
33182,最終修正時間：
33183,以下のプラグインパックは総合倉庫内でアップロード済みです。総合倉庫と同期してサーバーに上書きアップロードしますか？
33184,同期してアップロードする
33185,同期のみ
33186,マップに再アクセスしなければ削除操作は有効とはなりません。マップに再アクセスしてください。
33187,マップに再アクセスしなければ使用開始操作は有効とはなりません。マップに再アクセスしますか？
33188,マップに再アクセスしなければ使用制限操作は有効とはなりません。マップに再アクセスしますか？
33189,他のプラグインをダウンロードしてチェックします！
33190,今回の修正を販売中の商品と同期しますか？
33191,販売を更新する
33192,総合倉庫：@1
33193,現在のマップ：@2
33194,選択されたプラグインが上限に達しています！
33195,現在のマップのプラグインパック数が上限に達しているため、インポートに失敗しました！
33196,商品情報を編集する
33197,編集を保存する
33198,このプラグインパックをインポートすることによって現在のマップのブロックプラグイン数が上限に達したため、このプラグインパック内のブロックプラグインを土ブロックに変換しました。正常に使用できません。
33199,アップロード中
33200,以下のプラグインは他のプラグインパック内の内容を参照しています。これらのプラグインは新規のプラグインパック内に追加することができないため、チェックを外しました。
33201,更新待ち
33202,更新成功！商品が審査に通るとリソース工房に表示されます。
33203,このプラグインパックは商品としてリソース工房で販売されたことがあります。まず販売中に戻して最新バージョンと同期します。その後この商品の情報を更新することができるようになります。
33204,更新をキャンセルする
33205,このプラグインパックはローカルで編集履歴がありますが更新内容がアップロードされていません。このプラグインパックを再アップロードしてください。そうすれば販売を行えます。
33206,このプラグインパックは現在販売審査中のため、販売を更新することができません。
33207,リソース工房からダウンロードしたモデルを含むプラグインパックをフィルタリングしました！
33208,アップロードに成功しました
33209,この商品は作者に削除されました！
33210,使用制限されたプラグインパックは編集できません！
33211,審査中の商品は販売を更新できません。審査に通ってからリトライしてください！
33212,空のプラグインパックは作成できません！
33213,追加したいプラグインを選択する
33214,規約違反のプラグインパックは使用できません！
33215,このプラグインパックは規約違反のため編集できません！
33216,現在のプラグインパックはこのマップをインポート済みです。上書きしますか？
33217,必ず1枚のマップを選択しなければなりません！
33218,審査中の商品については商品情報を編集することができません！
33219,審査中の商品は削除できません。審査に通ってから削除してください！
33220,規約違反のプラグインパックは販売が許可されません！
33221,プラグインの取得に失敗しました。再販売してください。
33222,現在のマップのプラグインパック数が上限に達しているため、新規パックを総合倉庫に保存しました。
33223,このストーリーは現在のプラグインパック内に入っていないため編集ができません
33224,プラグインを新規テンプレートに保存するとき、個別トリガーと個別シナリオはマップに再アクセスしなければコピーできません。マップに再アクセスしてください。
33225,プラグインパックの内容を呼び出したプラグインは新規プラグインパックに追加できません！
33226,現在のマップにアクセスしますか？
33227,インポートに成功しました
33228,インポートに失敗しました
33229,このプラグインパックは販売中の状態です。リソース工房で商品を削除してからリトライしてください。
33230,プラグインパックの内容を削除してから販売を更新してください
33231,一部のプラグインは引用されたモデルが失われました。パッキングを続けますか？
33350,@Null@
33351,ミニチュアモデルをローディング中…
33352,ミニチュアモデルのローディングが完了しました！
33353,プラグインパックをローディング中…
33354,プラグインパックのローディングが完了しました！
33355,オーディオの読み込み中...
33356,オーディオの読み込み完成
33357,画像のロード中
33358,画像読み込み完了!
33399,@Null@
34000,無視
34001,エンチャント庫
34002,IDの挿入
34003,編集モード起動
34100,@Null@
34101,ワールド設定
34102,時間
34103,天気
34104,モンスター作成
34105,重力
34106,物理車両
34107,落下ダメージスイッチ
34108,マップルール
34109,オープニング設定
34110,ゲーム目標
34111,チーム設定
34112,オープニング紹介
34113,オープニング紹介を有効にする
34114,ゲーム開始
34115,プレイヤー設定
34116,プレイヤー行動
34117,復活設定
34118,命の数
34119,特長
34120,特長有効化
34121,プレイヤー操作
34122,二段ジャンプ
34123,移動できる
34124,マウント操作
34125,マウントを召喚できる
34126,復活ルール
34127,復活方法
34128,自動的に復活
34129,復活ボタンをクリックする
34130,敗戦ペナルティ
34131,表示設定
34132,プロンプト設定
34133,視点設定
34134,プレイヤー属性
34135,初期属性
34136,初期アイテム
34137,初期外観
34138,経験モード
34139,アイテムが落ちて箱になる
34140,オープニング紹介を設定する
34141,新規紹介を追加する
34142,画像表示
34143,紹介テキスト
34144,画像のトリミングに進むをクリック
34145,チーム設定
34146,チームを結成する
34147,チームカラー
34148,チーム名
34149,最大人数
34150,合計人数の上限：@1/40
34151,チームがありません
34152,チーム1
34153,チーム2
34154,チーム3
34155,チーム4
34156,チーム5
34157,チーム6
34158,チーム分配方式
34159,分配方式
34160,順番におる配布する
34161,ランダムに配布する
34162,配布しない
34163,自分で選ぶ
34164,基礎設定
34165,権限設定
34166,初期属性
34167,初期アイテム
34168,初期外観
34169,カスタマイズ設定
34170,カスタマイズ編集権限
34171,攻撃可能
34172,ダメージを受ける
34173,倒される
34174,アイテムを拾える
34175,アイテムを捨てられる
34176,基礎属性
34177,HP
34178,空腹度
34179,攻撃
34180,物理攻撃
34181,エレメント攻撃
34182,防御
34183,物理防御
34184,エレメント防御
34185,移動
34186,基本速度
34187,ショートカットバーアイテム
34188,バックパックアイテム
34189,初期モデル
34190,カッコいい紹介文を書いてね...
34191,キャラクターの初期モデル
34192,カスタマイズモデルを使用開始する
34193,モデル選択
34194,スター設定
34195,スター獲得上限
34196,レベルモード
34197,レベルモードを有効にする
34198,レベル上限
34199,経験値成長
34200,現在の合計経験値：@1
34201,クイック設定
34202,レベル範囲
34203,経験値範囲
34204,成長曲線
34205,標準
34206,前期
34207,後期
34208,レベルアップスピードは平均的、各段階でレベルアップに必要となる経験値もすべて平均的です。
34209,前期はレベルアップスピードが速く、後期はレベルアップに必要となる経験値が多くなります。
34210,前期はレベルアップスピードが遅く、後期はレベルアップに必要となる経験値が少なくなります。
34211,道具を使える
34212,現在のマップはマウントの召喚が許可されていません
34213,@1秒後自動選択
34214,初期アイテム
34215,ショートカットバー初期アイテム
34216,バックパック初期アイテム
34217,初期装備
34218,ショートカットバー初期アイテムの設定
34219,アイテム選択
34220,バックパック初期アイテムの設定
34221,数量
34222,@1を1つ選択する
34223,デフォルト
34224,カスタマイズ
34225,初期装備の設定
34226,設定失敗。正確なレベル範囲を設定してください
34227,設定失敗。正確な経験値範囲を設定してください
34228,設定可能な合計人数が上限に達しています。このチームの最大人数は@1人に設定されています。
34229,画像未設定
34230,レベル経験値の排出
34231,レベルモードを有効にしたマップ内でのみ有効です。レベル経験値はプレイヤーのレベルをアップさせることができます。
34232,詳細情報
34233,近接物理攻撃
34234,遠隔物理攻撃
34235,爆発攻撃
34236,燃焼攻撃
34237,毒攻撃
34238,カオス攻撃
34239,近接物理防御
34240,遠隔物理防御
34241,爆発防御
34242,燃焼防御性
34243,毒防御性
34244,混乱防御性
34245,チーム加入に成功しました！
34246,このチームは人数がいっぱいです。他のチームを選択しください
34247,あなたのチームを選択する
34248,Lv.@1にレベルアップしました！
34249,視点を変更
34250,ダメージの数値を表示する
34251,表示しない
34252,自分だけ
34253,同じチーム
34254,全部
34255,有効化に失敗。マップはダメージの数値表示がオフになっています
34256,HP
34257,有効化に失敗。マップは体力バーの表示がオフになっています
34258,最大プレイヤー数の設定
34259,推奨プレイヤー数
34260,マップタイプに基づいて、高速接続されたプレイヤー数を推奨します。
34261,チーム人数別
34262,(＠1名)
34263,設定したチーム人数に応じて入力します。
34264,プレイヤー数のカスタマイズ
34265,(＠1名)
34266,"#cfa7a0f最大プレイヤー数説明#n
最大プレイヤー数の設定は、マルチプレイヤー数をコントロールします。より良いゲーム体験のために、最大マルチプレイヤー数は、マップ開発者が決めます。

#cfa7a0fオプション説明#n
1. 推奨プレイヤー数：マップタイプに基づいて、高速接続されたプレイヤー数を推奨します。
2.チーム人数：設定したチーム人数に応じて入力します。 (最大40名、最小2名)
3.プレイヤー数のカスタマイズ：一般的に、チームプレイのないマップに適用されます。 (最大40名、最小2名）。
4.チーム人数やカスタムプレイヤー数が20名を超える場合は、認定開発者のみが設定できます。

#cfa7a0fWarm Tip#n
プレイヤー数が多ければ多いほどいいのではなく、マップのプレイ方法やサイズに合わせる必要があります。"
34267,非認定開発者は、最大20名まで設定できます。あなたの設定は定員オーバーとなります。
34268,キャンセル
34269,認証開発者になる
34270,チームは少なくとも2名以上の必要があり、「システム推奨」オプションが選択されます。
34271,はい
34272,開始人数は1人または無制限。ゲーム途中の参加を無効にすることができない。
34273,直接にオンにしても途中参加は禁止できない
34274,レベル範囲を再入力してください
34275,天気
34276,温度システム
34277,悪天候
34278,雪
34279,砂嵐
34280,暴風雨
34281,暴風雪
34282,凍結攻撃
34283,撃退防御性
34284,物理ダメージ
34285,元素ダメージ
34286,燃焼ダメージ
34287,毒素ダメージ
34288,混乱ダメージ
34289,電撃ダメージ
34290,凍結ダメージ
34300,モデルをインポートする
34301,インポートする
34302,名称を入力してください
34303,説明を入力してください
34304,@Null@
34305,@Null@
34306,@Null@
34307,@Null@
34308,@Null@
34309,@Null@
34310,@Null@
34311,@Null@
34400,@Null@
34401,アップロード設定
34402,権限設定
34403,#L#cfa7a0fテンプレート化マップ#nとしてアップロードする
34404,テンプレート化設定
34405,テンプレート化モード
34406,買取制
34407,学習専用
34408,課金方式
34409,ダウンローダーはテンプレートマップとして再度アップロードすることはできません
34410,ダウンローダーは商用コンテンツを追加することができます
34411,課金方式を設定可能
34412,ダウンローダーがテンプレートを使用してアップロードすると強制的にテンプレートマップとしてアップロードされます
34413,ダウンローダーは商用コンテンツを追加することができません
34414,課金方式を設定不可
34415,二次創作
34416,テンプレートを使用する
34417,テンプレートマップのみ検索する
34418,テンプレートマップを作成する
34419,セーブデータリストがいっぱいです。整理してからテンプレートを使用してください
34420,本マップは学習専用のため開発者ショップを設定できません
34421,以下のリソースはテンプレートマップの作者に帰属しているため、総合倉庫に移動させることはできません
34422,このリソースはマップ作成者のオリジナルリソースではないため、リソース工房でアンロックすれば使用することができます。アンロックに進みますか？
34423,原作をチェックする
34424,テンプレート情報
34425,原作
34426,このマップが見つかりません。作者が販売終了したかまたは規約違反です
34427,作者：
34428,発表時間：
34429,"本マップはテンプレートマップです。テンプレートマップを作成すると、このマップに編集を行うことができます。
 
 このマップのテンプレートモードは#cfa7a0f学習専用#nです。マップへの修正のみ許可されています。#c01c21bあらゆる商用コンテンツの追加はできません#n。編集後に発表されるマップはテンプレート機能が強制的にオンになります。
 
 決定をクリックすると#cfa7a0fセーブデータリスト#nに編集可能なマップが作成されアクセスできます。続けますか？"
34430,現在のテンプレートマップはこのトリガーの使用に対応していません
34431,おすすめテンプレート
34432,無料使用
34433,"本マップはテンプレートマップです。テンプレートマップを作成すると、このマップに編集を行うことができます。
 
 このマップのテンプレートモードは#cfa7a0f買取制#nです。マップへの修正のみ許可されています。#c01c21bあらゆる商用コンテンツの追加ができます#n。編集後に発表されるマップはテンプレート機能をオンにできません。
 
 決定をクリックすると#cfa7a0fセーブデータリスト#nに編集可能なマップが作成されアクセスできます。続けますか？"
34434,現在のマップは開発者商用機能が使用できません
34435,自身のマップにテンプレートを作成できません
34436,マップ内にオリジナルではないリソースが含まれているため、買取制テンプレートマップとしてアップロードできません。
34437,現在テンプレート情報はありません
34438,使用に失敗しました！マップが未審査です
34439,使用に失敗しました！このマップはテンプレートマップではありません
34440,使用に失敗しました！テンプレートタイプエラー
34441,使用に失敗しました！
34442,テンプレートマップ内にプラグインパックを新規作成できません
34600,@Null@
34601,プレイヤーデータを保存する
34602,詳細設定
34603,保存するデータを選択する
34604,アイテム
34605,人物属性
34606,ステータス
34607,コイン
34608,バックパックアイテム
34609,ショートカットバーアイテム
34610,装備バー
34611,HP
34612,空腹度
34613,基本速度
34614,攻撃力/防御力
34615,現在のレベル/経験値
34616,現在のステータス効果
34617,スター数
34618,ゲーム進行状況
34619,"このゲーム進行状況
 （#cfa7a0fアップロード済みのゲーム進行状況についてはアップロードがキャンセルされ削除されます#n）を削除します"
34620,このセーブデータをアップロードする（#cfa7a0fアップロードするとデバイスを変えてもセーブデータは同期できる#n）【このセーブデータはオフラインゲーム、通常オンラインゲームのみで使用可能】
34621,管理
34622,アップロード
34623,アップロードをキャンセルする
34624,削除
34625,今回のプレイ進行状況が「ゲーム進行状況」に保存されました
34626,アップロード済み
34627,アップロード数が上限に達しているため、このゲーム進行状況をアップロードできません
34628,プレイ時間
34629,最近のプレイ
34630,クラウド変数をアップロードする
34631,マップ内でアップロードされたクラウド変数が上限に達しているため、新規クラウド変数を作成できません
34632,クラウド変数のアップロード、変数内のデータをサーバーにアップロードすれば、データを長期保存できます。
34633,この変数はクラウド変数です。削除するとプレイヤーデータが失われる可能性があります。削除しますか？
34634,プレイモードを退出後
34635,マップをリセットする
34636,マップを再設定しない
34637,このマップをプレイするプレイヤーが、別のルームにアクセスした場合、同じキャラクターデータを共有します。
34638,"#cfa7a0fプレイヤーデータの保存とは？#n
 このマップをプレイするプレイヤーが、別のルームにアクセスした場合、同じキャラクターデータを共有します。
 別のルームにアクセスして同じマップでプレイすることで、キャラクターデータが引き継がれます。
 
 #cfa7a0fどんなプレイヤーデータが保存されるの？#n
 詳細設定内で保存するデータにチェックを入れます
 1.アイテム情報：バックパック、ショートカットバー、装備バー内のアイテム情報の保存を設定できます
 2.人物属性：人物のHP、空腹度、基本速度、攻撃力/防御力、現在のレベル/経験値の保存を設定できます。
 3.ステータス：人物の現在所持しているステータス効果及び持続時間の保存を設定できます
 4.コイン：人物が所持するスター数及び獲得進行状況の保存を設定できます。"
34639,"このゲーム進行状況
 （#cfa7a0fアップロードをキャンセルすると同期を行うことができません#n）のアップロードをキャンセルします"
34640,#c01c21b@1時間プレイしました
34641,進行状況が失われないように今回のゲーム進行状況をアップロードしますか？
34642,現在ゲーム進行状況はありません
34643,アップロードにエラーが発生しました。アップロード失敗
34644,アップロードの取消しができませんでした
34645,ゲームの進行状況のアップロードに成功しました
34646,アップロードをキャンセルしました
34647,クラウド変数データストレージが大きすぎるので、保存できませんでした。クラウド変数の数は1000以下に抑えてください
34648,セーブデータはクラウドサーバーに保存されました
34800,@Null@
35000,@Null@
35001,親友@1に書く
35002,さようなら、親愛なる@1
35003,@1への手紙
35010,@Null@
35011,あなたが私の仮面を外してくれましたね、以前仮面をつけていたとき頭がくらくらしました。今では頭が良くなりましたよ！
35012,以前の事は、まったく思い出せません。あなたが私を家に連れて帰ってくれたことだけを覚えています。
35013,あなたは私の最高の友人です。あなたを見ると楽しい気分になります。
35020,@Null@
35021,ここでの生活は最高ですが、そろそろ行かなければなりません。私は以前いた町を探しに行くつもりです——まだ私は自分が誰かも、家族や友人がどこにいるのかも思い出せませんが。
35022,私はあなたとの生活が大好きです。でも旅行にも行ってみたい。私は決心しました——1人で探険に行きます！ありがとう。そして、さようなら！
35023,あなたと一緒にいるのは楽しかった、でも私はいつでもどこでも、好きなように食べては寝るような自由な生活がずっと好きです。今私は1人で外の世界で暮らすと決めました。これまで色々とお世話してくれてありがとう。
35030,@Null@
35031,#rそうだ、家の中には食べ物が少なすぎます。お腹をすかさないように、たくさん蓄えておいた方がいいです。
35032,#r以前私のお腹はずっとグーグーなっていました。外の世界に美味しいものがたくさんあればいいな。考えただけでよだれが出てきました。
35033,#r外の世界には美味しいものがたくさんあるんでしょう？焼肉、野菜、パン···もう我慢できない！
35040,@Null@
35041,#rそうだ。町に柔らかいベッドがあればいいな。以前寝てるときに、地面の石がお尻にあたって痛かったから。
35042,#rPS：あなたのところは何もかも快適です。もし就寝用のベッドがあればもっとよかったかな。ずっと外で寝ていたら病気になりますよ。
35043,#rPS：私は以前寝る場所が見つけられなかったので、よくあなたの前で居眠りしていました。怒らないでくださいね。
35049,@Null@
35050,記念碑
35051,"@1の@2@3は
 @4の町で@5日
 @6生活しました。その後すぐに町を離れました
 
 @7"
35052,——記念@1
35053,高所から落下するという不慮の事故で、重傷を負いました
35054,不慮の事故でやけどを負いました
35055,病気のときすぐに治療が受けられませんでした
35056,水泳前に準備運動を忘れ、水中で足がつりました
35057,敵の勇猛果敢な作戦によりケガを負いました
35058,戦闘中に運悪く流れ矢に当たりました
35059,不慮の事故で重傷を負いました
35065,@Null@
35066,ある日美食を探求する旅に出る決心をしました
35067,お腹のグーグーと奏でる「楽曲」が、彼の情熱を刺激しました
35070,@Null@
35071,ある日居眠りしていると、夢遊状態で誰も見つけられない場所まで来ていました
35072,常にクマがあって、あくびばかりしている彼が、急に思い立ちました
35075,@Null@
35076,私たちはこの大事な仲間を失ってしまうことにため息が出ました
35077,「叫ばないで。私は起きませんよ！」
35078,「こんなことが本当に起こるなんて···」
35080,@Null@
35081,勇敢なる者、恐れを知らない姿を残して飛んでいく
35082,風のような雄弁な声が、山林や海や川に響き渡る
35083,愛する動物と、その動物たちが住む大自然の中で共に眠りたい
35084,私たちの身近にいた心暖かな人に、感動させられました
35085,風のように憂いがなく、水の流れのように不安がなく、泥のように声を上げず
35090,@Null@
35091,この仲間のこれからの旅路が無事であることを祈っています
35092,この良き仲間とまた再会できる日を心待ちにしています
35093,どんなことにも終わりがあります。仲間よ、お大事に！
35095,@Null@
35096,農夫
35097,木こり
35098,守護者
35099,神射手
35100,助手さん
35101,部族民
35102,ハンター
35103,建築者
35105,@Null@
35106,無名
35107,勇敢
35108,口達者
35109,動物好き
35110,世話好き
35111,楽観的
35120,@Null@
35121,町の人数：
35200,@Null@
35201,@Null@
35202,@Null@
35203,@Null@
35204,@Null@
35205,@Null@
35206,@Null@
35207,@Null@
35208,@Null@
35209,@Null@
35210,@Null@
35211,@Null@
35212,@Null@
35213,@Null@
35214,@Null@
35215,@Null@
35216,@Null@
35217,@Null@
35218,@Null@
35219,@Null@
35220,@Null@
35221,@Null@
35222,@Null@
35223,@Null@
35224,@Null@
35225,@Null@
35226,@Null@
35227,@Null@
35228,@Null@
35391,@Null@
35392,@Null@
35393,@Null@
35394,@Null@
35395,@Null@
35396,@Null@
35397,@Null@
35398,@Null@
35399,@Null@
35400,@Null@
35401,次回は必ず
35402,現在このマップのオンラインルームを作成している人はいません。このマップのオンラインルームを作成しますか？（マップのダウンロードが完了していなければオンラインルームは作成できませんよ！）
35403,私は新人プレイヤーです
35404,基本操作ガイド。すぐに上達できるように教えます。これでサバイバルは問題ありません！
35405,私はベテランプレイヤーです
35406,すくに始めます！私こそ最も輝く星です！
35407,冒険モードへようこそ
35408,採集の仕方
35409,建造の仕方
35410,戦闘の仕方
35411,ヒント：なるべく早く#cef2d2dベッド#nを作って夜を乗り切りましょう。または#cef2d2d明るい#n洞窟内に隠れましょう
35412,可能な限り生き残りましょう！
35450,@Null@
35500,@Null@
35501,UIDを削除
35502,削除後、ミニワールドと関連製品にログインできません。アカウント情報、道具、通貨、公開マップ、資源など内容は消えます。
35503,削除する前に、アカウントとプロパティのセキュリティを確保するために、次の検証を実行します：
35504,#c3D4546同意します#n#L#cfa7a0f「ミニID削除に関する注意事項」
35505,UIDは削除されましたので、ご自身でゲームからログアウトしてください。
35506,削除に進む
35507,UIDの削除ができません
35508,以下の理由により、UIDを削除することはできません：
35509,QQ
35510,Wechat
35511,
35512,はい
35513,DELETEDを下記にご記入ください。
35514,削除の確認
35515,開発者であることが検知され、UIDを削除すると、開発者関連の特典にアクセスできなくなります。削除しますか。
35516,はい
35517,いいえ
35518,UID@1は削除されました。
35519,はい
35520,削除
35521,該当するUIDは削除されました。
35522,現在ログインしているUID@1が削除されたので、新しいUIDを使いますか？
35523,そのままでいい
35524,新しいUIDを作成
35525,「ミニID削除に関する注意事項」に同意しますにチェックを入れてください。
35526,アカウントが安全です
35527,過去15日以内にパスワード変更の記録はありません。 （15日以内に作成された場合、この制限は適用されません）
35528,アカウント紐付けは解除されました
35529,携帯電話、メールアドレスの紐付けは解除されました
35530,関連の残高が決済済み
35531,開発者関連の残高の決済が必要です
35532,アカウントが不安全です
35533,過去15日以内にパスワード変更の記録はあります。
35534,アカウント紐付けは解除されません
35535,携帯電話
35536,メールアドレス
35537,紐付けは解除されません
35538,関連の残高が未決済
35539,開発者関連の残高は未決済
35540,DELETED
35541,DELETEDをご記入ください
35542,「ミニID削除に関する注意事項」
35543,"UIDを削除することにより、生じるすべての結果（これらに限定されない）を自発的に引き受けることを理解し、同意するものとします。
1 UIDを削除すると、ミニワールドおよびその関連製品にログインできなくなり、該当するUIDは復元されません。
2 UIDを削除後、アカウントデータおよびすべての道具、通貨、残高等は消去されます。UIDを削除することにより、ミニの使用中に発生したがまだ消費されていない権利および特典、将来発生する可能性のある特典を喪失することを理解し、同意します。
3 UIDの削除に伴い、アカウントを通じて投稿されたマップやリソースは、削除または匿名化されます（ただし、法律または規制により別途定められている場合を除きます）。削除または匿名化された後、前述のコンテンツをサーチ、アクセス、送信、取得、継続使用することができなくなります。当社が取得することを要求する権利もなくなります。
4 UIDの削除により発生する可能性のあるその他の結果。"
35544,UIDを削除しますか
35545,はい
35546,いいえ
35547,ミニIDを削除できません
35548,以下の理由により、ミニIDの削除に失敗しました：
35549,DELETEを入力してください
35550,DELETE
35551,ゲームに進む
35552,ビジターモード
35553,アカウントログイン
35554,#Lパスワードを忘れた#n
35555,ログイン方式
35556,ミニID：
35557,アカウント管理
35558,変更
35559,アカウントを取り戻す
35560,#L別のログイン方式#n
35561,記録を削除する
35562,完了
35563,このアカウントのログイン記録を削除しますか？
35564,パスワードを取り戻す
35565,アカウントの安全
35566,認証方式の選択
35567,現在ログインしているアカウントを削除してゲームを退出します。削除しますか？
35568,情報の紐づけ
35569,アカウント削除
35570,アカウントの連携
35571,ログイン方式を変更
35572,認証コードが見つからない場合、ゴミ箱を確認してください
35573,"1.パスワードを忘れた場合、紐づけ情報の認証したら再設定できる。
 2.ミニIDを忘れた場合、ミニIDを取り戻すために使用する。"
35574,まずパスワードを設定してください
35575,削除しました
35576,情報の紐づけはクローズされました
35577,アカウントの取り戻しはクローズされました
35578,規約に同意して、抹消に進む
35579,#c3D4546『ミニID抹消規約』#n#L#cfa7a0fをよく読んでから#c3D4546操作を行ってください
35580,アカウント削除
35581,同意して削除画面へ
35582,「ミニID削除に関する注意事項」に同意してください
35583,DELETEを入力してください
35584,削除する
35585,本当にミニIDを削除しますか？削除すると、このアカウントの情報及び個人情報は完全削除されます。
35586,あなたは開発者です。ミニIDを削除すると、開発者関連の特典にアクセスできなくなります。本当に削除しますか？
35587,あなたのミニIDは削除されました。ご自分でゲームから退出してください。
35588,あなたのミニID@1は削除されました。
35589,ミニID削除に関する注意事項
35590,"ミニIDの削除によって生じる（生じる可能性のある）全ての結果について、利用者が自ら責任を負うことを理解し、これに同意するものとします。結果は以下のことを含むが、これらに限りません：
1、ミニIDを削除した後、あなたのミニIDはミニワールド及び関連製品のログインに使用できなくなり、元に戻すこともできません。
2、ミニIDを削除した後、当該アカウントのデータ及びアイテム・貨幣・残高などは完全削除されます。ミニIDを削除することにより、当該ミニIDの使用期間中に発生し、または消費されていない権利及び利益、並びに将来発生する可能性のある利益を放棄することを理解し、これに同意するものとします。
3、ミニIDを削除した後、あなたが当該アカウントを通じて発表したマップ・リソースは削除され、または匿名化されます（法律に別段の定めがある場合を除く）。前述の内容は削除され、または匿名化された後、あなたはそれらの内容を対象に検索・アクセス・伝送・取得・使用・取得・復元することができず、我々に復元の要求を出す権利も有りません。
4、ミニIDの削除によって生じる（生じる可能性のある）その他の結果。"
35591,認証
35592,認証方法変更
35800,@Null@
35801,ログイン困難またはローディングが遅い
35802,ゲームがクラッシュするまたは反応がない
35803,オンラインに失敗またはアクセスできない
35804,マップのダウンロードが遅い&エラー報告
35805,スマートフォンの紐づけがうまくいかない
35806,実名認証がうまくいかない
35807,マップまたはセーブデータの消失問題
35808,トリガーまたはAPI問題
35809,チャージ失敗または口座に入らない
35810,発生している問題を入力してください（6～200文字）
35811,"チャージ時間：
 チャージ金額：
 注文番号（必須ではない）："
35812,トリガーは事件、条件、アクションの三種類があり、あなたが遭った問題及び操作の手順を具体的に説明してください：
35813,どんな問題が発生しましたか
35814,詳細説明
35815,（あなたの携帯番号を入力してください）
35816,あなたがフィードバックしたい内容を選択してください
35817,詳細説明を提出してから再送信してください
35818,すみません。現在あなたからのフィードバックを処理中です。新しい問題はしばらくしてから送信してください。
35819,誠にありがとうございます。我々はあなたのフィードバックを受け取りました。ミニワールドをお楽しみいただきありがとうございます！
35820,BUG
35821,あなたが遭ったBUG及び操作の手順を具体的に説明してください：
35830,@Null@
35850,@Null@
35851,カムバックギフト
35852,"おかえりなさい、冒険家！
 1.カムバックした冒険家はデイリーログインアンロックミッションを通じて、そのミッションを完了するとカムバック値が溜まります。カムバック値が溜まると対応する進行状況の報酬が獲得できます。最終的に永久アバター報酬がアンロックされます。
 2.冒険家のカムバックミッションは時間制限があります。制限時間に達すると二度とカムバック値を溜められなくなりますので、冒険家たちは必ず制限時間内にミッションを完了してくださいね！"
35853,イベント残り時間：
35854,冒険にカムバック
35855,人気マップ
35856,新商品発売
35857,現在のカムバック値
35858,利用可能な残りカムバック値：@1
35859,累計カムバック値：@1
35860,カムバック報酬
35861,カムバックミッション
35862,交換記録
35863,ミッション完了の累計カムバック値により素晴らしい報酬と交換します！
35864,ミッション残り時間：@1
35865,ミッションの制限時間となりました。ミッション終了です
35866,カムバック値+@1
35867,交換
35868,交換回数@1
35869,交換アイテム
35870,消費カムバック値
35871,交換数
35872,交換時間
35873,欲しい報酬を選択する
35874,報酬を確認する
35875,@1を獲得します。よろしいですか？
35876,厳選されたおすすめ
35877,もっと
35878,売れ筋の定番
35879,おかえりなさい
35880,"親愛なる冒険者さん：
 懐かしの人、お久しぶりです。あなたが前回ログインしてからすでに@1日経過しています。また戻ってきてくれて本当に嬉しいです。また私たちと一緒に冒険するにあたって、ささやかなプレゼントをご用意しました。気に入っていただけると嬉しいです"
35881,一度オンラインモードに参加すると豪華報酬が獲得できます（報酬はメールで送信します）
35882,オンラインに進む
35883,再選択
35884,現在カムバック値が不足しているため交換できません
35885,族長はおサボりしています。交換失敗。しばらくしてから再度お試しください
35886,ミッションを完了しました。カムバック値+@1
35887,@1消費して@2と交換します。よろしいですか？
35888,現在オンラインの仲間が多いです。もう一度お試しください
35889,カムバック値
35890,日
35950,協力して報酬をゲットしよう！
35951,イベント期間：
35952,今期の大賞
35953,フレンドを紐づけする
35954,申請を確認する
35955,フレンドを探す
35956,申請
35957,申請済み
35958,あなたはまだフレンドがいませんね。今すぐ近くの仲間を見つけましょう。
35959,伝言：
35960,紐づけを解除する
35961,デイリーミッション
35962,イベントミッション
35963,申請内容を編集する
35964,申請後は相手の承認を待ちます
35965,イベントルール
35966,紐づけされたフレンドと一緒にマップオンラインにアクセスする
35967,@1/1枚のマップをダウンロードする
35968,イベント期間中に@1つのデイリーミッションを完了する
35969,フレンドと一緒に@1回オンラインになる
35970,イベント期間に@1回広告を視聴する
35971,1回チャージする
35972,@1-@2回倒す
35973,警告！
35974,"紐づけの解除は元に戻すことができません。解除後すでに受け取った
 報酬は二度と受け取ることができません。累計ポイント
 はリセットされます。ミッションリストも再設定されます。"
35975,このフレンドを紐づけしますか？
35976,申請に成功しました
35977,申請失敗
35978,紐づけの解除に成功しました
35979,新規マイガーデンで農作物を1回収穫
35980,新規マイガーデンで動物を1回収穫
35981,すみません。このフレンドは他のプレイヤーに紐づけされました。別のフレンドを選んでください
36000,@Null@
36001,インポートしたいマップを選択する
36002,セーブデータにアクセスすればプラグインパックが作成できます
36003,創造モードではプラグインパックを新規作成できません！
36004,セーブデータにアクセスすればプラグインパックを編集できます！
36005,創造モードではプラグインパックを編集できません！
36020,@Null@
37000,@Null@
37001,音楽プレーヤー
37002,しばらくリクエストがない.
37003,削除失敗：曲IDは存在しない
37004,現在リストに再生可能な曲がありませんので、曲リストを追加してください
37005,"cfa7a0f音楽管理機能について#n
-オンラインゲームでは、ホストまたはサーバーのみが、音楽プレーヤーで一時停止、次の曲、曲の削除などの管理操作を実行する権限を持っています。

#cfa7a0fオンデマンドで再生できる音楽コンテンツについて#n
-当面の間、QQ Musicによって承認された曲の一部のみがサポートされます。現在、オンデマンドの曲の許可を増やすよう努めていますので、ご期待ください。

#cfa7a0fオンラインモードでのオンデマンド制限について#n
-キャスト待ちリスト内の音楽は、オンデマンド追加を繰り返すことができない。
-非ホストは、同時に3曲しか順番待ちリストに追加できません。上限に達した後、注文した曲が終了するか、ホストによって削除されるのを待ってから、再注文する必要があります。 ;

#cfa7a0f音楽再生モードについて#n
-キュー再生：再生キュー順に再生され、歌曲再生が完了するとキューから除去される。
-ループ再生：再生キューの順序で再生します。再生後、曲は順番待ちリストに残ります。

#cfa7a0fフル再生機能について#n
-オンにすると、ゲーム内のすべてのプレーヤーがプレイキューに曲を追加できます。
-閉じている場合、ゲーム内のホストまたはサーバーのみが再生キューに曲を追加できます。"
37006,放送待ちの音楽の上限です。これ以上追加できません
37007,曲はもう追加されました
37008,歌のリクエストはしばらくできません
37009,アカウントリクエスト上限
37010,再生待ちの音楽に追加しました
37011,再生に失敗しました
37012,放送待ちの音楽
37013,お薦め音楽
37014,最近リクエストします
37015,曲がありません
37016,おすすめの音楽がありません
37017,最近リクエストしていません
37018,関連の内容が見つからなかったので、単語を変えてみましょう
37019,順番再生
37020,循環再生
37021,部屋は全員リクエストをオンしました
37022,この曲を削除しますか？
37023,検索するキーワードを入力してください
37024,全員リクエストを許可します
37025,操作があまりにも密ですので、後でもう一度試してみてください。
37026,部屋は全員リクエストをオンしました
37027,部屋は全員リクエストをオフにしました
37028,曲の読み込みに失敗しました
37029,しばらくリクエストがない
37030,ホストは音楽プレーヤーを閉じました
37031,しばらくオプションの状態を修正することはできません
37032,曲名、アーティスト名を入力してください...
37033,注文
37034,曲はQQ音楽のライセンスで提供しております
37035,音楽庫
37036,検索内容を入力する
37037,リストが空ですので、再生する曲をお選びください
37038,ミュージックプレイヤー (#cef2d2d閉じる#n)
37039,ミュージックプレイヤー (#c0aaa1aオープン１#n)
37040,ホスト未開放
37041,このマップでは音楽プレイヤーを使用することができません
37200,デフォルトで音楽プレイヤーを開く
37201,デフォルトでチャットバブルが開く
37202,交流ツール
37203,デフォルトオン
37204,デフォルトオフ
37205,チャットバブルウィンドウ
37206,チャットバブル（#cef2d2d閉じる#n）
37207,チャットバブル（#c0aaa1aオープン#n）
39987,"1.毎回購入時にランダムで家具またはペットが#c0ABA1D1つ#n獲得できます。
 2.#c0ABA1D10個#n購入ごとに、必ず#c0AAFFFレア#n以上の家具またはペットが1つ獲得できます。
 3.抽選1回につき、スーパーレア以上の報酬の出現率がアップします。出現後は最初の確率に戻ります。"
39988,@Null@
39989,@Null@
39990,@Null@
39991,@Null@
39992,#cE0DCCAノーマル 57%
39993,#c0AAFFFレア 30%
39994,#cDA6FFFスーパーレア 11%
39995,#cFA7A0F超スーパーレア 2%
39996,#cE0DCCAノーマル 78%
39997,#c0AAFFFレア 19%
39998,#cDA6FFFスーパーレア 3%
39999,@Null@
40000,"1.毎回購入時にランダムで家具またはペットが#c0ABA1D1つ#n獲得できます。
 2.#c0ABA1D10個#n購入ごとに、必ず#cDA6FFFスーパーレア#n以上の家具またはペットが1つ獲得できます。
 3.抽選1回につき、スーパーレア以上の報酬の出現率がアップします。出現後は最初の確率に戻ります。"
40001,建造ブロック
40002,家具
40003,建材
40004,機能
40005,装飾
40006,建造ブロック
40007,環境
40021,設計図
40022,設計図サブクラス1
40023,設計図サブクラス2
40024,設計図サブクラス3
40025,設計図サブクラス4
40041,交流アイテム
40042,交流アイテムサブクラス1
40043,交流アイテムサブクラス2
40044,交流アイテムサブクラス3
40045,交流アイテムサブクラス4
40061,環境
40062,風格
40063,天空ボックス
40064,天気
40065,BGM
40081,農場
40082,種
40083,生物エッグ
40084,農作物
40085,肥料
40086,放牧産物
40087,農場-動物
40088,フィード
40101,食べ物
40102,食事
40103,お菓子
40104,飲み物
40105,食材
40106,食材
40107,料理
40121,リソース
40122,機能アイテム
40123,リソースサブクラス2
40124,リソースサブクラス3
40125,リソースサブクラス4
40126,材料
40127,工具
40141,ペット
40142,育成アイテム
40143,突破アイテム
40144,探険アイテム
40145,カケラアイテム
40146,獲得アイテム
40147,ペット
40161,レシピ
40162,レシピサブクラス1
40163,レシピサブクラス2
40164,レシピサブクラス3
40165,レシピサブクラス4
40301,家具
40302,建築図面
40303,拡充
40304,シリーズ家具
40305,ペット購入
40306,農作物売却
40307,アイテム
40308,肥料
40309,フィード
40310,農地を拡張
40311,牧場をアップグレード
40312,ホーム建設
40351,"マイガーデンレベルは農場や牧場のレベルアップ、マイガーデンの自作エリア拡充の基本条件であり、またペット小屋の上限をアップさせたり、より高級な種を購入することもできます。
 経験値獲得経路：熟成した農作物及び家畜の収穫"
40352,"最大畑数：4
 最大放牧数：2"
40353,"耕地の最大量：5
放牧の最大数：2"
40354,"耕地の最大量：6
放牧の最大数：2"
40355,"耕地の最大量：7
放牧の最大数：2"
40356,"耕地の最大量：8
放牧の最大数：4"
40357,"耕地の最大量：9
放牧の最大数：4"
40358,"耕地の最大量: 10
放牧の最大数：4"
40359,"耕地の最大量：11
放牧の最大数：4"
40360,"耕地の最大量：12
放牧の最大数：4"
40361,"耕作地の最大量：13
放牧の最大数：6"
40362,"耕地の最大量：14
放牧の最大数：6"
40363,"耕地の最大量：15
放牧の最大数：6"
40364,"耕地の最大量：16
繁殖の最大数：6"
40365,"耕地の最大量：17
放牧の最大数：6"
40366,"耕地の最大量：18
放牧の最大数：8"
40367,"耕地の最大量：19
放牧の最大数：8"
40368,"耕地の最大量：20
放牧の最大数：8"
40369,"耕地の最大量：21
放牧の最大数：8"
40370,"耕地の最大量：22
放牧の最大数：8"
40401,簡易家具
40402,質素で実用的。手先の器用さが試される簡易セット
40403,シリーズ家具1の説明
40404,中国式家具
40405,伝統的中国式スタイルの家具。年代物で上品さが漂う
40406,シリーズ家具2の説明
40407,現代風の家具
40408,簡素だがシンプルではなく、モダンで上品な現代セット
40409,シリーズ家具3の説明
40410,童話風の家具
40411,可愛いらしくアクティブな感じ。幻想的な童話の世界に浸れる
40412,シリーズ家具4の説明
40413,SF風の家具
40414,未来の科学技術による最新の流行系。簡素で実用的なセット
40415,シリーズ家具5の説明
40416,ヨーロッパ式家具
40417,上品で実用性も兼ね備えている。アットホームなマイガーデンを作ろう
40418,シリーズ家具6の説明
40419,シルクロード風の家具
40420,シリーズ家具7の説明
40421,魔法家具
40701,ミニペット
40702,可愛いミニペット。マイガーデンで最高のお供
40703,ペットシリーズ1点の説明
40704,ペットシリーズ2
40705,ペットシリーズ2説明
40706,ペットシリーズ2説明
40707,ペットシリーズ3
40708,ペットシリーズ3説明
40709,ペットシリーズ3説明
40710,ペットシリーズ4
40711,ペットシリーズ4説明
40712,ペットシリーズ4説明
40713,ペットシリーズ5
40714,ペットシリーズ5説明
40715,ペットシリーズ5説明
40800,敦煌シリーズ
40801,シルクロード世界の芸術博物館から飛び出してきたかのような敦煌家具と可愛いミニペット
40802,@Null@
40803,バララガーディアン精霊
40804,新たに追加された2つのバララリトルマジックフェアリーのミラクルダンスガーディアン精霊
40805,ああ、あなたはすでに小さな魔法の妖精です
40806,現在、バララリトルマジックフェアリー#cfa7a0fリトルブルー#nスキンを所有しておらず、対応するリトルマジックフェアリーに変更することはできません
40807,現在、バララリトルマジックフェアリー#cfa7a0fマギー#nスキンを所有しておらず、対応するリトルマジックフェアリーに変更することはできません
40808,現在、バララリトルマジックフェアリー#cfa7a0fスノーウィー#nスキンを所有しておらず、対応するリトルマジックフェアリーに変更することはできません
40809,現在、バララリトルマジックフェアリー#cfa7a0fプリンスアミューズメント#nスキンを所有しておらず、対応するリトルマジックフェアリーに変更することはできません
40810,現在、バララリトルマジックフェアリー#cfa7a0fアリッサ#nスキンを所有しておらず、対応するリトルマジックフェアリーに変更することはできません
40811,現在、Balala Little Magic Fairy#cfa7a0f Jessi #nスキンを所有しておらず、対応する小さな魔法の妖精に変更することはできません
40812,現在、バララリトルマジックフェアリー#cfa7a0fエイミー#nスキンを所有しておらず、対応するリトルマジックフェアリーに変更することはできません
40851,新規マイガーデンへようこそ
40852,画面を適当にクリックして続けます
40853,マイガーデンのバージョンが変更されました！仲間たちは自由に自身のマイガーデンを作成できます。それから栽培やペットの放牧などの遊び方も変わりましたよ！
40854,新バージョンのマイガーデンにはたくさんのエリアがあり、各エリアには違った機能があります。一つずつ紹介していきますね。
40855,ここはマイガーデンの入り口です。マイガーデン果実、マイガーデンショップ、ペット小屋などはここにありますよ。
40856,農場、牧場はマイガーデンコインの主な産出場所です。仲間たちはここでの栽培によってコインを獲得できます！神秘商人が不定期で現れて農作物を高値で買ってくれるらしいですよ！
40857,お～！ここは仲間たちがマイガーデンを作るエリアです。初期マイガーデンは小さいですが、仲間たちの頑張りによって大きくできますよ！
40858,それでは、直接マイガーデンにアクセスして体験してみましょう！
40859,野菜の栽培はマイガーデンコインの主要獲得経路です。まずは野菜の栽培から始めましょう！
40870,@Null@
40900,@Null@
40901,マイガーデン専用家具。クリックすると家具を操作できる
40902,マイガーデン装飾品。家の中に配置することができる。マイガーデンのビジュアルをアップさせる
40903,マイガーデン建築ブロック。家の中に配置することができる。クリックすると操作できる
40904,マイガーデン建築ブロック。マイガーデン建築物を作成することができる
40905,マイガーデン家具。家の中に配置することができる
40906,中国風の家具セットから、エレガントで快適なベッドです。胡桃の木の板や綿の布などの建築材料で作られます。
40907,中国風の家具セットから、エレガントで快適なソファです。胡桃の木の板、綿の布、絵の具の箱などの建築材料で作られます。
40908,中国風の家具セットから、優雅で実用的な机材です。胡桃の板などの建築材料で作られます。
40909,中華風の家具セットから、優雅で実用的なテーブルです。胡桃の板などの建築材料で作られています。
40910,中国風の家具セットから、優雅で実用的な茶几です。胡桃の板などの建築材料で作られます。
40911,中国風の家具セットから、優雅で実用的な手洗い台です。胡桃の板、陶磁器の土底、絵の具箱などの建築材料で作られます。
40912,中国風の家具セットから、優雅で実用的な椅子です。胡桃の板などの建築材料で作られます。
40913,中国風の家具セットから、優雅で実用的な便器です。胡桃の板、陶磁器の土底などの建築材料で作られます。
40914,中国風の家具セットから、優雅で実用的なバスタブです。胡桃の板や絵の具箱などの建築材料で作られます。
40915,中国風の家具セットから来ました。家の主人はクローゼットの中で自分のスキンを分かち合うことができます。胡桃の板などの建築材料で作ります。
40916,中国風の家具セットから来ました。美しくて実用的なキャビネットです。胡桃の板などの建築材料で作ります。
40917,中国風の家具セットから来ました。美しくて実用的な半格子の食器棚です。胡桃の板などの建築材料で作られます。
40918,中国風の家具セットから来ました。綺麗で実用的な組み合わせ棚です。胡桃の板などの建築材料で作ります。
40919,中国風の家具セットから、美観的で実用的な屏風です。胡桃の板、紙などの建築材料で作られます。
40920,中国風の家具セットから来ました。綺麗で実用的な立体灯です。胡桃の木の板や紙などの建築材料で作られます。
40921,中国風の家具セットから、美しくて実用的なシャンデリアです。胡桃の板や紙などの建築材料で作られます。
40922,中国風の家具セットから来ました。綺麗で実用的な壁灯です。胡桃の木の板や紙などの建築材料で作られます。
40923,中国風の家具セットから来ました。綺麗で実用的な木の門です。胡桃の木の板や紙などの建築材料で作られます。
40924,中国風の家具セットから来ました。綺麗で実用的な木の窓です。胡桃の木の板や紙などの建築材料で作られます。
40925,中華風の家具セットから来ました。綺麗で実用的な階段です。胡桃の木の板や綿の布などの建築材料で作られます。
40926,中国風の家具セットから来ました。美しくて丈夫な壁れんがです。精磨石れんがなどの建築材料で作られます。
40927,中国風の家具セットから、美しくて丈夫なれんがです。精磨石れんがなどの建築材料で作られます。
40928,中国風の家具セットから、美しくて丈夫な半れんがです。精磨石れんがなどの建築材料で作られます。
40929,中国風の家具セットから来て、美しくて丈夫なフェンスです。胡桃の板などの建築材料で作られます。
40930,@Null@
40950,@Null@
40951,@Null@
40952,@Null@
41000,@Null@
41001,総合ランキング
41002,シリーズの並び順
41003,品質の並び順
41004,ヤバい
41005,ノーマル
41006,レア
41007,スーパーレア
41008,超スーパーレア
41011,ミニコインが不足しています
41012,マイガーデンコインが不足しています
41013,ミニビーンが不足しています
41014,ミニポイントが不足しています
41015,アイテムが不足しているため購入できません
41016,マイガーデンコイン
41017,スキップ
41051,製作
41052,品質：
41053,シリーズ：
41054,製作材料：
41055,製作
41056,獲得数：
41057,【@1】製作に成功しました
41058,材料が不足しているため製作できません
41059,このアイテムはアンロックされていません
41060,アンロックにはマイガーデンレベルLv.@1が必要です
41061,販売時間：
41062,、開始前
41063,、@1日後に終了
41064,、@1時間後に終了
41065,、@1分後に終了
41066,、@1秒後に終了
41067,、終了済み
41068,@1個購入すれば必ずレアが出ます（@2/@3）
41069,すべて表示
41070,@1個購入する
41071,@1割引
41072,説明
41073,おめでとう！以下の報酬を獲得しました
41074,報酬がマイガーデンの創造バックパックに追加されました
41075,おめでとう！【@1】@2が当たりました！！！
41076,- 次を閲覧をクリック -
41077,家具を獲得
41078,ペットを獲得
41079,販売が始まっていません。購入に失敗
41080,販売時間が終了しています。購入に失敗
41081,購入に成功しました。@1×@2を獲得
41082,名称：
41083,品質：
41084,シリーズ：
41085,自作タイトル1
41086,自作タイトル2
41087,自作タイトル3
41088,自作タイトル4
41089,3×2区域
41090,3×3区域
41091,5×3区域
41092,5×5区域
41093,マイガーデンを拡充する
41094,@1×@2を消費してマイガーデンを拡充します。よろしいですか？
41095,マイガーデンLv.@1が必要です
41096,拡充に成功しました。現在の自作エリアのサイズは@1です。（有効化するにはマイガーデンに再アクセスする必要があります）
41097,このサーバーでは販売していません。購入失敗
41098,バージョンが低すぎます。購入失敗
41099,@1個購入すれば必ずスーパーレアが出ます（@2/@3）
41100,レシピ
41101,調理台
41102,現在のメニュー
41103,製作材料
41104,マイガーデンレベル
41105,マイガーデンレベルがアップするとさまざまな利益が得られます
41106,マイガーデンレベルアップ
41107,Lv：
41108,レベルアップ報酬
41109,現在のレベル：
41110,Lv.@1
41111,次のレベル：
41112,マイガーデンレベル作用説明1
41113,レベル2の家庭の役割を説明して
41114,レベル3の家の役割を説明して
41115,レベル説明4故郷の役割
41116,家庭用グレードの役割を説明して5
41117,レベル6家の役割を説明して
41118,家庭用グレードの役割を説明して7
41119,家庭用グレードの役割を説明して8
41120,家庭用グレードの役割を説明して9
41121,グレード10家の役割を説明して
41122,グレード11家の役割を説明して
41123,グレード12家の役割を説明して
41124,グレード13家の役割を説明して
41125,グレード14家の役割を説明して
41126,グレード15家の役割を説明して
41127,作用単位説明1
41128,ロール説明2つの単位
41129,ロール説明3つの単位
41130,ロール説明4つの単位
41131,ロール説明5つの単位
41132,ロール説明6つの単位
41133,ロール説明7台
41134,役割説明単位8
41135,ロール説明9つの単位
41136,役割説明単位10
41137,報酬がマイガーデンの創造バックパックに追加されました
41138,報酬がマイガーデンの開発者バックパックに追加されました
41139,"1.毎回購入時にランダムで家具が#c0ABA1D1つ#n獲得できます。
 2.#c0ABA1D10個#n購入ごとに、必ず#c0AAFFFレア#n以上の家具が1つ獲得できます。
 3.抽選1回につき、スーパーレア以上の報酬の出現率がアップします。出現後は最初の確率に戻ります。"
41140,収集アルバム
41141,収集分
41142,収集済みの数
41143,合計数
41144,アイテム名称
41145,価格
41146,アイテム説明
41147,獲得経路
41148,獲得経路説明
41149,名称
41150,規格
41151,品質
41152,シリーズ
41153,ブランド
41154,初期体力
41155,初期速度
41156,初期ラック
41157,生来の特性
41158,マイガーデン果実
41159,ショップ
41160,歴史
41161,ホーム編集
41162,配置
41163,システム
41164,家
41165,管理人設定
41166,倉庫
41167,図鑑
41168,シェア
41169,チームを作ってオンライン
41170,パーティー
41171,退出する
41172,マイガーデンに戻る
41173,マイガーデンを通報する
41174,今日の訪問客
41175,訪問客履歴
41176,イベントを記録する
41177,さっき
41178,@1分前
41179,@1時間前
41180,@1日前
41181,通報
41182,情報非表示
41183,Lv.@1
41184,/
41185,ミニID
41186,権限
41187,環境
41188,オンライン権限
41189,誰でもアクセス可能
41190,フレンドアクセス可
41191,カスタマイズ
41192,パスワード
41193,パスワード回答者アクセス可能
41194,フレンドのマイガーデンをチェックする
41195,適当にブラブラする
41196,パーティー
41197,フレンド
41198,グループ
41199,ルーム
41200,マイガーデン
41201,ワールド
41202,QQフレンド
41203,ミニフレンド
41204,リソース
41205,アイテム
41206,農作物
41207,種
41208,#Lv.@1#n
41209,定価
41210,ブロック
41211,図面
41212,家具
41213,機能
41214,装飾
41215,すべて
41216,獲得に進む
41217,獲得経路
41218,売却
41219,全選択
41220,全キャンセル
41221,マイガーデン保存
41222,保存してアップロードする
41223,保存しない
41224,現在のマイガーデンマップは保存されていません。保存してアップロードしますか？
41225,個人センターで行動状況をシェアする
41226,マイガーデンにアクセスする
41227,"このマイガーデンは人数がいっぱいです。彼のスタンドアローンマイガーデン
 にアクセスしますか？"
41228,アクセスをキャンセルする
41229,スタンドアローンマイガーデンにアクセスする
41230,オルゴール
41231,BGM
41232,BGM（中国風）
41233,BGM4（戦闘！）
41234,BGM5（孤独な神様）
41235,BGM6（謎解き雰囲気）
41236,BGM7（bomb!）
41237,BGM8（サッカー場）
41238,重力装置
41239,重力倍数
41240,天気制御装置
41241,オプション
41242,栄誉棚
41243,調理台
41244,ピザ
41245,デザート
41246,飲み物
41247,製作材料
41248,設計図建造台
41249,図面情報
41250,建造範囲
41251,作者
41252,建造
41253,農業を学ぶ
41254,この畑を拡充するには
41255,勉強
41256,@1h@2m
41257,農場ショップ
41258,神秘商人
41259,ペット小屋
41260,ペット数
41261,ペットを合成する
41262,ペット探険
41263,属性
41264,進化
41265,育成
41266,評価@1
41267,探険完了
41268,疲労：@1時間@2分
41269,/
41270,原始期
41271,幼年期
41272,成長期
41273,成年期
41274,完全期
41275,体力
41276,速度
41277,ラック
41278,特性
41279,説明
41280,放牧
41281,放牧決定
41282,"ペット@1を放牧しますか？
 放牧したペットはあなたのペット小屋からいなくなります。"
41283,放牧する
41284,購入決定
41285,ペットが残り1匹しかしないため放牧できません
41286,"100ミニコインを消費してペット小屋スペースをアンロックします。
 よろしいですか？"
41287,育成機能説明
41288,合成に成功しました
41289,合成材料が不足しています
41290,携帯アイテム
41291,探険時間：#c3D4546@1#n時間#c3D4546@2#n分
41292,探険を開始する
41293,@1/@2（+@3）
41294,アイテムを1つ選択
41295,探険収益
41296,探険ルート
41297,獲得収益
41298,イベント回想
41299,探険中に思いがけず食べ物を発見しました。体力UP！
41300,願いの木成長中。予想必要時間はあと@1時間です
41301,祈願を有効にしました。@1秒間有効です
41302,このマイガーデンを退出しますか
41303,祈願に成功しました
41304,祈願時間終了
41305,願いの木は祈願を有効にしました
41306,願いの木は消失しました
41307,願いの木はヒントを生成しました
41308,ネットワーク異常。操作に失敗しました
41309,飼育中動物：@1/@2
41310,牧場のスペースが不足しています
41311,レベルが上限です
41312,牧場のレベルアップに成功しました
41313,レベル
41314,牧場
41315,現在のレベル：
41316,放牧可能動物数：
41317,レベルアップにはマイガーデンレベルLv.@1が必要です
41318,レベルアップ
41319,@1×@2を拾いました
41320,@1×@2を収穫して獲得しました。経験値@3を獲得しました
41321,この畑を拡充するにはマイガーデンレベルLv.@1が必要です
41322,と
41323,畑を拡充する
41324,今日の野菜価格@1上昇@2
41325,熟成時間：
41326,生産量：
41327,多くの食べ物を作製可能な基本食材。#c0AAA1A@1#n、#c0AAA1A@2#nに対して使用すると、それらを#c0AAA1A@3#nステータスにすることができる。畑で栽培する小麦の種を獲得する。
41328,@Null@
41329,所持：
41330,合計額：
41331,設計図作業台
41332,必要材料
41333,建築範囲：#c4D7075@1#n×#c4D7075@2#n×#c4D7075@3#n
41334,作者：#c4D7075@1#n
41335,必要な建造材料が不足しているため建造できません
41336,建造可能エリアを超えています。再配置してください
41337,@Null@
41338,@1あなたのマイガーデンを訪問しました
41339,@1あなたのマイガーデンで神秘商人@2と交易しました
41340,@1あなたのマイガーデンで願いの木に祈願しました
41341,願いの木がマイガーデンに出現しました
41342,願いの木がマイガーデンから消失しました
41343,ペットが@1からの探険から戻ってきました
41344,神秘商人@1がマイガーデンを訪問しました
41345,願いの木は祈願を有効にしました
41346,@Null@
41347,現在の段階：
41348,育成材料を選択する
41349,探険ペットを選択する
41350,必要特性：
41351,ペット合成
41352,探険
41353,#c3d4546残り探険時間：#n#cFA7A0F@1時間@2分#n
41354,育成する材料を追加してください
41355,合成
41356,探険収益
41357,マイガーデンレベル
41358,@1探険に行くペットが出発します！
41359,現在探険条件を満たしていないため探険できません
41360,探険するペットを選択してください
41361,報酬がマイガーデンの創造バックパックに追加されました
41362,家具を獲得
41363,ペットを獲得
41364,- 次を閲覧をクリック -
41365,#cFDAEF1@1#n
41366,抽選
41367,ペット小屋がいっぱいです。バックパックでチェックしてください
41368,ペット小屋がいっぱいです。一部の報酬はバックパックでチェックしてください
41369,ペット小屋に進んでチェックしてください
41370,創造バックパックに進んでチェックしてください
41371,牧場のレベルアップに成功しました
41372,表示
41373,登録に成功しました
41374,パラメーターが正しくありません
41375,サインが正しくありません
41376,アイテム数が不足しています
41377,IDエラー。リストの読み込みに失敗しました
41378,アイテムに対応する構成表エラー
41379,アイテムIDエラー
41380,未知の消費タイプ
41381,マイガーデンレベルが不足しています
41382,開発者バックパック内に対応するアイテム数が不足しています
41383,創造バックパックはバックパックデータの読み取りに失敗しました
41384,アイテムはアンロックされていません
41385,アイテムはアンロック済みです
41386,シリーズアンロック報酬を受け取れません
41387,シリーズアンロック報酬を受け取れます
41388,シリーズアンロック報酬をすでに受け取っています
41389,農場のアンロックに失敗しました
41390,農場_マイガーデンレベルが足りません
41391,農場は占用されています
41392,牧場のレベルアップレベルエラー
41393,牧場_ペットエッグ情報エラー
41394,牧場レベルが足りません
41395,牧場_動物情報エラー
41396,牧場_動物に対応する食べ物IDエラー
41397,牧場_動物は空腹ステータスです
41398,牧場_動物の空腹時間に入っていません
41399,牧場_動物は熟成しました
41400,牧場_動物は熟成していません
41401,牧場_動物は空腹ステータスではありません
41402,牧場_熟成時間になっていません
41403,牧場_未知の原因によるエラー報告
41404,牧場_動物は幼年です
41405,牧場ー放牧構成表の情報に異常があります
41406,牧場ー放牧レベルに対応する放牧可能な動物数のエラ―
41407,願いの木の情報に異常があります
41408,情報異常を有効にする
41409,当選の必要時間間隔がまだ経過していません
41410,ランダムの必要時間間隔がまだ経過していません
41411,未当選
41412,祈願データに異常があります
41413,願いの木が存在します
41414,願いの木が熟成段階ではありません
41415,願いの木が開始段階ではありません
41416,願いの木の構成表の情報に異常があります
41417,祈願を有効にしてから、まだ祈願終了時間にはなっていません
41418,祈願者は祈願済みです
41419,願いの木が再度有効化されました
41420,進化経験値が不足しています
41421,合成数が不足しています
41422,ペット小屋はアンロック済みです
41423,ペットが最高レベルに進化しました
41424,探険マップの構成に異常があります
41425,探険マップイベントの構成に異常があります
41426,探険マップイベントパックの構成に異常があります
41427,探険マップの探険数
41428,ペット小屋に入りません。先にマイガーデンレベルを上げてください
41429,ペット疲労ステータス
41430,この探険マップの探険はすでにスタートしました
41431,マイガーデンレベルがMAXです
41432,アイテムはアンロック済みです
41433,アイテムはまだアンロックされていません
41434,最大自作レベルに達しました
41435,他人の家の物を適当に動かさないでね
41436,開発者バックパックデータのエラー
41437,開発者バックパック内に複数の同一構成IDが存在します
41438,開発者バックパックアイテムIDに対応するアイテム情報が存在していません
41439,アイテムはアンロック不要です
41440,農場構成表IDエラー
41441,農場IDはアンロックされていません
41442,農場栽培情報が見つかりません
41443,農場ステータスが違います
41444,牧場レベルアップ構成表ID
41445,動物エッグIDエラー
41446,願いの木のホストが違います
41447,ペット枠の構成情報が違います
41448,ペット情報が存在しません
41449,ペットの構成情報が存在しません
41450,ペットデータの作成に失敗しました
41451,探険マップ情報が存在しません
41452,抽選時間内ではありません
41453,バージョンが不足しています
41454,環境が条件に適合しません（open_serverエリアサーバー）
41455,マイガーデン抽選costitemsパラメーターエラー
41456,マイガーデンのレベルアップレベル構成表情報が存在しません
41457,アイテムはアンロック不要かつ無料です
41458,自作costitemsパラメーターエラー
41459,アカウントサーバーのアイテムが足りません
41460,アカウントサーバーの申請に失敗しました
41461,ペット飼育中です
41462,育成に成功しました
41463,進化に成功しました
41464,draw構成表エラー
41465,SIDが空です
41466,肥料タイプに異常があります
41467,種タイプに異常があります
41468,ドロップする肥料情報エラー
41469,生物エッグタイプに異常があります
41470,探険時間は終了していません
41471,探険番号エラー
41472,制作データの読み取りに失敗しました
41473,拡充に失敗しました
41474,構成表エラー
41475,ルートエラー
41476,（@1/@2）
41477,別の設計図
41478,マイガーデンの拡充に成功しました
41479,アカウントサーバーのコインの増加禁止
41480,バックパック
41481,マイガーデンモード編集中はこの操作を行えません
41482,確率一覧
41483,マイガーデンホストのみ操作可能
41484,進化材料が不足しているため進化できません
41485,@1が不足しているため農園を拡充できません
41486,@1が不足しているため購入できません
41487,購入に成功し、アイテムがバックパックに追加されました
41488,探険可能なペットがいません。ペット小屋に進んで確認してください
41489,売却成功！
41490,ペット@1を獲得しました。ペット小屋に進んでチェックしてください
41491,#cFFA500 @1 x @2 #nを消費して#c0AAA1A @3 #nを購入します。よろしいですか？
41492,マイガーデンイベント
41493,システム
41494,獲得可能：
41495,植える木と木の間の間隔が近すぎます。2マス以上離して植えてください
41496,表示に成功しました
41497,表示のキャンセルに成功しました
41498,あなたは商人が必要とするアイテムを持っていません。早く収穫しましょう！
41499,マイガーデンレベルが不足しているため購入できません
41500,交流が頻繁すぎます。リラックスしてください。ゆっくりやりましょう
41501,編集バックパックにアクセスして購入済みのアイテムをチェックしてください
41502,@1のマイガーデンにようこそ
41503,マイガーデン編集モード
41504,マイガーデン編集モードで使用してください
41505,マイガーデンプレイモードで使用してください
41506,価格：
41507,@1×1の回収に成功し、開発者バックパックに追加されました
41508,我が家へようこそ
41509,農場の商人を探して#cef2d2d@1 #n ブロックの土地を広げます
41510,小動物は十分に餌を与えられています。@1秒後にもう一度やり直してください
41511,施肥が成功し、作物の成長が加速します
41512,このサービスは他人の家では利用できません
41513,摂食の成功、生き物の成長が加速されます
41514,肥料を使って作物に肥料を与えてください
41515,動物に飼料を与えてください
41516,この場所は拡張されました
41517,この場所は復元されました
41518,拡張された土地が上限に達しました。さらに土地を拡張するには、ファームトレーダーにアクセスしてください。
41519,すでにいっぱいです！
41520,要らない
41521,加速中
41522,拡張が成功した場合でも、#cef2d2d@1#nブロックの農地を拡張できます
41523,成功を取り戻してください。今でも農地の#cef2d2d@1#nブロックを拡張できます。
41524,生き物は農場の所有者によって奪われました
41525,シェフの料理に必要な食べ物がありません。ストーブに行って料理してください。
41550,平原
41551,砂漠
41552,森林
41553,盆地
41554,雨林
41555,ペット探険中は、この操作を行うことができません
41556,@Null@
41557,現在のペット経験値が不足しているため進化できません
41558,牧場にのみ生物エッグを配置することができます
41559,それはこれを食べません。これ@1をあげてください
41560,売却したいアイテムを選択してください
41561,@1カケラを消費してペットを@2合成できます。よろしいですか？
41562,ペットがいません。ペット商人のところに進んで獲得してください
41563,バックミュージックを選択してください
41564,消費材料：
41565,拡張可能な農地の合計：
41566,マイガーデンレベル：
41567,Lv.@1マイガーデンはアンロック可能です
41568,Lv.@1マイガーデンはレベルアップ可能です
41569,レベル：@1
41570,メンテナンス中。乞うご期待
41571,牧場レベル：
41572,牧場のレベルアップに成功しました。マイガーデンに再アクセスしチェックしてください
41573,買取数：@1
41574,バックパック内@1所持数@2個
41575,所持数が上限に達しています
41576,獲得経路
41577,さらに#cfa7a0f@1#n個購入すると必ず@2が出ます
41578,次回購入で必ず@1が出ます
41579,@2を@1個購入しました。マイガーデンバックパックに進んでチェックしてください
41580,マイガーデンのネットワーク接続が不安定なため接続が途切れました。マイガーデンに再アクセスしてください。
41581,メインインターフェースに戻ります
41582,@1が不足しているため牧場をレベルアップできません
41583,すでにこの料理を学びました！
41584,この料理の作り方を知りませんでした。最新バージョンに更新してください。
41585,@1の製造方法を学びましょう！
41586,最初にゲームを更新してから、土地を拡大してみてください。
41587,購入するにはレベル@1をホームにする必要があります
41588,これはここでは空です
41589,この土地はすでに非常に肥沃で、これ以上肥料を使うことはできません。
41590,空の農地で使用する必要があります
41591,収穫を待っている#cFFD700作物#nがあります！
41592,あなたはすでに#cffd700成熟した生き物#nがあなたが得るのを待っています！
41593,私たちはあなたに#cffd700 @1新しい土地#nを与えました、拡大するために農地に行ってください！
41594,#cffd700の作物があり、クリーチャー#nが収穫を待っています！
41595,あなたは遅すぎます、この家具のセットは他の人につかまれました！
41600,初期マイガーデン
41601,初級マイガーデン
41602,中級マイガーデン
41603,上級マイガーデン
41604,マイガーデンレベルがLv.@1になれば拡充可能です
41605,拡充すると@1個区域が増加します
41606,拡充に成功しました
41607,このエリアの拡充に成功しました！マイガーデン編集モードにアクセスすると、自由に作成可能です（有効化するにはマイガーデンに再アクセスする必要があります）
41608,マイガーデンに再アクセスする
41609,マイガーデンの拡充後に作成が可能になります
41610,非作成エリアは編集できません
41611,配置可能範囲を超えています
41614,名前には数字、文字、または漢字を入力できます
41615,ニックネームの申請に成功しました。審査に通ると有効となります
41616,申請されたニックネームは長すぎます。短くしてから再申請してください
41617,（ニックネーム審査不合格）
41618,申請されたニックネームに敏感なワードが検知されたため審査に不合格となりました。修正して再申請してください
41619,本日の改名回数が上限に達しています。明日またお試しください
41620,経験値
41621,（返却）
41622,@1の最終チャレンジに成功し、すべてのマップ探険を完了しました！報酬を獲得しました
41623,探険中のペットを事前に呼び戻しました。すぐにマイガーデンに戻ります
41624,"@1番目の探険チャレンジに失敗し、途中で探険を終了しました。
 育成または進化によってペットの能力を強化すれば、成功率がアップしますよ。"
41625,携帯した食べ物を食べつくしました。お腹がグーグーなって、探険を続ける力がなくなりました。すぐにマイガーデンに戻ります
41626,@1番目の探険チャレンジに成功し、報酬を獲得しました
41627,好きな食べ物：
41628,アイテム能力とマップの必要条件は特性がマッチしていません
41629,現在のマップの特性は必要条件を満たしています。アイテムを携帯しなくても探険を始められます。このアイテムを携帯しますか？
41630,アイテム能力：@1
41631,マップ必要条件：@1
41632,最終チャレンジ
41633,今回の探険のゴール地点です。チャレンジクリア後に様々な報酬を獲得します
41634,"一部のマップはぺットの特殊能力がなければチャレンジできません。
 対応する能力を持つペットがいなければ、探険アイテムを携帯しても良いですよ"
41635,"ペット@1を放牧しますか？
 放牧したペットはあなたのバックパックから消失します。"
41636,運搬属性が高いペットは、探険時により多くの物を携帯することができます
41637,速度属性が高いペットは、探険時に消費する時間が短くなります
41638,スタミナ属性が高いペットは、探険時に消費する食べ物が少なくなります
41639,バックパック内に育成アイテムがありません。早くペットを探険に出して獲得しましょう
41640,残念！チャレンジに失敗しました
41641,ペットの育成及び能力値のアップにより、チャレンジ成功確率をアップさせることができますよ
41642,"ペットがいない、またはペットが現在探険/疲労ステータスです。
 ペット商人のところに進んで新しいペットを獲得してください"
41643,探険ペット
41644,@1開放する
41645,旅をチェックする
41646,バックパック内に探険アイテムがありません。早く製作台で製作しましょう
41647,バックパック内にペットが好きな食べ物がありません。台所で調理しましょう
41648,@1クリア後に有効になります
41649,確率によって以下の報酬が出現します：
41650,能力値：
41651,探険中
41652,終了済み
41653,同行中
41654,探険から戻ってきました
41655,召喚する
41656,召喚をキャンセルする
41657,別の人の家に連れていく1匹を選択可能です
41658,マイガーデンレベルLv.@1で有効になります
41659,#L旅をチェックする
41660,ペットがプレゼントを持って戻ってきていないか見に行きましょう
41661,毎回の育成は現在のペット属性に対してランダムに行われます
41662,旅の距離：@1
41663,高級報酬
41664,このエリアは未探索です
41665,探険ペットを選択する
41666,探険食料を追加する
41667,探険食料
41668,準備した食べ物によってペットがどれだけ遠くまで行けるかが決まります
41669,マイガーデンレベルLv.@1で有効になります
41670,探険中
41671,呼び戻す
41672,残り時間
41673,すぐに今回の探険を終了させます。探険アイテムと消費済み食べ物は返却されません。呼び戻しますか？
41674,収穫
41675,現在の食べ物でペットは@1%の道のりを歩くことができます
41676,最初に探険に参加するペットを1匹選択してください
41677,最高段階に達しています
41678,すでに戻ってきました
41679,運搬
41680,スタミナ
41681,能力必要条件：
41682,最初にペットを1匹選択してください
41683,出発前少なくとも1個の食べ物を携帯しなければなりません
41684,探険能力/アイテムが必要条件に達していないため始められません
41685,次の段階：@1
41686,重量：@1/個
41687,ペット運搬：@1/@2
41688,食べ物が重すぎます。ペットが携帯できません
41689,マイガーデンレベルが不足しているため探険を始められません
41690,探険を始められません。先に別のマップの探険を完了させなければなりません
41691,最初に育成材料を1個選択してください
41692,同行中のペットは放牧できません。召喚をキャンセルしてください
41693,ペットの返礼
41694,ペット@1の召喚に成功しました。同行中のペットはペット探険に参加できません
41695,@1探険エネルギーを提供可能です。重量@2Pt
41696,@1のペット
41697,探険チャレンジ
41698,@1能力値に達すると、成功確率がより高くなります
41699,探険チャレンジ成功！報酬を獲得します
41700,エネルギー：@1/個
41701,"儲けが少ないんだから値切るのは勘弁して。
 大丈夫、適正な買い値だから！"
41702,私の買い値は普通の商人よりも高いですよ～私に売ってくれれば、絶対に後悔しませんから！
41703,商品は私に任せて！絶好の販売ルートを知ってるから、絶対にいい値段で売れるよ
41704,ダーウィンほど金持ちじゃないけど、私の買い値も安くはないはず。どう？取引する？
41705,私の買い値より高いのは二度と見つからないよ！全部私に売っちゃいなよ！このチャンスを逃さないで～
41730,@Null@
41750,耐熱
41751,良好な散熱能力。脱水症状になりにくい、炎暑の地形を通行することができる
41752,耐寒
41753,生まれつき寒さに強い。寒冷な地形を通行することができる
41754,飛行
41755,しなやかな体を持ち、生まれつき飛行能力を有する。山や谷を飛び越えることができる
41756,掘削
41757,とても力が強い。硬い岩石に穴をあけることができる
41758,潜水
41759,水中を自由自在に泳ぎ回る。潜水が必要な水域を通行することができる
41760,運搬1
41761,運搬2
41762,体が丈夫。生まれつき運搬属性を有し、探険時にはたくさんのものを携帯することができる
41763,速度1
41764,速度2
41765,非常にすばしこい。生まれつき速度属性を有し、探険時の移動時間が短くなる
41766,スタミナ1
41767,スタミナ2
41768,体が丈夫。生まれつきスタミナ属性を有し、探険時に消費する食べ物が少なくなる
41769,ペットの経験
41770,学習能力が高い。探険時に経験値を獲得しやすくなる
41771,能力値1
41772,能力値2
41773,総合的な才能に優れている。生まれつき能力値を有する
41774,冒険精神
41775,生まれながらの探険家。探険時にたとえ能力が足りなくても、挑戦に成功する可能性がある
41800,@Null@
41801,丘
41802,海岸
41803,鉱山洞窟
41804,空島
41805,今日、散歩にペットを連れてきますか？
41806,あなたのペットは冒険中です
41807,あなたのペットは冒険を完了しました。おい！それがもたらしたものを見てください。
41808,得られた冒険資料：
41809,冒険の予想時間\n @1：@2：@3
41810,食物エネルギー：@1
41811,さらに食べ物を追加すると、現在の冒険は最初のノードに到達するのに十分ではありません。
41812,％...＆* @（Tsk、ほぼ成功しました！能力値が少し高い場合のみ。）
41813,￥％~~~ @#@￥*％*#￥...（冒険を続けるにはエネルギーが不足しているのでお腹が空いています。）
41814,@1種類の食品を選択してください
41815,フードバックパック
41816,数量を選択してください
41817,選択しました：@1
41818,惣菜はあなたがどこまで冒険できるかを決定します。
41819,現在の食料供給により、ペットは旅の@1％に行くことができ、ノード@2を最小限にクリアできます。
41820,＆*！ * ...％！ （そうそう！クリアされた！）
41821,控除する金額を選択してください
41850,@Null@
41851,ペットを所持していません。マイガーデンに行ってペットを獲得しましょう
41852,マイガーデンへ
41853,ショップに進む
41854,召喚済み
41855,探険中
41856,現在のマップから退出し、自身のマイガーデンに進む
41857,召喚のキャンセルに成功しました。ペットはマイガーデンのペット小屋に戻りました
41858,召喚をキャンセルするをクリックする
41859,マウントを持っていません。ショップに行って新しいマウントを獲得しましょう
41860,"現在のマップから退出し、自身のマイガーデンに進む
 （注意：ホストがルームから離れると、ルーム内のすべてのプレイヤーは強制退出させられます）"
41861,学び
41862,材料
41863,ツール
41900,牧場店
41901,ホームキッチン
41902,マテリアルショップ
41903,ホーム職人
41904,ホームシェフ
41905,家具を解体する
41906,解体！
41907,お得な家具
41908,分解すれば得られる
41909,数
42000,@Null@
42001,#cfa7a0f@1#nあなたをマイガーデンに招待しました
42002,@1のマイガーデン
42003,@1の@2
42004,誰でも使用可能
42005,フレンドの使用可能
42006,自身のみ使用可能
42007,パスワード入力で使用可能
42008,クローゼットパスワード
42009,4桁のパスワードを入力して有効化します
42010,マイガーデンホストはクローゼットの共有権限を設定しました。マイガーデンホストに連絡して権限を有効化してもらってから使用してください
42011,マイガーデン内にペットがいません。マイガーデンホストに連絡してショップに進み獲得しましょう
42012,シェアクローゼット
42013,一部のカスタマイズドレスアップを所持していません。マイガーデンを退出後にドレスアップは元に戻ります。ドレスアップを購入して保存しますか？
42014,交流権限
42015,装着成功。現在のドレスアップを保存しますか？
42016,現在装着しているドレスアップが保存されていないため、マイガーデンを退出後に元に戻ります。カスタマイズドレスアップを保存しますか？
42300,@Null@
42301,タスク配置がありません
42302,タスクを受け入れることができません
42303,タスクは受け入れられません
42304,タスクが完了していません
42305,タスクの報酬を受け取っていません
42306,タスクが完了しました
42307,タスクは報酬を受け取りました
42308,タスクの一般的なエラーコード
42309,ガイド
42310,ガイド中
43000,種を売って、農業をお教えします！
43001,こんにちは、あなたは農場について何を知る必要がありますか？ \nちなみに、種を蒔く前に、鍬を使って土地を耕すことを忘れないでください。
43002,店
43003,肥料を処理したい
43004,農地の上限を上げたい。
43005,私はあなたが選ぶために、最も手頃な種子を販売しています。
43006,私はあなたが持っているどんな余分な作物でも受け入れることができます、安心してください、そして価格は絶対に公正です。
43007,より速い作物を育てたいので、肥料は不可欠です。肥料を使用すると、成長速度が速くなります。
43008,あなたのホームレベルが#cfa7a0f @1 #nに達する限り、私はあなたにもっと農地を拡大する方法を教えることができます。もちろん、有料です。
43009,動物を飼育しますか？ \n拡張は問題ありません！
43010,バディ！何かリクエストはありますか？
43011,店
43012,フィードの処理を手伝ってもらえますか？
43013,牧場を拡張したい
43014,クリーチャーエッグを購入しますか？何でも選んでください。
43015,心配しないでください、私の料金は市場価格であり、あなたを利用しません、安心してください。
43016,良い飼料は動物の成長を助けます。飼料を処理するために私に来てください。直接飼料よりも優れていることが保証されています。
43017,あなたのホームレベルが#cfa7a0f @1 #nに達する限り、牧場を拡張するために私を見つけることができます！料金については、建設チームへの給餌は簡単ではないことをご理解いただければ幸いです。
43018,ストーブを使って調理してください?\n余分な作物は私に売ることができます。
43019,ねえ?私の謙虚な店を訪問してくれてとてもうれしいです。何か必要なものはありますか？ \n料理をしたい場合は、隣のストーブを使ってください?
43020,店
43021,今日、新しいレシピはありますか？
43022,おいしい料理を作るためには、食材が欠かせません！ここでたくさんの材料を注文しました。購入を歓迎します?
43023,今日#cfa7a0f @1 #nは10個限定で高額で購入されていますが、10個を超えるとこの価格になりませんのでご注意ください?
43024,本日は特別購入の機会を利用しておりますので、明日もご覧ください?
43025,「今日のおすすめレシピは#cfa7a0f @1 #n、 余分なレシピは残しておくことができますが、他にも用途があるかもしれません?」
43026,作業台を持って行って使ってください。\nこちらも材料を提供しますよ、ほほほ。
43027,どのような助けが必要ですか？ \n家具や素材を作りたい場合は、隣のワークベンチを試してみてください。
43028,材料を購入する
43029,自家製の家具を解体する
43030,特別プロモーション家具が見たい
43031,小さなものは大きくなって大きな問題につながる可能性がありますので、放置しないでください。こちらの素材は私が厳選したものですので、お気軽にご覧ください。
43032,私の職人技で、余分な自家製家具を原材料に分解するのを手伝うことができますが、いくつかの材料は間違いなく損傷するので、準備してください。
43033,バックパックに自家製の家具が入っていないようです。ワークベンチに行って作ってください。
43034,私のネットワークでは、毎日いくつかの特別な手頃な価格の家具を見つけることができます。毎日買い物に来てください。
43035,料理
43036,あなたは農業の仕方を完全に学びました、私はあなたに教えることは他に何もありません。
43037,牧場が限界まで拡大したブラザー、拡大を続けることはできません！
43038,この家具は解体後に材料が残っているので、野蛮にするために私にできることは何もありません。
43039,解体して#cfa7a0f @1#nを取得します
43040,新しい家具がここにあります！
43041,#cfa7a0f @1#nを購入しました
43042,この家具のバッチは販売されました、明日見てください。
43043,より速い作物を育てたいので、肥料は不可欠です。私のところに来て、肥料を買い戻して使用し、作物が再び急速に成長することを保証してください。
43044,良い飼料は生き物の成長に最適です。牧場の動物が急速に成長することを確実にするために、ここに来ていくつかを購入してください。
43300,牧場が限界まで拡大したブラザー、拡大を続けることはできません！
43301,この家具は解体後に材料が残っているので、野蛮にするために私にできることは何もありません。
43302,解体して#cfa7a0f @1#nを取得します
43303,新しい家具がここにあります！
43304,#cfa7a0f @1#nを購入しました
43305,この家具のバッチは販売されました、明日見てください。
43306,より速い作物を育てたいので、肥料は不可欠です。私のところに来て、肥料を買い戻して使用し、作物が再び急速に成長することを保証してください。
43307,あなたのペット名称による規約違反が複数報告されたため、@1までペット名称変更機能が禁止されました
44000,良い飼料は生き物の成長に最適です。牧場の動物が急速に成長することを確実にするために、ここに来ていくつかを購入してください。
44001,毎日のレシピ
44002,購入成功！
44003,所有：@1
44004,必要な材料
44005,完売
44006,これ以上レシピはありません、明日見に来てください? 学んだ
44007,勉強しました
45000,ホームを編集
45001,編集モードを終了します
45002,家の編集..。
45003,空の
45004,プランを保存
45005,プランを置き換える
45006,クラッシュラグ
45007,建設計画@1
45008,建設計画を保存する
45009,保存する
45010,工事計画数がいっぱいですので、クリア後に再度保存してください
45011,建設計画を置き換える
45012,時間を節約：@1
45013,まだ建設計画を保存していません
45014,この建設計画を適用しますか？ \n（現在の家の建物はこの建物に置き換えられます）
45015,この建設計画を削除しますか？
45016,#G *建設計画を直接適用するのに十分な建築材料があります
45017,#R *現在、建築資材が不足しているため、建設計画を適用する際に不足している部品はソイルブロックに置き換えられます。
45018,建築材料が不足していて、土のブロックに置き換えられています。
45019,rooを頻繁に使用します。@1秒後に再試行してください
45020,現在の住宅建設を空にしますか？ \n（損失を防ぐために、最初に現在の建設計画を保存することをお勧めします）
45021,他人の家を台無しにしないでください。
45022,@Null@
45023,@Null@
45024,@Null@
45025,@Null@
45026,@Null@
45027,@Null@
45028,@Null@
46000,@Null@
46001,@Null@
46002,ホームXP
46003,#L#cFA7A0Fレベルアップする方法
46004,現在のレベル：
46005,レベルアップするには@1XPが必要
46006,到達しました
46007,まだ到達していません
46008,現在
46009,次のレベル
46010,償還
46011,償還
46012,新しい
46013,ペットの数量制限
46014,農地数量上限
46015,クリーチャー数の上限
46016,拡張エリアの上限
46017,購入可能なシードタイプ
46018,クリーチャータイプを購入可能
46019,アドベンチャーマップ数
46020,ホームレベルアップ！
46021,上限が引き上げられました！
46022,ロック解除機能！
46023,特典を利用する
46024,見せびらかす
46025,ホームレベルが不十分です。レベルアップ後にペットの最大数を増やしてください
46026,レベル要件：#cef2d2d @1 #n / @2
46027,次のレベルのロックを解除する
46028,生き物を繁殖させる
46029,ペットの冒険を送る
46030,ペットを訓練/進化させる
46031,農地に行く
46032,（収穫時の経験値）
46033,（完了時に経験値を得る）
46034,ランチトレーダーからクリーチャーエッグを購入し、ランスエリアに置きます。彼らに彼らの好きな飼料タイプを与えることは彼らの成長を加速することができます
46035,ペットショップでペットを取得した後、アドベンチャー隊長でペットを冒険に送ります（ペットの好きな食べ物を事前に準備します）
46036,もっと難しい冒険に挑戦してみませんか？別のペットの外観を取得したいですか？あなたのペットを訓練するためにペットの巣に行きます。
46037,鍬を使って農地を耕した後、Farm Traderから種を購入し、農場に種を植えます。肥料を使って加速する
46038,レベルアップする方法
46039,ペットの巣は最大レベルにアップグレードされ、ペットを受け入れることができなくなりました。
46040,レベル報酬
46041,最大レベルにアップグレードされました！
46042,レベルアップ報酬を受け取って、おめでとうございます
46043,私は@1です！ホームレベルがレベル@2に増加しました
46100,先駆者
46101,経験豊富なパイオニア
46102,パイオニアエキスパート
46103,研修生庭師
46104,経験豊富な庭師
46105,オールラウンドな庭師
46106,ホーム職人
46107,高度な職人
46108,万能職人
46109,ガーデニングマスター
46110,ガーデニングの専門家
46111,ガーデニングの第一人者
46112,新しい持ち家
46113,にぎやかな住宅所有者
46114,リッチホームオーナー
46115,マナー
46116,グレートマナー
46117,レジェンダリーマナー
46118,アースメッセンジャー
46200,@Null@
50000,@Null@
50001,翻訳の種類を選択してください
50002,手紙、黒板
50003,プラグイン
50004,マップ名、説明
50005,マップ起動紹介
50006,チーム名
50007,トリガーテキスト
50008,翻訳に成功しました
50009,翻訳に失敗しました
50100,@Null@
50101,注目マップおすすめ
50102,今日の隠し
50103,マップ
50104,検索キーワードはありません
50105,検索履歴はありません
50106,グループはありません。作ってみましょう
50107,お知りになりたい質問をお選びください。
50108,より良いゲームコンテンツとサービスを提供するために、お客様の電波とネットワークの状態を取得する必要があるため、携帯電話の状態へのアクセスが必要です。
50109,ミニワールドに携帯電話の状態へのアクセスを許可しますか？
50110,携帯電話の状態へのアクセス許可が拒否されましたので、より正確なコンテンツの推薦やサービスを提供することができません。考え直しますか？
50111,より正確なコンテンツの推薦やサービスを取得するために、「設定」の権限設定を変更してください。
50112,より良いゲームコンテンツやサービスを提供するために、位置情報を取得する必要があるため、位置情報へのアクセスが必要です。
50113,ミニワールドに位置情報へのアクセスを許可しますか？
50114,位置情報へのアクセス許可が拒否されましたので、より正確なコンテンツの推薦やサービスを提供することができません。考え直しますか？
50115,より正確なコンテンツの推薦やサービスを取得するために、「設定」の位置情報権限を変更してください。
50116,QRコードをスキャンしてフレンドを追加するために、カメラへのアクセスが必要です。
50117,ミニワールドにカメラへのアクセスを許可しますか？
50118,カメラへのアクセス許可が拒否されましたので、QRコードをスキャンしてフレンドを追加することができません。考え直しますか？
50119,QRコードをスキャンしてフレンドを追加する機能を使用するために、「設定」のカメラ権限を変更してください。
50120,カスタムカバーの機能をオンにするために、写真へのアクセスが必要です。
50121,ミニワールドに写真へのアクセスを許可しますか？
50122,写真へのアクセス許可が拒否されましたので、カスタムカバーの機能が使用できません。考え直しますか？
50123,カスタムカバーの機能を使用するために、「設定」の写真権限を変更してください。
50124,ボイスチャットの機能をオンにするために、マイクへのアクセスが必要です。
50125,ミニワールドにマイクへのアクセスを許可しますか？
50126,マイクへのアクセス許可が拒否されましたので、ボイスチャットの機能が使用できません。考え直しますか？
50127,ボイスチャットの機能を利用するには、「設定」のマイク権限を変更してください。
50128,申し訳ございません。この地域では一時的にサービスをご利用いただけません。
50129,@Null@
50130,@Null@
50131,@Null@
50132,@Null@
50133,@Null@
50134,全て使用
50135,ゲームを続ける
50136,再度許可を求める
50137,続ける
50138,もう一度求める
50139,許可申請
50140,許可を拒否
50141,七日
50142,初心者
50143,任務カウントダウン：
50144,イベントは終了しました?
50145,nつの任務(n/n) をクリアして、3つの無料のアバターを受け取ります（3つから1つを選択）
50146,任務道具：
50147,カスタムモデルのタイプエラー
50148,毎日任務が更新され、早くクリアしてください
50149,カウントダウン#c1b9e1e%s日%s時間%s分#n
50150,スキン任務エラー
50151,#cda5b0a%sつの#n任務をクリアした(%s/%s)
50152,残り％s日
50153,残り％s時間
50154,セット無料
50155,進行状況
50156,異常
50157,優先アンサンブル
50158,選択したアバターが不正で、キャラクター作成できませんので、公式クライアントを使ってゲームをしてください。
50159,このニックネームはすでに占有されていますので、もう一度試してください。
50160,ニックネームが長すぎるため、短縮してもう一度試しください。
50161,ニックネームが規範に合わないので、もう一度入力してください。
50162,ニックネームを入力してください。
50163,まだまだ報酬はありますよ?
50164,累計任務達成おめでとうございます！今すぐアバターを受け取ってください。
50165,スキン報酬
50166,ネット接続エラーです。マップに入らないので、マルチプレイにもう一度試してください。
50167,更新中
50168,報酬の受取エラー
50169,頻繁な操作なので、後でもう一度お試しください?
50170,任務報酬受け取るパラメータ要求エラー
50171,リターンデータエラー
50172,任務達成
50173,報酬を獲得
50174,アバターの空きが不足、アバターの自動保存失敗
50175,獲得
50176,ダウンロードは一時停止......
50177,ダウンロード中、しばらくお待ちください......
50178,マップダウンロード完了
50179,プレイヤータスクのコンフィギュレーションリターンデータが空である
50180,新人任務期間すぎ
50181,エラー 任務順序エラー
50182,復帰任務
50183,新人任務
50184,新人任務達成、おめでとうございます
50185,(学習用テンプレートマップ)
50186,(バイアウトテンプレートマップ)
50187,ネットワークの読み込みがタイムアウトしました。後でもう一度試してください。
50188,これはあなたが創造したばかりの世界です
50189,ここは創造したばかりの世界を見つけることができます
50190,ここはあなたの世界を創造することができます
50191,今のところ友達なし
50192,友達を訪問したことがない
50193,今のところニュースがない
50194,今のところお気に入りはなし
50195,今のところグループなし
50196,@Null@
50197,@Null@
50198,@Null@
50199,@Null@
50200,@Null@
50201,ネットワーク遅延
50202,こんにちは ＠1
50203,面白いマップを用意してあげました。早く試してみましょう！(現在のマップは自動的に保存されます)。
50204,ここは早く面白いマップに行けますよ。
50205,@1さんから@2で遊ぼうと誘われました!
50206,@1さんが面白いマップをシェアしてくれました！ミニワールドで見てみてください。
50207,@1さんからゲームに誘われました。
50208,友達がミニワールドで@2をプレイしています。クリックして参加します。
50209,みんながプレイしています。一緒に遊びましょう！
50210,ヘルプ
50211,タンドアロンモードは、スタンドアローンマップゲームにのみサポートしています。すべての機能を使用するには、ネットワークに接続し、ゲームを再起動してください。
50212,"スタンドアロンモードを終了するとゲームが再起動しますので、ネットワークが再接続されていることを確認してください。
本当にスタンドアローンモードを終了しますか？ (IOSデバイスは手動でプロセスを閉じる必要があります)"
50213,アルバムアクセス権限がなくて保存できません。パスワードをコピーして安全な位置に貼り付けることができます。
50214,活動期間：x月x日ーx月x日
50215,制限時間：xx分：xx秒
50216,広告を見る
50217,今すぐ請求
50218,受け取った後、累計されたボーナスは再計算されるので、明日はボーナスショップに来て受け取ってください?
50219,申し訳ありませんが、マップにアクセス失敗しました。ネットワークを確認して、もう一度お試しください
50220,申し訳ありませんが、マップがいっぱいです。後でもう一度お試しください
50221,申し訳ありませんが、ホストによってブラックリストに登録されており、このルームに参加することができません
50222,申し訳ありませんが、ホストによってルームからキックアウトされました、このルームに参加することができません
50223,シェアカードをアクティベート
50224,ゴールドパスをアクティブにしてシーズン限定の報酬を受け取ります。アクティブしますか？
50225,シェアカード+アップグレードバックをアクティブ
50226,限定の報酬とより多くの経験値を得るためにゴールドパス+レベルアップパックをアクティブにしますか？今すぐアクティブにしてもよろしいですか？
50227,アップグレードパックを購入
50228,アップグレードパックを購入すると、すぐに40レベルまでアップし、たくさんの報酬を受け取ることができます。 アクティベートしますか？
50229,ゲストアカウント
50230,紐づけされたメールアドレス
50231,第三者のアカウントは、紐づけされたメールアドレスとパスワードでログインできます。
50232,パスワードを設定する前に、メールアドレスに紐づけしてください。
50233,クリア
50234,ダウンロードしたマップデータを削除することで、携帯電話の容量を%s M 節約することができます。
50235,(これらのマップは、マップリストから引き続きプレイすることができます。）
50236,マップデータとゲームの進行状況を削除しますか？
50237,ログイン失敗、インターフェース呼び出し失敗
50238,ログイン失敗。ネットワークを確認してからもう一度試してください。
50239,ログイン成功
50240,申し訳ありません、ログインに失敗しました
50241,申し訳ありません、ログイン情報の有効期限が切れています
50242,申し訳ありません、アカウント認証に失敗しました
50243,申し訳ありません、登録に失敗しました
50244,初期化失敗
50245,ログインタイムアウト、もう一度ログインしてください
50246,認証コードの送信失敗
50247,パスワードの設定失敗
50248,第三者アカウントの登録失敗
50249,第三者アカウントのログイン失敗
50250,任務
50251,引換
50252,履歴
50253,未完成
50254,行く
50255,眠っている...
50280,面白いマップを用意中です。後でもう一度来てね
50281,マップは創造人から削除しました。もう一度選択してください。
50282,ログインに失敗し、サーバーに接続できません。スタンドアロンモードに移行しますか？ (スタンドアロンモードでは、スタンドアロンマップの一部機能のみ体験可能です）
50283,ドレスアップ発行失敗しました。キャラクター作成時に選択したアバターが、次回のログイン時に発行されます。
50284,ベトナム
50285,ブラジル
50286,メキシコ
50287,タイ
50288,アルゼンチン
50289,コロンビア
50290,インドネシア
50291,ペルー
50292,チリ
50293,台湾地域
50294,マレーシア
50295,トルコ
50296,中国
50297,イタリア
50298,香港（中国）
50299,スペイン
50300,フィリピン共和国
50301,エクアドル
50302,日本
50303,ボリビア
50304,ドイツ
50305,ドミニカ
50306,コスタリカ
50307,ポルトガル
50308,ベネズエラ
50309,フランス
50310,韓国
50311,オーストラリア
50312,マカオ（中国）
50313,アゼルバイジャン
50314,パラグアイ
50315,パナマ
50316,ポーランド
50317,ホンジュラス
50318,カンボジア
50319,ラオス
50320,ルーマニア
50321,ミャンマー
50322,ニカラグア
50323,エルサルバドル
50324,グアテマラ
50325,ウクライナ
50326,ウルグアイ
50327,イギリス
50328,シンガポール
50329,イラク
50330,インド
50331,ネットワーク診断完了
50332,これからネットワークの状態を診断しますが、数分で終わりますので、診断しますか。
50333,ネットワーク診断中です、しばらくお待ちください。
50334,"ネットワークの状態：ネットワークがありません。
インターネットに接続して、ゲームを再起動してみてください。"
50335,"ネットワークの状態：悪い。
ネットワーク回線を切り替えて、ゲームを再起動してみてください。
 
問題が解決されない場合は、さらにお客様の問題を解決するために、カスタマーサービスにご連絡ください。"
50336,"ネットワークの状態：正常。
ゲームを再起動し、再度ログインしてみてください。
 
問題が解決されない場合は、さらにお客様の問題を解決するために、カスタマーサービスにご連絡ください。"
50337,"ネットワークの状態：良好。
ゲームを再起動し、再度ログインしてみてください。
 
問題が解決されない場合は、さらにお客様の問題を解決するために、カスタマーサービスにご連絡ください。"
50338,"ログインに失敗しました! ネットワークに問題がある可能性があります。
これからネットワークの状態を診断しますが、数分で終わりますので、診断しますか。"
50339,"ネットワーク状態の診断が始まりますが、しばらく時間がかかります。
診断中もゲームを遊んだり、他の操作をしたりすることができます。
診断しますか。"
50340,"ネットワーク状態の診断が始まりますが、しばらく時間がかかります。
診断中もゲームを遊んだり、他の操作をしたりすることができます。
診断しますか。"
50341,"ネットワークの状態：悪い。 一人の冒険モードや創造モードのプレイに適しています。
または、ネットワーク回線を切り替えて、ゲームを再起動してみてください。
 
問題が解決されない場合は、さらにお客様の問題を解決するために、カスタマーサービスにご連絡ください。"
50342,"ネットワークの状態：正常 
すべての内容を普通に遊べます。
 
問題があれば、さらにお客様の問題を解決するために、カスタマーサービスにご連絡ください。"
50343,"ネットワークの状態：良好。
すべての内容を問題なく遊べます。
 
問題があれば、さらにお客様の問題を解決するために、カスタマーサービスにご連絡ください。"
50344,登録
50345,試着のアバターは着用されており、任務を完成すると、永久のアバターを受け取ることができます。
50346,受け取り済み
50347,受け取る
50348,現在進捗状況
50349,行く
50350,ミニワールドへようこそ！あなたのためのギフト！
50351,任務を完成して永久のアバターをゲット
50352,3つから1つ選択
50353,新人任務
50354,ご期待ください
50355,シェアカード
50356,シェアカード+アップグレードパック
50357,アップグレードパックを購入
50358,レベルを購入
50359,1、任務は毎週任務とシーズンチャレンジ任務に分けられ、任務を完了するとシェアカードのレベルをアップグレードするための経験値が得られ、それに応じた報酬を受け取ることができます。 #r2、シェアカードを購入すると、より多くの報酬を受けることができます。 #r3、シーズン終了後、シェアカードのレベルがクリアされます。シーズン中にシェアカードの報酬を集めてください。有効期限が切れると請求できなくなります。 #r4、シェアポイントは、交換ショップで商品と交換することができます。 シーズン終了後もポイントはクリアされず、次のシーズンでの交換のために蓄積することができます。
50360,おすすめ
50361,このアイコンをクリックすると、いつでも任務の進捗状況を確認することができますよ
50362,スタンドアロンモードは既存のアカウントでのみサポートされています。最初にオンラインでアカウントを作成してから、スタンドアロンモードをプレイしてください。
50363,イヴリン
50364,森の蝶
50365,成功
50366,失敗
50367,タイムアウト
50368,解析失敗
50369,持っていない
50370,データベースエラー
50371,設定エラー
50372,パラメータエラー
50373,エリア/エリアサーバーエラー
50374,イベントは開いていない
50375,イベント限定回数を超えた
50376,小道具の追加失敗
50377,カードが存在しない
50378,道具が存在しない
50379,報酬受取重複
50380,ドロップグループの設定エラー
50381,コインが足りない
50382,ダイヤモンドが足りない
50383,ラマダンイベントチームは存在しない
50384,ラマダンイベント国地域エラー
50385,クリックして好きなマップを選択してください
50386,ドラッグしてマップリストを更新する
50387,キャラクターのアバターはショップのカスタマイズで入手できます?
50388,スタート/ログインをクリックすると、以下の条項を同意します
50389,プライバシーポリシーの条項
50390,はい
50391,ミニワールドCREATAのアプリが使用してているときに、広告やマーケティングをサポートするために、位置情報、アプリのアクティビティ（ページビュー、アプリ内のタップ、インストールを含む）を収集します。アプリが使用されているときに広告やマーケティングをサポートするための他のアプリのパフォーマンスデータ、デバイスも収集します。
50392,よくお読みながら、ご承諾の程よろしくお願い致します。
50393,、ゲーム設定-その他の設定をクリックして、再度確認できます。
50394,認証に失敗しました。電話番号と認証コードを確認してください。
50395,アカウントが条件を満たしていません。
50396,申し訳ございませんが、アカウントは8～16文字までです。再入力してください。
50397,パーソナライゼーション許可
50398,ダウンロードしたマップを削除している%s
50399,位置の問題を回避するために、削除プロセス中にゲームを閉じないでください。
50400,割り込み
50401,Facebookと連携されました
50402,Googleと連携されました
50403,AppleIDと連携されました
50404,Facebookの連携が解除されました
50405,Googleの連携が解除されました
50406,AppleIDの連携が解除されました
50407,連携に失敗して申し訳ありませんが、このアカウントは別のミニワールドアカウントと連携されています
50408,携帯電話と連携
50409,携帯電話と連携した後、確認コードを使用してログインできます
50410,申し訳ありませんが、この携帯電話はすでに別のミニワールドアカウントと連携されていました
50411,携帯電話の連携を解除します
50412,連携を解除するには、元の携帯電話で確認する必要があります
50413,携帯電話番号のバインドを正常に解除します
50414,アカウントの紛失を防ぐため、連携を解除する前に、パスワードを設定してください。
50415,"「連携を解除した後、ミニIDとパスワードを使用してログインできます。
ミニID@1
注意して操作してください。"
50416,続き
50500,クリスタルライオンの戦い
50501,夏のカーニバル
50502,ギフトバザー
50503,スナイパービーチ
50504,ウォーターカーニバルステージ
50505,ハッピーサマー
50506,期間：%s/%s-%s/%s
50507,カーニバルに参加
50508,ヘルプ
50509,"- ウォーターパークに入って、涼しい夏を体験しよう！
- マップをプレイして、任務をクリアし、夏の報酬に交換する！
- ウォーターパークで長く遊べば遊ぶほど、たくさんの報酬がもらえるよ。
- 友達を誘って遊びに行こう！"
50510,行く
50511,受け取る
50512,受け取り済み
50513,進行状況
50514,報酬プレビュー
50515,OK
50516,報酬プレビュー
50517,確率を表示
50518,確率表示
50519,報酬
50520,確率
50521,ギフトバザー
50522,期間：04/27-05/08
50523,所持ち済み
50524,ロード中、お待ちください
50525,期間：04/27-05/08
50526,初夏のカーニバルを一緒にはじめよう！
50527,スナイパービーチ
50528,最もクールな水のテーマ体験アクティビティ！
50529,期間：04/27-05/08
50530,"- イベントマップに入り、水鉄砲スナイパー大戦を体験する 
- プレイヤーに倒して、伝説の水鉄砲を手に入れるチャンス。水鉄砲はマップ内でランダムに更新され、ぜひ探してください！
- 伝説の水鉄砲は水爆弾を撃てて、ココナッツを倒して、豊富な報酬がもらえる"
50531,ココナッツを倒す
50532,ファイト!
50533,クリスタルライオンを倒す
50534,クリックして行く
50535,行く
50536,受け取る
50537,受け取り済み
50538,クリックして行く
50539,報酬
50540,"-マップで究極のボスクリスタルライオンに挑戦しよう！
-究極のボスクリスタルライオンに挑戦し、ダメージ値がトップ3に達して報酬をもらえる。
-フレンドと一緒に遊んでください！マップで武器を見つけ、レベルを上げ、究極のボスクリスタルライオンを倒して報酬を受け取ろう！
-この夏、一緒に戦い、一緒にクールにプレーしよう！"
50541,カーニバル
50542,サーフカード数量不足
50543,マップで伝説の水鉄砲を手に入れると、水爆弾を撃てて、ココナッツに当たる！ 報酬をゲットしよう！
50544,交換済み
50545,アクティベートに行く
50546,所持ち済み
50547,水球の数が足りないので、イベントに参加して水球をゲットしよう
50548,"-ウォーターカーニバルのマップをプレイすると、サーフカードを手に入れるチャンスがある！
-サーフカードはギフトバザールでさまざまな不思議な報酬と交換できる！大賞のマウントをもらえるよ！
-友達を招待して、楽しいウォーターカーニバルを一緒に体験してください！ ゲームをプレイしてギフトを獲得し、さわやかな夏を過ごしよう！"
50549,"- マウント報酬は1回のみ交換可能
- 交換すると、マウントかけらがバックパックに発行されるので、バックパックで確認ください。
- 交換すると、［ショップ］-［かけら］-［マウント］でマウントかけらを合成できる
- すでにマウントをお持ちの方は、再度交換できない。"
50550,千羽鶴は良い願いを意味する。千羽鶴ごとに少しの願いが込められ、それがついに美しい願いに収束する。星語心願を乗って、願い事をしてください。夢の彼方が希望の花でいっぱいになるように。
50551,今日もらえる水爆弾の数：
50552,
50561,チャージがアカウントに到着しなかった場合は、「更新」ボタンをクリックしてご確認ください。
50562,更新
50563,賞品がお客様のメールボックスに配布しました
50564,ランキング
50565,ポイント
50566,参加回数
50567,キルスコア
50568,勝利／敗北／ドロー
50569,前回ゲーム時間
50570,今すぐ行く
50571,ランキングリスト
50572,ランキング
50573,ニックネーム
50574,UID
50575,総合得点
50576,最新のゲーム時間
50577,データダウンロード中
50578,通報
50579,終了
50580,プレイヤーの不正行為を通報
50581,不正行為を行った方のUID
50582,不正行為
50583,最大3枚の画像
50584,アップロード
50585,国のロゴを表示する
50586,はい
50587,いいえ
50588,申し訳ございませんが、この商品には未完了の注文があります。以前のアカウントに切り替えて、注意事項にある「更新」ボタンをクリックして、 取引が完了したら、購入を続行してください。 また、Googleで以前の注文をキャンセルし、新しいアカウントで購入することもできます。 ご理解とご協力をお願いいたします。
50589,UIDを入力してください
50590,不正行為を入力してください
50591,確認
50592,キャンセル
50593,勝利
50594,敗北
50595,ドロー
50596,スタースコア
50597,Facebook
50598,連携解除
50599,パスワードが8桁以上必要
50600,パスワードには少なく文字と数字が含まれている
50601,セキュリティ認証
50602,アカウントの安全及びパスワードの変更やアカウントを取り戻すため、携帯やメールアドレスをできるだけ早く連携することをお勧めします
50603,携帯番号を入力
50604,1.パスワードを忘れた場合、連携情報を確認した後、パスワードをリセットすることができます
50605,2.ミニIDを忘れた際に、アカウントを取り戻すことができます
50606,メールの連携を解除したい場合、連携されたメールの検証コードを確認すると解除できます。 連携解除後、メールを再連携することができます。
50607,メールの連携を解除します
50608,1.パスワードを忘れた場合、連携情報を確認した後、パスワードをリセットすることができます
50609,2.ミニIDを忘れた際に、アカウントを取り戻すことができます
50610,メールの連携を解除したい場合、連携されたメールの検証コードを確認すると解除できます。 連携解除後、メールを再連携することができます。
50611,パスワード変更成功
50612,パスワード管理
50613,"ミニID を設定してください。|@1|の質問パスワード、
質問パスワードとゲームのパスワードはログインに使用できます。"
50614,案内
50615,"1.パスワード変更後、携帯で写真を撮るか、紙とペンでミニID、パスワードを記録してください。
2.ミニIDとパスワードで他の端末でもログイン可能（フレンド、通貨/アイテムは保持されます。アーカイブは共有された後のみ保持されます）
3.連携されたメールアドレスとパスワードでログインできる。"
50616,連携を解除すると、以前設定したパスワードでログインできます。ミニID@1が唯一のログイン認証になりますので、ご注意ください。
50617,現在のミニID
50618,携帯と連携する場合は携帯の検証コードでログインできます。
50619,連携を解除したい場合、連絡した携帯を検証する必要がある
50620,連携の解除を続く
50621,注意：携帯の連携を解除すると、携帯番号を使ってのログインやアカウントパスワードの取り戻すことができなくなります。
50622,携帯はすでにミニIDと連携しているので、次に元のミニIDの連携を解除する。続きますか。
50623,続く
50624,取り消し
50625,パスワード:
50626,クリップボードに保存
50627,現在@1つのオンラインルームがあります
50628,ベッドから離れる
50629,取り戻すアカウントと連携したメールアドレスを入力してください
50630,パスワードの再設定を申請
50631,アプリが別のアカウントと連携している
50632,携帯電話が他のアカウントと連携している
50633,メールアドレスが他のアカウントと連携している
50634,メールアドレスがUIDと一致しません
50635,取得方法を選択してください
50636,アカウントの紛失を防ぐため、パスワードを設定してから連携を解除してください
50650,あなたのバージョンがルームのバージョンより古いので、ルームに入ることができません。新しいバージョンをアップデートしますか？
50651,ミニビーン
50652,入らない
50653,私のルームへようこそ
50654,報酬受取成功
50655,報酬受取失敗
50656,参加の上限に達しています
50657,通報成功
50658,通報失敗
50659,賞品配布時間：
50660,現在はフレンドの部屋が見つかりません。後でもう一度試してください（code）
50661,ゲームが不思議に消えてしました。ゲームを変更してもう一度試してください。 （code）
50662,現在はゲームにアクセスできません。後ほどもう一度試してください。（code）
50663,クライアントのバージョンが低すぎてゲームができません。アップデートしてください。（code）
50664,ルーム接続がタイムアウトしました。後でもう一度試してください。 （code）
50665,Google Payの接続に失敗しました。お使いのネットワークとGoogle Playストアのログインが正常に行われているか確認してください。
50666,ここでは、友達によって作成された排他的な部屋に参加できます！
50667,限られた皮膚グリフィタ
50668,限られたアバターフレームドゥードル
50669,限られたドレスアップエイブリードレス
50670,限られたドレスアップシーソルトキャンディーブルーヘア
50671,123
50672,名前を再入力\n注意：スペースを入力しないでください
50673,限定スキン?ルチア
50674,限定アバターフレーム?きらきら星
50675,限定スキン?ウサギの人形
50676,限定スキン?ウサギのヘルメット
50677,限定スキン-雪美
50678,限定フレーム-聖白いドレス
50679,限定アバター-タケノコ来た
50680,限定アバター-ベルチリンチリン
50681,限定スキン・梅琥玉
50682,限定フレーム・タイムツアー
50683,限定アバター・白熱マント
50684,限定アバター・風の年
50685,アンロックできる
50686,マウントかけら引換
50687,残りの有効期限：
50688,購入確認
50689,有効期限が迫っているスキンクーポンがあります
50690,クーポンをゲット
50691,オーダーメイド
50692,リフレッシュ
50693,重い一撃
50694,二連発
50695,三連発
50696,とても鋭い
50697,誰にも止められない
50698,ゲームを支配する
50699,神様の道へ
50700,暴走している
50701,神のごとく
50702,神様を超える
50703,探検を続け、追加のアイテムの報酬を得る
50704,広告を見ると無料で復活
55000,@Null@
55001,海外リクエストのデータアドレスの取り出しエラー
55002,国内リクエストのデータアドレスの設定エラー
55003,一時的にホットワードを検索していない
55004,検索履歴なし
55005,一時的にグループがないので、早く作成しましょう
55006,あなたが知りたい質問を選択してください
55007,ゲームは、ゲームのコンテンツとサービスをより適切に提供するために、信号とネットワークの状態を知る必要があるため、携帯電話の状態許可を取得する必要があり。
55008,A
55009,あなたは私たちに携帯電話の状態権限を与えることを拒否したので、ゲームはより正確なコンテンツ推薦とサービスを提供できなくなります。考え直してみたいですか?
55010,より正確なコンテンツの推奨事項とサービスを取得するには、[設定]に移動し、[収集ステータス]のアクセス許可設定を変更し。
55011,ゲームは、ゲームのコンテンツとサービスをより適切に提供するために、現在地を知る必要があるため、位置情報を取得する権限が必要です。
55012,ミニワールドがあなたの位置情報を取得できるようにしますか?
55013,あなたは私たちに位置情報の権限を与えることを拒否したので、ゲームはより正確なコンテンツ推薦とサービスを提供できなくなります。考え直してみたいですか?
55014,より正確なコンテンツ推薦とサービスを得るには、設定にアクセスして位置情報設定。を変更します
55015,ゲームでは、カメラを使用してコードをスキャンして友達を追加する機能をオンにする必要があるため、カメラの許可を取得する必要があり。
55016,ミニワールドがあなたのカメラを使用することを許可しますか?
55017,あなたは私たちにカメラの権限を与えることを拒否したので、コードをスキャンして友達を追加する機能は利用できなくなります。再考したいですか?
55018,スキャンコードを使用して友達機能を追加するには、設定に移動してカメラ権限設定を変更し。
55019,ゲームではアルバムを使用してカスタムカバー機能を開く必要があるため、アルバム権限を取得する必要があり。
55020,ミニワールドがあなたのアルバムにアクセスできるようにしますか?
55021,あなたは私たちにアルバムの権限を与えることを拒否したので、カスタムカバーをアップロードする機能は利用できなくなります。再考したいですか?
55022,カスタムカバーをアップロードする機能を使用するには、[設定]に移動し、アルバムのアクセス許可設定を変更し。
55023,ゲームではマイクフォンを使用してボイスチャット機能を開く必要があるため、マイク権限を取得する必要があり。
55024,ミニワールドはマイクを使用できますか?
55025,マイクへのアクセスを拒否したため、ボイスチャット機能は利用できなくなります。再考していただけませんか?
55026,ボイスチャット機能を使用するには、[設定]に進み、マイクの権限設定を変更し。
55027,申し訳ありませんが、お住まいの地域では一時的にサービスを提供できません。
55028,キャッシュのクリア
55029,クリア
55030,"ストレージ容量の計算には時間がかかる場合がありますので、
しばらくお待ちください"
55031,ミニワールドのデータフットプリント
55032,データをキャッシュする
55033,キャッシュはミニワールドのプレイ中に生成される一時的なデータです。キャッシュをクリアしてもミニワールドの使用に影響しません。
55034,スキンとアバターのデータ
55035,スキンと服データはショップから。掃除後、一時的に見えない。
55036,マップデータ
55037,マップデータは主に、ダウンロードしたマップまたは作成してプレイしたマップから取得されます。クリーンアップが必要な場合、ゲーム開始インターフェースで削除してください。
55038,キャッシュさデータをクリアするのに時間がかかる場合があります。クリアプロセス中はしばらくお待ちください。
55039,肌と装飾データの清掃中、お待ちください。
55040,データのクリーニング中は、データの損傷を防ぐため、クリーニングプロセス中はゲームを閉じないでください。
55041,キャッシュデータがクリアされました
55042,皮膚とカスタムコスチュームのデータクリーンアップ完了。
55043,好きではない
55044,マップ作者：
55045,類似の内容が多すぎる
55046,興味がない
55047,そのようなコンテンツの推奨を減らす
55048,取り消す
55049,授権をキャンセル
55050,多人ルームの作成には、マップを公開してアップロードする必要があります。ルームの作成を続行しますか？
55051,アップロードして続行
55052,助ける
55053,提示
55054,物品
55055,時間
55056,消耗品の道具
55057,前伝見返す
55058,期間限定コラボ：@1-@2
55059,おすすめ
55060,推薦レベル
55061,比比東のボイド軍団が街に近づいており、ミニ七怪がピークに戻っています！
55062,最終決戦
55063,戦場に出る
55064,草の巣にも金色の鳳凰があると聞いたことがないか
55065,鉄のバッジ
55066,銅のバッジ
55067,銀のバッジ
55068,金のバッジ
55069,紫金のバッジ
55070,ルビーバッジ
55071,ダイヤモンドバッジ
55072,極暑の地
55073,極寒の地
55074,報酬は@1で更新されます
55075,今日の上限：0/500、上限は@1-@2 @3:@4で更新されます
55076,@1で更新されます
55077,闘魂ポイント
55078,予約受付中！8月4日、ミニ斗羅大陸が正式に登場されました。モンスターと戦ってアップグレードし、邪悪な比比東に抵抗するために、時間通りにログインすることを忘れないでください！
55079,ミニワールドのエレクトロパーティーが始まります
55080,ミニワールド:数千万のミニコインを分割し、唐王朝に富の神を降臨させます
55081,予約受付中！ 遠慮なく！
55082,予定を開くには、カレンダー関連の権限が必要です
55083,申し訳ありませんが、チャージに失敗しました。デバイスのGoogleサービスのバージョンをアップグレードして、もう一度お試しください
55084,予約はまだ翻訳しない
55085,予約はまだ翻訳しない
55086,予約はまだ翻訳しない
55087,予約はまだ翻訳しない
55088,予約はまだ翻訳しない
55089,予約はまだ翻訳しない
55090,予約はまだ翻訳しない
55091,予約はまだ翻訳しない
55092,予約はまだ翻訳しない
55093,予約はまだ翻訳しない
55094,予約はまだ翻訳しない
55095,予約はまだ翻訳しない
55096,動画攻略
55097,交換回数が上限に達しました
55098,交換道具が足りません！任務リストのタスクを完成してもっと道具を手に入れましょう～
55099,私は相手の招待を断りました
55100,ダウンロードしたインストールパッケージが不完全なため、このパッケージを再度ダウンロードする必要があります。
55101,ダウンロードしたパッケージが存在しません。このパッケージを再度ダウンロードする必要があります。
55102,ダウンロードエラー、このパッケージを再度ダウンロードする必要があります。
55103,ネットワークエラー、ネットワークを確認してください！
55104,サーバーエラー！
55105,パラメータエラー！
55106,ディファレンシャルパッケージはありません!
55107,最初パッケージはありません！
55108,解凍パッケージのアンパッキング入力エラー! このインストールパッケージを再解凍する必要があります。
55109,解凍パッケージのアンパッキング出力ファイルエラー! このインストールパッケージを再解凍する必要があります。
55110,ディスクの容量が200MB未満ので、メモリをクリアして、ゲームを再度入ってください！
55111,ゲームリソースの確認?更新を行います。今回はダウンロードしました
55112,リソースを解凍しています
55113,解凍を待っています...
55114,現在のバージョンが低すぎることが検出されたので、クライアントを更新する必要があります。 \n[color=#FF0000]（WIFI環境でのパッケージのダウンロードを推奨）[/color]
55115,パッケージの解凍に失敗しました！もう一度ダウンロード、解凍してください！
55116,ネットワークタイムアウト！もう一度お試しください！
55117,クライアントエラーが発生した場合、この機能を使用して修正を試みることができます。確認をクリックすると、ローカルの更新ファイルがすべて消去されますが、本当に修正しますか？
55118,ゲームリソースパッケージを統合されている...
55119,アップデートが完了し、ゲームに入っています...
55120,携帯電話のスペースがない！
55121,"携帯電話のスペースが不足！
キャッシュをクリアして使用済みのスペースが部分解放されます。
キャッシュをクリアしますか？"
55122,リマインダーしません。今後は「設定」-「その他」-「キャッシュのクリア」でキャッシュをクリアできます。
55123,引換券
55124,永久/期間限定
55125,ミニビーン
55126,スキンかけら
55127,マウントかけら
55128,最新限定
55129,期間限定復帰
55130,武器スキン
55131,ミニコイン
55132,アバターかけら
55133,経験カード
55134,ルーム人数が最大限で、加入できません。
55135,ゲーム中
55136,このルームは中途加入できません。
55137,ゲーム決済中
55138,ゲーム決済中、加入できません。
55139,パスワードを記憶
55140,このマップのサイズは[color=#ff0000]@1[/color] MB。セルラーネットワークを使用すると追加料金が発生する場合があります。WiFi環境を使用した後に自動的にアップロードします。
55141,パケット量を使用
55142,後でWIFIを使用
55143,アップロード注意
55144,自動アップロード
55145,セルラーネットワークを使用して自動的にアップロード
55146,アップロードリスト
55147,アップロード中
55148,アップロード待ち
55149,マップのアップロードリストが最大限になりましたので、マ完了してから再度試してみてください
55150,現在[color=#ff0000]@1[/color]枚のマップがアップロードされていませんが、すべてアップロードしますか？（アップロードされたマップは自動的に更新されます。マップのアップロード情報を修正するには、マップ詳細をクリックして、アップロードインタフェース内で修正してください。マップのサイズが [color=#ff0000]@2[/color]MBを超える場合は、クリックしてアップロードする必要があります)
55151,スキップ
55152,先にマップを気に入ってください
55153,ゲームを退出しますか？
55154,その他の内容は読み込み中、お待ちください
55155,作成時間
55156,全てのマップを添付
55157,クラウドセーブ
55158,クラウドセーブ名
55159,クラウドセーブ紹介
55160,このクラウドセーブの説明を入力してください
55161,プレイ可能な権限
55162,フレンド全員が見て遊んできる
55163,プレイヤーが他のプレイヤーを招待できるようにする
55164,設置を破壊と構築
55165,誰もがブロックを破壊または構築できるようにする
55166,フレンドだけがブロックを破壊と構築できるようにする
55167,作成
55168,クラウドセーブの説明
55169,クラウドセーブは、サーバー上のもう一つのセーブです。フレンドにセーブをプレイする権限を与えることができますが、以下のポイントに注意してください：1.クラウドセーブとローカルセーブは独立した進行状況であり、互いに影響しません。セーブがクラウド セーブに変換されると、元のローカルセーブが自動的にバックアップされます。2.複数のクラウドセーブが存在する可能性がありますが、アクティブ化されたクラウドセーブのみをプレイできます。アクティブ化されたクラウドセーブの数は %s に制限されています。 3.オンラインでない場合でも、許可を取得したまたは招待されたプレイヤーのみが、アクティブ化されたクラウド セーブをプレイできます。4.クラウドセーブを削除すると、クラウドセーブのすべてのゲームの進行状況が失われます。
55170,クラウドセーブ - アクティブ化
55171,アクティブ化しない
55172,フリーズ
55173,クラウドセーブ設定
55174,変更
55175,起動
55176,アクティブ化できるクラウドセーブの数が上限に達しました。このクラウドセーブをアクティブ化するには、少なくとも 1 つをフリーズしてください。セーブがフリーズされると、ゲームをプレイしているプレイヤーは強制的に追い出されることに注意してください。
55177,現在のプレイヤー数
55178,クラウドセーブを削除すると、すべてのゲームの進行状況が失われます。削除しますか？
55179,クラウドゲーム
55180,了解
55181,クラウドセーブを削除
55182,%s のクラウドセーブ
55183,参加
55184,クラウドセーブのパスワード
55185,パスワードを入力してください
55186,プレーヤーがクラウドセーブをプレイしています。本当に非アクティブ化しますか? (プレイヤーはゲームから追い出されます)
55187,クラウドセーブの所有者がクラウドセーブをフリーズし、ゲームが終了する
55188,クラウドセーブから始める
55189,現在のリストは空
55190,"1: クリックしてマップをバッチで追加: アップロードされていないすべてのマップをアップロード リストに自動的に追加します
2：マップ内でゲーム時間が一定時間に達したマップは自動でアップロード、保存されます（非公開）
3: ゲーム-設定で自動アップロード機能をオフにするか、セルラーデータでアップロード機能をオンにすることができます"
55191,ゲームスタート
55192,現在の構成ではシャドウの有効化はサポートされていません
55193,友達遊んでいる
55194,友達遊んだ
55195,おすすめ
55196,ホット
55197,新しい
55198,上質
55199,プレイ歴史
55200,1Kライク
55201,フォローした
55202,データエラー
55203,任務未開始
55204,任務終了
55205,任務不存在
55206,任務はクローズされた
55207,対応する任務が受け取らない
55208,対応する任務が受け取った
55209,対応する任務が完成
55210,任務報酬受け取った
55211,任務未完成
55212,任務が未開始または終了していない
55213,申し訳ありませんが、この機能は現在お住まいの地域ではサポートされていません
55214,申し訳ありませんが、お使いのクライアントは現在この機能をサポートしていません
55215,申し訳ありませんが、お使いのクライアントバージョンは現在この機能をサポートしていません
55216,申し訳ありませんが、現在お使いの言語ではこの機能はサポートされていません
55217,この機能は一時的に利用できません
55218,パラメータがありません
55219,データありません
55220,無効なパラメーター
55221,対応する構成がありません
55222,構成期限切れ
55223,構成の解析に失敗しました
55224,認証に失敗しました
55225,期限切れ
55226,物品数量不足
55227,データエラー
55228,サーバーエラー
55229,ネットワークエラー、後でもう一回試してください
55230,プレイヤー情報やマップ情報を探す
55231,人気ランキング
55232,今日の投票数：
55233,累計三回に投票すると今日の抽選に参加する資格を獲得！
55234,人気ランキング
55235,ランキング
55236,プレーヤー
55237,マップ情報
55238,累計得票数
55239,友達を投票に連れて行こう！
55240,みんな、MWGT投票に参加して、好きな作品に投票してください！抽選活動にもご参加いただけます！
55241,この MWGT イベントの作成者%sに投票しに来てください！
55242,フレンド
55243,モーメンツ
55244,画像を保存
55245,この作品 %sは本当に良いです！%s に投票するのを手伝ってください！
55246,画像ロード中
55247,投票済み
55248,申し訳ありませんが、今日の最大投票数に達しました! 明日に来てください！
55249,3つの作品に投票して抽選に応募しよう！
55250,今日は抽選しました！明日に来てください！
55251,リンク共有
55252,リンクコピー成功、票集めをするために、友達に共有してください！
55253,他人の冒険
55254,操作前にクラウドアーカイブを凍結する必要があります。
55255,クラウドデータバックアップ/リセット
55256,バックアップのクラウドデータはデータが壊す際に、元に戻すことができます！
55257,広告を見ると無料
55258,作成を取り消し
55259,クラウドデータ作成中、しばらくお待ちください
55260,オーナーは招待機能をオフにしました
55261,サバイバルのガイドは完成していません。続きますか？
55262,ガイド
55263,続き
55264,最近の
55265,最近プレイした%s枚のマップしか展示しません
55266,リセットをタッチして、もっとマップを発見しましょう
55267,クラウドデータを作成するには、まずデータをダウンロードする必要があります。
55268,クラウドデータのリストを一時的に利用できず、再試行しています。
55269,このクラウドアデータは凍結されています。所有者がアクティブになるのを待ってください
55270,リソースダウンロードセンター
55271,完全のオーディオパック
55272,もっと音楽や効果音をアンロック
55273,完全のエフェクトパック
55274,もっとエフェクトをアンロック
55275,完全のモデルパック
55276,もっとモデルをアンロック
55277,機能リソースパック
55278,もっと追加機能をアンロック
55279,この内容をアンロックするには'@1をダウンロードする必要がある
55280,いいえ
55281,はい
55282,冒険ガイド
55283,イベント時間：%s/%s - %s/%s
55284,今日の上限：%s/%s
55285,%s時間%s分後で終わる
55286,イベントショップ
55287,毎日シェア
55288,広告を見てもっとボーナスを取る%s（%s/%s）
55289,今回のランキングは%s:%s後で終わり
55290,イベントのボーナス
55291,前回のイベント
55292,次のイベント
55293,%s回をガチャする
55294,ボーナスの一覧
55295,操作失敗（-1）
55296,ネットワークが不安定なので、後でもう一度試してください(-2)
55297,データ分析に失敗(-3)
55298,関連情報は存在しません(-4)
55299,データ異常(-5)
55300,設定異常(-6)
55301,パラメーターエラー(-7)
55302,このイベントは、お住まいの地域ではまだ利用できません（-8）
55303,イベントまだ開始していません。(-10001)
55304,回数は限度額を超える（-10002）
55305,アイテムの追加に失敗しました（-10003）
55306,アイテムは存在しません(-10004)
55307,アイテムは存在しません(-10005)
55308,このボーナス既に受け取りました(-10006)
55309,設定エラー(-10007)
55310,アイテム不足(-10008)
55311,道具不足（10008）
55312,チームは存在しない（10010）
55313,このイベントはお住まいの地域ではまだ利用できません（-10011）
55314,提示に従ってください
55315,サーバールームはありませんので、下のボタンをクリックして作成してください。
55316,ダウンロードしたマップまた作成したサバイバルマップあるいは創造マップを選択して、サーバールームを作成できます。また既存のデータを選択します。
55317,サーバーを作成
55318,サーバー名
55319,サーバー紹介
55320,ルームの人数
55321,4桁の数字あるいはアルファベット
55322,サーバーのオーナーだけが招待できる
55323,ダウンロードあるいは作成したマップはありません。1.マルチプレイでマップをダウンロード2.マップを作成してアップロードします
55324,サーバー作成成功
55325,1.マルチプレイ-サーバーをクリックして、サーバールームを管理できる
55326,サーバー情報
55327,テンプレートを変更
55328,サーバーID:@1
55329,作成の日:
55330,オンライン人数:
55331,現在のテンプレート:@1
55332,ホワイトリストのみが参加できます
55333,友達しか参加できません
55334,招待権限
55335,サーバーのオーナーだけ招待できる
55336,設定をセーブ
55337,プレイヤーの設定
55338,ホワイトリストに追加
55339,ブラックリストに追加
55340,リストを削除
55341,超級管理人 (@1/5)
55342,管理(@1/5)
55343,最近のアップデート時間:
55344,バックアップデータ
55345,他の操作
55346,バックアップ数:(@1/4)
55347,状態を設定
55348,サーバースイッチ
55349,サーバーメンテナンス
55350,通常
55351,メンテナンス
55352,クラウドサーバーのお知らせ
55353,連続運行時間:@1
55354,@1日@2時間
55355,サーバー作成時間:@1
55356,@1年@2月@3日
55357,サーバーのマップを変更すると、サーバーのアーカイブデータやルームの設定をリセットする必要がありますので、その後のプレイのためにアーカイブをダウンロードすることをお勧めします。
55358,アーカイブデータをダウンロードする
55359,ダイレクトリセット
55360,私のゲーム
55361,もっとゲーム
55362,友達と遊ぶ
55363,ゲーム時間
55364,前回のゲーム
55365,ゲームは決済中、しばらくお待ちください
55366,サーバーメンテナンス中、サーバーを再起動してゲームに入る必要があります。
55367,サーバーがシャットダウンしました。サーバーを再起動してゲームに入る必要があります。
55368,1.マルチプレイでマップをダウンロードします
55369,2.マップを作成してアップロードします
55370,2.ルーム内で、ルーム情報をクリックすると、部屋の権限を設定できます
55371,サーバー作成失敗
55372,サーバー作成失敗。現在のネットワーク状態を確認して、[再試行]をクリックして再度作成します
55373,再度作成
55374,サーバーがオンの時のみメンテナンス状態が変更可能
55375,サーバーメンテナンスすると現在のルームにいるプレイヤー全員のゲームを終了します。(現在のプレイヤー数は：@1)、操作を確認しますか。
55376,サーバーはメンテナンス中、しばらくお待ちください。
55377,サーバーがシャットダウンされました
55378,材料リソースパック
55379,より多くの材料パックをアンロック
55380,しばらくダウンロードできません
55381,ギフトボックスガチャ機は準備中、しばらくお待ちください
55382,マウントガチャ機は準備中です、しばらくお待ちください
55383,ネットワークエラー、ダウンロード一時的に停止します
55384,パッケージサイズ:@1
55385,セルラーネットの使用には追加料金がかかる場合があります
55386,残りのサイズ:@1
55387,マルチプレイ
55388,すべてのダウンロードを停止しました
55389,冒険創造
55390,サーバー
55391,サーバー名を完全にすると、より多くのプレイヤーをひきつけますよ
55392,バックアップ時間:
55393,ルーム権限:
55394,パスワードで入る
55395,サーバー管理
55396,サーバー状態:@1
55397,サーバー人数:@1
55398,テンプレートの時間
55399,クイック参加
55400,ダウンロード\n不要
55401,@1の部屋
55402,このクラウドアーカイブは封印されているため、起動できない。
55403,必要なアイテムが不足している。（-10005）
55404,ミニワールドへようこそ！ここでは、友達と一緒に夢のワールドを冒険し、探検し、自由に創造することができます。今すぐ見に行きましょう。
55405,「マイワールド」をクリックして、この素晴らしい旅を始めましょう！
55406,おめでとうございます!自分だけの最初のワールドを作成しますね！
55407,見て！これは先程あなたが作成したワールドですよ。
55408,もっとワールドを作成したい方はこちらへ
55409,とりあえずここまで、まだ足りないと思ったら、ホームページで待ってますので、仲間を見つけて遊びに来てくださいね。
55410,「マルチプレイ」を開放しました
55411,ここです！プレイヤー様たちがここに集結します！
55412,「マルチプレイ」では、他のプレイヤー様と一緒に冒険することができ、より楽しいゲームプレイを体験することができます。 まずは、その様子をご紹介します！
55413,他のプレイヤー様と一緒に進めましょう！
55414,「私の」を開放しました
55415,最近のマップをもう一度プレイしたい場合は、こちらをご覧ください。
55416,ここで自分と友達だけの小さなワールドを作成することができます。
55417,「工房」を開放しました
55418,「工房」では他のプレイヤーが作った素敵な内容がたくさんあり、お気に入りの内容をダウンロードして遊ぶことができますよ。
55419,ヒント
55420,工房を閉じる
55421,クリックすると［マイワールド］に入る
55422,「ダウンロード」を探す
55423,どのようにワールドを作成するか、どのように探索するか、きっと自分なりのアイディアがあるはずです。 そして私は、いつでもあなたの悩みに寄り添い、解決していきますので、どうぞご安心ください。
55424,育成のインストラクション修了おめでとうございます~
55425,おい！「工房」でダウンロードしたマップは、こちらでご覧いただけますよ～
55426,スキップ
55427,本当に初心者ガイドをスキップしたいですか？
55428,はい
55429,いいえ
55430,プレイヤー様、お帰りなさい～何でも質問してください。
55431,プレイヤー様、こんにちは！いつでも質問にお答えします。
55432,「マイワールド」の管理中心に入ると、新しいワールドを始めたり、未完了のワールドを続けることができます。 探索の旅にお連れしましょう!
55433,想像力をここに解き放ちます! 思いのままに、新しいワールドを作成します。
55434,プレイヤー様よ、すでにそのチャンスに飛びついているのだろうか。 では、やってみましょう!
55435,ミニワールドへようこそ！ここでは、自由に探索し、創造し、さまざまなゲームプレイを体験することができます。準備はいいですか、ご案内しますよ。
55436,ここはマイワールドの管理中心です。自分の新しいワールドを創造することも、昔からのサバイバルを遊び続けることもできます。まずは旅に出させてください。
55437,このマップは音楽マップです。最適な体験をするために、完全のオーディオパックをダウンロードすることをお勧めします。
55438,週次上限値：%s/%s
55439,月次上限値：%s/%s
55440,ソースマップ：@1
55441,結果は見つかりません
55442,分
55443,時間
55444,まず「マイワールド」でワールドを作成しアップロードしてから、サーバーを作成してください。
55445,アップロードされたサバイバルと創造ワールドを選択してサーバーを作成する機能
55446,ゲーム
55447,該当するサーバーの情報がありません
55448,まだ、ワールドはダウンロードされていません
55449,ルームが閉じられました
55450,ゲームをダウンロード
55451,出典：
55452,ミジラ
55453,「工房」をクリックして、もっと厳選内容を待っています！
55454,ここで、他のフレンドと一緒に、最初のゲームを始めてみましょう。
55455,ダウンロードをキャンセルすると、パッケージのダウンロードの進行状況がすべて失われます。キャンセルしますか？
55456,ここは素晴らしいワールドです！
55457,「マイワールド」がアンロック
55458,サンドボックスのワールドを探検し、生き残る方法を見つけようのゲームモード
55459,まずは「マルチプレイ」をクリックして、豊富なゲームをチェックしよう
55460,まだアンロックされないので、まずはアンロックされるモードを探索してみてください。
55461,コメントの文字数が上限になった
55462,クラウドアーカイブは、24時間オンライン可能なサーバールームで、参加が許可されたプレイヤーは、オーナーのオンライン有無にかかわらずいつでも参加でき、進行状況はクラウドに保存されます。
55463,イベント終了
55464,イベントが終了し、報酬を受け取ることができなくなりました。
55465,すべての報酬をアンロック
55466,任意の量のミニコインをチャージして獲得可能：
55467,リチャージ
55468,受け取らないミニコインチャージ報酬がある
55469,おめでとう！ 新しいチャージ報酬が受け取れます。
55470,受け取る
55471,チャージ
55472,消費
55473,このアカウントは本設備に連携していました
55474,この操作を行う前に、パスワードを設定するか、サードパーティアカウントを連携してください
55475,本設備とこのアカウントの連携を解除してよろしいですか。 この操作は元に戻せませんので、慎重に選んでください。
55476,このアカウントは本設備に連携解除していました
55477,ニックネームは6文字以上16文字以下です
55478,おめでとう、アカウント登録は成功しました。
55479,ニックネーム：
55480,パスワード：
55481,アカウントの安全性を強化し、メールを連携させることをおすすめです。
55482,今すぐ連携
55483,ニックネームを作成
55484,パスワード認証
55485,アカウントの安全性を保障し、ニックネームを作成するには、現在のパスワードの確認が必要です。
55486,"1.ニックネーム作成のチャンスは1回のみで、登録に成功した後は、変更することはできません。
2.プレイヤーは、ニックネームとパスワードを使ってログインすることも、ミニIDとパスワードを使い続けることもできます。 また、連携されたメールアドレスとパスワードを継続して使用することができます。"
55487,3.ゲームにログインしやすくするために、アカウントのニックネームを作成します。
55488,次のボーナスまでの必要なチャージ量：
55489,蓄積されたチャージ量：
55490,イベントはダウンロード中です。しばらくお待ちください。
55491,まだ消費される必要量：
55492,累積消費された量：
55493,次回の報酬までに消費すること：
55494,まず年齢を入力してください
55495,年齢を入力してください
55496,より良いゲーム内容をお勧めするために、年齢を入力してください
55497,完了
55498,@1 歳
55499,年齢
55500,
55501,申し訳ありませんが、ユーザー名は文字で始まり、文字/数字/アンダースコア可。
55502,クラウドアーカイブ機能オープン
55503,クラウドアーカイブを作って、友達と一緒にマップを作ることができるようになりました。これは新しいマルチプレイです。試してください！
55504,一つマップを選択し、クラウドアーカイブボタンをクリックすると、作成が開始されます。
55505,クラウドアーカイブ招待
55506,"このマップをクラウドアーカイブに変換して、より良いゲーム体験を：
1.クラウドベースのマップなので、あなたがオンラインでないときでも、友達がプレイしたり、マップを構築したりすることができます。
2.より安定したインターネット接続体験ができます。"
55507,友達がオンラインになっているので、招待して遊んでもらおう
55508,@1クラウドアーカイブにアクセス
55509,すべての人を招待
55510,アクティベートゴールドパスを取得するために
55511,と他の専用報酬
55512,今すぐ購入すると入手可能
55513,購入後、レベル@1に到達すると入手可能
55514,シェアカード
55515,高級シェアカード
55516,次のレベルに上がるにはもう少し経験が必要です。 タスクリストへ、タスクを完了させて経験値を稼ごう!
55517,友人との距離が遠すぎて、インターネット接続が不安定で、マルチプレイできない
55518,アップデート必須
55519,ミニワールドは新しいアップデート内容があります。(@1)
55520,ミニワールドは新しいアップデート内容があります。アップデートしますか？(@1)
55521,ない
55522,アップデート失敗
55523,エラー発生しました。インターネット接続を確認てもう一度試してください。
55524,もう一度試す
55525,解凍失敗
55526,エラー発生しました。修正をクリックして、アップデートパッケージの整合性を確認してください。
55527,ニックネーム/ミニID/メールアドレスを入力してください
55528,ニックネーム/ミニID/メールアドレス
55529,クラウドアーカイブをダウンロードしていて、機能を使用できません。
55530,"申し訳ありません、ネットワークエラーです：(@1,@2)"
55531,引換アイテム不足です。タスクを完了して、もっと引換アイテムを獲得しましょう！
55532,今回の宝庫では、まだ何も引き換えていないんです
55533,クラウドアーカイブの現在のバージョンが古いので、凍結してアクティベートしてもう一度試してください。
55534,ゲームバージョンが古すぎてクラウドアーカイブに入れない。更新しますか。
55535,クラウドアーカイブの所有者がゲームバージョンを更新していないため、アクセスできません。
55536,申し訳ありませんが、ミニ番号(@1)を登録することはできません
55537,申し訳ありませんが、あなたのメールボックスには他のミニ番号がバインドされています
55538,クラウドアーカイブのバージョンがアップグレードされました。凍結して再アクティブ化してください
55539,申し訳ありませんが、現在のデバイスでログインを試みた回数が多すぎて、ログイン機能が無効になっています。5分後に再試行してください(@1)
55540,現在のドレスアップはプリセットドレスアップとして保存されますか？
55541,送れ続ける
55542,キャンセル
55543,空きスペースはありません。@1を消費して@1番目のドレスアップスペースを開けると、現在のセットを保存できます。ご確認ください。
55544,チップ
55545,切り替えますか？
55546,次回はチップはなし
55547,確認
55548,キャンセル
55549,ミニビーンで購入
55550,着ているドレスアップが変われば、続けますか？
55551,現在着ているドレスアップはすべて脱ぎますが、続けますか？
55552,次回はチップはなし
55553,確認
55554,キャンセル
55555,ワードローブ
55556,ミニポイントで購入
55557,広告を見て獲得
55558,ミニポイントが足りません。広告を見てゲットしてください。
55559,すでに所有
55560,現在のドレス
55561,ドレスを保存
55562,申し訳ございませんが、お使いの端末ではログイン機能が無効になっていますので、後でもう一度お試しください
55563,申し訳ございませんが、お使いのIPではログイン機能が無効になっていますので、後でもう一度お試しください
55564,このアカウントには、テキストパスワードが設定されていません
55565,不明なエラー：エラーコード@1
55566,購入前に広告のカスタム服を削除してください。
55567,広告で得たカスタムスキンはカスタム画面で入手。
55568,クラウドアーカイブはまだバックアップ中ですので、少々お待ちください。
55569,このミニIDが他のデバイスに連携されていました
55570,アカウントの安全性を保証するため、アカウントのパスワードを入力してください。
55571,この操作が不可逆的な操作になりますので、慎重にご判断ください
55572,着る
55573,広告を見て獲得
55574,情報連携
55575,ガーデンの入り口はここに移されましたよ。
55576,一致ではないメールで申し訳ありません(@1)
55577,すみません。認証コードの取得に失敗しました(@1)
55578,認証コードは期限切れました。(@1)
55579,申し訳ありませんが、エラーが発生しました(@1)
55580,シーズンは開かれていない
55581,アカウントを切り替えるとログイン画面に戻ってしまうが、この操作を続けてもよろしいですか？
55582,ミニスタードレスアップを使用しています。ミニスタードレスアップスロットでドレスアップを変更してください。
55583,未設定
55584,現在使用している着せ替えたミニスタードレスアップは、着せ替えカスタム絵文字に対応していません。
55585,遊園地音声チャンネルに参加されました
55586,チーム音声チャンネルに切り替わりました
55587,遊園地の音声チャンネルに切り替わりました
55588,このボタンをクリックすると、グループ音声チャンネルとロビー音声チャンネルが切り替わります
55589,オンラインフレンド
55590,現在、オンラインフレンドがいません。
55591,新しいフレンドを作り行きましょう
55592,現在の遊園地情報を表示
55593,まだ誰も話していません。
55594,チームページに戻ってゲームを始めましょう
55595,チームプレイへようこそ
55596,つづく
55597,新しいエリア開放
55598,メッセージセンター
55599,公式メール
55600,フレンドメール
55601,すべて既読
55602,既読を削除
55603,通知ありません
55604,新しいメールはありません
55605,@1日前
55606,@1分前
55607,@1時間前
55608,表示
55609,メッセージを削除
55610,私に言及した
55611,私のマップを「いいね」した
55612,私のマップにコメントしました
55613,作者は私のコメントをトップにした
55614,新しいエリアアンロック
55615,新しい機能アンロック
55616,メッセージ設定
55617,メッセージのプッシュを受け入れる
55618,赤い点のヒント
55619,集める
55620,収集：%s/%s(同じパズル:%s)
55621,報酬進歩
55622,拼図を集める
55623,永久アバターを獲得
55624,イベント時間：%s-%s
55625,すべてのパズルを集めると報酬を受け取ることができます
55626,"1. イベント中、タスクを完了してアクティビティページでジグソーパズルのピースを受け取ります。\n
2. ピースはランダムで重複することがあります。\n
3. 指定数量の非重複ピースを集めて永久的なアバター報酬を受け取ります。\n"
55627,マッチング中
55628,マッチング完了、試合は間もなく始まります
55629,ミニゲームに参加し、1位を目指しながら、報酬と栄誉を手に入れましょう
55630,アパレルショップへようこそ、私は店員のAmandaです ここの服は全て試着できます。お気に入りの服があれば、カートボタンをタップして購入できます 思う存分ファッションを楽しんでくださいね
55631,クリエイトビーチへようこそ 柔らかい砂浜が、あなたの無限の創造力を刺激してくれることを願っています 疲れを感じたら、寝いすにもたれましょう。おなかがすいたら、バーベキューをしましょう
55632,焼き肉が食べたいですか？魚一匹で焼き肉一つと交換できますよ
55633,魚をあげる
55634,今釣りに行く
55635,はい、お肉一丁！隣の焚き火を見ましたか？あれを使ってお肉を焼いてください
55636,わかった、ここで待ってるよ、若者
55637,唄を歌ってみましょうか。あと、ピアノを弾ける者も間違いなく注目されますよ
55638,不思議な変身薬を他のプレイヤーに投げると、そのプレイヤーは大きくなったり小さくなったり、サクランボやニワトリになったり、色々な面白いことが起きるかもしれません
55639,ドキドキ薬を他のプレイヤーに投げると、そのプレイヤーはあなたのラブラブ信号を受け取りますよ
55640,指定された方向に投げると、一定範囲内で爆発を起こし、その範囲内のプレイヤーを一定の距離撃退させます
55641,プレイヤーが素早くセットできる地雷、踏むと一定の距離吹き飛ばされます
55642,他のプレイヤーに投げると、そのプレイヤーは一定の時間内に宙に浮きます
55643,他のプレイヤーに投げると、そのプレイヤーの移動速度は5秒間低下します（連続で命中しても効果は累積できません）
55644,ここはまだ解放されていないから、他のところに行ってみてください。次期にお会いしましょう
55645,試合ボタンをタップしてパーティーゲームに参加しましょう。ポイントを獲得したら、忘れずに抽選に参加してくださいね
55646,ここで抽選に参加できます
55647,ここで自分のランキングを確認できます
55648,ギフトショップへようこそ！運を試してみませんか
55649,自然系ブロック
55650,木材系ブロック
55651,石材系ブロック
55652,カラーブロック
55653,照明系ブロック
55654,家具系
55655,ガラス系ブロック/その他
55656,ツール
55657,スコア
55658,戻る
55659,ゲームスタート
55660,勝者
55661,はい
55662,いいえ
55663,変身薬
55664,ドキドキ薬
55665,大型爆竹
55666,地雷
55667,バブルボール
55668,雪玉
55669,先回の復元操作が進行中です。しばらくお待ちください。
55670,チームリスト
55671,クリックして遊園地を切り替えます
55672,クリックして遊園地のプレイヤーをチームに招待
55673,クラウドアーカイブのバックアップまたは復元は進行中、少々お待ちください。
55674,奇妙な店を開く
55675,終了まで残り@1
55676,日
55677,時間
55678,分
55679,イベント終了まで残り1分未満
55680,再び抽選
55681,抽選回数なし
55682,確認
55683,#ce7494d@1#nで#ce7494d@2#nを購入しますか?
55684,#ce7494dこのグループからスキンを購入した場合、他のグループからスキンを購入することはできません#n
55685,考え直す
55686,切り替え不可。このグループの他のスキンは購入可能。
55687,現在、ブラックボックスがまだ開いていません。
55688,上限回数に達した
55689,機能未開放
55690,幸運を見せびらかせ~
55691,遊園地に参加失敗(@1)
55692,適切な遊園地が見つかりません(@1)
55693,遊園地に参加失敗(@1)
55694,全部開け
55695,ルーム番号：
55696,人数：
55697,ルーム名：
55698,バージョン：
55699,利用者契約
55700,私は#L#cfa7a0fの利用規約に同意します#n
55701,#L#cfa7a0fコンテンツ投稿ガイドライン#n
55702,ルームバージョン：#cEE5012@1#
55703,ルームバージョン：#c268F2E@1#
55704,投稿失敗、再投稿しないでください。
55705,クラウドのバックアップが開始されました。このプロセスには時間がかかりますが、バックアップ中は他のクラウド操作には応答しないようになります。
55706,クラウドバックアップの復元が開始されました。このプロセスにはしばらく時間がかかる可能性があり、復元中には他のクラウドバックアップ操作に応答しないことがあります。
55707,招待時間
55708,チームサイズ
55709,本日広告回数上限。明日再試。
55710,内容が短すぎます。編集して再投稿してください。
55711,広告を見てカードの経験を得る
55712,シーズンに1回限り
55713,高級カード
55714,デラックスカード + アップグレードパック
55715,特定ランク達成で報酬解除
55716,取得する
55717,アップグレード
55718,ニックネームを設定するために適切な言葉を使用してください。変更するにはOKをクリックしてください。
55719,カラーフィルター
55720,続ける
55721,すでに大当たりのアイテムをすべて取得しています。活動に続けて参加すると、基本的な報酬のみが得られます。続けますか？
55722,鍛え続ける
55723,宝箱の報酬を受け取り、この鍛造ラウンドを終了しますか？
55724,魔法の鍛造台の報酬には乗り物 - [ブンブンクリーチャー]、衣装 [グランニー]、武器 [コウモリの鎌]などが含まれています。乗り物、衣装、武器などの大賞は1回しか手に入らず、再び手に入れることはできません。
55725,報酬を選択してください
55726,@1つ星の報酬
55727,保底報酬
55728,鍛造中...
55729,星級の鍛造中..
55730,失敗、鍛造完了
55731,星と保護
55732,動的表示権限
55733,復活の行動
55734,登場
55735,眠る
55736,地図で、照明は時間と環境に合わせて変わります。
55737,マップを開くために右上隅のインタフェースをクリックしてください
55738,マップ左下で照明や情報をチェックできます。
55739,Hello、私たちはもう友達になったので、チャットを始めることができます
55740,私たちはもう友達ですね。おしゃべりを始めましょう
55741,やっと友達になって、楽しい場所があって共有してくれたことを覚えています~
55742,拡張には家の等級が必要だ
55743,数量を取得：
55744,公式テンプレートとして保存されました。テンプレート画面で確認してください
55745,テンプレートの保存に成功しました。テンプレート画面で確認してください
55746,コメントエリア
55747,これ見て！新しい成就メダルだ！
55748,カリスマ値ランキング上位100名
55749,魅力値ランキング上位@1プレイヤー
55750,魅力値ランキング80%以降のプレイヤー
55751,魅力値が@1に達したプレイヤー
55752,現在のレベル
55753,次のレベルまで：@1チャーム
55754,現在の魅力値構成：
55755,肌の魅力値：
55756,カスタムパーツの魅力値：
55757,マウントチャーム値：
55758,武器チャーム値：
55759,友達数魅力値：
55760,ファン数魅力値（10%）:
55761,人気魅力値（5%）:
55762,悦享カード付加魅力値：
55763,獲得した：贈る
55764,その他の：
55765,@1魅力値を増やすことができる
55766,魅力値+@1
55767,魅力値アップ!
55768,今回の：
55769,現在の総魅力値：
55770,現在の魅力レベル：
55771,次のレベルまで@1魅力値が必要です
55772,バージョン不一致\n招待不可
55773,遊んだ
55774,部屋はオフラインです
55775,ホット
55776,ベストセラー
55777,名前を入力
55778,@1日で期限切れ
55779,メール期限切れ、受け取れません。
55780,お勧め
55781,カレンダー
55782,毎日
55783,終了
55784,まもなく
55785,参加する
55786,予約する
55787,エンジョイカードはBPパスです
55788,更新してください
55789,地図の投稿おめでとうございます！これであなたは見習いクリエイターです。[クリエイターセンター]で作成について学び、ミニワールドの楽しさをお楽しみください。（正規クリエイターになる方法は公式メールをご確認ください。）
55790,イベントセンター
55791,アカウント保護中。解除はカスタマーサービスへ。
55792,部屋情報を取得します
55793,ログイン状態が異常です。もう一度お試しください。
55794,Mimiにマイクを使用する許可を与えますか？
55795,親愛なるプレイヤー、Mimiは現在広告を視聴することをサポートしていません！
55796,現在ローカルバックアップを作成中、完成したらゲームに入ります
55797,自動バックアップ
55798,申し訳ありませんが、フォローの制限に達しました。
55799,バディがオフラインで追跡できません。
55800,バディリストを更新する
55801,バディがゲームから退出し、追跡できません。
60000,@Null@
60001,室長
60002,管理者
60003,メンバー
60004,申し込みはすでに送信されました
60005,スタジオにジョインしました！
60006,スタジオが満員になり、他へ見に行きましょう！
60007,スタジオにジョインしました。ほかのスタジオにジョインできません
60008,拒否した
60009,メンバーが追い出されました！
60010,終了要請は取り消された
60011,スタジオの情報が送信され、レビュー結果をお待ちください
60012,スタジオの情報を修正することに失敗しました
60013,スタジオのメンバーに招待状が送信されました
60014,スタジオのメンバーに招待状が送信できません
60015,スタジオ
60016,加入要請
60017,メンバー管理
60018,スタジオのセットアップ
60019,スタジオを終了する
60020,終了要請を取り消す
60021,作品のリスト
60022,メンバーリスト
60023,室長
60024,残りの取り消し時間：＠一日＠2時間
60025,同意した
60026,拒否された
60027,操作する
60028,データをチェックする
60029,同意する
60030,拒否する
60031,要請をチェックする
60032,ワンクリッククリア
60033,リストは空っぽになっています
60034,加入要請
60035,終了要請
60036,ミニIDを誘う
60037,招待状
60038,招待するプレーヤーのミニIDを記入してください
60039,内容を入力しないと、スタジオの紹介が表紙されます。（違法なコンテンツを送ってないでください。連絡方、消費の誘導などの違法な情報をグループで広めるのは禁止。）
60040,プレーヤーはすでにスタジオをジョインしたが、招待できません
60041,プレーヤーのアカウントが異常です。招待できません
60042,プレーヤーがスタジオのメンバーになりました！
60043,ミニIDは違った
60044,スタジオのメンバーの招待状
60045,招待状を確認する
60046,ミニIDを入力してください！
60047,作者UID
60048,プレーヤーを誘う
60049,スタジオの情報
60050,スタジオの紹介
60051,加入要請を許可する
60052,バックグラウンドの審査が合格されたら、修正が有効になります。
60053,スタジオのセットアップ
60054,修正を確認する
60055,スタジオのネームを入力してください
60056,スタジオのネームを入力してください
60057,スタジオの紹介
60058,スタジオのお知らせ
60059,入力内容をクリックして（違法なコンテンツを投稿したり、誘導情報やソーシャルソフトウェア、その他の連絡方法を広めたりしないでください。）
60060,スタジオをジョインするのを確認してください
60061,スタジオを終了する
60062,メンバーを削除する
60063,削除する
60064,スタジオ＠1へのジョインを申請しています。ご承知の上、以下のアイテムに同意することを確認してください
60065,スタジオにジョインすると、アップロードした作品はスタジオに結合されます
60066,スタジオを終了した後も、スタジオで制作した作品は、スタジオとの関係が維持されます
60067,ミニワールドスタジオの操作規範を読んで、申請を確認すると、操作規範を守ることに同意します
60068,もう二日間＠1スタジオにジョインした、終了しますか？
60069,確認をクリックして、7日以内に申請を取り消すことができます
60070,今月の残り回数
60071,メンバー削除を確認しますか？
60072,スタジオのジョインを申請する
60073,申請理由
60074,読んで同意してください
60075,アイテムを読んでください
60076,原因を入力してください
60077,カスタマイズアバターの獲得に失敗しました
60078,カスタマイズアバターの選択に失敗しました
60079,見る
60080,すべてのスタジオ
60081,今すぐ作る
60082,スタジオを探す
60083,スタジオの探しに失敗しました
60084,最後までです。内容はここまで
60085,データがない、後で更新したり、スタジオを作ったりします
60086,スタジオを作る
60087,スタジオのアバター
60088,スタジオのネーム
60089,スタジオの詳細
60090,連絡先
60091,申し込みを出す
60092,アバターが選択されていません
60093,申し込みはすでに送信された。メールに注意してください
60094,不明なエラー
60095,完全に記入した後で提出してください
60096,アバターを選択してください
60097,ミニワールドスタジオの操作規範を読んで同意してください
60098,申し込みを確認する
60099,確認申請
60100,スタジオIDまたはスタジオ名称を入力してください
60101,結果がないで、もう一度確認した後で入力してください
60102,スタジオを認証する方法
60103,スタジオのネームを入力してください、8文字以内の中国語
60104,自分のスタジオを簡単に紹介しましょう！他人にも早く了解できますよ～
60105,連絡先を入力してください、ＱＱナンバーとか携帯番号とか
60106,スタジオの終了に成功しました
60107,スタジオの招待状を受けた
60108,スタジオの招待状を拒否された
60109,無効になった
60110,"1.申し込みを出すと、あなたがミニワールドスタジオの操作規範に同意し守ることを確認します。#
2.操作スタッフは三日間内審査します。メールを注意してください、詳細はコンテンツサービスプラットフォームをご覧ください。#r
3.スタジオを作った後は解散できません、他人のスタジオをジョインもできません。確認してから操作してください#r
4.詳細は開発者コミュニティーに行ってください"
60111,スタジオを終了した後で、24時間内ほかのスタジオをジョインできません
60112,私たちはバトルプレイにフォーカスしたスタジオで、ジョインして一緒に遊びましょう！#r内容を入力しないと、スタジオの紹介が表紙されます。（違法なコンテンツを送ってないでください。連絡方、消費の誘導などの違法な情報をグループで広めるのは禁止。）
60113,契約メンバーは脱退申請をしばらくサポートしてないので、ルームオーナーにご連絡ください
60114,スタジオから退出した
60115,創作者サービスセンター>>
60116,アップの情報のアップロードに失敗しましたが、もう一度アップロードしますか？
60117,検索
60118,検索結果がありません
60119,別のキーワードで試してみる
60120,スタジオから離れますか？
60121,離れると、#cFF723A七日内#nに他のスタジオに参加することができません
60122,私のスタジオ
60123,スタジオ参加中
60124,スタジオ削除
60125,"1、スタジオを削除した後、スタジオとの連携が解除され、スタジオに所属している間に産出した全ての作品はあなたに属します。
2、スタジオを削除した後、30日内にスタジオを作成することができません。
3、スタジオを削除した後、スタジオに関する全ての情報も削除されます。
4、3日内にスタジオ削除の申請を取り消すことができます。そうしなかった場合、スタジオはそのまま削除されます。
5、『ミニワールドスタジオ運営規約』を読んでください。スタジオを削除することは、運営規約を理解・遵守することに同意したものと見なします。"
60126,同意する
60127,申請を取り消す
60128,#c3D4546取り消せる期間終了まであと：#cEF2D2D@1日@2時間
60129,@1スタジオ申請を取り消しますか？
60130,"#c3D4546申請を取り消せる期間終了まであと：
#cEF2D2D@1日@2時間"
60131,『ミニワールドスタジオ運営規約』
60132,あなたはスタジオ削除の申請を出していますが、以下の条約を読み、理解したことを確認してください：
60133,@1 スタジオ削除の申請を取り消しますか？
60134,招待情報を入力してください
60135,この人は既にスタジオに所属しています
70000,花盛りの季節
70001,イベント残り#c0ABA1D@1日#n
70002,イベントが始まりました。たくさんのプレゼントを準備しましたよ
70003,購入レベル
70004,レベルアップ
70005,ボーナス
70006,ミッション
70007,ラッキールーレット
70008,決算する
70009,決算して受け取る
70010,あなたはLv.#c0AAA1A@1の#nを購入します。#cFA7A0F@2#nミニコインを支払う必要があります
70011,レベル購入成功
70012,あなたは#cfa7a0f@1#n@2を支払う必要があります
70013,@1購入成功
70014,決算残り日数：#cFFEE92@1日#n
70015,"1.指定のミッションを完了すると、対応するポイントが獲得できます。シェアミッションは毎週更新され，シーズン任務はシーズンごとに1回しか達成できない
 2.獲得した300ポイントごとに1レベル上がり、アップグレードするとそれに応じた報酬が解除されます
 3.シェアカードを購入すると、限定の特典が受けられます
 4.報酬を受け取らずに3か月が経過すると、リセットされます
 5.シェアカードレベルが上限に達していても、さらにレベルアップ可能です。余剰ポイントはラッキールーレットで使用できます
 6.購入することによってシェアカードをレベルアップすることができますが、購入して報酬受け取ったら支払い済みミニコインは返金できませんのでご注意ください
 7.本イベント期間は@1～@2です。各プレイヤーの皆さんは頑張ってミッションを完了させて、究極の大賞を獲得しましょう！
 8.イベントの解釈権はミニワールド公式が所有します"
70016,進む
70017,クールタイム中
70018,次回のミッション残り@1分
70019,すでに@1回完了しました
70020,新イベントはまだ始まっていません
70021,決算して受け取る
70022,決算して受け取るとポイントはリセットされます。まだ受け取っていないボーナスは自動的に倉庫に発送されます
70023,初見
70024,楽しげな笑い声
70025,私の縄張りでは私の言うことを聞いて
70026,自分の連絡先
70027,カッコいい
70028,一緒に遊ぼう
70029,水やり庭師
70030,広告王
70031,生まれて初めて
70032,楽しみは尽きない
70033,コレクター
70034,消費しよう
70035,偵察者
70036,仲良し
70037,ニィニィ！永遠の神
70038,木材のボス
70039,シェアしよう
70040,ログイン@1/1回
70041,@1/1回ルームに参加する
70042,@1/1回ルームを作成する
70043,実名制
70044,携帯番号認証
70045,メールアドレス認証
70046,フレンドのために@1/1回水やりする
70047,@1/1回広告視聴する
70048,@1/1回創造モードを30分プレイする
70049,@1/1回対戦モードをプレイして勝利する
70050,@1/1枚のマップをお気に入りに登録しました
70051,マップに@1/1回投げブロックする
70052,メダルを@1/1回チェックする
70053,フレンドを@1/1人追加する
70054,ニィニィを使用して@1/1回プレイする
70055,@1/40個材木を掘り出す
70056,@1/1回行動状況を発表する
70057,購入
70058,#cFFDA0A@1Lv.@2-->#n#c5AEA0ALv.@3#n
70059,シェアブルームカードボーナス#cff871b@1#nを獲得しました。おめでとう！
70060,シェアアクティブカードボーナス#cff871b@1#nを獲得しました。おめでとう！
70061,シェアエクストリームカードボーナス#cff871b@1#nを獲得しました。おめでとう！
70062,シェアカード
70063,イベント詳細
70064,ミッション詳細
70065,ラッキールーレット
70066,決算する
70067,"1.2000ミッションポイントを獲得できます
 2.ミッション完了後に対応するポイントを獲得できます
 3.シェアカードのレベルが上限に達するまで、獲得したポイントはシェアカードのレベルアップにのみ使用できます。上限に達した後は余剰ポイントを使用してラッキールーレットに参加し、より多くのレア報酬を獲得することができます
 4.デイリーミッション完了後はクールタイムに入ります。翌日クールタイムが終了すれば、またミッションを完了してポイントを獲得することができます"
70068,"1.シェアカードのレベルが上限に達したら、余剰ポイントでラッキールーレットに参加できます。参加するごとに一定数のポイントを消費します
 2.イベント終了後、今回のイベントで使用しなかった余剰ポイントはリセットされるため、次回のイベントでラッキールーレットに参加することはできません"
70069,"1.精算後、前回のイベントにおいて消費しなかった余剰分のポイントはリセットされます
 2.前回のイベントにおいて受け取っていない報酬があれば、宝箱を精算して倉庫に発送されます。倉庫に1マス以上の空きスペースがあるようにしてください
 3.宝箱をクリックすると、前回のイベントにおいてまだ受け取っていない報酬の内容をチェックすることができます"
70070,あなたのポイントは週の上限@1/@2に達しました。来週また頑張ってください
70071,あなたのポイントは月の上限@1/@2に達しました。来月また頑張ってください
70072,親愛なるミニ冒険者さん：大会が終了しました。前回の大会であなたは@1を購入しました。報酬を配りましたので、忘れないように受け取ってください。またイベントに参加して、大賞を狙ってくださいね
70073,現在のポイントが不足しているため抽選ができません
70074,バージョンが低すぎます。ゲームバージョンを更新してください
70075,精算に成功したので、あなたのメールアドレスに送りました
70076,ポイント
70077,抽選@1回
70078,宝箱を精算する
70079,シェアミッション
70080,大会ミッション
70101,雨林の暗殺者
70102,祭司収穫者
70103,大探険家
70104,果樹栽培者
70105,遊びに行く
70106,虫とり名人
70107,友達になろう
70108,見て！ガチャだよ
70109,心からのプレゼント
70110,友情の力
70111,収穫の季節
70199,脱アフリカ、ヨーロッパへ
70201,蛇の神を1回倒す
70202,雨林祭司を2回倒す
70203,マイガーデンで1回ペット探険する
70204,マイガーデンで「果樹」を1本栽培する
70205,他人のマイガーデンを1回チェックする
70206,他人の虫とりを1回手伝う
70207,個人センターで1人のプレイヤーをフォローする
70208,ショップガチャで1回抽選する
70209,スキンを1回贈呈する
70210,アバターを1回贈呈する
70211,金の果実を1回抽選する
70299,@Null@
70301,蛇の神を#r@1/1回倒す
70302,ペット@1/10回探険する
70303,対戦モードで@1/10回勝利する
70304,マップに#r@1/10回投げブロックする
70305,小さな果実を#r@1/10回抽選する
70306,ランキング
70307,順位
70308,ニックネーム
70309,ランク
70310,経験値
70311,フレンドランキング
70312,今日の経験値ランキング
70313,次の更新まであと：[color=#FFEB97]%s分[/color]
70314,繰入経験値は先週に完成しなかったミッションの経験値であり、最大は4400まで。
70315,（繰入経験値@1を含む）
70316,受け取る
70317,フレンド順位を確認
70318,サーバー順位を確認
70319,今週の経験値は上限に達しました
70320,現在のフレンド順位
70321,以下の報酬が貰えます
70322,現在のサーバー順位
70323,第@1位
70324,マップを体験したり、色々な冒険をしたりすることで、ジョイカードのレベルを上げることができます。レベルが高いほど、貰える報酬も多くなりますよ～
70399,@Null@
70400,#cFFF000688#cFFFFFF元分の報酬をアンロック
70401,(アップグレード後の還元)
70402,今すぐ還元
70403,永久スキン  ·  ニプロ
70404,アイコン枠      ·  礼遇舞踏会
70405,カスタマイズスキン  ·  ラッキーフロッグ
70406,カスタマイズスキン  ·  野外の休日
70407,18ドル
70408,68ドル
70409,118ドル
70410,6ドル
70411,割引
70412,今すぐアップグレード
70413,40
70414,50ドル
70415,シーズン中の購入は1回限り
70416,アップグレード
70417,シェアカードカードを購入し
70418,@レベル1にアップグレードすると、以下の特典が受けられます。
70419,全部受け取る
70420,無料！
70421,残り時間：@1
70422,チャレンジ
70423,今週の残り時間：@1
70424,すぐにレベル40にアップグレードする
70425,以下の特典は、購入後すぐに利用できます
70426,限定
70427,本日の購入制限
70428,本シーズンの購入制限
70429,行く
70430,タスク解除までにはまだ時間がある
70431,にアップグレード
70432,シェアカードを購入してゲット
70433,価値のボーナス
70434,ボーナスに向かう
70435,経験
70436,日
70437,時間
70438,分
70439,秒
70440,このアイテムを利用するには、シーズンシェアカードが必要となります。
70441,本日の交換数は上限に達しましたので、明日また来てください。
70442,本シーズンの交換数は上限に達しましたので、次のシーズンまた来てください。
70443,ポイント不足で交換できなかった
70444,新シーズンが始まりましたので、再度ご参加ください
70445,@1ポイントをかけて交換できます
70446,"【ミッション】
1、ミッションは週間ミッションとシーズンチャレンジの二種類があり、ミッションを完成すると経験値を獲得し、ジョイカードのレベルを上げ、相応のアイテムを手に入れることができます。
2、週間ミッションは複数回完成可能で、完成した後、経験値を自動的に獲得します。
3、週間ミッションによる経験値は上限があり、今週の経験値が上限に達していない場合、残りの経験値は来週の経験値上限に加わります（上限の最大値は8000）。
4、シーズンチャレンジは1回しか完成できず、完成した後、手動で経験値を受け取る必要があります。

【報酬】
1、シーズン終了後、ジョイカードのレベルと報酬はリセットされるので、忘れずに受け取ってください。
2、ジョイポイントは交換ショップでアイテムと交換できます。シーズン終了後、ジョイポイントはリセットされず、次のシーズンまで保存できます。

【ジョイカード&レベルの購入】
1、ジョイカードを購入するとより多くの報酬をアンロックすることができ、経験値パックを購入するとレベルを直接にLv.40まで引き上げることができます。
2、ジョイカードの最大レベルはLv.300で、最大レベルに達した後、経験値の購入も獲得もできなくなります。

【ランキング】
1、フレンドランキングはジョイカードのレベルに基づいて順位を決め、レベルが同じの場合、経験値に基づいて順位を決めます。
2、本日経験値ランキングは当日において、全サーバーのプレイヤーが獲得したジョイカード経験値に基づいて順位を決めます。
3、ランキングを確認するプレイヤーの数が多すぎる場合、データの更新に遅延が発生する可能性がありますので、暫くお待ちください。"
70447,受け取りに成功し、@1経験を得る
70448,万
70449,より多くの経験を得る
70450,広告を見ると、経験値が50増える
70451,残酷な拒否
70452,今すぐ見る
70453,今回のログインはもう提示しない
70454,#c31f474所有済み#n
70455,システムメンテナンス中
70456,操作失敗しました。携帯の設定をチェックしてください。それでも問題が解決しない場合は、カスタマーサービスまでご連絡ください。
70457,既に購入しました。再度購入はご遠慮ください。
70458,永久スキン  ·  ヴァレンナ
70459,アイコン枠      ·  自然の律動
70460,カスタマイズスキン  ·  純白の手紙
70461,専用スプレー  ·  いい子です
70462,ジョイカードはLv.[color=#F9FFAD]@1[/color]までアップできます！
70463,今シーズンのジョイカードレベルは上限に達したので、次のシーズンが来たらまた試してください
70464,新シーズンが開始しました。アップデートしてからもう一度試してください
70465,レベルが上限に達しました
70501,ご利用が成功すると、シェアカードの経験値が@1増加します。
70502,わーい、賞品があるよー。
70503,タスクをこなして、より多くのボーナスを手に入れよう
70504,さあ、タスクをこなしてください
70505,報酬
70506,クリックして続ける>>
70551,無料部分はチャージ金額には含まれません
70552,チャージ金額: #cFFD71C@1#n/@2 ミニビーン
70553,限定ボーナス
70554,任意の金額をチャージすると、限定の永久スキンがもらえます
70555,蓄積されたチャージ金額@1/@2のミニコインで、限定カスタムドレスアップがもらえます！
70556,ギフト
70557,今すぐチャージする
70558,受け取りへ
70559,アバター
70560,受け取りが成功しました。ボーナスはメールで配布されます、遅延する可能性がありますので、ご査収にご注意ください。
70561,ウィッシュ商人
70562,次回更新時間
70563,@1日後回数リセット
70564,累積購入報酬
70565,商品の更新
70566,今すぐウィッシュショップの賞品を更新する
70567,広告を見てミニポイントをゲット
70568,本日残りの視聴可能な広告数：@1
70569,すべてのボーナス（ボーナスプール残りの更新時間：@1）
70570,賞品を選ぶ
70571,キャプチャー1回
70572,キャプチャー10回
70573,今回選べる賞品
70574,大賞のリフレッシュ残り時間@1
70575,おめでとうございます。 以下のボーナスをゲット
70576,ミニポイント消費ボーナス
70577,広告を見る報酬
70578,消費@1ポイント
70579,@1回見る
70580,リフレッシュタイム：
70581,確認
70582,受け取る
70583,完成
70584,幸運の女神に祝福されて、あなたは大当たりした
70585,ウィッシュショップのアイテムを指定回数交換すると、追加のボーナスを受けることができます。 購入数や追加報酬は定期的にリセットされますので、不要な損失を避けるためにも、時間内に報酬をお受け取りください。
70586,新商品
70587,限定
70588,選択済み
70589,所有
70590,繰り返して受け取ることはできません
70591,該当するボーナスが見つかりません
70592,ボーナスの受け取りに成功しました。ショップへ行って確認してください。
70593,ボーナスは選べませんでした
70594,ミニコイン定期購入商品
70595,#L#c0aa1aプライバシーポリシー#n
70596,#L#c0aaa1a自動更新規約#n
70597,購読済み
70598,購読解除
70599,毎回引き換え
70600,残り配布：＠1回
70601,次回配布：@1
70602,購読の有効期限：@1
70603,初回購読ボーナス
70604,ミニコインの定期購読大割引
70605,@1ドル
70606,@1ドル
70607,@1ドル
70608,購読
70609,受け取る
70610,0.2
70611,30日ごとに1枚のミニコインを発行する
70612,月間購読
70613,＠1ドル/30日
70614,シーズン購読
70615,＠1ドル/90日
70616,半年間の定期購読
70617,＠1ドル/180日
70618,シーズン、半年間の期間限定割引
70619,確認
70620,選ぶ
70621,原価
70622,購読説明
70623,#cff3d2bサービスを自動有効にしようとしています。 これにより、選択した製品の期間が終了する前に、指定した口座から確認なしで更新料が引き落とされることに同意したことになります。#以下の内容が含まれます。 #n 毎月一回ミニコインを受け取ります。 その後は30日ごとに一回ミニコインを受け取ります。
70624,#cfa7a0f 商品を購読する: #n
70625,#cfa7a0f毎回受け取る：#n
70626,#cfa7a0f支払い：#n#ce0dcca他のアプリ内の商品を購入する。#n
70627,#cfa7a0f購読解除：#n#ce0dccaいつでもアプリショップで購読状態を確認し、解除が必要な購読を変更することができる。
70628,#cfa7a0f 更新: #n#ce0dcca 有効期間の終了時に自動的に更新され、更新が成功すると購読サイクルが1つの購読期間に延長されます。
70629,#cfa7a0f購読解除：#n#ce0dcca選択された支払いアプリの支払い設定から購読状況を確認し、解除が必要な購読を変更します。
70630,#L#c5aea0aプライバシープロトコル#n
70631,#L#c5aea0a自動更新契約書を読み、同意する#n
70632,閉じる
70633,購入する
70634,支払い
70635,ウィーチャット
70636,自動更新の契約内容を確認し、選択に同意してから購読する必要があります。
70637,購読した
70638,"あなたはミニコイン商品を定期購読することに成功して、初日にミニコインを受け取ることができます。
ネットワーク遅延で一時的に受け取ることができない場合は、後で更新してください。"
70639,初月のミニコインは受け取ることができます
70640,確認
70641,ミニコインの定期購読期限が切れたら注意してください
70642,"あなたのミニコインの定期購読サービスは満期になりました。
早く更新に行ってもっと多くのミニコインを受け取りましょう。"
70643,今すぐ購読を続ける
70644,ミニコインで定期購読する
70645,Alipay
70646,#ceeeaff高级#n
70647,#cfffde1スーパー#n
70648,原価：@1ドル/90日
70649,原価：@1ドル/180日
70650,@1ミニコイン
70651,インターネットに異常が発生しましたので、再操作してください。
70652,WeChatや第三者プラットフォームと定期購読すなわち自動チャージサービスを開設した後、WeChatや第三者プラットフォームはあなたが選択した商品周期に基づいて、商品周期が満期になる前に自動的に商品の更新を行ってくれます。このチャージは再確認する必要はありません。#r自動更新サービスのキャンセルが必要な場合は、以下の流れを参照してください：#rWeChat：WeChat携帯電話クライアントを開く→「私」をクリック→「支払い」を選択→右上の「…」をクリックしてください。→“料金徴収サービス”を選択→自動チャージをキャンセルするサービスをクリックする→“サービスをオフにする”を選択する。#rAppleユーザーがiPhoneやIPadを手動で開く“設定”→“iTunes StoreとApp Storeに入る”→“Apple ID”をクリックし、“Apple IDを見る”を選択し、「アカウント設定」ページに入り、「購読」をクリックし、「購読を解除する」サービスを選択し、その購読を解除すればいい。#rファーウェイのアプリストアユーザーが「設定」をクリックする→huaweiアカウントセンターをクリックする→「支払いと請求書」をクリックする→「自動料金徴収/無料支払い」をクリックします「購読解除が必要なサービス」を選択し、スライドボタンを左に閉じるといいです。#r贈呈詳細：#r18ドルで購読、毎回207個のミニコインを獲得し、贈呈幅は15%です。#r38ドルで定期購読して、毎回456ミニコインを獲得して、贈呈幅は20%です。#r
70653,@Null@
70654,あなたの購読期間は終了しました、もっとミニコインを得るために定期購読してください
70655,マイホーム - ペット用のバックパックを見てください。
70656,ミニミラクル
70657,期間限定セール
70658,ラッキーボックス
70659,遊び方説明
70660,後で回復
70661,ゲームを続ける
70662,無料ゲーム
70663,ゲームを始める
70664,よいところを見てすぐ受け取る.
70665,報酬ステージまであと@1ステージです
70666,おっ！小さな猿に遭遇！
70667,ボーナスを放棄する
70668,遊んでくれる
70669,ミニビーンをあげる
70670,残り
70671,回
70672,小さな猿はとても楽しくて、すべてのボーナスを返した！
70673,ボーナスを1個追加してあげます。
70674,ボーナスをもらって続けます
70675,わー！アンジェラスの祝福です。
70676,次のゲーム中小さな猿に抵抗も使えますよ。
70677,ゲームを続ける
70678,アンジェロスの祝福効果が触発された！
70679,小さな猿を追い払う
70680,ボーナスを残す
70681,ボーナスをもらって続けます
70682,終了しますか
70683,まだ
70684,クローズすればラッキーボックスを手に入れることができます
70685,ボーナスをもらって終了します
70686,挑戦を続ける
70687,小さな猿はとても楽しくて、すべてのボーナスを返した！
70688,ボーナスを追加してあげます。
70689,ボーナスをもらって続けます
70690,小さな猿はボーナスを全部奪ってしまいました。
70691,もう一回遊ぶ
70692,おめでとう！
70693,全てのラッキーボックスを開けることに成功しました！
70694,ボーナスを受ける
70695,もう一回
70696,体力不足で、ラッキーボックスのイベントに参加できません。下のボタンをクリックして広告を見たら無料でゲームできます。
70697,体力が足りない
70698,無料ゲーム（@1/@2）
70699,ラッキーボックス
70700,開くと、ボーナスや祝福がもらえます。
70701,気をつけ！
70702,ラッキーボックスには小さな猿が現れます。
70703,全てのボーナスを奪ってしまう！
70704,小さな猿を追い払う
70705,すべてのボーナスを保留することができますよ~
70706,パラメータエラー
70707,署名エラー
70708,システムエラー
70709,操作エラー
70710,データなし
70711,設定エラー
70712,アイテム追加失敗
70713,認証失敗
70714,アイテムが足りない
70715,回数が足りない
70716,体力が足りない
70717,最後のゲームに達しました
70718,小さな猿にバナナをあげてこそ、ゲームを飛び越えることができますよ。
70719,復活回数がありません
70720,空腹度がいっぱいです
70721,時間の範囲内ではない
70722,ラッキーボックスの活動は空腹度1点を増加します。
70723,操作が頻繁すぎますので、後でやり直してください。
70724,請求がタイムアウト
70725,既に所有のボーナス
70726,購入数は限度に達した
70727,現在はボーナスゲームですので、小さな猿に遭遇することはありません！
70728,サプライズ専属
70729,#c90205Dリフレッシュ時間：#n#cffe 3 dd@1#n
70730,広告を見る
70731,つかむ
70732,10個をつかむ
70733,@1使う
70734,@1または@2個
70735,1枚または10枚
70736,残高不足、ギフトパック購入失敗
70737,ギフトパック購入失敗
70738,特恵カウントダウン：
70739,"1、冒険家が様々なゲーム行為を終えたときにサプライズパッケージを触発する機会がある。
2、毎回トリガされたイベントパッケージは1回しか購入できず、購入が完了するとパッケージがなくなる。
3、各サプライズパッケージには単独のカウントダウンがあります。カウントダウンが終わるとパッケージが消えます。冒険家の皆さん、見逃してはいけませんよ！"
70740,報酬プレビュー
70741,1連
70742,10連
70743,収集進捗上げる！
70744,マウント選択
70745,収集進捗
70746,オンライン時間
70747,イベントチケットを購入する
70748,元気花火xをプレゼント
70749,マウント獲得
70750,最初に@1を獲得してください
70751,ロック解除アイテムを獲得しました
70752,すぐにロック解除する
70753,すぐに合成する
70754,ロック解除のアイテムはマウントガチャで入手できます。（遊びも、課金も適度にしましょう）
70755,@Null@
70756,@Null@
70757,@Null@
70758,会員の有効期間は十分長いですから、お金の無駄遣いは控えてくださいね。
70759,@Null@
70760,@Null@
70761,@Null@
70762,@Null@
70763,@Null@
70764,@Null@
70765,@Null@
70766,@Null@
70767,@Null@
70768,@Null@
70769,@Null@
70770,@Null@
70771,@Null@
70772,尊い身分
70773,赤色のニックネーム
70774,会員アイコン
70775,フレンドリストで一番上
70776,専用スキン
70777,個性的なアイコン枠
70778,個性的なバブル
70779,会員スタンプ
70780,専用スキン
70781,"ミニ会員について：

1、ミニ会員の有効期間において、以下の権利を有します：
    尊い身分：
    ①会員身分の象徴
    ②フレンドリストで一番上（フレンドリストで上位を占める）
    ③入場通知
    専用スキンの使用権：
    ①個性的なアイコン枠（アイコン枠機能で確認・使用できる）
    ②個性的なバブル（チャット画面で確認・使用できる）
    会員スタンプ（チャット画面で確認・使用できる）
    ④専用スキン - 蒼鴻（ショップ-スキンで確認・使用できる）
    ⑤専用スキン - 雲臙（ショップ-スキンで確認・使用できる）
    専用機能
    ①追加で倉庫位置を50個獲得
    ②追加でカスタマイズスキン位置を5つ獲得
    ③クラウドルームでメンバーを追放できる
    ④ガーデンの果実熟成時間が10%短縮
    ⑤ガーデンでは、48時間毎に必ず金色果実が1枚出現实

2、有効期限：購入した当日から、「日」を単位として計算される

3、価格及び有効期間
      1ヶ月：ミニコイン×99、購入すると31日の有効期間を獲得する
      3ヶ月：ミニコイン×297、購入すると93日の有効期間を獲得する
      6ヶ月：ミニコイン×594、購入すると186日の有効期間を獲得する
      12ヶ月：ミニコイン×1188、購入すると372日の有効期間を獲得する

4、当会員の有効期間が365日以下の場合のみ、会員を購入することができる"
70782,ミニ会員
70783,会員
70784,あなたはミニ会員ではありません。
70785,会員の有効期間
70786,会員資格継続
70787,すぐに購入
70788,あなたは会員ではありませんよ
70789,アイコン枠ロック中
70790,スキンロック中
70791,イベントはまだ始まっていません
70792,@1日
70793,@1時間
70794,@1分
70795,@1秒
70796,イベント終了
70797,イベント開催時間は未定です。開催時間ご注意ください。
70798,イベント終了しました。開催時間ご注意ください。
70799,今回のイベントの残り時間：
70800,祝福を受けた後、最初のボーナスアイテムが2倍になる
70801,すごい！Popoからのダブルの祝福です。
70802,シーズンは終了しました。報酬を受け取って、新しいシーズンを再開してください。
70803,バージョンが古すぎます。新バージョンで体験してください
70804,イベント期間：@1月@2日-@3月@4日
70805,受け取る（通常）
70806,受け取る（会心）
70807,期間限定：@1
70808,受け取った後、累計された収益は最初から計算されますから、明日また来てくださいね～
70809,ミニポイントオフライン收益予備
70810,ミニポイントオフライン收益予備
70811,ミニポイントオフライン收益予備
70812,ミニポイントオフライン收益予備
70813,ミニポイントオフライン收益予備
70814,ミニポイントオフライン收益予備
70815,幸運ブロック予備
70816,幸運ブロック予備
70817,幸運ブロック予備
70818,幸運ブロック予備
70819,幸運ブロック予備
70820,幸運ブロック予備
70821,会員有効期間内に使用可能
70822,体験カード使用完了
70823,会員体験カードの使用回数が上限に達しました
70824,会員は間もなく期限切れになります。会員資格の継続を忘れないでね～
70825,会員専用スタンプは会員しか使えませんよ
70826,ルール
70827,ミニコインで購入
70828,日本円で購入
70829,@1<font size='26'>ヶ月</font>
70830,@1に期限切れ、会員資格継続を行うと有効期間は伸びます
70831,このアイテムをアンロックするには、#c0aaa1a@1×@2#nが必要です。#cfa7a0fミニビーン#nまたは#cfa7a0fミニポイント#nで交換できます
70832,特権
70833,要求/贈与
70834,TIPS
70835,おめでとう！あなたはミニ会員になりました！下記の会員権利を自動的に使用しますか？\n\n1、会員専用アイコン枠\n2、会員専用バブル\n3、会員専用スキン
70836,￥
70837,@1ミニコインのおまけ
70838,割引
70839,ミニ会員はメールで@1に送られました。メールが遅れることがありますので、フレンドにもう一度ログインして確認するようリマインドしてください。
70840,会員要求
70841,あなたをミニランドで一番輝く存在にする
70842,このプレゼント、気に入ってくれたらいいな
70843,いつまでも幸せでありますように！
70844,誕生日プレゼントに@1がほしいな！
70845,@1をください！
70846,@1が好きです！この願い、叶えてくれませんか
70847,親友よ、@1をもらっていいかな
70848,会員要求拒否の通知
70849,申し訳ございませんが、@1に@2を要求しましたが、拒否されました。他の仲間に聞いてみましょう～
70850,#r（受け取った後、倉庫で確認・使用してください）
70851,あなたは既に@1をフレンドに贈りましたので、同じことを何度もしないでください
70852,"倉庫容量はミニコインで購入できます。また、会員になることで拡張できます

現在のデフォルト倉庫容量：#c0aaa1a@1#n個
購入でアンロックされる倉庫容量：#c0aaa1a@2#n個
会員特権による倉庫容量：#cD13B3B@3#n個"
70853,倉庫容量について
70854,倉庫容量の拡張は上限に達したので、これ以上購入できません～
70855,カスタマイズスキンについて
70856,"カスタマイズスキン容量はミニビーン/ミニコインで購入できます。また、会員になることで拡張できます

現在のデフォルトスキン容量：#c0aaa1a@1#n個
購入でアンロックされるスキン容量：#c0aaa1a@2#n個
会員特権によるスキン容量：#cD13B3B@3#n個"
70857,会員になる
70858,スキン容量を購入
70859,会員が期限切れになりましたので、資格継続を行わないと使用できません
70860,スキン容量の拡張は上限に達したので、これ以上購入できません
70861,あなたは#c0aaa1a@1×@2#nを消費し、#cfa7a0f倉庫容量×@3#nを購入します。よろしいですか？#r（課金はほどほどにね）
70862,"現在の倉庫容量：#c0aaa1a@1#n個
購入後の倉庫容量：#c0aaa1a@2#n個"
70863,#cfa7a0f私の#n倉庫容量変化：
70871,#cfa7a0f私の#nスキン容量変化：
70872,"現在のスキン容量：#c0aaa1a@1#n
購入後のスキン容量：#c0aaa1a@2#n"
70873,倉庫容量を購入
70874,無効なVIP
70875,追放機能クールダウン中
70876,追放回数がなくなりました
70877,購入すると[color=#ef2d2d]スーパー会員パック[/color]+[color=#ef2d2d]4GBの専用通信量/月[/color]を獲得
70878,25元の電話料金で定期購読
70879,定期購読
70880,通信サービス提供会社による会員料金支払い予備
70881,あなたが購入したパックの残り時間は十分長いので、これ以上購入できません～
70882,残りの有効期間
70883,#r残りの有効期間：#c0ABA1D@1#n
70884,間もなく期限切れになるスキン割引券がありますので、ご留意ください
70885,通信サービス提供会社の支払いページへ移動中…
70886,定期購読完了、メールで受け取ってください
70887,定期購読に問題が発生しました？
70888,定期購読について
70889,"1、25元の電話料金でスーパー会員パックを定期購読できます。定期購読期間中、月ごとにミニ会員月間パス（31日）、ミニコイン×200、イベントチケット×1、歓楽パック、みんなの繋がりアイコン枠（30日）、ミニワールド専用通信量×4GBを獲得できます
2、定期購読に成功した後、ミニコイン×200は直接に当該ミニIDに入金され、他の報酬はメールで配布されますので、忘れずに受け取ってください
3、現在のところ、China unicomの携帯番号でしか購入できません。詳細は10010にお問い合わせください"
70900,祝儀を送る
70901,祝儀種類を選んでください
70902,祝儀祝福
70903,ミニワールドでの冒険が順調に進みますように
70904,ミニワールドであなたを待っているよ
70905,金運にも恋愛運にも恵まれますように
70906,明けましておめでとう！
70907,[フレンド名]
70908,@1誕生日おめでとう
70909,@1明けましておめでとう
70910,祝儀を送る
70911,フレンドを選ぶ
70912,ゲット
70913,最悪だ
70914,祝儀が消えちゃった
70915,フレンドを選ぶ
70916,フレンドがいません。他の祝福を選んでください
70917,他のユーザーが祝儀を送信していますので、少々お待ちください
70918,"1、全てのユーザーがルーム内のメンバーに祝儀を送ることができます
2、祝儀の枚数は指定できるが、それぞれの金額はランダムです。祝儀の枚数は祝儀選択画面で確認できます
3、祝儀祝福は特定のフレンドを選ぶことができますが、祝儀自体は全てのユーザーが獲得できます
4、祝儀を獲得した後、受け取る必要はなく、直接に入金されます
5、残りの金額は祝儀を送った者に返金されます
。具体的な情報はシステム通知で確認できます
6、祝儀から獲得したミニコインは贈与・祝儀などの機能で使用できません
7、システム贈与・コレクション販売・祝儀で獲得したミニコインは祝儀機能で使用できません"
70919,@1が@2個の@3を獲得しました
70920,本日の祝儀獲得数が上限に達しましたので、明日また来てください。
70921,本日に送った祝儀数が上限に達しましたので、明日また来てください。
70922,祝儀が消えちゃいました
70923,この祝儀は期限切れです
70924,祝儀開放中…
70925,ラッキー祝儀
70926,限定特典
70927,公平無私
70928,福運パック
70929,堆金積玉
70930,ルーム内
70931,あなたのミニコインが足りません。チャージしてから祝儀を送ってください（システム贈与・コレクション販売・祝儀で獲得したミニコインは祝儀機能で使用できません）
70932,@1からの祝儀
70933,@1個の祝儀
70934,祝儀について
70935,送りました
70936,操作に失敗しました。後で再試行してください
70937,富貴福沢
70938,快活愉快
70939,猪突猛進
70940,2023、いいことありますように
70941,新春万福
70942,一樹百穫
70951,プレゼント
70952,無料
70953,広告を見る
70954,x@1
70955,@1ミニコイン
70956,@1ミニビーン
70957,贈与
70958,魅力値について
70959,友好ギフトを受け取った後魅力値は上がります。ギフトの種類によって、魅力値も異なります
70960,相手の魅力値@1
70961,現在の魅力値：@1
70962,素晴らしいね、この花、受け取って
70963,健やかに新春をお迎えのこととお慶び申し上げます
70964,大事なものは大切にするべき
70965,効果を確認
70966,あなたは#c0a7fef「@1」#nに#c0aaa1a@2×「@3」#nを送り、友好値#c0aaa1a+@4#n
70967,#c0a7fef「@1」#nから#c0aaa1a@2×「@3」#nをもらい、友好値#c0aaa1a+@4#n、魅力値+#c0aaa1a+@5#n
70968,お返し
70969,「@1」との友好値は本日の上限に達したため、ギフトを送っても友好値は増えませんが、よろしいですか？
70970,そのまま送る
70971,取り消す
70972,@1個の#c0aaa1a「@2」#nを貰いました
70973,#c0aaa1a「@1」#nから#c0aaa1a@2×「@3」#nをもらい、魅力値+#c0aaa1a+@4#n、双方の友好値+#c0aaa1a+@5#n。ギフト情報はチャット画面で確認できます。
70974,#c0a7fef「@1」#nからの友好ギフトを貰いました。1.23.0 以上のバージョンにアップデートしてから確認してください。
70975,友好ギフト
70976,"1、友好ギフトを送ると二人の友好値が増加し、ギフトを貰う側は更に魅力値を獲得できます
2、個人センターで魅力値及び貰った友好ギフトが表示されます"
70977,友好値@1
70978,ギフトを送る
70979,使用後、友好値+@1点
70980,今月の祝儀金額が上限に達しました
70981,相手の今月の祝儀金額獲得数が上限に達しました
70982,TIPS
70983,友好値が足りません
70984,@1に@2×@3を送りました
70985,祝儀を選ぶ
70986,@1への祝儀を選ぶ
70987,@1からの@2×@3が届きました。忘れずに受け取ってください
70988,祝儀を送りました
70989,今は送ることができません。後でもう一度試してください
70990,QRコードをスキャンし、@1@2ミニコインをゲットしよう
70991,登録時間が足りないので、祝儀機能は使えません
70992,@1があなたに@2×@3を送りました
70993,唯一無に
70994,福運の恵み
70995,出会いに感謝を
70996,お小遣い
70997,猗頓之富
70998,安閑恬静
70999,安常処順
71000,十全健康
71001,大賞獲得をシェアする ミニ新サプライズ
71002,#c657476イベント期間：#n#c0aaa1a毎週月曜から日曜#n
71003,今週のシェア済み：#c0aaa1a@1日#n
71004,フレンドシェア。毎日ボーナスを受け取れます
71005,"1.イベントの固定サイクル：月曜から日曜まで
 2.毎日の初回シェアでシェア日数が累計され、累計進行状況が指定の日数に達すると対応する報酬がアンロックされます。月曜日からの新サイクルが始まると、元の進行状況は再設定されます。
 3.その週の累計シェアが7日になると最後の大賞がアンロックされます"
71006,毎日初回シェアするとゲット
71007,通知
71008,@Null@
71009,@Null@
71010,@Null@
71011,@Null@
71012,@Null@
71013,@Null@
71014,初心者ボーナス
71015,時間限定セール
71016,全員特別セール
71017,クラシックスキン。時間限定セール
71018,特権説明：新規プレイヤーのキャラクター作成後9日以内有効
71019,人気マウント。VIPセール
71020,特権説明：新規プレイヤーのキャラクター作成後9日以内有効
71021,（イベントカウントダウン：#c0ABA1D@1#n）
71022,クラシックスキン。時間限定セール
71023,特権説明：イベント期間中有効
71024,人気マウント。VIPセール
71025,特権説明：イベント期間中有効
71026,大賞
71027,累計1日
71028,累計3日
71029,累計5日
71030,累計7日
71031,@1のマウント@2は期限に達しました。このマウントはすでに消去されました
71032,視聴広告の無料復活
71033,極上のサバイバルアイテムを獲得します
71034,続けて探険し、所持しているアイテムをドロップしない
71035,HOT
71036,NEW
71037,このアカウントに紐づけされた携帯番号を入力してください
71038,このアカウントに紐づけされたメールアドレスを入力してください
71039,ルール紹介
71040,"1.イベントに参加しているプレイヤーには、ショップ内の一部ドレスアップのタイムセールが行われます。
 2.イベント終了後、セール中のスキンドレスアップの価格は定価に戻ります。この機会をお見逃しなく。
 3.より素晴らしいボーナスが、今後次々と開放されます。乞うご期待！"
71041,開くと必ずドレスアップのカケラ×1と以下の1つをランダムで獲得します：永久スキンまたはスキン体験カード1枚（@1、@2、@3、@4）
71042,すぐにギフトパックを開きますか？
71043,数量#c0aaa1a@1#n
71044,（別途#c0aaa1a@1#n贈呈）
71045,1回の購入で#c0aaa1a@1に達すると@2が贈呈されます#n
71046,必ず出ます
71047,永久
71048,体験
71049,すぐに使用します
71050,あとで開きます
71051,まず低レベルのマウントを取得してください
71052,@1: すでに所有
71053,ラッキー値
71054,ラッキー値が高いほど、永久スキンを取得する可能性が高くなります。 ラッキー値がいっぱいになると、きっと永久のスキンが得られます。
72002,[color=#657476]イベント時間：[/color][color=#0aaa1a]毎週月曜日から日曜日[/color]
72003,今週のシェア日数：[color=#0aaa1a]@1日[/color]
75000,@Null@
75001,週末の贈り物
75002,ドラマ
75003,ドラマデータなし
75101,幸せになれよ
75102,万事順調で、願い事がかないますように
75103,何年もの間、絶え間なく付き添おう
75104,安常処順、十全健康
75105,喜びと安らぎをあなたに
75106,絶え間なく愛されますように
75107,幸せな日々を送れますように
75108,楽しくやっていこう
75109,"ミニコイン無料購入イベントについて
（1）イベント期間：@1-@2 
（2）祝儀受領：受領ボタンをクリックすると、ALIPAYへ移動して祝儀を受け取ることができます。祝儀は最大6元で、当該ALIPAYアカウントに保存されます
（3）ミニコイン購入：ゲーム内でミニコインを購入し、支払い画面に進んだ後、先ほど受け取った祝儀は自動的に相応の金額の代わりに使えます。祝儀を使用した後、金額がマイナスにならないように気を付けてください。6元の祝儀を使い、1元をチャージする時、実際に支払う金額は0元になります
（4）祝儀のルール：App StoreでALIPAYの支払い情報を設定した後、祝儀は使用可能になります 
（5）今回のイベントはApp Store限定のイベントです 
（6）今回のイベントに参加するには、ALIPAYで実名認証を行い、本人が18歳以上の必要があります"
75200,
80000,@Null@
80001,@Null@
80002,プラネット旅行
80003,ミラプラネット
80004,炎プラネット
80005,萌目プラネット
80006,現時点
80007,プラネット紹介
80008,資源が豊富で生態系が多様な美しいプラネット。#r#r危険度：#c0aa1a低い#n#r要輸送カプセル：#c0a7fef1レベル#n#r#rコンソール起動後、近くの輸送カプセルで星間旅行開始
80009,"恒星に近いためマグマに覆われた高温のプラネットで、その過酷な環境から非常に危険な ""生物 ""が誕生しています。 ""三神器 ""のひとつである ""炎の剣 ""は、巨大な飛竜に守られ、ここに保管されている。 #r#r危険度：#cfa7a0f 中#n#r輸送ポッドの条件：#cfa7a0f レベル2#n#r旅のアドバイス：#cef2d2d暑い気候#n、耐火バックパック推奨#r#rこのプラネットに行くには、#c0aaa1aアップグレード要素タイプA#nアップグレード ポッドが必要（ミラプラネット空島で入手できると噂されている）。"
80010,プラネットミラの唯一の月で、大気は薄く、一年中暗闇に包まれている。 #rこの惑星は生物学的には希少だが、硬い高級鉱物が多数存在する#r#r危険度：#cef2d2d高#n#r輸送カプセルの条件：#cfa7a0f2レベル#n#r旅のアドバイス：#cef2d2d酸素は希少#n、酸素マスクを持つことを推奨#rプラネットへの移動には、#c0aaa1aアップグレード要素タイプA#nアップグレード輸送カプセルを使用しなければなりません ( 合成材料はミラプラネット空島で手に入る)
80011,出発！
80012,近くのテレポーターに乗ってプラネットの旅を始めてください
80013,@1-@2@3ステーション
80014,テレポーテーションの目的地を選択する
80015,"位置: @1, 高さ@2"
80016,コスト
80017,プラネットを切り替える
80018,輸送
80019,スターステーションがアクティブされました
80020,テレポーテーションの目的地を選択する
80021,サイトを選択
80022,Starlink オンライン、送信の準備中。
80023,目的地: @1
80024,カウントダウン：@1
80025,輸送一時停止
80026,スターリンクをオフにする
80027,輸送を続ける
80028,スターステーションはアクティブされていない
80029,アクティブされたコンソールがありません。エネルギーコアを使用して近くのコンソールをアクティブ化してください
80030,スターリンクが異常で輸送が中断されている
80031,目的地がアクティブされておらず、輸送失敗
80032,テレポーターのレベルが不十分です。まずアップグレードパーツを使用して、テレポーターをアップグレードしてください
80033,@1に無事に到着しました
80034,あなたはスターリンクによって@1の未知の場所に輸送されました
80035,アップグレード成功！ テレポーターでもっと多くのプラネットに旅行することができます！
80036,三角ドア
80037,未知の場所
80038,未知
80039,テレポーターが使用中です。しばらくしてからもう一度お試しください
80040,アクティベーションが成功すると、近くのテレポーターで旅行を開始できます?
80041,この行動はテレポーターでは実行できません
80100,@Null@
80101,英雄の石碑
80102,"ミラプラネットの雨林の聖なる果実#r
炎プラネットのヒーローソード#r
萌目プラネットの知恵のストーンアイ#r
聖なる物が集まるとき、封印が解かれ、邪悪な影が正体を見せます"
80103,勇気の石碑
80104,"昔の英雄は悪と戦い、故郷の平和を守った#r
勝利の行進は聖物となって炎の国に保管される#r
巨大なものが宣誓を記憶し、勇者のふるさとへの帰還を願う"
80105,知恵の石碑
80106,"主人公は虚空の三角形を封印し、悪の残像は四方八方に逃げる#r
遠古巨像が無人の荒野を調べ、知恵の聖なる物を守る#r
ブルーダイヤモンドブロック、クジャクブロック、銅星ブロック、紫の蛍光石ブロックをかわいい目の石像の周りに置いて、遠古巨像を直面する。"
80107,炎の遺跡を探す
80200,@Null@
80201,座標：(#ca16b00@1，@2)
80202,高度：#ca16b00@1
80203,#ca16b00@1#n日目
80204,マークポイント#ca16b00@1/@2 を置く
80205,他のプレイヤーから見える
80206,マップでの他プレイヤーが自分の位置を見える
80207,マップでの他プレイヤーが自分の位置を見えない
80208,マークポイント
80209,マークポイント
80210,名称
80211,洞窟
80212,食材
80213,物資
80214,植物
80215,鉱石
80216,ベッド
80217,ホーム
80218,パターン
80219,トラック
80220,削除
80221,トラッキングをキャンセル
80222,確定
80223,準備ポイント
80224,最後の倒された場所
80225,アクティベートされたスターステーション
80226,タオムトーテムのマーク
80227,ボス
80228,ポータル
80229,激しい炎の剣
80230,プレイヤー位置
80231,マークポイントの追加方法
80232,任意の空白領域をクリックすると、マークポイントの配置画面が表示され、マークポイントのパターンや名称を設定することができます。
80233,マークポイントの数が上限に達したため、一部を削除して、再度追加を試みてください。
80234,マークされた@1/@2
80235,3Dミニマップ
80236,最初の記録点，敗れた後、再度試すをクリックするとここで復活します。石像を使って記録点を変えることができる
80237,敗北の場所
80238,すでにアクティベートスターステーション，スターステーションを使って、他の星に冒険することができる
80239,Boss
80240,危険な生物はここでいる，戦闘力が足りない時は離れてください
80241,謎の転送ゲート，設定した場所に転送できます
80242,激しい炎の剣
80243,昔の住民とブラックドラゴンの長年のパートナーシップの象徴であり、「ヴォイド・インベイジョン」での勝利後、ヴォイド・ファントムを封印した3つの鍵の1つを握っています。
80244,ドロップクリスタル
80245,あなたがドロップしたアイテムはドロップクリスタルに保存されます
80300,
80301,近くにモンスターがいる，眠れない!
80302,アクション視点
80303,アイテムの並べ替え
80304,物理防御
80305,元素防御
80306,移動スピードアップ
80307,走行速度
80308,ストーキング速度
80309,走る速度
80310,水泳速度
80311,開拓速度
80312,血量
80313,体力
80314,シールズ
80315,忍耐力
80316,酸素
80317,スターエネルギー
80318,乗り物
80319,食物
80320,武器
80321,創造
80322,獲得方法
80323,属性
80324,製錬原料
80325,攻撃力
80326,温度
80327,低温防御
80328,高温防御
85000,@Null@
85001,@Null@
85002,星をさしあげる*1
85003,出発
85004,復活ポイントが保存されました
85005,星の数が不足
85006,謎の彫像
85007,拠点の場所が保存されました。再びアクティブ化する必要はありません
85010,スターステーションコンソール
85011,"ビープ...ビープ...、こんにちは、これはスターステーションコンソールです。
右側のメニューでご希望のサービスをお選びいただけます。"
85012,設備の状態を確認する
85013,拠点の場所を記録する
85014,プラネット旅行ガイドを見る
85015,"現在のコンソールの状態—————————— @1
現在接続されている輸送キャビンの数は—————— @2
マップマーキング機能————————— @3"
85016,アクティブした
85017,アクティブしてない
85018,オンにする
85019,オフにする
85020,@1マップマーキング機能
85021,メインメニューに戻る
85022,"ビープ..！マップマーキング機能は@1！
ミニマップでスターステーションマークのステータスが更新されました。
注：ミニマップには、最大10個のスターステーションをマークできます。"
85023,ビープ...！ 星を1つ使うだけで、このステーションに拠点の位置座標を記録できます。
85024,【星*1使う】拠点の場所を記録します
85025,ポー...！ 星を提供していただきありがとうございます、拠点の場所はこのステーションに正常に記録されました！
85026,スターステーションの位置情報を放送する
85027,私はスターステーション@1、座標（@2）高さ@3にいます
85030,彫像を復活する
85031,石像に書かれた線は、言葉のように見え、絵のような形をしていて、今まで見たことのない文字で、まるで別世界の言葉であるかのようです。 しかし、なぜかあなたの頭の中で、石像と「星」の間には切っても切れないつながりがあると言うような声が生じる......。
85032,「他に星はありますか？ 私の力と交換します。」---彫像に触れると、ブラックドラゴンの声が響き渡りました。
85033,「他に星はありますか？ 私の力と交換します。」---彫像に触れると、ブラックドラゴンの声が響き渡りました。
85034,"「他に星はありますか？ 私の力と交換します。」
---彫像に触れると、ブラックドラゴンの声が響き渡りました。"
85035,「星をくれ。創造の力があなたを永遠に導きますように。」---彫像に触れると、巨人の力を感じました。
85036,星一つをさしあげる
85037,もう一度考えさせてください
85038,"星をさしあげた後、あなたは彫像とのつながりを感じ、そして心の声は徐々に消えていきます...
厄にあうとき、冒険は像から再開されます。"
85039,出発
85500,@Null@
85600,@Null@
85601,ボイドファントム-迅を倒す
85602,火山の祭壇
85603,封印が解かれた！ ヴォイドファントムは非常に弱くなったので、倒してください！
85604,逃げるボイドファントムを追撃する
85605,火山平野
85606,ボイドファントムは負傷して逃げ出し、再び隠れて力を取り戻したい！勝利に乗じて追撃しろ！
85607,誰！敢えて俺の計画を台無しにする！
85608,一旦…撤退...
85609,挑戦者あきらめなさい！俺は離れない！
85610,現実はすべて幻想である！ 炎の主よ、私の命令に従え！
85611,現実はすべて幻想である！ 古代の巨像よ、私の命令に従え！
85612,くっ...私の計画は...失敗した......だが、虚空は...必ず復活する......ウハハハハハハハ............。
85613,ボイドファントム-猛を倒す
85614,火山平野
85615,プラネットのエネルギーを吸い尽くしたボイドファントムが、地下に潜って復活しようとしている。 今すぐ彼を阻止せよ！
85616,俺にあなたのエネルギーをください、挑戦者
85617,生命の力をください！ 私の使徒たち！
86000,@Null@
86001,フィードトラフはフィードでいっぱいです！
86002,対応するフィードのみを置く
86003,フィードトラフは草の飼料または肉の飼料しか入れることができません
86004,ミラプラネットは本当に豊饒なプラネットです。機会があれば私のプラネットに来てね
86005,空島平原
86006,光の力が強すぎて、人の体は短時間であまりにも多くの光の力に耐えることができません。
86007,お祭りショップ
86008,お祭りショップ#c0aba1d（@1-@2限定開催）#n
86009,お祭りの花球はどうやって入手しますか
86010,冒険モードで#c0aba1d謎の鳥#nを見つけて、鳥からのパズルを解答すると、お祭りの花球#r#r·を入手できます。c0aba1d月餅#nを食べると、お祭りの花球#r#r·を入手の可能性があります。#c0aba1dランタン#nを使って、天狗の事件を解決するとお祭りの花球も入手できます。
86011,お祭りの花球
86012,今夜は天狗が月を食うので、ランタンで天狗を追い払おう!
86013,ランタンで天狗を追い払うことに成功して、月の神様から賞品をいただきました!
86014,犬は月を食べて、あなたは暗い夜を生き延びた
86015,謎の鳥は幸せそうに去っていき、お祭りのお祭りの花球を残った
86016,ある子供がパズルに答えています
86017,謎の鳥は煙になって、消えました
86018,おいおい。 ある子供はきみを待つ鳥を追い払ってしまいました。
86019,犬の月食の影響で、しばらく眠れません。
86020,あなたの友人はパズルに答えています、彼の邪魔をしないでください。
86021,ベッドから出る
86022,ははははは、買いたいものがありますか？
86023,ほら、来て見てください、絶対安値の商品ですよ！
86024,ブロックの形
86025,フィレット
86026,ちょっかく
86027,匿名
86028,海辺で釣るは落ち着いていて，船で海に出て釣るのは別の感じ
86029,これら全部は上品な材料で作られた家具です，どれを買いたいですか?
86030,すべて荷物がここにあります，さっさと売ってください，私を気にしないでください!
86031,鋸歯状シダを気を付けて
86032,#c0aba1dダイビング服#nは水圧の問題を解決して、酸素を使用を減らすことができる
86033,ココナッツを気を付けて
86034,初心者ガイドを終了しても宜しいですか？
86035,（破損）
86036,現在の武器/ツールが壊れたので、スキルを使うことができません。速やかに修理してください！
86038,チャージ
86039,@selfは低温の中気絶した…
86040,@selfは氷に凍傷された
86041,@selfは高温で燃え始めた
86042,右クリック：雪玉を作る。左クリック：チャージ。スペース：ジャンプ/脱離
86043,ミニマップ固定
86044,ルーム招待ホップアップ
86045,フレンド追従許可
86046,FPS表示
86047,バブル
86048,持続タイマー
86049,謎の力の影響を受け、#r【探険を続ける】を選ぶ#rのに必要とするス#rターの数が増加します（#c0aaa1aスター×@1#n）。#rカウントダウン終了後#rに自動的に戻ります。
86050,消去
86051,現在のカウントダウンを消去するために#c0aaa1a星星×@1#nを消費しますか？
86052,モード：
86053,難易度：
86054,簡単
86055,通常
86056,死亡回数が多いため、【難易度：簡単】に変更しますか？いつでも【マップ設定】にて難易度を変更できます
86057,あなたが失くしたアイテム壺は【@1】に破壊されました
86058,難易度切替成功
86059,難易度を下げる
86060,難易度を上げる
86061,【難易度：通常】に切り替えた後、ゲームの難易度は上がります。難易度はモンスターの強さとスタミナ消費にしか影響しません。難易度を切り替えますか？
86062,【難易度：簡単】に切り替えた後、気楽に冒険を体験できます。難易度はモンスターの強さとスタミナ消費にしか影響しません。難易度を切り替えますか？
86063,難易度はモンスターの強さとスタミナ消費にしか影響しません
86064,こんにちは、冒険者さん！私は行商人見習いで、近くを回って商品を持ってきますよ。ベッドを一ついただいて、ここで常駐してもいいですか？
86065,熱帯雨林から逃げ帰ってきた時、空飛ぶ野蛮人たちに追いかけられたんです！しかも翼のついた大きな蛇に唾を吐きかけられました！ああ、むかつく！
86066,危なかったです！砂漠のオアシスから持ってきた商品は危うくあの虫に飲み込まれるところだったんです！
86067,ハクション～～～氷原は寒すぎて、もう絶対行きたくありません。あとゴリラが村にはびこってるのを遠くから見ましたよ、本当に失礼です！
86068,あれ、なんで私が浜辺で黄金の魚を釣ったことを知っていますか？
86069,凍結攻撃
86070,撃退防御性
86071,ゲームの難易度を切り替えられます。【難易度：簡単】に変更しますか？いつでも【マップ設定】にて難易度を変更できます
90000,@Null@
90001,完了
90002,進行中
90003,ロック解除されていない
90004,前提任務： @1
90005,報酬：
90006,追跡
90007,報酬を受け取るには、右側のタスクボタンをクリックしてください
90008,報酬は自動的に配布されました
90009,あなたはを@1獲得しました
90010,完了した
90011,受領可
90012,追跡
90013,達成
90014,目標
90015,タスク
90016,全部受け取る
90017,タスク追跡
90018,目標達成
90019,メインライン
90020,生産
90021,戦闘
90022,探索
90023,予備作業：
90024,受け取る
90025,ラミロボット
90100,@Null@
90101,ラミ-027
90200,
100001,アイテム
100002,弓
100003,投擲
100004,銃器
100005,武器
100006,装備
100007,食べ物
100008,飼料
100009,植物
100010,リソース
100011,建築
100012,建材
100013,家具
100014,装飾
100015,ブロック
100016,地形
100017,スターエナジー装置
100018,特殊ブロック
100019,特殊雑用品
100020,特殊作物
100021,モード
100022,生物
100023,機械
100100,@Null@
100101,マイガーデン植物の果実からカケラ合成を獲得
100102,イベントでカケラ合成を獲得
100103,元宵ボーナスイベントでカケラ合成を獲得
100104,感謝ボーナス周年イベントでカケラ合成を獲得
100105,春節ボーナスイベントでカケラ合成を獲得
100106,ミニビーン購入
100107,レシピを獲得すると製作可能
100200,@Null@
100201,#L安全認証
100202,パスワードを設定しないと有効にできません
100203,紐づけを完了させないと有効にできません
100204,安全認証を有効にしてから別のデバイスで初めてログインする際、すでに紐づけされたアイテムのうちの1つを認証する必要があります
100205,認証ログイン
100206,あなたのアカウントの安全を守るため、最初に認証ログインを行ってください。
100207,携帯認証
100208,メールアドレス認証
100209,紐づけ解除
100210,メールアドレスの紐づけ解除
100211,スマートフォンの紐づけ解除
100212,メールアドレスの紐づけ解除には紐づけされたメールアドレスの認証コードによる認証が必要です。紐づけ解除後にメールアドレスの紐づけを再度行うことができます。
100213,スマートフォンの紐づけ解除には紐づけされたスマートフォンの認証コードによる認証が必要です。紐づけ解除後にスマートフォンの紐づけを再度行うことができます。
100214,紐づけ解除に成功しました
100215,紐づけ解除に失敗しました。メールアドレスと認証コードを確認してください
100216,紐づけ解除に失敗しました。スマートフォンの番号と認証コードを確認してください
100217,認証に失敗しました。メールアドレスと認証コードを確認してください
100218,認証に失敗しました。スマートフォンの番号と認証コードを確認してください
100219,ミニワールドログイン認証コード
100220,ミニワールド紐づけ認証コード
100221,【ミニワールド】認証コードは@1です。あなたは現在スマートフォンの紐づけを行っています。認証コードは1時間有効です。認証コードが失効した場合ゲーム内で再操作してください！
100222,ミニワールド紐づけ解除認証コード
100223,"【ミニワールド】の認証コードは@1です。検証ログインをしています。認証コードは1時間の内に有効です。認証コードは失効する場合は、ゲームへもう一度やってください。
 -------------------------------------------------------------------------------------------
問い合わせ：miniworldcustomerservice@gmail.com"
100224,【ミニワールド】の認証コードは@1です。携帯電話との連携をしています。認証コードは1時間の内に有効です。認証コードは失効する場合は、ゲームへもう一度やってください。
100225,ミニワールドのアカウントとの連携を解除する認証コード
100226,"【ミニワールド】の認証コードは@1です。メールとの連携を解除しています。認証コードは1時間の内に有効です。アカウントの情報を保護して、他人に情報が漏洩しないようにしてください。本人で作業していない場合は、適時にアカウントのパスワードを変更してください。
 -------------------------------------------------------------------------------------------
問い合わせ：miniworldcustomerservice@gmail.com"
100227,【ミニワールド】の認証コードは@1です。携帯電話との連携を解除しています。認証コードは1時間の内に有効です。アカウントの情報を保護して、他人に情報が漏洩しないようにしてください。本人で作業していない場合は、適時にアカウントのパスワードを変更してください。
100228,安全認証
100229,アカウントの安全を守るため、最初に認証を行ってください。
100230,【Mini World】検証コード：@1、検証中です。検証コードは1時間の内に有効。 ミニIDを保護して、他人に教えないでください。本人で作業していない場合は、パスワードを変更してください。
100231,ミニワールド認証コード
100232,"【Mini World】検証コード：@1、検証中です。検証コードは1時間の内に有効。 ミニIDを保護して、他人に教えないでください。本人で作業していない場合は、パスワードを変更してください。
--------------------------------------------------------------------------------------------------------------
問い合わせ：miniworldcustomerservice@gmail.com"
100233,ミニIDと携帯番号と一致しない
100234,ミニIDとメールアドレスがマッチしません
100235,ログインに失敗しました。ミニIDとパスワードを再入力してログインしてください
100236,ミニワールド紐づけメールアドレス認証コード
100237,"【ミニワールド】認証コード：{1}.メールをリンクしています。認証コードは1時間以内に有効です。安全を確保するためにアカウント情報を他人と共有しないでください。 



--------------------------------------
問い合わせ：miniworldcustomerservice@gmail.com"
100238,ミニワールドパスワード取り戻し認証コード
100239,"【Mini World】認証コード：{1}.パスワードを取得しています。認証コードは1時間以内に有効です。安全を確保するためにアカウント情報を他人と共有しないでください。 



--------------------------------------
問い合わせ：miniworldcustomerservice@gmail.com"
100240,ミニIDはすでにメールアドレスに紐づけされています。ゲームをリロードまたは再アクセスしてください
100241,ミニIDは既に携帯電話番号にバインドされています。ゲームを更新するか再ログインしてください
100242,アカウントはメールアドレスに紐づけされていません。ゲームをリロードまたは再アクセスしてください
100243,アカウントは携帯電話番号にバインドされていません。ゲームを更新するか再ログインしてください
100250,（大文字小文字の区別に注意してください）
100251,@Null@
100252,@Null@
100253,@Null@
100254,@Null@
100255,@Null@
100256,@Null@
100257,@Null@
100258,@Null@
100259,@Null@
100260,変形ステータスの回復中。@1秒後に変形可能になります
100261,現在のステータスでは変形できません
100262,スキルクールタイム中
100263,@Null@
100264,@Null@
100265,@Null@
100266,@Null@
100267,@Null@
100268,@Null@
100269,@Null@
100270,@Null@
100271,@Null@
100272,@Null@
100273,@Null@
100274,@Null@
100275,@Null@
100276,@Null@
100277,機能メンテナンス中、チーム名称を変更することはできません
100278,イリーガルなAvatarを選んだため、キャラ作成できません。公式クライアントでプレイしてください
100300,@Null@
100499,@Null@
100500,ミニ隊長の試練
100501,@Null@
100502,@Null@
100503,@Null@
100504,@Null@
100505,@Null@
100506,@Null@
100507,@Null@
100508,@Null@
100509,@Null@
100510,@Null@
100511,しばらくチャージできませんので、後続バージョンを待ってください。ご支援ありがとうございます！
100512,新バージョンの「Hong Meng」は現在体験段階で、広告は見えません。
100597,@Null@
100598,広告報酬
100599,@Null@
100600,#L確率公示#n
100601,（10個収穫！）
100602,（1個収穫）
100603,確率公示
100604,今期の報酬プレビュー
100605,決定
100606,報酬名
100607,確率
100608,"イベントルール：
 1.イベント期間内に、イベントチケットを1枚使用するとイベント果実を1個獲得できます。マウントのカケラなどレア報酬を獲得できるチャンスがあります
 2.10連ガチャまたは累計10回の抽選で必ずマウントのカケラが出ます。通常の抽選でマウントのカケラが出た場合には、累計抽選回数はリセットされます
 3.イベントの解釈権はミニワールド公式が所有します"
100609,スキップをクリックする
100610,もう1回開く
100611,おめでとう！プレイヤー@1は幸運にも@2@3を獲得しました
100612,残り：@1
100613,栽培ガイド
100614,養殖ガイド
100615,ペットガイド
100616,台所ガイド
100617,マイガーデンの編集ガイド
100618,こんにちは、新しいマイガーデンにようこそ。ここをご紹介しますね～
100619,マイガーデンでは野菜の栽培、小動物の飼育、ペット育成及びマイガーデン建造の楽しみなどが味わえます。具体的な遊び方は関連するマイガーデンNPCから学んでくださいね
100620,続いては農場商人から野菜の栽培の仕方を学びましょう！
100621,こんにちは、作物の育てかたをお教えしましょう！まずは種を買って、一度農場に植えてみる植えてみましょう?！そして農業の楽しさを体験してみてください～
100622,種を買ってから私の後ろにある#cFA7A0F農場に行って#nを植えましょう！今開放された農地は少ないですが、沢山植えると、もっと多くの農地を開けますよ?！
100623,収穫した#cFA7A0F作物#nを私に売ることができます。ここには#cFA7A0F謎の商人#nがいます。彼は#cFA7A0F作物#nを高値で買っているそうなので、彼に売ってお金を増やすといいですよ。しかし、彼は予測不可能で、いつ現れるか誰にもわかりません。私は違って、風や雨やホームであなたを待っています...
100624,だいたいこんなところです。それでは小麦を3個植えてください。
100625,農場商人との会話
100626,農場商人から小麦の種を3個買う
100627,農場に行って小麦の種を3個植える
100628,小麦を3個収穫してから農場商人に売却する
100629,おいおい相棒！初めましてこの二匹のひよこはプレゼントですね。隣の#cFA7A0F牧場#nに連れて行き、そこで飼ってもいいですよ！
100630,小動物が好きなものを食べさせると、早く成長できる。
100631,牧場商人との会話
100632,牧場に行って鶏を2匹飼育する
100633,ペット探険隊長との会話
100634,ペットを1匹所持する
100635,ペット小屋で任意のペットに対して1回属性を育成する
100636,探険に1回出発する
100637,よう！新人の探険家さん！ペットの準備ができたら俺と一緒に探険に出発しよう！
100638,行くマップとペットを選んで、ペットのために食べ物を用意すると、探検に行くことができる！行くぞ！
100639,#cFA7A0Fペットショップ#nでより品質の高いペットを購入することもできる。そこには貴重なレベルのペットや珍しいペットがあるが、適度な消費に気をつけましょう！あ、伝説レベルのペット本部長はまだ見たことがないね…
100640,#c3D4546ペット探険時にはペットのために#cFA7A0F探険アイテム#c3D4546と#cFA7A0F探険食料#c3D4546を準備しなければならないぞ。探険によって何を持ち帰れるか分からなければ、各マップで#cFA7A0Fご当地の特産#c3D4546をチェックすることができるぜ。それらは出発前に俺のところに来れば分かるぞ。ペットの能力値が高いほど探険の成功確率が高くなるんだ。それじゃあ頑張れよな、探険家！
100641,こんにちは～ 料理をしたい方は、私の横にある調理台を使えるよ。
100642,食材は農場での野菜栽培と牧場での飼育によって獲得できるよ。
100643,#cFA7A0F小麦のパン#nを作ってみましょう。
100644,マイガーデンのシェフとの会話
100645,小麦のパンを作る
100646,マイガーデン職人との会話
100647,任意の家具を1つ作る
100648,マイガーデン編集モードにアクセスして製作した家具を配置してみましょう
100649,編集済みのマイガーデンを保存してマイガーデンプレイモードに戻ります
100650,もし家具や資源を作りたいなら、材料を用意して私に加工して、私の隣の作業台を直接使って自分で作ることもできます！
100651,まずは横の作業台を使って、家具を作ってみましょう！
100652,#cFA7A0Fマイガーデン商人から#cFA7A0F家具#cFA7A0F図面#nを購入できます。図面を購入して対応するマイガーデンブロックを準備すれば一瞬で家を建てることができます。カッコいいでしょう！
100653,あなたが#cFA7A0F家具#n、#cFA7A0Fリソース#nを作りたければ、私が加工してあげるので材料とミニコインを持って来てください！
100654,まずは横の#cFA7A0F作業台#nを使って、#cFA7A0F家具#nを作ってみてください！
100655,説明：農場商人を右クリックして、小麦の種を選択し、購入数量3を選択します。そして購入ボタンをクリックすれば購入できますよ。
100656,説明：農場商人から小麦を3個購入し、マイガーデンバックパック—リソース—種をクリックし、小麦を選択してからアイテムバーまでドラッグすれば、農場の空き地に植えることができます。
100657,説明：農場商人と会話し、売却をクリックして小麦を探し、売却数3を選択します。そして売却をクリックすると売却に成功します。バックパック内に小麦がなければ、農場に行って小麦の種を植えて小麦を収穫すれば獲得できますよ。
100658,説明：マイガーデンバックパック—リソース—生物エッグをクリックし、ニワトリを選択してからアイテムバーまでドラッグすれば、牧場の空き地に植えることができます。
100659,説明：マイガーデンバックパック—ペット小屋—任意のペットエッグを選択してクリックしてアイテムバーまでドラッグします。地面を右クリックしてペットエッグを使用すればペットが獲得できます。
100660,説明：ペット小屋を右クリックして育成バーをクリックし、任意のペットを選択してから育成材料を追加し、育成ボタンをクリックします。【今回の育成では必ず能力値がアップしますよ】
100661,説明：ペット探険隊長を右クリックして探険ページを開きます。探険マップを選択し、探険ペットと探険食料を追加すれば（必要時には携帯アイテムを追加しなければならない）、探険が始められますよ
100662,説明：マイガーデン職人を右クリックして製作台を開けば家具とリソースを作ることができます
100663,説明：マイガーデン編集モードにアクセスすれば自由にマイガーデンを作成することができますよ
100664,マイガーデンの遊び方は大体理解できたでしょう？どうやってあなただけのマイガーデンを作るかはあなたの頑張り次第ですね！
100665,バニービューティー
100666,8歳未満
100667,9?12歳
100668,ハニー、「ミニワールド」をプレイしたことがありますか？
100669,私はガイダンスが要る初心者です
100670,遊び方を教えてください
100671,少し遊び方を知っている
100672,同様のゲームをプレイしたことがあるので、基本的な操作を知っている
100673,私は専門家です
100674,世界を作ろう！
100675,マルチゲームをお試しください！ 一緒に遊んで
100676,マルチプレイをクリックする
100677,好きなマップを選んでプレイを始めましょう！
100678,これをプレイ
100679,％sがプレイしています
100680,初心者ガイドを完了しておめでとうございます！ 次に、お気に入りのゲームをプレイしましょう！
100681,画面をクリックして続行します％ds
100682,マップの説明を作成する
100683,ここでマップを作成できます。3つのモードを選択できます
100684,サバイバルゲーム
100685,自分で資源を掘る
100686,発想力を発揮する
100687,無制限の資源
100688,ストアが設定できる
100689,もっと迅速な作成ツール
100690,アーカイブを初期化する：%d
100691,ダウンロードできるアーカイブ: %d
100692,ミニコインを使ってもっとアーカイブが買える
100693,保存できるマップの数には制限がある
100694,マップを作成したら、アップロードして他のプレイヤーと共有できる
100695,あなたの作品を共有する
100696,プレイヤーのフィードバックを得る
100697,優秀なマップは収入とデータのサポートを得ることができます
100698,わかりました
100699,基本情報を入力してください
100700,13?16歳
100701,17歳以上
100702,年齢
100703,#cFF0000会話の中で、友達の追加、アカウントパスワード、支払い、無料ギフト、その他の関連内容が含まれる場合は、注意を払い、財産の安全を保護するように注意してください。
100704,#L#c0000FFクリックして詐欺事件を表示し、それについて学び、だまされないように注意してください。
100705,好きなスキンをお選びください
100706,好きなゲームのタイプをお選びください
100707,お好みに応じてお勧めします
100708,好きなゲームのタイプをお選びください
100709,好きなスタイルをお選びください
100710,シミュレーション
100711,冒険サバイバル
100712,ロールプレイング
100713,レーシング
100714,スポーツ
100715,やむを得ずあきらめる
100716,答え始める
100717,あなたの好みをよりよく理解し、高品質のコンテンツを推奨するために、いくつかの質問に答えてください。試したスキンはあなたに贈ります！
100718,%s-試す%s日間
100719,%s（永久）
100721,@Null@
100722,@Null@
100723,@Null@
100724,@Null@
100725,@Null@
100726,@Null@
100727,@Null@
100728,@Null@
100729,@Null@
100730,接続が不安定です>_<、倉庫でもう一度スキンを使ってください
100731,部族の熱血漢、率直で暴れん坊な性格。
100732,部族長の娘、優しくて力強い。
100733,あなたの好きなゲームがいっぱい！早速試してみましょう
100734,初心者報酬
100735,挑戦を完成すると[color=#ce7400]不思議なギフト[/color]を獲得できる
100736,ゲームスタート
100737,報酬受領
100738,再挑戦
100739,*完成したら、報酬を受け取りに来てね！
100740,この報酬は受領済みです！
100741,ニニが迷子になった？！
100742,"冒険者、来てくれたね
ニニを探しているけど、手伝ってくれる？"
100743,出発
100744,後で
100745,初心者特典
100746,冒険者、手伝ってくれてありがとう！これらのアイテムを受け取って！
100747,ミッションスタート
100748,*ミッションを完成したら、[color=#b565d9]永久的な[/color]スキンになります
100800,異常を検出しました。イリーガルな第三者ソフトを使用せずに、公平性を守ってください
100801,親愛なるプレイヤー様、右上のショップで入場してください！
100802,親愛なるプレイヤー様、広告[@1]の報酬は配布されました！
100803,親愛なるプレイヤー様、[@1]の報酬は配布されました！
100934,@Null@
100935,画面設定
100936,トリガーでマウスを呼び出す
100937,携帯版はプレイヤーコントロールを解除します。
100938,新しいページが開いたときに閉じます。
100939,階層
100940,ページの状態
100941,内容
100942,パターンを変更
100943,配置
100944,親パーツとの位置合わせ
100945,フォントのフォーマット
100946,フォントの色
100947,フォントサイズ
100948,レイヤー
100949,透明度
100950,パーツ枠を超えたサブセットを表示します。
100951,連関
100952,関連を設定する
100953,親パーツとの関連
100954,ズーム方式
100955,素子ページ状態設定
100956,同期状態
100957,ショートカットキー
100958,入力制限
100959,階段設定
100960,テンプレートとして保存する
100961,パーツの下に調整する
100962,パーツの上に調整する
100963,そのサブセットになる
100964,保存
100965,自動保存完了
100966,トリガーを追加
100967,パーツ選択
100968,選択されたパーツ択または基礎部品としてサブパーツを追加します。
100969,迅速追加入口
100970,入力ボックス
100971,プレイヤー入力情報を受信
100972,ベースパネルのテンプレートを保存してください
100973,このテンプレートを削除してよろしいですか？
100974,コンポーネントの追加
100975,公式テンプレート
100976,カスタムテンプレート
100977,基礎コンポーネント
100978,文字メッセージを伝える
100979,自動的なフィードバックが可能
100980,操作の頻度が高すぎる
100981,右上のファンクション区域
100982,重複の名前はサポートされていません。 名前の変更をお願いします。
100983,インポートに成功しました。現在のマップでご覧ください。
100984,選択されたアイテムがコピーされていることを確認してください（一時的にトリガーのコピーはできませんが、後のバージョンでサポートされる予定です）。
100985,ステータス同期化成功
100986,新規のページステータス
100987,水平方向の間隔は変わらない
100988,左の間隔は変わらない
100989,右の間隔は変わらない
100990,垂直方向の間隔は変わらない
100991,上の間隔は変わらない
100992,下の間隔は変わらない
100993,ページステータスを削除して前のページステータスに戻る
100994,何も入力されていない
100995,ゲーム内インターフェース
100996,付記済み
100997,基本ページ
100998,コンポを削除し、サブコンポがあれば一括削除します
100999,インターフェース編集器
101000,インターフェース
101001,インターフェース名称を入力してください
101002,インターフェースがありません。マップで新規作成してみてください！
101003,インターフェースを選んでください
101004,#c515555選択する:#n#cff0000@1#n
101005,ライブラリには選択中のインターフェースが存在する場合は上書きされ、存在しない場合は新規作成します。
101006,以下のインターフェースはすでに現在のマップに存在しており、一括して上書きまたはスキップすることができます。
101007,デフォルトソート
101008,最近の変更
101009,このインターフェースを削除しますか？
101010,現在のマップを開いて変更してください
101011,インターフェースを作成するにはセーブデータに入る必要があります
101012,クリエイティブモードではインターフェースの新規作成ができません！
101013,インターフェースを編集するにはセーブデータに入る必要があります！
101014,クリエイティブモードでは、インターフェースを編集することはできません！
101015,テンプレートマップではインターフェースの新規作成ができません
101016,コンポ
101017,ウインドウ
101018,テンポを選んでください！
101019,HP
101020,マップ
101021,アイテム欄
101022,操作パネル
101023,パターン
101024,テキスト
101025,ボタン
101026,ボトムプレート
101027,背景図
101028,文字
101029,枠
101030,(ペットの進化で属性の上限を上げられます）
101031,今回の培養結果は保存されていますか？
101032,培養結果はデフォルトで保存しないので、気に入った属性をタイムリーに保存してくださいね。
101033,もう一度洗います
101034,属性の変更が成功しました！
101035,現在の培養結果は元の属性より低く、まだ保存することを選択していますか？
101036,現在の培養結果はペット能力値が向上していますよ、まだもう一度洗うことを選択していますか？
101037,能力値
101038,前回のペット洗練属性の記録はありません
101039,操作エラー
101040,属性がいっぱいになった！
101041,農場で小麦を植える
101042,農場で稲を植える
101043,農場で小麦を収穫する
101044,農場でニンジンを植えて収穫する
101045,牧場で牛を飼う
101046,牧場でトントンを飼う
101047,牧場で小動物を飼う
101048,牧場に行って鶏を収穫する
101049,調理台でご飯を作る
101050,調理台でスイカジュースを作る
101051,工具台で果樹原木を使って果物板を作る
101052,工具台でサトウキビを使って紙を作る
101053,編集モードに入って家具を並べる
101054,森林マップの探検に出発する
101055,平原マップの探検に出発する
101056,フレンドの家へ遊びに行く
101057,牛を購入するために牧場主を探す
101058,任意の商人にオレンジを売る
101059,牛乳を牧場主に売る
101060,スイカの種を買うために農場商人を探す
101061,塩を買うためにシェフを探す
101062,ホームで5分間遊びましょう
101063,ホームで10分間遊びましょう
101064,フェアリーキャンディを使ってペットの属性を鍛える
101065,フェアリーキャンディを使ってペットの属性を鍛える
101066,農場で果樹を植える
101067,農場でサトウキビを栽培する
101068,農場でスイカを植えて収穫する
101069,農場で果樹原木を植えて収穫する
101070,トントンを購入するために牧場主を探す
101071,牧場でトントンを飼う
101072,牧場の小動物を飼う
101073,シェフの手伝いをして牧場へ行き、飛び鶏を収穫する
101074,調理台でステーキを焼く
101075,工具台で土砂を使ってガラスを作る
101076,編集モードに入って家具を並べる
101077,丘マップの探検に出発する
101078,フレンドの家へ遊びに行く
101079,スイカの種を買うために農場商人を探す
101080,牧場主に塩を買うのを手伝ってください
101081,ホームで15分間遊びましょう
101082,作物を売ることで3000マイガーデンコインを得る
101083,ステーキを牧場主に売る
101084,新しいペットの仲間を見つけよう！
101085,マイガーデンショップで一連の家具を買う
101086,マイガーデンショップで家具を買う
101087,8時間で平原マップをクリア！
101088,16時間で森のマップをクリア！
101089,任意ペットの属性を50ポイント上げる
101090,農場商人はコーヒーが飲みたいので、調理台で一杯作ってあげましょう
101091,二つの家具/建材を作る
101092,農作物を販売することで10000マイガーデンコインを得る
101093,ダーウィンにオレンジを10個売る
101094,デイリータスク
101095,ヒント：毎日@1回の日常タスクを更新し，現在完了(#c0AAA1A@2#n/@3)回，諦めた(#c0AAA1A@4#n/@5)回
101096,追跡
101097,タスクを諦める
101098,"このタスクを諦めたいですか？
諦めたらタスクが消えてしまうよ。"
101099,タスクを続ける
101100,このタスクは諦めない
101101,このタスクは諦められた
101102,毎日のタスク完了数が上限に達した
101103,放棄回数の上限を超えた
101104,おめでとう！ 今日のタスクは完了した！
101201,@Null@
101202,ボーナスプールカウントダウン
101203,抽選記録
101204,現在のボーナスプールカケラ
101205,ボーナス
101206,リストを選択する
101207,ボーナス名
101208,報酬時間
101250,@Null@
101251,遊園ボーナス
101252,ベントステーション
101253,秘密の行動
101300,@Null@
101301,守りギフトバッグ
101302,今日は協力しました。
101303,守りを協力
101304,守りを開始する
101305,ボーナスを受け取る
101306,空
101307,成長守り
101308,ボーナスを受け取る
101309,イベントルール
101310,1.成長守り計画を開始すると、7日連続します。7日以降、いろいろなボーナスがもらいます。\n2：金曜日、土曜日、日曜日には協力守りができます。\n3：協力成長すると、さらにボーナスがもらいます。
101311,星の協力
101312,おめでとう！以下のボーナスがもらいます。
101313,守りプロジェクトを開始して、7日以降、いろいろなボーナスがもらいます。
101314,守り成長中????????????????????????????以降受け取ります
101315,毎週の金曜日と土曜日が守りを協力できます。
101316,成長守り
101317,守りを協力して、もっとボーナスを入手可能です。
101318,守りを開始する\n 守り終了以降いろいろなボーナスがもらいます。
101350,@Null@
101351,国宝復活
101400,@Null@
101401,カーニバル
101402,@Null@
101403,@Null@
101404,@Null@
101405,@Null@
101406,密語が間違っています。正しい音楽密語を入力してください
101407,自分の音楽密語は使えませんよ
101450,予備ID：101351-101400
101451,年度人物
101550,予備ID：101451-101550
102000,予備ID：102000-102499
102001,"-マップに入ったプレイヤーが30人になったらゲーム開始
  - ゲーム時間は20分で、制限時間内に年獣を撃退すると成功すると
勝利
と見なされます  - サーバーミッションは全てのプレイヤーが協力して完成する必要があります"
102002,"-部屋を掃除することでゲームポイントを獲得できます
  - ロッカーを開けて桃符を拾い、正門に貼ることで
大量のゲームポイントを獲得できます
  - ゲーム終了後、ポイントに基づいて順位を決めます"
102003,クラウドサーバーマルチプレイ 年獣退治
102004,一
102005,二
102006,三
102007,四
102008,五
102009,六
102010,七
102011,八
102012,九
102013,十
102014,日
102015,月
102016,全サーバー合計で%d回挑戦成功
102017,（[color=#4d9f4c]%d[/color]/%d）
102018,（[color=#4d9f4c]%d[/color]/[color=#4d9f4c]%d[/color]）
102019,年獣退治
102020,唐朝の歴史を学び  唐朝スタイルの新年を祝おう
102021,イベント期間：%s月%s日-%s月%s日
102022,報酬：
102023,受け取る
102024,マップに入場
102025,イベント未開放
102026,%s月%s日-%s月%s日
102027,大同星の隠居者、追放された仙人かのようなハンサムな顔を持っており、変化の術に長じている。よく鶴に変身している。よそ者に知られていない身分を持っており、月子ちゃんとは非常に親密な関係で、月子ちゃんに怒られることを恐れている。
102028,
102029,財神の降臨まであと
102030,予約すると毎日受領可能
102031,プール山分けまであと
102032,財神広場で財神を祀り、「財神券」を獲得すれば、ミニコインの山分けに参加できます
102033,山分け資格：[color=#D62C2C]未獲得[/color]
102034,山分け資格：[color=#378e35]獲得済み[/color]
102035,残りの報酬
102036,フレンドを招待し、全額の報酬をゲットしよう
102037,集結せよ 年獣退治
102038,祝おう 唐朝の新年
102039,忙しくなれ 唐朝の人々
102040,遊ぼう 元宵節
102041,騒ごう 財神の祝福
102042,祝儀市場
102043,終了しました
102044,%s月%s日に開催
102045,"- 唐朝の新年イベントに参加すると祝儀を獲得できます
  -祝儀は祝儀市場で様々な報酬と交換できます
  - 唐朝スタイルの新年を体験してみましょう"
102046,"ミッションを完成しながら
唐朝の新年を楽しもう"
102047,助力完了
102048,新規ユーザーは助力に参加できません
102049,あなたは既に助力を完成しました
102050,助力コードを入力してください
102051,財神降臨 沢山のミニコインを山分けしよう
102052,イベント期間：
102053,"- ：予約段階：予約が始まった後、毎日に祝儀を受け取ることができます
  - イベント段階：財神広場で五人の財神を祀ると、五種類の
  財神券の破片を獲得できます。財神券の破片で財神券を合成すれば、
ミニコイン
の山分けに参加できます  - 山分け段階：抽選を行い、ミニコインを山分けします
  - ミニコインの確率：35%
。祝儀の確率：65%"
102054,このユーザーの助力がいっぱいです
102055,自分に助力することはできません
102056,助力コードが間違っています。正しいコードを入力すれば、フレンドは豪華な報酬を獲得できます
102057,報酬獲得
102058,秒
102059,分
102060,時
102061,日
102062,受け取る
102063,受領済み
102064,予約成功
102065,予約失敗
102066,元宵節の参加報酬は      、今日の上限：@1/@2
102067,希望の火の数が足りません、早速元宵節イベントに参加しましょう
102068,"- イベントマップに入場し、元宵節を体験してみましょう
  - マップでNPCを探し、謎解きゲームで正解を出したら、元宵ギフトを獲得できます
  - 元宵ギフトを獲得すれば希望の火を獲得できます
  - 希望の火を収集して灯籠を点しましょう（1日は最大20個まで獲得可能）"
102069,残り：
102070,残りの数が足りません
102071,スキン
102072,破片
102073,アイテム
102074,祝儀の数が足りません
102075,ミニワールドで唐朝の新年を体験しましょう！
102076,密語が間違っています。正しい新春密語を入力してください
102077,共有コードは期限切れです
102078,自分の新春密語は使えません
102079,交換上限を超えました
102080,交換は1回しかできません
102081,ミニワールド・唐朝の新年
102082,さあ、あなたの運を試してみましょう。大きな祝儀をゲットする機会がありますよ。
102083,財神の助力
102084,プール
102085,財神が降臨しました。ミニコインの山分けに参加しましょう
102086,1 人のプレイヤーしか助けられません
102087,助力招待
102088,あなたの助力コードを共有し、フレンドを招待して大賞をゲットしましょう
102089,今すぐ唐王朝を旅して、唐王朝の民になりましょう！
102090,財神の降臨
102091,データロード中
102092,"- 日常ミッションを完成すると祝儀を獲得でき、祝儀は祝儀
市場で様々な報酬と交換できます
  - 新春密語：あなたの新春密語をフレンドに共有し、そのフレンドが
ゲーム内で新春密語を入力すれば、二人とも大量の祝儀を獲得できます
  - 仲間と共に長安を探検しましょう"
102093,残り%d日
102094,残り%d時間
102095,残り%d分
102096,残り%d秒
102097,密語をコピーし、ミニワールドで祝儀をもらおう：
102098,WeChatでフレンドを選び、密語を共有しましょう。
102099,QQでフレンドを選び、密語を共有しましょう。
102100,先ずはWeChatをインストールするか、入力ボックスをクリックして密語をコピーしてください。
102101,QQをインストールするか、入力ボックスをクリックして暗号語をコピーしてください。
102498,新春の祝儀
102499,予備ID：102000-102499
102500,小楼のアルバム
102501,アイテム紹介
102502,報酬獲得
102503,小楼のアルバムをアンロックし、豪華な報酬をゲットしよう
102504,アンロック数
102505,"1、イベントマップに入場し、好きなデジタルアルバムを選び、最後まで曲を聴いたら        アンロックできます。
  2、アンロックされたアルバムの数が一定数に達すると報酬を獲得できます。
  3、イベント期間内に報酬を受け取ってくださいね！"
102506,ヘルプ
102507,イベント未開放
102508,コンフィグフィードバックデータなし
102550,予備ID：102500-102550
102600,周年特典
102601,周年祭
102602,今日%s/%s
102603,イベント期間：
102604,月
102605,日
102606,ミニパーティーマップに入場し、美味しい誕生日ケーキを作りましょう！
102607,パーティースタート
102608,ケーキ作り
102609,サーバー協力建築回数：
102610,長城協力建築に参加（%d/%d）
102611,協力建築に参加するとマンガがアンロックされます。サーバーの協力建築目標は4000万回で、運営チームは実際の協力建築回数を100:1の比率で中国長城学会に寄付します。共に長城を守りましょう！
102612,"- パーティーマップに入場し、ケーキ作りの素材を6つ探しましょう
  - 各素材は1日に1つしか獲得できません
  - 6つの素材を揃えたらケーキを作ることができます
  - ケーキを作る度に、「星の願い」を獲得できます"
102613,ヘルプ
102614,"-ミッションは毎日24時に更新されます
 -長城に入場した後、建築素材を探してください
 -建築素材で破損した長城を修復しながら、トップ1を目指しましょう"
102615,"緊急情報です！[size=24][color=#ff9750]レギオン[/color][/size]は
   [size=24][color=#ff9750]ミニワールド6周年[/color][/size]祭りを邪魔しようとしています。
      冒険者たちよ、最強の防御工事である[size=24][color=#ff9750]長城[/color][/size]で
レギオンを[size=24][color=#ff9750]撃退[/color][/size]してください！"
102616,マップ内で獲得可能
102617,、今日の上限：
102618,"-モンスターを撃破すると星の願いを獲得できます
 -1日に獲得できる星の願いの上限は40個です
 -レギオンを撃破すると勝利と見なされます
 -仲間と共にレギオンに立ち向かいましょう"
102619,マッチング失敗、もう一度試してください
102620,マルチマッチングルームにしますか？\n現在のゲーム人数：
102621,今は %d 人のプレイヤーがマルチマッチングルームにいます
102622,せめて1つのマップを選んでください
102623,ルーム変更
102624,イベント期間：
102625,長城協力建築
102626,誕生日パーティー
102627,ボイド襲来
102628,創作大会
102629,1元スキン
102630,祈願プール
102631,イベントショップ
102632,パーティー広場
102633,フレンドを招待し、長城護衛隊を結成すれば、デイリー報酬で長城コラボスキンと交換できます
102634,チーム人数が足りません。フレンドを招待しましょう
102635,招待状が送信されました
102636,何度も招待しないでください
102637,招待時間：#c0aaa1a@1#n
102638,護衛隊に参加しました
102639,このイベントは終了しました
102640,"戦争の太鼓が轟音を立てて、私の敵はどこにいるか。
狼煙は空にあり、我が家を命を以て守ろう。
怒りは戦意に変わり、信念を胸に、飛び回るドラゴンはやがて再び君臨する！"
102641,ここをクリックし、毎日星の願いを受け取ることができます。星の願いを集めると大量の報酬と交換できます！
102642,ミニ誕生日パーティーに参加し、ケーキを作りながら星の願いを集めましょう！
102643,招待
102644,追加
102645,星の願いの数が足りません
102646,親愛なる冒険者たち：
102647,六年間のお付き合いへ感謝の気持ちを込めて、『ミニワールド』六周年祭りでは沢山の特典が用意されており、
102648,新しいコラボスキンも無料でゲットできます！
102649,フレンドと共に出発しましょう！
102650,この長城護衛隊は満員です
102651,既に護衛隊に参加しました
102652,私と長城護衛隊を組みましょう！ゲームを最新バージョンにアップデートしてね！
102653,一緒に長城護衛隊に参加し、万里の長城を守りましょう
102654,バージョンNo.：
102655,チーム人数：#c0aaa1a@1#n
102656,マッチング中、少々お待ちください…
102657,広告はまだロード中です
102658,今日@1回無料
102659,今日の上限[color=#ff491a]@1[/color]/@2回
102699,予備ID：102600-102699
102700,覚醒試練
102703,映画チケットの在庫：[color=#FFE79E]%d[/color]
102704,先着順、在庫がなくなり次第終了となります。
102705,報酬獲得
102710,間もなくWeChatへ移動します。フレンドを選び、密語を共有しましょう。
102711,間もなくQQへ移動します。フレンドを選び、密語を共有しましょう。
102712,先ずはWeChatをインストールするか、入力ボックスをクリックして密語をコピーしてください。
102713,先ずはQQをインストールするか、入力ボックスをクリックして密語をコピーしてください。
102714,コピーしました。早速共有しましょう
102715,正しい覚醒密語を入力してください
102716,自分の覚醒密語は使えませんよ
102717,ミラプラネットの不思議な幻境の全貌が明らかに！PVP大乱闘で熱血バトルを繰り返す配信者たち！それに、特別ゲストである花小楼が参加した、新しいMVもリリースされる予定です！
102718,ミラプラネットのストーン集落で大事件が起きたと聞いたけど、確認しに行きましょう。
102719,ボスの一撃で倒されないように、今から早起きしてトレーニングしましょう！
102720,速さしか勝たん！速さを極めた者こそ、頂点に立つのだ！
102721,部族を守る勇者たちよ、力を探せ！
102722,人生の頂点に到達するまで、険しい道のりがあるのだ。
102737,交換コード在庫不足
102738,交換回数：[color=#AC4E20]%d[/color]
102739,おめでとう！あなたは『ミニワールド・覚醒』の映画チケットの交換コードを獲得しました
102740,映画チケット在庫不足
102741,履歴確認
102742,おめでとう！あなたは〇〇〇映画クーポンを獲得しました
102743,交換コード：%s
102744,交換コードをクリックしてコピー
102745,交換方法確認
102746,%s/%s-%s/%s
102747,謎の破片が足りません
102748,映画チケットの交換コード
102749,覚醒のために戦え
102750,覚醒レベルを上げ、不思議な冒険に出よう！
102751,イベント期間：
102752,報酬と交換
102753,ランキング
102754,発表会
102755,受け取る
102756,聖木の広場
102757,乱闘訓練場
102758,ドラゴンタワー
102759,ブラックドラゴンの領地
102760,地下宮殿
102761,起源の力
102762,覚醒レベル：@1
102763,ボイドの力
102764,覚醒密語
102765,レベルアップ
102766,映画チケット購入
102767,シェア
102768,使用
102769,受領済み
102770,部族に大変なことが起きました！
102771,バラゴン族長があなたのことを探していますよ！
102772,開放時間：@1
102773,マップで@1を獲得可能
102774,今日の上限：@1
102775,フレンドが共有してくれた密語で報酬を獲得できますよ！
102776,フレンドが共有してくれた覚醒密語
102777,詳細確認
102778,今日の覚醒密語を共有
102779,フレンドに記入してもらうと、ボイドの力を獲得できます
102780,報酬獲得
102781,はい
102782,共有者とフレンドになり、共に冒険しましょう！
102783,覚醒密語入力完了
102784,起源の力を獲得しました！
102785,私の密語を共有
102786,覚醒密語を使用
102787,ランキング
102788,ランキング
102789,ニックネーム
102790,勝利回数
102791,『ミニワールド・覚醒』発表会時間：@1
102792,今すぐ参加
102793,TIPS：音声をオンにすることをお勧めします
102794,完成した後、報酬は自動的に配布されます
102795,配布済み
102796,ログインする度に、大量の謎の破片を獲得できます
102797,試練に参加し、覚醒レベルを上げることで謎の破片を獲得できます。
102798,報酬：
102799,@1月@2日
102800,今すぐ行く
102801,覚醒密語を入力してください
102802,自分の覚醒密語は使えませんよ
102803,イベント期間：
102804,完成した後、報酬は自動的に配布されます
102805,未完成
102806,受領済み
102807,TIPS：音声をオンにすることをお勧めします
102808,映画発表会絶賛開催中
102809,『ミニワールド・覚醒』
102810,今日の覚醒密語を共有
102811,フレンドに記入してもらうと、ボイドの力を獲得できます
102812,フレンドが共有してくれた覚醒密語
102813,フレンドの密語を使用すると報酬を獲得できますよ
102814,覚醒密語
102815,覚醒密語を使用
102816,共有者とフレンドになり、共に冒険しましょう！
102817,ミニワールドで覚醒イベントに参加しましょう
102818,密語をコピー
102819,覚醒密語入力完了
102820,起源の力を獲得しました！
102821,私の密語を共有
102822,はい
102823,覚醒密語は失効しました
102824,戻る
102825,有効な覚醒密語で試してください
102826,詳細確認
102827,受領画面へ
102828,今すぐ行く
102829,今すぐ参加
102830,外
102831,クリア時間
102832,宝の数
102833,ボス撃破数
102834,発表会
102835,あなたは最大レベルに達しました
102836,ランキングのデータは5分毎に更新されます
102837,順位
102838,プレイヤー名称
102899,予備ID：102700-102899
102900,ハッピータウン
102901,1、毎日ログインするだけで引換券を受け取ることができます\n2、引換券は交換ショップでアイテムと交換できます\n3、ハッピータウンで金貨を稼いだらイベントミッションを完成できます\n4、金貨稼ぎのミッションは1回しか完成できません\n
102902,ミニハッピータウン
102903,ミッションを完成して金貨を稼ぎ、店長となって労働節を祝いましょう
102904,ミッションを完成して引換券をゲットし、報酬と交換しましょう
102905,イベントは間もなく終了します。忘れずに交換してください
102906,イベントミッション
102907,交換ショップ
102908,今すぐ行く
102909,イベント期間：
102910,受領済み
102911,受け取る
102912,移動
102913,引換券が足りません。イベントミッションを完成してください
102914,毎日大量の引換券を獲得でき、引換券は豊富な報酬と交換できますので、お見逃しなく！
102915,接続失敗、ネットワークを確認してから再試行してください
102916,イベントはもう終了しました
103099,予備ID：102900-103099
103100,予備ID：103100-103299
103101,1、ログインするだけで「ちまき」を獲得できます\n2、「ちまき」は交換ショップで様々なアイテムと交換できます。\n3、ミッションを完成すると「ちまき」を獲得できます。\n4、イベントミッションは毎日の24時に更新されるので、忘れずに報酬を受け取ってください。\n5、ランキングで優れたプレイヤーたちを確認できます。
103102,ちまき集め
103103,携帯電話と連携
103104,ちまきを受け取る
103105,端午節の行事を体験！ドラゴンボートでレース！ちまき集めでギフトをゲット！
103106,端午の節句
103107,ちまきを受け取る
103108,間もなくWeChatへ移動します。フレンドを選び、密語を共有しましょう。
103109,QQでフレンドを選び、密語を共有しましょう。
103110,先ずはWeChatをインストールするか、入力ボックスをクリックして密語をコピーしてください。
103111,QQをインストールするか、入力ボックスをクリックして暗号語をコピーしてください。
103112,自分の端午密語は使えません
103113,密語が間違っています。正しい端午密語を入力してください
103114,コピーしました。早速共有しましょう
103115,密語を入力してください
103116,自分の密語は使えませんよ
103117,端午民俗村
103118,ドラゴンボートレース
103119,今すぐ参加
103120,村に入る
103121,端午密語を使用
103122,選択すると共有者にフレンド申請を出します
103123,フレンドの端午密語を入力し、ちまきをゲットしましょう（1人は1回まで）
103124,端午密語
103125,フレンドが共有してくれた端午密語
103126,フレンドの密語を使用するとちまきを獲得できますよ
103127,密語は失効しました
103128,有効な端午密語で試してください
103129,今日の密語を共有
103130,フレンドに記入してもらうと、ちまきを獲得できます
103131,はい
103132,詳細確認
103133,私の密語を共有
103134,戻る
103135,毎日ここでちまきを受け取ることができます。ちまきは交換ショップで様々な報酬と交換できますよ
103136,受け取ったら、イベントマップへ遊びに行きましょう！
103137,この報酬はすでに受け取る済みです
103138,[color=#E46417]%d[/color]個獲得
103139,ちまきが足りません。イベントミッションを完成してください
103140,ちまきの数
103141,試合時間
103142,個
103143,分
103144,秒
103145,100外
103146,送信済み（@1s）
103147,交換回数：[color=#46AD6F]@1
103148,交換回数が足りません
103149,所持済み
103150,マッチング中、少々お待ちください…
103151,イベントはもう終了しました
103152,成績なし
103299,予備ID：103100-103299
103300,斗羅大陸：予約
103301,サプライズ登場
103302,今すぐ予約
103303,成功予約で受取可能
103304,報酬を受け取る
103305,受け取る済み
103306,武魂：創造の力
103307,創造魂士
103308,創造魂師
103309,創造大魂師
103310,創造魂尊
103311,創造魂宗
103312,創造魂王
103313,創造魂帝
103314,創造魂聖
103315,創造魂斗羅
103316,創造封号斗羅
103317,神
103318,ミニ七怪 チーム集め
103319,携帯電話の紐付け
103320,ログイン報酬
103321,集め報酬
103322,会員特権
103323,イベントショップ
103324,イベント期間：
103325,ステージ1：氷と火の極地
103326,ステージ2：封号斗羅に突破
103327,最終章：善と悪の大決戦
103328,修行試験、全員闘魂
103329,おすすめのレベリングマップ
103330,金魂コインを生成する
103331,スタート
103332,獲得おめでとう
103333,引換に行く
103334,確定
103335,携帯電話の紐付けを完了して、たくさんの金魂コインを受け取る可能
103336,紐付けに行く
103337,携帯電話番号エラー
103338,チーム集め
103339,ミニ七怪のチーム集めを完成すると沢山の金魂コインを受け取る可能
103340,集めに行く
103341,受け取る
103342,ヘルプ
103343,"-レベリングマップではレベルを上げ、魂環を獲得することができ、ボスを撃破すると一定の確率で魂骨を獲得します
 -魂環を装着するとランダムな魂技を獲得し、魂環の年限が高いほど、強力な魂技を得る確率も高くなる
 -魂環は切り替えることができるが、切り替える度に、魂技は上書きされる
 -一部の魂骨も強力な魂技を提供する
 -レベルが上限に達すると、経験値を獲得できなくなる
 -闘魂場で魂魄コインを獲得でき、魂魄コインは交換ショップで報酬と交換できる"
103344,ミニ大会員
103345,ミニ大会員開いて斗羅限定の特別な特典をお楽しみ
103346,モンスター経験ドロップが増加
103347,毎日金魂コインを贈呈
103348,魂環ドロップ確率増加
103349,/月 今すぐ購入
103350,もっと会員権利
103351,金魂コインを受け取る
103352,チームが集まった後、たくさんの金魂コインを受け取られる
103353,フレンド
103354,最近
103355,追加する
103356,招待する
103357,招待状が送信されました
103358,斗羅チームを加入して、一緒に比比東を倒せ。
103359,斗羅チームを加入するため、最新バージョンにアップデートしてください。
103360,チームは満員です
103361,チームに参加して成功する
103362,キャンペーンは終了しました
103363,相手既にプレイヤー様の友達
103364,史蘭客七怪は無事に渡りました！しかし、全身の魂力は封印されており、その力を取り戻し、虚空の力に感染した花小桜を救うことが急務です！
103365,ビデオ
103366,すぐに行く
103367,高熱の大陸
103368,寒さの大陸
103369,推薦レベル：@1～@2
103370,推薦レベル：@1～@2
103371,さらなる魂力を回復ため、ミニ七怪は伝説の地へ修行し、さらなる難しいチャレンジを対面する...。
103372,東のボイド軍団が街に近づいており、ミニ七怪がピークに戻っています！まもなく、最終大戦
103373,戦場に入る
103374,今日勝利回数
103375,ランク
103376,プレイヤーニックネーム
103377,勝利回数
103378,闘魂ポイントランク
103379,ポイント
103380,初級闘魂場
103381,高級闘魂場
103382,超級闘魂場
103383,12人乱闘
103384,勝利：ポイント[color=#F6D14A]+%d[/color]    /    金魂コイン[color=#F6D14A]+%d[/color]
103385,失败：ポイント[color=#F6D14A]+%d[/color]    /    金魂コイン[color=#F6D14A]+%d[/color]
103386,失敗：ポイント
103387,ポイントランク
103388,ドレスアップ
103389,かけら
103390,ゲーム道具
103391,使用キャンセル
103392,使用成功
103393,引換限定回数
103394,斗羅ボーナス
103395,イベント時間：@1
103396,ヒント
103397,携帯電話はすでにUIDに紐付けられ、次は元のUIDの紐付けを解除することになります。続きますか。
103398,携帯電話の紐付けを解除すると、携帯電話によるログインやパスワードの取得に使えなくなります。
103399,キャンセル
103400,認証コードを発送
103401,次へ
103402,検証できない？試みる
103403,アカウントの申し立て
103404,認証コード(%s)
103405,この報酬はすでに受け取る済みです
103406,すでに発送(%ss)
103407,今日上限：[color=#5E9D4A]%d[/color]/%d
103408,前編：比比東降臨
103409,成功予約で受取可能 [color=#F6D14A]%s
103410,期間限定連動バージョンは、%s月%s日に公開されます
103411,動画ダウンロード中
103412,有効な限定特典
103413,ミニコイン/月
103414,闘魂場を参加すると[color=#F02D00]金魂コイン[/color]報酬を獲得できる。
103415,毎日金魂コインを受け取って、[color=#F02D00]永久スキン[/color]を無料引き換える。
103416,両極地へ行って魂獣を倒して、魂力の[color=#F02D00]レベル[/color]をアップしよう！
103417,闘魂場を参加すると[color=#F02D00]金魂コイン[/color]報酬を獲得できる。
103418,獲得おめでとう
103419,引換へ
103420,期間限定連動：@1
103421,さらなる魂力を回復ため、ミニ七怪は[color=#FFDC6D]伝説の地へ修行[/color]し、さらなる難しいチャレンジを対面する...。
103422,マップがまだ開放してない。
103423,%s/%s開催！
103424,チーム入る
103425,すでにチームに入った
103426,闘魂ポイント
103427,金魂コインが足りない
103428,取得するかどうか
103429,草の巣にも金色の鳳凰があると聞いたことがないか？
103430,レベルが@1に達したらイベントにアクセスできる
103431,交換インデックスは存在しません
103432,残りの交換回数が不足している
103433,予約時間外のみ操作可能
103434,抽選の設定が間違っています。
103435,通貨不足
103436,現在の時間は予約できません
103437,この機能はオンになっていません
103438,予約を開始しました
103439,タスクの設定エラー
103440,モバイルデバイスを使用して予約リマインダーを作成してください
103441,予約のリマインダー
103442,予約済み
103443,予約人数:@1
103444,通貨不足で両替できませんよ!
103445,@1クリック抽選
103446,抽選には必ず報酬が表示されます。
103447,通貨不足で両替できませんよ!
103448,通貨不足で抽選できませんよ!
103499,予約ID：103300-103499
103600,新しいバージョンについて話しましょう
103601,新しいバージョンの期待値：
103602,予約を開始する
103603,未達成
103604,受け取る
103605,受け取りました
103606,バージョン予約
103607,バージョン予約が成功したので、早く予約報酬を受け取りましょう
103608,予約失敗
103609,予約を開始してから受け取ることができます。
103610,イベント時間
103611,今日はもうサインしました。明日また来ましょう
103612,現在所有
103613,完売しました
103614,一回引く
103615,バージョンの更新を完了すると、福祉活動に参加できます
103616,報酬は存在しません
103617,現在の非予約時間は予約できません
103618,このモジュールは開いていません
103619,予約を繰り返す
103620,予約が必要です
103621,今日はすでにサインインしました。
103622,予約値が低すぎる
103623,バージョンが低すぎます。
103624,今日のいいねは上限に達しました
103625,報酬はもう引いたので、次回また来ましょう
103626,103600-103699
104000,104000-105000
104001,私のフレンドコードを共有
104002,許可不要でフレンド登録できる
104003,WeChat/QQでフレンドコードを共有し、友達を招待しましょう！
104004,フレンド
104005,[color=#EF8012] %s[/color]がプレイ中
104006,チャット
104007,参加
104008,[color=#EF8012] %s [/color]とフレンドになりました。<br/>早速チャットしましょう！
104009,チャット
104010,フレンド状態検索失敗
104011,フレンド状態検索中
104012,しばらくお待ちください…
104013,コピーしました。早速共有しましょう
104014,間もなくWeChatへ移動します。フレンドを選び、フレンドコードを共有しましょう。
104015,間もなくQQへ移動します。フレンドを選び、フレンドコードを共有しましょう。
104016,先ずはWeChatをインストールするか、入力ボックスをクリックしてフレンドコードをコピーしてください。
104017,先ずはQQをインストールするか、入力ボックスをクリックしてフレンドコードをコピーしてください。
104018,申請を出しました。フレンドに許可してもらいましょう！
104019,フレンドコードを入力してください
104020,フレンドコードが間違っているので、該当するユーザーを見つかりませんでした
104021,このフレンドコードは期限切れです。フレンドから新しいコードをもらいましょう。
104022,このフレンドコードの使用回数は今日の上限に達しました。
104023,フレンド登録中
104024,自分のフレンドコードは使えませんよ
104025,フレンド申請は既に出しました
104026,あなたまたは相手のフレンド数が上限に達したので、登録できません
104027,申請数が上限に達しました
104028,受けた申請数が上限に達しました
104029,リクエストタイムオーバー、後でもう一度試してください
104030,はい
104031,フレンドコードをコピーし、ミニワールドでフレンドになりましょう：
104032,このフレンドコードは使用済みです
104033,無効なフレンドコードです
105000,104000-105000
106000,106000-107000
106001,招待コードが間違っているので、該当するユーザーを見つかりませんでした
106002,この招待コードは期限切れです。フレンドから新しいコードをもらいましょう。
106003,この招待コードの使用回数は今日の上限に達しました。
106004,ルームは解散されました。他のマップを見てみましょう！
106005,共有者は今マップ内にいません
106006,自分の招待コードは使えませんよ
106007,無効な招待コードです
106008,フレンドに共有し、ルームに招待しましょう！
106009,選択した後、許可不要でフレンド登録できる
106010,モーメンツへ共有
106011,リンクをコピー
106012,QQへ共有
106013,WeChatへ共有
106014,先ずはWeChatをインストールするか、入力ボックスをクリックして招待コードをコピーしてください。
106015,間もなくWeChatへ移動します。フレンドを選び、招待コードを共有しましょう。
106016,招待コードを入力してください
106017,先ずはQQをインストールするか、入力ボックスをクリックして招待コードをコピーしてください。
106018,間もなくQQへ移動します。フレンドを選び、招待コードを共有しましょう。
106019,コピー完了、WeChat/QQで貼り付けましょう。
106020,[color=#9177D6]%s [/color]がプレイ中
106021,共有者
106022,共有者状態検索失敗
106023,共有者状態検索中
106024,フレンド申請を出しました。フレンドに許可してもらいましょう！
106025,招待コードは1人に%d回しか使用できませんよ。
106026,ミニ合言葉を共有し、フレンドを招待しましょう！
106027,このミニ合言葉は期限切れです。フレンドから新しいコードをもらいましょう。
106028,このミニ合言葉の使用回数は今日の上限に達しました。
106029,自分のミニ合言葉は使えませんよ
106030,ミニ合言葉が間違っているので、該当するユーザーを見つかりませんでした
106031,無効なミニ合言葉です
106032,ミニ合言葉は1人に%d回しか使用できませんよ。
106033,このマップは存在しない、または未開放です
106034,すみませんが、このユーザーは見つかりませんでした
106035,先ずはWeChatをインストールするか、入力ボックスをクリックしてミニ合言葉をコピーしてください。
106036,間もなくWeChatへ移動します。フレンドを選び、ミニ合言葉を共有しましょう。
106037,先ずはQQをインストールするか、入力ボックスをクリックしてミニ合言葉をコピーしてください。
106038,間もなくQQへ移動します。フレンドを選び、ミニ合言葉を共有しましょう。
106039,ミニ合言葉を入力してください
107000,106000-107000
110000,クリエイトデー
110001,最新のバージョンにアップデートしてください
110002,全員創造祭り-夏のカーニバル
110003,福袋を作る
110004,ルール
110005,もっと素晴らしいマップ
110006,現在のタスク
110007,タスク更新のカウントダウン
110008,抽選終了のカウントダウン
110009,福袋を抽選し、#cFFDD00全シリーズの永久スキンを獲得する#n
110010,今日は抽選タスクがないよ！
110011,タスク終了
110012,回数
110013,イベントの持続時間
110014,どのように抽選回数を獲得しますか
110015,イベント期間中にゲームに初登録し、指定された時間内に対応するタスクを完了\nは1日3回のタスクをクリアでき、完了回数は毎日0時に更新されます
110016,イベントボーナス
110017,全シリーズの永久スキン、ミニコイン、マウントカケラ、キャラクターのカケラなど多くのボーナスが含まれています
110018,どのように投稿しますか
110019,イベントの公式サイトを訪問して投稿に参加する
110020,今すぐ行く
110021,タスクを完了すると抽選券がもらえます
110022,タスクを完了すると抽選券がもらえます
110050,予備
110051,スキン名
110052,受け取りをクリックする
110053,誕生日を記入すると誕生日パーティーに参加できます！参加すると永久四季スキンがもらえます！特別な誕生日プレゼントだけでなく、フレンドと共に祝うこともできます。時間が経つと共に、誕生日プレゼントも多くなるそうですよ！早速参加しましょう！正しい誕生日を記入してくださいね！何故なら、みんなへの誕生日プレゼントは異なっていますから
110054,水瓶座
110055,鱼座
110056,牡羊座
110057,牡牛座
110058,双子座
110059,蟹座
110060,狮子座
110061,乙女座
110062,天秤座
110063,蝎座
110064,射手座
110065,山羊座
110066,月
110067,パーティー参加の報酬として、「#cF9D881@1#n」を選択することを確認しますか？
110068,実名認証を完了してからイベントに参加することができます
110069,本当の生年月日を選んでください。
110070,誕生日祝いパーティーの招待状
110071,おめでとうございます。誕生日祝いパーティーに参加できました~特別な時間に専属祝いを送ります！
110072,"""#cFF8C00@1#n月#cFF8C00@2#n は特別な日！ミニワールドでは限定のプレゼントをご用意しました。忘れられない楽しい誕生日パーティーをミニワールドで過ごしてほしい！早く下のボタンをクリックしてあなたの#cFF8C00専属プレゼント#nを受け取りましょう！"
110073,親愛なる@1@2：ミニワールドからお誕生日おめでとうございます！あなたの#cFF8C00専属プレゼント#nを受け取って、早く仲間たちとこの喜びをシェアしてください！
110074,友達と一緒に誕生日を祝う
110075,友達に@1/@2を贈ることができます
110076,ケーキを贈る
110077,ミニIDを入力して友達を探す
110078,この友達はすでにケーキを受けましたので、他の友達にあげてくださいね。
110079,誕生日ケーキはもう分け終わりました~みんなはケーキをもらいました！
110080,ミニワールドから専属誕生日プレゼントをもらいました！嬉しいですね~欲しい仲間はぜひ誕生日パーティーに行ってくださいね！
110081,贈呈済み
110082,このスキンをすでに持っていますから、他のスキンを選んでください。
110083,誕生日パーティー
110084,クローゼット
110085,パーソナライゼーション
110086,メダル
110087,その他のメダル
110088,ギフトパックへ
110089,ボーナスへ
110090,ツイスターへ
110091,アンロックされたアイテムは、ショップパックで入手できます。（適度に遊んで課金はほどほどに）
110092,アンロックされたアイテムは、ボーナス抽選で入手できます。（適度に遊んで課金はほどほどに）
110093,アンロックされたアイテムはショップツイスターで入手できます。 （適度に遊んで課金はほどほどに）
110094,あなたは誕生日パーティーに参加することに成功しました！あなたの祝日が来るのを辛抱強く待ってください～
110095,気持ち
110096,ディスプレイをアンロックされた
110097,イメージを増加する
110098,まだスキンを持っていない人は、早くショップに行って選びましょう
110099,現在のディスプレイからイメージが削除されることを確認しますか？
110100,イメージを削除する
110101,cFF6D25第@2#nのディスプレイをアンロックするために、#c01C210ミニビーン @1#n を消費しますので、ご確認ください。 #cFF6D25（適度に遊んで課金はほどほどに）#n
110102,公式アカウント
110103,モバイルでご覧ください
110104,以前一緒に遊んでいた#cfa7a0f@1#nが、君にミニベースで一緒に遊ぼうと誘ってくれています!
110105,最近人気のマップは #cfa7a0f@1#nミニベースで体験できます。
110106,体験してみます
110107,新しいメッセージを送ったので、ミニベースにチェックしてみてください。
110108,ゲームの招待状を送りました。ミニベースに向かって、一緒に遊びましょう。
110109,チェック
110110,以前一緒に遊んでいた#cfa7a0f@1#nが、君にミニベースで一緒に遊ぼうと誘ってくれています!
110111,相手がミニベースを使っていて、それをインストールして友達になれます
110112,グループオーナーがミニベースを使い、インストールしてグループチャットに参加する
110113,ミニビーンをシェアして、ボーナスをもらいます
110114,超楽しいサンドボックスゲーム「ミニワールド」をプレイしています！一緒に新しいマップを作りましょう。
110115,広告を視聴すると無料で復活＋謎のボーナスを受け取ることができます
110116,ペットの上に座っていては、ピアノを弾くことはできません
110117,変身
110118,スキル
110119,アバター
110120,フォトフレーム
110121,効果
110122,足跡
110123,アクション
110124,飛行する
110125,背景
110126,体験して使う
110127,時間限定で買う
110128,@1日@2時@3分
110129,残っているcfa7a0f@1日cfa7a0f@2時cfa7a0f@3分
110130,効果
110131,スキン
110132,周辺
110133,マップ
110134,変身する
110135,スキンを買う
110136,購入方法
110137,使用時間
110138,永久
110139,30日間
110140,7日間
110141,親友に贈る
110142,友人に要求する
110160,肌の詳細ページ予約
110161,マップ名
110162,マップ紹介
110163,マップ名
110164,超楽しいサンドボックスゲーム「ミニワールド」、一緒に遊びましょう。
110165,すごく面白いマップを作ったので、一緒に遊びましょう。
110166,ミニワールドを開いて、自分のマップを作ってみよう
110167,すごく面白いマップを発見しました。一緒に遊びましょう。
110168,@1タイプのマップ、ダウンロード数は@2、あなたは気に入るはずです。
110169,マイガーデンに遊びに来てくださいね。
110170,超楽しいサンドボックスゲーム「ミニワールド」、一緒に遊びましょう。
110171,桃の苗木を3つ買います。
110172,テンサイの種を5つ買います。
110173,トマトの種を10個買います。
110174,桃の苗木を2つ植える。
110175,テンサイの種を5つ植える。
110176,トマト10種を植える
110177,3つの桃を売る
110178,80ソルガムを売る
110179,牛乳を10個販売する
110180,2頭の牛を飼う
110181,トントンを4匹飼う
110182,鶏を12羽飼
110183,各ペットに属性を1回ずつ育成
110184,どのペットにも属性を3回培養する。
110185,平原探険に出かける
110186,森林探険に出かける
110187,丘の探検に出かける
110188,かまどで小麦パンを作る
110189,かまどでチーズを作る
110190,かまどでコーヒーを一杯作る。
110191,製作台で果物の木の板を作る。
110192,製作台で小さな棒を3つ作る。
110193,製作台で粗造りの石造りのれんがを作る。
110194,桃を4個収穫する。
110195,テンサイを90個収穫する。
110196,高丹草200個収穫する。
110197,食塩を3つ買う。
110198,牛を4頭買う
110199,パワー水を20本買う。
110200,牧場の中の小動物を4回飼う。
110201,牧場の中の小動物を8回飼う。
110202,牧場の中の小動物を12回飼育する。
110203,生の鶏の足を2つ収穫する。
110204,生のトントン肉を2つ収穫す
110205,友達のマイガーデンに3回遊びに行く。
110206,友達のマイガーデンに5回遊びに行く。
110207,マイガーデンで6分間遊ぶ。
110208,マイガーデンで15分遊ぶ。
110209,マイガーデンで30分遊ぶ
110210,新しいペットの仲間を飼いましょう。
110211,マイガーデンのショップで任意の四角形の建築材料を買う。
110212,マイガーデンでどれかの家具を買う
110213,マイガーデンのショップで家具のセットを一つ買う。
110214,ピーマンの種を10個買う。
110215,大根の種を5つ買う。
110216,小さな星の種を10個買う。
110217,ピーマンの種を10個植える
110218,人参の種を5個植える
110219,小さな地星の種を10個植える
110220,ピーマンを60個販売する
110221,人参を60こ植える
110222,牛乳を10個販売する
110223,2頭の牛を飼う
110224,トントンを4匹飼う。
110225,鳥を12匹飼う
110226,各ペットに属性を1回ずつ育成します。
110227,どのペットにも属性を3回培養します。
110228,平原探険に出かける
110229,森林探険に出かける
110230,丘の探検に出かける
110231,かまどで小麦パンを作る
110232,かまどでチーズを作ります。
110233,かまどでコーヒーを一杯作ります。
110234,製作台で果物の木の板を作ります。
110235,製作台で小さな棒を3つ作ります。
110236,製作台で粗造りの石造りのれんがを作ってください。
110237,ピーマンを100個収穫しました
110238,大根を90個収穫しました
110239,ブロッコリーを500個収穫しました。
110240,食塩を3つ買います
110241,牛を4頭買います
110242,パワー水を20本買います
110243,牧場の中の小動物を4回飼っています。
110244,牧場の中の小動物を8回飼っています。
110245,牧場の中の小動物を12回飼育します。
110246,生鶏の足を5つ収穫しました
110247,生トントンを4つ収穫する。
110248,友達のマイガーデンに3回遊びに行きます。
110249,友達のマイガーデンに5回遊びに行きます。
110250,マイガーデンで6分間遊んでいます。
110251,マイガーデンで15分間遊んでいます。
110252,マイガーデンで30分間遊んでいます。
110253,新しいペットの仲間を飼いましょう。
110254,マイガーデンのショップで任意の四角形の建築材料を買う。
110255,マイガーデンのショップでの家具を買います
110256,マイガーデンのショップで家具のセットを一つ買います。
110257,ハダカムギの種を15個買います。
110258,菜の花の種を5つ買います。
110259,小さな地星の種を10個買います。
110260,15個のハダカムギの種を植える。
110261,菜の花の種を5つ植える
110262,小さな地星の種を10個植える
110263,ピーマンを60個販売しています
110264,大根を80個販売しています
110265,牛乳を10個販売しています
110266,ハダカムギを200個収穫しました
110267,100個の菜の花を収穫する
110268,ブロッコリーを500個収穫しました。
110269,トントンを4匹飼っています
110270,牛を4頭飼う
110271,鶏を12羽飼っています
110272,鶏を12羽饲っています。
110273,どのペットにも属性を3回培養します。
110274,森林探険に出かける
110275,丘の探検に出かける
110276,海岸探険に出かける
110277,かまどで小麦パンを作る
110278,かまどで牛肉のハンブルクを作ります。
110279,かまどでコーヒーを一杯作ります。
110280,製作台で果物の板を二つ作ります。
110281,制作台で簡単な階段を2つ作ります。
110282,制作台で陶磁器の土底を作ってください。
110283,食塩を5個買います
110284,牛を6頭買います
110285,パワー水を20本買います
110286,牧場の中の小動物を4回飼っています。
110287,牧場の中の小動物を8回飼っています。
110288,牧場の中の小動物を12回飼育します。
110289,生鶏の足を5つ収穫しました
110290,生トントン肉を4つ収穫する。
110291,友達のマイガーデンに3回遊びに行きます。
110292,友達のマイガーデンに5回遊びに行きます。
110293,マイガーデンで6分間遊んでいます。
110294,マイガーデンで15分間遊んでいます。
110295,マイガーデンで30分間遊んでいます。
110296,新しいペットの仲間を飼いましょう。
110297,マイガーデンのショップで任意のブロックの建築材料を買う。
110298,マイガーデンのショップで家具を買います
110299,マイガーデンのショップで家具のセットを一つ買います。
110300,卵黄果樹の種を10個買います。
110301,コーリャンの種を10個買います。
110302,ラズベリーの種を12個買います。
110303,コウリャンの種を10個植える。
110304,卵黄果樹の種を6つ植える。
110305,ラズベリーの種を12個植える。
110306,卵黄果樹の実を60個販売しています
110307,グリーンピースを200個販売しています
110308,牛乳を10個販売しています
110309,卵黄の実を30個収穫します
110310,グリーンピースを200個収穫しました
110311,グリーンピースを400個収穫しました
110312,トントンを4匹飼っています
110313,牛を4頭飼う
110314,鶏を12羽飼っています
110315,各ペットに属性を1回ずつ育成します。
110316,どのペットにも属性を3回培養します。
110317,森林探険に出かける
110318,丘の探検に出かける
110319,洞穴探検に出かける
110320,かまどで小麦パンを作る
110321,かまどで果物の盛り合わせを作ります。
110322,かまどでコーヒーを一杯作ります。
110323,製作台で果物の板を二つ作ります。
110324,制作台で簡単な階段を2つ作ります。
110325,制作台で陶磁器の土底を作ってください。
110326,食塩を5個買います
110327,牛を6頭買います
110328,もち米を30個買います
110329,牧場の中の小動物を4回飼っています。
110330,牧場の中の小動物を8回飼っています。
110331,牧場の中の小動物を12回飼育します。
110332,生鶏の足を5つ収穫しました
110333,生トントン肉を4つ収穫する。
110334,友達のマイガーデンに3回遊びに行きます。
110335,友達のマイガーデンに5回遊びに行きます。
110336,マイガーデンで6分間遊んでいます。
110337,マイガーデンで15分間遊んでいます。
110338,マイガーデンで30分間遊んでいます。
110339,新しいペットの仲間を飼いましょう。
110340,マイガーデンの商店で任意のブロック建築材料を買う。
110341,マイガーデンのショップで家具を買います
110342,マイガーデンのショップで家具のセットを一つ買います。
110343,チェリーの種を10個買います。
110344,ブルーベリーの種を10個買います。
110345,ぶどうの種を12個買います。
110346,さくらんぼの種を6つ植える
110347,ブルーベリーの種を6つ植える
110348,12個のさくらんぼの種を植える
110349,チェリーを90個販売しています
110350,ブルーベリーを100個販売しています
110351,生トントン肉を10個販売しています
110352,収穫90個のさくらんぼ
110353,イチゴ200個収穫
110354,イチゴ400個収穫
110355,トントンを4匹飼っています
110356,牛を4頭飼う
110357,鶏を12羽飼っています
110358,各ペットに属性を1回ずつ育成します。
110359,どのペットにも属性を3回培養します。
110360,森林探険に出かける
110361,海岸探険に出かける
110362,空島探険に出かける
110363,かまどで小麦パンを作る
110364,かまどで果物の盛り合わせを作ります。
110365,かまどでコーヒーを一杯作ります。
110366,製作台で果物の板を二つ作ります。
110367,制作台で簡単な階段を2つ作ります。
110368,製作台で粗造りの石造りのれんがを作ってください。
110369,食塩を5個買います
110370,牛を6頭買います
110371,饅頭を30個買います
110372,牧場の中の小動物を4回飼っています。
110373,牧場の中の小動物を8回飼っています。
110374,牧場の中の小動物を12回飼育します。
110375,生鶏の足を5つ収穫しました
110376,生トントン肉を4つ収穫する。
110377,友達のマイガーデンに3回遊びに行きます。
110378,友達のマイガーデンに5回遊びに行きます。
110379,マイガーデンで6分間遊んでいます。
110380,マイガーデンで15分間遊んでいます。
110381,マイガーデンで30分間遊んでいます。
110382,新しいペットの仲間を飼いましょう。
110383,マイガーデンのショップで任意のブロックの建築材料を買う。
110384,マイガーデンのショップで家具を買います
110385,マイガーデンのマショップで家具のセットを一つ買います。
110386,農場でごまの種を植える
110387,農場でレタスの種を植える
110388,農場でテンサイの種を植える
110389,麦の種を農場に植える
110390,高丹草の種を農場に植える
110391,カンランの種を農場に植える
110392,農場でピーマンの種を植える
110393,農場でブロッコリーの種を植える
110394,農場でニラの種を植える
110395,赤いナツメの種を農場で植える。
110396,きゅうりの種を農場に植える
110397,農場で作物の種を植える
110398,農場でココナッツの種を植える
110399,卵黄の果樹の種を農場で植える。
110400,えんどうの種を農場に植える
110401,ブルーベリーの種を農場で植える
110402,いちごの種を農場に植える
110403,パイナップルの種を農場で植える
110404,さくらんぼの種を農場に植える
110405,霊芝の種を農場に植える
110406,農場でパプリカの種を植える
110407,農場で麦を収穫する
110408,農場でアロエを収穫します。
110409,農場で落花生を収穫する
110410,農場でニンジンを収穫する
110411,農場で陽花を収穫する
110412,農場でお茶を収穫する
110413,農場でごまを収穫する
110414,農場でレタスを収穫する
110415,農場で麦を収穫する
110416,農場で高丹草を収穫する
110417,農場でピーマンを収穫する
110418,農場でブロッコリーを収穫する
110419,農場でナツメを収穫する
110420,農場で作物を収穫する。
110421,農場で卵黄果樹の実を収穫する
110422,農場でエンドウを収穫する
110423,農場でイチゴを収穫する
110424,農場でさくらんぼを収穫する
110425,農場でパプリカを収穫する
110426,任意の商人に麦を売る
110427,任意の商人にアロエを売る
110428,任意の商人にピーナッツを売る
110429,任意の商人にニンジンを売る
110430,任意の商人に陽向かう花を売る
110431,任意の商人にマンゴーを売る
110432,任意の商人にサトウキビを売る
110433,水稲を任意の商人の売りに出す
110434,任意の商人にみかんを売る
110435,任意の商人にジャガイモを売る
110436,任意の商人にカボチャを売る
110437,任意の商人にお茶を売る
110438,任意の商人にスイカを売る
110439,任意の商人に白菊を売る
110440,梨を任意の商人に売る
110441,任意の商人に桃を売る
110442,任意の商人に胡麻を売る
110443,任意の商人にレタスを売る
110444,任意の商人に甜菜を売る
110445,任意の商人に大麦を売る
110446,任意の商人に高丹草を売る
110447,任意の商人にキャベツを売る
110448,任意の商人にピーマンを売る
110449,任意の商人にカリフラワーを売る
110450,任意の商人にニラを売る
110451,任意の商人にナツメを売る
110452,任意の商人にきゅうりを売る
110453,任意の商人に大麦を売る
110454,任意の商人にやしを売る
110455,任意の商人に卵黄果を売る
110456,任意の商人にグリーンピースを売る
110457,任意の商人にブルーベリーを売る
110458,任意の商人にいちごを売る
110459,任意の商人にパイナップルを売る
110460,チェリー任意の商人にアロエを売る
110461,任意の商人に霊芝を売る
110462,任意の商人に五色のピーマンを売る
110463,牧場で鶏を飼う
110464,牧場で飛鳥を飼う
110465,牧場で牛を飼う
110466,牧場で羊を飼う
110467,牧場でトントンを飼う
110468,牧場の中の小動物を飼う
110469,牧場に行って鶏を収穫する
110470,牧場に行って生ステーキを収穫します。
110471,牧場に行って羊の足を収穫する。
110472,牧場に行って生トントン肉を収穫する。
110473,大山にサトウキビの種を買う。
110474,大山にトマトの種を買います。
110475,大山に小さな星の種を買う。
110476,大山に菜の花の種を買います。
110477,大山にサンショウの種を買います。
110478,大山にブドウの木の種を買います。
110479,力さんに鶏肉を買いに来ました
110480,力さんを探して飛鳥を買う。
110481,力さんを探して牛を買う
110482,力さんを探して牛を買う
110483,力さんを探して羊を買う
110484,力さんを探してトントンを買う
110485,リュウさんにパワー水を買いに行きます。
110486,リュウさんにパワー水を買いに行きます。
110487,塩を買うためにリュウさんを探しています。
110488,リュウさんに砂糖を買いに行きます。
110489,リュウさんにヒマワリの種を買ってもらいます。
110490,リュウさんに米を買いに行きます。
110491,かまどに行って麦を使って小麦粉を作る。
110492,かまどに行って、日向ぼっこを使ってひまわりの種を作ります。
110493,かまどに行って米を作る
110494,かまどに行ってサトウキビを使ってサトウキビを作ります。
110495,工具台に行ってサトウキビを使って紙を作ります。
110496,工具台に行って飛羽を使ってダウンジャケットを作ります。
110497,工具台に行って果樹の原木を使って果物の木の板を作ります。
110498,工具台に行ってウールを使って布を作ります。
110499,道具台に行って綿を使って綿布を作ります。
110500,工具台に行って砂を使ってガラス片を作ります。
110501,工具台に行って粘土を使って陶磁器の土底を作る。
110502,精霊砂糖を使ってペットの育成を助けます。
110503,平原探険に出かける
110504,森林探険に出かける
110505,丘の探検に出かける
110506,任意の1つの家具/建築材料を作る
110507,マイガーデンの編集モードに入り、家具を置く。
110508,友達のマイガーデンに遊びに行きます。
110509,マイガーデンで5分間遊びましょう。
110510,マイガーデンで10分間遊びましょう。
110511,マイガーデンで10分間遊んでいます。
110512,マイガーデンで15分間遊んでいます。
110513,マイガーデンで15分間遊んでいます。
110514,マイガーデンで20分間遊んでいます。
110515,新しいペットの仲間を飼いましょう。
111000,@Null@
111001,ショットで買い物
111200,@Null@
111201,異常
111202,ダウンロードしたマップはまたありません。
111203,最初のマップを作りましょう。
111204,アップロードのマップはまたありません。
111205,マップをアップロードしたことがありません。
111206,プログレス
111207,まだマップを収集していません。
111208,修正するとアップロードできます。
111209,ダウンロードしてください。
111210,ゲームバージョンが古すぎます。アップデートしてください~
111270,グループ全体の音声禁止（オン）：マイクチャット禁止
111271,グループ音声完全禁止（オフ）：マイクチャット可能
111272,グループ全体で声を出さない：ルームオーナー以外のルーム内のプレイヤーは、声を出すことを禁止されている
111273,発語禁止されます
111274,発語禁止を解除されました
111275,全室音声禁止（）
111276,ルーム全体の音声禁止（オフ）
111277,音声ブロッキング
111278,音声がブロックされる
111279,グループボイスをオフにする
111280,グループボイスをオンにする
111281,あなたのチームにも音声機能があります。フレンドを誘って体験してみてください！
111282,登録後7日未満で、一時的に音声機能を利用できない場合
111283,すべて
111284,チーム
111285,閉じる
111286,#c3d4546チームVCは有効になりました。同じチームにいるとボイスチャットで交流できます。#c0aaa1aここをクリック#c3d4546するとオン/オフを変更できます
111287,オン
111288,VC聴取&マイクはオフになりました
111289,チームチャンネルのVC聴取はオンになりました
111290,全チャンネルのVC聴取はオンになりました
111291,マイクはオフになりました
111292,チームチャンネルのマイク&スピーカーはオンになりました
111293,全チャンネルのマイク&スピーカーはオンになりました
111301,バージョンが古すぎます。最新バージョンをダウンロードしてください
111302,親に協力を求める
111303,特長
111304,ここで特長を管理できます
111305,ここは特長リストです。特長をクリックすると、管理画面に入ります。
111306,ここでは、特長の解放・レベルアップ・外す・装着などができます。
111307,特長確認
111308,スキン確認
111309,スキンはここに移動されました。特長も全面的に開放されました。個人センターで特長を使用することができますよ
111310,~キャラクターシステム進化~
111311,個人センターで特長管理の入口が追加されました
111312,特長はスキンと連携しなくなり、冒険者がどんなスキンを着用しても、個人センターで特長を使うことができます！
111313,スキンシステム移動
111314,スキンシステムはスキン-冒険に合併されました。冒険者はショップでスキンを着用できます！
111315,——特長システムがアップデートされました。新しい特長システムの徹底解説はこちら！
111316,1、特長：冒険者が特長を着用したら、ゲーム内で追加ステータスを獲得でき、冒険者のステータスは更に上がります。特長は2つのレベルがあり、レベルが高いほど、追加ステータスも多くなります。2、アンロックする方法：冒険者は特長汎用破片で特長をアンロックできます。3、レベルアップする方法：冒険者は特長汎用破片で特長のレベルを上げることができます。4、着用・使用方法：個人センター - 特長 で、解放済みの特長画面で【装備】をクリックすれば、着用できます。ゲームに入った後、冒険者はその特長が提供したステータスを獲得できます。
111317,2、アンロックする方法：冒険者は特長汎用破片で特長をアンロックできます。
111318,3、レベルアップする方法：冒険者は特長汎用破片で特長のレベルを上げることができます。
111319,4、着用・使用方法：個人センター - 特長 で、解放済みの特長画面で【装備】をクリックすれば、着用できます。ゲームに入った後、冒険者はその特長が提供したステータスを獲得できます。
111320,ロック中
111321,Lv1
111322,Lv2
111323,現在のレベルのボーナス
111324,次のレベルのボーナス
111325,アンロックするには特長破片が必要です
111326,レベルアップするには特殊なアイテムが必要です
111327,特長破片交換
111328,素材交換
111329,バージョンアップデートにより、以上のアイテムは失効しました。特長破片と交換できます
111330,交換報酬
111331,特長破片
111332,@1所持済み
111333,交換すると[color=#FA7A0F]@1[/color]を獲得できます
111334,交換比率
111335,交換
111336,アイテム名称
111337,交換できるアイテムがありません
111338,比率
111339,特長レベルアップ
111340,特長アンロック
111341,レベルアップ
111342,アンロック
111343,装備
111344,外す
111345,#cfa7a0f既存キャラ破片交換#n
111346,交換できるキャラ破片がありません
111347,キャラクター
111348,全て交換
111349,このマップの作者によって特長は禁止されました
111350,特長破片が足りません
111351,解放用のアイテム
111352,特長データの同期が失敗しました。再試行してください
111353,ルームは人数がいっぱいで、一時的に入ることができない
111354,決済中、一時的に入ることができません
111355,ゲームが開始され、一時的に入場できなくなりました
111356,相手のゲームのバージョンが古すぎます。相手にゲームのアップデートを勧めてあげてください〜
111357,チームは人数がいっぱいで、一時的に入ることができない
111358,他のルームに入るには、現在のゲームを終了する必要があります
111359,相手とのゲームバージョンが一致しない
111360,ルームは一時的に入らない
111361,現在のチーム人数はいっぱいです
111362,現在のチームゲームはオンになっており、入ることができません
111363,フレンド@1がゲームに入った
111364,チーム招待を送る
111365,チーム招待が送った
111366,チームゲームで
111367,チームは人数がいっぱいで、一時的に参加できない
111368,チームは一時的に参加できません
111369,しばらくチーム招待を送れません
111370,チームコード：
111371,フェイスtoフェイスでチームを組む
111372,位置情報の使用が許可されていない場合は、携帯の設定ページで開いてください
111373,周りの友達と同じ4つの数字を入力し、同じチームに入る
111374,チームの中で、チームに繰り返し参加できない。
111375,フェイスtoフェイスでチームを組むのは報酬ある！
111376,新人プレイヤーを招待すると、フェイスtoフェイスでチームを組むのは報酬ある！
111377,同日に登録した新規ユーザーと[color=#FE5656]フェイスtoフェイスチーム[color=#3D4546]でエントリーしたプレイヤーに報酬をプレゼント（フェイスtoフェイスチームでエントリーしたプレイヤーに限る）
111378,招待した：[b][size=30]@1人[size][b]
111379,イベント時間：@1年@2月@3日-@4年@5月@6日
111380,獲得した報酬
111381,招待@1人
111382,ネット詐欺に気をつけて、個人のプライバシー情報、名前、住所、連絡先、銀行口座番号、支払いソフトのパスワード、携帯電話の認証コードなどを共有しないでください。
111383,チームは公開されました
111384,チームは未公開です
111385,チームは準備ができています
111386,遊園地で
111387,ゲームで
111388,フレンドと同じ遊園地にいます
111389,招待が頻繁すぎる
111390,フレンド[color=#0AAA1A]%s[/color]がオンライン
111391,フレンド[color=#0AAA1A]%s[/color]がゲームに
111392,フレンド[color=#0AAA1A]%s[/color]がチームを組んで
111393,グループ状態でのフォローは不可
111400,信用ポイントルール
111401,TIPS
111402,あなたはゲームの中で規約違反行為をしたため、信用ポイントが@1点以下になり、VC機能の使用が禁止されました。信用ポイントルールに従い、正当なゲーム行為をすることで信用ポイントを稼ぐことができます。
111403,あなたはゲームの中で規約違反行為をしたため、信用ポイントが@1点以下になり、チャット機能の使用が禁止されました。信用ポイントルールに従い、正当なゲーム行為をすることで信用ポイントを稼ぐことができます。
111404,信用ポイント：@1
111405,あなたはゲームの中で規約違反行為をしたため、信用ポイントが@1点以下になり、【師弟-名師になる】機能の使用が禁止されました。信用ポイントルールに従い、正当なゲーム行為をすることで信用ポイントを稼ぐことができます。
111500,ダンスホールの設置
111501,場所の範囲.
111502,選択
111503,エリアが選択されていないため、遊び方は有効ではありません
111504,参加者奨励
111505,追加
111506,保存
111507,エリア設定
111508,新規作成
111509,編集奨励
111510,受賞方式
111511,シングルゲームランキング
111512,ワンセットの得点
111513,受賞条件
111514,トップ1
111515,トップ2
111516,トップ3
111517,トップ4
111518,トップ5
111519,トップ6
111520,トップ7
111521,トップ8
111522,トップ9
111523,トップ10
111524,数値を入力してください
111525,（設定値以上の場合）
111526,品物を選ぶ
111527,選択
111528,奨励と対応条件を設定してください。
111529,ミニクラブ ダンスホールヘルプ
111530,#cfa7a0f紹介：#n -ダンスホールMiniClubはリズムゲームのアイテムです。開発者モードで設置し、エリアツールでエリアを設定した後、マップをイベントモードに変更すれば、リズムゲームを体験できます。このゲームはマルチプレイが可能です。#n#n#cfa7a0f設定：#n -開発者モードでダンスホールアイテムをクリックすると、ダンスホール設定画面を開くことができます。-エリア範囲の選択：対象ライブラリエリア機能を通じて、ダンスホールのエリア範囲を選び、その範囲におけるシチュエーションビルドを行うことができます。#cfa7a0f（TIPS：このエリアではスキンを着用してダンスすることができず、カスタマーアバターを使用したキャラクターのみがダンスできます。プレイヤーたちにカスタマーアバターを提供するために、エリアの入口で変装エリアを作成することがお勧めです。）#n -参加者報酬について：ランキング&ポイントなどの方式でプレイヤーに予め設定されたゲームアイテムを報酬として配布できます。-事前注文機能：開発者はダンスホールの曲を事前に設定することができ、ループ再生の位置で全てのプレイヤーによる曲注文をオフにすることができます。#n#n#cfa7a0fルール：#n -プレイヤーがダンスホールのエリアに入場すると、ゲームGUIはダンスホールのGUIになります。プレイヤーが音楽プレイヤーで曲を選んだ後、曲の再生が始まった時、ゲームも始まります。-曲の再生が始まった後、途中参加はできなくなり、次の曲が始まるまで待つ必要があります。
111531,#NAME?
111532,現在のランキング
111533,@1ポイント
111534,#cfa7a0f設定について#n
111535,現在再生可能な曲がありませんので、曲を選択してください。
111536,-エリア範囲選択：ダンスホールのサイズは、オブジェクトライブラリエリア機能で選択できます。#cfa7a0f（暖かい情報：セットスキンはエリア内でのダンスには対応しておらず、カスタムドレスのスキンキャラクターのみダンスに対応しています。 (シーンの入り口にドラッグエリアを作り、プレイヤーにカスタムドレスのドラッグを提供することをお勧めします)。
111537,ダンスホールエリアを出て、プレイモードに戻ります。
111538,#cfa7a0f（お知らせ：エリア内でスキン着用のダンスには対応できません。アバター着用のダンスのみ対応できます。 (エリアの入り口に変装エリアを作り、プレイヤーにアバターを提供します)。#n
111539,音楽に合わせて踊れるダンスホールエリアに入りました！
111540,-参加者の報酬設定：参加者の報酬は、ランキングとポイントを通じて配布できます。
111541,次に曲を放送《@1》まで@2秒。
111542,#cfa7a0f遊び方について#n
111543,"-プレイヤーがダンスホールエリアに入ると、ゲームGUIがダンスホールGUIになります。プレイヤーがエリア内の音楽プレーヤーを使用して曲を選択した後、曲が流れると自動的にゲームを開始します。""
111544,エリアは全て削除しました。もう一度選択してください。
111545,-音楽が始まると途中でゲームに参加するのは対応できません。次の音楽が始まるまで待つ必要があります。"""
111544,エリアは全て削除しました。もう一度選択してください。
111545,"-音楽が始まると途中でゲームに参加するのは対応できません。次の音楽が始まるまで待つ必要があります。"""
111546,ダンスホールエリアでのマウントの使用はできません。
111547,ボーナス既に配布しました。
111548,@Null@
111549,ダンスホールの曲を事前に設定
111550,選択中
111551,プレイリスト
111552,事前注文は最大15曲を選ぶことができ、選択中の曲を削除することもできます。
111553,選択中の曲
111554,本当に『@1』を削除しますか？
111555,プレイヤーによる曲注文をオフにしますか？
111556,プレイヤーによる曲注文をオフにしますか？オフにすると、あなたが選択した曲しか流されません。
111557,はい
111558,いいえ
111600,チャットバブル
111601,チャットバブル：オープンすると部屋内プレイヤーのチャット内容はキャラの上に現れる。
111602,チャットバブルは閉じました。
111603,チャットバブル（オープン）：チャットのメッセージはキャラの上に現れる。
111700,ジャンプマップの設定
111701,ターゲットマップ
111702,マップ名
111703,転送座標
111704,リストを見る
111705,マイマップ
111706,転送確認
111707,チームメンバーを招待
111708,＠1に転送しますか？
111709,マップIDを入力、またはリストから選択
111710,自動的に取得されるため、記入の必要はない
111711,"x,y,z 例：10,7,12"
111712,マップを選択
111713,ルームメイトのリスト
111714,転送できません、マップIDは＠1
111715,マップ状態が異常、公開マップIDを記入してください。
111716,ターゲットマップ未公開
111717,ホストは転送の準備をしている...
111718,マップ情報の取得失敗
111719,[color=#E0DCCA]ユーザー[/color][color=#FFDA0A] @1 [/color][color=#E0DCCA]はマップ[/color][color=#FFDA0A] @2 [/color]にあなたをご招待します。
111720,招待済み
111721,次の招待を開始するのに＠1秒必要
111722,このデバイスは生配信機能が使用できません
111723,このイベントは成人したユーザーのみ参加可能
111724,このアイテムは現在のアプリでは使用できません
111800,カスタム写真
111801,最近使う
111802,カスタマ写真ライブラリ
111803,基本
111804,（1.アップロード写真のサイズが3 Mを超えています。
111805,2.写真ライブラリの総数が上限に達していますので、写真の一部を削除してからアップロードしてください。3.アップロードされた写真のフォーマットが間違っています。JPGとPNGの写真をアップロードしてください。
111806,4.解像度が1920*1080を超えています。）
111807,アップロード失敗、このファイルはアップロードルールに従っていません
111808,同じファイルをアップロードしないでください。
111809,画像ファイルを選んでください
111810,pngファイル（*.png）\0*.png\0全てのファイル（*.*）\0*.*\0
111811,以下のリソースは削除されますが、既に使用されたマップには影響を及ぼしません。削除されると、ローカルファイルは復旧できなくなります
111900,@Null@
111901,属性設定
111902,名前
111903,内容表示
111904,写真選択
111905,選択画面
111906,ビデオ選択
111907,符合選択
111908,配置
111909,底板設置
111910,不透明度
111911,色
111912,衝突スイッチ
111913,優先度を表示
111914,写真
111915,ビデオ
111916,インターフェース
111917,充填する.
111918,適応する
111919,伸ばす
111920,並べる
111921,真ん中
111922,中心点座標
111923,X座標
111924,Y座標
111925,Z座標
111926,回転
111927,X軸
111928,Y軸
111929,Z軸
111930,愛奇芸
111931,表示板のサイズ
111932,幅
111933,高さ
111934,ビデオリンク
111935,表示板は1000個以上のブロックから離れていて、飛べませんよ。
111936,写真追加
120000,@Null@
120001,背景色
120002,ライトグレー
120003,ダークグレー
120004,白い
120005,パターの色
120006,ボタン設定
120007,入力設定
120008,制限なし
120009,数字のみ
120010,アルファベットのみ
120011,ダブルエンドディス表示
120012,PCのみ表示
120013,携帯のみ表示
120014,フリーズーム
120015,等比
120016,"每一个页面可以设置多个页面状态(上限为6个),同一个元件在不同的页面状态下能具有不同的属性(是否显示、位置、大小、颜色、透明度、旋转、文本内容、图案、字体大小。),通过触发器可进行页面状态的切换,调整时不会影响其他页面状态的相应属性.如需同步属性,可以通过元件设置内的同步按钮进行同步."
120017,如何使用关联
120018,"関連をどのように使うか。
“左ボタンが選択された：親要素が変化したとき、子要素と親要素の左枠からの距離は変化しない；
右側ボタンが選択された：親要素が変化したとき、子要素と親要素の右枠からの距離は変化しなかった。
上側ボタンが選択された：親要素が変化したとき、子要素と親要素の上のフレーム距離は変化しない。
下側ボタンが選択された：親要素が変化した場合、子要素と親要素の下枠からの距離は変化しない。
左右側ボタンが同時に選択される：親要素が変化したとき、子要素と親要素の中心点との水平距離は変化しない。
上下側ボタンが同時に選択された：親要素が変化した場合、子要素と親素子中心点との垂直距離は変化しない。“"
120019,@Null@
120020,@Null@
120100,@Null@
120101,ホワイトリスト以外のプレイヤーには使えない
120102,公序良俗に反する内容
120103,ネットワークの状態がよくないので、もう一度試してください。
120104,ファイルが解析できません
120105,ライトアップ
120106,トラックを主旋律としてマークします。インストルメントを使用する場合は、最初のトラックが最初に再生されます
120107,すべて再生
120108,MIDIアップロード
120109,MIDIは特殊なオーディオファイルです。
120110,もっと詳しく知りたい方はここをクリック
120111,通常のオーディオ
120112,MIDIオーディオ
120113,MIDIとは？
120114,ファイルのアップロードに成功しました
120115,数が上限に達しています。不要なファイルを削除してから再度アップロードしてください。
120116,自分のファイル以外のファイルをアップロードできない
120117,無効トラックは、楽器のプレイや交換はしばらくサポートしておりません
120118,(しばらくサポートしない)
120119,トラック
120120,@Null@
120121,MIDIファイルが@1M以上なので、ロードに失敗しました
120122,@Null@
120123,連携変更
120124,アカウントの追加
120125,パスワード
120126,質問1
120127,答え
120128,質問2
120129,アカウントを登録
120130,コンピュータのデスクトップに保存
120131,プライバシーポリシー
120132,アカウントが存在しません。
120133,"冒険者様。
このアカウントが存在しません、登録してください"
120134,登録
120135,ログインに失敗しました
120136,この機能は一時的に利用できません。アップグレードをお待ちください。
120137,クラウドゲームへのログインに失敗しました、ゲームを再起動してください
120138,ストレージ容量が不足しています
120139,忘れた
120140,"冒険者様:
パスワードが設定されていないため、紛失すると復元できない可能性がある！
パスワードを設定することをお勧め。"
120141,元のアカウントを解くのは確かですか？
120142,メールアドレスはミニIDで唯一の連携関係になっていますので、新しいメールアドレスを入力してください
120143,携帯電話番号の連携変更
120144,郵便箱の連携変更
120145,連携携帯電話番号はアカウントのパスワードをログインまたは取り戻すことができます
120146,連携メールボックスはアカウントのパスワードを取り戻すことができます
120147,この携帯番号は既に@1と連携中なので、このまま進むと元の@2との連携が解除されます。よろしいですか？
120148,携帯電話番号の連携を解除した後、この番号を使用してログインできない場合や、携帯電話番号でアカウントのパスワードを取り戻すことができません。
120149,メールアドレスの連携を解除するとメールアドレスでアカウントのパスワードを取り戻すことができなくなります。
120150,ミニID%s連携携帯電話番号が成功しました
120151,ミニID%s携帯電話番号の連携変更は成功しました
120152,このメールアドレスは既に@1と連携中なので、このまま進むと元の@2との連携が解除されます。よろしいですか？
120153,連携変更前に、身分を確認するために認証コードを入力してください
120154,ミニID%sメールアドレスの連携は成功しました
120155,ミニID%sメールアドレスの交換は成功しました
120156,新しい携帯電話番号を入力してください
120157,新しいメールアドレスを入力してください
120158,ミニID連携
120159,ミニID連携により、ミニIDの安全性が高まる。連携すると[color=#DF6C77]連携解除&連携変更できなくなります。[/color]
120160,他のチャネルアカウントと連携中です
120161,ミニID連携完了
120162,ミニID連携失敗、再試行するか、他のミニIDを選んでください
120163,クリップボードに保存
120164,チャネルログインに何度も失敗したため、ゲームから退出しました
120165,チャネル認証に失敗しました。チャネルに再ログインしてからもう一度試してください！
120166,このミニIDは既に他のチャネルアカウントと連携中です。ミニIDまたはチャネルアカウントを変えてください
120167,連携に何度も失敗したため、連携画面は閉じられました
120168,ミニID%sは既にログイン状態です！
120169,次の操作をするには、チャネルアカウントでログインする必要があります！
120170,他の携帯番号でログイン
120171,ミニワールドの[color=#76b04a]《%s》[/color]を読み、同意しました
120172,認証契約を選んでください
120173,
120174,実名データ取得に何度も失敗しました
120175,China Mobile
120176,China Unicom
120177,China Telecom
120178,認証サービスは%sのご提供です
120179,チャネルログイン回数が多すぎます。ゲームを退出し、ネットワークまたはチャネルアカウントをチェックしてください！
120180,他のログイン方法
120181,ミニID@1は削除されました。ミニID@2に切り替えますか？
120182,切り替える
120183,ミニID@1は削除されました。新しいアカウントを作成しますか？
120184,BAN
120185,削除済み
120186,@1のログインに失敗しました。ログインしないと次に進めないので、再試行してください
120187,ミニID@1と連携しているのは、今ログインした@2アカウントではありません。@3-[設定]でアカウントを切り替えるか、他のミニIDでログインしてください。
120198,セキュリティ通知
120199,ログイン認証に失敗しました。パスワードをもう一度入力してください！
120200,武器
120201,兵器庫
120202,パーソナライゼーション
120203,期間限定販売：@日@時@分
120204,試用中
120205,@天@時@分
120206,期間限定
120207,人気
120208,セール
120209,詳細
120210,オンライン時間順
120211,オンライン時間逆順
120212,価格は高いから低いまで
120213,価格は低いから高いまで
120214,名前を入力してください
120215,購入
120216,アンロック
120217,使用
120218,キャンセル
120219,イベント獲得
120220,@1使用成功
120221,使用キャンセル
120222,ミニコイン×@1を使って@2を購入しますので、ご確認ください。(適度な娯楽理性的消費)
120223,@1を使って@2を購入しますので、ご確認ください。(適度な娯楽理性的消費)
120224,新しいスキンを得る：@1。
120225,新しいスキンをアンロック：@1
120226,自慢して
120227,確認
120228,総合
120229,自動小銃
120230,スナイパーライフル
120231,ヘビーマシンガン
120232,リボルバー
120233,ソード
120234,弓
120235,ゲームバージョンが古い
120236,ゲームバージョンが古い
120237,ゲームバージョンが古い
120238,ゲームバージョンが古い
120239,ゲームバージョンが古い
120240,ゲームバージョンが古い
120241,ゲームバージョンが古い
120242,ゲームバージョンが古い
120243,ゲームバージョンが古い
120244,武器スキン詳細。
120245,この武器のスキンには次のような効果が含む：
120246,スキンを優先的に展示する。
120247,オフ、ミニチュアを優先的に展示しています。
120248,オン、武器のスキンを優先的に展示しています
120249,次のページ。
120250,武器のスキンの着用方法。
120251,1.武器庫：スキンを購入する
120252,2.すでに所有している：使用
120253,ゲームの中で、みんなはプレイヤーのクールな武器のスキンを見ることができます
120254,1.武器のスキンを使う前
120255,2.武器のスキンを使う後
120256,同じタイプの武器でもスキンが表示されます。
120257,アイテムタイプ
120258,スキン
120259,獲得方法
120260,間違ったリクエストパラメータ
120261,クライアントバージョン無効
120262,設定無効
120263,間違った物品
120264,チャージ失敗
120265,物品の削除に失敗しました
120266,物品の追加に失敗しました
120267,データの書き込みに失敗しました
120268,購入制限
120269,発送失敗
120270,永久アイテム無限期使用
120271,物品は失効しました
120272,そのスキンを見つかりません
120273,武器スキン
120274,@Null@
120275,やった！武器スキンを持っている！#cfa7a0f@1#n！
120276,適用武器：ガンマンのリボルバー
120277,適用武器：自動小銃
120278,適用武器：スナイパーライフル
120279,適用武器：ヘビーマシンガン
120280,適用武器：刀と剣型
120281,適用ツール：ツルハシ系
120282,適用ツール：斧系
120283,適用ツール：シャベル系
120284,つるはし
120285,斧だ
120286,シャベル
120287,このマップの武器スキンボーナスはオフになっています
120288,キャラクター手持ち
120289,キャラクター乗り
120290,武器スキンを購入に行こう！
120291,この武器スキンはすでに@1に贈っていました。繰り返し贈らないでください。
120292,武器スキン操作
120293,ボーナスを許可
120294,すでに与えられた
120295,メールを送信失敗
120296,武器の皮膚はメールで@1に贈られた。メールに遅れがある可能性がある。友達に繰り返しログインしてチェックするように注意できる。
120297,鍛冶屋
120298,武器熟練度がLv.%dに達するとアンロック
120299,"イベントルール
1、鍛冶屋で強化できるのは永久武器のみ 
2、強化する時、一定の確率に従って、品質に相応しいいステータス項目を抽選する
3、プレイヤーは「強化を続ける」または「ステータスを保存」ボタンで武器のステータスを操作できる"
120300,確率一覧
120301,品質タイプ
120302,超スーパーレア
120303,スーパーレア
120304,レア
120305,ノーマル
120306,確率
120307,武器熟練度はどんな効果がありますか？
120308,武器熟練度を上げる方法は何ですか？
120309,1、熟練度を上げると、武器の星レベルがアンロックされます。鍛冶屋で星レベルを強化すると追加ステータスを獲得できます
120310,1、任意のマップで武器スキンを使用し、プレイヤーや生物を撃破すると熟練度を獲得できます
120311,"1、任意のマップで武器スキンを使用し、プレイヤーや生物を撃破すると熟練度を獲得できます

2、任意のマップで武器スキンを使用し、チャージスキルを発動すると熟練度を獲得できます"
120312,"1、任意のマップで武器スキンを使用し、プレイヤーや生物を撃破すると熟練度を獲得できます

2、任意のマップで武器スキンを使用し、チャージスキルを発動すると熟練度を獲得できます"
120313,再鋳の通知
120314,今の再鋳ステータスは高品質のステータスです。それでも再鋳を続けますか？
120315,所要アイテムが足りません
120316,武器を持っていません
120317,クリックして強化
120318,ステータス保存
120319,1、任意のマップで武器スキンを使用し、ブロックを破壊すると熟練度を獲得できます
120399,#cfa7a0f%s#n日#cfa7a0f%s#n時#cfa7a0f%s#n分
120400,@Null@
130000,自由演奏に入る
130001,楽曲庫
130002,公式リソース
130003,リソースライブラリ
130004,カテゴリ
130005,楽譜
130006,作者
130007,推奨楽器
130008,时长
130009,おすすめの楽器を使って、主旋律を演奏すると効果的ですよ。
130010,インポート/管理
130011,曲譜として制作する
130012,確認
130013,自由演奏
130014,G
130015,C
130016,F
130017,楽器の音階制限のため、一部音符は演奏できません。
130018,作ったのが速すぎます。@1秒後に作ることができます。
130019,作って失敗しました、この曲譜はバッグに収まりません
130020,曲#G（@1）#n作りに成功しました、バッグに入れました。
130021,曲#G（@1）#nの演奏方法を習得しました。早く演奏してみてください。
130022,これをもう覚えました、仲間に分けてあげましょう。
130023,この楽器の音域制限のため、F%s音演奏はできません。
130024,公式
130025,騎乗状態でフリー演奏モードは切り替えることができません。
130026,変形状態では演奏できません。
130027,曲「資源名」の曲譜作りに成功し、バッグに入れました。
130028,%sの曲譜
130029,曲%sの演奏方式の曲譜を記録しています。使用後にこの曲の曲譜を習得できます。%sから作成します。
130030,これをもう覚えました、仲間に分けてあげましょう。
130031,作ったのが速すぎます。%s秒後に作ることができます。
130032,ホワイトリスト以外のユーザーは使用できません。
130033,曲[%s]の演奏方法を覚えましたので、早く演奏してみてください。
130034,合奏優先を開くと，近くにプレイヤが演奏している場合には，同じ楽曲を優先的にマッチさせて他者と合奏する。
130035,合奏優先
140000,位置と視点を移動して、最高のカメラアングルを見つけましょう!
140001,メインの視点
140002,正の視点
140003,バックビュー
140004,現在の部屋の人数がいっぱいで、新しい部屋に参加していますか?
140005,クラウドサービスの部屋に参加して失敗し、新しい部屋に参加していますか?
140006,部屋の参加に失敗しました。再試行してください
140007,この地図はとても楽しいです、あなたもそれを試してみてください!
140008,あなたの操作について聞いた666、この地図に来て試してみてください!
140009,今までプレイしたことのない超高品質のマップを友達と一緒にプレイしましょう!
140010,大神!私はあなたを長い間観察しています!早く私と一緒に黒を開けて遊びましょう!
140011,私の地図では、誰も私を超えることはできません。信じられない場合は、試してみてください。
140012,私の冒険の部屋に来てください!私と私の相棒はあなたを待っています!
140013,このアドベンチャールームかっこいい!止まらない!
140014,ミニワールドで超素敵な写真を撮りました!
140015,この写真はとても楽しいです、私もとても美しい写真を撮りました、私と一緒に遊びに来てください!
140016,写真はアップロード中です。お待ちください
140017,画像のアップロードに失敗しました。もう一度お試しください。
140018,これは超楽しい地図に違いない!一緒に遊びに来てください!
170001,寅武の年
170002,イベントリスト
170003,ミニ劇場
170004,ミニビーンのみ
170005,OR
170011,専用通信データパック
170012,China Unicom5G通信データ+ミニコイン×150
170013,China Mobile5G通信データ+ミニコイン×150
170014,間もなく開放
170015,購入
170016,予約する
170017,予約する
170018,予約する
170019,予約する
170020,予約する
170111,幸せな花火xを贈る
170112,築夢パック
170113,スターパック
170114,マウントガチャ
170115,"1. スターギフトボックス：1つのスターコードを使用して一度開くと、#cfa7a0fスタースキン交換券#nを取得するチャンスがあります。

2.ドリームギフトボックス：：1つのドリームコードを使用して一度開くと、#cfa7a0fドリームスキン交換券#nを取得するチャンスがあります。

3. スタースキン交換券とドリームスキン交換券は、交換ストアで専用スキンと交換できます。交換ストアは随時更新され、交換券の数はクリアされません。

4.ギフトボックスを開く累積数が指定された数に達すると、追加の報酬を受け取ることもできます。#cfa7a0f累積回数と報酬は毎週月曜日の0:00にリセットされます#n、時間内に報酬を受け取っててください。

5.ギフトボックスを開けるたびに、一定の幸運値が加算されます。幸運値が高いほど、クーポンを獲得できる可能性が高くなります。幸運値がいっぱいになると、次回にギフトボックスを開けたとき、必ず交換券を取得できます。その後、幸運値は0にリセットされ、再度累積されます。 

6.アカウントにスター/ドリームコードがある場合、ギフトボックスを開くとスター/ドリームコードが優先に使用されます。 

7.ドリームコードは、20枚のミニコインを使うことで取得できます。また、ミニコインを使用してギフトボックスを直接開くこともできます。5回連続で開くと割引があり、88枚のミニコインしかありません。#cfa7a0f毎日初回にミニコインを使用してドリームギフトボックスを開くのは無料です。二回目は5割引#n、3回目は元の価格に戻します。

8.スターコードは、68枚のミニコインを使用して取得するか、ミニコインを使用してギフトボックスを直接開くことができます。5回続けて開くと割引があり、318枚のミニコインしかかかりません。

9.スターギフトボックスの報酬リストと確率
武器スキン（永久） 4.36％
スキン（永久） 3.33％
武器スキン（期間限定） 27.99％
スキン（期間限定）27.99％
スキンかけら 10.51％
ミニコイン 6.32％
ミニビーン 9.58％
高級マウント一般かけら 6.57％
シェアEXPカード 7.71％
スタースキン交換券 初期確率0.001％、幸運値が高いほど、確率は高くなります。幸運値は満タンになると必ずもらえます。

ドリームギフトボックスの報酬リストと確率
塗料（永久） 3.93％
スキン（永久） 3.12％
塗料（期間限定） 30.21％
スキン（期間限定） 30.21％
スキンかけら 10.07％
ミニコイン 3.93％
ミニビーン 10.07％
普通マウント一般かけら 7.35％
シェアEXPカード 5.04％
ドリームスキン交換券 初期確率0.001％、幸運値が高いほど、確率は高くなります。幸運値は満タンになると必ずもらえます。"
170116,累計回数
170117,抽選回数ボーナス（毎週月曜0:00 GMT+8 にクリア）
170118,抽選1回
170119,抽選5回
170120,毎日初回無料
170121,交換
170122,所持済み
170123,報酬リスト
170124,かけら
170125,交換
170126,パックの抽選に参加、以下の賞品をゲット！
170127,ドリームコードを購入
170128,スターコードを購入
170129,操作は速すぎるから、ゆっくりしてください。
170130,@1後にオフライン
170131,ショップが更新されたので、後でもう一度試してください
170132,スターライトトラベル
170133,TIPS
170134,この交換ショップの内容は更新されました。最新バージョンをダウンロードして体験してください。この報酬と交換しますか？
170135,この報酬と交換
170136,今後表示しない
170199,新ガチャインターフェース予備
170200,クーポンをゲット
170201,アンロック
170202,コレクション名称
170203,コレクション価格
170204,残り時間
170205,取引結果
170206,取引操作
170207,コレクション出品について
170208,"1、冒険者は一部のコレクションを出品し、販売することができます。コレクションの価格、販売時間、匿名状態を設定することが必要です。TIPS：最近の取引記録を見ることで、現在販売されているコレクションの平均価格を知ることができますよ！

2、出品される前、コレクションを非使用状態にする必要があります。出品された後、コレクション状態は非表示になり、出品期間において、コレクションは使用できなくなります。当該コレクションを使用したい場合、取り下げる必要があります。

3、販売時間終了後、販売されていないコレクションは自由市場で展示されなくなり、再出品する必要があります。

4、手数料は販売された後に自動的に控除され、販売されていない場合、手数料は控除されません。取引に成功した後、「私のコレクション」で相応の貨幣を受け取ることを忘れないでください！

5、手数料は価格の8%で、販売された後に自動的に控除されます。

6、出品されたコレクションは5分後に自由市場に表示されますので、暫くお待ちください。

7、コレクションを販売することで獲得したミニコインはコレクション購入・祝儀配布・贈与などの機能で使用できません。"
170209,自由市場
170210,私の取引
170211,価格動向
170212,価格高い順
170213,価格低い順
170214,収蔵度高い順
170215,収蔵度低い順
170216,未所持のみ
170217,すべて
170218,スキン
170219,カスタマイズ
170220,バブル
170221,放送
170222,お気に入り
170223,お気に入りキャンセル
170224,購入
170225,コレクション確認
170226,私のコレクション
170227,私のお気に入り
170228,取引履歴
170229,コレクション取り下げ
170230,再出品
170231,貨幣を受け取る
170232,最近の取引記録
170233,販売
170234,@1ミニコイン
170235,現在の価格：
170236,販売者：
170237,残り時間：
170238,謎の冒険者
170239,進行中
170240,売り切れ
170241,取り下げ済み
170242,終了しました
170243,クリックしてコレクションを販売、残りの位置は@1個
170244,ミニ会員になると販売位置×@1個を獲得できます
170245,コレクション価格
170246,販売時間
170247,@1時間
170248,匿名販売
170249,手数料：
170250,（価格範囲：10-9999）
170251,最大価格：
170252,最小価格：
170253,平均価格：
170254,先にメールアドレス/携帯番号と連携してください
170255,@1を既に持っていますから、他のコレクションを見に行きましょう！
170256,このコレクションは@1なので、他のコレクションを見に行きましょう！
170257,コレクション倉庫はもういっぱいですよ！
170258,先販売するコレクションを選んでください
170259,使用中のスキンは販売できません
170260,価格を入力してください（価格範囲：10-9999）
170261,既に最後のページです
170262,既に最初のページです
170263,@1が@2を[color=#32B82F]購入[/color]し、ミニコイン×@3を[color=#32B82F]消費[/color]しました
170264,@1が@2を[color=#E88149]販売[/color]し、ミニコイン×@3を[color=#E88149]獲得[/color]獲得しました
170265,失效したコレクションをクリア
170266,コレクション市場
170267,コレクション販売
170268,平均価格
170269,日付
170270,貨幣が足りないので、購入できません
170271,今は販売できるコンテンツがありません
170272,このラベルでは販売できるコレクションがありません
170273,このコレクションの出品情報がありません
170274,お気に入りのコレクションがありません。自由市場へ行ってみましょう！
170275,購入/販売したコレクションがありません。私のコレクションでコレクションを出品しましょう！
170276,あなたは会員です。画面を更新してから販売位置を確認してください
170277,追加のコレクション販売位置はミニ会員しか獲得できません。ミニワールド会員画面で会員を購入すれば、追加販売位置もアンロックされます
170278,コレクションを取り下げますか？
170279,財産の安全を確保するために、携帯番号或いはメールアドレスと連携してください
170280,成約データなし
170281,コレクションの取り下げに失敗しました
170282,コレクション販売時間が終了しました
170283,コレクション購入に失敗しました
170284,無効なコレクションです
170285,無効なコレクション販売時間です
170286,出品するコレクションが既に存在しています
170287,このコレクションを見つかりませんでした
170288,購入するコレクションは既に持っています
170289,コレクション未所持
170290,出品中の同じコレクションを持っているので、購入できません
170291,受け取りに失敗しました。後でもう一度試してください
170292,認証完了、コレクションを出品できるようになりました！
170293,産の安全を確保するために、携帯番号或いはメールアドレスの認証を行ってください
170294,携帯番号認証を行ってください
170295,#Lメールアドレス認証に変更
170296,メールアドレス認証を行ってください
170297,#L携帯番号認証に変更
170298,コレクションを出品しますか？
170299,コレクション販売
170300,このコレクションは売り切れました。他のを選んでください
170301,今月の贈与金額が上限に達しました
170302,アカウント作成して@1日後に@2贈与機能を使用できます
170303,あなたのミニコインが足りません。チャージしてからコレクションを購入してください（システム贈与・コレクション販売・祝儀で獲得したミニコインはコレクション購入で使用できません）
170304,クールダウン中
170305,今週のコレクション出品回数：@1
170306,このコレクションはクールダウン中（残り時間@1）なので、販売できません
170307,アカウント登録天数が@1日未満なので、コレクションを販売できません
170308,今週のコレクション出品回数が上限に達しました
170309,コレクション市場の取引時間は@1-@2なので、その期間中に取引してください
170310,既に同じ商品を持っているので、再出品しかできません
170311,出品中の同じコレクションを持っているので、出品できません
171001,放送
171002,バブル
171003,使用しました。チャット画面で確認できます！
171004,使用しました。オンラインマップで確認できます！
171005,ミニ会員が色とりどりの雲に乗ってやってきた！
171006,煌めく光に照らされながらやってきた！
171007,新しい放送を獲得：@1放送！
171008,新しいバブルを獲得：@1バブル！
171009,おとぎ話の町からの冒険者が登場！
171010,虹を描く夢の芸術家が華麗に姿を現す！
171011,%sの【%s】を歓迎しよう！
171012,天宮に旅立った琉光の聖霊が空から降りてきた！
171013,ドリームランドからの使者が約束通りに到着！
171014,任侠の義士が風と共にやってきた！
171015,勇敢なるトランスフォーマーが爆誕！
171016,虹を飾る芸術家が風と共にやってきた！
171017,空中に浮かぶ瑶光玄霊が空から降りてきた!
171018,四季の勤勉なフラワーアーティストが静かにやって来ました!
171019,羊村から来た仲間たちがボイドに挑むよ！
171100,会員パーティー
171101,ポイントミッション
171102,会員グループ購入
171103,会員幸運ギフト
171104,毎日、イベントページにログインすると2ポイントを獲得できます
171105,毎日、初めてイベントをシェアすると2ポイントを獲得できます
171106,オンラインゲームを1回プレイする毎に、3ポイントを獲得できます
171107,ミニビーン×50を消費する毎に、3ポイントを獲得できます
171108,報酬強化
171109,一括受領
171110,ノーマル報酬
171111,アドバンス報酬
171112,報酬強化を購入すると、アドバンス報酬を獲得できます
171113,すぐに購入
171114,おめでとう！以下の報酬を獲得しました
171115,会員幸運ギフト
171116,受賞履歴
171117,報酬一覧
171118,会員を1か月購入する毎に、5連抽選の機会を1回獲得します
171119,今すぐ購入
171120,99ミニコイン/月
171121,あと@1回抽選すると必ずS/SS報酬を獲得
171122,今回は無料
171123,5回抽選
171124,1回抽選
171125,無料（会員限定）
171126,会員は毎日1回の無料機会を獲得できます
171127,強運の持ち主！
171128,おめでとう！@1を獲得しました！
171129,また、以下の報酬を獲得しました
171130,はい
171131,もう5回抽選
171132,おめでとう！以下の報酬を獲得しました
171133,獲得可能な報酬
171134,確率
171135,内容一覧
171136,SSは以下の内容を含む
171137,Sは以下の内容を含む
171138,Aは以下の内容を含む
171139,Bは以下の内容を含む
171140,Cは以下の内容を含む
171141,限定スキン（SS）
171142,永久スキン（S）
171143,永久カスタマイズスキン（A）
171144,レアアイテム（B）
171145,ノーマルアイテム（C）
171146,イベントのルール
171147,"1、イベント期間：2022年7月6日-7月31日
2、イベント期間中、プレイヤーはミニコインを消費して抽選券を購入し、抽選機会を獲得することができます
3、抽選券を1枚消費する毎に、1回抽選できます。
4、毎日、イベントページでログインすると、無料の抽選回数を1回獲得できるので、お忘れなく！ミニ会員は更に無料抽選回数を1回獲得できます
5、イベント期間中、ミニ会員を購入したプレイヤーは無料の5連抽選機会を獲得します
6、最終的な釈明権はミニワールド運営チームに属します"
171148,受賞履歴
171149,会員になる
171150,ミニコイン×99を消費して1か月の会員を購入しますが、よろしいですか？
171151,ミニ会員ファミリーへようこそ
171152,ミニ会員ファミリーへようこそ！あなたは1か月のミニ会員を購入しました
171153,もう1回抽選
171154,抽選券を購入
171155,20ミニコイン/枚
171156,購入する数を選んでください
171157,最大
171158,@1枚を購入するには、ミニコイン×@2を消費します
171159,購入完了
171160,購入失敗
171161,抽選券を@1枚購入しました
171162,ミニコインが足りません
171163,今すぐチャージ
171164,イベント期間中、フレンドとグループを組んで、共にミニ会員を購入すると、期間限定の割引が適用されます。また、グループ人数に応じて追加報酬がもらえます！グループ購入は1回しか参加できませんよ！
171165,2人グループ：@1掛け
171166,3人グループ：@1掛け
171167,5人グループ：@1掛け
171168,追加で一人@1のおまけ
171169,友情の光
171170,このイベントページで3か月の会員を一括購入すれば、フレンドに1か月の会員使用権を贈ることができます！
171171,会員グループ購入
171172,グループ確認
171173,創立者：
171174,ミニID：
171175,ニックネーム：
171176,グループメンバー：
171177,グループメンバーのミニIDを入力または選択してください
171178,フレンドを選ぶ
171179,TIPS：情報を補完し、支払いを完成すれば、上記のミニIDに会員を購入してあげることができます
171180,次へ
171181,グループ確認
171182,下記のメンバーでグループ購入イベントに参加します：
171183,前へ
171184,@1ミニコインを支払ってください
171185,グループ作成完了
171186,下記のメンバーは会員の購入/継続購入を完成しましたその他の会員権利はゲーム内で確認してください！
171187,購入確認
171188,親愛なる冒険者：あなたは会員（3か月）を購入します。購入した後、フレンドに会員（1か月）を贈る機会がもらえます。
171189,リセット
171190,選択してください
171191,ミニ会員ファミリーへようこそ！
171192,ミニ会員ファミリーへようこそ！あなたは3か月のミニ会員を購入し、フレンドの@1（ミニID：@2）に会員（1か月）を贈りました！
171193,TIPS：通知は既にフレンドのメールボックスまで届きました！フレンドと共にミニランドの会員特権を体験しましょう！
171194,せめて1人のフレンドを選んでください
171195,最大人数を超えました
171196,ミニIDを記入してください
171197,自分を記入することはできません
171198,はい
171199,あなたは既にグループ購入イベントに参加しました！
171200,イベント参加回数が上限に達しました！
171201,このイベントは間もなく始まります。お楽しみに！
171202,@1ミニコイン
171203,私たちｎ友情が永遠に続きますように！
171204,イベント期間：
171205,06.22-07.17
171206,会員イベントが始まりました！右上の「会員パーティー」をクリックしてイベントに参加しましょう！
171207,グループ作成完了
171208,ミニ会員ファミリーへようこそ！早速ゲームをスタートし、会員の権利を体験しましょう！
171209,贈りました
171210,@1へのプレゼント：会員（1か月）。フレンドのアカウントまで届きました
171211,プレゼントを受け取りました
171212,@1からのプレゼントを受け取りました：会員（1か月）
171213,グループ購入イベントの参加回数が上限に達したため、グループ作成に失敗しました
171214,このイベントは既に終了しました！
171215,06.22-07.31
171301,会員効果発効中
171302,会員効果加速中
171303,無料（会員限定）
171304,次の無料開放まであと：
171305,会員購入回数が上限に達しました
171306,既にグループ購入イベントに参加しました
171307,グループ作成に失敗しました
171308,無料回数が足りません
171309,抽選券が足りない
171310,1、イベント期間：2022年7月6日-2022年7月31日。
171311,2、全ての冒険者が本イベントに参加できます。
171312,3、イベント期間中、イベントページでログインすると無料抽選回数を1回獲得できます。毎日忘れずに来てくださいね！また、ミニ会員は更に無料抽選回数を1回獲得できます。
171313,4、ミニコインを消費し、抽選券を購入することで抽選回数を獲得できます。抽選券はミニコイン×20枚で、1回の抽選に使用できます（抽選券を1枚消費する毎に、1回抽選できます）。
171314,5、イベント期間中、会員を1か月購入する毎に、5連抽選の機会を1回獲得します（最大は10回まで）。
171315,6、本イベントの受賞確率は100%で、賞品は限定スキン（0.33%）、永久スキン（1.34%）、永久カスタマイズスキン（8.33%）、アイテムの破片（34%）及び通常のアイテム（56%）、具体的な内容は「内容一覧」をクリックして確認してください。
171316,7、限定スキン、永久スキン、永久カスタマイズスキンは直接にアカウントまで届きますので、ショップで確認してください。
171317,8、アイテム破片と通常アイテムは直接に倉庫まで届きますので、倉庫で確認してください。
171318,9、本イベントの最終的釈明権はミニワールド公式に属します。
171319,無料5連ガチャ
171320,次の抽選で必ずS/SS報酬を獲得
171321,夢の約束
171322,サンリオ
171323,ドリームランド
171400,スーパーギフト
171401,唐三
171402,小舞
171403,寧栄栄
171404,白昼の雪姫・ニャンフェイ
171405,ふわふわ雲・ニーム
171406,比比東
171407,"1、イベント期間中、特定の永久スキンを獲得すると報酬がもらえます。
2、各スキンはそれぞれの入手時間がありますので、忘れずに報酬を受け取ってください！"
171408,報酬受領
171409,受領済み
171410,所持済み
171411,イベント期間中、永久スキン「@1」 を獲得すると、下記の報酬がもらえます
171412,報酬受領済み
171413,先に永久スキンを獲得してください
171414,おまけ
171500,累計チャージ特典
171501,全ての報酬を受け取りました！
171502,"1、イベント期間中、ミニコインのチャージ金額が一定数に達すると報酬がもらえます

2、ショップでのチャージ及び公式ページでのチャージのみが計算されます。おまけのミニコイン、及び他の方法で手に入れたミニコインは計算されません。

3、報酬は手動で受け取る必要がありますので、お忘れなく！"
171503,イベントはまだ始まっていません
171504,贈
171505,購入
171506,チャージ特典
171507,課金はほどほどにしてください。非公式的なチャネルに騙されないように気を付けてください。
171508,他の注意事項を確認
171509,月間パス
171510,購読
171511,継続購入
171512,@1元で購入
171521,厳選
171522,アイコン枠
171523,スキン
171524,カスタマイズ
171525,マウント
171526,称号
171527,武器
171528,バブル
171529,放送
171530,スプレー
171531,フレンド名刺
171532,スタンプ
171533,ミニポイント
171534,ポイントショップ
171535,ポイントショップについて
171536,ホップアップ
171537,"ポイントショップのルール：

1、プレイヤーは直接チャージ、立替え（贈与される側がポイントを獲得）、会員貨幣購入、Webチャージセンター、ジョイカードチャージ、月間パスチャージ、第三者プラットフォームで購入などの方法でミニポイントを獲得できます。第三者プラットフォーム：ピンドウドウ（ミニワールド旗艦店）、タオバオ（ミニワールドグッズモール）、ティエンマオ（ミニワールド旗艦店）、JDドットコム（ミニワールド旗艦店）。

2、ミニポイントの獲得比率は1:10、つまり、人民元×1元をチャージする毎に、ミニポイント×10を獲得できます。

3、ミニポイントは有効期限があります。当月に獲得したミニポイントは、6か月後にクリアされますので、忘れずに使ってください。"
171538,チャージセンター
172001,デイリーミッション
172002,特殊ミッション
172003,イベントショップ
172004,交換
172005,交換済み
172006,移動
172007,受け取る
172008,受領済み
172009,@1が足りません。ミッションを完成すると獲得できますよ
172010,"1、イベント期間中、特定のミッションを完成すればスーパースターを獲得できます。任意の数のミニコインを消費する時、同額のスーパースターを獲得できます（祝儀を送ること、自分がリリースしたマップでアイテムを購入することで消費されたミニコインは計算されません）

2、スーパースターは抽選に使用できます。最初の6回はノーマル報酬を、7回目はレア報酬を獲得できます。7回抽選した後、ノーマル報酬はランダムに更新されます。

3、レア報酬の抽選回数は制限があり、抽選回数が0になると獲得できなくなり、全てのレア報酬を獲得した後、抽選に参加できなくなります。

4、イベント終了後、スーパースターは全て削除されますので、忘れずに使ってください。

5、全てのレア報酬の獲得確率は同じで、ノーマル報酬の獲得確率は以下の通り："
172011,ミニビーン交換
172012,交換
172013,最大
172014,既に最小値です
172015,残高不足
172016,ミニコインはあと@1足りませんので、@2元（@3ミニコイン）をチャージしてください
172017,@1ミニコイン
172018,他の金額
172019,@1元チャージ
172020,ミニビーンが足りません。@1ミニコインで補足しますか？
172021,ミニビーンを使う
172022,引換券を使う》
172023,スキップ
172024,@1の中から1つ選ぶ
172025,解放待ち
172026,"クリックして解放
鍛造の旅を始めよう"
172027,無料鍛造中…
172028,上級鍛造中…
172029,鍛造に失敗し、保護効果が適用されました！
172030,鍛造に失敗し、本ラウンドは終了しました
172031,鍛造成功！
172032,システム紹介
172033,魔法鍛造
172034,ランダムに#cff0000Lv.1~3#nの報酬を獲得
172999,172001-172999商業化マップセットイベント予備
173000,イメージ設定
173001,気持ち設定
173002,未所持を表示
173003,カスタマイズイメージはまだ保存されていません。自分だけのカスタマイズイメージを作りましょう！
173004,まだマウントを持っていません。早速冒険の仲間と出会いましょう！
173005,編集画面へ
173006,残念ですが、このスキンは直接購入できません。スキン詳細画面で入手方法を確認してください
173007,残念ですが、このスキンは販売期間外です
173008,購入
173009,使用
173010,使用成功
173011,操作が速すぎます。もう一度試してください
173012,カスタマイズ
173500,173000-173500商業化イベント予備
179999,170001-179999商業化予備
180001,このユーザーはプライバシー権限を設定しており、当面は表示できません
180002,あなたはまだマウントを所有していません。モールで選びましょう
180003,あなたはまだ武器を所有していません。モールで選びましょう
180004,禁止用語が含まれています。もう一度お試しください。
180005,長すぎます。もう一度お試しください。
180006,デフォルトニックネーム
181001,公式メール
181002,フレンドメール
181003,メールについて
181004,1、メール期限切れ
181005,2、添付ファイル
181006,メールマーク
181007,3、メール展示
181008,長期間に受け取らないメールは、システムが自動的に消去することはありませんが、期限切れになる恐れがありますので、期限内に受け取ってください。
181009,受け取ったアイテムは自動的に倉庫に入れられますので、倉庫でご利用ください。倉庫にない場合、カスタマーサービスに連絡してください。
181010,メールマークを使えば、大切なメールを削除されないように守るだけでなく、マークを付けた時間順に並べ替えることが\nできます。
181011,未読メールの総数が30を超えると、一部のメールのみが表示されます。クリックして読むと、残りの\nメールが表示されます。
181012,既読削除
181013,既読メールや受け取ったメールを削除しますか？
181014,削除できる既読メールがありません
181015,冒険者様、メールについて、いくつかの注意点があります：
181016,申立の期限が過ぎたので、申立できません
181017,金貨
181018,BEST
181019,ランク無し
181020,未参加
181021,成績なし
181022,NEW
181023,フィードバック
181024,シミュレーション
181025,マップ種類を選んでください
181026,フィードバックを送りました
181027,スクリーンショットが検出されました。個人情報の安全に気を付けてください！
181040,フレンドのみ閲覧可能
181041,4桁数字・アルファベット
181100,スクリーンショット追加
181101,マップリリース
181102,アップデートリリース
181103,#L#cfa7a0fテンプレートマップ#nとしてリリース
181104,"このセーブデータを取り下げますか？
#cef2d2d（取り下げた後、削除・データクリアすると、セーブデータは復元できなくなります）"
181105,リセットすると、サムネイルはスクリーンショットになりますが、よろしいですか？
181106,リセット
182001,クラウドルームが存在しません
182002,このマップはクラウドルームを作成できません
182003,このマップは規約違反の疑いがあるため、クラウドルームを作成できません
182004,このマップは取り下げられました。他のマップにしましょう！
182005,このマップは人気が高すぎます。後でもう一度試してください！
182006,クライアントとクラウドサーバーのバージョンが一致していません
182007,クラウドルームマッチングタイムオーバー
182008,ルームの分配に制限がありますので、後でもう一度試してください
182009,起動失敗
182010,このルームは中途加入できません。
182011,プライベートルームは加入できません
182012,タイムオーバー
182013,ルームの人数がいっぱいになりました
182014,セーブデータが存在しません
182015,イリーガルなリクエストが検出されました。第三者ソフトを使用しないでください
182016,プライベートマップなので、加入できません
182017,何度も入場しないでください
182018,ルームマッチング異常
182019,リクエストタイムオーバー
182020,ゲーム本体に異常が発生しました。正規的なクライアントを使ってください
182021,サービスエラー、後でもう一度試してください
182022,このマップはイベントマッチングでしか入場できませんよ
182023,このマップはイベントマッチングでしか入れません
182024,クライアントバージョンはマップ必要バージョンを満たしていません
182025,非公開クラウドルームを創建することは禁止されています
182100,アカウントはすでにクラウドサーバーに存在しています。重複登録しないでください。
182101,チームエラー、マップに入れません
182102,ホストコンピュータに接続できませんでした
182103,接続が切断されました
189999,180001-189999メインエンド予備
190000,ホーム
190001,フレンド登録
190002,DM
190003,このアカウントに異常が検出されたので、フレンド登録はできません
190004,@1から、@2で一緒に遊ぶ招待が届きました
190005,同意
190006,無視（@1）
190007,#cfa7a0f@1#nからのフレンド申請が届きました
190008,現在ゲーム中ですが、新しいルームに入りますか？
190009,確認
190010,今日中は通知しない
190011,招待は送られました
190012,@1 からの招待が来ています
190014,【バージョンが古すぎます。アップデートしてください】
191013,フレンド申請ポップアップ
192001,規約違反行動
192002,マップ内容
192003,剽窃行為
192004,タイトル/サムネイルと内容が不一致
192005,剽窃されたマップのIDを入力してください
192006,マップIDの取得方法
192007,やり方、シチュエーションなどの視点から剽窃に当たる内容を簡単に説明してください。画像を入れると審査はより早く行われます。（6-100文字）
192008,修正済み、もう一度審査してください
192009,マップ通報について
192010,STEP1：剽窃されたマップの「共有」ボタンをクリックします
192011,STEP2：共有画面右下の数字がマップIDです！
192012,STEP3：数字をクリックしてコピーできます。
192013,HPと空腹度を保ちながら、建造・狩猟・戦闘などの行動をするモード。クラシックな冒険に相応しい。
192014,各種のブロックで建築することをメインとしたモード。クリエイティブモードはデフォルトでクリエイティブに分類。建築に相応しい。
192015,攻撃などの方法で、マップ内の他のプレイヤー・NPCを撃破することを勝利条件としたモード。スナイパーシミュレーション、RPG、クイック建築、かくれんぼ、椅子取り、野蛮人襲来、お絵描きクイズなどに相応しい。
192016,回路モジュールのブロックを使って電気回路・機械・シチュエーションなどを作ることをメインとしたモード。音楽回路、回路コンピューター、回路ゲーム機などに相応しい。
192017,マップ内の手掛かりを見つけ、様々な謎を解き、出口を探し出すことをメインとしたモード。脱出ゲームなどに相応しい。
192018,様々な移動方法で障害物を避けながら終点を目指すモード。ウォーターキューブ、一致団結、パルクールなどに相応しい。
192021,現実の環境やシチュエーションを再現したり、既存の現実事件やキャラクターになりきることをメインとしたモード。撮影、バイト、遊園地、ガチャ、育成ゲームなどに相応しい。
192022,一番速く終点に到着することを目標としたモード（マウント・乗り物なども使用可能）。マウントガチャ、反応速度テストなどに相応しい。
192023,様々なスポーツ、またはスポーツジャンルのテーマをメインとしたモード。バスケットボール・サッカーボールなどに相応しい。
192024,無効なマップID
192025,大規模なマルチプレイヤーオンラインロールプレイングゲーム、プレイヤーが役割を果たし、タスクを実行し、他のプレイヤーと一緒に世界を探索するなどの方法で、自分のスキルと能力を向上させるモンスターのアップグレード、丹を食べて強くなるなどの適用。
192026,プレイタイプには、回路音楽、復号化、撮影シミュレーション、ジェットコースター、パルクールなどのプレイ関連マップが含まれます。
192029,選択したゲームレコードを削除しますか?
192030,マップがリセットおよび非破壊ロジックを使用していることが検出されました。ゲームとして公開することをお勧めし。
192031,まだマップを公開
192032,ゲームとして公開
192033,マップがリセットおよび非破壊ロジックを使用していないことが検出された場合は、マップとして公開することをお勧め。
192034,まだゲームを公開
192035,マップとして公開
192041,クラウドバックアップ(試用版)
192042,クラウド容量(試用版):%s利用可能、合計%s
192043,クラウドバックアップの拡張(試用版)
192044,クラウドバックアップ
192045,バックアップなし
192046,マップのバックアップなし
192047,マップリスト:
192048,バックアップと復元
192049,この地図は違反の疑いがあり、本機能を使用できない
192050,サンドボックスワークショップ
192051,サンドボックスワークショップのルール内容
192052,
192053,ダウンロードランキング
192054,週間ランキング
192055,月間ランキング
192056,総合ランキング
192060,ローカルにマップがあるかどうかを確認し、最初にバックアップするか、直接ダウンロードします
192061,新しいバージョンはありますか、ゲームに入る前に更新しますか?\n#cef2d2d（この更新はローカルゲームデータを上書きし）
192062,新しいバージョンがあり、間もなく更新されます\n#cef2d2d（この更新はローカルゲームデータを上書きし）
192063,部屋がないので、自分で作成してください!
192064,強制更新を放棄し、ゲームをキャンセルする
192065,直接ダウンロード
192066,マップサイズ：
192067,マップタイプ：
192070,初回チャージ
192071,ゲーム
192072,(@1)、デザインは素晴らしいですね!
192073,オンラインホールをクリックして入る
192074,ここでは、様々な面白いオンラインゲームをプレイすることができます!
192075,
192076,キャラクターをクリックして変更することができます!
192077,冒険や建築、ミニチュアなどのサンドボックス作品がここに!
192078,ここはミニタウンです。ここでいろいろな役を演じて、面白い友達をたくさん見つけることができます
192090,著者:
192091,マップID：
192092,最近遊んだ：
192093,元の地図：
192094,復元とバックアップ
192095,地図を開く
192096,ゲームヘルプを開始
192097,"[color=#D0773C]マップライブラリ
[/color]
[color=#514E45]マップギャラリーには、すべてのプレイヤーが作成したマップとダウンロードしたマップが含まれてい。
他の人のマップをプレイしたい場合は、サンドボックスワークショップにアクセスして。を入手してダウンロードできます
[/color]
[color=#D0773C]ゲームライブラリ
[/color]
[color=#514E45]ゲームライブラリには、プレイヤーがプレイしたすべてのゲームが含まれてい。
より多くのゲームをプレイしたい場合は、オンラインロビーに行って。を見つけてプレイしてください
ゲームでは、プレイヤーはゲーム開発者が設定したゲームプレイルールに従ってゲームをプレイする必要があり。
[/color]"
192098,シングルプレイヤーゲーム
192099,マルチプレイヤーゲーム
192100,部屋の可視範囲
192101,ルームアクセス
192102,
192103,"申請を選択すると、他のプレイヤーが部屋に入るために申請する必要があり、直接入ることはありません。友達がフォローする申請を通じて、住宅所有者が同意することを選択すると、住宅所有者が申請を処理します。友達が同意する場合は、フォローしている人が申請を処理します。
他のプレイヤーは直接ルームに参加できます。
パスワードを選択して入力し、部屋の所有者がパスワードを設定し、他のプレイヤーが部屋に入るには正しいパスワードを入力する必要があり。"
192104,申請する
192105,パスワード入力
192106,友達が同意した
192107,家主は同意する
192108,
192109,
192110,リンクが無効になったので、idで作品を再検索できます
192111,ゲーム作品
192112,累計ダウンロード数
192113,開発する
192114,マップライブラリ
192115,ゲームライブラリ
192116,全部
192117,私の地図
192118,地図をダウンロード
192119,コレクションする
192120,私がプレイしたことがある
192121,スタジオ
192122,公開済み
192123,審査中&不合格
192124,アップロード中の地図があります、少々お待ちください!
192125,既に公開された作品は審査中で、公開を続けることはできません!
192126,地図は禁止され、地図作品の中で開封を訴えた
192127,ゲームは禁止され、ゲーム作品の中で開封を訴えた
192128,編集中
192129,ローカルマップ
192130,友達が忙しい、追跡できない、彼女に伝言を残しましょう
192131,ローカルマップ上の友達
192132,ゲームの設定では、途中でゲームに参加したり、次のゲームで一緒にプレイしたりすることはできません。
192133,現在の部屋の設定ホストのみが招待できます
192134,ゲームはプレイヤーが途中で参加することを許さない
192135,現在、部屋の人数がいっぱいで、招待できません
192136,あなたが選んだ
192137,フォローアップリクエストが送信されました
192138,チームに参加して一緒に遊ぶことを要求しますが、同意しますか?
192139,部屋に参加して一緒に遊ぶことを要求しますが、同意しますか?
192140,友達フォロー申請
192141,公開リリース
192142,未公開
192143,ダウンロード済み
192144,コレクション済み
192145,操作間隔が速すぎるので、(@1秒)後で再試行してください
192146,見知らぬ人
192147,5分以内にこのプレイヤーの申請を受け付けなくなりました
192148,個人の地図
192149,空いている
192150,クラウドサービスのオンラインデータとシングルプレイヤーゲームは一致しない可能性があります
200000,イベント時間
200001,購入する
200002,ドリームランド建設中
200003,ヘルプ
200004,"1、ミニワールド x Sanrio Characters期間限定コラボ開催中！新しい仲間「ニーム」、「ニャンフェイ」が登場！
2、購入判定：
	①冒険者がギフトパックのアイテムを全て持っていない場合、全額でギフトパックを購入する必要があります。
	 ②冒険者が一部のスキン・カスタマイズスキン・スプレー・アイコン枠を持っている場合、価格から相応のミニコインが控除されます（もちろん、控除された分のアイテムはなくなります）。
	 ③冒険者が全てのアイテムを持っている場合、このギフトパックを購入することができません。
3、報酬配布：
	①スキン・カスタマイズスキン・スプレーはゲーム-ショップ-アバターで確認してください。
	 ②アイコン枠はゲーム-倉庫または個人センターで確認してください。
	③配布数が多いため、遅延が発生する可能性があります。報酬は必ずあなたの手元に届きますので、ご心配なく。
4、イベント期間：2022年8月4日-2022年9月9日。
5、本イベントの最終的釈明権はミニワールド公式に属します。"
200005,すぐに購入
200006,購入済み
200007,ミニコインが足りません
200008,購入確認
200009,ミニコインが足りません。チャージしますか？
200010,今すぐ行く
200011,これから
200012,を消費して[color=#F58A00]@1[/color]を購入します。ご確認ください：
200013,購入リスト：
200014,合計価格-所有済みのアイテムの価格
200015,（所持済み）
200016,（ギフトパックで獲得）
200017,新しい仲間が間もなく登場！
200018,ドリームランド建設中、お楽しみください！
200019,（課金はほどほどにね）
200020,価格：
200021,ドリームランド
200022,購入しました。報酬を受け取りに行きましょう！
200023,受領可能な報酬がありません。ポイントをゲットしましょう！
200099,ドリームランド予備
200100,中秋節
200101,未受領の月餅があります
200102,@1を点しましょう
200103,ほしいギフトを選んでください
200104,本ラウンドの大賞を選択してください
200105,月餅が足りません
200106,ラウンド@1
200107,月餅
200108,ラウンド@1選択可能
200109,移動
200110,月餅x@1
200111,会員特権月餅x@1
200112,本ラウンド選択可能
200113,携帯電話連携を完成すれば、大量の月餅がもらえます！
200114,"1、購入判定：
     -冒険者がギフトパックのアイテムを全て持っていない場合、全額でギフトパックを購入する必要があります。
-冒険者が一部のスキン・カスタマイズスキン・アイコン枠を持っている場合、価格から相応のミニコインが控除されます（もちろん、控除された分のアイテムはなくなります）。
-冒険者が全てのアイテムを持っている場合、このギフトパックを購入することができません。
2、報酬配布：
     -スキン・カスタマイズスキンはゲーム-ショップ-アバターで確認してください。
-アイコン枠はゲーム-倉庫または個人センターで確認してください。
3、配布数が多いため、遅延が発生する可能性があります。報酬は必ずあなたの手元に届きますので、ご心配なく。
4、イベント期間：2022年9月10日-2022年9月30日。
5、本イベントの最終的釈明権はミニワールド公式に属します。"
200115,ロード中、少々お待ちください…
200116,購入する
200117,白月の夢
200118,保存する
200119,月餅取得
200120,特権確認
200121,デイリーミッション
200122,挑戦ミッション
200123,ミニ会員になり、ドリームランド特別ボーナスをゲットしましょう！
200124,経験値取得速度アップ
200125,毎日の無料月餅
200126,金貨取得速度アップ
200127,月餅を受け取る
200128,本ラウンドの大賞を選択してください
200129,大賞を選択
200130,大賞を変更
200131,点すための消費
200132,点す
200199,200100~200199予備
200200,ドリームシティで会おう
200201,ミニランド・ドリームシティ
200202,ドリームシティのスポットを点し、ギフトを手に入れましょう
200203,イベント期間：
200204,ランキング
200205,私の順位：
200206,ランキングに入っていません。頑張ってくださいね！
200207,樹心公園
200208,サービスセンター
200209,樹心花屋
200210,ボムボムレストラン
200211,温泉ホテル
200212,商業エリア
200213,星霊の小屋
200214,ギフトショップ
200215,バニーアイス
200216,ミニモエホール
200217,ミニモエコミュニティー
200218,パンダーラジオ
200219,ハチミツ工場
200220,ミジラの家
200221,野蛮人の小屋
200222,ウサミの家
200223,入場済み
200224,今すぐ入場
200225,イベントミッション
200226,交換ショップ
200227,ミッションを完成してジョイスターをゲットし、豪華ギフトを手に入れましょう
200228,移動
200229,受け取る
200230,受領済み
200231,イベントは終了しました。ご参加ありがとうございました
200232,受け取りました
200233,交換画面へ
200234,イベントのルール
200235,"1、毎日ログインするだけでジョイスターを受け取ることができます
2、ジョイスターは交換ショップでアイテムと交換できます
3、ドリームシティでイベントミッションを完成すれば、より多くのジョイスターを獲得できます
4、イベントミッションは1回しか完成できません
5、ランキングでドリームシティの名人たちを確認できますよ"
200236,マッチング中、少々お待ちください…
200237,ドリームシティ人気ランキング
200238,順位
200239,ニックネーム
200240,人気値
200241,100外
200242,ランキングのデータは5分毎に更新されます
200243,ジョイスターが足りません。イベントミッションを完成してください
200244,交換済み
200245,所持済み
200246,交換完了
200247,はい
200248,ドリームシティでどんな面白いことがあったか、見てみましょう！
200249,ここでイベントミッションを完成してジョイスターをゲットし、豪華ギフトを手に入れましょう！
200250,私の順位：第@1位
200251,交換回数：
200252,今日の楽園密語を共有
200253,フレンドに記入してもらうと、二人ともジョイスターを獲得できます
200254,楽園密語を使用
200255,フレンドの楽園密語を入力し、ジョイスターをゲットしましょう（1人は1回まで）
200256,楽園密語を使用
200257,楽園密語
200258,フレンドが共有してくれた楽園密語：
200259,フレンドの密語を使用すると報酬を獲得できますよ
200260,この楽園密語は失効しました
200261,有効な楽園密語で試してください
200262,楽園密語入力完了
200263,ジョイスターを獲得しました！
200264,ジョイスター
200299,200200~200299予備
200300,200300~200399予備
200301,"1、イベントページで【挑戦】をクリックして挑戦しないと、成績は記録されません。
2、挑戦は終末に開催されますが、特殊な休日・祝日の場合は相応の調整が適用されます。
3、マップリリース後に練習できますが、練習の成績は正式的な成績として記録されませんのでご注意ください。
4、イベントミッションを完成した後、報酬はメールで配布されますので、忘れずに受け取ってください。
5、挑戦に参加する時、スクリプト・チートツールなどを使用してはいけません。発見され次第、参加資格は取り消されます。また、アカウントがバンされる可能性もあります。"
200310,レースキングを決めよう！
200311,マップは挑戦の1日前に公開されますので、前もって練習することができます
200312,挑戦開始まであと：@1
200313,今週の大賞：@1
200314,挑戦予約
200315,報酬
200316,ランキング
200317,予約成功、今は<font size='36'>[color=#FFF29D]@1人[/color]</font>が挑戦を予約しました
200318,挑戦した後に確認可能
200319,更新
200320,更新が頻繁すぎますので、後でもう一度試してください
200321,練習開始
200322,挑戦マップ：【@1】
200323,初回挑戦を完成すれば報酬がもらえます
200324,挑戦する
200325,あなたはマップをダウンロードしていないので、挑戦できません。マップをダウンロードしますか？
200326,ダウンロード
200327,取り消す
200328,BEST：
200329,サーバー順位：
200330,次の報酬
200331,受領条件：挑戦を@1回完成
200332,受領条件：@1以内にクリア
200333,現在の進捗：@1/@2
200334,達成者数：@1人
200335,ミステリーボックス
200336,スキンボックス
200337,"今週の報酬は全て獲得されました。
ランキングを目指して挑戦を続けましょう！"
200338,挑戦する
200339,初回挑戦
200340,挑戦ミッション
200341,達成報酬
200342,バージョンが低すぎます。ゲームバージョンを更新してください
200343,このイベントはまだ開放されていないので、お楽しみください
200344,挑戦終了まであと：@1
200345,受領条件：@1人撃破
200346,あなたはマップをダウンロードしていないので、挑戦できません。マップをダウンロードしますか？
200347,@1人撃破
200348,練習へ
200349,ルール
200350,クリックが頻繁すぎます。後でもう一度試してください
200351,上記の報酬はメールで配布されますので、忘れずに受け取ってください
200352,未クリア
200353,予約はモバイル版で行ってください
200354,「ミニワールド」がカレンダーへのアクセスを要求しています
200355,「ミニワールド」にカレンダーのアクセスを許可しますか？許可すると、特典やイベントの通知が使用可能になります
200356,「ミニワールド」がカレンダーへのアクセスを要求しています
200357,具体的な内容はスケジュールの読み取り・書き込みです。許可すると、特典やイベントの通知が使用可能になります
200358,残り抽選回数
200359,初回挑戦してからアンロックされます
200360,抽選回数がなくなりました
200361,フレンドランキング
200362,サーバーランキング
200363,順位
200364,ニックネーム
200365,完成回数
200366,BEST
200367,@1回
200368,フレンド登録
200369,あなたはフレンドを持っていないので、フレンドランキングに参加できません！
200370,サーバー混雑中なので、検索できません
200371,"#cff9c33@1#nから、週末挑戦イベントに参加する招待が届きました！
#n
私の成績：#cff3c43@2#n
#n
私を超えて見せよう！"
200372,"#cff9c33@1#nから、週末挑戦イベントに参加する招待が届きました！
#n
最新バージョンにアップデートしてください"
200373,データ異常、抽選できません
200374,おめでとう！@1x@2を獲得しました
200375,第@1位
200376,"【ミッション】
1、ミッションは週間ミッションとシーズンチャレンジの二種類があり、ミッションを完成すると経験値を獲得し、ジョイカードのレベルを上げ、相応のアイテムを手に入れることができます。
2、週間ミッションは複数回完成可能で、完成した後、経験値を自動的に獲得します。
3、週間ミッションによる経験値は上限があり、今週の経験値が上限に達していない場合、残りの経験値は来週の経験値上限に加わります（上限の最大値は8000）。
4、シーズンチャレンジは1回しか完成できず、完成した後、手動で経験値を受け取る必要があります。

【報酬】
1、シーズン終了後、ジョイカードのレベルと報酬はリセットされるので、忘れずに受け取ってください。
2、ジョイポイントは交換ショップでアイテムと交換できます。シーズン終了後、ジョイポイントはリセットされず、次のシーズンまで保存できます。

【ジョイカード&レベルの購入】
1、ジョイカードを購入するとより多くの報酬をアンロックすることができ、経験値パックを購入するとレベルを直接にLv.40まで引き上げることができます。
2、ジョイカードの最大レベルはLv.300で、最大レベルに達した後、経験値の購入も獲得もできなくなります。

【ランキング】
1、フレンドランキングはジョイカードのレベルに基づいて順位を決め、レベルが同じの場合、経験値に基づいて順位を決めます。
2、本日経験値ランキングは当日において、全サーバーのプレイヤーが獲得したジョイカード経験値に基づいて順位を決めます。
3、ランキングを確認するプレイヤーの数が多すぎる場合、データの更新に遅延が発生する可能性がありますので、暫くお待ちください。"
200377,@1ポイント
200378,@1回勝利
200379,未完成
200380,受領条件：@1ポイント達成
200381,受領条件：@1生存する
200382,受領条件：@1回勝利
200399,200300~200399予備
200400,イベントは終了しました。ご参加ありがとうございました！
200401,@1月@2日@3時に開始
200402,現在のログイン日数：[color=#fffb78]@1日[/color]
200403,Lv.@1で受領可能
200404,@1日ログインでアンロック
200405,チームメイトを@1人呼び戻す
200406,抽選はまだ開始していません！
200407,抽選回数がありません！
200408,次の試合開始時間：[color=#FAF041]@1月@2日@3:@4-@5:@6[/color]
200409,次のパートは[color=#FAF041]@1月@2日[/color]に開始します。お楽しみに！
200410,@1月@2日-@3月@4日
200411,10000位以下
200412,ロード中、お待ちください…
200413,パート1：
200414,百人大乱闘、沢山のミニコインを山分けしよう
200415,大会ポイント：
200416,当たる確率：
200417,大会ポイントが高いほど、高額のミニコインに当たる確率も高くなります
200418,抽選
200419,残り回数：
200420,抽選開始
200421,私のポイント：
200422,現在の順位：
200423,ポイント順位
200424,報酬
200425,パート2：
200426,ランキングを目指し、ミニコインをゲットしよう
200427,栄光ポイント
200428,栄光順位
200429,ニックネーム
200430,あなたは順位を持っていません
200431,イベント期間中、ログイン日数及び元力レベルが要求を満たしたら報酬がもらえます
200432,元力レベル
200500,既に彼/彼女を助けている人がいます！リストを更新してください！
200501,文字カードが足りません！
200502,既に助けている人がいます！
200503,交換回数：@1/@2
200504,マッチング時間が長すぎます。もう一度試してください！
200505,今日の助ける回数が上限に達しました。明日また来てください！
200506,正しいプレイヤーIDを入力してください
200507,文字カードを選んでください！
200508,今日の請求回数：[color=#FFF10F]@1[/color]/@2
200509,助けられたら文字カードを1枚獲得できます。ボタンをクリックすれば助けを取り消すことができます
200510,今日の助ける回数：[color=#FFF10F]@1/@2[/color]。助けた後、新しい文字カードを1枚獲得できます
200511,@1年@2月@3日 @4
200512,助けに関する情報がありません。先ずは周年パーティーへ行きましょう
200513,助けに関する情報がありません
200514,助ける履歴がありません
200515,彼/彼女の助ける履歴がありません
200516,パーティー参加
200517,文字カードを受け取る
200518,"助けを求めることでも
文字カードを獲得できます"
200519,私の文字カード：
200520,助けを求める
200521,以下のカードが必要：
200522,助けてください！ありがとうございます！
200523,助ける
200524,助けを取り消す
200525,"1、文字カードを集めると豊富な報酬がもらえます
2、イベント期間中にしか交換できないので、忘れずに交換してください
3、文字カードは毎日受領できます。【文字カードを受け取る】ボタンをクリックすると受領画面へ進みます
4、交換に成功した後、報酬は直接に倉庫まで配布されます
5、周年パーティーには他のミニゲームも沢山ありますので、ぜひ遊んでみてくださいね"
200526,"1、ログインするだけで文字カードを受け取ることができます
2、欠けている文字カードは他の冒険者に助けを求めることで入手できます
3、フレンドが多いほど、または最近出会った冒険者が多いほど、助けてもらう機会も多くなります
4、助けリストでは、最近の20回の情報が表示され、ミニIDで検索することもできます
5、同時に、あなたも他の冒険者を助けることで、新しい文字カードを獲得することができます
6、助けリストでは、自分を助けてくれた冒険者を確認できます（最近の20回の情報のみ）"
200600,
200601,メダルが足りません。イベントミッションを完成してください
200602,残り回数：
200603,残り回数が足りません
200604,イベント期間：
200605,%s（[color=#64BE50]%d[/color]/%d）
200620,恐竜大ピンチ
200621,%s（[color=#64BE50]%d[/color]/%d）
200622,ミニシューターのキャラクターと連携していません
200623,キャラクターIDを入力してください
200624,イベント期間：
200625,使用成功
200626,"まだ『ミニシューター』をインストールしていない場合は
直接にダウンロードしてください"
200627,『ミニシューター』をダウンロード
200628,報酬は配布されました。恐竜大ピンチマップで受け取ってください
200629,連携しました
200630,取り消しました
200631,%s[color=#9CE8F8]（%d/%d）[/color]
200632,コラボミッションはまだ完成していません。『ミニシューター』で確認しましょう
200699,200600~200700予備
200700,200620~200700予備
200800,モード選択
200801,マッチング中
200802,チームマッチング
200803,クイックマッチング
200804,人がプレイ中
200805,モード選択について
200806,マッチング開始
200807,マッチング中止
200808,準備のお知らせ
200809,隊長から準備のお知らせが来ました
200810,あなたはチームから追放されました
200811,"1、好きなモードを選んでください。モードを選んだ後、チームマッチングまたはクイックマッチングができます。
2、チームマッチング：フレンドと一緒にマッチングする。
3、クイックマッチング：ランダムなプレイヤーとマッチングする。
4、全てのモードは作者のルールに従い、成績やアイテムなどは（各モードの間で）通じ合うことが可能です。"
200812,勝利回数
200813,撃破回数
200814,マッチングを中止しました
200815,ホールに戻る
200816,チームに戻る
200817,マッチング中は招待できません
200818,異常な原因でゲームを退出しましたが、再接続しますか？
200819,【いいね】
200820,【nice】
200821,【すごい】
200822,【素晴らしい】
200823,チーム招待が来ました：#cFA7A0F@1#n
200824,このマップは競技マップであり、マップ情報で直接にマッチングしてください
200825,マッチング時間が長すぎます。もう一度試してください！
201000,201000~201100予備
201001,イベントミッション
201002,使用可能なポイント：@1
201003,イベント説明
201004,イベント残り：@1
201005,ゲームスタート
201006,マップ道具交換
201007,完成する
201008,受領済み
201009,受け取る
201010,イベントマップでミッションを完了するとポイントを獲得できます。アイテムと交換すれば必ず抽選券がもらえます！
201011,"2023春節カーニバルイベントについて：
1、購入判定：
2、冒険者がギフトパックのアイテムを全て持っていない場合、全額でギフトパックを購入する必要があります。
3、冒険者が一部のスキン・カスタマイズスキン・スプレー・アイコン枠を持っている場合、4、価格から相応のミニコインが控除されます（もちろん、控除された分のアイテムはなくなります）
5、報酬リスト&確率：
   ミニビーン+セレクトパック  20%
   ミニビーン+セレクトパック  20%
   ミニビーン、セレクトパック、ドリームコード  100%"
201012,アイテム交換履歴
201013,アイテム一覧
201014,アイテム名称
201015,交換時間
201016,イベント終了
201017,アイテム交換
201018,ここをクリックすると他のマップに変更することができます
201019,異なるマップを選ぶことができます
201020,展示中のマップに入場します
201021,指定されたミッションを完成するとポイントを獲得でき、ポイントは報酬と交換できます
201022,交換でマップアイテムと抽選券を入手できます
201023,専用アイテム交換
201024,イベント期間外です
201025,バージョンが低すぎます
201026,イベント未開放
201027,チャネル未開放
201028,報酬と交換
201029,カーニバルイベント用マップ
201030,回
201031,ポイント足りません。イベントマップでポイントをゲットしましょう！
201032,このマップでゲームをスタートしますか？
201033,@1ポイントで@2と交換しますか
201034,交換後のポイント @1->@2
201035,@1を獲得しました
201036,アイテムを獲得しました。ゲーム内で確認できます
201037,終了しました
201038,イベントは終了したので、ゲームをプレイしてもポイントは獲得できません
201039,交換履歴
201040,交換
201041,はい
201042,取り消す
201043,交換するアイテムセットを選んでください
201044,交換後のポイント
201045,本当に
201046,x@1で@2と交換しますか？
201047,異なるマップを選ぶことができます
201048,マップをドラッグすること、または変更ボタンをクリックすることで他のマップを選ぶことができます。
201049,"ここをクリックして
展示中のマップに入ります"
201050,"指定されたミッションを完成すると
ポイントを獲得でき、ポイントは報酬と交換できます"
201051,"クリックして交換すると、マップ
アイテムと抽選券を入手できます"
201052,"交換したマップアイテムは当該マップに入った後に配布されます
このページでは最近の20回の交換履歴しか表示されません"
201053,TIPS
201054,デイリー重複の残り時間：@1
201055,毎日回数制限なし
201056,%d回完成しました
201057,デイリー重複
201058,1回のみ
201059,抽選ポイントが足りません
201060,ポイントx@1を獲得しました
201061,画面をクリックして続ける
201062,事前登録報酬
201063,事前登録人数：
201064,事前登録を完了し、お気に入りに追加しました
201065,まだ希望報酬を設定していません。先に希望報酬を設定してください。
201066,希望報酬
201067,選んだ希望報酬はポイント抽選にて確率で獲得できます
201068,交換したマップ専属道具はマップに入った後に配布されます
201069,報酬プール
201070,全報酬を確認する
201100,201000~201100予備
233001,大会-審査中：
233002,大会の審査を待っています
233003,大会-要修正：
233004,この作品は大会のルールに違反しました。修正してから投稿してください
233005,予選中：
233006,大会の審査にパスし、予選に入りました
233007,決勝戦中：
233008,この作品は決勝戦に入りました
233009,大会選択
233010,情報を補完すると、より順調に参加できますよ
233011,作品のスクリーンショット
233012,文字数は5-300文字に控えてください
233013,QQ
233014,QQを入力してください（非必要）
233015,（画像3-5枚）
233016,参加を取り消しますか？
233017,マップの初回作成時間が@1年@2月@3日以降であることが必要
233018,詳細>>
233019,参加する
233020,この作品は既に大会に参加しました。大会が終了してから修正してください。
233046,あなたを連れて遊び始めましょう
233060,リュックの中のアイテムをクリックし、ショートカットバーのボックスをクリックすると、アイテムを持ち歩いて置いたり、使ったりすることができます
233064,レジャー|対戦|パルクール|復号化などのゲームマップ
233065,サンドボックスの冒険と創造モードを体験してください
233066,サンドボックスゲームのプレイ方法に非常に精通しています
300000,
300001,リソースバッグ
300002,プロジェクト
300003,私の
300004,ショップ
300005,タッチして検索画面へ
300006,生存モードに
300007,デフォルト分類
300008,まず、ここにリソースを移動またはダウンロードしてください
300009,KB
300010,MB
300011,ショ—トカットメニュ— に配置できません
300012,マルチプレイ時にリソースを編集できません
300013,マルチプレイ際に、リソースを管理できません
300014,他人の地図を遊ぶ時に資源を編集することはできない
300015,他人の地図を遊ぶ時に資源を管理できない
300016,ソースフィルタリング
300017,タイプフィルタ
300018,詳しく
300019,文字情報
300020,ショ—トカットメニュ—を追加
300021,移動先のフォルダを選択
300022,フォルダを追加
300023,プロジェクト
300024,転移成功
300025,シンクロ成功
300026,ダウンロード成功
300027,導入したプラグインは、マップを再ロードしてから有効になります。マップを再ロードしてください。
300028,新規メニューを作る
300029,外部モデルを導入
300030,アイテム紹介
300031,次のポップアップが7日以内に表示しません
300032,開発者アカデミーのリンク
300033,アイテム紹介
300034,地面に置いた後、クリックしてアクションの創作を始めます。標準の人形を使用して任意のアニメーションを作成できます。最後に、スターファクトリーで作ったアクションを使用できます！
300035,次のポップアップが7日以内に表示しません
300036,開発者アカデミーのリンク
300037,リソースがダウンロードされていないので、確認できません
300038,最小合成ツール
300039,画像サイズ
300040,：
300041,クリックして検索
300042,最近の検索
300043,なし
300044,NEW！
300045,リソースを選択してください
300046,追加
300047,複数選択
300048,アクションコンボ
300049,名前なし
300050,このリソースは編集できません
300051,ショートカットメニューの数は上限を超えた。前の8のアイテムが現在のショートカットメニューにに追加されました
300052,リソースはダウンロードしていない
300053,追加成功
300054,プラグインパッケージのリソースは削除できません
300055,使用説明
300056,新しいリソースバッグを楽しんでください！新しいバージョンでは、元のプラグインリストｍ、リソースセンター、バックパックは「リソースバッグ」として整合されました。リソースの検索、使用、編集、管理はもっと便利になりました。1. 左側のラベルページは#cfa7a0f上下にドラッグしてラベルを変更#nすることができ、インターフェースは2ページ目、モデルは3ページ目にあります。2. 上部の中央でプロジェクト?私の?リソース工房という3つのライブラリを切り替えることができます。3. モバイルデバイスの場合：#cfa7a0fリソースを選択した後にタップ#nすると、編集画面に入ります。リソースを長押しすると管理できます。4. PCの場合：#cfa7a0fリソースを選択した後に筆アイコンをクリック#n、または#cfa7a0fリソースを持ち上げずに右クリック#nすると編集画面に入ります。5. PCの場合、カーソルをリソースに留め、ショートカットバーのキーを押すと登録できます。shift+クリックで複数を取ることができます。6. リソースカード下部のカラーバーについて：緑色は公式が編集可能、紫色は変更済み、灰色は編集不可、橙色はカスタマイズ、青色はダウンロードされたリソース。アドバイスがございましたら、マップ設定でのフィードバック機能でご提出ください。
300057,マップ内に次のリソースを導入する予定。
300058,次のプラグインパッケージをマップに導入する予定。
300059,プラグインを削除または復元した後、マップを再ロードしてから有効になります。
300060,導入したプラグインは、マップを再ロードしてから有効になります。マップを再ロードしてください。
300061,増加したいアイテムを選択してください
300062,アップロードマップ
300063,審査取り消し
300101,現在選択されているターゲットは編集できません
300102,ターゲットはズームに対応していないため、操作できません
300103,運転
300104,編集
300105,複数選択
300106,選択
300107,機能変更
300108,ブラシの形
300109,ブラシの設定
300110,トグル変更
300111,距離設定
300112,塗りつぶし
300113,削除
300114,交替
300115,スムーズ
300116,立体
300117,円柱
300118,球体
300119,平面四辺形
300120,平面円形
300121,二点線
300122,二点面
300123,拡大する
300124,リソース庫の選択
300125,対象のリスト
300126,対象が表示されない
300127,対象が表示される
300128,リセット
300129,スムーズ
300130,エリアを選択
300131,高級編集モードへの変更
300132,基礎編集モードに切り替わります
300133,基礎編集モード
300134,高級編集モード
300135,基礎モードは、オリジナルの編集ツール
300136,高級編集モードは、より強力な編集モード
300137,編集モードにはマルチモードに変更及び他人のマップでは使えません
300138,マルチや他人のマップが使えません
300139,選択取り消し
300140,画布
300141,コード数
300142,123
300143,あなた
300144,やあ、こんにちは！
300151,値を選択
300152,ゲームロジック
300153,数学
300154,グループ
300155,タイマー
300156,画面
300157,グラフ文字情報
300158,整理
300159,コメントを追加
300160,クリア
300161,ペースト
300162,コピー＆ペースト
300163,コピー
300164,コメントを追加
300165,コメントを削除
300166,削除
300167,トリガー
300168,テンプレート追加
300169,コード追加
300170,数字入力
300171,文字入力
300172,ショップ
300173,ブロックタイプ
300174,投擲アイテムの種類
300175,アニメーションの表情
300176,特殊効果の種類
300177,サウンドエフェクト
300178,カスタムコード
300179,数値
300180,文字列
300181,コード説明
300182,ジャンプの意味
300183,このコードは、以下のコードに関連していますので、削除際に、ご注意ください。
300184,ブロック参照コード
300185,画布を削除しますか？
300186,説明オン
300187,説明オフ
300188,カスタムコード名前は重复できません
300189,カスタムコード名前は空ではできません
300190,パラメータ名前は空ではできません
300191,パラメータ名前は重複ではできません
300192,プログラミングコード
300193,コードを選択して、運転状況を確認してください
300194,コードを選別
300195,任意のイベントが発生すると、条件が満足する場合にアクションが順番に実行されます
300196,メッセージ
300197,ラジオ
300198,こんにちは
300199,使用禁止
300201,%d(%d/%d)
300202,重ねる：
300203,高級創造
300204,高級モード
300205,戻す
300206,建造
300207,削除モード
300208,クリックすると直接削除する
300209,縮まる
300210,エリア作成
300211,位置作成
300212,生物作成
300213,表示板を作成
300214,押す、滑ってエリア作成
300215,地面をクリックして位置を作成
300216,地面をクリックして生物を作成
300217,全体トリガー
300218,開発者ショップ
300219,リセットシェイプ
300220,2D
300221,直線
300222,表面
300223,詰まっている
300224,X軸モード
300225,Z軸モード
300226,Y軸モード
300227,点
300228,線
300229,面
300230,階段
300231,長押しで連続操作
300232,長押しで直線を引き出せる
300233,もう一度画面をタップすると、垂直方向が切り替わります
300234,キーボードのRが垂直方向を切り替える可能
300235,長押しでブロックの表面をドラッグ
300236,長押しでブロックを作成
300237,長押しでブラシ形状をドラッグしてサイズ変更可能
300238,
300239,長押しでボールを作成
300240,長押しで円柱を作成
300241,長押しで円柱を作成
300242,マジック棒
300243,エリア選択をキャンセル
300244,重ねる：
300245,プレイ開始
300246,リセットモード
300247,形状をリセットする
300248,カラー
300249,ジオメトリー
300250,階数：
300251,トリガー
300252,検索結果なし
300253,設定したい画面を選択してください
300254,NPC
300255,削除に失敗しました。せめて1つの可視トリガーグループを保留してください
300256,イベントには含まれません
300257,データが紛失ため、書き込み必要があります
300258,検索結果が表示されません。キーワードを変更して再度お試しください。
300259,選択する前にイベントコードを追加してください
300260,値を付ける
300261,データストレージ
300262,#cF63D3D“!”赤い数値#nがない、入力が必要です。
300263,#cFF9900“!” オレンジ色の数値#nがイベント内で見つからない
300264,戻り値
300265,部分的なトリガー
300266,コメント
300267,全体コメント
300268,コメントを入力してください...
300269,コード説明
300270,このリソースは見つかりませんでした
300271,トリガー：@1%個
300272,トリガーの数
300273,削除に失敗しました。せめて1つのトリガーグループを保留してください
300274,ヒントなし
300275,チュートリアルなし
300276,空白グループ作成
300277,タップしてリロード
300278,私のテンプレート
300279,お勧めのテンプレート
300280,変更済み
300281,テンプレート名
300282,紹介
300283,トリガーの構成
300284,シーンに配置してエンティティを生成します。
300300,クリックまたは長押しドラッグして構築します
300301,クリックまたは長押しして削除します
300302,取り消し成功
300303,回復成功
300304,タッチして、シーンターゲットを取得
300305,ブラシモード
300306,シーンオブジェクトを選択して、編集する
300307,クリックして、同じ種類の複数のターゲットを選択します
300308,シーン内でドラッグして作成
300309,シーンで[作成]をクリックして
300310,シーンのエリア/場所/クリーチャーポイントを隠す
300311,シーンのエリア/場所/クリーチャーポイントを表示します
300312,リセットモード
300313,"キャラクターをコントロールして一人称視点でゲームをします! 
 トリガーとスクリプトのロジックを実行します! 
 左下をクリックして、ゲームを停止します。地図の編集モードに戻ります。"
300314,エリアを長押し
300315,生物の属性
300316,試しモードの説明
300317,長押しドラッグカーブ
300318,長押しで直線をドラッグ
300319,長押しして同様の平面をドラッグします
300320,長押しドラッグで平面を接続
300321,長押しドラッグシェイプ
300322,画面をタップして垂直ドラッグを切り替えます
300323,Rキーで垂直ドラッグを切り替えます
300324,ドラッグしてサイズを調整し、形状をクリックして確認します
300325,充填モード
300326,切り替えモード
300327,長押しで選択範囲をドラッグ
300328,交替したいブロックを選択し、[図形交替]をクリックします
300329,図形をクリックしてコピーし、ドラッグ面を積み重ねます
300330,軸をドラッグして移動し、形状をクリックして確認します
300331,クリックしてモデル作業台を選択すると、地面を置いてミニチュアを編集できます
300332,道具ワークベンチをクリックして選択し、地面編集道具モデルを放置できます。
300333,タッチして、生物モデルのブロックを選択すると、地面生物モデルを放置できます。
300334,タッチして、カスタムモデルメーカーを選択し、地面カスタムモデルを放置できます。
300335,ミニチュアの組み合わせデバイスをクリックして選択し、組み合わせ可能なブロック、およびミニチュアを使用します
300336,非リセットモード
300337,マップをリセット
300338,マップをリセットしない
300339,機能対象
300340,全ての対象
300341,選別済み
300342,対象へ
300343,今は対象なし、「+」をクリックして対象を追加する
300344,グローバル
300345,プライベート
300346,インターフェース
300347,積み木の答え
300348,プログラミング対象
300349,非表示
300350,原作者は非表示にしました
300351,変更権限なし
300352,答え生成
300353,ヒント
300354,チュートリアルを見る
300355,クリックしてリトライ
300356,クリックしてリプレイ
300357,ロード失敗
300358,対象を選択してから設置してください
300359,オーディオタイプ
300360,@Null@
300361,しぼる
300362,落下物
300363,開発モードに切り替える
300364,地図変換後、開発モードで開く。変換は元の地図を上書きするので、先にバックアップを取ってください。
300365,初期マップを選択
300366,すべてのテンプレート
300367,地形テンプレート
300368,プレイテンプレート
300369,変換成功
300370,変換する
300371,ランダムな地形
300372,完全にランダムに生成された地形
300373,キャンバス
300374,真っ白な平坦な地形
300375,水域
300376,広大な海
300377,平らな草
300378,平らな芝生の地形
300379,浮かぶ島
300380,小さな空き地しかない
300381,空の島の森
300382,アドベンチャー空の島の地形
300383,変換に失敗しました。まず地図をバックアップしてください
300384,島
300385,島の地図
300386,森林地帯
300387,ウッドランドマップ
300388,パーティーゲーム
300389,パーティーマップ
300390,菜園を守る
300391,菜園マップ
300392,神木パルクール
300393,パルクールの地図
300394,参照を見る
300395,左側のページをチェックしてください
300396,選択済み@1個のカテゴリ
300397,少なくとも1ページを選択
300398,自然に
300399,開発者モード
300400,現在、この形状での生物の配置はサポートされていません。【ボックスに切り替えてください】
300401,この形状での落下物の配置は現在サポートされていません。【ボックスに切り替えてください】
300402,開発者モード>
300403,塗りつぶしブラシ
300404,ブラシを削除
300405,ブラシの交換
300406,選択ブラシ
300407,フレームを引っ張る
300408,曲線
300409,直線
300410,形状:ボール
300411,形状:中空ボール
300412,形状:キューブ
300413,形状:中空キューブ
300414,形状:円筒形
300415,形状:中空円筒
300416,形状: X軸階段
300417,形状: Y軸階段
300418,形状: Z軸階段
300419,ストレッチ面:色
300420,ストレッチサーフェス:ジオメトリ
300421,この形状でのミニチュアの配置はサポートされていません。シングルポイントで配置してください。
300422,放送を送る
300423,パラメータ
300424,メッセージ名は重複できません
300425,メッセージ名は空にできません
300426,ID@1の部屋に入るかどうか
300427,部屋の人数がいっぱいで、参加に失敗しました
300428,転送することはできません、マップ上にあります
300429,サーバーリクエストが失敗しました。後で再試行してください
300430,手の速さが速すぎます!@1秒後に再試行してください
300431,転送できません、あなたはその部屋にいます
300432,マップが見つかりません
300433,または
300434,と
300435,そして
300436,ピクセル
300437,選択する
300438,選択した番号
300439,新しいテンプレートを保存
300440,インスタンスに適用
300441,テンプレートに復元する
300442,テンプレートの編集
300443,テンプレートに適用
300444,エンティティ
300445,
300446,
300447,
300448,
300449,
300450,
300451,
300452,基礎
300453,飾る
300454,遊び方
300455,
300456,
300457,
300458,
300459,
300460,
300461,
300462,
300463,
300464,
300465,
300466,
300467,
300468,
300469,
300470,
300471,
300472,
300473,
300474,
300475,
300476,
300477,
300478,
300479,
300480,
300481,
300482,
300483,
300484,
300485,
300486,
300487,
300488,
300489,
300490,
300491,
300492,
300493,
300494,
300495,
300500,運動器
300501,モーションプレビュー
300502,プレビューを停止
300503,重心
300504,編集する
300505,編集重心
300506,モーション名
300507,スポーツの種類
300508,直線
300509,円周
300510,スイング
300511,X軸速度
300512,Y軸速度
300513,Z軸速度
300514,X軸の角度
300515,Y軸角度
300516,Z軸角度
300517,実行時間
300518,走行距離
300519,初期待機
300520,ループ
300521,元の道に戻る
300522,到着したら待つ
300523,帰りは待つ
300524,ラジオを受け取って始めます
300525,了解放送終了
300526,動き始める
300527,今すぐ開始
300528,受信放送開始
300529,前のアクションを始める
300530,前のキャンペーン終了
300531,トランポリン
300532,エアクッション
300533,弾力性
300534,運動器セット
300535,リバウンド
300536,スピード
300537,中心点
300538,モーションセンサーを削除しますか?
300539,このコンポーネントは削除できません
300540,コンポーネントは既に存在し、繰り返し追加されます
300541,列挙データエラー、数は0です
300542,コンポーネントがいっぱいで、追加できません
300543,クイック設定
300544,モデル全体
300545,X軸正面
300546,X軸背面
300547,Y軸正面
300548,Y軸背面
300549,Z軸正面
300550,Z軸背面
300551,デフォルトに戻す
300552,相対的空間
300553,局部
300554,ワールド
300555,戻る
300556,戻らない
300557,直接に始点に戻る
300558,始点時間に戻る
300559,始点と終点を繋げる
300560,コピー
300561,削除する
300562,バインド
300563,バインド解除
300564,組み合わせ
300565,グループを解除する
300566,編集する
300567,ノードの下に調整します
300568,ノードの上に調整します
300569,その子ノードになります
300570,バインドするオブジェクトを選択してください
300571,自分自身をバインドできません
300572,親ノードにコンポーネントが追加されましたが、親ノードを保持する必要がありますか?
300573,新しいテンプレートとして保存されました
300574,テンプレートが保存されました
300575,空のテンプレート
300576,新しいテンプレート
300577,エンティティテンプレート自体を循環配置することはできません。
300578,組み合わせエンティティ
300601,物理学
300602,物理タイプ
300603,可動物体
300604,静的オブジェクト
300605,エリア
300606,物理作用なし
300607,クラッシュボックス
300608,モデルに従う
300609,キューブ
300610,球体
300611,カプセル本体
300612,面を減らす
300613,物理的なマテリアル
300614,品質
300615,抵抗
300616,角度抵抗
300617,重力を有効にする
300618,静的摩擦
300619,動的摩擦
300620,弾力性
300621,クラッシュボックスのサイズ
300622,中心の位置
300623,半径
300624,高さ
300625,衝突イベント
300626,衝突メッセージ
300627,メッセージに入る
300628,メッセージを残す
300629,プレイヤーが動く実体と衝突するためには、プレイヤーの高度な物理をオンにする必要があります。オンにしますか?（先行体験では、プレイ方法の設定-プレイヤーの家でオフにでき）
300630,物理的な設定
300631,プレイヤー高度な物理学
300632,開いた後、プレイヤーと運動実体が衝突し、より多くの遊び方ができる（先行体験中、少し不安定かもしれない）
300633,まずプレイヤーの高度な物理をオフにしてください
300634,まずプレイヤー間の衝突を開いてください
300640,自由ズーム
300641,全体ズーム
300642,ズーム
300643,X軸ズーム
300644,Y軸ズーム
300645,Z軸ズーム
300646,複数ルート
300647,ルート
300648,ルートノードの数が上限を超えました
300649,ルートノードを削除しますか？
300650,単色
300651,マテリアルグループ
300652,素材
300653,カラーグループ
300654,色
300655,モデル
300656,
300657,
300658,
300659,
300660,
300661,
300662,
300663,
300664,
300665,移動する
300666,ズーム
300667,回転する
300668,等比スケーリング
300669,
300670,
300671,
300999,
301000,インターフェイス編集
301001,世界の
301002,プレイヤー
301003,ルール
301004,インターフェース
301005,データ
301006,落下ダメージ
301007,モンスターの自動生成
301008,地図をリセット
301009,"1.出発【地図】リセットし、次回戻ってくると地図は元の状態に戻り。
2.【を離れて】地図をリセットせず、同じアーカイブや同じホストルームで、次回戻ってきても地図は離れているようだ"
301010,世界を加速する
301011,古灵精怪
301012,中国風
301013,戦う
301014,孤独な神
301015,雰囲気を解読する
301016,爆発する
301017,サッカースタジアム
301018,見下ろす角度
301019,カスタムビュー
301020,道具を使う
301021,傷つくことができます
301022,ピックアップアイテム
301023,道具を捨てる
301024,ペットの乗り物
301025,武器スキンボーナス
301026,特技を許可する
301027,すべて表示
301028,画像のみ表示
301029,テキストのみ表示
301030,開始方法
301031,直接開始する
301032,直接開いている場合、途中でゲームに参加することは無効にできません
301033,開始カウントダウン
301034,設定を終了する
301035,時間モード
301036,ゲーム期間限定
301037,時間がなくなると
301038,分高チームが勝利する
301039,全体の勝利
301040,全体失敗
301041,勝つためにスコアに達する
301042,スコア要件
301043,ライフパターン
301044,ライフ数を制限する
301045,観戦を閉じる
301046,ラウンド設定
301047,生まれ変わる時間
301048,再生保護
301049,生まれ変わる場所
301050,ランダムチームの集合点
301051,最近のチームの集合場所
301052,汚染ゾーンモデル
301053,初期セーフゾーン半径
301054,初期セキュリティ時間
301055,チーム設定
301056,チーム数
301057,チーム分配方式
301058,選手
301059,推奨
301060,チームの権限
301061,チームの初期属性
301062,チーム初期アイテム
301063,チームの初期外観
301064,インターフェイス情報
301065,ミニマップの選手
301066,准心表示
301067,放送を打ち負かす
301068,血条表示
301069,クラウドサービスマップとして
301070,"1.オプションがオンになると、地図はクラウドサービスの地図になり、プレイヤーはクラウドサービスの部屋でしかゲームができず、ダウンロードや部屋を開けて遊ぶことができない
2.オプションがオンになると、地図外のアーカイブリストに「クラウドサービスデバッグ」オプションが表示され、地図を公開する前にこの機能を使用してクラウドサービス上のトリガーなどの機能の正常な動作をテストする必要がある"
301071,デフォルトの音楽
301072,音楽なし
301073,最大10個のパラメータを使用できます
301074,開いた後は後戻りできない、プレイヤーはクラウドルームでしかゲームできない、ダウンロードできない、部屋を開けて遊ぶことができない。慎重に選択してください
301075,シーン情報
301076,ショートカットバー
301077,攻撃/防御
301078,レベル/経験
301079,ステータス効果
301080,人数に達したら開始します。
301081,味方チームが見えます。
301082,敵チームが見える
301083,自分を傷つける
301084,味方チームのダメージ
301085,プレイヤー間の相互作用
301086,属性ボーナス
301087,地図データの保存
301088,ランキング
301089,ランキングを表示
301090,ランキングを設定する
301091,お名前
301092,適用範囲
301093,"部屋のランキングデータはリアルタイムで更新されます
全服ランキングは10分ごとに更新されます"
301094,部屋の中
301095,フルサービス
301096,ソート基準
301097,スコア
301098,ビート数
301099,敗北の数
301100,プライベート変数
301101,並べ替え方法
301102,大きいものから小さいものへ
301103,小さい頃から大きくなるまで
301104,並べ替えなし
301105,分類の根拠
301106,個人的に
301107,チーム
301108,チームに人を追加する
301109,アイコンを選択
301110,全服ランキングでは、クラウド変数のみを選択できます。
301111,ランキング数は@1の上限に達しました
301112,変数を選択
301113,数値プライベート変数
301114,"スコアは、ルールスコアリング設定でカスタマイズすることができます
敗北数は生物やプレイヤーを負かすと得点されます
敗戦数プレイヤーが敗北した時に自動的に得点する"
301115,まず、プレイ方法-ランキングでランキングを設定してください
301116,全員の合計
301117,まだ誰もランクインしていません
301118,ランキングが読み込まれています。。。
301119,プレイモードに切り替えてから開いてください
301120,固定表示自体
301121,個人ランキングでのみ開始できます。
301122,マップタイプ
301123,クラウドサーバーゲーム
301124,普通のゲーム
301125,"#cFA4343クラウドサービスのゲームがリリースされた後、ゲームタイプを変更できなくなり。#n
公開後、プレイヤーはダウンロードする必要がなく、直接クラウドサービスの部屋に入って遊ぶことができ、部屋には住宅所有者がいない。
クラウドサービスゲームは、#cFA4343オンラインゲーム、マルチプレイヤープレイ#nのロジックに基づいて開発し、データストレージ機能またはテーブルを使用してプレーヤーデータを保存する必要があり。"
301126,"通常のゲームがリリースされた後、プレイヤーデータはローカルに保存され。
プレイヤーはローカルに部屋を作って、住宅主の。になることができる
ゲームのアップデートがリリースされると、プレイヤーはアップデートコンテンツをダウンロードするかどうかを尋ねられ。"
301127,もっと知る>
301128,ゲームのアップデートがリリースされると、プレイヤーはアップデートコンテンツをダウンロードするかどうかを尋ねられ。
301129,攻撃による保護
301130,グローバルシャドウ
301131,オートショット
301132,このマップを開くと、プレイヤーは銃を持って補助照準、自動射撃、自動弾交換機能を持つことができ（携帯端末に限定され）
301133,閉鎖後、本地図のプレイヤー、生物は打撃保護を失い、けがの頻度が大幅に増加し。
301134,オフにすると、リアルタイムのライトシャドウを含むマップ全体のキャラクターシャドウをオフにでき。
301135,距離が遠すぎて接続でき。
301136,この設定は、ゲームとして公開された場合にのみ有効です
301137,探険を続けるコスト
301138,逓増する
301139,逓増しない
301140,小包をドロップする
301200,
301201,スカイボックスセット
301202,テンプレート
301203,スカイマップ
301204,太陽マップ
301205,月のテクスチャ
301206,時間の経過の倍数
301207,空(@1時)
301208,空の光の色
301209,環境光の色
301210,太陽(@1時)
301211,サイズ
301212,光の色
301213,月(@1時)
301214,星(@1時)
301215,密度
301216,クラウド(@1時)
301217,移動速度
301218,高さ
301219,色
301220,霧(@1時)
301221,最も近い距離
301222,最も遠い距離
301223,環境粒子の設定
301224,パーティクルマップ
301225,範囲
301226,強度
301227,スピード
301228,方向
301229,X
301230,Yさん
301231,不規則性
301232,フィルター設定
301233,カラー
301234,色
301235,コントラスト
301236,彩度
301237,色補正
301238,フラッド
301239,露出する
301240,ボリュームライト
301241,ガンマ
301242,被写界深度
301243,カラーボード
301244,RGB
301245,16進数
301246,コレクションする
301247,空トップカラー
301248,空ウエストカラー
301249,空の底の色
301250,太陽の色
301251,月の色
301252,編集する
301253,修正済み
301254,高度な設定
301255,テンプレート名
301256,重要な時間
301257,デフォルトの空
301258,デフォルトフィルター
301259,デフォルト
301260,リセット後、現在のテンプレートのすべてのデータがデフォルト値に戻ります。確認しますか?
301261,空マップを選択すると、星、雲、空の色パラメータの変更が無効になります
301262,画像を選択
301263,ドリームピンク
301264,アイスブルー
301265,フレイムレッド
301266,毒霧グリーン
301267,廃土黄
301268,SFグレー
301269,漫画スタイル
301270,自然な移行
301271,冷たい色調
301272,暖色系
301273,漫画
301274,暗視
301275,反転する
301276,漫画
301277,暗視
301278,サンライズイエロー
301279,霧の青
301280,淡い赤
301281,思い出の灰
301282,白黒
301283,ブルーグリーン
301284,有効にするには、ゲーム設定でダイナミックスカイをオンにする必要があります
301285,スカイボックス
301286,フィルター
301287,ボリュームライトをオンにすると、カードが発生し、慎重にオンになる可能性があります
301288,映画
301289,画像の明るさ
301290,濃い色
301291,明るい色
301292,ブラックトーン
301293,効果音
301294,プレイヤーの足跡
301295,プレイヤーがヒット
301296,生き物
301297,道具
301298,耐久性
301299,なし
301300,倉庫
301301,加工する
301302,忍び込む
301303,疾走する
301304,衝突する
301305,経験
301306,なし
301307,戦闘設定
301308,撃退する
301309,スターモード
301310,レベルモード
301311,蓄力効果
301312,エフェクトを解放する
301313,ターゲットヒットエフェクト
301314,効果音を放つ
301315,ヒットサウンド
301316,投げ物を隠す
301317,隠す
301318,1つ開く
301319,すべて開く
301320,学習用テンプレートのみで、リソースを総ライブラリに同期することはできません。
301325,詳細ページには、シングルゲームの入り口、シングルモードのデータとクラウドサービスのデータが相互運用されていないことが示されています
301326,詳細ページには、シングルプレイヤーゲームの入り口が表示されます。
301327,シングルプレイを許可する
301328,モード設定
301329,より多くの開発者ツール、新しい遊び方を創造する
301330,録画を許可する
301331,プレイヤーはこの地図内でビデオ機能をオンにして、ビデオアーカイブを生成することができる
301332,クリックしてチュートリアルを続けます
301333,戦闘モード
301334,旧バージョン
301335,新バージョン
301336,新バージョン戦闘
301500,
305000,
305001,ルームボタン
305002,チャットボタン
305003,撮影ボタン
305004,シェアボタン
305005,祝儀
305006,エフェクト表示
305007,エフェクト非表示
305008,エフェクト
305009,テキストエフェクト
305010,テキスト様式
305011,コンポーネントテンプレート
305012,選択
305013,@1選択中
305014,様式
305015,排列
305016,ロジック
305017,テンプレート
305018,交信
305019,文字サイズ
305020,アウトライン
305021,シャドウ
305022,不透明度
305023,字並び
305024,高級
305025,距離
305026,角度
305027,センター
305028,左上
305029,左中
305030,左下
305031,中上
305032,中心
305033,中下
305034,右上
305035,右中
305036,右下
305037,一番前
305038,一番後
305039,前へ
305040,後へ
305041,後ろ/前まで移動
305042,整列&分布
305043,水平方向間隔一致
305044,垂直方向間隔一致
305045,回転
305046,角度
305047,水平反転
305048,垂直反転
305049,ズーム方式
305050,コンポーネントを削除した時、サブコンポーネントも同時に削除されます
305051,あり
305052,なし
305053,太い
305054,細い
305055,幅
305056,高さ
305057,カラフル
305058,デフォルト
305059,タイトル
305060,サブタイトル
305061,正文
305062,カラフルテキスト
305063,ミニワールド
305064,水平方向
305065,垂直方向
305066,すべて
305067,線型写像
305068,上
305069,下
305070,左
305071,右
305072,スケーリング
305073,九等分
305074,対辺距離
305075,サイズ絶対値
305076,親要素の寸法
305077,親コンポーネントの幅
305078,親コンポーネントの高さ
305079,絶対位置
305080,親コンポーネントに対して
305081,中央揃え
305082,左揃え
305083,右揃え
305084,上揃え
305085,下揃え
305086,整然モード切替完了
305087,モバイルキャンバスモードオン
305088,積み木追加
305089,積み木積み木テンプレート追加
305090,テンプレートとして保存
305091,トリガーグループテンプレート
305092,保存すると、「カスタマイズ-私のテンプレート」で使用できる
305093,保存しました。「グループ追加」をタップして
305094,確認
305095,私のテンプレート
305096,このテンプレートを削除してよろしいですか？
305097,削除する
305098,取り消す
305099,空白なテンプレートです
305100,「トリガーグループ-その他-テンプレート保存」で保存できます
305101,説明
305102,テンプレート名称を入力してください
305103,詳細説明
305104,画像違反
305105,プレイヤーステータス
305106,ライフポイント
305107,ステータスバー
305108,空腹値
305109,酸素値
305110,アイテムエリア
305111,経験値
305112,アイテムバー
305113,操作パネル
305114,移動レバー
305115,ジャンプ
305116,忍び込む
305117,インタラクション
305118,マウント
305119,准星
305120,スコアゾーン
305121,スコアボード
305122,お時間に
305123,ネットワーク環境が悪いので、再入力してください
305124,内容に敏感な言葉がありますので、再入力してください
305125,半透明マスク
305126,マスクをクリックしてインターフェイスを閉じます
305127,ページを閉じる
305128,効果なし
305129,背景の編集
305130,テンプレートが変更され、すべてのオブジェクトに適用されていますか?
305131,でないと、もし
305132,でないと
306000,
306001,全てのプレイヤーがゲームに入った後、カウントダウンが始まる。カウントダウンが終了した後、ゲームは正式にスタートし、この事件もトリガーされる。
306002,マップに新しいプレイヤーが入ってきたかを検査。新しいプレイヤーが入ってきた場合、この事件はトリガーされる。
306003,プレイヤーが任意のブロックをタップした後、この事件はトリガーされ、タップされたブロックの座標が出力される。点鉄成金?スキン変更?ブロックマークなどの機能で使用可能。
306004,キャラクターが投擲物を投げた時、この事件はトリガーされる。注意：手持ちのアイテムを投擲物に変えた時、この事件はトリガーされない。
306005,指定された生物が作成された後、この事件はトリガーされる。出場エフェクトを制作可能（フロストガードが作成された時、天気は氷雪になる）。
306006,プレイヤーが指定されたエリアに入った時、この事件は1回トリガーされる。ホラーマップやモンスター討伐マップ制作時、生物生成事件のトリガーでよく用いられる。注意：エリア進入/退出は開発者関連のアクション（例えば広告再生、商品購入吹き出しの表示、開発者商店表示など）をトリガーできない。
306007,プレイヤーが指定されたエリアから離れた時、この事件は1回トリガーされる。注意：エリア進入/退出は開発者関連のアクション（例えば広告再生、商品購入吹き出しの表示、開発者商店表示など）をトリガーできない。
306008,指定された時間になると、この事件はトリガーされる。時間に関する機能、例えば『リング』のようなホラーゲームや時報などの制作に用いられる。
306009,プレイヤーが運動状態を切り替えた時、この事件はトリガーされる。例えば静止→移動、移動→ジャンプなどは、この事件をトリガーできる。
306010,キーボードの「W」キーを押した時、この事件はトリガーされる。この事件はキーボード上の26個のアルファベットキー及びスペースキー、SHIFTキーだけを探知するので、PCクライエントのみで有効。
306011,投擲物を投げる、武器で生物を攻撃する、素手で生物を攻撃することで、この事件はトリガーされる。注意：両手を振ること、バスケットボール?サッカーボールを投げること、爆弾が爆発して生物に命中することはこの事件をトリガーできない。
306012,この事件をトリガーするアクションは投擲物（爆弾を含む）を投げて生物に命中すること、または近接攻撃で生物を攻撃することである。注意：バスケットボール?サッカーボールを投げること、爆弾が爆発して生物に命中することはこの事件をトリガーできない。
306013,プレイヤーがモンスターに攻撃される?溶岩に燃やされる?酸欠?落下はこの事件をトリガーできる。この事件を利用してヒットエフェクトを制作できる。
306014,ドロップアイテムの種類を問わず、プレイヤーのショートカットバーやバックパックに追加された時、この事件はトリガーされる。
306015,プレイヤーが投擲物、銃、食べ物、本を使用した時、この事件はトリガーされる。注意：バスケットボール?サッカーボールを使用することはこの事件をトリガーできない。
306016,掘削または爆弾でブロックを破壊した時、この事件はトリガーされる。
306017,プログラムでメッセージを送信し、異なるトリガーの執行をアレンジする。【ブロードキャスト受信】は【アクション-ゲームロジック】での【ブロードキャスト送信】と合わせて使用する必要がある。【ブロードキャスト送信】の積み木が執行された後、【ブロードキャスト受信】事件はトリガーされる。
306018,ゲームスタート後、この事件は2秒に1回トリガーされる。
306019,ゲームスタート5秒後、この事件はトリガーされる。
306020,天気が変わった時、この事件はトリガーされる。複数の天気があるので、条件フレーズに合わせると異なる天気で異なるアクションを行うことができる。
306021,インターフェースとはUIのこと。指定されたUIが開かれた時、この事件はトリガーされる。
306022,UIの特定のボタンから指を離したかを探知。
306023,UIの特定のボタンが押されたかを探知。
306024,指定されたアイテムが使用された後、この事件はトリガーされる。アイテムに新しいセット能力を付与できる。
306025,チャット欄で指定されたテキストを送信した後、この事件はトリガーされる。ゲーム内の「チートコード」、例えばリスポーン?HP回復?武器などを作ることができる。
306026,あらゆる生物が作成された時、この事件はトリガーされる。判断フレーズと合わせて、生物の基本ステータスを初期化できる。
306027,生物がプレイヤー/生物にぶつかった時、この事件はトリガーされる。特殊効果積み木と合わせて、物理エフェクトを制作できる。
306028,プレイヤーがプレイヤー/生物にぶつかった時、この事件はトリガーされる。特殊効果積み木と合わせて、物理エフェクトを制作できる。
306029,プレイヤーがスタンプをした時、この事件はトリガーされる。条件判断フレーズと合わせて、異なるスタンプに様々な面白いスキル（生物召喚?ウルト発動など）を付与できる。
306030,投擲物がプレイヤー?生物?ブロックに命中した時、この事件はトリガーされ、命中された対象の座標も出力される。「投擲物テレポート」の制作に用いられる。
306031,指定されたプレイヤーのHP、スタミナ、速度、大きさ、攻撃力などのステータスを設定できる。様々なルール（HP増加?移動速度増加など）に従って、プレイヤーのステータスを設定することができる。
306032,指定された位置で一定数の生物を生成できる。チームカラー/チーム無しの設定もできる。
306033,ゲーム世界の天気を設定できる。ゲームを制作する時、色々な天気を試してみよう。予想外の効果があるかもしれないよ。
306034,世界時間の設定。時間が異なると、ライトと太陽の位置も異なる。
306035,一定数のアイテムをプレイヤーのショートカットバーまたはバックパックに追加する。ショートカットバーに空白位置がある場合、優先的にショートカットバーに追加。
306036,プレイヤーを指定された位置までテレポートできる。
306037,ゲーム世界の重力の倍数を設定できる。
306038,数値変数またはゲーム?プレイヤーステータス?生物ステータスを設定できる。
306039,指定されたプレイヤーにテキストを送信できる。テキストは吹き出しの形で表示される。
306040,指定されたプレイヤーグループにテキストを送信できる。テキストは吹き出しの形で表示される。プレイヤーグループとは、同じエリア内のプレイヤー、同じチームにいるプレイヤー、または同じマップ内のプレイヤーのことである。
306041,プレイヤーにデバフ?バフ?中立?カスタマイズ状態を付与できる（夜目Lv.5、凍結Lv.2、変身-羊Lv.2など）。
306042,ゲーム世界の時間の速さをコントロールできる。
306043,メッセージ送信に用いられ、【ブロードキャスト受信】と合わせて使用できる。【ブロードキャスト送信】積み木を執行した後、【ブロードキャスト受信】事件はトリガーされる。
306044,指定された位置Aで特定の投擲物を作成し、その投擲物を指定された位置Bに発射することができる。
306045,【プレイヤー変数】に値を付け、ある事件をトリガーしたプレイヤーIDを保存し、または関数ベースからプレイヤーIDを取得することができる。
306046,異なる地形の天気を設定できる。例えば、同時に森林の天気を砂嵐に、平原の天気を晴れに、砂漠の天気を雪に設定できる。
306047,プレイヤー移動オン/オフ?攻撃可能/攻撃不可?被ダメージオン/オフなどの権限をコントロールするスイッチ。
306048,指定された位置またはエリア内に特殊効果を再生する。攻撃エフェクトまたはマップチュートリアルなどの制作に用いられる。
306049,指定された位置またはエリア内で特定のブロックタイプを生成し、その向きを指定できる。例えば、位置Aで硫黄砂を生成し、その噴き口を東に向かせることができる。
306050,指定された生物を直ちに撃破することができる。例えば、プレイヤーの攻撃が生物に命中した時、命中された生物を直ちに撃破することができる。
306051,指定された生物のHP、速度、大きさ、攻撃力などの数値を設定できる。
306052,あるプレイヤーに指定されたUIを開かせることができる。初期UIまたは複数UIが存在する時に使われる。
306053,あるプレイヤーに指定されたUIを閉じさせることができる。
306054,UIにおける【テキスト】と【入力ボックス】コンポーネントのテキスト内容を設定できる。【インターフェースを開く】積み木と合わせて使用する必要がある。コンポーネントのUIを開くと、テキストが表示される。
306055,プレイヤー対象の向きを設定できる。
306056,プレイヤー対象の外観を変更できる。
306057,プレイヤー対象の外観を元に戻すことができる。
306058,プレイヤー対象のショートカットバー、バックパック、または装備バーのアイテムを全て削除できる。
306059,プレイヤーのカメラを震わす。
306060,終点位置を設定し、生物対象が自動的に終点まで移動する。生物対象をコントロール。この機能は距離制限があり、一定の距離（約32ブロック）を超えるとトリガーできなくなる。
306061,エリア内のブロックを全て指定されたブロックに変え、その向きを設定できる。
306062,指定されたエリア内において、ある種類のブロックを全て指定されたブロックに変え、その向きを設定できる。
306063,指定されたエリア内のブロックを全て削除する。ドロップアイテムは出現しない。
306064,指定されたエリア内のブロックを全て削除する。ドロップアイテムは出現する。
306065,指定された位置で設計図建築を作成し、作成された建築を回転させることができる。
306066,トリガーループ執行をコントロールできる。【重複執行】積み木を使用することで、プロセスを簡単化し、コードブロックの重複利用を実現できる。
306067,条件のTRUE/FALSEに基づいて、含まれたコードブロックを執行するかを決める。TRUEの場合は執行、FALSEの場合はスキップ。
306068,トリガーの実行時間をコントロールできる。トリガーの構造は通常、順番に従って快速執行というようになっている。【待つ】積み木が実行された時、指定された時間を待ってから次へ進む。
306069,トリガーループ実行回数をコントロールできる。ループの中に中止の積み木があり、その条件も満たされた場合、ループは前もって中止される。
306070,この積み木にはIFとELSEが含まれており、記入された条件に基づいて、どの分枝を実行するかを決める。条件がTRUEの場合はIFのコードブロックを実行し、条件がFALSEの場合はELSEのコードブロックを実行する。「+」をタップすると複数の条件分枝を追加することができる。
306071,この積み木は【トリガー事件】を使用したプログラムのみに有効。トリガー構造における条件のTRUE/FALSEを検査し、条件が検査と一致した場合、トリガーのアクションパートのプログラムをそのまま実行する。
306072,プログラムの実行時間をコントロールできる。この積み木が実行された時、条件がTRURにならない限り、次へ進まない。
306073,ループを中止できる。通常の場合、【IF……ELSE……】と合わせて使用する。ループで条件を満たした場合、【ループ終了】となる。
306074,下記の画像の通り、トリガーの探知状態のオン/オフをコントロールできる。オフの状態でトリガーがまだ実行中の場合、直ちに中止せず、その実行状態が終わってから中止となる。
306075,一段トリガーの実行を中止できる。
306076,事件名称に従って、既存のトリガーをコール（呼出）することができ、コールの回数も設定できる。
306077,トリガーグループにおける全てのトリガーの探知状態のオン/オフをコントロールできる。オフの状態でトリガーがまだ実行中の場合、直ちに中止せず、その実行状態が終わってから中止となる。
306078,現在のゲーム世界における時間は、特定の区間にあるか、またはある値と一致しているかを判定できる。時報器の制作や時間でモンスターの生成をコントロールすることなどに用いられる。
306079,獲得したアイテム対象が特定のタイプのアイテムであるかを判定できる。プレイヤーがどんな武器を使っているかを判断でき、武器の攻撃エフェクトをデザインすることもできる。
306080,両側の数値を比較し、その数値が特定の区間にあるか、またはある値と一致しているかを判定できる。数値、変数、対象を比べることができる。
306081,現在のゲーム世界における天気が、特定の天気なのかを判定できる。天気状態に基づいて、異なる天空ボックスを配置し、いい雰囲気を作ることができる。
306082,獲得したブロック対象が特定のタイプのアイテムであるかを判定できる。通常、食べれるマイクロや自販機の制作に用いられる。
306083,現在のゲーム世界における人数が、特定の区間にあるか、またはある値と一致しているかを判定できる。
306084,複数の方法で生物対象を獲得し、獲得した生物対象が特定のタイプの生物であるかを判定できる。異なる生物を撃破することで異なるスコアを獲得したり、異なる生物の攻撃力を設定したりすることができる。
306085,現在のゲーム世界における重力の倍数が、特定の区間にあるか、またはある値と一致しているかを判定できる。
306086,事件をトリガーしたプレイヤーの手持ちアイテムのタイプを判定できる。特定のアイテムを持って特定のエリアに入らないとクリアできないという機能を作ることができる。
306087,事件中のプレイヤーを取得し、特定のプレイヤー対象であるかを判定できる。複数のプレイヤーが存在している時、プレイヤーを特定することができる。
306088,プレイヤーのHP、スタミナ、レベル、速度、攻撃力などの数値が、特定の区間にあるか、またはある値と一致しているかを判定できる。
306089,ゲーム内のプレイヤーのショートカットバー、バックパック、装備バーの中に特定のアイテムが存在しているかを判定できる。宝探しゲームでプレイヤーが任務を完成したかを判定できる。
306090,事件におけるスタンプが、特定のスタンプであるかを判定できる。
306091,両側のブール値の関係を判定できる。
306092,プレイヤー対象の状態が、特定の状態であるかを判定できる。
306093,両側の文字列が一致しているかを判定できる。謎解きゲームの制作に用いられる。
306094,生物モデルの大きさ、ジャンプ力、防御力、攻撃力などの数値が、特定の区間にあるかを判定できる。
306095,プレイヤーのショートカットバーまたはバックパックの中、特定のアイテムの数が特定の区間にあるか、またはある値と一致しているかを判定できる。装備合成機能の制作に用いられる。
306096,事件における状態を取得し、それが特定の状態であるかを判定できる。
306097,ある3D座標のX、YまたはZの値を比較し、特定の区間にあるか、またはある値と一致しているかを判定できる。
306098,事件におけるコンポーネント対象が、UIコンポーネントであるかを判定できる。
306099,プレイヤーが所属しているチームが特定の陣営であるかを判定できる。味方ダメージオン/オフ機能の政策に用いられる。
306100,ルームにいないプレイヤーの外観を取得できる。
307000,物理学
307001,モデル
307002,変換する
307003,移動する
307004,モバイルテスト
307005,アクションツール
307006,コンポーネント_in it
307007,デモ
307008,マイデモ
307009,回転する
307010,話す
307011,ヒント
307012,長さ@1以内の文字を入力してください
307013,バインド成功
307014,バインド解除
307015,塗りつぶし
307016,削除する
307017,置換
307018,ボックス選択
307019,フレームを引っ張る
307020,ライン
307021,形状
307022,ストレッチ
307023,円形
307024,円形(空)
307025,正方形
307026,正方形(空)
307027,円筒
307028,円柱(空)
307029,階段(X)
307030,階段(Y)
307031,階段(Z)
307032,色
307033,ジオメトリ
307034,曲線
307035,直線
307036,塗りつぶし
307037,置換
307038,コピー
307039,移動する
307040,削除する
307041,エフェクトを再生する
307042,ブロードキャスト受信後に開始
307043,ブロードキャスト受信後に終了
307044,特殊効果
307045,追従
307046,ループ
307047,時間制限
307048,偏差を設定する
307049,偏差
307050,X
307051,Y
307052,Z
307053,回転
307054,X
307055,Y
307056,Z
307057,ズーム
307058,X
307059,Y
307060,Z
307061,エフェクト
307062,エフェクト
307063,ループ
307064,ワールド
307065,局部
307066,自由
307067,15°
307068,90°
307069,固定比例
307070,XY軸
307071,XZ軸
307072,YZ軸
307073,吸着
307074,グリッド
307075,位置合わせ
307076,複数選択機能をオフにしました
307999,
319999,
320000,シミュレーション
320001,レーシング
320002,スポーツ
320003,RPG
321000,最新のバージョンにアップデートしてください。審査されないテキストは展示できません
321001,*
500001,コミュニティボーナス
500002,クイズ
500003,ベースイベント
500004,ベースボーナス
500005,コミュニティ作者
500006,ミッションセンター
500007,ミッション報酬
500008,生配信報酬
500009,動画報酬
500010,公式動画
500011,コンテンツ一覧
500012,生配信イベント
500013,動画一覧
500014,生配信動画
500015,配信者イベント
500016,SNSイベント
500017,SNSサインイン
500018,花小桜配信
500019,公式配信
500020,WeChatイベント
500021,WeChat検索
500022,イベント集
500023,テーマイベント
500024,スキンイベント
500025,無料報酬
500026,新マウント登場
500027,新スキンイベント
500028,パーティー
500029,評議入口
500030,新バージョンイベント
500031,マップイベント
500032,最新情報
500033,アプデボーナス
500034,初心者専用
500035,グッズ-特典
500036,グッズ-新品
500037,グッズ-イベント
500038,グッズ-配布
500039,グッズ-割引
500040,小説-NEW
500041,小説-特典
500042,図書
500043,図書-特典
500044,図書-NEW
500045,ラジオドラマ
500046,アニメ更新
500047,アニメ情報
500048,マンガ更新
500049,キャラクター
500050,プログラミングイベント
500051,ミニクール配布
500052,プログラミングレッスン
500053,プログラミング
500054,初心者特典
500055,アンケート
500056,ミニベース
500057,システム通知
500058,映画リリース
500059,映画公式サイト
500060,映画情報
500061,発表会
500062,映画披露会
500063,映画特典
500064,割引チケット
500065,映画マップ
500066,チケット購入
500067,舞台裏
500068,同人
500069,無料チケット
500070,報酬抽選
500071,鑑賞ギフト
500072,関連イベント
500073,覚醒襲来
500074,チケット購入
500075,チケット購入
500076,映画
500077,覚醒
500078,映画-覚醒
500079,先行視聴
500080,クラウドサーバーデバッグ
500081,クラウドマップにする
500082,クラウドマップにすると、オンラインに戻ることができなくなります
500083,"クラウドマップにすると、元に戻すことができなくなりますので、ご慎重に！

この操作をした後、クラウドサーバーでデバッグすることができます"
500084,初心者同士で一緒に冒険しましょう！
500085,このプレイヤーはとても上手いから、見に行きましょう！
500086,一緒にプレイする招待が届きました！
500087,このマップはとても楽しいよ！一緒にプレイしてみましょう！
500088,拒否する
500089,同意する
500090,低俗コンテンツ
500091,不適切な社交
500092,テロリズム・暴力
500093,恐怖コンテンツ
500094,その他
500095,アイコン / スキンモデル
500096,ニックネーム
500097,今の気持ち
500098,カスタマイズスキン名称
500099,通報する理由を選んでください（一つのみ）
500100,あなたは最近複数回通報されたため、スタンプ機能は@1まで禁止されました
500101,あなたは最近複数回通報されたため、気持ち機能は永久的に禁止されました
500102,あなたは最近複数回通報されたため、カスタマイズスキン名称変更機能は@1まで禁止されました
500103,あなたは最近複数回通報されたため、カスタマイズスキン名称変更機能は永久的に禁止されました
500104,おかえり！フレンドを見つけて一緒に遊びましょう！
500200,バックアップが上限に達しました
500201,バックアップできませんでした
500202,バックアップ検索に失敗しました
500203,名前変更に失敗しました。後でもう一度試してください
500204,バックアップが存在しません
500205,バックアップ削除できません
500206,バックアップリセットできません
500207,バックアップ復元できません
500208,前回のバックアップ操作を行っているため、バックアップできません
500209,操作に失敗しました
500210,
500211,
500212,
500213,
500214,
500215,
500216,
500217,
500218,現在のネットワークエラー、入力に失敗しました、もう一度やり直してください。
500219,このマップは規約違反の疑いがあるため、ルームに入ることはできません。リセットしてください
500220,
500301,追放投票
500302,投票を行うには、少なくとも3人以上のメンバーが存在する必要があります
500303,ただいま投票中、後でもう一度試してください
500304,今週の会員投票回数がなくなったので、投票できません
500305,投票が頻繁すぎます。後でもう一度試してください
500306,今週残り回数：[color=#0AAA1A]@1回
500307,[color=#D13B3B]@1[/color]が以下のユーザーを追放するために投票を始めました。同意しますか？
500308,残り時間：@1秒
500309,残念ですが、あなたは投票によってこのルームから追放されました。[color=#CCE945]@1秒[/color]後に自動的に退出します。
500310,今回の追放投票は通過され、[color=#FA7A0F]@1[/color]は[color=#CCE945]@2秒[/color]後にルームから追放されます。
500311,すみません。この機能は現在、会員しかご利用できません
500401,プレイ中
500402,フレンドの@1もルームに入りました。挨拶をしましょう！
500500,あなたは最近複数回通報されたため、チーム名称変更機能は@1まで禁止されました
500501,あなたは最近複数回通報されたため、チーム名称変更機能は永久的に禁止されました
600000,認証に失敗しました。#cFF0000この番号の認証回数は上限に達しました#n 。今日は#cFF0000@1回#nの認証機会しかありません。認証を完成する前に、あななたは未成年者依存防止システムによって制限されます。
600001,認証に失敗しました。#cFF0000この番号は間違っています#n。正しい情報を入力してください。今日は#cFF0000@1回#nの認証機会しかありません。認証を完成する前に、あななたは未成年者依存防止システムによって制限されます。
600010,この植物は[color=#0aba1d]充実[/color]状態です
600011,この植物は[color=#ffda0a]水不足[/color]状態です
600012,この植物は[color=#ff3d2b]枯死[/color]状態です
600013,<a href='@1'>[color=#E0F61E]@2[/color]</a>
600014,現在の進捗：[color=#52c8ff]@1[/color]/[color=#f7e3a6]@2[/color]
600015,今日の水やり回数が上限に達しました
600016,今日の駆虫回数が上限に達しました
600020,[color=#5aea0a]@1[/color]へ
600021,[color=#5aea0a]@1[/color]から
600022,[color=#5aea0a]@1[/color]から[color=#5aea0a]@2[/color]へ
600023,@1#c5aea0aが#n@2に#c5aea0a@3X@4#nを贈りました
600024,ギフトエフェクト（#c0aaa1aオン#n）
600025,ギフトエフェクト（#cef2d2dオフ#n）
600030,他の冒険者たちはこれらのマップをプレイしています。あなたも試してみませんか？
600031,ここには面白いマップがいっぱいありますから、他の冒険者たちと一緒に遊びましょう！
600040,登録時間が3ヶ月以上である必要があります
600041,信用ポイントが90以上である必要があります
600042,"1、信用ポイントが90以上、登録時間が3ヶ月以上のプレイヤーは名師試練に参加できます。試練に成功したら師匠になり、弟子を取ることできます。弟子を取った後、弟子と共にデイリーミッションを完成すれば、ポイント&報酬がもらえます。
2、師匠レベルが上がると、弟子枠も増えます（最大は3人まで）。
3、弟子は師匠と共にミッションを完成することで、相応の報酬を獲得できます。"
600043,"1、弟子が師弟ミッションを完成し、ポイントが一定数に達したら、称号及びミニビーンの報酬を獲得できます。
2、師匠が師弟ミッションを完成し、ポイントが一定数に達したら、称号・メダル・ミニビーン・カスタマイズスキン・スプレーなどの報酬を獲得できます。"
600044,今日残り試練回数は [color=#FFDB35]@1[/color] 回
600045,名師ポイント：@1
600046,弟子：@1/@2
600047,師弟データ取得に失敗しました
600048,"1、毎日、5回の名師試練機会があります。
2、ここで試練を中止したら、24時間内に名師試練に参加できなくなります。"
600049,弟子枠数：@1名
600050,I級
600051,Ⅱ級
600052,Ⅲ級
600053,Ⅳ級
600054,Ⅴ級
600055,Ⅵ級
600056,Ⅶ級
600057,Ⅷ級
600058,Ⅸ級
600059,Ⅹ級
600060,所要ポイント：@1
600061,@1-@2ポイント
600062,最大弟子枠：@1
600063,レベルアップ後に配布
600070,初級名師
600071,中級名師
600072,高級名師
600073,最上級名師
600074,宗師
600080,初級学徒
600081,中級学徒
600082,高級学徒
600083,最上級学徒
600090,関係成立：@1日
600091,弟子レベル：@1
600092,名師レベル：@1
600093,名師ポイント：@1
600094,TIPS
600095,あなたは卒業したので、再び弟子入りしてもポイントは獲得できません
600096,せめて1名の弟子を取ってください
600097,先に弟子入りしてください
600098,今日の回数がなくなりました
600099,師弟システム
600100,了解
600101,試練結果
600102,"挑戦失敗
今日は@1回の機会があります"
600103,再試行
600104,弟子入り中止
600105,弟子入りを中止したら、前に送信された申請は全て無効になります
600106,確認
600107,関係解除
600108,本当に[color=#2E89B7]@1[/color]との師弟関係を解除しますか？
600109,24時間内に弟子入りできません
600110,24時間内に名師になれません
600111,卒業
600112,"卒業しますか？卒業しない場合、ポイントを獲得できなくなります。
卒業した場合、他の名師を探したり、自分で名師になったりすることができます"
600113,卒業しない
600114,卒業挑戦
600115,残念ですが、挑戦に失敗しました
600116,再挑戦
600117,おめでとう、挑戦に成功しました
600118,卒業へ
600126,弟子入り申請が存在しません
600127,弟子入り申請タイムオーバー
600128,名師クールダウン時間中です
600129,名師挑戦回数が上限に達しました
600130,名師になるための信用ポイントが足りません
600131,名師になるための登録時間が足りません
600132,弟子卒業：卒業挑戦未完成
600133,身分異常
600134,フリー状態でなければ操作できません
600135,この生徒は存在しません
600136,相手は名師を求める状態ではありません
600137,報酬受領済み
600138,付き合いの時間が短すぎるので、関係は解除できません
600139,身分状態が変わったので、データを再取得しています
600140,報酬受領時、ポイントが足りません
600141,卒業挑戦に参加するためのレベルが足りません
600142,この名師の弟子数が上限に達しました
600143,今日の弟子入り申請数が上限に達しました
600144,一方的に関係を解除したため、今は弟子を取ることができません
600145,罰則適用中、弟子入りすることができません
600146,アンチチート：クリア時のtokenが異なっています
600150,私のポイント：@1
600151,レベルアップ済み
600152,このプレイヤーは見つかりませんでした。ミニIDを確認してください
600153,このプレイヤーは名師試練をクリアしていないため、弟子入りできません
600154,今はこのプレイヤーを弟子にすることができません
600155,IP：@1
600156,弟子入り申請を出しました。同意されたら相手の弟子になれます。
600157,試練を中止しますか？
600160,イベント期間：@1 - @2
800501,クリエイトデー
800502,今だ、創造しよう！
800503,イベント時間：07/13-08/31
800504,全民パート
800505,創意パート
800506,投稿する
800507,マルチホールでより多くの作品を体験しましょう
800508,山分け
800509,賞金プール
800510,百万のミニコイン
800511,グッズ
800512,七つのブロック
800513,大量の賞金
800514,人気度サポート
800515,トロフィー
800516,マルチホールでより多くの作品を体験しましょう
800517,受賞作品一覧
800518,2022年クリエイトデー、創意工夫グループの受賞者リストが発表されました。受賞者に拍手を！下のボタンをクリックして、素晴らしい作品を鑑賞しましょう！
800519,受賞作品一覧
800520,授賞式生放送
800521,全民パート投稿開始
800522,創意パート投稿開始
800523,創意パート投稿終了
800524,創意パート結果発表　全民パート投稿終了
800525,創意パート授賞式
800526,全民パート報酬公開
800527,創造ミッション
800528,交換ショップ
800529,創造ミッションを完成し、創造力を受け取って報酬と交換しましょう！（07/13—08/24）
800530,クリエイトデー創造ミッション
800531,イベントのルール
800532,"クリエイトデーは「全員参加」を目標とした、『ミニワールド』プレイヤーのために開催された年に一度のカーニバルであり、若者たちが夢をかなえ、己をアピールするプラットフォームを築くことがこのイベントの趣旨です。今回のイベントの内容は以下の通り：
1、イベントページで、今回のクリエイトデーのスケジュールと現在の進捗を確認できます。創造ミッションを完成することで創造力を獲得し、交換ショップでのアイテムと交換することもできます。創造ミッションは毎日24時に更新され、締め切りは8月24日 24:00です。報酬の取り忘れにご注意ください。
2、今回のクリエイトデーは2つのグループに分けられています。「創意パート」にはやり方・建築・電気回路・モデル・お絵描き・動画・文学の7つのブロックがあり、公式審査員は作品のクオリティに基づいて最終的な受賞者を決めます。一人当たりの最大賞金は3万元、賞金総額は70万元超！更にトロフィーと授賞式もあります。次の創作スターになりましょう！
3、「全民パート」はマップ作品の投稿のみで、条件を満たした作品なら、他の創作者と五百万ミニコインの賞金プールを山分けすることができます。また、人気報酬や毎日更新される賞金プール、そしてグッズ福袋と図書など、沢山の報酬があなたを待っています！
4、同じプレイヤーまたは同じマップは同時に二つのパートに参加することができます。具体的なルール及び有効作品の定義については、相応のページでご確認ください。"
800533,獲得おめでとう
800534,創造力
800535,受け取る
800536,完成する
800537,報酬受領
800538,受領済み
800539,交換済み
800540,クリエイトデーアイコン枠
800541,もう一度クリックしてください
800542,創造力が足りません。ミッションを完成してください
800543,一回ミッション
800544,デイリーミッション
800545,あなたはマップの中にいるので、このページへジャンプすることができません。先ずはマップから退出してください！
1000001,通訳の種類を選択してください：
1000002,手紙、黒板
1000003,プラグイン
1000004,マップ名称、内容紹介
1000005,マップ起動の説明
1000006,チーム名称
1000007,トリガーテキスト
1000008,通訳成功：
1000009,通訳失敗：
1000010,ゲームダウンロード中…
1000011,ゲーム読み込み中…
1000012,ゲームに入場中…
1000013,現在は非WI-FIの環境なので、ゲームに参加（ダウンロード）すると、およそ@1MBのデータが消費されます
1000014,お知らせをロード中、少々お待ちください…
1000015,ゲーム初期化中…
1000016,自動視野校正
1000017,PLAY TOGETHER
1000018,同じマップ
1000019,@1人の鑑賞家のお勧め
1000020,@1人プレイ中
1000021,参加
1000022,通知をオンにしていないので、フレンドのメッセージ、フレンドの招待、優秀マップのお勧め、イベント特典のお知らせなどを見逃す可能性があります！
1000023,今すぐオンにする
1000024,フレンドからの重要なメッセージを見逃さないように、プッシュ通知をオンにしてください！
1000025,無視
1000026,今すぐオンにする
1000027,通知
1000028,（オンにしてもメッセージ通知が届かない場合は、端末の「設定」でオンにするように設定してください）
1000029,ルーム招待
1000030,フレンドメッセージ
1000031,マップメッセージ
1000032,個人メッセージ
1000033,プルダウンして更新
1000034,プルアップして更新
1000035,手放して更新
1000036,手放してもっと見る
1000037,寝る準備をしましょう～
1000038,寝ることで夜の時間を過ごしながら、体力を補充することができます
1000039,寝る準備
1000040,インタフェーススタイル
1000041,クラシックスタイル
1000042,クリエイタースタイル
1000043,設定を有効にするには再起動する必要があります。「はい」をクリックして再起動します
1000044,設定は次回の再起動後に有効となります
1000045,バージョンは古いので、ゲームに加入できません。最新バージョンにアップデートしますか？
1000046,UIなしモード
1000047,画面上部をクリックすると、設定ボタンが表示され、UIなしモードが終了します
1000048,確認
1000049,このお知らせを二度と表示しません
1000050,獲得可能なステータス
1000051,すみません、失敗しました。
1000052,ログインキャンセル
1000053,おめでとう、ミニIDの作成に成功しました
1000054,切替
1000055,Facebookでログイン
1000056,Googleでログイン
1000057,Apple IDでログイン
1000058,アカウント連携
1000059,アカウント連携の利点は？1、ミニIDを忘れた際に、アカウントを取り戻すことができます。2、パスワードを忘れた場合、連携情報を確認した後、パスワードをリセットすることができます。3、連携中の第三者アカウントで直接にログインすることができます。
1000060,連携ボーナス
1000061,連携に成功したらボーナスを受け取ることができますよ
1000062,すみません、あなたのアカウントは既に他のミニIDと連携されています
1000063,ゲスト
1000064,または
1000065,他のミニID
1000066,ログイン方法を選ぶ
1000067,他の方式でログイン
1000068,アカウントでログイン
1000069,携帯番号でログイン
1000070,アカウントを持っていない？
1000071,メールでログイン
1000072,メールアドレスを入力してください
1000073,認証コードを入力してください
1000074,携帯番号を入力してください
1000075,同意
1000076,アカウント/メールアドレス/UINを入力してください
1000077,ログイン
1000078,パスワード
1000079,安全問題
1000080,ミニID/メールアドレスを入力してください
1000081,パスワードを入力してください
1000082,アカウントパスワードを取り戻す
1000083,メールで取り戻す
1000084,携帯番号で取り戻す
1000085,あなたは連携情報でパスワードをリセットしています
1000086,新しいミニIDを登録
1000087,パスワード設定
1000088,安全問題設定
1000089,提出する
1000090,8-12桁、数字とアルファベットを含む
1000091,パスワード確認
1000092,パスワードをもう一度入力してください
1000093,ユーザー名
1000094,本名を使わないでください
1000095,質問1：
1000096,回答1：
1000097,質問2：
1000098,回答2：
1000099,親愛なる冒険者様
1000100,"親愛なる冒険者様：
         ミニIDの登録に成功しました[color=#00cc33]%s[/color]。アカウントとパスワードを覚えてください[color=#00cc33]%s[/color]。紙でメモしたり、スクリンショットでアルバムに保存したりしてください。"
1000101,保存しない
1000102,アルバムに保存
1000103,ゲームスタート
1000104,すみませんが、パスワードは数字とアルファベットしか入力できません
1000105,すみませんが、二回目のパスワードが間違いましたので、再試行してください
1000106,すみませんが、パスワードまたはミニID/メールアドレスが間違っています
1000107,すみませんが、安全問題の答えまたはミニID/メールアドレスが間違っています
1000108,タイムアウトしましたので、再試行してください
1000109,すみませんが、1日に登録できるミニIDの数は3個までです
1000110,すみませんが、登録できるミニIDの数は10個までで
1000111,すみませんが、このユーザー名は使えません
1000112,ミニIDでログイン
1000113,（ミニIDとパスワードを覚えておいてください）
1000114,WeChatと連携
1000115,（携帯メールで認証）
1000116,安全問題
1000117,ユーザー規約&プライバシーポリシー
1000118,ユーザー規約及びプライバシーポリシーをよく読み、同意をクリックした後に本製品を使用することができます。同意をクリックすると、条約の内容を理解して同意したことと見なされ、当該条約は法的拘束力を有しています。
1000119,クリックして全文を読む：
1000120,『ゲーム許可及びサービス規約』
1000121,『プライバシーポリシー』
1000122,ネットをチェックしてから再ログインしてください
1000123,QRコードでダウンロード
1000124,認証コードを送信
1000125,携帯番号の連携は、パスワードを取り戻し、アカウントの安全性を保証するために、自分の携帯番号を記入してください。
1000126,携帯番号を記入
1000127,携帯番号と連携
1000128,携帯番号の連携を解除
1000129,この携帯番号はすでに「QQチャネル」に登録されていますので、「QQチャネル」でミニワールドを再ダウンロードし、ログインしてください。
1000130,はい
1000131,年齢確認
1000132,"1、『ミニワールド』は自由度の高い3Dサンドボックスゲームであり、 12歳以上のユーザーのご利用がお勧めです。また、未成年の方々は保護者の監督のもとでご利用ください。
2、このゲームは、架空の背景及び世界観に基づいたものであり、ストーリーは極めて簡単でポジティブなプロットを持っており、現実世界の歴史や事件、及びそれらを改編したものは一切ありません。このゲームは「創造」をテーマとしており、プレイヤーは世界を探索したり、新しい世界を作ったりすることができます。また、己の限界にチャレンジする挑戦心を促すために、競技&プレイヤー間の対抗があります。ゲーム内では、テキスト及びボイスに基づいた社交システムが存在しています。
3、このゲームは実名認証システムがあり、未成年と認証されたユーザーは以下の制限を受けます： 8 歳未満のユーザーは課金できない。8 歳以上、 16歳未満のユーザーは、1回の課金額が 50 元を超えてはならず、毎月の課金額が 200 元を超えてはならない。16 歳以上の未成年ユーザーは、1回の課金額が 100 元を超えてはならず、毎月の課金額が 400 元を超えてはならない。
4、未成年ユーザーは金曜日、土曜日、日曜日、休日・祝日の20:00-21:00の間のみプレイできます。"
1000133,"ミニID変更時の注意事項：
1、重要なセーブデータの紛失を避けるために、アップロードしておいてください。
2、プレイ過程において、パスワードエラーの通知が出たら、再ログインしてみてください。"
1000134,携帯番号と連携しました
1000135,アカウント安全性通知
1000136,アカウント安全性向上
1000137,あとで
1000138,連携重複
1000139,警告：元のミニIDと携帯番号の連携を解除すると、この携帯番号で元のミニIDをログインすること、及びアカウント紛失時のパスワードの再発行はできなくなります
1000140,元のミニIDとの連携を解除する
1000141,"親愛なる冒険者様：
携帯番号と連携しました！今後、この携帯番号で直接にミニワールドにログインすることができます。携帯番号を変更したい場合、設定-アカウント管理で操作できます。"
1000142,数字パスワードを設定する
1000143,文字パスワードを設定する
1000144,問題の答え
1000145,アカウントアップグレード
1000146,QQと連携
1000147,親愛なる冒険者様：
1000148,"親愛なる冒険者様：
         アカウントの登録に成功しました。[color=#00cc33]%s[/color]。アカウントとパスワードを覚えてください。ミニID[color=#00cc33]%s[/color]。紙でメモしたり、スクリンショットでデスクトップに保存たりしてください。"
1000149,
1000150,
1000151,すぐに遊ぶ
1000152,その他
1000153,状態説明
1000154,アップロードできるマップがありません
1000155,まだマップをアップロードしたことがありません
1000156,ネットワークエラー
1000157,クリックしてリトライ
1000158,再選択
1000159,削除
1000160,再生リストなし
1000161,歌を選びましょう
1000162,プレイヤー、ルーム、マップを入力してください
1000163,初心者限定
1000164,残り@1日
1000165,初心者限定ミッション
1000166,カウントダウン @1日@2時@3分
1000167,ミッションは毎日更新されるので、時間を急いでね！
1000168,受け取る
1000169,任務へ
1000170,受領済み
1000171,装備へ
1000172,@1個のミッションを完成すると（@2/@3）
1000173,永久専用パーツがもらえます（3つの中の1つ）
1000174,無料スキン
1000175,@1日
1000176,ミッションを完成してスキンをもらおう！最速の場合は翌日でゲットできる
1000177,イベント限定
1000178,永久
1000179,3つの中の1つを受け取る
1000180,現在の進捗
1000181,毎日更新されるので、忘れずに報酬を受け取ってください！
1000182,新しいスキン、お見逃しなく！
1000183,現在は@1個のオンラインルームがあります
1000184,このマップは沢山の人々が遊んでいるから、あなたも遊んでみましょう！
1000185,マイガーデンの果実が熟成していますよ！
1000186,申し訳ありませんが、この第三者アカウントは既に別のミニIDと連携しています
1000187,チームホール
1000201,今週のプール
1000202,イベント時間：毎週金曜日、土曜日、日曜日の夜20:00-21:00
1000203,一等賞
1000204,二等賞
1000205,三等賞
1000206,カレンダーを設定すると[color=#FFFF00]スキン破片[/color]がもらえます
1000207,今週は受け取りました
1000208,イベントのルール
1000209,倉庫に保存しました
1000210,獲得おめでとう
1000211,共有する
1000212,（あらゆる報酬を見逃さないために、カレンダー通知をオンにしてください）
1000213,クリックが頻繁すぎますので、後でもう一度試しください
1000214,カレンダーの使用権限をオンにする必要がありますよ
1000215,イベントはまだ始まっていません
1000216,イベント期間外です
1000217,抽選回数なし
1000218,1、受賞者発表時間：毎週金曜日、土曜日、日曜日の夜20:00-21:00\\n；2、参加条件：全てのユーザーが参加可能。毎週抽選できる賞品は3つまで、カレンダー通知をオンにしたユーザーは更にフォロー特典を1つ獲得できます\\n；3、賞品プール：毎週、ランダムな3つの賞品を一等賞、二等賞、三等賞としてプールに入れます。プールは毎週更新されます\\n；4、抽選回数：金曜日、土曜日、日曜日にログインすることで抽選回数をそれぞれ1回獲得できます（つまり、週に3回獲得できます）。抽選機会はその週に使用する必要があり、次の週になると抽選機会はリセットされます\\n；5、参加方法：【今すぐ抽選】ボタンをクリックすると報酬を抽選することができ、当たった賞品はプールに入れられず、3日間連続抽選すると、当週の賞品を全て獲得することができます\\n；6、受賞確率：\\n； ? ?1等賞——20%\\n； ? ?2等賞——35%\\n； ? ?3等賞——45%\\n；7、フォロー特典：毎週、カレンダー通知をオンにすると、1回のフォロー特典を受け取ることができます。特典パックを開けると、原始人ギフトバッグ、【旅行者ダキ】スキン破片、【少女鈴音】スキン破片、【小さなアザラシ】マウント破片、及び【招き猫】アイコン枠のいずれかを獲得することができ、5種類の賞品の出現確率は同じ20%であり、条件を満たしたら、右側のギフトボックスをクリックすると受け取ることができます\\n；\\n；【カレンダー通知設定】\\n；1、「カレンダー通知」を選び、カレンダー権限を設定したら、イベント時間をカレンダーに記録することができます。また、週に一度フォロー特典がもらえます\\n；2、「カレンダー通知」をオンにした状態でフォロー特典を受け取った場合、二週後のイベント時間をカレンダーに記録します\\n；3、「カレンダー通知」をオフにしても、記録された内容は削除されないので、自分で削除してください
1000219,週末限定のプレゼントを仲間に共有しましょう！
1000220,[color=#fa7a0f][イベント時間][/color]\n毎週金曜日0時-毎週日曜24時\n\n[color=#fa7a0f][参加条件][/color]\nすべてのミニワールドプレイヤーが[color=#fa7a0f][週末限定ギフト][/color]イベント（以下は「本イベント」と略称します）を参加できます。\n\n[color=#fa7a0f][参加方法][/color]\nイベント期間内に「ミニワールド」アプリにログインし、イベントページで本イベントに参加することができます\n\n[color=#fa7a0f][宝箱のアップグレード][/color]\n 1、今回のイベントには3種類の宝箱があり、宝箱のグレードはプレイヤーが選択した「リマインダー」（「プッシュリマインダー」と「カレンダーリマインダー」を含む）の数と共にアップします。「リマインダー」を選ばない場合はLv.1宝箱、1つの「リマインダー」を選んだ場合はLv.2宝箱、2つの「リマインダー」を選んだ場合はLv.3宝箱を開けることができます。\n2、宝箱のレベルが高いほど、報酬も高くなります。各レベルの宝箱には3つのアイテムが含まれており、宝箱を開けるとその中からランダムに1つを獲得できます。\n3、毎週、1人プレイヤーは最大1つの宝箱しか開けません。\n\n[color=#fa7a0f][宝箱の内容及び確率][/color]\nLv.1宝箱=木製宝箱\n伝送の巻物の山×1  33.3%\n暗号箱×1  33.3%\nスキンカード×3  33.3%\n \nLv.2宝箱=銀製宝箱\nスキン体験ギフトパック×3  33.3%\n原始人ギフトパック×1  33.3%\n小さなアザラシ破片×30  33.3%\n \nLv.3宝箱=金製宝箱\n旅行者ダキ破片×15  33.3%\n少女鈴音破片×15  33.3%\nEva破片×15  33.3%\n \n[color=#fa7a0f]【賞品の配布&使用】[/color]\n当たった賞品は個人の倉庫まで届きますので、[color=#fa7a0f]【個人センター】[/color]-[color=#fa7a0f]【倉庫】[/color]で確認&使用できます。\n  \n[color=#fa7a0f]【権限の用途】[/color]\n1、カレンダー権限はゲーム内の特典やイベントの通知に使われます\n2、通知権限はゲーム内の特典やイベントの通知に使われます\n \n[color=#fa7a0f]【フィードバック】[/color]\n本イベントは深圳市ミニプレイテクノロジー株式会社に開催されます。本イベントに参加したユーザーが本イベントについてのご意見やアドバイスがございましたら、appのホームページの[color=#fa7a0f]【設定】[/color]-[color=#fa7a0f]【フィードバック】[/color]であなたのご意見を聞かせてください。\n
1000221,週末限定プレゼント
1000222,通知権限はオフにしましたので、通知できません。通知権限をオンにしますか？通知権限はゲーム内の特典やイベントの通知に使われます
1000223,カレンダー権限はオフにしましたので、通知できません。カレンダー権限をオンにしますか？通知権限はゲーム内の特典やイベントの通知に使われます
1000224,選択していないリマインダーがあります。リマインダーをオンにして、宝箱レベルを上げましょう！
1000225,プッシュリマインダーをオンにすると宝箱のレベルが上がります！そのまま報酬を受け取りますか？
1000226,受け取る
1000227,宝箱をアップグレードする
1000228,カレンダー権限をオンにすると宝箱のレベルが上がります！そのまま報酬を受け取りますか？
1000229,プッシュリマインダーをオンにすると宝箱のレベルが上がります！
1000230,プッシュリマインダーをオンにすると宝箱のレベルが再び上がります！
1000231,宝箱は最大レベルに達しました。今すぐ開けてみましょう！
1000232,今週の特典は既に受け取りました。来週また来てください！
1000233,リマインダーをオンにすることができるのはスマートフォンユーザーだけですよ。
1000234,イベントのルール
1000235,受賞期間：金曜日0時-日曜日24時
1000236,このレベルの宝箱
1000237,次のレベルの宝箱
1000238,通知をオンにして\n宝箱をアップグレード
1000239,プッシュリマインダー
1000240,カレンダーリマインダー
1000241,受領時間を見逃さないように、リマインダーをオンにしてください
1000242,抽選発表まであと
1000243,既に最大レベルです
1000244,状態を確認>
1000245,今週受け取り済み
1000246,%d日%02d時間%02d分
1000247,【小さなエラーが発生しました。再試行するか、カスタマサービスにご連絡ください。】
1000261,フレンド
1000262,モーメンツ
1000263,画像保存
1000264,このマップは既に
1000265,人以上のプレイヤーに共有されています
1000266,WeChat
1000267,QQ
1000268,シェアギフト
1000269,ミニビーン
1000270,共有するとミニビーンがもらえますよ
1000271,コードをスキャンしてミニワールドに入る
1000272,いいセンスですね！このマップは既に
1000273,人以上のプレイヤーのい気に入りになっています
1000274,ダウンロード
1000275,@1から冒険の誘いが来ました
1000276,マイガーデンで水やりをしてくれるフレンドがいるか確認してみましょう
1000277,共有するだけでミニビーンがもらえますよ！
1000278,@1の人々が@2タイプのマップをプレイしました。あなたも遊んでみませんか？
1000279,『ミニワールド』で、あなた専属のマップを作りましょう！
1000280,マイガーデンの果実が熟成していますよ！
1000281,クリックして、毎日手軽にミニビーンをゲット！既に@1名のプレイヤーが受け取りました。
1000282,長押しでQRコードを読み取り、一緒にミニワールドで遊びましょう！
1000283,いいセンスですね！このマップは既に
1000284,ダウンロード
1000400,
1000401,チュートリアル-基本設定
1000402,チュートリアル-トリガー
1000403,チュートリアル-スクリプト
1000404,チュートリアル-プラグインリスト
1000405,アイテム百科
1000406,開発者学院
1000500,
1000501,
1000502,ダウンローダー
1000503,ダウンロード中止
1000504,一時停止
1000505,続行
1000506,インストール
1000507,（ダウンロード中…@1）
1000508,（@1ダウンロード完了、インターネット接続が切れました。ネットワック接続を確認してから再起動してください）
1000509,（ダウンロード完了）
1000510,利用可能なダウンロードタスクがありません
1000511,タスクを削除すると、ダウンロードしたローカルファイルも同時に削除されますが、削除してよろしいですか？
1000512,はい
1000513,削除する
1000514,保留する
1000515,ダウンロードリストに未完成のタスクがあります。前回のダウンロードを続けますか。
1000516,いいえ
1000517,はい
1000518,『ミニベース』で新マップを先行体験しましょう
1000519,（@1ダウンロード完了、ディスク容量が足りません。容量を空けてから再試行してください）
1000600,
1000601,未成年者プライバシーポリシー
1000602,ミニワールドに位置情報へのアクセスを許可します
1000603,ミニワールドに写真へのアクセスを許可します
1000604,ミニワールドにカメラへのアクセスを許可します
1000605,ミニワールドに連絡先へのアクセスを許可します
1000606,ミニワールドにマイクへのアクセスを許可します
1000607,ミニワールドにカレンダーへのアクセスを許可します
1000608,パーソナライズされたお勧め
1000609,詳細な利用規約を表示します
1000610,設定変更
1000611,クリック
1000612,『プライバシーポリシー』
1000613,閲覧
1000614,なぜ位置情報にアクセスする必要がありますか？
1000615,なぜ写真にアクセスする必要がありますか？
1000616,なぜカメラにアクセスする必要がありますか？
1000617,なぜ連絡先にアクセスする必要がありますか？
1000618,なぜマイクにアクセスする必要がありますか？
1000619,なぜカレンダーにアクセスする必要がありますか？
1000620,権限設定の方法は？権限を取り消すことはできますか？
1000621,個人情報の安全性は保証できますか？
1000622,個人情報保護方針を読む
1000623,周りのプレイヤーとチームを組んだり、面白いマップを発見したりするために、位置情報へのアクセスが必要です
1000624,パスワードをアルバムに保存したり、アルバムから好きな画像を選んでアイコンにしたり、ゲーム過程におけるハイライトや共有用の画像をアルバムに保存したりするために、写真へのアクセスが必要です
1000625,QRコードスキャン機能でフレンド登録やチーム作成をしたり、アイコンを撮影したり、コミュニティで画像をリリースしたりするために、カメラへのアクセスが必要です
1000626,連絡先でゲームをしているフレンドを探すために、連絡先へのアクセスが必要です
1000627,ゲーム内フレンドと通話できるために、マイクへのアクセスが必要です
1000628,イベントの参加やボーナスの受け取りをお知らせするために、カレンダーへのアクセスが必要です
1000629,パーソナライズされた推奨は以下のような方法でしています。：\n（1） ゲームの記録に基づいてパーソナライズされたゲームプレイの推奨\nより便利でパーソナルニーズに合わせるゲームプレイを推奨します\n（2）パーソナライズされた地図の推奨\nより便利でパーソナルニーズに合わせる地図を提供します\n（3）パーソナライズされたイベントの推奨\nより便利でパーソナルニーズに合わせるイベントを推奨します\n（4） パーソナライズされた推奨サービスボタンオフ\nユーザー情報に基づいてパーソナライズされた推奨を望まない場合は、「ミニワールド」-「個人センター」-「設定」でオフにすることができます。\nさらに、上記の機能を継続的に改善?最適化するために、パーソナライズされた推奨事項を使用されます。
1000630,1、スマートフォンで設定アプリを開きます\n2、アプリリストから該当するアプリを探します\n3、クリックして、権限設定を確認または変更します。
1000631,当社は、業界標準のセキュリティ対策を用いて、不正アクセス、公開、使用、修正、損害または損失からお客様の個人情報を保護しています。ファイアウォール、暗号化（SSLなど）、非識別化または匿名化加工、アクセス制御など、さまざまな合理的なシステム、技術、手順、および物理的手段を用いて、お客様の個人情報の安全性を確保するように努めています。
1000632,お好みに応じてアルゴリズムやアクティビティなどを推薦するために使用されます
1000633,オン>
1000634,設定>
1000635,#L#cfa7a0f未成年者プライバシーポリシー
1000636,個人情報収集リスト
1000637,第三者情報共有リスト
1000638,*該当する問題をできるだけ早く審査し、ご意見をいただいてから15日以内に対応させていただきます。
1000639,カスタマサービス
1000640,#L#cfa7a0fプライバシーポリシー
1000641,プライバシーポリシー
1000642,ソロ状態
1000643,フレンドテスト状態
1000644,マルチプレイ状態
1000700,1000700~1000800入口予備
1000701,開発者モード
1000702,自分だけのルールを作ろう
1000703,テンプレートで作る
1000704,テンプレートをダウンロード
1000705,開発者用テンプレート
1000706,削除
1000707,ダウンロード中  @1%
1000708,創作開始
1000709,自由創作
1000710,テンプレート無し
1000711,創作を続ける
1000712,テンプレート選択
1000800,1000700~1000801入口予備
1000802,パスワードをコピー
1000901,月曜日
1000902,火曜日
1000903,水曜日
1000904,木曜日
1000905,金曜日
1000906,土曜日
1000907,日曜日
1000908,サインイン完了
1000909,スキン体験ギフトパック
1000910,ランダムに取得
1000911,サインイン
1000912,7日間連続でサインインすると、サプライズ報酬がもらえますよ。
1000913,追加サインイン：[color=#fff21e] %d回 [/color]
1000914,サインイン完了
1000915,追加サインイン
1000916,イベント期間：
1000917,今日のお勧めマップはこちらです。早速プレイしてみましょう！
1000918,アカウントに配布しました
1000919,サインイン補足完了
1000920,%dミニビーンを使いますか？
1000921,2、毎日、ログインする時にサインインできます。サインイン機会を見逃した場合、ミニビーンを消費して\n    サインインを補足することができます。毎週は[color=#fff21e] %d回 [/color]のサインイン補足機会があり、月曜日にリセットされます。
1000922,は     い
1000923,サインインルール：
1000924,1、サインインは7日周期で行われ、月曜日の0時にリセットされます。
1000925,3、毎日報酬は随時更新されます。
1000926,サインインを補足しますか？
1000927,今週のサインイン補足機会はなくなりました
1000928,
1000929,
1000930,
1000931,親愛なる冒険者様、本ゲームにログインするアカウント@1は既に実名認証を完成したため、正常にログインできるようになりました。
1000932,あなたは実名認証を完成したため、正常にログインできるようになりました。
1000933,本ゲームにログインするアカウント@1は既に実名認証を完成したため、正常にログインできるようになりました。
1000934,実名認証完了
1000935,チャネル実名認証同期
1000936,実名認証通知
1001000,1001000-1001100新バージョンコメント予備
1001001,@したいフレンドを選ぶ
1001002,ユーザーのニックネームまたはIDを入力
1001003,鑑賞家に推薦
1001004,このコメントを先頭に表示
1001005,すでにコメントが先頭表示されていますが、変更しますか？
1001006,コメントありがとうございます！\n審査終了後、コメント欄に表示されます
1001007,@1 というマップはいかがでしたか？
1001008,@1 マップの作者として、一言お願いします。
1001009,作者のお気に入り
1001010,クリックしてコメントを書く
1001011,コメントを書く
1001012,合計@1件の返信
1001013,コメントを削除しますか
1001014,いいえ
1001015,申し訳ございません、現在コメントできません
1001016,先頭表示しました
1001017,先頭表示に失敗しました、もう一度試してください
1001018,コメントは削除されました
1001019,削除に失敗しました、もう一度試してください
1001020,コメントがなくなりましたよ
1001021,時間順
1001022,投稿に失敗しました。もう一度試してください
1001023,こいつは怠け者だ、何も残していない
1001024,コメントは審査通過後にコメント欄に表示されます
1001025,先頭表示解除完了
1001026,先頭表示解除に失敗しました、もう一度試してください
1001027,作者はコメント欄を閉鎖しました
1001028,コメント欄は一時的に閉鎖されています
1001029,一時的にコメントできません
1001030,審査中、後で操作してください
1001031,コメントしました。コメントは審査後に公開されます
1001032,投稿に失敗しました。もう一度試してください
1001033,最大@1文字です
1001034,推薦する
1001035,プレイ時間@1分以下
1001036,プレイ時間@1分
1001037,このマップにいいねを押した
1001038,このマップが気に入らない
1001039,コメントしました。コメントは審査後に公開されます
1001040,返信
1001041,プレイデータなし
1001042,コピー
1001043,ペースト
1001100,1001000-1001100新バージョンコメント予備
1001200,受け取る
1001201,あきらめる
1001202,以下の報酬の有効期限は間もなく終了します。今すぐ受け取ってください。
1001203,通知しない
1001204,入手したいスキンを選択してください
1001205,ミッションスタート
1001206,初心者限定報酬
1001207,まだ受け取っていない永久スキンがあります
1001208,まだ受け取っていない報酬があります
1001209,*ミッションを完成して[color=#b565d9]限定永久スキン[/color]をゲット
1001210,イベントは終了しましたよ
1001211,受け取りました
1001212,カスタマイズスキンの容量が足りないため、オートセーブに失敗しました
1001213,（カウントダウン：[color=#0aba1d]@1日@2時@3分[/color]）
1001214,イベントは終了しましたよ
1001215,装備へ
1001216,初心者限定報酬
1001217,最短で翌日取得
1001218,初心者限定
1001219,永久
1001220,デイリーミッションは0時に更新されます
1001221,スキンを受け取る
1001222,全部受け取る
1001223,無料スキン
1001224,残り
1001225,（カウントダウン：[color=#FF0000]@1日@2時@3分[/color]）
1001226,@1×@2を獲得しました！
1001227,果実を収穫するとミニビーンがもらえますよ！
1001228,クリックして他の武器スキンを見てみましょう！
1001229,今すぐアンロックして特権を解放しましょう
1001230,クリックして築夢パックを開ける（一定の確率でレアスキンを獲得できる）
1001231,クリックしてガチャに参加する（一定の確率でマウントを獲得できる）
1001232,"1、このミッションは初心者限定ミッションです。\n
2、ミッション期間中、既に完成したが、まだ受け取っていない報酬は次のログイン時に配布されます。\n
3、サインイン報酬は「サインイン」をクリックした後に獲得できます。サインインしていない場合、新しい報酬はアンロックできません\n
4、ミッションの有効期間は10日、期限切れになったら完成できなくなり、未受領の報酬も消えます。\n
初心者限定サインインは新バージョンでのみ参加可能なので、アップデートしていないプレイヤーは受領できません。"
1001233,他のスキンを見る
1001234,初心者サインイン
1001235,専属サインイン
1001236,ミニビーン×300を受け取って、好きなスキンと交換しましょう！
1001237,受け取る
1001238,この報酬は受領済みです
1001239,アイテム使用失敗、倉庫で使用してください！
1001240,"1、このミッションは初心者限定ミッションです。\n
2、ミッション期間中、既に完成したが、まだ受け取っていない報酬は有効期間終了時まで保存されます。\n
3、ミッションの有効期間は10日、期限切れになったら完成できなくなり、未受領の報酬も消えます。"
1001241,ミッションロック中
1001242,[color=#FF9933]@1[/color]日目スケジュール
1001243,ジョイ特典はまだ沢山ありますよ
1001299,予備
1001300,第三者プラグインを使用しないでください。バンされる可能性があります（@num）
1001350,予備
1001400,デフォルト
1001401,ホット
1001402,投票時間：@1
1001403,2021年度人気 創作者コンテスト
1001404,2021年度人気動画創作者コンテスト
1001405,2021年度人気コミュニティスターコンテスト
1001406,フォロー中
1001407,投票ギフト
1001408,投票するとチケットがもらえますよ
1001409,手持ちのチケット：
1001410,手持ちの投票券：
1001411,年度厳選作品を体験しましょう
1001412,公開時間：@1
1001413,2021年度トップ10人気 創作者
1001414,2021年度優秀 創作者
1001415,2021年度トップ10人気動画創作者
1001416,2021年度優秀動画創作者
1001417,2021年度トップ10人気コミュニティスター
1001418,2021年度優秀人気コミュニティスター
1001419,残りの引換券：
1001420,年度クリエイターの爆誕を見届けましょう
1001421,候補者紹介
1001422,イベントのルール
1001423,投票券取得
1001424,デイリーミッションを完成すると投票券がもらえます。好きな作者に投票しましょう！
1001425,交換ショップ
1001426,残りの引換券：
1001427,ここをクリックして、投票券を1枚ゲットしましょう
1001428,ミッションを完成すると投票券がもらえます。好きな作者に投票すると引換券をゲットし、プレゼントと交換できますよ！
1001429,投票券を獲得しました。好きな作者に投票しましょう！
1001430,投票ボタンをクリックして、好きな作者に投票してください。投票に成功した後、引換券がもらえるので、忘れずに使ってくださいね！
1001431,"1、イベント期間：2022年1月5日-2022年1月19日\n
2、イベント期間中、デイリーミッションを完成すると投票券を獲得できます。ミッションは毎日24時に更新されます\n
3、[投票]ボタンをクリックすると、好きな候補者に投票できます。投票券は1回しか使えません\n
4、投票に成功した後、投票数と同じ数の引換券を獲得できます。イベント期間中、引換券は交換ショップでアイテムと交換できます\n
5、選抜ルール：年度人気創作者の入選者は、運営チームが人気度・創造力・作品クオリティなどを総合的に考慮して選出したもので、合計30名います\n
6、最終的なリストはプレイヤーの投票によって決定され、得票数トップ10の創作者は「2021年度ミニワールド人気創作者」になり、相応の報酬を獲得します\n
7、年度作品博物館のお勧め作品は、運営チームがその作品のクオリティ及び人気度に基づいて選出したもので、合計10種類あります"
1001432,得票数：@1
1001433,"1、イベント期間：2022年2月16日-2022年2月26日\n
2、イベント期間中、デイリーミッションを完成すると投票券を獲得できます。ミッションは毎日24時に更新されます\n
3、[投票]ボタンをクリックすると、好きな候補者に投票できます。投票券は1回しか使えません\n
4、投票に成功した後、投票数と同じ数の引換券を獲得できます。イベント期間中、引換券は交換ショップでアイテムと交換できます\n
5、選抜ルール：年度人気創作者の入選者は、運営チームが人気度・創造力・作品クオリティなどを総合的に考慮して選出したもので、合計30名います\n
6、最終的なリストはプレイヤーの投票によって決定され、得票数トップ10の創作者は「2021年度ミニワールド人気創作者」になり、相応の報酬を獲得します"
1001434,"1、イベント期間：2022年3月1日-2022年3月11日\n
2、イベント期間中、デイリーミッションを完成すると投票券を獲得できます。ミッションは毎日24時に更新されます\n
3、[投票]ボタンをクリックすると、好きな候補者に投票できます。投票券は1回しか使えません\n
4、投票に成功した後、投票数と同じ数の引換券を獲得できます。イベント期間中、引換券は交換ショップでアイテムと交換できます\n
5、選抜ルール：年度人気創作者の入選者は、運営チームが人気度・創造力・作品クオリティなどを総合的に考慮して選出したもので、合計30名います\n
6、最終的なリストはプレイヤーの投票によって決定され、得票数トップ10の創作者は「2021年度ミニワールド人気創作者」になり、相応の報酬を獲得します\n"
1001435,投票券不足、先に投票券をゲットしてください！
1001436,投票完了
1001437,投票時間：@1
1001438,引換券不足、先にミッションを完成してください
1001439,引換券不足、交換できません
1001440,交換画面へ
1001441,年度コンテストの結果
1001442,年度作品博物館
1001443,映画鑑賞抽選
1001461,皆さん、こんにちは、チェリーです！色とりどりのブロックを手に、色とりどりの夢を抱いて、私たちは皆さんと一緒にミニワールドの奇跡を創造していきます。私はこれからも創作に励み、皆さんに楽しんでいただけるような作品をもっと作っていきたいと思います。丸を描いて赤を塗りつぶせば、チェリーの出来上がりだ。
1001462,こんにちは、キャンディスタジオのシャオロンバオです。皆さんが私の作ったマップで遊んでいる時、キャンディを食べているように楽しくなっていただければと思います。皆さんの喜びが、私のモチベーションになります。皆さんと共にミニワールドで楽しい毎日を過ごせますように！
1001463,私はラブロックスタジオの社長、ラブロックと申します。2021年ミニワールド創作者コンテストに入選できて、とても光栄です。私たちのマップは最も優れたマップではないかもしれないが、一番心を込めたマップです。これからも創作に力を注ぎ、より多くのマップを作りたいと思っています。また、皆さんからのご意見やアドバイスをいただければ幸いです。どうか私たちに応援してください！
1001464,桃の木を植えたければ、土ブロックをお渡しします。サトウキビを植えたければ、砂ブロックをお渡しします。お腹がすいたら、美味しいバゲットを焼いてあげます。喉が乾いたら、雨林の奥深くで最も純粋な泉を探してあげます。他に何が必要ですか？蜜柚に教えてくださいね！手にしたブロックで星空と海を作ろう。心の中の夢を船に、宇宙よりも遠い場所へ行こう。遥かなる未知の国で、私たちの物語を紡ごう。
1001465,キタスタジオのスクダです。ここは、7人しかない小さなスタジオですが、沢山の栄誉を得てきました。2020年クリエイトデーモードパート優勝者、2021年クリエイトデー建築パート優勝者、2021年クリエイトデーマイクロパート優勝者、公式認証された開発者チューター、大人気配信者、建築の鬼才……これらの肩書きを持つ者は、キタスタジオに集まっています。GO！キタスタジオ！
1001466,ミニワールドベテラン勢、特別ルールマップの創作者。創作を始めて以来、ミニワールドのプレイヤーたちと沢山の思い出を残しました。プレイヤーたとと作者たちの成長が、何よりも嬉しいことだと思います。一番素敵なゲームに出会い、一番素敵なプレイヤーに出会うことが、創作者としての願望です。皆さんの喜びが、私のモチベーションになります。輝く明日のために、一緒に頑張りましょう。
1001467,ミニワールドプレイ歴6年！ミニワールドで仲間たちと自分の世界を作り上げることは、子供の頃の思い出だ！だけど、年を取るにつれ、一緒に遊べる仲間もどんどん少なくなっている。でも今、昔の仲間たちが開発者になった！ミニワールドのおかげで、俺たちはもう一度、同じ目標のために集まった！俺たちの名は、「ファミリーリーグ」！ミニワールドを愛し、プレイヤーに喜んでもらうマップを作ることが、俺たちの本願！
1001468,皆さん、こんにちは、2016年からミニワールドをプレイしていたプレイヤーであり、同時に5年の創作歴史を持つマップ創作者でもある9.2と申します。2021年度創作者コンテストに入選できて、とても光栄です。これからも創作に力を注ぎ、皆さんが楽しめるハイクオリティな作品を作ろうと思います。
1001469,皆さん、こんにちは！私はレモンスタジオの李YUKIです。2021年度コンテストに入選できて嬉しいです。2021年が過ぎ去り、間もなく2022年がやってきて、気が付けばミニワールドの3年目を迎えます。新しい一年に、私は皆さんに喜んでもらえるようなマップを作りたいと思っています。そして新しい一年に、皆さんが新しい生活を迎え、新しい旅に出て、新しい希望を見つけ、新しい夢を見てください！あと、ミニワールドがより良いゲームになりますように！
1001470,こんにちは、私は将軍府スタジオの創立者、将軍と申します。今はフルタイムの開発者をやっています。小さい頃から、粘土で戦車を作ったり、紙と筆でゲームをデザインしたりするのが好きでした。今、子供の頃の夢が叶えました。ミニワールドで奇想天外なマップを作ることができます。ミニワールドは私にとって、ただのゲームではなく、夢を叶える舞台です。本当にありがとう！70歳になっても80歳になっても、ミニワールドをプレイし続けたいと思います。
1001471,2015年、友達にすすめられてミニワールドを始めましたけど、もう6年間やり続けてきましたね。このゲームのおかげで、同じ趣味を持つ友達がいっぱいできました。私はクリエイトモードが好きです。様々なブロックで様々な建築を作り、完成した建築のスクショを友達に見せるのが何よりも楽しかったです。特別ルールマップの創作は苦手ですが、斬新なルールを有するマップを必死に作ったこともありました。どのマップも真新しい風景であり、真新しい冒険の始まりです。
1001472,皆さん、こんにちは！施主と申します。先ずはこの機会を与えてくれた運営チームに感謝します。これからも自分のマップをより良くするために頑張っていきたいと思います。
1001473,hello！聞こえてますか？皆さん、こんにちは！寒風です。ふうちゃんって呼んでもいいです（笑）。RPG系のサバイバルが好きです。良かったら見に来てくださいね！応援していただけると嬉しいです！他の作品もありますので、よろしくお願いします！
1001474,どうも、ラブロックスタジオの麒麟です。2021ミニワールド創作者コンテストに入選できて光栄です。私は特別ルールマップ創作者です。お付き合いいただきありがとうございました。今後、新しいマップを作るためにより努力し、プレイヤーの体験を更に高めていきたいと思います。
1001475,皆さんと一緒に楽しい2021年を過ごしました。間もなくやってくる2022年も、皆さんのためにマップを作り続けたいと思います。私のマップで皆さんが幸せと喜びを得ることができたら、私のやっていることが有意義です。私は鶴嵐月、覚えてね。
1001476,皆さん、どうも、ミニワールド開発者・鑑賞家・茶語スタジオ責任者の柚茶です！ミニワールドをプレイしていた5年間、私は沢山の作品を作りました！私の作品をプレイしてくれた人は沢山いると思いますが、私にとって皆さんの応援は本当にありがたいです。これからも優秀な作品を作っていきますので、よろしくお願いします！
1001477,こんにちは、単黙です。ミニワールドのベテラン勢且つ開発者・鑑賞家です。最初は弟の遊び仲間としてこのゲームを始めただけだったが、このゲームをやっていたうちに、自分も徐々にこのゲームを好きになって、創作を始めました。弟と同い年の『ミニワールド』プレイヤーたちのために、楽しいマップを作りたいと思います。また、プレイヤーたちがマップを作ることで、空間的な思考を鍛えたりすることも期待しています。
1001478,皆さんこんにちは、半仙と申します。ミニワールド動画創作者であり、ミニワールドのプレイヤーであり、マップ創作者でもあります。私はミニワールドがとても好きで、皆さんのおかげでミニワールド宣伝担当になりました。私一人の能力は限られているけど、ミニワールドのために力を出したいから、私のマップや動画が好きな皆さんに、応援していただきたいです。これからも皆さんのために面白い内容をどんどん作っていきたいと思います。
1001479,皆さん、こんにちは！特別ルールマップ創作者天天です！RPG作りが好きで、ミニワールドを愛しています！プレイ歴は4年くらいで、ミニワールドに関することならほぼ何も知っています。このゲームは本当に良いゲームです！どうか私に一票を！
1001480,野生の建築士グラディです。私の作ったシティライフシリーズのマップを遊んだことがあるかもしれないし、私のことなんてさっぱり分からないかもしれない。でも、こんなことはどうでもいい！重要なのは、私がシティマップしか作らないことだ。私のマップに出会う日まで、あなたをずっと待っている。今時、シティマップが好きな人はどれくらいいるかは分からないけど、これからもシティをテーマとしたマップを作り続けたいと思っている。シティマップが好きっていう人は、私に一票を！
1001481,皆さんこんにちは、畢莎莎です！年初にリリースされた『カラージャンプ』は、リリース直後から沢山の好評をいただき、最終的に1500万DLの成績を収めました。応援してくれて本当にありがとうございます！あなたもこの作品が気に入ったら、私に一票をください！
1001482,皆さん、こんにちは！喬皖です。主にトリガーマップを作っていますが、これからは日常生活をメインとしたマップも出したいと思います。どうか私に一票を！
1001483,私はゲーム好きなエンジニアです。余暇にはいろいろな種類のゲームをしたり、アニメを見たりしています。ミニワールドとは3年間の付き合いで、斬新なルールを有するマップを作るのが好きで、あらゆるタイプのマップを作ったことがあります。厳選マップの創作を始めてから鑑賞家になるまで、1か月の時間をかけました。今は20作の厳選マップを持っています。ああゆる開発者ツールを使いこなし、他の開発者の技術的な問題を解決したりもしています。
1001484,ミニワールドプレイ歴はおよそ5年です。当初、友達に誘われてミニワールドを始めたけど、バージョンアップデートの原因で、クリエイティブモードの方が面白いと思い始めました。普段は他のプレイヤーのマップを遊んだりしてますが、やはり自分でマップを作るのが面白いと思います。乗り物系が好きだから、ほとんどの作品は乗り物に関わっています。もし気に入ってくれたら、私に一票をください！
1001485,華琪琪と申します！ミニワールド建築士、SFが大好きです。何も分からない新人から、古代スタイル・SF・サイバーパンクマップの作者になるまで、私は「建築」に一筋でした。デザイナーになる夢が、いつか叶えられますように！ミニワールドでは、全てのプレイヤーがデザインすることができ、ミニワールドに自分なりの力を貢献することができます。
1001486,私はファンタジースタジオのメンバーで、ミニワールドのプレイ歴は2年です。公式大会に参加するのが好きで、いくつかの賞をもらいました。普段は特別ルールマップの創作が好きで、「クマちゃん」シリーズはもう2つリリースされ、プレイヤーから沢山の好評をいただきました。これも私にとって、最大のモチベーションになります。これからもより面白いマップを作り、「クマちゃん」シリーズをIPに発展させようと思っています！
1001487,皆さん、こんにちは！開発者であり、ミニワールド忠実プレイヤーでもある雨陌です。こうして自分を知ってもらうことができてうれしいです。この度、2021ミニワールド創作者コンテストに入選できて光栄です。皆さんの応援こそ、私がハイクオリティな作品を創作するモチベーションです！これからもできるだけ優秀な作品を創作しながら、共にミニワールドの未来を展望していきたいと思います。
1001488,皆さん、こんにちは！萌目プラネットスタジオのマップ創作者のカラスです。うちのスタジオは、特別ルールマップの創作に力を注いでいます。私の代表作と言えば、「ミニ特攻隊」、「抜刀瞬殺」、「闘羅大陸」、「仙人になろう」などが挙げられます。私たちの作品が好きな方々は、応援よろしくお願いします！
1001489,どうも！プレイ歴4年のベテラン勢、ディメロです。子供向けの面白いマップを作るのが好きです。どうか私に投票してください！
1001490,私は将軍府スタジオの開発者、錦世界です。スローガンは、特別な世界を作り、特別な生活を感じる、です。私の作品を楽しんでいただければ幸いです！
1001491,皆さんこんにちは、半仙と申します。ミニワールド動画創作者であり、ミニワールドのプレイヤーであり、マップ創作者でもあります。私はミニワールドがとても好きで、皆さんのおかげでミニワールド宣伝担当になりました。私一人の能力は限られているけど、ミニワールドのために力を出したいから、私のマップや動画が好きな皆さんに、応援していただきたいです。これからも皆さんのために面白い内容をどんどん作っていきたいと思います。
1001492,自分のミニワールド物語をユーモアに表現し、観客を楽しませる。2020-2021年二年連続でスイカPLAY決勝戦トップ10入選。
1001493,陽気で活発な配信者、フォロワー総数900万超。ミニワールドの仲間たちとマルチプレイするのが日課。
1001494,ゲーム動画を作るコメンテータ。3年間の努力を重ね、フォロワー総数は1000万を超えました。2020年度ミニワールド人気創造家、最も人気の動画の再生数は2000万を突破しました。
1001495,人生を愛し、子供たちと一緒に遊ぶことが好きなおじさん。面白くて可愛く、ストーリーを重んじたミニワールド動画の制作が得意。前向きな考えを伝える、2021年度ミニワールド宣伝担当。これからもより良いコンテンツを作るために努力していきます
1001496,長夜銀河に駆ける動画作者です。好きなことを仕事にすることより楽しいことはないと思うから、この楽しさを、より多くの人々にシェアしていきたいと思います。
1001497,ハンサムな顔は持ってないけど、創作とミニワールドを愛する心は持っている。これからも初心を忘れず、皆さんにより面白いコンテンツをもたらすために頑張っていきます。私の動画が好きな人、私を応援してくれる人、ありがとうございます！
1001498,ドタキャンの王と呼ばれる憶涵ちゃん、体も頭も落ち着きがなく、「世界を旅する」ことが夢だが、今その夢が半分叶えていて、ミニワールドを旅している。自由奔放で、パソコン一台で世界を旅することができるミニワールドが大好き。
1001499,憶涵ちゃんの従妹、みんなにいとこちゃんって呼ばれています。奇想天外なサバイバルマップを作るのが好き、キレイな建築を作るのも好き、何よりも従姉をからかうのが一番好きです。
1001500,可愛い半ラちゃん、ミニドラマの撮影が趣味なお姉さん、スイカ動画のゲーム達人グループの一員であり、ミニワールド宣伝担当の一人でもある。動画で面白いストーリーを記録し、お笑いアテレコやゲームハイライトの動画を作っている創作者。
1001501,ミニワールドをテーマとしたお笑い動画オリジナル創作者、ゲーム内の面白い出来事を動画にするのが得意。
1001502,羊紙です。毎日にファンの作ったマップにチャレンジしてます。快手で「羊紙」を検索してね
1001503,依諾です。ファンたちから「サバイバルクイーン」のあだ名をもらいました。サバイバルの生放送もやっていますから、快手で「依諾ミニワールド」を検索して、私の生放送を見に来てね
1001504,帝王です！ラッキーではない「ミニワールドラッキースター」です。廃坑で出現するはずのないアイテムを発見できるから、ファンたちに「スーパーラッキースター」と呼ばれています。
1001505,ゲーム動画を作るコメンテータ。IQIYIで4年投稿してきました。謎解き・ストーリー向けのマップが好きなので、同じ趣味を持つ人はフォローしてください。
1001506,小宇です。ミニワールドでの出来事を動画にし、皆さんと一緒に楽しむような創作者です。
1001507,ストーリー系動画作者、面白い物語をミニワールドの中で演じるのが得意。また、面白いプレイングをそれぞれの特徴に基づいて、物語にすることも得意。
1001508,コメンテータの王不畏です、視聴者から王さんと呼ばれています！お笑いをメインとした実況コメンテータ、フォロワー総数300万超、動画合計再生数10億超、2021年Q3シーズン影響力創作者のひとり。
1001509,ミニワールドお笑い動画創作者、ミニワールドを愛しているラーティアオと申します。私の動画を見てくれてありがとうございます。応援してくれた皆さんのおかげで、色々な困難を乗り越えて今の成績を収めました。今回のコンテストも、このラーティアオに一票をお願いします
1001510,しゃべり屋のピンク色の羊です。
1001511,上手いとは言えないミニワールド配信者、顔の良さだけが取り柄。ミニワールド2020年度創作者。
1001512,TIKTOKで229万フォロワーを擁する創作者、お笑い動画&生配信をメインとしている。
1001513,皆さん、こんにちは！ミニワールド配信者の蜜糖です。皆さんのおかげでフォロワー数は0から600万まで達しました！この度、ミニワールド年度創作者に入選できて嬉しいです。これからも元気いっぱいで楽しい動画や生放送をやっていきたいと思います！
1001514,お姉さまボイスのお姉さま（確信）。重慶出身で、お笑いと癒しをもたらすのお姉さん。建築とサバイバル動画を作っています！みんな大好きな人気者です！
1001515,ニワトリスープはミニワールド創作者であり、ミニワールドに関する動画を数多く出しました。これからもよりハイクオリティで創意的なコンテンツをどんどん作りたいと思っています
1001516,ネコランドから来た、可愛くて面白い配信者のニャルです。ミニワールドで皆さんと出会えて嬉しいです！皆さんに幸せをもたらすことが、私の夢です！TIKTOKで「ニャルゲーム」を検索してね～
1001517,皆さんこんにちは、ミニワールドアニーです。毎日ファンたちと一緒にゲームをしています。あなたも鉱石探しが好きであれば、快手で「ミニワールドアニー」を検索してね～
1001518,ミニワールドサバイバルモードに専念する配信者、天馬行空的な想像力とすばやい反応力を持っています。わずかの10日間で極限サバイバルモード全ボス制覇の記録を残しています。
1001519,皆さんこんにちは、優しい漢geigeiです。毎日ファンたちが作ったマップに虐められている「絶叫マン」です。ボイチェンも使っております。私と一緒にミニワールドの世界を探索しましょう！
1001520,オリジナル創作者の小ツバメ、フォロワー数は240万超、ゲームジャンルにおける優秀な創作者である。面白くてポジティブなコンテンツを作っている。
1001521,思い浮かんだ内容を文字で書き、そして物語にして皆さんにシェアすることが好きな彬です。人は誰もが「太陽」を持っています。私の「太陽」は、一筋にゲームをやる心です！完璧な人間などこの世に存在しないことは分かっていますが、少しずつ自分を完成させていくことはできると思います。私こそ、正しい選択肢だ。
1001522,皆さんこんにちは、ムーンです。コミュニティで少し名をあげている「スター」であり、ディ〇ニーから逃げたプリンスでもあります！日常的に筆不精をしているけど、一番良いものを皆さんに見せることが私の望みです。私にとって、投稿ということは、他の人を助けることと同じです。トリガーのチュートリアルを書いているから、時々質問をしてくる人もいます。興味深いトリガーや面白いトリガーがあれば、すぐ投稿して皆さんにお知らせします。これからもより良い作品を皆さんにもたらし、より良いコミュニティを作るために頑張ります。どうかムーンに一票を！
1001523,ハロー！楽です！ミニワールド中毒しているプレイヤーです。2016年5月28日にミニワールドを始めました。この未知な世界を探索しながら、笑いあり涙ありの物語を紡いでいきましょう！最初のミニワールドは、広大な無人島のように、冒険者たちの上陸を待っていました。2020年、開発者センターでミニワールドボックスという名のアプリをダウンロードしました。これで、ミニワールドの新しい遊び方を見つけました。同人絵、作文の巨匠、ブレーントラスト……あの瞬間、私も自分の創作力を発揮し、自分の作品を作ろうと心から決めました。で、日々の努力を重ね、私は今の成績を収めました！どうか私に一票をください>0-0<！
1001524,皆さんどうも、私はコミュニティに潜る文字系創作者です。マップの評価もゲームの攻略も、そしてインタビューやQ&Aシリーズも、私はできるだけ参加しています。コミュニティへの愛が故、私は常に最善を尽くしています。特にマップ評価という分野において、私の文字で皆さんに様々なマップを紹介することができてとても嬉しいし、このようなコンテンツがコミュニティに貢献できたらなおさらです。コミュニティに入る時間はそんなに長くはないから、私のことを知らないかもしれません。でも大丈夫、私のスレをもっと読めばいいです！コメントを残してくれたら、必ず返事しますのでよろしくお願いします。私に投票した人は幸運に恵まれるって聞きましたよ～
1001525,皆さんこんにちは、沐時です。職位はコミュニティ管理者&ストーリー系創作者です。皆さんに私のことを語れてとても嬉しく思っています。私はマップ創作者だけでなく、開発者もやっています。音楽・建築・特別ルールマップの制作が好きです。ストーリー系を始めたばかりの頃は何も知らなくて、糖さんと楽さんのおかげでだんだん知識を持つようになりました。創作はもちろん大変でした。あの頃はただ糖さんに手伝いたいと思っただけだけど、糖さんはいつも優しくて親切に教えてくれました。糖さんに感謝しかありません。ありがとうございました。千里の目を窮めんと欲すれば、更に上る一層の楼。
1001526,私はコミュニティ創作者の南譚です。『創想世界』という攻略本の一部の内容を担当していました。そして、コミュニティ人材の育成もやっています。もしV認証をもらい、優秀な創作者になりたいと思ったことがあれば、私に会ったことがあるかもしれません。2020年4月から今に至るまで、紆余曲折を経て優秀な創作者を何人か育成してきたと言えるでしょう。育成というか、共に進歩してきたと言った方が正しいかな。どうか私に一票を！ありがとう！（? ??_??）?
1001527,私のミニ同人絵が好きな方、投票お願いします。
1001528,コミュニティ内容創作者&ストーリー家管理者。個人的にはストーリー系の文章や攻略系の文章を書くのが好きで、面白い文章やゲームテクニックについて学ぶのが趣味。重要なのは顔ではなく、興味深い魂である！
1001529,V認証をもらっている魚子匠と申します。趣味はお絵描きと手工。どうか私に一票をください。
1001530,私は厳選マップ開発者です。マップを作るのが趣味で、2020年2月28日にミニワールドコミュニティのV認証（内容作者）をもらいました。あれから、ずっとプレイヤーたちに良質なマップ評価とゲーム攻略を提供しており、公式攻略本の編集にも参加しました。これからもコミュニティにより質の高いコンテンツを提供していきたいと思います。初心を忘れず、あなたと共に
1001531,知らず知らずのうちに、コミュニティで3年間遊んできましたね。何も知らない初心者から今に至るまで、皆さんの応援を欠けてはなりません。お絵描きが好きな方々も、己の趣味を貫いてほしいと願っていますし、より良い絵をお届けできるよう、一枚一枚心を込めて制作していきたいと思います。
1001532,どうも、絵画エリアのV認証をもらった七縁です。お絵描きを始めたきっかけは、ミニワールドでした。楽しむことが一番だから、票数は気にしていません。
1001533,私は同人創作V認証をもらった桃心です。過去数年間、私はミニワールドのために200枚以上の作品を作りました。これらの作品の中、受賞された作品も少なくありません。クリエイトデーに参加した時も、優秀な成績を収めました。今後も私は創作に励み、次のクリエイトデーでより良い成績を得るように頑張りたいと思います！皆さんの応援、ありがとうございます！
1001534,風紀委員として2020年に工房のマップを検査し、不良内容の取締りに協力した。コミュニティ時代は作品を出し続けており、学習する同時に一部の大会で作品を出した。スタジオ鑑賞家になったこともあり、同時にコミュニティで高級巡査として働き、コミュニティ詐欺防止に大きく貢献したため、Lv.3高級巡査に昇進した。その後、2021年貢献者及びミニ公式インタビューに招待されました。現在は風紀委員長として、風紀委員を指導したり、初回ギャラクシー巡査で開発者コミュニティの管理に力を注いだりしています。
1001535,皆さん、こんにちは、魚病と申します。知り合いからは魚ちゃんと呼ばれています。私は2019年にミニワールドを始めました。あの頃は好奇心旺盛で、何もかもが面白かったです。2021年にコミュニティの存在を知り、内容創作者になりました。創作方向はミニチュアと評価をメインとしていました。普段は皆さんにより良い内容をもたらすために、内容創作に精いっぱい力を注いでいます。これからもこの調子で頑張っていきたいと思います！あと、今まで私を助けてくれ、励んでくれた人々に感謝します。「魚病」というIDを、覚えてくださいね！
1001536,皆さん、こんにちは！糖です。候補者になれて嬉しいです（初めてだから、身が震えるほど嬉しいかも……）私はお絵描きが好きで、絵師になるのが夢です。今後も頑張って同人絵をいっぱい作りたいと思います。一緒に頑張りましょう！
1001537,ひたすらコミュニティに貢献している莜離と申します。2017年にミニワールドを始め、2019年にミニコミュニティを知りました。とある【募集イベント】の報酬がほしくて創作を始めただけですが、それが創作者としての旅の始まりでした。2021年5月から12月までの間、私は170個のスレを立て、沢山のpv、いいね及びコメントをいただきました。これからも慢心することなく、コミュニティに貢献し続けるために頑張ります！
1001538,冴えなく、くだらない話が好きで、友達を作るのが得意な阿染だよ！キャンディスタジオん管理者をやってます。私に一票を！絶対後悔しないから！
1001539,ハロー、錦柚です。シェアハウスのみんなから「柚子」と呼ばれてます（なぜかは分からないけど）。本を読むこと、音楽を聴くこと、手帳を作ることが好きです。シェアハウスに来たのは、正直言って好奇心と給料に釣られただけでした。シェアハウスで一生懸命に働いて、マップを紹介するスレを沢山立てました。それが故、マシュメロからシェアハウスの組長の職を与えられ、シェアハウスの管理者となって、新人の指導やグループの管理をし始めました。プレイヤーに多様性のあるマップを見せ、ミニコミュニティの繁栄を保つことが、我々の初心です。
1001540,皆さん、こんにちは！シェアハウスチャットグループ1管理者の一人です。明るい性格で、笑顔で人と接し、幸せを分かち合うのが好きです。趣味は幅広く、旅行、音楽鑑賞、絵画、そしてさまざまなスポーツを楽しんでいます。シェアハウスに入って早くも一年経ちましたが、新人だった私も組長になりました。この度の機会を得て本当に嬉しい限りです。これからの日々も、より質の高いマップシェアを書き、コミュニティの繁栄に少しでも貢献できるよう、努力を続けていくつもりです！
1001541,やぁ、ハンサムでチャーミングな猟狐だ。重度なゲーム好きで、サンドボックス系とアクションゲームが好きだ。ミニワールドプレイ歴4年、組織管理に優れ、責任とコミットメントを持って、真剣に仕事をする派。複数のミニ公式組織の管理職に任命され、イベント企画も沢山してきた。あらゆるプレイヤーの意見を真摯に受け止め、全てのプレイヤーの心に良いイメージを構築しようと頑張っている。私と共に夢の翼を広げ、一緒にミニの世界を探索しよう！
1001542,皆さんこんにちは、よくドタキャンする牛乳です。作品の発表はほぼ無定期（ ????`）私みたいな人でも入選できるなんて正直意外です。普段の趣味は猫と遊ぶこと、リズムゲームをやることと絵を描くことです。どちらかというと陰キャ寄りで、知り合いとしか話さないんだけど、頑張って克服したいです！
1001543,コミュニティスターの候補者になれて光栄です。ミニコミュニティのシェアハウスが成立したばかりの頃、私はシェアハウスに参加し、内容創作者になりました。その後、組長に任命され、運営チームと共に関連制度及びチュートリアルを作りました。豊富な内容及び多元的な文化が、このコミュニティで盛んになっています。ミニワールドから発する無限の創造力が好きで、これからもミニコミュニティのために貢献したいと思います。
1001544,どうも、柚子です！ミニコミュニティの攻略V認証をもらった者であり、普通のプレイヤーでもあります。普段は絵を描くことが好きです。「年度コミュニティスター」の候補者になれて本当に光栄です。次は新人からV認証までの道のりを皆さんに紹介しますか！2020年6月5日は、ミニワールドと初対面した日でした。何も知らなかった私は、友達に誘われてミニワールドを始めました。そして、ミニボックスというアプリをダウンロードした後、「V認証」の知識を初めて身につけました。こうして私は「V認証」を目指して、努力し始めました。投稿を繰り返した結果、いよいよ2020年末に「実習V」になり、そして2021年3月1日に「正式V」になりまた。で、今に辿り着いたわけです。私の「V認証」の道のりは以上でした。何か質問があれば遠慮なく言ってくださいね！今実習中の皆さん、一日も早く正式Vになれますように！そしてV認証がもらいたい皆さんも、その願いが叶えられますように！ファイト！
1001545,皆さん、こんにちは、ミニコミュニティ高級巡査兼記者兼攻略作者を務めている諾諾です。コミュニティで組長やブレーントラストもやってます！コミュニティに自分なりの貢献を死体と思っています。自分は責任感が強いけど時々だらけるから、みんなから色々なあだ名をつけられてます……趣味はお絵描きで、ずっと続けてきました。2018年1月にミニワールドを始め、同年6月にミニボックスを知りました。最初から語るとずいぶん長くなりますが、とりあえず、私を助けてくれた人々に感謝します！特にいつも私たちの面倒を見てくれる糖さん、ありがとう！
1001546,コミュニティ作者V認証をもらった者で、同時にコミュニティ記者もやっています。普段は文章を書くのが好きで、コミュニティで沢山の友達ち知り合えただけでなく、文章力を向上させ、開発者の裏話を沢山掘り出すこともできました。最も重要なのは、ミニワールドに関する最新情報にアクセスできることです。こうして喜びを分かち合う感覚が大好きで、これからも頑張りたいと思います！
1001547,私の本業はハンドメイド粘土を作ることで、普段からミニワールドのキャラクターも作っています。どの作品が一番好きだと聞かれたら、答えは「どっちも」です！2021年も、コミュニティのためにより質の高い作品を創作したいです！
1001548,どうも、花開&落雨です。この度候補者になってとても嬉しいですが、正直意外です。コミュニティの絵画V認証をもらったのは今年ですから。絵画は、進歩し続ける過程です。この一年間、コミュニティで数多くの素晴らしい絵師に出会いました。これからも皆さんと共に進歩しながら、コミュニティに少しでも貢献出来たらと思います。趣味は？当ててみて！
1001549,皆さんこんにちは、私は文学創作V認証をもらった雲琛です。V認証をもらってから一年半経ちましたが、コミュニティから沢山のことを学びました。皆さんと定期的に文学創作について交流したり、人生の喜びを分かち合ったりしていて、ここは愛に満ちたところだと思っています。私の作品には色々な不足がありますが、それを気に入ってくださる方々にこれからも楽しんでいただければと思います！頑張ります！
1001550,V認証をもらったばかりの新人で、Vになるまでの道のりはもちろんつらかったです。余暇の楽しみとして、ミニチュア攻略をやっています。現実世界のものを全てミニワールドの世界に「運ぶ」ことを楽しんでいます。私の作品を楽しんでいただけることを願っていますし、これからももっと素晴らしい作品を求め続けます！
1001551,年度人物
1001552,年度創作者コンテストは既に終了しました。もう一度開いて、最終的な順位を確認してください
1001553,クリックが速すぎます。@1秒後に交換してください
1001554,クリックが速すぎます。@1秒後に投票してください
1001555,イベントの読み取りに失敗しました。後でもう一度試してください
1001556,鎧甲勇士
1001557,アイスパーティー
1001600,予備
1006001,"レベルアップおめでとう
Lv.@1ヒートプレイヤー専属報酬を獲得しました"
1006002,残り@1日
1006003,Lv.@1ヒートプレイヤー
1006004,Lv.@1ヒートプレイヤー
1006005,"今月であと@1日ログインすると
翌月中旬にLv.@2ヒートプレイヤーになります"
1006006,Lv.@1ヒートプレイヤー専属報酬を獲得しました
1006007,達成しました
1006008,[@レベル1高エネルギープレイヤー]の要求に達し、@2日後にアップグレードできる
1006101,新規ユーザーを誘い、永久スキンをゲットしよう
1006102,招待数：[color=#EF8012]@1名[/color]
1006103,イベント期間：[color=#EF8012]@1-@2[/color]
1006104,新規プレイヤーが公開マップを1回遊んだ後（3分以上）、招待者は報酬を獲得できます
1006105,招待数@1人
1006106,あと@1人
1006201,獲得画面へ
1006301,#c060606 [ フレンドからのナデナデメッセージが届きました。最新バージョンまでアップデートして確認してください ]#n
1006302,%sが%sをなでた
1006303,私
1006304,隊長をなでることはできません
1010001,ボイチェンパラメータなし
1010002,ボイチェンパラメータエラー
1010003,ボイチェンエラー ret = @1
1010004,オリジナルボイス
1010005,エイジェントローラ
1010006,ニニ
1010007,キャプテントム
1010008,カカ
1010009,悪ガキ
1010010,お茶目シンディ
1010050,申し立てを提出しました。1-3日以内に審査が完了します
1010051,申し立て理由を10文字以上入力してください
1010052,審査ルールを確認
1100001,限定ボーナス
1100002,お勧め
1100003,ゲームスタート
1100004,新しい世界を作ろう
1100005,ロビー
1100006,マルチプレイ
1100007,ミニ工房
1100008,リソース
1100009,ミニショップ
1100010,ボーナス
1100011,会員
1100012,ジョイカード
1100013,果実
1100014,コミュニティー
1100015,マイガーデン
1100016,フレンド
1100017,フレンドがゲームをしている
1100018,新着メッセージ@1件
1100019,新規申請@1件
1100020,イベント
1100021,無料スキン
1100022,無料セット
1100023,日前にプレイしたもの
1100024,時間前にプレイしたもの
1100025,分前にプレイしたもの
1100026,プレイしたばかりもの
1100027,操作完了、ご意見ありがとうございます。このようなコンテンツのお勧めを減らします
1100028,操作完了、ご意見ありがとうございます
1100029,機能はオフにしました
1100030,フレンドを追加して一緒に遊ぼう
1110001,親愛なる冒険者様：
1110002,冒険開始
1110003,ミニワールドの新バージョンへようこそ！早速探索を始めましょう！
1110004,ここには世界を創造するツールがあります。ここであなたの創造力を思う存分に発揮しましょう！
1110005,今すぐプレイしたい？あなたの好きなゲームがいっぱい！早速試してみましょう
1110006,創造者たちの拠点！0から1までのチュートリアル！数えきれないほどのリソース！
1110007,スキン、ガチャカケラ、ギフトパック……何もかもがここにあります！更に限定特典も！
1110008,新しい情報！公式のお知らせ、バージョン情報、無料プレゼント、フレンドのモーメンツ……見たいものは全部ここにあります！
1110009,[マイガーデン]機能の入口はここに移動されました！間違ってはいけませんよ！
1110010,スキップ
1110100,あなたの誕生日は[color=#ffed21]@1月@2日[/color]、パーティーはまだ始まっていませんよ。
1110101,誕生日まであと：
1110102,日
1110103,誕生日を記入すると誕生日パーティーに参加できます！参加すると永久四季スキンがもらえます！特別な誕生日プレゼントだけでなく、フレンドと共に祝うこともできます。時間が経つと共に、誕生日プレゼントも多くなるそうですよ！早速参加しましょう！正しい誕生日を記入してくださいね！何故なら、みんなへの誕生日プレゼントは異なっていますから。
1110104,ミニワールドで誕生パーティーに参加しています。一緒に参加しませんか？
1110105,誕生日を祝い、ケーキを食べて、限定スキンをゲットし、仲間たちと共に楽しい時間を過ごしましょう！
1110106,『ミニワールド』誕生日パーティー開始！誕生日限定のアイコン枠&スキンが無料配布！
1110107,『ミニワールド』誕生日パーティー開始！誕生日限定のアイコン枠&スキンが無料配布！
1110108,リマインダーをオンにすることができるのはスマートフォンユーザーだけですよ。
1110109,操作が頻繁すぎますので、後でもう一度試してください
1110110,カレンダー権限はオフにしましたので、通知できません。カレンダー権限をオンにしますか？
1110500,特権
1112000,パスワード管理
1112001,セキュリティ認証
1112002,パスワードを変更する前に、連携中の携帯番号/メールアドレスでセキュリティ認証を行ってください
1112003,%s認証
1112004,連携中の%sでパスワードを変更しています
1112005,%sの認証コードを入力してください
1112006,メールアドレス認証コードを入力
1112007,認証できない？試す
1112008,アカウントの申し立て
1112009,@1：@2のパスワードを設定してください
1112010,ミニID：%sの安全問題を設定してください。安全問題もパスワードもゲームログインの時に使用できます
1112011,TIPS：
1112012,1、ミニIDとパスワードを使って、他のデバイスでログインすることができます（フレンド、貨幣/アイテムは保留されます。セーブデータは共有された後に保留できます）
1112013,パスワードは@1-@2桁にしてください
1112014,@1桁以下のパスワードは使用できません
1112015,@1-@2桁、アルファベット・数字・記号の中の2種類以上を含める
1112016,答えを入力してください（@1桁以上）
1112017,安全問題の答え
1112018,パスワードをもう一度入力してください
1112019,安全問題を設定
1112020,このアカウントは携帯番号と連携していないので、先に連携してください
1112021,このアカウントはメールアドレスと連携していないので、先に連携してください
1112022,取得方法を選択してください
1112023,%sで取り戻す
1112024,取り戻すアカウントと連携した%sを入力してください
1112025,アカウントの安全及びパスワードの変更やアカウントを取り戻すため、携帯やメールアドレスをできるだけ早く連携することをお勧めします
1112026,ミニID削除
1112027,削除後、ミニIDはログインできなくなり、アカウント及び個人データ（全ての道具、通貨、公開されたマップ、リソースなど内容）は消えます
1112028,削除する前に、アカウントとプロパティのセキュリティを確保するために、次の検証を実行します：
1112029,[color=#76b04a]『ミニID削除規約』[/color]をよく読んでから操作を行ってください
1112030,他のログイン方法
1112031,答えを入力してください
1112032,パスワードには少なくとも文字・数字・記号の中の2種類以上を含める必要があります
1112033,問題を入力してください
1112034,アカウントの安全を保証するために、パスワードを変更する前に携帯番号またはメールアドレスと連携することをお勧めです
1112035,今すぐ連携
1112036,今はしない
1112037,%s連携
1112038,%s連携変更
1112039,既に携帯番号と連携しています
1112040,既にメールアドレスと連携しています
1112041,パスワードには少なくとも文字・数字・記号の中の2種類以上を含める必要があります
1112042,%s連携を解除するには、連携中の%sを認証する必要があります。認証コードを入力すれば連携を解除できます。その後、新しい%sと連携することができます
1112043,%s連携を解除するには、連携中の%sを認証する必要があります。認証コードを入力すれば連携を解除できます
1112044,%s連携解除
1112045,連携したい%sを入力してください
1112046,連携を変更したい%sを入力してください
1112047,パスワードは連続的な数字にすることができません
1112048,ミニIDを入力してください
1112049,%sで取り戻しました
1112050,%sと連携しました
1112051,%s連携の変更に成功しました
1112052,パスワードリセット
1112053,@1：@2を取り戻しました。アカウントの安全を確保するために、新しいパスワードを設定してください。
1112054,パスワード：
1112055,質問：
1112056,回答：
1112057,あなたのミニIDは紛失・バンのリスクがありません
1112058,あなたのミニIDにおける貨幣の残高は0になりました
1112059,アカウントにセキュリティリスクがあります
1112060,このミニIDは15日以内にパスワード変更などの操作をしたため、安全性をもう一度確認してください
1112061,開発者関連の残高は未決済
1112062,開発者創作サービスプラットフォームで残高を決済してから、ミニIDの削除を行ってください
1112063,デバイス管理
1112064,ログインデバイス管理：
1112065,オンにすると、このミニIDでログインしたデバイスの情報を確認できます
1112066,最近のログインデバイス：
1112067,本デバイス
1112068,このミニIDは携帯番号と連携していないので、先に連携してください。連携した後、%sでデバイス管理にログインできます。
1112069,"ログインデバイス管理をオフにしますか？
              オフにすると、ログインしたデバイスは表示されなくなります"
1112070,ミニID取り戻し
1112071,新しいミニIDを登録
1112072,登録する
1112073,TIPS：アカウント情報のセキュリティを確保するために、アカウント&パスワードを大切に保管してください。
1112074,ミニIDの登録に成功しました！下記のミニIDとパスワードを保存してください（紙でメモしたり、スクリンショットでアルバムに保存したりしてください）。
1112075,パスワード：
1112076,他のミニIDでログイン
1112077,安全問題でログイン
1112078,ミニID削除
1112079,削除後、ミニIDはログインできなくなり、アカウント及び個人データ（全ての道具、通貨、公開されたマップ、リソースなど内容）は消えます
1112080,削除する前に、アカウントとプロパティのセキュリティを確保するために、次の検証を実行します：
1112081,[color=#76b04a]『ミニID削除規約』[/color]をよく読んでから操作を行ってください
1112082,アカウント情報認証に失敗しました。アカウントの安全のために、もう一度パスワードを入力し、ログインしてください
1112083,保存する
1112084,%s入口未開放
1112085,アカウント認証を完成してください：
1112086,他のアカウントでログイン
1112087,安全問題
1112088,アカウントを入力してください
1112089,安全問題を選んでください
1112090,答えを入力してください
1112091,@1は@2-@3桁
1112092,@1は@2桁以下
1112093,@1は@2を含む
1112094,数字
1112095,アルファベット
1112096,@1-@2桁のアカウントを入力してください。アルファベットを入れる必要があります
1112097,@1-@2桁のパスワードを入力してください。数字とアルファベットを入れる必要があります
1112098,パスワードを再び入力してください
1112099,@1には特殊記号を含めることはできません
1112100,@1にはイリーガルなテキストを含めることはできません
1112101,既にアカウントを持っている方はログイン画面へ
1112102,新規アカウント作成完了、アカウントとパスワードでログインしてください
1112103,@1を入力してください
1112104,ログイン中@1：
1112105,アカウントの安全性を高めるために、アカウント情報を補完してください
1112106,アカウント連携
1112107,アカウントの安全性を高めるために、アカウント情報を補完してください
1112108,携帯番号認証
1112109,メールアドレス認証
1112110,安全ログイン認証
1112111,新しいデバイスでログインする時、セキュリティ認証が必要
1112112,アカウントリストを削除すると復元できなくなりますが、よろしいですか？
1112113,パスワードを設定すると、他のデバイスでログインできます（フレンド、貨幣/アイテムは保留されます）。アカウントやパスワードの情報漏えいにご注意ください。
1112114,アカウントリカバリー
1112115,@1でアカウントをリカバリーしました。アカウントを選んで新しいパスワードを設定してください
1112116,APPLE
1112117,@1アカウント@2と連携中のミニID@3がログインしました
1112118,@1アカウント@2でミニIDを作成しました
1112119,ログイン情報が期限切れになりましたので、再ログインしてください
1112120,@1退出できません
1112121,ミニID@1は削除されました。新しいアカウントを作成しましょう
1112122,ミニID@1はバンされました。異議申し立てで詳細状況を確認することができます
1112123,他のアカウントでログイン
1112124,アカウント入力
1112125,アカウント作成
1112126,アカウント：[color=#76B04A]@1[/color]
1112127,パスワード：[color=#76B04A]@1[/color]
1112128,ストレージ権限要求：ローカルアカウント情報及びマップのセーブデータリソースの取得にストレージ権限が必要です。拒否した場合、アカウント履歴やセーブデータを読み取ることができなくなります。
1112129,ログイン中の@1@2を変更したい場合、セーブデータファイルを変更する必要があります。再起動をクリックして変更できます
1112130,カタログ変更
1112131,注意：変更後、クライアントを再起動する必要があります
1112132,カタログ@1：@2
1112133,使用中
1112134,今日に使用
1112135,@1@2前に使用
1112136,あなたはセーブデータのカタログ@1 を選びました。ゲームを再起動してデータを更新する必要があります
1112137,このアカウントは他のカタログでセーブデータが存在し、今使用中のカタログは@1です。表示されていないセーブデータがある場合、
1112138,ゲームを再起動してみてください
1112139,使用中のカタログは変更できません！
1112140,全てのセーブデータを取得したい場合、システム設定-権限でミニワールドのストレージ権限を許可してください。
1112141,セキュリティ検証のために認証コードを入力してください
1112142,別のものに変える
1112499,-1112499
1112500,1112500
1112501,アカウント：
1112502,デスクトップ
1112503,@1を@2に保存しました。アカウントの安全性に気を付けてください！
1112504,APPLEでログイン
1112505,アカウント名
1112506,コンフィグ検査中
1112507,ワールドブロックロード中
1112508,接続が切れました。ネットワークをチェックするか、他のネットワークに変更してからロードを始めてください！
1112509,接続が不安定です。ネットワークをチェックするか、他のネットワークに変更してからロードを始めてください！
1112510,リロード
1112511,携帯電話にログインすると、年に1回@を変更できます。携帯電話を変更する前に、元の携帯電話を確認する必要があります。確認コードを入力して身元を確認してください：
1112512,バインドに失敗しました。この携帯電話番号は他のアカウントにバインドされています。バインドされているのがあなたのアカウントでない場合は、アカウントの回復またはアカウントの申し立て機能を使用して処理でき。
1112513,バインドが成功し、現在のアカウント認証携帯電話は@1で、その後、この携帯電話を使用してアカウント認証と回復を行い。
1112514,バインドが成功しました。現在のアカウントで携帯電話にログインすると@1になります。アカウントのセキュリティのため、再度ログインしてください。
1112515,親愛なる冒険家、あなたのログイン携帯電話の交換回数が切れました。現在ログイン携帯電話が使用できなくなった場合は、カスタマーサービスに連絡してアカウントの申し立てをしてください。
1112800,1112800-1112899
1112801,DUTY異常
1112802,イリーガルなデータフォーム
1112803,イリーガルなサイン
1112804,必須パラメータが見つかりません
1112805,イリーガルなパラメータ
1112806,パラメータエラー
1112807,ログイン失敗。アカウント及びパスワードを確認してください
1112808,システム混雑中、後でもう一度試してください
1112809,このアカウントはバンされました
1112810,アカウントは既に存在しています
1112811,アカウントは存在しません
1112812,無効な認証コード
1112813,このアカウントは既に携帯番号と連携中です。先に連携を解除してください！
1112814,このアカウントは既にメールアドレスと連携中です。先に連携を解除してください！
1112815,携帯番号アカウントは携帯番号との連携を解除することができません
1112816,メールアドレスアカウントはアカウントは携帯番号との連携を解除することができませんとの連携を解除することができません
1112817,認証コード送信失敗
1112818,この携帯番号は既に他のアカウントと連携中です
1112819,このメールアドレス既に他のメールアドレスと連携中です
1112820,この携帯番号はアカウントと連携していません
1112821,このメールアドレスはアカウントと連携していません
1112822,このアカウントは携帯番号と連携していません
1112823,このアカウントはメールアドレスと連携していません
1112824,アカウント/パスワードが間違っています
1112825,携帯番号/認証コードが間違っています
1112826,パスワードが条件を満たしていません
1112827,アカウントの長さが条件を満たしていません
1112828,アカウントが条件を満たしていません。
1112829,携帯電話の国番号を入力してください
1112830,メールアドレス/認証コードが間違っています
1112831,無効なチャネル番号です
1112832,第三者チャネルログイン失敗
1112833,パスワードはまだ設定されていません。パスワードリセット機能でパスワードを設定してください！
1112834,連携失敗、この第三者アカウントは既に連携中です！
1112835,認証コード送信数が上限に達しました
1112836,このアカウントはクイック登録ではありません
1112837,この携帯番号は既に連携中です
1112838,このメールアドレスは既に連携中です
1112839,このIPによる新規登録数は上限に達しました
1112840,このデバイスによる新規登録数は上限に達しました
1112841,この携帯番号は他のアカウントにバインドされています
1112842,携帯電話にログインして、毎年交換できるバインディング回数が使い果たされました。
1112900,申請リスト
1112901,フレンドを探す
1112902,追加したいミニIDまたはニックネームを入力
1112903,スキャンで追加
1112904,あなたと関わる者：
1112905,フレンド申請が %s 件あります
1112906,ホームページを見る
1112907,フォロワーを削除
1112908,フォロー/フォロワー
1112909,相互フォロー
1112910,フォローバック
1112911,フォロワー%sを削除しますか？削除したらフォローされなくなり、通知も届かなくなります。
1112912,%sのフォローを終了しますか？
1112913,フォローを終了
1112914,本日訪問
1112915,%s日前訪問
1112916,%s月前訪問
1112917,%s年前訪問
1112918,ソロプレー中
1112919,マルチプレイ中
1112920,%sマップで
1112921,現在おすすめがない
1112922,別のキーワードで試してみる
1112923,検索しているフレンドが見つかりません。下のボタンをクリックしてフレンドを追加してください。
1112924,%sを追って%sマップに入り、一緒にプレイしたいですか？
1112925,グループリクエストが %s 件あります
1112926,フレンド/グループリクエストが %s 件あります
1112927,フレンド数が上限に達しています
1112928,相手のフレンド数が上限に達しています
1112929,フレンド申請
1112930,フレンド申請ポップアップ
1112931,申請を完全削除
1112932,*7日以内のフレンド申請のみが保留されます
1112933,フレンド申請が多すぎる場合、通知をオフにすることができます
1112934,<<設定画面へ
1112935,フレンド申請回数が上限に達しました。%s後に再試行してください
1112936,時間
1112937,日
1112938,週
1112939,月
1112940,相手は追従を拒否しています
1112941,フレンド申請を許可
1112942,相手は全てのフレンド申請を拒否しています
1113000,
1113001,私は[color=#76b04a]<html><a href='1'>『ゲーム許可及びサービス規約』</a></html>[color]、[color=#76b04a]<html><a href='2'>『プライバシーポリシー』</a></html>[color]、[color=#76b04a]<html><a href='3'>『プライバシーポリシー摘要』</a></html>[color]、[color=#76b04a]<html><a href='4'>『未成年者プライバシーポリシー』</a></html>[color]を読み、同意しました
1113002,私は #L#cfa7a0f『ゲーム許可及びサービス規約』@@1#n、#L#cfa7a0f『プライバシーポリシー』@@2#n、#L#cfa7a0f『プライバシーポリシー摘要』@@3#n、#L#cfa7a0f『未成年者プライバシーポリシー』@@4#nを読み、同意しました
1113003,『ゲーム許可及びサービス規約』
1113004,『プライバシーポリ
1113005,シー』
1113006,『未成年者プライバシーポリシー』
1113007,私は[color=#76b04a]<html><a href='0'>《%s》</a></html>[color]、[color=#76b04a]<html><a href='1'>『ゲーム許可及びサービス規約』</a></html>[color]、[color=#76b04a]<html><a href='2'>『プライバシーポリシー』</a></html>[color]、[color=#76b04a]<html><a href='3'>『プライバシーポリシー摘要』</a></html>[color]、[color=#76b04a]<html><a href='4'>『未成年者プライバシーポリシー』</a></html>[color]を読み、同意しました
1119999,
6660001,クリエイターセンター
6660002,クリエイターセンターについて
6660003,クリエイターセンターがいよいよリリースされました！クリエイターセンターは、今後の創作におけるあらゆる面であなたをサポートしますので、お楽しみに！
6660004,作品管理
6660005,あなたはまだ作品を持っていません。創作してみましょう
6660006,異常なマップがありません
6660201,認証創作者になる
6660202,限定の初心者ギフトパックを受け取る
6660203,初心者ミッションを完成する
6660204,認証創作者になる
6660205,報酬受領
6660206,まだ受け取っていない報酬があります
6660207,創作者になって@1日経ちました
6660208,創作者Lv.
6660209,認証へ
6660210,私の初心者ミッション
6660211,今日の成長ミッション
6660212,デイリーミッション
6660213,週間ミッション
6660214,一回ミッション
6660215,活躍度
6660216,創想値
6660217,レベル権益
6660218,まだ認証されていません。初心者ミッションを完成し、認証をもらいましょう！
6660219,ミッション進捗
6660220,先週と比べて
6660221,活躍度報酬
6660222,今週の活躍度：
6660223,初心者への説明
6660224,創作者への説明
6660225,創作者レベルについて
6660226,初心者ギフトパックについて
6660227,ミッションを完成しました
6660228,報酬は倉庫まで配布されました
6660229,了解
6660230,レベル権益
6660231,創作権益
6660232,レベルアップ報酬
6660233,活躍度報酬
6660234,レベル権益
6660235,創作権益
6660236,レベルアップ報酬
6660237,活躍度報酬
6660238,あなたは目標を完成しました
6660239,報酬は倉庫まで配布されました
6660240,"Q：創作者レベルとは？
A：創作者レベルとは、ミニワールド創作者の能力の証です。レベルが高いほど、創作者の創作力も高いということを示しています。我々も創作者レベルに基づいて権益を配布します。例えばセーブデータ位置、高級創作ツールの使用権など。
創作者レベルは創想値によって決められます。"
6660241,"Q：創想値とは？創想値と創作者レベルを上げる方法は？
A：創想値とは、複数の視点から創作者の創作力を総合的に評価する数値システムです。
自分の創想値を上げたい場合は、ハイクオリティなマップを創作し、自分の作品に関するデータ（例えばマップ作品の質、マップ作品の人気度など）を高めることに専念しましょう。ミニワールド運営チームは創作者の最近のパフォーマンス及び創作データに基づいて、週毎に審査を行います。優秀な作品はそれなりの創想値を獲得できます。"
6660242,"Q：創作者ミッションとは？
A：創作者ミッションを完成すること、ゲーム行為をすることで創想値が発生します。また、一部の創作者ミッションを完成すると直接に創想値と活躍度を獲得できます。活躍度が一定数に達したら、週間活躍ギフトパックを獲得できます。"
6660243,完成済み
6660244,Q：初心者ミッションとは？\nA：初心者ミッションはミニワールド創作に関する基礎的な内容を含めています。全ての初心者ミッションを完成したら、公式認証の創作者になることができます。報酬はもちろん、数多くの創作権益をアンロックすることもできます。
6660245,他の2つのミッションを完成するとアンロックできます
6660246,公式創作者になりました
6660247,初心者ギフトパックはあなたの倉庫まで届きました
6660248,初級活躍ギフトパック
6660249,高級活躍ギフトパック
6660250,一定の確率でスキン破片とミニビーンを獲得できます！
6660397,ゲーム時間
6660398,コメント数
6660399,作品データ
6660400,市場
6660401,リソース検索
6660402,統計周期
6660403,データ確認
6660404,開発者学院
6660405,ヘルプ
6660406,データ一覧
6660407,作品データ
6660408,【創作者サービスセンター】で開発者認証をもらい、データをアンロックしましょう！
6660409,"作品閲覧回数：マップ詳細ページ（工房またはホールで）プレイヤーに閲覧された合計回数
作品ダウンロード回数：マップ作品がプレイヤーにダウンロードされた合計回数
ゲーム回数：マップ作品がプレイヤーにプレイされた合計回数
ゲーム時間（分）：マップ作品がプレイヤーにプレイされた合計時間
一人当たりのゲーム時間（分）：マップ作品が一人のプレイヤーにプレイされた平均時間
プレイした人数：マップ作品をプレイしたプレイヤーの合計人数
コメント数：コメントの数
お気に入り数：お気に入りの数
ブロック投げ数：獲得したブロック投げの数
いいね数：獲得したいいねの数
広告収入：プレイヤーが作品内の広告を見ることで発生した収益
広告視聴数：マップ作品内の広告の視聴回数
貢献ポイント：プレイヤーがミニコインを消費し、あなたの作品またはアイテムを購入する時に獲得できる
ミニポイント：プレイヤーがミニポイントを消費し、あなたの作品またはアイテムを購入する時に獲得できる
ミニビーン：プレイヤーがミニビーンを消費し、あなたの作品またはアイテムを購入する時に獲得できる
特別説明：スタジオメンバーになった後、スタジオに所属しているマップの収入データは表示されません"
6660410,新着メッセージ無し
6660411,最新の作品データ
6660412,あなたは作品をアップロードしていません。早速アップロードしましょう！
6660413,アップロード
6660414,ゲーム回数
6660415,ゲーム時間
6660416,一人当たりのゲーム時間
6660417,最新コメント
6660418,まだコメントがありませんよ
6660419,最新コメントページ
6660420,作品数
6660421,プレイされた回数
6660422,いいね：
6660423,お気に入り：
6660424,コメント：
6660425,ブロック投げ：
6660426,編集順
6660427,作成順
6660428,古い順
6660429,一番人気
6660430,マップ編集
6660431,編集済み
6660432,受領済み
6660433,ロック中
6660434,【創作者サービスセンター】で創作者認証をもらい、データをアンロックしましょう！
6660435,初心者ミッション
6660436,"新しいマップを作成し、あなたの
創作を始めましょう"
6660437,"「創作開始」をクリックして、あなたの
創作を始めましょう"
6660438,創作メッセージ
6660439,創作者コミュニティー
6660440,創作者サービスセンター
6660441,新規マップ作成
6660442,バックアップ/復元
6660443,マップの取り下げ
6660444,このマップは削除されました
6660445,メッセージは削除され、または検索できなくなりました
6660446,いいね
6660447,先週のファン交流ランキング
6660448,"1、このランキングではトップ3しか表示されません
2、活躍ファンランキングは、マップに対するコメント・ブロック投げ・いいねなどの行為に基づいて算出されます"
6660449,合計プレイ時間ランキング
6660450,合計プレイ回数ランキング
6660451,活躍ファンランキング
6660452,データなし
6660453,インスピレーション
6660454,人気タグ
6660455,創作へ
6660456,最近の事件
6660457,最近のイベント
6660458,関連URL
6660459,@1月@2日
6660460,イベント終了
6660461,投稿締切
6660462,イベント開始
6660463,二度と表示しない
6660464,公式情報
6660465,全て確認
6660466,創作者ルール
6660467,作品
6660468,プレイ回数
6660469,創作攻略
6660470,創作者になろう！
6660471,マップをリリースし、創作者になろう
6660472,見習い創作者
6660473,作品プレイ回数が100回に達し、またはテストをパスすることで昇進できます。
6660474,テストへ
6660475,創作者
6660476,マイルストーン
6660477,私のマイルストーン
6660478,合計プレイ回数
6660479,認証をもらう
6660480,マイルストーン確認
6660481,創作管理が更新されました！ [color=#0A7FEF]ゲームスタート-マップリリース[/color] で作品を管理してください
6660482,おめでとう！あなたはマップをリリースし、創作者の道を歩み始めました！今のあなたは既に見習い創作者です！【クリエイターセンター】で創作の方法を学び、ミニワールド創作者の楽しさを体験できます。ミニワールドで創造力を発揮しましょう！
6660483,マップをリリースして創作者になろう
7000001,ミニワールド専属通信データパックを購入し、ミニコイン×150を受け取る
7000002,購入
7001000,このマップはダウンロードできません
8000001,ルーム
8000002,フレンド
8000003,ショートカット
8000004,送信
8000005,ここをクリックしてチャット
8000006,フレンドリスト
8000007,取り消す
8000008,完了
8000009,私の手持ちキャラクターを見て
8000010,獲得したばかりの武器スキン@1を見て
8000011,獲得したばかりのマウントを見て
8000012,獲得したばかりのカスタマイズイメージを見て
8000013,見て、メダル@1をアンロックしたよ！
8000014,獲得したばかりのスキンを見て
8000015,@1人がダウンロードしたマップ「@2」って、知ってますか？
8000016,@1があなたを@2ルームに招待しました
8000017,@1があなたをチームに招待しました
8000018,@1がプレイしたばかりのマップをあなたに共有しました
8000019,確認
8000020,その他
8000021,入る
8000022,ルームに入る
8000023,チームに参加
8000024,マップをダウンロード
8000025,クリックするとドラッグできます
8000026,クリックしてチャットボックスを開ける
8000027,新着メッセージ@1件
8000028,録音中 @1s
8000029,今のモードではできません
8000030,録音時間が短すぎます
8000031,識別中
8000032,マイクの使用が許可されていません。スマートフォンの設定画面で許可してください
8000033,音声内容が識別されていません
8000034,ネットワークを確認してから再試行してください
9000001,@1チーム勝利
9000002,シェア
9000003,観戦
9000004,もうひと勝負
9000005,参加
9000006,ルーム@1
9000007,[color=#fa7a0f]プレイヤー名[/color]
9000008,[color=#fa7a0f]スコア[/color]
9000009,@1、@2があなたにいいねを押しました
9000010,ホストからもうひと勝負を誘われています
9000011,億
9000012,ゲームタイプを選んでから提出してください
9000013,このマップが好きなら、フォロー・いいね・お気に入り・シェアなどの行為で作者を応援しましょう！
9000014,セーブデータ録画
9000015,現在のマップのみで有効
9000016,"アップロード&マップから退出

#cfa7a0f（ポルノ、政治的、暴力的、その他違法なコンテンツを作成し、共有することは固く禁じられており、違反者のアカウントは即時にバンされ、法的責任を負うことになります）#n"
9000017,"マップをアップロードするとルームが閉鎖され、全てのプレイヤーもルームから退出します

#cfa7a0f（ポルノ、政治的、暴力的、その他違法なコンテンツを作成し、共有することは固く禁じられており、違反者のアカウントは即時にバンされ、法的責任を負うことになります）#n"
9100000,全てのプレイヤーの称号を非表示
9100001,フレンドの称号のみを表示
9100002,全てのプレイヤーの称号を表示
9100003,称号編集
9100004,すべて
9100005,限定
9100006,イベント
9100007,ノーマル
9100008,称号説明
9100009,獲得方法
9100010,使用
9100011,外す
9100012,アンロックする
9100013,未獲得
9100014,称号表示権限
9100015,称号
9100016,称号なし
9100017,個人センター-設定-称号で着用などの操作を行ってください
9100200,フレンドの称号のみを表示
9200000,デイリーミッション
9200001,毎日0時にリセット
9200002,既に@1個のミッションを完成し、@2の経験値を獲得しました
9200003,経験値一括受領
9200004,おすすめのミッション：
9200005,報酬：経験値×@1
9200006,今週のミッションは全て完了しました
9200007,Lv.@1
9200008,Lv.@1以上
9200009,初心者
9200010,見習い
9200011,初級
9200012,中級
9200013,上級
9200014,栄誉
9200015,王家
9200016,冒険者
9200017,@1分
9200018,Lv.
9200019,新人冒険者
9200020,見習冒険者
9200021,初級冒険者
9200022,中級冒険者
9200023,高級冒険者
9200024,栄誉冒険者
9200025,王家冒険者
9200026,レベルアップ
9200027,あと[color=#0AAA1A]@1レベル[/color]で次の序列になります。【ジョイカード】でレベルアップしましょう！
9200099,予備
9200100,テキストには使用できない単語が含まれています。よく確認してから再試行してください
9200101,関連する結果は見つかりませんでした
9200102,IP属地：@1
9200103,IP属地はインターネットサービス会社の情報に準じます。質問がございましたら、カスタマサービスにご連絡ください
9200104,@1にリリース
9200105,[color=#FFFFFF]フレンド[/color][color=#FF6D25]@1[/color][color=#FFFFFF]がプレイ中[/color]
9200106,[color=#FF6D25]@1[/color][color=#FFFFFF]フレンドがプレイ中[/color]
9200107,[color=#FF6D25]@1[/color][color=#FFFFFF]などのフレンドがプレイ中[/color]
9200198,毎週、獲得できる経験値は3600で、追加値は先週獲得しなかった経験値です
9200199,（繰入経験値@1を含む）
9200200,冒険者様！今週のミッションはまだ開始していません。#cFFEB98@1週目#nのミッションはまだ進行中ですので、先ずはこれらのミッションを完成しましょう！
9200201,毎週サインイン
9200202,サインイン完了
9200203,終了しました
9200204,未開放
9200205,今週のミッション経験値：#cFFEB98@1#n/@2
9200206,#cFFEB98@1#n回完成しました
9200207,（上限は@1回）
9200208,このミッションを更新しますか？
9200209,（毎週@1回更新できます）
9200210,今週で[color=#0AAA1A]@1[/color]/@2回
9200211,今週の更新回数は上限に達しました
9200212,未達成
9200213,他のミッションを確認
9200214,報酬を受け取る
9200215,合計で[color=#FFEA39]@1[/color]経験値を獲得しました！
9200216,今週のミッション経験値は上限に達しました
9200217,予備
9200218,フレンド申請
9200219,チーム参加の招待が届きました！
9200220,招待したいチーム：#cFA7A0F@1#n
9200221,フレンド登録の申請が届きました
9200222,#c01c210@1#n/@2
9200223,招待状：#cFA7A0F@1のガーデンへ#n
9200224,現在ガーデンにいますが、新しいルームに入ることを確認していますか?
9200225,現在ガーデンにいますが、フレンドのガーデンに入ることを確認していますか?
9200226,現在ゲーム中で、フレンドのガーデンに入ることを確認していますか?
9200301,先にミッションを完成し、キーを獲得する必要があります
9200302,キーを獲得しました。クリックしてカスタマイズスキンをゲットしましょう！
9200303,ハッピーギフトパック×1
9200304,ミニビーン×1袋
9200305,目標達成したらカスタマイズスキンを獲得できます
9200399,予備
9200400,この機能を使うには、位置情報を取得する必要があります。オンにすると、周囲のプレイヤーを確認できます。同時にあなたも周囲のプレイヤーのリストに出現します。オンにすると、周囲のプレイヤーにフレンド申請を送ることができ、公開されたマルチルームに入ることもできます。位置情報権限が閉じられた場合、スマートフォンの【設定】で有効にすることができます。
9200401,同意
9200402,スキャン中…
9200403,位置情報オン
9200404,近くの人からのフレンド申請を許可
9200405,近くには@1名のミニプレイヤーがいます
9200406,リフレッシュ
9200407,@1m
9200408,@1km
9200409,マップ名
9200410,プレイヤー名称
9200411,プレイ中：@1
9200412,申し訳ございません。相手は近くの人機能をオフにしています
9200413,申し訳ございません。近くの人を検索できませんでした。5分後に再試行してください。
9200414,"1、近くの人機能をオンにしたら、近くにいるミニプレイヤーを確認できます。

2、近くの人をフレンドリストに登録したい場合、 アイコン枠の上の【フレンド登録】ボタンをクリックすれば、フレンド申請は自動的に送られます。

3、近くの人がマルチマップをプレイしている場合、相手のルーム情報を確認することができます。【追従】をクリックすると、相手と一緒にプレイできます。

3、近くの人のアイコンをクリックすると、相手の【個人センター】に入ることができます。

4、【リフレッシュ】をクリックすると、近くに多くのミニプレイヤーがいる場合、新しいミニプレイヤーが表示されます。

5、【近くの人からのフレンド申請を許可】をオフにすると、相手は【近くの人】ページでフレンド申請を送ることができなくなります。ただし、【個人センター】に入った場合はフレンド申請を送ることができます。

6、近くの人機能をオフにしたい場合、デバイスの【設定】画面で【位置情報サービス】をオフにしてください。"
9310001,メッセージ通知なし
9310002,システムメッセージ
9310003,交信メッセージ
9310004,メッセージプッシュをオフにすると、当該メッセージはメッセージプッシュを受信しなくなります。サイレンスモードをオンにすると、当該メッセージに赤ピンが表示されなくなります。
9310005,《縮小
9310006,》拡大
9310007,》確認
9310008,私のマップにコメントしました
9310009,私のコメントに返信しました
9310010,私のコメントを「いいね」しました
9310011,私のマップを「いいね」しました
9310012,他計[color=#FF6D25] %s[/color]名
9310013,作者は私のコメントを一番上に表示しました
9310014,私に言及した
9310015,タイトル：
9310016,内容：
9310017,アイテムリストは空白です
9310018,{%s}の既読メッセージを全て削除しますか？削除すると元に戻せなくなります。
9310019,閉じた後、【二級カタログ】メッセージ通知が受信されなくなり。メッセージ通知の受信を閉じますか？
9310020,本当に削除しますか？削除すると元に戻れなくなります。確認したら、当該メッセージは削除されます。
9310021,@1個の@2を送ってくれました
9311000,一番上機能の数が上限に達しました
9311001,一番上に表示しました
9311002,先頭表示解除完了
9311003,既に一番上に表示しています
9311004,備考変更
9311005,ニックネーム：@1
9311006,クリックして備考を入力（7文字まで）
9311007,備考を変更しました
9311008,備考変更に失敗しました
9311009,備考を取り消しました
9311010,備考の取り消しに失敗しました
9311011,備考を入力してください
9312000,ベストパートナー
9312001,ベストパートナー表示
9312002,個人センターでベストパートナー表示/非表示
9312003,完成
9312004,管理
9312005,%sとの「%s」関係を解除しますか#r1、当該フレンドとの共通権益は消えます#r2、当該フレンドとの親友履歴も削除されます#r3、関係解除のメッセージはメッセージセンター経由で相手に届きます
9312006,関係解除に失敗しました
9312007,関係を解除しました
9312008,管理できるベストパートナーがいません
9312009,%sとパートナーになる
9312010,あと%s個のパートナータイプを作成できる
9312011,パートナー追加（%s/%s）
9312012,パートナータイプを選んでください
9312013,申請に失敗しました
9312014,申請を出しました
9312015,友好値：%s/%s
9312016,未達成
9312017,申請済み
9312018,追加
9312019,申請を出しました。相手の処理を待ってください
9312020,相手との友好値が足りません
9312021,Lv.1報酬：フレンドリスト、フレンド情報カードで特殊な[color=#FF6D25]【関係アイコン+値】[/color]が表示されます
9312022,Lv.2報酬：フレンドがルームに入った時に[color=#FF6D25]通知[/color]が表示され、ショップ-通知ページで設定できます
9312023,Lv.3報酬：個人センターで当該フレンドと[color=#FF6D25]一緒に立つ[/color]ようになります
9312024,"一、友好値獲得#L2#1、毎日獲得できる友好値には20点という上限があります。
2、フレンドと一緒にゲームする時、双方は3分毎に1点の友好値を獲得し、1日あたりの上限は10点。
3、フレンドとプライベートチャットする時、メッセージの数が2つに達すると、双方は1点の友好値を獲得し（双方がメッセージを送信する必要があり、招待・共有は計算されない）、1日あたりの上限は2点。
4、マップを1回共有する度に、双方は1点の友好値を獲得し、1日あたりの上限は2点。
5、フレンドに無料の花を1回贈る度に、双方は2点の友好値を獲得し、1日あたりの上限は6点。
6、ショップアイテムを贈ることで友好値を獲得できます。アイテムの価値に基づき、20ミニコイン毎に1点の友好値を獲得し、1日あたりの上限は10点。#L1#二、ベストパートナー#L2#1、友好値が100点に達したら、パートナー関係を築くことができます。親友・知己・姉妹・兄弟という4種類のパートナー関係が存在します。
2、関係を築いた後、元の関係を解除して新しい関係を築くこと以外の方法で、他の関係に変更することができません。#L1#三、権益#L2#1、親密関係を築いた後、親密度が一定数に達すると相応の権益を獲得でき、レベルが高いほど、アンロックできる権益も多くなります。
2、権益は関係の解除と共に消えます。#L1#四、友好値の控除#L2#1、関係を解除しても、友好値は控除されません。
2、フレンドを削除すると、双方の友好値は0になり、関係も解除されます。
3、双方が30日間交信していない場合、31日目から毎日に7点の友好値を失います。関係を築いたフレンドの友好値は100点まで下がり、関係を築いていないフレンドの友好値は0点まで下がります。交信し始めると、友好値の減少は中止されます。"
9312025,ベストパートナー
9312026,#c0AAA1Aが#cFA7A0F%sになりたいです
9312027,残りの有効期間：%s
9312028,相手はベストパートナーを非表示にしました
9312029,Lv.
9312030,残りの位置[color=#52BF51] x %s[/color]
9312031,[color=#961A1A]%s[/color]
9312032,[color=#D37E7E]関係を築く日数：[/color][color=#961A1A]%s[/color]
9312033,[color=#DC3A3A]%s[/color]
9312034,[color=#96401A]%s[/color]
9312035,[color=#D29E61]関係を築く日数：[/color][color=#96401A]%s[/color]
9312036,[color=#F79B2F]%s[/color]
9312037,[color=#961A5D]%s[/color]
9312038,[color=#C680CC]関係を築く日数：[/color][color=#961A5D]%s[/color]
9312039,[color=#C938DA]%s[/color]
9312040,[color=#1A6696]%s[/color]
9312041,[color=#67A3CD]関係を築く日数：[/color][color=#1A6696]%s[/color]
9312042,[color=#3899DD]%s[/color]
9312043,相手はパートナー申請を送りました
9312044,*7日以内のパートナー申請のみが保留されます
9312045,パートナー数が上限に達したので、これ以上追加できません
9312046,現在の関係人数が上限に達したため、これ以上築くことができません
9312047,相手の関係人数が上限に達したため、これ以上築くことができません
9312100,
9312200,#L#cFDE642このマップはプレイヤーアイテムを保存できます。課金はほどほどにね#n
9312201,このマップはプレイヤーアイテムを保存でき、マップショップで購入したアイテムは同じ種類のマルチルームまたはソロモードで使用できます。
9312202,#L#cFA7A0Fこのマップはプレイヤーアイテムを保存できます#n
9312300,@1が新しい隊長になった
9312301,@1がチームから離れた
9312302,@1がチームから追放された
9312303,@1がチームに参加した
9312304,クリックしてチームに戻る
9312305,すでに同じチームです
9312306,チームを組みました
9312307,隊長ではないので、マップを設定することはできません
9312308,隊長ではないので、ゲームを開始できません
9312309,サーバーが混雑しています、後でもう一度お試しください。
9312310,@1のマルチチーム
9312311,#c373631クールな@1、一緒にチームの操作を理解し、フレンドを誘って一緒に戦いましょう
9312312,#c16AE25ここをクリックして#c373631フレンドをチームに招待します
9312313,#c16AE25ここにクリックして#c373631ゲームのマップを選択する
9312314,#c373631好きなマップを#c16AE25選ぼう
9312315,#c373631チームメイトはここでチームメイトの準備を呼ぶことができますよ#r#c16AE25画面の任意の領域をクリックして続けます
9312316,#c373631より多くの地図を選びたいですか?#r#c16AE25ここをクリック#c373631最小化チームプレイ、オンラインロビー#rミニ工房に入ってダウンロードしよう
9312317,#c16AE25ここをクリック#c373631戻ってこのゲームを始めよう
9312318,現在のマップはマッチングモードができます
9312319,おっと、フレンドたちがみんないませんね。
9312320,このモードは変更できません
9312321,マッチングゲームに途中参加できません
9312400,私は初心者です
9312401,フィードバック
9312402,親愛なる冒険者さん、私は隊長です！聞きたい項目を選んでください。
9312403,#L#c373631新しいランキングを見る#n
9312500,今週のポイントランキングトップ@1に入ると獲得可能
9312501,今週の大会テーマ：@1
9312502,今週のポイント：@1
9312503,来週の大会テーマ：@1
9312504,開始まであと：@1日@2時間
9312505,ポイント未獲得
9312506,"今週の大会称号：@1 
有効期間：@2
1、今週の大会のポイントランキングトップ@3のプレイヤーが称号を獲得できます。称号は今週のイベント終了時に自動的に配布されます。
2、最初の称号は自動的に着用され、マップ内でニックネームの先頭に表示されます。
3、手持ちの称号は【称号管理】のところで確認・着用できます。
4、大会の称号は時限称号で、有効期限が切れると着用できなくなるので、忘れずに着用してください！"
9312507,歴史シーズンデータがないので、確認できません！
9312508,有効期限：@1年@2月@3日まで
9312509,"#cff9c33@1#nからジョイ大会の招待が来ました
#n
私の成績：#cff3c43@2#n
#n
私を超えて見せよう！"
9312510,"#cff9c33@1#nからジョイ大会の招待が来ました
#n
最新バージョンにアップデートしてください"
9312511,@1年@2月@3日-@4年@5月@6日
9312512,次のランクまで：@1/@2
9312513,全サーバートップ@1のプレイヤーが時限称号を獲得できます
9312600,ダイナミックホール
9312601,私の動向
9312602,投稿する
9312603,@1ヶ月前
9312604,@1年前
9312605,動的トピックに同期
9312606,人気がある
9312607,動的審査中で、一時的に相互作用は許可されていません。
9312608,関連マップを選択
9312609,友達がいない
9312610,プレイヤーのニックネームまたはIDを入力します
9312611,トピックを入力
9312612,トピックを選択
9312613,話題はありません
9312614,友達にシェアする
9312615,ニックネームまたはミニサイズを長すぎると入力します
9312616,話題の文字数を20文字以内に抑えてください
9312617,ユーザーが見つかりませんでした
9312618,私が投稿したもの
9312619,私が収集したもの
9312620,まだ地図に入ったことがない
9312621,あなたはまだ地図を投稿していません
9312622,あなたはまだ地図を収集していません
9312623,地図の文字数は20文字以内に抑えてください
9312624,マップ名を入力
9312625,マップが見つかりません
9312626,最大文字数を超える
9312627,コピーが短すぎて、より多くのコンテンツを公開すると、より多くの注目を集めることができますよ
9312628,画像がアップロードされていません
9312629,画像がアップロード中です
9312630,作品の審査状態が異常で、共有できません。
9312631,写真をアップロードするにはアルバムへのアクセス権が必要です。個人センターに行ってください。設定内でオンにしてください
9312632,アップロード画像のサイズが制限を超えています。5 M以内に抑えてください。
9312633,#投稿する
9312634,投票する
9312635,#動的設定
9312636,双方
9312637,多方面
9312638,投票タイトル
9312639,@1文字以内（入力してください）
9312640,オプション@1
9312641,締め切り時間
9312642,締め切りは現在時刻の30分後になります
9312643,オプションを追加
9312644,投票の制限
9312645,単一選択しかできません。
9312646,複数選択しかできません。
9312647,#時間選択ボックス
9312648,一時的に設定しない
9312649,#動的リストカード内投票コンポーネント
9312650,上のボタンをクリックしてラジオ（投票し）
9312651,上のボタンをクリックして投票（複数選択)
9312652,人が参加する
9312653,投票の意見を共有する
9312654,カウントダウン@1分
9312655,カウントダウン@1時間
9312656,左右にスライドすると、より多くの画像が表示されます
9312657,インタラクティブメッセージ
9312658,ファンを追加
9312659,イベント情報
9312660,まだ情報がありません。
9312661,あなたをフォローしました
9312662,あなたが参加した投票“@1”結果が出ました、ぜひご覧ください!
9312663,このコメント：@1
9312664,返信しました:@1
9312665,コメントで@あなた：@1
9312666,動的に@あなた：@1
9312667,この投稿にコメントし：@1
9312668,より多くのnトピック
9312669,画像が違反しています。画像を変更して再試行してください。
9312670,あなたがフォローしている#cEF8012@@1#nなどの#cEF8012@2人#n新しい情報を投稿しました。ぜひ見てください!
9312671,このダイナミックな：@1
9312672,相互に注目する
9312673,地図をアップロードしていないので、まず地図を公開してください
9312674,投票は期限切れです
9312675,赤い方
9312676,青い方
9312677,投票を開始する
9312678,タイトルを入力してください
9312679,投票オプションの内容を入力してください
9312680,あなたがフォローしている#cEF8012@@1#n新しい情報を公開しました、ぜひ見てください!
9312681,元の投稿は削除されました
9312682,コメント合計@1件
9312683,リンクを貼る
9312684,コメントを削除する
9312685,リンクの名称を入力してください
9312686,リンク名称
9312687,リンクアドレス
9312688,このコメントはすでに削除されました
9312689,この返信はすでに削除されました
9312690,#c0aaa1a@1（@2）#nのこのコメントに対する返信を全部削除しますか？
9312691,リンクアドレスを入力してください
9312692,画像をシェアする
9312693,動的IDをコピーしました
9315000,キャプテンだけが募集を開始できます。
9315001,オーナーのみが募集を開始できます。
9315002,チーム募集
9315003,チーム募集@1 s
9315004,募集情報は期限切れです!
9315005,パスワードを解除して部屋を公開し、募集を続けるかどうか
9315006,部屋は未公開、部屋を公開するかどうかは引き続き募集を発表する
9315007,部屋にパスワードを設定し、パスワードを解除するかどうかは引き続き募集を発表する
9315008,ルーム募集
9315009,部屋募集@1 s
9315010,成功した投稿募集
9315011,チームメイトを募集して一緒に遊ぶ
9315012,メンバーはいません
9315013,投稿募集
9315014,チームの人数：
9315015,チームタグ：
9315016,募集メッセージは“募集ホールに掲示され”
9315017,部屋の名前：
9315018,部屋のラベル：
9315019,ランダムマップ
9315020,地図を選択してください
9315021,マップから退出しますか？
9315022,退出後は各対局の試合ポイントを集計します。どの対局も完了していない場合、試合ポイントを獲得できません。
9400001,ビヘイビアツリー
9400002,ビヘイビアツリーをバインド
9400003,ビヘイビアツリーを新規作成
9400004,リネーム
9400005,コピー
9400006,削除
9400007,確定
9400008,削除を確定
9400009,ビヘイビアツリーは複数のクラスにバインドされています。削除すると、他のクラスも自動的にアンバインドされます。
9400010,確定
9400011,キャンセル
9400012,変更
9400013,アンバインド
9400014,ファイル名が既に存在しています。別の名称を入力してください！
9400015,ファイル名は空にできません
9400016,削除すると、このビヘイビアツリーは取り戻せなくなります。削除してもよろしいですか？
9400017,伝統カード能力
9400018,ビヘイビアツリー上級編集
9400019,未開放
9400020,上級オプション編集
9400021,上級編集方法を選択してください
9400022,デバッグメニューの展開と折りたたみ
9400023,デバッグする生物を選択
9400024,実行と一時停止
9400025,フレーム単位で実行
9400026,キャンバスを移動
9400027,タップ
9400028,デバッグする生物を選択
9400029,デバッグ機能が有効になりました
9400030,デバッグ機能が無効になりました
9400031,公式テンプレートは削除できません
9400032,上級編集オプション
9400033,生物の上級特性
9400034,上級編集方法
9400035,[color=#FF0000]@1[/color]を完全に削除してもよろしいですか？
9400036,"ビヘイビアツリーは@1にバインドされています。
削除すると、他のクラスも自動的にアンバインドされます。"
9400037,複数のクラス
9400038,コピー
9400039,リセット
9400040,リセット後は公式ビヘイビアツリーに戻され、変更が取り戻せなくなります
9400041,上級クリエイティブモードにて使用してください
9400100,コピー
9400101,サブツリーをコピー
9400102,接続を切断
9400103,削除
9400104,サブツリーを削除
9400105,コメントを追加
9400106,説明を表示
9400107,貼り付け
9400108,クリア
9400109,コメントを追加
9400110,プライベート変数
9400111,プライベート
9400112,グローバル変数
9400113,内容
9400114,このノードは、以下のノードと参照関係があります。削除する場合は注意してください。
9400115,ブロック参照ノード
9400116,削除
9400130,ノード全体移動モードをオンにしました
9400150,デバッグする生物を選択してください
9400151,この生物はデバッグ機能に対応していません。選択を変更してください。
9400152,ヌル値
9401001,このユニットが攻撃された場合、「オブジェクト変数」に攻撃者が保存されます。\n反撃ターゲットロジックやターゲット追従ロジックなどを作成できます。
9401002,このユニットが特定の道具と交互作用する場合、「オブジェクト変数」に交互作用対象が保存されます。
9401003,ビヘイビアツリーのメッセージとトリガーのメッセージは相互通信できます。\nメッセージ通信を使用すると、複雑なロジックを完成させることができます。
9401004,ユニットの周りに特定の音声が再生されると、「位置変数」に音声再生位置が保存されます。\n注意：公式提供の音声ファイルのみ受信できます。
9401005,装飾されたノードの戻り値が成功の場合、失敗を返します。失敗の場合は成功を返します。\n注意：ノードの戻り値のみが影響され、ノードのロジックは影響されません。
9401006,装飾されたノードは1回だけ実行され、その後は実行されません。
9401007,装飾されたノードは、実行するたびに複数回ループします。
9401008,装飾されたノードは常に成功を返します。\n注意：ノードの戻り値のみが影響され、ノードのロジックは影響されません。
9401009,装飾されたノードは常に失敗を返します。\n注意：ノードの戻り値のみが影響され、ノードのロジックは影響されません。
9401010,このノードに接続された後続の子ノードは、上から下に実行されます。\n子ノードの1つでも失敗した場合、シーケンスノードはすぐに失敗を返します。\nすべての子ノードが成功した場合、順序ノードは成功を返します。
9401011,このノードに接続された後続の子ノードは、上から下に実行されます。\n子ノードの1つでも成功した場合、選択ノードはすぐに成功を返します。\nすべての子ノードが失敗した場合、選択ノードは失敗を返します。
9401012,このノードに接続された後続ノードは同時に実行され、失敗と成功の条件は並列ノードで自己設定できます。\n注意：行動ロジックを持つ一部のアクションノードが同時に実行されると、衝突が発生する場合があります。
9401013,現在のゲーム時間を判断します。\n特定の時間に特別な行動を実行するなどのロジックを作成するために使用できます。\n条件が満たされた場合は成功を返し、条件が満たされない場合は失敗を返します。
9401014,位置が特定のエリアにあるかどうかを判断します。\n特定のエリアで特別な行動を実行するために使用できます。\n特定のエリアにある場合は成功を返します。\n特定のエリアにない場合は失敗を返します。
9401015,位置と位置の間の距離を判断します。\n条件が満たされた場合は成功を返します。\n条件が満たされない場合は失敗を返します。
9401016,オブジェクト変数が空であるかどうかを判断します。\n空でない場合は成功を返します。\n空の場合は失敗を返します。
9401017,2つのオブジェクト間のチーム関係を判断します。\n特定の陣営関係を満たすオブジェクト間でのみ互いに攻撃するロジックを作成するために使用できます。\n条件が満たされた場合は成功を返します。\n条件が満たされない場合は失敗を返します。
9401018,オブジェクトのタイプがプレイヤー/生物/特定のタイプの生物/特定のタイプの道具であるかどうかを判断します。\n条件が満たされた場合は成功を返します。\n条件が満たされない場合は失敗を返します。
9401019,\n前提：オブジェクトがプレイヤーである場合、オブジェクトのプレイヤーステータスを判断します。\n条件が満たされた場合は成功を返します。\n条件が満たされない場合は失敗を返します。
9401020,周囲にプレイヤーが存在するかどうかを判断します。\nプレイヤーが見つかった場合は成功を返します。\n見つからない場合は失敗を返します。\n目標がある場合、ナビゲーションまたは攻撃ロジックを実行するために使用できます。
9401021,\n前提：オブジェクトが生物である場合、オブジェクトの生物ステータスを判断します。\n条件が満たされた場合は成功を返します。\n条件が満たされない場合は失敗を返します。
9401022,周囲にブロックが存在するかどうかを判断します。\n特定の種類のブロックがある場合、ブロックを破壊するロジックを実行するために使用できます。\nブロックが見つかった場合は成功を返します。\n見つからない場合は失敗を返します。
9401023,指定された位置に特定の種類のブロックがあるかどうかを判断します。\n条件が満たされた場合は成功を返します。\n条件が満たされない場合は失敗を返します。
9401024,\n前提：オブジェクトが道具である場合、オブジェクトの道具ステータスを判断します。\n条件が満たされた場合は成功を返します。\n条件が満たされない場合は失敗を返します。
9401025,特定のオブジェクトの向きを設定します。\nオブジェクトが常にプレイヤーに向かっているようにすることができます。
9401026,ブロードキャストメッセージを送信することができます。このノードを使用してトリガーと通信することができます。
9401027,AIを原地に留め、数秒間保持します。
9401028,オブジェクトのチームを設定します。
9401029,オブジェクトの外観ステータスを変更します。
9401030,オブジェクトを別のオブジェクトに置き換え、ステータスも変更されます。
9401031,特定のオブジェクトに乗ります。
9401032,特定のオブジェクトが指定されたアニメーションIDを再生するようにします。
9401033,\n前提：オブジェクトがプレイヤーである場合\nオブジェクトのプレイヤーステータスを変更します。
9401034,\n前提：オブジェクトが生物である場合\nオブジェクトの生物ステータスを変更します。
9401035,指定された位置の近くに移動し、対応する位置のブロックを破壊します。
9401036,指定された位置の近くに移動し、その位置にブロックを置きます。
9401037,指定された位置の近くに移動し、その位置のブロックを置き換えます。
9401038,特定の数のアイテムを特定の場所に保存します。
9401039,\n前提：特定の道具がバックパックにあります。\nアクション：バックパックの道具を取り出して手に持ちます。
9401040,特定の道具を生成し、直接にバックパックに保存します。
9401041,周囲の特定道具を拾って直接にバックパックに入れます。
9401042,指定された位置に移動します。\n注意：パスが到達可能である必要があります。また、50マスを超えることはできません。
9401043,特定のエリア内でランダムに移動します。\n注意：パスが到達可能である必要があります。また、50マスを超えることはできません。
9401044,特定のターゲットに追従して移動します。\n注意：パスが到達可能である必要があります。また、50マスを超えることはできません。
9401045,位置グループの順序に従って移動し、位置グループの最初の位置から順に移動します。\n特別な位置のパトロールロジックを作成できます。\n注意：パスが到達可能である必要があります。また、50マスを超えることはできません。
9401046,特定の位置から離れて移動します。\n注意：パスが到達可能である必要があります。また、50マスを超えることはできません。
9401047,特定のエリア内で持続的にランダムに移動します。\n注意：パスが到達可能である必要があります。また、50マスを超えることはできません。
9401048,オブジェクトの移動方法を設定します。\n空中で特定の場所への移動を作成できます。注意：ブロックを通過する可能性があります。
9401049,ターゲットの近くまで移動し、現在持っている道具で攻撃します。\n
9401050,ターゲットの近くまで移動し、特定のタイプの道具を投げます。\n
9401051,ターゲットの近くまで移動し、特定のタイプの道具を投げます。\n
9401052,オブジェクトに効果ライブラリ内の効果を与えます。
9401053,オブジェクトから特定の効果を削除します。
9401054,オブジェクトから特定の効果を削除し、別の効果を適用します。
9401055,オブジェクトを消します
9401056,単一のオブジェクトを直接に削除します
9401057,このAIを実行しているオブジェクト。
9402000,ここからフレームごとに実行します。
9403000,
9403001,ミスリル鍋
9403002,レシピ
9403003,燃料
9403004,必要素材
9403005,料理書
9403006,献立表
9403007,食材
9403008,ステータス：
9403009,
9403101,現在の投擲物
9403102,発射物は左から右の順で消耗されます
