分类,资源ID,文件路径
,ID,strPathName
装扮屏蔽先遣服,100061,res/entity/140073/body.omod
装扮屏蔽先遣服,100064,res/entity/140076/body.omod
装扮屏蔽先遣服,100071,res/entity/140083/body.omod
装扮屏蔽先遣服,100072,res/entity/140084/body.omod
装扮屏蔽先遣服,100073,res/entity/140085/body.omod
装扮屏蔽先遣服,100074,res/entity/140086/body.omod
装扮屏蔽先遣服,100075,res/entity/140087/body.omod
装扮屏蔽先遣服,100076,res/entity/140088/body.omod
装扮屏蔽先遣服,100077,res/entity/140089/body.omod
装扮屏蔽先遣服,100078,res/entity/140090/body.omod
装扮屏蔽先遣服,100079,res/entity/140091/body.omod
装扮屏蔽先遣服,100080,res/entity/140092/body.omod
装扮屏蔽先遣服,100081,res/entity/140093/body.omod
装扮屏蔽先遣服,100082,res/entity/140094/body.omod
装扮屏蔽先遣服,100083,res/entity/140095/body.omod
装扮屏蔽先遣服,100084,res/entity/140096/body.omod
装扮屏蔽先遣服,100085,res/entity/140097/body.omod
装扮屏蔽先遣服,100086,res/entity/140098/body.omod
装扮屏蔽先遣服,100087,res/entity/140099/body.omod
装扮屏蔽先遣服,100088,res/entity/140100/body.omod
装扮屏蔽先遣服,100089,res/entity/140101/body.omod
装扮屏蔽先遣服,100090,res/entity/140102/body.omod
装扮屏蔽先遣服,100091,res/entity/140103/body.omod
装扮屏蔽先遣服,100092,res/entity/140104/body.omod
装扮屏蔽先遣服,100093,res/entity/140105/body.omod
装扮屏蔽先遣服,100094,res/entity/140106/body.omod
装扮屏蔽先遣服,100095,res/entity/140107/body.omod
装扮屏蔽先遣服,100096,res/entity/140108/body.omod
装扮屏蔽先遣服,100097,res/entity/140109/body.omod
装扮屏蔽先遣服,100098,res/entity/140110/body.omod
装扮屏蔽先遣服,100099,res/entity/140111/body.omod
装扮屏蔽先遣服,100100,res/entity/140112/body.omod
装扮屏蔽先遣服,100101,res/entity/140113/body.omod
装扮屏蔽先遣服,100102,res/entity/140114/body.omod
装扮屏蔽先遣服,100103,res/entity/140115/body.omod
装扮屏蔽先遣服,100104,res/entity/140116/body.omod
装扮屏蔽先遣服,100105,res/entity/140117/body.omod
装扮屏蔽先遣服,100106,res/entity/140118/body.omod
装扮屏蔽先遣服,100107,res/entity/140119/body.omod
装扮屏蔽先遣服,100108,res/entity/140120/body.omod
装扮屏蔽先遣服,100109,res/entity/140121/body.omod
装扮屏蔽先遣服,100110,res/entity/140122/body.omod
装扮屏蔽先遣服,100111,res/entity/140123/body.omod
装扮屏蔽先遣服,100112,res/entity/140124/body.omod
装扮屏蔽先遣服,100113,res/entity/140125/body.omod
装扮屏蔽先遣服,100114,res/entity/140126/body.omod
装扮屏蔽先遣服,100115,res/entity/140127/body.omod
装扮屏蔽先遣服,100116,res/entity/140128/body.omod
装扮屏蔽先遣服,100117,res/entity/140129/body.omod
装扮屏蔽先遣服,100118,res/entity/140130/body.omod
装扮屏蔽先遣服,100119,res/entity/140131/body.omod
装扮屏蔽先遣服,100120,res/entity/140132/body.omod
装扮屏蔽先遣服,100121,res/entity/140133/body.omod
装扮屏蔽先遣服,100122,res/entity/140134/body.omod
装扮屏蔽先遣服,100123,res/entity/140135/body.omod
装扮屏蔽先遣服,100124,res/entity/140136/body.omod
装扮屏蔽先遣服,100125,res/entity/140137/body.omod
装扮屏蔽先遣服,100126,res/entity/140138/body.omod
装扮屏蔽先遣服,100127,res/entity/140139/body.omod
装扮屏蔽先遣服,100128,res/entity/140140/body.omod
装扮屏蔽先遣服,100129,res/entity/140141/body.omod
装扮屏蔽先遣服,100130,res/entity/140142/body.omod
装扮屏蔽先遣服,100131,res/entity/140143/body.omod
装扮屏蔽先遣服,100132,res/entity/140144/body.omod
装扮屏蔽先遣服,100133,res/entity/140145/body.omod
装扮屏蔽先遣服,100134,res/entity/140146/body.omod
装扮屏蔽先遣服,100135,res/entity/140147/body.omod
装扮屏蔽先遣服,100136,res/entity/140148/body.omod
装扮屏蔽先遣服,100137,res/entity/140149/body.omod
装扮屏蔽先遣服,100138,res/entity/140150/body.omod
装扮屏蔽先遣服,100139,res/entity/140151/body.omod
装扮屏蔽先遣服,100140,res/entity/140152/body.omod
装扮屏蔽先遣服,100141,res/entity/140153/body.omod
装扮屏蔽先遣服,100142,res/entity/140154/body.omod
装扮屏蔽先遣服,100143,res/entity/140155/body.omod
装扮屏蔽先遣服,100144,res/entity/140156/body.omod
装扮屏蔽先遣服,100145,res/entity/140157/body.omod
装扮屏蔽先遣服,100146,res/entity/140158/body.omod
装扮屏蔽先遣服,100147,res/entity/140159/body.omod
装扮屏蔽先遣服,100148,res/entity/140160/body.omod
装扮屏蔽先遣服,100149,res/entity/140161/body.omod
装扮屏蔽先遣服,100150,res/entity/140162/body.omod
装扮屏蔽先遣服,100151,res/entity/140163/body.omod
装扮屏蔽先遣服,100152,res/entity/140164/body.omod
装扮屏蔽先遣服,100153,res/entity/140165/body.omod
装扮屏蔽先遣服,100154,res/entity/140166/body.omod
装扮屏蔽先遣服,100155,res/entity/140167/body.omod
装扮屏蔽先遣服,100156,res/entity/140168/body.omod
装扮屏蔽先遣服,100157,res/entity/140169/body.omod
装扮屏蔽先遣服,100158,res/entity/140170/body.omod
装扮屏蔽先遣服,100159,res/entity/140171/body.omod
装扮屏蔽先遣服,100160,res/entity/140172/body.omod
装扮屏蔽先遣服,100161,res/entity/140173/body.omod
装扮屏蔽先遣服,100162,res/entity/140174/body.omod
装扮屏蔽先遣服,100163,res/entity/140175/body.omod
装扮屏蔽先遣服,100164,res/entity/140176/body.omod
装扮屏蔽先遣服,100165,res/entity/140177/body.omod
装扮屏蔽先遣服,100166,res/entity/140178/body.omod
装扮屏蔽先遣服,100167,res/entity/140179/body.omod
装扮屏蔽先遣服,100168,res/entity/140180/body.omod
装扮屏蔽先遣服,100169,res/entity/140181/body.omod
装扮屏蔽先遣服,100170,res/entity/140182/body.omod
装扮屏蔽先遣服,100171,res/entity/140183/body.omod
装扮屏蔽先遣服,100172,res/entity/140184/body.omod
装扮屏蔽先遣服,100173,res/entity/140185/body.omod
装扮屏蔽先遣服,100174,res/entity/140186/body.omod
装扮屏蔽先遣服,100175,res/entity/140187/body.omod
装扮屏蔽先遣服,100176,res/entity/140188/body.omod
装扮屏蔽先遣服,100177,res/entity/140189/body.omod
装扮屏蔽先遣服,100178,res/entity/140190/body.omod
装扮屏蔽先遣服,100179,res/entity/140191/body.omod
装扮屏蔽先遣服,100180,res/entity/140192/body.omod
装扮屏蔽先遣服,100181,res/entity/140193/body.omod
装扮屏蔽先遣服,100182,res/entity/140194/body.omod
装扮屏蔽先遣服,100183,res/entity/140195/body.omod
装扮屏蔽先遣服,100184,res/entity/140196/body.omod
装扮屏蔽先遣服,100185,res/entity/140197/body.omod
装扮屏蔽先遣服,100186,res/entity/140198/body.omod
装扮屏蔽先遣服,100187,res/entity/140199/body.omod
装扮屏蔽先遣服,100188,res/entity/140200/body.omod
装扮屏蔽先遣服,100189,res/entity/140201/body.omod
装扮屏蔽先遣服,100190,res/entity/140202/body.omod
装扮屏蔽先遣服,100191,res/entity/140203/body.omod
装扮屏蔽先遣服,100192,res/entity/140204/body.omod
装扮屏蔽先遣服,100193,res/entity/140205/body.omod
装扮屏蔽先遣服,100194,res/entity/140206/body.omod
装扮屏蔽先遣服,100195,res/entity/140207/body.omod
装扮屏蔽先遣服,100196,res/entity/140208/body.omod
装扮屏蔽先遣服,100197,res/entity/140209/body.omod
装扮屏蔽先遣服,100198,res/entity/140210/body.omod
装扮屏蔽先遣服,100199,res/entity/140211/body.omod
装扮屏蔽先遣服,100200,res/entity/140212/body.omod
装扮屏蔽先遣服,100201,res/entity/140213/body.omod
装扮屏蔽先遣服,100202,res/entity/140214/body.omod
装扮屏蔽先遣服,100203,res/entity/140215/body.omod
装扮屏蔽先遣服,100204,res/entity/140216/body.omod
装扮屏蔽先遣服,100205,res/entity/140217/body.omod
装扮屏蔽先遣服,100206,res/entity/140218/body.omod
装扮屏蔽先遣服,100207,res/entity/140219/body.omod
装扮屏蔽先遣服,100208,res/entity/140220/body.omod
装扮屏蔽先遣服,100209,res/entity/140221/body.omod
装扮屏蔽先遣服,100210,res/entity/140222/body.omod
装扮屏蔽先遣服,100211,res/entity/140223/body.omod
装扮屏蔽先遣服,100212,res/entity/140224/body.omod
装扮屏蔽先遣服,100213,res/entity/140225/body.omod
装扮屏蔽先遣服,100214,res/entity/140226/body.omod
装扮屏蔽先遣服,100215,res/entity/140227/body.omod
装扮屏蔽先遣服,100216,res/entity/140228/body.omod
装扮屏蔽先遣服,100217,res/entity/140229/body.omod
装扮屏蔽先遣服,100218,res/entity/140230/body.omod
装扮屏蔽先遣服,100219,res/entity/140231/body.omod
装扮屏蔽先遣服,100220,res/entity/140232/body.omod
装扮屏蔽先遣服,100221,res/entity/140233/body.omod
装扮屏蔽先遣服,100222,res/entity/140234/body.omod
装扮屏蔽先遣服,100223,res/entity/140235/body.omod
装扮屏蔽先遣服,100224,res/entity/140236/body.omod
装扮屏蔽先遣服,100225,res/entity/140237/body.omod
装扮屏蔽先遣服,100226,res/entity/140238/body.omod
装扮屏蔽先遣服,100227,res/entity/140239/body.omod
装扮屏蔽先遣服,100228,res/entity/140240/body.omod
装扮屏蔽先遣服,100229,res/entity/140241/body.omod
装扮屏蔽先遣服,100230,res/entity/140242/body.omod
装扮屏蔽先遣服,100231,res/entity/140243/body.omod
装扮屏蔽先遣服,100232,res/entity/140244/body.omod
装扮屏蔽先遣服,100233,res/entity/140245/body.omod
装扮屏蔽先遣服,100234,res/entity/140246/body.omod
装扮屏蔽先遣服,100235,res/entity/140247/body.omod
装扮屏蔽先遣服,100236,res/entity/140248/body.omod
装扮屏蔽先遣服,100237,res/entity/140249/body.omod
装扮屏蔽先遣服,100238,res/entity/140250/body.omod
装扮屏蔽先遣服,100239,res/entity/140251/body.omod
装扮屏蔽先遣服,100240,res/entity/140252/body.omod
装扮屏蔽先遣服,100241,res/entity/140253/body.omod
装扮屏蔽先遣服,100242,res/entity/140254/body.omod
装扮屏蔽先遣服,100243,res/entity/140255/body.omod
装扮屏蔽先遣服,100244,res/entity/140256/body.omod
装扮屏蔽先遣服,100245,res/entity/140257/body.omod
装扮屏蔽先遣服,100246,res/entity/140258/body.omod
装扮屏蔽先遣服,100247,res/entity/140259/body.omod
装扮屏蔽先遣服,100248,res/entity/140260/body.omod
装扮屏蔽先遣服,100249,res/entity/140261/body.omod
装扮屏蔽先遣服,100250,res/entity/140262/body.omod
装扮屏蔽先遣服,100251,res/entity/140263/body.omod
装扮屏蔽先遣服,100252,res/entity/140264/body.omod
装扮屏蔽先遣服,100253,res/entity/140265/body.omod
装扮屏蔽先遣服,100254,res/entity/140266/body.omod
装扮屏蔽先遣服,100255,res/entity/140267/body.omod
装扮屏蔽先遣服,100256,res/entity/140268/body.omod
装扮屏蔽先遣服,100257,res/entity/140269/body.omod
装扮屏蔽先遣服,100258,res/entity/140270/body.omod
装扮屏蔽先遣服,100259,res/entity/140271/body.omod
装扮屏蔽先遣服,100260,res/entity/140272/body.omod
装扮屏蔽先遣服,100261,res/entity/140273/body.omod
装扮屏蔽先遣服,100262,res/entity/140274/body.omod
装扮屏蔽先遣服,100263,res/entity/140275/body.omod
装扮屏蔽先遣服,100264,res/entity/140276/body.omod
装扮屏蔽先遣服,100265,res/entity/140277/body.omod
装扮屏蔽先遣服,100266,res/entity/140278/body.omod
装扮屏蔽先遣服,100267,res/entity/140279/body.omod
装扮屏蔽先遣服,100268,res/entity/140280/body.omod
装扮屏蔽先遣服,100269,res/entity/140281/body.omod
装扮屏蔽先遣服,100270,res/entity/140282/body.omod
装扮屏蔽先遣服,100271,res/entity/140283/body.omod
装扮屏蔽先遣服,100272,res/entity/140284/body.omod
装扮屏蔽先遣服,100273,res/entity/140285/body.omod
装扮屏蔽先遣服,100274,res/entity/140286/body.omod
装扮屏蔽先遣服,100275,res/entity/140287/body.omod
装扮屏蔽先遣服,100276,res/entity/140288/body.omod
装扮屏蔽先遣服,100277,res/entity/140289/body.omod
装扮屏蔽先遣服,100278,res/entity/140290/body.omod
装扮屏蔽先遣服,100279,res/entity/140291/body.omod
装扮屏蔽先遣服,100280,res/entity/140292/body.omod
装扮屏蔽先遣服,100281,res/entity/140293/body.omod
装扮屏蔽先遣服,100282,res/entity/140294/body.omod
装扮屏蔽先遣服,100283,res/entity/140295/body.omod
装扮屏蔽先遣服,100284,res/entity/140296/body.omod
装扮屏蔽先遣服,100285,res/entity/140297/body.omod
装扮屏蔽先遣服,100286,res/entity/140298/body.omod
装扮屏蔽先遣服,100287,res/entity/140299/body.omod
装扮屏蔽先遣服,100288,res/entity/140300/body.omod
装扮屏蔽先遣服,100289,res/entity/140301/body.omod
装扮屏蔽先遣服,100290,res/entity/140302/body.omod
装扮屏蔽先遣服,100291,res/entity/140303/body.omod
装扮屏蔽先遣服,100292,res/entity/140304/body.omod
装扮屏蔽先遣服,100293,res/entity/140305/body.omod
装扮屏蔽先遣服,100294,res/entity/140306/body.omod
装扮屏蔽先遣服,100295,res/entity/140307/body.omod
装扮屏蔽先遣服,100296,res/entity/140308/body.omod
装扮屏蔽先遣服,100297,res/entity/140309/body.omod
装扮屏蔽先遣服,100298,res/entity/140310/body.omod
装扮屏蔽先遣服,100299,res/entity/140311/body.omod
装扮屏蔽先遣服,100300,res/entity/140312/body.omod
装扮屏蔽先遣服,100301,res/entity/140313/body.omod
装扮屏蔽先遣服,100302,res/entity/140314/body.omod
装扮屏蔽先遣服,100303,res/entity/140315/body.omod
装扮屏蔽先遣服,100304,res/entity/140316/body.omod
装扮屏蔽先遣服,100305,res/entity/140317/body.omod
装扮屏蔽先遣服,100306,res/entity/140318/body.omod
装扮屏蔽先遣服,100307,res/entity/140319/body.omod
装扮屏蔽先遣服,100308,res/entity/140320/body.omod
装扮屏蔽先遣服,100309,res/entity/140321/body.omod
装扮屏蔽先遣服,100310,res/entity/140322/body.omod
装扮屏蔽先遣服,100311,res/entity/140323/body.omod
装扮屏蔽先遣服,100312,res/entity/140324/body.omod
装扮屏蔽先遣服,100313,res/entity/140325/body.omod
装扮屏蔽先遣服,100314,res/entity/140326/body.omod
装扮屏蔽先遣服,100315,res/entity/140327/body.omod
装扮屏蔽先遣服,100316,res/entity/140328/body.omod
装扮屏蔽先遣服,100317,res/entity/140329/body.omod
装扮屏蔽先遣服,100318,res/entity/140330/body.omod
装扮屏蔽先遣服,100319,res/entity/140331/body.omod
装扮屏蔽先遣服,100320,res/entity/140332/body.omod
装扮屏蔽先遣服,100321,res/entity/140333/body.omod
装扮屏蔽先遣服,100322,res/entity/140334/body.omod
装扮屏蔽先遣服,100323,res/entity/140335/body.omod
装扮屏蔽先遣服,100324,res/entity/140336/body.omod
装扮屏蔽先遣服,100325,res/entity/140337/body.omod
装扮屏蔽先遣服,100326,res/entity/140338/body.omod
装扮屏蔽先遣服,100327,res/entity/140339/body.omod
装扮屏蔽先遣服,100328,res/entity/140340/body.omod
装扮屏蔽先遣服,100329,res/entity/140341/body.omod
装扮屏蔽先遣服,100330,res/entity/140342/body.omod
装扮屏蔽先遣服,100331,res/entity/140343/body.omod
装扮屏蔽先遣服,100332,res/entity/140344/body.omod
装扮屏蔽先遣服,100333,res/entity/140345/body.omod
装扮屏蔽先遣服,100334,res/entity/140346/body.omod
装扮屏蔽先遣服,100335,res/entity/140347/body.omod
装扮屏蔽先遣服,100336,res/entity/140348/body.omod
装扮屏蔽先遣服,100337,res/entity/140349/body.omod
装扮屏蔽先遣服,100338,res/entity/140350/body.omod
装扮屏蔽先遣服,100339,res/entity/140351/body.omod
装扮屏蔽先遣服,100340,res/entity/140352/body.omod
装扮屏蔽先遣服,100341,res/entity/140353/body.omod
装扮屏蔽先遣服,100342,res/entity/140354/body.omod
装扮屏蔽先遣服,100343,res/entity/140355/body.omod
装扮屏蔽先遣服,100344,res/entity/140356/body.omod
装扮屏蔽先遣服,100345,res/entity/140357/body.omod
装扮屏蔽先遣服,100346,res/entity/140358/body.omod
装扮屏蔽先遣服,100347,res/entity/140359/body.omod
装扮屏蔽先遣服,100348,res/entity/140360/body.omod
装扮屏蔽先遣服,100349,res/entity/140361/body.omod
装扮屏蔽先遣服,100350,res/entity/140362/body.omod
装扮屏蔽先遣服,100351,res/entity/140363/body.omod
装扮屏蔽先遣服,100352,res/entity/140364/body.omod
装扮屏蔽先遣服,100353,res/entity/140365/body.omod
装扮屏蔽先遣服,100354,res/entity/140366/body.omod
装扮屏蔽先遣服,100355,res/entity/140367/body.omod
装扮屏蔽先遣服,100356,res/entity/140368/body.omod
装扮屏蔽先遣服,100357,res/entity/140369/body.omod
装扮屏蔽先遣服,100358,res/entity/140370/body.omod
装扮屏蔽先遣服,100359,res/entity/140371/body.omod
装扮屏蔽先遣服,100360,res/entity/140372/body.omod
装扮屏蔽先遣服,100361,res/entity/140373/body.omod
装扮屏蔽先遣服,100362,res/entity/140374/body.omod
装扮屏蔽先遣服,100363,res/entity/140375/body.omod
装扮屏蔽先遣服,100364,res/entity/140376/body.omod
装扮屏蔽先遣服,100365,res/entity/140377/body.omod
装扮屏蔽先遣服,100366,res/entity/140378/body.omod
装扮屏蔽先遣服,100367,res/entity/140379/body.omod
装扮屏蔽先遣服,100368,res/entity/140380/body.omod
装扮屏蔽先遣服,100369,res/entity/140381/body.omod
装扮屏蔽先遣服,100370,res/entity/140382/body.omod
装扮屏蔽先遣服,100371,res/entity/140383/body.omod
装扮屏蔽先遣服,100372,res/entity/140384/body.omod
装扮屏蔽先遣服,100373,res/entity/140385/body.omod
装扮屏蔽先遣服,100374,res/entity/140386/body.omod
装扮屏蔽先遣服,100375,res/entity/140387/body.omod
装扮屏蔽先遣服,100376,res/entity/140388/body.omod
装扮屏蔽先遣服,100377,res/entity/140389/body.omod
装扮屏蔽先遣服,100378,res/entity/140390/body.omod
装扮屏蔽先遣服,100379,res/entity/140391/body.omod
装扮屏蔽先遣服,100380,res/entity/140392/body.omod
装扮屏蔽先遣服,100381,res/entity/140393/body.omod
装扮屏蔽先遣服,100382,res/entity/140394/body.omod
装扮屏蔽先遣服,100383,res/entity/140395/body.omod
装扮屏蔽先遣服,100384,res/entity/140396/body.omod
装扮屏蔽先遣服,100385,res/entity/140397/body.omod
装扮屏蔽先遣服,100386,res/entity/140398/body.omod
装扮屏蔽先遣服,100387,res/entity/140399/body.omod
装扮屏蔽先遣服,100388,res/entity/140400/body.omod
装扮屏蔽先遣服,100389,res/entity/140401/body.omod
装扮屏蔽先遣服,100390,res/entity/140402/body.omod
装扮屏蔽先遣服,100391,res/entity/140403/body.omod
装扮屏蔽先遣服,100392,res/entity/140404/body.omod
装扮屏蔽先遣服,100393,res/entity/140405/body.omod
装扮屏蔽先遣服,100394,res/entity/140406/body.omod
装扮屏蔽先遣服,100395,res/entity/140407/body.omod
装扮屏蔽先遣服,100396,res/entity/140408/body.omod
装扮屏蔽先遣服,100397,res/entity/140409/body.omod
装扮屏蔽先遣服,100398,res/entity/140410/body.omod
装扮屏蔽先遣服,100399,res/entity/140411/body.omod
装扮屏蔽先遣服,100400,res/entity/140412/body.omod
装扮屏蔽先遣服,100401,res/entity/140413/body.omod
装扮屏蔽先遣服,100402,res/entity/140414/body.omod
装扮屏蔽先遣服,100403,res/entity/140415/body.omod
装扮屏蔽先遣服,100404,res/entity/140416/body.omod
装扮屏蔽先遣服,100405,res/entity/140417/body.omod
装扮屏蔽先遣服,100406,res/entity/140418/body.omod
装扮屏蔽先遣服,100407,res/entity/140419/body.omod
装扮屏蔽先遣服,100408,res/entity/140420/body.omod
装扮屏蔽先遣服,100409,res/entity/140421/body.omod
装扮屏蔽先遣服,100410,res/entity/140422/body.omod
装扮屏蔽先遣服,100411,res/entity/140423/body.omod
装扮屏蔽先遣服,100412,res/entity/140424/body.omod
装扮屏蔽先遣服,100413,res/entity/140425/body.omod
装扮屏蔽先遣服,100414,res/entity/140426/body.omod
装扮屏蔽先遣服,100415,res/entity/140427/body.omod
装扮屏蔽先遣服,100416,res/entity/140428/body.omod
装扮屏蔽先遣服,100417,res/entity/140429/body.omod
装扮屏蔽先遣服,100418,res/entity/140430/body.omod
装扮屏蔽先遣服,100419,res/entity/140431/body.omod
装扮屏蔽先遣服,100420,res/entity/140432/body.omod
装扮屏蔽先遣服,100421,res/entity/140433/body.omod
装扮屏蔽先遣服,100422,res/entity/140434/body.omod
装扮屏蔽先遣服,100423,res/entity/140435/body.omod
装扮屏蔽先遣服,100424,res/entity/140436/body.omod
装扮屏蔽先遣服,100425,res/entity/140437/body.omod
装扮屏蔽先遣服,100426,res/entity/140438/body.omod
装扮屏蔽先遣服,100427,res/entity/140439/body.omod
装扮屏蔽先遣服,100428,res/entity/140440/body.omod
装扮屏蔽先遣服,100429,res/entity/140441/body.omod
装扮屏蔽先遣服,100430,res/entity/140442/body.omod
装扮屏蔽先遣服,100431,res/entity/140443/body.omod
装扮屏蔽先遣服,100432,res/entity/140444/body.omod
装扮屏蔽先遣服,100433,res/entity/140445/body.omod
装扮屏蔽先遣服,100434,res/entity/140446/body.omod
装扮屏蔽先遣服,100435,res/entity/140447/body.omod
装扮屏蔽先遣服,100436,res/entity/140448/body.omod
装扮屏蔽先遣服,100437,res/entity/140449/body.omod
装扮屏蔽先遣服,100438,res/entity/140450/body.omod
装扮屏蔽先遣服,100439,res/entity/140451/body.omod
装扮屏蔽先遣服,100440,res/entity/140452/body.omod
装扮屏蔽先遣服,100441,res/entity/140453/body.omod
装扮屏蔽先遣服,100442,res/entity/140454/body.omod
装扮屏蔽先遣服,100443,res/entity/140455/body.omod
装扮屏蔽先遣服,100444,res/entity/140456/body.omod
装扮屏蔽先遣服,100445,res/entity/140457/body.omod
装扮屏蔽先遣服,100446,res/entity/140458/body.omod
装扮屏蔽先遣服,100447,res/entity/140459/body.omod
装扮屏蔽先遣服,100448,res/entity/140460/body.omod
装扮屏蔽先遣服,100449,res/entity/140461/body.omod
装扮屏蔽先遣服,100450,res/entity/140462/body.omod
装扮屏蔽先遣服,100451,res/entity/140463/body.omod
装扮屏蔽先遣服,100452,res/entity/140464/body.omod
装扮屏蔽先遣服,100453,res/entity/140465/body.omod
装扮屏蔽先遣服,100454,res/entity/140466/body.omod
装扮屏蔽先遣服,100455,res/entity/140467/body.omod
装扮屏蔽先遣服,100456,res/entity/140468/body.omod
装扮屏蔽先遣服,100457,res/entity/140469/body.omod
装扮屏蔽先遣服,100458,res/entity/140470/body.omod
装扮屏蔽先遣服,100459,res/entity/140471/body.omod
装扮屏蔽先遣服,100460,res/entity/140472/body.omod
装扮屏蔽先遣服,100461,res/entity/140473/body.omod
装扮屏蔽先遣服,100462,res/entity/140474/body.omod
装扮屏蔽先遣服,100463,res/entity/140475/body.omod
装扮屏蔽先遣服,100464,res/entity/140476/body.omod
装扮屏蔽先遣服,100465,res/entity/140477/body.omod
装扮屏蔽先遣服,100466,res/entity/140478/body.omod
装扮屏蔽先遣服,100467,res/entity/140479/body.omod
装扮屏蔽先遣服,100468,res/entity/140480/body.omod
装扮屏蔽先遣服,100469,res/entity/140481/body.omod
装扮屏蔽先遣服,100470,res/entity/140482/body.omod
装扮屏蔽先遣服,100471,res/entity/140483/body.omod
装扮屏蔽先遣服,100472,res/entity/140484/body.omod
装扮屏蔽先遣服,100473,res/entity/140485/body.omod
装扮屏蔽先遣服,100474,res/entity/140486/body.omod
装扮屏蔽先遣服,100475,res/entity/140487/body.omod
装扮屏蔽先遣服,100476,res/entity/140488/body.omod
装扮屏蔽先遣服,100477,res/entity/140489/body.omod
装扮屏蔽先遣服,100478,res/entity/140490/body.omod
装扮屏蔽先遣服,100479,res/entity/140491/body.omod
装扮屏蔽先遣服,100480,res/entity/140492/body.omod
装扮屏蔽先遣服,100481,res/entity/140493/body.omod
装扮屏蔽先遣服,100482,res/entity/140494/body.omod
装扮屏蔽先遣服,100483,res/entity/140495/body.omod
装扮屏蔽先遣服,100484,res/entity/140496/body.omod
装扮屏蔽先遣服,100485,res/entity/140497/body.omod
装扮屏蔽先遣服,100486,res/entity/140498/body.omod
装扮屏蔽先遣服,100487,res/entity/140499/body.omod
装扮屏蔽先遣服,100488,res/entity/140500/body.omod
装扮屏蔽先遣服,100489,res/entity/140501/body.omod
装扮屏蔽先遣服,100490,res/entity/140502/body.omod
装扮屏蔽先遣服,100491,res/entity/140503/body.omod
装扮屏蔽先遣服,100492,res/entity/140504/body.omod
装扮屏蔽先遣服,100493,res/entity/140505/body.omod
装扮屏蔽先遣服,100494,res/entity/140506/body.omod
装扮屏蔽先遣服,100495,res/entity/140507/body.omod
装扮屏蔽先遣服,100496,res/entity/140508/body.omod
装扮屏蔽先遣服,100497,res/entity/140509/body.omod
装扮屏蔽先遣服,100498,res/entity/140510/body.omod
装扮屏蔽先遣服,100499,res/entity/140511/body.omod
装扮屏蔽先遣服,100500,res/entity/140512/body.omod
装扮屏蔽先遣服,100501,res/entity/140513/body.omod
装扮屏蔽先遣服,100502,res/entity/140514/body.omod
装扮屏蔽先遣服,100503,res/entity/140515/body.omod
装扮屏蔽先遣服,100504,res/entity/140516/body.omod
装扮屏蔽先遣服,100505,res/entity/140517/body.omod
装扮屏蔽先遣服,100506,res/entity/140518/body.omod
装扮屏蔽先遣服,100507,res/entity/140519/body.omod
装扮屏蔽先遣服,100508,res/entity/140520/body.omod
装扮屏蔽先遣服,100509,res/entity/140521/body.omod
装扮屏蔽先遣服,100510,res/entity/140522/body.omod
装扮屏蔽先遣服,100511,res/entity/140523/body.omod
装扮屏蔽先遣服,100512,res/entity/140524/body.omod
装扮屏蔽先遣服,100513,res/entity/140525/body.omod
装扮屏蔽先遣服,100514,res/entity/140526/body.omod
装扮屏蔽先遣服,100515,res/entity/140527/body.omod
装扮屏蔽先遣服,100516,res/entity/140528/body.omod
装扮屏蔽先遣服,100517,res/entity/140529/body.omod
装扮屏蔽先遣服,100518,res/entity/140530/body.omod
装扮屏蔽先遣服,100519,res/entity/140531/body.omod
装扮屏蔽先遣服,100520,res/entity/140532/body.omod
装扮屏蔽先遣服,100521,res/entity/140533/body.omod
装扮屏蔽先遣服,100522,res/entity/140534/body.omod
装扮屏蔽先遣服,100523,res/entity/140535/body.omod
装扮屏蔽先遣服,100524,res/entity/140536/body.omod
装扮屏蔽先遣服,100525,res/entity/140537/body.omod
装扮屏蔽先遣服,100526,res/entity/140538/body.omod
装扮屏蔽先遣服,100527,res/entity/140539/body.omod
装扮屏蔽先遣服,100528,res/entity/140540/body.omod
装扮屏蔽先遣服,100529,res/entity/140541/body.omod
装扮屏蔽先遣服,100530,res/entity/140542/body.omod
装扮屏蔽先遣服,100531,res/entity/140543/body.omod
装扮屏蔽先遣服,100532,res/entity/140544/body.omod
装扮屏蔽先遣服,100533,res/entity/140545/body.omod
装扮屏蔽先遣服,100534,res/entity/140546/body.omod
装扮屏蔽先遣服,100535,res/entity/140547/body.omod
装扮屏蔽先遣服,100536,res/entity/140548/body.omod
装扮屏蔽先遣服,100537,res/entity/140549/body.omod
装扮屏蔽先遣服,100538,res/entity/140550/body.omod
装扮屏蔽先遣服,100539,res/entity/140551/body.omod
装扮屏蔽先遣服,100540,res/entity/140552/body.omod
装扮屏蔽先遣服,100541,res/entity/140553/body.omod
装扮屏蔽先遣服,100542,res/entity/140554/body.omod
装扮屏蔽先遣服,100543,res/entity/140555/body.omod
装扮屏蔽先遣服,100544,res/entity/140556/body.omod
装扮屏蔽先遣服,100545,res/entity/140557/body.omod
装扮屏蔽先遣服,100546,res/entity/140558/body.omod
装扮屏蔽先遣服,100547,res/entity/140559/body.omod
装扮屏蔽先遣服,100548,res/entity/140560/body.omod
装扮屏蔽先遣服,100549,res/entity/140561/body.omod
装扮屏蔽先遣服,100550,res/entity/140562/body.omod
装扮屏蔽先遣服,100551,res/entity/140563/body.omod
装扮屏蔽先遣服,100552,res/entity/140564/body.omod
装扮屏蔽先遣服,100553,res/entity/140565/body.omod
装扮屏蔽先遣服,100554,res/entity/140566/body.omod
装扮屏蔽先遣服,100555,res/entity/140567/body.omod
装扮屏蔽先遣服,100556,res/entity/140568/body.omod
装扮屏蔽先遣服,100557,res/entity/140569/body.omod
装扮屏蔽先遣服,100558,res/entity/140570/body.omod
装扮屏蔽先遣服,100559,res/entity/140571/body.omod
装扮屏蔽先遣服,100560,res/entity/140572/body.omod
装扮屏蔽先遣服,100561,res/entity/140573/body.omod
装扮屏蔽先遣服,100562,res/entity/140574/body.omod
装扮屏蔽先遣服,100563,res/entity/140575/body.omod
装扮屏蔽先遣服,100564,res/entity/140576/body.omod
装扮屏蔽先遣服,100565,res/entity/140577/body.omod
装扮屏蔽先遣服,100566,res/entity/140578/body.omod
装扮屏蔽先遣服,100567,res/entity/140579/body.omod
装扮屏蔽先遣服,100568,res/entity/140580/body.omod
装扮屏蔽先遣服,100569,res/entity/140581/body.omod
装扮屏蔽先遣服,100570,res/entity/140582/body.omod
装扮屏蔽先遣服,100571,res/entity/140583/body.omod
装扮屏蔽先遣服,100572,res/entity/140584/body.omod
装扮屏蔽先遣服,100573,res/entity/140585/body.omod
装扮屏蔽先遣服,100574,res/entity/140586/body.omod
装扮屏蔽先遣服,100575,res/entity/140587/body.omod
装扮屏蔽先遣服,100576,res/entity/140588/body.omod
装扮屏蔽先遣服,100577,res/entity/140589/body.omod
装扮屏蔽先遣服,100578,res/entity/140590/body.omod
装扮屏蔽先遣服,100579,res/entity/140591/body.omod
装扮屏蔽先遣服,100580,res/entity/140592/body.omod
装扮屏蔽先遣服,100581,res/entity/140593/body.omod
装扮屏蔽先遣服,100582,res/entity/140594/body.omod
装扮屏蔽先遣服,100583,res/entity/140595/body.omod
装扮屏蔽先遣服,100584,res/entity/140596/body.omod
装扮屏蔽先遣服,100585,res/entity/140597/body.omod
装扮屏蔽先遣服,100586,res/entity/140598/body.omod
装扮屏蔽先遣服,100587,res/entity/140599/body.omod
装扮屏蔽先遣服,100588,res/entity/140600/body.omod
装扮屏蔽先遣服,100589,res/entity/140601/body.omod
装扮屏蔽先遣服,100590,res/entity/140602/body.omod
装扮屏蔽先遣服,100591,res/entity/140603/body.omod
装扮屏蔽先遣服,100592,res/entity/140604/body.omod
装扮屏蔽先遣服,100593,res/entity/140605/body.omod
装扮屏蔽先遣服,100594,res/entity/140606/body.omod
装扮屏蔽先遣服,100595,res/entity/140607/body.omod
装扮屏蔽先遣服,100596,res/entity/140608/body.omod
装扮屏蔽先遣服,100597,res/entity/140609/body.omod
装扮屏蔽先遣服,100598,res/entity/140610/body.omod
装扮屏蔽先遣服,100599,res/entity/140611/body.omod
装扮屏蔽先遣服,100600,res/entity/140612/body.omod
装扮屏蔽先遣服,100601,res/entity/140613/body.omod
装扮屏蔽先遣服,100602,res/entity/140614/body.omod
装扮屏蔽先遣服,100603,res/entity/140615/body.omod
装扮屏蔽先遣服,100604,res/entity/140616/body.omod
装扮屏蔽先遣服,100605,res/entity/140617/body.omod
装扮屏蔽先遣服,100606,res/entity/140618/body.omod
装扮屏蔽先遣服,100607,res/entity/140619/body.omod
装扮屏蔽先遣服,100608,res/entity/140620/body.omod
装扮屏蔽先遣服,100609,res/entity/140621/body.omod
装扮屏蔽先遣服,100610,res/entity/140622/body.omod
装扮屏蔽先遣服,100611,res/entity/140623/body.omod
装扮屏蔽先遣服,100612,res/entity/140624/body.omod
装扮屏蔽先遣服,100613,res/entity/140625/body.omod
装扮屏蔽先遣服,100614,res/entity/140626/body.omod
装扮屏蔽先遣服,100615,res/entity/140627/body.omod
装扮屏蔽先遣服,100616,res/entity/140628/body.omod
装扮屏蔽先遣服,100617,res/entity/140629/body.omod
装扮屏蔽先遣服,100618,res/entity/140630/body.omod
装扮屏蔽先遣服,100619,res/entity/140631/body.omod
装扮屏蔽先遣服,100620,res/entity/140632/body.omod
装扮屏蔽先遣服,100621,res/entity/140633/body.omod
装扮屏蔽先遣服,100622,res/entity/140634/body.omod
装扮屏蔽先遣服,100623,res/entity/140635/body.omod
装扮屏蔽先遣服,100624,res/entity/140636/body.omod
装扮屏蔽先遣服,100625,res/entity/140637/body.omod
装扮屏蔽先遣服,100626,res/entity/140638/body.omod
装扮屏蔽先遣服,100627,res/entity/140639/body.omod
装扮屏蔽先遣服,100628,res/entity/140640/body.omod
装扮屏蔽先遣服,100629,res/entity/140641/body.omod
装扮屏蔽先遣服,100630,res/entity/140642/body.omod
装扮屏蔽先遣服,100631,res/entity/140643/body.omod
装扮屏蔽先遣服,100632,res/entity/140644/body.omod
装扮屏蔽先遣服,100633,res/entity/140645/body.omod
装扮屏蔽先遣服,100634,res/entity/140646/body.omod
装扮屏蔽先遣服,100635,res/entity/140647/body.omod
装扮屏蔽先遣服,100636,res/entity/140648/body.omod
装扮屏蔽先遣服,100637,res/entity/140649/body.omod
装扮屏蔽先遣服,100638,res/entity/140650/body.omod
装扮屏蔽先遣服,100639,res/entity/140651/body.omod
装扮屏蔽先遣服,100640,res/entity/140652/body.omod
装扮屏蔽先遣服,100641,res/entity/140653/body.omod
装扮屏蔽先遣服,100642,res/entity/140654/body.omod
装扮屏蔽先遣服,100643,res/entity/140655/body.omod
装扮屏蔽先遣服,100644,res/entity/140656/body.omod
装扮屏蔽先遣服,100645,res/entity/140657/body.omod
装扮屏蔽先遣服,100646,res/entity/140658/body.omod
装扮屏蔽先遣服,100647,res/entity/140659/body.omod
装扮屏蔽先遣服,100648,res/entity/140660/body.omod
装扮屏蔽先遣服,100649,res/entity/140661/body.omod
装扮屏蔽先遣服,100650,res/entity/140662/body.omod
装扮屏蔽先遣服,100651,res/entity/140663/body.omod
装扮屏蔽先遣服,100652,res/entity/140664/body.omod
装扮屏蔽先遣服,100653,res/entity/140665/body.omod
装扮屏蔽先遣服,100654,res/entity/140666/body.omod
装扮屏蔽先遣服,100655,res/entity/140667/body.omod
装扮屏蔽先遣服,100656,res/entity/140668/body.omod
装扮屏蔽先遣服,100657,res/entity/140669/body.omod
装扮屏蔽先遣服,100658,res/entity/140670/body.omod
装扮屏蔽先遣服,100659,res/entity/140671/body.omod
装扮屏蔽先遣服,100660,res/entity/140672/body.omod
装扮屏蔽先遣服,100661,res/entity/140673/body.omod
装扮屏蔽先遣服,100662,res/entity/140674/body.omod
装扮屏蔽先遣服,100663,res/entity/140675/body.omod
装扮屏蔽先遣服,100664,res/entity/140676/body.omod
装扮屏蔽先遣服,100665,res/entity/140677/body.omod
装扮屏蔽先遣服,100666,res/entity/140678/body.omod
装扮屏蔽先遣服,100667,res/entity/140679/body.omod
装扮屏蔽先遣服,100668,res/entity/140680/body.omod
装扮屏蔽先遣服,100669,res/entity/140681/body.omod
装扮屏蔽先遣服,100670,res/entity/140682/body.omod
装扮屏蔽先遣服,100671,res/entity/140683/body.omod
装扮屏蔽先遣服,100672,res/entity/140684/body.omod
装扮屏蔽先遣服,100673,res/entity/140685/body.omod
装扮屏蔽先遣服,100674,res/entity/140686/body.omod
装扮屏蔽先遣服,100675,res/entity/140687/body.omod
装扮屏蔽先遣服,100676,res/entity/140688/body.omod
装扮屏蔽先遣服,100677,res/entity/140689/body.omod
装扮屏蔽先遣服,100678,res/entity/140690/body.omod
装扮屏蔽先遣服,100679,res/entity/140691/body.omod
装扮屏蔽先遣服,100680,res/entity/140692/body.omod
装扮屏蔽先遣服,100681,res/entity/140693/body.omod
装扮屏蔽先遣服,100682,res/entity/140694/body.omod
装扮屏蔽先遣服,100683,res/entity/140695/body.omod
装扮屏蔽先遣服,100684,res/entity/140696/body.omod
装扮屏蔽先遣服,100685,res/entity/140697/body.omod
装扮屏蔽先遣服,100686,res/entity/140698/body.omod
装扮屏蔽先遣服,100687,res/entity/140699/body.omod
装扮屏蔽先遣服,100688,res/entity/140700/body.omod
装扮屏蔽先遣服,100689,res/entity/140701/body.omod
装扮屏蔽先遣服,100690,res/entity/140702/body.omod
装扮屏蔽先遣服,100691,res/entity/140703/body.omod
装扮屏蔽先遣服,100692,res/entity/140704/body.omod
装扮屏蔽先遣服,100693,res/entity/140705/body.omod
装扮屏蔽先遣服,100694,res/entity/140706/body.omod
装扮屏蔽先遣服,100695,res/entity/140707/body.omod
装扮屏蔽先遣服,100696,res/entity/140708/body.omod
装扮屏蔽先遣服,100697,res/entity/140709/body.omod
装扮屏蔽先遣服,100698,res/entity/140710/body.omod
装扮屏蔽先遣服,100699,res/entity/140711/body.omod
装扮屏蔽先遣服,100700,res/entity/140712/body.omod
装扮屏蔽先遣服,100701,res/entity/140713/body.omod
装扮屏蔽先遣服,100702,res/entity/140714/body.omod
装扮屏蔽先遣服,100703,res/entity/140715/body.omod
装扮屏蔽先遣服,100704,res/entity/140716/body.omod
装扮屏蔽先遣服,100705,res/entity/140717/body.omod
装扮屏蔽先遣服,100706,res/entity/140718/body.omod
装扮屏蔽先遣服,100707,res/entity/140719/body.omod
装扮屏蔽先遣服,100708,res/entity/140720/body.omod
装扮屏蔽先遣服,100709,res/entity/140721/body.omod
装扮屏蔽先遣服,100710,res/entity/140722/body.omod
装扮屏蔽先遣服,100711,res/entity/140723/body.omod
装扮屏蔽先遣服,100712,res/entity/140724/body.omod
装扮屏蔽先遣服,100713,res/entity/140725/body.omod
装扮屏蔽先遣服,100714,res/entity/140726/body.omod
装扮屏蔽先遣服,100715,res/entity/140727/body.omod
装扮屏蔽先遣服,100716,res/entity/140728/body.omod
装扮屏蔽先遣服,100717,res/entity/140729/body.omod
装扮屏蔽先遣服,100718,res/entity/140730/body.omod
装扮屏蔽先遣服,100719,res/entity/140731/body.omod
装扮屏蔽先遣服,100720,res/entity/140732/body.omod
装扮屏蔽先遣服,100721,res/entity/140733/body.omod
装扮屏蔽先遣服,100722,res/entity/140734/body.omod
装扮屏蔽先遣服,100723,res/entity/140735/body.omod
装扮屏蔽先遣服,100724,res/entity/140736/body.omod
装扮屏蔽先遣服,100725,res/entity/140737/body.omod
装扮屏蔽先遣服,100726,res/entity/140738/body.omod
装扮屏蔽先遣服,100727,res/entity/140739/body.omod
装扮屏蔽先遣服,100728,res/entity/140740/body.omod
装扮屏蔽先遣服,100729,res/entity/140741/body.omod
装扮屏蔽先遣服,100730,res/entity/140742/body.omod
装扮屏蔽先遣服,100731,res/entity/140743/body.omod
装扮屏蔽先遣服,100732,res/entity/140744/body.omod
装扮屏蔽先遣服,100733,res/entity/140745/body.omod
装扮屏蔽先遣服,100734,res/entity/140746/body.omod
装扮屏蔽先遣服,100735,res/entity/140747/body.omod
装扮屏蔽先遣服,100736,res/entity/140748/body.omod
装扮屏蔽先遣服,100737,res/entity/140749/body.omod
装扮屏蔽先遣服,100738,res/entity/140750/body.omod
装扮屏蔽先遣服,100739,res/entity/140751/body.omod
装扮屏蔽先遣服,100740,res/entity/140752/body.omod
装扮屏蔽先遣服,100741,res/entity/140753/body.omod
装扮屏蔽先遣服,100742,res/entity/140754/body.omod
装扮屏蔽先遣服,100743,res/entity/140755/body.omod
装扮屏蔽先遣服,100744,res/entity/140756/body.omod
装扮屏蔽先遣服,100745,res/entity/140757/body.omod
装扮屏蔽先遣服,100746,res/entity/140758/body.omod
装扮屏蔽先遣服,100747,res/entity/140759/body.omod
装扮屏蔽先遣服,100748,res/entity/140760/body.omod
装扮屏蔽先遣服,100749,res/entity/140761/body.omod
装扮屏蔽先遣服,100750,res/entity/140762/body.omod
装扮屏蔽先遣服,100751,res/entity/140763/body.omod
装扮屏蔽先遣服,100752,res/entity/140764/body.omod
装扮屏蔽先遣服,100753,res/entity/140765/body.omod
装扮屏蔽先遣服,100754,res/entity/140766/body.omod
装扮屏蔽先遣服,100755,res/entity/140767/body.omod
装扮屏蔽先遣服,100756,res/entity/140768/body.omod
装扮屏蔽先遣服,100757,res/entity/140769/body.omod
装扮屏蔽先遣服,100758,res/entity/140770/body.omod
装扮屏蔽先遣服,100759,res/entity/140771/body.omod
装扮屏蔽先遣服,100760,res/entity/140772/body.omod
装扮屏蔽先遣服,100761,res/entity/140773/body.omod
装扮屏蔽先遣服,100762,res/entity/140774/body.omod
装扮屏蔽先遣服,100763,res/entity/140775/body.omod
装扮屏蔽先遣服,100764,res/entity/140776/body.omod
装扮屏蔽先遣服,100765,res/entity/140777/body.omod
装扮屏蔽先遣服,100766,res/entity/140778/body.omod
装扮屏蔽先遣服,100767,res/entity/140779/body.omod
装扮屏蔽先遣服,100768,res/entity/140780/body.omod
装扮屏蔽先遣服,100769,res/entity/140781/body.omod
装扮屏蔽先遣服,100770,res/entity/140782/body.omod
装扮屏蔽先遣服,100771,res/entity/140783/body.omod
装扮屏蔽先遣服,100772,res/entity/140784/body.omod
装扮屏蔽先遣服,100773,res/entity/140785/body.omod
装扮屏蔽先遣服,100774,res/entity/140786/body.omod
装扮屏蔽先遣服,100775,res/entity/140787/body.omod
装扮屏蔽先遣服,100776,res/entity/140788/body.omod
装扮屏蔽先遣服,100777,res/entity/140789/body.omod
装扮屏蔽先遣服,100778,res/entity/140790/body.omod
装扮屏蔽先遣服,100779,res/entity/140791/body.omod
装扮屏蔽先遣服,100780,res/entity/140792/body.omod
装扮屏蔽先遣服,100781,res/entity/140793/body.omod
装扮屏蔽先遣服,100782,res/entity/140794/body.omod
装扮屏蔽先遣服,100783,res/entity/140795/body.omod
装扮屏蔽先遣服,100784,res/entity/140796/body.omod
装扮屏蔽先遣服,100785,res/entity/140797/body.omod
装扮屏蔽先遣服,100786,res/entity/140798/body.omod
装扮屏蔽先遣服,100787,res/entity/140799/body.omod
装扮屏蔽先遣服,100788,res/entity/140800/body.omod
装扮屏蔽先遣服,100789,res/entity/140801/body.omod
装扮屏蔽先遣服,100790,res/entity/140802/body.omod
装扮屏蔽先遣服,100791,res/entity/140803/body.omod
装扮屏蔽先遣服,100792,res/entity/140804/body.omod
装扮屏蔽先遣服,100793,res/entity/140805/body.omod
装扮屏蔽先遣服,100794,res/entity/140806/body.omod
装扮屏蔽先遣服,100795,res/entity/140807/body.omod
装扮屏蔽先遣服,100796,res/entity/140808/body.omod
装扮屏蔽先遣服,100797,res/entity/140809/body.omod
装扮屏蔽先遣服,100798,res/entity/140810/body.omod
装扮屏蔽先遣服,100799,res/entity/140811/body.omod
装扮屏蔽先遣服,100800,res/entity/140812/body.omod
装扮屏蔽先遣服,100801,res/entity/140813/body.omod
装扮屏蔽先遣服,100802,res/entity/140814/body.omod
装扮屏蔽先遣服,100803,res/entity/140815/body.omod
装扮屏蔽先遣服,100804,res/entity/140816/body.omod
装扮屏蔽先遣服,100805,res/entity/140817/body.omod
装扮屏蔽先遣服,100806,res/entity/140818/body.omod
装扮屏蔽先遣服,100807,res/entity/140819/body.omod
装扮屏蔽先遣服,100808,res/entity/140820/body.omod
装扮屏蔽先遣服,100809,res/entity/140821/body.omod
装扮屏蔽先遣服,100810,res/entity/140822/body.omod
装扮屏蔽先遣服,100811,res/entity/140823/body.omod
装扮屏蔽先遣服,100812,res/entity/140824/body.omod
装扮屏蔽先遣服,100813,res/entity/140825/body.omod
装扮屏蔽先遣服,100814,res/entity/140826/body.omod
装扮屏蔽先遣服,100815,res/entity/140827/body.omod
装扮屏蔽先遣服,100816,res/entity/140828/body.omod
装扮屏蔽先遣服,100817,res/entity/140829/body.omod
装扮屏蔽先遣服,100818,res/entity/140830/body.omod
装扮屏蔽先遣服,100819,res/entity/140831/body.omod
装扮屏蔽先遣服,100820,res/entity/140832/body.omod
装扮屏蔽先遣服,100821,res/entity/140833/body.omod
装扮屏蔽先遣服,100822,res/entity/140834/body.omod
装扮屏蔽先遣服,100823,res/entity/140835/body.omod
装扮屏蔽先遣服,100824,res/entity/140836/body.omod
装扮屏蔽先遣服,100825,res/entity/140837/body.omod
装扮屏蔽先遣服,100826,res/entity/140838/body.omod
装扮屏蔽先遣服,100827,res/entity/140839/body.omod
装扮屏蔽先遣服,100828,res/entity/140840/body.omod
装扮屏蔽先遣服,100829,res/entity/140841/body.omod
装扮屏蔽先遣服,100830,res/entity/140842/body.omod
装扮屏蔽先遣服,100831,res/entity/140843/body.omod
装扮屏蔽先遣服,100832,res/entity/140844/body.omod
装扮屏蔽先遣服,100833,res/entity/140845/body.omod
装扮屏蔽先遣服,100834,res/entity/140846/body.omod
装扮屏蔽先遣服,100835,res/entity/140847/body.omod
装扮屏蔽先遣服,100836,res/entity/140848/body.omod
装扮屏蔽先遣服,100837,res/entity/140849/body.omod
装扮屏蔽先遣服,100838,res/entity/140850/body.omod
装扮屏蔽先遣服,100839,res/entity/140851/body.omod
装扮屏蔽先遣服,100840,res/entity/140852/body.omod
装扮屏蔽先遣服,100841,res/entity/140853/body.omod
装扮屏蔽先遣服,100842,res/entity/140854/body.omod
装扮屏蔽先遣服,100843,res/entity/140855/body.omod
装扮屏蔽先遣服,100844,res/entity/140856/body.omod
装扮屏蔽先遣服,100845,res/entity/140857/body.omod
装扮屏蔽先遣服,100846,res/entity/140858/body.omod
装扮屏蔽先遣服,100847,res/entity/140859/body.omod
装扮屏蔽先遣服,100848,res/entity/140860/body.omod
装扮屏蔽先遣服,100849,res/entity/140861/body.omod
装扮屏蔽先遣服,100850,res/entity/140862/body.omod
装扮屏蔽先遣服,100851,res/entity/140863/body.omod
装扮屏蔽先遣服,100852,res/entity/140864/body.omod
装扮屏蔽先遣服,100853,res/entity/140865/body.omod
装扮屏蔽先遣服,100854,res/entity/140866/body.omod
装扮屏蔽先遣服,100855,res/entity/140867/body.omod
装扮屏蔽先遣服,100856,res/entity/140868/body.omod
装扮屏蔽先遣服,100857,res/entity/140869/body.omod
装扮屏蔽先遣服,100858,res/entity/140870/body.omod
装扮屏蔽先遣服,100859,res/entity/140871/body.omod
装扮屏蔽先遣服,100860,res/entity/140872/body.omod
装扮屏蔽先遣服,100861,res/entity/140873/body.omod
装扮屏蔽先遣服,100862,res/entity/140874/body.omod
装扮屏蔽先遣服,100863,res/entity/140875/body.omod
装扮屏蔽先遣服,100864,res/entity/140876/body.omod
装扮屏蔽先遣服,100865,res/entity/140877/body.omod
装扮屏蔽先遣服,100866,res/entity/140878/body.omod
装扮屏蔽先遣服,100867,res/entity/140879/body.omod
装扮屏蔽先遣服,100868,res/entity/140880/body.omod
装扮屏蔽先遣服,100869,res/entity/140881/body.omod
装扮屏蔽先遣服,100870,res/entity/140882/body.omod
装扮屏蔽先遣服,100871,res/entity/140883/body.omod
装扮屏蔽先遣服,100872,res/entity/140884/body.omod
装扮屏蔽先遣服,100873,res/entity/140885/body.omod
装扮屏蔽先遣服,100874,res/entity/140886/body.omod
装扮屏蔽先遣服,100875,res/entity/140887/body.omod
装扮屏蔽先遣服,100876,res/entity/140888/body.omod
装扮屏蔽先遣服,100877,res/entity/140889/body.omod
装扮屏蔽先遣服,100878,res/entity/140890/body.omod
装扮屏蔽先遣服,100879,res/entity/140891/body.omod
装扮屏蔽先遣服,100880,res/entity/140892/body.omod
装扮屏蔽先遣服,100881,res/entity/140893/body.omod
装扮屏蔽先遣服,100882,res/entity/140894/body.omod
装扮屏蔽先遣服,100883,res/entity/140895/body.omod
装扮屏蔽先遣服,100884,res/entity/140896/body.omod
装扮屏蔽先遣服,100885,res/entity/140897/body.omod
装扮屏蔽先遣服,100886,res/entity/140898/body.omod
装扮屏蔽先遣服,100887,res/entity/140899/body.omod
装扮屏蔽先遣服,100888,res/entity/140900/body.omod
装扮屏蔽先遣服,100889,res/entity/140901/body.omod
装扮屏蔽先遣服,100890,res/entity/140902/body.omod
装扮屏蔽先遣服,100891,res/entity/140903/body.omod
装扮屏蔽先遣服,100892,res/entity/140904/body.omod
装扮屏蔽先遣服,100893,res/entity/140905/body.omod
装扮屏蔽先遣服,100894,res/entity/140906/body.omod
装扮屏蔽先遣服,100895,res/entity/140907/body.omod
装扮屏蔽先遣服,100896,res/entity/140908/body.omod
装扮屏蔽先遣服,100897,res/entity/140909/body.omod
装扮屏蔽先遣服,100898,res/entity/140910/body.omod
装扮屏蔽先遣服,100899,res/entity/140911/body.omod
装扮屏蔽先遣服,100900,res/entity/140912/body.omod
装扮屏蔽先遣服,100901,res/entity/140913/body.omod
装扮屏蔽先遣服,100902,res/entity/140914/body.omod
装扮屏蔽先遣服,100903,res/entity/140915/body.omod
装扮屏蔽先遣服,100904,res/entity/140916/body.omod
装扮屏蔽先遣服,100905,res/entity/140917/body.omod
装扮屏蔽先遣服,100906,res/entity/140918/body.omod
装扮屏蔽先遣服,100907,res/entity/140919/body.omod
装扮屏蔽先遣服,100908,res/entity/140920/body.omod
装扮屏蔽先遣服,100909,res/entity/140921/body.omod
装扮屏蔽先遣服,100910,res/entity/140922/body.omod
装扮屏蔽先遣服,100911,res/entity/140923/body.omod
装扮屏蔽先遣服,100912,res/entity/140924/body.omod
装扮屏蔽先遣服,100913,res/entity/140925/body.omod
装扮屏蔽先遣服,100914,res/entity/140926/body.omod
装扮屏蔽先遣服,100915,res/entity/140927/body.omod
装扮屏蔽先遣服,100916,res/entity/140928/body.omod
装扮屏蔽先遣服,100917,res/entity/140929/body.omod
装扮屏蔽先遣服,100918,res/entity/140930/body.omod
装扮屏蔽先遣服,100919,res/entity/140931/body.omod
装扮屏蔽先遣服,100920,res/entity/140932/body.omod
装扮屏蔽先遣服,100921,res/entity/140933/body.omod
装扮屏蔽先遣服,100922,res/entity/140934/body.omod
装扮屏蔽先遣服,100923,res/entity/140935/body.omod
装扮屏蔽先遣服,100924,res/entity/140936/body.omod
装扮屏蔽先遣服,100925,res/entity/140937/body.omod
装扮屏蔽先遣服,100926,res/entity/140938/body.omod
装扮屏蔽先遣服,100927,res/entity/140939/body.omod
装扮屏蔽先遣服,100928,res/entity/140940/body.omod
装扮屏蔽先遣服,100929,res/entity/140941/body.omod
装扮屏蔽先遣服,100930,res/entity/140942/body.omod
装扮屏蔽先遣服,100931,res/entity/140943/body.omod
装扮屏蔽先遣服,100932,res/entity/140944/body.omod
装扮屏蔽先遣服,100933,res/entity/140945/body.omod
装扮屏蔽先遣服,100934,res/entity/140946/body.omod
装扮屏蔽先遣服,100935,res/entity/140947/body.omod
装扮屏蔽先遣服,100936,res/entity/140948/body.omod
装扮屏蔽先遣服,100937,res/entity/140949/body.omod
装扮屏蔽先遣服,100938,res/entity/140950/body.omod
装扮屏蔽先遣服,100939,res/entity/140951/body.omod
装扮屏蔽先遣服,100940,res/entity/140952/body.omod
装扮屏蔽先遣服,100941,res/entity/140953/body.omod
装扮屏蔽先遣服,100942,res/entity/140954/body.omod
装扮屏蔽先遣服,100943,res/entity/140955/body.omod
装扮屏蔽先遣服,100944,res/entity/140956/body.omod
装扮屏蔽先遣服,100945,res/entity/140957/body.omod
装扮屏蔽先遣服,100946,res/entity/140958/body.omod
装扮屏蔽先遣服,100947,res/entity/140959/body.omod
装扮屏蔽先遣服,100948,res/entity/140960/body.omod
装扮屏蔽先遣服,100949,res/entity/140961/body.omod
装扮屏蔽先遣服,100950,res/entity/140962/body.omod
装扮屏蔽先遣服,100951,res/entity/140963/body.omod
装扮屏蔽先遣服,100952,res/entity/140964/body.omod
装扮屏蔽先遣服,100953,res/entity/140965/body.omod
装扮屏蔽先遣服,100954,res/entity/140966/body.omod
装扮屏蔽先遣服,100955,res/entity/140967/body.omod
装扮屏蔽先遣服,100956,res/entity/140968/body.omod
装扮屏蔽先遣服,100957,res/entity/140969/body.omod
装扮屏蔽先遣服,100958,res/entity/140970/body.omod
装扮屏蔽先遣服,100959,res/entity/140971/body.omod
装扮屏蔽先遣服,100960,res/entity/140972/body.omod
装扮屏蔽先遣服,100961,res/entity/140973/body.omod
装扮屏蔽先遣服,100962,res/entity/140974/body.omod
装扮屏蔽先遣服,100963,res/entity/140975/body.omod
装扮屏蔽先遣服,100964,res/entity/140976/body.omod
装扮屏蔽先遣服,100965,res/entity/140977/body.omod
装扮屏蔽先遣服,100966,res/entity/140978/body.omod
装扮屏蔽先遣服,100967,res/entity/140979/body.omod
装扮屏蔽先遣服,100968,res/entity/140980/body.omod
装扮屏蔽先遣服,100969,res/entity/140981/body.omod
装扮屏蔽先遣服,100970,res/entity/140982/body.omod
装扮屏蔽先遣服,100971,res/entity/140983/body.omod
装扮屏蔽先遣服,100972,res/entity/140984/body.omod
装扮屏蔽先遣服,100973,res/entity/140985/body.omod
装扮屏蔽先遣服,100974,res/entity/140986/body.omod
装扮屏蔽先遣服,100975,res/entity/140987/body.omod
装扮屏蔽先遣服,100976,res/entity/140988/body.omod
装扮屏蔽先遣服,100977,res/entity/140989/body.omod
装扮屏蔽先遣服,100978,res/entity/140990/body.omod
装扮屏蔽先遣服,100979,res/entity/140991/body.omod
装扮屏蔽先遣服,100980,res/entity/140992/body.omod
装扮屏蔽先遣服,100981,res/entity/140993/body.omod
装扮屏蔽先遣服,100982,res/entity/140994/body.omod
装扮屏蔽先遣服,100983,res/entity/140995/body.omod
装扮屏蔽先遣服,100984,res/entity/140996/body.omod
装扮屏蔽先遣服,100985,res/entity/140997/body.omod
装扮屏蔽先遣服,100986,res/entity/140998/body.omod
装扮屏蔽先遣服,100987,res/entity/140999/body.omod
坐骑屏蔽先遣服,200000,res/entity/110075/body.omod
坐骑屏蔽先遣服,200001,res/entity/110076/body.omod
坐骑屏蔽先遣服,200002,res/entity/110077/body.omod
坐骑屏蔽先遣服,200003,res/entity/110078/body.omod
坐骑屏蔽先遣服,200004,res/entity/110079/body.omod
坐骑屏蔽先遣服,200005,res/entity/110080/body.omod
坐骑屏蔽先遣服,200006,res/entity/110081/body.omod
坐骑屏蔽先遣服,200007,res/entity/110082/body.omod
坐骑屏蔽先遣服,200008,res/entity/110083/body.omod
坐骑屏蔽先遣服,200009,res/entity/110084/body.omod
坐骑屏蔽先遣服,200010,res/entity/110085/body.omod
坐骑屏蔽先遣服,200011,res/entity/110086/body.omod
坐骑屏蔽先遣服,200012,res/entity/110087/body.omod
坐骑屏蔽先遣服,200013,res/entity/110088/body.omod
坐骑屏蔽先遣服,200014,res/entity/110089/body.omod
坐骑屏蔽先遣服,200015,res/entity/110090/body.omod
坐骑屏蔽先遣服,200016,res/entity/110091/body.omod
坐骑屏蔽先遣服,200017,res/entity/110092/body.omod
坐骑屏蔽先遣服,200018,res/entity/110093/body.omod
坐骑屏蔽先遣服,200019,res/entity/110094/body.omod
坐骑屏蔽先遣服,200020,res/entity/110095/body.omod
坐骑屏蔽先遣服,200021,res/entity/110096/body.omod
坐骑屏蔽先遣服,200022,res/entity/110097/body.omod
坐骑屏蔽先遣服,200023,res/entity/110098/body.omod
坐骑屏蔽先遣服,200024,res/entity/110099/body.omod
头像png屏蔽先遣服,300058,res/ui/roleicons/99.png
头像png屏蔽先遣服,300059,res/ui/roleicons/100.png
头像png屏蔽先遣服,300060,res/ui/roleicons/101.png
头像png屏蔽先遣服,300061,res/ui/roleicons/102.png
头像png屏蔽先遣服,300062,res/ui/roleicons/103.png
头像png屏蔽先遣服,300063,res/ui/roleicons/104.png
头像png屏蔽先遣服,300064,res/ui/roleicons/105.png
头像png屏蔽先遣服,300065,res/ui/roleicons/106.png
头像png屏蔽先遣服,300066,res/ui/roleicons/107.png
头像png屏蔽先遣服,300067,res/ui/roleicons/108.png
头像png屏蔽先遣服,300068,res/ui/roleicons/109.png
头像png屏蔽先遣服,300069,res/ui/roleicons/110.png
头像png屏蔽先遣服,300070,res/ui/roleicons/111.png
头像png屏蔽先遣服,300071,res/ui/roleicons/112.png
头像png屏蔽先遣服,300072,res/ui/roleicons/113.png
头像png屏蔽先遣服,300073,res/ui/roleicons/114.png
头像png屏蔽先遣服,300074,res/ui/roleicons/115.png
头像png屏蔽先遣服,300075,res/ui/roleicons/116.png
头像png屏蔽先遣服,300076,res/ui/roleicons/117.png
头像png屏蔽先遣服,300077,res/ui/roleicons/118.png
头像png屏蔽先遣服,300078,res/ui/roleicons/119.png
头像png屏蔽先遣服,300079,res/ui/roleicons/120.png
头像png屏蔽先遣服,300080,res/ui/roleicons/121.png
头像png屏蔽先遣服,300081,res/ui/roleicons/122.png
头像png屏蔽先遣服,300082,res/ui/roleicons/123.png
头像png屏蔽先遣服,300083,res/ui/roleicons/124.png
头像png屏蔽先遣服,300084,res/ui/roleicons/125.png
头像png屏蔽先遣服,300085,res/ui/roleicons/126.png
头像png屏蔽先遣服,300086,res/ui/roleicons/127.png
头像png屏蔽先遣服,300087,res/ui/roleicons/128.png
头像png屏蔽先遣服,300088,res/ui/roleicons/129.png
头像png屏蔽先遣服,300089,res/ui/roleicons/130.png
头像png屏蔽先遣服,300090,res/ui/roleicons/131.png
头像png屏蔽先遣服,300091,res/ui/roleicons/132.png
头像png屏蔽先遣服,300092,res/ui/roleicons/133.png
头像png屏蔽先遣服,300093,res/ui/roleicons/134.png
头像png屏蔽先遣服,300094,res/ui/roleicons/135.png
头像png屏蔽先遣服,300095,res/ui/roleicons/136.png
头像png屏蔽先遣服,300096,res/ui/roleicons/137.png
头像png屏蔽先遣服,300097,res/ui/roleicons/138.png
头像png屏蔽先遣服,300098,res/ui/roleicons/139.png
头像png屏蔽先遣服,300099,res/ui/roleicons/140.png
头像png屏蔽先遣服,300100,res/ui/roleicons/141.png
头像png屏蔽先遣服,300101,res/ui/roleicons/142.png
头像png屏蔽先遣服,300102,res/ui/roleicons/143.png
头像png屏蔽先遣服,300103,res/ui/roleicons/144.png
头像png屏蔽先遣服,300104,res/ui/roleicons/145.png
头像png屏蔽先遣服,300105,res/ui/roleicons/146.png
头像png屏蔽先遣服,300106,res/ui/roleicons/147.png
头像png屏蔽先遣服,300107,res/ui/roleicons/148.png
头像png屏蔽先遣服,300108,res/ui/roleicons/149.png
头像png屏蔽先遣服,300109,res/ui/roleicons/150.png
头像png屏蔽先遣服,300110,res/ui/roleicons/151.png
头像png屏蔽先遣服,300111,res/ui/roleicons/152.png
头像png屏蔽先遣服,300112,res/ui/roleicons/153.png
头像png屏蔽先遣服,300113,res/ui/roleicons/154.png
头像png屏蔽先遣服,300114,res/ui/roleicons/155.png
头像png屏蔽先遣服,300115,res/ui/roleicons/156.png
头像png屏蔽先遣服,300116,res/ui/roleicons/157.png
头像png屏蔽先遣服,300117,res/ui/roleicons/158.png
头像png屏蔽先遣服,300118,res/ui/roleicons/159.png
头像png屏蔽先遣服,300119,res/ui/roleicons/160.png
头像png屏蔽先遣服,300120,res/ui/roleicons/161.png
头像png屏蔽先遣服,300121,res/ui/roleicons/162.png
头像png屏蔽先遣服,300122,res/ui/roleicons/163.png
头像png屏蔽先遣服,300123,res/ui/roleicons/164.png
头像png屏蔽先遣服,300124,res/ui/roleicons/165.png
头像png屏蔽先遣服,300125,res/ui/roleicons/166.png
头像png屏蔽先遣服,300126,res/ui/roleicons/167.png
头像png屏蔽先遣服,300127,res/ui/roleicons/168.png
头像png屏蔽先遣服,300128,res/ui/roleicons/169.png
头像png屏蔽先遣服,300129,res/ui/roleicons/170.png
头像png屏蔽先遣服,300130,res/ui/roleicons/171.png
头像png屏蔽先遣服,300131,res/ui/roleicons/172.png
头像png屏蔽先遣服,300132,res/ui/roleicons/173.png
头像png屏蔽先遣服,300133,res/ui/roleicons/174.png
头像png屏蔽先遣服,300134,res/ui/roleicons/175.png
头像png屏蔽先遣服,300135,res/ui/roleicons/176.png
头像png屏蔽先遣服,300136,res/ui/roleicons/177.png
头像png屏蔽先遣服,300137,res/ui/roleicons/178.png
头像png屏蔽先遣服,300138,res/ui/roleicons/179.png
头像png屏蔽先遣服,300139,res/ui/roleicons/180.png
头像png屏蔽先遣服,300140,res/ui/roleicons/181.png
头像png屏蔽先遣服,300141,res/ui/roleicons/182.png
头像png屏蔽先遣服,300142,res/ui/roleicons/183.png
头像png屏蔽先遣服,300143,res/ui/roleicons/184.png
头像png屏蔽先遣服,300144,res/ui/roleicons/185.png
头像png屏蔽先遣服,300145,res/ui/roleicons/186.png
头像png屏蔽先遣服,300146,res/ui/roleicons/187.png
头像png屏蔽先遣服,300147,res/ui/roleicons/188.png
头像png屏蔽先遣服,300148,res/ui/roleicons/189.png
头像png屏蔽先遣服,300149,res/ui/roleicons/190.png
头像png屏蔽先遣服,300150,res/ui/roleicons/191.png
头像png屏蔽先遣服,300151,res/ui/roleicons/192.png
头像png屏蔽先遣服,300152,res/ui/roleicons/193.png
头像png屏蔽先遣服,300153,res/ui/roleicons/194.png
头像png屏蔽先遣服,300154,res/ui/roleicons/195.png
头像png屏蔽先遣服,300155,res/ui/roleicons/196.png
头像png屏蔽先遣服,300156,res/ui/roleicons/197.png
头像png屏蔽先遣服,300157,res/ui/roleicons/198.png
头像png屏蔽先遣服,300158,res/ui/roleicons/199.png
头像png屏蔽先遣服,300159,res/ui/roleicons/200.png
头像png屏蔽先遣服,300160,res/ui/roleicons/201.png
头像png屏蔽先遣服,300161,res/ui/roleicons/202.png
头像png屏蔽先遣服,300162,res/ui/roleicons/203.png
头像png屏蔽先遣服,300163,res/ui/roleicons/204.png
头像png屏蔽先遣服,300170,res/ui/roleicons/211.png
头像png屏蔽先遣服,300177,res/ui/roleicons/218.png
头像png屏蔽先遣服,300178,res/ui/roleicons/219.png
头像png屏蔽先遣服,300179,res/ui/roleicons/220.png
头像png屏蔽先遣服,300180,res/ui/roleicons/221.png
头像png屏蔽先遣服,300181,res/ui/roleicons/222.png
头像png屏蔽先遣服,300182,res/ui/roleicons/223.png
头像png屏蔽先遣服,300183,res/ui/roleicons/224.png
头像png屏蔽先遣服,300184,res/ui/roleicons/225.png
头像png屏蔽先遣服,300185,res/ui/roleicons/226.png
头像png屏蔽先遣服,300186,res/ui/roleicons/227.png
头像png屏蔽先遣服,300187,res/ui/roleicons/228.png
头像png屏蔽先遣服,300188,res/ui/roleicons/229.png
头像png屏蔽先遣服,300189,res/ui/roleicons/230.png
头像png屏蔽先遣服,300190,res/ui/roleicons/231.png
头像png屏蔽先遣服,300191,res/ui/roleicons/232.png
头像png屏蔽先遣服,300192,res/ui/roleicons/233.png
头像png屏蔽先遣服,300193,res/ui/roleicons/234.png
头像png屏蔽先遣服,300194,res/ui/roleicons/235.png
头像png屏蔽先遣服,300195,res/ui/roleicons/236.png
头像png屏蔽先遣服,300196,res/ui/roleicons/237.png
头像png屏蔽先遣服,300197,res/ui/roleicons/238.png
头像png屏蔽先遣服,300198,res/ui/roleicons/239.png
头像png屏蔽先遣服,300199,res/ui/roleicons/240.png
头像png屏蔽先遣服,300200,res/ui/roleicons/241.png
头像png屏蔽先遣服,300201,res/ui/roleicons/242.png
头像png屏蔽先遣服,300202,res/ui/roleicons/243.png
头像png屏蔽先遣服,300203,res/ui/roleicons/244.png
头像png屏蔽先遣服,300204,res/ui/roleicons/245.png
头像png屏蔽先遣服,300205,res/ui/roleicons/246.png
头像png屏蔽先遣服,300206,res/ui/roleicons/247.png
头像png屏蔽先遣服,300207,res/ui/roleicons/248.png
头像png屏蔽先遣服,300208,res/ui/roleicons/249.png
头像png屏蔽先遣服,300209,res/ui/roleicons/250.png
头像png屏蔽先遣服,300210,res/ui/roleicons/251.png
头像png屏蔽先遣服,300211,res/ui/roleicons/252.png
头像png屏蔽先遣服,300212,res/ui/roleicons/253.png
头像png屏蔽先遣服,300213,res/ui/roleicons/254.png
头像png屏蔽先遣服,300214,res/ui/roleicons/255.png
头像png屏蔽先遣服,300215,res/ui/roleicons/256.png
头像png屏蔽先遣服,300216,res/ui/roleicons/257.png
头像png屏蔽先遣服,300217,res/ui/roleicons/258.png
头像png屏蔽先遣服,300218,res/ui/roleicons/259.png
头像png屏蔽先遣服,300219,res/ui/roleicons/260.png
头像png屏蔽先遣服,300220,res/ui/roleicons/261.png
头像png屏蔽先遣服,300221,res/ui/roleicons/262.png
头像png屏蔽先遣服,300222,res/ui/roleicons/263.png
头像png屏蔽先遣服,300223,res/ui/roleicons/264.png
头像png屏蔽先遣服,300224,res/ui/roleicons/265.png
头像png屏蔽先遣服,300225,res/ui/roleicons/266.png
头像png屏蔽先遣服,300226,res/ui/roleicons/267.png
头像png屏蔽先遣服,300227,res/ui/roleicons/268.png
头像png屏蔽先遣服,300228,res/ui/roleicons/269.png
头像png屏蔽先遣服,300229,res/ui/roleicons/270.png
头像png屏蔽先遣服,300230,res/ui/roleicons/271.png
头像png屏蔽先遣服,300231,res/ui/roleicons/272.png
头像png屏蔽先遣服,300232,res/ui/roleicons/273.png
头像png屏蔽先遣服,300233,res/ui/roleicons/274.png
头像png屏蔽先遣服,300234,res/ui/roleicons/275.png
头像png屏蔽先遣服,300235,res/ui/roleicons/276.png
头像png屏蔽先遣服,300236,res/ui/roleicons/277.png
头像png屏蔽先遣服,300237,res/ui/roleicons/278.png
头像png屏蔽先遣服,300238,res/ui/roleicons/279.png
头像png屏蔽先遣服,300239,res/ui/roleicons/280.png
头像png屏蔽先遣服,300240,res/ui/roleicons/281.png
头像png屏蔽先遣服,300241,res/ui/roleicons/282.png
头像png屏蔽先遣服,300242,res/ui/roleicons/283.png
头像png屏蔽先遣服,300243,res/ui/roleicons/284.png
头像png屏蔽先遣服,300244,res/ui/roleicons/285.png
头像png屏蔽先遣服,300245,res/ui/roleicons/286.png
头像png屏蔽先遣服,300246,res/ui/roleicons/287.png
头像png屏蔽先遣服,300247,res/ui/roleicons/288.png
头像png屏蔽先遣服,300248,res/ui/roleicons/289.png
头像png屏蔽先遣服,300249,res/ui/roleicons/290.png
头像png屏蔽先遣服,300250,res/ui/roleicons/291.png
头像png屏蔽先遣服,300251,res/ui/roleicons/292.png
头像png屏蔽先遣服,300252,res/ui/roleicons/293.png
头像png屏蔽先遣服,300253,res/ui/roleicons/294.png
头像png屏蔽先遣服,300254,res/ui/roleicons/295.png
头像png屏蔽先遣服,300255,res/ui/roleicons/296.png
头像png屏蔽先遣服,300256,res/ui/roleicons/297.png
头像png屏蔽先遣服,300257,res/ui/roleicons/298.png
头像png屏蔽先遣服,300258,res/ui/roleicons/299.png
头像png屏蔽先遣服,300259,res/ui/roleicons/300.png
头像png屏蔽先遣服,300260,res/ui/roleicons/301.png
头像png屏蔽先遣服,300261,res/ui/roleicons/302.png
头像png屏蔽先遣服,300262,res/ui/roleicons/303.png
头像png屏蔽先遣服,300263,res/ui/roleicons/304.png
头像png屏蔽先遣服,300264,res/ui/roleicons/305.png
头像png屏蔽先遣服,300265,res/ui/roleicons/306.png
头像png屏蔽先遣服,300266,res/ui/roleicons/307.png
头像png屏蔽先遣服,300267,res/ui/roleicons/308.png
头像png屏蔽先遣服,300268,res/ui/roleicons/309.png
头像png屏蔽先遣服,300269,res/ui/roleicons/310.png
头像png屏蔽先遣服,300270,res/ui/roleicons/311.png
头像png屏蔽先遣服,300271,res/ui/roleicons/312.png
头像png屏蔽先遣服,300272,res/ui/roleicons/313.png
头像png屏蔽先遣服,300273,res/ui/roleicons/314.png
头像png屏蔽先遣服,300274,res/ui/roleicons/315.png
头像png屏蔽先遣服,300275,res/ui/roleicons/316.png
头像png屏蔽先遣服,300276,res/ui/roleicons/317.png
头像png屏蔽先遣服,300277,res/ui/roleicons/318.png
头像png屏蔽先遣服,300278,res/ui/roleicons/319.png
头像png屏蔽先遣服,300279,res/ui/roleicons/320.png
头像png屏蔽先遣服,300280,res/ui/roleicons/321.png
头像png屏蔽先遣服,300281,res/ui/roleicons/322.png
头像png屏蔽先遣服,300282,res/ui/roleicons/323.png
头像png屏蔽先遣服,300283,res/ui/roleicons/324.png
头像png屏蔽先遣服,300284,res/ui/roleicons/325.png
头像png屏蔽先遣服,300285,res/ui/roleicons/326.png
头像png屏蔽先遣服,300286,res/ui/roleicons/327.png
头像png屏蔽先遣服,300287,res/ui/roleicons/328.png
头像png屏蔽先遣服,300288,res/ui/roleicons/329.png
头像png屏蔽先遣服,300289,res/ui/roleicons/330.png
头像png屏蔽先遣服,300290,res/ui/roleicons/331.png
头像png屏蔽先遣服,300291,res/ui/roleicons/332.png
头像png屏蔽先遣服,300292,res/ui/roleicons/333.png
头像png屏蔽先遣服,300293,res/ui/roleicons/334.png
头像png屏蔽先遣服,300294,res/ui/roleicons/335.png
头像png屏蔽先遣服,300295,res/ui/roleicons/336.png
头像png屏蔽先遣服,300296,res/ui/roleicons/337.png
头像png屏蔽先遣服,300297,res/ui/roleicons/338.png
头像png屏蔽先遣服,300298,res/ui/roleicons/339.png
头像png屏蔽先遣服,300299,res/ui/roleicons/340.png
头像png屏蔽先遣服,300300,res/ui/roleicons/341.png
头像png屏蔽先遣服,300301,res/ui/roleicons/342.png
头像png屏蔽先遣服,300302,res/ui/roleicons/343.png
头像png屏蔽先遣服,300303,res/ui/roleicons/344.png
头像png屏蔽先遣服,300304,res/ui/roleicons/345.png
头像png屏蔽先遣服,300305,res/ui/roleicons/346.png
头像png屏蔽先遣服,300306,res/ui/roleicons/347.png
头像png屏蔽先遣服,300307,res/ui/roleicons/348.png
头像png屏蔽先遣服,300308,res/ui/roleicons/349.png
头像png屏蔽先遣服,300309,res/ui/roleicons/350.png
头像png屏蔽先遣服,300310,res/ui/roleicons/351.png
头像png屏蔽先遣服,300311,res/ui/roleicons/352.png
头像png屏蔽先遣服,300312,res/ui/roleicons/353.png
头像png屏蔽先遣服,300313,res/ui/roleicons/354.png
头像png屏蔽先遣服,300314,res/ui/roleicons/355.png
头像png屏蔽先遣服,300315,res/ui/roleicons/356.png
头像png屏蔽先遣服,300316,res/ui/roleicons/357.png
头像png屏蔽先遣服,300317,res/ui/roleicons/358.png
头像png屏蔽先遣服,300318,res/ui/roleicons/359.png
头像png屏蔽先遣服,300319,res/ui/roleicons/360.png
头像png屏蔽先遣服,300320,res/ui/roleicons/361.png
头像png屏蔽先遣服,300321,res/ui/roleicons/362.png
头像png屏蔽先遣服,300322,res/ui/roleicons/363.png
头像png屏蔽先遣服,300323,res/ui/roleicons/364.png
头像png屏蔽先遣服,300324,res/ui/roleicons/365.png
头像png屏蔽先遣服,300325,res/ui/roleicons/366.png
头像png屏蔽先遣服,300326,res/ui/roleicons/367.png
头像png屏蔽先遣服,300327,res/ui/roleicons/368.png
头像png屏蔽先遣服,300328,res/ui/roleicons/369.png
头像png屏蔽先遣服,300329,res/ui/roleicons/370.png
头像png屏蔽先遣服,300330,res/ui/roleicons/371.png
头像png屏蔽先遣服,300331,res/ui/roleicons/372.png
头像png屏蔽先遣服,300332,res/ui/roleicons/373.png
头像png屏蔽先遣服,300333,res/ui/roleicons/374.png
头像png屏蔽先遣服,300334,res/ui/roleicons/375.png
头像png屏蔽先遣服,300335,res/ui/roleicons/376.png
头像png屏蔽先遣服,300336,res/ui/roleicons/377.png
头像png屏蔽先遣服,300337,res/ui/roleicons/378.png
头像png屏蔽先遣服,300338,res/ui/roleicons/379.png
头像png屏蔽先遣服,300339,res/ui/roleicons/380.png
头像png屏蔽先遣服,300340,res/ui/roleicons/381.png
头像png屏蔽先遣服,300341,res/ui/roleicons/382.png
头像png屏蔽先遣服,300342,res/ui/roleicons/383.png
头像png屏蔽先遣服,300343,res/ui/roleicons/384.png
头像png屏蔽先遣服,300344,res/ui/roleicons/385.png
头像png屏蔽先遣服,300345,res/ui/roleicons/386.png
头像png屏蔽先遣服,300346,res/ui/roleicons/387.png
头像png屏蔽先遣服,300347,res/ui/roleicons/388.png
头像png屏蔽先遣服,300348,res/ui/roleicons/389.png
头像png屏蔽先遣服,300349,res/ui/roleicons/390.png
头像png屏蔽先遣服,300350,res/ui/roleicons/391.png
头像png屏蔽先遣服,300351,res/ui/roleicons/392.png
头像png屏蔽先遣服,300352,res/ui/roleicons/393.png
头像png屏蔽先遣服,300353,res/ui/roleicons/394.png
头像png屏蔽先遣服,300354,res/ui/roleicons/395.png
头像png屏蔽先遣服,300355,res/ui/roleicons/396.png
头像png屏蔽先遣服,300356,res/ui/roleicons/397.png
头像png屏蔽先遣服,300357,res/ui/roleicons/398.png
头像png屏蔽先遣服,300358,res/ui/roleicons/399.png
头像png屏蔽先遣服,300359,res/ui/roleicons/400.png
头像png屏蔽先遣服,300360,res/ui/roleicons/401.png
头像png屏蔽先遣服,300361,res/ui/roleicons/402.png
头像png屏蔽先遣服,300362,res/ui/roleicons/403.png
头像png屏蔽先遣服,300363,res/ui/roleicons/404.png
头像png屏蔽先遣服,300364,res/ui/roleicons/405.png
头像png屏蔽先遣服,300365,res/ui/roleicons/406.png
头像png屏蔽先遣服,300366,res/ui/roleicons/407.png
头像png屏蔽先遣服,300367,res/ui/roleicons/408.png
头像png屏蔽先遣服,300368,res/ui/roleicons/409.png
头像png屏蔽先遣服,300369,res/ui/roleicons/410.png
头像png屏蔽先遣服,300370,res/ui/roleicons/411.png
头像png屏蔽先遣服,300371,res/ui/roleicons/412.png
头像png屏蔽先遣服,300372,res/ui/roleicons/413.png
头像png屏蔽先遣服,300373,res/ui/roleicons/414.png
头像png屏蔽先遣服,300374,res/ui/roleicons/415.png
头像png屏蔽先遣服,300375,res/ui/roleicons/416.png
头像png屏蔽先遣服,300376,res/ui/roleicons/417.png
头像png屏蔽先遣服,300377,res/ui/roleicons/418.png
头像png屏蔽先遣服,300378,res/ui/roleicons/419.png
头像png屏蔽先遣服,300379,res/ui/roleicons/420.png
头像png屏蔽先遣服,300380,res/ui/roleicons/421.png
头像png屏蔽先遣服,300381,res/ui/roleicons/422.png
头像png屏蔽先遣服,300382,res/ui/roleicons/423.png
头像png屏蔽先遣服,300383,res/ui/roleicons/424.png
头像png屏蔽先遣服,300384,res/ui/roleicons/425.png
头像png屏蔽先遣服,300385,res/ui/roleicons/426.png
头像png屏蔽先遣服,300386,res/ui/roleicons/427.png
头像png屏蔽先遣服,300387,res/ui/roleicons/428.png
头像png屏蔽先遣服,300388,res/ui/roleicons/429.png
头像png屏蔽先遣服,300389,res/ui/roleicons/430.png
头像png屏蔽先遣服,300390,res/ui/roleicons/431.png
头像png屏蔽先遣服,300391,res/ui/roleicons/432.png
头像png屏蔽先遣服,300392,res/ui/roleicons/433.png
头像png屏蔽先遣服,300393,res/ui/roleicons/434.png
头像png屏蔽先遣服,300394,res/ui/roleicons/435.png
头像png屏蔽先遣服,300395,res/ui/roleicons/436.png
头像png屏蔽先遣服,300396,res/ui/roleicons/437.png
头像png屏蔽先遣服,300397,res/ui/roleicons/438.png
头像png屏蔽先遣服,300398,res/ui/roleicons/439.png
头像png屏蔽先遣服,300399,res/ui/roleicons/440.png
头像png屏蔽先遣服,300400,res/ui/roleicons/441.png
头像png屏蔽先遣服,300401,res/ui/roleicons/442.png
头像png屏蔽先遣服,300402,res/ui/roleicons/443.png
头像png屏蔽先遣服,300403,res/ui/roleicons/444.png
头像png屏蔽先遣服,300404,res/ui/roleicons/445.png
头像png屏蔽先遣服,300405,res/ui/roleicons/446.png
头像png屏蔽先遣服,300406,res/ui/roleicons/447.png
头像png屏蔽先遣服,300407,res/ui/roleicons/448.png
头像png屏蔽先遣服,300408,res/ui/roleicons/449.png
头像png屏蔽先遣服,300409,res/ui/roleicons/450.png
头像png屏蔽先遣服,300410,res/ui/roleicons/451.png
头像png屏蔽先遣服,300411,res/ui/roleicons/452.png
头像png屏蔽先遣服,300412,res/ui/roleicons/453.png
头像png屏蔽先遣服,300413,res/ui/roleicons/454.png
头像png屏蔽先遣服,300414,res/ui/roleicons/455.png
头像png屏蔽先遣服,300415,res/ui/roleicons/456.png
头像png屏蔽先遣服,300416,res/ui/roleicons/457.png
头像png屏蔽先遣服,300417,res/ui/roleicons/458.png
头像png屏蔽先遣服,300418,res/ui/roleicons/459.png
头像png屏蔽先遣服,300419,res/ui/roleicons/460.png
头像png屏蔽先遣服,300420,res/ui/roleicons/461.png
头像png屏蔽先遣服,300421,res/ui/roleicons/462.png
头像png屏蔽先遣服,300422,res/ui/roleicons/463.png
头像png屏蔽先遣服,300423,res/ui/roleicons/464.png
头像png屏蔽先遣服,300424,res/ui/roleicons/465.png
头像png屏蔽先遣服,300425,res/ui/roleicons/466.png
头像png屏蔽先遣服,300426,res/ui/roleicons/467.png
头像png屏蔽先遣服,300427,res/ui/roleicons/468.png
头像png屏蔽先遣服,300428,res/ui/roleicons/469.png
头像png屏蔽先遣服,300429,res/ui/roleicons/470.png
头像png屏蔽先遣服,300430,res/ui/roleicons/471.png
头像png屏蔽先遣服,300431,res/ui/roleicons/472.png
头像png屏蔽先遣服,300432,res/ui/roleicons/473.png
头像png屏蔽先遣服,300433,res/ui/roleicons/474.png
头像png屏蔽先遣服,300434,res/ui/roleicons/475.png
头像png屏蔽先遣服,300435,res/ui/roleicons/476.png
头像png屏蔽先遣服,300436,res/ui/roleicons/477.png
头像png屏蔽先遣服,300437,res/ui/roleicons/478.png
头像png屏蔽先遣服,300438,res/ui/roleicons/479.png
头像png屏蔽先遣服,300439,res/ui/roleicons/480.png
头像png屏蔽先遣服,300440,res/ui/roleicons/481.png
头像png屏蔽先遣服,300441,res/ui/roleicons/482.png
头像png屏蔽先遣服,300442,res/ui/roleicons/483.png
头像png屏蔽先遣服,300443,res/ui/roleicons/484.png
头像png屏蔽先遣服,300444,res/ui/roleicons/485.png
头像png屏蔽先遣服,300445,res/ui/roleicons/486.png
头像png屏蔽先遣服,300446,res/ui/roleicons/487.png
头像png屏蔽先遣服,300447,res/ui/roleicons/488.png
头像png屏蔽先遣服,300448,res/ui/roleicons/489.png
头像png屏蔽先遣服,300449,res/ui/roleicons/490.png
头像png屏蔽先遣服,300450,res/ui/roleicons/491.png
头像png屏蔽先遣服,300451,res/ui/roleicons/492.png
头像png屏蔽先遣服,300452,res/ui/roleicons/493.png
头像png屏蔽先遣服,300453,res/ui/roleicons/494.png
头像png屏蔽先遣服,300454,res/ui/roleicons/495.png
头像png屏蔽先遣服,300455,res/ui/roleicons/496.png
头像png屏蔽先遣服,300456,res/ui/roleicons/497.png
头像png屏蔽先遣服,300457,res/ui/roleicons/498.png
头像png屏蔽先遣服,300458,res/ui/roleicons/499.png
头像png屏蔽先遣服,300459,res/ui/roleicons/500.png
头像png屏蔽先遣服,300460,res/ui/roleicons/501.png
头像png屏蔽先遣服,300461,res/ui/roleicons/502.png
头像png屏蔽先遣服,300462,res/ui/roleicons/503.png
头像png屏蔽先遣服,300463,res/ui/roleicons/504.png
头像png屏蔽先遣服,300464,res/ui/roleicons/505.png
头像png屏蔽先遣服,300465,res/ui/roleicons/506.png
头像png屏蔽先遣服,300466,res/ui/roleicons/507.png
头像png屏蔽先遣服,300467,res/ui/roleicons/508.png
头像png屏蔽先遣服,300468,res/ui/roleicons/509.png
头像png屏蔽先遣服,300469,res/ui/roleicons/510.png
头像png屏蔽先遣服,300470,res/ui/roleicons/511.png
头像png屏蔽先遣服,300471,res/ui/roleicons/512.png
头像png屏蔽先遣服,300472,res/ui/roleicons/513.png
头像png屏蔽先遣服,300473,res/ui/roleicons/514.png
头像png屏蔽先遣服,300474,res/ui/roleicons/515.png
头像png屏蔽先遣服,300475,res/ui/roleicons/516.png
头像png屏蔽先遣服,300476,res/ui/roleicons/517.png
头像png屏蔽先遣服,300477,res/ui/roleicons/518.png
头像png屏蔽先遣服,300478,res/ui/roleicons/519.png
头像png屏蔽先遣服,300479,res/ui/roleicons/520.png
头像png屏蔽先遣服,300480,res/ui/roleicons/521.png
头像png屏蔽先遣服,300481,res/ui/roleicons/522.png
头像png屏蔽先遣服,300482,res/ui/roleicons/523.png
头像png屏蔽先遣服,300483,res/ui/roleicons/524.png
头像png屏蔽先遣服,300484,res/ui/roleicons/525.png
头像png屏蔽先遣服,300485,res/ui/roleicons/526.png
头像png屏蔽先遣服,300486,res/ui/roleicons/527.png
头像png屏蔽先遣服,300487,res/ui/roleicons/528.png
头像png屏蔽先遣服,300488,res/ui/roleicons/529.png
头像png屏蔽先遣服,300489,res/ui/roleicons/530.png
头像png屏蔽先遣服,300490,res/ui/roleicons/531.png
头像png屏蔽先遣服,300491,res/ui/roleicons/532.png
头像png屏蔽先遣服,300492,res/ui/roleicons/533.png
头像png屏蔽先遣服,300493,res/ui/roleicons/534.png
头像png屏蔽先遣服,300494,res/ui/roleicons/535.png
头像png屏蔽先遣服,300495,res/ui/roleicons/536.png
头像png屏蔽先遣服,300496,res/ui/roleicons/537.png
头像png屏蔽先遣服,300497,res/ui/roleicons/538.png
头像png屏蔽先遣服,300498,res/ui/roleicons/539.png
头像png屏蔽先遣服,300499,res/ui/roleicons/540.png
头像png屏蔽先遣服,300500,res/ui/roleicons/541.png
头像png屏蔽先遣服,300501,res/ui/roleicons/542.png
头像png屏蔽先遣服,300502,res/ui/roleicons/543.png
头像png屏蔽先遣服,300503,res/ui/roleicons/544.png
头像png屏蔽先遣服,300504,res/ui/roleicons/545.png
头像png屏蔽先遣服,300505,res/ui/roleicons/546.png
头像png屏蔽先遣服,300506,res/ui/roleicons/547.png
头像png屏蔽先遣服,300507,res/ui/roleicons/548.png
头像png屏蔽先遣服,300508,res/ui/roleicons/549.png
头像png屏蔽先遣服,300509,res/ui/roleicons/550.png
头像png屏蔽先遣服,300510,res/ui/roleicons/551.png
头像png屏蔽先遣服,300511,res/ui/roleicons/552.png
头像png屏蔽先遣服,300512,res/ui/roleicons/553.png
头像png屏蔽先遣服,300513,res/ui/roleicons/554.png
头像png屏蔽先遣服,300514,res/ui/roleicons/555.png
头像png屏蔽先遣服,300515,res/ui/roleicons/556.png
头像png屏蔽先遣服,300516,res/ui/roleicons/557.png
头像png屏蔽先遣服,300517,res/ui/roleicons/558.png
头像png屏蔽先遣服,300518,res/ui/roleicons/559.png
头像png屏蔽先遣服,300519,res/ui/roleicons/560.png
头像png屏蔽先遣服,300520,res/ui/roleicons/561.png
头像png屏蔽先遣服,300521,res/ui/roleicons/562.png
头像png屏蔽先遣服,300522,res/ui/roleicons/563.png
头像png屏蔽先遣服,300523,res/ui/roleicons/564.png
头像png屏蔽先遣服,300524,res/ui/roleicons/565.png
头像png屏蔽先遣服,300525,res/ui/roleicons/566.png
头像png屏蔽先遣服,300526,res/ui/roleicons/567.png
头像png屏蔽先遣服,300527,res/ui/roleicons/568.png
头像png屏蔽先遣服,300528,res/ui/roleicons/569.png
头像png屏蔽先遣服,300529,res/ui/roleicons/570.png
头像png屏蔽先遣服,300530,res/ui/roleicons/571.png
头像png屏蔽先遣服,300531,res/ui/roleicons/572.png
头像png屏蔽先遣服,300532,res/ui/roleicons/573.png
头像png屏蔽先遣服,300533,res/ui/roleicons/574.png
头像png屏蔽先遣服,300534,res/ui/roleicons/575.png
头像png屏蔽先遣服,300535,res/ui/roleicons/576.png
头像png屏蔽先遣服,300536,res/ui/roleicons/577.png
头像png屏蔽先遣服,300537,res/ui/roleicons/578.png
头像png屏蔽先遣服,300538,res/ui/roleicons/579.png
头像png屏蔽先遣服,300539,res/ui/roleicons/580.png
头像png屏蔽先遣服,300540,res/ui/roleicons/581.png
头像png屏蔽先遣服,300541,res/ui/roleicons/582.png
头像png屏蔽先遣服,300542,res/ui/roleicons/583.png
头像png屏蔽先遣服,300543,res/ui/roleicons/584.png
头像png屏蔽先遣服,300544,res/ui/roleicons/585.png
头像png屏蔽先遣服,300545,res/ui/roleicons/586.png
头像png屏蔽先遣服,300546,res/ui/roleicons/587.png
头像png屏蔽先遣服,300547,res/ui/roleicons/588.png
头像png屏蔽先遣服,300548,res/ui/roleicons/589.png
头像png屏蔽先遣服,300549,res/ui/roleicons/590.png
头像png屏蔽先遣服,300550,res/ui/roleicons/591.png
头像png屏蔽先遣服,300551,res/ui/roleicons/592.png
头像png屏蔽先遣服,300552,res/ui/roleicons/593.png
头像png屏蔽先遣服,300553,res/ui/roleicons/594.png
头像png屏蔽先遣服,300554,res/ui/roleicons/595.png
头像png屏蔽先遣服,300555,res/ui/roleicons/596.png
头像png屏蔽先遣服,300556,res/ui/roleicons/597.png
头像png屏蔽先遣服,300557,res/ui/roleicons/598.png
头像png屏蔽先遣服,300558,res/ui/roleicons/599.png
头像png屏蔽先遣服,300559,res/ui/roleicons/600.png
头像png屏蔽先遣服,300560,res/ui/roleicons/601.png
头像png屏蔽先遣服,300561,res/ui/roleicons/602.png
头像png屏蔽先遣服,300562,res/ui/roleicons/603.png
头像png屏蔽先遣服,300563,res/ui/roleicons/604.png
头像png屏蔽先遣服,300564,res/ui/roleicons/605.png
头像png屏蔽先遣服,300565,res/ui/roleicons/606.png
头像png屏蔽先遣服,300566,res/ui/roleicons/607.png
头像png屏蔽先遣服,300567,res/ui/roleicons/608.png
头像png屏蔽先遣服,300568,res/ui/roleicons/609.png
头像png屏蔽先遣服,300569,res/ui/roleicons/610.png
头像png屏蔽先遣服,300570,res/ui/roleicons/611.png
头像png屏蔽先遣服,300571,res/ui/roleicons/612.png
头像png屏蔽先遣服,300572,res/ui/roleicons/613.png
头像png屏蔽先遣服,300573,res/ui/roleicons/614.png
头像png屏蔽先遣服,300574,res/ui/roleicons/615.png
头像png屏蔽先遣服,300575,res/ui/roleicons/616.png
头像png屏蔽先遣服,300576,res/ui/roleicons/617.png
头像png屏蔽先遣服,300577,res/ui/roleicons/618.png
头像png屏蔽先遣服,300578,res/ui/roleicons/619.png
头像png屏蔽先遣服,300579,res/ui/roleicons/620.png
头像png屏蔽先遣服,300580,res/ui/roleicons/621.png
头像png屏蔽先遣服,300581,res/ui/roleicons/622.png
头像png屏蔽先遣服,300582,res/ui/roleicons/623.png
头像png屏蔽先遣服,300583,res/ui/roleicons/624.png
头像png屏蔽先遣服,300584,res/ui/roleicons/625.png
头像png屏蔽先遣服,300585,res/ui/roleicons/626.png
头像png屏蔽先遣服,300586,res/ui/roleicons/627.png
头像png屏蔽先遣服,300587,res/ui/roleicons/628.png
头像png屏蔽先遣服,300588,res/ui/roleicons/629.png
头像png屏蔽先遣服,300589,res/ui/roleicons/630.png
头像png屏蔽先遣服,300590,res/ui/roleicons/631.png
头像png屏蔽先遣服,300591,res/ui/roleicons/632.png
头像png屏蔽先遣服,300592,res/ui/roleicons/633.png
头像png屏蔽先遣服,300593,res/ui/roleicons/634.png
头像png屏蔽先遣服,300594,res/ui/roleicons/635.png
头像png屏蔽先遣服,300595,res/ui/roleicons/636.png
头像png屏蔽先遣服,300596,res/ui/roleicons/637.png
头像png屏蔽先遣服,300597,res/ui/roleicons/638.png
头像png屏蔽先遣服,300598,res/ui/roleicons/639.png
头像png屏蔽先遣服,300599,res/ui/roleicons/640.png
头像png屏蔽先遣服,300600,res/ui/roleicons/641.png
头像png屏蔽先遣服,300601,res/ui/roleicons/642.png
头像png屏蔽先遣服,300602,res/ui/roleicons/643.png
头像png屏蔽先遣服,300603,res/ui/roleicons/644.png
头像png屏蔽先遣服,300604,res/ui/roleicons/645.png
头像png屏蔽先遣服,300605,res/ui/roleicons/646.png
头像png屏蔽先遣服,300606,res/ui/roleicons/647.png
头像png屏蔽先遣服,300607,res/ui/roleicons/648.png
头像png屏蔽先遣服,300608,res/ui/roleicons/649.png
头像png屏蔽先遣服,300609,res/ui/roleicons/650.png
头像png屏蔽先遣服,300610,res/ui/roleicons/651.png
头像png屏蔽先遣服,300611,res/ui/roleicons/652.png
头像png屏蔽先遣服,300612,res/ui/roleicons/653.png
头像png屏蔽先遣服,300613,res/ui/roleicons/654.png
头像png屏蔽先遣服,300614,res/ui/roleicons/655.png
头像png屏蔽先遣服,300615,res/ui/roleicons/656.png
头像png屏蔽先遣服,300616,res/ui/roleicons/657.png
头像png屏蔽先遣服,300617,res/ui/roleicons/658.png
头像png屏蔽先遣服,300618,res/ui/roleicons/659.png
头像png屏蔽先遣服,300619,res/ui/roleicons/660.png
头像png屏蔽先遣服,300620,res/ui/roleicons/661.png
头像png屏蔽先遣服,300621,res/ui/roleicons/662.png
头像png屏蔽先遣服,300622,res/ui/roleicons/663.png
头像png屏蔽先遣服,300623,res/ui/roleicons/664.png
头像png屏蔽先遣服,300624,res/ui/roleicons/665.png
头像png屏蔽先遣服,300625,res/ui/roleicons/666.png
头像png屏蔽先遣服,300626,res/ui/roleicons/667.png
头像png屏蔽先遣服,300627,res/ui/roleicons/668.png
头像png屏蔽先遣服,300628,res/ui/roleicons/669.png
头像png屏蔽先遣服,300629,res/ui/roleicons/670.png
头像png屏蔽先遣服,300630,res/ui/roleicons/671.png
头像png屏蔽先遣服,300631,res/ui/roleicons/672.png
头像png屏蔽先遣服,300632,res/ui/roleicons/673.png
头像png屏蔽先遣服,300633,res/ui/roleicons/674.png
头像png屏蔽先遣服,300634,res/ui/roleicons/675.png
头像png屏蔽先遣服,300635,res/ui/roleicons/676.png
头像png屏蔽先遣服,300636,res/ui/roleicons/677.png
头像png屏蔽先遣服,300637,res/ui/roleicons/678.png
头像png屏蔽先遣服,300638,res/ui/roleicons/679.png
头像png屏蔽先遣服,300639,res/ui/roleicons/680.png
头像png屏蔽先遣服,300640,res/ui/roleicons/681.png
头像png屏蔽先遣服,300641,res/ui/roleicons/682.png
头像png屏蔽先遣服,300642,res/ui/roleicons/683.png
头像png屏蔽先遣服,300643,res/ui/roleicons/684.png
头像png屏蔽先遣服,300644,res/ui/roleicons/685.png
头像png屏蔽先遣服,300645,res/ui/roleicons/686.png
头像png屏蔽先遣服,300646,res/ui/roleicons/687.png
头像png屏蔽先遣服,300647,res/ui/roleicons/688.png
头像png屏蔽先遣服,300648,res/ui/roleicons/689.png
头像png屏蔽先遣服,300649,res/ui/roleicons/690.png
头像png屏蔽先遣服,300650,res/ui/roleicons/691.png
头像png屏蔽先遣服,300651,res/ui/roleicons/692.png
头像png屏蔽先遣服,300652,res/ui/roleicons/693.png
头像png屏蔽先遣服,300653,res/ui/roleicons/694.png
头像png屏蔽先遣服,300654,res/ui/roleicons/695.png
头像png屏蔽先遣服,300655,res/ui/roleicons/696.png
头像png屏蔽先遣服,300656,res/ui/roleicons/697.png
头像png屏蔽先遣服,300657,res/ui/roleicons/698.png
头像png屏蔽先遣服,300658,res/ui/roleicons/699.png
头像png屏蔽先遣服,300659,res/ui/roleicons/700.png
头像png屏蔽先遣服,300660,res/ui/roleicons/701.png
头像png屏蔽先遣服,300661,res/ui/roleicons/702.png
头像png屏蔽先遣服,300662,res/ui/roleicons/703.png
头像png屏蔽先遣服,300663,res/ui/roleicons/704.png
头像png屏蔽先遣服,300664,res/ui/roleicons/705.png
头像png屏蔽先遣服,300665,res/ui/roleicons/706.png
头像png屏蔽先遣服,300666,res/ui/roleicons/707.png
头像png屏蔽先遣服,300667,res/ui/roleicons/708.png
头像png屏蔽先遣服,300668,res/ui/roleicons/709.png
头像png屏蔽先遣服,300669,res/ui/roleicons/710.png
头像png屏蔽先遣服,300670,res/ui/roleicons/711.png
头像png屏蔽先遣服,300671,res/ui/roleicons/712.png
头像png屏蔽先遣服,300672,res/ui/roleicons/713.png
头像png屏蔽先遣服,300673,res/ui/roleicons/714.png
头像png屏蔽先遣服,300674,res/ui/roleicons/715.png
头像png屏蔽先遣服,300675,res/ui/roleicons/716.png
头像png屏蔽先遣服,300676,res/ui/roleicons/717.png
头像png屏蔽先遣服,300677,res/ui/roleicons/718.png
头像png屏蔽先遣服,300678,res/ui/roleicons/719.png
头像png屏蔽先遣服,300679,res/ui/roleicons/720.png
头像png屏蔽先遣服,300680,res/ui/roleicons/721.png
头像png屏蔽先遣服,300681,res/ui/roleicons/722.png
头像png屏蔽先遣服,300682,res/ui/roleicons/723.png
头像png屏蔽先遣服,300683,res/ui/roleicons/724.png
头像png屏蔽先遣服,300684,res/ui/roleicons/725.png
头像png屏蔽先遣服,300685,res/ui/roleicons/726.png
头像png屏蔽先遣服,300686,res/ui/roleicons/727.png
头像png屏蔽先遣服,300687,res/ui/roleicons/728.png
头像png屏蔽先遣服,300688,res/ui/roleicons/729.png
头像png屏蔽先遣服,300689,res/ui/roleicons/730.png
头像png屏蔽先遣服,300690,res/ui/roleicons/731.png
头像png屏蔽先遣服,300691,res/ui/roleicons/732.png
头像png屏蔽先遣服,300692,res/ui/roleicons/733.png
头像png屏蔽先遣服,300693,res/ui/roleicons/734.png
头像png屏蔽先遣服,300694,res/ui/roleicons/735.png
头像png屏蔽先遣服,300695,res/ui/roleicons/736.png
头像png屏蔽先遣服,300696,res/ui/roleicons/737.png
头像png屏蔽先遣服,300697,res/ui/roleicons/738.png
头像png屏蔽先遣服,300698,res/ui/roleicons/739.png
头像png屏蔽先遣服,300699,res/ui/roleicons/740.png
头像png屏蔽先遣服,300700,res/ui/roleicons/741.png
头像png屏蔽先遣服,300701,res/ui/roleicons/742.png
头像png屏蔽先遣服,300702,res/ui/roleicons/743.png
头像png屏蔽先遣服,300703,res/ui/roleicons/744.png
头像png屏蔽先遣服,300704,res/ui/roleicons/745.png
头像png屏蔽先遣服,300705,res/ui/roleicons/746.png
头像png屏蔽先遣服,300706,res/ui/roleicons/747.png
头像png屏蔽先遣服,300707,res/ui/roleicons/748.png
头像png屏蔽先遣服,300708,res/ui/roleicons/749.png
头像png屏蔽先遣服,300709,res/ui/roleicons/750.png
头像png屏蔽先遣服,300710,res/ui/roleicons/751.png
头像png屏蔽先遣服,300711,res/ui/roleicons/752.png
头像png屏蔽先遣服,300712,res/ui/roleicons/753.png
头像png屏蔽先遣服,300713,res/ui/roleicons/754.png
头像png屏蔽先遣服,300714,res/ui/roleicons/755.png
头像png屏蔽先遣服,300715,res/ui/roleicons/756.png
头像png屏蔽先遣服,300716,res/ui/roleicons/757.png
头像png屏蔽先遣服,300717,res/ui/roleicons/758.png
头像png屏蔽先遣服,300718,res/ui/roleicons/759.png
头像png屏蔽先遣服,300719,res/ui/roleicons/760.png
头像png屏蔽先遣服,300720,res/ui/roleicons/761.png
头像png屏蔽先遣服,300721,res/ui/roleicons/762.png
头像png屏蔽先遣服,300722,res/ui/roleicons/763.png
头像png屏蔽先遣服,300723,res/ui/roleicons/764.png
头像png屏蔽先遣服,300724,res/ui/roleicons/765.png
头像png屏蔽先遣服,300725,res/ui/roleicons/766.png
头像png屏蔽先遣服,300726,res/ui/roleicons/767.png
头像png屏蔽先遣服,300727,res/ui/roleicons/768.png
头像png屏蔽先遣服,300728,res/ui/roleicons/769.png
头像png屏蔽先遣服,300729,res/ui/roleicons/770.png
头像png屏蔽先遣服,300730,res/ui/roleicons/771.png
头像png屏蔽先遣服,300731,res/ui/roleicons/772.png
头像png屏蔽先遣服,300732,res/ui/roleicons/773.png
头像png屏蔽先遣服,300733,res/ui/roleicons/774.png
头像png屏蔽先遣服,300734,res/ui/roleicons/775.png
头像png屏蔽先遣服,300735,res/ui/roleicons/776.png
头像png屏蔽先遣服,300736,res/ui/roleicons/777.png
头像png屏蔽先遣服,300737,res/ui/roleicons/778.png
头像png屏蔽先遣服,300738,res/ui/roleicons/779.png
头像png屏蔽先遣服,300739,res/ui/roleicons/780.png
头像png屏蔽先遣服,300740,res/ui/roleicons/781.png
头像png屏蔽先遣服,300741,res/ui/roleicons/782.png
头像png屏蔽先遣服,300742,res/ui/roleicons/783.png
头像png屏蔽先遣服,300743,res/ui/roleicons/784.png
头像png屏蔽先遣服,300744,res/ui/roleicons/785.png
头像png屏蔽先遣服,300745,res/ui/roleicons/786.png
头像png屏蔽先遣服,300746,res/ui/roleicons/787.png
头像png屏蔽先遣服,300747,res/ui/roleicons/788.png
头像png屏蔽先遣服,300748,res/ui/roleicons/789.png
头像png屏蔽先遣服,300749,res/ui/roleicons/790.png
头像png屏蔽先遣服,300750,res/ui/roleicons/791.png
头像png屏蔽先遣服,300751,res/ui/roleicons/792.png
头像png屏蔽先遣服,300752,res/ui/roleicons/793.png
头像png屏蔽先遣服,300753,res/ui/roleicons/794.png
头像png屏蔽先遣服,300754,res/ui/roleicons/795.png
头像png屏蔽先遣服,300755,res/ui/roleicons/796.png
头像png屏蔽先遣服,300756,res/ui/roleicons/797.png
头像png屏蔽先遣服,300757,res/ui/roleicons/798.png
头像png屏蔽先遣服,300758,res/ui/roleicons/799.png
头像png屏蔽先遣服,300759,res/ui/roleicons/800.png
头像png屏蔽先遣服,300760,res/ui/roleicons/801.png
头像png屏蔽先遣服,300761,res/ui/roleicons/802.png
头像png屏蔽先遣服,300762,res/ui/roleicons/803.png
头像png屏蔽先遣服,300763,res/ui/roleicons/804.png
头像png屏蔽先遣服,300764,res/ui/roleicons/805.png
头像png屏蔽先遣服,300765,res/ui/roleicons/806.png
头像png屏蔽先遣服,300766,res/ui/roleicons/807.png
头像png屏蔽先遣服,300767,res/ui/roleicons/808.png
头像png屏蔽先遣服,300768,res/ui/roleicons/809.png
头像png屏蔽先遣服,300769,res/ui/roleicons/810.png
头像png屏蔽先遣服,300770,res/ui/roleicons/811.png
头像png屏蔽先遣服,300771,res/ui/roleicons/812.png
头像png屏蔽先遣服,300772,res/ui/roleicons/813.png
头像png屏蔽先遣服,300773,res/ui/roleicons/814.png
头像png屏蔽先遣服,300774,res/ui/roleicons/815.png
头像png屏蔽先遣服,300775,res/ui/roleicons/816.png
头像png屏蔽先遣服,300776,res/ui/roleicons/817.png
头像png屏蔽先遣服,300777,res/ui/roleicons/818.png
头像png屏蔽先遣服,300778,res/ui/roleicons/819.png
头像png屏蔽先遣服,300779,res/ui/roleicons/820.png
头像png屏蔽先遣服,300780,res/ui/roleicons/821.png
头像png屏蔽先遣服,300781,res/ui/roleicons/822.png
头像png屏蔽先遣服,300782,res/ui/roleicons/823.png
头像png屏蔽先遣服,300783,res/ui/roleicons/824.png
头像png屏蔽先遣服,300784,res/ui/roleicons/825.png
头像png屏蔽先遣服,300785,res/ui/roleicons/826.png
头像png屏蔽先遣服,300786,res/ui/roleicons/827.png
头像png屏蔽先遣服,300787,res/ui/roleicons/828.png
头像png屏蔽先遣服,300788,res/ui/roleicons/829.png
头像png屏蔽先遣服,300789,res/ui/roleicons/830.png
头像png屏蔽先遣服,300790,res/ui/roleicons/831.png
头像png屏蔽先遣服,300791,res/ui/roleicons/832.png
头像png屏蔽先遣服,300792,res/ui/roleicons/833.png
头像png屏蔽先遣服,300793,res/ui/roleicons/834.png
头像png屏蔽先遣服,300794,res/ui/roleicons/835.png
头像png屏蔽先遣服,300795,res/ui/roleicons/836.png
头像png屏蔽先遣服,300796,res/ui/roleicons/837.png
头像png屏蔽先遣服,300797,res/ui/roleicons/838.png
头像png屏蔽先遣服,300798,res/ui/roleicons/839.png
头像png屏蔽先遣服,300799,res/ui/roleicons/840.png
头像png屏蔽先遣服,300800,res/ui/roleicons/841.png
头像png屏蔽先遣服,300801,res/ui/roleicons/842.png
头像png屏蔽先遣服,300802,res/ui/roleicons/843.png
头像png屏蔽先遣服,300803,res/ui/roleicons/844.png
头像png屏蔽先遣服,300804,res/ui/roleicons/845.png
头像png屏蔽先遣服,300805,res/ui/roleicons/846.png
头像png屏蔽先遣服,300806,res/ui/roleicons/847.png
头像png屏蔽先遣服,300807,res/ui/roleicons/848.png
头像png屏蔽先遣服,300808,res/ui/roleicons/849.png
头像png屏蔽先遣服,300809,res/ui/roleicons/850.png
头像png屏蔽先遣服,300810,res/ui/roleicons/851.png
头像png屏蔽先遣服,300811,res/ui/roleicons/852.png
头像png屏蔽先遣服,300812,res/ui/roleicons/853.png
头像png屏蔽先遣服,300813,res/ui/roleicons/854.png
头像png屏蔽先遣服,300814,res/ui/roleicons/855.png
头像png屏蔽先遣服,300815,res/ui/roleicons/856.png
头像png屏蔽先遣服,300816,res/ui/roleicons/857.png
头像png屏蔽先遣服,300817,res/ui/roleicons/858.png
头像png屏蔽先遣服,300818,res/ui/roleicons/859.png
头像png屏蔽先遣服,300819,res/ui/roleicons/860.png
头像png屏蔽先遣服,300820,res/ui/roleicons/861.png
头像png屏蔽先遣服,300821,res/ui/roleicons/862.png
头像png屏蔽先遣服,300822,res/ui/roleicons/863.png
头像png屏蔽先遣服,300823,res/ui/roleicons/864.png
头像png屏蔽先遣服,300824,res/ui/roleicons/865.png
头像png屏蔽先遣服,300825,res/ui/roleicons/866.png
头像png屏蔽先遣服,300826,res/ui/roleicons/867.png
头像png屏蔽先遣服,300827,res/ui/roleicons/868.png
头像png屏蔽先遣服,300828,res/ui/roleicons/869.png
头像png屏蔽先遣服,300829,res/ui/roleicons/870.png
头像png屏蔽先遣服,300830,res/ui/roleicons/871.png
头像png屏蔽先遣服,300831,res/ui/roleicons/872.png
头像png屏蔽先遣服,300832,res/ui/roleicons/873.png
头像png屏蔽先遣服,300833,res/ui/roleicons/874.png
头像png屏蔽先遣服,300834,res/ui/roleicons/875.png
头像png屏蔽先遣服,300835,res/ui/roleicons/876.png
头像png屏蔽先遣服,300836,res/ui/roleicons/877.png
头像png屏蔽先遣服,300837,res/ui/roleicons/878.png
头像png屏蔽先遣服,300838,res/ui/roleicons/879.png
头像png屏蔽先遣服,300839,res/ui/roleicons/880.png
头像png屏蔽先遣服,300840,res/ui/roleicons/881.png
头像png屏蔽先遣服,300841,res/ui/roleicons/882.png
头像png屏蔽先遣服,300842,res/ui/roleicons/883.png
头像png屏蔽先遣服,300843,res/ui/roleicons/884.png
头像png屏蔽先遣服,300844,res/ui/roleicons/885.png
头像png屏蔽先遣服,300845,res/ui/roleicons/886.png
头像png屏蔽先遣服,300846,res/ui/roleicons/887.png
头像png屏蔽先遣服,300847,res/ui/roleicons/888.png
头像png屏蔽先遣服,300848,res/ui/roleicons/889.png
头像png屏蔽先遣服,300849,res/ui/roleicons/890.png
头像png屏蔽先遣服,300850,res/ui/roleicons/891.png
头像png屏蔽先遣服,300851,res/ui/roleicons/892.png
头像png屏蔽先遣服,300852,res/ui/roleicons/893.png
头像png屏蔽先遣服,300853,res/ui/roleicons/894.png
头像png屏蔽先遣服,300854,res/ui/roleicons/895.png
头像png屏蔽先遣服,300855,res/ui/roleicons/896.png
头像png屏蔽先遣服,300856,res/ui/roleicons/897.png
头像png屏蔽先遣服,300857,res/ui/roleicons/898.png
头像png屏蔽先遣服,300858,res/ui/roleicons/899.png
头像png屏蔽先遣服,300859,res/ui/roleicons/900.png
头像png屏蔽先遣服,300860,res/ui/roleicons/901.png
头像png屏蔽先遣服,300861,res/ui/roleicons/902.png
头像png屏蔽先遣服,300862,res/ui/roleicons/903.png
头像png屏蔽先遣服,300863,res/ui/roleicons/904.png
头像png屏蔽先遣服,300864,res/ui/roleicons/905.png
头像png屏蔽先遣服,300865,res/ui/roleicons/906.png
头像png屏蔽先遣服,300866,res/ui/roleicons/907.png
头像png屏蔽先遣服,300867,res/ui/roleicons/908.png
头像png屏蔽先遣服,300868,res/ui/roleicons/909.png
头像png屏蔽先遣服,300869,res/ui/roleicons/910.png
头像png屏蔽先遣服,300870,res/ui/roleicons/911.png
头像png屏蔽先遣服,300871,res/ui/roleicons/912.png
头像png屏蔽先遣服,300872,res/ui/roleicons/913.png
头像png屏蔽先遣服,300873,res/ui/roleicons/914.png
头像png屏蔽先遣服,300874,res/ui/roleicons/915.png
头像png屏蔽先遣服,300875,res/ui/roleicons/916.png
头像png屏蔽先遣服,300876,res/ui/roleicons/917.png
头像png屏蔽先遣服,300877,res/ui/roleicons/918.png
头像png屏蔽先遣服,300878,res/ui/roleicons/919.png
头像png屏蔽先遣服,300879,res/ui/roleicons/920.png
头像png屏蔽先遣服,300880,res/ui/roleicons/921.png
头像png屏蔽先遣服,300881,res/ui/roleicons/922.png
头像png屏蔽先遣服,300882,res/ui/roleicons/923.png
头像png屏蔽先遣服,300883,res/ui/roleicons/924.png
头像png屏蔽先遣服,300884,res/ui/roleicons/925.png
头像png屏蔽先遣服,300885,res/ui/roleicons/926.png
头像png屏蔽先遣服,300886,res/ui/roleicons/927.png
头像png屏蔽先遣服,300887,res/ui/roleicons/928.png
头像png屏蔽先遣服,300888,res/ui/roleicons/929.png
头像png屏蔽先遣服,300889,res/ui/roleicons/930.png
头像png屏蔽先遣服,300890,res/ui/roleicons/931.png
头像png屏蔽先遣服,300891,res/ui/roleicons/932.png
头像png屏蔽先遣服,300892,res/ui/roleicons/933.png
头像png屏蔽先遣服,300893,res/ui/roleicons/934.png
头像png屏蔽先遣服,300894,res/ui/roleicons/935.png
头像png屏蔽先遣服,300895,res/ui/roleicons/936.png
头像png屏蔽先遣服,300896,res/ui/roleicons/937.png
头像png屏蔽先遣服,300897,res/ui/roleicons/938.png
头像png屏蔽先遣服,300898,res/ui/roleicons/939.png
头像png屏蔽先遣服,300899,res/ui/roleicons/940.png
头像png屏蔽先遣服,300900,res/ui/roleicons/941.png
头像png屏蔽先遣服,300901,res/ui/roleicons/942.png
头像png屏蔽先遣服,300902,res/ui/roleicons/943.png
头像png屏蔽先遣服,300903,res/ui/roleicons/944.png
头像png屏蔽先遣服,300904,res/ui/roleicons/945.png
头像png屏蔽先遣服,300905,res/ui/roleicons/946.png
头像png屏蔽先遣服,300906,res/ui/roleicons/947.png
头像png屏蔽先遣服,300907,res/ui/roleicons/948.png
头像png屏蔽先遣服,300908,res/ui/roleicons/949.png
头像png屏蔽先遣服,300909,res/ui/roleicons/950.png
头像png屏蔽先遣服,300910,res/ui/roleicons/951.png
头像png屏蔽先遣服,300911,res/ui/roleicons/952.png
头像png屏蔽先遣服,300912,res/ui/roleicons/953.png
头像png屏蔽先遣服,300913,res/ui/roleicons/954.png
头像png屏蔽先遣服,300914,res/ui/roleicons/955.png
头像png屏蔽先遣服,300915,res/ui/roleicons/956.png
头像png屏蔽先遣服,300916,res/ui/roleicons/957.png
头像png屏蔽先遣服,300917,res/ui/roleicons/958.png
头像png屏蔽先遣服,300918,res/ui/roleicons/959.png
头像png屏蔽先遣服,300919,res/ui/roleicons/960.png
头像png屏蔽先遣服,300920,res/ui/roleicons/961.png
头像png屏蔽先遣服,300921,res/ui/roleicons/962.png
头像png屏蔽先遣服,300922,res/ui/roleicons/963.png
头像png屏蔽先遣服,300923,res/ui/roleicons/964.png
头像png屏蔽先遣服,300924,res/ui/roleicons/965.png
头像png屏蔽先遣服,300925,res/ui/roleicons/966.png
头像png屏蔽先遣服,300926,res/ui/roleicons/967.png
头像png屏蔽先遣服,300927,res/ui/roleicons/968.png
头像png屏蔽先遣服,300928,res/ui/roleicons/969.png
头像png屏蔽先遣服,300929,res/ui/roleicons/970.png
头像png屏蔽先遣服,300930,res/ui/roleicons/971.png
头像png屏蔽先遣服,300931,res/ui/roleicons/972.png
头像png屏蔽先遣服,300932,res/ui/roleicons/973.png
头像png屏蔽先遣服,300933,res/ui/roleicons/974.png
头像png屏蔽先遣服,300934,res/ui/roleicons/975.png
头像png屏蔽先遣服,300935,res/ui/roleicons/976.png
头像png屏蔽先遣服,300936,res/ui/roleicons/977.png
头像png屏蔽先遣服,300937,res/ui/roleicons/978.png
头像png屏蔽先遣服,300938,res/ui/roleicons/979.png
头像png屏蔽先遣服,300939,res/ui/roleicons/980.png
头像png屏蔽先遣服,300940,res/ui/roleicons/981.png
头像png屏蔽先遣服,300941,res/ui/roleicons/982.png
头像png屏蔽先遣服,300942,res/ui/roleicons/983.png
头像png屏蔽先遣服,300943,res/ui/roleicons/984.png
头像png屏蔽先遣服,300944,res/ui/roleicons/985.png
头像png屏蔽先遣服,300945,res/ui/roleicons/986.png
头像png屏蔽先遣服,300946,res/ui/roleicons/987.png
头像png屏蔽先遣服,300947,res/ui/roleicons/988.png
头像png屏蔽先遣服,300948,res/ui/roleicons/989.png
头像png屏蔽先遣服,300949,res/ui/roleicons/990.png
头像png屏蔽先遣服,300950,res/ui/roleicons/991.png
头像png屏蔽先遣服,300951,res/ui/roleicons/992.png
头像png屏蔽先遣服,300952,res/ui/roleicons/993.png
头像png屏蔽先遣服,300953,res/ui/roleicons/994.png
头像png屏蔽先遣服,300954,res/ui/roleicons/995.png
头像png屏蔽先遣服,300955,res/ui/roleicons/996.png
头像png屏蔽先遣服,300956,res/ui/roleicons/997.png
头像png屏蔽先遣服,300957,res/ui/roleicons/998.png
头像png屏蔽先遣服,300958,res/ui/roleicons/999.png
头像ktx屏蔽先遣服,400058,res/ui/roleicons/99.ktx
头像ktx屏蔽先遣服,400059,res/ui/roleicons/100.ktx
头像ktx屏蔽先遣服,400060,res/ui/roleicons/101.ktx
头像ktx屏蔽先遣服,400061,res/ui/roleicons/102.ktx
头像ktx屏蔽先遣服,400062,res/ui/roleicons/103.ktx
头像ktx屏蔽先遣服,400063,res/ui/roleicons/104.ktx
头像ktx屏蔽先遣服,400064,res/ui/roleicons/105.ktx
头像ktx屏蔽先遣服,400065,res/ui/roleicons/106.ktx
头像ktx屏蔽先遣服,400066,res/ui/roleicons/107.ktx
头像ktx屏蔽先遣服,400067,res/ui/roleicons/108.ktx
头像ktx屏蔽先遣服,400068,res/ui/roleicons/109.ktx
头像ktx屏蔽先遣服,400069,res/ui/roleicons/110.ktx
头像ktx屏蔽先遣服,400070,res/ui/roleicons/111.ktx
头像ktx屏蔽先遣服,400071,res/ui/roleicons/112.ktx
头像ktx屏蔽先遣服,400072,res/ui/roleicons/113.ktx
头像ktx屏蔽先遣服,400073,res/ui/roleicons/114.ktx
头像ktx屏蔽先遣服,400074,res/ui/roleicons/115.ktx
头像ktx屏蔽先遣服,400075,res/ui/roleicons/116.ktx
头像ktx屏蔽先遣服,400076,res/ui/roleicons/117.ktx
头像ktx屏蔽先遣服,400077,res/ui/roleicons/118.ktx
头像ktx屏蔽先遣服,400078,res/ui/roleicons/119.ktx
头像ktx屏蔽先遣服,400079,res/ui/roleicons/120.ktx
头像ktx屏蔽先遣服,400080,res/ui/roleicons/121.ktx
头像ktx屏蔽先遣服,400081,res/ui/roleicons/122.ktx
头像ktx屏蔽先遣服,400082,res/ui/roleicons/123.ktx
头像ktx屏蔽先遣服,400083,res/ui/roleicons/124.ktx
头像ktx屏蔽先遣服,400084,res/ui/roleicons/125.ktx
头像ktx屏蔽先遣服,400085,res/ui/roleicons/126.ktx
头像ktx屏蔽先遣服,400086,res/ui/roleicons/127.ktx
头像ktx屏蔽先遣服,400087,res/ui/roleicons/128.ktx
头像ktx屏蔽先遣服,400088,res/ui/roleicons/129.ktx
头像ktx屏蔽先遣服,400089,res/ui/roleicons/130.ktx
头像ktx屏蔽先遣服,400090,res/ui/roleicons/131.ktx
头像ktx屏蔽先遣服,400091,res/ui/roleicons/132.ktx
头像ktx屏蔽先遣服,400092,res/ui/roleicons/133.ktx
头像ktx屏蔽先遣服,400093,res/ui/roleicons/134.ktx
头像ktx屏蔽先遣服,400094,res/ui/roleicons/135.ktx
头像ktx屏蔽先遣服,400095,res/ui/roleicons/136.ktx
头像ktx屏蔽先遣服,400096,res/ui/roleicons/137.ktx
头像ktx屏蔽先遣服,400097,res/ui/roleicons/138.ktx
头像ktx屏蔽先遣服,400098,res/ui/roleicons/139.ktx
头像ktx屏蔽先遣服,400099,res/ui/roleicons/140.ktx
头像ktx屏蔽先遣服,400100,res/ui/roleicons/141.ktx
头像ktx屏蔽先遣服,400101,res/ui/roleicons/142.ktx
头像ktx屏蔽先遣服,400102,res/ui/roleicons/143.ktx
头像ktx屏蔽先遣服,400103,res/ui/roleicons/144.ktx
头像ktx屏蔽先遣服,400104,res/ui/roleicons/145.ktx
头像ktx屏蔽先遣服,400105,res/ui/roleicons/146.ktx
头像ktx屏蔽先遣服,400106,res/ui/roleicons/147.ktx
头像ktx屏蔽先遣服,400107,res/ui/roleicons/148.ktx
头像ktx屏蔽先遣服,400108,res/ui/roleicons/149.ktx
头像ktx屏蔽先遣服,400109,res/ui/roleicons/150.ktx
头像ktx屏蔽先遣服,400110,res/ui/roleicons/151.ktx
头像ktx屏蔽先遣服,400111,res/ui/roleicons/152.ktx
头像ktx屏蔽先遣服,400112,res/ui/roleicons/153.ktx
头像ktx屏蔽先遣服,400113,res/ui/roleicons/154.ktx
头像ktx屏蔽先遣服,400114,res/ui/roleicons/155.ktx
头像ktx屏蔽先遣服,400115,res/ui/roleicons/156.ktx
头像ktx屏蔽先遣服,400116,res/ui/roleicons/157.ktx
头像ktx屏蔽先遣服,400117,res/ui/roleicons/158.ktx
头像ktx屏蔽先遣服,400118,res/ui/roleicons/159.ktx
头像ktx屏蔽先遣服,400119,res/ui/roleicons/160.ktx
头像ktx屏蔽先遣服,400120,res/ui/roleicons/161.ktx
头像ktx屏蔽先遣服,400121,res/ui/roleicons/162.ktx
头像ktx屏蔽先遣服,400122,res/ui/roleicons/163.ktx
头像ktx屏蔽先遣服,400123,res/ui/roleicons/164.ktx
头像ktx屏蔽先遣服,400124,res/ui/roleicons/165.ktx
头像ktx屏蔽先遣服,400125,res/ui/roleicons/166.ktx
头像ktx屏蔽先遣服,400126,res/ui/roleicons/167.ktx
头像ktx屏蔽先遣服,400127,res/ui/roleicons/168.ktx
头像ktx屏蔽先遣服,400128,res/ui/roleicons/169.ktx
头像ktx屏蔽先遣服,400129,res/ui/roleicons/170.ktx
头像ktx屏蔽先遣服,400130,res/ui/roleicons/171.ktx
头像ktx屏蔽先遣服,400131,res/ui/roleicons/172.ktx
头像ktx屏蔽先遣服,400132,res/ui/roleicons/173.ktx
头像ktx屏蔽先遣服,400133,res/ui/roleicons/174.ktx
头像ktx屏蔽先遣服,400134,res/ui/roleicons/175.ktx
头像ktx屏蔽先遣服,400135,res/ui/roleicons/176.ktx
头像ktx屏蔽先遣服,400136,res/ui/roleicons/177.ktx
头像ktx屏蔽先遣服,400137,res/ui/roleicons/178.ktx
头像ktx屏蔽先遣服,400138,res/ui/roleicons/179.ktx
头像ktx屏蔽先遣服,400139,res/ui/roleicons/180.ktx
头像ktx屏蔽先遣服,400140,res/ui/roleicons/181.ktx
头像ktx屏蔽先遣服,400141,res/ui/roleicons/182.ktx
头像ktx屏蔽先遣服,400142,res/ui/roleicons/183.ktx
头像ktx屏蔽先遣服,400143,res/ui/roleicons/184.ktx
头像ktx屏蔽先遣服,400144,res/ui/roleicons/185.ktx
头像ktx屏蔽先遣服,400145,res/ui/roleicons/186.ktx
头像ktx屏蔽先遣服,400146,res/ui/roleicons/187.ktx
头像ktx屏蔽先遣服,400147,res/ui/roleicons/188.ktx
头像ktx屏蔽先遣服,400148,res/ui/roleicons/189.ktx
头像ktx屏蔽先遣服,400149,res/ui/roleicons/190.ktx
头像ktx屏蔽先遣服,400150,res/ui/roleicons/191.ktx
头像ktx屏蔽先遣服,400151,res/ui/roleicons/192.ktx
头像ktx屏蔽先遣服,400152,res/ui/roleicons/193.ktx
头像ktx屏蔽先遣服,400153,res/ui/roleicons/194.ktx
头像ktx屏蔽先遣服,400154,res/ui/roleicons/195.ktx
头像ktx屏蔽先遣服,400155,res/ui/roleicons/196.ktx
头像ktx屏蔽先遣服,400156,res/ui/roleicons/197.ktx
头像ktx屏蔽先遣服,400157,res/ui/roleicons/198.ktx
头像ktx屏蔽先遣服,400158,res/ui/roleicons/199.ktx
头像ktx屏蔽先遣服,400159,res/ui/roleicons/200.ktx
头像ktx屏蔽先遣服,400160,res/ui/roleicons/201.ktx
头像ktx屏蔽先遣服,400161,res/ui/roleicons/202.ktx
头像ktx屏蔽先遣服,400162,res/ui/roleicons/203.ktx
头像ktx屏蔽先遣服,400163,res/ui/roleicons/204.ktx
头像ktx屏蔽先遣服,400167,res/ui/roleicons/208.ktx
头像ktx屏蔽先遣服,400170,res/ui/roleicons/211.ktx
头像ktx屏蔽先遣服,400177,res/ui/roleicons/218.ktx
头像ktx屏蔽先遣服,400178,res/ui/roleicons/219.ktx
头像ktx屏蔽先遣服,400179,res/ui/roleicons/220.ktx
头像ktx屏蔽先遣服,400180,res/ui/roleicons/221.ktx
头像ktx屏蔽先遣服,400181,res/ui/roleicons/222.ktx
头像ktx屏蔽先遣服,400182,res/ui/roleicons/223.ktx
头像ktx屏蔽先遣服,400183,res/ui/roleicons/224.ktx
头像ktx屏蔽先遣服,400184,res/ui/roleicons/225.ktx
头像ktx屏蔽先遣服,400185,res/ui/roleicons/226.ktx
头像ktx屏蔽先遣服,400186,res/ui/roleicons/227.ktx
头像ktx屏蔽先遣服,400187,res/ui/roleicons/228.ktx
头像ktx屏蔽先遣服,400188,res/ui/roleicons/229.ktx
头像ktx屏蔽先遣服,400189,res/ui/roleicons/230.ktx
头像ktx屏蔽先遣服,400190,res/ui/roleicons/231.ktx
头像ktx屏蔽先遣服,400191,res/ui/roleicons/232.ktx
头像ktx屏蔽先遣服,400192,res/ui/roleicons/233.ktx
头像ktx屏蔽先遣服,400193,res/ui/roleicons/234.ktx
头像ktx屏蔽先遣服,400194,res/ui/roleicons/235.ktx
头像ktx屏蔽先遣服,400195,res/ui/roleicons/236.ktx
头像ktx屏蔽先遣服,400196,res/ui/roleicons/237.ktx
头像ktx屏蔽先遣服,400197,res/ui/roleicons/238.ktx
头像ktx屏蔽先遣服,400198,res/ui/roleicons/239.ktx
头像ktx屏蔽先遣服,400199,res/ui/roleicons/240.ktx
头像ktx屏蔽先遣服,400200,res/ui/roleicons/241.ktx
头像ktx屏蔽先遣服,400201,res/ui/roleicons/242.ktx
头像ktx屏蔽先遣服,400202,res/ui/roleicons/243.ktx
头像ktx屏蔽先遣服,400203,res/ui/roleicons/244.ktx
头像ktx屏蔽先遣服,400204,res/ui/roleicons/245.ktx
头像ktx屏蔽先遣服,400205,res/ui/roleicons/246.ktx
头像ktx屏蔽先遣服,400206,res/ui/roleicons/247.ktx
头像ktx屏蔽先遣服,400207,res/ui/roleicons/248.ktx
头像ktx屏蔽先遣服,400208,res/ui/roleicons/249.ktx
头像ktx屏蔽先遣服,400209,res/ui/roleicons/250.ktx
头像ktx屏蔽先遣服,400210,res/ui/roleicons/251.ktx
头像ktx屏蔽先遣服,400211,res/ui/roleicons/252.ktx
头像ktx屏蔽先遣服,400212,res/ui/roleicons/253.ktx
头像ktx屏蔽先遣服,400213,res/ui/roleicons/254.ktx
头像ktx屏蔽先遣服,400214,res/ui/roleicons/255.ktx
头像ktx屏蔽先遣服,400215,res/ui/roleicons/256.ktx
头像ktx屏蔽先遣服,400216,res/ui/roleicons/257.ktx
头像ktx屏蔽先遣服,400217,res/ui/roleicons/258.ktx
头像ktx屏蔽先遣服,400218,res/ui/roleicons/259.ktx
头像ktx屏蔽先遣服,400219,res/ui/roleicons/260.ktx
头像ktx屏蔽先遣服,400220,res/ui/roleicons/261.ktx
头像ktx屏蔽先遣服,400221,res/ui/roleicons/262.ktx
头像ktx屏蔽先遣服,400222,res/ui/roleicons/263.ktx
头像ktx屏蔽先遣服,400223,res/ui/roleicons/264.ktx
头像ktx屏蔽先遣服,400224,res/ui/roleicons/265.ktx
头像ktx屏蔽先遣服,400225,res/ui/roleicons/266.ktx
头像ktx屏蔽先遣服,400226,res/ui/roleicons/267.ktx
头像ktx屏蔽先遣服,400227,res/ui/roleicons/268.ktx
头像ktx屏蔽先遣服,400228,res/ui/roleicons/269.ktx
头像ktx屏蔽先遣服,400229,res/ui/roleicons/270.ktx
头像ktx屏蔽先遣服,400230,res/ui/roleicons/271.ktx
头像ktx屏蔽先遣服,400231,res/ui/roleicons/272.ktx
头像ktx屏蔽先遣服,400232,res/ui/roleicons/273.ktx
头像ktx屏蔽先遣服,400233,res/ui/roleicons/274.ktx
头像ktx屏蔽先遣服,400234,res/ui/roleicons/275.ktx
头像ktx屏蔽先遣服,400235,res/ui/roleicons/276.ktx
头像ktx屏蔽先遣服,400236,res/ui/roleicons/277.ktx
头像ktx屏蔽先遣服,400237,res/ui/roleicons/278.ktx
头像ktx屏蔽先遣服,400238,res/ui/roleicons/279.ktx
头像ktx屏蔽先遣服,400239,res/ui/roleicons/280.ktx
头像ktx屏蔽先遣服,400240,res/ui/roleicons/281.ktx
头像ktx屏蔽先遣服,400241,res/ui/roleicons/282.ktx
头像ktx屏蔽先遣服,400242,res/ui/roleicons/283.ktx
头像ktx屏蔽先遣服,400243,res/ui/roleicons/284.ktx
头像ktx屏蔽先遣服,400244,res/ui/roleicons/285.ktx
头像ktx屏蔽先遣服,400245,res/ui/roleicons/286.ktx
头像ktx屏蔽先遣服,400246,res/ui/roleicons/287.ktx
头像ktx屏蔽先遣服,400247,res/ui/roleicons/288.ktx
头像ktx屏蔽先遣服,400248,res/ui/roleicons/289.ktx
头像ktx屏蔽先遣服,400249,res/ui/roleicons/290.ktx
头像ktx屏蔽先遣服,400250,res/ui/roleicons/291.ktx
头像ktx屏蔽先遣服,400251,res/ui/roleicons/292.ktx
头像ktx屏蔽先遣服,400252,res/ui/roleicons/293.ktx
头像ktx屏蔽先遣服,400253,res/ui/roleicons/294.ktx
头像ktx屏蔽先遣服,400254,res/ui/roleicons/295.ktx
头像ktx屏蔽先遣服,400255,res/ui/roleicons/296.ktx
头像ktx屏蔽先遣服,400256,res/ui/roleicons/297.ktx
头像ktx屏蔽先遣服,400257,res/ui/roleicons/298.ktx
头像ktx屏蔽先遣服,400258,res/ui/roleicons/299.ktx
头像ktx屏蔽先遣服,400259,res/ui/roleicons/300.ktx
头像ktx屏蔽先遣服,400260,res/ui/roleicons/301.ktx
头像ktx屏蔽先遣服,400261,res/ui/roleicons/302.ktx
头像ktx屏蔽先遣服,400262,res/ui/roleicons/303.ktx
头像ktx屏蔽先遣服,400263,res/ui/roleicons/304.ktx
头像ktx屏蔽先遣服,400264,res/ui/roleicons/305.ktx
头像ktx屏蔽先遣服,400265,res/ui/roleicons/306.ktx
头像ktx屏蔽先遣服,400266,res/ui/roleicons/307.ktx
头像ktx屏蔽先遣服,400267,res/ui/roleicons/308.ktx
头像ktx屏蔽先遣服,400268,res/ui/roleicons/309.ktx
头像ktx屏蔽先遣服,400269,res/ui/roleicons/310.ktx
头像ktx屏蔽先遣服,400270,res/ui/roleicons/311.ktx
头像ktx屏蔽先遣服,400271,res/ui/roleicons/312.ktx
头像ktx屏蔽先遣服,400272,res/ui/roleicons/313.ktx
头像ktx屏蔽先遣服,400273,res/ui/roleicons/314.ktx
头像ktx屏蔽先遣服,400274,res/ui/roleicons/315.ktx
头像ktx屏蔽先遣服,400275,res/ui/roleicons/316.ktx
头像ktx屏蔽先遣服,400276,res/ui/roleicons/317.ktx
头像ktx屏蔽先遣服,400277,res/ui/roleicons/318.ktx
头像ktx屏蔽先遣服,400278,res/ui/roleicons/319.ktx
头像ktx屏蔽先遣服,400279,res/ui/roleicons/320.ktx
头像ktx屏蔽先遣服,400280,res/ui/roleicons/321.ktx
头像ktx屏蔽先遣服,400281,res/ui/roleicons/322.ktx
头像ktx屏蔽先遣服,400282,res/ui/roleicons/323.ktx
头像ktx屏蔽先遣服,400283,res/ui/roleicons/324.ktx
头像ktx屏蔽先遣服,400284,res/ui/roleicons/325.ktx
头像ktx屏蔽先遣服,400285,res/ui/roleicons/326.ktx
头像ktx屏蔽先遣服,400286,res/ui/roleicons/327.ktx
头像ktx屏蔽先遣服,400287,res/ui/roleicons/328.ktx
头像ktx屏蔽先遣服,400288,res/ui/roleicons/329.ktx
头像ktx屏蔽先遣服,400289,res/ui/roleicons/330.ktx
头像ktx屏蔽先遣服,400290,res/ui/roleicons/331.ktx
头像ktx屏蔽先遣服,400291,res/ui/roleicons/332.ktx
头像ktx屏蔽先遣服,400292,res/ui/roleicons/333.ktx
头像ktx屏蔽先遣服,400293,res/ui/roleicons/334.ktx
头像ktx屏蔽先遣服,400294,res/ui/roleicons/335.ktx
头像ktx屏蔽先遣服,400295,res/ui/roleicons/336.ktx
头像ktx屏蔽先遣服,400296,res/ui/roleicons/337.ktx
头像ktx屏蔽先遣服,400297,res/ui/roleicons/338.ktx
头像ktx屏蔽先遣服,400298,res/ui/roleicons/339.ktx
头像ktx屏蔽先遣服,400299,res/ui/roleicons/340.ktx
头像ktx屏蔽先遣服,400300,res/ui/roleicons/341.ktx
头像ktx屏蔽先遣服,400301,res/ui/roleicons/342.ktx
头像ktx屏蔽先遣服,400302,res/ui/roleicons/343.ktx
头像ktx屏蔽先遣服,400303,res/ui/roleicons/344.ktx
头像ktx屏蔽先遣服,400304,res/ui/roleicons/345.ktx
头像ktx屏蔽先遣服,400305,res/ui/roleicons/346.ktx
头像ktx屏蔽先遣服,400306,res/ui/roleicons/347.ktx
头像ktx屏蔽先遣服,400307,res/ui/roleicons/348.ktx
头像ktx屏蔽先遣服,400308,res/ui/roleicons/349.ktx
头像ktx屏蔽先遣服,400309,res/ui/roleicons/350.ktx
头像ktx屏蔽先遣服,400310,res/ui/roleicons/351.ktx
头像ktx屏蔽先遣服,400311,res/ui/roleicons/352.ktx
头像ktx屏蔽先遣服,400312,res/ui/roleicons/353.ktx
头像ktx屏蔽先遣服,400313,res/ui/roleicons/354.ktx
头像ktx屏蔽先遣服,400314,res/ui/roleicons/355.ktx
头像ktx屏蔽先遣服,400315,res/ui/roleicons/356.ktx
头像ktx屏蔽先遣服,400316,res/ui/roleicons/357.ktx
头像ktx屏蔽先遣服,400317,res/ui/roleicons/358.ktx
头像ktx屏蔽先遣服,400318,res/ui/roleicons/359.ktx
头像ktx屏蔽先遣服,400319,res/ui/roleicons/360.ktx
头像ktx屏蔽先遣服,400320,res/ui/roleicons/361.ktx
头像ktx屏蔽先遣服,400321,res/ui/roleicons/362.ktx
头像ktx屏蔽先遣服,400322,res/ui/roleicons/363.ktx
头像ktx屏蔽先遣服,400323,res/ui/roleicons/364.ktx
头像ktx屏蔽先遣服,400324,res/ui/roleicons/365.ktx
头像ktx屏蔽先遣服,400325,res/ui/roleicons/366.ktx
头像ktx屏蔽先遣服,400326,res/ui/roleicons/367.ktx
头像ktx屏蔽先遣服,400327,res/ui/roleicons/368.ktx
头像ktx屏蔽先遣服,400328,res/ui/roleicons/369.ktx
头像ktx屏蔽先遣服,400329,res/ui/roleicons/370.ktx
头像ktx屏蔽先遣服,400330,res/ui/roleicons/371.ktx
头像ktx屏蔽先遣服,400331,res/ui/roleicons/372.ktx
头像ktx屏蔽先遣服,400332,res/ui/roleicons/373.ktx
头像ktx屏蔽先遣服,400333,res/ui/roleicons/374.ktx
头像ktx屏蔽先遣服,400334,res/ui/roleicons/375.ktx
头像ktx屏蔽先遣服,400335,res/ui/roleicons/376.ktx
头像ktx屏蔽先遣服,400336,res/ui/roleicons/377.ktx
头像ktx屏蔽先遣服,400337,res/ui/roleicons/378.ktx
头像ktx屏蔽先遣服,400338,res/ui/roleicons/379.ktx
头像ktx屏蔽先遣服,400339,res/ui/roleicons/380.ktx
头像ktx屏蔽先遣服,400340,res/ui/roleicons/381.ktx
头像ktx屏蔽先遣服,400341,res/ui/roleicons/382.ktx
头像ktx屏蔽先遣服,400342,res/ui/roleicons/383.ktx
头像ktx屏蔽先遣服,400343,res/ui/roleicons/384.ktx
头像ktx屏蔽先遣服,400344,res/ui/roleicons/385.ktx
头像ktx屏蔽先遣服,400345,res/ui/roleicons/386.ktx
头像ktx屏蔽先遣服,400346,res/ui/roleicons/387.ktx
头像ktx屏蔽先遣服,400347,res/ui/roleicons/388.ktx
头像ktx屏蔽先遣服,400348,res/ui/roleicons/389.ktx
头像ktx屏蔽先遣服,400349,res/ui/roleicons/390.ktx
头像ktx屏蔽先遣服,400350,res/ui/roleicons/391.ktx
头像ktx屏蔽先遣服,400351,res/ui/roleicons/392.ktx
头像ktx屏蔽先遣服,400352,res/ui/roleicons/393.ktx
头像ktx屏蔽先遣服,400353,res/ui/roleicons/394.ktx
头像ktx屏蔽先遣服,400354,res/ui/roleicons/395.ktx
头像ktx屏蔽先遣服,400355,res/ui/roleicons/396.ktx
头像ktx屏蔽先遣服,400356,res/ui/roleicons/397.ktx
头像ktx屏蔽先遣服,400357,res/ui/roleicons/398.ktx
头像ktx屏蔽先遣服,400358,res/ui/roleicons/399.ktx
头像ktx屏蔽先遣服,400359,res/ui/roleicons/400.ktx
头像ktx屏蔽先遣服,400360,res/ui/roleicons/401.ktx
头像ktx屏蔽先遣服,400361,res/ui/roleicons/402.ktx
头像ktx屏蔽先遣服,400362,res/ui/roleicons/403.ktx
头像ktx屏蔽先遣服,400363,res/ui/roleicons/404.ktx
头像ktx屏蔽先遣服,400364,res/ui/roleicons/405.ktx
头像ktx屏蔽先遣服,400365,res/ui/roleicons/406.ktx
头像ktx屏蔽先遣服,400366,res/ui/roleicons/407.ktx
头像ktx屏蔽先遣服,400367,res/ui/roleicons/408.ktx
头像ktx屏蔽先遣服,400368,res/ui/roleicons/409.ktx
头像ktx屏蔽先遣服,400369,res/ui/roleicons/410.ktx
头像ktx屏蔽先遣服,400370,res/ui/roleicons/411.ktx
头像ktx屏蔽先遣服,400371,res/ui/roleicons/412.ktx
头像ktx屏蔽先遣服,400372,res/ui/roleicons/413.ktx
头像ktx屏蔽先遣服,400373,res/ui/roleicons/414.ktx
头像ktx屏蔽先遣服,400374,res/ui/roleicons/415.ktx
头像ktx屏蔽先遣服,400375,res/ui/roleicons/416.ktx
头像ktx屏蔽先遣服,400376,res/ui/roleicons/417.ktx
头像ktx屏蔽先遣服,400377,res/ui/roleicons/418.ktx
头像ktx屏蔽先遣服,400378,res/ui/roleicons/419.ktx
头像ktx屏蔽先遣服,400379,res/ui/roleicons/420.ktx
头像ktx屏蔽先遣服,400380,res/ui/roleicons/421.ktx
头像ktx屏蔽先遣服,400381,res/ui/roleicons/422.ktx
头像ktx屏蔽先遣服,400382,res/ui/roleicons/423.ktx
头像ktx屏蔽先遣服,400383,res/ui/roleicons/424.ktx
头像ktx屏蔽先遣服,400384,res/ui/roleicons/425.ktx
头像ktx屏蔽先遣服,400385,res/ui/roleicons/426.ktx
头像ktx屏蔽先遣服,400386,res/ui/roleicons/427.ktx
头像ktx屏蔽先遣服,400387,res/ui/roleicons/428.ktx
头像ktx屏蔽先遣服,400388,res/ui/roleicons/429.ktx
头像ktx屏蔽先遣服,400389,res/ui/roleicons/430.ktx
头像ktx屏蔽先遣服,400390,res/ui/roleicons/431.ktx
头像ktx屏蔽先遣服,400391,res/ui/roleicons/432.ktx
头像ktx屏蔽先遣服,400392,res/ui/roleicons/433.ktx
头像ktx屏蔽先遣服,400393,res/ui/roleicons/434.ktx
头像ktx屏蔽先遣服,400394,res/ui/roleicons/435.ktx
头像ktx屏蔽先遣服,400395,res/ui/roleicons/436.ktx
头像ktx屏蔽先遣服,400396,res/ui/roleicons/437.ktx
头像ktx屏蔽先遣服,400397,res/ui/roleicons/438.ktx
头像ktx屏蔽先遣服,400398,res/ui/roleicons/439.ktx
头像ktx屏蔽先遣服,400399,res/ui/roleicons/440.ktx
头像ktx屏蔽先遣服,400400,res/ui/roleicons/441.ktx
头像ktx屏蔽先遣服,400401,res/ui/roleicons/442.ktx
头像ktx屏蔽先遣服,400402,res/ui/roleicons/443.ktx
头像ktx屏蔽先遣服,400403,res/ui/roleicons/444.ktx
头像ktx屏蔽先遣服,400404,res/ui/roleicons/445.ktx
头像ktx屏蔽先遣服,400405,res/ui/roleicons/446.ktx
头像ktx屏蔽先遣服,400406,res/ui/roleicons/447.ktx
头像ktx屏蔽先遣服,400407,res/ui/roleicons/448.ktx
头像ktx屏蔽先遣服,400408,res/ui/roleicons/449.ktx
头像ktx屏蔽先遣服,400409,res/ui/roleicons/450.ktx
头像ktx屏蔽先遣服,400410,res/ui/roleicons/451.ktx
头像ktx屏蔽先遣服,400411,res/ui/roleicons/452.ktx
头像ktx屏蔽先遣服,400412,res/ui/roleicons/453.ktx
头像ktx屏蔽先遣服,400413,res/ui/roleicons/454.ktx
头像ktx屏蔽先遣服,400414,res/ui/roleicons/455.ktx
头像ktx屏蔽先遣服,400415,res/ui/roleicons/456.ktx
头像ktx屏蔽先遣服,400416,res/ui/roleicons/457.ktx
头像ktx屏蔽先遣服,400417,res/ui/roleicons/458.ktx
头像ktx屏蔽先遣服,400418,res/ui/roleicons/459.ktx
头像ktx屏蔽先遣服,400419,res/ui/roleicons/460.ktx
头像ktx屏蔽先遣服,400420,res/ui/roleicons/461.ktx
头像ktx屏蔽先遣服,400421,res/ui/roleicons/462.ktx
头像ktx屏蔽先遣服,400422,res/ui/roleicons/463.ktx
头像ktx屏蔽先遣服,400423,res/ui/roleicons/464.ktx
头像ktx屏蔽先遣服,400424,res/ui/roleicons/465.ktx
头像ktx屏蔽先遣服,400425,res/ui/roleicons/466.ktx
头像ktx屏蔽先遣服,400426,res/ui/roleicons/467.ktx
头像ktx屏蔽先遣服,400427,res/ui/roleicons/468.ktx
头像ktx屏蔽先遣服,400428,res/ui/roleicons/469.ktx
头像ktx屏蔽先遣服,400429,res/ui/roleicons/470.ktx
头像ktx屏蔽先遣服,400430,res/ui/roleicons/471.ktx
头像ktx屏蔽先遣服,400431,res/ui/roleicons/472.ktx
头像ktx屏蔽先遣服,400432,res/ui/roleicons/473.ktx
头像ktx屏蔽先遣服,400433,res/ui/roleicons/474.ktx
头像ktx屏蔽先遣服,400434,res/ui/roleicons/475.ktx
头像ktx屏蔽先遣服,400435,res/ui/roleicons/476.ktx
头像ktx屏蔽先遣服,400436,res/ui/roleicons/477.ktx
头像ktx屏蔽先遣服,400437,res/ui/roleicons/478.ktx
头像ktx屏蔽先遣服,400438,res/ui/roleicons/479.ktx
头像ktx屏蔽先遣服,400439,res/ui/roleicons/480.ktx
头像ktx屏蔽先遣服,400440,res/ui/roleicons/481.ktx
头像ktx屏蔽先遣服,400441,res/ui/roleicons/482.ktx
头像ktx屏蔽先遣服,400442,res/ui/roleicons/483.ktx
头像ktx屏蔽先遣服,400443,res/ui/roleicons/484.ktx
头像ktx屏蔽先遣服,400444,res/ui/roleicons/485.ktx
头像ktx屏蔽先遣服,400445,res/ui/roleicons/486.ktx
头像ktx屏蔽先遣服,400446,res/ui/roleicons/487.ktx
头像ktx屏蔽先遣服,400447,res/ui/roleicons/488.ktx
头像ktx屏蔽先遣服,400448,res/ui/roleicons/489.ktx
头像ktx屏蔽先遣服,400449,res/ui/roleicons/490.ktx
头像ktx屏蔽先遣服,400450,res/ui/roleicons/491.ktx
头像ktx屏蔽先遣服,400451,res/ui/roleicons/492.ktx
头像ktx屏蔽先遣服,400452,res/ui/roleicons/493.ktx
头像ktx屏蔽先遣服,400453,res/ui/roleicons/494.ktx
头像ktx屏蔽先遣服,400454,res/ui/roleicons/495.ktx
头像ktx屏蔽先遣服,400455,res/ui/roleicons/496.ktx
头像ktx屏蔽先遣服,400456,res/ui/roleicons/497.ktx
头像ktx屏蔽先遣服,400457,res/ui/roleicons/498.ktx
头像ktx屏蔽先遣服,400458,res/ui/roleicons/499.ktx
头像ktx屏蔽先遣服,400459,res/ui/roleicons/500.ktx
头像ktx屏蔽先遣服,400460,res/ui/roleicons/501.ktx
头像ktx屏蔽先遣服,400461,res/ui/roleicons/502.ktx
头像ktx屏蔽先遣服,400462,res/ui/roleicons/503.ktx
头像ktx屏蔽先遣服,400463,res/ui/roleicons/504.ktx
头像ktx屏蔽先遣服,400464,res/ui/roleicons/505.ktx
头像ktx屏蔽先遣服,400465,res/ui/roleicons/506.ktx
头像ktx屏蔽先遣服,400466,res/ui/roleicons/507.ktx
头像ktx屏蔽先遣服,400467,res/ui/roleicons/508.ktx
头像ktx屏蔽先遣服,400468,res/ui/roleicons/509.ktx
头像ktx屏蔽先遣服,400469,res/ui/roleicons/510.ktx
头像ktx屏蔽先遣服,400470,res/ui/roleicons/511.ktx
头像ktx屏蔽先遣服,400471,res/ui/roleicons/512.ktx
头像ktx屏蔽先遣服,400472,res/ui/roleicons/513.ktx
头像ktx屏蔽先遣服,400473,res/ui/roleicons/514.ktx
头像ktx屏蔽先遣服,400474,res/ui/roleicons/515.ktx
头像ktx屏蔽先遣服,400475,res/ui/roleicons/516.ktx
头像ktx屏蔽先遣服,400476,res/ui/roleicons/517.ktx
头像ktx屏蔽先遣服,400477,res/ui/roleicons/518.ktx
头像ktx屏蔽先遣服,400478,res/ui/roleicons/519.ktx
头像ktx屏蔽先遣服,400479,res/ui/roleicons/520.ktx
头像ktx屏蔽先遣服,400480,res/ui/roleicons/521.ktx
头像ktx屏蔽先遣服,400481,res/ui/roleicons/522.ktx
头像ktx屏蔽先遣服,400482,res/ui/roleicons/523.ktx
头像ktx屏蔽先遣服,400483,res/ui/roleicons/524.ktx
头像ktx屏蔽先遣服,400484,res/ui/roleicons/525.ktx
头像ktx屏蔽先遣服,400485,res/ui/roleicons/526.ktx
头像ktx屏蔽先遣服,400486,res/ui/roleicons/527.ktx
头像ktx屏蔽先遣服,400487,res/ui/roleicons/528.ktx
头像ktx屏蔽先遣服,400488,res/ui/roleicons/529.ktx
头像ktx屏蔽先遣服,400489,res/ui/roleicons/530.ktx
头像ktx屏蔽先遣服,400490,res/ui/roleicons/531.ktx
头像ktx屏蔽先遣服,400491,res/ui/roleicons/532.ktx
头像ktx屏蔽先遣服,400492,res/ui/roleicons/533.ktx
头像ktx屏蔽先遣服,400493,res/ui/roleicons/534.ktx
头像ktx屏蔽先遣服,400494,res/ui/roleicons/535.ktx
头像ktx屏蔽先遣服,400495,res/ui/roleicons/536.ktx
头像ktx屏蔽先遣服,400496,res/ui/roleicons/537.ktx
头像ktx屏蔽先遣服,400497,res/ui/roleicons/538.ktx
头像ktx屏蔽先遣服,400498,res/ui/roleicons/539.ktx
头像ktx屏蔽先遣服,400499,res/ui/roleicons/540.ktx
头像ktx屏蔽先遣服,400500,res/ui/roleicons/541.ktx
头像ktx屏蔽先遣服,400501,res/ui/roleicons/542.ktx
头像ktx屏蔽先遣服,400502,res/ui/roleicons/543.ktx
头像ktx屏蔽先遣服,400503,res/ui/roleicons/544.ktx
头像ktx屏蔽先遣服,400504,res/ui/roleicons/545.ktx
头像ktx屏蔽先遣服,400505,res/ui/roleicons/546.ktx
头像ktx屏蔽先遣服,400506,res/ui/roleicons/547.ktx
头像ktx屏蔽先遣服,400507,res/ui/roleicons/548.ktx
头像ktx屏蔽先遣服,400508,res/ui/roleicons/549.ktx
头像ktx屏蔽先遣服,400509,res/ui/roleicons/550.ktx
头像ktx屏蔽先遣服,400510,res/ui/roleicons/551.ktx
头像ktx屏蔽先遣服,400511,res/ui/roleicons/552.ktx
头像ktx屏蔽先遣服,400512,res/ui/roleicons/553.ktx
头像ktx屏蔽先遣服,400513,res/ui/roleicons/554.ktx
头像ktx屏蔽先遣服,400514,res/ui/roleicons/555.ktx
头像ktx屏蔽先遣服,400515,res/ui/roleicons/556.ktx
头像ktx屏蔽先遣服,400516,res/ui/roleicons/557.ktx
头像ktx屏蔽先遣服,400517,res/ui/roleicons/558.ktx
头像ktx屏蔽先遣服,400518,res/ui/roleicons/559.ktx
头像ktx屏蔽先遣服,400519,res/ui/roleicons/560.ktx
头像ktx屏蔽先遣服,400520,res/ui/roleicons/561.ktx
头像ktx屏蔽先遣服,400521,res/ui/roleicons/562.ktx
头像ktx屏蔽先遣服,400522,res/ui/roleicons/563.ktx
头像ktx屏蔽先遣服,400523,res/ui/roleicons/564.ktx
头像ktx屏蔽先遣服,400524,res/ui/roleicons/565.ktx
头像ktx屏蔽先遣服,400525,res/ui/roleicons/566.ktx
头像ktx屏蔽先遣服,400526,res/ui/roleicons/567.ktx
头像ktx屏蔽先遣服,400527,res/ui/roleicons/568.ktx
头像ktx屏蔽先遣服,400528,res/ui/roleicons/569.ktx
头像ktx屏蔽先遣服,400529,res/ui/roleicons/570.ktx
头像ktx屏蔽先遣服,400530,res/ui/roleicons/571.ktx
头像ktx屏蔽先遣服,400531,res/ui/roleicons/572.ktx
头像ktx屏蔽先遣服,400532,res/ui/roleicons/573.ktx
头像ktx屏蔽先遣服,400533,res/ui/roleicons/574.ktx
头像ktx屏蔽先遣服,400534,res/ui/roleicons/575.ktx
头像ktx屏蔽先遣服,400535,res/ui/roleicons/576.ktx
头像ktx屏蔽先遣服,400536,res/ui/roleicons/577.ktx
头像ktx屏蔽先遣服,400537,res/ui/roleicons/578.ktx
头像ktx屏蔽先遣服,400538,res/ui/roleicons/579.ktx
头像ktx屏蔽先遣服,400539,res/ui/roleicons/580.ktx
头像ktx屏蔽先遣服,400540,res/ui/roleicons/581.ktx
头像ktx屏蔽先遣服,400541,res/ui/roleicons/582.ktx
头像ktx屏蔽先遣服,400542,res/ui/roleicons/583.ktx
头像ktx屏蔽先遣服,400543,res/ui/roleicons/584.ktx
头像ktx屏蔽先遣服,400544,res/ui/roleicons/585.ktx
头像ktx屏蔽先遣服,400545,res/ui/roleicons/586.ktx
头像ktx屏蔽先遣服,400546,res/ui/roleicons/587.ktx
头像ktx屏蔽先遣服,400547,res/ui/roleicons/588.ktx
头像ktx屏蔽先遣服,400548,res/ui/roleicons/589.ktx
头像ktx屏蔽先遣服,400549,res/ui/roleicons/590.ktx
头像ktx屏蔽先遣服,400550,res/ui/roleicons/591.ktx
头像ktx屏蔽先遣服,400551,res/ui/roleicons/592.ktx
头像ktx屏蔽先遣服,400552,res/ui/roleicons/593.ktx
头像ktx屏蔽先遣服,400553,res/ui/roleicons/594.ktx
头像ktx屏蔽先遣服,400554,res/ui/roleicons/595.ktx
头像ktx屏蔽先遣服,400555,res/ui/roleicons/596.ktx
头像ktx屏蔽先遣服,400556,res/ui/roleicons/597.ktx
头像ktx屏蔽先遣服,400557,res/ui/roleicons/598.ktx
头像ktx屏蔽先遣服,400558,res/ui/roleicons/599.ktx
头像ktx屏蔽先遣服,400559,res/ui/roleicons/600.ktx
头像ktx屏蔽先遣服,400560,res/ui/roleicons/601.ktx
头像ktx屏蔽先遣服,400561,res/ui/roleicons/602.ktx
头像ktx屏蔽先遣服,400562,res/ui/roleicons/603.ktx
头像ktx屏蔽先遣服,400563,res/ui/roleicons/604.ktx
头像ktx屏蔽先遣服,400564,res/ui/roleicons/605.ktx
头像ktx屏蔽先遣服,400565,res/ui/roleicons/606.ktx
头像ktx屏蔽先遣服,400566,res/ui/roleicons/607.ktx
头像ktx屏蔽先遣服,400567,res/ui/roleicons/608.ktx
头像ktx屏蔽先遣服,400568,res/ui/roleicons/609.ktx
头像ktx屏蔽先遣服,400569,res/ui/roleicons/610.ktx
头像ktx屏蔽先遣服,400570,res/ui/roleicons/611.ktx
头像ktx屏蔽先遣服,400571,res/ui/roleicons/612.ktx
头像ktx屏蔽先遣服,400572,res/ui/roleicons/613.ktx
头像ktx屏蔽先遣服,400573,res/ui/roleicons/614.ktx
头像ktx屏蔽先遣服,400574,res/ui/roleicons/615.ktx
头像ktx屏蔽先遣服,400575,res/ui/roleicons/616.ktx
头像ktx屏蔽先遣服,400576,res/ui/roleicons/617.ktx
头像ktx屏蔽先遣服,400577,res/ui/roleicons/618.ktx
头像ktx屏蔽先遣服,400578,res/ui/roleicons/619.ktx
头像ktx屏蔽先遣服,400579,res/ui/roleicons/620.ktx
头像ktx屏蔽先遣服,400580,res/ui/roleicons/621.ktx
头像ktx屏蔽先遣服,400581,res/ui/roleicons/622.ktx
头像ktx屏蔽先遣服,400582,res/ui/roleicons/623.ktx
头像ktx屏蔽先遣服,400583,res/ui/roleicons/624.ktx
头像ktx屏蔽先遣服,400584,res/ui/roleicons/625.ktx
头像ktx屏蔽先遣服,400585,res/ui/roleicons/626.ktx
头像ktx屏蔽先遣服,400586,res/ui/roleicons/627.ktx
头像ktx屏蔽先遣服,400587,res/ui/roleicons/628.ktx
头像ktx屏蔽先遣服,400588,res/ui/roleicons/629.ktx
头像ktx屏蔽先遣服,400589,res/ui/roleicons/630.ktx
头像ktx屏蔽先遣服,400590,res/ui/roleicons/631.ktx
头像ktx屏蔽先遣服,400591,res/ui/roleicons/632.ktx
头像ktx屏蔽先遣服,400592,res/ui/roleicons/633.ktx
头像ktx屏蔽先遣服,400593,res/ui/roleicons/634.ktx
头像ktx屏蔽先遣服,400594,res/ui/roleicons/635.ktx
头像ktx屏蔽先遣服,400595,res/ui/roleicons/636.ktx
头像ktx屏蔽先遣服,400596,res/ui/roleicons/637.ktx
头像ktx屏蔽先遣服,400597,res/ui/roleicons/638.ktx
头像ktx屏蔽先遣服,400598,res/ui/roleicons/639.ktx
头像ktx屏蔽先遣服,400599,res/ui/roleicons/640.ktx
头像ktx屏蔽先遣服,400600,res/ui/roleicons/641.ktx
头像ktx屏蔽先遣服,400601,res/ui/roleicons/642.ktx
头像ktx屏蔽先遣服,400602,res/ui/roleicons/643.ktx
头像ktx屏蔽先遣服,400603,res/ui/roleicons/644.ktx
头像ktx屏蔽先遣服,400604,res/ui/roleicons/645.ktx
头像ktx屏蔽先遣服,400605,res/ui/roleicons/646.ktx
头像ktx屏蔽先遣服,400606,res/ui/roleicons/647.ktx
头像ktx屏蔽先遣服,400607,res/ui/roleicons/648.ktx
头像ktx屏蔽先遣服,400608,res/ui/roleicons/649.ktx
头像ktx屏蔽先遣服,400609,res/ui/roleicons/650.ktx
头像ktx屏蔽先遣服,400610,res/ui/roleicons/651.ktx
头像ktx屏蔽先遣服,400611,res/ui/roleicons/652.ktx
头像ktx屏蔽先遣服,400612,res/ui/roleicons/653.ktx
头像ktx屏蔽先遣服,400613,res/ui/roleicons/654.ktx
头像ktx屏蔽先遣服,400614,res/ui/roleicons/655.ktx
头像ktx屏蔽先遣服,400615,res/ui/roleicons/656.ktx
头像ktx屏蔽先遣服,400616,res/ui/roleicons/657.ktx
头像ktx屏蔽先遣服,400617,res/ui/roleicons/658.ktx
头像ktx屏蔽先遣服,400618,res/ui/roleicons/659.ktx
头像ktx屏蔽先遣服,400619,res/ui/roleicons/660.ktx
头像ktx屏蔽先遣服,400620,res/ui/roleicons/661.ktx
头像ktx屏蔽先遣服,400621,res/ui/roleicons/662.ktx
头像ktx屏蔽先遣服,400622,res/ui/roleicons/663.ktx
头像ktx屏蔽先遣服,400623,res/ui/roleicons/664.ktx
头像ktx屏蔽先遣服,400624,res/ui/roleicons/665.ktx
头像ktx屏蔽先遣服,400625,res/ui/roleicons/666.ktx
头像ktx屏蔽先遣服,400626,res/ui/roleicons/667.ktx
头像ktx屏蔽先遣服,400627,res/ui/roleicons/668.ktx
头像ktx屏蔽先遣服,400628,res/ui/roleicons/669.ktx
头像ktx屏蔽先遣服,400629,res/ui/roleicons/670.ktx
头像ktx屏蔽先遣服,400630,res/ui/roleicons/671.ktx
头像ktx屏蔽先遣服,400631,res/ui/roleicons/672.ktx
头像ktx屏蔽先遣服,400632,res/ui/roleicons/673.ktx
头像ktx屏蔽先遣服,400633,res/ui/roleicons/674.ktx
头像ktx屏蔽先遣服,400634,res/ui/roleicons/675.ktx
头像ktx屏蔽先遣服,400635,res/ui/roleicons/676.ktx
头像ktx屏蔽先遣服,400636,res/ui/roleicons/677.ktx
头像ktx屏蔽先遣服,400637,res/ui/roleicons/678.ktx
头像ktx屏蔽先遣服,400638,res/ui/roleicons/679.ktx
头像ktx屏蔽先遣服,400639,res/ui/roleicons/680.ktx
头像ktx屏蔽先遣服,400640,res/ui/roleicons/681.ktx
头像ktx屏蔽先遣服,400641,res/ui/roleicons/682.ktx
头像ktx屏蔽先遣服,400642,res/ui/roleicons/683.ktx
头像ktx屏蔽先遣服,400643,res/ui/roleicons/684.ktx
头像ktx屏蔽先遣服,400644,res/ui/roleicons/685.ktx
头像ktx屏蔽先遣服,400645,res/ui/roleicons/686.ktx
头像ktx屏蔽先遣服,400646,res/ui/roleicons/687.ktx
头像ktx屏蔽先遣服,400647,res/ui/roleicons/688.ktx
头像ktx屏蔽先遣服,400648,res/ui/roleicons/689.ktx
头像ktx屏蔽先遣服,400649,res/ui/roleicons/690.ktx
头像ktx屏蔽先遣服,400650,res/ui/roleicons/691.ktx
头像ktx屏蔽先遣服,400651,res/ui/roleicons/692.ktx
头像ktx屏蔽先遣服,400652,res/ui/roleicons/693.ktx
头像ktx屏蔽先遣服,400653,res/ui/roleicons/694.ktx
头像ktx屏蔽先遣服,400654,res/ui/roleicons/695.ktx
头像ktx屏蔽先遣服,400655,res/ui/roleicons/696.ktx
头像ktx屏蔽先遣服,400656,res/ui/roleicons/697.ktx
头像ktx屏蔽先遣服,400657,res/ui/roleicons/698.ktx
头像ktx屏蔽先遣服,400658,res/ui/roleicons/699.ktx
头像ktx屏蔽先遣服,400659,res/ui/roleicons/700.ktx
头像ktx屏蔽先遣服,400660,res/ui/roleicons/701.ktx
头像ktx屏蔽先遣服,400661,res/ui/roleicons/702.ktx
头像ktx屏蔽先遣服,400662,res/ui/roleicons/703.ktx
头像ktx屏蔽先遣服,400663,res/ui/roleicons/704.ktx
头像ktx屏蔽先遣服,400664,res/ui/roleicons/705.ktx
头像ktx屏蔽先遣服,400665,res/ui/roleicons/706.ktx
头像ktx屏蔽先遣服,400666,res/ui/roleicons/707.ktx
头像ktx屏蔽先遣服,400667,res/ui/roleicons/708.ktx
头像ktx屏蔽先遣服,400668,res/ui/roleicons/709.ktx
头像ktx屏蔽先遣服,400669,res/ui/roleicons/710.ktx
头像ktx屏蔽先遣服,400670,res/ui/roleicons/711.ktx
头像ktx屏蔽先遣服,400671,res/ui/roleicons/712.ktx
头像ktx屏蔽先遣服,400672,res/ui/roleicons/713.ktx
头像ktx屏蔽先遣服,400673,res/ui/roleicons/714.ktx
头像ktx屏蔽先遣服,400674,res/ui/roleicons/715.ktx
头像ktx屏蔽先遣服,400675,res/ui/roleicons/716.ktx
头像ktx屏蔽先遣服,400676,res/ui/roleicons/717.ktx
头像ktx屏蔽先遣服,400677,res/ui/roleicons/718.ktx
头像ktx屏蔽先遣服,400678,res/ui/roleicons/719.ktx
头像ktx屏蔽先遣服,400679,res/ui/roleicons/720.ktx
头像ktx屏蔽先遣服,400680,res/ui/roleicons/721.ktx
头像ktx屏蔽先遣服,400681,res/ui/roleicons/722.ktx
头像ktx屏蔽先遣服,400682,res/ui/roleicons/723.ktx
头像ktx屏蔽先遣服,400683,res/ui/roleicons/724.ktx
头像ktx屏蔽先遣服,400684,res/ui/roleicons/725.ktx
头像ktx屏蔽先遣服,400685,res/ui/roleicons/726.ktx
头像ktx屏蔽先遣服,400686,res/ui/roleicons/727.ktx
头像ktx屏蔽先遣服,400687,res/ui/roleicons/728.ktx
头像ktx屏蔽先遣服,400688,res/ui/roleicons/729.ktx
头像ktx屏蔽先遣服,400689,res/ui/roleicons/730.ktx
头像ktx屏蔽先遣服,400690,res/ui/roleicons/731.ktx
头像ktx屏蔽先遣服,400691,res/ui/roleicons/732.ktx
头像ktx屏蔽先遣服,400692,res/ui/roleicons/733.ktx
头像ktx屏蔽先遣服,400693,res/ui/roleicons/734.ktx
头像ktx屏蔽先遣服,400694,res/ui/roleicons/735.ktx
头像ktx屏蔽先遣服,400695,res/ui/roleicons/736.ktx
头像ktx屏蔽先遣服,400696,res/ui/roleicons/737.ktx
头像ktx屏蔽先遣服,400697,res/ui/roleicons/738.ktx
头像ktx屏蔽先遣服,400698,res/ui/roleicons/739.ktx
头像ktx屏蔽先遣服,400699,res/ui/roleicons/740.ktx
头像ktx屏蔽先遣服,400700,res/ui/roleicons/741.ktx
头像ktx屏蔽先遣服,400701,res/ui/roleicons/742.ktx
头像ktx屏蔽先遣服,400702,res/ui/roleicons/743.ktx
头像ktx屏蔽先遣服,400703,res/ui/roleicons/744.ktx
头像ktx屏蔽先遣服,400704,res/ui/roleicons/745.ktx
头像ktx屏蔽先遣服,400705,res/ui/roleicons/746.ktx
头像ktx屏蔽先遣服,400706,res/ui/roleicons/747.ktx
头像ktx屏蔽先遣服,400707,res/ui/roleicons/748.ktx
头像ktx屏蔽先遣服,400708,res/ui/roleicons/749.ktx
头像ktx屏蔽先遣服,400709,res/ui/roleicons/750.ktx
头像ktx屏蔽先遣服,400710,res/ui/roleicons/751.ktx
头像ktx屏蔽先遣服,400711,res/ui/roleicons/752.ktx
头像ktx屏蔽先遣服,400712,res/ui/roleicons/753.ktx
头像ktx屏蔽先遣服,400713,res/ui/roleicons/754.ktx
头像ktx屏蔽先遣服,400714,res/ui/roleicons/755.ktx
头像ktx屏蔽先遣服,400715,res/ui/roleicons/756.ktx
头像ktx屏蔽先遣服,400716,res/ui/roleicons/757.ktx
头像ktx屏蔽先遣服,400717,res/ui/roleicons/758.ktx
头像ktx屏蔽先遣服,400718,res/ui/roleicons/759.ktx
头像ktx屏蔽先遣服,400719,res/ui/roleicons/760.ktx
头像ktx屏蔽先遣服,400720,res/ui/roleicons/761.ktx
头像ktx屏蔽先遣服,400721,res/ui/roleicons/762.ktx
头像ktx屏蔽先遣服,400722,res/ui/roleicons/763.ktx
头像ktx屏蔽先遣服,400723,res/ui/roleicons/764.ktx
头像ktx屏蔽先遣服,400724,res/ui/roleicons/765.ktx
头像ktx屏蔽先遣服,400725,res/ui/roleicons/766.ktx
头像ktx屏蔽先遣服,400726,res/ui/roleicons/767.ktx
头像ktx屏蔽先遣服,400727,res/ui/roleicons/768.ktx
头像ktx屏蔽先遣服,400728,res/ui/roleicons/769.ktx
头像ktx屏蔽先遣服,400729,res/ui/roleicons/770.ktx
头像ktx屏蔽先遣服,400730,res/ui/roleicons/771.ktx
头像ktx屏蔽先遣服,400731,res/ui/roleicons/772.ktx
头像ktx屏蔽先遣服,400732,res/ui/roleicons/773.ktx
头像ktx屏蔽先遣服,400733,res/ui/roleicons/774.ktx
头像ktx屏蔽先遣服,400734,res/ui/roleicons/775.ktx
头像ktx屏蔽先遣服,400735,res/ui/roleicons/776.ktx
头像ktx屏蔽先遣服,400736,res/ui/roleicons/777.ktx
头像ktx屏蔽先遣服,400737,res/ui/roleicons/778.ktx
头像ktx屏蔽先遣服,400738,res/ui/roleicons/779.ktx
头像ktx屏蔽先遣服,400739,res/ui/roleicons/780.ktx
头像ktx屏蔽先遣服,400740,res/ui/roleicons/781.ktx
头像ktx屏蔽先遣服,400741,res/ui/roleicons/782.ktx
头像ktx屏蔽先遣服,400742,res/ui/roleicons/783.ktx
头像ktx屏蔽先遣服,400743,res/ui/roleicons/784.ktx
头像ktx屏蔽先遣服,400744,res/ui/roleicons/785.ktx
头像ktx屏蔽先遣服,400745,res/ui/roleicons/786.ktx
头像ktx屏蔽先遣服,400746,res/ui/roleicons/787.ktx
头像ktx屏蔽先遣服,400747,res/ui/roleicons/788.ktx
头像ktx屏蔽先遣服,400748,res/ui/roleicons/789.ktx
头像ktx屏蔽先遣服,400749,res/ui/roleicons/790.ktx
头像ktx屏蔽先遣服,400750,res/ui/roleicons/791.ktx
头像ktx屏蔽先遣服,400751,res/ui/roleicons/792.ktx
头像ktx屏蔽先遣服,400752,res/ui/roleicons/793.ktx
头像ktx屏蔽先遣服,400753,res/ui/roleicons/794.ktx
头像ktx屏蔽先遣服,400754,res/ui/roleicons/795.ktx
头像ktx屏蔽先遣服,400755,res/ui/roleicons/796.ktx
头像ktx屏蔽先遣服,400756,res/ui/roleicons/797.ktx
头像ktx屏蔽先遣服,400757,res/ui/roleicons/798.ktx
头像ktx屏蔽先遣服,400758,res/ui/roleicons/799.ktx
头像ktx屏蔽先遣服,400759,res/ui/roleicons/800.ktx
头像ktx屏蔽先遣服,400760,res/ui/roleicons/801.ktx
头像ktx屏蔽先遣服,400761,res/ui/roleicons/802.ktx
头像ktx屏蔽先遣服,400762,res/ui/roleicons/803.ktx
头像ktx屏蔽先遣服,400763,res/ui/roleicons/804.ktx
头像ktx屏蔽先遣服,400764,res/ui/roleicons/805.ktx
头像ktx屏蔽先遣服,400765,res/ui/roleicons/806.ktx
头像ktx屏蔽先遣服,400766,res/ui/roleicons/807.ktx
头像ktx屏蔽先遣服,400767,res/ui/roleicons/808.ktx
头像ktx屏蔽先遣服,400768,res/ui/roleicons/809.ktx
头像ktx屏蔽先遣服,400769,res/ui/roleicons/810.ktx
头像ktx屏蔽先遣服,400770,res/ui/roleicons/811.ktx
头像ktx屏蔽先遣服,400771,res/ui/roleicons/812.ktx
头像ktx屏蔽先遣服,400772,res/ui/roleicons/813.ktx
头像ktx屏蔽先遣服,400773,res/ui/roleicons/814.ktx
头像ktx屏蔽先遣服,400774,res/ui/roleicons/815.ktx
头像ktx屏蔽先遣服,400775,res/ui/roleicons/816.ktx
头像ktx屏蔽先遣服,400776,res/ui/roleicons/817.ktx
头像ktx屏蔽先遣服,400777,res/ui/roleicons/818.ktx
头像ktx屏蔽先遣服,400778,res/ui/roleicons/819.ktx
头像ktx屏蔽先遣服,400779,res/ui/roleicons/820.ktx
头像ktx屏蔽先遣服,400780,res/ui/roleicons/821.ktx
头像ktx屏蔽先遣服,400781,res/ui/roleicons/822.ktx
头像ktx屏蔽先遣服,400782,res/ui/roleicons/823.ktx
头像ktx屏蔽先遣服,400783,res/ui/roleicons/824.ktx
头像ktx屏蔽先遣服,400784,res/ui/roleicons/825.ktx
头像ktx屏蔽先遣服,400785,res/ui/roleicons/826.ktx
头像ktx屏蔽先遣服,400786,res/ui/roleicons/827.ktx
头像ktx屏蔽先遣服,400787,res/ui/roleicons/828.ktx
头像ktx屏蔽先遣服,400788,res/ui/roleicons/829.ktx
头像ktx屏蔽先遣服,400789,res/ui/roleicons/830.ktx
头像ktx屏蔽先遣服,400790,res/ui/roleicons/831.ktx
头像ktx屏蔽先遣服,400791,res/ui/roleicons/832.ktx
头像ktx屏蔽先遣服,400792,res/ui/roleicons/833.ktx
头像ktx屏蔽先遣服,400793,res/ui/roleicons/834.ktx
头像ktx屏蔽先遣服,400794,res/ui/roleicons/835.ktx
头像ktx屏蔽先遣服,400795,res/ui/roleicons/836.ktx
头像ktx屏蔽先遣服,400796,res/ui/roleicons/837.ktx
头像ktx屏蔽先遣服,400797,res/ui/roleicons/838.ktx
头像ktx屏蔽先遣服,400798,res/ui/roleicons/839.ktx
头像ktx屏蔽先遣服,400799,res/ui/roleicons/840.ktx
头像ktx屏蔽先遣服,400800,res/ui/roleicons/841.ktx
头像ktx屏蔽先遣服,400801,res/ui/roleicons/842.ktx
头像ktx屏蔽先遣服,400802,res/ui/roleicons/843.ktx
头像ktx屏蔽先遣服,400803,res/ui/roleicons/844.ktx
头像ktx屏蔽先遣服,400804,res/ui/roleicons/845.ktx
头像ktx屏蔽先遣服,400805,res/ui/roleicons/846.ktx
头像ktx屏蔽先遣服,400806,res/ui/roleicons/847.ktx
头像ktx屏蔽先遣服,400807,res/ui/roleicons/848.ktx
头像ktx屏蔽先遣服,400808,res/ui/roleicons/849.ktx
头像ktx屏蔽先遣服,400809,res/ui/roleicons/850.ktx
头像ktx屏蔽先遣服,400810,res/ui/roleicons/851.ktx
头像ktx屏蔽先遣服,400811,res/ui/roleicons/852.ktx
头像ktx屏蔽先遣服,400812,res/ui/roleicons/853.ktx
头像ktx屏蔽先遣服,400813,res/ui/roleicons/854.ktx
头像ktx屏蔽先遣服,400814,res/ui/roleicons/855.ktx
头像ktx屏蔽先遣服,400815,res/ui/roleicons/856.ktx
头像ktx屏蔽先遣服,400816,res/ui/roleicons/857.ktx
头像ktx屏蔽先遣服,400817,res/ui/roleicons/858.ktx
头像ktx屏蔽先遣服,400818,res/ui/roleicons/859.ktx
头像ktx屏蔽先遣服,400819,res/ui/roleicons/860.ktx
头像ktx屏蔽先遣服,400820,res/ui/roleicons/861.ktx
头像ktx屏蔽先遣服,400821,res/ui/roleicons/862.ktx
头像ktx屏蔽先遣服,400822,res/ui/roleicons/863.ktx
头像ktx屏蔽先遣服,400823,res/ui/roleicons/864.ktx
头像ktx屏蔽先遣服,400824,res/ui/roleicons/865.ktx
头像ktx屏蔽先遣服,400825,res/ui/roleicons/866.ktx
头像ktx屏蔽先遣服,400826,res/ui/roleicons/867.ktx
头像ktx屏蔽先遣服,400827,res/ui/roleicons/868.ktx
头像ktx屏蔽先遣服,400828,res/ui/roleicons/869.ktx
头像ktx屏蔽先遣服,400829,res/ui/roleicons/870.ktx
头像ktx屏蔽先遣服,400830,res/ui/roleicons/871.ktx
头像ktx屏蔽先遣服,400831,res/ui/roleicons/872.ktx
头像ktx屏蔽先遣服,400832,res/ui/roleicons/873.ktx
头像ktx屏蔽先遣服,400833,res/ui/roleicons/874.ktx
头像ktx屏蔽先遣服,400834,res/ui/roleicons/875.ktx
头像ktx屏蔽先遣服,400835,res/ui/roleicons/876.ktx
头像ktx屏蔽先遣服,400836,res/ui/roleicons/877.ktx
头像ktx屏蔽先遣服,400837,res/ui/roleicons/878.ktx
头像ktx屏蔽先遣服,400838,res/ui/roleicons/879.ktx
头像ktx屏蔽先遣服,400839,res/ui/roleicons/880.ktx
头像ktx屏蔽先遣服,400840,res/ui/roleicons/881.ktx
头像ktx屏蔽先遣服,400841,res/ui/roleicons/882.ktx
头像ktx屏蔽先遣服,400842,res/ui/roleicons/883.ktx
头像ktx屏蔽先遣服,400843,res/ui/roleicons/884.ktx
头像ktx屏蔽先遣服,400844,res/ui/roleicons/885.ktx
头像ktx屏蔽先遣服,400845,res/ui/roleicons/886.ktx
头像ktx屏蔽先遣服,400846,res/ui/roleicons/887.ktx
头像ktx屏蔽先遣服,400847,res/ui/roleicons/888.ktx
头像ktx屏蔽先遣服,400848,res/ui/roleicons/889.ktx
头像ktx屏蔽先遣服,400849,res/ui/roleicons/890.ktx
头像ktx屏蔽先遣服,400850,res/ui/roleicons/891.ktx
头像ktx屏蔽先遣服,400851,res/ui/roleicons/892.ktx
头像ktx屏蔽先遣服,400852,res/ui/roleicons/893.ktx
头像ktx屏蔽先遣服,400853,res/ui/roleicons/894.ktx
头像ktx屏蔽先遣服,400854,res/ui/roleicons/895.ktx
头像ktx屏蔽先遣服,400855,res/ui/roleicons/896.ktx
头像ktx屏蔽先遣服,400856,res/ui/roleicons/897.ktx
头像ktx屏蔽先遣服,400857,res/ui/roleicons/898.ktx
头像ktx屏蔽先遣服,400858,res/ui/roleicons/899.ktx
头像ktx屏蔽先遣服,400859,res/ui/roleicons/900.ktx
头像ktx屏蔽先遣服,400860,res/ui/roleicons/901.ktx
头像ktx屏蔽先遣服,400861,res/ui/roleicons/902.ktx
头像ktx屏蔽先遣服,400862,res/ui/roleicons/903.ktx
头像ktx屏蔽先遣服,400863,res/ui/roleicons/904.ktx
头像ktx屏蔽先遣服,400864,res/ui/roleicons/905.ktx
头像ktx屏蔽先遣服,400865,res/ui/roleicons/906.ktx
头像ktx屏蔽先遣服,400866,res/ui/roleicons/907.ktx
头像ktx屏蔽先遣服,400867,res/ui/roleicons/908.ktx
头像ktx屏蔽先遣服,400868,res/ui/roleicons/909.ktx
头像ktx屏蔽先遣服,400869,res/ui/roleicons/910.ktx
头像ktx屏蔽先遣服,400870,res/ui/roleicons/911.ktx
头像ktx屏蔽先遣服,400871,res/ui/roleicons/912.ktx
头像ktx屏蔽先遣服,400872,res/ui/roleicons/913.ktx
头像ktx屏蔽先遣服,400873,res/ui/roleicons/914.ktx
头像ktx屏蔽先遣服,400874,res/ui/roleicons/915.ktx
头像ktx屏蔽先遣服,400875,res/ui/roleicons/916.ktx
头像ktx屏蔽先遣服,400876,res/ui/roleicons/917.ktx
头像ktx屏蔽先遣服,400877,res/ui/roleicons/918.ktx
头像ktx屏蔽先遣服,400878,res/ui/roleicons/919.ktx
头像ktx屏蔽先遣服,400879,res/ui/roleicons/920.ktx
头像ktx屏蔽先遣服,400880,res/ui/roleicons/921.ktx
头像ktx屏蔽先遣服,400881,res/ui/roleicons/922.ktx
头像ktx屏蔽先遣服,400882,res/ui/roleicons/923.ktx
头像ktx屏蔽先遣服,400883,res/ui/roleicons/924.ktx
头像ktx屏蔽先遣服,400884,res/ui/roleicons/925.ktx
头像ktx屏蔽先遣服,400885,res/ui/roleicons/926.ktx
头像ktx屏蔽先遣服,400886,res/ui/roleicons/927.ktx
头像ktx屏蔽先遣服,400887,res/ui/roleicons/928.ktx
头像ktx屏蔽先遣服,400888,res/ui/roleicons/929.ktx
头像ktx屏蔽先遣服,400889,res/ui/roleicons/930.ktx
头像ktx屏蔽先遣服,400890,res/ui/roleicons/931.ktx
头像ktx屏蔽先遣服,400891,res/ui/roleicons/932.ktx
头像ktx屏蔽先遣服,400892,res/ui/roleicons/933.ktx
头像ktx屏蔽先遣服,400893,res/ui/roleicons/934.ktx
头像ktx屏蔽先遣服,400894,res/ui/roleicons/935.ktx
头像ktx屏蔽先遣服,400895,res/ui/roleicons/936.ktx
头像ktx屏蔽先遣服,400896,res/ui/roleicons/937.ktx
头像ktx屏蔽先遣服,400897,res/ui/roleicons/938.ktx
头像ktx屏蔽先遣服,400898,res/ui/roleicons/939.ktx
头像ktx屏蔽先遣服,400899,res/ui/roleicons/940.ktx
头像ktx屏蔽先遣服,400900,res/ui/roleicons/941.ktx
头像ktx屏蔽先遣服,400901,res/ui/roleicons/942.ktx
头像ktx屏蔽先遣服,400902,res/ui/roleicons/943.ktx
头像ktx屏蔽先遣服,400903,res/ui/roleicons/944.ktx
头像ktx屏蔽先遣服,400904,res/ui/roleicons/945.ktx
头像ktx屏蔽先遣服,400905,res/ui/roleicons/946.ktx
头像ktx屏蔽先遣服,400906,res/ui/roleicons/947.ktx
头像ktx屏蔽先遣服,400907,res/ui/roleicons/948.ktx
头像ktx屏蔽先遣服,400908,res/ui/roleicons/949.ktx
头像ktx屏蔽先遣服,400909,res/ui/roleicons/950.ktx
头像ktx屏蔽先遣服,400910,res/ui/roleicons/951.ktx
头像ktx屏蔽先遣服,400911,res/ui/roleicons/952.ktx
头像ktx屏蔽先遣服,400912,res/ui/roleicons/953.ktx
头像ktx屏蔽先遣服,400913,res/ui/roleicons/954.ktx
头像ktx屏蔽先遣服,400914,res/ui/roleicons/955.ktx
头像ktx屏蔽先遣服,400915,res/ui/roleicons/956.ktx
头像ktx屏蔽先遣服,400916,res/ui/roleicons/957.ktx
头像ktx屏蔽先遣服,400917,res/ui/roleicons/958.ktx
头像ktx屏蔽先遣服,400918,res/ui/roleicons/959.ktx
头像ktx屏蔽先遣服,400919,res/ui/roleicons/960.ktx
头像ktx屏蔽先遣服,400920,res/ui/roleicons/961.ktx
头像ktx屏蔽先遣服,400921,res/ui/roleicons/962.ktx
头像ktx屏蔽先遣服,400922,res/ui/roleicons/963.ktx
头像ktx屏蔽先遣服,400923,res/ui/roleicons/964.ktx
头像ktx屏蔽先遣服,400924,res/ui/roleicons/965.ktx
头像ktx屏蔽先遣服,400925,res/ui/roleicons/966.ktx
头像ktx屏蔽先遣服,400926,res/ui/roleicons/967.ktx
头像ktx屏蔽先遣服,400927,res/ui/roleicons/968.ktx
头像ktx屏蔽先遣服,400928,res/ui/roleicons/969.ktx
头像ktx屏蔽先遣服,400929,res/ui/roleicons/970.ktx
头像ktx屏蔽先遣服,400930,res/ui/roleicons/971.ktx
头像ktx屏蔽先遣服,400931,res/ui/roleicons/972.ktx
头像ktx屏蔽先遣服,400932,res/ui/roleicons/973.ktx
头像ktx屏蔽先遣服,400933,res/ui/roleicons/974.ktx
头像ktx屏蔽先遣服,400934,res/ui/roleicons/975.ktx
头像ktx屏蔽先遣服,400935,res/ui/roleicons/976.ktx
头像ktx屏蔽先遣服,400936,res/ui/roleicons/977.ktx
头像ktx屏蔽先遣服,400937,res/ui/roleicons/978.ktx
头像ktx屏蔽先遣服,400938,res/ui/roleicons/979.ktx
头像ktx屏蔽先遣服,400939,res/ui/roleicons/980.ktx
头像ktx屏蔽先遣服,400940,res/ui/roleicons/981.ktx
头像ktx屏蔽先遣服,400941,res/ui/roleicons/982.ktx
头像ktx屏蔽先遣服,400942,res/ui/roleicons/983.ktx
头像ktx屏蔽先遣服,400943,res/ui/roleicons/984.ktx
头像ktx屏蔽先遣服,400944,res/ui/roleicons/985.ktx
头像ktx屏蔽先遣服,400945,res/ui/roleicons/986.ktx
头像ktx屏蔽先遣服,400946,res/ui/roleicons/987.ktx
头像ktx屏蔽先遣服,400947,res/ui/roleicons/988.ktx
头像ktx屏蔽先遣服,400948,res/ui/roleicons/989.ktx
头像ktx屏蔽先遣服,400949,res/ui/roleicons/990.ktx
头像ktx屏蔽先遣服,400950,res/ui/roleicons/991.ktx
头像ktx屏蔽先遣服,400951,res/ui/roleicons/992.ktx
头像ktx屏蔽先遣服,400952,res/ui/roleicons/993.ktx
头像ktx屏蔽先遣服,400953,res/ui/roleicons/994.ktx
头像ktx屏蔽先遣服,400954,res/ui/roleicons/995.ktx
头像ktx屏蔽先遣服,400955,res/ui/roleicons/996.ktx
头像ktx屏蔽先遣服,400956,res/ui/roleicons/997.ktx
头像ktx屏蔽先遣服,400957,res/ui/roleicons/998.ktx
头像ktx屏蔽先遣服,400958,res/ui/roleicons/999.ktx
头像pvr屏蔽先遣服,500058,res/ui/roleicons/99.pvr
头像pvr屏蔽先遣服,500059,res/ui/roleicons/100.pvr
头像pvr屏蔽先遣服,500060,res/ui/roleicons/101.pvr
头像pvr屏蔽先遣服,500061,res/ui/roleicons/102.pvr
头像pvr屏蔽先遣服,500062,res/ui/roleicons/103.pvr
头像pvr屏蔽先遣服,500063,res/ui/roleicons/104.pvr
头像pvr屏蔽先遣服,500064,res/ui/roleicons/105.pvr
头像pvr屏蔽先遣服,500065,res/ui/roleicons/106.pvr
头像pvr屏蔽先遣服,500066,res/ui/roleicons/107.pvr
头像pvr屏蔽先遣服,500067,res/ui/roleicons/108.pvr
头像pvr屏蔽先遣服,500068,res/ui/roleicons/109.pvr
头像pvr屏蔽先遣服,500069,res/ui/roleicons/110.pvr
头像pvr屏蔽先遣服,500070,res/ui/roleicons/111.pvr
头像pvr屏蔽先遣服,500071,res/ui/roleicons/112.pvr
头像pvr屏蔽先遣服,500072,res/ui/roleicons/113.pvr
头像pvr屏蔽先遣服,500073,res/ui/roleicons/114.pvr
头像pvr屏蔽先遣服,500074,res/ui/roleicons/115.pvr
头像pvr屏蔽先遣服,500075,res/ui/roleicons/116.pvr
头像pvr屏蔽先遣服,500076,res/ui/roleicons/117.pvr
头像pvr屏蔽先遣服,500077,res/ui/roleicons/118.pvr
头像pvr屏蔽先遣服,500078,res/ui/roleicons/119.pvr
头像pvr屏蔽先遣服,500079,res/ui/roleicons/120.pvr
头像pvr屏蔽先遣服,500080,res/ui/roleicons/121.pvr
头像pvr屏蔽先遣服,500081,res/ui/roleicons/122.pvr
头像pvr屏蔽先遣服,500082,res/ui/roleicons/123.pvr
头像pvr屏蔽先遣服,500083,res/ui/roleicons/124.pvr
头像pvr屏蔽先遣服,500084,res/ui/roleicons/125.pvr
头像pvr屏蔽先遣服,500085,res/ui/roleicons/126.pvr
头像pvr屏蔽先遣服,500086,res/ui/roleicons/127.pvr
头像pvr屏蔽先遣服,500087,res/ui/roleicons/128.pvr
头像pvr屏蔽先遣服,500088,res/ui/roleicons/129.pvr
头像pvr屏蔽先遣服,500089,res/ui/roleicons/130.pvr
头像pvr屏蔽先遣服,500090,res/ui/roleicons/131.pvr
头像pvr屏蔽先遣服,500091,res/ui/roleicons/132.pvr
头像pvr屏蔽先遣服,500092,res/ui/roleicons/133.pvr
头像pvr屏蔽先遣服,500093,res/ui/roleicons/134.pvr
头像pvr屏蔽先遣服,500094,res/ui/roleicons/135.pvr
头像pvr屏蔽先遣服,500095,res/ui/roleicons/136.pvr
头像pvr屏蔽先遣服,500096,res/ui/roleicons/137.pvr
头像pvr屏蔽先遣服,500097,res/ui/roleicons/138.pvr
头像pvr屏蔽先遣服,500098,res/ui/roleicons/139.pvr
头像pvr屏蔽先遣服,500099,res/ui/roleicons/140.pvr
头像pvr屏蔽先遣服,500100,res/ui/roleicons/141.pvr
头像pvr屏蔽先遣服,500101,res/ui/roleicons/142.pvr
头像pvr屏蔽先遣服,500102,res/ui/roleicons/143.pvr
头像pvr屏蔽先遣服,500103,res/ui/roleicons/144.pvr
头像pvr屏蔽先遣服,500104,res/ui/roleicons/145.pvr
头像pvr屏蔽先遣服,500105,res/ui/roleicons/146.pvr
头像pvr屏蔽先遣服,500106,res/ui/roleicons/147.pvr
头像pvr屏蔽先遣服,500107,res/ui/roleicons/148.pvr
头像pvr屏蔽先遣服,500108,res/ui/roleicons/149.pvr
头像pvr屏蔽先遣服,500109,res/ui/roleicons/150.pvr
头像pvr屏蔽先遣服,500110,res/ui/roleicons/151.pvr
头像pvr屏蔽先遣服,500111,res/ui/roleicons/152.pvr
头像pvr屏蔽先遣服,500112,res/ui/roleicons/153.pvr
头像pvr屏蔽先遣服,500113,res/ui/roleicons/154.pvr
头像pvr屏蔽先遣服,500114,res/ui/roleicons/155.pvr
头像pvr屏蔽先遣服,500115,res/ui/roleicons/156.pvr
头像pvr屏蔽先遣服,500116,res/ui/roleicons/157.pvr
头像pvr屏蔽先遣服,500117,res/ui/roleicons/158.pvr
头像pvr屏蔽先遣服,500118,res/ui/roleicons/159.pvr
头像pvr屏蔽先遣服,500119,res/ui/roleicons/160.pvr
头像pvr屏蔽先遣服,500120,res/ui/roleicons/161.pvr
头像pvr屏蔽先遣服,500121,res/ui/roleicons/162.pvr
头像pvr屏蔽先遣服,500122,res/ui/roleicons/163.pvr
头像pvr屏蔽先遣服,500123,res/ui/roleicons/164.pvr
头像pvr屏蔽先遣服,500124,res/ui/roleicons/165.pvr
头像pvr屏蔽先遣服,500125,res/ui/roleicons/166.pvr
头像pvr屏蔽先遣服,500126,res/ui/roleicons/167.pvr
头像pvr屏蔽先遣服,500127,res/ui/roleicons/168.pvr
头像pvr屏蔽先遣服,500128,res/ui/roleicons/169.pvr
头像pvr屏蔽先遣服,500129,res/ui/roleicons/170.pvr
头像pvr屏蔽先遣服,500130,res/ui/roleicons/171.pvr
头像pvr屏蔽先遣服,500131,res/ui/roleicons/172.pvr
头像pvr屏蔽先遣服,500132,res/ui/roleicons/173.pvr
头像pvr屏蔽先遣服,500133,res/ui/roleicons/174.pvr
头像pvr屏蔽先遣服,500134,res/ui/roleicons/175.pvr
头像pvr屏蔽先遣服,500135,res/ui/roleicons/176.pvr
头像pvr屏蔽先遣服,500136,res/ui/roleicons/177.pvr
头像pvr屏蔽先遣服,500137,res/ui/roleicons/178.pvr
头像pvr屏蔽先遣服,500138,res/ui/roleicons/179.pvr
头像pvr屏蔽先遣服,500139,res/ui/roleicons/180.pvr
头像pvr屏蔽先遣服,500140,res/ui/roleicons/181.pvr
头像pvr屏蔽先遣服,500141,res/ui/roleicons/182.pvr
头像pvr屏蔽先遣服,500142,res/ui/roleicons/183.pvr
头像pvr屏蔽先遣服,500143,res/ui/roleicons/184.pvr
头像pvr屏蔽先遣服,500144,res/ui/roleicons/185.pvr
头像pvr屏蔽先遣服,500145,res/ui/roleicons/186.pvr
头像pvr屏蔽先遣服,500146,res/ui/roleicons/187.pvr
头像pvr屏蔽先遣服,500147,res/ui/roleicons/188.pvr
头像pvr屏蔽先遣服,500148,res/ui/roleicons/189.pvr
头像pvr屏蔽先遣服,500149,res/ui/roleicons/190.pvr
头像pvr屏蔽先遣服,500150,res/ui/roleicons/191.pvr
头像pvr屏蔽先遣服,500151,res/ui/roleicons/192.pvr
头像pvr屏蔽先遣服,500152,res/ui/roleicons/193.pvr
头像pvr屏蔽先遣服,500153,res/ui/roleicons/194.pvr
头像pvr屏蔽先遣服,500154,res/ui/roleicons/195.pvr
头像pvr屏蔽先遣服,500155,res/ui/roleicons/196.pvr
头像pvr屏蔽先遣服,500156,res/ui/roleicons/197.pvr
头像pvr屏蔽先遣服,500157,res/ui/roleicons/198.pvr
头像pvr屏蔽先遣服,500158,res/ui/roleicons/199.pvr
头像pvr屏蔽先遣服,500159,res/ui/roleicons/200.pvr
头像pvr屏蔽先遣服,500160,res/ui/roleicons/201.pvr
头像pvr屏蔽先遣服,500161,res/ui/roleicons/202.pvr
头像pvr屏蔽先遣服,500162,res/ui/roleicons/203.pvr
头像pvr屏蔽先遣服,500163,res/ui/roleicons/204.pvr
头像pvr屏蔽先遣服,500167,res/ui/roleicons/208.pvr
头像pvr屏蔽先遣服,500170,res/ui/roleicons/211.pvr
头像pvr屏蔽先遣服,500177,res/ui/roleicons/218.pvr
头像pvr屏蔽先遣服,500178,res/ui/roleicons/219.pvr
头像pvr屏蔽先遣服,500179,res/ui/roleicons/220.pvr
头像pvr屏蔽先遣服,500180,res/ui/roleicons/221.pvr
头像pvr屏蔽先遣服,500181,res/ui/roleicons/222.pvr
头像pvr屏蔽先遣服,500182,res/ui/roleicons/223.pvr
头像pvr屏蔽先遣服,500183,res/ui/roleicons/224.pvr
头像pvr屏蔽先遣服,500184,res/ui/roleicons/225.pvr
头像pvr屏蔽先遣服,500185,res/ui/roleicons/226.pvr
头像pvr屏蔽先遣服,500186,res/ui/roleicons/227.pvr
头像pvr屏蔽先遣服,500187,res/ui/roleicons/228.pvr
头像pvr屏蔽先遣服,500188,res/ui/roleicons/229.pvr
头像pvr屏蔽先遣服,500189,res/ui/roleicons/230.pvr
头像pvr屏蔽先遣服,500190,res/ui/roleicons/231.pvr
头像pvr屏蔽先遣服,500191,res/ui/roleicons/232.pvr
头像pvr屏蔽先遣服,500192,res/ui/roleicons/233.pvr
头像pvr屏蔽先遣服,500193,res/ui/roleicons/234.pvr
头像pvr屏蔽先遣服,500194,res/ui/roleicons/235.pvr
头像pvr屏蔽先遣服,500195,res/ui/roleicons/236.pvr
头像pvr屏蔽先遣服,500196,res/ui/roleicons/237.pvr
头像pvr屏蔽先遣服,500197,res/ui/roleicons/238.pvr
头像pvr屏蔽先遣服,500198,res/ui/roleicons/239.pvr
头像pvr屏蔽先遣服,500199,res/ui/roleicons/240.pvr
头像pvr屏蔽先遣服,500200,res/ui/roleicons/241.pvr
头像pvr屏蔽先遣服,500201,res/ui/roleicons/242.pvr
头像pvr屏蔽先遣服,500202,res/ui/roleicons/243.pvr
头像pvr屏蔽先遣服,500203,res/ui/roleicons/244.pvr
头像pvr屏蔽先遣服,500204,res/ui/roleicons/245.pvr
头像pvr屏蔽先遣服,500205,res/ui/roleicons/246.pvr
头像pvr屏蔽先遣服,500206,res/ui/roleicons/247.pvr
头像pvr屏蔽先遣服,500207,res/ui/roleicons/248.pvr
头像pvr屏蔽先遣服,500208,res/ui/roleicons/249.pvr
头像pvr屏蔽先遣服,500209,res/ui/roleicons/250.pvr
头像pvr屏蔽先遣服,500210,res/ui/roleicons/251.pvr
头像pvr屏蔽先遣服,500211,res/ui/roleicons/252.pvr
头像pvr屏蔽先遣服,500212,res/ui/roleicons/253.pvr
头像pvr屏蔽先遣服,500213,res/ui/roleicons/254.pvr
头像pvr屏蔽先遣服,500214,res/ui/roleicons/255.pvr
头像pvr屏蔽先遣服,500215,res/ui/roleicons/256.pvr
头像pvr屏蔽先遣服,500216,res/ui/roleicons/257.pvr
头像pvr屏蔽先遣服,500217,res/ui/roleicons/258.pvr
头像pvr屏蔽先遣服,500218,res/ui/roleicons/259.pvr
头像pvr屏蔽先遣服,500219,res/ui/roleicons/260.pvr
头像pvr屏蔽先遣服,500220,res/ui/roleicons/261.pvr
头像pvr屏蔽先遣服,500221,res/ui/roleicons/262.pvr
头像pvr屏蔽先遣服,500222,res/ui/roleicons/263.pvr
头像pvr屏蔽先遣服,500223,res/ui/roleicons/264.pvr
头像pvr屏蔽先遣服,500224,res/ui/roleicons/265.pvr
头像pvr屏蔽先遣服,500225,res/ui/roleicons/266.pvr
头像pvr屏蔽先遣服,500226,res/ui/roleicons/267.pvr
头像pvr屏蔽先遣服,500227,res/ui/roleicons/268.pvr
头像pvr屏蔽先遣服,500228,res/ui/roleicons/269.pvr
头像pvr屏蔽先遣服,500229,res/ui/roleicons/270.pvr
头像pvr屏蔽先遣服,500230,res/ui/roleicons/271.pvr
头像pvr屏蔽先遣服,500231,res/ui/roleicons/272.pvr
头像pvr屏蔽先遣服,500232,res/ui/roleicons/273.pvr
头像pvr屏蔽先遣服,500233,res/ui/roleicons/274.pvr
头像pvr屏蔽先遣服,500234,res/ui/roleicons/275.pvr
头像pvr屏蔽先遣服,500235,res/ui/roleicons/276.pvr
头像pvr屏蔽先遣服,500236,res/ui/roleicons/277.pvr
头像pvr屏蔽先遣服,500237,res/ui/roleicons/278.pvr
头像pvr屏蔽先遣服,500238,res/ui/roleicons/279.pvr
头像pvr屏蔽先遣服,500239,res/ui/roleicons/280.pvr
头像pvr屏蔽先遣服,500240,res/ui/roleicons/281.pvr
头像pvr屏蔽先遣服,500241,res/ui/roleicons/282.pvr
头像pvr屏蔽先遣服,500242,res/ui/roleicons/283.pvr
头像pvr屏蔽先遣服,500243,res/ui/roleicons/284.pvr
头像pvr屏蔽先遣服,500244,res/ui/roleicons/285.pvr
头像pvr屏蔽先遣服,500245,res/ui/roleicons/286.pvr
头像pvr屏蔽先遣服,500246,res/ui/roleicons/287.pvr
头像pvr屏蔽先遣服,500247,res/ui/roleicons/288.pvr
头像pvr屏蔽先遣服,500248,res/ui/roleicons/289.pvr
头像pvr屏蔽先遣服,500249,res/ui/roleicons/290.pvr
头像pvr屏蔽先遣服,500250,res/ui/roleicons/291.pvr
头像pvr屏蔽先遣服,500251,res/ui/roleicons/292.pvr
头像pvr屏蔽先遣服,500252,res/ui/roleicons/293.pvr
头像pvr屏蔽先遣服,500253,res/ui/roleicons/294.pvr
头像pvr屏蔽先遣服,500254,res/ui/roleicons/295.pvr
头像pvr屏蔽先遣服,500255,res/ui/roleicons/296.pvr
头像pvr屏蔽先遣服,500256,res/ui/roleicons/297.pvr
头像pvr屏蔽先遣服,500257,res/ui/roleicons/298.pvr
头像pvr屏蔽先遣服,500258,res/ui/roleicons/299.pvr
头像pvr屏蔽先遣服,500259,res/ui/roleicons/300.pvr
头像pvr屏蔽先遣服,500260,res/ui/roleicons/301.pvr
头像pvr屏蔽先遣服,500261,res/ui/roleicons/302.pvr
头像pvr屏蔽先遣服,500262,res/ui/roleicons/303.pvr
头像pvr屏蔽先遣服,500263,res/ui/roleicons/304.pvr
头像pvr屏蔽先遣服,500264,res/ui/roleicons/305.pvr
头像pvr屏蔽先遣服,500265,res/ui/roleicons/306.pvr
头像pvr屏蔽先遣服,500266,res/ui/roleicons/307.pvr
头像pvr屏蔽先遣服,500267,res/ui/roleicons/308.pvr
头像pvr屏蔽先遣服,500268,res/ui/roleicons/309.pvr
头像pvr屏蔽先遣服,500269,res/ui/roleicons/310.pvr
头像pvr屏蔽先遣服,500270,res/ui/roleicons/311.pvr
头像pvr屏蔽先遣服,500271,res/ui/roleicons/312.pvr
头像pvr屏蔽先遣服,500272,res/ui/roleicons/313.pvr
头像pvr屏蔽先遣服,500273,res/ui/roleicons/314.pvr
头像pvr屏蔽先遣服,500274,res/ui/roleicons/315.pvr
头像pvr屏蔽先遣服,500275,res/ui/roleicons/316.pvr
头像pvr屏蔽先遣服,500276,res/ui/roleicons/317.pvr
头像pvr屏蔽先遣服,500277,res/ui/roleicons/318.pvr
头像pvr屏蔽先遣服,500278,res/ui/roleicons/319.pvr
头像pvr屏蔽先遣服,500279,res/ui/roleicons/320.pvr
头像pvr屏蔽先遣服,500280,res/ui/roleicons/321.pvr
头像pvr屏蔽先遣服,500281,res/ui/roleicons/322.pvr
头像pvr屏蔽先遣服,500282,res/ui/roleicons/323.pvr
头像pvr屏蔽先遣服,500283,res/ui/roleicons/324.pvr
头像pvr屏蔽先遣服,500284,res/ui/roleicons/325.pvr
头像pvr屏蔽先遣服,500285,res/ui/roleicons/326.pvr
头像pvr屏蔽先遣服,500286,res/ui/roleicons/327.pvr
头像pvr屏蔽先遣服,500287,res/ui/roleicons/328.pvr
头像pvr屏蔽先遣服,500288,res/ui/roleicons/329.pvr
头像pvr屏蔽先遣服,500289,res/ui/roleicons/330.pvr
头像pvr屏蔽先遣服,500290,res/ui/roleicons/331.pvr
头像pvr屏蔽先遣服,500291,res/ui/roleicons/332.pvr
头像pvr屏蔽先遣服,500292,res/ui/roleicons/333.pvr
头像pvr屏蔽先遣服,500293,res/ui/roleicons/334.pvr
头像pvr屏蔽先遣服,500294,res/ui/roleicons/335.pvr
头像pvr屏蔽先遣服,500295,res/ui/roleicons/336.pvr
头像pvr屏蔽先遣服,500296,res/ui/roleicons/337.pvr
头像pvr屏蔽先遣服,500297,res/ui/roleicons/338.pvr
头像pvr屏蔽先遣服,500298,res/ui/roleicons/339.pvr
头像pvr屏蔽先遣服,500299,res/ui/roleicons/340.pvr
头像pvr屏蔽先遣服,500300,res/ui/roleicons/341.pvr
头像pvr屏蔽先遣服,500301,res/ui/roleicons/342.pvr
头像pvr屏蔽先遣服,500302,res/ui/roleicons/343.pvr
头像pvr屏蔽先遣服,500303,res/ui/roleicons/344.pvr
头像pvr屏蔽先遣服,500304,res/ui/roleicons/345.pvr
头像pvr屏蔽先遣服,500305,res/ui/roleicons/346.pvr
头像pvr屏蔽先遣服,500306,res/ui/roleicons/347.pvr
头像pvr屏蔽先遣服,500307,res/ui/roleicons/348.pvr
头像pvr屏蔽先遣服,500308,res/ui/roleicons/349.pvr
头像pvr屏蔽先遣服,500309,res/ui/roleicons/350.pvr
头像pvr屏蔽先遣服,500310,res/ui/roleicons/351.pvr
头像pvr屏蔽先遣服,500311,res/ui/roleicons/352.pvr
头像pvr屏蔽先遣服,500312,res/ui/roleicons/353.pvr
头像pvr屏蔽先遣服,500313,res/ui/roleicons/354.pvr
头像pvr屏蔽先遣服,500314,res/ui/roleicons/355.pvr
头像pvr屏蔽先遣服,500315,res/ui/roleicons/356.pvr
头像pvr屏蔽先遣服,500316,res/ui/roleicons/357.pvr
头像pvr屏蔽先遣服,500317,res/ui/roleicons/358.pvr
头像pvr屏蔽先遣服,500318,res/ui/roleicons/359.pvr
头像pvr屏蔽先遣服,500319,res/ui/roleicons/360.pvr
头像pvr屏蔽先遣服,500320,res/ui/roleicons/361.pvr
头像pvr屏蔽先遣服,500321,res/ui/roleicons/362.pvr
头像pvr屏蔽先遣服,500322,res/ui/roleicons/363.pvr
头像pvr屏蔽先遣服,500323,res/ui/roleicons/364.pvr
头像pvr屏蔽先遣服,500324,res/ui/roleicons/365.pvr
头像pvr屏蔽先遣服,500325,res/ui/roleicons/366.pvr
头像pvr屏蔽先遣服,500326,res/ui/roleicons/367.pvr
头像pvr屏蔽先遣服,500327,res/ui/roleicons/368.pvr
头像pvr屏蔽先遣服,500328,res/ui/roleicons/369.pvr
头像pvr屏蔽先遣服,500329,res/ui/roleicons/370.pvr
头像pvr屏蔽先遣服,500330,res/ui/roleicons/371.pvr
头像pvr屏蔽先遣服,500331,res/ui/roleicons/372.pvr
头像pvr屏蔽先遣服,500332,res/ui/roleicons/373.pvr
头像pvr屏蔽先遣服,500333,res/ui/roleicons/374.pvr
头像pvr屏蔽先遣服,500334,res/ui/roleicons/375.pvr
头像pvr屏蔽先遣服,500335,res/ui/roleicons/376.pvr
头像pvr屏蔽先遣服,500336,res/ui/roleicons/377.pvr
头像pvr屏蔽先遣服,500337,res/ui/roleicons/378.pvr
头像pvr屏蔽先遣服,500338,res/ui/roleicons/379.pvr
头像pvr屏蔽先遣服,500339,res/ui/roleicons/380.pvr
头像pvr屏蔽先遣服,500340,res/ui/roleicons/381.pvr
头像pvr屏蔽先遣服,500341,res/ui/roleicons/382.pvr
头像pvr屏蔽先遣服,500342,res/ui/roleicons/383.pvr
头像pvr屏蔽先遣服,500343,res/ui/roleicons/384.pvr
头像pvr屏蔽先遣服,500344,res/ui/roleicons/385.pvr
头像pvr屏蔽先遣服,500345,res/ui/roleicons/386.pvr
头像pvr屏蔽先遣服,500346,res/ui/roleicons/387.pvr
头像pvr屏蔽先遣服,500347,res/ui/roleicons/388.pvr
头像pvr屏蔽先遣服,500348,res/ui/roleicons/389.pvr
头像pvr屏蔽先遣服,500349,res/ui/roleicons/390.pvr
头像pvr屏蔽先遣服,500350,res/ui/roleicons/391.pvr
头像pvr屏蔽先遣服,500351,res/ui/roleicons/392.pvr
头像pvr屏蔽先遣服,500352,res/ui/roleicons/393.pvr
头像pvr屏蔽先遣服,500353,res/ui/roleicons/394.pvr
头像pvr屏蔽先遣服,500354,res/ui/roleicons/395.pvr
头像pvr屏蔽先遣服,500355,res/ui/roleicons/396.pvr
头像pvr屏蔽先遣服,500356,res/ui/roleicons/397.pvr
头像pvr屏蔽先遣服,500357,res/ui/roleicons/398.pvr
头像pvr屏蔽先遣服,500358,res/ui/roleicons/399.pvr
头像pvr屏蔽先遣服,500359,res/ui/roleicons/400.pvr
头像pvr屏蔽先遣服,500360,res/ui/roleicons/401.pvr
头像pvr屏蔽先遣服,500361,res/ui/roleicons/402.pvr
头像pvr屏蔽先遣服,500362,res/ui/roleicons/403.pvr
头像pvr屏蔽先遣服,500363,res/ui/roleicons/404.pvr
头像pvr屏蔽先遣服,500364,res/ui/roleicons/405.pvr
头像pvr屏蔽先遣服,500365,res/ui/roleicons/406.pvr
头像pvr屏蔽先遣服,500366,res/ui/roleicons/407.pvr
头像pvr屏蔽先遣服,500367,res/ui/roleicons/408.pvr
头像pvr屏蔽先遣服,500368,res/ui/roleicons/409.pvr
头像pvr屏蔽先遣服,500369,res/ui/roleicons/410.pvr
头像pvr屏蔽先遣服,500370,res/ui/roleicons/411.pvr
头像pvr屏蔽先遣服,500371,res/ui/roleicons/412.pvr
头像pvr屏蔽先遣服,500372,res/ui/roleicons/413.pvr
头像pvr屏蔽先遣服,500373,res/ui/roleicons/414.pvr
头像pvr屏蔽先遣服,500374,res/ui/roleicons/415.pvr
头像pvr屏蔽先遣服,500375,res/ui/roleicons/416.pvr
头像pvr屏蔽先遣服,500376,res/ui/roleicons/417.pvr
头像pvr屏蔽先遣服,500377,res/ui/roleicons/418.pvr
头像pvr屏蔽先遣服,500378,res/ui/roleicons/419.pvr
头像pvr屏蔽先遣服,500379,res/ui/roleicons/420.pvr
头像pvr屏蔽先遣服,500380,res/ui/roleicons/421.pvr
头像pvr屏蔽先遣服,500381,res/ui/roleicons/422.pvr
头像pvr屏蔽先遣服,500382,res/ui/roleicons/423.pvr
头像pvr屏蔽先遣服,500383,res/ui/roleicons/424.pvr
头像pvr屏蔽先遣服,500384,res/ui/roleicons/425.pvr
头像pvr屏蔽先遣服,500385,res/ui/roleicons/426.pvr
头像pvr屏蔽先遣服,500386,res/ui/roleicons/427.pvr
头像pvr屏蔽先遣服,500387,res/ui/roleicons/428.pvr
头像pvr屏蔽先遣服,500388,res/ui/roleicons/429.pvr
头像pvr屏蔽先遣服,500389,res/ui/roleicons/430.pvr
头像pvr屏蔽先遣服,500390,res/ui/roleicons/431.pvr
头像pvr屏蔽先遣服,500391,res/ui/roleicons/432.pvr
头像pvr屏蔽先遣服,500392,res/ui/roleicons/433.pvr
头像pvr屏蔽先遣服,500393,res/ui/roleicons/434.pvr
头像pvr屏蔽先遣服,500394,res/ui/roleicons/435.pvr
头像pvr屏蔽先遣服,500395,res/ui/roleicons/436.pvr
头像pvr屏蔽先遣服,500396,res/ui/roleicons/437.pvr
头像pvr屏蔽先遣服,500397,res/ui/roleicons/438.pvr
头像pvr屏蔽先遣服,500398,res/ui/roleicons/439.pvr
头像pvr屏蔽先遣服,500399,res/ui/roleicons/440.pvr
头像pvr屏蔽先遣服,500400,res/ui/roleicons/441.pvr
头像pvr屏蔽先遣服,500401,res/ui/roleicons/442.pvr
头像pvr屏蔽先遣服,500402,res/ui/roleicons/443.pvr
头像pvr屏蔽先遣服,500403,res/ui/roleicons/444.pvr
头像pvr屏蔽先遣服,500404,res/ui/roleicons/445.pvr
头像pvr屏蔽先遣服,500405,res/ui/roleicons/446.pvr
头像pvr屏蔽先遣服,500406,res/ui/roleicons/447.pvr
头像pvr屏蔽先遣服,500407,res/ui/roleicons/448.pvr
头像pvr屏蔽先遣服,500408,res/ui/roleicons/449.pvr
头像pvr屏蔽先遣服,500409,res/ui/roleicons/450.pvr
头像pvr屏蔽先遣服,500410,res/ui/roleicons/451.pvr
头像pvr屏蔽先遣服,500411,res/ui/roleicons/452.pvr
头像pvr屏蔽先遣服,500412,res/ui/roleicons/453.pvr
头像pvr屏蔽先遣服,500413,res/ui/roleicons/454.pvr
头像pvr屏蔽先遣服,500414,res/ui/roleicons/455.pvr
头像pvr屏蔽先遣服,500415,res/ui/roleicons/456.pvr
头像pvr屏蔽先遣服,500416,res/ui/roleicons/457.pvr
头像pvr屏蔽先遣服,500417,res/ui/roleicons/458.pvr
头像pvr屏蔽先遣服,500418,res/ui/roleicons/459.pvr
头像pvr屏蔽先遣服,500419,res/ui/roleicons/460.pvr
头像pvr屏蔽先遣服,500420,res/ui/roleicons/461.pvr
头像pvr屏蔽先遣服,500421,res/ui/roleicons/462.pvr
头像pvr屏蔽先遣服,500422,res/ui/roleicons/463.pvr
头像pvr屏蔽先遣服,500423,res/ui/roleicons/464.pvr
头像pvr屏蔽先遣服,500424,res/ui/roleicons/465.pvr
头像pvr屏蔽先遣服,500425,res/ui/roleicons/466.pvr
头像pvr屏蔽先遣服,500426,res/ui/roleicons/467.pvr
头像pvr屏蔽先遣服,500427,res/ui/roleicons/468.pvr
头像pvr屏蔽先遣服,500428,res/ui/roleicons/469.pvr
头像pvr屏蔽先遣服,500429,res/ui/roleicons/470.pvr
头像pvr屏蔽先遣服,500430,res/ui/roleicons/471.pvr
头像pvr屏蔽先遣服,500431,res/ui/roleicons/472.pvr
头像pvr屏蔽先遣服,500432,res/ui/roleicons/473.pvr
头像pvr屏蔽先遣服,500433,res/ui/roleicons/474.pvr
头像pvr屏蔽先遣服,500434,res/ui/roleicons/475.pvr
头像pvr屏蔽先遣服,500435,res/ui/roleicons/476.pvr
头像pvr屏蔽先遣服,500436,res/ui/roleicons/477.pvr
头像pvr屏蔽先遣服,500437,res/ui/roleicons/478.pvr
头像pvr屏蔽先遣服,500438,res/ui/roleicons/479.pvr
头像pvr屏蔽先遣服,500439,res/ui/roleicons/480.pvr
头像pvr屏蔽先遣服,500440,res/ui/roleicons/481.pvr
头像pvr屏蔽先遣服,500441,res/ui/roleicons/482.pvr
头像pvr屏蔽先遣服,500442,res/ui/roleicons/483.pvr
头像pvr屏蔽先遣服,500443,res/ui/roleicons/484.pvr
头像pvr屏蔽先遣服,500444,res/ui/roleicons/485.pvr
头像pvr屏蔽先遣服,500445,res/ui/roleicons/486.pvr
头像pvr屏蔽先遣服,500446,res/ui/roleicons/487.pvr
头像pvr屏蔽先遣服,500447,res/ui/roleicons/488.pvr
头像pvr屏蔽先遣服,500448,res/ui/roleicons/489.pvr
头像pvr屏蔽先遣服,500449,res/ui/roleicons/490.pvr
头像pvr屏蔽先遣服,500450,res/ui/roleicons/491.pvr
头像pvr屏蔽先遣服,500451,res/ui/roleicons/492.pvr
头像pvr屏蔽先遣服,500452,res/ui/roleicons/493.pvr
头像pvr屏蔽先遣服,500453,res/ui/roleicons/494.pvr
头像pvr屏蔽先遣服,500454,res/ui/roleicons/495.pvr
头像pvr屏蔽先遣服,500455,res/ui/roleicons/496.pvr
头像pvr屏蔽先遣服,500456,res/ui/roleicons/497.pvr
头像pvr屏蔽先遣服,500457,res/ui/roleicons/498.pvr
头像pvr屏蔽先遣服,500458,res/ui/roleicons/499.pvr
头像pvr屏蔽先遣服,500459,res/ui/roleicons/500.pvr
头像pvr屏蔽先遣服,500460,res/ui/roleicons/501.pvr
头像pvr屏蔽先遣服,500461,res/ui/roleicons/502.pvr
头像pvr屏蔽先遣服,500462,res/ui/roleicons/503.pvr
头像pvr屏蔽先遣服,500463,res/ui/roleicons/504.pvr
头像pvr屏蔽先遣服,500464,res/ui/roleicons/505.pvr
头像pvr屏蔽先遣服,500465,res/ui/roleicons/506.pvr
头像pvr屏蔽先遣服,500466,res/ui/roleicons/507.pvr
头像pvr屏蔽先遣服,500467,res/ui/roleicons/508.pvr
头像pvr屏蔽先遣服,500468,res/ui/roleicons/509.pvr
头像pvr屏蔽先遣服,500469,res/ui/roleicons/510.pvr
头像pvr屏蔽先遣服,500470,res/ui/roleicons/511.pvr
头像pvr屏蔽先遣服,500471,res/ui/roleicons/512.pvr
头像pvr屏蔽先遣服,500472,res/ui/roleicons/513.pvr
头像pvr屏蔽先遣服,500473,res/ui/roleicons/514.pvr
头像pvr屏蔽先遣服,500474,res/ui/roleicons/515.pvr
头像pvr屏蔽先遣服,500475,res/ui/roleicons/516.pvr
头像pvr屏蔽先遣服,500476,res/ui/roleicons/517.pvr
头像pvr屏蔽先遣服,500477,res/ui/roleicons/518.pvr
头像pvr屏蔽先遣服,500478,res/ui/roleicons/519.pvr
头像pvr屏蔽先遣服,500479,res/ui/roleicons/520.pvr
头像pvr屏蔽先遣服,500480,res/ui/roleicons/521.pvr
头像pvr屏蔽先遣服,500481,res/ui/roleicons/522.pvr
头像pvr屏蔽先遣服,500482,res/ui/roleicons/523.pvr
头像pvr屏蔽先遣服,500483,res/ui/roleicons/524.pvr
头像pvr屏蔽先遣服,500484,res/ui/roleicons/525.pvr
头像pvr屏蔽先遣服,500485,res/ui/roleicons/526.pvr
头像pvr屏蔽先遣服,500486,res/ui/roleicons/527.pvr
头像pvr屏蔽先遣服,500487,res/ui/roleicons/528.pvr
头像pvr屏蔽先遣服,500488,res/ui/roleicons/529.pvr
头像pvr屏蔽先遣服,500489,res/ui/roleicons/530.pvr
头像pvr屏蔽先遣服,500490,res/ui/roleicons/531.pvr
头像pvr屏蔽先遣服,500491,res/ui/roleicons/532.pvr
头像pvr屏蔽先遣服,500492,res/ui/roleicons/533.pvr
头像pvr屏蔽先遣服,500493,res/ui/roleicons/534.pvr
头像pvr屏蔽先遣服,500494,res/ui/roleicons/535.pvr
头像pvr屏蔽先遣服,500495,res/ui/roleicons/536.pvr
头像pvr屏蔽先遣服,500496,res/ui/roleicons/537.pvr
头像pvr屏蔽先遣服,500497,res/ui/roleicons/538.pvr
头像pvr屏蔽先遣服,500498,res/ui/roleicons/539.pvr
头像pvr屏蔽先遣服,500499,res/ui/roleicons/540.pvr
头像pvr屏蔽先遣服,500500,res/ui/roleicons/541.pvr
头像pvr屏蔽先遣服,500501,res/ui/roleicons/542.pvr
头像pvr屏蔽先遣服,500502,res/ui/roleicons/543.pvr
头像pvr屏蔽先遣服,500503,res/ui/roleicons/544.pvr
头像pvr屏蔽先遣服,500504,res/ui/roleicons/545.pvr
头像pvr屏蔽先遣服,500505,res/ui/roleicons/546.pvr
头像pvr屏蔽先遣服,500506,res/ui/roleicons/547.pvr
头像pvr屏蔽先遣服,500507,res/ui/roleicons/548.pvr
头像pvr屏蔽先遣服,500508,res/ui/roleicons/549.pvr
头像pvr屏蔽先遣服,500509,res/ui/roleicons/550.pvr
头像pvr屏蔽先遣服,500510,res/ui/roleicons/551.pvr
头像pvr屏蔽先遣服,500511,res/ui/roleicons/552.pvr
头像pvr屏蔽先遣服,500512,res/ui/roleicons/553.pvr
头像pvr屏蔽先遣服,500513,res/ui/roleicons/554.pvr
头像pvr屏蔽先遣服,500514,res/ui/roleicons/555.pvr
头像pvr屏蔽先遣服,500515,res/ui/roleicons/556.pvr
头像pvr屏蔽先遣服,500516,res/ui/roleicons/557.pvr
头像pvr屏蔽先遣服,500517,res/ui/roleicons/558.pvr
头像pvr屏蔽先遣服,500518,res/ui/roleicons/559.pvr
头像pvr屏蔽先遣服,500519,res/ui/roleicons/560.pvr
头像pvr屏蔽先遣服,500520,res/ui/roleicons/561.pvr
头像pvr屏蔽先遣服,500521,res/ui/roleicons/562.pvr
头像pvr屏蔽先遣服,500522,res/ui/roleicons/563.pvr
头像pvr屏蔽先遣服,500523,res/ui/roleicons/564.pvr
头像pvr屏蔽先遣服,500524,res/ui/roleicons/565.pvr
头像pvr屏蔽先遣服,500525,res/ui/roleicons/566.pvr
头像pvr屏蔽先遣服,500526,res/ui/roleicons/567.pvr
头像pvr屏蔽先遣服,500527,res/ui/roleicons/568.pvr
头像pvr屏蔽先遣服,500528,res/ui/roleicons/569.pvr
头像pvr屏蔽先遣服,500529,res/ui/roleicons/570.pvr
头像pvr屏蔽先遣服,500530,res/ui/roleicons/571.pvr
头像pvr屏蔽先遣服,500531,res/ui/roleicons/572.pvr
头像pvr屏蔽先遣服,500532,res/ui/roleicons/573.pvr
头像pvr屏蔽先遣服,500533,res/ui/roleicons/574.pvr
头像pvr屏蔽先遣服,500534,res/ui/roleicons/575.pvr
头像pvr屏蔽先遣服,500535,res/ui/roleicons/576.pvr
头像pvr屏蔽先遣服,500536,res/ui/roleicons/577.pvr
头像pvr屏蔽先遣服,500537,res/ui/roleicons/578.pvr
头像pvr屏蔽先遣服,500538,res/ui/roleicons/579.pvr
头像pvr屏蔽先遣服,500539,res/ui/roleicons/580.pvr
头像pvr屏蔽先遣服,500540,res/ui/roleicons/581.pvr
头像pvr屏蔽先遣服,500541,res/ui/roleicons/582.pvr
头像pvr屏蔽先遣服,500542,res/ui/roleicons/583.pvr
头像pvr屏蔽先遣服,500543,res/ui/roleicons/584.pvr
头像pvr屏蔽先遣服,500544,res/ui/roleicons/585.pvr
头像pvr屏蔽先遣服,500545,res/ui/roleicons/586.pvr
头像pvr屏蔽先遣服,500546,res/ui/roleicons/587.pvr
头像pvr屏蔽先遣服,500547,res/ui/roleicons/588.pvr
头像pvr屏蔽先遣服,500548,res/ui/roleicons/589.pvr
头像pvr屏蔽先遣服,500549,res/ui/roleicons/590.pvr
头像pvr屏蔽先遣服,500550,res/ui/roleicons/591.pvr
头像pvr屏蔽先遣服,500551,res/ui/roleicons/592.pvr
头像pvr屏蔽先遣服,500552,res/ui/roleicons/593.pvr
头像pvr屏蔽先遣服,500553,res/ui/roleicons/594.pvr
头像pvr屏蔽先遣服,500554,res/ui/roleicons/595.pvr
头像pvr屏蔽先遣服,500555,res/ui/roleicons/596.pvr
头像pvr屏蔽先遣服,500556,res/ui/roleicons/597.pvr
头像pvr屏蔽先遣服,500557,res/ui/roleicons/598.pvr
头像pvr屏蔽先遣服,500558,res/ui/roleicons/599.pvr
头像pvr屏蔽先遣服,500559,res/ui/roleicons/600.pvr
头像pvr屏蔽先遣服,500560,res/ui/roleicons/601.pvr
头像pvr屏蔽先遣服,500561,res/ui/roleicons/602.pvr
头像pvr屏蔽先遣服,500562,res/ui/roleicons/603.pvr
头像pvr屏蔽先遣服,500563,res/ui/roleicons/604.pvr
头像pvr屏蔽先遣服,500564,res/ui/roleicons/605.pvr
头像pvr屏蔽先遣服,500565,res/ui/roleicons/606.pvr
头像pvr屏蔽先遣服,500566,res/ui/roleicons/607.pvr
头像pvr屏蔽先遣服,500567,res/ui/roleicons/608.pvr
头像pvr屏蔽先遣服,500568,res/ui/roleicons/609.pvr
头像pvr屏蔽先遣服,500569,res/ui/roleicons/610.pvr
头像pvr屏蔽先遣服,500570,res/ui/roleicons/611.pvr
头像pvr屏蔽先遣服,500571,res/ui/roleicons/612.pvr
头像pvr屏蔽先遣服,500572,res/ui/roleicons/613.pvr
头像pvr屏蔽先遣服,500573,res/ui/roleicons/614.pvr
头像pvr屏蔽先遣服,500574,res/ui/roleicons/615.pvr
头像pvr屏蔽先遣服,500575,res/ui/roleicons/616.pvr
头像pvr屏蔽先遣服,500576,res/ui/roleicons/617.pvr
头像pvr屏蔽先遣服,500577,res/ui/roleicons/618.pvr
头像pvr屏蔽先遣服,500578,res/ui/roleicons/619.pvr
头像pvr屏蔽先遣服,500579,res/ui/roleicons/620.pvr
头像pvr屏蔽先遣服,500580,res/ui/roleicons/621.pvr
头像pvr屏蔽先遣服,500581,res/ui/roleicons/622.pvr
头像pvr屏蔽先遣服,500582,res/ui/roleicons/623.pvr
头像pvr屏蔽先遣服,500583,res/ui/roleicons/624.pvr
头像pvr屏蔽先遣服,500584,res/ui/roleicons/625.pvr
头像pvr屏蔽先遣服,500585,res/ui/roleicons/626.pvr
头像pvr屏蔽先遣服,500586,res/ui/roleicons/627.pvr
头像pvr屏蔽先遣服,500587,res/ui/roleicons/628.pvr
头像pvr屏蔽先遣服,500588,res/ui/roleicons/629.pvr
头像pvr屏蔽先遣服,500589,res/ui/roleicons/630.pvr
头像pvr屏蔽先遣服,500590,res/ui/roleicons/631.pvr
头像pvr屏蔽先遣服,500591,res/ui/roleicons/632.pvr
头像pvr屏蔽先遣服,500592,res/ui/roleicons/633.pvr
头像pvr屏蔽先遣服,500593,res/ui/roleicons/634.pvr
头像pvr屏蔽先遣服,500594,res/ui/roleicons/635.pvr
头像pvr屏蔽先遣服,500595,res/ui/roleicons/636.pvr
头像pvr屏蔽先遣服,500596,res/ui/roleicons/637.pvr
头像pvr屏蔽先遣服,500597,res/ui/roleicons/638.pvr
头像pvr屏蔽先遣服,500598,res/ui/roleicons/639.pvr
头像pvr屏蔽先遣服,500599,res/ui/roleicons/640.pvr
头像pvr屏蔽先遣服,500600,res/ui/roleicons/641.pvr
头像pvr屏蔽先遣服,500601,res/ui/roleicons/642.pvr
头像pvr屏蔽先遣服,500602,res/ui/roleicons/643.pvr
头像pvr屏蔽先遣服,500603,res/ui/roleicons/644.pvr
头像pvr屏蔽先遣服,500604,res/ui/roleicons/645.pvr
头像pvr屏蔽先遣服,500605,res/ui/roleicons/646.pvr
头像pvr屏蔽先遣服,500606,res/ui/roleicons/647.pvr
头像pvr屏蔽先遣服,500607,res/ui/roleicons/648.pvr
头像pvr屏蔽先遣服,500608,res/ui/roleicons/649.pvr
头像pvr屏蔽先遣服,500609,res/ui/roleicons/650.pvr
头像pvr屏蔽先遣服,500610,res/ui/roleicons/651.pvr
头像pvr屏蔽先遣服,500611,res/ui/roleicons/652.pvr
头像pvr屏蔽先遣服,500612,res/ui/roleicons/653.pvr
头像pvr屏蔽先遣服,500613,res/ui/roleicons/654.pvr
头像pvr屏蔽先遣服,500614,res/ui/roleicons/655.pvr
头像pvr屏蔽先遣服,500615,res/ui/roleicons/656.pvr
头像pvr屏蔽先遣服,500616,res/ui/roleicons/657.pvr
头像pvr屏蔽先遣服,500617,res/ui/roleicons/658.pvr
头像pvr屏蔽先遣服,500618,res/ui/roleicons/659.pvr
头像pvr屏蔽先遣服,500619,res/ui/roleicons/660.pvr
头像pvr屏蔽先遣服,500620,res/ui/roleicons/661.pvr
头像pvr屏蔽先遣服,500621,res/ui/roleicons/662.pvr
头像pvr屏蔽先遣服,500622,res/ui/roleicons/663.pvr
头像pvr屏蔽先遣服,500623,res/ui/roleicons/664.pvr
头像pvr屏蔽先遣服,500624,res/ui/roleicons/665.pvr
头像pvr屏蔽先遣服,500625,res/ui/roleicons/666.pvr
头像pvr屏蔽先遣服,500626,res/ui/roleicons/667.pvr
头像pvr屏蔽先遣服,500627,res/ui/roleicons/668.pvr
头像pvr屏蔽先遣服,500628,res/ui/roleicons/669.pvr
头像pvr屏蔽先遣服,500629,res/ui/roleicons/670.pvr
头像pvr屏蔽先遣服,500630,res/ui/roleicons/671.pvr
头像pvr屏蔽先遣服,500631,res/ui/roleicons/672.pvr
头像pvr屏蔽先遣服,500632,res/ui/roleicons/673.pvr
头像pvr屏蔽先遣服,500633,res/ui/roleicons/674.pvr
头像pvr屏蔽先遣服,500634,res/ui/roleicons/675.pvr
头像pvr屏蔽先遣服,500635,res/ui/roleicons/676.pvr
头像pvr屏蔽先遣服,500636,res/ui/roleicons/677.pvr
头像pvr屏蔽先遣服,500637,res/ui/roleicons/678.pvr
头像pvr屏蔽先遣服,500638,res/ui/roleicons/679.pvr
头像pvr屏蔽先遣服,500639,res/ui/roleicons/680.pvr
头像pvr屏蔽先遣服,500640,res/ui/roleicons/681.pvr
头像pvr屏蔽先遣服,500641,res/ui/roleicons/682.pvr
头像pvr屏蔽先遣服,500642,res/ui/roleicons/683.pvr
头像pvr屏蔽先遣服,500643,res/ui/roleicons/684.pvr
头像pvr屏蔽先遣服,500644,res/ui/roleicons/685.pvr
头像pvr屏蔽先遣服,500645,res/ui/roleicons/686.pvr
头像pvr屏蔽先遣服,500646,res/ui/roleicons/687.pvr
头像pvr屏蔽先遣服,500647,res/ui/roleicons/688.pvr
头像pvr屏蔽先遣服,500648,res/ui/roleicons/689.pvr
头像pvr屏蔽先遣服,500649,res/ui/roleicons/690.pvr
头像pvr屏蔽先遣服,500650,res/ui/roleicons/691.pvr
头像pvr屏蔽先遣服,500651,res/ui/roleicons/692.pvr
头像pvr屏蔽先遣服,500652,res/ui/roleicons/693.pvr
头像pvr屏蔽先遣服,500653,res/ui/roleicons/694.pvr
头像pvr屏蔽先遣服,500654,res/ui/roleicons/695.pvr
头像pvr屏蔽先遣服,500655,res/ui/roleicons/696.pvr
头像pvr屏蔽先遣服,500656,res/ui/roleicons/697.pvr
头像pvr屏蔽先遣服,500657,res/ui/roleicons/698.pvr
头像pvr屏蔽先遣服,500658,res/ui/roleicons/699.pvr
头像pvr屏蔽先遣服,500659,res/ui/roleicons/700.pvr
头像pvr屏蔽先遣服,500660,res/ui/roleicons/701.pvr
头像pvr屏蔽先遣服,500661,res/ui/roleicons/702.pvr
头像pvr屏蔽先遣服,500662,res/ui/roleicons/703.pvr
头像pvr屏蔽先遣服,500663,res/ui/roleicons/704.pvr
头像pvr屏蔽先遣服,500664,res/ui/roleicons/705.pvr
头像pvr屏蔽先遣服,500665,res/ui/roleicons/706.pvr
头像pvr屏蔽先遣服,500666,res/ui/roleicons/707.pvr
头像pvr屏蔽先遣服,500667,res/ui/roleicons/708.pvr
头像pvr屏蔽先遣服,500668,res/ui/roleicons/709.pvr
头像pvr屏蔽先遣服,500669,res/ui/roleicons/710.pvr
头像pvr屏蔽先遣服,500670,res/ui/roleicons/711.pvr
头像pvr屏蔽先遣服,500671,res/ui/roleicons/712.pvr
头像pvr屏蔽先遣服,500672,res/ui/roleicons/713.pvr
头像pvr屏蔽先遣服,500673,res/ui/roleicons/714.pvr
头像pvr屏蔽先遣服,500674,res/ui/roleicons/715.pvr
头像pvr屏蔽先遣服,500675,res/ui/roleicons/716.pvr
头像pvr屏蔽先遣服,500676,res/ui/roleicons/717.pvr
头像pvr屏蔽先遣服,500677,res/ui/roleicons/718.pvr
头像pvr屏蔽先遣服,500678,res/ui/roleicons/719.pvr
头像pvr屏蔽先遣服,500679,res/ui/roleicons/720.pvr
头像pvr屏蔽先遣服,500680,res/ui/roleicons/721.pvr
头像pvr屏蔽先遣服,500681,res/ui/roleicons/722.pvr
头像pvr屏蔽先遣服,500682,res/ui/roleicons/723.pvr
头像pvr屏蔽先遣服,500683,res/ui/roleicons/724.pvr
头像pvr屏蔽先遣服,500684,res/ui/roleicons/725.pvr
头像pvr屏蔽先遣服,500685,res/ui/roleicons/726.pvr
头像pvr屏蔽先遣服,500686,res/ui/roleicons/727.pvr
头像pvr屏蔽先遣服,500687,res/ui/roleicons/728.pvr
头像pvr屏蔽先遣服,500688,res/ui/roleicons/729.pvr
头像pvr屏蔽先遣服,500689,res/ui/roleicons/730.pvr
头像pvr屏蔽先遣服,500690,res/ui/roleicons/731.pvr
头像pvr屏蔽先遣服,500691,res/ui/roleicons/732.pvr
头像pvr屏蔽先遣服,500692,res/ui/roleicons/733.pvr
头像pvr屏蔽先遣服,500693,res/ui/roleicons/734.pvr
头像pvr屏蔽先遣服,500694,res/ui/roleicons/735.pvr
头像pvr屏蔽先遣服,500695,res/ui/roleicons/736.pvr
头像pvr屏蔽先遣服,500696,res/ui/roleicons/737.pvr
头像pvr屏蔽先遣服,500697,res/ui/roleicons/738.pvr
头像pvr屏蔽先遣服,500698,res/ui/roleicons/739.pvr
头像pvr屏蔽先遣服,500699,res/ui/roleicons/740.pvr
头像pvr屏蔽先遣服,500700,res/ui/roleicons/741.pvr
头像pvr屏蔽先遣服,500701,res/ui/roleicons/742.pvr
头像pvr屏蔽先遣服,500702,res/ui/roleicons/743.pvr
头像pvr屏蔽先遣服,500703,res/ui/roleicons/744.pvr
头像pvr屏蔽先遣服,500704,res/ui/roleicons/745.pvr
头像pvr屏蔽先遣服,500705,res/ui/roleicons/746.pvr
头像pvr屏蔽先遣服,500706,res/ui/roleicons/747.pvr
头像pvr屏蔽先遣服,500707,res/ui/roleicons/748.pvr
头像pvr屏蔽先遣服,500708,res/ui/roleicons/749.pvr
头像pvr屏蔽先遣服,500709,res/ui/roleicons/750.pvr
头像pvr屏蔽先遣服,500710,res/ui/roleicons/751.pvr
头像pvr屏蔽先遣服,500711,res/ui/roleicons/752.pvr
头像pvr屏蔽先遣服,500712,res/ui/roleicons/753.pvr
头像pvr屏蔽先遣服,500713,res/ui/roleicons/754.pvr
头像pvr屏蔽先遣服,500714,res/ui/roleicons/755.pvr
头像pvr屏蔽先遣服,500715,res/ui/roleicons/756.pvr
头像pvr屏蔽先遣服,500716,res/ui/roleicons/757.pvr
头像pvr屏蔽先遣服,500717,res/ui/roleicons/758.pvr
头像pvr屏蔽先遣服,500718,res/ui/roleicons/759.pvr
头像pvr屏蔽先遣服,500719,res/ui/roleicons/760.pvr
头像pvr屏蔽先遣服,500720,res/ui/roleicons/761.pvr
头像pvr屏蔽先遣服,500721,res/ui/roleicons/762.pvr
头像pvr屏蔽先遣服,500722,res/ui/roleicons/763.pvr
头像pvr屏蔽先遣服,500723,res/ui/roleicons/764.pvr
头像pvr屏蔽先遣服,500724,res/ui/roleicons/765.pvr
头像pvr屏蔽先遣服,500725,res/ui/roleicons/766.pvr
头像pvr屏蔽先遣服,500726,res/ui/roleicons/767.pvr
头像pvr屏蔽先遣服,500727,res/ui/roleicons/768.pvr
头像pvr屏蔽先遣服,500728,res/ui/roleicons/769.pvr
头像pvr屏蔽先遣服,500729,res/ui/roleicons/770.pvr
头像pvr屏蔽先遣服,500730,res/ui/roleicons/771.pvr
头像pvr屏蔽先遣服,500731,res/ui/roleicons/772.pvr
头像pvr屏蔽先遣服,500732,res/ui/roleicons/773.pvr
头像pvr屏蔽先遣服,500733,res/ui/roleicons/774.pvr
头像pvr屏蔽先遣服,500734,res/ui/roleicons/775.pvr
头像pvr屏蔽先遣服,500735,res/ui/roleicons/776.pvr
头像pvr屏蔽先遣服,500736,res/ui/roleicons/777.pvr
头像pvr屏蔽先遣服,500737,res/ui/roleicons/778.pvr
头像pvr屏蔽先遣服,500738,res/ui/roleicons/779.pvr
头像pvr屏蔽先遣服,500739,res/ui/roleicons/780.pvr
头像pvr屏蔽先遣服,500740,res/ui/roleicons/781.pvr
头像pvr屏蔽先遣服,500741,res/ui/roleicons/782.pvr
头像pvr屏蔽先遣服,500742,res/ui/roleicons/783.pvr
头像pvr屏蔽先遣服,500743,res/ui/roleicons/784.pvr
头像pvr屏蔽先遣服,500744,res/ui/roleicons/785.pvr
头像pvr屏蔽先遣服,500745,res/ui/roleicons/786.pvr
头像pvr屏蔽先遣服,500746,res/ui/roleicons/787.pvr
头像pvr屏蔽先遣服,500747,res/ui/roleicons/788.pvr
头像pvr屏蔽先遣服,500748,res/ui/roleicons/789.pvr
头像pvr屏蔽先遣服,500749,res/ui/roleicons/790.pvr
头像pvr屏蔽先遣服,500750,res/ui/roleicons/791.pvr
头像pvr屏蔽先遣服,500751,res/ui/roleicons/792.pvr
头像pvr屏蔽先遣服,500752,res/ui/roleicons/793.pvr
头像pvr屏蔽先遣服,500753,res/ui/roleicons/794.pvr
头像pvr屏蔽先遣服,500754,res/ui/roleicons/795.pvr
头像pvr屏蔽先遣服,500755,res/ui/roleicons/796.pvr
头像pvr屏蔽先遣服,500756,res/ui/roleicons/797.pvr
头像pvr屏蔽先遣服,500757,res/ui/roleicons/798.pvr
头像pvr屏蔽先遣服,500758,res/ui/roleicons/799.pvr
头像pvr屏蔽先遣服,500759,res/ui/roleicons/800.pvr
头像pvr屏蔽先遣服,500760,res/ui/roleicons/801.pvr
头像pvr屏蔽先遣服,500761,res/ui/roleicons/802.pvr
头像pvr屏蔽先遣服,500762,res/ui/roleicons/803.pvr
头像pvr屏蔽先遣服,500763,res/ui/roleicons/804.pvr
头像pvr屏蔽先遣服,500764,res/ui/roleicons/805.pvr
头像pvr屏蔽先遣服,500765,res/ui/roleicons/806.pvr
头像pvr屏蔽先遣服,500766,res/ui/roleicons/807.pvr
头像pvr屏蔽先遣服,500767,res/ui/roleicons/808.pvr
头像pvr屏蔽先遣服,500768,res/ui/roleicons/809.pvr
头像pvr屏蔽先遣服,500769,res/ui/roleicons/810.pvr
头像pvr屏蔽先遣服,500770,res/ui/roleicons/811.pvr
头像pvr屏蔽先遣服,500771,res/ui/roleicons/812.pvr
头像pvr屏蔽先遣服,500772,res/ui/roleicons/813.pvr
头像pvr屏蔽先遣服,500773,res/ui/roleicons/814.pvr
头像pvr屏蔽先遣服,500774,res/ui/roleicons/815.pvr
头像pvr屏蔽先遣服,500775,res/ui/roleicons/816.pvr
头像pvr屏蔽先遣服,500776,res/ui/roleicons/817.pvr
头像pvr屏蔽先遣服,500777,res/ui/roleicons/818.pvr
头像pvr屏蔽先遣服,500778,res/ui/roleicons/819.pvr
头像pvr屏蔽先遣服,500779,res/ui/roleicons/820.pvr
头像pvr屏蔽先遣服,500780,res/ui/roleicons/821.pvr
头像pvr屏蔽先遣服,500781,res/ui/roleicons/822.pvr
头像pvr屏蔽先遣服,500782,res/ui/roleicons/823.pvr
头像pvr屏蔽先遣服,500783,res/ui/roleicons/824.pvr
头像pvr屏蔽先遣服,500784,res/ui/roleicons/825.pvr
头像pvr屏蔽先遣服,500785,res/ui/roleicons/826.pvr
头像pvr屏蔽先遣服,500786,res/ui/roleicons/827.pvr
头像pvr屏蔽先遣服,500787,res/ui/roleicons/828.pvr
头像pvr屏蔽先遣服,500788,res/ui/roleicons/829.pvr
头像pvr屏蔽先遣服,500789,res/ui/roleicons/830.pvr
头像pvr屏蔽先遣服,500790,res/ui/roleicons/831.pvr
头像pvr屏蔽先遣服,500791,res/ui/roleicons/832.pvr
头像pvr屏蔽先遣服,500792,res/ui/roleicons/833.pvr
头像pvr屏蔽先遣服,500793,res/ui/roleicons/834.pvr
头像pvr屏蔽先遣服,500794,res/ui/roleicons/835.pvr
头像pvr屏蔽先遣服,500795,res/ui/roleicons/836.pvr
头像pvr屏蔽先遣服,500796,res/ui/roleicons/837.pvr
头像pvr屏蔽先遣服,500797,res/ui/roleicons/838.pvr
头像pvr屏蔽先遣服,500798,res/ui/roleicons/839.pvr
头像pvr屏蔽先遣服,500799,res/ui/roleicons/840.pvr
头像pvr屏蔽先遣服,500800,res/ui/roleicons/841.pvr
头像pvr屏蔽先遣服,500801,res/ui/roleicons/842.pvr
头像pvr屏蔽先遣服,500802,res/ui/roleicons/843.pvr
头像pvr屏蔽先遣服,500803,res/ui/roleicons/844.pvr
头像pvr屏蔽先遣服,500804,res/ui/roleicons/845.pvr
头像pvr屏蔽先遣服,500805,res/ui/roleicons/846.pvr
头像pvr屏蔽先遣服,500806,res/ui/roleicons/847.pvr
头像pvr屏蔽先遣服,500807,res/ui/roleicons/848.pvr
头像pvr屏蔽先遣服,500808,res/ui/roleicons/849.pvr
头像pvr屏蔽先遣服,500809,res/ui/roleicons/850.pvr
头像pvr屏蔽先遣服,500810,res/ui/roleicons/851.pvr
头像pvr屏蔽先遣服,500811,res/ui/roleicons/852.pvr
头像pvr屏蔽先遣服,500812,res/ui/roleicons/853.pvr
头像pvr屏蔽先遣服,500813,res/ui/roleicons/854.pvr
头像pvr屏蔽先遣服,500814,res/ui/roleicons/855.pvr
头像pvr屏蔽先遣服,500815,res/ui/roleicons/856.pvr
头像pvr屏蔽先遣服,500816,res/ui/roleicons/857.pvr
头像pvr屏蔽先遣服,500817,res/ui/roleicons/858.pvr
头像pvr屏蔽先遣服,500818,res/ui/roleicons/859.pvr
头像pvr屏蔽先遣服,500819,res/ui/roleicons/860.pvr
头像pvr屏蔽先遣服,500820,res/ui/roleicons/861.pvr
头像pvr屏蔽先遣服,500821,res/ui/roleicons/862.pvr
头像pvr屏蔽先遣服,500822,res/ui/roleicons/863.pvr
头像pvr屏蔽先遣服,500823,res/ui/roleicons/864.pvr
头像pvr屏蔽先遣服,500824,res/ui/roleicons/865.pvr
头像pvr屏蔽先遣服,500825,res/ui/roleicons/866.pvr
头像pvr屏蔽先遣服,500826,res/ui/roleicons/867.pvr
头像pvr屏蔽先遣服,500827,res/ui/roleicons/868.pvr
头像pvr屏蔽先遣服,500828,res/ui/roleicons/869.pvr
头像pvr屏蔽先遣服,500829,res/ui/roleicons/870.pvr
头像pvr屏蔽先遣服,500830,res/ui/roleicons/871.pvr
头像pvr屏蔽先遣服,500831,res/ui/roleicons/872.pvr
头像pvr屏蔽先遣服,500832,res/ui/roleicons/873.pvr
头像pvr屏蔽先遣服,500833,res/ui/roleicons/874.pvr
头像pvr屏蔽先遣服,500834,res/ui/roleicons/875.pvr
头像pvr屏蔽先遣服,500835,res/ui/roleicons/876.pvr
头像pvr屏蔽先遣服,500836,res/ui/roleicons/877.pvr
头像pvr屏蔽先遣服,500837,res/ui/roleicons/878.pvr
头像pvr屏蔽先遣服,500838,res/ui/roleicons/879.pvr
头像pvr屏蔽先遣服,500839,res/ui/roleicons/880.pvr
头像pvr屏蔽先遣服,500840,res/ui/roleicons/881.pvr
头像pvr屏蔽先遣服,500841,res/ui/roleicons/882.pvr
头像pvr屏蔽先遣服,500842,res/ui/roleicons/883.pvr
头像pvr屏蔽先遣服,500843,res/ui/roleicons/884.pvr
头像pvr屏蔽先遣服,500844,res/ui/roleicons/885.pvr
头像pvr屏蔽先遣服,500845,res/ui/roleicons/886.pvr
头像pvr屏蔽先遣服,500846,res/ui/roleicons/887.pvr
头像pvr屏蔽先遣服,500847,res/ui/roleicons/888.pvr
头像pvr屏蔽先遣服,500848,res/ui/roleicons/889.pvr
头像pvr屏蔽先遣服,500849,res/ui/roleicons/890.pvr
头像pvr屏蔽先遣服,500850,res/ui/roleicons/891.pvr
头像pvr屏蔽先遣服,500851,res/ui/roleicons/892.pvr
头像pvr屏蔽先遣服,500852,res/ui/roleicons/893.pvr
头像pvr屏蔽先遣服,500853,res/ui/roleicons/894.pvr
头像pvr屏蔽先遣服,500854,res/ui/roleicons/895.pvr
头像pvr屏蔽先遣服,500855,res/ui/roleicons/896.pvr
头像pvr屏蔽先遣服,500856,res/ui/roleicons/897.pvr
头像pvr屏蔽先遣服,500857,res/ui/roleicons/898.pvr
头像pvr屏蔽先遣服,500858,res/ui/roleicons/899.pvr
头像pvr屏蔽先遣服,500859,res/ui/roleicons/900.pvr
头像pvr屏蔽先遣服,500860,res/ui/roleicons/901.pvr
头像pvr屏蔽先遣服,500861,res/ui/roleicons/902.pvr
头像pvr屏蔽先遣服,500862,res/ui/roleicons/903.pvr
头像pvr屏蔽先遣服,500863,res/ui/roleicons/904.pvr
头像pvr屏蔽先遣服,500864,res/ui/roleicons/905.pvr
头像pvr屏蔽先遣服,500865,res/ui/roleicons/906.pvr
头像pvr屏蔽先遣服,500866,res/ui/roleicons/907.pvr
头像pvr屏蔽先遣服,500867,res/ui/roleicons/908.pvr
头像pvr屏蔽先遣服,500868,res/ui/roleicons/909.pvr
头像pvr屏蔽先遣服,500869,res/ui/roleicons/910.pvr
头像pvr屏蔽先遣服,500870,res/ui/roleicons/911.pvr
头像pvr屏蔽先遣服,500871,res/ui/roleicons/912.pvr
头像pvr屏蔽先遣服,500872,res/ui/roleicons/913.pvr
头像pvr屏蔽先遣服,500873,res/ui/roleicons/914.pvr
头像pvr屏蔽先遣服,500874,res/ui/roleicons/915.pvr
头像pvr屏蔽先遣服,500875,res/ui/roleicons/916.pvr
头像pvr屏蔽先遣服,500876,res/ui/roleicons/917.pvr
头像pvr屏蔽先遣服,500877,res/ui/roleicons/918.pvr
头像pvr屏蔽先遣服,500878,res/ui/roleicons/919.pvr
头像pvr屏蔽先遣服,500879,res/ui/roleicons/920.pvr
头像pvr屏蔽先遣服,500880,res/ui/roleicons/921.pvr
头像pvr屏蔽先遣服,500881,res/ui/roleicons/922.pvr
头像pvr屏蔽先遣服,500882,res/ui/roleicons/923.pvr
头像pvr屏蔽先遣服,500883,res/ui/roleicons/924.pvr
头像pvr屏蔽先遣服,500884,res/ui/roleicons/925.pvr
头像pvr屏蔽先遣服,500885,res/ui/roleicons/926.pvr
头像pvr屏蔽先遣服,500886,res/ui/roleicons/927.pvr
头像pvr屏蔽先遣服,500887,res/ui/roleicons/928.pvr
头像pvr屏蔽先遣服,500888,res/ui/roleicons/929.pvr
头像pvr屏蔽先遣服,500889,res/ui/roleicons/930.pvr
头像pvr屏蔽先遣服,500890,res/ui/roleicons/931.pvr
头像pvr屏蔽先遣服,500891,res/ui/roleicons/932.pvr
头像pvr屏蔽先遣服,500892,res/ui/roleicons/933.pvr
头像pvr屏蔽先遣服,500893,res/ui/roleicons/934.pvr
头像pvr屏蔽先遣服,500894,res/ui/roleicons/935.pvr
头像pvr屏蔽先遣服,500895,res/ui/roleicons/936.pvr
头像pvr屏蔽先遣服,500896,res/ui/roleicons/937.pvr
头像pvr屏蔽先遣服,500897,res/ui/roleicons/938.pvr
头像pvr屏蔽先遣服,500898,res/ui/roleicons/939.pvr
头像pvr屏蔽先遣服,500899,res/ui/roleicons/940.pvr
头像pvr屏蔽先遣服,500900,res/ui/roleicons/941.pvr
头像pvr屏蔽先遣服,500901,res/ui/roleicons/942.pvr
头像pvr屏蔽先遣服,500902,res/ui/roleicons/943.pvr
头像pvr屏蔽先遣服,500903,res/ui/roleicons/944.pvr
头像pvr屏蔽先遣服,500904,res/ui/roleicons/945.pvr
头像pvr屏蔽先遣服,500905,res/ui/roleicons/946.pvr
头像pvr屏蔽先遣服,500906,res/ui/roleicons/947.pvr
头像pvr屏蔽先遣服,500907,res/ui/roleicons/948.pvr
头像pvr屏蔽先遣服,500908,res/ui/roleicons/949.pvr
头像pvr屏蔽先遣服,500909,res/ui/roleicons/950.pvr
头像pvr屏蔽先遣服,500910,res/ui/roleicons/951.pvr
头像pvr屏蔽先遣服,500911,res/ui/roleicons/952.pvr
头像pvr屏蔽先遣服,500912,res/ui/roleicons/953.pvr
头像pvr屏蔽先遣服,500913,res/ui/roleicons/954.pvr
头像pvr屏蔽先遣服,500914,res/ui/roleicons/955.pvr
头像pvr屏蔽先遣服,500915,res/ui/roleicons/956.pvr
头像pvr屏蔽先遣服,500916,res/ui/roleicons/957.pvr
头像pvr屏蔽先遣服,500917,res/ui/roleicons/958.pvr
头像pvr屏蔽先遣服,500918,res/ui/roleicons/959.pvr
头像pvr屏蔽先遣服,500919,res/ui/roleicons/960.pvr
头像pvr屏蔽先遣服,500920,res/ui/roleicons/961.pvr
头像pvr屏蔽先遣服,500921,res/ui/roleicons/962.pvr
头像pvr屏蔽先遣服,500922,res/ui/roleicons/963.pvr
头像pvr屏蔽先遣服,500923,res/ui/roleicons/964.pvr
头像pvr屏蔽先遣服,500924,res/ui/roleicons/965.pvr
头像pvr屏蔽先遣服,500925,res/ui/roleicons/966.pvr
头像pvr屏蔽先遣服,500926,res/ui/roleicons/967.pvr
头像pvr屏蔽先遣服,500927,res/ui/roleicons/968.pvr
头像pvr屏蔽先遣服,500928,res/ui/roleicons/969.pvr
头像pvr屏蔽先遣服,500929,res/ui/roleicons/970.pvr
头像pvr屏蔽先遣服,500930,res/ui/roleicons/971.pvr
头像pvr屏蔽先遣服,500931,res/ui/roleicons/972.pvr
头像pvr屏蔽先遣服,500932,res/ui/roleicons/973.pvr
头像pvr屏蔽先遣服,500933,res/ui/roleicons/974.pvr
头像pvr屏蔽先遣服,500934,res/ui/roleicons/975.pvr
头像pvr屏蔽先遣服,500935,res/ui/roleicons/976.pvr
头像pvr屏蔽先遣服,500936,res/ui/roleicons/977.pvr
头像pvr屏蔽先遣服,500937,res/ui/roleicons/978.pvr
头像pvr屏蔽先遣服,500938,res/ui/roleicons/979.pvr
头像pvr屏蔽先遣服,500939,res/ui/roleicons/980.pvr
头像pvr屏蔽先遣服,500940,res/ui/roleicons/981.pvr
头像pvr屏蔽先遣服,500941,res/ui/roleicons/982.pvr
头像pvr屏蔽先遣服,500942,res/ui/roleicons/983.pvr
头像pvr屏蔽先遣服,500943,res/ui/roleicons/984.pvr
头像pvr屏蔽先遣服,500944,res/ui/roleicons/985.pvr
头像pvr屏蔽先遣服,500945,res/ui/roleicons/986.pvr
头像pvr屏蔽先遣服,500946,res/ui/roleicons/987.pvr
头像pvr屏蔽先遣服,500947,res/ui/roleicons/988.pvr
头像pvr屏蔽先遣服,500948,res/ui/roleicons/989.pvr
头像pvr屏蔽先遣服,500949,res/ui/roleicons/990.pvr
头像pvr屏蔽先遣服,500950,res/ui/roleicons/991.pvr
头像pvr屏蔽先遣服,500951,res/ui/roleicons/992.pvr
头像pvr屏蔽先遣服,500952,res/ui/roleicons/993.pvr
头像pvr屏蔽先遣服,500953,res/ui/roleicons/994.pvr
头像pvr屏蔽先遣服,500954,res/ui/roleicons/995.pvr
头像pvr屏蔽先遣服,500955,res/ui/roleicons/996.pvr
头像pvr屏蔽先遣服,500956,res/ui/roleicons/997.pvr
头像pvr屏蔽先遣服,500957,res/ui/roleicons/998.pvr
头像pvr屏蔽先遣服,500958,res/ui/roleicons/999.pvr
头像alpha屏蔽先遣服,600058,res/ui/roleicons/99_alpha.ktx
头像alpha屏蔽先遣服,600059,res/ui/roleicons/100_alpha.ktx
头像alpha屏蔽先遣服,600060,res/ui/roleicons/101_alpha.ktx
头像alpha屏蔽先遣服,600061,res/ui/roleicons/102_alpha.ktx
头像alpha屏蔽先遣服,600062,res/ui/roleicons/103_alpha.ktx
头像alpha屏蔽先遣服,600063,res/ui/roleicons/104_alpha.ktx
头像alpha屏蔽先遣服,600064,res/ui/roleicons/105_alpha.ktx
头像alpha屏蔽先遣服,600065,res/ui/roleicons/106_alpha.ktx
头像alpha屏蔽先遣服,600066,res/ui/roleicons/107_alpha.ktx
头像alpha屏蔽先遣服,600067,res/ui/roleicons/108_alpha.ktx
头像alpha屏蔽先遣服,600068,res/ui/roleicons/109_alpha.ktx
头像alpha屏蔽先遣服,600069,res/ui/roleicons/110_alpha.ktx
头像alpha屏蔽先遣服,600070,res/ui/roleicons/111_alpha.ktx
头像alpha屏蔽先遣服,600071,res/ui/roleicons/112_alpha.ktx
头像alpha屏蔽先遣服,600072,res/ui/roleicons/113_alpha.ktx
头像alpha屏蔽先遣服,600073,res/ui/roleicons/114_alpha.ktx
头像alpha屏蔽先遣服,600074,res/ui/roleicons/115_alpha.ktx
头像alpha屏蔽先遣服,600075,res/ui/roleicons/116_alpha.ktx
头像alpha屏蔽先遣服,600076,res/ui/roleicons/117_alpha.ktx
头像alpha屏蔽先遣服,600077,res/ui/roleicons/118_alpha.ktx
头像alpha屏蔽先遣服,600078,res/ui/roleicons/119_alpha.ktx
头像alpha屏蔽先遣服,600079,res/ui/roleicons/120_alpha.ktx
头像alpha屏蔽先遣服,600080,res/ui/roleicons/121_alpha.ktx
头像alpha屏蔽先遣服,600081,res/ui/roleicons/122_alpha.ktx
头像alpha屏蔽先遣服,600082,res/ui/roleicons/123_alpha.ktx
头像alpha屏蔽先遣服,600083,res/ui/roleicons/124_alpha.ktx
头像alpha屏蔽先遣服,600084,res/ui/roleicons/125_alpha.ktx
头像alpha屏蔽先遣服,600085,res/ui/roleicons/126_alpha.ktx
头像alpha屏蔽先遣服,600086,res/ui/roleicons/127_alpha.ktx
头像alpha屏蔽先遣服,600087,res/ui/roleicons/128_alpha.ktx
头像alpha屏蔽先遣服,600088,res/ui/roleicons/129_alpha.ktx
头像alpha屏蔽先遣服,600089,res/ui/roleicons/130_alpha.ktx
头像alpha屏蔽先遣服,600090,res/ui/roleicons/131_alpha.ktx
头像alpha屏蔽先遣服,600091,res/ui/roleicons/132_alpha.ktx
头像alpha屏蔽先遣服,600092,res/ui/roleicons/133_alpha.ktx
头像alpha屏蔽先遣服,600093,res/ui/roleicons/134_alpha.ktx
头像alpha屏蔽先遣服,600094,res/ui/roleicons/135_alpha.ktx
头像alpha屏蔽先遣服,600095,res/ui/roleicons/136_alpha.ktx
头像alpha屏蔽先遣服,600096,res/ui/roleicons/137_alpha.ktx
头像alpha屏蔽先遣服,600097,res/ui/roleicons/138_alpha.ktx
头像alpha屏蔽先遣服,600098,res/ui/roleicons/139_alpha.ktx
头像alpha屏蔽先遣服,600099,res/ui/roleicons/140_alpha.ktx
头像alpha屏蔽先遣服,600100,res/ui/roleicons/141_alpha.ktx
头像alpha屏蔽先遣服,600101,res/ui/roleicons/142_alpha.ktx
头像alpha屏蔽先遣服,600102,res/ui/roleicons/143_alpha.ktx
头像alpha屏蔽先遣服,600103,res/ui/roleicons/144_alpha.ktx
头像alpha屏蔽先遣服,600104,res/ui/roleicons/145_alpha.ktx
头像alpha屏蔽先遣服,600105,res/ui/roleicons/146_alpha.ktx
头像alpha屏蔽先遣服,600106,res/ui/roleicons/147_alpha.ktx
头像alpha屏蔽先遣服,600107,res/ui/roleicons/148_alpha.ktx
头像alpha屏蔽先遣服,600108,res/ui/roleicons/149_alpha.ktx
头像alpha屏蔽先遣服,600109,res/ui/roleicons/150_alpha.ktx
头像alpha屏蔽先遣服,600110,res/ui/roleicons/151_alpha.ktx
头像alpha屏蔽先遣服,600111,res/ui/roleicons/152_alpha.ktx
头像alpha屏蔽先遣服,600112,res/ui/roleicons/153_alpha.ktx
头像alpha屏蔽先遣服,600113,res/ui/roleicons/154_alpha.ktx
头像alpha屏蔽先遣服,600114,res/ui/roleicons/155_alpha.ktx
头像alpha屏蔽先遣服,600115,res/ui/roleicons/156_alpha.ktx
头像alpha屏蔽先遣服,600116,res/ui/roleicons/157_alpha.ktx
头像alpha屏蔽先遣服,600117,res/ui/roleicons/158_alpha.ktx
头像alpha屏蔽先遣服,600118,res/ui/roleicons/159_alpha.ktx
头像alpha屏蔽先遣服,600119,res/ui/roleicons/160_alpha.ktx
头像alpha屏蔽先遣服,600120,res/ui/roleicons/161_alpha.ktx
头像alpha屏蔽先遣服,600121,res/ui/roleicons/162_alpha.ktx
头像alpha屏蔽先遣服,600122,res/ui/roleicons/163_alpha.ktx
头像alpha屏蔽先遣服,600123,res/ui/roleicons/164_alpha.ktx
头像alpha屏蔽先遣服,600124,res/ui/roleicons/165_alpha.ktx
头像alpha屏蔽先遣服,600125,res/ui/roleicons/166_alpha.ktx
头像alpha屏蔽先遣服,600126,res/ui/roleicons/167_alpha.ktx
头像alpha屏蔽先遣服,600127,res/ui/roleicons/168_alpha.ktx
头像alpha屏蔽先遣服,600128,res/ui/roleicons/169_alpha.ktx
头像alpha屏蔽先遣服,600129,res/ui/roleicons/170_alpha.ktx
头像alpha屏蔽先遣服,600130,res/ui/roleicons/171_alpha.ktx
头像alpha屏蔽先遣服,600131,res/ui/roleicons/172_alpha.ktx
头像alpha屏蔽先遣服,600132,res/ui/roleicons/173_alpha.ktx
头像alpha屏蔽先遣服,600133,res/ui/roleicons/174_alpha.ktx
头像alpha屏蔽先遣服,600134,res/ui/roleicons/175_alpha.ktx
头像alpha屏蔽先遣服,600135,res/ui/roleicons/176_alpha.ktx
头像alpha屏蔽先遣服,600136,res/ui/roleicons/177_alpha.ktx
头像alpha屏蔽先遣服,600137,res/ui/roleicons/178_alpha.ktx
头像alpha屏蔽先遣服,600138,res/ui/roleicons/179_alpha.ktx
头像alpha屏蔽先遣服,600139,res/ui/roleicons/180_alpha.ktx
头像alpha屏蔽先遣服,600140,res/ui/roleicons/181_alpha.ktx
头像alpha屏蔽先遣服,600141,res/ui/roleicons/182_alpha.ktx
头像alpha屏蔽先遣服,600142,res/ui/roleicons/183_alpha.ktx
头像alpha屏蔽先遣服,600143,res/ui/roleicons/184_alpha.ktx
头像alpha屏蔽先遣服,600144,res/ui/roleicons/185_alpha.ktx
头像alpha屏蔽先遣服,600145,res/ui/roleicons/186_alpha.ktx
头像alpha屏蔽先遣服,600146,res/ui/roleicons/187_alpha.ktx
头像alpha屏蔽先遣服,600147,res/ui/roleicons/188_alpha.ktx
头像alpha屏蔽先遣服,600148,res/ui/roleicons/189_alpha.ktx
头像alpha屏蔽先遣服,600149,res/ui/roleicons/190_alpha.ktx
头像alpha屏蔽先遣服,600150,res/ui/roleicons/191_alpha.ktx
头像alpha屏蔽先遣服,600151,res/ui/roleicons/192_alpha.ktx
头像alpha屏蔽先遣服,600152,res/ui/roleicons/193_alpha.ktx
头像alpha屏蔽先遣服,600153,res/ui/roleicons/194_alpha.ktx
头像alpha屏蔽先遣服,600154,res/ui/roleicons/195_alpha.ktx
头像alpha屏蔽先遣服,600155,res/ui/roleicons/196_alpha.ktx
头像alpha屏蔽先遣服,600156,res/ui/roleicons/197_alpha.ktx
头像alpha屏蔽先遣服,600157,res/ui/roleicons/198_alpha.ktx
头像alpha屏蔽先遣服,600158,res/ui/roleicons/199_alpha.ktx
头像alpha屏蔽先遣服,600159,res/ui/roleicons/200_alpha.ktx
头像alpha屏蔽先遣服,600160,res/ui/roleicons/201_alpha.ktx
头像alpha屏蔽先遣服,600161,res/ui/roleicons/202_alpha.ktx
头像alpha屏蔽先遣服,600162,res/ui/roleicons/203_alpha.ktx
头像alpha屏蔽先遣服,600163,res/ui/roleicons/204_alpha.ktx
头像alpha屏蔽先遣服,600167,res/ui/roleicons/208_alpha.ktx
头像alpha屏蔽先遣服,600170,res/ui/roleicons/211_alpha.ktx
头像alpha屏蔽先遣服,600177,res/ui/roleicons/218_alpha.ktx
头像alpha屏蔽先遣服,600178,res/ui/roleicons/219_alpha.ktx
头像alpha屏蔽先遣服,600179,res/ui/roleicons/220_alpha.ktx
头像alpha屏蔽先遣服,600180,res/ui/roleicons/221_alpha.ktx
头像alpha屏蔽先遣服,600181,res/ui/roleicons/222_alpha.ktx
头像alpha屏蔽先遣服,600182,res/ui/roleicons/223_alpha.ktx
头像alpha屏蔽先遣服,600183,res/ui/roleicons/224_alpha.ktx
头像alpha屏蔽先遣服,600184,res/ui/roleicons/225_alpha.ktx
头像alpha屏蔽先遣服,600185,res/ui/roleicons/226_alpha.ktx
头像alpha屏蔽先遣服,600186,res/ui/roleicons/227_alpha.ktx
头像alpha屏蔽先遣服,600187,res/ui/roleicons/228_alpha.ktx
头像alpha屏蔽先遣服,600188,res/ui/roleicons/229_alpha.ktx
头像alpha屏蔽先遣服,600189,res/ui/roleicons/230_alpha.ktx
头像alpha屏蔽先遣服,600190,res/ui/roleicons/231_alpha.ktx
头像alpha屏蔽先遣服,600191,res/ui/roleicons/232_alpha.ktx
头像alpha屏蔽先遣服,600192,res/ui/roleicons/233_alpha.ktx
头像alpha屏蔽先遣服,600193,res/ui/roleicons/234_alpha.ktx
头像alpha屏蔽先遣服,600194,res/ui/roleicons/235_alpha.ktx
头像alpha屏蔽先遣服,600195,res/ui/roleicons/236_alpha.ktx
头像alpha屏蔽先遣服,600196,res/ui/roleicons/237_alpha.ktx
头像alpha屏蔽先遣服,600197,res/ui/roleicons/238_alpha.ktx
头像alpha屏蔽先遣服,600198,res/ui/roleicons/239_alpha.ktx
头像alpha屏蔽先遣服,600199,res/ui/roleicons/240_alpha.ktx
头像alpha屏蔽先遣服,600200,res/ui/roleicons/241_alpha.ktx
头像alpha屏蔽先遣服,600201,res/ui/roleicons/242_alpha.ktx
头像alpha屏蔽先遣服,600202,res/ui/roleicons/243_alpha.ktx
头像alpha屏蔽先遣服,600203,res/ui/roleicons/244_alpha.ktx
头像alpha屏蔽先遣服,600204,res/ui/roleicons/245_alpha.ktx
头像alpha屏蔽先遣服,600205,res/ui/roleicons/246_alpha.ktx
头像alpha屏蔽先遣服,600206,res/ui/roleicons/247_alpha.ktx
头像alpha屏蔽先遣服,600207,res/ui/roleicons/248_alpha.ktx
头像alpha屏蔽先遣服,600208,res/ui/roleicons/249_alpha.ktx
头像alpha屏蔽先遣服,600209,res/ui/roleicons/250_alpha.ktx
头像alpha屏蔽先遣服,600210,res/ui/roleicons/251_alpha.ktx
头像alpha屏蔽先遣服,600211,res/ui/roleicons/252_alpha.ktx
头像alpha屏蔽先遣服,600212,res/ui/roleicons/253_alpha.ktx
头像alpha屏蔽先遣服,600213,res/ui/roleicons/254_alpha.ktx
头像alpha屏蔽先遣服,600214,res/ui/roleicons/255_alpha.ktx
头像alpha屏蔽先遣服,600215,res/ui/roleicons/256_alpha.ktx
头像alpha屏蔽先遣服,600216,res/ui/roleicons/257_alpha.ktx
头像alpha屏蔽先遣服,600217,res/ui/roleicons/258_alpha.ktx
头像alpha屏蔽先遣服,600218,res/ui/roleicons/259_alpha.ktx
头像alpha屏蔽先遣服,600219,res/ui/roleicons/260_alpha.ktx
头像alpha屏蔽先遣服,600220,res/ui/roleicons/261_alpha.ktx
头像alpha屏蔽先遣服,600221,res/ui/roleicons/262_alpha.ktx
头像alpha屏蔽先遣服,600222,res/ui/roleicons/263_alpha.ktx
头像alpha屏蔽先遣服,600223,res/ui/roleicons/264_alpha.ktx
头像alpha屏蔽先遣服,600224,res/ui/roleicons/265_alpha.ktx
头像alpha屏蔽先遣服,600225,res/ui/roleicons/266_alpha.ktx
头像alpha屏蔽先遣服,600226,res/ui/roleicons/267_alpha.ktx
头像alpha屏蔽先遣服,600227,res/ui/roleicons/268_alpha.ktx
头像alpha屏蔽先遣服,600228,res/ui/roleicons/269_alpha.ktx
头像alpha屏蔽先遣服,600229,res/ui/roleicons/270_alpha.ktx
头像alpha屏蔽先遣服,600230,res/ui/roleicons/271_alpha.ktx
头像alpha屏蔽先遣服,600231,res/ui/roleicons/272_alpha.ktx
头像alpha屏蔽先遣服,600232,res/ui/roleicons/273_alpha.ktx
头像alpha屏蔽先遣服,600233,res/ui/roleicons/274_alpha.ktx
头像alpha屏蔽先遣服,600234,res/ui/roleicons/275_alpha.ktx
头像alpha屏蔽先遣服,600235,res/ui/roleicons/276_alpha.ktx
头像alpha屏蔽先遣服,600236,res/ui/roleicons/277_alpha.ktx
头像alpha屏蔽先遣服,600237,res/ui/roleicons/278_alpha.ktx
头像alpha屏蔽先遣服,600238,res/ui/roleicons/279_alpha.ktx
头像alpha屏蔽先遣服,600239,res/ui/roleicons/280_alpha.ktx
头像alpha屏蔽先遣服,600240,res/ui/roleicons/281_alpha.ktx
头像alpha屏蔽先遣服,600241,res/ui/roleicons/282_alpha.ktx
头像alpha屏蔽先遣服,600242,res/ui/roleicons/283_alpha.ktx
头像alpha屏蔽先遣服,600243,res/ui/roleicons/284_alpha.ktx
头像alpha屏蔽先遣服,600244,res/ui/roleicons/285_alpha.ktx
头像alpha屏蔽先遣服,600245,res/ui/roleicons/286_alpha.ktx
头像alpha屏蔽先遣服,600246,res/ui/roleicons/287_alpha.ktx
头像alpha屏蔽先遣服,600247,res/ui/roleicons/288_alpha.ktx
头像alpha屏蔽先遣服,600248,res/ui/roleicons/289_alpha.ktx
头像alpha屏蔽先遣服,600249,res/ui/roleicons/290_alpha.ktx
头像alpha屏蔽先遣服,600250,res/ui/roleicons/291_alpha.ktx
头像alpha屏蔽先遣服,600251,res/ui/roleicons/292_alpha.ktx
头像alpha屏蔽先遣服,600252,res/ui/roleicons/293_alpha.ktx
头像alpha屏蔽先遣服,600253,res/ui/roleicons/294_alpha.ktx
头像alpha屏蔽先遣服,600254,res/ui/roleicons/295_alpha.ktx
头像alpha屏蔽先遣服,600255,res/ui/roleicons/296_alpha.ktx
头像alpha屏蔽先遣服,600256,res/ui/roleicons/297_alpha.ktx
头像alpha屏蔽先遣服,600257,res/ui/roleicons/298_alpha.ktx
头像alpha屏蔽先遣服,600258,res/ui/roleicons/299_alpha.ktx
头像alpha屏蔽先遣服,600259,res/ui/roleicons/300_alpha.ktx
头像alpha屏蔽先遣服,600260,res/ui/roleicons/301_alpha.ktx
头像alpha屏蔽先遣服,600261,res/ui/roleicons/302_alpha.ktx
头像alpha屏蔽先遣服,600262,res/ui/roleicons/303_alpha.ktx
头像alpha屏蔽先遣服,600263,res/ui/roleicons/304_alpha.ktx
头像alpha屏蔽先遣服,600264,res/ui/roleicons/305_alpha.ktx
头像alpha屏蔽先遣服,600265,res/ui/roleicons/306_alpha.ktx
头像alpha屏蔽先遣服,600266,res/ui/roleicons/307_alpha.ktx
头像alpha屏蔽先遣服,600267,res/ui/roleicons/308_alpha.ktx
头像alpha屏蔽先遣服,600268,res/ui/roleicons/309_alpha.ktx
头像alpha屏蔽先遣服,600269,res/ui/roleicons/310_alpha.ktx
头像alpha屏蔽先遣服,600270,res/ui/roleicons/311_alpha.ktx
头像alpha屏蔽先遣服,600271,res/ui/roleicons/312_alpha.ktx
头像alpha屏蔽先遣服,600272,res/ui/roleicons/313_alpha.ktx
头像alpha屏蔽先遣服,600273,res/ui/roleicons/314_alpha.ktx
头像alpha屏蔽先遣服,600274,res/ui/roleicons/315_alpha.ktx
头像alpha屏蔽先遣服,600275,res/ui/roleicons/316_alpha.ktx
头像alpha屏蔽先遣服,600276,res/ui/roleicons/317_alpha.ktx
头像alpha屏蔽先遣服,600277,res/ui/roleicons/318_alpha.ktx
头像alpha屏蔽先遣服,600278,res/ui/roleicons/319_alpha.ktx
头像alpha屏蔽先遣服,600279,res/ui/roleicons/320_alpha.ktx
头像alpha屏蔽先遣服,600280,res/ui/roleicons/321_alpha.ktx
头像alpha屏蔽先遣服,600281,res/ui/roleicons/322_alpha.ktx
头像alpha屏蔽先遣服,600282,res/ui/roleicons/323_alpha.ktx
头像alpha屏蔽先遣服,600283,res/ui/roleicons/324_alpha.ktx
头像alpha屏蔽先遣服,600284,res/ui/roleicons/325_alpha.ktx
头像alpha屏蔽先遣服,600285,res/ui/roleicons/326_alpha.ktx
头像alpha屏蔽先遣服,600286,res/ui/roleicons/327_alpha.ktx
头像alpha屏蔽先遣服,600287,res/ui/roleicons/328_alpha.ktx
头像alpha屏蔽先遣服,600288,res/ui/roleicons/329_alpha.ktx
头像alpha屏蔽先遣服,600289,res/ui/roleicons/330_alpha.ktx
头像alpha屏蔽先遣服,600290,res/ui/roleicons/331_alpha.ktx
头像alpha屏蔽先遣服,600291,res/ui/roleicons/332_alpha.ktx
头像alpha屏蔽先遣服,600292,res/ui/roleicons/333_alpha.ktx
头像alpha屏蔽先遣服,600293,res/ui/roleicons/334_alpha.ktx
头像alpha屏蔽先遣服,600294,res/ui/roleicons/335_alpha.ktx
头像alpha屏蔽先遣服,600295,res/ui/roleicons/336_alpha.ktx
头像alpha屏蔽先遣服,600296,res/ui/roleicons/337_alpha.ktx
头像alpha屏蔽先遣服,600297,res/ui/roleicons/338_alpha.ktx
头像alpha屏蔽先遣服,600298,res/ui/roleicons/339_alpha.ktx
头像alpha屏蔽先遣服,600299,res/ui/roleicons/340_alpha.ktx
头像alpha屏蔽先遣服,600300,res/ui/roleicons/341_alpha.ktx
头像alpha屏蔽先遣服,600301,res/ui/roleicons/342_alpha.ktx
头像alpha屏蔽先遣服,600302,res/ui/roleicons/343_alpha.ktx
头像alpha屏蔽先遣服,600303,res/ui/roleicons/344_alpha.ktx
头像alpha屏蔽先遣服,600304,res/ui/roleicons/345_alpha.ktx
头像alpha屏蔽先遣服,600305,res/ui/roleicons/346_alpha.ktx
头像alpha屏蔽先遣服,600306,res/ui/roleicons/347_alpha.ktx
头像alpha屏蔽先遣服,600307,res/ui/roleicons/348_alpha.ktx
头像alpha屏蔽先遣服,600308,res/ui/roleicons/349_alpha.ktx
头像alpha屏蔽先遣服,600309,res/ui/roleicons/350_alpha.ktx
头像alpha屏蔽先遣服,600310,res/ui/roleicons/351_alpha.ktx
头像alpha屏蔽先遣服,600311,res/ui/roleicons/352_alpha.ktx
头像alpha屏蔽先遣服,600312,res/ui/roleicons/353_alpha.ktx
头像alpha屏蔽先遣服,600313,res/ui/roleicons/354_alpha.ktx
头像alpha屏蔽先遣服,600314,res/ui/roleicons/355_alpha.ktx
头像alpha屏蔽先遣服,600315,res/ui/roleicons/356_alpha.ktx
头像alpha屏蔽先遣服,600316,res/ui/roleicons/357_alpha.ktx
头像alpha屏蔽先遣服,600317,res/ui/roleicons/358_alpha.ktx
头像alpha屏蔽先遣服,600318,res/ui/roleicons/359_alpha.ktx
头像alpha屏蔽先遣服,600319,res/ui/roleicons/360_alpha.ktx
头像alpha屏蔽先遣服,600320,res/ui/roleicons/361_alpha.ktx
头像alpha屏蔽先遣服,600321,res/ui/roleicons/362_alpha.ktx
头像alpha屏蔽先遣服,600322,res/ui/roleicons/363_alpha.ktx
头像alpha屏蔽先遣服,600323,res/ui/roleicons/364_alpha.ktx
头像alpha屏蔽先遣服,600324,res/ui/roleicons/365_alpha.ktx
头像alpha屏蔽先遣服,600325,res/ui/roleicons/366_alpha.ktx
头像alpha屏蔽先遣服,600326,res/ui/roleicons/367_alpha.ktx
头像alpha屏蔽先遣服,600327,res/ui/roleicons/368_alpha.ktx
头像alpha屏蔽先遣服,600328,res/ui/roleicons/369_alpha.ktx
头像alpha屏蔽先遣服,600329,res/ui/roleicons/370_alpha.ktx
头像alpha屏蔽先遣服,600330,res/ui/roleicons/371_alpha.ktx
头像alpha屏蔽先遣服,600331,res/ui/roleicons/372_alpha.ktx
头像alpha屏蔽先遣服,600332,res/ui/roleicons/373_alpha.ktx
头像alpha屏蔽先遣服,600333,res/ui/roleicons/374_alpha.ktx
头像alpha屏蔽先遣服,600334,res/ui/roleicons/375_alpha.ktx
头像alpha屏蔽先遣服,600335,res/ui/roleicons/376_alpha.ktx
头像alpha屏蔽先遣服,600336,res/ui/roleicons/377_alpha.ktx
头像alpha屏蔽先遣服,600337,res/ui/roleicons/378_alpha.ktx
头像alpha屏蔽先遣服,600338,res/ui/roleicons/379_alpha.ktx
头像alpha屏蔽先遣服,600339,res/ui/roleicons/380_alpha.ktx
头像alpha屏蔽先遣服,600340,res/ui/roleicons/381_alpha.ktx
头像alpha屏蔽先遣服,600341,res/ui/roleicons/382_alpha.ktx
头像alpha屏蔽先遣服,600342,res/ui/roleicons/383_alpha.ktx
头像alpha屏蔽先遣服,600343,res/ui/roleicons/384_alpha.ktx
头像alpha屏蔽先遣服,600344,res/ui/roleicons/385_alpha.ktx
头像alpha屏蔽先遣服,600345,res/ui/roleicons/386_alpha.ktx
头像alpha屏蔽先遣服,600346,res/ui/roleicons/387_alpha.ktx
头像alpha屏蔽先遣服,600347,res/ui/roleicons/388_alpha.ktx
头像alpha屏蔽先遣服,600348,res/ui/roleicons/389_alpha.ktx
头像alpha屏蔽先遣服,600349,res/ui/roleicons/390_alpha.ktx
头像alpha屏蔽先遣服,600350,res/ui/roleicons/391_alpha.ktx
头像alpha屏蔽先遣服,600351,res/ui/roleicons/392_alpha.ktx
头像alpha屏蔽先遣服,600352,res/ui/roleicons/393_alpha.ktx
头像alpha屏蔽先遣服,600353,res/ui/roleicons/394_alpha.ktx
头像alpha屏蔽先遣服,600354,res/ui/roleicons/395_alpha.ktx
头像alpha屏蔽先遣服,600355,res/ui/roleicons/396_alpha.ktx
头像alpha屏蔽先遣服,600356,res/ui/roleicons/397_alpha.ktx
头像alpha屏蔽先遣服,600357,res/ui/roleicons/398_alpha.ktx
头像alpha屏蔽先遣服,600358,res/ui/roleicons/399_alpha.ktx
头像alpha屏蔽先遣服,600359,res/ui/roleicons/400_alpha.ktx
头像alpha屏蔽先遣服,600360,res/ui/roleicons/401_alpha.ktx
头像alpha屏蔽先遣服,600361,res/ui/roleicons/402_alpha.ktx
头像alpha屏蔽先遣服,600362,res/ui/roleicons/403_alpha.ktx
头像alpha屏蔽先遣服,600363,res/ui/roleicons/404_alpha.ktx
头像alpha屏蔽先遣服,600364,res/ui/roleicons/405_alpha.ktx
头像alpha屏蔽先遣服,600365,res/ui/roleicons/406_alpha.ktx
头像alpha屏蔽先遣服,600366,res/ui/roleicons/407_alpha.ktx
头像alpha屏蔽先遣服,600367,res/ui/roleicons/408_alpha.ktx
头像alpha屏蔽先遣服,600368,res/ui/roleicons/409_alpha.ktx
头像alpha屏蔽先遣服,600369,res/ui/roleicons/410_alpha.ktx
头像alpha屏蔽先遣服,600370,res/ui/roleicons/411_alpha.ktx
头像alpha屏蔽先遣服,600371,res/ui/roleicons/412_alpha.ktx
头像alpha屏蔽先遣服,600372,res/ui/roleicons/413_alpha.ktx
头像alpha屏蔽先遣服,600373,res/ui/roleicons/414_alpha.ktx
头像alpha屏蔽先遣服,600374,res/ui/roleicons/415_alpha.ktx
头像alpha屏蔽先遣服,600375,res/ui/roleicons/416_alpha.ktx
头像alpha屏蔽先遣服,600376,res/ui/roleicons/417_alpha.ktx
头像alpha屏蔽先遣服,600377,res/ui/roleicons/418_alpha.ktx
头像alpha屏蔽先遣服,600378,res/ui/roleicons/419_alpha.ktx
头像alpha屏蔽先遣服,600379,res/ui/roleicons/420_alpha.ktx
头像alpha屏蔽先遣服,600380,res/ui/roleicons/421_alpha.ktx
头像alpha屏蔽先遣服,600381,res/ui/roleicons/422_alpha.ktx
头像alpha屏蔽先遣服,600382,res/ui/roleicons/423_alpha.ktx
头像alpha屏蔽先遣服,600383,res/ui/roleicons/424_alpha.ktx
头像alpha屏蔽先遣服,600384,res/ui/roleicons/425_alpha.ktx
头像alpha屏蔽先遣服,600385,res/ui/roleicons/426_alpha.ktx
头像alpha屏蔽先遣服,600386,res/ui/roleicons/427_alpha.ktx
头像alpha屏蔽先遣服,600387,res/ui/roleicons/428_alpha.ktx
头像alpha屏蔽先遣服,600388,res/ui/roleicons/429_alpha.ktx
头像alpha屏蔽先遣服,600389,res/ui/roleicons/430_alpha.ktx
头像alpha屏蔽先遣服,600390,res/ui/roleicons/431_alpha.ktx
头像alpha屏蔽先遣服,600391,res/ui/roleicons/432_alpha.ktx
头像alpha屏蔽先遣服,600392,res/ui/roleicons/433_alpha.ktx
头像alpha屏蔽先遣服,600393,res/ui/roleicons/434_alpha.ktx
头像alpha屏蔽先遣服,600394,res/ui/roleicons/435_alpha.ktx
头像alpha屏蔽先遣服,600395,res/ui/roleicons/436_alpha.ktx
头像alpha屏蔽先遣服,600396,res/ui/roleicons/437_alpha.ktx
头像alpha屏蔽先遣服,600397,res/ui/roleicons/438_alpha.ktx
头像alpha屏蔽先遣服,600398,res/ui/roleicons/439_alpha.ktx
头像alpha屏蔽先遣服,600399,res/ui/roleicons/440_alpha.ktx
头像alpha屏蔽先遣服,600400,res/ui/roleicons/441_alpha.ktx
头像alpha屏蔽先遣服,600401,res/ui/roleicons/442_alpha.ktx
头像alpha屏蔽先遣服,600402,res/ui/roleicons/443_alpha.ktx
头像alpha屏蔽先遣服,600403,res/ui/roleicons/444_alpha.ktx
头像alpha屏蔽先遣服,600404,res/ui/roleicons/445_alpha.ktx
头像alpha屏蔽先遣服,600405,res/ui/roleicons/446_alpha.ktx
头像alpha屏蔽先遣服,600406,res/ui/roleicons/447_alpha.ktx
头像alpha屏蔽先遣服,600407,res/ui/roleicons/448_alpha.ktx
头像alpha屏蔽先遣服,600408,res/ui/roleicons/449_alpha.ktx
头像alpha屏蔽先遣服,600409,res/ui/roleicons/450_alpha.ktx
头像alpha屏蔽先遣服,600410,res/ui/roleicons/451_alpha.ktx
头像alpha屏蔽先遣服,600411,res/ui/roleicons/452_alpha.ktx
头像alpha屏蔽先遣服,600412,res/ui/roleicons/453_alpha.ktx
头像alpha屏蔽先遣服,600413,res/ui/roleicons/454_alpha.ktx
头像alpha屏蔽先遣服,600414,res/ui/roleicons/455_alpha.ktx
头像alpha屏蔽先遣服,600415,res/ui/roleicons/456_alpha.ktx
头像alpha屏蔽先遣服,600416,res/ui/roleicons/457_alpha.ktx
头像alpha屏蔽先遣服,600417,res/ui/roleicons/458_alpha.ktx
头像alpha屏蔽先遣服,600418,res/ui/roleicons/459_alpha.ktx
头像alpha屏蔽先遣服,600419,res/ui/roleicons/460_alpha.ktx
头像alpha屏蔽先遣服,600420,res/ui/roleicons/461_alpha.ktx
头像alpha屏蔽先遣服,600421,res/ui/roleicons/462_alpha.ktx
头像alpha屏蔽先遣服,600422,res/ui/roleicons/463_alpha.ktx
头像alpha屏蔽先遣服,600423,res/ui/roleicons/464_alpha.ktx
头像alpha屏蔽先遣服,600424,res/ui/roleicons/465_alpha.ktx
头像alpha屏蔽先遣服,600425,res/ui/roleicons/466_alpha.ktx
头像alpha屏蔽先遣服,600426,res/ui/roleicons/467_alpha.ktx
头像alpha屏蔽先遣服,600427,res/ui/roleicons/468_alpha.ktx
头像alpha屏蔽先遣服,600428,res/ui/roleicons/469_alpha.ktx
头像alpha屏蔽先遣服,600429,res/ui/roleicons/470_alpha.ktx
头像alpha屏蔽先遣服,600430,res/ui/roleicons/471_alpha.ktx
头像alpha屏蔽先遣服,600431,res/ui/roleicons/472_alpha.ktx
头像alpha屏蔽先遣服,600432,res/ui/roleicons/473_alpha.ktx
头像alpha屏蔽先遣服,600433,res/ui/roleicons/474_alpha.ktx
头像alpha屏蔽先遣服,600434,res/ui/roleicons/475_alpha.ktx
头像alpha屏蔽先遣服,600435,res/ui/roleicons/476_alpha.ktx
头像alpha屏蔽先遣服,600436,res/ui/roleicons/477_alpha.ktx
头像alpha屏蔽先遣服,600437,res/ui/roleicons/478_alpha.ktx
头像alpha屏蔽先遣服,600438,res/ui/roleicons/479_alpha.ktx
头像alpha屏蔽先遣服,600439,res/ui/roleicons/480_alpha.ktx
头像alpha屏蔽先遣服,600440,res/ui/roleicons/481_alpha.ktx
头像alpha屏蔽先遣服,600441,res/ui/roleicons/482_alpha.ktx
头像alpha屏蔽先遣服,600442,res/ui/roleicons/483_alpha.ktx
头像alpha屏蔽先遣服,600443,res/ui/roleicons/484_alpha.ktx
头像alpha屏蔽先遣服,600444,res/ui/roleicons/485_alpha.ktx
头像alpha屏蔽先遣服,600445,res/ui/roleicons/486_alpha.ktx
头像alpha屏蔽先遣服,600446,res/ui/roleicons/487_alpha.ktx
头像alpha屏蔽先遣服,600447,res/ui/roleicons/488_alpha.ktx
头像alpha屏蔽先遣服,600448,res/ui/roleicons/489_alpha.ktx
头像alpha屏蔽先遣服,600449,res/ui/roleicons/490_alpha.ktx
头像alpha屏蔽先遣服,600450,res/ui/roleicons/491_alpha.ktx
头像alpha屏蔽先遣服,600451,res/ui/roleicons/492_alpha.ktx
头像alpha屏蔽先遣服,600452,res/ui/roleicons/493_alpha.ktx
头像alpha屏蔽先遣服,600453,res/ui/roleicons/494_alpha.ktx
头像alpha屏蔽先遣服,600454,res/ui/roleicons/495_alpha.ktx
头像alpha屏蔽先遣服,600455,res/ui/roleicons/496_alpha.ktx
头像alpha屏蔽先遣服,600456,res/ui/roleicons/497_alpha.ktx
头像alpha屏蔽先遣服,600457,res/ui/roleicons/498_alpha.ktx
头像alpha屏蔽先遣服,600458,res/ui/roleicons/499_alpha.ktx
头像alpha屏蔽先遣服,600459,res/ui/roleicons/500_alpha.ktx
头像alpha屏蔽先遣服,600460,res/ui/roleicons/501_alpha.ktx
头像alpha屏蔽先遣服,600461,res/ui/roleicons/502_alpha.ktx
头像alpha屏蔽先遣服,600462,res/ui/roleicons/503_alpha.ktx
头像alpha屏蔽先遣服,600463,res/ui/roleicons/504_alpha.ktx
头像alpha屏蔽先遣服,600464,res/ui/roleicons/505_alpha.ktx
头像alpha屏蔽先遣服,600465,res/ui/roleicons/506_alpha.ktx
头像alpha屏蔽先遣服,600466,res/ui/roleicons/507_alpha.ktx
头像alpha屏蔽先遣服,600467,res/ui/roleicons/508_alpha.ktx
头像alpha屏蔽先遣服,600468,res/ui/roleicons/509_alpha.ktx
头像alpha屏蔽先遣服,600469,res/ui/roleicons/510_alpha.ktx
头像alpha屏蔽先遣服,600470,res/ui/roleicons/511_alpha.ktx
头像alpha屏蔽先遣服,600471,res/ui/roleicons/512_alpha.ktx
头像alpha屏蔽先遣服,600472,res/ui/roleicons/513_alpha.ktx
头像alpha屏蔽先遣服,600473,res/ui/roleicons/514_alpha.ktx
头像alpha屏蔽先遣服,600474,res/ui/roleicons/515_alpha.ktx
头像alpha屏蔽先遣服,600475,res/ui/roleicons/516_alpha.ktx
头像alpha屏蔽先遣服,600476,res/ui/roleicons/517_alpha.ktx
头像alpha屏蔽先遣服,600477,res/ui/roleicons/518_alpha.ktx
头像alpha屏蔽先遣服,600478,res/ui/roleicons/519_alpha.ktx
头像alpha屏蔽先遣服,600479,res/ui/roleicons/520_alpha.ktx
头像alpha屏蔽先遣服,600480,res/ui/roleicons/521_alpha.ktx
头像alpha屏蔽先遣服,600481,res/ui/roleicons/522_alpha.ktx
头像alpha屏蔽先遣服,600482,res/ui/roleicons/523_alpha.ktx
头像alpha屏蔽先遣服,600483,res/ui/roleicons/524_alpha.ktx
头像alpha屏蔽先遣服,600484,res/ui/roleicons/525_alpha.ktx
头像alpha屏蔽先遣服,600485,res/ui/roleicons/526_alpha.ktx
头像alpha屏蔽先遣服,600486,res/ui/roleicons/527_alpha.ktx
头像alpha屏蔽先遣服,600487,res/ui/roleicons/528_alpha.ktx
头像alpha屏蔽先遣服,600488,res/ui/roleicons/529_alpha.ktx
头像alpha屏蔽先遣服,600489,res/ui/roleicons/530_alpha.ktx
头像alpha屏蔽先遣服,600490,res/ui/roleicons/531_alpha.ktx
头像alpha屏蔽先遣服,600491,res/ui/roleicons/532_alpha.ktx
头像alpha屏蔽先遣服,600492,res/ui/roleicons/533_alpha.ktx
头像alpha屏蔽先遣服,600493,res/ui/roleicons/534_alpha.ktx
头像alpha屏蔽先遣服,600494,res/ui/roleicons/535_alpha.ktx
头像alpha屏蔽先遣服,600495,res/ui/roleicons/536_alpha.ktx
头像alpha屏蔽先遣服,600496,res/ui/roleicons/537_alpha.ktx
头像alpha屏蔽先遣服,600497,res/ui/roleicons/538_alpha.ktx
头像alpha屏蔽先遣服,600498,res/ui/roleicons/539_alpha.ktx
头像alpha屏蔽先遣服,600499,res/ui/roleicons/540_alpha.ktx
头像alpha屏蔽先遣服,600500,res/ui/roleicons/541_alpha.ktx
头像alpha屏蔽先遣服,600501,res/ui/roleicons/542_alpha.ktx
头像alpha屏蔽先遣服,600502,res/ui/roleicons/543_alpha.ktx
头像alpha屏蔽先遣服,600503,res/ui/roleicons/544_alpha.ktx
头像alpha屏蔽先遣服,600504,res/ui/roleicons/545_alpha.ktx
头像alpha屏蔽先遣服,600505,res/ui/roleicons/546_alpha.ktx
头像alpha屏蔽先遣服,600506,res/ui/roleicons/547_alpha.ktx
头像alpha屏蔽先遣服,600507,res/ui/roleicons/548_alpha.ktx
头像alpha屏蔽先遣服,600508,res/ui/roleicons/549_alpha.ktx
头像alpha屏蔽先遣服,600509,res/ui/roleicons/550_alpha.ktx
头像alpha屏蔽先遣服,600510,res/ui/roleicons/551_alpha.ktx
头像alpha屏蔽先遣服,600511,res/ui/roleicons/552_alpha.ktx
头像alpha屏蔽先遣服,600512,res/ui/roleicons/553_alpha.ktx
头像alpha屏蔽先遣服,600513,res/ui/roleicons/554_alpha.ktx
头像alpha屏蔽先遣服,600514,res/ui/roleicons/555_alpha.ktx
头像alpha屏蔽先遣服,600515,res/ui/roleicons/556_alpha.ktx
头像alpha屏蔽先遣服,600516,res/ui/roleicons/557_alpha.ktx
头像alpha屏蔽先遣服,600517,res/ui/roleicons/558_alpha.ktx
头像alpha屏蔽先遣服,600518,res/ui/roleicons/559_alpha.ktx
头像alpha屏蔽先遣服,600519,res/ui/roleicons/560_alpha.ktx
头像alpha屏蔽先遣服,600520,res/ui/roleicons/561_alpha.ktx
头像alpha屏蔽先遣服,600521,res/ui/roleicons/562_alpha.ktx
头像alpha屏蔽先遣服,600522,res/ui/roleicons/563_alpha.ktx
头像alpha屏蔽先遣服,600523,res/ui/roleicons/564_alpha.ktx
头像alpha屏蔽先遣服,600524,res/ui/roleicons/565_alpha.ktx
头像alpha屏蔽先遣服,600525,res/ui/roleicons/566_alpha.ktx
头像alpha屏蔽先遣服,600526,res/ui/roleicons/567_alpha.ktx
头像alpha屏蔽先遣服,600527,res/ui/roleicons/568_alpha.ktx
头像alpha屏蔽先遣服,600528,res/ui/roleicons/569_alpha.ktx
头像alpha屏蔽先遣服,600529,res/ui/roleicons/570_alpha.ktx
头像alpha屏蔽先遣服,600530,res/ui/roleicons/571_alpha.ktx
头像alpha屏蔽先遣服,600531,res/ui/roleicons/572_alpha.ktx
头像alpha屏蔽先遣服,600532,res/ui/roleicons/573_alpha.ktx
头像alpha屏蔽先遣服,600533,res/ui/roleicons/574_alpha.ktx
头像alpha屏蔽先遣服,600534,res/ui/roleicons/575_alpha.ktx
头像alpha屏蔽先遣服,600535,res/ui/roleicons/576_alpha.ktx
头像alpha屏蔽先遣服,600536,res/ui/roleicons/577_alpha.ktx
头像alpha屏蔽先遣服,600537,res/ui/roleicons/578_alpha.ktx
头像alpha屏蔽先遣服,600538,res/ui/roleicons/579_alpha.ktx
头像alpha屏蔽先遣服,600539,res/ui/roleicons/580_alpha.ktx
头像alpha屏蔽先遣服,600540,res/ui/roleicons/581_alpha.ktx
头像alpha屏蔽先遣服,600541,res/ui/roleicons/582_alpha.ktx
头像alpha屏蔽先遣服,600542,res/ui/roleicons/583_alpha.ktx
头像alpha屏蔽先遣服,600543,res/ui/roleicons/584_alpha.ktx
头像alpha屏蔽先遣服,600544,res/ui/roleicons/585_alpha.ktx
头像alpha屏蔽先遣服,600545,res/ui/roleicons/586_alpha.ktx
头像alpha屏蔽先遣服,600546,res/ui/roleicons/587_alpha.ktx
头像alpha屏蔽先遣服,600547,res/ui/roleicons/588_alpha.ktx
头像alpha屏蔽先遣服,600548,res/ui/roleicons/589_alpha.ktx
头像alpha屏蔽先遣服,600549,res/ui/roleicons/590_alpha.ktx
头像alpha屏蔽先遣服,600550,res/ui/roleicons/591_alpha.ktx
头像alpha屏蔽先遣服,600551,res/ui/roleicons/592_alpha.ktx
头像alpha屏蔽先遣服,600552,res/ui/roleicons/593_alpha.ktx
头像alpha屏蔽先遣服,600553,res/ui/roleicons/594_alpha.ktx
头像alpha屏蔽先遣服,600554,res/ui/roleicons/595_alpha.ktx
头像alpha屏蔽先遣服,600555,res/ui/roleicons/596_alpha.ktx
头像alpha屏蔽先遣服,600556,res/ui/roleicons/597_alpha.ktx
头像alpha屏蔽先遣服,600557,res/ui/roleicons/598_alpha.ktx
头像alpha屏蔽先遣服,600558,res/ui/roleicons/599_alpha.ktx
头像alpha屏蔽先遣服,600559,res/ui/roleicons/600_alpha.ktx
头像alpha屏蔽先遣服,600560,res/ui/roleicons/601_alpha.ktx
头像alpha屏蔽先遣服,600561,res/ui/roleicons/602_alpha.ktx
头像alpha屏蔽先遣服,600562,res/ui/roleicons/603_alpha.ktx
头像alpha屏蔽先遣服,600563,res/ui/roleicons/604_alpha.ktx
头像alpha屏蔽先遣服,600564,res/ui/roleicons/605_alpha.ktx
头像alpha屏蔽先遣服,600565,res/ui/roleicons/606_alpha.ktx
头像alpha屏蔽先遣服,600566,res/ui/roleicons/607_alpha.ktx
头像alpha屏蔽先遣服,600567,res/ui/roleicons/608_alpha.ktx
头像alpha屏蔽先遣服,600568,res/ui/roleicons/609_alpha.ktx
头像alpha屏蔽先遣服,600569,res/ui/roleicons/610_alpha.ktx
头像alpha屏蔽先遣服,600570,res/ui/roleicons/611_alpha.ktx
头像alpha屏蔽先遣服,600571,res/ui/roleicons/612_alpha.ktx
头像alpha屏蔽先遣服,600572,res/ui/roleicons/613_alpha.ktx
头像alpha屏蔽先遣服,600573,res/ui/roleicons/614_alpha.ktx
头像alpha屏蔽先遣服,600574,res/ui/roleicons/615_alpha.ktx
头像alpha屏蔽先遣服,600575,res/ui/roleicons/616_alpha.ktx
头像alpha屏蔽先遣服,600576,res/ui/roleicons/617_alpha.ktx
头像alpha屏蔽先遣服,600577,res/ui/roleicons/618_alpha.ktx
头像alpha屏蔽先遣服,600578,res/ui/roleicons/619_alpha.ktx
头像alpha屏蔽先遣服,600579,res/ui/roleicons/620_alpha.ktx
头像alpha屏蔽先遣服,600580,res/ui/roleicons/621_alpha.ktx
头像alpha屏蔽先遣服,600581,res/ui/roleicons/622_alpha.ktx
头像alpha屏蔽先遣服,600582,res/ui/roleicons/623_alpha.ktx
头像alpha屏蔽先遣服,600583,res/ui/roleicons/624_alpha.ktx
头像alpha屏蔽先遣服,600584,res/ui/roleicons/625_alpha.ktx
头像alpha屏蔽先遣服,600585,res/ui/roleicons/626_alpha.ktx
头像alpha屏蔽先遣服,600586,res/ui/roleicons/627_alpha.ktx
头像alpha屏蔽先遣服,600587,res/ui/roleicons/628_alpha.ktx
头像alpha屏蔽先遣服,600588,res/ui/roleicons/629_alpha.ktx
头像alpha屏蔽先遣服,600589,res/ui/roleicons/630_alpha.ktx
头像alpha屏蔽先遣服,600590,res/ui/roleicons/631_alpha.ktx
头像alpha屏蔽先遣服,600591,res/ui/roleicons/632_alpha.ktx
头像alpha屏蔽先遣服,600592,res/ui/roleicons/633_alpha.ktx
头像alpha屏蔽先遣服,600593,res/ui/roleicons/634_alpha.ktx
头像alpha屏蔽先遣服,600594,res/ui/roleicons/635_alpha.ktx
头像alpha屏蔽先遣服,600595,res/ui/roleicons/636_alpha.ktx
头像alpha屏蔽先遣服,600596,res/ui/roleicons/637_alpha.ktx
头像alpha屏蔽先遣服,600597,res/ui/roleicons/638_alpha.ktx
头像alpha屏蔽先遣服,600598,res/ui/roleicons/639_alpha.ktx
头像alpha屏蔽先遣服,600599,res/ui/roleicons/640_alpha.ktx
头像alpha屏蔽先遣服,600600,res/ui/roleicons/641_alpha.ktx
头像alpha屏蔽先遣服,600601,res/ui/roleicons/642_alpha.ktx
头像alpha屏蔽先遣服,600602,res/ui/roleicons/643_alpha.ktx
头像alpha屏蔽先遣服,600603,res/ui/roleicons/644_alpha.ktx
头像alpha屏蔽先遣服,600604,res/ui/roleicons/645_alpha.ktx
头像alpha屏蔽先遣服,600605,res/ui/roleicons/646_alpha.ktx
头像alpha屏蔽先遣服,600606,res/ui/roleicons/647_alpha.ktx
头像alpha屏蔽先遣服,600607,res/ui/roleicons/648_alpha.ktx
头像alpha屏蔽先遣服,600608,res/ui/roleicons/649_alpha.ktx
头像alpha屏蔽先遣服,600609,res/ui/roleicons/650_alpha.ktx
头像alpha屏蔽先遣服,600610,res/ui/roleicons/651_alpha.ktx
头像alpha屏蔽先遣服,600611,res/ui/roleicons/652_alpha.ktx
头像alpha屏蔽先遣服,600612,res/ui/roleicons/653_alpha.ktx
头像alpha屏蔽先遣服,600613,res/ui/roleicons/654_alpha.ktx
头像alpha屏蔽先遣服,600614,res/ui/roleicons/655_alpha.ktx
头像alpha屏蔽先遣服,600615,res/ui/roleicons/656_alpha.ktx
头像alpha屏蔽先遣服,600616,res/ui/roleicons/657_alpha.ktx
头像alpha屏蔽先遣服,600617,res/ui/roleicons/658_alpha.ktx
头像alpha屏蔽先遣服,600618,res/ui/roleicons/659_alpha.ktx
头像alpha屏蔽先遣服,600619,res/ui/roleicons/660_alpha.ktx
头像alpha屏蔽先遣服,600620,res/ui/roleicons/661_alpha.ktx
头像alpha屏蔽先遣服,600621,res/ui/roleicons/662_alpha.ktx
头像alpha屏蔽先遣服,600622,res/ui/roleicons/663_alpha.ktx
头像alpha屏蔽先遣服,600623,res/ui/roleicons/664_alpha.ktx
头像alpha屏蔽先遣服,600624,res/ui/roleicons/665_alpha.ktx
头像alpha屏蔽先遣服,600625,res/ui/roleicons/666_alpha.ktx
头像alpha屏蔽先遣服,600626,res/ui/roleicons/667_alpha.ktx
头像alpha屏蔽先遣服,600627,res/ui/roleicons/668_alpha.ktx
头像alpha屏蔽先遣服,600628,res/ui/roleicons/669_alpha.ktx
头像alpha屏蔽先遣服,600629,res/ui/roleicons/670_alpha.ktx
头像alpha屏蔽先遣服,600630,res/ui/roleicons/671_alpha.ktx
头像alpha屏蔽先遣服,600631,res/ui/roleicons/672_alpha.ktx
头像alpha屏蔽先遣服,600632,res/ui/roleicons/673_alpha.ktx
头像alpha屏蔽先遣服,600633,res/ui/roleicons/674_alpha.ktx
头像alpha屏蔽先遣服,600634,res/ui/roleicons/675_alpha.ktx
头像alpha屏蔽先遣服,600635,res/ui/roleicons/676_alpha.ktx
头像alpha屏蔽先遣服,600636,res/ui/roleicons/677_alpha.ktx
头像alpha屏蔽先遣服,600637,res/ui/roleicons/678_alpha.ktx
头像alpha屏蔽先遣服,600638,res/ui/roleicons/679_alpha.ktx
头像alpha屏蔽先遣服,600639,res/ui/roleicons/680_alpha.ktx
头像alpha屏蔽先遣服,600640,res/ui/roleicons/681_alpha.ktx
头像alpha屏蔽先遣服,600641,res/ui/roleicons/682_alpha.ktx
头像alpha屏蔽先遣服,600642,res/ui/roleicons/683_alpha.ktx
头像alpha屏蔽先遣服,600643,res/ui/roleicons/684_alpha.ktx
头像alpha屏蔽先遣服,600644,res/ui/roleicons/685_alpha.ktx
头像alpha屏蔽先遣服,600645,res/ui/roleicons/686_alpha.ktx
头像alpha屏蔽先遣服,600646,res/ui/roleicons/687_alpha.ktx
头像alpha屏蔽先遣服,600647,res/ui/roleicons/688_alpha.ktx
头像alpha屏蔽先遣服,600648,res/ui/roleicons/689_alpha.ktx
头像alpha屏蔽先遣服,600649,res/ui/roleicons/690_alpha.ktx
头像alpha屏蔽先遣服,600650,res/ui/roleicons/691_alpha.ktx
头像alpha屏蔽先遣服,600651,res/ui/roleicons/692_alpha.ktx
头像alpha屏蔽先遣服,600652,res/ui/roleicons/693_alpha.ktx
头像alpha屏蔽先遣服,600653,res/ui/roleicons/694_alpha.ktx
头像alpha屏蔽先遣服,600654,res/ui/roleicons/695_alpha.ktx
头像alpha屏蔽先遣服,600655,res/ui/roleicons/696_alpha.ktx
头像alpha屏蔽先遣服,600656,res/ui/roleicons/697_alpha.ktx
头像alpha屏蔽先遣服,600657,res/ui/roleicons/698_alpha.ktx
头像alpha屏蔽先遣服,600658,res/ui/roleicons/699_alpha.ktx
头像alpha屏蔽先遣服,600659,res/ui/roleicons/700_alpha.ktx
头像alpha屏蔽先遣服,600660,res/ui/roleicons/701_alpha.ktx
头像alpha屏蔽先遣服,600661,res/ui/roleicons/702_alpha.ktx
头像alpha屏蔽先遣服,600662,res/ui/roleicons/703_alpha.ktx
头像alpha屏蔽先遣服,600663,res/ui/roleicons/704_alpha.ktx
头像alpha屏蔽先遣服,600664,res/ui/roleicons/705_alpha.ktx
头像alpha屏蔽先遣服,600665,res/ui/roleicons/706_alpha.ktx
头像alpha屏蔽先遣服,600666,res/ui/roleicons/707_alpha.ktx
头像alpha屏蔽先遣服,600667,res/ui/roleicons/708_alpha.ktx
头像alpha屏蔽先遣服,600668,res/ui/roleicons/709_alpha.ktx
头像alpha屏蔽先遣服,600669,res/ui/roleicons/710_alpha.ktx
头像alpha屏蔽先遣服,600670,res/ui/roleicons/711_alpha.ktx
头像alpha屏蔽先遣服,600671,res/ui/roleicons/712_alpha.ktx
头像alpha屏蔽先遣服,600672,res/ui/roleicons/713_alpha.ktx
头像alpha屏蔽先遣服,600673,res/ui/roleicons/714_alpha.ktx
头像alpha屏蔽先遣服,600674,res/ui/roleicons/715_alpha.ktx
头像alpha屏蔽先遣服,600675,res/ui/roleicons/716_alpha.ktx
头像alpha屏蔽先遣服,600676,res/ui/roleicons/717_alpha.ktx
头像alpha屏蔽先遣服,600677,res/ui/roleicons/718_alpha.ktx
头像alpha屏蔽先遣服,600678,res/ui/roleicons/719_alpha.ktx
头像alpha屏蔽先遣服,600679,res/ui/roleicons/720_alpha.ktx
头像alpha屏蔽先遣服,600680,res/ui/roleicons/721_alpha.ktx
头像alpha屏蔽先遣服,600681,res/ui/roleicons/722_alpha.ktx
头像alpha屏蔽先遣服,600682,res/ui/roleicons/723_alpha.ktx
头像alpha屏蔽先遣服,600683,res/ui/roleicons/724_alpha.ktx
头像alpha屏蔽先遣服,600684,res/ui/roleicons/725_alpha.ktx
头像alpha屏蔽先遣服,600685,res/ui/roleicons/726_alpha.ktx
头像alpha屏蔽先遣服,600686,res/ui/roleicons/727_alpha.ktx
头像alpha屏蔽先遣服,600687,res/ui/roleicons/728_alpha.ktx
头像alpha屏蔽先遣服,600688,res/ui/roleicons/729_alpha.ktx
头像alpha屏蔽先遣服,600689,res/ui/roleicons/730_alpha.ktx
头像alpha屏蔽先遣服,600690,res/ui/roleicons/731_alpha.ktx
头像alpha屏蔽先遣服,600691,res/ui/roleicons/732_alpha.ktx
头像alpha屏蔽先遣服,600692,res/ui/roleicons/733_alpha.ktx
头像alpha屏蔽先遣服,600693,res/ui/roleicons/734_alpha.ktx
头像alpha屏蔽先遣服,600694,res/ui/roleicons/735_alpha.ktx
头像alpha屏蔽先遣服,600695,res/ui/roleicons/736_alpha.ktx
头像alpha屏蔽先遣服,600696,res/ui/roleicons/737_alpha.ktx
头像alpha屏蔽先遣服,600697,res/ui/roleicons/738_alpha.ktx
头像alpha屏蔽先遣服,600698,res/ui/roleicons/739_alpha.ktx
头像alpha屏蔽先遣服,600699,res/ui/roleicons/740_alpha.ktx
头像alpha屏蔽先遣服,600700,res/ui/roleicons/741_alpha.ktx
头像alpha屏蔽先遣服,600701,res/ui/roleicons/742_alpha.ktx
头像alpha屏蔽先遣服,600702,res/ui/roleicons/743_alpha.ktx
头像alpha屏蔽先遣服,600703,res/ui/roleicons/744_alpha.ktx
头像alpha屏蔽先遣服,600704,res/ui/roleicons/745_alpha.ktx
头像alpha屏蔽先遣服,600705,res/ui/roleicons/746_alpha.ktx
头像alpha屏蔽先遣服,600706,res/ui/roleicons/747_alpha.ktx
头像alpha屏蔽先遣服,600707,res/ui/roleicons/748_alpha.ktx
头像alpha屏蔽先遣服,600708,res/ui/roleicons/749_alpha.ktx
头像alpha屏蔽先遣服,600709,res/ui/roleicons/750_alpha.ktx
头像alpha屏蔽先遣服,600710,res/ui/roleicons/751_alpha.ktx
头像alpha屏蔽先遣服,600711,res/ui/roleicons/752_alpha.ktx
头像alpha屏蔽先遣服,600712,res/ui/roleicons/753_alpha.ktx
头像alpha屏蔽先遣服,600713,res/ui/roleicons/754_alpha.ktx
头像alpha屏蔽先遣服,600714,res/ui/roleicons/755_alpha.ktx
头像alpha屏蔽先遣服,600715,res/ui/roleicons/756_alpha.ktx
头像alpha屏蔽先遣服,600716,res/ui/roleicons/757_alpha.ktx
头像alpha屏蔽先遣服,600717,res/ui/roleicons/758_alpha.ktx
头像alpha屏蔽先遣服,600718,res/ui/roleicons/759_alpha.ktx
头像alpha屏蔽先遣服,600719,res/ui/roleicons/760_alpha.ktx
头像alpha屏蔽先遣服,600720,res/ui/roleicons/761_alpha.ktx
头像alpha屏蔽先遣服,600721,res/ui/roleicons/762_alpha.ktx
头像alpha屏蔽先遣服,600722,res/ui/roleicons/763_alpha.ktx
头像alpha屏蔽先遣服,600723,res/ui/roleicons/764_alpha.ktx
头像alpha屏蔽先遣服,600724,res/ui/roleicons/765_alpha.ktx
头像alpha屏蔽先遣服,600725,res/ui/roleicons/766_alpha.ktx
头像alpha屏蔽先遣服,600726,res/ui/roleicons/767_alpha.ktx
头像alpha屏蔽先遣服,600727,res/ui/roleicons/768_alpha.ktx
头像alpha屏蔽先遣服,600728,res/ui/roleicons/769_alpha.ktx
头像alpha屏蔽先遣服,600729,res/ui/roleicons/770_alpha.ktx
头像alpha屏蔽先遣服,600730,res/ui/roleicons/771_alpha.ktx
头像alpha屏蔽先遣服,600731,res/ui/roleicons/772_alpha.ktx
头像alpha屏蔽先遣服,600732,res/ui/roleicons/773_alpha.ktx
头像alpha屏蔽先遣服,600733,res/ui/roleicons/774_alpha.ktx
头像alpha屏蔽先遣服,600734,res/ui/roleicons/775_alpha.ktx
头像alpha屏蔽先遣服,600735,res/ui/roleicons/776_alpha.ktx
头像alpha屏蔽先遣服,600736,res/ui/roleicons/777_alpha.ktx
头像alpha屏蔽先遣服,600737,res/ui/roleicons/778_alpha.ktx
头像alpha屏蔽先遣服,600738,res/ui/roleicons/779_alpha.ktx
头像alpha屏蔽先遣服,600739,res/ui/roleicons/780_alpha.ktx
头像alpha屏蔽先遣服,600740,res/ui/roleicons/781_alpha.ktx
头像alpha屏蔽先遣服,600741,res/ui/roleicons/782_alpha.ktx
头像alpha屏蔽先遣服,600742,res/ui/roleicons/783_alpha.ktx
头像alpha屏蔽先遣服,600743,res/ui/roleicons/784_alpha.ktx
头像alpha屏蔽先遣服,600744,res/ui/roleicons/785_alpha.ktx
头像alpha屏蔽先遣服,600745,res/ui/roleicons/786_alpha.ktx
头像alpha屏蔽先遣服,600746,res/ui/roleicons/787_alpha.ktx
头像alpha屏蔽先遣服,600747,res/ui/roleicons/788_alpha.ktx
头像alpha屏蔽先遣服,600748,res/ui/roleicons/789_alpha.ktx
头像alpha屏蔽先遣服,600749,res/ui/roleicons/790_alpha.ktx
头像alpha屏蔽先遣服,600750,res/ui/roleicons/791_alpha.ktx
头像alpha屏蔽先遣服,600751,res/ui/roleicons/792_alpha.ktx
头像alpha屏蔽先遣服,600752,res/ui/roleicons/793_alpha.ktx
头像alpha屏蔽先遣服,600753,res/ui/roleicons/794_alpha.ktx
头像alpha屏蔽先遣服,600754,res/ui/roleicons/795_alpha.ktx
头像alpha屏蔽先遣服,600755,res/ui/roleicons/796_alpha.ktx
头像alpha屏蔽先遣服,600756,res/ui/roleicons/797_alpha.ktx
头像alpha屏蔽先遣服,600757,res/ui/roleicons/798_alpha.ktx
头像alpha屏蔽先遣服,600758,res/ui/roleicons/799_alpha.ktx
头像alpha屏蔽先遣服,600759,res/ui/roleicons/800_alpha.ktx
头像alpha屏蔽先遣服,600760,res/ui/roleicons/801_alpha.ktx
头像alpha屏蔽先遣服,600761,res/ui/roleicons/802_alpha.ktx
头像alpha屏蔽先遣服,600762,res/ui/roleicons/803_alpha.ktx
头像alpha屏蔽先遣服,600763,res/ui/roleicons/804_alpha.ktx
头像alpha屏蔽先遣服,600764,res/ui/roleicons/805_alpha.ktx
头像alpha屏蔽先遣服,600765,res/ui/roleicons/806_alpha.ktx
头像alpha屏蔽先遣服,600766,res/ui/roleicons/807_alpha.ktx
头像alpha屏蔽先遣服,600767,res/ui/roleicons/808_alpha.ktx
头像alpha屏蔽先遣服,600768,res/ui/roleicons/809_alpha.ktx
头像alpha屏蔽先遣服,600769,res/ui/roleicons/810_alpha.ktx
头像alpha屏蔽先遣服,600770,res/ui/roleicons/811_alpha.ktx
头像alpha屏蔽先遣服,600771,res/ui/roleicons/812_alpha.ktx
头像alpha屏蔽先遣服,600772,res/ui/roleicons/813_alpha.ktx
头像alpha屏蔽先遣服,600773,res/ui/roleicons/814_alpha.ktx
头像alpha屏蔽先遣服,600774,res/ui/roleicons/815_alpha.ktx
头像alpha屏蔽先遣服,600775,res/ui/roleicons/816_alpha.ktx
头像alpha屏蔽先遣服,600776,res/ui/roleicons/817_alpha.ktx
头像alpha屏蔽先遣服,600777,res/ui/roleicons/818_alpha.ktx
头像alpha屏蔽先遣服,600778,res/ui/roleicons/819_alpha.ktx
头像alpha屏蔽先遣服,600779,res/ui/roleicons/820_alpha.ktx
头像alpha屏蔽先遣服,600780,res/ui/roleicons/821_alpha.ktx
头像alpha屏蔽先遣服,600781,res/ui/roleicons/822_alpha.ktx
头像alpha屏蔽先遣服,600782,res/ui/roleicons/823_alpha.ktx
头像alpha屏蔽先遣服,600783,res/ui/roleicons/824_alpha.ktx
头像alpha屏蔽先遣服,600784,res/ui/roleicons/825_alpha.ktx
头像alpha屏蔽先遣服,600785,res/ui/roleicons/826_alpha.ktx
头像alpha屏蔽先遣服,600786,res/ui/roleicons/827_alpha.ktx
头像alpha屏蔽先遣服,600787,res/ui/roleicons/828_alpha.ktx
头像alpha屏蔽先遣服,600788,res/ui/roleicons/829_alpha.ktx
头像alpha屏蔽先遣服,600789,res/ui/roleicons/830_alpha.ktx
头像alpha屏蔽先遣服,600790,res/ui/roleicons/831_alpha.ktx
头像alpha屏蔽先遣服,600791,res/ui/roleicons/832_alpha.ktx
头像alpha屏蔽先遣服,600792,res/ui/roleicons/833_alpha.ktx
头像alpha屏蔽先遣服,600793,res/ui/roleicons/834_alpha.ktx
头像alpha屏蔽先遣服,600794,res/ui/roleicons/835_alpha.ktx
头像alpha屏蔽先遣服,600795,res/ui/roleicons/836_alpha.ktx
头像alpha屏蔽先遣服,600796,res/ui/roleicons/837_alpha.ktx
头像alpha屏蔽先遣服,600797,res/ui/roleicons/838_alpha.ktx
头像alpha屏蔽先遣服,600798,res/ui/roleicons/839_alpha.ktx
头像alpha屏蔽先遣服,600799,res/ui/roleicons/840_alpha.ktx
头像alpha屏蔽先遣服,600800,res/ui/roleicons/841_alpha.ktx
头像alpha屏蔽先遣服,600801,res/ui/roleicons/842_alpha.ktx
头像alpha屏蔽先遣服,600802,res/ui/roleicons/843_alpha.ktx
头像alpha屏蔽先遣服,600803,res/ui/roleicons/844_alpha.ktx
头像alpha屏蔽先遣服,600804,res/ui/roleicons/845_alpha.ktx
头像alpha屏蔽先遣服,600805,res/ui/roleicons/846_alpha.ktx
头像alpha屏蔽先遣服,600806,res/ui/roleicons/847_alpha.ktx
头像alpha屏蔽先遣服,600807,res/ui/roleicons/848_alpha.ktx
头像alpha屏蔽先遣服,600808,res/ui/roleicons/849_alpha.ktx
头像alpha屏蔽先遣服,600809,res/ui/roleicons/850_alpha.ktx
头像alpha屏蔽先遣服,600810,res/ui/roleicons/851_alpha.ktx
头像alpha屏蔽先遣服,600811,res/ui/roleicons/852_alpha.ktx
头像alpha屏蔽先遣服,600812,res/ui/roleicons/853_alpha.ktx
头像alpha屏蔽先遣服,600813,res/ui/roleicons/854_alpha.ktx
头像alpha屏蔽先遣服,600814,res/ui/roleicons/855_alpha.ktx
头像alpha屏蔽先遣服,600815,res/ui/roleicons/856_alpha.ktx
头像alpha屏蔽先遣服,600816,res/ui/roleicons/857_alpha.ktx
头像alpha屏蔽先遣服,600817,res/ui/roleicons/858_alpha.ktx
头像alpha屏蔽先遣服,600818,res/ui/roleicons/859_alpha.ktx
头像alpha屏蔽先遣服,600819,res/ui/roleicons/860_alpha.ktx
头像alpha屏蔽先遣服,600820,res/ui/roleicons/861_alpha.ktx
头像alpha屏蔽先遣服,600821,res/ui/roleicons/862_alpha.ktx
头像alpha屏蔽先遣服,600822,res/ui/roleicons/863_alpha.ktx
头像alpha屏蔽先遣服,600823,res/ui/roleicons/864_alpha.ktx
头像alpha屏蔽先遣服,600824,res/ui/roleicons/865_alpha.ktx
头像alpha屏蔽先遣服,600825,res/ui/roleicons/866_alpha.ktx
头像alpha屏蔽先遣服,600826,res/ui/roleicons/867_alpha.ktx
头像alpha屏蔽先遣服,600827,res/ui/roleicons/868_alpha.ktx
头像alpha屏蔽先遣服,600828,res/ui/roleicons/869_alpha.ktx
头像alpha屏蔽先遣服,600829,res/ui/roleicons/870_alpha.ktx
头像alpha屏蔽先遣服,600830,res/ui/roleicons/871_alpha.ktx
头像alpha屏蔽先遣服,600831,res/ui/roleicons/872_alpha.ktx
头像alpha屏蔽先遣服,600832,res/ui/roleicons/873_alpha.ktx
头像alpha屏蔽先遣服,600833,res/ui/roleicons/874_alpha.ktx
头像alpha屏蔽先遣服,600834,res/ui/roleicons/875_alpha.ktx
头像alpha屏蔽先遣服,600835,res/ui/roleicons/876_alpha.ktx
头像alpha屏蔽先遣服,600836,res/ui/roleicons/877_alpha.ktx
头像alpha屏蔽先遣服,600837,res/ui/roleicons/878_alpha.ktx
头像alpha屏蔽先遣服,600838,res/ui/roleicons/879_alpha.ktx
头像alpha屏蔽先遣服,600839,res/ui/roleicons/880_alpha.ktx
头像alpha屏蔽先遣服,600840,res/ui/roleicons/881_alpha.ktx
头像alpha屏蔽先遣服,600841,res/ui/roleicons/882_alpha.ktx
头像alpha屏蔽先遣服,600842,res/ui/roleicons/883_alpha.ktx
头像alpha屏蔽先遣服,600843,res/ui/roleicons/884_alpha.ktx
头像alpha屏蔽先遣服,600844,res/ui/roleicons/885_alpha.ktx
头像alpha屏蔽先遣服,600845,res/ui/roleicons/886_alpha.ktx
头像alpha屏蔽先遣服,600846,res/ui/roleicons/887_alpha.ktx
头像alpha屏蔽先遣服,600847,res/ui/roleicons/888_alpha.ktx
头像alpha屏蔽先遣服,600848,res/ui/roleicons/889_alpha.ktx
头像alpha屏蔽先遣服,600849,res/ui/roleicons/890_alpha.ktx
头像alpha屏蔽先遣服,600850,res/ui/roleicons/891_alpha.ktx
头像alpha屏蔽先遣服,600851,res/ui/roleicons/892_alpha.ktx
头像alpha屏蔽先遣服,600852,res/ui/roleicons/893_alpha.ktx
头像alpha屏蔽先遣服,600853,res/ui/roleicons/894_alpha.ktx
头像alpha屏蔽先遣服,600854,res/ui/roleicons/895_alpha.ktx
头像alpha屏蔽先遣服,600855,res/ui/roleicons/896_alpha.ktx
头像alpha屏蔽先遣服,600856,res/ui/roleicons/897_alpha.ktx
头像alpha屏蔽先遣服,600857,res/ui/roleicons/898_alpha.ktx
头像alpha屏蔽先遣服,600858,res/ui/roleicons/899_alpha.ktx
头像alpha屏蔽先遣服,600859,res/ui/roleicons/900_alpha.ktx
头像alpha屏蔽先遣服,600860,res/ui/roleicons/901_alpha.ktx
头像alpha屏蔽先遣服,600861,res/ui/roleicons/902_alpha.ktx
头像alpha屏蔽先遣服,600862,res/ui/roleicons/903_alpha.ktx
头像alpha屏蔽先遣服,600863,res/ui/roleicons/904_alpha.ktx
头像alpha屏蔽先遣服,600864,res/ui/roleicons/905_alpha.ktx
头像alpha屏蔽先遣服,600865,res/ui/roleicons/906_alpha.ktx
头像alpha屏蔽先遣服,600866,res/ui/roleicons/907_alpha.ktx
头像alpha屏蔽先遣服,600867,res/ui/roleicons/908_alpha.ktx
头像alpha屏蔽先遣服,600868,res/ui/roleicons/909_alpha.ktx
头像alpha屏蔽先遣服,600869,res/ui/roleicons/910_alpha.ktx
头像alpha屏蔽先遣服,600870,res/ui/roleicons/911_alpha.ktx
头像alpha屏蔽先遣服,600871,res/ui/roleicons/912_alpha.ktx
头像alpha屏蔽先遣服,600872,res/ui/roleicons/913_alpha.ktx
头像alpha屏蔽先遣服,600873,res/ui/roleicons/914_alpha.ktx
头像alpha屏蔽先遣服,600874,res/ui/roleicons/915_alpha.ktx
头像alpha屏蔽先遣服,600875,res/ui/roleicons/916_alpha.ktx
头像alpha屏蔽先遣服,600876,res/ui/roleicons/917_alpha.ktx
头像alpha屏蔽先遣服,600877,res/ui/roleicons/918_alpha.ktx
头像alpha屏蔽先遣服,600878,res/ui/roleicons/919_alpha.ktx
头像alpha屏蔽先遣服,600879,res/ui/roleicons/920_alpha.ktx
头像alpha屏蔽先遣服,600880,res/ui/roleicons/921_alpha.ktx
头像alpha屏蔽先遣服,600881,res/ui/roleicons/922_alpha.ktx
头像alpha屏蔽先遣服,600882,res/ui/roleicons/923_alpha.ktx
头像alpha屏蔽先遣服,600883,res/ui/roleicons/924_alpha.ktx
头像alpha屏蔽先遣服,600884,res/ui/roleicons/925_alpha.ktx
头像alpha屏蔽先遣服,600885,res/ui/roleicons/926_alpha.ktx
头像alpha屏蔽先遣服,600886,res/ui/roleicons/927_alpha.ktx
头像alpha屏蔽先遣服,600887,res/ui/roleicons/928_alpha.ktx
头像alpha屏蔽先遣服,600888,res/ui/roleicons/929_alpha.ktx
头像alpha屏蔽先遣服,600889,res/ui/roleicons/930_alpha.ktx
头像alpha屏蔽先遣服,600890,res/ui/roleicons/931_alpha.ktx
头像alpha屏蔽先遣服,600891,res/ui/roleicons/932_alpha.ktx
头像alpha屏蔽先遣服,600892,res/ui/roleicons/933_alpha.ktx
头像alpha屏蔽先遣服,600893,res/ui/roleicons/934_alpha.ktx
头像alpha屏蔽先遣服,600894,res/ui/roleicons/935_alpha.ktx
头像alpha屏蔽先遣服,600895,res/ui/roleicons/936_alpha.ktx
头像alpha屏蔽先遣服,600896,res/ui/roleicons/937_alpha.ktx
头像alpha屏蔽先遣服,600897,res/ui/roleicons/938_alpha.ktx
头像alpha屏蔽先遣服,600898,res/ui/roleicons/939_alpha.ktx
头像alpha屏蔽先遣服,600899,res/ui/roleicons/940_alpha.ktx
头像alpha屏蔽先遣服,600900,res/ui/roleicons/941_alpha.ktx
头像alpha屏蔽先遣服,600901,res/ui/roleicons/942_alpha.ktx
头像alpha屏蔽先遣服,600902,res/ui/roleicons/943_alpha.ktx
头像alpha屏蔽先遣服,600903,res/ui/roleicons/944_alpha.ktx
头像alpha屏蔽先遣服,600904,res/ui/roleicons/945_alpha.ktx
头像alpha屏蔽先遣服,600905,res/ui/roleicons/946_alpha.ktx
头像alpha屏蔽先遣服,600906,res/ui/roleicons/947_alpha.ktx
头像alpha屏蔽先遣服,600907,res/ui/roleicons/948_alpha.ktx
头像alpha屏蔽先遣服,600908,res/ui/roleicons/949_alpha.ktx
头像alpha屏蔽先遣服,600909,res/ui/roleicons/950_alpha.ktx
头像alpha屏蔽先遣服,600910,res/ui/roleicons/951_alpha.ktx
头像alpha屏蔽先遣服,600911,res/ui/roleicons/952_alpha.ktx
头像alpha屏蔽先遣服,600912,res/ui/roleicons/953_alpha.ktx
头像alpha屏蔽先遣服,600913,res/ui/roleicons/954_alpha.ktx
头像alpha屏蔽先遣服,600914,res/ui/roleicons/955_alpha.ktx
头像alpha屏蔽先遣服,600915,res/ui/roleicons/956_alpha.ktx
头像alpha屏蔽先遣服,600916,res/ui/roleicons/957_alpha.ktx
头像alpha屏蔽先遣服,600917,res/ui/roleicons/958_alpha.ktx
头像alpha屏蔽先遣服,600918,res/ui/roleicons/959_alpha.ktx
头像alpha屏蔽先遣服,600919,res/ui/roleicons/960_alpha.ktx
头像alpha屏蔽先遣服,600920,res/ui/roleicons/961_alpha.ktx
头像alpha屏蔽先遣服,600921,res/ui/roleicons/962_alpha.ktx
头像alpha屏蔽先遣服,600922,res/ui/roleicons/963_alpha.ktx
头像alpha屏蔽先遣服,600923,res/ui/roleicons/964_alpha.ktx
头像alpha屏蔽先遣服,600924,res/ui/roleicons/965_alpha.ktx
头像alpha屏蔽先遣服,600925,res/ui/roleicons/966_alpha.ktx
头像alpha屏蔽先遣服,600926,res/ui/roleicons/967_alpha.ktx
头像alpha屏蔽先遣服,600927,res/ui/roleicons/968_alpha.ktx
头像alpha屏蔽先遣服,600928,res/ui/roleicons/969_alpha.ktx
头像alpha屏蔽先遣服,600929,res/ui/roleicons/970_alpha.ktx
头像alpha屏蔽先遣服,600930,res/ui/roleicons/971_alpha.ktx
头像alpha屏蔽先遣服,600931,res/ui/roleicons/972_alpha.ktx
头像alpha屏蔽先遣服,600932,res/ui/roleicons/973_alpha.ktx
头像alpha屏蔽先遣服,600933,res/ui/roleicons/974_alpha.ktx
头像alpha屏蔽先遣服,600934,res/ui/roleicons/975_alpha.ktx
头像alpha屏蔽先遣服,600935,res/ui/roleicons/976_alpha.ktx
头像alpha屏蔽先遣服,600936,res/ui/roleicons/977_alpha.ktx
头像alpha屏蔽先遣服,600937,res/ui/roleicons/978_alpha.ktx
头像alpha屏蔽先遣服,600938,res/ui/roleicons/979_alpha.ktx
头像alpha屏蔽先遣服,600939,res/ui/roleicons/980_alpha.ktx
头像alpha屏蔽先遣服,600940,res/ui/roleicons/981_alpha.ktx
头像alpha屏蔽先遣服,600941,res/ui/roleicons/982_alpha.ktx
头像alpha屏蔽先遣服,600942,res/ui/roleicons/983_alpha.ktx
头像alpha屏蔽先遣服,600943,res/ui/roleicons/984_alpha.ktx
头像alpha屏蔽先遣服,600944,res/ui/roleicons/985_alpha.ktx
头像alpha屏蔽先遣服,600945,res/ui/roleicons/986_alpha.ktx
头像alpha屏蔽先遣服,600946,res/ui/roleicons/987_alpha.ktx
头像alpha屏蔽先遣服,600947,res/ui/roleicons/988_alpha.ktx
头像alpha屏蔽先遣服,600948,res/ui/roleicons/989_alpha.ktx
头像alpha屏蔽先遣服,600949,res/ui/roleicons/990_alpha.ktx
头像alpha屏蔽先遣服,600950,res/ui/roleicons/991_alpha.ktx
头像alpha屏蔽先遣服,600951,res/ui/roleicons/992_alpha.ktx
头像alpha屏蔽先遣服,600952,res/ui/roleicons/993_alpha.ktx
头像alpha屏蔽先遣服,600953,res/ui/roleicons/994_alpha.ktx
头像alpha屏蔽先遣服,600954,res/ui/roleicons/995_alpha.ktx
头像alpha屏蔽先遣服,600955,res/ui/roleicons/996_alpha.ktx
头像alpha屏蔽先遣服,600956,res/ui/roleicons/997_alpha.ktx
头像alpha屏蔽先遣服,600957,res/ui/roleicons/998_alpha.ktx
头像alpha屏蔽先遣服,600958,res/ui/roleicons/999_alpha.ktx
坐骑模型,600959,res/entity/110079/body.omod
坐骑头像,600960,res/ui/rideicons/3483.ktx
坐骑头像,600961,res/ui/rideicons/3483.png
坐骑头像,600962,res/ui/rideicons/3483.pvr
坐骑头像,600963,res/ui/rideicons/3483_alpha.ktx
坐骑头像,600964,res/ui/rideicons/3484.ktx
坐骑头像,600965,res/ui/rideicons/3484.png
坐骑头像,600966,res/ui/rideicons/3484.pvr
坐骑头像,600967,res/ui/rideicons/3484_alpha.ktx
坐骑头像,600968,res/ui/rideicons/3485.ktx
坐骑头像,600969,res/ui/rideicons/3485.png
坐骑头像,600970,res/ui/rideicons/3485.pvr
坐骑头像,600971,res/ui/rideicons/3485_alpha.ktx
坐骑技能图标,600972,res/ui/rideskillicons/38.ktx
坐骑技能图标,600973,res/ui/rideskillicons/38.png
坐骑技能图标,600974,res/ui/rideskillicons/38_alpha.ktx
坐骑技能图标,600975,res/ui/rideskillicons/39.ktx
坐骑技能图标,600976,res/ui/rideskillicons/39.png
坐骑技能图标,600977,res/ui/rideskillicons/39_alpha.ktx
坐骑模型,600978,res/entity/110080/body.omod
坐骑头像,600979,res/ui/rideicons/3486.ktx
坐骑头像,600980,res/ui/rideicons/3486.png
坐骑头像,600981,res/ui/rideicons/3486.pvr
坐骑头像,600982,res/ui/rideicons/3486_alpha.ktx
坐骑头像,600983,res/ui/rideicons/3487.ktx
坐骑头像,600984,res/ui/rideicons/3487.png
坐骑头像,600985,res/ui/rideicons/3487.pvr
坐骑头像,600986,res/ui/rideicons/3487_alpha.ktx
坐骑技能图标,600987,res/ui/rideskillicons/40.ktx
坐骑技能图标,600988,res/ui/rideskillicons/40.png
坐骑技能图标,600989,res/ui/rideskillicons/40_alpha.ktx
坐骑模型,600990,res/entity/110081/body.omod
坐骑头像,600991,res/ui/rideicons/3488.ktx
坐骑头像,600992,res/ui/rideicons/3488.png
坐骑头像,600993,res/ui/rideicons/3488.pvr
坐骑头像,600994,res/ui/rideicons/3488_alpha.ktx
坐骑头像,600995,res/ui/rideicons/3489.ktx
坐骑头像,600996,res/ui/rideicons/3489.png
坐骑头像,600997,res/ui/rideicons/3489.pvr
坐骑头像,600998,res/ui/rideicons/3489_alpha.ktx
坐骑技能图标,600999,res/ui/rideskillicons/41.ktx
坐骑技能图标,601000,res/ui/rideskillicons/41.png
坐骑技能图标,601001,res/ui/rideskillicons/41_alpha.ktx
坐骑模型,601002,res/entity/110082/body.omod
坐骑头像,601003,res/ui/rideicons/3490.ktx
坐骑头像,601004,res/ui/rideicons/3490.png
坐骑头像,601005,res/ui/rideicons/3490.pvr
坐骑头像,601006,res/ui/rideicons/3490_alpha.ktx
坐骑头像,601007,res/ui/rideicons/3491.ktx
坐骑头像,601008,res/ui/rideicons/3491.png
坐骑头像,601009,res/ui/rideicons/3491.pvr
坐骑头像,601010,res/ui/rideicons/3491_alpha.ktx
坐骑头像,601011,res/ui/rideicons/3492.ktx
坐骑头像,601012,res/ui/rideicons/3492.png
坐骑头像,601013,res/ui/rideicons/3492.pvr
坐骑头像,601014,res/ui/rideicons/3492_alpha.ktx
坐骑技能图标,601015,res/ui/rideskillicons/42.ktx
坐骑技能图标,601016,res/ui/rideskillicons/42.png
坐骑技能图标,601017,res/ui/rideskillicons/42_alpha.ktx
坐骑技能图标,601018,res/ui/rideskillicons/43.ktx
坐骑技能图标,601019,res/ui/rideskillicons/43.png
坐骑技能图标,601020,res/ui/rideskillicons/43_alpha.ktx
坐骑技能图标,601021,res/ui/rideskillicons/44.ktx
坐骑技能图标,601022,res/ui/rideskillicons/44.png
坐骑技能图标,601023,res/ui/rideskillicons/44_alpha.ktx
坐骑模型,601024,res/entity/110083/body.omod
坐骑头像,601025,res/ui/rideicons/3493.ktx
坐骑头像,601026,res/ui/rideicons/3493.png
坐骑头像,601027,res/ui/rideicons/3493.pvr
坐骑头像,601028,res/ui/rideicons/3493_alpha.ktx
坐骑头像,601029,res/ui/rideicons/3494.ktx
坐骑头像,601030,res/ui/rideicons/3494.png
坐骑头像,601031,res/ui/rideicons/3494.pvr
坐骑头像,601032,res/ui/rideicons/3494_alpha.ktx
坐骑技能图标,601033,res/ui/rideskillicons/45.ktx
坐骑技能图标,601034,res/ui/rideskillicons/45.png
坐骑技能图标,601035,res/ui/rideskillicons/45_alpha.ktx
坐骑技能图标,601036,res/ui/rideskillicons/46.ktx
坐骑技能图标,601037,res/ui/rideskillicons/46.png
坐骑技能图标,601038,res/ui/rideskillicons/46_alpha.ktx
坐骑模型,601039,res/entity/110084/body.omod
坐骑头像,601040,res/ui/rideicons/3495.ktx
坐骑头像,601041,res/ui/rideicons/3495.png
坐骑头像,601042,res/ui/rideicons/3495.pvr
坐骑头像,601043,res/ui/rideicons/3495_alpha.ktx
坐骑头像,601044,res/ui/rideicons/3496.ktx
坐骑头像,601045,res/ui/rideicons/3496.png
坐骑头像,601046,res/ui/rideicons/3496.pvr
坐骑头像,601047,res/ui/rideicons/3496_alpha.ktx
坐骑头像,601048,res/ui/rideicons/3497.ktx
坐骑头像,601049,res/ui/rideicons/3497.png
坐骑头像,601050,res/ui/rideicons/3497.pvr
坐骑头像,601051,res/ui/rideicons/3497_alpha.ktx
坐骑技能图标,601052,res/ui/rideskillicons/47.ktx
坐骑技能图标,601053,res/ui/rideskillicons/47.png
坐骑技能图标,601054,res/ui/rideskillicons/47_alpha.ktx
坐骑技能图标,601055,res/ui/rideskillicons/48.ktx
坐骑技能图标,601056,res/ui/rideskillicons/48.png
坐骑技能图标,601057,res/ui/rideskillicons/48_alpha.ktx
坐骑模型,601058,res/entity/110085/body.omod
坐骑头像,601059,res/ui/rideicons/4501.png
坐骑头像,601060,res/ui/rideicons/4501.pvr
坐骑头像,601061,res/ui/rideicons/4501_alpha.ktx
坐骑头像,601062,res/ui/rideicons/4501.ktx
坐骑头像,601063,res/ui/rideicons/4502.png
坐骑头像,601064,res/ui/rideicons/4502.pvr
坐骑头像,601065,res/ui/rideicons/4502_alpha.ktx
坐骑头像,601066,res/ui/rideicons/4502.ktx
坐骑头像,601067,res/ui/rideicons/4503.png
坐骑头像,601068,res/ui/rideicons/4503.pvr
坐骑头像,601069,res/ui/rideicons/4503_alpha.ktx
坐骑头像,601070,res/ui/rideicons/4503.ktx
坐骑技能图标,601071,res/ui/rideskillicons/49.ktx
坐骑技能图标,601072,res/ui/rideskillicons/49.png
坐骑技能图标,601073,res/ui/rideskillicons/49_alpha.ktx
坐骑技能图标,601074,res/ui/rideskillicons/50.ktx
坐骑技能图标,601075,res/ui/rideskillicons/50.png
坐骑技能图标,601076,res/ui/rideskillicons/50_alpha.ktx
坐骑技能图标,601077,res/ui/rideskillicons/51.ktx
坐骑技能图标,601078,res/ui/rideskillicons/51.png
坐骑技能图标,601079,res/ui/rideskillicons/51_alpha.ktx
