ID,名字,描述,购买提示,特别效果1描述,特别效果2描述,特别效果3描述,特别效果4描述,特别效果5描述,特别效果6描述
ID,Name,Desc,BuyTips,EffectDesc1,EffectDesc2,EffectDesc3,EffectDesc4,EffectDesc5,EffectDesc6
1,Panda Mini,"Cậu Bé Gấu Trúc tự hào, thích trúc giòn nhất!","Thẻ Skin có thể nhận trong Vườn Quả! (Vui chơi điều độ, tiêu phí hợp lý)",Hiệu ứng dấu chân: Nơi đi qua sẽ để lại dấu chân gấu,Avatar: Mở khóa avatar Panda,@Null@,,,
2,Tề Thiên Đại Thánh,"Tết năm khỉ mở bán giới hạn, Tề Thiên cùng bạn đón tết vui vẻ!","Thẻ Skin có thể nhận trong Vườn Quả! (Vui chơi điều độ, tiêu phí hợp lý)",Hiệu ứng dấu chân: Nơi đi qua sẽ để lại Tường Vân,Avatar: Mở khóa avatar Tề Thiên Đại Thánh,@Null@,,,
3,Thỏ Mini,"Cô Thỏ nhỏ xinh đẹp, những nơi đi qua sẽ để lại dấu chân Củ Cải.","Thẻ Skin có thể nhận trong Vườn Quả! (Vui chơi điều độ, tiêu phí hợp lý)",Hiệu ứng dấu chân: Nơi đi qua sẽ để lại dấu chân củ cải,Avatar: Mở khóa avatar Thỏ Mini,@Null@,,,
4,Khủng Long,Wow wow! Bạn đang ở thế giới nguyên thủy phải coi chừng Khủng Long!,"Thẻ Skin có thể nhận trong Vườn Quả! (Vui chơi điều độ, tiêu phí hợp lý)",Hiệu ứng dấu chân: Nơi đi qua sẽ để lại dấu vuốt khủng long,Avatar: Mở khóa avatar Khủng Long,@Null@,,,
5,Pha Lê,Ding... Ding! Chào mừng đến với Quán Cafe Meo Meo!,"Đạo cụ mở khóa có thể nhận trong Vườn Quả. (Vui chơi điều độ, tiêu phí hợp lý)",Hiệu ứng dấu chân: Nơi đi qua sẽ để lại dấu chân mèo,Avatar: Mở khóa avatar Pha Lê,@Null@,,,
6,George,Thiếu niên yêu thích âm nhạc và vận động,"Đạo cụ mở khóa có thể nhận trong Vườn Quả. (Vui chơi điều độ, tiêu phí hợp lý)",Hiệu ứng dấu chân: Nơi đi qua sẽ để lại tình yêu màu lam,Avatar: Mở khóa avatar George,@Null@,,,
7,Anne,Thiếu nữ yêu thích khiêu vũ và đồ ngọt,"Đạo cụ mở khóa có thể nhận trong Vườn Quả. (Vui chơi điều độ, tiêu phí hợp lý)",Hiệu ứng dấu chân: Nơi đi qua sẽ để lại tình yêu màu đỏ,Avatar: Mở khóa avatar Anne,@Null@,,,
8,Mặc Gia,"Thành viên Mặc Gia cổ xưa, là cao thủ chế tạo",@Null@,Hiệu ứng dấu chân: Nơi đi qua sẽ để lại Đôi Cánh Của Gió,Avatar: Mở khóa avatar Mặc Gia,Hành động bay đặc biệt của chế độ sáng tạo,Tạo chế độ hiệu ứng chuyến bay,,
9,Dracula VI,"Là hậu duệ của dòng dõi đế vương, tao nhã, lạnh lùng",Đạo cụ mở khóa có thể nhận trong Vườn Quả,Hiệu ứng cơ thể: Trên người phát ra dơi đen và sương máu,Avatar: Mở khóa avatar Bá Tước Dracula,@Null@,,,
10,Tuần Lộc,"Chú tuần lộc nhỏ sống trong hang, mỗi dịp Giáng Sinh lại xuất hiện đầy vui vẻ, không ai có thể không cảm mến vẻ nghịch ngợm đáng yêu này.",@Null@,Hiệu ứng cơ thể: Cơ thể phát ra vòng sáng giáng sinh!,Avatar: Mở khóa avatar Tuần Lộc,Dấu chân hành tẩu: Nơi đi qua sẽ để lại dấu chân Tuần Lộc Giáng Sinh,,,
11,Thợ Săn Tuyết,"Đến từ vùng đất khắc nghiệt nhất, Chim ưng cũng trở thành bạn của hắn",@Null@,Hiệu ứng cơ thể: Trên người phát ra hoa tuyết,Avatar: Mở khóa avatar Thợ Săn Tuyết,Dấu chân hành tẩu: Nơi đi qua sẽ để lại dấu chân tuyết cầu,,,
12,Vũ Cơ,"Tiên tử lạc xuống trần gian, tình cờ gặp Mộ Dung công tử",@Null@,Hiệu ứng cơ thể: Trên người có cánh hoa tung bay,Avatar: Mở khóa avatar Vũ Cơ,@Null@,,,
13,Mộ Dung,"Ẩn sĩ xuất sơn tu hành, tình cờ gặp Vũ Cơ",@Null@,Hiệu ứng cơ thể: Trên người phát ra chân khí,Avatar: Mở khóa avatar Mộ Dung,Dấu chân hành tẩu: Nơi đi qua sẽ để lại dấu chân,,,
14,Cảnh Sát Trưởng Joey,"Xin lỗi, có lẽ đạn của ta không thích ngươi.",@Null@,Hiệu ứng cơ thể: Bước chân phát ra khói bụi của cao bồi miền Viễn Tây,Avatar: Mở khóa avatar Cảnh Sát Trưởng Joey,Dấu chân hành tẩu: Nơi đi qua sẽ để lại dấu chân ngôi sao cảnh sát,,,
15,Lucas,"Ý nghĩ sắc bén, bước đi thanh tao,gương mặt tuyệt đẹp, là trung tâm của vũ trụ.",@Null@,@Null@,Avatar: Mở khóa avatar Lucas,Dấu chân hành tẩu: Nơi đi qua sẽ để lại dấu chân bóng rổ,,,
16,Claire,"Giống như Lucas, sự hiện diện của cô ấy thu hút sự chú ý của mọi người và rất quyến rũ.",@Null@,@Null@,Avatar: Mở khóa avatar Claire,Dấu chân hành tẩu: Nơi đi qua sẽ để lại dấu chân dải lụa màu,,,
17,Cao Bồi Rose,"Hừm, đạn của ta có lẽ sẽ thích ngươi",@Null@,Hiệu ứng cơ thể: Phát ra tình yêu thương bao la!,Avatar: Mở khóa avatar Rose,@Null@,,,
18,Thuyền Trưởng Tiki,"Ta muốn trở thành thuyền trưởng hải tặc nổi tiếng nhất, tìm kiếm kho báu vô tận!",@Null@,@Null@,Avatar: Mở khóa avatar Thuyền Trưởng,Dấu chân hành tẩu: Nơi đi qua sẽ để lại dấu chân,,,
19,Mary Ngọt Ngào,Ta sẽ là thuyền trưởng hải tặc nổi tiếng nhất!,@Null@,Hiệu ứng cơ thể: Phát ra mùi vị của biển hồng,Avatar: Mở khóa avatar,@Null@,,,
20,Cẩm Y Vệ,"Tiểu lâu đêm qua lại có gió đông, Cố Quốc không thể về ngắm trăng sáng",@Null@,Hiệu ứng dấu chân: Gót chân sinh ra gió,Avatar: Mở khóa avatar,@Null@,,,
21,Tiểu Hoa,"Nhớ lại lúc nước nhà còn, đã cùng ca ca xem pháo hoa vui vẻ, giờ người lưu lạc không biết phương nào",@Null@,Hiệu ứng cơ thể: Hoa đào trôi,Avatar: Mở khóa avatar Tiểu Hoa,@Null@,,,
22,Lilith,Không cho kẹo thì sẽ bị ta ghẹo đấy!,@Null@,Hiệu ứng cơ thể: Cơ thể phát ra hơi thở của nữ phù thủy,Avatar: Mở khóa avatar,@Null@,,,
23,Vô Song,"Bổn cô nương không phải người dễ bị ăn hiếp như thế, hứ, ta lợi hại lắm đấy!",@Null@,Hiệu ứng cơ thể: Cơ thể phát ra lam hoa,Avatar: Mở khóa avatar Bánh Bao,@Null@,,,
24,Diệp Tiểu Long,Ta bảo vệ thế giới với vẻ ngoài hung dư này!,@Null@,Dấu chân hành tẩu: Nơi đi qua sẽ để lại sương mù đen,Avatar: Mở khóa avatar Diệp Tiểu Long,@Null@,,,
25,Nhị Lang Thần,"Chốn nhân gian lại có một nơi tuyệt đẹp như vậy, ta phải bảo vệ bình yên nơi đây!",@Null@,Hiệu ứng cơ thể: Cơ thể phát ra Thiên Canh Chính Khí,Avatar: Mở khóa avatar Nhị Lang Thần,@Null@,,,
26,Cá nhỏ,"Mẹ luôn nói với tôi rằng, dù có đi bất cứ đâu cũng phải mang theo ước mơ của riêng mình. Mọi thứ khác, có hay không đều không quan trọng.",@Null@,Hiệu ứng cơ thể: Cơ thể phát ra hơi thở của mơ ước…,Avatar: mở khóa avatar của Mermale.,@Null@,,,
27,Misoso,Đại sứ bảo vệ môi trường. Luôn chiến đấu vì một trái đất xanh màu cây lá.,"Đạo cụ mở khóa có thể nhận từ ""kế hoạch bảo vệ thế giới"".",Hiệu ứng cơ thể: Cơ thể phát ra hơi thở của cây cối,Avatar: Mở khóa avatar của Misoso.,@Null@,,,
28,Mini-X,"Vệ nữ giải ngân hà, thích du lịch và âm nhạc.",@Null@,Hiệu ứng cơ thể: Được bao quanh bởi các hạt điện từ.,Avatar: Mở khóa avatar của Mini-X,@Null@,,,
29,Mini-T,"Đằng sau vẻ ngoài lạnh lùng là một tâm hồn ấm áp, muốn bảo vệ cả thế giới!",@Null@,Hiệu ứng cơ thể: Phần lưng tỏa ra các hạt điện từ.,Avatar: Mở khóa avatar của Mini-T,@Null@,,,
30,Hằng Nga,"Dưới ánh sáng lung linh huyền ảo của ngày trăng rằm. Một nàng tiên xuất hiện. Nàng chính là Hằng Nga, vị thần cai quản cung trăng. Điệu múa của nàng có khả năng làm mê hoặc lòng người. Hãy cẩn thận, nàng có thể làm bạn ngẩn ngơ quên đi mọi thứ.",@Null@,Hiệu ứng cơ thể: Ánh trăng chiếu sáng xung quanh Hằng Nga,Avatar: Mở khóa avatar,@Null@,,,
31,Pháp Sư Bí Ngô,"Một pháp sư bí ẩn và mạnh mẽ, với một quyển sách đầy những công thức phù phép và một cái đầu tinh ranh",@Null@,Hiệu ứng cơ thể: Tỏa ra năng lượng pháp thuật,Avatar: Mở khóa avatar hình Pháp Sư Bí Ngô,@Null@,,,
32,Tiên Cá Shelley,Nàng Tiên cá bé bỏng đến từ vương quốc ẩn sâu dưới đáy biển đã bị lạc tới thế giới Mini World. Tiếng hát trong veo của nàng có thể làm tan chảy mọi trái tim.,@Null@,Hiệu ứng cơ thể: Bong bóng bay bay mỗi khi nàng chuyển động.,Ảnh đại diện: Mở khóa ảnh của Tiên cá Shelly,"Dấu chân: Mỗi bước chân qua, nàng Tiên cá để lại một vỏ sò lấp lánh.",,,
33,Christopher,"Bạn có biết bí mật của mùa đông không? Thực ra, tất cả các bông tuyết đều sống và tôi được sinh ra để bảo vệ họ.",@Null@,"Hiệu ứng cơ thể: Bông tuyết bay bay, reo vui xung quanh người tuyết",Avatar: Mở khóa avatar của Christopher,@Null@,,,
34,Popo,"Dodo và Bobo là bạn thân của Khủng Long, họ rất tự ti vì bản thân yếu đuối, họ bắt đầu cuộc hành trình tìm kiếm một hành tinh nơi có thể có được phép thuật với hy vọng trở nên mạnh mẽ hơn.",@Null@,Hiệu ứng cơ thể: Biến màu theo môi trường,Avatar: Mở khóa hình đại diện,@Null@,,,
35,Dodo,"Dodo và Bobo là bạn thân của Khủng Long, họ rất tự ti vì bản thân yếu đuối, họ bắt đầu cuộc hành trình tìm kiếm một hành tinh nơi có thể có được phép thuật với hy vọng trở nên mạnh mẽ hơn.",@Null@,Avatar: Mở khóa hình đại diện,@Null@,@Null@,,,
36,Bobo,"Dodo và Bobo là bạn thân của Khủng Long, họ rất tự ti vì bản thân yếu đuối, họ bắt đầu cuộc hành trình tìm kiếm một hành tinh nơi có thể có được phép thuật với hy vọng trở nên mạnh mẽ hơn.",@Null@,Avatar: Mở khóa hình đại diện,@Null@,@Null@,,,
37,Alice Bé Bỏng,"Em gái của Pha Lê, cô gái thích đồ ngọt với tâm hồn mộng mơ luôn muốn khám phá mọi nơi. Phiêu lưu không chỉ là sở thích mà còn là cách sống của cô búp bê này.",@Null@,Avatar: Mở khóa hình đại diện,Dấu chân: Để lại dấu chân búp bê mỗi nơi cô ấy đi qua,@Null@,,,
38,Thiên Bồng Nguyên Soái,Soái ca này đã từng chỉ huy và trải qua nhiều cuộc chiến. Sức mạnh của Nguyên Soái là không thể chối cãi.,@Null@,Hiệu ứng cơ thể: Bọt nước bắn lên mỗi khi chàng chuyển động.,Avatar: Hình ảnh Thiên Bồng Nguyên Soái,Dấu chân: Để lại dấu chân quyền lực mỗi nơi chàng đi qua,,,
39,Angela,"Đến từ vùng đất thần tiên, đôi mắt lấp lánh như ánh sao và giọng nói cực kỳ ngọt ngào. Angela thích tất cả những đồ màu trắng và tính cách có phần đỏng đảnh. Bằng cây gậy phép nhỏ xíu của mình, cô ấy mang tình yêu đến từng ngõ ngách trong Mini World. ( Chỉ xuất hiện khi có sự kiện).",Nhận được từ sự kiện của MWBA,Hiệu ứng cơ thể: Những chiếc lông trắng mịn màng bay lơ lửng,Avatar: Mở khóa hình đại diện,@Null@,,,
40,Mini-Beast,Hình thù dữ dằn bên ngoài nhưng bên trong lại sở hữu một tâm hồn nghệ thuật. Mini- Beast đến từ không gian là người anh em của Mini - X và Mini - T. Anh ấy là ngôi sao nhạc điện tử với gu âm nhạc rất chất.,@Null@,Hiệu ứng cơ thể: Đuôi phát sáng!,Avatar: Mở khóa hình đại diện,Dấu chân: Để lại dấu chân nốt nhạc mỗi nơi anh ấy đi qua.,,,
41,Lancelot,"Hiệp sĩ là gì ư? Khi gặp nguy hiểm, hiệp sĩ sẽ có mặt , lấy lại công lý cho bạn.",@Null@,Hiệu ứng cơ thể: Ánh sao lấp lánh bao quanh,Avatar: Mở khóa hình đại diện,@Null@,,,
42,Mecha Meow,"Tín hiệu đã có, điện đã về! Mecha cũng đã trở lại và lợi hại hơn xưa!Mọi người gọi ta là Mèo Thần cuồng công nghệ, luôn mang ổ điện theo người vì hết điện đối với ta là một cực hình!  Ồ thì sao nào, Đôi khi tình yêu với khoa học và công nghệ còn lãng mạn hơn cả tình yêu!",@Null@,@Null@,Avatar: Mở khóa hình đại diện,Dấu chân: Để lại dấu chân điện từ mỗi nơi cô ấy đi qua.,,,
43,Samurai Senbei,"Chạy nhanh đấy, nhưng ngươi sẽ không thoát khỏi lưỡi kiếm công lý của Samurai!",@Null@,@Null@,Avatar: Mở khóa hình đại diện,Dấu chân: Để lại dấu chân bám bụi mỗi nơi anh ấy đi qua,,,
44,Meow Racer,"Chiếc cúp vô địch này là món quà sinh nhật của tôi! Meow Racer, người yêu thích cuộc sống hiện đại và đam mê tốc độ. Đối với Meow Racer, chiến thắng đẹp quan trọng hơn nhiều so với chiến thắng bằng mọi giá.",@Null@,@Null@,Avatar: Mở khóa hình đại diện,Dấu chân: Để lại dấu chân trái tim mỗi nơi cô ấy đi qua,,,
45,Xạ Thủ Li,Nữ xạ thủ hoạt bát và nói nhiều. Luôn luôn tìm ra niềm vui trong từng việc nhỏ nhất mà mình làm. Cô rất thích đan len và có vũ khí đặc biệt là chiếc kim bay.,@Null@,@Null@,Avatar: Mở khóa hình đại diện,Dấu chân: Những nơi đã đi qua sẽ lưu lại dấu chân cuộn len,,,
46,Xạ Thủ An,"Xạ thủ An, với thân thủ phi phàm và khả năng ra chiêu xuất thần. Người luôn tỏ ra nguy hiểm nhưng đôi khi lại rất vụng về. An sẽ tức giận nếu mọi người không thấy anh ấy lạnh lùng.",@Null@,@Null@,Avatar: Mở khóa hình đại diện,Dấu chân: Những nơi đã đi qua sẽ lưu lại dấu chân phi tiêu,,,
47,King YoYo,Bạn có biết không? Những đám mây trên bầu trời rộng lớn kia đều có một màu sắc thú vị riêng. Mình nguyện là đôi cánh của bạn và đưa bạn đi chinh phục bầu trời đẹp đẽ này!,@Null@,Hiệu ứng đặc biệt: Ánh vàng lấp lánh trên vương miện!,Avatar: Mở khóa hình đại diện,@Null@,,,
48,Mini-S,"Giữ gìn hòa bình, chính là nhiệm vụ của mình, luôn hết mình vì các bạn và cộng đồng !",@Null@,Hiệu ứng : Cánh giáp sau lưng lấp lánh hạt vàng và ánh sáng điện!,Avatar: Mở khóa hình đại diện,@Null@,,,
49,@Null@,@Null@,@Null@,@Null@,@Null@,@Null@,,,
50,Joker,"Xin chào những du khách từ phương xa, bạn có muốn xem chương trình ảo thuật huyền bí không? Những màn trình diễn tuyệt vời nhất đã ở đây!",@Null@,@Null@,Avatar: Mở khóa hình đại diện,Dấu chân huyền bí : Nơi đã đi qua sẽ để lại dấu chân ảo thuật,,,
51,Kana,"Haha ! Mọi quy tắc sinh ra đều có thể bị phá vỡ, nhưng mình sẽ cho bạn một lý do nghe vô lý nhưng lại hết sức thuyết phục !",@Null@,@Null@,Avatar: Mở khóa hình đại diện,Dấu chân huyền bí : Nơi đã đi qua sẽ để lại dấu chân kẹo mút,,,
52,Optimus Prime,Tôi là Optimus Prime! Nào! Hãy nhận lời mời của tôi và chúng ta sẽ lưu lại những kỷ niệm với nhau nhé! Tôi ở đây đợi bạn!,@Null@,Hiệu ứng cơ thể: Biến thành siêu xe trong Map,Avatar: Mở khóa hình đại diện,Dấu chân mạnh mẽ: Nơi đã đi qua sẽ để lại dấu chân logo biệt đội của mình,#cda5b0aBiến hình：Click vào nút biến hình bên phải sẽ biến thành Robot/ siêu xe!#n,#cda5b0aKỹ năng đặc biệt：Robots Attack công kích!#n,
53,Megatron,"Bất luận là chiến thắng hay chiến bại, ta không bao giờ bị khuất phục! Ta là Megatron",@Null@,Hiệu ứng cơ thể: Biến thành siêu xe trong Map,Avatar: Mở khóa hình đại diện,Dấu chân tham vọng: Nơi đã đi qua sẽ để lại dấu chân logo,#cda5b0aBiến hình：Click vào nút biến hình bên phải sẽ biến thành Robot!#n,#cda5b0aBiến hình：Click vào nút biến hình bên phải sẽ biến thành Robot!#n,
54,Bánh Kem Dâu,"Mình là Bánh Kem Dâu, mình xuất hiện trong ngày lễ Giáng sinh cùng bé Tuyết Cute, bác Thông Già và Ông già Noel quyền lực. Mình sẽ mang lại điều ngọt ngào nhất cho ngày lễ Giáng sinh của bạn!",@Null@,@Null@,Avatar: Mở khóa hình đại diện,Dấu chân huyền bí : Nơi đi qua sẽ để lại dấu chân Dâu Tây,,,
55,Chuột Phúc Lộc,"Là anh song sinh của Chuột Như Ý, đúng là anh em thì giàu như nhau là có thật. Chuột Tài Lộc có thú vui tao nhã là thích thu thập trái cây và các loại lá, sau đó làm thành món ngon mời mọi người. Phải chăng đây là cách phô diễn sự giàu có của chàng ta nhỉ?",@Null@,@Null@,Avatar: Mở khóa hình đại diện,Dấu chân huyền bí : Nơi đi qua sẽ để lại dấu chân Hạt Dẻ,,,
56,Chuột Như Ý,"Là em song sinh của Chuột Tài lộc, cặp đôi hoàn hảo mới xuất hiện trong Mini World. Cô nàng giàu có và xinh đẹp, đã dành cả thanh xuân để giúp đỡ các con vật nhỏ bé có đủ sức mạnh vượt qua mùa đông lạnh giá. Cô luôn luôn muốn nhân rộng điều đẹp đẽ này đến mọi người",@Null@,Hiệu ứng đặc biệt : Hoa bay bay khắp cơ thể,Avatar: Mở khóa hình đại diện,Dấu chân huyền bí : Nơi đi qua sẽ để lại dấu chân Bình An,,,
57,Lão Bạch Gia,"Đừng nghĩ ta già, ta già nhưng rất mặn mà. Võ thuật cao cường ai sánh bằng, ta chính là sư phụ của Cẩm Y Vệ, xạ thủ An và Li.",Nhận được từ sự kiện của MWBA,@Null@,Avatar: Mở khóa hình đại diện,Dấu chân huyền bí : Nơi đi qua sẽ để lại dấu chân Rượu Hồ Lô,,,
58,Bumblebee,Tốc độ tạo nên sức mạnh! Tôi - Bumblebee! Luôn bên bạn dù bất cứ nơi đâu!,@Null@,Hiệu ứng cơ thể: Biến thành siêu xe trong Map,Avatar: Mở khóa hình đại diện,Dấu chân nhún nhảy: Nơi đi qua sẽ để lại dấu chân logo của biệt đội,#cda5b0aBiến hình：Click vào nút biến hình bên phải sẽ biến thành Robot/ siêu xe!#n,#cda5b0aKỹ năng đặc biệt：Bumblebee công kích!#n,
59,Tiên Nhỏ Hoa Gió,Nàng Tiên Nhỏ thích cảm giác dạo chơi trong biển hoa đầy màu sắc. Cô bé trồng hoa trước và sau nhà thu hút những bạn nhỏ đi ngang qua bởi mùi hương thơm ngát. Với năng lượng từ hành tinh ma thuật cô bé sẽ tạo ra những hiệu ứng kỳ diệu cho các loài hoa.,@Null@,Hiệu ứng cơ thể: Ánh sao lấp lánh bao quanh,Avatar: Mở khóa hình đại diện,@Null@,,,
60,Sao Tinh Nghịch,"Với tinh thần ngôi sao tỏa sáng đến từ bầu trời bao la, Sao Tinh Nghịch mang sức mạnh đặc biệt có thể biến những điều ước của bạn thành sự thật!",@Null@,Hiệu ứng cơ thể: Cầu vồng rực rỡ bao quanh,Avatar: Mở khóa hình đại diện,@Null@,,,
61,Báo Tuyết,"Cô bé da báo trên núi tuyết với sứ mệnh bảo vệ cao nguyên. Từ khi còn nhỏ, bạn ấy đã nghiêm túc bảo vệ vùng đất thuần khiết này. Dù hiền lành, nhưng khi đối mặt với những thử thách cô bé trở nên rất can đảm.",Nhận được từ sự kiện của MWBA,Hiệu ứng cơ thể: Bông tuyết bay quanh cơ thể,Avatar: Mở khóa hình đại diện,@Null@,,,
62,Ellie,"Cô bé Ellie hiếu kỳ đến từ Học viện phép thuật, một lá bài tây đã đưa cô bé đến với Thế giới này. Trên đường đi Ellie đã gặp ông Thỏ tốt bụng và 2 người luôn đồng hành cùng nhau trong chuyến phiêu lưu kỳ thú.",@Null@,Hiệu ứng cơ thể: Hoa bay quanh mình,Avatar: Mở khóa hình đại diện,@Null@,,,
63,Ninja Ếch,"Ninja Ếch bắt đầu học Ninjutsu từ nhỏ. Bây giờ anh ấy đã trở thành một bậc thầy. Ninja Ếch thích nhất là cảm giác nằm bên bờ ao thanh mát, thích thú nghe tiếng ếch kêu thật bắt tai.",Nhận được từ sự kiện của MWBA,@Null@,Avatar: Mở khóa hình đại diện,Dấu chân: Những nơi đi qua sẽ để lại dấu chân Ếch xanh,,,
64,Starscream,"Starscream đầy tham vọng nghĩ rằng mình có định mệnh là thủ lĩnh của Decepticons, và luôn muốn cạnh tranh với Megatron. Vì vậy, anh ta đã vô tình phá hủy nhiều kế hoạch tấn công của cả đội, khiến Megatron đau đầu.",@Null@,Hiệu ứng đặc biệt: Biến thành siêu xe trong Map,Avatar: Mở khóa hình đại diện,Dấu chân mạnh mẽ: Nơi đi qua sẽ để lại dấu chân logo,#cda5b0aBiến hình：Click vào nút biến hình bên phải sẽ biến thành Robot/ siêu xe!#n,#cda5b0aTransformers Kỹ năng độc quyền: Cảnh báo không trung!#n,
65,Hot Rod,"Bình tĩnh và đầy trách nhiệm, anh ấy là thủ lĩnh tương lai của Autobot, niềm hy vọng mới cho hòa bình trong vũ trụ. Anh ấy không hề sợ hãi khi đối mặt với cái ác dù tình huống có nguy hiểm đến đâu.",@Null@,Hiệu ứng đặc biệt: Biến thành siêu xe trong Map,Avatar: Mở khóa hình đại diện,Dấu chân mạnh mẽ: Nơi đi qua sẽ để lại dấu chân logo,#cda5b0aBiến hình：Click vào nút biến hình bên phải sẽ biến thành Robot/ siêu xe!#n,#cda5b0aTransformers Kỹ năng độc quyền: Đèn nháy đỏ!#n,
66,Galvatron,Mạnh mẽ và tàn nhẫn hơn cả Megatron! Tham vọng chinh phục và cai trị của Galvatron vượt lên trên tất cả.Toàn bộ vũ trụ không thể thỏa mãn sự hiếu chiến của tên bạo chúa tàn nhẫn này.,@Null@,Hiệu ứng Đặc biệt: Biến thành siêu xe trong Map,Avatar: Mở khóa hình đại diện,Dấu chân quyền lực: Nơi đi qua sẽ để lại dấu chân logo đặc biệt,#cda5b0aBiến hình：Click vào nút biến hình bên phải sẽ biến thành Robot/ siêu xe!#n,#cda5b0aKỹ năng độc quyền Transformers: Laser hợp nhất!#n,
67,Raul,"Raul cho rằng cách để vượt qua những vấn đề gặp phải trong cuộc sống cũng như khi chinh phục 1 cửa ải trong game. Nếu như dựa vào thực lực và may mắn đều không thể giải quyết vấn đề, vậy hãy cứ để thời gian trả lời tất cả.",Nhận được từ sự kiện của MWBA,Hiệu ứng Đặc biệt: Cơ thể bao quanh bởi các ký tự,Avatar: Mở khóa hình đại diện,@Null@,,,
68,Lynn,"Lynn thích đưa người bạn nhỏ Cube của mình lang thang trong thế giới giữa thực và ảo. Cô bé yêu thích sự phồn hoa, rực rỡ, kỳ diệu mà thế giới này mang lại. Hãy cùng Lynn khám phá và tận hưởng những điều thú vị nhé!",Nhận được từ sự kiện của MWBA,Hiệu ứng đặc biệt: Cơ thể bao quanh bởi các hạt màu tím,Avatar: Mở khóa hình đại diện,@Null@,,,
69,Uyển Thanh,"Là người thừa kế duy nhất của Hội Quán Bánh Chưng đầu tiên trên thế giới, nhưng Uyển Thanh lại đam mê đàn tranh mãnh liệt. Cô bé tự hứa sẽ phát triển tốt danh tiếng của Hội Quán Bánh Chưng, đồng thời vẫn sẽ theo đuổi đam mê trở thành bậc thầy về đàn tranh",@Null@,Hiệu ứng đặc biệt: Cơ thể bao quanh bởi lá bánh Chưng,Avatar: Mở khóa hình đại diện,@Null@,,,
70,Twilight Sparkle,Twilight Sparkle là người rất hiểu biết. Cô bé thích đọc sách và có khả năng lãnh đạo. Công chúa Celestia giúp cô học thêm nhiều phép thuật và những kiến thức thú vị,@Null@,Hiệu ứng đặc biệt: Cơ thể bao quanh bởi các hạt phép thuật,Avatar: Mở khóa hình đại diện,@Null@,,,
71,Công Chúa Celestia,"Công chúa Celestia quyền lực, người cai trị Vương quốc Equestria, có sức mạnh ma thuật rất lớn. Nhưng cô ấy là một cô gái dễ thương và rất dễ gần. Bánh ngọt là món khoái khẩu của nàng",@Null@,Hiệu ứng đặc biệt: Cơ thể bao quanh bởi các hạt Vàng lấp lánh,Avatar: Mở khóa hình đại diện,@Null@,,,
72,Fluttershy,Fluttershy sống trong một túp lều gỗ ở rìa thung lũng Pony và kết bạn với nhiều loài động vật. Cô có thể chỉ huy chúng hành động cùng nhau như một biểu tượng của sự lương thiện và hòa hợp,@Null@,Hiệu ứng đặc biệt: Cơ thể bao quanh bởi các hạt Vàng lấp lánh,Avatar: Mở khóa hình đại diện,@Null@,,,
73,Công Chúa Luna,"Công chúa Luna là em gái của Công chúa Celestia, người cai trị thứ hai của Equestria, người chịu trách nhiệm về đêm: mặt trăng và những giấc mơ. Cô thường cứu những chú ngựa con trong những cơn ác mộng. Cô có vẻ bí ẩn và xa cách nhưng thực sự cô rất tốt bụng.",Nhận được từ sự kiện của MWBA,Hiệu ứng cơ thể: Được bao quanh bởi các hình mặt trăng,Avatar: Mở khóa hình đại diện,@Null@,,,
74,Grimlock,"Grimlock là kẻ đáng sợ nhất và hùng mạnh nhất trong số các robot khủng long Dinobots.Tuy nhiên, đây là một kẻ khá hoang dã, lạnh lùng, tàn nhẫn và luôn tỏ vẻ khinh bỉ con người dù vẫn bảo vệ họ khi cần thiết.",Nhận được từ sự kiện của MWBA,Hiệu ứng cơ thể: Phát ra tia lửa điện từ,Avatar: Mở khóa hình đại diện,Dấu chân mạnh mẽ: Nơi đi qua sẽ để lại dấu chân logo,,,
75,Swoop,"Những suy nghĩ đơn giản và hành vi liều lĩnh của Swoop đôi khi thực sự gây phiền nhiễu. Nhưng thực tế, anh ta là một chiến binh tốt bụng. Anh ta đóng một vai trò rất lớn trong đội Dinobots và gánh vác các nhiệm vụ quan trọng.",@Null@,Hiệu ứng cơ thể: Phát ra tia lửa điện từ,Avatar: Mở khóa hình đại diện,Dấu chân mạnh mẽ: Nơi đi qua sẽ để lại dấu chân logo,"#cda5b0aBiến hình: Click nút biến hình bên phải, sẽ biến thành Robot Khủng long!#n",#cda5b0a Kỹ năng độc quyền của Transformers: Swift Wings!#n,
76,Snarl,Snarl là một kẻ bàng quan trước mọi sự việc của nhóm. Anh ta chỉ nghe lệnh của Grimlock và chiến đấu khi cần thiết. Điều đó khiến anh ta trở thành chiến binh mạnh nhất trên chiến trường của Grimlock!,@Null@,Hiệu ứng cơ thể: Phát ra tia lửa điện từ,Avatar: Mở khóa hình đại diện,Dấu chân quyền lực: Nơi đi qua sẽ để lại dấu chân logo đặc biệt,"#cda5b0aBiến hình: Click nút biến hình bên phải, sẽ biến thành Robot Khủng long!#n",#cda5b0a Kỹ năng độc quyền của Transformers: Bone Sweep!#n,
77,Leonardo,"Người ta nói rằng anh ta là một họa sĩ du hành, sử dụng ma thuật màu sắc để thanh lọc thế giới. Màu ấm nhiệt tình, màu lạnh thì trầm mặc. Điều này rất đúng với Leonardo: sự kết hợp giữa màu cam và màu xanh giống như sự bình tĩnh và nhiệt tình của nhân vật.",Nhận được từ sự kiện của MWBA,@Null@,Avatar: Mở khóa hình đại diện,Dấu chân: Nơi đi qua sẽ để lại dấu chân màu xanh,,,
78,Thalia,"Hãy mang cho ta món đồ độc đáo và sáng tạo nhất của ngươi và nhận lại thứ mà ngươi vẫn hằng mơ ước! Đó là lá thư của Thalia được gửi đến những người yêu thích phép thuật trong vũ trụ Mini. Năm 1900 trên một hòn đảo bay, một nữ hoàng xinh đẹp và bí ẩn đã sinh ra trên Alpha Star.",Nhận từ máy quay Gashapon,Hiệu ứng cơ thể: Cánh hoa tím bay quanh cơ thể,Avatar: Mở khóa hình đại diện,Dấu chân: Nơi đi qua sẽ để lại dấu chân hoa hồng,,,
79,Uta,"Hiếm ai có thể nhìn thấy Uta vì anh ấy luôn ẩn thân trong rừng sâu hằng ngày làm bạn với các loài động vật. Khi mùa xuân đến, anh ấy sẽ xuất hiện và sử dụng phép thuật để chữa trị bệnh tật cho người dân trong bộ lạc, trấn an tinh thần cho họ và xua tan những cơn ác mộng. Uta thật xứng đáng là một ẩn sĩ và một người con trai của núi rừng.",@Null@,Hiệu ứng cơ thể: Được bao quanh bởi nhân vật phù thủy,Avatar: Mở khóa hình đại diện,@Null@,,,
80,Ngài Thỏ Laby,Điều tự hào nhất của Laby là có thể trở thành Ngài Thỏ và du hành khắp nơi. Nhưng Ellie dường như có thể nhìn thấu sự cải trang của Laby. Một lá bài bị đánh rơi vô tình đã cho họ gặp nhau và cuộc phiêu lưu kỳ thú bắt đầu. Đây quả là điều kỳ diệu của số phận!,Nhận được từ sự kiện của MWBA,Hiệu ứng biến hình,Avatar: Mở khóa hình đại diện,@Null@,"#cd65b00Biến hình：Click nút biến hình bên phải, có thể hình thành Thỏ hoặc người#n",#cd65b00 Kỹ năng độc quyền: Bone Sweep#n,
81,Pinkie Pie,"Pinkie Pie là chú ngựa tiệc tùng nổi tiếng nhất và có nghị lực phi thường. Cô bé có một tính cách vui vẻ và hoạt bát, thích chọc phá mọi người và ca hát, cô bé cũng rất giỏi làm món tráng miệng. Tâm hồn của cô đại diện cho tiếng cười",@Null@,Hiệu ứng cơ thể: Trái tim hồng bay quanh cơ thể,Avatar: Mở khóa hình đại diện,@Null@,,,
82,Carol,"Carol rất thích ăn kẹo, vì kẹo luôn mang lại may mắn cho cô. Cô bé bị thu hút bởi 1 cửa hàng kẹo khi đang đi dạo. Tại đây cô đã quen bé ma nhỏ và học phép thuật ở đó. Hãy thử một viên kẹo nhé! Sự ngọt ngào của Carol chắc chắn sẽ khiến bạn bất ngờ!",@Null@,Hiệu ứng cơ thể: Bao quanh bởi hào quang phép thuật,Avatar: Mở khóa hình đại diện,@Null@,,,
83,Jerry,"Đậu phụ luôn có vị nhạt ư? Tại sao không thể mặn hay ngọt chứ? Thêm chút nước cốt chanh xem ra cũng ngon! Jerry-người có đầy những ý tưởng tuyệt vời, luôn có thể kết hợp nhiều nguyên liệu khác nhau để tạo ra món ăn bất ngờ nhất. Điều này đã khiến anh trai Cá Nhỏ của cô phải hi sinh thân mình vì mỗi một món mới là một thử thách đầy may rủi",Nhận từ máy quay Gashapon,@Null@,Avatar: Mở khóa hình đại diện,Dấu chân hành tẩu: Nơi đi qua sẽ để lại dấu chân thủy hoa,,,
84,Squid,Là một thành viên của tộc bạch tuộc Mini nhưng Squid không muốn sống dưới biển sâu mãi mãi. Cậu ấy thích lênh đênh trên mặt biển và quan sát những vì sao sáng. Mặc dù không có cánh nhưng cậu ấy có thể phóng tên lửa lên các vì sao nhờ làm việc chăm chỉ và sự giúp đỡ của bạn bè!,Nhận từ máy quay Gashapon,Hiệu ứng cơ thể: Bong bóng bao quanh cơ thể,Avatar: Mở khóa hình đại diện,@Null@,,,
85,Gấu Gigi,"Cuộc sống chính là cuộc phiêu lưu đầy thử thách nhưng không kém phần thú vị. Trong nguy hiểm bạn mới nhận ra khả năng của chính mình, hãy dũng cảm đối diện với nó nhé! Nếu bạn muốn thử thách bản thân mình, tại sao không tới phiêu lưu cùng Gấu Gigi nhỉ?",Nhận từ máy quay Gashapon,@Null@,Avatar: Mở khóa hình đại diện,Dấu chân: Nơi đi qua sẽ để lại dấu chân trắng của loài Gấu,,,
86,Starlight Glimmer,"Một cô gái sở hữu một năng lực phép thuật mạnh mẽ không kém gì Twilight Sparkle, cố ấy là người thành lập thị trấn Utopian, giờ đây cô trở thành bạn của những chú ngựa con khác và là hiệu trưởng của Trường Hữu nghị",@Null@,Hiệu ứng cơ thể: Ánh sáng sao xanh bay quanh cơ thể,Avatar: Mở khóa hình đại diện,@Null@,,,
87,Rainbow Dash,Rainbow Dash dũng cảm và hướng ngoại. Cô ấy rất thích phiêu lưu và trêu chọc mọi người. Rainbow Dash bay rất nhanh với chiếc đuôi Cầu Vồng. Cô ấy đại diện cho lòng trung thành và sự hòa hợp.,@Null@,Hiệu ứng cơ thể: Sở hữu chiếc đuôi cầu vồng,Avatar: Mở khóa hình đại diện,@Null@,,,
88,Công Chúa Cadence,"Cô ấy từng là học trò xinh đẹp, tốt bụng và chu đáo của Công chúa Celestia. Giờ đây cô ấy đã trở thành người bảo vệ bất bại của Đế chế Pha lê dưới thời Vua Sombra. Sự đáng yêu của cô ấy cũng là biểu tượng của Đế chế Pha lê, đại diện cho tình yêu và ánh sáng",@Null@,Hiệu ứng cơ thể: Đá quý thuỷ tinh bay quanh cơ thể,Avatar: Mở khóa hình đại diện,@Null@,,,
89,Audrey,Hãy đến và chiêm ngưỡng sự kỳ diệu của thiên nhiên! Audrey đến từ trường học phép thuật luôn không tiếc lời ca ngợi những phép thuật về côn trùng. Bằng sự nhiệt tình của mình cô ấy đã giành được sự ưu ái của giáo sư Mysia,@Null@,Hiệu ứng cơ thể: Bươm bướm phát quanh bay quanh cơ thể,Avatar: Mở khóa hình đại diện,Dấu chân: Nơi đi qua sẽ để lại dấu chân bướm đêm,,,
90,Predaking,"Predaking - Vua của chủng tộc Predacons, với khả năng tấn công và phòng thủ siêu việt. Predaking là cỗ máy chiến đấu lợi hại nhất của phe Decepticon. Hắn ta có sức mạnh khủng khiếp, là chiến binh bất khả chiến bại trong chiến đấu.",@Null@,Hiệu ứng cơ thể: Phân tách thành 5 skin nhỏ để bạn bè chơi liên thông có thể dùng,Avatar: Mở khóa hình đại diện,Dấu chân: Để lại dấu chân của đội mỗi khi di chuyển,#cda5b0a Biến hình: Nhấp vào nút biến hình ở bên phải để khởi động chế độ kết hợp #n,#cda5b0aKỹ năng độc quyền của Transformer: Thế lực hung ác! #n,
91,Razorclaw,@Null@,@Null@,Hiệu ứng cơ thể: Biến đổi thành siêu xe và đổi chế độ kết hợp trong Map,Avatar: Mở khóa hình đại diện,Dấu chân: Để lại dấu chân của đội mỗi khi di chuyển,,,
92,Headstrong,@Null@,@Null@,Hiệu ứng cơ thể: Biến đổi thành siêu xe và đổi chế độ kết hợp trong Map,Avatar: Mở khóa hình đại diện,Dấu chân: Để lại dấu chân của đội mỗi khi di chuyển,,,
93,Tantrum,@Null@,@Null@,Hiệu ứng cơ thể: Biến đổi thành siêu xe và đổi chế độ kết hợp trong Map,Avatar: Mở khóa hình đại diện,Dấu chân: Để lại dấu chân của đội mỗi khi di chuyển,,,
94,Rampage,@Null@,@Null@,Hiệu ứng cơ thể: Biến đổi thành siêu xe và đổi chế độ kết hợp trong Map,Avatar: Mở khóa hình đại diện,Dấu chân: Để lại dấu chân của phe mỗi khi di chuyển,,,
95,Divebomb,@Null@,@Null@,Hiệu ứng cơ thể: Biến đổi thành siêu xe và đổi chế độ kết hợp trong Map,Avatar: Mở khóa hình đại diện,Dấu chân: Để lại dấu chân của đội mỗi khi di chuyển,,,
96,Superion,"Superion được tạo nên bởi sự kết hợp của các Aerialbots, mọi hành động của anh ấy đều tuân theo hai nguyên tắc cơ bản: Thứ nhất, tiêu diệt Decepticons; Thứ hai, bảo vệ người khác. Khi thế lực tà ác tiếp cận, anh ấy sẽ đứng lên và bảo vệ hòa bình của trái đất.",@Null@,Hiệu ứng cơ thể: Phân tách thành 5 skin nhỏ để bạn bè chơi liên thông có thể dùng,Avatar: Mở khóa hình đại diện,Dấu chân: Để lại dấu chân của đội mỗi khi di chuyển,#cda5b0a Biến hình: Nhấp vào nút biến hình ở bên phải để chuyển chế độ nhiều người chơi! #n,#cda5b0a Kỹ năng độc quyền của Transformer: sức mạnh phi thường! #n,
97,Silverbolt,@Null@,@Null@,Hiệu ứng cơ thể: Biến đổi chế độ kết hợp trong Map,Avatar: Mở khóa hình đại diện,Dấu chân: Để lại dấu chân của đội mỗi khi di chuyển,,,
98,Slingshot,@Null@,@Null@,Hiệu ứng cơ thể: Biến đổi chế độ kết hợp trong Map,Avatar: Mở khóa hình đại diện,Dấu chân: Để lại dấu chân của phe mỗi khi di chuyển,,,
99,Skydive,@Null@,@Null@,Hiệu ứng cơ thể: Biến đổi thành siêu xe và đổi chế độ kết hợp trong Map,Avatar: Mở khóa hình đại diện,Dấu chân: Để lại dấu chân của phe mỗi khi di chuyển,,,
100,Air Raid,@Null@,@Null@,Hiệu ứng cơ thể: Biến đổi chế độ kết hợp trong Map,Avatar: Mở khóa hình đại diện,Dấu chân: Để lại dấu chân của đội mỗi khi di chuyển,,,
101,Fireflight,@Null@,@Null@,Hiệu ứng cơ thể: Biến đổi chế độ kết hợp trong Map,Avatar: Mở khóa hình đại diện,Dấu chân: Để lại dấu chân của đội mỗi khi di chuyển,,,
102,Thần Đồng,Thiên hạ vô địch chính là ta. Không tin hả? Thử chiến đấu không?,Nhận được khi rút thưởng,Dấu chân: Nơi đi qua sẽ để lại dấu chân thiên thể khổng lồ,Avatar: Mở khóa hình đại diện,@Null@,,,
103,Lửa Quỷ,Ta là Chúa tể của Lửa! Thiêu đốt mọi thứ chính là tín ngưỡng của ta.,@Null@,Hiệu ứng cơ thể: Biến hình thành Quỷ vương,Avatar: Mở khóa hình đại diện,@Null@,#cd65b00Biến hình: Nhấp vào nút biến hình ở bên phải để chuyển đổi giữa hình dạng Bò/Người! #n,#cd65b00Kỹ năng độc quyền quỷ lửa: Sức mạnh bò húc! #n,
104,Linh Diêu,"Truyền thuyết kể rằng trong cung điện của Thần gió, có một mỹ nữ sang trọng và thanh lịch. Ồ! Đó chẳng phải ta thì là ai?",@Null@,Hiệu ứng cơ thể: những cánh hoa vàng bay quanh cơ thể,Avatar: Mở khóa hình đại diện,@Null@,,,
105,Ash Khăn Đỏ,"Ash - Giữ cho ngoại hình của cô luôn chỉn chu đảm bảo xứng tầm với thân phận cao quý của kỳ lân. Tuy nhiên, gần đây có rất nhiều người nhòm ngó vào kỳ lân. Cô ấy sẽ không bao giờ nhường lại món quà quý giá mà Nora đã tặng cô cho bất kỳ ai",@Null@,Dấu chân: Nơi đi qua để lại dấu chân nhỏ xinh,Avatar: Mở khóa hình đại diện,@Null@,,,
106,Cool Mini,"Là một huấn luyện viên <Lập trình Mini>, Cool Mini có khả năng lập trình tuyệt vời! Để có được, bạn phải hoàn thành nhiệm vụ trong khóa học Lập trình Mini đấy!",Nhận được khi rút thưởng,Hiệu ứng cơ thể: Các hạt Lượng Tử Bay quanh cơ thể,Avatar: Mở khóa hình đại diện,Dấu chân hành tẩu: Nơi đi qua sẽ để lại dấu chân,,,
107,Sói Nora,"Bạn biết gì không, có Sói trong chuyện cô bé quàng khăn đỏ thật đấy! Nó thích mặc tạp dề và cải trang thành bà để trêu Ash - cô bé điệu đàng quàng khăn đỏ. Tuy nhiên, câu chuyện Cô bé quàng khăn đỏ trong Mini World sẽ không giống câu chuyện cổ tích bạn từng nghe đâu nha!",@Null@,Dấu chân: Nơi đi qua sẽ để lại dấu chân sói,Avatar: Mở khóa hình đại diện,@Null@,,,
108,Tiên Nữ Yaya,"Sự thịnh vượng của thế giới thần tiên Celestial đã thu hút ánh mắt của Yaya. Với chiếc đàn bốn dây trên tay, cô đi khắp thế gian, biểu diễn vô số bài hát với một trái tim an yên và thái độ tĩnh lặng như nước.",@Null@,Hiệu ứng cơ thể: những cánh hoa vàng bay quanh cơ thể,Avatar: Mở khóa hình đại diện,@Null@,,,
109,Song - Hoàng Tử Rồng,"Sau khi trải qua những thăng trầm trong nhân thế, Song quyết định làm theo lời trái tim. Chàng hoàng tử lựa chọn ở lại thế giới thần tiên Celestial với con rồng làm bạn đồng hành, rửa sạch tâm trí và quên đi thế giới đau thương đã qua.",Nhận được từ sự kiện của MWBA,Avatar: Mở khóa hình đại diện,Dấu chân: Nơi đi qua sẽ để lại dấu chân Rồng,@Null@,,,
110,Roselle,"Vào những đêm mùa hè, khu vườn kỳ diệu đang tổ chức một buổi vũ hội hoành tráng. Roselle đã rất ngạc nhiên khi thấy rằng màu xanh lam xuất hiện trong giấc mơ của mình đang đi về phía trung tâm của sân khấu. Những gì đến với anh cũng giống như những cánh hoa rơi mà cô tìm thấy - bông hoa cẩm tú cầu màu xanh.",@Null@,Avatar: Mở khóa hình đại diện,Dấu chân: Để lại dấu chân hoa hồng những nơi cô ấy đi qua,@Null@,,,
111,Mèo Mướp,"Một người sành ăn thiên tài, tôi muốn ăn đồ ăn từ khắp mọi nơi! Dù có rất nhiều món ngon trên thế giới, tôi vẫn thích nhất là hương vị taiyaki do cha mẹ tôi nấu. - Mèo Mướp cho biết sau cuộc phỏng vấn với tờ báo Mini Daily.",Mở khóa bằng gói quà hoặc từ sự kiện,Avatar: Mở khóa hình đại diện,Dấu chân: Để lại dấu hoa chân mèo bất cứ nơi nào anh ấy đi qua,@Null@,,,
112,Hoàng tử Tú Cầu - Charles,"Quả cầu bên ngoài cung điện rực rỡ như những vì sao và pháo hoa. Khi Hoàng Tử Charles nhìn thấy Roselle, anh không giấu được niềm vui bên trong, và cẩn thận lấy những bông hoa mỏng manh mà mình hái được.",Thẻ ưu tiên,Avatar: Mở khóa hình đại diện,Hiệu ứng cơ thể: Các hạt màu xanh lơ lửng xung quanh bạn,@Null@,,,
113,Bong Bóng,Bạn đã nghe truyền thuyết về biển xanh chưa? Bong Bóng được sinh ra là một nhà thám hiểm đấy. Anh ấy thích quan sát thế giới qua bong bóng và có thể tìm thấy những chi tiết mà mọi người không thể nhìn thấy.,Mở khóa bằng gói quà hoặc từ sự kiện,Avatar: Mở khóa hình đại diện,Dấu chân: Để lại dấu chân cá heo bất cứ nơi nào anh ta đi qua,@Null@,,,
114,Hoa Sương Mai,Thay Đổi Trang Phục Tiểu Hoa,@Null@,Avatar: Mở khóa hình đại diện,Hiệu ứng cơ thể: Các bông hoa lơ lửng xung quanh,@Null@,,,
115,Công Chúa Băng Giá Hela,"Một công chúa sinh ra ở Yeloli Wonderland, sống trong một cung điện pha lê băng giá, là nữ thần của băng giá. Do tính cách lạnh lùng băng giá, Hela chưa bao giờ có bạn bè nhưng trái tim của cô rất trong sáng và tốt bụng, không thể làm tổn thương bất cứ ai.",@Null@,Avatar: Mở khóa hình đại diện,Hiệu ứng cơ thể: Tinh thể băng trôi xung quanh bạn,@Null@,,,
116,Rory,"Một công chúa của Yeloli Wonderland, có sức mạnh kỳ diệu của việc chữa bệnh và tình yêu. Sau khi được nữ hoàng biến thành một con búp bê, Rory đã gặp một hoàng tử mà họ đã lập một hiệp ước với nhau và lấy lại hình dạng cũng như sức mạnh phép thuật của cô. Một người hạnh phúc tốt bụng yêu dâu tây.",@Null@,Avatar: Mở khóa hình đại diện,Hiệu ứng cơ thể: Các hạt tim trôi nổi xung quanh bạn,@Null@,,,
117,Óng Ánh,"Cũng giống như ánh sáng, hình dáng của Óng Ánh được tạo ra bởi người triệu hồi. Con người thật của cô ấy vẫn là một bóng đêm chưa được khai phá. Điều đó khiến cô luôn có khát vọng được tự do thể hiện chính mình.",@Null@,Avatar: Mở khóa hình đại diện,Hiệu ứng cơ thể: Các hạt vàng lơ lửng xung quanh bạn,@Null@,,,
118,Lọ Lem,"Nếu bạn thường xuyên tô điểm cuộc sống của mình bằng sức mạnh tưởng tượng, bạn sẽ gặp phải những điều kỳ diệu. Lọ Lem lạc quan và tốt bụng thường mơ tưởng về mình như một nhân vật trong truyện cổ tích, xinh đẹp khi làm việc nhà. Vào ngày Lễ kỷ niệm Vương Quốc, người bạn cổ tích đã biến tưởng tượng của cô thành hiện thực.",@Null@,Avatar: Mở khóa hình đại diện,Dấu chân: Để lại dấu chân hoa hồng bất cứ nơi nào cô ấy đến,@Null@,,,
119,Công Chúa Soul,"Là một thành viên của Lingxi Pavilion, Tiên nữ cấp Thánh, hiền lành và thân thiện, cô sống tại Đền Hoa. Tôn thờ chúng và trân trọng tất cả sự sống và linh hồn, bảo vệ thế giới bằng tất cả tình yêu và trái tim mình.",@Null@,Avatar: Mở khóa hình đại diện,Dấu chân: Dấu chân giày pha lê sẽ để lại bất cứ nơi nào bạn bước đi.,@Null@,,,
120,Tiểu Long Nhân - Scaly,"Scaly chưa bao giờ rời khỏi đại dương: Trong cuộc phiêu lưu này, anh ta trở nên dũng cảm hơn rất nhiều và phát hiện ra rằng những vùng đất không đáng sợ như Scaly nghĩ. Tất cả những điều này chỉ là một thử nghiệm của cha anh để anh trở thành một người kế thừa của vùng nước lướt sóng.",@Null@,Avatar: Mở khóa hình đại diện,Hiệu ứng cơ thể: các tinh thể băng ma thuật nổi trên cơ thể.,@Null@,,,
121,Meo Meo,"Cái gì? Nói tôi thấp bé! Đoán xem chiếc xương cá này xuất hiện trên ghế sofa của bạn từ khi nào? Hoạt bát, vui vẻ và tràn đầy năng lượng, Meo Meo luôn thích dùng xương cá để thể hiện kỹ năng phi tiêu của mình. Bộ lông nhung dễ thương có thể sẽ đánh lừa bạn, vì anh ấy là anh chàng nghịch ngợm nhất hành tinh.",@Null@,Avatar: Mở khóa hình đại diện,Dấu chân: Để lại dấu chân hình đầu mèo.,@Null@,,,
122,Thiên Nga Trắng - Odette,"Khi ngày gặp đêm, giấc mơ và thực tế giao nhau giữa hai con đường. Vậy tôi là ai trong tất cả những điều này?",@Null@,Avatar: Mở khóa hình đại diện,Hiệu ứng cơ thể: Những chiếc lông màu trắng bay xung quanh bạn,@Null@,,,
123,Cecil,"Một trong tám thành viên Lingxi Pavilion, sống ở nơi linh thiêng trong thế giới thần tiên của Ye Luoli --Bốn chiếc đồng hồ chứa phép thuật điều khiển thời gian và có vô vàn bản thể. Với mái tóc dài màu xám bạc và đôi mắt ngân hà, Cecil cao quý và thanh lịch, và sẽ luôn bình tĩnh khi đối mặt với nguy hiểm.",@Null@,Avatar: Mở khóa hình đại diện,Dấu chân: dấu chân đồng hồ được để lại bất cứ nơi nào bạn đi.,@Null@,,,
124,Jessie,"Jessie và Jerry là bạn thân lớn lên cùng nhau. Cô ấy đã từng là người nhút nhát nhưng bị ảnh hưởng bởi sự dũng cảm của Jerry, Jessie đã học cách sử dụng chuông của mình để triệu hồi những con sứa nhỏ để giúp đỡ và cô ấy không bao giờ sợ hãi nữa.Vũ khí bí mật lợi hại nhất chính là sức mạnh của bản lĩnh và tình bạn!",@Null@,Avatar: Mở khóa hình đại diện,Dấu chân: Dấu chân của những con sứa nhỏ để lại ở bất cứ nơi nào bạn đi qua,@Null@,,,
125,Speedy Swirly,"Speedy Swirly là người thiếu kiên nhẫn, anh ấy có nguồn năng lượng vô tận mỗi ngày và không thể dừng lại. Xoay Nhanh thường thích thu thập một số tiện ích thú vị, nếu bạn cần bất cứ điều gì, chỉ cần hỏi anh ấy. Có lẽ anh ấy sẽ có thứ bạn cần trong túi ốc của anh ấy.",@Null@,Avatar: Mở khóa hình đại diện,Dấu chân: dấu chân ốc sên nhỏ để lại bất cứ nơi nào bạn đi qua.,@Null@,,,
126,@Null@,@Null@,@Null@,@Null@,@Null@,@Null@,,,
127,Thiên Nga Đen - Odette,"Hiện thực và giấc mơ tách biệt nhau, ngày và đêm có sự tồn tại của riêng chúng, và tôi, chỉ là bản thân mình mà thôi.",@Null@,Avatar: Mở khóa hình đại diện,Hiệu ứng cơ thể: Những chiếc lông màu tím bay xung quanh bạn,@Null@,,,
128,Hoàng Tử Ếch - Croak,"Cố gắng thêm một chút nữa, mình có thể sẽ thực hiện lời hứa của mình với cô ấy. #r Một nhà nghiên cứu về môi trường sống ở đầm lầy, luôn nhìn vào quả bóng vàng nhỏ trong lòng bàn tay để tự động viên bản thân. Trong đầm lầy ẩm ướt này, chứa đựng hy vọng nho nhỏ của Croak.",@Null@,Avatar: Mở khóa hình đại diện,Dấu chân: Dấu chân lá sen để lại bất cứ nơi nào bạn bước qua.,@Null@,,,
129,@Null@,@Null@,@Null@,@Null@,@Null@,@Null@,,,
130,Bạch Tuyết - Sophia,"Đây là người bạn thân nhất của mình trong số 7 bạn.#rCửa hàng của Sophia có rất nhiều búp bê tinh xảo. Nàng thì thầm với chúng như bạn thân. Để sở hữu búp bê của Sophia, bạn không thể dùng tiền mà phải đổi bằng thứ rất quan trọng đối với bạn. Có thể là gì đây?",@Null@,Avatar: Mở khóa hình đại diện,Dấu chân: Để lại dấu chân quả táo khi đi qua.,@Null@,,,
131,Hansel,"Chàng trai chu đáo và chăm sóc em gái rất tốt. Anh và em gái bị lạc trong rừng rậm hơn một tháng, nhưng lại trở về bên nhau một cách thần kỳ. Anh ấy hiếm khi đề cập đến trải nghiệm của mình trong rừng rậm, nhưng anh ấy đã mang theo chiếc bánh mì kể từ đó. Con chim trên vai được cho là đã được nhặt vào thời điểm đó.",@Null@,Avatar: Mở khóa hình đại diện,Dấu chân: Để lại dấu chân bánh mì,@Null@,,,
132,Gretel,"Gretel rất tin tưởng anh trai mình, thích sưu tầm và nấu nướng, đặc biệt giỏi làm bánh và làm các món tráng miệng. Cô ấy tuyên bố rằng những kỹ năng này được học khi cô ấy bị lạc. Làm thế nào mà cô ấy học được những kỹ năng này trong khu rừng rậm hoang vắng?",@Null@,Avatar: Mở khóa hình đại diện,Dấu chân: Để lại dấu chân hoa đào,@Null@,,,
133,@Null@,@Null@,@Null@,@Null@,@Null@,@Null@,,,
134,@Null@,@Null@,@Null@,@Null@,@Null@,@Null@,,,
135,@Null@,@Null@,@Null@,@Null@,@Null@,@Null@,,,
136,Howl,"Ai hiểu rõ về sức mạnh cảm xúc hơn tôi? #r Là ông chủ của Công ty Happy Movers, Howl thân thiện có thể di chuyển bất cứ thứ gì và tâm trạng của anh được phản ánh trực tiếp trên biểu cảm của anh ấy.  Nếu bạn thấy mẫu cổ áo của anh ấy có sự thay đổi, đừng lo lắng, đó chỉ là Howl đang chuẩn bị giải phóng sức mạnh cảm xúc của mình!",@Null@,Avatar: Mở khóa hình đại diện,Dấu chân: hiện lên dấu chân hình đầu cún con nơi  mà bạn đi qua.,@Null@,,,
137,@Null@,@Null@,@Null@,@Null@,@Null@,@Null@,,,
138,Xuân Vũ,"Bạn thích nghe tiếng mưa không?#rLà thiên thần giao mùa và nhà nghiên cứu sinh thái của Alpha Star, đại diện cho sức mạnh tái sinh. Nàng thích cưỡi cỏ bốn lá, điều khiển mây và mưa. Dù cảm thấy dễ chịu khi bên nàng, nhưng tính khí của nàng thay đổi như thời tiết. Hãy nói thật nhẹ nhàng.",@Null@,Avatar: Mở khóa hình đại diện,Hiệu ứng cơ thể: Bướm bay lượn xung quanh,@Null@,,,
139,Thanh Hạ,"Làm thế nào mà buổi biểu diễn đường phố của tôi có thể bị dừng lại bởi thời tiết này? #r Sau khi trở thành Người mang mùa, mùa hè trở nên say mê hơn với thế giới bên ngoài, không bị ảnh hưởng bởi làn sóng nhiệt bùng nổ mạnh mẽ. Cũng giống như làn gió mùa hè, bạn không thể đoán được nó sẽ là một cơn gió mát hay một cơn mưa đá trong giây phút tiếp theo.",@Null@,Avatar: Mở khóa hình đại diện,Dấu chân: Để lại dấu chân gợn sóng trên mặt nước,@Null@,,,
140,Hương Vị Mùa Thu,"Thưởng thức nước trái cây nào! Dù không điều khiển mùa màng nhưng mẹ thiên nhiên vẫn chọn tôi.#rKhông như mùa hè, mùa đông đầy biến động, trái cây mùa thu thích dịu yên tĩnh lặng, dùng tiết kiệm nhé. Cuộc hành trình này ngoài cứu ngôi nhà chung, còn thực hiện sứ mệnh được gửi gắm.",@Null@,Avatar: Mở khóa hình đại diện,Hiệu ứng cơ thể: Lá bay xung quanh cơ thể!,@Null@,,,
141,Sắc Xanh,Sắc Xanh là thiên thần ma thuật hộ mệnh của Pháo đài Tiên thuật. dưới sự chỉ huy của nữ hoàng Tiên thuật Cô đã thâm nhập vào thế giới con người với tư cách là người cố vấn và là bạn thân nhất của Ling. cũng như trở thành người cố vấn ma thuật cho Maggie và Snowy.,@Null@,Avatar: Mở khóa hình đại diện,Dấu chân: dấu chân hình bông hoa nhỏ màu vàng để lại bất cứ nơi nào bạn bước đi.,@Null@,,,
142,Fables,Thay trang phục cho hoa anh đào,@Null@,Avatar: Mở khóa hình đại diện,Hiệu ứng cơ thể: Những chú thỏ nổi khắp cơ thể!,@Null@,,,
143,Maggi,"Maggie là người chị gái trong gia đình dòng họ nhà Ling.là một tiểu tinh linh của thế giới con người. Cô yêu công lý, lạc quan, nhiệt tình và tốt bụng. đôi khi kiêu ngạo nhưng cũng có lúc lại nghịch ngợm. Maggi có năng khiếu vẽ nhưng lại không kiên nhẫn và không hề thích học.",@Null@,Avatar: Mở khóa hình đại diện,Dấu chân bước đi: dấu chân hình bông hoa xanh nhỏ bé để lại ở bất cứ nơi nào bạn bước đi.,@Null@,,,
144,Snowy,"Snowy là người em gái trong hai chị em dòng họ nhà Ling, là một tiểu tinh linh của thế giới loài người. Rộng lượng và chín chắn, thông minh và điềm tĩnh, luôn làm mọi việc một cách có khoa học. Cô thích học và đọc sách, có học lực khá tốt, giỏi phân tích sự việc. Mặc dù cô ấy nhỏ tuổi nhất, nhưng cuối cùng cô ấy lại là người chăm sóc cho chị gái Maggi.",@Null@,Avatar: Mở khóa hình đại diện,Dấu chân: dấu chân hình bong bóng để lại ở bất cứ nơi nào bạn đi,@Null@,,,
145,Hoàng Tử Amusement,"Amusement là hoàng tử của Pháo đài Tiên thuật, với một mái tóc xanh, anh rời khỏi pháo đài do một sự hiểu lầm với Nữ hoàng Tiên thuật. Mặc dù có vẻ ngoài lạnh lùng nhưng anh ấy thực sự là một người anh trai ấm áp lắp đầy bởi chính nghĩa và sự kiêu hãnh.",@Null@,Avatar: Mở khóa hình đại diện,Hiệu ứng đặc biệt: những ngôi sao lấp lánh trên cơ thể!,@Null@,,,
146,Blossoms,"Hoa Anh Đào nở dọc khắp đường trong tiếng chim én hót. Một năm nữa đã trôi.#rLà người kế thừa kinh nghiệm làm vườn, Blossom đã chăm chút cho từng luống hoa. Khi hết mùa, nàng nhẹ nhàng chạm và thì thầm với chúng: ""Sẽ tốt biết mấy... Nếu bạn vẫn ở đây”.",@Null@,Avatar: Mở khóa hình đại diện,Hiệu ứng: cánh hoa nổi trên cơ thể!,@Null@,,,
147,Lightning,"Có gì trên những đám mây nhỉ? Không có gì ngoài mưa, sấm sét, gió và tuyết.#rLightning thích cảm giác đi trên mây. Anh ấy luôn sử dụng phép thuật bay khắp bầu trời và quan sát những người đang ngập trong mưa tuyết. Anh nhớ lại lần gặp Neo Star, cô gái quyến rũ với bó hoa tươi đẹp ở quê hương nàng.",@Null@,Avatar: Mở khóa hình đại diện,Dấu chân: giọt nước còn lại ở bất cứ nơi nào bạn bước đi.,@Null@,,,
148,Winter,"Không có gì tuyệt vời hơn vẻ đẹp của những ngọn đèn phương Bắc nơi đây, ngoại trừ anh ta #r Lữ khách cô độc. Vì bảo vệ quê hương của mình nên đã bị quái vật hư không nguyền rủa. Sau khi trở thành Sứ giả bốn mùa. Anh tình nguyện trở thành vũ khí của các vì sao. Mang theo cơn thịnh nộ của mình tới những kẻ thù nguy hiểm. Anh ấy là trận bão tuyết đáng sợ nhất mà bạn có thể tưởng tượng ra.",@Null@,Avatar: Mở khóa hình đại diện,Dấu chân: Dấu chân vũ trụ nhỏ để lại bất cứ nơi nào bạn đi.,@Null@,,,
149,Rarity,"Cô là diva của Ponyville, xinh đẹp và thanh lịch, tự tin và đầy quyến rũ, là một nhà thiết kế thời trang thiên tài với cửa hàng thời trang của riêng mình. Cô ấy thích nhìn những chú ngựa con mặc trang phục do cô ấy thiết kế.",@Null@,Avatar: Mở khóa hình đại diện,Hiệu ứng cơ thể: những viên kim cương nhỏ xuất hiện trên cơ thể!,@Null@,,,
150,Applejack,Applejack có phẩm chất cao đẹp và những đức tính tốt. Nàng luôn ủng hộ và bảo vệ bạn bè của mình. Nàng chịu trách nhiệm thu hoạch táo trong vườn và chú chó cưng Winona là người bạn tốt nhất của nàng. Applejack là đại diện cho sự trung thực.,@Null@,Avatar: Mở khóa hình đại diện,Hiệu ứng cơ thể: táo nhỏ trên cơ thể!,@Null@,,,
151,A La Đin,"""Theo đuổi dấu vết của Kushia, đến kho báu của Nguyệt Sa, A La Đin ..."" 
Được sử dụng bởi một pháp sư bí ẩn, cuốn sách phép thuật câm lặng huyền bí - ""Một nghìn lẻ một đêm"" được anh ta tìm được trong Di tích Nguyệt Sa chứa đầy nguy nan. Anh ta quyết tâm chống lại nên đã dấn thân vào cuộc hành trình tìm kiếm kho báu Nguyệt Sa”.",@Null@,Avatar: Mở khóa hình đại diện,Hiệu ứng cơ thể: phù hiệu bí ẩn trôi nổi trên cơ thể!,@Null@,,,
152,Pinocchio,"Dù làm bằng gỗ, nhưng để có cảm giác ấm áp, nó sẵn sàng ôm lấy những ngọn lửa đang cháy.",@Null@,Avatar: Mở khóa hình đại diện,Dấu chân: Dấu chân thắt nơ để lại ở bất cứ nơi nào bạn bước đi.,@Null@,,,
153,Tasha,Cuộc sống là một chiếc đồng hồ lên dây cót. Mọi người đã chán ngấy với vòng quay của nó nhưng sợ rằng nó sẽ dừng lại ở thời điểm tốt nhất.,@Null@,Avatar: Mở khóa hình đại diện,Hiệu ứng cơ thể: lông nhấp nháy nổi trên cơ thể!,@Null@,,,
154,Amy,"Amy, Jessi và Alyssa là bạn thân của nhau, cùng nhau chiến đấu chống lại Chúa quỷ hắc ám. Khứu giác của Amy đặc biệt nhạy cảm. Sau khi trở thành nàng tiên ma thuật, thường phát hiện kẻ thù bằng khứu giác của mình, điều này giúp ích rất nhiều. Mặc dù cô ấy hiền lành, dễ khóc nhưng vẻ ngoài rất cứng rắn và rất bình tĩnh khi gặp những rắc rối.",@Null@,Avatar: Mở khóa hình đại diện,Dấu chân: Những ngôi sao và dấu chân được để lại ở bất cứ nơi nào bạn bước đi.,@Null@,,,
155,Jessi,"Amy, Jessi và Alyssa là bạn thân và cùng nhau chiến đấu chống lại Chúa quỷ đen. Jessi rất nhạy cảm với màu sắc và trí tưởng tượng của cô ấy vượt trội hơn người thường. Cô ấy là một thiên tài hội họa hiếm có. Tuy ít nói nhưng cô ấy rất tốt bụng, tính cách có phần cố chấp và bướng bỉnh.",@Null@,Avatar: Mở khóa hình đại diện,Hiệu ứng trên cơ thể: ánh sáng hồng tỏa ra từ cơ thể!,@Null@,,,
156,Công Chúa Alysa,"Alyssa là Công chúa của Vương quốc phép thuật Coior Fort. Cô ấy có một mái tóc vàng rất đẹp được buộc đuôi ngựa cùng với  chiếc vương miện trên đầu. Tính cách của cô khá là hoạt bát và vui vẻ, thích nói chuyện và mạo hiểm, không sợ hãi, nhưng cũng đôi lúc bốc đồng. Cô ấy thường sử dụng ma thuật sắc màu để vẽ khi cảm thấy không vui.",@Null@,Avatar: Mở khóa hình đại diện,Hiệu ứng cơ thể: năng lượng ma thuật lướt qua cơ thể!,@Null@,,,
157,@Null@,@Null@,@Null@,@Null@,@Null@,@Null@,,,
158,Phù Thuỷ Ma Cà Rồng Lotte,"Một tiếng còi, con cú lông tuyết bay tới, dừng ở trên vai thiếu niên. 
Thiếu niên da trắng nhợt nhạt cầm lấy lá thư từ con cú, nháy mắt xanh lục, hắn nghiêng đầu hỏi: 
""Bạn đã thấy nó là một ma cà rồng biết phép thuật chưa?""",@Null@,Avatar: Mở khóa hình đại diện,Hiệu ứng cơ thể: Những ngôi sao huyền diệu trôi nổi xung quanh bạn!,@Null@,,,
159,Nguyệt Tiên,@Null@,@Null@,Avatar: Mở khóa hình đại diện,Hiệu ứng cơ thể: Hình in hoa và chú thỏ trắng nổi xung quanh bạn!,@Null@,,,
160,Jade,"Bột sen hay táo tàu? Mãng cầu hay matcha? Chúng tôi có tất cả mọi thứ! 
Những chiếc bánh trung thu nhỏ với vỏ ngoài tròn trịa, bên trong lại ẩn chứa những điều kỳ diệu, đầy bất ngờ. Nữ đầu bếp này sẽ thể hiện sự sáng tạo không giới hạn, đưa các món tráng miệng lên một tầm cao mới, bắt đầu xu hướng trên toàn thế giới!. Bạn đã sẵn sàng đón nhận thiên đường ngọt ngào này chưa?",@Null@,Avatar: Mở khóa hình đại diện,Hiệu ứng cơ thể: Những con bướm nhỏ trôi nổi xung quanh bạn!,@Null@,,,
161,Người Chơi Kèn Nita,"Nita vốn là một con búp bê thỏ bằng sứ trong khu vườn nhà Roselle. Cô đã chứng kiến ​​tình cảnh Roselle cố gắng thực hành phép thuật trong khu vườn mỗi đêm vì cô nhớ mẹ cô, và cô đã được ban cho sự sống bởi phép thuật. Đi xuyên qua khu rừng rậm và đẩy đi bụi gai, cô chỉ muốn cho khu vườn kỳ diệu nở hoa một lần nữa.",@Null@,Avatar: Mở khóa hình đại diện,Hiệu ứng cơ thể: Các nốt nhạc nổi xung quanh bạn!,#cda5b0a Chỉ có được ở Hộp Quà Trúc Mộng#n,,,
162,Tay Trống Nick,"Nick và em gái Nita là một cặp thỏ trang trí bằng gốm sứ mà người soát vé đã tặng cho khu vườn nhà Roselle. Không giống như Nita muốn ở lại trong vườn, Nick bí mật cảm thấy rằng anh ấy quan trọng hơn đối với nhạc trưởng và muốn trở lại dàn nhạc.",@Null@,Avatar: Mở khóa hình đại diện,Hiệu ứng cơ thể: Các nốt nhạc nổi xung quanh bạn!,#cda5b0a Chỉ có được ở Hộp Quà Trúc Mộng#n,,,
163,Dragonbell,@Null@,@Null@,Avatar: Mở khóa hình đại diện,Dấu chân: Dù bạn đi đâu cũng để lại dấu chân.,@Null@,,,
164,Nineteen,"Dù trông như đứa trẻ nhưng anh ấy lại là một bậc thầy. Với sự hiện diện của Sư phụ Vạn Lịch và anh em, chiêu ""Thăng Long"" sẽ không dễ dàng bị bại lộ. Chắc chắn rồi, tôi vẫn thích chơi game với anh em mình nhất! Nếu bạn thua... tôi sẽ khóc vì bạn mà.",@Null@,Avatar: Mở khóa hình đại diện,Hiệu ứng cơ thể: các hạt năng lượng lơ lửng trên đầu!,@Null@,,,
165,Teddy Ngọt Ngào,"Vị ngọt trên đầu môi,
Ai nếm được nước mắt,
Mặn nồng trong vị ngọt,
Kẹo gấu chính là tôi!
Trong vô vàng ngôn từ của hạnh phúc, trái tim của gấu nhỏ vẫn là ngọt ngào nhất.",@Null@,Avatar: Mở khóa hình đại diện,Dấu chân: Kẹo rơi và dấu chân gấu sẽ để lại ở bất cứ nơi nào mà bạn đi qua.,#cda5b0a Chỉ có được ở Hộp Quà Trúc Mộng#n,,,
166,Mộng Mơ,"Ngáp là hành động đặc trưng của tôi. Mọi người đều gọi tôi là người mơ mộng. Mặt trời, các vì sao và mặt trăng đều nằm trong chiếc gối êm ái của tôi. Đeo khăn bịt mắt vào và ngay lập tức chìm vào giấc ngủ. Ngày và đêm, hãy đến và mơ cùng tôi!",@Null@,Avatar: Mở khóa hình đại diện,Hiệu ứng cơ thể: Bong bóng ngủ nổi trên cơ thể!,#cda5b0a Chỉ có được ở Hộp Quà Trúc Mộng#n,,,
167,Polly,"Khi sương mù của cuộc đời được vén màn, liệu bạn có dám đến gần, cánh cửa được che đậy và che giấu sự thật gì? Cô ấy là nữ hoàng của lâu đài, một cô gái công nghệ bị giam giữ. Bạn có nghe thấy điều đó không? Khi cô ấy hét lên:"" Kẻ xiềng xích tôi lại chắc chắn sẽ trở thành kẻ thua cuộc dưới chân tôi! """,@Null@,Avatar: Mở khóa hình đại diện,Dấu chân: để lại dấu chân của bong bóng phát sáng bất cứ nơi nào bạn bước đi.,@Null@,,,
168,@Null@,@Null@,@Null@,@Null@,@Null@,@Null@,,,
169,Siren,"Khi chim hót và nhảy, nó liên quan đến một điều gì đó về trái tim của con người. khi thời gian trôi qua, và làn gió yếu ớt khẽ ghé ngang, liệu kẻ thống trị của thế giới sẽ xuất hiện. Cô ấy hiểu số phận và niềm tin của mình. Vì những thứ cần đề phòng còn quý hơn vàng bạc, đồ trang sức.",@Null@,Avatar: Mở khóa hình đại diện,Hiệu ứng cơ thể: lá bạch quả vàng nổi trên cơ thể!,#cda5b0a Tương tác: Có thể kích hoạt các hành động tương tác với Bá Tước Bầu Trời! #n,,,
170,@Null@,@Null@,@Null@,@Null@,@Null@,@Null@,,,
171,Bá Tước Bầu Trời,"Vị hoàng đế bị mắc kẹt trong cơn ác mộng đang phải vật lộn để tìm lại ánh hào quang còn sót lại của mình. Cho đến khi, anh nghe thấy tiếng của tâm hồn ... Anh có nghe thấy tiếng hát đó không ...? Làm theo và cố gắng sống sót!",@Null@,Avatar: Mở khóa hình đại diện,Hiệu ứng đặc biệt trên cơ thể: Các hạt năng lượng màu lục lam đang trôi nổi trên cơ thể!,#cda5b0a Tương tác: Có thể kích hoạt các hành động tương tác với Siren! #n,,,
172,Yuer,"Váy khiêu vũ, quạt hát, quần áo lông vũ, ánh đèn, 
Bạn có thích quạt và quần áo của tôi? 
Chỉ cần tìm cô gái này!",@Null@,Avatar: Mở khóa hình đại diện,Hiệu ứng cơ thể: hoa màu xanh lá cây nổi trên cơ thể!,,,,
173,Tạ Tri Lễ,"Tất cả con người được sinh ra với một bản chất tốt. Và khi lớn lên, chúng ta bắt đầu khác biệt. 
Đối với tôi, chiến đấu và giết chóc chẳng hay ho chút nào.",@Null@,Avatar: Mở khóa hình đại diện,Hiệu ứng cơ thể: Các ký tự Trung Hoa nổi trên cơ thể!,,,,
174,Casper,"Đèn lồng cầm tay, với một con quạ trên vai của bạn, ai là người bảo vệ của đêm tối? 
Cơ thể được trời phú cho khả năng phân tán bóng tối, nhưng lại chỉ khao khát một giấc ngủ ngon yên bình. 
Nếu ai đó không tốt, hãy để anh ta thử thập giá của tôi!",@Null@,Avatar: Mở khóa hình đại diện,Dấu chân: ngọn lửa đen để lại bất cứ nơi nào bạn đi qua.,@Null@,,,
175,Olivia,"Đêm được trang trí bằng sợi chỉ mỏng manh, không ai dám tranh giành bó hoa. Loài hoa của sự bất tử không sống không chết, không héo tàn, bạn có thể nói cho tôi biết, người đã cứu tôi có nuôi một con quạ không?",@Null@,Avatar: Mở khóa hình đại diện,Dấu chân: Hoa hồng được để lại ở bất cứ nơi nào bạn bước đi.,@Null@,,,
176,Yuna,Hãy biến thành một con mèo đen dễ thương trong đêm nay và đến với loài người để thực hiện các quyền của phù thủy này!,@Null@,Avatar: Mở khóa hình đại diện,Hiệu ứng cơ thể: Dơi bí ẩn bao quanh cơ thể!,@Null@,,,
177,Andrew,"Khi màn đêm buông xuống, bóng tối dần bao trùm khắp thế giới. Nhện kết thành mạng, dơi bay thành đàn, tôi là vị thần của mùa Halloween bí ẩn và đẹp trai.",@Null@,Avatar: Mở khóa hình đại diện,Hiệu ứng cơ thể: Dơi bí ẩn bao quanh cơ thể!,@Null@,,,
178,Đặc Vụ Dã Nhân Vô Cực Sói Bạc,"Sói Bạc sinh ra trong tộc Sói Trắng, bẩm sinh nhanh nhẹn, điềm đạm và quyết đoán. Anh là thành viên của Tổ chức Đặc vụ Ngôi sao Cao cấp - ""Beast Attack"". Vũ khí được sử dụng trong vụ va chạm là một lưỡi súng được làm lại với sự giúp đỡ của Mecha Meow. Trong đội, anh ấy đóng vai trò như một tiền đạo trong những pha cận chiến. Cánh quạt máy bay thường được giấu trong găng tay có thể được sử dụng để hỗ trợ cuộc tấn công.",@Null@,Avatar: Mở khóa hình đại diện,Dấu chân: Biểu tượng đặc vụ được để lại bất cứ nơi nào bạn đi tới.,@Null@,,,
179,Công Chúa Soul,"Tên thật là Hua Ling, và được hầu hết mọi người gọi là Công chúa Soul. Cô ấy là nữ thần bảo vệ sự sống. Cô ấy sống trong ngôi đền hoa xinh đẹp và lộng lẫy, tôn trọng sự sống và linh hồn. Bảo vệ các sinh vật trên thế giới bằng tình yêu thương không chỉ mang lại cho con người cảm giác thân thiết bên ngoài mà còn rất dịu dàng bên trong.",@Null@,Avatar: Mở khóa hình đại diện,Hiệu ứng cơ thể: Có hoa và bướm nổi trên cơ thể!,@Null@,,,
180,Dragonsky,"Cô gái rồng ẩn dật của xứ sở thần tiên, nhưng có một trái tim đầy trí tưởng tượng và khao khát tự do. Tình cờ gặp Scaly, một cô gái hà khắc nhỏ bé, và hình thành một tình bạn để trao đổi đồ ăn vặt. Tôi đã thu được rất nhiều kiến ​​thức về thế giới bên ngoài từ Scaly, hy vọng một ngày nào đó sẽ có ích.",@Null@,Avatar: Mở khóa hình đại diện,Dấu chân đi bộ: để lại dấu chân xương ở bất cứ nơi nào bạn bước đi.,#cda5b0a Chỉ có được ở Hộp Quà Trúc Mộng#n,,,
181,Turkey Expert Torque,"Torque là đầu bếp bí ẩn của Cooking Star. Sở hữu cửa hàng gà tây chỉ mở cửa khi Lễ Tạ ơn đang đến gần trong năm. Và mỗi khi xuất hiện, anh ấy chắc chắn sẽ mang theo món gà tây nướng món ăn đặc trưng của mình.",@Null@,Avatar: Mở khóa hình đại diện,Dấu chân: Dấu chân Thổ Nhĩ Kỳ để lại ở bất cứ nơi nào bạn đi tới,#cda5b0a Chỉ có được ở Hộp Quà Trúc Mộng#n,,,
182,Mứt Dâu Berry,"Berry là người hiểu rõ nhất về dâu tây. Cô ấy thích mọi khía cạnh của dâu tây, từ trồng và đâm chồi đến ra hoa và kết trái, từ hái trên ruộng đến phục vụ bàn ăn, Berry đều thích nó.",@Null@,Avatar: Mở khóa hình đại diện,Dấu chân: Dấu chân dâu để lại ở bất cứ nơi nào bạn bước đi.,#cda5b0a Chỉ có được ở Hộp Quà Trúc Mộng#n,,,
183,Ganesh,"Ganesh kết hợp trí tuệ và nghệ thuật để phá bỏ những trở ngại và mang lại thành công và hạnh phúc. Trên đời sẽ không có số mệnh hoàn hảo và lý tưởng. Mọi người muốn đạt được thành công, có được kiến ​​thức hay trí tuệ thì đều phải nỗ lực và hy sinh.",@Null@,Avatar: Mở khóa hình đại diện,Hiệu ứng cơ thể: cánh sen nổi trên cơ thể!,@Null@,,,
184,Nữ hoàng EDM Sasha,"Sasha là ca sĩ nổi tiếng nhất ở Terrastar, nhưng sự siêu nổi tiếng này cũng khiến cô gặp rắc rối lớn, sự nghiệp âm nhạc của Sasha bị đình trệ một thời gian. Cho đến khi tình cờ gặp Mini-Beat, DJ cực kỳ tài năng này đã truyền cảm hứng cho cô và bắt đầu trải nghiệm các sáng tạo âm nhạc điện tử, điều này đã đưa Sash đạt đỉnh cao sự nghiệp ca sĩ một lần nữa ...",@Null@,Avatar: Mở khóa hình đại diện,Hiệu ứng toàn thân: các nốt nhạc đầy màu sắc hiện trên cơ thể!,@Null@,,,
185,Thần Hộ Vệ Yuni,"Trong khu rừng huyền diệu của Xứ Sở Diệu Kỳ nơi mà nhóm kỳ lân cuối cùng sinh sống ở Phoenix. Trong thời đại mà pháp thuật ngày càng khan hiếm, kỳ lân cũng đang đối mặt với cuộc đe dọa sinh tồn. Là người trẻ nhất trong nhóm, Yuni tình nguyện bắt đầu một cuộc hành trình gian khó để sử dụng đặc sản rừng ""Ngọc trai pháp thuật"" để đổi lấy sức mạnh pháp thuật của thần hộ vệ ...",@Null@,Avatar: Mở khóa hình đại diện,Dấu chân: Dấu chân cánh bướm để lại ở bất cứ nơi nào bạn bước đi.,@Null@,,,
186,Yun Shang,"Nàng ấy là một nhà thiết kế thời trang với đôi tay khéo léo và trí tưởng tượng phong phú, cũng là một nhà du hành chú tâm đến sự sáng tạo cũng như tính kế thừa.
Nàng bay giữa các hành tinh khác nhau trong lãnh thổ sao Rồng, hấp thụ sức mạnh của các kiểu thời trang khác nhau.
Nếu bạn muốn thử phong cách thời trang khác nhau, hãy tìm nàng ấy!",@Null@,Avatar: Mở khóa hình đại diện,Hiệu ứng toàn thân: các đóa hoa màu hồng hiện trên cơ thể!,@Null@,,,
187,Xiang Er,"Xiang Er là đại sứ của Cooking Star, cô quên ăn quên ngủ để tổ chức lễ hội mùa đông, lúc nào cũng như chưa thức giấc. Lập Đông đến Nguyên Đán, cô bận rộn không chú ý, tự nhiên mới phát hiện năm mới lại đến rồi!",@Null@,Avatar: Mở khóa hình đại diện,Dấu chân: Dấu chân dê để lại ở bất cứ nơi nào bạn bước đi.,@Null@,,,
188,Ting Huai,"Là tài năng thần đồng được mong đợi nhất ở Sao Đại Đồng, được khai sáng khi cậu mới xuất hiện, cậu đã từ bỏ công việc mơ ước để dấn thân vào con đường học giả. Do vô tình đã giúp đỡ các đệ tử mà được đi ghi nhận vào thế giới thần tiên và bắt đầu cuộc hành trình kỳ thú ""Chốn Đào Xuân"" ...",@Null@,Avatar: Mở khóa hình đại diện,Hiệu ứng toàn thân: Lá trúc trôi nổi trên cơ thể,@Null@,,,
189,Múa Lân Sư Rồng,@Null@,@Null@,Avatar: Mở khóa hình đại diện,Dấu chân: Để lại dấu chân hình Tú Cầu khi đi qua.,@Null@,,,
190,Mật Ngọt,"“Trên trời sẽ không rớt mật ong!” chính là câu thần chú của Mật Ngọt, là thành viên mới gia nhập thị trấn, sự siêng năng của nàng gây ấn tượng với mọi người. Vào 9 giờ thứ 2 hàng tuần, trước cửa mọi nhà đều có 1 hũ mật ong, mọi người đều khen đây là loại mật ngon nhất từng ăn.",Mở khóa vật phẩm có thể nhận từ sự kiện,Avatar: Mở khóa hình đại diện,Dấu chân: Nơi đi qua sẽ để lại dấu chân Mật Ong.,#cda5b0a Chỉ có được ở Hộp Quà Trúc Mộng#n,,,
191,Deity,"Cao nhân ngoài hành tinh sao Đại Đồng, trông rất tuấn tú, giống như trích tiên, rất giỏi biến hóa, thường biến thành Hạc, bay khỏi trần thế. Ngoài rất thân với Hằng Nga còn có thân phận bí ẩn, sợ nhất khi Hằng Nga nổi giận.",Nhận từ máy quay Gashapon,Avatar: Mở khóa hình đại diện,Hiệu ứng toàn thân: Trên cơ thể thoát ra linh khí màu xanh!,@Null@,,,
192,Yun Yan,"Con gái út của gia tộc Tiên Phong Tinh Linh Hồ cùng Tinh Vân Kiếm Tiên Cang Hong là bạn lâu năm. Bị ảnh hưởng bởi Cang Hong, nàng không thích phép thuật mà thích công nghệ, thích mày mò các đồ chơi cơ khí, khiến nàng giống như kẻ ngoại lai trong gia tộc. Nhưng Yun Yan không quan tâm, người khác không biết công nghệ tuyệt vời làm sao!",@Null@,Avatar: Mở khóa hình đại diện,Hiệu ứng toàn thân: Trên cơ thể bay nổi hình trái tim màu hồng!,#cda5b0a Chỉ có được ở Hộp Quà Trúc Mộng#n,,,
193,Cang Hong,"“Kiếm Tiên” thần bí nhất của sao Đại Đồng, ngoài tên Cang Hong thì tuổi tác, nguồn gốc và nơi ở đều không ai hay biết. Tương truyền, thanh kiếm của cậu là Kiếm Tiên, khi vung lên toàn thân tỏa ra ánh sang chói lọi, chém đứt vạn vật. Nhưng ít người biết rằng thanh kiếm này đến từ sao Manda…",@Null@,Avatar: Mở khóa hình đại diện,Hiệu ứng toàn thân: Cơ thể lấp lánh ánh sáng thần tiên!,#cda5b0a Chỉ có được ở Hộp Quà Trúc Mộng#n,,,
194,Katrina,"Bạn phải mất bao lâu để quên đi người mình từng yêu sâu sắc?
Nàng đã mất 500 năm
Nàng hóa thân sứ giả bóng tối, ngày đêm chờ đợi chàng trong vô vọng. Trong mỗi đêm khuya vắng vẻ, nàng hóa thân thành vũ công bất tử chỉ để được gặp chàng lần cuối.",@Null@,Avatar: Mở khóa hình đại diện,Hiệu ứng cơ thể: Bướm đang bay xung quanh!,@Null@,,,
195,Cô Gái Nhện,"Tôi thích đặt mình vào tầm ngắm, bởi trong giây kế tiếp, người thợ săn coi mình là thông minh sẽ không rời đi.
Thoát khỏi vô vọng không bằng từ bỏ phản kháng. Giấc mơ ngọt ngào nhất rốt cuộc cũng chỉ là tấm lưới do tôi dệt nên.",@Null@,Avatar: Mở khóa hình đại diện,Dấu chân: nơi đi qua sẽ để lại dấu chân con nhện.,@Null@,,,
196,Miranda,"Vòng nguyệt quế vàng, ban cho tôi trí tuệ và sức mạnh. Mặt trời đỏ lửa nuôi dưỡng vạn vật sinh sôi. Tôi, người được mọi người mệnh danh là nữ thần mặt trời, thành tâm cầu nguyện rằng ánh sáng cuộc sống sẽ không bao giờ tắt.",@Null@,Hiệu ứng cơ thể: có thể thực hiện tính năng biến dạng và chuyển đổi hình thái.,Avatar: Mở khóa hình đại diện,Hiệu ứng cơ thể: toàn thân tràn ngập ánh sáng mặt trời!,#cda5b0aBiến hình: Click vào nút biến hình bên phải để chuyển đổi dạng bình thường/ rạng rỡ!#n,,
197,Hiệp Hoàng Đế,"Bộ giáp mạnh nhất trong vũ trụ vô cực, là vị hoàng đế trong bộ áo giáp vương giả, là đấng tối cao của thế giới tươi sáng. Hiện thân của thiên đàng và thống trị mọi thứ. Ngài còn có con thú giáp - Rồng chiến hoàng đế đầu tiên.",@Null@,Hiệu ứng cơ thể: có thể thực hiện tính năng biến dạng và chuyển đổi hình thái.,Avatar: Mở khóa hình đại diện,Dấu chân: Để lại dấu chân Hoàng Đế bất cứ nơi nào đi qua.,#cda5b0aBiến hình：Click vào nút biến hình bên phải để chuyển đổi dạng bình thường/ tối cao!#n,,
198,Hổ Tâm Ngọc,"Là một cao thủ võ thuật đấm tới tận xương tủy, đồng thời là một người sưu tập bảo vật lấp lánh!
Từ những thỏi lớn và đồng xu đồng cho đến thủy tinh vỏ nhỏ, chúng đều là những món yêu thích của tôi.
Muốn tôi tấn công? Vậy thì ... hãy cho tôi thấy sự chân thành của bạn trước!",@Null@,Hiệu ứng cơ thể: có thể thực hiện tính năng biến dạng và chuyển đổi hình thái.,Dấu chân: Dấu chân Túi Tiền để lại ở bất cứ nơi nào bạn bước đi.,@Null@,,,
199,Hổ Tiếu Phong,"Ngọn gió bằng nắm đấm xuyên qua không khí, và máu khuấy trong tim. Tôi là một anh hùng, đừng sợ thử thách bản thân! Móc ngón tay, vạn chiêu, ta không sợ!",@Null@,Avatar: Mở khóa hình đại diện,Dấu chân: Dấu chân Hổ để lại ở bất cứ nơi nào bạn bước đi.,@Null@,,,
200,Evelyn,"Vượt suối, băng qua núi, nghe chim hót, ngửi hương hoa Dã Quỳ. Nếu một con bướm đi lạc vào lưới của tôi, đừng sợ! Tôi sẽ trả tự do cho nó",@Null@,Avatar: Mở khóa hình đại diện,Hiệu ứng cơ thể: Bướm hồng đang bay xung quanh!,@Null@,,,
201,Tyrinn,"Sự thật được che giấu trong rừng, và bí ẩn nằm trong những ngọn đồi. Người ta nói rằng kiến ​​thức của tôi phụ thuộc vào bộ não thông minh, nhưng ai biết rằng trí tuệ chỉ tỏa sáng nhờ thực hành!",@Null@,Avatar: Mở khóa hình đại diện,Hiệu ứng cơ thể: Bướm cam đang bay xung quanh!,@Null@,,,
202,Frost,"Mái tóc bồng bềnh như mây, đôi mắt lấp lánh như ngọc, cặp tóc sáng như cánh bướm... Đều không bằng em. Em ngọt ngào như kẹo bông! Thôi nào! Trong biển mây nhẹ nhàng và êm ái này với tôi, hãy đắm mình trong niềm vui!",@Null@,Avatar: Mở khóa hình đại diện,Hiệu ứng cơ thể: Kẹo bay xung quanh!,#cda5b0a Chỉ có được ở Hộp Quà Trúc Mộng#n,,,
203,Tiên Nữ Nghê Thường,@Null@,@Null@,Avatar: Mở khóa hình đại diện,Hiệu ứng cơ thể: Bướm tím đang bay xung quanh!,@Null@,,,
204,Hiệp Viêm Long,"Thuộc mệnh Hỏa trong ngũ hành, là người có năng lực cân bằng và tiềm năng nhất trong 5 chiến binh.
Trong số 5 bộ giáp ánh sáng và bóng tối, bộ giáp duy nhất cho phép hai người triệu hồi cùng lúc, cũng là bộ giáp có khả năng tiêu hao năng lực chậm nhất.",@Null@,Avatar: Mở khóa hình đại diện,Dấu chân: Để lại dấu chân rồng đỏ khi đi qua.,@Null@,,,
205,Lễ Hội Nữ Hoàng,"Bộ váy khiêu vũ được khảm vô số kim cương và sequins, dưới ánh nắng chói chang lấp lánh ánh vàng, nữ hoàng lễ hội hóa trang đang trong trạng thái tinh thần phấn chấn, vừa hát vừa nhảy theo điệu nhạc. Cả vũ công và khán giả đều đắm mình trong tiếng hát quên đi mọi muộn phiền và cùng nhảy múa trong lễ hội.",@Null@,Avatar: Mở khóa hình đại diện,Dấu chân: Để lại dấu chân dải màu khi đi qua.,@Null@,,,
206,Trúc Đôn Đôn,"Đen và trắng là sự kết hợp hoàn hảo, có điều mình thích bạn tràn đầy sắc màu giống như mình thích trúc xanh vậy! Đừng hiểu nhầm nhé, mình sẽ không ăn bạn đâu~",@Null@,Avatar: Mở khóa hình đại diện,@Null@,@Null@,,,
207,Cao Thủ Bóng Chày,"Trên sân bóng rộng lớn, Ootani là tuyển thủ bóng chày xuất sắc tại cả 2 vị trí Ném Bóng và Đánh Bóng. Được mệnh danh là tuyển thủ toàn diện nhất lịch sử.",@Null@,Avatar: Mở khóa hình đại diện,Dấu chân: Để lại dấu chân hình bóng chày khi đi qua,@Null@,,,
208,Mota,"Bay tự do trong gió và bơi trong độ sâu của biển.
Tôi là người bay giỏi nhất đại dương và là người bơi nhanh nhất trên bầu trời.
Nếu bạn muốn tìm tin tức giữa trời và nước, hãy tìm tôi!",@Null@,Avatar: Mở khóa hình đại diện,Hiệu ứng cơ thể: Bong bóng bay xung quanh!,#cda5b0a Chỉ có được ở Hộp Quà Trúc Mộng#n,,,
209,Hoa Lửa,"Trời đêm tĩnh lặng pháo hoa bay
Đỏ đỏ xanh xanh trông thật hay
Đủ kiểu lập loà như múa máy
Nhanh đến xem ngay cùng ước nguyện!",@Null@,Avatar: Mở khóa hình đại diện,Hiệu ứng cơ thể: Những bông hoa màu hồng trôi nổi trên cơ thể!,@Null@,,,
210,Lấp Lánh,"Thực hiện trò ảo thuật để ước muốn thành hiện thực
Sao băng ơi, xin hay sáng mãi, lấp lánh mãi
Nguyện ước ngàn đời, xin Sao trả lời!",@Null@,Avatar: Mở khóa hình đại diện,Dấu chân: Để lại dấu chân Sao sáu cánh khi đi qua.,@Null@,,,
211,Diễm Linh,"Tiếng trống báo hiệu chiến tranh đang vang lên dữ dội. Kẻ thù của ta, ngươi đang ở nơi nào? Khắp nơi chìm trong biển lửa, ta ở đây để bảo vệ gia đình. Cơn thịnh nộ hóa ý chí chiến đấu, niềm tin luôn ngụ trong trái tim ta. Đến cuối cùng, Cự Long nhất định sẽ xuất hiện trở lại!",Mở khóa vật phẩm có thể nhận từ sự kiện,Avatar: Mở khóa hình đại diện,Hiệu ứng cơ thể: Hoa lửa nổi trên cơ thể!,@Null@,,,
212,Đào Mộng Điệp,"Vũ có thể cưỡi ngựa và vung kiếm. Văn có thể vẽ và đọc thơ. Khi cô ấy ra trận, bất khả chiến bại!",@Null@,Avatar: Mở khóa hình đại diện,Hiệu ứng cơ thể: Những bông hoa màu hồng trôi nổi trên cơ thể!,@Null@,,,
213,Đội Trưởng Bóng Đá,"Cậu bé từng đi chân trần trên đường phố giờ đã trở thành một chú đại bàng không thể cản phá trên sân đá cỏ xanh, đi bóng lắt léo, liên tục vượt lên và tung cú sút uy lực, không ngừng tạo nên những kỳ tích, dẫn dắt đội bóng của mình hết lần này đến lần khác chiến thắng.",@Null@,Avatar: Mở khóa hình đại diện,@Null@,@Null@,,,
214,Shirley,"Gió tuyết ngàn năm không thể làm lạnh trái tim ấm.
Người tuyết làm bạn đồng hành cũng là một loại may mắn.
Điều ước của tôi là băng tuyết không tan, và các bạn được về nhà",@Null@,Avatar: Mở khóa hình đại diện,Dấu chân: để lại dấu chân bông tuyết khi đi qua,@Null@,,,
215,Budi,Budi sống ở vùng Đông Nam Á xinh đẹp. Thời trang gắn liền với anh ta. Sở thích của anh là đi xe máy dọc theo bờ biển và tận hưởng làn gió biển cùng với bạn bè.,@Null@,Avatar: Mở khóa hình đại diện,@Null@,@Null@,,,
216,Dewi,"Dewi nhảy những điệu nhảy bà của cô đã dạy khi cô còn nhỏ. Khiêu vũ gợi lại ký ức cũ của cô về mặt trời, gió biển và mùi tươi mát của lá cây cọ.",@Null@,Avatar: Mở khóa hình đại diện,@Null@,@Null@,,,
217,Sứ Giả Bóng Tối,"Một vũ công nhanh nhẹn và chính xác ẩn trong bóng tối. Sự nhanh nhẹn với mũ trùm đầu màu xanh đậm là dấu hiệu của cô ấy. Mọi người không biết tên cô ấy. Họ chỉ biết rằng dưới cái bóng của những vì sao và mặt trăng, có một người phụ nữ bí ẩn trừng phạt những kẻ ác.",@Null@,Avatar: Mở khóa hình đại diện,@Null@,@Null@,,,
218,Nhật Bình Cách Tân,"Nhật Bình Cách Tân là nàng công chúa đến từ Việt Nam, trang phục nàng mặc là sự kết hợp hoàn mỹ giữa váy Lolita dễ thương và áo khoác Nhật Bình ngắn đậm chất cổ xưa, vừa phảng phất nét mộc mạc, nhưng cũng đầy những cung bậc sắc màu trẻ trung, tươi vui. Xuyên không đến hiện đại công chúa gặp Tri Âm. Nàng là tác phẩm đạt giải nhất trong cuộc thi Thiết Kế Thời Trang MW Việt Nam.",@Null@,Avatar: Mở khóa hình đại diện,Hiệu ứng cơ thể: Hoa Sen bay trôi nổi trên cơ thể!,@Null@,,,
219,Mặt Trăng Ác Mộng,"Cô là hình dạng xấu xí của Công chúa Luna, người đã trở thành vật chủ của những cơn ác mộng vì mâu thuẫn với chị gái. Sau khi năng lượng hòa bình tác động đến cô, cô đã trở về bên cạnh chị gái mình để cùng nhau cai trị vương quốc. Công chúa Luna thật ra rất hiền và sợ cô đơn, kể từ đó, cô đã cố gắng tạo dựng hình tượng gần gũi với mọi người.",@Null@,Avatar: Mở khóa hình đại diện,Hiệu ứng cơ thể: Cơ thể tỏa ra ánh sao!,@Null@,,,
220,Glicita,"Những bức tường góc phố để lộ dấu vết của tôi, và những bức hình vẽ Graffiti ghi lại nhiều kỷ niệm. Đừng nghi ngờ nghệ thuật của tôi, vì ngoài tài năng còn có cả tình yêu thương được trao gửi.",@Null@,Avatar: Mở khóa hình đại diện,Dấu chân: để lại dấu chân vẽ bậy khi đi qua,@Null@,,,
221,Lico,"Từ xưa đến nay, Graffiti là niềm đam mê của tôi, và tôi đã quen với việc thể hiện nội tâm bằng các tác phẩm. Từ giờ về sau, Graffiti luôn là niềm yêu thích của tôi. Xịt lên tường, hãy tạo ra một tác phẩm xuất sắc.",@Null@,Avatar: Mở khóa hình đại diện,Dấu chân: để lại dấu chân vẽ bậy khi đi qua,@Null@,,,
222,Nini Thức Tỉnh,"Cánh chim đại bàng vỗ vào bầu trời, và quyền trượng phân định lãnh thổ.
Đó là vinh dự của tôi khi được bảo vệ sự an toàn của bộ tộc!",@Null@,Avatar: Mở khóa hình đại diện,Hiệu ứng cơ thể: Các hạt năng lượng trôi nổi trên cơ thể.,@Null@,,,
223,Kaka Thức Tỉnh,"Ngọn nến tắt thì không có lửa, và khi hết sáp sẽ không có ánh sáng.
Sau bao gian nan, hoài bão có còn?
Dù gió có mạnh thế nào, người thanh niên vẫn bước đi một mình!",@Null@,Avatar: Mở khóa hình đại diện,Hiệu ứng cơ thể: Các hạt năng lượng trôi nổi trên cơ thể.,@Null@,,,
224,Lục Lạc,"Với đầu óc thông minh và sự chăm chỉ của mình, Lục Lạc đã giải quyết được hiện tượng cây hoa huệ độc trong thung lũng, và trở thành một học giả về bảo tồn thực vật thần bí đồng thời là người bảo vệ hoa huệ trắng trong trái tim mọi người. Hiện tại, nàng đang khám phá thêm những bí ẩn về những loài thực vật thần kỳ của Alpha Star với Tiên Nhỏ Hoa Gió!",,Avatar: Mở khóa hình đại diện,Dấu chân đi bộ: Để lại dấu chân bạch kim bạch kim.,,,,
225,Correia,"Trải nghiệm hương vị, khám phá bí mật của món ăn.
Kỹ năng thiên tài, biến điều bình thường thành điều kỳ diệu.
Vô số thử nghiệm đã được thực hiện để đạt đến sự hoàn hảo.",,Avatar: Mở khóa hình đại diện,Hiệu ứng cơ thể: Lemon và lá bạc hà đang lan rộng trên cơ thể!,#cda5b0a Chỉ có được ở Hộp Quà Trúc Mộng#n,,,
226,,,,,,,,,
227,,,,,,,,,
228,Công Chúa Tóc Dài - Lola,"Tiếng khóc từ tầng cao, âm thanh vang vọng nhưng chẳng ai nhận ra được món quà của thượng đế ban tặng, dễ dàng sở hữu nhưng cũng không thể tránh khỏi những thử thách. Đến khi phép màu và vị thiên sứ biến mất, nơi đây chỉ còn lại là đống hoang tàn.",,Avatar: Mở khóa hình đại diện,Hiệu ứng cơ thể: Cánh hoa và lá nằm rải rác trên cơ thể!,,,,
229,Mega,"Mega - Nhà chế tạo vũ khí cơ giáp cực ngầu đến từ vũ trụ thần bí, toàn thân trên dưới đều là máy móc công nghệ tinh xảo và độ chuẩn xác cao, áo khoác được dùng bằng chất liệu đặc biệt bất khả xâm phạm, mắt kính thỉnh thoảng lóe lên dày đặc các dòng chữ phát sáng, phía sau là thiết bị kỳ lạ chứa năng lượng cực khủng, thỉnh thoảng có thể được dùng như một khẩu đại bác, hoặc là vung lên đánh bay kẻ xấu!",,Hình đại diện: Mở khóa hình đại diện.,Hiệu ứng cơ thể: trên cơ thể tản ra các luồng chớp cơ giới!,,,,
230,Linh Hồ Mơ Ước - Hoa Dương,"Ác mộng khó quên che nắng,  vô thường phá vỡ tuổi thanh xuân. Chơi đàn gửi ưu tư vào bài hát, mưa rơi và mọi người cuối cùng cũng giải tán, chúng ta đã không bao giờ gặp nhau từ đó.",,"Thay đổi đặc biệt: Chức năng đổi màu có thể được thực hiện trong game, thay đổi hình dạng
và trạng thái!","Khung hình đại diện và hiệu ứng cơ thể: Khung hình đại diện riêng, hoa trà đỏ nhạt nổi trên cơ thể.",#cda5b0aNhấp vào nút đổi màu ở bên trái để chuyển Linh Hồ sang trạng thái nghịch ngợm và ngây thơ. #n,#cda5b0aNhấp vào nút đổi màu bên trái để chuyển Linh Hồ sang trạng thái hoa lệ. #n,#cda5b0aChỉ nhận được ở Hộp Quà Tinh Huy#n,
231,Linh Hồ Mơ Ước - Hoa Dương,"Nhớ núi đầy hoa, tiếng hát rộn rã. Bên chim yến réo rắt tuổi trẻ, lúc ấy tiếng cười nói ồn ào, nắng xuân ngập tràn.",,"Thay đổi đặc biệt: Chức năng đổi màu có thể được thực hiện trong game, thay đổi hình dạng và
trạng thái!","Khung hình đại diện và hiệu ứng cơ thể: Khung hình đại diện riêng, hoa trà đỏ nổi xung quanh!",#cda5b0aNhấp vào nút đổi màu ở bên trái để chuyển Linh Hồ sang trạng thái nhẹ nhàng và mạnh mẽ. #n,#cda5b0aNhấp vào nút đổi màu bên trái để chuyển Linh Hồ sang trạng thái hoa lệ. #n,#cda5b0aChỉ nhận được ở Hộp Quà Tinh Huy#n,
232,Linh Hồ Mơ Ước - Hoa Dương,"Trong thế giới bụi bặm, tái sinh từ máu. Đuổi mây phá nắng tìm nắng xuân, mơ trở về bờ sóng xanh, vành đai ngọc phản chiếu thanh xuân. ",,"Thay đổi đặc biệt: Chức năng đổi màu có thể được thực hiện trong game, thay đổi hình dạng và
trạng thái!","Khung hình đại diện và hiệu ứng cơ thể: Khung hình đại diện riêng, hoa trà đỏ đậm nổi xung quanh!",#cda5b0aNhấp vào nút đổi màu ở bên trái để chuyển Linh Hồ sang trạng thái nhẹ nhàng và mạnh mẽ. #n,#cda5b0aNhấp vào nút đổi màu ở bên trái để chuyển Linh Hồ sang trạng thái nghịch ngợm và ngây thơ. #n,#cda5b0aChỉ nhận được ở Hộp Quà Tinh Huy#n,
233,Cô Gái Hoàng Hôn,"Nàng từng là học sinh của công chúa Vũ Trụ, mặc dù đã từng bước vào con đường vòng nhưng cuối cùng cũng đã tìm lại chính mình, tiến lên phía trước, cùng với những đối thủ trước kia kết thành bạn bè. Nàng cũng bạn bè khắp nơi kết thành tâm giao.",,Avatar: Mở khóa hình đại diện.,Hiệu ứng toàn thân: Vòng sáng hoàng hôn trôi nổi khắp toàn thân!,,,,
234,Trixie,"Trixie là một vị pháp sư lữ hành tài ba, nắm rõ các loại phép thuật của vũ đài, chuyên biểu diễn các tiết mục đặc sắc cho những Ngựa Con ở các quốc gia Ngựa. Biểu tượng dễ thương của nàng là gậy phép thuật Tinh Nguyệt, còn gọi là ""Pháp Trò"", vì thế nên bất kỳ phép thuật nào nàng cũng học một cách trọn vẹn.",,Avatar: Mở khóa hình đại diện.,Hiệu ứng toàn thân: Năng lượng phép thuật trôi nổi khắp toàn thân!,,,,
235,Cậu Bé Áo Giáp,"Cậu Bé Áo Giáp là chàng trai tuấn tú, kết bạn trăm năm cùng với công chúa Cadence, tính cách trầm mặc nhưng đầy trách nhiệm. Cậu cùng công chúa Cadence quản lý đế quốc Pha Lê. Biểu tượng đáng yêu của cậu ấy là chiếc Khiên vững chãi cùng những ngôi sao lấp lánh, phép thuật cũng rất mạnh đấy!",,Avatar: Mở khóa hình đại diện.,Hiệu ứng toàn thân: Ánh sao lấp lánh trôi nổi khắp toàn thân!,,,,
236,Lumil,"Hãy thưởng thức Kem Sữa tươi, ngắm đèn màu lấp lánh.
Cưỡi Ngựa gỗ quay quay, cùng cười vui mê say.
Tận hưởng giờ phút tươi đẹp dưới ánh đèn sao nào!",,Avatar: Mở khóa hình đại diện.,Hiệu ứng toàn thân: Sao sáng trôi nổi khắp toàn thân!,,,,
237,Lucia,"Ngửi mùi thơm Bỏng Ngô, nô đùa thật thỏa thích.
Lên vòng quay đu đưa, đuổi theo kịp mặt trời!
Cùng vui chơi thả ga, đừng lo nóng bức nha!",,Avatar: Mở khóa hình đại diện.,Hiệu ứng toàn thân: Sao sáng trôi nổi khắp toàn thân!,,,,
238,"Cô Bé Ngón Tay Cái  Tiny ","Thân hình nhỏ bé, dũng khí to lớn. Bắt chuột bắt chim, canh cá đuổi dê. Tôi đã đi xuyên rừng và thực hiện kỹ thuật chữa khỏi bí mật!",,Khung: : Mở khóa khung hình đại diện,"Hiệu ứng cơ thể: Cơ thể lan tỏa năng lượng chữa khỏi ",#cda5b0a Chỉ có được ở Hộp Quà Trúc Mộng#n,,,
239,Bé Long,"Miệng cười tươi như hoa là vũ khí tuyệt chiêu của bé Long,
Sữa mềm mủm mỉm có thể xóa đi mọi ưu phiền.
Vật May Mắn không phải muốn làm đều được,
Đầu tiên Núm Sữa là không thể thiếu được... Này, cướp của mình cũng không làm được đâu nhé!",,Avatar: Mở khóa hình đại diện.,Hiệu ứng toàn thân: Ánh sáng vàng lấp lánh trôi nổi khắp toàn thân!,,,,
240,Đường Tam,"Không có Võ Hồn phế thải, chỉ có Hồn Sư phế thải !",,Avatar: Mở khóa hình đại diện .,Dấu chân: Nơi đi qua sẽ đề lại dấu chân tia chớp.,#cda5b0a Hành động dành riêng cho Skin Đấu La Đại Lục: thể hiện Võ Hồn!,,,
241,Tiểu Vũ,"Chào bạn, mình tên là Tiểu Vũ, ""Vũ"" có nghĩa là ""múa"".",,"Avatar: Mở khóa hình đại diện  ",Hiệu ứng cơ thể: cánh hoa hồng rơi từ cơ thể!,#cda5b0a Hành động dành riêng cho Skin Đấu La Đại Lục: thể hiện Võ Hồn!,,,
242,"Bỉ Bỉ Đông ","Đối với một người mạnh mẽ, nếu bạn không thể khiến anh ấy đầu hàng, tốt nhất hay để cậu ấy ngủ yên mãi mãi.",,"Avatar: Mở khóa hình đại diện ","Hiệu ứng cơ thể: Lông vũ rơi từ cơ thể ",#cda5b0a Hành động dành riêng cho Skin Đấu La Đại Lục: thể hiện Võ Hồn!,,,
243,"Oscar ","Thiên tài thực sự đã được ban cho vinh quang tối cao ngay từ khi sinh ra, và tôi chỉ dành cả đời để cố gắng đến gần với vinh quang đó.",,"Avatar: Mở khóa hình đại diện ",Dấu chân: Nơi đi qua sẽ đề lại dấu chân lạp xưởng,#cda5b0a Hành động dành riêng cho Skin Đấu La Đại Lục: Phóng Hồn Kỹ!,#cda5b0aChỉ có được ở Gashapon#n,,
244,"Mã Hồng Tuấn ",Người chưa nghe nói trong tổ cỏ cũng có phượng hoàng vàng sao?,"Mở khóa vật phẩm nhận được từ sự kiện ","Avatar: Mở khóa hình đại diện ","Dấu chân: Nơi đi qua sẽ đề lại dấu chân ngọn lửa ",#cda5b0a Hành động dành riêng cho Skin Đấu La Đại Lục: thể hiện Võ Hồn!,,,
245,Ỷ La,"Sắc xuân tươi đẹp treo trên cây, cành vùi mùa đông mong én về. Lên trời vào đất, từ đông sang xuân, bạn có muốn tham gia trải nghiệm nhân gian này không?",,"Avatar: Mở khóa hình đại diện ","Hiệu ứng cơ thể: hoa tử đằng rơi từ cơ thể ",,,,
246,Đới Mộc Bạch,"Ta muốn trở nên mạnh mẽ hơn, đủ mạnh để bảo vệ những người xung quanh ta.",,Avatar: Mở khóa ảnh đại diện,Hiệu ứng: Sét sẽ phát ra trên cơ thể!,#cda5b0aĐộng tác độc quyền của trang phục Đấu La Đại Lục: Hiển thị Võ Hồn! #n,,,
247,Chu Trúc Thanh,"Ta không muốn cuộc đời ta bị người khác quyết định, ta muốn được tự do. Đó là lý do ta muốn trở nên mạnh hơn.",,Avatar: Mở khóa ảnh đại diện,Hiệu ứng: Những đốm ánh sáng màu tím xuất hiện trên cơ thể!,#cda5b0aĐộng tác độc quyền của trang phục Đấu La Đại Lục: Hiển thị Võ Hồn! #n,,,
248,Ninh Vinh Vinh,"Quá khứ đã không cách nào thay đổi, cho dù phải dùng hết cả đời, ta cũng muốn khôi phục lại minh đạo kia!",,Avatar: Mở khóa ảnh đại diện,Hiệu ứng: Những đốm sáng màu xanh lơ lửng trên cơ thể!,#cda5b0aĐộng tác độc quyền của trang phục Đấu La Đại Lục: Hiển thị Võ Hồn! #n,,,
249,@Null@,@Null@,@Null@,,,,,,
250,@Null@,,,,,,,,
251,Mị Ảnh Rừng Mưa Thủy Khê,"Lắng nghe tận đáy lòng, cố chấp trước sự hoàn mỹ
Làm tiêu điểm giữa đám đông, cũng làm Mị Ảnh giữa Rừng Mưa
Từ nơi không nhìn thấy, tại giờ phút này, ta tắm lửa sống lại.",,"Thay đổi ánh sáng: Tạo hình dạng với ánh sáng biến hóa huyền ảo trong map, nhấp vào nút bên trái để xem hướng dẫn.","Ảo Hóa: Khi ánh sáng trong môi trường lớn hơn 9, ảo hóa trở thành hoàng hôn, nhấp vào nút bên trái để xem trước.","Động Tác Độc Quyền: Có nhiều động tác độc quyền trong map, nhấp vào nút bên trái để xem trước các động tác liên quan.",#cda5b0aChỉ nhận được ở Hộp Quà Tinh Huy#n,,
252,Mai Cơ,"Một cô gái tin tưởng rằng công nghệ có thể thay đổi cuộc sống và thực sự thích sáng chế. Thường ngày cô ấy rất hòa đồng và đáng yêu, nhưng có sự nghiêm túc và kiên trì tuyệt đối đối với khoa học, ước mơ lớn nhất là tạo ra đôi cánh cơ khí có thể cho phép con người bay tự do.",,Avatar: Mở khóa ảnh đại diện,Hiệu ứng: Trên cơ thể có những đốm ánh sáng vàng!,,,,
253,Aerobat,"Tính cách nghiêm khắc và nghiêm túc khiến anh chỉ tin tưởng vào lý thuyết nghiêm ngặt và kết quả thực tế có thể kiểm soát được. Sau nhiều lần tính toán và thử nghiệm, Erobai tin chắc rằng máy bay là phương tiện hiệu quả nhất để bay và chế giễu ý tưởng của Mai Cơ.",,Avatar: Mở khóa ảnh đại diện,Hiệu ứng: Trên cơ thể xuất hiện bánh răng!,,,,
254,Theo Đuổi Ước Mơ,"Hãy tắm trên bầu trời và nói chuyện với các vì sao.
Hãy tìm kiếm nền văn minh vĩ đại và khám phá những bí ẩn của vũ trụ.
Có người hỏi, tận thế là gì?
Tôi nghĩ bầu trời đầy sao là một điều kỳ diệu của tạo hóa.",,Hình đại diện: Mở khóa hình đại diện.,Hiệu ứng thân thể: Toàn thân tản ra năng lượng vũ trụ!,,,,
255,Đại bàng bộ lạc Kaka,"Đại bàng bay ngang tấn công bầu trời, quyền trượng vòng tròn lãnh thổ. 
Bảo vệ an nguy của bộ lạc là sứ mệnh vinh dự của tôi!",@Null@,Hình đại diện: Mở khóa hình đại diện.,Hiệu ứng đặc biệt của cơ thể: cơ thể nổi huỳnh quang màu xanh lá cây!,@Null@,@Null@,@Null@,@Null@
256,Bộ Tộc Trưởng Nini,"Nến không tồn tại nếu không có lửa, sáp cũng sẽ không còn nữa. 
Khi khó khăn vây quanh, tham vọng vẫn còn tồn tại? 
Cho dù gió lớn nổi lên, thiếu niên vẫn độc hành tiến bước!",,Hình đại diện: Mở khóa hình đại diện.,Hiệu ứng toàn thân: Trên thân tản khắp ánh sao!,,,,
269,Hoàng Hôn Chạng Vạng Thủy Khê,"Kiếm tìm mùa tuyết vô biên trong mùa hè, nhảy cùng pháo hoa tưng bừng trong mùa đông
Ngập chìm trong tiếng vỗ tay của vạn người, cũng không sợ nhất thời cô đơn lạnh lùng
Phía sau hoàng hôn, là ta, cùng Lạc Hà nhảy múa.",,"Thay Đổi Ánh Sáng: Tạo hình dạng biến hóa huyền ảo với ánh sáng môi trường trong map, nhấp vào nút bên trái để xem hướng dẫn.","Ảo Hóa: Khi ánh sáng trong môi trường nhỏ hơn hoặc bằng 9, ảo hóa thành Mị Ảnh Rừng Mưa, nhấp vào nút bên trái để xem trước.","Động Tác Độc Quyền: Có nhiều động tác độc quyền trong map, nhấp vào nút bên trái để xem trước các động tác liên quan.",#cda5b0aChỉ nhận được ở Hộp Quà Tinh Huy#n,,
270,Tòm,"Lò lửa bùn đỏ cuộn tròn hương thơm, mang theo nhiều loại khói lửa nhân gian. 
Chữa lành cơ thể và tâm trí bằng nguyên liệu thực phẩm, an ủi tâm trạng bằng mùi khói. 
Hương vị kỳ diệu không thể ngưng lại, khiến người ta hét lên: 
Tươi quá, cay quá, bà chủ thêm món!",,Hình đại diện: Mở khóa hình đại diện.,Hiệu ứng cơ thể: Trên cơ thể tán ra các nguyên liệu thực phẩm!,,,,
273,Di Hòa,"Mùi chua nhẹ kích thích đầu lưỡi chồi vị giác, 
Cùi trái cây xanh nuôi dưỡng các hạt ngọt ngào. 
Bạn hỏi tôi rốt cuộc là chua? hay ngọt? 
Tôi nghĩ đó là sự biến hóa khôn lường của thiên nhiên.",,Hình đại diện: Mở khóa hình đại diện Di Hòa,Hiệu ứng toàn thân: Quả Kiwi bay nổi trôi khắp cơ thể!,,,,
274,Hồng Tử,"Gió thu cuốn theo lá vàng rơi, 
Hương thơm phảng phất đầu mũi người đi đường,
Mỗi khi cảnh tượng này xuất hiện, 
Chính là mùa hồng chín đang đến.",,Hình đại diện: Mở khóa hình đại diện.,Hiệu ứng cơ thể: Những lá hồng bay phảng phất trên người!,,,,
276,Tuyết Quần,"Che mặt trắng tinh khôi bay múa, váy theo nhịp điệu nở xòe, 
Hương thơm bay trong rừng, rải rác khắp nơi, 
Tất cả đều là hương vị hạnh phúc.",,Hình đại diện: Mở khóa hình đại diện Tuyết Quần.,Hiệu ứng toàn thân: Trên cơ thể tản ra hoa trắng và lông vũ!,,,,
277,Trúc Sênh,"Dối trá biến thành tai họa, hư ảo bao phủ ngập tràn, 
Nụ cười dưới màn che trắng tinh khôi, âu yếm thân mật, 
Phải chăng có vài phần chân thật, vài phần dưới lớp màn che.",,Hình đại diện: Mở khóa hình đại diện Trúc Sênh.,Hiệu ứng toàn thân: Trên cơ thể tản ra hoa trắng và lông vũ!,,,,
278,Rồng Sao Trời Carper,"Cậu ấy từng là anh hùng diệt rồng, do đã chiến đấu quá lâu với rồng nên đã biến thành rồng và trở thành mình người đầu rồng. Cậu ấy chịu được sự cám dỗ của sức mạnh trong dòng máu rồng và giữ vững được bản chất của mình, nhưng sự thay đổi của cơ thể đó vẫn khiến dân làng sợ hãi. Với cuộc sống mới, Carper bắt đầu tìm kiếmquê hương mới.",,"Hiệu ứng cơ thể: Có thể thực hiện chức năng biến hình trong game, chuyển đổi trạng thái hình dạng!",Hình đại diện: Mở khóa hình đại diện Rồng Sao Trời.,Hiệu ứng toàn thân: Trên người tán ra vô số tinh quang màu tím!,"#cda5b0aBiến hình: Nhấp vào nút biến hình bên trái, có thể biến thành Rồng Sao Trời! #n",#cda5b0aChỉ có được ở Hộp Quà Trúc Mộng#n,
279,Thợ Săn Quỷ Dimon,"Khi hàng trăm quỷ dữ du hành trong đêm Halloween luôn có những linh hồn độc ác chà lẫn vào, ánh sáng dao lóe lên, tất cả các linh hồn độc ác đều bị chém chết dưới lưỡi liềm xanh ngắt. Ngoài tiếng ồn ào khắp nơi, hắn còn canh gác sự yên bình của lễ hội với ánh sáng linh hồn lấp lánh.",,Hình đại diện: Mở khóa hình đại diện Dimon,Hiệu ứng toàn thân: Ngọn lửa Hồn màu xanh dương tán khắp trên người!,,,,
280,Olian,"""Chuông vang vang, Chuông vang vang, Chuông giáo đường ấm cúng...""
Ngân nga những lời bài hát quen thuộc, treo những quả bóng đèn sáng lung linh và ruy băng lên cây thông Noel cao lớn, hãy để Olian thắp sáng ngôi sao lớn nhất trên đỉnh cây nào!",,Avatar: Mở khóa khung hình đại diện skin Olian,Hiệu ứng cơ thể: Các ngôi sao lấp lánh tản ra khắp toàn thân!,,,,
281,Fifi,"Bước chân nhẹ nhàng hơn những bông tuyết rơi trong im lặng, một chuỗi dấu chân hoa Mai hằn in phía sau càng trở nên đáng yêu hơn.
Khoác lên lễ phục được chuẩn bị đặc biệt, dáng vẻ của Fifi khi di chuyển trong tuyết phải thật thanh lịch mới được!","Mở khóa vật phẩm nhận được từ sự kiện ",Avatar: Mở khóa hình đại diện skin Fifi,Dấu chân khi đi: Để lại dấu chân Mèo ở những nơi đi qua.,,,,
282,Tally Trúc Sớm Mai,"Ca sĩ chính của Ban nhạc Rock Điện - Tally Trúc có hai phong cách biểu diễn hoàn toàn khác nhau: Nhẹ nhàng thanh mát như gió nhẹ lay lá trúc, hoặc nồng nhiệt điên cuồng như bóng trúc múa trong cơn mưa bão.  
Chuyện có hai linh hồn trong cùng một cơ thể, điều bí mật này không thể tiết lộ cho bất cứ ai!",,Avatar: Mở khóa avatar.,Hiệu ứng cơ thể: Trên người phát ra lá trúc!,#cda5b0a Đổi Màu: Nhấp vào nút đổi màu ở bên trái để chuyển sang trạng thái Đêm Tàn. #n,,,
283,Tally Trúc Đêm Tàn,"Ca sĩ chính của Ban nhạc Rock Điện - Tally Trúc có hai phong cách biểu diễn hoàn toàn khác nhau: Nhẹ nhàng thanh mát như gió nhẹ lay lá trúc, hoặc nồng nhiệt điên cuồng như bóng trúc múa trong cơn mưa bão.  
Chuyện có hai linh hồn trong cùng một cơ thể, điều bí mật này không thể tiết lộ cho bất cứ ai!",,Avatar: Mở khóa avatar.,Hiệu ứng cơ thể: Trên người phát ra sao mờ!,#cda5b0a Đổi Màu: Nhấp vào nút đổi màu ở bên trái để chuyển sang trạng thái Sớm Mai. #n,,,
284,Hạt Dẻ,"Chú Sóc bé nhỏ dịu dàng và nhút nhát, là một sinh viên chuyên ngành đàn Violon xuất sắc của Học viện Âm nhạc Lá Thu, bình thường hay rất e ngại, nhưng khi chơi đàn Violon dường như toàn bộ cơ thể đều nhấp nháy theo những nốt nhạc vàng kim.",,Avatar: Mở khóa hình đại diện skin Hạt Dẻ,Hiệu ứng toàn thân: toàn thân bay nổi nốt nhạc vàng kim,,,,
285,Đặc Vụ Thỏ Tuyết,"Tinh anh của bộ tộc Thỏ Tuyết, vừa lạnh lùng cũng rất kiêu ngạo. Là thành viên của tổ chức đặc vụ cấp cao Gomanda - ""Đặc Vụ Dã Nhân"". Vũ khí là súng chạy bằng khí Heli do bộ tộc Thỏ Tuyết chế tạo, đeo kính ngắm siêu tốc độ cao và giỏi bắn tỉa đường dài.",,Avatar: Mở khóa khung hình đại diện skin Đặc Vụ Lose.,Dấu chân khi đi: Để lại dấu chân Hoa Tuyết ở những nơi đi qua.,,,,
286,Reina,"Tay trống chính đích thực của ban nhạc Rock điện, tiếng trống dữ dội như gió cuốn mạnh và mưa xối xả là phong cách mà Reina yêu thích.

Còn về tiếng sấm điện quang thỉnh thoảng xuất hiện khi biểu diễn. Có thực sự chỉ là hiệu ứng đặc biệt trên sân khấu không? 

Không cần quan tâm đâu! Sau khi buổi biểu diễn kết thúc hãy cùng nhau đi ăn mì Ramen ngon tuyệt nhé!",,Avatar: Mở khóa khung hình đại diện skin Reina,Hiệu ứng toàn thân: Sẽ phát ra tia chớp điện khắp toàn thân!,#cda5b0a Chỉ có được ở Hộp Quà Trúc Mộng#n,,,
287,Maria,"""Chuông ngân vang, chuông ngân vang, chuông giáo đường vang vang……""
Hãy nghe lời bài hát quen thuộc rộn ràng vang vọng khắp các con phố và ngõ nhỏ!
Bạn có muốn đến tham gia bữa tiệc giáng sinh của Maria không nào?",,Avatar: Mở khóa hình đại diện skin Maria,Hiệu ứng toàn thân: Trên thân nổi lên các vì sao sáng!,,,,
288,Elise,"Ngày tuyết rơi, đợi chờ hoa sương giá nở rộ
Khi mọi thứ yên ắng, hãy bơi lặn cùng cá heo
Về phép thuật của mùa đông, nói thế nào cũng không hết~",,Avatar: Mở khóa hình đại diện skin Elise,Dấu chân khi đi: Để lại những bông tuyết tinh thể băng những nơi khi đi qua.,#cda5b0a Chỉ có được ở Hộp Quà Trúc Mộng#n,,,
291,Tuyết Tròn Trịa,"Tặng quà trong vui vẻ, háo hực nhận Lì Xì
Bay trong gió không phải là tuyết đâu, là sự bắt đầu của vạn vật đang tới!",,Avatar: Mở khóa hình đại diện skin Tuyết Tròn Trịa,Hiệu ứng toàn thân: Hoa tuyết trôi nổi khắp trên người!,,,,
292,Trúc Tung Tóe,"Kít Kít Két Két~ Búng quả cầu tuyết nào. Bùm bùm đùng đùng~ Đốt một quả pháo thôi
Tiếng nổ không phải là tiếng pháo đâu, mà là cảnh tượng của năm mới đang đến đấy!",,Avatar: Mở khóa khung hình đại diện skin Trúc Tung Tóe,Hiệu ứng toàn thân: Trên thân tán ra Kết Đồng Tâm như ý cát tường!,,,,
293,Chúa Tể Hải Dương Canorus,"Âm thanh của Dương Xỉ tạt qua đêm,
Linh Diệu Chu Tinh vọng ra tiếng sáo suy tư. 
Đuôi Cá và Sừng Cừu được cho là logic của lý trí, 
Hỗn loạn lập lại pháo đài phòng thủ sẽ bị sụp đổ.",,Avatar: Mở khóa khung hình đại diện skin Chúa Tể Hải Dương Canorus,Hiệu ứng cơ thể: Toàn thân được bao quanh bởi sức mạnh của Ma Kết!,,,,
294,Chúa Tể Sao Ngân Bình Elias,"Cảm hứng không khí hanh khô bay về quê hương hư ảo, 
Mộng Cảnh và Kỳ Tư đang lang thang ở Tinh Hà. 
Như sương bong bóng ủ trên sao sông mờ ảo, 
Nho ủ vào Ngân Bình để được uống hương thơm ngọt ngào.",,Avatar: Mở khóa khung hình đại diện skin Chúa Tể Sao Ngân Bình Elias,Hiệu ứng cơ thể: Toàn thân được bao quanh bởi sức mạnh của cung Ngân Bình!,,,,
295,Đường Khả Hinh,"Vung vung Thìa Vàng, vẫy vẫy nước Đường, lửa đỏ vẽ lên Thỏ Tuyết. 
Sùng sục, sùng sục, nồi đồng ngọt ngào, Thú Tiên Phụng Bảo Hộ nhảy ra khỏi nồi!",,Avatar: Mở khóa khung hình đại diện skin Đường Khả Hinh,Hiệu ứng cơ thể: Những bức tranh bằng đường tản ra khắp cơ thể!,,,,
296,Đường Khả Dực,"Kim Mặc múa bút, dao kéo bay múa, tấp nập ồn ào thổi kẹo thú. 
Vê nặn lôi kéo, xưng là Tiên Pháp, hoa lửa bay lượn gọi là bình an!",,Avatar: Mở khóa khung hình đại diện skin Đường Khả Dực,Hiệu ứng cơ thể: Những bức tranh bằng đường tản ra khắp toàn thân!,,,,
297,Pelou,"Cô gái bí ẩn lớn lên ở làng chài, nghe nói có sức mạnh của các vị thần, đơn thân độc mã bảo vệ tượng thần và kho báu. Cô ấy lương thiện và tốt bụng, nụ cười luôn giữ trên môi, nhưng cũng rất bình tĩnh khi đối mặt với nguy hiểm. Dường như không có gì có thể khiến cô ấy tức giận hay sợ hãi.",,Avatar: Mở khóa khung hình đại diện skin Pelou,,,,,
298,Ronnas,"Thiếu niên lớn lên trong đất liền, từ nhỏ khao khát phiêu lưu, thích khám phá những điều chưa biết và phá vỡ mọi quy tắc. Theo bước chân của người anh trai thứ tư và thuyền trưởng Tom đến hòn đảo nhỏ nơi có kho báu của Thần Biển trong truyền thuyết, quyết tâm tìm ra kho báu, và vang danh bốn biển.",Có thể tham gia sự kiện để mở khóa đạo cụ,Avatar: Mở khóa avatar.,,,,,
299,Soundwave,"Sĩ quan tình báo của Decepticons, nắm giữ tất cả các thông tin trao đổi tình báo giữa địch và đồng minh. Lòng trung thành và năng lực của anh đã được Megatron khẳng định. Với sự giúp đỡ của các tay sai quân đoàn băng: Ravage, Laserbeak, Frenzy, Ratbat... Anh đã thu được thông tin tình báo quan trọng trong kế hoạch hành động của Autobots để đảm bảo thu về thắng lợi cho Decepticons.",,Avatar: Mở khóa hình đại diện,Dấu chân: để lại dấu chân logo của phe cánh ở những nơi đi qua.,"#cda5b0aTriệu Hồi: Triệu hồi quân đoàn, nhận hiệu ứng Buff! #n",,,
300,Bài Hát Xoài Chín,"Kem sữa mềm nhẹ nhàng đặt vào đáy cốc, trái cây tròn trịa được ngắt ra khỏi cành. 
Hương vị mềm mại lưu lại hương thơm cho miệng, màu vàng kim mang đến sự ngọt ngào!",,Avatar: Mở khóa khung hình đại diện skin Bài Hát Xoài Chín,Hiệu ứng cơ thể: Các hạt xoài chín tản ra khắp toàn thân,,,,
301,Tiêu Nguyên Nhi,"Đảm nhận chức vụ phó chủ tịch của Hiệp hội ẩm thực Ngôi Sao Vui Nhộn, ngoài điều hành cửa hàng Nguyên Tiêu của mình, còn thích đến thăm các cửa hàng ẩm thực khác. Một khi tìm thấy nguyên liệu tốt, ngay tối đó sẽ nghiên cứu và phát triển, ngày hôm sau sẽ khởi động chuỗi sự kiện cho sản phẩm mới. Sự kiện này sẽ được giảm giá chứ? Ôi rất tiếc, tặng thêm hai cái là được rồi, chứ còn giảm giá? thì không được đâu!",,Avatar: Mở khóa khung hình đại diện skin Tiêu Nguyên Nhi,Hiệu ứng cơ thể: Bánh trôi nước tản ra khắp toàn thân!,,,,
302,Nonana,"Sức sống tấn công mạnh mẽ, chiến đấu khiến mái tóc cột đuôi gà lắc lư hưng phấn, bùm nổ siêu tốc, tiếng đạn kèm theo tiếng cười điên rồ không dứt. Không ngờ chứ gì?! Một cô em loli bê nổi pháo để cứu lấy thế giới đấy!",,Avatar: Mở khóa avatar.,Hiệu ứng cơ thể: Trên người phát ra trái tim yêu thương!,,,,
303,Lăng Vũ,"Tính toán tỉ mỉ và chặt chẽ, cẩn thận và chi tiết, bày mưu tính kế. Trấn thủ nơi hậu phương, quyết thắng nơi ngàn dặm. Ý?! Nắm chặt bàn tay, mồ hôi đầy trán? Không ngờ vị tướng quân mặt lạnh này cũng có lúc không biết phải làm sao.",,Avatar: Mở khóa avatar.,Hiệu ứng cơ thể: Trên người phát ra năng lượng chiến đấu!,,,,
304,Rebecca,"Tai Thỏ nhung trắng lắc một cái, Váy đáng yêu lắc một cái. 
Giấy Kẹo thủy tinh lấp lánh, mang đến phép màu Hương Vị Sữa.
Ding Ling Ding Ling ~ Phép thuật Thiếu Nữ Thỏ, biến thân!",,Avatar: Mở khóa khung hình đại diện skin Rebecca,Hiệu ứng toàn thân: Con dấu hình thỏ trôi nổi khắp toàn thân!,,,,
306,Ma Đằng Thánh Đạo Fecilia,"Khi sắc đẹp được khát khao, khuôn mặt tham lam sẽ cướp đoạt sinh linh, 
Khi hoa bị ghét bỏ, sự bẩn thỉu tràn lan làm ô nhục xứ sở thần tiên. 
Chào mừng linh hồn hoa trở về, làm sống lại ngàn bông hoa. 
Chờ hoa nở rộ, bướm đứng lặng yên.",,"Ánh Sáng: Tạo hình dạng với ánh sáng theo môi trường, nhấp nút bên trái để xem.","#cda5b0aẢo Hóa: Khi ánh sáng môi trường >9, biến thành Bí Cảnh Tinh Linh. #n",#cda5b0aThú Cưỡi Riêng: Nhấp nút bên trái để dùng thú cưỡi độc quyền. #n,"#cda5b0aHành Động Riêng: Bầu trời rắc mưa cánh hoa, nhấp nút bên trái để xem. #n",#cda5b0aChỉ nhận được ở Hộp Quà Tinh Huy#n,
307,Bí Cảnh Tinh Linh Fecilia,"Hoa tươi đầy gai góc, mới có thể chấm dứt sự khao khao khát ở tận đáy lòng. 
Hương thơm ngào ngạt cuốn theo độc tính, vạn năng mới có năng lực phản kháng. 
Ánh sáng lóe lên, biến tấn công thành trợ lực. 
Vài ngày suy nghĩ, tạo ra một kỷ nguyên mới của phép thuật.",,"Ánh Sáng: Tạo hình dạng với ánh sáng theo môi trường, nhấp nút bên trái để xem.","#cda5b0aẢo Hóa: Khi ánh sáng môi trường >9, biến thành Ma Đằng Thánh Đạo. #n",#cda5b0aThú Cưỡi Riêng: Nhấp nút bên trái để dùng thú cưỡi độc quyền. #n,"#cda5b0aHành Động Riêng: Bầu trời rắc mưa cánh hoa, nhấp nút bên trái để xem. #n",#cda5b0aChỉ nhận được ở Hộp Quà Tinh Huy#n,
308,Valena,"Thở và cảm nhận nhịp điệu của gió,
Tự tay chạm vào di tích tự nhiên,
Lặng lẽ viết nên chương sách tự do.",,Avatar: Mở khóa hình đại diện,Dấu chân di chuyển: nơi đi qua để lại dấu chân mèo.,,,,
309,Mark,"Lắng nghe âm thanh trong rừng,
Đặt chân nơi không người dưới ánh trăng,
Đi ngược dòng người, khám phá bí mật ngoài kia.",,Avatar: Mở khóa hình đại diện,Dấu chân di chuyển: để lại dấu chân cún con khi đi qua.,,,,
310,Aileen,"Sương rơi lên lá cỏ, lắc lư trong gió xuân,
Mặt đất rung chuyển hạt sương giá, ngày xuân đang chớm nở!",,Avatar: Mở khóa hình đại diện,Hiệu ứng toàn thân: Củ cải trắng tản ra khắp người!,,,,
311,Elton,"Mặt trời chiếu rọi trang trại, chim hót ngân nga,
Xẻng cuốc từng tấc đất, giọt mồ hôi tạo ra hy vọng!",,Avatar: Mở khóa hình đại diện,Hiệu ứng đặc biệt: Củ cải trắng tản khắp toàn thân!,,,,
312,Thanh Vận,"Nối bút vẽ nên ánh sáng lung linh, màu mịn vẽ nên tráng men,
Cửa lò đốt nên âm vận mới, vạn vật reo hò.",,Avatar: Mở khóa hình đại diện,Hiệu ứng đặc biệt: các điểm sáng tản ra khắp toàn thân!,,,,
315,Bò Bòo,"Cất tiếng hát trong cơn gió thét, nhảy điệu múa trong màn tuyết rơi dày. 
Có bộ lông mềm mại nhất, cũng rất giỏi dùng con dao sắc bén nhất. 
Xin cúi chào bạn thật thành kính, người bạn của tôi.",,Avatar: Mở khóa avatar.,Hiệu ứng cơ thể: Trên người phát ra hoa tuyết!,,,,
316,Hoa Vàng Jiki,"Phù ... Phù ...! Hãy thổi tất cả những nguyện vọng muốn thực hiện vào bóng bay nào. 
Những ngày sắp tới, hãy cùng chơi nhé! 
Dù sao thì ... Được làm bạn với bạn, mỗi ngày đều là ngày mà điều ước của tớ thành sự thật.",,Avatar: Mở khóa avatar.,Hiệu ứng cơ thể: Trên người phát ra ánh sáng sao!,,,,
317,Nàng Tiên Nước Biếc,"Làn nước xanh vô tận, xa xăm dãy núi xanh. 
Khói bếp hòa xanh mướt, đánh động đá trong tranh.",,Avatar: Mở khóa avatar.,Hiệu ứng cơ thể: Trên người phát ra hình tam giác vàng!,,,,
318,Koala Gato,"Họp mặt ấm áp, bữa tiệc nồng nhiệt. Koala xinh xắn, mang đến niềm vui! 
Cùng Koala Gato dùng điệu ngọt ngào hát mừng hôm nay.",,Avatar: Mở khóa avatar.,Hiệu ứng cơ thể: Trên người phát ra ánh sáng sao!,,,,
319,Socola Xinh,"E hèm! Phỏng vấn một chút nha. 
Lại là người bạn nhỏ nào bị đau răng vì ăn quá nhiều kẹo thế hả? 
Tuy là Kẹo Socola rất ngon, nhưng cũng đừng ăn nhiều quá nhé.",,Avatar: Mở khóa avatar.,Hiệu ứng cơ thể: Trên người phát ra kẹo viên Socola!,,,,
320,Khách Tiêu Dao,"Giết và diệt, không phải ý muốn của ta.  
Tội lỗi ra sao, giang hồ tự sẽ phán quyết. 
Gió cắt như đao, kiếm vũ không dấu vết. 
Đêm nay, quyết phân thắng bại!",,Avatar: Mở khóa avatar.,Hiệu ứng cơ thể: Trên người phát ra đốm lam phát sáng!,,,,
321,Nipro,"Tóc mềm mại, đôi mắt quyến rũ, yểu điệu như hoa Anh Đào.
Đừng hỏi biệt danh của ta, ta là tiên nữ đạo tặc hiệp khách số 1.
Ác quỷ hay hiệp khách? Danh tính của ta, tùy thuộc vào người.",,Avatar: Mở khóa avatar.,Hiệu ứng cơ thể: Trên người tỏa ra các ánh sao!,,,,
322,Bofill,"Sửa dở thành hay không khó, thiện ác thăng trầm năm rộng tháng dài, giấy trắng thành chữ đen, thuật đạo không thay đổi đức chí. Nếu sự đáng yêu không khiến bạn cảm động, vậy tôi sẽ sử dụng phép thuật. Biến!
Đây là một lá bài tốt, không nên cho một kẻ xấu.",,Avatar: Mở khóa avatar.,Hiệu ứng cơ thể: Trên người tản ra các Lá Bài!,,,,
323,Marina - Đại Mỹ Nhân Ngư,"Khác với những người cá khác, Marina có một khao khát kì lạ: Khám phá phá toàn bộ thế giới - dù đó là đất liền hay biển cả.
Những người cá khác coi đây là câu chuyện cười, Nhưng với Marina - đây là lẽ sống cô theo đuổi. Một ngày nào đó, cô sẽ bước đi trên đất liền tự do như cô bơi dưới biển cả!",,"Biến đổi đặc biệt: Thực hiện tính năng biến thân, thay đổi hình dạng và trạng thái!","#cda5b0a Biến thân: Trong nước biến thành hình dạng người cá, nhấp vào nút bên trái để xem trước! #n","Tài năng: Có thể kích hoạt huyết mạch đặc biệt, tự do hô hấp ở dưới nước!",Khung hình đại diện: Tự động mở khung hình đại diện động sau khi nhận được.,#cda5b0aChỉ nhận được từ Hộp Quà Tinh Huy#n,
324,Marina - Nhà Thám Hiểm Kì Bí,"Marina - Tên của cô bắt nguồn từ Marinus có nghĩa là biển cả. Phải chăng vì vậy mà dù đã có thể tự do đi lại trên đất liền, Trái tim của Marina vẫn luôn luôn là trái tim của một người cá - Hướng về Đại Dương bao la.",,"Biến đổi đặc biệt: Thực hiện tính năng biến thân, thay đổi hình dạng và trạng thái!","#cda5b0a Biến thân: Trên đất liền biến thành hình dạng tự nhiên, nhấp vào nút bên trái để xem trước! #n","Tài năng: Có thể kích hoạt huyết mạch đặc biệt, tự do hô hấp ở dưới nước!",,#cda5b0aChỉ nhận được từ Hộp Quà Tinh Huy#n,
325,Hein,"Nhảy múa trong gió tựa Lụa Tơ,
Ẩn sâu đáy biển tựa Ngọc Kha.
Nhẹ nhàng bay theo chiều Gió Biển,
Ngao du tung hoành không Dấu Vết.",,Avatar: Mở khóa avatar.,Hiệu ứng cơ thể: Bong bóng bay nổi khắp toàn thân!,#cda5b0aChỉ nhận được từ Hộp Quà Trúc Mộng#n,,,
326,Harvey,"Đi bộ nơi biên giới sinh tử, hồn du tại vong linh ngàn dặm.
Đôi cánh dũng cảm, rực rỡ nở xòe, ác quỷ tung hoành, gào thét chạy nhanh.
Vết thương tan vỡ cần niềm tin chữa lành.
Sự thất vọng thấu xương này đã sớm thấm vào tim, rên rỉ không nguôi.",,Avatar: Mở khóa avatar.,Hiệu ứng cơ thể: Trên người tản ra các lông vũ màu đen!,,,,
327,Grainne,"Lướt qua hoa hồng đen, mở ra Pandora, linh hồn vân xương dơi, nụ cười cháy trên xương.
Sinh vào hoàng hôn, ẩn trốn vào buổi sáng trong bóng tối, đây mới là bản mệnh của ta.
Màu đỏ anh đào và bộ đồ trang trí tuyệt đẹp, bộ xương và Punk cùng tồn tại.",,Avatar: Mở khóa hình đại diện skin.,Hiệu ứng cơ thể: Trên người tản ra cánh dơi và trái tim tình yêu màu hồng!,Skin DIY: Tự do kết hợp với phụ kiện khác ở mục Skin DIY!,,,
328,Big Mar,"Vận mệnh xoay vòng, bánh xe chưa bao giờ tự mình chuyển động, anh ấy muốn chế nhạo sự nực cười của tương lai.
Nhịp điệu như lưỡi dao găm, lời bài hát như viên đạn bay, sẽ không đánh nhau như ""Côn Đồ"", mà dùng âm nhạc để đánh thức thành phố tê liệt.
Có lẽ sẽ thức dậy sau cơn mơ, nhưng bây giờ vẫn chưa phải là lúc.",,Avatar: Mở khóa khung hình đại diện skin Big Mar.,Hiệu ứng dấu chân: Để lại dấu chân ánh sao ở những nơi đi qua.,,,,
329,Marlene,"Dưới ánh đèn sân khấu rực rỡ chỉ cho phép cất lên tiếng hát của bài thánh ca đồng điệu, lang thang trên đường phố và ngõ hẻm, cây đàn Guitar điện gào thét của nàng hét lên nỗi đau và vẻ đẹp thực sự của cuộc sống.
Không được chấp nhận thì sẽ làm sao? Linh hồn nổi loạn và tự do nhất định sẽ bị thu hút bởi tiếng hát của Marlene và phá vỡ mọi xiềng xích.",,Avatar: Mở khóa khung hình đại diện skin Marlene.,Hiệu ứng dấu chân: Để lại dấu chân ánh sao ở những nơi đi qua.,,,,
330,Siêu Nhân Xiaomi,"Mặc lên bộ trang phục siêu nhân yêu thích, khăn trải giường tạm thời đóng vai trò làm áo choàng cực ngầu, Siêu Nhân Xiaomi sẵn sàng đứng trên công lý trừng phạt cái ác!",,Avatar: Mở khóa khung hình đại diện skin,Hiệu ứng cơ thể: trên người tản ra điểm ánh sáng vàng!,,,,
331,Angel,"Đôi cánh biến dị trên người khiến Angel không dám đến gần nhân loại, tinh thần tỉnh táo lại không cho phép nàng kết bạn với quái thú biến dị mất đi lý trí.
Trong giờ khắc hấp hối, một người lính có thân hình vạm vỡ đã cứu nàng trở lại lãnh thổ cuối cùng của nhân loại. Được coi là tia hy vọng cuối cùng, nàng cũng tìm thấy con người thật của mình trong sự bảo vệ vững chãi của người lính.",,Avatar: Mở khóa khung hình đại diện skin,Hiệu ứng thân thể: Lông vũ trắng tản ra toàn thân!,,#cda5b0aTương Tác: Kích hoạt động tác tương tác cùng Isaia!#n,,
332,Isaia,"Chiến đấu lâu năm cùng quái vật biến dị, các loại virus của chúng đồng thời ăn mòn thân thể, thậm chí là linh hồn của Isaia.
Trong một chiến dịch, Isaia tình cờ gặp một cô gái xa lạ, sự xuất hiện của cô không chỉ mang lại hy vọng mới cho nhân loại, mà còn lặng lẽ chữa lành trái tim tan vỡ của Isaia.",,Avatar: Mở khóa khung hình đại diện skin,Hiệu ứng cơ thể: Khối năng lượng tản ra khắp toàn thân!,,#cda5b0aTương Tác: Kích hoạt động tác tương tác cùng Angel!#n,,
333,Barricade,"Barricade là một chiến binh Decepticon tàn nhẫn, kẻ có thể dễ dàng thao túng kẻ thù bằng cách lợi dụng lòng tin của họ. Anh ta cũng thích xé nát đối thủ thành từng mảnh bằng vũ khí mạnh mẽ và nắm đấm thủy lực của mình.",,Avatar: Mở khóa avatar.,Hiệu ứng đặc biệt: Trên người tản ra các tia chớp!,#cda5b0a Biến Hình: Nhấp vào nút biến hình bên trái để chuyển đổi hình thái Robot/Phương Tiện! #n,,,
334,Cozy Glow,"Cozy Glow có ngoại hình đáng yêu, xe cờ là biểu tượng đáng yêu của cô. Cô đầy tham vọng, coi tình bạn là quyền lực để thao túng, cuối cùng bị đánh bại và biến thành tượng đá.",,Avatar: Mở khóa khung hình đại diện skin Cozy Glow,Hiệu ứng cơ thể: Trên người bùng lên các ngọn lửa!,,,,
335,Apple Bloom,"Apple Bloom là em gái của Applejack, cũng là một trong những thành viên sáng lập quân đoàn dễ thương, bình thường ngoài việc giúp thu thập táo ở Sweet Apple Acres, còn làm việc chăm chỉ để xây dựng biểu tượng dễ thương cùng Sweetie Belle và Scootaloo.",,Avatar: Mở khóa khung hình đại diện,Hiệu ứng cơ thể: Trên người tản ra các đóa hoa!,,,,
336,Flurry Heart,"Flurry Heart là con gái của Shining Armor và Princess Cadence, tên của nàng được đặt để kỷ niệm buổi tiệc pha lê khi nàng dùng tiếng khóc để làm tan vỡ Crystal Heart. Từ sau đó, pháp thuật của nàng đã trở nên ổn định và điều này không bao giờ xảy ra sau đó nữa.",,Avatar: Mở khóa khung hình đại diện,Hiệu ứng cơ thể: Trên người tản ra những đốm sáng màu hồng!,,,,
337,Hoàng Tử Liên Hoa,"Trong thế giới hỗn loạn này
Những đứa trẻ bị thương đừng sợ hãi
Ai lại muốn hại các em?
Lật sông đổ biển cũng sẽ không tha!",,"Thay đổi đặc biệt: Có thể thực hiện tính năng biến hình, thay đổi hình dạng và trạng thái trong game!","#cda5b0a Đổi Màu: Thần Thông: Có thể chuyển về trạng thái khi còn nhỏ, nhấp vào nút bên trái để xem trước. #n",,,,
338,Cậu Bé Mưa Lian,"Chúng sinh nhìn tôi
Không chút lo lắng
Hoa sen nở rộ phía sau
Gió thu gợn sóng khuấy động những luồng gió mây",,"Thay đổi đặc biệt: Có thể thực hiện tính năng biến hình, thay đổi hình dạng và trạng thái trong game!","#cda5b0a Có thể chuyển sang hình dạng người lớn, nhấp vào nút bên trái để xem trước. #n",,,,
339,Thanh Hoa,"Những bông hoa Ngải tắm hương Lan thơm, buổi trưa Đoan Ngọ hoa đột nhiên nhiều.
Du thuyền rồng lướt sóng, bánh chưng tròn bọc lụa tựa ngọc bích.
Cầm quạt Hoàn Khê tản mát mùa hè, giáng xuống Xích Dương nhớ về cố nhân.",,Avatar: Mở khóa khung hình đại diện,Hiệu ứng cơ thể: Trên người tản ra các lá xanh tươi!,,,,
340,Doris,"Ding dong, tay cầm tin tức từ xa.
Lách tách, đi bộ qua những con phố gần xa.
Hì hì, nụ cười của người nhận là sự hài lòng lớn nhất của người gửi!",,Avatar: Mở khóa khung hình đại diện,Hiệu ứng cơ thể: Trên người tản ra những lá thư!,,,,
341,Dole,"Tấu nhạc vui buồn ly hợp, cuốn vào hàng ngàn hộ gia đình.
Tiếng gõ cửa vang lên, tin tức đưa đến thật đúng giờ.
Nhiệm vụ của người đưa thư là bảo vệ tốt mỗi lá thư.",,Avatar: Mở khóa khung hình đại diện skin,Hiệu ứng cơ thể: Trên người tản ra những lá thư!,,,,
342,Lambert,"Thuật chiêm tinh, lấy ngôi sao làm họ, lấy ý chí làm tên.
Vận mệnh luân chuyển đan xen, tiên đoán thiên văn luân hồi.
Truyền thuyết về tương lai, không bao giờ biến mất, còn tôi, đang kiếm tìm thứ đã mất này.",,Avatar: Mở khóa khung hình đại diện skin,Hiệu ứng cơ thể: Trên người tản ra ánh sao sáng!,,,,
343,Martini,"Khi Martini lần đầu tiên làm thợ săn tiền thưởng, ý định ban đầu của anh là bảo vệ những người không thể tự vệ. Trong khi chiến đấu với khủng long biến đổi Gen, khớp của anh bị thương rất nghiêm trọng, nhưng hộp sọ khủng long mà anh mang bên người khiến những tên tội phạm độc ác nhất cũng phải sợ mất mật.",Mở khóa vật phẩm thông qua sự kiện,Avatar: Mở khóa khung hình đại diện skin.,Hiệu Ứng Cơ Thể: Trên người tản ra các điểm sáng!,,,,
344,Optimus Primal,"Optimus Primal là chỉ huy của đội Maximal, anh đã chiến đấu quyết liệt với quái thú Predacons do Megatron dẫn đầu ở trái đất thời tiền sử, bắt giữ thành công Megatron và dẫn độ trở về hành tinh Cybertron. Với lòng trắc ẩn, trung thành và ý thức về danh dự, anh ấy xung phong đi đầu trong mọi trận chiến.",,Avatar: Mở khóa khung hình đại diện.,Hiệu Ứng Cơ Thể: Ngọn lửa phun ra từ phía sau!,#cda5b0aBiến Hình: Nhấp vào nút bên phải để chuyển đổi hình dạng! #n,,,
345,Nắng Hạ Mộng Nhiên,"Gió hè luồn qua tóc áo, mọi điều tốt đẹp không hẹn mà gặp.",,Avatar: Mở khóa khung hình đại diện.,Hiệu Ứng Cơ Thể: Các bông hoa tản khắp toàn thân!,,,,
346,Ngôi Sao Belinda,"Bước lên ván trượt, theo dòng âm nhạc và bắt đầu bay lượn trên mặt đất cùng tôi!",,Avatar: Mở khóa khung hình đại diện.,Hiệu Ứng Cơ Thể: Các nốt nhạc tản khắp toàn thân!,,,,
347,Pani Lười Biếng,"Tớ buồn ngủ quá! Muốn vùi mình trong chăn ấm. Trong trái tim tớ, giường là nơi thoải mái nhất trên thế giới này!",,Avatar: Mở khóa khung hình đại diện.,Hiệu Ứng Cơ Thể: Hình bong bóng ngủ gật xung quanh cơ thể!,,,,
348,Hello Kitty Lorna,"Thích chiếc nơ trên đầu tớ phải không? Không được không được, cái này không tặng được đâu!",,Avatar: Mở khóa khung hình đại diện.,Hiệu Ứng Cơ Thể: Cánh hoa tản ra khắp toàn thân!,Dấu Chân: Để lại dấu chân hình bông hoa ở những nơi đi qua.,,,
349,Cinnamoroll  Nimo,"Những cánh hoa ngọt ngào bay bay, tôi thực sự muốn dừng thời khắc này tại đây.",,Avatar: Mở khóa khung hình đại diện.,Hiệu Ứng Cơ Thể: Các bông hoa trôi nổi khắp toàn thân!,Dấu Chân: Để lại dấu chân kẹo ngọt ở những nơi đi qua.,,,
350,Garan,"Ẩn trong hang động quá khứ, chuyến du hành thời gian đã thay đổi số phận.
Lầm vào thân xác hoàng tử, trải qua muôn vàn đau khổ và khó khăn.
Trong khói bụi khu cấm địa lịch sử, giữa bình yên hoa cỏ.
Đến rồi đi trong phút chốc, giấc mơ tuyệt vời xưa kia chợt ùa về.",,Avatar: Mở khóa khung hình đại diện.,Hiệu Ứng Cơ Thể: Nốt nhạc bay nhảy khắp toàn thân!,Diy: Sau khi nhận xong có thể tự do phối với các món đồ tại [Skin Diy],,,
351,Tenten,"Không có sự mát mẻ nào trong những ngày hè nóng nực,
Vỏ xanh ruột đỏ cùng vị ngọt mát của dưa hấu,
Hương thơm phảng phất giải cơn khát ngày hè.
Cắn một miếng lạnh buốt răng, thích thú vô cùng.",,Avatar: Mở khóa khung hình đại diện.,Hiệu Ứng Cơ Thể: Dưa hấu trôi nổi khắp toàn thân!,,,,
352,Eden,"Một chỉ huy xuất sắc có thể ra lệnh cho binh sĩ hành động, nhưng không thể ra lệnh cho sự trung thành của người lính.
Không màng đến sống chết, chỉ biết thắng thua.
Chống trả hay truy đuổi, kết cục chỉ trong chớp mắt.",Mở khóa vật phẩm thông qua sự kiện,Avatar: Mở khóa khung hình đại diện.,Hiệu Ứng Cơ Thể: Điểm sáng tản ra khắp toàn thân!,,,,
353,Mini T-Rex,"Là hậu duệ lai ăn thịt của T-Rex, bề ngoài uy nghiêm nhưng tâm hồn lại cô đơn. Khi một người bạn đồng hành hiểu được tiếng lòng của anh ấy, anh ấy cũng sẽ thể hiện khía cạnh rất dịu dàng ~",,Avatar: Mở khóa avatar.,Hiệu ứng cơ thể: Mùi thơm của thịt nướng tỏa ra từ cơ thể bạn!,,,,
354,Mini Trisno,"Là một cô gái lai khủng long ăn cỏ với tính cách đơn giản và yếu đuối, không thích tranh chấp, cô bắt đầu dũng cảm chiến đấu vì điều mình mong muốn với sự động viên của người bạn đồng hành Mini T-Rex.",,Avatar: Mở khóa avatar.,Hiệu ứng đặc biệt trên cơ thể: Những chiếc lá xanh sẽ bay xung quanh bạn!,,,,
355,Huyền Vũ,"Cơn gió đen thổi trong rừng và câu thần chú bắt đầu,
Phong ấn đang ngủ cuối cùng sẽ thức tỉnh.
Tiếng gió gào thét trong đêm.
Gột sạch mùa hè oi bức.",,"#cda5b0aBiến hình: Chức năng biến hình có thể được thực hiện trong game, nhấp vào nút bên trái để xem trước! #n",,"Khả năng: Có thể thức tỉnh linh lực bị phong ấn, chống lại sát thương băng giá!",Khung Avatar: Tự động mở khóa khung avatar động sau khi nhận skin.,,
356,Phong Hồ,"Hầu tước ngàn dặm uống sương băng.
Một khối tang thương,
Cánh đồng mùa đông lạnh thấu xương.
Không gì khác hơn là một ý nghĩ để cứu dân thường!",,"#cda5b0aBiến hình: Chức năng biến hình có thể được thực hiện trong game, nhấp vào nút bên trái để xem trước! #n",Hiệu ứng đặc biệt: lá phong bay xung quanh cơ thể và dấu chân mặt nạ để lại ở bất cứ nơi nào bạn đi qua!,"Khả năng: Có thể thức tỉnh linh lực bị phong ấn, chống lại sát thương băng giá!",Khung Avatar: Tự động mở khóa khung avatar động sau khi nhận skin.,,
357,Cynthia,"Là Pháp sư nghi lễ Hoàng gia mới, có khả năng chỉ huy Sao và Trăng bằng phép thuật ánh trăng. Khi cô ấy vẫy vương trượng trăng sao trong tay, các nốt nhạc từ các ngôi sao và mặt trăng mà cô ấy niệm chú sẽ bao quanh một bên váy. Cô đến từ một hành tinh khác và dành phần lớn thời gian của mình với các vì sao và mặt trăng. Mái tóc bồng bềnh như mây là biểu tượng cho sự ngọt ngào của cô.",,Avatar: Mở khóa avatar.,Hiệu ứng đặc biệt: Ánh sao đang lơ lửng quanh cơ thể!,Khung Avatar: Tự động mở khóa khung avatar sau khi có skin.,,,
358,Skoll,"Skoll luôn mơ ước khám phá vũ trụ. Cuối cùng hôm nay anh cũng thực hiện được ước mơ của mình. Anh nhặt một con tàu vũ trụ và sửa chữa nó bằng kỹ năng tuyệt vời của mình. Sau đó, anh lập tức lái con tàu vũ trụ và bay vào không gian. Khoảnh khắc xuyên qua bầu trời, anh nhìn thấy những ngôi sao lấp lánh, cảm nhận được ánh sáng tuyệt đẹp, tất cả đều làm anh vô cùng phấn khích.",,Avatar: Mở khóa khung hình đại diện skin.,Hiệu Ứng: Trên người tản ra các ngôi sao!,,,,
359,Scarlett,"Cô gái tomboy tỏa nắng, đẹp lạnh lùng với mái tóc màu đỏ hình bạch tuộc rực rỡ, tỏa ra ánh sáng chói mắt dưới ánh mặt trời. Cô thích khám phá mọi môn thể thao trên thế giới, đặc biệt là trượt ván. Cô có thể trượt ván với đôi chân mượt mà và di chuyển thuần thục giữa các chướng ngại vật khác nhau và là cô gái trượt ván tuyệt vời nhất trong khu phố.",,Avatar: Mở khóa khung hình đại diện skin.,Hiệu Ứng: Mực con bơi xung quanh cơ thể!,,,,
360,Fiona,"Fiona lớn lên bên bờ biển, sống trong nắng vàng và tự do, thích chơi súng nước nhưng bên ngoài vẻ ngọt ngào đấy là một trái tim đầy nhiệt huyết.
Tôi... cuối cùng cũng có thể chơi thỏa thích!
Bạn... có muốn chơi cùng tôi không?",,Avatar: Mở khóa khung hình đại diện skin.,Hiệu Ứng: Bong bóng bay xung quanh cơ thể!,,,,
361,Bonnie,"Vẻ đẹp ngoại hình kia ẩn chứa vô số hiểm nguy bên trong, tuyệt đối đừng để bị mê muôi!",,Avatar: Mở khóa khung hình đại diện skin.,Hiệu Ứng: Các đường sáng tuyệt đẹp tỏa quanh thân!,,,,
362,Quỷ Đỏ Yami,"Bé quỷ đỏ Yami đầy nghị lực rất yêu thích thể thao, đã cùng với họ hàng quỷ băng tuyết thành lập nên câu lạc bộ bóng chày trên tuyết, cùng nhau tham gia trải nghiệm trượt tuyết và chơi khúc côn cầu trên băng. Với thể chất không sợ lạnh của mình khiến cô nàng trở thành người đam mê câu lạc bộ năng động này nhất, cô nàng cũng có thể dễ dàng bùng cháy khi phấn khích.",,Avatar: Mở khóa hình đại diện skin.,Hiệu ứng cơ thể: những bông tuyết trắng tinh khiết bao quanh toàn thân!,,,,
363,Snow Fairy,"Tinh linh sống trong rừng tuyết, nhát gan, toàn thân có lông trắng, ít ai thấy được diện mạo thật sự.",,"Thay đổi đặc biệt: Trong game sẽ có tính năng biến hình, thay đổi tạo hình và trạng thái!","#cda5b0a Biến Thân: Đổi sang hình dạng Winter Fairy, nhấp nút trái để xem. #n",Đặc Tính: Không bị đóng băng!,Chất Liệu Đặc Biệt: Trang phục được điểm xuyết bởi tinh thể băng đầy màu sắc!,Khung Avatar: Tự động mở khóa khung avatar sau khi có skin.,
364,Winter Fairy,"Tinh thể băng được chúc phúc hóa thành tinh linh mùa đông đáng yêu, vác một cái túi chứa đầy tuyết, thổi bông tuyết đi khắp nơi, khiến cảnh mùa đông thêm thú vị.",,"Thay đổi đặc biệt: Trong game sẽ có tính năng biến hình, thay đổi tạo hình và trạng thái!","#cda5b0a Biến Thân: Đổi sang hình dạng Tinh Linh Băng Tuyết, nhấp nút trái để xem. #n",Đặc Tính: Không bị đóng băng!,Chất Liệu Đặc Biệt: Trang phục được điểm xuyết bởi tinh thể băng đầy màu sắc!,Khung Avatar: Tự động mở khóa khung avatar sau khi có skin.,
365,Amber Rose,"Công chúa của Vương quốc bóng tối luôn được bao quanh bởi những cánh hoa đỏ như máu, nước hoa hồng nhuộm đỏ viền váy, cô nhảy múa dưới ánh trăng với hương thơm của hoa và sở hữu sức mạnh bí ẩn của sự sống vĩnh hằng.",,Avatar: Mở khóa avatar.,Hiệu ứng đặc biệt: Hoa hồng bay lơ lửng quanh cơ thể bạn!,,,,
366,Valentine,"Dũng sĩ diệt rồng, tâm trí đã bị ma quỷ điều khiển trong nhiều năm, luôn sống một cuộc sống cô độc, xa lánh mọi người để tránh làm tổn thương những người vô tội. Mỗi khi ngửi thấy mùi máu, anh ta không thể kiểm soát được năng lượng ma quỷ trong cơ thể, sau khi tỉnh lại, anh ta luôn rất khó chịu, tuy nhiên, khi lớn lên và dần dần vượt qua những con quỷ bên trong mình, chàng trai trẻ diệt rồng cuối cùng đã trở thành một con rồng.",Tham gia event để mở khóa,Avatar: Mở khóa avatar.,Hiệu ứng: Lông vũ bay khắp cơ thể bạn!,,,,
367,Goofy,"Một lá bài điều ước bí ẩn kêu gọi pháp sư Goofy khám phá một phép thuật chưa được biết tới. Để bước vào thế giới mới lãng mạn và bí ẩn đó, Goofy bắt đầu hành trình đến các vì sao và biển cả.",,Avatar: Mở khóa avatar.,Hiệu ứng đặc biệt: Ánh sao đang lơ lửng quanh cơ thể!,,,,
368,,,,,,,,,
369,Xích Tiêu - Hoa Mộc Lan,"Cưỡi ngựa xung phong, xông pha chiến trận. 
Trên chiến trường ta chưa bao giờ sợ hãi, vì ta mang trọng trách nước nhà, chỉ khi đêm xuống, nỗi cô đơn và nhớ nhung mới khiến ta rơi lệ.",,"Thay đổi đặc biệt: Trong game sẽ có tính năng biến hình, thay đổi tạo hình và trạng thái!","#cda5b0aThay trang phục: Có thể thay đổi hình dạng trong phòng, nhấn nút bên trái để xem trước.#n","#cda5b0aVoice đặc biệt: Trong bản đồ sẽ phát voice đặc biệt, nhấn nút bên trái để nghe thử!#n",Avatar: Nhận sẽ tự động mở khóa avatar động.,,
370,Mộng Nguyệt - Hoa Mộc Lan,"Ai nói nữ nhi không bằng nam nhân? Con gái nhà họ Hoa chắc chắn không thua kém nam nhi! Nữ tử mạnh mẽ có lẽ sẽ phải đi con đường gian nan hơn nữ tử thông thường, nhưng vì nước nhà, mọi thứ đều xứng đáng",,"Thay đổi đặc biệt: Trong game sẽ có tính năng biến hình, thay đổi tạo hình và trạng thái!","#cda5b0aThay trang phục: Có thể thay đổi hình dạng trong quân, nhấn nút bên trái để xem trước.#n","#cda5b0aVoice đặc biệt: Trong bản đồ sẽ phát voice đặc biệt, nhấn nút bên trái để nghe thử!#n",Avatar: Nhận sẽ tự động mở khóa avatar động.,,
371,Janet,"Pháp sư thực tập của hành tinh Bánh Ngọt, giỏi làm ra bánh mì có tính kiềm, người hâm mộ Hán phục, chất lượng thực phẩm dùng bùa chú tạo ra vẫn chưa ổn định, thường hay tạo ra bất ngờ.",Nhận từ sự kiện,Avatar: Mở khóa avatar.,Hiệu ứng cơ thể: Các ion kiềm tản khắp toàn thân!,,,,
372,Brest,"Cầu thủ bách phát bách trúng!
Nhìn đi, chắc chắn sẽ thích quả bóng này!",,Avatar: Mở khóa avatar.,Hiệu ứng cơ thể: Lửa tản khắp toàn thân!,,,,
373,Seralina,"Tay ném bóng hoàn hảo!
Đón lấy này, đây là món quà tặng bạn!",,Avatar: Mở khóa avatar.,Hiệu ứng cơ thể: Trên đầu sẽ có tia lửa!,,,,
374,Sweetheart,"Sweetheart là em gái của Rarity, thích giúp chị mình, nhưng thường làm hỏng chuyện, là thành viên sáng lập Quân Đoàn Đáng Yêu, bình thường hay đi tìm tài năng của mình với Lulu và Apple Bloom, nhưng ước mơ lớn nhất là sống hạnh phúc với chị mình.",,Avatar: Mở khóa avatar.,Hiệu ứng cơ thể: Các nốt nhạc nổi xung quanh bạn!,,,,
375,Scootaloo,"Thay vì một câu chuyện cảm tính, Scootaloo lại thích nghe một câu chuyện thám hiểm hơn, cô luôn tràn đầy sức sống, tính cách hơi giống con trai. Dù kỹ năng bay lượn có hạn nhưng cô có thể khéo léo sử dụng đôi cánh của mình để giúp đẩy ván bay và thực hiện hàng loạt động tác khó.",,Avatar: Mở khóa avatar.,Hiệu ứng đặc biệt: các điểm sáng tản ra khắp toàn thân!,,,,
376,,,,,,,,,
377,,,,,,,,,
378,San Trúc,"Tròn xinh xinh, béo mũm mĩm
 Vỏ ngoài đỏ tím bên trong trắng ngần, 
 Chua chua ngọt ngọt nhớ mãi không quên, 
 Đây chính là hương thơm của thiên nhiên.",,Avatar: Mở khóa avatar.,Hiệu ứng cơ thể: Trên người có hoa măng cụt bay lượn!,,,,
379,Đầu Bếp Meo Meo,"Đầu bếp Meo Meo xuất thân từ một gia đình nổi tiếng trong ngành Ẩm thực. Mỗi khi xuất hiện sẽ khiến các food-fan phát cuồng với câu nói nổi tiếng của mình là: ""Tất cả cá qua bàn tay tôi đều có thể biến thành những món ăn thượng hạng"".",,Avatar: Mở khóa avatar.,Hiệu ứng dấu chân: Để lại dấu chân Mèo con ở những nơi đi qua.,,,,
380,Điệp Vụ Nannie,"Là thành viên tinh anh của đội y dược tộc Sơn Dương, được trang bị với công nghệ cao. Cô có thể kiểm tra được tất cả điệp viên cần được chữa trị. Khi có tình huống xảy ra, cô sẽ lập tức xuất hiện và dùng dung dịch hồi phục để chữa lành vết thương nhanh chóng thần kỳ.",,Avatar: Mở khóa avatar.,,,,,
381,Omnia,"Sứ giả hư không bí ẩn, vũ trụ rộng lớn chứa đựng tín ngưỡng của anh. Vì điều này, anh chấp nhận hiến dâng thân mình cho bóng tối. Hành tinh hoang vắng ấy chính là nhà giam cô độc của anh, nhưng không thể ngăn anh quan sát thế giới. Đừng mong bắt được anh ấy, vì thứ bạn nhìn thấy chỉ là ảo ảnh của anh ấy mà thôi!",,Avatar: Mở khóa avatar.,Hiệu ứng cơ thể: Năng lượng hư không tản ra khắp toàn thân!,,,,
382,Công Chúa Băng Tuyết-Elena,"Elena, công chúa Rừng Băng Tuyết, tính cách cởi mở dịu dàng, được tinh linh rừng sâu yêu mến. Nàng là linh hồn trong rừng rậm, tính cách dịu dàng và bao dung, đã trở thành người dẫn dắt trong lòng mọi người.",,Avatar: Mở khóa avatar.,Hiệu ứng cơ thể: Hoa tuyết trắng tinh bay xung quanh!,Đặc tính: Công Chúa Băng Tuyết không bị đóng băng!,Avatar: Nhận sẽ tự động mở khóa khung avatar động.,Dấu Chân Bước Đi: Nơi đi qua sẽ để lại dấu chân hoa tuyết bảy màu.,
383,Công Chúa Băng Tuyết-Evelyn,"Evelyn là Kỵ Sĩ Băng Tuyết, là em gái với tính cách hướng nội kiên cường, thích ẩn thân trong rừng rậm. Chỉ xuất hiện khi gặp nguy hiểm, là hậu thuẫn đáng tin cậy của Elena.",,Avatar: Mở khóa avatar.,Hiệu ứng cơ thể: Hoa tuyết trắng tinh bay xung quanh!,Đặc tính: Công Chúa Băng Tuyết không bị đóng băng!,Avatar: Nhận sẽ tự động mở khóa khung avatar động.,,
384,Chúa Tể Song Ngư Isis,"Thơ ca bóng nước là huyền thoại của tình yêu.
Vật tổ của biển sao, linh hồn gào thét cuồn cuộn.
Thủ vệ đại dương cổ xưa là người cứu chuộc cũng là kẻ hi sinh.",,Avatar: Mở khóa Avatar.,Hiệu ứng cơ thể: Năng lượng Song Ngư tỏa ra từ cơ thể!,,,,
385,Chúa Tể Song Ngư Helena,"Song Ngư là sứ giả đến từ biển cả.
Nước mắt rơi xuống biển, cá nếm nỗi bi thương.
Dải ngân hà bao la, lắng nghe vũ điệu của tiếng cá.",,Avatar: Mở khóa Avatar.,Hiệu ứng cơ thể: Năng lượng Song Ngư tỏa ra từ cơ thể!,,,,
386,Thủ Vệ Hư Không Serina,"Trong đêm hư không này, lá bài sẽ được chia lại.
Thời gian luân hồi, ác mộng bao vây, cuộc chiến tà ác sắp bắt đầu.
Bóng đêm tối âm u biến mất chỉ sau một đòn.",,Biến đổi đặc biệt: Tính năng biến đổi sẽ thay đổi diện mạo và trạng thái!,"#cda5b0aBiến hình: Đổi sang hình dạng Bóng Đêm Hư Không, nhấp nút bên trái để xem.#n",Ảo Hóa: Nhấp nút bên trái để hóa thành hình dạng thú.,"#cda5b0aVoice Đặc Biệt: Trong map sẽ phát voice đặc biệt, nhấn nút bên trái để nghe thử!#n",Avatar: Nhận sẽ tự động mở khóa avatar độc quyền!,
387,Bóng Đêm Hư Không Serina,"Ngôi sao lấp lánh trên bầu trời đêm, linh khí hư không đọng lại trong lòng bàn tay.
Tấm bia đá trên bầu trời đêm thì thầm câu thần chú hồi sinh. 
Mái tóc dài nhảy múa chính là áo giáp đêm tối của tôi.",,Biến đổi đặc biệt: Tính năng biến đổi sẽ thay đổi diện mạo và trạng thái!,"#cda5b0aBiến hình: Đổi sang hình dạng Thủ Vệ Hư Không, nhấp nút bên trái để xem.#n",Ảo Hóa: Nhấp nút bên trái để hóa thành hình dạng thú.,"#cda5b0aVoice Đặc Biệt: Trong map sẽ phát voice đặc biệt, nhấn nút bên trái để nghe thử!#n",Avatar: Nhận sẽ tự động mở khóa avatar độc quyền!,
388,Bách Hoa Cẩm Tú,"Số phận xoay chuyển trong vở kịch nhưng ngoài thì cố thủ núi sông
Em là nàng công chúa xinh đẹp của trăm hoa, hãy cùng em múa trong nhịp trống
——Công chúa của trăm hoa hóa trang trong vở kịch ""Bách Hoa Ký""",,Avatar: Mở khóa Avatar.,Hiệu ứng cơ thể: Những bông hoa bay khắp cơ thể!,,,,
389,Long Du,"Sẽ vượt qua mọi thử thách, chắc chắn là vậy, hỡi ngôi sao tốt lành, hãy tỏa sáng~",,Avatar: Mở khóa avatar.,Hiệu ứng cơ thể: Trên người rơi ra đồng xu vàng!,,,,
390,Lý Dao,"Ai bảo cá chỉ có ký ức 7 giây chứ! Ài, Lì Xì lúc nãy là ai tặng đấy?",,Avatar: Mở khóa avatar.,Hiệu ứng cơ thể: Phát ra ánh sáng vàng trên người!,,,,
391,,,,,,,,,
392,,,,,,,,,
393,,,,,,,,,
394,Berry Ngọt Ngào,"Thân phận thực sự của Berry Ngọt Ngào chính là tinh tinh bánh trái cây, nhưng nàng luôn thích che giấu tài năng của mình, chỉ khi không có ai xung quanh, nàng mới bí mật dùng phép thuật trên chiếc ghế dài để tạo ra chiếc bánh ngọt cho mình.",,Avatar: Mở khóa Avatar.,Hiệu ứng đặc biệt: Quả Berry nổi trên khắp cơ thể!,,,,
395,Angelica,"Angelica là sứ giả của thiên đường, sứ mệnh của nàng là truyền tải thông điệp về tình yêu và hi vọng, dùng sức mạnh của mình để chữa lành vết thương cho con người, mang lại hơi ấm và ánh sáng cho nhân loại.",,Avatar: Mở khóa Avatar.,Hiệu ứng đặc biệt: Năng lượng chữa lành phát ra khắp toàn thân!,,,,
396,Phantom - Scarlet Fighter,"Một dạng sinh mệnh máy lấy tốc độ và hỏa lực làm trọng tâm, toàn thân bao bọc bởi màu đỏ tươi, giống như một chiếc máy bay chiến đấu màu đỏ tươi đang di chuyển với tốc độ cao. Bốn lưỡi kiếm ánh sáng năng lượng được tích hợp ở hai bên thân máy bay để chém địch nhanh như cắt.",,Avatar: Mở khóa Avatar.,Hiệu ứng đặc biệt: Toàn thân toát ra ngọn lửa đỏ!,Biến hình: Nhấp để biến thành máy bay chiến đấu.,,,
397,Long Nhi,"Là một người đại diện cho thương hiệu thời trang trào lưu hiện đại, anh mang theo ước mơ của mình đi khắp nơi trên thế giới, đem đến cơ hội cho những người muốn đi theo con đường đổi mới như anh.",,Avatar: Mở khóa Avatar.,Hiệu ứng đặc biệt: Xu vàng trôi nổi xung quanh cơ thể!,,,,
398,Fitter,"Anh là hậu duệ của tộc sát thủ ở lục địa Noor. Sau khi cuộc xâm lược của đội quân Hư Không càn quét, cha anh dẫn đầu, đã đưa mẹ anh đi tiêu diệt lũ quái vật và biến mất sau đó. Để tìm lại cha mẹ, anh đã rời bỏ quê hương và dấn thân vào lãnh địa Hư Không.",,Avatar: Mở khóa Avatar.,Hiệu ứng đặc biệt: Năng lượng Hư Không trôi nổi khắp cơ thể!,,,,
399,Aurora,"Cô vốn là học sinh giỏi của một trường học trên lục địa Noor và là ""Nàng Công Chúa Nhỏ"" được cha mẹ bảo vệ và bao bọc, vô tình đánh thức được khả năng tiềm ẩn và tiến vào lãnh địa Hư Không, trở thành nữ sát thủ dưới sự hướng dẫn của Fitter, cùng nhau săn lùng lũ quái vật Hư Không.",,Avatar: Mở khóa Avatar.,Hiệu ứng đặc biệt: Năng lượng Hư Không trôi nổi khắp cơ thể!,,,,
400,Đặng Dao,"Đặng Dao sinh ra ở một ngôi làng cổ kính, tổ tiên của cô đều là thợ làm đèn lồng trong làng, cô theo ông nội học nghệ thuật làm đèn lồng từ khi còn nhỏ. Vì vậy, cô có kỹ năng làm đèn lồng siêu phàm, giỏi sử dụng các vật liệu và kỹ thuật khác nhau để tạo ra những chiếc đèn lồng độc đáo, cô luôn nỗ lực lồng ghép cảm xúc vào trong chúng, khiến mỗi chiếc đèn lồng luôn sống động.",,,,,,,
401,Star Speed,"Star Speed ​​​​là thành viên của công ty chuyển phát nhanh vũ trụ ""Star Express"" và chịu trách nhiệm vận chuyển các gói hàng giữa các hành tinh. Anh ấy có ý thức mạnh mẽ về sứ mệnh và tin tưởng chắc chắn rằng công việc của anh ấy rất quan trọng để duy trì sự hài hòa và thịnh vượng của vũ trụ. Anh ấy biết rằng trong vũ trụ, mỗi hành tinh đều có môi trường và hệ sinh thái riêng, vì vậy anh ấy tuân thủ nghiêm ngặt các quy tắc và quy định của công ty để đảm bảo mọi gói hàng đều được giao an toàn và đúng hẹn.",,,Dấu chân: Để lại dấu vết giữa các vì sao bất cứ nơi nào bạn đi.,,,,
402,Mít Ướt,"Mít Ướt là một đứa trẻ hay khóc nhè, nhạy cảm, dễ bị ngoại cảnh tác động, nước mắt luôn rơi bất chợt. Tuy nhiên, những giọt nước mắt của cô không phải là dấu hiệu của sự yếu đuối mà là sự thể hiện cảm xúc thật của cô. Mít Ướt rất tốt bụng, cô ấy đối xử với mọi người bằng sự chân thành và quan tâm, tuy đôi khi tỏ ra rụt rè nhưng lòng dũng cảm và sự kiên cường của cô ấy luôn được thể hiện vào những thời điểm quan trọng!",,Avatar: Mở khóa avatar.,Dấu chân: Để lại dấu chân cua bất cứ nơi nào bạn đi qua.,,,,
403,Mộ Trúc,"Mộ Trúc là một nàng tiên sống trong tranh thủy mặc, cô sống một cuộc sống biệt lập với tre  và mực là bạn đồng hành. Tranh của cô có nét vẽ mượt mà và sống động . Đồng thời có thể thể hiện sự sang trọng và bền bỉ của tre cũng như quan niệm nghệ thuậtmột cách sâu sắc.",,Avatar: Mở khóa avatar.,,,,,
404,Comet,"Comet có kỹ năng lái xe xuất sắc và khả năng điều hướng giữa các vì sao tuyệt vời, tàu vũ trụ của cô luôn có thể di chuyển nhanh chóng trong không gian giữa các vì sao và đến đích một cách chính xác. Cô cũng là một thợ cơ khí xuất sắc, có khả năng sửa chữa và bảo trì khéo léo nhiều loại tàu vũ trụ và thiết bị cơ khí.",,Avatar: Mở khóa avatar.,Hiệu ứng cơ thể: Ánh sao đang lơ lửng quanh cơ thể!,,,,
405,Crimson,"Là một con vật thần thoại trong văn hóa truyền thống Trung Quốc, rồng đã tượng trưng cho sức mạnh và sự may mắn từ thời xa xưa. Hãy theo dõi phiên bản giới hạn của Năm Rồng do Hasbro đặc biệt tạo ra - [Crimson] dũng cảm, và cùng nhau tiến tới Năm Rồng!",,Avatar: Mở khóa avatar.,Hiệu ứng cơ thể: Ngọn lửa đang bay khắp cơ thể!,Biến hình: Nhấp vào nút biến hình ở bên trái để chuyển đổi giữa các dạng robot/phương tiện!,Dấu chân: Để lại dấu rồng ở bất cứ nơi nào bạn đi qua.,,
406,Momo,"Momo, chàng trai dịu dàng và thuần khiết như hoa anh đào. Anh tin rằng mỗi bông hoa anh đào đều có câu chuyện riêng và anh là người sẵn sàng lắng nghe những câu chuyện ấy.",,Avatar: Mở khóa avatar.,Dấu chân: Để lại dấu chân hoa bất cứ nơi nào bạn đi qua.,,,,
407,Cherry,"Sống trong một thị trấn xinh đẹp được bao quanh bởi hoa anh đào nở rộ hàng năm đẹp như tranh vẽ, cô cũng rất mong được gặp định mệnh của mình tại biển hoa này.",,Avatar: Mở khóa avatar.,Dấu chân: Để lại dấu chân hoa bất cứ nơi nào bạn đi qua.,,,,
408,Frey,"Frey là vị thần phụ trách ánh nắng và thu hoạch. Sự tồn tại của ông khiến trái đất tràn đầy sức sống. Đồng thời, ông dẫn dắt các đồng đội của mình cùng nhau chiến đấu. Trong trận chiến, ông sẽ tiếp tục phát triển và dần dần giành được vinh quang như một vị thần vĩ đại.",,Avatar: Mở khóa avatar.,Hiệu ứng cơ thể: Các rune thần thánh đang nôi xung quanh cơ thể!,Dấu chân: để lại dấu vết của mặt trời trên những nơi bạn đi qua.,,,
409,Ling Yun,"Là vị thần bảo trợ phụ trách việc tiêu diệt và xua đuổi tà ma, Ling Yun gánh trên vai nhiệm vụ quan trọng là bảo vệ thế giới, cô sử dụng trí tuệ và lòng dũng cảm làm vũ khí, lòng tốt và công lý làm niềm tin để bảo vệ hòa bình thế giới.",,Avatar: Mở khóa avatar.,Hiệu ứng cơ thể: Dâu tây bay xung quang cơ thể!,,,,
410,Thỏ Donut,"Là một con thỏ có kỹ năng độc đáo và tài sản dồi dào, Donut luôn duy trì sự tò mò và khám phá thế giới kỳ thú, thích đi du lịch khắp nơi và tìm kiếm những điều mới mẻ và thú vị hơn.",,Avatar: Mở khóa avatar.,Hiệu ứng cơ thể: Kem phô mai bay xung quanh cơ thể!,,,,
411,,,,,,,,,
