ID,任务名,任务描述,任务追踪
ID,Name,Desc,TrackDesc
1001001,Đặt Quả Thần,"Trên Ngai Đá Sinh Mệnh, đặt @item_587#@1#r (“Quả Thần” tượng trưng cho kỹ thuật cải tạo gien từng huy hoàng nhất của “Người Thời Xưa”)","Trên Ngai Đá Sinh Mệnh, đặt @item_587#"
1001002,Đặt Kiếm Gãy Rực Lửa,"Trên Ngai Đá Can Đảm, đặt @item_588#@1#r (“Kiếm Gãy Rực Lửa” tượng trưng cho sự hợp tác lâu dài từng có của “Người Thời Xưa” và “Rồng Đen”)","Trên Ngai Đá Can Đảm, đặt @item_588#"
1001003,Đặt Mắt Người Đá,"Trên Ngai Đá Trí Tuệ, đặt @item_589#@1#r (“Mắt Người Đá” tượng trưng cho trí tuệ nhân tạo mà “Người Thời Xưa” từng rất tự hào)","Trên Ngai Đá Trí Tuệ, đặt @item_589#"
1001004,Quyết Chiến Bóng Ma Hư Không!,"Đánh bại Bóng Ma Hư Không! # r (Đã không thể quay đầu nữa, hãy vì Vũ Trụ MINI!)",Đánh bại Bóng Ma Hư Không!
1001005,Tiếp xúc Hư Không,Nhận được @item_11333##r (Đây là ... Khởi đầu mới ư?......),Nhận được @item_11333#
1002001,Trở lại Miras,"Cuối cùng cũng an toàn đến được Miras rồi. # r Nhưng, lúc đột phá phong tỏa Chuỗi Sao, cả nhánh đội ngũ đều đã bị đánh tan rồi, không biết có còn Đồng Hành nào khác đến Miras hay không?",Đến Miras
1002002,Tôi cần vài Cục Đá,"Thu thập @item_110# nhận được @item_11627#@1#r (nhấp và giữ Khối Đá để thu thập, cũng có thể mở trang điều khiển - gia công, để gia công @item_104# và nhận được @item_11627#)",Thu thập @item_110# nhận được @item_11627#@1
1002003,Nhiều Vật Liệu Hơn,"Thu thập Cành Cây nhận được @item_11323#@1#r (nhấp và giữ Cành Cây để thu thập, Cành Cây của một vài cây mọc ở nơi tương đối cao, có cách nào để tăng độ cao cho chính mình không nhỉ)","Thu thập Cành Cây, nhận được @item_11323#@1"
1002004,Bắt đầu cuộc sống tốt đẹp ...,Dùng @item_11627# và @item_11323# để gia công @item_11002#@1#r (dụng cụ vừa tay có thể giúp thu thập tài nguyên nhanh hơn),Mở ra trang điều khiển để gia công @item_11002#@1
1002005,Tiều Phu,"Dùng @item_11002#, thu thập Cành Khô! Nhận được @item_11323#@1#r (@item_11323# là vật cực kỳ quan trọng trong những chuyến du hành sau này)",Chặt cây thu thập @item_11323#@1
1002006,Thợ Xây Lành Nghề,"Dùng @item_11323# để gia công @item_206#@1#r (ngoài @item_206# ra, đại đa số đạo cụ gỗ cần dùng đến @item_11323# để gia công, hãy thu thập nhiều một chút nhé)",Gia công @item_206#@1
1002007,Nơi Nương Náu,"Đặt @item_206#@1#r (Trạm Sao vừa được chuyển đến hình như có một phòng bị hư hỏng, chắc là có thể dùng @item_206# để tu sửa, như thế sẽ ổn hơn)",Đặt @item_206#@1
1002008,Trang Bị Cho Chính Mình,"Dùng @item_11323# và @item_11627# gia công @item_12012#@1#r (Sinh tồn dã ngoại luôn có nguy hiểm khắp nơi, một vũ khí tiện tay là vật không thể thiếu!)",Gia công @item_12012#@1
1002009,Ra Tay!,Đánh bại quái vật bất kỳ @1#r (tốt nhất thì nên phòng thủ hay nên tấn công? Hãy thử Vũ Khí vừa làm được xem có vừa tay không),Đánh bại sinh vật bất kỳ @1
1002010,Ánh Sáng Trong Đêm!,"Dùng @item_11323# và @item_11226# để gia công @item_298#@1#r (Chú ý! Thời gian cháy của Bó Đuốc Nhỏ có hạn, sau khi tắt dụi cần Đốt Cháy lại, nhưng dùng làm vật chiếu sáng tạm thời thì tuyệt đối okie)",Gia công @item_298#@1
1002011,Tiệc Đêm Lửa Trại,"Dùng @item_298# để đốt cháy @item_1200#@1#r (trong căn phòng hư hỏng của Trạm Sao gần đó có lẽ sẽ có @item_1200#, tự mình cũng có thể gia công một cái.)",Đốt cháy @item_1200#@1
1002012,Thợ,"Dùng @item_11323# và @item_11627# để gia công @item_800#@1#r (thứ cần cho Bàn Thợ, du hành, ở nhà! Woa! Có thể gia công càng nhiều vật phẩm nè!)",Gia công @item_800#@1
1002013,Đồ Cần Để Sinh Tồn,"Dùng @item_12600# và @item_11226# để gia công @item_828#@1#r (khi gia công, cần dùng @item_800# . Sau khi gia công xong, hãy nhớ đặt @item_828# ở nơi an toàn, nếu xung quanh có nguy hiểm thì không thể ngủ được đâu!)",Gia công @item_828#@1
1002014,Nghỉ ngơi thoải mái chút đi.,"Dùng @item_828# để ngủ một giấc nào #r (nhấp vào @item_828# để nằm lên, nhưng sẽ không ngủ được vào ban ngày, buổi tối mới dùng được. Đêm tối ở Miras bắt đầu từ 20:00, hãy chú ý thời gian nhé)",Nhấp vào @item_828# đã đặt xong rồi ngủ một giấc
1003001,"Thịt Nướng, Thơm Phức!","Đặt @item_12513# trên Lửa Trại để nướng chín, nhận được @item_12514#@1#r (đại đa số Thịt mà động vật rơi ra đều có thể nướng, ăn Thịt Tươi ở Dã Ngoại là một chuyện cực kỳ nguy hiểm, hãy nướng chín rồi hãy ăn nhé)",Dùng @item_1200# để nướng và nhận được @item_12514#@1
1003002,Bị chinh phục bởi Thịt Nướng,Ăn vài @item_12514# để hồi Thể Lực nào @1#r (sau khi ăn sẽ thấy toàn thân tràn trề Sức Mạnh!),Ăn @item_12514#@1
1003003,Khắc Tinh Khoáng Vật,"Dùng @item_11627# và @item_11323# để gia công @item_11012#@1#r (khi có được @item_11012# thì mới có thể thu thập khoáng vật nhanh được, đào mỏ bằng tay không khổ lắm ó!)",Gia công @item_11012#@1
1003004,Nguồn Năng Lượng Mới?,"Tay cầm @item_11012# để đào @item_402# và nhận được @item_11201#@1#r (@item_11201# là Chất Đốt Tinh Luyện thường thấy trên Miras, dù là trên hay dưới mặt đất, hãy lưu ý nhé)",Thu thập @item_402#@1
1003005,Khoáng Vật Mới Toanh!,"Tay cầm @item_11012# để đào @item_451#@1#r (@item_451# phân bố rất rộng ở Miras, sản lượng ở trên và dưới mặt đất đều rất nhiều)",Thu thập @item_451#@1
1003006,Người Gia Công Ở Bàn Tinh Luyện,"Dùng @item_11226# và @item_101# để gia công @item_802#@1#r (khi có được @item_802# sẽ có thể tinh luyện Kim Loại, hãy tìm ít Mỏ để nâng cấp công cụ này đi)",Gia công @item_802#@1
1003007,Tinh Luyện Kim Loại: Đồng Vàng,"Ở @item_802# sử dụng nhiên liệu đốt @item_451# tinh luyện @item_11329#@1#r (@item_11329# là một loại kim loại rất cơ bản, sử dụng rộng rãi, có thể dùng để tăng cấp công cụ, tăng hiệu suất)",Tinh Luyện nhận @item_11329#@1
1003008,Dụng Cụ Vừa Tay Hơn,"Dùng @item_11329# và @item_11323 để gia công @item_11011#@1#r (khi gia công, cần dùng @item_800#. Khi có được @item_11011# , tốc độ đào sẽ không thể so bì nổi!)",Gia công @item_11011#@1
1003009,Bài Học Sinh Tồn Dã Ngoại Đầu Tiên,"Hoàn thành tất cả nhiệm vụ trong mục tiêu “Nhà Thám Hiểm Mới” .# r (Đã học được những cách cơ bản nhất để sinh tồn nơi Dã Ngoại, đã là lúc học một biết mười rồi. Mưu đồ của Bóng Ma Hư Không vẫn chưa chấm dứt, hay cố gắng tiếp nào!)",Hoàn thành tất cả nhiệm vụ trong mục tiêu “Nhà Thám Hiểm Mới
1004001,Bắt Đầu Trồng Trọt,Dùng @item_11627# và @item_11323# để gia công @item_11032#@1#r (có được nó là có thể khai hoang Đất Canh Tác rồi),Gia công @item_11032#@1
1004002,Khai hoang Đất Canh Tác,"Tay cầm @item_11032# dùng cho @item_100# hoặc @item_101# , sẽ khiến nó biến thành Đất Canh Tác @1#r (trên phiên bản PC nhắm kỹ Khối rồi nhấp và giữ phím chuột phải, trên phiên bản di động, nhấp và giữ Khối để khai hoang Đất Canh Tác)",Tay cầm @item_11032# để khai hoang Đất Canh Tác @1
1004003,Vua Lương Thực,Trồng @item_11400# trên Đất Canh Tác @1#r (tay cầm @item_11400# nhấp vào Đất Canh Tác để trồng),Gieo hạt @item_11400#@1
1004004,Bón phân,"Dùng cho tác vật @item_11311#@1#r(@item_11311# có thể tăng tốc độ sinh trưởng của đa số thực vật, nhưng không phải lần bón phân nào cũng thành công...)",Dùng @item_11311# @1cho tác vật
1004005,Được Mùa!,Thu hoạch @item_229#@1#r chín (lần đầu thu hoạch luôn khiến người ta trọn đời khó quên),Thu hoạch @item_229#@1
1004006,Khởi Đầu Của Bếp Trưởng,"Dùng @item_104# gia công @item_200108#@1#r (khi gia công cần sử dụng @item_800#. Lửa Trại có thể sử dụng @item_298# để đốt cháy, còn nhớ không? Đặt @item_200108# trên @item_1200# đang đốt cháy là có thể làm ra được nhiều món ngon rồi)",Gia công @item_200108#@1
1004007,Nguyên Liệu Chuẩn Bị,Dùng @item_229# để gia công @item_344#@1#r (khi gia công cần dùng @item_800# . @ Item_344# là nguyên liệu cơ bản của rất nhiều món),Gia công @item_344#@1
1004008,Món Ngon Ra Lò,"Nấu ra @item_12502#@1#r (trong @item_200108# hãy sử dụng @item_344# nhé, sau đó chờ món ngon ra lò)",Trong @item_200108# nấu @item_12502#@1
1004009,Ăn No Thỏa Thích,Ăn @item_12502#@1#r (chỉ khi ăn nó mới có sức làm việc!),Ăn @item_12502#@1
1004010,Balo Đã Đầy!,Dùng @item_11323# để gia công @item_1180#@1#r (những vật phẩm không đặt được vào Balo sẽ được lưu trữ trong Rương Chứa Đồ),Gia công @item_1180#@1
1004011,Chế Ngự Cường Địch,"Dùng @item_11323# gia công @item_812# và đặt @1#r (sau khi lắp Cửa cho nhà, sẽ có thể ra vào thuận tiện, còn có thể ngăn phòng quái vật vào nhà. Nhưng cần cẩn thận, @item_812# có thể sẽ bị Dã Nhân phá hoại!)",Gia công và đặt @item_812#@1
1004012,Công Tác Phòng Thủ,Dùng @item_11323# để gia công @item_821# và đặt @1#r (cầm @item_821# nhấp vào @item_821# đã được đặt thì sẽ nối được),Gia công và đặt @item_821#@1
1004013,Lối ra vào Thành Phòng Thủ,"Dùng @item_11323# và @item_11227# để gia công @item_535# và đặt trên @1#r(@item_535# sẽ có thể nối với Cọc Gỗ, khiến quái vật không thể tùy ý xông vào Cứ Điểm của bạn)",Gia công và đặt @item_535#@1
1004014,Tượng Đá Bí Ẩn,"Dùng @item_104# để gia công @item_596# và đặt @1#r (Tượng Đá kỳ lạ phát sáng khiến người nhìn có một cảm giác lạ lùng, khi chạm vào nó có lẽ sẽ có điều gì đó xảy ra)",Gia công và đặt @item_596#@1
1004015,"Ở đây, hãy bắt đầu lại từ đầu.","Dâng cho @item_596# Sao Sáng @1#r (sau khi nhấp vào @item_596# , hãy chọn “Dâng một Sao Sáng”, khi gặp phải nguy hiểm ở Dã Ngoại thì Lamy sẽ đưa bạn về lại nơi này)",Giâng cho @item_596# Sao Sáng @1
1004016,Bài Học 2 Sinh Tồn Dã Ngoại,"Hoàn thành tất cả nhiệm vụ trong mục tiêu ""Học Nữa Học Mãi"". #r (Đã học được càng nhiều kiến thức sinh tồn, đã là lúc tiến bộ thêm một bước)","Hoàn thành tất cả nhiệm vụ trong mục tiêu ""Học Nữa Học Mãi"""
1004017,Nguồn Sáng Tự Nhiên,"Dùng @item_837# làm ra @item_905# hoặc @item_907#@1#r(Nguồn sáng tự nhiên chiếu sáng vĩnh cửu, biết đâu nó có thể thay thế ngọn đuốc có thể tắt bất cứ lúc nào)",Gia công @item_905# hoặc @item_907#@1
1005001,Lớp Ngoài Kiên Cố,"Săn sẽ nhận được @item_11307#@1#r (cần đánh bại Bò hoặc Sói mới có thể nhận @item_11307# , phải tìm kỹ càng nha)",Nhận được @item_11307#@1
1005002,Trang Bị Đồng Vàng!,"Gia công và mặc Trang Bị Đồng Vàng bất kỳ, như: @item_12216#@1#r (sau khi mặc Trang Bị Đồng Vàng thì càng chịu đòn tốt hơn đấy, ha ha!)",Gia công và mặc Trang Bị Đồng Vàng bất kỳ @1
1005003,Vũ khí sắc bén hơn,Sử dụng @item_11329# và @item_11323# gia công @item_12004#@1#r (có @item_12004# thì năng lực chiến đấu sẽ tăng ngay),Gia công @item_12004#@1
1005004,Bắt Trộm,"Đánh bại Sứ Đồ Hư Không sẽ nhận được @item_11911#@1#r (Bóng Ma Hư Không dựa vào đám Sứ Đồ này để trộm lấy Sức Mạnh Sáng Tạo ở khắp nơi, cần phải ngăn chúng lại!)",Đánh bại Sứ Đồ Hư Không để nhận được @item_11911#@1
1005005,Nâng cấp Bàn Thợ!,"Nâng cấp @item_800# thành @item_797#@1#r (tay cầm @item_11911# và nhấp vào @item_800# đã được đặt để nâng cấp, @item_797# có thể nhìn thấy tất cả những Công Thức để gia công)",Tay cầm @item_11911# để nhấp @item_800#
1005006,Thay Mới,"Thực hiện một lần tu sửa công cụ hoặc trang bị @1#r (dùng @item_797# hoặc @item_800# đều được, nhấp vào Bàn Thợ để mở trang, rồi chọn “tu sửa đạo cụ” ở bên trái, cho vật phẩm cần tu sửa vào)",Thực hiện một lần tu sửa Đạo Cụ hoặc Trang Bị @1
1005007,Nâng Hiệu Suất Tinh Luyện,"Dùng @item_11329# để gia công @item_799#@1#r (sau khi đổi thành Bàn Tinh Luyện cao cấp hơn, sẽ tinh luyện được nhiều nhóm khoáng vật trong một lần, hiệu suất nhân đôi)",Gia công @item_799#@1
1005008,Khoáng Vật Đáng Tin Cậy,"Thu thập @item_401#@1#r (@item_401# có chất liệu cứng chắc hơn @item_451#, khoáng vật phân bố cũng ở nơi sâu hơn, cần đào sâu xuống dưới mấy tầng mới tìm thấy được, nhưng cũng đừng đào sâu quá nhé)",Thu thập @item_401#@1
1005009,Tinh Luyện Kim Loại: Bạc Kín,"Tinh luyện nhận được @item_11209#@1#r (sau khi có được @item_11209# sẽ có thể gia công những công cụ và trang bị bền hơn, còn có thể gia công nhiều loại Khối hơn, đề nghị dự trữ nhiều một chút)",Tinh luyện nhận được @item_11209#@1
1005010,Công Cụ Bạc Kín!,"Gia công @item_11013#@1#r(@item_11013# nhanh hơn nhiều so với @item_11011#, hơn nữa có thể dùng Rune khảm để có được năng lực hiệu quả cao hơn)",Gia công @item_11013#@1
1005011,Sức Mạnh Tự Nhiên Ngưng Tụ,"Gia công @item_785#@1#r (dùng @item_785# là có thể khảm Bùa cho đạo cụ, vũ khí hoặc trạng thái rồi, Đá Bùa có nhiều loại, hãy khám phá và tìm dưới lòng đất xem)",Gia công @item_785#@1
1005012,Kích hoạt Sức Mạnh Bùa,"Thực hiện một lần khảm Bùa #r (nhấp @item_785# để mở trang, rồi tự do lựa chọn trong số các Bùa và công cụ ở bên trái. Hãy thử thêm vài lần nhé, khảm Bùa không phải lần nào cũng thành công)",Dùng @item_785# để khảm Bùa một lần
1005013,Lại tiến thêm một bước!,"Hoàn thành tất cả nhiệm vụ trong mục tiêu ""Người Khám Phá Lão Làng"". # r (Bạn đã có thể tự lập được rồi, hãy tiếp tục khiến mình mạnh lên, và chiến thắng Bóng Ma Hư Không nhé!)","Hoàn thành tất cả nhiệm vụ trong mục tiêu ""Người Khám Phá Lão Làng"""
1006001,Mảnh Ngày Xưa,"Ở dưới đất, thu thập @item_598# nhận được @item_11205#@1#r (@item_11331# được cấu thành bởi @item_11205# , có lượng lớn @item_598# đã xâm nhập vào lòng đất ở Miras từ rất lâu về trước)",Thu thập từ dưới đất @item_598#@1
1006002,Nguồn Năng Lượng Chuỗi Sao,"Dùng @item_11205# để gia công @item_11331#@1#r (giống như tên gọi, @item_11331# là đạo cụ thiết yếu cung cấp năng lượng cho Trạm Sao)",Gia công @item_11331#@1
1006003,Đảo ở trên trời hả?!,"Bước vào Đảo Hoang trên Miras #r (là môi trường sinh thái không thể ngờ đến trên Miras, bề mặt trái đất trôi nổi trên trời, nhưng lại duy trì một trạng thái cực kỳ ổn định)",Vào môi trường Đảo Hoang
1006004,Giao dịch với Người Nơi Khác Đến,"Ở chỗ Thương Gia Đảo Hoang, mua được @item_11334#@1#r (người sao Angelo có tật thu thập kho báu ở khắp nơi trong vũ trụ, đồng thời lại rất thích những nơi cao, có thể sẽ tìm thấy bóng dáng họ trên Đảo Hoang. Họ chắc chắn đã dự trữ không ít @item_11334#)","Ở chỗ Thương Gia Đảo Hoang, mua được @item_11334#@1"
1006005,Lắp ráp xong!,"Gia công @item_11335#@1#r(Trạm Sao trên Miras về cơ bản đã bị Hư Không phá hoại hết rồi, dù sau khi kích hoạt cũng chỉ có thể dịch chuyển trong hành tinh thôi, cần dùng @item_11335# để phục hồi khối dịch chuyển khoảng cách xa mới được)",Gia công @item_11335#@1
1006006,Phục hồi Trạm Sao,"Dùng @item_11331# nhấp vào @item_594#@1 để kích hoạt lại nó #r (sau khi kích hoạt, Trạm Sao sẽ liên kết vào mạng Chuỗi Sao, chỉ cần kích hoạt thêm vài Trạm Sao, chuyến du hành sẽ rất nhẹ nhàng)",Dùng @item_11331# để nhấp @item_594#@1
1006007,Nâng Cấp Trạm Sao,Dùng @item_11335# nhấp vào @item_595#@1 để nâng cấp cho nó #r (sau khi nâng cấp thành @item_597# sẽ có thể dịch chuyển giữa các hành tinh lân cận),Dùng @item_11335# để nhấp @item_595#@1
1006008,Tiến Bộ Lớn Khi Du Hành Hành Tinh,"Hoàn thành tất cả nhiệm vụ trong mục tiêu “Kỹ Sư Chuỗi Sao” # r (Sau khi tu sửa Trạm Sao sẽ có thể đến được Flamas và Horas, đã tiến gần thêm một bước để đánh bại Bóng Ma Hư Không rồi)",Hoàn thành tất cả nhiệm vụ trong mục tiêu “Kỹ Sư Chuỗi Sao”
1007001,Vào Rừng Mưa,"Bước và môi trường sinh thái Rừng Mưa trên Miras #r (Rừng Mưa trên Miras có nhiều cây to lớn và rậm rạp, bất kỳ nơi nào cũng đầy hiểm nguy. Vào ngày sấm sét ở Rừng Mưa, tốt nhất đừng đi ra ngoài, nếu bị sét đánh trúng thì không phải chuyện đùa đâu!)",Vào môi trường sinh thái Rừng Mưa
1007002,Bấc Rừng Mưa,"Phá hoại @item_396# nhận được @item_11601#@1#r(Cành Cây của Cây Cao To trong Rừng Mưa thỉnh thoảng sẽ cho ra vài Tinh Thể, cần bình tâm lại và tìm kiếm kỹ lưỡng)",Nhận được @item_11601#@1
1007003,Chìa Khóa Cổ Xưa,"Dùng @item_11601# và @item_11329# để gia công và nhận được @item_11597#@1#r (trên @item_11597# ghi khắc ngôn ngữ của người Miras Cổ Xưa, đã ghi lại cách mở “Đền Thờ Rừng Mưa”)",Gia công nhận được @item_11597#@1
1007004,Đền Thờ Rừng Mưa!,"Trong Rừng Mưa, sau khi tìm ra @item_578# , dùng @item_11597# và nhấp để kích hoạt, triệu hồi ra Đền Thờ Rừng Mưa #r (Thần Rắn ở ngay trong đó!)",Triệu hồi Đền Thờ Rừng Mưa
1007005,Thần Rắn,"Đánh bại Thần Rắn #r (nguồn gốc sinh ra Thần Rắn là từ một tai nạn. “Quả Thần” ẩn sâu trong nó, đã trải qua không biết bao lâu ......)",Đánh bại Thần Rắn
1007006,Hạt Giống Cây Thần,"Nhận được @item_591#@1#r (trong “Quả Thần” có Chìa Khóa Mã phong ấn, được đời đời truyền lại bằng gien di truyền ......)",Nhận được @item_591#@1
1007007,Kỳ Tích Sinh Mệnh,"Trồng @item_591# vào Hố, mọc ra Cây Thần @1#r (Cây Thần khác với những thực vật khác, không thể dùng @item_11311# để tăng tốc độ sinh trưởng, chỉ có thể đợi từ từ thôi)",Trồng @item_591#@1
1007008,Chìa Khóa Mã tượng trưng cho “Sinh Mệnh”,"Ở độ cao của Cây Thần, thu thập và nhận được @item_587#@1#r (Cây Thần cao chọc trời, mà Quả thì lại mục ở trên Cành Cây nơi cao kia. Quá trình hái sẽ cực kỳ nguy hiểm, hãy cẩn thận)",Nhận được @item_587#@1
1007009,Tung Cánh Lượn Bay,"Gia công và mặc @item_11591#@1#r (Lông Vũ trên cánh của Thần Rắn cực kỳ bền chắc và lại rất nhẹ, đeo @item_11591# lên người là có thể Cánh Trượt rồi)",Gia công và mặc @item_11591#@1
1007010,Lá Cây Phát Sáng Lấp Lánh,"Vào buổi đêm trong Rừng Mưa, thu thập Lá Cây Cao To phát sáng, nhận được @item_11596#@1#r (hãy nhớ kỹ, một khi trời sáng, ánh sáng sao trên Lá Cây sẽ tan biến)",Nhận được @item_11596#@1
1007011,Phép Thuật?!,"Gia công @item_11569#@1#r (nếu chưa khảm Pha Lê, thì chỉ là một Cậy Gỗ mà thôi)",Gia công @item_11569#@1
1007012,Phép Thuật!!!,"Gia công Pháp Trượng bất kỳ @1 , ví dụ: @item_11580##r (có nhiều loại Pha Lê, Thầy Tế Dã Nhân dựa vào những Pha Lê này mới có được rất nhiều năng lực)",Gia công Pháp Trượng bất kỳ @1
1007013,Hạ Màn! “Chương Sinh Mệnh”,Hoàn thành tất cả nhiệm vụ trong mục tiêu “Theo Vết Rừng Mưa”,Hoàn thành tất cả nhiệm vụ trong mục tiêu “Theo Vết Rừng Mưa”
1008001,Đến Flamas,"Ngồi vào Trạm Sao và thuận lợi đến được Flamas #r (Flamas là hành tinh gần nhất với Hằng Tinh trong hệ sao, độ ẩm trên bề mặt trái đất cực kỳ cao, và dường như đã bị Dung Nham che phủ. Trước khi đến Flamas cần phải chuẩn bị kỹ càng)",Ngồi vào Trạm Sao thuận lợi đến được Flamas
1008002,Thí Luyện Rồng Đen Ⅰ,"Chiến thắng Rồng Đen Viễn Cổ! # r (Rồng Đen bảo vệ Kiếm Gãy Rực Lửa đã trải qua không biết bao ngày tháng, nhưng vẫn không quên lời giao ước của mình và “Người Thời Xưa”. Muốn có được “Kiếm Gãy Rực Lửa”, cần phải vượt qua được Thí Luyện của rồng trước đã. Hãy chứng minh thực lực của mình cho Rồng Đen thấy đi!)",Chiến thắng Rồng Đen Viễn Cổ
1008003,Chìa Khóa Mã đại diện cho “Can Đảm”,"Nhận được @item_588##r (trong Kiếm Gãy Rực Lửa có chứa một đoạn trong số Chìa Khóa Mã phong ấn, là thứ không thể thiếu để giải trừ Phong Ấn Núi Lửa)",Nhận được @item_588#
1008004,Tăng độ khó!,"Gia công @item_11215# , kích hoạt @item_765# , triệu hồi Hắc Long Dung Nham",Triệu hồi Hắc Long Dung Nham
1008005,Thí Luyện Rồng Đen Ⅱ,"Chiến thắng Rồng Đen Dung Nham! # r (Rồng Đen hóa thân thành dạng Dung Nham và bắt đầu Thí Luyện thứ hai, hãy chiến thắng nó, sẽ mạnh mẽ hơn!)",Chiến thắng Rồng Đen Dung Nham!
1008006,Độ khó cao nhất!,"Gia công @item_11216# , kích hoạt @item_765# , triệu hồi Hắc Long Hỗn Mang",Triệu hồi Hắc Long Hỗn Mang
1008007,Thí Luyện Rồng Đen ∞,"Chiến thắng Rồng Đen Hỗn Loạn! # r (Rồng Đen hóa thân thành dạng Hỗn Loạn và bắt đầu Thí Luyện thứ ba, đây là thử thách khó khăn nhất, hãy chuẩn bị kỹ càng)",Chiến thắng Rồng Đen Hỗn Loạn!
1008008,Nhận được Vỏ Cua Lửa,"Đánh bại Cua Lửa nhận được @item_12605#@1#r (Cua Lửa có thể sinh tồn được dưới nhiệt độ cao đến vậy ở Flamas, thậm chí có thể bơi được trong Dung Nham, điều này chắc chắn liên quan đến lớp vỏ cứng thần kỳ trên người nó)",Nhận được @item_12605#@1
1008009,Trang bị Túi Chống Lửa,Gia công và mặc @item_12277#@1#r (khi có được @item_12277# sẽ có thể chống lại nhiệt độ cao ở Flamas rồi),Gia công và mặc @item_12277#@1
1008010,Hạ Màn! “Chương Can Đảm”,Hoàn thành tất cả nhiệm vụ trong mục tiêu “Thí Luyện Vĩnh Hằng”,Hoàn thành tất cả nhiệm vụ trong mục tiêu “Thí Luyện Vĩnh Hằng”
1009001,Đến Horas,"Ngồi vào Trạm Sao và thuận lợi đến được Horas #r(Horas là vệ tinh duy nhất của Miras, lực dẫn nhỏ hơn rất nhiều so với Miras. Sinh sống trên hành tinh này là một nhóm sinh vận bản địa có vẻ ngoài độc đáo, dường như hơi khó để trò chuyện ......)",Ngồi vào Trạm Sao và thuận lợi đến được Horas
1009002,Xua đuổi Hư Không đang xâm nhập,"Giúp Tên Khổng Lồ Viễn Cổ thoát khỏi sự xâm nhập của Hư Không #r(Tên Khổng Lồ Viễn Cổ đã bị Hư Không xâm nhập quá sâu, đã không thể cứu vãn nữa, cách duy nhất là phá hoại nó. # r Sau khi tìm ra Tế Đàn, trong 4 ô bên cạnh @item_1042# đặt vào @item_408# , @item_409# , @item_449# , @item_450# mới có thể triệu hồi Tên Khổng Lồ Viễn Cổ)",Giúp Tên Khổng Lồ Viễn Cổ thoát khỏi sự xâm nhập của Hư Không
1009003,Chìa Khóa Mã đại diện cho “Trí Tuệ”,"Nhận được @item_589#@1#r (@item_589# từng là đột phá lớn quan trọng trong lĩnh vực sinh mệnh nhân tạo của người Miras Cổ Xưa, bên trong có chứa một trong những đoạn của ba Chìa Khóa Mã Phong Ấn Núi Lửa)",Nhận được @item_589#@1
1009004,“Cuộc Phiêu Lưu Của Rocki”,"Đánh bại Rocki, nhận được @item_11077#@1#r (cách để phân biệt ra sinh vật là nhìn vào màu của chúng, Rocki màu trắng, cực kỳ sợ con người, nhưng hãy cẩn thận Bom mà chúng nhổ ra)",Nhận được @item_11077#@1
1009005,Đá Tinh Khởi,Dùng @item_11077# để gia công và nhận được @item_11075#@1,Gia công @item_11075#@1
1009006,Kích hoạt Vật Tổ Horas,"Dùng @item_11075# để kích hoạt @item_1042#@1#r (sau khi kích hoạt có thể tạo ra một Khu Oxy lớn, ở trong Khu Oxy sẽ không sợ thiếu khí nữa)",Kích hoạt @item_1042#@1
1009007,Quặng Đồng Sao,"Thu thập @item_445#获得@item_11073#@1#r(@item_445# là một trong những khoáng vật đặc biệt của Horas, chất liệu cứng hơn nhiều so với Đồng Vàng)",Thu thập @item_445# nhận được @item_11073#@1
1009008,Mũi Khoan Đồng Sao,Gia công @item_11016#@1#r (muốn gia công @item_11016# thì trước tiên cần có được @item_11087#),Gia công @item_11016#
1009009,Quặng Tím,"Thu thập @item_446# nhận được @item_11074#@1#r (@item_446# cũng là một trong những khoáng vật đặc biệt của Horas, nhưng sản lượng cực kỳ ít, chỉ xuất hiện lượng ít ở Đảo Hoang trên Horas thôi)",Thu thập @item_446# nhận được @item_11074#@1
1009010,Lên Trời Xuống Đất!,Gia công @item_12006#@1#r (muốn gia công @item_12006# thì trước tiên cần có được @item_11088#),Gia công @item_12006#@1
1009011,Hạ Màn! “Chương Trí Tuệ”,Hoàn thành tất cả nhiệm vụ trong mục tiêu “Chi Viện Vượt “Đá””,Hoàn thành tất cả nhiệm vụ trong mục tiêu “Chi Viện Vượt “Đá””
2001001,Rìu Đá I,Gia công @item_11002#@1#r (tốn vật liệu và dùng @item_11323# và @item_11627# để gia công),Gia công @item_11002#@1
2001002,Rìu Đá II,Gia công @item_11002#@1#r (tốn vật liệu và dùng @item_11323# và @item_11627# để gia công),Gia công @item_11002#@1
2001003,Rìu Đồng Vàng I,Gia công @item_11001#@1#r (tốn vật liệu và dùng @item_11323# và @item_11329# để gia công),Gia công @item_11001#@1
2001004,Rìu Đồng Vàng Ⅱ,Gia công @item_11001#@1#r (tốn vật liệu và dùng @item_11323# và @item_11329# để gia công),Gia công @item_11001#@1
2001005,Rìu Bạc Kín I,Gia công @item_11003#@1#r (tốn vật liệu và dùng @item_11323# và @item_11209# để gia công),Gia công @item_11003#@1
2001006,Rìu Bạc Kín II,Gia công @item_11003#@1#r (tốn vật liệu và dùng @item_11323# và @item_11209# để gia công),Gia công @item_11003#@1
2001007,Rìu Titan I,Gia công @item_11004#@1#r (tốn vật liệu và dùng @item_11323# và @item_11330# để gia công),Gia công @item_11004#@1
2001008,Rìu Titan II,Gia công @item_11004#@1#r (tốn vật liệu và dùng @item_11323# và @item_11330# để gia công),Gia công @item_11004#@1
2001009,Cưa Máy I,Gia công @item_11005#@1#r (chủ yếu thông qua tiêu hao nguyên liệu @item_11203# và @item_11911# để gia công mà thành),Gia công @item_11005#@1
2001010,Cưa Máy II,Gia công @item_11005#@1#r (chủ yếu thông qua tiêu hao nguyên liệu @item_11203# và @item_11911# để gia công mà thành),Gia công @item_11005#@1
2001011,Xẻng Đá I,Gia công @item_11022#@1#r (tốn vật liệu và dùng @item_11323# và @item_11627# để gia công),Gia công @item_11022#@1
2001012,Xẻng Đá II,Gia công @item_11022#@1#r (tốn vật liệu và dùng @item_11323# và @item_11627# để gia công),Gia công @item_11022#@1
2001013,Xẻng Đồng Vàng I,Gia công @item_11021#@1#r (tốn vật liệu và dùng @item_11323# và @item_11329# để gia công),Gia công @item_11021#@1
2001014,Xẻng Đồng Vàng II,Gia công @item_11021#@1#r (tốn vật liệu và dùng @item_11323# và @item_11329# để gia công),Gia công @item_11021#@1
2001015,Xẻng Bạc Kín I,Gia công @item_11023#@1#r (tốn vật liệu và dùng @item_11323# và @item_11209# để gia công),Gia công @item_11023#@1
2001016,Xẻng Bạc Kín II,Gia công @item_11023#@1#r (tốn vật liệu và dùng @item_11323# và @item_11209# để gia công),Gia công @item_11023#@1
2001017,Xẻng Titan I,Gia công @item_11024#@1#r (tốn vật liệu và dùng @item_11323# và @item_11330# để gia công),Gia công @item_11024#@1
2001018,Xẻng Titan II,Gia công @item_11024#@1#r (tốn vật liệu và dùng @item_11323# và @item_11330# để gia công),Gia công @item_11024#@1
2001019,Xẻng Vàng Đen I,Gia công @item_11025#@1#r (chủ yếu thông qua tiêu hao nguyên liệu @item_11203# và @item_11911# để gia công mà thành),Gia công @item_11025#@1
2001020,Xẻng Vàng Đen II,Gia công @item_11025#@1#r (chủ yếu thông qua tiêu hao nguyên liệu @item_11203# và @item_11911# để gia công mà thành),Gia công @item_11025#@1
2001021,Bừa Đá I,Gia công @item_11032#@1#r (tốn vật liệu và dùng @item_11323# và @item_11627# để gia công),Gia công @item_11032#@1
2001022,Bừa Đá II,Gia công @item_11032#@1#r (tốn vật liệu và dùng @item_11323# và @item_11627# để gia công),Gia công @item_11032#@1
2001023,Bừa Đồng Vàng I,Gia công @item_11031#@1#r (tốn vật liệu và dùng @item_11323# và @item_11329# để gia công),Gia công @item_11031#@1
2001024,Bừa Đồng Vàng II,Gia công @item_11031#@1#r (tốn vật liệu và dùng @item_11323# và @item_11329# để gia công),Gia công @item_11031#@1
2001025,Bừa Bạc Kín I,Gia công @item_11033#@1#r (tốn vật liệu và dùng @item_11323# và @item_11209# để gia công),Gia công @item_11033#@1
2001026,Bừa Bạc Kín II,Gia công @item_11033#@1#r (tốn vật liệu và dùng @item_11323# và @item_11209# để gia công),Gia công @item_11033#@1
2001027,Bừa Titan I,Gia công @item_11034#@1#r (tốn vật liệu và dùng @item_11323# và @item_11330# để gia công),Gia công @item_11034#@1
2001028,Bừa Titan II,Gia công @item_11034#@1#r (tốn vật liệu và dùng @item_11323# và @item_11330# để gia công),Gia công @item_11034#@1
2001029,Bừa Vàng Đen I,Gia công @item_11035#@1#r (chủ yếu thông qua tiêu hao nguyên liệu @item_11203# và @item_11911# để gia công mà thành),Gia công @item_11035#@1
2001030,Bừa Vàng Đen II,Gia công @item_11035#@1#r (chủ yếu thông qua tiêu hao nguyên liệu @item_11203# và @item_11911# để gia công mà thành),Gia công @item_11035#@1
2001031,Cuốc Đá I,Gia công @item_11012#@1#r (tốn vật liệu và dùng @item_11323# và @item_11627# để gia công),Gia công @item_11012#@1
2001032,Cuốc Đá II,Gia công @item_11012#@1#r (tốn vật liệu và dùng @item_11323# và @item_11627# để gia công),Gia công @item_11012#@1
2001033,Cuốc Đồng Thau I,Gia công @item_11011#@1#r (tốn vật liệu và dùng @item_11323# và @item_11329# để gia công),Gia công @item_11011#@1
2001034,Cuốc Đồng Thau II,Gia công @item_11011#@1#r (tốn vật liệu và dùng @item_11323# và @item_11329# để gia công),Gia công @item_11011#@1
2001035,Cuốc Bạc Kín I,Gia công @item_11013#@1#r (tốn vật liệu và dùng @item_11323# và @item_11209# để gia công),Gia công @item_11013#@1
2001036,Cuốc Bạc Kín II,Gia công @item_11013#@1#r (tốn vật liệu và dùng @item_11323# và @item_11209# để gia công),Gia công @item_11013#@1
2001037,Cuốc Titan I,Gia công @item_11014#@1#r (tốn vật liệu và dùng @item_11323# và @item_11330# để gia công),Gia công @item_11014#@1
2001038,Cuốc Titan II,Gia công @item_11014#@1#r (tốn vật liệu và dùng @item_11323# và @item_11330# để gia công),Gia công @item_11014#@1
2001039,Mũi Khoan I,Gia công @item_11015#@1#r (chủ yếu thông qua tiêu hao nguyên liệu @item_11203# và @item_11911# để gia công mà thành),Gia công @item_11015#@1
2001040,Mũi Khoan II,Gia công @item_11015#@1#r (chủ yếu thông qua tiêu hao nguyên liệu @item_11203# và @item_11911# để gia công mà thành),Gia công @item_11015#@1
2001041,Mũi Khoan Đồng Sao I,Gia công @item_11016#@1#r (tốn vật liệu và dùng @item_796# hoặc @item_797# để gia công),Gia công @item_11016#@1
2001042,Mũi Khoan Đồng Sao II,Gia công @item_11016#@1#r (tốn vật liệu và dùng @item_796# hoặc @item_797# để gia công),Gia công @item_11016#@1
2002001,Hố Màu Mỡ,"Dùng công cụ loại Xẻng đào ra @item_103#@1#r(tay cầm công cụ loại Xẻng, như @item_11022# , nhắm chuẩn vào @item_101# hoặc @item_100# nhấp dùng nút (trong phiên bản PC nhấp và giữ phím chuột phải) để đào)",Dùng công cụ loại Xẻng để đào ra @item_103#@1
2002002,Đất Ẩm Ướt,"Dùng @item_11628# với @item_103# để tưới nước cho nó @1#r (dùng @item_11617# nhấp vào Khối Nước để lấy đầy nước, dùng @item_11628# nhấp vào @item_103# hoặc @item_102# để tưới ẩm cho nó)",Dùng @item_11628# để tưới nước cho @item_103# @1
2002003,Cây Anh Đào Ⅰ,"Ở @item_103#, trồng @item_11405#@1#r (thường mọc trên môi trường sinh thái Thảo Nguyên, Rừng Rậm)",Trồng @item_11405#@1
2002004,Cây Anh Đào Ⅱ,"Ở @item_103#, trồng @item_11405#@1#r (thường mọc trên môi trường sinh thái Thảo Nguyên, Rừng Rậm)",Trồng @item_11405#@1
2002005,Cây Anh Đào Ⅲ,"Ở @item_103#, trồng @item_11405#@1#r (thường mọc trên môi trường sinh thái Thảo Nguyên, Rừng Rậm)",Trồng @item_11405#@1
2002006,Cây Tùng I,"Ở @item_103#, trồng @item_11406#@1#r (thường mọc trên môi trường sinh thái Rừng Lá Kim Núi Cao)",Trồng @item_11406#@1
2002007,Cây Tùng II,"Ở @item_103#, trồng @item_11406#@1#r (thường mọc trên môi trường sinh thái Rừng Lá Kim Núi Cao)",Trồng @item_11406#@1
2002008,Cây Tùng III,"Ở @item_103#, trồng @item_11406#@1#r (thường mọc trên môi trường sinh thái Rừng Lá Kim Núi Cao)",Trồng @item_11406#@1
2002009,Cây Cao To I,Ở @item_103# trồng @item_11407#@1#r (thường mọc trên môi trường sinh thái Rừng Mưa),Trồng @item_11407#@1
2002010,Cây Cao To II,Ở @item_103# trồng @item_11407#@1#r (thường mọc trên môi trường sinh thái Rừng Mưa),Trồng @item_11407#@1
2002011,Cây Cao To III,Ở @item_103# trồng @item_11407#@1#r (thường mọc trên môi trường sinh thái Rừng Mưa),Trồng @item_11407#@1
2002012,Cây Đào I,"Ở @item_103#, trồng @item_11409#@1#r (thường mọc trên môi trường sinh thái Thung Lũng Rừng Hoa Đào)",Trồng @item_11409#@1
2002013,Cây Đào Ⅱ,"Ở @item_103#, trồng @item_11409#@1#r (thường mọc trên môi trường sinh thái Thung Lũng Rừng Hoa Đào)",Trồng @item_11409#@1
2002014,Cây Đào III,"Ở @item_103#, trồng @item_11409#@1#r (thường mọc trên môi trường sinh thái Thung Lũng Rừng Hoa Đào)",Trồng @item_11409#@1
2002015,Bạch Dương I,"Ở @item_103#, trồng @item_11410#@1#r (thường mọc trên môi trường sinh thái Thảo Nguyên, Rừng Rậm)",Trồng @item_11410#@1
2002016,Bạch Dương II,"Ở @item_103#, trồng @item_11410#@1#r (thường mọc trên môi trường sinh thái Thảo Nguyên, Rừng Rậm)",Trồng @item_11410#@1
2002017,Bạch Dương III,"Ở @item_103#, trồng @item_11410#@1#r (thường mọc trên môi trường sinh thái Thảo Nguyên, Rừng Rậm)",Trồng @item_11410#@1
2002018,Gỗ Óc Chó I,"Ở @item_103#, trồng @item_11411#@1#r (thường mọc trên Đảo Hoang)",Trồng @item_11411#@1
2002019,Gỗ Óc Chó II,"Ở @item_103#, trồng @item_11411#@1#r (thường mọc trên Đảo Hoang)",Trồng @item_11411#@1
2002020,Gỗ Óc Chó III,"Ở @item_103#, trồng @item_11411#@1#r (thường mọc trên Đảo Hoang)",Trồng @item_11411#@1
2002021,Gỗ Hồng Sam I,"Ở @item_103#, trồng @item_11412#@1#r (thường mọc trên môi trường Rừng Cây Đỏ)",Trồng @item_11412#@1
2002022,Gỗ Hồng Sam II,"Ở @item_103#, trồng @item_11412#@1#r (thường mọc trên môi trường Rừng Cây Đỏ)",Trồng @item_11412#@1
2002023,Gỗ Hồng Sam III,"Ở @item_103#, trồng @item_11412#@1#r (thường mọc trên môi trường Rừng Cây Đỏ)",Trồng @item_11412#@1
2002024,Hồ Dương I,"Ở @item_103#, trồng @item_11421#@1#r (thường mọc trên môi trường sinh thái Sa Mạc)",Trồng @item_11421#@1
2002025,Hồ Dương II,"Ở @item_103#, trồng @item_11421#@1#r (thường mọc trên môi trường sinh thái Sa Mạc)",Trồng @item_11421#@1
2002026,Hồ Dương III,"Ở @item_103#, trồng @item_11421#@1#r (thường mọc trên môi trường sinh thái Sa Mạc)",Trồng @item_11421#@1
2002027,Gỗ Gen I,"Ở @item_103#, trồng @item_11408#@1#r (thường mọc trên Horas)",Trồng @item_11408#@1
2002028,Gỗ Gen II,"Ở @item_103#, trồng @item_11408#@1#r (thường mọc trên Horas)",Trồng @item_11408#@1
2002029,Gỗ Gen III,"Ở @item_103#, trồng @item_11408#@1#r (thường mọc trên Horas)",Trồng @item_11408#@1
2002030,Cây Chuối I,Ở @item_103# trồng @item_383#@1#r (thường mọc trên môi trường sinh thái Rừng Mưa),Trồng @item_383#@1
2002031,Cây Chuối II,Ở @item_103# trồng @item_383#@1#r (thường mọc trên môi trường sinh thái Rừng Mưa),Trồng @item_383#@1
2002032,Cây Chuối III,Ở @item_103# trồng @item_383#@1#r (thường mọc trên môi trường sinh thái Rừng Mưa),Trồng @item_383#@1
2002033,Cây Dừa I,"Ở @item_103#, trồng @item_295#@1#r (thường mọc trên môi trường sinh thái Bãi Biển)",Trồng @item_295#@1
2002034,Cây Dừa II,"Ở @item_103#, trồng @item_295#@1#r (thường mọc trên môi trường sinh thái Bãi Biển)",Trồng @item_295#@1
2002035,Cây Dừa III,"Ở @item_103#, trồng @item_295#@1#r (thường mọc trên môi trường sinh thái Bãi Biển)",Trồng @item_295#@1
2002036,Xương Rồng I,"Ở @item_103#, trồng @item_11420#@1#r (thường mọc trên môi trường sinh thái Sa Mạc)",Trồng @item_11420#@1
2002037,Xương Rồng II,"Ở @item_103#, trồng @item_11420#@1#r (thường mọc trên môi trường sinh thái Sa Mạc)",Trồng @item_11420#@1
2002038,Xương Rồng III,"Ở @item_103#, trồng @item_11420#@1#r (thường mọc trên môi trường sinh thái Sa Mạc)",Trồng @item_11420#@1
2003001,Hoa Chuông Gió I,"Ở @item_103#, trồng @item_431#@1#r (@item_300# thường mọc trên môi trường sinh thái Thảo Nguyên, Thung Lũng Cây Đào v.v)",Trồng @item_431#@1
2003002,Hoa Chuông Gió II,"Ở @item_103#, trồng @item_431#@1#r (@item_300# thường mọc trên môi trường sinh thái Thảo Nguyên, Thung Lũng Cây Đào v.v)",Trồng @item_431#@1
2003003,Hoa Chuông Gió III,"Ở @item_103#, trồng @item_431#@1#r (@item_300# thường mọc trên môi trường sinh thái Thảo Nguyên, Thung Lũng Cây Đào v.v)",Trồng @item_431#@1
2003004,Nhược Lan I,"Ở @item_103# trồng @item_432#@1#r (@item_301# thường mọc trên môi trường sinh thái Rừng Rậm, Rừng Lá Kim v.v)",Trồng @item_432#@1
2003005,Nhược Lan II,"Ở @item_103# trồng @item_432#@1#r (@item_301# thường mọc trên môi trường sinh thái Rừng Rậm, Rừng Lá Kim v.v)",Trồng @item_432#@1
2003006,Nhược Lan III,"Ở @item_103# trồng @item_432#@1#r (@item_301# thường mọc trên môi trường sinh thái Rừng Rậm, Rừng Lá Kim v.v)",Trồng @item_432#@1
2003007,Hoa Salem I,"Ở @item_103#, trồng @item_433#@1#r (@item_302# thường mọc trên môi trường sinh thái Đảo Hoang, Vách Núi v.v)",Trồng @item_433#@1
2003008,Hoa Salem II,"Ở @item_103#, trồng @item_433#@1#r (@item_302# thường mọc trên môi trường sinh thái Đảo Hoang, Vách Núi v.v)",Trồng @item_433#@1
2003009,Hoa Salem III,"Ở @item_103#, trồng @item_433#@1#r (@item_302# thường mọc trên môi trường sinh thái Đảo Hoang, Vách Núi v.v)",Trồng @item_433#@1
2003010,Hoa Máu Rồng I,"Ở @item_103#, trồng @item_434#@1#r (@item_303# thường mọc trên môi trường sinh thái Thung Lũng Rừng Trúc, Thung Lũng Cây Đào v.v)",Trồng @item_434#@1
2003011,Hoa Máu Rồng II,"Ở @item_103#, trồng @item_434#@1#r (@item_303# thường mọc trên môi trường sinh thái Thung Lũng Rừng Trúc, Thung Lũng Cây Đào v.v)",Trồng @item_434#@1
2003012,Hoa Máu Rồng III,"Ở @item_103#, trồng @item_434#@1#r (@item_303# thường mọc trên môi trường sinh thái Thung Lũng Rừng Trúc, Thung Lũng Cây Đào v.v)",Trồng @item_434#@1
2003013,Dạ Lan I,"Ở @item_103#, trồng @item_435#@1#r (@item_304# thường mọc trên môi trường sinh thái Rừng Rậm, Rừng Sâu v.v)",Trồng @item_435#@1
2003014,Dạ Lan II,"Ở @item_103#, trồng @item_435#@1#r (@item_304# thường mọc trên môi trường sinh thái Rừng Rậm, Rừng Sâu v.v)",Trồng @item_435#@1
2003015,Dạ Lan III,"Ở @item_103#, trồng @item_435#@1#r (@item_304# thường mọc trên môi trường sinh thái Rừng Rậm, Rừng Sâu v.v)",Trồng @item_435#@1
2003016,Cỏ Chân Rồng I,"Ở @item_103#, trồng @item_436#@1#r (@item_305# thường mọc trên môi trường sinh thái Vách Núi)",Trồng @item_436#@1
2003017,Cỏ Chân Rồng II,"Ở @item_103#, trồng @item_436#@1#r (@item_305# thường mọc trên môi trường sinh thái Vách Núi)",Trồng @item_436#@1
2003018,Cỏ Chân Rồng III,"Ở @item_103#, trồng @item_436#@1#r (@item_305# thường mọc trên môi trường sinh thái Vách Núi)",Trồng @item_436#@1
2003019,Hoa Chuông Vàng I,"Ở @item_103#, trồng @item_443#@1#r (@item_312# thường mọc trên môi trường sinh thái Thảo Nguyên, Rừng Rậm v.v)",Trồng @item_443#@1
2003020,Hoa Chuông Vàng II,"Ở @item_103#, trồng @item_443#@1#r (@item_312# thường mọc trên môi trường sinh thái Thảo Nguyên, Rừng Rậm v.v)",Trồng @item_443#@1
2003021,Hoa Chuông Vàng III,"Ở @item_103#, trồng @item_443#@1#r (@item_312# thường mọc trên môi trường sinh thái Thảo Nguyên, Rừng Rậm v.v)",Trồng @item_443#@1
2003022,Cây Máu Rồng I,"Ở @item_103#, trồng @item_437#@1#r (@item_306# thường mọc trên môi trường sinh thái Đầm Lầy, Rừng Mưa v.v)",Trồng @item_437#@1
2003023,Cây Máu Rồng II,"Ở @item_103#, trồng @item_437#@1#r (@item_306# thường mọc trên môi trường sinh thái Đầm Lầy, Rừng Mưa v.v)",Trồng @item_437#@1
2003024,Cây Máu Rồng III,"Ở @item_103#, trồng @item_437#@1#r (@item_306# thường mọc trên môi trường sinh thái Đầm Lầy, Rừng Mưa v.v)",Trồng @item_437#@1
2003025,Cây Thùa Đỏ I,"Ở @item_103#, trồng @item_438#@1#r (@item_307# thường mọc trên môi trường sinh thái Đảo Hoang, Đất Đỏ v.v)",Trồng @item_438#@1
2003026,Cây Thùa Đỏ II,"Ở @item_103#, trồng @item_438#@1#r (@item_307# thường mọc trên môi trường sinh thái Đảo Hoang, Đất Đỏ v.v)",Trồng @item_438#@1
2003027,Cây Thùa Đỏ III,"Ở @item_103#, trồng @item_438#@1#r (@item_307# thường mọc trên môi trường sinh thái Đảo Hoang, Đất Đỏ v.v)",Trồng @item_438#@1
2003028,Cây Thùa Cam I,"Ở @item_103#, trồng @item_439#@1#r (@item_308# thường mọc trên môi trường sinh thái Thung Lũng Rừng Trúc, Đất Đỏ v.v)",Trồng @item_439#@1
2003029,Cây Thùa Cam II,"Ở @item_103#, trồng @item_439#@1#r (@item_308# thường mọc trên môi trường sinh thái Thung Lũng Rừng Trúc, Đất Đỏ v.v)",Trồng @item_439#@1
2003030,Cây Thùa Cam III,"Ở @item_103#, trồng @item_439#@1#r (@item_308# thường mọc trên môi trường sinh thái Thung Lũng Rừng Trúc, Đất Đỏ v.v)",Trồng @item_439#@1
2003031,Cây Thùa Xám I,"Ở @item_103#, trồng @item_440#@1#r (@item_309# thường mọc trên môi trường sinh thái Vách Núi, Đất Đỏ v.v)",Trồng @item_440#@1
2003032,Cây Thùa Xám II,"Ở @item_103#, trồng @item_440#@1#r (@item_309# thường mọc trên môi trường sinh thái Vách Núi, Đất Đỏ v.v)",Trồng @item_440#@1
2003033,Cây Thùa Xám III,"Ở @item_103#, trồng @item_440#@1#r (@item_309# thường mọc trên môi trường sinh thái Vách Núi, Đất Đỏ v.v)",Trồng @item_440#@1
2003034,Cây Thùa Hồng I,"Ở @item_103#, trồng @item_441#@1#r (@item_310# thường mọc trên môi trường sinh thái Thung Lũng Cây Đào, Đảo Đất Đỏ v.v)",Trồng @item_441#@1
2003035,Cây Thùa Hồng II,"Ở @item_103#, trồng @item_441#@1#r (@item_310# thường mọc trên môi trường sinh thái Thung Lũng Cây Đào, Đảo Đất Đỏ v.v)",Trồng @item_441#@1
2003036,Cây Thùa Hồng III,"Ở @item_103#, trồng @item_441#@1#r (@item_310# thường mọc trên môi trường sinh thái Thung Lũng Cây Đào, Đảo Đất Đỏ v.v)",Trồng @item_441#@1
2003037,Hoa Dừa Trắng I,"Ở @item_103#, trồng @item_442#@1#r (@item_311# thường mọc trên môi trường sinh thái Rừng Lá Kim)",Trồng @item_442#@1
2003038,Hoa Dừa Trắng II,"Ở @item_103#, trồng @item_442#@1#r (@item_311# thường mọc trên môi trường sinh thái Rừng Lá Kim)",Trồng @item_442#@1
2003039,Hoa Dừa Trắng III,"Ở @item_103#, trồng @item_442#@1#r (@item_311# thường mọc trên môi trường sinh thái Rừng Lá Kim)",Trồng @item_442#@1
2003040,Tường Vi Dại I,"Ở @item_103#, trồng @item_444#@1#r (@item_313# thường mọc trên môi trường sinh thái Đầm Lầy, Rừng Rậm v.v)",Trồng @item_444#@1
2003041,Tường Vi Dại II,"Ở @item_103#, trồng @item_444#@1#r (@item_313# thường mọc trên môi trường sinh thái Đầm Lầy, Rừng Rậm v.v)",Trồng @item_444#@1
2003042,Tường Vi Dại III,"Ở @item_103#, trồng @item_444#@1#r (@item_313# thường mọc trên môi trường sinh thái Đầm Lầy, Rừng Rậm v.v)",Trồng @item_444#@1
2003043,Hoa Băng I,"Ở @item_121#, trồng @item_760#@1#r(@item_761# thường mọc trên môi trường sinh thái Cánh Đồng Băng)",Trồng @item_760#@1
2003044,Hoa Băng II,"Ở @item_121#, trồng @item_760#@1#r(@item_761# thường mọc trên môi trường sinh thái Cánh Đồng Băng)",Trồng @item_760#@1
2003045,Hoa Băng III,"Ở @item_121#, trồng @item_760#@1#r(@item_761# thường mọc trên môi trường sinh thái Cánh Đồng Băng)",Trồng @item_760#@1
2004001,Ngô I,"Ở @item_102#, trồng @item_11400#@1",Trồng @item_11400#@1
2004002,Ngô II,"Ở @item_102#, trồng @item_11400#@1",Trồng @item_11400#@1
2004003,Ngô III,"Ở @item_102#, trồng @item_11400#@1",Trồng @item_11400#@1
2004004,Khoai Lang I,"Ở @item_102#, trồng @item_241#@1",Trồng @item_241#@1
2004005,Khoai Lang II,"Ở @item_102#, trồng @item_241#@1",Trồng @item_241#@1
2004006,Khoai Lang III,"Ở @item_102#, trồng @item_241#@1",Trồng @item_241#@1
2004007,Bông Vải I,"Ở @item_102#, trồng @item_11419#@1",Trồng @item_11419#@1
2004008,Bông Vải II,"Ở @item_102#, trồng @item_11419#@1",Trồng @item_11419#@1
2004009,Bông Vải III,"Ở @item_102#, trồng @item_11419#@1",Trồng @item_11419#@1
2004010,Quả Cá To I,"Ở @item_102#, trồng @item_11402#@1",Trồng @item_11402#@1
2004011,Quả Cá To II,"Ở @item_102#, trồng @item_11402#@1",Trồng @item_11402#@1
2004012,Quả Cá To III,"Ở @item_102#, trồng @item_11402#@1",Trồng @item_11402#@1
2004013,Quả Jubulu I,"Ở @item_102#, trồng @item_11401#@1",Trồng @item_11401#@1
2004014,Quả Jubulu II,"Ở @item_102#, trồng @item_11401#@1",Trồng @item_11401#@1
2004015,Quả Jubulu III,"Ở @item_102#, trồng @item_11401#@1",Trồng @item_11401#@1
2004016,Dưa Xanh I,"Ở @item_102#, trồng @item_236#@1",Trồng @item_236#@1
2004017,Dưa Xanh II,"Ở @item_102#, trồng @item_236#@1",Trồng @item_236#@1
2004018,Dưa Xanh III,"Ở @item_102#, trồng @item_236#@1",Trồng @item_236#@1
2004019,Lúa Nước I,"Trồng @item_11404#@1#r (Lúa Nước cần được trồng trong nước có độ cao 1 ô, và phía dưới cần phải là @item_101# )",Trồng @item_11404#@1
2004020,Lúa Nước II,"Trồng @item_11404#@1#r (Lúa Nước cần được trồng trong nước có độ cao 1 ô, và phía dưới cần phải là @item_101# )",Trồng @item_11404#@1
2004021,Lúa Nước III,"Trồng @item_11404#@1#r (Lúa Nước cần được trồng trong nước có độ cao 1 ô, và phía dưới cần phải là @item_101# )",Trồng @item_11404#@1
2004022,Dứa Bỉ Ngạn I,"Ở @item_150#, trồng @item_1194#@1#r (@item_233# cũng có thể khai hoang thành Đất Canh Tác hoặc Hố, nhưng không phải tất cả thực vật đều có thể sinh trưởng bình thường ở đây)","Ở @item_150#, trồng @item_1194#@1"
2004023,Dứa Bỉ Ngạn II,"Ở @item_150#, trồng @item_1194#@1#r (@item_233# cũng có thể khai hoang thành Đất Canh Tác hoặc Hố, nhưng không phải tất cả thực vật đều có thể sinh trưởng bình thường ở đây)","Ở @item_150#, trồng @item_1194#@1"
2004024,Dứa Bỉ Ngạn III,"Ở @item_150#, trồng @item_1194#@1#r (@item_233# cũng có thể khai hoang thành Đất Canh Tác hoặc Hố, nhưng không phải tất cả thực vật đều có thể sinh trưởng bình thường ở đây)","Ở @item_150#, trồng @item_1194#@1"
2004025,San Hô I,"Trên @item_25#, trồng @item_11915#@1#r (San Hô cần được trồng trong nước, ngoài ra, @item_25# , @item_29# và @item_128# cũng có thể trồng San Hô)",Trồng @item_11915#@1
2004026,San Hô II,"Trên @item_25#, trồng @item_11915#@1#r (San Hô cần được trồng trong nước, ngoài ra, @item_25# , @item_29# và @item_128# cũng có thể trồng San Hô)",Trồng @item_11915#@1
2004027,San Hô III,"Trên @item_25#, trồng @item_11915#@1#r (San Hô cần được trồng trong nước, ngoài ra, @item_25# , @item_29# và @item_128# cũng có thể trồng San Hô)",Trồng @item_11915#@1
2004028,Tảo Gậy Huỳnh Quang I,"Trên @item_23# , trồng @item_11658#@1#r (ném ra @item_11658# cần trúng mặt đỉnh của @item_23# mới có thể nảy mầm)",Trồng @item_11658#@1
2004029,Tảo Gậy Huỳnh Quang II,"Trên @item_23# , trồng @item_11658#@1#r (ném ra @item_11658# cần trúng mặt đỉnh của @item_23# mới có thể nảy mầm)",Trồng @item_11658#@1
2004030,Tảo Gậy Huỳnh Quang III,"Trên @item_23# , trồng @item_11658#@1#r (ném ra @item_11658# cần trúng mặt đỉnh của @item_23# mới có thể nảy mầm)",Trồng @item_11658#@1
2005001,Khe Cám,Gia công @item_1753#@1,Gia công @item_1753#@1
2005002,Cám,"Gia công @item_11534#@1#r (có nhiều loại Cám, những động vật có thói quen ăn uống khác nhau, và chỉ ăn loại Cám mình thích)",Gia công @item_11534#@1
2005003,Đổ Đầy Khe Cám,"Đặt @item_11534# vào trong @item_1753# @1#r (sau khi đổ đầy Cám vào Khe Cám, động vật được nuôi xung quanh sẽ tự đến ăn khi đói)",Dùng @item_11534# đổ đầy @item_1753#@1
2005004,Đống Cỏ,Gia công @item_822#@1#r (động vật có vú cần ở gần @item_822# thì thú mới sinh sản),Gia công @item_822#@1
2005005,Sinh Sản Gà I,Sinh Sản Gà @1#r (Xung quanh Gà cần có @item_1019# thì Gà mới đẻ trứng),Sinh Sản Gà @1
2005006,Sinh Sản Gà Ⅱ,Sinh Sản Gà @1#r (Xung quanh Gà cần có @item_1019# thì Gà mới đẻ trứng),Sinh Sản Gà @1
2005007,Sinh Sản Gà Ⅲ,Sinh Sản Gà @1#r (Xung quanh Gà cần có @item_1019# thì Gà mới đẻ trứng),Sinh Sản Gà @1
2005008,Sinh Sản Bò (1),Sinh Sản Bò@1#r (xung quanh Bò cần có @item_822# thì thú mới sinh sản),Sinh Sản Bò@1
2005009,Sinh Sản Bò (2),Sinh Sản Bò@1#r (Xung quanh Bò cần có @item_822# thì thú mới sinh sản),Sinh Sản Bò@1
2005010,Sinh Sản Bò (3),Sinh Sản Bò@1#r (Xung quanh Bò cần có @item_822# thì thú mới sinh sản),Sinh Sản Bò@1
2005011,Sinh Sản Heo ConⅠ,Sinh Sản Heo Con @1#r (xung quanh Heo Con cần có @item_822# thì thú mới sinh sản),Sinh Sản Heo Con @1
2005012,Sinh Sản Heo Con II,Sinh Sản Heo Con @1#r (xung quanh Heo Con cần có @item_822# thì thú mới sinh sản),Sinh Sản Heo Con @1
2005013,Sinh Sản Heo Con III,Sinh Sản Heo Con @1#r (xung quanh Heo Con cần có @item_822# thì thú mới sinh sản),Sinh Sản Heo Con @1
2005014,Sinh Sản Cừu (1),Sinh Sản Cừu@1#r (Xung quanh Cừu cần có @item_822# thì thú mới sinh sản),Sinh Sản Cừu@1
2005015,Sinh Sản Cừu (2),Sinh Sản Cừu@1#r (Xung quanh Cừu cần có @item_822# thì thú mới sinh sản),Sinh Sản Cừu@1
2005016,Sinh Sản Cừu (3),Sinh Sản Cừu@1#r (Xung quanh Cừu cần có @item_822# thì thú mới sinh sản),Sinh Sản Cừu@1
2005017,Sinh Sản Sói I,Sinh Sản Sói @1#r (xung quanh Sói cần có @item_822# thì thú mới sinh sản),Sinh Sản Sói @1
2005018,Sinh Sản Sói II,Sinh Sản Sói @1#r (xung quanh Sói cần có @item_822# thì thú mới sinh sản),Sinh Sản Sói @1
2005019,Sinh Sản Sói III,Sinh Sản Sói @1#r (xung quanh Sói cần có @item_822# thì thú mới sinh sản),Sinh Sản Sói @1
2005020,Sinh Sản Chim Cánh Cụt Ⅰ,Sinh Sản Chim Cánh Cụt @1,Sinh Sản Chim Cánh Cụt @1
2005021,Sinh Sản Chim Cánh Cụt II,Sinh Sản Chim Cánh Cụt @1,Sinh Sản Chim Cánh Cụt @1
2005022,Sinh Sản Chim Cánh Cụt III,Sinh Sản Chim Cánh Cụt @1,Sinh Sản Chim Cánh Cụt @1
2005023,Sinh Sản Đà Điểu Hoang Dã Ⅰ,Sinh Sản Đà Điểu Hoang Dã @1#r (xung quanh Đà Điểu Hoang Dã cần có @item_1019# thì thú mới đẻ trứng),Sinh Sản Đà Điểu Hoang Dã @1
2005024,Sinh Sản Đà Điểu Hoang Dã II,Sinh Sản Đà Điểu Hoang Dã @1#r (xung quanh Đà Điểu Hoang Dã cần có @item_1019# thì thú mới đẻ trứng),Sinh Sản Đà Điểu Hoang Dã @1
2005025,Sinh Sản Đà Điểu Hoang Dã III,Sinh Sản Đà Điểu Hoang Dã @1#r (xung quanh Đà Điểu Hoang Dã cần có @item_1019# thì thú mới đẻ trứng),Sinh Sản Đà Điểu Hoang Dã @1
2005026,Sinh Sản Gấu Băng Hoang Dã Ⅰ,Sinh Sản Gấu Băng Hoang Dã @1#r (xung quanh Gấu Băng Hoang Dã cần có @item_822# thì thú mới sinh sản),Sinh Sản Gấu Băng Hoang Dã @1
2005027,Sinh Sản Gấu Băng Hoang Dã II,Sinh Sản Gấu Băng Hoang Dã @1#r (xung quanh Gấu Băng Hoang Dã cần có @item_822# thì thú mới sinh sản),Sinh Sản Gấu Băng Hoang Dã @1
2005028,Sinh Sản Gấu Băng Hoang Dã III,Sinh Sản Gấu Băng Hoang Dã @1#r (xung quanh Gấu Băng Hoang Dã cần có @item_822# thì thú mới sinh sản),Sinh Sản Gấu Băng Hoang Dã @1
2005029,Sinh Sản Gà Bay Ⅰ,Sinh Sản Gà Bay @1,Sinh Sản Gà Bay @1
2005030,Sinh Sản Gà Bay II,Sinh Sản Gà Bay @1,Sinh Sản Gà Bay @1
2005031,Sinh Sản Gà Bay III,Sinh Sản Gà Bay @1,Sinh Sản Gà Bay @1
2005032,Sinh Sản Gà Chọi Ⅰ,Sinh Sản Gà Chọi @1,Sinh Sản Gà Chọi @1
2005033,Sinh Sản Gà Chọi Ⅱ,Sinh Sản Gà Chọi @1,Sinh Sản Gà Chọi @1
2005034,Sinh Sản Gà Chọi Ⅲ,Sinh Sản Gà Chọi @1,Sinh Sản Gà Chọi @1
2005035,Sinh Sản Khỉ Hoang Dã Ⅰ,Sinh Sản Khỉ Hoang Dã @1,Sinh Sản Khỉ Hoang Dã @1
2005036,Sinh Sản Khỉ Hoang Dã Ⅱ,Sinh Sản Khỉ Hoang Dã @1,Sinh Sản Khỉ Hoang Dã @1
2005037,Sinh Sản Khỉ Hoang Dã Ⅲ,Sinh Sản Khỉ Hoang Dã @1,Sinh Sản Khỉ Hoang Dã @1
2005038,Thỏ Tuyết Sinh Sản I,Thỏ Tuyết Sinh Sản @1,Thỏ Tuyết Sinh Sản @1
2005039,Thỏ Tuyết Sinh Sản II,Thỏ Tuyết Sinh Sản @1,Thỏ Tuyết Sinh Sản @1
2005040,Thỏ Tuyết Sinh Sản III,Thỏ Tuyết Sinh Sản @1,Thỏ Tuyết Sinh Sản @1
2005041,Bò Tây Tạng Sinh Sản I,Bò Tây Tạng Sinh Sản @1,Bò Tây Tạng Sinh Sản @1
2005042,Bò Tây Tạng Sinh Sản II,Bò Tây Tạng Sinh Sản @1,Bò Tây Tạng Sinh Sản @1
2005043,Bò Tây Tạng Sinh Sản III,Bò Tây Tạng Sinh Sản @1,Bò Tây Tạng Sinh Sản @1
2006001,Thuần Hóa Bò (1),Dùng @item_12500# để thuần hóa Bò@1,Dùng @item_12500# để thuần hóa Bò@1
2006002,Thuần Hóa Bò (2),Dùng @item_12500# để thuần hóa Bò@1,Dùng @item_12500# để thuần hóa Bò@1
2006003,Thuần Hóa Bò (3),Dùng @item_12500# để thuần hóa Bò@1,Dùng @item_12500# để thuần hóa Bò@1
2006004,Thuần Hóa Sói Ⅰ,Dùng @item_12052# để thuần hóa Sói @1,Dùng @item_12052# để thuần hóa Sói @1
2006005,Thuần Hóa Sói II,Dùng @item_12052# để thuần hóa Sói @1,Dùng @item_12052# để thuần hóa Sói @1
2006006,Thuần Hóa Sói III,Dùng @item_12052# để thuần hóa Sói @1,Dùng @item_12052# để thuần hóa Sói @1
2006007,Thuần Hóa Đà Điểu Hoang Dã Ⅰ,Dùng @item_12508# thuần hóa Đà Điểu Hoang Dã @1,Dùng @item_12508# thuần hóa Đà Điểu Hoang Dã @1
2006008,Thuần Hóa Đà Điểu Hoang Dã II,Dùng @item_12508# thuần hóa Đà Điểu Hoang Dã @1,Dùng @item_12508# thuần hóa Đà Điểu Hoang Dã @1
2006009,Thuần Hóa Đà Điểu Hoang Dã III,Dùng @item_12508# thuần hóa Đà Điểu Hoang Dã @1,Dùng @item_12508# thuần hóa Đà Điểu Hoang Dã @1
2006010,Hoang Dã Gấu Băng Hoang Dã Ⅰ,Dùng @item_12520# để thuần hóa Gấu Băng Hoang Dã @1,Dùng @item_12520# để thuần hóa Gấu Băng Hoang Dã @1
2006011,Thuần Hóa Gấu Băng Hoang Dã Ⅱ,Dùng @item_12520# để thuần hóa Gấu Băng Hoang Dã @1,Dùng @item_12520# để thuần hóa Gấu Băng Hoang Dã @1
2006012,Thuần Hóa Gấu Băng Hoang Dã III,Dùng @item_12520# để thuần hóa Gấu Băng Hoang Dã @1,Dùng @item_12520# để thuần hóa Gấu Băng Hoang Dã @1
2006013,Thuần Hóa Rồng Tăng Tốc Ⅰ,Dùng @item_12543# để thuần hóa Rồng Tăng Tốc @1,Dùng @item_12543# để thuần hóa Rồng Tăng Tốc @1
2006014,Thuần Hóa Rồng Tăng Tốc II,Dùng @item_12543# để thuần hóa Rồng Tăng Tốc @1,Dùng @item_12543# để thuần hóa Rồng Tăng Tốc @1
2006015,Thuần Hóa Rồng Tăng Tốc III,Dùng @item_12543# để thuần hóa Rồng Tăng Tốc @1,Dùng @item_12543# để thuần hóa Rồng Tăng Tốc @1
2006016,Thuần Hóa Cục Bột Rừng Ⅰ,Dùng @item_12576# để thuần hóa Cục Bột Rừng #@1,Dùng @item_12576# để thuần hóa Cục Bột Rừng #@1
2006017,Thuần Hóa Cục Bột Rừng Ⅱ,Dùng @item_12576# để thuần hóa Cục Bột Rừng #@1,Dùng @item_12576# để thuần hóa Cục Bột Rừng #@1
2006018,Thuần Hóa Cục Bột Rừng Ⅲ,Dùng @item_12576# để thuần hóa Cục Bột Rừng #@1,Dùng @item_12576# để thuần hóa Cục Bột Rừng #@1
2006019,Thuần Hóa Gấu Trúc Rừng I,Dùng @item_251# để thuần hóa Gấu Trúc Rừng @1,Dùng @item_251# để thuần hóa Gấu Trúc Rừng @1
2006020,Thuần Hóa Gấu Trúc Rừng II,Dùng @item_251# để thuần hóa Gấu Trúc Rừng @1,Dùng @item_251# để thuần hóa Gấu Trúc Rừng @1
2006021,Thuần Hóa Gấu Trúc Rừng III,Dùng @item_251# để thuần hóa Gấu Trúc Rừng @1,Dùng @item_251# để thuần hóa Gấu Trúc Rừng @1
2006022,Thuần Hóa Gà Bay I,Dùng @item_12601# để thuần hóa Gà Bay @1,Dùng @item_12601# để thuần hóa Gà Bay @1
2006023,Thuần Hóa Gà Bay II,Dùng @item_12601# để thuần hóa Gà Bay @1,Dùng @item_12601# để thuần hóa Gà Bay @1
2006024,Thuần Hóa Gà Bay III,Dùng @item_12601# để thuần hóa Gà Bay @1,Dùng @item_12601# để thuần hóa Gà Bay @1
2006025,Thuần Hóa Khỉ Hoang Dã Ⅰ,Dùng @item_11599# để thuần hóa Khỉ Hoang Dã @1,Dùng @item_11599# để thuần hóa Khỉ Hoang Dã @1
2006026,Thuần Hóa Khỉ Hoang Dã II,Dùng @item_11599# để thuần hóa Khỉ Hoang Dã @1,Dùng @item_11599# để thuần hóa Khỉ Hoang Dã @1
2006027,Thuần Hóa Khỉ Hoang Dã III,Dùng @item_11599# để thuần hóa Khỉ Hoang Dã @1,Dùng @item_11599# để thuần hóa Khỉ Hoang Dã @1
2006028,Thuần Hóa Cua Lửa I,Dùng @item_12521# để thuần hóa Cua Lửa @1,Dùng @item_12521# để thuần hóa Cua Lửa @1
2006029,Thuần Hóa Cua Lửa II,Dùng @item_12521# để thuần hóa Cua Lửa @1,Dùng @item_12521# để thuần hóa Cua Lửa @1
2006030,Thuần Hóa Cua Lửa III,Dùng @item_12521# để thuần hóa Cua Lửa @1,Dùng @item_12521# để thuần hóa Cua Lửa @1
2006031,Thuần Hóa Chim Sẻ I,Dùng @item_12603# để thuần hóa Chim Sẻ @1,Dùng @item_12603# để thuần hóa Chim Sẻ @1
2006032,Thuần Hóa Chim Sẻ II,Dùng @item_12603# để thuần hóa Chim Sẻ @1,Dùng @item_12603# để thuần hóa Chim Sẻ @1
2006033,Thuần Hóa Chim Sẻ III,Dùng @item_12603# để thuần hóa Chim Sẻ @1,Dùng @item_12603# để thuần hóa Chim Sẻ @1
2006034,Thuần Hóa Lạc Đà Ⅰ,Dùng @item_12613# để thuần hóa Lạc Đà @1,Dùng @item_12613# để thuần hóa Lạc Đà @1
2006035,Thuần Hóa Lạc Đà II,Dùng @item_12613# để thuần hóa Lạc Đà @1,Dùng @item_12613# để thuần hóa Lạc Đà @1
2006036,Thuần Hóa Lạc Đà III,Dùng @item_12613# để thuần hóa Lạc Đà @1,Dùng @item_12613# để thuần hóa Lạc Đà @1
2007001,Thịt Bò Nướng (1),"Trên @item_1200#, đặt @item_12516# lên và nướng thành @item_12517#@1",Nướng @item_12516#@1
2007002,Thịt Bò Nướng (2),"Trên @item_1200#, đặt @item_12516# lên và nướng thành @item_12517#@1",Nướng @item_12516#@1
2007003,Thịt Bò Nướng (3),"Trên @item_1200#, đặt @item_12516# lên và nướng thành @item_12517#@1",Nướng @item_12516#@1
2007004,Thịt Gà Nướng Ⅰ,"Trên @item_1200#, đặt @item_12518# lên và nướng thành @item_12519#@1",Nướng @item_12518#@1
2007005,Thịt Gà Nướng Ⅱ,"Trên @item_1200#, đặt @item_12518# lên và nướng thành @item_12519#@1",Nướng @item_12518#@1
2007006,Thịt Gà Nướng Ⅲ,"Trên @item_1200#, đặt @item_12518# lên và nướng thành @item_12519#@1",Nướng @item_12518#@1
2007007,Thịt Cừu Nướng (1),"Trên @item_1200#, đặt @item_12530# lên và nướng thành @item_12531#@1",Nướng @item_12530#@1
2007008,Thịt Cừu Nướng (2),"Trên @item_1200#, đặt @item_12530# lên và nướng thành @item_12531#@1",Nướng @item_12530#@1
2007009,Thịt Cừu Nướng (3),"Trên @item_1200#, đặt @item_12530# lên và nướng thành @item_12531#@1",Nướng @item_12530#@1
2007010,Thịt Heo Con NướngⅠ,"Trên @item_1200#, đặt @item_12522# lên và nướng thành @item_12523#@1",Nướng @item_12522#@1
2007011,Thịt Heo Con Nướng Ⅱ,"Trên @item_1200#, đặt @item_12522# lên và nướng thành @item_12523#@1",Nướng @item_12522#@1
2007012,Thịt Heo Con Nướng III,"Trên @item_1200#, đặt @item_12522# lên và nướng thành @item_12523#@1",Nướng @item_12522#@1
2007013,Nướng Đùi Đà Điểu I,"Trên @item_1200#, đặt @item_12607# lên và nướng thành @item_12608#@1",Nướng @item_12607#@1
2007014,Nướng Đùi Đà Điểu Ⅱ,"Trên @item_1200#, đặt @item_12607# lên và nướng thành @item_12608#@1",Nướng @item_12607#@1
2007015,Nướng Đùi Đà Điểu III,"Trên @item_1200#, đặt @item_12607# lên và nướng thành @item_12608#@1",Nướng @item_12607#@1
2007016,Cá Ngố Nướng I,"Trên @item_1200#, đặt @item_12520# lên và nướng thành @item_12521#@1",Nướng @item_12520#@1
2007017,Cá Ngố Nướng II,"Trên @item_1200#, đặt @item_12520# lên và nướng thành @item_12521#@1",Nướng @item_12520#@1
2007018,Cá Ngố Nướng III,"Trên @item_1200#, đặt @item_12520# lên và nướng thành @item_12521#@1",Nướng @item_12520#@1
2007019,Cá Xấu Nướng I,"Trên @item_1200#, đặt @item_12703# lên và nướng thành @item_12705#@1",Nướng @item_12703#@1
2007020,Cá Xấu Nướng II,"Trên @item_1200#, đặt @item_12703# lên và nướng thành @item_12705#@1",Nướng @item_12703#@1
2007021,Cá Xấu Nướng III,"Trên @item_1200#, đặt @item_12703# lên và nướng thành @item_12705#@1",Nướng @item_12703#@1
2007022,Cá Tếu Nướng I,"Trên @item_1200#, đặt @item_12704# lên và nướng thành @item_12706#@1",Nướng @item_12704#@1
2007023,Cá Tếu Nướng II,"Trên @item_1200#, đặt @item_12704# lên và nướng thành @item_12706#@1",Nướng @item_12704#@1
2007024,Cá Tếu Nướng III,"Trên @item_1200#, đặt @item_12704# lên và nướng thành @item_12706#@1",Nướng @item_12704#@1
2008001,Xiên Que Măng Non Ⅰ,Trong @item_200108# nấu @item_11229#@1,Nấu @item_11229#@1
2008002,Xiên Que Măng Non Ⅱ,Trong @item_200108# nấu @item_11229#@1,Nấu @item_11229#@1
2008003,Xiên Que Măng Non Ⅲ,Trong @item_200108# nấu @item_11229#@1,Nấu @item_11229#@1
2008004,Mì Sợi Ⅰ,Trong @item_200108# nấu @item_12502#@1,Nấu @item_12502#@1
2008005,Mì Sợi Ⅱ,Trong @item_200108# nấu @item_12502#@1,Nấu @item_12502#@1
2008006,Mì Sợi Ⅲ,Trong @item_200108# nấu @item_12502#@1,Nấu @item_12502#@1
2008007,Điểm Tâm Ngô Ⅰ,Trong @item_200108# nấu @item_12507#@1,Nấu @item_12507#@1
2008008,Điểm Tâm Ngô Ⅱ,Trong @item_200108# nấu @item_12507#@1,Nấu @item_12507#@1
2008009,Điểm Tâm Ngô Ⅲ,Trong @item_200108# nấu @item_12507#@1,Nấu @item_12507#@1
2008010,Chim Dodo Đun Măng Đất Ⅰ,Trong @item_200108# nấu @item_12510#@1,Nấu @item_12510#@1
2008011,Chim Dodo Đun Măng Đất Ⅱ,Trong @item_200108# nấu @item_12510#@1,Nấu @item_12510#@1
2008012,Chim Dodo Đun Măng Đất Ⅲ,Trong @item_200108# nấu @item_12510#@1,Nấu @item_12510#@1
2008013,Khoai Lang Đánh Bơ Ⅰ,Trong @item_200108# nấu @item_12512#@1,Nấu @item_12512#@1
2008014,Khoai Lang Đánh Bơ Ⅱ,Trong @item_200108# nấu @item_12512#@1,Nấu @item_12512#@1
2008015,Khoai Lang Đánh Bơ Ⅲ,Trong @item_200108# nấu @item_12512#@1,Nấu @item_12512#@1
2008016,Cơm Chín Ⅰ,Trong @item_200108# nấu @item_12529#@1,Nấu @item_12529#@1
2008017,Cơm Chín Ⅱ,Trong @item_200108# nấu @item_12529#@1,Nấu @item_12529#@1
2008018,Cơm Chín Ⅲ,Trong @item_200108# nấu @item_12529#@1,Nấu @item_12529#@1
2008019,Trứng Đà Điểu Chiên Ⅰ,Trong @item_200108# nấu @item_12609#@1,Nấu @item_12609#@1
2008020,Trứng Đà Điểu Chiên Ⅱ,Trong @item_200108# nấu @item_12609#@1,Nấu @item_12609#@1
2008021,Trứng Đà Điểu Chiên Ⅲ,Trong @item_200108# nấu @item_12609#@1,Nấu @item_12609#@1
2008022,Mì Sợi Trứng Ⅰ,Trong @item_200108# nấu @item_12540#@1,Nấu @item_12540#@1
2008023,Mì Sợi Trứng Ⅱ,Trong @item_200108# nấu @item_12540#@1,Nấu @item_12540#@1
2008024,Mì Sợi Trứng Ⅲ,Trong @item_200108# nấu @item_12540#@1,Nấu @item_12540#@1
2008025,Khoai Tây Chiên Ⅰ,Trong @item_200108# nấu @item_12541#@1,Nấu @item_12541#@1
2008026,Khoai Tây Chiên Ⅱ,Trong @item_200108# nấu @item_12541#@1,Nấu @item_12541#@1
2008027,Khoai Tây Chiên Ⅲ,Trong @item_200108# nấu @item_12541#@1,Nấu @item_12541#@1
2008028,Hamburger Rau Củ Ⅰ,Trong @item_200108# nấu @item_12542#@1,Nấu @item_12542#@1
2008029,Hamburger Rau Củ Ⅱ,Trong @item_200108# nấu @item_12542#@1,Nấu @item_12542#@1
2008030,Hamburger Rau Củ Ⅲ,Trong @item_200108# nấu @item_12542#@1,Nấu @item_12542#@1
2008031,Chim Dodo Nướng Đủ Món Ⅰ,Trong @item_200108# nấu @item_12543#@1,Nấu @item_12543#@1
2008032,Chim Dodo Nướng Đủ Món Ⅱ,Trong @item_200108# nấu @item_12543#@1,Nấu @item_12543#@1
2008033,Chim Dodo Nướng Đủ Món Ⅲ,Trong @item_200108# nấu @item_12543#@1,Nấu @item_12543#@1
2008034,Mì Sợi Thịt Nướng Ⅰ,Trong @item_200108# nấu @item_12544#@1,Nấu @item_12544#@1
2008035,Mì Sợi Thịt Nướng Ⅱ,Trong @item_200108# nấu @item_12544#@1,Nấu @item_12544#@1
2008036,Mì Sợi Thịt Nướng Ⅲ,Trong @item_200108# nấu @item_12544#@1,Nấu @item_12544#@1
2008037,Hamburger Thịt Hươu Sừng Ⅰ,Trong @item_200108# nấu @item_12545#@1,Nấu @item_12545#@1
2008038,Hamburger Thịt Hươu Sừng Ⅱ,Trong @item_200108# nấu @item_12545#@1,Nấu @item_12545#@1
2008039,Hamburger Thịt Hươu Sừng Ⅲ,Trong @item_200108# nấu @item_12545#@1,Nấu @item_12545#@1
2008040,Giăm Bông Ⅰ,Trong @item_200108# nấu @item_12546#@1,Nấu @item_12546#@1
2008041,Giăm Bông Ⅱ,Trong @item_200108# nấu @item_12546#@1,Nấu @item_12546#@1
2008042,Giăm Bông Ⅲ,Trong @item_200108# nấu @item_12546#@1,Nấu @item_12546#@1
2008043,Kẹo Sữa Bò Ⅰ,Trong @item_200108# nấu @item_12549#@1,Nấu @item_12549#@1
2008044,Kẹo Sữa Bò Ⅱ,Trong @item_200108# nấu @item_12549#@1,Nấu @item_12549#@1
2008045,Kẹo Sữa Bò Ⅲ,Trong @item_200108# nấu @item_12549#@1,Nấu @item_12549#@1
2009001,Sự Tiến Bộ Của Đầu Bếp,Gia công @item_200109#@1#r (cần đặt @item_200109# trên @item_1200# đang đốt cháy mới có thể nấu những món ngon hơn),Gia công @item_200109#@1
2009002,Pizza Thịt Nướng Ⅰ,Trong @item_200109# nấu @item_830#@1,Nấu @item_830#@1
2009003,Pizza Thịt Nướng Ⅱ,Trong @item_200109# nấu @item_830#@1,Nấu @item_830#@1
2009004,Pizza Thịt Nướng Ⅲ,Trong @item_200109# nấu @item_830#@1,Nấu @item_830#@1
2009005,Pizza Rau Quả Ⅰ,Trong @item_200109# nấu @item_831#@1,Nấu @item_831#@1
2009006,Pizza Rau Quả Ⅱ,Trong @item_200109# nấu @item_831#@1,Nấu @item_831#@1
2009007,Pizza Rau Quả Ⅲ,Trong @item_200109# nấu @item_831#@1,Nấu @item_831#@1
2009008,Khúc Trái Brugo Lớn Ⅰ,Trong @item_200109# nấu @item_12515#@1,Nấu @item_12515#@1
2009009,Khúc Trái Brugo Lớn Ⅱ,Trong @item_200109# nấu @item_12515#@1,Nấu @item_12515#@1
2009010,Khúc Trái Brugo Lớn Ⅲ,Trong @item_200109# nấu @item_12515#@1,Nấu @item_12515#@1
2009011,Giăm Bông Vị Lạ Ⅰ,Trong @item_200109# nấu @item_12547#@1,Nấu @item_12547#@1
2009012,Giăm Bông Vị Lạ Ⅱ,Trong @item_200109# nấu @item_12547#@1,Nấu @item_12547#@1
2009013,Giăm Bông Vị Lạ Ⅲ,Trong @item_200109# nấu @item_12547#@1,Nấu @item_12547#@1
2009014,Giăm Bông “Thịt Cua” Ⅰ,Trong @item_200109# nấu @item_12548#@1,Nấu @item_12548#@1
2009015,Giăm Bông “Thịt Cua” Ⅱ,Trong @item_200109# nấu @item_12548#@1,Nấu @item_12548#@1
2009016,Giăm Bông “Thịt Cua” Ⅲ,Trong @item_200109# nấu @item_12548#@1,Nấu @item_12548#@1
2009017,Mì Sợi Trứng Chiên Thơm Phức Ⅰ,Trong @item_200109# nấu @item_12550#@1,Nấu @item_12550#@1
2009018,Mì Sợi Trứng Chiên Thơm Phức Ⅱ,Trong @item_200109# nấu @item_12550#@1,Nấu @item_12550#@1
2009019,Mì Sợi Trứng Chiên Thơm Phức Ⅲ,Trong @item_200109# nấu @item_12550#@1,Nấu @item_12550#@1
2009020,Khoai Tây Chiên Thơm Phức Ⅰ,Trong @item_200109# nấu @item_12551#@1,Nấu @item_12551#@1
2009021,Khoai Tây Chiên Thơm Phức Ⅱ,Trong @item_200109# nấu @item_12551#@1,Nấu @item_12551#@1
2009022,Khoai Tây Chiên Thơm Phức Ⅲ,Trong @item_200109# nấu @item_12551#@1,Nấu @item_12551#@1
2009023,Bánh Trái Brugo Lớn Thơm Phức Ⅰ,Trong @item_200109# nấu @item_12552#@1,Nấu @item_12552#@1
2009024,Bánh Trái Brugo Lớn Thơm Phức Ⅱ,Trong @item_200109# nấu @item_12552#@1,Nấu @item_12552#@1
2009025,Bánh Trái Brugo Lớn Thơm Phức Ⅲ,Trong @item_200109# nấu @item_12552#@1,Nấu @item_12552#@1
2009026,Điểm Tâm Ngô Thơm Phức Ⅰ,Trong @item_200109# nấu @item_12553#@1,Nấu @item_12553#@1
2009027,Điểm Tâm Ngô Thơm Phức Ⅱ,Trong @item_200109# nấu @item_12553#@1,Nấu @item_12553#@1
2009028,Điểm Tâm Ngô Thơm Phức Ⅲ,Trong @item_200109# nấu @item_12553#@1,Nấu @item_12553#@1
2009029,Hamburger Rau Củ Thơm Phức Ⅰ,Trong @item_200109# nấu @item_12554#@1,Nấu @item_12554#@1
2009030,Hamburger Rau Củ Thơm Phức Ⅱ,Trong @item_200109# nấu @item_12554#@1,Nấu @item_12554#@1
2009031,Hamburger Rau Củ Thơm Phức Ⅲ,Trong @item_200109# nấu @item_12554#@1,Nấu @item_12554#@1
2009032,Chim Dodo Nướng Thơm Phức Ⅰ,Trong @item_200109# nấu @item_12558#@1,Nấu @item_12558#@1
2009033,Chim Dodo Nướng Thơm Phức Ⅱ,Trong @item_200109# nấu @item_12558#@1,Nấu @item_12558#@1
2009034,Chim Dodo Nướng Thơm Phức Ⅲ,Trong @item_200109# nấu @item_12558#@1,Nấu @item_12558#@1
2009035,Mì Sợi Thịt Nướng Thơm Phức Ⅰ,Trong @item_200109# nấu @item_12559#@1,Nấu @item_12559#@1
2009036,Mì Sợi Thịt Nướng Thơm Phức Ⅱ,Trong @item_200109# nấu @item_12559#@1,Nấu @item_12559#@1
2009037,Mì Sợi Thịt Nướng Thơm Phức Ⅲ,Trong @item_200109# nấu @item_12559#@1,Nấu @item_12559#@1
2009038,Hamburger Hươu Sừng Thơm Phức Ⅰ,Trong @item_200109# nấu @item_12560#@1,Nấu @item_12560#@1
2009039,Hamburger Hươu Sừng Thơm Phức Ⅱ,Trong @item_200109# nấu @item_12560#@1,Nấu @item_12560#@1
2009040,Hamburger Hươu Sừng Thơm Phức Ⅲ,Trong @item_200109# nấu @item_12560#@1,Nấu @item_12560#@1
2009041,Giăm Bông Thơm Phức Ⅰ,Trong @item_200109# nấu @item_12561#@1,Nấu @item_12561#@1
2009042,Giăm Bông Thơm Phức Ⅱ,Trong @item_200109# nấu @item_12561#@1,Nấu @item_12561#@1
2009043,Giăm Bông Thơm Phức Ⅲ,Trong @item_200109# nấu @item_12561#@1,Nấu @item_12561#@1
2009044,Chân Vị Lạ Thơm Phức Ⅰ,Trong @item_200109# nấu @item_12562#@1,Nấu @item_12562#@1
2009045,Chân Vị Lạ Thơm Phức Ⅱ,Trong @item_200109# nấu @item_12562#@1,Nấu @item_12562#@1
2009046,Chân Vị Lạ Thơm Phức Ⅲ,Trong @item_200109# nấu @item_12562#@1,Nấu @item_12562#@1
2009047,Chân “Thịt Cua” Thơm Phức Ⅰ,Trong @item_200109# nấu @item_12563#@1,Nấu @item_12563#@1
2009048,Chân “Thịt Cua” Thơm Phức Ⅱ,Trong @item_200109# nấu @item_12563#@1,Nấu @item_12563#@1
2009049,Chân “Thịt Cua” Thơm Phức Ⅲ,Trong @item_200109# nấu @item_12563#@1,Nấu @item_12563#@1
2010001,Nhị Hồ,"Gia công và diễn tấu @item_11900#@1#r (trên phiên bản PC, hãy nhấp và giữ nút bên phải, trên phiên bản di động hãy ấn và giữ nút để diễn tấu)",Diễn tấu @item_11900#@1
2010002,Kèn Xô-na,"Gia công và diễn tấu @item_11906#@1#r (trên phiên bản PC, hãy nhấp và giữ nút bên phải, trên phiên bản di động hãy ấn và giữ nút để diễn tấu)",Diễn tấu @item_11906#@1
2010003,Tỳ Bà,"Gia công và diễn tấu @item_11907#@1#r (trên phiên bản PC, hãy nhấp và giữ nút bên phải, trên phiên bản di động hãy ấn và giữ nút để diễn tấu)",Diễn tấu @item_11907#@1
2010004,Sáo,"Gia công và diễn tấu @item_11908#@1#r (trên phiên bản PC, hãy nhấp và giữ nút bên phải, trên phiên bản di động hãy ấn và giữ nút để diễn tấu)",Diễn tấu @item_11908#@1
2010005,Trống,"Gia công và diễn tấu @item_11909#@1#r (trên phiên bản PC, hãy nhấp và giữ nút bên phải, trên phiên bản di động hãy ấn và giữ nút để diễn tấu)",Diễn tấu @item_11909#@1
2010006,Đàn Tranh,"Gia công và diễn tấu @item_11905#@1#r (trên phiên bản PC, hãy nhấp và giữ nút bên phải, trên phiên bản di động hãy ấn và giữ nút để diễn tấu)",Diễn tấu @item_11905#@1
2010007,Cuộn Da,Gia công @item_11806#@1#r (@item_11806# có thể ghi chép văn bản),Gia công @item_11806#@1
2010008,Bàn Đóng Sách,Gia công @item_1143#@1#r (có thể dùng để đóng những trang thông tin văn bản đơn lẻ thành tập),Gia công @item_1143#@1
2010009,Viết Sách,Dùng @item_1143# để đóng sách @1#r (trong @item_1143# có thể đóng @item_11806# được viết văn bản thành tập),Dùng @item_1143# để đóng sách @1
2010010,Tháo sách,Dùng @item_1143# để tháo sách @1#r (trong @item_1143# có thể tháo sách thành từng trang lẻ),Dùng @item_1143# để tháo sách @1
2010011,Đủ Màu Lòe Loẹt,Gia công @item_498#@1#r (đổ Lọ Thuốc Màu vào @item_498# là sẽ tiến hành trộn màu),Gia công @item_498#@1
2010012,Vàng Lông Ngỗng,Dùng @item_378# và @item_11320# để gia công @item_11504#@1,Gia công @item_11504#@1
2010013,Đỏ Máu,Dùng @item_12500# và @item_11320# để gia công @item_11514#@1,Gia công @item_11514#@1
2010014,Lam Đá Quý,Dùng @item_12583# và @item_11320# để gia công @item_11532#@1,Gia công @item_11532#@1
2010015,Màu Hòa Trộn Ⅰ,"Sau khi đổ @item_11504# và @item_11514# lên @item_498# và trộn hỗn hợp, dùng @item_11320# để thu thập sẽ nhận được @item_11501#@1#r (hãy thử với những hỗn hợp màu khác xem sao!)","Sau khi trộn hỗn hợp màu, thu thập @item_11501#@1"
2010016,Màu Hòa Trộn Ⅱ,"Sau khi đổ @item_11504# và @item_11532# lên @item_498# và trộn hỗn hợp, dùng @item_11320# để thu thập sẽ nhận được @item_11513#@1#r (hãy thử với những hỗn hợp màu khác xem sao!)","Sau khi trộn hỗn hợp màu, thu thập @item_11513#@1"
2010017,Màu Hòa Trộn Ⅲ,"Sau khi đổ @item_11532# và @item_11514# lên @item_498# và trộn hỗn hợp, dùng @item_11320# để thu thập sẽ nhận được @item_11510#@1#r (hãy thử với những hỗn hợp màu khác xem sao!)","Sau khi trộn hỗn hợp màu, thu thập @item_11510#@1"
2010018,Vải Vẽ?,"Gia công @item_600#@1#r (dùng Lọ Thuốc Màu có thể nhuộm màu cho @item_600# thành màu mình yêu thích, đồng thời có thể nhuộm màu Khối và @item_666# , @item_632# v.v)",Gia công @item_600#@1
2011001,Cần Câu Thường,"Gia công @item_12721#@1#r (dùng Cần Câu sẽ câu được Cá Sống, hãy nắm bắt thời cơ cá cắn câu nhé)",Gia công @item_12721#@1
2011002,Cần Câu San Hô Góc,"Gia công @item_12722#@1#r (Làng Chài ven biển có một Cao Thủ Câu Cá đầu đội Vương Miện, ở chỗ anh ta mới có thể nhận được @item_11937#)",Gia công @item_12722#@1
2011003,Cần Câu San Hô Bong Bóng,"Gia công @item_12723#@1#r (Làng Chài ven biển có một Cao Thủ Câu Cá đầu đội Vương Miện, ở chỗ anh ta mới có thể nhận được @item_11938#)",Gia công @item_12723#@1
2011004,Cần Câu San Hô Dĩa Tròn,"Gia công @item_12724#@1#r (Làng Chài ven biển có một Cao Thủ Câu Cá đầu đội Vương Miện, ở chỗ anh ta mới có thể nhận được @item_11939#)",Gia công @item_12724#@1
2011005,Cần Câu San Hô Cây,"Gia công @item_12725#@1#r (Làng Chài ven biển có một Cao Thủ Câu Cá đầu đội Vương Miện, ở chỗ anh ta mới có thể nhận được @item_11940#)",Gia công @item_12725#@1
2011006,Cá Ngố Vàng Kim I,Câu được @item_13609#@1#r (dùng Cần Câu San Hô mới có thể câu được),Câu được @item_13609#@1
2011007,Cá Ngố Vàng Kim II,Câu được @item_13609#@1#r (dùng Cần Câu San Hô mới có thể câu được),Câu được @item_13609#@1
2011008,Cá Tếu Vàng Kim I,Câu được @item_13610#@1#r (dùng Cần Câu San Hô mới có thể câu được),Câu được @item_13610#@1
2011009,Cá Tếu Vàng Kim II,Câu được @item_13610#@1#r (dùng Cần Câu San Hô mới có thể câu được),Câu được @item_13610#@1
2011010,Cá Xấu Vàng Kim I,Câu được @item_13611#@1#r (dùng Cần Câu San Hô mới có thể câu được),Câu được @item_13611#@1
2011011,Cá Xấu Vàng Kim Ⅱ,Câu được @item_13611#@1#r (dùng Cần Câu San Hô mới có thể câu được),Câu được @item_13611#@1
2011012,Cá Diều I,Câu được @item_13602#@1,Câu được @item_13602#@1
2011013,Cá Diều II,Câu được @item_13602#@1,Câu được @item_13602#@1
2011014,Cá Ngố Đỏ I,Câu được @item_13618#@1,Câu được @item_13618#@1
2011015,Cá Ngố Đỏ II,Câu được @item_13618#@1,Câu được @item_13618#@1
2011016,Cá Tếu Đỏ I,Câu được @item_13617#@1,Câu được @item_13617#@1
2011017,Cá Tếu Đỏ II,Câu được @item_13617#@1,Câu được @item_13617#@1
2011018,Cá Xấu Tím I,Câu được @item_13614#@1,Câu được @item_13614#@1
2011019,Cá Xấu Tím II,Câu được @item_13614#@1,Câu được @item_13614#@1
2011020,Hải Mã Con,"Câu được @item_13624#@1#r (dùng Cần Câu San Hô, và thả câu ở Đại Dương mới có thể câu được)",Câu được @item_13624#@1
2011021,Hải Mã,"Câu được @item_13623#@1#r (dùng Cần Câu San Hô, và thả câu ở Đại Dương mới có thể câu được)",Câu được @item_13623#@1
2011022,Cá Ngố Lam Nhạt I,Câu được @item_13604#@1,Câu được @item_13604#@1
2011023,Cá Ngố Lam Nhạt II,Câu được @item_13604#@1,Câu được @item_13604#@1
2011024,Cá Tếu Lam Nhạt I,Câu được @item_13607#@1,Câu được @item_13607#@1
2011025,Cá Tếu Lam Nhạt II,Câu được @item_13607#@1,Câu được @item_13607#@1
2011026,Cá Xấu Cam I,Câu được @item_13619#@1,Câu được @item_13619#@1
2011027,Cá Xấu Cam II,Câu được @item_13619#@1,Câu được @item_13619#@1
2011028,Cua I,Câu được @item_13621#@1,Câu được @item_13621#@1
2011029,Cua II,Câu được @item_13621#@1,Câu được @item_13621#@1
2011030,Cá Ngố Lam Đậm I,Câu được @item_13605#@1,Câu được @item_13605#@1
2011031,Cá Ngố Lam Đậm II,Câu được @item_13605#@1,Câu được @item_13605#@1
2011032,Cá Tếu Vàng I,Câu được @item_13613#@1,Câu được @item_13613#@1
2011033,Cá Tếu Vàng II,Câu được @item_13613#@1,Câu được @item_13613#@1
2011034,Cá Xấu Hoa Văn I,Câu được @item_13616#@1,Câu được @item_13616#@1
2011035,Cá Xấu Hoa Văn II,Câu được @item_13616#@1,Câu được @item_13616#@1
2011036,Sứa I,Câu được @item_13626#@1,Câu được @item_13626#@1
2011037,Sứa II,Câu được @item_13626#@1,Câu được @item_13626#@1
2011038,Cá Ngố Hồng Phấn I,Câu được @item_13612#@1,Câu được @item_13612#@1
2011039,Cá Ngố Hồng Phấn II,Câu được @item_13612#@1,Câu được @item_13612#@1
2011040,Cá Tếu Lục I,Câu được @item_13615#@1,Câu được @item_13615#@1
2011041,Cá Tếu Lục II,Câu được @item_13615#@1,Câu được @item_13615#@1
2011042,Cá Xấu Hồng Phấn I,Câu được @item_13608#@1,Câu được @item_13608#@1
2011043,Cá Xấu Hồng Phấn II,Câu được @item_13608#@1,Câu được @item_13608#@1
2011044,Cá Đèn Lồng I,Câu được @item_13600#@1,Câu được @item_13600#@1
2011045,Cá Đèn Lồng II,Câu được @item_13600#@1,Câu được @item_13600#@1
2011046,Cá Ngố Đen I,Câu được @item_13606#@1,Câu được @item_13606#@1
2011047,Cá Ngố Đen II,Câu được @item_13606#@1,Câu được @item_13606#@1
2011048,Cá Hồn Ma I,Câu được @item_13629#@1,Câu được @item_13629#@1
2011049,Cá Hồn Ma II,Câu được @item_13629#@1,Câu được @item_13629#@1
2011050,Cá Tảo Gậy Huỳnh Quang I,Câu được @item_13630#@1,Câu được @item_13630#@1
2011051,Cá Tảo Gậy Huỳnh Quang II,Câu được @item_13630#@1,Câu được @item_13630#@1
2011052,Cá Chuồn I,Câu được @item_13627#@1,Câu được @item_13627#@1
2011053,Cá Chuồn II,Câu được @item_13627#@1,Câu được @item_13627#@1
2011054,Bình Ước Nguyện Phương Xa,Câu được @item_27#@1,Câu được @item_27#@1
2011055,Bình Thủy Tinh Bản Đồ Kho Báu,Câu được @item_12616#@1#r (dùng Cần Câu San Hô mới có thể câu được),Câu được @item_12616#@1
2011056,Rong Biển Tươi,Câu được @item_12615#@1,Câu được @item_12615#@1
2011057,Phân,Câu được @item_11311# @1,Câu được @item_11311# @1
2011058,Cỏ Nước,Câu được @item_245#@1,Câu được @item_245#@1
2011059,Ván Gỗ Nổi,Câu được @item_248#@1,Câu được @item_248#@1
2011060,Cá Mập I,"Câu được @item_13628#@1#r (dùng Cần Câu San Hô, và thả câu ở Đại Dương mới có thể câu được)",Câu được @item_13628#@1
2011061,Cá Mập II,"Câu được @item_13628#@1#r (dùng Cần Câu San Hô, và thả câu ở Đại Dương mới có thể câu được)",Câu được @item_13628#@1
2012001,Nham Thạch I,Thu thập @item_104#@1#r (có thể bắt gặp ở khắp nơi trên Miras),Thu thập @item_104#@1
2012002,Nham Thạch II,Thu thập @item_104#@1#r (có thể bắt gặp ở khắp nơi trên Miras),Thu thập @item_104#@1
2012003,Mỏ Hợp Kim Đồng I,Tinh luyện @item_451#@1#r (khoáng vật có lượng rất lớn trên Miras),Tinh luyện @item_451#@1
2012004,Mỏ Hợp Kim Đồng II,Tinh luyện @item_451#@1#r (khoáng vật có lượng rất lớn trên Miras),Tinh luyện @item_451#@1
2012005,Mỏ Bạc Kín I,Tinh luyện @item_401#@1#r (phân bố tương đối rộng ở vùng có độ cao so với mặt biển vừa phải dưới mặt đất ở Miras),Tinh luyện @item_401#@1
2012006,Mỏ Bạc Kín Ⅱ,Tinh luyện @item_401#@1#r (phân bố tương đối rộng ở vùng có độ cao so với mặt biển vừa phải dưới mặt đất ở Miras),Tinh luyện @item_401#@1
2012007,Mỏ Titan Ⅰ,Tinh luyện @item_452#@1#r (có lượng ít ở vùng sâu dưới mặt đất hoặc Đảo Hoang trên Miras),Tinh luyện @item_452#@1
2012008,Mỏ Titan Ⅱ,Tinh luyện @item_452#@1#r (có lượng ít ở vùng sâu dưới mặt đất hoặc Đảo Hoang trên Miras),Tinh luyện @item_452#@1
2012009,Mỏ Vàng Đen I,Thu thập @item_404#@1#r (phân bố lượng ít ở trên mặt đất trên Horas),Thu thập @item_404#@1
2012010,Mỏ Vàng Đen II,Thu thập @item_404#@1#r (phân bố lượng ít ở trên mặt đất trên Horas),Thu thập @item_404#@1
2012011,Mỏ Lửa Rực Ⅰ,Tinh luyện @item_400#@1#r (phân bố lượng ít ở trên mặt đất trên Flamas),Tinh luyện @item_400#@1
2012012,Mỏ Lửa Rực II,Tinh luyện @item_400#@1#r (phân bố lượng ít ở trên mặt đất trên Flamas),Tinh luyện @item_400#@1
2012013,Nguyên Thạch Hổ Phách I,Thu thập @item_406#@1#r (phân bố lượng ít ở vùng có độ cao so với mặt biển vừa phải trở xuống dưới mặt đất trên Miras),Thu thập @item_406#@1
2012014,Nguyên Thạch Hổ Phách Ⅱ,Thu thập @item_406#@1#r (phân bố lượng ít ở vùng có độ cao so với mặt biển vừa phải trở xuống dưới mặt đất trên Miras),Thu thập @item_406#@1
2012015,Nguyên Thạch Mã Não Vân Đỏ Trắng I,Thu thập @item_403#@1#r (phân bố lượng ít ở vùng có độ cao so với mặt biển vừa phải trở xuống dưới mặt đất trên Miras),Thu thập @item_403#@1
2012016,Nguyên Thạch Mã Não Vân Đỏ Trắng Ⅱ,Thu thập @item_403#@1#r (phân bố lượng ít ở vùng có độ cao so với mặt biển vừa phải trở xuống dưới mặt đất trên Miras),Thu thập @item_403#@1
2012017,Mỏ Mi-ca I,Thu thập @item_407#@1#r (khoáng vật có lượng rất lớn trên Flamas),Thu thập @item_407#@1
2012018,Mỏ Mi-ca II,Thu thập @item_407#@1#r (khoáng vật có lượng rất lớn trên Flamas),Thu thập @item_407#@1
2012019,Quặng Đồng Sao I,Thu thập @item_445#@1#r (phân bố lượng ít ở trên mặt đất hoặc Đảo Hoang trên Horas),Thu thập @item_445#@1
2012020,Quặng Đồng Sao II,Thu thập @item_445#@1#r (phân bố lượng ít ở trên mặt đất hoặc Đảo Hoang trên Horas),Thu thập @item_445#@1
2012021,Quặng Đóm Tím Ⅰ,Thu thập @item_446#@1#r (phân bố lượng cực ít trên Đảo Hoang ở Horas),Thu thập @item_446#@1
2012022,Đá Đóm Tím II,Thu thập @item_446#@1#r (phân bố lượng cực ít trên Đảo Hoang ở Horas),Thu thập @item_446#@1
2012023,Quặng Bùa Tấn Công I,"Thu thập @item_453#@1#r (phân bố tương đối rộng ở vùng dưới đất và vùng Núi Lửa ở Miras, sản lượng ở vùng Đầm Lầy tương đối lớn)",Thu thập @item_453#@1
2012024,Quặng Bùa Tấn Công II,"Thu thập @item_453#@1#r (phân bố tương đối rộng ở vùng dưới đất và vùng Núi Lửa ở Miras, sản lượng ở vùng Đầm Lầy tương đối lớn)",Thu thập @item_453#@1
2012025,Quặng Bùa Phòng Thủ I,"Thu thập @item_454#@1#r (phân bố tương đối rộng ở ở vùng dưới đất và núi lửa trên Miras, sản lượng ở vùng Rừng Mưa tương đối lớn)",Thu thập @item_454#@1
2012026,Quặng Bùa Phòng Thủ Ⅱ,"Thu thập @item_454#@1#r (phân bố tương đối rộng ở ở vùng dưới đất và núi lửa trên Miras, sản lượng ở vùng Rừng Mưa tương đối lớn)",Thu thập @item_454#@1
2012027,Quặng Bùa Hiệu Suất Ⅰ,"Thu thập @item_455#@1#r (phân bố tương đối rộng ở ở vùng dưới đất và núi lửa trên Miras, sản lượng ở Vùng Tuyết tương đối lớn)",Thu thập @item_455#@1
2012028,Quặng Bùa Hiệu Suất Ⅱ,"Thu thập @item_455#@1#r (phân bố tương đối rộng ở ở vùng dưới đất và núi lửa trên Miras, sản lượng ở Vùng Tuyết tương đối lớn)",Thu thập @item_455#@1
2012029,Thủy Tinh Ⅰ,Tinh luyện @item_11305#@1#r (trước tiên cần dùng @item_29# để gia công @item_11305#),Tinh luyện @item_11305#@1
2012030,Thủy Tinh II,Tinh luyện @item_11305#@1#r (trước tiên cần dùng @item_29# để gia công @item_11305#),Tinh luyện @item_11305#@1
2012031,Xi Măng Ⅰ,Tinh luyện @item_11200#@1#r (trước tiên cần dùng @item_11305# để gia công @item_11200#),Tinh luyện @item_11200#@1
2012032,Xi Măng Ⅱ,Tinh luyện @item_11200#@1#r (trước tiên cần dùng @item_11305# để gia công @item_11200#),Tinh luyện @item_11200#@1
2012033,Máy Móc Chôn Vùi Ⅰ,Thu thập @item_598#@1#r (phân bố lượng ít ở dưới đất trên Miras),Thu thập @item_598#@1
2012034,Máy Móc Chôn Vùi Ⅱ,Thu thập @item_598#@1#r (phân bố lượng ít ở dưới đất trên Miras),Thu thập @item_598#@1
2012035,Khối Đá Ánh Dương Ⅰ,Thu thập @item_536#@1#r (phân bố tương đối rộng ở Flamas),Thu thập @item_536#@1
2012036,Khối Đá Ánh Dương Ⅱ,Thu thập @item_536#@1#r (phân bố tương đối rộng ở Flamas),Thu thập @item_536#@1
2012037,Mỏ Lõi Hạch Manga Ⅰ,Thu thập @item_24#@1#r (phân bố lượng ít ở dưới đáy biển sâu trên Miras),Thu thập @item_24#@1
2012038,Mỏ Lõi Hạch Manga Ⅱ,Thu thập @item_24#@1#r (phân bố lượng ít ở dưới đáy biển sâu trên Miras),Thu thập @item_24#@1
2012039,Đá Lưu Huỳnh Ⅰ,Tinh luyện @item_124#@1#r (là thành phần tổ hợp cơ bản trên mặt đất nơi Flamas),Tinh luyện @item_124#@1
2012040,Đá Lưu Huỳnh Ⅱ,Tinh luyện @item_124#@1#r (là thành phần tổ hợp cơ bản trên mặt đất nơi Flamas),Tinh luyện @item_124#@1
2012041,Mỏ Tụ Năng Ⅰ,Thu thập @item_402#@1#r (phân bố tương đối rộng ở Miras),Thu thập @item_402#@1
2012042,Mỏ Tụ Năng Ⅱ,Thu thập @item_402#@1#r (phân bố tương đối rộng ở Miras),Thu thập @item_402#@1
2012043,Mỏ Tinh Năng Ⅰ,"Tinh luyện @item_405#@1#r (Đá Mỏ ngưng tụ lượng lớn Tinh Năng, phân bố rộng rãi trên Flamas)",Tinh luyện @item_405#@1
2012044,Mỏ Tinh Năng Ⅱ,"Tinh luyện @item_405#@1#r (Đá Mỏ ngưng tụ lượng lớn Tinh Năng, phân bố rộng rãi trên Flamas)",Tinh luyện @item_405#@1
2012045,Mỏ Đá Sương Lửa I,Thu thập @item_34#@1#r(Phân bố lượng ít ở hang núi tuyết trên Miras),Thu thập @item_34#@1
2012046,Mỏ Đá Sương Lửa II,Thu thập @item_34#@1#r(Phân bố lượng ít ở hang núi tuyết trên Miras),Thu thập @item_34#@1
2012047,Mỏ Ngọc Thường I,Thu thập @item_33#@1#r(phân bố lượng ít ở dưới đất trên Miras),Thu thập @item_33#@1
2012048,Mỏ Ngọc Thường II,Thu thập @item_33#@1#r(phân bố lượng ít ở dưới đất trên Miras),Thu thập @item_33#@1
3001001,Gậy Gỗ Ⅰ,Gia công @item_12001#@1,Gia công @item_12001#@1
3001002,Gậy Gỗ Ⅱ,Gia công @item_12001#@1,Gia công @item_12001#@1
3001003,Búa Đập Nhọn Ⅰ,"Gia công @item_11230#@1#r (là một trong những vật liệu của @item_242# , cần đến Sa Mạc tìm thử mới được)",Gia công @item_11230#@1
3001004,Búa Đập Nhọn Ⅱ,"Gia công @item_11230#@1#r (là một trong những vật liệu của @item_242# , cần đến Sa Mạc tìm thử mới được)",Gia công @item_11230#@1
3001005,Giáo Đá I,Gia công @item_12002#@1,Gia công @item_12002#@1
3001006,Giáo Đá II,Gia công @item_12002#@1,Gia công @item_12002#@1
3001007,Giáo Dài Đột Kích I,Gia công @item_12004#@1,Gia công @item_12004#@1
3001008,Giáo Dài Đột Kích II,Gia công @item_12004#@1,Gia công @item_12004#@1
3001009,Kiếm Ngắn Ⅰ,Gia công @item_12003#@1,Gia công @item_12003#@1
3001010,Kiếm Ngắn Ⅱ,Gia công @item_12003#@1,Gia công @item_12003#@1
3001011,Kiếm Năng Lượng I,Gia công @item_12005#@1,Gia công @item_12005#@1
3001012,Kiếm Năng Lượng II,Gia công @item_12005#@1,Gia công @item_12005#@1
3001013,Kẻ Gặt Ⅰ,Gia công @item_12009#@1,Gia công @item_12009#@1
3001014,Kẻ Gặt II,Gia công @item_12009#@1,Gia công @item_12009#@1
3001015,Búa Chiến Titan Ⅰ,Gia công @item_12010#@1,Gia công @item_12010#@1
3001016,Búa Chiến Titan Ⅱ,Gia công @item_12010#@1,Gia công @item_12010#@1
3001017,Cây Xiên Cá Hồn Ma Ⅰ,Gia công @item_12063#@1#r (cần xuống biển mới có thể tìm ra Cá Hồn Ma),Gia công @item_12063#@1
3001018,Cây Xiên Cá Hồn Ma Ⅱ,Gia công @item_12063#@1#r (cần xuống biển mới có thể tìm ra Cá Hồn Ma),Gia công @item_12063#@1
3001019,Khiên Vỏ Bò Cạp Ⅰ,Gia công @item_12309#@1#r (@item_11632# cần dùng Vũ Khí Cùn để tấn công Bò Cạp Đuôi Độc Bự mới có thể nhận),Gia công @item_12309#@1
3001020,Khiên Vỏ Bò Cạp Ⅱ,Gia công @item_12309#@1#r (@item_11632# cần dùng Vũ Khí Cùn để tấn công Bò Cạp Đuôi Độc Bự mới có thể nhận),Gia công @item_12309#@1
3001021,Khiên Gai Bò Cạp Ⅰ,Gia công @item_12310#@1#r (@item_11633# cầm dùng Vũ Khí Bén để tấn công Bò Cạp Đuôi Độc Bự mới có thể nhận),Gia công @item_12310#@1
3001022,Khiên Gai Bò Cạp Ⅱ,Gia công @item_12310#@1#r (@item_11633# cầm dùng Vũ Khí Bén để tấn công Bò Cạp Đuôi Độc Bự mới có thể nhận),Gia công @item_12310#@1
3001023,Boomerang I,Gia công @item_11592#@1,Gia công @item_11592#@1
3001024,Boomerang II,Gia công @item_11592#@1,Gia công @item_11592#@1
3001025,Pháp Trượng Thường,Gia công @item_11580#@1,Gia công @item_11580#@1
3001026,Pháp Trượng Lửa,Gia công @item_11581#@1,Gia công @item_11581#@1
3001027,Pháp Trượng Sét,Gia công @item_11582#@1,Gia công @item_11582#@1
3001028,Pháp Trượng Độc,Gia công @item_11583#@1,Gia công @item_11583#@1
3001029,Quyền Trượng Phục Sinh,Gia công @item_11584#@1,Gia công @item_11584#@1
3001030,Quyền Trượng Triệu Hồi,Gia công @item_11585#@1#r (@item_11575# ẩn sâu dưới lòng đất nơi Sa Mạc),Gia công @item_11585#@1
3001031,Cung Ngắn Bạc Kín Ⅰ,Gia công @item_12050#@1,Gia công @item_12050#@1
3001032,Cung Ngắn Bạc Kín II,Gia công @item_12050#@1,Gia công @item_12050#@1
3001033,Mũi Tên Đá Ⅰ,Gia công @item_12051#@1,Gia công @item_12051#@1
3001034,Mũi Tên Đá Ⅱ,Gia công @item_12051#@1,Gia công @item_12051#@1
3001035,Cung Xương Rồng I,Gia công @item_12056#@1#r (@item_11221# cần chiến thắng Rồng Đen mới có thể nhận),Gia công @item_12056#@1
3001036,Cung Xương Rồng Ⅱ,Gia công @item_12056#@1#r (@item_11221# cần chiến thắng Rồng Đen mới có thể nhận),Gia công @item_12056#@1
3001037,Ống Thổi Tên Ⅰ,Gia công @item_12288#@1#r (@item_251# cần đến Thung Lũng Rừng Trúc để tìm kiếm),Gia công @item_12288#@1
3001038,Ống Thổi Tên Ⅱ,Gia công @item_12288#@1#r (@item_251# cần đến Thung Lũng Rừng Trúc để tìm kiếm),Gia công @item_12288#@1
3001039,Phi Tiêu Ong Chích Ⅰ,Gia công @item_12289#@1,Gia công @item_12289#@1
3001040,Phi Tiêu Ong Chích Ⅱ,Gia công @item_12289#@1,Gia công @item_12289#@1
3001041,Bóng Thủy Áp Ⅰ,Gia công @item_11649#@1,Gia công @item_11649#@1
3001042,Bóng Thủy Áp Ⅱ,Gia công @item_11649#@1,Gia công @item_11649#@1
3001043,Cung Cá Mập Ⅰ,Gia công @item_12061#@1,Gia công @item_12061#@1
3001044,Cung Cá Mập Ⅱ,Gia công @item_12061#@1,Gia công @item_12061#@1
3001045,Mũi Tên Đại Dương Ⅰ,Gia công @item_12062#@1,Gia công @item_12062#@1
3001046,Mũi Tên Đại Dương Ⅱ,Gia công @item_12062#@1,Gia công @item_12062#@1
3002001,Mũ Bảo Hiểm Da Ⅰ,Gia công @item_12201#@1,Gia công @item_12201#@1
3002002,Mũ Bảo Hiểm Da Ⅱ,Gia công @item_12201#@1,Gia công @item_12201#@1
3002003,Giáp Ngực Da Ⅰ,Gia công @item_12202#@1,Gia công @item_12202#@1
3002004,Giáp Ngực Da Ⅱ,Gia công @item_12202#@1,Gia công @item_12202#@1
3002005,Băng Chân Da Ⅰ,Gia công @item_12203#@1,Gia công @item_12203#@1
3002006,Băng Chân Da Ⅱ,Gia công @item_12203#@1,Gia công @item_12203#@1
3002007,Ủng Da Ⅰ,Gia công @item_12204#@1,Gia công @item_12204#@1
3002008,Ủng Da Ⅱ,Gia công @item_12204#@1,Gia công @item_12204#@1
3002009,Mũ Bảo Hiểm Đồng Vàng Ⅰ,Gia công @item_12216#@1,Gia công @item_12216#@1
3002010,Mũ Bảo Hiểm Đồng Vàng Ⅱ,Gia công @item_12216#@1,Gia công @item_12216#@1
3002011,Giáp Ngực Đồng Vàng Ⅰ,Gia công @item_12217#@1,Gia công @item_12217#@1
3002012,Giáp Ngực Đồng Vàng Ⅱ,Gia công @item_12217#@1,Gia công @item_12217#@1
3002013,Băng Chân Đồng Vàng Ⅰ,Gia công @item_12218#@1,Gia công @item_12218#@1
3002014,Băng Chân Đồng Vàng Ⅱ,Gia công @item_12218#@1,Gia công @item_12218#@1
3002015,Ủng Đồng Vàng Ⅰ,Gia công @item_12219#@1,Gia công @item_12219#@1
3002016,Ủng Đồng Vàng Ⅱ,Gia công @item_12219#@1,Gia công @item_12219#@1
3002017,Mũ Bảo Hiểm Bạc Kín Ⅰ,Gia công @item_12221#@1,Gia công @item_12221#@1
3002018,Mũ Bảo Hiểm Bạc Kín Ⅱ,Gia công @item_12221#@1,Gia công @item_12221#@1
3002019,Giáp Ngực Bạc Kín Ⅰ,Gia công @item_12222#@1,Gia công @item_12222#@1
3002020,Giáp Ngực Bạc Kín Ⅱ,Gia công @item_12222#@1,Gia công @item_12222#@1
3002021,Băng Chân Bạc Kín Ⅰ,Gia công @item_12223#@1,Gia công @item_12223#@1
3002022,Băng Chân Bạc Kín Ⅱ,Gia công @item_12223#@1,Gia công @item_12223#@1
3002023,Ủng Bạc Kín Ⅰ,Gia công @item_12224#@1,Gia công @item_12224#@1
3002024,Ủng Bạc Kín Ⅱ,Gia công @item_12224#@1,Gia công @item_12224#@1
3002025,Mũ Bảo Hiểm Xích Giáp Ⅰ,Gia công @item_12211#@1,Gia công @item_12211#@1
3002026,Mũ Bảo Hiểm Xích Giáp Ⅱ,Gia công @item_12211#@1,Gia công @item_12211#@1
3002027,Giáp Ngực Xích Giáp Ⅰ,Gia công @item_12212#@1,Gia công @item_12212#@1
3002028,Giáp Ngực Xích Giáp Ⅱ,Gia công @item_12212#@1,Gia công @item_12212#@1
3002029,Băng Chân Xích Giáp Ⅰ,Gia công @item_12213#@1,Gia công @item_12213#@1
3002030,Băng Chân Xích Giáp Ⅱ,Gia công @item_12213#@1,Gia công @item_12213#@1
3002031,Ủng Xích Giáp Ⅰ,Gia công @item_12214#@1,Gia công @item_12214#@1
3002032,Ủng Xích Giáp Ⅱ,Gia công @item_12214#@1,Gia công @item_12214#@1
3002033,Mũ Bảo Hiểm Titan Ⅰ,Gia công @item_12231#@1,Gia công @item_12231#@1
3002034,Mũ Bảo Hiểm Titan Ⅱ,Gia công @item_12231#@1,Gia công @item_12231#@1
3002035,Giáp Ngực Titan Ⅰ,Gia công @item_12232#@1,Gia công @item_12232#@1
3002036,Giáp Ngực Titan Ⅱ,Gia công @item_12232#@1,Gia công @item_12232#@1
3002037,Băng Chân Titan Ⅰ,Gia công @item_12233#@1,Gia công @item_12233#@1
3002038,Băng Chân Titan Ⅱ,Gia công @item_12233#@1,Gia công @item_12233#@1
3002039,Ủng Titan Ⅰ,Gia công @item_12234#@1,Gia công @item_12234#@1
3002040,Ủng Titan Ⅱ,Gia công @item_12234#@1,Gia công @item_12234#@1
3002041,Mũ Bảo Hiểm Vàng Đen Ⅰ,Gia công @item_12241#@1,Gia công @item_12241#@1
3002042,Mũ Bảo Hiểm Vàng Đen Ⅱ,Gia công @item_12241#@1,Gia công @item_12241#@1
3002043,Giáp Ngực Vàng Đen Ⅰ,Gia công @item_12242#@1,Gia công @item_12242#@1
3002044,Giáp Ngực Vàng Đen Ⅱ,Gia công @item_12242#@1,Gia công @item_12242#@1
3002045,Băng Chân Vàng Đen Ⅰ,Gia công @item_12243#@1,Gia công @item_12243#@1
3002046,Băng Chân Vàng Đen Ⅱ,Gia công @item_12243#@1,Gia công @item_12243#@1
3002047,Ủng Vàng Đen Ⅰ,Gia công @item_12244#@1,Gia công @item_12244#@1
3002048,Ủng Vàng Đen Ⅱ,Gia công @item_12244#@1,Gia công @item_12244#@1
3002049,Mặt Nạ Lặn Ⅰ,Gia công @item_11642#@1,Gia công @item_11642#@1
3002050,Mặt Nạ Lặn Ⅱ,Gia công @item_11642#@1,Gia công @item_11642#@1
3002051,Bộ Đồ Lặn Ⅰ,Gia công @item_11643#@1,Gia công @item_11643#@1
3002052,Bộ Đồ Lặn Ⅱ,Gia công @item_11643#@1,Gia công @item_11643#@1
3002053,Chân Ếch Lặn Ⅰ,Gia công @item_11644#@1,Gia công @item_11644#@1
3002054,Chân Ếch Lặn Ⅱ,Gia công @item_11644#@1,Gia công @item_11644#@1
3002055,Mặt Nạ Oxy Ⅰ,Gia công @item_12276#@1,Gia công @item_12276#@1
3002056,Mặt Nạ Oxy Ⅱ,Gia công @item_12276#@1,Gia công @item_12276#@1
3002057,Mặt Nạ Lặn Cao Cấp Ⅰ,Gia công @item_11645#@1,Gia công @item_11645#@1
3002058,Mặt Nạ Lặn Cao Cấp Ⅱ,Gia công @item_11645#@1,Gia công @item_11645#@1
3002059,Bộ Đồ Lặn Cao Cấp Ⅰ,Gia công @item_11646#@1,Gia công @item_11646#@1
3002060,Bộ Đồ Lặn Cao Cấp Ⅱ,Gia công @item_11646#@1,Gia công @item_11646#@1
3002061,Chân Ếch Lặn Cao Cấp Ⅰ,Gia công @item_11647#@1,Gia công @item_11647#@1
3002062,Chân Ếch Lặn Cao Cấp Ⅱ,Gia công @item_11647#@1,Gia công @item_11647#@1
3002063,Túi Oxy Ⅰ,Gia công @item_12275#@1,Gia công @item_12275#@1
3002064,Túi Oxy Ⅱ,Gia công @item_12275#@1,Gia công @item_12275#@1
3002065,Vòng Hoa Ⅰ,Gia công @item_11228#@1,Gia công @item_11228#@1
3002066,Vòng Hoa Ⅱ,Gia công @item_11228#@1,Gia công @item_11228#@1
3002067,Vòng Hoa May Mắn Ⅰ,Gia công @item_11650#@1#r (trên Đảo Đất Đỏ giữa biển có thể tìm ra @item_1186#),Gia công @item_11650#@1
3002068,Vòng Hoa May Mắn Ⅱ,Gia công @item_11650#@1#r (trên Đảo Đất Đỏ giữa biển có thể tìm ra @item_1186#),Gia công @item_11650#@1
3002069,Áo Khoác Da Ⅰ,Gia công @item_12205#@1,Gia công @item_12205#@1
3002070,Áo Khoác Da Ⅱ,Gia công @item_12205#@1,Gia công @item_12205#@1
3002071,Áo Khoác Lửa Rực Ⅰ,Gia công @item_12206#@1,Gia công @item_12206#@1
3002072,Áo Khoác Lửa Rực Ⅱ,Gia công @item_12206#@1,Gia công @item_12206#@1
3002073,Áo Khoác Vàng Đen Ⅰ,Gia công @item_12207#@1,Gia công @item_12207#@1
3002074,Áo Khoác Vàng Đen Ⅱ,Gia công @item_12207#@1,Gia công @item_12207#@1
3002075,Áo Khoác Mã Não Vân Đỏ Trắng Ⅰ,Gia công @item_12208#@1,Gia công @item_12208#@1
3002076,Áo Khoác Mã Não Vân Đỏ Trắng Ⅱ,Gia công @item_12208#@1,Gia công @item_12208#@1
3002077,Áo Khoác Bạc Kín Ⅰ,Gia công @item_12209#@1,Gia công @item_12209#@1
3002078,Áo Khoác Bạc Kín Ⅱ,Gia công @item_12209#@1,Gia công @item_12209#@1
3002079,Áo Khoác Dung Nham I,Gia công @item_12210#@1#r(@item_11222# cần đánh bại Rồng Đen Dung Nham mới có thể nhận),Gia công @item_12210#@1
3002080,Áo Khoác Dung Nham II,Gia công @item_12210#@1#r(@item_11222# cần đánh bại Rồng Đen Dung Nham mới có thể nhận),Gia công @item_12210#@1
3002081,Áo Khoác Chống Cát,"Gia công @item_11639#@1#r (giữa Sa Mạc rất có thể sẽ gặp Bão Cát, muốn đi lại giữa Bão Cát sẽ không thể thiếu được @item_11639#)",Gia công @item_11639#@1
3002082,Túi Chống Lửa,"Gia công @item_12277#@1#r (muốn thích ứng với nhiệt độ cao ở Flamas, @item_12277# là thứ cực kỳ quan trọng)",Gia công @item_12277#@1
3003001,Bùa Tấn Công Sơ Cấp Ⅰ,"Ở @item_785#, khảm @item_11603#@1 cho một vũ khí bất kỳ",Khảm @item_11603#@1
3003002,Bùa Tấn Công Sơ Cấp Ⅱ,"Ở @item_785#, khảm @item_11603#@1 cho vũ khí bất kỳ",Khảm @item_11603#@1
3003003,Bùa Tấn Công Trung Cấp I,"Ở @item_785#, khảm @item_11604#@1 cho vũ khí bất kỳ",Khảm @item_11604#@1
3003004,Bùa Tấn Công Trung Cấp II,"Ở @item_785#, khảm @item_11604#@1 cho vũ khí bất kỳ",Khảm @item_11604#@1
3003005,Bùa Tấn Công Cao Cấp I,"Ở @item_785#, khảm @item_11605#@1 cho vũ khí bất kỳ",Khảm @item_11605#@1
3003006,Bùa Tấn Công Cao Cấp Ⅱ,"Ở @item_785#, khảm @item_11605#@1 cho vũ khí bất kỳ",Khảm @item_11605#@1
3003007,Bùa Phòng Thủ Sơ Cấp I,"Ở @item_785#, khảm @item_11606#@1 cho trang bị bất kỳ",Khảm @item_11606#@1
3003008,Bùa Phòng Thủ Sơ Cấp II,"Ở @item_785#, khảm @item_11606#@1 cho trang bị bất kỳ",Khảm @item_11606#@1
3003009,Bùa Phòng Thủ Trung Cấp I,"Ở @item_785#, khảm @item_11607#@1 cho trang bị bất kỳ",Khảm @item_11607#@1
3003010,Bùa Phòng Thủ Trung Cấp II,"Ở @item_785#, khảm @item_11607#@1 cho trang bị bất kỳ",Khảm @item_11607#@1
3003011,Bùa Phòng Thủ Cao Cấp I,"Ở @item_785#, khảm @item_11608#@1 cho trang bị bất kỳ",Khảm @item_11608#@1
3003012,Bùa Phòng Thủ Cao Cấp II,"Ở @item_785#, khảm @item_11608#@1 cho trang bị bất kỳ",Khảm @item_11608#@1
3003013,Bùa Hiệu Suất Sơ Cấp I,"Ở @item_785#, khảm @item_11609#@1 cho công cụ bất kỳ",Khảm @item_11609#@1
3003014,Bùa Hiệu Suất Sơ Cấp II,"Ở @item_785#, khảm @item_11609#@1 cho công cụ bất kỳ",Khảm @item_11609#@1
3003015,Bùa Hiệu Suất Trung Cấp I,"Ở @item_785#, khảm @item_11610#@1 cho công cụ bất kỳ",Khảm @item_11610#@1
3003016,Bùa Hiệu Suất Trung Cấp II,"Ở @item_785#, khảm @item_11610#@1 cho công cụ bất kỳ",Khảm @item_11610#@1
3003017,Bùa Hiệu Suất Cao Cấp I,"Ở @item_785#, khảm @item_11611#@1 cho công cụ bất kỳ",Khảm @item_11611#@1
3003018,Bùa Hiệu Suất Cao Cấp II,"Ở @item_785#, khảm @item_11611#@1 cho công cụ bất kỳ",Khảm @item_11611#@1
3003019,Đá Kích Hoạt Vạn Năng I,"Ở @item_785#, @item_11612#@1 cho vũ khí, trang bị hoặc công cụ bất kỳ",Khảm @item_11612#@1
3003020,Đá Kích Hoạt Vạn Năng Ⅱ,"Ở @item_785#, @item_11612#@1 cho vũ khí, trang bị hoặc công cụ bất kỳ",Khảm @item_11612#@1
3004001,Kẻ Thù Đấu Sĩ Dã Nhân I,"Đánh bại Đấu Sĩ Dã Nhân @1#r(Vào buổi tối, Đấu Sĩ Dã Nhân rất sôi nổi, vào ban ngày sẽ ngủ)",Đánh bại Đấu Sĩ Dã Nhân @1
3004002,Kẻ Thù Đấu Sĩ Dã Nhân II,"Đánh bại Đấu Sĩ Dã Nhân @1#r(Vào buổi tối, Đấu Sĩ Dã Nhân rất sôi nổi, vào ban ngày sẽ ngủ)",Đánh bại Đấu Sĩ Dã Nhân @1
3004003,Kẻ Thù Đấu Sĩ Dã Nhân III,"Đánh bại Đấu Sĩ Dã Nhân @1#r(Vào buổi tối, Đấu Sĩ Dã Nhân rất sôi nổi, vào ban ngày sẽ ngủ)",Đánh bại Đấu Sĩ Dã Nhân @1
3004004,Kẻ Thù Giáo Binh Dã Nhân I,"Đánh bại Giáo Binh Dã Nhân @1#r(Tập tính của Giáo Binh Dã Nhân và Đấu Sĩ Dã Nhân rất giống nhau, nhưng hãy cẩn thận chiếc Giáo của nó, chú ý tìm vật che chắn)",Đánh bại Giáo Binh Dã Nhân @1
3004005,Kẻ Thù Giáo Binh Dã Nhân II,"Đánh bại Giáo Binh Dã Nhân @1#r(Tập tính của Giáo Binh Dã Nhân và Đấu Sĩ Dã Nhân rất giống nhau, nhưng hãy cẩn thận chiếc Giáo của nó, chú ý tìm vật che chắn)",Đánh bại Giáo Binh Dã Nhân @1
3004006,Kẻ Thù Giáo Binh Dã Nhân III,"Đánh bại Giáo Binh Dã Nhân @1#r(Tập tính của Giáo Binh Dã Nhân và Đấu Sĩ Dã Nhân rất giống nhau, nhưng hãy cẩn thận chiếc Giáo của nó, chú ý tìm vật che chắn)",Đánh bại Giáo Binh Dã Nhân @1
3004007,Kẻ Thù Nhóc Jockey Ⅰ,"Đánh bại Nhóc Jockey @1#r (Nhóc Jockey cực kỳ nghịch ngợm, thỉnh thoảng có thể sẽ ấn công tắc lung tung, phá hoại hoa màu)",Đánh bại Nhóc Jockey @1
3004008,Kẻ Thù Nhóc Jockey Ⅱ,"Đánh bại Nhóc Jockey @1#r (Nhóc Jockey cực kỳ nghịch ngợm, thỉnh thoảng có thể sẽ ấn công tắc lung tung, phá hoại hoa màu)",Đánh bại Nhóc Jockey @1
3004009,Kẻ Thù Nhóc Jockey Ⅲ,"Đánh bại Nhóc Jockey @1#r (Nhóc Jockey cực kỳ nghịch ngợm, thỉnh thoảng có thể sẽ ấn công tắc lung tung, phá hoại hoa màu)",Đánh bại Nhóc Jockey @1
3004010,Kẻ Thù Thầy Tế Dã Nhân Ⅰ,"Đánh bại Thầy Tế Dã Nhân @1#r (Thầy Tế Dã Nhân thường sinh sống trong Rừng Mưa, có thể thoát ly trọng lực và bay lên trời, với Pháp Trượng trong tay có thể bắn ra Cầu Phép, khi ứng phó với nó hãy chú ý tìm vật che chắn)",Đánh bại Thầy Tế Dã Nhân @1
3004011,Kẻ Thù Thầy Tế Dã Nhân Ⅱ,"Đánh bại Thầy Tế Dã Nhân @1#r (Thầy Tế Dã Nhân thường sinh sống trong Rừng Mưa, có thể thoát ly trọng lực và bay lên trời, với Pháp Trượng trong tay có thể bắn ra Cầu Phép, khi ứng phó với nó hãy chú ý tìm vật che chắn)",Đánh bại Thầy Tế Dã Nhân @1
3004012,Kẻ Thù Thầy Tế Dã Nhân Ⅲ,"Đánh bại Thầy Tế Dã Nhân @1#r (Thầy Tế Dã Nhân thường sinh sống trong Rừng Mưa, có thể thoát ly trọng lực và bay lên trời, với Pháp Trượng trong tay có thể bắn ra Cầu Phép, khi ứng phó với nó hãy chú ý tìm vật che chắn)",Đánh bại Thầy Tế Dã Nhân @1
3004013,Kẻ Thù Độc Dược Sư Dã Nhân Ⅰ,"Đánh bại Độc Dược Sư Dã Nhân @1#r (tập tính giống với những Thầy Tế khác, nhưng nếu bị Cầu Phép của anh ta đánh trúng thì sẽ Trúng Độc, hãy cẩn thận)",Đánh bại Độc Dược Sư Dã Nhân @1
3004014,Kẻ Thù Độc Dược Sư Dã Nhân Ⅱ,"Đánh bại Độc Dược Sư Dã Nhân @1#r (tập tính giống với những Thầy Tế khác, nhưng nếu bị Cầu Phép của anh ta đánh trúng thì sẽ Trúng Độc, hãy cẩn thận)",Đánh bại Độc Dược Sư Dã Nhân @1
3004015,Kẻ Thù Độc Dược Sư Dã Nhân Ⅲ,"Đánh bại Độc Dược Sư Dã Nhân @1#r (tập tính giống với những Thầy Tế khác, nhưng nếu bị Cầu Phép của anh ta đánh trúng thì sẽ Trúng Độc, hãy cẩn thận)",Đánh bại Độc Dược Sư Dã Nhân @1
3004016,Trị liệu Kẻ Thù Thầy Tế Dã Nhân Ⅰ,Đánh bại Thầy Lang Dã Nhân @1,Đánh bại Thầy Lang Dã Nhân @1
3004017,Trị liệu Kẻ Thù Thầy Tế Dã Nhân Ⅱ,Đánh bại Thầy Lang Dã Nhân @1,Đánh bại Thầy Lang Dã Nhân @1
3004018,Trị liệu Kẻ Thù Thầy Tế Dã Nhân Ⅲ,Đánh bại Thầy Lang Dã Nhân @1,Đánh bại Thầy Lang Dã Nhân @1
3004019,Kẻ Thù Thầy Tế Dã Nhân Sét Ⅰ,"Nhấp Thầy Tế Dã Nhân Sét @1#r (tập tính cũng giống như những Thầy Tế khác, nhưng Cầu Phép sẽ phóng ra sét, cần cực kỳ cẩn thận để ứng phó)",Đánh bại Thầy Tế Dã Nhân Sét @1
3004020,Kẻ Thù Thầy Tế Dã Nhân Sét Ⅱ,"Nhấp Thầy Tế Dã Nhân Sét @1#r (tập tính cũng giống như những Thầy Tế khác, nhưng Cầu Phép sẽ phóng ra sét, cần cực kỳ cẩn thận để ứng phó)",Đánh bại Thầy Tế Dã Nhân Sét @1
3004021,Kẻ Thù Thầy Tế Dã Nhân Sét Ⅲ,"Nhấp Thầy Tế Dã Nhân Sét @1#r (tập tính cũng giống như những Thầy Tế khác, nhưng Cầu Phép sẽ phóng ra sét, cần cực kỳ cẩn thận để ứng phó)",Đánh bại Thầy Tế Dã Nhân Sét @1
3004022,Kẻ Thù Thầy Tế Dã Nhân Lửa Rực Ⅰ,"Đánh bại Thầy Tế Dã Nhân Lửa Rực @1#r (tập tính giống với những Thầy Tế khác, nhưng khi Cầu Phép đánh trúng sẽ gây ra Thiêu Đốt, cẩn thận bị đốt nhé)",Đánh bại Thầy Tế Dã Nhân Lửa Rực @1
3004023,Kẻ Thù Thầy Tế Dã Nhân Lửa Rực Ⅱ,"Đánh bại Thầy Tế Dã Nhân Lửa Rực @1#r (tập tính giống với những Thầy Tế khác, nhưng khi Cầu Phép đánh trúng sẽ gây ra Thiêu Đốt, cẩn thận bị đốt nhé)",Đánh bại Thầy Tế Dã Nhân Lửa Rực @1
3004024,Kẻ Thù Thầy Tế Dã Nhân Lửa Rực Ⅲ,"Đánh bại Thầy Tế Dã Nhân Lửa Rực @1#r (tập tính giống với những Thầy Tế khác, nhưng khi Cầu Phép đánh trúng sẽ gây ra Thiêu Đốt, cẩn thận bị đốt nhé)",Đánh bại Thầy Tế Dã Nhân Lửa Rực @1
3004025,Kẻ Thù Dơi I,"Đánh bại Dơi @1#r (Dơi có thể tích nhỏ và hành động nhanh lẹ, tốt nhất hãy đợi nó đến gần rồi dùng vũ khí cận chiến để giải quyết nhanh gọn)",Đánh bại Dơi @1
3004026,Kẻ Thù Dơi II,"Đánh bại Dơi @1#r (Dơi có thể tích nhỏ và hành động nhanh lẹ, tốt nhất hãy đợi nó đến gần rồi dùng vũ khí cận chiến để giải quyết nhanh gọn)",Đánh bại Dơi @1
3004027,Kẻ Thù Dơi Ⅲ,"Đánh bại Dơi @1#r (Dơi có thể tích nhỏ và hành động nhanh lẹ, tốt nhất hãy đợi nó đến gần rồi dùng vũ khí cận chiến để giải quyết nhanh gọn)",Đánh bại Dơi @1
3004028,Kẻ Thù Quái Bùa Ⅰ,"Đánh bại Quái Bùa @1#r (Quái Bùa sẽ ẩn trong Quặng Bùa, khi đào ra Quặng Bùa hãy chú ý đề phòng)",Đánh bại Quái Bùa @1
3004029,Kẻ Thù Quái Bùa Ⅱ,"Đánh bại Quái Bùa @1#r (Quái Bùa sẽ ẩn trong Quặng Bùa, khi đào ra Quặng Bùa hãy chú ý đề phòng)",Đánh bại Quái Bùa @1
3004030,Kẻ Thù Quái Bùa Ⅲ,"Đánh bại Quái Bùa @1#r (Quái Bùa sẽ ẩn trong Quặng Bùa, khi đào ra Quặng Bùa hãy chú ý đề phòng)",Đánh bại Quái Bùa @1
3004031,Kẻ Thù Sứ Đồ Hư Không Ⅰ,"Đánh bại Sứ Đồ Hư Không @1#r (Sứ Đồ Hư Không sẽ trộm mất Sức Mạnh Sáng Tạo của vạn vật, đừng để nó đứng sau lưng bạn)",Đánh bại Sứ Đồ Hư Không @1
3004032,Kẻ Thù Sứ Đồ Hư Không Ⅱ,"Đánh bại Sứ Đồ Hư Không @1#r (Sứ Đồ Hư Không sẽ trộm mất Sức Mạnh Sáng Tạo của vạn vật, đừng để nó đứng sau lưng bạn)",Đánh bại Sứ Đồ Hư Không @1
3004033,Kẻ Thù Sứ Đồ Hư Không Ⅲ,"Đánh bại Sứ Đồ Hư Không @1#r (Sứ Đồ Hư Không sẽ trộm mất Sức Mạnh Sáng Tạo của vạn vật, đừng để nó đứng sau lưng bạn)",Đánh bại Sứ Đồ Hư Không @1
3004034,Kẻ Thù Kẻ Cướp Hải Tặc Ⅰ,"Đánh bại Kẻ Cướp Hải Tặc @1#r (Hải Tặc luôn đi thành từng nhóm từng đội, và đóng ở trên Hải Đảo)",Đánh bại Kẻ Cướp Hải Tặc @1
3004035,Kẻ Thù Kẻ Cướp Hải Tặc Ⅱ,"Đánh bại Kẻ Cướp Hải Tặc @1#r (Hải Tặc luôn đi thành từng nhóm từng đội, và đóng ở trên Hải Đảo)",Đánh bại Kẻ Cướp Hải Tặc @1
3004036,Kẻ Thù Kẻ Cướp Hải Tặc Ⅲ,"Đánh bại Kẻ Cướp Hải Tặc @1#r (Hải Tặc luôn đi thành từng nhóm từng đội, và đóng ở trên Hải Đảo)",Đánh bại Kẻ Cướp Hải Tặc @1
3004037,Kẻ Thù Thợ Săn Hải Tặc Ⅰ,"Đánh bại Thợ Săn Hải Tặc @1#r (nếu Thuyền Hải Tặc bị đánh chìm, có thể sẽ gặp phải chúng!)",Đánh bại Thợ Săn Hải Tặc @1
3004038,Kẻ Thù Thợ Săn Hải Tặc Ⅱ,"Đánh bại Thợ Săn Hải Tặc @1#r (nếu Thuyền Hải Tặc bị đánh chìm, có thể sẽ gặp phải chúng!)",Đánh bại Thợ Săn Hải Tặc @1
3004039,Kẻ Thù Thợ Săn Hải Tặc Ⅲ,"Đánh bại Thợ Săn Hải Tặc @1#r (nếu Thuyền Hải Tặc bị đánh chìm, có thể sẽ gặp phải chúng!)",Đánh bại Thợ Săn Hải Tặc @1
3004040,Kẻ Thù Thuyền Hải Tặc Cỡ Nhỏ Ⅰ,"Đánh bại Thuyền Hải Tặc Cỡ Nhỏ @1#r (Thuyền Hải Tặc Cỡ Nhỏ có thể hành động nhanh lẹ, nhưng cũng khá dễ bị đánh bại)",Đánh bại Thuyền Hải Tặc Cỡ Nhỏ @1
3004041,Kẻ Thù Thuyền Hải Tặc Cỡ Nhỏ Ⅱ,"Đánh bại Thuyền Hải Tặc Cỡ Nhỏ @1#r (Thuyền Hải Tặc Cỡ Nhỏ có thể hành động nhanh lẹ, nhưng cũng khá dễ bị đánh bại)",Đánh bại Thuyền Hải Tặc Cỡ Nhỏ @1
3004042,Kẻ Thù Thuyền Hải Tặc Cỡ Nhỏ Ⅲ,"Đánh bại Thuyền Hải Tặc Cỡ Nhỏ @1#r (Thuyền Hải Tặc Cỡ Nhỏ có thể hành động nhanh lẹ, nhưng cũng khá dễ bị đánh bại)",Đánh bại Thuyền Hải Tặc Cỡ Nhỏ @1
3004043,Kẻ Thù Thuyền Hải Tặc Cỡ Vừa Ⅰ,"Đánh bại Thuyền Hải Tặc Cỡ Vừa @1#r (các mặt của Thuyền Hải Tặc Cỡ Vừa đều ở mức vừa phải, sau khi đánh bại nó hãy chú ý Rương rơi ra nhé)",Đánh bại Thuyền Hải Tặc Cỡ Vừa @1
3004044,Kẻ Thù Thuyền Hải Tặc Cỡ Vừa Ⅱ,"Đánh bại Thuyền Hải Tặc Cỡ Vừa @1#r (các mặt của Thuyền Hải Tặc Cỡ Vừa đều ở mức vừa phải, sau khi đánh bại nó hãy chú ý Rương rơi ra nhé)",Đánh bại Thuyền Hải Tặc Cỡ Vừa @1
3004045,Kẻ Thù Thuyền Hải Tặc Cỡ Vừa Ⅲ,"Đánh bại Thuyền Hải Tặc Cỡ Vừa @1#r (các mặt của Thuyền Hải Tặc Cỡ Vừa đều ở mức vừa phải, sau khi đánh bại nó hãy chú ý Rương rơi ra nhé)",Đánh bại Thuyền Hải Tặc Cỡ Vừa @1
3004046,Kẻ Thù Thuyền Hải Tặc Cỡ Lớn Ⅰ,"Đánh bại Thuyền Hải Tặc Cỡ Lớn @1#r (khi Thuyền Hải Tặc Cỡ Lớn bị thương sẽ phóng ra Thuyền Bom Nhỏ, hãy cẩn thận bị bắn trúng)",Đánh bại Thuyền Hải Tặc Cỡ Lớn @1
3004047,Kẻ Thù Thuyền Hải Tặc Cỡ Lớn Ⅱ,"Đánh bại Thuyền Hải Tặc Cỡ Lớn @1#r (khi Thuyền Hải Tặc Cỡ Lớn bị thương sẽ phóng ra Thuyền Bom Nhỏ, hãy cẩn thận bị bắn trúng)",Đánh bại Thuyền Hải Tặc Cỡ Lớn @1
3004048,Kẻ Thù Thuyền Hải Tặc Cỡ Lớn Ⅲ,"Đánh bại Thuyền Hải Tặc Cỡ Lớn @1#r (khi Thuyền Hải Tặc Cỡ Lớn bị thương sẽ phóng ra Thuyền Bom Nhỏ, hãy cẩn thận bị bắn trúng)",Đánh bại Thuyền Hải Tặc Cỡ Lớn @1
3004049,Kẻ Thù Trứng Boom Ⅰ,"Đánh bại Trứng Boom @1#r (Trứng Boom thường thấy ở vùng Núi Lửa, nhưng giống như tên gọi, nó có thể nổ bất kỳ lúc nào)",Đánh bại Trứng Boom @1
3004050,Kẻ Thù Trứng Boom Ⅱ,"Đánh bại Trứng Boom @1#r (Trứng Boom thường thấy ở vùng Núi Lửa, nhưng giống như tên gọi, nó có thể nổ bất kỳ lúc nào)",Đánh bại Trứng Boom @1
3004051,Kẻ Thù Trứng Boom Ⅲ,"Đánh bại Trứng Boom @1#r (Trứng Boom thường thấy ở vùng Núi Lửa, nhưng giống như tên gọi, nó có thể nổ bất kỳ lúc nào)",Đánh bại Trứng Boom @1
3004052,Kẻ Thù Bò Cạp Đuôi Độc Ⅰ,"Đánh bại Bò Cạp Đuôi Độc @1#r (trong Sa Mạc nếu gặp phải Bò Cạp Đuôi Độc đi thành đàn thì đừng đối đầu trực tiếp, một khi không cẩn thận bị chích tê thì không phải chuyện đùa đâu)",Đánh bại Bò Cạp Đuôi Độc @1
3004053,Kẻ Thù Bò Cạp Đuôi Độc Ⅱ,"Đánh bại Bò Cạp Đuôi Độc @1#r (trong Sa Mạc nếu gặp phải Bò Cạp Đuôi Độc đi thành đàn thì đừng đối đầu trực tiếp, một khi không cẩn thận bị chích tê thì không phải chuyện đùa đâu)",Đánh bại Bò Cạp Đuôi Độc @1
3004054,Kẻ Thù Bò Cạp Đuôi Độc Ⅲ,"Đánh bại Bò Cạp Đuôi Độc @1#r (trong Sa Mạc nếu gặp phải Bò Cạp Đuôi Độc đi thành đàn thì đừng đối đầu trực tiếp, một khi không cẩn thận bị chích tê thì không phải chuyện đùa đâu)",Đánh bại Bò Cạp Đuôi Độc @1
3004055,Kẻ Thù Thủ Vệ Hồn Biển Ⅰ,Đánh bại Thủ Vệ Hồn Biển @1#r (ở gần nơi thuyền chìm dưới đáy biển thường tìm thấy nhiều nhóm Thủ Vệ Hồn Biển),Đánh bại Thủ Vệ Hồn Biển @1
3004056,Kẻ Thù Thủ Vệ Hồn Biển Ⅱ,Đánh bại Thủ Vệ Hồn Biển @1#r (ở gần nơi thuyền chìm dưới đáy biển thường tìm thấy nhiều nhóm Thủ Vệ Hồn Biển),Đánh bại Thủ Vệ Hồn Biển @1
3004057,Kẻ Thù Thủ Vệ Hồn Biển Ⅲ,Đánh bại Thủ Vệ Hồn Biển @1#r (ở gần nơi thuyền chìm dưới đáy biển thường tìm thấy nhiều nhóm Thủ Vệ Hồn Biển),Đánh bại Thủ Vệ Hồn Biển @1
3004058,Kẻ Thù Thủ Vệ Hồn Cát Ⅰ,Đánh bại Thủ Vệ Hồn Cát 卫@1#r (ở dưới đất Ốc Đảo Sa Mạc có thể tìm ra Thủ Vệ Hồn Cát),Đánh bại Thủ Vệ Hồn Cát @1
3004059,Kẻ Thù Thủ Vệ Hồn Cát Ⅱ,Đánh bại Thủ Vệ Hồn Cát 卫@1#r (ở dưới đất Ốc Đảo Sa Mạc có thể tìm ra Thủ Vệ Hồn Cát),Đánh bại Thủ Vệ Hồn Cát @1
3004060,Kẻ Thù Thủ Vệ Hồn Cát Ⅲ,Đánh bại Thủ Vệ Hồn Cát 卫@1#r (ở dưới đất Ốc Đảo Sa Mạc có thể tìm ra Thủ Vệ Hồn Cát),Đánh bại Thủ Vệ Hồn Cát @1
3004061,Kẻ Thù Tên Khổng Lồ Dung Nham Ⅰ,"Đánh bại Tên Khổng Lồ Dung Nham @1#r (thường xuất hiện ở nơi nóng bức, ví dụ: Núi Lửa, Flamas)",Đánh bại Tên Khổng Lồ Dung Nham @1
3004062,Kẻ Thù Tên Khổng Lồ Dung Nham Ⅱ,"Đánh bại Tên Khổng Lồ Dung Nham @1#r (thường xuất hiện ở nơi nóng bức, ví dụ: Núi Lửa, Flamas)",Đánh bại Tên Khổng Lồ Dung Nham @1
3004063,Kẻ Thù Tên Khổng Lồ Dung Nham Ⅲ,"Đánh bại Tên Khổng Lồ Dung Nham @1#r (thường xuất hiện ở nơi nóng bức, ví dụ: Núi Lửa, Flamas)",Đánh bại Tên Khổng Lồ Dung Nham @1
3004064,Kẻ Thù Cung Thủ Lưu Huỳnh Ⅰ,Đánh bại Cung Thủ Lưu Huỳnh @1#r (thường xuất hiện ở Flamas),Đánh bại Cung Thủ Lưu Huỳnh @1
3004065,Kẻ Thù Cung Thủ Lưu Huỳnh Ⅱ,Đánh bại Cung Thủ Lưu Huỳnh @1#r (thường xuất hiện ở Flamas),Đánh bại Cung Thủ Lưu Huỳnh @1
3004066,Kẻ Thù Cung Thủ Lưu Huỳnh Ⅲ,Đánh bại Cung Thủ Lưu Huỳnh @1#r (thường xuất hiện ở Flamas),Đánh bại Cung Thủ Lưu Huỳnh @1
3004067,Kẻ Thù Rocki Ⅰ,Đánh bại Rocki @1#r (cẩn thận bom nổ!),Đánh bại Rocki @1
3004068,Kẻ Thù Rocki Ⅱ,Đánh bại Rocki @1#r (cẩn thận bom nổ!),Đánh bại Rocki @1
3004069,Kẻ Thù Rocki Ⅲ,Đánh bại Rocki @1#r (cẩn thận bom!),Đánh bại Rocki @1
3004070,Kẻ Thù Froosti Ⅰ,Đánh bại Froosti @1#r (cẩn thận bom!),Đánh bại Froosti @1
3004071,Kẻ Thù Froosti Ⅱ,Đánh bại Froosti @1#r (cẩn thận bom!),Đánh bại Froosti @1
3004072,Kẻ Thù Froosti Ⅲ,Đánh bại Froosti @1#r (cẩn thận bom!),Đánh bại Froosti @1
3004073,Kẻ Thù Buulli Ⅰ,Đánh bại Buulli @1#r (cẩn thận va chạm!),Đánh bại Buulli @1
3004074,Kẻ Thù Buulli Ⅱ,Đánh bại Buulli @1#r (cẩn thận va chạm!),Đánh bại Buulli @1
3004075,Kẻ Thù Buulli Ⅲ,Đánh bại Buulli @1#r (cẩn thận va chạm!),Đánh bại Buulli @1
3004076,Kẻ Thù Graviti Ⅰ,Đánh bại Graviti @1#r (nếu có thể tránh gây hấn với Graviti thì nên tránh nhé),Đánh bại Graviti @1
3004077,Kẻ Thù Graviti Ⅱ,Đánh bại Graviti @1#r (nếu có thể tránh gây hấn với Graviti thì nên tránh nhé),Đánh bại Graviti @1
3004078,Kẻ Thù Graviti Ⅲ,Đánh bại Graviti @1#r (nếu có thể tránh gây hấn với Graviti thì nên tránh nhé),Đánh bại Graviti @1
3004079,Kẻ Thù Băng Linh Thủ Vệ I,"Đánh bại Băng Linh Thủ Vệ @1#r(Hãy chú ý, một số Băng Linh Thủ Vệ có thể ngưng tụ ra một cây gậy đóng băng trên tay, tránh xa chúng ra)",Đánh bại Băng Linh Thủ Vệ @1
3004080,Kẻ Thù Băng Linh Thủ Vệ II,"Đánh bại Băng Linh Thủ Vệ @1#r(Hãy chú ý, một số Băng Linh Thủ Vệ có thể ngưng tụ ra một cây gậy đóng băng trên tay, tránh xa chúng ra)",Đánh bại Băng Linh Thủ Vệ @1
3004081,Kẻ Thù Băng Linh Thủ Vệ III,"Đánh bại Băng Linh Thủ Vệ @1#r(Hãy chú ý, một số Băng Linh Thủ Vệ có thể ngưng tụ ra một cây gậy đóng băng trên tay, tránh xa chúng ra)",Đánh bại Băng Linh Thủ Vệ @1
3004082,Kẻ Thù Thầy Cúng Dã Nhân Băng Sương I,"Đánh bại Thầy Cúng Dã Nhân Băng Sương @1#r(Thầy Cúng Dã Nhân Băng Sương tương đối lầm lì, thích các hang động ở vùng cực lạnh hơn những nơi nóng ẩm như rừng nhiệt đới)",Đánh bại Thầy Cúng Dã Nhân Băng Sương @1
3004083,Kẻ Thù Thầy Cúng Dã Nhân Băng Sương II,"Đánh bại Thầy Cúng Dã Nhân Băng Sương @1#r(Thầy Cúng Dã Nhân Băng Sương tương đối lầm lì, thích các hang động ở vùng cực lạnh hơn những nơi nóng ẩm như rừng nhiệt đới)",Đánh bại Thầy Cúng Dã Nhân Băng Sương @1
3004084,Kẻ Thù Thầy Cúng Dã Nhân Băng Sương III,"Đánh bại Thầy Cúng Dã Nhân Băng Sương @1#r(Thầy Cúng Dã Nhân Băng Sương tương đối lầm lì, thích các hang động ở vùng cực lạnh hơn những nơi nóng ẩm như rừng nhiệt đới)",Đánh bại Thầy Cúng Dã Nhân Băng Sương @1
3005001,Thợ Săn Gà Ⅰ,Đánh bại Gà @1#r (Gà là một trong những nguồn nguyên liệu thức ăn và Lông Vũ chủ yếu),Đánh bại Gà @1
3005002,Thợ Săn Gà Ⅱ,Đánh bại Gà @1#r (Gà là một trong những nguồn nguyên liệu thức ăn và Lông Vũ chủ yếu),Đánh bại Gà @1
3005003,Thợ Săn Gà Ⅲ,Đánh bại Gà @1#r (Gà là một trong những nguồn nguyên liệu thức ăn và Lông Vũ chủ yếu),Đánh bại Gà @1
3005004,Thợ Săn Bò (1),"Đánh bại Bò@1#r (Bò là một trong những nguồn chủ yếu để nhận thức ăn và Da, hãy cẩn thận bị nó tấn công)",Đánh bại Bò@1
3005005,Thợ Săn Bò (2),"Đánh bại Bò@1#r (Bò là một trong những nguồn chủ yếu để nhận thức ăn và Da, hãy cẩn thận bị nó tấn công)",Đánh bại Bò@1
3005006,Thợ Săn Bò (3),"Đánh bại Bò@1#r (Bò là một trong những nguồn chủ yếu để nhận thức ăn và Da, hãy cẩn thận bị nó tấn công)",Đánh bại Bò@1
3005007,Thợ Săn Heo Con I,"Đánh bại Heo Con @1#r(Heo Con là một trong những nguồn chủ yếu để nhận thức ăn, thỉnh thoảng sẽ cho ra Phân)",Đánh bại Heo Con @1
3005008,Thợ Săn Heo Con II,"Đánh bại Heo Con @1#r(Heo Con là một trong những nguồn chủ yếu để nhận thức ăn, thỉnh thoảng sẽ cho ra Phân)",Đánh bại Heo Con @1
3005009,Thợ Săn Heo Con III,"Đánh bại Heo Con @1#r(DonDon là một trong những nguồn chủ yếu để nhận thức ăn, thỉnh thoảng sẽ cho ra Phân)",Đánh bại Heo Con @1
3005010,Thợ Săn Cừu (1),Đánh bại Cừu@1#r (Cừu là một trong những nguồn chủ yếu để nhận thức ăn),Đánh bại Cừu@1
3005011,Thợ Săn Cừu (2),Đánh bại Cừu@1#r (Cừu là một trong những nguồn chủ yếu để nhận thức ăn),Đánh bại Cừu@1
3005012,Thợ Săn Cừu (3),Đánh bại Cừu@1#r (Cừu là một trong những nguồn chủ yếu để nhận thức ăn),Đánh bại Cừu@1
3005013,Thợ Săn Sói Ⅰ,"Đánh bại Sói @1#r (Sói là một trong những nguồn chủ yếu để nhận Da, hãy cẩn thận bị nó tấn công)",Đánh bại Sói@1
3005014,Thợ Săn Sói Ⅱ,"Đánh bại Sói @1#r (Sói là một trong những nguồn chủ yếu để nhận Da, hãy cẩn thận bị nó tấn công)",Đánh bại Sói @1
3005015,Thợ Săn Sói Ⅲ,"Đánh bại Sói @1#r (Sói là một trong những nguồn chủ yếu để nhận Da, hãy cẩn thận bị nó tấn công)",Đánh bại Sói @1
3005016,Thợ Săn Sói Sa Mạc Ⅰ,"Đánh bại Sói Sa Mạc @1#r (Sói Sa Mạc là một trong những nguồn chủ yếu để nhận Da, hãy cẩn thận bị nó tấn công)",Đánh bại Sói Sa Mạc @1
3005017,Thợ Săn Sói Sa Mạc Ⅱ,"Đánh bại Sói Sa Mạc @1#r (Sói Sa Mạc là một trong những nguồn chủ yếu để nhận Da, hãy cẩn thận bị nó tấn công)",Đánh bại Sói Sa Mạc @1
3005018,Thợ Săn Sói Sa Mạc Ⅲ,"Đánh bại Sói Sa Mạc @1#r (Sói Sa Mạc là một trong những nguồn chủ yếu để nhận Da, hãy cẩn thận bị nó tấn công)",Đánh bại Sói Sa Mạc @1
3005019,Thợ Săn Đà Điểu Rừng Ⅰ,Đánh bại Đà Điểu Rừng @1#r (@item_12607# là nguồn thức ăn có lượng ít trong Sa Mạc),Đánh bại Đà Điểu Rừng @1
3005020,Thợ Săn Đà Điểu Rừng Ⅱ,Đánh bại Đà Điểu Rừng @1#r (@item_12607# là nguồn thức ăn có lượng ít trong Sa Mạc),Đánh bại Đà Điểu Rừng @1
3005021,Thợ Săn Đà Điểu Rừng Ⅲ,Đánh bại Đà Điểu Rừng @1#r (@item_12607# là nguồn thức ăn có lượng ít trong Sa Mạc),Đánh bại Đà Điểu Rừng @1
3005022,Thợ Săn Báo Ⅰ,Đánh bại Báo @1#r (trong Rừng Mưa hãy cẩn thận kẻo bị Báo mai phục và tấn công),Đánh bại Báo @1
3005023,Thợ Săn Báo Ⅱ,Đánh bại Báo @1#r (trong Rừng Mưa hãy cẩn thận kẻo bị Báo mai phục và tấn công),Đánh bại Báo @1
3005024,Thợ Săn Báo Ⅲ,Đánh bại Báo @1#r (trong Rừng Mưa hãy cẩn thận kẻo bị Báo mai phục và tấn công),Đánh bại Báo @1
3005025,Thợ Săn Gà Bay Ⅰ,"Đánh bại Gà Bay @1#r (trên Đảo Hoang vùng Đồng Bằng sẽ gặp phải nó, Gà Bay là một trong những nguồn chủ yếu để lấy Lông Vũ)",Đánh bại Gà Bay @1
3005026,Thợ Săn Gà Bay Ⅱ,"Đánh bại Gà Bay @1#r (trên Đảo Hoang vùng Đồng Bằng sẽ gặp phải nó, Gà Bay là một trong những nguồn chủ yếu để lấy Lông Vũ)",Đánh bại Gà Bay @1
3005027,Thợ Săn Gà Bay Ⅲ,Đánh bại Gà Bay @1#r(Gà Bay là một trong những nguồn chủ yếu để nhận Lông Vũ),Đánh bại Gà Bay @1
3005028,Thợ Săn Gà Chọi Ⅰ,"Đánh bại Gà Chọi 鸡@1#r (Gà Chọi khá hung dữ đấy, hãy cẩn thận khi ở trên Đảo Đất Đỏ)",Đánh bại Gà Chọi @1
3005029,Thợ Săn Gà Chọi Ⅱ,"Đánh bại Gà Chọi 鸡@1#r (Gà Chọi khá hung dữ đấy, hãy cẩn thận khi ở trên Đảo Đất Đỏ)",Đánh bại Gà Chọi @1
3005030,Thợ Săn Gà Chọi Ⅲ,"Đánh bại Gà Chọi 鸡@1#r (Gà Chọi khá hung dữ đấy, hãy cẩn thận khi ở trên Đảo Đất Đỏ)",Đánh bại Gà Chọi @1
3005031,Thợ Săn Gà Náo Nhiệt Ⅰ,"Đánh bại Gà Náo Nhiệt @1#r (là sinh vật rất đặc biệt ở Horas, @item_11069# mà nó rơi ra có thể dùng làm nguyên liệu cho một vài đạo cụ)",Đánh bại Gà Náo Nhiệt @1
3005032,Thợ Săn Gà Náo Nhiệt Ⅱ,"Đánh bại Gà Náo Nhiệt @1#r (là sinh vật rất đặc biệt ở Horas, @item_11069# mà nó rơi ra có thể dùng làm nguyên liệu cho một vài đạo cụ)",Đánh bại Gà Náo Nhiệt @1
3005033,Thợ Săn Gà Náo Nhiệt Ⅲ,"Đánh bại Gà Náo Nhiệt @1#r (là sinh vật rất đặc biệt ở Horas, @item_11069# mà nó rơi ra có thể dùng làm nguyên liệu cho một vài đạo cụ)",Đánh bại Gà Náo Nhiệt @1
3005034,Thợ Săn Hải Âu Ⅰ,Đánh bại Hải Âu @1#r (Lông Vũ của Hải Âu có thể dùng để làm Cung Tiễn bay được như thường ở dưới nước),Đánh bại Hải Âu @1
3005035,Thợ Săn Hải Âu Ⅱ,Đánh bại Hải Âu @1#r (Lông Vũ của Hải Âu có thể dùng để làm Cung Tiễn bay được như thường ở dưới nước),Đánh bại Hải Âu @1
3005036,Thợ Săn Hải Âu Ⅲ,Đánh bại Hải Âu @1#r (Lông Vũ của Hải Âu có thể dùng để làm Cung Tiễn bay được như thường ở dưới nước),Đánh bại Hải Âu @1
3005037,Thợ Săn Cua Ⅰ,"Đánh bại Cua @1#r (cẩn thận kẻo bị Cua kẹp tay, nếu không may bị kẹp phải thì đánh thêm vài lần để giũ nó ra)",Đánh bại Cua @1
3005038,Thợ Săn Cua Ⅱ,"Đánh bại Cua @1#r (cẩn thận kẻo bị Cua kẹp tay, nếu không may bị kẹp phải thì đánh thêm vài lần để giũ nó ra)",Đánh bại Cua @1
3005039,Thợ Săn Cua Ⅲ,"Đánh bại Cua @1#r (cẩn thận kẻo bị Cua kẹp tay, nếu không may bị kẹp phải thì đánh thêm vài lần để giũ nó ra)",Đánh bại Cua @1
3005040,Thợ Săn Cua Lửa Ⅰ,"Đánh bại Cua Lửa @1#r (hãy đợi Cua Lửa lên bờ rồi ra tay, ai cũng không muốn thấy nó ngâm trong Dung Nham)",Đánh bại Cua Lửa @1
3005041,Thợ Săn Cua Lửa Ⅱ,"Đánh bại Cua Lửa @1#r (hãy đợi Cua Lửa lên bờ rồi ra tay, ai cũng không muốn thấy nó ngâm trong Dung Nham)",Đánh bại Cua Lửa @1
3005042,Thợ Săn Cua Lửa Ⅲ,"Đánh bại Cua Lửa @1#r (hãy đợi Cua Lửa lên bờ rồi ra tay, ai cũng không muốn ngâm mình trong Dung Nham)",Đánh bại Cua Lửa @1
3005043,Tay Bắt Đom Đóm Ⅰ,Dùng @item_11320# để bắt Đom Đóm @1#r (nó thường xuất hiện ở môi trường sinh thái Thung Lũng Rừng Hoa Đào),Bắt Đom Đóm @1
3005044,Tay Bắt Đom Đóm Ⅱ,Dùng @item_11320# để bắt Đom Đóm @1#r (nó thường xuất hiện ở môi trường sinh thái Thung Lũng Rừng Hoa Đào),Bắt Đom Đóm @1
3005045,Tay Bắt Đom Đóm Ⅲ,Dùng @item_11320# để bắt Đom Đóm @1#r (nó thường xuất hiện ở môi trường sinh thái Thung Lũng Rừng Hoa Đào),Bắt Đom Đóm @1
3005046,Tay Bắt Bướm Đỏ Thẫm Ⅰ,Dùng @item_11320# để bắt Bướm Đỏ Thẫm @1#r (thường xuất hiện ở môi trường sinh thái Thung Lũng Rừng Hoa Đào),Bắt Bướm Đỏ Thẫm @1
3005047,Tay Bắt Bướm Đỏ Thẫm Ⅱ,Dùng @item_11320# để bắt Bướm Đỏ Thẫm @1#r (thường xuất hiện ở gần Đảo Hoang trên Thảo Nguyên),Bắt Bướm Đỏ Thẫm @1
3005048,Tay Bắt Bướm Đỏ Thẫm Ⅲ,Dùng @item_11320# để bắt Bướm Đỏ Thẫm @1#r (thường xuất hiện ở gần Đảo Hoang trên Thảo Nguyên),Bắt Bướm Đỏ Thẫm @1
3005049,Tay Bắt Bướm Xanh Lan Ⅰ,Dùng @item_11320# để bắt Bướm Xanh Lan @1#r (thường xuất hiện ở gần Đảo Hoang trên Thảo Nguyên),Bắt Bướm Xanh Lan @1
3005050,Tay Bắt Bướm Xanh Lan Ⅱ,Dùng @item_11320# để bắt Bướm Xanh Lan @1#r (thường xuất hiện ở gần Đảo Hoang trên Thảo Nguyên),Bắt Bướm Xanh Lan @1
3005051,Tay Bắt Bướm Xanh Lan Ⅲ,Dùng @item_11320# để bắt Bướm Xanh Lan @1#r (thường xuất hiện ở gần Đảo Hoang trên Thảo Nguyên),Bắt Bướm Xanh Lan @1
3005052,Tay Bắt Bướm Phấn Thơm Ⅰ,Dùng @item_11320# để bắt Bướm Phấn Thơm @1#r (thường xuất hiện ở gần Đảo Hoang trên Thảo Nguyên),Bắt Bướm Phấn Thơm @1
3005053,Tay Bắt Bướm Phấn Thơm Ⅱ,Dùng @item_11320# để bắt Bướm Phấn Thơm @1#r (thường xuất hiện ở gần Đảo Hoang trên Thảo Nguyên),Bắt Bướm Phấn Thơm @1
3005054,Tay Bắt Bướm Phấn Thơm Ⅲ,Dùng @item_11320# để bắt Bướm Phấn Thơm @1#r (thường xuất hiện ở gần Đảo Hoang trên Thảo Nguyên),Bắt Bướm Phấn Thơm @1
3005055,Tay Bắt Bướm Hương Trắng Ⅰ,Dùng @item_11320# để bắt Bướm Hương Trắng @1#r (thường xuất hiện ở gần Đảo Hoang trên Thảo Nguyên),Bắt Bướm Hương Trắng @1
3005056,Tay Bắt Bướm Hương Trắng Ⅱ,Dùng @item_11320# để bắt Bướm Hương Trắng @1#r (thường xuất hiện ở gần Đảo Hoang trên Thảo Nguyên),Bắt Bướm Hương Trắng @1
3005057,Tay Bắt Bướm Hương Trắng Ⅲ,Dùng @item_11320# để bắt Bướm Hương Trắng @1#r (thường xuất hiện ở gần Đảo Hoang trên Thảo Nguyên),Bắt Bướm Hương Trắng @1
3005058,Tay Bắt Bướm Lời Rồng Ⅰ,Dùng @item_11320# để bắt Bướm Lời Rồng @1#r (thường xuất hiện ở gần Đảo Hoang trên Thảo Nguyên),Bắt Bướm Lời Rồng @1
3005059,Tay Bắt Bướm Lời Rồng Ⅱ,Dùng @item_11320# để bắt Bướm Lời Rồng @1#r (thường xuất hiện ở gần Đảo Hoang trên Thảo Nguyên),Bắt Bướm Lời Rồng @1
3005060,Tay Bắt Bướm Lời Rồng Ⅲ,Dùng @item_11320# để bắt Bướm Lời Rồng @1#r (thường xuất hiện ở gần Đảo Hoang trên Thảo Nguyên),Bắt Bướm Lời Rồng @1
3005061,Tay Bắt Bướm Lưỡi Chuông Ⅰ,Dùng @item_11320# để bắt Bướm Lưỡi Chuông @1#r (thường xuất hiện ở gần Đảo Hoang trên Thảo Nguyên),Bắt Bướm Lưỡi Chuông @1
3005062,Tay Bắt Bướm Lưỡi Chuông Ⅱ,Dùng @item_11320# để bắt Bướm Lưỡi Chuông @1#r (thường xuất hiện ở gần Đảo Hoang trên Thảo Nguyên),Bắt Bướm Lưỡi Chuông @1
3005063,Tay Bắt Bướm Lưỡi Chuông Ⅲ,Dùng @item_11320# để bắt Bướm Lưỡi Chuông @1#r (thường xuất hiện ở gần Đảo Hoang trên Thảo Nguyên),Bắt Bướm Lưỡi Chuông @1
3005064,Thợ Săn Thỏ Tuyết I,"Đánh bại Thỏ Tuyết @1#r(Thỏ Tuyết là sinh vật phổ biến nhất ở Cánh Đồng Băng, là nguồn cung cấp tài nguyên sinh tồn quan trọng ở đây)",Đánh bại Thỏ Tuyết @1
3005065,Thợ Săn Thỏ Tuyết II,"Đánh bại Thỏ Tuyết @1#r(Thỏ Tuyết là sinh vật phổ biến nhất ở Cánh Đồng Băng, là nguồn cung cấp tài nguyên sinh tồn quan trọng ở đây)",Đánh bại Thỏ Tuyết @1
3005066,Thợ Săn Thỏ Tuyết III,"Đánh bại Thỏ Tuyết @1#r(Thỏ Tuyết là sinh vật phổ biến nhất ở Cánh Đồng Băng, là nguồn cung cấp tài nguyên sinh tồn quan trọng ở đây)",Đánh bại Thỏ Tuyết @1
4001001,Ánh Sáng Đẹp Mắt,"Dưới biển, đánh bại Cá Đèn Lồng, Cá Tảo Gậy Huỳnh Quang sẽ nhận được @item_11318#@1#r (thông thường, Cá Đèn Lồng, Cá Tảo Gậy Huỳnh Quang sẽ xuất hiện ở vùng biển sâu)",Nhận được @item_11318#@1
4001002,Xua đuổi Vật Đen Tối,Gia công nhận được @item_12599#@1#r (cần dùng @item_797# để gia công),Gia công nhận được @item_12599#@1
4001003,Xua Đuổi Lời Nguyền - Dã Nhân,"Dùng @item_12599# gõ Đấu Sĩ Dã Nhân đang ngủ để hóa giải lời nguyền, sau đó mời nó ăn @item_12502#.#r(Buổi tối dùng @item_1200# nướng thịt có thể thu hút Đấu Sĩ Dã Nhân, sau khi Đấu Sĩ Dã Nhân ăn no sẽ ngủ bên đống lửa trại...)",Giải cứu Đấu Sĩ Dã Nhân @1
4001004,Chuyển Nghề Tiều Phu,Giao @item_11003#@1 cho Bé Dã Nhân #r (tay cầm @item_11003# nhấp Bé Dã Nhân là có thể giao cho nó),Giao @item_11003#@1 cho Đồng Hành Dã Nhân
4001005,Chuyển Nghề Hộ Vệ,Giao @item_12003#@1 cho Bé Dã Nhân #r (tay cầm @item_11003# nhấp Bé Dã Nhân là có thể giao cho nó),Giao @item_12003#@1 cho Đồng Hành Dã Nhân
4001006,Giúp đỡ trồng cây,Giao @item_11023#@1 cho Bé Dã Nhân @1#r (tay cầm @item_11003# nhấp Bé Dã Nhân là có thể giao cho nó),Giao @item_11023#@1 cho Đồng Hành Dã Nhân
4001007,Khu Làm Việc Tiều Phu,"Đặt @item_1204#@1#r (sau đó, Tiều Phu sẽ làm việc ở xung quanh @item_1204# )",Đặt @item_1204#@1
4001008,Xua Đuổi Lời Nguyền - Thợ Săn,"Dùng @item_12599# gõ Giáo Binh Dã Nhân đang ngủ để hóa giải lời nguyền, sau đó mời nó ăn @item_12502#.#r(Buổi tối dùng @item_1200# nướng thịt có thể thu hút Giáo Binh Dã Nhân, sau khi Giáo Binh Dã Nhân ăn no sẽ ngủ bên đống lửa trại...)",Giải cứu Giáo Binh Dã Nhân @1
4001009,Chuyển Nghề Cung Thủ,Giao @item_12050#@1 cho Đồng Hành Thợ Săn#r(Tay cầm @item_12050# nhấp vào Đồng Hành Thợ Săn là có thể giao cho nó),Giao @item_12050#@1 cho Đồng Hành Thợ Săn
4001010,Khu Làm Việc Hộ Vệ,"Đặt @item_1205#@1#r (sau đó, Hộ Vệ sẽ làm việc ở xung quanh @item_1205# )",Đặt @item_1205#@1
4001011,Chuyển Nghề Nông Dân,Giao @item_11033#@1 cho Đồng Hành Thợ Săn # (tay cầm @item_11033# nhấp Đồng Hành Thợ Săn là có thể giao cho nó),Giao @item_11033#@1 cho Đồng Hành Thợ Săn
4001012,Khu Làm Việc Nông Dân,"Đặt @item_1203#@1#r (sau đó, Nông Dân sẽ làm việc ở xung quanh @item_1203# )",Đặt @item_1203#@1
4001013,Xua Đuổi Lời Nguyền — Bé Jockey,"Dùng @item_12599# gõ vào Nhóc Jockey đang say ngủ để xua đuổi Lời Nguyền, rồi nó sẽ mời ăn @item_12502# .# r (Trong màn đêm, dùng @item_1200# để nướng thịt sẽ thu hút Nhóc Jockey, sau khi ăn no, Nhóc Jockey sẽ ngủ bên cạnh Lửa Trại ......)",Giải cứu Nhóc Jockey @1
4001014,Chuyển Nghề Trợ Thủ,Giao @item_800#@1 cho Bé Jockey #r (tay cầm @item_800# nhấp Bé Jockey là có thể giao cho nó),Giao @item_800#@1 cho Đồng Hành Nhóc Jockey
4001015,Xây dựng Bộ Lạc,"Đặt @item_1202#@1#r (vùng này sẽ trở thành nơi tập trung của các Đồng Hành, Đồng Hành sẽ lưu trữ vật tư vào những chiếc Rương ở xung quanh @item_1202# )",Đặt @item_1202#@1
4002001,Ko Ngừng Cố Gắng I,"Càng Bại Càng Hăng @1#r (xin đừng nản lòng, tiếp tục cố gắng)",Càng Bại Càng Hăng @1
4002002,Ko Ngừng Cố Gắng II,"Càng Bại Càng Hăng @1#r (xin đừng nản lòng, tiếp tục cố gắng)",Càng Bại Càng Hăng @1
4002003,Ko Ngừng Cố Gắng III,"Càng Bại Càng Hăng @1#r (xin đừng nản lòng, tiếp tục cố gắng)",Càng Bại Càng Hăng @1
4002004,Khu Oxy Ⅰ,"Dùng @item_11075# để kích hoạt @item_1042#@1#r (sau khi kích hoạt sẽ tạo ra một Khu Oxy, trong Khu Oxy sẽ không sợ thiếu Oxy nữa)",Kích hoạt @item_1042#@1
4002005,Khu Oxy Ⅱ,"Dùng @item_11075# để kích hoạt @item_1042#@1#r (sau khi kích hoạt sẽ tạo ra một Khu Oxy, trong Khu Oxy sẽ không sợ thiếu Oxy nữa)",Kích hoạt @item_1042#@1
4002006,Khu Oxy Ⅲ,"Dùng @item_11075# để kích hoạt @item_1042#@1#r (sau khi kích hoạt sẽ tạo ra một Khu Oxy, trong Khu Oxy sẽ không sợ thiếu Oxy nữa)",Kích hoạt @item_1042#@1
4002007,Điểm Đánh Dấu Ⅰ,Dùng @item_11076# để thắp sáng @item_1042#@1#r (sau khi thắp sáng có thể đánh dấu trên bản đồ),Thắp sáng @item_1042#@1
4002008,Điểm Đánh Dấu Ⅱ,Dùng @item_11076# để thắp sáng @item_1042#@1#r (sau khi thắp sáng có thể đánh dấu trên bản đồ),Thắp sáng @item_1042#@1
4002009,Điểm Đánh Dấu Ⅲ,Dùng @item_11076# để thắp sáng @item_1042#@1#r (sau khi thắp sáng có thể đánh dấu trên bản đồ),Thắp sáng @item_1042#@1
4002010,Sinh Tồn Trên Miras Ⅰ,Sinh tồn trên Miras @1 ngày,Sinh tồn trên Miras @1 ngày
4002011,Sinh Tồn Trên Miras II,Sinh tồn trên Miras @1 ngày,Sinh tồn trên Miras @1 ngày
4002012,Sinh Tồn Trên Miras III,Sinh tồn trên Miras @1 ngày,Sinh tồn trên Miras @1 ngày
4002013,Sinh Tồn Trên Flamas Ⅰ,Sinh tồn trên Flamas @1 Ngày,Sinh tồn trên Flamas @1 Ngày
4002014,Sinh Tồn Trên Flamas II,Sinh tồn trên Flamas @1 Ngày,Sinh tồn trên Flamas @1 Ngày
4002015,Sinh Tồn Trên Flamas III,Sinh tồn trên Flamas @1 Ngày,Sinh tồn trên Flamas @1 Ngày
4002016,Sinh Tồn Trên Horas I,Sinh tồn trên Horas @1 ngày,Sinh tồn trên Horas @1 ngày
4002017,Sinh Tồn Trên Horas II,Sinh tồn trên Horas @1 ngày,Sinh tồn trên Horas @1 ngày
4002018,Sinh Tồn Trên Horas III,Sinh tồn trên Horas @1 ngày,Sinh tồn trên Horas @1 ngày
4003001,Mạo Hiểm Sa Mạc!,Bước vào môi trường Sa Mạc trên Miras,Tìm ra Sa Mạc trên Miras
4003002,Phát hiện ra Ốc Đảo!,"Trong Sa Mạc trên Miras, tìm ra và vào môi trường sinh thái Ốc Đảo",Tìm ra Ốc Đảo trên Sa Mạc
4003003,Con Đường Thương Mại — Sa Mạc Ⅰ,"Giao dịch với Thương Gia Thân Thiện ở Nơi Đóng Quân Ốc Đảo @1#r(Thương Gia ở đây có bán một thứ gọi là @item_11637# , nghe đồn rằng là đạo cụ quan trọng để vào được Di Tích Sa Mạc)",Giao dịch với Thương Gia Thân Thiện ở Nơi Đóng Quân Ốc Đảo @1
4003004,Con Đường Thương Mại — Sa Mạc Ⅱ,Giao dịch với Thương Gia Xảo Quyệt ở Nơi Đóng Quân Ốc Đảo @1#r (giá cả cũng giống như ông chủ vậy đó!),Giao dịch với Thương Gia Xảo Quyệt ở Nơi Đóng Quân Ốc Đảo @1
4003005,Con Đường Thương Mại — Sa Mạc Ⅲ,"Giao dịch với Thương Gia Bí Ẩn ở Nơi Đóng Quân Ốc Đảo @1#r(Trong đội ngũ thương gia có một người ăn mặc rất khác người, cách thức giao dịch cũng khác người, thích sao làm vậy, không thích lắm lời với người khác)",Giao dịch với Thương Gia Bí Ẩn ở Nơi Đóng Quân Ốc Đảo @1
4003006,Lớn thế này à!,"Đánh bại @item_13829#@1#r (trong Sa Mạc ẩn chứa rất nhiều Bò Cạp Đuôi Độc, sau khi đánh bại được số lượng nhất định, chúng sẽ kêu “đại ca” ra giúp)",Đánh bại @item_13829#@1
4003007,Cát Vàng Chảy,"Theo hướng @item_29# , ném @item_11637#@1#r (@item_11637# có thể khiến vài Khối từ thể rắn biến thành thể lỏng, chỉ cần Tụ lực rồi ném trúng Khối là xong)",Ném @item_11637#@1
4003008,À há! Là của tôi rồi!,"Trong Di Tích Sa Mạc, nhận được @item_11575#@1#r (trong trung tâm di tích ở phía dưới Ốc Đảo Sa Mạc, có cất giấu một Công Nghệ Sinh Mệnh của Thời Xưa ......)","Trong Di Tích Sa Mạc, tìm ra @item_11575"
4003009,Quyết Chiến Chúa Tể Sa Mạc,"Đánh bại Lãnh Chúa Vùng Cát, nhận được @item_12311# #r (thường xuất hiện cùng Bão Cát)","Đánh bại Lãnh Chúa Vùng Cát, nhận được @item_12311#"
4003010,Chinh Phục Sa Mạc!,Hoàn thành tất cả nhiệm vụ trong mục tiêu “Người Du Hành Vùng Hoang”,Hoàn thành tất cả nhiệm vụ trong mục tiêu “Người Du Hành Vùng Hoang”
4004001,Thám Hiểm Biển Cạn!,"Bước vào Biển Cạn trên Miras #r(động thực vật ở vùng Biển Cạn dồi dào, áp lực nước tương đối thấp, tương đối an toàn)",Tìm ra Biển Cạn trên Miras
4004002,Máy Tinh Luyện Oxy,Gia công @item_1045#@1#r (đổ Vật Liệu Tạo Khí vào thiết bị để tinh luyện ra Oxy),Gia công @item_1045#@1
4004003,Thu thập Oxy,Nhận được @item_1048#@1#r (đặt @item_1047# lên @item_1045# để thu thập Oxy),Nhận được @item_1048#@1
4004004,Túi Oxy,"Gia công và mặc @item_12275#@1#r (hãy chuẩn bị nhiều Hũ @item_1048# trước rồi hãy lặn, như thế sẽ an toàn hơn)",Gia công và mặc @item_12275#@1
4004005,Trang Bị Lặn I,Gia công và mặc @item_11642#@1#r (@item_11642# dùng để chiếu sáng dưới nước),Gia công và mặc @item_11642#@1
4004006,Trang Bị Lặn II,Gia công và mặc @item_11643#@1#r (@item_11643# dùng để ứng phó với áp lực dưới nước),Gia công và mặc @item_11643#@1
4004007,Trang Bị Lặn III,Gia công và mặc @item_11644#@1#r (@item_11644# dùng để tăng tốc độ di chuyển dưới nước),Gia công và mặc @item_11644#@1
4004008,Tay Câu Cá Truyền Kỳ,"Giao dịch với Tay Câu Cá Truyền Kỳ ở Làng Chài Ven Biển #r (ở Làng Chài có một nhân vật đặc biệt đầu đội Vương Miện, anh ta dựa vào kỹ năng câu cá điêu luyện của mình, một mình gánh vác nhiệm vụ cung ứng lương thực cho cả làng)","Ở ven biển, giao dịch với Tay Câu Cá Truyền Kỳ"
4004009,Tượng Thần Biển,"Ở Làng Chài Ven Biển, dùng @item_11655# để tu sửa @item_1193#@1#r (Tượng Thần đều ở trong Tháp Đèn, hãy đến Làng Chài đi dạo thử xem, sau khi tu sửa rồi nhấp vào Tượng Thần sẽ có điều tốt đẹp xảy ra)","Ở Làng Chài Ven Biển, tu sửa @item_1193#@1"
4004010,Thám Hiểm Biển Sâu!,"Bước vào Biển Sâu trên Miras #r(ở vùng Biển Sâu khắp nơi đều có nguy hiểm, càng đi sâu áp lực nước càng mạnh, nếu không mặc đồ lặn thì người thường khó mà sống sót)",Tìm ra Biển Sâu trên Miras
4004011,Đến Đảo Hoang,"Bước vào Đảo Hoang trên Miras #r(bọn Hải Tặc rất thích đóng trại ở Đảo Hoang, thỉnh thoảng sẽ phát hiện báo cáo tài chính mà Hải Tặc để lại)",Tìm ra Đảo Hoang trên Miras
4004012,Thương Gia Hải Tặc,"Giao dịch với Thương Gia Hải Tặc #r(Thương Gia Hải Tặc thường hay mềm nắm rắn buông, hắn chỉ giao dịch với những ai có thực lực mạnh hơn mình, để giao dịch với hắn thì trước tiên hãy mặc trang bị mạnh nhất vào đã)",Giao dịch cùng Thương Gia Hải Tặc
4004013,Đến Đảo Đất Đỏ,"Bước vào Đảo Đất Đỏ trên Miras #r(trong Đất Đỏ chứa một loại vật chất thần kỳ, những động thực vật thường không thể sinh tồn ở môi trường này, nhưng những sinh vật sống sót đều có những thay đổi diệu kỳ)",Tìm ra Đảo Đất Đỏ trên Miras
4004014,Dứa Bỉ Ngạn,"Dùng @item_1187#@1#r (thực vật đặc biệt trên Đảo Đất Đỏ, đừng ăn vào bụng nhé. Một khi hít phải Bụi mà nó phun ra sẽ Đột Phát Bệnh Hiểm Nghèo, rối loạn tinh thần)",Dùng @item_1187#@1
4004015,Đến Đảo San Hô,"Bước vào Đảo San Hô trên Miras #r(Cát Đỏ đầy rẫy ở Đảo San Hô có thể duy trì hoạt tính cho San Hô, khiến San Hô vẫn có thể sống khi rời khỏi nước. Trên vài Đảo San Hô sẽ tìm thấy một Nhà Thiết Kế Đồ Gia Dụng)",Tìm thấy Đảo San Hô trên Miras
4004016,Thương Gia Hải Đảo,Giao dịch với Thương Gia Hải Đảo #r (Đồ Gia Dụng mà cô ấy thiết kế luôn có những nét mới lạ),Giao dịch với Thương Gia Hải Đảo
4004017,Chinh Phục Hòn Đảo!,"Tìm ra tất cả các loại Đảo #r(vào Đảo Hoang, Đảo San Hô, Đảo Đất Đỏ)",Tìm ra tất cả các loại Đảo
4004018,Lõi Chớp Nhoáng,Nhận được @item_11648#@1#r (hãy vào trong Thuyền Chìm ở đáy biển sâu để tìm thử xem),Nhận được @item_11648#@1
4004019,Sức Mạnh Chớp Nhoáng!,"Khi khảm Bùa cho vũ khí bất kỳ sẽ nhận được Dòng Chữ “Roi Chớp Nhoáng” #r (khi khảm Bùa, cho vào thêm vật liệu phụ @item_11648# sẽ có tỉ lệ nhận được Dòng Chữ “Roi Chớp Nhoáng”)",Khảm Bùa nhận được Dòng Chữ “Roi Chớp Nhoáng:
4004020,Trái Tim Thủ Vệ,Đánh bại Thủ Vệ Hồn Biển nhận được @item_11640#@1#r (đánh nhau với Thủ Vệ Hồn Biển trong Biển Sâu phải cực kỳ cẩn thận),Nhận được @item_11640#@1
4004021,Biến thân Hồn Biển,Dùng @item_11641# để biến thân #r (Đổ Sức Mạnh Bùa lên toàn thân),Dùng @item_11641# để biến thân
4004022,Chinh Phục Đại Dương!,Hoàn thành tất cả nhiệm vụ trong mục tiêu “Ba Vạn Dặm Dưới Đáy Biển”,Hoàn thành tất cả nhiệm vụ trong mục tiêu “Ba Vạn Dặm Dưới Đáy Biển”
4005001,Đến Cánh Đồng Băng,"Bước vào môi trường Cánh Đồng Băng trên Miras#r(Khu vực Cánh Đồng Băng quanh năm phủ tuyết, nguồn tài nguyên động thực vật trên bề mặt khan hiếm nhưng vẫn có những người mạnh mẽ sinh sống ở đây...)",Tìm ra Cánh Đồng Băng trên Miras
4005002,Bộ Chống Rét,"Gia công và mặc bất kỳ trang bị chống rét nào, ví dụ @item_12312#@1#r(Nhiệt độ ở cánh đồng băng rất lạnh, hãy chú ý giữ ấm)",Gia công và mặc bất kỳ trang bị chống rét nào
4005003,Đến chân núi tuyết,"Bước vào môi trường chân Núi Tuyết trên Miras#r(Chuẩn bị lên núi! Các hang động có thể hình thành xung quanh những ngọn núi tuyết, hãy cố gắng tìm thấy hang động khi leo núi!)",Bước vào môi trường chân Núi Tuyết trên Miras
4005004,Leo lên đỉnh chính,Bước vào môi trường Đỉnh Chính Núi Tuyết trên Miras#r(Ngắm các ngọn núi nhỏ),Bước vào môi trường Đỉnh Chính Núi Tuyết trên Miras
4005005,Vị khách ngoại lai?,"Đánh bại Ngưu Băng Vương cư trú ở Đỉnh Chính Núi Tuyết#r(Dân làng Cánh Đồng Băng quanh năm bị Ngưu Băng Vương quấy nhiễu, nếu có thể đánh bại nó, dân làng nhất định sẽ rất cảm kích bạn)",Đánh bại Ngưu Băng Vương
4005006,Xua tan rét lạnh,Cho dân làng Cánh Đồng Băng ăn @item_12534# @1#r(Ăn @item_12534# có thể giúp sinh vật hồi phục nhiệt độ cơ thể),Cho dân làng Cánh Đồng Băng nơi hoang dã ăn @item_12534#@1
4005007,Chỉ huy xây dựng,"Chỉ huy dân làng xây nhà#r(Sau khi đặt @item_150005#, lại đặt Bản thiết kế vào @item_150005# và bổ sung đủ các vật liệu cần thiết sẽ có thể chỉ huy Dân Làng Công Nhân hoặc Dã Nhân Công Nhân xây nhà)",Chỉ huy dân làng xây nhà
4005008,Nhiệt huyết sôi sục,"Đặt @item_1389# vào @item_150001# hoặc @item_150000# để cường hóa#r(Mỗi khi dân làng đi ngang qua vật tổ có @item_1389#, sẽ nhiệt huyết sôi sục tăng sự nhiệt tình trong công việc)",Đặt @item_1389# vào @item_150000# để cường hóa
4005009,Leo lên đỉnh phụ,"Bước vào môi trường Đỉnh Phụ Núi Tuyết trên Miras#r(So với những dãy núi khác ở Miras, Núi Tuyết thực sự khá cao)",Bước vào môi trường Đỉnh Phụ Núi Tuyết trên Miras
4005010,Tuyết che chở,"Thu thập @item_764#@1#r(Nếu may mắn sẽ có thể tìm thấy @item_764# trên đỉnh phụ núi tuyết. Là vật liệu phụ để khắc chữ Rune, có thể nhận được hiệu quả loại [Bảo Vệ])",Thu thập @item_764#@1
4005011,Găng Tay Gom Đồ,Gia công @item_11231#@1#r(Có @item_11231# sẽ có thể đắp Cầu Tuyết chơi rồi),Gia công @item_11231#@1
4005012,Đắp người tuyết,Dùng @item_11231# đắp Cầu Tuyết tạo thành một Người Tuyết#r(Khi 2 Cầu Tuyết chồng lên nhau sẽ cò thể đắp ra Người Tuyết),Dùng @item_11231# đắp Cầu Tuyết tạo thành một Người Tuyết
4005013,Ban cho sự sống,"Dùng @item_12710# kích hoạt Người Tuyết#r(@item_12710# nhận được sau khi đánh bại Băng Linh Thủ Vệ vẫn còn chút sinh lực, đặt nó vào Người Tuyết có thể ban cho nó sự sống)",Dùng @item_12710# kích hoạt Người Tuyết
4005014,Chinh Phục Cực Địa,"Hoàn thành tất cả nhiệm vụ trong mục tiêu ""Du Lịch Cực Địa""","Hoàn thành tất cả nhiệm vụ trong mục tiêu ""Du Lịch Cực Địa"""
